version 1
nodes
0 "root" -1
end
skeleton
time 0
0 0 0 0 0 0 0
end
triangles
trans
0  -3.899174 -5.332436 39.050701  0.635580 0.697653 -0.330633  0.203930 0.975180 0
0  -2.837593 -5.851673 39.050697  0.260079 0.917529 -0.300832  0.116690 0.975180 0
0  -4.123100 -5.586869 38.083378  0.635386 0.705623 -0.313655  0.203930 0.929340 0
trans
0  -2.134415 -6.908213 35.184063  0.334989 0.909948 -0.244496  0.024910 0.794060 0
0  -2.063327 -6.679253 36.161575  0.322907 0.913655 -0.246913  0.024910 0.839680 0
0  -1.082610 -7.382729 36.161575  0.417149 0.867693 -0.270361  0.116690 0.839680 0
trans
0  -1.082610 -7.382729 36.161575  0.417149 0.867693 -0.270361  0.116690 0.839680 0
0  -2.063327 -6.679253 36.161575  0.322907 0.913655 -0.246913  0.024910 0.839680 0
0  -0.983679 -6.814620 38.083374  0.389939 0.875557 -0.285215  0.116690 0.929340 0
trans
0  -2.063327 -6.679253 36.161575  0.322907 0.913655 -0.246913  0.024910 0.839680 0
0  -1.938627 -6.221035 38.083382  0.304155 0.913342 -0.270733  0.024910 0.929340 0
0  -0.983679 -6.814620 38.083374  0.389939 0.875557 -0.285215  0.116690 0.929340 0
trans
0  -0.983679 -6.814620 38.083374  0.389939 0.875557 -0.285215  0.116690 0.929340 0
0  -1.938627 -6.221035 38.083382  0.304155 0.913342 -0.270733  0.024910 0.929340 0
0  -0.922662 -6.492056 39.050690  0.368172 0.877748 -0.306607  0.116690 0.975180 0
trans
0  -1.938627 -6.221035 38.083382  0.304155 0.913342 -0.270733  0.024910 0.929340 0
0  -1.851248 -5.959787 39.050697  0.298058 0.914412 -0.273883  0.024910 0.975180 0
0  -0.922662 -6.492056 39.050690  0.368172 0.877748 -0.306607  0.116690 0.975180 0
trans
0  -2.837593 -5.851673 39.050697  0.260079 0.917529 -0.300832  0.116690 0.975180 0
0  -1.851248 -5.959787 39.050697  0.298058 0.914412 -0.273883  0.024910 0.975180 0
0  -1.938627 -6.221035 38.083382  0.304155 0.913342 -0.270733  0.024910 0.929340 0
trans
0  -3.028049 -6.118252 38.083382  0.257814 0.926008 -0.275757  0.116690 0.929340 0
0  -2.837593 -5.851673 39.050697  0.260079 0.917529 -0.300832  0.116690 0.975180 0
0  -1.938627 -6.221035 38.083382  0.304155 0.913342 -0.270733  0.024910 0.929340 0
trans
0  -2.837593 -5.851673 39.050697  0.260079 0.917529 -0.300832  0.116690 0.975180 0
0  -3.028049 -6.118252 38.083382  0.257814 0.926008 -0.275757  0.116690 0.929340 0
0  -4.123100 -5.586869 38.083378  0.635386 0.705623 -0.313655  0.203930 0.929340 0
trans
0  -4.123100 -5.586869 38.083378  0.635386 0.705623 -0.313655  0.203930 0.929340 0
0  -3.028049 -6.118252 38.083382  0.257814 0.926008 -0.275757  0.116690 0.929340 0
0  -4.493053 -5.998880 36.161575  0.636053 0.711861 -0.297812  0.203930 0.839680 0
trans
0  -3.028049 -6.118252 38.083382  0.257814 0.926008 -0.275757  0.116690 0.929340 0
0  -3.336987 -6.587430 36.161575  0.248069 0.929888 -0.271605  0.116690 0.839680 0
0  -4.493053 -5.998880 36.161575  0.636053 0.711861 -0.297812  0.203930 0.839680 0
trans
0  -4.493053 -5.998880 36.161575  0.636053 0.711861 -0.297812  0.203930 0.839680 0
0  -3.336987 -6.587430 36.161575  0.248069 0.929888 -0.271605  0.116690 0.839680 0
0  -4.692100 -6.278197 35.184055  0.632944 0.710548 -0.307414  0.203930 0.794060 0
trans
0  -3.336987 -6.587430 36.161575  0.248069 0.929888 -0.271605  0.116690 0.839680 0
0  -3.488345 -6.822315 35.184063  0.227299 0.937971 -0.261812  0.116690 0.794060 0
0  -4.692100 -6.278197 35.184055  0.632944 0.710548 -0.307414  0.203930 0.794060 0
trans
0  -4.692100 -6.278197 35.184055  0.632944 0.710548 -0.307414  0.203930 0.794060 0
0  -3.488345 -6.822315 35.184063  0.227299 0.937971 -0.261812  0.116690 0.794060 0
0  -4.897070 -6.518414 34.215763  0.638449 0.714972 -0.284953  0.203930 0.748890 0
trans
0  -3.488345 -6.822315 35.184063  0.227299 0.937971 -0.261812  0.116690 0.794060 0
0  -3.634667 -7.051869 34.215767  0.217586 0.943310 -0.250645  0.116690 0.748890 0
0  -4.897070 -6.518414 34.215763  0.638449 0.714972 -0.284953  0.203930 0.748890 0
trans
0  -4.897070 -6.518414 34.215763  0.638449 0.714972 -0.284953  0.203930 0.748890 0
0  -3.634667 -7.051869 34.215767  0.217586 0.943310 -0.250645  0.116690 0.748890 0
0  -5.224964 -6.934275 32.294292  0.640928 0.719829 -0.266566  0.203930 0.659430 0
trans
0  -3.634667 -7.051869 34.215767  0.217586 0.943310 -0.250645  0.116690 0.748890 0
0  -3.912798 -7.499424 32.294296  0.216356 0.945001 -0.245281  0.116690 0.659430 0
0  -5.224964 -6.934275 32.294292  0.640928 0.719829 -0.266566  0.203930 0.659430 0
trans
0  -5.224964 -6.934275 32.294292  0.640928 0.719829 -0.266566  0.203930 0.659430 0
0  -3.912798 -7.499424 32.294296  0.216356 0.945001 -0.245281  0.116690 0.659430 0
0  -5.402979 -7.126803 31.333567  0.643396 0.719459 -0.261575  0.203930 0.614740 0
trans
0  -3.912798 -7.499424 32.294296  0.216356 0.945001 -0.245281  0.116690 0.659430 0
0  -4.046383 -7.718909 31.333574  0.216534 0.945576 -0.242896  0.116690 0.614740 0
0  -5.402979 -7.126803 31.333567  0.643396 0.719459 -0.261575  0.203930 0.614740 0
trans
0  -4.695653 -8.842979 26.191769  0.218834 0.950295 -0.221475  0.116690 0.376890 0
0  -4.573026 -8.622311 27.234074  0.218182 0.948971 -0.227707  0.116690 0.425130 0
0  -2.808564 -8.878822 26.191769  0.372319 0.903194 -0.213588  0.024910 0.376890 0
trans
0  -4.573026 -8.622311 27.234074  0.218182 0.948971 -0.227707  0.116690 0.425130 0
0  -2.739254 -8.663778 27.234074  0.366611 0.903937 -0.220217  0.024910 0.425130 0
0  -2.808564 -8.878822 26.191769  0.372319 0.903194 -0.213588  0.024910 0.376890 0
trans
0  -4.573026 -8.622311 27.234074  0.218182 0.948971 -0.227707  0.116690 0.425130 0
0  -4.177601 -7.938095 30.361645  0.217234 0.947141 -0.236077  0.116690 0.569620 0
0  -2.739254 -8.663778 27.234074  0.366611 0.903937 -0.220217  0.024910 0.425130 0
trans
0  -4.177601 -7.938095 30.361645  0.217234 0.947141 -0.236077  0.116690 0.569620 0
0  -2.517104 -7.996743 30.361641  0.358105 0.905349 -0.228264  0.024910 0.569620 0
0  -2.739254 -8.663778 27.234074  0.366611 0.903937 -0.220217  0.024910 0.425130 0
trans
0  -4.177601 -7.938095 30.361645  0.217234 0.947141 -0.236077  0.116690 0.569620 0
0  -4.046383 -7.718909 31.333574  0.216534 0.945576 -0.242896  0.116690 0.614740 0
0  -2.517104 -7.996743 30.361641  0.358105 0.905349 -0.228264  0.024910 0.569620 0
trans
0  -4.046383 -7.718909 31.333574  0.216534 0.945576 -0.242896  0.116690 0.614740 0
0  -2.443054 -7.782888 31.333574  0.354266 0.905718 -0.232746  0.024910 0.614740 0
0  -2.517104 -7.996743 30.361641  0.358105 0.905349 -0.228264  0.024910 0.569620 0
trans
0  -4.046383 -7.718909 31.333574  0.216534 0.945576 -0.242896  0.116690 0.614740 0
0  -3.912798 -7.499424 32.294296  0.216356 0.945001 -0.245281  0.116690 0.659430 0
0  -2.443054 -7.782888 31.333574  0.354266 0.905718 -0.232746  0.024910 0.614740 0
trans
0  -3.912798 -7.499424 32.294296  0.216356 0.945001 -0.245281  0.116690 0.659430 0
0  -2.367820 -7.568737 32.294296  0.349953 0.906358 -0.236744  0.024910 0.659430 0
0  -2.443054 -7.782888 31.333574  0.354266 0.905718 -0.232746  0.024910 0.614740 0
trans
0  -3.912798 -7.499424 32.294296  0.216356 0.945001 -0.245281  0.116690 0.659430 0
0  -3.634667 -7.051869 34.215767  0.217586 0.943310 -0.250645  0.116690 0.748890 0
0  -2.367820 -7.568737 32.294296  0.349953 0.906358 -0.236744  0.024910 0.659430 0
trans
0  -3.634667 -7.051869 34.215767  0.217586 0.943310 -0.250645  0.116690 0.748890 0
0  -2.211130 -7.132437 34.215767  0.341382 0.908215 -0.242082  0.024910 0.748890 0
0  -2.367820 -7.568737 32.294296  0.349953 0.906358 -0.236744  0.024910 0.659430 0
trans
0  -3.634667 -7.051869 34.215767  0.217586 0.943310 -0.250645  0.116690 0.748890 0
0  -3.488345 -6.822315 35.184063  0.227299 0.937971 -0.261812  0.116690 0.794060 0
0  -2.211130 -7.132437 34.215767  0.341382 0.908215 -0.242082  0.024910 0.748890 0
trans
0  -3.488345 -6.822315 35.184063  0.227299 0.937971 -0.261812  0.116690 0.794060 0
0  -2.134415 -6.908213 35.184063  0.334989 0.909948 -0.244496  0.024910 0.794060 0
0  -2.211130 -7.132437 34.215767  0.341382 0.908215 -0.242082  0.024910 0.748890 0
trans
0  -3.488345 -6.822315 35.184063  0.227299 0.937971 -0.261812  0.116690 0.794060 0
0  -3.336987 -6.587430 36.161575  0.248069 0.929888 -0.271605  0.116690 0.839680 0
0  -2.134415 -6.908213 35.184063  0.334989 0.909948 -0.244496  0.024910 0.794060 0
trans
0  -3.336987 -6.587430 36.161575  0.248069 0.929888 -0.271605  0.116690 0.839680 0
0  -2.063327 -6.679253 36.161575  0.322907 0.913655 -0.246913  0.024910 0.839680 0
0  -2.134415 -6.908213 35.184063  0.334989 0.909948 -0.244496  0.024910 0.794060 0
trans
0  -3.336987 -6.587430 36.161575  0.248069 0.929888 -0.271605  0.116690 0.839680 0
0  -3.028049 -6.118252 38.083382  0.257814 0.926008 -0.275757  0.116690 0.929340 0
0  -2.063327 -6.679253 36.161575  0.322907 0.913655 -0.246913  0.024910 0.839680 0
trans
0  -3.028049 -6.118252 38.083382  0.257814 0.926008 -0.275757  0.116690 0.929340 0
0  -1.938627 -6.221035 38.083382  0.304155 0.913342 -0.270733  0.024910 0.929340 0
0  -2.063327 -6.679253 36.161575  0.322907 0.913655 -0.246913  0.024910 0.839680 0
trans
0  -5.402979 -7.126803 31.333567  0.643396 0.719459 -0.261575  0.203930 0.614740 0
0  -4.046383 -7.718909 31.333574  0.216534 0.945576 -0.242896  0.116690 0.614740 0
0  -5.578032 -7.319035 30.361643  0.647867 0.717849 -0.254876  0.203930 0.569620 0
trans
0  -4.046383 -7.718909 31.333574  0.216534 0.945576 -0.242896  0.116690 0.614740 0
0  -4.177601 -7.938095 30.361645  0.217234 0.947141 -0.236077  0.116690 0.569620 0
0  -5.578032 -7.319035 30.361643  0.647867 0.717849 -0.254876  0.203930 0.569620 0
trans
0  -5.578032 -7.319035 30.361643  0.647867 0.717849 -0.254876  0.203930 0.569620 0
0  -4.177601 -7.938095 30.361645  0.217234 0.947141 -0.236077  0.116690 0.569620 0
0  -6.105564 -7.918837 27.234070  0.657422 0.712986 -0.243818  0.203930 0.425130 0
trans
0  -4.177601 -7.938095 30.361645  0.217234 0.947141 -0.236077  0.116690 0.569620 0
0  -4.573026 -8.622311 27.234074  0.218182 0.948971 -0.227707  0.116690 0.425130 0
0  -6.105564 -7.918837 27.234070  0.657422 0.712986 -0.243818  0.203930 0.425130 0
trans
0  -6.105564 -7.918837 27.234070  0.657422 0.712986 -0.243818  0.203930 0.425130 0
0  -4.573026 -8.622311 27.234074  0.218182 0.948971 -0.227707  0.116690 0.425130 0
0  -6.269067 -8.112848 26.191765  0.664464 0.710112 -0.232871  0.203930 0.376890 0
trans
0  -4.573026 -8.622311 27.234074  0.218182 0.948971 -0.227707  0.116690 0.425130 0
0  -4.695653 -8.842979 26.191769  0.218834 0.950295 -0.221475  0.116690 0.376890 0
0  -6.269067 -8.112848 26.191765  0.664464 0.710112 -0.232871  0.203930 0.376890 0
trans
0  -6.269067 -8.112848 26.191765  0.664464 0.710112 -0.232871  0.203930 0.376890 0
0  -4.695653 -8.842979 26.191769  0.218834 0.950295 -0.221475  0.116690 0.376890 0
0  -6.463076 -8.346846 24.906075  0.672312 0.706053 -0.222453  0.203930 0.317950 0
trans
0  -6.463076 -8.346846 24.906075  0.672312 0.706053 -0.222453  0.203930 0.317950 0
0  -4.840791 -9.110151 24.906075  0.220300 0.951497 -0.214760  0.116690 0.317950 0
0  -6.112525 -9.447519 21.049980  0.429251 0.883843 -0.185916  0.159960 0.143530 0
trans
0  -4.695653 -8.842979 26.191769  0.218834 0.950295 -0.221475  0.116690 0.376890 0
0  -4.840791 -9.110151 24.906075  0.220300 0.951497 -0.214760  0.116690 0.317950 0
0  -6.463076 -8.346846 24.906075  0.672312 0.706053 -0.222453  0.203930 0.317950 0
trans
0  -4.840791 -9.110151 24.906075  0.220300 0.951497 -0.214760  0.116690 0.317950 0
0  -4.695653 -8.842979 26.191769  0.218834 0.950295 -0.221475  0.116690 0.376890 0
0  -2.890019 -9.139177 24.906075  0.378950 0.902196 -0.206010  0.024910 0.317950 0
trans
0  -4.695653 -8.842979 26.191769  0.218834 0.950295 -0.221475  0.116690 0.376890 0
0  -2.808564 -8.878822 26.191769  0.372319 0.903194 -0.213588  0.024910 0.376890 0
0  -2.890019 -9.139177 24.906075  0.378950 0.902196 -0.206010  0.024910 0.317950 0
trans
0  -2.890019 -9.139177 24.906075  0.378950 0.902196 -0.206010  0.024910 0.317950 0
0  -2.808564 -8.878822 26.191769  0.372319 0.903194 -0.213588  0.024910 0.376890 0
0  -1.517725 -10.116932 26.191769  0.493228 0.839188 -0.229107  0.116690 0.376890 0
trans
0  -1.517725 -10.116932 26.191769  0.493228 0.839188 -0.229107  0.116690 0.376890 0
0  -2.808564 -8.878822 26.191769  0.372319 0.903194 -0.213588  0.024910 0.376890 0
0  -1.478035 -9.848875 27.234074  0.486834 0.841207 -0.235293  0.116690 0.425130 0
trans
0  -2.808564 -8.878822 26.191769  0.372319 0.903194 -0.213588  0.024910 0.376890 0
0  -2.739254 -8.663778 27.234074  0.366611 0.903937 -0.220217  0.024910 0.425130 0
0  -1.478035 -9.848875 27.234074  0.486834 0.841207 -0.235293  0.116690 0.425130 0
trans
0  -1.478035 -9.848875 27.234074  0.486834 0.841207 -0.235293  0.116690 0.425130 0
0  -2.739254 -8.663778 27.234074  0.366611 0.903937 -0.220217  0.024910 0.425130 0
0  -1.351854 -9.019224 30.361643  0.471827 0.847231 -0.244089  0.116690 0.569620 0
trans
0  -2.739254 -8.663778 27.234074  0.366611 0.903937 -0.220217  0.024910 0.425130 0
0  -2.517104 -7.996743 30.361641  0.358105 0.905349 -0.228264  0.024910 0.569620 0
0  -1.351854 -9.019224 30.361643  0.471827 0.847231 -0.244089  0.116690 0.569620 0
trans
0  -1.351854 -9.019224 30.361643  0.471827 0.847231 -0.244089  0.116690 0.569620 0
0  -2.517104 -7.996743 30.361641  0.358105 0.905349 -0.228264  0.024910 0.569620 0
0  -1.309794 -8.753534 31.333569  0.460923 0.851068 -0.251461  0.116690 0.614740 0
trans
0  -2.517104 -7.996743 30.361641  0.358105 0.905349 -0.228264  0.024910 0.569620 0
0  -2.443054 -7.782888 31.333574  0.354266 0.905718 -0.232746  0.024910 0.614740 0
0  -1.309794 -8.753534 31.333569  0.460923 0.851068 -0.251461  0.116690 0.614740 0
trans
0  -1.309794 -8.753534 31.333569  0.460923 0.851068 -0.251461  0.116690 0.614740 0
0  -2.443054 -7.782888 31.333574  0.354266 0.905718 -0.232746  0.024910 0.614740 0
0  -1.267141 -8.487547 32.294296  0.453695 0.853190 -0.257349  0.116690 0.659430 0
trans
0  -2.443054 -7.782888 31.333574  0.354266 0.905718 -0.232746  0.024910 0.614740 0
0  -2.367820 -7.568737 32.294296  0.349953 0.906358 -0.236744  0.024910 0.659430 0
0  -1.267141 -8.487547 32.294296  0.453695 0.853190 -0.257349  0.116690 0.659430 0
trans
0  -1.267141 -8.487547 32.294296  0.453695 0.853190 -0.257349  0.116690 0.659430 0
0  -2.367820 -7.568737 32.294296  0.349953 0.906358 -0.236744  0.024910 0.659430 0
0  -1.177986 -7.945506 34.215767  0.441204 0.858477 -0.261450  0.116690 0.748890 0
trans
0  -2.367820 -7.568737 32.294296  0.349953 0.906358 -0.236744  0.024910 0.659430 0
0  -2.211130 -7.132437 34.215767  0.341382 0.908215 -0.242082  0.024910 0.748890 0
0  -1.177986 -7.945506 34.215767  0.441204 0.858477 -0.261450  0.116690 0.748890 0
trans
0  -1.177986 -7.945506 34.215767  0.441204 0.858477 -0.261450  0.116690 0.748890 0
0  -2.211130 -7.132437 34.215767  0.341382 0.908215 -0.242082  0.024910 0.748890 0
0  -1.131186 -7.667373 35.184063  0.429093 0.863009 -0.266636  0.116690 0.794060 0
trans
0  -2.211130 -7.132437 34.215767  0.341382 0.908215 -0.242082  0.024910 0.748890 0
0  -2.134415 -6.908213 35.184063  0.334989 0.909948 -0.244496  0.024910 0.794060 0
0  -1.131186 -7.667373 35.184063  0.429093 0.863009 -0.266636  0.116690 0.794060 0
trans
0  -1.131186 -7.667373 35.184063  0.429093 0.863009 -0.266636  0.116690 0.794060 0
0  -2.134415 -6.908213 35.184063  0.334989 0.909948 -0.244496  0.024910 0.794060 0
0  -1.082610 -7.382729 36.161575  0.417149 0.867693 -0.270361  0.116690 0.839680 0
trans
0  -4.840791 -9.110151 24.906075  0.220300 0.951497 -0.214760  0.116690 0.317950 0
0  -5.235626 -9.876715 21.049976  0.224373 0.961174 -0.160628  0.116690 0.143530 0
0  -6.112525 -9.447519 21.049980  0.429251 0.883843 -0.185916  0.159960 0.143530 0
trans
0  -5.235626 -9.876715 21.049976  0.224373 0.961174 -0.160628  0.116690 0.143530 0
0  -4.840791 -9.110151 24.906075  0.220300 0.951497 -0.214760  0.116690 0.317950 0
0  -4.173306 -9.881307 21.049976  0.006332 0.986423 -0.164100  0.070400 0.143530 0
trans
0  -4.840791 -9.110151 24.906075  0.220300 0.951497 -0.214760  0.116690 0.317950 0
0  -2.890019 -9.139177 24.906075  0.378950 0.902196 -0.206010  0.024910 0.317950 0
0  -4.173306 -9.881307 21.049976  0.006332 0.986423 -0.164100  0.070400 0.143530 0
trans
0  -1.517725 -10.116932 26.191769  0.493228 0.839188 -0.229107  0.116690 0.376890 0
0  -0.000003 -10.570711 26.191769  0.000001 0.965697 -0.259672  0.203930 0.376890 0
0  -0.000003 -10.914007 24.906075  0.000001 0.967987 -0.251000  0.203930 0.317950 0
trans
0  -1.517725 -10.116932 26.191769  0.493228 0.839188 -0.229107  0.116690 0.376890 0
0  -1.478035 -9.848875 27.234074  0.486834 0.841207 -0.235293  0.116690 0.425130 0
0  -0.000003 -10.570711 26.191769  0.000001 0.965697 -0.259672  0.203930 0.376890 0
trans
0  -1.478035 -9.848875 27.234074  0.486834 0.841207 -0.235293  0.116690 0.425130 0
0  -0.000003 -10.286661 27.234074  0.000001 0.963782 -0.266690  0.203930 0.425130 0
0  -0.000003 -10.570711 26.191769  0.000001 0.965697 -0.259672  0.203930 0.376890 0
trans
0  -1.478035 -9.848875 27.234074  0.486834 0.841207 -0.235293  0.116690 0.425130 0
0  -1.351854 -9.019224 30.361643  0.471827 0.847231 -0.244089  0.116690 0.569620 0
0  -0.000003 -10.286661 27.234074  0.000001 0.963782 -0.266690  0.203930 0.425130 0
trans
0  -1.351854 -9.019224 30.361643  0.471827 0.847231 -0.244089  0.116690 0.569620 0
0  -0.000002 -9.407541 30.361637  0.000000 0.961617 -0.274396  0.203930 0.569620 0
0  -0.000003 -10.286661 27.234074  0.000001 0.963782 -0.266690  0.203930 0.425130 0
trans
0  -1.351854 -9.019224 30.361643  0.471827 0.847231 -0.244089  0.116690 0.569620 0
0  -1.309794 -8.753534 31.333569  0.460923 0.851068 -0.251461  0.116690 0.614740 0
0  -0.000002 -9.407541 30.361637  0.000000 0.961617 -0.274396  0.203930 0.569620 0
trans
0  -1.309794 -8.753534 31.333569  0.460923 0.851068 -0.251461  0.116690 0.614740 0
0  -0.000002 -9.126155 31.333565  0.000000 0.960292 -0.278996  0.203930 0.614740 0
0  -0.000002 -9.407541 30.361637  0.000000 0.961617 -0.274396  0.203930 0.569620 0
trans
0  -1.309794 -8.753534 31.333569  0.460923 0.851068 -0.251461  0.116690 0.614740 0
0  -1.267141 -8.487547 32.294296  0.453695 0.853190 -0.257349  0.116690 0.659430 0
0  -0.000002 -9.126155 31.333565  0.000000 0.960292 -0.278996  0.203930 0.614740 0
trans
0  -1.267141 -8.487547 32.294296  0.453695 0.853190 -0.257349  0.116690 0.659430 0
0  -0.000002 -8.844471 32.294292  0.000001 0.959000 -0.283407  0.203930 0.659430 0
0  -0.000002 -9.126155 31.333565  0.000000 0.960292 -0.278996  0.203930 0.614740 0
trans
0  -1.267141 -8.487547 32.294296  0.453695 0.853190 -0.257349  0.116690 0.659430 0
0  -1.177986 -7.945506 34.215767  0.441204 0.858477 -0.261450  0.116690 0.748890 0
0  -0.000002 -8.844471 32.294292  0.000001 0.959000 -0.283407  0.203930 0.659430 0
trans
0  -1.177986 -7.945506 34.215767  0.441204 0.858477 -0.261450  0.116690 0.748890 0
0  -0.000001 -8.270142 34.215763  0.000000 0.957426 -0.288678  0.203930 0.748890 0
0  -0.000002 -8.844471 32.294292  0.000001 0.959000 -0.283407  0.203930 0.659430 0
trans
0  -1.177986 -7.945506 34.215767  0.441204 0.858477 -0.261450  0.116690 0.748890 0
0  -1.131186 -7.667373 35.184063  0.429093 0.863009 -0.266636  0.116690 0.794060 0
0  -0.000001 -8.270142 34.215763  0.000000 0.957426 -0.288678  0.203930 0.748890 0
trans
0  -1.131186 -7.667373 35.184063  0.429093 0.863009 -0.266636  0.116690 0.794060 0
0  -0.000001 -7.975125 35.184055  -0.000000 0.956350 -0.292223  0.203930 0.794060 0
0  -0.000001 -8.270142 34.215763  0.000000 0.957426 -0.288678  0.203930 0.748890 0
trans
0  -1.131186 -7.667373 35.184063  0.429093 0.863009 -0.266636  0.116690 0.794060 0
0  -1.082610 -7.382729 36.161575  0.417149 0.867693 -0.270361  0.116690 0.839680 0
0  -0.000001 -7.975125 35.184055  -0.000000 0.956350 -0.292223  0.203930 0.794060 0
trans
0  -1.082610 -7.382729 36.161575  0.417149 0.867693 -0.270361  0.116690 0.839680 0
0  -0.000001 -7.673892 36.161572  0.000001 0.955159 -0.296092  0.203930 0.839680 0
0  -0.000001 -7.975125 35.184055  -0.000000 0.956350 -0.292223  0.203930 0.794060 0
trans
0  -1.082610 -7.382729 36.161575  0.417149 0.867693 -0.270361  0.116690 0.839680 0
0  -0.983679 -6.814620 38.083374  0.389939 0.875557 -0.285215  0.116690 0.929340 0
0  -0.000001 -7.673892 36.161572  0.000001 0.955159 -0.296092  0.203930 0.839680 0
trans
0  -0.983679 -6.814620 38.083374  0.389939 0.875557 -0.285215  0.116690 0.929340 0
0  -0.000001 -7.072016 38.083370  -0.000000 0.947176 -0.320714  0.203930 0.929340 0
0  -0.000001 -7.673892 36.161572  0.000001 0.955159 -0.296092  0.203930 0.839680 0
trans
0  -0.983679 -6.814620 38.083374  0.389939 0.875557 -0.285215  0.116690 0.929340 0
0  -0.922662 -6.492056 39.050690  0.368172 0.877748 -0.306607  0.116690 0.975180 0
0  -0.000001 -7.072016 38.083370  -0.000000 0.947176 -0.320714  0.203930 0.929340 0
trans
0  1.131186 -7.667374 35.184055  -0.429105 0.863016 -0.266594  0.116690 0.794060 0
0  1.177985 -7.945506 34.215763  -0.441164 0.858492 -0.261468  0.116690 0.748890 0
0  -0.000001 -8.270142 34.215763  0.000000 0.957426 -0.288678  0.203930 0.748890 0
trans
0  -0.000001 -7.975125 35.184055  -0.000000 0.956350 -0.292223  0.203930 0.794060 0
0  1.131186 -7.667374 35.184055  -0.429105 0.863016 -0.266594  0.116690 0.794060 0
0  -0.000001 -8.270142 34.215763  0.000000 0.957426 -0.288678  0.203930 0.748890 0
trans
0  1.082609 -7.382729 36.161572  -0.417231 0.867732 -0.270109  0.116690 0.839680 0
0  1.131186 -7.667374 35.184055  -0.429105 0.863016 -0.266594  0.116690 0.794060 0
0  -0.000001 -7.975125 35.184055  -0.000000 0.956350 -0.292223  0.203930 0.794060 0
trans
0  -0.000001 -7.673892 36.161572  0.000001 0.955159 -0.296092  0.203930 0.839680 0
0  1.082609 -7.382729 36.161572  -0.417231 0.867732 -0.270109  0.116690 0.839680 0
0  -0.000001 -7.975125 35.184055  -0.000000 0.956350 -0.292223  0.203930 0.794060 0
trans
0  0.983679 -6.814620 38.083370  -0.389906 0.875562 -0.285245  0.116690 0.929340 0
0  1.082609 -7.382729 36.161572  -0.417231 0.867732 -0.270109  0.116690 0.839680 0
0  -0.000001 -7.673892 36.161572  0.000001 0.955159 -0.296092  0.203930 0.839680 0
trans
0  -0.000001 -7.072016 38.083370  -0.000000 0.947176 -0.320714  0.203930 0.929340 0
0  0.983679 -6.814620 38.083370  -0.389906 0.875562 -0.285245  0.116690 0.929340 0
0  -0.000001 -7.673892 36.161572  0.000001 0.955159 -0.296092  0.203930 0.839680 0
trans
0  2.063328 -6.679255 36.161575  -0.323972 0.913256 -0.246994  0.024910 0.839680 0
0  1.082609 -7.382729 36.161572  -0.417231 0.867732 -0.270109  0.116690 0.839680 0
0  0.983679 -6.814620 38.083370  -0.389906 0.875562 -0.285245  0.116690 0.929340 0
trans
0  2.063328 -6.679255 36.161575  -0.323972 0.913256 -0.246994  0.024910 0.839680 0
0  2.134416 -6.908215 35.184063  -0.334963 0.909944 -0.244543  0.024910 0.794060 0
0  1.082609 -7.382729 36.161572  -0.417231 0.867732 -0.270109  0.116690 0.839680 0
trans
0  2.134416 -6.908215 35.184063  -0.334963 0.909944 -0.244543  0.024910 0.794060 0
0  1.131186 -7.667374 35.184055  -0.429105 0.863016 -0.266594  0.116690 0.794060 0
0  1.082609 -7.382729 36.161572  -0.417231 0.867732 -0.270109  0.116690 0.839680 0
trans
0  2.134416 -6.908215 35.184063  -0.334963 0.909944 -0.244543  0.024910 0.794060 0
0  2.211131 -7.132439 34.215771  -0.341448 0.908243 -0.241882  0.024910 0.748890 0
0  1.131186 -7.667374 35.184055  -0.429105 0.863016 -0.266594  0.116690 0.794060 0
trans
0  2.211131 -7.132439 34.215771  -0.341448 0.908243 -0.241882  0.024910 0.748890 0
0  1.177985 -7.945506 34.215763  -0.441164 0.858492 -0.261468  0.116690 0.748890 0
0  1.131186 -7.667374 35.184055  -0.429105 0.863016 -0.266594  0.116690 0.794060 0
trans
0  2.211131 -7.132439 34.215771  -0.341448 0.908243 -0.241882  0.024910 0.748890 0
0  2.367821 -7.568738 32.294300  -0.348921 0.906570 -0.237454  0.024910 0.659430 0
0  1.177985 -7.945506 34.215763  -0.441164 0.858492 -0.261468  0.116690 0.748890 0
trans
0  2.367821 -7.568738 32.294300  -0.348921 0.906570 -0.237454  0.024910 0.659430 0
0  1.267141 -8.487549 32.294292  -0.453695 0.853190 -0.257349  0.116690 0.659430 0
0  1.177985 -7.945506 34.215763  -0.441164 0.858492 -0.261468  0.116690 0.748890 0
trans
0  2.367821 -7.568738 32.294300  -0.348921 0.906570 -0.237454  0.024910 0.659430 0
0  2.443055 -7.782891 31.333578  -0.354251 0.905683 -0.232903  0.024910 0.614740 0
0  1.267141 -8.487549 32.294292  -0.453695 0.853190 -0.257349  0.116690 0.659430 0
trans
0  2.443055 -7.782891 31.333578  -0.354251 0.905683 -0.232903  0.024910 0.614740 0
0  1.309793 -8.753536 31.333565  -0.460730 0.850808 -0.252694  0.116690 0.614740 0
0  1.267141 -8.487549 32.294292  -0.453695 0.853190 -0.257349  0.116690 0.659430 0
trans
0  2.443055 -7.782891 31.333578  -0.354251 0.905683 -0.232903  0.024910 0.614740 0
0  2.517105 -7.996745 30.361645  -0.358105 0.905349 -0.228263  0.024910 0.569620 0
0  1.309793 -8.753536 31.333565  -0.460730 0.850808 -0.252694  0.116690 0.614740 0
trans
0  2.517105 -7.996745 30.361645  -0.358105 0.905349 -0.228263  0.024910 0.569620 0
0  1.351854 -9.019226 30.361637  -0.471942 0.847178 -0.244051  0.116690 0.569620 0
0  1.309793 -8.753536 31.333565  -0.460730 0.850808 -0.252694  0.116690 0.614740 0
trans
0  2.517105 -7.996745 30.361645  -0.358105 0.905349 -0.228263  0.024910 0.569620 0
0  2.739255 -8.663780 27.234077  -0.368194 0.903425 -0.219673  0.024910 0.425130 0
0  1.351854 -9.019226 30.361637  -0.471942 0.847178 -0.244051  0.116690 0.569620 0
trans
0  2.739255 -8.663780 27.234077  -0.368194 0.903425 -0.219673  0.024910 0.425130 0
0  1.478034 -9.848878 27.234074  -0.486840 0.841215 -0.235251  0.116690 0.425130 0
0  1.351854 -9.019226 30.361637  -0.471942 0.847178 -0.244051  0.116690 0.569620 0
trans
0  2.739255 -8.663780 27.234077  -0.368194 0.903425 -0.219673  0.024910 0.425130 0
0  2.808566 -8.878824 26.191772  -0.372321 0.903205 -0.213534  0.024910 0.376890 0
0  1.478034 -9.848878 27.234074  -0.486840 0.841215 -0.235251  0.116690 0.425130 0
trans
0  2.808566 -8.878824 26.191772  -0.372321 0.903205 -0.213534  0.024910 0.376890 0
0  1.517725 -10.116934 26.191769  -0.493219 0.839182 -0.229148  0.116690 0.376890 0
0  1.478034 -9.848878 27.234074  -0.486840 0.841215 -0.235251  0.116690 0.425130 0
trans
0  2.808566 -8.878824 26.191772  -0.372321 0.903205 -0.213534  0.024910 0.376890 0
0  2.890020 -9.139177 24.906078  -0.378852 0.902231 -0.206038  0.024910 0.317950 0
0  1.517725 -10.116934 26.191769  -0.493219 0.839182 -0.229148  0.116690 0.376890 0
trans
0  2.890020 -9.139177 24.906078  -0.378852 0.902231 -0.206038  0.024910 0.317950 0
0  1.563932 -10.441273 24.906076  -0.504039 0.835042 -0.220568  0.116690 0.317950 0
0  1.517725 -10.116934 26.191769  -0.493219 0.839182 -0.229148  0.116690 0.376890 0
trans
0  2.063328 -6.679255 36.161575  -0.323972 0.913256 -0.246994  0.024910 0.839680 0
0  3.336988 -6.587431 36.161575  -0.248128 0.929892 -0.271539  0.116690 0.839680 0
0  2.134416 -6.908215 35.184063  -0.334963 0.909944 -0.244543  0.024910 0.794060 0
trans
0  3.336988 -6.587431 36.161575  -0.248128 0.929892 -0.271539  0.116690 0.839680 0
0  3.488345 -6.822317 35.184063  -0.227178 0.937963 -0.261945  0.116690 0.794060 0
0  2.134416 -6.908215 35.184063  -0.334963 0.909944 -0.244543  0.024910 0.794060 0
trans
0  2.134416 -6.908215 35.184063  -0.334963 0.909944 -0.244543  0.024910 0.794060 0
0  3.488345 -6.822317 35.184063  -0.227178 0.937963 -0.261945  0.116690 0.794060 0
0  2.211131 -7.132439 34.215771  -0.341448 0.908243 -0.241882  0.024910 0.748890 0
trans
0  3.488345 -6.822317 35.184063  -0.227178 0.937963 -0.261945  0.116690 0.794060 0
0  3.634667 -7.051873 34.215771  -0.217901 0.942988 -0.251582  0.116690 0.748890 0
0  2.211131 -7.132439 34.215771  -0.341448 0.908243 -0.241882  0.024910 0.748890 0
trans
0  2.211131 -7.132439 34.215771  -0.341448 0.908243 -0.241882  0.024910 0.748890 0
0  3.634667 -7.051873 34.215771  -0.217901 0.942988 -0.251582  0.116690 0.748890 0
0  2.367821 -7.568738 32.294300  -0.348921 0.906570 -0.237454  0.024910 0.659430 0
trans
0  3.634667 -7.051873 34.215771  -0.217901 0.942988 -0.251582  0.116690 0.748890 0
0  3.912799 -7.499426 32.294300  -0.216356 0.944923 -0.245582  0.116690 0.659430 0
0  2.367821 -7.568738 32.294300  -0.348921 0.906570 -0.237454  0.024910 0.659430 0
trans
0  2.367821 -7.568738 32.294300  -0.348921 0.906570 -0.237454  0.024910 0.659430 0
0  3.912799 -7.499426 32.294300  -0.216356 0.944923 -0.245582  0.116690 0.659430 0
0  2.443055 -7.782891 31.333578  -0.354251 0.905683 -0.232903  0.024910 0.614740 0
trans
0  3.912799 -7.499426 32.294300  -0.216356 0.944923 -0.245582  0.116690 0.659430 0
0  4.046384 -7.718911 31.333578  -0.216566 0.945966 -0.241344  0.116690 0.614740 0
0  2.443055 -7.782891 31.333578  -0.354251 0.905683 -0.232903  0.024910 0.614740 0
trans
0  2.443055 -7.782891 31.333578  -0.354251 0.905683 -0.232903  0.024910 0.614740 0
0  4.046384 -7.718911 31.333578  -0.216566 0.945966 -0.241344  0.116690 0.614740 0
0  2.517105 -7.996745 30.361645  -0.358105 0.905349 -0.228263  0.024910 0.569620 0
trans
0  4.046384 -7.718911 31.333578  -0.216566 0.945966 -0.241344  0.116690 0.614740 0
0  4.177601 -7.938097 30.361645  -0.217191 0.947390 -0.235119  0.116690 0.569620 0
0  2.517105 -7.996745 30.361645  -0.358105 0.905349 -0.228263  0.024910 0.569620 0
trans
0  2.517105 -7.996745 30.361645  -0.358105 0.905349 -0.228263  0.024910 0.569620 0
0  4.177601 -7.938097 30.361645  -0.217191 0.947390 -0.235119  0.116690 0.569620 0
0  2.739255 -8.663780 27.234077  -0.368194 0.903425 -0.219673  0.024910 0.425130 0
trans
0  4.177601 -7.938097 30.361645  -0.217191 0.947390 -0.235119  0.116690 0.569620 0
0  4.573027 -8.622313 27.234077  -0.218152 0.949070 -0.227325  0.116690 0.425130 0
0  2.739255 -8.663780 27.234077  -0.368194 0.903425 -0.219673  0.024910 0.425130 0
trans
0  2.739255 -8.663780 27.234077  -0.368194 0.903425 -0.219673  0.024910 0.425130 0
0  4.573027 -8.622313 27.234077  -0.218152 0.949070 -0.227325  0.116690 0.425130 0
0  2.808566 -8.878824 26.191772  -0.372321 0.903205 -0.213534  0.024910 0.376890 0
trans
0  4.573027 -8.622313 27.234077  -0.218152 0.949070 -0.227325  0.116690 0.425130 0
0  4.695653 -8.842981 26.191772  -0.218837 0.950274 -0.221561  0.116690 0.376890 0
0  2.808566 -8.878824 26.191772  -0.372321 0.903205 -0.213534  0.024910 0.376890 0
trans
0  2.808566 -8.878824 26.191772  -0.372321 0.903205 -0.213534  0.024910 0.376890 0
0  4.695653 -8.842981 26.191772  -0.218837 0.950274 -0.221561  0.116690 0.376890 0
0  2.890020 -9.139177 24.906078  -0.378852 0.902231 -0.206038  0.024910 0.317950 0
trans
0  4.695653 -8.842981 26.191772  -0.218837 0.950274 -0.221561  0.116690 0.376890 0
0  4.840791 -9.110153 24.906078  -0.220377 0.951588 -0.214277  0.116690 0.317950 0
0  2.890020 -9.139177 24.906078  -0.378852 0.902231 -0.206038  0.024910 0.317950 0
trans
0  2.890020 -9.139177 24.906078  -0.378852 0.902231 -0.206038  0.024910 0.317950 0
0  4.840791 -9.110153 24.906078  -0.220377 0.951588 -0.214277  0.116690 0.317950 0
0  4.173306 -9.881307 21.049980  -0.006332 0.986423 -0.164100  0.070400 0.143530 0
trans
0  4.840791 -9.110153 24.906078  -0.220377 0.951588 -0.214277  0.116690 0.317950 0
0  5.235625 -9.876715 21.049980  -0.224373 0.961174 -0.160627  0.116690 0.143530 0
0  4.173306 -9.881307 21.049980  -0.006332 0.986423 -0.164100  0.070400 0.143530 0
trans
0  4.177601 -7.938097 30.361645  -0.217191 0.947390 -0.235119  0.116690 0.569620 0
0  5.578033 -7.319036 30.361647  -0.648129 0.717865 -0.254162  0.203930 0.569620 0
0  6.105565 -7.918838 27.234074  -0.657395 0.713000 -0.243850  0.203930 0.425130 0
trans
0  4.573027 -8.622313 27.234077  -0.218152 0.949070 -0.227325  0.116690 0.425130 0
0  4.177601 -7.938097 30.361645  -0.217191 0.947390 -0.235119  0.116690 0.569620 0
0  6.105565 -7.918838 27.234074  -0.657395 0.713000 -0.243850  0.203930 0.425130 0
trans
0  4.573027 -8.622313 27.234077  -0.218152 0.949070 -0.227325  0.116690 0.425130 0
0  6.105565 -7.918838 27.234074  -0.657395 0.713000 -0.243850  0.203930 0.425130 0
0  6.269068 -8.112848 26.191772  -0.664101 0.710025 -0.234168  0.203930 0.376890 0
trans
0  4.695653 -8.842981 26.191772  -0.218837 0.950274 -0.221561  0.116690 0.376890 0
0  4.573027 -8.622313 27.234077  -0.218152 0.949070 -0.227325  0.116690 0.425130 0
0  6.269068 -8.112848 26.191772  -0.664101 0.710025 -0.234168  0.203930 0.376890 0
trans
0  4.695653 -8.842981 26.191772  -0.218837 0.950274 -0.221561  0.116690 0.376890 0
0  6.269068 -8.112848 26.191772  -0.664101 0.710025 -0.234168  0.203930 0.376890 0
0  6.463077 -8.346846 24.906082  -0.672239 0.706111 -0.222489  0.203930 0.317950 0
trans
0  4.840791 -9.110153 24.906078  -0.220377 0.951588 -0.214277  0.116690 0.317950 0
0  4.695653 -8.842981 26.191772  -0.218837 0.950274 -0.221561  0.116690 0.376890 0
0  6.463077 -8.346846 24.906082  -0.672239 0.706111 -0.222489  0.203930 0.317950 0
trans
0  4.840791 -9.110153 24.906078  -0.220377 0.951588 -0.214277  0.116690 0.317950 0
0  6.463077 -8.346846 24.906082  -0.672239 0.706111 -0.222489  0.203930 0.317950 0
0  6.112527 -9.447521 21.049988  -0.429252 0.883843 -0.185916  0.159960 0.143530 0
trans
0  5.235625 -9.876715 21.049980  -0.224373 0.961174 -0.160627  0.116690 0.143530 0
0  4.840791 -9.110153 24.906078  -0.220377 0.951588 -0.214277  0.116690 0.317950 0
0  6.112527 -9.447521 21.049988  -0.429252 0.883843 -0.185916  0.159960 0.143530 0
trans
0  5.235625 -9.876715 21.049980  -0.224373 0.961174 -0.160627  0.116690 0.143530 0
0  6.112527 -9.447521 21.049988  -0.429252 0.883843 -0.185916  0.159960 0.143530 0
0  6.329701 -9.711872 18.737019  -0.435129 0.889025 -0.142464  0.159960 0.028650 0
trans
0  5.421644 -10.156319 18.737011  -0.225310 0.964921 -0.134767  0.116690 0.028650 0
0  5.235625 -9.876715 21.049980  -0.224373 0.961174 -0.160627  0.116690 0.143530 0
0  6.329701 -9.711872 18.737019  -0.435129 0.889025 -0.142464  0.159960 0.028650 0
trans
0  5.235625 -9.876715 21.049980  -0.224373 0.961174 -0.160627  0.116690 0.143530 0
0  5.421644 -10.156319 18.737011  -0.225310 0.964921 -0.134767  0.116690 0.028650 0
0  4.321582 -10.161066 18.737011  -0.004289 0.992722 -0.120349  0.070400 0.028650 0
trans
0  4.173306 -9.881307 21.049980  -0.006332 0.986423 -0.164100  0.070400 0.143530 0
0  5.235625 -9.876715 21.049980  -0.224373 0.961174 -0.160627  0.116690 0.143530 0
0  4.321582 -10.161066 18.737011  -0.004289 0.992722 -0.120349  0.070400 0.028650 0
trans
0  3.110986 -9.885896 21.049980  -0.390695 0.907944 -0.151641  0.024320 0.143530 0
0  4.173306 -9.881307 21.049980  -0.006332 0.986423 -0.164100  0.070400 0.143530 0
0  4.321582 -10.161066 18.737011  -0.004289 0.992722 -0.120349  0.070400 0.028650 0
trans
0  3.110986 -9.885896 21.049980  -0.390695 0.907944 -0.151641  0.024320 0.143530 0
0  2.890020 -9.139177 24.906078  -0.378852 0.902231 -0.206038  0.024910 0.317950 0
0  4.173306 -9.881307 21.049980  -0.006332 0.986423 -0.164100  0.070400 0.143530 0
trans
0  2.890020 -9.139177 24.906078  -0.378852 0.902231 -0.206038  0.024910 0.317950 0
0  3.110986 -9.885896 21.049980  -0.390695 0.907944 -0.151641  0.024320 0.143530 0
0  2.400551 -10.628910 21.049980  -0.709663 0.687125 -0.155685  0.070400 0.143530 0
trans
0  1.563932 -10.441273 24.906076  -0.504039 0.835042 -0.220568  0.116690 0.317950 0
0  2.890020 -9.139177 24.906078  -0.378852 0.902231 -0.206038  0.024910 0.317950 0
0  2.400551 -10.628910 21.049980  -0.709663 0.687125 -0.155685  0.070400 0.143530 0
trans
0  1.690112 -11.371929 21.049984  -0.520994 0.838005 -0.162214  0.116690 0.143530 0
0  1.563932 -10.441273 24.906076  -0.504039 0.835042 -0.220568  0.116690 0.317950 0
0  2.400551 -10.628910 21.049980  -0.709663 0.687125 -0.155685  0.070400 0.143530 0
trans
0  1.563932 -10.441273 24.906076  -0.504039 0.835042 -0.220568  0.116690 0.317950 0
0  1.690112 -11.371929 21.049984  -0.520994 0.838005 -0.162214  0.116690 0.143530 0
0  0.845054 -11.636286 21.049984  -0.290797 0.935868 -0.198967  0.159960 0.143530 0
trans
0  6.989425 -9.018325 21.049988  -0.687609 0.705430 -0.171935  0.203390 0.143530 0
0  7.237754 -9.267431 18.737020  -0.690195 0.707835 -0.150335  0.203390 0.028650 0
0  6.329701 -9.711872 18.737019  -0.435129 0.889025 -0.142464  0.159960 0.028650 0
trans
0  6.112527 -9.447521 21.049988  -0.429252 0.883843 -0.185916  0.159960 0.143530 0
0  6.989425 -9.018325 21.049988  -0.687609 0.705430 -0.171935  0.203390 0.143530 0
0  6.329701 -9.711872 18.737019  -0.435129 0.889025 -0.142464  0.159960 0.028650 0
trans
0  6.463077 -8.346846 24.906082  -0.672239 0.706111 -0.222489  0.203930 0.317950 0
0  6.989425 -9.018325 21.049988  -0.687609 0.705430 -0.171935  0.203390 0.143530 0
0  6.112527 -9.447521 21.049988  -0.429252 0.883843 -0.185916  0.159960 0.143530 0
trans
0  1.690112 -11.371929 21.049984  -0.520994 0.838005 -0.162214  0.116690 0.143530 0
0  1.750161 -11.704655 18.737011  -0.522931 0.841672 -0.134653  0.116690 0.028650 0
0  0.875078 -11.978409 18.737013  -0.295469 0.944507 -0.143541  0.159960 0.028650 0
trans
0  1.750161 -11.704655 18.737011  -0.522931 0.841672 -0.134653  0.116690 0.028650 0
0  1.690112 -11.371929 21.049984  -0.520994 0.838005 -0.162214  0.116690 0.143530 0
0  2.485841 -10.935240 18.737011  -0.717780 0.686307 -0.117362  0.070400 0.028650 0
trans
0  1.690112 -11.371929 21.049984  -0.520994 0.838005 -0.162214  0.116690 0.143530 0
0  2.400551 -10.628910 21.049980  -0.709663 0.687125 -0.155685  0.070400 0.143530 0
0  2.485841 -10.935240 18.737011  -0.717780 0.686307 -0.117362  0.070400 0.028650 0
trans
0  2.400551 -10.628910 21.049980  -0.709663 0.687125 -0.155685  0.070400 0.143530 0
0  3.110986 -9.885896 21.049980  -0.390695 0.907944 -0.151641  0.024320 0.143530 0
0  2.485841 -10.935240 18.737011  -0.717780 0.686307 -0.117362  0.070400 0.028650 0
trans
0  3.110986 -9.885896 21.049980  -0.390695 0.907944 -0.151641  0.024320 0.143530 0
0  3.221518 -10.165823 18.737011  -0.392622 0.910612 -0.128969  0.024320 0.028650 0
0  2.485841 -10.935240 18.737011  -0.717780 0.686307 -0.117362  0.070400 0.028650 0
trans
0  3.221518 -10.165823 18.737011  -0.392622 0.910612 -0.128969  0.024320 0.028650 0
0  3.110986 -9.885896 21.049980  -0.390695 0.907944 -0.151641  0.024320 0.143530 0
0  4.321582 -10.161066 18.737011  -0.004289 0.992722 -0.120349  0.070400 0.028650 0
trans
0  0.845054 -11.636286 21.049984  -0.290797 0.935868 -0.198967  0.159960 0.143530 0
0  1.690112 -11.371929 21.049984  -0.520994 0.838005 -0.162214  0.116690 0.143530 0
0  0.875078 -11.978409 18.737013  -0.295469 0.944507 -0.143541  0.159960 0.028650 0
trans
0  -0.000004 -11.900646 21.049984  0.000000 0.983109 -0.183021  0.203390 0.143530 0
0  0.845054 -11.636286 21.049984  -0.290797 0.935868 -0.198967  0.159960 0.143530 0
0  0.875078 -11.978409 18.737013  -0.295469 0.944507 -0.143541  0.159960 0.028650 0
trans
0  -0.000004 -12.252157 18.737013  0.000000 0.988648 -0.150249  0.203390 0.028650 0
0  -0.000004 -11.900646 21.049984  0.000000 0.983109 -0.183021  0.203390 0.143530 0
0  0.875078 -11.978409 18.737013  -0.295469 0.944507 -0.143541  0.159960 0.028650 0
trans
0  -0.000004 -11.900646 21.049984  0.000000 0.983109 -0.183021  0.203390 0.143530 0
0  -0.000004 -12.252157 18.737013  0.000000 0.988648 -0.150249  0.203390 0.028650 0
0  -0.875086 -11.978409 18.737013  0.295470 0.944507 -0.143541  0.159960 0.028650 0
trans
0  -0.845062 -11.636286 21.049984  0.290797 0.935868 -0.198967  0.159960 0.143530 0
0  -0.000004 -11.900646 21.049984  0.000000 0.983109 -0.183021  0.203390 0.143530 0
0  -0.875086 -11.978409 18.737013  0.295470 0.944507 -0.143541  0.159960 0.028650 0
trans
0  -1.690114 -11.371929 21.049976  0.520995 0.838004 -0.162213  0.116690 0.143530 0
0  -0.845062 -11.636286 21.049984  0.290797 0.935868 -0.198967  0.159960 0.143530 0
0  -0.875086 -11.978409 18.737013  0.295470 0.944507 -0.143541  0.159960 0.028650 0
trans
0  -1.690114 -11.371929 21.049976  0.520995 0.838004 -0.162213  0.116690 0.143530 0
0  -1.563933 -10.441273 24.906075  0.503926 0.835100 -0.220607  0.116690 0.317950 0
0  -0.845062 -11.636286 21.049984  0.290797 0.935868 -0.198967  0.159960 0.143530 0
trans
0  -1.563933 -10.441273 24.906075  0.503926 0.835100 -0.220607  0.116690 0.317950 0
0  -1.690114 -11.371929 21.049976  0.520995 0.838004 -0.162213  0.116690 0.143530 0
0  -2.400550 -10.628910 21.049976  0.709662 0.687126 -0.155684  0.070400 0.143530 0
trans
0  -2.890019 -9.139177 24.906075  0.378950 0.902196 -0.206010  0.024910 0.317950 0
0  -1.563933 -10.441273 24.906075  0.503926 0.835100 -0.220607  0.116690 0.317950 0
0  -2.400550 -10.628910 21.049976  0.709662 0.687126 -0.155684  0.070400 0.143530 0
trans
0  -3.110985 -9.885896 21.049976  0.390696 0.907944 -0.151641  0.024320 0.143530 0
0  -2.890019 -9.139177 24.906075  0.378950 0.902196 -0.206010  0.024910 0.317950 0
0  -2.400550 -10.628910 21.049976  0.709662 0.687126 -0.155684  0.070400 0.143530 0
trans
0  -2.890019 -9.139177 24.906075  0.378950 0.902196 -0.206010  0.024910 0.317950 0
0  -3.110985 -9.885896 21.049976  0.390696 0.907944 -0.151641  0.024320 0.143530 0
0  -4.173306 -9.881307 21.049976  0.006332 0.986423 -0.164100  0.070400 0.143530 0
trans
0  -4.173306 -9.881307 21.049976  0.006332 0.986423 -0.164100  0.070400 0.143530 0
0  -3.110985 -9.885896 21.049976  0.390696 0.907944 -0.151641  0.024320 0.143530 0
0  -4.321583 -10.161066 18.737007  0.004288 0.992722 -0.120349  0.070400 0.028650 0
trans
0  -5.235626 -9.876715 21.049976  0.224373 0.961174 -0.160628  0.116690 0.143530 0
0  -4.173306 -9.881307 21.049976  0.006332 0.986423 -0.164100  0.070400 0.143530 0
0  -4.321583 -10.161066 18.737007  0.004288 0.992722 -0.120349  0.070400 0.028650 0
trans
0  -5.421645 -10.156319 18.737009  0.225311 0.964921 -0.134767  0.116690 0.028650 0
0  -5.235626 -9.876715 21.049976  0.224373 0.961174 -0.160628  0.116690 0.143530 0
0  -4.321583 -10.161066 18.737007  0.004288 0.992722 -0.120349  0.070400 0.028650 0
trans
0  -5.235626 -9.876715 21.049976  0.224373 0.961174 -0.160628  0.116690 0.143530 0
0  -5.421645 -10.156319 18.737009  0.225311 0.964921 -0.134767  0.116690 0.028650 0
0  -6.329700 -9.711870 18.737011  0.435131 0.889025 -0.142465  0.159960 0.028650 0
trans
0  -6.112525 -9.447519 21.049980  0.429251 0.883843 -0.185916  0.159960 0.143530 0
0  -5.235626 -9.876715 21.049976  0.224373 0.961174 -0.160628  0.116690 0.143530 0
0  -6.329700 -9.711870 18.737011  0.435131 0.889025 -0.142465  0.159960 0.028650 0
trans
0  -6.989424 -9.018323 21.049984  0.687611 0.705429 -0.171936  0.203390 0.143530 0
0  -6.112525 -9.447519 21.049980  0.429251 0.883843 -0.185916  0.159960 0.143530 0
0  -6.329700 -9.711870 18.737011  0.435131 0.889025 -0.142465  0.159960 0.028650 0
trans
0  -6.989424 -9.018323 21.049984  0.687611 0.705429 -0.171936  0.203390 0.143530 0
0  -6.463076 -8.346846 24.906075  0.672312 0.706053 -0.222453  0.203930 0.317950 0
0  -6.112525 -9.447519 21.049980  0.429251 0.883843 -0.185916  0.159960 0.143530 0
trans
0  -7.237752 -9.267429 18.737013  0.690195 0.707835 -0.150335  0.203390 0.028650 0
0  -6.989424 -9.018323 21.049984  0.687611 0.705429 -0.171936  0.203390 0.143530 0
0  -6.329700 -9.711870 18.737011  0.435131 0.889025 -0.142465  0.159960 0.028650 0
trans
0  -1.750164 -11.704655 18.737005  0.522933 0.841671 -0.134654  0.116690 0.028650 0
0  -1.690114 -11.371929 21.049976  0.520995 0.838004 -0.162213  0.116690 0.143530 0
0  -0.875086 -11.978409 18.737013  0.295470 0.944507 -0.143541  0.159960 0.028650 0
trans
0  -1.690114 -11.371929 21.049976  0.520995 0.838004 -0.162213  0.116690 0.143530 0
0  -1.750164 -11.704655 18.737005  0.522933 0.841671 -0.134654  0.116690 0.028650 0
0  -2.485840 -10.935240 18.737007  0.717781 0.686306 -0.117362  0.070400 0.028650 0
trans
0  -2.400550 -10.628910 21.049976  0.709662 0.687126 -0.155684  0.070400 0.143530 0
0  -1.690114 -11.371929 21.049976  0.520995 0.838004 -0.162213  0.116690 0.143530 0
0  -2.485840 -10.935240 18.737007  0.717781 0.686306 -0.117362  0.070400 0.028650 0
trans
0  -3.110985 -9.885896 21.049976  0.390696 0.907944 -0.151641  0.024320 0.143530 0
0  -2.400550 -10.628910 21.049976  0.709662 0.687126 -0.155684  0.070400 0.143530 0
0  -2.485840 -10.935240 18.737007  0.717781 0.686306 -0.117362  0.070400 0.028650 0
trans
0  -3.221518 -10.165823 18.737009  0.392622 0.910612 -0.128969  0.024320 0.028650 0
0  -3.110985 -9.885896 21.049976  0.390696 0.907944 -0.151641  0.024320 0.143530 0
0  -2.485840 -10.935240 18.737007  0.717781 0.686306 -0.117362  0.070400 0.028650 0
trans
0  -3.110985 -9.885896 21.049976  0.390696 0.907944 -0.151641  0.024320 0.143530 0
0  -3.221518 -10.165823 18.737009  0.392622 0.910612 -0.128969  0.024320 0.028650 0
0  -4.321583 -10.161066 18.737007  0.004288 0.992722 -0.120349  0.070400 0.028650 0
trans
0  -1.563933 -10.441273 24.906075  0.503926 0.835100 -0.220607  0.116690 0.317950 0
0  -2.890019 -9.139177 24.906075  0.378950 0.902196 -0.206010  0.024910 0.317950 0
0  -1.517725 -10.116932 26.191769  0.493228 0.839188 -0.229107  0.116690 0.376890 0
trans
0  -1.563933 -10.441273 24.906075  0.503926 0.835100 -0.220607  0.116690 0.317950 0
0  -1.517725 -10.116932 26.191769  0.493228 0.839188 -0.229107  0.116690 0.376890 0
0  -0.000003 -10.914007 24.906075  0.000001 0.967987 -0.251000  0.203930 0.317950 0
trans
0  -1.563933 -10.441273 24.906075  0.503926 0.835100 -0.220607  0.116690 0.317950 0
0  -0.000003 -10.914007 24.906075  0.000001 0.967987 -0.251000  0.203930 0.317950 0
0  -0.845062 -11.636286 21.049984  0.290797 0.935868 -0.198967  0.159960 0.143530 0
trans
0  -0.000003 -10.914007 24.906075  0.000001 0.967987 -0.251000  0.203930 0.317950 0
0  -0.000004 -11.900646 21.049984  0.000000 0.983109 -0.183021  0.203390 0.143530 0
0  -0.845062 -11.636286 21.049984  0.290797 0.935868 -0.198967  0.159960 0.143530 0
trans
0  -0.000004 -11.900646 21.049984  0.000000 0.983109 -0.183021  0.203390 0.143530 0
0  -0.000003 -10.914007 24.906075  0.000001 0.967987 -0.251000  0.203930 0.317950 0
0  0.845054 -11.636286 21.049984  -0.290797 0.935868 -0.198967  0.159960 0.143530 0
trans
0  -0.000003 -10.914007 24.906075  0.000001 0.967987 -0.251000  0.203930 0.317950 0
0  1.563932 -10.441273 24.906076  -0.504039 0.835042 -0.220568  0.116690 0.317950 0
0  0.845054 -11.636286 21.049984  -0.290797 0.935868 -0.198967  0.159960 0.143530 0
trans
0  1.517725 -10.116934 26.191769  -0.493219 0.839182 -0.229148  0.116690 0.376890 0
0  1.563932 -10.441273 24.906076  -0.504039 0.835042 -0.220568  0.116690 0.317950 0
0  -0.000003 -10.914007 24.906075  0.000001 0.967987 -0.251000  0.203930 0.317950 0
trans
0  -0.000003 -10.570711 26.191769  0.000001 0.965697 -0.259672  0.203930 0.376890 0
0  1.517725 -10.116934 26.191769  -0.493219 0.839182 -0.229148  0.116690 0.376890 0
0  -0.000003 -10.914007 24.906075  0.000001 0.967987 -0.251000  0.203930 0.317950 0
trans
0  1.478034 -9.848878 27.234074  -0.486840 0.841215 -0.235251  0.116690 0.425130 0
0  1.517725 -10.116934 26.191769  -0.493219 0.839182 -0.229148  0.116690 0.376890 0
0  -0.000003 -10.570711 26.191769  0.000001 0.965697 -0.259672  0.203930 0.376890 0
trans
0  -0.000003 -10.286661 27.234074  0.000001 0.963782 -0.266690  0.203930 0.425130 0
0  1.478034 -9.848878 27.234074  -0.486840 0.841215 -0.235251  0.116690 0.425130 0
0  -0.000003 -10.570711 26.191769  0.000001 0.965697 -0.259672  0.203930 0.376890 0
trans
0  1.351854 -9.019226 30.361637  -0.471942 0.847178 -0.244051  0.116690 0.569620 0
0  1.478034 -9.848878 27.234074  -0.486840 0.841215 -0.235251  0.116690 0.425130 0
0  -0.000003 -10.286661 27.234074  0.000001 0.963782 -0.266690  0.203930 0.425130 0
trans
0  -0.000002 -9.407541 30.361637  0.000000 0.961617 -0.274396  0.203930 0.569620 0
0  1.351854 -9.019226 30.361637  -0.471942 0.847178 -0.244051  0.116690 0.569620 0
0  -0.000003 -10.286661 27.234074  0.000001 0.963782 -0.266690  0.203930 0.425130 0
trans
0  1.309793 -8.753536 31.333565  -0.460730 0.850808 -0.252694  0.116690 0.614740 0
0  1.351854 -9.019226 30.361637  -0.471942 0.847178 -0.244051  0.116690 0.569620 0
0  -0.000002 -9.407541 30.361637  0.000000 0.961617 -0.274396  0.203930 0.569620 0
trans
0  -0.000002 -9.126155 31.333565  0.000000 0.960292 -0.278996  0.203930 0.614740 0
0  1.309793 -8.753536 31.333565  -0.460730 0.850808 -0.252694  0.116690 0.614740 0
0  -0.000002 -9.407541 30.361637  0.000000 0.961617 -0.274396  0.203930 0.569620 0
trans
0  1.267141 -8.487549 32.294292  -0.453695 0.853190 -0.257349  0.116690 0.659430 0
0  1.309793 -8.753536 31.333565  -0.460730 0.850808 -0.252694  0.116690 0.614740 0
0  -0.000002 -9.126155 31.333565  0.000000 0.960292 -0.278996  0.203930 0.614740 0
trans
0  -0.000002 -8.844471 32.294292  0.000001 0.959000 -0.283407  0.203930 0.659430 0
0  1.267141 -8.487549 32.294292  -0.453695 0.853190 -0.257349  0.116690 0.659430 0
0  -0.000002 -9.126155 31.333565  0.000000 0.960292 -0.278996  0.203930 0.614740 0
trans
0  1.177985 -7.945506 34.215763  -0.441164 0.858492 -0.261468  0.116690 0.748890 0
0  1.267141 -8.487549 32.294292  -0.453695 0.853190 -0.257349  0.116690 0.659430 0
0  -0.000002 -8.844471 32.294292  0.000001 0.959000 -0.283407  0.203930 0.659430 0
trans
0  -0.000001 -8.270142 34.215763  0.000000 0.957426 -0.288678  0.203930 0.748890 0
0  1.177985 -7.945506 34.215763  -0.441164 0.858492 -0.261468  0.116690 0.748890 0
0  -0.000002 -8.844471 32.294292  0.000001 0.959000 -0.283407  0.203930 0.659430 0
trans
0  -8.432067 0.702834 48.516457  0.542649 0.545242 -0.638939  0.418660 0.879160 0
0  -8.757434 1.420773 48.981125  0.209660 0.965948 -0.151615  0.418660 0.791070 0
0  -8.001151 1.219162 49.609680  0.076384 0.967467 -0.241191  0.316180 0.791070 0
trans
0  -8.001151 1.219162 49.609680  0.076384 0.967467 -0.241191  0.316180 0.791070 0
0  -7.610591 0.723147 49.051903  0.466661 0.532362 -0.706270  0.316180 0.879160 0
0  -8.432067 0.702834 48.516457  0.542649 0.545242 -0.638939  0.418660 0.879160 0
trans
0  -8.135185 -0.361378 48.092461  0.637866 -0.053954 -0.768256  0.418700 1.000000 0
0  -8.432067 0.702834 48.516457  0.542649 0.545242 -0.638939  0.418660 0.879160 0
0  -7.610591 0.723147 49.051903  0.466661 0.532362 -0.706270  0.316180 0.879160 0
trans
0  -7.610591 0.723147 49.051903  0.466661 0.532362 -0.706270  0.316180 0.879160 0
0  -7.451849 -0.354069 48.825195  0.665705 -0.069209 -0.742998  0.316200 1.000000 0
0  -8.135185 -0.361378 48.092461  0.637866 -0.053954 -0.768256  0.418700 1.000000 0
trans
0  -8.476367 -1.303499 48.579720  0.504505 -0.642335 -0.576958  0.418660 0.110390 0
0  -8.135185 -0.361378 48.092461  0.637866 -0.053954 -0.768256  0.418700 0.000000 0
0  -7.451849 -0.354069 48.825195  0.665705 -0.069209 -0.742998  0.316200 0.000000 0
trans
0  -7.451849 -0.354069 48.825195  0.665705 -0.069209 -0.742998  0.316200 0.000000 0
0  -7.655335 -1.303299 49.115799  0.545073 -0.636188 -0.546041  0.316180 0.110390 0
0  -8.476367 -1.303499 48.579720  0.504505 -0.642335 -0.576958  0.418660 0.110390 0
trans
0  -8.832441 -1.887578 49.088242  0.260172 -0.941081 -0.216049  0.418660 0.196270 0
0  -8.476367 -1.303499 48.579720  0.504505 -0.642335 -0.576958  0.418660 0.110390 0
0  -7.655335 -1.303299 49.115799  0.545073 -0.636188 -0.546041  0.316180 0.110390 0
trans
0  -7.655335 -1.303299 49.115799  0.545073 -0.636188 -0.546041  0.316180 0.110390 0
0  -8.067354 -1.701356 49.704224  0.232729 -0.938007 -0.256865  0.316180 0.196270 0
0  -8.832441 -1.887578 49.088242  0.260172 -0.941081 -0.216049  0.418660 0.196270 0
trans
0  -9.257120 -1.812325 49.694752  -0.005929 -0.985981 0.166751  0.418660 0.265990 0
0  -8.832441 -1.887578 49.088242  0.260172 -0.941081 -0.216049  0.418660 0.196270 0
0  -8.067354 -1.701356 49.704224  0.232729 -0.938007 -0.256865  0.316180 0.196270 0
trans
0  -8.067354 -1.701356 49.704224  0.232729 -0.938007 -0.256865  0.316180 0.196270 0
0  -8.443913 -1.817227 50.242008  -0.029700 -0.989963 0.138173  0.316180 0.265990 0
0  -9.257120 -1.812325 49.694752  -0.005929 -0.985981 0.166751  0.418660 0.265990 0
trans
0  -9.725420 -1.642672 50.363556  -0.187837 -0.830269 0.524758  0.418660 0.348700 0
0  -9.257120 -1.812325 49.694752  -0.005929 -0.985981 0.166751  0.418660 0.265990 0
0  -8.443913 -1.817227 50.242008  -0.029700 -0.989963 0.138173  0.316180 0.265990 0
trans
0  -8.443913 -1.817227 50.242008  -0.029700 -0.989963 0.138173  0.316180 0.265990 0
0  -8.855659 -1.485159 50.830044  -0.201723 -0.816207 0.541400  0.316180 0.348700 0
0  -9.725420 -1.642672 50.363556  -0.187837 -0.830269 0.524758  0.418660 0.348700 0
trans
0  -10.020578 -1.076445 50.785084  -0.382137 -0.449471 0.807432  0.418660 0.419340 0
0  -9.725420 -1.642672 50.363556  -0.187837 -0.830269 0.524758  0.418660 0.348700 0
0  -8.855659 -1.485159 50.830044  -0.201723 -0.816207 0.541400  0.316180 0.348700 0
trans
0  -8.855659 -1.485159 50.830044  -0.201723 -0.816207 0.541400  0.316180 0.348700 0
0  -9.116220 -0.985310 51.202164  -0.367773 -0.485784 0.792942  0.316180 0.419340 0
0  -10.020578 -1.076445 50.785084  -0.382137 -0.449471 0.807432  0.418660 0.419340 0
trans
0  -10.056170 -0.322406 50.835911  -0.486600 0.136831 0.862843  0.418660 0.493870 0
0  -10.020578 -1.076445 50.785084  -0.382137 -0.449471 0.807432  0.418660 0.419340 0
0  -9.116220 -0.985310 51.202164  -0.367773 -0.485784 0.792942  0.316180 0.419340 0
trans
0  -9.116220 -0.985310 51.202164  -0.367773 -0.485784 0.792942  0.316180 0.419340 0
0  -9.250957 -0.312371 51.394588  -0.483249 0.116153 0.867744  0.316180 0.493870 0
0  -10.056170 -0.322406 50.835911  -0.486600 0.136831 0.862843  0.418660 0.493870 0
trans
0  -9.776711 0.793220 50.436806  -0.319558 0.730616 0.603393  0.418660 0.614390 0
0  -10.056170 -0.322406 50.835911  -0.486600 0.136831 0.862843  0.418660 0.493870 0
0  -9.250957 -0.312371 51.394588  -0.483249 0.116153 0.867744  0.316180 0.493870 0
trans
0  -9.250957 -0.312371 51.394588  -0.483249 0.116153 0.867744  0.316180 0.493870 0
0  -8.900928 0.665178 50.894699  -0.362845 0.719676 0.591954  0.316180 0.614390 0
0  -9.776711 0.793220 50.436806  -0.319558 0.730616 0.603393  0.418660 0.614390 0
trans
0  -9.298829 1.052863 49.754318  -0.130934 0.940422 0.313787  0.418660 0.701410 0
0  -9.776711 0.793220 50.436806  -0.319558 0.730616 0.603393  0.418660 0.614390 0
0  -8.900928 0.665178 50.894699  -0.362845 0.719676 0.591954  0.316180 0.614390 0
trans
0  -8.900928 0.665178 50.894699  -0.362845 0.719676 0.591954  0.316180 0.614390 0
0  -8.486041 1.076684 50.302174  -0.218097 0.940286 0.261335  0.316180 0.701410 0
0  -9.298829 1.052863 49.754318  -0.130934 0.940422 0.313787  0.418660 0.701410 0
trans
0  -8.757434 1.420773 48.981125  0.209660 0.965948 -0.151615  0.418660 0.791070 0
0  -9.298829 1.052863 49.754318  -0.130934 0.940422 0.313787  0.418660 0.701410 0
0  -8.486041 1.076684 50.302174  -0.218097 0.940286 0.261335  0.316180 0.701410 0
trans
0  -8.486041 1.076684 50.302174  -0.218097 0.940286 0.261335  0.316180 0.701410 0
0  -8.001151 1.219162 49.609680  0.076384 0.967467 -0.241191  0.316180 0.791070 0
0  -8.757434 1.420773 48.981125  0.209660 0.965948 -0.151615  0.418660 0.791070 0
trans
0  -4.598204 -3.668385 39.050697  0.816226 0.508302 -0.274597  0.203930 0.975180 0
0  -4.259353 -4.742998 39.050701  0.867859 0.387062 -0.311453  0.116690 0.975180 0
0  -4.853528 -3.780939 38.083378  0.822002 0.500709 -0.271298  0.203930 0.929340 0
trans
0  -4.259353 -4.742998 39.050701  0.867859 0.387062 -0.311453  0.116690 0.975180 0
0  -4.546665 -4.913609 38.083378  0.879662 0.381084 -0.284553  0.116690 0.929340 0
0  -4.853528 -3.780939 38.083378  0.822002 0.500709 -0.271298  0.203930 0.929340 0
trans
0  -4.853528 -3.780939 38.083378  0.822002 0.500709 -0.271298  0.203930 0.929340 0
0  -4.546665 -4.913609 38.083378  0.879662 0.381084 -0.284553  0.116690 0.929340 0
0  -5.286276 -3.982059 36.161579  0.841902 0.482564 -0.241522  0.203930 0.839680 0
trans
0  -4.546665 -4.913609 38.083378  0.879662 0.381084 -0.284553  0.116690 0.929340 0
0  -5.013773 -5.213359 36.161579  0.890632 0.365666 -0.270301  0.116690 0.839680 0
0  -5.286276 -3.982059 36.161579  0.841902 0.482564 -0.241522  0.203930 0.839680 0
trans
0  -5.286276 -3.982059 36.161579  0.841902 0.482564 -0.241522  0.203930 0.839680 0
0  -5.013773 -5.213359 36.161579  0.890632 0.365666 -0.270301  0.116690 0.839680 0
0  -5.494506 -4.091059 35.184067  0.853627 0.465226 -0.234276  0.203930 0.794060 0
trans
0  -5.013773 -5.213359 36.161579  0.890632 0.365666 -0.270301  0.116690 0.839680 0
0  -5.242437 -5.362939 35.184067  0.903521 0.339764 -0.261173  0.116690 0.794060 0
0  -5.494506 -4.091059 35.184067  0.853627 0.465226 -0.234276  0.203930 0.794060 0
trans
0  -5.494506 -4.091059 35.184067  0.853627 0.465226 -0.234276  0.203930 0.794060 0
0  -5.242437 -5.362939 35.184067  0.903521 0.339764 -0.261173  0.116690 0.794060 0
0  -5.701845 -4.179917 34.215775  0.860786 0.455886 -0.226311  0.203930 0.748890 0
trans
0  -5.242437 -5.362939 35.184067  0.903521 0.339764 -0.261173  0.116690 0.794060 0
0  -5.463403 -5.509852 34.215771  0.914359 0.322568 -0.244738  0.116690 0.748890 0
0  -5.701845 -4.179917 34.215775  0.860786 0.455886 -0.226311  0.203930 0.748890 0
trans
0  -5.701845 -4.179917 34.215775  0.860786 0.455886 -0.226311  0.203930 0.748890 0
0  -5.463403 -5.509852 34.215771  0.914359 0.322568 -0.244738  0.116690 0.748890 0
0  -6.077723 -4.376297 32.294304  0.871184 0.439934 -0.217937  0.203930 0.659430 0
trans
0  -5.463403 -5.509852 34.215771  0.914359 0.322568 -0.244738  0.116690 0.748890 0
0  -5.884304 -5.795093 32.294296  0.919777 0.311229 -0.239052  0.116690 0.659430 0
0  -6.077723 -4.376297 32.294304  0.871184 0.439934 -0.217937  0.203930 0.659430 0
trans
0  -6.077723 -4.376297 32.294304  0.871184 0.439934 -0.217937  0.203930 0.659430 0
0  -5.884304 -5.795093 32.294296  0.919777 0.311229 -0.239052  0.116690 0.659430 0
0  -6.266697 -4.459822 31.333574  0.878097 0.429265 -0.211370  0.203930 0.614740 0
trans
0  -5.884304 -5.795093 32.294296  0.919777 0.311229 -0.239052  0.116690 0.659430 0
0  -6.086015 -5.934896 31.333567  0.923994 0.303623 -0.232483  0.116690 0.614740 0
0  -6.266697 -4.459822 31.333574  0.878097 0.429265 -0.211370  0.203930 0.614740 0
trans
0  -6.266697 -4.459822 31.333574  0.878097 0.429265 -0.211370  0.203930 0.614740 0
0  -6.086015 -5.934896 31.333567  0.923994 0.303623 -0.232483  0.116690 0.614740 0
0  -6.452118 -4.543054 30.361650  0.882958 0.423892 -0.201746  0.203930 0.569620 0
trans
0  -6.086015 -5.934896 31.333567  0.923994 0.303623 -0.232483  0.116690 0.614740 0
0  -6.284171 -6.074109 30.361643  0.930483 0.292243 -0.220900  0.116690 0.569620 0
0  -6.452118 -4.543054 30.361650  0.882958 0.423892 -0.201746  0.203930 0.569620 0
trans
0  -6.452118 -4.543054 30.361650  0.882958 0.423892 -0.201746  0.203930 0.569620 0
0  -6.284171 -6.074109 30.361643  0.930483 0.292243 -0.220900  0.116690 0.569620 0
0  -7.010452 -4.801634 27.234083  0.891496 0.410659 -0.191294  0.203930 0.425130 0
trans
0  -6.284171 -6.074109 30.361643  0.930483 0.292243 -0.220900  0.116690 0.569620 0
0  -6.881607 -6.509222 27.234072  0.938467 0.276150 -0.207414  0.116690 0.425130 0
0  -7.010452 -4.801634 27.234083  0.891496 0.410659 -0.191294  0.203930 0.425130 0
trans
0  -7.010452 -4.801634 27.234083  0.891496 0.410659 -0.191294  0.203930 0.425130 0
0  -6.881607 -6.509222 27.234072  0.938467 0.276150 -0.207414  0.116690 0.425130 0
0  -7.183731 -4.884274 26.191784  0.897269 0.402672 -0.181007  0.203930 0.376890 0
trans
0  -6.881607 -6.509222 27.234072  0.938467 0.276150 -0.207414  0.116690 0.425130 0
0  -7.067620 -6.649623 26.191765  0.942313 0.270079 -0.197748  0.116690 0.376890 0
0  -7.183731 -4.884274 26.191784  0.897269 0.402672 -0.181007  0.203930 0.376890 0
trans
0  -7.183731 -4.884274 26.191784  0.897269 0.402672 -0.181007  0.203930 0.376890 0
0  -7.067620 -6.649623 26.191765  0.942313 0.270079 -0.197748  0.116690 0.376890 0
0  -7.387811 -4.983795 24.906094  0.903663 0.393687 -0.168534  0.203930 0.317950 0
trans
0  -8.224176 -5.381241 18.737026  0.914476 0.382940 -0.130730  0.203390 0.028650 0
0  -7.942000 -5.265476 21.049994  0.913407 0.382187 -0.140075  0.203390 0.143530 0
0  -8.194118 -6.436982 18.737026  0.992073 0.028245 -0.122444  0.159960 0.028650 0
trans
0  -7.942000 -5.265476 21.049994  0.913407 0.382187 -0.140075  0.203390 0.143530 0
0  -7.912972 -6.284996 21.049994  0.989638 0.033392 -0.139651  0.159960 0.143530 0
0  -8.194118 -6.436982 18.737026  0.992073 0.028245 -0.122444  0.159960 0.028650 0
trans
0  -7.942000 -5.265476 21.049994  0.913407 0.382187 -0.140075  0.203390 0.143530 0
0  -7.387811 -4.983795 24.906094  0.903663 0.393687 -0.168534  0.203930 0.317950 0
0  -7.912972 -6.284996 21.049994  0.989638 0.033392 -0.139651  0.159960 0.143530 0
trans
0  -7.387811 -4.983795 24.906094  0.903663 0.393687 -0.168534  0.203930 0.317950 0
0  -7.287107 -6.819048 24.906075  0.947956 0.259607 -0.184346  0.116690 0.317950 0
0  -7.912972 -6.284996 21.049994  0.989638 0.033392 -0.139651  0.159960 0.143530 0
trans
0  -7.067620 -6.649623 26.191765  0.942313 0.270079 -0.197748  0.116690 0.376890 0
0  -7.287107 -6.819048 24.906075  0.947956 0.259607 -0.184346  0.116690 0.317950 0
0  -7.387811 -4.983795 24.906094  0.903663 0.393687 -0.168534  0.203930 0.317950 0
trans
0  -7.287107 -6.819048 24.906075  0.947956 0.259607 -0.184346  0.116690 0.317950 0
0  -7.067620 -6.649623 26.191765  0.942313 0.270079 -0.197748  0.116690 0.376890 0
0  -6.463076 -8.346846 24.906075  0.672312 0.706053 -0.222453  0.024910 0.317950 0
trans
0  -7.067620 -6.649623 26.191765  0.942313 0.270079 -0.197748  0.116690 0.376890 0
0  -6.269067 -8.112848 26.191765  0.664464 0.710112 -0.232871  0.024910 0.376890 0
0  -6.463076 -8.346846 24.906075  0.672312 0.706053 -0.222453  0.024910 0.317950 0
trans
0  -7.067620 -6.649623 26.191765  0.942313 0.270079 -0.197748  0.116690 0.376890 0
0  -6.881607 -6.509222 27.234072  0.938467 0.276150 -0.207414  0.116690 0.425130 0
0  -6.269067 -8.112848 26.191765  0.664464 0.710112 -0.232871  0.024910 0.376890 0
trans
0  -6.881607 -6.509222 27.234072  0.938467 0.276150 -0.207414  0.116690 0.425130 0
0  -6.105564 -7.918837 27.234070  0.657422 0.712986 -0.243818  0.024910 0.425130 0
0  -6.269067 -8.112848 26.191765  0.664464 0.710112 -0.232871  0.024910 0.376890 0
trans
0  -6.881607 -6.509222 27.234072  0.938467 0.276150 -0.207414  0.116690 0.425130 0
0  -6.284171 -6.074109 30.361643  0.930483 0.292243 -0.220900  0.116690 0.569620 0
0  -6.105564 -7.918837 27.234070  0.657422 0.712986 -0.243818  0.024910 0.425130 0
trans
0  -6.284171 -6.074109 30.361643  0.930483 0.292243 -0.220900  0.116690 0.569620 0
0  -5.578032 -7.319035 30.361643  0.647867 0.717849 -0.254876  0.024910 0.569620 0
0  -6.105564 -7.918837 27.234070  0.657422 0.712986 -0.243818  0.024910 0.425130 0
trans
0  -6.284171 -6.074109 30.361643  0.930483 0.292243 -0.220900  0.116690 0.569620 0
0  -6.086015 -5.934896 31.333567  0.923994 0.303623 -0.232483  0.116690 0.614740 0
0  -5.578032 -7.319035 30.361643  0.647867 0.717849 -0.254876  0.024910 0.569620 0
trans
0  -6.086015 -5.934896 31.333567  0.923994 0.303623 -0.232483  0.116690 0.614740 0
0  -5.402979 -7.126803 31.333567  0.643396 0.719459 -0.261575  0.024910 0.614740 0
0  -5.578032 -7.319035 30.361643  0.647867 0.717849 -0.254876  0.024910 0.569620 0
trans
0  -6.086015 -5.934896 31.333567  0.923994 0.303623 -0.232483  0.116690 0.614740 0
0  -5.884304 -5.795093 32.294296  0.919777 0.311229 -0.239052  0.116690 0.659430 0
0  -5.402979 -7.126803 31.333567  0.643396 0.719459 -0.261575  0.024910 0.614740 0
trans
0  -5.884304 -5.795093 32.294296  0.919777 0.311229 -0.239052  0.116690 0.659430 0
0  -5.224964 -6.934275 32.294292  0.640928 0.719829 -0.266566  0.024910 0.659430 0
0  -5.402979 -7.126803 31.333567  0.643396 0.719459 -0.261575  0.024910 0.614740 0
trans
0  -5.884304 -5.795093 32.294296  0.919777 0.311229 -0.239052  0.116690 0.659430 0
0  -5.463403 -5.509852 34.215771  0.914359 0.322568 -0.244738  0.116690 0.748890 0
0  -5.224964 -6.934275 32.294292  0.640928 0.719829 -0.266566  0.024910 0.659430 0
trans
0  -5.463403 -5.509852 34.215771  0.914359 0.322568 -0.244738  0.116690 0.748890 0
0  -4.897070 -6.518414 34.215763  0.638449 0.714972 -0.284953  0.024910 0.748890 0
0  -5.224964 -6.934275 32.294292  0.640928 0.719829 -0.266566  0.024910 0.659430 0
trans
0  -5.463403 -5.509852 34.215771  0.914359 0.322568 -0.244738  0.116690 0.748890 0
0  -5.242437 -5.362939 35.184067  0.903521 0.339764 -0.261173  0.116690 0.794060 0
0  -4.897070 -6.518414 34.215763  0.638449 0.714972 -0.284953  0.024910 0.748890 0
trans
0  -6.989424 -9.018323 21.049984  0.687611 0.705429 -0.171936  0.024320 0.143530 0
0  -7.237752 -9.267429 18.737013  0.690195 0.707835 -0.150335  0.024320 0.028650 0
0  -7.700906 -8.380075 18.737011  0.877331 0.457924 -0.143511  0.070400 0.028650 0
trans
0  -7.436687 -8.161420 21.049984  0.871685 0.457971 -0.174435  0.070400 0.143530 0
0  -6.989424 -9.018323 21.049984  0.687611 0.705429 -0.171936  0.024320 0.143530 0
0  -7.700906 -8.380075 18.737011  0.877331 0.457924 -0.143511  0.070400 0.028650 0
trans
0  -6.463076 -8.346846 24.906075  0.672312 0.706053 -0.222453  0.024910 0.317950 0
0  -6.989424 -9.018323 21.049984  0.687611 0.705429 -0.171936  0.024320 0.143530 0
0  -7.436687 -8.161420 21.049984  0.871685 0.457971 -0.174435  0.070400 0.143530 0
trans
0  -7.287107 -6.819048 24.906075  0.947956 0.259607 -0.184346  0.116690 0.317950 0
0  -6.463076 -8.346846 24.906075  0.672312 0.706053 -0.222453  0.024910 0.317950 0
0  -7.436687 -8.161420 21.049984  0.871685 0.457971 -0.174435  0.070400 0.143530 0
trans
0  -7.883947 -7.304515 21.049980  0.956813 0.248709 -0.150508  0.116690 0.143530 0
0  -7.287107 -6.819048 24.906075  0.947956 0.259607 -0.184346  0.116690 0.317950 0
0  -7.436687 -8.161420 21.049984  0.871685 0.457971 -0.174435  0.070400 0.143530 0
trans
0  -7.287107 -6.819048 24.906075  0.947956 0.259607 -0.184346  0.116690 0.317950 0
0  -7.883947 -7.304515 21.049980  0.956813 0.248709 -0.150508  0.116690 0.143530 0
0  -7.912972 -6.284996 21.049994  0.989638 0.033392 -0.139651  0.159960 0.143530 0
trans
0  -7.912972 -6.284996 21.049994  0.989638 0.033392 -0.139651  0.159960 0.143530 0
0  -7.883947 -7.304515 21.049980  0.956813 0.248709 -0.150508  0.116690 0.143530 0
0  -8.194118 -6.436982 18.737026  0.992073 0.028245 -0.122444  0.159960 0.028650 0
trans
0  -7.883947 -7.304515 21.049980  0.956813 0.248709 -0.150508  0.116690 0.143530 0
0  -8.164061 -7.492724 18.737015  0.958762 0.249342 -0.136401  0.116690 0.028650 0
0  -8.194118 -6.436982 18.737026  0.992073 0.028245 -0.122444  0.159960 0.028650 0
trans
0  -8.164061 -7.492724 18.737015  0.958762 0.249342 -0.136401  0.116690 0.028650 0
0  -7.883947 -7.304515 21.049980  0.956813 0.248709 -0.150508  0.116690 0.143530 0
0  -7.700906 -8.380075 18.737011  0.877331 0.457924 -0.143511  0.070400 0.028650 0
trans
0  -7.883947 -7.304515 21.049980  0.956813 0.248709 -0.150508  0.116690 0.143530 0
0  -7.436687 -8.161420 21.049984  0.871685 0.457971 -0.174435  0.070400 0.143530 0
0  -7.700906 -8.380075 18.737011  0.877331 0.457924 -0.143511  0.070400 0.028650 0
trans
0  -5.242437 -5.362939 35.184067  0.903521 0.339764 -0.261173  0.116690 0.794060 0
0  -4.692100 -6.278197 35.184055  0.632944 0.710548 -0.307414  0.024910 0.794060 0
0  -4.897070 -6.518414 34.215763  0.638449 0.714972 -0.284953  0.024910 0.748890 0
trans
0  -5.242437 -5.362939 35.184067  0.903521 0.339764 -0.261173  0.116690 0.794060 0
0  -5.013773 -5.213359 36.161579  0.890632 0.365666 -0.270301  0.116690 0.839680 0
0  -4.692100 -6.278197 35.184055  0.632944 0.710548 -0.307414  0.024910 0.794060 0
trans
0  -5.013773 -5.213359 36.161579  0.890632 0.365666 -0.270301  0.116690 0.839680 0
0  -4.493053 -5.998880 36.161575  0.636053 0.711861 -0.297812  0.024910 0.839680 0
0  -4.692100 -6.278197 35.184055  0.632944 0.710548 -0.307414  0.024910 0.794060 0
trans
0  -5.013773 -5.213359 36.161579  0.890632 0.365666 -0.270301  0.116690 0.839680 0
0  -4.546665 -4.913609 38.083378  0.879662 0.381084 -0.284553  0.116690 0.929340 0
0  -4.493053 -5.998880 36.161575  0.636053 0.711861 -0.297812  0.024910 0.839680 0
trans
0  -4.546665 -4.913609 38.083378  0.879662 0.381084 -0.284553  0.116690 0.929340 0
0  -4.123100 -5.586869 38.083378  0.635386 0.705623 -0.313655  0.024910 0.929340 0
0  -4.493053 -5.998880 36.161575  0.636053 0.711861 -0.297812  0.024910 0.839680 0
trans
0  -4.546665 -4.913609 38.083378  0.879662 0.381084 -0.284553  0.116690 0.929340 0
0  -4.259353 -4.742998 39.050701  0.867859 0.387062 -0.311453  0.116690 0.975180 0
0  -4.123100 -5.586869 38.083378  0.635386 0.705623 -0.313655  0.024910 0.929340 0
trans
0  -4.259353 -4.742998 39.050701  0.867859 0.387062 -0.311453  0.116690 0.975180 0
0  -3.899174 -5.332436 39.050701  0.635580 0.697653 -0.330633  0.024910 0.975180 0
0  -4.123100 -5.586869 38.083378  0.635386 0.705623 -0.313655  0.024910 0.929340 0
trans
0  -8.077557 1.486757 18.737024  0.938676 -0.319737 -0.129056  0.203390 0.028650 0
0  -7.800414 1.366879 21.049994  0.936632 -0.319217 -0.144298  0.203390 0.143530 0
0  -8.858172 0.593921 18.737022  0.747082 -0.653184 -0.123370  0.159960 0.028650 0
trans
0  -8.605200 -0.594355 24.906094  0.868129 -0.457997 -0.191288  0.116690 0.317950 0
0  -9.028766 -2.110362 24.906090  0.980223 0.002029 -0.197886  0.024910 0.317950 0
0  -9.535860 -1.225352 21.049992  0.952625 -0.253216 -0.168484  0.070400 0.143530 0
trans
0  -9.308082 -0.357526 21.049995  0.872862 -0.463195 -0.153502  0.116690 0.143530 0
0  -8.605200 -0.594355 24.906094  0.868129 -0.457997 -0.191288  0.116690 0.317950 0
0  -9.535860 -1.225352 21.049992  0.952625 -0.253216 -0.168484  0.070400 0.143530 0
trans
0  -9.308082 -0.357526 21.049995  0.872862 -0.463195 -0.153502  0.116690 0.143530 0
0  -9.535860 -1.225352 21.049992  0.952625 -0.253216 -0.168484  0.070400 0.143530 0
0  -9.874664 -1.197574 18.737026  0.957264 -0.251252 -0.143238  0.070400 0.028650 0
trans
0  -9.638794 -0.298914 18.737026  0.875041 -0.464292 -0.136879  0.116690 0.028650 0
0  -9.308082 -0.357526 21.049995  0.872862 -0.463195 -0.153502  0.116690 0.143530 0
0  -9.874664 -1.197574 18.737026  0.957264 -0.251252 -0.143238  0.070400 0.028650 0
trans
0  -9.308082 -0.357526 21.049995  0.872862 -0.463195 -0.153502  0.116690 0.143530 0
0  -9.638794 -0.298914 18.737026  0.875041 -0.464292 -0.136879  0.116690 0.028650 0
0  -8.858172 0.593921 18.737022  0.747082 -0.653184 -0.123370  0.159960 0.028650 0
trans
0  -8.554244 0.504676 21.049988  0.747145 -0.647359 -0.150668  0.159960 0.143530 0
0  -9.308082 -0.357526 21.049995  0.872862 -0.463195 -0.153502  0.116690 0.143530 0
0  -8.858172 0.593921 18.737022  0.747082 -0.653184 -0.123370  0.159960 0.028650 0
trans
0  -7.800414 1.366879 21.049994  0.936632 -0.319217 -0.144298  0.203390 0.143530 0
0  -8.554244 0.504676 21.049988  0.747145 -0.647359 -0.150668  0.159960 0.143530 0
0  -8.858172 0.593921 18.737022  0.747082 -0.653184 -0.123370  0.159960 0.028650 0
trans
0  -7.800414 1.366879 21.049994  0.936632 -0.319217 -0.144298  0.203390 0.143530 0
0  -7.153515 1.144454 24.906088  0.938434 -0.294487 -0.180608  0.203930 0.317950 0
0  -8.554244 0.504676 21.049988  0.747145 -0.647359 -0.150668  0.159960 0.143530 0
trans
0  -7.153515 1.144454 24.906088  0.938434 -0.294487 -0.180608  0.203930 0.317950 0
0  -8.605200 -0.594355 24.906094  0.868129 -0.457997 -0.191288  0.116690 0.317950 0
0  -8.554244 0.504676 21.049988  0.747145 -0.647359 -0.150668  0.159960 0.143530 0
trans
0  -8.346615 -0.682306 26.191780  0.866255 -0.455742 -0.204698  0.116690 0.376890 0
0  -8.605200 -0.594355 24.906094  0.868129 -0.457997 -0.191288  0.116690 0.317950 0
0  -7.153515 1.144454 24.906088  0.938434 -0.294487 -0.180608  0.203930 0.317950 0
trans
0  -6.931662 1.039165 26.191782  0.940621 -0.280155 -0.191692  0.203930 0.376890 0
0  -8.346615 -0.682306 26.191780  0.866255 -0.455742 -0.204698  0.116690 0.376890 0
0  -7.153515 1.144454 24.906088  0.938434 -0.294487 -0.180608  0.203930 0.317950 0
trans
0  -8.127725 -0.756829 27.234085  0.864178 -0.454922 -0.215041  0.116690 0.425130 0
0  -8.346615 -0.682306 26.191780  0.866255 -0.455742 -0.204698  0.116690 0.376890 0
0  -6.931662 1.039165 26.191782  0.940621 -0.280155 -0.191692  0.203930 0.376890 0
trans
0  -6.744464 0.949362 27.234085  0.941449 -0.269240 -0.202938  0.203930 0.425130 0
0  -8.127725 -0.756829 27.234085  0.864178 -0.454922 -0.215041  0.116690 0.425130 0
0  -6.931662 1.039165 26.191782  0.940621 -0.280155 -0.191692  0.203930 0.376890 0
trans
0  -7.423656 -0.998828 30.361654  0.859904 -0.456188 -0.229037  0.116690 0.569620 0
0  -8.127725 -0.756829 27.234085  0.864178 -0.454922 -0.215041  0.116690 0.425130 0
0  -6.744464 0.949362 27.234085  0.941449 -0.269240 -0.202938  0.203930 0.425130 0
trans
0  -6.142290 0.655306 30.361654  0.943200 -0.252752 -0.215618  0.203930 0.569620 0
0  -7.423656 -0.998828 30.361654  0.859904 -0.456188 -0.229037  0.116690 0.569620 0
0  -6.744464 0.949362 27.234085  0.941449 -0.269240 -0.202938  0.203930 0.425130 0
trans
0  -7.190544 -1.080094 31.333578  0.855710 -0.458047 -0.240734  0.116690 0.614740 0
0  -7.423656 -0.998828 30.361654  0.859904 -0.456188 -0.229037  0.116690 0.569620 0
0  -6.142290 0.655306 30.361654  0.943200 -0.252752 -0.215618  0.203930 0.569620 0
trans
0  -5.942948 0.555804 31.333582  0.943465 -0.244489 -0.223827  0.203930 0.614740 0
0  -7.190544 -1.080094 31.333578  0.855710 -0.458047 -0.240734  0.116690 0.614740 0
0  -6.142290 0.655306 30.361654  0.943200 -0.252752 -0.215618  0.203930 0.569620 0
trans
0  -6.952697 -1.162897 32.294308  0.852208 -0.460599 -0.248172  0.116690 0.659430 0
0  -7.190544 -1.080094 31.333578  0.855710 -0.458047 -0.240734  0.116690 0.614740 0
0  -5.942948 0.555804 31.333582  0.943465 -0.244489 -0.223827  0.203930 0.614740 0
trans
0  -8.605200 -0.594355 24.906094  0.868129 -0.457997 -0.191288  0.116690 0.317950 0
0  -9.308082 -0.357526 21.049995  0.872862 -0.463195 -0.153502  0.116690 0.143530 0
0  -8.554244 0.504676 21.049988  0.747145 -0.647359 -0.150668  0.159960 0.143530 0
trans
0  -9.028766 -2.110362 24.906090  0.980223 0.002029 -0.197886  0.024910 0.317950 0
0  -9.763636 -2.093178 21.049995  0.986862 0.008760 -0.161327  0.024320 0.143530 0
0  -9.535860 -1.225352 21.049992  0.952625 -0.253216 -0.168484  0.070400 0.143530 0
trans
0  -9.535860 -1.225352 21.049992  0.952625 -0.253216 -0.168484  0.070400 0.143530 0
0  -9.763636 -2.093178 21.049995  0.986862 0.008760 -0.161327  0.024320 0.143530 0
0  -9.874664 -1.197574 18.737026  0.957264 -0.251252 -0.143238  0.070400 0.028650 0
trans
0  -9.763636 -2.093178 21.049995  0.986862 0.008760 -0.161327  0.024320 0.143530 0
0  -10.110535 -2.096233 18.737026  0.988900 0.008743 -0.148327  0.024320 0.028650 0
0  -9.874664 -1.197574 18.737026  0.957264 -0.251252 -0.143238  0.070400 0.028650 0
trans
0  -5.376913 -1.674071 38.083378  0.848022 -0.451588 -0.277356  0.116690 0.929340 0
0  -5.657415 -2.105634 38.083378  0.930568 -0.171684 -0.323370  0.024910 0.929340 0
0  -6.232044 -2.112447 36.161583  0.950791 -0.123866 -0.283997  0.024910 0.839680 0
trans
0  -5.927253 -1.522349 36.161583  0.853167 -0.458193 -0.249327  0.116690 0.839680 0
0  -5.376913 -1.674071 38.083378  0.848022 -0.451588 -0.277356  0.116690 0.929340 0
0  -6.232044 -2.112447 36.161583  0.950791 -0.123866 -0.283997  0.024910 0.839680 0
trans
0  -5.927253 -1.522349 36.161583  0.853167 -0.458193 -0.249327  0.116690 0.839680 0
0  -6.232044 -2.112447 36.161583  0.950791 -0.123866 -0.283997  0.024910 0.839680 0
0  -6.513432 -2.115111 35.184074  0.956488 -0.090977 -0.277226  0.024910 0.794060 0
trans
0  -6.196795 -1.427004 35.184074  0.845840 -0.469578 -0.253083  0.116690 0.794060 0
0  -5.927253 -1.522349 36.161583  0.853167 -0.458193 -0.249327  0.116690 0.839680 0
0  -6.513432 -2.115111 35.184074  0.956488 -0.090977 -0.277226  0.024910 0.794060 0
trans
0  -6.196795 -1.427004 35.184074  0.845840 -0.469578 -0.253083  0.116690 0.794060 0
0  -6.513432 -2.115111 35.184074  0.956488 -0.090977 -0.277226  0.024910 0.794060 0
0  -6.785048 -2.117182 34.215778  0.960387 -0.071479 -0.269347  0.024910 0.748890 0
trans
0  -6.457155 -1.336149 34.215775  0.844985 -0.469120 -0.256764  0.116690 0.748890 0
0  -6.196795 -1.427004 35.184074  0.845840 -0.469578 -0.253083  0.116690 0.794060 0
0  -6.785048 -2.117182 34.215778  0.960387 -0.071479 -0.269347  0.024910 0.748890 0
trans
0  -6.457155 -1.336149 34.215775  0.844985 -0.469120 -0.256764  0.116690 0.748890 0
0  -6.785048 -2.117182 34.215778  0.960387 -0.071479 -0.269347  0.024910 0.748890 0
0  -7.302214 -2.119847 32.294308  0.964614 -0.049079 -0.259058  0.024910 0.659430 0
trans
0  -6.952697 -1.162897 32.294308  0.852208 -0.460599 -0.248172  0.116690 0.659430 0
0  -6.457155 -1.336149 34.215775  0.844985 -0.469120 -0.256764  0.116690 0.748890 0
0  -7.302214 -2.119847 32.294308  0.964614 -0.049079 -0.259058  0.024910 0.659430 0
trans
0  -6.952697 -1.162897 32.294308  0.852208 -0.460599 -0.248172  0.116690 0.659430 0
0  -7.302214 -2.119847 32.294308  0.964614 -0.049079 -0.259058  0.024910 0.659430 0
0  -7.550428 -2.120438 31.333580  0.967613 -0.034573 -0.250061  0.024910 0.614740 0
trans
0  -7.190544 -1.080094 31.333578  0.855710 -0.458047 -0.240734  0.116690 0.614740 0
0  -6.952697 -1.162897 32.294308  0.852208 -0.460599 -0.248172  0.116690 0.659430 0
0  -7.550428 -2.120438 31.333580  0.967613 -0.034573 -0.250061  0.024910 0.614740 0
trans
0  -7.190544 -1.080094 31.333578  0.855710 -0.458047 -0.240734  0.116690 0.614740 0
0  -7.550428 -2.120438 31.333580  0.967613 -0.034573 -0.250061  0.024910 0.614740 0
0  -7.794202 -2.120438 30.361652  0.970285 -0.026500 -0.240509  0.024910 0.569620 0
trans
0  -7.423656 -0.998828 30.361654  0.859904 -0.456188 -0.229037  0.116690 0.569620 0
0  -7.190544 -1.080094 31.333578  0.855710 -0.458047 -0.240734  0.116690 0.614740 0
0  -7.794202 -2.120438 30.361652  0.970285 -0.026500 -0.240509  0.024910 0.569620 0
trans
0  -7.423656 -0.998828 30.361654  0.859904 -0.456188 -0.229037  0.116690 0.569620 0
0  -7.794202 -2.120438 30.361652  0.970285 -0.026500 -0.240509  0.024910 0.569620 0
0  -8.529963 -2.116880 27.234085  0.974137 -0.012586 -0.225608  0.024910 0.425130 0
trans
0  -8.127725 -0.756829 27.234085  0.864178 -0.454922 -0.215041  0.116690 0.425130 0
0  -7.423656 -0.998828 30.361654  0.859904 -0.456188 -0.229037  0.116690 0.569620 0
0  -8.529963 -2.116880 27.234085  0.974137 -0.012586 -0.225608  0.024910 0.425130 0
trans
0  -8.127725 -0.756829 27.234085  0.864178 -0.454922 -0.215041  0.116690 0.425130 0
0  -8.529963 -2.116880 27.234085  0.974137 -0.012586 -0.225608  0.024910 0.425130 0
0  -8.758333 -2.114214 26.191784  0.977065 -0.004326 -0.212899  0.024910 0.376890 0
trans
0  -8.346615 -0.682306 26.191780  0.866255 -0.455742 -0.204698  0.116690 0.376890 0
0  -8.127725 -0.756829 27.234085  0.864178 -0.454922 -0.215041  0.116690 0.425130 0
0  -8.758333 -2.114214 26.191784  0.977065 -0.004326 -0.212899  0.024910 0.376890 0
trans
0  -8.346615 -0.682306 26.191780  0.866255 -0.455742 -0.204698  0.116690 0.376890 0
0  -8.758333 -2.114214 26.191784  0.977065 -0.004326 -0.212899  0.024910 0.376890 0
0  -9.028766 -2.110362 24.906090  0.980223 0.002029 -0.197886  0.024910 0.317950 0
trans
0  -8.605200 -0.594355 24.906094  0.868129 -0.457997 -0.191288  0.116690 0.317950 0
0  -8.346615 -0.682306 26.191780  0.866255 -0.455742 -0.204698  0.116690 0.376890 0
0  -9.028766 -2.110362 24.906090  0.980223 0.002029 -0.197886  0.024910 0.317950 0
trans
0  -5.376913 -1.674071 38.083378  0.848022 -0.451588 -0.277356  0.116690 0.929340 0
0  -5.038357 -1.758490 39.050694  0.794157 -0.486417 -0.364298  0.116690 0.975180 0
0  -5.657415 -2.105634 38.083378  0.930568 -0.171684 -0.323370  0.024910 0.929340 0
trans
0  -5.038357 -1.758490 39.050694  0.794157 -0.486417 -0.364298  0.116690 0.975180 0
0  -5.303455 -2.097935 39.050694  0.920210 -0.202271 -0.335113  0.024910 0.975180 0
0  -5.657415 -2.105634 38.083378  0.930568 -0.171684 -0.323370  0.024910 0.929340 0
trans
0  -5.740053 0.454515 32.294300  0.944900 -0.231710 -0.231247  0.203930 0.659430 0
0  -6.952697 -1.162897 32.294308  0.852208 -0.460599 -0.248172  0.116690 0.659430 0
0  -5.942948 0.555804 31.333582  0.943465 -0.244489 -0.223827  0.203930 0.614740 0
trans
0  -6.457155 -1.336149 34.215775  0.844985 -0.469120 -0.256764  0.116690 0.748890 0
0  -6.952697 -1.162897 32.294308  0.852208 -0.460599 -0.248172  0.116690 0.659430 0
0  -5.740053 0.454515 32.294300  0.944900 -0.231710 -0.231247  0.203930 0.659430 0
trans
0  -5.317377 0.241695 34.215775  0.951293 -0.222121 -0.213784  0.203930 0.748890 0
0  -6.457155 -1.336149 34.215775  0.844985 -0.469120 -0.256764  0.116690 0.748890 0
0  -5.740053 0.454515 32.294300  0.944900 -0.231710 -0.231247  0.203930 0.659430 0
trans
0  -6.196795 -1.427004 35.184074  0.845840 -0.469578 -0.253083  0.116690 0.794060 0
0  -6.457155 -1.336149 34.215775  0.844985 -0.469120 -0.256764  0.116690 0.748890 0
0  -5.317377 0.241695 34.215775  0.951293 -0.222121 -0.213784  0.203930 0.748890 0
trans
0  -5.172831 0.146809 35.184067  0.953697 -0.238205 -0.183634  0.203930 0.794060 0
0  -6.196795 -1.427004 35.184074  0.845840 -0.469578 -0.253083  0.116690 0.794060 0
0  -5.317377 0.241695 34.215775  0.951293 -0.222121 -0.213784  0.203930 0.748890 0
trans
0  -5.927253 -1.522349 36.161583  0.853167 -0.458193 -0.249327  0.116690 0.839680 0
0  -6.196795 -1.427004 35.184074  0.845840 -0.469578 -0.253083  0.116690 0.794060 0
0  -5.172831 0.146809 35.184067  0.953697 -0.238205 -0.183634  0.203930 0.794060 0
trans
0  -5.055537 0.082132 36.161579  0.938256 -0.282068 -0.200283  0.203930 0.839680 0
0  -5.927253 -1.522349 36.161583  0.853167 -0.458193 -0.249327  0.116690 0.839680 0
0  -5.172831 0.146809 35.184067  0.953697 -0.238205 -0.183634  0.203930 0.794060 0
trans
0  -5.376913 -1.674071 38.083378  0.848022 -0.451588 -0.277356  0.116690 0.929340 0
0  -5.927253 -1.522349 36.161583  0.853167 -0.458193 -0.249327  0.116690 0.839680 0
0  -5.055537 0.082132 36.161579  0.938256 -0.282068 -0.200283  0.203930 0.839680 0
trans
0  -4.715795 -0.130100 38.083382  0.894211 -0.284549 -0.345570  0.203930 0.929340 0
0  -5.376913 -1.674071 38.083378  0.848022 -0.451588 -0.277356  0.116690 0.929340 0
0  -5.055537 0.082132 36.161579  0.938256 -0.282068 -0.200283  0.203930 0.839680 0
trans
0  -5.038357 -1.758490 39.050694  0.794157 -0.486417 -0.364298  0.116690 0.975180 0
0  -5.376913 -1.674071 38.083378  0.848022 -0.451588 -0.277356  0.116690 0.929340 0
0  -4.715795 -0.130100 38.083382  0.894211 -0.284549 -0.345570  0.203930 0.929340 0
trans
0  -4.217292 -0.424380 39.050701  0.849615 -0.184683 -0.494012  0.203930 0.975180 0
0  -5.038357 -1.758490 39.050694  0.794157 -0.486417 -0.364298  0.116690 0.975180 0
0  -4.715795 -0.130100 38.083382  0.894211 -0.284549 -0.345570  0.203930 0.929340 0
trans
0  8.077560 1.486758 18.737019  -0.938658 -0.319791 -0.129057  0.024320 0.028650 0
0  7.800416 1.366879 21.049986  -0.936632 -0.319216 -0.144298  0.024320 0.143530 0
0  8.139980 2.504894 18.737019  -0.991429 0.060782 -0.115645  0.070400 0.028650 0
trans
0  7.099612 2.664298 26.191780  -0.959005 -0.201428 -0.199340  0.116690 0.376890 0
0  6.124227 4.371436 26.191792  -0.738879 -0.632581 -0.232160  0.203930 0.376890 0
0  6.335417 4.586938 24.906097  -0.739504 -0.638626 -0.212817  0.203930 0.317950 0
trans
0  7.320279 2.849442 24.906086  -0.960849 -0.207192 -0.183960  0.116690 0.317950 0
0  7.099612 2.664298 26.191780  -0.959005 -0.201428 -0.199340  0.116690 0.376890 0
0  6.335417 4.586938 24.906097  -0.739504 -0.638626 -0.212817  0.203930 0.317950 0
trans
0  7.320279 2.849442 24.906086  -0.960849 -0.207192 -0.183960  0.116690 0.317950 0
0  6.335417 4.586938 24.906097  -0.739504 -0.638626 -0.212817  0.203930 0.317950 0
0  7.416101 4.240784 21.050003  -0.859595 -0.480008 -0.175181  0.159960 0.143530 0
trans
0  7.920971 3.333286 21.049992  -0.964424 -0.218156 -0.149311  0.116690 0.143530 0
0  7.320279 2.849442 24.906086  -0.960849 -0.207192 -0.183960  0.116690 0.317950 0
0  7.416101 4.240784 21.050003  -0.859595 -0.480008 -0.175181  0.159960 0.143530 0
trans
0  7.920971 3.333286 21.049992  -0.964424 -0.218156 -0.149311  0.116690 0.143530 0
0  7.416101 4.240784 21.050003  -0.859595 -0.480008 -0.175181  0.159960 0.143530 0
0  7.679588 4.462770 18.737043  -0.864677 -0.481046 -0.144671  0.159960 0.028650 0
trans
0  8.202398 3.523030 18.737019  -0.966313 -0.218797 -0.135522  0.116690 0.028650 0
0  7.920971 3.333286 21.049992  -0.964424 -0.218156 -0.149311  0.116690 0.143530 0
0  7.679588 4.462770 18.737043  -0.864677 -0.481046 -0.144671  0.159960 0.028650 0
trans
0  7.920971 3.333286 21.049992  -0.964424 -0.218156 -0.149311  0.116690 0.143530 0
0  8.202398 3.523030 18.737019  -0.966313 -0.218797 -0.135522  0.116690 0.028650 0
0  8.139980 2.504894 18.737019  -0.991429 0.060782 -0.115645  0.070400 0.028650 0
trans
0  7.860693 2.350083 21.049986  -0.988118 0.067752 -0.137954  0.070400 0.143530 0
0  7.920971 3.333286 21.049992  -0.964424 -0.218156 -0.149311  0.116690 0.143530 0
0  8.139980 2.504894 18.737019  -0.991429 0.060782 -0.115645  0.070400 0.028650 0
trans
0  7.800416 1.366879 21.049986  -0.936632 -0.319216 -0.144298  0.024320 0.143530 0
0  7.860693 2.350083 21.049986  -0.988118 0.067752 -0.137954  0.070400 0.143530 0
0  8.139980 2.504894 18.737019  -0.991429 0.060782 -0.115645  0.070400 0.028650 0
trans
0  7.800416 1.366879 21.049986  -0.936632 -0.319216 -0.144298  0.024320 0.143530 0
0  7.153518 1.144455 24.906082  -0.938417 -0.294537 -0.180612  0.024910 0.317950 0
0  7.860693 2.350083 21.049986  -0.988118 0.067752 -0.137954  0.070400 0.143530 0
trans
0  7.153518 1.144455 24.906082  -0.938417 -0.294537 -0.180612  0.024910 0.317950 0
0  7.320279 2.849442 24.906086  -0.960849 -0.207192 -0.183960  0.116690 0.317950 0
0  7.860693 2.350083 21.049986  -0.988118 0.067752 -0.137954  0.070400 0.143530 0
trans
0  7.099612 2.664298 26.191780  -0.959005 -0.201428 -0.199340  0.116690 0.376890 0
0  7.320279 2.849442 24.906086  -0.960849 -0.207192 -0.183960  0.116690 0.317950 0
0  7.153518 1.144455 24.906082  -0.938417 -0.294537 -0.180612  0.024910 0.317950 0
trans
0  6.931664 1.039166 26.191776  -0.940632 -0.280154 -0.191638  0.024910 0.376890 0
0  7.099612 2.664298 26.191780  -0.959005 -0.201428 -0.199340  0.116690 0.376890 0
0  7.153518 1.144455 24.906082  -0.938417 -0.294537 -0.180612  0.024910 0.317950 0
trans
0  6.912710 2.505753 27.234079  -0.956816 -0.200224 -0.210747  0.116690 0.425130 0
0  7.099612 2.664298 26.191780  -0.959005 -0.201428 -0.199340  0.116690 0.376890 0
0  6.931664 1.039166 26.191776  -0.940632 -0.280154 -0.191638  0.024910 0.376890 0
trans
0  6.744466 0.949364 27.234079  -0.941448 -0.269241 -0.202941  0.024910 0.425130 0
0  6.912710 2.505753 27.234079  -0.956816 -0.200224 -0.210747  0.116690 0.425130 0
0  6.931664 1.039166 26.191776  -0.940632 -0.280154 -0.191638  0.024910 0.376890 0
trans
0  6.311423 1.981622 30.361649  -0.954848 -0.194838 -0.224285  0.116690 0.569620 0
0  6.912710 2.505753 27.234079  -0.956816 -0.200224 -0.210747  0.116690 0.425130 0
0  6.744466 0.949364 27.234079  -0.941448 -0.269241 -0.202941  0.024910 0.425130 0
trans
0  6.142291 0.655307 30.361649  -0.943199 -0.252753 -0.215617  0.024910 0.569620 0
0  6.311423 1.981622 30.361649  -0.954848 -0.194838 -0.224285  0.116690 0.569620 0
0  6.744466 0.949364 27.234079  -0.941448 -0.269241 -0.202941  0.024910 0.425130 0
trans
0  6.112080 1.803834 31.333578  -0.952773 -0.191468 -0.235719  0.116690 0.614740 0
0  6.311423 1.981622 30.361649  -0.954848 -0.194838 -0.224285  0.116690 0.569620 0
0  6.142291 0.655307 30.361649  -0.943199 -0.252753 -0.215617  0.024910 0.569620 0
trans
0  7.320279 2.849442 24.906086  -0.960849 -0.207192 -0.183960  0.116690 0.317950 0
0  7.920971 3.333286 21.049992  -0.964424 -0.218156 -0.149311  0.116690 0.143530 0
0  7.860693 2.350083 21.049986  -0.988118 0.067752 -0.137954  0.070400 0.143530 0
trans
0  6.335417 4.586938 24.906097  -0.739504 -0.638626 -0.212817  0.203930 0.317950 0
0  6.911228 5.148283 21.050003  -0.742066 -0.648815 -0.168453  0.203390 0.143530 0
0  7.416101 4.240784 21.050003  -0.859595 -0.480008 -0.175181  0.159960 0.143530 0
trans
0  7.416101 4.240784 21.050003  -0.859595 -0.480008 -0.175181  0.159960 0.143530 0
0  6.911228 5.148283 21.050003  -0.742066 -0.648815 -0.168453  0.203390 0.143530 0
0  7.679588 4.462770 18.737043  -0.864677 -0.481046 -0.144671  0.159960 0.028650 0
trans
0  6.911228 5.148283 21.050003  -0.742066 -0.648815 -0.168453  0.203390 0.143530 0
0  7.156781 5.402515 18.737043  -0.744076 -0.650914 -0.150541  0.203390 0.028650 0
0  7.679588 4.462770 18.737043  -0.864677 -0.481046 -0.144671  0.159960 0.028650 0
trans
0  7.099612 2.664298 26.191780  -0.959005 -0.201428 -0.199340  0.116690 0.376890 0
0  6.912710 2.505753 27.234079  -0.956816 -0.200224 -0.210747  0.116690 0.425130 0
0  6.124227 4.371436 26.191792  -0.738879 -0.632581 -0.232160  0.203930 0.376890 0
trans
0  6.912710 2.505753 27.234079  -0.956816 -0.200224 -0.210747  0.116690 0.425130 0
0  5.946504 4.185964 27.234093  -0.737944 -0.627491 -0.248381  0.203930 0.425130 0
0  6.124227 4.371436 26.191792  -0.738879 -0.632581 -0.232160  0.203930 0.376890 0
trans
0  6.912710 2.505753 27.234079  -0.956816 -0.200224 -0.210747  0.116690 0.425130 0
0  6.311423 1.981622 30.361649  -0.954848 -0.194838 -0.224285  0.116690 0.569620 0
0  5.946504 4.185964 27.234093  -0.737944 -0.627491 -0.248381  0.203930 0.425130 0
trans
0  6.311423 1.981622 30.361649  -0.954848 -0.194838 -0.224285  0.116690 0.569620 0
0  5.375433 3.571449 30.361660  -0.737143 -0.620798 -0.266890  0.203930 0.569620 0
0  5.946504 4.185964 27.234093  -0.737944 -0.627491 -0.248381  0.203930 0.425130 0
trans
0  6.311423 1.981622 30.361649  -0.954848 -0.194838 -0.224285  0.116690 0.569620 0
0  6.112080 1.803834 31.333578  -0.952773 -0.191468 -0.235719  0.116690 0.614740 0
0  5.375433 3.571449 30.361660  -0.737143 -0.620798 -0.266890  0.203930 0.569620 0
trans
0  6.112080 1.803834 31.333578  -0.952773 -0.191468 -0.235719  0.116690 0.614740 0
0  5.186753 3.362722 31.333584  -0.735805 -0.617362 -0.278307  0.203930 0.614740 0
0  5.375433 3.571449 30.361660  -0.737143 -0.620798 -0.266890  0.203930 0.569620 0
trans
0  6.112080 1.803834 31.333578  -0.952773 -0.191468 -0.235719  0.116690 0.614740 0
0  5.909182 1.621434 32.294304  -0.951410 -0.188167 -0.243744  0.116690 0.659430 0
0  5.186753 3.362722 31.333584  -0.735805 -0.617362 -0.278307  0.203930 0.614740 0
trans
0  5.909182 1.621434 32.294304  -0.951410 -0.188167 -0.243744  0.116690 0.659430 0
0  4.994816 3.148176 32.294315  -0.735180 -0.612748 -0.289913  0.203930 0.659430 0
0  5.186753 3.362722 31.333584  -0.735805 -0.617362 -0.278307  0.203930 0.614740 0
trans
0  5.909182 1.621434 32.294304  -0.951410 -0.188167 -0.243744  0.116690 0.659430 0
0  5.485913 1.235407 34.215771  -0.950036 -0.180407 -0.254724  0.116690 0.748890 0
0  4.994816 3.148176 32.294315  -0.735180 -0.612748 -0.289913  0.203930 0.659430 0
trans
0  5.485913 1.235407 34.215771  -0.950036 -0.180407 -0.254724  0.116690 0.748890 0
0  4.594946 2.694095 34.215786  -0.734721 -0.607265 -0.302347  0.203930 0.748890 0
0  4.994816 3.148176 32.294315  -0.735180 -0.612748 -0.289913  0.203930 0.659430 0
trans
0  5.485913 1.235407 34.215771  -0.950036 -0.180407 -0.254724  0.116690 0.748890 0
0  5.263763 1.030354 35.184067  -0.946878 -0.200303 -0.251595  0.116690 0.794060 0
0  4.594946 2.694095 34.215786  -0.734721 -0.607265 -0.302347  0.203930 0.748890 0
trans
0  5.263763 1.030354 35.184067  -0.946878 -0.200303 -0.251595  0.116690 0.794060 0
0  4.385532 2.452124 35.184078  -0.735404 -0.602359 -0.310393  0.203930 0.794060 0
0  4.594946 2.694095 34.215786  -0.734721 -0.607265 -0.302347  0.203930 0.748890 0
trans
0  5.263763 1.030354 35.184067  -0.946878 -0.200303 -0.251595  0.116690 0.794060 0
0  5.033912 0.815938 36.161579  -0.931477 -0.254827 -0.259642  0.116690 0.839680 0
0  4.385532 2.452124 35.184078  -0.735404 -0.602359 -0.310393  0.203930 0.794060 0
trans
0  5.033912 0.815938 36.161579  -0.931477 -0.254827 -0.259642  0.116690 0.839680 0
0  4.169307 2.199871 36.161591  -0.733598 -0.597061 -0.324581  0.203930 0.839680 0
0  4.385532 2.452124 35.184078  -0.735404 -0.602359 -0.310393  0.203930 0.794060 0
trans
0  5.033912 0.815938 36.161579  -0.931477 -0.254827 -0.259642  0.116690 0.839680 0
0  4.563844 0.373307 38.083378  -0.883272 -0.357221 -0.303685  0.116690 0.929340 0
0  4.169307 2.199871 36.161591  -0.733598 -0.597061 -0.324581  0.203930 0.839680 0
trans
0  4.563844 0.373307 38.083378  -0.883272 -0.357221 -0.303685  0.116690 0.929340 0
0  3.727082 1.677542 38.083382  -0.680310 -0.617427 -0.394920  0.203930 0.929340 0
0  4.169307 2.199871 36.161591  -0.733598 -0.597061 -0.324581  0.203930 0.839680 0
trans
0  4.563844 0.373307 38.083378  -0.883272 -0.357221 -0.303685  0.116690 0.929340 0
0  4.275050 0.114642 39.050694  -0.867444 -0.305780 -0.392478  0.116690 0.975180 0
0  3.727082 1.677542 38.083382  -0.680310 -0.617427 -0.394920  0.203930 0.929340 0
trans
0  4.275050 0.114642 39.050694  -0.867444 -0.305780 -0.392478  0.116690 0.975180 0
0  3.456947 1.372359 39.050697  -0.613024 -0.688071 -0.388277  0.203930 0.975180 0
0  3.727082 1.677542 38.083382  -0.680310 -0.617427 -0.394920  0.203930 0.929340 0
trans
0  5.942949 0.555805 31.333578  -0.943477 -0.244493 -0.223773  0.024910 0.614740 0
0  6.112080 1.803834 31.333578  -0.952773 -0.191468 -0.235719  0.116690 0.614740 0
0  6.142291 0.655307 30.361649  -0.943199 -0.252753 -0.215617  0.024910 0.569620 0
trans
0  5.909182 1.621434 32.294304  -0.951410 -0.188167 -0.243744  0.116690 0.659430 0
0  6.112080 1.803834 31.333578  -0.952773 -0.191468 -0.235719  0.116690 0.614740 0
0  5.942949 0.555805 31.333578  -0.943477 -0.244493 -0.223773  0.024910 0.614740 0
trans
0  5.740053 0.454515 32.294296  -0.944898 -0.231751 -0.231214  0.024910 0.659430 0
0  5.909182 1.621434 32.294304  -0.951410 -0.188167 -0.243744  0.116690 0.659430 0
0  5.942949 0.555805 31.333578  -0.943477 -0.244493 -0.223773  0.024910 0.614740 0
trans
0  5.485913 1.235407 34.215771  -0.950036 -0.180407 -0.254724  0.116690 0.748890 0
0  5.909182 1.621434 32.294304  -0.951410 -0.188167 -0.243744  0.116690 0.659430 0
0  5.740053 0.454515 32.294296  -0.944898 -0.231751 -0.231214  0.024910 0.659430 0
trans
0  5.317376 0.241695 34.215771  -0.951363 -0.221857 -0.213745  0.024910 0.748890 0
0  5.485913 1.235407 34.215771  -0.950036 -0.180407 -0.254724  0.116690 0.748890 0
0  5.740053 0.454515 32.294296  -0.944898 -0.231751 -0.231214  0.024910 0.659430 0
trans
0  5.263763 1.030354 35.184067  -0.946878 -0.200303 -0.251595  0.116690 0.794060 0
0  5.485913 1.235407 34.215771  -0.950036 -0.180407 -0.254724  0.116690 0.748890 0
0  5.317376 0.241695 34.215771  -0.951363 -0.221857 -0.213745  0.024910 0.748890 0
trans
0  5.172830 0.146809 35.184067  -0.953696 -0.238206 -0.183634  0.024910 0.794060 0
0  5.263763 1.030354 35.184067  -0.946878 -0.200303 -0.251595  0.116690 0.794060 0
0  5.317376 0.241695 34.215771  -0.951363 -0.221857 -0.213745  0.024910 0.748890 0
trans
0  5.033912 0.815938 36.161579  -0.931477 -0.254827 -0.259642  0.116690 0.839680 0
0  5.263763 1.030354 35.184067  -0.946878 -0.200303 -0.251595  0.116690 0.794060 0
0  5.172830 0.146809 35.184067  -0.953696 -0.238206 -0.183634  0.024910 0.794060 0
trans
0  5.055537 0.082132 36.161579  -0.938256 -0.282068 -0.200282  0.024910 0.839680 0
0  5.033912 0.815938 36.161579  -0.931477 -0.254827 -0.259642  0.116690 0.839680 0
0  5.172830 0.146809 35.184067  -0.953696 -0.238206 -0.183634  0.024910 0.794060 0
trans
0  4.563844 0.373307 38.083378  -0.883272 -0.357221 -0.303685  0.116690 0.929340 0
0  5.033912 0.815938 36.161579  -0.931477 -0.254827 -0.259642  0.116690 0.839680 0
0  5.055537 0.082132 36.161579  -0.938256 -0.282068 -0.200282  0.024910 0.839680 0
trans
0  4.715794 -0.130101 38.083378  -0.894208 -0.284555 -0.345574  0.024910 0.929340 0
0  4.563844 0.373307 38.083378  -0.883272 -0.357221 -0.303685  0.116690 0.929340 0
0  5.055537 0.082132 36.161579  -0.938256 -0.282068 -0.200282  0.024910 0.839680 0
trans
0  4.275050 0.114642 39.050694  -0.867444 -0.305780 -0.392478  0.116690 0.975180 0
0  4.563844 0.373307 38.083378  -0.883272 -0.357221 -0.303685  0.116690 0.929340 0
0  4.715794 -0.130101 38.083378  -0.894208 -0.284555 -0.345574  0.024910 0.929340 0
trans
0  4.217290 -0.424380 39.050694  -0.849605 -0.184679 -0.494029  0.024910 0.975180 0
0  4.275050 0.114642 39.050694  -0.867444 -0.305780 -0.392478  0.116690 0.975180 0
0  4.715794 -0.130101 38.083378  -0.894208 -0.284555 -0.345574  0.024910 0.929340 0
trans
0  7.237754 -9.267431 18.737020  -0.690195 0.707835 -0.150335  0.024320 0.028650 0
0  6.989425 -9.018325 21.049988  -0.687609 0.705430 -0.171935  0.024320 0.143530 0
0  7.700907 -8.380077 18.737019  -0.877332 0.457923 -0.143511  0.070400 0.028650 0
trans
0  6.989425 -9.018325 21.049988  -0.687609 0.705430 -0.171935  0.024320 0.143530 0
0  7.436687 -8.161422 21.049988  -0.871671 0.457981 -0.174480  0.070400 0.143530 0
0  7.700907 -8.380077 18.737019  -0.877332 0.457923 -0.143511  0.070400 0.028650 0
trans
0  6.989425 -9.018325 21.049988  -0.687609 0.705430 -0.171935  0.024320 0.143530 0
0  6.463077 -8.346846 24.906082  -0.672239 0.706111 -0.222489  0.024910 0.317950 0
0  7.436687 -8.161422 21.049988  -0.871671 0.457981 -0.174480  0.070400 0.143530 0
trans
0  6.463077 -8.346846 24.906082  -0.672239 0.706111 -0.222489  0.024910 0.317950 0
0  7.287107 -6.819048 24.906082  -0.947956 0.259607 -0.184347  0.116690 0.317950 0
0  7.436687 -8.161422 21.049988  -0.871671 0.457981 -0.174480  0.070400 0.143530 0
trans
0  7.287107 -6.819048 24.906082  -0.947956 0.259607 -0.184347  0.116690 0.317950 0
0  7.883947 -7.304516 21.049988  -0.956813 0.248709 -0.150510  0.116690 0.143530 0
0  7.436687 -8.161422 21.049988  -0.871671 0.457981 -0.174480  0.070400 0.143530 0
trans
0  7.436687 -8.161422 21.049988  -0.871671 0.457981 -0.174480  0.070400 0.143530 0
0  7.883947 -7.304516 21.049988  -0.956813 0.248709 -0.150510  0.116690 0.143530 0
0  7.700907 -8.380077 18.737019  -0.877332 0.457923 -0.143511  0.070400 0.028650 0
trans
0  7.883947 -7.304516 21.049988  -0.956813 0.248709 -0.150510  0.116690 0.143530 0
0  8.164061 -7.492725 18.737022  -0.958761 0.249343 -0.136401  0.116690 0.028650 0
0  7.700907 -8.380077 18.737019  -0.877332 0.457923 -0.143511  0.070400 0.028650 0
trans
0  8.164061 -7.492725 18.737022  -0.958761 0.249343 -0.136401  0.116690 0.028650 0
0  7.883947 -7.304516 21.049988  -0.956813 0.248709 -0.150510  0.116690 0.143530 0
0  8.194126 -6.436984 18.737022  -0.992073 0.028249 -0.122444  0.159960 0.028650 0
trans
0  7.883947 -7.304516 21.049988  -0.956813 0.248709 -0.150510  0.116690 0.143530 0
0  7.912982 -6.284997 21.049990  -0.989637 0.033395 -0.139652  0.159960 0.143530 0
0  8.194126 -6.436984 18.737022  -0.992073 0.028249 -0.122444  0.159960 0.028650 0
trans
0  7.912982 -6.284997 21.049990  -0.989637 0.033395 -0.139652  0.159960 0.143530 0
0  7.942010 -5.265478 21.049990  -0.913408 0.382184 -0.140074  0.203390 0.143530 0
0  8.194126 -6.436984 18.737022  -0.992073 0.028249 -0.122444  0.159960 0.028650 0
trans
0  7.387817 -4.983797 24.906090  -0.903729 0.393544 -0.168515  0.203930 0.317950 0
0  7.942010 -5.265478 21.049990  -0.913408 0.382184 -0.140074  0.203390 0.143530 0
0  7.912982 -6.284997 21.049990  -0.989637 0.033395 -0.139652  0.159960 0.143530 0
trans
0  7.287107 -6.819048 24.906082  -0.947956 0.259607 -0.184347  0.116690 0.317950 0
0  7.387817 -4.983797 24.906090  -0.903729 0.393544 -0.168515  0.203930 0.317950 0
0  7.912982 -6.284997 21.049990  -0.989637 0.033395 -0.139652  0.159960 0.143530 0
trans
0  7.287107 -6.819048 24.906082  -0.947956 0.259607 -0.184347  0.116690 0.317950 0
0  7.067621 -6.649624 26.191772  -0.942078 0.270145 -0.198773  0.116690 0.376890 0
0  7.387817 -4.983797 24.906090  -0.903729 0.393544 -0.168515  0.203930 0.317950 0
trans
0  7.067621 -6.649624 26.191772  -0.942078 0.270145 -0.198773  0.116690 0.376890 0
0  7.183738 -4.884274 26.191784  -0.897319 0.402705 -0.180685  0.203930 0.376890 0
0  7.387817 -4.983797 24.906090  -0.903729 0.393544 -0.168515  0.203930 0.317950 0
trans
0  7.067621 -6.649624 26.191772  -0.942078 0.270145 -0.198773  0.116690 0.376890 0
0  6.881608 -6.509223 27.234079  -0.938502 0.276161 -0.207243  0.116690 0.425130 0
0  7.183738 -4.884274 26.191784  -0.897319 0.402705 -0.180685  0.203930 0.376890 0
trans
0  6.881608 -6.509223 27.234079  -0.938502 0.276161 -0.207243  0.116690 0.425130 0
0  7.010459 -4.801635 27.234081  -0.891257 0.411078 -0.191508  0.203930 0.425130 0
0  7.183738 -4.884274 26.191784  -0.897319 0.402705 -0.180685  0.203930 0.376890 0
trans
0  6.881608 -6.509223 27.234079  -0.938502 0.276161 -0.207243  0.116690 0.425130 0
0  6.284171 -6.074110 30.361647  -0.930255 0.292763 -0.221168  0.116690 0.569620 0
0  7.010459 -4.801635 27.234081  -0.891257 0.411078 -0.191508  0.203930 0.425130 0
trans
0  6.284171 -6.074110 30.361647  -0.930255 0.292763 -0.221168  0.116690 0.569620 0
0  6.452123 -4.543055 30.361650  -0.882634 0.423682 -0.203595  0.203930 0.569620 0
0  7.010459 -4.801635 27.234081  -0.891257 0.411078 -0.191508  0.203930 0.425130 0
trans
0  6.284171 -6.074110 30.361647  -0.930255 0.292763 -0.221168  0.116690 0.569620 0
0  6.086015 -5.934897 31.333574  -0.923734 0.303589 -0.233556  0.116690 0.614740 0
0  6.452123 -4.543055 30.361650  -0.882634 0.423682 -0.203595  0.203930 0.569620 0
trans
0  6.086015 -5.934897 31.333574  -0.923734 0.303589 -0.233556  0.116690 0.614740 0
0  6.266700 -4.459823 31.333578  -0.878108 0.429267 -0.211318  0.203930 0.614740 0
0  6.452123 -4.543055 30.361650  -0.882634 0.423682 -0.203595  0.203930 0.569620 0
trans
0  6.086015 -5.934897 31.333574  -0.923734 0.303589 -0.233556  0.116690 0.614740 0
0  5.884305 -5.795094 32.294304  -0.919704 0.311216 -0.239353  0.116690 0.659430 0
0  6.266700 -4.459823 31.333578  -0.878108 0.429267 -0.211318  0.203930 0.614740 0
trans
0  7.883947 -7.304516 21.049988  -0.956813 0.248709 -0.150510  0.116690 0.143530 0
0  7.287107 -6.819048 24.906082  -0.947956 0.259607 -0.184347  0.116690 0.317950 0
0  7.912982 -6.284997 21.049990  -0.989637 0.033395 -0.139652  0.159960 0.143530 0
trans
0  7.942010 -5.265478 21.049990  -0.913408 0.382184 -0.140074  0.203390 0.143530 0
0  8.224185 -5.381243 18.737022  -0.914477 0.382939 -0.130730  0.203390 0.028650 0
0  8.194126 -6.436984 18.737022  -0.992073 0.028249 -0.122444  0.159960 0.028650 0
trans
0  4.123101 -5.586870 38.083378  -0.635391 0.705637 -0.313616  0.024910 0.929340 0
0  4.546665 -4.913610 38.083378  -0.879662 0.381083 -0.284553  0.116690 0.929340 0
0  4.493054 -5.998881 36.161575  -0.636053 0.711860 -0.297813  0.024910 0.839680 0
trans
0  4.546665 -4.913610 38.083378  -0.879662 0.381083 -0.284553  0.116690 0.929340 0
0  5.013774 -5.213360 36.161579  -0.890673 0.365596 -0.270262  0.116690 0.839680 0
0  4.493054 -5.998881 36.161575  -0.636053 0.711860 -0.297813  0.024910 0.839680 0
trans
0  4.493054 -5.998881 36.161575  -0.636053 0.711860 -0.297813  0.024910 0.839680 0
0  5.013774 -5.213360 36.161579  -0.890673 0.365596 -0.270262  0.116690 0.839680 0
0  4.692101 -6.278200 35.184063  -0.632917 0.710559 -0.307445  0.024910 0.794060 0
trans
0  5.013774 -5.213360 36.161579  -0.890673 0.365596 -0.270262  0.116690 0.839680 0
0  5.242438 -5.362940 35.184067  -0.903006 0.340723 -0.261703  0.116690 0.794060 0
0  4.692101 -6.278200 35.184063  -0.632917 0.710559 -0.307445  0.024910 0.794060 0
trans
0  4.692101 -6.278200 35.184063  -0.632917 0.710559 -0.307445  0.024910 0.794060 0
0  5.242438 -5.362940 35.184067  -0.903006 0.340723 -0.261703  0.116690 0.794060 0
0  4.897072 -6.518414 34.215767  -0.638449 0.714972 -0.284952  0.024910 0.748890 0
trans
0  5.242438 -5.362940 35.184067  -0.903006 0.340723 -0.261703  0.116690 0.794060 0
0  5.463405 -5.509853 34.215775  -0.914324 0.322619 -0.244805  0.116690 0.748890 0
0  4.897072 -6.518414 34.215767  -0.638449 0.714972 -0.284952  0.024910 0.748890 0
trans
0  4.897072 -6.518414 34.215767  -0.638449 0.714972 -0.284952  0.024910 0.748890 0
0  5.463405 -5.509853 34.215775  -0.914324 0.322619 -0.244805  0.116690 0.748890 0
0  5.224964 -6.934276 32.294296  -0.641016 0.719741 -0.266593  0.024910 0.659430 0
trans
0  5.463405 -5.509853 34.215775  -0.914324 0.322619 -0.244805  0.116690 0.748890 0
0  5.884305 -5.795094 32.294304  -0.919704 0.311216 -0.239353  0.116690 0.659430 0
0  5.224964 -6.934276 32.294296  -0.641016 0.719741 -0.266593  0.024910 0.659430 0
trans
0  5.224964 -6.934276 32.294296  -0.641016 0.719741 -0.266593  0.024910 0.659430 0
0  5.884305 -5.795094 32.294304  -0.919704 0.311216 -0.239353  0.116690 0.659430 0
0  5.402979 -7.126804 31.333574  -0.643723 0.719449 -0.260794  0.024910 0.614740 0
trans
0  5.884305 -5.795094 32.294304  -0.919704 0.311216 -0.239353  0.116690 0.659430 0
0  6.086015 -5.934897 31.333574  -0.923734 0.303589 -0.233556  0.116690 0.614740 0
0  5.402979 -7.126804 31.333574  -0.643723 0.719449 -0.260794  0.024910 0.614740 0
trans
0  5.402979 -7.126804 31.333574  -0.643723 0.719449 -0.260794  0.024910 0.614740 0
0  6.086015 -5.934897 31.333574  -0.923734 0.303589 -0.233556  0.116690 0.614740 0
0  5.578033 -7.319036 30.361647  -0.648129 0.717865 -0.254162  0.024910 0.569620 0
trans
0  6.086015 -5.934897 31.333574  -0.923734 0.303589 -0.233556  0.116690 0.614740 0
0  6.284171 -6.074110 30.361647  -0.930255 0.292763 -0.221168  0.116690 0.569620 0
0  5.578033 -7.319036 30.361647  -0.648129 0.717865 -0.254162  0.024910 0.569620 0
trans
0  5.578033 -7.319036 30.361647  -0.648129 0.717865 -0.254162  0.024910 0.569620 0
0  6.284171 -6.074110 30.361647  -0.930255 0.292763 -0.221168  0.116690 0.569620 0
0  6.105565 -7.918838 27.234074  -0.657395 0.713000 -0.243850  0.024910 0.425130 0
trans
0  6.284171 -6.074110 30.361647  -0.930255 0.292763 -0.221168  0.116690 0.569620 0
0  6.881608 -6.509223 27.234079  -0.938502 0.276161 -0.207243  0.116690 0.425130 0
0  6.105565 -7.918838 27.234074  -0.657395 0.713000 -0.243850  0.024910 0.425130 0
trans
0  6.105565 -7.918838 27.234074  -0.657395 0.713000 -0.243850  0.024910 0.425130 0
0  6.881608 -6.509223 27.234079  -0.938502 0.276161 -0.207243  0.116690 0.425130 0
0  6.269068 -8.112848 26.191772  -0.664101 0.710025 -0.234168  0.024910 0.376890 0
trans
0  6.881608 -6.509223 27.234079  -0.938502 0.276161 -0.207243  0.116690 0.425130 0
0  7.067621 -6.649624 26.191772  -0.942078 0.270145 -0.198773  0.116690 0.376890 0
0  6.269068 -8.112848 26.191772  -0.664101 0.710025 -0.234168  0.024910 0.376890 0
trans
0  6.269068 -8.112848 26.191772  -0.664101 0.710025 -0.234168  0.024910 0.376890 0
0  7.067621 -6.649624 26.191772  -0.942078 0.270145 -0.198773  0.116690 0.376890 0
0  6.463077 -8.346846 24.906082  -0.672239 0.706111 -0.222489  0.024910 0.317950 0
trans
0  7.067621 -6.649624 26.191772  -0.942078 0.270145 -0.198773  0.116690 0.376890 0
0  7.287107 -6.819048 24.906082  -0.947956 0.259607 -0.184347  0.116690 0.317950 0
0  6.463077 -8.346846 24.906082  -0.672239 0.706111 -0.222489  0.024910 0.317950 0
trans
0  3.899174 -5.332436 39.050697  -0.635169 0.698021 -0.330646  0.024910 0.975180 0
0  4.259352 -4.742998 39.050697  -0.867877 0.387018 -0.311457  0.116690 0.975180 0
0  4.123101 -5.586870 38.083378  -0.635391 0.705637 -0.313616  0.024910 0.929340 0
trans
0  4.259352 -4.742998 39.050697  -0.867877 0.387018 -0.311457  0.116690 0.975180 0
0  4.546665 -4.913610 38.083378  -0.879662 0.381083 -0.284553  0.116690 0.929340 0
0  4.123101 -5.586870 38.083378  -0.635391 0.705637 -0.313616  0.024910 0.929340 0
trans
0  5.884305 -5.795094 32.294304  -0.919704 0.311216 -0.239353  0.116690 0.659430 0
0  6.077725 -4.376297 32.294308  -0.871157 0.439976 -0.217959  0.203930 0.659430 0
0  6.266700 -4.459823 31.333578  -0.878108 0.429267 -0.211318  0.203930 0.614740 0
trans
0  5.884305 -5.795094 32.294304  -0.919704 0.311216 -0.239353  0.116690 0.659430 0
0  5.463405 -5.509853 34.215775  -0.914324 0.322619 -0.244805  0.116690 0.748890 0
0  6.077725 -4.376297 32.294308  -0.871157 0.439976 -0.217959  0.203930 0.659430 0
trans
0  5.463405 -5.509853 34.215775  -0.914324 0.322619 -0.244805  0.116690 0.748890 0
0  5.701846 -4.179917 34.215778  -0.860790 0.455972 -0.226118  0.203930 0.748890 0
0  6.077725 -4.376297 32.294308  -0.871157 0.439976 -0.217959  0.203930 0.659430 0
trans
0  5.463405 -5.509853 34.215775  -0.914324 0.322619 -0.244805  0.116690 0.748890 0
0  5.242438 -5.362940 35.184067  -0.903006 0.340723 -0.261703  0.116690 0.794060 0
0  5.701846 -4.179917 34.215778  -0.860790 0.455972 -0.226118  0.203930 0.748890 0
trans
0  5.242438 -5.362940 35.184067  -0.903006 0.340723 -0.261703  0.116690 0.794060 0
0  5.494506 -4.091059 35.184067  -0.853653 0.465197 -0.234240  0.203930 0.794060 0
0  5.701846 -4.179917 34.215778  -0.860790 0.455972 -0.226118  0.203930 0.748890 0
trans
0  5.242438 -5.362940 35.184067  -0.903006 0.340723 -0.261703  0.116690 0.794060 0
0  5.013774 -5.213360 36.161579  -0.890673 0.365596 -0.270262  0.116690 0.839680 0
0  5.494506 -4.091059 35.184067  -0.853653 0.465197 -0.234240  0.203930 0.794060 0
trans
0  5.013774 -5.213360 36.161579  -0.890673 0.365596 -0.270262  0.116690 0.839680 0
0  5.286276 -3.982059 36.161575  -0.841930 0.482522 -0.241511  0.203930 0.839680 0
0  5.494506 -4.091059 35.184067  -0.853653 0.465197 -0.234240  0.203930 0.794060 0
trans
0  5.013774 -5.213360 36.161579  -0.890673 0.365596 -0.270262  0.116690 0.839680 0
0  4.546665 -4.913610 38.083378  -0.879662 0.381083 -0.284553  0.116690 0.929340 0
0  5.286276 -3.982059 36.161575  -0.841930 0.482522 -0.241511  0.203930 0.839680 0
trans
0  4.546665 -4.913610 38.083378  -0.879662 0.381083 -0.284553  0.116690 0.929340 0
0  4.853529 -3.780939 38.083374  -0.822003 0.500708 -0.271297  0.203930 0.929340 0
0  5.286276 -3.982059 36.161575  -0.841930 0.482522 -0.241511  0.203930 0.839680 0
trans
0  4.546665 -4.913610 38.083378  -0.879662 0.381083 -0.284553  0.116690 0.929340 0
0  4.259352 -4.742998 39.050697  -0.867877 0.387018 -0.311457  0.116690 0.975180 0
0  4.853529 -3.780939 38.083374  -0.822003 0.500708 -0.271297  0.203930 0.929340 0
trans
0  4.259352 -4.742998 39.050697  -0.867877 0.387018 -0.311457  0.116690 0.975180 0
0  4.598204 -3.668385 39.050697  -0.816227 0.508302 -0.274596  0.203930 0.975180 0
0  4.853529 -3.780939 38.083374  -0.822003 0.500708 -0.271297  0.203930 0.929340 0
trans
0  -4.893336 5.715194 24.906094  0.410086 -0.889980 -0.199412  0.116690 0.317950 0
0  -5.286394 6.361658 21.050005  0.395120 -0.904091 -0.162787  0.116690 0.143530 0
0  -4.238227 6.555657 21.049995  0.186866 -0.969431 -0.159015  0.159960 0.143530 0
trans
0  -5.286394 6.361658 21.050005  0.395120 -0.904091 -0.162787  0.116690 0.143530 0
0  -4.893336 5.715194 24.906094  0.410086 -0.889980 -0.199412  0.116690 0.317950 0
0  -6.098810 5.754971 21.049999  0.592301 -0.785798 -0.178046  0.070400 0.143530 0
trans
0  -5.286394 6.361658 21.050005  0.395120 -0.904091 -0.162787  0.116690 0.143530 0
0  -6.098810 5.754971 21.049999  0.592301 -0.785798 -0.178046  0.070400 0.143530 0
0  -6.315495 6.030756 18.737041  0.591582 -0.792191 -0.149879  0.070400 0.028650 0
trans
0  -5.474214 6.658999 18.737040  0.396052 -0.906117 -0.148645  0.116690 0.028650 0
0  -5.286394 6.361658 21.050005  0.395120 -0.904091 -0.162787  0.116690 0.143530 0
0  -6.315495 6.030756 18.737041  0.591582 -0.792191 -0.149879  0.070400 0.028650 0
trans
0  -5.286394 6.361658 21.050005  0.395120 -0.904091 -0.162787  0.116690 0.143530 0
0  -5.474214 6.658999 18.737040  0.396052 -0.906117 -0.148645  0.116690 0.028650 0
0  -4.388808 6.859889 18.737034  0.180205 -0.973644 -0.139799  0.159960 0.028650 0
trans
0  -4.238227 6.555657 21.049995  0.186866 -0.969431 -0.159015  0.159960 0.143530 0
0  -5.286394 6.361658 21.050005  0.395120 -0.904091 -0.162787  0.116690 0.143530 0
0  -4.388808 6.859889 18.737034  0.180205 -0.973644 -0.139799  0.159960 0.028650 0
trans
0  -3.190058 6.749656 21.049995  0.274707 -0.949888 -0.149161  0.203390 0.143530 0
0  -4.238227 6.555657 21.049995  0.186866 -0.969431 -0.159015  0.159960 0.143530 0
0  -4.388808 6.859889 18.737034  0.180205 -0.973644 -0.139799  0.159960 0.028650 0
trans
0  -3.190058 6.749656 21.049995  0.274707 -0.949888 -0.149161  0.203390 0.143530 0
0  -2.940658 6.152192 24.906090  0.261808 -0.947039 -0.185937  0.203930 0.317950 0
0  -4.238227 6.555657 21.049995  0.186866 -0.969431 -0.159015  0.159960 0.143530 0
trans
0  -2.940658 6.152192 24.906090  0.261808 -0.947039 -0.185937  0.203930 0.317950 0
0  -4.893336 5.715194 24.906094  0.410086 -0.889980 -0.199412  0.116690 0.317950 0
0  -4.238227 6.555657 21.049995  0.186866 -0.969431 -0.159015  0.159960 0.143530 0
trans
0  -4.748792 5.466109 26.191784  0.423493 -0.878149 -0.222503  0.116690 0.376890 0
0  -4.893336 5.715194 24.906094  0.410086 -0.889980 -0.199412  0.116690 0.317950 0
0  -2.940658 6.152192 24.906090  0.261808 -0.947039 -0.185937  0.203930 0.317950 0
trans
0  -4.893336 5.715194 24.906094  0.410086 -0.889980 -0.199412  0.116690 0.317950 0
0  -4.748792 5.466109 26.191784  0.423493 -0.878149 -0.222503  0.116690 0.376890 0
0  -6.335415 4.586939 24.906094  0.739588 -0.638552 -0.212745  0.024910 0.317950 0
trans
0  -4.748792 5.466109 26.191784  0.423493 -0.878149 -0.222503  0.116690 0.376890 0
0  -6.124225 4.371436 26.191784  0.738842 -0.632864 -0.231509  0.024910 0.376890 0
0  -6.335415 4.586939 24.906094  0.739588 -0.638552 -0.212745  0.024910 0.317950 0
trans
0  -4.748792 5.466109 26.191784  0.423493 -0.878149 -0.222503  0.116690 0.376890 0
0  -4.626460 5.251028 27.234087  0.431095 -0.870963 -0.235756  0.116690 0.425130 0
0  -6.124225 4.371436 26.191784  0.738842 -0.632864 -0.231509  0.024910 0.376890 0
trans
0  -4.626460 5.251028 27.234087  0.431095 -0.870963 -0.235756  0.116690 0.425130 0
0  -5.946503 4.185964 27.234085  0.737950 -0.627470 -0.248420  0.024910 0.425130 0
0  -6.124225 4.371436 26.191784  0.738842 -0.632864 -0.231509  0.024910 0.376890 0
trans
0  -4.626460 5.251028 27.234087  0.431095 -0.870963 -0.235756  0.116690 0.425130 0
0  -4.232813 4.536307 30.361656  0.451097 -0.854660 -0.257037  0.116690 0.569620 0
0  -5.946503 4.185964 27.234085  0.737950 -0.627470 -0.248420  0.024910 0.425130 0
trans
0  -4.232813 4.536307 30.361656  0.451097 -0.854660 -0.257037  0.116690 0.569620 0
0  -5.375433 3.571450 30.361652  0.737159 -0.620852 -0.266719  0.024910 0.569620 0
0  -5.946503 4.185964 27.234085  0.737950 -0.627470 -0.248420  0.024910 0.425130 0
trans
0  -4.232813 4.536307 30.361656  0.451097 -0.854660 -0.257037  0.116690 0.569620 0
0  -4.102188 4.292743 31.333580  0.465265 -0.841743 -0.273853  0.116690 0.614740 0
0  -5.375433 3.571450 30.361652  0.737159 -0.620852 -0.266719  0.024910 0.569620 0
trans
0  -4.102188 4.292743 31.333580  0.465265 -0.841743 -0.273853  0.116690 0.614740 0
0  -5.186754 3.362724 31.333578  0.735805 -0.617363 -0.278306  0.024910 0.614740 0
0  -5.375433 3.571450 30.361652  0.737159 -0.620852 -0.266719  0.024910 0.569620 0
trans
0  -4.102188 4.292743 31.333580  0.465265 -0.841743 -0.273853  0.116690 0.614740 0
0  -3.969492 4.042289 32.294312  0.474233 -0.833008 -0.284958  0.116690 0.659430 0
0  -5.186754 3.362724 31.333578  0.735805 -0.617363 -0.278306  0.024910 0.614740 0
trans
0  -3.303398 7.060780 18.737030  0.274799 -0.951048 -0.141396  0.203390 0.028650 0
0  -3.190058 6.749656 21.049995  0.274707 -0.949888 -0.149161  0.203390 0.143530 0
0  -4.388808 6.859889 18.737034  0.180205 -0.973644 -0.139799  0.159960 0.028650 0
trans
0  -6.911226 5.148283 21.049999  0.742077 -0.648826 -0.168366  0.024320 0.143530 0
0  -7.156778 5.402516 18.737041  0.744248 -0.650718 -0.150538  0.024320 0.028650 0
0  -6.315495 6.030756 18.737041  0.591582 -0.792191 -0.149879  0.070400 0.028650 0
trans
0  -6.098810 5.754971 21.049999  0.592301 -0.785798 -0.178046  0.070400 0.143530 0
0  -6.911226 5.148283 21.049999  0.742077 -0.648826 -0.168366  0.024320 0.143530 0
0  -6.315495 6.030756 18.737041  0.591582 -0.792191 -0.149879  0.070400 0.028650 0
trans
0  -6.335415 4.586939 24.906094  0.739588 -0.638552 -0.212745  0.024910 0.317950 0
0  -6.911226 5.148283 21.049999  0.742077 -0.648826 -0.168366  0.024320 0.143530 0
0  -6.098810 5.754971 21.049999  0.592301 -0.785798 -0.178046  0.070400 0.143530 0
trans
0  -4.893336 5.715194 24.906094  0.410086 -0.889980 -0.199412  0.116690 0.317950 0
0  -6.335415 4.586939 24.906094  0.739588 -0.638552 -0.212745  0.024910 0.317950 0
0  -6.098810 5.754971 21.049999  0.592301 -0.785798 -0.178046  0.070400 0.143530 0
trans
0  -2.849132 5.920394 26.191784  0.250629 -0.945961 -0.205772  0.203930 0.376890 0
0  -4.748792 5.466109 26.191784  0.423493 -0.878149 -0.222503  0.116690 0.376890 0
0  -2.940658 6.152192 24.906090  0.261808 -0.947039 -0.185937  0.203930 0.317950 0
trans
0  -4.626460 5.251028 27.234087  0.431095 -0.870963 -0.235756  0.116690 0.425130 0
0  -4.748792 5.466109 26.191784  0.423493 -0.878149 -0.222503  0.116690 0.376890 0
0  -2.849132 5.920394 26.191784  0.250629 -0.945961 -0.205772  0.203930 0.376890 0
trans
0  -2.772416 5.719918 27.234087  0.236687 -0.945434 -0.223904  0.203930 0.425130 0
0  -4.626460 5.251028 27.234087  0.431095 -0.870963 -0.235756  0.116690 0.425130 0
0  -2.849132 5.920394 26.191784  0.250629 -0.945961 -0.205772  0.203930 0.376890 0
trans
0  -4.232813 4.536307 30.361656  0.451097 -0.854660 -0.257037  0.116690 0.569620 0
0  -4.626460 5.251028 27.234087  0.431095 -0.870963 -0.235756  0.116690 0.425130 0
0  -2.772416 5.719918 27.234087  0.236687 -0.945434 -0.223904  0.203930 0.425130 0
trans
0  -2.525978 5.051714 30.361652  0.214341 -0.945446 -0.245339  0.203930 0.569620 0
0  -4.232813 4.536307 30.361656  0.451097 -0.854660 -0.257037  0.116690 0.569620 0
0  -2.772416 5.719918 27.234087  0.236687 -0.945434 -0.223904  0.203930 0.425130 0
trans
0  -4.102188 4.292743 31.333580  0.465265 -0.841743 -0.273853  0.116690 0.614740 0
0  -4.232813 4.536307 30.361656  0.451097 -0.854660 -0.257037  0.116690 0.569620 0
0  -2.525978 5.051714 30.361652  0.214341 -0.945446 -0.245339  0.203930 0.569620 0
trans
0  -2.444226 4.823230 31.333580  0.202054 -0.944592 -0.258688  0.203930 0.614740 0
0  -4.102188 4.292743 31.333580  0.465265 -0.841743 -0.273853  0.116690 0.614740 0
0  -2.525978 5.051714 30.361652  0.214341 -0.945446 -0.245339  0.203930 0.569620 0
trans
0  -3.969492 4.042289 32.294312  0.474233 -0.833008 -0.284958  0.116690 0.659430 0
0  -4.102188 4.292743 31.333580  0.465265 -0.841743 -0.273853  0.116690 0.614740 0
0  -2.444226 4.823230 31.333580  0.202054 -0.944592 -0.258688  0.203930 0.614740 0
trans
0  -2.361883 4.587638 32.294308  0.182516 -0.944940 -0.271618  0.203930 0.659430 0
0  -3.969492 4.042289 32.294312  0.474233 -0.833008 -0.284958  0.116690 0.659430 0
0  -2.444226 4.823230 31.333580  0.202054 -0.944592 -0.258688  0.203930 0.614740 0
trans
0  -3.692250 3.510623 34.215782  0.491521 -0.817952 -0.298935  0.116690 0.748890 0
0  -3.969492 4.042289 32.294312  0.474233 -0.833008 -0.284958  0.116690 0.659430 0
0  -2.361883 4.587638 32.294308  0.182516 -0.944940 -0.271618  0.203930 0.659430 0
trans
0  -2.189199 4.087370 34.215778  0.157546 -0.940006 -0.302602  0.203930 0.748890 0
0  -3.692250 3.510623 34.215782  0.491521 -0.817952 -0.298935  0.116690 0.748890 0
0  -2.361883 4.587638 32.294308  0.182516 -0.944940 -0.271618  0.203930 0.659430 0
trans
0  -3.546815 3.227346 35.184082  0.496870 -0.807881 -0.316936  0.116690 0.794060 0
0  -3.692250 3.510623 34.215782  0.491521 -0.817952 -0.298935  0.116690 0.748890 0
0  -2.189199 4.087370 34.215778  0.157546 -0.940006 -0.302602  0.203930 0.748890 0
trans
0  -2.104830 3.764219 35.184071  0.164237 -0.941103 -0.295552  0.203930 0.794060 0
0  -3.546815 3.227346 35.184082  0.496870 -0.807881 -0.316936  0.116690 0.794060 0
0  -2.189199 4.087370 34.215778  0.157546 -0.940006 -0.302602  0.203930 0.748890 0
trans
0  -3.411036 2.929959 36.161598  0.506784 -0.799309 -0.322916  0.116690 0.839680 0
0  -3.546815 3.227346 35.184082  0.496870 -0.807881 -0.316936  0.116690 0.794060 0
0  -2.104830 3.764219 35.184071  0.164237 -0.941103 -0.295552  0.203930 0.794060 0
trans
0  -2.013566 3.484869 36.161587  0.185279 -0.924149 -0.334096  0.203930 0.839680 0
0  -3.411036 2.929959 36.161598  0.506784 -0.799309 -0.322916  0.116690 0.839680 0
0  -2.104830 3.764219 35.184071  0.164237 -0.941103 -0.295552  0.203930 0.794060 0
trans
0  -3.059150 2.319416 38.083389  0.479777 -0.767137 -0.425812  0.116690 0.929340 0
0  -3.411036 2.929959 36.161598  0.506784 -0.799309 -0.322916  0.116690 0.839680 0
0  -2.013566 3.484869 36.161587  0.185279 -0.924149 -0.334096  0.203930 0.839680 0
trans
0  -1.817184 2.750747 38.083385  0.181357 -0.870517 -0.457503  0.203930 0.929340 0
0  -3.059150 2.319416 38.083389  0.479777 -0.767137 -0.425812  0.116690 0.929340 0
0  -2.013566 3.484869 36.161587  0.185279 -0.924149 -0.334096  0.203930 0.839680 0
trans
0  -2.795236 1.701059 39.050697  0.418807 -0.760800 -0.495767  0.116690 0.975180 0
0  -3.059150 2.319416 38.083389  0.479777 -0.767137 -0.425812  0.116690 0.929340 0
0  -1.817184 2.750747 38.083385  0.181357 -0.870517 -0.457503  0.203930 0.929340 0
trans
0  -1.662865 2.258853 39.050705  0.201818 -0.859646 -0.469339  0.203930 0.975180 0
0  -2.795236 1.701059 39.050697  0.418807 -0.760800 -0.495767  0.116690 0.975180 0
0  -1.817184 2.750747 38.083385  0.181357 -0.870517 -0.457503  0.203930 0.929340 0
trans
0  -3.969492 4.042289 32.294312  0.474233 -0.833008 -0.284958  0.116690 0.659430 0
0  -4.994817 3.148178 32.294312  0.735169 -0.612818 -0.289796  0.024910 0.659430 0
0  -5.186754 3.362724 31.333578  0.735805 -0.617363 -0.278306  0.024910 0.614740 0
trans
0  -3.969492 4.042289 32.294312  0.474233 -0.833008 -0.284958  0.116690 0.659430 0
0  -3.692250 3.510623 34.215782  0.491521 -0.817952 -0.298935  0.116690 0.748890 0
0  -4.994817 3.148178 32.294312  0.735169 -0.612818 -0.289796  0.024910 0.659430 0
trans
0  -3.692250 3.510623 34.215782  0.491521 -0.817952 -0.298935  0.116690 0.748890 0
0  -4.594947 2.694097 34.215782  0.734720 -0.607286 -0.302308  0.024910 0.748890 0
0  -4.994817 3.148178 32.294312  0.735169 -0.612818 -0.289796  0.024910 0.659430 0
trans
0  -3.692250 3.510623 34.215782  0.491521 -0.817952 -0.298935  0.116690 0.748890 0
0  -3.546815 3.227346 35.184082  0.496870 -0.807881 -0.316936  0.116690 0.794060 0
0  -4.594947 2.694097 34.215782  0.734720 -0.607286 -0.302308  0.024910 0.748890 0
trans
0  -3.546815 3.227346 35.184082  0.496870 -0.807881 -0.316936  0.116690 0.794060 0
0  -4.385533 2.452126 35.184078  0.735346 -0.602428 -0.310398  0.024910 0.794060 0
0  -4.594947 2.694097 34.215782  0.734720 -0.607286 -0.302308  0.024910 0.748890 0
trans
0  -3.546815 3.227346 35.184082  0.496870 -0.807881 -0.316936  0.116690 0.794060 0
0  -3.411036 2.929959 36.161598  0.506784 -0.799309 -0.322916  0.116690 0.839680 0
0  -4.385533 2.452126 35.184078  0.735346 -0.602428 -0.310398  0.024910 0.794060 0
trans
0  -3.411036 2.929959 36.161598  0.506784 -0.799309 -0.322916  0.116690 0.839680 0
0  -4.169308 2.199872 36.161591  0.733578 -0.597063 -0.324623  0.024910 0.839680 0
0  -4.385533 2.452126 35.184078  0.735346 -0.602428 -0.310398  0.024910 0.794060 0
trans
0  -3.411036 2.929959 36.161598  0.506784 -0.799309 -0.322916  0.116690 0.839680 0
0  -3.059150 2.319416 38.083389  0.479777 -0.767137 -0.425812  0.116690 0.929340 0
0  -4.169308 2.199872 36.161591  0.733578 -0.597063 -0.324623  0.024910 0.839680 0
trans
0  -3.059150 2.319416 38.083389  0.479777 -0.767137 -0.425812  0.116690 0.929340 0
0  -3.727082 1.677542 38.083382  0.680309 -0.617428 -0.394920  0.024910 0.929340 0
0  -4.169308 2.199872 36.161591  0.733578 -0.597063 -0.324623  0.024910 0.839680 0
trans
0  -3.059150 2.319416 38.083389  0.479777 -0.767137 -0.425812  0.116690 0.929340 0
0  -2.795236 1.701059 39.050697  0.418807 -0.760800 -0.495767  0.116690 0.975180 0
0  -3.727082 1.677542 38.083382  0.680309 -0.617428 -0.394920  0.024910 0.929340 0
trans
0  -2.795236 1.701059 39.050697  0.418807 -0.760800 -0.495767  0.116690 0.975180 0
0  -3.456948 1.372359 39.050697  0.613024 -0.688072 -0.388277  0.024910 0.975180 0
0  -3.727082 1.677542 38.083382  0.680309 -0.617428 -0.394920  0.024910 0.929340 0
trans
0  10.110525 -2.096232 18.737020  -0.988900 0.008743 -0.148326  0.024320 0.028650 0
0  9.763628 -2.093177 21.049990  -0.986862 0.008760 -0.161326  0.024320 0.143530 0
0  9.874655 -1.197572 18.737020  -0.957265 -0.251252 -0.143237  0.070400 0.028650 0
trans
0  7.423652 -0.998828 30.361649  -0.859844 -0.456248 -0.229142  0.116690 0.569620 0
0  6.142291 0.655307 30.361649  -0.943199 -0.252753 -0.215617  0.203930 0.569620 0
0  6.744466 0.949364 27.234079  -0.941448 -0.269241 -0.202941  0.203930 0.425130 0
trans
0  8.127720 -0.756828 27.234081  -0.864179 -0.454920 -0.215041  0.116690 0.425130 0
0  7.423652 -0.998828 30.361649  -0.859844 -0.456248 -0.229142  0.116690 0.569620 0
0  6.744466 0.949364 27.234079  -0.941448 -0.269241 -0.202941  0.203930 0.425130 0
trans
0  8.127720 -0.756828 27.234081  -0.864179 -0.454920 -0.215041  0.116690 0.425130 0
0  6.744466 0.949364 27.234079  -0.941448 -0.269241 -0.202941  0.203930 0.425130 0
0  6.931664 1.039166 26.191776  -0.940632 -0.280154 -0.191638  0.203930 0.376890 0
trans
0  8.346609 -0.682305 26.191776  -0.866255 -0.455742 -0.204698  0.116690 0.376890 0
0  8.127720 -0.756828 27.234081  -0.864179 -0.454920 -0.215041  0.116690 0.425130 0
0  6.931664 1.039166 26.191776  -0.940632 -0.280154 -0.191638  0.203930 0.376890 0
trans
0  8.346609 -0.682305 26.191776  -0.866255 -0.455742 -0.204698  0.116690 0.376890 0
0  6.931664 1.039166 26.191776  -0.940632 -0.280154 -0.191638  0.203930 0.376890 0
0  7.153518 1.144455 24.906082  -0.938417 -0.294537 -0.180612  0.203930 0.317950 0
trans
0  8.605194 -0.594354 24.906090  -0.868120 -0.457750 -0.191918  0.116690 0.317950 0
0  8.346609 -0.682305 26.191776  -0.866255 -0.455742 -0.204698  0.116690 0.376890 0
0  7.153518 1.144455 24.906082  -0.938417 -0.294537 -0.180612  0.203930 0.317950 0
trans
0  8.605194 -0.594354 24.906090  -0.868120 -0.457750 -0.191918  0.116690 0.317950 0
0  7.153518 1.144455 24.906082  -0.938417 -0.294537 -0.180612  0.203930 0.317950 0
0  8.554246 0.504676 21.049984  -0.747176 -0.647294 -0.150793  0.159960 0.143530 0
trans
0  9.308073 -0.357525 21.049988  -0.872871 -0.463192 -0.153458  0.116690 0.143530 0
0  8.605194 -0.594354 24.906090  -0.868120 -0.457750 -0.191918  0.116690 0.317950 0
0  8.554246 0.504676 21.049984  -0.747176 -0.647294 -0.150793  0.159960 0.143530 0
trans
0  9.308073 -0.357525 21.049988  -0.872871 -0.463192 -0.153458  0.116690 0.143530 0
0  8.554246 0.504676 21.049984  -0.747176 -0.647294 -0.150793  0.159960 0.143530 0
0  8.858175 0.593922 18.737015  -0.747084 -0.653181 -0.123371  0.159960 0.028650 0
trans
0  9.638783 -0.298913 18.737019  -0.875012 -0.464325 -0.136955  0.116690 0.028650 0
0  9.308073 -0.357525 21.049988  -0.872871 -0.463192 -0.153458  0.116690 0.143530 0
0  8.858175 0.593922 18.737015  -0.747084 -0.653181 -0.123371  0.159960 0.028650 0
trans
0  9.308073 -0.357525 21.049988  -0.872871 -0.463192 -0.153458  0.116690 0.143530 0
0  9.638783 -0.298913 18.737019  -0.875012 -0.464325 -0.136955  0.116690 0.028650 0
0  9.874655 -1.197572 18.737020  -0.957265 -0.251252 -0.143237  0.070400 0.028650 0
trans
0  9.535852 -1.225351 21.049988  -0.952637 -0.253197 -0.168442  0.070400 0.143530 0
0  9.308073 -0.357525 21.049988  -0.872871 -0.463192 -0.153458  0.116690 0.143530 0
0  9.874655 -1.197572 18.737020  -0.957265 -0.251252 -0.143237  0.070400 0.028650 0
trans
0  9.763628 -2.093177 21.049990  -0.986862 0.008760 -0.161326  0.024320 0.143530 0
0  9.535852 -1.225351 21.049988  -0.952637 -0.253197 -0.168442  0.070400 0.143530 0
0  9.874655 -1.197572 18.737020  -0.957265 -0.251252 -0.143237  0.070400 0.028650 0
trans
0  9.763628 -2.093177 21.049990  -0.986862 0.008760 -0.161326  0.024320 0.143530 0
0  9.028760 -2.110361 24.906082  -0.980225 0.001807 -0.197877  0.024910 0.317950 0
0  9.535852 -1.225351 21.049988  -0.952637 -0.253197 -0.168442  0.070400 0.143530 0
trans
0  9.028760 -2.110361 24.906082  -0.980225 0.001807 -0.197877  0.024910 0.317950 0
0  8.605194 -0.594354 24.906090  -0.868120 -0.457750 -0.191918  0.116690 0.317950 0
0  9.535852 -1.225351 21.049988  -0.952637 -0.253197 -0.168442  0.070400 0.143530 0
trans
0  8.346609 -0.682305 26.191776  -0.866255 -0.455742 -0.204698  0.116690 0.376890 0
0  8.605194 -0.594354 24.906090  -0.868120 -0.457750 -0.191918  0.116690 0.317950 0
0  9.028760 -2.110361 24.906082  -0.980225 0.001807 -0.197877  0.024910 0.317950 0
trans
0  8.758327 -2.114214 26.191776  -0.977074 -0.004323 -0.212857  0.024910 0.376890 0
0  8.346609 -0.682305 26.191776  -0.866255 -0.455742 -0.204698  0.116690 0.376890 0
0  9.028760 -2.110361 24.906082  -0.980225 0.001807 -0.197877  0.024910 0.317950 0
trans
0  8.127720 -0.756828 27.234081  -0.864179 -0.454920 -0.215041  0.116690 0.425130 0
0  8.346609 -0.682305 26.191776  -0.866255 -0.455742 -0.204698  0.116690 0.376890 0
0  8.758327 -2.114214 26.191776  -0.977074 -0.004323 -0.212857  0.024910 0.376890 0
trans
0  8.605194 -0.594354 24.906090  -0.868120 -0.457750 -0.191918  0.116690 0.317950 0
0  9.308073 -0.357525 21.049988  -0.872871 -0.463192 -0.153458  0.116690 0.143530 0
0  9.535852 -1.225351 21.049988  -0.952637 -0.253197 -0.168442  0.070400 0.143530 0
trans
0  7.153518 1.144455 24.906082  -0.938417 -0.294537 -0.180612  0.203930 0.317950 0
0  7.800416 1.366879 21.049986  -0.936632 -0.319216 -0.144298  0.203390 0.143530 0
0  8.554246 0.504676 21.049984  -0.747176 -0.647294 -0.150793  0.159960 0.143530 0
trans
0  8.554246 0.504676 21.049984  -0.747176 -0.647294 -0.150793  0.159960 0.143530 0
0  7.800416 1.366879 21.049986  -0.936632 -0.319216 -0.144298  0.203390 0.143530 0
0  8.858175 0.593922 18.737015  -0.747084 -0.653181 -0.123371  0.159960 0.028650 0
trans
0  7.800416 1.366879 21.049986  -0.936632 -0.319216 -0.144298  0.203390 0.143530 0
0  8.077560 1.486758 18.737019  -0.938658 -0.319791 -0.129057  0.203390 0.028650 0
0  8.858175 0.593922 18.737015  -0.747084 -0.653181 -0.123371  0.159960 0.028650 0
trans
0  8.529958 -2.116879 27.234081  -0.974137 -0.012588 -0.225607  0.024910 0.425130 0
0  8.127720 -0.756828 27.234081  -0.864179 -0.454920 -0.215041  0.116690 0.425130 0
0  8.758327 -2.114214 26.191776  -0.977074 -0.004323 -0.212857  0.024910 0.376890 0
trans
0  7.423652 -0.998828 30.361649  -0.859844 -0.456248 -0.229142  0.116690 0.569620 0
0  8.127720 -0.756828 27.234081  -0.864179 -0.454920 -0.215041  0.116690 0.425130 0
0  8.529958 -2.116879 27.234081  -0.974137 -0.012588 -0.225607  0.024910 0.425130 0
trans
0  7.794199 -2.120437 30.361649  -0.970316 -0.026479 -0.240387  0.024910 0.569620 0
0  7.423652 -0.998828 30.361649  -0.859844 -0.456248 -0.229142  0.116690 0.569620 0
0  8.529958 -2.116879 27.234081  -0.974137 -0.012588 -0.225607  0.024910 0.425130 0
trans
0  7.190540 -1.080093 31.333572  -0.855723 -0.458046 -0.240691  0.116690 0.614740 0
0  7.423652 -0.998828 30.361649  -0.859844 -0.456248 -0.229142  0.116690 0.569620 0
0  7.794199 -2.120437 30.361649  -0.970316 -0.026479 -0.240387  0.024910 0.569620 0
trans
0  7.550426 -2.120437 31.333572  -0.967623 -0.034561 -0.250022  0.024910 0.614740 0
0  7.190540 -1.080093 31.333572  -0.855723 -0.458046 -0.240691  0.116690 0.614740 0
0  7.794199 -2.120437 30.361649  -0.970316 -0.026479 -0.240387  0.024910 0.569620 0
trans
0  6.952694 -1.162896 32.294300  -0.852208 -0.460600 -0.248172  0.116690 0.659430 0
0  7.190540 -1.080093 31.333572  -0.855723 -0.458046 -0.240691  0.116690 0.614740 0
0  7.550426 -2.120437 31.333572  -0.967623 -0.034561 -0.250022  0.024910 0.614740 0
trans
0  7.302211 -2.119847 32.294300  -0.964619 -0.049039 -0.259047  0.024910 0.659430 0
0  6.952694 -1.162896 32.294300  -0.852208 -0.460600 -0.248172  0.116690 0.659430 0
0  7.550426 -2.120437 31.333572  -0.967623 -0.034561 -0.250022  0.024910 0.614740 0
trans
0  6.457153 -1.336148 34.215771  -0.844985 -0.469119 -0.256764  0.116690 0.748890 0
0  6.952694 -1.162896 32.294300  -0.852208 -0.460600 -0.248172  0.116690 0.659430 0
0  7.302211 -2.119847 32.294300  -0.964619 -0.049039 -0.259047  0.024910 0.659430 0
trans
0  6.785046 -2.117182 34.215771  -0.960408 -0.071426 -0.269284  0.024910 0.748890 0
0  6.457153 -1.336148 34.215771  -0.844985 -0.469119 -0.256764  0.116690 0.748890 0
0  7.302211 -2.119847 32.294300  -0.964619 -0.049039 -0.259047  0.024910 0.659430 0
trans
0  6.196793 -1.427004 35.184067  -0.845840 -0.469578 -0.253083  0.116690 0.794060 0
0  6.457153 -1.336148 34.215771  -0.844985 -0.469119 -0.256764  0.116690 0.748890 0
0  6.785046 -2.117182 34.215771  -0.960408 -0.071426 -0.269284  0.024910 0.748890 0
trans
0  6.513430 -2.115110 35.184067  -0.956497 -0.090941 -0.277207  0.024910 0.794060 0
0  6.196793 -1.427004 35.184067  -0.845840 -0.469578 -0.253083  0.116690 0.794060 0
0  6.785046 -2.117182 34.215771  -0.960408 -0.071426 -0.269284  0.024910 0.748890 0
trans
0  5.927251 -1.522349 36.161575  -0.853167 -0.458195 -0.249326  0.116690 0.839680 0
0  6.196793 -1.427004 35.184067  -0.845840 -0.469578 -0.253083  0.116690 0.794060 0
0  6.513430 -2.115110 35.184067  -0.956497 -0.090941 -0.277207  0.024910 0.794060 0
trans
0  6.232042 -2.112444 36.161575  -0.950787 -0.123867 -0.284010  0.024910 0.839680 0
0  5.927251 -1.522349 36.161575  -0.853167 -0.458195 -0.249326  0.116690 0.839680 0
0  6.513430 -2.115110 35.184067  -0.956497 -0.090941 -0.277207  0.024910 0.794060 0
trans
0  5.376913 -1.674071 38.083374  -0.848024 -0.451584 -0.277357  0.116690 0.929340 0
0  5.927251 -1.522349 36.161575  -0.853167 -0.458195 -0.249326  0.116690 0.839680 0
0  6.232042 -2.112444 36.161575  -0.950787 -0.123867 -0.284010  0.024910 0.839680 0
trans
0  5.657414 -2.105634 38.083374  -0.930568 -0.171681 -0.323371  0.024910 0.929340 0
0  5.376913 -1.674071 38.083374  -0.848024 -0.451584 -0.277357  0.116690 0.929340 0
0  6.232042 -2.112444 36.161575  -0.950787 -0.123867 -0.284010  0.024910 0.839680 0
trans
0  5.038357 -1.758490 39.050697  -0.794158 -0.486416 -0.364296  0.116690 0.975180 0
0  5.376913 -1.674071 38.083374  -0.848024 -0.451584 -0.277357  0.116690 0.929340 0
0  5.657414 -2.105634 38.083374  -0.930568 -0.171681 -0.323371  0.024910 0.929340 0
trans
0  5.303455 -2.097935 39.050697  -0.920217 -0.202233 -0.335115  0.024910 0.975180 0
0  5.038357 -1.758490 39.050697  -0.794158 -0.486416 -0.364296  0.116690 0.975180 0
0  5.657414 -2.105634 38.083374  -0.930568 -0.171681 -0.323371  0.024910 0.929340 0
trans
0  7.423652 -0.998828 30.361649  -0.859844 -0.456248 -0.229142  0.116690 0.569620 0
0  7.190540 -1.080093 31.333572  -0.855723 -0.458046 -0.240691  0.116690 0.614740 0
0  6.142291 0.655307 30.361649  -0.943199 -0.252753 -0.215617  0.203930 0.569620 0
trans
0  7.190540 -1.080093 31.333572  -0.855723 -0.458046 -0.240691  0.116690 0.614740 0
0  5.942949 0.555805 31.333578  -0.943477 -0.244493 -0.223773  0.203930 0.614740 0
0  6.142291 0.655307 30.361649  -0.943199 -0.252753 -0.215617  0.203930 0.569620 0
trans
0  7.190540 -1.080093 31.333572  -0.855723 -0.458046 -0.240691  0.116690 0.614740 0
0  6.952694 -1.162896 32.294300  -0.852208 -0.460600 -0.248172  0.116690 0.659430 0
0  5.942949 0.555805 31.333578  -0.943477 -0.244493 -0.223773  0.203930 0.614740 0
trans
0  6.952694 -1.162896 32.294300  -0.852208 -0.460600 -0.248172  0.116690 0.659430 0
0  5.740053 0.454515 32.294296  -0.944898 -0.231751 -0.231214  0.203930 0.659430 0
0  5.942949 0.555805 31.333578  -0.943477 -0.244493 -0.223773  0.203930 0.614740 0
trans
0  6.952694 -1.162896 32.294300  -0.852208 -0.460600 -0.248172  0.116690 0.659430 0
0  6.457153 -1.336148 34.215771  -0.844985 -0.469119 -0.256764  0.116690 0.748890 0
0  5.740053 0.454515 32.294296  -0.944898 -0.231751 -0.231214  0.203930 0.659430 0
trans
0  6.457153 -1.336148 34.215771  -0.844985 -0.469119 -0.256764  0.116690 0.748890 0
0  5.317376 0.241695 34.215771  -0.951363 -0.221857 -0.213745  0.203930 0.748890 0
0  5.740053 0.454515 32.294296  -0.944898 -0.231751 -0.231214  0.203930 0.659430 0
trans
0  6.457153 -1.336148 34.215771  -0.844985 -0.469119 -0.256764  0.116690 0.748890 0
0  6.196793 -1.427004 35.184067  -0.845840 -0.469578 -0.253083  0.116690 0.794060 0
0  5.317376 0.241695 34.215771  -0.951363 -0.221857 -0.213745  0.203930 0.748890 0
trans
0  6.196793 -1.427004 35.184067  -0.845840 -0.469578 -0.253083  0.116690 0.794060 0
0  5.172830 0.146809 35.184067  -0.953696 -0.238206 -0.183634  0.203930 0.794060 0
0  5.317376 0.241695 34.215771  -0.951363 -0.221857 -0.213745  0.203930 0.748890 0
trans
0  6.196793 -1.427004 35.184067  -0.845840 -0.469578 -0.253083  0.116690 0.794060 0
0  5.927251 -1.522349 36.161575  -0.853167 -0.458195 -0.249326  0.116690 0.839680 0
0  5.172830 0.146809 35.184067  -0.953696 -0.238206 -0.183634  0.203930 0.794060 0
trans
0  5.927251 -1.522349 36.161575  -0.853167 -0.458195 -0.249326  0.116690 0.839680 0
0  5.055537 0.082132 36.161579  -0.938256 -0.282068 -0.200282  0.203930 0.839680 0
0  5.172830 0.146809 35.184067  -0.953696 -0.238206 -0.183634  0.203930 0.794060 0
trans
0  5.927251 -1.522349 36.161575  -0.853167 -0.458195 -0.249326  0.116690 0.839680 0
0  5.376913 -1.674071 38.083374  -0.848024 -0.451584 -0.277357  0.116690 0.929340 0
0  5.055537 0.082132 36.161579  -0.938256 -0.282068 -0.200282  0.203930 0.839680 0
trans
0  5.376913 -1.674071 38.083374  -0.848024 -0.451584 -0.277357  0.116690 0.929340 0
0  4.715794 -0.130101 38.083378  -0.894208 -0.284555 -0.345574  0.203930 0.929340 0
0  5.055537 0.082132 36.161579  -0.938256 -0.282068 -0.200282  0.203930 0.839680 0
trans
0  5.376913 -1.674071 38.083374  -0.848024 -0.451584 -0.277357  0.116690 0.929340 0
0  5.038357 -1.758490 39.050697  -0.794158 -0.486416 -0.364296  0.116690 0.975180 0
0  4.715794 -0.130101 38.083378  -0.894208 -0.284555 -0.345574  0.203930 0.929340 0
trans
0  5.038357 -1.758490 39.050697  -0.794158 -0.486416 -0.364296  0.116690 0.975180 0
0  4.217290 -0.424380 39.050694  -0.849605 -0.184679 -0.494029  0.203930 0.975180 0
0  4.715794 -0.130101 38.083378  -0.894208 -0.284555 -0.345574  0.203930 0.929340 0
trans
0  8.224185 -5.381243 18.737022  -0.914477 0.382939 -0.130730  0.024320 0.028650 0
0  7.942010 -5.265478 21.049990  -0.913408 0.382184 -0.140074  0.024320 0.143530 0
0  8.904957 -4.671023 18.737026  -0.716539 0.686833 -0.121792  0.070400 0.028650 0
trans
0  7.942010 -5.265478 21.049990  -0.913408 0.382184 -0.140074  0.024320 0.143530 0
0  8.599425 -4.579627 21.049995  -0.713887 0.686289 -0.139187  0.070400 0.143530 0
0  8.904957 -4.671023 18.737026  -0.716539 0.686833 -0.121792  0.070400 0.028650 0
trans
0  7.942010 -5.265478 21.049990  -0.913408 0.382184 -0.140074  0.024320 0.143530 0
0  7.387817 -4.983797 24.906090  -0.903729 0.393544 -0.168515  0.024910 0.317950 0
0  8.599425 -4.579627 21.049995  -0.713887 0.686289 -0.139187  0.070400 0.143530 0
trans
0  7.183738 -4.884274 26.191784  -0.897319 0.402705 -0.180685  0.024910 0.376890 0
0  8.302189 -3.740056 26.191784  -0.850131 0.491569 -0.188778  0.116690 0.376890 0
0  7.387817 -4.983797 24.906090  -0.903729 0.393544 -0.168515  0.024910 0.317950 0
trans
0  8.302189 -3.740056 26.191784  -0.850131 0.491569 -0.188778  0.116690 0.376890 0
0  8.558698 -3.780041 24.906090  -0.853243 0.491322 -0.174867  0.116690 0.317950 0
0  7.387817 -4.983797 24.906090  -0.903729 0.393544 -0.168515  0.024910 0.317950 0
trans
0  7.387817 -4.983797 24.906090  -0.903729 0.393544 -0.168515  0.024910 0.317950 0
0  8.558698 -3.780041 24.906090  -0.853243 0.491322 -0.174867  0.116690 0.317950 0
0  8.599425 -4.579627 21.049995  -0.713887 0.686289 -0.139187  0.070400 0.143530 0
trans
0  8.558698 -3.780041 24.906090  -0.853243 0.491322 -0.174867  0.116690 0.317950 0
0  9.256841 -3.893777 21.049995  -0.858455 0.491214 -0.147528  0.116690 0.143530 0
0  8.599425 -4.579627 21.049995  -0.713887 0.686289 -0.139187  0.070400 0.143530 0
trans
0  8.599425 -4.579627 21.049995  -0.713887 0.686289 -0.139187  0.070400 0.143530 0
0  9.256841 -3.893777 21.049995  -0.858455 0.491214 -0.147528  0.116690 0.143530 0
0  8.904957 -4.671023 18.737026  -0.716539 0.686833 -0.121792  0.070400 0.028650 0
trans
0  9.256841 -3.893777 21.049995  -0.858455 0.491214 -0.147528  0.116690 0.143530 0
0  9.585732 -3.960808 18.737026  -0.859873 0.491915 -0.136524  0.116690 0.028650 0
0  8.904957 -4.671023 18.737026  -0.716539 0.686833 -0.121792  0.070400 0.028650 0
trans
0  9.585732 -3.960808 18.737026  -0.859873 0.491915 -0.136524  0.116690 0.028650 0
0  9.256841 -3.893777 21.049995  -0.858455 0.491214 -0.147528  0.116690 0.143530 0
0  9.848124 -3.028518 18.737020  -0.952674 0.268134 -0.143235  0.159960 0.028650 0
trans
0  9.256841 -3.893777 21.049995  -0.858455 0.491214 -0.147528  0.116690 0.143530 0
0  9.510231 -2.993476 21.049990  -0.949430 0.267240 -0.164817  0.159960 0.143530 0
0  9.848124 -3.028518 18.737020  -0.952674 0.268134 -0.143235  0.159960 0.028650 0
trans
0  9.510231 -2.993476 21.049990  -0.949430 0.267240 -0.164817  0.159960 0.143530 0
0  9.763628 -2.093177 21.049990  -0.986862 0.008760 -0.161326  0.203390 0.143530 0
0  9.848124 -3.028518 18.737020  -0.952674 0.268134 -0.143235  0.159960 0.028650 0
trans
0  9.028760 -2.110361 24.906082  -0.980225 0.001807 -0.197877  0.203930 0.317950 0
0  9.763628 -2.093177 21.049990  -0.986862 0.008760 -0.161326  0.203390 0.143530 0
0  9.510231 -2.993476 21.049990  -0.949430 0.267240 -0.164817  0.159960 0.143530 0
trans
0  8.558698 -3.780041 24.906090  -0.853243 0.491322 -0.174867  0.116690 0.317950 0
0  9.028760 -2.110361 24.906082  -0.980225 0.001807 -0.197877  0.203930 0.317950 0
0  9.510231 -2.993476 21.049990  -0.949430 0.267240 -0.164817  0.159960 0.143530 0
trans
0  8.558698 -3.780041 24.906090  -0.853243 0.491322 -0.174867  0.116690 0.317950 0
0  8.302189 -3.740056 26.191784  -0.850131 0.491569 -0.188778  0.116690 0.376890 0
0  9.028760 -2.110361 24.906082  -0.980225 0.001807 -0.197877  0.203930 0.317950 0
trans
0  8.302189 -3.740056 26.191784  -0.850131 0.491569 -0.188778  0.116690 0.376890 0
0  8.758327 -2.114214 26.191776  -0.977074 -0.004323 -0.212857  0.203930 0.376890 0
0  9.028760 -2.110361 24.906082  -0.980225 0.001807 -0.197877  0.203930 0.317950 0
trans
0  8.302189 -3.740056 26.191784  -0.850131 0.491569 -0.188778  0.116690 0.376890 0
0  8.084776 -3.706289 27.234085  -0.848156 0.491385 -0.197920  0.116690 0.425130 0
0  8.758327 -2.114214 26.191776  -0.977074 -0.004323 -0.212857  0.203930 0.376890 0
trans
0  8.084776 -3.706289 27.234085  -0.848156 0.491385 -0.197920  0.116690 0.425130 0
0  8.529958 -2.116879 27.234081  -0.974137 -0.012588 -0.225607  0.203930 0.425130 0
0  8.758327 -2.114214 26.191776  -0.977074 -0.004323 -0.212857  0.203930 0.376890 0
trans
0  8.084776 -3.706289 27.234085  -0.848156 0.491385 -0.197920  0.116690 0.425130 0
0  7.385448 -3.600550 30.361652  -0.845437 0.490685 -0.210864  0.116690 0.569620 0
0  8.529958 -2.116879 27.234081  -0.974137 -0.012588 -0.225607  0.203930 0.425130 0
trans
0  7.385448 -3.600550 30.361652  -0.845437 0.490685 -0.210864  0.116690 0.569620 0
0  7.794199 -2.120437 30.361649  -0.970316 -0.026479 -0.240387  0.203930 0.569620 0
0  8.529958 -2.116879 27.234081  -0.974137 -0.012588 -0.225607  0.203930 0.425130 0
trans
0  7.385448 -3.600550 30.361652  -0.845437 0.490685 -0.210864  0.116690 0.569620 0
0  7.153522 -3.566486 31.333580  -0.843348 0.489732 -0.221192  0.116690 0.614740 0
0  7.794199 -2.120437 30.361649  -0.970316 -0.026479 -0.240387  0.203930 0.569620 0
trans
0  9.256841 -3.893777 21.049995  -0.858455 0.491214 -0.147528  0.116690 0.143530 0
0  8.558698 -3.780041 24.906090  -0.853243 0.491322 -0.174867  0.116690 0.317950 0
0  9.510231 -2.993476 21.049990  -0.949430 0.267240 -0.164817  0.159960 0.143530 0
trans
0  9.763628 -2.093177 21.049990  -0.986862 0.008760 -0.161326  0.203390 0.143530 0
0  10.110525 -2.096232 18.737020  -0.988900 0.008743 -0.148326  0.203390 0.028650 0
0  9.848124 -3.028518 18.737020  -0.952674 0.268134 -0.143235  0.159960 0.028650 0
trans
0  4.598204 -3.668385 39.050697  -0.816227 0.508302 -0.274596  0.024910 0.975180 0
0  5.016141 -3.268220 39.050697  -0.820224 0.482253 -0.307675  0.116690 0.975180 0
0  4.853529 -3.780939 38.083374  -0.822003 0.500708 -0.271297  0.024910 0.929340 0
trans
0  5.016141 -3.268220 39.050697  -0.820224 0.482253 -0.307675  0.116690 0.975180 0
0  5.352624 -3.312352 38.083374  -0.827972 0.488653 -0.275100  0.116690 0.929340 0
0  4.853529 -3.780939 38.083374  -0.822003 0.500708 -0.271297  0.024910 0.929340 0
trans
0  4.853529 -3.780939 38.083374  -0.822003 0.500708 -0.271297  0.024910 0.929340 0
0  5.352624 -3.312352 38.083374  -0.827972 0.488653 -0.275100  0.116690 0.929340 0
0  5.286276 -3.982059 36.161575  -0.841930 0.482522 -0.241511  0.024910 0.839680 0
trans
0  5.352624 -3.312352 38.083374  -0.827972 0.488653 -0.275100  0.116690 0.929340 0
0  5.899409 -3.387290 36.161575  -0.835283 0.487702 -0.253868  0.116690 0.839680 0
0  5.286276 -3.982059 36.161575  -0.841930 0.482522 -0.241511  0.024910 0.839680 0
trans
0  5.286276 -3.982059 36.161575  -0.841930 0.482522 -0.241511  0.024910 0.839680 0
0  5.899409 -3.387290 36.161575  -0.835283 0.487702 -0.253868  0.116690 0.839680 0
0  5.494506 -4.091059 35.184067  -0.853653 0.465197 -0.234240  0.024910 0.794060 0
trans
0  5.899409 -3.387290 36.161575  -0.835283 0.487702 -0.253868  0.116690 0.839680 0
0  6.167174 -3.424905 35.184067  -0.838271 0.486767 -0.245681  0.116690 0.794060 0
0  5.494506 -4.091059 35.184067  -0.853653 0.465197 -0.234240  0.024910 0.794060 0
trans
0  5.494506 -4.091059 35.184067  -0.853653 0.465197 -0.234240  0.024910 0.794060 0
0  6.167174 -3.424905 35.184067  -0.838271 0.486767 -0.245681  0.116690 0.794060 0
0  5.701846 -4.179917 34.215778  -0.860790 0.455972 -0.226118  0.024910 0.748890 0
trans
0  6.167174 -3.424905 35.184067  -0.838271 0.486767 -0.245681  0.116690 0.794060 0
0  6.425462 -3.461635 34.215778  -0.839645 0.487831 -0.238784  0.116690 0.748890 0
0  5.701846 -4.179917 34.215778  -0.860790 0.455972 -0.226118  0.024910 0.748890 0
trans
0  5.701846 -4.179917 34.215778  -0.860790 0.455972 -0.226118  0.024910 0.748890 0
0  6.425462 -3.461635 34.215778  -0.839645 0.487831 -0.238784  0.116690 0.748890 0
0  6.077725 -4.376297 32.294308  -0.871157 0.439976 -0.217959  0.024910 0.659430 0
trans
0  6.425462 -3.461635 34.215778  -0.839645 0.487831 -0.238784  0.116690 0.748890 0
0  6.917747 -3.532129 32.294308  -0.842078 0.488760 -0.228077  0.116690 0.659430 0
0  6.077725 -4.376297 32.294308  -0.871157 0.439976 -0.217959  0.024910 0.659430 0
trans
0  6.077725 -4.376297 32.294308  -0.871157 0.439976 -0.217959  0.024910 0.659430 0
0  6.917747 -3.532129 32.294308  -0.842078 0.488760 -0.228077  0.116690 0.659430 0
0  6.266700 -4.459823 31.333578  -0.878108 0.429267 -0.211318  0.024910 0.614740 0
trans
0  6.917747 -3.532129 32.294308  -0.842078 0.488760 -0.228077  0.116690 0.659430 0
0  7.153522 -3.566486 31.333580  -0.843348 0.489732 -0.221192  0.116690 0.614740 0
0  6.266700 -4.459823 31.333578  -0.878108 0.429267 -0.211318  0.024910 0.614740 0
trans
0  6.266700 -4.459823 31.333578  -0.878108 0.429267 -0.211318  0.024910 0.614740 0
0  7.153522 -3.566486 31.333580  -0.843348 0.489732 -0.221192  0.116690 0.614740 0
0  6.452123 -4.543055 30.361650  -0.882634 0.423682 -0.203595  0.024910 0.569620 0
trans
0  7.153522 -3.566486 31.333580  -0.843348 0.489732 -0.221192  0.116690 0.614740 0
0  7.385448 -3.600550 30.361652  -0.845437 0.490685 -0.210864  0.116690 0.569620 0
0  6.452123 -4.543055 30.361650  -0.882634 0.423682 -0.203595  0.024910 0.569620 0
trans
0  6.452123 -4.543055 30.361650  -0.882634 0.423682 -0.203595  0.024910 0.569620 0
0  7.385448 -3.600550 30.361652  -0.845437 0.490685 -0.210864  0.116690 0.569620 0
0  7.010459 -4.801635 27.234081  -0.891257 0.411078 -0.191508  0.024910 0.425130 0
trans
0  7.385448 -3.600550 30.361652  -0.845437 0.490685 -0.210864  0.116690 0.569620 0
0  8.084776 -3.706289 27.234085  -0.848156 0.491385 -0.197920  0.116690 0.425130 0
0  7.010459 -4.801635 27.234081  -0.891257 0.411078 -0.191508  0.024910 0.425130 0
trans
0  7.010459 -4.801635 27.234081  -0.891257 0.411078 -0.191508  0.024910 0.425130 0
0  8.084776 -3.706289 27.234085  -0.848156 0.491385 -0.197920  0.116690 0.425130 0
0  7.183738 -4.884274 26.191784  -0.897319 0.402705 -0.180685  0.024910 0.376890 0
trans
0  8.084776 -3.706289 27.234085  -0.848156 0.491385 -0.197920  0.116690 0.425130 0
0  8.302189 -3.740056 26.191784  -0.850131 0.491569 -0.188778  0.116690 0.376890 0
0  7.183738 -4.884274 26.191784  -0.897319 0.402705 -0.180685  0.024910 0.376890 0
trans
0  7.153522 -3.566486 31.333580  -0.843348 0.489732 -0.221192  0.116690 0.614740 0
0  7.550426 -2.120437 31.333572  -0.967623 -0.034561 -0.250022  0.203930 0.614740 0
0  7.794199 -2.120437 30.361649  -0.970316 -0.026479 -0.240387  0.203930 0.569620 0
trans
0  7.153522 -3.566486 31.333580  -0.843348 0.489732 -0.221192  0.116690 0.614740 0
0  6.917747 -3.532129 32.294308  -0.842078 0.488760 -0.228077  0.116690 0.659430 0
0  7.550426 -2.120437 31.333572  -0.967623 -0.034561 -0.250022  0.203930 0.614740 0
trans
0  6.917747 -3.532129 32.294308  -0.842078 0.488760 -0.228077  0.116690 0.659430 0
0  7.302211 -2.119847 32.294300  -0.964619 -0.049039 -0.259047  0.203930 0.659430 0
0  7.550426 -2.120437 31.333572  -0.967623 -0.034561 -0.250022  0.203930 0.614740 0
trans
0  6.917747 -3.532129 32.294308  -0.842078 0.488760 -0.228077  0.116690 0.659430 0
0  6.425462 -3.461635 34.215778  -0.839645 0.487831 -0.238784  0.116690 0.748890 0
0  7.302211 -2.119847 32.294300  -0.964619 -0.049039 -0.259047  0.203930 0.659430 0
trans
0  6.425462 -3.461635 34.215778  -0.839645 0.487831 -0.238784  0.116690 0.748890 0
0  6.785046 -2.117182 34.215771  -0.960408 -0.071426 -0.269284  0.203930 0.748890 0
0  7.302211 -2.119847 32.294300  -0.964619 -0.049039 -0.259047  0.203930 0.659430 0
trans
0  6.425462 -3.461635 34.215778  -0.839645 0.487831 -0.238784  0.116690 0.748890 0
0  6.167174 -3.424905 35.184067  -0.838271 0.486767 -0.245681  0.116690 0.794060 0
0  6.785046 -2.117182 34.215771  -0.960408 -0.071426 -0.269284  0.203930 0.748890 0
trans
0  6.167174 -3.424905 35.184067  -0.838271 0.486767 -0.245681  0.116690 0.794060 0
0  6.513430 -2.115110 35.184067  -0.956497 -0.090941 -0.277207  0.203930 0.794060 0
0  6.785046 -2.117182 34.215771  -0.960408 -0.071426 -0.269284  0.203930 0.748890 0
trans
0  6.167174 -3.424905 35.184067  -0.838271 0.486767 -0.245681  0.116690 0.794060 0
0  5.899409 -3.387290 36.161575  -0.835283 0.487702 -0.253868  0.116690 0.839680 0
0  6.513430 -2.115110 35.184067  -0.956497 -0.090941 -0.277207  0.203930 0.794060 0
trans
0  5.899409 -3.387290 36.161575  -0.835283 0.487702 -0.253868  0.116690 0.839680 0
0  6.232042 -2.112444 36.161575  -0.950787 -0.123867 -0.284010  0.203930 0.839680 0
0  6.513430 -2.115110 35.184067  -0.956497 -0.090941 -0.277207  0.203930 0.794060 0
trans
0  5.899409 -3.387290 36.161575  -0.835283 0.487702 -0.253868  0.116690 0.839680 0
0  5.352624 -3.312352 38.083374  -0.827972 0.488653 -0.275100  0.116690 0.929340 0
0  6.232042 -2.112444 36.161575  -0.950787 -0.123867 -0.284010  0.203930 0.839680 0
trans
0  5.352624 -3.312352 38.083374  -0.827972 0.488653 -0.275100  0.116690 0.929340 0
0  5.657414 -2.105634 38.083374  -0.930568 -0.171681 -0.323371  0.203930 0.929340 0
0  6.232042 -2.112444 36.161575  -0.950787 -0.123867 -0.284010  0.203930 0.839680 0
trans
0  5.352624 -3.312352 38.083374  -0.827972 0.488653 -0.275100  0.116690 0.929340 0
0  5.016141 -3.268220 39.050697  -0.820224 0.482253 -0.307675  0.116690 0.975180 0
0  5.657414 -2.105634 38.083374  -0.930568 -0.171681 -0.323371  0.203930 0.929340 0
trans
0  5.016141 -3.268220 39.050697  -0.820224 0.482253 -0.307675  0.116690 0.975180 0
0  5.303455 -2.097935 39.050697  -0.920217 -0.202233 -0.335115  0.203930 0.975180 0
0  5.657414 -2.105634 38.083374  -0.930568 -0.171681 -0.323371  0.203930 0.929340 0
trans
0  -7.156778 5.402516 18.737041  0.744248 -0.650718 -0.150538  0.203390 0.028650 0
0  -6.911226 5.148283 21.049999  0.742077 -0.648826 -0.168366  0.203390 0.143530 0
0  -7.679586 4.462771 18.737041  0.864677 -0.481045 -0.144671  0.159960 0.028650 0
trans
0  -7.099609 2.664297 26.191784  0.959005 -0.201428 -0.199340  0.116690 0.376890 0
0  -6.931662 1.039165 26.191782  0.940621 -0.280155 -0.191692  0.024910 0.376890 0
0  -7.153515 1.144454 24.906088  0.938434 -0.294487 -0.180608  0.024910 0.317950 0
trans
0  -7.320276 2.849442 24.906094  0.960848 -0.207165 -0.183996  0.116690 0.317950 0
0  -7.099609 2.664297 26.191784  0.959005 -0.201428 -0.199340  0.116690 0.376890 0
0  -7.153515 1.144454 24.906088  0.938434 -0.294487 -0.180608  0.024910 0.317950 0
trans
0  -7.320276 2.849442 24.906094  0.960848 -0.207165 -0.183996  0.116690 0.317950 0
0  -7.153515 1.144454 24.906088  0.938434 -0.294487 -0.180608  0.024910 0.317950 0
0  -7.860692 2.350082 21.049994  0.988125 0.067713 -0.137926  0.070400 0.143530 0
trans
0  -7.920969 3.333285 21.049999  0.964424 -0.218157 -0.149311  0.116690 0.143530 0
0  -7.320276 2.849442 24.906094  0.960848 -0.207165 -0.183996  0.116690 0.317950 0
0  -7.860692 2.350082 21.049994  0.988125 0.067713 -0.137926  0.070400 0.143530 0
trans
0  -7.920969 3.333285 21.049999  0.964424 -0.218157 -0.149311  0.116690 0.143530 0
0  -7.860692 2.350082 21.049994  0.988125 0.067713 -0.137926  0.070400 0.143530 0
0  -8.139977 2.504893 18.737026  0.991429 0.060782 -0.115644  0.070400 0.028650 0
trans
0  -8.202394 3.523028 18.737024  0.966298 -0.218788 -0.135644  0.116690 0.028650 0
0  -7.920969 3.333285 21.049999  0.964424 -0.218157 -0.149311  0.116690 0.143530 0
0  -8.139977 2.504893 18.737026  0.991429 0.060782 -0.115644  0.070400 0.028650 0
trans
0  -7.920969 3.333285 21.049999  0.964424 -0.218157 -0.149311  0.116690 0.143530 0
0  -8.202394 3.523028 18.737024  0.966298 -0.218788 -0.135644  0.116690 0.028650 0
0  -7.679586 4.462771 18.737041  0.864677 -0.481045 -0.144671  0.159960 0.028650 0
trans
0  -7.416100 4.240784 21.049999  0.859595 -0.480008 -0.175181  0.159960 0.143530 0
0  -7.920969 3.333285 21.049999  0.964424 -0.218157 -0.149311  0.116690 0.143530 0
0  -7.679586 4.462771 18.737041  0.864677 -0.481045 -0.144671  0.159960 0.028650 0
trans
0  -6.911226 5.148283 21.049999  0.742077 -0.648826 -0.168366  0.203390 0.143530 0
0  -7.416100 4.240784 21.049999  0.859595 -0.480008 -0.175181  0.159960 0.143530 0
0  -7.679586 4.462771 18.737041  0.864677 -0.481045 -0.144671  0.159960 0.028650 0
trans
0  -6.911226 5.148283 21.049999  0.742077 -0.648826 -0.168366  0.203390 0.143530 0
0  -6.335415 4.586939 24.906094  0.739588 -0.638552 -0.212745  0.203930 0.317950 0
0  -7.416100 4.240784 21.049999  0.859595 -0.480008 -0.175181  0.159960 0.143530 0
trans
0  -6.335415 4.586939 24.906094  0.739588 -0.638552 -0.212745  0.203930 0.317950 0
0  -7.320276 2.849442 24.906094  0.960848 -0.207165 -0.183996  0.116690 0.317950 0
0  -7.416100 4.240784 21.049999  0.859595 -0.480008 -0.175181  0.159960 0.143530 0
trans
0  -7.099609 2.664297 26.191784  0.959005 -0.201428 -0.199340  0.116690 0.376890 0
0  -7.320276 2.849442 24.906094  0.960848 -0.207165 -0.183996  0.116690 0.317950 0
0  -6.335415 4.586939 24.906094  0.739588 -0.638552 -0.212745  0.203930 0.317950 0
trans
0  -6.124225 4.371436 26.191784  0.738842 -0.632864 -0.231509  0.203930 0.376890 0
0  -7.099609 2.664297 26.191784  0.959005 -0.201428 -0.199340  0.116690 0.376890 0
0  -6.335415 4.586939 24.906094  0.739588 -0.638552 -0.212745  0.203930 0.317950 0
trans
0  -6.912707 2.505752 27.234085  0.957344 -0.199225 -0.209287  0.116690 0.425130 0
0  -7.099609 2.664297 26.191784  0.959005 -0.201428 -0.199340  0.116690 0.376890 0
0  -6.124225 4.371436 26.191784  0.738842 -0.632864 -0.231509  0.203930 0.376890 0
trans
0  -5.946503 4.185964 27.234085  0.737950 -0.627470 -0.248420  0.203930 0.425130 0
0  -6.912707 2.505752 27.234085  0.957344 -0.199225 -0.209287  0.116690 0.425130 0
0  -6.124225 4.371436 26.191784  0.738842 -0.632864 -0.231509  0.203930 0.376890 0
trans
0  -6.311421 1.981621 30.361652  0.954296 -0.194884 -0.226582  0.116690 0.569620 0
0  -6.912707 2.505752 27.234085  0.957344 -0.199225 -0.209287  0.116690 0.425130 0
0  -5.946503 4.185964 27.234085  0.737950 -0.627470 -0.248420  0.203930 0.425130 0
trans
0  -5.375433 3.571450 30.361652  0.737159 -0.620852 -0.266719  0.203930 0.569620 0
0  -6.311421 1.981621 30.361652  0.954296 -0.194884 -0.226582  0.116690 0.569620 0
0  -5.946503 4.185964 27.234085  0.737950 -0.627470 -0.248420  0.203930 0.425130 0
trans
0  -6.112080 1.803833 31.333582  0.952773 -0.191467 -0.235718  0.116690 0.614740 0
0  -6.311421 1.981621 30.361652  0.954296 -0.194884 -0.226582  0.116690 0.569620 0
0  -5.375433 3.571450 30.361652  0.737159 -0.620852 -0.266719  0.203930 0.569620 0
trans
0  -7.320276 2.849442 24.906094  0.960848 -0.207165 -0.183996  0.116690 0.317950 0
0  -7.920969 3.333285 21.049999  0.964424 -0.218157 -0.149311  0.116690 0.143530 0
0  -7.416100 4.240784 21.049999  0.859595 -0.480008 -0.175181  0.159960 0.143530 0
trans
0  -7.153515 1.144454 24.906088  0.938434 -0.294487 -0.180608  0.024910 0.317950 0
0  -7.800414 1.366879 21.049994  0.936632 -0.319217 -0.144298  0.024320 0.143530 0
0  -7.860692 2.350082 21.049994  0.988125 0.067713 -0.137926  0.070400 0.143530 0
trans
0  -7.860692 2.350082 21.049994  0.988125 0.067713 -0.137926  0.070400 0.143530 0
0  -7.800414 1.366879 21.049994  0.936632 -0.319217 -0.144298  0.024320 0.143530 0
0  -8.139977 2.504893 18.737026  0.991429 0.060782 -0.115644  0.070400 0.028650 0
trans
0  -7.800414 1.366879 21.049994  0.936632 -0.319217 -0.144298  0.024320 0.143530 0
0  -8.077557 1.486757 18.737024  0.938676 -0.319737 -0.129056  0.024320 0.028650 0
0  -8.139977 2.504893 18.737026  0.991429 0.060782 -0.115644  0.070400 0.028650 0
trans
0  -7.099609 2.664297 26.191784  0.959005 -0.201428 -0.199340  0.116690 0.376890 0
0  -6.912707 2.505752 27.234085  0.957344 -0.199225 -0.209287  0.116690 0.425130 0
0  -6.931662 1.039165 26.191782  0.940621 -0.280155 -0.191692  0.024910 0.376890 0
trans
0  -6.912707 2.505752 27.234085  0.957344 -0.199225 -0.209287  0.116690 0.425130 0
0  -6.744464 0.949362 27.234085  0.941449 -0.269240 -0.202938  0.024910 0.425130 0
0  -6.931662 1.039165 26.191782  0.940621 -0.280155 -0.191692  0.024910 0.376890 0
trans
0  -6.912707 2.505752 27.234085  0.957344 -0.199225 -0.209287  0.116690 0.425130 0
0  -6.311421 1.981621 30.361652  0.954296 -0.194884 -0.226582  0.116690 0.569620 0
0  -6.744464 0.949362 27.234085  0.941449 -0.269240 -0.202938  0.024910 0.425130 0
trans
0  -6.311421 1.981621 30.361652  0.954296 -0.194884 -0.226582  0.116690 0.569620 0
0  -6.142290 0.655306 30.361654  0.943200 -0.252752 -0.215618  0.024910 0.569620 0
0  -6.744464 0.949362 27.234085  0.941449 -0.269240 -0.202938  0.024910 0.425130 0
trans
0  -6.311421 1.981621 30.361652  0.954296 -0.194884 -0.226582  0.116690 0.569620 0
0  -6.112080 1.803833 31.333582  0.952773 -0.191467 -0.235718  0.116690 0.614740 0
0  -6.142290 0.655306 30.361654  0.943200 -0.252752 -0.215618  0.024910 0.569620 0
trans
0  -6.112080 1.803833 31.333582  0.952773 -0.191467 -0.235718  0.116690 0.614740 0
0  -5.942948 0.555804 31.333582  0.943465 -0.244489 -0.223827  0.024910 0.614740 0
0  -6.142290 0.655306 30.361654  0.943200 -0.252752 -0.215618  0.024910 0.569620 0
trans
0  -6.112080 1.803833 31.333582  0.952773 -0.191467 -0.235718  0.116690 0.614740 0
0  -5.909184 1.621434 32.294304  0.951265 -0.188570 -0.244000  0.116690 0.659430 0
0  -5.942948 0.555804 31.333582  0.943465 -0.244489 -0.223827  0.024910 0.614740 0
trans
0  -5.909184 1.621434 32.294304  0.951265 -0.188570 -0.244000  0.116690 0.659430 0
0  -5.740053 0.454515 32.294300  0.944900 -0.231710 -0.231247  0.024910 0.659430 0
0  -5.942948 0.555804 31.333582  0.943465 -0.244489 -0.223827  0.024910 0.614740 0
trans
0  -5.909184 1.621434 32.294304  0.951265 -0.188570 -0.244000  0.116690 0.659430 0
0  -5.485914 1.235407 34.215775  0.950036 -0.180407 -0.254725  0.116690 0.748890 0
0  -5.740053 0.454515 32.294300  0.944900 -0.231710 -0.231247  0.024910 0.659430 0
trans
0  -5.485914 1.235407 34.215775  0.950036 -0.180407 -0.254725  0.116690 0.748890 0
0  -5.317377 0.241695 34.215775  0.951293 -0.222121 -0.213784  0.024910 0.748890 0
0  -5.740053 0.454515 32.294300  0.944900 -0.231710 -0.231247  0.024910 0.659430 0
trans
0  -5.485914 1.235407 34.215775  0.950036 -0.180407 -0.254725  0.116690 0.748890 0
0  -5.263764 1.030354 35.184067  0.946824 -0.200408 -0.251715  0.116690 0.794060 0
0  -5.317377 0.241695 34.215775  0.951293 -0.222121 -0.213784  0.024910 0.748890 0
trans
0  -5.263764 1.030354 35.184067  0.946824 -0.200408 -0.251715  0.116690 0.794060 0
0  -5.172831 0.146809 35.184067  0.953697 -0.238205 -0.183634  0.024910 0.794060 0
0  -5.317377 0.241695 34.215775  0.951293 -0.222121 -0.213784  0.024910 0.748890 0
trans
0  -5.263764 1.030354 35.184067  0.946824 -0.200408 -0.251715  0.116690 0.794060 0
0  -5.033912 0.815938 36.161579  0.931462 -0.254860 -0.259665  0.116690 0.839680 0
0  -5.172831 0.146809 35.184067  0.953697 -0.238205 -0.183634  0.024910 0.794060 0
trans
0  -5.033912 0.815938 36.161579  0.931462 -0.254860 -0.259665  0.116690 0.839680 0
0  -5.055537 0.082132 36.161579  0.938256 -0.282068 -0.200283  0.024910 0.839680 0
0  -5.172831 0.146809 35.184067  0.953697 -0.238205 -0.183634  0.024910 0.794060 0
trans
0  -5.033912 0.815938 36.161579  0.931462 -0.254860 -0.259665  0.116690 0.839680 0
0  -4.563845 0.373307 38.083382  0.883272 -0.357222 -0.303682  0.116690 0.929340 0
0  -5.055537 0.082132 36.161579  0.938256 -0.282068 -0.200283  0.024910 0.839680 0
trans
0  -4.563845 0.373307 38.083382  0.883272 -0.357222 -0.303682  0.116690 0.929340 0
0  -4.715795 -0.130100 38.083382  0.894211 -0.284549 -0.345570  0.024910 0.929340 0
0  -5.055537 0.082132 36.161579  0.938256 -0.282068 -0.200283  0.024910 0.839680 0
trans
0  -4.563845 0.373307 38.083382  0.883272 -0.357222 -0.303682  0.116690 0.929340 0
0  -4.275052 0.114642 39.050701  0.867455 -0.305742 -0.392484  0.116690 0.975180 0
0  -4.715795 -0.130100 38.083382  0.894211 -0.284549 -0.345570  0.024910 0.929340 0
trans
0  -4.275052 0.114642 39.050701  0.867455 -0.305742 -0.392484  0.116690 0.975180 0
0  -4.217292 -0.424380 39.050701  0.849615 -0.184683 -0.494012  0.024910 0.975180 0
0  -4.715795 -0.130100 38.083382  0.894211 -0.284549 -0.345570  0.024910 0.929340 0
trans
0  -5.186754 3.362724 31.333578  0.735805 -0.617363 -0.278306  0.203930 0.614740 0
0  -6.112080 1.803833 31.333582  0.952773 -0.191467 -0.235718  0.116690 0.614740 0
0  -5.375433 3.571450 30.361652  0.737159 -0.620852 -0.266719  0.203930 0.569620 0
trans
0  -5.909184 1.621434 32.294304  0.951265 -0.188570 -0.244000  0.116690 0.659430 0
0  -6.112080 1.803833 31.333582  0.952773 -0.191467 -0.235718  0.116690 0.614740 0
0  -5.186754 3.362724 31.333578  0.735805 -0.617363 -0.278306  0.203930 0.614740 0
trans
0  -4.994817 3.148178 32.294312  0.735169 -0.612818 -0.289796  0.203930 0.659430 0
0  -5.909184 1.621434 32.294304  0.951265 -0.188570 -0.244000  0.116690 0.659430 0
0  -5.186754 3.362724 31.333578  0.735805 -0.617363 -0.278306  0.203930 0.614740 0
trans
0  -5.485914 1.235407 34.215775  0.950036 -0.180407 -0.254725  0.116690 0.748890 0
0  -5.909184 1.621434 32.294304  0.951265 -0.188570 -0.244000  0.116690 0.659430 0
0  -4.994817 3.148178 32.294312  0.735169 -0.612818 -0.289796  0.203930 0.659430 0
trans
0  -4.594947 2.694097 34.215782  0.734720 -0.607286 -0.302308  0.203930 0.748890 0
0  -5.485914 1.235407 34.215775  0.950036 -0.180407 -0.254725  0.116690 0.748890 0
0  -4.994817 3.148178 32.294312  0.735169 -0.612818 -0.289796  0.203930 0.659430 0
trans
0  -5.263764 1.030354 35.184067  0.946824 -0.200408 -0.251715  0.116690 0.794060 0
0  -5.485914 1.235407 34.215775  0.950036 -0.180407 -0.254725  0.116690 0.748890 0
0  -4.594947 2.694097 34.215782  0.734720 -0.607286 -0.302308  0.203930 0.748890 0
trans
0  -4.385533 2.452126 35.184078  0.735346 -0.602428 -0.310398  0.203930 0.794060 0
0  -5.263764 1.030354 35.184067  0.946824 -0.200408 -0.251715  0.116690 0.794060 0
0  -4.594947 2.694097 34.215782  0.734720 -0.607286 -0.302308  0.203930 0.748890 0
trans
0  -5.033912 0.815938 36.161579  0.931462 -0.254860 -0.259665  0.116690 0.839680 0
0  -5.263764 1.030354 35.184067  0.946824 -0.200408 -0.251715  0.116690 0.794060 0
0  -4.385533 2.452126 35.184078  0.735346 -0.602428 -0.310398  0.203930 0.794060 0
trans
0  -4.169308 2.199872 36.161591  0.733578 -0.597063 -0.324623  0.203930 0.839680 0
0  -5.033912 0.815938 36.161579  0.931462 -0.254860 -0.259665  0.116690 0.839680 0
0  -4.385533 2.452126 35.184078  0.735346 -0.602428 -0.310398  0.203930 0.794060 0
trans
0  -4.563845 0.373307 38.083382  0.883272 -0.357222 -0.303682  0.116690 0.929340 0
0  -5.033912 0.815938 36.161579  0.931462 -0.254860 -0.259665  0.116690 0.839680 0
0  -4.169308 2.199872 36.161591  0.733578 -0.597063 -0.324623  0.203930 0.839680 0
trans
0  -3.727082 1.677542 38.083382  0.680309 -0.617428 -0.394920  0.203930 0.929340 0
0  -4.563845 0.373307 38.083382  0.883272 -0.357222 -0.303682  0.116690 0.929340 0
0  -4.169308 2.199872 36.161591  0.733578 -0.597063 -0.324623  0.203930 0.839680 0
trans
0  -4.275052 0.114642 39.050701  0.867455 -0.305742 -0.392484  0.116690 0.975180 0
0  -4.563845 0.373307 38.083382  0.883272 -0.357222 -0.303682  0.116690 0.929340 0
0  -3.727082 1.677542 38.083382  0.680309 -0.617428 -0.394920  0.203930 0.929340 0
trans
0  -3.456948 1.372359 39.050697  0.613024 -0.688072 -0.388277  0.203930 0.975180 0
0  -4.275052 0.114642 39.050701  0.867455 -0.305742 -0.392484  0.116690 0.975180 0
0  -3.727082 1.677542 38.083382  0.680309 -0.617428 -0.394920  0.203930 0.929340 0
trans
0  2.837594 -5.851673 39.050697  -0.260080 0.917529 -0.300832  0.116690 0.975180 0
0  3.899174 -5.332436 39.050697  -0.635169 0.698021 -0.330646  0.203930 0.975180 0
0  4.123101 -5.586870 38.083378  -0.635391 0.705637 -0.313616  0.203930 0.929340 0
trans
0  3.028050 -6.118253 38.083382  -0.257806 0.926022 -0.275716  0.116690 0.929340 0
0  4.123101 -5.586870 38.083378  -0.635391 0.705637 -0.313616  0.203930 0.929340 0
0  4.493054 -5.998881 36.161575  -0.636053 0.711860 -0.297813  0.203930 0.839680 0
trans
0  3.028050 -6.118253 38.083382  -0.257806 0.926022 -0.275716  0.116690 0.929340 0
0  2.837594 -5.851673 39.050697  -0.260080 0.917529 -0.300832  0.116690 0.975180 0
0  4.123101 -5.586870 38.083378  -0.635391 0.705637 -0.313616  0.203930 0.929340 0
trans
0  2.837594 -5.851673 39.050697  -0.260080 0.917529 -0.300832  0.116690 0.975180 0
0  3.028050 -6.118253 38.083382  -0.257806 0.926022 -0.275716  0.116690 0.929340 0
0  1.938628 -6.221035 38.083382  -0.304153 0.913328 -0.270783  0.024910 0.929340 0
trans
0  1.851249 -5.959788 39.050697  -0.298058 0.914412 -0.273883  0.024910 0.975180 0
0  2.837594 -5.851673 39.050697  -0.260080 0.917529 -0.300832  0.116690 0.975180 0
0  1.938628 -6.221035 38.083382  -0.304153 0.913328 -0.270783  0.024910 0.929340 0
trans
0  1.851249 -5.959788 39.050697  -0.298058 0.914412 -0.273883  0.024910 0.975180 0
0  1.938628 -6.221035 38.083382  -0.304153 0.913328 -0.270783  0.024910 0.929340 0
0  0.922662 -6.492056 39.050690  -0.368171 0.877748 -0.306607  0.116690 0.975180 0
trans
0  -0.922662 -6.492056 39.050690  0.368172 0.877748 -0.306607  0.116690 0.975180 0
0  -0.000001 -6.730499 39.050690  0.000001 0.942957 -0.332915  0.203930 0.975180 0
0  -0.000001 -7.072016 38.083370  -0.000000 0.947176 -0.320714  0.203930 0.929340 0
trans
0  -0.000001 -6.730499 39.050690  0.000001 0.942957 -0.332915  0.203930 0.975180 0
0  0.922662 -6.492056 39.050690  -0.368171 0.877748 -0.306607  0.116690 0.975180 0
0  -0.000001 -7.072016 38.083370  -0.000000 0.947176 -0.320714  0.203930 0.929340 0
trans
0  0.922662 -6.492056 39.050690  -0.368171 0.877748 -0.306607  0.116690 0.975180 0
0  0.983679 -6.814620 38.083370  -0.389906 0.875562 -0.285245  0.116690 0.929340 0
0  -0.000001 -7.072016 38.083370  -0.000000 0.947176 -0.320714  0.203930 0.929340 0
trans
0  1.938628 -6.221035 38.083382  -0.304153 0.913328 -0.270783  0.024910 0.929340 0
0  0.983679 -6.814620 38.083370  -0.389906 0.875562 -0.285245  0.116690 0.929340 0
0  0.922662 -6.492056 39.050690  -0.368171 0.877748 -0.306607  0.116690 0.975180 0
trans
0  1.938628 -6.221035 38.083382  -0.304153 0.913328 -0.270783  0.024910 0.929340 0
0  2.063328 -6.679255 36.161575  -0.323972 0.913256 -0.246994  0.024910 0.839680 0
0  0.983679 -6.814620 38.083370  -0.389906 0.875562 -0.285245  0.116690 0.929340 0
trans
0  1.938628 -6.221035 38.083382  -0.304153 0.913328 -0.270783  0.024910 0.929340 0
0  3.028050 -6.118253 38.083382  -0.257806 0.926022 -0.275716  0.116690 0.929340 0
0  2.063328 -6.679255 36.161575  -0.323972 0.913256 -0.246994  0.024910 0.839680 0
trans
0  3.028050 -6.118253 38.083382  -0.257806 0.926022 -0.275716  0.116690 0.929340 0
0  3.336988 -6.587431 36.161575  -0.248128 0.929892 -0.271539  0.116690 0.839680 0
0  2.063328 -6.679255 36.161575  -0.323972 0.913256 -0.246994  0.024910 0.839680 0
trans
0  3.336988 -6.587431 36.161575  -0.248128 0.929892 -0.271539  0.116690 0.839680 0
0  3.028050 -6.118253 38.083382  -0.257806 0.926022 -0.275716  0.116690 0.929340 0
0  4.493054 -5.998881 36.161575  -0.636053 0.711860 -0.297813  0.203930 0.839680 0
trans
0  3.336988 -6.587431 36.161575  -0.248128 0.929892 -0.271539  0.116690 0.839680 0
0  4.493054 -5.998881 36.161575  -0.636053 0.711860 -0.297813  0.203930 0.839680 0
0  4.692101 -6.278200 35.184063  -0.632917 0.710559 -0.307445  0.203930 0.794060 0
trans
0  3.488345 -6.822317 35.184063  -0.227178 0.937963 -0.261945  0.116690 0.794060 0
0  3.336988 -6.587431 36.161575  -0.248128 0.929892 -0.271539  0.116690 0.839680 0
0  4.692101 -6.278200 35.184063  -0.632917 0.710559 -0.307445  0.203930 0.794060 0
trans
0  3.488345 -6.822317 35.184063  -0.227178 0.937963 -0.261945  0.116690 0.794060 0
0  4.692101 -6.278200 35.184063  -0.632917 0.710559 -0.307445  0.203930 0.794060 0
0  4.897072 -6.518414 34.215767  -0.638449 0.714972 -0.284952  0.203930 0.748890 0
trans
0  3.634667 -7.051873 34.215771  -0.217901 0.942988 -0.251582  0.116690 0.748890 0
0  3.488345 -6.822317 35.184063  -0.227178 0.937963 -0.261945  0.116690 0.794060 0
0  4.897072 -6.518414 34.215767  -0.638449 0.714972 -0.284952  0.203930 0.748890 0
trans
0  3.634667 -7.051873 34.215771  -0.217901 0.942988 -0.251582  0.116690 0.748890 0
0  4.897072 -6.518414 34.215767  -0.638449 0.714972 -0.284952  0.203930 0.748890 0
0  5.224964 -6.934276 32.294296  -0.641016 0.719741 -0.266593  0.203930 0.659430 0
trans
0  3.912799 -7.499426 32.294300  -0.216356 0.944923 -0.245582  0.116690 0.659430 0
0  3.634667 -7.051873 34.215771  -0.217901 0.942988 -0.251582  0.116690 0.748890 0
0  5.224964 -6.934276 32.294296  -0.641016 0.719741 -0.266593  0.203930 0.659430 0
trans
0  3.912799 -7.499426 32.294300  -0.216356 0.944923 -0.245582  0.116690 0.659430 0
0  5.224964 -6.934276 32.294296  -0.641016 0.719741 -0.266593  0.203930 0.659430 0
0  5.402979 -7.126804 31.333574  -0.643723 0.719449 -0.260794  0.203930 0.614740 0
trans
0  4.046384 -7.718911 31.333578  -0.216566 0.945966 -0.241344  0.116690 0.614740 0
0  3.912799 -7.499426 32.294300  -0.216356 0.944923 -0.245582  0.116690 0.659430 0
0  5.402979 -7.126804 31.333574  -0.643723 0.719449 -0.260794  0.203930 0.614740 0
trans
0  4.046384 -7.718911 31.333578  -0.216566 0.945966 -0.241344  0.116690 0.614740 0
0  5.402979 -7.126804 31.333574  -0.643723 0.719449 -0.260794  0.203930 0.614740 0
0  5.578033 -7.319036 30.361647  -0.648129 0.717865 -0.254162  0.203930 0.569620 0
trans
0  4.177601 -7.938097 30.361645  -0.217191 0.947390 -0.235119  0.116690 0.569620 0
0  4.046384 -7.718911 31.333578  -0.216566 0.945966 -0.241344  0.116690 0.614740 0
0  5.578033 -7.319036 30.361647  -0.648129 0.717865 -0.254162  0.203930 0.569620 0
trans
0  6.098812 5.754971 21.050003  -0.592300 -0.785799 -0.178047  0.070400 0.143530 0
0  5.286397 6.361657 21.050007  -0.395120 -0.904091 -0.162787  0.116690 0.143530 0
0  6.315498 6.030755 18.737043  -0.591582 -0.792191 -0.149878  0.070400 0.028650 0
trans
0  5.286397 6.361657 21.050007  -0.395120 -0.904091 -0.162787  0.116690 0.143530 0
0  5.474218 6.658997 18.737043  -0.396332 -0.905999 -0.148617  0.116690 0.028650 0
0  6.315498 6.030755 18.737043  -0.591582 -0.792191 -0.149878  0.070400 0.028650 0
trans
0  5.474218 6.658997 18.737043  -0.396332 -0.905999 -0.148617  0.116690 0.028650 0
0  5.286397 6.361657 21.050007  -0.395120 -0.904091 -0.162787  0.116690 0.143530 0
0  4.388811 6.859889 18.737030  -0.180204 -0.973644 -0.139800  0.159960 0.028650 0
trans
0  5.286397 6.361657 21.050007  -0.395120 -0.904091 -0.162787  0.116690 0.143530 0
0  4.238228 6.555654 21.049992  -0.186864 -0.969431 -0.159016  0.159960 0.143530 0
0  4.388811 6.859889 18.737030  -0.180204 -0.973644 -0.139800  0.159960 0.028650 0
trans
0  5.286397 6.361657 21.050007  -0.395120 -0.904091 -0.162787  0.116690 0.143530 0
0  4.893339 5.715194 24.906099  -0.410086 -0.889980 -0.199412  0.116690 0.317950 0
0  4.238228 6.555654 21.049992  -0.186864 -0.969431 -0.159016  0.159960 0.143530 0
trans
0  4.893339 5.715194 24.906099  -0.410086 -0.889980 -0.199412  0.116690 0.317950 0
0  5.286397 6.361657 21.050007  -0.395120 -0.904091 -0.162787  0.116690 0.143530 0
0  6.098812 5.754971 21.050003  -0.592300 -0.785799 -0.178047  0.070400 0.143530 0
trans
0  6.335417 4.586938 24.906097  -0.739504 -0.638626 -0.212817  0.024910 0.317950 0
0  4.893339 5.715194 24.906099  -0.410086 -0.889980 -0.199412  0.116690 0.317950 0
0  6.098812 5.754971 21.050003  -0.592300 -0.785799 -0.178047  0.070400 0.143530 0
trans
0  6.911228 5.148283 21.050003  -0.742066 -0.648815 -0.168453  0.024320 0.143530 0
0  6.335417 4.586938 24.906097  -0.739504 -0.638626 -0.212817  0.024910 0.317950 0
0  6.098812 5.754971 21.050003  -0.592300 -0.785799 -0.178047  0.070400 0.143530 0
trans
0  6.911228 5.148283 21.050003  -0.742066 -0.648815 -0.168453  0.024320 0.143530 0
0  6.098812 5.754971 21.050003  -0.592300 -0.785799 -0.178047  0.070400 0.143530 0
0  6.315498 6.030755 18.737043  -0.591582 -0.792191 -0.149878  0.070400 0.028650 0
trans
0  7.156781 5.402515 18.737043  -0.744076 -0.650914 -0.150541  0.024320 0.028650 0
0  6.911228 5.148283 21.050003  -0.742066 -0.648815 -0.168453  0.024320 0.143530 0
0  6.315498 6.030755 18.737043  -0.591582 -0.792191 -0.149878  0.070400 0.028650 0
trans
0  6.124227 4.371436 26.191792  -0.738879 -0.632581 -0.232160  0.024910 0.376890 0
0  4.748794 5.466109 26.191792  -0.423565 -0.878491 -0.221010  0.116690 0.376890 0
0  6.335417 4.586938 24.906097  -0.739504 -0.638626 -0.212817  0.024910 0.317950 0
trans
0  4.748794 5.466109 26.191792  -0.423565 -0.878491 -0.221010  0.116690 0.376890 0
0  4.893339 5.715194 24.906099  -0.410086 -0.889980 -0.199412  0.116690 0.317950 0
0  6.335417 4.586938 24.906097  -0.739504 -0.638626 -0.212817  0.024910 0.317950 0
trans
0  4.893339 5.715194 24.906099  -0.410086 -0.889980 -0.199412  0.116690 0.317950 0
0  4.748794 5.466109 26.191792  -0.423565 -0.878491 -0.221010  0.116690 0.376890 0
0  2.940659 6.152190 24.906084  -0.261809 -0.947039 -0.185938  0.203930 0.317950 0
trans
0  4.893339 5.715194 24.906099  -0.410086 -0.889980 -0.199412  0.116690 0.317950 0
0  2.940659 6.152190 24.906084  -0.261809 -0.947039 -0.185938  0.203930 0.317950 0
0  4.238228 6.555654 21.049992  -0.186864 -0.969431 -0.159016  0.159960 0.143530 0
trans
0  2.940659 6.152190 24.906084  -0.261809 -0.947039 -0.185938  0.203930 0.317950 0
0  3.190059 6.749654 21.049992  -0.274713 -0.949894 -0.149113  0.203390 0.143530 0
0  4.238228 6.555654 21.049992  -0.186864 -0.969431 -0.159016  0.159960 0.143530 0
trans
0  4.238228 6.555654 21.049992  -0.186864 -0.969431 -0.159016  0.159960 0.143530 0
0  3.190059 6.749654 21.049992  -0.274713 -0.949894 -0.149113  0.203390 0.143530 0
0  4.388811 6.859889 18.737030  -0.180204 -0.973644 -0.139800  0.159960 0.028650 0
trans
0  3.190059 6.749654 21.049992  -0.274713 -0.949894 -0.149113  0.203390 0.143530 0
0  3.303401 7.060780 18.737026  -0.274943 -0.951007 -0.141393  0.203390 0.028650 0
0  4.388811 6.859889 18.737030  -0.180204 -0.973644 -0.139800  0.159960 0.028650 0
trans
0  3.456947 1.372359 39.050697  -0.613024 -0.688071 -0.388277  0.024910 0.975180 0
0  2.795236 1.701058 39.050697  -0.418808 -0.760800 -0.495766  0.116690 0.975180 0
0  3.727082 1.677542 38.083382  -0.680310 -0.617427 -0.394920  0.024910 0.929340 0
trans
0  2.795236 1.701058 39.050697  -0.418808 -0.760800 -0.495766  0.116690 0.975180 0
0  3.059150 2.319416 38.083389  -0.479784 -0.767132 -0.425813  0.116690 0.929340 0
0  3.727082 1.677542 38.083382  -0.680310 -0.617427 -0.394920  0.024910 0.929340 0
trans
0  3.727082 1.677542 38.083382  -0.680310 -0.617427 -0.394920  0.024910 0.929340 0
0  3.059150 2.319416 38.083389  -0.479784 -0.767132 -0.425813  0.116690 0.929340 0
0  4.169307 2.199871 36.161591  -0.733598 -0.597061 -0.324581  0.024910 0.839680 0
trans
0  3.059150 2.319416 38.083389  -0.479784 -0.767132 -0.425813  0.116690 0.929340 0
0  3.411036 2.929957 36.161598  -0.506792 -0.799289 -0.322954  0.116690 0.839680 0
0  4.169307 2.199871 36.161591  -0.733598 -0.597061 -0.324581  0.024910 0.839680 0
trans
0  4.169307 2.199871 36.161591  -0.733598 -0.597061 -0.324581  0.024910 0.839680 0
0  3.411036 2.929957 36.161598  -0.506792 -0.799289 -0.322954  0.116690 0.839680 0
0  4.385532 2.452124 35.184078  -0.735404 -0.602359 -0.310393  0.024910 0.794060 0
trans
0  3.411036 2.929957 36.161598  -0.506792 -0.799289 -0.322954  0.116690 0.839680 0
0  3.546815 3.227343 35.184082  -0.496870 -0.807881 -0.316936  0.116690 0.794060 0
0  4.385532 2.452124 35.184078  -0.735404 -0.602359 -0.310393  0.024910 0.794060 0
trans
0  4.385532 2.452124 35.184078  -0.735404 -0.602359 -0.310393  0.024910 0.794060 0
0  3.546815 3.227343 35.184082  -0.496870 -0.807881 -0.316936  0.116690 0.794060 0
0  4.594946 2.694095 34.215786  -0.734721 -0.607265 -0.302347  0.024910 0.748890 0
trans
0  3.546815 3.227343 35.184082  -0.496870 -0.807881 -0.316936  0.116690 0.794060 0
0  3.692249 3.510618 34.215786  -0.491522 -0.817951 -0.298935  0.116690 0.748890 0
0  4.594946 2.694095 34.215786  -0.734721 -0.607265 -0.302347  0.024910 0.748890 0
trans
0  4.594946 2.694095 34.215786  -0.734721 -0.607265 -0.302347  0.024910 0.748890 0
0  3.692249 3.510618 34.215786  -0.491522 -0.817951 -0.298935  0.116690 0.748890 0
0  4.994816 3.148176 32.294315  -0.735180 -0.612748 -0.289913  0.024910 0.659430 0
trans
0  3.692249 3.510618 34.215786  -0.491522 -0.817951 -0.298935  0.116690 0.748890 0
0  3.969491 4.042286 32.294315  -0.474234 -0.833007 -0.284960  0.116690 0.659430 0
0  4.994816 3.148176 32.294315  -0.735180 -0.612748 -0.289913  0.024910 0.659430 0
trans
0  4.994816 3.148176 32.294315  -0.735180 -0.612748 -0.289913  0.024910 0.659430 0
0  3.969491 4.042286 32.294315  -0.474234 -0.833007 -0.284960  0.116690 0.659430 0
0  5.186753 3.362722 31.333584  -0.735805 -0.617362 -0.278307  0.024910 0.614740 0
trans
0  3.969491 4.042286 32.294315  -0.474234 -0.833007 -0.284960  0.116690 0.659430 0
0  4.102188 4.292741 31.333588  -0.465265 -0.841743 -0.273855  0.116690 0.614740 0
0  5.186753 3.362722 31.333584  -0.735805 -0.617362 -0.278307  0.024910 0.614740 0
trans
0  5.186753 3.362722 31.333584  -0.735805 -0.617362 -0.278307  0.024910 0.614740 0
0  4.102188 4.292741 31.333588  -0.465265 -0.841743 -0.273855  0.116690 0.614740 0
0  5.375433 3.571449 30.361660  -0.737143 -0.620798 -0.266890  0.024910 0.569620 0
trans
0  4.102188 4.292741 31.333588  -0.465265 -0.841743 -0.273855  0.116690 0.614740 0
0  4.232813 4.536306 30.361660  -0.451067 -0.854683 -0.257013  0.116690 0.569620 0
0  5.375433 3.571449 30.361660  -0.737143 -0.620798 -0.266890  0.024910 0.569620 0
trans
0  5.375433 3.571449 30.361660  -0.737143 -0.620798 -0.266890  0.024910 0.569620 0
0  4.232813 4.536306 30.361660  -0.451067 -0.854683 -0.257013  0.116690 0.569620 0
0  5.946504 4.185964 27.234093  -0.737944 -0.627491 -0.248381  0.024910 0.425130 0
trans
0  4.232813 4.536306 30.361660  -0.451067 -0.854683 -0.257013  0.116690 0.569620 0
0  4.626462 5.251027 27.234095  -0.431096 -0.870962 -0.235756  0.116690 0.425130 0
0  5.946504 4.185964 27.234093  -0.737944 -0.627491 -0.248381  0.024910 0.425130 0
trans
0  5.946504 4.185964 27.234093  -0.737944 -0.627491 -0.248381  0.024910 0.425130 0
0  4.626462 5.251027 27.234095  -0.431096 -0.870962 -0.235756  0.116690 0.425130 0
0  6.124227 4.371436 26.191792  -0.738879 -0.632581 -0.232160  0.024910 0.376890 0
trans
0  4.626462 5.251027 27.234095  -0.431096 -0.870962 -0.235756  0.116690 0.425130 0
0  4.748794 5.466109 26.191792  -0.423565 -0.878491 -0.221010  0.116690 0.376890 0
0  6.124227 4.371436 26.191792  -0.738879 -0.632581 -0.232160  0.024910 0.376890 0
trans
0  4.748794 5.466109 26.191792  -0.423565 -0.878491 -0.221010  0.116690 0.376890 0
0  2.849133 5.920394 26.191780  -0.250629 -0.945961 -0.205772  0.203930 0.376890 0
0  2.940659 6.152190 24.906084  -0.261809 -0.947039 -0.185938  0.203930 0.317950 0
trans
0  4.748794 5.466109 26.191792  -0.423565 -0.878491 -0.221010  0.116690 0.376890 0
0  4.626462 5.251027 27.234095  -0.431096 -0.870962 -0.235756  0.116690 0.425130 0
0  2.849133 5.920394 26.191780  -0.250629 -0.945961 -0.205772  0.203930 0.376890 0
trans
0  4.626462 5.251027 27.234095  -0.431096 -0.870962 -0.235756  0.116690 0.425130 0
0  2.772416 5.719917 27.234081  -0.236687 -0.945435 -0.223904  0.203930 0.425130 0
0  2.849133 5.920394 26.191780  -0.250629 -0.945961 -0.205772  0.203930 0.376890 0
trans
0  4.626462 5.251027 27.234095  -0.431096 -0.870962 -0.235756  0.116690 0.425130 0
0  4.232813 4.536306 30.361660  -0.451067 -0.854683 -0.257013  0.116690 0.569620 0
0  2.772416 5.719917 27.234081  -0.236687 -0.945435 -0.223904  0.203930 0.425130 0
trans
0  4.232813 4.536306 30.361660  -0.451067 -0.854683 -0.257013  0.116690 0.569620 0
0  2.525978 5.051713 30.361649  -0.214340 -0.945446 -0.245338  0.203930 0.569620 0
0  2.772416 5.719917 27.234081  -0.236687 -0.945435 -0.223904  0.203930 0.425130 0
trans
0  4.232813 4.536306 30.361660  -0.451067 -0.854683 -0.257013  0.116690 0.569620 0
0  4.102188 4.292741 31.333588  -0.465265 -0.841743 -0.273855  0.116690 0.614740 0
0  2.525978 5.051713 30.361649  -0.214340 -0.945446 -0.245338  0.203930 0.569620 0
trans
0  4.102188 4.292741 31.333588  -0.465265 -0.841743 -0.273855  0.116690 0.614740 0
0  2.444226 4.823230 31.333576  -0.202087 -0.944596 -0.258649  0.203930 0.614740 0
0  2.525978 5.051713 30.361649  -0.214340 -0.945446 -0.245338  0.203930 0.569620 0
trans
0  4.102188 4.292741 31.333588  -0.465265 -0.841743 -0.273855  0.116690 0.614740 0
0  3.969491 4.042286 32.294315  -0.474234 -0.833007 -0.284960  0.116690 0.659430 0
0  2.444226 4.823230 31.333576  -0.202087 -0.944596 -0.258649  0.203930 0.614740 0
trans
0  3.969491 4.042286 32.294315  -0.474234 -0.833007 -0.284960  0.116690 0.659430 0
0  2.361882 4.587637 32.294304  -0.182515 -0.944940 -0.271618  0.203930 0.659430 0
0  2.444226 4.823230 31.333576  -0.202087 -0.944596 -0.258649  0.203930 0.614740 0
trans
0  3.969491 4.042286 32.294315  -0.474234 -0.833007 -0.284960  0.116690 0.659430 0
0  3.692249 3.510618 34.215786  -0.491522 -0.817951 -0.298935  0.116690 0.748890 0
0  2.361882 4.587637 32.294304  -0.182515 -0.944940 -0.271618  0.203930 0.659430 0
trans
0  3.692249 3.510618 34.215786  -0.491522 -0.817951 -0.298935  0.116690 0.748890 0
0  2.189198 4.087369 34.215775  -0.157547 -0.939993 -0.302643  0.203930 0.748890 0
0  2.361882 4.587637 32.294304  -0.182515 -0.944940 -0.271618  0.203930 0.659430 0
trans
0  3.692249 3.510618 34.215786  -0.491522 -0.817951 -0.298935  0.116690 0.748890 0
0  3.546815 3.227343 35.184082  -0.496870 -0.807881 -0.316936  0.116690 0.794060 0
0  2.189198 4.087369 34.215775  -0.157547 -0.939993 -0.302643  0.203930 0.748890 0
trans
0  3.546815 3.227343 35.184082  -0.496870 -0.807881 -0.316936  0.116690 0.794060 0
0  2.104830 3.764219 35.184071  -0.164224 -0.941093 -0.295592  0.203930 0.794060 0
0  2.189198 4.087369 34.215775  -0.157547 -0.939993 -0.302643  0.203930 0.748890 0
trans
0  3.546815 3.227343 35.184082  -0.496870 -0.807881 -0.316936  0.116690 0.794060 0
0  3.411036 2.929957 36.161598  -0.506792 -0.799289 -0.322954  0.116690 0.839680 0
0  2.104830 3.764219 35.184071  -0.164224 -0.941093 -0.295592  0.203930 0.794060 0
trans
0  3.411036 2.929957 36.161598  -0.506792 -0.799289 -0.322954  0.116690 0.839680 0
0  2.013565 3.484869 36.161579  -0.185276 -0.924149 -0.334097  0.203930 0.839680 0
0  2.104830 3.764219 35.184071  -0.164224 -0.941093 -0.295592  0.203930 0.794060 0
trans
0  3.411036 2.929957 36.161598  -0.506792 -0.799289 -0.322954  0.116690 0.839680 0
0  3.059150 2.319416 38.083389  -0.479784 -0.767132 -0.425813  0.116690 0.929340 0
0  2.013565 3.484869 36.161579  -0.185276 -0.924149 -0.334097  0.203930 0.839680 0
trans
0  3.059150 2.319416 38.083389  -0.479784 -0.767132 -0.425813  0.116690 0.929340 0
0  1.817184 2.750746 38.083382  -0.181356 -0.870518 -0.457502  0.203930 0.929340 0
0  2.013565 3.484869 36.161579  -0.185276 -0.924149 -0.334097  0.203930 0.839680 0
trans
0  3.059150 2.319416 38.083389  -0.479784 -0.767132 -0.425813  0.116690 0.929340 0
0  2.795236 1.701058 39.050697  -0.418808 -0.760800 -0.495766  0.116690 0.975180 0
0  1.817184 2.750746 38.083382  -0.181356 -0.870518 -0.457502  0.203930 0.929340 0
trans
0  2.795236 1.701058 39.050697  -0.418808 -0.760800 -0.495766  0.116690 0.975180 0
0  1.662865 2.258853 39.050705  -0.201859 -0.859636 -0.469339  0.203930 0.975180 0
0  1.817184 2.750746 38.083382  -0.181356 -0.870518 -0.457502  0.203930 0.929340 0
trans
0  2.433424 7.051919 21.049992  -0.354303 -0.920785 -0.163171  0.070400 0.143530 0
0  1.676788 7.354182 21.049992  -0.332742 -0.929618 -0.158408  0.116690 0.143530 0
0  2.519882 7.373786 18.737034  -0.367238 -0.919277 -0.141652  0.070400 0.028650 0
trans
0  1.676788 7.354182 21.049992  -0.332742 -0.929618 -0.158408  0.116690 0.143530 0
0  1.736363 7.686789 18.737034  -0.333033 -0.932068 -0.142611  0.116690 0.028650 0
0  2.519882 7.373786 18.737034  -0.367238 -0.919277 -0.141652  0.070400 0.028650 0
trans
0  1.736363 7.686789 18.737034  -0.333033 -0.932068 -0.142611  0.116690 0.028650 0
0  1.676788 7.354182 21.049992  -0.332742 -0.929618 -0.158408  0.116690 0.143530 0
0  0.868181 7.962380 18.737040  -0.299433 -0.943286 -0.143357  0.159960 0.028650 0
trans
0  -3.190058 6.749656 21.049995  0.274707 -0.949888 -0.149161  0.024320 0.143530 0
0  -3.303398 7.060780 18.737030  0.274799 -0.951048 -0.141396  0.024320 0.028650 0
0  -2.519879 7.373785 18.737038  0.367237 -0.919278 -0.141651  0.070400 0.028650 0
trans
0  -2.433422 7.051919 21.049995  0.354301 -0.920785 -0.163172  0.070400 0.143530 0
0  -3.190058 6.749656 21.049995  0.274707 -0.949888 -0.149161  0.024320 0.143530 0
0  -2.519879 7.373785 18.737038  0.367237 -0.919278 -0.141651  0.070400 0.028650 0
trans
0  -2.940658 6.152192 24.906090  0.261808 -0.947039 -0.185937  0.024910 0.317950 0
0  -3.190058 6.749656 21.049995  0.274707 -0.949888 -0.149161  0.024320 0.143530 0
0  -2.433422 7.051919 21.049995  0.354301 -0.920785 -0.163172  0.070400 0.143530 0
trans
0  -1.552677 6.606189 24.906090  0.312085 -0.929256 -0.197704  0.116690 0.317950 0
0  -2.940658 6.152192 24.906090  0.261808 -0.947039 -0.185937  0.024910 0.317950 0
0  -2.433422 7.051919 21.049995  0.354301 -0.920785 -0.163172  0.070400 0.143530 0
trans
0  -1.676786 7.354182 21.049995  0.332740 -0.929619 -0.158407  0.116690 0.143530 0
0  -1.552677 6.606189 24.906090  0.312085 -0.929256 -0.197704  0.116690 0.317950 0
0  -2.433422 7.051919 21.049995  0.354301 -0.920785 -0.163172  0.070400 0.143530 0
trans
0  -1.552677 6.606189 24.906090  0.312085 -0.929256 -0.197704  0.116690 0.317950 0
0  -1.676786 7.354182 21.049995  0.332740 -0.929619 -0.158407  0.116690 0.143530 0
0  -0.838393 7.620322 21.049995  0.298986 -0.938734 -0.171424  0.159960 0.143530 0
trans
0  -0.838393 7.620322 21.049995  0.298986 -0.938734 -0.171424  0.159960 0.143530 0
0  -1.676786 7.354182 21.049995  0.332740 -0.929619 -0.158407  0.116690 0.143530 0
0  -0.868181 7.962380 18.737040  0.299433 -0.943286 -0.143356  0.159960 0.028650 0
trans
0  0.000000 7.886460 21.049995  0.000000 -0.986085 -0.166245  0.203390 0.143530 0
0  -0.838393 7.620322 21.049995  0.298986 -0.938734 -0.171424  0.159960 0.143530 0
0  -0.868181 7.962380 18.737040  0.299433 -0.943286 -0.143356  0.159960 0.028650 0
trans
0  0.000000 8.237970 18.737030  -0.000000 -0.988648 -0.150248  0.203390 0.028650 0
0  0.000000 7.886460 21.049995  0.000000 -0.986085 -0.166245  0.203390 0.143530 0
0  -0.868181 7.962380 18.737040  0.299433 -0.943286 -0.143356  0.159960 0.028650 0
trans
0  0.000000 7.886460 21.049995  0.000000 -0.986085 -0.166245  0.203390 0.143530 0
0  0.000000 8.237970 18.737030  -0.000000 -0.988648 -0.150248  0.203390 0.028650 0
0  0.868181 7.962380 18.737040  -0.299433 -0.943286 -0.143357  0.159960 0.028650 0
trans
0  0.838393 7.620320 21.049995  -0.298982 -0.938744 -0.171378  0.159960 0.143530 0
0  0.000000 7.886460 21.049995  0.000000 -0.986085 -0.166245  0.203390 0.143530 0
0  0.868181 7.962380 18.737040  -0.299433 -0.943286 -0.143357  0.159960 0.028650 0
trans
0  1.676788 7.354182 21.049992  -0.332742 -0.929618 -0.158408  0.116690 0.143530 0
0  0.838393 7.620320 21.049995  -0.298982 -0.938744 -0.171378  0.159960 0.143530 0
0  0.868181 7.962380 18.737040  -0.299433 -0.943286 -0.143357  0.159960 0.028650 0
trans
0  1.676788 7.354182 21.049992  -0.332742 -0.929618 -0.158408  0.116690 0.143530 0
0  1.552678 6.606189 24.906084  -0.312085 -0.929256 -0.197702  0.116690 0.317950 0
0  0.838393 7.620320 21.049995  -0.298982 -0.938744 -0.171378  0.159960 0.143530 0
trans
0  1.552678 6.606189 24.906084  -0.312085 -0.929256 -0.197702  0.116690 0.317950 0
0  1.676788 7.354182 21.049992  -0.332742 -0.929618 -0.158408  0.116690 0.143530 0
0  2.433424 7.051919 21.049992  -0.354303 -0.920785 -0.163171  0.070400 0.143530 0
trans
0  2.940659 6.152190 24.906084  -0.261809 -0.947039 -0.185938  0.024910 0.317950 0
0  1.552678 6.606189 24.906084  -0.312085 -0.929256 -0.197702  0.116690 0.317950 0
0  2.433424 7.051919 21.049992  -0.354303 -0.920785 -0.163171  0.070400 0.143530 0
trans
0  3.190059 6.749654 21.049992  -0.274713 -0.949894 -0.149113  0.024320 0.143530 0
0  2.940659 6.152190 24.906084  -0.261809 -0.947039 -0.185938  0.024910 0.317950 0
0  2.433424 7.051919 21.049992  -0.354303 -0.920785 -0.163171  0.070400 0.143530 0
trans
0  3.190059 6.749654 21.049992  -0.274713 -0.949894 -0.149113  0.024320 0.143530 0
0  2.433424 7.051919 21.049992  -0.354303 -0.920785 -0.163171  0.070400 0.143530 0
0  2.519882 7.373786 18.737034  -0.367238 -0.919277 -0.141652  0.070400 0.028650 0
trans
0  3.303401 7.060780 18.737026  -0.274943 -0.951007 -0.141393  0.024320 0.028650 0
0  3.190059 6.749654 21.049992  -0.274713 -0.949894 -0.149113  0.024320 0.143530 0
0  2.519882 7.373786 18.737034  -0.367238 -0.919277 -0.141652  0.070400 0.028650 0
trans
0  -1.676786 7.354182 21.049995  0.332740 -0.929619 -0.158407  0.116690 0.143530 0
0  -1.736360 7.686787 18.737038  0.333033 -0.932068 -0.142610  0.116690 0.028650 0
0  -0.868181 7.962380 18.737040  0.299433 -0.943286 -0.143356  0.159960 0.028650 0
trans
0  -1.736360 7.686787 18.737038  0.333033 -0.932068 -0.142610  0.116690 0.028650 0
0  -1.676786 7.354182 21.049995  0.332740 -0.929619 -0.158407  0.116690 0.143530 0
0  -2.519879 7.373785 18.737038  0.367237 -0.919278 -0.141651  0.070400 0.028650 0
trans
0  -1.676786 7.354182 21.049995  0.332740 -0.929619 -0.158407  0.116690 0.143530 0
0  -2.433422 7.051919 21.049995  0.354301 -0.920785 -0.163172  0.070400 0.143530 0
0  -2.519879 7.373785 18.737038  0.367237 -0.919278 -0.141651  0.070400 0.028650 0
trans
0  2.849133 5.920394 26.191780  -0.250629 -0.945961 -0.205772  0.024910 0.376890 0
0  1.506767 6.317592 26.191780  -0.293178 -0.930790 -0.218352  0.116690 0.376890 0
0  2.940659 6.152190 24.906084  -0.261809 -0.947039 -0.185938  0.024910 0.317950 0
trans
0  1.506767 6.317592 26.191780  -0.293178 -0.930790 -0.218352  0.116690 0.376890 0
0  1.552678 6.606189 24.906084  -0.312085 -0.929256 -0.197702  0.116690 0.317950 0
0  2.940659 6.152190 24.906084  -0.261809 -0.947039 -0.185938  0.024910 0.317950 0
trans
0  1.552678 6.606189 24.906084  -0.312085 -0.929256 -0.197702  0.116690 0.317950 0
0  1.506767 6.317592 26.191780  -0.293178 -0.930790 -0.218352  0.116690 0.376890 0
0  0.000000 7.107308 24.906090  -0.000000 -0.976995 -0.213262  0.203930 0.317950 0
trans
0  1.552678 6.606189 24.906084  -0.312085 -0.929256 -0.197702  0.116690 0.317950 0
0  0.000000 7.107308 24.906090  -0.000000 -0.976995 -0.213262  0.203930 0.317950 0
0  0.838393 7.620320 21.049995  -0.298982 -0.938744 -0.171378  0.159960 0.143530 0
trans
0  0.838393 7.620320 21.049995  -0.298982 -0.938744 -0.171378  0.159960 0.143530 0
0  0.000000 7.107308 24.906090  -0.000000 -0.976995 -0.213262  0.203930 0.317950 0
0  0.000000 7.886460 21.049995  0.000000 -0.986085 -0.166245  0.203390 0.143530 0
trans
0  0.000000 7.107308 24.906090  -0.000000 -0.976995 -0.213262  0.203930 0.317950 0
0  -0.838393 7.620322 21.049995  0.298986 -0.938734 -0.171424  0.159960 0.143530 0
0  0.000000 7.886460 21.049995  0.000000 -0.986085 -0.166245  0.203390 0.143530 0
trans
0  0.000000 7.107308 24.906090  -0.000000 -0.976995 -0.213262  0.203930 0.317950 0
0  -1.552677 6.606189 24.906090  0.312085 -0.929256 -0.197704  0.116690 0.317950 0
0  -0.838393 7.620322 21.049995  0.298986 -0.938734 -0.171424  0.159960 0.143530 0
trans
0  -1.506766 6.317592 26.191784  0.293177 -0.930790 -0.218352  0.116690 0.376890 0
0  -1.552677 6.606189 24.906090  0.312085 -0.929256 -0.197704  0.116690 0.317950 0
0  0.000000 7.107308 24.906090  -0.000000 -0.976995 -0.213262  0.203930 0.317950 0
trans
0  -1.552677 6.606189 24.906090  0.312085 -0.929256 -0.197704  0.116690 0.317950 0
0  -1.506766 6.317592 26.191784  0.293177 -0.930790 -0.218352  0.116690 0.376890 0
0  -2.940658 6.152192 24.906090  0.261808 -0.947039 -0.185937  0.024910 0.317950 0
trans
0  -1.506766 6.317592 26.191784  0.293177 -0.930790 -0.218352  0.116690 0.376890 0
0  -2.849132 5.920394 26.191784  0.250629 -0.945961 -0.205772  0.024910 0.376890 0
0  -2.940658 6.152192 24.906090  0.261808 -0.947039 -0.185937  0.024910 0.317950 0
trans
0  -1.506766 6.317592 26.191784  0.293177 -0.930790 -0.218352  0.116690 0.376890 0
0  -1.467964 6.068951 27.234087  0.280042 -0.930876 -0.234618  0.116690 0.425130 0
0  -2.849132 5.920394 26.191784  0.250629 -0.945961 -0.205772  0.024910 0.376890 0
trans
0  -1.467964 6.068951 27.234087  0.280042 -0.930876 -0.234618  0.116690 0.425130 0
0  -2.772416 5.719918 27.234087  0.236687 -0.945434 -0.223904  0.024910 0.425130 0
0  -2.849132 5.920394 26.191784  0.250629 -0.945961 -0.205772  0.024910 0.376890 0
trans
0  -1.467964 6.068951 27.234087  0.280042 -0.930876 -0.234618  0.116690 0.425130 0
0  -1.342968 5.243057 30.361656  0.243993 -0.934999 -0.257381  0.116690 0.569620 0
0  -2.772416 5.719918 27.234087  0.236687 -0.945434 -0.223904  0.024910 0.425130 0
trans
0  -1.342968 5.243057 30.361656  0.243993 -0.934999 -0.257381  0.116690 0.569620 0
0  -2.525978 5.051714 30.361652  0.214341 -0.945446 -0.245339  0.024910 0.569620 0
0  -2.772416 5.719918 27.234087  0.236687 -0.945434 -0.223904  0.024910 0.425130 0
trans
0  -1.342968 5.243057 30.361656  0.243993 -0.934999 -0.257381  0.116690 0.569620 0
0  -1.301797 4.961858 31.333252  0.215237 -0.936784 -0.275877  0.116690 0.614740 0
0  -2.525978 5.051714 30.361652  0.214341 -0.945446 -0.245339  0.024910 0.569620 0
trans
0  -1.301797 4.961858 31.333252  0.215237 -0.936784 -0.275877  0.116690 0.614740 0
0  -2.444226 4.823230 31.333580  0.202054 -0.944592 -0.258688  0.024910 0.614740 0
0  -2.525978 5.051714 30.361652  0.214341 -0.945446 -0.245339  0.024910 0.569620 0
trans
0  -1.301797 4.961858 31.333252  0.215237 -0.936784 -0.275877  0.116690 0.614740 0
0  -1.259440 4.672416 32.294304  0.194716 -0.937564 -0.288199  0.116690 0.659430 0
0  -2.444226 4.823230 31.333580  0.202054 -0.944592 -0.258688  0.024910 0.614740 0
trans
0  -1.259440 4.672416 32.294304  0.194716 -0.937564 -0.288199  0.116690 0.659430 0
0  -2.361883 4.587638 32.294308  0.182516 -0.944940 -0.271618  0.024910 0.659430 0
0  -2.444226 4.823230 31.333580  0.202054 -0.944592 -0.258688  0.024910 0.614740 0
trans
0  0.979828 2.797786 38.083382  -0.117262 -0.909689 -0.398390  0.116690 0.929340 0
0  0.919700 2.262682 39.050705  -0.131879 -0.879250 -0.457741  0.116690 0.975180 0
0  0.000000 3.004538 38.083385  0.000001 -0.906473 -0.422264  0.203930 0.929340 0
trans
0  0.919700 2.262682 39.050705  -0.131879 -0.879250 -0.457741  0.116690 0.975180 0
0  0.000000 2.568013 39.050705  0.000000 -0.911487 -0.411329  0.203930 0.975180 0
0  0.000000 3.004538 38.083385  0.000001 -0.906473 -0.422264  0.203930 0.929340 0
trans
0  0.000000 2.568013 39.050705  0.000000 -0.911487 -0.411329  0.203930 0.975180 0
0  -0.919700 2.262682 39.050705  0.131919 -0.879230 -0.457768  0.116690 0.975180 0
0  0.000000 3.004538 38.083385  0.000001 -0.906473 -0.422264  0.203930 0.929340 0
trans
0  -0.919700 2.262682 39.050705  0.131919 -0.879230 -0.457768  0.116690 0.975180 0
0  -0.979829 2.797787 38.083385  0.117262 -0.909689 -0.398391  0.116690 0.929340 0
0  0.000000 3.004538 38.083385  0.000001 -0.906473 -0.422264  0.203930 0.929340 0
trans
0  0.000000 3.004538 38.083385  0.000001 -0.906473 -0.422264  0.203930 0.929340 0
0  -0.979829 2.797787 38.083385  0.117262 -0.909689 -0.398391  0.116690 0.929340 0
0  0.000000 3.745963 36.161587  0.000001 -0.935716 -0.352755  0.203930 0.839680 0
trans
0  -0.979829 2.797787 38.083385  0.117262 -0.909689 -0.398391  0.116690 0.929340 0
0  -1.077870 3.504209 36.161587  0.121761 -0.947420 -0.295921  0.116690 0.839680 0
0  0.000000 3.745963 36.161587  0.000001 -0.935716 -0.352755  0.203930 0.839680 0
trans
0  0.000000 3.745963 36.161587  0.000001 -0.935716 -0.352755  0.203930 0.839680 0
0  -1.077870 3.504209 36.161587  0.121761 -0.947420 -0.295921  0.116690 0.839680 0
0  0.000000 4.103984 35.184071  -0.000000 -0.951830 -0.306626  0.203930 0.794060 0
trans
0  -1.077870 3.504209 36.161587  0.121761 -0.947420 -0.295921  0.116690 0.839680 0
0  -1.125559 3.730685 35.184071  0.137053 -0.946709 -0.291476  0.116690 0.794060 0
0  0.000000 4.103984 35.184071  -0.000000 -0.951830 -0.306626  0.203930 0.794060 0
trans
0  0.000000 4.103984 35.184071  -0.000000 -0.951830 -0.306626  0.203930 0.794060 0
0  -1.125559 3.730685 35.184071  0.137053 -0.946709 -0.291476  0.116690 0.794060 0
0  0.000000 4.446120 34.215790  -0.000001 -0.944761 -0.327759  0.203930 0.748890 0
trans
0  -1.125559 3.730685 35.184071  0.137053 -0.946709 -0.291476  0.116690 0.794060 0
0  -1.171469 4.058033 34.215782  0.154223 -0.940282 -0.303454  0.116690 0.748890 0
0  0.000000 4.446120 34.215790  -0.000001 -0.944761 -0.327759  0.203930 0.748890 0
trans
0  0.000000 4.446120 34.215790  -0.000001 -0.944761 -0.327759  0.203930 0.748890 0
0  -1.171469 4.058033 34.215782  0.154223 -0.940282 -0.303454  0.116690 0.748890 0
0  0.000000 5.087928 32.294312  0.000000 -0.950215 -0.311596  0.203930 0.659430 0
trans
0  -1.171469 4.058033 34.215782  0.154223 -0.940282 -0.303454  0.116690 0.748890 0
0  -1.259440 4.672416 32.294304  0.194716 -0.937564 -0.288199  0.116690 0.659430 0
0  0.000000 5.087928 32.294312  0.000000 -0.950215 -0.311596  0.203930 0.659430 0
trans
0  0.000000 5.087928 32.294312  0.000000 -0.950215 -0.311596  0.203930 0.659430 0
0  -1.259440 4.672416 32.294304  0.194716 -0.937564 -0.288199  0.116690 0.659430 0
0  0.000000 5.390729 31.333580  0.000001 -0.954921 -0.296859  0.203930 0.614740 0
trans
0  -1.259440 4.672416 32.294304  0.194716 -0.937564 -0.288199  0.116690 0.659430 0
0  -1.301797 4.961858 31.333252  0.215237 -0.936784 -0.275877  0.116690 0.614740 0
0  0.000000 5.390729 31.333580  0.000001 -0.954921 -0.296859  0.203930 0.614740 0
trans
0  0.000000 5.390729 31.333580  0.000001 -0.954921 -0.296859  0.203930 0.614740 0
0  -1.301797 4.961858 31.333252  0.215237 -0.936784 -0.275877  0.116690 0.614740 0
0  0.000000 5.684466 30.361656  0.000001 -0.959483 -0.281766  0.203930 0.569620 0
trans
0  -1.301797 4.961858 31.333252  0.215237 -0.936784 -0.275877  0.116690 0.614740 0
0  -1.342968 5.243057 30.361656  0.243993 -0.934999 -0.257381  0.116690 0.569620 0
0  0.000000 5.684466 30.361656  0.000001 -0.959483 -0.281766  0.203930 0.569620 0
trans
0  0.000000 5.684466 30.361656  0.000001 -0.959483 -0.281766  0.203930 0.569620 0
0  -1.342968 5.243057 30.361656  0.243993 -0.934999 -0.257381  0.116690 0.569620 0
0  0.000000 6.546698 27.234089  0.000002 -0.966092 -0.258197  0.203930 0.425130 0
trans
0  -1.342968 5.243057 30.361656  0.243993 -0.934999 -0.257381  0.116690 0.569620 0
0  -1.467964 6.068951 27.234087  0.280042 -0.930876 -0.234618  0.116690 0.425130 0
0  0.000000 6.546698 27.234089  0.000002 -0.966092 -0.258197  0.203930 0.425130 0
trans
0  0.000000 6.546698 27.234089  0.000002 -0.966092 -0.258197  0.203930 0.425130 0
0  -1.467964 6.068951 27.234087  0.280042 -0.930876 -0.234618  0.116690 0.425130 0
0  0.000000 6.806303 26.191784  0.000001 -0.971431 -0.237320  0.203930 0.376890 0
trans
0  -1.467964 6.068951 27.234087  0.280042 -0.930876 -0.234618  0.116690 0.425130 0
0  -1.506766 6.317592 26.191784  0.293177 -0.930790 -0.218352  0.116690 0.376890 0
0  0.000000 6.806303 26.191784  0.000001 -0.971431 -0.237320  0.203930 0.376890 0
trans
0  0.000000 6.806303 26.191784  0.000001 -0.971431 -0.237320  0.203930 0.376890 0
0  -1.506766 6.317592 26.191784  0.293177 -0.930790 -0.218352  0.116690 0.376890 0
0  0.000000 7.107308 24.906090  -0.000000 -0.976995 -0.213262  0.203930 0.317950 0
trans
0  1.506767 6.317592 26.191780  -0.293178 -0.930790 -0.218352  0.116690 0.376890 0
0  0.000000 6.806303 26.191784  0.000001 -0.971431 -0.237320  0.203930 0.376890 0
0  0.000000 7.107308 24.906090  -0.000000 -0.976995 -0.213262  0.203930 0.317950 0
trans
0  1.506767 6.317592 26.191780  -0.293178 -0.930790 -0.218352  0.116690 0.376890 0
0  1.467965 6.068951 27.234081  -0.280042 -0.930876 -0.234618  0.116690 0.425130 0
0  0.000000 6.806303 26.191784  0.000001 -0.971431 -0.237320  0.203930 0.376890 0
trans
0  1.467965 6.068951 27.234081  -0.280042 -0.930876 -0.234618  0.116690 0.425130 0
0  0.000000 6.546698 27.234089  0.000002 -0.966092 -0.258197  0.203930 0.425130 0
0  0.000000 6.806303 26.191784  0.000001 -0.971431 -0.237320  0.203930 0.376890 0
trans
0  1.467965 6.068951 27.234081  -0.280042 -0.930876 -0.234618  0.116690 0.425130 0
0  1.342969 5.243057 30.361652  -0.243992 -0.935000 -0.257377  0.116690 0.569620 0
0  0.000000 6.546698 27.234089  0.000002 -0.966092 -0.258197  0.203930 0.425130 0
trans
0  1.342969 5.243057 30.361652  -0.243992 -0.935000 -0.257377  0.116690 0.569620 0
0  0.000000 5.684466 30.361656  0.000001 -0.959483 -0.281766  0.203930 0.569620 0
0  0.000000 6.546698 27.234089  0.000002 -0.966092 -0.258197  0.203930 0.425130 0
trans
0  1.342969 5.243057 30.361652  -0.243992 -0.935000 -0.257377  0.116690 0.569620 0
0  1.301797 4.961858 31.333248  -0.215224 -0.936774 -0.275923  0.116690 0.614740 0
0  0.000000 5.684466 30.361656  0.000001 -0.959483 -0.281766  0.203930 0.569620 0
trans
0  1.301797 4.961858 31.333248  -0.215224 -0.936774 -0.275923  0.116690 0.614740 0
0  0.000000 5.390729 31.333580  0.000001 -0.954921 -0.296859  0.203930 0.614740 0
0  0.000000 5.684466 30.361656  0.000001 -0.959483 -0.281766  0.203930 0.569620 0
trans
0  1.301797 4.961858 31.333248  -0.215224 -0.936774 -0.275923  0.116690 0.614740 0
0  1.259440 4.672416 32.294300  -0.194716 -0.937564 -0.288199  0.116690 0.659430 0
0  0.000000 5.390729 31.333580  0.000001 -0.954921 -0.296859  0.203930 0.614740 0
trans
0  1.259440 4.672416 32.294300  -0.194716 -0.937564 -0.288199  0.116690 0.659430 0
0  0.000000 5.087928 32.294312  0.000000 -0.950215 -0.311596  0.203930 0.659430 0
0  0.000000 5.390729 31.333580  0.000001 -0.954921 -0.296859  0.203930 0.614740 0
trans
0  1.259440 4.672416 32.294300  -0.194716 -0.937564 -0.288199  0.116690 0.659430 0
0  1.171468 4.058033 34.215775  -0.154225 -0.940282 -0.303453  0.116690 0.748890 0
0  0.000000 5.087928 32.294312  0.000000 -0.950215 -0.311596  0.203930 0.659430 0
trans
0  1.171468 4.058033 34.215775  -0.154225 -0.940282 -0.303453  0.116690 0.748890 0
0  0.000000 4.446120 34.215790  -0.000001 -0.944761 -0.327759  0.203930 0.748890 0
0  0.000000 5.087928 32.294312  0.000000 -0.950215 -0.311596  0.203930 0.659430 0
trans
0  1.171468 4.058033 34.215775  -0.154225 -0.940282 -0.303453  0.116690 0.748890 0
0  1.125558 3.730685 35.184071  -0.137052 -0.946709 -0.291476  0.116690 0.794060 0
0  0.000000 4.446120 34.215790  -0.000001 -0.944761 -0.327759  0.203930 0.748890 0
trans
0  1.125558 3.730685 35.184071  -0.137052 -0.946709 -0.291476  0.116690 0.794060 0
0  0.000000 4.103984 35.184071  -0.000000 -0.951830 -0.306626  0.203930 0.794060 0
0  0.000000 4.446120 34.215790  -0.000001 -0.944761 -0.327759  0.203930 0.748890 0
trans
0  1.125558 3.730685 35.184071  -0.137052 -0.946709 -0.291476  0.116690 0.794060 0
0  1.077869 3.504209 36.161579  -0.121760 -0.947420 -0.295922  0.116690 0.839680 0
0  0.000000 4.103984 35.184071  -0.000000 -0.951830 -0.306626  0.203930 0.794060 0
trans
0  1.077869 3.504209 36.161579  -0.121760 -0.947420 -0.295922  0.116690 0.839680 0
0  0.000000 3.745963 36.161587  0.000001 -0.935716 -0.352755  0.203930 0.839680 0
0  0.000000 4.103984 35.184071  -0.000000 -0.951830 -0.306626  0.203930 0.794060 0
trans
0  1.077869 3.504209 36.161579  -0.121760 -0.947420 -0.295922  0.116690 0.839680 0
0  0.979828 2.797786 38.083382  -0.117262 -0.909689 -0.398390  0.116690 0.929340 0
0  0.000000 3.745963 36.161587  0.000001 -0.935716 -0.352755  0.203930 0.839680 0
trans
0  0.979828 2.797786 38.083382  -0.117262 -0.909689 -0.398390  0.116690 0.929340 0
0  0.000000 3.004538 38.083385  0.000001 -0.906473 -0.422264  0.203930 0.929340 0
0  0.000000 3.745963 36.161587  0.000001 -0.935716 -0.352755  0.203930 0.839680 0
trans
0  1.662865 2.258853 39.050705  -0.201859 -0.859636 -0.469339  0.024910 0.975180 0
0  0.919700 2.262682 39.050705  -0.131879 -0.879250 -0.457741  0.116690 0.975180 0
0  1.817184 2.750746 38.083382  -0.181356 -0.870518 -0.457502  0.024910 0.929340 0
trans
0  0.919700 2.262682 39.050705  -0.131879 -0.879250 -0.457741  0.116690 0.975180 0
0  0.979828 2.797786 38.083382  -0.117262 -0.909689 -0.398390  0.116690 0.929340 0
0  1.817184 2.750746 38.083382  -0.181356 -0.870518 -0.457502  0.024910 0.929340 0
trans
0  1.817184 2.750746 38.083382  -0.181356 -0.870518 -0.457502  0.024910 0.929340 0
0  0.979828 2.797786 38.083382  -0.117262 -0.909689 -0.398390  0.116690 0.929340 0
0  2.013565 3.484869 36.161579  -0.185276 -0.924149 -0.334097  0.024910 0.839680 0
trans
0  0.979828 2.797786 38.083382  -0.117262 -0.909689 -0.398390  0.116690 0.929340 0
0  1.077869 3.504209 36.161579  -0.121760 -0.947420 -0.295922  0.116690 0.839680 0
0  2.013565 3.484869 36.161579  -0.185276 -0.924149 -0.334097  0.024910 0.839680 0
trans
0  2.013565 3.484869 36.161579  -0.185276 -0.924149 -0.334097  0.024910 0.839680 0
0  1.077869 3.504209 36.161579  -0.121760 -0.947420 -0.295922  0.116690 0.839680 0
0  2.104830 3.764219 35.184071  -0.164224 -0.941093 -0.295592  0.024910 0.794060 0
trans
0  1.077869 3.504209 36.161579  -0.121760 -0.947420 -0.295922  0.116690 0.839680 0
0  1.125558 3.730685 35.184071  -0.137052 -0.946709 -0.291476  0.116690 0.794060 0
0  2.104830 3.764219 35.184071  -0.164224 -0.941093 -0.295592  0.024910 0.794060 0
trans
0  2.104830 3.764219 35.184071  -0.164224 -0.941093 -0.295592  0.024910 0.794060 0
0  1.125558 3.730685 35.184071  -0.137052 -0.946709 -0.291476  0.116690 0.794060 0
0  2.189198 4.087369 34.215775  -0.157547 -0.939993 -0.302643  0.024910 0.748890 0
trans
0  1.125558 3.730685 35.184071  -0.137052 -0.946709 -0.291476  0.116690 0.794060 0
0  1.171468 4.058033 34.215775  -0.154225 -0.940282 -0.303453  0.116690 0.748890 0
0  2.189198 4.087369 34.215775  -0.157547 -0.939993 -0.302643  0.024910 0.748890 0
trans
0  2.189198 4.087369 34.215775  -0.157547 -0.939993 -0.302643  0.024910 0.748890 0
0  1.171468 4.058033 34.215775  -0.154225 -0.940282 -0.303453  0.116690 0.748890 0
0  2.361882 4.587637 32.294304  -0.182515 -0.944940 -0.271618  0.024910 0.659430 0
trans
0  1.171468 4.058033 34.215775  -0.154225 -0.940282 -0.303453  0.116690 0.748890 0
0  1.259440 4.672416 32.294300  -0.194716 -0.937564 -0.288199  0.116690 0.659430 0
0  2.361882 4.587637 32.294304  -0.182515 -0.944940 -0.271618  0.024910 0.659430 0
trans
0  2.361882 4.587637 32.294304  -0.182515 -0.944940 -0.271618  0.024910 0.659430 0
0  1.259440 4.672416 32.294300  -0.194716 -0.937564 -0.288199  0.116690 0.659430 0
0  2.444226 4.823230 31.333576  -0.202087 -0.944596 -0.258649  0.024910 0.614740 0
trans
0  1.259440 4.672416 32.294300  -0.194716 -0.937564 -0.288199  0.116690 0.659430 0
0  1.301797 4.961858 31.333248  -0.215224 -0.936774 -0.275923  0.116690 0.614740 0
0  2.444226 4.823230 31.333576  -0.202087 -0.944596 -0.258649  0.024910 0.614740 0
trans
0  2.444226 4.823230 31.333576  -0.202087 -0.944596 -0.258649  0.024910 0.614740 0
0  1.301797 4.961858 31.333248  -0.215224 -0.936774 -0.275923  0.116690 0.614740 0
0  2.525978 5.051713 30.361649  -0.214340 -0.945446 -0.245338  0.024910 0.569620 0
trans
0  1.301797 4.961858 31.333248  -0.215224 -0.936774 -0.275923  0.116690 0.614740 0
0  1.342969 5.243057 30.361652  -0.243992 -0.935000 -0.257377  0.116690 0.569620 0
0  2.525978 5.051713 30.361649  -0.214340 -0.945446 -0.245338  0.024910 0.569620 0
trans
0  2.525978 5.051713 30.361649  -0.214340 -0.945446 -0.245338  0.024910 0.569620 0
0  1.342969 5.243057 30.361652  -0.243992 -0.935000 -0.257377  0.116690 0.569620 0
0  2.772416 5.719917 27.234081  -0.236687 -0.945435 -0.223904  0.024910 0.425130 0
trans
0  1.342969 5.243057 30.361652  -0.243992 -0.935000 -0.257377  0.116690 0.569620 0
0  1.467965 6.068951 27.234081  -0.280042 -0.930876 -0.234618  0.116690 0.425130 0
0  2.772416 5.719917 27.234081  -0.236687 -0.945435 -0.223904  0.024910 0.425130 0
trans
0  2.772416 5.719917 27.234081  -0.236687 -0.945435 -0.223904  0.024910 0.425130 0
0  1.467965 6.068951 27.234081  -0.280042 -0.930876 -0.234618  0.116690 0.425130 0
0  2.849133 5.920394 26.191780  -0.250629 -0.945961 -0.205772  0.024910 0.376890 0
trans
0  1.467965 6.068951 27.234081  -0.280042 -0.930876 -0.234618  0.116690 0.425130 0
0  1.506767 6.317592 26.191780  -0.293178 -0.930790 -0.218352  0.116690 0.376890 0
0  2.849133 5.920394 26.191780  -0.250629 -0.945961 -0.205772  0.024910 0.376890 0
trans
0  -8.302183 -3.740054 26.191784  0.850147 0.491653 -0.188486  0.116690 0.376890 0
0  -7.183731 -4.884274 26.191784  0.897269 0.402672 -0.181007  0.024910 0.376890 0
0  -7.387811 -4.983795 24.906094  0.903663 0.393687 -0.168534  0.024910 0.317950 0
trans
0  -8.302183 -3.740054 26.191784  0.850147 0.491653 -0.188486  0.116690 0.376890 0
0  -8.084769 -3.706287 27.234089  0.848145 0.491322 -0.198124  0.116690 0.425130 0
0  -7.183731 -4.884274 26.191784  0.897269 0.402672 -0.181007  0.024910 0.376890 0
trans
0  -8.084769 -3.706287 27.234089  0.848145 0.491322 -0.198124  0.116690 0.425130 0
0  -7.010452 -4.801634 27.234083  0.891496 0.410659 -0.191294  0.024910 0.425130 0
0  -7.183731 -4.884274 26.191784  0.897269 0.402672 -0.181007  0.024910 0.376890 0
trans
0  -8.084769 -3.706287 27.234089  0.848145 0.491322 -0.198124  0.116690 0.425130 0
0  -7.385445 -3.600549 30.361652  0.845437 0.490686 -0.210863  0.116690 0.569620 0
0  -7.010452 -4.801634 27.234083  0.891496 0.410659 -0.191294  0.024910 0.425130 0
trans
0  -7.385445 -3.600549 30.361652  0.845437 0.490686 -0.210863  0.116690 0.569620 0
0  -6.452118 -4.543054 30.361650  0.882958 0.423892 -0.201746  0.024910 0.569620 0
0  -7.010452 -4.801634 27.234083  0.891496 0.410659 -0.191294  0.024910 0.425130 0
trans
0  -7.385445 -3.600549 30.361652  0.845437 0.490686 -0.210863  0.116690 0.569620 0
0  -7.153521 -3.566486 31.333580  0.843327 0.489514 -0.221755  0.116690 0.614740 0
0  -6.452118 -4.543054 30.361650  0.882958 0.423892 -0.201746  0.024910 0.569620 0
trans
0  -7.153521 -3.566486 31.333580  0.843327 0.489514 -0.221755  0.116690 0.614740 0
0  -6.266697 -4.459822 31.333574  0.878097 0.429265 -0.211370  0.024910 0.614740 0
0  -6.452118 -4.543054 30.361650  0.882958 0.423892 -0.201746  0.024910 0.569620 0
trans
0  -7.153521 -3.566486 31.333580  0.843327 0.489514 -0.221755  0.116690 0.614740 0
0  -6.917745 -3.532128 32.294304  0.842020 0.488331 -0.229205  0.116690 0.659430 0
0  -6.266697 -4.459822 31.333574  0.878097 0.429265 -0.211370  0.024910 0.614740 0
trans
0  -6.917745 -3.532128 32.294304  0.842020 0.488331 -0.229205  0.116690 0.659430 0
0  -6.077723 -4.376297 32.294304  0.871184 0.439934 -0.217937  0.024910 0.659430 0
0  -6.266697 -4.459822 31.333574  0.878097 0.429265 -0.211370  0.024910 0.614740 0
trans
0  -6.917745 -3.532128 32.294304  0.842020 0.488331 -0.229205  0.116690 0.659430 0
0  -6.425462 -3.461635 34.215775  0.839643 0.487833 -0.238784  0.116690 0.748890 0
0  -6.077723 -4.376297 32.294304  0.871184 0.439934 -0.217937  0.024910 0.659430 0
trans
0  -6.425462 -3.461635 34.215775  0.839643 0.487833 -0.238784  0.116690 0.748890 0
0  -5.701845 -4.179917 34.215775  0.860786 0.455886 -0.226311  0.024910 0.748890 0
0  -6.077723 -4.376297 32.294304  0.871184 0.439934 -0.217937  0.024910 0.659430 0
trans
0  -6.425462 -3.461635 34.215775  0.839643 0.487833 -0.238784  0.116690 0.748890 0
0  -6.167174 -3.424905 35.184067  0.838278 0.486973 -0.245250  0.116690 0.794060 0
0  -5.701845 -4.179917 34.215775  0.860786 0.455886 -0.226311  0.024910 0.748890 0
trans
0  -6.167174 -3.424905 35.184067  0.838278 0.486973 -0.245250  0.116690 0.794060 0
0  -5.494506 -4.091059 35.184067  0.853627 0.465226 -0.234276  0.024910 0.794060 0
0  -5.701845 -4.179917 34.215775  0.860786 0.455886 -0.226311  0.024910 0.748890 0
trans
0  -6.167174 -3.424905 35.184067  0.838278 0.486973 -0.245250  0.116690 0.794060 0
0  -5.899409 -3.387290 36.161579  0.835373 0.487786 -0.253409  0.116690 0.839680 0
0  -5.494506 -4.091059 35.184067  0.853627 0.465226 -0.234276  0.024910 0.794060 0
trans
0  -5.899409 -3.387290 36.161579  0.835373 0.487786 -0.253409  0.116690 0.839680 0
0  -5.286276 -3.982059 36.161579  0.841902 0.482564 -0.241522  0.024910 0.839680 0
0  -5.494506 -4.091059 35.184067  0.853627 0.465226 -0.234276  0.024910 0.794060 0
trans
0  -5.899409 -3.387290 36.161579  0.835373 0.487786 -0.253409  0.116690 0.839680 0
0  -5.352624 -3.312352 38.083378  0.827973 0.488652 -0.275100  0.116690 0.929340 0
0  -5.286276 -3.982059 36.161579  0.841902 0.482564 -0.241522  0.024910 0.839680 0
trans
0  -5.352624 -3.312352 38.083378  0.827973 0.488652 -0.275100  0.116690 0.929340 0
0  -4.853528 -3.780939 38.083378  0.822002 0.500709 -0.271298  0.024910 0.929340 0
0  -5.286276 -3.982059 36.161579  0.841902 0.482564 -0.241522  0.024910 0.839680 0
trans
0  -5.352624 -3.312352 38.083378  0.827973 0.488652 -0.275100  0.116690 0.929340 0
0  -5.016141 -3.268221 39.050697  0.820225 0.482254 -0.307673  0.116690 0.975180 0
0  -4.853528 -3.780939 38.083378  0.822002 0.500709 -0.271298  0.024910 0.929340 0
trans
0  -5.016141 -3.268221 39.050697  0.820225 0.482254 -0.307673  0.116690 0.975180 0
0  -4.598204 -3.668385 39.050697  0.816226 0.508302 -0.274597  0.024910 0.975180 0
0  -4.853528 -3.780939 38.083378  0.822002 0.500709 -0.271298  0.024910 0.929340 0
trans
0  -5.303455 -2.097935 39.050694  0.920210 -0.202271 -0.335113  0.203930 0.975180 0
0  -5.016141 -3.268221 39.050697  0.820225 0.482254 -0.307673  0.116690 0.975180 0
0  -5.657415 -2.105634 38.083378  0.930568 -0.171684 -0.323370  0.203930 0.929340 0
trans
0  -5.016141 -3.268221 39.050697  0.820225 0.482254 -0.307673  0.116690 0.975180 0
0  -5.352624 -3.312352 38.083378  0.827973 0.488652 -0.275100  0.116690 0.929340 0
0  -5.657415 -2.105634 38.083378  0.930568 -0.171684 -0.323370  0.203930 0.929340 0
trans
0  -5.657415 -2.105634 38.083378  0.930568 -0.171684 -0.323370  0.203930 0.929340 0
0  -5.352624 -3.312352 38.083378  0.827973 0.488652 -0.275100  0.116690 0.929340 0
0  -6.232044 -2.112447 36.161583  0.950791 -0.123866 -0.283997  0.203930 0.839680 0
trans
0  -5.352624 -3.312352 38.083378  0.827973 0.488652 -0.275100  0.116690 0.929340 0
0  -5.899409 -3.387290 36.161579  0.835373 0.487786 -0.253409  0.116690 0.839680 0
0  -6.232044 -2.112447 36.161583  0.950791 -0.123866 -0.283997  0.203930 0.839680 0
trans
0  -6.232044 -2.112447 36.161583  0.950791 -0.123866 -0.283997  0.203930 0.839680 0
0  -5.899409 -3.387290 36.161579  0.835373 0.487786 -0.253409  0.116690 0.839680 0
0  -6.513432 -2.115111 35.184074  0.956488 -0.090977 -0.277226  0.203930 0.794060 0
trans
0  -5.899409 -3.387290 36.161579  0.835373 0.487786 -0.253409  0.116690 0.839680 0
0  -6.167174 -3.424905 35.184067  0.838278 0.486973 -0.245250  0.116690 0.794060 0
0  -6.513432 -2.115111 35.184074  0.956488 -0.090977 -0.277226  0.203930 0.794060 0
trans
0  -6.513432 -2.115111 35.184074  0.956488 -0.090977 -0.277226  0.203930 0.794060 0
0  -6.167174 -3.424905 35.184067  0.838278 0.486973 -0.245250  0.116690 0.794060 0
0  -6.785048 -2.117182 34.215778  0.960387 -0.071479 -0.269347  0.203930 0.748890 0
trans
0  -6.167174 -3.424905 35.184067  0.838278 0.486973 -0.245250  0.116690 0.794060 0
0  -6.425462 -3.461635 34.215775  0.839643 0.487833 -0.238784  0.116690 0.748890 0
0  -6.785048 -2.117182 34.215778  0.960387 -0.071479 -0.269347  0.203930 0.748890 0
trans
0  -6.785048 -2.117182 34.215778  0.960387 -0.071479 -0.269347  0.203930 0.748890 0
0  -6.425462 -3.461635 34.215775  0.839643 0.487833 -0.238784  0.116690 0.748890 0
0  -7.302214 -2.119847 32.294308  0.964614 -0.049079 -0.259058  0.203930 0.659430 0
trans
0  -6.425462 -3.461635 34.215775  0.839643 0.487833 -0.238784  0.116690 0.748890 0
0  -6.917745 -3.532128 32.294304  0.842020 0.488331 -0.229205  0.116690 0.659430 0
0  -7.302214 -2.119847 32.294308  0.964614 -0.049079 -0.259058  0.203930 0.659430 0
trans
0  -7.302214 -2.119847 32.294308  0.964614 -0.049079 -0.259058  0.203930 0.659430 0
0  -6.917745 -3.532128 32.294304  0.842020 0.488331 -0.229205  0.116690 0.659430 0
0  -7.550428 -2.120438 31.333580  0.967613 -0.034573 -0.250061  0.203930 0.614740 0
trans
0  -6.917745 -3.532128 32.294304  0.842020 0.488331 -0.229205  0.116690 0.659430 0
0  -7.153521 -3.566486 31.333580  0.843327 0.489514 -0.221755  0.116690 0.614740 0
0  -7.550428 -2.120438 31.333580  0.967613 -0.034573 -0.250061  0.203930 0.614740 0
trans
0  -7.550428 -2.120438 31.333580  0.967613 -0.034573 -0.250061  0.203930 0.614740 0
0  -7.153521 -3.566486 31.333580  0.843327 0.489514 -0.221755  0.116690 0.614740 0
0  -7.794202 -2.120438 30.361652  0.970285 -0.026500 -0.240509  0.203930 0.569620 0
trans
0  -7.153521 -3.566486 31.333580  0.843327 0.489514 -0.221755  0.116690 0.614740 0
0  -7.385445 -3.600549 30.361652  0.845437 0.490686 -0.210863  0.116690 0.569620 0
0  -7.794202 -2.120438 30.361652  0.970285 -0.026500 -0.240509  0.203930 0.569620 0
trans
0  -7.794202 -2.120438 30.361652  0.970285 -0.026500 -0.240509  0.203930 0.569620 0
0  -7.385445 -3.600549 30.361652  0.845437 0.490686 -0.210863  0.116690 0.569620 0
0  -8.529963 -2.116880 27.234085  0.974137 -0.012586 -0.225608  0.203930 0.425130 0
trans
0  -7.385445 -3.600549 30.361652  0.845437 0.490686 -0.210863  0.116690 0.569620 0
0  -8.084769 -3.706287 27.234089  0.848145 0.491322 -0.198124  0.116690 0.425130 0
0  -8.529963 -2.116880 27.234085  0.974137 -0.012586 -0.225608  0.203930 0.425130 0
trans
0  -8.529963 -2.116880 27.234085  0.974137 -0.012586 -0.225608  0.203930 0.425130 0
0  -8.084769 -3.706287 27.234089  0.848145 0.491322 -0.198124  0.116690 0.425130 0
0  -8.758333 -2.114214 26.191784  0.977065 -0.004326 -0.212899  0.203930 0.376890 0
trans
0  -8.084769 -3.706287 27.234089  0.848145 0.491322 -0.198124  0.116690 0.425130 0
0  -8.302183 -3.740054 26.191784  0.850147 0.491653 -0.188486  0.116690 0.376890 0
0  -8.758333 -2.114214 26.191784  0.977065 -0.004326 -0.212899  0.203930 0.376890 0
trans
0  -8.758333 -2.114214 26.191784  0.977065 -0.004326 -0.212899  0.203930 0.376890 0
0  -8.302183 -3.740054 26.191784  0.850147 0.491653 -0.188486  0.116690 0.376890 0
0  -9.028766 -2.110362 24.906090  0.980223 0.002029 -0.197886  0.203930 0.317950 0
trans
0  -8.302183 -3.740054 26.191784  0.850147 0.491653 -0.188486  0.116690 0.376890 0
0  -8.558690 -3.780038 24.906094  0.853253 0.491321 -0.174824  0.116690 0.317950 0
0  -9.028766 -2.110362 24.906090  0.980223 0.002029 -0.197886  0.203930 0.317950 0
trans
0  -8.558690 -3.780038 24.906094  0.853253 0.491321 -0.174824  0.116690 0.317950 0
0  -8.302183 -3.740054 26.191784  0.850147 0.491653 -0.188486  0.116690 0.376890 0
0  -7.387811 -4.983795 24.906094  0.903663 0.393687 -0.168534  0.024910 0.317950 0
trans
0  -8.558690 -3.780038 24.906094  0.853253 0.491321 -0.174824  0.116690 0.317950 0
0  -7.387811 -4.983795 24.906094  0.903663 0.393687 -0.168534  0.024910 0.317950 0
0  -8.599415 -4.579625 21.049999  0.713887 0.686289 -0.139187  0.070400 0.143530 0
trans
0  -7.387811 -4.983795 24.906094  0.903663 0.393687 -0.168534  0.024910 0.317950 0
0  -7.942000 -5.265476 21.049994  0.913407 0.382187 -0.140075  0.024320 0.143530 0
0  -8.599415 -4.579625 21.049999  0.713887 0.686289 -0.139187  0.070400 0.143530 0
trans
0  -8.599415 -4.579625 21.049999  0.713887 0.686289 -0.139187  0.070400 0.143530 0
0  -7.942000 -5.265476 21.049994  0.913407 0.382187 -0.140075  0.024320 0.143530 0
0  -8.904948 -4.671021 18.737030  0.716539 0.686833 -0.121792  0.070400 0.028650 0
trans
0  -7.942000 -5.265476 21.049994  0.913407 0.382187 -0.140075  0.024320 0.143530 0
0  -8.224176 -5.381241 18.737026  0.914476 0.382940 -0.130730  0.024320 0.028650 0
0  -8.904948 -4.671021 18.737030  0.716539 0.686833 -0.121792  0.070400 0.028650 0
trans
0  -9.585722 -3.960805 18.737030  0.859858 0.491920 -0.136599  0.116690 0.028650 0
0  -9.256832 -3.893775 21.049999  0.858455 0.491228 -0.147482  0.116690 0.143530 0
0  -8.904948 -4.671021 18.737030  0.716539 0.686833 -0.121792  0.070400 0.028650 0
trans
0  -9.256832 -3.893775 21.049999  0.858455 0.491228 -0.147482  0.116690 0.143530 0
0  -8.599415 -4.579625 21.049999  0.713887 0.686289 -0.139187  0.070400 0.143530 0
0  -8.904948 -4.671021 18.737030  0.716539 0.686833 -0.121792  0.070400 0.028650 0
trans
0  -9.256832 -3.893775 21.049999  0.858455 0.491228 -0.147482  0.116690 0.143530 0
0  -8.558690 -3.780038 24.906094  0.853253 0.491321 -0.174824  0.116690 0.317950 0
0  -8.599415 -4.579625 21.049999  0.713887 0.686289 -0.139187  0.070400 0.143530 0
trans
0  -8.558690 -3.780038 24.906094  0.853253 0.491321 -0.174824  0.116690 0.317950 0
0  -9.256832 -3.893775 21.049999  0.858455 0.491228 -0.147482  0.116690 0.143530 0
0  -9.510239 -2.993477 21.049995  0.949438 0.267242 -0.164770  0.159960 0.143530 0
trans
0  -9.028766 -2.110362 24.906090  0.980223 0.002029 -0.197886  0.203930 0.317950 0
0  -8.558690 -3.780038 24.906094  0.853253 0.491321 -0.174824  0.116690 0.317950 0
0  -9.510239 -2.993477 21.049995  0.949438 0.267242 -0.164770  0.159960 0.143530 0
trans
0  -9.763636 -2.093178 21.049995  0.986862 0.008760 -0.161327  0.203390 0.143530 0
0  -9.028766 -2.110362 24.906090  0.980223 0.002029 -0.197886  0.203930 0.317950 0
0  -9.510239 -2.993477 21.049995  0.949438 0.267242 -0.164770  0.159960 0.143530 0
trans
0  -9.763636 -2.093178 21.049995  0.986862 0.008760 -0.161327  0.203390 0.143530 0
0  -9.510239 -2.993477 21.049995  0.949438 0.267242 -0.164770  0.159960 0.143530 0
0  -9.848133 -3.028520 18.737026  0.952671 0.268144 -0.143235  0.159960 0.028650 0
trans
0  -10.110535 -2.096233 18.737026  0.988900 0.008743 -0.148327  0.203390 0.028650 0
0  -9.763636 -2.093178 21.049995  0.986862 0.008760 -0.161327  0.203390 0.143530 0
0  -9.848133 -3.028520 18.737026  0.952671 0.268144 -0.143235  0.159960 0.028650 0
trans
0  -9.510239 -2.993477 21.049995  0.949438 0.267242 -0.164770  0.159960 0.143530 0
0  -9.256832 -3.893775 21.049999  0.858455 0.491228 -0.147482  0.116690 0.143530 0
0  -9.848133 -3.028520 18.737026  0.952671 0.268144 -0.143235  0.159960 0.028650 0
trans
0  -9.256832 -3.893775 21.049999  0.858455 0.491228 -0.147482  0.116690 0.143530 0
0  -9.585722 -3.960805 18.737030  0.859858 0.491920 -0.136599  0.116690 0.028650 0
0  -9.848133 -3.028520 18.737026  0.952671 0.268144 -0.143235  0.159960 0.028650 0
trans
0  -1.712293 -2.959181 54.696426  -0.090408 -0.719655 0.688421  1.793050 -0.302770 0
0  -1.267612 -3.288086 54.393501  -0.073870 -0.732937 0.676274  1.793050 -0.476030 0
0  -0.975544 -3.135146 54.586239  0.217874 -0.539434 -0.813352  1.711950 -0.487220 0
trans
0  -0.975544 -3.135146 54.586239  0.217874 -0.539434 -0.813352  1.711950 -0.487220 0
0  -1.420225 -2.806240 54.899033  -0.613487 -0.306237 -0.727909  1.711950 -0.310080 0
0  -1.712293 -2.959181 54.696426  -0.090408 -0.719655 0.688421  1.793050 -0.302770 0
trans
0  -2.058303 -2.687504 54.921715  -0.125456 -0.674336 0.727689  1.793050 -0.190200 0
0  -1.712293 -2.959181 54.696426  -0.090408 -0.719655 0.688421  1.793050 -0.302770 0
0  -1.420225 -2.806240 54.899033  -0.613487 -0.306237 -0.727909  1.711950 -0.310080 0
trans
0  -1.420225 -2.806240 54.899033  -0.613487 -0.306237 -0.727909  1.711950 -0.310080 0
0  -1.736961 -2.536538 55.118729  -0.674124 -0.106274 -0.730933  1.711950 -0.181660 0
0  -2.058303 -2.687504 54.921715  -0.125456 -0.674336 0.727689  1.793050 -0.190200 0
trans
0  -2.058303 -2.687504 54.921715  -0.125456 -0.674336 0.727689  1.793050 -0.190200 0
0  -1.736961 -2.536538 55.118729  -0.674124 -0.106274 -0.730933  1.711950 -0.181660 0
0  -2.086261 -1.959308 55.536442  -0.662001 0.210225 -0.719417  1.711950 -0.004670 0
trans
0  -2.086261 -1.959308 55.536442  -0.662001 0.210225 -0.719417  1.711950 -0.004670 0
0  -2.413192 -2.094816 55.365738  -0.176292 -0.579931 0.795362  1.793050 -0.021560 0
0  -2.058303 -2.687504 54.921715  -0.125456 -0.674336 0.727689  1.793050 -0.190200 0
trans
0  -2.413192 -2.094816 55.365738  -0.176292 -0.579931 0.795362  1.793050 -0.021560 0
0  -2.086261 -1.959308 55.536442  -0.662001 0.210225 -0.719417  1.711950 -0.004670 0
0  -2.254662 -1.291957 55.902519  -0.556764 0.422497 -0.715199  1.711950 0.162070 0
trans
0  -2.254662 -1.291957 55.902519  -0.556764 0.422497 -0.715199  1.711950 0.162070 0
0  -2.614156 -1.360369 55.775230  -0.262668 -0.461758 0.847222  1.793050 0.150570 0
0  -2.413192 -2.094816 55.365738  -0.176292 -0.579931 0.795362  1.793050 -0.021560 0
trans
0  -2.627641 -0.714069 56.038696  -0.393597 -0.265382 0.880144  1.793050 0.277170 0
0  -2.614156 -1.360369 55.775230  -0.262668 -0.461758 0.847222  1.793050 0.150570 0
0  -2.254662 -1.291957 55.902519  -0.556764 0.422497 -0.715199  1.711950 0.162070 0
trans
0  -2.254662 -1.291957 55.902519  -0.556764 0.422497 -0.715199  1.711950 0.162070 0
0  -2.297091 -0.750248 56.174850  -0.492245 0.447847 -0.746410  1.711950 0.289420 0
0  -2.627641 -0.714069 56.038696  -0.393597 -0.265382 0.880144  1.793050 0.277170 0
trans
0  -2.438519 -0.019748 56.198540  -0.463728 0.109483 0.879187  1.793050 0.406200 0
0  -2.627641 -0.714069 56.038696  -0.393597 -0.265382 0.880144  1.793050 0.277170 0
0  -2.297091 -0.750248 56.174850  -0.492245 0.447847 -0.746410  1.711950 0.289420 0
trans
0  -2.297091 -0.750248 56.174850  -0.492245 0.447847 -0.746410  1.711950 0.289420 0
0  -2.163882 -0.126971 56.355751  -0.302004 0.522840 -0.797140  1.711950 0.433540 0
0  -2.438519 -0.019748 56.198540  -0.463728 0.109483 0.879187  1.793050 0.406200 0
trans
0  -1.644868 0.774561 56.273193  -0.363550 0.477107 0.800125  1.793050 0.621640 0
0  -2.438519 -0.019748 56.198540  -0.463728 0.109483 0.879187  1.793050 0.406200 0
0  -2.163882 -0.126971 56.355751  -0.302004 0.522840 -0.797140  1.711950 0.433540 0
trans
0  -2.163882 -0.126971 56.355751  -0.302004 0.522840 -0.797140  1.711950 0.433540 0
0  -1.452458 0.564719 56.490932  -0.030444 0.568362 -0.822215  1.711950 0.628000 0
0  -1.644868 0.774561 56.273193  -0.363550 0.477107 0.800125  1.793050 0.621640 0
trans
0  -0.954494 1.050842 56.276161  -0.200475 0.700016 0.685411  1.793050 0.759660 0
0  -1.644868 0.774561 56.273193  -0.363550 0.477107 0.800125  1.793050 0.621640 0
0  -1.452458 0.564719 56.490932  -0.030444 0.568362 -0.822215  1.711950 0.628000 0
trans
0  -1.452458 0.564719 56.490932  -0.030444 0.568362 -0.822215  1.711950 0.628000 0
0  -0.826551 0.834750 56.523827  0.014919 0.505897 -0.862465  1.711950 0.775660 0
0  -0.954494 1.050842 56.276161  -0.200475 0.700016 0.685411  1.793050 0.759660 0
trans
0  -0.000008 1.159381 56.278797  -0.000002 0.784594 0.620010  1.793050 0.979170 0
0  -0.954494 1.050842 56.276161  -0.200475 0.700016 0.685411  1.793050 0.759660 0
0  -0.826551 0.834750 56.523827  0.014919 0.505897 -0.862465  1.711950 0.775660 0
trans
0  -0.826551 0.834750 56.523827  0.014919 0.505897 -0.862465  1.711950 0.775660 0
0  -0.000008 0.990323 56.533363  0.007383 0.516294 -0.856380  1.711950 0.975660 0
0  -0.000008 1.159381 56.278797  -0.000002 0.784594 0.620010  1.793050 0.979170 0
trans
0  -0.000008 1.159381 56.278797  -0.000002 0.784594 0.620010  1.793050 0.979170 0
0  -0.000008 0.990323 56.533363  0.007383 0.516294 -0.856380  1.711950 0.975660 0
0  0.826531 0.834749 56.523830  -0.014975 0.505914 -0.862454  1.711950 0.775660 0
trans
0  0.826531 0.834749 56.523830  -0.014975 0.505914 -0.862454  1.711950 0.775660 0
0  0.954478 1.050841 56.276169  0.200474 0.700013 0.685414  1.793050 0.759660 0
0  -0.000008 1.159381 56.278797  -0.000002 0.784594 0.620010  1.793050 0.979170 0
trans
0  0.954478 1.050841 56.276169  0.200474 0.700013 0.685414  1.793050 0.759660 0
0  0.826531 0.834749 56.523830  -0.014975 0.505914 -0.862454  1.711950 0.775660 0
0  1.452439 0.564717 56.490944  0.030297 0.568402 -0.822193  1.711950 0.628000 0
trans
0  1.452439 0.564717 56.490944  0.030297 0.568402 -0.822193  1.711950 0.628000 0
0  1.644852 0.774560 56.273193  0.363554 0.477108 0.800123  1.793050 0.621640 0
0  0.954478 1.050841 56.276169  0.200474 0.700013 0.685414  1.793050 0.759660 0
trans
0  1.644852 0.774560 56.273193  0.363554 0.477108 0.800123  1.793050 0.621640 0
0  1.452439 0.564717 56.490944  0.030297 0.568402 -0.822193  1.711950 0.628000 0
0  2.163863 -0.126973 56.355751  0.302006 0.522830 -0.797146  1.711950 0.433540 0
trans
0  2.163863 -0.126973 56.355751  0.302006 0.522830 -0.797146  1.711950 0.433540 0
0  2.438500 -0.019750 56.198540  0.463730 0.109484 0.879186  1.793050 0.406200 0
0  1.644852 0.774560 56.273193  0.363554 0.477108 0.800123  1.793050 0.621640 0
trans
0  2.438500 -0.019750 56.198540  0.463730 0.109484 0.879186  1.793050 0.406200 0
0  2.163863 -0.126973 56.355751  0.302006 0.522830 -0.797146  1.711950 0.433540 0
0  2.297071 -0.750250 56.174850  0.492225 0.447893 -0.746395  1.711950 0.289420 0
trans
0  2.297071 -0.750250 56.174850  0.492225 0.447893 -0.746395  1.711950 0.289420 0
0  2.627621 -0.714070 56.038692  0.393608 -0.265383 0.880139  1.793050 0.277170 0
0  2.438500 -0.019750 56.198540  0.463730 0.109484 0.879186  1.793050 0.406200 0
trans
0  2.627621 -0.714070 56.038692  0.393608 -0.265383 0.880139  1.793050 0.277170 0
0  2.297071 -0.750250 56.174850  0.492225 0.447893 -0.746395  1.711950 0.289420 0
0  2.254642 -1.291958 55.902523  0.556749 0.422542 -0.715184  1.711950 0.162070 0
trans
0  2.254642 -1.291958 55.902523  0.556749 0.422542 -0.715184  1.711950 0.162070 0
0  2.614136 -1.360370 55.775230  0.262628 -0.461760 0.847233  1.793050 0.150570 0
0  2.627621 -0.714070 56.038692  0.393608 -0.265383 0.880139  1.793050 0.277170 0
trans
0  2.413176 -2.094818 55.365746  0.176281 -0.579936 0.795361  1.793050 -0.021560 0
0  2.614136 -1.360370 55.775230  0.262628 -0.461760 0.847233  1.793050 0.150570 0
0  2.254642 -1.291958 55.902523  0.556749 0.422542 -0.715184  1.711950 0.162070 0
trans
0  2.254642 -1.291958 55.902523  0.556749 0.422542 -0.715184  1.711950 0.162070 0
0  2.086241 -1.959307 55.536449  0.661994 0.210195 -0.719431  1.711950 -0.004670 0
0  2.413176 -2.094818 55.365746  0.176281 -0.579936 0.795361  1.793050 -0.021560 0
trans
0  2.058287 -2.687506 54.921722  0.125402 -0.674331 0.727703  1.793050 -0.190200 0
0  2.413176 -2.094818 55.365746  0.176281 -0.579936 0.795361  1.793050 -0.021560 0
0  2.086241 -1.959307 55.536449  0.661994 0.210195 -0.719431  1.711950 -0.004670 0
trans
0  2.086241 -1.959307 55.536449  0.661994 0.210195 -0.719431  1.711950 -0.004670 0
0  1.736945 -2.536538 55.118732  0.674104 -0.106297 -0.730948  1.711950 -0.181660 0
0  2.058287 -2.687506 54.921722  0.125402 -0.674331 0.727703  1.793050 -0.190200 0
trans
0  2.058287 -2.687506 54.921722  0.125402 -0.674331 0.727703  1.793050 -0.190200 0
0  1.736945 -2.536538 55.118732  0.674104 -0.106297 -0.730948  1.711950 -0.181660 0
0  1.420209 -2.806241 54.899029  0.613560 -0.306195 -0.727866  1.711950 -0.310080 0
trans
0  1.420209 -2.806241 54.899029  0.613560 -0.306195 -0.727866  1.711950 -0.310080 0
0  1.712277 -2.959182 54.696423  0.090389 -0.719627 0.688452  1.793050 -0.302770 0
0  2.058287 -2.687506 54.921722  0.125402 -0.674331 0.727703  1.793050 -0.190200 0
trans
0  1.712277 -2.959182 54.696423  0.090389 -0.719627 0.688452  1.793050 -0.302770 0
0  1.420209 -2.806241 54.899029  0.613560 -0.306195 -0.727866  1.711950 -0.310080 0
0  0.975528 -3.135147 54.586239  -0.217831 -0.539437 -0.813362  1.711950 -0.487220 0
trans
0  0.975528 -3.135147 54.586239  -0.217831 -0.539437 -0.813362  1.711950 -0.487220 0
0  1.267596 -3.288087 54.393501  0.073868 -0.732935 0.676277  1.793050 -0.476030 0
0  1.712277 -2.959182 54.696423  0.090389 -0.719627 0.688452  1.793050 -0.302770 0
trans
0  -9.419222 1.341275 51.469513  -0.541745 0.768666 0.340095  0.716350 0.844780 0
0  -10.320099 1.467247 51.303078  -0.016213 0.741949 0.670260  0.791800 0.823550 0
0  -9.799109 0.673266 51.986549  -0.404117 0.611532 0.680234  0.716350 0.761960 0
trans
0  -9.799109 0.673266 51.986549  -0.404117 0.611532 0.680234  0.716350 0.761960 0
0  -10.320099 1.467247 51.303078  -0.016213 0.741949 0.670260  0.791800 0.823550 0
0  -10.669397 0.839365 51.885902  0.007675 0.547311 0.836894  0.791800 0.752700 0
trans
0  -11.045993 -0.108872 52.306572  -0.079472 0.209120 0.974655  0.791800 0.663500 0
0  -9.799109 0.673266 51.986549  -0.404117 0.611532 0.680234  0.716350 0.761960 0
0  -10.669397 0.839365 51.885902  0.007675 0.547311 0.836894  0.791800 0.752700 0
trans
0  -11.045993 -0.108872 52.306572  -0.079472 0.209120 0.974655  0.791800 0.663500 0
0  -10.072759 -0.179917 52.399323  -0.727733 0.290718 0.621199  0.716350 0.672830 0
0  -9.799109 0.673266 51.986549  -0.404117 0.611532 0.680234  0.716350 0.761960 0
trans
0  -10.072759 -0.179917 52.399323  -0.727733 0.290718 0.621199  0.716350 0.672830 0
0  -11.045993 -0.108872 52.306572  -0.079472 0.209120 0.974655  0.791800 0.663500 0
0  -10.145113 -0.969293 52.389450  -0.550740 -0.185560 0.813789  0.716350 0.605970 0
trans
0  -10.145113 -0.969293 52.389450  -0.550740 -0.185560 0.813789  0.716350 0.605970 0
0  -11.045993 -0.108872 52.306572  -0.079472 0.209120 0.974655  0.791800 0.663500 0
0  -11.013097 -0.980145 52.270397  -0.130206 -0.212060 0.968544  0.791800 0.603110 0
trans
0  -10.916064 -1.795179 51.953644  -0.173645 -0.597712 0.782680  0.791800 0.540320 0
0  -10.145113 -0.969293 52.389450  -0.550740 -0.185560 0.813789  0.716350 0.605970 0
0  -11.013097 -0.980145 52.270397  -0.130206 -0.212060 0.968544  0.791800 0.603110 0
trans
0  -10.916064 -1.795179 51.953644  -0.173645 -0.597712 0.782680  0.791800 0.540320 0
0  -9.993812 -1.738278 52.133888  -0.690184 -0.545722 0.475219  0.716350 0.530670 0
0  -10.145113 -0.969293 52.389450  -0.550740 -0.185560 0.813789  0.716350 0.605970 0
trans
0  -9.993812 -1.738278 52.133888  -0.690184 -0.545722 0.475219  0.716350 0.530670 0
0  -10.916064 -1.795179 51.953644  -0.173645 -0.597712 0.782680  0.791800 0.540320 0
0  -9.512621 -2.508906 51.437263  -0.542857 -0.743230 0.391044  0.716350 0.439250 0
trans
0  -9.512621 -2.508906 51.437263  -0.542857 -0.743230 0.391044  0.716350 0.439250 0
0  -10.916064 -1.795179 51.953644  -0.173645 -0.597712 0.782680  0.791800 0.540320 0
0  -10.229631 -2.514498 50.943241  -0.337313 -0.798506 0.498607  0.791800 0.435390 0
trans
0  -9.713911 -3.312423 50.278854  -0.385093 -0.706319 0.593985  0.791800 0.340870 0
0  -9.512621 -2.508906 51.437263  -0.542857 -0.743230 0.391044  0.716350 0.439250 0
0  -10.229631 -2.514498 50.943241  -0.337313 -0.798506 0.498607  0.791800 0.435390 0
trans
0  -9.713911 -3.312423 50.278854  -0.385093 -0.706319 0.593985  0.791800 0.340870 0
0  -9.043601 -3.247628 50.792938  -0.714733 -0.657867 0.237420  0.716350 0.344040 0
0  -9.512621 -2.508906 51.437263  -0.542857 -0.743230 0.391044  0.716350 0.439250 0
trans
0  -9.043601 -3.247628 50.792938  -0.714733 -0.657867 0.237420  0.716350 0.344040 0
0  -9.713911 -3.312423 50.278854  -0.385093 -0.706319 0.593985  0.791800 0.340870 0
0  -8.549591 -3.965628 50.294983  -0.556436 -0.769575 0.313262  0.716350 0.249990 0
trans
0  -8.549591 -3.965628 50.294983  -0.556436 -0.769575 0.313262  0.716350 0.249990 0
0  -9.713911 -3.312423 50.278854  -0.385093 -0.706319 0.593985  0.791800 0.340870 0
0  -9.203455 -4.082060 49.766098  -0.327257 -0.753328 0.570438  0.791800 0.250220 0
trans
0  -8.439083 -4.726382 49.116512  -0.243716 -0.792138 0.559571  0.791800 0.149550 0
0  -8.549591 -3.965628 50.294983  -0.556436 -0.769575 0.313262  0.716350 0.249990 0
0  -9.203455 -4.082060 49.766098  -0.327257 -0.753328 0.570438  0.791800 0.250220 0
trans
0  -8.439083 -4.726382 49.116512  -0.243716 -0.792138 0.559571  0.791800 0.149550 0
0  -7.844750 -4.507990 49.666115  -0.594298 -0.798008 0.099963  0.716350 0.152810 0
0  -8.549591 -3.965628 50.294983  -0.556436 -0.769575 0.313262  0.716350 0.249990 0
trans
0  -7.844750 -4.507990 49.666115  -0.594298 -0.798008 0.099963  0.716350 0.152810 0
0  -8.439083 -4.726382 49.116512  -0.243716 -0.792138 0.559571  0.791800 0.149550 0
0  -7.056365 -5.232898 49.097103  -0.441500 -0.845845 0.299372  0.716350 0.042040 0
trans
0  -7.056365 -5.232898 49.097103  -0.441500 -0.845845 0.299372  0.716350 0.042040 0
0  -8.439083 -4.726382 49.116512  -0.243716 -0.792138 0.559571  0.791800 0.149550 0
0  -7.633924 -5.487471 48.536976  -0.200606 -0.797328 0.569233  0.791800 0.039680 0
trans
0  -6.796529 -6.079504 47.798248  -0.232552 -0.798296 0.555557  0.791800 -0.067870 0
0  -7.056365 -5.232898 49.097103  -0.441500 -0.845845 0.299372  0.716350 0.042040 0
0  -7.633924 -5.487471 48.536976  -0.200606 -0.797328 0.569233  0.791800 0.039680 0
trans
0  -6.796529 -6.079504 47.798248  -0.232552 -0.798296 0.555557  0.791800 -0.067870 0
0  -6.128521 -5.855848 48.417900  -0.542604 -0.832156 0.114444  0.716350 -0.075100 0
0  -7.056365 -5.232898 49.097103  -0.441500 -0.845845 0.299372  0.716350 0.042040 0
trans
0  -6.128521 -5.855848 48.417900  -0.542604 -0.832156 0.114444  0.716350 -0.075100 0
0  -6.796529 -6.079504 47.798248  -0.232552 -0.798296 0.555557  0.791800 -0.067870 0
0  -5.361184 -6.472219 48.029465  -0.523634 -0.830450 0.190160  0.716350 -0.162710 0
trans
0  -5.361184 -6.472219 48.029465  -0.523634 -0.830450 0.190160  0.716350 -0.162710 0
0  -6.796529 -6.079504 47.798248  -0.232552 -0.798296 0.555557  0.791800 -0.067870 0
0  -5.988739 -6.755735 47.347980  -0.226199 -0.807782 0.544355  0.791800 -0.153540 0
trans
0  -4.748106 -7.386908 46.629646  -0.390736 -0.839552 0.377463  0.791800 -0.272260 0
0  -5.361184 -6.472219 48.029465  -0.523634 -0.830450 0.190160  0.716350 -0.162710 0
0  -5.988739 -6.755735 47.347980  -0.226199 -0.807782 0.544355  0.791800 -0.153540 0
trans
0  -4.748106 -7.386908 46.629646  -0.390736 -0.839552 0.377463  0.791800 -0.272260 0
0  -4.421172 -7.303037 47.747925  -0.217863 -0.883066 -0.415607  0.716350 -0.264360 0
0  -5.361184 -6.472219 48.029465  -0.523634 -0.830450 0.190160  0.716350 -0.162710 0
trans
0  5.469390 2.526003 47.000664  0.356223 0.848668 -0.390982  0.716350 1.403240 0
0  5.770011 2.586851 46.290882  -0.015673 0.990313 0.137967  0.791800 1.423550 0
0  4.623112 2.725976 46.470470  0.165526 0.966727 -0.195040  0.716350 1.510930 0
trans
0  4.623112 2.725976 46.470470  0.165526 0.966727 -0.195040  0.716350 1.510930 0
0  5.770011 2.586851 46.290882  -0.015673 0.990313 0.137967  0.791800 1.423550 0
0  4.865186 2.890759 45.732735  -0.046435 0.978032 0.203219  0.791800 1.526980 0
trans
0  3.922212 2.711178 45.274246  -0.087804 0.983353 0.159082  0.791800 1.625850 0
0  4.623112 2.725976 46.470470  0.165526 0.966727 -0.195040  0.716350 1.510930 0
0  4.865186 2.890759 45.732735  -0.046435 0.978032 0.203219  0.791800 1.526980 0
trans
0  3.922212 2.711178 45.274246  -0.087804 0.983353 0.159082  0.791800 1.625850 0
0  3.763351 2.614477 46.040924  0.154981 0.870672 -0.466810  0.716350 1.608200 0
0  4.623112 2.725976 46.470470  0.165526 0.966727 -0.195040  0.716350 1.510930 0
trans
0  3.763351 2.614477 46.040924  0.154981 0.870672 -0.466810  0.716350 1.608200 0
0  3.922212 2.711178 45.274246  -0.087804 0.983353 0.159082  0.791800 1.625850 0
0  2.978907 2.641117 45.774830  0.009620 0.985870 -0.167239  0.716350 1.693500 0
trans
0  2.978907 2.641117 45.774830  0.009620 0.985870 -0.167239  0.716350 1.693500 0
0  3.922212 2.711178 45.274246  -0.087804 0.983353 0.159082  0.791800 1.625850 0
0  3.060805 2.864118 45.002232  -0.047650 0.961022 0.272333  0.791800 1.707680 0
trans
0  2.408253 2.759852 44.945007  -0.139918 0.946059 0.292224  0.791800 1.760470 0
0  2.978907 2.641117 45.774830  0.009620 0.985870 -0.167239  0.716350 1.693500 0
0  3.060805 2.864118 45.002232  -0.047650 0.961022 0.272333  0.791800 1.707680 0
trans
0  2.408253 2.759852 44.945007  -0.139918 0.946059 0.292224  0.791800 1.760470 0
0  2.273729 2.502318 45.639328  -0.046473 0.922855 -0.382333  0.716350 1.764980 0
0  2.978907 2.641117 45.774830  0.009620 0.985870 -0.167239  0.716350 1.693500 0
trans
0  2.273729 2.502318 45.639328  -0.046473 0.922855 -0.382333  0.716350 1.764980 0
0  2.408253 2.759852 44.945007  -0.139918 0.946059 0.292224  0.791800 1.760470 0
0  1.164328 2.475019 45.535721  -0.024052 0.995194 -0.094920  0.716350 1.880270 0
trans
0  1.164328 2.475019 45.535721  -0.024052 0.995194 -0.094920  0.716350 1.880270 0
0  2.408253 2.759852 44.945007  -0.139918 0.946059 0.292224  0.791800 1.760470 0
0  1.157422 2.689796 44.783188  -0.025809 0.961219 0.274575  0.791800 1.884810 0
trans
0  -0.000002 2.754917 44.713459  0.000000 0.941646 0.336604  0.791800 1.998330 0
0  1.164328 2.475019 45.535721  -0.024052 0.995194 -0.094920  0.716350 1.880270 0
0  1.157422 2.689796 44.783188  -0.025809 0.961219 0.274575  0.791800 1.884810 0
trans
0  -0.000002 2.754917 44.713459  0.000000 0.941646 0.336604  0.791800 1.998330 0
0  -0.000002 2.406933 45.516323  0.000029 0.952021 -0.306031  0.716350 1.997520 0
0  1.164328 2.475019 45.535721  -0.024052 0.995194 -0.094920  0.716350 1.880270 0
trans
0  -0.000002 2.406933 45.516323  0.000029 0.952021 -0.306031  0.716350 1.997520 0
0  -0.000002 2.754917 44.713459  0.000000 0.941646 0.336604  0.791800 1.998330 0
0  -1.164332 2.475017 45.535713  0.024060 0.995194 -0.094921  0.716350 1.880270 0
trans
0  -1.164332 2.475017 45.535713  0.024060 0.995194 -0.094921  0.716350 1.880270 0
0  -0.000002 2.754917 44.713459  0.000000 0.941646 0.336604  0.791800 1.998330 0
0  -1.157425 2.689793 44.783180  0.025807 0.961220 0.274573  0.791800 1.884810 0
trans
0  -2.408257 2.759851 44.945004  0.139740 0.946127 0.292089  0.791800 1.760470 0
0  -1.164332 2.475017 45.535713  0.024060 0.995194 -0.094921  0.716350 1.880270 0
0  -1.157425 2.689793 44.783180  0.025807 0.961220 0.274573  0.791800 1.884810 0
trans
0  -2.408257 2.759851 44.945004  0.139740 0.946127 0.292089  0.791800 1.760470 0
0  -2.273735 2.502316 45.639324  0.046479 0.922855 -0.382332  0.716350 1.764980 0
0  -1.164332 2.475017 45.535713  0.024060 0.995194 -0.094921  0.716350 1.880270 0
trans
0  -2.273735 2.502316 45.639324  0.046479 0.922855 -0.382332  0.716350 1.764980 0
0  -2.408257 2.759851 44.945004  0.139740 0.946127 0.292089  0.791800 1.760470 0
0  -2.978909 2.641114 45.774830  -0.009606 0.985869 -0.167244  0.716350 1.693500 0
trans
0  -2.978909 2.641114 45.774830  -0.009606 0.985869 -0.167244  0.716350 1.693500 0
0  -2.408257 2.759851 44.945004  0.139740 0.946127 0.292089  0.791800 1.760470 0
0  -3.060808 2.864114 45.002228  0.047644 0.961023 0.272333  0.791800 1.707680 0
trans
0  -3.922215 2.711171 45.274235  0.087802 0.983354 0.159079  0.791800 1.625850 0
0  -2.978909 2.641114 45.774830  -0.009606 0.985869 -0.167244  0.716350 1.693500 0
0  -3.060808 2.864114 45.002228  0.047644 0.961023 0.272333  0.791800 1.707680 0
trans
0  -3.922215 2.711171 45.274235  0.087802 0.983354 0.159079  0.791800 1.625850 0
0  -3.763353 2.614472 46.040916  -0.154967 0.870670 -0.466819  0.716350 1.608200 0
0  -2.978909 2.641114 45.774830  -0.009606 0.985869 -0.167244  0.716350 1.693500 0
trans
0  -3.763353 2.614472 46.040916  -0.154967 0.870670 -0.466819  0.716350 1.608200 0
0  -3.922215 2.711171 45.274235  0.087802 0.983354 0.159079  0.791800 1.625850 0
0  -4.623115 2.725971 46.470467  -0.165515 0.966728 -0.195046  0.716350 1.510930 0
trans
0  -4.623115 2.725971 46.470467  -0.165515 0.966728 -0.195046  0.716350 1.510930 0
0  -3.922215 2.711171 45.274235  0.087802 0.983354 0.159079  0.791800 1.625850 0
0  -4.865190 2.890755 45.732727  0.046437 0.978032 0.203218  0.791800 1.526980 0
trans
0  -5.770012 2.586844 46.290874  0.015672 0.990313 0.137965  0.791800 1.423550 0
0  -4.623115 2.725971 46.470467  -0.165515 0.966728 -0.195046  0.716350 1.510930 0
0  -4.865190 2.890755 45.732727  0.046437 0.978032 0.203218  0.791800 1.526980 0
trans
0  -5.770012 2.586844 46.290874  0.015672 0.990313 0.137965  0.791800 1.423550 0
0  -5.469391 2.525995 47.000656  -0.356209 0.848670 -0.390992  0.716350 1.403240 0
0  -4.623115 2.725971 46.470467  -0.165515 0.966728 -0.195046  0.716350 1.510930 0
trans
0  -5.469391 2.525995 47.000656  -0.356209 0.848670 -0.390992  0.716350 1.403240 0
0  -5.770012 2.586844 46.290874  0.015672 0.990313 0.137965  0.791800 1.423550 0
0  -6.227520 2.579607 47.627224  -0.191484 0.972365 -0.133571  0.716350 1.301480 0
trans
0  -6.227520 2.579607 47.627224  -0.191484 0.972365 -0.133571  0.716350 1.301480 0
0  -5.770012 2.586844 46.290874  0.015672 0.990313 0.137965  0.791800 1.423550 0
0  -6.598199 2.742416 46.957901  0.128443 0.977612 0.166666  0.791800 1.321160 0
trans
0  -7.452365 2.538496 47.789043  0.141825 0.964764 0.221623  0.791800 1.209490 0
0  -6.227520 2.579607 47.627224  -0.191484 0.972365 -0.133571  0.716350 1.301480 0
0  -6.598199 2.742416 46.957901  0.128443 0.977612 0.166666  0.791800 1.321160 0
trans
0  -7.452365 2.538496 47.789043  0.141825 0.964764 0.221623  0.791800 1.209490 0
0  -6.995516 2.353648 48.436989  -0.413935 0.883362 -0.219839  0.716350 1.187810 0
0  -6.227520 2.579607 47.627224  -0.191484 0.972365 -0.133571  0.716350 1.301480 0
trans
0  -6.995516 2.353648 48.436989  -0.413935 0.883362 -0.219839  0.716350 1.187810 0
0  -7.452365 2.538496 47.789043  0.141825 0.964764 0.221623  0.791800 1.209490 0
0  -7.656616 2.311549 49.264847  -0.073166 0.997295 0.007029  0.716350 1.088250 0
trans
0  -7.656616 2.311549 49.264847  -0.073166 0.997295 0.007029  0.716350 1.088250 0
0  -7.452365 2.538496 47.789043  0.141825 0.964764 0.221623  0.791800 1.209490 0
0  -8.191417 2.672688 48.715248  0.345287 0.902594 0.257101  0.791800 1.101630 0
trans
0  -8.956122 2.628944 49.518436  0.175036 0.885796 0.429799  0.791800 1.019500 0
0  -7.656616 2.311549 49.264847  -0.073166 0.997295 0.007029  0.716350 1.088250 0
0  -8.191417 2.672688 48.715248  0.345287 0.902594 0.257101  0.791800 1.101630 0
trans
0  -8.956122 2.628944 49.518436  0.175036 0.885796 0.429799  0.791800 1.019500 0
0  -8.268707 2.171436 50.080536  -0.354888 0.934773 0.015905  0.716350 1.008090 0
0  -7.656616 2.311549 49.264847  -0.073166 0.997295 0.007029  0.716350 1.088250 0
trans
0  -8.268707 2.171436 50.080536  -0.354888 0.934773 0.015905  0.716350 1.008090 0
0  -8.956122 2.628944 49.518436  0.175036 0.885796 0.429799  0.791800 1.019500 0
0  -8.824561 1.861605 50.800507  -0.295704 0.901995 0.314586  0.716350 0.931190 0
trans
0  -8.824561 1.861605 50.800507  -0.295704 0.901995 0.314586  0.716350 0.931190 0
0  -8.956122 2.628944 49.518436  0.175036 0.885796 0.429799  0.791800 1.019500 0
0  -9.745169 2.046122 50.416676  -0.046175 0.852554 0.520596  0.791800 0.917990 0
trans
0  -10.320099 1.467247 51.303078  -0.016213 0.741949 0.670260  0.791800 0.823550 0
0  -8.824561 1.861605 50.800507  -0.295704 0.901995 0.314586  0.716350 0.931190 0
0  -9.745169 2.046122 50.416676  -0.046175 0.852554 0.520596  0.791800 0.917990 0
trans
0  -10.320099 1.467247 51.303078  -0.016213 0.741949 0.670260  0.791800 0.823550 0
0  -9.419222 1.341275 51.469513  -0.541745 0.768666 0.340095  0.716350 0.844780 0
0  -8.824561 1.861605 50.800507  -0.295704 0.901995 0.314586  0.716350 0.931190 0
trans
0  4.421139 -7.303037 47.747944  0.217842 -0.883078 -0.415593  0.716350 -0.264360 0
0  4.748071 -7.386908 46.629669  0.390735 -0.839552 0.377462  0.791800 -0.272260 0
0  5.361153 -6.472222 48.029488  0.523652 -0.830436 0.190169  0.716350 -0.162710 0
trans
0  5.361153 -6.472222 48.029488  0.523652 -0.830436 0.190169  0.716350 -0.162710 0
0  4.748071 -7.386908 46.629669  0.390735 -0.839552 0.377462  0.791800 -0.272260 0
0  5.988708 -6.755739 47.348000  0.226127 -0.807834 0.544308  0.791800 -0.153540 0
trans
0  6.796502 -6.079512 47.798264  0.232551 -0.798298 0.555554  0.791800 -0.067870 0
0  5.361153 -6.472222 48.029488  0.523652 -0.830436 0.190169  0.716350 -0.162710 0
0  5.988708 -6.755739 47.348000  0.226127 -0.807834 0.544308  0.791800 -0.153540 0
trans
0  6.796502 -6.079512 47.798264  0.232551 -0.798298 0.555554  0.791800 -0.067870 0
0  6.128492 -5.855854 48.417923  0.542598 -0.832161 0.114436  0.716350 -0.075100 0
0  5.361153 -6.472222 48.029488  0.523652 -0.830436 0.190169  0.716350 -0.162710 0
trans
0  6.128492 -5.855854 48.417923  0.542598 -0.832161 0.114436  0.716350 -0.075100 0
0  6.796502 -6.079512 47.798264  0.232551 -0.798298 0.555554  0.791800 -0.067870 0
0  7.056337 -5.232902 49.097107  0.441499 -0.845846 0.299372  0.716350 0.042040 0
trans
0  7.056337 -5.232902 49.097107  0.441499 -0.845846 0.299372  0.716350 0.042040 0
0  6.796502 -6.079512 47.798264  0.232551 -0.798298 0.555554  0.791800 -0.067870 0
0  7.633896 -5.487476 48.536980  0.200575 -0.797352 0.569210  0.791800 0.039680 0
trans
0  8.439058 -4.726385 49.116505  0.243942 -0.792084 0.559549  0.791800 0.149550 0
0  7.056337 -5.232902 49.097107  0.441499 -0.845846 0.299372  0.716350 0.042040 0
0  7.633896 -5.487476 48.536980  0.200575 -0.797352 0.569210  0.791800 0.039680 0
trans
0  8.439058 -4.726385 49.116505  0.243942 -0.792084 0.559549  0.791800 0.149550 0
0  7.844724 -4.507992 49.666107  0.594293 -0.798013 0.099961  0.716350 0.152810 0
0  7.056337 -5.232902 49.097107  0.441499 -0.845846 0.299372  0.716350 0.042040 0
trans
0  7.844724 -4.507992 49.666107  0.594293 -0.798013 0.099961  0.716350 0.152810 0
0  8.439058 -4.726385 49.116505  0.243942 -0.792084 0.559549  0.791800 0.149550 0
0  8.549575 -3.965632 50.294983  0.556423 -0.769587 0.313255  0.716350 0.249990 0
trans
0  8.549575 -3.965632 50.294983  0.556423 -0.769587 0.313255  0.716350 0.249990 0
0  8.439058 -4.726385 49.116505  0.243942 -0.792084 0.559549  0.791800 0.149550 0
0  9.203440 -4.082064 49.766102  0.327312 -0.753269 0.570485  0.791800 0.250220 0
trans
0  9.713909 -3.312430 50.278854  0.384917 -0.706590 0.593775  0.791800 0.340870 0
0  8.549575 -3.965632 50.294983  0.556423 -0.769587 0.313255  0.716350 0.249990 0
0  9.203440 -4.082064 49.766102  0.327312 -0.753269 0.570485  0.791800 0.250220 0
trans
0  9.713909 -3.312430 50.278854  0.384917 -0.706590 0.593775  0.791800 0.340870 0
0  9.043597 -3.247635 50.792942  0.714721 -0.657883 0.237409  0.716350 0.344040 0
0  8.549575 -3.965632 50.294983  0.556423 -0.769587 0.313255  0.716350 0.249990 0
trans
0  9.043597 -3.247635 50.792942  0.714721 -0.657883 0.237409  0.716350 0.344040 0
0  9.713909 -3.312430 50.278854  0.384917 -0.706590 0.593775  0.791800 0.340870 0
0  9.512623 -2.508917 51.437267  0.542865 -0.743216 0.391060  0.716350 0.439250 0
trans
0  9.512623 -2.508917 51.437267  0.542865 -0.743216 0.391060  0.716350 0.439250 0
0  9.713909 -3.312430 50.278854  0.384917 -0.706590 0.593775  0.791800 0.340870 0
0  10.229639 -2.514508 50.943245  0.337409 -0.798371 0.498758  0.791800 0.435390 0
trans
0  10.916063 -1.795192 51.953655  0.173640 -0.597712 0.782681  0.791800 0.540320 0
0  9.512623 -2.508917 51.437267  0.542865 -0.743216 0.391060  0.716350 0.439250 0
0  10.229639 -2.514508 50.943245  0.337409 -0.798371 0.498758  0.791800 0.435390 0
trans
0  10.916063 -1.795192 51.953655  0.173640 -0.597712 0.782681  0.791800 0.540320 0
0  9.993810 -1.738290 52.133888  0.690172 -0.545744 0.475211  0.716350 0.530670 0
0  9.512623 -2.508917 51.437267  0.542865 -0.743216 0.391060  0.716350 0.439250 0
trans
0  9.993810 -1.738290 52.133888  0.690172 -0.545744 0.475211  0.716350 0.530670 0
0  10.916063 -1.795192 51.953655  0.173640 -0.597712 0.782681  0.791800 0.540320 0
0  10.145109 -0.969308 52.389458  0.550741 -0.185573 0.813785  0.716350 0.605970 0
trans
0  10.145109 -0.969308 52.389458  0.550741 -0.185573 0.813785  0.716350 0.605970 0
0  10.916063 -1.795192 51.953655  0.173640 -0.597712 0.782681  0.791800 0.540320 0
0  11.013091 -0.980163 52.270397  0.130203 -0.212105 0.968534  0.791800 0.603110 0
trans
0  11.045984 -0.108893 52.306572  0.079471 0.209121 0.974655  0.791800 0.663500 0
0  10.145109 -0.969308 52.389458  0.550741 -0.185573 0.813785  0.716350 0.605970 0
0  11.013091 -0.980163 52.270397  0.130203 -0.212105 0.968534  0.791800 0.603110 0
trans
0  11.045984 -0.108893 52.306572  0.079471 0.209121 0.974655  0.791800 0.663500 0
0  10.072750 -0.179934 52.399323  0.727731 0.290702 0.621209  0.716350 0.672830 0
0  10.145109 -0.969308 52.389458  0.550741 -0.185573 0.813785  0.716350 0.605970 0
trans
0  10.072750 -0.179934 52.399323  0.727731 0.290702 0.621209  0.716350 0.672830 0
0  11.045984 -0.108893 52.306572  0.079471 0.209121 0.974655  0.791800 0.663500 0
0  9.799102 0.673248 51.986546  0.404161 0.611519 0.680220  0.716350 0.761960 0
trans
0  9.799102 0.673248 51.986546  0.404161 0.611519 0.680220  0.716350 0.761960 0
0  11.045984 -0.108893 52.306572  0.079471 0.209121 0.974655  0.791800 0.663500 0
0  10.669390 0.839345 51.885906  -0.007678 0.547302 0.836900  0.791800 0.752700 0
trans
0  10.320090 1.467227 51.303093  0.016212 0.741943 0.670267  0.791800 0.823550 0
0  9.799102 0.673248 51.986546  0.404161 0.611519 0.680220  0.716350 0.761960 0
0  10.669390 0.839345 51.885906  -0.007678 0.547302 0.836900  0.791800 0.752700 0
trans
0  10.320090 1.467227 51.303093  0.016212 0.741943 0.670267  0.791800 0.823550 0
0  9.419218 1.341258 51.469509  0.541746 0.768653 0.340122  0.716350 0.844780 0
0  9.799102 0.673248 51.986546  0.404161 0.611519 0.680220  0.716350 0.761960 0
trans
0  9.419218 1.341258 51.469509  0.541746 0.768653 0.340122  0.716350 0.844780 0
0  10.320090 1.467227 51.303093  0.016212 0.741943 0.670267  0.791800 0.823550 0
0  8.824557 1.861588 50.800510  0.295703 0.901995 0.314588  0.716350 0.931190 0
trans
0  8.824557 1.861588 50.800510  0.295703 0.901995 0.314588  0.716350 0.931190 0
0  10.320090 1.467227 51.303093  0.016212 0.741943 0.670267  0.791800 0.823550 0
0  9.745165 2.046103 50.416683  0.046178 0.852553 0.520596  0.791800 0.917990 0
trans
0  8.956121 2.628930 49.518444  -0.175033 0.885796 0.429800  0.791800 1.019500 0
0  8.824557 1.861588 50.800510  0.295703 0.901995 0.314588  0.716350 0.931190 0
0  9.745165 2.046103 50.416683  0.046178 0.852553 0.520596  0.791800 0.917990 0
trans
0  8.956121 2.628930 49.518444  -0.175033 0.885796 0.429800  0.791800 1.019500 0
0  8.268707 2.171422 50.080544  0.354899 0.934769 0.015918  0.716350 1.008090 0
0  8.824557 1.861588 50.800510  0.295703 0.901995 0.314588  0.716350 0.931190 0
trans
0  8.268707 2.171422 50.080544  0.354899 0.934769 0.015918  0.716350 1.008090 0
0  8.956121 2.628930 49.518444  -0.175033 0.885796 0.429800  0.791800 1.019500 0
0  7.656613 2.311540 49.264847  0.073174 0.997294 0.007039  0.716350 1.088250 0
trans
0  7.656613 2.311540 49.264847  0.073174 0.997294 0.007039  0.716350 1.088250 0
0  8.956121 2.628930 49.518444  -0.175033 0.885796 0.429800  0.791800 1.019500 0
0  8.191416 2.672679 48.715252  -0.345458 0.902579 0.256925  0.791800 1.101630 0
trans
0  7.452362 2.538493 47.789051  -0.141819 0.964764 0.221624  0.791800 1.209490 0
0  7.656613 2.311540 49.264847  0.073174 0.997294 0.007039  0.716350 1.088250 0
0  8.191416 2.672679 48.715252  -0.345458 0.902579 0.256925  0.791800 1.101630 0
trans
0  7.452362 2.538493 47.789051  -0.141819 0.964764 0.221624  0.791800 1.209490 0
0  6.995512 2.353647 48.436996  0.413947 0.883358 -0.219832  0.716350 1.187810 0
0  7.656613 2.311540 49.264847  0.073174 0.997294 0.007039  0.716350 1.088250 0
trans
0  6.995512 2.353647 48.436996  0.413947 0.883358 -0.219832  0.716350 1.187810 0
0  7.452362 2.538493 47.789051  -0.141819 0.964764 0.221624  0.791800 1.209490 0
0  6.227519 2.579612 47.627232  0.191499 0.972363 -0.133557  0.716350 1.301480 0
trans
0  6.227519 2.579612 47.627232  0.191499 0.972363 -0.133557  0.716350 1.301480 0
0  7.452362 2.538493 47.789051  -0.141819 0.964764 0.221624  0.791800 1.209490 0
0  6.598196 2.742422 46.957916  -0.128440 0.977612 0.166669  0.791800 1.321160 0
trans
0  5.770011 2.586851 46.290882  -0.015673 0.990313 0.137967  0.791800 1.423550 0
0  6.227519 2.579612 47.627232  0.191499 0.972363 -0.133557  0.716350 1.301480 0
0  6.598196 2.742422 46.957916  -0.128440 0.977612 0.166669  0.791800 1.321160 0
trans
0  5.770011 2.586851 46.290882  -0.015673 0.990313 0.137967  0.791800 1.423550 0
0  5.469390 2.526003 47.000664  0.356223 0.848668 -0.390982  0.716350 1.403240 0
0  6.227519 2.579612 47.627232  0.191499 0.972363 -0.133557  0.716350 1.301480 0
trans
0  -1.259440 4.672416 32.294304  0.194716 -0.937564 -0.288199  0.116690 0.659430 0
0  -1.171469 4.058033 34.215782  0.154223 -0.940282 -0.303454  0.116690 0.748890 0
0  -2.361883 4.587638 32.294308  0.182516 -0.944940 -0.271618  0.024910 0.659430 0
trans
0  -1.171469 4.058033 34.215782  0.154223 -0.940282 -0.303454  0.116690 0.748890 0
0  -2.189199 4.087370 34.215778  0.157546 -0.940006 -0.302602  0.024910 0.748890 0
0  -2.361883 4.587638 32.294308  0.182516 -0.944940 -0.271618  0.024910 0.659430 0
trans
0  -1.171469 4.058033 34.215782  0.154223 -0.940282 -0.303454  0.116690 0.748890 0
0  -1.125559 3.730685 35.184071  0.137053 -0.946709 -0.291476  0.116690 0.794060 0
0  -2.189199 4.087370 34.215778  0.157546 -0.940006 -0.302602  0.024910 0.748890 0
trans
0  -1.125559 3.730685 35.184071  0.137053 -0.946709 -0.291476  0.116690 0.794060 0
0  -2.104830 3.764219 35.184071  0.164237 -0.941103 -0.295552  0.024910 0.794060 0
0  -2.189199 4.087370 34.215778  0.157546 -0.940006 -0.302602  0.024910 0.748890 0
trans
0  -1.125559 3.730685 35.184071  0.137053 -0.946709 -0.291476  0.116690 0.794060 0
0  -1.077870 3.504209 36.161587  0.121761 -0.947420 -0.295921  0.116690 0.839680 0
0  -2.104830 3.764219 35.184071  0.164237 -0.941103 -0.295552  0.024910 0.794060 0
trans
0  -1.077870 3.504209 36.161587  0.121761 -0.947420 -0.295921  0.116690 0.839680 0
0  -2.013566 3.484869 36.161587  0.185279 -0.924149 -0.334096  0.024910 0.839680 0
0  -2.104830 3.764219 35.184071  0.164237 -0.941103 -0.295552  0.024910 0.794060 0
trans
0  -1.077870 3.504209 36.161587  0.121761 -0.947420 -0.295921  0.116690 0.839680 0
0  -0.979829 2.797787 38.083385  0.117262 -0.909689 -0.398391  0.116690 0.929340 0
0  -2.013566 3.484869 36.161587  0.185279 -0.924149 -0.334096  0.024910 0.839680 0
trans
0  -0.979829 2.797787 38.083385  0.117262 -0.909689 -0.398391  0.116690 0.929340 0
0  -1.817184 2.750747 38.083385  0.181357 -0.870517 -0.457503  0.024910 0.929340 0
0  -2.013566 3.484869 36.161587  0.185279 -0.924149 -0.334096  0.024910 0.839680 0
trans
0  -0.979829 2.797787 38.083385  0.117262 -0.909689 -0.398391  0.116690 0.929340 0
0  -0.919700 2.262682 39.050705  0.131919 -0.879230 -0.457768  0.116690 0.975180 0
0  -1.817184 2.750747 38.083385  0.181357 -0.870517 -0.457503  0.024910 0.929340 0
trans
0  -0.919700 2.262682 39.050705  0.131919 -0.879230 -0.457768  0.116690 0.975180 0
0  -1.662865 2.258853 39.050705  0.201818 -0.859646 -0.469339  0.024910 0.975180 0
0  -1.817184 2.750747 38.083385  0.181357 -0.870517 -0.457503  0.024910 0.929340 0
trans
0  -0.283678 -2.434769 54.241928  -0.135957 -0.755415 0.640987  0.221180 1.178040 0
0  -0.778500 -2.515532 54.241928  0.122472 -0.750381 0.649561  0.298810 1.178040 0
0  -0.778500 -3.565121 53.029430  0.125247 -0.767339 0.628891  0.298810 0.931140 0
trans
0  -0.778500 -3.565121 53.029430  0.125247 -0.767339 0.628891  0.298810 0.931140 0
0  -0.283678 -3.484357 53.029430  -0.107320 -0.770905 0.627844  0.221180 0.931140 0
0  -0.283678 -2.434769 54.241928  -0.135957 -0.755415 0.640987  0.221180 1.178040 0
trans
0  -0.283678 -3.484357 53.029430  -0.107320 -0.770905 0.627844  0.221180 0.931140 0
0  -0.778500 -3.565121 53.029430  0.125247 -0.767339 0.628891  0.298810 0.931140 0
0  -0.778500 -4.258168 52.141800  0.125779 -0.770613 0.624768  0.298810 0.757660 0
trans
0  -0.778500 -4.258168 52.141800  0.125779 -0.770613 0.624768  0.298810 0.757660 0
0  -0.283678 -4.177405 52.141800  -0.078043 -0.774549 0.627680  0.221180 0.757660 0
0  -0.283678 -3.484357 53.029430  -0.107320 -0.770905 0.627844  0.221180 0.931140 0
trans
0  -0.283678 -4.177405 52.141800  -0.078043 -0.774549 0.627680  0.221180 0.757660 0
0  -0.778500 -4.258168 52.141800  0.125779 -0.770613 0.624768  0.298810 0.757660 0
0  -0.778498 -4.884875 51.396606  0.126949 -0.777834 0.615514  0.298810 0.607720 0
trans
0  -0.778498 -4.884875 51.396606  0.126949 -0.777834 0.615514  0.298810 0.607720 0
0  -0.283676 -4.804112 51.396606  -0.077924 -0.781834 0.618598  0.221180 0.607730 0
0  -0.283678 -4.177405 52.141800  -0.078043 -0.774549 0.627680  0.221180 0.757660 0
trans
0  -0.283676 -4.804112 51.396606  -0.077924 -0.781834 0.618598  0.221180 0.607730 0
0  -0.778498 -4.884875 51.396606  0.126949 -0.777834 0.615514  0.298810 0.607720 0
0  -0.778498 -5.288295 50.854309  0.135827 -0.832143 0.537669  0.298810 0.503570 0
trans
0  -0.778498 -5.288295 50.854309  0.135827 -0.832143 0.537669  0.298810 0.503570 0
0  -0.283676 -5.207532 50.854309  -0.076805 -0.837600 0.540859  0.221180 0.503580 0
0  -0.283676 -4.804112 51.396606  -0.077924 -0.781834 0.618598  0.221180 0.607730 0
trans
0  -0.283676 -5.207532 50.854309  -0.076805 -0.837600 0.540859  0.221180 0.503580 0
0  -0.778498 -5.288295 50.854309  0.135827 -0.832143 0.537669  0.298810 0.503570 0
0  -0.778498 -5.500417 50.473061  0.146048 -0.894768 0.421971  0.298810 0.436240 0
trans
0  -0.778498 -5.500417 50.473061  0.146048 -0.894768 0.421971  0.298810 0.436240 0
0  -0.283676 -5.419654 50.473061  -0.074564 -0.902054 0.425133  0.221180 0.436260 0
0  -0.283676 -5.207532 50.854309  -0.076805 -0.837600 0.540859  0.221180 0.503580 0
trans
0  -0.283676 -5.419654 50.473061  -0.074564 -0.902054 0.425133  0.221180 0.436260 0
0  -0.778498 -5.500417 50.473061  0.146048 -0.894768 0.421971  0.298810 0.436240 0
0  -0.778498 -5.694455 49.978004  0.103002 -0.972087 0.210803  0.298810 0.354080 0
trans
0  -0.778498 -5.694455 49.978004  0.103002 -0.972087 0.210803  0.298810 0.354080 0
0  -0.283676 -5.613693 49.978004  -0.119858 -0.969120 0.215500  0.221180 0.354080 0
0  -0.283676 -5.419654 50.473061  -0.074564 -0.902054 0.425133  0.221180 0.436260 0
trans
0  -0.283676 -5.613693 49.978004  -0.119858 -0.969120 0.215500  0.221180 0.354080 0
0  -0.778498 -5.694455 49.978004  0.103002 -0.972087 0.210803  0.298810 0.354080 0
0  -0.778498 -5.668226 49.489456  -0.000606 -0.998652 0.051912  0.298810 0.277420 0
trans
0  -0.778498 -5.668226 49.489456  -0.000606 -0.998652 0.051912  0.298810 0.277420 0
0  -0.283676 -5.695246 49.489456  -0.208375 -0.976411 0.056587  0.221180 0.277440 0
0  -0.283676 -5.613693 49.978004  -0.119858 -0.969120 0.215500  0.221180 0.354080 0
trans
0  -0.283676 -5.695246 49.489456  -0.208375 -0.976411 0.056587  0.221180 0.277440 0
0  -0.778498 -5.668226 49.489456  -0.000606 -0.998652 0.051912  0.298810 0.277420 0
0  -0.778496 -5.702380 48.786388  -0.050631 -0.998253 0.030463  0.298810 0.168450 0
trans
0  -0.778496 -5.702380 48.786388  -0.050631 -0.998253 0.030463  0.298810 0.168450 0
0  -0.283674 -5.729400 48.786388  -0.249618 -0.967899 0.029356  0.221180 0.168450 0
0  -0.283676 -5.695246 49.489456  -0.208375 -0.976411 0.056587  0.221180 0.277440 0
trans
0  -0.283674 -5.729400 48.786388  -0.249618 -0.967899 0.029356  0.221180 0.168450 0
0  -0.778496 -5.702380 48.786388  -0.050631 -0.998253 0.030463  0.298810 0.168450 0
0  -0.778496 -5.720040 47.679096  -0.080469 -0.992577 -0.091192  0.298810 -0.002990 0
trans
0  -0.778496 -5.720040 47.679096  -0.080469 -0.992577 -0.091192  0.298810 -0.002990 0
0  -0.283674 -5.739298 47.679096  -0.274745 -0.957692 -0.085685  0.221180 -0.002990 0
0  -0.283674 -5.729400 48.786388  -0.249618 -0.967899 0.029356  0.221180 0.168450 0
trans
0  -0.283674 -5.739298 47.679096  -0.274745 -0.957692 -0.085685  0.221180 -0.002990 0
0  -0.778496 -5.720040 47.679096  -0.080469 -0.992577 -0.091192  0.298810 -0.002990 0
0  -0.778494 -5.532890 46.937462  -0.086422 -0.975883 -0.200460  0.298810 -0.119030 0
trans
0  -0.778494 -5.532890 46.937462  -0.086422 -0.975883 -0.200460  0.298810 -0.119030 0
0  -0.283672 -5.630088 46.937462  -0.273544 -0.943490 -0.187084  0.221180 -0.119030 0
0  -0.283674 -5.739298 47.679096  -0.274745 -0.957692 -0.085685  0.221180 -0.002990 0
trans
0  -0.283672 -5.630088 46.937462  -0.273544 -0.943490 -0.187084  0.221180 -0.119030 0
0  -0.778494 -5.532890 46.937462  -0.086422 -0.975883 -0.200460  0.298810 -0.119030 0
0  -0.778492 -5.229520 45.199867  -0.038923 -0.993766 -0.104474  0.298810 -0.392340 0
trans
0  -0.778492 -5.229520 45.199867  -0.038923 -0.993766 -0.104474  0.298810 -0.392340 0
0  -0.283670 -5.194694 45.199867  -0.205514 -0.973366 -0.101605  0.221180 -0.392340 0
0  -0.283672 -5.630088 46.937462  -0.273544 -0.943490 -0.187084  0.221180 -0.119030 0
trans
0  -0.283670 -5.194694 45.199867  -0.205514 -0.973366 -0.101605  0.221180 -0.392340 0
0  -0.778492 -5.229520 45.199867  -0.038923 -0.993766 -0.104474  0.298810 -0.392340 0
0  -0.778490 -5.184061 42.996368  -0.061631 -0.993010 0.100659  0.298810 -0.733600 0
trans
0  -0.778490 -5.184061 42.996368  -0.061631 -0.993010 0.100659  0.298810 -0.733600 0
0  -0.283668 -5.237019 42.996368  -0.194360 -0.977373 0.083461  0.221180 -0.733600 0
0  -0.283670 -5.194694 45.199867  -0.205514 -0.973366 -0.101605  0.221180 -0.392340 0
trans
0  -0.778490 -5.184061 42.996368  -0.061631 -0.993010 0.100659  0.298810 -0.733600 0
0  0.000002 -5.500446 41.865143  -0.000495 -0.921172 0.389155  0.221180 -0.911090 0
0  -0.283668 -5.237019 42.996368  -0.194360 -0.977373 0.083461  0.221180 -0.733600 0
trans
0  0.000002 -5.500446 41.865143  0.000541 -0.921164 0.389173  0.221180 -0.911090 0
0  0.778494 -5.184059 42.996368  0.061608 -0.993017 0.100610  0.298810 -0.733600 0
0  0.283672 -5.237019 42.996368  0.194325 -0.977378 0.083491  0.221180 -0.733600 0
trans
0  0.283670 -5.194693 45.199867  0.205512 -0.973366 -0.101605  0.221180 -0.392340 0
0  0.283672 -5.237019 42.996368  0.194325 -0.977378 0.083491  0.221180 -0.733600 0
0  0.778494 -5.184059 42.996368  0.061608 -0.993017 0.100610  0.298810 -0.733600 0
trans
0  0.778494 -5.184059 42.996368  0.061608 -0.993017 0.100610  0.298810 -0.733600 0
0  0.778492 -5.229520 45.199867  0.038832 -0.993767 -0.104499  0.298810 -0.392340 0
0  0.283670 -5.194693 45.199867  0.205512 -0.973366 -0.101605  0.221180 -0.392340 0
trans
0  0.283668 -5.630088 46.937462  0.273544 -0.943490 -0.187083  0.221180 -0.119030 0
0  0.283670 -5.194693 45.199867  0.205512 -0.973366 -0.101605  0.221180 -0.392340 0
0  0.778492 -5.229520 45.199867  0.038832 -0.993767 -0.104499  0.298810 -0.392340 0
trans
0  0.778492 -5.229520 45.199867  0.038832 -0.993767 -0.104499  0.298810 -0.392340 0
0  0.778490 -5.532890 46.937466  0.086422 -0.975883 -0.200460  0.298810 -0.119030 0
0  0.283668 -5.630088 46.937462  0.273544 -0.943490 -0.187083  0.221180 -0.119030 0
trans
0  0.283666 -5.739298 47.679096  0.274745 -0.957692 -0.085684  0.221180 -0.002990 0
0  0.283668 -5.630088 46.937462  0.273544 -0.943490 -0.187083  0.221180 -0.119030 0
0  0.778490 -5.532890 46.937466  0.086422 -0.975883 -0.200460  0.298810 -0.119030 0
trans
0  0.778490 -5.532890 46.937466  0.086422 -0.975883 -0.200460  0.298810 -0.119030 0
0  0.778488 -5.720040 47.679100  0.080468 -0.992577 -0.091192  0.298810 -0.002990 0
0  0.283666 -5.739298 47.679096  0.274745 -0.957692 -0.085684  0.221180 -0.002990 0
trans
0  0.283666 -5.729401 48.786392  0.249619 -0.967899 0.029343  0.221180 0.168450 0
0  0.283666 -5.739298 47.679096  0.274745 -0.957692 -0.085684  0.221180 -0.002990 0
0  0.778488 -5.720040 47.679100  0.080468 -0.992577 -0.091192  0.298810 -0.002990 0
trans
0  0.778488 -5.720040 47.679100  0.080468 -0.992577 -0.091192  0.298810 -0.002990 0
0  0.778488 -5.702380 48.786392  0.050632 -0.998253 0.030464  0.298810 0.168450 0
0  0.283666 -5.729401 48.786392  0.249619 -0.967899 0.029343  0.221180 0.168450 0
trans
0  0.283664 -5.695247 49.489456  0.208378 -0.976410 0.056590  0.221180 0.277440 0
0  0.283666 -5.729401 48.786392  0.249619 -0.967899 0.029343  0.221180 0.168450 0
0  0.778488 -5.702380 48.786392  0.050632 -0.998253 0.030464  0.298810 0.168450 0
trans
0  0.778488 -5.702380 48.786392  0.050632 -0.998253 0.030464  0.298810 0.168450 0
0  0.778486 -5.668226 49.489456  -0.000365 -0.998643 0.052085  0.298810 0.277420 0
0  0.283664 -5.695247 49.489456  0.208378 -0.976410 0.056590  0.221180 0.277440 0
trans
0  0.283664 -5.613693 49.978004  0.119859 -0.969120 0.215498  0.221180 0.354080 0
0  0.283664 -5.695247 49.489456  0.208378 -0.976410 0.056590  0.221180 0.277440 0
0  0.778486 -5.668226 49.489456  -0.000365 -0.998643 0.052085  0.298810 0.277420 0
trans
0  0.778486 -5.668226 49.489456  -0.000365 -0.998643 0.052085  0.298810 0.277420 0
0  0.778486 -5.694456 49.978004  -0.102966 -0.972083 0.210839  0.298810 0.354080 0
0  0.283664 -5.613693 49.978004  0.119859 -0.969120 0.215498  0.221180 0.354080 0
trans
0  0.283664 -5.419655 50.473061  0.074560 -0.902055 0.425132  0.221180 0.436260 0
0  0.283664 -5.613693 49.978004  0.119859 -0.969120 0.215498  0.221180 0.354080 0
0  0.778486 -5.694456 49.978004  -0.102966 -0.972083 0.210839  0.298810 0.354080 0
trans
0  0.778486 -5.694456 49.978004  -0.102966 -0.972083 0.210839  0.298810 0.354080 0
0  0.778486 -5.500418 50.473061  -0.146081 -0.894995 0.421479  0.298810 0.436240 0
0  0.283664 -5.419655 50.473061  0.074560 -0.902055 0.425132  0.221180 0.436260 0
trans
0  0.283664 -5.207532 50.854309  0.076800 -0.837600 0.540859  0.221180 0.503580 0
0  0.283664 -5.419655 50.473061  0.074560 -0.902055 0.425132  0.221180 0.436260 0
0  0.778486 -5.500418 50.473061  -0.146081 -0.894995 0.421479  0.298810 0.436240 0
trans
0  0.778486 -5.500418 50.473061  -0.146081 -0.894995 0.421479  0.298810 0.436240 0
0  0.778486 -5.288297 50.854309  -0.135837 -0.832224 0.537543  0.298810 0.503570 0
0  0.283664 -5.207532 50.854309  0.076800 -0.837600 0.540859  0.221180 0.503580 0
trans
0  0.283664 -4.804112 51.396606  0.077964 -0.781833 0.618595  0.221180 0.607730 0
0  0.283664 -5.207532 50.854309  0.076800 -0.837600 0.540859  0.221180 0.503580 0
0  0.778486 -5.288297 50.854309  -0.135837 -0.832224 0.537543  0.298810 0.503570 0
trans
0  0.778486 -5.288297 50.854309  -0.135837 -0.832224 0.537543  0.298810 0.503570 0
0  0.778486 -4.884875 51.396614  -0.126977 -0.777983 0.615321  0.298810 0.607720 0
0  0.283664 -4.804112 51.396606  0.077964 -0.781833 0.618595  0.221180 0.607730 0
trans
0  0.283662 -4.177404 52.141804  0.078042 -0.774549 0.627681  0.221180 0.757660 0
0  0.283664 -4.804112 51.396606  0.077964 -0.781833 0.618595  0.221180 0.607730 0
0  0.778486 -4.884875 51.396614  -0.126977 -0.777983 0.615321  0.298810 0.607720 0
trans
0  0.778486 -4.884875 51.396614  -0.126977 -0.777983 0.615321  0.298810 0.607720 0
0  0.778484 -4.258167 52.141804  -0.125781 -0.770612 0.624770  0.298810 0.757660 0
0  0.283662 -4.177404 52.141804  0.078042 -0.774549 0.627681  0.221180 0.757660 0
trans
0  0.283662 -3.484357 53.029430  0.107320 -0.770905 0.627844  0.221180 0.931140 0
0  0.283662 -4.177404 52.141804  0.078042 -0.774549 0.627681  0.221180 0.757660 0
0  0.778484 -4.258167 52.141804  -0.125781 -0.770612 0.624770  0.298810 0.757660 0
trans
0  0.778484 -4.258167 52.141804  -0.125781 -0.770612 0.624770  0.298810 0.757660 0
0  0.778484 -3.565121 53.029430  -0.125109 -0.766526 0.629910  0.298810 0.931140 0
0  0.283662 -3.484357 53.029430  0.107320 -0.770905 0.627844  0.221180 0.931140 0
trans
0  0.283662 -2.434769 54.241928  0.135958 -0.755408 0.640995  0.221180 1.178040 0
0  0.283662 -3.484357 53.029430  0.107320 -0.770905 0.627844  0.221180 0.931140 0
0  0.778484 -3.565121 53.029430  -0.125109 -0.766526 0.629910  0.298810 0.931140 0
trans
0  0.778484 -3.565121 53.029430  -0.125109 -0.766526 0.629910  0.298810 0.931140 0
0  0.778484 -2.515533 54.241928  -0.122471 -0.750381 0.649561  0.298810 1.178040 0
0  0.283662 -2.434769 54.241928  0.135958 -0.755408 0.640995  0.221180 1.178040 0
trans
0  7.451847 -0.354079 48.825195  -0.665706 -0.069206 -0.742998  0.316200 0.000000 0
0  8.135183 -0.361388 48.092464  -0.637865 -0.053954 -0.768256  0.418700 0.000000 0
0  8.476362 -1.303509 48.579720  -0.504500 -0.642336 -0.576961  0.418660 0.110390 0
trans
0  8.476362 -1.303509 48.579720  -0.504500 -0.642336 -0.576961  0.418660 0.110390 0
0  7.655330 -1.303309 49.115795  -0.545043 -0.636173 -0.546088  0.316180 0.110390 0
0  7.451847 -0.354079 48.825195  -0.665706 -0.069206 -0.742998  0.316200 0.000000 0
trans
0  7.655330 -1.303309 49.115795  -0.545043 -0.636173 -0.546088  0.316180 0.110390 0
0  8.476362 -1.303509 48.579720  -0.504500 -0.642336 -0.576961  0.418660 0.110390 0
0  8.832434 -1.887589 49.088242  -0.260177 -0.941080 -0.216049  0.418660 0.196270 0
trans
0  8.832434 -1.887589 49.088242  -0.260177 -0.941080 -0.216049  0.418660 0.196270 0
0  8.067347 -1.701365 49.704220  -0.232739 -0.938004 -0.256869  0.316180 0.196270 0
0  7.655330 -1.303309 49.115795  -0.545043 -0.636173 -0.546088  0.316180 0.110390 0
trans
0  8.067347 -1.701365 49.704220  -0.232739 -0.938004 -0.256869  0.316180 0.196270 0
0  8.832434 -1.887589 49.088242  -0.260177 -0.941080 -0.216049  0.418660 0.196270 0
0  9.257114 -1.812337 49.694752  0.005930 -0.985981 0.166751  0.418660 0.265990 0
trans
0  9.257114 -1.812337 49.694752  0.005930 -0.985981 0.166751  0.418660 0.265990 0
0  8.443905 -1.817238 50.242008  0.029698 -0.989963 0.138170  0.316180 0.265990 0
0  8.067347 -1.701365 49.704220  -0.232739 -0.938004 -0.256869  0.316180 0.196270 0
trans
0  8.443905 -1.817238 50.242008  0.029698 -0.989963 0.138170  0.316180 0.265990 0
0  9.257114 -1.812337 49.694752  0.005930 -0.985981 0.166751  0.418660 0.265990 0
0  9.725412 -1.642687 50.363556  0.187833 -0.830271 0.524756  0.418660 0.348700 0
trans
0  9.725412 -1.642687 50.363556  0.187833 -0.830271 0.524756  0.418660 0.348700 0
0  8.855654 -1.485173 50.830044  0.201721 -0.816209 0.541398  0.316180 0.348700 0
0  8.443905 -1.817238 50.242008  0.029698 -0.989963 0.138170  0.316180 0.265990 0
trans
0  8.855654 -1.485173 50.830044  0.201721 -0.816209 0.541398  0.316180 0.348700 0
0  9.725412 -1.642687 50.363556  0.187833 -0.830271 0.524756  0.418660 0.348700 0
0  10.020572 -1.076460 50.785084  0.382134 -0.449470 0.807434  0.418660 0.419340 0
trans
0  10.020572 -1.076460 50.785084  0.382134 -0.449470 0.807434  0.418660 0.419340 0
0  9.116215 -0.985325 51.202164  0.367768 -0.485782 0.792946  0.316180 0.419340 0
0  8.855654 -1.485173 50.830044  0.201721 -0.816209 0.541398  0.316180 0.348700 0
trans
0  9.116215 -0.985325 51.202164  0.367768 -0.485782 0.792946  0.316180 0.419340 0
0  10.020572 -1.076460 50.785084  0.382134 -0.449470 0.807434  0.418660 0.419340 0
0  10.056164 -0.322422 50.835911  0.486604 0.136828 0.862841  0.418660 0.493870 0
trans
0  10.056164 -0.322422 50.835911  0.486604 0.136828 0.862841  0.418660 0.493870 0
0  9.250956 -0.312387 51.394588  0.483255 0.116150 0.867741  0.316180 0.493870 0
0  9.116215 -0.985325 51.202164  0.367768 -0.485782 0.792946  0.316180 0.419340 0
trans
0  9.250956 -0.312387 51.394588  0.483255 0.116150 0.867741  0.316180 0.493870 0
0  10.056164 -0.322422 50.835911  0.486604 0.136828 0.862841  0.418660 0.493870 0
0  9.776708 0.793204 50.436806  0.319559 0.730613 0.603396  0.418660 0.614390 0
trans
0  9.776708 0.793204 50.436806  0.319559 0.730613 0.603396  0.418660 0.614390 0
0  8.900928 0.665163 50.894699  0.362845 0.719675 0.591956  0.316180 0.614390 0
0  9.250956 -0.312387 51.394588  0.483255 0.116150 0.867741  0.316180 0.493870 0
trans
0  8.900928 0.665163 50.894699  0.362845 0.719675 0.591956  0.316180 0.614390 0
0  9.776708 0.793204 50.436806  0.319559 0.730613 0.603396  0.418660 0.614390 0
0  9.298830 1.052849 49.754318  0.130938 0.940423 0.313783  0.418660 0.701410 0
trans
0  9.298830 1.052849 49.754318  0.130938 0.940423 0.313783  0.418660 0.701410 0
0  8.486039 1.076671 50.302174  0.218097 0.940286 0.261337  0.316180 0.701410 0
0  8.900928 0.665163 50.894699  0.362845 0.719675 0.591956  0.316180 0.614390 0
trans
0  8.486039 1.076671 50.302174  0.218097 0.940286 0.261337  0.316180 0.701410 0
0  9.298830 1.052849 49.754318  0.130938 0.940423 0.313783  0.418660 0.701410 0
0  8.757434 1.420760 48.981129  -0.209653 0.965949 -0.151620  0.418660 0.791070 0
trans
0  8.757434 1.420760 48.981129  -0.209653 0.965949 -0.151620  0.418660 0.791070 0
0  8.001151 1.219151 49.609680  -0.076386 0.967463 -0.241205  0.316180 0.791070 0
0  8.486039 1.076671 50.302174  0.218097 0.940286 0.261337  0.316180 0.701410 0
trans
0  8.001151 1.219151 49.609680  -0.076386 0.967463 -0.241205  0.316180 0.791070 0
0  8.757434 1.420760 48.981129  -0.209653 0.965949 -0.151620  0.418660 0.791070 0
0  8.432068 0.702824 48.516457  -0.542648 0.545243 -0.638939  0.418660 0.879160 0
trans
0  8.432068 0.702824 48.516457  -0.542648 0.545243 -0.638939  0.418660 0.879160 0
0  7.610590 0.723137 49.051903  -0.466661 0.532363 -0.706270  0.316180 0.879160 0
0  8.001151 1.219151 49.609680  -0.076386 0.967463 -0.241205  0.316180 0.791070 0
trans
0  7.610590 0.723137 49.051903  -0.466661 0.532363 -0.706270  0.316180 0.879160 0
0  8.432068 0.702824 48.516457  -0.542648 0.545243 -0.638939  0.418660 0.879160 0
0  8.135183 -0.361388 48.092464  -0.637865 -0.053954 -0.768256  0.418700 1.000000 0
trans
0  8.135183 -0.361388 48.092464  -0.637865 -0.053954 -0.768256  0.418700 1.000000 0
0  7.451847 -0.354079 48.825195  -0.665706 -0.069206 -0.742998  0.316200 1.000000 0
0  7.610590 0.723137 49.051903  -0.466661 0.532363 -0.706270  0.316180 0.879160 0
end
