// Created by Crowbar 0.74
version 1
nodes
  0 "ValveBiped.ValveBiped" -1
  1 "ValveBiped.Bip01" 0
  2 "ValveBiped.Camera" 0
  3 "ValveBiped.weapon_bone" 1
  4 "ValveBiped.attach_muzzle" 3
  5 "ValveBiped.attach_shell_eject" 3
  6 "ValveBiped.attach_camera" 2
  7 "ValveBiped.Bip01_Spine" 1
  8 "ValveBiped.Bip01_Spine1" 7
  9 "ValveBiped.Bip01_Spine2" 8
  10 "ValveBiped.Bip01_Spine4" 9
  11 "ValveBiped.Bip01_L_Clavicle" 10
  12 "ValveBiped.Bip01_L_UpperArm" 11
  13 "ValveBiped.Bip01_L_Forearm" 12
  14 "ValveBiped.Bip01_L_Hand" 13
  15 "ValveBiped.Bip01_L_Finger4" 14
  16 "ValveBiped.Bip01_L_Finger41" 15
  17 "ValveBiped.Bip01_L_Finger42" 16
  18 "ValveBiped.Bip01_L_Finger3" 14
  19 "ValveBiped.Bip01_L_Finger31" 18
  20 "ValveBiped.Bip01_L_Finger32" 19
  21 "ValveBiped.Bip01_L_Finger2" 14
  22 "ValveBiped.Bip01_L_Finger21" 21
  23 "ValveBiped.Bip01_L_Finger22" 22
  24 "ValveBiped.Bip01_L_Finger1" 14
  25 "ValveBiped.Bip01_L_Finger11" 24
  26 "ValveBiped.Bip01_L_Finger12" 25
  27 "ValveBiped.Bip01_L_Finger0" 14
  28 "ValveBiped.Bip01_L_Finger01" 27
  29 "ValveBiped.Bip01_L_Finger02" 28
  30 "ValveBiped.Bip01_R_Clavicle" 10
  31 "ValveBiped.Bip01_R_UpperArm" 30
  32 "ValveBiped.Bip01_R_Forearm" 31
  33 "ValveBiped.Bip01_R_Hand" 32
  34 "ValveBiped.Bip01_R_Finger4" 33
  35 "ValveBiped.Bip01_R_Finger41" 34
  36 "ValveBiped.Bip01_R_Finger42" 35
  37 "ValveBiped.Bip01_R_Finger3" 33
  38 "ValveBiped.Bip01_R_Finger31" 37
  39 "ValveBiped.Bip01_R_Finger32" 38
  40 "ValveBiped.Bip01_R_Finger2" 33
  41 "ValveBiped.Bip01_R_Finger21" 40
  42 "ValveBiped.Bip01_R_Finger22" 41
  43 "ValveBiped.Bip01_R_Finger1" 33
  44 "ValveBiped.Bip01_R_Finger11" 43
  45 "ValveBiped.Bip01_R_Finger12" 44
  46 "ValveBiped.Bip01_R_Finger0" 33
  47 "ValveBiped.Bip01_R_Finger01" 46
  48 "ValveBiped.Bip01_R_Finger02" 47
  49 "ValveBiped.weapon_charger_slide" 3
  50 "ValveBiped.weapon_stock_hammer" 3
  51 "ValveBiped.weapon_bolt" 3
  52 "ValveBiped.weapon_safety" 3
  53 "ValveBiped.weapon_trigger" 3
  54 "ValveBiped.weapon_clip_realease" 3
  55 "ValveBiped.weapon_clip" 3
  56 "ValveBiped.weapon_clip_bullets" 55
  57 "ValveBiped.Bip01_R_Forearm_driven" 32
  58 "ValveBiped.Bip01_R_Driven_ulna" 32
  59 "ValveBiped.Bip01_R_thumbroot" 33
  60 "ValveBiped.Bip01_L_Forearm_driven" 13
  61 "ValveBiped.Bip01_L_Driven_ulna" 13
  62 "ValveBiped.Bip01_L_thumbroot" 14
end
skeleton
  time 0
    0 -0.999512 -2.000000 -55.000000 1.570792 0.000003 -0.000003
    1 0.000000 38.312500 -0.516602 1.570793 0.004436 1.570793
    2 0.285645 54.406250 -3.105469 0.000000 0.000000 0.000000
    3 -6.046407 9.218061 6.840052 -1.011384 -0.937253 -0.123951
    4 0.000000 0.099715 8.360889 0.000000 -1.570796 0.000000
    5 0.000000 3.003861 1.610714 -1.570796 0.000000 1.570796
    6 0.000000 0.000000 0.000000 0.000000 -1.570796 0.000000
    7 4.042969 0.000000 0.000000 0.000000 0.000000 -0.078758
    8 3.995838 0.000000 0.000000 0.000000 0.000000 0.076519
    9 3.698238 0.000000 0.000000 0.000000 0.000000 0.238301
    10 5.700886 0.000000 0.000000 0.000000 0.000000 0.495179
    11 -7.403705 3.103527 0.371059 0.508119 -1.270540 -2.444390
    12 5.507359 0.000004 0.000001 -1.036148 -0.395939 -1.301255
    13 10.907391 0.000000 0.000004 0.266829 -0.232281 -1.158947
    14 10.424316 -0.000007 -0.000031 1.480116 -0.346020 -0.033052
    15 2.997272 0.005413 -1.477472 0.048713 0.112753 -0.654673
    16 1.510380 -0.000002 0.000000 0.102019 -0.018587 -1.050086
    17 0.808647 0.000001 0.000000 0.074505 -0.167926 -1.025841
    18 3.305794 0.203110 -0.546729 0.146337 0.120110 -0.673357
    19 1.807177 0.000000 0.000000 0.012055 -0.101777 -1.183209
    20 0.966141 -0.000001 0.000000 -0.003500 -0.006392 -0.767940
    21 3.571516 0.109303 0.409580 0.093172 0.176210 -0.995124
    22 2.150654 0.000000 0.000000 -0.009582 -0.067753 -1.184717
    23 1.152744 0.000001 0.000000 -0.025265 0.000085 -1.098545
    24 3.684093 -0.158703 1.419181 0.009578 0.296899 -0.902317
    25 1.701010 0.000000 0.000000 0.004250 0.081934 -1.300964
    26 0.994709 0.000002 0.000000 -0.014902 0.035587 -0.462877
    27 1.068075 -1.287205 0.981903 2.068206 -0.124065 -0.600829
    28 1.836302 0.000003 -0.000002 -0.003687 0.139064 -0.385176
    29 1.223946 -0.000001 0.000000 0.029851 -0.027589 -0.628674
    30 -4.750000 1.226563 -3.570313 -1.763549 1.041139 3.026509
    31 5.507362 -0.000008 -0.000001 0.153052 1.518512 -1.333980
    32 10.907394 0.000001 -0.000008 0.515523 0.493003 -0.907488
    33 10.424301 -0.000005 0.000015 -0.614356 0.142120 0.197065
    34 2.997293 0.000065 1.477481 0.192798 0.058961 -0.200998
    35 1.510380 -0.000002 0.000000 -0.000330 -0.020195 -1.183561
    36 0.808651 0.000000 0.000000 -0.153483 0.046602 -1.271586
    37 3.305807 0.201134 0.547461 -0.175808 0.028638 -0.707519
    38 1.807178 -0.000002 0.000000 0.088278 0.098052 -1.361328
    39 0.966137 -0.000001 0.000000 0.008253 -0.005737 -1.448820
    40 3.571524 0.110785 -0.409182 -0.280349 0.005231 -0.808429
    41 2.150660 0.000002 0.000000 -0.032774 0.097662 -1.812899
    42 1.152756 0.000000 0.000000 0.006858 -0.010050 -0.912005
    43 3.684111 -0.153564 -1.419746 -0.068354 0.064613 -0.408612
    44 1.701017 0.000004 0.000000 -0.007906 -0.081664 -1.256224
    45 0.994705 0.000000 0.000000 0.038450 -0.003162 -1.554987
    46 1.068094 -1.283655 -0.986553 -2.694603 0.187766 -0.490546
    47 1.836308 -0.000001 0.000002 -0.062192 0.177654 -0.524082
    48 1.223946 -0.000001 0.000002 -0.033998 0.022278 -0.794608
    49 0.000000 1.945634 -1.740829 0.000000 0.000000 0.000000
    50 0.000000 1.092286 -2.833118 0.000000 0.000000 0.000000
    51 0.000000 1.945635 0.000000 0.000000 0.000000 0.000000
    52 0.000000 1.228824 1.706703 0.000000 0.000000 0.000000
    53 -22.828125 -40.343750 -27.640625 1.231834 -0.319588 -0.556892
    54 0.000000 -0.000002 3.037922 0.000000 0.000000 0.000000
    55 0.000000 -0.000002 3.857136 0.000000 0.000000 0.000000
    56 0.000000 -0.876005 0.000000 0.000000 0.000000 0.000000
    57 3.201996 0.000000 -0.000004 -0.723671 -0.104716 0.122176
    58 6.694000 0.000000 -0.000004 -0.158355 -0.104976 0.122277
    59 0.109995 -0.821001 -0.907000 -1.824293 0.317796 -0.474892
    60 3.357422 -0.030869 0.000021 1.396950 0.104718 0.122170
    61 6.867996 0.000000 0.000000 1.422929 0.104724 0.122157
    62 0.084999 -0.691999 1.011000 -1.495769 0.247805 2.697135
  time 1
    0 -0.999512 -2.000000 -55.000000 1.570792 0.000003 -0.000003
    1 0.000000 38.312500 -0.516602 1.570793 0.004436 1.570793
    2 0.285645 54.406250 -3.105469 0.000000 0.000000 0.000000
    3 -6.038594 9.218061 6.828333 -1.007109 -0.934498 -0.132946
    4 0.000000 0.099715 8.360889 0.000000 -1.570796 0.000000
    5 0.000000 3.003861 1.610714 -1.570796 0.000000 1.570796
    6 0.000000 0.000000 0.000000 0.000000 -1.570796 0.000000
    7 4.042969 0.000000 0.000000 0.000000 0.000000 -0.078758
    8 3.995838 0.000000 0.000000 0.000000 0.000000 0.076519
    9 3.698238 0.000000 0.000000 0.000000 0.000000 0.238301
    10 5.700886 0.000000 0.000000 0.000000 0.000000 0.495179
    11 -7.403705 3.103527 0.371059 0.522297 -1.269741 -2.456872
    12 5.507359 0.000004 0.000001 -1.035702 -0.395846 -1.300780
    13 10.907391 0.000000 0.000004 0.271204 -0.237131 -1.161350
    14 10.424316 -0.000007 -0.000031 1.480740 -0.349303 -0.034999
    15 2.997272 0.005413 -1.477472 0.286511 -0.050477 -0.650461
    16 1.510380 -0.000002 0.000000 0.072010 -0.012858 -0.891830
    17 0.808647 0.000001 0.000000 0.046198 -0.177705 -0.861579
    18 3.305794 0.203110 -0.546729 0.146337 0.120110 -0.673357
    19 1.807177 0.000000 0.000000 0.012055 -0.101777 -1.183209
    20 0.966141 -0.000001 0.000000 -0.003500 -0.006392 -0.767940
    21 3.571516 0.109303 0.409580 0.093172 0.176210 -0.995124
    22 2.150654 0.000000 0.000000 -0.009582 -0.067753 -1.184717
    23 1.152744 0.000001 0.000000 -0.025265 0.000085 -1.098545
    24 3.684093 -0.158703 1.419181 0.009578 0.296899 -0.902317
    25 1.701010 0.000000 0.000000 0.004250 0.081934 -1.300964
    26 0.994709 0.000002 0.000000 -0.014902 0.035587 -0.462877
    27 1.068075 -1.287205 0.981903 2.068206 -0.124065 -0.600829
    28 1.836302 0.000003 -0.000002 -0.003687 0.139064 -0.385176
    29 1.223946 -0.000001 0.000000 0.029851 -0.027589 -0.628674
    30 -4.750000 1.226563 -3.570313 -1.763549 1.041139 3.026509
    31 5.507362 -0.000008 -0.000001 0.266575 1.518596 -1.221159
    32 10.907394 0.000001 -0.000008 0.514095 0.489426 -0.918087
    33 10.424301 -0.000005 0.000015 -0.614770 0.144028 0.193544
    34 2.997293 0.000065 1.477481 0.192798 0.058961 -0.200986
    35 1.510380 -0.000002 0.000000 -0.000330 -0.020195 -1.183561
    36 0.808651 0.000000 0.000000 -0.153483 0.046602 -1.271586
    37 3.305807 0.201134 0.547461 -0.175808 0.028638 -0.707519
    38 1.807178 -0.000002 0.000000 0.088278 0.098052 -1.361328
    39 0.966137 -0.000001 0.000000 0.008253 -0.005737 -1.448820
    40 3.571524 0.110785 -0.409182 -0.280349 0.005231 -0.808429
    41 2.150660 0.000002 0.000000 -0.032774 0.097662 -1.812899
    42 1.152756 0.000000 0.000000 0.006858 -0.010050 -0.912005
    43 3.684111 -0.153564 -1.419746 -0.068354 0.064613 -0.408612
    44 1.701017 0.000004 0.000000 -0.007906 -0.081664 -1.256224
    45 0.994705 0.000000 0.000000 0.038450 -0.003162 -1.554987
    46 1.068094 -1.283655 -0.986553 -2.694634 0.187766 -0.490546
    47 1.836308 -0.000001 0.000002 -0.062192 0.177654 -0.524082
    48 1.223946 -0.000001 0.000002 -0.033998 0.022278 -0.794608
    49 0.000000 1.945634 -1.740829 0.000000 0.000000 0.000000
    50 0.000000 1.092286 -2.833118 0.000000 0.000000 0.000000
    51 0.000000 1.945635 0.000000 0.000000 0.000000 0.000000
    52 0.000000 1.228824 1.706703 0.000000 0.000000 0.000000
    53 -22.828125 -40.343750 -27.640625 1.231834 -0.319588 -0.556892
    54 0.000000 -0.000002 3.037922 0.000000 0.000000 0.000000
    55 0.000000 -0.000002 3.857136 0.000000 0.000000 0.000000
    56 0.000000 -0.876005 0.000000 0.000000 0.000000 0.000000
    57 3.201996 0.000000 -0.000004 -0.723671 -0.104716 0.122176
    58 6.694000 0.000000 -0.000004 -0.158355 -0.104976 0.122277
    59 0.109995 -0.821001 -0.907000 -1.824293 0.317796 -0.474892
    60 3.357422 -0.030869 0.000021 1.396950 0.104718 0.122170
    61 6.867996 0.000000 0.000000 1.422929 0.104724 0.122157
    62 0.084999 -0.691999 1.011000 -1.495769 0.247805 2.697135
  time 2
    0 -0.999512 -2.000000 -55.000000 1.570792 0.000003 -0.000003
    1 0.000000 38.312500 -0.516602 1.570793 0.004436 1.570793
    2 0.285645 54.406250 -3.105469 0.000000 0.000000 0.000000
    3 -6.065939 9.218061 6.832240 -1.002276 -0.931742 -0.141509
    4 0.000000 0.099715 8.360889 0.000000 -1.570796 0.000000
    5 0.000000 3.003861 1.610714 -1.570796 0.000000 1.570796
    6 0.000000 0.000000 0.000000 0.000000 -1.570796 0.000000
    7 4.042969 0.000000 0.000000 0.000000 0.000000 -0.078758
    8 3.995838 0.000000 0.000000 0.000000 0.000000 0.076519
    9 3.698238 0.000000 0.000000 0.000000 0.000000 0.238301
    10 5.700886 0.000000 0.000000 0.000000 0.000000 0.495179
    11 -7.403705 3.103527 0.371059 0.541743 -1.269608 -2.474786
    12 5.507359 0.000004 0.000001 -1.036817 -0.396032 -1.298500
    13 10.907391 0.000000 0.000004 0.274428 -0.242360 -1.160149
    14 10.424316 -0.000007 -0.000031 1.481100 -0.352636 -0.038930
    15 2.997272 0.005413 -1.477472 0.286511 -0.050477 -0.650461
    16 1.510380 -0.000002 0.000000 0.072010 -0.012858 -0.891830
    17 0.808647 0.000001 0.000000 0.046198 -0.177705 -0.861579
    18 3.305794 0.203110 -0.546729 0.146337 0.120110 -0.673357
    19 1.807177 0.000000 0.000000 0.012055 -0.101777 -1.183209
    20 0.966141 -0.000001 0.000000 -0.003500 -0.006392 -0.767940
    21 3.571516 0.109303 0.409580 0.093172 0.176210 -0.995124
    22 2.150654 0.000000 0.000000 -0.009582 -0.067753 -1.184717
    23 1.152744 0.000001 0.000000 -0.025265 0.000085 -1.098545
    24 3.684093 -0.158703 1.419181 0.009578 0.296899 -0.902317
    25 1.701010 0.000000 0.000000 0.004250 0.081934 -1.300964
    26 0.994709 0.000002 0.000000 -0.014902 0.035587 -0.462877
    27 1.068075 -1.287205 0.981903 2.068206 -0.124065 -0.600829
    28 1.836302 0.000003 -0.000002 -0.003687 0.139064 -0.385176
    29 1.223946 -0.000001 0.000000 0.029851 -0.027589 -0.628674
    30 -4.750000 1.226563 -3.570313 -1.763549 1.041139 3.026509
    31 5.507362 -0.000008 -0.000001 0.337090 1.518722 -1.150730
    32 10.907394 0.000001 -0.000008 0.515809 0.484083 -0.921677
    33 10.424301 -0.000005 0.000015 -0.615289 0.145712 0.186153
    34 2.997293 0.000065 1.477481 0.192798 0.058961 -0.200998
    35 1.510380 -0.000002 0.000000 -0.000330 -0.020195 -1.183561
    36 0.808651 0.000000 0.000000 -0.153483 0.046602 -1.271586
    37 3.305807 0.201134 0.547461 -0.175808 0.028638 -0.707519
    38 1.807178 -0.000002 0.000000 0.088278 0.098052 -1.361328
    39 0.966137 -0.000001 0.000000 0.008253 -0.005737 -1.448820
    40 3.571524 0.110785 -0.409182 -0.280349 0.005231 -0.808429
    41 2.150660 0.000002 0.000000 -0.032774 0.097662 -1.812899
    42 1.152756 0.000000 0.000000 0.006858 -0.010050 -0.912005
    43 3.684111 -0.153564 -1.419746 -0.068354 0.064613 -0.408612
    44 1.701017 0.000004 0.000000 -0.007906 -0.081664 -1.256224
    45 0.994705 0.000000 0.000000 0.038450 -0.003162 -1.554987
    46 1.068094 -1.283655 -0.986553 -2.694603 0.187766 -0.490546
    47 1.836308 -0.000001 0.000002 -0.062192 0.177654 -0.524082
    48 1.223946 -0.000001 0.000002 -0.033998 0.022278 -0.794608
    49 0.000000 1.945634 -1.740829 0.000000 0.000000 0.000000
    50 0.000000 1.092286 -2.833118 0.000000 0.000000 0.000000
    51 0.000000 1.945635 0.000000 0.000000 0.000000 0.000000
    52 0.000000 1.228824 1.706703 0.000000 0.000000 0.000000
    53 -22.828125 -40.343750 -27.640625 1.231834 -0.319588 -0.556892
    54 0.000000 -0.000002 3.037922 0.000000 0.000000 0.000000
    55 0.000000 -0.000002 3.857136 0.000000 0.000000 0.000000
    56 0.000000 -0.876005 0.000000 0.000000 0.000000 0.000000
    57 3.201996 0.000000 -0.000004 -0.723671 -0.104716 0.122176
    58 6.694000 0.000000 -0.000004 -0.158355 -0.104976 0.122277
    59 0.109995 -0.821001 -0.907000 -1.824293 0.317796 -0.474892
    60 3.357422 -0.030869 0.000021 1.396950 0.104718 0.122170
    61 6.867996 0.000000 0.000000 1.422929 0.104724 0.122157
    62 0.084999 -0.691999 1.011000 -1.495769 0.247805 2.697135
  time 3
    0 -0.999512 -2.000000 -55.000000 1.570792 0.000003 -0.000003
    1 0.000000 38.312500 -0.516602 1.570793 0.004436 1.570793
    2 0.285645 54.406250 -3.105469 0.000000 0.000000 0.000000
    3 -6.116721 9.218061 6.855678 -0.999953 -0.930479 -0.145315
    4 0.000000 0.099715 8.360889 0.000000 -1.570796 0.000000
    5 0.000000 3.003861 1.610714 -1.570796 0.000000 1.570796
    6 0.000000 0.000000 0.000000 0.000000 -1.570796 0.000000
    7 4.042969 0.000000 0.000000 0.000000 0.000000 -0.078758
    8 3.995838 0.000000 0.000000 0.000000 0.000000 0.076519
    9 3.698238 0.000000 0.000000 0.000000 0.000000 0.238301
    10 5.700886 0.000000 0.000000 0.000000 0.000000 0.495179
    11 -7.403705 3.103527 0.371059 0.558412 -1.270207 -2.490794
    12 5.507359 0.000004 0.000001 -1.039270 -0.396450 -1.295079
    13 10.907391 0.000000 0.000004 0.274812 -0.245270 -1.155712
    14 10.424316 -0.000007 -0.000031 1.481196 -0.354378 -0.043762
    15 2.997272 0.005413 -1.477472 0.286511 -0.050477 -0.650461
    16 1.510380 -0.000002 0.000000 0.072010 -0.012858 -0.891830
    17 0.808647 0.000001 0.000000 0.046198 -0.177705 -0.861579
    18 3.305794 0.203110 -0.546729 0.146325 0.120110 -0.673357
    19 1.807177 0.000000 0.000000 0.012055 -0.101777 -1.183209
    20 0.966141 -0.000001 0.000000 -0.003500 -0.006392 -0.767940
    21 3.571516 0.109303 0.409580 0.093172 0.176210 -0.995124
    22 2.150654 0.000000 0.000000 -0.009582 -0.067753 -1.184717
    23 1.152744 0.000001 0.000000 -0.025265 0.000085 -1.098545
    24 3.684093 -0.158703 1.419181 0.009578 0.296899 -0.902317
    25 1.701010 0.000000 0.000000 0.004250 0.081934 -1.300964
    26 0.994709 0.000002 0.000000 -0.014902 0.035587 -0.462877
    27 1.068075 -1.287205 0.981903 2.068206 -0.124065 -0.600829
    28 1.836302 0.000003 -0.000002 -0.003687 0.139064 -0.385176
    29 1.223946 -0.000001 0.000000 0.029851 -0.027589 -0.628674
    30 -4.750000 1.226563 -3.570313 -1.763549 1.041139 3.026509
    31 5.507362 -0.000008 -0.000001 0.335672 1.518386 -1.151304
    32 10.907394 0.000001 -0.000008 0.518380 0.480691 -0.918258
    33 10.424301 -0.000005 0.000015 -0.615807 0.146797 0.179071
    34 2.997293 0.000065 1.477481 0.192798 0.058961 -0.200998
    35 1.510380 -0.000002 0.000000 -0.000330 -0.020195 -1.183561
    36 0.808651 0.000000 0.000000 -0.153483 0.046602 -1.271586
    37 3.305807 0.201134 0.547461 -0.175808 0.028638 -0.707519
    38 1.807178 -0.000002 0.000000 0.088278 0.098052 -1.361328
    39 0.966137 -0.000001 0.000000 0.008253 -0.005737 -1.448820
    40 3.571524 0.110785 -0.409182 -0.280349 0.005231 -0.808429
    41 2.150660 0.000002 0.000000 -0.032774 0.097662 -1.812899
    42 1.152756 0.000000 0.000000 0.006858 -0.010050 -0.912005
    43 3.684111 -0.153564 -1.419746 -0.068354 0.064613 -0.408612
    44 1.701017 0.000004 0.000000 -0.007906 -0.081664 -1.256224
    45 0.994705 0.000000 0.000000 0.038450 -0.003162 -1.554987
    46 1.068094 -1.283655 -0.986553 -2.694603 0.187766 -0.490546
    47 1.836308 -0.000001 0.000002 -0.062192 0.177654 -0.524082
    48 1.223946 -0.000001 0.000002 -0.033998 0.022278 -0.794608
    49 0.000000 1.945634 -1.740829 0.000000 0.000000 0.000000
    50 0.000000 1.092286 -2.833118 0.000000 0.000000 0.000000
    51 0.000000 1.945635 0.000000 0.000000 0.000000 0.000000
    52 0.000000 1.228824 1.706703 0.000000 0.000000 0.000000
    53 -22.828125 -40.343750 -27.640625 1.231834 -0.319588 -0.556892
    54 0.000000 -0.000002 3.037922 0.000000 0.000000 0.000000
    55 0.000000 -0.000002 3.857136 0.000000 0.000000 0.000000
    56 0.000000 -0.876005 0.000000 0.000000 0.000000 0.000000
    57 3.201996 0.000000 -0.000004 -0.723671 -0.104716 0.122176
    58 6.694000 0.000000 -0.000004 -0.158355 -0.104976 0.122277
    59 0.109995 -0.821001 -0.907000 -1.824293 0.317796 -0.474892
    60 3.357422 -0.030869 0.000021 1.396950 0.104718 0.122170
    61 6.867996 0.000000 0.000000 1.422929 0.104724 0.122157
    62 0.084999 -0.691999 1.011000 -1.495769 0.247805 2.697135
  time 4
    0 -0.999512 -2.000000 -55.000000 1.570792 0.000003 -0.000003
    1 0.000000 38.312500 -0.516602 1.570793 0.004436 1.570793
    2 0.285645 54.406250 -3.105469 0.000000 0.000000 0.000000
    3 -6.183130 9.218061 6.890835 -1.000975 -0.931053 -0.144363
    4 0.000000 0.099715 8.360889 0.000000 -1.570796 0.000000
    5 0.000000 3.003861 1.610714 -1.570796 0.000000 1.570796
    6 0.000000 0.000000 0.000000 0.000000 -1.570796 0.000000
    7 4.042969 0.000000 0.000000 0.000000 0.000000 -0.078758
    8 3.995838 0.000000 0.000000 0.000000 0.000000 0.076519
    9 3.698238 0.000000 0.000000 0.000000 0.000000 0.238301
    10 5.700886 0.000000 0.000000 0.000000 0.000000 0.495179
    11 -7.403705 3.103527 0.371059 0.571057 -1.271338 -2.503943
    12 5.507359 0.000004 0.000001 -1.042912 -0.397007 -1.290518
    13 10.907391 0.000000 0.000004 0.272356 -0.245565 -1.148965
    14 10.424316 -0.000007 -0.000031 1.481196 -0.354227 -0.049712
    15 2.997272 0.005413 -1.477472 0.286511 -0.050477 -0.650461
    16 1.510380 -0.000002 0.000000 0.072010 -0.012858 -0.891830
    17 0.808647 0.000001 0.000000 0.046198 -0.177705 -0.861579
    18 3.305794 0.203110 -0.546729 0.146337 0.120110 -0.673357
    19 1.807177 0.000000 0.000000 0.012055 -0.101777 -1.183209
    20 0.966141 -0.000001 0.000000 -0.003500 -0.006392 -0.767940
    21 3.571516 0.109303 0.409580 0.093172 0.176210 -0.995124
    22 2.150654 0.000000 0.000000 -0.009582 -0.067753 -1.184717
    23 1.152744 0.000001 0.000000 -0.025265 0.000085 -1.098545
    24 3.684093 -0.158703 1.419181 0.009578 0.296899 -0.902317
    25 1.701010 0.000000 0.000000 0.004250 0.081934 -1.300964
    26 0.994709 0.000002 0.000000 -0.014902 0.035587 -0.462877
    27 1.068075 -1.287205 0.981903 2.068206 -0.124065 -0.600829
    28 1.836302 0.000003 -0.000002 -0.003687 0.139064 -0.385176
    29 1.223946 -0.000001 0.000000 0.029851 -0.027589 -0.628674
    30 -4.750000 1.226563 -3.570313 -1.763549 1.041139 3.026509
    31 5.507362 -0.000008 -0.000001 0.273192 1.516750 -1.211973
    32 10.907394 0.000001 -0.000008 0.520093 0.480877 -0.910993
    33 10.424301 -0.000005 0.000015 -0.616378 0.147769 0.174001
    34 2.997293 0.000065 1.477481 0.192798 0.058961 -0.200998
    35 1.510380 -0.000002 0.000000 -0.000330 -0.020195 -1.183561
    36 0.808651 0.000000 0.000000 -0.153483 0.046602 -1.271586
    37 3.305807 0.201134 0.547461 -0.175808 0.028638 -0.707519
    38 1.807178 -0.000002 0.000000 0.088278 0.098052 -1.361328
    39 0.966137 -0.000001 0.000000 0.008253 -0.005737 -1.448820
    40 3.571524 0.110785 -0.409182 -0.280349 0.005231 -0.808429
    41 2.150660 0.000002 0.000000 -0.032774 0.097662 -1.812899
    42 1.152756 0.000000 0.000000 0.006858 -0.010050 -0.912005
    43 3.684111 -0.153564 -1.419746 -0.068354 0.064613 -0.408612
    44 1.701017 0.000004 0.000000 -0.007906 -0.081664 -1.256224
    45 0.994705 0.000000 0.000000 0.038450 -0.003162 -1.554987
    46 1.068094 -1.283655 -0.986553 -2.694634 0.187766 -0.490546
    47 1.836308 -0.000001 0.000002 -0.062192 0.177654 -0.524082
    48 1.223946 -0.000001 0.000002 -0.033998 0.022278 -0.794608
    49 0.000000 1.945634 -1.740829 0.000000 0.000000 0.000000
    50 0.000000 1.092286 -2.833118 0.000000 0.000000 0.000000
    51 0.000000 1.945635 0.000000 0.000000 0.000000 0.000000
    52 0.000000 1.228824 1.706703 0.000000 0.000000 0.000000
    53 -22.828125 -40.343750 -27.640625 1.231834 -0.319588 -0.556892
    54 0.000000 -0.000002 3.037922 0.000000 0.000000 0.000000
    55 0.000000 -0.000002 3.857136 0.000000 0.000000 0.000000
    56 0.000000 -0.876005 0.000000 0.000000 0.000000 0.000000
    57 3.201996 0.000000 -0.000004 -0.723671 -0.104716 0.122176
    58 6.694000 0.000000 -0.000004 -0.158355 -0.104976 0.122277
    59 0.109995 -0.821001 -0.907000 -1.824293 0.317796 -0.474892
    60 3.357422 -0.030869 0.000021 1.396950 0.104718 0.122170
    61 6.867996 0.000000 0.000000 1.422929 0.104724 0.122157
    62 0.084999 -0.691999 1.011000 -1.495769 0.247805 2.697135
  time 5
    0 -0.999512 -2.000000 -55.000000 1.570792 0.000003 -0.000003
    1 0.000000 38.312500 -0.516602 1.570793 0.004436 1.570793
    2 0.285645 54.406250 -3.105469 0.000000 0.000000 0.000000
    3 -6.249538 9.218061 6.937712 -1.003484 -0.932488 -0.141855
    4 0.000000 0.099715 8.360889 0.000000 -1.570796 0.000000
    5 0.000000 3.003861 1.610714 -1.570796 0.000000 1.570796
    6 0.000000 0.000000 0.000000 0.000000 -1.570796 0.000000
    7 4.042969 0.000000 0.000000 0.000000 0.000000 -0.078758
    8 3.995838 0.000000 0.000000 0.000000 0.000000 0.076519
    9 3.698238 0.000000 0.000000 0.000000 0.000000 0.238301
    10 5.700886 0.000000 0.000000 0.000000 0.000000 0.495179
    11 -7.403705 3.103527 0.371059 0.581882 -1.272470 -2.515853
    12 5.507359 0.000004 0.000001 -1.047223 -0.397611 -1.285386
    13 10.907391 0.000000 0.000004 0.268518 -0.244553 -1.141294
    14 10.424316 -0.000007 -0.000031 1.481172 -0.353166 -0.056527
    15 2.997272 0.005413 -1.477472 0.286511 -0.050477 -0.650461
    16 1.510380 -0.000002 0.000000 0.072010 -0.012858 -0.891830
    17 0.808647 0.000001 0.000000 0.046198 -0.177705 -0.861579
    18 3.305794 0.203110 -0.546729 0.146337 0.120110 -0.673357
    19 1.807177 0.000000 0.000000 0.012055 -0.101777 -1.183209
    20 0.966141 -0.000001 0.000000 -0.003500 -0.006392 -0.767940
    21 3.571516 0.109303 0.409580 0.093172 0.176210 -0.995124
    22 2.150654 0.000000 0.000000 -0.009582 -0.067753 -1.184717
    23 1.152744 0.000001 0.000000 -0.025265 0.000085 -1.098545
    24 3.684093 -0.158703 1.419181 0.009578 0.296899 -0.902317
    25 1.701010 0.000000 0.000000 0.004250 0.081934 -1.300964
    26 0.994709 0.000002 0.000000 -0.014902 0.035587 -0.462877
    27 1.068075 -1.287205 0.981903 2.068206 -0.124065 -0.600829
    28 1.836302 0.000003 -0.000002 -0.003687 0.139064 -0.385176
    29 1.223946 -0.000001 0.000000 0.029851 -0.027589 -0.628674
    30 -4.750000 1.226563 -3.570313 -1.763549 1.041139 3.026509
    31 5.507362 -0.000008 -0.000001 0.186797 1.513940 -1.295799
    32 10.907394 0.000001 -0.000008 0.520855 0.483200 -0.902787
    33 10.424301 -0.000005 0.000015 -0.617000 0.148966 0.170209
    34 2.997293 0.000065 1.477481 0.192798 0.058961 -0.200998
    35 1.510380 -0.000002 0.000000 -0.000330 -0.020195 -1.183561
    36 0.808651 0.000000 0.000000 -0.153483 0.046602 -1.271586
    37 3.305807 0.201134 0.547461 -0.175808 0.028638 -0.707519
    38 1.807178 -0.000002 0.000000 0.088278 0.098052 -1.361328
    39 0.966137 -0.000001 0.000000 0.008253 -0.005737 -1.448820
    40 3.571524 0.110785 -0.409182 -0.280349 0.005231 -0.808429
    41 2.150660 0.000002 0.000000 -0.032774 0.097662 -1.812899
    42 1.152756 0.000000 0.000000 0.006858 -0.010050 -0.912005
    43 3.684111 -0.153564 -1.419746 -0.068354 0.064613 -0.408612
    44 1.701017 0.000004 0.000000 -0.007906 -0.081664 -1.256224
    45 0.994705 0.000000 0.000000 0.038450 -0.003162 -1.554987
    46 1.068094 -1.283655 -0.986553 -2.694603 0.187766 -0.490546
    47 1.836308 -0.000001 0.000002 -0.062192 0.177654 -0.524082
    48 1.223946 -0.000001 0.000002 -0.033998 0.022278 -0.794608
    49 0.000000 1.945634 -1.740829 0.000000 0.000000 0.000000
    50 0.000000 1.092286 -2.833118 0.000000 0.000000 0.000000
    51 0.000000 1.945635 0.000000 0.000000 0.000000 0.000000
    52 0.000000 1.228824 1.706703 0.000000 0.000000 0.000000
    53 -22.828125 -40.343750 -27.640625 1.231834 -0.319588 -0.556892
    54 0.000000 -0.000002 3.037922 0.000000 0.000000 0.000000
    55 0.000000 -0.000002 3.857136 0.000000 0.000000 0.000000
    56 0.000000 -0.876005 0.000000 0.000000 0.000000 0.000000
    57 3.201996 0.000000 -0.000004 -0.723671 -0.104716 0.122176
    58 6.694000 0.000000 -0.000004 -0.158355 -0.104976 0.122277
    59 0.109995 -0.821001 -0.907000 -1.824293 0.317796 -0.474892
    60 3.357422 -0.030869 0.000021 1.396950 0.104718 0.122170
    61 6.867996 0.000000 0.000000 1.422929 0.104724 0.122157
    62 0.084999 -0.691999 1.011000 -1.495769 0.247805 2.697135
  time 6
    0 -0.999512 -2.000000 -55.000000 1.570792 0.000003 -0.000003
    1 0.000000 38.312500 -0.516602 1.570793 0.004436 1.570793
    2 0.285645 54.406250 -3.105469 0.000000 0.000000 0.000000
    3 -6.308133 9.218061 6.984588 -1.006737 -0.934555 -0.137876
    4 0.000000 0.099715 8.360889 0.000000 -1.570796 0.000000
    5 0.000000 3.003861 1.610714 -1.570796 0.000000 1.570796
    6 0.000000 0.000000 0.000000 0.000000 -1.570796 0.000000
    7 4.042969 0.000000 0.000000 0.000000 0.000000 -0.078758
    8 3.995838 0.000000 0.000000 0.000000 0.000000 0.076519
    9 3.698238 0.000000 0.000000 0.000000 0.000000 0.238301
    10 5.700886 0.000000 0.000000 0.000000 0.000000 0.495179
    11 -7.403705 3.103527 0.371059 0.587725 -1.273534 -2.523285
    12 5.507359 0.000004 0.000001 -1.051385 -0.398168 -1.280635
    13 10.907391 0.000000 0.000004 0.263835 -0.242318 -1.133899
    14 10.424316 -0.000007 -0.000031 1.481004 -0.351247 -0.062694
    15 2.997272 0.005413 -1.477472 0.286511 -0.050477 -0.650461
    16 1.510380 -0.000002 0.000000 0.072010 -0.012858 -0.891830
    17 0.808647 0.000001 0.000000 0.046198 -0.177705 -0.861579
    18 3.305794 0.203110 -0.546729 0.146337 0.120110 -0.673357
    19 1.807177 0.000000 0.000000 0.012055 -0.101777 -1.183209
    20 0.966141 -0.000001 0.000000 -0.003500 -0.006392 -0.767940
    21 3.571516 0.109303 0.409580 0.093172 0.176210 -0.995124
    22 2.150654 0.000000 0.000000 -0.009582 -0.067753 -1.184717
    23 1.152744 0.000001 0.000000 -0.025265 0.000085 -1.098545
    24 3.684093 -0.158703 1.419181 0.009578 0.296899 -0.902317
    25 1.701010 0.000000 0.000000 0.004250 0.081934 -1.300964
    26 0.994709 0.000002 0.000000 -0.014902 0.035587 -0.462877
    27 1.068075 -1.287205 0.981903 2.068206 -0.124065 -0.600829
    28 1.836302 0.000003 -0.000002 -0.003687 0.139064 -0.385176
    29 1.223946 -0.000001 0.000000 0.029851 -0.027589 -0.628674
    30 -4.750000 1.226563 -3.570313 -1.763549 1.041139 3.026509
    31 5.507362 -0.000008 -0.000001 0.087169 1.510500 -1.392544
    32 10.907394 0.000001 -0.000008 0.520950 0.486963 -0.893726
    33 10.424301 -0.000005 0.000015 -0.617570 0.149902 0.168313
    34 2.997293 0.000065 1.477481 0.192798 0.058961 -0.200986
    35 1.510380 -0.000002 0.000000 -0.000330 -0.020195 -1.183561
    36 0.808651 0.000000 0.000000 -0.153483 0.046602 -1.271586
    37 3.305807 0.201134 0.547461 -0.175808 0.028638 -0.707519
    38 1.807178 -0.000002 0.000000 0.088278 0.098052 -1.361328
    39 0.966137 -0.000001 0.000000 0.008253 -0.005737 -1.448820
    40 3.571524 0.110785 -0.409182 -0.280349 0.005231 -0.808429
    41 2.150660 0.000002 0.000000 -0.032774 0.097662 -1.812899
    42 1.152756 0.000000 0.000000 0.006858 -0.010050 -0.912005
    43 3.684111 -0.153564 -1.419746 -0.068354 0.064613 -0.408612
    44 1.701017 0.000004 0.000000 -0.007906 -0.081664 -1.256224
    45 0.994705 0.000000 0.000000 0.038450 -0.003162 -1.554987
    46 1.068094 -1.283655 -0.986553 -2.694603 0.187766 -0.490546
    47 1.836308 -0.000001 0.000002 -0.062192 0.177654 -0.524082
    48 1.223946 -0.000001 0.000002 -0.033998 0.022278 -0.794608
    49 0.000000 1.945634 -1.740829 0.000000 0.000000 0.000000
    50 0.000000 1.092286 -2.833118 0.000000 0.000000 0.000000
    51 0.000000 1.945635 0.000000 0.000000 0.000000 0.000000
    52 0.000000 1.228824 1.706703 0.000000 0.000000 0.000000
    53 -22.828125 -40.343750 -27.640625 1.231834 -0.319588 -0.556892
    54 0.000000 -0.000002 3.037922 0.000000 0.000000 0.000000
    55 0.000000 -0.000002 3.857136 0.000000 0.000000 0.000000
    56 0.000000 -0.876005 0.000000 0.000000 0.000000 0.000000
    57 3.201996 0.000000 -0.000004 -0.723671 -0.104716 0.122176
    58 6.694000 0.000000 -0.000004 -0.158355 -0.104976 0.122277
    59 0.109995 -0.821001 -0.907000 -1.824293 0.317796 -0.474892
    60 3.357422 -0.030869 0.000021 1.396950 0.104718 0.122170
    61 6.867996 0.000000 0.000000 1.422929 0.104724 0.122157
    62 0.084999 -0.691999 1.011000 -1.495769 0.247805 2.697135
  time 7
    0 -0.999512 -2.000000 -55.000000 1.570792 0.000003 -0.000003
    1 0.000000 38.312500 -0.516602 1.570793 0.004436 1.570793
    2 0.285645 54.406250 -3.105469 0.000000 0.000000 0.000000
    3 -6.343291 9.218061 7.035371 -1.010176 -0.937139 -0.132687
    4 0.000000 0.099715 8.360889 0.000000 -1.570796 0.000000
    5 0.000000 3.003861 1.610714 -1.570796 0.000000 1.570796
    6 0.000000 0.000000 0.000000 0.000000 -1.570796 0.000000
    7 4.042969 0.000000 0.000000 0.000000 0.000000 -0.078758
    8 3.995838 0.000000 0.000000 0.000000 0.000000 0.076519
    9 3.698238 0.000000 0.000000 0.000000 0.000000 0.238301
    10 5.700886 0.000000 0.000000 0.000000 0.000000 0.495179
    11 -7.403705 3.103527 0.371059 0.585809 -1.274399 -2.523381
    12 5.507359 0.000004 0.000001 -1.054878 -0.398586 -1.277214
    13 10.907391 0.000000 0.000004 0.258769 -0.238860 -1.127614
    14 10.424316 -0.000007 -0.000031 1.480524 -0.348520 -0.066877
    15 2.997272 0.005413 -1.477472 0.286511 -0.050477 -0.650461
    16 1.510380 -0.000002 0.000000 0.072010 -0.012858 -0.891830
    17 0.808647 0.000001 0.000000 0.046198 -0.177705 -0.861579
    18 3.305794 0.203110 -0.546729 0.146337 0.120110 -0.673357
    19 1.807177 0.000000 0.000000 0.012055 -0.101777 -1.183209
    20 0.966141 -0.000001 0.000000 -0.003500 -0.006392 -0.767940
    21 3.571516 0.109303 0.409580 0.093172 0.176210 -0.995124
    22 2.150654 0.000000 0.000000 -0.009582 -0.067753 -1.184717
    23 1.152744 0.000001 0.000000 -0.025265 0.000085 -1.098545
    24 3.684093 -0.158703 1.419181 0.009578 0.296899 -0.902317
    25 1.701010 0.000000 0.000000 0.004250 0.081934 -1.300964
    26 0.994709 0.000002 0.000000 -0.014902 0.035587 -0.462877
    27 1.068075 -1.287205 0.981903 2.068206 -0.124065 -0.600829
    28 1.836302 0.000003 -0.000002 -0.003687 0.139064 -0.385176
    29 1.223946 -0.000001 0.000000 0.029851 -0.027589 -0.628674
    30 -4.750000 1.226563 -3.570313 -1.763549 1.041139 3.026509
    31 5.507362 -0.000008 -0.000001 -0.024936 1.507229 -1.502112
    32 10.907394 0.000001 -0.000008 0.521331 0.491238 -0.883383
    33 10.424301 -0.000005 0.000015 -0.617985 0.150089 0.168506
    34 2.997293 0.000065 1.477481 0.192798 0.058961 -0.200986
    35 1.510380 -0.000002 0.000000 -0.000330 -0.020195 -1.183561
    36 0.808651 0.000000 0.000000 -0.153483 0.046602 -1.271586
    37 3.305807 0.201134 0.547461 -0.175808 0.028638 -0.707519
    38 1.807178 -0.000002 0.000000 0.088278 0.098052 -1.361328
    39 0.966137 -0.000001 0.000000 0.008253 -0.005737 -1.448820
    40 3.571524 0.110785 -0.409182 -0.280349 0.005231 -0.808429
    41 2.150660 0.000002 0.000000 -0.032774 0.097662 -1.812899
    42 1.152756 0.000000 0.000000 0.006858 -0.010050 -0.912005
    43 3.684111 -0.153564 -1.419746 -0.068354 0.064613 -0.408612
    44 1.701017 0.000004 0.000000 -0.007906 -0.081664 -1.256224
    45 0.994705 0.000000 0.000000 0.038450 -0.003162 -1.554987
    46 1.068094 -1.283655 -0.986553 -2.694603 0.187766 -0.490546
    47 1.836308 -0.000001 0.000002 -0.062192 0.177654 -0.524082
    48 1.223946 -0.000001 0.000002 -0.033998 0.022278 -0.794608
    49 0.000000 1.945634 -1.740829 0.000000 0.000000 0.000000
    50 0.000000 1.092286 -2.833118 0.000000 0.000000 0.000000
    51 0.000000 1.945635 0.000000 0.000000 0.000000 0.000000
    52 0.000000 1.228824 1.706703 0.000000 0.000000 0.000000
    53 -22.828125 -40.343750 -27.640625 1.231834 -0.319588 -0.556892
    54 0.000000 -0.000002 3.037922 0.000000 0.000000 0.000000
    55 0.000000 -0.000002 3.857136 0.000000 0.000000 0.000000
    56 0.000000 -0.876005 0.000000 0.000000 0.000000 0.000000
    57 3.201996 0.000000 -0.000004 -0.723671 -0.104716 0.122176
    58 6.694000 0.000000 -0.000004 -0.158355 -0.104976 0.122277
    59 0.109995 -0.821001 -0.907000 -1.824293 0.317796 -0.474892
    60 3.357422 -0.030869 0.000021 1.396950 0.104718 0.122170
    61 6.867996 0.000000 0.000000 1.422929 0.104724 0.122157
    62 0.084999 -0.691999 1.011000 -1.495769 0.247805 2.697135
  time 8
    0 -0.999512 -2.000000 -55.000000 1.570792 0.000003 -0.000003
    1 0.000000 38.312500 -0.516602 1.570793 0.004436 1.570793
    2 0.285645 54.406250 -3.105469 0.000000 0.000000 0.000000
    3 -6.331572 9.218061 7.082247 -1.015194 -0.941272 -0.123087
    4 0.000000 0.099715 8.360889 0.000000 -1.570796 0.000000
    5 0.000000 3.003861 1.610714 -1.570796 0.000000 1.570796
    6 0.000000 0.000000 0.000000 0.000000 -1.570796 0.000000
    7 4.042969 0.000000 0.000000 0.000000 0.000000 -0.078758
    8 3.995838 0.000000 0.000000 0.000000 0.000000 0.076519
    9 3.698238 0.000000 0.000000 0.000000 0.000000 0.238301
    10 5.700886 0.000000 0.000000 0.000000 0.000000 0.495179
    11 -7.403705 3.103527 0.371059 0.562818 -1.274732 -2.503466
    12 5.507359 0.000004 0.000001 -1.056216 -0.398725 -1.277309
    13 10.907391 0.000000 0.000004 0.252321 -0.231733 -1.125027
    14 10.424316 -0.000007 -0.000031 1.479516 -0.343444 -0.065831
    15 2.997272 0.005413 -1.477472 0.286511 -0.050477 -0.650461
    16 1.510380 -0.000002 0.000000 0.072010 -0.012858 -0.891830
    17 0.808647 0.000001 0.000000 0.046198 -0.177705 -0.861579
    18 3.305794 0.203110 -0.546729 0.146337 0.120110 -0.673357
    19 1.807177 0.000000 0.000000 0.012055 -0.101777 -1.183209
    20 0.966141 -0.000001 0.000000 -0.003500 -0.006392 -0.767940
    21 3.571516 0.109303 0.409580 0.093172 0.176210 -0.995124
    22 2.150654 0.000000 0.000000 -0.009582 -0.067753 -1.184717
    23 1.152744 0.000001 0.000000 -0.025265 0.000085 -1.098545
    24 3.684093 -0.158703 1.419181 0.009578 0.296899 -0.902317
    25 1.701010 0.000000 0.000000 0.004250 0.081934 -1.300964
    26 0.994709 0.000002 0.000000 -0.014902 0.035587 -0.462877
    27 1.068075 -1.287205 0.981903 2.068206 -0.124065 -0.600829
    28 1.836302 0.000003 -0.000002 -0.003687 0.139064 -0.385176
    29 1.223946 -0.000001 0.000000 0.029851 -0.027589 -0.628674
    30 -4.750000 1.226563 -3.570313 -1.763549 1.041139 3.026509
    31 5.507362 -0.000008 -0.000001 -0.172393 1.503454 -1.647277
    32 10.907394 0.000001 -0.000008 0.520855 0.498486 -0.871074
    33 10.424301 -0.000005 0.000015 -0.617933 0.148405 0.175124
    34 2.997293 0.000065 1.477481 0.192798 0.058961 -0.200998
    35 1.510380 -0.000002 0.000000 -0.000330 -0.020195 -1.183561
    36 0.808651 0.000000 0.000000 -0.153483 0.046602 -1.271586
    37 3.305807 0.201134 0.547461 -0.175808 0.028638 -0.707519
    38 1.807178 -0.000002 0.000000 0.088278 0.098052 -1.361328
    39 0.966137 -0.000001 0.000000 0.008253 -0.005737 -1.448820
    40 3.571524 0.110785 -0.409182 -0.280349 0.005231 -0.808429
    41 2.150660 0.000002 0.000000 -0.032774 0.097662 -1.812899
    42 1.152756 0.000000 0.000000 0.006858 -0.010050 -0.912005
    43 3.684111 -0.153564 -1.419746 -0.068354 0.064613 -0.408612
    44 1.701017 0.000004 0.000000 -0.007906 -0.081664 -1.256224
    45 0.994705 0.000000 0.000000 0.038450 -0.003162 -1.554987
    46 1.068094 -1.283655 -0.986553 -2.694603 0.187766 -0.490546
    47 1.836308 -0.000001 0.000002 -0.062192 0.177654 -0.524082
    48 1.223946 -0.000001 0.000002 -0.033998 0.022278 -0.794608
    49 0.000000 1.945634 -1.740829 0.000000 0.000000 0.000000
    50 0.000000 1.092286 -2.833118 0.000000 0.000000 0.000000
    51 0.000000 1.945635 0.000000 0.000000 0.000000 0.000000
    52 0.000000 1.228824 1.706703 0.000000 0.000000 0.000000
    53 -22.828125 -40.343750 -27.640625 1.231834 -0.319588 -0.556892
    54 0.000000 -0.000002 3.037922 0.000000 0.000000 0.000000
    55 0.000000 -0.000002 3.857136 0.000000 0.000000 0.000000
    56 0.000000 -0.876005 0.000000 0.000000 0.000000 0.000000
    57 3.201996 0.000000 -0.000004 -0.723671 -0.104716 0.122176
    58 6.694000 0.000000 -0.000004 -0.158355 -0.104976 0.122277
    59 0.109995 -0.821001 -0.907000 -1.824293 0.317796 -0.474892
    60 3.357422 -0.030869 0.000021 1.396950 0.104718 0.122170
    61 6.867996 0.000000 0.000000 1.422929 0.104724 0.122157
    62 0.084999 -0.691999 1.011000 -1.495769 0.247805 2.697135
  time 9
    0 -0.999512 -2.000000 -55.000000 1.570792 0.000003 -0.000003
    1 0.000000 38.312500 -0.516602 1.570793 0.004436 1.570793
    2 0.285645 54.406250 -3.105469 0.000000 0.000000 0.000000
    3 -6.296414 9.218061 7.125217 -1.020863 -0.946325 -0.111237
    4 0.000000 0.099715 8.360889 0.000000 -1.570796 0.000000
    5 0.000000 3.003861 1.610714 -1.570796 0.000000 1.570796
    6 0.000000 0.000000 0.000000 0.000000 -1.570796 0.000000
    7 4.042969 0.000000 0.000000 0.000000 0.000000 -0.078758
    8 3.995838 0.000000 0.000000 0.000000 0.000000 0.076519
    9 3.698238 0.000000 0.000000 0.000000 0.000000 0.238301
    10 5.700886 0.000000 0.000000 0.000000 0.000000 0.495179
    11 -7.403705 3.103527 0.371059 0.530152 -1.274666 -2.474214
    12 5.507359 0.000004 0.000001 -1.056513 -0.398771 -1.279210
    13 10.907391 0.000000 0.000004 0.245105 -0.222792 -1.124102
    14 10.424316 -0.000007 -0.000031 1.478149 -0.337333 -0.062044
    15 2.997272 0.005413 -1.477472 0.286511 -0.050477 -0.650461
    16 1.510380 -0.000002 0.000000 0.072010 -0.012858 -0.891830
    17 0.808647 0.000001 0.000000 0.046198 -0.177705 -0.861579
    18 3.305794 0.203110 -0.546729 0.146337 0.120110 -0.673357
    19 1.807177 0.000000 0.000000 0.012055 -0.101777 -1.183209
    20 0.966141 -0.000001 0.000000 -0.003500 -0.006392 -0.767940
    21 3.571516 0.109303 0.409580 0.093172 0.176210 -0.995124
    22 2.150654 0.000000 0.000000 -0.009582 -0.067753 -1.184717
    23 1.152744 0.000001 0.000000 -0.025265 0.000085 -1.098545
    24 3.684093 -0.158703 1.419181 0.009578 0.296899 -0.902317
    25 1.701010 0.000000 0.000000 0.004250 0.081934 -1.300964
    26 0.994709 0.000002 0.000000 -0.014902 0.035587 -0.462877
    27 1.068075 -1.287205 0.981903 2.068206 -0.124065 -0.600829
    28 1.836302 0.000003 -0.000002 -0.003687 0.139064 -0.385176
    29 1.223946 -0.000001 0.000000 0.029851 -0.027589 -0.628674
    30 -4.750000 1.226563 -3.570313 -1.763549 1.041139 3.026509
    31 5.507362 -0.000008 -0.000001 -0.327412 1.498630 -1.800289
    32 10.907394 0.000001 -0.000008 0.520664 0.506756 -0.856800
    33 10.424301 -0.000005 0.000015 -0.617674 0.145487 0.184527
    34 2.997293 0.000065 1.477481 0.192798 0.058961 -0.200986
    35 1.510380 -0.000002 0.000000 -0.000330 -0.020195 -1.183561
    36 0.808651 0.000000 0.000000 -0.153483 0.046602 -1.271586
    37 3.305807 0.201134 0.547461 -0.175808 0.028638 -0.707519
    38 1.807178 -0.000002 0.000000 0.088278 0.098052 -1.361328
    39 0.966137 -0.000001 0.000000 0.008253 -0.005737 -1.448820
    40 3.571524 0.110785 -0.409182 -0.280349 0.005231 -0.808429
    41 2.150660 0.000002 0.000000 -0.032774 0.097662 -1.812899
    42 1.152756 0.000000 0.000000 0.006858 -0.010050 -0.912005
    43 3.684111 -0.153564 -1.419746 -0.068354 0.064613 -0.408612
    44 1.701017 0.000004 0.000000 -0.007906 -0.081664 -1.256224
    45 0.994705 0.000000 0.000000 0.038450 -0.003162 -1.554987
    46 1.068094 -1.283655 -0.986553 -2.694603 0.187766 -0.490546
    47 1.836308 -0.000001 0.000002 -0.062192 0.177654 -0.524082
    48 1.223946 -0.000001 0.000002 -0.033998 0.022278 -0.794608
    49 0.000000 1.945634 -1.740829 0.000000 0.000000 0.000000
    50 0.000000 1.092286 -2.833118 0.000000 0.000000 0.000000
    51 0.000000 1.945635 0.000000 0.000000 0.000000 0.000000
    52 0.000000 1.228824 1.706703 0.000000 0.000000 0.000000
    53 -22.828125 -40.343750 -27.640625 1.231834 -0.319588 -0.556892
    54 0.000000 -0.000002 3.037922 0.000000 0.000000 0.000000
    55 0.000000 -0.000002 3.857136 0.000000 0.000000 0.000000
    56 0.000000 -0.876005 0.000000 0.000000 0.000000 0.000000
    57 3.201996 0.000000 -0.000004 -0.723671 -0.104716 0.122176
    58 6.694000 0.000000 -0.000004 -0.158355 -0.104976 0.122277
    59 0.109995 -0.821001 -0.907000 -1.824293 0.317796 -0.474892
    60 3.357422 -0.030869 0.000021 1.396950 0.104718 0.122170
    61 6.867996 0.000000 0.000000 1.422929 0.104724 0.122157
    62 0.084999 -0.691999 1.011000 -1.495769 0.247805 2.697135
  time 10
    0 -0.999512 -2.000000 -55.000000 1.570792 0.000003 -0.000003
    1 0.000000 38.312500 -0.516602 1.570793 0.004436 1.570793
    2 0.285645 54.406250 -3.105469 0.000000 0.000000 0.000000
    3 -6.249538 9.218061 7.164281 -1.022350 -0.949253 -0.105356
    4 0.000000 0.099715 8.360889 0.000000 -1.570796 0.000000
    5 0.000000 3.003861 1.610714 -1.570796 0.000000 1.570796
    6 0.000000 0.000000 0.000000 0.000000 -1.570796 0.000000
    7 4.042969 0.000000 0.000000 0.000000 0.000000 -0.078758
    8 3.995838 0.000000 0.000000 0.000000 0.000000 0.076519
    9 3.698238 0.000000 0.000000 0.000000 0.000000 0.238301
    10 5.700886 0.000000 0.000000 0.000000 0.000000 0.495179
    11 -7.403705 3.103527 0.371059 0.501701 -1.273667 -2.448106
    12 5.507359 0.000004 0.000001 -1.055696 -0.398632 -1.282156
    13 10.907391 0.000000 0.000004 0.240883 -0.216804 -1.125489
    14 10.424316 -0.000007 -0.000031 1.476854 -0.333469 -0.057501
    15 2.997272 0.005413 -1.477472 0.286511 -0.050477 -0.650461
    16 1.510380 -0.000002 0.000000 0.072010 -0.012858 -0.891830
    17 0.808647 0.000001 0.000000 0.046198 -0.177705 -0.861579
    18 3.305794 0.203110 -0.546729 0.146337 0.120110 -0.673357
    19 1.807177 0.000000 0.000000 0.012055 -0.101777 -1.183209
    20 0.966141 -0.000001 0.000000 -0.003500 -0.006392 -0.767940
    21 3.571516 0.109303 0.409580 0.093172 0.176210 -0.995124
    22 2.150654 0.000000 0.000000 -0.009582 -0.067753 -1.184717
    23 1.152744 0.000001 0.000000 -0.025265 0.000085 -1.098545
    24 3.684093 -0.158703 1.419181 0.009578 0.296899 -0.902317
    25 1.701010 0.000000 0.000000 0.004250 0.081934 -1.300964
    26 0.994709 0.000002 0.000000 -0.014902 0.035587 -0.462877
    27 1.068075 -1.287205 0.981903 2.068206 -0.124065 -0.600829
    28 1.836302 0.000003 -0.000002 -0.003687 0.139064 -0.385176
    29 1.223946 -0.000001 0.000000 0.029851 -0.027589 -0.628674
    30 -4.750000 1.226563 -3.570313 -1.763549 1.041139 3.026509
    31 5.507362 -0.000008 -0.000001 -0.444432 1.495358 -1.915981
    32 10.907394 0.000001 -0.000008 0.521426 0.511170 -0.846286
    33 10.424301 -0.000005 0.000015 -0.617518 0.142719 0.191222
    34 2.997293 0.000065 1.477481 0.192798 0.058961 -0.200998
    35 1.510380 -0.000002 0.000000 -0.000330 -0.020195 -1.183561
    36 0.808651 0.000000 0.000000 -0.153483 0.046602 -1.271586
    37 3.305807 0.201134 0.547461 -0.175808 0.028638 -0.707519
    38 1.807178 -0.000002 0.000000 0.088278 0.098052 -1.361328
    39 0.966137 -0.000001 0.000000 0.008253 -0.005737 -1.448820
    40 3.571524 0.110785 -0.409182 -0.280349 0.005231 -0.808429
    41 2.150660 0.000002 0.000000 -0.032774 0.097662 -1.812899
    42 1.152756 0.000000 0.000000 0.006858 -0.010050 -0.912005
    43 3.684111 -0.153564 -1.419746 -0.068354 0.064613 -0.408612
    44 1.701017 0.000004 0.000000 -0.007906 -0.081664 -1.256224
    45 0.994705 0.000000 0.000000 0.038450 -0.003162 -1.554987
    46 1.068094 -1.283655 -0.986553 -2.694603 0.187766 -0.490546
    47 1.836308 -0.000001 0.000002 -0.062192 0.177654 -0.524082
    48 1.223946 -0.000001 0.000002 -0.033998 0.022278 -0.794608
    49 0.000000 1.945634 -1.740829 0.000000 0.000000 0.000000
    50 0.000000 1.092286 -2.833118 0.000000 0.000000 0.000000
    51 0.000000 1.945635 0.000000 0.000000 0.000000 0.000000
    52 0.000000 1.228824 1.706703 0.000000 0.000000 0.000000
    53 -22.828125 -40.343750 -27.640625 1.231834 -0.319588 -0.556892
    54 0.000000 -0.000002 3.037922 0.000000 0.000000 0.000000
    55 0.000000 -0.000002 3.857136 0.000000 0.000000 0.000000
    56 0.000000 -0.876005 0.000000 0.000000 0.000000 0.000000
    57 3.201996 0.000000 -0.000004 -0.723671 -0.104716 0.122176
    58 6.694000 0.000000 -0.000004 -0.158355 -0.104976 0.122277
    59 0.109995 -0.821001 -0.907000 -1.824293 0.317796 -0.474892
    60 3.357422 -0.030869 0.000021 1.396950 0.104718 0.122170
    61 6.867996 0.000000 0.000000 1.422929 0.104724 0.122157
    62 0.084999 -0.691999 1.011000 -1.495769 0.247805 2.697135
  time 11
    0 -0.999512 -2.000000 -55.000000 1.570792 0.000003 -0.000003
    1 0.000000 38.312500 -0.516602 1.570793 0.004436 1.570793
    2 0.285645 54.406250 -3.105469 0.000000 0.000000 0.000000
    3 -6.194849 9.218061 7.195532 -1.020491 -0.949827 -0.105356
    4 0.000000 0.099715 8.360889 0.000000 -1.570796 0.000000
    5 0.000000 3.003861 1.610714 -1.570796 0.000000 1.570796
    6 0.000000 0.000000 0.000000 0.000000 -1.570796 0.000000
    7 4.042969 0.000000 0.000000 0.000000 0.000000 -0.078758
    8 3.995838 0.000000 0.000000 0.000000 0.000000 0.076519
    9 3.698238 0.000000 0.000000 0.000000 0.000000 0.238301
    10 5.700886 0.000000 0.000000 0.000000 0.000000 0.495179
    11 -7.403705 3.103527 0.371059 0.481009 -1.272004 -2.428859
    12 5.507359 0.000004 0.000001 -1.054432 -0.398446 -1.285006
    13 10.907391 0.000000 0.000004 0.239348 -0.214063 -1.128261
    14 10.424316 -0.000007 -0.000031 1.475918 -0.331904 -0.053570
    15 2.997272 0.005413 -1.477472 0.286511 -0.050477 -0.650461
    16 1.510380 -0.000002 0.000000 0.072010 -0.012858 -0.891830
    17 0.808647 0.000001 0.000000 0.046198 -0.177705 -0.861579
    18 3.305794 0.203110 -0.546729 0.146337 0.120110 -0.673357
    19 1.807177 0.000000 0.000000 0.012055 -0.101777 -1.183209
    20 0.966141 -0.000001 0.000000 -0.003500 -0.006392 -0.767940
    21 3.571516 0.109303 0.409580 0.093172 0.176210 -0.995124
    22 2.150654 0.000000 0.000000 -0.009582 -0.067753 -1.184717
    23 1.152744 0.000001 0.000000 -0.025265 0.000085 -1.098545
    24 3.684093 -0.158703 1.419181 0.009578 0.296899 -0.902317
    25 1.701010 0.000000 0.000000 0.004250 0.081934 -1.300964
    26 0.994709 0.000002 0.000000 -0.014902 0.035587 -0.462877
    27 1.068075 -1.287205 0.981903 2.068206 -0.124065 -0.600829
    28 1.836302 0.000003 -0.000002 -0.003687 0.139064 -0.385176
    29 1.223946 -0.000001 0.000000 0.029851 -0.027589 -0.628674
    30 -4.750000 1.226563 -3.570313 -1.763549 1.041139 3.026509
    31 5.507362 -0.000008 -0.000001 -0.519767 1.494016 -1.990908
    32 10.907394 0.000001 -0.000008 0.522092 0.512378 -0.841499
    33 10.424301 -0.000005 0.000015 -0.617415 0.140736 0.194898
    34 2.997293 0.000065 1.477481 0.192798 0.058961 -0.200998
    35 1.510380 -0.000002 0.000000 -0.000330 -0.020195 -1.183561
    36 0.808651 0.000000 0.000000 -0.153483 0.046602 -1.271586
    37 3.305807 0.201134 0.547461 -0.175808 0.028638 -0.707519
    38 1.807178 -0.000002 0.000000 0.088278 0.098052 -1.361328
    39 0.966137 -0.000001 0.000000 0.008253 -0.005737 -1.448820
    40 3.571524 0.110785 -0.409182 -0.280349 0.005231 -0.808429
    41 2.150660 0.000002 0.000000 -0.032774 0.097662 -1.812899
    42 1.152756 0.000000 0.000000 0.006858 -0.010050 -0.912005
    43 3.684111 -0.153564 -1.419746 -0.068354 0.064613 -0.408612
    44 1.701017 0.000004 0.000000 -0.007906 -0.081664 -1.256224
    45 0.994705 0.000000 0.000000 0.038450 -0.003162 -1.554987
    46 1.068094 -1.283655 -0.986553 -2.694603 0.187766 -0.490546
    47 1.836308 -0.000001 0.000002 -0.062192 0.177654 -0.524082
    48 1.223946 -0.000001 0.000002 -0.033998 0.022278 -0.794608
    49 0.000000 1.945634 -1.740829 0.000000 0.000000 0.000000
    50 0.000000 1.092286 -2.833118 0.000000 0.000000 0.000000
    51 0.000000 1.945635 0.000000 0.000000 0.000000 0.000000
    52 0.000000 1.228824 1.706703 0.000000 0.000000 0.000000
    53 -22.828125 -40.343750 -27.640625 1.231834 -0.319588 -0.556892
    54 0.000000 -0.000002 3.037922 0.000000 0.000000 0.000000
    55 0.000000 -0.000002 3.857136 0.000000 0.000000 0.000000
    56 0.000000 -0.876005 0.000000 0.000000 0.000000 0.000000
    57 3.201996 0.000000 -0.000004 -0.723671 -0.104716 0.122176
    58 6.694000 0.000000 -0.000004 -0.158355 -0.104976 0.122277
    59 0.109995 -0.821001 -0.907000 -1.824293 0.317796 -0.474892
    60 3.357422 -0.030869 0.000021 1.396950 0.104718 0.122170
    61 6.867996 0.000000 0.000000 1.422929 0.104724 0.122157
    62 0.084999 -0.691999 1.011000 -1.495769 0.247805 2.697135
  time 12
    0 -0.999512 -2.000000 -55.000000 1.570792 0.000003 -0.000003
    1 0.000000 38.312500 -0.516602 1.570793 0.004436 1.570793
    2 0.285645 54.406250 -3.105469 0.000000 0.000000 0.000000
    3 -6.140160 9.218061 7.222877 -1.019283 -0.949884 -0.105788
    4 0.000000 0.099715 8.360889 0.000000 -1.570796 0.000000
    5 0.000000 3.003861 1.610714 -1.570796 0.000000 1.570796
    6 0.000000 0.000000 0.000000 0.000000 -1.570796 0.000000
    7 4.042969 0.000000 0.000000 0.000000 0.000000 -0.078758
    8 3.995838 0.000000 0.000000 0.000000 0.000000 0.076519
    9 3.698238 0.000000 0.000000 0.000000 0.000000 0.238301
    10 5.700886 0.000000 0.000000 0.000000 0.000000 0.495179
    11 -7.403705 3.103527 0.371059 0.463382 -1.270274 -2.412279
    12 5.507359 0.000004 0.000001 -1.053094 -0.398261 -1.287477
    13 10.907391 0.000000 0.000004 0.238503 -0.211912 -1.131219
    14 10.424316 -0.000007 -0.000031 1.475390 -0.330742 -0.050433
    15 2.997272 0.005413 -1.477472 0.286511 -0.050477 -0.650461
    16 1.510380 -0.000002 0.000000 0.072010 -0.012858 -0.891830
    17 0.808647 0.000001 0.000000 0.046198 -0.177705 -0.861579
    18 3.305794 0.203110 -0.546729 0.146337 0.120110 -0.673357
    19 1.807177 0.000000 0.000000 0.012055 -0.101777 -1.183209
    20 0.966141 -0.000001 0.000000 -0.003500 -0.006392 -0.767940
    21 3.571516 0.109303 0.409580 0.093172 0.176210 -0.995124
    22 2.150654 0.000000 0.000000 -0.009582 -0.067753 -1.184717
    23 1.152744 0.000001 0.000000 -0.025265 0.000085 -1.098545
    24 3.684093 -0.158703 1.419181 0.009578 0.296899 -0.902317
    25 1.701010 0.000000 0.000000 0.004250 0.081934 -1.300964
    26 0.994709 0.000002 0.000000 -0.014902 0.035587 -0.462877
    27 1.068075 -1.287205 0.981903 2.068206 -0.124065 -0.600829
    28 1.836302 0.000003 -0.000002 -0.003687 0.139064 -0.385176
    29 1.223946 -0.000001 0.000000 0.029851 -0.027589 -0.628674
    30 -4.750000 1.226563 -3.570313 -1.763549 1.041139 3.026509
    31 5.507362 -0.000008 -0.000001 -0.567502 1.492799 -2.038275
    32 10.907394 0.000001 -0.000008 0.521712 0.514097 -0.839875
    33 10.424301 -0.000005 0.000015 -0.617311 0.139502 0.198420
    34 2.997293 0.000065 1.477481 0.192798 0.058961 -0.200998
    35 1.510380 -0.000002 0.000000 -0.000330 -0.020195 -1.183561
    36 0.808651 0.000000 0.000000 -0.153483 0.046602 -1.271586
    37 3.305807 0.201134 0.547461 -0.175808 0.028638 -0.707519
    38 1.807178 -0.000002 0.000000 0.088278 0.098052 -1.361328
    39 0.966137 -0.000001 0.000000 0.008253 -0.005737 -1.448820
    40 3.571524 0.110785 -0.409182 -0.280349 0.005231 -0.808429
    41 2.150660 0.000002 0.000000 -0.032774 0.097662 -1.812899
    42 1.152756 0.000000 0.000000 0.006858 -0.010050 -0.912005
    43 3.684111 -0.153564 -1.419746 -0.068354 0.064613 -0.408612
    44 1.701017 0.000004 0.000000 -0.007906 -0.081664 -1.256224
    45 0.994705 0.000000 0.000000 0.038450 -0.003162 -1.554987
    46 1.068094 -1.283655 -0.986553 -2.694634 0.187766 -0.490546
    47 1.836308 -0.000001 0.000002 -0.062192 0.177654 -0.524082
    48 1.223946 -0.000001 0.000002 -0.033998 0.022278 -0.794608
    49 0.000000 1.945634 -1.740829 0.000000 0.000000 0.000000
    50 0.000000 1.092286 -2.833118 0.000000 0.000000 0.000000
    51 0.000000 1.945635 0.000000 0.000000 0.000000 0.000000
    52 0.000000 1.228824 1.706703 0.000000 0.000000 0.000000
    53 -22.828125 -40.343750 -27.640625 1.231834 -0.319588 -0.556892
    54 0.000000 -0.000002 3.037922 0.000000 0.000000 0.000000
    55 0.000000 -0.000002 3.857136 0.000000 0.000000 0.000000
    56 0.000000 -0.876005 0.000000 0.000000 0.000000 0.000000
    57 3.201996 0.000000 -0.000004 -0.723671 -0.104716 0.122176
    58 6.694000 0.000000 -0.000004 -0.158355 -0.104976 0.122277
    59 0.109995 -0.821001 -0.907000 -1.824293 0.317796 -0.474892
    60 3.357422 -0.030869 0.000021 1.396950 0.104718 0.122170
    61 6.867996 0.000000 0.000000 1.422929 0.104724 0.122157
    62 0.084999 -0.691999 1.011000 -1.495769 0.247805 2.697135
  time 13
    0 -0.999512 -2.000000 -55.000000 1.570792 0.000003 -0.000003
    1 0.000000 38.312500 -0.516602 1.570793 0.004436 1.570793
    2 0.285645 54.406250 -3.105469 0.000000 0.000000 0.000000
    3 -6.093283 9.218061 7.246315 -1.018168 -0.949195 -0.107518
    4 0.000000 0.099715 8.360889 0.000000 -1.570796 0.000000
    5 0.000000 3.003861 1.610714 -1.570796 0.000000 1.570796
    6 0.000000 0.000000 0.000000 0.000000 -1.570796 0.000000
    7 4.042969 0.000000 0.000000 0.000000 0.000000 -0.078758
    8 3.995838 0.000000 0.000000 0.000000 0.000000 0.076519
    9 3.698238 0.000000 0.000000 0.000000 0.000000 0.238301
    10 5.700886 0.000000 0.000000 0.000000 0.000000 0.495179
    11 -7.403705 3.103527 0.371059 0.451983 -1.268743 -2.401512
    12 5.507359 0.000004 0.000001 -1.052128 -0.398075 -1.289092
    13 10.907391 0.000000 0.000004 0.238503 -0.211027 -1.133992
    14 10.424316 -0.000007 -0.000031 1.475222 -0.330363 -0.048774
    15 2.997272 0.005413 -1.477472 0.286511 -0.050477 -0.650461
    16 1.510380 -0.000002 0.000000 0.072010 -0.012858 -0.891830
    17 0.808647 0.000001 0.000000 0.046198 -0.177705 -0.861579
    18 3.305794 0.203110 -0.546729 0.146337 0.120110 -0.673357
    19 1.807177 0.000000 0.000000 0.012055 -0.101777 -1.183209
    20 0.966141 -0.000001 0.000000 -0.003500 -0.006392 -0.767940
    21 3.571516 0.109303 0.409580 0.093172 0.176210 -0.995124
    22 2.150654 0.000000 0.000000 -0.009582 -0.067753 -1.184717
    23 1.152744 0.000001 0.000000 -0.025265 0.000085 -1.098545
    24 3.684093 -0.158703 1.419181 0.009578 0.296899 -0.902317
    25 1.701010 0.000000 0.000000 0.004250 0.081934 -1.300964
    26 0.994709 0.000002 0.000000 -0.014902 0.035587 -0.462877
    27 1.068075 -1.287205 0.981903 2.068206 -0.124065 -0.600829
    28 1.836302 0.000003 -0.000002 -0.003687 0.139064 -0.385176
    29 1.223946 -0.000001 0.000000 0.029851 -0.027589 -0.628674
    30 -4.750000 1.226563 -3.570313 -1.763549 1.041139 3.026509
    31 5.507362 -0.000008 -0.000001 -0.586028 1.492170 -2.056648
    32 10.907394 0.000001 -0.000008 0.520379 0.515583 -0.841841
    33 10.424301 -0.000005 0.000015 -0.617207 0.139202 0.200858
    34 2.997293 0.000065 1.477481 0.192798 0.058961 -0.200998
    35 1.510380 -0.000002 0.000000 -0.000330 -0.020195 -1.183561
    36 0.808651 0.000000 0.000000 -0.153483 0.046602 -1.271586
    37 3.305807 0.201134 0.547461 -0.175808 0.028638 -0.707519
    38 1.807178 -0.000002 0.000000 0.088278 0.098052 -1.361328
    39 0.966137 -0.000001 0.000000 0.008253 -0.005737 -1.448820
    40 3.571524 0.110785 -0.409182 -0.280349 0.005231 -0.808429
    41 2.150660 0.000002 0.000000 -0.032774 0.097662 -1.812899
    42 1.152756 0.000000 0.000000 0.006858 -0.010050 -0.912005
    43 3.684111 -0.153564 -1.419746 -0.068354 0.064613 -0.408612
    44 1.701017 0.000004 0.000000 -0.007906 -0.081664 -1.256224
    45 0.994705 0.000000 0.000000 0.038450 -0.003162 -1.554987
    46 1.068094 -1.283655 -0.986553 -2.694603 0.187766 -0.490546
    47 1.836308 -0.000001 0.000002 -0.062192 0.177654 -0.524082
    48 1.223946 -0.000001 0.000002 -0.033998 0.022278 -0.794608
    49 0.000000 1.945634 -1.740829 0.000000 0.000000 0.000000
    50 0.000000 1.092286 -2.833118 0.000000 0.000000 0.000000
    51 0.000000 1.945635 0.000000 0.000000 0.000000 0.000000
    52 0.000000 1.228824 1.706703 0.000000 0.000000 0.000000
    53 -22.828125 -40.343750 -27.640625 1.231834 -0.319588 -0.556892
    54 0.000000 -0.000002 3.037922 0.000000 0.000000 0.000000
    55 0.000000 -0.000002 3.857136 0.000000 0.000000 0.000000
    56 0.000000 -0.876005 0.000000 0.000000 0.000000 0.000000
    57 3.201996 0.000000 -0.000004 -0.723671 -0.104716 0.122176
    58 6.694000 0.000000 -0.000004 -0.158355 -0.104976 0.122277
    59 0.109995 -0.821001 -0.907000 -1.824293 0.317796 -0.474892
    60 3.357422 -0.030869 0.000021 1.396950 0.104718 0.122170
    61 6.867996 0.000000 0.000000 1.422929 0.104724 0.122157
    62 0.084999 -0.691999 1.011000 -1.495769 0.247805 2.697135
  time 14
    0 -0.999512 -2.000000 -55.000000 1.570792 0.000003 -0.000003
    1 0.000000 38.312500 -0.516602 1.570793 0.004436 1.570793
    2 0.285645 54.406250 -3.105469 0.000000 0.000000 0.000000
    3 -6.065939 9.218061 7.261940 -1.016495 -0.947702 -0.111756
    4 0.000000 0.099715 8.360889 0.000000 -1.570796 0.000000
    5 0.000000 3.003861 1.610714 -1.570796 0.000000 1.570796
    6 0.000000 0.000000 0.000000 0.000000 -1.570796 0.000000
    7 4.042969 0.000000 0.000000 0.000000 0.000000 -0.078758
    8 3.995838 0.000000 0.000000 0.000000 0.000000 0.076519
    9 3.698238 0.000000 0.000000 0.000000 0.000000 0.238301
    10 5.700886 0.000000 0.000000 0.000000 0.000000 0.495179
    11 -7.403705 3.103527 0.371059 0.450354 -1.267546 -2.399892
    12 5.507359 0.000004 0.000001 -1.051757 -0.397982 -1.289282
    13 10.907391 0.000000 0.000004 0.239808 -0.212123 -1.136025
    14 10.424316 -0.000007 -0.000031 1.475462 -0.331146 -0.049351
    15 2.997272 0.005413 -1.477472 0.286511 -0.050477 -0.650461
    16 1.510380 -0.000002 0.000000 0.072010 -0.012858 -0.891830
    17 0.808647 0.000001 0.000000 0.046198 -0.177705 -0.861579
    18 3.305794 0.203110 -0.546729 0.146337 0.120110 -0.673357
    19 1.807177 0.000000 0.000000 0.012055 -0.101777 -1.183209
    20 0.966141 -0.000001 0.000000 -0.003500 -0.006392 -0.767940
    21 3.571516 0.109303 0.409580 0.093172 0.176210 -0.995124
    22 2.150654 0.000000 0.000000 -0.009582 -0.067753 -1.184717
    23 1.152744 0.000001 0.000000 -0.025265 0.000085 -1.098545
    24 3.684093 -0.158703 1.419181 0.009578 0.296899 -0.902317
    25 1.701010 0.000000 0.000000 0.004250 0.081934 -1.300964
    26 0.994709 0.000002 0.000000 -0.014902 0.035587 -0.462877
    27 1.068075 -1.287205 0.981903 2.068206 -0.124065 -0.600829
    28 1.836302 0.000003 -0.000002 -0.003687 0.139064 -0.385176
    29 1.223946 -0.000001 0.000000 0.029851 -0.027589 -0.628674
    30 -4.750000 1.226563 -3.570313 -1.763549 1.041139 3.026509
    31 5.507362 -0.000008 -0.000001 -0.571755 1.492506 -2.042199
    32 10.907394 0.000001 -0.000008 0.518094 0.516373 -0.847739
    33 10.424301 -0.000005 0.000015 -0.617363 0.140100 0.201283
    34 2.997293 0.000065 1.477481 0.192798 0.058961 -0.200998
    35 1.510380 -0.000002 0.000000 -0.000330 -0.020195 -1.183561
    36 0.808651 0.000000 0.000000 -0.153483 0.046602 -1.271586
    37 3.305807 0.201134 0.547461 -0.175808 0.028638 -0.707519
    38 1.807178 -0.000002 0.000000 0.088278 0.098052 -1.361328
    39 0.966137 -0.000001 0.000000 0.008253 -0.005737 -1.448820
    40 3.571524 0.110785 -0.409182 -0.280349 0.005231 -0.808429
    41 2.150660 0.000002 0.000000 -0.032774 0.097662 -1.812899
    42 1.152756 0.000000 0.000000 0.006858 -0.010050 -0.912005
    43 3.684111 -0.153564 -1.419746 -0.068354 0.064613 -0.408612
    44 1.701017 0.000004 0.000000 -0.007906 -0.081664 -1.256224
    45 0.994705 0.000000 0.000000 0.038450 -0.003162 -1.554987
    46 1.068094 -1.283655 -0.986553 -2.694603 0.187766 -0.490546
    47 1.836308 -0.000001 0.000002 -0.062192 0.177654 -0.524082
    48 1.223946 -0.000001 0.000002 -0.033998 0.022278 -0.794608
    49 0.000000 1.945634 -1.740829 0.000000 0.000000 0.000000
    50 0.000000 1.092286 -2.833118 0.000000 0.000000 0.000000
    51 0.000000 1.945635 0.000000 0.000000 0.000000 0.000000
    52 0.000000 1.228824 1.706703 0.000000 0.000000 0.000000
    53 -22.828125 -40.343750 -27.640625 1.231834 -0.319588 -0.556892
    54 0.000000 -0.000002 3.037922 0.000000 0.000000 0.000000
    55 0.000000 -0.000002 3.857136 0.000000 0.000000 0.000000
    56 0.000000 -0.876005 0.000000 0.000000 0.000000 0.000000
    57 3.201996 0.000000 -0.000004 -0.723671 -0.104716 0.122176
    58 6.694000 0.000000 -0.000004 -0.158355 -0.104976 0.122277
    59 0.109995 -0.821001 -0.907000 -1.824293 0.317796 -0.474892
    60 3.357422 -0.030869 0.000021 1.396950 0.104718 0.122170
    61 6.867996 0.000000 0.000000 1.422929 0.104724 0.122157
    62 0.084999 -0.691999 1.011000 -1.495769 0.247805 2.697135
  time 15
    0 -0.999512 -2.000000 -55.000000 1.570792 0.000003 -0.000003
    1 0.000000 38.312500 -0.516602 1.570793 0.004436 1.570793
    2 0.285645 54.406250 -3.105469 0.000000 0.000000 0.000000
    3 -6.062032 9.218061 7.269753 -1.011663 -0.944774 -0.120405
    4 0.000000 0.099715 8.360889 0.000000 -1.570796 0.000000
    5 0.000000 3.003861 1.610714 -1.570796 0.000000 1.570796
    6 0.000000 0.000000 0.000000 0.000000 -1.570796 0.000000
    7 4.042969 0.000000 0.000000 0.000000 0.000000 -0.078758
    8 3.995838 0.000000 0.000000 0.000000 0.000000 0.076519
    9 3.698238 0.000000 0.000000 0.000000 0.000000 0.238301
    10 5.700886 0.000000 0.000000 0.000000 0.000000 0.495179
    11 -7.403705 3.103527 0.371059 0.462233 -1.266947 -2.410469
    12 5.507359 0.000004 0.000001 -1.051757 -0.397982 -1.288522
    13 10.907391 0.000000 0.000004 0.243186 -0.216593 -1.137134
    14 10.424316 -0.000007 -0.000031 1.475894 -0.334126 -0.051515
    15 2.997272 0.005413 -1.477472 0.286511 -0.050477 -0.650461
    16 1.510380 -0.000002 0.000000 0.072010 -0.012858 -0.891830
    17 0.808647 0.000001 0.000000 0.046198 -0.177705 -0.861579
    18 3.305794 0.203110 -0.546729 0.146337 0.120110 -0.673357
    19 1.807177 0.000000 0.000000 0.012055 -0.101777 -1.183209
    20 0.966141 -0.000001 0.000000 -0.003500 -0.006392 -0.767940
    21 3.571516 0.109303 0.409580 0.093172 0.176210 -0.995124
    22 2.150654 0.000000 0.000000 -0.009582 -0.067753 -1.184717
    23 1.152744 0.000001 0.000000 -0.025265 0.000085 -1.098545
    24 3.684093 -0.158703 1.419181 0.009578 0.296899 -0.902317
    25 1.701010 0.000000 0.000000 0.004250 0.081934 -1.300964
    26 0.994709 0.000002 0.000000 -0.014902 0.035587 -0.462877
    27 1.068075 -1.287205 0.981903 2.068206 -0.124065 -0.600829
    28 1.836302 0.000003 -0.000002 -0.003687 0.139064 -0.385176
    29 1.223946 -0.000001 0.000000 0.029851 -0.027589 -0.628674
    30 -4.750000 1.226563 -3.570313 -1.763549 1.041139 3.026509
    31 5.507362 -0.000008 -0.000001 -0.537443 1.495484 -2.008324
    32 10.907394 0.000001 -0.000008 0.517904 0.512424 -0.854748
    33 10.424301 -0.000005 0.000015 -0.617674 0.141671 0.196756
    34 2.997293 0.000065 1.477481 0.192798 0.058961 -0.200998
    35 1.510380 -0.000002 0.000000 -0.000330 -0.020195 -1.183561
    36 0.808651 0.000000 0.000000 -0.153483 0.046602 -1.271586
    37 3.305807 0.201134 0.547461 -0.175808 0.028638 -0.707519
    38 1.807178 -0.000002 0.000000 0.088278 0.098052 -1.361328
    39 0.966137 -0.000001 0.000000 0.008253 -0.005737 -1.448820
    40 3.571524 0.110785 -0.409182 -0.280349 0.005231 -0.808429
    41 2.150660 0.000002 0.000000 -0.032774 0.097662 -1.812899
    42 1.152756 0.000000 0.000000 0.006858 -0.010050 -0.912005
    43 3.684111 -0.153564 -1.419746 -0.068354 0.064613 -0.408612
    44 1.701017 0.000004 0.000000 -0.007906 -0.081664 -1.256224
    45 0.994705 0.000000 0.000000 0.038450 -0.003162 -1.554987
    46 1.068094 -1.283655 -0.986553 -2.694603 0.187766 -0.490546
    47 1.836308 -0.000001 0.000002 -0.062192 0.177654 -0.524082
    48 1.223946 -0.000001 0.000002 -0.033998 0.022278 -0.794608
    49 0.000000 1.945634 -1.740829 0.000000 0.000000 0.000000
    50 0.000000 1.092286 -2.833118 0.000000 0.000000 0.000000
    51 0.000000 1.945635 0.000000 0.000000 0.000000 0.000000
    52 0.000000 1.228824 1.706703 0.000000 0.000000 0.000000
    53 -22.828125 -40.343750 -27.640625 1.231834 -0.319588 -0.556892
    54 0.000000 -0.000002 3.037922 0.000000 0.000000 0.000000
    55 0.000000 -0.000002 3.857136 0.000000 0.000000 0.000000
    56 0.000000 -0.876005 0.000000 0.000000 0.000000 0.000000
    57 3.201996 0.000000 -0.000004 -0.723671 -0.104716 0.122176
    58 6.694000 0.000000 -0.000004 -0.158355 -0.104976 0.122277
    59 0.109995 -0.821001 -0.907000 -1.824293 0.317796 -0.474892
    60 3.357422 -0.030869 0.000021 1.396950 0.104718 0.122170
    61 6.867996 0.000000 0.000000 1.422929 0.104724 0.122157
    62 0.084999 -0.691999 1.011000 -1.495769 0.247805 2.697135
  time 16
    0 -0.999512 -2.000000 -55.000000 1.570792 0.000003 -0.000003
    1 0.000000 38.312500 -0.516602 1.570793 0.004436 1.570793
    2 0.285645 54.406250 -3.105469 0.000000 0.000000 0.000000
    3 -6.089377 9.218061 7.261940 -1.003856 -0.940583 -0.132255
    4 0.000000 0.099715 8.360889 0.000000 -1.570796 0.000000
    5 0.000000 3.003861 1.610714 -1.570796 0.000000 1.570796
    6 0.000000 0.000000 0.000000 0.000000 -1.570796 0.000000
    7 4.042969 0.000000 0.000000 0.000000 0.000000 -0.078758
    8 3.995838 0.000000 0.000000 0.000000 0.000000 0.076519
    9 3.698238 0.000000 0.000000 0.000000 0.000000 0.238301
    10 5.700886 0.000000 0.000000 0.000000 0.000000 0.495179
    11 -7.403705 3.103527 0.371059 0.485224 -1.267013 -2.430955
    12 5.507359 0.000004 0.000001 -1.051831 -0.397982 -1.287287
    13 10.907391 0.000000 0.000004 0.248559 -0.224015 -1.137319
    14 10.424316 -0.000007 -0.000031 1.476254 -0.339050 -0.054039
    15 2.997272 0.005413 -1.477472 0.286511 -0.050477 -0.650461
    16 1.510380 -0.000002 0.000000 0.072010 -0.012858 -0.891830
    17 0.808647 0.000001 0.000000 0.046198 -0.177705 -0.861579
    18 3.305794 0.203110 -0.546729 0.146337 0.120110 -0.673357
    19 1.807177 0.000000 0.000000 0.012055 -0.101777 -1.183209
    20 0.966141 -0.000001 0.000000 -0.003500 -0.006392 -0.767940
    21 3.571516 0.109303 0.409580 0.093172 0.176210 -0.995124
    22 2.150654 0.000000 0.000000 -0.009582 -0.067753 -1.184717
    23 1.152744 0.000001 0.000000 -0.025265 0.000085 -1.098545
    24 3.684093 -0.158703 1.419181 0.009578 0.296899 -0.902317
    25 1.701010 0.000000 0.000000 0.004250 0.081934 -1.300964
    26 0.994709 0.000002 0.000000 -0.014902 0.035587 -0.462877
    27 1.068075 -1.287205 0.981903 2.068206 -0.124065 -0.600829
    28 1.836302 0.000003 -0.000002 -0.003687 0.139064 -0.385176
    29 1.223946 -0.000001 0.000000 0.029851 -0.027589 -0.628674
    30 -4.750000 1.226563 -3.570313 -1.763549 1.041139 3.026509
    31 5.507362 -0.000008 -0.000001 -0.492355 1.501147 -1.964497
    32 10.907394 0.000001 -0.000008 0.520950 0.503132 -0.860133
    33 10.424301 -0.000005 0.000015 -0.618037 0.143130 0.187159
    34 2.997293 0.000065 1.477481 0.192798 0.058961 -0.200986
    35 1.510380 -0.000002 0.000000 -0.000330 -0.020195 -1.183561
    36 0.808651 0.000000 0.000000 -0.153483 0.046602 -1.271586
    37 3.305807 0.201134 0.547461 -0.175808 0.028638 -0.707519
    38 1.807178 -0.000002 0.000000 0.088278 0.098052 -1.361328
    39 0.966137 -0.000001 0.000000 0.008253 -0.005737 -1.448820
    40 3.571524 0.110785 -0.409182 -0.280349 0.005231 -0.808429
    41 2.150660 0.000002 0.000000 -0.032774 0.097662 -1.812899
    42 1.152756 0.000000 0.000000 0.006858 -0.010050 -0.912005
    43 3.684111 -0.153564 -1.419746 -0.068354 0.064613 -0.408612
    44 1.701017 0.000004 0.000000 -0.007906 -0.081664 -1.256224
    45 0.994705 0.000000 0.000000 0.038450 -0.003162 -1.554987
    46 1.068094 -1.283655 -0.986553 -2.694603 0.187766 -0.490546
    47 1.836308 -0.000001 0.000002 -0.062192 0.177654 -0.524082
    48 1.223946 -0.000001 0.000002 -0.033998 0.022278 -0.794608
    49 0.000000 1.945634 -1.740829 0.000000 0.000000 0.000000
    50 0.000000 1.092286 -2.833118 0.000000 0.000000 0.000000
    51 0.000000 1.945635 0.000000 0.000000 0.000000 0.000000
    52 0.000000 1.228824 1.706703 0.000000 0.000000 0.000000
    53 -22.828125 -40.343750 -27.640625 1.231834 -0.319588 -0.556892
    54 0.000000 -0.000002 3.037922 0.000000 0.000000 0.000000
    55 0.000000 -0.000002 3.857136 0.000000 0.000000 0.000000
    56 0.000000 -0.876005 0.000000 0.000000 0.000000 0.000000
    57 3.201996 0.000000 -0.000004 -0.723671 -0.104716 0.122176
    58 6.694000 0.000000 -0.000004 -0.158355 -0.104976 0.122277
    59 0.109995 -0.821001 -0.907000 -1.824293 0.317796 -0.474892
    60 3.357422 -0.030869 0.000021 1.396950 0.104718 0.122170
    61 6.867996 0.000000 0.000000 1.422929 0.104724 0.122157
    62 0.084999 -0.691999 1.011000 -1.495769 0.247805 2.697135
  time 17
    0 -0.999512 -2.000000 -55.000000 1.570792 0.000003 -0.000003
    1 0.000000 38.312500 -0.516602 1.570793 0.004436 1.570793
    2 0.285645 54.406250 -3.105469 0.000000 0.000000 0.000000
    3 -6.132347 9.218061 7.246315 -0.996050 -0.936392 -0.143585
    4 0.000000 0.099715 8.360889 0.000000 -1.570796 0.000000
    5 0.000000 3.003861 1.610714 -1.570796 0.000000 1.570796
    6 0.000000 0.000000 0.000000 0.000000 -1.570796 0.000000
    7 4.042969 0.000000 0.000000 0.000000 0.000000 -0.078758
    8 3.995838 0.000000 0.000000 0.000000 0.000000 0.076519
    9 3.698238 0.000000 0.000000 0.000000 0.000000 0.238301
    10 5.700886 0.000000 0.000000 0.000000 0.000000 0.495179
    11 -7.403705 3.103527 0.371059 0.513292 -1.267546 -2.456110
    12 5.507359 0.000004 0.000001 -1.052203 -0.398121 -1.285481
    13 10.907391 0.000000 0.000004 0.254163 -0.232070 -1.136395
    14 10.424316 -0.000007 -0.000031 1.476638 -0.344404 -0.056960
    15 2.997272 0.005413 -1.477472 0.286511 -0.050477 -0.650461
    16 1.510380 -0.000002 0.000000 0.072010 -0.012858 -0.891830
    17 0.808647 0.000001 0.000000 0.046198 -0.177705 -0.861579
    18 3.305794 0.203110 -0.546729 0.146325 0.120110 -0.673357
    19 1.807177 0.000000 0.000000 0.012055 -0.101777 -1.183209
    20 0.966141 -0.000001 0.000000 -0.003500 -0.006392 -0.767940
    21 3.571516 0.109303 0.409580 0.093172 0.176210 -0.995124
    22 2.150654 0.000000 0.000000 -0.009582 -0.067753 -1.184717
    23 1.152744 0.000001 0.000000 -0.025265 0.000085 -1.098545
    24 3.684093 -0.158703 1.419181 0.009578 0.296899 -0.902317
    25 1.701010 0.000000 0.000000 0.004250 0.081934 -1.300964
    26 0.994709 0.000002 0.000000 -0.014902 0.035587 -0.462877
    27 1.068075 -1.287205 0.981903 2.068206 -0.124065 -0.600829
    28 1.836302 0.000003 -0.000002 -0.003687 0.139064 -0.385176
    29 1.223946 -0.000001 0.000000 0.029851 -0.027589 -0.628674
    30 -4.750000 1.226563 -3.570313 -1.763549 1.041139 3.026509
    31 5.507362 -0.000008 -0.000001 -0.431671 1.507229 -1.905359
    32 10.907394 0.000001 -0.000008 0.525234 0.492585 -0.864151
    33 10.424301 -0.000005 0.000015 -0.618452 0.144402 0.176014
    34 2.997293 0.000065 1.477481 0.192798 0.058961 -0.200998
    35 1.510380 -0.000002 0.000000 -0.000330 -0.020195 -1.183561
    36 0.808651 0.000000 0.000000 -0.153483 0.046602 -1.271586
    37 3.305807 0.201134 0.547461 -0.175808 0.028638 -0.707519
    38 1.807178 -0.000002 0.000000 0.088278 0.098052 -1.361328
    39 0.966137 -0.000001 0.000000 0.008253 -0.005737 -1.448820
    40 3.571524 0.110785 -0.409182 -0.280349 0.005231 -0.808429
    41 2.150660 0.000002 0.000000 -0.032774 0.097662 -1.812899
    42 1.152756 0.000000 0.000000 0.006858 -0.010050 -0.912005
    43 3.684111 -0.153564 -1.419746 -0.068354 0.064613 -0.408612
    44 1.701017 0.000004 0.000000 -0.007906 -0.081664 -1.256224
    45 0.994705 0.000000 0.000000 0.038450 -0.003162 -1.554987
    46 1.068094 -1.283655 -0.986553 -2.694603 0.187766 -0.490546
    47 1.836308 -0.000001 0.000002 -0.062192 0.177654 -0.524082
    48 1.223946 -0.000001 0.000002 -0.033998 0.022278 -0.794608
    49 0.000000 1.945634 -1.740829 0.000000 0.000000 0.000000
    50 0.000000 1.092286 -2.833118 0.000000 0.000000 0.000000
    51 0.000000 1.945635 0.000000 0.000000 0.000000 0.000000
    52 0.000000 1.228824 1.706703 0.000000 0.000000 0.000000
    53 -22.828125 -40.343750 -27.640625 1.231834 -0.319588 -0.556892
    54 0.000000 -0.000002 3.037922 0.000000 0.000000 0.000000
    55 0.000000 -0.000002 3.857136 0.000000 0.000000 0.000000
    56 0.000000 -0.876005 0.000000 0.000000 0.000000 0.000000
    57 3.201996 0.000000 -0.000004 -0.723671 -0.104716 0.122176
    58 6.694000 0.000000 -0.000004 -0.158355 -0.104976 0.122277
    59 0.109995 -0.821001 -0.907000 -1.824293 0.317796 -0.474892
    60 3.357422 -0.030869 0.000021 1.396950 0.104718 0.122170
    61 6.867996 0.000000 0.000000 1.422929 0.104724 0.122157
    62 0.084999 -0.691999 1.011000 -1.495769 0.247805 2.697135
  time 18
    0 -0.999512 -2.000000 -55.000000 1.570792 0.000003 -0.000003
    1 0.000000 38.312500 -0.516602 1.570793 0.004436 1.570793
    2 0.285645 54.406250 -3.105469 0.000000 0.000000 0.000000
    3 -6.187036 9.218061 7.218970 -0.991310 -0.933407 -0.150937
    4 0.000000 0.099715 8.360889 0.000000 -1.570796 0.000000
    5 0.000000 3.003861 1.610714 -1.570796 0.000000 1.570796
    6 0.000000 0.000000 0.000000 0.000000 -1.570796 0.000000
    7 4.042969 0.000000 0.000000 0.000000 0.000000 -0.078758
    8 3.995838 0.000000 0.000000 0.000000 0.000000 0.076519
    9 3.698238 0.000000 0.000000 0.000000 0.000000 0.238301
    10 5.700886 0.000000 0.000000 0.000000 0.000000 0.495179
    11 -7.403705 3.103527 0.371059 0.540402 -1.268544 -2.480789
    12 5.507359 0.000004 0.000001 -1.052946 -0.398261 -1.283296
    13 10.907391 0.000000 0.000004 0.258308 -0.238565 -1.134269
    14 10.424316 -0.000007 -0.000031 1.477117 -0.348671 -0.060133
    15 2.997272 0.005413 -1.477472 0.286511 -0.050477 -0.650461
    16 1.510380 -0.000002 0.000000 0.072010 -0.012858 -0.891830
    17 0.808647 0.000001 0.000000 0.046198 -0.177705 -0.861579
    18 3.305794 0.203110 -0.546729 0.146337 0.120110 -0.673357
    19 1.807177 0.000000 0.000000 0.012055 -0.101777 -1.183209
    20 0.966141 -0.000001 0.000000 -0.003500 -0.006392 -0.767940
    21 3.571516 0.109303 0.409580 0.093172 0.176210 -0.995124
    22 2.150654 0.000000 0.000000 -0.009582 -0.067753 -1.184717
    23 1.152744 0.000001 0.000000 -0.025265 0.000085 -1.098545
    24 3.684093 -0.158703 1.419181 0.009578 0.296899 -0.902317
    25 1.701010 0.000000 0.000000 0.004250 0.081934 -1.300964
    26 0.994709 0.000002 0.000000 -0.014902 0.035587 -0.462877
    27 1.068075 -1.287205 0.981903 2.068206 -0.124065 -0.600829
    28 1.836302 0.000003 -0.000002 -0.003687 0.139064 -0.385176
    29 1.223946 -0.000001 0.000000 0.029851 -0.027589 -0.628674
    30 -4.750000 1.226563 -3.570313 -1.763549 1.041139 3.026509
    31 5.507362 -0.000008 -0.000001 -0.358226 1.511633 -1.833111
    32 10.907394 0.000001 -0.000008 0.528852 0.484268 -0.866715
    33 10.424301 -0.000005 0.000015 -0.618763 0.145525 0.166378
    34 2.997293 0.000065 1.477481 0.192798 0.058961 -0.200998
    35 1.510380 -0.000002 0.000000 -0.000330 -0.020195 -1.183561
    36 0.808651 0.000000 0.000000 -0.153483 0.046602 -1.271586
    37 3.305807 0.201134 0.547461 -0.175808 0.028638 -0.707519
    38 1.807178 -0.000002 0.000000 0.088278 0.098052 -1.361328
    39 0.966137 -0.000001 0.000000 0.008253 -0.005737 -1.448820
    40 3.571524 0.110785 -0.409182 -0.280349 0.005231 -0.808429
    41 2.150660 0.000002 0.000000 -0.032774 0.097662 -1.812899
    42 1.152756 0.000000 0.000000 0.006858 -0.010050 -0.912005
    43 3.684111 -0.153564 -1.419746 -0.068354 0.064613 -0.408612
    44 1.701017 0.000004 0.000000 -0.007906 -0.081664 -1.256224
    45 0.994705 0.000000 0.000000 0.038450 -0.003162 -1.554987
    46 1.068094 -1.283655 -0.986553 -2.694634 0.187766 -0.490546
    47 1.836308 -0.000001 0.000002 -0.062192 0.177654 -0.524082
    48 1.223946 -0.000001 0.000002 -0.033998 0.022278 -0.794608
    49 0.000000 1.945634 -1.740829 0.000000 0.000000 0.000000
    50 0.000000 1.092286 -2.833118 0.000000 0.000000 0.000000
    51 0.000000 1.945635 0.000000 0.000000 0.000000 0.000000
    52 0.000000 1.228824 1.706703 0.000000 0.000000 0.000000
    53 -22.828125 -40.343750 -27.640625 1.231834 -0.319588 -0.556892
    54 0.000000 -0.000002 3.037922 0.000000 0.000000 0.000000
    55 0.000000 -0.000002 3.857136 0.000000 0.000000 0.000000
    56 0.000000 -0.876005 0.000000 0.000000 0.000000 0.000000
    57 3.201996 0.000000 -0.000004 -0.723671 -0.104716 0.122176
    58 6.694000 0.000000 -0.000004 -0.158355 -0.104976 0.122277
    59 0.109995 -0.821001 -0.907000 -1.824293 0.317796 -0.474892
    60 3.357422 -0.030869 0.000021 1.396950 0.104718 0.122170
    61 6.867996 0.000000 0.000000 1.422929 0.104724 0.122157
    62 0.084999 -0.691999 1.011000 -1.495769 0.247805 2.697135
  time 19
    0 -0.999512 -2.000000 -55.000000 1.570792 0.000003 -0.000003
    1 0.000000 38.312500 -0.516602 1.570793 0.004436 1.570793
    2 0.285645 54.406250 -3.105469 0.000000 0.000000 0.000000
    3 -6.249538 9.218061 7.187719 -0.990660 -0.931857 -0.153531
    4 0.000000 0.099715 8.360889 0.000000 -1.570796 0.000000
    5 0.000000 3.003861 1.610714 -1.570796 0.000000 1.570796
    6 0.000000 0.000000 0.000000 0.000000 -1.570796 0.000000
    7 4.042969 0.000000 0.000000 0.000000 0.000000 -0.078758
    8 3.995838 0.000000 0.000000 0.000000 0.000000 0.076519
    9 3.698238 0.000000 0.000000 0.000000 0.000000 0.238301
    10 5.700886 0.000000 0.000000 0.000000 0.000000 0.495179
    11 -7.403705 3.103527 0.371059 0.564639 -1.269875 -2.503181
    12 5.507359 0.000004 0.000001 -1.054209 -0.398446 -1.280350
    13 10.907391 0.000000 0.000004 0.260765 -0.242740 -1.131404
    14 10.424316 -0.000007 -0.000031 1.477885 -0.351399 -0.063956
    15 2.997272 0.005413 -1.477472 0.286511 -0.050477 -0.650461
    16 1.510380 -0.000002 0.000000 0.072010 -0.012858 -0.891830
    17 0.808647 0.000001 0.000000 0.046198 -0.177705 -0.861579
    18 3.305794 0.203110 -0.546729 0.146337 0.120110 -0.673357
    19 1.807177 0.000000 0.000000 0.012055 -0.101777 -1.183209
    20 0.966141 -0.000001 0.000000 -0.003500 -0.006392 -0.767940
    21 3.571516 0.109303 0.409580 0.093172 0.176210 -0.995124
    22 2.150654 0.000000 0.000000 -0.009582 -0.067753 -1.184717
    23 1.152744 0.000001 0.000000 -0.025265 0.000085 -1.098545
    24 3.684093 -0.158703 1.419181 0.009578 0.296899 -0.902317
    25 1.701010 0.000000 0.000000 0.004250 0.081934 -1.300964
    26 0.994709 0.000002 0.000000 -0.014902 0.035587 -0.462877
    27 1.068075 -1.287205 0.981903 2.068206 -0.124065 -0.600829
    28 1.836302 0.000003 -0.000002 -0.003687 0.139064 -0.385176
    29 1.223946 -0.000001 0.000000 0.029851 -0.027589 -0.628674
    30 -4.750000 1.226563 -3.570313 -1.763549 1.041139 3.026509
    31 5.507362 -0.000008 -0.000001 -0.264932 1.513437 -1.740481
    32 10.907394 0.000001 -0.000008 0.530280 0.480087 -0.869878
    33 10.424301 -0.000005 0.000015 -0.618918 0.147059 0.159799
    34 2.997293 0.000065 1.477481 0.192798 0.058961 -0.200998
    35 1.510380 -0.000002 0.000000 -0.000330 -0.020195 -1.183561
    36 0.808651 0.000000 0.000000 -0.153483 0.046602 -1.271586
    37 3.305807 0.201134 0.547461 -0.175808 0.028638 -0.707519
    38 1.807178 -0.000002 0.000000 0.088278 0.098052 -1.361328
    39 0.966137 -0.000001 0.000000 0.008253 -0.005737 -1.448820
    40 3.571524 0.110785 -0.409182 -0.280349 0.005231 -0.808429
    41 2.150660 0.000002 0.000000 -0.032774 0.097662 -1.812899
    42 1.152756 0.000000 0.000000 0.006858 -0.010050 -0.912005
    43 3.684111 -0.153564 -1.419746 -0.068354 0.064613 -0.408612
    44 1.701017 0.000004 0.000000 -0.007906 -0.081664 -1.256224
    45 0.994705 0.000000 0.000000 0.038450 -0.003162 -1.554987
    46 1.068094 -1.283655 -0.986553 -2.694603 0.187766 -0.490546
    47 1.836308 -0.000001 0.000002 -0.062192 0.177654 -0.524082
    48 1.223946 -0.000001 0.000002 -0.033998 0.022278 -0.794608
    49 0.000000 1.945634 -1.740829 0.000000 0.000000 0.000000
    50 0.000000 1.092286 -2.833118 0.000000 0.000000 0.000000
    51 0.000000 1.945635 0.000000 0.000000 0.000000 0.000000
    52 0.000000 1.228824 1.706703 0.000000 0.000000 0.000000
    53 -22.828125 -40.343750 -27.640625 1.231834 -0.319588 -0.556892
    54 0.000000 -0.000002 3.037922 0.000000 0.000000 0.000000
    55 0.000000 -0.000002 3.857136 0.000000 0.000000 0.000000
    56 0.000000 -0.876005 0.000000 0.000000 0.000000 0.000000
    57 3.201996 0.000000 -0.000004 -0.723671 -0.104716 0.122176
    58 6.694000 0.000000 -0.000004 -0.158355 -0.104976 0.122277
    59 0.109995 -0.821001 -0.907000 -1.824293 0.317796 -0.474892
    60 3.357422 -0.030869 0.000021 1.396950 0.104718 0.122170
    61 6.867996 0.000000 0.000000 1.422929 0.104724 0.122157
    62 0.084999 -0.691999 1.011000 -1.495769 0.247805 2.697135
  time 20
    0 -0.999512 -2.000000 -55.000000 1.570792 0.000003 -0.000003
    1 0.000000 38.312500 -0.516602 1.570793 0.004436 1.570793
    2 0.285645 54.406250 -3.105469 0.000000 0.000000 0.000000
    3 -6.308133 9.218061 7.156468 -0.992797 -0.931168 -0.153185
    4 0.000000 0.099715 8.360889 0.000000 -1.570796 0.000000
    5 0.000000 3.003861 1.610714 -1.570796 0.000000 1.570796
    6 0.000000 0.000000 0.000000 0.000000 -1.570796 0.000000
    7 4.042969 0.000000 0.000000 0.000000 0.000000 -0.078758
    8 3.995838 0.000000 0.000000 0.000000 0.000000 0.076519
    9 3.698238 0.000000 0.000000 0.000000 0.000000 0.238301
    10 5.700886 0.000000 0.000000 0.000000 0.000000 0.495179
    11 -7.403705 3.103527 0.371059 0.586001 -1.271205 -2.523381
    12 5.507359 0.000004 0.000001 -1.055696 -0.398678 -1.277309
    13 10.907391 0.000000 0.000004 0.262070 -0.245439 -1.128169
    14 10.424316 -0.000007 -0.000031 1.478893 -0.353065 -0.068103
    15 2.997272 0.005413 -1.477472 0.286511 -0.050477 -0.650461
    16 1.510380 -0.000002 0.000000 0.072010 -0.012858 -0.891830
    17 0.808647 0.000001 0.000000 0.046198 -0.177705 -0.861579
    18 3.305794 0.203110 -0.546729 0.146337 0.120110 -0.673357
    19 1.807177 0.000000 0.000000 0.012055 -0.101777 -1.183209
    20 0.966141 -0.000001 0.000000 -0.003500 -0.006392 -0.767940
    21 3.571516 0.109303 0.409580 0.093172 0.176210 -0.995124
    22 2.150654 0.000000 0.000000 -0.009582 -0.067753 -1.184717
    23 1.152744 0.000001 0.000000 -0.025265 0.000085 -1.098545
    24 3.684093 -0.158703 1.419181 0.009578 0.296899 -0.902317
    25 1.701010 0.000000 0.000000 0.004250 0.081934 -1.300964
    26 0.994709 0.000002 0.000000 -0.014902 0.035587 -0.462877
    27 1.068075 -1.287205 0.981903 2.068206 -0.124065 -0.600829
    28 1.836302 0.000003 -0.000002 -0.003687 0.139064 -0.385176
    29 1.223946 -0.000001 0.000000 0.029851 -0.027589 -0.628674
    30 -4.750000 1.226563 -3.570313 -1.763549 1.041139 3.026509
    31 5.507362 -0.000008 -0.000001 -0.160577 1.513143 -1.636655
    32 10.907394 0.000001 -0.000008 0.529804 0.478879 -0.874237
    33 10.424301 -0.000005 0.000015 -0.619022 0.148929 0.155775
    34 2.997293 0.000065 1.477481 0.192798 0.058961 -0.200998
    35 1.510380 -0.000002 0.000000 -0.000330 -0.020195 -1.183561
    36 0.808651 0.000000 0.000000 -0.153483 0.046602 -1.271586
    37 3.305807 0.201134 0.547461 -0.175808 0.028638 -0.707519
    38 1.807178 -0.000002 0.000000 0.088278 0.098052 -1.361328
    39 0.966137 -0.000001 0.000000 0.008253 -0.005737 -1.448820
    40 3.571524 0.110785 -0.409182 -0.280349 0.005231 -0.808429
    41 2.150660 0.000002 0.000000 -0.032774 0.097662 -1.812899
    42 1.152756 0.000000 0.000000 0.006858 -0.010050 -0.912005
    43 3.684111 -0.153564 -1.419746 -0.068354 0.064613 -0.408612
    44 1.701017 0.000004 0.000000 -0.007906 -0.081664 -1.256224
    45 0.994705 0.000000 0.000000 0.038450 -0.003162 -1.554987
    46 1.068094 -1.283655 -0.986553 -2.694603 0.187766 -0.490546
    47 1.836308 -0.000001 0.000002 -0.062192 0.177654 -0.524082
    48 1.223946 -0.000001 0.000002 -0.033998 0.022278 -0.794608
    49 0.000000 1.945634 -1.740829 0.000000 0.000000 0.000000
    50 0.000000 1.092286 -2.833118 0.000000 0.000000 0.000000
    51 0.000000 1.945635 0.000000 0.000000 0.000000 0.000000
    52 0.000000 1.228824 1.706703 0.000000 0.000000 0.000000
    53 -22.828125 -40.343750 -27.640625 1.231834 -0.319588 -0.556892
    54 0.000000 -0.000002 3.037922 0.000000 0.000000 0.000000
    55 0.000000 -0.000002 3.857136 0.000000 0.000000 0.000000
    56 0.000000 -0.876005 0.000000 0.000000 0.000000 0.000000
    57 3.201996 0.000000 -0.000004 -0.723671 -0.104716 0.122176
    58 6.694000 0.000000 -0.000004 -0.158355 -0.104976 0.122277
    59 0.109995 -0.821001 -0.907000 -1.824293 0.317796 -0.474892
    60 3.357422 -0.030869 0.000021 1.396950 0.104718 0.122170
    61 6.867996 0.000000 0.000000 1.422929 0.104724 0.122157
    62 0.084999 -0.691999 1.011000 -1.495769 0.247805 2.697135
  time 21
    0 -0.999512 -2.000000 -55.000000 1.570792 0.000003 -0.000003
    1 0.000000 38.312500 -0.516602 1.570793 0.004436 1.570793
    2 0.285645 54.406250 -3.105469 0.000000 0.000000 0.000000
    3 -6.355010 9.218061 7.121311 -0.996515 -0.931340 -0.150504
    4 0.000000 0.099715 8.360889 0.000000 -1.570796 0.000000
    5 0.000000 3.003861 1.610714 -1.570796 0.000000 1.570796
    6 0.000000 0.000000 0.000000 0.000000 -1.570796 0.000000
    7 4.042969 0.000000 0.000000 0.000000 0.000000 -0.078758
    8 3.995838 0.000000 0.000000 0.000000 0.000000 0.076519
    9 3.698238 0.000000 0.000000 0.000000 0.000000 0.238301
    10 5.700886 0.000000 0.000000 0.000000 0.000000 0.495179
    11 -7.403705 3.103527 0.371059 0.601041 -1.272470 -2.537578
    12 5.507359 0.000004 0.000001 -1.056662 -0.398818 -1.274934
    13 10.907391 0.000000 0.000004 0.262530 -0.246493 -1.125766
    14 10.424316 -0.000007 -0.000031 1.479804 -0.353697 -0.071096
    15 2.997272 0.005413 -1.477472 0.286511 -0.050477 -0.650461
    16 1.510380 -0.000002 0.000000 0.072010 -0.012858 -0.891830
    17 0.808647 0.000001 0.000000 0.046198 -0.177705 -0.861579
    18 3.305794 0.203110 -0.546729 0.146337 0.120110 -0.673357
    19 1.807177 0.000000 0.000000 0.012055 -0.101777 -1.183209
    20 0.966141 -0.000001 0.000000 -0.003500 -0.006392 -0.767940
    21 3.571516 0.109303 0.409580 0.093172 0.176210 -0.995124
    22 2.150654 0.000000 0.000000 -0.009582 -0.067753 -1.184717
    23 1.152744 0.000001 0.000000 -0.025265 0.000085 -1.098545
    24 3.684093 -0.158703 1.419181 0.009578 0.296899 -0.902317
    25 1.701010 0.000000 0.000000 0.004250 0.081934 -1.300964
    26 0.994709 0.000002 0.000000 -0.014902 0.035587 -0.462877
    27 1.068075 -1.287205 0.981903 2.068206 -0.124065 -0.600829
    28 1.836302 0.000003 -0.000002 -0.003687 0.139064 -0.385176
    29 1.223946 -0.000001 0.000000 0.029851 -0.027589 -0.628674
    30 -4.750000 1.226563 -3.570313 -1.763549 1.041139 3.026509
    31 5.507362 -0.000008 -0.000001 -0.073238 1.511717 -1.549766
    32 10.907394 0.000001 -0.000008 0.528471 0.479576 -0.878340
    33 10.424301 -0.000005 0.000015 -0.618970 0.150500 0.154227
    34 2.997293 0.000065 1.477481 0.192798 0.058961 -0.200998
    35 1.510380 -0.000002 0.000000 -0.000330 -0.020195 -1.183561
    36 0.808651 0.000000 0.000000 -0.153483 0.046602 -1.271586
    37 3.305807 0.201134 0.547461 -0.175808 0.028638 -0.707519
    38 1.807178 -0.000002 0.000000 0.088278 0.098052 -1.361328
    39 0.966137 -0.000001 0.000000 0.008253 -0.005737 -1.448820
    40 3.571524 0.110785 -0.409182 -0.280349 0.005231 -0.808429
    41 2.150660 0.000002 0.000000 -0.032774 0.097662 -1.812899
    42 1.152756 0.000000 0.000000 0.006858 -0.010050 -0.912005
    43 3.684111 -0.153564 -1.419746 -0.068354 0.064613 -0.408612
    44 1.701017 0.000004 0.000000 -0.007906 -0.081664 -1.256224
    45 0.994705 0.000000 0.000000 0.038450 -0.003162 -1.554987
    46 1.068094 -1.283655 -0.986553 -2.694603 0.187766 -0.490546
    47 1.836308 -0.000001 0.000002 -0.062192 0.177654 -0.524082
    48 1.223946 -0.000001 0.000002 -0.033998 0.022278 -0.794608
    49 0.000000 1.945634 -1.740829 0.000000 0.000000 0.000000
    50 0.000000 1.092286 -2.833118 0.000000 0.000000 0.000000
    51 0.000000 1.945635 0.000000 0.000000 0.000000 0.000000
    52 0.000000 1.228824 1.706703 0.000000 0.000000 0.000000
    53 -22.828125 -40.343750 -27.640625 1.231834 -0.319588 -0.556892
    54 0.000000 -0.000002 3.037922 0.000000 0.000000 0.000000
    55 0.000000 -0.000002 3.857136 0.000000 0.000000 0.000000
    56 0.000000 -0.876005 0.000000 0.000000 0.000000 0.000000
    57 3.201996 0.000000 -0.000004 -0.723671 -0.104716 0.122176
    58 6.694000 0.000000 -0.000004 -0.158355 -0.104976 0.122277
    59 0.109995 -0.821001 -0.907000 -1.824293 0.317796 -0.474892
    60 3.357422 -0.030869 0.000021 1.396950 0.104718 0.122170
    61 6.867996 0.000000 0.000000 1.422929 0.104724 0.122157
    62 0.084999 -0.691999 1.011000 -1.495769 0.247805 2.697135
  time 22
    0 -0.999512 -2.000000 -55.000000 1.570792 0.000003 -0.000003
    1 0.000000 38.312500 -0.516602 1.570793 0.004436 1.570793
    2 0.285645 54.406250 -3.105469 0.000000 0.000000 0.000000
    3 -6.382354 9.218061 7.086154 -1.000511 -0.932316 -0.146093
    4 0.000000 0.099715 8.360889 0.000000 -1.570796 0.000000
    5 0.000000 3.003861 1.610714 -1.570796 0.000000 1.570796
    6 0.000000 0.000000 0.000000 0.000000 -1.570796 0.000000
    7 4.042969 0.000000 0.000000 0.000000 0.000000 -0.078758
    8 3.995838 0.000000 0.000000 0.000000 0.000000 0.076519
    9 3.698238 0.000000 0.000000 0.000000 0.000000 0.238301
    10 5.700886 0.000000 0.000000 0.000000 0.000000 0.495179
    11 -7.403705 3.103527 0.371059 0.607268 -1.273534 -2.543390
    12 5.507359 0.000004 0.000001 -1.056885 -0.398864 -1.274079
    13 10.907391 0.000000 0.000004 0.262146 -0.245945 -1.124564
    14 10.424316 -0.000007 -0.000031 1.480380 -0.353242 -0.071817
    15 2.997272 0.005413 -1.477472 0.286511 -0.050477 -0.650461
    16 1.510380 -0.000002 0.000000 0.072010 -0.012858 -0.891830
    17 0.808647 0.000001 0.000000 0.046198 -0.177705 -0.861579
    18 3.305794 0.203110 -0.546729 0.146337 0.120110 -0.673357
    19 1.807177 0.000000 0.000000 0.012055 -0.101777 -1.183209
    20 0.966141 -0.000001 0.000000 -0.003500 -0.006392 -0.767940
    21 3.571516 0.109303 0.409580 0.093172 0.176210 -0.995124
    22 2.150654 0.000000 0.000000 -0.009582 -0.067753 -1.184717
    23 1.152744 0.000001 0.000000 -0.025265 0.000085 -1.098545
    24 3.684093 -0.158703 1.419181 0.009578 0.296899 -0.902317
    25 1.701010 0.000000 0.000000 0.004250 0.081934 -1.300964
    26 0.994709 0.000002 0.000000 -0.014902 0.035587 -0.462877
    27 1.068075 -1.287205 0.981903 2.068206 -0.124065 -0.600829
    28 1.836302 0.000003 -0.000002 -0.003687 0.139064 -0.385176
    29 1.223946 -0.000001 0.000000 0.029851 -0.027589 -0.628674
    30 -4.750000 1.226563 -3.570313 -1.763549 1.041139 3.026509
    31 5.507362 -0.000008 -0.000001 -0.022762 1.510333 -1.499624
    32 10.907394 0.000001 -0.000008 0.527329 0.481156 -0.880306
    33 10.424301 -0.000005 0.000015 -0.618711 0.151099 0.155155
    34 2.997293 0.000065 1.477481 0.192798 0.058961 -0.200986
    35 1.510380 -0.000002 0.000000 -0.000330 -0.020195 -1.183561
    36 0.808651 0.000000 0.000000 -0.153483 0.046602 -1.271586
    37 3.305807 0.201134 0.547461 -0.175808 0.028638 -0.707519
    38 1.807178 -0.000002 0.000000 0.088278 0.098052 -1.361328
    39 0.966137 -0.000001 0.000000 0.008253 -0.005737 -1.448820
    40 3.571524 0.110785 -0.409182 -0.280349 0.005231 -0.808429
    41 2.150660 0.000002 0.000000 -0.032774 0.097662 -1.812899
    42 1.152756 0.000000 0.000000 0.006858 -0.010050 -0.912005
    43 3.684111 -0.153564 -1.419746 -0.068354 0.064613 -0.408612
    44 1.701017 0.000004 0.000000 -0.007906 -0.081664 -1.256224
    45 0.994705 0.000000 0.000000 0.038450 -0.003162 -1.554987
    46 1.068094 -1.283655 -0.986553 -2.694603 0.187766 -0.490546
    47 1.836308 -0.000001 0.000002 -0.062192 0.177654 -0.524082
    48 1.223946 -0.000001 0.000002 -0.033998 0.022278 -0.794608
    49 0.000000 1.945634 -1.740829 0.000000 0.000000 0.000000
    50 0.000000 1.092286 -2.833118 0.000000 0.000000 0.000000
    51 0.000000 1.945635 0.000000 0.000000 0.000000 0.000000
    52 0.000000 1.228824 1.706703 0.000000 0.000000 0.000000
    53 -22.828125 -40.343750 -27.640625 1.231834 -0.319588 -0.556892
    54 0.000000 -0.000002 3.037922 0.000000 0.000000 0.000000
    55 0.000000 -0.000002 3.857136 0.000000 0.000000 0.000000
    56 0.000000 -0.876005 0.000000 0.000000 0.000000 0.000000
    57 3.201996 0.000000 -0.000004 -0.723671 -0.104716 0.122176
    58 6.694000 0.000000 -0.000004 -0.158355 -0.104976 0.122277
    59 0.109995 -0.821001 -0.907000 -1.824293 0.317796 -0.474892
    60 3.357422 -0.030869 0.000021 1.396950 0.104718 0.122170
    61 6.867996 0.000000 0.000000 1.422929 0.104724 0.122157
    62 0.084999 -0.691999 1.011000 -1.495769 0.247805 2.697135
  time 23
    0 -0.999512 -2.000000 -55.000000 1.570792 0.000003 -0.000003
    1 0.000000 38.312500 -0.516602 1.570793 0.004436 1.570793
    2 0.285645 54.406250 -3.105469 0.000000 0.000000 0.000000
    3 -6.366729 9.218061 7.054903 -1.006737 -0.935646 -0.135628
    4 0.000000 0.099715 8.360889 0.000000 -1.570796 0.000000
    5 0.000000 3.003861 1.610714 -1.570796 0.000000 1.570796
    6 0.000000 0.000000 0.000000 0.000000 -1.570796 0.000000
    7 4.042969 0.000000 0.000000 0.000000 0.000000 -0.078758
    8 3.995838 0.000000 0.000000 0.000000 0.000000 0.076519
    9 3.698238 0.000000 0.000000 0.000000 0.000000 0.238301
    10 5.700886 0.000000 0.000000 0.000000 0.000000 0.495179
    11 -7.403705 3.103527 0.371059 0.592132 -1.274599 -2.529288
    12 5.507359 0.000004 0.000001 -1.055473 -0.398678 -1.276359
    13 10.907391 0.000000 0.000004 0.259460 -0.240926 -1.125766
    14 10.424316 -0.000007 -0.000031 1.480260 -0.349858 -0.067598
    15 2.997272 0.005413 -1.477472 0.286511 -0.050477 -0.650461
    16 1.510380 -0.000002 0.000000 0.072010 -0.012858 -0.891830
    17 0.808647 0.000001 0.000000 0.046198 -0.177705 -0.861579
    18 3.305794 0.203110 -0.546729 0.146337 0.120110 -0.673357
    19 1.807177 0.000000 0.000000 0.012055 -0.101777 -1.183209
    20 0.966141 -0.000001 0.000000 -0.003500 -0.006392 -0.767940
    21 3.571516 0.109303 0.409580 0.093172 0.176210 -0.995124
    22 2.150654 0.000000 0.000000 -0.009582 -0.067753 -1.184717
    23 1.152744 0.000001 0.000000 -0.025265 0.000085 -1.098545
    24 3.684093 -0.158703 1.419181 0.009578 0.296899 -0.902317
    25 1.701010 0.000000 0.000000 0.004250 0.081934 -1.300964
    26 0.994709 0.000002 0.000000 -0.014902 0.035587 -0.462877
    27 1.068075 -1.287205 0.981903 2.068206 -0.124065 -0.600829
    28 1.836302 0.000003 -0.000002 -0.003687 0.139064 -0.385176
    29 1.223946 -0.000001 0.000000 0.029851 -0.027589 -0.628674
    30 -4.750000 1.226563 -3.570313 -1.763549 1.041139 3.026509
    31 5.507362 -0.000008 -0.000001 -0.043179 1.509074 -1.520580
    32 10.907394 0.000001 -0.000008 0.525615 0.486313 -0.878084
    33 10.424301 -0.000005 0.000015 -0.617985 0.149640 0.162934
    34 2.997293 0.000065 1.477481 0.192798 0.058961 -0.200998
    35 1.510380 -0.000002 0.000000 -0.000330 -0.020195 -1.183561
    36 0.808651 0.000000 0.000000 -0.153483 0.046602 -1.271586
    37 3.305807 0.201134 0.547461 -0.175808 0.028638 -0.707519
    38 1.807178 -0.000002 0.000000 0.088278 0.098052 -1.361328
    39 0.966137 -0.000001 0.000000 0.008253 -0.005737 -1.448820
    40 3.571524 0.110785 -0.409182 -0.280349 0.005231 -0.808429
    41 2.150660 0.000002 0.000000 -0.032774 0.097662 -1.812899
    42 1.152756 0.000000 0.000000 0.006858 -0.010050 -0.912005
    43 3.684111 -0.153564 -1.419746 -0.068354 0.064613 -0.408612
    44 1.701017 0.000004 0.000000 -0.007906 -0.081664 -1.256224
    45 0.994705 0.000000 0.000000 0.038450 -0.003162 -1.554987
    46 1.068094 -1.283655 -0.986553 -2.694634 0.187766 -0.490546
    47 1.836308 -0.000001 0.000002 -0.062192 0.177654 -0.524082
    48 1.223946 -0.000001 0.000002 -0.033998 0.022278 -0.794608
    49 0.000000 1.945634 -1.740829 0.000000 0.000000 0.000000
    50 0.000000 1.092286 -2.833118 0.000000 0.000000 0.000000
    51 0.000000 1.945635 0.000000 0.000000 0.000000 0.000000
    52 0.000000 1.228824 1.706703 0.000000 0.000000 0.000000
    53 -22.828125 -40.343750 -27.640625 1.231834 -0.319588 -0.556892
    54 0.000000 -0.000002 3.037922 0.000000 0.000000 0.000000
    55 0.000000 -0.000002 3.857136 0.000000 0.000000 0.000000
    56 0.000000 -0.876005 0.000000 0.000000 0.000000 0.000000
    57 3.201996 0.000000 -0.000004 -0.723671 -0.104716 0.122176
    58 6.694000 0.000000 -0.000004 -0.158355 -0.104976 0.122277
    59 0.109995 -0.821001 -0.907000 -1.824293 0.317796 -0.474892
    60 3.357422 -0.030869 0.000021 1.396950 0.104718 0.122170
    61 6.867996 0.000000 0.000000 1.422929 0.104724 0.122157
    62 0.084999 -0.691999 1.011000 -1.495769 0.247805 2.697135
  time 24
    0 -0.999512 -2.000000 -55.000000 1.570792 0.000003 -0.000003
    1 0.000000 38.312500 -0.516602 1.570793 0.004436 1.570793
    2 0.285645 54.406250 -3.105469 0.000000 0.000000 0.000000
    3 -6.331572 9.218061 7.015839 -1.014543 -0.940354 -0.121530
    4 0.000000 0.099715 8.360889 0.000000 -1.570796 0.000000
    5 0.000000 3.003861 1.610714 -1.570796 0.000000 1.570796
    6 0.000000 0.000000 0.000000 0.000000 -1.570796 0.000000
    7 4.042969 0.000000 0.000000 0.000000 0.000000 -0.078758
    8 3.995838 0.000000 0.000000 0.000000 0.000000 0.076519
    9 3.698238 0.000000 0.000000 0.000000 0.000000 0.238301
    10 5.700886 0.000000 0.000000 0.000000 0.000000 0.495179
    11 -7.403705 3.103527 0.371059 0.564830 -1.275464 -2.503657
    12 5.507359 0.000004 0.000001 -1.053020 -0.398400 -1.280635
    13 10.907391 0.000000 0.000004 0.255468 -0.233377 -1.128446
    14 10.424316 -0.000007 -0.000031 1.479708 -0.344883 -0.060314
    15 2.997272 0.005413 -1.477472 0.286511 -0.050477 -0.650461
    16 1.510380 -0.000002 0.000000 0.072010 -0.012858 -0.891830
    17 0.808647 0.000001 0.000000 0.046198 -0.177705 -0.861579
    18 3.305794 0.203110 -0.546729 0.146337 0.120110 -0.673357
    19 1.807177 0.000000 0.000000 0.012055 -0.101777 -1.183209
    20 0.966141 -0.000001 0.000000 -0.003500 -0.006392 -0.767940
    21 3.571516 0.109303 0.409580 0.093172 0.176210 -0.995124
    22 2.150654 0.000000 0.000000 -0.009582 -0.067753 -1.184717
    23 1.152744 0.000001 0.000000 -0.025265 0.000085 -1.098545
    24 3.684093 -0.158703 1.419181 0.009578 0.296899 -0.902317
    25 1.701010 0.000000 0.000000 0.004250 0.081934 -1.300964
    26 0.994709 0.000002 0.000000 -0.014902 0.035587 -0.462877
    27 1.068075 -1.287205 0.981903 2.068206 -0.124065 -0.600829
    28 1.836302 0.000003 -0.000002 -0.003687 0.139064 -0.385176
    29 1.223946 -0.000001 0.000000 0.029851 -0.027589 -0.628674
    30 -4.750000 1.226563 -3.570313 -1.763549 1.041139 3.026509
    31 5.507362 -0.000008 -0.000001 -0.101028 1.507900 -1.579048
    32 10.907394 0.000001 -0.000008 0.523806 0.493328 -0.873040
    33 10.424301 -0.000005 0.000015 -0.617052 0.146834 0.174427
    34 2.997293 0.000065 1.477481 0.192798 0.058961 -0.200998
    35 1.510380 -0.000002 0.000000 -0.000330 -0.020195 -1.183561
    36 0.808651 0.000000 0.000000 -0.153483 0.046602 -1.271586
    37 3.305807 0.201134 0.547461 -0.175808 0.028638 -0.707519
    38 1.807178 -0.000002 0.000000 0.088278 0.098052 -1.361328
    39 0.966137 -0.000001 0.000000 0.008253 -0.005737 -1.448820
    40 3.571524 0.110785 -0.409182 -0.280349 0.005231 -0.808429
    41 2.150660 0.000002 0.000000 -0.032774 0.097662 -1.812899
    42 1.152756 0.000000 0.000000 0.006858 -0.010050 -0.912005
    43 3.684111 -0.153564 -1.419746 -0.068354 0.064613 -0.408612
    44 1.701017 0.000004 0.000000 -0.007906 -0.081664 -1.256224
    45 0.994705 0.000000 0.000000 0.038450 -0.003162 -1.554987
    46 1.068094 -1.283655 -0.986553 -2.694603 0.187766 -0.490546
    47 1.836308 -0.000001 0.000002 -0.062192 0.177654 -0.524082
    48 1.223946 -0.000001 0.000002 -0.033998 0.022278 -0.794608
    49 0.000000 1.945634 -1.740829 0.000000 0.000000 0.000000
    50 0.000000 1.092286 -2.833118 0.000000 0.000000 0.000000
    51 0.000000 1.945635 0.000000 0.000000 0.000000 0.000000
    52 0.000000 1.228824 1.706703 0.000000 0.000000 0.000000
    53 -22.828125 -40.343750 -27.640625 1.231834 -0.319588 -0.556892
    54 0.000000 -0.000002 3.037922 0.000000 0.000000 0.000000
    55 0.000000 -0.000002 3.857136 0.000000 0.000000 0.000000
    56 0.000000 -0.876005 0.000000 0.000000 0.000000 0.000000
    57 3.201996 0.000000 -0.000004 -0.723671 -0.104716 0.122176
    58 6.694000 0.000000 -0.000004 -0.158355 -0.104976 0.122277
    59 0.109995 -0.821001 -0.907000 -1.824293 0.317796 -0.474892
    60 3.357422 -0.030869 0.000021 1.396950 0.104718 0.122170
    61 6.867996 0.000000 0.000000 1.422929 0.104724 0.122157
    62 0.084999 -0.691999 1.011000 -1.495769 0.247805 2.697135
  time 25
    0 -0.999512 -2.000000 -55.000000 1.570792 0.000003 -0.000003
    1 0.000000 38.312500 -0.516602 1.570793 0.004436 1.570793
    2 0.285645 54.406250 -3.105469 0.000000 0.000000 0.000000
    3 -6.280789 9.218061 6.976775 -1.017610 -0.942708 -0.114437
    4 0.000000 0.099715 8.360889 0.000000 -1.570796 0.000000
    5 0.000000 3.003861 1.610714 -1.570796 0.000000 1.570796
    6 0.000000 0.000000 0.000000 0.000000 -1.570796 0.000000
    7 4.042969 0.000000 0.000000 0.000000 0.000000 -0.078758
    8 3.995838 0.000000 0.000000 0.000000 0.000000 0.076519
    9 3.698238 0.000000 0.000000 0.000000 0.000000 0.238301
    10 5.700886 0.000000 0.000000 0.000000 0.000000 0.495179
    11 -7.403705 3.103527 0.371059 0.543276 -1.275397 -2.482790
    12 5.507359 0.000004 0.000001 -1.049824 -0.397982 -1.285481
    13 10.907391 0.000000 0.000004 0.254470 -0.229203 -1.133160
    14 10.424316 -0.000007 -0.000031 1.479229 -0.342383 -0.052885
    15 2.997272 0.005413 -1.477472 0.286511 -0.050477 -0.650461
    16 1.510380 -0.000002 0.000000 0.072010 -0.012858 -0.891830
    17 0.808647 0.000001 0.000000 0.046198 -0.177705 -0.861579
    18 3.305794 0.203110 -0.546729 0.146337 0.120110 -0.673357
    19 1.807177 0.000000 0.000000 0.012055 -0.101777 -1.183209
    20 0.966141 -0.000001 0.000000 -0.003500 -0.006392 -0.767940
    21 3.571516 0.109303 0.409580 0.093172 0.176210 -0.995124
    22 2.150654 0.000000 0.000000 -0.009582 -0.067753 -1.184717
    23 1.152744 0.000001 0.000000 -0.025265 0.000085 -1.098545
    24 3.684093 -0.158703 1.419181 0.009578 0.296899 -0.902317
    25 1.701010 0.000000 0.000000 0.004250 0.081934 -1.300964
    26 0.994709 0.000002 0.000000 -0.014902 0.035587 -0.462877
    27 1.068075 -1.287205 0.981903 2.068206 -0.124065 -0.600829
    28 1.836302 0.000003 -0.000002 -0.003687 0.139064 -0.385176
    29 1.223946 -0.000001 0.000000 0.029851 -0.027589 -0.628674
    30 -4.750000 1.226563 -3.570313 -1.763549 1.041139 3.026509
    31 5.507362 -0.000008 -0.000001 -0.121539 1.509074 -1.600770
    32 10.907394 0.000001 -0.000008 0.522759 0.496441 -0.872442
    33 10.424301 -0.000005 0.000015 -0.616326 0.144253 0.182863
    34 2.997293 0.000065 1.477481 0.192798 0.058961 -0.200998
    35 1.510380 -0.000002 0.000000 -0.000330 -0.020195 -1.183561
    36 0.808651 0.000000 0.000000 -0.153483 0.046602 -1.271586
    37 3.305807 0.201134 0.547461 -0.175808 0.028638 -0.707519
    38 1.807178 -0.000002 0.000000 0.088278 0.098052 -1.361328
    39 0.966137 -0.000001 0.000000 0.008253 -0.005737 -1.448820
    40 3.571524 0.110785 -0.409182 -0.280349 0.005231 -0.808429
    41 2.150660 0.000002 0.000000 -0.032774 0.097662 -1.812899
    42 1.152756 0.000000 0.000000 0.006858 -0.010050 -0.912005
    43 3.684111 -0.153564 -1.419746 -0.068354 0.064613 -0.408612
    44 1.701017 0.000004 0.000000 -0.007906 -0.081664 -1.256224
    45 0.994705 0.000000 0.000000 0.038450 -0.003162 -1.554987
    46 1.068094 -1.283655 -0.986553 -2.694603 0.187766 -0.490546
    47 1.836308 -0.000001 0.000002 -0.062192 0.177654 -0.524082
    48 1.223946 -0.000001 0.000002 -0.033998 0.022278 -0.794608
    49 0.000000 1.945634 -1.740829 0.000000 0.000000 0.000000
    50 0.000000 1.092286 -2.833118 0.000000 0.000000 0.000000
    51 0.000000 1.945635 0.000000 0.000000 0.000000 0.000000
    52 0.000000 1.228824 1.706703 0.000000 0.000000 0.000000
    53 -22.828125 -40.343750 -27.640625 1.231834 -0.319588 -0.556892
    54 0.000000 -0.000002 3.037922 0.000000 0.000000 0.000000
    55 0.000000 -0.000002 3.857136 0.000000 0.000000 0.000000
    56 0.000000 -0.876005 0.000000 0.000000 0.000000 0.000000
    57 3.201996 0.000000 -0.000004 -0.723671 -0.104716 0.122176
    58 6.694000 0.000000 -0.000004 -0.158355 -0.104976 0.122277
    59 0.109995 -0.821001 -0.907000 -1.824293 0.317796 -0.474892
    60 3.357422 -0.030869 0.000021 1.396950 0.104718 0.122170
    61 6.867996 0.000000 0.000000 1.422929 0.104724 0.122157
    62 0.084999 -0.691999 1.011000 -1.495769 0.247805 2.697135
  time 26
    0 -0.999512 -2.000000 -55.000000 1.570792 0.000003 -0.000003
    1 0.000000 38.312500 -0.516602 1.570793 0.004436 1.570793
    2 0.285645 54.406250 -3.105469 0.000000 0.000000 0.000000
    3 -6.222193 9.218061 6.937712 -1.016030 -0.942133 -0.114870
    4 0.000000 0.099715 8.360889 0.000000 -1.570796 0.000000
    5 0.000000 3.003861 1.610714 -1.570796 0.000000 1.570796
    6 0.000000 0.000000 0.000000 0.000000 -1.570796 0.000000
    7 4.042969 0.000000 0.000000 0.000000 0.000000 -0.078758
    8 3.995838 0.000000 0.000000 0.000000 0.000000 0.076519
    9 3.698238 0.000000 0.000000 0.000000 0.000000 0.238301
    10 5.700886 0.000000 0.000000 0.000000 0.000000 0.495179
    11 -7.403705 3.103527 0.371059 0.530152 -1.274399 -2.469069
    12 5.507359 0.000004 0.000001 -1.045959 -0.397425 -1.290423
    13 10.907391 0.000000 0.000004 0.256850 -0.228992 -1.139630
    14 10.424316 -0.000007 -0.000031 1.479085 -0.342712 -0.046106
    15 2.997272 0.005413 -1.477472 0.286511 -0.050477 -0.650461
    16 1.510380 -0.000002 0.000000 0.072010 -0.012858 -0.891830
    17 0.808647 0.000001 0.000000 0.046198 -0.177705 -0.861579
    18 3.305794 0.203110 -0.546729 0.146337 0.120110 -0.673357
    19 1.807177 0.000000 0.000000 0.012055 -0.101777 -1.183209
    20 0.966141 -0.000001 0.000000 -0.003500 -0.006392 -0.767940
    21 3.571516 0.109303 0.409580 0.093172 0.176210 -0.995124
    22 2.150654 0.000000 0.000000 -0.009582 -0.067753 -1.184717
    23 1.152744 0.000001 0.000000 -0.025265 0.000085 -1.098545
    24 3.684093 -0.158703 1.419181 0.009578 0.296899 -0.902317
    25 1.701010 0.000000 0.000000 0.004250 0.081934 -1.300964
    26 0.994709 0.000002 0.000000 -0.014902 0.035587 -0.462877
    27 1.068075 -1.287205 0.981903 2.068206 -0.124065 -0.600829
    28 1.836302 0.000003 -0.000002 -0.003687 0.139064 -0.385176
    29 1.223946 -0.000001 0.000000 0.029851 -0.027589 -0.628674
    30 -4.750000 1.226563 -3.570313 -1.763549 1.041139 3.026509
    31 5.507362 -0.000008 -0.000001 -0.086754 1.512472 -1.568139
    32 10.907394 0.000001 -0.000008 0.522188 0.495280 -0.877742
    33 10.424301 -0.000005 0.000015 -0.615704 0.142607 0.187275
    34 2.997293 0.000065 1.477481 0.192798 0.058961 -0.200986
    35 1.510380 -0.000002 0.000000 -0.000330 -0.020195 -1.183561
    36 0.808651 0.000000 0.000000 -0.153483 0.046602 -1.271586
    37 3.305807 0.201134 0.547461 -0.175808 0.028638 -0.707519
    38 1.807178 -0.000002 0.000000 0.088278 0.098052 -1.361328
    39 0.966137 -0.000001 0.000000 0.008253 -0.005737 -1.448820
    40 3.571524 0.110785 -0.409182 -0.280349 0.005231 -0.808429
    41 2.150660 0.000002 0.000000 -0.032774 0.097662 -1.812899
    42 1.152756 0.000000 0.000000 0.006858 -0.010050 -0.912005
    43 3.684111 -0.153564 -1.419746 -0.068354 0.064613 -0.408612
    44 1.701017 0.000004 0.000000 -0.007906 -0.081664 -1.256224
    45 0.994705 0.000000 0.000000 0.038450 -0.003162 -1.554987
    46 1.068094 -1.283655 -0.986553 -2.694603 0.187766 -0.490546
    47 1.836308 -0.000001 0.000002 -0.062192 0.177654 -0.524082
    48 1.223946 -0.000001 0.000002 -0.033998 0.022278 -0.794608
    49 0.000000 1.945634 -1.740829 0.000000 0.000000 0.000000
    50 0.000000 1.092286 -2.833118 0.000000 0.000000 0.000000
    51 0.000000 1.945635 0.000000 0.000000 0.000000 0.000000
    52 0.000000 1.228824 1.706703 0.000000 0.000000 0.000000
    53 -22.828125 -40.343750 -27.640625 1.231834 -0.319588 -0.556892
    54 0.000000 -0.000002 3.037922 0.000000 0.000000 0.000000
    55 0.000000 -0.000002 3.857136 0.000000 0.000000 0.000000
    56 0.000000 -0.876005 0.000000 0.000000 0.000000 0.000000
    57 3.201996 0.000000 -0.000004 -0.723671 -0.104716 0.122176
    58 6.694000 0.000000 -0.000004 -0.158355 -0.104976 0.122277
    59 0.109995 -0.821001 -0.907000 -1.824293 0.317796 -0.474892
    60 3.357422 -0.030869 0.000021 1.396950 0.104718 0.122170
    61 6.867996 0.000000 0.000000 1.422929 0.104724 0.122157
    62 0.084999 -0.691999 1.011000 -1.495769 0.247805 2.697135
  time 27
    0 -0.999512 -2.000000 -55.000000 1.570792 0.000003 -0.000003
    1 0.000000 38.312500 -0.516602 1.570793 0.004436 1.570793
    2 0.285645 54.406250 -3.105469 0.000000 0.000000 0.000000
    3 -6.159691 9.218061 6.898648 -1.014265 -0.940756 -0.116513
    4 0.000000 0.099715 8.360889 0.000000 -1.570796 0.000000
    5 0.000000 3.003861 1.610714 -1.570796 0.000000 1.570796
    6 0.000000 0.000000 0.000000 0.000000 -1.570796 0.000000
    7 4.042969 0.000000 0.000000 0.000000 0.000000 -0.078758
    8 3.995838 0.000000 0.000000 0.000000 0.000000 0.076519
    9 3.698238 0.000000 0.000000 0.000000 0.000000 0.238301
    10 5.700886 0.000000 0.000000 0.000000 0.000000 0.495179
    11 -7.403705 3.103527 0.371059 0.518369 -1.273268 -2.456491
    12 5.507359 0.000004 0.000001 -1.042020 -0.396868 -1.295079
    13 10.907391 0.000000 0.000004 0.259997 -0.229456 -1.146562
    14 10.424316 -0.000007 -0.000031 1.479157 -0.343495 -0.039795
    15 2.997272 0.005413 -1.477472 0.286511 -0.050477 -0.650461
    16 1.510380 -0.000002 0.000000 0.072010 -0.012858 -0.891830
    17 0.808647 0.000001 0.000000 0.046198 -0.177705 -0.861579
    18 3.305794 0.203110 -0.546729 0.146337 0.120110 -0.673357
    19 1.807177 0.000000 0.000000 0.012055 -0.101777 -1.183209
    20 0.966141 -0.000001 0.000000 -0.003500 -0.006392 -0.767940
    21 3.571516 0.109303 0.409580 0.093172 0.176210 -0.995124
    22 2.150654 0.000000 0.000000 -0.009582 -0.067753 -1.184717
    23 1.152744 0.000001 0.000000 -0.025265 0.000085 -1.098545
    24 3.684093 -0.158703 1.419181 0.009578 0.296899 -0.902317
    25 1.701010 0.000000 0.000000 0.004250 0.081934 -1.300964
    26 0.994709 0.000002 0.000000 -0.014902 0.035587 -0.462877
    27 1.068075 -1.287205 0.981903 2.068206 -0.124065 -0.600829
    28 1.836302 0.000003 -0.000002 -0.003687 0.139064 -0.385176
    29 1.223946 -0.000001 0.000000 0.029851 -0.027589 -0.628674
    30 -4.750000 1.226563 -3.570313 -1.763549 1.041139 3.026509
    31 5.507362 -0.000008 -0.000001 -0.030040 1.515828 -1.513690
    32 10.907394 0.000001 -0.000008 0.521426 0.493607 -0.884922
    33 10.424301 -0.000005 0.000015 -0.615030 0.141410 0.190912
    34 2.997293 0.000065 1.477481 0.192798 0.058961 -0.200986
    35 1.510380 -0.000002 0.000000 -0.000330 -0.020195 -1.183561
    36 0.808651 0.000000 0.000000 -0.153483 0.046602 -1.271586
    37 3.305807 0.201134 0.547461 -0.175808 0.028638 -0.707519
    38 1.807178 -0.000002 0.000000 0.088278 0.098052 -1.361328
    39 0.966137 -0.000001 0.000000 0.008253 -0.005737 -1.448820
    40 3.571524 0.110785 -0.409182 -0.280349 0.005231 -0.808429
    41 2.150660 0.000002 0.000000 -0.032774 0.097662 -1.812899
    42 1.152756 0.000000 0.000000 0.006858 -0.010050 -0.912005
    43 3.684111 -0.153564 -1.419746 -0.068354 0.064613 -0.408612
    44 1.701017 0.000004 0.000000 -0.007906 -0.081664 -1.256224
    45 0.994705 0.000000 0.000000 0.038450 -0.003162 -1.554987
    46 1.068094 -1.283655 -0.986553 -2.694603 0.187766 -0.490546
    47 1.836308 -0.000001 0.000002 -0.062192 0.177654 -0.524082
    48 1.223946 -0.000001 0.000002 -0.033998 0.022278 -0.794608
    49 0.000000 1.945634 -1.740829 0.000000 0.000000 0.000000
    50 0.000000 1.092286 -2.833118 0.000000 0.000000 0.000000
    51 0.000000 1.945635 0.000000 0.000000 0.000000 0.000000
    52 0.000000 1.228824 1.706703 0.000000 0.000000 0.000000
    53 -22.828125 -40.343750 -27.640625 1.231834 -0.319588 -0.556892
    54 0.000000 -0.000002 3.037922 0.000000 0.000000 0.000000
    55 0.000000 -0.000002 3.857136 0.000000 0.000000 0.000000
    56 0.000000 -0.876005 0.000000 0.000000 0.000000 0.000000
    57 3.201996 0.000000 -0.000004 -0.723671 -0.104716 0.122176
    58 6.694000 0.000000 -0.000004 -0.158355 -0.104976 0.122277
    59 0.109995 -0.821001 -0.907000 -1.824293 0.317796 -0.474892
    60 3.357422 -0.030869 0.000021 1.396950 0.104718 0.122170
    61 6.867996 0.000000 0.000000 1.422929 0.104724 0.122157
    62 0.084999 -0.691999 1.011000 -1.495769 0.247805 2.697135
  time 28
    0 -0.999512 -2.000000 -55.000000 1.570792 0.000003 -0.000003
    1 0.000000 38.312500 -0.516602 1.570793 0.004436 1.570793
    2 0.285645 54.406250 -3.105469 0.000000 0.000000 0.000000
    3 -6.097190 9.218061 6.867397 -1.012592 -0.938976 -0.119454
    4 0.000000 0.099715 8.360889 0.000000 -1.570796 0.000000
    5 0.000000 3.003861 1.610714 -1.570796 0.000000 1.570796
    6 0.000000 0.000000 0.000000 0.000000 -1.570796 0.000000
    7 4.042969 0.000000 0.000000 0.000000 0.000000 -0.078758
    8 3.995838 0.000000 0.000000 0.000000 0.000000 0.076519
    9 3.698238 0.000000 0.000000 0.000000 0.000000 0.238301
    10 5.700886 0.000000 0.000000 0.000000 0.000000 0.495179
    11 -7.403705 3.103527 0.371059 0.510322 -1.271937 -2.447630
    12 5.507359 0.000004 0.000001 -1.038601 -0.396357 -1.298975
    13 10.907391 0.000000 0.000004 0.263375 -0.230594 -1.153217
    14 10.424316 -0.000007 -0.000031 1.479492 -0.344606 -0.035035
    15 2.997272 0.005413 -1.477472 0.286511 -0.050477 -0.650461
    16 1.510380 -0.000002 0.000000 0.072010 -0.012858 -0.891830
    17 0.808647 0.000001 0.000000 0.046198 -0.177705 -0.861579
    18 3.305794 0.203110 -0.546729 0.146337 0.120110 -0.673357
    19 1.807177 0.000000 0.000000 0.012055 -0.101777 -1.183209
    20 0.966141 -0.000001 0.000000 -0.003500 -0.006392 -0.767940
    21 3.571516 0.109303 0.409580 0.093172 0.176210 -0.995124
    22 2.150654 0.000000 0.000000 -0.009582 -0.067753 -1.184717
    23 1.152744 0.000001 0.000000 -0.025265 0.000085 -1.098545
    24 3.684093 -0.158703 1.419181 0.009578 0.296899 -0.902317
    25 1.701010 0.000000 0.000000 0.004250 0.081934 -1.300964
    26 0.994709 0.000002 0.000000 -0.014902 0.035587 -0.462877
    27 1.068075 -1.287205 0.981903 2.068206 -0.124065 -0.600829
    28 1.836302 0.000003 -0.000002 -0.003687 0.139064 -0.385176
    29 1.223946 -0.000001 0.000000 0.029851 -0.027589 -0.628674
    30 -4.750000 1.226563 -3.570313 -1.763549 1.041139 3.026509
    31 5.507362 -0.000008 -0.000001 0.051912 1.518177 -1.433787
    32 10.907394 0.000001 -0.000008 0.519522 0.492539 -0.894666
    33 10.424301 -0.000005 0.000015 -0.614511 0.141148 0.194124
    34 2.997293 0.000065 1.477481 0.192798 0.058961 -0.200998
    35 1.510380 -0.000002 0.000000 -0.000330 -0.020195 -1.183561
    36 0.808651 0.000000 0.000000 -0.153483 0.046602 -1.271586
    37 3.305807 0.201134 0.547461 -0.175808 0.028638 -0.707519
    38 1.807178 -0.000002 0.000000 0.088278 0.098052 -1.361328
    39 0.966137 -0.000001 0.000000 0.008253 -0.005737 -1.448820
    40 3.571524 0.110785 -0.409182 -0.280349 0.005231 -0.808429
    41 2.150660 0.000002 0.000000 -0.032774 0.097662 -1.812899
    42 1.152756 0.000000 0.000000 0.006858 -0.010050 -0.912005
    43 3.684111 -0.153564 -1.419746 -0.068354 0.064613 -0.408612
    44 1.701017 0.000004 0.000000 -0.007906 -0.081664 -1.256224
    45 0.994705 0.000000 0.000000 0.038450 -0.003162 -1.554987
    46 1.068094 -1.283655 -0.986553 -2.694634 0.187766 -0.490546
    47 1.836308 -0.000001 0.000002 -0.062192 0.177654 -0.524082
    48 1.223946 -0.000001 0.000002 -0.033998 0.022278 -0.794608
    49 0.000000 1.945634 -1.740829 0.000000 0.000000 0.000000
    50 0.000000 1.092286 -2.833118 0.000000 0.000000 0.000000
    51 0.000000 1.945635 0.000000 0.000000 0.000000 0.000000
    52 0.000000 1.228824 1.706703 0.000000 0.000000 0.000000
    53 -22.828125 -40.343750 -27.640625 1.231834 -0.319588 -0.556892
    54 0.000000 -0.000002 3.037922 0.000000 0.000000 0.000000
    55 0.000000 -0.000002 3.857136 0.000000 0.000000 0.000000
    56 0.000000 -0.876005 0.000000 0.000000 0.000000 0.000000
    57 3.201996 0.000000 -0.000004 -0.723671 -0.104716 0.122176
    58 6.694000 0.000000 -0.000004 -0.158355 -0.104976 0.122277
    59 0.109995 -0.821001 -0.907000 -1.824293 0.317796 -0.474892
    60 3.357422 -0.030869 0.000021 1.396950 0.104718 0.122170
    61 6.867996 0.000000 0.000000 1.422929 0.104724 0.122157
    62 0.084999 -0.691999 1.011000 -1.495769 0.247805 2.697135
  time 29
    0 -0.999512 -2.000000 -55.000000 1.570792 0.000003 -0.000003
    1 0.000000 38.312500 -0.516602 1.570793 0.004436 1.570793
    2 0.285645 54.406250 -3.105469 0.000000 0.000000 0.000000
    3 -6.046407 9.218061 6.840052 -1.011384 -0.937253 -0.123951
    4 0.000000 0.099715 8.360889 0.000000 -1.570796 0.000000
    5 0.000000 3.003861 1.610714 -1.570796 0.000000 1.570796
    6 0.000000 0.000000 0.000000 0.000000 -1.570796 0.000000
    7 4.042969 0.000000 0.000000 0.000000 0.000000 -0.078758
    8 3.995838 0.000000 0.000000 0.000000 0.000000 0.076519
    9 3.698238 0.000000 0.000000 0.000000 0.000000 0.238301
    10 5.700886 0.000000 0.000000 0.000000 0.000000 0.495179
    11 -7.403705 3.103527 0.371059 0.508119 -1.270540 -2.444390
    12 5.507359 0.000004 0.000001 -1.036148 -0.395939 -1.301255
    13 10.907391 0.000000 0.000004 0.266829 -0.232281 -1.158947
    14 10.424316 -0.000007 -0.000031 1.480116 -0.346020 -0.033052
    15 2.997272 0.005413 -1.477472 0.048713 0.112753 -0.654673
    16 1.510380 -0.000002 0.000000 0.102019 -0.018587 -1.050086
    17 0.808647 0.000001 0.000000 0.074505 -0.167926 -1.025841
    18 3.305794 0.203110 -0.546729 0.146337 0.120110 -0.673357
    19 1.807177 0.000000 0.000000 0.012055 -0.101777 -1.183209
    20 0.966141 -0.000001 0.000000 -0.003500 -0.006392 -0.767940
    21 3.571516 0.109303 0.409580 0.093172 0.176210 -0.995124
    22 2.150654 0.000000 0.000000 -0.009582 -0.067753 -1.184717
    23 1.152744 0.000001 0.000000 -0.025265 0.000085 -1.098545
    24 3.684093 -0.158703 1.419181 0.009578 0.296899 -0.902317
    25 1.701010 0.000000 0.000000 0.004250 0.081934 -1.300964
    26 0.994709 0.000002 0.000000 -0.014902 0.035587 -0.462877
    27 1.068075 -1.287205 0.981903 2.068206 -0.124065 -0.600829
    28 1.836302 0.000003 -0.000002 -0.003687 0.139064 -0.385176
    29 1.223946 -0.000001 0.000000 0.029851 -0.027589 -0.628674
    30 -4.750000 1.226563 -3.570313 -1.763549 1.041139 3.026509
    31 5.507362 -0.000008 -0.000001 0.153052 1.518512 -1.333980
    32 10.907394 0.000001 -0.000008 0.515523 0.493003 -0.907488
    33 10.424301 -0.000005 0.000015 -0.614356 0.142120 0.197065
    34 2.997293 0.000065 1.477481 0.192798 0.058961 -0.200998
    35 1.510380 -0.000002 0.000000 -0.000330 -0.020195 -1.183561
    36 0.808651 0.000000 0.000000 -0.153483 0.046602 -1.271586
    37 3.305807 0.201134 0.547461 -0.175808 0.028638 -0.707519
    38 1.807178 -0.000002 0.000000 0.088278 0.098052 -1.361328
    39 0.966137 -0.000001 0.000000 0.008253 -0.005737 -1.448820
    40 3.571524 0.110785 -0.409182 -0.280349 0.005231 -0.808429
    41 2.150660 0.000002 0.000000 -0.032774 0.097662 -1.812899
    42 1.152756 0.000000 0.000000 0.006858 -0.010050 -0.912005
    43 3.684111 -0.153564 -1.419746 -0.068354 0.064613 -0.408612
    44 1.701017 0.000004 0.000000 -0.007906 -0.081664 -1.256224
    45 0.994705 0.000000 0.000000 0.038450 -0.003162 -1.554987
    46 1.068094 -1.283655 -0.986553 -2.694603 0.187766 -0.490546
    47 1.836308 -0.000001 0.000002 -0.062192 0.177654 -0.524082
    48 1.223946 -0.000001 0.000002 -0.033998 0.022278 -0.794608
    49 0.000000 1.945634 -1.740829 0.000000 0.000000 0.000000
    50 0.000000 1.092286 -2.833118 0.000000 0.000000 0.000000
    51 0.000000 1.945635 0.000000 0.000000 0.000000 0.000000
    52 0.000000 1.228824 1.706703 0.000000 0.000000 0.000000
    53 -22.828125 -40.343750 -27.640625 1.231834 -0.319588 -0.556892
    54 0.000000 -0.000002 3.037922 0.000000 0.000000 0.000000
    55 0.000000 -0.000002 3.857136 0.000000 0.000000 0.000000
    56 0.000000 -0.876005 0.000000 0.000000 0.000000 0.000000
    57 3.201996 0.000000 -0.000004 -0.723671 -0.104716 0.122176
    58 6.694000 0.000000 -0.000004 -0.158355 -0.104976 0.122277
    59 0.109995 -0.821001 -0.907000 -1.824293 0.317796 -0.474892
    60 3.357422 -0.030869 0.000021 1.396950 0.104718 0.122170
    61 6.867996 0.000000 0.000000 1.422929 0.104724 0.122157
    62 0.084999 -0.691999 1.011000 -1.495769 0.247805 2.697135
end
