// Created by Crowbar 0.74
version 1
nodes
  0 "ValveBiped.Bip01_Pelvis" -1
  1 "ValveBiped.Bip01_Spine" 0
  2 "ValveBiped.Bip01_Spine1" 1
  3 "ValveBiped.Bip01_Spine2" 2
  4 "ValveBiped.Bip01_Spine4" 3
  5 "ValveBiped.Bip01_Neck1" 4
  6 "ValveBiped.Bip01_Head1" 5
  7 "ValveBiped.forward" 6
  8 "ValveBiped.Bip01_R_Eye" 6
  9 "ValveBiped.Bip01_L_Eye" 6
  10 "ValveBiped.Bip01_L_Clavicle" 4
  11 "ValveBiped.Bip01_L_UpperArm" 10
  12 "ValveBiped.Bip01_L_Forearm" 11
  13 "ValveBiped.Bip01_L_Ulna" 12
  14 "ValveBiped.Bip01_L_Wrist" 12
  15 "ValveBiped.Bip01_L_Hand" 12
  16 "ValveBiped.Bip01_L_Finger3" 15
  17 "ValveBiped.Bip01_L_Finger31" 16
  18 "ValveBiped.Bip01_L_Finger32" 17
  19 "ValveBiped.Bip01_L_Finger2" 15
  20 "ValveBiped.Bip01_L_Finger21" 19
  21 "ValveBiped.Bip01_L_Finger22" 20
  22 "ValveBiped.Bip01_L_Finger1" 15
  23 "ValveBiped.Bip01_L_Finger11" 22
  24 "ValveBiped.Bip01_L_Finger12" 23
  25 "ValveBiped.Bip01_L_Finger4" 15
  26 "ValveBiped.Bip01_L_Finger41" 25
  27 "ValveBiped.Bip01_L_Finger42" 26
  28 "ValveBiped.Bip01_L_Finger0" 15
  29 "ValveBiped.Bip01_L_Finger01" 28
  30 "ValveBiped.Bip01_L_Finger02" 29
  31 "ValveBiped.Bip01_L_Trapezius" 10
  32 "ValveBiped.Bip01_R_Clavicle" 4
  33 "ValveBiped.Bip01_R_UpperArm" 32
  34 "ValveBiped.Bip01_R_Forearm" 33
  35 "ValveBiped.Bip01_R_Hand" 34
  36 "ValveBiped.Bip01_R_Finger2" 35
  37 "ValveBiped.Bip01_R_Finger21" 36
  38 "ValveBiped.Bip01_R_Finger22" 37
  39 "ValveBiped.Bip01_R_Finger1" 35
  40 "ValveBiped.Bip01_R_Finger11" 39
  41 "ValveBiped.Bip01_R_Finger12" 40
  42 "ValveBiped.Bip01_R_Finger3" 35
  43 "ValveBiped.Bip01_R_Finger31" 42
  44 "ValveBiped.Bip01_R_Finger32" 43
  45 "ValveBiped.Bip01_R_Finger4" 35
  46 "ValveBiped.Bip01_R_Finger41" 45
  47 "ValveBiped.Bip01_R_Finger42" 46
  48 "ValveBiped.Bip01_R_Finger0" 35
  49 "ValveBiped.Bip01_R_Finger01" 48
  50 "ValveBiped.Bip01_R_Finger02" 49
  51 "ValveBiped.Bip01_R_Wrist" 34
  52 "ValveBiped.Bip01_R_Ulna" 34
  53 "ValveBiped.Bip01_R_Trapezius" 32
  54 "ValveBiped.Bip01_L_Thigh" 0
  55 "ValveBiped.Bip01_L_Calf" 54
  56 "ValveBiped.Bip01_L_Foot" 55
  57 "ValveBiped.Bip01_L_Toe0" 56
  58 "ValveBiped.Bip01_L_Ankle" 55
  59 "ValveBiped.Bip01_R_Thigh" 0
  60 "ValveBiped.Bip01_R_Calf" 59
  61 "ValveBiped.Bip01_R_Foot" 60
  62 "ValveBiped.Bip01_R_Toe0" 61
  63 "ValveBiped.Bip01_R_Ankle" 60
  64 "j_hair_r_01" 6
  65 "j_hair_r_02" 64
  66 "j_hair_r_03" 65
  67 "j_hair_l_01" 6
  68 "j_hair_l_02" 67
  69 "j_hair_l_03" 68
  70 "j_hair_l_04" 69
  71 "j_hair_l_05" 70
  72 "j_hair_f_01" 6
  73 "j_hair_f_02" 72
  74 "j_hair_b_01" 6
  75 "j_hair_b_02" 74
  76 "j_hair_b_03" 75
  77 "j_hair_b_04" 76
  78 "j_hair_bl_01" 74
  79 "j_hair_bl_02" 78
  80 "j_hair_br_01" 74
  81 "j_hair_br_02" 80
  82 "j_hair_br_03" 74
  83 "j_hair_br_04" 82
  84 "j_hair_bl_03" 74
  85 "j_hair_bl_04" 84
  86 "p_skirt_e_helper" 54
  87 "p_skirt_e_01" 86
  88 "p_skirt_e_02" 87
  89 "p_skirt_se_helper" 54
  90 "p_skirt_se_01" 89
  91 "p_skirt_se_02" 90
  92 "p_skirt_w_helper" 59
  93 "p_skirt_w_01" 92
  94 "p_skirt_w_02" 93
  95 "p_skirt_sw_helper" 59
  96 "p_skirt_sw_01" 95
  97 "p_skirt_sw_02" 96
  98 "p_skirt_n_helper" 0
  99 "p_skirt_n_01" 98
  100 "p_skirt_n_02" 99
  101 "p_skirt_nw_helper" 0
  102 "p_skirt_nw_01" 101
  103 "p_skirt_nw_02" 102
  104 "p_skirt_ne_helper" 0
  105 "p_skirt_ne_01" 104
  106 "p_skirt_ne_02" 105
  107 "p_sleeve_l_01" 12
  108 "p_sleeve_l_02" 107
  109 "p_sleeve_l_03" 108
  110 "ValveBiped.Bip01_L_Elbow" 11
  111 "p_sleeve_r_01" 34
  112 "p_sleeve_r_02" 111
  113 "p_sleeve_r_03" 112
  114 "ValveBiped.Bip01_R_Elbow" 33
  115 "ValveBiped.Exp_Jaw" 6
  116 "ValveBiped.Exp_Eyebrows" 6
  117 "ValveBiped.Exp_Eyelids_Upper" 6
  118 "ValveBiped.Exp_LipsUpper" 6
end
skeleton
  time 0
    0 -0.012192 -0.737503 37.904503 1.570796 0.000000 0.000000
    1 0.000004 1.780952 -1.572807 1.570796 -0.010522 1.570812
    2 3.571568 0.000007 0.000055 0.000002 -0.000018 -0.112607
    3 3.367264 -0.000014 -0.000010 0.000000 0.000003 -0.012644
    4 7.619949 0.069456 -0.000002 0.000000 0.000002 0.155812
    5 2.352242 0.024923 0.000004 3.141590 -0.000004 0.227056
    6 3.211864 0.000010 0.000008 0.000000 0.000004 0.110999
    7 -0.000004 0.000000 0.000000 -1.570790 -0.000001 -1.323624
    8 2.942589 -0.168736 1.373597 1.570896 -1.554009 0.174494
    9 2.951084 -0.167233 -1.326224 -1.570799 -1.507879 -2.967001
    10 1.883522 0.844616 1.900872 1.638349 -1.334134 2.900133
    11 2.974380 0.045948 0.084272 -1.438305 0.093050 -0.481151
    12 9.383965 0.000000 -0.000011 0.002964 -0.045846 -0.039703
    13 4.197485 0.000034 0.000015 -0.030886 -0.000001 0.000005
    14 8.394954 0.000068 -0.000004 -0.057558 -0.000001 0.000007
    15 8.394958 0.000067 0.000011 1.505406 -0.038597 0.036303
    16 3.192090 0.174255 -0.464076 0.068895 -0.044917 -0.258021
    17 1.256601 -0.053253 -0.077846 0.042615 0.057692 0.125586
    18 0.732945 0.000008 -0.000005 0.249842 -0.099377 -0.203706
    19 3.245904 0.086468 0.146991 0.142335 -0.052334 -0.171462
    20 1.472800 -0.052139 -0.073872 -0.036119 0.039214 0.053667
    21 0.814632 0.000019 -0.000006 -0.001248 -0.005676 -0.098996
    22 3.257688 -0.043205 0.699123 0.302879 -0.149214 -0.102527
    23 1.150517 -0.055355 -0.057840 -0.020784 0.084747 -0.150765
    24 0.889769 0.024048 -0.032713 0.022996 0.020221 0.074277
    25 2.976647 -0.125778 -1.194674 0.214224 -0.120068 -0.106174
    26 0.899958 -0.046112 -0.020475 -0.409256 0.077782 -0.086168
    27 0.519157 0.000000 -0.000005 0.194188 -0.012833 -0.056701
    28 1.082934 -0.343487 0.642813 -0.074761 -0.826036 -0.527881
    29 1.063538 0.000004 -0.000013 -0.169025 0.043735 0.104422
    30 0.839827 0.000008 -0.000008 -0.319728 0.108344 -0.014836
    31 2.311729 0.045982 0.084272 -0.000001 -0.000002 0.000002
    32 1.883533 0.844621 -1.927183 -1.710131 1.334135 2.900095
    33 2.849922 0.005611 -0.083995 1.498786 -0.056956 -0.431358
    34 9.511890 -0.008060 0.434429 -0.000704 -0.008665 -0.041731
    35 8.464424 0.000078 0.000031 -1.502003 0.039099 0.029848
    36 3.090566 0.038235 -0.071615 -0.093264 0.021102 -0.119216
    37 1.301060 0.012943 -0.047763 0.084540 0.001868 -0.292336
    38 0.976051 0.040375 0.058751 -0.007846 -0.008324 0.252462
    39 3.099706 -0.100555 -0.632339 -0.299496 0.127600 -0.118577
    40 1.307212 -0.017284 0.064596 0.001275 -0.065000 -0.155370
    41 0.765945 -0.000019 -0.000010 0.041273 -0.100696 0.112506
    42 3.038945 0.134224 0.694636 -0.175267 0.080286 -0.179111
    43 1.184649 -0.001591 -0.000535 -0.004426 -0.045744 -0.074527
    44 0.762939 -0.000008 0.000005 -0.081634 0.016451 -0.018053
    45 2.920497 0.008450 1.209888 -0.144883 -0.034654 -0.248813
    46 0.746391 -0.020584 0.022526 -0.275119 0.134565 0.055074
    47 0.611738 0.006821 -0.017462 -0.005666 -0.131227 -0.068402
    48 1.079818 -0.412884 -0.682626 1.804305 0.759704 -0.503169
    49 1.082531 0.000015 -0.000004 0.227049 0.055400 0.089624
    50 0.854822 0.000011 -0.000013 0.020409 0.073846 -0.178569
    51 8.464424 0.000078 0.000031 0.065178 0.000000 0.000005
    52 4.232212 0.000040 0.000031 0.034933 -0.000001 0.000012
    53 2.187280 0.005611 -0.083997 0.000002 -0.000003 0.000006
    54 3.708055 -0.000004 -0.000003 -1.570796 0.031078 -1.611082
    55 15.395996 -0.008405 0.011010 -0.000001 -0.017306 0.051661
    56 18.806454 -0.102108 0.046136 0.008989 -0.076839 -1.230074
    57 5.886008 -0.000038 -0.000001 -0.011147 0.000933 -0.500519
    58 17.653553 -0.154161 0.043002 0.000000 0.000000 0.000009
    59 -3.708055 0.000008 0.000006 -1.571276 0.031101 -1.528219
    60 15.395952 -0.008500 -0.011642 0.000000 0.017924 0.051651
    61 18.806322 -0.102044 -0.049196 -0.013288 0.048300 -1.233150
    62 5.886013 -0.000030 0.000001 -0.078651 -0.006187 -0.498958
    63 17.653444 -0.154087 -0.046152 0.000000 0.000000 0.000018
    64 4.421234 -1.909433 3.664769 3.141592 0.112307 -3.069556
    65 4.683990 -0.000006 -0.000004 -0.134755 0.028067 -0.819478
    66 5.457752 0.000000 0.000001 0.000000 0.000000 0.166867
    67 4.655739 -2.001987 -3.435415 -0.000004 -0.093366 -3.059263
    68 5.094978 0.000010 -0.000001 0.015926 0.131738 1.259732
    69 5.192093 0.000011 0.000001 -0.231381 0.186719 -0.577358
    70 5.436028 -0.000027 0.000000 0.000000 0.000000 -0.345645
    71 4.731808 0.000050 0.000013 0.000000 0.000004 0.024226
    72 7.119465 -3.152152 0.000008 -0.000002 0.000003 -2.873253
    73 2.814522 -0.000010 0.000001 0.000000 0.000000 -0.299676
    74 1.994446 4.870110 0.000036 -0.000003 -0.000001 2.703586
    75 5.899410 0.000000 0.000000 0.000000 0.000000 0.173268
    76 5.630051 0.000004 0.000000 0.000000 0.000000 0.094648
    77 6.220741 -0.000008 0.000000 0.000000 0.000000 -0.064082
    78 8.762157 1.396515 -4.498487 -0.088179 0.175130 0.143039
    79 7.805515 -0.000036 0.000004 0.000000 0.000000 0.299021
    80 8.773472 1.399586 4.506257 0.066745 -0.134472 0.150114
    81 7.649891 -0.000036 0.000000 -0.000004 0.000001 0.278252
    82 7.634960 2.571789 8.971975 0.080538 -0.180654 0.172939
    83 9.289852 0.000002 0.000000 0.000000 0.000000 0.000000
    84 7.430500 2.693256 -9.271917 -0.092283 0.194275 0.148132
    85 8.829094 0.000004 -0.000002 0.000000 0.000000 0.000000
    86 2.092999 0.672164 3.294092 -1.570799 -0.134118 -0.031070
    87 6.501244 -0.000061 -0.000051 -0.000001 0.000012 -0.124840
    88 4.914309 0.000014 0.000019 0.000000 -0.000006 -0.035448
    89 1.680313 -3.272567 1.085591 -3.139300 -0.203519 -0.042396
    90 6.521074 0.000082 -0.001007 0.000006 0.000326 0.047597
    91 5.665318 -0.000062 0.000978 -0.000018 -0.000008 0.100873
    92 2.401436 0.663985 -3.033963 -1.570310 0.159703 -0.031025
    93 6.517076 0.000028 0.000003 0.000001 0.000001 0.131589
    94 4.949772 0.000008 0.000008 0.000000 -0.000002 0.035688
    95 1.496819 -2.982049 -1.200154 -3.136176 0.209743 -0.086320
    96 6.295321 0.000034 -0.002542 -0.000006 0.000218 0.001380
    97 6.067177 -0.000014 -0.001135 0.000019 0.000194 0.100187
    98 0.000846 -1.981617 -5.161445 1.570798 0.025309 -1.570759
    99 6.021767 -0.000009 0.000225 0.000004 -0.000037 -0.093177
    100 6.446047 -0.000025 0.000004 0.000000 0.000000 -0.035055
    101 -4.396205 -2.128181 -4.230237 1.568945 -0.031832 -1.672958
    102 5.928001 0.000000 -0.000340 -0.000004 0.000021 -0.099913
    103 6.402657 0.000010 -0.000234 -0.000001 0.000034 -0.008503
    104 3.809694 -2.289825 -4.372345 1.582016 0.010754 -1.424340
    105 5.620354 0.000001 -0.002300 -0.000012 0.000438 -0.029025
    106 6.122751 0.000008 0.000180 0.000001 0.000111 0.001410
    107 2.997189 -0.699812 -1.344612 1.477404 1.101221 -0.034163
    108 4.303501 -0.000018 0.000016 0.000000 -0.000003 0.039016
    109 4.050243 0.000000 0.000002 0.000000 0.000004 -0.046205
    110 9.383974 0.000000 -0.000011 0.005469 -0.054332 -0.098913
    111 2.772804 -0.707625 1.379478 1.664898 -1.105226 -0.034011
    112 4.426392 0.000004 -0.000006 0.000000 0.000006 -0.070528
    113 4.084991 -0.000033 0.000020 0.000000 -0.000001 0.002461
    114 9.511890 -0.008060 0.434429 -0.000009 0.000001 -0.100055
    115 1.548061 0.004415 0.000000 0.000000 1.570795 -1.724259
    116 3.806152 0.213600 0.000000 0.000000 1.570795 -3.010492
    117 3.561836 -3.655075 -0.015467 0.000000 1.570795 2.971113
    118 1.108360 -0.293481 0.000000 0.000000 1.570795 3.002910
end
triangles
Hair_d
  6 3.920614 -2.822021 67.170113 0.832474 0.075502 -0.548896 0.678280 0.238770 1 6 1.000000
  6 3.865840 -2.723440 67.106987 0.406900 0.107149 -0.907167 0.671090 0.242780 1 6 1.000000
  6 3.865540 -2.630326 67.077660 0.361551 0.491486 -0.792289 0.668200 0.247820 1 6 1.000000
Hair_d
  6 3.393406 -3.564491 67.632698 0.373735 -0.892816 -0.251398 0.752160 0.224320 1 6 1.000000
  6 3.568464 -3.485945 67.583458 0.330391 -0.916427 -0.225840 0.739220 0.223210 1 6 1.000000
  6 3.604236 -3.518982 67.624031 0.445609 -0.895033 0.018692 0.738610 0.227110 1 6 1.000000
Hair_d
  6 3.748357 -3.444808 67.539825 0.510546 -0.859850 -0.000763 0.727100 0.225130 1 6 1.000000
  6 3.604236 -3.518982 67.624031 0.445609 -0.895033 0.018692 0.738610 0.227110 1 6 1.000000
  6 3.568464 -3.485945 67.583458 0.330391 -0.916427 -0.225840 0.739220 0.223210 1 6 1.000000
Hair_d
  6 3.568464 -3.485945 67.583458 0.330391 -0.916427 -0.225840 0.739220 0.223210 1 6 1.000000
  6 3.710284 -3.419938 67.502480 0.368113 -0.913654 -0.172422 0.727560 0.221700 1 6 1.000000
  6 3.748357 -3.444808 67.539825 0.510546 -0.859850 -0.000763 0.727100 0.225130 1 6 1.000000
Hair_d
  6 3.861739 -3.368030 67.451385 0.605930 -0.794110 -0.047301 0.717140 0.224220 1 6 1.000000
  6 3.748357 -3.444808 67.539825 0.510546 -0.859850 -0.000763 0.727100 0.225130 1 6 1.000000
  6 3.710284 -3.419938 67.502480 0.368113 -0.913654 -0.172422 0.727560 0.221700 1 6 1.000000
Hair_d
  6 3.710284 -3.419938 67.502480 0.368113 -0.913654 -0.172422 0.727560 0.221700 1 6 1.000000
  6 3.823434 -3.352827 67.416679 0.521960 -0.836823 -0.165181 0.717070 0.220970 1 6 1.000000
  6 3.861739 -3.368030 67.451385 0.605930 -0.794110 -0.047301 0.717140 0.224220 1 6 1.000000
Hair_d
  6 3.950051 -3.278450 67.387573 0.765449 -0.631290 -0.124742 0.708550 0.225170 1 6 1.000000
  6 3.861739 -3.368030 67.451385 0.605930 -0.794110 -0.047301 0.717140 0.224220 1 6 1.000000
  6 3.823434 -3.352827 67.416679 0.521960 -0.836823 -0.165181 0.717070 0.220970 1 6 1.000000
Hair_d
  6 3.950051 -3.278450 67.387573 0.765449 -0.631290 -0.124742 0.708550 0.225170 1 6 1.000000
  6 3.908112 -3.162034 67.545029 0.813040 -0.259608 0.521124 0.711680 0.238250 1 6 1.000000
  6 3.861739 -3.368030 67.451385 0.605930 -0.794110 -0.047301 0.717140 0.224220 1 6 1.000000
Hair_d
  6 3.908112 -3.162034 67.545029 0.813040 -0.259608 0.521124 0.711680 0.238250 1 6 1.000000
  6 3.950051 -3.278450 67.387573 0.765449 -0.631290 -0.124742 0.708550 0.225170 1 6 1.000000
  6 4.005730 -3.171669 67.338432 0.900097 -0.378641 -0.215535 0.701240 0.227740 1 6 1.000000
Hair_d
  6 3.983056 -2.980642 67.445816 0.939524 0.059842 0.337215 0.696880 0.242280 1 6 1.000000
  6 3.908112 -3.162034 67.545029 0.813040 -0.259608 0.521124 0.711680 0.238250 1 6 1.000000
  6 4.005730 -3.171669 67.338432 0.900097 -0.378641 -0.215535 0.701240 0.227740 1 6 1.000000
Hair_d
  6 4.022295 -3.042917 67.295387 0.935913 -0.113586 -0.333413 0.694150 0.231900 1 6 1.000000
  6 3.983056 -2.980642 67.445816 0.939524 0.059842 0.337215 0.696880 0.242280 1 6 1.000000
  6 4.005730 -3.171669 67.338432 0.900097 -0.378641 -0.215535 0.701240 0.227740 1 6 1.000000
Hair_d
  6 3.983056 -2.980642 67.445816 0.939524 0.059842 0.337215 0.696880 0.242280 1 6 1.000000
  6 4.022295 -3.042917 67.295387 0.935913 -0.113586 -0.333413 0.694150 0.231900 1 6 1.000000
  6 4.002192 -2.906098 67.245216 0.915555 0.058770 -0.397875 0.686740 0.236980 1 6 1.000000
Hair_d
  6 3.960086 -2.921768 67.222343 0.858685 -0.014495 -0.512298 0.684840 0.234650 1 6 1.000000
  6 4.002192 -2.906098 67.245216 0.915555 0.058770 -0.397875 0.686740 0.236980 1 6 1.000000
  6 4.022295 -3.042917 67.295387 0.935913 -0.113586 -0.333413 0.694150 0.231900 1 6 1.000000
Hair_d
  6 3.946051 -2.773580 67.169846 0.855241 0.102060 -0.508081 0.678090 0.242150 1 6 1.000000
  6 4.002192 -2.906098 67.245216 0.915555 0.058770 -0.397875 0.686740 0.236980 1 6 1.000000
  6 3.960086 -2.921768 67.222343 0.858685 -0.014495 -0.512298 0.684840 0.234650 1 6 1.000000
Hair_d
  6 3.960086 -2.921768 67.222343 0.858685 -0.014495 -0.512298 0.684840 0.234650 1 6 1.000000
  6 3.920614 -2.822021 67.170113 0.832474 0.075502 -0.548896 0.678280 0.238770 1 6 1.000000
  6 3.946051 -2.773580 67.169846 0.855241 0.102060 -0.508081 0.678090 0.242150 1 6 1.000000
Hair_d
  6 3.865540 -2.630326 67.077660 0.361551 0.491486 -0.792289 0.668200 0.247820 1 6 1.000000
  6 3.946051 -2.773580 67.169846 0.855241 0.102060 -0.508081 0.678090 0.242150 1 6 1.000000
  6 3.920614 -2.822021 67.170113 0.832474 0.075502 -0.548896 0.678280 0.238770 1 6 1.000000
Hair_d
  6 3.904012 -2.664530 67.337204 0.909581 0.413771 0.038147 0.682340 0.254850 1 6 1.000000
  6 3.946051 -2.773580 67.169846 0.855241 0.102060 -0.508081 0.678090 0.242150 1 6 1.000000
  6 3.865540 -2.630326 67.077660 0.361551 0.491486 -0.792289 0.668200 0.247820 1 6 1.000000
Hair_d
  6 3.865540 -2.630326 67.077660 0.361551 0.491486 -0.792289 0.668200 0.247820 1 6 1.000000
  6 3.824970 -2.515276 67.292061 0.346713 0.875116 -0.337583 0.675500 0.261730 1 6 1.000000
  6 3.904012 -2.664530 67.337204 0.909581 0.413771 0.038147 0.682340 0.254850 1 6 1.000000
Hair_d
  6 3.845006 -2.581252 67.496780 0.868554 0.429330 0.247566 0.687730 0.265590 1 6 1.000000
  6 3.904012 -2.664530 67.337204 0.909581 0.413771 0.038147 0.682340 0.254850 1 6 1.000000
  6 3.824970 -2.515276 67.292061 0.346713 0.875116 -0.337583 0.675500 0.261730 1 6 1.000000
Hair_d
  6 4.022295 -3.042917 67.295387 0.935913 -0.113586 -0.333413 0.694150 0.231900 1 6 1.000000
  6 3.977723 -3.044383 67.265358 0.877864 -0.143303 -0.456967 0.691980 0.229500 1 6 1.000000
  6 3.960086 -2.921768 67.222343 0.858685 -0.014495 -0.512298 0.684840 0.234650 1 6 1.000000
Hair_d
  6 3.977723 -3.044383 67.265358 0.877864 -0.143303 -0.456967 0.691980 0.229500 1 6 1.000000
  6 4.022295 -3.042917 67.295387 0.935913 -0.113586 -0.333413 0.694150 0.231900 1 6 1.000000
  6 4.005730 -3.171669 67.338432 0.900097 -0.378641 -0.215535 0.701240 0.227740 1 6 1.000000
Hair_d
  6 4.005730 -3.171669 67.338432 0.900097 -0.378641 -0.215535 0.701240 0.227740 1 6 1.000000
  6 3.964286 -3.168336 67.306450 0.827090 -0.400802 -0.394055 0.699740 0.224920 1 6 1.000000
  6 3.977723 -3.044383 67.265358 0.877864 -0.143303 -0.456967 0.691980 0.229500 1 6 1.000000
Hair_d
  6 3.910313 -3.269716 67.354500 0.697528 -0.675998 -0.237659 0.707920 0.222110 1 6 1.000000
  6 3.964286 -3.168336 67.306450 0.827090 -0.400802 -0.394055 0.699740 0.224920 1 6 1.000000
  6 4.005730 -3.171669 67.338432 0.900097 -0.378641 -0.215535 0.701240 0.227740 1 6 1.000000
Hair_d
  6 4.005730 -3.171669 67.338432 0.900097 -0.378641 -0.215535 0.701240 0.227740 1 6 1.000000
  6 3.950051 -3.278450 67.387573 0.765449 -0.631290 -0.124742 0.708550 0.225170 1 6 1.000000
  6 3.910313 -3.269716 67.354500 0.697528 -0.675998 -0.237659 0.707920 0.222110 1 6 1.000000
Hair_d
  6 3.823434 -3.352827 67.416679 0.521960 -0.836823 -0.165181 0.717070 0.220970 1 6 1.000000
  6 3.910313 -3.269716 67.354500 0.697528 -0.675998 -0.237659 0.707920 0.222110 1 6 1.000000
  6 3.950051 -3.278450 67.387573 0.765449 -0.631290 -0.124742 0.708550 0.225170 1 6 1.000000
Hair_d
  6 3.898977 -2.723971 67.520256 0.895857 0.309816 0.318518 0.691820 0.258530 1 6 1.000000
  6 3.954985 -2.808852 67.383705 0.942331 0.298843 0.150685 0.688820 0.248550 1 6 1.000000
  6 3.904012 -2.664530 67.337204 0.909581 0.413771 0.038147 0.682340 0.254850 1 6 1.000000
Hair_d
  6 3.946051 -2.773580 67.169846 0.855241 0.102060 -0.508081 0.678090 0.242150 1 6 1.000000
  6 3.904012 -2.664530 67.337204 0.909581 0.413771 0.038147 0.682340 0.254850 1 6 1.000000
  6 3.954985 -2.808852 67.383705 0.942331 0.298843 0.150685 0.688820 0.248550 1 6 1.000000
Hair_d
  6 3.954985 -2.808852 67.383705 0.942331 0.298843 0.150685 0.688820 0.248550 1 6 1.000000
  6 4.002192 -2.906098 67.245216 0.915555 0.058770 -0.397875 0.686740 0.236980 1 6 1.000000
  6 3.946051 -2.773580 67.169846 0.855241 0.102060 -0.508081 0.678090 0.242150 1 6 1.000000
Hair_d
  6 4.002192 -2.906098 67.245216 0.915555 0.058770 -0.397875 0.686740 0.236980 1 6 1.000000
  6 3.954985 -2.808852 67.383705 0.942331 0.298843 0.150685 0.688820 0.248550 1 6 1.000000
  6 3.983056 -2.980642 67.445816 0.939524 0.059842 0.337215 0.696880 0.242280 1 6 1.000000
Hair_d
  6 3.917449 -2.886198 67.576607 0.880337 0.113946 0.460459 0.698180 0.249160 1 6 1.000000
  6 3.983056 -2.980642 67.445816 0.939524 0.059842 0.337215 0.696880 0.242280 1 6 1.000000
  6 3.954985 -2.808852 67.383705 0.942331 0.298843 0.150685 0.688820 0.248550 1 6 1.000000
Hair_d
  6 3.908112 -3.162034 67.545029 0.813040 -0.259608 0.521124 0.711680 0.238250 1 6 1.000000
  6 3.983056 -2.980642 67.445816 0.939524 0.059842 0.337215 0.696880 0.242280 1 6 1.000000
  6 3.917449 -2.886198 67.576607 0.880337 0.113946 0.460459 0.698180 0.249160 1 6 1.000000
Hair_d
  6 3.917449 -2.886198 67.576607 0.880337 0.113946 0.460459 0.698180 0.249160 1 6 1.000000
  6 3.848138 -3.026982 67.681313 0.772448 -0.117775 0.624062 0.712890 0.248250 1 6 1.000000
  6 3.908112 -3.162034 67.545029 0.813040 -0.259608 0.521124 0.711680 0.238250 1 6 1.000000
Hair_d
  6 3.698983 -3.305753 67.710320 0.656794 -0.416895 0.628347 0.728930 0.238910 1 6 1.000000
  6 3.908112 -3.162034 67.545029 0.813040 -0.259608 0.521124 0.711680 0.238250 1 6 1.000000
  6 3.848138 -3.026982 67.681313 0.772448 -0.117775 0.624062 0.712890 0.248250 1 6 1.000000
Hair_d
  6 3.908112 -3.162034 67.545029 0.813040 -0.259608 0.521124 0.711680 0.238250 1 6 1.000000
  6 3.698983 -3.305753 67.710320 0.656794 -0.416895 0.628347 0.728930 0.238910 1 6 1.000000
  6 3.861739 -3.368030 67.451385 0.605930 -0.794110 -0.047301 0.717140 0.224220 1 6 1.000000
Hair_d
  6 3.698983 -3.305753 67.710320 0.656794 -0.416895 0.628347 0.728930 0.238910 1 6 1.000000
  6 3.748357 -3.444808 67.539825 0.510546 -0.859850 -0.000763 0.727100 0.225130 1 6 1.000000
  6 3.861739 -3.368030 67.451385 0.605930 -0.794110 -0.047301 0.717140 0.224220 1 6 1.000000
Hair_d
  6 3.604236 -3.518982 67.624031 0.445609 -0.895033 0.018692 0.738610 0.227110 1 6 1.000000
  6 3.748357 -3.444808 67.539825 0.510546 -0.859850 -0.000763 0.727100 0.225130 1 6 1.000000
  6 3.698983 -3.305753 67.710320 0.656794 -0.416895 0.628347 0.728930 0.238910 1 6 1.000000
Hair_d
  6 3.954985 -2.808852 67.383705 0.942331 0.298843 0.150685 0.688820 0.248550 1 6 1.000000
  6 3.898977 -2.723971 67.520256 0.895857 0.309816 0.318518 0.691820 0.258530 1 6 1.000000
  6 3.917449 -2.886198 67.576607 0.880337 0.113946 0.460459 0.698180 0.249160 1 6 1.000000
Hair_d
  6 3.823034 -2.787115 67.685051 0.786787 0.191690 0.586704 0.701040 0.258250 1 6 1.000000
  6 3.917449 -2.886198 67.576607 0.880337 0.113946 0.460459 0.698180 0.249160 1 6 1.000000
  6 3.898977 -2.723971 67.520256 0.895857 0.309816 0.318518 0.691820 0.258530 1 6 1.000000
Hair_d
  6 3.670079 -2.681935 67.820030 0.674561 0.251875 0.693921 0.711740 0.271210 1 6 1.000000
  6 3.762362 -2.864426 67.770790 0.706076 0.054284 0.706052 0.712740 0.260120 1 6 1.000000
  6 3.823034 -2.787115 67.685051 0.786787 0.191690 0.586704 0.701040 0.258250 1 6 1.000000
Hair_d
  6 3.917449 -2.886198 67.576607 0.880337 0.113946 0.460459 0.698180 0.249160 1 6 1.000000
  6 3.823034 -2.787115 67.685051 0.786787 0.191690 0.586704 0.701040 0.258250 1 6 1.000000
  6 3.762362 -2.864426 67.770790 0.706076 0.054284 0.706052 0.712740 0.260120 1 6 1.000000
Hair_d
  6 3.762362 -2.864426 67.770790 0.706076 0.054284 0.706052 0.712740 0.260120 1 6 1.000000
  6 3.848138 -3.026982 67.681313 0.772448 -0.117775 0.624062 0.712890 0.248250 1 6 1.000000
  6 3.917449 -2.886198 67.576607 0.880337 0.113946 0.460459 0.698180 0.249160 1 6 1.000000
Hair_d
  6 3.904012 -2.664530 67.337204 0.909581 0.413771 0.038147 0.682340 0.254850 1 6 1.000000
  6 3.845006 -2.581252 67.496780 0.868554 0.429330 0.247566 0.687730 0.265590 1 6 1.000000
  6 3.898977 -2.723971 67.520256 0.895857 0.309816 0.318518 0.691820 0.258530 1 6 1.000000
Hair_d
  6 3.818900 -2.670799 67.630669 0.804883 0.330508 0.492877 0.697460 0.265520 1 6 1.000000
  6 3.898977 -2.723971 67.520256 0.895857 0.309816 0.318518 0.691820 0.258530 1 6 1.000000
  6 3.845006 -2.581252 67.496780 0.868554 0.429330 0.247566 0.687730 0.265590 1 6 1.000000
Hair_d
  6 3.898977 -2.723971 67.520256 0.895857 0.309816 0.318518 0.691820 0.258530 1 6 1.000000
  6 3.818900 -2.670799 67.630669 0.804883 0.330508 0.492877 0.697460 0.265520 1 6 1.000000
  6 3.823034 -2.787115 67.685051 0.786787 0.191690 0.586704 0.701040 0.258250 1 6 1.000000
Hair_d
  6 3.739821 -2.653397 67.730759 0.734401 0.324348 0.596199 0.704600 0.268370 1 6 1.000000
  6 3.823034 -2.787115 67.685051 0.786787 0.191690 0.586704 0.701040 0.258250 1 6 1.000000
  6 3.818900 -2.670799 67.630669 0.804883 0.330508 0.492877 0.697460 0.265520 1 6 1.000000
Hair_d
  6 3.823034 -2.787115 67.685051 0.786787 0.191690 0.586704 0.701040 0.258250 1 6 1.000000
  6 3.739821 -2.653397 67.730759 0.734401 0.324348 0.596199 0.704600 0.268370 1 6 1.000000
  6 3.670079 -2.681935 67.820030 0.674561 0.251875 0.693921 0.711740 0.271210 1 6 1.000000
Hair_d
  6 3.670079 -2.681935 67.820030 0.674561 0.251875 0.693921 0.711740 0.271210 1 6 1.000000
  6 3.739821 -2.653397 67.730759 0.734401 0.324348 0.596199 0.704600 0.268370 1 6 1.000000
  6 3.668915 -2.527481 67.736610 0.687423 0.397657 0.607716 0.701570 0.278100 1 6 1.000000
Hair_d
  6 3.668915 -2.527481 67.736610 0.687423 0.397657 0.607716 0.701570 0.278100 1 6 1.000000
  6 3.598238 -2.532211 67.812798 0.604762 0.407442 0.684291 0.707030 0.281740 1 6 1.000000
  6 3.670079 -2.681935 67.820030 0.674561 0.251875 0.693921 0.711740 0.271210 1 6 1.000000
Hair_d
  6 3.498722 -2.375489 67.793861 0.101921 0.972335 0.210183 0.705040 0.292830 1 6 1.000000
  6 3.598238 -2.532211 67.812798 0.604762 0.407442 0.684291 0.707030 0.281740 1 6 1.000000
  6 3.668915 -2.527481 67.736610 0.687423 0.397657 0.607716 0.701570 0.278100 1 6 1.000000
Hair_d
  6 3.668915 -2.527481 67.736610 0.687423 0.397657 0.607716 0.701570 0.278100 1 6 1.000000
  6 3.585868 -2.374623 67.719315 0.181102 0.971314 0.154113 0.698230 0.288140 1 6 1.000000
  6 3.498722 -2.375489 67.793861 0.101921 0.972335 0.210183 0.705040 0.292830 1 6 1.000000
Hair_d
  6 3.679846 -2.385795 67.619957 0.287798 0.956976 0.037003 0.690500 0.281710 1 6 1.000000
  6 3.585868 -2.374623 67.719315 0.181102 0.971314 0.154113 0.698230 0.288140 1 6 1.000000
  6 3.668915 -2.527481 67.736610 0.687423 0.397657 0.607716 0.701570 0.278100 1 6 1.000000
Hair_d
  6 3.824970 -2.515276 67.292061 0.346713 0.875116 -0.337583 0.675500 0.261730 1 6 1.000000
  6 3.764026 -2.426431 67.483376 0.356018 0.922374 -0.149922 0.683580 0.273480 1 6 1.000000
  6 3.845006 -2.581252 67.496780 0.868554 0.429330 0.247566 0.687730 0.265590 1 6 1.000000
Hair_d
  6 3.761124 -2.539812 67.624809 0.780580 0.400924 0.479535 0.694300 0.272760 1 6 1.000000
  6 3.845006 -2.581252 67.496780 0.868554 0.429330 0.247566 0.687730 0.265590 1 6 1.000000
  6 3.764026 -2.426431 67.483376 0.356018 0.922374 -0.149922 0.683580 0.273480 1 6 1.000000
Hair_d
  6 3.764026 -2.426431 67.483376 0.356018 0.922374 -0.149922 0.683580 0.273480 1 6 1.000000
  6 3.679846 -2.385795 67.619957 0.287798 0.956976 0.037003 0.690500 0.281710 1 6 1.000000
  6 3.761124 -2.539812 67.624809 0.780580 0.400924 0.479535 0.694300 0.272760 1 6 1.000000
Hair_d
  6 3.668915 -2.527481 67.736610 0.687423 0.397657 0.607716 0.701570 0.278100 1 6 1.000000
  6 3.761124 -2.539812 67.624809 0.780580 0.400924 0.479535 0.694300 0.272760 1 6 1.000000
  6 3.679846 -2.385795 67.619957 0.287798 0.956976 0.037003 0.690500 0.281710 1 6 1.000000
Hair_d
  6 3.818900 -2.670799 67.630669 0.804883 0.330508 0.492877 0.697460 0.265520 1 6 1.000000
  6 3.761124 -2.539812 67.624809 0.780580 0.400924 0.479535 0.694300 0.272760 1 6 1.000000
  6 3.668915 -2.527481 67.736610 0.687423 0.397657 0.607716 0.701570 0.278100 1 6 1.000000
Hair_d
  6 3.668915 -2.527481 67.736610 0.687423 0.397657 0.607716 0.701570 0.278100 1 6 1.000000
  6 3.739821 -2.653397 67.730759 0.734401 0.324348 0.596199 0.704600 0.268370 1 6 1.000000
  6 3.818900 -2.670799 67.630669 0.804883 0.330508 0.492877 0.697460 0.265520 1 6 1.000000
Hair_d
  6 3.845006 -2.581252 67.496780 0.868554 0.429330 0.247566 0.687730 0.265590 1 6 1.000000
  6 3.761124 -2.539812 67.624809 0.780580 0.400924 0.479535 0.694300 0.272760 1 6 1.000000
  6 3.818900 -2.670799 67.630669 0.804883 0.330508 0.492877 0.697460 0.265520 1 6 1.000000
Hair_d
  6 3.192379 -2.503644 67.980247 -0.612432 0.682883 0.398243 0.728240 0.299480 1 6 1.000000
  6 3.181611 -2.448701 67.956421 -0.202807 0.920569 0.333799 0.727040 0.305060 1 6 1.000000
  6 3.073295 -2.490675 67.985558 -0.288161 0.899628 0.328074 0.734370 0.306350 1 6 1.000000
Hair_d
  6 3.181611 -2.448701 67.956421 -0.202807 0.920569 0.333799 0.727040 0.305060 1 6 1.000000
  6 3.192379 -2.503644 67.980247 -0.612432 0.682883 0.398243 0.728240 0.299480 1 6 1.000000
  6 3.263122 -2.445334 67.935684 -0.294297 0.936177 0.192256 0.722090 0.298370 1 6 1.000000
Hair_d
  6 3.263122 -2.445334 67.935684 -0.294297 0.936177 0.192256 0.722090 0.298370 1 6 1.000000
  6 3.264222 -2.424531 67.922005 -0.158335 0.954947 0.251010 0.721010 0.302950 1 6 1.000000
  6 3.181611 -2.448701 67.956421 -0.202807 0.920569 0.333799 0.727040 0.305060 1 6 1.000000
Hair_d
  6 3.340232 -2.403727 67.888100 -0.096772 0.960808 0.259776 0.713970 0.299110 1 6 1.000000
  6 3.264222 -2.424531 67.922005 -0.158335 0.954947 0.251010 0.721010 0.302950 1 6 1.000000
  6 3.263122 -2.445334 67.935684 -0.294297 0.936177 0.192256 0.722090 0.298370 1 6 1.000000
Hair_d
  6 3.263122 -2.445334 67.935684 -0.294297 0.936177 0.192256 0.722090 0.298370 1 6 1.000000
  6 3.337766 -2.428730 67.904472 -0.020504 0.996575 0.080109 0.716800 0.295460 1 6 1.000000
  6 3.340232 -2.403727 67.888100 -0.096772 0.960808 0.259776 0.713970 0.299110 1 6 1.000000
Hair_d
  6 3.340232 -2.403727 67.888100 -0.096772 0.960808 0.259776 0.713970 0.299110 1 6 1.000000
  6 3.337766 -2.428730 67.904472 -0.020504 0.996575 0.080109 0.716800 0.295460 1 6 1.000000
  6 3.417944 -2.440366 67.878975 0.309346 0.950927 -0.006485 0.712170 0.292140 1 6 1.000000
Hair_d
  6 3.417944 -2.440366 67.878975 0.309346 0.950927 -0.006485 0.712170 0.292140 1 6 1.000000
  6 3.415844 -2.386626 67.848839 -0.010157 0.966228 0.257489 0.708490 0.295390 1 6 1.000000
  6 3.340232 -2.403727 67.888100 -0.096772 0.960808 0.259776 0.713970 0.299110 1 6 1.000000
Hair_d
  6 3.415844 -2.386626 67.848839 -0.010157 0.966228 0.257489 0.708490 0.295390 1 6 1.000000
  6 3.417944 -2.440366 67.878975 0.309346 0.950927 -0.006485 0.712170 0.292140 1 6 1.000000
  6 3.485586 -2.484406 67.865601 0.656520 0.734338 -0.172421 0.710070 0.288160 1 6 1.000000
Hair_d
  6 3.485586 -2.484406 67.865601 0.656520 0.734338 -0.172421 0.710070 0.288160 1 6 1.000000
  6 3.498722 -2.375489 67.793861 0.101921 0.972335 0.210183 0.705040 0.292830 1 6 1.000000
  6 3.415844 -2.386626 67.848839 -0.010157 0.966228 0.257489 0.708490 0.295390 1 6 1.000000
Hair_d
  6 3.498722 -2.375489 67.793861 0.101921 0.972335 0.210183 0.705040 0.292830 1 6 1.000000
  6 3.485586 -2.484406 67.865601 0.656520 0.734338 -0.172421 0.710070 0.288160 1 6 1.000000
  6 3.532459 -2.545649 67.866371 0.853506 0.483093 -0.195316 0.711180 0.284500 1 6 1.000000
Hair_d
  6 3.532459 -2.545649 67.866371 0.853506 0.483093 -0.195316 0.711180 0.284500 1 6 1.000000
  6 3.598238 -2.532211 67.812798 0.604762 0.407442 0.684291 0.707030 0.281740 1 6 1.000000
  6 3.498722 -2.375489 67.793861 0.101921 0.972335 0.210183 0.705040 0.292830 1 6 1.000000
Hair_d
  6 3.598238 -2.532211 67.812798 0.604762 0.407442 0.684291 0.707030 0.281740 1 6 1.000000
  6 3.532459 -2.545649 67.866371 0.853506 0.483093 -0.195316 0.711180 0.284500 1 6 1.000000
  6 3.561931 -2.616123 67.883369 0.976323 0.141024 -0.164032 0.713770 0.280450 1 6 1.000000
Hair_d
  6 3.561931 -2.616123 67.883369 0.976323 0.141024 -0.164032 0.713770 0.280450 1 6 1.000000
  6 3.670079 -2.681935 67.820030 0.674561 0.251875 0.693921 0.711740 0.271210 1 6 1.000000
  6 3.598238 -2.532211 67.812798 0.604762 0.407442 0.684291 0.707030 0.281740 1 6 1.000000
Hair_d
  6 3.561931 -2.616123 67.883369 0.976323 0.141024 -0.164032 0.713770 0.280450 1 6 1.000000
  6 3.568864 -2.693336 67.913475 0.981037 -0.192025 -0.026322 0.717570 0.277120 1 6 1.000000
  6 3.670079 -2.681935 67.820030 0.674561 0.251875 0.693921 0.711740 0.271210 1 6 1.000000
Hair_d
  6 3.670079 -2.681935 67.820030 0.674561 0.251875 0.693921 0.711740 0.271210 1 6 1.000000
  6 3.568864 -2.693336 67.913475 0.981037 -0.192025 -0.026322 0.717570 0.277120 1 6 1.000000
  6 3.539293 -2.779281 67.957222 0.703626 -0.435502 0.561470 0.722070 0.274260 1 6 1.000000
Hair_d
  6 3.539293 -2.779281 67.957222 0.703626 -0.435502 0.561470 0.722070 0.274260 1 6 1.000000
  6 3.762362 -2.864426 67.770790 0.706076 0.054284 0.706052 0.712740 0.260120 1 6 1.000000
  6 3.670079 -2.681935 67.820030 0.674561 0.251875 0.693921 0.711740 0.271210 1 6 1.000000
Hair_d
  6 3.538260 -2.952337 67.956459 0.552351 -0.056108 0.831721 0.727950 0.267000 1 6 1.000000
  6 3.762362 -2.864426 67.770790 0.706076 0.054284 0.706052 0.712740 0.260120 1 6 1.000000
  6 3.539293 -2.779281 67.957222 0.703626 -0.435502 0.561470 0.722070 0.274260 1 6 1.000000
Hair_d
  6 3.848138 -3.026982 67.681313 0.772448 -0.117775 0.624062 0.712890 0.248250 1 6 1.000000
  6 3.762362 -2.864426 67.770790 0.706076 0.054284 0.706052 0.712740 0.260120 1 6 1.000000
  6 3.538260 -2.952337 67.956459 0.552351 -0.056108 0.831721 0.727950 0.267000 1 6 1.000000
Hair_d
  6 3.228351 -3.696173 67.694633 0.461269 -0.885582 -0.054550 0.765680 0.228550 1 6 1.000000
  6 3.423879 -3.602229 67.673248 0.421903 -0.906486 -0.016785 0.751700 0.228220 1 6 1.000000
  6 3.168742 -3.564889 67.859901 0.349899 -0.589769 0.727835 0.765680 0.242970 1 6 1.000000
Hair_d
  6 3.423879 -3.602229 67.673248 0.421903 -0.906486 -0.016785 0.751700 0.228220 1 6 1.000000
  6 3.546961 -3.383965 67.791100 0.502571 -0.521357 0.689644 0.739530 0.240660 1 6 1.000000
  6 3.168742 -3.564889 67.859901 0.349899 -0.589769 0.727835 0.765680 0.242970 1 6 1.000000
Hair_d
  6 3.098032 -3.415637 67.994453 0.275421 -0.433860 0.857851 0.765680 0.255140 1 6 1.000000
  6 3.168742 -3.564889 67.859901 0.349899 -0.589769 0.727835 0.765680 0.242970 1 6 1.000000
  6 3.546961 -3.383965 67.791100 0.502571 -0.521357 0.689644 0.739530 0.240660 1 6 1.000000
Hair_d
  6 3.546961 -3.383965 67.791100 0.502571 -0.521357 0.689644 0.739530 0.240660 1 6 1.000000
  6 3.482753 -3.221539 67.946419 0.448578 -0.351715 0.821629 0.740360 0.254490 1 6 1.000000
  6 3.098032 -3.415637 67.994453 0.275421 -0.433860 0.857851 0.765680 0.255140 1 6 1.000000
Hair_d
  6 3.014021 -3.247345 68.070335 0.191333 -0.264219 0.945293 0.765680 0.267240 1 6 1.000000
  6 3.098032 -3.415637 67.994453 0.275421 -0.433860 0.857851 0.765680 0.255140 1 6 1.000000
  6 3.482753 -3.221539 67.946419 0.448578 -0.351715 0.821629 0.740360 0.254490 1 6 1.000000
Hair_d
  6 3.482753 -3.221539 67.946419 0.448578 -0.351715 0.821629 0.740360 0.254490 1 6 1.000000
  6 3.385539 -3.048749 68.029869 0.357210 -0.167245 0.918929 0.740850 0.267070 1 6 1.000000
  6 3.014021 -3.247345 68.070335 0.191333 -0.264219 0.945293 0.765680 0.267240 1 6 1.000000
Hair_d
  6 3.113101 -2.942902 68.111603 0.140704 -0.028994 0.989627 0.752370 0.281130 1 6 1.000000
  6 3.014021 -3.247345 68.070335 0.191333 -0.264219 0.945293 0.765680 0.267240 1 6 1.000000
  6 3.385539 -3.048749 68.029869 0.357210 -0.167245 0.918929 0.740850 0.267070 1 6 1.000000
Hair_d
  6 3.113101 -2.942902 68.111603 0.140704 -0.028994 0.989627 0.752370 0.281130 1 6 1.000000
  6 3.385539 -3.048749 68.029869 0.357210 -0.167245 0.918929 0.740850 0.267070 1 6 1.000000
  6 3.315095 -2.847057 68.075401 0.232687 -0.577318 0.782662 0.738750 0.279700 1 6 1.000000
Hair_d
  6 3.315095 -2.847057 68.075401 0.232687 -0.577318 0.782662 0.738750 0.279700 1 6 1.000000
  6 3.385539 -3.048749 68.029869 0.357210 -0.167245 0.918929 0.740850 0.267070 1 6 1.000000
  6 3.538260 -2.952337 67.956459 0.552351 -0.056108 0.831721 0.727950 0.267000 1 6 1.000000
Hair_d
  6 3.538260 -2.952337 67.956459 0.552351 -0.056108 0.831721 0.727950 0.267000 1 6 1.000000
  6 3.422711 -2.821887 68.018532 0.529382 -0.462768 0.711056 0.731630 0.276060 1 6 1.000000
  6 3.315095 -2.847057 68.075401 0.232687 -0.577318 0.782662 0.738750 0.279700 1 6 1.000000
Hair_d
  6 3.539293 -2.779281 67.957222 0.703626 -0.435502 0.561470 0.722070 0.274260 1 6 1.000000
  6 3.422711 -2.821887 68.018532 0.529382 -0.462768 0.711056 0.731630 0.276060 1 6 1.000000
  6 3.538260 -2.952337 67.956459 0.552351 -0.056108 0.831721 0.727950 0.267000 1 6 1.000000
Hair_d
  6 3.626839 -3.133231 67.872612 0.624700 -0.217199 0.750050 0.729920 0.253450 1 6 1.000000
  6 3.482753 -3.221539 67.946419 0.448578 -0.351715 0.821629 0.740360 0.254490 1 6 1.000000
  6 3.546961 -3.383965 67.791100 0.502571 -0.521357 0.689644 0.739530 0.240660 1 6 1.000000
Hair_d
  6 3.385539 -3.048749 68.029869 0.357210 -0.167245 0.918929 0.740850 0.267070 1 6 1.000000
  6 3.482753 -3.221539 67.946419 0.448578 -0.351715 0.821629 0.740360 0.254490 1 6 1.000000
  6 3.626839 -3.133231 67.872612 0.624700 -0.217199 0.750050 0.729920 0.253450 1 6 1.000000
Hair_d
  6 3.626839 -3.133231 67.872612 0.624700 -0.217199 0.750050 0.729920 0.253450 1 6 1.000000
  6 3.538260 -2.952337 67.956459 0.552351 -0.056108 0.831721 0.727950 0.267000 1 6 1.000000
  6 3.385539 -3.048749 68.029869 0.357210 -0.167245 0.918929 0.740850 0.267070 1 6 1.000000
Hair_d
  6 3.538260 -2.952337 67.956459 0.552351 -0.056108 0.831721 0.727950 0.267000 1 6 1.000000
  6 3.626839 -3.133231 67.872612 0.624700 -0.217199 0.750050 0.729920 0.253450 1 6 1.000000
  6 3.848138 -3.026982 67.681313 0.772448 -0.117775 0.624062 0.712890 0.248250 1 6 1.000000
Hair_d
  6 3.848138 -3.026982 67.681313 0.772448 -0.117775 0.624062 0.712890 0.248250 1 6 1.000000
  6 3.626839 -3.133231 67.872612 0.624700 -0.217199 0.750050 0.729920 0.253450 1 6 1.000000
  6 3.698983 -3.305753 67.710320 0.656794 -0.416895 0.628347 0.728930 0.238910 1 6 1.000000
Hair_d
  6 3.546961 -3.383965 67.791100 0.502571 -0.521357 0.689644 0.739530 0.240660 1 6 1.000000
  6 3.698983 -3.305753 67.710320 0.656794 -0.416895 0.628347 0.728930 0.238910 1 6 1.000000
  6 3.626839 -3.133231 67.872612 0.624700 -0.217199 0.750050 0.729920 0.253450 1 6 1.000000
Hair_d
  6 3.698983 -3.305753 67.710320 0.656794 -0.416895 0.628347 0.728930 0.238910 1 6 1.000000
  6 3.546961 -3.383965 67.791100 0.502571 -0.521357 0.689644 0.739530 0.240660 1 6 1.000000
  6 3.604236 -3.518982 67.624031 0.445609 -0.895033 0.018692 0.738610 0.227110 1 6 1.000000
Hair_d
  6 3.423879 -3.602229 67.673248 0.421903 -0.906486 -0.016785 0.751700 0.228220 1 6 1.000000
  6 3.604236 -3.518982 67.624031 0.445609 -0.895033 0.018692 0.738610 0.227110 1 6 1.000000
  6 3.546961 -3.383965 67.791100 0.502571 -0.521357 0.689644 0.739530 0.240660 1 6 1.000000
Hair_d
  6 3.604236 -3.518982 67.624031 0.445609 -0.895033 0.018692 0.738610 0.227110 1 6 1.000000
  6 3.423879 -3.602229 67.673248 0.421903 -0.906486 -0.016785 0.751700 0.228220 1 6 1.000000
  6 3.393406 -3.564491 67.632698 0.373735 -0.892816 -0.251398 0.752160 0.224320 1 6 1.000000
Hair_d
  6 3.204714 -3.655270 67.654701 0.437664 -0.862048 -0.255584 0.765680 0.224690 1 6 1.000000
  6 3.393406 -3.564491 67.632698 0.373735 -0.892816 -0.251398 0.752160 0.224320 1 6 1.000000
  6 3.423879 -3.602229 67.673248 0.421903 -0.906486 -0.016785 0.751700 0.228220 1 6 1.000000
Hair_d
  6 3.423879 -3.602229 67.673248 0.421903 -0.906486 -0.016785 0.751700 0.228220 1 6 1.000000
  6 3.228351 -3.696173 67.694633 0.461269 -0.885582 -0.054550 0.765680 0.228550 1 6 1.000000
  6 3.204714 -3.655270 67.654701 0.437664 -0.862048 -0.255584 0.765680 0.224690 1 6 1.000000
Hair_d
  6 3.204714 -3.655270 67.654701 0.437664 -0.862048 -0.255584 0.765680 0.224690 1 6 1.000000
  6 3.228351 -3.696173 67.694633 0.461269 -0.885582 -0.054550 0.765680 0.228550 1 6 1.000000
  6 3.038957 -3.804024 67.694740 0.503987 -0.863447 -0.021362 0.751700 0.228220 1 6 1.000000
Hair_d
  6 3.038957 -3.804024 67.694740 0.503987 -0.863447 -0.021362 0.751700 0.228220 1 6 1.000000
  6 3.228351 -3.696173 67.694633 0.461269 -0.885582 -0.054550 0.765680 0.228550 1 6 1.000000
  6 3.168742 -3.564889 67.859901 0.349899 -0.589769 0.727835 0.765680 0.242970 1 6 1.000000
Hair_d
  6 2.800658 -3.775287 67.832802 0.204152 -0.677979 0.706163 0.739530 0.240660 1 6 1.000000
  6 3.038957 -3.804024 67.694740 0.503987 -0.863447 -0.021362 0.751700 0.228220 1 6 1.000000
  6 3.168742 -3.564889 67.859901 0.349899 -0.589769 0.727835 0.765680 0.242970 1 6 1.000000
Hair_d
  6 2.800658 -3.775287 67.832802 0.204152 -0.677979 0.706163 0.739530 0.240660 1 6 1.000000
  6 3.168742 -3.564889 67.859901 0.349899 -0.589769 0.727835 0.765680 0.242970 1 6 1.000000
  6 3.098032 -3.415637 67.994453 0.275421 -0.433860 0.857851 0.765680 0.255140 1 6 1.000000
Hair_d
  6 3.098032 -3.415637 67.994453 0.275421 -0.433860 0.857851 0.765680 0.255140 1 6 1.000000
  6 2.717246 -3.622895 67.989182 0.107000 -0.530757 0.840742 0.740360 0.254490 1 6 1.000000
  6 2.800658 -3.775287 67.832802 0.204152 -0.677979 0.706163 0.739530 0.240660 1 6 1.000000
Hair_d
  6 2.717246 -3.622895 67.989182 0.107000 -0.530757 0.840742 0.740360 0.254490 1 6 1.000000
  6 3.098032 -3.415637 67.994453 0.275421 -0.433860 0.857851 0.765680 0.255140 1 6 1.000000
  6 3.014021 -3.247345 68.070335 0.191333 -0.264219 0.945293 0.765680 0.267240 1 6 1.000000
Hair_d
  6 3.014021 -3.247345 68.070335 0.191333 -0.264219 0.945293 0.765680 0.267240 1 6 1.000000
  6 2.637634 -3.440874 68.071632 0.015782 -0.346331 0.937979 0.740850 0.267070 1 6 1.000000
  6 2.717246 -3.622895 67.989182 0.107000 -0.530757 0.840742 0.740360 0.254490 1 6 1.000000
Hair_d
  6 2.556924 -3.694207 67.932381 -0.109001 -0.601843 0.791141 0.729920 0.253450 1 6 1.000000
  6 2.717246 -3.622895 67.989182 0.107000 -0.530757 0.840742 0.740360 0.254490 1 6 1.000000
  6 2.637634 -3.440874 68.071632 0.015782 -0.346331 0.937979 0.740850 0.267070 1 6 1.000000
Hair_d
  6 2.800658 -3.775287 67.832802 0.204152 -0.677979 0.706163 0.739530 0.240660 1 6 1.000000
  6 2.717246 -3.622895 67.989182 0.107000 -0.530757 0.840742 0.740360 0.254490 1 6 1.000000
  6 2.556924 -3.694207 67.932381 -0.109001 -0.601843 0.791141 0.729920 0.253450 1 6 1.000000
Hair_d
  6 2.556924 -3.694207 67.932381 -0.109001 -0.601843 0.791141 0.729920 0.253450 1 6 1.000000
  6 2.643535 -3.859164 67.769249 0.026033 -0.747545 0.663701 0.728930 0.238910 1 6 1.000000
  6 2.800658 -3.775287 67.832802 0.204152 -0.677979 0.706163 0.739530 0.240660 1 6 1.000000
Hair_d
  6 3.038957 -3.804024 67.694740 0.503987 -0.863447 -0.021362 0.751700 0.228220 1 6 1.000000
  6 3.021689 -3.759385 67.653481 0.499394 -0.826872 -0.258626 0.752160 0.224320 1 6 1.000000
  6 3.204714 -3.655270 67.654701 0.437664 -0.862048 -0.255584 0.765680 0.224690 1 6 1.000000
Hair_d
  6 2.864466 -3.906836 67.665337 0.484299 -0.874756 0.016022 0.738610 0.227110 1 6 1.000000
  6 3.038957 -3.804024 67.694740 0.503987 -0.863447 -0.021362 0.751700 0.228220 1 6 1.000000
  6 2.800658 -3.775287 67.832802 0.204152 -0.677979 0.706163 0.739530 0.240660 1 6 1.000000
Hair_d
  6 3.021689 -3.759385 67.653481 0.499394 -0.826872 -0.258626 0.752160 0.224320 1 6 1.000000
  6 3.038957 -3.804024 67.694740 0.503987 -0.863447 -0.021362 0.751700 0.228220 1 6 1.000000
  6 2.864466 -3.906836 67.665337 0.484299 -0.874756 0.016022 0.738610 0.227110 1 6 1.000000
Hair_d
  6 2.864466 -3.906836 67.665337 0.484299 -0.874756 0.016022 0.738610 0.227110 1 6 1.000000
  6 2.854032 -3.860532 67.623405 0.545542 -0.803566 -0.238044 0.739220 0.223210 1 6 1.000000
  6 3.021689 -3.759385 67.653481 0.499394 -0.826872 -0.258626 0.752160 0.224320 1 6 1.000000
Hair_d
  6 3.113101 -2.942902 68.111603 0.140704 -0.028994 0.989627 0.752370 0.281130 1 6 1.000000
  6 3.315095 -2.847057 68.075401 0.232687 -0.577318 0.782662 0.738750 0.279700 1 6 1.000000
  6 3.245619 -2.798983 68.081841 -0.426179 -0.504672 0.750785 0.741420 0.284840 1 6 1.000000
Hair_d
  6 3.113101 -2.942902 68.111603 0.140704 -0.028994 0.989627 0.752370 0.281130 1 6 1.000000
  6 3.245619 -2.798983 68.081841 -0.426179 -0.504672 0.750785 0.741420 0.284840 1 6 1.000000
  6 3.194279 -2.735908 68.075768 -0.636063 -0.302307 0.709953 0.741610 0.290030 1 6 1.000000
Hair_d
  6 3.194279 -2.735908 68.075768 -0.636063 -0.302307 0.709953 0.741610 0.290030 1 6 1.000000
  6 3.018322 -2.753274 68.093010 0.018882 0.242268 0.970025 0.751320 0.298120 1 6 1.000000
  6 3.113101 -2.942902 68.111603 0.140704 -0.028994 0.989627 0.752370 0.281130 1 6 1.000000
Hair_d
  6 3.018322 -2.753274 68.093010 0.018882 0.242268 0.970025 0.751320 0.298120 1 6 1.000000
  6 3.194279 -2.735908 68.075768 -0.636063 -0.302307 0.709953 0.741610 0.290030 1 6 1.000000
  6 3.164577 -2.665597 68.058876 -0.788389 0.029227 0.614482 0.740980 0.294750 1 6 1.000000
Hair_d
  6 3.018322 -2.753274 68.093010 0.018882 0.242268 0.970025 0.751320 0.298120 1 6 1.000000
  6 3.164577 -2.665597 68.058876 -0.788389 0.029227 0.614482 0.740980 0.294750 1 6 1.000000
  6 3.159741 -2.593456 68.029137 -0.786368 0.316974 0.530238 0.739400 0.298220 1 6 1.000000
Hair_d
  6 2.232312 -3.394131 67.988121 -0.399298 -0.915395 0.051116 0.717570 0.277120 1 6 1.000000
  6 2.170236 -3.345827 67.961113 -0.681492 -0.728341 -0.071334 0.713770 0.280450 1 6 1.000000
  6 2.157601 -3.474976 67.904533 -0.527088 -0.378119 0.761055 0.711740 0.271210 1 6 1.000000
Hair_d
  6 2.323357 -3.416832 68.025154 0.009059 -0.799670 0.600372 0.722070 0.274260 1 6 1.000000
  6 2.232312 -3.394131 67.988121 -0.399298 -0.915395 0.051116 0.717570 0.277120 1 6 1.000000
  6 2.157601 -3.474976 67.904533 -0.527088 -0.378119 0.761055 0.711740 0.271210 1 6 1.000000
Hair_d
  6 2.157601 -3.474976 67.904533 -0.527088 -0.378119 0.761055 0.711740 0.271210 1 6 1.000000
  6 2.250881 -3.656937 67.855232 -0.381824 -0.516052 0.766747 0.712740 0.260120 1 6 1.000000
  6 2.323357 -3.416832 68.025154 0.009059 -0.799670 0.600372 0.722070 0.274260 1 6 1.000000
Hair_d
  6 2.323357 -3.416832 68.025154 0.009059 -0.799670 0.600372 0.722070 0.274260 1 6 1.000000
  6 2.250881 -3.656937 67.855232 -0.381824 -0.516052 0.766747 0.712740 0.260120 1 6 1.000000
  6 2.465877 -3.514616 68.016365 -0.193145 -0.446936 0.873466 0.727950 0.267000 1 6 1.000000
Hair_d
  6 2.465877 -3.514616 68.016365 -0.193145 -0.446936 0.873466 0.727950 0.267000 1 6 1.000000
  6 2.429539 -3.342657 68.074005 0.141660 -0.665022 0.733265 0.731630 0.276060 1 6 1.000000
  6 2.323357 -3.416832 68.025154 0.009059 -0.799670 0.600372 0.722070 0.274260 1 6 1.000000
Hair_d
  6 2.515951 -3.266080 68.120064 0.410795 -0.484140 0.772565 0.738750 0.279700 1 6 1.000000
  6 2.429539 -3.342657 68.074005 0.141660 -0.665022 0.733265 0.731630 0.276060 1 6 1.000000
  6 2.465877 -3.514616 68.016365 -0.193145 -0.446936 0.873466 0.727950 0.267000 1 6 1.000000
Hair_d
  6 2.465877 -3.514616 68.016365 -0.193145 -0.446936 0.873466 0.727950 0.267000 1 6 1.000000
  6 2.637634 -3.440874 68.071632 0.015782 -0.346331 0.937979 0.740850 0.267070 1 6 1.000000
  6 2.515951 -3.266080 68.120064 0.410795 -0.484140 0.772565 0.738750 0.279700 1 6 1.000000
Hair_d
  6 2.637634 -3.440874 68.071632 0.015782 -0.346331 0.937979 0.740850 0.267070 1 6 1.000000
  6 2.711845 -3.153298 68.134041 0.030831 -0.086629 0.995763 0.752370 0.281130 1 6 1.000000
  6 2.515951 -3.266080 68.120064 0.410795 -0.484140 0.772565 0.738750 0.279700 1 6 1.000000
Hair_d
  6 3.014021 -3.247345 68.070335 0.191333 -0.264219 0.945293 0.765680 0.267240 1 6 1.000000
  6 2.711845 -3.153298 68.134041 0.030831 -0.086629 0.995763 0.752370 0.281130 1 6 1.000000
  6 2.637634 -3.440874 68.071632 0.015782 -0.346331 0.937979 0.740850 0.267070 1 6 1.000000
Hair_d
  6 2.912473 -3.047182 68.131081 0.086312 -0.058511 0.994548 0.765680 0.281090 1 6 1.000000
  6 2.711845 -3.153298 68.134041 0.030831 -0.086629 0.995763 0.752370 0.281130 1 6 1.000000
  6 3.014021 -3.247345 68.070335 0.191333 -0.264219 0.945293 0.765680 0.267240 1 6 1.000000
Hair_d
  6 3.113101 -2.942902 68.111603 0.140704 -0.028994 0.989627 0.752370 0.281130 1 6 1.000000
  6 2.912473 -3.047182 68.131081 0.086312 -0.058511 0.994548 0.765680 0.281090 1 6 1.000000
  6 3.014021 -3.247345 68.070335 0.191333 -0.264219 0.945293 0.765680 0.267240 1 6 1.000000
Hair_d
  6 2.810692 -2.854890 68.113869 -0.050212 0.200062 0.978496 0.765680 0.294240 1 6 1.000000
  6 2.912473 -3.047182 68.131081 0.086312 -0.058511 0.994548 0.765680 0.281090 1 6 1.000000
  6 3.113101 -2.942902 68.111603 0.140704 -0.028994 0.989627 0.752370 0.281130 1 6 1.000000
Hair_d
  6 3.113101 -2.942902 68.111603 0.140704 -0.028994 0.989627 0.752370 0.281130 1 6 1.000000
  6 3.018322 -2.753274 68.093010 0.018882 0.242268 0.970025 0.751320 0.298120 1 6 1.000000
  6 2.810692 -2.854890 68.113869 -0.050212 0.200062 0.978496 0.765680 0.294240 1 6 1.000000
Hair_d
  6 2.810692 -2.854890 68.113869 -0.050212 0.200062 0.978496 0.765680 0.294240 1 6 1.000000
  6 3.018322 -2.753274 68.093010 0.018882 0.242268 0.970025 0.751320 0.298120 1 6 1.000000
  6 2.902505 -2.563383 68.021301 -0.348764 0.862374 0.366980 0.751890 0.308090 1 6 1.000000
Hair_d
  6 3.159741 -2.593456 68.029137 -0.786368 0.316974 0.530238 0.739400 0.298220 1 6 1.000000
  6 2.902505 -2.563383 68.021301 -0.348764 0.862374 0.366980 0.751890 0.308090 1 6 1.000000
  6 3.018322 -2.753274 68.093010 0.018882 0.242268 0.970025 0.751320 0.298120 1 6 1.000000
Hair_d
  6 3.073295 -2.490675 67.985558 -0.288161 0.899628 0.328074 0.734370 0.306350 1 6 1.000000
  6 2.902505 -2.563383 68.021301 -0.348764 0.862374 0.366980 0.751890 0.308090 1 6 1.000000
  6 3.159741 -2.593456 68.029137 -0.786368 0.316974 0.530238 0.739400 0.298220 1 6 1.000000
Hair_d
  6 3.159741 -2.593456 68.029137 -0.786368 0.316974 0.530238 0.739400 0.298220 1 6 1.000000
  6 3.179010 -2.523179 67.993248 -0.673570 0.598464 0.433755 0.736040 0.299670 1 6 1.000000
  6 3.073295 -2.490675 67.985558 -0.288161 0.899628 0.328074 0.734370 0.306350 1 6 1.000000
Hair_d
  6 3.073295 -2.490675 67.985558 -0.288161 0.899628 0.328074 0.734370 0.306350 1 6 1.000000
  6 3.179010 -2.523179 67.993248 -0.673570 0.598464 0.433755 0.736040 0.299670 1 6 1.000000
  6 3.192379 -2.503644 67.980247 -0.612432 0.682883 0.398243 0.728240 0.299480 1 6 1.000000
Hair_d
  6 2.902505 -2.563383 68.021301 -0.348764 0.862374 0.366980 0.751890 0.308090 1 6 1.000000
  6 2.705144 -2.661396 68.040825 -0.414349 0.830127 0.373100 0.765680 0.308410 1 6 1.000000
  6 2.810692 -2.854890 68.113869 -0.050212 0.200062 0.978496 0.765680 0.294240 1 6 1.000000
Hair_d
  6 2.810692 -2.854890 68.113869 -0.050212 0.200062 0.978496 0.765680 0.294240 1 6 1.000000
  6 2.705144 -2.661396 68.040825 -0.414349 0.830127 0.373100 0.765680 0.308410 1 6 1.000000
  6 2.511517 -2.768377 68.043114 -0.478455 0.794381 0.374219 0.751890 0.308090 1 6 1.000000
Hair_d
  6 2.157601 -3.474976 67.904533 -0.527088 -0.378119 0.761055 0.711740 0.271210 1 6 1.000000
  6 2.074723 -3.331055 67.897911 -0.616042 -0.232652 0.752572 0.707030 0.281740 1 6 1.000000
  6 2.024216 -3.389797 67.828499 -0.661393 -0.309549 0.683183 0.701570 0.278100 1 6 1.000000
Hair_d
  6 2.024216 -3.389797 67.828499 -0.661393 -0.309549 0.683183 0.701570 0.278100 1 6 1.000000
  6 2.086991 -3.520015 67.823097 -0.628944 -0.390572 0.672222 0.704600 0.268370 1 6 1.000000
  6 2.157601 -3.474976 67.904533 -0.527088 -0.378119 0.761055 0.711740 0.271210 1 6 1.000000
Hair_d
  6 2.145732 -3.666569 67.778755 -0.550469 -0.509417 0.661421 0.701040 0.258250 1 6 1.000000
  6 2.250881 -3.656937 67.855232 -0.381824 -0.516052 0.766747 0.712740 0.260120 1 6 1.000000
  6 2.157601 -3.474976 67.904533 -0.527088 -0.378119 0.761055 0.711740 0.271210 1 6 1.000000
Hair_d
  6 2.157601 -3.474976 67.904533 -0.527088 -0.378119 0.761055 0.711740 0.271210 1 6 1.000000
  6 2.086991 -3.520015 67.823097 -0.628944 -0.390572 0.672222 0.704600 0.268370 1 6 1.000000
  6 2.145732 -3.666569 67.778755 -0.550469 -0.509417 0.661421 0.701040 0.258250 1 6 1.000000
Hair_d
  6 2.145732 -3.666569 67.778755 -0.550469 -0.509417 0.661421 0.701040 0.258250 1 6 1.000000
  6 2.086991 -3.520015 67.823097 -0.628944 -0.390572 0.672222 0.704600 0.268370 1 6 1.000000
  6 2.047819 -3.599427 67.729607 -0.682684 -0.449608 0.576016 0.697460 0.265520 1 6 1.000000
Hair_d
  6 2.047819 -3.599427 67.729607 -0.682684 -0.449608 0.576016 0.697460 0.265520 1 6 1.000000
  6 2.086991 -3.520015 67.823097 -0.628944 -0.390572 0.672222 0.704600 0.268370 1 6 1.000000
  6 2.024216 -3.389797 67.828499 -0.661393 -0.309549 0.683183 0.701570 0.278100 1 6 1.000000
Hair_d
  6 2.024216 -3.389797 67.828499 -0.661393 -0.309549 0.683183 0.701570 0.278100 1 6 1.000000
  6 1.972509 -3.477643 67.724754 -0.728045 -0.389974 0.563801 0.694300 0.272760 1 6 1.000000
  6 2.047819 -3.599427 67.729607 -0.682684 -0.449608 0.576016 0.697460 0.265520 1 6 1.000000
Hair_d
  6 2.637634 -3.440874 68.071632 0.015782 -0.346331 0.937979 0.740850 0.267070 1 6 1.000000
  6 2.465877 -3.514616 68.016365 -0.193145 -0.446936 0.873466 0.727950 0.267000 1 6 1.000000
  6 2.556924 -3.694207 67.932381 -0.109001 -0.601843 0.791141 0.729920 0.253450 1 6 1.000000
Hair_d
  6 2.327992 -3.824025 67.766258 -0.285147 -0.672305 0.683152 0.712890 0.248250 1 6 1.000000
  6 2.556924 -3.694207 67.932381 -0.109001 -0.601843 0.791141 0.729920 0.253450 1 6 1.000000
  6 2.465877 -3.514616 68.016365 -0.193145 -0.446936 0.873466 0.727950 0.267000 1 6 1.000000
Hair_d
  6 2.465877 -3.514616 68.016365 -0.193145 -0.446936 0.873466 0.727950 0.267000 1 6 1.000000
  6 2.250881 -3.656937 67.855232 -0.381824 -0.516052 0.766747 0.712740 0.260120 1 6 1.000000
  6 2.327992 -3.824025 67.766258 -0.285147 -0.672305 0.683152 0.712890 0.248250 1 6 1.000000
Hair_d
  6 2.164202 -3.805488 67.674538 -0.550544 -0.636182 0.540531 0.698180 0.249160 1 6 1.000000
  6 2.327992 -3.824025 67.766258 -0.285147 -0.672305 0.683152 0.712890 0.248250 1 6 1.000000
  6 2.250881 -3.656937 67.855232 -0.381824 -0.516052 0.766747 0.712740 0.260120 1 6 1.000000
Hair_d
  6 2.250881 -3.656937 67.855232 -0.381824 -0.516052 0.766747 0.712740 0.260120 1 6 1.000000
  6 2.145732 -3.666569 67.778755 -0.550469 -0.509417 0.661421 0.701040 0.258250 1 6 1.000000
  6 2.164202 -3.805488 67.674538 -0.550544 -0.636182 0.540531 0.698180 0.249160 1 6 1.000000
Hair_d
  6 2.036618 -3.700475 67.624306 -0.732478 -0.543991 0.409328 0.691820 0.258530 1 6 1.000000
  6 2.164202 -3.805488 67.674538 -0.550544 -0.636182 0.540531 0.698180 0.249160 1 6 1.000000
  6 2.145732 -3.666569 67.778755 -0.550469 -0.509417 0.661421 0.701040 0.258250 1 6 1.000000
Hair_d
  6 2.145732 -3.666569 67.778755 -0.550469 -0.509417 0.661421 0.701040 0.258250 1 6 1.000000
  6 2.047819 -3.599427 67.729607 -0.682684 -0.449608 0.576016 0.697460 0.265520 1 6 1.000000
  6 2.036618 -3.700475 67.624306 -0.732478 -0.543991 0.409328 0.691820 0.258530 1 6 1.000000
Hair_d
  6 1.947938 -3.575924 67.602791 -0.821345 -0.456683 0.341809 0.687730 0.265590 1 6 1.000000
  6 2.036618 -3.700475 67.624306 -0.732478 -0.543991 0.409328 0.691820 0.258530 1 6 1.000000
  6 2.047819 -3.599427 67.729607 -0.682684 -0.449608 0.576016 0.697460 0.265520 1 6 1.000000
Hair_d
  6 2.047819 -3.599427 67.729607 -0.682684 -0.449608 0.576016 0.697460 0.265520 1 6 1.000000
  6 1.972509 -3.477643 67.724754 -0.728045 -0.389974 0.563801 0.694300 0.272760 1 6 1.000000
  6 1.947938 -3.575924 67.602791 -0.821345 -0.456683 0.341809 0.687730 0.265590 1 6 1.000000
Hair_d
  6 1.865493 -3.421903 67.589424 -0.971031 0.226572 -0.075913 0.683580 0.273480 1 6 1.000000
  6 1.947938 -3.575924 67.602791 -0.821345 -0.456683 0.341809 0.687730 0.265590 1 6 1.000000
  6 1.972509 -3.477643 67.724754 -0.728045 -0.389974 0.563801 0.694300 0.272760 1 6 1.000000
Hair_d
  6 1.972509 -3.477643 67.724754 -0.728045 -0.389974 0.563801 0.694300 0.272760 1 6 1.000000
  6 1.891597 -3.323422 67.719841 -0.944620 0.310689 0.105669 0.690500 0.281710 1 6 1.000000
  6 1.865493 -3.421903 67.589424 -0.971031 0.226572 -0.075913 0.683580 0.273480 1 6 1.000000
Hair_d
  6 1.891597 -3.323422 67.719841 -0.944620 0.310689 0.105669 0.690500 0.281710 1 6 1.000000
  6 1.972509 -3.477643 67.724754 -0.728045 -0.389974 0.563801 0.694300 0.272760 1 6 1.000000
  6 2.024216 -3.389797 67.828499 -0.661393 -0.309549 0.683183 0.701570 0.278100 1 6 1.000000
Hair_d
  6 2.024216 -3.389797 67.828499 -0.661393 -0.309549 0.683183 0.701570 0.278100 1 6 1.000000
  6 1.944204 -3.235378 67.811028 -0.885810 0.411951 0.213629 0.698230 0.288140 1 6 1.000000
  6 1.891597 -3.323422 67.719841 -0.944620 0.310689 0.105669 0.690500 0.281710 1 6 1.000000
Hair_d
  6 2.000679 -3.160966 67.877571 -0.836990 0.479969 0.262825 0.705040 0.292830 1 6 1.000000
  6 1.944204 -3.235378 67.811028 -0.885810 0.411951 0.213629 0.698230 0.288140 1 6 1.000000
  6 2.024216 -3.389797 67.828499 -0.661393 -0.309549 0.683183 0.701570 0.278100 1 6 1.000000
Hair_d
  6 2.024216 -3.389797 67.828499 -0.661393 -0.309549 0.683183 0.701570 0.278100 1 6 1.000000
  6 2.074723 -3.331055 67.897911 -0.616042 -0.232652 0.752572 0.707030 0.281740 1 6 1.000000
  6 2.000679 -3.160966 67.877571 -0.836990 0.479969 0.262825 0.705040 0.292830 1 6 1.000000
Hair_d
  6 2.000679 -3.160966 67.877571 -0.836990 0.479969 0.262825 0.705040 0.292830 1 6 1.000000
  6 2.074723 -3.331055 67.897911 -0.616042 -0.232652 0.752572 0.707030 0.281740 1 6 1.000000
  6 2.127563 -3.282249 67.944847 -0.895786 -0.433797 -0.096892 0.711180 0.284500 1 6 1.000000
Hair_d
  6 2.170236 -3.345827 67.961113 -0.681492 -0.728341 -0.071334 0.713770 0.280450 1 6 1.000000
  6 2.127563 -3.282249 67.944847 -0.895786 -0.433797 -0.096892 0.711180 0.284500 1 6 1.000000
  6 2.074723 -3.331055 67.897911 -0.616042 -0.232652 0.752572 0.707030 0.281740 1 6 1.000000
Hair_d
  6 2.074723 -3.331055 67.897911 -0.616042 -0.232652 0.752572 0.707030 0.281740 1 6 1.000000
  6 2.157601 -3.474976 67.904533 -0.527088 -0.378119 0.761055 0.711740 0.271210 1 6 1.000000
  6 2.170236 -3.345827 67.961113 -0.681492 -0.728341 -0.071334 0.713770 0.280450 1 6 1.000000
Hair_d
  6 2.643535 -3.859164 67.769249 0.026033 -0.747545 0.663701 0.728930 0.238910 1 6 1.000000
  6 2.556924 -3.694207 67.932381 -0.109001 -0.601843 0.791141 0.729920 0.253450 1 6 1.000000
  6 2.327992 -3.824025 67.766258 -0.285147 -0.672305 0.683152 0.712890 0.248250 1 6 1.000000
Hair_d
  6 2.327992 -3.824025 67.766258 -0.285147 -0.672305 0.683152 0.712890 0.248250 1 6 1.000000
  6 2.393034 -3.956443 67.629677 -0.200594 -0.791076 0.577894 0.711680 0.238250 1 6 1.000000
  6 2.643535 -3.859164 67.769249 0.026033 -0.747545 0.663701 0.728930 0.238910 1 6 1.000000
Hair_d
  6 2.393034 -3.956443 67.629677 -0.200594 -0.791076 0.577894 0.711680 0.238250 1 6 1.000000
  6 2.327992 -3.824025 67.766258 -0.285147 -0.672305 0.683152 0.712890 0.248250 1 6 1.000000
  6 2.164202 -3.805488 67.674538 -0.550544 -0.636182 0.540531 0.698180 0.249160 1 6 1.000000
Hair_d
  6 2.164202 -3.805488 67.674538 -0.550544 -0.636182 0.540531 0.698180 0.249160 1 6 1.000000
  6 2.193173 -3.919139 67.545815 -0.550397 -0.721345 0.420385 0.696880 0.242280 1 6 1.000000
  6 2.393034 -3.956443 67.629677 -0.200594 -0.791076 0.577894 0.711680 0.238250 1 6 1.000000
Hair_d
  6 2.393034 -3.956443 67.629677 -0.200594 -0.791076 0.577894 0.711680 0.238250 1 6 1.000000
  6 2.193173 -3.919139 67.545815 -0.550397 -0.721345 0.420385 0.696880 0.242280 1 6 1.000000
  6 2.327725 -4.051489 67.432182 -0.216626 -0.964135 -0.153350 0.701240 0.227740 1 6 1.000000
Hair_d
  6 2.193173 -3.919139 67.545815 -0.550397 -0.721345 0.420385 0.696880 0.242280 1 6 1.000000
  6 2.208975 -3.993682 67.396675 -0.464472 -0.847903 -0.255589 0.694150 0.231900 1 6 1.000000
  6 2.327725 -4.051489 67.432182 -0.216626 -0.964135 -0.153350 0.701240 0.227740 1 6 1.000000
Hair_d
  6 2.103660 -3.901535 67.351295 -0.600253 -0.735940 -0.313192 0.686740 0.236980 1 6 1.000000
  6 2.208975 -3.993682 67.396675 -0.464472 -0.847903 -0.255589 0.694150 0.231900 1 6 1.000000
  6 2.193173 -3.919139 67.545815 -0.550397 -0.721345 0.420385 0.696880 0.242280 1 6 1.000000
Hair_d
  6 2.193173 -3.919139 67.545815 -0.550397 -0.721345 0.420385 0.696880 0.242280 1 6 1.000000
  6 2.062655 -3.801056 67.489418 -0.764412 -0.595927 0.246058 0.688820 0.248550 1 6 1.000000
  6 2.103660 -3.901535 67.351295 -0.600253 -0.735940 -0.313192 0.686740 0.236980 1 6 1.000000
Hair_d
  6 2.062655 -3.801056 67.489418 -0.764412 -0.595927 0.246058 0.688820 0.248550 1 6 1.000000
  6 2.193173 -3.919139 67.545815 -0.550397 -0.721345 0.420385 0.696880 0.242280 1 6 1.000000
  6 2.164202 -3.805488 67.674538 -0.550544 -0.636182 0.540531 0.698180 0.249160 1 6 1.000000
Hair_d
  6 2.164202 -3.805488 67.674538 -0.550544 -0.636182 0.540531 0.698180 0.249160 1 6 1.000000
  6 2.036618 -3.700475 67.624306 -0.732478 -0.543991 0.409328 0.691820 0.258530 1 6 1.000000
  6 2.062655 -3.801056 67.489418 -0.764412 -0.595927 0.246058 0.688820 0.248550 1 6 1.000000
Hair_d
  6 2.451109 -4.064391 67.471321 0.074721 -0.993471 -0.086213 0.708550 0.225170 1 6 1.000000
  6 2.393034 -3.956443 67.629677 -0.200594 -0.791076 0.577894 0.711680 0.238250 1 6 1.000000
  6 2.327725 -4.051489 67.432182 -0.216626 -0.964135 -0.153350 0.701240 0.227740 1 6 1.000000
Hair_d
  6 2.393034 -3.956443 67.629677 -0.200594 -0.791076 0.577894 0.711680 0.238250 1 6 1.000000
  6 2.451109 -4.064391 67.471321 0.074721 -0.993471 -0.086213 0.708550 0.225170 1 6 1.000000
  6 2.580093 -4.040055 67.522987 0.305317 -0.951762 -0.030517 0.717140 0.224220 1 6 1.000000
Hair_d
  6 2.643535 -3.859164 67.769249 0.026033 -0.747545 0.663701 0.728930 0.238910 1 6 1.000000
  6 2.393034 -3.956443 67.629677 -0.200594 -0.791076 0.577894 0.711680 0.238250 1 6 1.000000
  6 2.580093 -4.040055 67.522987 0.305317 -0.951762 -0.030517 0.717140 0.224220 1 6 1.000000
Hair_d
  6 2.714845 -3.986682 67.597572 0.417236 -0.908787 0.004578 0.727100 0.225130 1 6 1.000000
  6 2.643535 -3.859164 67.769249 0.026033 -0.747545 0.663701 0.728930 0.238910 1 6 1.000000
  6 2.580093 -4.040055 67.522987 0.305317 -0.951762 -0.030517 0.717140 0.224220 1 6 1.000000
Hair_d
  6 2.864466 -3.906836 67.665337 0.484299 -0.874756 0.016022 0.738610 0.227110 1 6 1.000000
  6 2.800658 -3.775287 67.832802 0.204152 -0.677979 0.706163 0.739530 0.240660 1 6 1.000000
  6 2.643535 -3.859164 67.769249 0.026033 -0.747545 0.663701 0.728930 0.238910 1 6 1.000000
Hair_d
  6 2.643535 -3.859164 67.769249 0.026033 -0.747545 0.663701 0.728930 0.238910 1 6 1.000000
  6 2.714845 -3.986682 67.597572 0.417236 -0.908787 0.004578 0.727100 0.225130 1 6 1.000000
  6 2.864466 -3.906836 67.665337 0.484299 -0.874756 0.016022 0.738610 0.227110 1 6 1.000000
Hair_d
  6 2.854032 -3.860532 67.623405 0.545542 -0.803566 -0.238044 0.739220 0.223210 1 6 1.000000
  6 2.864466 -3.906836 67.665337 0.484299 -0.874756 0.016022 0.738610 0.227110 1 6 1.000000
  6 2.714845 -3.986682 67.597572 0.417236 -0.908787 0.004578 0.727100 0.225130 1 6 1.000000
Hair_d
  6 2.714845 -3.986682 67.597572 0.417236 -0.908787 0.004578 0.727100 0.225130 1 6 1.000000
  6 2.712678 -3.943009 67.558228 0.526758 -0.830478 -0.181197 0.727560 0.221700 1 6 1.000000
  6 2.854032 -3.860532 67.623405 0.545542 -0.803566 -0.238044 0.739220 0.223210 1 6 1.000000
Hair_d
  6 2.712678 -3.943009 67.558228 0.526758 -0.830478 -0.181197 0.727560 0.221700 1 6 1.000000
  6 2.714845 -3.986682 67.597572 0.417236 -0.908787 0.004578 0.727100 0.225130 1 6 1.000000
  6 2.580093 -4.040055 67.522987 0.305317 -0.951762 -0.030517 0.717140 0.224220 1 6 1.000000
Hair_d
  6 2.580093 -4.040055 67.522987 0.305317 -0.951762 -0.030517 0.717140 0.224220 1 6 1.000000
  6 2.586194 -4.001549 67.485817 0.377366 -0.912565 -0.157546 0.717070 0.220970 1 6 1.000000
  6 2.712678 -3.943009 67.558228 0.526758 -0.830478 -0.181197 0.727560 0.221700 1 6 1.000000
Hair_d
  6 2.586194 -4.001549 67.485817 0.377366 -0.912565 -0.157546 0.717070 0.220970 1 6 1.000000
  6 2.580093 -4.040055 67.522987 0.305317 -0.951762 -0.030517 0.717140 0.224220 1 6 1.000000
  6 2.451109 -4.064391 67.471321 0.074721 -0.993471 -0.086213 0.708550 0.225170 1 6 1.000000
Hair_d
  6 2.451109 -4.064391 67.471321 0.074721 -0.993471 -0.086213 0.708550 0.225170 1 6 1.000000
  6 2.463477 -4.028320 67.435303 0.139669 -0.968452 -0.206379 0.707920 0.222110 1 6 1.000000
  6 2.586194 -4.001549 67.485817 0.377366 -0.912565 -0.157546 0.717070 0.220970 1 6 1.000000
Hair_d
  6 2.463477 -4.028320 67.435303 0.139669 -0.968452 -0.206379 0.707920 0.222110 1 6 1.000000
  6 2.451109 -4.064391 67.471321 0.074721 -0.993471 -0.086213 0.708550 0.225170 1 6 1.000000
  6 2.327725 -4.051489 67.432182 -0.216626 -0.964135 -0.153350 0.701240 0.227740 1 6 1.000000
Hair_d
  6 2.327725 -4.051489 67.432182 -0.216626 -0.964135 -0.153350 0.701240 0.227740 1 6 1.000000
  6 2.345627 -4.017017 67.396881 -0.172848 -0.925009 -0.338352 0.699740 0.224920 1 6 1.000000
  6 2.463477 -4.028320 67.435303 0.139669 -0.968452 -0.206379 0.707920 0.222110 1 6 1.000000
Hair_d
  6 2.232745 -3.959312 67.362831 -0.418201 -0.822956 -0.384514 0.691980 0.229500 1 6 1.000000
  6 2.345627 -4.017017 67.396881 -0.172848 -0.925009 -0.338352 0.699740 0.224920 1 6 1.000000
  6 2.327725 -4.051489 67.432182 -0.216626 -0.964135 -0.153350 0.701240 0.227740 1 6 1.000000
Hair_d
  6 2.327725 -4.051489 67.432182 -0.216626 -0.964135 -0.153350 0.701240 0.227740 1 6 1.000000
  6 2.208975 -3.993682 67.396675 -0.464472 -0.847903 -0.255589 0.694150 0.231900 1 6 1.000000
  6 2.232745 -3.959312 67.362831 -0.418201 -0.822956 -0.384514 0.691980 0.229500 1 6 1.000000
Hair_d
  6 2.138332 -3.876964 67.324127 -0.517888 -0.736424 -0.435283 0.684840 0.234650 1 6 1.000000
  6 2.232745 -3.959312 67.362831 -0.418201 -0.822956 -0.384514 0.691980 0.229500 1 6 1.000000
  6 2.208975 -3.993682 67.396675 -0.464472 -0.847903 -0.255589 0.694150 0.231900 1 6 1.000000
Hair_d
  6 2.208975 -3.993682 67.396675 -0.464472 -0.847903 -0.255589 0.694150 0.231900 1 6 1.000000
  6 2.103660 -3.901535 67.351295 -0.600253 -0.735940 -0.313192 0.686740 0.236980 1 6 1.000000
  6 2.138332 -3.876964 67.324127 -0.517888 -0.736424 -0.435283 0.684840 0.234650 1 6 1.000000
Hair_d
  6 2.138332 -3.876964 67.324127 -0.517888 -0.736424 -0.435283 0.684840 0.234650 1 6 1.000000
  6 2.103660 -3.901535 67.351295 -0.600253 -0.735940 -0.313192 0.686740 0.236980 1 6 1.000000
  6 2.020082 -3.783420 67.277428 -0.610915 -0.667003 -0.426485 0.678090 0.242150 1 6 1.000000
Hair_d
  6 2.020082 -3.783420 67.277428 -0.610915 -0.667003 -0.426485 0.678090 0.242150 1 6 1.000000
  6 2.103660 -3.901535 67.351295 -0.600253 -0.735940 -0.313192 0.686740 0.236980 1 6 1.000000
  6 2.062655 -3.801056 67.489418 -0.764412 -0.595927 0.246058 0.688820 0.248550 1 6 1.000000
Hair_d
  6 2.062655 -3.801056 67.489418 -0.764412 -0.595927 0.246058 0.688820 0.248550 1 6 1.000000
  6 1.968974 -3.679138 67.445305 -0.850004 -0.508868 0.136188 0.682340 0.254850 1 6 1.000000
  6 2.020082 -3.783420 67.277428 -0.610915 -0.667003 -0.426485 0.678090 0.242150 1 6 1.000000
Hair_d
  6 1.968974 -3.679138 67.445305 -0.850004 -0.508868 0.136188 0.682340 0.254850 1 6 1.000000
  6 2.062655 -3.801056 67.489418 -0.764412 -0.595927 0.246058 0.688820 0.248550 1 6 1.000000
  6 2.036618 -3.700475 67.624306 -0.732478 -0.543991 0.409328 0.691820 0.258530 1 6 1.000000
Hair_d
  6 2.036618 -3.700475 67.624306 -0.732478 -0.543991 0.409328 0.691820 0.258530 1 6 1.000000
  6 1.947938 -3.575924 67.602791 -0.821345 -0.456683 0.341809 0.687730 0.265590 1 6 1.000000
  6 1.968974 -3.679138 67.445305 -0.850004 -0.508868 0.136188 0.682340 0.254850 1 6 1.000000
Hair_d
  6 1.887197 -3.531285 67.400307 -0.943510 0.198730 -0.265133 0.675500 0.261730 1 6 1.000000
  6 1.968974 -3.679138 67.445305 -0.850004 -0.508868 0.136188 0.682340 0.254850 1 6 1.000000
  6 1.947938 -3.575924 67.602791 -0.821345 -0.456683 0.341809 0.687730 0.265590 1 6 1.000000
Hair_d
  6 1.947938 -3.575924 67.602791 -0.821345 -0.456683 0.341809 0.687730 0.265590 1 6 1.000000
  6 1.865493 -3.421903 67.589424 -0.971031 0.226572 -0.075913 0.683580 0.273480 1 6 1.000000
  6 1.887197 -3.531285 67.400307 -0.943510 0.198730 -0.265133 0.675500 0.261730 1 6 1.000000
Hair_d
  6 2.020082 -3.783420 67.277428 -0.610915 -0.667003 -0.426485 0.678090 0.242150 1 6 1.000000
  6 2.074222 -3.790118 67.273293 -0.579937 -0.665179 -0.470329 0.678280 0.238770 1 6 1.000000
  6 2.138332 -3.876964 67.324127 -0.517888 -0.736424 -0.435283 0.684840 0.234650 1 6 1.000000
Hair_d
  6 1.968974 -3.679138 67.445305 -0.850004 -0.508868 0.136188 0.682340 0.254850 1 6 1.000000
  6 1.887197 -3.531285 67.400307 -0.943510 0.198730 -0.265133 0.675500 0.261730 1 6 1.000000
  6 1.939937 -3.639967 67.185211 -0.676742 -0.053046 -0.734307 0.668200 0.247820 1 6 1.000000
Hair_d
  6 1.939937 -3.639967 67.185211 -0.676742 -0.053046 -0.734307 0.668200 0.247820 1 6 1.000000
  6 2.020082 -3.783420 67.277428 -0.610915 -0.667003 -0.426485 0.678090 0.242150 1 6 1.000000
  6 1.968974 -3.679138 67.445305 -0.850004 -0.508868 0.136188 0.682340 0.254850 1 6 1.000000
Hair_d
  6 2.074222 -3.790118 67.273293 -0.579937 -0.665179 -0.470329 0.678280 0.238770 1 6 1.000000
  6 2.020082 -3.783420 67.277428 -0.610915 -0.667003 -0.426485 0.678090 0.242150 1 6 1.000000
  6 1.939937 -3.639967 67.185211 -0.676742 -0.053046 -0.734307 0.668200 0.247820 1 6 1.000000
Hair_d
  6 1.939937 -3.639967 67.185211 -0.676742 -0.053046 -0.734307 0.668200 0.247820 1 6 1.000000
  6 2.018748 -3.691906 67.210175 -0.397065 -0.314552 -0.862204 0.671090 0.242780 1 6 1.000000
  6 2.074222 -3.790118 67.273293 -0.579937 -0.665179 -0.470329 0.678280 0.238770 1 6 1.000000
Hair_d
  6 2.493048 -3.103592 68.114952 0.669165 0.381968 0.637432 0.912920 0.199710 1 6 1.000000
  6 2.450642 -3.039948 68.098740 0.475026 0.691651 0.544031 0.905900 0.199600 1 6 1.000000
  6 2.458843 -3.007579 68.164322 0.741414 0.657084 -0.136185 0.903720 0.205860 1 6 1.000000
Hair_d
  6 2.502549 -3.066220 68.190712 0.884554 0.463794 -0.049591 0.909800 0.206470 1 6 1.000000
  6 2.458843 -3.007579 68.164322 0.741414 0.657084 -0.136185 0.903720 0.205860 1 6 1.000000
  6 2.407336 -2.977875 68.300835 0.568168 0.756992 0.322719 0.901340 0.221330 1 6 1.000000
Hair_d
  6 2.458843 -3.007579 68.164322 0.741414 0.657084 -0.136185 0.903720 0.205860 1 6 1.000000
  6 2.502549 -3.066220 68.190712 0.884554 0.463794 -0.049591 0.909800 0.206470 1 6 1.000000
  6 2.493048 -3.103592 68.114952 0.669165 0.381968 0.637432 0.912920 0.199710 1 6 1.000000
Hair_d
  6 2.516284 -3.181402 68.122612 0.720802 0.096810 0.686347 0.920850 0.199390 1 6 1.000000
  6 2.493048 -3.103592 68.114952 0.669165 0.381968 0.637432 0.912920 0.199710 1 6 1.000000
  6 2.502549 -3.066220 68.190712 0.884554 0.463794 -0.049591 0.909800 0.206470 1 6 1.000000
Hair_d
  6 2.449208 -3.035451 68.332039 0.705484 0.567166 0.424988 0.907160 0.220220 1 6 1.000000
  6 2.407336 -2.977875 68.300835 0.568168 0.756992 0.322719 0.901340 0.221330 1 6 1.000000
  6 2.301421 -2.991843 68.404587 0.212023 0.709850 0.671684 0.906770 0.237460 1 6 1.000000
Hair_d
  6 2.407336 -2.977875 68.300835 0.568168 0.756992 0.322719 0.901340 0.221330 1 6 1.000000
  6 2.449208 -3.035451 68.332039 0.705484 0.567166 0.424988 0.907160 0.220220 1 6 1.000000
  6 2.502549 -3.066220 68.190712 0.884554 0.463794 -0.049591 0.909800 0.206470 1 6 1.000000
Hair_d
  6 2.528286 -3.134262 68.218109 0.970763 0.236867 0.038910 0.915280 0.206650 1 6 1.000000
  6 2.502549 -3.066220 68.190712 0.884554 0.463794 -0.049591 0.909800 0.206470 1 6 1.000000
  6 2.449208 -3.035451 68.332039 0.705484 0.567166 0.424988 0.907160 0.220220 1 6 1.000000
Hair_d
  6 2.502549 -3.066220 68.190712 0.884554 0.463794 -0.049591 0.909800 0.206470 1 6 1.000000
  6 2.528286 -3.134262 68.218109 0.970763 0.236867 0.038910 0.915280 0.206650 1 6 1.000000
  6 2.516284 -3.181402 68.122612 0.720802 0.096810 0.686347 0.920850 0.199390 1 6 1.000000
Hair_d
  6 2.515951 -3.266080 68.120064 0.410795 -0.484140 0.772565 0.925840 0.198940 1 6 1.000000
  6 2.516284 -3.181402 68.122612 0.720802 0.096810 0.686347 0.920850 0.199390 1 6 1.000000
  6 2.528286 -3.134262 68.218109 0.970763 0.236867 0.038910 0.915280 0.206650 1 6 1.000000
Hair_d
  6 2.528286 -3.134262 68.218109 0.970763 0.236867 0.038910 0.915280 0.206650 1 6 1.000000
  6 2.534320 -3.207108 68.244652 0.916001 -0.330790 0.226980 0.917470 0.207180 1 6 1.000000
  6 2.515951 -3.266080 68.120064 0.410795 -0.484140 0.772565 0.925840 0.198940 1 6 1.000000
Hair_d
  6 2.534320 -3.207108 68.244652 0.916001 -0.330790 0.226980 0.917470 0.207180 1 6 1.000000
  6 2.528286 -3.134262 68.218109 0.970763 0.236867 0.038910 0.915280 0.206650 1 6 1.000000
  6 2.476779 -3.104559 68.354607 0.796632 0.340096 0.499713 0.912100 0.218800 1 6 1.000000
Hair_d
  6 2.449208 -3.035451 68.332039 0.705484 0.567166 0.424988 0.907160 0.220220 1 6 1.000000
  6 2.476779 -3.104559 68.354607 0.796632 0.340096 0.499713 0.912100 0.218800 1 6 1.000000
  6 2.528286 -3.134262 68.218109 0.970763 0.236867 0.038910 0.915280 0.206650 1 6 1.000000
Hair_d
  6 2.476779 -3.104559 68.354607 0.796632 0.340096 0.499713 0.912100 0.218800 1 6 1.000000
  6 2.449208 -3.035451 68.332039 0.705484 0.567166 0.424988 0.907160 0.220220 1 6 1.000000
  6 2.339560 -3.049917 68.439415 0.337329 0.518379 0.785807 0.911520 0.234030 1 6 1.000000
Hair_d
  6 2.301421 -2.991843 68.404587 0.212023 0.709850 0.671684 0.906770 0.237460 1 6 1.000000
  6 2.339560 -3.049917 68.439415 0.337329 0.518379 0.785807 0.911520 0.234030 1 6 1.000000
  6 2.449208 -3.035451 68.332039 0.705484 0.567166 0.424988 0.907160 0.220220 1 6 1.000000
Hair_d
  6 2.339560 -3.049917 68.439415 0.337329 0.518379 0.785807 0.911520 0.234030 1 6 1.000000
  6 2.301421 -2.991843 68.404587 0.212023 0.709850 0.671684 0.906770 0.237460 1 6 1.000000
  6 2.169536 -3.045784 68.447746 -0.231536 0.528361 0.816839 0.919650 0.249360 1 6 1.000000
Hair_d
  6 2.169536 -3.045784 68.447746 -0.231536 0.528361 0.816839 0.919650 0.249360 1 6 1.000000
  6 2.203040 -3.105793 68.484123 -0.121206 0.330807 0.935882 0.922280 0.244170 1 6 1.000000
  6 2.339560 -3.049917 68.439415 0.337329 0.518379 0.785807 0.911520 0.234030 1 6 1.000000
Hair_d
  6 2.203040 -3.105793 68.484123 -0.121206 0.330807 0.935882 0.922280 0.244170 1 6 1.000000
  6 2.169536 -3.045784 68.447746 -0.231536 0.528361 0.816839 0.919650 0.249360 1 6 1.000000
  6 2.046986 -3.125262 68.418739 -0.643607 0.261195 0.719407 0.936900 0.253620 1 6 1.000000
Hair_d
  6 2.046986 -3.125262 68.418739 -0.643607 0.261195 0.719407 0.936900 0.253620 1 6 1.000000
  6 2.076156 -3.188037 68.454155 -0.547334 0.054746 0.835122 0.936770 0.247830 1 6 1.000000
  6 2.203040 -3.105793 68.484123 -0.121206 0.330807 0.935882 0.922280 0.244170 1 6 1.000000
Hair_d
  6 2.076156 -3.188037 68.454155 -0.547334 0.054746 0.835122 0.936770 0.247830 1 6 1.000000
  6 2.046986 -3.125262 68.418739 -0.643607 0.261195 0.719407 0.936900 0.253620 1 6 1.000000
  6 1.966641 -3.208939 68.325478 -0.913868 -0.020028 0.405517 0.954020 0.249010 1 6 1.000000
Hair_d
  6 1.966641 -3.208939 68.325478 -0.913868 -0.020028 0.405517 0.954020 0.249010 1 6 1.000000
  6 1.992944 -3.274682 68.357498 -0.826649 -0.236165 0.510761 0.951190 0.243950 1 6 1.000000
  6 2.076156 -3.188037 68.454155 -0.547334 0.054746 0.835122 0.936770 0.247830 1 6 1.000000
Hair_d
  6 1.992944 -3.274682 68.357498 -0.826649 -0.236165 0.510761 0.951190 0.243950 1 6 1.000000
  6 1.966641 -3.208939 68.325478 -0.913868 -0.020028 0.405517 0.954020 0.249010 1 6 1.000000
  6 1.949972 -3.274414 68.192757 -0.969852 -0.240252 -0.040817 0.966560 0.236960 1 6 1.000000
Hair_d
  6 1.949972 -3.274414 68.192757 -0.969852 -0.240252 -0.040817 0.966560 0.236960 1 6 1.000000
  6 1.975708 -3.342457 68.220146 -0.884635 -0.463680 0.049210 0.961740 0.233680 1 6 1.000000
  6 1.992944 -3.274682 68.357498 -0.826649 -0.236165 0.510761 0.951190 0.243950 1 6 1.000000
Hair_d
  6 1.975708 -3.342457 68.220146 -0.884635 -0.463680 0.049210 0.961740 0.233680 1 6 1.000000
  6 1.949972 -3.274414 68.192757 -0.969852 -0.240252 -0.040817 0.966560 0.236960 1 6 1.000000
  6 2.001512 -3.304119 68.056259 -0.796623 -0.340102 -0.499722 0.971630 0.221070 1 6 1.000000
Hair_d
  6 2.001512 -3.304119 68.056259 -0.796623 -0.340102 -0.499722 0.971630 0.221070 1 6 1.000000
  6 2.029050 -3.373229 68.078835 -0.705422 -0.567007 -0.425303 0.965880 0.219920 1 6 1.000000
  6 1.975708 -3.342457 68.220146 -0.884635 -0.463680 0.049210 0.961740 0.233680 1 6 1.000000
Hair_d
  6 2.029050 -3.373229 68.078835 -0.705422 -0.567007 -0.425303 0.965880 0.219920 1 6 1.000000
  6 2.001512 -3.304119 68.056259 -0.796623 -0.340102 -0.499722 0.971630 0.221070 1 6 1.000000
  6 2.107394 -3.290151 67.952522 -0.460387 -0.301075 -0.835103 0.969570 0.206550 1 6 1.000000
Hair_d
  6 2.107394 -3.290151 67.952522 -0.460387 -0.301075 -0.835103 0.969570 0.206550 1 6 1.000000
  6 2.138665 -3.358727 67.971458 -0.337841 -0.521420 -0.783572 0.963330 0.206240 1 6 1.000000
  6 2.029050 -3.373229 68.078835 -0.705422 -0.567007 -0.425303 0.965880 0.219920 1 6 1.000000
Hair_d
  6 2.138665 -3.358727 67.971458 -0.337841 -0.521420 -0.783572 0.963330 0.206240 1 6 1.000000
  6 2.107394 -3.290151 67.952522 -0.460387 -0.301075 -0.835103 0.969570 0.206550 1 6 1.000000
  6 2.127563 -3.282249 67.944847 -0.895786 -0.433797 -0.096892 0.969360 0.204610 1 6 1.000000
Hair_d
  6 2.138665 -3.358727 67.971458 -0.337841 -0.521420 -0.783572 0.963330 0.206240 1 6 1.000000
  6 2.176804 -3.416834 68.006317 -0.212305 -0.709996 -0.671441 0.957580 0.206300 1 6 1.000000
  6 2.070922 -3.430804 68.110039 -0.568188 -0.756972 -0.322731 0.960960 0.218410 1 6 1.000000
Hair_d
  6 2.070922 -3.430804 68.110039 -0.568188 -0.756972 -0.322731 0.960960 0.218410 1 6 1.000000
  6 2.029050 -3.373229 68.078835 -0.705422 -0.567007 -0.425303 0.965880 0.219920 1 6 1.000000
  6 2.138665 -3.358727 67.971458 -0.337841 -0.521420 -0.783572 0.963330 0.206240 1 6 1.000000
Hair_d
  6 2.029050 -3.373229 68.078835 -0.705422 -0.567007 -0.425303 0.965880 0.219920 1 6 1.000000
  6 2.070922 -3.430804 68.110039 -0.568188 -0.756972 -0.322731 0.960960 0.218410 1 6 1.000000
  6 2.019381 -3.401097 68.246521 -0.741414 -0.657084 0.136185 0.957780 0.230570 1 6 1.000000
Hair_d
  6 2.019381 -3.401097 68.246521 -0.741414 -0.657084 0.136185 0.957780 0.230570 1 6 1.000000
  6 1.975708 -3.342457 68.220146 -0.884635 -0.463680 0.049210 0.961740 0.233680 1 6 1.000000
  6 2.029050 -3.373229 68.078835 -0.705422 -0.567007 -0.425303 0.965880 0.219920 1 6 1.000000
Hair_d
  6 1.975708 -3.342457 68.220146 -0.884635 -0.463680 0.049210 0.961740 0.233680 1 6 1.000000
  6 2.019381 -3.401097 68.246521 -0.741414 -0.657084 0.136185 0.957780 0.230570 1 6 1.000000
  6 2.036050 -3.335622 68.379250 -0.685482 -0.436777 0.582529 0.948910 0.239520 1 6 1.000000
Hair_d
  6 2.036050 -3.335622 68.379250 -0.685482 -0.436777 0.582529 0.948910 0.239520 1 6 1.000000
  6 1.992944 -3.274682 68.357498 -0.826649 -0.236165 0.510761 0.951190 0.243950 1 6 1.000000
  6 1.975708 -3.342457 68.220146 -0.884635 -0.463680 0.049210 0.961740 0.233680 1 6 1.000000
Hair_d
  6 1.992944 -3.274682 68.357498 -0.826649 -0.236165 0.510761 0.951190 0.243950 1 6 1.000000
  6 2.036050 -3.335622 68.379250 -0.685482 -0.436777 0.582529 0.948910 0.239520 1 6 1.000000
  6 2.116428 -3.251943 68.472557 -0.415096 -0.155463 0.896396 0.936730 0.242870 1 6 1.000000
Hair_d
  6 2.116428 -3.251943 68.472557 -0.415096 -0.155463 0.896396 0.936730 0.242870 1 6 1.000000
  6 2.076156 -3.188037 68.454155 -0.547334 0.054746 0.835122 0.936770 0.247830 1 6 1.000000
  6 1.992944 -3.274682 68.357498 -0.826649 -0.236165 0.510761 0.951190 0.243950 1 6 1.000000
Hair_d
  6 2.076156 -3.188037 68.454155 -0.547334 0.054746 0.835122 0.936770 0.247830 1 6 1.000000
  6 2.116428 -3.251943 68.472557 -0.415096 -0.155463 0.896396 0.936730 0.242870 1 6 1.000000
  6 2.238978 -3.172501 68.501518 -0.003052 0.111582 0.993750 0.924490 0.239720 1 6 1.000000
Hair_d
  6 2.238978 -3.172501 68.501518 -0.003052 0.111582 0.993750 0.924490 0.239720 1 6 1.000000
  6 2.203040 -3.105793 68.484123 -0.121206 0.330807 0.935882 0.922280 0.244170 1 6 1.000000
  6 2.076156 -3.188037 68.454155 -0.547334 0.054746 0.835122 0.936770 0.247830 1 6 1.000000
Hair_d
  6 2.203040 -3.105793 68.484123 -0.121206 0.330807 0.935882 0.922280 0.244170 1 6 1.000000
  6 2.238978 -3.172501 68.501518 -0.003052 0.111582 0.993750 0.924490 0.239720 1 6 1.000000
  6 2.370864 -3.118525 68.458351 0.440526 0.293287 0.848481 0.915470 0.230910 1 6 1.000000
Hair_d
  6 2.370864 -3.118525 68.458351 0.440526 0.293287 0.848481 0.915470 0.230910 1 6 1.000000
  6 2.339560 -3.049917 68.439415 0.337329 0.518379 0.785807 0.911520 0.234030 1 6 1.000000
  6 2.203040 -3.105793 68.484123 -0.121206 0.330807 0.935882 0.922280 0.244170 1 6 1.000000
Hair_d
  6 2.339560 -3.049917 68.439415 0.337329 0.518379 0.785807 0.911520 0.234030 1 6 1.000000
  6 2.370864 -3.118525 68.458351 0.440526 0.293287 0.848481 0.915470 0.230910 1 6 1.000000
  6 2.476779 -3.104559 68.354607 0.796632 0.340096 0.499713 0.912100 0.218800 1 6 1.000000
Hair_d
  6 2.488113 -3.180437 68.367035 0.798820 -0.263293 0.540891 0.914630 0.218080 1 6 1.000000
  6 2.476779 -3.104559 68.354607 0.796632 0.340096 0.499713 0.912100 0.218800 1 6 1.000000
  6 2.370864 -3.118525 68.458351 0.440526 0.293287 0.848481 0.915470 0.230910 1 6 1.000000
Hair_d
  6 2.476779 -3.104559 68.354607 0.796632 0.340096 0.499713 0.912100 0.218800 1 6 1.000000
  6 2.488113 -3.180437 68.367035 0.798820 -0.263293 0.540891 0.914630 0.218080 1 6 1.000000
  6 2.534320 -3.207108 68.244652 0.916001 -0.330790 0.226980 0.917470 0.207180 1 6 1.000000
Hair_d
  6 2.494481 -3.232709 68.248520 0.712832 -0.626959 0.314314 0.920970 0.209100 1 6 1.000000
  6 2.534320 -3.207108 68.244652 0.916001 -0.330790 0.226980 0.917470 0.207180 1 6 1.000000
  6 2.488113 -3.180437 68.367035 0.798820 -0.263293 0.540891 0.914630 0.218080 1 6 1.000000
Hair_d
  6 2.534320 -3.207108 68.244652 0.916001 -0.330790 0.226980 0.917470 0.207180 1 6 1.000000
  6 2.494481 -3.232709 68.248520 0.712832 -0.626959 0.314314 0.920970 0.209100 1 6 1.000000
  6 2.482279 -3.280652 68.151405 0.714681 -0.684426 0.144195 0.927460 0.202550 1 6 1.000000
Hair_d
  6 2.452609 -3.334126 68.199425 0.812261 -0.582237 0.035095 0.930120 0.206570 1 6 1.000000
  6 2.482279 -3.280652 68.151405 0.714681 -0.684426 0.144195 0.927460 0.202550 1 6 1.000000
  6 2.494481 -3.232709 68.248520 0.712832 -0.626959 0.314314 0.920970 0.209100 1 6 1.000000
Hair_d
  6 2.393168 -3.192970 68.460052 0.561781 -0.294217 0.773200 0.917650 0.228930 1 6 1.000000
  6 2.370864 -3.118525 68.458351 0.440526 0.293287 0.848481 0.915470 0.230910 1 6 1.000000
  6 2.238978 -3.172501 68.501518 -0.003052 0.111582 0.993750 0.924490 0.239720 1 6 1.000000
Hair_d
  6 2.370864 -3.118525 68.458351 0.440526 0.293287 0.848481 0.915470 0.230910 1 6 1.000000
  6 2.393168 -3.192970 68.460052 0.561781 -0.294217 0.773200 0.917650 0.228930 1 6 1.000000
  6 2.488113 -3.180437 68.367035 0.798820 -0.263293 0.540891 0.914630 0.218080 1 6 1.000000
Hair_d
  6 2.456743 -3.210942 68.348473 0.654993 -0.593220 0.468053 0.918650 0.218000 1 6 1.000000
  6 2.488113 -3.180437 68.367035 0.798820 -0.263293 0.540891 0.914630 0.218080 1 6 1.000000
  6 2.393168 -3.192970 68.460052 0.561781 -0.294217 0.773200 0.917650 0.228930 1 6 1.000000
Hair_d
  6 2.488113 -3.180437 68.367035 0.798820 -0.263293 0.540891 0.914630 0.218080 1 6 1.000000
  6 2.456743 -3.210942 68.348473 0.654993 -0.593220 0.468053 0.918650 0.218000 1 6 1.000000
  6 2.494481 -3.232709 68.248520 0.712832 -0.626959 0.314314 0.920970 0.209100 1 6 1.000000
Hair_d
  6 2.461243 -3.300221 68.268089 0.842205 -0.464636 0.273503 0.925530 0.211200 1 6 1.000000
  6 2.494481 -3.232709 68.248520 0.712832 -0.626959 0.314314 0.920970 0.209100 1 6 1.000000
  6 2.456743 -3.210942 68.348473 0.654993 -0.593220 0.468053 0.918650 0.218000 1 6 1.000000
Hair_d
  6 2.494481 -3.232709 68.248520 0.712832 -0.626959 0.314314 0.920970 0.209100 1 6 1.000000
  6 2.461243 -3.300221 68.268089 0.842205 -0.464636 0.273503 0.925530 0.211200 1 6 1.000000
  6 2.452609 -3.334126 68.199425 0.812261 -0.582237 0.035095 0.930120 0.206570 1 6 1.000000
Hair_d
  6 2.406635 -3.375531 68.246483 0.663008 -0.723400 0.192646 0.933210 0.211500 1 6 1.000000
  6 2.452609 -3.334126 68.199425 0.812261 -0.582237 0.035095 0.930120 0.206570 1 6 1.000000
  6 2.461243 -3.300221 68.268089 0.842205 -0.464636 0.273503 0.925530 0.211200 1 6 1.000000
Hair_d
  6 2.452609 -3.334126 68.199425 0.812261 -0.582237 0.035095 0.930120 0.206570 1 6 1.000000
  6 2.406635 -3.375531 68.246483 0.663008 -0.723400 0.192646 0.933210 0.211500 1 6 1.000000
  6 2.385099 -3.397932 68.221489 0.585154 -0.804500 0.101853 0.936470 0.210600 1 6 1.000000
Hair_d
  6 2.482279 -3.280652 68.151405 0.714681 -0.684426 0.144195 0.927460 0.202550 1 6 1.000000
  6 2.452609 -3.334126 68.199425 0.812261 -0.582237 0.035095 0.930120 0.206570 1 6 1.000000
  6 2.411002 -3.377396 68.151115 0.668106 -0.732265 -0.131990 0.936420 0.204830 1 6 1.000000
Hair_d
  6 2.385099 -3.397932 68.221489 0.585154 -0.804500 0.101853 0.936470 0.210600 1 6 1.000000
  6 2.411002 -3.377396 68.151115 0.668106 -0.732265 -0.131990 0.936420 0.204830 1 6 1.000000
  6 2.452609 -3.334126 68.199425 0.812261 -0.582237 0.035095 0.930120 0.206570 1 6 1.000000
Hair_d
  6 2.411002 -3.377396 68.151115 0.668106 -0.732265 -0.131990 0.936420 0.204830 1 6 1.000000
  6 2.385099 -3.397932 68.221489 0.585154 -0.804500 0.101853 0.936470 0.210600 1 6 1.000000
  6 2.352261 -3.419235 68.213715 0.466534 -0.881402 0.074005 0.939750 0.211440 1 6 1.000000
Hair_d
  6 2.347494 -3.402064 68.289391 0.450423 -0.821766 0.349028 0.936520 0.217000 1 6 1.000000
  6 2.352261 -3.419235 68.213715 0.466534 -0.881402 0.074005 0.939750 0.211440 1 6 1.000000
  6 2.385099 -3.397932 68.221489 0.585154 -0.804500 0.101853 0.936470 0.210600 1 6 1.000000
Hair_d
  6 2.347494 -3.402064 68.289391 0.450423 -0.821766 0.349028 0.936520 0.217000 1 6 1.000000
  6 2.385099 -3.397932 68.221489 0.585154 -0.804500 0.101853 0.936470 0.210600 1 6 1.000000
  6 2.406635 -3.375531 68.246483 0.663008 -0.723400 0.192646 0.933210 0.211500 1 6 1.000000
Hair_d
  6 2.347494 -3.402064 68.289391 0.450423 -0.821766 0.349028 0.936520 0.217000 1 6 1.000000
  6 2.406635 -3.375531 68.246483 0.663008 -0.723400 0.192646 0.933210 0.211500 1 6 1.000000
  6 2.411103 -3.357959 68.282021 0.679305 -0.659825 0.321210 0.930830 0.213890 1 6 1.000000
Hair_d
  6 2.461243 -3.300221 68.268089 0.842205 -0.464636 0.273503 0.925530 0.211200 1 6 1.000000
  6 2.411103 -3.357959 68.282021 0.679305 -0.659825 0.321210 0.930830 0.213890 1 6 1.000000
  6 2.406635 -3.375531 68.246483 0.663008 -0.723400 0.192646 0.933210 0.211500 1 6 1.000000
Hair_d
  6 2.411103 -3.357959 68.282021 0.679305 -0.659825 0.321210 0.930830 0.213890 1 6 1.000000
  6 2.461243 -3.300221 68.268089 0.842205 -0.464636 0.273503 0.925530 0.211200 1 6 1.000000
  6 2.434573 -3.284850 68.338768 0.749928 -0.411349 0.518073 0.923880 0.217490 1 6 1.000000
Hair_d
  6 2.456743 -3.210942 68.348473 0.654993 -0.593220 0.468053 0.918650 0.218000 1 6 1.000000
  6 2.434573 -3.284850 68.338768 0.749928 -0.411349 0.518073 0.923880 0.217490 1 6 1.000000
  6 2.461243 -3.300221 68.268089 0.842205 -0.464636 0.273503 0.925530 0.211200 1 6 1.000000
Hair_d
  6 2.434573 -3.284850 68.338768 0.749928 -0.411349 0.518073 0.923880 0.217490 1 6 1.000000
  6 2.456743 -3.210942 68.348473 0.654993 -0.593220 0.468053 0.918650 0.218000 1 6 1.000000
  6 2.379232 -3.221208 68.424431 0.535648 -0.608819 0.585167 0.921110 0.226860 1 6 1.000000
Hair_d
  6 2.393168 -3.192970 68.460052 0.561781 -0.294217 0.773200 0.917650 0.228930 1 6 1.000000
  6 2.379232 -3.221208 68.424431 0.535648 -0.608819 0.585167 0.921110 0.226860 1 6 1.000000
  6 2.456743 -3.210942 68.348473 0.654993 -0.593220 0.468053 0.918650 0.218000 1 6 1.000000
Hair_d
  6 2.379232 -3.221208 68.424431 0.535648 -0.608819 0.585167 0.921110 0.226860 1 6 1.000000
  6 2.393168 -3.192970 68.460052 0.561781 -0.294217 0.773200 0.917650 0.228930 1 6 1.000000
  6 2.274920 -3.241374 68.498726 0.266252 -0.415436 0.869783 0.925730 0.236830 1 6 1.000000
Hair_d
  6 2.238978 -3.172501 68.501518 -0.003052 0.111582 0.993750 0.924490 0.239720 1 6 1.000000
  6 2.274920 -3.241374 68.498726 0.266252 -0.415436 0.869783 0.925730 0.236830 1 6 1.000000
  6 2.393168 -3.192970 68.460052 0.561781 -0.294217 0.773200 0.917650 0.228930 1 6 1.000000
Hair_d
  6 2.274920 -3.241374 68.498726 0.266252 -0.415436 0.869783 0.925730 0.236830 1 6 1.000000
  6 2.238978 -3.172501 68.501518 -0.003052 0.111582 0.993750 0.924490 0.239720 1 6 1.000000
  6 2.116428 -3.251943 68.472557 -0.415096 -0.155463 0.896396 0.936730 0.242870 1 6 1.000000
Hair_d
  6 2.116428 -3.251943 68.472557 -0.415096 -0.155463 0.896396 0.936730 0.242870 1 6 1.000000
  6 2.165035 -3.312587 68.472786 -0.008250 -0.593198 0.805014 0.936700 0.239650 1 6 1.000000
  6 2.274920 -3.241374 68.498726 0.266252 -0.415436 0.869783 0.925730 0.236830 1 6 1.000000
Hair_d
  6 2.165035 -3.312587 68.472786 -0.008250 -0.593198 0.805014 0.936700 0.239650 1 6 1.000000
  6 2.116428 -3.251943 68.472557 -0.415096 -0.155463 0.896396 0.936730 0.242870 1 6 1.000000
  6 2.036050 -3.335622 68.379250 -0.685482 -0.436777 0.582529 0.948910 0.239520 1 6 1.000000
Hair_d
  6 2.036050 -3.335622 68.379250 -0.685482 -0.436777 0.582529 0.948910 0.239520 1 6 1.000000
  6 2.092991 -3.387630 68.389107 -0.188055 -0.780758 0.595863 0.947630 0.236650 1 6 1.000000
  6 2.165035 -3.312587 68.472786 -0.008250 -0.593198 0.805014 0.936700 0.239650 1 6 1.000000
Hair_d
  6 2.092991 -3.387630 68.389107 -0.188055 -0.780758 0.595863 0.947630 0.236650 1 6 1.000000
  6 2.036050 -3.335622 68.379250 -0.685482 -0.436777 0.582529 0.948910 0.239520 1 6 1.000000
  6 2.019381 -3.401097 68.246521 -0.741414 -0.657084 0.136185 0.957780 0.230570 1 6 1.000000
Hair_d
  6 2.379232 -3.221208 68.424431 0.535648 -0.608819 0.585167 0.921110 0.226860 1 6 1.000000
  6 2.379732 -3.292082 68.392464 0.559829 -0.436604 0.704250 0.925630 0.223760 1 6 1.000000
  6 2.434573 -3.284850 68.338768 0.749928 -0.411349 0.518073 0.923880 0.217490 1 6 1.000000
Hair_d
  6 2.397301 -3.350024 68.318596 0.629254 -0.631137 0.453547 0.929980 0.217150 1 6 1.000000
  6 2.434573 -3.284850 68.338768 0.749928 -0.411349 0.518073 0.923880 0.217490 1 6 1.000000
  6 2.379732 -3.292082 68.392464 0.559829 -0.436604 0.704250 0.925630 0.223760 1 6 1.000000
Hair_d
  6 2.434573 -3.284850 68.338768 0.749928 -0.411349 0.518073 0.923880 0.217490 1 6 1.000000
  6 2.397301 -3.350024 68.318596 0.629254 -0.631137 0.453547 0.929980 0.217150 1 6 1.000000
  6 2.411103 -3.357959 68.282021 0.679305 -0.659825 0.321210 0.930830 0.213890 1 6 1.000000
Hair_d
  6 2.347494 -3.402064 68.289391 0.450423 -0.821766 0.349028 0.936520 0.217000 1 6 1.000000
  6 2.411103 -3.357959 68.282021 0.679305 -0.659825 0.321210 0.930830 0.213890 1 6 1.000000
  6 2.397301 -3.350024 68.318596 0.629254 -0.631137 0.453547 0.929980 0.217150 1 6 1.000000
Hair_d
  6 2.347494 -3.402064 68.289391 0.450423 -0.821766 0.349028 0.936520 0.217000 1 6 1.000000
  6 2.397301 -3.350024 68.318596 0.629254 -0.631137 0.453547 0.929980 0.217150 1 6 1.000000
  6 2.368930 -3.353759 68.346397 0.526633 -0.644553 0.554265 0.930880 0.220400 1 6 1.000000
Hair_d
  6 2.347494 -3.402064 68.289391 0.450423 -0.821766 0.349028 0.936520 0.217000 1 6 1.000000
  6 2.368930 -3.353759 68.346397 0.526633 -0.644553 0.554265 0.930880 0.220400 1 6 1.000000
  6 2.333592 -3.368228 68.357971 0.398839 -0.697008 0.595909 0.933300 0.222760 1 6 1.000000
Hair_d
  6 2.311489 -3.320020 68.414818 0.323308 -0.533363 0.781662 0.930290 0.228320 1 6 1.000000
  6 2.333592 -3.368228 68.357971 0.398839 -0.697008 0.595909 0.933300 0.222760 1 6 1.000000
  6 2.368930 -3.353759 68.346397 0.526633 -0.644553 0.554265 0.930880 0.220400 1 6 1.000000
Hair_d
  6 2.368930 -3.353759 68.346397 0.526633 -0.644553 0.554265 0.930880 0.220400 1 6 1.000000
  6 2.379732 -3.292082 68.392464 0.559829 -0.436604 0.704250 0.925630 0.223760 1 6 1.000000
  6 2.311489 -3.320020 68.414818 0.323308 -0.533363 0.781662 0.930290 0.228320 1 6 1.000000
Hair_d
  6 2.282685 -3.260711 68.456032 0.386577 -0.669804 0.633972 0.927710 0.233310 1 6 1.000000
  6 2.311489 -3.320020 68.414818 0.323308 -0.533363 0.781662 0.930290 0.228320 1 6 1.000000
  6 2.379732 -3.292082 68.392464 0.559829 -0.436604 0.704250 0.925630 0.223760 1 6 1.000000
Hair_d
  6 2.379732 -3.292082 68.392464 0.559829 -0.436604 0.704250 0.925630 0.223760 1 6 1.000000
  6 2.368930 -3.353759 68.346397 0.526633 -0.644553 0.554265 0.930880 0.220400 1 6 1.000000
  6 2.397301 -3.350024 68.318596 0.629254 -0.631137 0.453547 0.929980 0.217150 1 6 1.000000
Hair_d
  6 2.019381 -3.401097 68.246521 -0.741414 -0.657084 0.136185 0.957780 0.230570 1 6 1.000000
  6 2.078057 -3.446306 68.270134 -0.225350 -0.927364 0.298687 0.955580 0.228620 1 6 1.000000
  6 2.092991 -3.387630 68.389107 -0.188055 -0.780758 0.595863 0.947630 0.236650 1 6 1.000000
Hair_d
  6 2.134131 -3.380128 68.366508 0.157717 -0.853946 0.495884 0.945590 0.233170 1 6 1.000000
  6 2.092991 -3.387630 68.389107 -0.188055 -0.780758 0.595863 0.947630 0.236650 1 6 1.000000
  6 2.078057 -3.446306 68.270134 -0.225350 -0.927364 0.298687 0.955580 0.228620 1 6 1.000000
Hair_d
  6 2.078057 -3.446306 68.270134 -0.225350 -0.927364 0.298687 0.955580 0.228620 1 6 1.000000
  6 2.121929 -3.428036 68.269356 0.138835 -0.927904 0.346003 0.952090 0.226610 1 6 1.000000
  6 2.134131 -3.380128 68.366508 0.157717 -0.853946 0.495884 0.945590 0.233170 1 6 1.000000
Hair_d
  6 2.206441 -3.404467 68.351509 -0.040629 -0.825917 0.562326 0.942940 0.228220 1 6 1.000000
  6 2.134131 -3.380128 68.366508 0.157717 -0.853946 0.495884 0.945590 0.233170 1 6 1.000000
  6 2.121929 -3.428036 68.269356 0.138835 -0.927904 0.346003 0.952090 0.226610 1 6 1.000000
Hair_d
  6 2.121929 -3.428036 68.269356 0.138835 -0.927904 0.346003 0.952090 0.226610 1 6 1.000000
  6 2.197806 -3.438338 68.282829 -0.070525 -0.943338 0.324253 0.947530 0.223580 1 6 1.000000
  6 2.206441 -3.404467 68.351509 -0.040629 -0.825917 0.562326 0.942940 0.228220 1 6 1.000000
Hair_d
  6 2.279218 -3.411935 68.325203 0.202123 -0.855203 0.477256 0.939840 0.222700 1 6 1.000000
  6 2.206441 -3.404467 68.351509 -0.040629 -0.825917 0.562326 0.942940 0.228220 1 6 1.000000
  6 2.197806 -3.438338 68.282829 -0.070525 -0.943338 0.324253 0.947530 0.223580 1 6 1.000000
Hair_d
  6 2.197806 -3.438338 68.282829 -0.070525 -0.943338 0.324253 0.947530 0.223580 1 6 1.000000
  6 2.274751 -3.429468 68.289665 0.185814 -0.918506 0.349026 0.942220 0.220300 1 6 1.000000
  6 2.279218 -3.411935 68.325203 0.202123 -0.855203 0.477256 0.939840 0.222700 1 6 1.000000
Hair_d
  6 2.347494 -3.402064 68.289391 0.450423 -0.821766 0.349028 0.936520 0.217000 1 6 1.000000
  6 2.279218 -3.411935 68.325203 0.202123 -0.855203 0.477256 0.939840 0.222700 1 6 1.000000
  6 2.274751 -3.429468 68.289665 0.185814 -0.918506 0.349026 0.942220 0.220300 1 6 1.000000
Hair_d
  6 2.347494 -3.402064 68.289391 0.450423 -0.821766 0.349028 0.936520 0.217000 1 6 1.000000
  6 2.300754 -3.389497 68.350243 0.279845 -0.773966 0.568035 0.936580 0.223600 1 6 1.000000
  6 2.279218 -3.411935 68.325203 0.202123 -0.855203 0.477256 0.939840 0.222700 1 6 1.000000
Hair_d
  6 2.347494 -3.402064 68.289391 0.450423 -0.821766 0.349028 0.936520 0.217000 1 6 1.000000
  6 2.333592 -3.368228 68.357971 0.398839 -0.697008 0.595909 0.933300 0.222760 1 6 1.000000
  6 2.300754 -3.389497 68.350243 0.279845 -0.773966 0.568035 0.936580 0.223600 1 6 1.000000
Hair_d
  6 2.248047 -3.361127 68.399818 0.103409 -0.675795 0.729800 0.936630 0.229950 1 6 1.000000
  6 2.300754 -3.389497 68.350243 0.279845 -0.773966 0.568035 0.936580 0.223600 1 6 1.000000
  6 2.333592 -3.368228 68.357971 0.398839 -0.697008 0.595909 0.933300 0.222760 1 6 1.000000
Hair_d
  6 2.333592 -3.368228 68.357971 0.398839 -0.697008 0.595909 0.933300 0.222760 1 6 1.000000
  6 2.311489 -3.320020 68.414818 0.323308 -0.533363 0.781662 0.930290 0.228320 1 6 1.000000
  6 2.248047 -3.361127 68.399818 0.103409 -0.675795 0.729800 0.936630 0.229950 1 6 1.000000
Hair_d
  6 2.192973 -3.318853 68.434822 0.248261 -0.759566 0.601187 0.936670 0.235620 1 6 1.000000
  6 2.248047 -3.361127 68.399818 0.103409 -0.675795 0.729800 0.936630 0.229950 1 6 1.000000
  6 2.311489 -3.320020 68.414818 0.323308 -0.533363 0.781662 0.930290 0.228320 1 6 1.000000
Hair_d
  6 2.311489 -3.320020 68.414818 0.323308 -0.533363 0.781662 0.930290 0.228320 1 6 1.000000
  6 2.282685 -3.260711 68.456032 0.386577 -0.669804 0.633972 0.927710 0.233310 1 6 1.000000
  6 2.192973 -3.318853 68.434822 0.248261 -0.759566 0.601187 0.936670 0.235620 1 6 1.000000
Hair_d
  6 2.165035 -3.312587 68.472786 -0.008250 -0.593198 0.805014 0.936700 0.239650 1 6 1.000000
  6 2.192973 -3.318853 68.434822 0.248261 -0.759566 0.601187 0.936670 0.235620 1 6 1.000000
  6 2.282685 -3.260711 68.456032 0.386577 -0.669804 0.633972 0.927710 0.233310 1 6 1.000000
Hair_d
  6 2.282685 -3.260711 68.456032 0.386577 -0.669804 0.633972 0.927710 0.233310 1 6 1.000000
  6 2.274920 -3.241374 68.498726 0.266252 -0.415436 0.869783 0.925730 0.236830 1 6 1.000000
  6 2.165035 -3.312587 68.472786 -0.008250 -0.593198 0.805014 0.936700 0.239650 1 6 1.000000
Hair_d
  6 2.274920 -3.241374 68.498726 0.266252 -0.415436 0.869783 0.925730 0.236830 1 6 1.000000
  6 2.282685 -3.260711 68.456032 0.386577 -0.669804 0.633972 0.927710 0.233310 1 6 1.000000
  6 2.379232 -3.221208 68.424431 0.535648 -0.608819 0.585167 0.921110 0.226860 1 6 1.000000
Hair_d
  6 2.379732 -3.292082 68.392464 0.559829 -0.436604 0.704250 0.925630 0.223760 1 6 1.000000
  6 2.379232 -3.221208 68.424431 0.535648 -0.608819 0.585167 0.921110 0.226860 1 6 1.000000
  6 2.282685 -3.260711 68.456032 0.386577 -0.669804 0.633972 0.927710 0.233310 1 6 1.000000
Hair_d
  6 2.192973 -3.318853 68.434822 0.248261 -0.759566 0.601187 0.936670 0.235620 1 6 1.000000
  6 2.165035 -3.312587 68.472786 -0.008250 -0.593198 0.805014 0.936700 0.239650 1 6 1.000000
  6 2.092991 -3.387630 68.389107 -0.188055 -0.780758 0.595863 0.947630 0.236650 1 6 1.000000
Hair_d
  6 2.092991 -3.387630 68.389107 -0.188055 -0.780758 0.595863 0.947630 0.236650 1 6 1.000000
  6 2.134131 -3.380128 68.366508 0.157717 -0.853946 0.495884 0.945590 0.233170 1 6 1.000000
  6 2.192973 -3.318853 68.434822 0.248261 -0.759566 0.601187 0.936670 0.235620 1 6 1.000000
Hair_d
  6 2.248047 -3.361127 68.399818 0.103409 -0.675795 0.729800 0.936630 0.229950 1 6 1.000000
  6 2.192973 -3.318853 68.434822 0.248261 -0.759566 0.601187 0.936670 0.235620 1 6 1.000000
  6 2.134131 -3.380128 68.366508 0.157717 -0.853946 0.495884 0.945590 0.233170 1 6 1.000000
Hair_d
  6 2.134131 -3.380128 68.366508 0.157717 -0.853946 0.495884 0.945590 0.233170 1 6 1.000000
  6 2.206441 -3.404467 68.351509 -0.040629 -0.825917 0.562326 0.942940 0.228220 1 6 1.000000
  6 2.248047 -3.361127 68.399818 0.103409 -0.675795 0.729800 0.936630 0.229950 1 6 1.000000
Hair_d
  6 2.300754 -3.389497 68.350243 0.279845 -0.773966 0.568035 0.936580 0.223600 1 6 1.000000
  6 2.248047 -3.361127 68.399818 0.103409 -0.675795 0.729800 0.936630 0.229950 1 6 1.000000
  6 2.206441 -3.404467 68.351509 -0.040629 -0.825917 0.562326 0.942940 0.228220 1 6 1.000000
Hair_d
  6 2.206441 -3.404467 68.351509 -0.040629 -0.825917 0.562326 0.942940 0.228220 1 6 1.000000
  6 2.279218 -3.411935 68.325203 0.202123 -0.855203 0.477256 0.939840 0.222700 1 6 1.000000
  6 2.300754 -3.389497 68.350243 0.279845 -0.773966 0.568035 0.936580 0.223600 1 6 1.000000
Hair_d
  6 2.078057 -3.446306 68.270134 -0.225350 -0.927364 0.298687 0.955580 0.228620 1 6 1.000000
  6 2.019381 -3.401097 68.246521 -0.741414 -0.657084 0.136185 0.957780 0.230570 1 6 1.000000
  6 2.070922 -3.430804 68.110039 -0.568188 -0.756972 -0.322731 0.960960 0.218410 1 6 1.000000
Hair_d
  6 2.070922 -3.430804 68.110039 -0.568188 -0.756972 -0.322731 0.960960 0.218410 1 6 1.000000
  6 2.124263 -3.472975 68.147743 -0.110055 -0.993902 -0.006866 0.958430 0.217720 1 6 1.000000
  6 2.078057 -3.446306 68.270134 -0.225350 -0.927364 0.298687 0.955580 0.228620 1 6 1.000000
Hair_d
  6 2.121929 -3.428036 68.269356 0.138835 -0.927904 0.346003 0.952090 0.226610 1 6 1.000000
  6 2.078057 -3.446306 68.270134 -0.225350 -0.927364 0.298687 0.955580 0.228620 1 6 1.000000
  6 2.124263 -3.472975 68.147743 -0.110055 -0.993902 -0.006866 0.958430 0.217720 1 6 1.000000
Hair_d
  6 2.124263 -3.472975 68.147743 -0.110055 -0.993902 -0.006866 0.958430 0.217720 1 6 1.000000
  6 2.159668 -3.449806 68.169441 0.197036 -0.961435 0.191886 0.954410 0.217710 1 6 1.000000
  6 2.121929 -3.428036 68.269356 0.138835 -0.927904 0.346003 0.952090 0.226610 1 6 1.000000
Hair_d
  6 2.197806 -3.438338 68.282829 -0.070525 -0.943338 0.324253 0.947530 0.223580 1 6 1.000000
  6 2.121929 -3.428036 68.269356 0.138835 -0.927904 0.346003 0.952090 0.226610 1 6 1.000000
  6 2.159668 -3.449806 68.169441 0.197036 -0.961435 0.191886 0.954410 0.217710 1 6 1.000000
Hair_d
  6 2.159668 -3.449806 68.169441 0.197036 -0.961435 0.191886 0.954410 0.217710 1 6 1.000000
  6 2.224477 -3.453709 68.212151 0.021911 -0.996606 0.079347 0.949170 0.217290 1 6 1.000000
  6 2.197806 -3.438338 68.282829 -0.070525 -0.943338 0.324253 0.947530 0.223580 1 6 1.000000
Hair_d
  6 2.274751 -3.429468 68.289665 0.185814 -0.918506 0.349026 0.942220 0.220300 1 6 1.000000
  6 2.197806 -3.438338 68.282829 -0.070525 -0.943338 0.324253 0.947530 0.223580 1 6 1.000000
  6 2.224477 -3.453709 68.212151 0.021911 -0.996606 0.079347 0.949170 0.217290 1 6 1.000000
Hair_d
  6 2.224477 -3.453709 68.212151 0.021911 -0.996606 0.079347 0.949170 0.217290 1 6 1.000000
  6 2.288553 -3.437436 68.253090 0.235579 -0.947394 0.216673 0.943070 0.217050 1 6 1.000000
  6 2.274751 -3.429468 68.289665 0.185814 -0.918506 0.349026 0.942220 0.220300 1 6 1.000000
Hair_d
  6 2.347494 -3.402064 68.289391 0.450423 -0.821766 0.349028 0.936520 0.217000 1 6 1.000000
  6 2.274751 -3.429468 68.289665 0.185814 -0.918506 0.349026 0.942220 0.220300 1 6 1.000000
  6 2.288553 -3.437436 68.253090 0.235579 -0.947394 0.216673 0.943070 0.217050 1 6 1.000000
Hair_d
  6 2.347494 -3.402064 68.289391 0.450423 -0.821766 0.349028 0.936520 0.217000 1 6 1.000000
  6 2.288553 -3.437436 68.253090 0.235579 -0.947394 0.216673 0.943070 0.217050 1 6 1.000000
  6 2.316923 -3.433703 68.225288 0.338407 -0.933827 0.115965 0.942170 0.213800 1 6 1.000000
Hair_d
  6 2.347494 -3.402064 68.289391 0.450423 -0.821766 0.349028 0.936520 0.217000 1 6 1.000000
  6 2.316923 -3.433703 68.225288 0.338407 -0.933827 0.115965 0.942170 0.213800 1 6 1.000000
  6 2.352261 -3.419235 68.213715 0.466534 -0.881402 0.074005 0.939750 0.211440 1 6 1.000000
Hair_d
  6 2.347560 -3.418538 68.136139 0.448445 -0.874694 -0.183870 0.942760 0.206470 1 6 1.000000
  6 2.352261 -3.419235 68.213715 0.466534 -0.881402 0.074005 0.939750 0.211440 1 6 1.000000
  6 2.316923 -3.433703 68.225288 0.338407 -0.933827 0.115965 0.942170 0.213800 1 6 1.000000
Hair_d
  6 2.352261 -3.419235 68.213715 0.466534 -0.881402 0.074005 0.939750 0.211440 1 6 1.000000
  6 2.347560 -3.418538 68.136139 0.448445 -0.874694 -0.183870 0.942760 0.206470 1 6 1.000000
  6 2.411002 -3.377396 68.151115 0.668106 -0.732265 -0.131990 0.936420 0.204830 1 6 1.000000
Hair_d
  6 2.423438 -3.341890 68.083069 0.572508 -0.812402 0.110625 0.936380 0.200090 1 6 1.000000
  6 2.411002 -3.377396 68.151115 0.668106 -0.732265 -0.131990 0.936420 0.204830 1 6 1.000000
  6 2.347560 -3.418538 68.136139 0.448445 -0.874694 -0.183870 0.942760 0.206470 1 6 1.000000
Hair_d
  6 2.411002 -3.377396 68.151115 0.668106 -0.732265 -0.131990 0.936420 0.204830 1 6 1.000000
  6 2.423438 -3.341890 68.083069 0.572508 -0.812402 0.110625 0.936380 0.200090 1 6 1.000000
  6 2.482279 -3.280652 68.151405 0.714681 -0.684426 0.144195 0.927460 0.202550 1 6 1.000000
Hair_d
  6 2.482279 -3.280652 68.151405 0.714681 -0.684426 0.144195 0.927460 0.202550 1 6 1.000000
  6 2.423438 -3.341890 68.083069 0.572508 -0.812402 0.110625 0.936380 0.200090 1 6 1.000000
  6 2.429539 -3.342657 68.074005 0.141660 -0.665022 0.733265 0.936380 0.199170 1 6 1.000000
Hair_d
  6 2.429539 -3.342657 68.074005 0.141660 -0.665022 0.733265 0.936380 0.199170 1 6 1.000000
  6 2.515951 -3.266080 68.120064 0.410795 -0.484140 0.772565 0.925840 0.198940 1 6 1.000000
  6 2.482279 -3.280652 68.151405 0.714681 -0.684426 0.144195 0.927460 0.202550 1 6 1.000000
Hair_d
  6 2.482279 -3.280652 68.151405 0.714681 -0.684426 0.144195 0.927460 0.202550 1 6 1.000000
  6 2.515951 -3.266080 68.120064 0.410795 -0.484140 0.772565 0.925840 0.198940 1 6 1.000000
  6 2.534320 -3.207108 68.244652 0.916001 -0.330790 0.226980 0.917470 0.207180 1 6 1.000000
Hair_d
  6 2.347560 -3.418538 68.136139 0.448445 -0.874694 -0.183870 0.942760 0.206470 1 6 1.000000
  6 2.333726 -3.400064 68.061897 0.469614 -0.882555 0.023651 0.945340 0.202400 1 6 1.000000
  6 2.423438 -3.341890 68.083069 0.572508 -0.812402 0.110625 0.936380 0.200090 1 6 1.000000
Hair_d
  6 2.423438 -3.341890 68.083069 0.572508 -0.812402 0.110625 0.936380 0.200090 1 6 1.000000
  6 2.333726 -3.400064 68.061897 0.469614 -0.882555 0.023651 0.945340 0.202400 1 6 1.000000
  6 2.323357 -3.416832 68.025154 0.009059 -0.799670 0.600372 0.948080 0.200230 1 6 1.000000
Hair_d
  6 2.323357 -3.416832 68.025154 0.009059 -0.799670 0.600372 0.948080 0.200230 1 6 1.000000
  6 2.429539 -3.342657 68.074005 0.141660 -0.665022 0.733265 0.936380 0.199170 1 6 1.000000
  6 2.423438 -3.341890 68.083069 0.572508 -0.812402 0.110625 0.936380 0.200090 1 6 1.000000
Hair_d
  6 2.127563 -3.282249 67.944847 -0.895786 -0.433797 -0.096892 0.969360 0.204610 1 6 1.000000
  6 2.170236 -3.345827 67.961113 -0.681492 -0.728341 -0.071334 0.962640 0.203190 1 6 1.000000
  6 2.138665 -3.358727 67.971458 -0.337841 -0.521420 -0.783572 0.963330 0.206240 1 6 1.000000
Hair_d
  6 2.176804 -3.416834 68.006317 -0.212305 -0.709996 -0.671441 0.957580 0.206300 1 6 1.000000
  6 2.138665 -3.358727 67.971458 -0.337841 -0.521420 -0.783572 0.963330 0.206240 1 6 1.000000
  6 2.170236 -3.345827 67.961113 -0.681492 -0.728341 -0.071334 0.962640 0.203190 1 6 1.000000
Hair_d
  6 2.170236 -3.345827 67.961113 -0.681492 -0.728341 -0.071334 0.962640 0.203190 1 6 1.000000
  6 2.232312 -3.394131 67.988121 -0.399298 -0.915395 0.051116 0.953790 0.201410 1 6 1.000000
  6 2.176804 -3.416834 68.006317 -0.212305 -0.709996 -0.671441 0.957580 0.206300 1 6 1.000000
Hair_d
  6 2.219209 -3.460409 68.054726 0.131208 -0.961110 -0.243007 0.955400 0.206870 1 6 1.000000
  6 2.176804 -3.416834 68.006317 -0.212305 -0.709996 -0.671441 0.957580 0.206300 1 6 1.000000
  6 2.232312 -3.394131 67.988121 -0.399298 -0.915395 0.051116 0.953790 0.201410 1 6 1.000000
Hair_d
  6 2.232312 -3.394131 67.988121 -0.399298 -0.915395 0.051116 0.953790 0.201410 1 6 1.000000
  6 2.323357 -3.416832 68.025154 0.009059 -0.799670 0.600372 0.948080 0.200230 1 6 1.000000
  6 2.219209 -3.460409 68.054726 0.131208 -0.961110 -0.243007 0.955400 0.206870 1 6 1.000000
Hair_d
  6 2.237179 -3.439573 68.093513 0.315932 -0.945770 0.075532 0.951940 0.208850 1 6 1.000000
  6 2.219209 -3.460409 68.054726 0.131208 -0.961110 -0.243007 0.955400 0.206870 1 6 1.000000
  6 2.323357 -3.416832 68.025154 0.009059 -0.799670 0.600372 0.948080 0.200230 1 6 1.000000
Hair_d
  6 2.323357 -3.416832 68.025154 0.009059 -0.799670 0.600372 0.948080 0.200230 1 6 1.000000
  6 2.333726 -3.400064 68.061897 0.469614 -0.882555 0.023651 0.945340 0.202400 1 6 1.000000
  6 2.237179 -3.439573 68.093513 0.315932 -0.945770 0.075532 0.951940 0.208850 1 6 1.000000
Hair_d
  6 2.279285 -3.446472 68.158478 0.211809 -0.971499 -0.106429 0.947430 0.211020 1 6 1.000000
  6 2.237179 -3.439573 68.093513 0.315932 -0.945770 0.075532 0.951940 0.208850 1 6 1.000000
  6 2.333726 -3.400064 68.061897 0.469614 -0.882555 0.023651 0.945340 0.202400 1 6 1.000000
Hair_d
  6 2.333726 -3.400064 68.061897 0.469614 -0.882555 0.023651 0.945340 0.202400 1 6 1.000000
  6 2.347560 -3.418538 68.136139 0.448445 -0.874694 -0.183870 0.942760 0.206470 1 6 1.000000
  6 2.279285 -3.446472 68.158478 0.211809 -0.971499 -0.106429 0.947430 0.211020 1 6 1.000000
Hair_d
  6 2.316923 -3.433703 68.225288 0.338407 -0.933827 0.115965 0.942170 0.213800 1 6 1.000000
  6 2.279285 -3.446472 68.158478 0.211809 -0.971499 -0.106429 0.947430 0.211020 1 6 1.000000
  6 2.347560 -3.418538 68.136139 0.448445 -0.874694 -0.183870 0.942760 0.206470 1 6 1.000000
Hair_d
  6 2.279285 -3.446472 68.158478 0.211809 -0.971499 -0.106429 0.947430 0.211020 1 6 1.000000
  6 2.316923 -3.433703 68.225288 0.338407 -0.933827 0.115965 0.942170 0.213800 1 6 1.000000
  6 2.288553 -3.437436 68.253090 0.235579 -0.947394 0.216673 0.943070 0.217050 1 6 1.000000
Hair_d
  6 2.288553 -3.437436 68.253090 0.235579 -0.947394 0.216673 0.943070 0.217050 1 6 1.000000
  6 2.224477 -3.453709 68.212151 0.021911 -0.996606 0.079347 0.949170 0.217290 1 6 1.000000
  6 2.279285 -3.446472 68.158478 0.211809 -0.971499 -0.106429 0.947430 0.211020 1 6 1.000000
Hair_d
  6 2.237179 -3.439573 68.093513 0.315932 -0.945770 0.075532 0.951940 0.208850 1 6 1.000000
  6 2.279285 -3.446472 68.158478 0.211809 -0.971499 -0.106429 0.947430 0.211020 1 6 1.000000
  6 2.224477 -3.453709 68.212151 0.021911 -0.996606 0.079347 0.949170 0.217290 1 6 1.000000
Hair_d
  6 2.224477 -3.453709 68.212151 0.021911 -0.996606 0.079347 0.949170 0.217290 1 6 1.000000
  6 2.159668 -3.449806 68.169441 0.197036 -0.961435 0.191886 0.954410 0.217710 1 6 1.000000
  6 2.237179 -3.439573 68.093513 0.315932 -0.945770 0.075532 0.951940 0.208850 1 6 1.000000
Hair_d
  6 2.219209 -3.460409 68.054726 0.131208 -0.961110 -0.243007 0.955400 0.206870 1 6 1.000000
  6 2.237179 -3.439573 68.093513 0.315932 -0.945770 0.075532 0.951940 0.208850 1 6 1.000000
  6 2.159668 -3.449806 68.169441 0.197036 -0.961435 0.191886 0.954410 0.217710 1 6 1.000000
Hair_d
  6 2.159668 -3.449806 68.169441 0.197036 -0.961435 0.191886 0.954410 0.217710 1 6 1.000000
  6 2.124263 -3.472975 68.147743 -0.110055 -0.993902 -0.006866 0.958430 0.217720 1 6 1.000000
  6 2.219209 -3.460409 68.054726 0.131208 -0.961110 -0.243007 0.955400 0.206870 1 6 1.000000
Hair_d
  6 2.176804 -3.416834 68.006317 -0.212305 -0.709996 -0.671441 0.957580 0.206300 1 6 1.000000
  6 2.219209 -3.460409 68.054726 0.131208 -0.961110 -0.243007 0.955400 0.206870 1 6 1.000000
  6 2.124263 -3.472975 68.147743 -0.110055 -0.993902 -0.006866 0.958430 0.217720 1 6 1.000000
Hair_d
  6 2.124263 -3.472975 68.147743 -0.110055 -0.993902 -0.006866 0.958430 0.217720 1 6 1.000000
  6 2.070922 -3.430804 68.110039 -0.568188 -0.756972 -0.322731 0.960960 0.218410 1 6 1.000000
  6 2.176804 -3.416834 68.006317 -0.212305 -0.709996 -0.671441 0.957580 0.206300 1 6 1.000000
Hair_d
  6 2.942310 -3.207705 67.158577 -0.209927 0.301323 -0.930126 0.246630 0.004240 1 6 1.000000
  6 2.018748 -3.691906 67.210175 -0.397065 -0.314552 -0.862204 0.183740 0.004240 1 6 1.000000
  6 1.939937 -3.639967 67.185211 -0.676742 -0.053046 -0.734307 0.181090 0.009210 1 6 1.000000
Hair_d
  6 1.939937 -3.639967 67.185211 -0.676742 -0.053046 -0.734307 0.181090 0.009210 1 6 1.000000
  6 2.902672 -3.134961 67.131798 -0.210008 0.301469 -0.930061 0.246630 0.008800 1 6 1.000000
  6 2.942310 -3.207705 67.158577 -0.209927 0.301323 -0.930126 0.246630 0.004240 1 6 1.000000
Hair_d
  6 1.939937 -3.639967 67.185211 -0.676742 -0.053046 -0.734307 0.181090 0.009210 1 6 1.000000
  6 1.887197 -3.531285 67.400307 -0.943510 0.198730 -0.265133 0.180660 0.024190 1 6 1.000000
  6 2.902672 -3.134961 67.131798 -0.210008 0.301469 -0.930061 0.246630 0.008800 1 6 1.000000
Hair_d
  6 1.887197 -3.531285 67.400307 -0.943510 0.198730 -0.265133 0.180660 0.024190 1 6 1.000000
  6 1.865493 -3.421903 67.589424 -0.971031 0.226572 -0.075913 0.182000 0.037460 1 6 1.000000
  6 2.902672 -3.134961 67.131798 -0.210008 0.301469 -0.930061 0.246630 0.008800 1 6 1.000000
Hair_d
  6 1.865493 -3.421903 67.589424 -0.971031 0.226572 -0.075913 0.182000 0.037460 1 6 1.000000
  6 1.891597 -3.323422 67.719841 -0.944620 0.310689 0.105669 0.185780 0.046770 1 6 1.000000
  6 2.902672 -3.134961 67.131798 -0.210008 0.301469 -0.930061 0.246630 0.008800 1 6 1.000000
Hair_d
  6 1.891597 -3.323422 67.719841 -0.944620 0.310689 0.105669 0.185780 0.046770 1 6 1.000000
  6 1.944204 -3.235378 67.811028 -0.885810 0.411951 0.213629 0.190810 0.053410 1 6 1.000000
  6 2.902672 -3.134961 67.131798 -0.210008 0.301469 -0.930061 0.246630 0.008800 1 6 1.000000
Hair_d
  6 1.944204 -3.235378 67.811028 -0.885810 0.411951 0.213629 0.190810 0.053410 1 6 1.000000
  6 2.000679 -3.160966 67.877571 -0.836990 0.479969 0.262825 0.195730 0.058340 1 6 1.000000
  6 2.902672 -3.134961 67.131798 -0.210008 0.301469 -0.930061 0.246630 0.008800 1 6 1.000000
Hair_d
  6 2.000679 -3.160966 67.877571 -0.836990 0.479969 0.262825 0.195730 0.058340 1 6 1.000000
  6 2.061454 -3.096755 67.924515 -0.764430 0.570748 0.299821 0.200660 0.061890 1 6 1.000000
  6 2.902672 -3.134961 67.131798 -0.210008 0.301469 -0.930061 0.246630 0.008800 1 6 1.000000
Hair_d
  6 2.061454 -3.096755 67.924515 -0.764430 0.570748 0.299821 0.200660 0.061890 1 6 1.000000
  6 2.121630 -3.042717 67.956184 -0.710987 0.638749 0.294103 0.204490 0.064360 1 6 1.000000
  6 2.902672 -3.134961 67.131798 -0.210008 0.301469 -0.930061 0.246630 0.008800 1 6 1.000000
Hair_d
  6 2.121630 -3.042717 67.956184 -0.710987 0.638749 0.294103 0.204490 0.064360 1 6 1.000000
  6 2.184571 -2.990611 67.982315 -0.672547 0.685350 0.279242 0.210150 0.066630 1 6 1.000000
  6 2.902672 -3.134961 67.131798 -0.210008 0.301469 -0.930061 0.246630 0.008800 1 6 1.000000
Hair_d
  6 2.184571 -2.990611 67.982315 -0.672547 0.685350 0.279242 0.210150 0.066630 1 6 1.000000
  6 2.254081 -2.935002 68.008247 -0.611545 0.706248 0.356689 0.215320 0.068580 1 6 1.000000
  6 2.902672 -3.134961 67.131798 -0.210008 0.301469 -0.930061 0.246630 0.008800 1 6 1.000000
Hair_d
  6 2.254081 -2.935002 68.008247 -0.611545 0.706248 0.356689 0.215320 0.068580 1 6 1.000000
  6 2.352261 -2.868726 68.025826 -0.546648 0.764086 0.342561 0.222410 0.070210 1 6 1.000000
  6 2.902672 -3.134961 67.131798 -0.210008 0.301469 -0.930061 0.246630 0.008800 1 6 1.000000
Hair_d
  6 2.902672 -3.134961 67.131798 -0.210008 0.301469 -0.930061 0.246630 0.008800 1 6 1.000000
  6 2.352261 -2.868726 68.025826 -0.546648 0.764086 0.342561 0.222410 0.070210 1 6 1.000000
  6 2.511517 -2.768377 68.043114 -0.478455 0.794381 0.374219 0.233740 0.072060 1 6 1.000000
Hair_d
  6 2.511517 -2.768377 68.043114 -0.478455 0.794381 0.374219 0.233740 0.072060 1 6 1.000000
  6 2.705144 -2.661396 68.040825 -0.414349 0.830127 0.373100 0.247160 0.072660 1 6 1.000000
  6 2.902672 -3.134961 67.131798 -0.210008 0.301469 -0.930061 0.246630 0.008800 1 6 1.000000
Hair_d
  6 2.705144 -2.661396 68.040825 -0.414349 0.830127 0.373100 0.247160 0.072660 1 6 1.000000
  6 2.902505 -2.563383 68.021301 -0.348764 0.862374 0.366980 0.233740 0.072060 1 6 1.000000
  6 2.902672 -3.134961 67.131798 -0.210008 0.301469 -0.930061 0.246630 0.008800 1 6 1.000000
Hair_d
  6 3.073295 -2.490675 67.985558 -0.288161 0.899628 0.328074 0.222410 0.070210 1 6 1.000000
  6 2.902672 -3.134961 67.131798 -0.210008 0.301469 -0.930061 0.246630 0.008800 1 6 1.000000
  6 2.902505 -2.563383 68.021301 -0.348764 0.862374 0.366980 0.233740 0.072060 1 6 1.000000
Hair_d
  6 3.073295 -2.490675 67.985558 -0.288161 0.899628 0.328074 0.222410 0.070210 1 6 1.000000
  6 3.181611 -2.448701 67.956421 -0.202807 0.920569 0.333799 0.215320 0.068580 1 6 1.000000
  6 2.902672 -3.134961 67.131798 -0.210008 0.301469 -0.930061 0.246630 0.008800 1 6 1.000000
Hair_d
  6 3.181611 -2.448701 67.956421 -0.202807 0.920569 0.333799 0.215320 0.068580 1 6 1.000000
  6 3.264222 -2.424531 67.922005 -0.158335 0.954947 0.251010 0.210150 0.066630 1 6 1.000000
  6 2.902672 -3.134961 67.131798 -0.210008 0.301469 -0.930061 0.246630 0.008800 1 6 1.000000
Hair_d
  6 3.264222 -2.424531 67.922005 -0.158335 0.954947 0.251010 0.210150 0.066630 1 6 1.000000
  6 3.340232 -2.403727 67.888100 -0.096772 0.960808 0.259776 0.204490 0.064360 1 6 1.000000
  6 2.902672 -3.134961 67.131798 -0.210008 0.301469 -0.930061 0.246630 0.008800 1 6 1.000000
Hair_d
  6 3.340232 -2.403727 67.888100 -0.096772 0.960808 0.259776 0.204490 0.064360 1 6 1.000000
  6 3.415844 -2.386626 67.848839 -0.010157 0.966228 0.257489 0.200660 0.061890 1 6 1.000000
  6 2.902672 -3.134961 67.131798 -0.210008 0.301469 -0.930061 0.246630 0.008800 1 6 1.000000
Hair_d
  6 3.415844 -2.386626 67.848839 -0.010157 0.966228 0.257489 0.200660 0.061890 1 6 1.000000
  6 3.498722 -2.375489 67.793861 0.101921 0.972335 0.210183 0.195730 0.058340 1 6 1.000000
  6 2.902672 -3.134961 67.131798 -0.210008 0.301469 -0.930061 0.246630 0.008800 1 6 1.000000
Hair_d
  6 3.498722 -2.375489 67.793861 0.101921 0.972335 0.210183 0.195730 0.058340 1 6 1.000000
  6 3.585868 -2.374623 67.719315 0.181102 0.971314 0.154113 0.190810 0.053410 1 6 1.000000
  6 2.902672 -3.134961 67.131798 -0.210008 0.301469 -0.930061 0.246630 0.008800 1 6 1.000000
Hair_d
  6 3.585868 -2.374623 67.719315 0.181102 0.971314 0.154113 0.190810 0.053410 1 6 1.000000
  6 3.679846 -2.385795 67.619957 0.287798 0.956976 0.037003 0.185780 0.046770 1 6 1.000000
  6 2.902672 -3.134961 67.131798 -0.210008 0.301469 -0.930061 0.246630 0.008800 1 6 1.000000
Hair_d
  6 3.679846 -2.385795 67.619957 0.287798 0.956976 0.037003 0.185780 0.046770 1 6 1.000000
  6 3.764026 -2.426431 67.483376 0.356018 0.922374 -0.149922 0.182000 0.037460 1 6 1.000000
  6 2.902672 -3.134961 67.131798 -0.210008 0.301469 -0.930061 0.246630 0.008800 1 6 1.000000
Hair_d
  6 3.764026 -2.426431 67.483376 0.356018 0.922374 -0.149922 0.182000 0.037460 1 6 1.000000
  6 3.824970 -2.515276 67.292061 0.346713 0.875116 -0.337583 0.180660 0.024190 1 6 1.000000
  6 2.902672 -3.134961 67.131798 -0.210008 0.301469 -0.930061 0.246630 0.008800 1 6 1.000000
Hair_d
  6 3.824970 -2.515276 67.292061 0.346713 0.875116 -0.337583 0.180660 0.024190 1 6 1.000000
  6 3.865540 -2.630326 67.077660 0.361551 0.491486 -0.792289 0.181090 0.009210 1 6 1.000000
  6 2.902672 -3.134961 67.131798 -0.210008 0.301469 -0.930061 0.246630 0.008800 1 6 1.000000
Hair_d
  6 2.942310 -3.207705 67.158577 -0.209927 0.301323 -0.930126 0.246630 0.004240 1 6 1.000000
  6 2.902672 -3.134961 67.131798 -0.210008 0.301469 -0.930061 0.246630 0.008800 1 6 1.000000
  6 3.865540 -2.630326 67.077660 0.361551 0.491486 -0.792289 0.181090 0.009210 1 6 1.000000
Hair_d
  6 3.865540 -2.630326 67.077660 0.361551 0.491486 -0.792289 0.181090 0.009210 1 6 1.000000
  6 3.865840 -2.723440 67.106987 0.406900 0.107149 -0.907167 0.183740 0.004240 1 6 1.000000
  6 2.942310 -3.207705 67.158577 -0.209927 0.301323 -0.930126 0.246630 0.004240 1 6 1.000000
Hair_d
  6 3.963554 -2.991912 66.997040 0.979678 0.110390 -0.167468 0.789230 0.251190 1 6 1.000000
  6 3.939083 -2.929935 66.932274 0.950496 0.205081 -0.233452 0.786310 0.246380 1 6 1.000000
  6 3.936282 -2.871627 67.048325 0.929784 0.356832 -0.090406 0.781360 0.252610 1 6 1.000000
Hair_d
  6 3.939083 -2.929935 66.932274 0.950496 0.205081 -0.233452 0.786310 0.246380 1 6 1.000000
  6 3.963554 -2.991912 66.997040 0.979678 0.110390 -0.167468 0.789230 0.251190 1 6 1.000000
  6 3.939850 -3.073223 66.912575 0.935527 -0.061227 -0.347908 0.795000 0.246890 1 6 1.000000
Hair_d
  6 3.939850 -3.073223 66.912575 0.935527 -0.061227 -0.347908 0.795000 0.246890 1 6 1.000000
  6 3.910080 -3.012680 66.831886 0.921478 -0.019478 -0.387941 0.792560 0.241050 1 6 1.000000
  6 3.939083 -2.929935 66.932274 0.950496 0.205081 -0.233452 0.786310 0.246380 1 6 1.000000
Hair_d
  6 3.857905 -3.105423 66.752090 0.844752 -0.203118 -0.495113 0.799700 0.236820 1 6 1.000000
  6 3.910080 -3.012680 66.831886 0.921478 -0.019478 -0.387941 0.792560 0.241050 1 6 1.000000
  6 3.939850 -3.073223 66.912575 0.935527 -0.061227 -0.347908 0.795000 0.246890 1 6 1.000000
Hair_d
  6 3.939850 -3.073223 66.912575 0.935527 -0.061227 -0.347908 0.795000 0.246890 1 6 1.000000
  6 3.890309 -3.160965 66.835228 0.863882 -0.250195 -0.437162 0.801510 0.242920 1 6 1.000000
  6 3.857905 -3.105423 66.752090 0.844752 -0.203118 -0.495113 0.799700 0.236820 1 6 1.000000
Hair_d
  6 3.790729 -3.191737 66.698433 0.745294 -0.349090 -0.568043 0.806700 0.233830 1 6 1.000000
  6 3.857905 -3.105423 66.752090 0.844752 -0.203118 -0.495113 0.799700 0.236820 1 6 1.000000
  6 3.890309 -3.160965 66.835228 0.863882 -0.250195 -0.437162 0.801510 0.242920 1 6 1.000000
Hair_d
  6 3.890309 -3.160965 66.835228 0.863882 -0.250195 -0.437162 0.801510 0.242920 1 6 1.000000
  6 3.830368 -3.252345 66.797920 0.765103 -0.413508 -0.493587 0.808210 0.241090 1 6 1.000000
  6 3.790729 -3.191737 66.698433 0.745294 -0.349090 -0.568043 0.806700 0.233830 1 6 1.000000
Hair_d
  6 3.709685 -3.278051 66.660469 0.678291 -0.419271 -0.603434 0.814070 0.231560 1 6 1.000000
  6 3.790729 -3.191737 66.698433 0.745294 -0.349090 -0.568043 0.806700 0.233830 1 6 1.000000
  6 3.830368 -3.252345 66.797920 0.765103 -0.413508 -0.493587 0.808210 0.241090 1 6 1.000000
Hair_d
  6 3.664778 -3.445908 66.744041 0.661082 -0.553096 -0.507006 0.823400 0.238400 1 6 1.000000
  6 3.709685 -3.278051 66.660469 0.678291 -0.419271 -0.603434 0.814070 0.231560 1 6 1.000000
  6 3.830368 -3.252345 66.797920 0.765103 -0.413508 -0.493587 0.808210 0.241090 1 6 1.000000
Hair_d
  6 3.664778 -3.445908 66.744041 0.661082 -0.553096 -0.507006 0.823400 0.238400 1 6 1.000000
  6 3.617439 -3.369463 66.627357 0.599969 -0.477906 -0.641594 0.822160 0.229610 1 6 1.000000
  6 3.709685 -3.278051 66.660469 0.678291 -0.419271 -0.603434 0.814070 0.231560 1 6 1.000000
Hair_d
  6 3.498522 -3.465876 66.603661 0.488926 -0.561889 -0.667257 0.831660 0.228030 1 6 1.000000
  6 3.617439 -3.369463 66.627357 0.599969 -0.477906 -0.641594 0.822160 0.229610 1 6 1.000000
  6 3.664778 -3.445908 66.744041 0.661082 -0.553096 -0.507006 0.823400 0.238400 1 6 1.000000
Hair_d
  6 3.664778 -3.445908 66.744041 0.661082 -0.553096 -0.507006 0.823400 0.238400 1 6 1.000000
  6 3.548595 -3.548422 66.726982 0.545292 -0.657822 -0.519544 0.832630 0.237410 1 6 1.000000
  6 3.498522 -3.465876 66.603661 0.488926 -0.561889 -0.667257 0.831660 0.228030 1 6 1.000000
Hair_d
  6 3.336899 -3.568456 66.593018 0.385879 -0.628198 -0.675622 0.843550 0.226770 1 6 1.000000
  6 3.498522 -3.465876 66.603661 0.488926 -0.561889 -0.667257 0.831660 0.228030 1 6 1.000000
  6 3.548595 -3.548422 66.726982 0.545292 -0.657822 -0.519544 0.832630 0.237410 1 6 1.000000
Hair_d
  6 3.971755 -3.114091 67.034294 0.982166 -0.134274 -0.131604 0.795820 0.254880 1 6 1.000000
  6 3.963554 -2.991912 66.997040 0.979678 0.110390 -0.167468 0.789230 0.251190 1 6 1.000000
  6 3.965453 -2.954273 67.105194 0.978914 0.197271 -0.053025 0.785800 0.257250 1 6 1.000000
Hair_d
  6 3.936282 -2.871627 67.048325 0.929784 0.356832 -0.090406 0.781360 0.252610 1 6 1.000000
  6 3.965453 -2.954273 67.105194 0.978914 0.197271 -0.053025 0.785800 0.257250 1 6 1.000000
  6 3.963554 -2.991912 66.997040 0.979678 0.110390 -0.167468 0.789230 0.251190 1 6 1.000000
Hair_d
  6 3.960086 -2.921768 67.222343 0.858685 -0.014495 -0.512298 0.782480 0.263980 1 6 1.000000
  6 3.965453 -2.954273 67.105194 0.978914 0.197271 -0.053025 0.785800 0.257250 1 6 1.000000
  6 3.936282 -2.871627 67.048325 0.929784 0.356832 -0.090406 0.781360 0.252610 1 6 1.000000
Hair_d
  6 3.936282 -2.871627 67.048325 0.929784 0.356832 -0.090406 0.781360 0.252610 1 6 1.000000
  6 3.920614 -2.822021 67.170113 0.832474 0.075502 -0.548896 0.776630 0.259230 1 6 1.000000
  6 3.960086 -2.921768 67.222343 0.858685 -0.014495 -0.512298 0.782480 0.263980 1 6 1.000000
Hair_d
  6 3.865840 -2.723440 67.106987 0.406900 0.107149 -0.907167 0.770890 0.253810 1 6 1.000000
  6 3.920614 -2.822021 67.170113 0.832474 0.075502 -0.548896 0.776630 0.259230 1 6 1.000000
  6 3.936282 -2.871627 67.048325 0.929784 0.356832 -0.090406 0.781360 0.252610 1 6 1.000000
Hair_d
  6 3.936282 -2.871627 67.048325 0.929784 0.356832 -0.090406 0.781360 0.252610 1 6 1.000000
  6 3.892043 -2.793183 66.975655 0.362350 0.828938 -0.426104 0.777460 0.247220 1 6 1.000000
  6 3.865840 -2.723440 67.106987 0.406900 0.107149 -0.907167 0.770890 0.253810 1 6 1.000000
Hair_d
  6 3.892043 -2.793183 66.975655 0.362350 0.828938 -0.426104 0.777460 0.247220 1 6 1.000000
  6 3.936282 -2.871627 67.048325 0.929784 0.356832 -0.090406 0.781360 0.252610 1 6 1.000000
  6 3.939083 -2.929935 66.932274 0.950496 0.205081 -0.233452 0.786310 0.246380 1 6 1.000000
Hair_d
  6 3.939083 -2.929935 66.932274 0.950496 0.205081 -0.233452 0.786310 0.246380 1 6 1.000000
  6 3.901711 -2.867160 66.852127 0.425925 0.710360 -0.560335 0.783920 0.240740 1 6 1.000000
  6 3.892043 -2.793183 66.975655 0.362350 0.828938 -0.426104 0.777460 0.247220 1 6 1.000000
Hair_d
  6 3.901711 -2.867160 66.852127 0.425925 0.710360 -0.560335 0.783920 0.240740 1 6 1.000000
  6 3.939083 -2.929935 66.932274 0.950496 0.205081 -0.233452 0.786310 0.246380 1 6 1.000000
  6 3.910080 -3.012680 66.831886 0.921478 -0.019478 -0.387941 0.792560 0.241050 1 6 1.000000
Hair_d
  6 3.910080 -3.012680 66.831886 0.921478 -0.019478 -0.387941 0.792560 0.241050 1 6 1.000000
  6 3.873074 -2.951303 66.746117 0.414370 0.565771 -0.712882 0.790670 0.235000 1 6 1.000000
  6 3.901711 -2.867160 66.852127 0.425925 0.710360 -0.560335 0.783920 0.240740 1 6 1.000000
Hair_d
  6 3.873074 -2.951303 66.746117 0.414370 0.565771 -0.712882 0.790670 0.235000 1 6 1.000000
  6 3.910080 -3.012680 66.831886 0.921478 -0.019478 -0.387941 0.792560 0.241050 1 6 1.000000
  6 3.857905 -3.105423 66.752090 0.844752 -0.203118 -0.495113 0.799700 0.236820 1 6 1.000000
Hair_d
  6 3.857905 -3.105423 66.752090 0.844752 -0.203118 -0.495113 0.799700 0.236820 1 6 1.000000
  6 3.817066 -3.037314 66.661163 0.350103 0.435572 -0.829280 0.797820 0.230190 1 6 1.000000
  6 3.873074 -2.951303 66.746117 0.414370 0.565771 -0.712882 0.790670 0.235000 1 6 1.000000
Hair_d
  6 3.817066 -3.037314 66.661163 0.350103 0.435572 -0.829280 0.797820 0.230190 1 6 1.000000
  6 3.857905 -3.105423 66.752090 0.844752 -0.203118 -0.495113 0.799700 0.236820 1 6 1.000000
  6 3.790729 -3.191737 66.698433 0.745294 -0.349090 -0.568043 0.806700 0.233830 1 6 1.000000
Hair_d
  6 3.790729 -3.191737 66.698433 0.745294 -0.349090 -0.568043 0.806700 0.233830 1 6 1.000000
  6 3.745389 -3.115430 66.602119 0.258903 0.330923 -0.907446 0.804760 0.226530 1 6 1.000000
  6 3.817066 -3.037314 66.661163 0.350103 0.435572 -0.829280 0.797820 0.230190 1 6 1.000000
Hair_d
  6 3.659077 -3.192236 66.557854 0.188397 0.287172 -0.939169 0.812200 0.223430 1 6 1.000000
  6 3.745389 -3.115430 66.602119 0.258903 0.330923 -0.907446 0.804760 0.226530 1 6 1.000000
  6 3.790729 -3.191737 66.698433 0.745294 -0.349090 -0.568043 0.806700 0.233830 1 6 1.000000
Hair_d
  6 3.790729 -3.191737 66.698433 0.745294 -0.349090 -0.568043 0.806700 0.233830 1 6 1.000000
  6 3.709685 -3.278051 66.660469 0.678291 -0.419271 -0.603434 0.814070 0.231560 1 6 1.000000
  6 3.659077 -3.192236 66.557854 0.188397 0.287172 -0.939169 0.812200 0.223430 1 6 1.000000
Hair_d
  6 3.560764 -3.273014 66.517807 0.128449 0.235654 -0.963311 0.819970 0.220570 1 6 1.000000
  6 3.659077 -3.192236 66.557854 0.188397 0.287172 -0.939169 0.812200 0.223430 1 6 1.000000
  6 3.709685 -3.278051 66.660469 0.678291 -0.419271 -0.603434 0.814070 0.231560 1 6 1.000000
Hair_d
  6 3.709685 -3.278051 66.660469 0.678291 -0.419271 -0.603434 0.814070 0.231560 1 6 1.000000
  6 3.617439 -3.369463 66.627357 0.599969 -0.477906 -0.641594 0.822160 0.229610 1 6 1.000000
  6 3.560764 -3.273014 66.517807 0.128449 0.235654 -0.963311 0.819970 0.220570 1 6 1.000000
Hair_d
  6 3.437080 -3.361063 66.488640 0.037141 0.173788 -0.984082 0.830410 0.218300 1 6 1.000000
  6 3.560764 -3.273014 66.517807 0.128449 0.235654 -0.963311 0.819970 0.220570 1 6 1.000000
  6 3.617439 -3.369463 66.627357 0.599969 -0.477906 -0.641594 0.822160 0.229610 1 6 1.000000
Hair_d
  6 3.617439 -3.369463 66.627357 0.599969 -0.477906 -0.641594 0.822160 0.229610 1 6 1.000000
  6 3.498522 -3.465876 66.603661 0.488926 -0.561889 -0.667257 0.831660 0.228030 1 6 1.000000
  6 3.437080 -3.361063 66.488640 0.037141 0.173788 -0.984082 0.830410 0.218300 1 6 1.000000
Hair_d
  6 3.273656 -3.460379 66.476570 -0.050045 0.132396 -0.989933 0.842900 0.216710 1 6 1.000000
  6 3.437080 -3.361063 66.488640 0.037141 0.173788 -0.984082 0.830410 0.218300 1 6 1.000000
  6 3.498522 -3.465876 66.603661 0.488926 -0.561889 -0.667257 0.831660 0.228030 1 6 1.000000
Hair_d
  6 3.498522 -3.465876 66.603661 0.488926 -0.561889 -0.667257 0.831660 0.228030 1 6 1.000000
  6 3.336899 -3.568456 66.593018 0.385879 -0.628198 -0.675622 0.843550 0.226770 1 6 1.000000
  6 3.273656 -3.460379 66.476570 -0.050045 0.132396 -0.989933 0.842900 0.216710 1 6 1.000000
Hair_d
  6 3.089598 -3.560853 66.480675 -0.110880 0.106183 -0.988145 0.856630 0.216160 1 6 1.000000
  6 3.273656 -3.460379 66.476570 -0.050045 0.132396 -0.989933 0.842900 0.216710 1 6 1.000000
  6 3.336899 -3.568456 66.593018 0.385879 -0.628198 -0.675622 0.843550 0.226770 1 6 1.000000
Hair_d
  6 2.730080 -3.731746 66.528145 -0.249709 0.023505 -0.968036 0.830410 0.218300 1 6 1.000000
  6 2.791423 -3.836628 66.643166 0.126399 -0.751907 -0.647039 0.831660 0.228030 1 6 1.000000
  6 2.647202 -3.878164 66.681572 -0.002932 -0.793920 -0.608015 0.822160 0.229610 1 6 1.000000
Hair_d
  6 2.791423 -3.836628 66.643166 0.126399 -0.751907 -0.647039 0.831660 0.228030 1 6 1.000000
  6 2.730080 -3.731746 66.528145 -0.249709 0.023505 -0.968036 0.830410 0.218300 1 6 1.000000
  6 2.902838 -3.654834 66.497276 -0.166752 0.070978 -0.983441 0.842900 0.216710 1 6 1.000000
Hair_d
  6 2.902838 -3.654834 66.497276 -0.166752 0.070978 -0.983441 0.842900 0.216710 1 6 1.000000
  6 2.965980 -3.762947 66.613754 0.238470 -0.705610 -0.667268 0.843550 0.226770 1 6 1.000000
  6 2.791423 -3.836628 66.643166 0.126399 -0.751907 -0.647039 0.831660 0.228030 1 6 1.000000
Hair_d
  6 2.965980 -3.762947 66.613754 0.238470 -0.705610 -0.667268 0.843550 0.226770 1 6 1.000000
  6 2.902838 -3.654834 66.497276 -0.166752 0.070978 -0.983441 0.842900 0.216710 1 6 1.000000
  6 3.089598 -3.560853 66.480675 -0.110880 0.106183 -0.988145 0.856630 0.216160 1 6 1.000000
Hair_d
  6 3.089598 -3.560853 66.480675 -0.110880 0.106183 -0.988145 0.856630 0.216160 1 6 1.000000
  6 3.153207 -3.669837 66.596397 0.312945 -0.668734 -0.674433 0.856630 0.226260 1 6 1.000000
  6 2.965980 -3.762947 66.613754 0.238470 -0.705610 -0.667268 0.843550 0.226770 1 6 1.000000
Hair_d
  6 3.336899 -3.568456 66.593018 0.385879 -0.628198 -0.675622 0.843550 0.226770 1 6 1.000000
  6 3.153207 -3.669837 66.596397 0.312945 -0.668734 -0.674433 0.856630 0.226260 1 6 1.000000
  6 3.089598 -3.560853 66.480675 -0.110880 0.106183 -0.988145 0.856630 0.216160 1 6 1.000000
Hair_d
  6 3.153207 -3.669837 66.596397 0.312945 -0.668734 -0.674433 0.856630 0.226260 1 6 1.000000
  6 3.336899 -3.568456 66.593018 0.385879 -0.628198 -0.675622 0.843550 0.226770 1 6 1.000000
  6 3.387573 -3.651868 66.719048 0.443925 -0.738040 -0.508161 0.844060 0.236460 1 6 1.000000
Hair_d
  6 3.548595 -3.548422 66.726982 0.545292 -0.657822 -0.519544 0.832630 0.237410 1 6 1.000000
  6 3.387573 -3.651868 66.719048 0.443925 -0.738040 -0.508161 0.844060 0.236460 1 6 1.000000
  6 3.336899 -3.568456 66.593018 0.385879 -0.628198 -0.675622 0.843550 0.226770 1 6 1.000000
Hair_d
  6 3.387573 -3.651868 66.719048 0.443925 -0.738040 -0.508161 0.844060 0.236460 1 6 1.000000
  6 3.548595 -3.548422 66.726982 0.545292 -0.657822 -0.519544 0.832630 0.237410 1 6 1.000000
  6 3.592534 -3.613096 66.893730 0.572527 -0.770729 -0.279624 0.833180 0.248310 1 6 1.000000
Hair_d
  6 3.592534 -3.613096 66.893730 0.572527 -0.770729 -0.279624 0.833180 0.248310 1 6 1.000000
  6 3.548595 -3.548422 66.726982 0.545292 -0.657822 -0.519544 0.832630 0.237410 1 6 1.000000
  6 3.664778 -3.445908 66.744041 0.661082 -0.553096 -0.507006 0.823400 0.238400 1 6 1.000000
Hair_d
  6 3.664778 -3.445908 66.744041 0.661082 -0.553096 -0.507006 0.823400 0.238400 1 6 1.000000
  6 3.710284 -3.510117 66.902504 0.692505 -0.648779 -0.315473 0.824150 0.248870 1 6 1.000000
  6 3.592534 -3.613096 66.893730 0.572527 -0.770729 -0.279624 0.833180 0.248310 1 6 1.000000
Hair_d
  6 3.710284 -3.510117 66.902504 0.692505 -0.648779 -0.315473 0.824150 0.248870 1 6 1.000000
  6 3.664778 -3.445908 66.744041 0.661082 -0.553096 -0.507006 0.823400 0.238400 1 6 1.000000
  6 3.830368 -3.252345 66.797920 0.765103 -0.413508 -0.493587 0.808210 0.241090 1 6 1.000000
Hair_d
  6 3.830368 -3.252345 66.797920 0.765103 -0.413508 -0.493587 0.808210 0.241090 1 6 1.000000
  6 3.876941 -3.312621 66.931099 0.812295 -0.462633 -0.355171 0.809260 0.250100 1 6 1.000000
  6 3.710284 -3.510117 66.902504 0.692505 -0.648779 -0.315473 0.824150 0.248870 1 6 1.000000
Hair_d
  6 3.830368 -3.252345 66.797920 0.765103 -0.413508 -0.493587 0.808210 0.241090 1 6 1.000000
  6 3.890309 -3.160965 66.835228 0.863882 -0.250195 -0.437162 0.801510 0.242920 1 6 1.000000
  6 3.876941 -3.312621 66.931099 0.812295 -0.462633 -0.355171 0.809260 0.250100 1 6 1.000000
Hair_d
  6 3.890309 -3.160965 66.835228 0.863882 -0.250195 -0.437162 0.801510 0.242920 1 6 1.000000
  6 3.955086 -3.129762 66.972084 0.943410 -0.201728 -0.263217 0.797510 0.251280 1 6 1.000000
  6 3.876941 -3.312621 66.931099 0.812295 -0.462633 -0.355171 0.809260 0.250100 1 6 1.000000
Hair_d
  6 3.890309 -3.160965 66.835228 0.863882 -0.250195 -0.437162 0.801510 0.242920 1 6 1.000000
  6 3.939850 -3.073223 66.912575 0.935527 -0.061227 -0.347908 0.795000 0.246890 1 6 1.000000
  6 3.955086 -3.129762 66.972084 0.943410 -0.201728 -0.263217 0.797510 0.251280 1 6 1.000000
Hair_d
  6 3.971755 -3.114091 67.034294 0.982166 -0.134274 -0.131604 0.795820 0.254880 1 6 1.000000
  6 3.955086 -3.129762 66.972084 0.943410 -0.201728 -0.263217 0.797510 0.251280 1 6 1.000000
  6 3.939850 -3.073223 66.912575 0.935527 -0.061227 -0.347908 0.795000 0.246890 1 6 1.000000
Hair_d
  6 3.939850 -3.073223 66.912575 0.935527 -0.061227 -0.347908 0.795000 0.246890 1 6 1.000000
  6 3.963554 -2.991912 66.997040 0.979678 0.110390 -0.167468 0.789230 0.251190 1 6 1.000000
  6 3.971755 -3.114091 67.034294 0.982166 -0.134274 -0.131604 0.795820 0.254880 1 6 1.000000
Hair_d
  6 3.592534 -3.613096 66.893730 0.572527 -0.770729 -0.279624 0.833180 0.248310 1 6 1.000000
  6 3.614871 -3.632635 67.096764 0.562740 -0.825644 0.040436 0.833020 0.260410 1 6 1.000000
  6 3.266322 -3.831194 67.107132 0.466291 -0.881657 0.072478 0.856630 0.260180 1 6 1.000000
Hair_d
  6 3.614871 -3.632635 67.096764 0.562740 -0.825644 0.040436 0.833020 0.260410 1 6 1.000000
  6 3.592534 -3.613096 66.893730 0.572527 -0.770729 -0.279624 0.833180 0.248310 1 6 1.000000
  6 3.710284 -3.510117 66.902504 0.692505 -0.648779 -0.315473 0.824150 0.248870 1 6 1.000000
Hair_d
  6 3.710284 -3.510117 66.902504 0.692505 -0.648779 -0.315473 0.824150 0.248870 1 6 1.000000
  6 3.737522 -3.535387 67.088921 0.683958 -0.729377 -0.014496 0.824000 0.260030 1 6 1.000000
  6 3.614871 -3.632635 67.096764 0.562740 -0.825644 0.040436 0.833020 0.260410 1 6 1.000000
Hair_d
  6 3.737522 -3.535387 67.088921 0.683958 -0.729377 -0.014496 0.824000 0.260030 1 6 1.000000
  6 3.710284 -3.510117 66.902504 0.692505 -0.648779 -0.315473 0.824150 0.248870 1 6 1.000000
  6 3.876941 -3.312621 66.931099 0.812295 -0.462633 -0.355171 0.809260 0.250100 1 6 1.000000
Hair_d
  6 3.876941 -3.312621 66.931099 0.812295 -0.462633 -0.355171 0.809260 0.250100 1 6 1.000000
  6 3.911046 -3.344324 67.077759 0.855100 -0.507896 -0.104140 0.809230 0.259050 1 6 1.000000
  6 3.737522 -3.535387 67.088921 0.683958 -0.729377 -0.014496 0.824000 0.260030 1 6 1.000000
Hair_d
  6 2.742283 -4.011419 67.347725 0.262096 -0.931723 0.251391 0.822510 0.272370 1 6 1.000000
  6 2.489614 -4.067828 67.296761 -0.057674 -0.986249 0.154878 0.807380 0.267200 1 6 1.000000
  6 2.500115 -4.084129 67.156609 -0.075435 -0.995800 -0.051880 0.809230 0.259050 1 6 1.000000
Hair_d
  6 2.500115 -4.084129 67.156609 -0.075435 -0.995800 -0.051880 0.809230 0.259050 1 6 1.000000
  6 2.755884 -4.050122 67.143768 0.210880 -0.977440 0.011826 0.824000 0.260030 1 6 1.000000
  6 2.742283 -4.011419 67.347725 0.262096 -0.931723 0.251391 0.822510 0.272370 1 6 1.000000
Hair_d
  6 2.887670 -3.949342 67.374260 0.383857 -0.875306 0.294097 0.831970 0.275020 1 6 1.000000
  6 2.742283 -4.011419 67.347725 0.262096 -0.931723 0.251391 0.822510 0.272370 1 6 1.000000
  6 2.755884 -4.050122 67.143768 0.210880 -0.977440 0.011826 0.824000 0.260030 1 6 1.000000
Hair_d
  6 2.755884 -4.050122 67.143768 0.210880 -0.977440 0.011826 0.824000 0.260030 1 6 1.000000
  6 2.905638 -4.004481 67.136398 0.363206 -0.930285 0.051498 0.833020 0.260410 1 6 1.000000
  6 2.887670 -3.949342 67.374260 0.383857 -0.875306 0.294097 0.831970 0.275020 1 6 1.000000
Hair_d
  6 3.244653 -3.761383 67.373901 0.455270 -0.835584 0.307455 0.856630 0.276900 1 6 1.000000
  6 2.887670 -3.949342 67.374260 0.383857 -0.875306 0.294097 0.831970 0.275020 1 6 1.000000
  6 2.905638 -4.004481 67.136398 0.363206 -0.930285 0.051498 0.833020 0.260410 1 6 1.000000
Hair_d
  6 2.905638 -4.004481 67.136398 0.363206 -0.930285 0.051498 0.833020 0.260410 1 6 1.000000
  6 3.266322 -3.831194 67.107132 0.466291 -0.881657 0.072478 0.856630 0.260180 1 6 1.000000
  6 3.244653 -3.761383 67.373901 0.455270 -0.835584 0.307455 0.856630 0.276900 1 6 1.000000
Hair_d
  6 3.244653 -3.761383 67.373901 0.455270 -0.835584 0.307455 0.856630 0.276900 1 6 1.000000
  6 3.266322 -3.831194 67.107132 0.466291 -0.881657 0.072478 0.856630 0.260180 1 6 1.000000
  6 3.614871 -3.632635 67.096764 0.562740 -0.825644 0.040436 0.833020 0.260410 1 6 1.000000
Hair_d
  6 3.614871 -3.632635 67.096764 0.562740 -0.825644 0.040436 0.833020 0.260410 1 6 1.000000
  6 3.600536 -3.575558 67.334435 0.527100 -0.800198 0.286092 0.831970 0.275020 1 6 1.000000
  6 3.244653 -3.761383 67.373901 0.455270 -0.835584 0.307455 0.856630 0.276900 1 6 1.000000
Hair_d
  6 3.600536 -3.575558 67.334435 0.527100 -0.800198 0.286092 0.831970 0.275020 1 6 1.000000
  6 3.614871 -3.632635 67.096764 0.562740 -0.825644 0.040436 0.833020 0.260410 1 6 1.000000
  6 3.737522 -3.535387 67.088921 0.683958 -0.729377 -0.014496 0.824000 0.260030 1 6 1.000000
Hair_d
  6 3.737522 -3.535387 67.088921 0.683958 -0.729377 -0.014496 0.824000 0.260030 1 6 1.000000
  6 3.731287 -3.492849 67.292458 0.638401 -0.734410 0.230403 0.822510 0.272370 1 6 1.000000
  6 3.600536 -3.575558 67.334435 0.527100 -0.800198 0.286092 0.831970 0.275020 1 6 1.000000
Hair_d
  6 3.731287 -3.492849 67.292458 0.638401 -0.734410 0.230403 0.822510 0.272370 1 6 1.000000
  6 3.737522 -3.535387 67.088921 0.683958 -0.729377 -0.014496 0.824000 0.260030 1 6 1.000000
  6 3.911046 -3.344324 67.077759 0.855100 -0.507896 -0.104140 0.809230 0.259050 1 6 1.000000
Hair_d
  6 3.911046 -3.344324 67.077759 0.855100 -0.507896 -0.104140 0.809230 0.259050 1 6 1.000000
  6 3.915846 -3.320022 67.217072 0.855320 -0.507603 0.103762 0.807380 0.267200 1 6 1.000000
  6 3.731287 -3.492849 67.292458 0.638401 -0.734410 0.230403 0.822510 0.272370 1 6 1.000000
Hair_d
  6 3.915846 -3.320022 67.217072 0.855320 -0.507603 0.103762 0.807380 0.267200 1 6 1.000000
  6 3.911046 -3.344324 67.077759 0.855100 -0.507896 -0.104140 0.809230 0.259050 1 6 1.000000
  6 3.971755 -3.114091 67.034294 0.982166 -0.134274 -0.131604 0.795820 0.254880 1 6 1.000000
Hair_d
  6 3.971755 -3.114091 67.034294 0.982166 -0.134274 -0.131604 0.795820 0.254880 1 6 1.000000
  6 3.911046 -3.344324 67.077759 0.855100 -0.507896 -0.104140 0.809230 0.259050 1 6 1.000000
  6 3.876941 -3.312621 66.931099 0.812295 -0.462633 -0.355171 0.809260 0.250100 1 6 1.000000
Hair_d
  6 3.876941 -3.312621 66.931099 0.812295 -0.462633 -0.355171 0.809260 0.250100 1 6 1.000000
  6 3.955086 -3.129762 66.972084 0.943410 -0.201728 -0.263217 0.797510 0.251280 1 6 1.000000
  6 3.971755 -3.114091 67.034294 0.982166 -0.134274 -0.131604 0.795820 0.254880 1 6 1.000000
Hair_d
  6 3.971755 -3.114091 67.034294 0.982166 -0.134274 -0.131604 0.795820 0.254880 1 6 1.000000
  6 3.980989 -3.079955 67.151711 0.997816 -0.060583 -0.026322 0.792780 0.261600 1 6 1.000000
  6 3.915846 -3.320022 67.217072 0.855320 -0.507603 0.103762 0.807380 0.267200 1 6 1.000000
Hair_d
  6 3.965453 -2.954273 67.105194 0.978914 0.197271 -0.053025 0.785800 0.257250 1 6 1.000000
  6 3.980989 -3.079955 67.151711 0.997816 -0.060583 -0.026322 0.792780 0.261600 1 6 1.000000
  6 3.971755 -3.114091 67.034294 0.982166 -0.134274 -0.131604 0.795820 0.254880 1 6 1.000000
Hair_d
  6 3.965453 -2.954273 67.105194 0.978914 0.197271 -0.053025 0.785800 0.257250 1 6 1.000000
  6 3.960086 -2.921768 67.222343 0.858685 -0.014495 -0.512298 0.782480 0.263980 1 6 1.000000
  6 3.977723 -3.044383 67.265358 0.877864 -0.143303 -0.456967 0.789660 0.268050 1 6 1.000000
Hair_d
  6 3.977723 -3.044383 67.265358 0.877864 -0.143303 -0.456967 0.789660 0.268050 1 6 1.000000
  6 3.980989 -3.079955 67.151711 0.997816 -0.060583 -0.026322 0.792780 0.261600 1 6 1.000000
  6 3.965453 -2.954273 67.105194 0.978914 0.197271 -0.053025 0.785800 0.257250 1 6 1.000000
Hair_d
  6 3.980989 -3.079955 67.151711 0.997816 -0.060583 -0.026322 0.792780 0.261600 1 6 1.000000
  6 3.977723 -3.044383 67.265358 0.877864 -0.143303 -0.456967 0.789660 0.268050 1 6 1.000000
  6 3.964286 -3.168336 67.306450 0.827090 -0.400802 -0.394055 0.797250 0.271780 1 6 1.000000
Hair_d
  6 3.915846 -3.320022 67.217072 0.855320 -0.507603 0.103762 0.807380 0.267200 1 6 1.000000
  6 3.980989 -3.079955 67.151711 0.997816 -0.060583 -0.026322 0.792780 0.261600 1 6 1.000000
  6 3.964286 -3.168336 67.306450 0.827090 -0.400802 -0.394055 0.797250 0.271780 1 6 1.000000
Hair_d
  6 3.910313 -3.269716 67.354500 0.697528 -0.675998 -0.237659 0.804510 0.275580 1 6 1.000000
  6 3.915846 -3.320022 67.217072 0.855320 -0.507603 0.103762 0.807380 0.267200 1 6 1.000000
  6 3.964286 -3.168336 67.306450 0.827090 -0.400802 -0.394055 0.797250 0.271780 1 6 1.000000
Hair_d
  6 3.915846 -3.320022 67.217072 0.855320 -0.507603 0.103762 0.807380 0.267200 1 6 1.000000
  6 3.910313 -3.269716 67.354500 0.697528 -0.675998 -0.237659 0.804510 0.275580 1 6 1.000000
  6 3.823434 -3.352827 67.416679 0.521960 -0.836823 -0.165181 0.812140 0.280070 1 6 1.000000
Hair_d
  6 3.731287 -3.492849 67.292458 0.638401 -0.734410 0.230403 0.822510 0.272370 1 6 1.000000
  6 3.915846 -3.320022 67.217072 0.855320 -0.507603 0.103762 0.807380 0.267200 1 6 1.000000
  6 3.823434 -3.352827 67.416679 0.521960 -0.836823 -0.165181 0.812140 0.280070 1 6 1.000000
Hair_d
  6 3.710284 -3.419938 67.502480 0.368113 -0.913654 -0.172422 0.820670 0.286000 1 6 1.000000
  6 3.731287 -3.492849 67.292458 0.638401 -0.734410 0.230403 0.822510 0.272370 1 6 1.000000
  6 3.823434 -3.352827 67.416679 0.521960 -0.836823 -0.165181 0.812140 0.280070 1 6 1.000000
Hair_d
  6 3.731287 -3.492849 67.292458 0.638401 -0.734410 0.230403 0.822510 0.272370 1 6 1.000000
  6 3.710284 -3.419938 67.502480 0.368113 -0.913654 -0.172422 0.820670 0.286000 1 6 1.000000
  6 3.568464 -3.485945 67.583458 0.330391 -0.916427 -0.225840 0.830820 0.291390 1 6 1.000000
Hair_d
  6 3.568464 -3.485945 67.583458 0.330391 -0.916427 -0.225840 0.830820 0.291390 1 6 1.000000
  6 3.600536 -3.575558 67.334435 0.527100 -0.800198 0.286092 0.831970 0.275020 1 6 1.000000
  6 3.731287 -3.492849 67.292458 0.638401 -0.734410 0.230403 0.822510 0.272370 1 6 1.000000
Hair_d
  6 3.600536 -3.575558 67.334435 0.527100 -0.800198 0.286092 0.831970 0.275020 1 6 1.000000
  6 3.568464 -3.485945 67.583458 0.330391 -0.916427 -0.225840 0.830820 0.291390 1 6 1.000000
  6 3.393406 -3.564491 67.632698 0.373735 -0.892816 -0.251398 0.843130 0.294580 1 6 1.000000
Hair_d
  6 3.244653 -3.761383 67.373901 0.455270 -0.835584 0.307455 0.856630 0.276900 1 6 1.000000
  6 3.600536 -3.575558 67.334435 0.527100 -0.800198 0.286092 0.831970 0.275020 1 6 1.000000
  6 3.393406 -3.564491 67.632698 0.373735 -0.892816 -0.251398 0.843130 0.294580 1 6 1.000000
Hair_d
  6 3.244653 -3.761383 67.373901 0.455270 -0.835584 0.307455 0.856630 0.276900 1 6 1.000000
  6 3.393406 -3.564491 67.632698 0.373735 -0.892816 -0.251398 0.843130 0.294580 1 6 1.000000
  6 3.204714 -3.655270 67.654701 0.437664 -0.862048 -0.255584 0.856630 0.295690 1 6 1.000000
Hair_d
  6 3.021689 -3.759385 67.653481 0.499394 -0.826872 -0.258626 0.843130 0.294580 1 6 1.000000
  6 3.244653 -3.761383 67.373901 0.455270 -0.835584 0.307455 0.856630 0.276900 1 6 1.000000
  6 3.204714 -3.655270 67.654701 0.437664 -0.862048 -0.255584 0.856630 0.295690 1 6 1.000000
Hair_d
  6 2.887670 -3.949342 67.374260 0.383857 -0.875306 0.294097 0.831970 0.275020 1 6 1.000000
  6 3.244653 -3.761383 67.373901 0.455270 -0.835584 0.307455 0.856630 0.276900 1 6 1.000000
  6 3.021689 -3.759385 67.653481 0.499394 -0.826872 -0.258626 0.843130 0.294580 1 6 1.000000
Hair_d
  6 2.854032 -3.860532 67.623405 0.545542 -0.803566 -0.238044 0.830820 0.291390 1 6 1.000000
  6 2.887670 -3.949342 67.374260 0.383857 -0.875306 0.294097 0.831970 0.275020 1 6 1.000000
  6 3.021689 -3.759385 67.653481 0.499394 -0.826872 -0.258626 0.843130 0.294580 1 6 1.000000
Hair_d
  6 2.742283 -4.011419 67.347725 0.262096 -0.931723 0.251391 0.822510 0.272370 1 6 1.000000
  6 2.887670 -3.949342 67.374260 0.383857 -0.875306 0.294097 0.831970 0.275020 1 6 1.000000
  6 2.854032 -3.860532 67.623405 0.545542 -0.803566 -0.238044 0.830820 0.291390 1 6 1.000000
Hair_d
  6 2.854032 -3.860532 67.623405 0.545542 -0.803566 -0.238044 0.830820 0.291390 1 6 1.000000
  6 2.712678 -3.943009 67.558228 0.526758 -0.830478 -0.181197 0.820670 0.286000 1 6 1.000000
  6 2.742283 -4.011419 67.347725 0.262096 -0.931723 0.251391 0.822510 0.272370 1 6 1.000000
Hair_d
  6 2.742283 -4.011419 67.347725 0.262096 -0.931723 0.251391 0.822510 0.272370 1 6 1.000000
  6 2.712678 -3.943009 67.558228 0.526758 -0.830478 -0.181197 0.820670 0.286000 1 6 1.000000
  6 2.586194 -4.001549 67.485817 0.377366 -0.912565 -0.157546 0.812140 0.280070 1 6 1.000000
Hair_d
  6 2.489614 -4.067828 67.296761 -0.057674 -0.986249 0.154878 0.807380 0.267200 1 6 1.000000
  6 2.742283 -4.011419 67.347725 0.262096 -0.931723 0.251391 0.822510 0.272370 1 6 1.000000
  6 2.586194 -4.001549 67.485817 0.377366 -0.912565 -0.157546 0.812140 0.280070 1 6 1.000000
Hair_d
  6 2.463477 -4.028320 67.435303 0.139669 -0.968452 -0.206379 0.804510 0.275580 1 6 1.000000
  6 2.489614 -4.067828 67.296761 -0.057674 -0.986249 0.154878 0.807380 0.267200 1 6 1.000000
  6 2.586194 -4.001549 67.485817 0.377366 -0.912565 -0.157546 0.812140 0.280070 1 6 1.000000
Hair_d
  6 2.489614 -4.067828 67.296761 -0.057674 -0.986249 0.154878 0.807380 0.267200 1 6 1.000000
  6 2.463477 -4.028320 67.435303 0.139669 -0.968452 -0.206379 0.804510 0.275580 1 6 1.000000
  6 2.345627 -4.017017 67.396881 -0.172848 -0.925009 -0.338352 0.797250 0.271780 1 6 1.000000
Hair_d
  6 2.250114 -3.987482 67.248390 -0.516312 -0.854409 0.058364 0.792780 0.261600 1 6 1.000000
  6 2.489614 -4.067828 67.296761 -0.057674 -0.986249 0.154878 0.807380 0.267200 1 6 1.000000
  6 2.345627 -4.017017 67.396881 -0.172848 -0.925009 -0.338352 0.797250 0.271780 1 6 1.000000
Hair_d
  6 2.489614 -4.067828 67.296761 -0.057674 -0.986249 0.154878 0.807380 0.267200 1 6 1.000000
  6 2.250114 -3.987482 67.248390 -0.516312 -0.854409 0.058364 0.792780 0.261600 1 6 1.000000
  6 2.273117 -4.004748 67.129173 -0.456074 -0.888472 -0.051117 0.795820 0.254880 1 6 1.000000
Hair_d
  6 2.273117 -4.004748 67.129173 -0.456074 -0.888472 -0.051117 0.795820 0.254880 1 6 1.000000
  6 2.500115 -4.084129 67.156609 -0.075435 -0.995800 -0.051880 0.809230 0.259050 1 6 1.000000
  6 2.489614 -4.067828 67.296761 -0.057674 -0.986249 0.154878 0.807380 0.267200 1 6 1.000000
Hair_d
  6 2.480513 -4.044791 67.009117 -0.110321 -0.946371 -0.303663 0.809260 0.250100 1 6 1.000000
  6 2.500115 -4.084129 67.156609 -0.075435 -0.995800 -0.051880 0.809230 0.259050 1 6 1.000000
  6 2.273117 -4.004748 67.129173 -0.456074 -0.888472 -0.051117 0.795820 0.254880 1 6 1.000000
Hair_d
  6 2.755884 -4.050122 67.143768 0.210880 -0.977440 0.011826 0.824000 0.260030 1 6 1.000000
  6 2.500115 -4.084129 67.156609 -0.075435 -0.995800 -0.051880 0.809230 0.259050 1 6 1.000000
  6 2.480513 -4.044791 67.009117 -0.110321 -0.946371 -0.303663 0.809260 0.250100 1 6 1.000000
Hair_d
  6 2.480513 -4.044791 67.009117 -0.110321 -0.946371 -0.303663 0.809260 0.250100 1 6 1.000000
  6 2.734248 -4.021888 66.957047 0.113535 -0.952361 -0.283050 0.824150 0.248870 1 6 1.000000
  6 2.755884 -4.050122 67.143768 0.210880 -0.977440 0.011826 0.824000 0.260030 1 6 1.000000
Hair_d
  6 2.905638 -4.004481 67.136398 0.363206 -0.930285 0.051498 0.833020 0.260410 1 6 1.000000
  6 2.755884 -4.050122 67.143768 0.210880 -0.977440 0.011826 0.824000 0.260030 1 6 1.000000
  6 2.734248 -4.021888 66.957047 0.113535 -0.952361 -0.283050 0.824150 0.248870 1 6 1.000000
Hair_d
  6 2.734248 -4.021888 66.957047 0.113535 -0.952361 -0.283050 0.824150 0.248870 1 6 1.000000
  6 2.884469 -3.984379 66.933311 0.284476 -0.921734 -0.263591 0.833180 0.248310 1 6 1.000000
  6 2.905638 -4.004481 67.136398 0.363206 -0.930285 0.051498 0.833020 0.260410 1 6 1.000000
Hair_d
  6 3.266322 -3.831194 67.107132 0.466291 -0.881657 0.072478 0.856630 0.260180 1 6 1.000000
  6 2.905638 -4.004481 67.136398 0.363206 -0.930285 0.051498 0.833020 0.260410 1 6 1.000000
  6 2.884469 -3.984379 66.933311 0.284476 -0.921734 -0.263591 0.833180 0.248310 1 6 1.000000
Hair_d
  6 2.884469 -3.984379 66.933311 0.284476 -0.921734 -0.263591 0.833180 0.248310 1 6 1.000000
  6 3.246753 -3.816690 66.892769 0.437967 -0.862342 -0.254068 0.856630 0.247250 1 6 1.000000
  6 3.266322 -3.831194 67.107132 0.466291 -0.881657 0.072478 0.856630 0.260180 1 6 1.000000
Hair_d
  6 3.266322 -3.831194 67.107132 0.466291 -0.881657 0.072478 0.856630 0.260180 1 6 1.000000
  6 3.246753 -3.816690 66.892769 0.437967 -0.862342 -0.254068 0.856630 0.247250 1 6 1.000000
  6 3.592534 -3.613096 66.893730 0.572527 -0.770729 -0.279624 0.833180 0.248310 1 6 1.000000
Hair_d
  6 3.246753 -3.816690 66.892769 0.437967 -0.862342 -0.254068 0.856630 0.247250 1 6 1.000000
  6 3.387573 -3.651868 66.719048 0.443925 -0.738040 -0.508161 0.844060 0.236460 1 6 1.000000
  6 3.592534 -3.613096 66.893730 0.572527 -0.770729 -0.279624 0.833180 0.248310 1 6 1.000000
Hair_d
  6 3.246753 -3.816690 66.892769 0.437967 -0.862342 -0.254068 0.856630 0.247250 1 6 1.000000
  6 3.203480 -3.752280 66.722610 0.375876 -0.771637 -0.513121 0.856630 0.235970 1 6 1.000000
  6 3.387573 -3.651868 66.719048 0.443925 -0.738040 -0.508161 0.844060 0.236460 1 6 1.000000
Hair_d
  6 3.387573 -3.651868 66.719048 0.443925 -0.738040 -0.508161 0.844060 0.236460 1 6 1.000000
  6 3.203480 -3.752280 66.722610 0.375876 -0.771637 -0.513121 0.856630 0.235970 1 6 1.000000
  6 3.153207 -3.669837 66.596397 0.312945 -0.668734 -0.674433 0.856630 0.226260 1 6 1.000000
Hair_d
  6 3.203480 -3.752280 66.722610 0.375876 -0.771637 -0.513121 0.856630 0.235970 1 6 1.000000
  6 3.246753 -3.816690 66.892769 0.437967 -0.862342 -0.254068 0.856630 0.247250 1 6 1.000000
  6 3.016787 -3.846263 66.739754 0.310353 -0.807963 -0.500876 0.844060 0.236460 1 6 1.000000
Hair_d
  6 3.016787 -3.846263 66.739754 0.310353 -0.807963 -0.500876 0.844060 0.236460 1 6 1.000000
  6 3.246753 -3.816690 66.892769 0.437967 -0.862342 -0.254068 0.856630 0.247250 1 6 1.000000
  6 2.884469 -3.984379 66.933311 0.284476 -0.921734 -0.263591 0.833180 0.248310 1 6 1.000000
Hair_d
  6 2.841663 -3.919106 66.766479 0.186383 -0.846102 -0.499373 0.832630 0.237410 1 6 1.000000
  6 3.016787 -3.846263 66.739754 0.310353 -0.807963 -0.500876 0.844060 0.236460 1 6 1.000000
  6 2.884469 -3.984379 66.933311 0.284476 -0.921734 -0.263591 0.833180 0.248310 1 6 1.000000
Hair_d
  6 2.693376 -3.955245 66.798286 0.035977 -0.880729 -0.472252 0.823400 0.238400 1 6 1.000000
  6 2.841663 -3.919106 66.766479 0.186383 -0.846102 -0.499373 0.832630 0.237410 1 6 1.000000
  6 2.884469 -3.984379 66.933311 0.284476 -0.921734 -0.263591 0.833180 0.248310 1 6 1.000000
Hair_d
  6 2.884469 -3.984379 66.933311 0.284476 -0.921734 -0.263591 0.833180 0.248310 1 6 1.000000
  6 2.734248 -4.021888 66.957047 0.113535 -0.952361 -0.283050 0.824150 0.248870 1 6 1.000000
  6 2.693376 -3.955245 66.798286 0.035977 -0.880729 -0.472252 0.823400 0.238400 1 6 1.000000
Hair_d
  6 2.445741 -3.978348 66.875259 -0.136082 -0.886011 -0.443244 0.808210 0.241090 1 6 1.000000
  6 2.693376 -3.955245 66.798286 0.035977 -0.880729 -0.472252 0.823400 0.238400 1 6 1.000000
  6 2.734248 -4.021888 66.957047 0.113535 -0.952361 -0.283050 0.824150 0.248870 1 6 1.000000
Hair_d
  6 2.734248 -4.021888 66.957047 0.113535 -0.952361 -0.283050 0.824150 0.248870 1 6 1.000000
  6 2.480513 -4.044791 67.009117 -0.110321 -0.946371 -0.303663 0.809260 0.250100 1 6 1.000000
  6 2.445741 -3.978348 66.875259 -0.136082 -0.886011 -0.443244 0.808210 0.241090 1 6 1.000000
Hair_d
  6 2.340160 -3.973746 66.921806 -0.320870 -0.871372 -0.371150 0.801510 0.242920 1 6 1.000000
  6 2.445741 -3.978348 66.875259 -0.136082 -0.886011 -0.443244 0.808210 0.241090 1 6 1.000000
  6 2.480513 -4.044791 67.009117 -0.110321 -0.946371 -0.303663 0.809260 0.250100 1 6 1.000000
Hair_d
  6 2.289920 -4.002849 67.065125 -0.390370 -0.901087 -0.188819 0.797510 0.251280 1 6 1.000000
  6 2.340160 -3.973746 66.921806 -0.320870 -0.871372 -0.371150 0.801510 0.242920 1 6 1.000000
  6 2.480513 -4.044791 67.009117 -0.110321 -0.946371 -0.303663 0.809260 0.250100 1 6 1.000000
Hair_d
  6 2.246947 -3.960877 67.007111 -0.508560 -0.818450 -0.267405 0.795000 0.246890 1 6 1.000000
  6 2.340160 -3.973746 66.921806 -0.320870 -0.871372 -0.371150 0.801510 0.242920 1 6 1.000000
  6 2.289920 -4.002849 67.065125 -0.390370 -0.901087 -0.188819 0.797510 0.251280 1 6 1.000000
Hair_d
  6 2.246947 -3.960877 67.007111 -0.508560 -0.818450 -0.267405 0.795000 0.246890 1 6 1.000000
  6 2.289920 -4.002849 67.065125 -0.390370 -0.901087 -0.188819 0.797510 0.251280 1 6 1.000000
  6 2.273117 -4.004748 67.129173 -0.456074 -0.888472 -0.051117 0.795820 0.254880 1 6 1.000000
Hair_d
  6 2.273117 -4.004748 67.129173 -0.456074 -0.888472 -0.051117 0.795820 0.254880 1 6 1.000000
  6 2.289920 -4.002849 67.065125 -0.390370 -0.901087 -0.188819 0.797510 0.251280 1 6 1.000000
  6 2.480513 -4.044791 67.009117 -0.110321 -0.946371 -0.303663 0.809260 0.250100 1 6 1.000000
Hair_d
  6 3.153207 -3.669837 66.596397 0.312945 -0.668734 -0.674433 0.856630 0.226260 1 6 1.000000
  6 3.203480 -3.752280 66.722610 0.375876 -0.771637 -0.513121 0.856630 0.235970 1 6 1.000000
  6 3.016787 -3.846263 66.739754 0.310353 -0.807963 -0.500876 0.844060 0.236460 1 6 1.000000
Hair_d
  6 3.016787 -3.846263 66.739754 0.310353 -0.807963 -0.500876 0.844060 0.236460 1 6 1.000000
  6 2.965980 -3.762947 66.613754 0.238470 -0.705610 -0.667268 0.843550 0.226770 1 6 1.000000
  6 3.153207 -3.669837 66.596397 0.312945 -0.668734 -0.674433 0.856630 0.226260 1 6 1.000000
Hair_d
  6 2.965980 -3.762947 66.613754 0.238470 -0.705610 -0.667268 0.843550 0.226770 1 6 1.000000
  6 3.016787 -3.846263 66.739754 0.310353 -0.807963 -0.500876 0.844060 0.236460 1 6 1.000000
  6 2.841663 -3.919106 66.766479 0.186383 -0.846102 -0.499373 0.832630 0.237410 1 6 1.000000
Hair_d
  6 2.841663 -3.919106 66.766479 0.186383 -0.846102 -0.499373 0.832630 0.237410 1 6 1.000000
  6 2.791423 -3.836628 66.643166 0.126399 -0.751907 -0.647039 0.831660 0.228030 1 6 1.000000
  6 2.965980 -3.762947 66.613754 0.238470 -0.705610 -0.667268 0.843550 0.226770 1 6 1.000000
Hair_d
  6 2.791423 -3.836628 66.643166 0.126399 -0.751907 -0.647039 0.831660 0.228030 1 6 1.000000
  6 2.841663 -3.919106 66.766479 0.186383 -0.846102 -0.499373 0.832630 0.237410 1 6 1.000000
  6 2.693376 -3.955245 66.798286 0.035977 -0.880729 -0.472252 0.823400 0.238400 1 6 1.000000
Hair_d
  6 2.693376 -3.955245 66.798286 0.035977 -0.880729 -0.472252 0.823400 0.238400 1 6 1.000000
  6 2.647202 -3.878164 66.681572 -0.002932 -0.793920 -0.608015 0.822160 0.229610 1 6 1.000000
  6 2.791423 -3.836628 66.643166 0.126399 -0.751907 -0.647039 0.831660 0.228030 1 6 1.000000
Hair_d
  6 2.647202 -3.878164 66.681572 -0.002932 -0.793920 -0.608015 0.822160 0.229610 1 6 1.000000
  6 2.693376 -3.955245 66.798286 0.035977 -0.880729 -0.472252 0.823400 0.238400 1 6 1.000000
  6 2.522985 -3.900269 66.726768 -0.091834 -0.823148 -0.560352 0.814070 0.231560 1 6 1.000000
Hair_d
  6 2.522985 -3.900269 66.726768 -0.091834 -0.823148 -0.560352 0.814070 0.231560 1 6 1.000000
  6 2.693376 -3.955245 66.798286 0.035977 -0.880729 -0.472252 0.823400 0.238400 1 6 1.000000
  6 2.445741 -3.978348 66.875259 -0.136082 -0.886011 -0.443244 0.808210 0.241090 1 6 1.000000
Hair_d
  6 2.409702 -3.915837 66.775581 -0.184256 -0.836447 -0.516145 0.806700 0.233830 1 6 1.000000
  6 2.522985 -3.900269 66.726768 -0.091834 -0.823148 -0.560352 0.814070 0.231560 1 6 1.000000
  6 2.445741 -3.978348 66.875259 -0.136082 -0.886011 -0.443244 0.808210 0.241090 1 6 1.000000
Hair_d
  6 2.409702 -3.915837 66.775581 -0.184256 -0.836447 -0.516145 0.806700 0.233830 1 6 1.000000
  6 2.445741 -3.978348 66.875259 -0.136082 -0.886011 -0.443244 0.808210 0.241090 1 6 1.000000
  6 2.340160 -3.973746 66.921806 -0.320870 -0.871372 -0.371150 0.801510 0.242920 1 6 1.000000
Hair_d
  6 2.340160 -3.973746 66.921806 -0.320870 -0.871372 -0.371150 0.801510 0.242920 1 6 1.000000
  6 2.305622 -3.919305 66.838783 -0.353824 -0.831628 -0.428022 0.799700 0.236820 1 6 1.000000
  6 2.409702 -3.915837 66.775581 -0.184256 -0.836447 -0.516145 0.806700 0.233830 1 6 1.000000
Hair_d
  6 2.305622 -3.919305 66.838783 -0.353824 -0.831628 -0.428022 0.799700 0.236820 1 6 1.000000
  6 2.340160 -3.973746 66.921806 -0.320870 -0.871372 -0.371150 0.801510 0.242920 1 6 1.000000
  6 2.246947 -3.960877 67.007111 -0.508560 -0.818450 -0.267405 0.795000 0.246890 1 6 1.000000
Hair_d
  6 2.246947 -3.960877 67.007111 -0.508560 -0.818450 -0.267405 0.795000 0.246890 1 6 1.000000
  6 2.207041 -3.905638 66.927040 -0.538487 -0.784985 -0.306317 0.792560 0.241050 1 6 1.000000
  6 2.305622 -3.919305 66.838783 -0.353824 -0.831628 -0.428022 0.799700 0.236820 1 6 1.000000
Hair_d
  6 2.232745 -3.959312 67.362831 -0.418201 -0.822956 -0.384514 0.789660 0.268050 1 6 1.000000
  6 2.250114 -3.987482 67.248390 -0.516312 -0.854409 0.058364 0.792780 0.261600 1 6 1.000000
  6 2.345627 -4.017017 67.396881 -0.172848 -0.925009 -0.338352 0.797250 0.271780 1 6 1.000000
Hair_d
  6 2.151700 -3.905239 67.206543 -0.719428 -0.693298 0.041962 0.785800 0.257250 1 6 1.000000
  6 2.250114 -3.987482 67.248390 -0.516312 -0.854409 0.058364 0.792780 0.261600 1 6 1.000000
  6 2.232745 -3.959312 67.362831 -0.418201 -0.822956 -0.384514 0.789660 0.268050 1 6 1.000000
Hair_d
  6 2.273117 -4.004748 67.129173 -0.456074 -0.888472 -0.051117 0.795820 0.254880 1 6 1.000000
  6 2.250114 -3.987482 67.248390 -0.516312 -0.854409 0.058364 0.792780 0.261600 1 6 1.000000
  6 2.151700 -3.905239 67.206543 -0.719428 -0.693298 0.041962 0.785800 0.257250 1 6 1.000000
Hair_d
  6 2.151700 -3.905239 67.206543 -0.719428 -0.693298 0.041962 0.785800 0.257250 1 6 1.000000
  6 2.174203 -3.930106 67.096992 -0.658589 -0.748664 -0.075913 0.789230 0.251190 1 6 1.000000
  6 2.273117 -4.004748 67.129173 -0.456074 -0.888472 -0.051117 0.795820 0.254880 1 6 1.000000
Hair_d
  6 2.273117 -4.004748 67.129173 -0.456074 -0.888472 -0.051117 0.795820 0.254880 1 6 1.000000
  6 2.174203 -3.930106 67.096992 -0.658589 -0.748664 -0.075913 0.789230 0.251190 1 6 1.000000
  6 2.246947 -3.960877 67.007111 -0.508560 -0.818450 -0.267405 0.795000 0.246890 1 6 1.000000
Hair_d
  6 2.246947 -3.960877 67.007111 -0.508560 -0.818450 -0.267405 0.795000 0.246890 1 6 1.000000
  6 2.174203 -3.930106 67.096992 -0.658589 -0.748664 -0.075913 0.789230 0.251190 1 6 1.000000
  6 2.131531 -3.877699 67.033264 -0.725675 -0.673722 -0.139623 0.786310 0.246380 1 6 1.000000
Hair_d
  6 2.131531 -3.877699 67.033264 -0.725675 -0.673722 -0.139623 0.786310 0.246380 1 6 1.000000
  6 2.207041 -3.905638 66.927040 -0.538487 -0.784985 -0.306317 0.792560 0.241050 1 6 1.000000
  6 2.246947 -3.960877 67.007111 -0.508560 -0.818450 -0.267405 0.795000 0.246890 1 6 1.000000
Hair_d
  6 2.207041 -3.905638 66.927040 -0.538487 -0.784985 -0.306317 0.792560 0.241050 1 6 1.000000
  6 2.131531 -3.877699 67.033264 -0.725675 -0.673722 -0.139623 0.786310 0.246380 1 6 1.000000
  6 2.094125 -3.814925 66.953117 -0.872418 0.029562 -0.487865 0.783920 0.240740 1 6 1.000000
Hair_d
  6 2.094125 -3.814925 66.953117 -0.872418 0.029562 -0.487865 0.783920 0.240740 1 6 1.000000
  6 2.170069 -3.844264 66.841263 -0.760798 -0.050548 -0.647017 0.790670 0.235000 1 6 1.000000
  6 2.207041 -3.905638 66.927040 -0.538487 -0.784985 -0.306317 0.792560 0.241050 1 6 1.000000
Hair_d
  6 2.305622 -3.919305 66.838783 -0.353824 -0.831628 -0.428022 0.799700 0.236820 1 6 1.000000
  6 2.207041 -3.905638 66.927040 -0.538487 -0.784985 -0.306317 0.792560 0.241050 1 6 1.000000
  6 2.170069 -3.844264 66.841263 -0.760798 -0.050548 -0.647017 0.790670 0.235000 1 6 1.000000
Hair_d
  6 2.170069 -3.844264 66.841263 -0.760798 -0.050548 -0.647017 0.790670 0.235000 1 6 1.000000
  6 2.264849 -3.851160 66.747887 -0.627688 -0.076950 -0.774652 0.797820 0.230190 1 6 1.000000
  6 2.305622 -3.919305 66.838783 -0.353824 -0.831628 -0.428022 0.799700 0.236820 1 6 1.000000
Hair_d
  6 2.409702 -3.915837 66.775581 -0.184256 -0.836447 -0.516145 0.806700 0.233830 1 6 1.000000
  6 2.305622 -3.919305 66.838783 -0.353824 -0.831628 -0.428022 0.799700 0.236820 1 6 1.000000
  6 2.264849 -3.851160 66.747887 -0.627688 -0.076950 -0.774652 0.797820 0.230190 1 6 1.000000
Hair_d
  6 2.264849 -3.851160 66.747887 -0.627688 -0.076950 -0.774652 0.797820 0.230190 1 6 1.000000
  6 2.364263 -3.839561 66.679268 -0.497232 -0.065396 -0.865149 0.804760 0.226530 1 6 1.000000
  6 2.409702 -3.915837 66.775581 -0.184256 -0.836447 -0.516145 0.806700 0.233830 1 6 1.000000
Hair_d
  6 2.409702 -3.915837 66.775581 -0.184256 -0.836447 -0.516145 0.806700 0.233830 1 6 1.000000
  6 2.364263 -3.839561 66.679268 -0.497232 -0.065396 -0.865149 0.804760 0.226530 1 6 1.000000
  6 2.472178 -3.814557 66.624138 -0.424128 -0.034098 -0.904960 0.812200 0.223430 1 6 1.000000
Hair_d
  6 2.472178 -3.814557 66.624138 -0.424128 -0.034098 -0.904960 0.812200 0.223430 1 6 1.000000
  6 2.522985 -3.900269 66.726768 -0.091834 -0.823148 -0.560352 0.814070 0.231560 1 6 1.000000
  6 2.409702 -3.915837 66.775581 -0.184256 -0.836447 -0.516145 0.806700 0.233830 1 6 1.000000
Hair_d
  6 2.522985 -3.900269 66.726768 -0.091834 -0.823148 -0.560352 0.814070 0.231560 1 6 1.000000
  6 2.472178 -3.814557 66.624138 -0.424128 -0.034098 -0.904960 0.812200 0.223430 1 6 1.000000
  6 2.590495 -3.781753 66.572014 -0.350037 -0.015356 -0.936610 0.819970 0.220570 1 6 1.000000
Hair_d
  6 2.590495 -3.781753 66.572014 -0.350037 -0.015356 -0.936610 0.819970 0.220570 1 6 1.000000
  6 2.647202 -3.878164 66.681572 -0.002932 -0.793920 -0.608015 0.822160 0.229610 1 6 1.000000
  6 2.522985 -3.900269 66.726768 -0.091834 -0.823148 -0.560352 0.814070 0.231560 1 6 1.000000
Hair_d
  6 2.647202 -3.878164 66.681572 -0.002932 -0.793920 -0.608015 0.822160 0.229610 1 6 1.000000
  6 2.590495 -3.781753 66.572014 -0.350037 -0.015356 -0.936610 0.819970 0.220570 1 6 1.000000
  6 2.730080 -3.731746 66.528145 -0.249709 0.023505 -0.968036 0.830410 0.218300 1 6 1.000000
Hair_d
  6 2.049686 -3.759181 67.078560 -0.922079 0.155498 -0.354388 0.777460 0.247220 1 6 1.000000
  6 2.094125 -3.814925 66.953117 -0.872418 0.029562 -0.487865 0.783920 0.240740 1 6 1.000000
  6 2.131531 -3.877699 67.033264 -0.725675 -0.673722 -0.139623 0.786310 0.246380 1 6 1.000000
Hair_d
  6 2.131531 -3.877699 67.033264 -0.725675 -0.673722 -0.139623 0.786310 0.246380 1 6 1.000000
  6 2.095392 -3.836862 67.151176 -0.825944 -0.563695 0.008011 0.781360 0.252610 1 6 1.000000
  6 2.049686 -3.759181 67.078560 -0.922079 0.155498 -0.354388 0.777460 0.247220 1 6 1.000000
Hair_d
  6 2.095392 -3.836862 67.151176 -0.825944 -0.563695 0.008011 0.781360 0.252610 1 6 1.000000
  6 2.131531 -3.877699 67.033264 -0.725675 -0.673722 -0.139623 0.786310 0.246380 1 6 1.000000
  6 2.174203 -3.930106 67.096992 -0.658589 -0.748664 -0.075913 0.789230 0.251190 1 6 1.000000
Hair_d
  6 2.174203 -3.930106 67.096992 -0.658589 -0.748664 -0.075913 0.789230 0.251190 1 6 1.000000
  6 2.151700 -3.905239 67.206543 -0.719428 -0.693298 0.041962 0.785800 0.257250 1 6 1.000000
  6 2.095392 -3.836862 67.151176 -0.825944 -0.563695 0.008011 0.781360 0.252610 1 6 1.000000
Hair_d
  6 2.095392 -3.836862 67.151176 -0.825944 -0.563695 0.008011 0.781360 0.252610 1 6 1.000000
  6 2.151700 -3.905239 67.206543 -0.719428 -0.693298 0.041962 0.785800 0.257250 1 6 1.000000
  6 2.138332 -3.876964 67.324127 -0.517888 -0.736424 -0.435283 0.782480 0.263980 1 6 1.000000
Hair_d
  6 2.232745 -3.959312 67.362831 -0.418201 -0.822956 -0.384514 0.789660 0.268050 1 6 1.000000
  6 2.138332 -3.876964 67.324127 -0.517888 -0.736424 -0.435283 0.782480 0.263980 1 6 1.000000
  6 2.151700 -3.905239 67.206543 -0.719428 -0.693298 0.041962 0.785800 0.257250 1 6 1.000000
Hair_d
  6 2.138332 -3.876964 67.324127 -0.517888 -0.736424 -0.435283 0.782480 0.263980 1 6 1.000000
  6 2.074222 -3.790118 67.273293 -0.579937 -0.665179 -0.470329 0.776630 0.259230 1 6 1.000000
  6 2.095392 -3.836862 67.151176 -0.825944 -0.563695 0.008011 0.781360 0.252610 1 6 1.000000
Hair_d
  6 2.095392 -3.836862 67.151176 -0.825944 -0.563695 0.008011 0.781360 0.252610 1 6 1.000000
  6 2.074222 -3.790118 67.273293 -0.579937 -0.665179 -0.470329 0.776630 0.259230 1 6 1.000000
  6 2.018748 -3.691906 67.210175 -0.397065 -0.314552 -0.862204 0.770890 0.253810 1 6 1.000000
Hair_d
  6 2.018748 -3.691906 67.210175 -0.397065 -0.314552 -0.862204 0.770890 0.253810 1 6 1.000000
  6 2.049686 -3.759181 67.078560 -0.922079 0.155498 -0.354388 0.777460 0.247220 1 6 1.000000
  6 2.095392 -3.836862 67.151176 -0.825944 -0.563695 0.008011 0.781360 0.252610 1 6 1.000000
Hair_d
  6 3.139104 -2.650897 68.126305 -0.969863 -0.240207 -0.040817 0.903720 0.205860 1 6 1.000000
  6 3.164577 -2.665597 68.058876 -0.788389 0.029227 0.614482 0.905900 0.199600 1 6 1.000000
  6 3.194279 -2.735908 68.075768 -0.636063 -0.302307 0.709953 0.912920 0.199710 1 6 1.000000
Hair_d
  6 3.155777 -2.585421 68.259026 -0.913863 -0.020052 0.405526 0.901340 0.221330 1 6 1.000000
  6 3.139104 -2.650897 68.126305 -0.969863 -0.240207 -0.040817 0.903720 0.205860 1 6 1.000000
  6 3.164842 -2.718940 68.153709 -0.884569 -0.463766 0.049590 0.909800 0.206470 1 6 1.000000
Hair_d
  6 3.194279 -2.735908 68.075768 -0.636063 -0.302307 0.709953 0.912920 0.199710 1 6 1.000000
  6 3.164842 -2.718940 68.153709 -0.884569 -0.463766 0.049590 0.909800 0.206470 1 6 1.000000
  6 3.139104 -2.650897 68.126305 -0.969863 -0.240207 -0.040817 0.903720 0.205860 1 6 1.000000
Hair_d
  6 3.164842 -2.718940 68.153709 -0.884569 -0.463766 0.049590 0.909800 0.206470 1 6 1.000000
  6 3.194279 -2.735908 68.075768 -0.636063 -0.302307 0.709953 0.912920 0.199710 1 6 1.000000
  6 3.245619 -2.798983 68.081841 -0.426179 -0.504672 0.750785 0.920850 0.199390 1 6 1.000000
Hair_d
  6 3.208547 -2.777581 68.180122 -0.739260 -0.659820 0.134658 0.915280 0.206650 1 6 1.000000
  6 3.245619 -2.798983 68.081841 -0.426179 -0.504672 0.750785 0.920850 0.199390 1 6 1.000000
  6 3.315095 -2.847057 68.075401 0.232687 -0.577318 0.782662 0.925840 0.198940 1 6 1.000000
Hair_d
  6 3.245619 -2.798983 68.081841 -0.426179 -0.504672 0.750785 0.920850 0.199390 1 6 1.000000
  6 3.208547 -2.777581 68.180122 -0.739260 -0.659820 0.134658 0.915280 0.206650 1 6 1.000000
  6 3.164842 -2.718940 68.153709 -0.884569 -0.463766 0.049590 0.909800 0.206470 1 6 1.000000
Hair_d
  6 3.182111 -2.651195 68.291100 -0.826620 -0.236242 0.510773 0.907160 0.220220 1 6 1.000000
  6 3.164842 -2.718940 68.153709 -0.884569 -0.463766 0.049590 0.909800 0.206470 1 6 1.000000
  6 3.208547 -2.777581 68.180122 -0.739260 -0.659820 0.134658 0.915280 0.206650 1 6 1.000000
Hair_d
  6 3.164842 -2.718940 68.153709 -0.884569 -0.463766 0.049590 0.909800 0.206470 1 6 1.000000
  6 3.182111 -2.651195 68.291100 -0.826620 -0.236242 0.510773 0.907160 0.220220 1 6 1.000000
  6 3.155777 -2.585421 68.259026 -0.913863 -0.020052 0.405526 0.901340 0.221330 1 6 1.000000
Hair_d
  6 3.236155 -2.501774 68.352333 -0.643552 0.261316 0.719413 0.906770 0.237460 1 6 1.000000
  6 3.155777 -2.585421 68.259026 -0.913863 -0.020052 0.405526 0.901340 0.221330 1 6 1.000000
  6 3.182111 -2.651195 68.291100 -0.826620 -0.236242 0.510773 0.907160 0.220220 1 6 1.000000
Hair_d
  6 3.468451 -2.822953 68.092033 0.211741 -0.971513 -0.106431 0.936420 0.204830 1 6 1.000000
  6 3.536727 -2.795048 68.069702 0.448274 -0.874782 -0.183868 0.942760 0.206470 1 6 1.000000
  6 3.541427 -2.795715 68.147301 0.466157 -0.881601 0.074005 0.939750 0.211440 1 6 1.000000
Hair_d
  6 3.536727 -2.795048 68.069702 0.448274 -0.874782 -0.183868 0.942760 0.206470 1 6 1.000000
  6 3.468451 -2.822953 68.092033 0.211741 -0.971513 -0.106431 0.936420 0.204830 1 6 1.000000
  6 3.426345 -2.816053 68.027061 0.351844 -0.928165 0.121311 0.936380 0.200090 1 6 1.000000
Hair_d
  6 3.426345 -2.816053 68.027061 0.351844 -0.928165 0.121311 0.936380 0.200090 1 6 1.000000
  6 3.522891 -2.776546 67.995483 0.461005 -0.887082 0.023651 0.945340 0.202400 1 6 1.000000
  6 3.536727 -2.795048 68.069702 0.448274 -0.874782 -0.183868 0.942760 0.206470 1 6 1.000000
Hair_d
  6 3.539293 -2.779281 67.957222 0.703626 -0.435502 0.561470 0.948080 0.200230 1 6 1.000000
  6 3.522891 -2.776546 67.995483 0.461005 -0.887082 0.023651 0.945340 0.202400 1 6 1.000000
  6 3.426345 -2.816053 68.027061 0.351844 -0.928165 0.121311 0.936380 0.200090 1 6 1.000000
Hair_d
  6 3.426345 -2.816053 68.027061 0.351844 -0.928165 0.121311 0.936380 0.200090 1 6 1.000000
  6 3.422711 -2.821887 68.018532 0.529382 -0.462768 0.711056 0.936380 0.199170 1 6 1.000000
  6 3.539293 -2.779281 67.957222 0.703626 -0.435502 0.561470 0.948080 0.200230 1 6 1.000000
Hair_d
  6 3.422711 -2.821887 68.018532 0.529382 -0.462768 0.711056 0.936380 0.199170 1 6 1.000000
  6 3.426345 -2.816053 68.027061 0.351844 -0.928165 0.121311 0.936380 0.200090 1 6 1.000000
  6 3.348800 -2.826287 68.103004 0.170420 -0.969759 0.174712 0.927460 0.202550 1 6 1.000000
Hair_d
  6 3.348800 -2.826287 68.103004 0.170420 -0.969759 0.174712 0.927460 0.202550 1 6 1.000000
  6 3.315095 -2.847057 68.075401 0.232687 -0.577318 0.782662 0.925840 0.198940 1 6 1.000000
  6 3.422711 -2.821887 68.018532 0.529382 -0.462768 0.711056 0.936380 0.199170 1 6 1.000000
Hair_d
  6 3.267222 -2.822820 68.203682 -0.226359 -0.929658 0.290685 0.917470 0.207180 1 6 1.000000
  6 3.315095 -2.847057 68.075401 0.232687 -0.577318 0.782662 0.925840 0.198940 1 6 1.000000
  6 3.348800 -2.826287 68.103004 0.170420 -0.969759 0.174712 0.927460 0.202550 1 6 1.000000
Hair_d
  6 3.315095 -2.847057 68.075401 0.232687 -0.577318 0.782662 0.925840 0.198940 1 6 1.000000
  6 3.267222 -2.822820 68.203682 -0.226359 -0.929658 0.290685 0.917470 0.207180 1 6 1.000000
  6 3.208547 -2.777581 68.180122 -0.739260 -0.659820 0.134658 0.915280 0.206650 1 6 1.000000
Hair_d
  6 3.225217 -2.712140 68.312798 -0.685400 -0.436946 0.582499 0.912100 0.218800 1 6 1.000000
  6 3.208547 -2.777581 68.180122 -0.739260 -0.659820 0.134658 0.915280 0.206650 1 6 1.000000
  6 3.267222 -2.822820 68.203682 -0.226359 -0.929658 0.290685 0.917470 0.207180 1 6 1.000000
Hair_d
  6 3.208547 -2.777581 68.180122 -0.739260 -0.659820 0.134658 0.915280 0.206650 1 6 1.000000
  6 3.225217 -2.712140 68.312798 -0.685400 -0.436946 0.582499 0.912100 0.218800 1 6 1.000000
  6 3.182111 -2.651195 68.291100 -0.826620 -0.236242 0.510773 0.907160 0.220220 1 6 1.000000
Hair_d
  6 3.265289 -2.564549 68.387703 -0.547393 0.054720 0.835085 0.911520 0.234030 1 6 1.000000
  6 3.182111 -2.651195 68.291100 -0.826620 -0.236242 0.510773 0.907160 0.220220 1 6 1.000000
  6 3.225217 -2.712140 68.312798 -0.685400 -0.436946 0.582499 0.912100 0.218800 1 6 1.000000
Hair_d
  6 3.182111 -2.651195 68.291100 -0.826620 -0.236242 0.510773 0.907160 0.220220 1 6 1.000000
  6 3.265289 -2.564549 68.387703 -0.547393 0.054720 0.835085 0.911520 0.234030 1 6 1.000000
  6 3.236155 -2.501774 68.352333 -0.643552 0.261316 0.719413 0.906770 0.237460 1 6 1.000000
Hair_d
  6 3.358703 -2.422296 68.381310 -0.231397 0.528530 0.816769 0.919650 0.249360 1 6 1.000000
  6 3.236155 -2.501774 68.352333 -0.643552 0.261316 0.719413 0.906770 0.237460 1 6 1.000000
  6 3.265289 -2.564549 68.387703 -0.547393 0.054720 0.835085 0.911520 0.234030 1 6 1.000000
Hair_d
  6 3.348800 -2.826287 68.103004 0.170420 -0.969759 0.174712 0.927460 0.202550 1 6 1.000000
  6 3.426345 -2.816053 68.027061 0.351844 -0.928165 0.121311 0.936380 0.200090 1 6 1.000000
  6 3.468451 -2.822953 68.092033 0.211741 -0.971513 -0.106431 0.936420 0.204830 1 6 1.000000
Hair_d
  6 3.541427 -2.795715 68.147301 0.466157 -0.881601 0.074005 0.939750 0.211440 1 6 1.000000
  6 3.536660 -2.778579 68.222984 0.450338 -0.821809 0.349036 0.936520 0.217000 1 6 1.000000
  6 3.506090 -2.810184 68.158852 0.338443 -0.933861 0.115588 0.936470 0.210600 1 6 1.000000
Hair_d
  6 3.541427 -2.795715 68.147301 0.466157 -0.881601 0.074005 0.939750 0.211440 1 6 1.000000
  6 3.506090 -2.810184 68.158852 0.338443 -0.933861 0.115588 0.936470 0.210600 1 6 1.000000
  6 3.468451 -2.822953 68.092033 0.211741 -0.971513 -0.106431 0.936420 0.204830 1 6 1.000000
Hair_d
  6 3.413643 -2.830222 68.145744 0.021911 -0.996606 0.079347 0.930120 0.206570 1 6 1.000000
  6 3.468451 -2.822953 68.092033 0.211741 -0.971513 -0.106431 0.936420 0.204830 1 6 1.000000
  6 3.506090 -2.810184 68.158852 0.338443 -0.933861 0.115588 0.936470 0.210600 1 6 1.000000
Hair_d
  6 3.468451 -2.822953 68.092033 0.211741 -0.971513 -0.106431 0.936420 0.204830 1 6 1.000000
  6 3.413643 -2.830222 68.145744 0.021911 -0.996606 0.079347 0.930120 0.206570 1 6 1.000000
  6 3.348800 -2.826287 68.103004 0.170420 -0.969759 0.174712 0.927460 0.202550 1 6 1.000000
Hair_d
  6 3.311095 -2.804551 68.202919 0.138905 -0.927895 0.346000 0.920970 0.209100 1 6 1.000000
  6 3.348800 -2.826287 68.103004 0.170420 -0.969759 0.174712 0.927460 0.202550 1 6 1.000000
  6 3.413643 -2.830222 68.145744 0.021911 -0.996606 0.079347 0.930120 0.206570 1 6 1.000000
Hair_d
  6 3.348800 -2.826287 68.103004 0.170420 -0.969759 0.174712 0.927460 0.202550 1 6 1.000000
  6 3.311095 -2.804551 68.202919 0.138905 -0.927895 0.346000 0.920970 0.209100 1 6 1.000000
  6 3.267222 -2.822820 68.203682 -0.226359 -0.929658 0.290685 0.917470 0.207180 1 6 1.000000
Hair_d
  6 3.282125 -2.764111 68.322662 -0.188284 -0.780697 0.595870 0.914630 0.218080 1 6 1.000000
  6 3.267222 -2.822820 68.203682 -0.226359 -0.929658 0.290685 0.917470 0.207180 1 6 1.000000
  6 3.311095 -2.804551 68.202919 0.138905 -0.927895 0.346000 0.920970 0.209100 1 6 1.000000
Hair_d
  6 3.267222 -2.822820 68.203682 -0.226359 -0.929658 0.290685 0.917470 0.207180 1 6 1.000000
  6 3.282125 -2.764111 68.322662 -0.188284 -0.780697 0.595870 0.914630 0.218080 1 6 1.000000
  6 3.225217 -2.712140 68.312798 -0.685400 -0.436946 0.582499 0.912100 0.218800 1 6 1.000000
Hair_d
  6 3.305562 -2.628427 68.406143 -0.415165 -0.155457 0.896365 0.915470 0.230910 1 6 1.000000
  6 3.225217 -2.712140 68.312798 -0.685400 -0.436946 0.582499 0.912100 0.218800 1 6 1.000000
  6 3.282125 -2.764111 68.322662 -0.188284 -0.780697 0.595870 0.914630 0.218080 1 6 1.000000
Hair_d
  6 3.225217 -2.712140 68.312798 -0.685400 -0.436946 0.582499 0.912100 0.218800 1 6 1.000000
  6 3.305562 -2.628427 68.406143 -0.415165 -0.155457 0.896365 0.915470 0.230910 1 6 1.000000
  6 3.265289 -2.564549 68.387703 -0.547393 0.054720 0.835085 0.911520 0.234030 1 6 1.000000
Hair_d
  6 3.392177 -2.482273 68.417686 -0.121265 0.331059 0.935786 0.922280 0.244170 1 6 1.000000
  6 3.265289 -2.564549 68.387703 -0.547393 0.054720 0.835085 0.911520 0.234030 1 6 1.000000
  6 3.305562 -2.628427 68.406143 -0.415165 -0.155457 0.896365 0.915470 0.230910 1 6 1.000000
Hair_d
  6 3.265289 -2.564549 68.387703 -0.547393 0.054720 0.835085 0.911520 0.234030 1 6 1.000000
  6 3.392177 -2.482273 68.417686 -0.121265 0.331059 0.935786 0.922280 0.244170 1 6 1.000000
  6 3.358703 -2.422296 68.381310 -0.231397 0.528530 0.816769 0.919650 0.249360 1 6 1.000000
Hair_d
  6 3.490591 -2.368356 68.338097 0.212093 0.710052 0.671448 0.936900 0.253620 1 6 1.000000
  6 3.358703 -2.422296 68.381310 -0.231397 0.528530 0.816769 0.919650 0.249360 1 6 1.000000
  6 3.392177 -2.482273 68.417686 -0.121265 0.331059 0.935786 0.922280 0.244170 1 6 1.000000
Hair_d
  6 3.392177 -2.482273 68.417686 -0.121265 0.331059 0.935786 0.922280 0.244170 1 6 1.000000
  6 3.528725 -2.426432 68.373009 0.337245 0.518479 0.785777 0.936770 0.247830 1 6 1.000000
  6 3.490591 -2.368356 68.338097 0.212093 0.710052 0.671448 0.936900 0.253620 1 6 1.000000
Hair_d
  6 3.596469 -2.354354 68.234398 0.568067 0.757064 0.322729 0.954020 0.249010 1 6 1.000000
  6 3.490591 -2.368356 68.338097 0.212093 0.710052 0.671448 0.936900 0.253620 1 6 1.000000
  6 3.528725 -2.426432 68.373009 0.337245 0.518479 0.785777 0.936770 0.247830 1 6 1.000000
Hair_d
  6 3.528725 -2.426432 68.373009 0.337245 0.518479 0.785777 0.936770 0.247830 1 6 1.000000
  6 3.638375 -2.411962 68.265594 0.705517 0.567132 0.424979 0.951190 0.243950 1 6 1.000000
  6 3.596469 -2.354354 68.234398 0.568067 0.757064 0.322729 0.954020 0.249010 1 6 1.000000
Hair_d
  6 3.648010 -2.384059 68.097878 0.741443 0.656973 -0.136563 0.966560 0.236960 1 6 1.000000
  6 3.596469 -2.354354 68.234398 0.568067 0.757064 0.322729 0.954020 0.249010 1 6 1.000000
  6 3.638375 -2.411962 68.265594 0.705517 0.567132 0.424979 0.951190 0.243950 1 6 1.000000
Hair_d
  6 3.638375 -2.411962 68.265594 0.705517 0.567132 0.424979 0.951190 0.243950 1 6 1.000000
  6 3.691682 -2.442699 68.124306 0.884601 0.463746 -0.049209 0.961740 0.233680 1 6 1.000000
  6 3.648010 -2.384059 68.097878 0.741443 0.656973 -0.136563 0.966560 0.236960 1 6 1.000000
Hair_d
  6 3.428112 -2.548984 68.435112 -0.003076 0.111700 0.993737 0.924490 0.239720 1 6 1.000000
  6 3.305562 -2.628427 68.406143 -0.415165 -0.155457 0.896365 0.915470 0.230910 1 6 1.000000
  6 3.354201 -2.689102 68.406342 -0.008058 -0.593399 0.804868 0.917650 0.228930 1 6 1.000000
Hair_d
  6 3.282125 -2.764111 68.322662 -0.188284 -0.780697 0.595870 0.914630 0.218080 1 6 1.000000
  6 3.354201 -2.689102 68.406342 -0.008058 -0.593399 0.804868 0.917650 0.228930 1 6 1.000000
  6 3.305562 -2.628427 68.406143 -0.415165 -0.155457 0.896365 0.915470 0.230910 1 6 1.000000
Hair_d
  6 3.354201 -2.689102 68.406342 -0.008058 -0.593399 0.804868 0.917650 0.228930 1 6 1.000000
  6 3.282125 -2.764111 68.322662 -0.188284 -0.780697 0.595870 0.914630 0.218080 1 6 1.000000
  6 3.323264 -2.756610 68.300072 0.157752 -0.853942 0.495881 0.918650 0.218000 1 6 1.000000
Hair_d
  6 3.311095 -2.804551 68.202919 0.138905 -0.927895 0.346000 0.920970 0.209100 1 6 1.000000
  6 3.323264 -2.756610 68.300072 0.157752 -0.853942 0.495881 0.918650 0.218000 1 6 1.000000
  6 3.282125 -2.764111 68.322662 -0.188284 -0.780697 0.595870 0.914630 0.218080 1 6 1.000000
Hair_d
  6 3.323264 -2.756610 68.300072 0.157752 -0.853942 0.495881 0.918650 0.218000 1 6 1.000000
  6 3.311095 -2.804551 68.202919 0.138905 -0.927895 0.346000 0.920970 0.209100 1 6 1.000000
  6 3.386973 -2.814820 68.216393 -0.070379 -0.943222 0.324620 0.925530 0.211200 1 6 1.000000
Hair_d
  6 3.413643 -2.830222 68.145744 0.021911 -0.996606 0.079347 0.930120 0.206570 1 6 1.000000
  6 3.386973 -2.814820 68.216393 -0.070379 -0.943222 0.324620 0.925530 0.211200 1 6 1.000000
  6 3.311095 -2.804551 68.202919 0.138905 -0.927895 0.346000 0.920970 0.209100 1 6 1.000000
Hair_d
  6 3.386973 -2.814820 68.216393 -0.070379 -0.943222 0.324620 0.925530 0.211200 1 6 1.000000
  6 3.413643 -2.830222 68.145744 0.021911 -0.996606 0.079347 0.930120 0.206570 1 6 1.000000
  6 3.477686 -2.813920 68.186653 0.235562 -0.947397 0.216679 0.933210 0.211500 1 6 1.000000
Hair_d
  6 3.506090 -2.810184 68.158852 0.338443 -0.933861 0.115588 0.936470 0.210600 1 6 1.000000
  6 3.477686 -2.813920 68.186653 0.235562 -0.947397 0.216679 0.933210 0.211500 1 6 1.000000
  6 3.413643 -2.830222 68.145744 0.021911 -0.996606 0.079347 0.930120 0.206570 1 6 1.000000
Hair_d
  6 3.506090 -2.810184 68.158852 0.338443 -0.933861 0.115588 0.936470 0.210600 1 6 1.000000
  6 3.536660 -2.778579 68.222984 0.450338 -0.821809 0.349036 0.936520 0.217000 1 6 1.000000
  6 3.477686 -2.813920 68.186653 0.235562 -0.947397 0.216679 0.933210 0.211500 1 6 1.000000
Hair_d
  6 3.477686 -2.813920 68.186653 0.235562 -0.947397 0.216679 0.933210 0.211500 1 6 1.000000
  6 3.536660 -2.778579 68.222984 0.450338 -0.821809 0.349036 0.936520 0.217000 1 6 1.000000
  6 3.463884 -2.805952 68.223228 0.185598 -0.918550 0.349025 0.930830 0.213890 1 6 1.000000
Hair_d
  6 3.463884 -2.805952 68.223228 0.185598 -0.918550 0.349025 0.930830 0.213890 1 6 1.000000
  6 3.536660 -2.778579 68.222984 0.450338 -0.821809 0.349036 0.936520 0.217000 1 6 1.000000
  6 3.468351 -2.788415 68.258766 0.201695 -0.855303 0.477259 0.929980 0.217150 1 6 1.000000
Hair_d
  6 3.463884 -2.805952 68.223228 0.185598 -0.918550 0.349025 0.930830 0.213890 1 6 1.000000
  6 3.468351 -2.788415 68.258766 0.201695 -0.855303 0.477259 0.929980 0.217150 1 6 1.000000
  6 3.395574 -2.780949 68.285057 -0.040650 -0.825946 0.562281 0.923880 0.217490 1 6 1.000000
Hair_d
  6 3.437180 -2.737641 68.333397 0.103210 -0.675886 0.729744 0.925630 0.223760 1 6 1.000000
  6 3.395574 -2.780949 68.285057 -0.040650 -0.825946 0.562281 0.923880 0.217490 1 6 1.000000
  6 3.468351 -2.788415 68.258766 0.201695 -0.855303 0.477259 0.929980 0.217150 1 6 1.000000
Hair_d
  6 3.395574 -2.780949 68.285057 -0.040650 -0.825946 0.562281 0.923880 0.217490 1 6 1.000000
  6 3.437180 -2.737641 68.333397 0.103210 -0.675886 0.729744 0.925630 0.223760 1 6 1.000000
  6 3.382105 -2.695371 68.368370 0.248270 -0.759592 0.601151 0.921110 0.226860 1 6 1.000000
Hair_d
  6 3.471817 -2.637196 68.389603 0.386660 -0.670026 0.633687 0.927710 0.233310 1 6 1.000000
  6 3.382105 -2.695371 68.368370 0.248270 -0.759592 0.601151 0.921110 0.226860 1 6 1.000000
  6 3.437180 -2.737641 68.333397 0.103210 -0.675886 0.729744 0.925630 0.223760 1 6 1.000000
Hair_d
  6 3.382105 -2.695371 68.368370 0.248270 -0.759592 0.601151 0.921110 0.226860 1 6 1.000000
  6 3.471817 -2.637196 68.389603 0.386660 -0.670026 0.633687 0.927710 0.233310 1 6 1.000000
  6 3.464084 -2.617857 68.432320 0.266432 -0.415395 0.869748 0.925730 0.236830 1 6 1.000000
Hair_d
  6 3.582333 -2.569485 68.393616 0.561693 -0.294447 0.773177 0.936700 0.239650 1 6 1.000000
  6 3.464084 -2.617857 68.432320 0.266432 -0.415395 0.869748 0.925730 0.236830 1 6 1.000000
  6 3.471817 -2.637196 68.389603 0.386660 -0.670026 0.633687 0.927710 0.233310 1 6 1.000000
Hair_d
  6 3.464084 -2.617857 68.432320 0.266432 -0.415395 0.869748 0.925730 0.236830 1 6 1.000000
  6 3.582333 -2.569485 68.393616 0.561693 -0.294447 0.773177 0.936700 0.239650 1 6 1.000000
  6 3.559999 -2.495040 68.391914 0.440545 0.293156 0.848516 0.936730 0.242870 1 6 1.000000
Hair_d
  6 3.477686 -2.813920 68.186653 0.235562 -0.947397 0.216679 0.933210 0.211500 1 6 1.000000
  6 3.463884 -2.805952 68.223228 0.185598 -0.918550 0.349025 0.930830 0.213890 1 6 1.000000
  6 3.386973 -2.814820 68.216393 -0.070379 -0.943222 0.324620 0.925530 0.211200 1 6 1.000000
Hair_d
  6 3.395574 -2.780949 68.285057 -0.040650 -0.825946 0.562281 0.923880 0.217490 1 6 1.000000
  6 3.386973 -2.814820 68.216393 -0.070379 -0.943222 0.324620 0.925530 0.211200 1 6 1.000000
  6 3.463884 -2.805952 68.223228 0.185598 -0.918550 0.349025 0.930830 0.213890 1 6 1.000000
Hair_d
  6 3.386973 -2.814820 68.216393 -0.070379 -0.943222 0.324620 0.925530 0.211200 1 6 1.000000
  6 3.395574 -2.780949 68.285057 -0.040650 -0.825946 0.562281 0.923880 0.217490 1 6 1.000000
  6 3.323264 -2.756610 68.300072 0.157752 -0.853942 0.495881 0.918650 0.218000 1 6 1.000000
Hair_d
  6 3.382105 -2.695371 68.368370 0.248270 -0.759592 0.601151 0.921110 0.226860 1 6 1.000000
  6 3.323264 -2.756610 68.300072 0.157752 -0.853942 0.495881 0.918650 0.218000 1 6 1.000000
  6 3.395574 -2.780949 68.285057 -0.040650 -0.825946 0.562281 0.923880 0.217490 1 6 1.000000
Hair_d
  6 3.323264 -2.756610 68.300072 0.157752 -0.853942 0.495881 0.918650 0.218000 1 6 1.000000
  6 3.382105 -2.695371 68.368370 0.248270 -0.759592 0.601151 0.921110 0.226860 1 6 1.000000
  6 3.354201 -2.689102 68.406342 -0.008058 -0.593399 0.804868 0.917650 0.228930 1 6 1.000000
Hair_d
  6 3.464084 -2.617857 68.432320 0.266432 -0.415395 0.869748 0.925730 0.236830 1 6 1.000000
  6 3.354201 -2.689102 68.406342 -0.008058 -0.593399 0.804868 0.917650 0.228930 1 6 1.000000
  6 3.382105 -2.695371 68.368370 0.248270 -0.759592 0.601151 0.921110 0.226860 1 6 1.000000
Hair_d
  6 3.354201 -2.689102 68.406342 -0.008058 -0.593399 0.804868 0.917650 0.228930 1 6 1.000000
  6 3.464084 -2.617857 68.432320 0.266432 -0.415395 0.869748 0.925730 0.236830 1 6 1.000000
  6 3.428112 -2.548984 68.435112 -0.003076 0.111700 0.993737 0.924490 0.239720 1 6 1.000000
Hair_d
  6 3.559999 -2.495040 68.391914 0.440545 0.293156 0.848516 0.936730 0.242870 1 6 1.000000
  6 3.428112 -2.548984 68.435112 -0.003076 0.111700 0.993737 0.924490 0.239720 1 6 1.000000
  6 3.464084 -2.617857 68.432320 0.266432 -0.415395 0.869748 0.925730 0.236830 1 6 1.000000
Hair_d
  6 3.489888 -2.766013 68.283798 0.279535 -0.774114 0.567986 0.930880 0.220400 1 6 1.000000
  6 3.522725 -2.744709 68.291573 0.398808 -0.696769 0.596209 0.933300 0.222760 1 6 1.000000
  6 3.500623 -2.696504 68.348404 0.323414 -0.533261 0.781688 0.930290 0.228320 1 6 1.000000
Hair_d
  6 3.489888 -2.766013 68.283798 0.279535 -0.774114 0.567986 0.930880 0.220400 1 6 1.000000
  6 3.536660 -2.778579 68.222984 0.450338 -0.821809 0.349036 0.936520 0.217000 1 6 1.000000
  6 3.522725 -2.744709 68.291573 0.398808 -0.696769 0.596209 0.933300 0.222760 1 6 1.000000
Hair_d
  6 3.468351 -2.788415 68.258766 0.201695 -0.855303 0.477259 0.929980 0.217150 1 6 1.000000
  6 3.536660 -2.778579 68.222984 0.450338 -0.821809 0.349036 0.936520 0.217000 1 6 1.000000
  6 3.489888 -2.766013 68.283798 0.279535 -0.774114 0.567986 0.930880 0.220400 1 6 1.000000
Hair_d
  6 3.468351 -2.788415 68.258766 0.201695 -0.855303 0.477259 0.929980 0.217150 1 6 1.000000
  6 3.489888 -2.766013 68.283798 0.279535 -0.774114 0.567986 0.930880 0.220400 1 6 1.000000
  6 3.437180 -2.737641 68.333397 0.103210 -0.675886 0.729744 0.925630 0.223760 1 6 1.000000
Hair_d
  6 3.500623 -2.696504 68.348404 0.323414 -0.533261 0.781688 0.930290 0.228320 1 6 1.000000
  6 3.437180 -2.737641 68.333397 0.103210 -0.675886 0.729744 0.925630 0.223760 1 6 1.000000
  6 3.489888 -2.766013 68.283798 0.279535 -0.774114 0.567986 0.930880 0.220400 1 6 1.000000
Hair_d
  6 3.437180 -2.737641 68.333397 0.103210 -0.675886 0.729744 0.925630 0.223760 1 6 1.000000
  6 3.500623 -2.696504 68.348404 0.323414 -0.533261 0.781688 0.930290 0.228320 1 6 1.000000
  6 3.471817 -2.637196 68.389603 0.386660 -0.670026 0.633687 0.927710 0.233310 1 6 1.000000
Hair_d
  6 3.665914 -2.481040 68.288200 0.796549 0.340254 0.499736 0.948910 0.239520 1 6 1.000000
  6 3.559999 -2.495040 68.391914 0.440545 0.293156 0.848516 0.936730 0.242870 1 6 1.000000
  6 3.582333 -2.569485 68.393616 0.561693 -0.294447 0.773177 0.936700 0.239650 1 6 1.000000
Hair_d
  6 3.582333 -2.569485 68.393616 0.561693 -0.294447 0.773177 0.936700 0.239650 1 6 1.000000
  6 3.677280 -2.556918 68.300606 0.798957 -0.262886 0.540887 0.947630 0.236650 1 6 1.000000
  6 3.665914 -2.481040 68.288200 0.796549 0.340254 0.499736 0.948910 0.239520 1 6 1.000000
Hair_d
  6 3.717419 -2.510745 68.151680 0.969831 0.240401 0.040436 0.957780 0.230570 1 6 1.000000
  6 3.665914 -2.481040 68.288200 0.796549 0.340254 0.499736 0.948910 0.239520 1 6 1.000000
  6 3.677280 -2.556918 68.300606 0.798957 -0.262886 0.540887 0.947630 0.236650 1 6 1.000000
Hair_d
  6 3.677280 -2.556918 68.300606 0.798957 -0.262886 0.540887 0.947630 0.236650 1 6 1.000000
  6 3.723489 -2.583587 68.178215 0.914405 -0.329613 0.234985 0.955580 0.228620 1 6 1.000000
  6 3.717419 -2.510745 68.151680 0.969831 0.240401 0.040436 0.957780 0.230570 1 6 1.000000
Hair_d
  6 3.723489 -2.583587 68.178215 0.914405 -0.329613 0.234985 0.955580 0.228620 1 6 1.000000
  6 3.677280 -2.556918 68.300606 0.798957 -0.262886 0.540887 0.947630 0.236650 1 6 1.000000
  6 3.645908 -2.587454 68.282066 0.655021 -0.593174 0.468073 0.945590 0.233170 1 6 1.000000
Hair_d
  6 3.645908 -2.587454 68.282066 0.655021 -0.593174 0.468073 0.945590 0.233170 1 6 1.000000
  6 3.683615 -2.609224 68.182121 0.713065 -0.626876 0.313951 0.952090 0.226610 1 6 1.000000
  6 3.723489 -2.583587 68.178215 0.914405 -0.329613 0.234985 0.955580 0.228620 1 6 1.000000
Hair_d
  6 3.683615 -2.609224 68.182121 0.713065 -0.626876 0.313951 0.952090 0.226610 1 6 1.000000
  6 3.645908 -2.587454 68.282066 0.655021 -0.593174 0.468073 0.945590 0.233170 1 6 1.000000
  6 3.623705 -2.661331 68.272316 0.749838 -0.411530 0.518060 0.942940 0.228220 1 6 1.000000
Hair_d
  6 3.623705 -2.661331 68.272316 0.749838 -0.411530 0.518060 0.942940 0.228220 1 6 1.000000
  6 3.650375 -2.676701 68.201683 0.842175 -0.464683 0.273517 0.947530 0.223580 1 6 1.000000
  6 3.683615 -2.609224 68.182121 0.713065 -0.626876 0.313951 0.952090 0.226610 1 6 1.000000
Hair_d
  6 3.650375 -2.676701 68.201683 0.842175 -0.464683 0.273517 0.947530 0.223580 1 6 1.000000
  6 3.623705 -2.661331 68.272316 0.749838 -0.411530 0.518060 0.942940 0.228220 1 6 1.000000
  6 3.586434 -2.726507 68.252197 0.629444 -0.630923 0.453581 0.939840 0.222700 1 6 1.000000
Hair_d
  6 3.586434 -2.726507 68.252197 0.629444 -0.630923 0.453581 0.939840 0.222700 1 6 1.000000
  6 3.600235 -2.734476 68.215584 0.679412 -0.659718 0.321204 0.942220 0.220300 1 6 1.000000
  6 3.650375 -2.676701 68.201683 0.842175 -0.464683 0.273517 0.947530 0.223580 1 6 1.000000
Hair_d
  6 3.586434 -2.726507 68.252197 0.629444 -0.630923 0.453581 0.939840 0.222700 1 6 1.000000
  6 3.536660 -2.778579 68.222984 0.450338 -0.821809 0.349036 0.936520 0.217000 1 6 1.000000
  6 3.600235 -2.734476 68.215584 0.679412 -0.659718 0.321204 0.942220 0.220300 1 6 1.000000
Hair_d
  6 3.558064 -2.730240 68.280006 0.526699 -0.644461 0.554309 0.936580 0.223600 1 6 1.000000
  6 3.536660 -2.778579 68.222984 0.450338 -0.821809 0.349036 0.936520 0.217000 1 6 1.000000
  6 3.586434 -2.726507 68.252197 0.629444 -0.630923 0.453581 0.939840 0.222700 1 6 1.000000
Hair_d
  6 3.522725 -2.744709 68.291573 0.398808 -0.696769 0.596209 0.933300 0.222760 1 6 1.000000
  6 3.536660 -2.778579 68.222984 0.450338 -0.821809 0.349036 0.936520 0.217000 1 6 1.000000
  6 3.558064 -2.730240 68.280006 0.526699 -0.644461 0.554309 0.936580 0.223600 1 6 1.000000
Hair_d
  6 3.522725 -2.744709 68.291573 0.398808 -0.696769 0.596209 0.933300 0.222760 1 6 1.000000
  6 3.558064 -2.730240 68.280006 0.526699 -0.644461 0.554309 0.936580 0.223600 1 6 1.000000
  6 3.568898 -2.668565 68.326042 0.559967 -0.436486 0.704214 0.936630 0.229950 1 6 1.000000
Hair_d
  6 3.568898 -2.668565 68.326042 0.559967 -0.436486 0.704214 0.936630 0.229950 1 6 1.000000
  6 3.500623 -2.696504 68.348404 0.323414 -0.533261 0.781688 0.930290 0.228320 1 6 1.000000
  6 3.522725 -2.744709 68.291573 0.398808 -0.696769 0.596209 0.933300 0.222760 1 6 1.000000
Hair_d
  6 3.500623 -2.696504 68.348404 0.323414 -0.533261 0.781688 0.930290 0.228320 1 6 1.000000
  6 3.568898 -2.668565 68.326042 0.559967 -0.436486 0.704214 0.936630 0.229950 1 6 1.000000
  6 3.568397 -2.597688 68.357979 0.535503 -0.608999 0.585112 0.936670 0.235620 1 6 1.000000
Hair_d
  6 3.568397 -2.597688 68.357979 0.535503 -0.608999 0.585112 0.936670 0.235620 1 6 1.000000
  6 3.471817 -2.637196 68.389603 0.386660 -0.670026 0.633687 0.927710 0.233310 1 6 1.000000
  6 3.500623 -2.696504 68.348404 0.323414 -0.533261 0.781688 0.930290 0.228320 1 6 1.000000
Hair_d
  6 3.471817 -2.637196 68.389603 0.386660 -0.670026 0.633687 0.927710 0.233310 1 6 1.000000
  6 3.568397 -2.597688 68.357979 0.535503 -0.608999 0.585112 0.936670 0.235620 1 6 1.000000
  6 3.582333 -2.569485 68.393616 0.561693 -0.294447 0.773177 0.936700 0.239650 1 6 1.000000
Hair_d
  6 3.677280 -2.556918 68.300606 0.798957 -0.262886 0.540887 0.947630 0.236650 1 6 1.000000
  6 3.582333 -2.569485 68.393616 0.561693 -0.294447 0.773177 0.936700 0.239650 1 6 1.000000
  6 3.568397 -2.597688 68.357979 0.535503 -0.608999 0.585112 0.936670 0.235620 1 6 1.000000
Hair_d
  6 3.568397 -2.597688 68.357979 0.535503 -0.608999 0.585112 0.936670 0.235620 1 6 1.000000
  6 3.645908 -2.587454 68.282066 0.655021 -0.593174 0.468073 0.945590 0.233170 1 6 1.000000
  6 3.677280 -2.556918 68.300606 0.798957 -0.262886 0.540887 0.947630 0.236650 1 6 1.000000
Hair_d
  6 3.645908 -2.587454 68.282066 0.655021 -0.593174 0.468073 0.945590 0.233170 1 6 1.000000
  6 3.568397 -2.597688 68.357979 0.535503 -0.608999 0.585112 0.936670 0.235620 1 6 1.000000
  6 3.568898 -2.668565 68.326042 0.559967 -0.436486 0.704214 0.936630 0.229950 1 6 1.000000
Hair_d
  6 3.568898 -2.668565 68.326042 0.559967 -0.436486 0.704214 0.936630 0.229950 1 6 1.000000
  6 3.623705 -2.661331 68.272316 0.749838 -0.411530 0.518060 0.942940 0.228220 1 6 1.000000
  6 3.645908 -2.587454 68.282066 0.655021 -0.593174 0.468073 0.945590 0.233170 1 6 1.000000
Hair_d
  6 3.623705 -2.661331 68.272316 0.749838 -0.411530 0.518060 0.942940 0.228220 1 6 1.000000
  6 3.568898 -2.668565 68.326042 0.559967 -0.436486 0.704214 0.936630 0.229950 1 6 1.000000
  6 3.558064 -2.730240 68.280006 0.526699 -0.644461 0.554309 0.936580 0.223600 1 6 1.000000
Hair_d
  6 3.558064 -2.730240 68.280006 0.526699 -0.644461 0.554309 0.936580 0.223600 1 6 1.000000
  6 3.586434 -2.726507 68.252197 0.629444 -0.630923 0.453581 0.939840 0.222700 1 6 1.000000
  6 3.623705 -2.661331 68.272316 0.749838 -0.411530 0.518060 0.942940 0.228220 1 6 1.000000
Hair_d
  6 3.600235 -2.734476 68.215584 0.679412 -0.659718 0.321204 0.942220 0.220300 1 6 1.000000
  6 3.536660 -2.778579 68.222984 0.450338 -0.821809 0.349036 0.936520 0.217000 1 6 1.000000
  6 3.595802 -2.752010 68.180046 0.663355 -0.723081 0.192650 0.943070 0.217050 1 6 1.000000
Hair_d
  6 3.600235 -2.734476 68.215584 0.679412 -0.659718 0.321204 0.942220 0.220300 1 6 1.000000
  6 3.595802 -2.752010 68.180046 0.663355 -0.723081 0.192650 0.943070 0.217050 1 6 1.000000
  6 3.641775 -2.710607 68.132973 0.812354 -0.582085 0.035477 0.949170 0.217290 1 6 1.000000
Hair_d
  6 3.641775 -2.710607 68.132973 0.812354 -0.582085 0.035477 0.949170 0.217290 1 6 1.000000
  6 3.650375 -2.676701 68.201683 0.842175 -0.464683 0.273517 0.947530 0.223580 1 6 1.000000
  6 3.600235 -2.734476 68.215584 0.679412 -0.659718 0.321204 0.942220 0.220300 1 6 1.000000
Hair_d
  6 3.650375 -2.676701 68.201683 0.842175 -0.464683 0.273517 0.947530 0.223580 1 6 1.000000
  6 3.641775 -2.710607 68.132973 0.812354 -0.582085 0.035477 0.949170 0.217290 1 6 1.000000
  6 3.671446 -2.657131 68.084953 0.694307 -0.700648 0.164410 0.954410 0.217710 1 6 1.000000
Hair_d
  6 3.671446 -2.657131 68.084953 0.694307 -0.700648 0.164410 0.954410 0.217710 1 6 1.000000
  6 3.683615 -2.609224 68.182121 0.713065 -0.626876 0.313951 0.952090 0.226610 1 6 1.000000
  6 3.650375 -2.676701 68.201683 0.842175 -0.464683 0.273517 0.947530 0.223580 1 6 1.000000
Hair_d
  6 3.683615 -2.609224 68.182121 0.713065 -0.626876 0.313951 0.952090 0.226610 1 6 1.000000
  6 3.671446 -2.657131 68.084953 0.694307 -0.700648 0.164410 0.954410 0.217710 1 6 1.000000
  6 3.708554 -2.642261 68.059258 0.877074 -0.476314 -0.062180 0.958430 0.217720 1 6 1.000000
Hair_d
  6 3.708554 -2.642261 68.059258 0.877074 -0.476314 -0.062180 0.958430 0.217720 1 6 1.000000
  6 3.723489 -2.583587 68.178215 0.914405 -0.329613 0.234985 0.955580 0.228620 1 6 1.000000
  6 3.683615 -2.609224 68.182121 0.713065 -0.626876 0.313951 0.952090 0.226610 1 6 1.000000
Hair_d
  6 3.723489 -2.583587 68.178215 0.914405 -0.329613 0.234985 0.955580 0.228620 1 6 1.000000
  6 3.708554 -2.642261 68.059258 0.877074 -0.476314 -0.062180 0.958430 0.217720 1 6 1.000000
  6 3.700786 -2.576220 68.019005 0.913870 0.020147 -0.405507 0.960960 0.218410 1 6 1.000000
Hair_d
  6 3.700786 -2.576220 68.019005 0.913870 0.020147 -0.405507 0.960960 0.218410 1 6 1.000000
  6 3.717419 -2.510745 68.151680 0.969831 0.240401 0.040436 0.957780 0.230570 1 6 1.000000
  6 3.723489 -2.583587 68.178215 0.914405 -0.329613 0.234985 0.955580 0.228620 1 6 1.000000
Hair_d
  6 3.717419 -2.510745 68.151680 0.969831 0.240401 0.040436 0.957780 0.230570 1 6 1.000000
  6 3.700786 -2.576220 68.019005 0.913870 0.020147 -0.405507 0.960960 0.218410 1 6 1.000000
  6 3.674446 -2.510512 67.986885 0.826608 0.236269 -0.510780 0.965880 0.219920 1 6 1.000000
Hair_d
  6 3.674446 -2.510512 67.986885 0.826608 0.236269 -0.510780 0.965880 0.219920 1 6 1.000000
  6 3.691682 -2.442699 68.124306 0.884601 0.463746 -0.049209 0.961740 0.233680 1 6 1.000000
  6 3.717419 -2.510745 68.151680 0.969831 0.240401 0.040436 0.957780 0.230570 1 6 1.000000
Hair_d
  6 3.665914 -2.481040 68.288200 0.796549 0.340254 0.499736 0.948910 0.239520 1 6 1.000000
  6 3.717419 -2.510745 68.151680 0.969831 0.240401 0.040436 0.957780 0.230570 1 6 1.000000
  6 3.691682 -2.442699 68.124306 0.884601 0.463746 -0.049209 0.961740 0.233680 1 6 1.000000
Hair_d
  6 3.691682 -2.442699 68.124306 0.884601 0.463746 -0.049209 0.961740 0.233680 1 6 1.000000
  6 3.638375 -2.411962 68.265594 0.705517 0.567132 0.424979 0.951190 0.243950 1 6 1.000000
  6 3.665914 -2.481040 68.288200 0.796549 0.340254 0.499736 0.948910 0.239520 1 6 1.000000
Hair_d
  6 3.559999 -2.495040 68.391914 0.440545 0.293156 0.848516 0.936730 0.242870 1 6 1.000000
  6 3.665914 -2.481040 68.288200 0.796549 0.340254 0.499736 0.948910 0.239520 1 6 1.000000
  6 3.638375 -2.411962 68.265594 0.705517 0.567132 0.424979 0.951190 0.243950 1 6 1.000000
Hair_d
  6 3.638375 -2.411962 68.265594 0.705517 0.567132 0.424979 0.951190 0.243950 1 6 1.000000
  6 3.528725 -2.426432 68.373009 0.337245 0.518479 0.785777 0.936770 0.247830 1 6 1.000000
  6 3.559999 -2.495040 68.391914 0.440545 0.293156 0.848516 0.936730 0.242870 1 6 1.000000
Hair_d
  6 3.428112 -2.548984 68.435112 -0.003076 0.111700 0.993737 0.924490 0.239720 1 6 1.000000
  6 3.559999 -2.495040 68.391914 0.440545 0.293156 0.848516 0.936730 0.242870 1 6 1.000000
  6 3.528725 -2.426432 68.373009 0.337245 0.518479 0.785777 0.936770 0.247830 1 6 1.000000
Hair_d
  6 3.528725 -2.426432 68.373009 0.337245 0.518479 0.785777 0.936770 0.247830 1 6 1.000000
  6 3.392177 -2.482273 68.417686 -0.121265 0.331059 0.935786 0.922280 0.244170 1 6 1.000000
  6 3.428112 -2.548984 68.435112 -0.003076 0.111700 0.993737 0.924490 0.239720 1 6 1.000000
Hair_d
  6 3.305562 -2.628427 68.406143 -0.415165 -0.155457 0.896365 0.915470 0.230910 1 6 1.000000
  6 3.428112 -2.548984 68.435112 -0.003076 0.111700 0.993737 0.924490 0.239720 1 6 1.000000
  6 3.392177 -2.482273 68.417686 -0.121265 0.331059 0.935786 0.922280 0.244170 1 6 1.000000
Hair_d
  6 3.595802 -2.752010 68.180046 0.663355 -0.723081 0.192650 0.943070 0.217050 1 6 1.000000
  6 3.574265 -2.774446 68.155037 0.585185 -0.804430 0.102232 0.942170 0.213800 1 6 1.000000
  6 3.600169 -2.753912 68.084663 0.668106 -0.732265 -0.131990 0.947430 0.211020 1 6 1.000000
Hair_d
  6 3.600169 -2.753912 68.084663 0.668106 -0.732265 -0.131990 0.947430 0.211020 1 6 1.000000
  6 3.641775 -2.710607 68.132973 0.812354 -0.582085 0.035477 0.949170 0.217290 1 6 1.000000
  6 3.595802 -2.752010 68.180046 0.663355 -0.723081 0.192650 0.943070 0.217050 1 6 1.000000
Hair_d
  6 3.641775 -2.710607 68.132973 0.812354 -0.582085 0.035477 0.949170 0.217290 1 6 1.000000
  6 3.600169 -2.753912 68.084663 0.668106 -0.732265 -0.131990 0.947430 0.211020 1 6 1.000000
  6 3.612604 -2.718406 68.016670 0.604093 -0.794689 0.059510 0.951940 0.208850 1 6 1.000000
Hair_d
  6 3.612604 -2.718406 68.016670 0.604093 -0.794689 0.059510 0.951940 0.208850 1 6 1.000000
  6 3.671446 -2.657131 68.084953 0.694307 -0.700648 0.164410 0.954410 0.217710 1 6 1.000000
  6 3.641775 -2.710607 68.132973 0.812354 -0.582085 0.035477 0.949170 0.217290 1 6 1.000000
Hair_d
  6 3.671446 -2.657131 68.084953 0.694307 -0.700648 0.164410 0.954410 0.217710 1 6 1.000000
  6 3.612604 -2.718406 68.016670 0.604093 -0.794689 0.059510 0.951940 0.208850 1 6 1.000000
  6 3.636474 -2.717303 67.975594 0.693197 -0.666518 -0.274284 0.955400 0.206870 1 6 1.000000
Hair_d
  6 3.636474 -2.717303 67.975594 0.693197 -0.666518 -0.274284 0.955400 0.206870 1 6 1.000000
  6 3.708554 -2.642261 68.059258 0.877074 -0.476314 -0.062180 0.958430 0.217720 1 6 1.000000
  6 3.671446 -2.657131 68.084953 0.694307 -0.700648 0.164410 0.954410 0.217710 1 6 1.000000
Hair_d
  6 3.708554 -2.642261 68.059258 0.877074 -0.476314 -0.062180 0.958430 0.217720 1 6 1.000000
  6 3.636474 -2.717303 67.975594 0.693197 -0.666518 -0.274284 0.955400 0.206870 1 6 1.000000
  6 3.620405 -2.659898 67.925652 0.643538 -0.261320 -0.719424 0.957580 0.206300 1 6 1.000000
Hair_d
  6 3.620405 -2.659898 67.925652 0.643538 -0.261320 -0.719424 0.957580 0.206300 1 6 1.000000
  6 3.700786 -2.576220 68.019005 0.913870 0.020147 -0.405507 0.960960 0.218410 1 6 1.000000
  6 3.708554 -2.642261 68.059258 0.877074 -0.476314 -0.062180 0.958430 0.217720 1 6 1.000000
Hair_d
  6 3.700786 -2.576220 68.019005 0.913870 0.020147 -0.405507 0.960960 0.218410 1 6 1.000000
  6 3.620405 -2.659898 67.925652 0.643538 -0.261320 -0.719424 0.957580 0.206300 1 6 1.000000
  6 3.591269 -2.597120 67.890312 0.550212 -0.055911 -0.833151 0.963330 0.206240 1 6 1.000000
Hair_d
  6 3.591269 -2.597120 67.890312 0.550212 -0.055911 -0.833151 0.963330 0.206240 1 6 1.000000
  6 3.674446 -2.510512 67.986885 0.826608 0.236269 -0.510780 0.965880 0.219920 1 6 1.000000
  6 3.700786 -2.576220 68.019005 0.913870 0.020147 -0.405507 0.960960 0.218410 1 6 1.000000
Hair_d
  6 3.631340 -2.449566 67.965218 0.685425 0.436932 -0.582480 0.971630 0.221070 1 6 1.000000
  6 3.648010 -2.384059 68.097878 0.741443 0.656973 -0.136563 0.966560 0.236960 1 6 1.000000
  6 3.691682 -2.442699 68.124306 0.884601 0.463746 -0.049209 0.961740 0.233680 1 6 1.000000
Hair_d
  6 3.691682 -2.442699 68.124306 0.884601 0.463746 -0.049209 0.961740 0.233680 1 6 1.000000
  6 3.674446 -2.510512 67.986885 0.826608 0.236269 -0.510780 0.965880 0.219920 1 6 1.000000
  6 3.631340 -2.449566 67.965218 0.685425 0.436932 -0.582480 0.971630 0.221070 1 6 1.000000
Hair_d
  6 3.550996 -2.533212 67.871841 0.433435 0.167575 -0.885467 0.969570 0.206550 1 6 1.000000
  6 3.631340 -2.449566 67.965218 0.685425 0.436932 -0.582480 0.971630 0.221070 1 6 1.000000
  6 3.674446 -2.510512 67.986885 0.826608 0.236269 -0.510780 0.965880 0.219920 1 6 1.000000
Hair_d
  6 3.674446 -2.510512 67.986885 0.826608 0.236269 -0.510780 0.965880 0.219920 1 6 1.000000
  6 3.591269 -2.597120 67.890312 0.550212 -0.055911 -0.833151 0.963330 0.206240 1 6 1.000000
  6 3.550996 -2.533212 67.871841 0.433435 0.167575 -0.885467 0.969570 0.206550 1 6 1.000000
Hair_d
  6 3.532459 -2.545649 67.866371 0.853506 0.483093 -0.195316 0.969360 0.204610 1 6 1.000000
  6 3.550996 -2.533212 67.871841 0.433435 0.167575 -0.885467 0.969570 0.206550 1 6 1.000000
  6 3.591269 -2.597120 67.890312 0.550212 -0.055911 -0.833151 0.963330 0.206240 1 6 1.000000
Hair_d
  6 3.591269 -2.597120 67.890312 0.550212 -0.055911 -0.833151 0.963330 0.206240 1 6 1.000000
  6 3.561931 -2.616123 67.883369 0.976323 0.141024 -0.164032 0.962640 0.203190 1 6 1.000000
  6 3.532459 -2.545649 67.866371 0.853506 0.483093 -0.195316 0.969360 0.204610 1 6 1.000000
Hair_d
  6 3.561931 -2.616123 67.883369 0.976323 0.141024 -0.164032 0.962640 0.203190 1 6 1.000000
  6 3.591269 -2.597120 67.890312 0.550212 -0.055911 -0.833151 0.963330 0.206240 1 6 1.000000
  6 3.620405 -2.659898 67.925652 0.643538 -0.261320 -0.719424 0.957580 0.206300 1 6 1.000000
Hair_d
  6 3.620405 -2.659898 67.925652 0.643538 -0.261320 -0.719424 0.957580 0.206300 1 6 1.000000
  6 3.568864 -2.693336 67.913475 0.981037 -0.192025 -0.026322 0.953790 0.201410 1 6 1.000000
  6 3.561931 -2.616123 67.883369 0.976323 0.141024 -0.164032 0.962640 0.203190 1 6 1.000000
Hair_d
  6 3.568864 -2.693336 67.913475 0.981037 -0.192025 -0.026322 0.953790 0.201410 1 6 1.000000
  6 3.620405 -2.659898 67.925652 0.643538 -0.261320 -0.719424 0.957580 0.206300 1 6 1.000000
  6 3.636474 -2.717303 67.975594 0.693197 -0.666518 -0.274284 0.955400 0.206870 1 6 1.000000
Hair_d
  6 3.636474 -2.717303 67.975594 0.693197 -0.666518 -0.274284 0.955400 0.206870 1 6 1.000000
  6 3.539293 -2.779281 67.957222 0.703626 -0.435502 0.561470 0.948080 0.200230 1 6 1.000000
  6 3.568864 -2.693336 67.913475 0.981037 -0.192025 -0.026322 0.953790 0.201410 1 6 1.000000
Hair_d
  6 3.539293 -2.779281 67.957222 0.703626 -0.435502 0.561470 0.948080 0.200230 1 6 1.000000
  6 3.636474 -2.717303 67.975594 0.693197 -0.666518 -0.274284 0.955400 0.206870 1 6 1.000000
  6 3.612604 -2.718406 68.016670 0.604093 -0.794689 0.059510 0.951940 0.208850 1 6 1.000000
Hair_d
  6 3.612604 -2.718406 68.016670 0.604093 -0.794689 0.059510 0.951940 0.208850 1 6 1.000000
  6 3.522891 -2.776546 67.995483 0.461005 -0.887082 0.023651 0.945340 0.202400 1 6 1.000000
  6 3.539293 -2.779281 67.957222 0.703626 -0.435502 0.561470 0.948080 0.200230 1 6 1.000000
Hair_d
  6 3.522891 -2.776546 67.995483 0.461005 -0.887082 0.023651 0.945340 0.202400 1 6 1.000000
  6 3.612604 -2.718406 68.016670 0.604093 -0.794689 0.059510 0.951940 0.208850 1 6 1.000000
  6 3.600169 -2.753912 68.084663 0.668106 -0.732265 -0.131990 0.947430 0.211020 1 6 1.000000
Hair_d
  6 3.600169 -2.753912 68.084663 0.668106 -0.732265 -0.131990 0.947430 0.211020 1 6 1.000000
  6 3.536727 -2.795048 68.069702 0.448274 -0.874782 -0.183868 0.942760 0.206470 1 6 1.000000
  6 3.522891 -2.776546 67.995483 0.461005 -0.887082 0.023651 0.945340 0.202400 1 6 1.000000
Hair_d
  6 3.536727 -2.795048 68.069702 0.448274 -0.874782 -0.183868 0.942760 0.206470 1 6 1.000000
  6 3.600169 -2.753912 68.084663 0.668106 -0.732265 -0.131990 0.947430 0.211020 1 6 1.000000
  6 3.574265 -2.774446 68.155037 0.585185 -0.804430 0.102232 0.942170 0.213800 1 6 1.000000
Hair_d
  6 3.574265 -2.774446 68.155037 0.585185 -0.804430 0.102232 0.942170 0.213800 1 6 1.000000
  6 3.541427 -2.795715 68.147301 0.466157 -0.881601 0.074005 0.939750 0.211440 1 6 1.000000
  6 3.536727 -2.795048 68.069702 0.448274 -0.874782 -0.183868 0.942760 0.206470 1 6 1.000000
Hair_d
  6 3.574265 -2.774446 68.155037 0.585185 -0.804430 0.102232 0.942170 0.213800 1 6 1.000000
  6 3.536660 -2.778579 68.222984 0.450338 -0.821809 0.349036 0.936520 0.217000 1 6 1.000000
  6 3.541427 -2.795715 68.147301 0.466157 -0.881601 0.074005 0.939750 0.211440 1 6 1.000000
Hair_d
  6 3.595802 -2.752010 68.180046 0.663355 -0.723081 0.192650 0.943070 0.217050 1 6 1.000000
  6 3.536660 -2.778579 68.222984 0.450338 -0.821809 0.349036 0.936520 0.217000 1 6 1.000000
  6 3.574265 -2.774446 68.155037 0.585185 -0.804430 0.102232 0.942170 0.213800 1 6 1.000000
Hair_d
  6 3.865840 -2.723440 67.106987 0.406900 0.107149 -0.907167 0.412980 0.924900 1 6 1.000000
  6 3.892043 -2.793183 66.975655 0.362350 0.828938 -0.426104 0.424210 0.924930 1 6 1.000000
  6 2.942310 -3.207705 67.158577 -0.209927 0.301323 -0.930126 0.412980 0.988160 1 6 1.000000
Hair_d
  6 3.901711 -2.867160 66.852127 0.425925 0.710360 -0.560335 0.432890 0.926120 1 6 1.000000
  6 2.942310 -3.207705 67.158577 -0.209927 0.301323 -0.930126 0.412980 0.988160 1 6 1.000000
  6 3.892043 -2.793183 66.975655 0.362350 0.828938 -0.426104 0.424210 0.924930 1 6 1.000000
Hair_d
  6 3.873074 -2.951303 66.746117 0.414370 0.565771 -0.712882 0.440480 0.929710 1 6 1.000000
  6 2.942310 -3.207705 67.158577 -0.209927 0.301323 -0.930126 0.412980 0.988160 1 6 1.000000
  6 3.901711 -2.867160 66.852127 0.425925 0.710360 -0.560335 0.432890 0.926120 1 6 1.000000
Hair_d
  6 3.817066 -3.037314 66.661163 0.350103 0.435572 -0.829280 0.446690 0.934890 1 6 1.000000
  6 2.942310 -3.207705 67.158577 -0.209927 0.301323 -0.930126 0.412980 0.988160 1 6 1.000000
  6 3.873074 -2.951303 66.746117 0.414370 0.565771 -0.712882 0.440480 0.929710 1 6 1.000000
Hair_d
  6 3.745389 -3.115430 66.602119 0.258903 0.330923 -0.907446 0.451140 0.940760 1 6 1.000000
  6 2.942310 -3.207705 67.158577 -0.209927 0.301323 -0.930126 0.412980 0.988160 1 6 1.000000
  6 3.817066 -3.037314 66.661163 0.350103 0.435572 -0.829280 0.446690 0.934890 1 6 1.000000
Hair_d
  6 3.659077 -3.192236 66.557854 0.188397 0.287172 -0.939169 0.454610 0.947430 1 6 1.000000
  6 2.942310 -3.207705 67.158577 -0.209927 0.301323 -0.930126 0.412980 0.988160 1 6 1.000000
  6 3.745389 -3.115430 66.602119 0.258903 0.330923 -0.907446 0.451140 0.940760 1 6 1.000000
Hair_d
  6 3.560764 -3.273014 66.517807 0.128449 0.235654 -0.963311 0.457820 0.954860 1 6 1.000000
  6 2.942310 -3.207705 67.158577 -0.209927 0.301323 -0.930126 0.412980 0.988160 1 6 1.000000
  6 3.659077 -3.192236 66.557854 0.188397 0.287172 -0.939169 0.454610 0.947430 1 6 1.000000
Hair_d
  6 3.437080 -3.361063 66.488640 0.037141 0.173788 -0.984082 0.460360 0.963900 1 6 1.000000
  6 2.942310 -3.207705 67.158577 -0.209927 0.301323 -0.930126 0.412980 0.988160 1 6 1.000000
  6 3.560764 -3.273014 66.517807 0.128449 0.235654 -0.963311 0.457820 0.954860 1 6 1.000000
Hair_d
  6 3.273656 -3.460379 66.476570 -0.050045 0.132396 -0.989933 0.461860 0.975430 1 6 1.000000
  6 2.942310 -3.207705 67.158577 -0.209927 0.301323 -0.930126 0.412980 0.988160 1 6 1.000000
  6 3.437080 -3.361063 66.488640 0.037141 0.173788 -0.984082 0.460360 0.963900 1 6 1.000000
Hair_d
  6 3.273656 -3.460379 66.476570 -0.050045 0.132396 -0.989933 0.461860 0.975430 1 6 1.000000
  6 3.089598 -3.560853 66.480675 -0.110880 0.106183 -0.988145 0.462300 0.988160 1 6 1.000000
  6 2.942310 -3.207705 67.158577 -0.209927 0.301323 -0.930126 0.412980 0.988160 1 6 1.000000
Hair_d
  6 3.089598 -3.560853 66.480675 -0.110880 0.106183 -0.988145 0.462300 0.988160 1 6 1.000000
  6 2.902838 -3.654834 66.497276 -0.166752 0.070978 -0.983441 0.461860 0.975430 1 6 1.000000
  6 2.942310 -3.207705 67.158577 -0.209927 0.301323 -0.930126 0.412980 0.988160 1 6 1.000000
Hair_d
  6 2.942310 -3.207705 67.158577 -0.209927 0.301323 -0.930126 0.412980 0.988160 1 6 1.000000
  6 2.902838 -3.654834 66.497276 -0.166752 0.070978 -0.983441 0.461860 0.975430 1 6 1.000000
  6 2.730080 -3.731746 66.528145 -0.249709 0.023505 -0.968036 0.460360 0.963900 1 6 1.000000
Hair_d
  6 2.942310 -3.207705 67.158577 -0.209927 0.301323 -0.930126 0.412980 0.988160 1 6 1.000000
  6 2.730080 -3.731746 66.528145 -0.249709 0.023505 -0.968036 0.460360 0.963900 1 6 1.000000
  6 2.590495 -3.781753 66.572014 -0.350037 -0.015356 -0.936610 0.457820 0.954860 1 6 1.000000
Hair_d
  6 2.942310 -3.207705 67.158577 -0.209927 0.301323 -0.930126 0.412980 0.988160 1 6 1.000000
  6 2.590495 -3.781753 66.572014 -0.350037 -0.015356 -0.936610 0.457820 0.954860 1 6 1.000000
  6 2.472178 -3.814557 66.624138 -0.424128 -0.034098 -0.904960 0.454610 0.947430 1 6 1.000000
Hair_d
  6 2.942310 -3.207705 67.158577 -0.209927 0.301323 -0.930126 0.412980 0.988160 1 6 1.000000
  6 2.472178 -3.814557 66.624138 -0.424128 -0.034098 -0.904960 0.454610 0.947430 1 6 1.000000
  6 2.364263 -3.839561 66.679268 -0.497232 -0.065396 -0.865149 0.451140 0.940760 1 6 1.000000
Hair_d
  6 2.942310 -3.207705 67.158577 -0.209927 0.301323 -0.930126 0.412980 0.988160 1 6 1.000000
  6 2.364263 -3.839561 66.679268 -0.497232 -0.065396 -0.865149 0.451140 0.940760 1 6 1.000000
  6 2.264849 -3.851160 66.747887 -0.627688 -0.076950 -0.774652 0.446690 0.934890 1 6 1.000000
Hair_d
  6 2.942310 -3.207705 67.158577 -0.209927 0.301323 -0.930126 0.412980 0.988160 1 6 1.000000
  6 2.264849 -3.851160 66.747887 -0.627688 -0.076950 -0.774652 0.446690 0.934890 1 6 1.000000
  6 2.170069 -3.844264 66.841263 -0.760798 -0.050548 -0.647017 0.440480 0.929710 1 6 1.000000
Hair_d
  6 2.942310 -3.207705 67.158577 -0.209927 0.301323 -0.930126 0.412980 0.988160 1 6 1.000000
  6 2.170069 -3.844264 66.841263 -0.760798 -0.050548 -0.647017 0.440480 0.929710 1 6 1.000000
  6 2.094125 -3.814925 66.953117 -0.872418 0.029562 -0.487865 0.432890 0.926120 1 6 1.000000
Hair_d
  6 2.942310 -3.207705 67.158577 -0.209927 0.301323 -0.930126 0.412980 0.988160 1 6 1.000000
  6 2.094125 -3.814925 66.953117 -0.872418 0.029562 -0.487865 0.432890 0.926120 1 6 1.000000
  6 2.049686 -3.759181 67.078560 -0.922079 0.155498 -0.354388 0.424210 0.924930 1 6 1.000000
Hair_d
  6 2.049686 -3.759181 67.078560 -0.922079 0.155498 -0.354388 0.424210 0.924930 1 6 1.000000
  6 2.018748 -3.691906 67.210175 -0.397065 -0.314552 -0.862204 0.412980 0.924900 1 6 1.000000
  6 2.942310 -3.207705 67.158577 -0.209927 0.301323 -0.930126 0.412980 0.988160 1 6 1.000000
Hair_d
  6 2.104993 -2.959603 68.101540 -0.450367 0.821799 -0.349022 0.938560 0.295370 1 6 1.000000
  6 2.045852 -2.986141 68.144402 -0.662929 0.723474 -0.192640 0.933030 0.291680 1 6 1.000000
  6 2.067388 -2.963737 68.169411 -0.585019 0.804550 -0.102232 0.931890 0.294750 1 6 1.000000
Hair_d
  6 2.041485 -2.984241 68.239784 -0.667995 0.732367 0.131987 0.925390 0.294220 1 6 1.000000
  6 2.067388 -2.963737 68.169411 -0.585019 0.804550 -0.102232 0.931890 0.294750 1 6 1.000000
  6 2.045852 -2.986141 68.144402 -0.662929 0.723474 -0.192640 0.933030 0.291680 1 6 1.000000
Hair_d
  6 2.067388 -2.963737 68.169411 -0.585019 0.804550 -0.102232 0.931890 0.294750 1 6 1.000000
  6 2.041485 -2.984241 68.239784 -0.667995 0.732367 0.131987 0.925390 0.294220 1 6 1.000000
  6 2.104927 -2.943136 68.254768 -0.448284 0.874778 0.183863 0.926390 0.300470 1 6 1.000000
Hair_d
  6 2.104927 -2.943136 68.254768 -0.448284 0.874778 0.183863 0.926390 0.300470 1 6 1.000000
  6 2.100229 -2.942436 68.177177 -0.466515 0.881412 -0.074005 0.932390 0.297960 1 6 1.000000
  6 2.067388 -2.963737 68.169411 -0.585019 0.804550 -0.102232 0.931890 0.294750 1 6 1.000000
Hair_d
  6 2.100229 -2.942436 68.177177 -0.466515 0.881412 -0.074005 0.932390 0.297960 1 6 1.000000
  6 2.104927 -2.943136 68.254768 -0.448284 0.874778 0.183863 0.926390 0.300470 1 6 1.000000
  6 2.173203 -2.915197 68.232460 -0.211901 0.971437 0.106809 0.930260 0.305530 1 6 1.000000
Hair_d
  6 2.173203 -2.915197 68.232460 -0.211901 0.971437 0.106809 0.930260 0.305530 1 6 1.000000
  6 2.135564 -2.927966 68.165611 -0.338538 0.933779 -0.115965 0.934440 0.300540 1 6 1.000000
  6 2.100229 -2.942436 68.177177 -0.466515 0.881412 -0.074005 0.932390 0.297960 1 6 1.000000
Hair_d
  6 2.135564 -2.927966 68.165611 -0.338538 0.933779 -0.115965 0.934440 0.300540 1 6 1.000000
  6 2.173203 -2.915197 68.232460 -0.211901 0.971437 0.106809 0.930260 0.305530 1 6 1.000000
  6 2.228013 -2.907929 68.178749 -0.021887 0.996607 -0.079347 0.936190 0.308200 1 6 1.000000
Hair_d
  6 2.228013 -2.907929 68.178749 -0.021887 0.996607 -0.079347 0.936190 0.308200 1 6 1.000000
  6 2.163938 -2.924235 68.137802 -0.235825 0.947331 -0.216680 0.937560 0.301840 1 6 1.000000
  6 2.135564 -2.927966 68.165611 -0.338538 0.933779 -0.115965 0.934440 0.300540 1 6 1.000000
Hair_d
  6 2.104993 -2.959603 68.101540 -0.450367 0.821799 -0.349022 0.938560 0.295370 1 6 1.000000
  6 2.135564 -2.927966 68.165611 -0.338538 0.933779 -0.115965 0.934440 0.300540 1 6 1.000000
  6 2.163938 -2.924235 68.137802 -0.235825 0.947331 -0.216680 0.937560 0.301840 1 6 1.000000
Hair_d
  6 2.104993 -2.959603 68.101540 -0.450367 0.821799 -0.349022 0.938560 0.295370 1 6 1.000000
  6 2.100229 -2.942436 68.177177 -0.466515 0.881412 -0.074005 0.932390 0.297960 1 6 1.000000
  6 2.135564 -2.927966 68.165611 -0.338538 0.933779 -0.115965 0.934440 0.300540 1 6 1.000000
Hair_d
  6 2.104993 -2.959603 68.101540 -0.450367 0.821799 -0.349022 0.938560 0.295370 1 6 1.000000
  6 2.067388 -2.963737 68.169411 -0.585019 0.804550 -0.102232 0.931890 0.294750 1 6 1.000000
  6 2.100229 -2.942436 68.177177 -0.466515 0.881412 -0.074005 0.932390 0.297960 1 6 1.000000
Hair_d
  6 2.045852 -2.986141 68.144402 -0.662929 0.723474 -0.192640 0.933030 0.291680 1 6 1.000000
  6 1.999879 -3.027548 68.191490 -0.812292 0.582171 -0.035477 0.927510 0.288240 1 6 1.000000
  6 2.041485 -2.984241 68.239784 -0.667995 0.732367 0.131987 0.925390 0.294220 1 6 1.000000
Hair_d
  6 2.029050 -3.019747 68.307838 -0.706360 0.611650 0.356285 0.918990 0.293700 1 6 1.000000
  6 2.041485 -2.984241 68.239784 -0.667995 0.732367 0.131987 0.925390 0.294220 1 6 1.000000
  6 1.999879 -3.027548 68.191490 -0.812292 0.582171 -0.035477 0.927510 0.288240 1 6 1.000000
Hair_d
  6 2.041485 -2.984241 68.239784 -0.667995 0.732367 0.131987 0.925390 0.294220 1 6 1.000000
  6 2.029050 -3.019747 68.307838 -0.706360 0.611650 0.356285 0.918990 0.293700 1 6 1.000000
  6 2.118762 -2.961606 68.329041 -0.400617 0.809936 0.428380 0.920450 0.302920 1 6 1.000000
Hair_d
  6 2.118762 -2.961606 68.329041 -0.400617 0.809936 0.428380 0.920450 0.302920 1 6 1.000000
  6 2.104927 -2.943136 68.254768 -0.448284 0.874778 0.183863 0.926390 0.300470 1 6 1.000000
  6 2.041485 -2.984241 68.239784 -0.667995 0.732367 0.131987 0.925390 0.294220 1 6 1.000000
Hair_d
  6 2.104927 -2.943136 68.254768 -0.448284 0.874778 0.183863 0.926390 0.300470 1 6 1.000000
  6 2.118762 -2.961606 68.329041 -0.400617 0.809936 0.428380 0.920450 0.302920 1 6 1.000000
  6 2.215311 -2.922098 68.297432 -0.071691 0.944427 0.320809 0.926060 0.310390 1 6 1.000000
Hair_d
  6 2.215311 -2.922098 68.297432 -0.071691 0.944427 0.320809 0.926060 0.310390 1 6 1.000000
  6 2.173203 -2.915197 68.232460 -0.211901 0.971437 0.106809 0.930260 0.305530 1 6 1.000000
  6 2.104927 -2.943136 68.254768 -0.448284 0.874778 0.183863 0.926390 0.300470 1 6 1.000000
Hair_d
  6 2.173203 -2.915197 68.232460 -0.211901 0.971437 0.106809 0.930260 0.305530 1 6 1.000000
  6 2.215311 -2.922098 68.297432 -0.071691 0.944427 0.320809 0.926060 0.310390 1 6 1.000000
  6 2.292819 -2.911865 68.221458 0.192522 0.979321 0.062179 0.934570 0.314470 1 6 1.000000
Hair_d
  6 2.292819 -2.911865 68.221458 0.192522 0.979321 0.062179 0.934570 0.314470 1 6 1.000000
  6 2.228013 -2.907929 68.178749 -0.021887 0.996607 -0.079347 0.936190 0.308200 1 6 1.000000
  6 2.173203 -2.915197 68.232460 -0.211901 0.971437 0.106809 0.930260 0.305530 1 6 1.000000
Hair_d
  6 2.228013 -2.907929 68.178749 -0.021887 0.996607 -0.079347 0.936190 0.308200 1 6 1.000000
  6 2.292819 -2.911865 68.221458 0.192522 0.979321 0.062179 0.934570 0.314470 1 6 1.000000
  6 2.330558 -2.933602 68.121544 0.320705 0.904727 -0.280388 0.944260 0.314430 1 6 1.000000
Hair_d
  6 2.330558 -2.933602 68.121544 0.320705 0.904727 -0.280388 0.944260 0.314430 1 6 1.000000
  6 2.254680 -2.923334 68.108070 0.071451 0.942617 -0.326142 0.942940 0.307840 1 6 1.000000
  6 2.228013 -2.907929 68.178749 -0.021887 0.996607 -0.079347 0.936190 0.308200 1 6 1.000000
Hair_d
  6 2.163938 -2.924235 68.137802 -0.235825 0.947331 -0.216680 0.937560 0.301840 1 6 1.000000
  6 2.228013 -2.907929 68.178749 -0.021887 0.996607 -0.079347 0.936190 0.308200 1 6 1.000000
  6 2.254680 -2.923334 68.108070 0.071451 0.942617 -0.326142 0.942940 0.307840 1 6 1.000000
Hair_d
  6 2.254680 -2.923334 68.108070 0.071451 0.942617 -0.326142 0.942940 0.307840 1 6 1.000000
  6 2.177737 -2.932202 68.101234 -0.185822 0.918499 -0.349042 0.941010 0.301470 1 6 1.000000
  6 2.163938 -2.924235 68.137802 -0.235825 0.947331 -0.216680 0.937560 0.301840 1 6 1.000000
Hair_d
  6 2.104993 -2.959603 68.101540 -0.450367 0.821799 -0.349022 0.938560 0.295370 1 6 1.000000
  6 2.163938 -2.924235 68.137802 -0.235825 0.947331 -0.216680 0.937560 0.301840 1 6 1.000000
  6 2.177737 -2.932202 68.101234 -0.185822 0.918499 -0.349042 0.941010 0.301470 1 6 1.000000
Hair_d
  6 2.104993 -2.959603 68.101540 -0.450367 0.821799 -0.349022 0.938560 0.295370 1 6 1.000000
  6 2.177737 -2.932202 68.101234 -0.185822 0.918499 -0.349042 0.941010 0.301470 1 6 1.000000
  6 2.173270 -2.949736 68.065689 -0.199475 0.851994 -0.484061 0.943920 0.299410 1 6 1.000000
Hair_d
  6 2.246080 -2.957236 68.039398 0.044494 0.812383 -0.581425 0.948930 0.304180 1 6 1.000000
  6 2.173270 -2.949736 68.065689 -0.199475 0.851994 -0.484061 0.943920 0.299410 1 6 1.000000
  6 2.177737 -2.932202 68.101234 -0.185822 0.918499 -0.349042 0.941010 0.301470 1 6 1.000000
Hair_d
  6 2.177737 -2.932202 68.101234 -0.185822 0.918499 -0.349042 0.941010 0.301470 1 6 1.000000
  6 2.254680 -2.923334 68.108070 0.071451 0.942617 -0.326142 0.942940 0.307840 1 6 1.000000
  6 2.246080 -2.957236 68.039398 0.044494 0.812383 -0.581425 0.948930 0.304180 1 6 1.000000
Hair_d
  6 2.400168 -2.962340 68.140755 0.549547 0.807489 -0.214383 0.945050 0.321230 1 6 1.000000
  6 2.330558 -2.933602 68.121544 0.320705 0.904727 -0.280388 0.944260 0.314430 1 6 1.000000
  6 2.292819 -2.911865 68.221458 0.192522 0.979321 0.062179 0.934570 0.314470 1 6 1.000000
Hair_d
  6 1.991244 -3.061451 68.122765 -0.842207 0.464627 -0.273512 0.932280 0.283930 1 6 1.000000
  6 2.041385 -3.003677 68.108864 -0.679140 0.659994 -0.321211 0.935560 0.289530 1 6 1.000000
  6 2.055187 -3.011647 68.072304 -0.629278 0.631114 -0.453547 0.938910 0.288830 1 6 1.000000
Hair_d
  6 2.041385 -3.003677 68.108864 -0.679140 0.659994 -0.321211 0.935560 0.289530 1 6 1.000000
  6 1.991244 -3.061451 68.122765 -0.842207 0.464627 -0.273512 0.932280 0.283930 1 6 1.000000
  6 1.999879 -3.027548 68.191490 -0.812292 0.582171 -0.035477 0.927510 0.288240 1 6 1.000000
Hair_d
  6 1.970207 -3.081023 68.239494 -0.906926 0.402752 0.123594 0.922030 0.284870 1 6 1.000000
  6 1.999879 -3.027548 68.191490 -0.812292 0.582171 -0.035477 0.927510 0.288240 1 6 1.000000
  6 1.991244 -3.061451 68.122765 -0.842207 0.464627 -0.273512 0.932280 0.283930 1 6 1.000000
Hair_d
  6 1.999879 -3.027548 68.191490 -0.812292 0.582171 -0.035477 0.927510 0.288240 1 6 1.000000
  6 1.970207 -3.081023 68.239494 -0.906926 0.402752 0.123594 0.922030 0.284870 1 6 1.000000
  6 2.029050 -3.019747 68.307838 -0.706360 0.611650 0.356285 0.918990 0.293700 1 6 1.000000
Hair_d
  6 2.292819 -2.911865 68.221458 0.192522 0.979321 0.062179 0.934570 0.314470 1 6 1.000000
  6 2.353995 -2.935702 68.263084 0.393499 0.897501 0.199122 0.932750 0.320900 1 6 1.000000
  6 2.400168 -2.962340 68.140755 0.549547 0.807489 -0.214383 0.945050 0.321230 1 6 1.000000
Hair_d
  6 2.353995 -2.935702 68.263084 0.393499 0.897501 0.199122 0.932750 0.320900 1 6 1.000000
  6 2.292819 -2.911865 68.221458 0.192522 0.979321 0.062179 0.934570 0.314470 1 6 1.000000
  6 2.215311 -2.922098 68.297432 -0.071691 0.944427 0.320809 0.926060 0.310390 1 6 1.000000
Hair_d
  6 2.215311 -2.922098 68.297432 -0.071691 0.944427 0.320809 0.926060 0.310390 1 6 1.000000
  6 2.259048 -2.948236 68.356102 0.072814 0.855244 0.513084 0.921700 0.315410 1 6 1.000000
  6 2.353995 -2.935702 68.263084 0.393499 0.897501 0.199122 0.932750 0.320900 1 6 1.000000
Hair_d
  6 2.259048 -2.948236 68.356102 0.072814 0.855244 0.513084 0.921700 0.315410 1 6 1.000000
  6 2.215311 -2.922098 68.297432 -0.071691 0.944427 0.320809 0.926060 0.310390 1 6 1.000000
  6 2.118762 -2.961606 68.329041 -0.400617 0.809936 0.428380 0.920450 0.302920 1 6 1.000000
Hair_d
  6 2.118762 -2.961606 68.329041 -0.400617 0.809936 0.428380 0.920450 0.302920 1 6 1.000000
  6 2.140799 -2.996609 68.394852 -0.326686 0.691830 0.643931 0.914300 0.305460 1 6 1.000000
  6 2.259048 -2.948236 68.356102 0.072814 0.855244 0.513084 0.921700 0.315410 1 6 1.000000
Hair_d
  6 2.140799 -2.996609 68.394852 -0.326686 0.691830 0.643931 0.914300 0.305460 1 6 1.000000
  6 2.118762 -2.961606 68.329041 -0.400617 0.809936 0.428380 0.920450 0.302920 1 6 1.000000
  6 2.029050 -3.019747 68.307838 -0.706360 0.611650 0.356285 0.918990 0.293700 1 6 1.000000
Hair_d
  6 2.029050 -3.019747 68.307838 -0.706360 0.611650 0.356285 0.918990 0.293700 1 6 1.000000
  6 2.030916 -3.067852 68.368874 -0.698030 0.450944 0.556240 0.912370 0.293160 1 6 1.000000
  6 2.140799 -2.996609 68.394852 -0.326686 0.691830 0.643931 0.914300 0.305460 1 6 1.000000
Hair_d
  6 2.030916 -3.067852 68.368874 -0.698030 0.450944 0.556240 0.912370 0.293160 1 6 1.000000
  6 2.029050 -3.019747 68.307838 -0.706360 0.611650 0.356285 0.918990 0.293700 1 6 1.000000
  6 1.970207 -3.081023 68.239494 -0.906926 0.402752 0.123594 0.922030 0.284870 1 6 1.000000
Hair_d
  6 1.970207 -3.081023 68.239494 -0.906926 0.402752 0.123594 0.922030 0.284870 1 6 1.000000
  6 1.958874 -3.142895 68.285194 -0.941371 0.197492 0.273527 0.916370 0.281380 1 6 1.000000
  6 2.030916 -3.067852 68.368874 -0.698030 0.450944 0.556240 0.912370 0.293160 1 6 1.000000
Hair_d
  6 1.958874 -3.142895 68.285194 -0.941371 0.197492 0.273527 0.916370 0.281380 1 6 1.000000
  6 1.970207 -3.081023 68.239494 -0.906926 0.402752 0.123594 0.922030 0.284870 1 6 1.000000
  6 1.958006 -3.128959 68.142349 -0.948485 0.239398 -0.207521 0.928870 0.278440 1 6 1.000000
Hair_d
  6 1.991244 -3.061451 68.122765 -0.842207 0.464627 -0.273512 0.932280 0.283930 1 6 1.000000
  6 1.958006 -3.128959 68.142349 -0.948485 0.239398 -0.207521 0.928870 0.278440 1 6 1.000000
  6 1.970207 -3.081023 68.239494 -0.906926 0.402752 0.123594 0.922030 0.284870 1 6 1.000000
Hair_d
  6 1.958006 -3.128959 68.142349 -0.948485 0.239398 -0.207521 0.928870 0.278440 1 6 1.000000
  6 1.991244 -3.061451 68.122765 -0.842207 0.464627 -0.273512 0.932280 0.283930 1 6 1.000000
  6 2.017948 -3.076819 68.052124 -0.749725 0.411292 -0.518413 0.938680 0.282280 1 6 1.000000
Hair_d
  6 2.055187 -3.011647 68.072304 -0.629278 0.631114 -0.453547 0.938910 0.288830 1 6 1.000000
  6 2.017948 -3.076819 68.052124 -0.749725 0.411292 -0.518413 0.938680 0.282280 1 6 1.000000
  6 1.991244 -3.061451 68.122765 -0.842207 0.464627 -0.273512 0.932280 0.283930 1 6 1.000000
Hair_d
  6 2.017948 -3.076819 68.052124 -0.749725 0.411292 -0.518413 0.938680 0.282280 1 6 1.000000
  6 2.055187 -3.011647 68.072304 -0.629278 0.631114 -0.453547 0.938910 0.288830 1 6 1.000000
  6 2.083557 -3.007913 68.044472 -0.526487 0.644631 -0.554312 0.942240 0.289850 1 6 1.000000
Hair_d
  6 2.104993 -2.959603 68.101540 -0.450367 0.821799 -0.349022 0.938560 0.295370 1 6 1.000000
  6 2.083557 -3.007913 68.044472 -0.526487 0.644631 -0.554312 0.942240 0.289850 1 6 1.000000
  6 2.055187 -3.011647 68.072304 -0.629278 0.631114 -0.453547 0.938910 0.288830 1 6 1.000000
Hair_d
  6 2.104993 -2.959603 68.101540 -0.450367 0.821799 -0.349022 0.938560 0.295370 1 6 1.000000
  6 2.055187 -3.011647 68.072304 -0.629278 0.631114 -0.453547 0.938910 0.288830 1 6 1.000000
  6 2.041385 -3.003677 68.108864 -0.679140 0.659994 -0.321211 0.935560 0.289530 1 6 1.000000
Hair_d
  6 2.104993 -2.959603 68.101540 -0.450367 0.821799 -0.349022 0.938560 0.295370 1 6 1.000000
  6 2.041385 -3.003677 68.108864 -0.679140 0.659994 -0.321211 0.935560 0.289530 1 6 1.000000
  6 2.045852 -2.986141 68.144402 -0.662929 0.723474 -0.192640 0.933030 0.291680 1 6 1.000000
Hair_d
  6 1.999879 -3.027548 68.191490 -0.812292 0.582171 -0.035477 0.927510 0.288240 1 6 1.000000
  6 2.045852 -2.986141 68.144402 -0.662929 0.723474 -0.192640 0.933030 0.291680 1 6 1.000000
  6 2.041385 -3.003677 68.108864 -0.679140 0.659994 -0.321211 0.935560 0.289530 1 6 1.000000
Hair_d
  6 2.104993 -2.959603 68.101540 -0.450367 0.821799 -0.349022 0.938560 0.295370 1 6 1.000000
  6 2.118929 -2.993442 68.032928 -0.380255 0.686467 -0.619813 0.944680 0.292490 1 6 1.000000
  6 2.083557 -3.007913 68.044472 -0.526487 0.644631 -0.554312 0.942240 0.289850 1 6 1.000000
Hair_d
  6 2.072755 -3.069586 67.998451 -0.544402 0.441864 -0.713010 0.945420 0.283760 1 6 1.000000
  6 2.083557 -3.007913 68.044472 -0.526487 0.644631 -0.554312 0.942240 0.289850 1 6 1.000000
  6 2.118929 -2.993442 68.032928 -0.380255 0.686467 -0.619813 0.944680 0.292490 1 6 1.000000
Hair_d
  6 2.083557 -3.007913 68.044472 -0.526487 0.644631 -0.554312 0.942240 0.289850 1 6 1.000000
  6 2.072755 -3.069586 67.998451 -0.544402 0.441864 -0.713010 0.945420 0.283760 1 6 1.000000
  6 2.017948 -3.076819 68.052124 -0.749725 0.411292 -0.518413 0.938680 0.282280 1 6 1.000000
Hair_d
  6 1.995745 -3.150698 68.042427 -0.819858 0.165388 -0.548161 0.938020 0.275760 1 6 1.000000
  6 2.017948 -3.076819 68.052124 -0.749725 0.411292 -0.518413 0.938680 0.282280 1 6 1.000000
  6 2.072755 -3.069586 67.998451 -0.544402 0.441864 -0.713010 0.945420 0.283760 1 6 1.000000
Hair_d
  6 2.017948 -3.076819 68.052124 -0.749725 0.411292 -0.518413 0.938680 0.282280 1 6 1.000000
  6 1.995745 -3.150698 68.042427 -0.819858 0.165388 -0.548161 0.938020 0.275760 1 6 1.000000
  6 1.958006 -3.128959 68.142349 -0.948485 0.239398 -0.207521 0.928870 0.278440 1 6 1.000000
Hair_d
  6 1.943937 -3.201571 68.166206 -0.991751 -0.000691 -0.128174 0.925300 0.272800 1 6 1.000000
  6 1.958006 -3.128959 68.142349 -0.948485 0.239398 -0.207521 0.928870 0.278440 1 6 1.000000
  6 1.995745 -3.150698 68.042427 -0.819858 0.165388 -0.548161 0.938020 0.275760 1 6 1.000000
Hair_d
  6 1.958006 -3.128959 68.142349 -0.948485 0.239398 -0.207521 0.928870 0.278440 1 6 1.000000
  6 1.943937 -3.201571 68.166206 -0.991751 -0.000691 -0.128174 0.925300 0.272800 1 6 1.000000
  6 1.958874 -3.142895 68.285194 -0.941371 0.197492 0.273527 0.916370 0.281380 1 6 1.000000
Hair_d
  6 1.966641 -3.208939 68.325478 -0.913868 -0.020028 0.405517 0.910270 0.277600 1 6 1.000000
  6 1.958874 -3.142895 68.285194 -0.941371 0.197492 0.273527 0.916370 0.281380 1 6 1.000000
  6 1.943937 -3.201571 68.166206 -0.991751 -0.000691 -0.128174 0.925300 0.272800 1 6 1.000000
Hair_d
  6 1.958874 -3.142895 68.285194 -0.941371 0.197492 0.273527 0.916370 0.281380 1 6 1.000000
  6 1.966641 -3.208939 68.325478 -0.913868 -0.020028 0.405517 0.910270 0.277600 1 6 1.000000
  6 2.046986 -3.125262 68.418739 -0.643607 0.261195 0.719407 0.905210 0.292580 1 6 1.000000
Hair_d
  6 2.046986 -3.125262 68.418739 -0.643607 0.261195 0.719407 0.905210 0.292580 1 6 1.000000
  6 2.030916 -3.067852 68.368874 -0.698030 0.450944 0.556240 0.912370 0.293160 1 6 1.000000
  6 1.958874 -3.142895 68.285194 -0.941371 0.197492 0.273527 0.916370 0.281380 1 6 1.000000
Hair_d
  6 2.030916 -3.067852 68.368874 -0.698030 0.450944 0.556240 0.912370 0.293160 1 6 1.000000
  6 2.046986 -3.125262 68.418739 -0.643607 0.261195 0.719407 0.905210 0.292580 1 6 1.000000
  6 2.169536 -3.045784 68.447746 -0.231536 0.528361 0.816839 0.907690 0.308230 1 6 1.000000
Hair_d
  6 2.169536 -3.045784 68.447746 -0.231536 0.528361 0.816839 0.907690 0.308230 1 6 1.000000
  6 2.140799 -2.996609 68.394852 -0.326686 0.691830 0.643931 0.914300 0.305460 1 6 1.000000
  6 2.030916 -3.067852 68.368874 -0.698030 0.450944 0.556240 0.912370 0.293160 1 6 1.000000
Hair_d
  6 2.140799 -2.996609 68.394852 -0.326686 0.691830 0.643931 0.914300 0.305460 1 6 1.000000
  6 2.169536 -3.045784 68.447746 -0.231536 0.528361 0.816839 0.907690 0.308230 1 6 1.000000
  6 2.301421 -2.991843 68.404587 0.212023 0.709850 0.671684 0.917070 0.320860 1 6 1.000000
Hair_d
  6 2.301421 -2.991843 68.404587 0.212023 0.709850 0.671684 0.917070 0.320860 1 6 1.000000
  6 2.259048 -2.948236 68.356102 0.072814 0.855244 0.513084 0.921700 0.315410 1 6 1.000000
  6 2.140799 -2.996609 68.394852 -0.326686 0.691830 0.643931 0.914300 0.305460 1 6 1.000000
Hair_d
  6 2.259048 -2.948236 68.356102 0.072814 0.855244 0.513084 0.921700 0.315410 1 6 1.000000
  6 2.301421 -2.991843 68.404587 0.212023 0.709850 0.671684 0.917070 0.320860 1 6 1.000000
  6 2.407336 -2.977875 68.300835 0.568168 0.756992 0.322719 0.930870 0.327750 1 6 1.000000
Hair_d
  6 2.407336 -2.977875 68.300835 0.568168 0.756992 0.322719 0.930870 0.327750 1 6 1.000000
  6 2.353995 -2.935702 68.263084 0.393499 0.897501 0.199122 0.932750 0.320900 1 6 1.000000
  6 2.259048 -2.948236 68.356102 0.072814 0.855244 0.513084 0.921700 0.315410 1 6 1.000000
Hair_d
  6 2.353995 -2.935702 68.263084 0.393499 0.897501 0.199122 0.932750 0.320900 1 6 1.000000
  6 2.407336 -2.977875 68.300835 0.568168 0.756992 0.322719 0.930870 0.327750 1 6 1.000000
  6 2.458843 -3.007579 68.164322 0.741414 0.657084 -0.136185 0.945660 0.328270 1 6 1.000000
Hair_d
  6 2.458843 -3.007579 68.164322 0.741414 0.657084 -0.136185 0.945660 0.328270 1 6 1.000000
  6 2.400168 -2.962340 68.140755 0.549547 0.807489 -0.214383 0.945050 0.321230 1 6 1.000000
  6 2.353995 -2.935702 68.263084 0.393499 0.897501 0.199122 0.932750 0.320900 1 6 1.000000
Hair_d
  6 2.400168 -2.962340 68.140755 0.549547 0.807489 -0.214383 0.945050 0.321230 1 6 1.000000
  6 2.458843 -3.007579 68.164322 0.741414 0.657084 -0.136185 0.945660 0.328270 1 6 1.000000
  6 2.450642 -3.039948 68.098740 0.475026 0.691651 0.544031 0.952430 0.326500 1 6 1.000000
Hair_d
  6 2.450642 -3.039948 68.098740 0.475026 0.691651 0.544031 0.952430 0.326500 1 6 1.000000
  6 2.391567 -2.996243 68.072075 0.230729 0.850290 0.473045 0.951870 0.319080 1 6 1.000000
  6 2.400168 -2.962340 68.140755 0.549547 0.807489 -0.214383 0.945050 0.321230 1 6 1.000000
Hair_d
  6 2.330558 -2.933602 68.121544 0.320705 0.904727 -0.280388 0.944260 0.314430 1 6 1.000000
  6 2.400168 -2.962340 68.140755 0.549547 0.807489 -0.214383 0.945050 0.321230 1 6 1.000000
  6 2.391567 -2.996243 68.072075 0.230729 0.850290 0.473045 0.951870 0.319080 1 6 1.000000
Hair_d
  6 2.391567 -2.996243 68.072075 0.230729 0.850290 0.473045 0.951870 0.319080 1 6 1.000000
  6 2.319890 -2.973639 68.041260 -0.072579 0.913555 0.400186 0.951820 0.310820 1 6 1.000000
  6 2.330558 -2.933602 68.121544 0.320705 0.904727 -0.280388 0.944260 0.314430 1 6 1.000000
Hair_d
  6 2.254680 -2.923334 68.108070 0.071451 0.942617 -0.326142 0.942940 0.307840 1 6 1.000000
  6 2.330558 -2.933602 68.121544 0.320705 0.904727 -0.280388 0.944260 0.314430 1 6 1.000000
  6 2.319890 -2.973639 68.041260 -0.072579 0.913555 0.400186 0.951820 0.310820 1 6 1.000000
Hair_d
  6 2.319890 -2.973639 68.041260 -0.072579 0.913555 0.400186 0.951820 0.310820 1 6 1.000000
  6 2.295187 -2.974074 68.030388 -0.179491 0.909951 0.373861 0.952060 0.308170 1 6 1.000000
  6 2.254680 -2.923334 68.108070 0.071451 0.942617 -0.326142 0.942940 0.307840 1 6 1.000000
Hair_d
  6 2.246080 -2.957236 68.039398 0.044494 0.812383 -0.581425 0.948930 0.304180 1 6 1.000000
  6 2.254680 -2.923334 68.108070 0.071451 0.942617 -0.326142 0.942940 0.307840 1 6 1.000000
  6 2.295187 -2.974074 68.030388 -0.179491 0.909951 0.373861 0.952060 0.308170 1 6 1.000000
Hair_d
  6 2.203474 -3.000943 67.994896 -0.585056 0.783793 0.208274 0.952100 0.297120 1 6 1.000000
  6 2.246080 -2.957236 68.039398 0.044494 0.812383 -0.581425 0.948930 0.304180 1 6 1.000000
  6 2.295187 -2.974074 68.030388 -0.179491 0.909951 0.373861 0.952060 0.308170 1 6 1.000000
Hair_d
  6 2.173270 -2.949736 68.065689 -0.199475 0.851994 -0.484061 0.943920 0.299410 1 6 1.000000
  6 2.246080 -2.957236 68.039398 0.044494 0.812383 -0.581425 0.948930 0.304180 1 6 1.000000
  6 2.203474 -3.000943 67.994896 -0.585056 0.783793 0.208274 0.952100 0.297120 1 6 1.000000
Hair_d
  6 2.203474 -3.000943 67.994896 -0.585056 0.783793 0.208274 0.952100 0.297120 1 6 1.000000
  6 2.151733 -2.972140 68.040657 -0.268599 0.763046 -0.587890 0.945290 0.296080 1 6 1.000000
  6 2.173270 -2.949736 68.065689 -0.199475 0.851994 -0.484061 0.943920 0.299410 1 6 1.000000
Hair_d
  6 2.104993 -2.959603 68.101540 -0.450367 0.821799 -0.349022 0.938560 0.295370 1 6 1.000000
  6 2.173270 -2.949736 68.065689 -0.199475 0.851994 -0.484061 0.943920 0.299410 1 6 1.000000
  6 2.151733 -2.972140 68.040657 -0.268599 0.763046 -0.587890 0.945290 0.296080 1 6 1.000000
Hair_d
  6 2.104993 -2.959603 68.101540 -0.450367 0.821799 -0.349022 0.938560 0.295370 1 6 1.000000
  6 2.151733 -2.972140 68.040657 -0.268599 0.763046 -0.587890 0.945290 0.296080 1 6 1.000000
  6 2.118929 -2.993442 68.032928 -0.380255 0.686467 -0.619813 0.944680 0.292490 1 6 1.000000
Hair_d
  6 2.144966 -3.054151 67.971123 -0.799097 0.588361 0.123595 0.951650 0.287960 1 6 1.000000
  6 2.118929 -2.993442 68.032928 -0.380255 0.686467 -0.619813 0.944680 0.292490 1 6 1.000000
  6 2.151733 -2.972140 68.040657 -0.268599 0.763046 -0.587890 0.945290 0.296080 1 6 1.000000
Hair_d
  6 2.118929 -2.993442 68.032928 -0.380255 0.686467 -0.619813 0.944680 0.292490 1 6 1.000000
  6 2.144966 -3.054151 67.971123 -0.799097 0.588361 0.123595 0.951650 0.287960 1 6 1.000000
  6 2.072755 -3.069586 67.998451 -0.544402 0.441864 -0.713010 0.945420 0.283760 1 6 1.000000
Hair_d
  6 2.073256 -3.140463 67.966484 -0.576776 0.206464 -0.790381 0.947850 0.277210 1 6 1.000000
  6 2.072755 -3.069586 67.998451 -0.544402 0.441864 -0.713010 0.945420 0.283760 1 6 1.000000
  6 2.144966 -3.054151 67.971123 -0.799097 0.588361 0.123595 0.951650 0.287960 1 6 1.000000
Hair_d
  6 2.072755 -3.069586 67.998451 -0.544402 0.441864 -0.713010 0.945420 0.283760 1 6 1.000000
  6 2.073256 -3.140463 67.966484 -0.576776 0.206464 -0.790381 0.947850 0.277210 1 6 1.000000
  6 1.995745 -3.150698 68.042427 -0.819858 0.165388 -0.548161 0.938020 0.275760 1 6 1.000000
Hair_d
  6 1.990144 -3.228242 68.043831 -0.835656 -0.090815 -0.541694 0.937050 0.269070 1 6 1.000000
  6 1.995745 -3.150698 68.042427 -0.819858 0.165388 -0.548161 0.938020 0.275760 1 6 1.000000
  6 2.073256 -3.140463 67.966484 -0.576776 0.206464 -0.790381 0.947850 0.277210 1 6 1.000000
Hair_d
  6 1.995745 -3.150698 68.042427 -0.819858 0.165388 -0.548161 0.938020 0.275760 1 6 1.000000
  6 1.990144 -3.228242 68.043831 -0.835656 -0.090815 -0.541694 0.937050 0.269070 1 6 1.000000
  6 1.943937 -3.201571 68.166206 -0.991751 -0.000691 -0.128174 0.925300 0.272800 1 6 1.000000
Hair_d
  6 1.949972 -3.274414 68.192757 -0.969852 -0.240252 -0.040817 0.921520 0.266720 1 6 1.000000
  6 1.943937 -3.201571 68.166206 -0.991751 -0.000691 -0.128174 0.925300 0.272800 1 6 1.000000
  6 1.990144 -3.228242 68.043831 -0.835656 -0.090815 -0.541694 0.937050 0.269070 1 6 1.000000
Hair_d
  6 1.943937 -3.201571 68.166206 -0.991751 -0.000691 -0.128174 0.925300 0.272800 1 6 1.000000
  6 1.949972 -3.274414 68.192757 -0.969852 -0.240252 -0.040817 0.921520 0.266720 1 6 1.000000
  6 1.966641 -3.208939 68.325478 -0.913868 -0.020028 0.405517 0.910270 0.277600 1 6 1.000000
Hair_d
  6 2.151733 -2.972140 68.040657 -0.268599 0.763046 -0.587890 0.945290 0.296080 1 6 1.000000
  6 2.203474 -3.000943 67.994896 -0.585056 0.783793 0.208274 0.952100 0.297120 1 6 1.000000
  6 2.144966 -3.054151 67.971123 -0.799097 0.588361 0.123595 0.951650 0.287960 1 6 1.000000
Hair_d
  6 1.990144 -3.228242 68.043831 -0.835656 -0.090815 -0.541694 0.937050 0.269070 1 6 1.000000
  6 2.001512 -3.304119 68.056259 -0.796623 -0.340102 -0.499722 0.936040 0.262020 1 6 1.000000
  6 1.949972 -3.274414 68.192757 -0.969852 -0.240252 -0.040817 0.921520 0.266720 1 6 1.000000
Hair_d
  6 2.001512 -3.304119 68.056259 -0.796623 -0.340102 -0.499722 0.936040 0.262020 1 6 1.000000
  6 1.990144 -3.228242 68.043831 -0.835656 -0.090815 -0.541694 0.937050 0.269070 1 6 1.000000
  6 2.085090 -3.215706 67.950813 -0.549828 -0.055973 -0.833400 0.949390 0.270240 1 6 1.000000
Hair_d
  6 2.073256 -3.140463 67.966484 -0.576776 0.206464 -0.790381 0.947850 0.277210 1 6 1.000000
  6 2.085090 -3.215706 67.950813 -0.549828 -0.055973 -0.833400 0.949390 0.270240 1 6 1.000000
  6 1.990144 -3.228242 68.043831 -0.835656 -0.090815 -0.541694 0.937050 0.269070 1 6 1.000000
Hair_d
  6 2.085090 -3.215706 67.950813 -0.549828 -0.055973 -0.833400 0.949390 0.270240 1 6 1.000000
  6 2.073256 -3.140463 67.966484 -0.576776 0.206464 -0.790381 0.947850 0.277210 1 6 1.000000
  6 2.106993 -3.127727 67.952225 -0.955614 0.287651 0.063705 0.951080 0.278890 1 6 1.000000
Hair_d
  6 2.144966 -3.054151 67.971123 -0.799097 0.588361 0.123595 0.951650 0.287960 1 6 1.000000
  6 2.106993 -3.127727 67.952225 -0.955614 0.287651 0.063705 0.951080 0.278890 1 6 1.000000
  6 2.073256 -3.140463 67.966484 -0.576776 0.206464 -0.790381 0.947850 0.277210 1 6 1.000000
Hair_d
  6 2.085090 -3.215706 67.950813 -0.549828 -0.055973 -0.833400 0.949390 0.270240 1 6 1.000000
  6 2.107394 -3.290151 67.952522 -0.460387 -0.301075 -0.835103 0.950510 0.263150 1 6 1.000000
  6 2.001512 -3.304119 68.056259 -0.796623 -0.340102 -0.499722 0.936040 0.262020 1 6 1.000000
Hair_d
  6 2.107394 -3.290151 67.952522 -0.460387 -0.301075 -0.835103 0.950510 0.263150 1 6 1.000000
  6 2.085090 -3.215706 67.950813 -0.549828 -0.055973 -0.833400 0.949390 0.270240 1 6 1.000000
  6 2.103727 -3.208939 67.942787 -0.988607 -0.127911 -0.079345 0.951240 0.270800 1 6 1.000000
Hair_d
  6 2.106993 -3.127727 67.952225 -0.955614 0.287651 0.063705 0.951080 0.278890 1 6 1.000000
  6 2.103727 -3.208939 67.942787 -0.988607 -0.127911 -0.079345 0.951240 0.270800 1 6 1.000000
  6 2.085090 -3.215706 67.950813 -0.549828 -0.055973 -0.833400 0.949390 0.270240 1 6 1.000000
Hair_d
  6 2.103727 -3.208939 67.942787 -0.988607 -0.127911 -0.079345 0.951240 0.270800 1 6 1.000000
  6 2.127563 -3.282249 67.944847 -0.895786 -0.433797 -0.096892 0.952500 0.263730 1 6 1.000000
  6 2.107394 -3.290151 67.952522 -0.460387 -0.301075 -0.835103 0.950510 0.263150 1 6 1.000000
Hair_d
  6 3.256522 -2.340217 68.102997 -0.585073 0.804511 -0.102233 0.934440 0.300540 1 6 1.000000
  6 3.294160 -2.336087 68.035088 -0.450329 0.821817 -0.349029 0.938560 0.295370 1 6 1.000000
  6 3.235018 -2.362621 68.077980 -0.662970 0.723336 -0.193017 0.937560 0.301840 1 6 1.000000
Hair_d
  6 3.256522 -2.340217 68.102997 -0.585073 0.804511 -0.102233 0.934440 0.300540 1 6 1.000000
  6 3.235018 -2.362621 68.077980 -0.662970 0.723336 -0.193017 0.937560 0.301840 1 6 1.000000
  6 3.189046 -2.404061 68.125084 -0.812381 0.582047 -0.035476 0.936190 0.308200 1 6 1.000000
Hair_d
  6 3.189046 -2.404061 68.125084 -0.812381 0.582047 -0.035476 0.936190 0.308200 1 6 1.000000
  6 3.230618 -2.360755 68.173378 -0.668219 0.732163 0.131989 0.930260 0.305530 1 6 1.000000
  6 3.256522 -2.340217 68.102997 -0.585073 0.804511 -0.102233 0.934440 0.300540 1 6 1.000000
Hair_d
  6 3.230618 -2.360755 68.173378 -0.668219 0.732163 0.131989 0.930260 0.305530 1 6 1.000000
  6 3.189046 -2.404061 68.125084 -0.812381 0.582047 -0.035476 0.936190 0.308200 1 6 1.000000
  6 3.159374 -2.457501 68.173042 -0.906890 0.402949 0.123214 0.934570 0.314470 1 6 1.000000
Hair_d
  6 3.159374 -2.457501 68.173042 -0.906890 0.402949 0.123214 0.934570 0.314470 1 6 1.000000
  6 3.218182 -2.396260 68.241386 -0.706463 0.611525 0.356296 0.926060 0.310390 1 6 1.000000
  6 3.230618 -2.360755 68.173378 -0.668219 0.732163 0.131989 0.930260 0.305530 1 6 1.000000
Hair_d
  6 3.294060 -2.319618 68.188347 -0.448408 0.874714 0.183864 0.926390 0.300470 1 6 1.000000
  6 3.230618 -2.360755 68.173378 -0.668219 0.732163 0.131989 0.930260 0.305530 1 6 1.000000
  6 3.218182 -2.396260 68.241386 -0.706463 0.611525 0.356296 0.926060 0.310390 1 6 1.000000
Hair_d
  6 3.218182 -2.396260 68.241386 -0.706463 0.611525 0.356296 0.926060 0.310390 1 6 1.000000
  6 3.307895 -2.338085 68.262589 -0.400683 0.809711 0.428743 0.920450 0.302920 1 6 1.000000
  6 3.294060 -2.319618 68.188347 -0.448408 0.874714 0.183864 0.926390 0.300470 1 6 1.000000
Hair_d
  6 3.362339 -2.291678 68.166008 -0.211905 0.971478 0.106429 0.925390 0.294220 1 6 1.000000
  6 3.294060 -2.319618 68.188347 -0.448408 0.874714 0.183864 0.926390 0.300470 1 6 1.000000
  6 3.307895 -2.338085 68.262589 -0.400683 0.809711 0.428743 0.920450 0.302920 1 6 1.000000
Hair_d
  6 3.307895 -2.338085 68.262589 -0.400683 0.809711 0.428743 0.920450 0.302920 1 6 1.000000
  6 3.404442 -2.298582 68.230995 -0.071477 0.944441 0.320814 0.918990 0.293700 1 6 1.000000
  6 3.362339 -2.291678 68.166008 -0.211905 0.971478 0.106429 0.925390 0.294220 1 6 1.000000
Hair_d
  6 3.417144 -2.284444 68.112305 -0.021816 0.996608 -0.079347 0.927510 0.288240 1 6 1.000000
  6 3.362339 -2.291678 68.166008 -0.211905 0.971478 0.106429 0.925390 0.294220 1 6 1.000000
  6 3.404442 -2.298582 68.230995 -0.071477 0.944441 0.320814 0.918990 0.293700 1 6 1.000000
Hair_d
  6 3.404442 -2.298582 68.230995 -0.071477 0.944441 0.320814 0.918990 0.293700 1 6 1.000000
  6 3.481986 -2.288380 68.155006 0.192595 0.979330 0.061798 0.922030 0.284870 1 6 1.000000
  6 3.417144 -2.284444 68.112305 -0.021816 0.996608 -0.079347 0.927510 0.288240 1 6 1.000000
Hair_d
  6 3.443847 -2.299814 68.041626 0.070623 0.943326 -0.324265 0.932280 0.283930 1 6 1.000000
  6 3.417144 -2.284444 68.112305 -0.021816 0.996608 -0.079347 0.927510 0.288240 1 6 1.000000
  6 3.481986 -2.288380 68.155006 0.192595 0.979330 0.061798 0.922030 0.284870 1 6 1.000000
Hair_d
  6 3.481986 -2.288380 68.155006 0.192595 0.979330 0.061798 0.922030 0.284870 1 6 1.000000
  6 3.519695 -2.310115 68.055099 0.321151 0.905160 -0.278474 0.928870 0.278440 1 6 1.000000
  6 3.443847 -2.299814 68.041626 0.070623 0.943326 -0.324265 0.932280 0.283930 1 6 1.000000
Hair_d
  6 3.435215 -2.333721 67.972954 0.040791 0.825703 -0.562628 0.938680 0.282280 1 6 1.000000
  6 3.443847 -2.299814 68.041626 0.070623 0.943326 -0.324265 0.932280 0.283930 1 6 1.000000
  6 3.519695 -2.310115 68.055099 0.321151 0.905160 -0.278474 0.928870 0.278440 1 6 1.000000
Hair_d
  6 3.443847 -2.299814 68.041626 0.070623 0.943326 -0.324265 0.932280 0.283930 1 6 1.000000
  6 3.435215 -2.333721 67.972954 0.040791 0.825703 -0.562628 0.938680 0.282280 1 6 1.000000
  6 3.362435 -2.326217 67.999260 -0.202026 0.855047 -0.477577 0.938910 0.288830 1 6 1.000000
Hair_d
  6 3.340902 -2.348654 67.974220 -0.280176 0.773606 -0.568362 0.942240 0.289850 1 6 1.000000
  6 3.362435 -2.326217 67.999260 -0.202026 0.855047 -0.477577 0.938910 0.288830 1 6 1.000000
  6 3.435215 -2.333721 67.972954 0.040791 0.825703 -0.562628 0.938680 0.282280 1 6 1.000000
Hair_d
  6 3.340902 -2.348654 67.974220 -0.280176 0.773606 -0.568362 0.942240 0.289850 1 6 1.000000
  6 3.294160 -2.336087 68.035088 -0.450329 0.821817 -0.349029 0.938560 0.295370 1 6 1.000000
  6 3.362435 -2.326217 67.999260 -0.202026 0.855047 -0.477577 0.938910 0.288830 1 6 1.000000
Hair_d
  6 3.362435 -2.326217 67.999260 -0.202026 0.855047 -0.477577 0.938910 0.288830 1 6 1.000000
  6 3.294160 -2.336087 68.035088 -0.450329 0.821817 -0.349029 0.938560 0.295370 1 6 1.000000
  6 3.366903 -2.308680 68.034828 -0.185918 0.918624 -0.348662 0.935560 0.289530 1 6 1.000000
Hair_d
  6 3.362435 -2.326217 67.999260 -0.202026 0.855047 -0.477577 0.938910 0.288830 1 6 1.000000
  6 3.366903 -2.308680 68.034828 -0.185918 0.918624 -0.348662 0.935560 0.289530 1 6 1.000000
  6 3.443847 -2.299814 68.041626 0.070623 0.943326 -0.324265 0.932280 0.283930 1 6 1.000000
Hair_d
  6 3.417144 -2.284444 68.112305 -0.021816 0.996608 -0.079347 0.927510 0.288240 1 6 1.000000
  6 3.443847 -2.299814 68.041626 0.070623 0.943326 -0.324265 0.932280 0.283930 1 6 1.000000
  6 3.366903 -2.308680 68.034828 -0.185918 0.918624 -0.348662 0.935560 0.289530 1 6 1.000000
Hair_d
  6 3.366903 -2.308680 68.034828 -0.185918 0.918624 -0.348662 0.935560 0.289530 1 6 1.000000
  6 3.294160 -2.336087 68.035088 -0.450329 0.821817 -0.349029 0.938560 0.295370 1 6 1.000000
  6 3.353102 -2.300714 68.071404 -0.235829 0.947417 -0.216302 0.933030 0.291680 1 6 1.000000
Hair_d
  6 3.366903 -2.308680 68.034828 -0.185918 0.918624 -0.348662 0.935560 0.289530 1 6 1.000000
  6 3.353102 -2.300714 68.071404 -0.235829 0.947417 -0.216302 0.933030 0.291680 1 6 1.000000
  6 3.417144 -2.284444 68.112305 -0.021816 0.996608 -0.079347 0.927510 0.288240 1 6 1.000000
Hair_d
  6 3.362339 -2.291678 68.166008 -0.211905 0.971478 0.106429 0.925390 0.294220 1 6 1.000000
  6 3.417144 -2.284444 68.112305 -0.021816 0.996608 -0.079347 0.927510 0.288240 1 6 1.000000
  6 3.353102 -2.300714 68.071404 -0.235829 0.947417 -0.216302 0.933030 0.291680 1 6 1.000000
Hair_d
  6 3.353102 -2.300714 68.071404 -0.235829 0.947417 -0.216302 0.933030 0.291680 1 6 1.000000
  6 3.324733 -2.304481 68.099174 -0.338549 0.933776 -0.115965 0.931890 0.294750 1 6 1.000000
  6 3.362339 -2.291678 68.166008 -0.211905 0.971478 0.106429 0.925390 0.294220 1 6 1.000000
Hair_d
  6 3.294060 -2.319618 68.188347 -0.448408 0.874714 0.183864 0.926390 0.300470 1 6 1.000000
  6 3.362339 -2.291678 68.166008 -0.211905 0.971478 0.106429 0.925390 0.294220 1 6 1.000000
  6 3.324733 -2.304481 68.099174 -0.338549 0.933776 -0.115965 0.931890 0.294750 1 6 1.000000
Hair_d
  6 3.324733 -2.304481 68.099174 -0.338549 0.933776 -0.115965 0.931890 0.294750 1 6 1.000000
  6 3.289393 -2.318918 68.110771 -0.466034 0.881666 -0.074005 0.932390 0.297960 1 6 1.000000
  6 3.294060 -2.319618 68.188347 -0.448408 0.874714 0.183864 0.926390 0.300470 1 6 1.000000
Hair_d
  6 3.230618 -2.360755 68.173378 -0.668219 0.732163 0.131989 0.930260 0.305530 1 6 1.000000
  6 3.294060 -2.319618 68.188347 -0.448408 0.874714 0.183864 0.926390 0.300470 1 6 1.000000
  6 3.289393 -2.318918 68.110771 -0.466034 0.881666 -0.074005 0.932390 0.297960 1 6 1.000000
Hair_d
  6 3.289393 -2.318918 68.110771 -0.466034 0.881666 -0.074005 0.932390 0.297960 1 6 1.000000
  6 3.256522 -2.340217 68.102997 -0.585073 0.804511 -0.102233 0.934440 0.300540 1 6 1.000000
  6 3.230618 -2.360755 68.173378 -0.668219 0.732163 0.131989 0.930260 0.305530 1 6 1.000000
Hair_d
  6 3.289393 -2.318918 68.110771 -0.466034 0.881666 -0.074005 0.932390 0.297960 1 6 1.000000
  6 3.294160 -2.336087 68.035088 -0.450329 0.821817 -0.349029 0.938560 0.295370 1 6 1.000000
  6 3.256522 -2.340217 68.102997 -0.585073 0.804511 -0.102233 0.934440 0.300540 1 6 1.000000
Hair_d
  6 3.324733 -2.304481 68.099174 -0.338549 0.933776 -0.115965 0.931890 0.294750 1 6 1.000000
  6 3.294160 -2.336087 68.035088 -0.450329 0.821817 -0.349029 0.938560 0.295370 1 6 1.000000
  6 3.289393 -2.318918 68.110771 -0.466034 0.881666 -0.074005 0.932390 0.297960 1 6 1.000000
Hair_d
  6 3.353102 -2.300714 68.071404 -0.235829 0.947417 -0.216302 0.933030 0.291680 1 6 1.000000
  6 3.294160 -2.336087 68.035088 -0.450329 0.821817 -0.349029 0.938560 0.295370 1 6 1.000000
  6 3.324733 -2.304481 68.099174 -0.338549 0.933776 -0.115965 0.931890 0.294750 1 6 1.000000
Hair_d
  6 3.133071 -2.578054 68.099800 -0.991751 -0.000477 -0.128174 0.945050 0.321230 1 6 1.000000
  6 3.159741 -2.593456 68.029137 -0.786368 0.316974 0.530238 0.951870 0.319080 1 6 1.000000
  6 3.164577 -2.665597 68.058876 -0.788389 0.029227 0.614482 0.952430 0.326500 1 6 1.000000
Hair_d
  6 3.159741 -2.593456 68.029137 -0.786368 0.316974 0.530238 0.951870 0.319080 1 6 1.000000
  6 3.133071 -2.578054 68.099800 -0.991751 -0.000477 -0.128174 0.945050 0.321230 1 6 1.000000
  6 3.147176 -2.505443 68.075928 -0.948003 0.239641 -0.209433 0.944260 0.314430 1 6 1.000000
Hair_d
  6 3.147176 -2.505443 68.075928 -0.948003 0.239641 -0.209433 0.944260 0.314430 1 6 1.000000
  6 3.179010 -2.523179 67.993248 -0.673570 0.598464 0.433755 0.951820 0.310820 1 6 1.000000
  6 3.159741 -2.593456 68.029137 -0.786368 0.316974 0.530238 0.951870 0.319080 1 6 1.000000
Hair_d
  6 3.179010 -2.523179 67.993248 -0.673570 0.598464 0.433755 0.951820 0.310820 1 6 1.000000
  6 3.147176 -2.505443 68.075928 -0.948003 0.239641 -0.209433 0.944260 0.314430 1 6 1.000000
  6 3.180411 -2.437933 68.056358 -0.842483 0.463453 -0.274653 0.942940 0.307840 1 6 1.000000
Hair_d
  6 3.180411 -2.437933 68.056358 -0.842483 0.463453 -0.274653 0.942940 0.307840 1 6 1.000000
  6 3.192379 -2.503644 67.980247 -0.612432 0.682883 0.398243 0.952060 0.308170 1 6 1.000000
  6 3.179010 -2.523179 67.993248 -0.673570 0.598464 0.433755 0.951820 0.310820 1 6 1.000000
Hair_d
  6 3.180411 -2.437933 68.056358 -0.842483 0.463453 -0.274653 0.942940 0.307840 1 6 1.000000
  6 3.207081 -2.453336 67.985680 -0.742542 0.399633 -0.537517 0.948930 0.304180 1 6 1.000000
  6 3.192379 -2.503644 67.980247 -0.612432 0.682883 0.398243 0.952060 0.308170 1 6 1.000000
Hair_d
  6 3.207081 -2.453336 67.985680 -0.742542 0.399633 -0.537517 0.948930 0.304180 1 6 1.000000
  6 3.263122 -2.445334 67.935684 -0.294297 0.936177 0.192256 0.952100 0.297120 1 6 1.000000
  6 3.192379 -2.503644 67.980247 -0.612432 0.682883 0.398243 0.952060 0.308170 1 6 1.000000
Hair_d
  6 3.263122 -2.445334 67.935684 -0.294297 0.936177 0.192256 0.952100 0.297120 1 6 1.000000
  6 3.207081 -2.453336 67.985680 -0.742542 0.399633 -0.537517 0.948930 0.304180 1 6 1.000000
  6 3.244353 -2.388124 68.005867 -0.628529 0.627146 -0.460042 0.943920 0.299410 1 6 1.000000
Hair_d
  6 3.244353 -2.388124 68.005867 -0.628529 0.627146 -0.460042 0.943920 0.299410 1 6 1.000000
  6 3.272726 -2.384391 67.978050 -0.525356 0.628334 -0.573757 0.945290 0.296080 1 6 1.000000
  6 3.263122 -2.445334 67.935684 -0.294297 0.936177 0.192256 0.952100 0.297120 1 6 1.000000
Hair_d
  6 3.244353 -2.388124 68.005867 -0.628529 0.627146 -0.460042 0.943920 0.299410 1 6 1.000000
  6 3.294160 -2.336087 68.035088 -0.450329 0.821817 -0.349029 0.938560 0.295370 1 6 1.000000
  6 3.272726 -2.384391 67.978050 -0.525356 0.628334 -0.573757 0.945290 0.296080 1 6 1.000000
Hair_d
  6 3.272726 -2.384391 67.978050 -0.525356 0.628334 -0.573757 0.945290 0.296080 1 6 1.000000
  6 3.294160 -2.336087 68.035088 -0.450329 0.821817 -0.349029 0.938560 0.295370 1 6 1.000000
  6 3.308061 -2.369955 67.966515 -0.402852 0.674759 -0.618394 0.944680 0.292490 1 6 1.000000
Hair_d
  6 3.308061 -2.369955 67.966515 -0.402852 0.674759 -0.618394 0.944680 0.292490 1 6 1.000000
  6 3.294160 -2.336087 68.035088 -0.450329 0.821817 -0.349029 0.938560 0.295370 1 6 1.000000
  6 3.340902 -2.348654 67.974220 -0.280176 0.773606 -0.568362 0.942240 0.289850 1 6 1.000000
Hair_d
  6 3.308061 -2.369955 67.966515 -0.402852 0.674759 -0.618394 0.944680 0.292490 1 6 1.000000
  6 3.340902 -2.348654 67.974220 -0.280176 0.773606 -0.568362 0.942240 0.289850 1 6 1.000000
  6 3.393607 -2.377023 67.924660 -0.117361 0.665713 -0.736921 0.945420 0.283760 1 6 1.000000
Hair_d
  6 3.435215 -2.333721 67.972954 0.040791 0.825703 -0.562628 0.938680 0.282280 1 6 1.000000
  6 3.393607 -2.377023 67.924660 -0.117361 0.665713 -0.736921 0.945420 0.283760 1 6 1.000000
  6 3.340902 -2.348654 67.974220 -0.280176 0.773606 -0.568362 0.942240 0.289850 1 6 1.000000
Hair_d
  6 3.393607 -2.377023 67.924660 -0.117361 0.665713 -0.736921 0.945420 0.283760 1 6 1.000000
  6 3.435215 -2.333721 67.972954 0.040791 0.825703 -0.562628 0.938680 0.282280 1 6 1.000000
  6 3.507523 -2.358056 67.957985 0.279597 0.741809 -0.609544 0.938020 0.275760 1 6 1.000000
Hair_d
  6 3.519695 -2.310115 68.055099 0.321151 0.905160 -0.278474 0.928870 0.278440 1 6 1.000000
  6 3.507523 -2.358056 67.957985 0.279597 0.741809 -0.609544 0.938020 0.275760 1 6 1.000000
  6 3.435215 -2.333721 67.972954 0.040791 0.825703 -0.562628 0.938680 0.282280 1 6 1.000000
Hair_d
  6 3.507523 -2.358056 67.957985 0.279597 0.741809 -0.609544 0.938020 0.275760 1 6 1.000000
  6 3.519695 -2.310115 68.055099 0.321151 0.905160 -0.278474 0.928870 0.278440 1 6 1.000000
  6 3.589335 -2.338852 68.074303 0.549432 0.807566 -0.214385 0.925300 0.272800 1 6 1.000000
Hair_d
  6 3.543161 -2.312215 68.196686 0.393459 0.897518 0.199125 0.916370 0.281380 1 6 1.000000
  6 3.589335 -2.338852 68.074303 0.549432 0.807566 -0.214385 0.925300 0.272800 1 6 1.000000
  6 3.519695 -2.310115 68.055099 0.321151 0.905160 -0.278474 0.928870 0.278440 1 6 1.000000
Hair_d
  6 3.393607 -2.377023 67.924660 -0.117361 0.665713 -0.736921 0.945420 0.283760 1 6 1.000000
  6 3.337766 -2.428730 67.904472 -0.020504 0.996575 0.080109 0.951650 0.287960 1 6 1.000000
  6 3.308061 -2.369955 67.966515 -0.402852 0.674759 -0.618394 0.944680 0.292490 1 6 1.000000
Hair_d
  6 3.272726 -2.384391 67.978050 -0.525356 0.628334 -0.573757 0.945290 0.296080 1 6 1.000000
  6 3.308061 -2.369955 67.966515 -0.402852 0.674759 -0.618394 0.944680 0.292490 1 6 1.000000
  6 3.337766 -2.428730 67.904472 -0.020504 0.996575 0.080109 0.951650 0.287960 1 6 1.000000
Hair_d
  6 3.337766 -2.428730 67.904472 -0.020504 0.996575 0.080109 0.951650 0.287960 1 6 1.000000
  6 3.263122 -2.445334 67.935684 -0.294297 0.936177 0.192256 0.952100 0.297120 1 6 1.000000
  6 3.272726 -2.384391 67.978050 -0.525356 0.628334 -0.573757 0.945290 0.296080 1 6 1.000000
Hair_d
  6 3.337766 -2.428730 67.904472 -0.020504 0.996575 0.080109 0.951650 0.287960 1 6 1.000000
  6 3.393607 -2.377023 67.924660 -0.117361 0.665713 -0.736921 0.945420 0.283760 1 6 1.000000
  6 3.448681 -2.419296 67.889641 0.087309 0.554775 -0.827407 0.947850 0.277210 1 6 1.000000
Hair_d
  6 3.507523 -2.358056 67.957985 0.279597 0.741809 -0.609544 0.938020 0.275760 1 6 1.000000
  6 3.448681 -2.419296 67.889641 0.087309 0.554775 -0.827407 0.947850 0.277210 1 6 1.000000
  6 3.393607 -2.377023 67.924660 -0.117361 0.665713 -0.736921 0.945420 0.283760 1 6 1.000000
Hair_d
  6 3.448681 -2.419296 67.889641 0.087309 0.554775 -0.827407 0.947850 0.277210 1 6 1.000000
  6 3.507523 -2.358056 67.957985 0.279597 0.741809 -0.609544 0.938020 0.275760 1 6 1.000000
  6 3.574399 -2.397560 67.955315 0.499149 0.609025 -0.616391 0.937050 0.269070 1 6 1.000000
Hair_d
  6 3.589335 -2.338852 68.074303 0.549432 0.807566 -0.214385 0.925300 0.272800 1 6 1.000000
  6 3.574399 -2.397560 67.955315 0.499149 0.609025 -0.616391 0.937050 0.269070 1 6 1.000000
  6 3.507523 -2.358056 67.957985 0.279597 0.741809 -0.609544 0.938020 0.275760 1 6 1.000000
Hair_d
  6 3.574399 -2.397560 67.955315 0.499149 0.609025 -0.616391 0.937050 0.269070 1 6 1.000000
  6 3.589335 -2.338852 68.074303 0.549432 0.807566 -0.214385 0.925300 0.272800 1 6 1.000000
  6 3.648010 -2.384059 68.097878 0.741443 0.656973 -0.136563 0.921520 0.266720 1 6 1.000000
Hair_d
  6 3.596469 -2.354354 68.234398 0.568067 0.757064 0.322729 0.910270 0.277600 1 6 1.000000
  6 3.648010 -2.384059 68.097878 0.741443 0.656973 -0.136563 0.921520 0.266720 1 6 1.000000
  6 3.589335 -2.338852 68.074303 0.549432 0.807566 -0.214385 0.925300 0.272800 1 6 1.000000
Hair_d
  6 3.589335 -2.338852 68.074303 0.549432 0.807566 -0.214385 0.925300 0.272800 1 6 1.000000
  6 3.543161 -2.312215 68.196686 0.393459 0.897518 0.199125 0.916370 0.281380 1 6 1.000000
  6 3.596469 -2.354354 68.234398 0.568067 0.757064 0.322729 0.910270 0.277600 1 6 1.000000
Hair_d
  6 3.490591 -2.368356 68.338097 0.212093 0.710052 0.671448 0.905210 0.292580 1 6 1.000000
  6 3.596469 -2.354354 68.234398 0.568067 0.757064 0.322729 0.910270 0.277600 1 6 1.000000
  6 3.543161 -2.312215 68.196686 0.393459 0.897518 0.199125 0.916370 0.281380 1 6 1.000000
Hair_d
  6 3.543161 -2.312215 68.196686 0.393459 0.897518 0.199125 0.916370 0.281380 1 6 1.000000
  6 3.448215 -2.324751 68.289696 0.072976 0.855021 0.513433 0.912370 0.293160 1 6 1.000000
  6 3.490591 -2.368356 68.338097 0.212093 0.710052 0.671448 0.905210 0.292580 1 6 1.000000
Hair_d
  6 3.358703 -2.422296 68.381310 -0.231397 0.528530 0.816769 0.907690 0.308230 1 6 1.000000
  6 3.490591 -2.368356 68.338097 0.212093 0.710052 0.671448 0.905210 0.292580 1 6 1.000000
  6 3.448215 -2.324751 68.289696 0.072976 0.855021 0.513433 0.912370 0.293160 1 6 1.000000
Hair_d
  6 3.448215 -2.324751 68.289696 0.072976 0.855021 0.513433 0.912370 0.293160 1 6 1.000000
  6 3.329964 -2.373124 68.328407 -0.326745 0.691738 0.644000 0.914300 0.305460 1 6 1.000000
  6 3.358703 -2.422296 68.381310 -0.231397 0.528530 0.816769 0.907690 0.308230 1 6 1.000000
Hair_d
  6 3.236155 -2.501774 68.352333 -0.643552 0.261316 0.719413 0.917070 0.320860 1 6 1.000000
  6 3.358703 -2.422296 68.381310 -0.231397 0.528530 0.816769 0.907690 0.308230 1 6 1.000000
  6 3.329964 -2.373124 68.328407 -0.326745 0.691738 0.644000 0.914300 0.305460 1 6 1.000000
Hair_d
  6 3.329964 -2.373124 68.328407 -0.326745 0.691738 0.644000 0.914300 0.305460 1 6 1.000000
  6 3.220083 -2.444368 68.302437 -0.697780 0.450954 0.556546 0.921700 0.315410 1 6 1.000000
  6 3.236155 -2.501774 68.352333 -0.643552 0.261316 0.719413 0.917070 0.320860 1 6 1.000000
Hair_d
  6 3.155777 -2.585421 68.259026 -0.913863 -0.020052 0.405526 0.930870 0.327750 1 6 1.000000
  6 3.236155 -2.501774 68.352333 -0.643552 0.261316 0.719413 0.917070 0.320860 1 6 1.000000
  6 3.220083 -2.444368 68.302437 -0.697780 0.450954 0.556546 0.921700 0.315410 1 6 1.000000
Hair_d
  6 3.220083 -2.444368 68.302437 -0.697780 0.450954 0.556546 0.921700 0.315410 1 6 1.000000
  6 3.148009 -2.519378 68.218742 -0.941333 0.197680 0.273523 0.932750 0.320900 1 6 1.000000
  6 3.155777 -2.585421 68.259026 -0.913863 -0.020052 0.405526 0.930870 0.327750 1 6 1.000000
Hair_d
  6 3.139104 -2.650897 68.126305 -0.969863 -0.240207 -0.040817 0.945660 0.328270 1 6 1.000000
  6 3.155777 -2.585421 68.259026 -0.913863 -0.020052 0.405526 0.930870 0.327750 1 6 1.000000
  6 3.148009 -2.519378 68.218742 -0.941333 0.197680 0.273523 0.932750 0.320900 1 6 1.000000
Hair_d
  6 3.148009 -2.519378 68.218742 -0.941333 0.197680 0.273523 0.932750 0.320900 1 6 1.000000
  6 3.133071 -2.578054 68.099800 -0.991751 -0.000477 -0.128174 0.945050 0.321230 1 6 1.000000
  6 3.139104 -2.650897 68.126305 -0.969863 -0.240207 -0.040817 0.945660 0.328270 1 6 1.000000
Hair_d
  6 3.164577 -2.665597 68.058876 -0.788389 0.029227 0.614482 0.952430 0.326500 1 6 1.000000
  6 3.139104 -2.650897 68.126305 -0.969863 -0.240207 -0.040817 0.945660 0.328270 1 6 1.000000
  6 3.133071 -2.578054 68.099800 -0.991751 -0.000477 -0.128174 0.945050 0.321230 1 6 1.000000
Hair_d
  6 3.448681 -2.419296 67.889641 0.087309 0.554775 -0.827407 0.947850 0.277210 1 6 1.000000
  6 3.417944 -2.440366 67.878975 0.309346 0.950927 -0.006485 0.951080 0.278890 1 6 1.000000
  6 3.337766 -2.428730 67.904472 -0.020504 0.996575 0.080109 0.951650 0.287960 1 6 1.000000
Hair_d
  6 3.417944 -2.440366 67.878975 0.309346 0.950927 -0.006485 0.951080 0.278890 1 6 1.000000
  6 3.448681 -2.419296 67.889641 0.087309 0.554775 -0.827407 0.947850 0.277210 1 6 1.000000
  6 3.502355 -2.472571 67.871635 0.283338 0.380908 -0.880130 0.949390 0.270240 1 6 1.000000
Hair_d
  6 3.574399 -2.397560 67.955315 0.499149 0.609025 -0.616391 0.937050 0.269070 1 6 1.000000
  6 3.502355 -2.472571 67.871635 0.283338 0.380908 -0.880130 0.949390 0.270240 1 6 1.000000
  6 3.448681 -2.419296 67.889641 0.087309 0.554775 -0.827407 0.947850 0.277210 1 6 1.000000
Hair_d
  6 3.502355 -2.472571 67.871635 0.283338 0.380908 -0.880130 0.949390 0.270240 1 6 1.000000
  6 3.574399 -2.397560 67.955315 0.499149 0.609025 -0.616391 0.937050 0.269070 1 6 1.000000
  6 3.631340 -2.449566 67.965218 0.685425 0.436932 -0.582480 0.936040 0.262020 1 6 1.000000
Hair_d
  6 3.648010 -2.384059 68.097878 0.741443 0.656973 -0.136563 0.921520 0.266720 1 6 1.000000
  6 3.631340 -2.449566 67.965218 0.685425 0.436932 -0.582480 0.936040 0.262020 1 6 1.000000
  6 3.574399 -2.397560 67.955315 0.499149 0.609025 -0.616391 0.937050 0.269070 1 6 1.000000
Hair_d
  6 3.502355 -2.472571 67.871635 0.283338 0.380908 -0.880130 0.949390 0.270240 1 6 1.000000
  6 3.485586 -2.484406 67.865601 0.656520 0.734338 -0.172421 0.951240 0.270800 1 6 1.000000
  6 3.417944 -2.440366 67.878975 0.309346 0.950927 -0.006485 0.951080 0.278890 1 6 1.000000
Hair_d
  6 3.485586 -2.484406 67.865601 0.656520 0.734338 -0.172421 0.951240 0.270800 1 6 1.000000
  6 3.502355 -2.472571 67.871635 0.283338 0.380908 -0.880130 0.949390 0.270240 1 6 1.000000
  6 3.550996 -2.533212 67.871841 0.433435 0.167575 -0.885467 0.950510 0.263150 1 6 1.000000
Hair_d
  6 3.631340 -2.449566 67.965218 0.685425 0.436932 -0.582480 0.936040 0.262020 1 6 1.000000
  6 3.550996 -2.533212 67.871841 0.433435 0.167575 -0.885467 0.950510 0.263150 1 6 1.000000
  6 3.502355 -2.472571 67.871635 0.283338 0.380908 -0.880130 0.949390 0.270240 1 6 1.000000
Hair_d
  6 3.550996 -2.533212 67.871841 0.433435 0.167575 -0.885467 0.950510 0.263150 1 6 1.000000
  6 3.532459 -2.545649 67.866371 0.853506 0.483093 -0.195316 0.952500 0.263730 1 6 1.000000
  6 3.485586 -2.484406 67.865601 0.656520 0.734338 -0.172421 0.951240 0.270800 1 6 1.000000
Hair_d
  6 3.519695 -2.310115 68.055099 0.321151 0.905160 -0.278474 0.928870 0.278440 1 6 1.000000
  6 3.481986 -2.288380 68.155006 0.192595 0.979330 0.061798 0.922030 0.284870 1 6 1.000000
  6 3.543161 -2.312215 68.196686 0.393459 0.897518 0.199125 0.916370 0.281380 1 6 1.000000
Hair_d
  6 3.448215 -2.324751 68.289696 0.072976 0.855021 0.513433 0.912370 0.293160 1 6 1.000000
  6 3.543161 -2.312215 68.196686 0.393459 0.897518 0.199125 0.916370 0.281380 1 6 1.000000
  6 3.481986 -2.288380 68.155006 0.192595 0.979330 0.061798 0.922030 0.284870 1 6 1.000000
Hair_d
  6 3.481986 -2.288380 68.155006 0.192595 0.979330 0.061798 0.922030 0.284870 1 6 1.000000
  6 3.404442 -2.298582 68.230995 -0.071477 0.944441 0.320814 0.918990 0.293700 1 6 1.000000
  6 3.448215 -2.324751 68.289696 0.072976 0.855021 0.513433 0.912370 0.293160 1 6 1.000000
Hair_d
  6 3.329964 -2.373124 68.328407 -0.326745 0.691738 0.644000 0.914300 0.305460 1 6 1.000000
  6 3.448215 -2.324751 68.289696 0.072976 0.855021 0.513433 0.912370 0.293160 1 6 1.000000
  6 3.404442 -2.298582 68.230995 -0.071477 0.944441 0.320814 0.918990 0.293700 1 6 1.000000
Hair_d
  6 3.404442 -2.298582 68.230995 -0.071477 0.944441 0.320814 0.918990 0.293700 1 6 1.000000
  6 3.307895 -2.338085 68.262589 -0.400683 0.809711 0.428743 0.920450 0.302920 1 6 1.000000
  6 3.329964 -2.373124 68.328407 -0.326745 0.691738 0.644000 0.914300 0.305460 1 6 1.000000
Hair_d
  6 3.220083 -2.444368 68.302437 -0.697780 0.450954 0.556546 0.921700 0.315410 1 6 1.000000
  6 3.329964 -2.373124 68.328407 -0.326745 0.691738 0.644000 0.914300 0.305460 1 6 1.000000
  6 3.307895 -2.338085 68.262589 -0.400683 0.809711 0.428743 0.920450 0.302920 1 6 1.000000
Hair_d
  6 3.307895 -2.338085 68.262589 -0.400683 0.809711 0.428743 0.920450 0.302920 1 6 1.000000
  6 3.218182 -2.396260 68.241386 -0.706463 0.611525 0.356296 0.926060 0.310390 1 6 1.000000
  6 3.220083 -2.444368 68.302437 -0.697780 0.450954 0.556546 0.921700 0.315410 1 6 1.000000
Hair_d
  6 3.148009 -2.519378 68.218742 -0.941333 0.197680 0.273523 0.932750 0.320900 1 6 1.000000
  6 3.220083 -2.444368 68.302437 -0.697780 0.450954 0.556546 0.921700 0.315410 1 6 1.000000
  6 3.218182 -2.396260 68.241386 -0.706463 0.611525 0.356296 0.926060 0.310390 1 6 1.000000
Hair_d
  6 3.218182 -2.396260 68.241386 -0.706463 0.611525 0.356296 0.926060 0.310390 1 6 1.000000
  6 3.159374 -2.457501 68.173042 -0.906890 0.402949 0.123214 0.934570 0.314470 1 6 1.000000
  6 3.148009 -2.519378 68.218742 -0.941333 0.197680 0.273523 0.932750 0.320900 1 6 1.000000
Hair_d
  6 3.133071 -2.578054 68.099800 -0.991751 -0.000477 -0.128174 0.945050 0.321230 1 6 1.000000
  6 3.148009 -2.519378 68.218742 -0.941333 0.197680 0.273523 0.932750 0.320900 1 6 1.000000
  6 3.159374 -2.457501 68.173042 -0.906890 0.402949 0.123214 0.934570 0.314470 1 6 1.000000
Hair_d
  6 3.159374 -2.457501 68.173042 -0.906890 0.402949 0.123214 0.934570 0.314470 1 6 1.000000
  6 3.147176 -2.505443 68.075928 -0.948003 0.239641 -0.209433 0.944260 0.314430 1 6 1.000000
  6 3.133071 -2.578054 68.099800 -0.991751 -0.000477 -0.128174 0.945050 0.321230 1 6 1.000000
Hair_d
  6 3.147176 -2.505443 68.075928 -0.948003 0.239641 -0.209433 0.944260 0.314430 1 6 1.000000
  6 3.159374 -2.457501 68.173042 -0.906890 0.402949 0.123214 0.934570 0.314470 1 6 1.000000
  6 3.189046 -2.404061 68.125084 -0.812381 0.582047 -0.035476 0.936190 0.308200 1 6 1.000000
Hair_d
  6 3.189046 -2.404061 68.125084 -0.812381 0.582047 -0.035476 0.936190 0.308200 1 6 1.000000
  6 3.180411 -2.437933 68.056358 -0.842483 0.463453 -0.274653 0.942940 0.307840 1 6 1.000000
  6 3.147176 -2.505443 68.075928 -0.948003 0.239641 -0.209433 0.944260 0.314430 1 6 1.000000
Hair_d
  6 3.180411 -2.437933 68.056358 -0.842483 0.463453 -0.274653 0.942940 0.307840 1 6 1.000000
  6 3.189046 -2.404061 68.125084 -0.812381 0.582047 -0.035476 0.936190 0.308200 1 6 1.000000
  6 3.235018 -2.362621 68.077980 -0.662970 0.723336 -0.193017 0.937560 0.301840 1 6 1.000000
Hair_d
  6 3.235018 -2.362621 68.077980 -0.662970 0.723336 -0.193017 0.937560 0.301840 1 6 1.000000
  6 3.230550 -2.380193 68.042435 -0.679172 0.659790 -0.321563 0.941010 0.301470 1 6 1.000000
  6 3.180411 -2.437933 68.056358 -0.842483 0.463453 -0.274653 0.942940 0.307840 1 6 1.000000
Hair_d
  6 3.235018 -2.362621 68.077980 -0.662970 0.723336 -0.193017 0.937560 0.301840 1 6 1.000000
  6 3.294160 -2.336087 68.035088 -0.450329 0.821817 -0.349029 0.938560 0.295370 1 6 1.000000
  6 3.230550 -2.380193 68.042435 -0.679172 0.659790 -0.321563 0.941010 0.301470 1 6 1.000000
Hair_d
  6 3.230550 -2.380193 68.042435 -0.679172 0.659790 -0.321563 0.941010 0.301470 1 6 1.000000
  6 3.294160 -2.336087 68.035088 -0.450329 0.821817 -0.349029 0.938560 0.295370 1 6 1.000000
  6 3.244353 -2.388124 68.005867 -0.628529 0.627146 -0.460042 0.943920 0.299410 1 6 1.000000
Hair_d
  6 3.230550 -2.380193 68.042435 -0.679172 0.659790 -0.321563 0.941010 0.301470 1 6 1.000000
  6 3.244353 -2.388124 68.005867 -0.628529 0.627146 -0.460042 0.943920 0.299410 1 6 1.000000
  6 3.207081 -2.453336 67.985680 -0.742542 0.399633 -0.537517 0.948930 0.304180 1 6 1.000000
Hair_d
  6 3.207081 -2.453336 67.985680 -0.742542 0.399633 -0.537517 0.948930 0.304180 1 6 1.000000
  6 3.180411 -2.437933 68.056358 -0.842483 0.463453 -0.274653 0.942940 0.307840 1 6 1.000000
  6 3.230550 -2.380193 68.042435 -0.679172 0.659790 -0.321563 0.941010 0.301470 1 6 1.000000
Hair_d
  6 2.391567 -2.996243 68.072075 0.230729 0.850290 0.473045 0.739400 0.298220 1 6 1.000000
  6 2.450642 -3.039948 68.098740 0.475026 0.691651 0.544031 0.740980 0.294750 1 6 1.000000
  6 2.608164 -2.968341 68.115944 -0.124686 0.167027 0.978036 0.751320 0.298120 1 6 1.000000
Hair_d
  6 2.493048 -3.103592 68.114952 0.669165 0.381968 0.637432 0.741610 0.290030 1 6 1.000000
  6 2.608164 -2.968341 68.115944 -0.124686 0.167027 0.978036 0.751320 0.298120 1 6 1.000000
  6 2.450642 -3.039948 68.098740 0.475026 0.691651 0.544031 0.740980 0.294750 1 6 1.000000
Hair_d
  6 2.711845 -3.153298 68.134041 0.030831 -0.086629 0.995763 0.752370 0.281130 1 6 1.000000
  6 2.608164 -2.968341 68.115944 -0.124686 0.167027 0.978036 0.751320 0.298120 1 6 1.000000
  6 2.493048 -3.103592 68.114952 0.669165 0.381968 0.637432 0.741610 0.290030 1 6 1.000000
Hair_d
  6 2.493048 -3.103592 68.114952 0.669165 0.381968 0.637432 0.741610 0.290030 1 6 1.000000
  6 2.516284 -3.181402 68.122612 0.720802 0.096810 0.686347 0.741420 0.284840 1 6 1.000000
  6 2.711845 -3.153298 68.134041 0.030831 -0.086629 0.995763 0.752370 0.281130 1 6 1.000000
Hair_d
  6 2.515951 -3.266080 68.120064 0.410795 -0.484140 0.772565 0.738750 0.279700 1 6 1.000000
  6 2.711845 -3.153298 68.134041 0.030831 -0.086629 0.995763 0.752370 0.281130 1 6 1.000000
  6 2.516284 -3.181402 68.122612 0.720802 0.096810 0.686347 0.741420 0.284840 1 6 1.000000
Hair_d
  6 2.711845 -3.153298 68.134041 0.030831 -0.086629 0.995763 0.752370 0.281130 1 6 1.000000
  6 2.912473 -3.047182 68.131081 0.086312 -0.058511 0.994548 0.765680 0.281090 1 6 1.000000
  6 2.810692 -2.854890 68.113869 -0.050212 0.200062 0.978496 0.765680 0.294240 1 6 1.000000
Hair_d
  6 2.810692 -2.854890 68.113869 -0.050212 0.200062 0.978496 0.765680 0.294240 1 6 1.000000
  6 2.608164 -2.968341 68.115944 -0.124686 0.167027 0.978036 0.751320 0.298120 1 6 1.000000
  6 2.711845 -3.153298 68.134041 0.030831 -0.086629 0.995763 0.752370 0.281130 1 6 1.000000
Hair_d
  6 2.511517 -2.768377 68.043114 -0.478455 0.794381 0.374219 0.751890 0.308090 1 6 1.000000
  6 2.608164 -2.968341 68.115944 -0.124686 0.167027 0.978036 0.751320 0.298120 1 6 1.000000
  6 2.810692 -2.854890 68.113869 -0.050212 0.200062 0.978496 0.765680 0.294240 1 6 1.000000
Hair_d
  6 2.608164 -2.968341 68.115944 -0.124686 0.167027 0.978036 0.751320 0.298120 1 6 1.000000
  6 2.511517 -2.768377 68.043114 -0.478455 0.794381 0.374219 0.751890 0.308090 1 6 1.000000
  6 2.391567 -2.996243 68.072075 0.230729 0.850290 0.473045 0.739400 0.298220 1 6 1.000000
Hair_d
  6 2.391567 -2.996243 68.072075 0.230729 0.850290 0.473045 0.739400 0.298220 1 6 1.000000
  6 2.511517 -2.768377 68.043114 -0.478455 0.794381 0.374219 0.751890 0.308090 1 6 1.000000
  6 2.352261 -2.868726 68.025826 -0.546648 0.764086 0.342561 0.734370 0.306350 1 6 1.000000
Hair_d
  6 2.352261 -2.868726 68.025826 -0.546648 0.764086 0.342561 0.734370 0.306350 1 6 1.000000
  6 2.319890 -2.973639 68.041260 -0.072579 0.913555 0.400186 0.736040 0.299670 1 6 1.000000
  6 2.391567 -2.996243 68.072075 0.230729 0.850290 0.473045 0.739400 0.298220 1 6 1.000000
Hair_d
  6 2.295187 -2.974074 68.030388 -0.179491 0.909951 0.373861 0.728240 0.299480 1 6 1.000000
  6 2.319890 -2.973639 68.041260 -0.072579 0.913555 0.400186 0.736040 0.299670 1 6 1.000000
  6 2.352261 -2.868726 68.025826 -0.546648 0.764086 0.342561 0.734370 0.306350 1 6 1.000000
Hair_d
  6 2.352261 -2.868726 68.025826 -0.546648 0.764086 0.342561 0.734370 0.306350 1 6 1.000000
  6 2.254081 -2.935002 68.008247 -0.611545 0.706248 0.356689 0.727040 0.305060 1 6 1.000000
  6 2.295187 -2.974074 68.030388 -0.179491 0.909951 0.373861 0.728240 0.299480 1 6 1.000000
Hair_d
  6 2.203474 -3.000943 67.994896 -0.585056 0.783793 0.208274 0.722090 0.298370 1 6 1.000000
  6 2.295187 -2.974074 68.030388 -0.179491 0.909951 0.373861 0.728240 0.299480 1 6 1.000000
  6 2.254081 -2.935002 68.008247 -0.611545 0.706248 0.356689 0.727040 0.305060 1 6 1.000000
Hair_d
  6 2.254081 -2.935002 68.008247 -0.611545 0.706248 0.356689 0.727040 0.305060 1 6 1.000000
  6 2.184571 -2.990611 67.982315 -0.672547 0.685350 0.279242 0.721010 0.302950 1 6 1.000000
  6 2.203474 -3.000943 67.994896 -0.585056 0.783793 0.208274 0.722090 0.298370 1 6 1.000000
Hair_d
  6 2.203474 -3.000943 67.994896 -0.585056 0.783793 0.208274 0.722090 0.298370 1 6 1.000000
  6 2.184571 -2.990611 67.982315 -0.672547 0.685350 0.279242 0.721010 0.302950 1 6 1.000000
  6 2.121630 -3.042717 67.956184 -0.710987 0.638749 0.294103 0.713970 0.299110 1 6 1.000000
Hair_d
  6 2.121630 -3.042717 67.956184 -0.710987 0.638749 0.294103 0.713970 0.299110 1 6 1.000000
  6 2.144966 -3.054151 67.971123 -0.799097 0.588361 0.123595 0.716800 0.295460 1 6 1.000000
  6 2.203474 -3.000943 67.994896 -0.585056 0.783793 0.208274 0.722090 0.298370 1 6 1.000000
Hair_d
  6 2.106993 -3.127727 67.952225 -0.955614 0.287651 0.063705 0.712170 0.292140 1 6 1.000000
  6 2.144966 -3.054151 67.971123 -0.799097 0.588361 0.123595 0.716800 0.295460 1 6 1.000000
  6 2.121630 -3.042717 67.956184 -0.710987 0.638749 0.294103 0.713970 0.299110 1 6 1.000000
Hair_d
  6 2.121630 -3.042717 67.956184 -0.710987 0.638749 0.294103 0.713970 0.299110 1 6 1.000000
  6 2.061454 -3.096755 67.924515 -0.764430 0.570748 0.299821 0.708490 0.295390 1 6 1.000000
  6 2.106993 -3.127727 67.952225 -0.955614 0.287651 0.063705 0.712170 0.292140 1 6 1.000000
Hair_d
  6 2.103727 -3.208939 67.942787 -0.988607 -0.127911 -0.079345 0.710070 0.288160 1 6 1.000000
  6 2.106993 -3.127727 67.952225 -0.955614 0.287651 0.063705 0.712170 0.292140 1 6 1.000000
  6 2.061454 -3.096755 67.924515 -0.764430 0.570748 0.299821 0.708490 0.295390 1 6 1.000000
Hair_d
  6 2.061454 -3.096755 67.924515 -0.764430 0.570748 0.299821 0.708490 0.295390 1 6 1.000000
  6 2.000679 -3.160966 67.877571 -0.836990 0.479969 0.262825 0.705040 0.292830 1 6 1.000000
  6 2.103727 -3.208939 67.942787 -0.988607 -0.127911 -0.079345 0.710070 0.288160 1 6 1.000000
Hair_d
  6 2.127563 -3.282249 67.944847 -0.895786 -0.433797 -0.096892 0.711180 0.284500 1 6 1.000000
  6 2.103727 -3.208939 67.942787 -0.988607 -0.127911 -0.079345 0.710070 0.288160 1 6 1.000000
  6 2.000679 -3.160966 67.877571 -0.836990 0.479969 0.262825 0.705040 0.292830 1 6 1.000000
end
