// Created by Crowbar 0.74
version 1
nodes
  0 "ValveBiped.Bip01_Pelvis" -1
  1 "ValveBiped.Bip01_L_Thigh" 0
  2 "ValveBiped.Bip01_L_Calf" 1
  3 "ValveBiped.Bip01_L_Foot" 2
  4 "ValveBiped.Bip01_R_Thigh" 0
  5 "ValveBiped.Bip01_R_Calf" 4
  6 "ValveBiped.Bip01_R_Foot" 5
  7 "ValveBiped.Bip01_Spine" 0
  8 "ValveBiped.Bip01_Spine1" 7
  9 "ValveBiped.Bip01_Spine2" 8
  10 "ValveBiped.Bip01_Spine4" 9
  11 "ValveBiped.Bip01_Neck1" 10
  12 "ValveBiped.Bip01_Head1" 11
  13 "ValveBiped.Bip01_L_Clavicle" 10
  14 "ValveBiped.Bip01_L_UpperArm" 13
  15 "ValveBiped.Bip01_L_Forearm" 14
  16 "ValveBiped.Bip01_L_Hand" 15
  17 "ValveBiped.Bip01_R_Clavicle" 10
  18 "ValveBiped.Bip01_R_UpperArm" 17
  19 "ValveBiped.Bip01_R_Forearm" 18
  20 "ValveBiped.Bip01_R_Hand" 19
  21 "ValveBiped.forward" 12
  22 "ValveBiped.Bip01_L_Toe0" 3
  23 "ValveBiped.Bip01_R_Toe0" 6
  24 "ValveBiped.Bip01_L_Finger4" 16
  25 "ValveBiped.Bip01_L_Finger41" 24
  26 "ValveBiped.Bip01_L_Finger42" 25
  27 "ValveBiped.Bip01_L_Finger3" 16
  28 "ValveBiped.Bip01_L_Finger31" 27
  29 "ValveBiped.Bip01_L_Finger32" 28
  30 "ValveBiped.Bip01_L_Finger2" 16
  31 "ValveBiped.Bip01_L_Finger21" 30
  32 "ValveBiped.Bip01_L_Finger22" 31
  33 "ValveBiped.Bip01_L_Finger1" 16
  34 "ValveBiped.Bip01_L_Finger11" 33
  35 "ValveBiped.Bip01_L_Finger12" 34
  36 "ValveBiped.Bip01_L_Finger0" 16
  37 "ValveBiped.Bip01_L_Finger01" 36
  38 "ValveBiped.Bip01_L_Finger02" 37
  39 "ValveBiped.Bip01_L_Ulna" 15
  40 "ValveBiped.Bip01_R_Finger4" 20
  41 "ValveBiped.Bip01_R_Finger41" 40
  42 "ValveBiped.Bip01_R_Finger42" 41
  43 "ValveBiped.Bip01_R_Finger3" 20
  44 "ValveBiped.Bip01_R_Finger31" 43
  45 "ValveBiped.Bip01_R_Finger32" 44
  46 "ValveBiped.Bip01_R_Finger2" 20
  47 "ValveBiped.Bip01_R_Finger21" 46
  48 "ValveBiped.Bip01_R_Finger22" 47
  49 "ValveBiped.Bip01_R_Finger1" 20
  50 "ValveBiped.Bip01_R_Finger11" 49
  51 "ValveBiped.Bip01_R_Finger12" 50
  52 "ValveBiped.Bip01_R_Finger0" 20
  53 "ValveBiped.Bip01_R_Finger01" 52
  54 "ValveBiped.Bip01_R_Finger02" 53
  55 "ValveBiped.Bip01_R_Ulna" 19
  56 "sleeveR" 19
  57 "ValveBiped.SkirtFL_Helper" 0
  58 "SkirtFL01" 57
  59 "SkirtFL02" 58
  60 "SkirtFL03" 59
  61 "SkirtLF01" 57
  62 "SkirtLF02" 61
  63 "ValveBiped.SkirtBL_Helper" 0
  64 "SkirtLB01" 63
  65 "SkirtLB02" 64
  66 "SkirtBL01" 63
  67 "SkirtBL02" 66
  68 "SkirtBL03" 67
  69 "ValveBiped.SkirtBR_Helper" 0
  70 "SkirtBR01" 69
  71 "SkirtBR02" 70
  72 "SkirtBR03" 71
  73 "SkirtRB01" 69
  74 "SkirtRB02" 73
  75 "ValveBiped.SkirtFR_Helper" 0
  76 "SkirtRF01" 75
  77 "SkirtRF02" 76
  78 "SkirtFR01" 75
  79 "SkirtFR02" 78
  80 "SkirtFR03" 79
  81 "SkirtR01" 0
  82 "SkirtR02" 81
  83 "SkirtR03" 82
  84 "SkirtL01" 0
  85 "SkirtL02" 84
  86 "SkirtL03" 85
  87 "ribbon" 7
  88 "ribbonL" 87
  89 "ribbonR" 87
  90 "tie" 10
  91 "hair01" 12
  92 "hair02" 91
  93 "miterLF" 12
  94 "miterLB" 12
  95 "miterRB" 12
  96 "miterRF" 12
  97 "hairB" 12
  98 "miterL" 12
  99 "miterR" 12
  100 "hairF" 12
  101 "hairFL" 12
  102 "hairFR" 12
end
skeleton
  time 0
    0 0.000000 -0.814058 36.832977 1.570796 0.000000 0.000000
    1 2.927098 0.000000 0.000000 -1.570001 0.008280 -1.602075
    2 15.037291 -0.012395 0.055023 -0.002321 -0.025793 0.063439
    3 18.084864 0.000107 -0.000002 0.002055 -0.007268 -1.050268
    4 -2.927098 0.000000 0.000000 -1.571226 0.012321 -1.540543
    5 15.036520 -0.010440 -0.053129 0.002751 0.024662 0.056965
    6 18.084902 0.000112 0.000000 0.029883 -0.020424 -1.044007
    7 0.000000 3.137291 0.248350 1.570796 0.013015 1.570796
    8 2.801945 -0.000020 -0.000001 0.000000 0.000000 -0.144098
    9 2.793583 -0.000014 -0.000001 0.000000 0.000000 -0.134145
    10 5.117100 -0.000061 0.000000 0.000000 0.000000 0.326125
    11 4.291016 0.000054 0.000000 3.141590 0.000000 0.327550
    12 2.052490 -0.000021 0.000000 0.000000 -0.000001 0.351457
    13 3.150833 1.164207 1.317461 0.268426 -1.245597 -1.987208
    14 2.376375 0.000000 -0.000006 -1.366141 -0.161535 -0.544330
    15 8.345259 0.000034 0.000000 -0.005919 0.005351 -0.054411
    16 7.671072 -0.000029 -0.000027 1.260639 -0.011899 0.001727
    17 3.150833 1.164207 -1.311068 -0.395508 1.249436 -2.036292
    18 2.376386 -0.000008 -0.000002 1.455943 0.210300 -0.498334
    19 8.345268 0.000021 -0.000004 0.030600 -0.054567 -0.033299
    20 7.671049 -0.000080 0.000004 -1.273691 0.006573 0.058189
    21 0.000000 0.000000 0.000000 0.000000 0.000000 0.000000
    22 4.739561 0.000015 0.000002 -0.028750 0.003304 -0.507311
    23 4.739573 0.000013 0.000000 -0.009770 0.008842 -0.522000
    24 2.711120 0.353554 -1.055033 0.370701 0.047592 -0.059615
    25 0.889050 0.000000 -0.000003 -0.030186 -0.032700 0.052048
    26 0.597713 -0.000008 -0.000003 0.007051 0.034248 -0.034765
    27 2.906734 0.220963 -0.413929 0.369636 0.042123 -0.041729
    28 1.107320 0.000004 -0.000002 -0.033059 -0.000595 -0.003554
    29 0.805333 0.000000 -0.000002 0.008466 -0.015046 0.086398
    30 2.892799 -0.069725 0.173092 0.376693 -0.011844 0.054338
    31 1.335582 0.000004 -0.000003 -0.140820 -0.045105 -0.092841
    32 0.860883 0.000000 0.000001 0.016526 0.036117 0.032665
    33 2.911537 -0.329731 0.785534 0.299920 -0.015262 0.037365
    34 1.127885 0.000000 0.000002 -0.012078 -0.001034 -0.044461
    35 0.809896 -0.000004 -0.000003 0.045877 0.003859 -0.059260
    36 1.047379 -0.739429 0.515881 2.147686 -0.539406 -0.436993
    37 1.149368 -0.000010 -0.000004 0.100222 -0.121846 -0.206487
    38 1.065289 0.000001 0.000015 -0.002574 0.052990 -0.080877
    39 4.359096 -0.000011 0.000000 -0.512891 0.000001 0.000003
    40 2.845345 0.553013 0.859371 -0.380684 0.021384 -0.065582
    41 0.834520 -0.000004 0.000004 -0.034912 -0.029174 0.023079
    42 0.631610 -0.000004 0.000000 0.047638 0.013822 0.065695
    43 2.986405 0.396011 0.231329 -0.294701 0.023294 -0.007351
    44 1.102688 -0.000004 -0.000002 -0.005590 0.013245 -0.025827
    45 0.764538 -0.000004 0.000001 0.023977 0.018076 0.140738
    46 2.994102 0.287048 -0.409327 -0.312198 0.037637 -0.000969
    47 1.319735 0.000019 0.000007 0.144893 0.000843 -0.053332
    48 0.959333 -0.000004 -0.000001 -0.020968 -0.015795 0.044020
    49 2.939399 -0.086571 -1.048670 -0.226202 -0.004500 -0.064546
    50 1.194924 0.000011 0.000007 -0.082084 0.023496 0.088244
    51 0.830587 -0.000008 0.000003 -0.036510 0.009448 -0.039997
    52 0.949157 -0.693619 -0.507692 -2.034682 0.541177 -0.433148
    53 1.150742 -0.000010 0.000000 0.070755 0.052098 -0.182218
    54 1.066570 -0.000003 0.000031 0.131496 -0.005539 -0.056872
    55 4.359089 -0.000042 -0.000011 0.512807 0.000003 -0.000018
    56 4.570335 1.230423 1.797600 -0.580065 -0.071448 0.041246
    57 4.277519 3.645744 2.245929 0.000000 0.000000 -0.000002
    58 -1.235546 -1.007114 0.823418 -1.159742 -0.305408 -3.136877
    59 -0.066744 -0.033091 6.296062 0.106060 -0.000001 0.000000
    60 -0.233299 0.797945 6.712662 -0.038865 0.000001 0.000000
    61 2.803624 -3.834927 0.288095 -0.907603 -0.725254 2.946263
    62 -2.040664 0.030758 5.862432 0.017240 -0.324260 0.084589
    63 4.277521 3.645733 -4.011556 0.000000 0.000000 -0.000002
    64 2.089627 -3.370140 -0.613847 2.067909 -0.849311 0.153383
    65 -0.060705 0.005440 6.549997 0.085054 -0.057918 0.043815
    66 -2.076630 -0.522385 -0.616947 2.174809 -0.264443 -0.055939
    67 0.053788 -0.017923 6.004162 0.041204 0.000000 -0.000001
    68 0.031788 0.650600 7.095337 -0.082423 0.000000 0.000000
    69 -4.283147 3.645767 -4.011562 0.000000 0.000000 -0.000002
    70 2.087362 -0.465443 -0.607979 -2.139177 -0.286822 -3.122311
    71 0.053783 0.192394 6.160192 -0.039337 0.000000 0.000000
    72 0.031784 -0.518745 6.994171 0.082423 0.000000 0.000000
    73 -1.952573 -3.255466 -0.613313 -2.082938 -0.852026 3.024588
    74 -0.160635 -0.077957 6.599901 -0.032561 -0.054224 -0.038823
    75 -4.283151 3.645763 2.245916 0.000000 0.000000 -0.000002
    76 -2.280477 -2.980415 0.203456 1.175065 -0.831076 -0.274725
    77 -0.062221 -0.645021 7.496574 0.057136 0.012559 0.008651
    78 1.100758 -0.903439 0.711817 1.071990 -0.310273 -0.024642
    79 -0.066733 -0.536026 6.383455 0.063818 0.000000 0.000000
    80 0.032230 -0.142296 6.866489 0.038864 0.000000 0.000000
    81 -5.374800 3.421856 -1.292935 0.000000 -1.570198 0.885660
    82 0.000496 -0.434870 6.885414 0.078728 0.000000 0.000000
    83 -0.000005 -0.165535 6.972929 0.029795 0.000000 0.000000
    84 5.469971 3.343349 -0.719049 0.000000 1.570308 -1.084462
    85 -0.000519 0.973736 6.959690 -0.122602 0.000000 0.000000
    86 0.000001 -0.223904 6.820126 0.029795 0.000000 0.000000
    87 2.006710 -5.194386 -0.017843 0.352839 -1.557979 0.013021
    88 2.984217 -0.653542 2.448051 0.199506 0.657235 -0.288146
    89 -3.781753 -0.683516 2.366665 1.113194 0.683630 -2.836890
    90 1.517975 4.585085 0.141492 -0.608135 -1.557970 -0.034863
    91 7.514030 5.809536 0.017856 -3.141407 1.557975 0.011138
    92 -0.070803 -2.388322 5.522484 0.000000 0.000000 0.000000
    93 1.415661 -2.044655 -3.621219 2.948820 1.557979 0.011137
    94 5.299858 4.644312 -3.248577 -2.985542 0.817111 -0.097318
    95 5.345020 4.701498 3.299809 -0.135497 -0.800554 -0.161453
    96 1.415676 -2.044674 3.542303 2.347724 -1.552853 -2.143719
    97 1.906960 3.979175 0.017852 -3.141407 1.557975 0.011137
    98 8.304138 3.999334 -2.460399 -3.141582 -0.021105 0.010959
    99 8.304161 4.001030 2.569059 -3.141585 -0.021105 -3.130633
    100 4.578972 -4.663102 0.155579 -2.898443 1.557878 0.011137
    101 4.678978 -4.162806 3.006114 -2.898443 1.557882 0.011135
    102 4.678978 -4.162789 -2.328863 -2.898443 1.557882 0.011135
end
triangles
skt
  7 1.544970 3.788630 41.073032 -0.304338 0.461647 -0.833223 0.055040 0.367650 2 7 0.800000 87 0.200000
  7 0.402045 3.469638 41.351959 -0.315299 0.363008 -0.876819 0.060090 0.355360 1 7 1.000000
  7 0.376320 3.528071 41.385399 -0.342973 0.733778 -0.586463 0.060870 0.355490 1 7 1.000000
skt
  7 1.496093 3.658902 41.787445 -0.264989 0.920598 0.286845 0.063730 0.368410 2 7 0.800000 87 0.200000
  7 2.668050 4.024932 41.740776 -0.304578 0.933971 0.186895 0.060630 0.381810 2 7 0.600000 87 0.400000
  7 2.722808 4.147676 41.177765 -0.268482 0.947058 0.176061 0.054150 0.381490 2 7 0.600000 87 0.400000
skt
  7 1.509690 3.799653 41.350124 -0.219193 0.932496 0.287064 0.058690 0.368060 2 7 0.800000 87 0.200000
  7 1.496093 3.658902 41.787445 -0.264989 0.920598 0.286845 0.063730 0.368410 2 7 0.800000 87 0.200000
  7 2.722808 4.147676 41.177765 -0.268482 0.947058 0.176061 0.054150 0.381490 2 7 0.600000 87 0.400000
skt
  7 1.496093 3.658902 41.787445 -0.264989 0.920598 0.286845 0.063730 0.368410 2 7 0.800000 87 0.200000
  7 1.509690 3.799653 41.350124 -0.219193 0.932496 0.287064 0.058690 0.368060 2 7 0.800000 87 0.200000
  7 0.371175 3.481769 41.543423 -0.199178 0.888500 0.413395 0.063030 0.355680 1 7 1.000000
skt
  7 1.509690 3.799653 41.350124 -0.219193 0.932496 0.287064 0.058690 0.368060 2 7 0.800000 87 0.200000
  7 1.514467 3.856246 41.166000 -0.272487 0.961749 0.028090 0.056590 0.367870 2 7 0.800000 87 0.200000
  7 0.371175 3.481769 41.543423 -0.199178 0.888500 0.413395 0.063030 0.355680 1 7 1.000000
skt
  7 1.514467 3.856246 41.166000 -0.272487 0.961749 0.028090 0.056590 0.367870 2 7 0.800000 87 0.200000
  7 0.367868 3.538361 41.423622 -0.234943 0.961723 0.141032 0.061600 0.355530 1 7 1.000000
  7 0.371175 3.481769 41.543423 -0.199178 0.888500 0.413395 0.063030 0.355680 1 7 1.000000
skt
  7 0.367868 3.538361 41.423622 -0.234943 0.961723 0.141032 0.061600 0.355530 1 7 1.000000
  7 1.514467 3.856246 41.166000 -0.272487 0.961749 0.028090 0.056590 0.367870 2 7 0.800000 87 0.200000
  7 0.376320 3.528071 41.385399 -0.342973 0.733778 -0.586463 0.060870 0.355490 1 7 1.000000
skt
  7 1.514467 3.856246 41.166000 -0.272487 0.961749 0.028090 0.056590 0.367870 2 7 0.800000 87 0.200000
  7 1.522185 3.846328 41.113453 -0.332073 0.749077 -0.573246 0.055830 0.367800 2 7 0.800000 87 0.200000
  7 0.376320 3.528071 41.385399 -0.342973 0.733778 -0.586463 0.060870 0.355490 1 7 1.000000
skt
  7 1.522185 3.846328 41.113453 -0.332073 0.749077 -0.573246 0.055830 0.367800 2 7 0.800000 87 0.200000
  7 1.544970 3.788630 41.073032 -0.304338 0.461647 -0.833223 0.055040 0.367650 2 7 0.800000 87 0.200000
  7 0.376320 3.528071 41.385399 -0.342973 0.733778 -0.586463 0.060870 0.355490 1 7 1.000000
skt
  7 1.544970 3.788630 41.073032 -0.304338 0.461647 -0.833223 0.055040 0.367650 2 7 0.800000 87 0.200000
  7 1.522185 3.846328 41.113453 -0.332073 0.749077 -0.573246 0.055830 0.367800 2 7 0.800000 87 0.200000
  7 2.752575 4.190308 40.879723 -0.302601 0.778364 -0.550075 0.050640 0.381130 2 7 0.600000 87 0.400000
skt
  7 2.781608 4.135918 40.837460 -0.257780 0.503292 -0.824771 0.049790 0.381020 2 7 0.600000 87 0.400000
  7 1.544970 3.788630 41.073032 -0.304338 0.461647 -0.833223 0.055040 0.367650 2 7 0.800000 87 0.200000
  7 2.752575 4.190308 40.879723 -0.302601 0.778364 -0.550075 0.050640 0.381130 2 7 0.600000 87 0.400000
skt
  87 4.206773 4.539433 40.688622 -0.240693 0.365420 -0.899186 0.043330 0.396110 2 87 0.600000 7 0.400000
  7 2.781608 4.135918 40.837460 -0.257780 0.503292 -0.824771 0.049790 0.381020 2 7 0.600000 87 0.400000
  7 2.752575 4.190308 40.879723 -0.302601 0.778364 -0.550075 0.050640 0.381130 2 7 0.600000 87 0.400000
skt
  87 4.151280 4.585003 40.722061 -0.347971 0.693141 -0.631246 0.044310 0.396050 2 87 0.600000 7 0.400000
  87 4.206773 4.539433 40.688622 -0.240693 0.365420 -0.899186 0.043330 0.396110 2 87 0.600000 7 0.400000
  7 2.752575 4.190308 40.879723 -0.302601 0.778364 -0.550075 0.050640 0.381130 2 7 0.600000 87 0.400000
skt
  87 4.129965 4.589780 40.785645 -0.383457 0.920723 -0.072316 0.045190 0.396120 2 87 0.600000 7 0.400000
  87 4.151280 4.585003 40.722061 -0.347971 0.693141 -0.631246 0.044310 0.396050 2 87 0.600000 7 0.400000
  7 2.752575 4.190308 40.879723 -0.302601 0.778364 -0.550075 0.050640 0.381130 2 7 0.600000 87 0.400000
skt
  87 4.151280 4.585003 40.722061 -0.347971 0.693141 -0.631246 0.044310 0.396050 2 87 0.600000 7 0.400000
  87 4.129965 4.589780 40.785645 -0.383457 0.920723 -0.072316 0.045190 0.396120 2 87 0.600000 7 0.400000
  87 5.192775 5.150218 40.645252 -0.483519 0.315855 -0.816361 0.037340 0.409740 2 87 0.800000 7 0.200000
skt
  87 4.129965 4.589780 40.785645 -0.383457 0.920723 -0.072316 0.045190 0.396120 2 87 0.600000 7 0.400000
  87 5.163009 5.145441 40.705524 -0.772078 0.593302 -0.227789 0.038250 0.409740 2 87 0.800000 7 0.200000
  87 5.192775 5.150218 40.645252 -0.483519 0.315855 -0.816361 0.037340 0.409740 2 87 0.800000 7 0.200000
skt
  7 2.741918 4.198391 40.941830 -0.270573 0.962695 0.002801 0.051460 0.381230 2 7 0.600000 87 0.400000
  7 1.514467 3.856246 41.166000 -0.272487 0.961749 0.028090 0.056590 0.367870 2 7 0.800000 87 0.200000
  7 2.722808 4.147676 41.177765 -0.268482 0.947058 0.176061 0.054150 0.381490 2 7 0.600000 87 0.400000
skt
  7 1.514467 3.856246 41.166000 -0.272487 0.961749 0.028090 0.056590 0.367870 2 7 0.800000 87 0.200000
  7 1.509690 3.799653 41.350124 -0.219193 0.932496 0.287064 0.058690 0.368060 2 7 0.800000 87 0.200000
  7 2.722808 4.147676 41.177765 -0.268482 0.947058 0.176061 0.054150 0.381490 2 7 0.600000 87 0.400000
skt
  87 4.129965 4.589780 40.785645 -0.383457 0.920723 -0.072316 0.045190 0.396120 2 87 0.600000 7 0.400000
  7 2.741918 4.198391 40.941830 -0.270573 0.962695 0.002801 0.051460 0.381230 2 7 0.600000 87 0.400000
  7 2.722808 4.147676 41.177765 -0.268482 0.947058 0.176061 0.054150 0.381490 2 7 0.600000 87 0.400000
skt
  7 2.741918 4.198391 40.941830 -0.270573 0.962695 0.002801 0.051460 0.381230 2 7 0.600000 87 0.400000
  87 4.129965 4.589780 40.785645 -0.383457 0.920723 -0.072316 0.045190 0.396120 2 87 0.600000 7 0.400000
  7 2.752575 4.190308 40.879723 -0.302601 0.778364 -0.550075 0.050640 0.381130 2 7 0.600000 87 0.400000
skt
  7 1.514467 3.856246 41.166000 -0.272487 0.961749 0.028090 0.056590 0.367870 2 7 0.800000 87 0.200000
  7 2.741918 4.198391 40.941830 -0.270573 0.962695 0.002801 0.051460 0.381230 2 7 0.600000 87 0.400000
  7 2.752575 4.190308 40.879723 -0.302601 0.778364 -0.550075 0.050640 0.381130 2 7 0.600000 87 0.400000
skt
  7 1.522185 3.846328 41.113453 -0.332073 0.749077 -0.573246 0.055830 0.367800 2 7 0.800000 87 0.200000
  7 1.514467 3.856246 41.166000 -0.272487 0.961749 0.028090 0.056590 0.367870 2 7 0.800000 87 0.200000
  7 2.752575 4.190308 40.879723 -0.302601 0.778364 -0.550075 0.050640 0.381130 2 7 0.600000 87 0.400000
skt
  87 5.414742 6.032218 40.649288 -0.077371 0.029695 -0.996560 0.033940 0.421110 1 87 1.000000
  87 5.268113 5.128166 40.626141 -0.211298 0.118962 -0.970155 0.036330 0.409830 2 87 0.800000 7 0.200000
  87 5.192775 5.150218 40.645252 -0.483519 0.315855 -0.816361 0.037340 0.409740 2 87 0.800000 7 0.200000
skt
  87 5.268113 5.128166 40.626141 -0.211298 0.118962 -0.970155 0.036330 0.409830 2 87 0.800000 7 0.200000
  87 4.206773 4.539433 40.688622 -0.240693 0.365420 -0.899186 0.043330 0.396110 2 87 0.600000 7 0.400000
  87 5.192775 5.150218 40.645252 -0.483519 0.315855 -0.816361 0.037340 0.409740 2 87 0.800000 7 0.200000
skt
  87 4.206773 4.539433 40.688622 -0.240693 0.365420 -0.899186 0.043330 0.396110 2 87 0.600000 7 0.400000
  87 4.151280 4.585003 40.722061 -0.347971 0.693141 -0.631246 0.044310 0.396050 2 87 0.600000 7 0.400000
  87 5.192775 5.150218 40.645252 -0.483519 0.315855 -0.816361 0.037340 0.409740 2 87 0.800000 7 0.200000
skt
  7 0.380363 3.339910 41.821995 -0.235365 0.870128 0.432991 0.066360 0.356010 1 7 1.000000
  7 1.496093 3.658902 41.787445 -0.264989 0.920598 0.286845 0.063730 0.368410 2 7 0.800000 87 0.200000
  7 0.371175 3.481769 41.543423 -0.199178 0.888500 0.413395 0.063030 0.355680 1 7 1.000000
skt
  7 1.496093 3.658902 41.787445 -0.264989 0.920598 0.286845 0.063730 0.368410 2 7 0.800000 87 0.200000
  7 0.380363 3.339910 41.821995 -0.235365 0.870128 0.432991 0.066360 0.356010 1 7 1.000000
  7 0.381098 3.163510 42.189491 -0.294244 0.888765 0.351451 0.070670 0.356300 1 7 1.000000
skt
  7 1.466325 3.475886 42.343842 -0.314261 0.907852 0.277570 0.070160 0.368650 2 7 0.800000 87 0.200000
  7 1.496093 3.658902 41.787445 -0.264989 0.920598 0.286845 0.063730 0.368410 2 7 0.800000 87 0.200000
  7 0.381098 3.163510 42.189491 -0.294244 0.888765 0.351451 0.070670 0.356300 1 7 1.000000
skt
  7 1.496093 3.658902 41.787445 -0.264989 0.920598 0.286845 0.063730 0.368410 2 7 0.800000 87 0.200000
  7 1.466325 3.475886 42.343842 -0.314261 0.907852 0.277570 0.070160 0.368650 2 7 0.800000 87 0.200000
  7 2.596755 3.847429 42.462177 -0.335084 0.915836 0.221277 0.069130 0.382020 2 7 0.600000 87 0.400000
skt
  7 2.668050 4.024932 41.740776 -0.304578 0.933971 0.186895 0.060630 0.381810 2 7 0.600000 87 0.400000
  7 1.496093 3.658902 41.787445 -0.264989 0.920598 0.286845 0.063730 0.368410 2 7 0.800000 87 0.200000
  7 2.596755 3.847429 42.462177 -0.335084 0.915836 0.221277 0.069130 0.382020 2 7 0.600000 87 0.400000
skt
  87 3.953198 4.486145 41.670944 -0.415915 0.907304 0.061758 0.056200 0.397230 2 87 0.600000 7 0.400000
  7 2.668050 4.024932 41.740776 -0.304578 0.933971 0.186895 0.060630 0.381810 2 7 0.600000 87 0.400000
  7 2.596755 3.847429 42.462177 -0.335084 0.915836 0.221277 0.069130 0.382020 2 7 0.600000 87 0.400000
skt
  7 2.668050 4.024932 41.740776 -0.304578 0.933971 0.186895 0.060630 0.381810 2 7 0.600000 87 0.400000
  87 3.953198 4.486145 41.670944 -0.415915 0.907304 0.061758 0.056200 0.397230 2 87 0.600000 7 0.400000
  7 2.722808 4.147676 41.177765 -0.268482 0.947058 0.176061 0.054150 0.381490 2 7 0.600000 87 0.400000
skt
  87 3.953198 4.486145 41.670944 -0.415915 0.907304 0.061758 0.056200 0.397230 2 87 0.600000 7 0.400000
  87 4.083661 4.555970 41.046196 -0.384288 0.922472 0.036989 0.048310 0.396510 2 87 0.600000 7 0.400000
  7 2.722808 4.147676 41.177765 -0.268482 0.947058 0.176061 0.054150 0.381490 2 7 0.600000 87 0.400000
skt
  87 4.083661 4.555970 41.046196 -0.384288 0.922472 0.036989 0.048310 0.396510 2 87 0.600000 7 0.400000
  87 4.129965 4.589780 40.785645 -0.383457 0.920723 -0.072316 0.045190 0.396120 2 87 0.600000 7 0.400000
  7 2.722808 4.147676 41.177765 -0.268482 0.947058 0.176061 0.054150 0.381490 2 7 0.600000 87 0.400000
skt
  87 4.129965 4.589780 40.785645 -0.383457 0.920723 -0.072316 0.045190 0.396120 2 87 0.600000 7 0.400000
  87 4.083661 4.555970 41.046196 -0.384288 0.922472 0.036989 0.048310 0.396510 2 87 0.600000 7 0.400000
  87 5.097960 5.113835 40.974899 -0.789740 0.601257 -0.121660 0.041970 0.410130 2 87 0.800000 7 0.200000
skt
  87 5.163009 5.145441 40.705524 -0.772078 0.593302 -0.227789 0.038250 0.409740 2 87 0.800000 7 0.200000
  87 4.129965 4.589780 40.785645 -0.383457 0.920723 -0.072316 0.045190 0.396120 2 87 0.600000 7 0.400000
  87 5.097960 5.113835 40.974899 -0.789740 0.601257 -0.121660 0.041970 0.410130 2 87 0.800000 7 0.200000
skt
  87 5.325443 5.981134 40.709187 -0.898842 -0.201916 -0.388989 0.035490 0.420920 1 87 1.000000
  87 5.163009 5.145441 40.705524 -0.772078 0.593302 -0.227789 0.038250 0.409740 2 87 0.800000 7 0.200000
  87 5.097960 5.113835 40.974899 -0.789740 0.601257 -0.121660 0.041970 0.410130 2 87 0.800000 7 0.200000
skt
  87 5.163009 5.145441 40.705524 -0.772078 0.593302 -0.227789 0.038250 0.409740 2 87 0.800000 7 0.200000
  87 5.325443 5.981134 40.709187 -0.898842 -0.201916 -0.388989 0.035490 0.420920 1 87 1.000000
  87 5.192775 5.150218 40.645252 -0.483519 0.315855 -0.816361 0.037340 0.409740 2 87 0.800000 7 0.200000
skt
  87 5.325443 5.981134 40.709187 -0.898842 -0.201916 -0.388989 0.035490 0.420920 1 87 1.000000
  87 5.351902 6.005023 40.653328 -0.407335 -0.086524 -0.909171 0.034680 0.421020 1 87 1.000000
  87 5.192775 5.150218 40.645252 -0.483519 0.315855 -0.816361 0.037340 0.409740 2 87 0.800000 7 0.200000
skt
  87 5.351902 6.005023 40.653328 -0.407335 -0.086524 -0.909171 0.034680 0.421020 1 87 1.000000
  87 5.414742 6.032218 40.649288 -0.077371 0.029695 -0.996560 0.033940 0.421110 1 87 1.000000
  87 5.192775 5.150218 40.645252 -0.483519 0.315855 -0.816361 0.037340 0.409740 2 87 0.800000 7 0.200000
skt
  87 5.414742 6.032218 40.649288 -0.077371 0.029695 -0.996560 0.033940 0.421110 1 87 1.000000
  87 5.351902 6.005023 40.653328 -0.407335 -0.086524 -0.909171 0.034680 0.421020 1 87 1.000000
  87 4.826010 6.614336 40.708824 -0.159054 -0.172955 -0.972002 0.035210 0.431440 2 87 0.800000 7 0.200000
skt
  87 4.859085 6.680490 40.717655 -0.032831 0.148181 -0.988415 0.034360 0.431540 2 87 0.800000 7 0.200000
  87 5.414742 6.032218 40.649288 -0.077371 0.029695 -0.996560 0.033940 0.421110 1 87 1.000000
  87 4.826010 6.614336 40.708824 -0.159054 -0.172955 -0.972002 0.035210 0.431440 2 87 0.800000 7 0.200000
skt
  87 3.813915 6.502617 40.789314 -0.160629 0.268082 -0.949911 0.040550 0.443080 2 87 0.600000 7 0.400000
  87 4.859085 6.680490 40.717655 -0.032831 0.148181 -0.988415 0.034360 0.431540 2 87 0.800000 7 0.200000
  87 4.826010 6.614336 40.708824 -0.159054 -0.172955 -0.972002 0.035210 0.431440 2 87 0.800000 7 0.200000
skt
  87 3.813548 6.442716 40.772411 -0.015574 -0.253201 -0.967288 0.041320 0.442940 2 87 0.600000 7 0.400000
  87 3.813915 6.502617 40.789314 -0.160629 0.268082 -0.949911 0.040550 0.443080 2 87 0.600000 7 0.400000
  87 4.826010 6.614336 40.708824 -0.159054 -0.172955 -0.972002 0.035210 0.431440 2 87 0.800000 7 0.200000
skt
  87 3.813915 6.502617 40.789314 -0.160629 0.268082 -0.949911 0.040550 0.443080 2 87 0.600000 7 0.400000
  87 3.813548 6.442716 40.772411 -0.015574 -0.253201 -0.967288 0.041320 0.442940 2 87 0.600000 7 0.400000
  7 2.606678 5.783420 40.899933 -0.004638 -0.236850 -0.971535 0.048370 0.455870 2 7 0.600000 87 0.400000
skt
  87 5.351902 6.005023 40.653328 -0.407335 -0.086524 -0.909171 0.034680 0.421020 1 87 1.000000
  87 5.325443 5.981134 40.709187 -0.898842 -0.201916 -0.388989 0.035490 0.420920 1 87 1.000000
  87 4.826010 6.614336 40.708824 -0.159054 -0.172955 -0.972002 0.035210 0.431440 2 87 0.800000 7 0.200000
skt
  87 4.083661 4.555970 41.046196 -0.384288 0.922472 0.036989 0.048310 0.396510 2 87 0.600000 7 0.400000
  87 3.953198 4.486145 41.670944 -0.415915 0.907304 0.061758 0.056200 0.397230 2 87 0.600000 7 0.400000
  87 5.097960 5.113835 40.974899 -0.789740 0.601257 -0.121660 0.041970 0.410130 2 87 0.800000 7 0.200000
skt
  87 5.270318 5.911680 40.982246 -0.939435 -0.225564 -0.258037 0.039350 0.420770 1 87 1.000000
  87 5.325443 5.981134 40.709187 -0.898842 -0.201916 -0.388989 0.035490 0.420920 1 87 1.000000
  87 5.097960 5.113835 40.974899 -0.789740 0.601257 -0.121660 0.041970 0.410130 2 87 0.800000 7 0.200000
skt
  7 1.465223 4.964629 41.174088 -0.442582 0.265452 -0.856537 0.054700 0.469420 2 7 0.800000 87 0.200000
  7 2.582055 5.822373 40.922348 -0.342195 0.296762 -0.891535 0.047700 0.456270 2 7 0.600000 87 0.400000
  7 2.606678 5.783420 40.899933 -0.004638 -0.236850 -0.971535 0.048370 0.455870 2 7 0.600000 87 0.400000
skt
  7 2.582055 5.822373 40.922348 -0.342195 0.296762 -0.891535 0.047700 0.456270 2 7 0.600000 87 0.400000
  87 3.813915 6.502617 40.789314 -0.160629 0.268082 -0.949911 0.040550 0.443080 2 87 0.600000 7 0.400000
  7 2.606678 5.783420 40.899933 -0.004638 -0.236850 -0.971535 0.048370 0.455870 2 7 0.600000 87 0.400000
skt
  87 3.811343 6.404861 40.819817 0.252953 -0.825502 -0.504541 0.042080 0.442790 2 87 0.600000 7 0.400000
  87 3.813548 6.442716 40.772411 -0.015574 -0.253201 -0.967288 0.041320 0.442940 2 87 0.600000 7 0.400000
  87 4.826010 6.614336 40.708824 -0.159054 -0.172955 -0.972002 0.035210 0.431440 2 87 0.800000 7 0.200000
skt
  87 4.810575 6.575016 40.759918 -0.309434 -0.781458 -0.541824 0.036020 0.431290 2 87 0.800000 7 0.200000
  87 3.811343 6.404861 40.819817 0.252953 -0.825502 -0.504541 0.042080 0.442790 2 87 0.600000 7 0.400000
  87 4.826010 6.614336 40.708824 -0.159054 -0.172955 -0.972002 0.035210 0.431440 2 87 0.800000 7 0.200000
skt
  87 5.325443 5.981134 40.709187 -0.898842 -0.201916 -0.388989 0.035490 0.420920 1 87 1.000000
  87 4.810575 6.575016 40.759918 -0.309434 -0.781458 -0.541824 0.036020 0.431290 2 87 0.800000 7 0.200000
  87 4.826010 6.614336 40.708824 -0.159054 -0.172955 -0.972002 0.035210 0.431440 2 87 0.800000 7 0.200000
skt
  87 4.810575 6.575016 40.759918 -0.309434 -0.781458 -0.541824 0.036020 0.431290 2 87 0.800000 7 0.200000
  87 5.325443 5.981134 40.709187 -0.898842 -0.201916 -0.388989 0.035490 0.420920 1 87 1.000000
  87 4.777500 6.463296 41.030399 -0.317432 -0.858134 -0.403538 0.039820 0.430490 2 87 0.800000 7 0.200000
skt
  87 5.325443 5.981134 40.709187 -0.898842 -0.201916 -0.388989 0.035490 0.420920 1 87 1.000000
  87 5.270318 5.911680 40.982246 -0.939435 -0.225564 -0.258037 0.039350 0.420770 1 87 1.000000
  87 4.777500 6.463296 41.030399 -0.317432 -0.858134 -0.403538 0.039820 0.430490 2 87 0.800000 7 0.200000
skt
  87 5.270318 5.911680 40.982246 -0.939435 -0.225564 -0.258037 0.039350 0.420770 1 87 1.000000
  87 5.120378 5.747405 41.636761 -0.935133 -0.216876 -0.280163 0.048830 0.420540 1 87 1.000000
  87 4.777500 6.463296 41.030399 -0.317432 -0.858134 -0.403538 0.039820 0.430490 2 87 0.800000 7 0.200000
skt
  87 5.120378 5.747405 41.636761 -0.935133 -0.216876 -0.280163 0.048830 0.420540 1 87 1.000000
  87 5.270318 5.911680 40.982246 -0.939435 -0.225564 -0.258037 0.039350 0.420770 1 87 1.000000
  87 5.097960 5.113835 40.974899 -0.789740 0.601257 -0.121660 0.041970 0.410130 2 87 0.800000 7 0.200000
skt
  87 4.915681 5.055403 41.621338 -0.781343 0.613881 -0.112486 0.051050 0.410810 2 87 0.800000 7 0.200000
  87 5.120378 5.747405 41.636761 -0.935133 -0.216876 -0.280163 0.048830 0.420540 1 87 1.000000
  87 5.097960 5.113835 40.974899 -0.789740 0.601257 -0.121660 0.041970 0.410130 2 87 0.800000 7 0.200000
skt
  87 3.953198 4.486145 41.670944 -0.415915 0.907304 0.061758 0.056200 0.397230 2 87 0.600000 7 0.400000
  87 4.915681 5.055403 41.621338 -0.781343 0.613881 -0.112486 0.051050 0.410810 2 87 0.800000 7 0.200000
  87 5.097960 5.113835 40.974899 -0.789740 0.601257 -0.121660 0.041970 0.410130 2 87 0.800000 7 0.200000
skt
  87 4.915681 5.055403 41.621338 -0.781343 0.613881 -0.112486 0.051050 0.410810 2 87 0.800000 7 0.200000
  87 3.953198 4.486145 41.670944 -0.415915 0.907304 0.061758 0.056200 0.397230 2 87 0.600000 7 0.400000
  87 4.735602 4.907300 42.525745 -0.782825 0.620836 0.041806 0.064170 0.411250 2 87 0.800000 7 0.200000
skt
  87 3.953198 4.486145 41.670944 -0.415915 0.907304 0.061758 0.056200 0.397230 2 87 0.600000 7 0.400000
  87 3.817591 4.337307 42.507374 -0.448980 0.879220 0.159337 0.066820 0.397230 2 87 0.600000 7 0.400000
  87 4.735602 4.907300 42.525745 -0.782825 0.620836 0.041806 0.064170 0.411250 2 87 0.800000 7 0.200000
skt
  87 3.817591 4.337307 42.507374 -0.448980 0.879220 0.159337 0.066820 0.397230 2 87 0.600000 7 0.400000
  87 3.755850 4.066827 43.404076 -0.443043 0.859276 0.255653 0.078380 0.396880 2 87 0.600000 7 0.400000
  87 4.735602 4.907300 42.525745 -0.782825 0.620836 0.041806 0.064170 0.411250 2 87 0.800000 7 0.200000
skt
  87 3.755850 4.066827 43.404076 -0.443043 0.859276 0.255653 0.078380 0.396880 2 87 0.600000 7 0.400000
  87 3.817591 4.337307 42.507374 -0.448980 0.879220 0.159337 0.066820 0.397230 2 87 0.600000 7 0.400000
  7 2.596755 3.847429 42.462177 -0.335084 0.915836 0.221277 0.069130 0.382020 2 7 0.600000 87 0.400000
skt
  87 3.817591 4.337307 42.507374 -0.448980 0.879220 0.159337 0.066820 0.397230 2 87 0.600000 7 0.400000
  87 3.953198 4.486145 41.670944 -0.415915 0.907304 0.061758 0.056200 0.397230 2 87 0.600000 7 0.400000
  7 2.596755 3.847429 42.462177 -0.335084 0.915836 0.221277 0.069130 0.382020 2 7 0.600000 87 0.400000
skt
  87 3.796643 6.282854 41.082581 0.283272 -0.871501 -0.400303 0.045290 0.442080 2 87 0.600000 7 0.400000
  87 3.811343 6.404861 40.819817 0.252953 -0.825502 -0.504541 0.042080 0.442790 2 87 0.600000 7 0.400000
  87 4.777500 6.463296 41.030399 -0.317432 -0.858134 -0.403538 0.039820 0.430490 2 87 0.800000 7 0.200000
skt
  87 3.811343 6.404861 40.819817 0.252953 -0.825502 -0.504541 0.042080 0.442790 2 87 0.600000 7 0.400000
  87 4.810575 6.575016 40.759918 -0.309434 -0.781458 -0.541824 0.036020 0.431290 2 87 0.800000 7 0.200000
  87 4.777500 6.463296 41.030399 -0.317432 -0.858134 -0.403538 0.039820 0.430490 2 87 0.800000 7 0.200000
skt
  87 4.957575 5.520288 42.563225 -0.957738 -0.223091 -0.181571 0.062520 0.420230 1 87 1.000000
  87 5.120378 5.747405 41.636761 -0.935133 -0.216876 -0.280163 0.048830 0.420540 1 87 1.000000
  87 4.735602 4.907300 42.525745 -0.782825 0.620836 0.041806 0.064170 0.411250 2 87 0.800000 7 0.200000
skt
  87 5.120378 5.747405 41.636761 -0.935133 -0.216876 -0.280163 0.048830 0.420540 1 87 1.000000
  87 4.915681 5.055403 41.621338 -0.781343 0.613881 -0.112486 0.051050 0.410810 2 87 0.800000 7 0.200000
  87 4.735602 4.907300 42.525745 -0.782825 0.620836 0.041806 0.064170 0.411250 2 87 0.800000 7 0.200000
skt
  87 3.813548 6.442716 40.772411 -0.015574 -0.253201 -0.967288 0.041320 0.442940 2 87 0.600000 7 0.400000
  87 3.811343 6.404861 40.819817 0.252953 -0.825502 -0.504541 0.042080 0.442790 2 87 0.600000 7 0.400000
  7 2.606678 5.783420 40.899933 -0.004638 -0.236850 -0.971535 0.048370 0.455870 2 7 0.600000 87 0.400000
skt
  87 3.811343 6.404861 40.819817 0.252953 -0.825502 -0.504541 0.042080 0.442790 2 87 0.600000 7 0.400000
  7 2.615865 5.752915 40.941093 0.415572 -0.760175 -0.499433 0.049160 0.455690 2 7 0.600000 87 0.400000
  7 2.606678 5.783420 40.899933 -0.004638 -0.236850 -0.971535 0.048370 0.455870 2 7 0.600000 87 0.400000
skt
  7 2.615865 5.752915 40.941093 0.415572 -0.760175 -0.499433 0.049160 0.455690 2 7 0.600000 87 0.400000
  87 3.811343 6.404861 40.819817 0.252953 -0.825502 -0.504541 0.042080 0.442790 2 87 0.600000 7 0.400000
  7 2.612557 5.640463 41.179600 0.470319 -0.797156 -0.378606 0.051970 0.455340 2 7 0.600000 87 0.400000
skt
  87 3.811343 6.404861 40.819817 0.252953 -0.825502 -0.504541 0.042080 0.442790 2 87 0.600000 7 0.400000
  87 3.796643 6.282854 41.082581 0.283272 -0.871501 -0.400303 0.045290 0.442080 2 87 0.600000 7 0.400000
  7 2.612557 5.640463 41.179600 0.470319 -0.797156 -0.378606 0.051970 0.455340 2 7 0.600000 87 0.400000
skt
  87 3.796643 6.282854 41.082581 0.283272 -0.871501 -0.400303 0.045290 0.442080 2 87 0.600000 7 0.400000
  87 3.756585 5.971581 41.712471 0.316483 -0.877526 -0.360259 0.053660 0.440460 2 87 0.600000 7 0.400000
  7 2.612557 5.640463 41.179600 0.470319 -0.797156 -0.378606 0.051970 0.455340 2 7 0.600000 87 0.400000
skt
  87 3.756585 5.971581 41.712471 0.316483 -0.877526 -0.360259 0.053660 0.440460 2 87 0.600000 7 0.400000
  87 3.796643 6.282854 41.082581 0.283272 -0.871501 -0.400303 0.045290 0.442080 2 87 0.600000 7 0.400000
  87 4.777500 6.463296 41.030399 -0.317432 -0.858134 -0.403538 0.039820 0.430490 2 87 0.800000 7 0.200000
skt
  87 4.691873 6.179955 41.679771 -0.279627 -0.879579 -0.384901 0.049190 0.428900 2 87 0.800000 7 0.200000
  87 3.756585 5.971581 41.712471 0.316483 -0.877526 -0.360259 0.053660 0.440460 2 87 0.600000 7 0.400000
  87 4.777500 6.463296 41.030399 -0.317432 -0.858134 -0.403538 0.039820 0.430490 2 87 0.800000 7 0.200000
skt
  87 5.120378 5.747405 41.636761 -0.935133 -0.216876 -0.280163 0.048830 0.420540 1 87 1.000000
  87 4.691873 6.179955 41.679771 -0.279627 -0.879579 -0.384901 0.049190 0.428900 2 87 0.800000 7 0.200000
  87 4.777500 6.463296 41.030399 -0.317432 -0.858134 -0.403538 0.039820 0.430490 2 87 0.800000 7 0.200000
skt
  87 4.691873 6.179955 41.679771 -0.279627 -0.879579 -0.384901 0.049190 0.428900 2 87 0.800000 7 0.200000
  87 5.120378 5.747405 41.636761 -0.935133 -0.216876 -0.280163 0.048830 0.420540 1 87 1.000000
  87 4.575743 5.866108 42.583817 -0.244669 -0.925219 -0.290013 0.062570 0.427450 2 87 0.800000 7 0.200000
skt
  87 5.120378 5.747405 41.636761 -0.935133 -0.216876 -0.280163 0.048830 0.420540 1 87 1.000000
  87 4.957575 5.520288 42.563225 -0.957738 -0.223091 -0.181571 0.062520 0.420230 1 87 1.000000
  87 4.575743 5.866108 42.583817 -0.244669 -0.925219 -0.290013 0.062570 0.427450 2 87 0.800000 7 0.200000
skt
  87 4.957575 5.520288 42.563225 -0.957738 -0.223091 -0.181571 0.062520 0.420230 1 87 1.000000
  87 4.864598 5.262303 43.651028 -0.960748 -0.258424 -0.100896 0.078310 0.419620 1 87 1.000000
  87 4.575743 5.866108 42.583817 -0.244669 -0.925219 -0.290013 0.062570 0.427450 2 87 0.800000 7 0.200000
skt
  87 4.864598 5.262303 43.651028 -0.960748 -0.258424 -0.100896 0.078310 0.419620 1 87 1.000000
  87 4.957575 5.520288 42.563225 -0.957738 -0.223091 -0.181571 0.062520 0.420230 1 87 1.000000
  87 4.735602 4.907300 42.525745 -0.782825 0.620836 0.041806 0.064170 0.411250 2 87 0.800000 7 0.200000
skt
  87 4.676070 4.607050 43.568352 -0.796520 0.583303 0.159101 0.079060 0.410420 2 87 0.800000 7 0.200000
  87 4.864598 5.262303 43.651028 -0.960748 -0.258424 -0.100896 0.078310 0.419620 1 87 1.000000
  87 4.735602 4.907300 42.525745 -0.782825 0.620836 0.041806 0.064170 0.411250 2 87 0.800000 7 0.200000
skt
  87 3.755850 4.066827 43.404076 -0.443043 0.859276 0.255653 0.078380 0.396880 2 87 0.600000 7 0.400000
  87 4.676070 4.607050 43.568352 -0.796520 0.583303 0.159101 0.079060 0.410420 2 87 0.800000 7 0.200000
  87 4.735602 4.907300 42.525745 -0.782825 0.620836 0.041806 0.064170 0.411250 2 87 0.800000 7 0.200000
skt
  87 4.676070 4.607050 43.568352 -0.796520 0.583303 0.159101 0.079060 0.410420 2 87 0.800000 7 0.200000
  87 3.755850 4.066827 43.404076 -0.443043 0.859276 0.255653 0.078380 0.396880 2 87 0.600000 7 0.400000
  87 4.673498 4.319665 44.427200 -0.820026 0.552180 0.150511 0.090860 0.409150 2 87 0.800000 7 0.200000
skt
  87 3.755850 4.066827 43.404076 -0.443043 0.859276 0.255653 0.078380 0.396880 2 87 0.600000 7 0.400000
  87 3.734169 3.813253 44.120705 -0.437550 0.856234 0.274616 0.087340 0.395830 2 87 0.600000 7 0.400000
  87 4.673498 4.319665 44.427200 -0.820026 0.552180 0.150511 0.090860 0.409150 2 87 0.800000 7 0.200000
skt
  87 3.734169 3.813253 44.120705 -0.437550 0.856234 0.274616 0.087340 0.395830 2 87 0.600000 7 0.400000
  87 3.719100 3.715865 44.415806 -0.456234 0.806411 0.376233 0.090800 0.395310 2 87 0.600000 7 0.400000
  87 4.673498 4.319665 44.427200 -0.820026 0.552180 0.150511 0.090860 0.409150 2 87 0.800000 7 0.200000
skt
  87 3.719100 3.715865 44.415806 -0.456234 0.806411 0.376233 0.090800 0.395310 2 87 0.600000 7 0.400000
  87 3.734169 3.813253 44.120705 -0.437550 0.856234 0.274616 0.087340 0.395830 2 87 0.600000 7 0.400000
  7 2.473275 3.451632 43.717556 -0.345817 0.900665 0.263083 0.083810 0.381420 2 7 0.600000 87 0.400000
skt
  87 4.817924 5.053200 44.552872 -0.952763 -0.279501 -0.118836 0.090930 0.418930 1 87 1.000000
  87 4.864598 5.262303 43.651028 -0.960748 -0.258424 -0.100896 0.078310 0.419620 1 87 1.000000
  87 4.673498 4.319665 44.427200 -0.820026 0.552180 0.150511 0.090860 0.409150 2 87 0.800000 7 0.200000
skt
  87 4.864598 5.262303 43.651028 -0.960748 -0.258424 -0.100896 0.078310 0.419620 1 87 1.000000
  87 4.676070 4.607050 43.568352 -0.796520 0.583303 0.159101 0.079060 0.410420 2 87 0.800000 7 0.200000
  87 4.673498 4.319665 44.427200 -0.820026 0.552180 0.150511 0.090860 0.409150 2 87 0.800000 7 0.200000
skt
  87 3.682718 5.635318 42.550743 0.363146 -0.900531 -0.239099 0.064910 0.439690 2 87 0.600000 7 0.400000
  87 3.756585 5.971581 41.712471 0.316483 -0.877526 -0.360259 0.053660 0.440460 2 87 0.600000 7 0.400000
  87 4.575743 5.866108 42.583817 -0.244669 -0.925219 -0.290013 0.062570 0.427450 2 87 0.800000 7 0.200000
skt
  87 3.756585 5.971581 41.712471 0.316483 -0.877526 -0.360259 0.053660 0.440460 2 87 0.600000 7 0.400000
  87 4.691873 6.179955 41.679771 -0.279627 -0.879579 -0.384901 0.049190 0.428900 2 87 0.800000 7 0.200000
  87 4.575743 5.866108 42.583817 -0.244669 -0.925219 -0.290013 0.062570 0.427450 2 87 0.800000 7 0.200000
skt
  87 3.734169 3.813253 44.120705 -0.437550 0.856234 0.274616 0.087340 0.395830 2 87 0.600000 7 0.400000
  87 3.755850 4.066827 43.404076 -0.443043 0.859276 0.255653 0.078380 0.396880 2 87 0.600000 7 0.400000
  7 2.473275 3.451632 43.717556 -0.345817 0.900665 0.263083 0.083810 0.381420 2 7 0.600000 87 0.400000
skt
  87 3.755850 4.066827 43.404076 -0.443043 0.859276 0.255653 0.078380 0.396880 2 87 0.600000 7 0.400000
  7 2.527297 3.632073 43.172554 -0.352284 0.901485 0.251437 0.077510 0.381760 2 7 0.600000 87 0.400000
  7 2.473275 3.451632 43.717556 -0.345817 0.900665 0.263083 0.083810 0.381420 2 7 0.600000 87 0.400000
skt
  7 2.527297 3.632073 43.172554 -0.352284 0.901485 0.251437 0.077510 0.381760 2 7 0.600000 87 0.400000
  87 3.755850 4.066827 43.404076 -0.443043 0.859276 0.255653 0.078380 0.396880 2 87 0.600000 7 0.400000
  7 2.596755 3.847429 42.462177 -0.335084 0.915836 0.221277 0.069130 0.382020 2 7 0.600000 87 0.400000
skt
  7 1.413773 3.293973 42.887375 -0.331544 0.903123 0.272851 0.076410 0.368560 2 7 0.800000 87 0.200000
  7 2.527297 3.632073 43.172554 -0.352284 0.901485 0.251437 0.077510 0.381760 2 7 0.600000 87 0.400000
  7 2.596755 3.847429 42.462177 -0.335084 0.915836 0.221277 0.069130 0.382020 2 7 0.600000 87 0.400000
skt
  7 1.466325 3.475886 42.343842 -0.314261 0.907852 0.277570 0.070160 0.368650 2 7 0.800000 87 0.200000
  7 1.413773 3.293973 42.887375 -0.331544 0.903123 0.272851 0.076410 0.368560 2 7 0.800000 87 0.200000
  7 2.596755 3.847429 42.462177 -0.335084 0.915836 0.221277 0.069130 0.382020 2 7 0.600000 87 0.400000
skt
  7 2.527297 3.632073 43.172554 -0.352284 0.901485 0.251437 0.077510 0.381760 2 7 0.600000 87 0.400000
  7 1.413773 3.293973 42.887375 -0.331544 0.903123 0.272851 0.076410 0.368560 2 7 0.800000 87 0.200000
  7 2.473275 3.451632 43.717556 -0.345817 0.900665 0.263083 0.083810 0.381420 2 7 0.600000 87 0.400000
skt
  7 1.413773 3.293973 42.887375 -0.331544 0.903123 0.272851 0.076410 0.368560 2 7 0.800000 87 0.200000
  7 1.364528 3.152854 43.302654 -0.342936 0.900062 0.268854 0.081190 0.368340 2 7 0.800000 87 0.200000
  7 2.473275 3.451632 43.717556 -0.345817 0.900665 0.263083 0.083810 0.381420 2 7 0.600000 87 0.400000
skt
  87 3.719100 3.715865 44.415806 -0.456234 0.806411 0.376233 0.090800 0.395310 2 87 0.600000 7 0.400000
  87 3.730124 3.685362 44.473503 -0.452208 0.268868 0.850422 0.091590 0.395280 2 87 0.600000 7 0.400000
  87 4.680113 4.186632 44.853493 -0.606665 0.118449 0.786084 0.096470 0.408400 2 87 0.800000 7 0.200000
skt
  87 4.664310 4.210520 44.779636 -0.817016 0.519245 0.250737 0.095500 0.408460 2 87 0.800000 7 0.200000
  87 3.719100 3.715865 44.415806 -0.456234 0.806411 0.376233 0.090800 0.395310 2 87 0.600000 7 0.400000
  87 4.680113 4.186632 44.853493 -0.606665 0.118449 0.786084 0.096470 0.408400 2 87 0.800000 7 0.200000
skt
  87 3.719100 3.715865 44.415806 -0.456234 0.806411 0.376233 0.090800 0.395310 2 87 0.600000 7 0.400000
  87 4.664310 4.210520 44.779636 -0.817016 0.519245 0.250737 0.095500 0.408460 2 87 0.800000 7 0.200000
  87 4.673498 4.319665 44.427200 -0.820026 0.552180 0.150511 0.090860 0.409150 2 87 0.800000 7 0.200000
skt
  87 4.664310 4.210520 44.779636 -0.817016 0.519245 0.250737 0.095500 0.408460 2 87 0.800000 7 0.200000
  87 4.794038 4.970879 44.922943 -0.959956 -0.279947 0.010721 0.095990 0.418590 1 87 1.000000
  87 4.673498 4.319665 44.427200 -0.820026 0.552180 0.150511 0.090860 0.409150 2 87 0.800000 7 0.200000
skt
  87 4.794038 4.970879 44.922943 -0.959956 -0.279947 0.010721 0.095990 0.418590 1 87 1.000000
  87 4.817924 5.053200 44.552872 -0.952763 -0.279501 -0.118836 0.090930 0.418930 1 87 1.000000
  87 4.673498 4.319665 44.427200 -0.820026 0.552180 0.150511 0.090860 0.409150 2 87 0.800000 7 0.200000
skt
  87 4.817924 5.053200 44.552872 -0.952763 -0.279501 -0.118836 0.090930 0.418930 1 87 1.000000
  87 4.794038 4.970879 44.922943 -0.959956 -0.279947 0.010721 0.095990 0.418590 1 87 1.000000
  87 4.351200 5.547854 44.468353 -0.251695 -0.953504 -0.165771 0.089320 0.427930 2 87 0.800000 7 0.200000
skt
  87 4.864598 5.262303 43.651028 -0.960748 -0.258424 -0.100896 0.078310 0.419620 1 87 1.000000
  87 4.817924 5.053200 44.552872 -0.952763 -0.279501 -0.118836 0.090930 0.418930 1 87 1.000000
  87 4.351200 5.547854 44.468353 -0.251695 -0.953504 -0.165771 0.089320 0.427930 2 87 0.800000 7 0.200000
skt
  87 4.451161 5.662881 43.618694 -0.234710 -0.954038 -0.186338 0.077450 0.427430 2 87 0.800000 7 0.200000
  87 4.864598 5.262303 43.651028 -0.960748 -0.258424 -0.100896 0.078310 0.419620 1 87 1.000000
  87 4.351200 5.547854 44.468353 -0.251695 -0.953504 -0.165771 0.089320 0.427930 2 87 0.800000 7 0.200000
skt
  87 4.864598 5.262303 43.651028 -0.960748 -0.258424 -0.100896 0.078310 0.419620 1 87 1.000000
  87 4.451161 5.662881 43.618694 -0.234710 -0.954038 -0.186338 0.077450 0.427430 2 87 0.800000 7 0.200000
  87 4.575743 5.866108 42.583817 -0.244669 -0.925219 -0.290013 0.062570 0.427450 2 87 0.800000 7 0.200000
skt
  87 4.451161 5.662881 43.618694 -0.234710 -0.954038 -0.186338 0.077450 0.427430 2 87 0.800000 7 0.200000
  87 3.564750 5.438705 43.438622 0.385443 -0.915107 -0.118379 0.076680 0.439480 2 87 0.600000 7 0.400000
  87 4.575743 5.866108 42.583817 -0.244669 -0.925219 -0.290013 0.062570 0.427450 2 87 0.800000 7 0.200000
skt
  87 3.564750 5.438705 43.438622 0.385443 -0.915107 -0.118379 0.076680 0.439480 2 87 0.600000 7 0.400000
  87 3.682718 5.635318 42.550743 0.363146 -0.900531 -0.239099 0.064910 0.439690 2 87 0.600000 7 0.400000
  87 4.575743 5.866108 42.583817 -0.244669 -0.925219 -0.290013 0.062570 0.427450 2 87 0.800000 7 0.200000
skt
  87 3.682718 5.635318 42.550743 0.363146 -0.900531 -0.239099 0.064910 0.439690 2 87 0.600000 7 0.400000
  87 3.564750 5.438705 43.438622 0.385443 -0.915107 -0.118379 0.076680 0.439480 2 87 0.600000 7 0.400000
  7 2.560372 5.038865 42.473934 0.526856 -0.812501 -0.249530 0.067990 0.454580 2 7 0.600000 87 0.400000
skt
  87 3.756585 5.971581 41.712471 0.316483 -0.877526 -0.360259 0.053660 0.440460 2 87 0.600000 7 0.400000
  87 3.682718 5.635318 42.550743 0.363146 -0.900531 -0.239099 0.064910 0.439690 2 87 0.600000 7 0.400000
  7 2.560372 5.038865 42.473934 0.526856 -0.812501 -0.249530 0.067990 0.454580 2 7 0.600000 87 0.400000
skt
  7 2.600798 5.356017 41.749596 0.484299 -0.799142 -0.356127 0.058880 0.454920 2 7 0.600000 87 0.400000
  87 3.756585 5.971581 41.712471 0.316483 -0.877526 -0.360259 0.053660 0.440460 2 87 0.600000 7 0.400000
  7 2.560372 5.038865 42.473934 0.526856 -0.812501 -0.249530 0.067990 0.454580 2 7 0.600000 87 0.400000
skt
  87 3.756585 5.971581 41.712471 0.316483 -0.877526 -0.360259 0.053660 0.440460 2 87 0.600000 7 0.400000
  7 2.600798 5.356017 41.749596 0.484299 -0.799142 -0.356127 0.058880 0.454920 2 7 0.600000 87 0.400000
  7 2.612557 5.640463 41.179600 0.470319 -0.797156 -0.378606 0.051970 0.455340 2 7 0.600000 87 0.400000
skt
  7 2.600798 5.356017 41.749596 0.484299 -0.799142 -0.356127 0.058880 0.454920 2 7 0.600000 87 0.400000
  7 1.510793 4.566996 41.806190 0.557337 -0.740637 -0.375277 0.063750 0.468750 2 7 0.800000 87 0.200000
  7 2.612557 5.640463 41.179600 0.470319 -0.797156 -0.378606 0.051970 0.455340 2 7 0.600000 87 0.400000
skt
  87 4.804327 4.964631 45.003792 -0.733184 -0.225342 0.641609 0.096970 0.418570 1 87 1.000000
  87 4.794038 4.970879 44.922943 -0.959956 -0.279947 0.010721 0.095990 0.418590 1 87 1.000000
  87 4.680113 4.186632 44.853493 -0.606665 0.118449 0.786084 0.096470 0.408400 2 87 0.800000 7 0.200000
skt
  87 4.794038 4.970879 44.922943 -0.959956 -0.279947 0.010721 0.095990 0.418590 1 87 1.000000
  87 4.664310 4.210520 44.779636 -0.817016 0.519245 0.250737 0.095500 0.408460 2 87 0.800000 7 0.200000
  87 4.680113 4.186632 44.853493 -0.606665 0.118449 0.786084 0.096470 0.408400 2 87 0.800000 7 0.200000
skt
  87 3.456706 5.340215 44.143856 0.393541 -0.916611 -0.070355 0.085710 0.440090 2 87 0.600000 7 0.400000
  87 3.564750 5.438705 43.438622 0.385443 -0.915107 -0.118379 0.076680 0.439480 2 87 0.600000 7 0.400000
  87 4.351200 5.547854 44.468353 -0.251695 -0.953504 -0.165771 0.089320 0.427930 2 87 0.800000 7 0.200000
skt
  87 3.564750 5.438705 43.438622 0.385443 -0.915107 -0.118379 0.076680 0.439480 2 87 0.600000 7 0.400000
  87 4.451161 5.662881 43.618694 -0.234710 -0.954038 -0.186338 0.077450 0.427430 2 87 0.800000 7 0.200000
  87 4.351200 5.547854 44.468353 -0.251695 -0.953504 -0.165771 0.089320 0.427930 2 87 0.800000 7 0.200000
skt
  7 1.491315 4.286591 42.364052 0.593214 -0.746952 -0.300266 0.070420 0.469020 2 7 0.800000 87 0.200000
  7 1.510793 4.566996 41.806190 0.557337 -0.740637 -0.375277 0.063750 0.468750 2 7 0.800000 87 0.200000
  7 2.560372 5.038865 42.473934 0.526856 -0.812501 -0.249530 0.067990 0.454580 2 7 0.600000 87 0.400000
skt
  7 1.510793 4.566996 41.806190 0.557337 -0.740637 -0.375277 0.063750 0.468750 2 7 0.800000 87 0.200000
  7 2.600798 5.356017 41.749596 0.484299 -0.799142 -0.356127 0.058880 0.454920 2 7 0.600000 87 0.400000
  7 2.560372 5.038865 42.473934 0.526856 -0.812501 -0.249530 0.067990 0.454580 2 7 0.600000 87 0.400000
skt
  7 2.615865 5.752915 40.941093 0.415572 -0.760175 -0.499433 0.049160 0.455690 2 7 0.600000 87 0.400000
  7 1.510425 4.902154 41.175560 0.440878 -0.698757 -0.563351 0.056150 0.468810 2 7 0.800000 87 0.200000
  7 2.606678 5.783420 40.899933 -0.004638 -0.236850 -0.971535 0.048370 0.455870 2 7 0.600000 87 0.400000
skt
  7 1.510425 4.902154 41.175560 0.440878 -0.698757 -0.563351 0.056150 0.468810 2 7 0.800000 87 0.200000
  7 2.615865 5.752915 40.941093 0.415572 -0.760175 -0.499433 0.049160 0.455690 2 7 0.600000 87 0.400000
  7 2.612557 5.640463 41.179600 0.470319 -0.797156 -0.378606 0.051970 0.455340 2 7 0.600000 87 0.400000
skt
  7 1.511895 4.806973 41.362247 0.535243 -0.747265 -0.393841 0.058350 0.468760 2 7 0.800000 87 0.200000
  7 1.510425 4.902154 41.175560 0.440878 -0.698757 -0.563351 0.056150 0.468810 2 7 0.800000 87 0.200000
  7 2.612557 5.640463 41.179600 0.470319 -0.797156 -0.378606 0.051970 0.455340 2 7 0.600000 87 0.400000
skt
  7 1.510793 4.566996 41.806190 0.557337 -0.740637 -0.375277 0.063750 0.468750 2 7 0.800000 87 0.200000
  7 1.511895 4.806973 41.362247 0.535243 -0.747265 -0.393841 0.058350 0.468760 2 7 0.800000 87 0.200000
  7 2.612557 5.640463 41.179600 0.470319 -0.797156 -0.378606 0.051970 0.455340 2 7 0.600000 87 0.400000
skt
  7 1.511895 4.806973 41.362247 0.535243 -0.747265 -0.393841 0.058350 0.468760 2 7 0.800000 87 0.200000
  7 1.510793 4.566996 41.806190 0.557337 -0.740637 -0.375277 0.063750 0.468750 2 7 0.800000 87 0.200000
  7 0.452392 3.877563 41.587894 0.543529 -0.711141 -0.445932 0.064800 0.482170 1 7 1.000000
skt
  7 1.510793 4.566996 41.806190 0.557337 -0.740637 -0.375277 0.063750 0.468750 2 7 0.800000 87 0.200000
  7 0.453128 3.691240 41.872341 0.552228 -0.701020 -0.451237 0.068240 0.482450 1 7 1.000000
  7 0.452392 3.877563 41.587894 0.543529 -0.711141 -0.445932 0.064800 0.482170 1 7 1.000000
skt
  7 0.453128 3.691240 41.872341 0.552228 -0.701020 -0.451237 0.068240 0.482450 1 7 1.000000
  7 1.510793 4.566996 41.806190 0.557337 -0.740637 -0.375277 0.063750 0.468750 2 7 0.800000 87 0.200000
  7 0.449085 3.456040 42.237267 0.617609 -0.692484 -0.372860 0.072640 0.482850 1 7 1.000000
skt
  7 1.510793 4.566996 41.806190 0.557337 -0.740637 -0.375277 0.063750 0.468750 2 7 0.800000 87 0.200000
  7 1.491315 4.286591 42.364052 0.593214 -0.746952 -0.300266 0.070420 0.469020 2 7 0.800000 87 0.200000
  7 0.449085 3.456040 42.237267 0.617609 -0.692484 -0.372860 0.072640 0.482850 1 7 1.000000
skt
  7 1.491315 4.286591 42.364052 0.593214 -0.746952 -0.300266 0.070420 0.469020 2 7 0.800000 87 0.200000
  7 1.438395 4.069766 42.892155 0.636986 -0.741890 -0.209397 0.076600 0.469400 2 7 0.800000 87 0.200000
  7 0.449085 3.456040 42.237267 0.617609 -0.692484 -0.372860 0.072640 0.482850 1 7 1.000000
skt
  7 1.438395 4.069766 42.892155 0.636986 -0.741890 -0.209397 0.076600 0.469400 2 7 0.800000 87 0.200000
  7 1.491315 4.286591 42.364052 0.593214 -0.746952 -0.300266 0.070420 0.469020 2 7 0.800000 87 0.200000
  7 2.560372 5.038865 42.473934 0.526856 -0.812501 -0.249530 0.067990 0.454580 2 7 0.600000 87 0.400000
skt
  7 2.471805 4.828288 43.174759 0.560040 -0.817507 -0.134304 0.076420 0.454830 2 7 0.600000 87 0.400000
  7 1.438395 4.069766 42.892155 0.636986 -0.741890 -0.209397 0.076600 0.469400 2 7 0.800000 87 0.200000
  7 2.560372 5.038865 42.473934 0.526856 -0.812501 -0.249530 0.067990 0.454580 2 7 0.600000 87 0.400000
skt
  87 3.564750 5.438705 43.438622 0.385443 -0.915107 -0.118379 0.076680 0.439480 2 87 0.600000 7 0.400000
  7 2.471805 4.828288 43.174759 0.560040 -0.817507 -0.134304 0.076420 0.454830 2 7 0.600000 87 0.400000
  7 2.560372 5.038865 42.473934 0.526856 -0.812501 -0.249530 0.067990 0.454580 2 7 0.600000 87 0.400000
skt
  7 2.471805 4.828288 43.174759 0.560040 -0.817507 -0.134304 0.076420 0.454830 2 7 0.600000 87 0.400000
  87 3.564750 5.438705 43.438622 0.385443 -0.915107 -0.118379 0.076680 0.439480 2 87 0.600000 7 0.400000
  7 2.384340 4.707012 43.708000 0.578169 -0.811246 -0.087176 0.082690 0.455140 2 7 0.600000 87 0.400000
skt
  87 3.564750 5.438705 43.438622 0.385443 -0.915107 -0.118379 0.076680 0.439480 2 87 0.600000 7 0.400000
  87 3.456706 5.340215 44.143856 0.393541 -0.916611 -0.070355 0.085710 0.440090 2 87 0.600000 7 0.400000
  7 2.384340 4.707012 43.708000 0.578169 -0.811246 -0.087176 0.082690 0.455140 2 7 0.600000 87 0.400000
skt
  87 3.456706 5.340215 44.143856 0.393541 -0.916611 -0.070355 0.085710 0.440090 2 87 0.600000 7 0.400000
  87 3.412238 5.297953 44.434547 0.344063 -0.936071 0.073430 0.089270 0.440460 2 87 0.600000 7 0.400000
  7 2.384340 4.707012 43.708000 0.578169 -0.811246 -0.087176 0.082690 0.455140 2 7 0.600000 87 0.400000
skt
  87 3.412238 5.297953 44.434547 0.344063 -0.936071 0.073430 0.089270 0.440460 2 87 0.600000 7 0.400000
  87 3.456706 5.340215 44.143856 0.393541 -0.916611 -0.070355 0.085710 0.440090 2 87 0.600000 7 0.400000
  87 4.351200 5.547854 44.468353 -0.251695 -0.953504 -0.165771 0.089320 0.427930 2 87 0.800000 7 0.200000
skt
  87 4.309306 5.499343 44.817482 -0.295403 -0.955291 -0.012515 0.094160 0.428180 2 87 0.800000 7 0.200000
  87 3.412238 5.297953 44.434547 0.344063 -0.936071 0.073430 0.089270 0.440460 2 87 0.600000 7 0.400000
  87 4.351200 5.547854 44.468353 -0.251695 -0.953504 -0.165771 0.089320 0.427930 2 87 0.800000 7 0.200000
skt
  87 4.794038 4.970879 44.922943 -0.959956 -0.279947 0.010721 0.095990 0.418590 1 87 1.000000
  87 4.309306 5.499343 44.817482 -0.295403 -0.955291 -0.012515 0.094160 0.428180 2 87 0.800000 7 0.200000
  87 4.351200 5.547854 44.468353 -0.251695 -0.953504 -0.165771 0.089320 0.427930 2 87 0.800000 7 0.200000
skt
  7 1.384005 3.927543 43.289787 0.669992 -0.724470 -0.162030 0.081160 0.469810 2 7 0.800000 87 0.200000
  7 1.438395 4.069766 42.892155 0.636986 -0.741890 -0.209397 0.076600 0.469400 2 7 0.800000 87 0.200000
  7 2.384340 4.707012 43.708000 0.578169 -0.811246 -0.087176 0.082690 0.455140 2 7 0.600000 87 0.400000
skt
  7 1.438395 4.069766 42.892155 0.636986 -0.741890 -0.209397 0.076600 0.469400 2 7 0.800000 87 0.200000
  7 2.471805 4.828288 43.174759 0.560040 -0.817507 -0.134304 0.076420 0.454830 2 7 0.600000 87 0.400000
  7 2.384340 4.707012 43.708000 0.578169 -0.811246 -0.087176 0.082690 0.455140 2 7 0.600000 87 0.400000
skt
  7 0.406088 4.017951 41.485363 -0.496412 0.285867 -0.819668 0.061850 0.482660 1 7 1.000000
  7 1.465223 4.964629 41.174088 -0.442582 0.265452 -0.856537 0.054700 0.469420 2 7 0.800000 87 0.200000
  7 0.438428 3.977156 41.451550 -0.161409 -0.128539 -0.978481 0.062510 0.482240 1 7 1.000000
skt
  7 1.465223 4.964629 41.174088 -0.442582 0.265452 -0.856537 0.054700 0.469420 2 7 0.800000 87 0.200000
  7 1.497930 4.928982 41.146164 -0.074350 -0.207564 -0.975392 0.055340 0.468960 2 7 0.800000 87 0.200000
  7 0.438428 3.977156 41.451550 -0.161409 -0.128539 -0.978481 0.062510 0.482240 1 7 1.000000
skt
  7 1.497930 4.928982 41.146164 -0.074350 -0.207564 -0.975392 0.055340 0.468960 2 7 0.800000 87 0.200000
  7 1.465223 4.964629 41.174088 -0.442582 0.265452 -0.856537 0.054700 0.469420 2 7 0.800000 87 0.200000
  7 2.606678 5.783420 40.899933 -0.004638 -0.236850 -0.971535 0.048370 0.455870 2 7 0.600000 87 0.400000
skt
  7 1.510425 4.902154 41.175560 0.440878 -0.698757 -0.563351 0.056150 0.468810 2 7 0.800000 87 0.200000
  7 1.497930 4.928982 41.146164 -0.074350 -0.207564 -0.975392 0.055340 0.468960 2 7 0.800000 87 0.200000
  7 2.606678 5.783420 40.899933 -0.004638 -0.236850 -0.971535 0.048370 0.455870 2 7 0.600000 87 0.400000
skt
  7 1.497930 4.928982 41.146164 -0.074350 -0.207564 -0.975392 0.055340 0.468960 2 7 0.800000 87 0.200000
  7 1.510425 4.902154 41.175560 0.440878 -0.698757 -0.563351 0.056150 0.468810 2 7 0.800000 87 0.200000
  7 0.438428 3.977156 41.451550 -0.161409 -0.128539 -0.978481 0.062510 0.482240 1 7 1.000000
skt
  7 1.510425 4.902154 41.175560 0.440878 -0.698757 -0.563351 0.056150 0.468810 2 7 0.800000 87 0.200000
  7 0.450555 3.951797 41.466621 0.408788 -0.651596 -0.638995 0.063330 0.482130 1 7 1.000000
  7 0.438428 3.977156 41.451550 -0.161409 -0.128539 -0.978481 0.062510 0.482240 1 7 1.000000
skt
  7 0.450555 3.951797 41.466621 0.408788 -0.651596 -0.638995 0.063330 0.482130 1 7 1.000000
  7 1.510425 4.902154 41.175560 0.440878 -0.698757 -0.563351 0.056150 0.468810 2 7 0.800000 87 0.200000
  7 0.452392 3.877563 41.587894 0.543529 -0.711141 -0.445932 0.064800 0.482170 1 7 1.000000
skt
  7 1.510425 4.902154 41.175560 0.440878 -0.698757 -0.563351 0.056150 0.468810 2 7 0.800000 87 0.200000
  7 1.511895 4.806973 41.362247 0.535243 -0.747265 -0.393841 0.058350 0.468760 2 7 0.800000 87 0.200000
  7 0.452392 3.877563 41.587894 0.543529 -0.711141 -0.445932 0.064800 0.482170 1 7 1.000000
skt
  7 1.315283 3.931586 43.530865 -0.001662 -0.501908 0.864919 0.084620 0.469770 2 7 0.800000 87 0.200000
  7 0.385508 3.068696 43.064137 0.019199 -0.491594 0.870613 0.083120 0.483730 1 7 1.000000
  7 0.406088 3.016146 43.034008 0.405475 -0.736742 0.541111 0.082320 0.484040 1 7 1.000000
skt
  7 1.346153 3.878300 43.499992 0.284493 -0.705144 0.649489 0.083840 0.469930 2 7 0.800000 87 0.200000
  7 1.315283 3.931586 43.530865 -0.001662 -0.501908 0.864919 0.084620 0.469770 2 7 0.800000 87 0.200000
  7 0.406088 3.016146 43.034008 0.405475 -0.736742 0.541111 0.082320 0.484040 1 7 1.000000
skt
  7 1.361220 3.870580 43.455902 0.617784 -0.782065 0.081955 0.083060 0.469980 2 7 0.800000 87 0.200000
  7 1.346153 3.878300 43.499992 0.284493 -0.705144 0.649489 0.083840 0.469930 2 7 0.800000 87 0.200000
  7 0.406088 3.016146 43.034008 0.405475 -0.736742 0.541111 0.082320 0.484040 1 7 1.000000
skt
  7 1.346153 3.878300 43.499992 0.284493 -0.705144 0.649489 0.083840 0.469930 2 7 0.800000 87 0.200000
  7 1.361220 3.870580 43.455902 0.617784 -0.782065 0.081955 0.083060 0.469980 2 7 0.800000 87 0.200000
  7 2.329950 4.667689 43.983990 0.207791 -0.742244 0.637100 0.086060 0.455370 2 7 0.600000 87 0.400000
skt
  7 1.361220 3.870580 43.455902 0.617784 -0.782065 0.081955 0.083060 0.469980 2 7 0.800000 87 0.200000
  7 2.347590 4.657766 43.929234 0.533247 -0.838731 0.110358 0.085250 0.455370 2 7 0.600000 87 0.400000
  7 2.329950 4.667689 43.983990 0.207791 -0.742244 0.637100 0.086060 0.455370 2 7 0.600000 87 0.400000
skt
  7 2.347590 4.657766 43.929234 0.533247 -0.838731 0.110358 0.085250 0.455370 2 7 0.600000 87 0.400000
  87 3.412238 5.297953 44.434547 0.344063 -0.936071 0.073430 0.089270 0.440460 2 87 0.600000 7 0.400000
  7 2.329950 4.667689 43.983990 0.207791 -0.742244 0.637100 0.086060 0.455370 2 7 0.600000 87 0.400000
skt
  87 3.412238 5.297953 44.434547 0.344063 -0.936071 0.073430 0.089270 0.440460 2 87 0.600000 7 0.400000
  7 2.347590 4.657766 43.929234 0.533247 -0.838731 0.110358 0.085250 0.455370 2 7 0.600000 87 0.400000
  7 2.384340 4.707012 43.708000 0.578169 -0.811246 -0.087176 0.082690 0.455140 2 7 0.600000 87 0.400000
skt
  7 2.347590 4.657766 43.929234 0.533247 -0.838731 0.110358 0.085250 0.455370 2 7 0.600000 87 0.400000
  7 1.361220 3.870580 43.455902 0.617784 -0.782065 0.081955 0.083060 0.469980 2 7 0.800000 87 0.200000
  7 2.384340 4.707012 43.708000 0.578169 -0.811246 -0.087176 0.082690 0.455140 2 7 0.600000 87 0.400000
skt
  7 1.361220 3.870580 43.455902 0.617784 -0.782065 0.081955 0.083060 0.469980 2 7 0.800000 87 0.200000
  7 1.384005 3.927543 43.289787 0.669992 -0.724470 -0.162030 0.081160 0.469810 2 7 0.800000 87 0.200000
  7 2.384340 4.707012 43.708000 0.578169 -0.811246 -0.087176 0.082690 0.455140 2 7 0.600000 87 0.400000
skt
  7 1.384005 3.927543 43.289787 0.669992 -0.724470 -0.162030 0.081160 0.469810 2 7 0.800000 87 0.200000
  7 1.361220 3.870580 43.455902 0.617784 -0.782065 0.081955 0.083060 0.469980 2 7 0.800000 87 0.200000
  7 0.419685 3.074943 42.880028 0.692255 -0.654246 -0.304540 0.080180 0.483980 1 7 1.000000
skt
  7 1.438395 4.069766 42.892155 0.636986 -0.741890 -0.209397 0.076600 0.469400 2 7 0.800000 87 0.200000
  7 1.384005 3.927543 43.289787 0.669992 -0.724470 -0.162030 0.081160 0.469810 2 7 0.800000 87 0.200000
  7 0.419685 3.074943 42.880028 0.692255 -0.654246 -0.304540 0.080180 0.483980 1 7 1.000000
skt
  7 0.434752 3.237378 42.599617 0.655466 -0.663619 -0.360520 0.076880 0.483480 1 7 1.000000
  7 1.438395 4.069766 42.892155 0.636986 -0.741890 -0.209397 0.076600 0.469400 2 7 0.800000 87 0.200000
  7 0.419685 3.074943 42.880028 0.692255 -0.654246 -0.304540 0.080180 0.483980 1 7 1.000000
skt
  7 1.438395 4.069766 42.892155 0.636986 -0.741890 -0.209397 0.076600 0.469400 2 7 0.800000 87 0.200000
  7 0.434752 3.237378 42.599617 0.655466 -0.663619 -0.360520 0.076880 0.483480 1 7 1.000000
  7 0.449085 3.456040 42.237267 0.617609 -0.692484 -0.372860 0.072640 0.482850 1 7 1.000000
skt
  7 1.315283 3.931586 43.530865 -0.001662 -0.501908 0.864919 0.084620 0.469770 2 7 0.800000 87 0.200000
  7 1.346153 3.878300 43.499992 0.284493 -0.705144 0.649489 0.083840 0.469930 2 7 0.800000 87 0.200000
  7 2.329950 4.667689 43.983990 0.207791 -0.742244 0.637100 0.086060 0.455370 2 7 0.600000 87 0.400000
skt
  7 2.300183 4.724650 44.016335 -0.061825 -0.517052 0.853718 0.086870 0.455310 2 7 0.600000 87 0.400000
  7 1.315283 3.931586 43.530865 -0.001662 -0.501908 0.864919 0.084620 0.469770 2 7 0.800000 87 0.200000
  7 2.329950 4.667689 43.983990 0.207791 -0.742244 0.637100 0.086060 0.455370 2 7 0.600000 87 0.400000
skt
  7 1.361220 3.870580 43.455902 0.617784 -0.782065 0.081955 0.083060 0.469980 2 7 0.800000 87 0.200000
  7 0.413805 3.009529 42.998726 0.684320 -0.727618 -0.047725 0.081570 0.484190 1 7 1.000000
  7 0.419685 3.074943 42.880028 0.692255 -0.654246 -0.304540 0.080180 0.483980 1 7 1.000000
skt
  7 0.413805 3.009529 42.998726 0.684320 -0.727618 -0.047725 0.081570 0.484190 1 7 1.000000
  7 1.361220 3.870580 43.455902 0.617784 -0.782065 0.081955 0.083060 0.469980 2 7 0.800000 87 0.200000
  7 0.406088 3.016146 43.034008 0.405475 -0.736742 0.541111 0.082320 0.484040 1 7 1.000000
skt
  87 3.412238 5.297953 44.434547 0.344063 -0.936071 0.073430 0.089270 0.440460 2 87 0.600000 7 0.400000
  87 4.309306 5.499343 44.817482 -0.295403 -0.955291 -0.012515 0.094160 0.428180 2 87 0.800000 7 0.200000
  87 4.309673 5.509266 44.896122 -0.436225 -0.634663 0.637896 0.095200 0.428200 2 87 0.800000 7 0.200000
skt
  87 3.401213 5.310815 44.502537 0.024404 -0.784870 0.619180 0.090120 0.440470 2 87 0.600000 7 0.400000
  87 3.412238 5.297953 44.434547 0.344063 -0.936071 0.073430 0.089270 0.440460 2 87 0.600000 7 0.400000
  87 4.309673 5.509266 44.896122 -0.436225 -0.634663 0.637896 0.095200 0.428200 2 87 0.800000 7 0.200000
skt
  87 3.412238 5.297953 44.434547 0.344063 -0.936071 0.073430 0.089270 0.440460 2 87 0.600000 7 0.400000
  87 3.401213 5.310815 44.502537 0.024404 -0.784870 0.619180 0.090120 0.440470 2 87 0.600000 7 0.400000
  7 2.329950 4.667689 43.983990 0.207791 -0.742244 0.637100 0.086060 0.455370 2 7 0.600000 87 0.400000
skt
  87 3.401213 5.310815 44.502537 0.024404 -0.784870 0.619180 0.090120 0.440470 2 87 0.600000 7 0.400000
  87 3.394230 5.378436 44.539654 -0.209845 -0.486590 0.848054 0.091050 0.440360 2 87 0.600000 7 0.400000
  7 2.329950 4.667689 43.983990 0.207791 -0.742244 0.637100 0.086060 0.455370 2 7 0.600000 87 0.400000
skt
  87 3.394230 5.378436 44.539654 -0.209845 -0.486590 0.848054 0.091050 0.440360 2 87 0.600000 7 0.400000
  7 2.300183 4.724650 44.016335 -0.061825 -0.517052 0.853718 0.086870 0.455310 2 7 0.600000 87 0.400000
  7 2.329950 4.667689 43.983990 0.207791 -0.742244 0.637100 0.086060 0.455370 2 7 0.600000 87 0.400000
skt
  87 3.394230 5.378436 44.539654 -0.209845 -0.486590 0.848054 0.091050 0.440360 2 87 0.600000 7 0.400000
  87 3.401213 5.310815 44.502537 0.024404 -0.784870 0.619180 0.090120 0.440470 2 87 0.600000 7 0.400000
  87 4.309673 5.509266 44.896122 -0.436225 -0.634663 0.637896 0.095200 0.428200 2 87 0.800000 7 0.200000
skt
  87 4.335399 5.571742 44.935448 -0.410302 -0.358694 0.838446 0.096130 0.428190 2 87 0.800000 7 0.200000
  87 3.394230 5.378436 44.539654 -0.209845 -0.486590 0.848054 0.091050 0.440360 2 87 0.600000 7 0.400000
  87 4.309673 5.509266 44.896122 -0.436225 -0.634663 0.637896 0.095200 0.428200 2 87 0.800000 7 0.200000
skt
  87 4.861291 4.983739 45.038704 -0.471219 -0.169802 0.865517 0.097680 0.418660 1 87 1.000000
  87 4.335399 5.571742 44.935448 -0.410302 -0.358694 0.838446 0.096130 0.428190 2 87 0.800000 7 0.200000
  87 4.309673 5.509266 44.896122 -0.436225 -0.634663 0.637896 0.095200 0.428200 2 87 0.800000 7 0.200000
skt
  87 4.309306 5.499343 44.817482 -0.295403 -0.955291 -0.012515 0.094160 0.428180 2 87 0.800000 7 0.200000
  87 4.794038 4.970879 44.922943 -0.959956 -0.279947 0.010721 0.095990 0.418590 1 87 1.000000
  87 4.309673 5.509266 44.896122 -0.436225 -0.634663 0.637896 0.095200 0.428200 2 87 0.800000 7 0.200000
skt
  87 4.794038 4.970879 44.922943 -0.959956 -0.279947 0.010721 0.095990 0.418590 1 87 1.000000
  87 4.804327 4.964631 45.003792 -0.733184 -0.225342 0.641609 0.096970 0.418570 1 87 1.000000
  87 4.309673 5.509266 44.896122 -0.436225 -0.634663 0.637896 0.095200 0.428200 2 87 0.800000 7 0.200000
skt
  87 4.804327 4.964631 45.003792 -0.733184 -0.225342 0.641609 0.096970 0.418570 1 87 1.000000
  87 4.861291 4.983739 45.038704 -0.471219 -0.169802 0.865517 0.097680 0.418660 1 87 1.000000
  87 4.309673 5.509266 44.896122 -0.436225 -0.634663 0.637896 0.095200 0.428200 2 87 0.800000 7 0.200000
skt
  87 4.861291 4.983739 45.038704 -0.471219 -0.169802 0.865517 0.097680 0.418660 1 87 1.000000
  87 4.804327 4.964631 45.003792 -0.733184 -0.225342 0.641609 0.096970 0.418570 1 87 1.000000
  87 4.680113 4.186632 44.853493 -0.606665 0.118449 0.786084 0.096470 0.408400 2 87 0.800000 7 0.200000
skt
  87 4.751775 4.156867 44.877373 -0.355650 -0.111730 0.927917 0.097400 0.408570 2 87 0.800000 7 0.200000
  87 4.861291 4.983739 45.038704 -0.471219 -0.169802 0.865517 0.097680 0.418660 1 87 1.000000
  87 4.680113 4.186632 44.853493 -0.606665 0.118449 0.786084 0.096470 0.408400 2 87 0.800000 7 0.200000
skt
  87 3.786353 3.633544 44.478279 -0.278546 -0.214390 0.936189 0.092480 0.395400 2 87 0.600000 7 0.400000
  87 4.751775 4.156867 44.877373 -0.355650 -0.111730 0.927917 0.097400 0.408570 2 87 0.800000 7 0.200000
  87 4.680113 4.186632 44.853493 -0.606665 0.118449 0.786084 0.096470 0.408400 2 87 0.800000 7 0.200000
skt
  87 3.730124 3.685362 44.473503 -0.452208 0.268868 0.850422 0.091590 0.395280 2 87 0.600000 7 0.400000
  87 3.786353 3.633544 44.478279 -0.278546 -0.214390 0.936189 0.092480 0.395400 2 87 0.600000 7 0.400000
  87 4.680113 4.186632 44.853493 -0.606665 0.118449 0.786084 0.096470 0.408400 2 87 0.800000 7 0.200000
skt
  87 3.786353 3.633544 44.478279 -0.278546 -0.214390 0.936189 0.092480 0.395400 2 87 0.600000 7 0.400000
  87 3.730124 3.685362 44.473503 -0.452208 0.268868 0.850422 0.091590 0.395280 2 87 0.600000 7 0.400000
  7 2.454165 3.348365 43.983261 -0.415596 0.199423 0.887418 0.087120 0.381170 2 7 0.600000 87 0.400000
skt
  87 3.730124 3.685362 44.473503 -0.452208 0.268868 0.850422 0.091590 0.395280 2 87 0.600000 7 0.400000
  87 3.719100 3.715865 44.415806 -0.456234 0.806411 0.376233 0.090800 0.395310 2 87 0.600000 7 0.400000
  7 2.454165 3.348365 43.983261 -0.415596 0.199423 0.887418 0.087120 0.381170 2 7 0.600000 87 0.400000
skt
  87 3.719100 3.715865 44.415806 -0.456234 0.806411 0.376233 0.090800 0.395310 2 87 0.600000 7 0.400000
  7 2.449020 3.379235 43.943199 -0.386284 0.814931 0.432056 0.086370 0.381200 2 7 0.600000 87 0.400000
  7 2.454165 3.348365 43.983261 -0.415596 0.199423 0.887418 0.087120 0.381170 2 7 0.600000 87 0.400000
skt
  7 2.449020 3.379235 43.943199 -0.386284 0.814931 0.432056 0.086370 0.381200 2 7 0.600000 87 0.400000
  87 3.719100 3.715865 44.415806 -0.456234 0.806411 0.376233 0.090800 0.395310 2 87 0.600000 7 0.400000
  7 2.473275 3.451632 43.717556 -0.345817 0.900665 0.263083 0.083810 0.381420 2 7 0.600000 87 0.400000
skt
  7 1.343948 3.092952 43.474640 -0.419926 0.749636 0.511574 0.083170 0.368240 2 7 0.800000 87 0.200000
  7 2.449020 3.379235 43.943199 -0.386284 0.814931 0.432056 0.086370 0.381200 2 7 0.600000 87 0.400000
  7 2.473275 3.451632 43.717556 -0.345817 0.900665 0.263083 0.083810 0.381420 2 7 0.600000 87 0.400000
skt
  7 1.364528 3.152854 43.302654 -0.342936 0.900062 0.268854 0.081190 0.368340 2 7 0.800000 87 0.200000
  7 1.343948 3.092952 43.474640 -0.419926 0.749636 0.511574 0.083170 0.368240 2 7 0.800000 87 0.200000
  7 2.473275 3.451632 43.717556 -0.345817 0.900665 0.263083 0.083810 0.381420 2 7 0.600000 87 0.400000
skt
  7 1.343948 3.092952 43.474640 -0.419926 0.749636 0.511574 0.083170 0.368240 2 7 0.800000 87 0.200000
  7 1.364528 3.152854 43.302654 -0.342936 0.900062 0.268854 0.081190 0.368340 2 7 0.800000 87 0.200000
  7 0.331485 2.885313 42.881496 -0.352646 0.880934 0.315589 0.078620 0.356190 1 7 1.000000
skt
  7 1.364528 3.152854 43.302654 -0.342936 0.900062 0.268854 0.081190 0.368340 2 7 0.800000 87 0.200000
  7 1.413773 3.293973 42.887375 -0.331544 0.903123 0.272851 0.076410 0.368560 2 7 0.800000 87 0.200000
  7 0.331485 2.885313 42.881496 -0.352646 0.880934 0.315589 0.078620 0.356190 1 7 1.000000
skt
  7 1.413773 3.293973 42.887375 -0.331544 0.903123 0.272851 0.076410 0.368560 2 7 0.800000 87 0.200000
  7 0.357945 3.004016 42.575733 -0.339160 0.881291 0.329085 0.075100 0.356290 1 7 1.000000
  7 0.331485 2.885313 42.881496 -0.352646 0.880934 0.315589 0.078620 0.356190 1 7 1.000000
skt
  7 0.357945 3.004016 42.575733 -0.339160 0.881291 0.329085 0.075100 0.356290 1 7 1.000000
  7 1.413773 3.293973 42.887375 -0.331544 0.903123 0.272851 0.076410 0.368560 2 7 0.800000 87 0.200000
  7 0.381098 3.163510 42.189491 -0.294244 0.888765 0.351451 0.070670 0.356300 1 7 1.000000
skt
  7 1.413773 3.293973 42.887375 -0.331544 0.903123 0.272851 0.076410 0.368560 2 7 0.800000 87 0.200000
  7 1.466325 3.475886 42.343842 -0.314261 0.907852 0.277570 0.070160 0.368650 2 7 0.800000 87 0.200000
  7 0.381098 3.163510 42.189491 -0.294244 0.888765 0.351451 0.070670 0.356300 1 7 1.000000
skt
  7 1.343948 3.092952 43.474640 -0.419926 0.749636 0.511574 0.083170 0.368240 2 7 0.800000 87 0.200000
  7 0.321195 2.831657 43.007912 -0.439035 0.689492 0.576063 0.080100 0.356140 1 7 1.000000
  7 0.333690 2.801155 43.027023 -0.419395 -0.003049 0.907799 0.080770 0.356190 1 7 1.000000
skt
  7 0.321195 2.831657 43.007912 -0.439035 0.689492 0.576063 0.080100 0.356140 1 7 1.000000
  7 1.343948 3.092952 43.474640 -0.419926 0.749636 0.511574 0.083170 0.368240 2 7 0.800000 87 0.200000
  7 0.331485 2.885313 42.881496 -0.352646 0.880934 0.315589 0.078620 0.356190 1 7 1.000000
skt
  7 2.449020 3.379235 43.943199 -0.386284 0.814931 0.432056 0.086370 0.381200 2 7 0.600000 87 0.400000
  7 1.343948 3.092952 43.474640 -0.419926 0.749636 0.511574 0.083170 0.368240 2 7 0.800000 87 0.200000
  7 2.454165 3.348365 43.983261 -0.415596 0.199423 0.887418 0.087120 0.381170 2 7 0.600000 87 0.400000
skt
  7 1.343948 3.092952 43.474640 -0.419926 0.749636 0.511574 0.083170 0.368240 2 7 0.800000 87 0.200000
  7 1.350930 3.062081 43.502930 -0.423206 0.058492 0.904143 0.083860 0.368240 2 7 0.800000 87 0.200000
  7 2.454165 3.348365 43.983261 -0.415596 0.199423 0.887418 0.087120 0.381170 2 7 0.600000 87 0.400000
skt
  7 1.350930 3.062081 43.502930 -0.423206 0.058492 0.904143 0.083860 0.368240 2 7 0.800000 87 0.200000
  7 1.343948 3.092952 43.474640 -0.419926 0.749636 0.511574 0.083170 0.368240 2 7 0.800000 87 0.200000
  7 0.333690 2.801155 43.027023 -0.419395 -0.003049 0.907799 0.080770 0.356190 1 7 1.000000
skt
  7 1.384373 3.007691 43.485668 -0.272126 -0.438834 0.856372 0.084570 0.368180 2 7 0.800000 87 0.200000
  7 1.350930 3.062081 43.502930 -0.423206 0.058492 0.904143 0.083860 0.368240 2 7 0.800000 87 0.200000
  7 0.333690 2.801155 43.027023 -0.419395 -0.003049 0.907799 0.080770 0.356190 1 7 1.000000
skt
  7 0.375217 2.753012 43.010853 -0.261162 -0.502147 0.824405 0.081480 0.356220 1 7 1.000000
  7 1.384373 3.007691 43.485668 -0.272126 -0.438834 0.856372 0.084570 0.368180 2 7 0.800000 87 0.200000
  7 0.333690 2.801155 43.027023 -0.419395 -0.003049 0.907799 0.080770 0.356190 1 7 1.000000
skt
  7 1.350930 3.062081 43.502930 -0.423206 0.058492 0.904143 0.083860 0.368240 2 7 0.800000 87 0.200000
  7 1.384373 3.007691 43.485668 -0.272126 -0.438834 0.856372 0.084570 0.368180 2 7 0.800000 87 0.200000
  7 2.454165 3.348365 43.983261 -0.415596 0.199423 0.887418 0.087120 0.381170 2 7 0.600000 87 0.400000
skt
  7 1.384373 3.007691 43.485668 -0.272126 -0.438834 0.856372 0.084570 0.368180 2 7 0.800000 87 0.200000
  7 2.489445 3.291402 43.971497 -0.275323 -0.355007 0.893402 0.087890 0.381110 2 7 0.600000 87 0.400000
  7 2.454165 3.348365 43.983261 -0.415596 0.199423 0.887418 0.087120 0.381170 2 7 0.600000 87 0.400000
skt
  7 2.489445 3.291402 43.971497 -0.275323 -0.355007 0.893402 0.087890 0.381110 2 7 0.600000 87 0.400000
  87 3.786353 3.633544 44.478279 -0.278546 -0.214390 0.936189 0.092480 0.395400 2 87 0.600000 7 0.400000
  7 2.454165 3.348365 43.983261 -0.415596 0.199423 0.887418 0.087120 0.381170 2 7 0.600000 87 0.400000
skt
  7 1.384373 3.007691 43.485668 -0.121786 -0.728712 0.673904 0.046110 0.597230 2 7 0.800000 87 0.200000
  7 0.375217 2.753012 43.010853 -0.125438 -0.738360 0.662639 0.041600 0.611540 1 7 1.000000
  7 0.417480 2.715161 42.976677 0.034391 -0.912626 0.407346 0.040850 0.611110 1 7 1.000000
skt
  7 1.420755 2.962488 43.443401 0.036199 -0.905217 0.423406 0.045240 0.596900 2 7 0.800000 87 0.200000
  7 1.384373 3.007691 43.485668 -0.121786 -0.728712 0.673904 0.046110 0.597230 2 7 0.800000 87 0.200000
  7 0.417480 2.715161 42.976677 0.034391 -0.912626 0.407346 0.040850 0.611110 1 7 1.000000
skt
  7 1.436925 2.959917 43.396000 0.269818 -0.959468 -0.081357 0.044450 0.596770 2 7 0.800000 87 0.200000
  7 1.420755 2.962488 43.443401 0.036199 -0.905217 0.423406 0.045240 0.596900 2 7 0.800000 87 0.200000
  7 0.417480 2.715161 42.976677 0.034391 -0.912626 0.407346 0.040850 0.611110 1 7 1.000000
skt
  7 1.420755 2.962488 43.443401 0.036199 -0.905217 0.423406 0.045240 0.596900 2 7 0.800000 87 0.200000
  7 1.436925 2.959917 43.396000 0.269818 -0.959468 -0.081357 0.044450 0.596770 2 7 0.800000 87 0.200000
  7 2.529502 3.243627 43.926296 0.054113 -0.898829 0.434947 0.049230 0.581620 2 7 0.600000 87 0.400000
skt
  7 1.436925 2.959917 43.396000 0.269818 -0.959468 -0.081357 0.044450 0.596770 2 7 0.800000 87 0.200000
  7 2.548980 3.239584 43.867493 0.271939 -0.960392 -0.060798 0.048360 0.581500 2 7 0.600000 87 0.400000
  7 2.529502 3.243627 43.926296 0.054113 -0.898829 0.434947 0.049230 0.581620 2 7 0.600000 87 0.400000
skt
  7 2.548980 3.239584 43.867493 0.271939 -0.960392 -0.060798 0.048360 0.581500 2 7 0.600000 87 0.400000
  87 3.876758 3.590547 44.372074 0.399994 -0.914713 -0.057482 0.051280 0.564380 2 87 0.600000 7 0.400000
  7 2.529502 3.243627 43.926296 0.054113 -0.898829 0.434947 0.049230 0.581620 2 7 0.600000 87 0.400000
skt
  87 3.876758 3.590547 44.372074 0.399994 -0.914713 -0.057482 0.051280 0.564380 2 87 0.600000 7 0.400000
  7 2.548980 3.239584 43.867493 0.271939 -0.960392 -0.060798 0.048360 0.581500 2 7 0.600000 87 0.400000
  7 2.571397 3.311248 43.642952 0.344514 -0.900271 -0.266126 0.045420 0.581430 2 7 0.600000 87 0.400000
skt
  87 3.890723 3.689405 44.077339 0.453618 -0.846803 -0.277768 0.047760 0.564470 2 87 0.600000 7 0.400000
  87 3.876758 3.590547 44.372074 0.399994 -0.914713 -0.057482 0.051280 0.564380 2 87 0.600000 7 0.400000
  7 2.571397 3.311248 43.642952 0.344514 -0.900271 -0.266126 0.045420 0.581430 2 7 0.600000 87 0.400000
skt
  87 3.909832 3.947758 43.362183 0.458641 -0.850521 -0.257416 0.039030 0.564480 2 87 0.600000 7 0.400000
  87 3.890723 3.689405 44.077339 0.453618 -0.846803 -0.277768 0.047760 0.564470 2 87 0.600000 7 0.400000
  7 2.571397 3.311248 43.642952 0.344514 -0.900271 -0.266126 0.045420 0.581430 2 7 0.600000 87 0.400000
skt
  87 3.890723 3.689405 44.077339 0.453618 -0.846803 -0.277768 0.047760 0.564470 2 87 0.600000 7 0.400000
  87 3.909832 3.947758 43.362183 0.458641 -0.850521 -0.257416 0.039030 0.564480 2 87 0.600000 7 0.400000
  87 4.872683 4.255723 44.424625 0.848364 -0.509976 -0.142137 0.048590 0.551970 2 87 0.800000 7 0.200000
skt
  87 3.909832 3.947758 43.362183 0.458641 -0.850521 -0.257416 0.039030 0.564480 2 87 0.600000 7 0.400000
  87 4.874520 4.547884 43.566887 0.831250 -0.536259 -0.146460 0.039330 0.551200 2 87 0.800000 7 0.200000
  87 4.872683 4.255723 44.424625 0.848364 -0.509976 -0.142137 0.048590 0.551970 2 87 0.800000 7 0.200000
skt
  87 4.874520 4.547884 43.566887 0.831250 -0.536259 -0.146460 0.039330 0.551200 2 87 0.800000 7 0.200000
  87 5.025196 5.314489 43.680790 0.952476 0.285102 0.107268 0.038920 0.542520 1 87 1.000000
  87 4.872683 4.255723 44.424625 0.848364 -0.509976 -0.142137 0.048590 0.551970 2 87 0.800000 7 0.200000
skt
  87 5.025196 5.314489 43.680790 0.952476 0.285102 0.107268 0.038920 0.542520 1 87 1.000000
  87 4.874520 4.547884 43.566887 0.831250 -0.536259 -0.146460 0.039330 0.551200 2 87 0.800000 7 0.200000
  87 4.933321 4.851072 42.525745 0.818774 -0.573563 -0.025192 0.026860 0.550090 2 87 0.800000 7 0.200000
skt
  87 5.118908 5.566227 42.597401 0.948899 0.253202 0.188360 0.026240 0.541290 1 87 1.000000
  87 5.025196 5.314489 43.680790 0.952476 0.285102 0.107268 0.038920 0.542520 1 87 1.000000
  87 4.933321 4.851072 42.525745 0.818774 -0.573563 -0.025192 0.026860 0.550090 2 87 0.800000 7 0.200000
skt
  87 5.282078 5.797019 41.675716 0.928728 0.239566 0.282971 0.015450 0.540370 1 87 1.000000
  87 5.118908 5.566227 42.597401 0.948899 0.253202 0.188360 0.026240 0.541290 1 87 1.000000
  87 4.933321 4.851072 42.525745 0.818774 -0.573563 -0.025192 0.026860 0.550090 2 87 0.800000 7 0.200000
skt
  87 5.118908 5.566227 42.597401 0.948899 0.253202 0.188360 0.026240 0.541290 1 87 1.000000
  87 5.282078 5.797019 41.675716 0.928728 0.239566 0.282971 0.015450 0.540370 1 87 1.000000
  87 4.656225 6.000978 42.642609 0.277392 0.916185 0.289237 0.026900 0.533790 2 87 0.800000 7 0.200000
skt
  87 5.282078 5.797019 41.675716 0.928728 0.239566 0.282971 0.015450 0.540370 1 87 1.000000
  87 4.773825 6.321442 41.747391 0.300964 0.865880 0.399591 0.015970 0.532440 2 87 0.800000 7 0.200000
  87 4.656225 6.000978 42.642609 0.277392 0.916185 0.289237 0.026900 0.533790 2 87 0.800000 7 0.200000
skt
  87 4.773825 6.321442 41.747391 0.300964 0.865880 0.399591 0.015970 0.532440 2 87 0.800000 7 0.200000
  87 3.754014 6.117109 41.795532 -0.303914 0.881147 0.362238 0.019500 0.521230 2 87 0.600000 7 0.400000
  87 4.656225 6.000978 42.642609 0.277392 0.916185 0.289237 0.026900 0.533790 2 87 0.800000 7 0.200000
skt
  87 3.754014 6.117109 41.795532 -0.303914 0.881147 0.362238 0.019500 0.521230 2 87 0.600000 7 0.400000
  87 4.773825 6.321442 41.747391 0.300964 0.865880 0.399591 0.015970 0.532440 2 87 0.800000 7 0.200000
  87 4.860555 6.618382 41.105000 0.327952 0.847594 0.417172 0.008810 0.531550 2 87 0.800000 7 0.200000
skt
  87 3.876758 3.590547 44.372074 0.399994 -0.914713 -0.057482 0.051280 0.564380 2 87 0.600000 7 0.400000
  87 3.890723 3.689405 44.077339 0.453618 -0.846803 -0.277768 0.047760 0.564470 2 87 0.600000 7 0.400000
  87 4.872683 4.255723 44.424625 0.848364 -0.509976 -0.142137 0.048590 0.551970 2 87 0.800000 7 0.200000
skt
  87 5.025196 5.314489 43.680790 0.952476 0.285102 0.107268 0.038920 0.542520 1 87 1.000000
  87 5.118908 5.566227 42.597401 0.948899 0.253202 0.188360 0.026240 0.541290 1 87 1.000000
  87 4.656225 6.000978 42.642609 0.277392 0.916185 0.289237 0.026900 0.533790 2 87 0.800000 7 0.200000
skt
  7 2.548980 3.239584 43.867493 0.271939 -0.960392 -0.060798 0.048360 0.581500 2 7 0.600000 87 0.400000
  7 1.436925 2.959917 43.396000 0.269818 -0.959468 -0.081357 0.044450 0.596770 2 7 0.800000 87 0.200000
  7 2.571397 3.311248 43.642952 0.344514 -0.900271 -0.266126 0.045420 0.581430 2 7 0.600000 87 0.400000
skt
  7 1.436925 2.959917 43.396000 0.269818 -0.959468 -0.081357 0.044450 0.596770 2 7 0.800000 87 0.200000
  7 1.453830 3.018718 43.226212 0.335339 -0.900988 -0.275261 0.042110 0.596620 2 7 0.800000 87 0.200000
  7 2.571397 3.311248 43.642952 0.344514 -0.900271 -0.266126 0.045420 0.581430 2 7 0.600000 87 0.400000
skt
  87 4.773825 6.321442 41.747391 0.300964 0.865880 0.399591 0.015970 0.532440 2 87 0.800000 7 0.200000
  87 5.282078 5.797019 41.675716 0.928728 0.239566 0.282971 0.015450 0.540370 1 87 1.000000
  87 4.860555 6.618382 41.105000 0.327952 0.847594 0.417172 0.008810 0.531550 2 87 0.800000 7 0.200000
skt
  87 5.282078 5.797019 41.675716 0.928728 0.239566 0.282971 0.015450 0.540370 1 87 1.000000
  87 5.432385 5.967536 41.024139 0.932525 0.244212 0.266002 0.008300 0.539880 1 87 1.000000
  87 4.860555 6.618382 41.105000 0.327952 0.847594 0.417172 0.008810 0.531550 2 87 0.800000 7 0.200000
skt
  87 4.874520 4.547884 43.566887 0.831250 -0.536259 -0.146460 0.039330 0.551200 2 87 0.800000 7 0.200000
  87 3.909832 3.947758 43.362183 0.458641 -0.850521 -0.257416 0.039030 0.564480 2 87 0.600000 7 0.400000
  87 4.933321 4.851072 42.525745 0.818774 -0.573563 -0.025192 0.026860 0.550090 2 87 0.800000 7 0.200000
skt
  87 3.909832 3.947758 43.362183 0.458641 -0.850521 -0.257416 0.039030 0.564480 2 87 0.600000 7 0.400000
  87 3.969000 4.220442 42.466957 0.463076 -0.872570 -0.155505 0.028110 0.563840 2 87 0.600000 7 0.400000
  87 4.933321 4.851072 42.525745 0.818774 -0.573563 -0.025192 0.026860 0.550090 2 87 0.800000 7 0.200000
skt
  87 5.025196 5.314489 43.680790 0.952476 0.285102 0.107268 0.038920 0.542520 1 87 1.000000
  87 4.978156 5.113469 44.579334 0.946098 0.300076 0.121870 0.048550 0.543360 1 87 1.000000
  87 4.872683 4.255723 44.424625 0.848364 -0.509976 -0.142137 0.048590 0.551970 2 87 0.800000 7 0.200000
skt
  87 3.754014 6.117109 41.795532 -0.303914 0.881147 0.362238 0.019500 0.521230 2 87 0.600000 7 0.400000
  87 3.677572 5.789299 42.621307 -0.336746 0.911713 0.235333 0.029800 0.522200 2 87 0.600000 7 0.400000
  87 4.656225 6.000978 42.642609 0.277392 0.916185 0.289237 0.026900 0.533790 2 87 0.800000 7 0.200000
skt
  7 0.432547 2.716263 42.941029 0.303706 -0.937796 -0.168229 0.040110 0.610900 1 7 1.000000
  7 1.436925 2.959917 43.396000 0.269818 -0.959468 -0.081357 0.044450 0.596770 2 7 0.800000 87 0.200000
  7 0.417480 2.715161 42.976677 0.034391 -0.912626 0.407346 0.040850 0.611110 1 7 1.000000
skt
  7 1.436925 2.959917 43.396000 0.269818 -0.959468 -0.081357 0.044450 0.596770 2 7 0.800000 87 0.200000
  7 0.432547 2.716263 42.941029 0.303706 -0.937796 -0.168229 0.040110 0.610900 1 7 1.000000
  7 0.436957 2.768447 42.818283 0.343190 -0.879639 -0.329326 0.038370 0.610820 1 7 1.000000
skt
  7 1.453830 3.018718 43.226212 0.335339 -0.900988 -0.275261 0.042110 0.596620 2 7 0.800000 87 0.200000
  7 1.436925 2.959917 43.396000 0.269818 -0.959468 -0.081357 0.044450 0.596770 2 7 0.800000 87 0.200000
  7 0.436957 2.768447 42.818283 0.343190 -0.879639 -0.329326 0.038370 0.610820 1 7 1.000000
skt
  7 1.493520 3.156897 42.817181 0.323088 -0.904899 -0.277077 0.036550 0.596270 2 7 0.800000 87 0.200000
  7 1.453830 3.018718 43.226212 0.335339 -0.900988 -0.275261 0.042110 0.596620 2 7 0.800000 87 0.200000
  7 0.436957 2.768447 42.818283 0.343190 -0.879639 -0.329326 0.038370 0.610820 1 7 1.000000
skt
  7 1.453830 3.018718 43.226212 0.335339 -0.900988 -0.275261 0.042110 0.596620 2 7 0.800000 87 0.200000
  7 1.493520 3.156897 42.817181 0.323088 -0.904899 -0.277077 0.036550 0.596270 2 7 0.800000 87 0.200000
  7 2.571397 3.311248 43.642952 0.344514 -0.900271 -0.266126 0.045420 0.581430 2 7 0.600000 87 0.400000
skt
  7 1.493520 3.156897 42.817181 0.323088 -0.904899 -0.277077 0.036550 0.596270 2 7 0.800000 87 0.200000
  7 2.620275 3.491322 43.100891 0.351006 -0.901145 -0.254425 0.038310 0.581090 2 7 0.600000 87 0.400000
  7 2.571397 3.311248 43.642952 0.344514 -0.900271 -0.266126 0.045420 0.581430 2 7 0.600000 87 0.400000
skt
  7 2.620275 3.491322 43.100891 0.351006 -0.901145 -0.254425 0.038310 0.581090 2 7 0.600000 87 0.400000
  87 3.909832 3.947758 43.362183 0.458641 -0.850521 -0.257416 0.039030 0.564480 2 87 0.600000 7 0.400000
  7 2.571397 3.311248 43.642952 0.344514 -0.900271 -0.266126 0.045420 0.581430 2 7 0.600000 87 0.400000
skt
  87 3.909832 3.947758 43.362183 0.458641 -0.850521 -0.257416 0.039030 0.564480 2 87 0.600000 7 0.400000
  7 2.620275 3.491322 43.100891 0.351006 -0.901145 -0.254425 0.038310 0.581090 2 7 0.600000 87 0.400000
  7 2.683485 3.704840 42.393818 0.334744 -0.916380 -0.219530 0.029170 0.580570 2 7 0.600000 87 0.400000
skt
  87 3.969000 4.220442 42.466957 0.463076 -0.872570 -0.155505 0.028110 0.563840 2 87 0.600000 7 0.400000
  87 3.909832 3.947758 43.362183 0.458641 -0.850521 -0.257416 0.039030 0.564480 2 87 0.600000 7 0.400000
  7 2.683485 3.704840 42.393818 0.334744 -0.916380 -0.219530 0.029170 0.580570 2 7 0.600000 87 0.400000
skt
  87 4.101667 4.363400 41.631992 0.428903 -0.901895 -0.051253 0.018040 0.563020 2 87 0.600000 7 0.400000
  87 3.969000 4.220442 42.466957 0.463076 -0.872570 -0.155505 0.028110 0.563840 2 87 0.600000 7 0.400000
  7 2.683485 3.704840 42.393818 0.334744 -0.916380 -0.219530 0.029170 0.580570 2 7 0.600000 87 0.400000
skt
  87 3.969000 4.220442 42.466957 0.463076 -0.872570 -0.155505 0.028110 0.563840 2 87 0.600000 7 0.400000
  87 4.101667 4.363400 41.631992 0.428903 -0.901895 -0.051253 0.018040 0.563020 2 87 0.600000 7 0.400000
  87 4.933321 4.851072 42.525745 0.818774 -0.573563 -0.025192 0.026860 0.550090 2 87 0.800000 7 0.200000
skt
  87 4.101667 4.363400 41.631992 0.428903 -0.901895 -0.051253 0.018040 0.563020 2 87 0.600000 7 0.400000
  87 5.113029 4.994030 41.623169 0.807917 -0.575157 0.128313 0.016160 0.549400 2 87 0.800000 7 0.200000
  87 4.933321 4.851072 42.525745 0.818774 -0.573563 -0.025192 0.026860 0.550090 2 87 0.800000 7 0.200000
skt
  87 5.113029 4.994030 41.623169 0.807917 -0.575157 0.128313 0.016160 0.549400 2 87 0.800000 7 0.200000
  87 5.282078 5.797019 41.675716 0.928728 0.239566 0.282971 0.015450 0.540370 1 87 1.000000
  87 4.933321 4.851072 42.525745 0.818774 -0.573563 -0.025192 0.026860 0.550090 2 87 0.800000 7 0.200000
skt
  87 5.282078 5.797019 41.675716 0.928728 0.239566 0.282971 0.015450 0.540370 1 87 1.000000
  87 5.113029 4.994030 41.623169 0.807917 -0.575157 0.128313 0.016160 0.549400 2 87 0.800000 7 0.200000
  87 5.294206 5.045847 40.977474 0.811145 -0.568288 0.138172 0.009290 0.548920 2 87 0.800000 7 0.200000
skt
  87 5.432385 5.967536 41.024139 0.932525 0.244212 0.266002 0.008300 0.539880 1 87 1.000000
  87 5.282078 5.797019 41.675716 0.928728 0.239566 0.282971 0.015450 0.540370 1 87 1.000000
  87 5.294206 5.045847 40.977474 0.811145 -0.568288 0.138172 0.009290 0.548920 2 87 0.800000 7 0.200000
skt
  87 5.487878 6.039202 40.752922 0.960605 0.274152 0.045598 0.005590 0.539660 1 87 1.000000
  87 5.432385 5.967536 41.024139 0.932525 0.244212 0.266002 0.008300 0.539880 1 87 1.000000
  87 5.294206 5.045847 40.977474 0.811145 -0.568288 0.138172 0.009290 0.548920 2 87 0.800000 7 0.200000
skt
  87 5.432385 5.967536 41.024139 0.932525 0.244212 0.266002 0.008300 0.539880 1 87 1.000000
  87 5.487878 6.039202 40.752922 0.960605 0.274152 0.045598 0.005590 0.539660 1 87 1.000000
  87 4.860555 6.618382 41.105000 0.327952 0.847594 0.417172 0.008810 0.531550 2 87 0.800000 7 0.200000
skt
  87 5.487878 6.039202 40.752922 0.960605 0.274152 0.045598 0.005590 0.539660 1 87 1.000000
  87 4.893998 6.734511 40.837093 0.351871 0.918467 0.180568 0.005990 0.531270 2 87 0.800000 7 0.200000
  87 4.860555 6.618382 41.105000 0.327952 0.847594 0.417172 0.008810 0.531550 2 87 0.800000 7 0.200000
skt
  87 5.113029 4.994030 41.623169 0.807917 -0.575157 0.128313 0.016160 0.549400 2 87 0.800000 7 0.200000
  87 4.101667 4.363400 41.631992 0.428903 -0.901895 -0.051253 0.018040 0.563020 2 87 0.600000 7 0.400000
  87 5.294206 5.045847 40.977474 0.811145 -0.568288 0.138172 0.009290 0.548920 2 87 0.800000 7 0.200000
skt
  87 4.101667 4.363400 41.631992 0.428903 -0.901895 -0.051253 0.018040 0.563020 2 87 0.600000 7 0.400000
  87 4.229925 4.425875 41.009079 0.397865 -0.917090 -0.025474 0.010740 0.562210 2 87 0.600000 7 0.400000
  87 5.294206 5.045847 40.977474 0.811145 -0.568288 0.138172 0.009290 0.548920 2 87 0.800000 7 0.200000
skt
  7 2.620275 3.491322 43.100891 0.351006 -0.901145 -0.254425 0.038310 0.581090 2 7 0.600000 87 0.400000
  7 1.493520 3.156897 42.817181 0.323088 -0.904899 -0.277077 0.036550 0.596270 2 7 0.800000 87 0.200000
  7 2.683485 3.704840 42.393818 0.334744 -0.916380 -0.219530 0.029170 0.580570 2 7 0.600000 87 0.400000
skt
  7 1.493520 3.156897 42.817181 0.323088 -0.904899 -0.277077 0.036550 0.596270 2 7 0.800000 87 0.200000
  7 1.535783 3.333297 42.278793 0.305194 -0.912322 -0.272994 0.029280 0.595810 2 7 0.800000 87 0.200000
  7 2.683485 3.704840 42.393818 0.334744 -0.916380 -0.219530 0.029170 0.580570 2 7 0.600000 87 0.400000
skt
  87 4.893998 6.734511 40.837093 0.351871 0.918467 0.180568 0.005990 0.531270 2 87 0.800000 7 0.200000
  87 5.487878 6.039202 40.752922 0.960605 0.274152 0.045598 0.005590 0.539660 1 87 1.000000
  87 4.888485 6.733776 40.766899 0.286670 0.872812 -0.394993 0.005290 0.531190 2 87 0.800000 7 0.200000
skt
  87 5.487878 6.039202 40.752922 0.960605 0.274152 0.045598 0.005590 0.539660 1 87 1.000000
  87 5.473545 6.048388 40.686405 0.805559 0.293836 -0.514524 0.004880 0.539610 1 87 1.000000
  87 4.888485 6.733776 40.766899 0.286670 0.872812 -0.394993 0.005290 0.531190 2 87 0.800000 7 0.200000
skt
  7 0.448718 2.883109 42.522076 0.326622 -0.882951 -0.337217 0.034190 0.610660 1 7 1.000000
  7 1.493520 3.156897 42.817181 0.323088 -0.904899 -0.277077 0.036550 0.596270 2 7 0.800000 87 0.200000
  7 0.436957 2.768447 42.818283 0.343190 -0.879639 -0.329326 0.038370 0.610820 1 7 1.000000
skt
  7 1.493520 3.156897 42.817181 0.323088 -0.904899 -0.277077 0.036550 0.596270 2 7 0.800000 87 0.200000
  7 0.448718 2.883109 42.522076 0.326622 -0.882951 -0.337217 0.034190 0.610660 1 7 1.000000
  7 0.456802 3.034151 42.142448 0.283604 -0.896924 -0.339258 0.028820 0.610490 1 7 1.000000
skt
  7 1.535783 3.333297 42.278793 0.305194 -0.912322 -0.272994 0.029280 0.595810 2 7 0.800000 87 0.200000
  7 1.493520 3.156897 42.817181 0.323088 -0.904899 -0.277077 0.036550 0.596270 2 7 0.800000 87 0.200000
  7 0.456802 3.034151 42.142448 0.283604 -0.896924 -0.339258 0.028820 0.610490 1 7 1.000000
skt
  7 1.560037 3.507123 41.720932 0.262771 -0.925596 -0.272439 0.021800 0.595520 2 7 0.800000 87 0.200000
  7 1.535783 3.333297 42.278793 0.305194 -0.912322 -0.272994 0.029280 0.595810 2 7 0.800000 87 0.200000
  7 0.456802 3.034151 42.142448 0.283604 -0.896924 -0.339258 0.028820 0.610490 1 7 1.000000
skt
  7 1.535783 3.333297 42.278793 0.305194 -0.912322 -0.272994 0.029280 0.595810 2 7 0.800000 87 0.200000
  7 1.560037 3.507123 41.720932 0.262771 -0.925596 -0.272439 0.021800 0.595520 2 7 0.800000 87 0.200000
  7 2.683485 3.704840 42.393818 0.334744 -0.916380 -0.219530 0.029170 0.580570 2 7 0.600000 87 0.400000
skt
  7 1.560037 3.507123 41.720932 0.262771 -0.925596 -0.272439 0.021800 0.595520 2 7 0.800000 87 0.200000
  7 2.750003 3.877197 41.674255 0.306835 -0.934327 -0.181341 0.020030 0.579890 2 7 0.600000 87 0.400000
  7 2.683485 3.704840 42.393818 0.334744 -0.916380 -0.219530 0.029170 0.580570 2 7 0.600000 87 0.400000
skt
  7 2.750003 3.877197 41.674255 0.306835 -0.934327 -0.181341 0.020030 0.579890 2 7 0.600000 87 0.400000
  87 4.101667 4.363400 41.631992 0.428903 -0.901895 -0.051253 0.018040 0.563020 2 87 0.600000 7 0.400000
  7 2.683485 3.704840 42.393818 0.334744 -0.916380 -0.219530 0.029170 0.580570 2 7 0.600000 87 0.400000
skt
  87 4.101667 4.363400 41.631992 0.428903 -0.901895 -0.051253 0.018040 0.563020 2 87 0.600000 7 0.400000
  7 2.750003 3.877197 41.674255 0.306835 -0.934327 -0.181341 0.020030 0.579890 2 7 0.600000 87 0.400000
  7 2.801453 3.994797 41.111984 0.272663 -0.946989 -0.169903 0.012970 0.579300 2 7 0.600000 87 0.400000
skt
  87 4.229925 4.425875 41.009079 0.397865 -0.917090 -0.025474 0.010740 0.562210 2 87 0.600000 7 0.400000
  87 4.101667 4.363400 41.631992 0.428903 -0.901895 -0.051253 0.018040 0.563020 2 87 0.600000 7 0.400000
  7 2.801453 3.994797 41.111984 0.272663 -0.946989 -0.169903 0.012970 0.579300 2 7 0.600000 87 0.400000
skt
  87 4.275128 4.457113 40.748890 0.369038 -0.885882 -0.281111 0.007760 0.561850 2 87 0.600000 7 0.400000
  87 4.229925 4.425875 41.009079 0.397865 -0.917090 -0.025474 0.010740 0.562210 2 87 0.600000 7 0.400000
  7 2.801453 3.994797 41.111984 0.272663 -0.946989 -0.169903 0.012970 0.579300 2 7 0.600000 87 0.400000
skt
  87 4.229925 4.425875 41.009079 0.397865 -0.917090 -0.025474 0.010740 0.562210 2 87 0.600000 7 0.400000
  87 4.275128 4.457113 40.748890 0.369038 -0.885882 -0.281111 0.007760 0.561850 2 87 0.600000 7 0.400000
  87 5.294206 5.045847 40.977474 0.811145 -0.568288 0.138172 0.009290 0.548920 2 87 0.800000 7 0.200000
skt
  87 4.275128 4.457113 40.748890 0.369038 -0.885882 -0.281111 0.007760 0.561850 2 87 0.600000 7 0.400000
  87 5.359253 5.075249 40.708462 0.830662 -0.538956 -0.139741 0.006500 0.548700 2 87 0.800000 7 0.200000
  87 5.294206 5.045847 40.977474 0.811145 -0.568288 0.138172 0.009290 0.548920 2 87 0.800000 7 0.200000
skt
  87 5.359253 5.075249 40.708462 0.830662 -0.538956 -0.139741 0.006500 0.548700 2 87 0.800000 7 0.200000
  87 5.487878 6.039202 40.752922 0.960605 0.274152 0.045598 0.005590 0.539660 1 87 1.000000
  87 5.294206 5.045847 40.977474 0.811145 -0.568288 0.138172 0.009290 0.548920 2 87 0.800000 7 0.200000
skt
  87 5.487878 6.039202 40.752922 0.960605 0.274152 0.045598 0.005590 0.539660 1 87 1.000000
  87 5.359253 5.075249 40.708462 0.830662 -0.538956 -0.139741 0.006500 0.548700 2 87 0.800000 7 0.200000
  87 5.339775 5.097296 40.647461 0.596746 -0.373645 -0.710129 0.005810 0.548700 2 87 0.800000 7 0.200000
skt
  87 5.473545 6.048388 40.686405 0.805559 0.293836 -0.514524 0.004880 0.539610 1 87 1.000000
  87 5.487878 6.039202 40.752922 0.960605 0.274152 0.045598 0.005590 0.539660 1 87 1.000000
  87 5.339775 5.097296 40.647461 0.596746 -0.373645 -0.710129 0.005810 0.548700 2 87 0.800000 7 0.200000
skt
  87 5.414742 6.032218 40.649288 0.479322 0.199030 -0.854773 0.004140 0.539650 1 87 1.000000
  87 5.473545 6.048388 40.686405 0.805559 0.293836 -0.514524 0.004880 0.539610 1 87 1.000000
  87 5.339775 5.097296 40.647461 0.596746 -0.373645 -0.710129 0.005810 0.548700 2 87 0.800000 7 0.200000
skt
  87 5.473545 6.048388 40.686405 0.805559 0.293836 -0.514524 0.004880 0.539610 1 87 1.000000
  87 5.414742 6.032218 40.649288 0.479322 0.199030 -0.854773 0.004140 0.539650 1 87 1.000000
  87 4.888485 6.733776 40.766899 0.286670 0.872812 -0.394993 0.005290 0.531190 2 87 0.800000 7 0.200000
skt
  87 5.414742 6.032218 40.649288 0.479322 0.199030 -0.854773 0.004140 0.539650 1 87 1.000000
  87 4.859085 6.680490 40.717655 0.136295 0.630787 -0.763892 0.004580 0.531030 2 87 0.800000 7 0.200000
  87 4.888485 6.733776 40.766899 0.286670 0.872812 -0.394993 0.005290 0.531190 2 87 0.800000 7 0.200000
skt
  87 4.859085 6.680490 40.717655 0.136295 0.630787 -0.763892 0.004580 0.531030 2 87 0.800000 7 0.200000
  87 3.813915 6.502617 40.789314 -0.325743 0.729837 -0.601023 0.006880 0.519940 2 87 0.600000 7 0.400000
  87 4.888485 6.733776 40.766899 0.286670 0.872812 -0.394993 0.005290 0.531190 2 87 0.800000 7 0.200000
skt
  7 1.560037 3.507123 41.720932 0.262771 -0.925596 -0.272439 0.021800 0.595520 2 7 0.800000 87 0.200000
  7 0.450922 3.194748 41.769806 0.232971 -0.888899 -0.394440 0.023500 0.610410 1 7 1.000000
  7 0.441000 3.322270 41.483158 0.203691 -0.904295 -0.375181 0.019400 0.610380 1 7 1.000000
skt
  7 0.450922 3.194748 41.769806 0.232971 -0.888899 -0.394440 0.023500 0.610410 1 7 1.000000
  7 1.560037 3.507123 41.720932 0.262771 -0.925596 -0.272439 0.021800 0.595520 2 7 0.800000 87 0.200000
  7 0.456802 3.034151 42.142448 0.283604 -0.896924 -0.339258 0.028820 0.610490 1 7 1.000000
skt
  87 4.260060 4.485776 40.694496 0.171437 -0.535623 -0.826872 0.006960 0.561940 2 87 0.600000 7 0.400000
  87 4.206773 4.539433 40.688622 -0.024357 -0.134739 -0.990582 0.006120 0.562390 2 87 0.600000 7 0.400000
  87 5.339775 5.097296 40.647461 0.596746 -0.373645 -0.710129 0.005810 0.548700 2 87 0.800000 7 0.200000
skt
  87 4.206773 4.539433 40.688622 -0.024357 -0.134739 -0.990582 0.006120 0.562390 2 87 0.600000 7 0.400000
  87 5.268113 5.128166 40.626141 0.200636 -0.196896 -0.959675 0.005090 0.548960 2 87 0.800000 7 0.200000
  87 5.339775 5.097296 40.647461 0.596746 -0.373645 -0.710129 0.005810 0.548700 2 87 0.800000 7 0.200000
skt
  87 5.268113 5.128166 40.626141 0.200636 -0.196896 -0.959675 0.005090 0.548960 2 87 0.800000 7 0.200000
  87 5.414742 6.032218 40.649288 0.479322 0.199030 -0.854773 0.004140 0.539650 1 87 1.000000
  87 5.339775 5.097296 40.647461 0.596746 -0.373645 -0.710129 0.005810 0.548700 2 87 0.800000 7 0.200000
skt
  7 2.750003 3.877197 41.674255 0.306835 -0.934327 -0.181341 0.020030 0.579890 2 7 0.600000 87 0.400000
  7 1.560037 3.507123 41.720932 0.262771 -0.925596 -0.272439 0.021800 0.595520 2 7 0.800000 87 0.200000
  7 2.801453 3.994797 41.111984 0.272663 -0.946989 -0.169903 0.012970 0.579300 2 7 0.600000 87 0.400000
skt
  7 1.560037 3.507123 41.720932 0.262771 -0.925596 -0.272439 0.021800 0.595520 2 7 0.800000 87 0.200000
  7 1.571430 3.639792 41.281399 0.223808 -0.936262 -0.270783 0.015940 0.595270 2 7 0.800000 87 0.200000
  7 2.801453 3.994797 41.111984 0.272663 -0.946989 -0.169903 0.012970 0.579300 2 7 0.600000 87 0.400000
skt
  7 1.571430 3.639792 41.281399 0.223808 -0.936262 -0.270783 0.015940 0.595270 2 7 0.800000 87 0.200000
  7 1.560037 3.507123 41.720932 0.262771 -0.925596 -0.272439 0.021800 0.595520 2 7 0.800000 87 0.200000
  7 0.441000 3.322270 41.483158 0.203691 -0.904295 -0.375181 0.019400 0.610380 1 7 1.000000
skt
  7 1.575105 3.693079 41.096180 0.146350 -0.861708 -0.485841 0.013480 0.595190 2 7 0.800000 87 0.200000
  7 1.571430 3.639792 41.281399 0.223808 -0.936262 -0.270783 0.015940 0.595270 2 7 0.800000 87 0.200000
  7 0.441000 3.322270 41.483158 0.203691 -0.904295 -0.375181 0.019400 0.610380 1 7 1.000000
skt
  7 0.437325 3.373720 41.361145 0.085536 -0.798797 -0.595488 0.017660 0.610370 1 7 1.000000
  7 1.575105 3.693079 41.096180 0.146350 -0.861708 -0.485841 0.013480 0.595190 2 7 0.800000 87 0.200000
  7 0.441000 3.322270 41.483158 0.203691 -0.904295 -0.375181 0.019400 0.610380 1 7 1.000000
skt
  7 1.575105 3.693079 41.096180 0.146350 -0.861708 -0.485841 0.013480 0.595190 2 7 0.800000 87 0.200000
  7 0.437325 3.373720 41.361145 0.085536 -0.798797 -0.595488 0.017660 0.610370 1 7 1.000000
  7 0.427770 3.404593 41.338726 -0.152284 -0.267608 -0.951418 0.016840 0.610500 1 7 1.000000
skt
  7 1.567388 3.723948 41.061634 -0.094522 -0.362607 -0.927136 0.012620 0.595260 2 7 0.800000 87 0.200000
  7 1.575105 3.693079 41.096180 0.146350 -0.861708 -0.485841 0.013480 0.595190 2 7 0.800000 87 0.200000
  7 0.427770 3.404593 41.338726 -0.152284 -0.267608 -0.951418 0.016840 0.610500 1 7 1.000000
skt
  7 1.544970 3.788630 41.073032 -0.233857 0.088277 -0.968255 0.011770 0.595550 2 7 0.800000 87 0.200000
  7 1.567388 3.723948 41.061634 -0.094522 -0.362607 -0.927136 0.012620 0.595260 2 7 0.800000 87 0.200000
  7 0.427770 3.404593 41.338726 -0.152284 -0.267608 -0.951418 0.016840 0.610500 1 7 1.000000
skt
  7 1.567388 3.723948 41.061634 -0.094522 -0.362607 -0.927136 0.012620 0.595260 2 7 0.800000 87 0.200000
  7 1.544970 3.788630 41.073032 -0.233857 0.088277 -0.968255 0.011770 0.595550 2 7 0.800000 87 0.200000
  7 2.810272 4.074179 40.831215 0.002255 -0.443955 -0.896046 0.009140 0.579110 2 7 0.600000 87 0.400000
skt
  7 1.544970 3.788630 41.073032 -0.233857 0.088277 -0.968255 0.011770 0.595550 2 7 0.800000 87 0.200000
  7 2.781608 4.135918 40.837460 -0.157501 0.026728 -0.987157 0.008300 0.579410 2 7 0.600000 87 0.400000
  7 2.810272 4.074179 40.831215 0.002255 -0.443955 -0.896046 0.009140 0.579110 2 7 0.600000 87 0.400000
skt
  7 2.781608 4.135918 40.837460 -0.157501 0.026728 -0.987157 0.008300 0.579410 2 7 0.600000 87 0.400000
  87 4.206773 4.539433 40.688622 -0.024357 -0.134739 -0.990582 0.006120 0.562390 2 87 0.600000 7 0.400000
  7 2.810272 4.074179 40.831215 0.002255 -0.443955 -0.896046 0.009140 0.579110 2 7 0.600000 87 0.400000
skt
  87 4.206773 4.539433 40.688622 -0.024357 -0.134739 -0.990582 0.006120 0.562390 2 87 0.600000 7 0.400000
  87 4.260060 4.485776 40.694496 0.171437 -0.535623 -0.826872 0.006960 0.561940 2 87 0.600000 7 0.400000
  7 2.810272 4.074179 40.831215 0.002255 -0.443955 -0.896046 0.009140 0.579110 2 7 0.600000 87 0.400000
skt
  87 4.260060 4.485776 40.694496 0.171437 -0.535623 -0.826872 0.006960 0.561940 2 87 0.600000 7 0.400000
  87 4.275128 4.457113 40.748890 0.369038 -0.885882 -0.281111 0.007760 0.561850 2 87 0.600000 7 0.400000
  7 2.810272 4.074179 40.831215 0.002255 -0.443955 -0.896046 0.009140 0.579110 2 7 0.600000 87 0.400000
skt
  87 4.275128 4.457113 40.748890 0.369038 -0.885882 -0.281111 0.007760 0.561850 2 87 0.600000 7 0.400000
  87 4.260060 4.485776 40.694496 0.171437 -0.535623 -0.826872 0.006960 0.561940 2 87 0.600000 7 0.400000
  87 5.339775 5.097296 40.647461 0.596746 -0.373645 -0.710129 0.005810 0.548700 2 87 0.800000 7 0.200000
skt
  87 5.359253 5.075249 40.708462 0.830662 -0.538956 -0.139741 0.006500 0.548700 2 87 0.800000 7 0.200000
  87 4.275128 4.457113 40.748890 0.369038 -0.885882 -0.281111 0.007760 0.561850 2 87 0.600000 7 0.400000
  87 5.339775 5.097296 40.647461 0.596746 -0.373645 -0.710129 0.005810 0.548700 2 87 0.800000 7 0.200000
skt
  7 0.402045 3.469638 41.351959 -0.260366 0.092520 -0.961067 0.016000 0.610880 1 7 1.000000
  7 1.544970 3.788630 41.073032 -0.233857 0.088277 -0.968255 0.011770 0.595550 2 7 0.800000 87 0.200000
  7 0.427770 3.404593 41.338726 -0.152284 -0.267608 -0.951418 0.016840 0.610500 1 7 1.000000
skt
  7 1.575105 3.693079 41.096180 0.146350 -0.861708 -0.485841 0.013480 0.595190 2 7 0.800000 87 0.200000
  7 1.567388 3.723948 41.061634 -0.094522 -0.362607 -0.927136 0.012620 0.595260 2 7 0.800000 87 0.200000
  7 2.810272 4.074179 40.831215 0.002255 -0.443955 -0.896046 0.009140 0.579110 2 7 0.600000 87 0.400000
skt
  7 2.819092 4.044042 40.876785 0.203361 -0.899631 -0.386404 0.010030 0.579040 2 7 0.600000 87 0.400000
  7 1.575105 3.693079 41.096180 0.146350 -0.861708 -0.485841 0.013480 0.595190 2 7 0.800000 87 0.200000
  7 2.810272 4.074179 40.831215 0.002255 -0.443955 -0.896046 0.009140 0.579110 2 7 0.600000 87 0.400000
skt
  87 4.275128 4.457113 40.748890 0.369038 -0.885882 -0.281111 0.007760 0.561850 2 87 0.600000 7 0.400000
  7 2.819092 4.044042 40.876785 0.203361 -0.899631 -0.386404 0.010030 0.579040 2 7 0.600000 87 0.400000
  7 2.810272 4.074179 40.831215 0.002255 -0.443955 -0.896046 0.009140 0.579110 2 7 0.600000 87 0.400000
skt
  7 2.819092 4.044042 40.876785 0.203361 -0.899631 -0.386404 0.010030 0.579040 2 7 0.600000 87 0.400000
  87 4.275128 4.457113 40.748890 0.369038 -0.885882 -0.281111 0.007760 0.561850 2 87 0.600000 7 0.400000
  7 2.801453 3.994797 41.111984 0.272663 -0.946989 -0.169903 0.012970 0.579300 2 7 0.600000 87 0.400000
skt
  7 1.575105 3.693079 41.096180 0.146350 -0.861708 -0.485841 0.013480 0.595190 2 7 0.800000 87 0.200000
  7 2.819092 4.044042 40.876785 0.203361 -0.899631 -0.386404 0.010030 0.579040 2 7 0.600000 87 0.400000
  7 2.801453 3.994797 41.111984 0.272663 -0.946989 -0.169903 0.012970 0.579300 2 7 0.600000 87 0.400000
skt
  7 1.571430 3.639792 41.281399 0.223808 -0.936262 -0.270783 0.015940 0.595270 2 7 0.800000 87 0.200000
  7 1.575105 3.693079 41.096180 0.146350 -0.861708 -0.485841 0.013480 0.595190 2 7 0.800000 87 0.200000
  7 2.801453 3.994797 41.111984 0.272663 -0.946989 -0.169903 0.012970 0.579300 2 7 0.600000 87 0.400000
skt
  89 -5.921895 9.165888 34.779953 0.414959 -0.319914 -0.851742 0.501900 0.653190 2 89 0.550000 7 0.450000
  89 -5.870445 9.287163 34.831406 0.666049 0.033560 -0.745153 0.498908 0.652741 2 89 0.550000 7 0.450000
  89 -5.512500 8.940608 35.242638 0.757600 -0.038040 -0.651610 0.502407 0.669220 2 89 0.550000 7 0.450000
skt
  89 -6.045010 9.402187 34.719688 0.150923 0.096766 -0.983798 0.499700 0.646570 2 89 0.550000 7 0.450000
  89 -5.870445 9.287163 34.831406 0.666049 0.033560 -0.745153 0.498908 0.652741 2 89 0.550000 7 0.450000
  89 -5.921895 9.165888 34.779953 0.414959 -0.319914 -0.851742 0.501900 0.653190 2 89 0.550000 7 0.450000
skt
  89 -5.921895 9.165888 34.779953 0.414959 -0.319914 -0.851742 0.501900 0.653190 2 89 0.550000 7 0.450000
  89 -5.997970 9.101200 34.822952 -0.086337 -0.715494 -0.693264 0.504480 0.653260 2 89 0.550000 7 0.450000
  89 -6.140924 9.262539 34.713440 -0.338532 -0.272483 -0.900638 0.503830 0.647830 2 89 0.550000 7 0.450000
skt
  89 -6.044641 9.279441 34.717102 0.226848 -0.131298 -0.965039 0.501860 0.648950 2 89 0.550000 7 0.450000
  89 -5.921895 9.165888 34.779953 0.414959 -0.319914 -0.851742 0.501900 0.653190 2 89 0.550000 7 0.450000
  89 -6.140924 9.262539 34.713440 -0.338532 -0.272483 -0.900638 0.503830 0.647830 2 89 0.550000 7 0.450000
skt
  89 -6.044641 9.279441 34.717102 0.226848 -0.131298 -0.965039 0.501860 0.648950 2 89 0.550000 7 0.450000
  89 -6.045010 9.402187 34.719688 0.150923 0.096766 -0.983798 0.499700 0.646570 2 89 0.550000 7 0.450000
  89 -5.921895 9.165888 34.779953 0.414959 -0.319914 -0.851742 0.501900 0.653190 2 89 0.550000 7 0.450000
skt
  89 -6.044641 9.279441 34.717102 0.226848 -0.131298 -0.965039 0.501860 0.648950 2 89 0.550000 7 0.450000
  89 -6.140924 9.262539 34.713440 -0.338532 -0.272483 -0.900638 0.503830 0.647830 2 89 0.550000 7 0.450000
  89 -6.045010 9.402187 34.719688 0.150923 0.096766 -0.983798 0.499700 0.646570 2 89 0.550000 7 0.450000
skt
  89 -6.140924 9.262539 34.713440 -0.338532 -0.272483 -0.900638 0.503830 0.647830 2 89 0.550000 7 0.450000
  89 -6.162607 9.416153 34.742836 -0.493180 0.095865 -0.864629 0.502120 0.644130 2 89 0.550000 7 0.450000
  89 -6.045010 9.402187 34.719688 0.150923 0.096766 -0.983798 0.499700 0.646570 2 89 0.550000 7 0.450000
skt
  89 -6.569430 9.251143 35.155907 -0.718389 0.028132 -0.695072 0.517530 0.642260 2 89 0.550000 7 0.450000
  89 -6.162607 9.416153 34.742836 -0.493180 0.095865 -0.864629 0.502120 0.644130 2 89 0.550000 7 0.450000
  89 -6.140924 9.262539 34.713440 -0.338532 -0.272483 -0.900638 0.503830 0.647830 2 89 0.550000 7 0.450000
skt
  89 -7.585200 8.674537 36.182701 -0.577923 -0.381941 -0.721197 0.557460 0.645520 2 89 0.550000 7 0.450000
  89 -7.610927 8.828157 36.213936 -0.716852 0.021642 -0.696889 0.557410 0.641440 2 89 0.550000 7 0.450000
  89 -6.569430 9.251143 35.155907 -0.718389 0.028132 -0.695072 0.517530 0.642260 2 89 0.550000 7 0.450000
skt
  89 -6.546645 9.097162 35.126137 -0.579763 -0.378579 -0.721493 0.517980 0.646270 2 89 0.550000 7 0.450000
  89 -7.585200 8.674537 36.182701 -0.577923 -0.381941 -0.721197 0.557460 0.645520 2 89 0.550000 7 0.450000
  89 -6.569430 9.251143 35.155907 -0.718389 0.028132 -0.695072 0.517530 0.642260 2 89 0.550000 7 0.450000
skt
  89 -6.546645 9.097162 35.126137 -0.579763 -0.378579 -0.721493 0.517980 0.646270 2 89 0.550000 7 0.450000
  89 -6.569430 9.251143 35.155907 -0.718389 0.028132 -0.695072 0.517530 0.642260 2 89 0.550000 7 0.450000
  89 -6.140924 9.262539 34.713440 -0.338532 -0.272483 -0.900638 0.503830 0.647830 2 89 0.550000 7 0.450000
skt
  89 -6.546645 9.097162 35.126137 -0.579763 -0.378579 -0.721493 0.517980 0.646270 2 89 0.550000 7 0.450000
  89 -6.140924 9.262539 34.713440 -0.338532 -0.272483 -0.900638 0.503830 0.647830 2 89 0.550000 7 0.450000
  89 -6.400013 8.936201 35.233818 -0.265151 -0.776578 -0.571508 0.518770 0.652430 2 89 0.550000 7 0.450000
skt
  89 -6.140924 9.262539 34.713440 -0.338532 -0.272483 -0.900638 0.503830 0.647830 2 89 0.550000 7 0.450000
  89 -5.997970 9.101200 34.822952 -0.086337 -0.715494 -0.693264 0.504480 0.653260 2 89 0.550000 7 0.450000
  89 -6.400013 8.936201 35.233818 -0.265151 -0.776578 -0.571508 0.518770 0.652430 2 89 0.550000 7 0.450000
skt
  89 -6.400013 8.936201 35.233818 -0.265151 -0.776578 -0.571508 0.518770 0.652430 2 89 0.550000 7 0.450000
  89 -5.997970 9.101200 34.822952 -0.086337 -0.715494 -0.693264 0.504480 0.653260 2 89 0.550000 7 0.450000
  89 -5.635244 8.757959 35.233444 0.001811 -0.774640 -0.632399 0.507120 0.668690 2 89 0.550000 7 0.450000
skt
  89 -5.635244 8.757959 35.233444 0.001811 -0.774640 -0.632399 0.507120 0.668690 2 89 0.550000 7 0.450000
  89 -5.997970 9.101200 34.822952 -0.086337 -0.715494 -0.693264 0.504480 0.653260 2 89 0.550000 7 0.450000
  89 -5.921895 9.165888 34.779953 0.414959 -0.319914 -0.851742 0.501900 0.653190 2 89 0.550000 7 0.450000
skt
  89 -5.562113 8.821538 35.191917 0.525824 -0.394266 -0.753700 0.504450 0.668730 2 89 0.550000 7 0.450000
  89 -5.635244 8.757959 35.233444 0.001811 -0.774640 -0.632399 0.507120 0.668690 2 89 0.550000 7 0.450000
  89 -5.921895 9.165888 34.779953 0.414959 -0.319914 -0.851742 0.501900 0.653190 2 89 0.550000 7 0.450000
skt
  89 -5.562113 8.821538 35.191917 0.525824 -0.394266 -0.753700 0.504450 0.668730 2 89 0.550000 7 0.450000
  89 -5.921895 9.165888 34.779953 0.414959 -0.319914 -0.851742 0.501900 0.653190 2 89 0.550000 7 0.450000
  89 -5.512500 8.940608 35.242638 0.757600 -0.038040 -0.651610 0.502407 0.669220 2 89 0.550000 7 0.450000
skt
  89 -5.562113 8.821538 35.191917 0.525824 -0.394266 -0.753700 0.504450 0.668730 2 89 0.550000 7 0.450000
  89 -5.512500 8.940608 35.242638 0.757600 -0.038040 -0.651610 0.502407 0.669220 2 89 0.550000 7 0.450000
  7 -4.889585 8.118876 36.070236 0.544264 -0.395209 -0.739991 0.513380 0.701090 2 7 0.500000 89 0.500000
skt
  89 -5.512500 8.940608 35.242638 0.757600 -0.038040 -0.651610 0.502407 0.669220 2 89 0.550000 7 0.450000
  7 -4.844751 8.231701 36.118752 0.775435 -0.037109 -0.630336 0.511457 0.701421 2 7 0.500000 89 0.500000
  7 -4.889585 8.118876 36.070236 0.544264 -0.395209 -0.739991 0.513380 0.701090 2 7 0.500000 89 0.500000
skt
  7 -4.889585 8.118876 36.070236 0.544264 -0.395209 -0.739991 0.513380 0.701090 2 7 0.500000 89 0.500000
  7 -4.844751 8.231701 36.118752 0.775435 -0.037109 -0.630336 0.511457 0.701421 2 7 0.500000 89 0.500000
  7 -4.000237 7.357787 37.192226 0.766132 -0.002111 -0.642680 0.523827 0.741382 2 7 0.600000 89 0.400000
skt
  7 -4.038458 7.253417 37.147022 0.545408 -0.365616 -0.754225 0.525560 0.741330 2 7 0.600000 89 0.400000
  7 -4.889585 8.118876 36.070236 0.544264 -0.395209 -0.739991 0.513380 0.701090 2 7 0.500000 89 0.500000
  7 -4.000237 7.357787 37.192226 0.766132 -0.002111 -0.642680 0.523827 0.741382 2 7 0.600000 89 0.400000
skt
  7 -4.038458 7.253417 37.147022 0.545408 -0.365616 -0.754225 0.525560 0.741330 2 7 0.600000 89 0.400000
  7 -4.000237 7.357787 37.192226 0.766132 -0.002111 -0.642680 0.523827 0.741382 2 7 0.600000 89 0.400000
  7 -3.144330 6.421031 38.153603 0.552724 -0.317424 -0.770544 0.537200 0.780440 2 7 0.700000 89 0.300000
skt
  7 -4.038458 7.253417 37.147022 0.545408 -0.365616 -0.754225 0.525560 0.741330 2 7 0.600000 89 0.400000
  7 -3.144330 6.421031 38.153603 0.552724 -0.317424 -0.770544 0.537200 0.780440 2 7 0.700000 89 0.300000
  7 -4.093949 7.199027 37.178993 0.014194 -0.769973 -0.637918 0.527780 0.741190 2 7 0.600000 89 0.400000
skt
  7 -3.144330 6.421031 38.153603 0.552724 -0.317424 -0.770544 0.537200 0.780440 2 7 0.700000 89 0.300000
  7 -3.189900 6.371417 38.178963 0.025186 -0.757636 -0.652191 0.539360 0.780240 2 7 0.700000 89 0.300000
  7 -4.093949 7.199027 37.178993 0.014194 -0.769973 -0.637918 0.527780 0.741190 2 7 0.600000 89 0.400000
skt
  7 -4.093949 7.199027 37.178993 0.014194 -0.769973 -0.637918 0.527780 0.741190 2 7 0.600000 89 0.400000
  7 -3.189900 6.371417 38.178963 0.025186 -0.757636 -0.652191 0.539360 0.780240 2 7 0.700000 89 0.300000
  7 -3.439432 6.251614 38.475533 -0.196987 -0.841299 -0.503401 0.549740 0.779710 2 7 0.700000 89 0.300000
skt
  7 -3.439432 6.251614 38.475533 -0.196987 -0.841299 -0.503401 0.549740 0.779710 2 7 0.700000 89 0.300000
  7 -3.189900 6.371417 38.178963 0.025186 -0.757636 -0.652191 0.539360 0.780240 2 7 0.700000 89 0.300000
  7 -2.257185 5.570635 39.144749 0.053889 -0.748556 -0.660878 0.551950 0.818320 2 7 0.800000 89 0.200000
skt
  89 -6.546645 9.097162 35.126137 -0.579763 -0.378579 -0.721493 0.517980 0.646270 2 89 0.550000 7 0.450000
  89 -6.400013 8.936201 35.233818 -0.265151 -0.776578 -0.571508 0.518770 0.652430 2 89 0.550000 7 0.450000
  89 -7.585200 8.674537 36.182701 -0.577923 -0.381941 -0.721197 0.557460 0.645520 2 89 0.550000 7 0.450000
skt
  7 -2.257185 5.570635 39.144749 0.053889 -0.748556 -0.660878 0.551950 0.818320 2 7 0.800000 89 0.200000
  7 -3.189900 6.371417 38.178963 0.025186 -0.757636 -0.652191 0.539360 0.780240 2 7 0.700000 89 0.300000
  7 -3.144330 6.421031 38.153603 0.552724 -0.317424 -0.770544 0.537200 0.780440 2 7 0.700000 89 0.300000
skt
  7 -4.038458 7.253417 37.147022 0.545408 -0.365616 -0.754225 0.525560 0.741330 2 7 0.600000 89 0.400000
  7 -4.093949 7.199027 37.178993 0.014194 -0.769973 -0.637918 0.527780 0.741190 2 7 0.600000 89 0.400000
  7 -4.889585 8.118876 36.070236 0.544264 -0.395209 -0.739991 0.513380 0.701090 2 7 0.500000 89 0.500000
skt
  7 -4.093949 7.199027 37.178993 0.014194 -0.769973 -0.637918 0.527780 0.741190 2 7 0.600000 89 0.400000
  7 -4.955002 8.058976 36.108101 0.009774 -0.776444 -0.630111 0.515850 0.700990 2 7 0.500000 89 0.500000
  7 -4.889585 8.118876 36.070236 0.544264 -0.395209 -0.739991 0.513380 0.701090 2 7 0.500000 89 0.500000
skt
  89 -6.020752 8.596624 35.632553 -0.191226 -0.831853 -0.521011 0.521810 0.668660 2 89 0.550000 7 0.450000
  89 -6.400013 8.936201 35.233818 -0.265151 -0.776578 -0.571508 0.518770 0.652430 2 89 0.550000 7 0.450000
  89 -5.635244 8.757959 35.233444 0.001811 -0.774640 -0.632399 0.507120 0.668690 2 89 0.550000 7 0.450000
skt
  89 -5.562113 8.821538 35.191917 0.525824 -0.394266 -0.753700 0.504450 0.668730 2 89 0.550000 7 0.450000
  7 -4.889585 8.118876 36.070236 0.544264 -0.395209 -0.739991 0.513380 0.701090 2 7 0.500000 89 0.500000
  89 -5.635244 8.757959 35.233444 0.001811 -0.774640 -0.632399 0.507120 0.668690 2 89 0.550000 7 0.450000
skt
  7 -4.889585 8.118876 36.070236 0.544264 -0.395209 -0.739991 0.513380 0.701090 2 7 0.500000 89 0.500000
  7 -4.955002 8.058976 36.108101 0.009774 -0.776444 -0.630111 0.515850 0.700990 2 7 0.500000 89 0.500000
  89 -5.635244 8.757959 35.233444 0.001811 -0.774640 -0.632399 0.507120 0.668690 2 89 0.550000 7 0.450000
skt
  89 -5.635244 8.757959 35.233444 0.001811 -0.774640 -0.632399 0.507120 0.668690 2 89 0.550000 7 0.450000
  7 -4.955002 8.058976 36.108101 0.009774 -0.776444 -0.630111 0.515850 0.700990 2 7 0.500000 89 0.500000
  7 -5.299350 7.908298 36.475227 -0.188406 -0.834313 -0.518097 0.529410 0.700930 2 7 0.500000 89 0.500000
skt
  7 -5.299350 7.908298 36.475227 -0.188406 -0.834313 -0.518097 0.529410 0.700930 2 7 0.500000 89 0.500000
  7 -4.955002 8.058976 36.108101 0.009774 -0.776444 -0.630111 0.515850 0.700990 2 7 0.500000 89 0.500000
  7 -4.093949 7.199027 37.178993 0.014194 -0.769973 -0.637918 0.527780 0.741190 2 7 0.600000 89 0.400000
skt
  7 -4.387950 7.062684 37.507908 -0.190315 -0.835690 -0.515173 0.539610 0.740980 2 7 0.600000 89 0.400000
  7 -5.299350 7.908298 36.475227 -0.188406 -0.834313 -0.518097 0.529410 0.700930 2 7 0.500000 89 0.500000
  7 -4.093949 7.199027 37.178993 0.014194 -0.769973 -0.637918 0.527780 0.741190 2 7 0.600000 89 0.400000
skt
  7 -4.387950 7.062684 37.507908 -0.190315 -0.835690 -0.515173 0.539610 0.740980 2 7 0.600000 89 0.400000
  7 -4.093949 7.199027 37.178993 0.014194 -0.769973 -0.637918 0.527780 0.741190 2 7 0.600000 89 0.400000
  7 -3.439432 6.251614 38.475533 -0.196987 -0.841299 -0.503401 0.549740 0.779710 2 7 0.700000 89 0.300000
skt
  7 -4.387950 7.062684 37.507908 -0.190315 -0.835690 -0.515173 0.539610 0.740980 2 7 0.600000 89 0.400000
  7 -3.439432 6.251614 38.475533 -0.196987 -0.841299 -0.503401 0.549740 0.779710 2 7 0.700000 89 0.300000
  7 -5.141324 6.714293 38.353523 -0.187032 -0.839603 -0.509986 0.569600 0.740230 2 7 0.600000 89 0.400000
skt
  7 -3.439432 6.251614 38.475533 -0.196987 -0.841299 -0.503401 0.549740 0.779710 2 7 0.700000 89 0.300000
  7 -4.082191 5.943646 39.246548 -0.191529 -0.846003 -0.497589 0.575700 0.778560 2 7 0.700000 89 0.300000
  7 -5.141324 6.714293 38.353523 -0.187032 -0.839603 -0.509986 0.569600 0.740230 2 7 0.600000 89 0.400000
skt
  89 -8.626696 8.250813 37.241829 -0.576828 -0.384410 -0.720762 0.596600 0.647050 2 89 0.550000 7 0.450000
  89 -7.585200 8.674537 36.182701 -0.577923 -0.381941 -0.721197 0.557460 0.645520 2 89 0.550000 7 0.450000
  89 -8.463158 8.090578 37.340691 -0.264046 -0.777573 -0.570666 0.596020 0.653270 2 89 0.550000 7 0.450000
skt
  89 -7.585200 8.674537 36.182701 -0.577923 -0.381941 -0.721197 0.557460 0.645520 2 89 0.550000 7 0.450000
  89 -7.430483 8.513938 36.285973 -0.264780 -0.776980 -0.571134 0.557670 0.651780 2 89 0.550000 7 0.450000
  89 -8.463158 8.090578 37.340691 -0.264046 -0.777573 -0.570666 0.596020 0.653270 2 89 0.550000 7 0.450000
skt
  89 -6.400013 8.936201 35.233818 -0.265151 -0.776578 -0.571508 0.518770 0.652430 2 89 0.550000 7 0.450000
  89 -7.430483 8.513938 36.285973 -0.264780 -0.776980 -0.571134 0.557670 0.651780 2 89 0.550000 7 0.450000
  89 -7.585200 8.674537 36.182701 -0.577923 -0.381941 -0.721197 0.557460 0.645520 2 89 0.550000 7 0.450000
skt
  89 -7.008224 8.183925 36.653831 -0.191006 -0.832055 -0.520770 0.559140 0.668290 2 89 0.550000 7 0.450000
  89 -7.430483 8.513938 36.285973 -0.264780 -0.776980 -0.571134 0.557670 0.651780 2 89 0.550000 7 0.450000
  89 -6.400013 8.936201 35.233818 -0.265151 -0.776578 -0.571508 0.518770 0.652430 2 89 0.550000 7 0.450000
skt
  89 -6.020752 8.596624 35.632553 -0.191226 -0.831853 -0.521011 0.521810 0.668660 2 89 0.550000 7 0.450000
  89 -7.008224 8.183925 36.653831 -0.191006 -0.832055 -0.520770 0.559140 0.668290 2 89 0.550000 7 0.450000
  89 -6.400013 8.936201 35.233818 -0.265151 -0.776578 -0.571508 0.518770 0.652430 2 89 0.550000 7 0.450000
skt
  89 -6.020752 8.596624 35.632553 -0.191226 -0.831853 -0.521011 0.521810 0.668660 2 89 0.550000 7 0.450000
  7 -5.299350 7.908298 36.475227 -0.188406 -0.834313 -0.518097 0.529410 0.700930 2 7 0.500000 89 0.500000
  89 -7.008224 8.183925 36.653831 -0.191006 -0.832055 -0.520770 0.559140 0.668290 2 89 0.550000 7 0.450000
skt
  89 -6.020752 8.596624 35.632553 -0.191226 -0.831853 -0.521011 0.521810 0.668660 2 89 0.550000 7 0.450000
  89 -5.635244 8.757959 35.233444 0.001811 -0.774640 -0.632399 0.507120 0.668690 2 89 0.550000 7 0.450000
  7 -5.299350 7.908298 36.475227 -0.188406 -0.834313 -0.518097 0.529410 0.700930 2 7 0.500000 89 0.500000
skt
  89 -8.463158 8.090578 37.340691 -0.264046 -0.777573 -0.570666 0.596020 0.653270 2 89 0.550000 7 0.450000
  89 -7.430483 8.513938 36.285973 -0.264780 -0.776980 -0.571134 0.557670 0.651780 2 89 0.550000 7 0.450000
  89 -7.008224 8.183925 36.653831 -0.191006 -0.832055 -0.520770 0.559140 0.668290 2 89 0.550000 7 0.450000
skt
  7 -5.299350 7.908298 36.475227 -0.188406 -0.834313 -0.518097 0.529410 0.700930 2 7 0.500000 89 0.500000
  7 -6.180984 7.522792 37.416031 -0.186775 -0.835116 -0.517394 0.563330 0.700790 2 7 0.500000 89 0.500000
  89 -7.008224 8.183925 36.653831 -0.191006 -0.832055 -0.520770 0.559140 0.668290 2 89 0.550000 7 0.450000
skt
  7 -4.387950 7.062684 37.507908 -0.190315 -0.835690 -0.515173 0.539610 0.740980 2 7 0.600000 89 0.400000
  7 -5.141324 6.714293 38.353523 -0.187032 -0.839603 -0.509986 0.569600 0.740230 2 7 0.600000 89 0.400000
  7 -5.299350 7.908298 36.475227 -0.188406 -0.834313 -0.518097 0.529410 0.700930 2 7 0.500000 89 0.500000
skt
  7 -5.141324 6.714293 38.353523 -0.187032 -0.839603 -0.509986 0.569600 0.740230 2 7 0.600000 89 0.400000
  7 -6.180984 7.522792 37.416031 -0.186775 -0.835116 -0.517394 0.563330 0.700790 2 7 0.500000 89 0.500000
  7 -5.299350 7.908298 36.475227 -0.188406 -0.834313 -0.518097 0.529410 0.700930 2 7 0.500000 89 0.500000
skt
  7 -7.064819 7.135818 38.359398 -0.185742 -0.835991 -0.516351 0.596620 0.700650 2 7 0.500000 89 0.500000
  7 -6.180984 7.522792 37.416031 -0.186775 -0.835116 -0.517394 0.563330 0.700790 2 7 0.500000 89 0.500000
  7 -5.141324 6.714293 38.353523 -0.187032 -0.839603 -0.509986 0.569600 0.740230 2 7 0.600000 89 0.400000
skt
  89 -7.008224 8.183925 36.653831 -0.191006 -0.832055 -0.520770 0.559140 0.668290 2 89 0.550000 7 0.450000
  7 -6.180984 7.522792 37.416031 -0.186775 -0.835116 -0.517394 0.563330 0.700790 2 7 0.500000 89 0.500000
  7 -7.064819 7.135818 38.359398 -0.185742 -0.835991 -0.516351 0.596620 0.700650 2 7 0.500000 89 0.500000
skt
  89 -7.997904 7.770119 37.677689 -0.190653 -0.832177 -0.520704 0.595400 0.669260 2 89 0.550000 7 0.450000
  89 -7.008224 8.183925 36.653831 -0.191006 -0.832055 -0.520770 0.559140 0.668290 2 89 0.550000 7 0.450000
  7 -7.064819 7.135818 38.359398 -0.185742 -0.835991 -0.516351 0.596620 0.700650 2 7 0.500000 89 0.500000
skt
  89 -7.997904 7.770119 37.677689 -0.190653 -0.832177 -0.520704 0.595400 0.669260 2 89 0.550000 7 0.450000
  89 -8.463158 8.090578 37.340691 -0.264046 -0.777573 -0.570666 0.596020 0.653270 2 89 0.550000 7 0.450000
  89 -7.008224 8.183925 36.653831 -0.191006 -0.832055 -0.520770 0.559140 0.668290 2 89 0.550000 7 0.450000
skt
  89 -7.997904 7.770119 37.677689 -0.190653 -0.832177 -0.520704 0.595400 0.669260 2 89 0.550000 7 0.450000
  89 -8.391127 7.605845 38.084145 -0.316766 -0.872702 -0.371551 0.609310 0.669610 2 89 0.550000 7 0.450000
  89 -8.463158 8.090578 37.340691 -0.264046 -0.777573 -0.570666 0.596020 0.653270 2 89 0.550000 7 0.450000
skt
  89 -7.997904 7.770119 37.677689 -0.190653 -0.832177 -0.520704 0.595400 0.669260 2 89 0.550000 7 0.450000
  7 -7.064819 7.135818 38.359398 -0.185742 -0.835991 -0.516351 0.596620 0.700650 2 7 0.500000 89 0.500000
  89 -8.391127 7.605845 38.084145 -0.316766 -0.872702 -0.371551 0.609310 0.669610 2 89 0.550000 7 0.450000
skt
  7 -7.064819 7.135818 38.359398 -0.185742 -0.835991 -0.516351 0.596620 0.700650 2 7 0.500000 89 0.500000
  7 -7.415782 6.982203 38.733513 -0.308837 -0.877178 -0.367666 0.609430 0.700500 2 7 0.500000 89 0.500000
  89 -8.391127 7.605845 38.084145 -0.316766 -0.872702 -0.371551 0.609310 0.669610 2 89 0.550000 7 0.450000
skt
  7 -2.462250 5.471411 39.399796 -0.205316 -0.847862 -0.488852 0.560500 0.817510 2 7 0.800000 89 0.200000
  7 -2.993655 5.217467 40.071587 -0.199277 -0.853188 -0.482036 0.582270 0.815420 2 7 0.800000 89 0.200000
  7 -3.439432 6.251614 38.475533 -0.196987 -0.841299 -0.503401 0.549740 0.779710 2 7 0.700000 89 0.300000
skt
  7 -2.993655 5.217467 40.071587 -0.199277 -0.853188 -0.482036 0.582270 0.815420 2 7 0.800000 89 0.200000
  7 -4.082191 5.943646 39.246548 -0.191529 -0.846003 -0.497589 0.575700 0.778560 2 7 0.700000 89 0.300000
  7 -3.439432 6.251614 38.475533 -0.196987 -0.841299 -0.503401 0.549740 0.779710 2 7 0.700000 89 0.300000
skt
  7 -4.727152 5.635314 40.019028 -0.182793 -0.849611 -0.494720 0.600880 0.777490 2 7 0.700000 89 0.300000
  7 -4.082191 5.943646 39.246548 -0.191529 -0.846003 -0.497589 0.575700 0.778560 2 7 0.700000 89 0.300000
  7 -2.993655 5.217467 40.071587 -0.199277 -0.853188 -0.482036 0.582270 0.815420 2 7 0.800000 89 0.200000
skt
  7 -5.141324 6.714293 38.353523 -0.187032 -0.839603 -0.509986 0.569600 0.740230 2 7 0.600000 89 0.400000
  7 -4.082191 5.943646 39.246548 -0.191529 -0.846003 -0.497589 0.575700 0.778560 2 7 0.700000 89 0.300000
  7 -4.727152 5.635314 40.019028 -0.182793 -0.849611 -0.494720 0.600880 0.777490 2 7 0.700000 89 0.300000
skt
  7 -5.896905 6.365170 39.201347 -0.179710 -0.842252 -0.508247 0.598630 0.739700 2 7 0.600000 89 0.400000
  7 -5.141324 6.714293 38.353523 -0.187032 -0.839603 -0.509986 0.569600 0.740230 2 7 0.600000 89 0.400000
  7 -4.727152 5.635314 40.019028 -0.182793 -0.849611 -0.494720 0.600880 0.777490 2 7 0.700000 89 0.300000
skt
  7 -5.896905 6.365170 39.201347 -0.179710 -0.842252 -0.508247 0.598630 0.739700 2 7 0.600000 89 0.400000
  7 -7.064819 7.135818 38.359398 -0.185742 -0.835991 -0.516351 0.596620 0.700650 2 7 0.500000 89 0.500000
  7 -5.141324 6.714293 38.353523 -0.187032 -0.839603 -0.509986 0.569600 0.740230 2 7 0.600000 89 0.400000
skt
  7 -5.896905 6.365170 39.201347 -0.179710 -0.842252 -0.508247 0.598630 0.739700 2 7 0.600000 89 0.400000
  7 -6.196052 6.226254 39.536507 -0.300613 -0.883805 -0.358498 0.609890 0.739580 2 7 0.600000 89 0.400000
  7 -7.064819 7.135818 38.359398 -0.185742 -0.835991 -0.516351 0.596620 0.700650 2 7 0.500000 89 0.500000
skt
  7 -6.196052 6.226254 39.536507 -0.300613 -0.883805 -0.358498 0.609890 0.739580 2 7 0.600000 89 0.400000
  7 -7.415782 6.982203 38.733513 -0.308837 -0.877178 -0.367666 0.609430 0.700500 2 7 0.500000 89 0.500000
  7 -7.064819 7.135818 38.359398 -0.185742 -0.835991 -0.516351 0.596620 0.700650 2 7 0.500000 89 0.500000
skt
  7 -7.470907 6.987714 38.822815 -0.606916 -0.771835 0.189533 0.611910 0.700490 2 7 0.500000 89 0.500000
  7 -7.415782 6.982203 38.733513 -0.308837 -0.877178 -0.367666 0.609430 0.700500 2 7 0.500000 89 0.500000
  7 -6.196052 6.226254 39.536507 -0.300613 -0.883805 -0.358498 0.609890 0.739580 2 7 0.600000 89 0.400000
skt
  89 -8.391127 7.605845 38.084145 -0.316766 -0.872702 -0.371551 0.609310 0.669610 2 89 0.550000 7 0.450000
  7 -7.415782 6.982203 38.733513 -0.308837 -0.877178 -0.367666 0.609430 0.700500 2 7 0.500000 89 0.500000
  7 -7.470907 6.987714 38.822815 -0.606916 -0.771835 0.189533 0.611910 0.700490 2 7 0.500000 89 0.500000
skt
  89 -8.452499 7.612833 38.181534 -0.616358 -0.765096 0.186365 0.611930 0.669620 2 89 0.550000 7 0.450000
  89 -8.391127 7.605845 38.084145 -0.316766 -0.872702 -0.371551 0.609310 0.669610 2 89 0.550000 7 0.450000
  7 -7.470907 6.987714 38.822815 -0.606916 -0.771835 0.189533 0.611910 0.700490 2 7 0.500000 89 0.500000
skt
  7 -5.896905 6.365170 39.201347 -0.179710 -0.842252 -0.508247 0.598630 0.739700 2 7 0.600000 89 0.400000
  7 -4.727152 5.635314 40.019028 -0.182793 -0.849611 -0.494720 0.600880 0.777490 2 7 0.700000 89 0.300000
  7 -6.196052 6.226254 39.536507 -0.300613 -0.883805 -0.358498 0.609890 0.739580 2 7 0.600000 89 0.400000
skt
  7 -4.727152 5.635314 40.019028 -0.182793 -0.849611 -0.494720 0.600880 0.777490 2 7 0.700000 89 0.300000
  7 -4.981091 5.512937 40.321121 -0.292371 -0.893789 -0.340090 0.610400 0.777180 2 7 0.700000 89 0.300000
  7 -6.196052 6.226254 39.536507 -0.300613 -0.883805 -0.358498 0.609890 0.739580 2 7 0.600000 89 0.400000
skt
  7 -3.526163 4.963157 40.745216 -0.189752 -0.856324 -0.480316 0.602830 0.813450 2 7 0.800000 89 0.200000
  7 -2.993655 5.217467 40.071587 -0.199277 -0.853188 -0.482036 0.582270 0.815420 2 7 0.800000 89 0.200000
  7 -2.264903 4.365233 41.310799 -0.198631 -0.859817 -0.470383 0.604580 0.848670 2 7 0.900000 89 0.100000
skt
  7 -3.526163 4.963157 40.745216 -0.189752 -0.856324 -0.480316 0.602830 0.813450 2 7 0.800000 89 0.200000
  7 -4.727152 5.635314 40.019028 -0.182793 -0.849611 -0.494720 0.600880 0.777490 2 7 0.700000 89 0.300000
  7 -2.993655 5.217467 40.071587 -0.199277 -0.853188 -0.482036 0.582270 0.815420 2 7 0.800000 89 0.200000
skt
  7 -3.526163 4.963157 40.745216 -0.189752 -0.856324 -0.480316 0.602830 0.813450 2 7 0.800000 89 0.200000
  7 -3.734903 4.862096 41.004303 -0.286742 -0.906112 -0.311031 0.610710 0.812660 2 7 0.800000 89 0.200000
  7 -4.727152 5.635314 40.019028 -0.182793 -0.849611 -0.494720 0.600880 0.777490 2 7 0.700000 89 0.300000
skt
  7 -3.734903 4.862096 41.004303 -0.286742 -0.906112 -0.311031 0.610710 0.812660 2 7 0.800000 89 0.200000
  7 -4.981091 5.512937 40.321121 -0.292371 -0.893789 -0.340090 0.610400 0.777180 2 7 0.700000 89 0.300000
  7 -4.727152 5.635314 40.019028 -0.182793 -0.849611 -0.494720 0.600880 0.777490 2 7 0.700000 89 0.300000
skt
  7 -5.019315 5.516243 40.387642 -0.566537 -0.793379 0.222677 0.612310 0.777130 2 7 0.700000 89 0.300000
  7 -4.981091 5.512937 40.321121 -0.292371 -0.893789 -0.340090 0.610400 0.777180 2 7 0.700000 89 0.300000
  7 -3.734903 4.862096 41.004303 -0.286742 -0.906112 -0.311031 0.610710 0.812660 2 7 0.800000 89 0.200000
skt
  7 -6.196052 6.226254 39.536507 -0.300613 -0.883805 -0.358498 0.609890 0.739580 2 7 0.600000 89 0.400000
  7 -4.981091 5.512937 40.321121 -0.292371 -0.893789 -0.340090 0.610400 0.777180 2 7 0.700000 89 0.300000
  7 -5.019315 5.516243 40.387642 -0.566537 -0.793379 0.222677 0.612310 0.777130 2 7 0.700000 89 0.300000
skt
  7 -6.243092 6.230665 39.614784 -0.593722 -0.780322 0.196448 0.612050 0.739580 2 7 0.600000 89 0.400000
  7 -6.196052 6.226254 39.536507 -0.300613 -0.883805 -0.358498 0.609890 0.739580 2 7 0.600000 89 0.400000
  7 -5.019315 5.516243 40.387642 -0.566537 -0.793379 0.222677 0.612310 0.777130 2 7 0.700000 89 0.300000
skt
  7 -6.243092 6.230665 39.614784 -0.593722 -0.780322 0.196448 0.612050 0.739580 2 7 0.600000 89 0.400000
  7 -7.470907 6.987714 38.822815 -0.606916 -0.771835 0.189533 0.611910 0.700490 2 7 0.500000 89 0.500000
  7 -6.196052 6.226254 39.536507 -0.300613 -0.883805 -0.358498 0.609890 0.739580 2 7 0.600000 89 0.400000
skt
  7 -6.243092 6.230665 39.614784 -0.593722 -0.780322 0.196448 0.612050 0.739580 2 7 0.600000 89 0.400000
  7 -6.240520 6.309677 39.691593 -0.635739 -0.312767 0.705700 0.614660 0.739640 2 7 0.600000 89 0.400000
  7 -7.470907 6.987714 38.822815 -0.606916 -0.771835 0.189533 0.611910 0.700490 2 7 0.500000 89 0.500000
skt
  7 -6.243092 6.230665 39.614784 -0.593722 -0.780322 0.196448 0.612050 0.739580 2 7 0.600000 89 0.400000
  7 -5.019315 5.516243 40.387642 -0.566537 -0.793379 0.222677 0.612310 0.777130 2 7 0.700000 89 0.300000
  7 -6.240520 6.309677 39.691593 -0.635739 -0.312767 0.705700 0.614660 0.739640 2 7 0.600000 89 0.400000
skt
  7 -5.019315 5.516243 40.387642 -0.566537 -0.793379 0.222677 0.612310 0.777130 2 7 0.700000 89 0.300000
  7 -5.017478 5.586071 40.454521 -0.603765 -0.340388 0.720836 0.614540 0.777160 2 7 0.700000 89 0.300000
  7 -6.240520 6.309677 39.691593 -0.635739 -0.312767 0.705700 0.614660 0.739640 2 7 0.600000 89 0.400000
skt
  7 -3.526163 4.963157 40.745216 -0.189752 -0.856324 -0.480316 0.602830 0.813450 2 7 0.800000 89 0.200000
  7 -2.264903 4.365233 41.310799 -0.198631 -0.859817 -0.470383 0.604580 0.848670 2 7 0.900000 89 0.100000
  7 -3.734903 4.862096 41.004303 -0.286742 -0.906112 -0.311031 0.610710 0.812660 2 7 0.800000 89 0.200000
skt
  7 -2.264903 4.365233 41.310799 -0.198631 -0.859817 -0.470383 0.604580 0.848670 2 7 0.900000 89 0.100000
  7 -2.422192 4.294673 41.502632 -0.285915 -0.920249 -0.267197 0.610540 0.847440 2 7 0.900000 89 0.100000
  7 -3.734903 4.862096 41.004303 -0.286742 -0.906112 -0.311031 0.610710 0.812660 2 7 0.800000 89 0.200000
skt
  7 -2.462250 5.471411 39.399796 -0.205316 -0.847862 -0.488852 0.560500 0.817510 2 7 0.800000 89 0.200000
  7 -3.439432 6.251614 38.475533 -0.196987 -0.841299 -0.503401 0.549740 0.779710 2 7 0.700000 89 0.300000
  7 -2.257185 5.570635 39.144749 0.053889 -0.748556 -0.660878 0.551950 0.818320 2 7 0.800000 89 0.200000
skt
  7 -2.462250 5.471411 39.399796 -0.205316 -0.847862 -0.488852 0.560500 0.817510 2 7 0.800000 89 0.200000
  7 -2.257185 5.570635 39.144749 0.053889 -0.748556 -0.660878 0.551950 0.818320 2 7 0.800000 89 0.200000
  7 -1.465223 4.720241 40.302376 -0.207422 -0.855528 -0.474393 0.572620 0.854130 2 7 0.900000 89 0.100000
skt
  7 -2.462250 5.471411 39.399796 -0.205316 -0.847862 -0.488852 0.560500 0.817510 2 7 0.800000 89 0.200000
  7 -1.465223 4.720241 40.302376 -0.207422 -0.855528 -0.474393 0.572620 0.854130 2 7 0.900000 89 0.100000
  7 -2.993655 5.217467 40.071587 -0.199277 -0.853188 -0.482036 0.582270 0.815420 2 7 0.800000 89 0.200000
skt
  7 -1.465223 4.720241 40.302376 -0.207422 -0.855528 -0.474393 0.572620 0.854130 2 7 0.900000 89 0.100000
  7 -1.864695 4.542736 40.806206 -0.207408 -0.859551 -0.467070 0.588790 0.851500 2 7 0.900000 89 0.100000
  7 -2.993655 5.217467 40.071587 -0.199277 -0.853188 -0.482036 0.582270 0.815420 2 7 0.800000 89 0.200000
skt
  7 -2.993655 5.217467 40.071587 -0.199277 -0.853188 -0.482036 0.582270 0.815420 2 7 0.800000 89 0.200000
  7 -1.864695 4.542736 40.806206 -0.207408 -0.859551 -0.467070 0.588790 0.851500 2 7 0.900000 89 0.100000
  7 -2.264903 4.365233 41.310799 -0.198631 -0.859817 -0.470383 0.604580 0.848670 2 7 0.900000 89 0.100000
skt
  7 -2.264903 4.365233 41.310799 -0.198631 -0.859817 -0.470383 0.604580 0.848670 2 7 0.900000 89 0.100000
  7 -1.864695 4.542736 40.806206 -0.207408 -0.859551 -0.467070 0.588790 0.851500 2 7 0.900000 89 0.100000
  7 -0.715523 3.894100 41.495285 -0.217638 -0.865001 -0.452113 0.596420 0.887840 1 7 1.000000
skt
  7 -0.973875 3.804798 41.796265 -0.208684 -0.869134 -0.448393 0.606450 0.885130 1 7 1.000000
  7 -2.264903 4.365233 41.310799 -0.198631 -0.859817 -0.470383 0.604580 0.848670 2 7 0.900000 89 0.100000
  7 -0.715523 3.894100 41.495285 -0.217638 -0.865001 -0.452113 0.596420 0.887840 1 7 1.000000
skt
  7 -0.973875 3.804798 41.796265 -0.208684 -0.869134 -0.448393 0.606450 0.885130 1 7 1.000000
  7 -1.076407 3.769150 41.909088 -0.284898 -0.924630 -0.252768 0.610150 0.883950 1 7 1.000000
  7 -2.264903 4.365233 41.310799 -0.198631 -0.859817 -0.470383 0.604580 0.848670 2 7 0.900000 89 0.100000
skt
  7 -1.076407 3.769150 41.909088 -0.284898 -0.924630 -0.252768 0.610150 0.883950 1 7 1.000000
  7 -2.422192 4.294673 41.502632 -0.285915 -0.920249 -0.267197 0.610540 0.847440 2 7 0.900000 89 0.100000
  7 -2.264903 4.365233 41.310799 -0.198631 -0.859817 -0.470383 0.604580 0.848670 2 7 0.900000 89 0.100000
skt
  7 -2.445345 4.301291 41.542320 -0.449124 -0.825143 0.342676 0.612400 0.846990 2 7 0.900000 89 0.100000
  7 -2.422192 4.294673 41.502632 -0.285915 -0.920249 -0.267197 0.610540 0.847440 2 7 0.900000 89 0.100000
  7 -1.076407 3.769150 41.909088 -0.284898 -0.924630 -0.252768 0.610150 0.883950 1 7 1.000000
skt
  7 -3.734903 4.862096 41.004303 -0.286742 -0.906112 -0.311031 0.610710 0.812660 2 7 0.800000 89 0.200000
  7 -2.422192 4.294673 41.502632 -0.285915 -0.920249 -0.267197 0.610540 0.847440 2 7 0.900000 89 0.100000
  7 -2.445345 4.301291 41.542320 -0.449124 -0.825143 0.342676 0.612400 0.846990 2 7 0.900000 89 0.100000
skt
  7 -3.765405 4.866138 41.057964 -0.508616 -0.815260 0.276877 0.612540 0.812460 2 7 0.800000 89 0.200000
  7 -3.734903 4.862096 41.004303 -0.286742 -0.906112 -0.311031 0.610710 0.812660 2 7 0.800000 89 0.200000
  7 -2.445345 4.301291 41.542320 -0.449124 -0.825143 0.342676 0.612400 0.846990 2 7 0.900000 89 0.100000
skt
  7 -3.765405 4.866138 41.057964 -0.508616 -0.815260 0.276877 0.612540 0.812460 2 7 0.800000 89 0.200000
  7 -5.019315 5.516243 40.387642 -0.566537 -0.793379 0.222677 0.612310 0.777130 2 7 0.700000 89 0.300000
  7 -3.734903 4.862096 41.004303 -0.286742 -0.906112 -0.311031 0.610710 0.812660 2 7 0.800000 89 0.200000
skt
  7 -3.765405 4.866138 41.057964 -0.508616 -0.815260 0.276877 0.612540 0.812460 2 7 0.800000 89 0.200000
  7 -3.763935 4.927511 41.114922 -0.523053 -0.390910 0.757367 0.614440 0.812420 2 7 0.800000 89 0.200000
  7 -5.019315 5.516243 40.387642 -0.566537 -0.793379 0.222677 0.612310 0.777130 2 7 0.700000 89 0.300000
skt
  7 -3.763935 4.927511 41.114922 -0.523053 -0.390910 0.757367 0.614440 0.812420 2 7 0.800000 89 0.200000
  7 -5.017478 5.586071 40.454521 -0.603765 -0.340388 0.720836 0.614540 0.777160 2 7 0.700000 89 0.300000
  7 -5.019315 5.516243 40.387642 -0.566537 -0.793379 0.222677 0.612310 0.777130 2 7 0.700000 89 0.300000
skt
  7 -4.986238 5.670595 40.488335 -0.360645 0.268186 0.893315 0.616760 0.777230 2 7 0.700000 89 0.300000
  7 -5.017478 5.586071 40.454521 -0.603765 -0.340388 0.720836 0.614540 0.777160 2 7 0.700000 89 0.300000
  7 -3.763935 4.927511 41.114922 -0.523053 -0.390910 0.757367 0.614440 0.812420 2 7 0.800000 89 0.200000
skt
  7 -6.240520 6.309677 39.691593 -0.635739 -0.312767 0.705700 0.614660 0.739640 2 7 0.600000 89 0.400000
  7 -5.017478 5.586071 40.454521 -0.603765 -0.340388 0.720836 0.614540 0.777160 2 7 0.700000 89 0.300000
  7 -4.986238 5.670595 40.488335 -0.360645 0.268186 0.893315 0.616760 0.777230 2 7 0.700000 89 0.300000
skt
  7 -6.201930 6.405592 39.729073 -0.363809 0.306236 0.879695 0.617260 0.739720 2 7 0.600000 89 0.400000
  7 -6.240520 6.309677 39.691593 -0.635739 -0.312767 0.705700 0.614660 0.739640 2 7 0.600000 89 0.400000
  7 -4.986238 5.670595 40.488335 -0.360645 0.268186 0.893315 0.616760 0.777230 2 7 0.700000 89 0.300000
skt
  7 -3.765405 4.866138 41.057964 -0.508616 -0.815260 0.276877 0.612540 0.812460 2 7 0.800000 89 0.200000
  7 -2.445345 4.301291 41.542320 -0.449124 -0.825143 0.342676 0.612400 0.846990 2 7 0.900000 89 0.100000
  7 -3.763935 4.927511 41.114922 -0.523053 -0.390910 0.757367 0.614440 0.812420 2 7 0.800000 89 0.200000
skt
  7 -2.445345 4.301291 41.542320 -0.449124 -0.825143 0.342676 0.612400 0.846990 2 7 0.900000 89 0.100000
  7 -2.443875 4.354577 41.589363 -0.434129 -0.439556 0.786335 0.614240 0.846900 2 7 0.900000 89 0.100000
  7 -3.763935 4.927511 41.114922 -0.523053 -0.390910 0.757367 0.614440 0.812420 2 7 0.800000 89 0.200000
skt
  7 -2.257185 5.570635 39.144749 0.053889 -0.748556 -0.660878 0.551950 0.818320 2 7 0.800000 89 0.200000
  7 -1.310872 4.789330 40.113110 0.080277 -0.737945 -0.670069 0.566300 0.855210 2 7 0.900000 89 0.100000
  7 -1.465223 4.720241 40.302376 -0.207422 -0.855528 -0.474393 0.572620 0.854130 2 7 0.900000 89 0.100000
skt
  7 -4.000237 7.357787 37.192226 0.766132 -0.002111 -0.642680 0.523827 0.741382 2 7 0.600000 89 0.400000
  7 -3.111990 6.516944 38.196968 0.754829 0.041455 -0.654611 0.535747 0.780791 2 7 0.700000 89 0.300000
  7 -3.144330 6.421031 38.153603 0.552724 -0.317424 -0.770544 0.537200 0.780440 2 7 0.700000 89 0.300000
skt
  7 -3.144330 6.421031 38.153603 0.552724 -0.317424 -0.770544 0.537200 0.780440 2 7 0.700000 89 0.300000
  7 -3.111990 6.516944 38.196968 0.754829 0.041455 -0.654611 0.535747 0.780791 2 7 0.700000 89 0.300000
  7 -2.194710 5.698524 39.167534 0.752888 0.079421 -0.653339 0.548757 0.818811 2 7 0.800000 89 0.200000
skt
  7 -2.220803 5.613629 39.127113 0.576401 -0.269492 -0.771450 0.549860 0.818670 2 7 0.800000 89 0.200000
  7 -3.144330 6.421031 38.153603 0.552724 -0.317424 -0.770544 0.537200 0.780440 2 7 0.700000 89 0.300000
  7 -2.194710 5.698524 39.167534 0.752888 0.079421 -0.653339 0.548757 0.818811 2 7 0.800000 89 0.200000
skt
  7 -2.220803 5.613629 39.127113 0.576401 -0.269492 -0.771450 0.549860 0.818670 2 7 0.800000 89 0.200000
  7 -2.257185 5.570635 39.144749 0.053889 -0.748556 -0.660878 0.551950 0.818320 2 7 0.800000 89 0.200000
  7 -3.144330 6.421031 38.153603 0.552724 -0.317424 -0.770544 0.537200 0.780440 2 7 0.700000 89 0.300000
skt
  7 -2.220803 5.613629 39.127113 0.576401 -0.269492 -0.771450 0.549860 0.818670 2 7 0.800000 89 0.200000
  7 -1.282942 4.822403 40.103561 0.603728 -0.226111 -0.764452 0.564270 0.855760 2 7 0.900000 89 0.100000
  7 -2.257185 5.570635 39.144749 0.053889 -0.748556 -0.660878 0.551950 0.818320 2 7 0.800000 89 0.200000
skt
  7 -1.282942 4.822403 40.103561 0.603728 -0.226111 -0.764452 0.564270 0.855760 2 7 0.900000 89 0.100000
  7 -1.310872 4.789330 40.113110 0.080277 -0.737945 -0.670069 0.566300 0.855210 2 7 0.900000 89 0.100000
  7 -2.257185 5.570635 39.144749 0.053889 -0.748556 -0.660878 0.551950 0.818320 2 7 0.800000 89 0.200000
skt
  7 -0.357578 4.017948 41.083313 0.101959 -0.730142 -0.675646 0.582570 0.891480 1 7 1.000000
  7 -1.310872 4.789330 40.113110 0.080277 -0.737945 -0.670069 0.566300 0.855210 2 7 0.900000 89 0.100000
  7 -1.282942 4.822403 40.103561 0.603728 -0.226111 -0.764452 0.564270 0.855760 2 7 0.900000 89 0.100000
skt
  7 -1.465223 4.720241 40.302376 -0.207422 -0.855528 -0.474393 0.572620 0.854130 2 7 0.900000 89 0.100000
  7 -1.310872 4.789330 40.113110 0.080277 -0.737945 -0.670069 0.566300 0.855210 2 7 0.900000 89 0.100000
  7 -0.357578 4.017948 41.083313 0.101959 -0.730142 -0.675646 0.582570 0.891480 1 7 1.000000
skt
  7 -0.458272 3.983037 41.194668 -0.223911 -0.860260 -0.458058 0.586380 0.890460 1 7 1.000000
  7 -1.465223 4.720241 40.302376 -0.207422 -0.855528 -0.474393 0.572620 0.854130 2 7 0.900000 89 0.100000
  7 -0.357578 4.017948 41.083313 0.101959 -0.730142 -0.675646 0.582570 0.891480 1 7 1.000000
skt
  7 -0.458272 3.983037 41.194668 -0.223911 -0.860260 -0.458058 0.586380 0.890460 1 7 1.000000
  7 -0.715523 3.894100 41.495285 -0.217638 -0.865001 -0.452113 0.596420 0.887840 1 7 1.000000
  7 -1.465223 4.720241 40.302376 -0.207422 -0.855528 -0.474393 0.572620 0.854130 2 7 0.900000 89 0.100000
skt
  7 -0.715523 3.894100 41.495285 -0.217638 -0.865001 -0.452113 0.596420 0.887840 1 7 1.000000
  7 -1.864695 4.542736 40.806206 -0.207408 -0.859551 -0.467070 0.588790 0.851500 2 7 0.900000 89 0.100000
  7 -1.465223 4.720241 40.302376 -0.207422 -0.855528 -0.474393 0.572620 0.854130 2 7 0.900000 89 0.100000
skt
  7 -2.220803 5.613629 39.127113 0.576401 -0.269492 -0.771450 0.549860 0.818670 2 7 0.800000 89 0.200000
  7 -2.194710 5.698524 39.167534 0.752888 0.079421 -0.653339 0.548757 0.818811 2 7 0.800000 89 0.200000
  7 -1.282942 4.822403 40.103561 0.603728 -0.226111 -0.764452 0.564270 0.855760 2 7 0.900000 89 0.100000
skt
  7 -2.194710 5.698524 39.167534 0.752888 0.079421 -0.653339 0.548757 0.818811 2 7 0.800000 89 0.200000
  7 -1.263098 4.891863 40.138840 0.759422 0.108812 -0.641434 0.563128 0.856151 2 7 0.900000 89 0.100000
  7 -1.282942 4.822403 40.103561 0.603728 -0.226111 -0.764452 0.564270 0.855760 2 7 0.900000 89 0.100000
skt
  7 -1.282942 4.822403 40.103561 0.603728 -0.226111 -0.764452 0.564270 0.855760 2 7 0.900000 89 0.100000
  7 -1.263098 4.891863 40.138840 0.759422 0.108812 -0.641434 0.563128 0.856151 2 7 0.900000 89 0.100000
  7 -0.323767 4.091080 41.109776 0.764132 0.134057 -0.630976 0.579698 0.892681 1 7 1.000000
skt
  7 -0.338100 4.039998 41.081478 0.638619 -0.167538 -0.751064 0.580660 0.892290 1 7 1.000000
  7 -1.282942 4.822403 40.103561 0.603728 -0.226111 -0.764452 0.564270 0.855760 2 7 0.900000 89 0.100000
  7 -0.323767 4.091080 41.109776 0.764132 0.134057 -0.630976 0.579698 0.892681 1 7 1.000000
skt
  7 -0.338100 4.039998 41.081478 0.638619 -0.167538 -0.751064 0.580660 0.892290 1 7 1.000000
  7 -0.357578 4.017948 41.083313 0.101959 -0.730142 -0.675646 0.582570 0.891480 1 7 1.000000
  7 -1.282942 4.822403 40.103561 0.603728 -0.226111 -0.764452 0.564270 0.855760 2 7 0.900000 89 0.100000
skt
  7 -0.951458 3.933056 41.881527 0.224828 0.857180 0.463351 0.621460 0.885080 1 7 1.000000
  7 -0.693472 4.023461 41.581276 0.235339 0.850636 0.470143 0.631450 0.887960 1 7 1.000000
  7 -2.236237 4.522525 41.414421 0.210596 0.845142 0.491309 0.623870 0.848700 2 7 0.900000 89 0.100000
skt
  7 -0.951458 3.933056 41.881527 0.224828 0.857180 0.463351 0.621460 0.885080 1 7 1.000000
  7 -2.236237 4.522525 41.414421 0.210596 0.845142 0.491309 0.623870 0.848700 2 7 0.900000 89 0.100000
  7 -1.054358 3.897041 41.993980 0.080780 0.689778 0.719500 0.617780 0.883840 1 7 1.000000
skt
  7 -2.236237 4.522525 41.414421 0.210596 0.845142 0.491309 0.623870 0.848700 2 7 0.900000 89 0.100000
  7 -2.393895 4.449393 41.604431 0.057412 0.682357 0.728761 0.617930 0.847400 2 7 0.900000 89 0.100000
  7 -1.054358 3.897041 41.993980 0.080780 0.689778 0.719500 0.617780 0.883840 1 7 1.000000
skt
  7 -1.054358 3.897041 41.993980 0.080780 0.689778 0.719500 0.617780 0.883840 1 7 1.000000
  7 -2.393895 4.449393 41.604431 0.057412 0.682357 0.728761 0.617930 0.847400 2 7 0.900000 89 0.100000
  7 -2.424397 4.416686 41.618393 -0.268692 0.093800 0.958648 0.616090 0.846970 2 7 0.900000 89 0.100000
skt
  7 -2.424397 4.416686 41.618393 -0.268692 0.093800 0.958648 0.616090 0.846970 2 7 0.900000 89 0.100000
  7 -2.393895 4.449393 41.604431 0.057412 0.682357 0.728761 0.617930 0.847400 2 7 0.900000 89 0.100000
  7 -3.699622 5.042904 41.122635 0.048133 0.715990 0.696449 0.618160 0.812710 2 7 0.800000 89 0.200000
skt
  7 -3.738945 5.001379 41.146160 -0.318171 0.187240 0.929359 0.616340 0.812490 2 7 0.800000 89 0.200000
  7 -2.424397 4.416686 41.618393 -0.268692 0.093800 0.958648 0.616090 0.846970 2 7 0.900000 89 0.100000
  7 -3.699622 5.042904 41.122635 0.048133 0.715990 0.696449 0.618160 0.812710 2 7 0.800000 89 0.200000
skt
  7 -3.738945 5.001379 41.146160 -0.318171 0.187240 0.929359 0.616340 0.812490 2 7 0.800000 89 0.200000
  7 -3.699622 5.042904 41.122635 0.048133 0.715990 0.696449 0.618160 0.812710 2 7 0.800000 89 0.200000
  7 -4.986238 5.670595 40.488335 -0.360645 0.268186 0.893315 0.616760 0.777230 2 7 0.700000 89 0.300000
skt
  7 -3.738945 5.001379 41.146160 -0.318171 0.187240 0.929359 0.616340 0.812490 2 7 0.800000 89 0.200000
  7 -4.986238 5.670595 40.488335 -0.360645 0.268186 0.893315 0.616760 0.777230 2 7 0.700000 89 0.300000
  7 -3.763935 4.927511 41.114922 -0.523053 -0.390910 0.757367 0.614440 0.812420 2 7 0.800000 89 0.200000
skt
  7 -3.738945 5.001379 41.146160 -0.318171 0.187240 0.929359 0.616340 0.812490 2 7 0.800000 89 0.200000
  7 -3.763935 4.927511 41.114922 -0.523053 -0.390910 0.757367 0.614440 0.812420 2 7 0.800000 89 0.200000
  7 -2.424397 4.416686 41.618393 -0.268692 0.093800 0.958648 0.616090 0.846970 2 7 0.900000 89 0.100000
skt
  7 -3.763935 4.927511 41.114922 -0.523053 -0.390910 0.757367 0.614440 0.812420 2 7 0.800000 89 0.200000
  7 -2.443875 4.354577 41.589363 -0.434129 -0.439556 0.786335 0.614240 0.846900 2 7 0.900000 89 0.100000
  7 -2.424397 4.416686 41.618393 -0.268692 0.093800 0.958648 0.616090 0.846970 2 7 0.900000 89 0.100000
skt
  7 -2.424397 4.416686 41.618393 -0.268692 0.093800 0.958648 0.616090 0.846970 2 7 0.900000 89 0.100000
  7 -2.443875 4.354577 41.589363 -0.434129 -0.439556 0.786335 0.614240 0.846900 2 7 0.900000 89 0.100000
  7 -1.090372 3.824643 41.970459 -0.405316 -0.458979 0.790606 0.613980 0.883090 1 7 1.000000
skt
  7 -1.090372 3.824643 41.970459 -0.405316 -0.458979 0.790606 0.613980 0.883090 1 7 1.000000
  7 -2.443875 4.354577 41.589363 -0.434129 -0.439556 0.786335 0.614240 0.846900 2 7 0.900000 89 0.100000
  7 -2.445345 4.301291 41.542320 -0.449124 -0.825143 0.342676 0.612400 0.846990 2 7 0.900000 89 0.100000
skt
  7 -1.092577 3.778705 41.933708 -0.428328 -0.812314 0.395830 0.612050 0.883220 1 7 1.000000
  7 -1.090372 3.824643 41.970459 -0.405316 -0.458979 0.790606 0.613980 0.883090 1 7 1.000000
  7 -2.445345 4.301291 41.542320 -0.449124 -0.825143 0.342676 0.612400 0.846990 2 7 0.900000 89 0.100000
skt
  7 -1.092577 3.778705 41.933708 -0.428328 -0.812314 0.395830 0.612050 0.883220 1 7 1.000000
  7 -2.445345 4.301291 41.542320 -0.449124 -0.825143 0.342676 0.612400 0.846990 2 7 0.900000 89 0.100000
  7 -1.076407 3.769150 41.909088 -0.284898 -0.924630 -0.252768 0.610150 0.883950 1 7 1.000000
skt
  7 -3.490148 5.148376 40.866493 0.197848 0.842167 0.501608 0.626030 0.813570 2 7 0.800000 89 0.200000
  7 -3.699622 5.042904 41.122635 0.048133 0.715990 0.696449 0.618160 0.812710 2 7 0.800000 89 0.200000
  7 -2.236237 4.522525 41.414421 0.210596 0.845142 0.491309 0.623870 0.848700 2 7 0.900000 89 0.100000
skt
  7 -3.699622 5.042904 41.122635 0.048133 0.715990 0.696449 0.618160 0.812710 2 7 0.800000 89 0.200000
  7 -2.393895 4.449393 41.604431 0.057412 0.682357 0.728761 0.617930 0.847400 2 7 0.900000 89 0.100000
  7 -2.236237 4.522525 41.414421 0.210596 0.845142 0.491309 0.623870 0.848700 2 7 0.900000 89 0.100000
skt
  7 -1.076040 3.874623 41.997658 -0.268542 0.005968 0.963249 0.615900 0.883160 1 7 1.000000
  7 -2.424397 4.416686 41.618393 -0.268692 0.093800 0.958648 0.616090 0.846970 2 7 0.900000 89 0.100000
  7 -1.090372 3.824643 41.970459 -0.405316 -0.458979 0.790606 0.613980 0.883090 1 7 1.000000
skt
  7 -1.076040 3.874623 41.997658 -0.268542 0.005968 0.963249 0.615900 0.883160 1 7 1.000000
  7 -1.054358 3.897041 41.993980 0.080780 0.689778 0.719500 0.617780 0.883840 1 7 1.000000
  7 -2.424397 4.416686 41.618393 -0.268692 0.093800 0.958648 0.616090 0.846970 2 7 0.900000 89 0.100000
skt
  7 -3.993623 7.446720 37.273075 0.770559 0.625514 -0.122359 0.703830 0.742180 2 7 0.600000 89 0.400000
  7 -3.106110 6.599267 38.270103 0.756981 0.634808 -0.154915 0.691880 0.781130 2 7 0.700000 89 0.300000
  7 -4.000237 7.357787 37.192226 0.841127 0.328241 -0.429840 0.706501 0.742820 2 7 0.600000 89 0.400000
skt
  7 -3.106110 6.599267 38.270103 0.756981 0.634808 -0.154915 0.691880 0.781130 2 7 0.700000 89 0.300000
  7 -3.111990 6.516944 38.196968 0.819202 0.347086 -0.456552 0.694171 0.781680 2 7 0.700000 89 0.300000
  7 -4.000237 7.357787 37.192226 0.841127 0.328241 -0.429840 0.706501 0.742820 2 7 0.600000 89 0.400000
skt
  7 -2.194710 5.698524 39.167534 0.807018 0.354669 -0.472156 0.680941 0.819950 2 7 0.800000 89 0.200000
  7 -3.111990 6.516944 38.196968 0.819202 0.347086 -0.456552 0.694171 0.781680 2 7 0.700000 89 0.300000
  7 -3.106110 6.599267 38.270103 0.756981 0.634808 -0.154915 0.691880 0.781130 2 7 0.700000 89 0.300000
skt
  7 -2.189932 5.772759 39.231483 0.752539 0.633246 -0.180789 0.678910 0.819300 2 7 0.800000 89 0.200000
  7 -2.194710 5.698524 39.167534 0.807018 0.354669 -0.472156 0.680941 0.819950 2 7 0.800000 89 0.200000
  7 -3.106110 6.599267 38.270103 0.756981 0.634808 -0.154915 0.691880 0.781130 2 7 0.700000 89 0.300000
skt
  7 -2.189932 5.772759 39.231483 0.752539 0.633246 -0.180789 0.678910 0.819300 2 7 0.800000 89 0.200000
  7 -1.259055 4.953600 40.189919 0.755454 0.621483 -0.207482 0.664050 0.856310 2 7 0.900000 89 0.100000
  7 -2.194710 5.698524 39.167534 0.807018 0.354669 -0.472156 0.680941 0.819950 2 7 0.800000 89 0.200000
skt
  7 -2.189932 5.772759 39.231483 0.752539 0.633246 -0.180789 0.678910 0.819300 2 7 0.800000 89 0.200000
  7 -2.216025 5.782316 39.283298 0.404796 0.849288 0.338894 0.676810 0.818940 2 7 0.800000 89 0.200000
  7 -1.259055 4.953600 40.189919 0.755454 0.621483 -0.207482 0.664050 0.856310 2 7 0.900000 89 0.100000
skt
  7 -2.216025 5.782316 39.283298 0.404796 0.849288 0.338894 0.676810 0.818940 2 7 0.800000 89 0.200000
  7 -1.278900 4.963523 40.227772 0.422543 0.849982 0.314623 0.662020 0.855750 2 7 0.900000 89 0.100000
  7 -1.259055 4.953600 40.189919 0.755454 0.621483 -0.207482 0.664050 0.856310 2 7 0.900000 89 0.100000
skt
  7 -1.433985 4.891495 40.415199 0.221073 0.839263 0.496754 0.655700 0.854580 2 7 0.900000 89 0.100000
  7 -1.278900 4.963523 40.227772 0.422543 0.849982 0.314623 0.662020 0.855750 2 7 0.900000 89 0.100000
  7 -2.216025 5.782316 39.283298 0.404796 0.849288 0.338894 0.676810 0.818940 2 7 0.800000 89 0.200000
skt
  7 -0.335160 4.148777 41.170410 0.445670 0.848496 0.285363 0.645230 0.891820 1 7 1.000000
  7 -1.278900 4.963523 40.227772 0.422543 0.849982 0.314623 0.662020 0.855750 2 7 0.900000 89 0.100000
  7 -1.433985 4.891495 40.415199 0.221073 0.839263 0.496754 0.655700 0.854580 2 7 0.900000 89 0.100000
skt
  7 -0.435855 4.113501 41.281399 0.244953 0.844502 0.476250 0.641440 0.890750 1 7 1.000000
  7 -0.335160 4.148777 41.170410 0.445670 0.848496 0.285363 0.645230 0.891820 1 7 1.000000
  7 -1.433985 4.891495 40.415199 0.221073 0.839263 0.496754 0.655700 0.854580 2 7 0.900000 89 0.100000
skt
  7 -0.435855 4.113501 41.281399 0.244953 0.844502 0.476250 0.641440 0.890750 1 7 1.000000
  7 -1.433985 4.891495 40.415199 0.221073 0.839263 0.496754 0.655700 0.854580 2 7 0.900000 89 0.100000
  7 -0.693472 4.023461 41.581276 0.235339 0.850636 0.470143 0.631450 0.887960 1 7 1.000000
skt
  7 -1.433985 4.891495 40.415199 0.221073 0.839263 0.496754 0.655700 0.854580 2 7 0.900000 89 0.100000
  7 -1.834560 4.707376 40.914265 0.220449 0.844142 0.488698 0.639580 0.851740 2 7 0.900000 89 0.100000
  7 -0.693472 4.023461 41.581276 0.235339 0.850636 0.470143 0.631450 0.887960 1 7 1.000000
skt
  7 -0.693472 4.023461 41.581276 0.235339 0.850636 0.470143 0.631450 0.887960 1 7 1.000000
  7 -1.834560 4.707376 40.914265 0.220449 0.844142 0.488698 0.639580 0.851740 2 7 0.900000 89 0.100000
  7 -2.236237 4.522525 41.414421 0.210596 0.845142 0.491309 0.623870 0.848700 2 7 0.900000 89 0.100000
skt
  7 -2.236237 4.522525 41.414421 0.210596 0.845142 0.491309 0.623870 0.848700 2 7 0.900000 89 0.100000
  7 -1.834560 4.707376 40.914265 0.220449 0.844142 0.488698 0.639580 0.851740 2 7 0.900000 89 0.100000
  7 -2.955435 5.413713 40.200211 0.207832 0.839235 0.502485 0.646510 0.815740 2 7 0.800000 89 0.200000
skt
  7 -3.490148 5.148376 40.866493 0.197848 0.842167 0.501608 0.626030 0.813570 2 7 0.800000 89 0.200000
  7 -2.236237 4.522525 41.414421 0.210596 0.845142 0.491309 0.623870 0.848700 2 7 0.900000 89 0.100000
  7 -2.955435 5.413713 40.200211 0.207832 0.839235 0.502485 0.646510 0.815740 2 7 0.800000 89 0.200000
skt
  7 -3.490148 5.148376 40.866493 0.197848 0.842167 0.501608 0.626030 0.813570 2 7 0.800000 89 0.200000
  7 -2.955435 5.413713 40.200211 0.207832 0.839235 0.502485 0.646510 0.815740 2 7 0.800000 89 0.200000
  7 -4.681950 5.845890 40.156849 0.190157 0.836923 0.513225 0.628190 0.777690 2 7 0.700000 89 0.300000
skt
  7 -3.490148 5.148376 40.866493 0.197848 0.842167 0.501608 0.626030 0.813570 2 7 0.800000 89 0.200000
  7 -4.681950 5.845890 40.156849 0.190157 0.836923 0.513225 0.628190 0.777690 2 7 0.700000 89 0.300000
  7 -3.699622 5.042904 41.122635 0.048133 0.715990 0.696449 0.618160 0.812710 2 7 0.800000 89 0.200000
skt
  7 -4.681950 5.845890 40.156849 0.190157 0.836923 0.513225 0.628190 0.777690 2 7 0.700000 89 0.300000
  7 -4.936625 5.719101 40.455620 0.042935 0.745852 0.664726 0.618660 0.777320 2 7 0.700000 89 0.300000
  7 -3.699622 5.042904 41.122635 0.048133 0.715990 0.696449 0.618160 0.812710 2 7 0.800000 89 0.200000
skt
  7 -1.259055 4.953600 40.189919 0.755454 0.621483 -0.207482 0.664050 0.856310 2 7 0.900000 89 0.100000
  7 -1.263098 4.891863 40.138840 0.802404 0.348353 -0.484559 0.665224 0.856855 2 7 0.900000 89 0.100000
  7 -2.194710 5.698524 39.167534 0.807018 0.354669 -0.472156 0.680941 0.819950 2 7 0.800000 89 0.200000
skt
  7 -0.323767 4.091080 41.109776 0.799949 0.340434 -0.494153 0.648667 0.892774 1 7 1.000000
  7 -1.263098 4.891863 40.138840 0.802404 0.348353 -0.484559 0.665224 0.856855 2 7 0.900000 89 0.100000
  7 -1.259055 4.953600 40.189919 0.755454 0.621483 -0.207482 0.664050 0.856310 2 7 0.900000 89 0.100000
skt
  7 -0.320827 4.138121 41.146893 0.765915 0.594831 -0.244029 0.647140 0.892650 1 7 1.000000
  7 -0.323767 4.091080 41.109776 0.799949 0.340434 -0.494153 0.648667 0.892774 1 7 1.000000
  7 -1.259055 4.953600 40.189919 0.755454 0.621483 -0.207482 0.664050 0.856310 2 7 0.900000 89 0.100000
skt
  7 -0.320827 4.138121 41.146893 0.765915 0.594831 -0.244029 0.647140 0.892650 1 7 1.000000
  7 -1.259055 4.953600 40.189919 0.755454 0.621483 -0.207482 0.664050 0.856310 2 7 0.900000 89 0.100000
  7 -0.335160 4.148777 41.170410 0.445670 0.848496 0.285363 0.645230 0.891820 1 7 1.000000
skt
  7 -1.259055 4.953600 40.189919 0.755454 0.621483 -0.207482 0.664050 0.856310 2 7 0.900000 89 0.100000
  7 -1.278900 4.963523 40.227772 0.422543 0.849982 0.314623 0.662020 0.855750 2 7 0.900000 89 0.100000
  7 -0.335160 4.148777 41.170410 0.445670 0.848496 0.285363 0.645230 0.891820 1 7 1.000000
skt
  7 -2.421825 5.678679 39.535404 0.212922 0.833574 0.509723 0.668260 0.818050 2 7 0.800000 89 0.200000
  7 -3.389452 6.484241 38.627312 0.201785 0.829859 0.520208 0.679340 0.780320 2 7 0.700000 89 0.300000
  7 -2.955435 5.413713 40.200211 0.207832 0.839235 0.502485 0.646510 0.815740 2 7 0.800000 89 0.200000
skt
  7 -2.421825 5.678679 39.535404 0.212922 0.833574 0.509723 0.668260 0.818050 2 7 0.800000 89 0.200000
  7 -2.216025 5.782316 39.283298 0.404796 0.849288 0.338894 0.676810 0.818940 2 7 0.800000 89 0.200000
  7 -3.389452 6.484241 38.627312 0.201785 0.829859 0.520208 0.679340 0.780320 2 7 0.700000 89 0.300000
skt
  7 -2.421825 5.678679 39.535404 0.212922 0.833574 0.509723 0.668260 0.818050 2 7 0.800000 89 0.200000
  7 -1.433985 4.891495 40.415199 0.221073 0.839263 0.496754 0.655700 0.854580 2 7 0.900000 89 0.100000
  7 -2.216025 5.782316 39.283298 0.404796 0.849288 0.338894 0.676810 0.818940 2 7 0.800000 89 0.200000
skt
  7 -2.421825 5.678679 39.535404 0.212922 0.833574 0.509723 0.668260 0.818050 2 7 0.800000 89 0.200000
  7 -2.955435 5.413713 40.200211 0.207832 0.839235 0.502485 0.646510 0.815740 2 7 0.800000 89 0.200000
  7 -1.433985 4.891495 40.415199 0.221073 0.839263 0.496754 0.655700 0.854580 2 7 0.900000 89 0.100000
skt
  7 -2.955435 5.413713 40.200211 0.207832 0.839235 0.502485 0.646510 0.815740 2 7 0.800000 89 0.200000
  7 -1.834560 4.707376 40.914265 0.220449 0.844142 0.488698 0.639580 0.851740 2 7 0.900000 89 0.100000
  7 -1.433985 4.891495 40.415199 0.221073 0.839263 0.496754 0.655700 0.854580 2 7 0.900000 89 0.100000
skt
  7 -2.216025 5.782316 39.283298 0.404796 0.849288 0.338894 0.676810 0.818940 2 7 0.800000 89 0.200000
  7 -3.139185 6.608819 38.333679 0.393664 0.845580 0.360586 0.689720 0.780920 2 7 0.700000 89 0.300000
  7 -3.389452 6.484241 38.627312 0.201785 0.829859 0.520208 0.679340 0.780320 2 7 0.700000 89 0.300000
skt
  7 -4.328784 7.316625 37.673645 0.196700 0.825668 0.528754 0.689790 0.741740 2 7 0.600000 89 0.400000
  7 -4.034048 7.456274 37.346943 0.386742 0.840513 0.379432 0.701610 0.742050 2 7 0.600000 89 0.400000
  7 -5.230628 8.185029 36.656410 0.198356 0.824869 0.529382 0.700390 0.701920 2 7 0.500000 89 0.500000
skt
  7 -4.328784 7.316625 37.673645 0.196700 0.825668 0.528754 0.689790 0.741740 2 7 0.600000 89 0.400000
  7 -5.230628 8.185029 36.656410 0.198356 0.824869 0.529382 0.700390 0.701920 2 7 0.500000 89 0.500000
  7 -5.083995 6.960151 38.513752 0.195719 0.828362 0.524891 0.659800 0.740760 2 7 0.600000 89 0.400000
skt
  7 -4.328784 7.316625 37.673645 0.196700 0.825668 0.528754 0.689790 0.741740 2 7 0.600000 89 0.400000
  7 -5.083995 6.960151 38.513752 0.195719 0.828362 0.524891 0.659800 0.740760 2 7 0.600000 89 0.400000
  7 -3.389452 6.484241 38.627312 0.201785 0.829859 0.520208 0.679340 0.780320 2 7 0.700000 89 0.300000
skt
  7 -5.083995 6.960151 38.513752 0.195719 0.828362 0.524891 0.659800 0.740760 2 7 0.600000 89 0.400000
  7 -4.034783 6.165617 39.391346 0.197725 0.833983 0.515148 0.653380 0.778960 2 7 0.700000 89 0.300000
  7 -3.389452 6.484241 38.627312 0.201785 0.829859 0.520208 0.679340 0.780320 2 7 0.700000 89 0.300000
skt
  7 -3.389452 6.484241 38.627312 0.201785 0.829859 0.520208 0.679340 0.780320 2 7 0.700000 89 0.300000
  7 -4.034783 6.165617 39.391346 0.197725 0.833983 0.515148 0.653380 0.778960 2 7 0.700000 89 0.300000
  7 -2.955435 5.413713 40.200211 0.207832 0.839235 0.502485 0.646510 0.815740 2 7 0.800000 89 0.200000
skt
  7 -2.955435 5.413713 40.200211 0.207832 0.839235 0.502485 0.646510 0.815740 2 7 0.800000 89 0.200000
  7 -4.034783 6.165617 39.391346 0.197725 0.833983 0.515148 0.653380 0.778960 2 7 0.700000 89 0.300000
  7 -4.681950 5.845890 40.156849 0.190157 0.836923 0.513225 0.628190 0.777690 2 7 0.700000 89 0.300000
skt
  7 -4.681950 5.845890 40.156849 0.190157 0.836923 0.513225 0.628190 0.777690 2 7 0.700000 89 0.300000
  7 -4.034783 6.165617 39.391346 0.197725 0.833983 0.515148 0.653380 0.778960 2 7 0.700000 89 0.300000
  7 -5.083995 6.960151 38.513752 0.195719 0.828362 0.524891 0.659800 0.740760 2 7 0.600000 89 0.400000
skt
  7 -5.841413 6.602207 39.356068 0.190410 0.829811 0.524554 0.630700 0.739990 2 7 0.600000 89 0.400000
  7 -4.681950 5.845890 40.156849 0.190157 0.836923 0.513225 0.628190 0.777690 2 7 0.700000 89 0.300000
  7 -5.083995 6.960151 38.513752 0.195719 0.828362 0.524891 0.659800 0.740760 2 7 0.600000 89 0.400000
skt
  7 -2.189932 5.772759 39.231483 0.752539 0.633246 -0.180789 0.678910 0.819300 2 7 0.800000 89 0.200000
  7 -3.106110 6.599267 38.270103 0.756981 0.634808 -0.154915 0.691880 0.781130 2 7 0.700000 89 0.300000
  7 -2.216025 5.782316 39.283298 0.404796 0.849288 0.338894 0.676810 0.818940 2 7 0.800000 89 0.200000
skt
  7 -3.106110 6.599267 38.270103 0.756981 0.634808 -0.154915 0.691880 0.781130 2 7 0.700000 89 0.300000
  7 -3.139185 6.608819 38.333679 0.393664 0.845580 0.360586 0.689720 0.780920 2 7 0.700000 89 0.300000
  7 -2.216025 5.782316 39.283298 0.404796 0.849288 0.338894 0.676810 0.818940 2 7 0.800000 89 0.200000
skt
  7 -4.034048 7.456274 37.346943 0.386742 0.840513 0.379432 0.701610 0.742050 2 7 0.600000 89 0.400000
  7 -3.139185 6.608819 38.333679 0.393664 0.845580 0.360586 0.689720 0.780920 2 7 0.700000 89 0.300000
  7 -3.106110 6.599267 38.270103 0.756981 0.634808 -0.154915 0.691880 0.781130 2 7 0.700000 89 0.300000
skt
  7 -3.389452 6.484241 38.627312 0.201785 0.829859 0.520208 0.679340 0.780320 2 7 0.700000 89 0.300000
  7 -3.139185 6.608819 38.333679 0.393664 0.845580 0.360586 0.689720 0.780920 2 7 0.700000 89 0.300000
  7 -4.034048 7.456274 37.346943 0.386742 0.840513 0.379432 0.701610 0.742050 2 7 0.600000 89 0.400000
skt
  7 -4.328784 7.316625 37.673645 0.196700 0.825668 0.528754 0.689790 0.741740 2 7 0.600000 89 0.400000
  7 -3.389452 6.484241 38.627312 0.201785 0.829859 0.520208 0.679340 0.780320 2 7 0.700000 89 0.300000
  7 -4.034048 7.456274 37.346943 0.386742 0.840513 0.379432 0.701610 0.742050 2 7 0.600000 89 0.400000
skt
  7 -3.993623 7.446720 37.273075 0.770559 0.625514 -0.122359 0.703830 0.742180 2 7 0.600000 89 0.400000
  7 -4.034048 7.456274 37.346943 0.386742 0.840513 0.379432 0.701610 0.742050 2 7 0.600000 89 0.400000
  7 -3.106110 6.599267 38.270103 0.756981 0.634808 -0.154915 0.691880 0.781130 2 7 0.700000 89 0.300000
skt
  7 -6.141659 6.460350 39.689018 0.056001 0.751792 0.657018 0.619410 0.739770 2 7 0.600000 89 0.400000
  7 -4.936625 5.719101 40.455620 0.042935 0.745852 0.664726 0.618660 0.777320 2 7 0.700000 89 0.300000
  7 -4.681950 5.845890 40.156849 0.190157 0.836923 0.513225 0.628190 0.777690 2 7 0.700000 89 0.300000
skt
  7 -5.841413 6.602207 39.356068 0.190410 0.829811 0.524554 0.630700 0.739990 2 7 0.600000 89 0.400000
  7 -6.141659 6.460350 39.689018 0.056001 0.751792 0.657018 0.619410 0.739770 2 7 0.600000 89 0.400000
  7 -4.681950 5.845890 40.156849 0.190157 0.836923 0.513225 0.628190 0.777690 2 7 0.700000 89 0.300000
skt
  7 -5.841413 6.602207 39.356068 0.190410 0.829811 0.524554 0.630700 0.739990 2 7 0.600000 89 0.400000
  7 -6.998302 7.403357 38.534332 0.199941 0.823996 0.530145 0.633150 0.700990 2 7 0.500000 89 0.500000
  7 -6.141659 6.460350 39.689018 0.056001 0.751792 0.657018 0.619410 0.739770 2 7 0.600000 89 0.400000
skt
  7 -5.841413 6.602207 39.356068 0.190410 0.829811 0.524554 0.630700 0.739990 2 7 0.600000 89 0.400000
  7 -5.083995 6.960151 38.513752 0.195719 0.828362 0.524891 0.659800 0.740760 2 7 0.600000 89 0.400000
  7 -6.998302 7.403357 38.534332 0.199941 0.823996 0.530145 0.633150 0.700990 2 7 0.500000 89 0.500000
skt
  7 -5.083995 6.960151 38.513752 0.195719 0.828362 0.524891 0.659800 0.740760 2 7 0.600000 89 0.400000
  7 -6.113363 7.794744 37.594269 0.198657 0.824327 0.530114 0.666480 0.701460 2 7 0.500000 89 0.500000
  7 -6.998302 7.403357 38.534332 0.199941 0.823996 0.530145 0.633150 0.700990 2 7 0.500000 89 0.500000
skt
  7 -5.230628 8.185029 36.656410 0.198356 0.824869 0.529382 0.700390 0.701920 2 7 0.500000 89 0.500000
  7 -6.113363 7.794744 37.594269 0.198657 0.824327 0.530114 0.666480 0.701460 2 7 0.500000 89 0.500000
  7 -5.083995 6.960151 38.513752 0.195719 0.828362 0.524891 0.659800 0.740760 2 7 0.600000 89 0.400000
skt
  89 -6.932520 8.477193 36.846039 0.202242 0.823492 0.530056 0.671040 0.669070 2 89 0.550000 7 0.450000
  7 -6.113363 7.794744 37.594269 0.198657 0.824327 0.530114 0.666480 0.701460 2 7 0.500000 89 0.500000
  7 -5.230628 8.185029 36.656410 0.198356 0.824869 0.529382 0.700390 0.701920 2 7 0.500000 89 0.500000
skt
  89 -5.945046 8.890995 35.825485 0.200777 0.824588 0.528907 0.708360 0.669820 2 89 0.550000 7 0.450000
  89 -6.932520 8.477193 36.846039 0.202242 0.823492 0.530056 0.671040 0.669070 2 89 0.550000 7 0.450000
  7 -5.230628 8.185029 36.656410 0.198356 0.824869 0.529382 0.700390 0.701920 2 7 0.500000 89 0.500000
skt
  89 -8.998236 8.223986 37.878716 -0.597400 0.455563 0.659981 0.617720 0.651380 2 89 0.550000 7 0.450000
  89 -8.878798 8.154890 38.007706 -0.426555 0.374692 0.823199 0.618090 0.655500 2 89 0.550000 7 0.450000
  89 -8.981333 8.307405 37.810356 -0.423892 0.843185 0.330689 0.619710 0.649920 2 89 0.550000 7 0.450000
skt
  89 -8.878798 8.154890 38.007706 -0.426555 0.374692 0.823199 0.618090 0.655500 2 89 0.550000 7 0.450000
  89 -8.795010 8.222513 37.956619 0.008570 0.793389 0.608655 0.620640 0.655330 2 89 0.550000 7 0.450000
  89 -8.981333 8.307405 37.810356 -0.423892 0.843185 0.330689 0.619710 0.649920 2 89 0.550000 7 0.450000
skt
  89 -8.315788 7.897272 38.275612 0.070487 0.748581 0.659286 0.620830 0.669830 2 89 0.550000 7 0.450000
  89 -8.795010 8.222513 37.956619 0.008570 0.793389 0.608655 0.620640 0.655330 2 89 0.550000 7 0.450000
  89 -8.878798 8.154890 38.007706 -0.426555 0.374692 0.823199 0.618090 0.655500 2 89 0.550000 7 0.450000
skt
  89 -8.384880 8.390828 37.538033 0.137653 0.865146 0.482260 0.634350 0.653650 2 89 0.550000 7 0.450000
  89 -8.795010 8.222513 37.956619 0.008570 0.793389 0.608655 0.620640 0.655330 2 89 0.550000 7 0.450000
  89 -8.315788 7.897272 38.275612 0.070487 0.748581 0.659286 0.620830 0.669830 2 89 0.550000 7 0.450000
skt
  89 -7.922565 8.062283 37.869522 0.203924 0.822382 0.531134 0.634750 0.669640 2 89 0.550000 7 0.450000
  89 -8.384880 8.390828 37.538033 0.137653 0.865146 0.482260 0.634350 0.653650 2 89 0.550000 7 0.450000
  89 -8.315788 7.897272 38.275612 0.070487 0.748581 0.659286 0.620830 0.669830 2 89 0.550000 7 0.450000
skt
  89 -7.922565 8.062283 37.869522 0.203924 0.822382 0.531134 0.634750 0.669640 2 89 0.550000 7 0.450000
  89 -6.932520 8.477193 36.846039 0.202242 0.823492 0.530056 0.671040 0.669070 2 89 0.550000 7 0.450000
  89 -8.384880 8.390828 37.538033 0.137653 0.865146 0.482260 0.634350 0.653650 2 89 0.550000 7 0.450000
skt
  89 -7.922565 8.062283 37.869522 0.203924 0.822382 0.531134 0.634750 0.669640 2 89 0.550000 7 0.450000
  7 -6.998302 7.403357 38.534332 0.199941 0.823996 0.530145 0.633150 0.700990 2 7 0.500000 89 0.500000
  89 -6.932520 8.477193 36.846039 0.202242 0.823492 0.530056 0.671040 0.669070 2 89 0.550000 7 0.450000
skt
  7 -6.998302 7.403357 38.534332 0.199941 0.823996 0.530145 0.633150 0.700990 2 7 0.500000 89 0.500000
  7 -6.113363 7.794744 37.594269 0.198657 0.824327 0.530114 0.666480 0.701460 2 7 0.500000 89 0.500000
  89 -6.932520 8.477193 36.846039 0.202242 0.823492 0.530056 0.671040 0.669070 2 89 0.550000 7 0.450000
skt
  89 -8.567896 8.475721 37.389931 -0.235947 0.959769 0.152227 0.633850 0.647400 2 89 0.550000 7 0.450000
  89 -8.981333 8.307405 37.810356 -0.423892 0.843185 0.330689 0.619710 0.649920 2 89 0.550000 7 0.450000
  89 -8.384880 8.390828 37.538033 0.137653 0.865146 0.482260 0.634350 0.653650 2 89 0.550000 7 0.450000
skt
  89 -8.981333 8.307405 37.810356 -0.423892 0.843185 0.330689 0.619710 0.649920 2 89 0.550000 7 0.450000
  89 -8.795010 8.222513 37.956619 0.008570 0.793389 0.608655 0.620640 0.655330 2 89 0.550000 7 0.450000
  89 -8.384880 8.390828 37.538033 0.137653 0.865146 0.482260 0.634350 0.653650 2 89 0.550000 7 0.450000
skt
  89 -8.998236 8.223986 37.878716 -0.597400 0.455563 0.659981 0.617720 0.651380 2 89 0.550000 7 0.450000
  89 -9.085335 8.164450 37.812195 -0.950860 0.043809 0.306505 0.615200 0.649320 2 89 0.550000 7 0.450000
  89 -8.878798 8.154890 38.007706 -0.426555 0.374692 0.823199 0.618090 0.655500 2 89 0.550000 7 0.450000
skt
  89 -8.998236 8.223986 37.878716 -0.597400 0.455563 0.659981 0.617720 0.651380 2 89 0.550000 7 0.450000
  89 -8.981333 8.307405 37.810356 -0.423892 0.843185 0.330689 0.619710 0.649920 2 89 0.550000 7 0.450000
  89 -9.085335 8.164450 37.812195 -0.950860 0.043809 0.306505 0.615200 0.649320 2 89 0.550000 7 0.450000
skt
  89 -8.981333 8.307405 37.810356 -0.423892 0.843185 0.330689 0.619710 0.649920 2 89 0.550000 7 0.450000
  89 -9.069532 8.235744 37.696060 -0.651283 0.758351 0.027109 0.617690 0.646190 2 89 0.550000 7 0.450000
  89 -9.085335 8.164450 37.812195 -0.950860 0.043809 0.306505 0.615200 0.649320 2 89 0.550000 7 0.450000
skt
  89 -8.654993 8.404057 37.274910 -0.500948 0.852107 -0.151538 0.633420 0.643320 2 89 0.550000 7 0.450000
  89 -9.069532 8.235744 37.696060 -0.651283 0.758351 0.027109 0.617690 0.646190 2 89 0.550000 7 0.450000
  89 -8.981333 8.307405 37.810356 -0.423892 0.843185 0.330689 0.619710 0.649920 2 89 0.550000 7 0.450000
skt
  89 -8.567896 8.475721 37.389931 -0.235947 0.959769 0.152227 0.633850 0.647400 2 89 0.550000 7 0.450000
  89 -8.654993 8.404057 37.274910 -0.500948 0.852107 -0.151538 0.633420 0.643320 2 89 0.550000 7 0.450000
  89 -8.981333 8.307405 37.810356 -0.423892 0.843185 0.330689 0.619710 0.649920 2 89 0.550000 7 0.450000
skt
  89 -8.567896 8.475721 37.389931 -0.235947 0.959769 0.152227 0.633850 0.647400 2 89 0.550000 7 0.450000
  89 -7.526402 8.899817 36.330429 -0.239066 0.959528 0.148838 0.672980 0.646320 2 89 0.550000 7 0.450000
  89 -8.654993 8.404057 37.274910 -0.500948 0.852107 -0.151538 0.633420 0.643320 2 89 0.550000 7 0.450000
skt
  89 -8.567896 8.475721 37.389931 -0.235947 0.959769 0.152227 0.633850 0.647400 2 89 0.550000 7 0.450000
  89 -8.384880 8.390828 37.538033 0.137653 0.865146 0.482260 0.634350 0.653650 2 89 0.550000 7 0.450000
  89 -7.526402 8.899817 36.330429 -0.239066 0.959528 0.148838 0.672980 0.646320 2 89 0.550000 7 0.450000
skt
  89 -8.384880 8.390828 37.538033 0.137653 0.865146 0.482260 0.634350 0.653650 2 89 0.550000 7 0.450000
  89 -7.352205 8.814190 36.482948 0.136234 0.866113 0.480925 0.672700 0.652610 2 89 0.550000 7 0.450000
  89 -7.526402 8.899817 36.330429 -0.239066 0.959528 0.148838 0.672980 0.646320 2 89 0.550000 7 0.450000
skt
  89 -6.932520 8.477193 36.846039 0.202242 0.823492 0.530056 0.671040 0.669070 2 89 0.550000 7 0.450000
  89 -7.352205 8.814190 36.482948 0.136234 0.866113 0.480925 0.672700 0.652610 2 89 0.550000 7 0.450000
  89 -8.384880 8.390828 37.538033 0.137653 0.865146 0.482260 0.634350 0.653650 2 89 0.550000 7 0.450000
skt
  89 -6.322104 9.236443 35.430794 0.134114 0.867360 0.479270 0.711580 0.653650 2 89 0.550000 7 0.450000
  89 -7.352205 8.814190 36.482948 0.136234 0.866113 0.480925 0.672700 0.652610 2 89 0.550000 7 0.450000
  89 -6.932520 8.477193 36.846039 0.202242 0.823492 0.530056 0.671040 0.669070 2 89 0.550000 7 0.450000
skt
  89 -5.945046 8.890995 35.825485 0.200777 0.824588 0.528907 0.708360 0.669820 2 89 0.550000 7 0.450000
  89 -6.322104 9.236443 35.430794 0.134114 0.867360 0.479270 0.711580 0.653650 2 89 0.550000 7 0.450000
  89 -6.932520 8.477193 36.846039 0.202242 0.823492 0.530056 0.671040 0.669070 2 89 0.550000 7 0.450000
skt
  89 -5.945046 8.890995 35.825485 0.200777 0.824588 0.528907 0.708360 0.669820 2 89 0.550000 7 0.450000
  89 -5.559174 9.052698 35.427116 0.383934 0.837608 0.388596 0.723050 0.670000 2 89 0.550000 7 0.450000
  89 -6.322104 9.236443 35.430794 0.134114 0.867360 0.479270 0.711580 0.653650 2 89 0.550000 7 0.450000
skt
  89 -5.945046 8.890995 35.825485 0.200777 0.824588 0.528907 0.708360 0.669820 2 89 0.550000 7 0.450000
  7 -5.230628 8.185029 36.656410 0.198356 0.824869 0.529382 0.700390 0.701920 2 7 0.500000 89 0.500000
  89 -5.559174 9.052698 35.427116 0.383934 0.837608 0.388596 0.723050 0.670000 2 89 0.550000 7 0.450000
skt
  7 -5.230628 8.185029 36.656410 0.198356 0.824869 0.529382 0.700390 0.701920 2 7 0.500000 89 0.500000
  7 -4.885912 8.337541 36.290375 0.385797 0.836543 0.389046 0.713930 0.702110 2 7 0.500000 89 0.500000
  89 -5.559174 9.052698 35.427116 0.383934 0.837608 0.388596 0.723050 0.670000 2 89 0.550000 7 0.450000
skt
  7 -4.034048 7.456274 37.346943 0.386742 0.840513 0.379432 0.701610 0.742050 2 7 0.600000 89 0.400000
  7 -4.885912 8.337541 36.290375 0.385797 0.836543 0.389046 0.713930 0.702110 2 7 0.500000 89 0.500000
  7 -5.230628 8.185029 36.656410 0.198356 0.824869 0.529382 0.700390 0.701920 2 7 0.500000 89 0.500000
skt
  7 -4.837770 8.327621 36.207321 0.780343 0.617292 -0.100074 0.716410 0.702190 2 7 0.500000 89 0.500000
  7 -4.885912 8.337541 36.290375 0.385797 0.836543 0.389046 0.713930 0.702110 2 7 0.500000 89 0.500000
  7 -4.034048 7.456274 37.346943 0.386742 0.840513 0.379432 0.701610 0.742050 2 7 0.600000 89 0.400000
skt
  7 -3.993623 7.446720 37.273075 0.770559 0.625514 -0.122359 0.703830 0.742180 2 7 0.600000 89 0.400000
  7 -4.837770 8.327621 36.207321 0.780343 0.617292 -0.100074 0.716410 0.702190 2 7 0.500000 89 0.500000
  7 -4.034048 7.456274 37.346943 0.386742 0.840513 0.379432 0.701610 0.742050 2 7 0.600000 89 0.400000
skt
  7 -3.993623 7.446720 37.273075 0.770559 0.625514 -0.122359 0.703830 0.742180 2 7 0.600000 89 0.400000
  7 -4.000237 7.357787 37.192226 0.841127 0.328241 -0.429840 0.706501 0.742820 2 7 0.600000 89 0.400000
  7 -4.837770 8.327621 36.207321 0.780343 0.617292 -0.100074 0.716410 0.702190 2 7 0.500000 89 0.500000
skt
  89 -6.487844 9.322437 35.273872 -0.242466 0.959209 0.145353 0.712420 0.647460 2 89 0.550000 7 0.450000
  89 -7.526402 8.899817 36.330429 -0.239066 0.959528 0.148838 0.672980 0.646320 2 89 0.550000 7 0.450000
  89 -6.322104 9.236443 35.430794 0.134114 0.867360 0.479270 0.711580 0.653650 2 89 0.550000 7 0.450000
skt
  89 -7.526402 8.899817 36.330429 -0.239066 0.959528 0.148838 0.672980 0.646320 2 89 0.550000 7 0.450000
  89 -7.352205 8.814190 36.482948 0.136234 0.866113 0.480925 0.672700 0.652610 2 89 0.550000 7 0.450000
  89 -6.322104 9.236443 35.430794 0.134114 0.867360 0.479270 0.711580 0.653650 2 89 0.550000 7 0.450000
skt
  89 -5.505150 9.042408 35.337082 0.771043 0.627656 -0.107430 0.725720 0.670020 2 89 0.550000 7 0.450000
  7 -4.837770 8.327621 36.207321 0.780343 0.617292 -0.100074 0.716410 0.702190 2 7 0.500000 89 0.500000
  89 -5.512500 8.940608 35.242638 0.845806 0.328775 -0.420142 0.729020 0.670560 2 89 0.550000 7 0.450000
skt
  7 -4.837770 8.327621 36.207321 0.780343 0.617292 -0.100074 0.716410 0.702190 2 7 0.500000 89 0.500000
  7 -4.844751 8.231701 36.118752 0.857116 0.314396 -0.408054 0.719311 0.702830 2 7 0.500000 89 0.500000
  89 -5.512500 8.940608 35.242638 0.845806 0.328775 -0.420142 0.729020 0.670560 2 89 0.550000 7 0.450000
skt
  7 -4.000237 7.357787 37.192226 0.841127 0.328241 -0.429840 0.706501 0.742820 2 7 0.600000 89 0.400000
  7 -4.844751 8.231701 36.118752 0.857116 0.314396 -0.408054 0.719311 0.702830 2 7 0.500000 89 0.500000
  7 -4.837770 8.327621 36.207321 0.780343 0.617292 -0.100074 0.716410 0.702190 2 7 0.500000 89 0.500000
skt
  89 -5.559174 9.052698 35.427116 0.383934 0.837608 0.388596 0.723050 0.670000 2 89 0.550000 7 0.450000
  7 -4.885912 8.337541 36.290375 0.385797 0.836543 0.389046 0.713930 0.702110 2 7 0.500000 89 0.500000
  7 -4.837770 8.327621 36.207321 0.780343 0.617292 -0.100074 0.716410 0.702190 2 7 0.500000 89 0.500000
skt
  89 -5.505150 9.042408 35.337082 0.771043 0.627656 -0.107430 0.725720 0.670020 2 89 0.550000 7 0.450000
  89 -5.559174 9.052698 35.427116 0.383934 0.837608 0.388596 0.723050 0.670000 2 89 0.550000 7 0.450000
  7 -4.837770 8.327621 36.207321 0.780343 0.617292 -0.100074 0.716410 0.702190 2 7 0.500000 89 0.500000
skt
  89 -5.505150 9.042408 35.337082 0.771043 0.627656 -0.107430 0.725720 0.670020 2 89 0.550000 7 0.450000
  89 -5.863094 9.390794 34.927689 0.669306 0.718796 -0.188047 0.728480 0.654520 2 89 0.550000 7 0.450000
  89 -5.559174 9.052698 35.427116 0.383934 0.837608 0.388596 0.723050 0.670000 2 89 0.550000 7 0.450000
skt
  89 -5.505150 9.042408 35.337082 0.771043 0.627656 -0.107430 0.725720 0.670020 2 89 0.550000 7 0.450000
  89 -5.512500 8.940608 35.242638 0.845806 0.328775 -0.420142 0.729020 0.670560 2 89 0.550000 7 0.450000
  89 -5.863094 9.390794 34.927689 0.669306 0.718796 -0.188047 0.728480 0.654520 2 89 0.550000 7 0.450000
skt
  89 -5.512500 8.940608 35.242638 0.845806 0.328775 -0.420142 0.729020 0.670560 2 89 0.550000 7 0.450000
  89 -5.870445 9.287163 34.831406 0.757268 0.414906 -0.504379 0.731931 0.654230 2 89 0.550000 7 0.450000
  89 -5.863094 9.390794 34.927689 0.669306 0.718796 -0.188047 0.728480 0.654520 2 89 0.550000 7 0.450000
skt
  89 -5.863094 9.390794 34.927689 0.669306 0.718796 -0.188047 0.728480 0.654520 2 89 0.550000 7 0.450000
  89 -5.870445 9.287163 34.831406 0.757268 0.414906 -0.504379 0.731931 0.654230 2 89 0.550000 7 0.450000
  89 -6.045010 9.402187 34.719688 0.314670 0.780875 -0.539645 0.730700 0.647830 2 89 0.550000 7 0.450000
skt
  89 -6.000907 9.446289 34.826622 0.460338 0.814012 -0.354222 0.728550 0.650250 2 89 0.550000 7 0.450000
  89 -5.863094 9.390794 34.927689 0.669306 0.718796 -0.188047 0.728480 0.654520 2 89 0.550000 7 0.450000
  89 -6.045010 9.402187 34.719688 0.314670 0.780875 -0.539645 0.730700 0.647830 2 89 0.550000 7 0.450000
skt
  89 -6.000907 9.446289 34.826622 0.460338 0.814012 -0.354222 0.728550 0.650250 2 89 0.550000 7 0.450000
  89 -6.045010 9.402187 34.719688 0.314670 0.780875 -0.539645 0.730700 0.647830 2 89 0.550000 7 0.450000
  89 -6.082493 9.487450 34.861168 -0.020345 0.996871 -0.076388 0.726590 0.649120 2 89 0.550000 7 0.450000
skt
  89 -6.000907 9.446289 34.826622 0.460338 0.814012 -0.354222 0.728550 0.650250 2 89 0.550000 7 0.450000
  89 -6.082493 9.487450 34.861168 -0.020345 0.996871 -0.076388 0.726590 0.649120 2 89 0.550000 7 0.450000
  89 -5.863094 9.390794 34.927689 0.669306 0.718796 -0.188047 0.728480 0.654520 2 89 0.550000 7 0.450000
skt
  89 -6.082493 9.487450 34.861168 -0.020345 0.996871 -0.076388 0.726590 0.649120 2 89 0.550000 7 0.450000
  89 -5.919690 9.401085 35.019932 0.304166 0.891953 0.334519 0.725890 0.654600 2 89 0.550000 7 0.450000
  89 -5.863094 9.390794 34.927689 0.669306 0.718796 -0.188047 0.728480 0.654520 2 89 0.550000 7 0.450000
skt
  89 -5.863094 9.390794 34.927689 0.669306 0.718796 -0.188047 0.728480 0.654520 2 89 0.550000 7 0.450000
  89 -5.919690 9.401085 35.019932 0.304166 0.891953 0.334519 0.725890 0.654600 2 89 0.550000 7 0.450000
  89 -5.559174 9.052698 35.427116 0.383934 0.837608 0.388596 0.723050 0.670000 2 89 0.550000 7 0.450000
skt
  89 -5.559174 9.052698 35.427116 0.383934 0.837608 0.388596 0.723050 0.670000 2 89 0.550000 7 0.450000
  89 -5.919690 9.401085 35.019932 0.304166 0.891953 0.334519 0.725890 0.654600 2 89 0.550000 7 0.450000
  89 -6.322104 9.236443 35.430794 0.134114 0.867360 0.479270 0.711580 0.653650 2 89 0.550000 7 0.450000
skt
  89 -6.322104 9.236443 35.430794 0.134114 0.867360 0.479270 0.711580 0.653650 2 89 0.550000 7 0.450000
  89 -5.919690 9.401085 35.019932 0.304166 0.891953 0.334519 0.725890 0.654600 2 89 0.550000 7 0.450000
  89 -6.082493 9.487450 34.861168 -0.020345 0.996871 -0.076388 0.726590 0.649120 2 89 0.550000 7 0.450000
skt
  89 -6.487844 9.322437 35.273872 -0.242466 0.959209 0.145353 0.712420 0.647460 2 89 0.550000 7 0.450000
  89 -6.322104 9.236443 35.430794 0.134114 0.867360 0.479270 0.711580 0.653650 2 89 0.550000 7 0.450000
  89 -6.082493 9.487450 34.861168 -0.020345 0.996871 -0.076388 0.726590 0.649120 2 89 0.550000 7 0.450000
skt
  89 -6.487844 9.322437 35.273872 -0.242466 0.959209 0.145353 0.712420 0.647460 2 89 0.550000 7 0.450000
  89 -6.082493 9.487450 34.861168 -0.020345 0.996871 -0.076388 0.726590 0.649120 2 89 0.550000 7 0.450000
  89 -6.569430 9.251143 35.155907 -0.507764 0.846394 -0.160599 0.712910 0.643410 2 89 0.550000 7 0.450000
skt
  89 -6.487844 9.322437 35.273872 -0.242466 0.959209 0.145353 0.712420 0.647460 2 89 0.550000 7 0.450000
  89 -6.569430 9.251143 35.155907 -0.507764 0.846394 -0.160599 0.712910 0.643410 2 89 0.550000 7 0.450000
  89 -7.526402 8.899817 36.330429 -0.239066 0.959528 0.148838 0.672980 0.646320 2 89 0.550000 7 0.450000
skt
  89 -6.569430 9.251143 35.155907 -0.507764 0.846394 -0.160599 0.712910 0.643410 2 89 0.550000 7 0.450000
  89 -7.610927 8.828157 36.213936 -0.504130 0.849300 -0.156661 0.673080 0.642200 2 89 0.550000 7 0.450000
  89 -7.526402 8.899817 36.330429 -0.239066 0.959528 0.148838 0.672980 0.646320 2 89 0.550000 7 0.450000
skt
  89 -7.526402 8.899817 36.330429 -0.239066 0.959528 0.148838 0.672980 0.646320 2 89 0.550000 7 0.450000
  89 -7.610927 8.828157 36.213936 -0.504130 0.849300 -0.156661 0.673080 0.642200 2 89 0.550000 7 0.450000
  89 -8.654993 8.404057 37.274910 -0.500948 0.852107 -0.151538 0.633420 0.643320 2 89 0.550000 7 0.450000
skt
  89 -6.082493 9.487450 34.861168 -0.020345 0.996871 -0.076388 0.726590 0.649120 2 89 0.550000 7 0.450000
  89 -6.162607 9.416153 34.742836 -0.291834 0.893678 -0.340842 0.728310 0.645370 2 89 0.550000 7 0.450000
  89 -6.569430 9.251143 35.155907 -0.507764 0.846394 -0.160599 0.712910 0.643410 2 89 0.550000 7 0.450000
skt
  89 -6.045010 9.402187 34.719688 0.314670 0.780875 -0.539645 0.730700 0.647830 2 89 0.550000 7 0.450000
  89 -6.162607 9.416153 34.742836 -0.291834 0.893678 -0.340842 0.728310 0.645370 2 89 0.550000 7 0.450000
  89 -6.082493 9.487450 34.861168 -0.020345 0.996871 -0.076388 0.726590 0.649120 2 89 0.550000 7 0.450000
skt
  89 -7.922565 8.062283 37.869522 0.203924 0.822382 0.531134 0.634750 0.669640 2 89 0.550000 7 0.450000
  89 -8.315788 7.897272 38.275612 0.070487 0.748581 0.659286 0.620830 0.669830 2 89 0.550000 7 0.450000
  7 -6.998302 7.403357 38.534332 0.199941 0.823996 0.530145 0.633150 0.700990 2 7 0.500000 89 0.500000
skt
  89 -8.315788 7.897272 38.275612 0.070487 0.748581 0.659286 0.620830 0.669830 2 89 0.550000 7 0.450000
  7 -7.349630 7.248271 38.907715 0.066892 0.748915 0.659281 0.620320 0.700710 2 7 0.500000 89 0.500000
  7 -6.998302 7.403357 38.534332 0.199941 0.823996 0.530145 0.633150 0.700990 2 7 0.500000 89 0.500000
skt
  7 -6.998302 7.403357 38.534332 0.199941 0.823996 0.530145 0.633150 0.700990 2 7 0.500000 89 0.500000
  7 -7.349630 7.248271 38.907715 0.066892 0.748915 0.659281 0.620320 0.700710 2 7 0.500000 89 0.500000
  7 -6.141659 6.460350 39.689018 0.056001 0.751792 0.657018 0.619410 0.739770 2 7 0.600000 89 0.400000
skt
  7 -6.141659 6.460350 39.689018 0.056001 0.751792 0.657018 0.619410 0.739770 2 7 0.600000 89 0.400000
  7 -7.349630 7.248271 38.907715 0.066892 0.748915 0.659281 0.620320 0.700710 2 7 0.500000 89 0.500000
  7 -7.421295 7.186897 38.953285 -0.358178 0.314428 0.879115 0.617850 0.700630 2 7 0.500000 89 0.500000
skt
  7 -7.421295 7.186897 38.953285 -0.358178 0.314428 0.879115 0.617850 0.700630 2 7 0.500000 89 0.500000
  7 -7.349630 7.248271 38.907715 0.066892 0.748915 0.659281 0.620320 0.700710 2 7 0.500000 89 0.500000
  89 -8.315788 7.897272 38.275612 0.070487 0.748581 0.659286 0.620830 0.669830 2 89 0.550000 7 0.450000
skt
  89 -8.396273 7.831125 38.324860 -0.358144 0.319637 0.877249 0.618210 0.669770 2 89 0.550000 7 0.450000
  7 -7.421295 7.186897 38.953285 -0.358178 0.314428 0.879115 0.617850 0.700630 2 7 0.500000 89 0.500000
  89 -8.315788 7.897272 38.275612 0.070487 0.748581 0.659286 0.620830 0.669830 2 89 0.550000 7 0.450000
skt
  89 -8.396273 7.831125 38.324860 -0.358144 0.319637 0.877249 0.618210 0.669770 2 89 0.550000 7 0.450000
  89 -8.315788 7.897272 38.275612 0.070487 0.748581 0.659286 0.620830 0.669830 2 89 0.550000 7 0.450000
  89 -8.878798 8.154890 38.007706 -0.426555 0.374692 0.823199 0.618090 0.655500 2 89 0.550000 7 0.450000
skt
  89 -8.396273 7.831125 38.324860 -0.358144 0.319637 0.877249 0.618210 0.669770 2 89 0.550000 7 0.450000
  89 -8.878798 8.154890 38.007706 -0.426555 0.374692 0.823199 0.618090 0.655500 2 89 0.550000 7 0.450000
  89 -8.448093 7.712055 38.277817 -0.649085 -0.293657 0.701751 0.615070 0.669690 2 89 0.550000 7 0.450000
skt
  89 -8.878798 8.154890 38.007706 -0.426555 0.374692 0.823199 0.618090 0.655500 2 89 0.550000 7 0.450000
  89 -8.932821 8.032150 37.958824 -0.710581 -0.248427 0.658300 0.615150 0.655400 2 89 0.550000 7 0.450000
  89 -8.448093 7.712055 38.277817 -0.649085 -0.293657 0.701751 0.615070 0.669690 2 89 0.550000 7 0.450000
skt
  89 -8.448093 7.712055 38.277817 -0.649085 -0.293657 0.701751 0.615070 0.669690 2 89 0.550000 7 0.450000
  89 -8.932821 8.032150 37.958824 -0.710581 -0.248427 0.658300 0.615150 0.655400 2 89 0.550000 7 0.450000
  89 -8.937233 7.929616 37.859970 -0.692437 -0.710099 0.127632 0.612210 0.655370 2 89 0.550000 7 0.450000
skt
  89 -8.937233 7.929616 37.859970 -0.692437 -0.710099 0.127632 0.612210 0.655370 2 89 0.550000 7 0.450000
  89 -8.932821 8.032150 37.958824 -0.710581 -0.248427 0.658300 0.615150 0.655400 2 89 0.550000 7 0.450000
  89 -9.085335 8.164450 37.812195 -0.950860 0.043809 0.306505 0.615200 0.649320 2 89 0.550000 7 0.450000
skt
  89 -9.041603 8.057507 37.769196 -0.845298 -0.533808 0.022823 0.612640 0.651290 2 89 0.550000 7 0.450000
  89 -8.937233 7.929616 37.859970 -0.692437 -0.710099 0.127632 0.612210 0.655370 2 89 0.550000 7 0.450000
  89 -9.085335 8.164450 37.812195 -0.950860 0.043809 0.306505 0.615200 0.649320 2 89 0.550000 7 0.450000
skt
  89 -9.041603 8.057507 37.769196 -0.845298 -0.533808 0.022823 0.612640 0.651290 2 89 0.550000 7 0.450000
  89 -9.085335 8.164450 37.812195 -0.950860 0.043809 0.306505 0.615200 0.649320 2 89 0.550000 7 0.450000
  89 -9.040134 8.082498 37.662621 -0.749164 -0.436173 -0.498504 0.610680 0.649790 2 89 0.550000 7 0.450000
skt
  89 -9.041603 8.057507 37.769196 -0.845298 -0.533808 0.022823 0.612640 0.651290 2 89 0.550000 7 0.450000
  89 -9.040134 8.082498 37.662621 -0.749164 -0.436173 -0.498504 0.610680 0.649790 2 89 0.550000 7 0.450000
  89 -8.937233 7.929616 37.859970 -0.692437 -0.710099 0.127632 0.612210 0.655370 2 89 0.550000 7 0.450000
skt
  89 -9.040134 8.082498 37.662621 -0.749164 -0.436173 -0.498504 0.610680 0.649790 2 89 0.550000 7 0.450000
  89 -8.873287 7.922634 37.759644 -0.387464 -0.818449 -0.424279 0.609670 0.655150 2 89 0.550000 7 0.450000
  89 -8.937233 7.929616 37.859970 -0.692437 -0.710099 0.127632 0.612210 0.655370 2 89 0.550000 7 0.450000
skt
  89 -9.085335 8.164450 37.812195 -0.950860 0.043809 0.306505 0.615200 0.649320 2 89 0.550000 7 0.450000
  89 -8.932821 8.032150 37.958824 -0.710581 -0.248427 0.658300 0.615150 0.655400 2 89 0.550000 7 0.450000
  89 -8.878798 8.154890 38.007706 -0.426555 0.374692 0.823199 0.618090 0.655500 2 89 0.550000 7 0.450000
skt
  89 -8.396273 7.831125 38.324860 -0.358144 0.319637 0.877249 0.618210 0.669770 2 89 0.550000 7 0.450000
  89 -8.448093 7.712055 38.277817 -0.649085 -0.293657 0.701751 0.615070 0.669690 2 89 0.550000 7 0.450000
  7 -7.421295 7.186897 38.953285 -0.358178 0.314428 0.879115 0.617850 0.700630 2 7 0.500000 89 0.500000
skt
  89 -8.448093 7.712055 38.277817 -0.649085 -0.293657 0.701751 0.615070 0.669690 2 89 0.550000 7 0.450000
  7 -7.467232 7.078120 38.910652 -0.642963 -0.301226 0.704174 0.614880 0.700550 2 7 0.500000 89 0.500000
  7 -7.421295 7.186897 38.953285 -0.358178 0.314428 0.879115 0.617850 0.700630 2 7 0.500000 89 0.500000
skt
  89 -9.085335 8.164450 37.812195 -0.950860 0.043809 0.306505 0.615200 0.649320 2 89 0.550000 7 0.450000
  89 -9.069532 8.235744 37.696060 -0.862412 -0.055666 -0.503137 0.612760 0.646140 2 89 0.550000 7 0.450000
  89 -9.040134 8.082498 37.662621 -0.749164 -0.436173 -0.498504 0.610680 0.649790 2 89 0.550000 7 0.450000
skt
  89 -9.040134 8.082498 37.662621 -0.749164 -0.436173 -0.498504 0.610680 0.649790 2 89 0.550000 7 0.450000
  89 -9.069532 8.235744 37.696060 -0.862412 -0.055666 -0.503137 0.612760 0.646140 2 89 0.550000 7 0.450000
  89 -8.654993 8.404057 37.274910 -0.716581 0.018003 -0.697272 0.597080 0.643030 2 89 0.550000 7 0.450000
skt
  7 -3.699622 5.042904 41.122635 0.048133 0.715990 0.696449 0.618160 0.812710 2 7 0.800000 89 0.200000
  7 -4.936625 5.719101 40.455620 0.042935 0.745852 0.664726 0.618660 0.777320 2 7 0.700000 89 0.300000
  7 -4.986238 5.670595 40.488335 -0.360645 0.268186 0.893315 0.616760 0.777230 2 7 0.700000 89 0.300000
skt
  7 -4.986238 5.670595 40.488335 -0.360645 0.268186 0.893315 0.616760 0.777230 2 7 0.700000 89 0.300000
  7 -4.936625 5.719101 40.455620 0.042935 0.745852 0.664726 0.618660 0.777320 2 7 0.700000 89 0.300000
  7 -6.141659 6.460350 39.689018 0.056001 0.751792 0.657018 0.619410 0.739770 2 7 0.600000 89 0.400000
skt
  7 -6.201930 6.405592 39.729073 -0.363809 0.306236 0.879695 0.617260 0.739720 2 7 0.600000 89 0.400000
  7 -4.986238 5.670595 40.488335 -0.360645 0.268186 0.893315 0.616760 0.777230 2 7 0.700000 89 0.300000
  7 -6.141659 6.460350 39.689018 0.056001 0.751792 0.657018 0.619410 0.739770 2 7 0.600000 89 0.400000
skt
  7 -6.201930 6.405592 39.729073 -0.363809 0.306236 0.879695 0.617260 0.739720 2 7 0.600000 89 0.400000
  7 -6.141659 6.460350 39.689018 0.056001 0.751792 0.657018 0.619410 0.739770 2 7 0.600000 89 0.400000
  7 -7.421295 7.186897 38.953285 -0.358178 0.314428 0.879115 0.617850 0.700630 2 7 0.500000 89 0.500000
skt
  7 -6.201930 6.405592 39.729073 -0.363809 0.306236 0.879695 0.617260 0.739720 2 7 0.600000 89 0.400000
  7 -7.421295 7.186897 38.953285 -0.358178 0.314428 0.879115 0.617850 0.700630 2 7 0.500000 89 0.500000
  7 -6.240520 6.309677 39.691593 -0.635739 -0.312767 0.705700 0.614660 0.739640 2 7 0.600000 89 0.400000
skt
  7 -7.421295 7.186897 38.953285 -0.358178 0.314428 0.879115 0.617850 0.700630 2 7 0.500000 89 0.500000
  7 -7.467232 7.078120 38.910652 -0.642963 -0.301226 0.704174 0.614880 0.700550 2 7 0.500000 89 0.500000
  7 -6.240520 6.309677 39.691593 -0.635739 -0.312767 0.705700 0.614660 0.739640 2 7 0.600000 89 0.400000
skt
  7 -6.240520 6.309677 39.691593 -0.635739 -0.312767 0.705700 0.614660 0.739640 2 7 0.600000 89 0.400000
  7 -7.467232 7.078120 38.910652 -0.642963 -0.301226 0.704174 0.614880 0.700550 2 7 0.500000 89 0.500000
  7 -7.470907 6.987714 38.822815 -0.606916 -0.771835 0.189533 0.611910 0.700490 2 7 0.500000 89 0.500000
skt
  7 -7.470907 6.987714 38.822815 -0.606916 -0.771835 0.189533 0.611910 0.700490 2 7 0.500000 89 0.500000
  7 -7.467232 7.078120 38.910652 -0.642963 -0.301226 0.704174 0.614880 0.700550 2 7 0.500000 89 0.500000
  89 -8.448093 7.712055 38.277817 -0.649085 -0.293657 0.701751 0.615070 0.669690 2 89 0.550000 7 0.450000
skt
  89 -8.452499 7.612833 38.181534 -0.616358 -0.765096 0.186365 0.611930 0.669620 2 89 0.550000 7 0.450000
  7 -7.470907 6.987714 38.822815 -0.606916 -0.771835 0.189533 0.611910 0.700490 2 7 0.500000 89 0.500000
  89 -8.448093 7.712055 38.277817 -0.649085 -0.293657 0.701751 0.615070 0.669690 2 89 0.550000 7 0.450000
skt
  89 -8.452499 7.612833 38.181534 -0.616358 -0.765096 0.186365 0.611930 0.669620 2 89 0.550000 7 0.450000
  89 -8.448093 7.712055 38.277817 -0.649085 -0.293657 0.701751 0.615070 0.669690 2 89 0.550000 7 0.450000
  89 -8.937233 7.929616 37.859970 -0.692437 -0.710099 0.127632 0.612210 0.655370 2 89 0.550000 7 0.450000
skt
  89 -8.452499 7.612833 38.181534 -0.616358 -0.765096 0.186365 0.611930 0.669620 2 89 0.550000 7 0.450000
  89 -8.937233 7.929616 37.859970 -0.692437 -0.710099 0.127632 0.612210 0.655370 2 89 0.550000 7 0.450000
  89 -8.391127 7.605845 38.084145 -0.316766 -0.872702 -0.371551 0.609310 0.669610 2 89 0.550000 7 0.450000
skt
  89 -8.937233 7.929616 37.859970 -0.692437 -0.710099 0.127632 0.612210 0.655370 2 89 0.550000 7 0.450000
  89 -8.873287 7.922634 37.759644 -0.387464 -0.818449 -0.424279 0.609670 0.655150 2 89 0.550000 7 0.450000
  89 -8.391127 7.605845 38.084145 -0.316766 -0.872702 -0.371551 0.609310 0.669610 2 89 0.550000 7 0.450000
skt
  89 -8.391127 7.605845 38.084145 -0.316766 -0.872702 -0.371551 0.609310 0.669610 2 89 0.550000 7 0.450000
  89 -8.873287 7.922634 37.759644 -0.387464 -0.818449 -0.424279 0.609670 0.655150 2 89 0.550000 7 0.450000
  89 -8.463158 8.090578 37.340691 -0.264046 -0.777573 -0.570666 0.596020 0.653270 2 89 0.550000 7 0.450000
skt
  89 -8.463158 8.090578 37.340691 -0.264046 -0.777573 -0.570666 0.596020 0.653270 2 89 0.550000 7 0.450000
  89 -8.873287 7.922634 37.759644 -0.387464 -0.818449 -0.424279 0.609670 0.655150 2 89 0.550000 7 0.450000
  89 -9.040134 8.082498 37.662621 -0.749164 -0.436173 -0.498504 0.610680 0.649790 2 89 0.550000 7 0.450000
skt
  89 -8.626696 8.250813 37.241829 -0.576828 -0.384410 -0.720762 0.596600 0.647050 2 89 0.550000 7 0.450000
  89 -8.463158 8.090578 37.340691 -0.264046 -0.777573 -0.570666 0.596020 0.653270 2 89 0.550000 7 0.450000
  89 -9.040134 8.082498 37.662621 -0.749164 -0.436173 -0.498504 0.610680 0.649790 2 89 0.550000 7 0.450000
skt
  89 -8.626696 8.250813 37.241829 -0.576828 -0.384410 -0.720762 0.596600 0.647050 2 89 0.550000 7 0.450000
  89 -9.040134 8.082498 37.662621 -0.749164 -0.436173 -0.498504 0.610680 0.649790 2 89 0.550000 7 0.450000
  89 -8.654993 8.404057 37.274910 -0.716581 0.018003 -0.697272 0.597080 0.643030 2 89 0.550000 7 0.450000
skt
  89 -8.626696 8.250813 37.241829 -0.576828 -0.384410 -0.720762 0.596600 0.647050 2 89 0.550000 7 0.450000
  89 -8.654993 8.404057 37.274910 -0.716581 0.018003 -0.697272 0.597080 0.643030 2 89 0.550000 7 0.450000
  89 -7.585200 8.674537 36.182701 -0.577923 -0.381941 -0.721197 0.557460 0.645520 2 89 0.550000 7 0.450000
skt
  89 -8.654993 8.404057 37.274910 -0.716581 0.018003 -0.697272 0.597080 0.643030 2 89 0.550000 7 0.450000
  89 -7.610927 8.828157 36.213936 -0.716852 0.021642 -0.696889 0.557410 0.641440 2 89 0.550000 7 0.450000
  89 -7.585200 8.674537 36.182701 -0.577923 -0.381941 -0.721197 0.557460 0.645520 2 89 0.550000 7 0.450000
skt
  7 2.403450 4.983005 43.235764 -0.553148 0.823471 0.126183 0.042650 0.507800 2 7 0.600000 87 0.400000
  7 1.365630 4.220075 42.957932 -0.640334 0.740688 0.203355 0.045250 0.492210 2 7 0.800000 87 0.200000
  7 2.313412 4.866508 43.757248 -0.573348 0.815266 0.081322 0.049020 0.508510 2 7 0.600000 87 0.400000
skt
  7 0.385508 3.388421 42.671650 -0.662432 0.656464 0.360885 0.048010 0.476480 1 7 1.000000
  7 1.365630 4.220075 42.957932 -0.640334 0.740688 0.203355 0.045250 0.492210 2 7 0.800000 87 0.200000
  7 0.398003 3.599733 42.323627 -0.621938 0.689562 0.371076 0.043040 0.476430 1 7 1.000000
skt
  7 1.365630 4.220075 42.957932 -0.640334 0.740688 0.203355 0.045250 0.492210 2 7 0.800000 87 0.200000
  7 0.385508 3.388421 42.671650 -0.662432 0.656464 0.360885 0.048010 0.476480 1 7 1.000000
  7 0.367500 3.226720 42.941029 -0.700091 0.646536 0.303091 0.051840 0.476450 1 7 1.000000
skt
  7 1.308300 4.078955 43.343811 -0.674419 0.721205 0.158187 0.050250 0.492530 2 7 0.800000 87 0.200000
  7 1.365630 4.220075 42.957932 -0.640334 0.740688 0.203355 0.045250 0.492210 2 7 0.800000 87 0.200000
  7 0.367500 3.226720 42.941029 -0.700091 0.646536 0.303091 0.051840 0.476450 1 7 1.000000
skt
  7 1.365630 4.220075 42.957932 -0.640334 0.740688 0.203355 0.045250 0.492210 2 7 0.800000 87 0.200000
  7 1.308300 4.078955 43.343811 -0.674419 0.721205 0.158187 0.050250 0.492530 2 7 0.800000 87 0.200000
  7 2.313412 4.866508 43.757248 -0.573348 0.815266 0.081322 0.049020 0.508510 2 7 0.600000 87 0.400000
skt
  7 1.308300 4.078955 43.343811 -0.674419 0.721205 0.158187 0.050250 0.492530 2 7 0.800000 87 0.200000
  7 1.284412 4.022359 43.505508 -0.698382 0.617864 0.361258 0.052330 0.492680 2 7 0.800000 87 0.200000
  7 2.313412 4.866508 43.757248 -0.573348 0.815266 0.081322 0.049020 0.508510 2 7 0.600000 87 0.400000
skt
  7 1.284412 4.022359 43.505508 -0.698382 0.617864 0.361258 0.052330 0.492680 2 7 0.800000 87 0.200000
  7 2.275928 4.818732 43.973705 -0.626254 0.734524 0.261306 0.051680 0.508840 2 7 0.600000 87 0.400000
  7 2.313412 4.866508 43.757248 -0.573348 0.815266 0.081322 0.049020 0.508510 2 7 0.600000 87 0.400000
skt
  7 1.284412 4.022359 43.505508 -0.698382 0.617864 0.361258 0.052330 0.492680 2 7 0.800000 87 0.200000
  7 0.360518 3.161674 43.055321 -0.702305 0.477917 0.527602 0.053450 0.476460 1 7 1.000000
  7 0.365662 3.130068 43.075901 -0.428668 -0.022643 0.903178 0.054330 0.476310 1 7 1.000000
skt
  7 0.360518 3.161674 43.055321 -0.702305 0.477917 0.527602 0.053450 0.476460 1 7 1.000000
  7 1.284412 4.022359 43.505508 -0.698382 0.617864 0.361258 0.052330 0.492680 2 7 0.800000 87 0.200000
  7 0.367500 3.226720 42.941029 -0.700091 0.646536 0.303091 0.051840 0.476450 1 7 1.000000
skt
  7 1.284412 4.022359 43.505508 -0.698382 0.617864 0.361258 0.052330 0.492680 2 7 0.800000 87 0.200000
  7 1.308300 4.078955 43.343811 -0.674419 0.721205 0.158187 0.050250 0.492530 2 7 0.800000 87 0.200000
  7 0.367500 3.226720 42.941029 -0.700091 0.646536 0.303091 0.051840 0.476450 1 7 1.000000
skt
  87 3.557400 5.608123 43.496315 -0.358762 0.927244 0.107280 0.040190 0.523240 2 87 0.600000 7 0.400000
  7 2.403450 4.983005 43.235764 -0.553148 0.823471 0.126183 0.042650 0.507800 2 7 0.600000 87 0.400000
  7 2.313412 4.866508 43.757248 -0.573348 0.815266 0.081322 0.049020 0.508510 2 7 0.600000 87 0.400000
skt
  7 2.403450 4.983005 43.235764 -0.553148 0.823471 0.126183 0.042650 0.507800 2 7 0.600000 87 0.400000
  87 3.557400 5.608123 43.496315 -0.358762 0.927244 0.107280 0.040190 0.523240 2 87 0.600000 7 0.400000
  7 2.494590 5.181087 42.549637 -0.521744 0.819525 0.236985 0.034120 0.506930 2 7 0.600000 87 0.400000
skt
  7 1.365630 4.220075 42.957932 -0.640334 0.740688 0.203355 0.045250 0.492210 2 7 0.800000 87 0.200000
  7 2.403450 4.983005 43.235764 -0.553148 0.823471 0.126183 0.042650 0.507800 2 7 0.600000 87 0.400000
  7 2.494590 5.181087 42.549637 -0.521744 0.819525 0.236985 0.034120 0.506930 2 7 0.600000 87 0.400000
skt
  7 1.419285 4.426978 42.444901 -0.595998 0.749544 0.288045 0.038530 0.491790 2 7 0.800000 87 0.200000
  7 1.365630 4.220075 42.957932 -0.640334 0.740688 0.203355 0.045250 0.492210 2 7 0.800000 87 0.200000
  7 2.494590 5.181087 42.549637 -0.521744 0.819525 0.236985 0.034120 0.506930 2 7 0.600000 87 0.400000
skt
  7 1.365630 4.220075 42.957932 -0.640334 0.740688 0.203355 0.045250 0.492210 2 7 0.800000 87 0.200000
  7 1.419285 4.426978 42.444901 -0.595998 0.749544 0.288045 0.038530 0.491790 2 7 0.800000 87 0.200000
  7 0.398003 3.599733 42.323627 -0.621938 0.689562 0.371076 0.043040 0.476430 1 7 1.000000
skt
  7 1.419285 4.426978 42.444901 -0.595998 0.749544 0.288045 0.038530 0.491790 2 7 0.800000 87 0.200000
  7 1.432882 4.681653 41.902481 -0.559821 0.747429 0.357701 0.031340 0.491150 2 7 0.800000 87 0.200000
  7 0.398003 3.599733 42.323627 -0.621938 0.689562 0.371076 0.043040 0.476430 1 7 1.000000
skt
  7 1.432882 4.681653 41.902481 -0.559821 0.747429 0.357701 0.031340 0.491150 2 7 0.800000 87 0.200000
  7 0.388080 3.814719 41.973034 -0.551522 0.701422 0.451477 0.038030 0.476180 1 7 1.000000
  7 0.398003 3.599733 42.323627 -0.621938 0.689562 0.371076 0.043040 0.476430 1 7 1.000000
skt
  7 0.388080 3.814719 41.973034 -0.551522 0.701422 0.451477 0.038030 0.476180 1 7 1.000000
  7 1.432882 4.681653 41.902481 -0.559821 0.747429 0.357701 0.031340 0.491150 2 7 0.800000 87 0.200000
  7 0.371910 3.981567 41.699612 -0.540910 0.715092 0.442786 0.034140 0.475890 1 7 1.000000
skt
  7 2.535750 5.473617 41.840366 -0.484605 0.807427 0.336482 0.025040 0.506060 2 7 0.600000 87 0.400000
  7 1.432882 4.681653 41.902481 -0.559821 0.747429 0.357701 0.031340 0.491150 2 7 0.800000 87 0.200000
  7 2.494590 5.181087 42.549637 -0.521744 0.819525 0.236985 0.034120 0.506930 2 7 0.600000 87 0.400000
skt
  7 1.432882 4.681653 41.902481 -0.559821 0.747429 0.357701 0.031340 0.491150 2 7 0.800000 87 0.200000
  7 1.419285 4.426978 42.444901 -0.595998 0.749544 0.288045 0.038530 0.491790 2 7 0.800000 87 0.200000
  7 2.494590 5.181087 42.549637 -0.521744 0.819525 0.236985 0.034120 0.506930 2 7 0.600000 87 0.400000
skt
  87 4.530172 5.812819 43.668678 0.270744 0.946974 0.173024 0.039050 0.534730 2 87 0.800000 7 0.200000
  87 3.557400 5.608123 43.496315 -0.358762 0.927244 0.107280 0.040190 0.523240 2 87 0.600000 7 0.400000
  87 4.429111 5.717639 44.511715 0.284781 0.946544 0.151505 0.047920 0.535390 2 87 0.800000 7 0.200000
skt
  87 3.557400 5.608123 43.496315 -0.358762 0.927244 0.107280 0.040190 0.523240 2 87 0.600000 7 0.400000
  87 3.447518 5.523965 44.192001 -0.369092 0.927591 0.057844 0.048160 0.524360 2 87 0.600000 7 0.400000
  87 4.429111 5.717639 44.511715 0.284781 0.946544 0.151505 0.047920 0.535390 2 87 0.800000 7 0.200000
skt
  87 3.447518 5.523965 44.192001 -0.369092 0.927591 0.057844 0.048160 0.524360 2 87 0.600000 7 0.400000
  87 3.557400 5.608123 43.496315 -0.358762 0.927244 0.107280 0.040190 0.523240 2 87 0.600000 7 0.400000
  7 2.313412 4.866508 43.757248 -0.573348 0.815266 0.081322 0.049020 0.508510 2 7 0.600000 87 0.400000
skt
  87 3.402315 5.486846 44.479019 -0.420962 0.875783 0.236209 0.051350 0.524910 2 87 0.600000 7 0.400000
  87 3.447518 5.523965 44.192001 -0.369092 0.927591 0.057844 0.048160 0.524360 2 87 0.600000 7 0.400000
  7 2.313412 4.866508 43.757248 -0.573348 0.815266 0.081322 0.049020 0.508510 2 7 0.600000 87 0.400000
skt
  7 2.275928 4.818732 43.973705 -0.626254 0.734524 0.261306 0.051680 0.508840 2 7 0.600000 87 0.400000
  87 3.402315 5.486846 44.479019 -0.420962 0.875783 0.236209 0.051350 0.524910 2 87 0.600000 7 0.400000
  7 2.313412 4.866508 43.757248 -0.573348 0.815266 0.081322 0.049020 0.508510 2 7 0.600000 87 0.400000
skt
  87 3.402315 5.486846 44.479019 -0.420962 0.875783 0.236209 0.051350 0.524910 2 87 0.600000 7 0.400000
  7 2.275928 4.818732 43.973705 -0.626254 0.734524 0.261306 0.051680 0.508840 2 7 0.600000 87 0.400000
  7 2.275928 4.788598 44.016697 -0.569879 0.294195 0.767260 0.052520 0.508850 2 7 0.600000 87 0.400000
skt
  7 2.275928 4.818732 43.973705 -0.626254 0.734524 0.261306 0.051680 0.508840 2 7 0.600000 87 0.400000
  7 1.284412 4.022359 43.505508 -0.698382 0.617864 0.361258 0.052330 0.492680 2 7 0.800000 87 0.200000
  7 2.275928 4.788598 44.016697 -0.569879 0.294195 0.767260 0.052520 0.508850 2 7 0.600000 87 0.400000
skt
  7 1.284412 4.022359 43.505508 -0.698382 0.617864 0.361258 0.052330 0.492680 2 7 0.800000 87 0.200000
  7 1.288455 3.992223 43.536381 -0.542882 0.154424 0.825489 0.053180 0.492640 2 7 0.800000 87 0.200000
  7 2.275928 4.788598 44.016697 -0.569879 0.294195 0.767260 0.052520 0.508850 2 7 0.600000 87 0.400000
skt
  7 1.288455 3.992223 43.536381 -0.542882 0.154424 0.825489 0.053180 0.492640 2 7 0.800000 87 0.200000
  7 1.284412 4.022359 43.505508 -0.698382 0.617864 0.361258 0.052330 0.492680 2 7 0.800000 87 0.200000
  7 0.365662 3.130068 43.075901 -0.428668 -0.022643 0.903178 0.054330 0.476310 1 7 1.000000
skt
  7 1.315283 3.931586 43.530865 -0.279335 -0.208245 0.937340 0.054060 0.492420 2 7 0.800000 87 0.200000
  7 1.288455 3.992223 43.536381 -0.542882 0.154424 0.825489 0.053180 0.492640 2 7 0.800000 87 0.200000
  7 0.365662 3.130068 43.075901 -0.428668 -0.022643 0.903178 0.054330 0.476310 1 7 1.000000
skt
  7 0.385508 3.068696 43.064137 -0.233831 -0.255463 0.938116 0.055200 0.475940 1 7 1.000000
  7 1.315283 3.931586 43.530865 -0.279335 -0.208245 0.937340 0.054060 0.492420 2 7 0.800000 87 0.200000
  7 0.365662 3.130068 43.075901 -0.428668 -0.022643 0.903178 0.054330 0.476310 1 7 1.000000
skt
  87 3.447518 5.523965 44.192001 -0.369092 0.927591 0.057844 0.048160 0.524360 2 87 0.600000 7 0.400000
  87 3.402315 5.486846 44.479019 -0.420962 0.875783 0.236209 0.051350 0.524910 2 87 0.600000 7 0.400000
  87 4.429111 5.717639 44.511715 0.284781 0.946544 0.151505 0.047920 0.535390 2 87 0.800000 7 0.200000
skt
  87 3.393863 5.452671 44.535240 -0.491164 0.494901 0.716820 0.052150 0.524950 2 87 0.600000 7 0.400000
  87 3.402315 5.486846 44.479019 -0.420962 0.875783 0.236209 0.051350 0.524910 2 87 0.600000 7 0.400000
  7 2.275928 4.788598 44.016697 -0.569879 0.294195 0.767260 0.052520 0.508850 2 7 0.600000 87 0.400000
skt
  7 1.288455 3.992223 43.536381 -0.542882 0.154424 0.825489 0.053180 0.492640 2 7 0.800000 87 0.200000
  7 1.315283 3.931586 43.530865 -0.279335 -0.208245 0.937340 0.054060 0.492420 2 7 0.800000 87 0.200000
  7 2.275928 4.788598 44.016697 -0.569879 0.294195 0.767260 0.052520 0.508850 2 7 0.600000 87 0.400000
skt
  7 1.315283 3.931586 43.530865 -0.279335 -0.208245 0.937340 0.054060 0.492420 2 7 0.800000 87 0.200000
  7 2.300183 4.724650 44.016335 -0.351534 -0.138611 0.925857 0.053370 0.508680 2 7 0.600000 87 0.400000
  7 2.275928 4.788598 44.016697 -0.569879 0.294195 0.767260 0.052520 0.508850 2 7 0.600000 87 0.400000
skt
  7 2.300183 4.724650 44.016335 -0.351534 -0.138611 0.925857 0.053370 0.508680 2 7 0.600000 87 0.400000
  87 3.394230 5.378436 44.539654 -0.418733 0.053793 0.906515 0.052990 0.524680 2 87 0.600000 7 0.400000
  7 2.275928 4.788598 44.016697 -0.569879 0.294195 0.767260 0.052520 0.508850 2 7 0.600000 87 0.400000
skt
  87 3.394230 5.378436 44.539654 -0.418733 0.053793 0.906515 0.052990 0.524680 2 87 0.600000 7 0.400000
  87 3.393863 5.452671 44.535240 -0.491164 0.494901 0.716820 0.052150 0.524950 2 87 0.600000 7 0.400000
  7 2.275928 4.788598 44.016697 -0.569879 0.294195 0.767260 0.052520 0.508850 2 7 0.600000 87 0.400000
skt
  87 3.393863 5.452671 44.535240 -0.491164 0.494901 0.716820 0.052150 0.524950 2 87 0.600000 7 0.400000
  87 3.394230 5.378436 44.539654 -0.418733 0.053793 0.906515 0.052990 0.524680 2 87 0.600000 7 0.400000
  87 4.367738 5.641932 44.925896 0.044250 0.652201 0.756753 0.052140 0.535780 2 87 0.800000 7 0.200000
skt
  87 3.402315 5.486846 44.479019 -0.420962 0.875783 0.236209 0.051350 0.524910 2 87 0.600000 7 0.400000
  87 3.393863 5.452671 44.535240 -0.491164 0.494901 0.716820 0.052150 0.524950 2 87 0.600000 7 0.400000
  87 4.367738 5.641932 44.925896 0.044250 0.652201 0.756753 0.052140 0.535780 2 87 0.800000 7 0.200000
skt
  87 4.386848 5.675745 44.857910 0.248810 0.915684 0.315621 0.051370 0.535720 2 87 0.800000 7 0.200000
  87 3.402315 5.486846 44.479019 -0.420962 0.875783 0.236209 0.051350 0.524910 2 87 0.600000 7 0.400000
  87 4.367738 5.641932 44.925896 0.044250 0.652201 0.756753 0.052140 0.535780 2 87 0.800000 7 0.200000
skt
  87 3.402315 5.486846 44.479019 -0.420962 0.875783 0.236209 0.051350 0.524910 2 87 0.600000 7 0.400000
  87 4.386848 5.675745 44.857910 0.248810 0.915684 0.315621 0.051370 0.535720 2 87 0.800000 7 0.200000
  87 4.429111 5.717639 44.511715 0.284781 0.946544 0.151505 0.047920 0.535390 2 87 0.800000 7 0.200000
skt
  87 4.386848 5.675745 44.857910 0.248810 0.915684 0.315621 0.051370 0.535720 2 87 0.800000 7 0.200000
  87 4.953900 5.034090 44.947571 0.919727 0.279715 0.275431 0.052130 0.543610 1 87 1.000000
  87 4.429111 5.717639 44.511715 0.284781 0.946544 0.151505 0.047920 0.535390 2 87 0.800000 7 0.200000
skt
  87 4.953900 5.034090 44.947571 0.919727 0.279715 0.275431 0.052130 0.543610 1 87 1.000000
  87 4.386848 5.675745 44.857910 0.248810 0.915684 0.315621 0.051370 0.535720 2 87 0.800000 7 0.200000
  87 4.367738 5.641932 44.925896 0.044250 0.652201 0.756753 0.052140 0.535780 2 87 0.800000 7 0.200000
skt
  87 4.863863 4.144738 44.776684 0.828405 -0.553641 0.085013 0.052210 0.552080 2 87 0.800000 7 0.200000
  87 4.953900 5.034090 44.947571 0.919727 0.279715 0.275431 0.052130 0.543610 1 87 1.000000
  87 4.829685 4.137385 44.851295 0.555687 -0.571655 0.603675 0.053030 0.552110 2 87 0.800000 7 0.200000
skt
  87 4.953900 5.034090 44.947571 0.919727 0.279715 0.275431 0.052130 0.543610 1 87 1.000000
  87 4.924500 5.012038 45.022175 0.655850 0.164376 0.736777 0.052990 0.543640 1 87 1.000000
  87 4.829685 4.137385 44.851295 0.555687 -0.571655 0.603675 0.053030 0.552110 2 87 0.800000 7 0.200000
skt
  87 4.924500 5.012038 45.022175 0.655850 0.164376 0.736777 0.052990 0.543640 1 87 1.000000
  87 4.953900 5.034090 44.947571 0.919727 0.279715 0.275431 0.052130 0.543610 1 87 1.000000
  87 4.367738 5.641932 44.925896 0.044250 0.652201 0.756753 0.052140 0.535780 2 87 0.800000 7 0.200000
skt
  87 4.861291 4.983739 45.038704 0.242627 0.008618 0.970081 0.053720 0.543680 1 87 1.000000
  87 4.924500 5.012038 45.022175 0.655850 0.164376 0.736777 0.052990 0.543640 1 87 1.000000
  87 4.367738 5.641932 44.925896 0.044250 0.652201 0.756753 0.052140 0.535780 2 87 0.800000 7 0.200000
skt
  87 4.335399 5.571742 44.935448 -0.236206 0.237082 0.942337 0.052830 0.535710 2 87 0.800000 7 0.200000
  87 4.861291 4.983739 45.038704 0.242627 0.008618 0.970081 0.053720 0.543680 1 87 1.000000
  87 4.367738 5.641932 44.925896 0.044250 0.652201 0.756753 0.052140 0.535780 2 87 0.800000 7 0.200000
skt
  87 3.394230 5.378436 44.539654 -0.418733 0.053793 0.906515 0.052990 0.524680 2 87 0.600000 7 0.400000
  87 4.335399 5.571742 44.935448 -0.236206 0.237082 0.942337 0.052830 0.535710 2 87 0.800000 7 0.200000
  87 4.367738 5.641932 44.925896 0.044250 0.652201 0.756753 0.052140 0.535780 2 87 0.800000 7 0.200000
skt
  87 4.924500 5.012038 45.022175 0.655850 0.164376 0.736777 0.052990 0.543640 1 87 1.000000
  87 4.861291 4.983739 45.038704 0.242627 0.008618 0.970081 0.053720 0.543680 1 87 1.000000
  87 4.829685 4.137385 44.851295 0.555687 -0.571655 0.603675 0.053030 0.552110 2 87 0.800000 7 0.200000
skt
  87 4.861291 4.983739 45.038704 0.242627 0.008618 0.970081 0.053720 0.543680 1 87 1.000000
  87 4.751775 4.156867 44.877373 0.161913 -0.495496 0.853386 0.053800 0.552340 2 87 0.800000 7 0.200000
  87 4.829685 4.137385 44.851295 0.555687 -0.571655 0.603675 0.053030 0.552110 2 87 0.800000 7 0.200000
skt
  87 4.751775 4.156867 44.877373 0.161913 -0.495496 0.853386 0.053800 0.552340 2 87 0.800000 7 0.200000
  87 3.786353 3.633544 44.478279 -0.031276 -0.693030 0.720230 0.053060 0.564900 2 87 0.600000 7 0.400000
  87 4.829685 4.137385 44.851295 0.555687 -0.571655 0.603675 0.053030 0.552110 2 87 0.800000 7 0.200000
skt
  87 3.677572 5.789299 42.621307 -0.336746 0.911713 0.235333 0.029800 0.522200 2 87 0.600000 7 0.400000
  87 3.754014 6.117109 41.795532 -0.303914 0.881147 0.362238 0.019500 0.521230 2 87 0.600000 7 0.400000
  7 2.494590 5.181087 42.549637 -0.521744 0.819525 0.236985 0.034120 0.506930 2 7 0.600000 87 0.400000
skt
  87 3.557400 5.608123 43.496315 -0.358762 0.927244 0.107280 0.040190 0.523240 2 87 0.600000 7 0.400000
  87 3.677572 5.789299 42.621307 -0.336746 0.911713 0.235333 0.029800 0.522200 2 87 0.600000 7 0.400000
  7 2.494590 5.181087 42.549637 -0.521744 0.819525 0.236985 0.034120 0.506930 2 7 0.600000 87 0.400000
skt
  87 3.677572 5.789299 42.621307 -0.336746 0.911713 0.235333 0.029800 0.522200 2 87 0.600000 7 0.400000
  87 3.557400 5.608123 43.496315 -0.358762 0.927244 0.107280 0.040190 0.523240 2 87 0.600000 7 0.400000
  87 4.656225 6.000978 42.642609 0.277392 0.916185 0.289237 0.026900 0.533790 2 87 0.800000 7 0.200000
skt
  87 3.557400 5.608123 43.496315 -0.358762 0.927244 0.107280 0.040190 0.523240 2 87 0.600000 7 0.400000
  87 4.530172 5.812819 43.668678 0.270744 0.946974 0.173024 0.039050 0.534730 2 87 0.800000 7 0.200000
  87 4.656225 6.000978 42.642609 0.277392 0.916185 0.289237 0.026900 0.533790 2 87 0.800000 7 0.200000
skt
  87 4.530172 5.812819 43.668678 0.270744 0.946974 0.173024 0.039050 0.534730 2 87 0.800000 7 0.200000
  87 5.025196 5.314489 43.680790 0.952476 0.285102 0.107268 0.038920 0.542520 1 87 1.000000
  87 4.656225 6.000978 42.642609 0.277392 0.916185 0.289237 0.026900 0.533790 2 87 0.800000 7 0.200000
skt
  87 5.025196 5.314489 43.680790 0.952476 0.285102 0.107268 0.038920 0.542520 1 87 1.000000
  87 4.530172 5.812819 43.668678 0.270744 0.946974 0.173024 0.039050 0.534730 2 87 0.800000 7 0.200000
  87 4.429111 5.717639 44.511715 0.284781 0.946544 0.151505 0.047920 0.535390 2 87 0.800000 7 0.200000
skt
  87 4.978156 5.113469 44.579334 0.946098 0.300076 0.121870 0.048550 0.543360 1 87 1.000000
  87 5.025196 5.314489 43.680790 0.952476 0.285102 0.107268 0.038920 0.542520 1 87 1.000000
  87 4.429111 5.717639 44.511715 0.284781 0.946544 0.151505 0.047920 0.535390 2 87 0.800000 7 0.200000
skt
  87 4.953900 5.034090 44.947571 0.919727 0.279715 0.275431 0.052130 0.543610 1 87 1.000000
  87 4.978156 5.113469 44.579334 0.946098 0.300076 0.121870 0.048550 0.543360 1 87 1.000000
  87 4.429111 5.717639 44.511715 0.284781 0.946544 0.151505 0.047920 0.535390 2 87 0.800000 7 0.200000
skt
  87 4.978156 5.113469 44.579334 0.946098 0.300076 0.121870 0.048550 0.543360 1 87 1.000000
  87 4.953900 5.034090 44.947571 0.919727 0.279715 0.275431 0.052130 0.543610 1 87 1.000000
  87 4.872683 4.255723 44.424625 0.848364 -0.509976 -0.142137 0.048590 0.551970 2 87 0.800000 7 0.200000
skt
  87 4.953900 5.034090 44.947571 0.919727 0.279715 0.275431 0.052130 0.543610 1 87 1.000000
  87 4.863863 4.144738 44.776684 0.828405 -0.553641 0.085013 0.052210 0.552080 2 87 0.800000 7 0.200000
  87 4.872683 4.255723 44.424625 0.848364 -0.509976 -0.142137 0.048590 0.551970 2 87 0.800000 7 0.200000
skt
  87 4.863863 4.144738 44.776684 0.828405 -0.553641 0.085013 0.052210 0.552080 2 87 0.800000 7 0.200000
  87 3.876758 3.590547 44.372074 0.399994 -0.914713 -0.057482 0.051280 0.564380 2 87 0.600000 7 0.400000
  87 4.872683 4.255723 44.424625 0.848364 -0.509976 -0.142137 0.048590 0.551970 2 87 0.800000 7 0.200000
skt
  87 3.876758 3.590547 44.372074 0.399994 -0.914713 -0.057482 0.051280 0.564380 2 87 0.600000 7 0.400000
  87 4.863863 4.144738 44.776684 0.828405 -0.553641 0.085013 0.052210 0.552080 2 87 0.800000 7 0.200000
  87 4.829685 4.137385 44.851295 0.555687 -0.571655 0.603675 0.053030 0.552110 2 87 0.800000 7 0.200000
skt
  87 3.848460 3.591651 44.440796 0.171131 -0.868869 0.464521 0.052150 0.564490 2 87 0.600000 7 0.400000
  87 3.876758 3.590547 44.372074 0.399994 -0.914713 -0.057482 0.051280 0.564380 2 87 0.600000 7 0.400000
  87 4.829685 4.137385 44.851295 0.555687 -0.571655 0.603675 0.053030 0.552110 2 87 0.800000 7 0.200000
skt
  87 3.786353 3.633544 44.478279 -0.031276 -0.693030 0.720230 0.053060 0.564900 2 87 0.600000 7 0.400000
  87 3.848460 3.591651 44.440796 0.171131 -0.868869 0.464521 0.052150 0.564490 2 87 0.600000 7 0.400000
  87 4.829685 4.137385 44.851295 0.555687 -0.571655 0.603675 0.053030 0.552110 2 87 0.800000 7 0.200000
skt
  87 3.848460 3.591651 44.440796 0.171131 -0.868869 0.464521 0.052150 0.564490 2 87 0.600000 7 0.400000
  87 3.786353 3.633544 44.478279 -0.031276 -0.693030 0.720230 0.053060 0.564900 2 87 0.600000 7 0.400000
  7 2.529502 3.243627 43.926296 0.054113 -0.898829 0.434947 0.049230 0.581620 2 7 0.600000 87 0.400000
skt
  87 3.786353 3.633544 44.478279 -0.031276 -0.693030 0.720230 0.053060 0.564900 2 87 0.600000 7 0.400000
  7 2.489445 3.291402 43.971497 -0.095477 -0.725203 0.681883 0.050130 0.581930 2 7 0.600000 87 0.400000
  7 2.529502 3.243627 43.926296 0.054113 -0.898829 0.434947 0.049230 0.581620 2 7 0.600000 87 0.400000
skt
  7 2.489445 3.291402 43.971497 -0.095477 -0.725203 0.681883 0.050130 0.581930 2 7 0.600000 87 0.400000
  7 1.384373 3.007691 43.485668 -0.121786 -0.728712 0.673904 0.046110 0.597230 2 7 0.800000 87 0.200000
  7 2.529502 3.243627 43.926296 0.054113 -0.898829 0.434947 0.049230 0.581620 2 7 0.600000 87 0.400000
skt
  7 1.384373 3.007691 43.485668 -0.121786 -0.728712 0.673904 0.046110 0.597230 2 7 0.800000 87 0.200000
  7 1.420755 2.962488 43.443401 0.036199 -0.905217 0.423406 0.045240 0.596900 2 7 0.800000 87 0.200000
  7 2.529502 3.243627 43.926296 0.054113 -0.898829 0.434947 0.049230 0.581620 2 7 0.600000 87 0.400000
skt
  87 3.876758 3.590547 44.372074 0.399994 -0.914713 -0.057482 0.051280 0.564380 2 87 0.600000 7 0.400000
  87 3.848460 3.591651 44.440796 0.171131 -0.868869 0.464521 0.052150 0.564490 2 87 0.600000 7 0.400000
  7 2.529502 3.243627 43.926296 0.054113 -0.898829 0.434947 0.049230 0.581620 2 7 0.600000 87 0.400000
skt
  87 3.754014 6.117109 41.795532 -0.303914 0.881147 0.362238 0.019500 0.521230 2 87 0.600000 7 0.400000
  87 3.795540 6.425077 41.175186 -0.282830 0.871190 0.401292 0.011670 0.520650 2 87 0.600000 7 0.400000
  7 2.547510 5.734910 41.281765 -0.474383 0.802661 0.361519 0.017780 0.505350 2 7 0.600000 87 0.400000
skt
  87 3.795540 6.425077 41.175186 -0.282830 0.871190 0.401292 0.011670 0.520650 2 87 0.600000 7 0.400000
  87 3.754014 6.117109 41.795532 -0.303914 0.881147 0.362238 0.019500 0.521230 2 87 0.600000 7 0.400000
  87 4.860555 6.618382 41.105000 0.327952 0.847594 0.417172 0.008810 0.531550 2 87 0.800000 7 0.200000
skt
  87 3.811343 6.545983 40.916470 -0.307514 0.928522 0.208042 0.008500 0.520480 2 87 0.600000 7 0.400000
  87 3.795540 6.425077 41.175186 -0.282830 0.871190 0.401292 0.011670 0.520650 2 87 0.600000 7 0.400000
  87 4.860555 6.618382 41.105000 0.327952 0.847594 0.417172 0.008810 0.531550 2 87 0.800000 7 0.200000
skt
  87 3.795540 6.425077 41.175186 -0.282830 0.871190 0.401292 0.011670 0.520650 2 87 0.600000 7 0.400000
  87 3.811343 6.545983 40.916470 -0.307514 0.928522 0.208042 0.008500 0.520480 2 87 0.600000 7 0.400000
  7 2.547510 5.734910 41.281765 -0.474383 0.802661 0.361519 0.017780 0.505350 2 7 0.600000 87 0.400000
skt
  87 3.811343 6.545983 40.916470 -0.307514 0.928522 0.208042 0.008500 0.520480 2 87 0.600000 7 0.400000
  7 2.550818 5.839646 41.047672 -0.516416 0.832595 0.200250 0.014790 0.505040 2 7 0.600000 87 0.400000
  7 2.547510 5.734910 41.281765 -0.474383 0.802661 0.361519 0.017780 0.505350 2 7 0.600000 87 0.400000
skt
  7 2.550818 5.839646 41.047672 -0.516416 0.832595 0.200250 0.014790 0.505040 2 7 0.600000 87 0.400000
  7 1.424430 4.982267 41.288013 -0.601380 0.778616 0.179163 0.023200 0.490320 2 7 0.800000 87 0.200000
  7 2.547510 5.734910 41.281765 -0.474383 0.802661 0.361519 0.017780 0.505350 2 7 0.600000 87 0.400000
skt
  7 1.424430 4.982267 41.288013 -0.601380 0.778616 0.179163 0.023200 0.490320 2 7 0.800000 87 0.200000
  7 2.550818 5.839646 41.047672 -0.516416 0.832595 0.200250 0.014790 0.505040 2 7 0.600000 87 0.400000
  7 2.558167 5.848466 40.980785 -0.558436 0.791465 -0.248460 0.013890 0.504890 2 7 0.600000 87 0.400000
skt
  7 1.433617 4.988883 41.231049 -0.649948 0.695045 -0.307375 0.022250 0.490170 2 7 0.800000 87 0.200000
  7 1.424430 4.982267 41.288013 -0.601380 0.778616 0.179163 0.023200 0.490320 2 7 0.800000 87 0.200000
  7 2.558167 5.848466 40.980785 -0.558436 0.791465 -0.248460 0.013890 0.504890 2 7 0.600000 87 0.400000
skt
  7 2.550818 5.839646 41.047672 -0.516416 0.832595 0.200250 0.014790 0.505040 2 7 0.600000 87 0.400000
  87 3.811343 6.545983 40.916470 -0.307514 0.928522 0.208042 0.008500 0.520480 2 87 0.600000 7 0.400000
  7 2.558167 5.848466 40.980785 -0.558436 0.791465 -0.248460 0.013890 0.504890 2 7 0.600000 87 0.400000
skt
  87 3.811343 6.545983 40.916470 -0.307514 0.928522 0.208042 0.008500 0.520480 2 87 0.600000 7 0.400000
  87 3.813180 6.548553 40.845543 -0.329590 0.895408 -0.299357 0.007670 0.520320 2 87 0.600000 7 0.400000
  7 2.558167 5.848466 40.980785 -0.558436 0.791465 -0.248460 0.013890 0.504890 2 7 0.600000 87 0.400000
skt
  7 1.424430 4.982267 41.288013 -0.601380 0.778616 0.179163 0.023200 0.490320 2 7 0.800000 87 0.200000
  7 1.427737 4.895539 41.469933 -0.537160 0.755557 0.374956 0.025590 0.490590 2 7 0.800000 87 0.200000
  7 2.547510 5.734910 41.281765 -0.474383 0.802661 0.361519 0.017780 0.505350 2 7 0.600000 87 0.400000
skt
  87 4.893998 6.734511 40.837093 0.351871 0.918467 0.180568 0.005990 0.531270 2 87 0.800000 7 0.200000
  87 3.811343 6.545983 40.916470 -0.307514 0.928522 0.208042 0.008500 0.520480 2 87 0.600000 7 0.400000
  87 4.860555 6.618382 41.105000 0.327952 0.847594 0.417172 0.008810 0.531550 2 87 0.800000 7 0.200000
skt
  87 3.811343 6.545983 40.916470 -0.307514 0.928522 0.208042 0.008500 0.520480 2 87 0.600000 7 0.400000
  87 4.893998 6.734511 40.837093 0.351871 0.918467 0.180568 0.005990 0.531270 2 87 0.800000 7 0.200000
  87 4.888485 6.733776 40.766899 0.286670 0.872812 -0.394993 0.005290 0.531190 2 87 0.800000 7 0.200000
skt
  87 3.813180 6.548553 40.845543 -0.329590 0.895408 -0.299357 0.007670 0.520320 2 87 0.600000 7 0.400000
  87 3.811343 6.545983 40.916470 -0.307514 0.928522 0.208042 0.008500 0.520480 2 87 0.600000 7 0.400000
  87 4.888485 6.733776 40.766899 0.286670 0.872812 -0.394993 0.005290 0.531190 2 87 0.800000 7 0.200000
skt
  87 3.813915 6.502617 40.789314 -0.325743 0.729837 -0.601023 0.006880 0.519940 2 87 0.600000 7 0.400000
  87 3.813180 6.548553 40.845543 -0.329590 0.895408 -0.299357 0.007670 0.520320 2 87 0.600000 7 0.400000
  87 4.888485 6.733776 40.766899 0.286670 0.872812 -0.394993 0.005290 0.531190 2 87 0.800000 7 0.200000
skt
  87 3.813180 6.548553 40.845543 -0.329590 0.895408 -0.299357 0.007670 0.520320 2 87 0.600000 7 0.400000
  87 3.813915 6.502617 40.789314 -0.325743 0.729837 -0.601023 0.006880 0.519940 2 87 0.600000 7 0.400000
  7 2.558167 5.848466 40.980785 -0.558436 0.791465 -0.248460 0.013890 0.504890 2 7 0.600000 87 0.400000
skt
  87 3.813915 6.502617 40.789314 -0.325743 0.729837 -0.601023 0.006880 0.519940 2 87 0.600000 7 0.400000
  7 2.582055 5.822373 40.922348 -0.517640 0.682295 -0.516259 0.013010 0.504670 2 7 0.600000 87 0.400000
  7 2.558167 5.848466 40.980785 -0.558436 0.791465 -0.248460 0.013890 0.504890 2 7 0.600000 87 0.400000
skt
  7 2.582055 5.822373 40.922348 -0.517640 0.682295 -0.516259 0.013010 0.504670 2 7 0.600000 87 0.400000
  7 1.465223 4.964629 41.174088 -0.598528 0.561382 -0.571502 0.021330 0.489930 2 7 0.800000 87 0.200000
  7 2.558167 5.848466 40.980785 -0.558436 0.791465 -0.248460 0.013890 0.504890 2 7 0.600000 87 0.400000
skt
  7 1.465223 4.964629 41.174088 -0.598528 0.561382 -0.571502 0.021330 0.489930 2 7 0.800000 87 0.200000
  7 1.433617 4.988883 41.231049 -0.649948 0.695045 -0.307375 0.022250 0.490170 2 7 0.800000 87 0.200000
  7 2.558167 5.848466 40.980785 -0.558436 0.791465 -0.248460 0.013890 0.504890 2 7 0.600000 87 0.400000
skt
  7 1.433617 4.988883 41.231049 -0.649948 0.695045 -0.307375 0.022250 0.490170 2 7 0.800000 87 0.200000
  7 1.465223 4.964629 41.174088 -0.598528 0.561382 -0.571502 0.021330 0.489930 2 7 0.800000 87 0.200000
  7 0.374483 4.049920 41.539017 -0.675995 0.649248 -0.348580 0.031570 0.475590 1 7 1.000000
skt
  7 1.424430 4.982267 41.288013 -0.601380 0.778616 0.179163 0.023200 0.490320 2 7 0.800000 87 0.200000
  7 1.433617 4.988883 41.231049 -0.649948 0.695045 -0.307375 0.022250 0.490170 2 7 0.800000 87 0.200000
  7 0.374483 4.049920 41.539017 -0.675995 0.649248 -0.348580 0.031570 0.475590 1 7 1.000000
skt
  7 0.365295 4.048818 41.582748 -0.600621 0.759945 0.248470 0.032510 0.475760 1 7 1.000000
  7 1.424430 4.982267 41.288013 -0.601380 0.778616 0.179163 0.023200 0.490320 2 7 0.800000 87 0.200000
  7 0.374483 4.049920 41.539017 -0.675995 0.649248 -0.348580 0.031570 0.475590 1 7 1.000000
skt
  7 1.424430 4.982267 41.288013 -0.601380 0.778616 0.179163 0.023200 0.490320 2 7 0.800000 87 0.200000
  7 0.365295 4.048818 41.582748 -0.600621 0.759945 0.248470 0.032510 0.475760 1 7 1.000000
  7 0.371910 3.981567 41.699612 -0.540910 0.715092 0.442786 0.034140 0.475890 1 7 1.000000
skt
  7 1.427737 4.895539 41.469933 -0.537160 0.755557 0.374956 0.025590 0.490590 2 7 0.800000 87 0.200000
  7 1.424430 4.982267 41.288013 -0.601380 0.778616 0.179163 0.023200 0.490320 2 7 0.800000 87 0.200000
  7 0.371910 3.981567 41.699612 -0.540910 0.715092 0.442786 0.034140 0.475890 1 7 1.000000
skt
  7 1.432882 4.681653 41.902481 -0.559821 0.747429 0.357701 0.031340 0.491150 2 7 0.800000 87 0.200000
  7 1.427737 4.895539 41.469933 -0.537160 0.755557 0.374956 0.025590 0.490590 2 7 0.800000 87 0.200000
  7 0.371910 3.981567 41.699612 -0.540910 0.715092 0.442786 0.034140 0.475890 1 7 1.000000
skt
  7 1.427737 4.895539 41.469933 -0.537160 0.755557 0.374956 0.025590 0.490590 2 7 0.800000 87 0.200000
  7 1.432882 4.681653 41.902481 -0.559821 0.747429 0.357701 0.031340 0.491150 2 7 0.800000 87 0.200000
  7 2.547510 5.734910 41.281765 -0.474383 0.802661 0.361519 0.017780 0.505350 2 7 0.600000 87 0.400000
skt
  7 1.432882 4.681653 41.902481 -0.559821 0.747429 0.357701 0.031340 0.491150 2 7 0.800000 87 0.200000
  7 2.535750 5.473617 41.840366 -0.484605 0.807427 0.336482 0.025040 0.506060 2 7 0.600000 87 0.400000
  7 2.547510 5.734910 41.281765 -0.474383 0.802661 0.361519 0.017780 0.505350 2 7 0.600000 87 0.400000
skt
  7 2.535750 5.473617 41.840366 -0.484605 0.807427 0.336482 0.025040 0.506060 2 7 0.600000 87 0.400000
  87 3.754014 6.117109 41.795532 -0.303914 0.881147 0.362238 0.019500 0.521230 2 87 0.600000 7 0.400000
  7 2.547510 5.734910 41.281765 -0.474383 0.802661 0.361519 0.017780 0.505350 2 7 0.600000 87 0.400000
skt
  87 3.754014 6.117109 41.795532 -0.303914 0.881147 0.362238 0.019500 0.521230 2 87 0.600000 7 0.400000
  7 2.535750 5.473617 41.840366 -0.484605 0.807427 0.336482 0.025040 0.506060 2 7 0.600000 87 0.400000
  7 2.494590 5.181087 42.549637 -0.521744 0.819525 0.236985 0.034120 0.506930 2 7 0.600000 87 0.400000
skt
  7 1.465223 4.964629 41.174088 -0.598528 0.561382 -0.571502 0.021330 0.489930 2 7 0.800000 87 0.200000
  7 0.406088 4.017951 41.485363 -0.608479 0.470680 -0.638916 0.030690 0.475240 1 7 1.000000
  7 0.374483 4.049920 41.539017 -0.675995 0.649248 -0.348580 0.031570 0.475590 1 7 1.000000
skt
  89 -8.267649 8.874092 36.213203 0.340176 -0.533187 -0.774592 0.574940 0.533420 2 89 0.550000 7 0.450000
  89 -8.435596 8.973314 36.070610 0.430743 -0.409028 -0.804460 0.572940 0.523140 2 89 0.550000 7 0.450000
  89 -8.333797 9.100836 36.070976 0.143520 -0.594469 -0.791207 0.580160 0.521960 2 89 0.550000 7 0.450000
skt
  89 -8.211788 9.301493 35.810417 -0.385229 -0.662900 -0.641999 0.595030 0.513720 2 89 0.550000 7 0.450000
  89 -8.112564 9.220274 35.879143 -0.257603 -0.783293 -0.565768 0.595270 0.520790 2 89 0.550000 7 0.450000
  89 -8.333797 9.100836 36.070976 0.143520 -0.594469 -0.791207 0.580160 0.521960 2 89 0.550000 7 0.450000
skt
  89 -8.112564 9.220274 35.879143 -0.257603 -0.783293 -0.565768 0.595270 0.520790 2 89 0.550000 7 0.450000
  89 -8.211788 9.301493 35.810417 -0.385229 -0.662900 -0.641999 0.595030 0.513720 2 89 0.550000 7 0.450000
  89 -7.912275 9.273933 35.639168 -0.509633 -0.847926 -0.145932 0.610430 0.520340 2 89 0.550000 7 0.450000
skt
  89 -7.866337 9.014842 36.047821 -0.239449 -0.798063 -0.552955 0.595790 0.537450 2 89 0.550000 7 0.450000
  89 -8.112564 9.220274 35.879143 -0.257603 -0.783293 -0.565768 0.595270 0.520790 2 89 0.550000 7 0.450000
  89 -7.912275 9.273933 35.639168 -0.509633 -0.847926 -0.145932 0.610430 0.520340 2 89 0.550000 7 0.450000
skt
  89 -8.112564 9.220274 35.879143 -0.257603 -0.783293 -0.565768 0.595270 0.520790 2 89 0.550000 7 0.450000
  89 -7.866337 9.014842 36.047821 -0.239449 -0.798063 -0.552955 0.595790 0.537450 2 89 0.550000 7 0.450000
  89 -8.333797 9.100836 36.070976 0.143520 -0.594469 -0.791207 0.580160 0.521960 2 89 0.550000 7 0.450000
skt
  89 -7.866337 9.014842 36.047821 -0.239449 -0.798063 -0.552955 0.595790 0.537450 2 89 0.550000 7 0.450000
  89 -8.109255 8.918928 36.238556 0.050794 -0.703153 -0.709222 0.581170 0.537390 2 89 0.550000 7 0.450000
  89 -8.333797 9.100836 36.070976 0.143520 -0.594469 -0.791207 0.580160 0.521960 2 89 0.550000 7 0.450000
skt
  89 -8.109255 8.918928 36.238556 0.050794 -0.703153 -0.709222 0.581170 0.537390 2 89 0.550000 7 0.450000
  89 -8.267649 8.874092 36.213203 0.340176 -0.533187 -0.774592 0.574940 0.533420 2 89 0.550000 7 0.450000
  89 -8.333797 9.100836 36.070976 0.143520 -0.594469 -0.791207 0.580160 0.521960 2 89 0.550000 7 0.450000
skt
  89 -8.267649 8.874092 36.213203 0.340176 -0.533187 -0.774592 0.574940 0.533420 2 89 0.550000 7 0.450000
  89 -8.109255 8.918928 36.238556 0.050794 -0.703153 -0.709222 0.581170 0.537390 2 89 0.550000 7 0.450000
  89 -7.843553 8.622721 36.578865 -0.035274 -0.846046 -0.531942 0.577620 0.558665 2 89 0.550000 7 0.450000
skt
  89 -8.109255 8.918928 36.238556 0.050794 -0.703153 -0.709222 0.581170 0.537390 2 89 0.550000 7 0.450000
  89 -7.866337 9.014842 36.047821 -0.239449 -0.798063 -0.552955 0.595790 0.537450 2 89 0.550000 7 0.450000
  89 -7.843553 8.622721 36.578865 -0.035274 -0.846046 -0.531942 0.577620 0.558665 2 89 0.550000 7 0.450000
skt
  89 -7.866337 9.014842 36.047821 -0.239449 -0.798063 -0.552955 0.595790 0.537450 2 89 0.550000 7 0.450000
  89 -7.546980 8.746937 36.266487 -0.266034 -0.779734 -0.566781 0.596480 0.556875 2 89 0.550000 7 0.450000
  89 -7.843553 8.622721 36.578865 -0.035274 -0.846046 -0.531942 0.577620 0.558665 2 89 0.550000 7 0.450000
skt
  89 -7.546980 8.746937 36.266487 -0.266034 -0.779734 -0.566781 0.596480 0.556875 2 89 0.550000 7 0.450000
  89 -7.866337 9.014842 36.047821 -0.239449 -0.798063 -0.552955 0.595790 0.537450 2 89 0.550000 7 0.450000
  89 -7.245631 8.877764 35.947502 -0.191667 -0.903966 -0.382242 0.615800 0.556045 2 89 0.550000 7 0.450000
skt
  89 -7.866337 9.014842 36.047821 -0.239449 -0.798063 -0.552955 0.595790 0.537450 2 89 0.550000 7 0.450000
  89 -7.682590 9.099371 35.792778 -0.397343 -0.877896 -0.267240 0.610440 0.535540 2 89 0.550000 7 0.450000
  89 -7.245631 8.877764 35.947502 -0.191667 -0.903966 -0.382242 0.615800 0.556045 2 89 0.550000 7 0.450000
skt
  89 -7.682590 9.099371 35.792778 -0.397343 -0.877896 -0.267240 0.610440 0.535540 2 89 0.550000 7 0.450000
  89 -7.700962 9.111130 35.624832 -0.499201 -0.864761 0.054653 0.616440 0.531010 2 89 0.550000 7 0.450000
  89 -7.245631 8.877764 35.947502 -0.191667 -0.903966 -0.382242 0.615800 0.556045 2 89 0.550000 7 0.450000
skt
  89 -7.700962 9.111130 35.624832 -0.499201 -0.864761 0.054653 0.616440 0.531010 2 89 0.550000 7 0.450000
  89 -7.682590 9.099371 35.792778 -0.397343 -0.877896 -0.267240 0.610440 0.535540 2 89 0.550000 7 0.450000
  89 -7.912275 9.273933 35.639168 -0.509633 -0.847926 -0.145932 0.610430 0.520340 2 89 0.550000 7 0.450000
skt
  89 -7.874423 9.203735 35.496578 -0.568703 -0.801890 0.183165 0.617780 0.520900 2 89 0.550000 7 0.450000
  89 -7.700962 9.111130 35.624832 -0.499201 -0.864761 0.054653 0.616440 0.531010 2 89 0.550000 7 0.450000
  89 -7.912275 9.273933 35.639168 -0.509633 -0.847926 -0.145932 0.610430 0.520340 2 89 0.550000 7 0.450000
skt
  89 -7.682590 9.099371 35.792778 -0.397343 -0.877896 -0.267240 0.610440 0.535540 2 89 0.550000 7 0.450000
  89 -7.866337 9.014842 36.047821 -0.239449 -0.798063 -0.552955 0.595790 0.537450 2 89 0.550000 7 0.450000
  89 -7.912275 9.273933 35.639168 -0.509633 -0.847926 -0.145932 0.610430 0.520340 2 89 0.550000 7 0.450000
skt
  89 -8.211788 9.301493 35.810417 -0.385229 -0.662900 -0.641999 0.595030 0.513720 2 89 0.550000 7 0.450000
  89 -8.227959 9.325378 35.804169 -0.705498 -0.036322 -0.707781 0.594970 0.512310 2 89 0.550000 7 0.450000
  89 -8.016644 9.370581 35.561623 -0.847058 0.025229 -0.530902 0.611250 0.512160 2 89 0.550000 7 0.450000
skt
  89 -8.006721 9.344125 35.575218 -0.696269 -0.663993 -0.272623 0.610970 0.513670 2 89 0.550000 7 0.450000
  89 -8.211788 9.301493 35.810417 -0.385229 -0.662900 -0.641999 0.595030 0.513720 2 89 0.550000 7 0.450000
  89 -8.016644 9.370581 35.561623 -0.847058 0.025229 -0.530902 0.611250 0.512160 2 89 0.550000 7 0.450000
skt
  89 -8.211788 9.301493 35.810417 -0.385229 -0.662900 -0.641999 0.595030 0.513720 2 89 0.550000 7 0.450000
  89 -8.006721 9.344125 35.575218 -0.696269 -0.663993 -0.272623 0.610970 0.513670 2 89 0.550000 7 0.450000
  89 -7.912275 9.273933 35.639168 -0.509633 -0.847926 -0.145932 0.610430 0.520340 2 89 0.550000 7 0.450000
skt
  89 -8.006721 9.344125 35.575218 -0.696269 -0.663993 -0.272623 0.610970 0.513670 2 89 0.550000 7 0.450000
  89 -7.950130 9.244900 35.439980 -0.776639 -0.628396 0.044162 0.618700 0.516690 2 89 0.550000 7 0.450000
  89 -7.912275 9.273933 35.639168 -0.509633 -0.847926 -0.145932 0.610430 0.520340 2 89 0.550000 7 0.450000
skt
  89 -7.950130 9.244900 35.439980 -0.776639 -0.628396 0.044162 0.618700 0.516690 2 89 0.550000 7 0.450000
  89 -7.874423 9.203735 35.496578 -0.568703 -0.801890 0.183165 0.617780 0.520900 2 89 0.550000 7 0.450000
  89 -7.912275 9.273933 35.639168 -0.509633 -0.847926 -0.145932 0.610430 0.520340 2 89 0.550000 7 0.450000
skt
  89 -7.874423 9.203735 35.496578 -0.568703 -0.801890 0.183165 0.617780 0.520900 2 89 0.550000 7 0.450000
  89 -7.950130 9.244900 35.439980 -0.776639 -0.628396 0.044162 0.618700 0.516690 2 89 0.550000 7 0.450000
  89 -7.777770 9.117746 35.367950 -0.298595 -0.952041 -0.066768 0.624610 0.523640 2 89 0.550000 7 0.450000
skt
  89 -7.700962 9.111130 35.624832 -0.499201 -0.864761 0.054653 0.616440 0.531010 2 89 0.550000 7 0.450000
  89 -7.874423 9.203735 35.496578 -0.568703 -0.801890 0.183165 0.617780 0.520900 2 89 0.550000 7 0.450000
  89 -7.777770 9.117746 35.367950 -0.298595 -0.952041 -0.066768 0.624610 0.523640 2 89 0.550000 7 0.450000
skt
  89 -7.538527 9.039468 35.568237 -0.228153 -0.955651 -0.186218 0.622440 0.536550 2 89 0.550000 7 0.450000
  89 -7.700962 9.111130 35.624832 -0.499201 -0.864761 0.054653 0.616440 0.531010 2 89 0.550000 7 0.450000
  89 -7.777770 9.117746 35.367950 -0.298595 -0.952041 -0.066768 0.624610 0.523640 2 89 0.550000 7 0.450000
skt
  89 -7.700962 9.111130 35.624832 -0.499201 -0.864761 0.054653 0.616440 0.531010 2 89 0.550000 7 0.450000
  89 -7.538527 9.039468 35.568237 -0.228153 -0.955651 -0.186218 0.622440 0.536550 2 89 0.550000 7 0.450000
  89 -7.245631 8.877764 35.947502 -0.191667 -0.903966 -0.382242 0.615800 0.556045 2 89 0.550000 7 0.450000
skt
  89 -7.538527 9.039468 35.568237 -0.228153 -0.955651 -0.186218 0.622440 0.536550 2 89 0.550000 7 0.450000
  89 -7.255919 9.109656 35.317974 0.015916 -0.932031 -0.362029 0.638430 0.539810 2 89 0.550000 7 0.450000
  89 -7.245631 8.877764 35.947502 -0.191667 -0.903966 -0.382242 0.615800 0.556045 2 89 0.550000 7 0.450000
skt
  89 -7.255919 9.109656 35.317974 0.015916 -0.932031 -0.362029 0.638430 0.539810 2 89 0.550000 7 0.450000
  89 -6.922965 9.014474 35.616013 0.039844 -0.938086 -0.344102 0.636720 0.557785 2 89 0.550000 7 0.450000
  89 -7.245631 8.877764 35.947502 -0.191667 -0.903966 -0.382242 0.615800 0.556045 2 89 0.550000 7 0.450000
skt
  89 -6.922965 9.014474 35.616013 0.039844 -0.938086 -0.344102 0.636720 0.557785 2 89 0.550000 7 0.450000
  89 -7.255919 9.109656 35.317974 0.015916 -0.932031 -0.362029 0.638430 0.539810 2 89 0.550000 7 0.450000
  89 -6.619411 9.139791 35.305840 -0.022819 -0.847980 -0.529537 0.656340 0.558905 2 89 0.550000 7 0.450000
skt
  89 -7.255919 9.109656 35.317974 0.015916 -0.932031 -0.362029 0.638430 0.539810 2 89 0.550000 7 0.450000
  89 -7.022925 9.251143 35.045654 0.186288 -0.795916 -0.576033 0.654730 0.539040 2 89 0.550000 7 0.450000
  89 -6.619411 9.139791 35.305840 -0.022819 -0.847980 -0.529537 0.656340 0.558905 2 89 0.550000 7 0.450000
skt
  89 -7.255919 9.109656 35.317974 0.015916 -0.932031 -0.362029 0.638430 0.539810 2 89 0.550000 7 0.450000
  89 -7.538527 9.039468 35.568237 -0.228153 -0.955651 -0.186218 0.622440 0.536550 2 89 0.550000 7 0.450000
  89 -7.777770 9.117746 35.367950 -0.298595 -0.952041 -0.066768 0.624610 0.523640 2 89 0.550000 7 0.450000
skt
  89 -7.950130 9.244900 35.439980 -0.776639 -0.628396 0.044162 0.618700 0.516690 2 89 0.550000 7 0.450000
  89 -8.006721 9.344125 35.575218 -0.696269 -0.663993 -0.272623 0.610970 0.513670 2 89 0.550000 7 0.450000
  89 -8.016644 9.370581 35.561623 -0.847058 0.025229 -0.530902 0.611250 0.512160 2 89 0.550000 7 0.450000
skt
  89 -7.950130 9.244900 35.439980 -0.776639 -0.628396 0.044162 0.618700 0.516690 2 89 0.550000 7 0.450000
  89 -7.875525 9.152653 35.286362 -0.525084 -0.830451 -0.186113 0.625710 0.518830 2 89 0.550000 7 0.450000
  89 -7.777770 9.117746 35.367950 -0.298595 -0.952041 -0.066768 0.624610 0.523640 2 89 0.550000 7 0.450000
skt
  89 -6.947220 9.814156 34.524174 -0.392341 -0.645607 -0.655179 0.686000 0.520970 2 89 0.550000 7 0.450000
  89 -6.739215 9.869282 34.288971 -0.679615 -0.635851 -0.365810 0.701700 0.524570 2 89 0.550000 7 0.450000
  89 -6.663508 9.791002 34.368355 -0.530946 -0.801979 -0.273725 0.698540 0.530540 2 89 0.550000 7 0.450000
skt
  89 -6.859756 9.729998 34.602081 -0.250185 -0.780084 -0.573477 0.683830 0.527630 2 89 0.550000 7 0.450000
  89 -6.947220 9.814156 34.524174 -0.392341 -0.645607 -0.655179 0.686000 0.520970 2 89 0.550000 7 0.450000
  89 -6.663508 9.791002 34.368355 -0.530946 -0.801979 -0.273725 0.698540 0.530540 2 89 0.550000 7 0.450000
skt
  89 -6.947220 9.814156 34.524174 -0.392341 -0.645607 -0.655179 0.686000 0.520970 2 89 0.550000 7 0.450000
  89 -6.859756 9.729998 34.602081 -0.250185 -0.780084 -0.573477 0.683830 0.527630 2 89 0.550000 7 0.450000
  89 -7.074375 9.614603 34.787674 0.155301 -0.594777 -0.788747 0.669320 0.525100 2 89 0.550000 7 0.450000
skt
  89 -6.859756 9.729998 34.602081 -0.250185 -0.780084 -0.573477 0.683830 0.527630 2 89 0.550000 7 0.450000
  89 -6.648810 9.516115 34.797226 -0.245840 -0.793150 -0.557203 0.678360 0.543230 2 89 0.550000 7 0.450000
  89 -7.074375 9.614603 34.787674 0.155301 -0.594777 -0.788747 0.669320 0.525100 2 89 0.550000 7 0.450000
skt
  89 -6.648810 9.516115 34.797226 -0.245840 -0.793150 -0.557203 0.678360 0.543230 2 89 0.550000 7 0.450000
  89 -6.862329 9.436366 34.957451 0.076819 -0.701635 -0.708383 0.666180 0.539830 2 89 0.550000 7 0.450000
  89 -7.074375 9.614603 34.787674 0.155301 -0.594777 -0.788747 0.669320 0.525100 2 89 0.550000 7 0.450000
skt
  89 -6.862329 9.436366 34.957451 0.076819 -0.701635 -0.708383 0.666180 0.539830 2 89 0.550000 7 0.450000
  89 -6.648810 9.516115 34.797226 -0.245840 -0.793150 -0.557203 0.678360 0.543230 2 89 0.550000 7 0.450000
  89 -6.619411 9.139791 35.305840 -0.022819 -0.847980 -0.529537 0.656340 0.558905 2 89 0.550000 7 0.450000
skt
  89 -7.009328 9.394104 34.924011 0.365968 -0.524576 -0.768692 0.661630 0.534590 2 89 0.550000 7 0.450000
  89 -6.862329 9.436366 34.957451 0.076819 -0.701635 -0.708383 0.666180 0.539830 2 89 0.550000 7 0.450000
  89 -6.619411 9.139791 35.305840 -0.022819 -0.847980 -0.529537 0.656340 0.558905 2 89 0.550000 7 0.450000
skt
  89 -7.022925 9.251143 35.045654 0.186288 -0.795916 -0.576033 0.654730 0.539040 2 89 0.550000 7 0.450000
  89 -7.009328 9.394104 34.924011 0.365968 -0.524576 -0.768692 0.661630 0.534590 2 89 0.550000 7 0.450000
  89 -6.619411 9.139791 35.305840 -0.022819 -0.847980 -0.529537 0.656340 0.558905 2 89 0.550000 7 0.450000
skt
  89 -7.009328 9.394104 34.924011 0.365968 -0.524576 -0.768692 0.661630 0.534590 2 89 0.550000 7 0.450000
  89 -7.022925 9.251143 35.045654 0.186288 -0.795916 -0.576033 0.654730 0.539040 2 89 0.550000 7 0.450000
  89 -7.252613 9.331264 34.835815 0.274516 -0.727398 -0.628914 0.654930 0.526030 2 89 0.550000 7 0.450000
skt
  89 -7.022925 9.251143 35.045654 0.186288 -0.795916 -0.576033 0.654730 0.539040 2 89 0.550000 7 0.450000
  89 -7.255919 9.109656 35.317974 0.015916 -0.932031 -0.362029 0.638430 0.539810 2 89 0.550000 7 0.450000
  89 -7.252613 9.331264 34.835815 0.274516 -0.727398 -0.628914 0.654930 0.526030 2 89 0.550000 7 0.450000
skt
  89 -7.255919 9.109656 35.317974 0.015916 -0.932031 -0.362029 0.638430 0.539810 2 89 0.550000 7 0.450000
  89 -7.512435 9.184258 35.088654 0.026304 -0.936436 -0.349852 0.639720 0.525430 2 89 0.550000 7 0.450000
  89 -7.252613 9.331264 34.835815 0.274516 -0.727398 -0.628914 0.654930 0.526030 2 89 0.550000 7 0.450000
skt
  89 -7.512435 9.184258 35.088654 0.026304 -0.936436 -0.349852 0.639720 0.525430 2 89 0.550000 7 0.450000
  89 -7.255919 9.109656 35.317974 0.015916 -0.932031 -0.362029 0.638430 0.539810 2 89 0.550000 7 0.450000
  89 -7.777770 9.117746 35.367950 -0.298595 -0.952041 -0.066768 0.624610 0.523640 2 89 0.550000 7 0.450000
skt
  89 -7.616070 9.216970 34.997505 -0.177814 -0.840579 -0.511673 0.640210 0.519990 2 89 0.550000 7 0.450000
  89 -7.512435 9.184258 35.088654 0.026304 -0.936436 -0.349852 0.639720 0.525430 2 89 0.550000 7 0.450000
  89 -7.777770 9.117746 35.367950 -0.298595 -0.952041 -0.066768 0.624610 0.523640 2 89 0.550000 7 0.450000
skt
  89 -7.875525 9.152653 35.286362 -0.525084 -0.830451 -0.186113 0.625710 0.518830 2 89 0.550000 7 0.450000
  89 -7.616070 9.216970 34.997505 -0.177814 -0.840579 -0.511673 0.640210 0.519990 2 89 0.550000 7 0.450000
  89 -7.777770 9.117746 35.367950 -0.298595 -0.952041 -0.066768 0.624610 0.523640 2 89 0.550000 7 0.450000
skt
  89 -7.616070 9.216970 34.997505 -0.177814 -0.840579 -0.511673 0.640210 0.519990 2 89 0.550000 7 0.450000
  89 -7.875525 9.152653 35.286362 -0.525084 -0.830451 -0.186113 0.625710 0.518830 2 89 0.550000 7 0.450000
  89 -7.888753 9.177277 35.268356 -0.809986 -0.329700 -0.484996 0.626030 0.517650 2 89 0.550000 7 0.450000
skt
  89 -7.875525 9.152653 35.286362 -0.525084 -0.830451 -0.186113 0.625710 0.518830 2 89 0.550000 7 0.450000
  89 -7.950130 9.244900 35.439980 -0.776639 -0.628396 0.044162 0.618700 0.516690 2 89 0.550000 7 0.450000
  89 -7.888753 9.177277 35.268356 -0.809986 -0.329700 -0.484996 0.626030 0.517650 2 89 0.550000 7 0.450000
skt
  89 -7.950130 9.244900 35.439980 -0.776639 -0.628396 0.044162 0.618700 0.516690 2 89 0.550000 7 0.450000
  89 -7.959314 9.271357 35.421604 -0.932006 -0.076465 -0.354285 0.619070 0.515330 2 89 0.550000 7 0.450000
  89 -7.888753 9.177277 35.268356 -0.809986 -0.329700 -0.484996 0.626030 0.517650 2 89 0.550000 7 0.450000
skt
  89 -7.959314 9.271357 35.421604 -0.932006 -0.076465 -0.354285 0.619070 0.515330 2 89 0.550000 7 0.450000
  89 -7.950130 9.244900 35.439980 -0.776639 -0.628396 0.044162 0.618700 0.516690 2 89 0.550000 7 0.450000
  89 -8.016644 9.370581 35.561623 -0.847058 0.025229 -0.530902 0.611250 0.512160 2 89 0.550000 7 0.450000
skt
  89 -6.486007 9.594757 34.567902 -0.488396 -0.805567 -0.335457 0.691770 0.544530 2 89 0.550000 7 0.450000
  89 -6.648810 9.516115 34.797226 -0.245840 -0.793150 -0.557203 0.678360 0.543230 2 89 0.550000 7 0.450000
  89 -6.663508 9.791002 34.368355 -0.530946 -0.801979 -0.273725 0.698540 0.530540 2 89 0.550000 7 0.450000
skt
  89 -6.648810 9.516115 34.797226 -0.245840 -0.793150 -0.557203 0.678360 0.543230 2 89 0.550000 7 0.450000
  89 -6.859756 9.729998 34.602081 -0.250185 -0.780084 -0.573477 0.683830 0.527630 2 89 0.550000 7 0.450000
  89 -6.663508 9.791002 34.368355 -0.530946 -0.801979 -0.273725 0.698540 0.530540 2 89 0.550000 7 0.450000
skt
  89 -7.512435 9.184258 35.088654 0.026304 -0.936436 -0.349852 0.639720 0.525430 2 89 0.550000 7 0.450000
  89 -7.616070 9.216970 34.997505 -0.177814 -0.840579 -0.511673 0.640210 0.519990 2 89 0.550000 7 0.450000
  89 -7.252613 9.331264 34.835815 0.274516 -0.727398 -0.628914 0.654930 0.526030 2 89 0.550000 7 0.450000
skt
  89 -7.616070 9.216970 34.997505 -0.177814 -0.840579 -0.511673 0.640210 0.519990 2 89 0.550000 7 0.450000
  89 -7.347427 9.366541 34.751282 0.100942 -0.588204 -0.802388 0.654690 0.521130 2 89 0.550000 7 0.450000
  89 -7.252613 9.331264 34.835815 0.274516 -0.727398 -0.628914 0.654930 0.526030 2 89 0.550000 7 0.450000
skt
  89 -6.739215 9.869282 34.288971 -0.679615 -0.635851 -0.365810 0.701700 0.524570 2 89 0.550000 7 0.450000
  89 -6.947220 9.814156 34.524174 -0.392341 -0.645607 -0.655179 0.686000 0.520970 2 89 0.550000 7 0.450000
  89 -6.747666 9.896109 34.274635 -0.835904 0.040411 -0.547386 0.702440 0.523210 2 89 0.550000 7 0.450000
skt
  89 -6.862329 9.436366 34.957451 0.076819 -0.701635 -0.708383 0.666180 0.539830 2 89 0.550000 7 0.450000
  89 -7.009328 9.394104 34.924011 0.365968 -0.524576 -0.768692 0.661630 0.534590 2 89 0.550000 7 0.450000
  89 -7.074375 9.614603 34.787674 0.155301 -0.594777 -0.788747 0.669320 0.525100 2 89 0.550000 7 0.450000
skt
  89 -7.009328 9.394104 34.924011 0.365968 -0.524576 -0.768692 0.661630 0.534590 2 89 0.550000 7 0.450000
  89 -7.173600 9.488183 34.785835 0.434332 -0.405806 -0.804162 0.662120 0.524460 2 89 0.550000 7 0.450000
  89 -7.074375 9.614603 34.787674 0.155301 -0.594777 -0.788747 0.669320 0.525100 2 89 0.550000 7 0.450000
skt
  89 -7.173600 9.488183 34.785835 0.434332 -0.405806 -0.804162 0.662120 0.524460 2 89 0.550000 7 0.450000
  89 -7.009328 9.394104 34.924011 0.365968 -0.524576 -0.768692 0.661630 0.534590 2 89 0.550000 7 0.450000
  89 -7.252613 9.331264 34.835815 0.274516 -0.727398 -0.628914 0.654930 0.526030 2 89 0.550000 7 0.450000
skt
  89 -7.245998 9.530077 34.726295 0.222821 -0.239763 -0.944915 0.661950 0.520170 2 89 0.550000 7 0.450000
  89 -7.173600 9.488183 34.785835 0.434332 -0.405806 -0.804162 0.662120 0.524460 2 89 0.550000 7 0.450000
  89 -7.252613 9.331264 34.835815 0.274516 -0.727398 -0.628914 0.654930 0.526030 2 89 0.550000 7 0.450000
skt
  89 -7.347427 9.366541 34.751282 0.100942 -0.588204 -0.802388 0.654690 0.521130 2 89 0.550000 7 0.450000
  89 -7.245998 9.530077 34.726295 0.222821 -0.239763 -0.944915 0.661950 0.520170 2 89 0.550000 7 0.450000
  89 -7.252613 9.331264 34.835815 0.274516 -0.727398 -0.628914 0.654930 0.526030 2 89 0.550000 7 0.450000
skt
  89 -7.245998 9.530077 34.726295 0.222821 -0.239763 -0.944915 0.661950 0.520170 2 89 0.550000 7 0.450000
  89 -7.347427 9.366541 34.751282 0.100942 -0.588204 -0.802388 0.654690 0.521130 2 89 0.550000 7 0.450000
  89 -7.374256 9.385647 34.746513 -0.387628 -0.172347 -0.905561 0.654570 0.519900 2 89 0.550000 7 0.450000
skt
  89 -7.347427 9.366541 34.751282 0.100942 -0.588204 -0.802388 0.654690 0.521130 2 89 0.550000 7 0.450000
  89 -7.616070 9.216970 34.997505 -0.177814 -0.840579 -0.511673 0.640210 0.519990 2 89 0.550000 7 0.450000
  89 -7.374256 9.385647 34.746513 -0.387628 -0.172347 -0.905561 0.654570 0.519900 2 89 0.550000 7 0.450000
skt
  89 -7.616070 9.216970 34.997505 -0.177814 -0.840579 -0.511673 0.640210 0.519990 2 89 0.550000 7 0.450000
  89 -7.636652 9.238653 34.985382 -0.575813 -0.384075 -0.721752 0.640310 0.518720 2 89 0.550000 7 0.450000
  89 -7.374256 9.385647 34.746513 -0.387628 -0.172347 -0.905561 0.654570 0.519900 2 89 0.550000 7 0.450000
skt
  89 -7.636652 9.238653 34.985382 -0.575813 -0.384075 -0.721752 0.640310 0.518720 2 89 0.550000 7 0.450000
  89 -7.616070 9.216970 34.997505 -0.177814 -0.840579 -0.511673 0.640210 0.519990 2 89 0.550000 7 0.450000
  89 -7.888753 9.177277 35.268356 -0.809986 -0.329700 -0.484996 0.626030 0.517650 2 89 0.550000 7 0.450000
skt
  89 -7.644000 9.278709 34.994202 -0.717242 0.027092 -0.696297 0.640370 0.517599 2 89 0.550000 7 0.450000
  89 -7.636652 9.238653 34.985382 -0.575813 -0.384075 -0.721752 0.640310 0.518720 2 89 0.550000 7 0.450000
  89 -7.888753 9.177277 35.268356 -0.809986 -0.329700 -0.484996 0.626030 0.517650 2 89 0.550000 7 0.450000
skt
  89 -7.874423 9.224685 35.258064 -0.819309 0.126341 -0.559259 0.626560 0.516449 2 89 0.550000 7 0.450000
  89 -7.644000 9.278709 34.994202 -0.717242 0.027092 -0.696297 0.640370 0.517599 2 89 0.550000 7 0.450000
  89 -7.888753 9.177277 35.268356 -0.809986 -0.329700 -0.484996 0.626030 0.517650 2 89 0.550000 7 0.450000
skt
  89 -7.933959 9.319502 35.408379 -0.804775 0.275866 -0.525581 0.619630 0.513589 2 89 0.550000 7 0.450000
  89 -7.874423 9.224685 35.258064 -0.819309 0.126341 -0.559259 0.626560 0.516449 2 89 0.550000 7 0.450000
  89 -7.888753 9.177277 35.268356 -0.809986 -0.329700 -0.484996 0.626030 0.517650 2 89 0.550000 7 0.450000
skt
  89 -7.959314 9.271357 35.421604 -0.932006 -0.076465 -0.354285 0.619070 0.515330 2 89 0.550000 7 0.450000
  89 -7.933959 9.319502 35.408379 -0.804775 0.275866 -0.525581 0.619630 0.513589 2 89 0.550000 7 0.450000
  89 -7.888753 9.177277 35.268356 -0.809986 -0.329700 -0.484996 0.626030 0.517650 2 89 0.550000 7 0.450000
skt
  89 -7.173600 9.488183 34.785835 0.434332 -0.405806 -0.804162 0.662120 0.524460 2 89 0.550000 7 0.450000
  89 -7.245998 9.530077 34.726295 0.222821 -0.239763 -0.944915 0.661950 0.520170 2 89 0.550000 7 0.450000
  89 -7.074375 9.614603 34.787674 0.155301 -0.594777 -0.788747 0.669320 0.525100 2 89 0.550000 7 0.450000
skt
  89 -7.273561 9.549189 34.725929 -0.369302 0.137070 -0.919145 0.661820 0.518760 2 89 0.550000 7 0.450000
  89 -7.245998 9.530077 34.726295 0.222821 -0.239763 -0.944915 0.661950 0.520170 2 89 0.550000 7 0.450000
  89 -7.374256 9.385647 34.746513 -0.387628 -0.172347 -0.905561 0.654570 0.519900 2 89 0.550000 7 0.450000
skt
  89 -7.162577 9.686264 34.718575 -0.062885 -0.424733 -0.903132 0.670110 0.518470 2 89 0.550000 7 0.450000
  89 -6.947220 9.814156 34.524174 -0.392341 -0.645607 -0.655179 0.686000 0.520970 2 89 0.550000 7 0.450000
  89 -7.074375 9.614603 34.787674 0.155301 -0.594777 -0.788747 0.669320 0.525100 2 89 0.550000 7 0.450000
skt
  89 -7.245998 9.530077 34.726295 0.222821 -0.239763 -0.944915 0.661950 0.520170 2 89 0.550000 7 0.450000
  89 -7.162577 9.686264 34.718575 -0.062885 -0.424733 -0.903132 0.670110 0.518470 2 89 0.550000 7 0.450000
  89 -7.074375 9.614603 34.787674 0.155301 -0.594777 -0.788747 0.669320 0.525100 2 89 0.550000 7 0.450000
skt
  89 -7.162577 9.686264 34.718575 -0.062885 -0.424733 -0.903132 0.670110 0.518470 2 89 0.550000 7 0.450000
  89 -7.245998 9.530077 34.726295 0.222821 -0.239763 -0.944915 0.661950 0.520170 2 89 0.550000 7 0.450000
  89 -7.185728 9.707582 34.718208 -0.573560 0.126186 -0.809386 0.670090 0.516920 2 89 0.550000 7 0.450000
skt
  89 -7.245998 9.530077 34.726295 0.222821 -0.239763 -0.944915 0.661950 0.520170 2 89 0.550000 7 0.450000
  89 -7.273561 9.549189 34.725929 -0.369302 0.137070 -0.919145 0.661820 0.518760 2 89 0.550000 7 0.450000
  89 -7.185728 9.707582 34.718208 -0.573560 0.126186 -0.809386 0.670090 0.516920 2 89 0.550000 7 0.450000
skt
  89 -7.273561 9.549189 34.725929 -0.369302 0.137070 -0.919145 0.661820 0.518760 2 89 0.550000 7 0.450000
  89 -7.302226 9.576015 34.766350 -0.651662 0.328188 -0.683835 0.661799 0.517178 2 89 0.550000 7 0.450000
  89 -7.185728 9.707582 34.718208 -0.573560 0.126186 -0.809386 0.670090 0.516920 2 89 0.550000 7 0.450000
skt
  89 -7.302226 9.576015 34.766350 -0.651662 0.328188 -0.683835 0.661799 0.517178 2 89 0.550000 7 0.450000
  89 -7.273561 9.549189 34.725929 -0.369302 0.137070 -0.919145 0.661820 0.518760 2 89 0.550000 7 0.450000
  89 -7.374256 9.385647 34.746513 -0.387628 -0.172347 -0.905561 0.654570 0.519900 2 89 0.550000 7 0.450000
skt
  89 -7.400715 9.417251 34.776642 -0.631190 0.188706 -0.752322 0.654160 0.518459 2 89 0.550000 7 0.450000
  89 -7.302226 9.576015 34.766350 -0.651662 0.328188 -0.683835 0.661799 0.517178 2 89 0.550000 7 0.450000
  89 -7.374256 9.385647 34.746513 -0.387628 -0.172347 -0.905561 0.654570 0.519900 2 89 0.550000 7 0.450000
skt
  89 -7.644000 9.278709 34.994202 -0.717242 0.027092 -0.696297 0.640370 0.517599 2 89 0.550000 7 0.450000
  89 -7.400715 9.417251 34.776642 -0.631190 0.188706 -0.752322 0.654160 0.518459 2 89 0.550000 7 0.450000
  89 -7.374256 9.385647 34.746513 -0.387628 -0.172347 -0.905561 0.654570 0.519900 2 89 0.550000 7 0.450000
skt
  89 -7.636652 9.238653 34.985382 -0.575813 -0.384075 -0.721752 0.640310 0.518720 2 89 0.550000 7 0.450000
  89 -7.644000 9.278709 34.994202 -0.717242 0.027092 -0.696297 0.640370 0.517599 2 89 0.550000 7 0.450000
  89 -7.374256 9.385647 34.746513 -0.387628 -0.172347 -0.905561 0.654570 0.519900 2 89 0.550000 7 0.450000
skt
  89 -6.723043 9.938007 34.271698 -0.742250 0.398352 -0.538870 0.703581 0.521729 2 89 0.550000 7 0.450000
  89 -6.650647 9.868177 34.115509 -0.760165 0.361132 -0.540123 0.710791 0.525829 2 89 0.550000 7 0.450000
  89 -6.747666 9.896109 34.274635 -0.835904 0.040411 -0.547386 0.702440 0.523210 2 89 0.550000 7 0.450000
skt
  89 -6.958980 9.874794 34.538139 -0.732731 0.385368 -0.560889 0.686640 0.518079 2 89 0.550000 7 0.450000
  89 -6.723043 9.938007 34.271698 -0.742250 0.398352 -0.538870 0.703581 0.521729 2 89 0.550000 7 0.450000
  89 -6.747666 9.896109 34.274635 -0.835904 0.040411 -0.547386 0.702440 0.523210 2 89 0.550000 7 0.450000
skt
  89 -6.962655 9.839148 34.518295 -0.707445 -0.020943 -0.706458 0.686310 0.519570 2 89 0.550000 7 0.450000
  89 -6.958980 9.874794 34.538139 -0.732731 0.385368 -0.560889 0.686640 0.518079 2 89 0.550000 7 0.450000
  89 -6.747666 9.896109 34.274635 -0.835904 0.040411 -0.547386 0.702440 0.523210 2 89 0.550000 7 0.450000
skt
  89 -6.947220 9.814156 34.524174 -0.392341 -0.645607 -0.655179 0.686000 0.520970 2 89 0.550000 7 0.450000
  89 -6.962655 9.839148 34.518295 -0.707445 -0.020943 -0.706458 0.686310 0.519570 2 89 0.550000 7 0.450000
  89 -6.747666 9.896109 34.274635 -0.835904 0.040411 -0.547386 0.702440 0.523210 2 89 0.550000 7 0.450000
skt
  89 -6.962655 9.839148 34.518295 -0.707445 -0.020943 -0.706458 0.686310 0.519570 2 89 0.550000 7 0.450000
  89 -6.947220 9.814156 34.524174 -0.392341 -0.645607 -0.655179 0.686000 0.520970 2 89 0.550000 7 0.450000
  89 -7.185728 9.707582 34.718208 -0.573560 0.126186 -0.809386 0.670090 0.516920 2 89 0.550000 7 0.450000
skt
  89 -6.947220 9.814156 34.524174 -0.392341 -0.645607 -0.655179 0.686000 0.520970 2 89 0.550000 7 0.450000
  89 -7.162577 9.686264 34.718575 -0.062885 -0.424733 -0.903132 0.670110 0.518470 2 89 0.550000 7 0.450000
  89 -7.185728 9.707582 34.718208 -0.573560 0.126186 -0.809386 0.670090 0.516920 2 89 0.550000 7 0.450000
skt
  89 -7.302226 9.576015 34.766350 -0.651662 0.328188 -0.683835 0.661799 0.517178 2 89 0.550000 7 0.450000
  89 -7.203367 9.735510 34.756069 -0.707220 0.369972 -0.602462 0.669720 0.515308 2 89 0.550000 7 0.450000
  89 -7.185728 9.707582 34.718208 -0.573560 0.126186 -0.809386 0.670090 0.516920 2 89 0.550000 7 0.450000
skt
  89 -7.203367 9.735510 34.756069 -0.707220 0.369972 -0.602462 0.669720 0.515308 2 89 0.550000 7 0.450000
  89 -6.958980 9.874794 34.538139 -0.732731 0.385368 -0.560889 0.686640 0.518079 2 89 0.550000 7 0.450000
  89 -7.185728 9.707582 34.718208 -0.573560 0.126186 -0.809386 0.670090 0.516920 2 89 0.550000 7 0.450000
skt
  89 -6.958980 9.874794 34.538139 -0.732731 0.385368 -0.560889 0.686640 0.518079 2 89 0.550000 7 0.450000
  89 -6.962655 9.839148 34.518295 -0.707445 -0.020943 -0.706458 0.686310 0.519570 2 89 0.550000 7 0.450000
  89 -7.185728 9.707582 34.718208 -0.573560 0.126186 -0.809386 0.670090 0.516920 2 89 0.550000 7 0.450000
skt
  89 -6.648810 9.516115 34.797226 -0.245840 -0.793150 -0.557203 0.678360 0.543230 2 89 0.550000 7 0.450000
  89 -6.376124 9.237917 35.051174 -0.275936 -0.781396 -0.559714 0.671660 0.561305 2 89 0.550000 7 0.450000
  89 -6.619411 9.139791 35.305840 -0.022819 -0.847980 -0.529537 0.656340 0.558905 2 89 0.550000 7 0.450000
skt
  89 -6.376124 9.237917 35.051174 -0.275936 -0.781396 -0.559714 0.671660 0.561305 2 89 0.550000 7 0.450000
  89 -6.648810 9.516115 34.797226 -0.245840 -0.793150 -0.557203 0.678360 0.543230 2 89 0.550000 7 0.450000
  89 -6.205606 9.302965 34.874405 -0.263762 -0.852277 -0.451722 0.682210 0.563465 2 89 0.550000 7 0.450000
skt
  89 -6.648810 9.516115 34.797226 -0.245840 -0.793150 -0.557203 0.678360 0.543230 2 89 0.550000 7 0.450000
  89 -6.486007 9.594757 34.567902 -0.488396 -0.805567 -0.335457 0.691770 0.544530 2 89 0.550000 7 0.450000
  89 -6.205606 9.302965 34.874405 -0.263762 -0.852277 -0.451722 0.682210 0.563465 2 89 0.550000 7 0.450000
skt
  89 -6.486007 9.594757 34.567902 -0.488396 -0.805567 -0.335457 0.691770 0.544530 2 89 0.550000 7 0.450000
  89 -6.490417 9.632980 34.394073 -0.782216 -0.612095 0.116099 0.699300 0.541630 2 89 0.550000 7 0.450000
  89 -6.205606 9.302965 34.874405 -0.263762 -0.852277 -0.451722 0.682210 0.563465 2 89 0.550000 7 0.450000
skt
  89 -6.490417 9.632980 34.394073 -0.782216 -0.612095 0.116099 0.699300 0.541630 2 89 0.550000 7 0.450000
  89 -6.486007 9.594757 34.567902 -0.488396 -0.805567 -0.335457 0.691770 0.544530 2 89 0.550000 7 0.450000
  89 -6.663508 9.791002 34.368355 -0.530946 -0.801979 -0.273725 0.698540 0.530540 2 89 0.550000 7 0.450000
skt
  89 -6.619040 9.754250 34.227600 -0.783620 -0.587301 0.202526 0.705490 0.532500 2 89 0.550000 7 0.450000
  89 -6.490417 9.632980 34.394073 -0.782216 -0.612095 0.116099 0.699300 0.541630 2 89 0.550000 7 0.450000
  89 -6.663508 9.791002 34.368355 -0.530946 -0.801979 -0.273725 0.698540 0.530540 2 89 0.550000 7 0.450000
skt
  89 -6.678209 9.807173 34.158138 -0.906068 -0.420329 0.048625 0.708480 0.528480 2 89 0.550000 7 0.450000
  89 -6.619040 9.754250 34.227600 -0.783620 -0.587301 0.202526 0.705490 0.532500 2 89 0.550000 7 0.450000
  89 -6.663508 9.791002 34.368355 -0.530946 -0.801979 -0.273725 0.698540 0.530540 2 89 0.550000 7 0.450000
skt
  89 -6.619040 9.754250 34.227600 -0.783620 -0.587301 0.202526 0.705490 0.532500 2 89 0.550000 7 0.450000
  89 -6.678209 9.807173 34.158138 -0.906068 -0.420329 0.048625 0.708480 0.528480 2 89 0.550000 7 0.450000
  89 -6.598830 9.667156 34.186806 -0.695904 -0.707936 0.120603 0.708110 0.536000 2 89 0.550000 7 0.450000
skt
  89 -6.678209 9.807173 34.158138 -0.906068 -0.420329 0.048625 0.708480 0.528480 2 89 0.550000 7 0.450000
  89 -6.674169 9.723751 34.088684 -0.871092 -0.467648 -0.150015 0.711590 0.531880 2 89 0.550000 7 0.450000
  89 -6.598830 9.667156 34.186806 -0.695904 -0.707936 0.120603 0.708110 0.536000 2 89 0.550000 7 0.450000
skt
  89 -6.674169 9.723751 34.088684 -0.871092 -0.467648 -0.150015 0.711590 0.531880 2 89 0.550000 7 0.450000
  89 -6.635948 9.714194 34.036865 -0.697072 -0.613463 -0.371153 0.714150 0.532770 2 89 0.550000 7 0.450000
  89 -6.598830 9.667156 34.186806 -0.695904 -0.707936 0.120603 0.708110 0.536000 2 89 0.550000 7 0.450000
skt
  89 -6.635948 9.714194 34.036865 -0.697072 -0.613463 -0.371153 0.714150 0.532770 2 89 0.550000 7 0.450000
  89 -6.674169 9.723751 34.088684 -0.871092 -0.467648 -0.150015 0.711590 0.531880 2 89 0.550000 7 0.450000
  89 -6.674535 9.764544 34.085747 -0.934373 0.079719 -0.347263 0.711760 0.530310 2 89 0.550000 7 0.450000
skt
  89 -6.651751 9.761602 34.045319 -0.871631 -0.021491 -0.489691 0.713730 0.530580 2 89 0.550000 7 0.450000
  89 -6.635948 9.714194 34.036865 -0.697072 -0.613463 -0.371153 0.714150 0.532770 2 89 0.550000 7 0.450000
  89 -6.674535 9.764544 34.085747 -0.934373 0.079719 -0.347263 0.711760 0.530310 2 89 0.550000 7 0.450000
skt
  89 -6.650647 9.868177 34.115509 -0.760165 0.361132 -0.540123 0.710791 0.525829 2 89 0.550000 7 0.450000
  89 -6.651751 9.761602 34.045319 -0.871631 -0.021491 -0.489691 0.713730 0.530580 2 89 0.550000 7 0.450000
  89 -6.674535 9.764544 34.085747 -0.934373 0.079719 -0.347263 0.711760 0.530310 2 89 0.550000 7 0.450000
skt
  89 -6.683722 9.832162 34.136829 -0.914039 0.095006 -0.394343 0.709490 0.527290 2 89 0.550000 7 0.450000
  89 -6.650647 9.868177 34.115509 -0.760165 0.361132 -0.540123 0.710791 0.525829 2 89 0.550000 7 0.450000
  89 -6.674535 9.764544 34.085747 -0.934373 0.079719 -0.347263 0.711760 0.530310 2 89 0.550000 7 0.450000
skt
  89 -6.650647 9.868177 34.115509 -0.760165 0.361132 -0.540123 0.710791 0.525829 2 89 0.550000 7 0.450000
  89 -6.683722 9.832162 34.136829 -0.914039 0.095006 -0.394343 0.709490 0.527290 2 89 0.550000 7 0.450000
  89 -6.747666 9.896109 34.274635 -0.835904 0.040411 -0.547386 0.702440 0.523210 2 89 0.550000 7 0.450000
skt
  89 -6.683722 9.832162 34.136829 -0.914039 0.095006 -0.394343 0.709490 0.527290 2 89 0.550000 7 0.450000
  89 -6.678209 9.807173 34.158138 -0.906068 -0.420329 0.048625 0.708480 0.528480 2 89 0.550000 7 0.450000
  89 -6.747666 9.896109 34.274635 -0.835904 0.040411 -0.547386 0.702440 0.523210 2 89 0.550000 7 0.450000
skt
  89 -6.678209 9.807173 34.158138 -0.906068 -0.420329 0.048625 0.708480 0.528480 2 89 0.550000 7 0.450000
  89 -6.739215 9.869282 34.288971 -0.679615 -0.635851 -0.365810 0.701700 0.524570 2 89 0.550000 7 0.450000
  89 -6.747666 9.896109 34.274635 -0.835904 0.040411 -0.547386 0.702440 0.523210 2 89 0.550000 7 0.450000
skt
  89 -6.739215 9.869282 34.288971 -0.679615 -0.635851 -0.365810 0.701700 0.524570 2 89 0.550000 7 0.450000
  89 -6.678209 9.807173 34.158138 -0.906068 -0.420329 0.048625 0.708480 0.528480 2 89 0.550000 7 0.450000
  89 -6.663508 9.791002 34.368355 -0.530946 -0.801979 -0.273725 0.698540 0.530540 2 89 0.550000 7 0.450000
skt
  89 -6.674169 9.723751 34.088684 -0.871092 -0.467648 -0.150015 0.711590 0.531880 2 89 0.550000 7 0.450000
  89 -6.678209 9.807173 34.158138 -0.906068 -0.420329 0.048625 0.708480 0.528480 2 89 0.550000 7 0.450000
  89 -6.674535 9.764544 34.085747 -0.934373 0.079719 -0.347263 0.711760 0.530310 2 89 0.550000 7 0.450000
skt
  89 -6.678209 9.807173 34.158138 -0.906068 -0.420329 0.048625 0.708480 0.528480 2 89 0.550000 7 0.450000
  89 -6.683722 9.832162 34.136829 -0.914039 0.095006 -0.394343 0.709490 0.527290 2 89 0.550000 7 0.450000
  89 -6.674535 9.764544 34.085747 -0.934373 0.079719 -0.347263 0.711760 0.530310 2 89 0.550000 7 0.450000
skt
  89 -6.421697 9.534122 34.437069 -0.648687 -0.760187 -0.036347 0.698490 0.547340 2 89 0.550000 7 0.450000
  89 -6.490417 9.632980 34.394073 -0.782216 -0.612095 0.116099 0.699300 0.541630 2 89 0.550000 7 0.450000
  89 -6.598830 9.667156 34.186806 -0.695904 -0.707936 0.120603 0.708110 0.536000 2 89 0.550000 7 0.450000
skt
  89 -6.490417 9.632980 34.394073 -0.782216 -0.612095 0.116099 0.699300 0.541630 2 89 0.550000 7 0.450000
  89 -6.619040 9.754250 34.227600 -0.783620 -0.587301 0.202526 0.705490 0.532500 2 89 0.550000 7 0.450000
  89 -6.598830 9.667156 34.186806 -0.695904 -0.707936 0.120603 0.708110 0.536000 2 89 0.550000 7 0.450000
skt
  89 -6.490417 9.632980 34.394073 -0.782216 -0.612095 0.116099 0.699300 0.541630 2 89 0.550000 7 0.450000
  89 -6.421697 9.534122 34.437069 -0.648687 -0.760187 -0.036347 0.698490 0.547340 2 89 0.550000 7 0.450000
  89 -6.205606 9.302965 34.874405 -0.263762 -0.852277 -0.451722 0.682210 0.563465 2 89 0.550000 7 0.450000
skt
  89 -6.421697 9.534122 34.437069 -0.648687 -0.760187 -0.036347 0.698490 0.547340 2 89 0.550000 7 0.450000
  89 -6.366203 9.512806 34.428993 -0.361068 -0.894276 -0.264386 0.698752 0.549531 2 89 0.550000 7 0.450000
  89 -6.205606 9.302965 34.874405 -0.263762 -0.852277 -0.451722 0.682210 0.563465 2 89 0.550000 7 0.450000
skt
  89 -6.366203 9.512806 34.428993 -0.361068 -0.894276 -0.264386 0.698752 0.549531 2 89 0.550000 7 0.450000
  89 -6.421697 9.534122 34.437069 -0.648687 -0.760187 -0.036347 0.698490 0.547340 2 89 0.550000 7 0.450000
  89 -6.598830 9.667156 34.186806 -0.695904 -0.707936 0.120603 0.708110 0.536000 2 89 0.550000 7 0.450000
skt
  89 -6.556568 9.654660 34.146008 -0.425148 -0.889388 -0.168042 0.709621 0.537261 2 89 0.550000 7 0.450000
  89 -6.366203 9.512806 34.428993 -0.361068 -0.894276 -0.264386 0.698752 0.549531 2 89 0.550000 7 0.450000
  89 -6.598830 9.667156 34.186806 -0.695904 -0.707936 0.120603 0.708110 0.536000 2 89 0.550000 7 0.450000
skt
  89 -6.635948 9.714194 34.036865 -0.697072 -0.613463 -0.371153 0.714150 0.532770 2 89 0.550000 7 0.450000
  89 -6.556568 9.654660 34.146008 -0.425148 -0.889388 -0.168042 0.709621 0.537261 2 89 0.550000 7 0.450000
  89 -6.598830 9.667156 34.186806 -0.695904 -0.707936 0.120603 0.708110 0.536000 2 89 0.550000 7 0.450000
skt
  89 -6.366203 9.512806 34.428993 -0.361068 -0.894276 -0.264386 0.698752 0.549531 2 89 0.550000 7 0.450000
  89 -6.120345 9.329420 34.799061 -0.073317 -0.912132 -0.403287 0.686930 0.565555 2 89 0.550000 7 0.450000
  89 -6.205606 9.302965 34.874405 -0.263762 -0.852277 -0.451722 0.682210 0.563465 2 89 0.550000 7 0.450000
skt
  89 -9.213593 8.731865 36.723289 -0.764660 -0.641171 0.064767 0.529090 0.526460 2 89 0.550000 7 0.450000
  89 -9.269451 8.831829 36.858902 -0.681926 -0.683945 -0.259222 0.520780 0.525610 2 89 0.550000 7 0.450000
  89 -9.279741 8.858290 36.845299 -0.847982 0.021958 -0.529569 0.520660 0.524070 2 89 0.550000 7 0.450000
skt
  89 -9.222780 8.758327 36.705284 -0.932315 -0.074975 -0.353791 0.529090 0.525050 2 89 0.550000 7 0.450000
  89 -9.213593 8.731865 36.723289 -0.764660 -0.641171 0.064767 0.529090 0.526460 2 89 0.550000 7 0.450000
  89 -9.279741 8.858290 36.845299 -0.847982 0.021958 -0.529569 0.520660 0.524070 2 89 0.550000 7 0.450000
skt
  89 -9.487379 8.848000 37.106590 -0.731255 0.371308 -0.572186 0.504310 0.527228 2 89 0.550000 7 0.450000
  89 -9.256590 8.901655 36.841988 -0.752433 0.359607 -0.551840 0.520780 0.522388 2 89 0.550000 7 0.450000
  89 -9.279741 8.858290 36.845299 -0.847982 0.021958 -0.529569 0.520660 0.524070 2 89 0.550000 7 0.450000
skt
  89 -9.256590 8.901655 36.841988 -0.752433 0.359607 -0.551840 0.520780 0.522388 2 89 0.550000 7 0.450000
  89 -9.197054 8.806473 36.691689 -0.804400 0.276761 -0.525685 0.529100 0.523219 2 89 0.550000 7 0.450000
  89 -9.279741 8.858290 36.845299 -0.847982 0.021958 -0.529569 0.520660 0.524070 2 89 0.550000 7 0.450000
skt
  89 -9.197054 8.806473 36.691689 -0.804400 0.276761 -0.525685 0.529100 0.523219 2 89 0.550000 7 0.450000
  89 -9.222780 8.758327 36.705284 -0.932315 -0.074975 -0.353791 0.529090 0.525050 2 89 0.550000 7 0.450000
  89 -9.279741 8.858290 36.845299 -0.847982 0.021958 -0.529569 0.520660 0.524070 2 89 0.550000 7 0.450000
skt
  89 -9.222780 8.758327 36.705284 -0.932315 -0.074975 -0.353791 0.529090 0.525050 2 89 0.550000 7 0.450000
  89 -9.197054 8.806473 36.691689 -0.804400 0.276761 -0.525685 0.529100 0.523219 2 89 0.550000 7 0.450000
  89 -9.152220 8.664248 36.552040 -0.809989 -0.330852 -0.484205 0.536380 0.525440 2 89 0.550000 7 0.450000
skt
  89 -9.213593 8.731865 36.723289 -0.764660 -0.641171 0.064767 0.529090 0.526460 2 89 0.550000 7 0.450000
  89 -9.222780 8.758327 36.705284 -0.932315 -0.074975 -0.353791 0.529090 0.525050 2 89 0.550000 7 0.450000
  89 -9.152220 8.664248 36.552040 -0.809989 -0.330852 -0.484205 0.536380 0.525440 2 89 0.550000 7 0.450000
skt
  89 -9.138990 8.639627 36.570045 -0.517305 -0.838210 -0.172624 0.536370 0.526660 2 89 0.550000 7 0.450000
  89 -9.213593 8.731865 36.723289 -0.764660 -0.641171 0.064767 0.529090 0.526460 2 89 0.550000 7 0.450000
  89 -9.152220 8.664248 36.552040 -0.809989 -0.330852 -0.484205 0.536380 0.525440 2 89 0.550000 7 0.450000
skt
  89 -9.197054 8.806473 36.691689 -0.804400 0.276761 -0.525685 0.529100 0.523219 2 89 0.550000 7 0.450000
  89 -9.137888 8.711658 36.541382 -0.820179 0.122321 -0.558877 0.536371 0.524059 2 89 0.550000 7 0.450000
  89 -9.152220 8.664248 36.552040 -0.809989 -0.330852 -0.484205 0.536380 0.525440 2 89 0.550000 7 0.450000
skt
  89 -9.137888 8.711658 36.541382 -0.820179 0.122321 -0.558877 0.536371 0.524059 2 89 0.550000 7 0.450000
  89 -8.907465 8.765680 36.277512 -0.716042 0.021528 -0.697725 0.550120 0.521699 2 89 0.550000 7 0.450000
  89 -9.152220 8.664248 36.552040 -0.809989 -0.330852 -0.484205 0.536380 0.525440 2 89 0.550000 7 0.450000
skt
  89 -9.213593 8.731865 36.723289 -0.764660 -0.641171 0.064767 0.529090 0.526460 2 89 0.550000 7 0.450000
  89 -9.138990 8.639627 36.570045 -0.517305 -0.838210 -0.172624 0.536370 0.526660 2 89 0.550000 7 0.450000
  89 -9.035355 8.607651 36.647949 -0.276696 -0.959989 -0.043140 0.536720 0.531590 2 89 0.550000 7 0.450000
skt
  89 -9.138990 8.639627 36.570045 -0.517305 -0.838210 -0.172624 0.536370 0.526660 2 89 0.550000 7 0.450000
  89 -8.879168 8.703941 36.280815 -0.177152 -0.842205 -0.509223 0.550620 0.524160 2 89 0.550000 7 0.450000
  89 -9.035355 8.607651 36.647949 -0.276696 -0.959989 -0.043140 0.536720 0.531590 2 89 0.550000 7 0.450000
skt
  89 -8.879168 8.703941 36.280815 -0.177152 -0.842205 -0.509223 0.550620 0.524160 2 89 0.550000 7 0.450000
  89 -9.138990 8.639627 36.570045 -0.517305 -0.838210 -0.172624 0.536370 0.526660 2 89 0.550000 7 0.450000
  89 -9.152220 8.664248 36.552040 -0.809989 -0.330852 -0.484205 0.536380 0.525440 2 89 0.550000 7 0.450000
skt
  89 -8.900116 8.725256 36.269066 -0.573888 -0.389285 -0.720493 0.550410 0.522910 2 89 0.550000 7 0.450000
  89 -8.879168 8.703941 36.280815 -0.177152 -0.842205 -0.509223 0.550620 0.524160 2 89 0.550000 7 0.450000
  89 -9.152220 8.664248 36.552040 -0.809989 -0.330852 -0.484205 0.536380 0.525440 2 89 0.550000 7 0.450000
skt
  89 -8.907465 8.765680 36.277512 -0.716042 0.021528 -0.697725 0.550120 0.521699 2 89 0.550000 7 0.450000
  89 -8.900116 8.725256 36.269066 -0.573888 -0.389285 -0.720493 0.550410 0.522910 2 89 0.550000 7 0.450000
  89 -9.152220 8.664248 36.552040 -0.809989 -0.330852 -0.484205 0.536380 0.525440 2 89 0.550000 7 0.450000
skt
  89 -8.900116 8.725256 36.269066 -0.573888 -0.389285 -0.720493 0.550410 0.522910 2 89 0.550000 7 0.450000
  89 -8.907465 8.765680 36.277512 -0.716042 0.021528 -0.697725 0.550120 0.521699 2 89 0.550000 7 0.450000
  89 -8.637720 8.872624 36.030190 -0.392655 -0.167747 -0.904258 0.564490 0.520520 2 89 0.550000 7 0.450000
skt
  89 -8.907465 8.765680 36.277512 -0.716042 0.021528 -0.697725 0.550120 0.521699 2 89 0.550000 7 0.450000
  89 -8.663813 8.904226 36.060326 -0.632328 0.193270 -0.750205 0.563870 0.519159 2 89 0.550000 7 0.450000
  89 -8.637720 8.872624 36.030190 -0.392655 -0.167747 -0.904258 0.564490 0.520520 2 89 0.550000 7 0.450000
skt
  89 -8.663813 8.904226 36.060326 -0.632328 0.193270 -0.750205 0.563870 0.519159 2 89 0.550000 7 0.450000
  89 -8.565323 9.062988 36.050034 -0.654061 0.329801 -0.680761 0.570779 0.516078 2 89 0.550000 7 0.450000
  89 -8.637720 8.872624 36.030190 -0.392655 -0.167747 -0.904258 0.564490 0.520520 2 89 0.550000 7 0.450000
skt
  89 -8.565323 9.062988 36.050034 -0.654061 0.329801 -0.680761 0.570779 0.516078 2 89 0.550000 7 0.450000
  89 -8.537025 9.036161 36.009605 -0.374701 0.141164 -0.916336 0.571220 0.517600 2 89 0.550000 7 0.450000
  89 -8.637720 8.872624 36.030190 -0.392655 -0.167747 -0.904258 0.564490 0.520520 2 89 0.550000 7 0.450000
skt
  89 -8.879168 8.703941 36.280815 -0.177152 -0.842205 -0.509223 0.550620 0.524160 2 89 0.550000 7 0.450000
  89 -8.900116 8.725256 36.269066 -0.573888 -0.389285 -0.720493 0.550410 0.522910 2 89 0.550000 7 0.450000
  89 -8.637720 8.872624 36.030190 -0.392655 -0.167747 -0.904258 0.564490 0.520520 2 89 0.550000 7 0.450000
skt
  89 -8.879168 8.703941 36.280815 -0.177152 -0.842205 -0.509223 0.550620 0.524160 2 89 0.550000 7 0.450000
  89 -8.771490 8.671595 36.371223 0.023356 -0.937449 -0.347337 0.551660 0.529600 2 89 0.550000 7 0.450000
  89 -9.035355 8.607651 36.647949 -0.276696 -0.959989 -0.043140 0.536720 0.531590 2 89 0.550000 7 0.450000
skt
  89 -8.466832 9.222115 36.039742 -0.708501 0.371772 -0.599843 0.578369 0.512238 2 89 0.550000 7 0.450000
  89 -8.223547 9.360658 35.822548 -0.730872 0.381919 -0.565654 0.595040 0.510949 2 89 0.550000 7 0.450000
  89 -8.449560 9.194550 36.002258 -0.572896 0.128283 -0.809527 0.578730 0.513740 2 89 0.550000 7 0.450000
skt
  89 -8.565323 9.062988 36.050034 -0.654061 0.329801 -0.680761 0.570779 0.516078 2 89 0.550000 7 0.450000
  89 -8.466832 9.222115 36.039742 -0.708501 0.371772 -0.599843 0.578369 0.512238 2 89 0.550000 7 0.450000
  89 -8.449560 9.194550 36.002258 -0.572896 0.128283 -0.809527 0.578730 0.513740 2 89 0.550000 7 0.450000
skt
  89 -8.537025 9.036161 36.009605 -0.374701 0.141164 -0.916336 0.571220 0.517600 2 89 0.550000 7 0.450000
  89 -8.565323 9.062988 36.050034 -0.654061 0.329801 -0.680761 0.570779 0.516078 2 89 0.550000 7 0.450000
  89 -8.449560 9.194550 36.002258 -0.572896 0.128283 -0.809527 0.578730 0.513740 2 89 0.550000 7 0.450000
skt
  89 -8.509462 9.017048 36.009605 0.215561 -0.235945 -0.947557 0.571710 0.518930 2 89 0.550000 7 0.450000
  89 -8.537025 9.036161 36.009605 -0.374701 0.141164 -0.916336 0.571220 0.517600 2 89 0.550000 7 0.450000
  89 -8.449560 9.194550 36.002258 -0.572896 0.128283 -0.809527 0.578730 0.513740 2 89 0.550000 7 0.450000
skt
  89 -8.537025 9.036161 36.009605 -0.374701 0.141164 -0.916336 0.571220 0.517600 2 89 0.550000 7 0.450000
  89 -8.509462 9.017048 36.009605 0.215561 -0.235945 -0.947557 0.571710 0.518930 2 89 0.550000 7 0.450000
  89 -8.637720 8.872624 36.030190 -0.392655 -0.167747 -0.904258 0.564490 0.520520 2 89 0.550000 7 0.450000
skt
  89 -8.509462 9.017048 36.009605 0.215561 -0.235945 -0.947557 0.571710 0.518930 2 89 0.550000 7 0.450000
  89 -8.610893 8.853513 36.034592 0.094233 -0.583442 -0.806669 0.564920 0.521670 2 89 0.550000 7 0.450000
  89 -8.637720 8.872624 36.030190 -0.392655 -0.167747 -0.904258 0.564490 0.520520 2 89 0.550000 7 0.450000
skt
  89 -8.610893 8.853513 36.034592 0.094233 -0.583442 -0.806669 0.564920 0.521670 2 89 0.550000 7 0.450000
  89 -8.879168 8.703941 36.280815 -0.177152 -0.842205 -0.509223 0.550620 0.524160 2 89 0.550000 7 0.450000
  89 -8.637720 8.872624 36.030190 -0.392655 -0.167747 -0.904258 0.564490 0.520520 2 89 0.550000 7 0.450000
skt
  89 -8.879168 8.703941 36.280815 -0.177152 -0.842205 -0.509223 0.550620 0.524160 2 89 0.550000 7 0.450000
  89 -8.610893 8.853513 36.034592 0.094233 -0.583442 -0.806669 0.564920 0.521670 2 89 0.550000 7 0.450000
  89 -8.513874 8.816395 36.120224 0.269354 -0.725297 -0.633556 0.566400 0.526470 2 89 0.550000 7 0.450000
skt
  89 -8.771490 8.671595 36.371223 0.023356 -0.937449 -0.347337 0.551660 0.529600 2 89 0.550000 7 0.450000
  89 -8.879168 8.703941 36.280815 -0.177152 -0.842205 -0.509223 0.550620 0.524160 2 89 0.550000 7 0.450000
  89 -8.513874 8.816395 36.120224 0.269354 -0.725297 -0.633556 0.566400 0.526470 2 89 0.550000 7 0.450000
skt
  89 -8.502113 8.598465 36.596870 0.007775 -0.935747 -0.352585 0.554450 0.544060 2 89 0.550000 7 0.450000
  89 -8.771490 8.671595 36.371223 0.023356 -0.937449 -0.347337 0.551660 0.529600 2 89 0.550000 7 0.450000
  89 -8.513874 8.816395 36.120224 0.269354 -0.725297 -0.633556 0.566400 0.526470 2 89 0.550000 7 0.450000
skt
  89 -8.771490 8.671595 36.371223 0.023356 -0.937449 -0.347337 0.551660 0.529600 2 89 0.550000 7 0.450000
  89 -8.502113 8.598465 36.596870 0.007775 -0.935747 -0.352585 0.554450 0.544060 2 89 0.550000 7 0.450000
  89 -9.035355 8.607651 36.647949 -0.276696 -0.959989 -0.043140 0.536720 0.531590 2 89 0.550000 7 0.450000
skt
  89 -8.502113 8.598465 36.596870 0.007775 -0.935747 -0.352585 0.554450 0.544060 2 89 0.550000 7 0.450000
  89 -8.779943 8.537090 36.839050 -0.216509 -0.965280 -0.146145 0.538660 0.544620 2 89 0.550000 7 0.450000
  89 -9.035355 8.607651 36.647949 -0.276696 -0.959989 -0.043140 0.536720 0.531590 2 89 0.550000 7 0.450000
skt
  89 -8.610893 8.853513 36.034592 0.094233 -0.583442 -0.806669 0.564920 0.521670 2 89 0.550000 7 0.450000
  89 -8.509462 9.017048 36.009605 0.215561 -0.235945 -0.947557 0.571710 0.518930 2 89 0.550000 7 0.450000
  89 -8.513874 8.816395 36.120224 0.269354 -0.725297 -0.633556 0.566400 0.526470 2 89 0.550000 7 0.450000
skt
  89 -8.426039 9.173234 36.002617 -0.061867 -0.418603 -0.906060 0.579140 0.515220 2 89 0.550000 7 0.450000
  89 -8.509462 9.017048 36.009605 0.215561 -0.235945 -0.947557 0.571710 0.518930 2 89 0.550000 7 0.450000
  89 -8.449560 9.194550 36.002258 -0.572896 0.128283 -0.809527 0.578730 0.513740 2 89 0.550000 7 0.450000
skt
  89 -8.276834 8.731497 36.333740 0.165518 -0.797311 -0.580430 0.569520 0.539540 2 89 0.550000 7 0.450000
  89 -8.502113 8.598465 36.596870 0.007775 -0.935747 -0.352585 0.554450 0.544060 2 89 0.550000 7 0.450000
  89 -8.513874 8.816395 36.120224 0.269354 -0.725297 -0.633556 0.566400 0.526470 2 89 0.550000 7 0.450000
skt
  89 -7.933959 9.319502 35.408379 -0.804775 0.275866 -0.525581 0.619630 0.513589 2 89 0.550000 7 0.450000
  89 -7.959314 9.271357 35.421604 -0.932006 -0.076465 -0.354285 0.619070 0.515330 2 89 0.550000 7 0.450000
  89 -8.016644 9.370581 35.561623 -0.847058 0.025229 -0.530902 0.611250 0.512160 2 89 0.550000 7 0.450000
skt
  89 -7.993125 9.414684 35.558319 -0.752547 0.360032 -0.551408 0.611731 0.510668 2 89 0.550000 7 0.450000
  89 -7.933959 9.319502 35.408379 -0.804775 0.275866 -0.525581 0.619630 0.513589 2 89 0.550000 7 0.450000
  89 -8.016644 9.370581 35.561623 -0.847058 0.025229 -0.530902 0.611250 0.512160 2 89 0.550000 7 0.450000
skt
  89 -8.223547 9.360658 35.822548 -0.730872 0.381919 -0.565654 0.595040 0.510949 2 89 0.550000 7 0.450000
  89 -7.993125 9.414684 35.558319 -0.752547 0.360032 -0.551408 0.611731 0.510668 2 89 0.550000 7 0.450000
  89 -8.016644 9.370581 35.561623 -0.847058 0.025229 -0.530902 0.611250 0.512160 2 89 0.550000 7 0.450000
skt
  89 -8.227959 9.325378 35.804169 -0.705498 -0.036322 -0.707781 0.594970 0.512310 2 89 0.550000 7 0.450000
  89 -8.223547 9.360658 35.822548 -0.730872 0.381919 -0.565654 0.595040 0.510949 2 89 0.550000 7 0.450000
  89 -8.016644 9.370581 35.561623 -0.847058 0.025229 -0.530902 0.611250 0.512160 2 89 0.550000 7 0.450000
skt
  89 -8.223547 9.360658 35.822548 -0.730872 0.381919 -0.565654 0.595040 0.510949 2 89 0.550000 7 0.450000
  89 -8.227959 9.325378 35.804169 -0.705498 -0.036322 -0.707781 0.594970 0.512310 2 89 0.550000 7 0.450000
  89 -8.449560 9.194550 36.002258 -0.572896 0.128283 -0.809527 0.578730 0.513740 2 89 0.550000 7 0.450000
skt
  89 -8.227959 9.325378 35.804169 -0.705498 -0.036322 -0.707781 0.594970 0.512310 2 89 0.550000 7 0.450000
  89 -8.211788 9.301493 35.810417 -0.385229 -0.662900 -0.641999 0.595030 0.513720 2 89 0.550000 7 0.450000
  89 -8.449560 9.194550 36.002258 -0.572896 0.128283 -0.809527 0.578730 0.513740 2 89 0.550000 7 0.450000
skt
  89 -8.211788 9.301493 35.810417 -0.385229 -0.662900 -0.641999 0.595030 0.513720 2 89 0.550000 7 0.450000
  89 -8.426039 9.173234 36.002617 -0.061867 -0.418603 -0.906060 0.579140 0.515220 2 89 0.550000 7 0.450000
  89 -8.449560 9.194550 36.002258 -0.572896 0.128283 -0.809527 0.578730 0.513740 2 89 0.550000 7 0.450000
skt
  89 -8.426039 9.173234 36.002617 -0.061867 -0.418603 -0.906060 0.579140 0.515220 2 89 0.550000 7 0.450000
  89 -8.211788 9.301493 35.810417 -0.385229 -0.662900 -0.641999 0.595030 0.513720 2 89 0.550000 7 0.450000
  89 -8.333797 9.100836 36.070976 0.143520 -0.594469 -0.791207 0.580160 0.521960 2 89 0.550000 7 0.450000
skt
  89 -8.509462 9.017048 36.009605 0.215561 -0.235945 -0.947557 0.571710 0.518930 2 89 0.550000 7 0.450000
  89 -8.426039 9.173234 36.002617 -0.061867 -0.418603 -0.906060 0.579140 0.515220 2 89 0.550000 7 0.450000
  89 -8.333797 9.100836 36.070976 0.143520 -0.594469 -0.791207 0.580160 0.521960 2 89 0.550000 7 0.450000
skt
  89 -8.435596 8.973314 36.070610 0.430743 -0.409028 -0.804460 0.572940 0.523140 2 89 0.550000 7 0.450000
  89 -8.509462 9.017048 36.009605 0.215561 -0.235945 -0.947557 0.571710 0.518930 2 89 0.550000 7 0.450000
  89 -8.333797 9.100836 36.070976 0.143520 -0.594469 -0.791207 0.580160 0.521960 2 89 0.550000 7 0.450000
skt
  89 -8.509462 9.017048 36.009605 0.215561 -0.235945 -0.947557 0.571710 0.518930 2 89 0.550000 7 0.450000
  89 -8.435596 8.973314 36.070610 0.430743 -0.409028 -0.804460 0.572940 0.523140 2 89 0.550000 7 0.450000
  89 -8.513874 8.816395 36.120224 0.269354 -0.725297 -0.633556 0.566400 0.526470 2 89 0.550000 7 0.450000
skt
  89 -8.435596 8.973314 36.070610 0.430743 -0.409028 -0.804460 0.572940 0.523140 2 89 0.550000 7 0.450000
  89 -8.267649 8.874092 36.213203 0.340176 -0.533187 -0.774592 0.574940 0.533420 2 89 0.550000 7 0.450000
  89 -8.513874 8.816395 36.120224 0.269354 -0.725297 -0.633556 0.566400 0.526470 2 89 0.550000 7 0.450000
skt
  89 -8.267649 8.874092 36.213203 0.340176 -0.533187 -0.774592 0.574940 0.533420 2 89 0.550000 7 0.450000
  89 -8.276834 8.731497 36.333740 0.165518 -0.797311 -0.580430 0.569520 0.539540 2 89 0.550000 7 0.450000
  89 -8.513874 8.816395 36.120224 0.269354 -0.725297 -0.633556 0.566400 0.526470 2 89 0.550000 7 0.450000
skt
  89 -8.276834 8.731497 36.333740 0.165518 -0.797311 -0.580430 0.569520 0.539540 2 89 0.550000 7 0.450000
  89 -8.267649 8.874092 36.213203 0.340176 -0.533187 -0.774592 0.574940 0.533420 2 89 0.550000 7 0.450000
  89 -7.843553 8.622721 36.578865 -0.035274 -0.846046 -0.531942 0.577620 0.558665 2 89 0.550000 7 0.450000
skt
  89 -8.502113 8.598465 36.596870 0.007775 -0.935747 -0.352585 0.554450 0.544060 2 89 0.550000 7 0.450000
  89 -8.276834 8.731497 36.333740 0.165518 -0.797311 -0.580430 0.569520 0.539540 2 89 0.550000 7 0.450000
  89 -7.843553 8.622721 36.578865 -0.035274 -0.846046 -0.531942 0.577620 0.558665 2 89 0.550000 7 0.450000
skt
  89 -8.151884 8.505486 36.890503 0.025212 -0.943995 -0.328996 0.558180 0.562145 2 89 0.550000 7 0.450000
  89 -8.502113 8.598465 36.596870 0.007775 -0.935747 -0.352585 0.554450 0.544060 2 89 0.550000 7 0.450000
  89 -7.843553 8.622721 36.578865 -0.035274 -0.846046 -0.531942 0.577620 0.558665 2 89 0.550000 7 0.450000
skt
  89 -8.502113 8.598465 36.596870 0.007775 -0.935747 -0.352585 0.554450 0.544060 2 89 0.550000 7 0.450000
  89 -8.151884 8.505486 36.890503 0.025212 -0.943995 -0.328996 0.558180 0.562145 2 89 0.550000 7 0.450000
  89 -8.448826 8.395606 37.184135 -0.174353 -0.917672 -0.357041 0.539610 0.564735 2 89 0.550000 7 0.450000
skt
  89 -8.779943 8.537090 36.839050 -0.216509 -0.965280 -0.146145 0.538660 0.544620 2 89 0.550000 7 0.450000
  89 -8.502113 8.598465 36.596870 0.007775 -0.935747 -0.352585 0.554450 0.544060 2 89 0.550000 7 0.450000
  89 -8.448826 8.395606 37.184135 -0.174353 -0.917672 -0.357041 0.539610 0.564735 2 89 0.550000 7 0.450000
skt
  89 -8.915182 8.603977 37.051102 -0.380180 -0.898802 -0.218215 0.527380 0.546560 2 89 0.550000 7 0.450000
  89 -8.946787 8.608023 36.896751 -0.465423 -0.877511 0.115569 0.531310 0.540810 2 89 0.550000 7 0.450000
  89 -8.448826 8.395606 37.184135 -0.174353 -0.917672 -0.357041 0.539610 0.564735 2 89 0.550000 7 0.450000
skt
  89 -8.709751 8.294178 37.442490 -0.252231 -0.783095 -0.568456 0.524000 0.568645 2 89 0.550000 7 0.450000
  89 -9.078352 8.532684 37.277481 -0.242693 -0.803060 -0.544237 0.515210 0.551230 2 89 0.550000 7 0.450000
  89 -8.448826 8.395606 37.184135 -0.174353 -0.917672 -0.357041 0.539610 0.564735 2 89 0.550000 7 0.450000
skt
  89 -9.078352 8.532684 37.277481 -0.242693 -0.803060 -0.544237 0.515210 0.551230 2 89 0.550000 7 0.450000
  89 -8.915182 8.603977 37.051102 -0.380180 -0.898802 -0.218215 0.527380 0.546560 2 89 0.550000 7 0.450000
  89 -8.448826 8.395606 37.184135 -0.174353 -0.917672 -0.357041 0.539610 0.564735 2 89 0.550000 7 0.450000
skt
  89 -8.915182 8.603977 37.051102 -0.380180 -0.898802 -0.218215 0.527380 0.546560 2 89 0.550000 7 0.450000
  89 -9.078352 8.532684 37.277481 -0.242693 -0.803060 -0.544237 0.515210 0.551230 2 89 0.550000 7 0.450000
  89 -9.167654 8.765679 36.916595 -0.481323 -0.869758 -0.108853 0.522370 0.532200 2 89 0.550000 7 0.450000
skt
  89 -8.946787 8.608023 36.896751 -0.465423 -0.877511 0.115569 0.531310 0.540810 2 89 0.550000 7 0.450000
  89 -8.915182 8.603977 37.051102 -0.380180 -0.898802 -0.218215 0.527380 0.546560 2 89 0.550000 7 0.450000
  89 -9.167654 8.765679 36.916595 -0.481323 -0.869758 -0.108853 0.522370 0.532200 2 89 0.550000 7 0.450000
skt
  89 -9.133476 8.693280 36.776947 -0.531257 -0.817208 0.223467 0.529450 0.530750 2 89 0.550000 7 0.450000
  89 -8.946787 8.608023 36.896751 -0.465423 -0.877511 0.115569 0.531310 0.540810 2 89 0.550000 7 0.450000
  89 -9.167654 8.765679 36.916595 -0.481323 -0.869758 -0.108853 0.522370 0.532200 2 89 0.550000 7 0.450000
skt
  89 -9.305098 8.455141 37.447998 -0.029786 -0.626927 -0.778509 0.501890 0.553910 2 89 0.550000 7 0.450000
  89 -9.078352 8.532684 37.277481 -0.242693 -0.803060 -0.544237 0.515210 0.551230 2 89 0.550000 7 0.450000
  89 -8.897543 8.218103 37.628082 -0.116494 -0.807044 -0.578886 0.512890 0.571965 2 89 0.550000 7 0.450000
skt
  89 -9.078352 8.532684 37.277481 -0.242693 -0.803060 -0.544237 0.515210 0.551230 2 89 0.550000 7 0.450000
  89 -8.709751 8.294178 37.442490 -0.252231 -0.783095 -0.568456 0.524000 0.568645 2 89 0.550000 7 0.450000
  89 -8.897543 8.218103 37.628082 -0.116494 -0.807044 -0.578886 0.512890 0.571965 2 89 0.550000 7 0.450000
skt
  89 -8.975086 8.186499 37.704887 -0.034220 -0.911600 -0.409651 0.509288 0.573078 2 89 0.550000 7 0.450000
  89 -9.372719 8.299688 37.486221 0.181441 -0.575527 -0.797400 0.496379 0.558532 2 89 0.550000 7 0.450000
  89 -8.897543 8.218103 37.628082 -0.116494 -0.807044 -0.578886 0.512890 0.571965 2 89 0.550000 7 0.450000
skt
  89 -9.797918 8.429414 37.248451 0.019128 -0.209747 -0.977569 0.480688 0.543581 2 89 0.550000 7 0.450000
  89 -9.758226 8.477926 37.237427 0.155700 0.085599 -0.984088 0.483058 0.542391 2 89 0.550000 7 0.450000
  89 -9.649080 8.435661 37.301735 0.485664 -0.057514 -0.872252 0.486928 0.546101 2 89 0.550000 7 0.450000
skt
  89 -9.677744 8.388992 37.317543 0.315475 -0.472433 -0.822972 0.485098 0.547771 2 89 0.550000 7 0.450000
  89 -9.797918 8.429414 37.248451 0.019128 -0.209747 -0.977569 0.480688 0.543581 2 89 0.550000 7 0.450000
  89 -9.649080 8.435661 37.301735 0.485664 -0.057514 -0.872252 0.486928 0.546101 2 89 0.550000 7 0.450000
skt
  89 -9.372719 8.299688 37.486221 0.181441 -0.575527 -0.797400 0.496379 0.558532 2 89 0.550000 7 0.450000
  89 -9.677744 8.388992 37.317543 0.315475 -0.472433 -0.822972 0.485098 0.547771 2 89 0.550000 7 0.450000
  89 -9.649080 8.435661 37.301735 0.485664 -0.057514 -0.872252 0.486928 0.546101 2 89 0.550000 7 0.450000
skt
  89 -9.376394 8.342321 37.456825 0.337648 -0.207275 -0.918167 0.496370 0.557090 2 89 0.550000 7 0.450000
  89 -9.372719 8.299688 37.486221 0.181441 -0.575527 -0.797400 0.496379 0.558532 2 89 0.550000 7 0.450000
  89 -9.649080 8.435661 37.301735 0.485664 -0.057514 -0.872252 0.486928 0.546101 2 89 0.550000 7 0.450000
skt
  89 -9.372719 8.299688 37.486221 0.181441 -0.575527 -0.797400 0.496379 0.558532 2 89 0.550000 7 0.450000
  89 -9.376394 8.342321 37.456825 0.337648 -0.207275 -0.918167 0.496370 0.557090 2 89 0.550000 7 0.450000
  89 -8.897543 8.218103 37.628082 -0.116494 -0.807044 -0.578886 0.512890 0.571965 2 89 0.550000 7 0.450000
skt
  89 -9.376394 8.342321 37.456825 0.337648 -0.207275 -0.918167 0.496370 0.557090 2 89 0.550000 7 0.450000
  89 -9.464594 8.432358 37.434769 0.382604 -0.033047 -0.923321 0.494990 0.551480 2 89 0.550000 7 0.450000
  89 -8.897543 8.218103 37.628082 -0.116494 -0.807044 -0.578886 0.512890 0.571965 2 89 0.550000 7 0.450000
skt
  89 -9.464594 8.432358 37.434769 0.382604 -0.033047 -0.923321 0.494990 0.551480 2 89 0.550000 7 0.450000
  89 -9.305098 8.455141 37.447998 -0.029786 -0.626927 -0.778509 0.501890 0.553910 2 89 0.550000 7 0.450000
  89 -8.897543 8.218103 37.628082 -0.116494 -0.807044 -0.578886 0.512890 0.571965 2 89 0.550000 7 0.450000
skt
  89 -9.305098 8.455141 37.447998 -0.029786 -0.626927 -0.778509 0.501890 0.553910 2 89 0.550000 7 0.450000
  89 -9.464594 8.432358 37.434769 0.382604 -0.033047 -0.923321 0.494990 0.551480 2 89 0.550000 7 0.450000
  89 -9.573740 8.613535 37.335548 0.048472 -0.568152 -0.821495 0.493920 0.540480 2 89 0.550000 7 0.450000
skt
  89 -9.078352 8.532684 37.277481 -0.242693 -0.803060 -0.544237 0.515210 0.551230 2 89 0.550000 7 0.450000
  89 -9.305098 8.455141 37.447998 -0.029786 -0.626927 -0.778509 0.501890 0.553910 2 89 0.550000 7 0.450000
  89 -9.573740 8.613535 37.335548 0.048472 -0.568152 -0.821495 0.493920 0.540480 2 89 0.550000 7 0.450000
skt
  89 -9.361694 8.716434 37.149223 -0.262211 -0.795383 -0.546454 0.508050 0.536180 2 89 0.550000 7 0.450000
  89 -9.078352 8.532684 37.277481 -0.242693 -0.803060 -0.544237 0.515210 0.551230 2 89 0.550000 7 0.450000
  89 -9.573740 8.613535 37.335548 0.048472 -0.568152 -0.821495 0.493920 0.540480 2 89 0.550000 7 0.450000
skt
  89 -9.078352 8.532684 37.277481 -0.242693 -0.803060 -0.544237 0.515210 0.551230 2 89 0.550000 7 0.450000
  89 -9.361694 8.716434 37.149223 -0.262211 -0.795383 -0.546454 0.508050 0.536180 2 89 0.550000 7 0.450000
  89 -9.167654 8.765679 36.916595 -0.481323 -0.869758 -0.108853 0.522370 0.532200 2 89 0.550000 7 0.450000
skt
  89 -9.361694 8.716434 37.149223 -0.262211 -0.795383 -0.546454 0.508050 0.536180 2 89 0.550000 7 0.450000
  89 -9.473782 8.790302 37.094101 -0.392361 -0.670251 -0.629934 0.505210 0.529660 2 89 0.550000 7 0.450000
  89 -9.167654 8.765679 36.916595 -0.481323 -0.869758 -0.108853 0.522370 0.532200 2 89 0.550000 7 0.450000
skt
  89 -9.473782 8.790302 37.094101 -0.392361 -0.670251 -0.629934 0.505210 0.529660 2 89 0.550000 7 0.450000
  89 -9.361694 8.716434 37.149223 -0.262211 -0.795383 -0.546454 0.508050 0.536180 2 89 0.550000 7 0.450000
  89 -9.573740 8.613535 37.335548 0.048472 -0.568152 -0.821495 0.493920 0.540480 2 89 0.550000 7 0.450000
skt
  89 -9.681419 8.678953 37.286301 -0.102144 -0.416214 -0.903511 0.490060 0.534590 2 89 0.550000 7 0.450000
  89 -9.473782 8.790302 37.094101 -0.392361 -0.670251 -0.629934 0.505210 0.529660 2 89 0.550000 7 0.450000
  89 -9.573740 8.613535 37.335548 0.048472 -0.568152 -0.821495 0.493920 0.540480 2 89 0.550000 7 0.450000
skt
  89 -9.747938 8.567963 37.292183 0.263286 0.148435 -0.953230 0.484790 0.538970 2 89 0.550000 7 0.450000
  89 -9.681419 8.678953 37.286301 -0.102144 -0.416214 -0.903511 0.490060 0.534590 2 89 0.550000 7 0.450000
  89 -9.573740 8.613535 37.335548 0.048472 -0.568152 -0.821495 0.493920 0.540480 2 89 0.550000 7 0.450000
skt
  89 -9.681419 8.678953 37.286301 -0.102144 -0.416214 -0.903511 0.490060 0.534590 2 89 0.550000 7 0.450000
  89 -9.747938 8.567963 37.292183 0.263286 0.148435 -0.953230 0.484790 0.538970 2 89 0.550000 7 0.450000
  89 -9.706041 8.697689 37.286301 -0.562944 0.123586 -0.817203 0.489130 0.533280 2 89 0.550000 7 0.450000
skt
  89 -9.747938 8.567963 37.292183 0.263286 0.148435 -0.953230 0.484790 0.538970 2 89 0.550000 7 0.450000
  89 -9.778072 8.580460 37.291817 -0.380961 0.328828 -0.864142 0.483550 0.537870 2 89 0.550000 7 0.450000
  89 -9.706041 8.697689 37.286301 -0.562944 0.123586 -0.817203 0.489130 0.533280 2 89 0.550000 7 0.450000
skt
  89 -9.490322 8.814190 37.088219 -0.707761 -0.048974 -0.704753 0.504760 0.528290 2 89 0.550000 7 0.450000
  89 -9.473782 8.790302 37.094101 -0.392361 -0.670251 -0.629934 0.505210 0.529660 2 89 0.550000 7 0.450000
  89 -9.706041 8.697689 37.286301 -0.562944 0.123586 -0.817203 0.489130 0.533280 2 89 0.550000 7 0.450000
skt
  89 -9.473782 8.790302 37.094101 -0.392361 -0.670251 -0.629934 0.505210 0.529660 2 89 0.550000 7 0.450000
  89 -9.681419 8.678953 37.286301 -0.102144 -0.416214 -0.903511 0.490060 0.534590 2 89 0.550000 7 0.450000
  89 -9.706041 8.697689 37.286301 -0.562944 0.123586 -0.817203 0.489130 0.533280 2 89 0.550000 7 0.450000
skt
  89 -9.747938 8.567963 37.292183 0.263286 0.148435 -0.953230 0.484790 0.538970 2 89 0.550000 7 0.450000
  89 -9.663412 8.525333 37.337021 0.470029 0.032488 -0.882053 0.488280 0.542810 2 89 0.550000 7 0.450000
  89 -9.649080 8.435661 37.301735 0.485664 -0.057514 -0.872252 0.486928 0.546101 2 89 0.550000 7 0.450000
skt
  89 -9.663412 8.525333 37.337021 0.470029 0.032488 -0.882053 0.488280 0.542810 2 89 0.550000 7 0.450000
  89 -9.747938 8.567963 37.292183 0.263286 0.148435 -0.953230 0.484790 0.538970 2 89 0.550000 7 0.450000
  89 -9.573740 8.613535 37.335548 0.048472 -0.568152 -0.821495 0.493920 0.540480 2 89 0.550000 7 0.450000
skt
  89 -9.464594 8.432358 37.434769 0.382604 -0.033047 -0.923321 0.494990 0.551480 2 89 0.550000 7 0.450000
  89 -9.663412 8.525333 37.337021 0.470029 0.032488 -0.882053 0.488280 0.542810 2 89 0.550000 7 0.450000
  89 -9.573740 8.613535 37.335548 0.048472 -0.568152 -0.821495 0.493920 0.540480 2 89 0.550000 7 0.450000
skt
  89 -9.663412 8.525333 37.337021 0.470029 0.032488 -0.882053 0.488280 0.542810 2 89 0.550000 7 0.450000
  89 -9.464594 8.432358 37.434769 0.382604 -0.033047 -0.923321 0.494990 0.551480 2 89 0.550000 7 0.450000
  89 -9.649080 8.435661 37.301735 0.485664 -0.057514 -0.872252 0.486928 0.546101 2 89 0.550000 7 0.450000
skt
  89 -9.464594 8.432358 37.434769 0.382604 -0.033047 -0.923321 0.494990 0.551480 2 89 0.550000 7 0.450000
  89 -9.376394 8.342321 37.456825 0.337648 -0.207275 -0.918167 0.496370 0.557090 2 89 0.550000 7 0.450000
  89 -9.649080 8.435661 37.301735 0.485664 -0.057514 -0.872252 0.486928 0.546101 2 89 0.550000 7 0.450000
skt
  89 -8.946787 8.608023 36.896751 -0.465423 -0.877511 0.115569 0.531310 0.540810 2 89 0.550000 7 0.450000
  89 -8.779943 8.537090 36.839050 -0.216509 -0.965280 -0.146145 0.538660 0.544620 2 89 0.550000 7 0.450000
  89 -8.448826 8.395606 37.184135 -0.174353 -0.917672 -0.357041 0.539610 0.564735 2 89 0.550000 7 0.450000
skt
  89 -8.779943 8.537090 36.839050 -0.216509 -0.965280 -0.146145 0.538660 0.544620 2 89 0.550000 7 0.450000
  89 -8.946787 8.608023 36.896751 -0.465423 -0.877511 0.115569 0.531310 0.540810 2 89 0.550000 7 0.450000
  89 -9.035355 8.607651 36.647949 -0.276696 -0.959989 -0.043140 0.536720 0.531590 2 89 0.550000 7 0.450000
skt
  89 -8.946787 8.608023 36.896751 -0.465423 -0.877511 0.115569 0.531310 0.540810 2 89 0.550000 7 0.450000
  89 -9.133476 8.693280 36.776947 -0.531257 -0.817208 0.223467 0.529450 0.530750 2 89 0.550000 7 0.450000
  89 -9.035355 8.607651 36.647949 -0.276696 -0.959989 -0.043140 0.536720 0.531590 2 89 0.550000 7 0.450000
skt
  89 -9.133476 8.693280 36.776947 -0.531257 -0.817208 0.223467 0.529450 0.530750 2 89 0.550000 7 0.450000
  89 -9.213593 8.731865 36.723289 -0.764660 -0.641171 0.064767 0.529090 0.526460 2 89 0.550000 7 0.450000
  89 -9.035355 8.607651 36.647949 -0.276696 -0.959989 -0.043140 0.536720 0.531590 2 89 0.550000 7 0.450000
skt
  89 -9.213593 8.731865 36.723289 -0.764660 -0.641171 0.064767 0.529090 0.526460 2 89 0.550000 7 0.450000
  89 -9.133476 8.693280 36.776947 -0.531257 -0.817208 0.223467 0.529450 0.530750 2 89 0.550000 7 0.450000
  89 -9.167654 8.765679 36.916595 -0.481323 -0.869758 -0.108853 0.522370 0.532200 2 89 0.550000 7 0.450000
skt
  89 -9.269451 8.831829 36.858902 -0.681926 -0.683945 -0.259222 0.520780 0.525610 2 89 0.550000 7 0.450000
  89 -9.213593 8.731865 36.723289 -0.764660 -0.641171 0.064767 0.529090 0.526460 2 89 0.550000 7 0.450000
  89 -9.167654 8.765679 36.916595 -0.481323 -0.869758 -0.108853 0.522370 0.532200 2 89 0.550000 7 0.450000
skt
  89 -9.473782 8.790302 37.094101 -0.392361 -0.670251 -0.629934 0.505210 0.529660 2 89 0.550000 7 0.450000
  89 -9.269451 8.831829 36.858902 -0.681926 -0.683945 -0.259222 0.520780 0.525610 2 89 0.550000 7 0.450000
  89 -9.167654 8.765679 36.916595 -0.481323 -0.869758 -0.108853 0.522370 0.532200 2 89 0.550000 7 0.450000
skt
  89 -9.269451 8.831829 36.858902 -0.681926 -0.683945 -0.259222 0.520780 0.525610 2 89 0.550000 7 0.450000
  89 -9.473782 8.790302 37.094101 -0.392361 -0.670251 -0.629934 0.505210 0.529660 2 89 0.550000 7 0.450000
  89 -9.279741 8.858290 36.845299 -0.847982 0.021958 -0.529569 0.520660 0.524070 2 89 0.550000 7 0.450000
skt
  89 -9.473782 8.790302 37.094101 -0.392361 -0.670251 -0.629934 0.505210 0.529660 2 89 0.550000 7 0.450000
  89 -9.490322 8.814190 37.088219 -0.707761 -0.048974 -0.704753 0.504760 0.528290 2 89 0.550000 7 0.450000
  89 -9.279741 8.858290 36.845299 -0.847982 0.021958 -0.529569 0.520660 0.524070 2 89 0.550000 7 0.450000
skt
  89 -9.490322 8.814190 37.088219 -0.707761 -0.048974 -0.704753 0.504760 0.528290 2 89 0.550000 7 0.450000
  89 -9.487379 8.848000 37.106590 -0.731255 0.371308 -0.572186 0.504310 0.527228 2 89 0.550000 7 0.450000
  89 -9.279741 8.858290 36.845299 -0.847982 0.021958 -0.529569 0.520660 0.524070 2 89 0.550000 7 0.450000
skt
  89 -9.487379 8.848000 37.106590 -0.731255 0.371308 -0.572186 0.504310 0.527228 2 89 0.550000 7 0.450000
  89 -9.490322 8.814190 37.088219 -0.707761 -0.048974 -0.704753 0.504760 0.528290 2 89 0.550000 7 0.450000
  89 -9.706041 8.697689 37.286301 -0.562944 0.123586 -0.817203 0.489130 0.533280 2 89 0.550000 7 0.450000
skt
  89 -9.727358 8.717535 37.323051 -0.693946 0.383263 -0.609548 0.488248 0.532468 2 89 0.550000 7 0.450000
  89 -9.487379 8.848000 37.106590 -0.731255 0.371308 -0.572186 0.504310 0.527228 2 89 0.550000 7 0.450000
  89 -9.706041 8.697689 37.286301 -0.562944 0.123586 -0.817203 0.489130 0.533280 2 89 0.550000 7 0.450000
skt
  89 -9.814821 8.582661 37.328934 -0.635436 0.393609 -0.664299 0.482428 0.537059 2 89 0.550000 7 0.450000
  89 -9.727358 8.717535 37.323051 -0.693946 0.383263 -0.609548 0.488248 0.532468 2 89 0.550000 7 0.450000
  89 -9.706041 8.697689 37.286301 -0.562944 0.123586 -0.817203 0.489130 0.533280 2 89 0.550000 7 0.450000
skt
  89 -9.778072 8.580460 37.291817 -0.380961 0.328828 -0.864142 0.483550 0.537870 2 89 0.550000 7 0.450000
  89 -9.814821 8.582661 37.328934 -0.635436 0.393609 -0.664299 0.482428 0.537059 2 89 0.550000 7 0.450000
  89 -9.706041 8.697689 37.286301 -0.562944 0.123586 -0.817203 0.489130 0.533280 2 89 0.550000 7 0.450000
skt
  89 -9.814821 8.582661 37.328934 -0.635436 0.393609 -0.664299 0.482428 0.537059 2 89 0.550000 7 0.450000
  89 -9.778072 8.580460 37.291817 -0.380961 0.328828 -0.864142 0.483550 0.537870 2 89 0.550000 7 0.450000
  89 -9.783216 8.506223 37.253967 -0.287088 0.412546 -0.864515 0.481890 0.541380 2 89 0.550000 7 0.450000
skt
  89 -9.778072 8.580460 37.291817 -0.380961 0.328828 -0.864142 0.483550 0.537870 2 89 0.550000 7 0.450000
  89 -9.747938 8.567963 37.292183 0.263286 0.148435 -0.953230 0.484790 0.538970 2 89 0.550000 7 0.450000
  89 -9.783216 8.506223 37.253967 -0.287088 0.412546 -0.864515 0.481890 0.541380 2 89 0.550000 7 0.450000
skt
  89 -9.747938 8.567963 37.292183 0.263286 0.148435 -0.953230 0.484790 0.538970 2 89 0.550000 7 0.450000
  89 -9.758226 8.477926 37.237427 0.155700 0.085599 -0.984088 0.483058 0.542391 2 89 0.550000 7 0.450000
  89 -9.783216 8.506223 37.253967 -0.287088 0.412546 -0.864515 0.481890 0.541380 2 89 0.550000 7 0.450000
skt
  89 -9.758226 8.477926 37.237427 0.155700 0.085599 -0.984088 0.483058 0.542391 2 89 0.550000 7 0.450000
  89 -9.747938 8.567963 37.292183 0.263286 0.148435 -0.953230 0.484790 0.538970 2 89 0.550000 7 0.450000
  89 -9.649080 8.435661 37.301735 0.485664 -0.057514 -0.872252 0.486928 0.546101 2 89 0.550000 7 0.450000
skt
  89 -9.758226 8.477926 37.237427 0.155700 0.085599 -0.984088 0.483058 0.542391 2 89 0.550000 7 0.450000
  89 -9.797918 8.429414 37.248451 0.019128 -0.209747 -0.977569 0.480688 0.543581 2 89 0.550000 7 0.450000
  89 -9.783216 8.506223 37.253967 -0.287088 0.412546 -0.864515 0.481890 0.541380 2 89 0.550000 7 0.450000
skt
  89 -9.797918 8.429414 37.248451 0.019128 -0.209747 -0.977569 0.480688 0.543581 2 89 0.550000 7 0.450000
  89 -9.816292 8.475721 37.259102 -0.368320 0.248407 -0.895899 0.480030 0.541920 2 89 0.550000 7 0.450000
  89 -9.783216 8.506223 37.253967 -0.287088 0.412546 -0.864515 0.481890 0.541380 2 89 0.550000 7 0.450000
skt
  89 -9.816292 8.475721 37.259102 -0.368320 0.248407 -0.895899 0.480030 0.541920 2 89 0.550000 7 0.450000
  89 -9.814821 8.582661 37.328934 -0.635436 0.393609 -0.664299 0.482428 0.537059 2 89 0.550000 7 0.450000
  89 -9.783216 8.506223 37.253967 -0.287088 0.412546 -0.864515 0.481890 0.541380 2 89 0.550000 7 0.450000
skt
  89 -7.863765 9.363602 35.417557 0.376817 0.858136 -0.348729 0.561350 0.580980 2 89 0.550000 7 0.450000
  89 -7.818932 9.270988 35.273506 0.141508 0.979686 -0.142095 0.553080 0.578770 2 89 0.550000 7 0.450000
  89 -7.846492 9.265848 35.258438 -0.479235 0.739969 -0.471995 0.553180 0.577180 2 89 0.550000 7 0.450000
skt
  89 -7.863765 9.363602 35.417557 0.376817 0.858136 -0.348729 0.561350 0.580980 2 89 0.550000 7 0.450000
  89 -7.926975 9.449228 35.579994 0.320269 0.946901 0.028400 0.568820 0.582360 2 89 0.550000 7 0.450000
  89 -7.838040 9.379036 35.644676 0.491347 0.844582 0.212744 0.568410 0.587400 2 89 0.550000 7 0.450000
skt
  89 -7.850904 9.104511 36.094498 0.250114 0.788377 0.562054 0.584980 0.602070 2 89 0.550000 7 0.450000
  89 -7.624155 9.204103 35.800499 0.399946 0.862120 0.311114 0.568190 0.600720 2 89 0.550000 7 0.450000
  89 -7.838040 9.379036 35.644676 0.491347 0.844582 0.212744 0.568410 0.587400 2 89 0.550000 7 0.450000
skt
  89 -7.617538 9.316193 35.035362 -0.148144 0.959569 0.239334 0.536830 0.580680 2 89 0.550000 7 0.450000
  89 -7.637753 9.312887 35.013687 -0.584944 0.765478 -0.268111 0.536580 0.579250 2 89 0.550000 7 0.450000
  89 -7.846492 9.265848 35.258438 -0.479235 0.739969 -0.471995 0.553180 0.577180 2 89 0.550000 7 0.450000
skt
  89 -7.818932 9.270988 35.273506 0.141508 0.979686 -0.142095 0.553080 0.578770 2 89 0.550000 7 0.450000
  89 -7.617538 9.316193 35.035362 -0.148144 0.959569 0.239334 0.536830 0.580680 2 89 0.550000 7 0.450000
  89 -7.846492 9.265848 35.258438 -0.479235 0.739969 -0.471995 0.553180 0.577180 2 89 0.550000 7 0.450000
skt
  89 -7.617538 9.316193 35.035362 -0.148144 0.959569 0.239334 0.536830 0.580680 2 89 0.550000 7 0.450000
  89 -7.818932 9.270988 35.273506 0.141508 0.979686 -0.142095 0.553080 0.578770 2 89 0.550000 7 0.450000
  89 -7.723747 9.233873 35.358391 0.355452 0.934273 0.028060 0.553550 0.585590 2 89 0.550000 7 0.450000
skt
  89 -7.818932 9.270988 35.273506 0.141508 0.979686 -0.142095 0.553080 0.578770 2 89 0.550000 7 0.450000
  89 -7.863765 9.363602 35.417557 0.376817 0.858136 -0.348729 0.561350 0.580980 2 89 0.550000 7 0.450000
  89 -7.723747 9.233873 35.358391 0.355452 0.934273 0.028060 0.553550 0.585590 2 89 0.550000 7 0.450000
skt
  89 -7.863765 9.363602 35.417557 0.376817 0.858136 -0.348729 0.561350 0.580980 2 89 0.550000 7 0.450000
  89 -7.791736 9.321339 35.476723 0.596867 0.785514 -0.163454 0.561040 0.585370 2 89 0.550000 7 0.450000
  89 -7.723747 9.233873 35.358391 0.355452 0.934273 0.028060 0.553550 0.585590 2 89 0.550000 7 0.450000
skt
  89 -7.791736 9.321339 35.476723 0.596867 0.785514 -0.163454 0.561040 0.585370 2 89 0.550000 7 0.450000
  89 -7.863765 9.363602 35.417557 0.376817 0.858136 -0.348729 0.561350 0.580980 2 89 0.550000 7 0.450000
  89 -7.838040 9.379036 35.644676 0.491347 0.844582 0.212744 0.568410 0.587400 2 89 0.550000 7 0.450000
skt
  89 -7.628932 9.225420 35.612335 0.532255 0.845847 -0.035317 0.561220 0.595780 2 89 0.550000 7 0.450000
  89 -7.791736 9.321339 35.476723 0.596867 0.785514 -0.163454 0.561040 0.585370 2 89 0.550000 7 0.450000
  89 -7.838040 9.379036 35.644676 0.491347 0.844582 0.212744 0.568410 0.587400 2 89 0.550000 7 0.450000
skt
  89 -7.624155 9.204103 35.800499 0.399946 0.862120 0.311114 0.568190 0.600720 2 89 0.550000 7 0.450000
  89 -7.628932 9.225420 35.612335 0.532255 0.845847 -0.035317 0.561220 0.595780 2 89 0.550000 7 0.450000
  89 -7.838040 9.379036 35.644676 0.491347 0.844582 0.212744 0.568410 0.587400 2 89 0.550000 7 0.450000
skt
  89 -7.628932 9.225420 35.612335 0.532255 0.845847 -0.035317 0.561220 0.595780 2 89 0.550000 7 0.450000
  89 -7.624155 9.204103 35.800499 0.399946 0.862120 0.311114 0.568190 0.600720 2 89 0.550000 7 0.450000
  89 -7.224317 8.975525 35.972855 0.211187 0.895267 0.392297 0.564710 0.619988 2 89 0.550000 7 0.450000
skt
  89 -7.624155 9.204103 35.800499 0.399946 0.862120 0.311114 0.568190 0.600720 2 89 0.550000 7 0.450000
  89 -7.850904 9.104511 36.094498 0.250114 0.788377 0.562054 0.584980 0.602070 2 89 0.550000 7 0.450000
  89 -7.224317 8.975525 35.972855 0.211187 0.895267 0.392297 0.564710 0.619988 2 89 0.550000 7 0.450000
skt
  89 -7.850904 9.104511 36.094498 0.250114 0.788377 0.562054 0.584980 0.602070 2 89 0.550000 7 0.450000
  89 -7.545143 8.845428 36.298462 0.270454 0.772006 0.575206 0.586040 0.619368 2 89 0.550000 7 0.450000
  89 -7.224317 8.975525 35.972855 0.211187 0.895267 0.392297 0.564710 0.619988 2 89 0.550000 7 0.450000
skt
  89 -7.545143 8.845428 36.298462 0.270454 0.772006 0.575206 0.586040 0.619368 2 89 0.550000 7 0.450000
  89 -7.850904 9.104511 36.094498 0.250114 0.788377 0.562054 0.584980 0.602070 2 89 0.550000 7 0.450000
  89 -7.866337 8.714966 36.624435 0.047333 0.831960 0.552813 0.607360 0.618138 2 89 0.550000 7 0.450000
skt
  89 -7.850904 9.104511 36.094498 0.250114 0.788377 0.562054 0.584980 0.602070 2 89 0.550000 7 0.450000
  89 -8.139021 8.995369 36.322716 0.000686 0.704860 0.709346 0.601570 0.599250 2 89 0.550000 7 0.450000
  89 -7.866337 8.714966 36.624435 0.047333 0.831960 0.552813 0.607360 0.618138 2 89 0.550000 7 0.450000
skt
  89 -8.509096 8.692545 36.634361 -0.002548 0.929058 0.369925 0.628510 0.600510 2 89 0.550000 7 0.450000
  89 -8.164379 8.594053 36.927620 -0.029979 0.936377 0.349712 0.626680 0.619128 2 89 0.550000 7 0.450000
  89 -7.866337 8.714966 36.624435 0.047333 0.831960 0.552813 0.607360 0.618138 2 89 0.550000 7 0.450000
skt
  89 -8.164379 8.594053 36.927620 -0.029979 0.936377 0.349712 0.626680 0.619128 2 89 0.550000 7 0.450000
  89 -8.509096 8.692545 36.634361 -0.002548 0.929058 0.369925 0.628510 0.600510 2 89 0.550000 7 0.450000
  89 -8.447721 8.475721 37.215378 0.197814 0.897476 0.394216 0.645010 0.621018 2 89 0.550000 7 0.450000
skt
  89 -8.509096 8.692545 36.634361 -0.002548 0.929058 0.369925 0.628510 0.600510 2 89 0.550000 7 0.450000
  89 -8.744295 8.640728 36.841988 0.268803 0.950350 0.156777 0.643330 0.600720 2 89 0.550000 7 0.450000
  89 -8.447721 8.475721 37.215378 0.197814 0.897476 0.394216 0.645010 0.621018 2 89 0.550000 7 0.450000
skt
  89 -7.492590 9.148981 35.570076 0.278621 0.945007 0.171266 0.555850 0.600910 2 89 0.550000 7 0.450000
  89 -7.258124 9.200430 35.363541 -0.001343 0.929545 0.368706 0.541490 0.604260 2 89 0.550000 7 0.450000
  89 -7.723747 9.233873 35.358391 0.355452 0.934273 0.028060 0.553550 0.585590 2 89 0.550000 7 0.450000
skt
  89 -7.513906 9.280912 35.128708 -0.018032 0.934173 0.356363 0.538200 0.587710 2 89 0.550000 7 0.450000
  89 -7.617538 9.316193 35.035362 -0.148144 0.959569 0.239334 0.536830 0.580680 2 89 0.550000 7 0.450000
  89 -7.723747 9.233873 35.358391 0.355452 0.934273 0.028060 0.553550 0.585590 2 89 0.550000 7 0.450000
skt
  89 -7.258124 9.200430 35.363541 -0.001343 0.929545 0.368706 0.541490 0.604260 2 89 0.550000 7 0.450000
  89 -7.513906 9.280912 35.128708 -0.018032 0.934173 0.356363 0.538200 0.587710 2 89 0.550000 7 0.450000
  89 -7.723747 9.233873 35.358391 0.355452 0.934273 0.028060 0.553550 0.585590 2 89 0.550000 7 0.450000
skt
  89 -7.513906 9.280912 35.128708 -0.018032 0.934173 0.356363 0.538200 0.587710 2 89 0.550000 7 0.450000
  89 -7.258124 9.200430 35.363541 -0.001343 0.929545 0.368706 0.541490 0.604260 2 89 0.550000 7 0.450000
  89 -7.302959 9.405499 34.929886 -0.305207 0.681640 0.664993 0.523030 0.590670 2 89 0.550000 7 0.450000
skt
  89 -7.258124 9.200430 35.363541 -0.001343 0.929545 0.368706 0.541490 0.604260 2 89 0.550000 7 0.450000
  89 -7.068130 9.321705 35.137894 -0.187317 0.768902 0.611312 0.526670 0.605700 2 89 0.550000 7 0.450000
  89 -7.302959 9.405499 34.929886 -0.305207 0.681640 0.664993 0.523030 0.590670 2 89 0.550000 7 0.450000
skt
  89 -7.068130 9.321705 35.137894 -0.187317 0.768902 0.611312 0.526670 0.605700 2 89 0.550000 7 0.450000
  89 -7.064819 9.455105 35.038300 -0.337190 0.518558 0.785749 0.519670 0.602720 2 89 0.550000 7 0.450000
  89 -7.302959 9.405499 34.929886 -0.305207 0.681640 0.664993 0.523030 0.590670 2 89 0.550000 7 0.450000
skt
  89 -7.064819 9.455105 35.038300 -0.337190 0.518558 0.785749 0.519670 0.602720 2 89 0.550000 7 0.450000
  89 -7.068130 9.321705 35.137894 -0.187317 0.768902 0.611312 0.526670 0.605700 2 89 0.550000 7 0.450000
  89 -6.641829 9.209253 35.380440 0.046154 0.838656 0.542703 0.527430 0.626028 2 89 0.550000 7 0.450000
skt
  89 -7.068130 9.321705 35.137894 -0.187317 0.768902 0.611312 0.526670 0.605700 2 89 0.550000 7 0.450000
  89 -7.258124 9.200430 35.363541 -0.001343 0.929545 0.368706 0.541490 0.604260 2 89 0.550000 7 0.450000
  89 -6.641829 9.209253 35.380440 0.046154 0.838656 0.542703 0.527430 0.626028 2 89 0.550000 7 0.450000
skt
  89 -7.258124 9.200430 35.363541 -0.001343 0.929545 0.368706 0.541490 0.604260 2 89 0.550000 7 0.450000
  89 -6.925905 9.096795 35.669670 -0.025382 0.938199 0.345163 0.545520 0.622588 2 89 0.550000 7 0.450000
  89 -6.641829 9.209253 35.380440 0.046154 0.838656 0.542703 0.527430 0.626028 2 89 0.550000 7 0.450000
skt
  89 -6.925905 9.096795 35.669670 -0.025382 0.938199 0.345163 0.545520 0.622588 2 89 0.550000 7 0.450000
  89 -7.258124 9.200430 35.363541 -0.001343 0.929545 0.368706 0.541490 0.604260 2 89 0.550000 7 0.450000
  89 -7.224317 8.975525 35.972855 0.211187 0.895267 0.392297 0.564710 0.619988 2 89 0.550000 7 0.450000
skt
  89 -7.258124 9.200430 35.363541 -0.001343 0.929545 0.368706 0.541490 0.604260 2 89 0.550000 7 0.450000
  89 -7.492590 9.148981 35.570076 0.278621 0.945007 0.171266 0.555850 0.600910 2 89 0.550000 7 0.450000
  89 -7.224317 8.975525 35.972855 0.211187 0.895267 0.392297 0.564710 0.619988 2 89 0.550000 7 0.450000
skt
  89 -7.492590 9.148981 35.570076 0.278621 0.945007 0.171266 0.555850 0.600910 2 89 0.550000 7 0.450000
  89 -7.628932 9.225420 35.612335 0.532255 0.845847 -0.035317 0.561220 0.595780 2 89 0.550000 7 0.450000
  89 -7.224317 8.975525 35.972855 0.211187 0.895267 0.392297 0.564710 0.619988 2 89 0.550000 7 0.450000
skt
  89 -7.628932 9.225420 35.612335 0.532255 0.845847 -0.035317 0.561220 0.595780 2 89 0.550000 7 0.450000
  89 -7.492590 9.148981 35.570076 0.278621 0.945007 0.171266 0.555850 0.600910 2 89 0.550000 7 0.450000
  89 -7.723747 9.233873 35.358391 0.355452 0.934273 0.028060 0.553550 0.585590 2 89 0.550000 7 0.450000
skt
  89 -7.791736 9.321339 35.476723 0.596867 0.785514 -0.163454 0.561040 0.585370 2 89 0.550000 7 0.450000
  89 -7.628932 9.225420 35.612335 0.532255 0.845847 -0.035317 0.561220 0.595780 2 89 0.550000 7 0.450000
  89 -7.723747 9.233873 35.358391 0.355452 0.934273 0.028060 0.553550 0.585590 2 89 0.550000 7 0.450000
skt
  89 -7.064819 9.455105 35.038300 -0.337190 0.518558 0.785749 0.519670 0.602720 2 89 0.550000 7 0.450000
  89 -7.231297 9.549925 34.905640 -0.419510 0.398808 0.815453 0.515880 0.593060 2 89 0.550000 7 0.450000
  89 -7.302959 9.405499 34.929886 -0.305207 0.681640 0.664993 0.523030 0.590670 2 89 0.550000 7 0.450000
skt
  89 -7.617538 9.316193 35.035362 -0.148144 0.959569 0.239334 0.536830 0.580680 2 89 0.550000 7 0.450000
  89 -7.513906 9.280912 35.128708 -0.018032 0.934173 0.356363 0.538200 0.587710 2 89 0.550000 7 0.450000
  89 -7.302959 9.405499 34.929886 -0.305207 0.681640 0.664993 0.523030 0.590670 2 89 0.550000 7 0.450000
skt
  89 -7.863765 9.363602 35.417557 0.376817 0.858136 -0.348729 0.561350 0.580980 2 89 0.550000 7 0.450000
  89 -7.894635 9.360289 35.405067 -0.273446 0.777935 -0.565725 0.561570 0.579530 2 89 0.550000 7 0.450000
  89 -7.956742 9.449227 35.564934 -0.224092 0.926614 -0.301942 0.569000 0.581090 2 89 0.550000 7 0.450000
skt
  89 -7.894635 9.360289 35.405067 -0.273446 0.777935 -0.565725 0.561570 0.579530 2 89 0.550000 7 0.450000
  89 -7.863765 9.363602 35.417557 0.376817 0.858136 -0.348729 0.561350 0.580980 2 89 0.550000 7 0.450000
  89 -7.846492 9.265848 35.258438 -0.479235 0.739969 -0.471995 0.553180 0.577180 2 89 0.550000 7 0.450000
skt
  89 -7.933959 9.319502 35.408379 -0.616961 0.553085 -0.559872 0.561960 0.577090 2 89 0.550000 7 0.450000
  89 -7.894635 9.360289 35.405067 -0.273446 0.777935 -0.565725 0.561570 0.579530 2 89 0.550000 7 0.450000
  89 -7.846492 9.265848 35.258438 -0.479235 0.739969 -0.471995 0.553180 0.577180 2 89 0.550000 7 0.450000
skt
  89 -7.874423 9.224685 35.258064 -0.692284 0.474606 -0.543591 0.553660 0.575548 2 89 0.550000 7 0.450000
  89 -7.933959 9.319502 35.408379 -0.616961 0.553085 -0.559872 0.561960 0.577090 2 89 0.550000 7 0.450000
  89 -7.846492 9.265848 35.258438 -0.479235 0.739969 -0.471995 0.553180 0.577180 2 89 0.550000 7 0.450000
skt
  89 -7.644000 9.278709 34.994202 -0.721830 0.441039 -0.533334 0.536420 0.577949 2 89 0.550000 7 0.450000
  89 -7.874423 9.224685 35.258064 -0.692284 0.474606 -0.543591 0.553660 0.575548 2 89 0.550000 7 0.450000
  89 -7.846492 9.265848 35.258438 -0.479235 0.739969 -0.471995 0.553180 0.577180 2 89 0.550000 7 0.450000
skt
  89 -7.637753 9.312887 35.013687 -0.584944 0.765478 -0.268111 0.536580 0.579250 2 89 0.550000 7 0.450000
  89 -7.644000 9.278709 34.994202 -0.721830 0.441039 -0.533334 0.536420 0.577949 2 89 0.550000 7 0.450000
  89 -7.846492 9.265848 35.258438 -0.479235 0.739969 -0.471995 0.553180 0.577180 2 89 0.550000 7 0.450000
skt
  89 -7.644000 9.278709 34.994202 -0.721830 0.441039 -0.533334 0.536420 0.577949 2 89 0.550000 7 0.450000
  89 -7.637753 9.312887 35.013687 -0.584944 0.765478 -0.268111 0.536580 0.579250 2 89 0.550000 7 0.450000
  89 -7.413210 9.442242 34.817802 -0.755103 0.624226 -0.200405 0.520270 0.582770 2 89 0.550000 7 0.450000
skt
  89 -7.637753 9.312887 35.013687 -0.584944 0.765478 -0.268111 0.536580 0.579250 2 89 0.550000 7 0.450000
  89 -7.617538 9.316193 35.035362 -0.148144 0.959569 0.239334 0.536830 0.580680 2 89 0.550000 7 0.450000
  89 -7.413210 9.442242 34.817802 -0.755103 0.624226 -0.200405 0.520270 0.582770 2 89 0.550000 7 0.450000
skt
  89 -7.617538 9.316193 35.035362 -0.148144 0.959569 0.239334 0.536830 0.580680 2 89 0.550000 7 0.450000
  89 -7.399612 9.441877 34.846100 -0.492072 0.729299 0.475383 0.520900 0.584210 2 89 0.550000 7 0.450000
  89 -7.413210 9.442242 34.817802 -0.755103 0.624226 -0.200405 0.520270 0.582770 2 89 0.550000 7 0.450000
skt
  89 -7.399612 9.441877 34.846100 -0.492072 0.729299 0.475383 0.520900 0.584210 2 89 0.550000 7 0.450000
  89 -7.617538 9.316193 35.035362 -0.148144 0.959569 0.239334 0.536830 0.580680 2 89 0.550000 7 0.450000
  89 -7.302959 9.405499 34.929886 -0.305207 0.681640 0.664993 0.523030 0.590670 2 89 0.550000 7 0.450000
skt
  89 -7.304430 9.591448 34.847939 -0.619405 0.464579 0.632854 0.513940 0.589100 2 89 0.550000 7 0.450000
  89 -7.399612 9.441877 34.846100 -0.492072 0.729299 0.475383 0.520900 0.584210 2 89 0.550000 7 0.450000
  89 -7.302959 9.405499 34.929886 -0.305207 0.681640 0.664993 0.523030 0.590670 2 89 0.550000 7 0.450000
skt
  89 -7.231297 9.549925 34.905640 -0.419510 0.398808 0.815453 0.515880 0.593060 2 89 0.550000 7 0.450000
  89 -7.304430 9.591448 34.847939 -0.619405 0.464579 0.632854 0.513940 0.589100 2 89 0.550000 7 0.450000
  89 -7.302959 9.405499 34.929886 -0.305207 0.681640 0.664993 0.523030 0.590670 2 89 0.550000 7 0.450000
skt
  89 -7.304430 9.591448 34.847939 -0.619405 0.464579 0.632854 0.513940 0.589100 2 89 0.550000 7 0.450000
  89 -7.231297 9.549925 34.905640 -0.419510 0.398808 0.815453 0.515880 0.593060 2 89 0.550000 7 0.450000
  89 -7.104142 9.677444 34.898285 -0.095293 0.624042 0.775559 0.509820 0.597420 2 89 0.550000 7 0.450000
skt
  89 -7.231297 9.549925 34.905640 -0.419510 0.398808 0.815453 0.515880 0.593060 2 89 0.550000 7 0.450000
  89 -7.064819 9.455105 35.038300 -0.337190 0.518558 0.785749 0.519670 0.602720 2 89 0.550000 7 0.450000
  89 -7.104142 9.677444 34.898285 -0.095293 0.624042 0.775559 0.509820 0.597420 2 89 0.550000 7 0.450000
skt
  89 -7.064819 9.455105 35.038300 -0.337190 0.518558 0.785749 0.519670 0.602720 2 89 0.550000 7 0.450000
  89 -6.894301 9.499575 35.058140 -0.019665 0.708093 0.705845 0.515470 0.609480 2 89 0.550000 7 0.450000
  89 -7.104142 9.677444 34.898285 -0.095293 0.624042 0.775559 0.509820 0.597420 2 89 0.550000 7 0.450000
skt
  89 -6.894301 9.499575 35.058140 -0.019665 0.708093 0.705845 0.515470 0.609480 2 89 0.550000 7 0.450000
  89 -7.064819 9.455105 35.038300 -0.337190 0.518558 0.785749 0.519670 0.602720 2 89 0.550000 7 0.450000
  89 -6.641829 9.209253 35.380440 0.046154 0.838656 0.542703 0.527430 0.626028 2 89 0.550000 7 0.450000
skt
  89 -6.628599 9.595493 34.852715 0.272028 0.779555 0.564175 0.501820 0.615760 2 89 0.550000 7 0.450000
  89 -6.894301 9.499575 35.058140 -0.019665 0.708093 0.705845 0.515470 0.609480 2 89 0.550000 7 0.450000
  89 -6.641829 9.209253 35.380440 0.046154 0.838656 0.542703 0.527430 0.626028 2 89 0.550000 7 0.450000
skt
  89 -6.363263 9.313622 35.096363 0.306798 0.771085 0.557945 0.509650 0.631538 2 89 0.550000 7 0.450000
  89 -6.628599 9.595493 34.852715 0.272028 0.779555 0.564175 0.501820 0.615760 2 89 0.550000 7 0.450000
  89 -6.641829 9.209253 35.380440 0.046154 0.838656 0.542703 0.527430 0.626028 2 89 0.550000 7 0.450000
skt
  89 -7.894635 9.360289 35.405067 -0.273446 0.777935 -0.565725 0.561570 0.579530 2 89 0.550000 7 0.450000
  89 -7.933959 9.319502 35.408379 -0.616961 0.553085 -0.559872 0.561960 0.577090 2 89 0.550000 7 0.450000
  89 -7.956742 9.449227 35.564934 -0.224092 0.926614 -0.301942 0.569000 0.581090 2 89 0.550000 7 0.450000
skt
  89 -7.933959 9.319502 35.408379 -0.616961 0.553085 -0.559872 0.561960 0.577090 2 89 0.550000 7 0.450000
  89 -7.993125 9.414684 35.558319 -0.554560 0.676755 -0.484217 0.569261 0.579759 2 89 0.550000 7 0.450000
  89 -7.956742 9.449227 35.564934 -0.224092 0.926614 -0.301942 0.569000 0.581090 2 89 0.550000 7 0.450000
skt
  89 -7.993125 9.414684 35.558319 -0.554560 0.676755 -0.484217 0.569261 0.579759 2 89 0.550000 7 0.450000
  89 -8.223547 9.360658 35.822548 -0.606769 0.733990 -0.305106 0.583770 0.579029 2 89 0.550000 7 0.450000
  89 -7.956742 9.449227 35.564934 -0.224092 0.926614 -0.301942 0.569000 0.581090 2 89 0.550000 7 0.450000
skt
  89 -8.223547 9.360658 35.822548 -0.606769 0.733990 -0.305106 0.583770 0.579029 2 89 0.550000 7 0.450000
  89 -8.205908 9.386381 35.850113 -0.373453 0.927648 0.001678 0.583850 0.580450 2 89 0.550000 7 0.450000
  89 -7.956742 9.449227 35.564934 -0.224092 0.926614 -0.301942 0.569000 0.581090 2 89 0.550000 7 0.450000
skt
  89 -7.317295 9.595491 34.817432 -0.836104 0.548560 -0.003520 0.513230 0.587840 2 89 0.550000 7 0.450000
  89 -7.302226 9.576015 34.766350 -0.773640 0.483821 -0.409143 0.512748 0.586249 2 89 0.550000 7 0.450000
  89 -7.413210 9.442242 34.817802 -0.755103 0.624226 -0.200405 0.520270 0.582770 2 89 0.550000 7 0.450000
skt
  89 -7.302226 9.576015 34.766350 -0.773640 0.483821 -0.409143 0.512748 0.586249 2 89 0.550000 7 0.450000
  89 -7.400715 9.417251 34.776642 -0.739354 0.452157 -0.498909 0.519589 0.581289 2 89 0.550000 7 0.450000
  89 -7.413210 9.442242 34.817802 -0.755103 0.624226 -0.200405 0.520270 0.582770 2 89 0.550000 7 0.450000
skt
  89 -7.400715 9.417251 34.776642 -0.739354 0.452157 -0.498909 0.519589 0.581289 2 89 0.550000 7 0.450000
  89 -7.644000 9.278709 34.994202 -0.721830 0.441039 -0.533334 0.536420 0.577949 2 89 0.550000 7 0.450000
  89 -7.413210 9.442242 34.817802 -0.755103 0.624226 -0.200405 0.520270 0.582770 2 89 0.550000 7 0.450000
skt
  89 -6.919291 9.897211 34.590324 0.081723 0.893555 0.441453 0.493410 0.597540 2 89 0.550000 7 0.450000
  89 -6.834030 9.811951 34.665661 0.270904 0.769348 0.578546 0.495740 0.602540 2 89 0.550000 7 0.450000
  89 -6.578985 9.881775 34.379745 0.542670 0.787609 0.291859 0.481810 0.607180 2 89 0.550000 7 0.450000
skt
  89 -6.834030 9.811951 34.665661 0.270904 0.769348 0.578546 0.495740 0.602540 2 89 0.550000 7 0.450000
  89 -6.919291 9.897211 34.590324 0.081723 0.893555 0.441453 0.493410 0.597540 2 89 0.550000 7 0.450000
  89 -7.104142 9.677444 34.898285 -0.095293 0.624042 0.775559 0.509820 0.597420 2 89 0.550000 7 0.450000
skt
  89 -6.628599 9.595493 34.852715 0.272028 0.779555 0.564175 0.501820 0.615760 2 89 0.550000 7 0.450000
  89 -6.834030 9.811951 34.665661 0.270904 0.769348 0.578546 0.495740 0.602540 2 89 0.550000 7 0.450000
  89 -7.104142 9.677444 34.898285 -0.095293 0.624042 0.775559 0.509820 0.597420 2 89 0.550000 7 0.450000
skt
  89 -6.894301 9.499575 35.058140 -0.019665 0.708093 0.705845 0.515470 0.609480 2 89 0.550000 7 0.450000
  89 -6.628599 9.595493 34.852715 0.272028 0.779555 0.564175 0.501820 0.615760 2 89 0.550000 7 0.450000
  89 -7.104142 9.677444 34.898285 -0.095293 0.624042 0.775559 0.509820 0.597420 2 89 0.550000 7 0.450000
skt
  89 -6.834030 9.811951 34.665661 0.270904 0.769348 0.578546 0.495740 0.602540 2 89 0.550000 7 0.450000
  89 -6.628599 9.595493 34.852715 0.272028 0.779555 0.564175 0.501820 0.615760 2 89 0.550000 7 0.450000
  89 -6.578985 9.881775 34.379745 0.542670 0.787609 0.291859 0.481810 0.607180 2 89 0.550000 7 0.450000
skt
  89 -6.628599 9.595493 34.852715 0.272028 0.779555 0.564175 0.501820 0.615760 2 89 0.550000 7 0.450000
  89 -6.393765 9.663483 34.596939 0.512443 0.783010 0.352559 0.487600 0.619740 2 89 0.550000 7 0.450000
  89 -6.578985 9.881775 34.379745 0.542670 0.787609 0.291859 0.481810 0.607180 2 89 0.550000 7 0.450000
skt
  89 -8.466832 9.222115 36.039742 -0.747965 0.589507 -0.305009 0.597980 0.578399 2 89 0.550000 7 0.450000
  89 -8.565323 9.062988 36.050034 -0.770996 0.482211 -0.415978 0.605350 0.575829 2 89 0.550000 7 0.450000
  89 -8.471242 9.240856 36.086777 -0.643128 0.757098 0.114843 0.598690 0.579800 2 89 0.550000 7 0.450000
skt
  89 -8.223547 9.360658 35.822548 -0.606769 0.733990 -0.305106 0.583770 0.579029 2 89 0.550000 7 0.450000
  89 -8.466832 9.222115 36.039742 -0.747965 0.589507 -0.305009 0.597980 0.578399 2 89 0.550000 7 0.450000
  89 -8.471242 9.240856 36.086777 -0.643128 0.757098 0.114843 0.598690 0.579800 2 89 0.550000 7 0.450000
skt
  89 -8.205908 9.386381 35.850113 -0.373453 0.927648 0.001678 0.583850 0.580450 2 89 0.550000 7 0.450000
  89 -8.223547 9.360658 35.822548 -0.606769 0.733990 -0.305106 0.583770 0.579029 2 89 0.550000 7 0.450000
  89 -8.471242 9.240856 36.086777 -0.643128 0.757098 0.114843 0.598690 0.579800 2 89 0.550000 7 0.450000
skt
  89 -8.182755 9.382713 35.871796 0.076231 0.897778 0.433800 0.583910 0.581770 2 89 0.550000 7 0.450000
  89 -8.205908 9.386381 35.850113 -0.373453 0.927648 0.001678 0.583850 0.580450 2 89 0.550000 7 0.450000
  89 -8.471242 9.240856 36.086777 -0.643128 0.757098 0.114843 0.598690 0.579800 2 89 0.550000 7 0.450000
skt
  89 -8.205908 9.386381 35.850113 -0.373453 0.927648 0.001678 0.583850 0.580450 2 89 0.550000 7 0.450000
  89 -8.182755 9.382713 35.871796 0.076231 0.897778 0.433800 0.583910 0.581770 2 89 0.550000 7 0.450000
  89 -7.956742 9.449227 35.564934 -0.224092 0.926614 -0.301942 0.569000 0.581090 2 89 0.550000 7 0.450000
skt
  89 -8.455072 9.235342 36.115082 -0.298030 0.699087 0.649966 0.599000 0.581040 2 89 0.550000 7 0.450000
  89 -8.182755 9.382713 35.871796 0.076231 0.897778 0.433800 0.583910 0.581770 2 89 0.550000 7 0.450000
  89 -8.471242 9.240856 36.086777 -0.643128 0.757098 0.114843 0.598690 0.579800 2 89 0.550000 7 0.450000
skt
  89 -8.663813 8.904226 36.060326 -0.737212 0.447229 -0.506462 0.613659 0.572689 2 89 0.550000 7 0.450000
  89 -8.907465 8.765680 36.277512 -0.721431 0.444744 -0.530792 0.630940 0.573769 2 89 0.550000 7 0.450000
  89 -8.676676 8.929218 36.101112 -0.755141 0.623291 -0.203150 0.614090 0.574480 2 89 0.550000 7 0.450000
skt
  89 -8.565323 9.062988 36.050034 -0.770996 0.482211 -0.415978 0.605350 0.575829 2 89 0.550000 7 0.450000
  89 -8.663813 8.904226 36.060326 -0.737212 0.447229 -0.506462 0.613659 0.572689 2 89 0.550000 7 0.450000
  89 -8.676676 8.929218 36.101112 -0.755141 0.623291 -0.203150 0.614090 0.574480 2 89 0.550000 7 0.450000
skt
  89 -8.580759 9.082462 36.100746 -0.835876 0.548868 -0.007402 0.605960 0.577570 2 89 0.550000 7 0.450000
  89 -8.565323 9.062988 36.050034 -0.770996 0.482211 -0.415978 0.605350 0.575829 2 89 0.550000 7 0.450000
  89 -8.676676 8.929218 36.101112 -0.755141 0.623291 -0.203150 0.614090 0.574480 2 89 0.550000 7 0.450000
skt
  89 -8.565323 9.062988 36.050034 -0.770996 0.482211 -0.415978 0.605350 0.575829 2 89 0.550000 7 0.450000
  89 -8.580759 9.082462 36.100746 -0.835876 0.548868 -0.007402 0.605960 0.577570 2 89 0.550000 7 0.450000
  89 -8.471242 9.240856 36.086777 -0.643128 0.757098 0.114843 0.598690 0.579800 2 89 0.550000 7 0.450000
skt
  89 -8.580759 9.082462 36.100746 -0.835876 0.548868 -0.007402 0.605960 0.577570 2 89 0.550000 7 0.450000
  89 -8.567896 9.078422 36.131256 -0.611663 0.462084 0.642143 0.606310 0.578980 2 89 0.550000 7 0.450000
  89 -8.471242 9.240856 36.086777 -0.643128 0.757098 0.114843 0.598690 0.579800 2 89 0.550000 7 0.450000
skt
  89 -8.567896 9.078422 36.131256 -0.611663 0.462084 0.642143 0.606310 0.578980 2 89 0.550000 7 0.450000
  89 -8.455072 9.235342 36.115082 -0.298030 0.699087 0.649966 0.599000 0.581040 2 89 0.550000 7 0.450000
  89 -8.471242 9.240856 36.086777 -0.643128 0.757098 0.114843 0.598690 0.579800 2 89 0.550000 7 0.450000
skt
  89 -8.455072 9.235342 36.115082 -0.298030 0.699087 0.649966 0.599000 0.581040 2 89 0.550000 7 0.450000
  89 -8.567896 9.078422 36.131256 -0.611663 0.462084 0.642143 0.606310 0.578980 2 89 0.550000 7 0.450000
  89 -8.362831 9.166252 36.176819 -0.078036 0.620013 0.780701 0.599930 0.586020 2 89 0.550000 7 0.450000
skt
  89 -8.182755 9.382713 35.871796 0.076231 0.897778 0.433800 0.583910 0.581770 2 89 0.550000 7 0.450000
  89 -8.455072 9.235342 36.115082 -0.298030 0.699087 0.649966 0.599000 0.581040 2 89 0.550000 7 0.450000
  89 -8.362831 9.166252 36.176819 -0.078036 0.620013 0.780701 0.599930 0.586020 2 89 0.550000 7 0.450000
skt
  89 -8.086470 9.303699 35.936844 0.263820 0.777457 0.570928 0.584200 0.587360 2 89 0.550000 7 0.450000
  89 -8.182755 9.382713 35.871796 0.076231 0.897778 0.433800 0.583910 0.581770 2 89 0.550000 7 0.450000
  89 -8.362831 9.166252 36.176819 -0.078036 0.620013 0.780701 0.599930 0.586020 2 89 0.550000 7 0.450000
skt
  89 -8.662710 8.928852 36.129410 -0.485979 0.727837 0.483816 0.614340 0.576040 2 89 0.550000 7 0.450000
  89 -8.567896 9.078422 36.131256 -0.611663 0.462084 0.642143 0.606310 0.578980 2 89 0.550000 7 0.450000
  89 -8.676676 8.929218 36.101112 -0.755141 0.623291 -0.203150 0.614090 0.574480 2 89 0.550000 7 0.450000
skt
  89 -8.567896 9.078422 36.131256 -0.611663 0.462084 0.642143 0.606310 0.578980 2 89 0.550000 7 0.450000
  89 -8.580759 9.082462 36.100746 -0.835876 0.548868 -0.007402 0.605960 0.577570 2 89 0.550000 7 0.450000
  89 -8.676676 8.929218 36.101112 -0.755141 0.623291 -0.203150 0.614090 0.574480 2 89 0.550000 7 0.450000
skt
  89 -9.137888 8.711658 36.541382 -0.687967 0.482625 -0.542010 0.648330 0.575409 2 89 0.550000 7 0.450000
  89 -9.197054 8.806473 36.691689 -0.618705 0.551044 -0.559960 0.655640 0.579799 2 89 0.550000 7 0.450000
  89 -9.109591 8.752819 36.542114 -0.476231 0.742785 -0.470610 0.647330 0.577310 2 89 0.550000 7 0.450000
skt
  89 -8.907465 8.765680 36.277512 -0.721431 0.444744 -0.530792 0.630940 0.573769 2 89 0.550000 7 0.450000
  89 -9.137888 8.711658 36.541382 -0.687967 0.482625 -0.542010 0.648330 0.575409 2 89 0.550000 7 0.450000
  89 -9.109591 8.752819 36.542114 -0.476231 0.742785 -0.470610 0.647330 0.577310 2 89 0.550000 7 0.450000
skt
  89 -8.901218 8.799858 36.297356 -0.581061 0.770598 -0.261815 0.630780 0.575150 2 89 0.550000 7 0.450000
  89 -8.907465 8.765680 36.277512 -0.721431 0.444744 -0.530792 0.630940 0.573769 2 89 0.550000 7 0.450000
  89 -9.109591 8.752819 36.542114 -0.476231 0.742785 -0.470610 0.647330 0.577310 2 89 0.550000 7 0.450000
skt
  89 -8.907465 8.765680 36.277512 -0.721431 0.444744 -0.530792 0.630940 0.573769 2 89 0.550000 7 0.450000
  89 -8.901218 8.799858 36.297356 -0.581061 0.770598 -0.261815 0.630780 0.575150 2 89 0.550000 7 0.450000
  89 -8.676676 8.929218 36.101112 -0.755141 0.623291 -0.203150 0.614090 0.574480 2 89 0.550000 7 0.450000
skt
  89 -8.901218 8.799858 36.297356 -0.581061 0.770598 -0.261815 0.630780 0.575150 2 89 0.550000 7 0.450000
  89 -8.881004 8.802795 36.318672 -0.143494 0.959545 0.242245 0.630670 0.576600 2 89 0.550000 7 0.450000
  89 -8.676676 8.929218 36.101112 -0.755141 0.623291 -0.203150 0.614090 0.574480 2 89 0.550000 7 0.450000
skt
  89 -8.881004 8.802795 36.318672 -0.143494 0.959545 0.242245 0.630670 0.576600 2 89 0.550000 7 0.450000
  89 -8.662710 8.928852 36.129410 -0.485979 0.727837 0.483816 0.614340 0.576040 2 89 0.550000 7 0.450000
  89 -8.676676 8.929218 36.101112 -0.755141 0.623291 -0.203150 0.614090 0.574480 2 89 0.550000 7 0.450000
skt
  89 -8.662710 8.928852 36.129410 -0.485979 0.727837 0.483816 0.614340 0.576040 2 89 0.550000 7 0.450000
  89 -8.881004 8.802795 36.318672 -0.143494 0.959545 0.242245 0.630670 0.576600 2 89 0.550000 7 0.450000
  89 -8.563484 8.893568 36.210625 -0.294782 0.676488 0.674883 0.614580 0.582870 2 89 0.550000 7 0.450000
skt
  89 -8.567896 9.078422 36.131256 -0.611663 0.462084 0.642143 0.606310 0.578980 2 89 0.550000 7 0.450000
  89 -8.662710 8.928852 36.129410 -0.485979 0.727837 0.483816 0.614340 0.576040 2 89 0.550000 7 0.450000
  89 -8.563484 8.893568 36.210625 -0.294782 0.676488 0.674883 0.614580 0.582870 2 89 0.550000 7 0.450000
skt
  89 -8.492557 9.037627 36.187111 -0.399011 0.392729 0.828586 0.607080 0.583330 2 89 0.550000 7 0.450000
  89 -8.567896 9.078422 36.131256 -0.611663 0.462084 0.642143 0.606310 0.578980 2 89 0.550000 7 0.450000
  89 -8.563484 8.893568 36.210625 -0.294782 0.676488 0.674883 0.614580 0.582870 2 89 0.550000 7 0.450000
skt
  89 -8.567896 9.078422 36.131256 -0.611663 0.462084 0.642143 0.606310 0.578980 2 89 0.550000 7 0.450000
  89 -8.492557 9.037627 36.187111 -0.399011 0.392729 0.828586 0.607080 0.583330 2 89 0.550000 7 0.450000
  89 -8.362831 9.166252 36.176819 -0.078036 0.620013 0.780701 0.599930 0.586020 2 89 0.550000 7 0.450000
skt
  89 -8.492557 9.037627 36.187111 -0.399011 0.392729 0.828586 0.607080 0.583330 2 89 0.550000 7 0.450000
  89 -8.319834 8.945752 36.313164 -0.306210 0.514803 0.800758 0.607980 0.593710 2 89 0.550000 7 0.450000
  89 -8.362831 9.166252 36.176819 -0.078036 0.620013 0.780701 0.599930 0.586020 2 89 0.550000 7 0.450000
skt
  89 -8.319834 8.945752 36.313164 -0.306210 0.514803 0.800758 0.607980 0.593710 2 89 0.550000 7 0.450000
  89 -8.492557 9.037627 36.187111 -0.399011 0.392729 0.828586 0.607080 0.583330 2 89 0.550000 7 0.450000
  89 -8.563484 8.893568 36.210625 -0.294782 0.676488 0.674883 0.614580 0.582870 2 89 0.550000 7 0.450000
skt
  89 -8.320200 8.813454 36.409813 -0.170345 0.766907 0.618738 0.613870 0.598350 2 89 0.550000 7 0.450000
  89 -8.319834 8.945752 36.313164 -0.306210 0.514803 0.800758 0.607980 0.593710 2 89 0.550000 7 0.450000
  89 -8.563484 8.893568 36.210625 -0.294782 0.676488 0.674883 0.614580 0.582870 2 89 0.550000 7 0.450000
skt
  89 -9.082396 8.757963 36.556816 0.135226 0.979533 -0.149094 0.646830 0.578810 2 89 0.550000 7 0.450000
  89 -8.881004 8.802795 36.318672 -0.143494 0.959545 0.242245 0.630670 0.576600 2 89 0.550000 7 0.450000
  89 -9.109591 8.752819 36.542114 -0.476231 0.742785 -0.470610 0.647330 0.577310 2 89 0.550000 7 0.450000
skt
  89 -8.881004 8.802795 36.318672 -0.143494 0.959545 0.242245 0.630670 0.576600 2 89 0.550000 7 0.450000
  89 -8.901218 8.799858 36.297356 -0.581061 0.770598 -0.261815 0.630780 0.575150 2 89 0.550000 7 0.450000
  89 -9.109591 8.752819 36.542114 -0.476231 0.742785 -0.470610 0.647330 0.577310 2 89 0.550000 7 0.450000
skt
  89 -9.127230 8.850573 36.700874 0.365460 0.860912 -0.353935 0.654180 0.583070 2 89 0.550000 7 0.450000
  89 -9.082396 8.757963 36.556816 0.135226 0.979533 -0.149094 0.646830 0.578810 2 89 0.550000 7 0.450000
  89 -9.109591 8.752819 36.542114 -0.476231 0.742785 -0.470610 0.647330 0.577310 2 89 0.550000 7 0.450000
skt
  89 -9.082396 8.757963 36.556816 0.135226 0.979533 -0.149094 0.646830 0.578810 2 89 0.550000 7 0.450000
  89 -9.127230 8.850573 36.700874 0.365460 0.860912 -0.353935 0.654180 0.583070 2 89 0.550000 7 0.450000
  89 -8.984273 8.721947 36.639130 0.342572 0.939303 0.018816 0.645380 0.585440 2 89 0.550000 7 0.450000
skt
  89 -8.881004 8.802795 36.318672 -0.143494 0.959545 0.242245 0.630670 0.576600 2 89 0.550000 7 0.450000
  89 -9.082396 8.757963 36.556816 0.135226 0.979533 -0.149094 0.646830 0.578810 2 89 0.550000 7 0.450000
  89 -8.984273 8.721947 36.639130 0.342572 0.939303 0.018816 0.645380 0.585440 2 89 0.550000 7 0.450000
skt
  89 -8.774063 8.769354 36.408714 -0.019416 0.934482 0.355481 0.630030 0.583730 2 89 0.550000 7 0.450000
  89 -8.881004 8.802795 36.318672 -0.143494 0.959545 0.242245 0.630670 0.576600 2 89 0.550000 7 0.450000
  89 -8.984273 8.721947 36.639130 0.342572 0.939303 0.018816 0.645380 0.585440 2 89 0.550000 7 0.450000
skt
  89 -8.881004 8.802795 36.318672 -0.143494 0.959545 0.242245 0.630670 0.576600 2 89 0.550000 7 0.450000
  89 -8.774063 8.769354 36.408714 -0.019416 0.934482 0.355481 0.630030 0.583730 2 89 0.550000 7 0.450000
  89 -8.563484 8.893568 36.210625 -0.294782 0.676488 0.674883 0.614580 0.582870 2 89 0.550000 7 0.450000
skt
  89 -8.774063 8.769354 36.408714 -0.019416 0.934482 0.355481 0.630030 0.583730 2 89 0.550000 7 0.450000
  89 -8.509096 8.692545 36.634361 -0.002548 0.929058 0.369925 0.628510 0.600510 2 89 0.550000 7 0.450000
  89 -8.563484 8.893568 36.210625 -0.294782 0.676488 0.674883 0.614580 0.582870 2 89 0.550000 7 0.450000
skt
  89 -8.509096 8.692545 36.634361 -0.002548 0.929058 0.369925 0.628510 0.600510 2 89 0.550000 7 0.450000
  89 -8.320200 8.813454 36.409813 -0.170345 0.766907 0.618738 0.613870 0.598350 2 89 0.550000 7 0.450000
  89 -8.563484 8.893568 36.210625 -0.294782 0.676488 0.674883 0.614580 0.582870 2 89 0.550000 7 0.450000
skt
  89 -8.320200 8.813454 36.409813 -0.170345 0.766907 0.618738 0.613870 0.598350 2 89 0.550000 7 0.450000
  89 -8.509096 8.692545 36.634361 -0.002548 0.929058 0.369925 0.628510 0.600510 2 89 0.550000 7 0.450000
  89 -7.866337 8.714966 36.624435 0.047333 0.831960 0.552813 0.607360 0.618138 2 89 0.550000 7 0.450000
skt
  89 -8.319834 8.945752 36.313164 -0.306210 0.514803 0.800758 0.607980 0.593710 2 89 0.550000 7 0.450000
  89 -8.320200 8.813454 36.409813 -0.170345 0.766907 0.618738 0.613870 0.598350 2 89 0.550000 7 0.450000
  89 -7.866337 8.714966 36.624435 0.047333 0.831960 0.552813 0.607360 0.618138 2 89 0.550000 7 0.450000
skt
  89 -8.139021 8.995369 36.322716 0.000686 0.704860 0.709346 0.601570 0.599250 2 89 0.550000 7 0.450000
  89 -8.319834 8.945752 36.313164 -0.306210 0.514803 0.800758 0.607980 0.593710 2 89 0.550000 7 0.450000
  89 -7.866337 8.714966 36.624435 0.047333 0.831960 0.552813 0.607360 0.618138 2 89 0.550000 7 0.450000
skt
  89 -8.319834 8.945752 36.313164 -0.306210 0.514803 0.800758 0.607980 0.593710 2 89 0.550000 7 0.450000
  89 -8.139021 8.995369 36.322716 0.000686 0.704860 0.709346 0.601570 0.599250 2 89 0.550000 7 0.450000
  89 -8.362831 9.166252 36.176819 -0.078036 0.620013 0.780701 0.599930 0.586020 2 89 0.550000 7 0.450000
skt
  89 -8.139021 8.995369 36.322716 0.000686 0.704860 0.709346 0.601570 0.599250 2 89 0.550000 7 0.450000
  89 -7.850904 9.104511 36.094498 0.250114 0.788377 0.562054 0.584980 0.602070 2 89 0.550000 7 0.450000
  89 -8.362831 9.166252 36.176819 -0.078036 0.620013 0.780701 0.599930 0.586020 2 89 0.550000 7 0.450000
skt
  89 -7.850904 9.104511 36.094498 0.250114 0.788377 0.562054 0.584980 0.602070 2 89 0.550000 7 0.450000
  89 -8.086470 9.303699 35.936844 0.263820 0.777457 0.570928 0.584200 0.587360 2 89 0.550000 7 0.450000
  89 -8.362831 9.166252 36.176819 -0.078036 0.620013 0.780701 0.599930 0.586020 2 89 0.550000 7 0.450000
skt
  89 -8.086470 9.303699 35.936844 0.263820 0.777457 0.570928 0.584200 0.587360 2 89 0.550000 7 0.450000
  89 -7.850904 9.104511 36.094498 0.250114 0.788377 0.562054 0.584980 0.602070 2 89 0.550000 7 0.450000
  89 -7.838040 9.379036 35.644676 0.491347 0.844582 0.212744 0.568410 0.587400 2 89 0.550000 7 0.450000
skt
  89 -8.182755 9.382713 35.871796 0.076231 0.897778 0.433800 0.583910 0.581770 2 89 0.550000 7 0.450000
  89 -8.086470 9.303699 35.936844 0.263820 0.777457 0.570928 0.584200 0.587360 2 89 0.550000 7 0.450000
  89 -7.838040 9.379036 35.644676 0.491347 0.844582 0.212744 0.568410 0.587400 2 89 0.550000 7 0.450000
skt
  89 -7.926975 9.449228 35.579994 0.320269 0.946901 0.028400 0.568820 0.582360 2 89 0.550000 7 0.450000
  89 -8.182755 9.382713 35.871796 0.076231 0.897778 0.433800 0.583910 0.581770 2 89 0.550000 7 0.450000
  89 -7.838040 9.379036 35.644676 0.491347 0.844582 0.212744 0.568410 0.587400 2 89 0.550000 7 0.450000
skt
  89 -8.182755 9.382713 35.871796 0.076231 0.897778 0.433800 0.583910 0.581770 2 89 0.550000 7 0.450000
  89 -7.926975 9.449228 35.579994 0.320269 0.946901 0.028400 0.568820 0.582360 2 89 0.550000 7 0.450000
  89 -7.956742 9.449227 35.564934 -0.224092 0.926614 -0.301942 0.569000 0.581090 2 89 0.550000 7 0.450000
skt
  89 -7.926975 9.449228 35.579994 0.320269 0.946901 0.028400 0.568820 0.582360 2 89 0.550000 7 0.450000
  89 -7.863765 9.363602 35.417557 0.376817 0.858136 -0.348729 0.561350 0.580980 2 89 0.550000 7 0.450000
  89 -7.956742 9.449227 35.564934 -0.224092 0.926614 -0.301942 0.569000 0.581090 2 89 0.550000 7 0.450000
skt
  89 -9.127230 8.850573 36.700874 0.365460 0.860912 -0.353935 0.654180 0.583070 2 89 0.550000 7 0.450000
  89 -9.158100 8.847260 36.688385 -0.275292 0.777243 -0.565780 0.654770 0.581740 2 89 0.550000 7 0.450000
  89 -9.220575 8.935832 36.848610 -0.221140 0.929240 -0.295989 0.661480 0.585180 2 89 0.550000 7 0.450000
skt
  89 -9.190807 8.935465 36.863312 0.310367 0.950095 0.031481 0.660970 0.586330 2 89 0.550000 7 0.450000
  89 -9.127230 8.850573 36.700874 0.365460 0.860912 -0.353935 0.654180 0.583070 2 89 0.550000 7 0.450000
  89 -9.220575 8.935832 36.848610 -0.221140 0.929240 -0.295989 0.661480 0.585180 2 89 0.550000 7 0.450000
skt
  89 -9.471209 8.872252 37.134529 -0.359764 0.932865 0.018254 0.675640 0.588520 2 89 0.550000 7 0.450000
  89 -9.448057 8.867479 37.155838 0.087973 0.887129 0.453059 0.675320 0.589720 2 89 0.550000 7 0.450000
  89 -9.220575 8.935832 36.848610 -0.221140 0.929240 -0.295989 0.661480 0.585180 2 89 0.550000 7 0.450000
skt
  89 -9.448057 8.867479 37.155838 0.087973 0.887129 0.453059 0.675320 0.589720 2 89 0.550000 7 0.450000
  89 -9.190807 8.935465 36.863312 0.310367 0.950095 0.031481 0.660970 0.586330 2 89 0.550000 7 0.450000
  89 -9.220575 8.935832 36.848610 -0.221140 0.929240 -0.295989 0.661480 0.585180 2 89 0.550000 7 0.450000
skt
  89 -9.190807 8.935465 36.863312 0.310367 0.950095 0.031481 0.660970 0.586330 2 89 0.550000 7 0.450000
  89 -9.448057 8.867479 37.155838 0.087973 0.887129 0.453059 0.675320 0.589720 2 89 0.550000 7 0.450000
  89 -9.097094 8.867106 36.923210 0.478853 0.854273 0.202281 0.659070 0.590940 2 89 0.550000 7 0.450000
skt
  89 -9.127230 8.850573 36.700874 0.365460 0.860912 -0.353935 0.654180 0.583070 2 89 0.550000 7 0.450000
  89 -9.190807 8.935465 36.863312 0.310367 0.950095 0.031481 0.660970 0.586330 2 89 0.550000 7 0.450000
  89 -9.097094 8.867106 36.923210 0.478853 0.854273 0.202281 0.659070 0.590940 2 89 0.550000 7 0.450000
skt
  89 -9.052994 8.809043 36.757835 0.579516 0.795069 -0.178958 0.652660 0.587170 2 89 0.550000 7 0.450000
  89 -9.127230 8.850573 36.700874 0.365460 0.860912 -0.353935 0.654180 0.583070 2 89 0.550000 7 0.450000
  89 -9.097094 8.867106 36.923210 0.478853 0.854273 0.202281 0.659070 0.590940 2 89 0.550000 7 0.450000
skt
  89 -9.127230 8.850573 36.700874 0.365460 0.860912 -0.353935 0.654180 0.583070 2 89 0.550000 7 0.450000
  89 -9.052994 8.809043 36.757835 0.579516 0.795069 -0.178958 0.652660 0.587170 2 89 0.550000 7 0.450000
  89 -8.984273 8.721947 36.639130 0.342572 0.939303 0.018816 0.645380 0.585440 2 89 0.550000 7 0.450000
skt
  89 -9.052994 8.809043 36.757835 0.579516 0.795069 -0.178958 0.652660 0.587170 2 89 0.550000 7 0.450000
  89 -8.883945 8.715698 36.887558 0.512605 0.856504 -0.060310 0.649910 0.597130 2 89 0.550000 7 0.450000
  89 -8.984273 8.721947 36.639130 0.342572 0.939303 0.018816 0.645380 0.585440 2 89 0.550000 7 0.450000
skt
  89 -8.883945 8.715698 36.887558 0.512605 0.856504 -0.060310 0.649910 0.597130 2 89 0.550000 7 0.450000
  89 -9.052994 8.809043 36.757835 0.579516 0.795069 -0.178958 0.652660 0.587170 2 89 0.550000 7 0.450000
  89 -9.097094 8.867106 36.923210 0.478853 0.854273 0.202281 0.659070 0.590940 2 89 0.550000 7 0.450000
skt
  89 -8.868876 8.696958 37.064697 0.390511 0.871180 0.297566 0.654790 0.603460 2 89 0.550000 7 0.450000
  89 -8.883945 8.715698 36.887558 0.512605 0.856504 -0.060310 0.649910 0.597130 2 89 0.550000 7 0.450000
  89 -9.097094 8.867106 36.923210 0.478853 0.854273 0.202281 0.659070 0.590940 2 89 0.550000 7 0.450000
skt
  89 -8.509096 8.692545 36.634361 -0.002548 0.929058 0.369925 0.628510 0.600510 2 89 0.550000 7 0.450000
  89 -8.774063 8.769354 36.408714 -0.019416 0.934482 0.355481 0.630030 0.583730 2 89 0.550000 7 0.450000
  89 -8.984273 8.721947 36.639130 0.342572 0.939303 0.018816 0.645380 0.585440 2 89 0.550000 7 0.450000
skt
  89 -8.744295 8.640728 36.841988 0.268803 0.950350 0.156777 0.643330 0.600720 2 89 0.550000 7 0.450000
  89 -8.509096 8.692545 36.634361 -0.002548 0.929058 0.369925 0.628510 0.600510 2 89 0.550000 7 0.450000
  89 -8.984273 8.721947 36.639130 0.342572 0.939303 0.018816 0.645380 0.585440 2 89 0.550000 7 0.450000
skt
  89 -8.883945 8.715698 36.887558 0.512605 0.856504 -0.060310 0.649910 0.597130 2 89 0.550000 7 0.450000
  89 -8.744295 8.640728 36.841988 0.268803 0.950350 0.156777 0.643330 0.600720 2 89 0.550000 7 0.450000
  89 -8.984273 8.721947 36.639130 0.342572 0.939303 0.018816 0.645380 0.585440 2 89 0.550000 7 0.450000
skt
  89 -8.744295 8.640728 36.841988 0.268803 0.950350 0.156777 0.643330 0.600720 2 89 0.550000 7 0.450000
  89 -8.883945 8.715698 36.887558 0.512605 0.856504 -0.060310 0.649910 0.597130 2 89 0.550000 7 0.450000
  89 -8.447721 8.475721 37.215378 0.197814 0.897476 0.394216 0.645010 0.621018 2 89 0.550000 7 0.450000
skt
  89 -8.883945 8.715698 36.887558 0.512605 0.856504 -0.060310 0.649910 0.597130 2 89 0.550000 7 0.450000
  89 -8.868876 8.696958 37.064697 0.390511 0.871180 0.297566 0.654790 0.603460 2 89 0.550000 7 0.450000
  89 -8.447721 8.475721 37.215378 0.197814 0.897476 0.394216 0.645010 0.621018 2 89 0.550000 7 0.450000
skt
  89 -8.868876 8.696958 37.064697 0.390511 0.871180 0.297566 0.654790 0.603460 2 89 0.550000 7 0.450000
  89 -9.073208 8.601406 37.334450 0.251091 0.774162 0.581057 0.668930 0.608470 2 89 0.550000 7 0.450000
  89 -8.447721 8.475721 37.215378 0.197814 0.897476 0.394216 0.645010 0.621018 2 89 0.550000 7 0.450000
skt
  89 -9.073208 8.601406 37.334450 0.251091 0.774162 0.581057 0.668930 0.608470 2 89 0.550000 7 0.450000
  89 -8.868876 8.696958 37.064697 0.390511 0.871180 0.297566 0.654790 0.603460 2 89 0.550000 7 0.450000
  89 -9.097094 8.867106 36.923210 0.478853 0.854273 0.202281 0.659070 0.590940 2 89 0.550000 7 0.450000
skt
  89 -9.341116 8.791772 37.209488 0.265290 0.769947 0.580347 0.673510 0.594840 2 89 0.550000 7 0.450000
  89 -9.073208 8.601406 37.334450 0.251091 0.774162 0.581057 0.668930 0.608470 2 89 0.550000 7 0.450000
  89 -9.097094 8.867106 36.923210 0.478853 0.854273 0.202281 0.659070 0.590940 2 89 0.550000 7 0.450000
skt
  89 -9.448057 8.867479 37.155838 0.087973 0.887129 0.453059 0.675320 0.589720 2 89 0.550000 7 0.450000
  89 -9.341116 8.791772 37.209488 0.265290 0.769947 0.580347 0.673510 0.594840 2 89 0.550000 7 0.450000
  89 -9.097094 8.867106 36.923210 0.478853 0.854273 0.202281 0.659070 0.590940 2 89 0.550000 7 0.450000
skt
  89 -9.341116 8.791772 37.209488 0.265290 0.769947 0.580347 0.673510 0.594840 2 89 0.550000 7 0.450000
  89 -9.448057 8.867479 37.155838 0.087973 0.887129 0.453059 0.675320 0.589720 2 89 0.550000 7 0.450000
  89 -9.604244 8.649550 37.445061 -0.037157 0.536282 0.843220 0.687010 0.598130 2 89 0.550000 7 0.450000
skt
  89 -9.073208 8.601406 37.334450 0.251091 0.774162 0.581057 0.668930 0.608470 2 89 0.550000 7 0.450000
  89 -9.341116 8.791772 37.209488 0.265290 0.769947 0.580347 0.673510 0.594840 2 89 0.550000 7 0.450000
  89 -9.604244 8.649550 37.445061 -0.037157 0.536282 0.843220 0.687010 0.598130 2 89 0.550000 7 0.450000
skt
  89 -9.311346 8.477926 37.554947 0.039017 0.582530 0.811872 0.683070 0.610900 2 89 0.550000 7 0.450000
  89 -9.073208 8.601406 37.334450 0.251091 0.774162 0.581057 0.668930 0.608470 2 89 0.550000 7 0.450000
  89 -9.604244 8.649550 37.445061 -0.037157 0.536282 0.843220 0.687010 0.598130 2 89 0.550000 7 0.450000
skt
  89 -9.073208 8.601406 37.334450 0.251091 0.774162 0.581057 0.668930 0.608470 2 89 0.550000 7 0.450000
  89 -9.311346 8.477926 37.554947 0.039017 0.582530 0.811872 0.683070 0.610900 2 89 0.550000 7 0.450000
  89 -8.929514 8.255219 37.695328 0.121924 0.711570 0.691955 0.676770 0.627118 2 89 0.550000 7 0.450000
skt
  89 -9.311346 8.477926 37.554947 0.039017 0.582530 0.811872 0.683070 0.610900 2 89 0.550000 7 0.450000
  89 -9.398811 8.374290 37.584709 -0.375262 -0.115491 0.919696 0.688650 0.612110 2 89 0.550000 7 0.450000
  89 -8.929514 8.255219 37.695328 0.121924 0.711570 0.691955 0.676770 0.627118 2 89 0.550000 7 0.450000
skt
  89 -9.398811 8.374290 37.584709 -0.375262 -0.115491 0.919696 0.688650 0.612110 2 89 0.550000 7 0.450000
  89 -8.997501 8.203770 37.748245 -0.374278 0.008449 0.927278 0.681040 0.627888 2 89 0.550000 7 0.450000
  89 -8.929514 8.255219 37.695328 0.121924 0.711570 0.691955 0.676770 0.627118 2 89 0.550000 7 0.450000
skt
  89 -8.997501 8.203770 37.748245 -0.374278 0.008449 0.927278 0.681040 0.627888 2 89 0.550000 7 0.450000
  89 -9.398811 8.374290 37.584709 -0.375262 -0.115491 0.919696 0.688650 0.612110 2 89 0.550000 7 0.450000
  89 -8.991623 8.185763 37.726936 -0.364270 -0.917109 0.161920 0.682090 0.628518 2 89 0.550000 7 0.450000
skt
  89 -9.706409 8.506588 37.457558 -0.447737 -0.145288 0.882283 0.692910 0.599070 2 89 0.550000 7 0.450000
  89 -9.398811 8.374290 37.584709 -0.375262 -0.115491 0.919696 0.688650 0.612110 2 89 0.550000 7 0.450000
  89 -9.604244 8.649550 37.445061 -0.037157 0.536282 0.843220 0.687010 0.598130 2 89 0.550000 7 0.450000
skt
  89 -9.398811 8.374290 37.584709 -0.375262 -0.115491 0.919696 0.688650 0.612110 2 89 0.550000 7 0.450000
  89 -9.311346 8.477926 37.554947 0.039017 0.582530 0.811872 0.683070 0.610900 2 89 0.550000 7 0.450000
  89 -9.604244 8.649550 37.445061 -0.037157 0.536282 0.843220 0.687010 0.598130 2 89 0.550000 7 0.450000
skt
  89 -8.724815 8.354078 37.494301 0.256759 0.753148 0.605676 0.663250 0.624848 2 89 0.550000 7 0.450000
  89 -9.073208 8.601406 37.334450 0.251091 0.774162 0.581057 0.668930 0.608470 2 89 0.550000 7 0.450000
  89 -8.929514 8.255219 37.695328 0.121924 0.711570 0.691955 0.676770 0.627118 2 89 0.550000 7 0.450000
skt
  89 -9.073208 8.601406 37.334450 0.251091 0.774162 0.581057 0.668930 0.608470 2 89 0.550000 7 0.450000
  89 -8.724815 8.354078 37.494301 0.256759 0.753148 0.605676 0.663250 0.624848 2 89 0.550000 7 0.450000
  89 -8.447721 8.475721 37.215378 0.197814 0.897476 0.394216 0.645010 0.621018 2 89 0.550000 7 0.450000
skt
  89 -9.372719 8.299688 37.486221 -0.303064 -0.952629 0.025480 0.693161 0.614470 2 89 0.550000 7 0.450000
  89 -8.975086 8.186499 37.704887 -0.182592 -0.968503 -0.169297 0.683000 0.629288 2 89 0.550000 7 0.450000
  89 -8.991623 8.185763 37.726936 -0.364270 -0.917109 0.161920 0.682090 0.628518 2 89 0.550000 7 0.450000
skt
  89 -9.398075 8.308878 37.527382 -0.432478 -0.824710 0.364440 0.691990 0.613480 2 89 0.550000 7 0.450000
  89 -9.372719 8.299688 37.486221 -0.303064 -0.952629 0.025480 0.693161 0.614470 2 89 0.550000 7 0.450000
  89 -8.991623 8.185763 37.726936 -0.364270 -0.917109 0.161920 0.682090 0.628518 2 89 0.550000 7 0.450000
skt
  89 -9.398811 8.374290 37.584709 -0.375262 -0.115491 0.919696 0.688650 0.612110 2 89 0.550000 7 0.450000
  89 -9.398075 8.308878 37.527382 -0.432478 -0.824710 0.364440 0.691990 0.613480 2 89 0.550000 7 0.450000
  89 -8.991623 8.185763 37.726936 -0.364270 -0.917109 0.161920 0.682090 0.628518 2 89 0.550000 7 0.450000
skt
  89 -9.398075 8.308878 37.527382 -0.432478 -0.824710 0.364440 0.691990 0.613480 2 89 0.550000 7 0.450000
  89 -9.398811 8.374290 37.584709 -0.375262 -0.115491 0.919696 0.688650 0.612110 2 89 0.550000 7 0.450000
  89 -9.710086 8.405529 37.373032 -0.465127 -0.790424 0.398607 0.697770 0.600090 2 89 0.550000 7 0.450000
skt
  89 -9.398811 8.374290 37.584709 -0.375262 -0.115491 0.919696 0.688650 0.612110 2 89 0.550000 7 0.450000
  89 -9.706409 8.506588 37.457558 -0.447737 -0.145288 0.882283 0.692910 0.599070 2 89 0.550000 7 0.450000
  89 -9.710086 8.405529 37.373032 -0.465127 -0.790424 0.398607 0.697770 0.600090 2 89 0.550000 7 0.450000
skt
  89 -9.706409 8.506588 37.457558 -0.447737 -0.145288 0.882283 0.692910 0.599070 2 89 0.550000 7 0.450000
  89 -9.827318 8.562454 37.402794 -0.721572 -0.004409 0.692326 0.693780 0.594790 2 89 0.550000 7 0.450000
  89 -9.710086 8.405529 37.373032 -0.465127 -0.790424 0.398607 0.697770 0.600090 2 89 0.550000 7 0.450000
skt
  89 -9.827318 8.562454 37.402794 -0.721572 -0.004409 0.692326 0.693780 0.594790 2 89 0.550000 7 0.450000
  89 -9.706409 8.506588 37.457558 -0.447737 -0.145288 0.882283 0.692910 0.599070 2 89 0.550000 7 0.450000
  89 -9.604244 8.649550 37.445061 -0.037157 0.536282 0.843220 0.687010 0.598130 2 89 0.550000 7 0.450000
skt
  89 -9.719639 8.719004 37.396179 -0.276404 0.635766 0.720696 0.688500 0.593590 2 89 0.550000 7 0.450000
  89 -9.827318 8.562454 37.402794 -0.721572 -0.004409 0.692326 0.693780 0.594790 2 89 0.550000 7 0.450000
  89 -9.604244 8.649550 37.445061 -0.037157 0.536282 0.843220 0.687010 0.598130 2 89 0.550000 7 0.450000
skt
  89 -9.448057 8.867479 37.155838 0.087973 0.887129 0.453059 0.675320 0.589720 2 89 0.550000 7 0.450000
  89 -9.719639 8.719004 37.396179 -0.276404 0.635766 0.720696 0.688500 0.593590 2 89 0.550000 7 0.450000
  89 -9.604244 8.649550 37.445061 -0.037157 0.536282 0.843220 0.687010 0.598130 2 89 0.550000 7 0.450000
skt
  89 -9.719639 8.719004 37.396179 -0.276404 0.635766 0.720696 0.688500 0.593590 2 89 0.550000 7 0.450000
  89 -9.448057 8.867479 37.155838 0.087973 0.887129 0.453059 0.675320 0.589720 2 89 0.550000 7 0.450000
  89 -9.735075 8.727828 37.368988 -0.619914 0.763398 0.181465 0.688640 0.592520 2 89 0.550000 7 0.450000
skt
  89 -9.448057 8.867479 37.155838 0.087973 0.887129 0.453059 0.675320 0.589720 2 89 0.550000 7 0.450000
  89 -9.471209 8.872252 37.134529 -0.359764 0.932865 0.018254 0.675640 0.588520 2 89 0.550000 7 0.450000
  89 -9.735075 8.727828 37.368988 -0.619914 0.763398 0.181465 0.688640 0.592520 2 89 0.550000 7 0.450000
skt
  89 -9.471209 8.872252 37.134529 -0.359764 0.932865 0.018254 0.675640 0.588520 2 89 0.550000 7 0.450000
  89 -9.487379 8.848000 37.106590 -0.600865 0.741026 -0.299737 0.676010 0.586930 2 89 0.550000 7 0.450000
  89 -9.735075 8.727828 37.368988 -0.619914 0.763398 0.181465 0.688640 0.592520 2 89 0.550000 7 0.450000
skt
  89 -9.487379 8.848000 37.106590 -0.600865 0.741026 -0.299737 0.676010 0.586930 2 89 0.550000 7 0.450000
  89 -9.471209 8.872252 37.134529 -0.359764 0.932865 0.018254 0.675640 0.588520 2 89 0.550000 7 0.450000
  89 -9.220575 8.935832 36.848610 -0.221140 0.929240 -0.295989 0.661480 0.585180 2 89 0.550000 7 0.450000
skt
  89 -9.256590 8.901655 36.841988 -0.553726 0.677271 -0.484450 0.662270 0.583770 2 89 0.550000 7 0.450000
  89 -9.487379 8.848000 37.106590 -0.600865 0.741026 -0.299737 0.676010 0.586930 2 89 0.550000 7 0.450000
  89 -9.220575 8.935832 36.848610 -0.221140 0.929240 -0.295989 0.661480 0.585180 2 89 0.550000 7 0.450000
skt
  89 -9.197054 8.806473 36.691689 -0.618705 0.551044 -0.559960 0.655640 0.579799 2 89 0.550000 7 0.450000
  89 -9.256590 8.901655 36.841988 -0.553726 0.677271 -0.484450 0.662270 0.583770 2 89 0.550000 7 0.450000
  89 -9.220575 8.935832 36.848610 -0.221140 0.929240 -0.295989 0.661480 0.585180 2 89 0.550000 7 0.450000
skt
  89 -9.158100 8.847260 36.688385 -0.275292 0.777243 -0.565780 0.654770 0.581740 2 89 0.550000 7 0.450000
  89 -9.197054 8.806473 36.691689 -0.618705 0.551044 -0.559960 0.655640 0.579799 2 89 0.550000 7 0.450000
  89 -9.220575 8.935832 36.848610 -0.221140 0.929240 -0.295989 0.661480 0.585180 2 89 0.550000 7 0.450000
skt
  89 -9.197054 8.806473 36.691689 -0.618705 0.551044 -0.559960 0.655640 0.579799 2 89 0.550000 7 0.450000
  89 -9.158100 8.847260 36.688385 -0.275292 0.777243 -0.565780 0.654770 0.581740 2 89 0.550000 7 0.450000
  89 -9.109591 8.752819 36.542114 -0.476231 0.742785 -0.470610 0.647330 0.577310 2 89 0.550000 7 0.450000
skt
  89 -9.158100 8.847260 36.688385 -0.275292 0.777243 -0.565780 0.654770 0.581740 2 89 0.550000 7 0.450000
  89 -9.127230 8.850573 36.700874 0.365460 0.860912 -0.353935 0.654180 0.583070 2 89 0.550000 7 0.450000
  89 -9.109591 8.752819 36.542114 -0.476231 0.742785 -0.470610 0.647330 0.577310 2 89 0.550000 7 0.450000
skt
  89 -9.827318 8.562454 37.402794 -0.721572 -0.004409 0.692326 0.693780 0.594790 2 89 0.550000 7 0.450000
  89 -9.719639 8.719004 37.396179 -0.276404 0.635766 0.720696 0.688500 0.593590 2 89 0.550000 7 0.450000
  89 -9.735075 8.727828 37.368988 -0.619914 0.763398 0.181465 0.688640 0.592520 2 89 0.550000 7 0.450000
skt
  89 -9.827318 8.562454 37.402794 -0.721572 -0.004409 0.692326 0.693780 0.594790 2 89 0.550000 7 0.450000
  89 -9.832462 8.448528 37.308723 -0.855785 -0.514180 0.057021 0.698150 0.595140 2 89 0.550000 7 0.450000
  89 -9.710086 8.405529 37.373032 -0.465127 -0.790424 0.398607 0.697770 0.600090 2 89 0.550000 7 0.450000
skt
  89 -9.487379 8.848000 37.106590 -0.600865 0.741026 -0.299737 0.676010 0.586930 2 89 0.550000 7 0.450000
  89 -9.727358 8.717535 37.323051 -0.718324 0.643363 -0.264755 0.688460 0.591000 2 89 0.550000 7 0.450000
  89 -9.735075 8.727828 37.368988 -0.619914 0.763398 0.181465 0.688640 0.592520 2 89 0.550000 7 0.450000
skt
  89 -9.727358 8.717535 37.323051 -0.718324 0.643363 -0.264755 0.688460 0.591000 2 89 0.550000 7 0.450000
  89 -9.814821 8.582661 37.328934 -0.845555 0.398523 -0.355269 0.694350 0.592060 2 89 0.550000 7 0.450000
  89 -9.735075 8.727828 37.368988 -0.619914 0.763398 0.181465 0.688640 0.592520 2 89 0.550000 7 0.450000
skt
  89 -9.814821 8.582661 37.328934 -0.845555 0.398523 -0.355269 0.694350 0.592060 2 89 0.550000 7 0.450000
  89 -9.837606 8.576054 37.374870 -0.955637 0.277536 0.098647 0.693930 0.593830 2 89 0.550000 7 0.450000
  89 -9.735075 8.727828 37.368988 -0.619914 0.763398 0.181465 0.688640 0.592520 2 89 0.550000 7 0.450000
skt
  89 -9.837606 8.576054 37.374870 -0.955637 0.277536 0.098647 0.693930 0.593830 2 89 0.550000 7 0.450000
  89 -9.827318 8.562454 37.402794 -0.721572 -0.004409 0.692326 0.693780 0.594790 2 89 0.550000 7 0.450000
  89 -9.735075 8.727828 37.368988 -0.619914 0.763398 0.181465 0.688640 0.592520 2 89 0.550000 7 0.450000
skt
  89 -9.827318 8.562454 37.402794 -0.721572 -0.004409 0.692326 0.693780 0.594790 2 89 0.550000 7 0.450000
  89 -9.837606 8.576054 37.374870 -0.955637 0.277536 0.098647 0.693930 0.593830 2 89 0.550000 7 0.450000
  89 -9.833931 8.491890 37.310188 -0.978315 0.060327 -0.198141 0.697260 0.594100 2 89 0.550000 7 0.450000
skt
  89 -9.832462 8.448528 37.308723 -0.855785 -0.514180 0.057021 0.698150 0.595140 2 89 0.550000 7 0.450000
  89 -9.827318 8.562454 37.402794 -0.721572 -0.004409 0.692326 0.693780 0.594790 2 89 0.550000 7 0.450000
  89 -9.833931 8.491890 37.310188 -0.978315 0.060327 -0.198141 0.697260 0.594100 2 89 0.550000 7 0.450000
skt
  89 -9.797918 8.429414 37.248451 -0.651609 -0.753095 -0.090847 0.700920 0.594500 2 89 0.550000 7 0.450000
  89 -9.832462 8.448528 37.308723 -0.855785 -0.514180 0.057021 0.698150 0.595140 2 89 0.550000 7 0.450000
  89 -9.833931 8.491890 37.310188 -0.978315 0.060327 -0.198141 0.697260 0.594100 2 89 0.550000 7 0.450000
skt
  89 -9.832462 8.448528 37.308723 -0.855785 -0.514180 0.057021 0.698150 0.595140 2 89 0.550000 7 0.450000
  89 -9.797918 8.429414 37.248451 -0.651609 -0.753095 -0.090847 0.700920 0.594500 2 89 0.550000 7 0.450000
  89 -9.710086 8.405529 37.373032 -0.465127 -0.790424 0.398607 0.697770 0.600090 2 89 0.550000 7 0.450000
skt
  89 -9.797918 8.429414 37.248451 -0.651609 -0.753095 -0.090847 0.700920 0.594500 2 89 0.550000 7 0.450000
  89 -9.677744 8.388992 37.317543 -0.339436 -0.937099 0.081419 0.700340 0.600950 2 89 0.550000 7 0.450000
  89 -9.710086 8.405529 37.373032 -0.465127 -0.790424 0.398607 0.697770 0.600090 2 89 0.550000 7 0.450000
skt
  89 -9.677744 8.388992 37.317543 -0.339436 -0.937099 0.081419 0.700340 0.600950 2 89 0.550000 7 0.450000
  89 -9.372719 8.299688 37.486221 -0.303064 -0.952629 0.025480 0.693161 0.614470 2 89 0.550000 7 0.450000
  89 -9.710086 8.405529 37.373032 -0.465127 -0.790424 0.398607 0.697770 0.600090 2 89 0.550000 7 0.450000
skt
  89 -9.372719 8.299688 37.486221 -0.303064 -0.952629 0.025480 0.693161 0.614470 2 89 0.550000 7 0.450000
  89 -9.398075 8.308878 37.527382 -0.432478 -0.824710 0.364440 0.691990 0.613480 2 89 0.550000 7 0.450000
  89 -9.710086 8.405529 37.373032 -0.465127 -0.790424 0.398607 0.697770 0.600090 2 89 0.550000 7 0.450000
skt
  89 -9.837606 8.576054 37.374870 -0.955637 0.277536 0.098647 0.693930 0.593830 2 89 0.550000 7 0.450000
  89 -9.814821 8.582661 37.328934 -0.845555 0.398523 -0.355269 0.694350 0.592060 2 89 0.550000 7 0.450000
  89 -9.833931 8.491890 37.310188 -0.978315 0.060327 -0.198141 0.697260 0.594100 2 89 0.550000 7 0.450000
skt
  89 -9.814821 8.582661 37.328934 -0.845555 0.398523 -0.355269 0.694350 0.592060 2 89 0.550000 7 0.450000
  89 -9.816292 8.475721 37.259102 -0.946625 -0.172597 -0.272233 0.699220 0.593270 2 89 0.550000 7 0.450000
  89 -9.833931 8.491890 37.310188 -0.978315 0.060327 -0.198141 0.697260 0.594100 2 89 0.550000 7 0.450000
skt
  89 -9.816292 8.475721 37.259102 -0.946625 -0.172597 -0.272233 0.699220 0.593270 2 89 0.550000 7 0.450000
  89 -9.797918 8.429414 37.248451 -0.651609 -0.753095 -0.090847 0.700920 0.594500 2 89 0.550000 7 0.450000
  89 -9.833931 8.491890 37.310188 -0.978315 0.060327 -0.198141 0.697260 0.594100 2 89 0.550000 7 0.450000
skt
  89 -6.120345 9.329420 34.799061 0.176200 -0.830409 -0.528559 0.489619 0.638768 2 89 0.550000 7 0.450000
  89 -6.366203 9.512806 34.428993 0.458356 -0.611024 -0.645414 0.477478 0.624152 2 89 0.550000 7 0.450000
  89 -6.089478 9.344856 34.785103 0.578940 -0.493407 -0.649136 0.490600 0.637848 2 89 0.550000 7 0.450000
skt
  89 -6.082493 9.375357 34.794289 0.819047 0.548781 -0.167336 0.491650 0.636918 2 89 0.550000 7 0.450000
  89 -6.316222 9.623789 34.464993 0.849605 0.493720 -0.185505 0.481380 0.621910 2 89 0.550000 7 0.450000
  89 -6.155258 9.379036 34.879913 0.401415 0.808094 0.431103 0.496290 0.635308 2 89 0.550000 7 0.450000
skt
  89 -6.316222 9.623789 34.464993 0.849605 0.493720 -0.185505 0.481380 0.621910 2 89 0.550000 7 0.450000
  89 -6.082493 9.375357 34.794289 0.819047 0.548781 -0.167336 0.491650 0.636918 2 89 0.550000 7 0.450000
  89 -6.089478 9.344856 34.785103 0.578940 -0.493407 -0.649136 0.490600 0.637848 2 89 0.550000 7 0.450000
skt
  89 -6.329084 9.549188 34.420906 0.730726 -0.260081 -0.631187 0.478170 0.623690 2 89 0.550000 7 0.450000
  89 -6.316222 9.623789 34.464993 0.849605 0.493720 -0.185505 0.481380 0.621910 2 89 0.550000 7 0.450000
  89 -6.089478 9.344856 34.785103 0.578940 -0.493407 -0.649136 0.490600 0.637848 2 89 0.550000 7 0.450000
skt
  89 -6.366203 9.512806 34.428993 0.458356 -0.611024 -0.645414 0.477478 0.624152 2 89 0.550000 7 0.450000
  89 -6.329084 9.549188 34.420906 0.730726 -0.260081 -0.631187 0.478170 0.623690 2 89 0.550000 7 0.450000
  89 -6.089478 9.344856 34.785103 0.578940 -0.493407 -0.649136 0.490600 0.637848 2 89 0.550000 7 0.450000
skt
  89 -6.329084 9.549188 34.420906 0.730726 -0.260081 -0.631187 0.478170 0.623690 2 89 0.550000 7 0.450000
  89 -6.366203 9.512806 34.428993 0.458356 -0.611024 -0.645414 0.477478 0.624152 2 89 0.550000 7 0.450000
  89 -6.515038 9.707213 34.142334 0.763836 -0.168521 -0.623021 0.470300 0.610740 2 89 0.550000 7 0.450000
skt
  89 -6.366203 9.512806 34.428993 0.458356 -0.611024 -0.645414 0.477478 0.624152 2 89 0.550000 7 0.450000
  89 -6.556568 9.654660 34.146008 0.568765 -0.495397 -0.656573 0.469017 0.611201 2 89 0.550000 7 0.450000
  89 -6.515038 9.707213 34.142334 0.763836 -0.168521 -0.623021 0.470300 0.610740 2 89 0.550000 7 0.450000
skt
  89 -6.556568 9.654660 34.146008 0.568765 -0.495397 -0.656573 0.469017 0.611201 2 89 0.550000 7 0.450000
  89 -6.635948 9.714194 34.036865 0.329128 -0.241083 -0.912992 0.466509 0.605390 2 89 0.550000 7 0.450000
  89 -6.515038 9.707213 34.142334 0.763836 -0.168521 -0.623021 0.470300 0.610740 2 89 0.550000 7 0.450000
skt
  89 -6.497399 9.814892 34.212532 0.833820 0.493360 -0.247670 0.475080 0.609090 2 89 0.550000 7 0.450000
  89 -6.316222 9.623789 34.464993 0.849605 0.493720 -0.185505 0.481380 0.621910 2 89 0.550000 7 0.450000
  89 -6.515038 9.707213 34.142334 0.763836 -0.168521 -0.623021 0.470300 0.610740 2 89 0.550000 7 0.450000
skt
  89 -6.316222 9.623789 34.464993 0.849605 0.493720 -0.185505 0.481380 0.621910 2 89 0.550000 7 0.450000
  89 -6.329084 9.549188 34.420906 0.730726 -0.260081 -0.631187 0.478170 0.623690 2 89 0.550000 7 0.450000
  89 -6.515038 9.707213 34.142334 0.763836 -0.168521 -0.623021 0.470300 0.610740 2 89 0.550000 7 0.450000
skt
  89 -6.628599 9.595493 34.852715 0.272028 0.779555 0.564175 0.501820 0.615760 2 89 0.550000 7 0.450000
  89 -6.363263 9.313622 35.096363 0.306798 0.771085 0.557945 0.509650 0.631538 2 89 0.550000 7 0.450000
  89 -6.155258 9.379036 34.879913 0.401415 0.808094 0.431103 0.496290 0.635308 2 89 0.550000 7 0.450000
skt
  89 -6.393765 9.663483 34.596939 0.512443 0.783010 0.352559 0.487600 0.619740 2 89 0.550000 7 0.450000
  89 -6.628599 9.595493 34.852715 0.272028 0.779555 0.564175 0.501820 0.615760 2 89 0.550000 7 0.450000
  89 -6.155258 9.379036 34.879913 0.401415 0.808094 0.431103 0.496290 0.635308 2 89 0.550000 7 0.450000
skt
  89 -6.316222 9.623789 34.464993 0.849605 0.493720 -0.185505 0.481380 0.621910 2 89 0.550000 7 0.450000
  89 -6.393765 9.663483 34.596939 0.512443 0.783010 0.352559 0.487600 0.619740 2 89 0.550000 7 0.450000
  89 -6.155258 9.379036 34.879913 0.401415 0.808094 0.431103 0.496290 0.635308 2 89 0.550000 7 0.450000
skt
  89 -6.393765 9.663483 34.596939 0.512443 0.783010 0.352559 0.487600 0.619740 2 89 0.550000 7 0.450000
  89 -6.316222 9.623789 34.464993 0.849605 0.493720 -0.185505 0.481380 0.621910 2 89 0.550000 7 0.450000
  89 -6.578985 9.881775 34.379745 0.542670 0.787609 0.291859 0.481810 0.607180 2 89 0.550000 7 0.450000
skt
  89 -6.316222 9.623789 34.464993 0.849605 0.493720 -0.185505 0.481380 0.621910 2 89 0.550000 7 0.450000
  89 -6.497399 9.814892 34.212532 0.833820 0.493360 -0.247670 0.475080 0.609090 2 89 0.550000 7 0.450000
  89 -6.578985 9.881775 34.379745 0.542670 0.787609 0.291859 0.481810 0.607180 2 89 0.550000 7 0.450000
skt
  89 -6.497399 9.814892 34.212532 0.833820 0.493360 -0.247670 0.475080 0.609090 2 89 0.550000 7 0.450000
  89 -6.574206 9.891327 34.114780 0.600671 0.653000 -0.461286 0.473450 0.604680 2 89 0.550000 7 0.450000
  89 -6.578985 9.881775 34.379745 0.542670 0.787609 0.291859 0.481810 0.607180 2 89 0.550000 7 0.450000
skt
  89 -6.574206 9.891327 34.114780 0.600671 0.653000 -0.461286 0.473450 0.604680 2 89 0.550000 7 0.450000
  89 -6.497399 9.814892 34.212532 0.833820 0.493360 -0.247670 0.475080 0.609090 2 89 0.550000 7 0.450000
  89 -6.515038 9.707213 34.142334 0.763836 -0.168521 -0.623021 0.470300 0.610740 2 89 0.550000 7 0.450000
skt
  89 -6.592950 9.771894 34.034657 0.352563 0.095640 -0.930888 0.469060 0.605700 2 89 0.550000 7 0.450000
  89 -6.574206 9.891327 34.114780 0.600671 0.653000 -0.461286 0.473450 0.604680 2 89 0.550000 7 0.450000
  89 -6.515038 9.707213 34.142334 0.763836 -0.168521 -0.623021 0.470300 0.610740 2 89 0.550000 7 0.450000
skt
  89 -6.635948 9.714194 34.036865 0.329128 -0.241083 -0.912992 0.466509 0.605390 2 89 0.550000 7 0.450000
  89 -6.592950 9.771894 34.034657 0.352563 0.095640 -0.930888 0.469060 0.605700 2 89 0.550000 7 0.450000
  89 -6.515038 9.707213 34.142334 0.763836 -0.168521 -0.623021 0.470300 0.610740 2 89 0.550000 7 0.450000
skt
  89 -6.592950 9.771894 34.034657 0.352563 0.095640 -0.930888 0.469060 0.605700 2 89 0.550000 7 0.450000
  89 -6.635948 9.714194 34.036865 0.329128 -0.241083 -0.912992 0.466509 0.605390 2 89 0.550000 7 0.450000
  89 -6.615367 9.804598 34.052299 -0.172278 0.473106 -0.863997 0.469790 0.604490 2 89 0.550000 7 0.450000
skt
  89 -6.635948 9.714194 34.036865 0.329128 -0.241083 -0.912992 0.466509 0.605390 2 89 0.550000 7 0.450000
  89 -6.651751 9.761602 34.045319 -0.133920 0.268245 -0.953997 0.467670 0.603900 2 89 0.550000 7 0.450000
  89 -6.615367 9.804598 34.052299 -0.172278 0.473106 -0.863997 0.469790 0.604490 2 89 0.550000 7 0.450000
skt
  89 -6.651751 9.761602 34.045319 -0.133920 0.268245 -0.953997 0.467670 0.603900 2 89 0.550000 7 0.450000
  89 -6.650647 9.868177 34.115509 -0.496009 0.582347 -0.644086 0.472420 0.601840 2 89 0.550000 7 0.450000
  89 -6.615367 9.804598 34.052299 -0.172278 0.473106 -0.863997 0.469790 0.604490 2 89 0.550000 7 0.450000
skt
  89 -6.650647 9.868177 34.115509 -0.496009 0.582347 -0.644086 0.472420 0.601840 2 89 0.550000 7 0.450000
  89 -6.605444 9.895006 34.104485 -0.052103 0.732636 -0.678623 0.473140 0.603680 2 89 0.550000 7 0.450000
  89 -6.615367 9.804598 34.052299 -0.172278 0.473106 -0.863997 0.469790 0.604490 2 89 0.550000 7 0.450000
skt
  89 -6.605444 9.895006 34.104485 -0.052103 0.732636 -0.678623 0.473140 0.603680 2 89 0.550000 7 0.450000
  89 -6.650647 9.868177 34.115509 -0.496009 0.582347 -0.644086 0.472420 0.601840 2 89 0.550000 7 0.450000
  89 -6.686295 9.969976 34.278679 -0.200705 0.950246 -0.238222 0.479350 0.601420 2 89 0.550000 7 0.450000
skt
  89 -6.574206 9.891327 34.114780 0.600671 0.653000 -0.461286 0.473450 0.604680 2 89 0.550000 7 0.450000
  89 -6.605444 9.895006 34.104485 -0.052103 0.732636 -0.678623 0.473140 0.603680 2 89 0.550000 7 0.450000
  89 -6.686295 9.969976 34.278679 -0.200705 0.950246 -0.238222 0.479350 0.601420 2 89 0.550000 7 0.450000
skt
  89 -6.657262 9.967769 34.294121 0.362428 0.926081 0.104976 0.479650 0.602540 2 89 0.550000 7 0.450000
  89 -6.574206 9.891327 34.114780 0.600671 0.653000 -0.461286 0.473450 0.604680 2 89 0.550000 7 0.450000
  89 -6.686295 9.969976 34.278679 -0.200705 0.950246 -0.238222 0.479350 0.601420 2 89 0.550000 7 0.450000
skt
  89 -6.574206 9.891327 34.114780 0.600671 0.653000 -0.461286 0.473450 0.604680 2 89 0.550000 7 0.450000
  89 -6.657262 9.967769 34.294121 0.362428 0.926081 0.104976 0.479650 0.602540 2 89 0.550000 7 0.450000
  89 -6.578985 9.881775 34.379745 0.542670 0.787609 0.291859 0.481810 0.607180 2 89 0.550000 7 0.450000
skt
  89 -6.657262 9.967769 34.294121 0.362428 0.926081 0.104976 0.479650 0.602540 2 89 0.550000 7 0.450000
  89 -6.919291 9.897211 34.590324 0.081723 0.893555 0.441453 0.493410 0.597540 2 89 0.550000 7 0.450000
  89 -6.578985 9.881775 34.379745 0.542670 0.787609 0.291859 0.481810 0.607180 2 89 0.550000 7 0.450000
skt
  89 -6.605444 9.895006 34.104485 -0.052103 0.732636 -0.678623 0.473140 0.603680 2 89 0.550000 7 0.450000
  89 -6.574206 9.891327 34.114780 0.600671 0.653000 -0.461286 0.473450 0.604680 2 89 0.550000 7 0.450000
  89 -6.615367 9.804598 34.052299 -0.172278 0.473106 -0.863997 0.469790 0.604490 2 89 0.550000 7 0.450000
skt
  89 -6.574206 9.891327 34.114780 0.600671 0.653000 -0.461286 0.473450 0.604680 2 89 0.550000 7 0.450000
  89 -6.592950 9.771894 34.034657 0.352563 0.095640 -0.930888 0.469060 0.605700 2 89 0.550000 7 0.450000
  89 -6.615367 9.804598 34.052299 -0.172278 0.473106 -0.863997 0.469790 0.604490 2 89 0.550000 7 0.450000
skt
  89 -6.650647 9.868177 34.115509 -0.496009 0.582347 -0.644086 0.472420 0.601840 2 89 0.550000 7 0.450000
  89 -6.723043 9.938007 34.271698 -0.545730 0.720705 -0.427508 0.479210 0.599720 2 89 0.550000 7 0.450000
  89 -6.686295 9.969976 34.278679 -0.200705 0.950246 -0.238222 0.479350 0.601420 2 89 0.550000 7 0.450000
skt
  89 -6.723043 9.938007 34.271698 -0.545730 0.720705 -0.427508 0.479210 0.599720 2 89 0.550000 7 0.450000
  89 -6.958980 9.874794 34.538139 -0.610263 0.730317 -0.306947 0.492320 0.594710 2 89 0.550000 7 0.450000
  89 -6.686295 9.969976 34.278679 -0.200705 0.950246 -0.238222 0.479350 0.601420 2 89 0.550000 7 0.450000
skt
  89 -7.399612 9.441877 34.846100 -0.492072 0.729299 0.475383 0.520900 0.584210 2 89 0.550000 7 0.450000
  89 -7.304430 9.591448 34.847939 -0.619405 0.464579 0.632854 0.513940 0.589100 2 89 0.550000 7 0.450000
  89 -7.413210 9.442242 34.817802 -0.755103 0.624226 -0.200405 0.520270 0.582770 2 89 0.550000 7 0.450000
skt
  89 -7.304430 9.591448 34.847939 -0.619405 0.464579 0.632854 0.513940 0.589100 2 89 0.550000 7 0.450000
  89 -7.317295 9.595491 34.817432 -0.836104 0.548560 -0.003520 0.513230 0.587840 2 89 0.550000 7 0.450000
  89 -7.413210 9.442242 34.817802 -0.755103 0.624226 -0.200405 0.520270 0.582770 2 89 0.550000 7 0.450000
skt
  89 -7.317295 9.595491 34.817432 -0.836104 0.548560 -0.003520 0.513230 0.587840 2 89 0.550000 7 0.450000
  89 -7.304430 9.591448 34.847939 -0.619405 0.464579 0.632854 0.513940 0.589100 2 89 0.550000 7 0.450000
  89 -7.207777 9.754248 34.803467 -0.644862 0.755789 0.113736 0.506830 0.591890 2 89 0.550000 7 0.450000
skt
  89 -7.302226 9.576015 34.766350 -0.773640 0.483821 -0.409143 0.512748 0.586249 2 89 0.550000 7 0.450000
  89 -7.317295 9.595491 34.817432 -0.836104 0.548560 -0.003520 0.513230 0.587840 2 89 0.550000 7 0.450000
  89 -7.207777 9.754248 34.803467 -0.644862 0.755789 0.113736 0.506830 0.591890 2 89 0.550000 7 0.450000
skt
  89 -7.203367 9.735510 34.756069 -0.747563 0.590967 -0.303163 0.505969 0.590769 2 89 0.550000 7 0.450000
  89 -7.302226 9.576015 34.766350 -0.773640 0.483821 -0.409143 0.512748 0.586249 2 89 0.550000 7 0.450000
  89 -7.207777 9.754248 34.803467 -0.644862 0.755789 0.113736 0.506830 0.591890 2 89 0.550000 7 0.450000
skt
  89 -6.958980 9.874794 34.538139 -0.610263 0.730317 -0.306947 0.492320 0.594710 2 89 0.550000 7 0.450000
  89 -7.203367 9.735510 34.756069 -0.747563 0.590967 -0.303163 0.505969 0.590769 2 89 0.550000 7 0.450000
  89 -7.207777 9.754248 34.803467 -0.644862 0.755789 0.113736 0.506830 0.591890 2 89 0.550000 7 0.450000
skt
  89 -6.942075 9.901257 34.567902 -0.378981 0.925397 0.003841 0.492940 0.596350 2 89 0.550000 7 0.450000
  89 -6.958980 9.874794 34.538139 -0.610263 0.730317 -0.306947 0.492320 0.594710 2 89 0.550000 7 0.450000
  89 -7.207777 9.754248 34.803467 -0.644862 0.755789 0.113736 0.506830 0.591890 2 89 0.550000 7 0.450000
skt
  89 -6.958980 9.874794 34.538139 -0.610263 0.730317 -0.306947 0.492320 0.594710 2 89 0.550000 7 0.450000
  89 -6.942075 9.901257 34.567902 -0.378981 0.925397 0.003841 0.492940 0.596350 2 89 0.550000 7 0.450000
  89 -6.686295 9.969976 34.278679 -0.200705 0.950246 -0.238222 0.479350 0.601420 2 89 0.550000 7 0.450000
skt
  89 -6.942075 9.901257 34.567902 -0.378981 0.925397 0.003841 0.492940 0.596350 2 89 0.550000 7 0.450000
  89 -6.919291 9.897211 34.590324 0.081723 0.893555 0.441453 0.493410 0.597540 2 89 0.550000 7 0.450000
  89 -6.686295 9.969976 34.278679 -0.200705 0.950246 -0.238222 0.479350 0.601420 2 89 0.550000 7 0.450000
skt
  89 -6.919291 9.897211 34.590324 0.081723 0.893555 0.441453 0.493410 0.597540 2 89 0.550000 7 0.450000
  89 -6.657262 9.967769 34.294121 0.362428 0.926081 0.104976 0.479650 0.602540 2 89 0.550000 7 0.450000
  89 -6.686295 9.969976 34.278679 -0.200705 0.950246 -0.238222 0.479350 0.601420 2 89 0.550000 7 0.450000
skt
  89 -6.919291 9.897211 34.590324 0.081723 0.893555 0.441453 0.493410 0.597540 2 89 0.550000 7 0.450000
  89 -6.942075 9.901257 34.567902 -0.378981 0.925397 0.003841 0.492940 0.596350 2 89 0.550000 7 0.450000
  89 -7.207777 9.754248 34.803467 -0.644862 0.755789 0.113736 0.506830 0.591890 2 89 0.550000 7 0.450000
skt
  89 -7.191607 9.748741 34.832138 -0.304588 0.704599 0.640911 0.507460 0.592990 2 89 0.550000 7 0.450000
  89 -6.919291 9.897211 34.590324 0.081723 0.893555 0.441453 0.493410 0.597540 2 89 0.550000 7 0.450000
  89 -7.207777 9.754248 34.803467 -0.644862 0.755789 0.113736 0.506830 0.591890 2 89 0.550000 7 0.450000
skt
  89 -6.919291 9.897211 34.590324 0.081723 0.893555 0.441453 0.493410 0.597540 2 89 0.550000 7 0.450000
  89 -7.191607 9.748741 34.832138 -0.304588 0.704599 0.640911 0.507460 0.592990 2 89 0.550000 7 0.450000
  89 -7.104142 9.677444 34.898285 -0.095293 0.624042 0.775559 0.509820 0.597420 2 89 0.550000 7 0.450000
skt
  89 -7.191607 9.748741 34.832138 -0.304588 0.704599 0.640911 0.507460 0.592990 2 89 0.550000 7 0.450000
  89 -7.304430 9.591448 34.847939 -0.619405 0.464579 0.632854 0.513940 0.589100 2 89 0.550000 7 0.450000
  89 -7.104142 9.677444 34.898285 -0.095293 0.624042 0.775559 0.509820 0.597420 2 89 0.550000 7 0.450000
skt
  89 -7.304430 9.591448 34.847939 -0.619405 0.464579 0.632854 0.513940 0.589100 2 89 0.550000 7 0.450000
  89 -7.191607 9.748741 34.832138 -0.304588 0.704599 0.640911 0.507460 0.592990 2 89 0.550000 7 0.450000
  89 -7.207777 9.754248 34.803467 -0.644862 0.755789 0.113736 0.506830 0.591890 2 89 0.550000 7 0.450000
skt
  88 7.400714 9.417250 34.776642 0.650022 0.175852 -0.739289 0.654160 0.518459 2 88 0.650000 7 0.350000
  88 7.643998 9.278706 34.994205 0.717000 0.021827 -0.696731 0.640370 0.517599 2 88 0.650000 7 0.350000
  88 7.636649 9.238648 34.985382 0.577867 -0.380435 -0.722038 0.640310 0.518720 2 88 0.650000 7 0.350000
skt
  88 7.636649 9.238648 34.985382 0.577867 -0.380435 -0.722038 0.640310 0.518720 2 88 0.650000 7 0.350000
  88 7.643998 9.278706 34.994205 0.717000 0.021827 -0.696731 0.640370 0.517599 2 88 0.650000 7 0.350000
  88 7.874421 9.224684 35.258072 0.803651 0.126246 -0.581556 0.626560 0.516449 2 88 0.650000 7 0.350000
skt
  88 7.888752 9.177278 35.268364 0.809044 -0.336874 -0.481627 0.626030 0.517650 2 88 0.650000 7 0.350000
  88 7.636649 9.238648 34.985382 0.577867 -0.380435 -0.722038 0.640310 0.518720 2 88 0.650000 7 0.350000
  88 7.874421 9.224684 35.258072 0.803651 0.126246 -0.581556 0.626560 0.516449 2 88 0.650000 7 0.350000
skt
  88 8.227957 9.325379 35.804176 0.705087 -0.037470 -0.708130 0.594970 0.512310 2 88 0.650000 7 0.350000
  88 8.211786 9.301492 35.810425 0.388247 -0.659805 -0.643368 0.595030 0.513720 2 88 0.650000 7 0.350000
  88 8.006720 9.344121 35.575226 0.688153 -0.669448 -0.279793 0.610970 0.513670 2 88 0.650000 7 0.350000
skt
  88 8.016644 9.370578 35.561630 0.840085 0.025550 -0.541852 0.611250 0.512160 2 88 0.650000 7 0.350000
  88 8.227957 9.325379 35.804176 0.705087 -0.037470 -0.708130 0.594970 0.512310 2 88 0.650000 7 0.350000
  88 8.006720 9.344121 35.575226 0.688153 -0.669448 -0.279793 0.610970 0.513670 2 88 0.650000 7 0.350000
skt
  88 8.016644 9.370578 35.561630 0.840085 0.025550 -0.541852 0.611250 0.512160 2 88 0.650000 7 0.350000
  88 7.993124 9.414681 35.558319 0.751483 0.347866 -0.560591 0.611731 0.510668 2 88 0.650000 7 0.350000
  88 8.227957 9.325379 35.804176 0.705087 -0.037470 -0.708130 0.594970 0.512310 2 88 0.650000 7 0.350000
skt
  88 8.016644 9.370578 35.561630 0.840085 0.025550 -0.541852 0.611250 0.512160 2 88 0.650000 7 0.350000
  88 7.959312 9.271354 35.421616 0.935821 -0.077650 -0.343816 0.619070 0.515330 2 88 0.650000 7 0.350000
  88 7.993124 9.414681 35.558319 0.751483 0.347866 -0.560591 0.611731 0.510668 2 88 0.650000 7 0.350000
skt
  88 7.959312 9.271354 35.421616 0.935821 -0.077650 -0.343816 0.619070 0.515330 2 88 0.650000 7 0.350000
  88 7.933956 9.319497 35.408382 0.813220 0.289614 -0.504775 0.619630 0.513589 2 88 0.650000 7 0.350000
  88 7.993124 9.414681 35.558319 0.751483 0.347866 -0.560591 0.611731 0.510668 2 88 0.650000 7 0.350000
skt
  88 7.874421 9.224684 35.258072 0.803651 0.126246 -0.581556 0.626560 0.516449 2 88 0.650000 7 0.350000
  88 7.933956 9.319497 35.408382 0.813220 0.289614 -0.504775 0.619630 0.513589 2 88 0.650000 7 0.350000
  88 7.959312 9.271354 35.421616 0.935821 -0.077650 -0.343816 0.619070 0.515330 2 88 0.650000 7 0.350000
skt
  88 7.888752 9.177278 35.268364 0.809044 -0.336874 -0.481627 0.626030 0.517650 2 88 0.650000 7 0.350000
  88 7.874421 9.224684 35.258072 0.803651 0.126246 -0.581556 0.626560 0.516449 2 88 0.650000 7 0.350000
  88 7.959312 9.271354 35.421616 0.935821 -0.077650 -0.343816 0.619070 0.515330 2 88 0.650000 7 0.350000
skt
  88 7.888752 9.177278 35.268364 0.809044 -0.336874 -0.481627 0.626030 0.517650 2 88 0.650000 7 0.350000
  88 7.959312 9.271354 35.421616 0.935821 -0.077650 -0.343816 0.619070 0.515330 2 88 0.650000 7 0.350000
  88 7.875524 9.152650 35.286369 0.526651 -0.827134 -0.196182 0.625710 0.518830 2 88 0.650000 7 0.350000
skt
  88 7.888752 9.177278 35.268364 0.809044 -0.336874 -0.481627 0.626030 0.517650 2 88 0.650000 7 0.350000
  88 7.875524 9.152650 35.286369 0.526651 -0.827134 -0.196182 0.625710 0.518830 2 88 0.650000 7 0.350000
  88 7.636649 9.238648 34.985382 0.577867 -0.380435 -0.722038 0.640310 0.518720 2 88 0.650000 7 0.350000
skt
  88 7.875524 9.152650 35.286369 0.526651 -0.827134 -0.196182 0.625710 0.518830 2 88 0.650000 7 0.350000
  88 7.616067 9.216964 34.997513 0.174233 -0.843024 -0.508875 0.640210 0.519990 2 88 0.650000 7 0.350000
  88 7.636649 9.238648 34.985382 0.577867 -0.380435 -0.722038 0.640310 0.518720 2 88 0.650000 7 0.350000
skt
  88 7.959312 9.271354 35.421616 0.935821 -0.077650 -0.343816 0.619070 0.515330 2 88 0.650000 7 0.350000
  88 7.950128 9.244894 35.439987 0.784171 -0.618008 0.056047 0.618700 0.516690 2 88 0.650000 7 0.350000
  88 7.875524 9.152650 35.286369 0.526651 -0.827134 -0.196182 0.625710 0.518830 2 88 0.650000 7 0.350000
skt
  88 7.875524 9.152650 35.286369 0.526651 -0.827134 -0.196182 0.625710 0.518830 2 88 0.650000 7 0.350000
  88 7.950128 9.244894 35.439987 0.784171 -0.618008 0.056047 0.618700 0.516690 2 88 0.650000 7 0.350000
  88 7.874422 9.203738 35.496582 0.570316 -0.800490 0.184272 0.617780 0.520900 2 88 0.650000 7 0.350000
skt
  88 7.874422 9.203738 35.496582 0.570316 -0.800490 0.184272 0.617780 0.520900 2 88 0.650000 7 0.350000
  88 7.950128 9.244894 35.439987 0.784171 -0.618008 0.056047 0.618700 0.516690 2 88 0.650000 7 0.350000
  88 8.006720 9.344121 35.575226 0.688153 -0.669448 -0.279793 0.610970 0.513670 2 88 0.650000 7 0.350000
skt
  88 8.006720 9.344121 35.575226 0.688153 -0.669448 -0.279793 0.610970 0.513670 2 88 0.650000 7 0.350000
  88 7.950128 9.244894 35.439987 0.784171 -0.618008 0.056047 0.618700 0.516690 2 88 0.650000 7 0.350000
  88 7.959312 9.271354 35.421616 0.935821 -0.077650 -0.343816 0.619070 0.515330 2 88 0.650000 7 0.350000
skt
  88 8.016644 9.370578 35.561630 0.840085 0.025550 -0.541852 0.611250 0.512160 2 88 0.650000 7 0.350000
  88 8.006720 9.344121 35.575226 0.688153 -0.669448 -0.279793 0.610970 0.513670 2 88 0.650000 7 0.350000
  88 7.959312 9.271354 35.421616 0.935821 -0.077650 -0.343816 0.619070 0.515330 2 88 0.650000 7 0.350000
skt
  88 7.993124 9.414681 35.558319 0.751483 0.347866 -0.560591 0.611731 0.510668 2 88 0.650000 7 0.350000
  88 8.223545 9.360661 35.822556 0.730145 0.385231 -0.564345 0.595040 0.510949 2 88 0.650000 7 0.350000
  88 8.227957 9.325379 35.804176 0.705087 -0.037470 -0.708130 0.594970 0.512310 2 88 0.650000 7 0.350000
skt
  88 8.227957 9.325379 35.804176 0.705087 -0.037470 -0.708130 0.594970 0.512310 2 88 0.650000 7 0.350000
  88 8.223545 9.360661 35.822556 0.730145 0.385231 -0.564345 0.595040 0.510949 2 88 0.650000 7 0.350000
  88 8.466831 9.222110 36.039742 0.712786 0.357078 -0.603681 0.578369 0.512238 2 88 0.650000 7 0.350000
skt
  88 8.006720 9.344121 35.575226 0.688153 -0.669448 -0.279793 0.610970 0.513670 2 88 0.650000 7 0.350000
  88 8.211786 9.301492 35.810425 0.388247 -0.659805 -0.643368 0.595030 0.513720 2 88 0.650000 7 0.350000
  88 8.112562 9.220269 35.879150 0.247430 -0.791383 -0.559009 0.595270 0.520790 2 88 0.650000 7 0.350000
skt
  88 7.912271 9.273931 35.639172 0.528938 -0.835750 -0.147464 0.610430 0.520340 2 88 0.650000 7 0.350000
  88 8.006720 9.344121 35.575226 0.688153 -0.669448 -0.279793 0.610970 0.513670 2 88 0.650000 7 0.350000
  88 8.112562 9.220269 35.879150 0.247430 -0.791383 -0.559009 0.595270 0.520790 2 88 0.650000 7 0.350000
skt
  88 7.912271 9.273931 35.639172 0.528938 -0.835750 -0.147464 0.610430 0.520340 2 88 0.650000 7 0.350000
  88 7.874422 9.203738 35.496582 0.570316 -0.800490 0.184272 0.617780 0.520900 2 88 0.650000 7 0.350000
  88 8.006720 9.344121 35.575226 0.688153 -0.669448 -0.279793 0.610970 0.513670 2 88 0.650000 7 0.350000
skt
  88 7.912271 9.273931 35.639172 0.528938 -0.835750 -0.147464 0.610430 0.520340 2 88 0.650000 7 0.350000
  88 7.682586 9.099364 35.792786 0.396876 -0.875094 -0.276948 0.610440 0.535540 2 88 0.650000 7 0.350000
  88 7.874422 9.203738 35.496582 0.570316 -0.800490 0.184272 0.617780 0.520900 2 88 0.650000 7 0.350000
skt
  88 7.682586 9.099364 35.792786 0.396876 -0.875094 -0.276948 0.610440 0.535540 2 88 0.650000 7 0.350000
  88 7.700961 9.111127 35.624840 0.435142 -0.899602 -0.036991 0.616440 0.531010 2 88 0.650000 7 0.350000
  88 7.874422 9.203738 35.496582 0.570316 -0.800490 0.184272 0.617780 0.520900 2 88 0.650000 7 0.350000
skt
  88 7.538526 9.039464 35.568245 0.227905 -0.958205 -0.172923 0.622440 0.536550 2 88 0.650000 7 0.350000
  88 7.700961 9.111127 35.624840 0.435142 -0.899602 -0.036991 0.616440 0.531010 2 88 0.650000 7 0.350000
  88 7.682586 9.099364 35.792786 0.396876 -0.875094 -0.276948 0.610440 0.535540 2 88 0.650000 7 0.350000
skt
  88 7.874422 9.203738 35.496582 0.570316 -0.800490 0.184272 0.617780 0.520900 2 88 0.650000 7 0.350000
  88 7.700961 9.111127 35.624840 0.435142 -0.899602 -0.036991 0.616440 0.531010 2 88 0.650000 7 0.350000
  88 7.538526 9.039464 35.568245 0.227905 -0.958205 -0.172923 0.622440 0.536550 2 88 0.650000 7 0.350000
skt
  88 7.777770 9.117745 35.367958 0.290008 -0.956010 -0.044047 0.624610 0.523640 2 88 0.650000 7 0.350000
  88 7.874422 9.203738 35.496582 0.570316 -0.800490 0.184272 0.617780 0.520900 2 88 0.650000 7 0.350000
  88 7.538526 9.039464 35.568245 0.227905 -0.958205 -0.172923 0.622440 0.536550 2 88 0.650000 7 0.350000
skt
  88 7.777770 9.117745 35.367958 0.290008 -0.956010 -0.044047 0.624610 0.523640 2 88 0.650000 7 0.350000
  88 7.875524 9.152650 35.286369 0.526651 -0.827134 -0.196182 0.625710 0.518830 2 88 0.650000 7 0.350000
  88 7.874422 9.203738 35.496582 0.570316 -0.800490 0.184272 0.617780 0.520900 2 88 0.650000 7 0.350000
skt
  88 7.777770 9.117745 35.367958 0.290008 -0.956010 -0.044047 0.624610 0.523640 2 88 0.650000 7 0.350000
  88 7.512434 9.184257 35.088657 -0.018013 -0.933832 -0.357257 0.639720 0.525430 2 88 0.650000 7 0.350000
  88 7.875524 9.152650 35.286369 0.526651 -0.827134 -0.196182 0.625710 0.518830 2 88 0.650000 7 0.350000
skt
  88 7.512434 9.184257 35.088657 -0.018013 -0.933832 -0.357257 0.639720 0.525430 2 88 0.650000 7 0.350000
  88 7.616067 9.216964 34.997513 0.174233 -0.843024 -0.508875 0.640210 0.519990 2 88 0.650000 7 0.350000
  88 7.875524 9.152650 35.286369 0.526651 -0.827134 -0.196182 0.625710 0.518830 2 88 0.650000 7 0.350000
skt
  88 7.347425 9.366540 34.751289 -0.089847 -0.588199 -0.803710 0.654690 0.521130 2 88 0.650000 7 0.350000
  88 7.616067 9.216964 34.997513 0.174233 -0.843024 -0.508875 0.640210 0.519990 2 88 0.650000 7 0.350000
  88 7.512434 9.184257 35.088657 -0.018013 -0.933832 -0.357257 0.639720 0.525430 2 88 0.650000 7 0.350000
skt
  88 7.636649 9.238648 34.985382 0.577867 -0.380435 -0.722038 0.640310 0.518720 2 88 0.650000 7 0.350000
  88 7.616067 9.216964 34.997513 0.174233 -0.843024 -0.508875 0.640210 0.519990 2 88 0.650000 7 0.350000
  88 7.347425 9.366540 34.751289 -0.089847 -0.588199 -0.803710 0.654690 0.521130 2 88 0.650000 7 0.350000
skt
  88 7.374251 9.385644 34.746517 0.381445 -0.177945 -0.907103 0.654570 0.519900 2 88 0.650000 7 0.350000
  88 7.636649 9.238648 34.985382 0.577867 -0.380435 -0.722038 0.640310 0.518720 2 88 0.650000 7 0.350000
  88 7.347425 9.366540 34.751289 -0.089847 -0.588199 -0.803710 0.654690 0.521130 2 88 0.650000 7 0.350000
skt
  88 7.374251 9.385644 34.746517 0.381445 -0.177945 -0.907103 0.654570 0.519900 2 88 0.650000 7 0.350000
  88 7.400714 9.417250 34.776642 0.650022 0.175852 -0.739289 0.654160 0.518459 2 88 0.650000 7 0.350000
  88 7.636649 9.238648 34.985382 0.577867 -0.380435 -0.722038 0.640310 0.518720 2 88 0.650000 7 0.350000
skt
  88 7.374251 9.385644 34.746517 0.381445 -0.177945 -0.907103 0.654570 0.519900 2 88 0.650000 7 0.350000
  88 7.273560 9.549186 34.725933 0.359992 0.141430 -0.922173 0.661820 0.518760 2 88 0.650000 7 0.350000
  88 7.400714 9.417250 34.776642 0.650022 0.175852 -0.739289 0.654160 0.518459 2 88 0.650000 7 0.350000
skt
  88 7.273560 9.549186 34.725933 0.359992 0.141430 -0.922173 0.661820 0.518760 2 88 0.650000 7 0.350000
  88 7.302225 9.576014 34.766357 0.637875 0.351221 -0.685389 0.661799 0.517178 2 88 0.650000 7 0.350000
  88 7.400714 9.417250 34.776642 0.650022 0.175852 -0.739289 0.654160 0.518459 2 88 0.650000 7 0.350000
skt
  88 7.203363 9.735507 34.756069 0.711786 0.355116 -0.606014 0.669720 0.515308 2 88 0.650000 7 0.350000
  88 7.302225 9.576014 34.766357 0.637875 0.351221 -0.685389 0.661799 0.517178 2 88 0.650000 7 0.350000
  88 7.273560 9.549186 34.725933 0.359992 0.141430 -0.922173 0.661820 0.518760 2 88 0.650000 7 0.350000
skt
  88 7.777770 9.117745 35.367958 0.290008 -0.956010 -0.044047 0.624610 0.523640 2 88 0.650000 7 0.350000
  88 7.538526 9.039464 35.568245 0.227905 -0.958205 -0.172923 0.622440 0.536550 2 88 0.650000 7 0.350000
  88 7.512434 9.184257 35.088657 -0.018013 -0.933832 -0.357257 0.639720 0.525430 2 88 0.650000 7 0.350000
skt
  88 7.538526 9.039464 35.568245 0.227905 -0.958205 -0.172923 0.622440 0.536550 2 88 0.650000 7 0.350000
  88 7.255918 9.109653 35.317978 -0.036910 -0.938395 -0.343588 0.638430 0.539810 2 88 0.650000 7 0.350000
  88 7.512434 9.184257 35.088657 -0.018013 -0.933832 -0.357257 0.639720 0.525430 2 88 0.650000 7 0.350000
skt
  88 7.252612 9.331260 34.835815 -0.297877 -0.726013 -0.619818 0.654930 0.526030 2 88 0.650000 7 0.350000
  88 7.022923 9.251142 35.045654 -0.200564 -0.791091 -0.577884 0.654730 0.539040 2 88 0.650000 7 0.350000
  88 7.173598 9.488181 34.785835 -0.439926 -0.405532 -0.801255 0.662120 0.524460 2 88 0.650000 7 0.350000
skt
  88 7.252612 9.331260 34.835815 -0.297877 -0.726013 -0.619818 0.654930 0.526030 2 88 0.650000 7 0.350000
  88 7.173598 9.488181 34.785835 -0.439926 -0.405532 -0.801255 0.662120 0.524460 2 88 0.650000 7 0.350000
  88 7.347425 9.366540 34.751289 -0.089847 -0.588199 -0.803710 0.654690 0.521130 2 88 0.650000 7 0.350000
skt
  88 7.252612 9.331260 34.835815 -0.297877 -0.726013 -0.619818 0.654930 0.526030 2 88 0.650000 7 0.350000
  88 7.347425 9.366540 34.751289 -0.089847 -0.588199 -0.803710 0.654690 0.521130 2 88 0.650000 7 0.350000
  88 7.512434 9.184257 35.088657 -0.018013 -0.933832 -0.357257 0.639720 0.525430 2 88 0.650000 7 0.350000
skt
  88 7.252612 9.331260 34.835815 -0.297877 -0.726013 -0.619818 0.654930 0.526030 2 88 0.650000 7 0.350000
  88 7.512434 9.184257 35.088657 -0.018013 -0.933832 -0.357257 0.639720 0.525430 2 88 0.650000 7 0.350000
  88 7.022923 9.251142 35.045654 -0.200564 -0.791091 -0.577884 0.654730 0.539040 2 88 0.650000 7 0.350000
skt
  88 7.512434 9.184257 35.088657 -0.018013 -0.933832 -0.357257 0.639720 0.525430 2 88 0.650000 7 0.350000
  88 7.255918 9.109653 35.317978 -0.036910 -0.938395 -0.343588 0.638430 0.539810 2 88 0.650000 7 0.350000
  88 7.022923 9.251142 35.045654 -0.200564 -0.791091 -0.577884 0.654730 0.539040 2 88 0.650000 7 0.350000
skt
  88 7.022923 9.251142 35.045654 -0.200564 -0.791091 -0.577884 0.654730 0.539040 2 88 0.650000 7 0.350000
  88 7.255918 9.109653 35.317978 -0.036910 -0.938395 -0.343588 0.638430 0.539810 2 88 0.650000 7 0.350000
  88 6.922965 9.014472 35.616016 -0.011270 -0.930164 -0.366971 0.636720 0.557785 2 88 0.650000 7 0.350000
skt
  88 6.922965 9.014472 35.616016 -0.011270 -0.930164 -0.366971 0.636720 0.557785 2 88 0.650000 7 0.350000
  88 7.255918 9.109653 35.317978 -0.036910 -0.938395 -0.343588 0.638430 0.539810 2 88 0.650000 7 0.350000
  88 7.538526 9.039464 35.568245 0.227905 -0.958205 -0.172923 0.622440 0.536550 2 88 0.650000 7 0.350000
skt
  88 7.245629 8.877763 35.947502 0.173154 -0.897821 -0.404889 0.615800 0.556045 2 88 0.650000 7 0.350000
  88 6.922965 9.014472 35.616016 -0.011270 -0.930164 -0.366971 0.636720 0.557785 2 88 0.650000 7 0.350000
  88 7.538526 9.039464 35.568245 0.227905 -0.958205 -0.172923 0.622440 0.536550 2 88 0.650000 7 0.350000
skt
  88 7.245629 8.877763 35.947502 0.173154 -0.897821 -0.404889 0.615800 0.556045 2 88 0.650000 7 0.350000
  88 7.538526 9.039464 35.568245 0.227905 -0.958205 -0.172923 0.622440 0.536550 2 88 0.650000 7 0.350000
  88 7.682586 9.099364 35.792786 0.396876 -0.875094 -0.276948 0.610440 0.535540 2 88 0.650000 7 0.350000
skt
  88 7.245629 8.877763 35.947502 0.173154 -0.897821 -0.404889 0.615800 0.556045 2 88 0.650000 7 0.350000
  88 7.682586 9.099364 35.792786 0.396876 -0.875094 -0.276948 0.610440 0.535540 2 88 0.650000 7 0.350000
  88 7.546979 8.746932 36.266495 0.236733 -0.801119 -0.549696 0.596480 0.556875 2 88 0.650000 7 0.350000
skt
  88 7.173598 9.488181 34.785835 -0.439926 -0.405532 -0.801255 0.662120 0.524460 2 88 0.650000 7 0.350000
  88 7.245996 9.530074 34.726299 -0.226107 -0.225284 -0.947693 0.661950 0.520170 2 88 0.650000 7 0.350000
  88 7.347425 9.366540 34.751289 -0.089847 -0.588199 -0.803710 0.654690 0.521130 2 88 0.650000 7 0.350000
skt
  88 7.074375 9.614602 34.787674 -0.150994 -0.582510 -0.798676 0.669320 0.525100 2 88 0.650000 7 0.350000
  88 7.162575 9.686263 34.718582 0.065314 -0.431031 -0.899970 0.670110 0.518470 2 88 0.650000 7 0.350000
  88 7.173598 9.488181 34.785835 -0.439926 -0.405532 -0.801255 0.662120 0.524460 2 88 0.650000 7 0.350000
skt
  88 7.162575 9.686263 34.718582 0.065314 -0.431031 -0.899970 0.670110 0.518470 2 88 0.650000 7 0.350000
  88 7.245996 9.530074 34.726299 -0.226107 -0.225284 -0.947693 0.661950 0.520170 2 88 0.650000 7 0.350000
  88 7.173598 9.488181 34.785835 -0.439926 -0.405532 -0.801255 0.662120 0.524460 2 88 0.650000 7 0.350000
skt
  88 7.273560 9.549186 34.725933 0.359992 0.141430 -0.922173 0.661820 0.518760 2 88 0.650000 7 0.350000
  88 7.245996 9.530074 34.726299 -0.226107 -0.225284 -0.947693 0.661950 0.520170 2 88 0.650000 7 0.350000
  88 7.162575 9.686263 34.718582 0.065314 -0.431031 -0.899970 0.670110 0.518470 2 88 0.650000 7 0.350000
skt
  88 7.347425 9.366540 34.751289 -0.089847 -0.588199 -0.803710 0.654690 0.521130 2 88 0.650000 7 0.350000
  88 7.245996 9.530074 34.726299 -0.226107 -0.225284 -0.947693 0.661950 0.520170 2 88 0.650000 7 0.350000
  88 7.273560 9.549186 34.725933 0.359992 0.141430 -0.922173 0.661820 0.518760 2 88 0.650000 7 0.350000
skt
  88 7.374251 9.385644 34.746517 0.381445 -0.177945 -0.907103 0.654570 0.519900 2 88 0.650000 7 0.350000
  88 7.347425 9.366540 34.751289 -0.089847 -0.588199 -0.803710 0.654690 0.521130 2 88 0.650000 7 0.350000
  88 7.273560 9.549186 34.725933 0.359992 0.141430 -0.922173 0.661820 0.518760 2 88 0.650000 7 0.350000
skt
  88 7.185727 9.707578 34.718216 0.583141 0.119112 -0.803591 0.670090 0.516920 2 88 0.650000 7 0.350000
  88 7.273560 9.549186 34.725933 0.359992 0.141430 -0.922173 0.661820 0.518760 2 88 0.650000 7 0.350000
  88 7.162575 9.686263 34.718582 0.065314 -0.431031 -0.899970 0.670110 0.518470 2 88 0.650000 7 0.350000
skt
  88 6.619410 9.139787 35.305843 0.046033 -0.857174 -0.512966 0.656340 0.558905 2 88 0.650000 7 0.350000
  88 7.022923 9.251142 35.045654 -0.200564 -0.791091 -0.577884 0.654730 0.539040 2 88 0.650000 7 0.350000
  88 6.922965 9.014472 35.616016 -0.011270 -0.930164 -0.366971 0.636720 0.557785 2 88 0.650000 7 0.350000
skt
  88 7.074375 9.614602 34.787674 -0.150994 -0.582510 -0.798676 0.669320 0.525100 2 88 0.650000 7 0.350000
  88 6.859753 9.729995 34.602081 0.244150 -0.784953 -0.569421 0.683830 0.527630 2 88 0.650000 7 0.350000
  88 7.162575 9.686263 34.718582 0.065314 -0.431031 -0.899970 0.670110 0.518470 2 88 0.650000 7 0.350000
skt
  88 7.074375 9.614602 34.787674 -0.150994 -0.582510 -0.798676 0.669320 0.525100 2 88 0.650000 7 0.350000
  88 6.862327 9.436362 34.957458 -0.061617 -0.704444 -0.707080 0.666180 0.539830 2 88 0.650000 7 0.350000
  88 6.859753 9.729995 34.602081 0.244150 -0.784953 -0.569421 0.683830 0.527630 2 88 0.650000 7 0.350000
skt
  88 7.074375 9.614602 34.787674 -0.150994 -0.582510 -0.798676 0.669320 0.525100 2 88 0.650000 7 0.350000
  88 7.173598 9.488181 34.785835 -0.439926 -0.405532 -0.801255 0.662120 0.524460 2 88 0.650000 7 0.350000
  88 6.862327 9.436362 34.957458 -0.061617 -0.704444 -0.707080 0.666180 0.539830 2 88 0.650000 7 0.350000
skt
  88 7.173598 9.488181 34.785835 -0.439926 -0.405532 -0.801255 0.662120 0.524460 2 88 0.650000 7 0.350000
  88 7.009326 9.394101 34.924019 -0.303196 -0.604793 -0.736409 0.661630 0.534590 2 88 0.650000 7 0.350000
  88 6.862327 9.436362 34.957458 -0.061617 -0.704444 -0.707080 0.666180 0.539830 2 88 0.650000 7 0.350000
skt
  88 7.022923 9.251142 35.045654 -0.200564 -0.791091 -0.577884 0.654730 0.539040 2 88 0.650000 7 0.350000
  88 7.009326 9.394101 34.924019 -0.303196 -0.604793 -0.736409 0.661630 0.534590 2 88 0.650000 7 0.350000
  88 7.173598 9.488181 34.785835 -0.439926 -0.405532 -0.801255 0.662120 0.524460 2 88 0.650000 7 0.350000
skt
  88 6.862327 9.436362 34.957458 -0.061617 -0.704444 -0.707080 0.666180 0.539830 2 88 0.650000 7 0.350000
  88 7.009326 9.394101 34.924019 -0.303196 -0.604793 -0.736409 0.661630 0.534590 2 88 0.650000 7 0.350000
  88 7.022923 9.251142 35.045654 -0.200564 -0.791091 -0.577884 0.654730 0.539040 2 88 0.650000 7 0.350000
skt
  88 6.619410 9.139787 35.305843 0.046033 -0.857174 -0.512966 0.656340 0.558905 2 88 0.650000 7 0.350000
  88 6.862327 9.436362 34.957458 -0.061617 -0.704444 -0.707080 0.666180 0.539830 2 88 0.650000 7 0.350000
  88 7.022923 9.251142 35.045654 -0.200564 -0.791091 -0.577884 0.654730 0.539040 2 88 0.650000 7 0.350000
skt
  88 6.619410 9.139787 35.305843 0.046033 -0.857174 -0.512966 0.656340 0.558905 2 88 0.650000 7 0.350000
  88 6.376122 9.237912 35.051178 0.244950 -0.799690 -0.548174 0.671660 0.561305 2 88 0.650000 7 0.350000
  88 6.862327 9.436362 34.957458 -0.061617 -0.704444 -0.707080 0.666180 0.539830 2 88 0.650000 7 0.350000
skt
  88 6.376122 9.237912 35.051178 0.244950 -0.799690 -0.548174 0.671660 0.561305 2 88 0.650000 7 0.350000
  88 6.648808 9.516109 34.797230 0.262204 -0.778344 -0.570464 0.678360 0.543230 2 88 0.650000 7 0.350000
  88 6.862327 9.436362 34.957458 -0.061617 -0.704444 -0.707080 0.666180 0.539830 2 88 0.650000 7 0.350000
skt
  88 6.486008 9.594754 34.567902 0.544455 -0.782964 -0.300891 0.691770 0.544530 2 88 0.650000 7 0.350000
  88 6.648808 9.516109 34.797230 0.262204 -0.778344 -0.570464 0.678360 0.543230 2 88 0.650000 7 0.350000
  88 6.376122 9.237912 35.051178 0.244950 -0.799690 -0.548174 0.671660 0.561305 2 88 0.650000 7 0.350000
skt
  88 6.859753 9.729995 34.602081 0.244150 -0.784953 -0.569421 0.683830 0.527630 2 88 0.650000 7 0.350000
  88 6.648808 9.516109 34.797230 0.262204 -0.778344 -0.570464 0.678360 0.543230 2 88 0.650000 7 0.350000
  88 6.486008 9.594754 34.567902 0.544455 -0.782964 -0.300891 0.691770 0.544530 2 88 0.650000 7 0.350000
skt
  88 6.663507 9.791001 34.368355 0.546977 -0.790454 -0.275678 0.698540 0.530540 2 88 0.650000 7 0.350000
  88 6.859753 9.729995 34.602081 0.244150 -0.784953 -0.569421 0.683830 0.527630 2 88 0.650000 7 0.350000
  88 6.486008 9.594754 34.567902 0.544455 -0.782964 -0.300891 0.691770 0.544530 2 88 0.650000 7 0.350000
skt
  88 6.862327 9.436362 34.957458 -0.061617 -0.704444 -0.707080 0.666180 0.539830 2 88 0.650000 7 0.350000
  88 6.648808 9.516109 34.797230 0.262204 -0.778344 -0.570464 0.678360 0.543230 2 88 0.650000 7 0.350000
  88 6.859753 9.729995 34.602081 0.244150 -0.784953 -0.569421 0.683830 0.527630 2 88 0.650000 7 0.350000
skt
  88 7.185727 9.707578 34.718216 0.583141 0.119112 -0.803591 0.670090 0.516920 2 88 0.650000 7 0.350000
  88 7.203363 9.735507 34.756069 0.711786 0.355116 -0.606014 0.669720 0.515308 2 88 0.650000 7 0.350000
  88 7.273560 9.549186 34.725933 0.359992 0.141430 -0.922173 0.661820 0.518760 2 88 0.650000 7 0.350000
skt
  88 7.185727 9.707578 34.718216 0.583141 0.119112 -0.803591 0.670090 0.516920 2 88 0.650000 7 0.350000
  88 6.962655 9.839144 34.518295 0.705720 -0.021768 -0.708156 0.686310 0.519570 2 88 0.650000 7 0.350000
  88 7.203363 9.735507 34.756069 0.711786 0.355116 -0.606014 0.669720 0.515308 2 88 0.650000 7 0.350000
skt
  88 7.185727 9.707578 34.718216 0.583141 0.119112 -0.803591 0.670090 0.516920 2 88 0.650000 7 0.350000
  88 7.162575 9.686263 34.718582 0.065314 -0.431031 -0.899970 0.670110 0.518470 2 88 0.650000 7 0.350000
  88 6.962655 9.839144 34.518295 0.705720 -0.021768 -0.708156 0.686310 0.519570 2 88 0.650000 7 0.350000
skt
  88 7.162575 9.686263 34.718582 0.065314 -0.431031 -0.899970 0.670110 0.518470 2 88 0.650000 7 0.350000
  88 6.947218 9.814151 34.524174 0.393713 -0.643304 -0.656620 0.686000 0.520970 2 88 0.650000 7 0.350000
  88 6.962655 9.839144 34.518295 0.705720 -0.021768 -0.708156 0.686310 0.519570 2 88 0.650000 7 0.350000
skt
  88 6.859753 9.729995 34.602081 0.244150 -0.784953 -0.569421 0.683830 0.527630 2 88 0.650000 7 0.350000
  88 6.947218 9.814151 34.524174 0.393713 -0.643304 -0.656620 0.686000 0.520970 2 88 0.650000 7 0.350000
  88 7.162575 9.686263 34.718582 0.065314 -0.431031 -0.899970 0.670110 0.518470 2 88 0.650000 7 0.350000
skt
  88 6.739213 9.869279 34.288971 0.673375 -0.640746 -0.368797 0.701700 0.524570 2 88 0.650000 7 0.350000
  88 6.947218 9.814151 34.524174 0.393713 -0.643304 -0.656620 0.686000 0.520970 2 88 0.650000 7 0.350000
  88 6.859753 9.729995 34.602081 0.244150 -0.784953 -0.569421 0.683830 0.527630 2 88 0.650000 7 0.350000
skt
  88 6.663507 9.791001 34.368355 0.546977 -0.790454 -0.275678 0.698540 0.530540 2 88 0.650000 7 0.350000
  88 6.739213 9.869279 34.288971 0.673375 -0.640746 -0.368797 0.701700 0.524570 2 88 0.650000 7 0.350000
  88 6.859753 9.729995 34.602081 0.244150 -0.784953 -0.569421 0.683830 0.527630 2 88 0.650000 7 0.350000
skt
  88 6.663507 9.791001 34.368355 0.546977 -0.790454 -0.275678 0.698540 0.530540 2 88 0.650000 7 0.350000
  88 6.619040 9.754248 34.227604 0.793159 -0.576518 0.196279 0.705490 0.532500 2 88 0.650000 7 0.350000
  88 6.739213 9.869279 34.288971 0.673375 -0.640746 -0.368797 0.701700 0.524570 2 88 0.650000 7 0.350000
skt
  88 6.663507 9.791001 34.368355 0.546977 -0.790454 -0.275678 0.698540 0.530540 2 88 0.650000 7 0.350000
  88 6.486008 9.594754 34.567902 0.544455 -0.782964 -0.300891 0.691770 0.544530 2 88 0.650000 7 0.350000
  88 6.619040 9.754248 34.227604 0.793159 -0.576518 0.196279 0.705490 0.532500 2 88 0.650000 7 0.350000
skt
  88 6.486008 9.594754 34.567902 0.544455 -0.782964 -0.300891 0.691770 0.544530 2 88 0.650000 7 0.350000
  88 6.490416 9.632977 34.394081 0.756812 -0.650882 0.059900 0.699300 0.541630 2 88 0.650000 7 0.350000
  88 6.619040 9.754248 34.227604 0.793159 -0.576518 0.196279 0.705490 0.532500 2 88 0.650000 7 0.350000
skt
  88 6.421694 9.534121 34.437073 0.589489 -0.800138 -0.110825 0.698490 0.547340 2 88 0.650000 7 0.350000
  88 6.490416 9.632977 34.394081 0.756812 -0.650882 0.059900 0.699300 0.541630 2 88 0.650000 7 0.350000
  88 6.486008 9.594754 34.567902 0.544455 -0.782964 -0.300891 0.691770 0.544530 2 88 0.650000 7 0.350000
skt
  88 6.619040 9.754248 34.227604 0.793159 -0.576518 0.196279 0.705490 0.532500 2 88 0.650000 7 0.350000
  88 6.490416 9.632977 34.394081 0.756812 -0.650882 0.059900 0.699300 0.541630 2 88 0.650000 7 0.350000
  88 6.421694 9.534121 34.437073 0.589489 -0.800138 -0.110825 0.698490 0.547340 2 88 0.650000 7 0.350000
skt
  88 6.598828 9.667151 34.186813 0.697571 -0.705971 0.122470 0.708110 0.536000 2 88 0.650000 7 0.350000
  88 6.619040 9.754248 34.227604 0.793159 -0.576518 0.196279 0.705490 0.532500 2 88 0.650000 7 0.350000
  88 6.421694 9.534121 34.437073 0.589489 -0.800138 -0.110825 0.698490 0.547340 2 88 0.650000 7 0.350000
skt
  88 6.598828 9.667151 34.186813 0.697571 -0.705971 0.122470 0.708110 0.536000 2 88 0.650000 7 0.350000
  88 6.674167 9.723750 34.088688 0.863822 -0.486895 -0.129399 0.711590 0.531880 2 88 0.650000 7 0.350000
  88 6.619040 9.754248 34.227604 0.793159 -0.576518 0.196279 0.705490 0.532500 2 88 0.650000 7 0.350000
skt
  88 6.598828 9.667151 34.186813 0.697571 -0.705971 0.122470 0.708110 0.536000 2 88 0.650000 7 0.350000
  88 6.556567 9.654658 34.146019 0.428512 -0.886781 -0.173198 0.709621 0.537261 2 88 0.650000 7 0.350000
  88 6.674167 9.723750 34.088688 0.863822 -0.486895 -0.129399 0.711590 0.531880 2 88 0.650000 7 0.350000
skt
  88 6.556567 9.654658 34.146019 0.428512 -0.886781 -0.173198 0.709621 0.537261 2 88 0.650000 7 0.350000
  88 6.635946 9.714193 34.036873 0.676252 -0.629447 -0.382727 0.714150 0.532770 2 88 0.650000 7 0.350000
  88 6.674167 9.723750 34.088688 0.863822 -0.486895 -0.129399 0.711590 0.531880 2 88 0.650000 7 0.350000
skt
  88 6.674167 9.723750 34.088688 0.863822 -0.486895 -0.129399 0.711590 0.531880 2 88 0.650000 7 0.350000
  88 6.635946 9.714193 34.036873 0.676252 -0.629447 -0.382727 0.714150 0.532770 2 88 0.650000 7 0.350000
  88 6.651749 9.761600 34.045326 0.840563 0.024847 -0.541143 0.713730 0.530580 2 88 0.650000 7 0.350000
skt
  88 6.674533 9.764541 34.085747 0.927103 0.075662 -0.367091 0.711760 0.530310 2 88 0.650000 7 0.350000
  88 6.674167 9.723750 34.088688 0.863822 -0.486895 -0.129399 0.711590 0.531880 2 88 0.650000 7 0.350000
  88 6.651749 9.761600 34.045326 0.840563 0.024847 -0.541143 0.713730 0.530580 2 88 0.650000 7 0.350000
skt
  88 6.747664 9.896106 34.274643 0.835039 0.040531 -0.548695 0.702440 0.523210 2 88 0.650000 7 0.350000
  88 6.962655 9.839144 34.518295 0.705720 -0.021768 -0.708156 0.686310 0.519570 2 88 0.650000 7 0.350000
  88 6.739213 9.869279 34.288971 0.673375 -0.640746 -0.368797 0.701700 0.524570 2 88 0.650000 7 0.350000
skt
  88 6.962655 9.839144 34.518295 0.705720 -0.021768 -0.708156 0.686310 0.519570 2 88 0.650000 7 0.350000
  88 6.947218 9.814151 34.524174 0.393713 -0.643304 -0.656620 0.686000 0.520970 2 88 0.650000 7 0.350000
  88 6.739213 9.869279 34.288971 0.673375 -0.640746 -0.368797 0.701700 0.524570 2 88 0.650000 7 0.350000
skt
  88 6.205604 9.302962 34.874405 0.240699 -0.853652 -0.461890 0.682210 0.563465 2 88 0.650000 7 0.350000
  88 6.486008 9.594754 34.567902 0.544455 -0.782964 -0.300891 0.691770 0.544530 2 88 0.650000 7 0.350000
  88 6.376122 9.237912 35.051178 0.244950 -0.799690 -0.548174 0.671660 0.561305 2 88 0.650000 7 0.350000
skt
  88 6.205604 9.302962 34.874405 0.240699 -0.853652 -0.461890 0.682210 0.563465 2 88 0.650000 7 0.350000
  88 6.421694 9.534121 34.437073 0.589489 -0.800138 -0.110825 0.698490 0.547340 2 88 0.650000 7 0.350000
  88 6.486008 9.594754 34.567902 0.544455 -0.782964 -0.300891 0.691770 0.544530 2 88 0.650000 7 0.350000
skt
  88 6.205604 9.302962 34.874405 0.240699 -0.853652 -0.461890 0.682210 0.563465 2 88 0.650000 7 0.350000
  88 6.120344 9.329417 34.799065 0.114206 -0.902499 -0.415273 0.686930 0.565555 2 88 0.650000 7 0.350000
  88 6.421694 9.534121 34.437073 0.589489 -0.800138 -0.110825 0.698490 0.547340 2 88 0.650000 7 0.350000
skt
  88 6.120344 9.329417 34.799065 0.114206 -0.902499 -0.415273 0.686930 0.565555 2 88 0.650000 7 0.350000
  88 6.366201 9.512805 34.428993 0.376517 -0.904805 -0.198902 0.698752 0.549531 2 88 0.650000 7 0.350000
  88 6.421694 9.534121 34.437073 0.589489 -0.800138 -0.110825 0.698490 0.547340 2 88 0.650000 7 0.350000
skt
  88 6.421694 9.534121 34.437073 0.589489 -0.800138 -0.110825 0.698490 0.547340 2 88 0.650000 7 0.350000
  88 6.366201 9.512805 34.428993 0.376517 -0.904805 -0.198902 0.698752 0.549531 2 88 0.650000 7 0.350000
  88 6.556567 9.654658 34.146019 0.428512 -0.886781 -0.173198 0.709621 0.537261 2 88 0.650000 7 0.350000
skt
  88 6.598828 9.667151 34.186813 0.697571 -0.705971 0.122470 0.708110 0.536000 2 88 0.650000 7 0.350000
  88 6.421694 9.534121 34.437073 0.589489 -0.800138 -0.110825 0.698490 0.547340 2 88 0.650000 7 0.350000
  88 6.556567 9.654658 34.146019 0.428512 -0.886781 -0.173198 0.709621 0.537261 2 88 0.650000 7 0.350000
skt
  88 6.674533 9.764541 34.085747 0.927103 0.075662 -0.367091 0.711760 0.530310 2 88 0.650000 7 0.350000
  88 6.651749 9.761600 34.045326 0.840563 0.024847 -0.541143 0.713730 0.530580 2 88 0.650000 7 0.350000
  88 6.683722 9.832157 34.136833 0.919492 0.113662 -0.376319 0.709490 0.527290 2 88 0.650000 7 0.350000
skt
  88 6.674533 9.764541 34.085747 0.927103 0.075662 -0.367091 0.711760 0.530310 2 88 0.650000 7 0.350000
  88 6.683722 9.832157 34.136833 0.919492 0.113662 -0.376319 0.709490 0.527290 2 88 0.650000 7 0.350000
  88 6.674167 9.723750 34.088688 0.863822 -0.486895 -0.129399 0.711590 0.531880 2 88 0.650000 7 0.350000
skt
  88 6.683722 9.832157 34.136833 0.919492 0.113662 -0.376319 0.709490 0.527290 2 88 0.650000 7 0.350000
  88 6.678207 9.807170 34.158142 0.905354 -0.417769 0.076180 0.708480 0.528480 2 88 0.650000 7 0.350000
  88 6.674167 9.723750 34.088688 0.863822 -0.486895 -0.129399 0.711590 0.531880 2 88 0.650000 7 0.350000
skt
  88 6.674167 9.723750 34.088688 0.863822 -0.486895 -0.129399 0.711590 0.531880 2 88 0.650000 7 0.350000
  88 6.678207 9.807170 34.158142 0.905354 -0.417769 0.076180 0.708480 0.528480 2 88 0.650000 7 0.350000
  88 6.619040 9.754248 34.227604 0.793159 -0.576518 0.196279 0.705490 0.532500 2 88 0.650000 7 0.350000
skt
  88 6.619040 9.754248 34.227604 0.793159 -0.576518 0.196279 0.705490 0.532500 2 88 0.650000 7 0.350000
  88 6.678207 9.807170 34.158142 0.905354 -0.417769 0.076180 0.708480 0.528480 2 88 0.650000 7 0.350000
  88 6.739213 9.869279 34.288971 0.673375 -0.640746 -0.368797 0.701700 0.524570 2 88 0.650000 7 0.350000
skt
  88 6.739213 9.869279 34.288971 0.673375 -0.640746 -0.368797 0.701700 0.524570 2 88 0.650000 7 0.350000
  88 6.678207 9.807170 34.158142 0.905354 -0.417769 0.076180 0.708480 0.528480 2 88 0.650000 7 0.350000
  88 6.683722 9.832157 34.136833 0.919492 0.113662 -0.376319 0.709490 0.527290 2 88 0.650000 7 0.350000
skt
  88 6.747664 9.896106 34.274643 0.835039 0.040531 -0.548695 0.702440 0.523210 2 88 0.650000 7 0.350000
  88 6.739213 9.869279 34.288971 0.673375 -0.640746 -0.368797 0.701700 0.524570 2 88 0.650000 7 0.350000
  88 6.683722 9.832157 34.136833 0.919492 0.113662 -0.376319 0.709490 0.527290 2 88 0.650000 7 0.350000
skt
  88 6.747664 9.896106 34.274643 0.835039 0.040531 -0.548695 0.702440 0.523210 2 88 0.650000 7 0.350000
  88 6.683722 9.832157 34.136833 0.919492 0.113662 -0.376319 0.709490 0.527290 2 88 0.650000 7 0.350000
  88 6.723042 9.938001 34.271702 0.742359 0.395446 -0.540856 0.703581 0.521729 2 88 0.650000 7 0.350000
skt
  88 6.747664 9.896106 34.274643 0.835039 0.040531 -0.548695 0.702440 0.523210 2 88 0.650000 7 0.350000
  88 6.723042 9.938001 34.271702 0.742359 0.395446 -0.540856 0.703581 0.521729 2 88 0.650000 7 0.350000
  88 6.962655 9.839144 34.518295 0.705720 -0.021768 -0.708156 0.686310 0.519570 2 88 0.650000 7 0.350000
skt
  88 6.723042 9.938001 34.271702 0.742359 0.395446 -0.540856 0.703581 0.521729 2 88 0.650000 7 0.350000
  88 6.958979 9.874791 34.538139 0.730319 0.388178 -0.562096 0.686640 0.518079 2 88 0.650000 7 0.350000
  88 6.962655 9.839144 34.518295 0.705720 -0.021768 -0.708156 0.686310 0.519570 2 88 0.650000 7 0.350000
skt
  88 6.962655 9.839144 34.518295 0.705720 -0.021768 -0.708156 0.686310 0.519570 2 88 0.650000 7 0.350000
  88 6.958979 9.874791 34.538139 0.730319 0.388178 -0.562096 0.686640 0.518079 2 88 0.650000 7 0.350000
  88 7.203363 9.735507 34.756069 0.711786 0.355116 -0.606014 0.669720 0.515308 2 88 0.650000 7 0.350000
skt
  88 6.651749 9.761600 34.045326 0.840563 0.024847 -0.541143 0.713730 0.530580 2 88 0.650000 7 0.350000
  88 6.650646 9.868175 34.115517 0.755723 0.377184 -0.535364 0.710791 0.525829 2 88 0.650000 7 0.350000
  88 6.683722 9.832157 34.136833 0.919492 0.113662 -0.376319 0.709490 0.527290 2 88 0.650000 7 0.350000
skt
  88 6.683722 9.832157 34.136833 0.919492 0.113662 -0.376319 0.709490 0.527290 2 88 0.650000 7 0.350000
  88 6.650646 9.868175 34.115517 0.755723 0.377184 -0.535364 0.710791 0.525829 2 88 0.650000 7 0.350000
  88 6.723042 9.938001 34.271702 0.742359 0.395446 -0.540856 0.703581 0.521729 2 88 0.650000 7 0.350000
skt
  88 6.162605 9.416152 34.742836 0.253322 0.910749 -0.326134 0.728310 0.645370 2 88 0.650000 7 0.350000
  88 6.045005 9.402183 34.719688 -0.297943 0.832915 -0.466349 0.730700 0.647830 2 88 0.650000 7 0.350000
  88 6.000906 9.446286 34.826626 -0.458343 0.815344 -0.353745 0.728550 0.650250 2 88 0.650000 7 0.350000
skt
  88 6.045005 9.402183 34.719688 -0.297943 0.832915 -0.466349 0.730700 0.647830 2 88 0.650000 7 0.350000
  88 5.870442 9.287160 34.831406 -0.745971 0.436352 -0.503115 0.731931 0.654230 2 88 0.650000 7 0.350000
  88 6.000906 9.446286 34.826626 -0.458343 0.815344 -0.353745 0.728550 0.650250 2 88 0.650000 7 0.350000
skt
  88 5.870442 9.287160 34.831406 -0.745971 0.436352 -0.503115 0.731931 0.654230 2 88 0.650000 7 0.350000
  88 5.863094 9.390792 34.927689 -0.650980 0.732722 -0.198351 0.728480 0.654520 2 88 0.650000 7 0.350000
  88 6.000906 9.446286 34.826626 -0.458343 0.815344 -0.353745 0.728550 0.650250 2 88 0.650000 7 0.350000
skt
  7 4.885911 8.337540 36.290382 -0.386535 0.836063 0.389345 0.713930 0.702110 2 7 0.500000 88 0.500000
  7 4.837770 8.327620 36.207329 -0.780600 0.617005 -0.099845 0.716410 0.702190 2 7 0.500000 88 0.500000
  7 3.993623 7.446719 37.273079 -0.770221 0.625889 -0.122564 0.703830 0.742180 2 7 0.600000 88 0.400000
skt
  7 4.837770 8.327620 36.207329 -0.780600 0.617005 -0.099845 0.716410 0.702190 2 7 0.500000 88 0.500000
  7 4.844752 8.231701 36.118759 -0.856978 0.314503 -0.408261 0.719311 0.702830 2 7 0.500000 88 0.500000
  7 3.993623 7.446719 37.273079 -0.770221 0.625889 -0.122564 0.703830 0.742180 2 7 0.600000 88 0.400000
skt
  7 4.844752 8.231701 36.118759 -0.856978 0.314503 -0.408261 0.719311 0.702830 2 7 0.500000 88 0.500000
  7 4.837770 8.327620 36.207329 -0.780600 0.617005 -0.099845 0.716410 0.702190 2 7 0.500000 88 0.500000
  88 5.505149 9.042408 35.337090 -0.770715 0.628030 -0.107591 0.725720 0.670020 2 88 0.600000 7 0.400000
skt
  88 5.512499 8.940609 35.242641 -0.845909 0.328637 -0.420043 0.729020 0.670560 2 88 0.600000 7 0.400000
  7 4.844752 8.231701 36.118759 -0.856978 0.314503 -0.408261 0.719311 0.702830 2 7 0.500000 88 0.500000
  88 5.505149 9.042408 35.337090 -0.770715 0.628030 -0.107591 0.725720 0.670020 2 88 0.600000 7 0.400000
skt
  88 5.870442 9.287160 34.831406 -0.745971 0.436352 -0.503115 0.731931 0.654230 2 88 0.650000 7 0.350000
  88 5.512499 8.940609 35.242641 -0.845909 0.328637 -0.420043 0.729020 0.670560 2 88 0.600000 7 0.400000
  88 5.505149 9.042408 35.337090 -0.770715 0.628030 -0.107591 0.725720 0.670020 2 88 0.600000 7 0.400000
skt
  88 5.863094 9.390792 34.927689 -0.650980 0.732722 -0.198351 0.728480 0.654520 2 88 0.650000 7 0.350000
  88 5.870442 9.287160 34.831406 -0.745971 0.436352 -0.503115 0.731931 0.654230 2 88 0.650000 7 0.350000
  88 5.505149 9.042408 35.337090 -0.770715 0.628030 -0.107591 0.725720 0.670020 2 88 0.600000 7 0.400000
skt
  88 5.919690 9.401082 35.019936 -0.303115 0.896675 0.322638 0.725890 0.654600 2 88 0.650000 7 0.350000
  88 5.863094 9.390792 34.927689 -0.650980 0.732722 -0.198351 0.728480 0.654520 2 88 0.650000 7 0.350000
  88 5.505149 9.042408 35.337090 -0.770715 0.628030 -0.107591 0.725720 0.670020 2 88 0.600000 7 0.400000
skt
  88 5.863094 9.390792 34.927689 -0.650980 0.732722 -0.198351 0.728480 0.654520 2 88 0.650000 7 0.350000
  88 5.919690 9.401082 35.019936 -0.303115 0.896675 0.322638 0.725890 0.654600 2 88 0.650000 7 0.350000
  88 6.000906 9.446286 34.826626 -0.458343 0.815344 -0.353745 0.728550 0.650250 2 88 0.650000 7 0.350000
skt
  88 5.919690 9.401082 35.019936 -0.303115 0.896675 0.322638 0.725890 0.654600 2 88 0.650000 7 0.350000
  88 6.082491 9.487447 34.861176 0.000643 0.994383 -0.105836 0.726590 0.649120 2 88 0.650000 7 0.350000
  88 6.000906 9.446286 34.826626 -0.458343 0.815344 -0.353745 0.728550 0.650250 2 88 0.650000 7 0.350000
skt
  88 6.082491 9.487447 34.861176 0.000643 0.994383 -0.105836 0.726590 0.649120 2 88 0.650000 7 0.350000
  88 6.162605 9.416152 34.742836 0.253322 0.910749 -0.326134 0.728310 0.645370 2 88 0.650000 7 0.350000
  88 6.000906 9.446286 34.826626 -0.458343 0.815344 -0.353745 0.728550 0.650250 2 88 0.650000 7 0.350000
skt
  88 6.162605 9.416152 34.742836 0.253322 0.910749 -0.326134 0.728310 0.645370 2 88 0.650000 7 0.350000
  88 6.082491 9.487447 34.861176 0.000643 0.994383 -0.105836 0.726590 0.649120 2 88 0.650000 7 0.350000
  88 6.487844 9.322436 35.273876 0.242382 0.959253 0.145204 0.712420 0.647460 2 88 0.650000 7 0.350000
skt
  88 6.569429 9.251142 35.155907 0.507143 0.846693 -0.160987 0.712910 0.643410 2 88 0.650000 7 0.350000
  88 6.162605 9.416152 34.742836 0.253322 0.910749 -0.326134 0.728310 0.645370 2 88 0.650000 7 0.350000
  88 6.487844 9.322436 35.273876 0.242382 0.959253 0.145204 0.712420 0.647460 2 88 0.650000 7 0.350000
skt
  88 7.610923 8.828150 36.213943 0.504531 0.849140 -0.156234 0.673080 0.642200 2 88 0.650000 7 0.350000
  88 6.569429 9.251142 35.155907 0.507143 0.846693 -0.160987 0.712910 0.643410 2 88 0.650000 7 0.350000
  88 6.487844 9.322436 35.273876 0.242382 0.959253 0.145204 0.712420 0.647460 2 88 0.650000 7 0.350000
skt
  88 7.526399 8.899815 36.330437 0.239092 0.959510 0.148913 0.672980 0.646320 2 88 0.650000 7 0.350000
  88 7.610923 8.828150 36.213943 0.504531 0.849140 -0.156234 0.673080 0.642200 2 88 0.650000 7 0.350000
  88 6.487844 9.322436 35.273876 0.242382 0.959253 0.145204 0.712420 0.647460 2 88 0.650000 7 0.350000
skt
  88 7.352201 8.814184 36.482956 -0.136164 0.866124 0.480924 0.672700 0.652610 2 88 0.650000 7 0.350000
  88 7.526399 8.899815 36.330437 0.239092 0.959510 0.148913 0.672980 0.646320 2 88 0.650000 7 0.350000
  88 6.487844 9.322436 35.273876 0.242382 0.959253 0.145204 0.712420 0.647460 2 88 0.650000 7 0.350000
skt
  88 7.526399 8.899815 36.330437 0.239092 0.959510 0.148913 0.672980 0.646320 2 88 0.650000 7 0.350000
  88 7.352201 8.814184 36.482956 -0.136164 0.866124 0.480924 0.672700 0.652610 2 88 0.650000 7 0.350000
  88 8.567894 8.475715 37.389938 0.235860 0.959788 0.152240 0.633850 0.647400 2 88 0.650000 7 0.350000
skt
  88 7.352201 8.814184 36.482956 -0.136164 0.866124 0.480924 0.672700 0.652610 2 88 0.650000 7 0.350000
  88 8.384880 8.390826 37.538040 -0.137586 0.865160 0.482253 0.634350 0.653650 2 88 0.650000 7 0.350000
  88 8.567894 8.475715 37.389938 0.235860 0.959788 0.152240 0.633850 0.647400 2 88 0.650000 7 0.350000
skt
  88 8.384880 8.390826 37.538040 -0.137586 0.865160 0.482253 0.634350 0.653650 2 88 0.650000 7 0.350000
  88 8.795012 8.222507 37.956627 0.005684 0.794020 0.607864 0.620640 0.655330 2 88 0.650000 7 0.350000
  88 8.567894 8.475715 37.389938 0.235860 0.959788 0.152240 0.633850 0.647400 2 88 0.650000 7 0.350000
skt
  88 6.082491 9.487447 34.861176 0.000643 0.994383 -0.105836 0.726590 0.649120 2 88 0.650000 7 0.350000
  88 5.919690 9.401082 35.019936 -0.303115 0.896675 0.322638 0.725890 0.654600 2 88 0.650000 7 0.350000
  88 6.487844 9.322436 35.273876 0.242382 0.959253 0.145204 0.712420 0.647460 2 88 0.650000 7 0.350000
skt
  88 5.919690 9.401082 35.019936 -0.303115 0.896675 0.322638 0.725890 0.654600 2 88 0.650000 7 0.350000
  88 6.322102 9.236442 35.430801 -0.134231 0.867347 0.479261 0.711580 0.653650 2 88 0.650000 7 0.350000
  88 6.487844 9.322436 35.273876 0.242382 0.959253 0.145204 0.712420 0.647460 2 88 0.650000 7 0.350000
skt
  88 6.322102 9.236442 35.430801 -0.134231 0.867347 0.479261 0.711580 0.653650 2 88 0.650000 7 0.350000
  88 5.919690 9.401082 35.019936 -0.303115 0.896675 0.322638 0.725890 0.654600 2 88 0.650000 7 0.350000
  88 5.945046 8.890992 35.825497 -0.200684 0.824572 0.528968 0.708360 0.669820 2 88 0.600000 7 0.400000
skt
  88 7.352201 8.814184 36.482956 -0.136164 0.866124 0.480924 0.672700 0.652610 2 88 0.650000 7 0.350000
  88 6.322102 9.236442 35.430801 -0.134231 0.867347 0.479261 0.711580 0.653650 2 88 0.650000 7 0.350000
  88 5.945046 8.890992 35.825497 -0.200684 0.824572 0.528968 0.708360 0.669820 2 88 0.600000 7 0.400000
skt
  88 6.322102 9.236442 35.430801 -0.134231 0.867347 0.479261 0.711580 0.653650 2 88 0.650000 7 0.350000
  88 7.352201 8.814184 36.482956 -0.136164 0.866124 0.480924 0.672700 0.652610 2 88 0.650000 7 0.350000
  88 6.487844 9.322436 35.273876 0.242382 0.959253 0.145204 0.712420 0.647460 2 88 0.650000 7 0.350000
skt
  88 8.384880 8.390826 37.538040 -0.137586 0.865160 0.482253 0.634350 0.653650 2 88 0.650000 7 0.350000
  88 7.352201 8.814184 36.482956 -0.136164 0.866124 0.480924 0.672700 0.652610 2 88 0.650000 7 0.350000
  88 7.922565 8.062283 37.869534 -0.203621 0.822454 0.531138 0.634750 0.669640 2 88 0.600000 7 0.400000
skt
  88 7.352201 8.814184 36.482956 -0.136164 0.866124 0.480924 0.672700 0.652610 2 88 0.650000 7 0.350000
  88 6.932521 8.477192 36.846043 -0.202535 0.823559 0.529840 0.671040 0.669070 2 88 0.600000 7 0.400000
  88 7.922565 8.062283 37.869534 -0.203621 0.822454 0.531138 0.634750 0.669640 2 88 0.600000 7 0.400000
skt
  88 6.932521 8.477192 36.846043 -0.202535 0.823559 0.529840 0.671040 0.669070 2 88 0.600000 7 0.400000
  88 7.352201 8.814184 36.482956 -0.136164 0.866124 0.480924 0.672700 0.652610 2 88 0.650000 7 0.350000
  88 5.945046 8.890992 35.825497 -0.200684 0.824572 0.528968 0.708360 0.669820 2 88 0.600000 7 0.400000
skt
  7 6.113361 7.794743 37.594276 -0.199422 0.824458 0.529622 0.666480 0.701460 2 7 0.500000 88 0.500000
  88 6.932521 8.477192 36.846043 -0.202535 0.823559 0.529840 0.671040 0.669070 2 88 0.600000 7 0.400000
  88 5.945046 8.890992 35.825497 -0.200684 0.824572 0.528968 0.708360 0.669820 2 88 0.600000 7 0.400000
skt
  7 5.230627 8.185026 36.656418 -0.197831 0.824790 0.529702 0.700390 0.701920 2 7 0.500000 88 0.500000
  7 6.113361 7.794743 37.594276 -0.199422 0.824458 0.529622 0.666480 0.701460 2 7 0.500000 88 0.500000
  88 5.945046 8.890992 35.825497 -0.200684 0.824572 0.528968 0.708360 0.669820 2 88 0.600000 7 0.400000
skt
  7 6.113361 7.794743 37.594276 -0.199422 0.824458 0.529622 0.666480 0.701460 2 7 0.500000 88 0.500000
  7 5.230627 8.185026 36.656418 -0.197831 0.824790 0.529702 0.700390 0.701920 2 7 0.500000 88 0.500000
  7 4.328783 7.316625 37.673656 -0.197154 0.826272 0.527641 0.689790 0.741740 2 7 0.600000 88 0.400000
skt
  7 5.230627 8.185026 36.656418 -0.197831 0.824790 0.529702 0.700390 0.701920 2 7 0.500000 88 0.500000
  7 4.885911 8.337540 36.290382 -0.386535 0.836063 0.389345 0.713930 0.702110 2 7 0.500000 88 0.500000
  7 4.328783 7.316625 37.673656 -0.197154 0.826272 0.527641 0.689790 0.741740 2 7 0.600000 88 0.400000
skt
  7 4.885911 8.337540 36.290382 -0.386535 0.836063 0.389345 0.713930 0.702110 2 7 0.500000 88 0.500000
  7 5.230627 8.185026 36.656418 -0.197831 0.824790 0.529702 0.700390 0.701920 2 7 0.500000 88 0.500000
  88 5.945046 8.890992 35.825497 -0.200684 0.824572 0.528968 0.708360 0.669820 2 88 0.600000 7 0.400000
skt
  88 5.559174 9.052698 35.427128 -0.383279 0.838111 0.388158 0.723050 0.670000 2 88 0.600000 7 0.400000
  7 4.885911 8.337540 36.290382 -0.386535 0.836063 0.389345 0.713930 0.702110 2 7 0.500000 88 0.500000
  88 5.945046 8.890992 35.825497 -0.200684 0.824572 0.528968 0.708360 0.669820 2 88 0.600000 7 0.400000
skt
  88 5.919690 9.401082 35.019936 -0.303115 0.896675 0.322638 0.725890 0.654600 2 88 0.650000 7 0.350000
  88 5.559174 9.052698 35.427128 -0.383279 0.838111 0.388158 0.723050 0.670000 2 88 0.600000 7 0.400000
  88 5.945046 8.890992 35.825497 -0.200684 0.824572 0.528968 0.708360 0.669820 2 88 0.600000 7 0.400000
skt
  88 5.559174 9.052698 35.427128 -0.383279 0.838111 0.388158 0.723050 0.670000 2 88 0.600000 7 0.400000
  88 5.919690 9.401082 35.019936 -0.303115 0.896675 0.322638 0.725890 0.654600 2 88 0.650000 7 0.350000
  88 5.505149 9.042408 35.337090 -0.770715 0.628030 -0.107591 0.725720 0.670020 2 88 0.600000 7 0.400000
skt
  7 4.885911 8.337540 36.290382 -0.386535 0.836063 0.389345 0.713930 0.702110 2 7 0.500000 88 0.500000
  88 5.559174 9.052698 35.427128 -0.383279 0.838111 0.388158 0.723050 0.670000 2 88 0.600000 7 0.400000
  88 5.505149 9.042408 35.337090 -0.770715 0.628030 -0.107591 0.725720 0.670020 2 88 0.600000 7 0.400000
skt
  7 4.837770 8.327620 36.207329 -0.780600 0.617005 -0.099845 0.716410 0.702190 2 7 0.500000 88 0.500000
  7 4.885911 8.337540 36.290382 -0.386535 0.836063 0.389345 0.713930 0.702110 2 7 0.500000 88 0.500000
  88 5.505149 9.042408 35.337090 -0.770715 0.628030 -0.107591 0.725720 0.670020 2 88 0.600000 7 0.400000
skt
  88 7.610923 8.828150 36.213943 0.504531 0.849140 -0.156234 0.673080 0.642200 2 88 0.650000 7 0.350000
  88 7.526399 8.899815 36.330437 0.239092 0.959510 0.148913 0.672980 0.646320 2 88 0.650000 7 0.350000
  88 8.567894 8.475715 37.389938 0.235860 0.959788 0.152240 0.633850 0.647400 2 88 0.650000 7 0.350000
skt
  88 8.654993 8.404056 37.274910 0.500533 0.852275 -0.151970 0.633420 0.643320 2 88 0.650000 7 0.350000
  88 7.610923 8.828150 36.213943 0.504531 0.849140 -0.156234 0.673080 0.642200 2 88 0.650000 7 0.350000
  88 8.567894 8.475715 37.389938 0.235860 0.959788 0.152240 0.633850 0.647400 2 88 0.650000 7 0.350000
skt
  88 9.069532 8.235740 37.696068 0.644117 0.761914 0.067825 0.617690 0.646190 2 88 0.650000 7 0.350000
  88 8.654993 8.404056 37.274910 0.500533 0.852275 -0.151970 0.633420 0.643320 2 88 0.650000 7 0.350000
  88 8.567894 8.475715 37.389938 0.235860 0.959788 0.152240 0.633850 0.647400 2 88 0.650000 7 0.350000
skt
  88 8.981333 8.307401 37.810356 0.449852 0.823394 0.345913 0.619710 0.649920 2 88 0.650000 7 0.350000
  88 9.069532 8.235740 37.696068 0.644117 0.761914 0.067825 0.617690 0.646190 2 88 0.650000 7 0.350000
  88 8.567894 8.475715 37.389938 0.235860 0.959788 0.152240 0.633850 0.647400 2 88 0.650000 7 0.350000
skt
  88 8.795012 8.222507 37.956627 0.005684 0.794020 0.607864 0.620640 0.655330 2 88 0.650000 7 0.350000
  88 8.981333 8.307401 37.810356 0.449852 0.823394 0.345913 0.619710 0.649920 2 88 0.650000 7 0.350000
  88 8.567894 8.475715 37.389938 0.235860 0.959788 0.152240 0.633850 0.647400 2 88 0.650000 7 0.350000
skt
  88 8.981333 8.307401 37.810356 0.449852 0.823394 0.345913 0.619710 0.649920 2 88 0.650000 7 0.350000
  88 8.795012 8.222507 37.956627 0.005684 0.794020 0.607864 0.620640 0.655330 2 88 0.650000 7 0.350000
  88 8.998236 8.223981 37.878716 0.595151 0.457258 0.660841 0.617720 0.651380 2 88 0.650000 7 0.350000
skt
  88 8.795012 8.222507 37.956627 0.005684 0.794020 0.607864 0.620640 0.655330 2 88 0.650000 7 0.350000
  88 8.878798 8.154886 38.007706 0.441883 0.387453 0.809086 0.618090 0.655500 2 88 0.650000 7 0.350000
  88 8.998236 8.223981 37.878716 0.595151 0.457258 0.660841 0.617720 0.651380 2 88 0.650000 7 0.350000
skt
  88 8.878798 8.154886 38.007706 0.441883 0.387453 0.809086 0.618090 0.655500 2 88 0.650000 7 0.350000
  88 8.932821 8.032144 37.958824 0.723405 -0.238379 0.647966 0.615150 0.655400 2 88 0.650000 7 0.350000
  88 8.998236 8.223981 37.878716 0.595151 0.457258 0.660841 0.617720 0.651380 2 88 0.650000 7 0.350000
skt
  88 8.932821 8.032144 37.958824 0.723405 -0.238379 0.647966 0.615150 0.655400 2 88 0.650000 7 0.350000
  88 8.878798 8.154886 38.007706 0.441883 0.387453 0.809086 0.618090 0.655500 2 88 0.650000 7 0.350000
  88 8.396275 7.831121 38.324867 0.358238 0.319789 0.877155 0.618210 0.669770 2 88 0.600000 7 0.400000
skt
  88 8.878798 8.154886 38.007706 0.441883 0.387453 0.809086 0.618090 0.655500 2 88 0.650000 7 0.350000
  88 8.795012 8.222507 37.956627 0.005684 0.794020 0.607864 0.620640 0.655330 2 88 0.650000 7 0.350000
  88 8.396275 7.831121 38.324867 0.358238 0.319789 0.877155 0.618210 0.669770 2 88 0.600000 7 0.400000
skt
  88 8.795012 8.222507 37.956627 0.005684 0.794020 0.607864 0.620640 0.655330 2 88 0.650000 7 0.350000
  88 8.315792 7.897271 38.275623 -0.070332 0.748559 0.659327 0.620830 0.669830 2 88 0.600000 7 0.400000
  88 8.396275 7.831121 38.324867 0.358238 0.319789 0.877155 0.618210 0.669770 2 88 0.600000 7 0.400000
skt
  88 9.069532 8.235740 37.696068 0.644117 0.761914 0.067825 0.617690 0.646190 2 88 0.650000 7 0.350000
  88 8.981333 8.307401 37.810356 0.449852 0.823394 0.345913 0.619710 0.649920 2 88 0.650000 7 0.350000
  88 8.998236 8.223981 37.878716 0.595151 0.457258 0.660841 0.617720 0.651380 2 88 0.650000 7 0.350000
skt
  88 9.085333 8.164443 37.812199 0.956724 0.058282 0.285100 0.615200 0.649320 2 88 0.650000 7 0.350000
  88 9.069532 8.235740 37.696068 0.644117 0.761914 0.067825 0.617690 0.646190 2 88 0.650000 7 0.350000
  88 8.998236 8.223981 37.878716 0.595151 0.457258 0.660841 0.617720 0.651380 2 88 0.650000 7 0.350000
skt
  88 8.932821 8.032144 37.958824 0.723405 -0.238379 0.647966 0.615150 0.655400 2 88 0.650000 7 0.350000
  88 9.085333 8.164443 37.812199 0.956724 0.058282 0.285100 0.615200 0.649320 2 88 0.650000 7 0.350000
  88 8.998236 8.223981 37.878716 0.595151 0.457258 0.660841 0.617720 0.651380 2 88 0.650000 7 0.350000
skt
  88 9.085333 8.164443 37.812199 0.956724 0.058282 0.285100 0.615200 0.649320 2 88 0.650000 7 0.350000
  88 8.932821 8.032144 37.958824 0.723405 -0.238379 0.647966 0.615150 0.655400 2 88 0.650000 7 0.350000
  88 9.041603 8.057502 37.769203 0.844763 -0.534760 0.020182 0.612640 0.651290 2 88 0.650000 7 0.350000
skt
  88 8.932821 8.032144 37.958824 0.723405 -0.238379 0.647966 0.615150 0.655400 2 88 0.650000 7 0.350000
  88 8.937233 7.929612 37.859974 0.707896 -0.696998 0.114354 0.612210 0.655370 2 88 0.650000 7 0.350000
  88 9.041603 8.057502 37.769203 0.844763 -0.534760 0.020182 0.612640 0.651290 2 88 0.650000 7 0.350000
skt
  88 9.069532 8.235740 37.696068 0.866512 -0.096262 -0.489786 0.612760 0.646140 2 88 0.650000 7 0.350000
  88 9.085333 8.164443 37.812199 0.956724 0.058282 0.285100 0.615200 0.649320 2 88 0.650000 7 0.350000
  88 9.041603 8.057502 37.769203 0.844763 -0.534760 0.020182 0.612640 0.651290 2 88 0.650000 7 0.350000
skt
  7 4.955001 8.058977 36.108101 -0.010349 -0.776874 -0.629571 0.515850 0.700990 2 7 0.500000 88 0.500000
  88 5.635244 8.757961 35.233456 -0.001350 -0.774349 -0.632757 0.507120 0.668690 2 88 0.600000 7 0.400000
  88 6.020752 8.596622 35.632557 0.191218 -0.831885 -0.520963 0.521810 0.668660 2 88 0.600000 7 0.400000
skt
  88 5.635244 8.757961 35.233456 -0.001350 -0.774349 -0.632757 0.507120 0.668690 2 88 0.600000 7 0.400000
  88 5.997965 9.101199 34.822952 0.086200 -0.706369 -0.702576 0.504480 0.653260 2 88 0.650000 7 0.350000
  88 6.020752 8.596622 35.632557 0.191218 -0.831885 -0.520963 0.521810 0.668660 2 88 0.600000 7 0.400000
skt
  88 5.997965 9.101199 34.822952 0.086200 -0.706369 -0.702576 0.504480 0.653260 2 88 0.650000 7 0.350000
  88 6.400011 8.936196 35.233822 0.265180 -0.776648 -0.571399 0.518770 0.652430 2 88 0.650000 7 0.350000
  88 6.020752 8.596622 35.632557 0.191218 -0.831885 -0.520963 0.521810 0.668660 2 88 0.600000 7 0.400000
skt
  88 6.400011 8.936196 35.233822 0.265180 -0.776648 -0.571399 0.518770 0.652430 2 88 0.650000 7 0.350000
  88 5.997965 9.101199 34.822952 0.086200 -0.706369 -0.702576 0.504480 0.653260 2 88 0.650000 7 0.350000
  88 6.546644 9.097159 35.126144 0.579663 -0.378435 -0.721650 0.517980 0.646270 2 88 0.650000 7 0.350000
skt
  88 7.430481 8.513936 36.285973 0.264707 -0.776973 -0.571177 0.557670 0.651780 2 88 0.650000 7 0.350000
  88 6.400011 8.936196 35.233822 0.265180 -0.776648 -0.571399 0.518770 0.652430 2 88 0.650000 7 0.350000
  88 6.546644 9.097159 35.126144 0.579663 -0.378435 -0.721650 0.517980 0.646270 2 88 0.650000 7 0.350000
skt
  88 7.585198 8.674533 36.182709 0.578013 -0.382008 -0.721090 0.557460 0.645520 2 88 0.650000 7 0.350000
  88 7.430481 8.513936 36.285973 0.264707 -0.776973 -0.571177 0.557670 0.651780 2 88 0.650000 7 0.350000
  88 6.546644 9.097159 35.126144 0.579663 -0.378435 -0.721650 0.517980 0.646270 2 88 0.650000 7 0.350000
skt
  88 7.430481 8.513936 36.285973 0.264707 -0.776973 -0.571177 0.557670 0.651780 2 88 0.650000 7 0.350000
  88 7.585198 8.674533 36.182709 0.578013 -0.382008 -0.721090 0.557460 0.645520 2 88 0.650000 7 0.350000
  88 8.626695 8.250808 37.241837 0.576698 -0.384446 -0.720847 0.596600 0.647050 2 88 0.650000 7 0.350000
skt
  88 7.585198 8.674533 36.182709 0.578013 -0.382008 -0.721090 0.557460 0.645520 2 88 0.650000 7 0.350000
  88 7.610923 8.828150 36.213943 0.717208 0.021621 -0.696524 0.557410 0.641440 2 88 0.650000 7 0.350000
  88 8.626695 8.250808 37.241837 0.576698 -0.384446 -0.720847 0.596600 0.647050 2 88 0.650000 7 0.350000
skt
  88 7.610923 8.828150 36.213943 0.717208 0.021621 -0.696524 0.557410 0.641440 2 88 0.650000 7 0.350000
  88 8.654993 8.404056 37.274910 0.716251 0.018307 -0.697603 0.597080 0.643030 2 88 0.650000 7 0.350000
  88 8.626695 8.250808 37.241837 0.576698 -0.384446 -0.720847 0.596600 0.647050 2 88 0.650000 7 0.350000
skt
  88 8.654993 8.404056 37.274910 0.716251 0.018307 -0.697603 0.597080 0.643030 2 88 0.650000 7 0.350000
  88 9.069532 8.235740 37.696068 0.866512 -0.096262 -0.489786 0.612760 0.646140 2 88 0.650000 7 0.350000
  88 8.626695 8.250808 37.241837 0.576698 -0.384446 -0.720847 0.596600 0.647050 2 88 0.650000 7 0.350000
skt
  88 9.069532 8.235740 37.696068 0.866512 -0.096262 -0.489786 0.612760 0.646140 2 88 0.650000 7 0.350000
  88 9.040134 8.082494 37.662628 0.770012 -0.433434 -0.468205 0.610680 0.649790 2 88 0.650000 7 0.350000
  88 8.626695 8.250808 37.241837 0.576698 -0.384446 -0.720847 0.596600 0.647050 2 88 0.650000 7 0.350000
skt
  88 9.040134 8.082494 37.662628 0.770012 -0.433434 -0.468205 0.610680 0.649790 2 88 0.650000 7 0.350000
  88 9.069532 8.235740 37.696068 0.866512 -0.096262 -0.489786 0.612760 0.646140 2 88 0.650000 7 0.350000
  88 9.041603 8.057502 37.769203 0.844763 -0.534760 0.020182 0.612640 0.651290 2 88 0.650000 7 0.350000
skt
  88 8.873287 7.922629 37.759651 0.400426 -0.813366 -0.422013 0.609670 0.655150 2 88 0.650000 7 0.350000
  88 9.040134 8.082494 37.662628 0.770012 -0.433434 -0.468205 0.610680 0.649790 2 88 0.650000 7 0.350000
  88 9.041603 8.057502 37.769203 0.844763 -0.534760 0.020182 0.612640 0.651290 2 88 0.650000 7 0.350000
skt
  88 8.937233 7.929612 37.859974 0.707896 -0.696998 0.114354 0.612210 0.655370 2 88 0.650000 7 0.350000
  88 8.873287 7.922629 37.759651 0.400426 -0.813366 -0.422013 0.609670 0.655150 2 88 0.650000 7 0.350000
  88 9.041603 8.057502 37.769203 0.844763 -0.534760 0.020182 0.612640 0.651290 2 88 0.650000 7 0.350000
skt
  88 8.873287 7.922629 37.759651 0.400426 -0.813366 -0.422013 0.609670 0.655150 2 88 0.650000 7 0.350000
  88 8.937233 7.929612 37.859974 0.707896 -0.696998 0.114354 0.612210 0.655370 2 88 0.650000 7 0.350000
  88 8.452501 7.612831 38.181545 0.616524 -0.765021 0.186123 0.611930 0.669620 2 88 0.600000 7 0.400000
skt
  88 8.937233 7.929612 37.859974 0.707896 -0.696998 0.114354 0.612210 0.655370 2 88 0.650000 7 0.350000
  88 8.932821 8.032144 37.958824 0.723405 -0.238379 0.647966 0.615150 0.655400 2 88 0.650000 7 0.350000
  88 8.452501 7.612831 38.181545 0.616524 -0.765021 0.186123 0.611930 0.669620 2 88 0.600000 7 0.400000
skt
  88 8.932821 8.032144 37.958824 0.723405 -0.238379 0.647966 0.615150 0.655400 2 88 0.650000 7 0.350000
  88 8.448093 7.712055 38.277821 0.649100 -0.293619 0.701753 0.615070 0.669690 2 88 0.600000 7 0.400000
  88 8.452501 7.612831 38.181545 0.616524 -0.765021 0.186123 0.611930 0.669620 2 88 0.600000 7 0.400000
skt
  88 8.448093 7.712055 38.277821 0.649100 -0.293619 0.701753 0.615070 0.669690 2 88 0.600000 7 0.400000
  88 8.932821 8.032144 37.958824 0.723405 -0.238379 0.647966 0.615150 0.655400 2 88 0.650000 7 0.350000
  88 8.396275 7.831121 38.324867 0.358238 0.319789 0.877155 0.618210 0.669770 2 88 0.600000 7 0.400000
skt
  88 7.430481 8.513936 36.285973 0.264707 -0.776973 -0.571177 0.557670 0.651780 2 88 0.650000 7 0.350000
  88 8.463158 8.090577 37.340698 0.264130 -0.777645 -0.570529 0.596020 0.653270 2 88 0.650000 7 0.350000
  88 7.997902 7.770119 37.677700 0.190779 -0.832153 -0.520696 0.595400 0.669260 2 88 0.600000 7 0.400000
skt
  88 8.463158 8.090577 37.340698 0.264130 -0.777645 -0.570529 0.596020 0.653270 2 88 0.650000 7 0.350000
  88 7.430481 8.513936 36.285973 0.264707 -0.776973 -0.571177 0.557670 0.651780 2 88 0.650000 7 0.350000
  88 8.626695 8.250808 37.241837 0.576698 -0.384446 -0.720847 0.596600 0.647050 2 88 0.650000 7 0.350000
skt
  88 8.873287 7.922629 37.759651 0.400426 -0.813366 -0.422013 0.609670 0.655150 2 88 0.650000 7 0.350000
  88 8.463158 8.090577 37.340698 0.264130 -0.777645 -0.570529 0.596020 0.653270 2 88 0.650000 7 0.350000
  88 8.626695 8.250808 37.241837 0.576698 -0.384446 -0.720847 0.596600 0.647050 2 88 0.650000 7 0.350000
skt
  88 9.040134 8.082494 37.662628 0.770012 -0.433434 -0.468205 0.610680 0.649790 2 88 0.650000 7 0.350000
  88 8.873287 7.922629 37.759651 0.400426 -0.813366 -0.422013 0.609670 0.655150 2 88 0.650000 7 0.350000
  88 8.626695 8.250808 37.241837 0.576698 -0.384446 -0.720847 0.596600 0.647050 2 88 0.650000 7 0.350000
skt
  88 8.463158 8.090577 37.340698 0.264130 -0.777645 -0.570529 0.596020 0.653270 2 88 0.650000 7 0.350000
  88 8.873287 7.922629 37.759651 0.400426 -0.813366 -0.422013 0.609670 0.655150 2 88 0.650000 7 0.350000
  88 7.997902 7.770119 37.677700 0.190779 -0.832153 -0.520696 0.595400 0.669260 2 88 0.600000 7 0.400000
skt
  88 8.873287 7.922629 37.759651 0.400426 -0.813366 -0.422013 0.609670 0.655150 2 88 0.650000 7 0.350000
  88 8.391129 7.605845 38.084148 0.316941 -0.872643 -0.371541 0.609310 0.669610 2 88 0.600000 7 0.400000
  88 7.997902 7.770119 37.677700 0.190779 -0.832153 -0.520696 0.595400 0.669260 2 88 0.600000 7 0.400000
skt
  88 8.391129 7.605845 38.084148 0.316941 -0.872643 -0.371541 0.609310 0.669610 2 88 0.600000 7 0.400000
  88 8.873287 7.922629 37.759651 0.400426 -0.813366 -0.422013 0.609670 0.655150 2 88 0.650000 7 0.350000
  88 8.452501 7.612831 38.181545 0.616524 -0.765021 0.186123 0.611930 0.669620 2 88 0.600000 7 0.400000
skt
  7 7.415784 6.982201 38.733521 0.309148 -0.877083 -0.367631 0.609430 0.700500 2 7 0.500000 88 0.500000
  88 8.391129 7.605845 38.084148 0.316941 -0.872643 -0.371541 0.609310 0.669610 2 88 0.600000 7 0.400000
  88 8.452501 7.612831 38.181545 0.616524 -0.765021 0.186123 0.611930 0.669620 2 88 0.600000 7 0.400000
skt
  88 8.391129 7.605845 38.084148 0.316941 -0.872643 -0.371541 0.609310 0.669610 2 88 0.600000 7 0.400000
  7 7.415784 6.982201 38.733521 0.309148 -0.877083 -0.367631 0.609430 0.700500 2 7 0.500000 88 0.500000
  88 7.997902 7.770119 37.677700 0.190779 -0.832153 -0.520696 0.595400 0.669260 2 88 0.600000 7 0.400000
skt
  7 7.415784 6.982201 38.733521 0.309148 -0.877083 -0.367631 0.609430 0.700500 2 7 0.500000 88 0.500000
  7 7.064818 7.135816 38.359406 0.185038 -0.836007 -0.516578 0.596620 0.700650 2 7 0.500000 88 0.500000
  88 7.997902 7.770119 37.677700 0.190779 -0.832153 -0.520696 0.595400 0.669260 2 88 0.600000 7 0.400000
skt
  88 6.400011 8.936196 35.233822 0.265180 -0.776648 -0.571399 0.518770 0.652430 2 88 0.650000 7 0.350000
  88 7.430481 8.513936 36.285973 0.264707 -0.776973 -0.571177 0.557670 0.651780 2 88 0.650000 7 0.350000
  88 6.020752 8.596622 35.632557 0.191218 -0.831885 -0.520963 0.521810 0.668660 2 88 0.600000 7 0.400000
skt
  88 7.430481 8.513936 36.285973 0.264707 -0.776973 -0.571177 0.557670 0.651780 2 88 0.650000 7 0.350000
  88 7.008224 8.183924 36.653843 0.190901 -0.832051 -0.520814 0.559140 0.668290 2 88 0.600000 7 0.400000
  88 6.020752 8.596622 35.632557 0.191218 -0.831885 -0.520963 0.521810 0.668660 2 88 0.600000 7 0.400000
skt
  88 7.008224 8.183924 36.653843 0.190901 -0.832051 -0.520814 0.559140 0.668290 2 88 0.600000 7 0.400000
  88 7.430481 8.513936 36.285973 0.264707 -0.776973 -0.571177 0.557670 0.651780 2 88 0.650000 7 0.350000
  88 7.997902 7.770119 37.677700 0.190779 -0.832153 -0.520696 0.595400 0.669260 2 88 0.600000 7 0.400000
skt
  7 6.180983 7.522791 37.416039 0.187482 -0.835268 -0.516893 0.563330 0.700790 2 7 0.500000 88 0.500000
  88 7.008224 8.183924 36.653843 0.190901 -0.832051 -0.520814 0.559140 0.668290 2 88 0.600000 7 0.400000
  88 7.997902 7.770119 37.677700 0.190779 -0.832153 -0.520696 0.595400 0.669260 2 88 0.600000 7 0.400000
skt
  7 7.064818 7.135816 38.359406 0.185038 -0.836007 -0.516578 0.596620 0.700650 2 7 0.500000 88 0.500000
  7 6.180983 7.522791 37.416039 0.187482 -0.835268 -0.516893 0.563330 0.700790 2 7 0.500000 88 0.500000
  88 7.997902 7.770119 37.677700 0.190779 -0.832153 -0.520696 0.595400 0.669260 2 88 0.600000 7 0.400000
skt
  7 6.180983 7.522791 37.416039 0.187482 -0.835268 -0.516893 0.563330 0.700790 2 7 0.500000 88 0.500000
  7 7.064818 7.135816 38.359406 0.185038 -0.836007 -0.516578 0.596620 0.700650 2 7 0.500000 88 0.500000
  7 5.896905 6.365168 39.201355 0.181461 -0.842015 -0.508019 0.598630 0.739700 2 7 0.600000 88 0.400000
skt
  7 7.064818 7.135816 38.359406 0.185038 -0.836007 -0.516578 0.596620 0.700650 2 7 0.500000 88 0.500000
  7 7.415784 6.982201 38.733521 0.309148 -0.877083 -0.367631 0.609430 0.700500 2 7 0.500000 88 0.500000
  7 5.896905 6.365168 39.201355 0.181461 -0.842015 -0.508019 0.598630 0.739700 2 7 0.600000 88 0.400000
skt
  7 7.415784 6.982201 38.733521 0.309148 -0.877083 -0.367631 0.609430 0.700500 2 7 0.500000 88 0.500000
  7 6.196051 6.226253 39.536514 0.299790 -0.884142 -0.358357 0.609890 0.739580 2 7 0.600000 88 0.400000
  7 5.896905 6.365168 39.201355 0.181461 -0.842015 -0.508019 0.598630 0.739700 2 7 0.600000 88 0.400000
skt
  88 7.008224 8.183924 36.653843 0.190901 -0.832051 -0.520814 0.559140 0.668290 2 88 0.600000 7 0.400000
  7 6.180983 7.522791 37.416039 0.187482 -0.835268 -0.516893 0.563330 0.700790 2 7 0.500000 88 0.500000
  88 6.020752 8.596622 35.632557 0.191218 -0.831885 -0.520963 0.521810 0.668660 2 88 0.600000 7 0.400000
skt
  7 5.141325 6.714292 38.353531 0.185641 -0.839239 -0.511092 0.569600 0.740230 2 7 0.600000 88 0.400000
  7 6.180983 7.522791 37.416039 0.187482 -0.835268 -0.516893 0.563330 0.700790 2 7 0.500000 88 0.500000
  7 5.896905 6.365168 39.201355 0.181461 -0.842015 -0.508019 0.598630 0.739700 2 7 0.600000 88 0.400000
skt
  7 4.082190 5.943645 39.246552 0.191489 -0.846142 -0.497369 0.575700 0.778560 2 7 0.700000 88 0.300000
  7 5.141325 6.714292 38.353531 0.185641 -0.839239 -0.511092 0.569600 0.740230 2 7 0.600000 88 0.400000
  7 5.896905 6.365168 39.201355 0.181461 -0.842015 -0.508019 0.598630 0.739700 2 7 0.600000 88 0.400000
skt
  7 5.141325 6.714292 38.353531 0.185641 -0.839239 -0.511092 0.569600 0.740230 2 7 0.600000 88 0.400000
  7 4.082190 5.943645 39.246552 0.191489 -0.846142 -0.497369 0.575700 0.778560 2 7 0.700000 88 0.300000
  7 4.387950 7.062683 37.507912 0.190377 -0.836402 -0.513993 0.539610 0.740980 2 7 0.600000 88 0.400000
skt
  7 6.180983 7.522791 37.416039 0.187482 -0.835268 -0.516893 0.563330 0.700790 2 7 0.500000 88 0.500000
  7 5.141325 6.714292 38.353531 0.185641 -0.839239 -0.511092 0.569600 0.740230 2 7 0.600000 88 0.400000
  7 4.387950 7.062683 37.507912 0.190377 -0.836402 -0.513993 0.539610 0.740980 2 7 0.600000 88 0.400000
skt
  7 5.299349 7.908296 36.475235 0.188237 -0.834084 -0.518527 0.529410 0.700930 2 7 0.500000 88 0.500000
  7 6.180983 7.522791 37.416039 0.187482 -0.835268 -0.516893 0.563330 0.700790 2 7 0.500000 88 0.500000
  7 4.387950 7.062683 37.507912 0.190377 -0.836402 -0.513993 0.539610 0.740980 2 7 0.600000 88 0.400000
skt
  7 6.180983 7.522791 37.416039 0.187482 -0.835268 -0.516893 0.563330 0.700790 2 7 0.500000 88 0.500000
  7 5.299349 7.908296 36.475235 0.188237 -0.834084 -0.518527 0.529410 0.700930 2 7 0.500000 88 0.500000
  88 6.020752 8.596622 35.632557 0.191218 -0.831885 -0.520963 0.521810 0.668660 2 88 0.600000 7 0.400000
skt
  7 5.299349 7.908296 36.475235 0.188237 -0.834084 -0.518527 0.529410 0.700930 2 7 0.500000 88 0.500000
  7 4.955001 8.058977 36.108101 -0.010349 -0.776874 -0.629571 0.515850 0.700990 2 7 0.500000 88 0.500000
  88 6.020752 8.596622 35.632557 0.191218 -0.831885 -0.520963 0.521810 0.668660 2 88 0.600000 7 0.400000
skt
  7 4.955001 8.058977 36.108101 -0.010349 -0.776874 -0.629571 0.515850 0.700990 2 7 0.500000 88 0.500000
  7 5.299349 7.908296 36.475235 0.188237 -0.834084 -0.518527 0.529410 0.700930 2 7 0.500000 88 0.500000
  7 4.387950 7.062683 37.507912 0.190377 -0.836402 -0.513993 0.539610 0.740980 2 7 0.600000 88 0.400000
skt
  7 4.082190 5.943645 39.246552 0.191489 -0.846142 -0.497369 0.575700 0.778560 2 7 0.700000 88 0.300000
  7 3.439433 6.251613 38.475536 0.199029 -0.840332 -0.504212 0.549740 0.779710 2 7 0.700000 88 0.300000
  7 4.387950 7.062683 37.507912 0.190377 -0.836402 -0.513993 0.539610 0.740980 2 7 0.600000 88 0.400000
skt
  7 4.889586 8.118876 36.070244 -0.544279 -0.395086 -0.740046 0.513380 0.701090 2 7 0.500000 88 0.500000
  7 4.955001 8.058977 36.108101 -0.010349 -0.776874 -0.629571 0.515850 0.700990 2 7 0.500000 88 0.500000
  7 4.038459 7.253416 37.147026 -0.545318 -0.365593 -0.754301 0.525560 0.741330 2 7 0.600000 88 0.400000
skt
  7 4.955001 8.058977 36.108101 -0.010349 -0.776874 -0.629571 0.515850 0.700990 2 7 0.500000 88 0.500000
  7 4.093950 7.199026 37.178993 -0.012892 -0.769018 -0.639097 0.527780 0.741190 2 7 0.600000 88 0.400000
  7 4.038459 7.253416 37.147026 -0.545318 -0.365593 -0.754301 0.525560 0.741330 2 7 0.600000 88 0.400000
skt
  7 4.093950 7.199026 37.178993 -0.012892 -0.769018 -0.639097 0.527780 0.741190 2 7 0.600000 88 0.400000
  7 4.955001 8.058977 36.108101 -0.010349 -0.776874 -0.629571 0.515850 0.700990 2 7 0.500000 88 0.500000
  7 4.387950 7.062683 37.507912 0.190377 -0.836402 -0.513993 0.539610 0.740980 2 7 0.600000 88 0.400000
skt
  7 3.189899 6.371416 38.178963 -0.027617 -0.758855 -0.650674 0.539360 0.780240 2 7 0.700000 88 0.300000
  7 4.093950 7.199026 37.178993 -0.012892 -0.769018 -0.639097 0.527780 0.741190 2 7 0.600000 88 0.400000
  7 4.387950 7.062683 37.507912 0.190377 -0.836402 -0.513993 0.539610 0.740980 2 7 0.600000 88 0.400000
skt
  7 3.439433 6.251613 38.475536 0.199029 -0.840332 -0.504212 0.549740 0.779710 2 7 0.700000 88 0.300000
  7 3.189899 6.371416 38.178963 -0.027617 -0.758855 -0.650674 0.539360 0.780240 2 7 0.700000 88 0.300000
  7 4.387950 7.062683 37.507912 0.190377 -0.836402 -0.513993 0.539610 0.740980 2 7 0.600000 88 0.400000
skt
  7 3.189899 6.371416 38.178963 -0.027617 -0.758855 -0.650674 0.539360 0.780240 2 7 0.700000 88 0.300000
  7 3.439433 6.251613 38.475536 0.199029 -0.840332 -0.504212 0.549740 0.779710 2 7 0.700000 88 0.300000
  7 2.462250 5.471411 39.399796 0.202476 -0.848660 -0.488651 0.560500 0.817510 2 7 0.800000 88 0.200000
skt
  7 3.439433 6.251613 38.475536 0.199029 -0.840332 -0.504212 0.549740 0.779710 2 7 0.700000 88 0.300000
  7 4.082190 5.943645 39.246552 0.191489 -0.846142 -0.497369 0.575700 0.778560 2 7 0.700000 88 0.300000
  7 2.462250 5.471411 39.399796 0.202476 -0.848660 -0.488651 0.560500 0.817510 2 7 0.800000 88 0.200000
skt
  7 4.082190 5.943645 39.246552 0.191489 -0.846142 -0.497369 0.575700 0.778560 2 7 0.700000 88 0.300000
  7 2.993655 5.217464 40.071598 0.200715 -0.853384 -0.481092 0.582270 0.815420 2 7 0.800000 88 0.200000
  7 2.462250 5.471411 39.399796 0.202476 -0.848660 -0.488651 0.560500 0.817510 2 7 0.800000 88 0.200000
skt
  7 4.093950 7.199026 37.178993 -0.012892 -0.769018 -0.639097 0.527780 0.741190 2 7 0.600000 88 0.400000
  7 3.189899 6.371416 38.178963 -0.027617 -0.758855 -0.650674 0.539360 0.780240 2 7 0.700000 88 0.300000
  7 4.038459 7.253416 37.147026 -0.545318 -0.365593 -0.754301 0.525560 0.741330 2 7 0.600000 88 0.400000
skt
  7 3.189899 6.371416 38.178963 -0.027617 -0.758855 -0.650674 0.539360 0.780240 2 7 0.700000 88 0.300000
  7 3.144330 6.421030 38.153606 -0.553136 -0.317339 -0.770283 0.537200 0.780440 2 7 0.700000 88 0.300000
  7 4.038459 7.253416 37.147026 -0.545318 -0.365593 -0.754301 0.525560 0.741330 2 7 0.600000 88 0.400000
skt
  7 1.864695 4.542736 40.806206 0.206939 -0.859459 -0.467447 0.588790 0.851500 2 7 0.900000 88 0.100000
  7 2.264903 4.365232 41.310799 0.197500 -0.860770 -0.469114 0.604580 0.848670 2 7 0.900000 88 0.100000
  7 0.973875 3.804798 41.796265 0.209256 -0.865957 -0.454235 0.606450 0.885130 1 7 1.000000
skt
  7 0.715523 3.894100 41.495285 0.221483 -0.866870 -0.446633 0.596420 0.887840 1 7 1.000000
  7 1.864695 4.542736 40.806206 0.206939 -0.859459 -0.467447 0.588790 0.851500 2 7 0.900000 88 0.100000
  7 0.973875 3.804798 41.796265 0.209256 -0.865957 -0.454235 0.606450 0.885130 1 7 1.000000
skt
  7 1.864695 4.542736 40.806206 0.206939 -0.859459 -0.467447 0.588790 0.851500 2 7 0.900000 88 0.100000
  7 0.715523 3.894100 41.495285 0.221483 -0.866870 -0.446633 0.596420 0.887840 1 7 1.000000
  7 0.458272 3.983037 41.194668 0.218160 -0.860987 -0.459464 0.586380 0.890460 1 7 1.000000
skt
  7 1.465223 4.720241 40.302380 0.209463 -0.854734 -0.474927 0.572620 0.854130 2 7 0.900000 88 0.100000
  7 1.864695 4.542736 40.806206 0.206939 -0.859459 -0.467447 0.588790 0.851500 2 7 0.900000 88 0.100000
  7 0.458272 3.983037 41.194668 0.218160 -0.860987 -0.459464 0.586380 0.890460 1 7 1.000000
skt
  7 1.310873 4.789329 40.113110 -0.082131 -0.738897 -0.668794 0.566300 0.855210 2 7 0.900000 88 0.100000
  7 1.465223 4.720241 40.302380 0.209463 -0.854734 -0.474927 0.572620 0.854130 2 7 0.900000 88 0.100000
  7 0.458272 3.983037 41.194668 0.218160 -0.860987 -0.459464 0.586380 0.890460 1 7 1.000000
skt
  7 1.465223 4.720241 40.302380 0.209463 -0.854734 -0.474927 0.572620 0.854130 2 7 0.900000 88 0.100000
  7 1.310873 4.789329 40.113110 -0.082131 -0.738897 -0.668794 0.566300 0.855210 2 7 0.900000 88 0.100000
  7 2.462250 5.471411 39.399796 0.202476 -0.848660 -0.488651 0.560500 0.817510 2 7 0.800000 88 0.200000
skt
  7 1.310873 4.789329 40.113110 -0.082131 -0.738897 -0.668794 0.566300 0.855210 2 7 0.900000 88 0.100000
  7 2.257185 5.570634 39.144753 -0.051680 -0.747493 -0.662256 0.551950 0.818320 2 7 0.800000 88 0.200000
  7 2.462250 5.471411 39.399796 0.202476 -0.848660 -0.488651 0.560500 0.817510 2 7 0.800000 88 0.200000
skt
  7 2.257185 5.570634 39.144753 -0.051680 -0.747493 -0.662256 0.551950 0.818320 2 7 0.800000 88 0.200000
  7 3.189899 6.371416 38.178963 -0.027617 -0.758855 -0.650674 0.539360 0.780240 2 7 0.700000 88 0.300000
  7 2.462250 5.471411 39.399796 0.202476 -0.848660 -0.488651 0.560500 0.817510 2 7 0.800000 88 0.200000
skt
  7 3.189899 6.371416 38.178963 -0.027617 -0.758855 -0.650674 0.539360 0.780240 2 7 0.700000 88 0.300000
  7 2.257185 5.570634 39.144753 -0.051680 -0.747493 -0.662256 0.551950 0.818320 2 7 0.800000 88 0.200000
  7 2.220803 5.613628 39.127113 -0.575869 -0.269747 -0.771759 0.549860 0.818670 2 7 0.800000 88 0.200000
skt
  7 3.144330 6.421030 38.153606 -0.553136 -0.317339 -0.770283 0.537200 0.780440 2 7 0.700000 88 0.300000
  7 3.189899 6.371416 38.178963 -0.027617 -0.758855 -0.650674 0.539360 0.780240 2 7 0.700000 88 0.300000
  7 2.220803 5.613628 39.127113 -0.575869 -0.269747 -0.771759 0.549860 0.818670 2 7 0.800000 88 0.200000
skt
  7 3.111990 6.516945 38.196976 -0.753583 0.042421 -0.655982 0.535747 0.780791 2 7 0.700000 88 0.300000
  7 3.144330 6.421030 38.153606 -0.553136 -0.317339 -0.770283 0.537200 0.780440 2 7 0.700000 88 0.300000
  7 2.220803 5.613628 39.127113 -0.575869 -0.269747 -0.771759 0.549860 0.818670 2 7 0.800000 88 0.200000
skt
  7 3.144330 6.421030 38.153606 -0.553136 -0.317339 -0.770283 0.537200 0.780440 2 7 0.700000 88 0.300000
  7 3.111990 6.516945 38.196976 -0.753583 0.042421 -0.655982 0.535747 0.780791 2 7 0.700000 88 0.300000
  7 4.038459 7.253416 37.147026 -0.545318 -0.365593 -0.754301 0.525560 0.741330 2 7 0.600000 88 0.400000
skt
  7 3.111990 6.516945 38.196976 -0.753583 0.042421 -0.655982 0.535747 0.780791 2 7 0.700000 88 0.300000
  7 4.000237 7.357786 37.192230 -0.767145 -0.003097 -0.641466 0.523827 0.741382 2 7 0.600000 88 0.400000
  7 4.038459 7.253416 37.147026 -0.545318 -0.365593 -0.754301 0.525560 0.741330 2 7 0.600000 88 0.400000
skt
  7 4.000237 7.357786 37.192230 -0.767145 -0.003097 -0.641466 0.523827 0.741382 2 7 0.600000 88 0.400000
  7 4.844752 8.231701 36.118759 -0.774621 -0.036313 -0.631382 0.511457 0.701421 2 7 0.500000 88 0.500000
  7 4.038459 7.253416 37.147026 -0.545318 -0.365593 -0.754301 0.525560 0.741330 2 7 0.600000 88 0.400000
skt
  7 4.844752 8.231701 36.118759 -0.774621 -0.036313 -0.631382 0.511457 0.701421 2 7 0.500000 88 0.500000
  7 4.889586 8.118876 36.070244 -0.544279 -0.395086 -0.740046 0.513380 0.701090 2 7 0.500000 88 0.500000
  7 4.038459 7.253416 37.147026 -0.545318 -0.365593 -0.754301 0.525560 0.741330 2 7 0.600000 88 0.400000
skt
  7 4.889586 8.118876 36.070244 -0.544279 -0.395086 -0.740046 0.513380 0.701090 2 7 0.500000 88 0.500000
  7 4.844752 8.231701 36.118759 -0.774621 -0.036313 -0.631382 0.511457 0.701421 2 7 0.500000 88 0.500000
  88 5.562112 8.821537 35.191929 -0.525808 -0.394377 -0.753653 0.504450 0.668730 2 88 0.600000 7 0.400000
skt
  7 4.955001 8.058977 36.108101 -0.010349 -0.776874 -0.629571 0.515850 0.700990 2 7 0.500000 88 0.500000
  7 4.889586 8.118876 36.070244 -0.544279 -0.395086 -0.740046 0.513380 0.701090 2 7 0.500000 88 0.500000
  88 5.562112 8.821537 35.191929 -0.525808 -0.394377 -0.753653 0.504450 0.668730 2 88 0.600000 7 0.400000
skt
  88 5.635244 8.757961 35.233456 -0.001350 -0.774349 -0.632757 0.507120 0.668690 2 88 0.600000 7 0.400000
  7 4.955001 8.058977 36.108101 -0.010349 -0.776874 -0.629571 0.515850 0.700990 2 7 0.500000 88 0.500000
  88 5.562112 8.821537 35.191929 -0.525808 -0.394377 -0.753653 0.504450 0.668730 2 88 0.600000 7 0.400000
skt
  7 2.257185 5.570634 39.144753 -0.051680 -0.747493 -0.662256 0.551950 0.818320 2 7 0.800000 88 0.200000
  7 1.310873 4.789329 40.113110 -0.082131 -0.738897 -0.668794 0.566300 0.855210 2 7 0.900000 88 0.100000
  7 2.220803 5.613628 39.127113 -0.575869 -0.269747 -0.771759 0.549860 0.818670 2 7 0.800000 88 0.200000
skt
  7 1.310873 4.789329 40.113110 -0.082131 -0.738897 -0.668794 0.566300 0.855210 2 7 0.900000 88 0.100000
  7 1.282943 4.822403 40.103561 -0.604193 -0.226017 -0.764112 0.564270 0.855760 2 7 0.900000 88 0.100000
  7 2.220803 5.613628 39.127113 -0.575869 -0.269747 -0.771759 0.549860 0.818670 2 7 0.800000 88 0.200000
skt
  7 0.357578 4.017948 41.083313 -0.099828 -0.728732 -0.677484 0.582570 0.891480 1 7 1.000000
  7 1.310873 4.789329 40.113110 -0.082131 -0.738897 -0.668794 0.566300 0.855210 2 7 0.900000 88 0.100000
  7 0.458272 3.983037 41.194668 0.218160 -0.860987 -0.459464 0.586380 0.890460 1 7 1.000000
skt
  7 1.310873 4.789329 40.113110 -0.082131 -0.738897 -0.668794 0.566300 0.855210 2 7 0.900000 88 0.100000
  7 0.357578 4.017948 41.083313 -0.099828 -0.728732 -0.677484 0.582570 0.891480 1 7 1.000000
  7 0.338100 4.039998 41.081478 -0.637423 -0.168352 -0.751898 0.580660 0.892290 1 7 1.000000
skt
  7 1.282943 4.822403 40.103561 -0.604193 -0.226017 -0.764112 0.564270 0.855760 2 7 0.900000 88 0.100000
  7 1.310873 4.789329 40.113110 -0.082131 -0.738897 -0.668794 0.566300 0.855210 2 7 0.900000 88 0.100000
  7 0.338100 4.039998 41.081478 -0.637423 -0.168352 -0.751898 0.580660 0.892290 1 7 1.000000
skt
  7 1.263098 4.891860 40.138840 -0.758444 0.109304 -0.642507 0.563128 0.856151 2 7 0.900000 88 0.100000
  7 1.282943 4.822403 40.103561 -0.604193 -0.226017 -0.764112 0.564270 0.855760 2 7 0.900000 88 0.100000
  7 0.338100 4.039998 41.081478 -0.637423 -0.168352 -0.751898 0.580660 0.892290 1 7 1.000000
skt
  7 1.282943 4.822403 40.103561 -0.604193 -0.226017 -0.764112 0.564270 0.855760 2 7 0.900000 88 0.100000
  7 1.263098 4.891860 40.138840 -0.758444 0.109304 -0.642507 0.563128 0.856151 2 7 0.900000 88 0.100000
  7 2.220803 5.613628 39.127113 -0.575869 -0.269747 -0.771759 0.549860 0.818670 2 7 0.800000 88 0.200000
skt
  7 1.263098 4.891860 40.138840 -0.758444 0.109304 -0.642507 0.563128 0.856151 2 7 0.900000 88 0.100000
  7 2.194710 5.698522 39.167534 -0.754108 0.078675 -0.652021 0.548757 0.818811 2 7 0.800000 88 0.200000
  7 2.220803 5.613628 39.127113 -0.575869 -0.269747 -0.771759 0.549860 0.818670 2 7 0.800000 88 0.200000
skt
  7 2.194710 5.698522 39.167534 -0.754108 0.078675 -0.652021 0.548757 0.818811 2 7 0.800000 88 0.200000
  7 3.111990 6.516945 38.196976 -0.753583 0.042421 -0.655982 0.535747 0.780791 2 7 0.700000 88 0.300000
  7 2.220803 5.613628 39.127113 -0.575869 -0.269747 -0.771759 0.549860 0.818670 2 7 0.800000 88 0.200000
skt
  7 0.323767 4.091080 41.109776 -0.765198 0.134125 -0.629668 0.579698 0.892681 1 7 1.000000
  7 1.263098 4.891860 40.138840 -0.758444 0.109304 -0.642507 0.563128 0.856151 2 7 0.900000 88 0.100000
  7 0.338100 4.039998 41.081478 -0.637423 -0.168352 -0.751898 0.580660 0.892290 1 7 1.000000
skt
  88 5.921893 9.165887 34.779953 -0.395917 -0.309366 -0.864605 0.501900 0.653190 2 88 0.650000 7 0.350000
  88 5.997965 9.101199 34.822952 0.086200 -0.706369 -0.702576 0.504480 0.653260 2 88 0.650000 7 0.350000
  88 5.562112 8.821537 35.191929 -0.525808 -0.394377 -0.753653 0.504450 0.668730 2 88 0.600000 7 0.400000
skt
  88 5.997965 9.101199 34.822952 0.086200 -0.706369 -0.702576 0.504480 0.653260 2 88 0.650000 7 0.350000
  88 5.635244 8.757961 35.233456 -0.001350 -0.774349 -0.632757 0.507120 0.668690 2 88 0.600000 7 0.400000
  88 5.562112 8.821537 35.191929 -0.525808 -0.394377 -0.753653 0.504450 0.668730 2 88 0.600000 7 0.400000
skt
  88 7.610923 8.828150 36.213943 0.717208 0.021621 -0.696524 0.557410 0.641440 2 88 0.650000 7 0.350000
  88 7.585198 8.674533 36.182709 0.578013 -0.382008 -0.721090 0.557460 0.645520 2 88 0.650000 7 0.350000
  88 6.546644 9.097159 35.126144 0.579663 -0.378435 -0.721650 0.517980 0.646270 2 88 0.650000 7 0.350000
skt
  88 6.569429 9.251142 35.155907 0.717896 0.028235 -0.695578 0.517530 0.642260 2 88 0.650000 7 0.350000
  88 7.610923 8.828150 36.213943 0.717208 0.021621 -0.696524 0.557410 0.641440 2 88 0.650000 7 0.350000
  88 6.546644 9.097159 35.126144 0.579663 -0.378435 -0.721650 0.517980 0.646270 2 88 0.650000 7 0.350000
skt
  88 6.162605 9.416152 34.742836 0.466455 0.063681 -0.882250 0.502120 0.644130 2 88 0.650000 7 0.350000
  88 6.569429 9.251142 35.155907 0.717896 0.028235 -0.695578 0.517530 0.642260 2 88 0.650000 7 0.350000
  88 6.546644 9.097159 35.126144 0.579663 -0.378435 -0.721650 0.517980 0.646270 2 88 0.650000 7 0.350000
skt
  88 6.140923 9.262534 34.713440 0.313045 -0.252546 -0.915545 0.503830 0.647830 2 88 0.650000 7 0.350000
  88 6.162605 9.416152 34.742836 0.466455 0.063681 -0.882250 0.502120 0.644130 2 88 0.650000 7 0.350000
  88 6.546644 9.097159 35.126144 0.579663 -0.378435 -0.721650 0.517980 0.646270 2 88 0.650000 7 0.350000
skt
  88 5.997965 9.101199 34.822952 0.086200 -0.706369 -0.702576 0.504480 0.653260 2 88 0.650000 7 0.350000
  88 6.140923 9.262534 34.713440 0.313045 -0.252546 -0.915545 0.503830 0.647830 2 88 0.650000 7 0.350000
  88 6.546644 9.097159 35.126144 0.579663 -0.378435 -0.721650 0.517980 0.646270 2 88 0.650000 7 0.350000
skt
  88 6.140923 9.262534 34.713440 0.313045 -0.252546 -0.915545 0.503830 0.647830 2 88 0.650000 7 0.350000
  88 5.997965 9.101199 34.822952 0.086200 -0.706369 -0.702576 0.504480 0.653260 2 88 0.650000 7 0.350000
  88 6.044638 9.279441 34.717110 -0.222997 -0.131527 -0.965905 0.501860 0.648950 2 88 0.650000 7 0.350000
skt
  88 5.997965 9.101199 34.822952 0.086200 -0.706369 -0.702576 0.504480 0.653260 2 88 0.650000 7 0.350000
  88 5.921893 9.165887 34.779953 -0.395917 -0.309366 -0.864605 0.501900 0.653190 2 88 0.650000 7 0.350000
  88 6.044638 9.279441 34.717110 -0.222997 -0.131527 -0.965905 0.501860 0.648950 2 88 0.650000 7 0.350000
skt
  88 5.921893 9.165887 34.779953 -0.395917 -0.309366 -0.864605 0.501900 0.653190 2 88 0.650000 7 0.350000
  88 5.870442 9.287160 34.831406 -0.648700 0.029544 -0.760470 0.498908 0.652741 2 88 0.650000 7 0.350000
  88 6.044638 9.279441 34.717110 -0.222997 -0.131527 -0.965905 0.501860 0.648950 2 88 0.650000 7 0.350000
skt
  88 5.870442 9.287160 34.831406 -0.648700 0.029544 -0.760470 0.498908 0.652741 2 88 0.650000 7 0.350000
  88 5.921893 9.165887 34.779953 -0.395917 -0.309366 -0.864605 0.501900 0.653190 2 88 0.650000 7 0.350000
  88 5.562112 8.821537 35.191929 -0.525808 -0.394377 -0.753653 0.504450 0.668730 2 88 0.600000 7 0.400000
skt
  88 5.512499 8.940609 35.242641 -0.758245 -0.038755 -0.650817 0.502407 0.669220 2 88 0.600000 7 0.400000
  88 5.870442 9.287160 34.831406 -0.648700 0.029544 -0.760470 0.498908 0.652741 2 88 0.650000 7 0.350000
  88 5.562112 8.821537 35.191929 -0.525808 -0.394377 -0.753653 0.504450 0.668730 2 88 0.600000 7 0.400000
skt
  7 4.844752 8.231701 36.118759 -0.774621 -0.036313 -0.631382 0.511457 0.701421 2 7 0.500000 88 0.500000
  88 5.512499 8.940609 35.242641 -0.758245 -0.038755 -0.650817 0.502407 0.669220 2 88 0.600000 7 0.400000
  88 5.562112 8.821537 35.191929 -0.525808 -0.394377 -0.753653 0.504450 0.668730 2 88 0.600000 7 0.400000
skt
  88 5.870442 9.287160 34.831406 -0.648700 0.029544 -0.760470 0.498908 0.652741 2 88 0.650000 7 0.350000
  88 6.045005 9.402183 34.719688 -0.102822 0.021158 -0.994475 0.499700 0.646570 2 88 0.650000 7 0.350000
  88 6.044638 9.279441 34.717110 -0.222997 -0.131527 -0.965905 0.501860 0.648950 2 88 0.650000 7 0.350000
skt
  88 6.045005 9.402183 34.719688 -0.102822 0.021158 -0.994475 0.499700 0.646570 2 88 0.650000 7 0.350000
  88 6.162605 9.416152 34.742836 0.466455 0.063681 -0.882250 0.502120 0.644130 2 88 0.650000 7 0.350000
  88 6.044638 9.279441 34.717110 -0.222997 -0.131527 -0.965905 0.501860 0.648950 2 88 0.650000 7 0.350000
skt
  88 6.162605 9.416152 34.742836 0.466455 0.063681 -0.882250 0.502120 0.644130 2 88 0.650000 7 0.350000
  88 6.140923 9.262534 34.713440 0.313045 -0.252546 -0.915545 0.503830 0.647830 2 88 0.650000 7 0.350000
  88 6.044638 9.279441 34.717110 -0.222997 -0.131527 -0.965905 0.501860 0.648950 2 88 0.650000 7 0.350000
skt
  88 6.592948 9.771893 34.034660 -0.399071 0.085098 -0.912963 0.469060 0.605700 2 88 0.650000 7 0.350000
  88 6.574204 9.891328 34.114780 -0.600848 0.657222 -0.455018 0.473450 0.604680 2 88 0.650000 7 0.350000
  88 6.605443 9.895001 34.104492 0.059260 0.743422 -0.666192 0.473140 0.603680 2 88 0.650000 7 0.350000
skt
  88 6.615366 9.804598 34.052307 0.203745 0.472466 -0.857475 0.469790 0.604490 2 88 0.650000 7 0.350000
  88 6.592948 9.771893 34.034660 -0.399071 0.085098 -0.912963 0.469060 0.605700 2 88 0.650000 7 0.350000
  88 6.605443 9.895001 34.104492 0.059260 0.743422 -0.666192 0.473140 0.603680 2 88 0.650000 7 0.350000
skt
  88 6.615366 9.804598 34.052307 0.203745 0.472466 -0.857475 0.469790 0.604490 2 88 0.650000 7 0.350000
  88 6.651749 9.761600 34.045326 0.276867 0.275645 -0.920524 0.467670 0.603900 2 88 0.650000 7 0.350000
  88 6.592948 9.771893 34.034660 -0.399071 0.085098 -0.912963 0.469060 0.605700 2 88 0.650000 7 0.350000
skt
  88 6.651749 9.761600 34.045326 0.276867 0.275645 -0.920524 0.467670 0.603900 2 88 0.650000 7 0.350000
  88 6.635946 9.714193 34.036873 -0.327544 -0.278668 -0.902806 0.466509 0.605390 2 88 0.650000 7 0.350000
  88 6.592948 9.771893 34.034660 -0.399071 0.085098 -0.912963 0.469060 0.605700 2 88 0.650000 7 0.350000
skt
  88 6.592948 9.771893 34.034660 -0.399071 0.085098 -0.912963 0.469060 0.605700 2 88 0.650000 7 0.350000
  88 6.635946 9.714193 34.036873 -0.327544 -0.278668 -0.902806 0.466509 0.605390 2 88 0.650000 7 0.350000
  88 6.556567 9.654658 34.146019 -0.558354 -0.490467 -0.669091 0.469017 0.611201 2 88 0.650000 7 0.350000
skt
  88 6.615366 9.804598 34.052307 0.203745 0.472466 -0.857475 0.469790 0.604490 2 88 0.650000 7 0.350000
  88 6.605443 9.895001 34.104492 0.059260 0.743422 -0.666192 0.473140 0.603680 2 88 0.650000 7 0.350000
  88 6.651749 9.761600 34.045326 0.276867 0.275645 -0.920524 0.467670 0.603900 2 88 0.650000 7 0.350000
skt
  88 6.605443 9.895001 34.104492 0.059260 0.743422 -0.666192 0.473140 0.603680 2 88 0.650000 7 0.350000
  88 6.650646 9.868175 34.115517 0.500992 0.580098 -0.642257 0.472420 0.601840 2 88 0.650000 7 0.350000
  88 6.651749 9.761600 34.045326 0.276867 0.275645 -0.920524 0.467670 0.603900 2 88 0.650000 7 0.350000
skt
  88 6.723042 9.938001 34.271702 0.549093 0.720179 -0.424075 0.479210 0.599720 2 88 0.650000 7 0.350000
  88 6.650646 9.868175 34.115517 0.500992 0.580098 -0.642257 0.472420 0.601840 2 88 0.650000 7 0.350000
  88 6.605443 9.895001 34.104492 0.059260 0.743422 -0.666192 0.473140 0.603680 2 88 0.650000 7 0.350000
skt
  88 6.082491 9.375354 34.794289 -0.856316 0.498075 -0.136544 0.491650 0.636918 2 88 0.650000 7 0.350000
  88 6.316223 9.623788 34.465004 -0.832127 0.515518 -0.204463 0.481380 0.621910 2 88 0.650000 7 0.350000
  88 6.329082 9.549188 34.420906 -0.735792 -0.262895 -0.624096 0.478170 0.623690 2 88 0.650000 7 0.350000
skt
  88 6.089472 9.344854 34.785103 -0.560382 -0.508335 -0.653887 0.490600 0.637848 2 88 0.650000 7 0.350000
  88 6.082491 9.375354 34.794289 -0.856316 0.498075 -0.136544 0.491650 0.636918 2 88 0.650000 7 0.350000
  88 6.329082 9.549188 34.420906 -0.735792 -0.262895 -0.624096 0.478170 0.623690 2 88 0.650000 7 0.350000
skt
  88 6.089472 9.344854 34.785103 -0.560382 -0.508335 -0.653887 0.490600 0.637848 2 88 0.650000 7 0.350000
  88 6.329082 9.549188 34.420906 -0.735792 -0.262895 -0.624096 0.478170 0.623690 2 88 0.650000 7 0.350000
  88 6.120344 9.329417 34.799065 -0.177768 -0.805031 -0.565971 0.489619 0.638768 2 88 0.650000 7 0.350000
skt
  88 6.329082 9.549188 34.420906 -0.735792 -0.262895 -0.624096 0.478170 0.623690 2 88 0.650000 7 0.350000
  88 6.366201 9.512805 34.428993 -0.472514 -0.621012 -0.625359 0.477478 0.624152 2 88 0.650000 7 0.350000
  88 6.120344 9.329417 34.799065 -0.177768 -0.805031 -0.565971 0.489619 0.638768 2 88 0.650000 7 0.350000
skt
  88 6.556567 9.654658 34.146019 -0.558354 -0.490467 -0.669091 0.469017 0.611201 2 88 0.650000 7 0.350000
  88 6.366201 9.512805 34.428993 -0.472514 -0.621012 -0.625359 0.477478 0.624152 2 88 0.650000 7 0.350000
  88 6.329082 9.549188 34.420906 -0.735792 -0.262895 -0.624096 0.478170 0.623690 2 88 0.650000 7 0.350000
skt
  88 6.515038 9.707211 34.142342 -0.760707 -0.166654 -0.627337 0.470300 0.610740 2 88 0.650000 7 0.350000
  88 6.556567 9.654658 34.146019 -0.558354 -0.490467 -0.669091 0.469017 0.611201 2 88 0.650000 7 0.350000
  88 6.329082 9.549188 34.420906 -0.735792 -0.262895 -0.624096 0.478170 0.623690 2 88 0.650000 7 0.350000
skt
  88 6.515038 9.707211 34.142342 -0.760707 -0.166654 -0.627337 0.470300 0.610740 2 88 0.650000 7 0.350000
  88 6.592948 9.771893 34.034660 -0.399071 0.085098 -0.912963 0.469060 0.605700 2 88 0.650000 7 0.350000
  88 6.556567 9.654658 34.146019 -0.558354 -0.490467 -0.669091 0.469017 0.611201 2 88 0.650000 7 0.350000
skt
  88 6.515038 9.707211 34.142342 -0.760707 -0.166654 -0.627337 0.470300 0.610740 2 88 0.650000 7 0.350000
  88 6.497397 9.814887 34.212536 -0.842537 0.484052 -0.236274 0.475080 0.609090 2 88 0.650000 7 0.350000
  88 6.592948 9.771893 34.034660 -0.399071 0.085098 -0.912963 0.469060 0.605700 2 88 0.650000 7 0.350000
skt
  88 6.497397 9.814887 34.212536 -0.842537 0.484052 -0.236274 0.475080 0.609090 2 88 0.650000 7 0.350000
  88 6.574204 9.891328 34.114780 -0.600848 0.657222 -0.455018 0.473450 0.604680 2 88 0.650000 7 0.350000
  88 6.592948 9.771893 34.034660 -0.399071 0.085098 -0.912963 0.469060 0.605700 2 88 0.650000 7 0.350000
skt
  88 6.657261 9.967764 34.294121 -0.355901 0.928417 0.106664 0.479650 0.602540 2 88 0.650000 7 0.350000
  88 6.574204 9.891328 34.114780 -0.600848 0.657222 -0.455018 0.473450 0.604680 2 88 0.650000 7 0.350000
  88 6.497397 9.814887 34.212536 -0.842537 0.484052 -0.236274 0.475080 0.609090 2 88 0.650000 7 0.350000
skt
  88 6.605443 9.895001 34.104492 0.059260 0.743422 -0.666192 0.473140 0.603680 2 88 0.650000 7 0.350000
  88 6.574204 9.891328 34.114780 -0.600848 0.657222 -0.455018 0.473450 0.604680 2 88 0.650000 7 0.350000
  88 6.657261 9.967764 34.294121 -0.355901 0.928417 0.106664 0.479650 0.602540 2 88 0.650000 7 0.350000
skt
  88 6.686294 9.969974 34.278687 0.199447 0.950922 -0.236575 0.479350 0.601420 2 88 0.650000 7 0.350000
  88 6.605443 9.895001 34.104492 0.059260 0.743422 -0.666192 0.473140 0.603680 2 88 0.650000 7 0.350000
  88 6.657261 9.967764 34.294121 -0.355901 0.928417 0.106664 0.479650 0.602540 2 88 0.650000 7 0.350000
skt
  88 6.686294 9.969974 34.278687 0.199447 0.950922 -0.236575 0.479350 0.601420 2 88 0.650000 7 0.350000
  88 6.723042 9.938001 34.271702 0.549093 0.720179 -0.424075 0.479210 0.599720 2 88 0.650000 7 0.350000
  88 6.605443 9.895001 34.104492 0.059260 0.743422 -0.666192 0.473140 0.603680 2 88 0.650000 7 0.350000
skt
  88 6.686294 9.969974 34.278687 0.199447 0.950922 -0.236575 0.479350 0.601420 2 88 0.650000 7 0.350000
  88 6.942073 9.901250 34.567902 0.380870 0.924625 0.002439 0.492940 0.596350 2 88 0.650000 7 0.350000
  88 6.723042 9.938001 34.271702 0.549093 0.720179 -0.424075 0.479210 0.599720 2 88 0.650000 7 0.350000
skt
  88 6.942073 9.901250 34.567902 0.380870 0.924625 0.002439 0.492940 0.596350 2 88 0.650000 7 0.350000
  88 6.958979 9.874791 34.538139 0.611927 0.730892 -0.302228 0.492320 0.594710 2 88 0.650000 7 0.350000
  88 6.723042 9.938001 34.271702 0.549093 0.720179 -0.424075 0.479210 0.599720 2 88 0.650000 7 0.350000
skt
  88 7.203363 9.735507 34.756069 0.729879 0.605655 -0.316951 0.505969 0.590769 2 88 0.650000 7 0.350000
  88 6.958979 9.874791 34.538139 0.611927 0.730892 -0.302228 0.492320 0.594710 2 88 0.650000 7 0.350000
  88 6.942073 9.901250 34.567902 0.380870 0.924625 0.002439 0.492940 0.596350 2 88 0.650000 7 0.350000
skt
  88 6.515038 9.707211 34.142342 -0.760707 -0.166654 -0.627337 0.470300 0.610740 2 88 0.650000 7 0.350000
  88 6.329082 9.549188 34.420906 -0.735792 -0.262895 -0.624096 0.478170 0.623690 2 88 0.650000 7 0.350000
  88 6.497397 9.814887 34.212536 -0.842537 0.484052 -0.236274 0.475080 0.609090 2 88 0.650000 7 0.350000
skt
  88 6.329082 9.549188 34.420906 -0.735792 -0.262895 -0.624096 0.478170 0.623690 2 88 0.650000 7 0.350000
  88 6.316223 9.623788 34.465004 -0.832127 0.515518 -0.204463 0.481380 0.621910 2 88 0.650000 7 0.350000
  88 6.497397 9.814887 34.212536 -0.842537 0.484052 -0.236274 0.475080 0.609090 2 88 0.650000 7 0.350000
skt
  88 6.686294 9.969974 34.278687 0.199447 0.950922 -0.236575 0.479350 0.601420 2 88 0.650000 7 0.350000
  88 6.657261 9.967764 34.294121 -0.355901 0.928417 0.106664 0.479650 0.602540 2 88 0.650000 7 0.350000
  88 6.942073 9.901250 34.567902 0.380870 0.924625 0.002439 0.492940 0.596350 2 88 0.650000 7 0.350000
skt
  88 6.657261 9.967764 34.294121 -0.355901 0.928417 0.106664 0.479650 0.602540 2 88 0.650000 7 0.350000
  88 6.919290 9.897208 34.590324 -0.084306 0.892327 0.443446 0.493410 0.597540 2 88 0.650000 7 0.350000
  88 6.942073 9.901250 34.567902 0.380870 0.924625 0.002439 0.492940 0.596350 2 88 0.650000 7 0.350000
skt
  88 7.513904 9.280910 35.128712 0.007385 0.931045 0.364830 0.538200 0.587710 2 88 0.650000 7 0.350000
  88 7.617537 9.316188 35.035370 0.151209 0.959801 0.236471 0.536830 0.580680 2 88 0.650000 7 0.350000
  88 7.399611 9.441875 34.846107 0.483041 0.734755 0.476242 0.520900 0.584210 2 88 0.650000 7 0.350000
skt
  88 7.399611 9.441875 34.846107 0.483041 0.734755 0.476242 0.520900 0.584210 2 88 0.650000 7 0.350000
  88 7.617537 9.316188 35.035370 0.151209 0.959801 0.236471 0.536830 0.580680 2 88 0.650000 7 0.350000
  88 7.637753 9.312883 35.013687 0.583983 0.766599 -0.267001 0.536580 0.579250 2 88 0.650000 7 0.350000
skt
  88 7.413209 9.442241 34.817802 0.747180 0.631344 -0.207669 0.520270 0.582770 2 88 0.650000 7 0.350000
  88 7.399611 9.441875 34.846107 0.483041 0.734755 0.476242 0.520900 0.584210 2 88 0.650000 7 0.350000
  88 7.637753 9.312883 35.013687 0.583983 0.766599 -0.267001 0.536580 0.579250 2 88 0.650000 7 0.350000
skt
  88 7.413209 9.442241 34.817802 0.747180 0.631344 -0.207669 0.520270 0.582770 2 88 0.650000 7 0.350000
  88 7.637753 9.312883 35.013687 0.583983 0.766599 -0.267001 0.536580 0.579250 2 88 0.650000 7 0.350000
  88 7.400714 9.417250 34.776642 0.733990 0.465562 -0.494480 0.519589 0.581289 2 88 0.650000 7 0.350000
skt
  88 7.413209 9.442241 34.817802 0.747180 0.631344 -0.207669 0.520270 0.582770 2 88 0.650000 7 0.350000
  88 7.400714 9.417250 34.776642 0.733990 0.465562 -0.494480 0.519589 0.581289 2 88 0.650000 7 0.350000
  88 7.317290 9.595489 34.817436 0.840521 0.541771 0.002801 0.513230 0.587840 2 88 0.650000 7 0.350000
skt
  88 7.400714 9.417250 34.776642 0.733990 0.465562 -0.494480 0.519589 0.581289 2 88 0.650000 7 0.350000
  88 7.302225 9.576014 34.766357 0.787363 0.461845 -0.408361 0.512748 0.586249 2 88 0.650000 7 0.350000
  88 7.317290 9.595489 34.817436 0.840521 0.541771 0.002801 0.513230 0.587840 2 88 0.650000 7 0.350000
skt
  88 7.317290 9.595489 34.817436 0.840521 0.541771 0.002801 0.513230 0.587840 2 88 0.650000 7 0.350000
  88 7.302225 9.576014 34.766357 0.787363 0.461845 -0.408361 0.512748 0.586249 2 88 0.650000 7 0.350000
  88 7.203363 9.735507 34.756069 0.729879 0.605655 -0.316951 0.505969 0.590769 2 88 0.650000 7 0.350000
skt
  88 7.207776 9.754247 34.803474 0.642440 0.756723 0.121003 0.506830 0.591890 2 88 0.650000 7 0.350000
  88 7.317290 9.595489 34.817436 0.840521 0.541771 0.002801 0.513230 0.587840 2 88 0.650000 7 0.350000
  88 7.203363 9.735507 34.756069 0.729879 0.605655 -0.316951 0.505969 0.590769 2 88 0.650000 7 0.350000
skt
  88 7.207776 9.754247 34.803474 0.642440 0.756723 0.121003 0.506830 0.591890 2 88 0.650000 7 0.350000
  88 7.203363 9.735507 34.756069 0.729879 0.605655 -0.316951 0.505969 0.590769 2 88 0.650000 7 0.350000
  88 6.942073 9.901250 34.567902 0.380870 0.924625 0.002439 0.492940 0.596350 2 88 0.650000 7 0.350000
skt
  88 7.207776 9.754247 34.803474 0.642440 0.756723 0.121003 0.506830 0.591890 2 88 0.650000 7 0.350000
  88 6.942073 9.901250 34.567902 0.380870 0.924625 0.002439 0.492940 0.596350 2 88 0.650000 7 0.350000
  88 7.191605 9.748736 34.832138 0.305048 0.710253 0.634418 0.507460 0.592990 2 88 0.650000 7 0.350000
skt
  88 6.942073 9.901250 34.567902 0.380870 0.924625 0.002439 0.492940 0.596350 2 88 0.650000 7 0.350000
  88 6.919290 9.897208 34.590324 -0.084306 0.892327 0.443446 0.493410 0.597540 2 88 0.650000 7 0.350000
  88 7.191605 9.748736 34.832138 0.305048 0.710253 0.634418 0.507460 0.592990 2 88 0.650000 7 0.350000
skt
  88 7.191605 9.748736 34.832138 0.305048 0.710253 0.634418 0.507460 0.592990 2 88 0.650000 7 0.350000
  88 6.919290 9.897208 34.590324 -0.084306 0.892327 0.443446 0.493410 0.597540 2 88 0.650000 7 0.350000
  88 6.834030 9.811946 34.665665 -0.264381 0.774725 0.574373 0.495740 0.602540 2 88 0.650000 7 0.350000
skt
  88 6.834030 9.811946 34.665665 -0.264381 0.774725 0.574373 0.495740 0.602540 2 88 0.650000 7 0.350000
  88 6.919290 9.897208 34.590324 -0.084306 0.892327 0.443446 0.493410 0.597540 2 88 0.650000 7 0.350000
  88 6.657261 9.967764 34.294121 -0.355901 0.928417 0.106664 0.479650 0.602540 2 88 0.650000 7 0.350000
skt
  88 6.578985 9.881772 34.379745 -0.552354 0.779551 0.295305 0.481810 0.607180 2 88 0.650000 7 0.350000
  88 6.834030 9.811946 34.665665 -0.264381 0.774725 0.574373 0.495740 0.602540 2 88 0.650000 7 0.350000
  88 6.657261 9.967764 34.294121 -0.355901 0.928417 0.106664 0.479650 0.602540 2 88 0.650000 7 0.350000
skt
  88 6.578985 9.881772 34.379745 -0.552354 0.779551 0.295305 0.481810 0.607180 2 88 0.650000 7 0.350000
  88 6.657261 9.967764 34.294121 -0.355901 0.928417 0.106664 0.479650 0.602540 2 88 0.650000 7 0.350000
  88 6.497397 9.814887 34.212536 -0.842537 0.484052 -0.236274 0.475080 0.609090 2 88 0.650000 7 0.350000
skt
  88 6.578985 9.881772 34.379745 -0.552354 0.779551 0.295305 0.481810 0.607180 2 88 0.650000 7 0.350000
  88 6.497397 9.814887 34.212536 -0.842537 0.484052 -0.236274 0.475080 0.609090 2 88 0.650000 7 0.350000
  88 6.393764 9.663476 34.596939 -0.499760 0.795786 0.342001 0.487600 0.619740 2 88 0.650000 7 0.350000
skt
  88 6.497397 9.814887 34.212536 -0.842537 0.484052 -0.236274 0.475080 0.609090 2 88 0.650000 7 0.350000
  88 6.316223 9.623788 34.465004 -0.832127 0.515518 -0.204463 0.481380 0.621910 2 88 0.650000 7 0.350000
  88 6.393764 9.663476 34.596939 -0.499760 0.795786 0.342001 0.487600 0.619740 2 88 0.650000 7 0.350000
skt
  88 6.393764 9.663476 34.596939 -0.499760 0.795786 0.342001 0.487600 0.619740 2 88 0.650000 7 0.350000
  88 6.316223 9.623788 34.465004 -0.832127 0.515518 -0.204463 0.481380 0.621910 2 88 0.650000 7 0.350000
  88 6.082491 9.375354 34.794289 -0.856316 0.498075 -0.136544 0.491650 0.636918 2 88 0.650000 7 0.350000
skt
  88 6.578985 9.881772 34.379745 -0.552354 0.779551 0.295305 0.481810 0.607180 2 88 0.650000 7 0.350000
  88 6.393764 9.663476 34.596939 -0.499760 0.795786 0.342001 0.487600 0.619740 2 88 0.650000 7 0.350000
  88 6.834030 9.811946 34.665665 -0.264381 0.774725 0.574373 0.495740 0.602540 2 88 0.650000 7 0.350000
skt
  88 6.393764 9.663476 34.596939 -0.499760 0.795786 0.342001 0.487600 0.619740 2 88 0.650000 7 0.350000
  88 6.628596 9.595489 34.852722 -0.281644 0.765818 0.578100 0.501820 0.615760 2 88 0.650000 7 0.350000
  88 6.834030 9.811946 34.665665 -0.264381 0.774725 0.574373 0.495740 0.602540 2 88 0.650000 7 0.350000
skt
  88 7.413209 9.442241 34.817802 0.747180 0.631344 -0.207669 0.520270 0.582770 2 88 0.650000 7 0.350000
  88 7.317290 9.595489 34.817436 0.840521 0.541771 0.002801 0.513230 0.587840 2 88 0.650000 7 0.350000
  88 7.399611 9.441875 34.846107 0.483041 0.734755 0.476242 0.520900 0.584210 2 88 0.650000 7 0.350000
skt
  88 7.317290 9.595489 34.817436 0.840521 0.541771 0.002801 0.513230 0.587840 2 88 0.650000 7 0.350000
  88 7.304430 9.591446 34.847939 0.628239 0.452300 0.633041 0.513940 0.589100 2 88 0.650000 7 0.350000
  88 7.399611 9.441875 34.846107 0.483041 0.734755 0.476242 0.520900 0.584210 2 88 0.650000 7 0.350000
skt
  88 7.874421 9.224684 35.258072 0.692693 0.486707 -0.532253 0.553660 0.575548 2 88 0.650000 7 0.350000
  88 7.643998 9.278706 34.994205 0.722258 0.437419 -0.535731 0.536420 0.577949 2 88 0.650000 7 0.350000
  88 7.637753 9.312883 35.013687 0.583983 0.766599 -0.267001 0.536580 0.579250 2 88 0.650000 7 0.350000
skt
  88 7.637753 9.312883 35.013687 0.583983 0.766599 -0.267001 0.536580 0.579250 2 88 0.650000 7 0.350000
  88 7.643998 9.278706 34.994205 0.722258 0.437419 -0.535731 0.536420 0.577949 2 88 0.650000 7 0.350000
  88 7.400714 9.417250 34.776642 0.733990 0.465562 -0.494480 0.519589 0.581289 2 88 0.650000 7 0.350000
skt
  88 6.155257 9.379033 34.879917 -0.390797 0.792863 0.467595 0.496290 0.635308 2 88 0.650000 7 0.350000
  88 6.393764 9.663476 34.596939 -0.499760 0.795786 0.342001 0.487600 0.619740 2 88 0.650000 7 0.350000
  88 6.082491 9.375354 34.794289 -0.856316 0.498075 -0.136544 0.491650 0.636918 2 88 0.650000 7 0.350000
skt
  88 6.155257 9.379033 34.879917 -0.390797 0.792863 0.467595 0.496290 0.635308 2 88 0.650000 7 0.350000
  88 6.363262 9.313621 35.096375 -0.275394 0.785754 0.553849 0.509650 0.631538 2 88 0.650000 7 0.350000
  88 6.393764 9.663476 34.596939 -0.499760 0.795786 0.342001 0.487600 0.619740 2 88 0.650000 7 0.350000
skt
  88 6.363262 9.313621 35.096375 -0.275394 0.785754 0.553849 0.509650 0.631538 2 88 0.650000 7 0.350000
  88 6.628596 9.595489 34.852722 -0.281644 0.765818 0.578100 0.501820 0.615760 2 88 0.650000 7 0.350000
  88 6.393764 9.663476 34.596939 -0.499760 0.795786 0.342001 0.487600 0.619740 2 88 0.650000 7 0.350000
skt
  88 6.894300 9.499570 35.058151 0.017583 0.697929 0.715951 0.515470 0.609480 2 88 0.650000 7 0.350000
  88 6.628596 9.595489 34.852722 -0.281644 0.765818 0.578100 0.501820 0.615760 2 88 0.650000 7 0.350000
  88 6.363262 9.313621 35.096375 -0.275394 0.785754 0.553849 0.509650 0.631538 2 88 0.650000 7 0.350000
skt
  88 6.834030 9.811946 34.665665 -0.264381 0.774725 0.574373 0.495740 0.602540 2 88 0.650000 7 0.350000
  88 6.628596 9.595489 34.852722 -0.281644 0.765818 0.578100 0.501820 0.615760 2 88 0.650000 7 0.350000
  88 6.894300 9.499570 35.058151 0.017583 0.697929 0.715951 0.515470 0.609480 2 88 0.650000 7 0.350000
skt
  88 7.104142 9.677444 34.898293 0.091920 0.608755 0.788015 0.509820 0.597420 2 88 0.650000 7 0.350000
  88 6.834030 9.811946 34.665665 -0.264381 0.774725 0.574373 0.495740 0.602540 2 88 0.650000 7 0.350000
  88 6.894300 9.499570 35.058151 0.017583 0.697929 0.715951 0.515470 0.609480 2 88 0.650000 7 0.350000
skt
  88 7.104142 9.677444 34.898293 0.091920 0.608755 0.788015 0.509820 0.597420 2 88 0.650000 7 0.350000
  88 7.191605 9.748736 34.832138 0.305048 0.710253 0.634418 0.507460 0.592990 2 88 0.650000 7 0.350000
  88 6.834030 9.811946 34.665665 -0.264381 0.774725 0.574373 0.495740 0.602540 2 88 0.650000 7 0.350000
skt
  88 7.104142 9.677444 34.898293 0.091920 0.608755 0.788015 0.509820 0.597420 2 88 0.650000 7 0.350000
  88 7.231296 9.549922 34.905643 0.423584 0.399047 0.813227 0.515880 0.593060 2 88 0.650000 7 0.350000
  88 7.191605 9.748736 34.832138 0.305048 0.710253 0.634418 0.507460 0.592990 2 88 0.650000 7 0.350000
skt
  88 7.104142 9.677444 34.898293 0.091920 0.608755 0.788015 0.509820 0.597420 2 88 0.650000 7 0.350000
  88 6.894300 9.499570 35.058151 0.017583 0.697929 0.715951 0.515470 0.609480 2 88 0.650000 7 0.350000
  88 7.231296 9.549922 34.905643 0.423584 0.399047 0.813227 0.515880 0.593060 2 88 0.650000 7 0.350000
skt
  88 6.894300 9.499570 35.058151 0.017583 0.697929 0.715951 0.515470 0.609480 2 88 0.650000 7 0.350000
  88 7.064817 9.455104 35.038307 0.258218 0.593243 0.762487 0.519670 0.602720 2 88 0.650000 7 0.350000
  88 7.231296 9.549922 34.905643 0.423584 0.399047 0.813227 0.515880 0.593060 2 88 0.650000 7 0.350000
skt
  88 7.068127 9.321702 35.137894 0.186423 0.774839 0.604046 0.526670 0.605700 2 88 0.650000 7 0.350000
  88 7.064817 9.455104 35.038307 0.258218 0.593243 0.762487 0.519670 0.602720 2 88 0.650000 7 0.350000
  88 6.894300 9.499570 35.058151 0.017583 0.697929 0.715951 0.515470 0.609480 2 88 0.650000 7 0.350000
skt
  88 7.231296 9.549922 34.905643 0.423584 0.399047 0.813227 0.515880 0.593060 2 88 0.650000 7 0.350000
  88 7.064817 9.455104 35.038307 0.258218 0.593243 0.762487 0.519670 0.602720 2 88 0.650000 7 0.350000
  88 7.068127 9.321702 35.137894 0.186423 0.774839 0.604046 0.526670 0.605700 2 88 0.650000 7 0.350000
skt
  88 7.302958 9.405498 34.929893 0.325150 0.681077 0.656058 0.523030 0.590670 2 88 0.650000 7 0.350000
  88 7.231296 9.549922 34.905643 0.423584 0.399047 0.813227 0.515880 0.593060 2 88 0.650000 7 0.350000
  88 7.068127 9.321702 35.137894 0.186423 0.774839 0.604046 0.526670 0.605700 2 88 0.650000 7 0.350000
skt
  88 6.641827 9.209250 35.380447 -0.068741 0.850097 0.522120 0.527430 0.626028 2 88 0.650000 7 0.350000
  88 6.894300 9.499570 35.058151 0.017583 0.697929 0.715951 0.515470 0.609480 2 88 0.650000 7 0.350000
  88 6.363262 9.313621 35.096375 -0.275394 0.785754 0.553849 0.509650 0.631538 2 88 0.650000 7 0.350000
skt
  88 6.641827 9.209250 35.380447 -0.068741 0.850097 0.522120 0.527430 0.626028 2 88 0.650000 7 0.350000
  88 7.068127 9.321702 35.137894 0.186423 0.774839 0.604046 0.526670 0.605700 2 88 0.650000 7 0.350000
  88 6.894300 9.499570 35.058151 0.017583 0.697929 0.715951 0.515470 0.609480 2 88 0.650000 7 0.350000
skt
  88 6.641827 9.209250 35.380447 -0.068741 0.850097 0.522120 0.527430 0.626028 2 88 0.650000 7 0.350000
  88 6.925905 9.096793 35.669674 -0.003859 0.928593 0.371079 0.545520 0.622588 2 88 0.650000 7 0.350000
  88 7.068127 9.321702 35.137894 0.186423 0.774839 0.604046 0.526670 0.605700 2 88 0.650000 7 0.350000
skt
  88 7.207776 9.754247 34.803474 0.642440 0.756723 0.121003 0.506830 0.591890 2 88 0.650000 7 0.350000
  88 7.191605 9.748736 34.832138 0.305048 0.710253 0.634418 0.507460 0.592990 2 88 0.650000 7 0.350000
  88 7.317290 9.595489 34.817436 0.840521 0.541771 0.002801 0.513230 0.587840 2 88 0.650000 7 0.350000
skt
  88 7.191605 9.748736 34.832138 0.305048 0.710253 0.634418 0.507460 0.592990 2 88 0.650000 7 0.350000
  88 7.304430 9.591446 34.847939 0.628239 0.452300 0.633041 0.513940 0.589100 2 88 0.650000 7 0.350000
  88 7.317290 9.595489 34.817436 0.840521 0.541771 0.002801 0.513230 0.587840 2 88 0.650000 7 0.350000
skt
  88 7.231296 9.549922 34.905643 0.423584 0.399047 0.813227 0.515880 0.593060 2 88 0.650000 7 0.350000
  88 7.304430 9.591446 34.847939 0.628239 0.452300 0.633041 0.513940 0.589100 2 88 0.650000 7 0.350000
  88 7.191605 9.748736 34.832138 0.305048 0.710253 0.634418 0.507460 0.592990 2 88 0.650000 7 0.350000
skt
  88 7.399611 9.441875 34.846107 0.483041 0.734755 0.476242 0.520900 0.584210 2 88 0.650000 7 0.350000
  88 7.304430 9.591446 34.847939 0.628239 0.452300 0.633041 0.513940 0.589100 2 88 0.650000 7 0.350000
  88 7.231296 9.549922 34.905643 0.423584 0.399047 0.813227 0.515880 0.593060 2 88 0.650000 7 0.350000
skt
  88 7.302958 9.405498 34.929893 0.325150 0.681077 0.656058 0.523030 0.590670 2 88 0.650000 7 0.350000
  88 7.399611 9.441875 34.846107 0.483041 0.734755 0.476242 0.520900 0.584210 2 88 0.650000 7 0.350000
  88 7.231296 9.549922 34.905643 0.423584 0.399047 0.813227 0.515880 0.593060 2 88 0.650000 7 0.350000
skt
  88 7.302958 9.405498 34.929893 0.325150 0.681077 0.656058 0.523030 0.590670 2 88 0.650000 7 0.350000
  88 7.513904 9.280910 35.128712 0.007385 0.931045 0.364830 0.538200 0.587710 2 88 0.650000 7 0.350000
  88 7.399611 9.441875 34.846107 0.483041 0.734755 0.476242 0.520900 0.584210 2 88 0.650000 7 0.350000
skt
  88 7.302958 9.405498 34.929893 0.325150 0.681077 0.656058 0.523030 0.590670 2 88 0.650000 7 0.350000
  88 7.068127 9.321702 35.137894 0.186423 0.774839 0.604046 0.526670 0.605700 2 88 0.650000 7 0.350000
  88 7.513904 9.280910 35.128712 0.007385 0.931045 0.364830 0.538200 0.587710 2 88 0.650000 7 0.350000
skt
  88 7.068127 9.321702 35.137894 0.186423 0.774839 0.604046 0.526670 0.605700 2 88 0.650000 7 0.350000
  88 7.258122 9.200425 35.363548 0.026768 0.937051 0.348164 0.541490 0.604260 2 88 0.650000 7 0.350000
  88 7.513904 9.280910 35.128712 0.007385 0.931045 0.364830 0.538200 0.587710 2 88 0.650000 7 0.350000
skt
  88 6.925905 9.096793 35.669674 -0.003859 0.928593 0.371079 0.545520 0.622588 2 88 0.650000 7 0.350000
  88 7.258122 9.200425 35.363548 0.026768 0.937051 0.348164 0.541490 0.604260 2 88 0.650000 7 0.350000
  88 7.068127 9.321702 35.137894 0.186423 0.774839 0.604046 0.526670 0.605700 2 88 0.650000 7 0.350000
skt
  88 7.492589 9.148978 35.570084 -0.268719 0.947229 0.174775 0.555850 0.600910 2 88 0.650000 7 0.350000
  88 7.258122 9.200425 35.363548 0.026768 0.937051 0.348164 0.541490 0.604260 2 88 0.650000 7 0.350000
  88 6.925905 9.096793 35.669674 -0.003859 0.928593 0.371079 0.545520 0.622588 2 88 0.650000 7 0.350000
skt
  88 7.224315 8.975518 35.972862 -0.190140 0.891189 0.411860 0.564710 0.619988 2 88 0.650000 7 0.350000
  88 7.492589 9.148978 35.570084 -0.268719 0.947229 0.174775 0.555850 0.600910 2 88 0.650000 7 0.350000
  88 6.925905 9.096793 35.669674 -0.003859 0.928593 0.371079 0.545520 0.622588 2 88 0.650000 7 0.350000
skt
  88 7.224315 8.975518 35.972862 -0.190140 0.891189 0.411860 0.564710 0.619988 2 88 0.650000 7 0.350000
  88 7.624154 9.204098 35.800507 -0.412154 0.857994 0.306553 0.568190 0.600720 2 88 0.650000 7 0.350000
  88 7.492589 9.148978 35.570084 -0.268719 0.947229 0.174775 0.555850 0.600910 2 88 0.650000 7 0.350000
skt
  88 7.224315 8.975518 35.972862 -0.190140 0.891189 0.411860 0.564710 0.619988 2 88 0.650000 7 0.350000
  88 7.545142 8.845424 36.298470 -0.244966 0.792468 0.558557 0.586040 0.619368 2 88 0.650000 7 0.350000
  88 7.624154 9.204098 35.800507 -0.412154 0.857994 0.306553 0.568190 0.600720 2 88 0.650000 7 0.350000
skt
  88 7.545142 8.845424 36.298470 -0.244966 0.792468 0.558557 0.586040 0.619368 2 88 0.650000 7 0.350000
  88 7.850902 9.104508 36.094505 -0.269824 0.772474 0.574873 0.584980 0.602070 2 88 0.650000 7 0.350000
  88 7.624154 9.204098 35.800507 -0.412154 0.857994 0.306553 0.568190 0.600720 2 88 0.650000 7 0.350000
skt
  88 8.139021 8.995364 36.322716 0.001018 0.695167 0.718847 0.601570 0.599250 2 88 0.650000 7 0.350000
  88 7.850902 9.104508 36.094505 -0.269824 0.772474 0.574873 0.584980 0.602070 2 88 0.650000 7 0.350000
  88 7.545142 8.845424 36.298470 -0.244966 0.792468 0.558557 0.586040 0.619368 2 88 0.650000 7 0.350000
skt
  88 8.086468 9.303693 35.936844 -0.255955 0.783780 0.565841 0.584200 0.587360 2 88 0.650000 7 0.350000
  88 7.850902 9.104508 36.094505 -0.269824 0.772474 0.574873 0.584980 0.602070 2 88 0.650000 7 0.350000
  88 8.139021 8.995364 36.322716 0.001018 0.695167 0.718847 0.601570 0.599250 2 88 0.650000 7 0.350000
skt
  88 8.362829 9.166249 36.176826 0.071459 0.600702 0.796273 0.599930 0.586020 2 88 0.650000 7 0.350000
  88 8.086468 9.303693 35.936844 -0.255955 0.783780 0.565841 0.584200 0.587360 2 88 0.650000 7 0.350000
  88 8.139021 8.995364 36.322716 0.001018 0.695167 0.718847 0.601570 0.599250 2 88 0.650000 7 0.350000
skt
  88 8.362829 9.166249 36.176826 0.071459 0.600702 0.796273 0.599930 0.586020 2 88 0.650000 7 0.350000
  88 8.455069 9.235339 36.115082 0.299100 0.706307 0.641615 0.599000 0.581040 2 88 0.650000 7 0.350000
  88 8.086468 9.303693 35.936844 -0.255955 0.783780 0.565841 0.584200 0.587360 2 88 0.650000 7 0.350000
skt
  88 7.723744 9.233869 35.358398 -0.346373 0.938048 0.009618 0.553550 0.585590 2 88 0.650000 7 0.350000
  88 7.513904 9.280910 35.128712 0.007385 0.931045 0.364830 0.538200 0.587710 2 88 0.650000 7 0.350000
  88 7.492589 9.148978 35.570084 -0.268719 0.947229 0.174775 0.555850 0.600910 2 88 0.650000 7 0.350000
skt
  88 7.513904 9.280910 35.128712 0.007385 0.931045 0.364830 0.538200 0.587710 2 88 0.650000 7 0.350000
  88 7.258122 9.200425 35.363548 0.026768 0.937051 0.348164 0.541490 0.604260 2 88 0.650000 7 0.350000
  88 7.492589 9.148978 35.570084 -0.268719 0.947229 0.174775 0.555850 0.600910 2 88 0.650000 7 0.350000
skt
  88 7.838037 9.379033 35.644676 -0.513493 0.831349 0.212563 0.568410 0.587400 2 88 0.650000 7 0.350000
  88 7.624154 9.204098 35.800507 -0.412154 0.857994 0.306553 0.568190 0.600720 2 88 0.650000 7 0.350000
  88 8.086468 9.303693 35.936844 -0.255955 0.783780 0.565841 0.584200 0.587360 2 88 0.650000 7 0.350000
skt
  88 7.624154 9.204098 35.800507 -0.412154 0.857994 0.306553 0.568190 0.600720 2 88 0.650000 7 0.350000
  88 7.850902 9.104508 36.094505 -0.269824 0.772474 0.574873 0.584980 0.602070 2 88 0.650000 7 0.350000
  88 8.086468 9.303693 35.936844 -0.255955 0.783780 0.565841 0.584200 0.587360 2 88 0.650000 7 0.350000
skt
  88 8.663811 8.904222 36.060326 0.732299 0.460896 -0.501312 0.613659 0.572689 2 88 0.650000 7 0.350000
  88 8.565322 9.062985 36.050037 0.785000 0.459566 -0.415421 0.605350 0.575829 2 88 0.650000 7 0.350000
  88 8.580757 9.082459 36.100750 0.840655 0.541571 -0.000495 0.605960 0.577570 2 88 0.650000 7 0.350000
skt
  88 8.580757 9.082459 36.100750 0.840655 0.541571 -0.000495 0.605960 0.577570 2 88 0.650000 7 0.350000
  88 8.565322 9.062985 36.050037 0.785000 0.459566 -0.415421 0.605350 0.575829 2 88 0.650000 7 0.350000
  88 8.466831 9.222110 36.039742 0.729261 0.605168 -0.319297 0.597980 0.578399 2 88 0.650000 7 0.350000
skt
  88 8.471241 9.240851 36.086784 0.640396 0.758234 0.122371 0.598690 0.579800 2 88 0.650000 7 0.350000
  88 8.580757 9.082459 36.100750 0.840655 0.541571 -0.000495 0.605960 0.577570 2 88 0.650000 7 0.350000
  88 8.466831 9.222110 36.039742 0.729261 0.605168 -0.319297 0.597980 0.578399 2 88 0.650000 7 0.350000
skt
  88 8.471241 9.240851 36.086784 0.640396 0.758234 0.122371 0.598690 0.579800 2 88 0.650000 7 0.350000
  88 8.466831 9.222110 36.039742 0.729261 0.605168 -0.319297 0.597980 0.578399 2 88 0.650000 7 0.350000
  88 8.205906 9.386379 35.850121 0.376719 0.926327 -0.001092 0.583850 0.580450 2 88 0.650000 7 0.350000
skt
  88 8.471241 9.240851 36.086784 0.640396 0.758234 0.122371 0.598690 0.579800 2 88 0.650000 7 0.350000
  88 8.205906 9.386379 35.850121 0.376719 0.926327 -0.001092 0.583850 0.580450 2 88 0.650000 7 0.350000
  88 8.455069 9.235339 36.115082 0.299100 0.706307 0.641615 0.599000 0.581040 2 88 0.650000 7 0.350000
skt
  88 8.205906 9.386379 35.850121 0.376719 0.926327 -0.001092 0.583850 0.580450 2 88 0.650000 7 0.350000
  88 8.182755 9.382710 35.871803 -0.079917 0.895968 0.436869 0.583910 0.581770 2 88 0.650000 7 0.350000
  88 8.455069 9.235339 36.115082 0.299100 0.706307 0.641615 0.599000 0.581040 2 88 0.650000 7 0.350000
skt
  88 8.455069 9.235339 36.115082 0.299100 0.706307 0.641615 0.599000 0.581040 2 88 0.650000 7 0.350000
  88 8.182755 9.382710 35.871803 -0.079917 0.895968 0.436869 0.583910 0.581770 2 88 0.650000 7 0.350000
  88 8.086468 9.303693 35.936844 -0.255955 0.783780 0.565841 0.584200 0.587360 2 88 0.650000 7 0.350000
skt
  88 8.086468 9.303693 35.936844 -0.255955 0.783780 0.565841 0.584200 0.587360 2 88 0.650000 7 0.350000
  88 8.182755 9.382710 35.871803 -0.079917 0.895968 0.436869 0.583910 0.581770 2 88 0.650000 7 0.350000
  88 7.926972 9.449225 35.580002 -0.309913 0.950313 0.029317 0.568820 0.582360 2 88 0.650000 7 0.350000
skt
  88 7.838037 9.379033 35.644676 -0.513493 0.831349 0.212563 0.568410 0.587400 2 88 0.650000 7 0.350000
  88 8.086468 9.303693 35.936844 -0.255955 0.783780 0.565841 0.584200 0.587360 2 88 0.650000 7 0.350000
  88 7.926972 9.449225 35.580002 -0.309913 0.950313 0.029317 0.568820 0.582360 2 88 0.650000 7 0.350000
skt
  88 7.838037 9.379033 35.644676 -0.513493 0.831349 0.212563 0.568410 0.587400 2 88 0.650000 7 0.350000
  88 7.926972 9.449225 35.580002 -0.309913 0.950313 0.029317 0.568820 0.582360 2 88 0.650000 7 0.350000
  88 7.791734 9.321336 35.476730 -0.596327 0.785391 -0.165997 0.561040 0.585370 2 88 0.650000 7 0.350000
skt
  88 7.838037 9.379033 35.644676 -0.513493 0.831349 0.212563 0.568410 0.587400 2 88 0.650000 7 0.350000
  88 7.791734 9.321336 35.476730 -0.596327 0.785391 -0.165997 0.561040 0.585370 2 88 0.650000 7 0.350000
  88 7.624154 9.204098 35.800507 -0.412154 0.857994 0.306553 0.568190 0.600720 2 88 0.650000 7 0.350000
skt
  88 7.791734 9.321336 35.476730 -0.596327 0.785391 -0.165997 0.561040 0.585370 2 88 0.650000 7 0.350000
  88 7.628931 9.225414 35.612343 -0.481939 0.873887 0.063686 0.561220 0.595780 2 88 0.650000 7 0.350000
  88 7.624154 9.204098 35.800507 -0.412154 0.857994 0.306553 0.568190 0.600720 2 88 0.650000 7 0.350000
skt
  88 7.624154 9.204098 35.800507 -0.412154 0.857994 0.306553 0.568190 0.600720 2 88 0.650000 7 0.350000
  88 7.628931 9.225414 35.612343 -0.481939 0.873887 0.063686 0.561220 0.595780 2 88 0.650000 7 0.350000
  88 7.492589 9.148978 35.570084 -0.268719 0.947229 0.174775 0.555850 0.600910 2 88 0.650000 7 0.350000
skt
  88 7.492589 9.148978 35.570084 -0.268719 0.947229 0.174775 0.555850 0.600910 2 88 0.650000 7 0.350000
  88 7.628931 9.225414 35.612343 -0.481939 0.873887 0.063686 0.561220 0.595780 2 88 0.650000 7 0.350000
  88 7.791734 9.321336 35.476730 -0.596327 0.785391 -0.165997 0.561040 0.585370 2 88 0.650000 7 0.350000
skt
  88 7.723744 9.233869 35.358398 -0.346373 0.938048 0.009618 0.553550 0.585590 2 88 0.650000 7 0.350000
  88 7.492589 9.148978 35.570084 -0.268719 0.947229 0.174775 0.555850 0.600910 2 88 0.650000 7 0.350000
  88 7.791734 9.321336 35.476730 -0.596327 0.785391 -0.165997 0.561040 0.585370 2 88 0.650000 7 0.350000
skt
  88 7.723744 9.233869 35.358398 -0.346373 0.938048 0.009618 0.553550 0.585590 2 88 0.650000 7 0.350000
  88 7.791734 9.321336 35.476730 -0.596327 0.785391 -0.165997 0.561040 0.585370 2 88 0.650000 7 0.350000
  88 7.818931 9.270986 35.273506 -0.139495 0.981472 -0.131353 0.553080 0.578770 2 88 0.650000 7 0.350000
skt
  88 7.723744 9.233869 35.358398 -0.346373 0.938048 0.009618 0.553550 0.585590 2 88 0.650000 7 0.350000
  88 7.818931 9.270986 35.273506 -0.139495 0.981472 -0.131353 0.553080 0.578770 2 88 0.650000 7 0.350000
  88 7.513904 9.280910 35.128712 0.007385 0.931045 0.364830 0.538200 0.587710 2 88 0.650000 7 0.350000
skt
  88 7.818931 9.270986 35.273506 -0.139495 0.981472 -0.131353 0.553080 0.578770 2 88 0.650000 7 0.350000
  88 7.617537 9.316188 35.035370 0.151209 0.959801 0.236471 0.536830 0.580680 2 88 0.650000 7 0.350000
  88 7.513904 9.280910 35.128712 0.007385 0.931045 0.364830 0.538200 0.587710 2 88 0.650000 7 0.350000
skt
  88 8.466831 9.222110 36.039742 0.729261 0.605168 -0.319297 0.597980 0.578399 2 88 0.650000 7 0.350000
  88 8.223545 9.360661 35.822556 0.605249 0.737108 -0.300576 0.583770 0.579029 2 88 0.650000 7 0.350000
  88 8.205906 9.386379 35.850121 0.376719 0.926327 -0.001092 0.583850 0.580450 2 88 0.650000 7 0.350000
skt
  88 8.205906 9.386379 35.850121 0.376719 0.926327 -0.001092 0.583850 0.580450 2 88 0.650000 7 0.350000
  88 8.223545 9.360661 35.822556 0.605249 0.737108 -0.300576 0.583770 0.579029 2 88 0.650000 7 0.350000
  88 7.993124 9.414681 35.558319 0.571806 0.676922 -0.463481 0.569261 0.579759 2 88 0.650000 7 0.350000
skt
  88 7.956739 9.449225 35.564938 0.216849 0.929305 -0.298947 0.569000 0.581090 2 88 0.650000 7 0.350000
  88 8.205906 9.386379 35.850121 0.376719 0.926327 -0.001092 0.583850 0.580450 2 88 0.650000 7 0.350000
  88 7.993124 9.414681 35.558319 0.571806 0.676922 -0.463481 0.569261 0.579759 2 88 0.650000 7 0.350000
skt
  88 7.846490 9.265843 35.258438 0.488487 0.740929 -0.460874 0.553180 0.577180 2 88 0.650000 7 0.350000
  88 7.818931 9.270986 35.273506 -0.139495 0.981472 -0.131353 0.553080 0.578770 2 88 0.650000 7 0.350000
  88 7.894633 9.360289 35.405075 0.264801 0.775763 -0.572775 0.561570 0.579530 2 88 0.650000 7 0.350000
skt
  88 7.818931 9.270986 35.273506 -0.139495 0.981472 -0.131353 0.553080 0.578770 2 88 0.650000 7 0.350000
  88 7.863764 9.363598 35.417564 -0.380631 0.850318 -0.363427 0.561350 0.580980 2 88 0.650000 7 0.350000
  88 7.894633 9.360289 35.405075 0.264801 0.775763 -0.572775 0.561570 0.579530 2 88 0.650000 7 0.350000
skt
  88 7.791734 9.321336 35.476730 -0.596327 0.785391 -0.165997 0.561040 0.585370 2 88 0.650000 7 0.350000
  88 7.863764 9.363598 35.417564 -0.380631 0.850318 -0.363427 0.561350 0.580980 2 88 0.650000 7 0.350000
  88 7.818931 9.270986 35.273506 -0.139495 0.981472 -0.131353 0.553080 0.578770 2 88 0.650000 7 0.350000
skt
  88 7.926972 9.449225 35.580002 -0.309913 0.950313 0.029317 0.568820 0.582360 2 88 0.650000 7 0.350000
  88 7.863764 9.363598 35.417564 -0.380631 0.850318 -0.363427 0.561350 0.580980 2 88 0.650000 7 0.350000
  88 7.791734 9.321336 35.476730 -0.596327 0.785391 -0.165997 0.561040 0.585370 2 88 0.650000 7 0.350000
skt
  88 7.894633 9.360289 35.405075 0.264801 0.775763 -0.572775 0.561570 0.579530 2 88 0.650000 7 0.350000
  88 7.863764 9.363598 35.417564 -0.380631 0.850318 -0.363427 0.561350 0.580980 2 88 0.650000 7 0.350000
  88 7.926972 9.449225 35.580002 -0.309913 0.950313 0.029317 0.568820 0.582360 2 88 0.650000 7 0.350000
skt
  88 7.637753 9.312883 35.013687 0.583983 0.766599 -0.267001 0.536580 0.579250 2 88 0.650000 7 0.350000
  88 7.617537 9.316188 35.035370 0.151209 0.959801 0.236471 0.536830 0.580680 2 88 0.650000 7 0.350000
  88 7.818931 9.270986 35.273506 -0.139495 0.981472 -0.131353 0.553080 0.578770 2 88 0.650000 7 0.350000
skt
  88 7.846490 9.265843 35.258438 0.488487 0.740929 -0.460874 0.553180 0.577180 2 88 0.650000 7 0.350000
  88 7.637753 9.312883 35.013687 0.583983 0.766599 -0.267001 0.536580 0.579250 2 88 0.650000 7 0.350000
  88 7.818931 9.270986 35.273506 -0.139495 0.981472 -0.131353 0.553080 0.578770 2 88 0.650000 7 0.350000
skt
  88 7.846490 9.265843 35.258438 0.488487 0.740929 -0.460874 0.553180 0.577180 2 88 0.650000 7 0.350000
  88 7.874421 9.224684 35.258072 0.692693 0.486707 -0.532253 0.553660 0.575548 2 88 0.650000 7 0.350000
  88 7.637753 9.312883 35.013687 0.583983 0.766599 -0.267001 0.536580 0.579250 2 88 0.650000 7 0.350000
skt
  88 7.846490 9.265843 35.258438 0.488487 0.740929 -0.460874 0.553180 0.577180 2 88 0.650000 7 0.350000
  88 7.894633 9.360289 35.405075 0.264801 0.775763 -0.572775 0.561570 0.579530 2 88 0.650000 7 0.350000
  88 7.874421 9.224684 35.258072 0.692693 0.486707 -0.532253 0.553660 0.575548 2 88 0.650000 7 0.350000
skt
  88 7.894633 9.360289 35.405075 0.264801 0.775763 -0.572775 0.561570 0.579530 2 88 0.650000 7 0.350000
  88 7.933956 9.319497 35.408382 0.608560 0.539460 -0.581926 0.561960 0.577090 2 88 0.650000 7 0.350000
  88 7.874421 9.224684 35.258072 0.692693 0.486707 -0.532253 0.553660 0.575548 2 88 0.650000 7 0.350000
skt
  88 7.993124 9.414681 35.558319 0.571806 0.676922 -0.463481 0.569261 0.579759 2 88 0.650000 7 0.350000
  88 7.933956 9.319497 35.408382 0.608560 0.539460 -0.581926 0.561960 0.577090 2 88 0.650000 7 0.350000
  88 7.894633 9.360289 35.405075 0.264801 0.775763 -0.572775 0.561570 0.579530 2 88 0.650000 7 0.350000
skt
  88 7.956739 9.449225 35.564938 0.216849 0.929305 -0.298947 0.569000 0.581090 2 88 0.650000 7 0.350000
  88 7.993124 9.414681 35.558319 0.571806 0.676922 -0.463481 0.569261 0.579759 2 88 0.650000 7 0.350000
  88 7.894633 9.360289 35.405075 0.264801 0.775763 -0.572775 0.561570 0.579530 2 88 0.650000 7 0.350000
skt
  88 7.956739 9.449225 35.564938 0.216849 0.929305 -0.298947 0.569000 0.581090 2 88 0.650000 7 0.350000
  88 7.894633 9.360289 35.405075 0.264801 0.775763 -0.572775 0.561570 0.579530 2 88 0.650000 7 0.350000
  88 7.926972 9.449225 35.580002 -0.309913 0.950313 0.029317 0.568820 0.582360 2 88 0.650000 7 0.350000
skt
  88 7.956739 9.449225 35.564938 0.216849 0.929305 -0.298947 0.569000 0.581090 2 88 0.650000 7 0.350000
  88 7.926972 9.449225 35.580002 -0.309913 0.950313 0.029317 0.568820 0.582360 2 88 0.650000 7 0.350000
  88 8.205906 9.386379 35.850121 0.376719 0.926327 -0.001092 0.583850 0.580450 2 88 0.650000 7 0.350000
skt
  88 7.926972 9.449225 35.580002 -0.309913 0.950313 0.029317 0.568820 0.582360 2 88 0.650000 7 0.350000
  88 8.182755 9.382710 35.871803 -0.079917 0.895968 0.436869 0.583910 0.581770 2 88 0.650000 7 0.350000
  88 8.205906 9.386379 35.850121 0.376719 0.926327 -0.001092 0.583850 0.580450 2 88 0.650000 7 0.350000
skt
  88 8.513872 8.816388 36.120228 -0.290465 -0.723614 -0.626109 0.566400 0.526470 2 88 0.650000 7 0.350000
  88 8.610891 8.853511 36.034603 -0.083741 -0.583791 -0.807574 0.564920 0.521670 2 88 0.650000 7 0.350000
  88 8.771490 8.671591 36.371231 -0.015305 -0.935338 -0.353424 0.551660 0.529600 2 88 0.650000 7 0.350000
skt
  88 8.610891 8.853511 36.034603 -0.083741 -0.583791 -0.807574 0.564920 0.521670 2 88 0.650000 7 0.350000
  88 8.879167 8.703937 36.280823 0.172755 -0.844244 -0.507354 0.550620 0.524160 2 88 0.650000 7 0.350000
  88 8.771490 8.671591 36.371231 -0.015305 -0.935338 -0.353424 0.551660 0.529600 2 88 0.650000 7 0.350000
skt
  88 8.449559 9.194545 36.002266 0.582897 0.121197 -0.803457 0.578730 0.513740 2 88 0.650000 7 0.350000
  88 8.537024 9.036159 36.009605 0.364882 0.145650 -0.919591 0.571220 0.517600 2 88 0.650000 7 0.350000
  88 8.426038 9.173234 36.002625 0.065981 -0.428291 -0.901229 0.579140 0.515220 2 88 0.650000 7 0.350000
skt
  88 8.537024 9.036159 36.009605 0.364882 0.145650 -0.919591 0.571220 0.517600 2 88 0.650000 7 0.350000
  88 8.509460 9.017043 36.009605 -0.222145 -0.220773 -0.949690 0.571710 0.518930 2 88 0.650000 7 0.350000
  88 8.426038 9.173234 36.002625 0.065981 -0.428291 -0.901229 0.579140 0.515220 2 88 0.650000 7 0.350000
skt
  88 8.610891 8.853511 36.034603 -0.083741 -0.583791 -0.807574 0.564920 0.521670 2 88 0.650000 7 0.350000
  88 8.509460 9.017043 36.009605 -0.222145 -0.220773 -0.949690 0.571710 0.518930 2 88 0.650000 7 0.350000
  88 8.537024 9.036159 36.009605 0.364882 0.145650 -0.919591 0.571220 0.517600 2 88 0.650000 7 0.350000
skt
  88 8.435596 8.973311 36.070614 -0.430208 -0.405610 -0.806475 0.572940 0.523140 2 88 0.650000 7 0.350000
  88 8.509460 9.017043 36.009605 -0.222145 -0.220773 -0.949690 0.571710 0.518930 2 88 0.650000 7 0.350000
  88 8.610891 8.853511 36.034603 -0.083741 -0.583791 -0.807574 0.564920 0.521670 2 88 0.650000 7 0.350000
skt
  88 8.513872 8.816388 36.120228 -0.290465 -0.723614 -0.626109 0.566400 0.526470 2 88 0.650000 7 0.350000
  88 8.435596 8.973311 36.070614 -0.430208 -0.405610 -0.806475 0.572940 0.523140 2 88 0.650000 7 0.350000
  88 8.610891 8.853511 36.034603 -0.083741 -0.583791 -0.807574 0.564920 0.521670 2 88 0.650000 7 0.350000
skt
  88 8.513872 8.816388 36.120228 -0.290465 -0.723614 -0.626109 0.566400 0.526470 2 88 0.650000 7 0.350000
  88 8.276833 8.731496 36.333740 -0.179430 -0.795367 -0.578961 0.569520 0.539540 2 88 0.650000 7 0.350000
  88 8.435596 8.973311 36.070614 -0.430208 -0.405610 -0.806475 0.572940 0.523140 2 88 0.650000 7 0.350000
skt
  88 8.513872 8.816388 36.120228 -0.290465 -0.723614 -0.626109 0.566400 0.526470 2 88 0.650000 7 0.350000
  88 8.771490 8.671591 36.371231 -0.015305 -0.935338 -0.353424 0.551660 0.529600 2 88 0.650000 7 0.350000
  88 8.276833 8.731496 36.333740 -0.179430 -0.795367 -0.578961 0.569520 0.539540 2 88 0.650000 7 0.350000
skt
  88 8.771490 8.671591 36.371231 -0.015305 -0.935338 -0.353424 0.551660 0.529600 2 88 0.650000 7 0.350000
  88 8.502112 8.598462 36.596874 -0.027824 -0.941894 -0.334756 0.554450 0.544060 2 88 0.650000 7 0.350000
  88 8.276833 8.731496 36.333740 -0.179430 -0.795367 -0.578961 0.569520 0.539540 2 88 0.650000 7 0.350000
skt
  88 8.779943 8.537089 36.839058 0.218851 -0.966798 -0.131928 0.538660 0.544620 2 88 0.650000 7 0.350000
  88 8.502112 8.598462 36.596874 -0.027824 -0.941894 -0.334756 0.554450 0.544060 2 88 0.650000 7 0.350000
  88 8.771490 8.671591 36.371231 -0.015305 -0.935338 -0.353424 0.551660 0.529600 2 88 0.650000 7 0.350000
skt
  88 8.151885 8.505481 36.890507 -0.000451 -0.934932 -0.354827 0.558180 0.562145 2 88 0.650000 7 0.350000
  88 8.502112 8.598462 36.596874 -0.027824 -0.941894 -0.334756 0.554450 0.544060 2 88 0.650000 7 0.350000
  88 8.779943 8.537089 36.839058 0.218851 -0.966798 -0.131928 0.538660 0.544620 2 88 0.650000 7 0.350000
skt
  88 8.448824 8.395602 37.184135 0.158972 -0.911078 -0.380349 0.539610 0.564735 2 88 0.650000 7 0.350000
  88 8.151885 8.505481 36.890507 -0.000451 -0.934932 -0.354827 0.558180 0.562145 2 88 0.650000 7 0.350000
  88 8.779943 8.537089 36.839058 0.218851 -0.966798 -0.131928 0.538660 0.544620 2 88 0.650000 7 0.350000
skt
  88 8.426038 9.173234 36.002625 0.065981 -0.428291 -0.901229 0.579140 0.515220 2 88 0.650000 7 0.350000
  88 8.509460 9.017043 36.009605 -0.222145 -0.220773 -0.949690 0.571710 0.518930 2 88 0.650000 7 0.350000
  88 8.435596 8.973311 36.070614 -0.430208 -0.405610 -0.806475 0.572940 0.523140 2 88 0.650000 7 0.350000
skt
  88 8.915181 8.603973 37.051105 0.378617 -0.895785 -0.232847 0.527380 0.546560 2 88 0.650000 7 0.350000
  88 8.946787 8.608016 36.896751 0.412395 -0.910557 0.028563 0.531310 0.540810 2 88 0.650000 7 0.350000
  88 9.133477 8.693278 36.776955 0.531238 -0.816044 0.227726 0.529450 0.530750 2 88 0.650000 7 0.350000
skt
  88 9.133477 8.693278 36.776955 0.531238 -0.816044 0.227726 0.529450 0.530750 2 88 0.650000 7 0.350000
  88 8.946787 8.608016 36.896751 0.412395 -0.910557 0.028563 0.531310 0.540810 2 88 0.650000 7 0.350000
  88 8.779943 8.537089 36.839058 0.218851 -0.966798 -0.131928 0.538660 0.544620 2 88 0.650000 7 0.350000
skt
  88 9.035354 8.607647 36.647957 0.265439 -0.963886 -0.021573 0.536720 0.531590 2 88 0.650000 7 0.350000
  88 9.133477 8.693278 36.776955 0.531238 -0.816044 0.227726 0.529450 0.530750 2 88 0.650000 7 0.350000
  88 8.779943 8.537089 36.839058 0.218851 -0.966798 -0.131928 0.538660 0.544620 2 88 0.650000 7 0.350000
skt
  88 9.035354 8.607647 36.647957 0.265439 -0.963886 -0.021573 0.536720 0.531590 2 88 0.650000 7 0.350000
  88 8.779943 8.537089 36.839058 0.218851 -0.966798 -0.131928 0.538660 0.544620 2 88 0.650000 7 0.350000
  88 8.771490 8.671591 36.371231 -0.015305 -0.935338 -0.353424 0.551660 0.529600 2 88 0.650000 7 0.350000
skt
  88 9.035354 8.607647 36.647957 0.265439 -0.963886 -0.021573 0.536720 0.531590 2 88 0.650000 7 0.350000
  88 8.771490 8.671591 36.371231 -0.015305 -0.935338 -0.353424 0.551660 0.529600 2 88 0.650000 7 0.350000
  88 9.138987 8.639623 36.570053 0.520411 -0.834241 -0.182250 0.536370 0.526660 2 88 0.650000 7 0.350000
skt
  88 8.771490 8.671591 36.371231 -0.015305 -0.935338 -0.353424 0.551660 0.529600 2 88 0.650000 7 0.350000
  88 8.879167 8.703937 36.280823 0.172755 -0.844244 -0.507354 0.550620 0.524160 2 88 0.650000 7 0.350000
  88 9.138987 8.639623 36.570053 0.520411 -0.834241 -0.182250 0.536370 0.526660 2 88 0.650000 7 0.350000
skt
  88 9.138987 8.639623 36.570053 0.520411 -0.834241 -0.182250 0.536370 0.526660 2 88 0.650000 7 0.350000
  88 8.879167 8.703937 36.280823 0.172755 -0.844244 -0.507354 0.550620 0.524160 2 88 0.650000 7 0.350000
  88 8.900114 8.725251 36.269066 0.576008 -0.385157 -0.721019 0.550410 0.522910 2 88 0.650000 7 0.350000
skt
  88 8.900114 8.725251 36.269066 0.576008 -0.385157 -0.721019 0.550410 0.522910 2 88 0.650000 7 0.350000
  88 8.879167 8.703937 36.280823 0.172755 -0.844244 -0.507354 0.550620 0.524160 2 88 0.650000 7 0.350000
  88 8.610891 8.853511 36.034603 -0.083741 -0.583791 -0.807574 0.564920 0.521670 2 88 0.650000 7 0.350000
skt
  88 8.637718 8.872622 36.030190 0.386672 -0.172967 -0.905852 0.564490 0.520520 2 88 0.650000 7 0.350000
  88 8.900114 8.725251 36.269066 0.576008 -0.385157 -0.721019 0.550410 0.522910 2 88 0.650000 7 0.350000
  88 8.610891 8.853511 36.034603 -0.083741 -0.583791 -0.807574 0.564920 0.521670 2 88 0.650000 7 0.350000
skt
  88 8.637718 8.872622 36.030190 0.386672 -0.172967 -0.905852 0.564490 0.520520 2 88 0.650000 7 0.350000
  88 8.610891 8.853511 36.034603 -0.083741 -0.583791 -0.807574 0.564920 0.521670 2 88 0.650000 7 0.350000
  88 8.537024 9.036159 36.009605 0.364882 0.145650 -0.919591 0.571220 0.517600 2 88 0.650000 7 0.350000
skt
  88 8.637718 8.872622 36.030190 0.386672 -0.172967 -0.905852 0.564490 0.520520 2 88 0.650000 7 0.350000
  88 8.537024 9.036159 36.009605 0.364882 0.145650 -0.919591 0.571220 0.517600 2 88 0.650000 7 0.350000
  88 8.663811 8.904222 36.060326 0.651586 0.179379 -0.737061 0.563870 0.519159 2 88 0.650000 7 0.350000
skt
  88 8.537024 9.036159 36.009605 0.364882 0.145650 -0.919591 0.571220 0.517600 2 88 0.650000 7 0.350000
  88 8.565322 9.062985 36.050037 0.640421 0.352641 -0.682279 0.570779 0.516078 2 88 0.650000 7 0.350000
  88 8.663811 8.904222 36.060326 0.651586 0.179379 -0.737061 0.563870 0.519159 2 88 0.650000 7 0.350000
skt
  88 8.466831 9.222110 36.039742 0.712786 0.357078 -0.603681 0.578369 0.512238 2 88 0.650000 7 0.350000
  88 8.565322 9.062985 36.050037 0.640421 0.352641 -0.682279 0.570779 0.516078 2 88 0.650000 7 0.350000
  88 8.537024 9.036159 36.009605 0.364882 0.145650 -0.919591 0.571220 0.517600 2 88 0.650000 7 0.350000
skt
  88 8.449559 9.194545 36.002266 0.582897 0.121197 -0.803457 0.578730 0.513740 2 88 0.650000 7 0.350000
  88 8.466831 9.222110 36.039742 0.712786 0.357078 -0.603681 0.578369 0.512238 2 88 0.650000 7 0.350000
  88 8.537024 9.036159 36.009605 0.364882 0.145650 -0.919591 0.571220 0.517600 2 88 0.650000 7 0.350000
skt
  88 8.449559 9.194545 36.002266 0.582897 0.121197 -0.803457 0.578730 0.513740 2 88 0.650000 7 0.350000
  88 8.227957 9.325379 35.804176 0.705087 -0.037470 -0.708130 0.594970 0.512310 2 88 0.650000 7 0.350000
  88 8.466831 9.222110 36.039742 0.712786 0.357078 -0.603681 0.578369 0.512238 2 88 0.650000 7 0.350000
skt
  88 8.449559 9.194545 36.002266 0.582897 0.121197 -0.803457 0.578730 0.513740 2 88 0.650000 7 0.350000
  88 8.426038 9.173234 36.002625 0.065981 -0.428291 -0.901229 0.579140 0.515220 2 88 0.650000 7 0.350000
  88 8.227957 9.325379 35.804176 0.705087 -0.037470 -0.708130 0.594970 0.512310 2 88 0.650000 7 0.350000
skt
  88 8.426038 9.173234 36.002625 0.065981 -0.428291 -0.901229 0.579140 0.515220 2 88 0.650000 7 0.350000
  88 8.211786 9.301492 35.810425 0.388247 -0.659805 -0.643368 0.595030 0.513720 2 88 0.650000 7 0.350000
  88 8.227957 9.325379 35.804176 0.705087 -0.037470 -0.708130 0.594970 0.512310 2 88 0.650000 7 0.350000
skt
  88 8.112562 9.220269 35.879150 0.247430 -0.791383 -0.559009 0.595270 0.520790 2 88 0.650000 7 0.350000
  88 8.211786 9.301492 35.810425 0.388247 -0.659805 -0.643368 0.595030 0.513720 2 88 0.650000 7 0.350000
  88 8.426038 9.173234 36.002625 0.065981 -0.428291 -0.901229 0.579140 0.515220 2 88 0.650000 7 0.350000
skt
  88 8.448824 8.395602 37.184135 0.158972 -0.911078 -0.380349 0.539610 0.564735 2 88 0.650000 7 0.350000
  88 8.915181 8.603973 37.051105 0.378617 -0.895785 -0.232847 0.527380 0.546560 2 88 0.650000 7 0.350000
  88 8.709749 8.294171 37.442493 0.233240 -0.804935 -0.545599 0.524000 0.568645 2 88 0.650000 7 0.350000
skt
  88 8.448824 8.395602 37.184135 0.158972 -0.911078 -0.380349 0.539610 0.564735 2 88 0.650000 7 0.350000
  88 8.779943 8.537089 36.839058 0.218851 -0.966798 -0.131928 0.538660 0.544620 2 88 0.650000 7 0.350000
  88 8.915181 8.603973 37.051105 0.378617 -0.895785 -0.232847 0.527380 0.546560 2 88 0.650000 7 0.350000
skt
  88 8.779943 8.537089 36.839058 0.218851 -0.966798 -0.131928 0.538660 0.544620 2 88 0.650000 7 0.350000
  88 8.946787 8.608016 36.896751 0.412395 -0.910557 0.028563 0.531310 0.540810 2 88 0.650000 7 0.350000
  88 8.915181 8.603973 37.051105 0.378617 -0.895785 -0.232847 0.527380 0.546560 2 88 0.650000 7 0.350000
skt
  88 8.637718 8.872622 36.030190 0.386672 -0.172967 -0.905852 0.564490 0.520520 2 88 0.650000 7 0.350000
  88 8.663811 8.904222 36.060326 0.651586 0.179379 -0.737061 0.563870 0.519159 2 88 0.650000 7 0.350000
  88 8.900114 8.725251 36.269066 0.576008 -0.385157 -0.721019 0.550410 0.522910 2 88 0.650000 7 0.350000
skt
  88 8.663811 8.904222 36.060326 0.651586 0.179379 -0.737061 0.563870 0.519159 2 88 0.650000 7 0.350000
  88 8.907463 8.765677 36.277512 0.715132 0.016030 -0.698806 0.550120 0.521699 2 88 0.650000 7 0.350000
  88 8.900114 8.725251 36.269066 0.576008 -0.385157 -0.721019 0.550410 0.522910 2 88 0.650000 7 0.350000
skt
  88 8.900114 8.725251 36.269066 0.576008 -0.385157 -0.721019 0.550410 0.522910 2 88 0.650000 7 0.350000
  88 8.907463 8.765677 36.277512 0.715132 0.016030 -0.698806 0.550120 0.521699 2 88 0.650000 7 0.350000
  88 9.137886 8.711652 36.541382 0.804005 0.122262 -0.581917 0.536371 0.524059 2 88 0.650000 7 0.350000
skt
  88 9.152220 8.664246 36.552040 0.808941 -0.338312 -0.480790 0.536380 0.525440 2 88 0.650000 7 0.350000
  88 8.900114 8.725251 36.269066 0.576008 -0.385157 -0.721019 0.550410 0.522910 2 88 0.650000 7 0.350000
  88 9.137886 8.711652 36.541382 0.804005 0.122262 -0.581917 0.536371 0.524059 2 88 0.650000 7 0.350000
skt
  88 9.152220 8.664246 36.552040 0.808941 -0.338312 -0.480790 0.536380 0.525440 2 88 0.650000 7 0.350000
  88 9.138987 8.639623 36.570053 0.520411 -0.834241 -0.182250 0.536370 0.526660 2 88 0.650000 7 0.350000
  88 8.900114 8.725251 36.269066 0.576008 -0.385157 -0.721019 0.550410 0.522910 2 88 0.650000 7 0.350000
skt
  88 9.152220 8.664246 36.552040 0.808941 -0.338312 -0.480790 0.536380 0.525440 2 88 0.650000 7 0.350000
  88 9.222778 8.758325 36.705288 0.936421 -0.076387 -0.342462 0.529090 0.525050 2 88 0.650000 7 0.350000
  88 9.138987 8.639623 36.570053 0.520411 -0.834241 -0.182250 0.536370 0.526660 2 88 0.650000 7 0.350000
skt
  88 9.222778 8.758325 36.705288 0.936421 -0.076387 -0.342462 0.529090 0.525050 2 88 0.650000 7 0.350000
  88 9.213592 8.731864 36.723297 0.772317 -0.630924 0.073900 0.529090 0.526460 2 88 0.650000 7 0.350000
  88 9.138987 8.639623 36.570053 0.520411 -0.834241 -0.182250 0.536370 0.526660 2 88 0.650000 7 0.350000
skt
  88 9.222778 8.758325 36.705288 0.936421 -0.076387 -0.342462 0.529090 0.525050 2 88 0.650000 7 0.350000
  88 9.197054 8.806466 36.691696 0.812396 0.291426 -0.505058 0.529100 0.523219 2 88 0.650000 7 0.350000
  88 9.256590 8.901650 36.841995 0.751798 0.347352 -0.560488 0.520780 0.522388 2 88 0.650000 7 0.350000
skt
  88 9.137886 8.711652 36.541382 0.804005 0.122262 -0.581917 0.536371 0.524059 2 88 0.650000 7 0.350000
  88 9.197054 8.806466 36.691696 0.812396 0.291426 -0.505058 0.529100 0.523219 2 88 0.650000 7 0.350000
  88 9.222778 8.758325 36.705288 0.936421 -0.076387 -0.342462 0.529090 0.525050 2 88 0.650000 7 0.350000
skt
  88 9.152220 8.664246 36.552040 0.808941 -0.338312 -0.480790 0.536380 0.525440 2 88 0.650000 7 0.350000
  88 9.137886 8.711652 36.541382 0.804005 0.122262 -0.581917 0.536371 0.524059 2 88 0.650000 7 0.350000
  88 9.222778 8.758325 36.705288 0.936421 -0.076387 -0.342462 0.529090 0.525050 2 88 0.650000 7 0.350000
skt
  88 8.276833 8.731496 36.333740 -0.179430 -0.795367 -0.578961 0.569520 0.539540 2 88 0.650000 7 0.350000
  88 8.267647 8.874087 36.213203 -0.274530 -0.618165 -0.736550 0.574940 0.533420 2 88 0.650000 7 0.350000
  88 8.435596 8.973311 36.070614 -0.430208 -0.405610 -0.806475 0.572940 0.523140 2 88 0.650000 7 0.350000
skt
  88 8.109255 8.918925 36.238564 -0.039896 -0.704476 -0.708605 0.581170 0.537390 2 88 0.650000 7 0.350000
  88 8.267647 8.874087 36.213203 -0.274530 -0.618165 -0.736550 0.574940 0.533420 2 88 0.650000 7 0.350000
  88 8.276833 8.731496 36.333740 -0.179430 -0.795367 -0.578961 0.569520 0.539540 2 88 0.650000 7 0.350000
skt
  88 8.435596 8.973311 36.070614 -0.430208 -0.405610 -0.806475 0.572940 0.523140 2 88 0.650000 7 0.350000
  88 8.267647 8.874087 36.213203 -0.274530 -0.618165 -0.736550 0.574940 0.533420 2 88 0.650000 7 0.350000
  88 8.109255 8.918925 36.238564 -0.039896 -0.704476 -0.708605 0.581170 0.537390 2 88 0.650000 7 0.350000
skt
  88 8.333796 9.100837 36.070984 -0.137022 -0.578158 -0.804337 0.580160 0.521960 2 88 0.650000 7 0.350000
  88 8.435596 8.973311 36.070614 -0.430208 -0.405610 -0.806475 0.572940 0.523140 2 88 0.650000 7 0.350000
  88 8.109255 8.918925 36.238564 -0.039896 -0.704476 -0.708605 0.581170 0.537390 2 88 0.650000 7 0.350000
skt
  88 8.333796 9.100837 36.070984 -0.137022 -0.578158 -0.804337 0.580160 0.521960 2 88 0.650000 7 0.350000
  88 8.426038 9.173234 36.002625 0.065981 -0.428291 -0.901229 0.579140 0.515220 2 88 0.650000 7 0.350000
  88 8.435596 8.973311 36.070614 -0.430208 -0.405610 -0.806475 0.572940 0.523140 2 88 0.650000 7 0.350000
skt
  88 8.333796 9.100837 36.070984 -0.137022 -0.578158 -0.804337 0.580160 0.521960 2 88 0.650000 7 0.350000
  88 8.112562 9.220269 35.879150 0.247430 -0.791383 -0.559009 0.595270 0.520790 2 88 0.650000 7 0.350000
  88 8.426038 9.173234 36.002625 0.065981 -0.428291 -0.901229 0.579140 0.515220 2 88 0.650000 7 0.350000
skt
  88 8.333796 9.100837 36.070984 -0.137022 -0.578158 -0.804337 0.580160 0.521960 2 88 0.650000 7 0.350000
  88 8.109255 8.918925 36.238564 -0.039896 -0.704476 -0.708605 0.581170 0.537390 2 88 0.650000 7 0.350000
  88 8.112562 9.220269 35.879150 0.247430 -0.791383 -0.559009 0.595270 0.520790 2 88 0.650000 7 0.350000
skt
  88 8.109255 8.918925 36.238564 -0.039896 -0.704476 -0.708605 0.581170 0.537390 2 88 0.650000 7 0.350000
  88 7.866336 9.014838 36.047829 0.263551 -0.779776 -0.567882 0.595790 0.537450 2 88 0.650000 7 0.350000
  88 8.112562 9.220269 35.879150 0.247430 -0.791383 -0.559009 0.595270 0.520790 2 88 0.650000 7 0.350000
skt
  88 7.912271 9.273931 35.639172 0.528938 -0.835750 -0.147464 0.610430 0.520340 2 88 0.650000 7 0.350000
  88 8.112562 9.220269 35.879150 0.247430 -0.791383 -0.559009 0.595270 0.520790 2 88 0.650000 7 0.350000
  88 7.682586 9.099364 35.792786 0.396876 -0.875094 -0.276948 0.610440 0.535540 2 88 0.650000 7 0.350000
skt
  88 8.112562 9.220269 35.879150 0.247430 -0.791383 -0.559009 0.595270 0.520790 2 88 0.650000 7 0.350000
  88 7.866336 9.014838 36.047829 0.263551 -0.779776 -0.567882 0.595790 0.537450 2 88 0.650000 7 0.350000
  88 7.682586 9.099364 35.792786 0.396876 -0.875094 -0.276948 0.610440 0.535540 2 88 0.650000 7 0.350000
skt
  88 7.682586 9.099364 35.792786 0.396876 -0.875094 -0.276948 0.610440 0.535540 2 88 0.650000 7 0.350000
  88 7.866336 9.014838 36.047829 0.263551 -0.779776 -0.567882 0.595790 0.537450 2 88 0.650000 7 0.350000
  88 7.546979 8.746932 36.266495 0.236733 -0.801119 -0.549696 0.596480 0.556875 2 88 0.650000 7 0.350000
skt
  88 7.546979 8.746932 36.266495 0.236733 -0.801119 -0.549696 0.596480 0.556875 2 88 0.650000 7 0.350000
  88 7.866336 9.014838 36.047829 0.263551 -0.779776 -0.567882 0.595790 0.537450 2 88 0.650000 7 0.350000
  88 8.109255 8.918925 36.238564 -0.039896 -0.704476 -0.708605 0.581170 0.537390 2 88 0.650000 7 0.350000
skt
  88 7.843553 8.622716 36.578869 0.057866 -0.855834 -0.514003 0.577620 0.558665 2 88 0.650000 7 0.350000
  88 7.546979 8.746932 36.266495 0.236733 -0.801119 -0.549696 0.596480 0.556875 2 88 0.650000 7 0.350000
  88 8.109255 8.918925 36.238564 -0.039896 -0.704476 -0.708605 0.581170 0.537390 2 88 0.650000 7 0.350000
skt
  88 7.843553 8.622716 36.578869 0.057866 -0.855834 -0.514003 0.577620 0.558665 2 88 0.650000 7 0.350000
  88 8.109255 8.918925 36.238564 -0.039896 -0.704476 -0.708605 0.581170 0.537390 2 88 0.650000 7 0.350000
  88 8.276833 8.731496 36.333740 -0.179430 -0.795367 -0.578961 0.569520 0.539540 2 88 0.650000 7 0.350000
skt
  88 7.843553 8.622716 36.578869 0.057866 -0.855834 -0.514003 0.577620 0.558665 2 88 0.650000 7 0.350000
  88 8.276833 8.731496 36.333740 -0.179430 -0.795367 -0.578961 0.569520 0.539540 2 88 0.650000 7 0.350000
  88 8.151885 8.505481 36.890507 -0.000451 -0.934932 -0.354827 0.558180 0.562145 2 88 0.650000 7 0.350000
skt
  88 8.276833 8.731496 36.333740 -0.179430 -0.795367 -0.578961 0.569520 0.539540 2 88 0.650000 7 0.350000
  88 8.502112 8.598462 36.596874 -0.027824 -0.941894 -0.334756 0.554450 0.544060 2 88 0.650000 7 0.350000
  88 8.151885 8.505481 36.890507 -0.000451 -0.934932 -0.354827 0.558180 0.562145 2 88 0.650000 7 0.350000
skt
  88 9.035354 8.607647 36.647957 0.265439 -0.963886 -0.021573 0.536720 0.531590 2 88 0.650000 7 0.350000
  88 9.138987 8.639623 36.570053 0.520411 -0.834241 -0.182250 0.536370 0.526660 2 88 0.650000 7 0.350000
  88 9.133477 8.693278 36.776955 0.531238 -0.816044 0.227726 0.529450 0.530750 2 88 0.650000 7 0.350000
skt
  88 9.138987 8.639623 36.570053 0.520411 -0.834241 -0.182250 0.536370 0.526660 2 88 0.650000 7 0.350000
  88 9.213592 8.731864 36.723297 0.772317 -0.630924 0.073900 0.529090 0.526460 2 88 0.650000 7 0.350000
  88 9.133477 8.693278 36.776955 0.531238 -0.816044 0.227726 0.529450 0.530750 2 88 0.650000 7 0.350000
skt
  88 9.133477 8.693278 36.776955 0.531238 -0.816044 0.227726 0.529450 0.530750 2 88 0.650000 7 0.350000
  88 9.213592 8.731864 36.723297 0.772317 -0.630924 0.073900 0.529090 0.526460 2 88 0.650000 7 0.350000
  88 9.269449 8.831824 36.858906 0.675489 -0.687609 -0.266288 0.520780 0.525610 2 88 0.650000 7 0.350000
skt
  88 9.269449 8.831824 36.858906 0.675489 -0.687609 -0.266288 0.520780 0.525610 2 88 0.650000 7 0.350000
  88 9.213592 8.731864 36.723297 0.772317 -0.630924 0.073900 0.529090 0.526460 2 88 0.650000 7 0.350000
  88 9.222778 8.758325 36.705288 0.936421 -0.076387 -0.342462 0.529090 0.525050 2 88 0.650000 7 0.350000
skt
  88 9.279741 8.858287 36.845306 0.841379 0.022218 -0.539988 0.520660 0.524070 2 88 0.650000 7 0.350000
  88 9.269449 8.831824 36.858906 0.675489 -0.687609 -0.266288 0.520780 0.525610 2 88 0.650000 7 0.350000
  88 9.222778 8.758325 36.705288 0.936421 -0.076387 -0.342462 0.529090 0.525050 2 88 0.650000 7 0.350000
skt
  88 9.279741 8.858287 36.845306 0.841379 0.022218 -0.539988 0.520660 0.524070 2 88 0.650000 7 0.350000
  88 9.222778 8.758325 36.705288 0.936421 -0.076387 -0.342462 0.529090 0.525050 2 88 0.650000 7 0.350000
  88 9.256590 8.901650 36.841995 0.751798 0.347352 -0.560488 0.520780 0.522388 2 88 0.650000 7 0.350000
skt
  88 9.279741 8.858287 36.845306 0.841379 0.022218 -0.539988 0.520660 0.524070 2 88 0.650000 7 0.350000
  88 9.256590 8.901650 36.841995 0.751798 0.347352 -0.560488 0.520780 0.522388 2 88 0.650000 7 0.350000
  88 9.490319 8.814185 37.088223 0.707874 -0.051130 -0.704486 0.504760 0.528290 2 88 0.650000 7 0.350000
skt
  88 9.256590 8.901650 36.841995 0.751798 0.347352 -0.560488 0.520780 0.522388 2 88 0.650000 7 0.350000
  88 9.487379 8.847995 37.106598 0.730149 0.374213 -0.571706 0.504310 0.527228 2 88 0.650000 7 0.350000
  88 9.490319 8.814185 37.088223 0.707874 -0.051130 -0.704486 0.504760 0.528290 2 88 0.650000 7 0.350000
skt
  88 9.490319 8.814185 37.088223 0.707874 -0.051130 -0.704486 0.504760 0.528290 2 88 0.650000 7 0.350000
  88 9.487379 8.847995 37.106598 0.730149 0.374213 -0.571706 0.504310 0.527228 2 88 0.650000 7 0.350000
  88 9.727358 8.717532 37.323055 0.696920 0.371439 -0.613462 0.488248 0.532468 2 88 0.650000 7 0.350000
skt
  88 9.706041 8.697684 37.286308 0.568046 0.118813 -0.814375 0.489130 0.533280 2 88 0.650000 7 0.350000
  88 9.490319 8.814185 37.088223 0.707874 -0.051130 -0.704486 0.504760 0.528290 2 88 0.650000 7 0.350000
  88 9.727358 8.717532 37.323055 0.696920 0.371439 -0.613462 0.488248 0.532468 2 88 0.650000 7 0.350000
skt
  88 9.706041 8.697684 37.286308 0.568046 0.118813 -0.814375 0.489130 0.533280 2 88 0.650000 7 0.350000
  88 9.727358 8.717532 37.323055 0.696920 0.371439 -0.613462 0.488248 0.532468 2 88 0.650000 7 0.350000
  88 9.778072 8.580455 37.291824 0.375188 0.360907 -0.853803 0.483550 0.537870 2 88 0.650000 7 0.350000
skt
  88 9.706041 8.697684 37.286308 0.568046 0.118813 -0.814375 0.489130 0.533280 2 88 0.650000 7 0.350000
  88 9.778072 8.580455 37.291824 0.375188 0.360907 -0.853803 0.483550 0.537870 2 88 0.650000 7 0.350000
  88 9.681419 8.678946 37.286312 0.099463 -0.424888 -0.899765 0.490060 0.534590 2 88 0.650000 7 0.350000
skt
  88 9.778072 8.580455 37.291824 0.375188 0.360907 -0.853803 0.483550 0.537870 2 88 0.650000 7 0.350000
  88 9.747936 8.567958 37.292191 -0.293105 0.161779 -0.942293 0.484790 0.538970 2 88 0.650000 7 0.350000
  88 9.681419 8.678946 37.286312 0.099463 -0.424888 -0.899765 0.490060 0.534590 2 88 0.650000 7 0.350000
skt
  88 9.681419 8.678946 37.286312 0.099463 -0.424888 -0.899765 0.490060 0.534590 2 88 0.650000 7 0.350000
  88 9.747936 8.567958 37.292191 -0.293105 0.161779 -0.942293 0.484790 0.538970 2 88 0.650000 7 0.350000
  88 9.663412 8.525331 37.337021 -0.451704 0.049330 -0.890803 0.488280 0.542810 2 88 0.650000 7 0.350000
skt
  88 9.663412 8.525331 37.337021 -0.451704 0.049330 -0.890803 0.488280 0.542810 2 88 0.650000 7 0.350000
  88 9.747936 8.567958 37.292191 -0.293105 0.161779 -0.942293 0.484790 0.538970 2 88 0.650000 7 0.350000
  88 9.758226 8.477921 37.237427 -0.181629 0.075920 -0.980432 0.483058 0.542391 2 88 0.650000 7 0.350000
skt
  88 9.649080 8.435658 37.301743 -0.484223 -0.054931 -0.873219 0.486928 0.546101 2 88 0.650000 7 0.350000
  88 9.663412 8.525331 37.337021 -0.451704 0.049330 -0.890803 0.488280 0.542810 2 88 0.650000 7 0.350000
  88 9.758226 8.477921 37.237427 -0.181629 0.075920 -0.980432 0.483058 0.542391 2 88 0.650000 7 0.350000
skt
  88 9.649080 8.435658 37.301743 -0.484223 -0.054931 -0.873219 0.486928 0.546101 2 88 0.650000 7 0.350000
  88 9.758226 8.477921 37.237427 -0.181629 0.075920 -0.980432 0.483058 0.542391 2 88 0.650000 7 0.350000
  88 9.677744 8.388988 37.317547 -0.309583 -0.469683 -0.826775 0.485098 0.547771 2 88 0.650000 7 0.350000
skt
  88 9.649080 8.435658 37.301743 -0.484223 -0.054931 -0.873219 0.486928 0.546101 2 88 0.650000 7 0.350000
  88 9.677744 8.388988 37.317547 -0.309583 -0.469683 -0.826775 0.485098 0.547771 2 88 0.650000 7 0.350000
  88 9.376394 8.342315 37.456825 -0.271141 -0.346429 -0.898036 0.496370 0.557090 2 88 0.650000 7 0.350000
skt
  88 9.706041 8.697684 37.286308 0.568046 0.118813 -0.814375 0.489130 0.533280 2 88 0.650000 7 0.350000
  88 9.681419 8.678946 37.286312 0.099463 -0.424888 -0.899765 0.490060 0.534590 2 88 0.650000 7 0.350000
  88 9.490319 8.814185 37.088223 0.707874 -0.051130 -0.704486 0.504760 0.528290 2 88 0.650000 7 0.350000
skt
  88 9.681419 8.678946 37.286312 0.099463 -0.424888 -0.899765 0.490060 0.534590 2 88 0.650000 7 0.350000
  88 9.473782 8.790297 37.094109 0.396221 -0.668596 -0.629276 0.505210 0.529660 2 88 0.650000 7 0.350000
  88 9.490319 8.814185 37.088223 0.707874 -0.051130 -0.704486 0.504760 0.528290 2 88 0.650000 7 0.350000
skt
  88 9.279741 8.858287 36.845306 0.841379 0.022218 -0.539988 0.520660 0.524070 2 88 0.650000 7 0.350000
  88 9.490319 8.814185 37.088223 0.707874 -0.051130 -0.704486 0.504760 0.528290 2 88 0.650000 7 0.350000
  88 9.269449 8.831824 36.858906 0.675489 -0.687609 -0.266288 0.520780 0.525610 2 88 0.650000 7 0.350000
skt
  88 9.490319 8.814185 37.088223 0.707874 -0.051130 -0.704486 0.504760 0.528290 2 88 0.650000 7 0.350000
  88 9.473782 8.790297 37.094109 0.396221 -0.668596 -0.629276 0.505210 0.529660 2 88 0.650000 7 0.350000
  88 9.269449 8.831824 36.858906 0.675489 -0.687609 -0.266288 0.520780 0.525610 2 88 0.650000 7 0.350000
skt
  88 9.269449 8.831824 36.858906 0.675489 -0.687609 -0.266288 0.520780 0.525610 2 88 0.650000 7 0.350000
  88 9.473782 8.790297 37.094109 0.396221 -0.668596 -0.629276 0.505210 0.529660 2 88 0.650000 7 0.350000
  88 9.361694 8.716431 37.149231 0.255629 -0.800878 -0.541524 0.508050 0.536180 2 88 0.650000 7 0.350000
skt
  88 9.361694 8.716431 37.149231 0.255629 -0.800878 -0.541524 0.508050 0.536180 2 88 0.650000 7 0.350000
  88 9.473782 8.790297 37.094109 0.396221 -0.668596 -0.629276 0.505210 0.529660 2 88 0.650000 7 0.350000
  88 9.681419 8.678946 37.286312 0.099463 -0.424888 -0.899765 0.490060 0.534590 2 88 0.650000 7 0.350000
skt
  88 9.573741 8.613530 37.335552 -0.036925 -0.548019 -0.835650 0.493920 0.540480 2 88 0.650000 7 0.350000
  88 9.361694 8.716431 37.149231 0.255629 -0.800878 -0.541524 0.508050 0.536180 2 88 0.650000 7 0.350000
  88 9.681419 8.678946 37.286312 0.099463 -0.424888 -0.899765 0.490060 0.534590 2 88 0.650000 7 0.350000
skt
  88 9.573741 8.613530 37.335552 -0.036925 -0.548019 -0.835650 0.493920 0.540480 2 88 0.650000 7 0.350000
  88 9.681419 8.678946 37.286312 0.099463 -0.424888 -0.899765 0.490060 0.534590 2 88 0.650000 7 0.350000
  88 9.663412 8.525331 37.337021 -0.451704 0.049330 -0.890803 0.488280 0.542810 2 88 0.650000 7 0.350000
skt
  88 9.573741 8.613530 37.335552 -0.036925 -0.548019 -0.835650 0.493920 0.540480 2 88 0.650000 7 0.350000
  88 9.663412 8.525331 37.337021 -0.451704 0.049330 -0.890803 0.488280 0.542810 2 88 0.650000 7 0.350000
  88 9.305098 8.455136 37.448006 -0.001238 -0.548530 -0.836130 0.501890 0.553910 2 88 0.650000 7 0.350000
skt
  88 9.663412 8.525331 37.337021 -0.451704 0.049330 -0.890803 0.488280 0.542810 2 88 0.650000 7 0.350000
  88 9.464593 8.432352 37.434772 -0.352802 -0.107118 -0.929546 0.494990 0.551480 2 88 0.650000 7 0.350000
  88 9.305098 8.455136 37.448006 -0.001238 -0.548530 -0.836130 0.501890 0.553910 2 88 0.650000 7 0.350000
skt
  88 9.305098 8.455136 37.448006 -0.001238 -0.548530 -0.836130 0.501890 0.553910 2 88 0.650000 7 0.350000
  88 9.464593 8.432352 37.434772 -0.352802 -0.107118 -0.929546 0.494990 0.551480 2 88 0.650000 7 0.350000
  88 9.376394 8.342315 37.456825 -0.271141 -0.346429 -0.898036 0.496370 0.557090 2 88 0.650000 7 0.350000
skt
  88 9.376394 8.342315 37.456825 -0.271141 -0.346429 -0.898036 0.496370 0.557090 2 88 0.650000 7 0.350000
  88 9.464593 8.432352 37.434772 -0.352802 -0.107118 -0.929546 0.494990 0.551480 2 88 0.650000 7 0.350000
  88 9.663412 8.525331 37.337021 -0.451704 0.049330 -0.890803 0.488280 0.542810 2 88 0.650000 7 0.350000
skt
  88 9.649080 8.435658 37.301743 -0.484223 -0.054931 -0.873219 0.486928 0.546101 2 88 0.650000 7 0.350000
  88 9.376394 8.342315 37.456825 -0.271141 -0.346429 -0.898036 0.496370 0.557090 2 88 0.650000 7 0.350000
  88 9.663412 8.525331 37.337021 -0.451704 0.049330 -0.890803 0.488280 0.542810 2 88 0.650000 7 0.350000
skt
  88 9.573741 8.613530 37.335552 -0.036925 -0.548019 -0.835650 0.493920 0.540480 2 88 0.650000 7 0.350000
  88 9.305098 8.455136 37.448006 -0.001238 -0.548530 -0.836130 0.501890 0.553910 2 88 0.650000 7 0.350000
  88 9.361694 8.716431 37.149231 0.255629 -0.800878 -0.541524 0.508050 0.536180 2 88 0.650000 7 0.350000
skt
  88 9.305098 8.455136 37.448006 -0.001238 -0.548530 -0.836130 0.501890 0.553910 2 88 0.650000 7 0.350000
  88 9.078354 8.532680 37.277481 0.261980 -0.789752 -0.554669 0.515210 0.551230 2 88 0.650000 7 0.350000
  88 9.361694 8.716431 37.149231 0.255629 -0.800878 -0.541524 0.508050 0.536180 2 88 0.650000 7 0.350000
skt
  88 9.727358 8.717532 37.323055 0.696920 0.371439 -0.613462 0.488248 0.532468 2 88 0.650000 7 0.350000
  88 9.814821 8.582659 37.328934 0.635971 0.409567 -0.654061 0.482428 0.537059 2 88 0.650000 7 0.350000
  88 9.778072 8.580455 37.291824 0.375188 0.360907 -0.853803 0.483550 0.537870 2 88 0.650000 7 0.350000
skt
  88 9.778072 8.580455 37.291824 0.375188 0.360907 -0.853803 0.483550 0.537870 2 88 0.650000 7 0.350000
  88 9.814821 8.582659 37.328934 0.635971 0.409567 -0.654061 0.482428 0.537059 2 88 0.650000 7 0.350000
  88 9.816292 8.475715 37.259109 0.432071 0.240618 -0.869148 0.480030 0.541920 2 88 0.650000 7 0.350000
skt
  88 9.783216 8.506221 37.253971 0.302534 0.394068 -0.867861 0.481890 0.541380 2 88 0.650000 7 0.350000
  88 9.778072 8.580455 37.291824 0.375188 0.360907 -0.853803 0.483550 0.537870 2 88 0.650000 7 0.350000
  88 9.816292 8.475715 37.259109 0.432071 0.240618 -0.869148 0.480030 0.541920 2 88 0.650000 7 0.350000
skt
  88 9.783216 8.506221 37.253971 0.302534 0.394068 -0.867861 0.481890 0.541380 2 88 0.650000 7 0.350000
  88 9.816292 8.475715 37.259109 0.432071 0.240618 -0.869148 0.480030 0.541920 2 88 0.650000 7 0.350000
  88 9.758226 8.477921 37.237427 -0.181629 0.075920 -0.980432 0.483058 0.542391 2 88 0.650000 7 0.350000
skt
  88 9.783216 8.506221 37.253971 0.302534 0.394068 -0.867861 0.481890 0.541380 2 88 0.650000 7 0.350000
  88 9.758226 8.477921 37.237427 -0.181629 0.075920 -0.980432 0.483058 0.542391 2 88 0.650000 7 0.350000
  88 9.778072 8.580455 37.291824 0.375188 0.360907 -0.853803 0.483550 0.537870 2 88 0.650000 7 0.350000
skt
  88 9.758226 8.477921 37.237427 -0.181629 0.075920 -0.980432 0.483058 0.542391 2 88 0.650000 7 0.350000
  88 9.747936 8.567958 37.292191 -0.293105 0.161779 -0.942293 0.484790 0.538970 2 88 0.650000 7 0.350000
  88 9.778072 8.580455 37.291824 0.375188 0.360907 -0.853803 0.483550 0.537870 2 88 0.650000 7 0.350000
skt
  88 9.758226 8.477921 37.237427 -0.181629 0.075920 -0.980432 0.483058 0.542391 2 88 0.650000 7 0.350000
  88 9.797916 8.429412 37.248451 -0.018692 -0.236039 -0.971564 0.480688 0.543581 2 88 0.650000 7 0.350000
  88 9.677744 8.388988 37.317547 -0.309583 -0.469683 -0.826775 0.485098 0.547771 2 88 0.650000 7 0.350000
skt
  88 9.816292 8.475715 37.259109 0.432071 0.240618 -0.869148 0.480030 0.541920 2 88 0.650000 7 0.350000
  88 9.797916 8.429412 37.248451 -0.018692 -0.236039 -0.971564 0.480688 0.543581 2 88 0.650000 7 0.350000
  88 9.758226 8.477921 37.237427 -0.181629 0.075920 -0.980432 0.483058 0.542391 2 88 0.650000 7 0.350000
skt
  88 9.677744 8.388988 37.317547 -0.309583 -0.469683 -0.826775 0.485098 0.547771 2 88 0.650000 7 0.350000
  88 9.372719 8.299683 37.486229 -0.289236 -0.526415 -0.799518 0.496379 0.558532 2 88 0.650000 7 0.350000
  88 9.376394 8.342315 37.456825 -0.271141 -0.346429 -0.898036 0.496370 0.557090 2 88 0.650000 7 0.350000
skt
  88 9.376394 8.342315 37.456825 -0.271141 -0.346429 -0.898036 0.496370 0.557090 2 88 0.650000 7 0.350000
  88 9.372719 8.299683 37.486229 -0.289236 -0.526415 -0.799518 0.496379 0.558532 2 88 0.650000 7 0.350000
  88 8.975084 8.186492 37.704891 0.056106 -0.883838 -0.464417 0.509288 0.573078 2 88 0.650000 7 0.350000
skt
  88 8.897543 8.218101 37.628082 0.130767 -0.818534 -0.559376 0.512890 0.571965 2 88 0.650000 7 0.350000
  88 9.376394 8.342315 37.456825 -0.271141 -0.346429 -0.898036 0.496370 0.557090 2 88 0.650000 7 0.350000
  88 8.975084 8.186492 37.704891 0.056106 -0.883838 -0.464417 0.509288 0.573078 2 88 0.650000 7 0.350000
skt
  88 8.897543 8.218101 37.628082 0.130767 -0.818534 -0.559376 0.512890 0.571965 2 88 0.650000 7 0.350000
  88 9.305098 8.455136 37.448006 -0.001238 -0.548530 -0.836130 0.501890 0.553910 2 88 0.650000 7 0.350000
  88 9.376394 8.342315 37.456825 -0.271141 -0.346429 -0.898036 0.496370 0.557090 2 88 0.650000 7 0.350000
skt
  88 8.897543 8.218101 37.628082 0.130767 -0.818534 -0.559376 0.512890 0.571965 2 88 0.650000 7 0.350000
  88 8.709749 8.294171 37.442493 0.233240 -0.804935 -0.545599 0.524000 0.568645 2 88 0.650000 7 0.350000
  88 9.305098 8.455136 37.448006 -0.001238 -0.548530 -0.836130 0.501890 0.553910 2 88 0.650000 7 0.350000
skt
  88 8.709749 8.294171 37.442493 0.233240 -0.804935 -0.545599 0.524000 0.568645 2 88 0.650000 7 0.350000
  88 9.078354 8.532680 37.277481 0.261980 -0.789752 -0.554669 0.515210 0.551230 2 88 0.650000 7 0.350000
  88 9.305098 8.455136 37.448006 -0.001238 -0.548530 -0.836130 0.501890 0.553910 2 88 0.650000 7 0.350000
skt
  88 8.915181 8.603973 37.051105 0.378617 -0.895785 -0.232847 0.527380 0.546560 2 88 0.650000 7 0.350000
  88 9.078354 8.532680 37.277481 0.261980 -0.789752 -0.554669 0.515210 0.551230 2 88 0.650000 7 0.350000
  88 8.709749 8.294171 37.442493 0.233240 -0.804935 -0.545599 0.524000 0.568645 2 88 0.650000 7 0.350000
skt
  88 9.361694 8.716431 37.149231 0.255629 -0.800878 -0.541524 0.508050 0.536180 2 88 0.650000 7 0.350000
  88 9.078354 8.532680 37.277481 0.261980 -0.789752 -0.554669 0.515210 0.551230 2 88 0.650000 7 0.350000
  88 8.915181 8.603973 37.051105 0.378617 -0.895785 -0.232847 0.527380 0.546560 2 88 0.650000 7 0.350000
skt
  88 9.167654 8.765677 36.916603 0.496265 -0.861378 -0.108389 0.522370 0.532200 2 88 0.650000 7 0.350000
  88 9.361694 8.716431 37.149231 0.255629 -0.800878 -0.541524 0.508050 0.536180 2 88 0.650000 7 0.350000
  88 8.915181 8.603973 37.051105 0.378617 -0.895785 -0.232847 0.527380 0.546560 2 88 0.650000 7 0.350000
skt
  88 9.167654 8.765677 36.916603 0.496265 -0.861378 -0.108389 0.522370 0.532200 2 88 0.650000 7 0.350000
  88 9.269449 8.831824 36.858906 0.675489 -0.687609 -0.266288 0.520780 0.525610 2 88 0.650000 7 0.350000
  88 9.361694 8.716431 37.149231 0.255629 -0.800878 -0.541524 0.508050 0.536180 2 88 0.650000 7 0.350000
skt
  88 9.167654 8.765677 36.916603 0.496265 -0.861378 -0.108389 0.522370 0.532200 2 88 0.650000 7 0.350000
  88 9.133477 8.693278 36.776955 0.531238 -0.816044 0.227726 0.529450 0.530750 2 88 0.650000 7 0.350000
  88 9.269449 8.831824 36.858906 0.675489 -0.687609 -0.266288 0.520780 0.525610 2 88 0.650000 7 0.350000
skt
  88 9.167654 8.765677 36.916603 0.496265 -0.861378 -0.108389 0.522370 0.532200 2 88 0.650000 7 0.350000
  88 8.915181 8.603973 37.051105 0.378617 -0.895785 -0.232847 0.527380 0.546560 2 88 0.650000 7 0.350000
  88 9.133477 8.693278 36.776955 0.531238 -0.816044 0.227726 0.529450 0.530750 2 88 0.650000 7 0.350000
skt
  88 9.398077 8.308872 37.527390 0.432837 -0.824087 0.365422 0.691990 0.613480 2 88 0.650000 7 0.350000
  88 9.372719 8.299683 37.486229 0.293519 -0.955401 0.032487 0.693161 0.614470 2 88 0.650000 7 0.350000
  88 9.677744 8.388988 37.317547 0.345259 -0.935344 0.076996 0.700340 0.600950 2 88 0.650000 7 0.350000
skt
  88 8.975084 8.186492 37.704891 0.208270 -0.963536 -0.167993 0.683000 0.629288 2 88 0.650000 7 0.350000
  88 9.372719 8.299683 37.486229 0.293519 -0.955401 0.032487 0.693161 0.614470 2 88 0.650000 7 0.350000
  88 9.398077 8.308872 37.527390 0.432837 -0.824087 0.365422 0.691990 0.613480 2 88 0.650000 7 0.350000
skt
  88 8.991623 8.185758 37.726936 0.351446 -0.924875 0.145231 0.682090 0.628518 2 88 0.650000 7 0.350000
  88 8.975084 8.186492 37.704891 0.208270 -0.963536 -0.167993 0.683000 0.629288 2 88 0.650000 7 0.350000
  88 9.398077 8.308872 37.527390 0.432837 -0.824087 0.365422 0.691990 0.613480 2 88 0.650000 7 0.350000
skt
  88 8.991623 8.185758 37.726936 0.351446 -0.924875 0.145231 0.682090 0.628518 2 88 0.650000 7 0.350000
  88 9.398077 8.308872 37.527390 0.432837 -0.824087 0.365422 0.691990 0.613480 2 88 0.650000 7 0.350000
  88 8.997501 8.203764 37.748253 0.298334 -0.057510 0.952727 0.681040 0.627888 2 88 0.650000 7 0.350000
skt
  88 9.398077 8.308872 37.527390 0.432837 -0.824087 0.365422 0.691990 0.613480 2 88 0.650000 7 0.350000
  88 9.398811 8.374286 37.584717 0.411851 -0.092630 0.906531 0.688650 0.612110 2 88 0.650000 7 0.350000
  88 8.997501 8.203764 37.748253 0.298334 -0.057510 0.952727 0.681040 0.627888 2 88 0.650000 7 0.350000
skt
  88 9.604242 8.649546 37.445061 0.027926 0.525016 0.850634 0.687010 0.598130 2 88 0.650000 7 0.350000
  88 9.706409 8.506585 37.457558 0.429313 -0.154039 0.889923 0.692910 0.599070 2 88 0.650000 7 0.350000
  88 9.719639 8.719002 37.396187 0.277277 0.642366 0.714481 0.688500 0.593590 2 88 0.650000 7 0.350000
skt
  88 9.706409 8.506585 37.457558 0.429313 -0.154039 0.889923 0.692910 0.599070 2 88 0.650000 7 0.350000
  88 9.827318 8.562449 37.402802 0.719088 0.001584 0.694917 0.693780 0.594790 2 88 0.650000 7 0.350000
  88 9.719639 8.719002 37.396187 0.277277 0.642366 0.714481 0.688500 0.593590 2 88 0.650000 7 0.350000
skt
  88 9.832460 8.448524 37.308723 0.835672 -0.539325 0.103832 0.698150 0.595140 2 88 0.650000 7 0.350000
  88 9.827318 8.562449 37.402802 0.719088 0.001584 0.694917 0.693780 0.594790 2 88 0.650000 7 0.350000
  88 9.706409 8.506585 37.457558 0.429313 -0.154039 0.889923 0.692910 0.599070 2 88 0.650000 7 0.350000
skt
  88 9.837606 8.576049 37.374870 0.949911 0.295583 0.101491 0.693930 0.593830 2 88 0.650000 7 0.350000
  88 9.827318 8.562449 37.402802 0.719088 0.001584 0.694917 0.693780 0.594790 2 88 0.650000 7 0.350000
  88 9.832460 8.448524 37.308723 0.835672 -0.539325 0.103832 0.698150 0.595140 2 88 0.650000 7 0.350000
skt
  88 9.833931 8.491888 37.310188 0.969432 0.087698 -0.229150 0.697260 0.594100 2 88 0.650000 7 0.350000
  88 9.837606 8.576049 37.374870 0.949911 0.295583 0.101491 0.693930 0.593830 2 88 0.650000 7 0.350000
  88 9.832460 8.448524 37.308723 0.835672 -0.539325 0.103832 0.698150 0.595140 2 88 0.650000 7 0.350000
skt
  88 9.833931 8.491888 37.310188 0.969432 0.087698 -0.229150 0.697260 0.594100 2 88 0.650000 7 0.350000
  88 9.816292 8.475715 37.259109 0.916073 -0.060372 -0.396441 0.699220 0.593270 2 88 0.650000 7 0.350000
  88 9.837606 8.576049 37.374870 0.949911 0.295583 0.101491 0.693930 0.593830 2 88 0.650000 7 0.350000
skt
  88 9.833931 8.491888 37.310188 0.969432 0.087698 -0.229150 0.697260 0.594100 2 88 0.650000 7 0.350000
  88 9.832460 8.448524 37.308723 0.835672 -0.539325 0.103832 0.698150 0.595140 2 88 0.650000 7 0.350000
  88 9.816292 8.475715 37.259109 0.916073 -0.060372 -0.396441 0.699220 0.593270 2 88 0.650000 7 0.350000
skt
  88 9.832460 8.448524 37.308723 0.835672 -0.539325 0.103832 0.698150 0.595140 2 88 0.650000 7 0.350000
  88 9.797916 8.429412 37.248451 0.622882 -0.774333 -0.111470 0.700920 0.594500 2 88 0.650000 7 0.350000
  88 9.816292 8.475715 37.259109 0.916073 -0.060372 -0.396441 0.699220 0.593270 2 88 0.650000 7 0.350000
skt
  88 9.677744 8.388988 37.317547 0.345259 -0.935344 0.076996 0.700340 0.600950 2 88 0.650000 7 0.350000
  88 9.797916 8.429412 37.248451 0.622882 -0.774333 -0.111470 0.700920 0.594500 2 88 0.650000 7 0.350000
  88 9.832460 8.448524 37.308723 0.835672 -0.539325 0.103832 0.698150 0.595140 2 88 0.650000 7 0.350000
skt
  88 9.710084 8.405522 37.373039 0.465570 -0.790479 0.397979 0.697770 0.600090 2 88 0.650000 7 0.350000
  88 9.677744 8.388988 37.317547 0.345259 -0.935344 0.076996 0.700340 0.600950 2 88 0.650000 7 0.350000
  88 9.832460 8.448524 37.308723 0.835672 -0.539325 0.103832 0.698150 0.595140 2 88 0.650000 7 0.350000
skt
  88 9.710084 8.405522 37.373039 0.465570 -0.790479 0.397979 0.697770 0.600090 2 88 0.650000 7 0.350000
  88 9.398077 8.308872 37.527390 0.432837 -0.824087 0.365422 0.691990 0.613480 2 88 0.650000 7 0.350000
  88 9.677744 8.388988 37.317547 0.345259 -0.935344 0.076996 0.700340 0.600950 2 88 0.650000 7 0.350000
skt
  88 9.710084 8.405522 37.373039 0.465570 -0.790479 0.397979 0.697770 0.600090 2 88 0.650000 7 0.350000
  88 9.706409 8.506585 37.457558 0.429313 -0.154039 0.889923 0.692910 0.599070 2 88 0.650000 7 0.350000
  88 9.398077 8.308872 37.527390 0.432837 -0.824087 0.365422 0.691990 0.613480 2 88 0.650000 7 0.350000
skt
  88 9.706409 8.506585 37.457558 0.429313 -0.154039 0.889923 0.692910 0.599070 2 88 0.650000 7 0.350000
  88 9.398811 8.374286 37.584717 0.411851 -0.092630 0.906531 0.688650 0.612110 2 88 0.650000 7 0.350000
  88 9.398077 8.308872 37.527390 0.432837 -0.824087 0.365422 0.691990 0.613480 2 88 0.650000 7 0.350000
skt
  88 9.311346 8.477921 37.554947 -0.019071 0.597464 0.801669 0.683070 0.610900 2 88 0.650000 7 0.350000
  88 9.398811 8.374286 37.584717 0.411851 -0.092630 0.906531 0.688650 0.612110 2 88 0.650000 7 0.350000
  88 9.706409 8.506585 37.457558 0.429313 -0.154039 0.889923 0.692910 0.599070 2 88 0.650000 7 0.350000
skt
  88 8.997501 8.203764 37.748253 0.298334 -0.057510 0.952727 0.681040 0.627888 2 88 0.650000 7 0.350000
  88 9.398811 8.374286 37.584717 0.411851 -0.092630 0.906531 0.688650 0.612110 2 88 0.650000 7 0.350000
  88 9.311346 8.477921 37.554947 -0.019071 0.597464 0.801669 0.683070 0.610900 2 88 0.650000 7 0.350000
skt
  88 8.929514 8.255214 37.695335 -0.169554 0.716950 0.676191 0.676770 0.627118 2 88 0.650000 7 0.350000
  88 8.997501 8.203764 37.748253 0.298334 -0.057510 0.952727 0.681040 0.627888 2 88 0.650000 7 0.350000
  88 9.311346 8.477921 37.554947 -0.019071 0.597464 0.801669 0.683070 0.610900 2 88 0.650000 7 0.350000
skt
  88 8.929514 8.255214 37.695335 -0.169554 0.716950 0.676191 0.676770 0.627118 2 88 0.650000 7 0.350000
  88 9.311346 8.477921 37.554947 -0.019071 0.597464 0.801669 0.683070 0.610900 2 88 0.650000 7 0.350000
  88 8.724817 8.354074 37.494308 -0.242146 0.775359 0.583252 0.663250 0.624848 2 88 0.650000 7 0.350000
skt
  88 9.710084 8.405522 37.373039 0.465570 -0.790479 0.397979 0.697770 0.600090 2 88 0.650000 7 0.350000
  88 9.832460 8.448524 37.308723 0.835672 -0.539325 0.103832 0.698150 0.595140 2 88 0.650000 7 0.350000
  88 9.706409 8.506585 37.457558 0.429313 -0.154039 0.889923 0.692910 0.599070 2 88 0.650000 7 0.350000
skt
  88 9.604242 8.649546 37.445061 0.027926 0.525016 0.850634 0.687010 0.598130 2 88 0.650000 7 0.350000
  88 9.311346 8.477921 37.554947 -0.019071 0.597464 0.801669 0.683070 0.610900 2 88 0.650000 7 0.350000
  88 9.706409 8.506585 37.457558 0.429313 -0.154039 0.889923 0.692910 0.599070 2 88 0.650000 7 0.350000
skt
  88 9.816292 8.475715 37.259109 0.916073 -0.060372 -0.396441 0.699220 0.593270 2 88 0.650000 7 0.350000
  88 9.814821 8.582659 37.328934 0.845660 0.391150 -0.363127 0.694350 0.592060 2 88 0.650000 7 0.350000
  88 9.837606 8.576049 37.374870 0.949911 0.295583 0.101491 0.693930 0.593830 2 88 0.650000 7 0.350000
skt
  88 9.837606 8.576049 37.374870 0.949911 0.295583 0.101491 0.693930 0.593830 2 88 0.650000 7 0.350000
  88 9.814821 8.582659 37.328934 0.845660 0.391150 -0.363127 0.694350 0.592060 2 88 0.650000 7 0.350000
  88 9.727358 8.717532 37.323055 0.712325 0.647929 -0.269781 0.688460 0.591000 2 88 0.650000 7 0.350000
skt
  88 9.719639 8.719002 37.396187 0.277277 0.642366 0.714481 0.688500 0.593590 2 88 0.650000 7 0.350000
  88 9.827318 8.562449 37.402802 0.719088 0.001584 0.694917 0.693780 0.594790 2 88 0.650000 7 0.350000
  88 9.837606 8.576049 37.374870 0.949911 0.295583 0.101491 0.693930 0.593830 2 88 0.650000 7 0.350000
skt
  88 9.735073 8.727826 37.368996 0.617380 0.764437 0.185685 0.688640 0.592520 2 88 0.650000 7 0.350000
  88 9.719639 8.719002 37.396187 0.277277 0.642366 0.714481 0.688500 0.593590 2 88 0.650000 7 0.350000
  88 9.837606 8.576049 37.374870 0.949911 0.295583 0.101491 0.693930 0.593830 2 88 0.650000 7 0.350000
skt
  88 9.735073 8.727826 37.368996 0.617380 0.764437 0.185685 0.688640 0.592520 2 88 0.650000 7 0.350000
  88 9.837606 8.576049 37.374870 0.949911 0.295583 0.101491 0.693930 0.593830 2 88 0.650000 7 0.350000
  88 9.727358 8.717532 37.323055 0.712325 0.647929 -0.269781 0.688460 0.591000 2 88 0.650000 7 0.350000
skt
  88 9.735073 8.727826 37.368996 0.617380 0.764437 0.185685 0.688640 0.592520 2 88 0.650000 7 0.350000
  88 9.727358 8.717532 37.323055 0.712325 0.647929 -0.269781 0.688460 0.591000 2 88 0.650000 7 0.350000
  88 9.471209 8.872251 37.134533 0.361581 0.932191 0.016706 0.675640 0.588520 2 88 0.650000 7 0.350000
skt
  88 9.727358 8.717532 37.323055 0.712325 0.647929 -0.269781 0.688460 0.591000 2 88 0.650000 7 0.350000
  88 9.487379 8.847995 37.106598 0.596476 0.744146 -0.300771 0.676010 0.586930 2 88 0.650000 7 0.350000
  88 9.471209 8.872251 37.134533 0.361581 0.932191 0.016706 0.675640 0.588520 2 88 0.650000 7 0.350000
skt
  88 9.471209 8.872251 37.134533 0.361581 0.932191 0.016706 0.675640 0.588520 2 88 0.650000 7 0.350000
  88 9.487379 8.847995 37.106598 0.596476 0.744146 -0.300771 0.676010 0.586930 2 88 0.650000 7 0.350000
  88 9.256590 8.901650 36.841995 0.571552 0.677581 -0.462830 0.662270 0.583770 2 88 0.650000 7 0.350000
skt
  88 9.220573 8.935829 36.848610 0.213736 0.931764 -0.293485 0.661480 0.585180 2 88 0.650000 7 0.350000
  88 9.471209 8.872251 37.134533 0.361581 0.932191 0.016706 0.675640 0.588520 2 88 0.650000 7 0.350000
  88 9.256590 8.901650 36.841995 0.571552 0.677581 -0.462830 0.662270 0.583770 2 88 0.650000 7 0.350000
skt
  88 9.220573 8.935829 36.848610 0.213736 0.931764 -0.293485 0.661480 0.585180 2 88 0.650000 7 0.350000
  88 9.190807 8.935460 36.863312 -0.302604 0.952593 0.031579 0.660970 0.586330 2 88 0.650000 7 0.350000
  88 9.471209 8.872251 37.134533 0.361581 0.932191 0.016706 0.675640 0.588520 2 88 0.650000 7 0.350000
skt
  88 9.220573 8.935829 36.848610 0.213736 0.931764 -0.293485 0.661480 0.585180 2 88 0.650000 7 0.350000
  88 9.158098 8.847259 36.688385 0.266387 0.775769 -0.572032 0.654770 0.581740 2 88 0.650000 7 0.350000
  88 9.190807 8.935460 36.863312 -0.302604 0.952593 0.031579 0.660970 0.586330 2 88 0.650000 7 0.350000
skt
  88 9.158098 8.847259 36.688385 0.266387 0.775769 -0.572032 0.654770 0.581740 2 88 0.650000 7 0.350000
  88 9.127228 8.850567 36.700878 -0.369435 0.853900 -0.366569 0.654180 0.583070 2 88 0.650000 7 0.350000
  88 9.190807 8.935460 36.863312 -0.302604 0.952593 0.031579 0.660970 0.586330 2 88 0.650000 7 0.350000
skt
  88 9.158098 8.847259 36.688385 0.266387 0.775769 -0.572032 0.654770 0.581740 2 88 0.650000 7 0.350000
  88 9.197054 8.806466 36.691696 0.611661 0.537075 -0.580879 0.655640 0.579799 2 88 0.650000 7 0.350000
  88 9.137886 8.711652 36.541382 0.688751 0.492760 -0.531799 0.648330 0.575409 2 88 0.650000 7 0.350000
skt
  88 9.256590 8.901650 36.841995 0.571552 0.677581 -0.462830 0.662270 0.583770 2 88 0.650000 7 0.350000
  88 9.197054 8.806466 36.691696 0.611661 0.537075 -0.580879 0.655640 0.579799 2 88 0.650000 7 0.350000
  88 9.158098 8.847259 36.688385 0.266387 0.775769 -0.572032 0.654770 0.581740 2 88 0.650000 7 0.350000
skt
  88 9.220573 8.935829 36.848610 0.213736 0.931764 -0.293485 0.661480 0.585180 2 88 0.650000 7 0.350000
  88 9.256590 8.901650 36.841995 0.571552 0.677581 -0.462830 0.662270 0.583770 2 88 0.650000 7 0.350000
  88 9.158098 8.847259 36.688385 0.266387 0.775769 -0.572032 0.654770 0.581740 2 88 0.650000 7 0.350000
skt
  88 9.735073 8.727826 37.368996 0.617380 0.764437 0.185685 0.688640 0.592520 2 88 0.650000 7 0.350000
  88 9.471209 8.872251 37.134533 0.361581 0.932191 0.016706 0.675640 0.588520 2 88 0.650000 7 0.350000
  88 9.719639 8.719002 37.396187 0.277277 0.642366 0.714481 0.688500 0.593590 2 88 0.650000 7 0.350000
skt
  88 9.471209 8.872251 37.134533 0.361581 0.932191 0.016706 0.675640 0.588520 2 88 0.650000 7 0.350000
  88 9.448056 8.867475 37.155846 -0.089985 0.885334 0.456164 0.675320 0.589720 2 88 0.650000 7 0.350000
  88 9.719639 8.719002 37.396187 0.277277 0.642366 0.714481 0.688500 0.593590 2 88 0.650000 7 0.350000
skt
  88 9.190807 8.935460 36.863312 -0.302604 0.952593 0.031579 0.660970 0.586330 2 88 0.650000 7 0.350000
  88 9.448056 8.867475 37.155846 -0.089985 0.885334 0.456164 0.675320 0.589720 2 88 0.650000 7 0.350000
  88 9.471209 8.872251 37.134533 0.361581 0.932191 0.016706 0.675640 0.588520 2 88 0.650000 7 0.350000
skt
  88 9.341114 8.791770 37.209496 -0.258511 0.775887 0.575475 0.673510 0.594840 2 88 0.650000 7 0.350000
  88 9.448056 8.867475 37.155846 -0.089985 0.885334 0.456164 0.675320 0.589720 2 88 0.650000 7 0.350000
  88 9.190807 8.935460 36.863312 -0.302604 0.952593 0.031579 0.660970 0.586330 2 88 0.650000 7 0.350000
skt
  88 9.719639 8.719002 37.396187 0.277277 0.642366 0.714481 0.688500 0.593590 2 88 0.650000 7 0.350000
  88 9.448056 8.867475 37.155846 -0.089985 0.885334 0.456164 0.675320 0.589720 2 88 0.650000 7 0.350000
  88 9.341114 8.791770 37.209496 -0.258511 0.775887 0.575475 0.673510 0.594840 2 88 0.650000 7 0.350000
skt
  88 8.868876 8.696956 37.064705 -0.403483 0.865819 0.295902 0.654790 0.603460 2 88 0.650000 7 0.350000
  88 9.073207 8.601399 37.334450 -0.270760 0.763246 0.586638 0.668930 0.608470 2 88 0.650000 7 0.350000
  88 9.341114 8.791770 37.209496 -0.258511 0.775887 0.575475 0.673510 0.594840 2 88 0.650000 7 0.350000
skt
  88 9.097094 8.867103 36.923210 -0.496602 0.844456 0.200701 0.659070 0.590940 2 88 0.650000 7 0.350000
  88 8.868876 8.696956 37.064705 -0.403483 0.865819 0.295902 0.654790 0.603460 2 88 0.650000 7 0.350000
  88 9.341114 8.791770 37.209496 -0.258511 0.775887 0.575475 0.673510 0.594840 2 88 0.650000 7 0.350000
skt
  88 9.097094 8.867103 36.923210 -0.496602 0.844456 0.200701 0.659070 0.590940 2 88 0.650000 7 0.350000
  88 9.341114 8.791770 37.209496 -0.258511 0.775887 0.575475 0.673510 0.594840 2 88 0.650000 7 0.350000
  88 9.190807 8.935460 36.863312 -0.302604 0.952593 0.031579 0.660970 0.586330 2 88 0.650000 7 0.350000
skt
  88 9.097094 8.867103 36.923210 -0.496602 0.844456 0.200701 0.659070 0.590940 2 88 0.650000 7 0.350000
  88 9.190807 8.935460 36.863312 -0.302604 0.952593 0.031579 0.660970 0.586330 2 88 0.650000 7 0.350000
  88 9.052996 8.809041 36.757843 -0.575955 0.796732 -0.183013 0.652660 0.587170 2 88 0.650000 7 0.350000
skt
  88 9.190807 8.935460 36.863312 -0.302604 0.952593 0.031579 0.660970 0.586330 2 88 0.650000 7 0.350000
  88 9.127228 8.850567 36.700878 -0.369435 0.853900 -0.366569 0.654180 0.583070 2 88 0.650000 7 0.350000
  88 9.052996 8.809041 36.757843 -0.575955 0.796732 -0.183013 0.652660 0.587170 2 88 0.650000 7 0.350000
skt
  88 9.052996 8.809041 36.757843 -0.575955 0.796732 -0.183013 0.652660 0.587170 2 88 0.650000 7 0.350000
  88 9.127228 8.850567 36.700878 -0.369435 0.853900 -0.366569 0.654180 0.583070 2 88 0.650000 7 0.350000
  88 9.082394 8.757957 36.556820 -0.133472 0.981444 -0.137672 0.646830 0.578810 2 88 0.650000 7 0.350000
skt
  88 9.082394 8.757957 36.556820 -0.133472 0.981444 -0.137672 0.646830 0.578810 2 88 0.650000 7 0.350000
  88 9.127228 8.850567 36.700878 -0.369435 0.853900 -0.366569 0.654180 0.583070 2 88 0.650000 7 0.350000
  88 9.158098 8.847259 36.688385 0.266387 0.775769 -0.572032 0.654770 0.581740 2 88 0.650000 7 0.350000
skt
  88 9.109591 8.752814 36.542122 0.484750 0.743721 -0.460323 0.647330 0.577310 2 88 0.650000 7 0.350000
  88 9.082394 8.757957 36.556820 -0.133472 0.981444 -0.137672 0.646830 0.578810 2 88 0.650000 7 0.350000
  88 9.158098 8.847259 36.688385 0.266387 0.775769 -0.572032 0.654770 0.581740 2 88 0.650000 7 0.350000
skt
  88 9.109591 8.752814 36.542122 0.484750 0.743721 -0.460323 0.647330 0.577310 2 88 0.650000 7 0.350000
  88 9.158098 8.847259 36.688385 0.266387 0.775769 -0.572032 0.654770 0.581740 2 88 0.650000 7 0.350000
  88 9.137886 8.711652 36.541382 0.688751 0.492760 -0.531799 0.648330 0.575409 2 88 0.650000 7 0.350000
skt
  88 9.109591 8.752814 36.542122 0.484750 0.743721 -0.460323 0.647330 0.577310 2 88 0.650000 7 0.350000
  88 9.137886 8.711652 36.541382 0.688751 0.492760 -0.531799 0.648330 0.575409 2 88 0.650000 7 0.350000
  88 8.901218 8.799855 36.297363 0.579705 0.771627 -0.261791 0.630780 0.575150 2 88 0.650000 7 0.350000
skt
  88 9.137886 8.711652 36.541382 0.688751 0.492760 -0.531799 0.648330 0.575409 2 88 0.650000 7 0.350000
  88 8.907463 8.765677 36.277512 0.721071 0.441750 -0.533773 0.630940 0.573769 2 88 0.650000 7 0.350000
  88 8.901218 8.799855 36.297363 0.579705 0.771627 -0.261791 0.630780 0.575150 2 88 0.650000 7 0.350000
skt
  88 8.901218 8.799855 36.297363 0.579705 0.771627 -0.261791 0.630780 0.575150 2 88 0.650000 7 0.350000
  88 8.907463 8.765677 36.277512 0.721071 0.441750 -0.533773 0.630940 0.573769 2 88 0.650000 7 0.350000
  88 8.663811 8.904222 36.060326 0.732299 0.460896 -0.501312 0.613659 0.572689 2 88 0.650000 7 0.350000
skt
  88 8.676674 8.929215 36.101120 0.747325 0.630223 -0.210534 0.614090 0.574480 2 88 0.650000 7 0.350000
  88 8.901218 8.799855 36.297363 0.579705 0.771627 -0.261791 0.630780 0.575150 2 88 0.650000 7 0.350000
  88 8.663811 8.904222 36.060326 0.732299 0.460896 -0.501312 0.613659 0.572689 2 88 0.650000 7 0.350000
skt
  88 8.676674 8.929215 36.101120 0.747325 0.630223 -0.210534 0.614090 0.574480 2 88 0.650000 7 0.350000
  88 8.663811 8.904222 36.060326 0.732299 0.460896 -0.501312 0.613659 0.572689 2 88 0.650000 7 0.350000
  88 8.580757 9.082459 36.100750 0.840655 0.541571 -0.000495 0.605960 0.577570 2 88 0.650000 7 0.350000
skt
  88 8.676674 8.929215 36.101120 0.747325 0.630223 -0.210534 0.614090 0.574480 2 88 0.650000 7 0.350000
  88 8.580757 9.082459 36.100750 0.840655 0.541571 -0.000495 0.605960 0.577570 2 88 0.650000 7 0.350000
  88 8.662708 8.928845 36.129410 0.476627 0.734023 0.483774 0.614340 0.576040 2 88 0.650000 7 0.350000
skt
  88 8.580757 9.082459 36.100750 0.840655 0.541571 -0.000495 0.605960 0.577570 2 88 0.650000 7 0.350000
  88 8.567896 9.078420 36.131256 0.622186 0.448658 0.641554 0.606310 0.578980 2 88 0.650000 7 0.350000
  88 8.662708 8.928845 36.129410 0.476627 0.734023 0.483774 0.614340 0.576040 2 88 0.650000 7 0.350000
skt
  88 9.097094 8.867103 36.923210 -0.496602 0.844456 0.200701 0.659070 0.590940 2 88 0.650000 7 0.350000
  88 9.052996 8.809041 36.757843 -0.575955 0.796732 -0.183013 0.652660 0.587170 2 88 0.650000 7 0.350000
  88 8.868876 8.696956 37.064705 -0.403483 0.865819 0.295902 0.654790 0.603460 2 88 0.650000 7 0.350000
skt
  88 9.052996 8.809041 36.757843 -0.575955 0.796732 -0.183013 0.652660 0.587170 2 88 0.650000 7 0.350000
  88 8.883945 8.715695 36.887566 -0.469013 0.882333 0.038919 0.649910 0.597130 2 88 0.650000 7 0.350000
  88 8.868876 8.696956 37.064705 -0.403483 0.865819 0.295902 0.654790 0.603460 2 88 0.650000 7 0.350000
skt
  88 9.109591 8.752814 36.542122 0.484750 0.743721 -0.460323 0.647330 0.577310 2 88 0.650000 7 0.350000
  88 8.901218 8.799855 36.297363 0.579705 0.771627 -0.261791 0.630780 0.575150 2 88 0.650000 7 0.350000
  88 9.082394 8.757957 36.556820 -0.133472 0.981444 -0.137672 0.646830 0.578810 2 88 0.650000 7 0.350000
skt
  88 8.901218 8.799855 36.297363 0.579705 0.771627 -0.261791 0.630780 0.575150 2 88 0.650000 7 0.350000
  88 8.881004 8.802793 36.318672 0.146297 0.959897 0.239154 0.630670 0.576600 2 88 0.650000 7 0.350000
  88 9.082394 8.757957 36.556820 -0.133472 0.981444 -0.137672 0.646830 0.578810 2 88 0.650000 7 0.350000
skt
  88 8.868876 8.696956 37.064705 -0.403483 0.865819 0.295902 0.654790 0.603460 2 88 0.650000 7 0.350000
  88 8.883945 8.715695 36.887566 -0.469013 0.882333 0.038919 0.649910 0.597130 2 88 0.650000 7 0.350000
  88 8.744295 8.640723 36.841995 -0.259714 0.952343 0.159974 0.643330 0.600720 2 88 0.650000 7 0.350000
skt
  88 8.744295 8.640723 36.841995 -0.259714 0.952343 0.159974 0.643330 0.600720 2 88 0.650000 7 0.350000
  88 8.883945 8.715695 36.887566 -0.469013 0.882333 0.038919 0.649910 0.597130 2 88 0.650000 7 0.350000
  88 9.052996 8.809041 36.757843 -0.575955 0.796732 -0.183013 0.652660 0.587170 2 88 0.650000 7 0.350000
skt
  88 8.984271 8.721941 36.639137 -0.332557 0.943083 0.000114 0.645380 0.585440 2 88 0.650000 7 0.350000
  88 8.744295 8.640723 36.841995 -0.259714 0.952343 0.159974 0.643330 0.600720 2 88 0.650000 7 0.350000
  88 9.052996 8.809041 36.757843 -0.575955 0.796732 -0.183013 0.652660 0.587170 2 88 0.650000 7 0.350000
skt
  88 8.984271 8.721941 36.639137 -0.332557 0.943083 0.000114 0.645380 0.585440 2 88 0.650000 7 0.350000
  88 9.052996 8.809041 36.757843 -0.575955 0.796732 -0.183013 0.652660 0.587170 2 88 0.650000 7 0.350000
  88 9.082394 8.757957 36.556820 -0.133472 0.981444 -0.137672 0.646830 0.578810 2 88 0.650000 7 0.350000
skt
  88 8.984271 8.721941 36.639137 -0.332557 0.943083 0.000114 0.645380 0.585440 2 88 0.650000 7 0.350000
  88 9.082394 8.757957 36.556820 -0.133472 0.981444 -0.137672 0.646830 0.578810 2 88 0.650000 7 0.350000
  88 8.774062 8.769349 36.408722 0.008746 0.931276 0.364210 0.630030 0.583730 2 88 0.650000 7 0.350000
skt
  88 9.082394 8.757957 36.556820 -0.133472 0.981444 -0.137672 0.646830 0.578810 2 88 0.650000 7 0.350000
  88 8.881004 8.802793 36.318672 0.146297 0.959897 0.239154 0.630670 0.576600 2 88 0.650000 7 0.350000
  88 8.774062 8.769349 36.408722 0.008746 0.931276 0.364210 0.630030 0.583730 2 88 0.650000 7 0.350000
skt
  88 8.774062 8.769349 36.408722 0.008746 0.931276 0.364210 0.630030 0.583730 2 88 0.650000 7 0.350000
  88 8.881004 8.802793 36.318672 0.146297 0.959897 0.239154 0.630670 0.576600 2 88 0.650000 7 0.350000
  88 8.662708 8.928845 36.129410 0.476627 0.734023 0.483774 0.614340 0.576040 2 88 0.650000 7 0.350000
skt
  88 8.662708 8.928845 36.129410 0.476627 0.734023 0.483774 0.614340 0.576040 2 88 0.650000 7 0.350000
  88 8.881004 8.802793 36.318672 0.146297 0.959897 0.239154 0.630670 0.576600 2 88 0.650000 7 0.350000
  88 8.901218 8.799855 36.297363 0.579705 0.771627 -0.261791 0.630780 0.575150 2 88 0.650000 7 0.350000
skt
  88 8.676674 8.929215 36.101120 0.747325 0.630223 -0.210534 0.614090 0.574480 2 88 0.650000 7 0.350000
  88 8.662708 8.928845 36.129410 0.476627 0.734023 0.483774 0.614340 0.576040 2 88 0.650000 7 0.350000
  88 8.901218 8.799855 36.297363 0.579705 0.771627 -0.261791 0.630780 0.575150 2 88 0.650000 7 0.350000
skt
  88 8.984271 8.721941 36.639137 -0.332557 0.943083 0.000114 0.645380 0.585440 2 88 0.650000 7 0.350000
  88 8.774062 8.769349 36.408722 0.008746 0.931276 0.364210 0.630030 0.583730 2 88 0.650000 7 0.350000
  88 8.744295 8.640723 36.841995 -0.259714 0.952343 0.159974 0.643330 0.600720 2 88 0.650000 7 0.350000
skt
  88 8.774062 8.769349 36.408722 0.008746 0.931276 0.364210 0.630030 0.583730 2 88 0.650000 7 0.350000
  88 8.509094 8.692540 36.634361 0.026797 0.937043 0.348183 0.628510 0.600510 2 88 0.650000 7 0.350000
  88 8.744295 8.640723 36.841995 -0.259714 0.952343 0.159974 0.643330 0.600720 2 88 0.650000 7 0.350000
skt
  88 8.471241 9.240851 36.086784 0.640396 0.758234 0.122371 0.598690 0.579800 2 88 0.650000 7 0.350000
  88 8.455069 9.235339 36.115082 0.299100 0.706307 0.641615 0.599000 0.581040 2 88 0.650000 7 0.350000
  88 8.580757 9.082459 36.100750 0.840655 0.541571 -0.000495 0.605960 0.577570 2 88 0.650000 7 0.350000
skt
  88 8.455069 9.235339 36.115082 0.299100 0.706307 0.641615 0.599000 0.581040 2 88 0.650000 7 0.350000
  88 8.567896 9.078420 36.131256 0.622186 0.448658 0.641554 0.606310 0.578980 2 88 0.650000 7 0.350000
  88 8.580757 9.082459 36.100750 0.840655 0.541571 -0.000495 0.605960 0.577570 2 88 0.650000 7 0.350000
skt
  88 8.492556 9.037623 36.187115 0.401172 0.391406 0.828168 0.607080 0.583330 2 88 0.650000 7 0.350000
  88 8.567896 9.078420 36.131256 0.622186 0.448658 0.641554 0.606310 0.578980 2 88 0.650000 7 0.350000
  88 8.455069 9.235339 36.115082 0.299100 0.706307 0.641615 0.599000 0.581040 2 88 0.650000 7 0.350000
skt
  88 8.662708 8.928845 36.129410 0.476627 0.734023 0.483774 0.614340 0.576040 2 88 0.650000 7 0.350000
  88 8.567896 9.078420 36.131256 0.622186 0.448658 0.641554 0.606310 0.578980 2 88 0.650000 7 0.350000
  88 8.492556 9.037623 36.187115 0.401172 0.391406 0.828168 0.607080 0.583330 2 88 0.650000 7 0.350000
skt
  88 8.563482 8.893565 36.210632 0.314281 0.675933 0.666590 0.614580 0.582870 2 88 0.650000 7 0.350000
  88 8.662708 8.928845 36.129410 0.476627 0.734023 0.483774 0.614340 0.576040 2 88 0.650000 7 0.350000
  88 8.492556 9.037623 36.187115 0.401172 0.391406 0.828168 0.607080 0.583330 2 88 0.650000 7 0.350000
skt
  88 8.563482 8.893565 36.210632 0.314281 0.675933 0.666590 0.614580 0.582870 2 88 0.650000 7 0.350000
  88 8.774062 8.769349 36.408722 0.008746 0.931276 0.364210 0.630030 0.583730 2 88 0.650000 7 0.350000
  88 8.662708 8.928845 36.129410 0.476627 0.734023 0.483774 0.614340 0.576040 2 88 0.650000 7 0.350000
skt
  88 8.563482 8.893565 36.210632 0.314281 0.675933 0.666590 0.614580 0.582870 2 88 0.650000 7 0.350000
  88 8.320199 8.813451 36.409821 0.168812 0.773681 0.610672 0.613870 0.598350 2 88 0.650000 7 0.350000
  88 8.774062 8.769349 36.408722 0.008746 0.931276 0.364210 0.630030 0.583730 2 88 0.650000 7 0.350000
skt
  88 8.320199 8.813451 36.409821 0.168812 0.773681 0.610672 0.613870 0.598350 2 88 0.650000 7 0.350000
  88 8.509094 8.692540 36.634361 0.026797 0.937043 0.348183 0.628510 0.600510 2 88 0.650000 7 0.350000
  88 8.774062 8.769349 36.408722 0.008746 0.931276 0.364210 0.630030 0.583730 2 88 0.650000 7 0.350000
skt
  88 8.164379 8.594049 36.927628 -0.000669 0.927192 0.374585 0.626680 0.619128 2 88 0.650000 7 0.350000
  88 8.509094 8.692540 36.634361 0.026797 0.937043 0.348183 0.628510 0.600510 2 88 0.650000 7 0.350000
  88 8.320199 8.813451 36.409821 0.168812 0.773681 0.610672 0.613870 0.598350 2 88 0.650000 7 0.350000
skt
  88 8.744295 8.640723 36.841995 -0.259714 0.952343 0.159974 0.643330 0.600720 2 88 0.650000 7 0.350000
  88 8.509094 8.692540 36.634361 0.026797 0.937043 0.348183 0.628510 0.600510 2 88 0.650000 7 0.350000
  88 8.164379 8.594049 36.927628 -0.000669 0.927192 0.374585 0.626680 0.619128 2 88 0.650000 7 0.350000
skt
  88 8.447721 8.475716 37.215378 -0.176393 0.891365 0.417557 0.645010 0.621018 2 88 0.650000 7 0.350000
  88 8.744295 8.640723 36.841995 -0.259714 0.952343 0.159974 0.643330 0.600720 2 88 0.650000 7 0.350000
  88 8.164379 8.594049 36.927628 -0.000669 0.927192 0.374585 0.626680 0.619128 2 88 0.650000 7 0.350000
skt
  88 8.447721 8.475716 37.215378 -0.176393 0.891365 0.417557 0.645010 0.621018 2 88 0.650000 7 0.350000
  88 8.868876 8.696956 37.064705 -0.403483 0.865819 0.295902 0.654790 0.603460 2 88 0.650000 7 0.350000
  88 8.744295 8.640723 36.841995 -0.259714 0.952343 0.159974 0.643330 0.600720 2 88 0.650000 7 0.350000
skt
  88 8.447721 8.475716 37.215378 -0.176393 0.891365 0.417557 0.645010 0.621018 2 88 0.650000 7 0.350000
  88 8.724817 8.354074 37.494308 -0.242146 0.775359 0.583252 0.663250 0.624848 2 88 0.650000 7 0.350000
  88 8.868876 8.696956 37.064705 -0.403483 0.865819 0.295902 0.654790 0.603460 2 88 0.650000 7 0.350000
skt
  88 8.724817 8.354074 37.494308 -0.242146 0.775359 0.583252 0.663250 0.624848 2 88 0.650000 7 0.350000
  88 9.073207 8.601399 37.334450 -0.270760 0.763246 0.586638 0.668930 0.608470 2 88 0.650000 7 0.350000
  88 8.868876 8.696956 37.064705 -0.403483 0.865819 0.295902 0.654790 0.603460 2 88 0.650000 7 0.350000
skt
  88 9.311346 8.477921 37.554947 -0.019071 0.597464 0.801669 0.683070 0.610900 2 88 0.650000 7 0.350000
  88 9.073207 8.601399 37.334450 -0.270760 0.763246 0.586638 0.668930 0.608470 2 88 0.650000 7 0.350000
  88 8.724817 8.354074 37.494308 -0.242146 0.775359 0.583252 0.663250 0.624848 2 88 0.650000 7 0.350000
skt
  88 9.341114 8.791770 37.209496 -0.258511 0.775887 0.575475 0.673510 0.594840 2 88 0.650000 7 0.350000
  88 9.073207 8.601399 37.334450 -0.270760 0.763246 0.586638 0.668930 0.608470 2 88 0.650000 7 0.350000
  88 9.311346 8.477921 37.554947 -0.019071 0.597464 0.801669 0.683070 0.610900 2 88 0.650000 7 0.350000
skt
  88 9.604242 8.649546 37.445061 0.027926 0.525016 0.850634 0.687010 0.598130 2 88 0.650000 7 0.350000
  88 9.341114 8.791770 37.209496 -0.258511 0.775887 0.575475 0.673510 0.594840 2 88 0.650000 7 0.350000
  88 9.311346 8.477921 37.554947 -0.019071 0.597464 0.801669 0.683070 0.610900 2 88 0.650000 7 0.350000
skt
  88 9.604242 8.649546 37.445061 0.027926 0.525016 0.850634 0.687010 0.598130 2 88 0.650000 7 0.350000
  88 9.719639 8.719002 37.396187 0.277277 0.642366 0.714481 0.688500 0.593590 2 88 0.650000 7 0.350000
  88 9.341114 8.791770 37.209496 -0.258511 0.775887 0.575475 0.673510 0.594840 2 88 0.650000 7 0.350000
skt
  88 8.362829 9.166249 36.176826 0.071459 0.600702 0.796273 0.599930 0.586020 2 88 0.650000 7 0.350000
  88 8.492556 9.037623 36.187115 0.401172 0.391406 0.828168 0.607080 0.583330 2 88 0.650000 7 0.350000
  88 8.455069 9.235339 36.115082 0.299100 0.706307 0.641615 0.599000 0.581040 2 88 0.650000 7 0.350000
skt
  88 8.362829 9.166249 36.176826 0.071459 0.600702 0.796273 0.599930 0.586020 2 88 0.650000 7 0.350000
  88 8.139021 8.995364 36.322716 0.001018 0.695167 0.718847 0.601570 0.599250 2 88 0.650000 7 0.350000
  88 8.492556 9.037623 36.187115 0.401172 0.391406 0.828168 0.607080 0.583330 2 88 0.650000 7 0.350000
skt
  88 8.139021 8.995364 36.322716 0.001018 0.695167 0.718847 0.601570 0.599250 2 88 0.650000 7 0.350000
  88 8.319832 8.945750 36.313164 0.228103 0.593633 0.771731 0.607980 0.593710 2 88 0.650000 7 0.350000
  88 8.492556 9.037623 36.187115 0.401172 0.391406 0.828168 0.607080 0.583330 2 88 0.650000 7 0.350000
skt
  88 8.320199 8.813451 36.409821 0.168812 0.773681 0.610672 0.613870 0.598350 2 88 0.650000 7 0.350000
  88 8.319832 8.945750 36.313164 0.228103 0.593633 0.771731 0.607980 0.593710 2 88 0.650000 7 0.350000
  88 8.139021 8.995364 36.322716 0.001018 0.695167 0.718847 0.601570 0.599250 2 88 0.650000 7 0.350000
skt
  88 8.492556 9.037623 36.187115 0.401172 0.391406 0.828168 0.607080 0.583330 2 88 0.650000 7 0.350000
  88 8.319832 8.945750 36.313164 0.228103 0.593633 0.771731 0.607980 0.593710 2 88 0.650000 7 0.350000
  88 8.320199 8.813451 36.409821 0.168812 0.773681 0.610672 0.613870 0.598350 2 88 0.650000 7 0.350000
skt
  88 8.563482 8.893565 36.210632 0.314281 0.675933 0.666590 0.614580 0.582870 2 88 0.650000 7 0.350000
  88 8.492556 9.037623 36.187115 0.401172 0.391406 0.828168 0.607080 0.583330 2 88 0.650000 7 0.350000
  88 8.320199 8.813451 36.409821 0.168812 0.773681 0.610672 0.613870 0.598350 2 88 0.650000 7 0.350000
skt
  88 7.866336 8.714961 36.624443 -0.065808 0.843277 0.533435 0.607360 0.618138 2 88 0.650000 7 0.350000
  88 8.139021 8.995364 36.322716 0.001018 0.695167 0.718847 0.601570 0.599250 2 88 0.650000 7 0.350000
  88 7.545142 8.845424 36.298470 -0.244966 0.792468 0.558557 0.586040 0.619368 2 88 0.650000 7 0.350000
skt
  88 7.866336 8.714961 36.624443 -0.065808 0.843277 0.533435 0.607360 0.618138 2 88 0.650000 7 0.350000
  88 8.320199 8.813451 36.409821 0.168812 0.773681 0.610672 0.613870 0.598350 2 88 0.650000 7 0.350000
  88 8.139021 8.995364 36.322716 0.001018 0.695167 0.718847 0.601570 0.599250 2 88 0.650000 7 0.350000
skt
  88 7.866336 8.714961 36.624443 -0.065808 0.843277 0.533435 0.607360 0.618138 2 88 0.650000 7 0.350000
  88 8.164379 8.594049 36.927628 -0.000669 0.927192 0.374585 0.626680 0.619128 2 88 0.650000 7 0.350000
  88 8.320199 8.813451 36.409821 0.168812 0.773681 0.610672 0.613870 0.598350 2 88 0.650000 7 0.350000
skt
  7 1.263098 4.891860 40.138840 -0.802030 0.348778 -0.484873 0.665224 0.856855 2 7 0.900000 88 0.100000
  7 0.323767 4.091080 41.109776 -0.800308 0.339782 -0.494019 0.648667 0.892774 1 7 1.000000
  7 0.320827 4.138121 41.146893 -0.765182 0.595849 -0.243846 0.647140 0.892650 1 7 1.000000
skt
  7 1.834560 4.707375 40.914265 -0.220142 0.844157 0.488811 0.639580 0.851740 2 7 0.900000 88 0.100000
  7 2.955435 5.413712 40.200214 -0.208820 0.839298 0.501969 0.646510 0.815740 2 7 0.800000 88 0.200000
  7 2.421825 5.678679 39.535408 -0.210484 0.834457 0.509291 0.668260 0.818050 2 7 0.800000 88 0.200000
skt
  7 1.433985 4.891496 40.415199 -0.223229 0.838233 0.497528 0.655700 0.854580 2 7 0.900000 88 0.100000
  7 1.834560 4.707375 40.914265 -0.220142 0.844157 0.488811 0.639580 0.851740 2 7 0.900000 88 0.100000
  7 2.421825 5.678679 39.535408 -0.210484 0.834457 0.509291 0.668260 0.818050 2 7 0.800000 88 0.200000
skt
  7 1.834560 4.707375 40.914265 -0.220142 0.844157 0.488811 0.639580 0.851740 2 7 0.900000 88 0.100000
  7 1.433985 4.891496 40.415199 -0.223229 0.838233 0.497528 0.655700 0.854580 2 7 0.900000 88 0.100000
  7 0.435855 4.113501 41.281399 -0.237729 0.845375 0.478357 0.641440 0.890750 1 7 1.000000
skt
  7 1.433985 4.891496 40.415199 -0.223229 0.838233 0.497528 0.655700 0.854580 2 7 0.900000 88 0.100000
  7 1.278900 4.963525 40.227776 -0.421957 0.850316 0.314507 0.662020 0.855750 2 7 0.900000 88 0.100000
  7 0.435855 4.113501 41.281399 -0.237729 0.845375 0.478357 0.641440 0.890750 1 7 1.000000
skt
  7 1.278900 4.963525 40.227776 -0.421957 0.850316 0.314507 0.662020 0.855750 2 7 0.900000 88 0.100000
  7 0.335160 4.148777 41.170410 -0.447917 0.847690 0.284240 0.645230 0.891820 1 7 1.000000
  7 0.435855 4.113501 41.281399 -0.237729 0.845375 0.478357 0.641440 0.890750 1 7 1.000000
skt
  7 0.335160 4.148777 41.170410 -0.447917 0.847690 0.284240 0.645230 0.891820 1 7 1.000000
  7 1.278900 4.963525 40.227776 -0.421957 0.850316 0.314507 0.662020 0.855750 2 7 0.900000 88 0.100000
  7 0.320827 4.138121 41.146893 -0.765182 0.595849 -0.243846 0.647140 0.892650 1 7 1.000000
skt
  7 1.278900 4.963525 40.227776 -0.421957 0.850316 0.314507 0.662020 0.855750 2 7 0.900000 88 0.100000
  7 1.259055 4.953600 40.189919 -0.755805 0.621113 -0.207309 0.664050 0.856310 2 7 0.900000 88 0.100000
  7 0.320827 4.138121 41.146893 -0.765182 0.595849 -0.243846 0.647140 0.892650 1 7 1.000000
skt
  7 1.259055 4.953600 40.189919 -0.755805 0.621113 -0.207309 0.664050 0.856310 2 7 0.900000 88 0.100000
  7 1.263098 4.891860 40.138840 -0.802030 0.348778 -0.484873 0.665224 0.856855 2 7 0.900000 88 0.100000
  7 0.320827 4.138121 41.146893 -0.765182 0.595849 -0.243846 0.647140 0.892650 1 7 1.000000
skt
  7 1.263098 4.891860 40.138840 -0.802030 0.348778 -0.484873 0.665224 0.856855 2 7 0.900000 88 0.100000
  7 1.259055 4.953600 40.189919 -0.755805 0.621113 -0.207309 0.664050 0.856310 2 7 0.900000 88 0.100000
  7 2.189933 5.772758 39.231483 -0.752230 0.633557 -0.180985 0.678910 0.819300 2 7 0.800000 88 0.200000
skt
  7 2.194710 5.698522 39.167534 -0.807311 0.354475 -0.471800 0.680941 0.819950 2 7 0.800000 88 0.200000
  7 1.263098 4.891860 40.138840 -0.802030 0.348778 -0.484873 0.665224 0.856855 2 7 0.900000 88 0.100000
  7 2.189933 5.772758 39.231483 -0.752230 0.633557 -0.180985 0.678910 0.819300 2 7 0.800000 88 0.200000
skt
  7 3.111990 6.516945 38.196976 -0.819008 0.347291 -0.456744 0.694171 0.781680 2 7 0.700000 88 0.300000
  7 2.194710 5.698522 39.167534 -0.807311 0.354475 -0.471800 0.680941 0.819950 2 7 0.800000 88 0.200000
  7 2.189933 5.772758 39.231483 -0.752230 0.633557 -0.180985 0.678910 0.819300 2 7 0.800000 88 0.200000
skt
  7 3.106110 6.599266 38.270103 -0.757365 0.634398 -0.154715 0.691880 0.781130 2 7 0.700000 88 0.300000
  7 3.111990 6.516945 38.196976 -0.819008 0.347291 -0.456744 0.694171 0.781680 2 7 0.700000 88 0.300000
  7 2.189933 5.772758 39.231483 -0.752230 0.633557 -0.180985 0.678910 0.819300 2 7 0.800000 88 0.200000
skt
  7 3.139185 6.608819 38.333679 -0.393184 0.845887 0.360391 0.689720 0.780920 2 7 0.700000 88 0.300000
  7 3.106110 6.599266 38.270103 -0.757365 0.634398 -0.154715 0.691880 0.781130 2 7 0.700000 88 0.300000
  7 2.189933 5.772758 39.231483 -0.752230 0.633557 -0.180985 0.678910 0.819300 2 7 0.800000 88 0.200000
skt
  7 3.106110 6.599266 38.270103 -0.757365 0.634398 -0.154715 0.691880 0.781130 2 7 0.700000 88 0.300000
  7 3.139185 6.608819 38.333679 -0.393184 0.845887 0.360391 0.689720 0.780920 2 7 0.700000 88 0.300000
  7 3.993623 7.446719 37.273079 -0.770221 0.625889 -0.122564 0.703830 0.742180 2 7 0.600000 88 0.400000
skt
  7 3.139185 6.608819 38.333679 -0.393184 0.845887 0.360391 0.689720 0.780920 2 7 0.700000 88 0.300000
  7 4.034048 7.456272 37.346947 -0.386268 0.840681 0.379542 0.701610 0.742050 2 7 0.600000 88 0.400000
  7 3.993623 7.446719 37.273079 -0.770221 0.625889 -0.122564 0.703830 0.742180 2 7 0.600000 88 0.400000
skt
  7 1.259055 4.953600 40.189919 -0.755805 0.621113 -0.207309 0.664050 0.856310 2 7 0.900000 88 0.100000
  7 1.278900 4.963525 40.227776 -0.421957 0.850316 0.314507 0.662020 0.855750 2 7 0.900000 88 0.100000
  7 2.189933 5.772758 39.231483 -0.752230 0.633557 -0.180985 0.678910 0.819300 2 7 0.800000 88 0.200000
skt
  7 1.278900 4.963525 40.227776 -0.421957 0.850316 0.314507 0.662020 0.855750 2 7 0.900000 88 0.100000
  7 2.216025 5.782316 39.283302 -0.405532 0.848907 0.338970 0.676810 0.818940 2 7 0.800000 88 0.200000
  7 2.189933 5.772758 39.231483 -0.752230 0.633557 -0.180985 0.678910 0.819300 2 7 0.800000 88 0.200000
skt
  7 2.216025 5.782316 39.283302 -0.405532 0.848907 0.338970 0.676810 0.818940 2 7 0.800000 88 0.200000
  7 3.139185 6.608819 38.333679 -0.393184 0.845887 0.360391 0.689720 0.780920 2 7 0.700000 88 0.300000
  7 2.189933 5.772758 39.231483 -0.752230 0.633557 -0.180985 0.678910 0.819300 2 7 0.800000 88 0.200000
skt
  7 3.139185 6.608819 38.333679 -0.393184 0.845887 0.360391 0.689720 0.780920 2 7 0.700000 88 0.300000
  7 2.216025 5.782316 39.283302 -0.405532 0.848907 0.338970 0.676810 0.818940 2 7 0.800000 88 0.200000
  7 2.421825 5.678679 39.535408 -0.210484 0.834457 0.509291 0.668260 0.818050 2 7 0.800000 88 0.200000
skt
  7 2.216025 5.782316 39.283302 -0.405532 0.848907 0.338970 0.676810 0.818940 2 7 0.800000 88 0.200000
  7 1.278900 4.963525 40.227776 -0.421957 0.850316 0.314507 0.662020 0.855750 2 7 0.900000 88 0.100000
  7 2.421825 5.678679 39.535408 -0.210484 0.834457 0.509291 0.668260 0.818050 2 7 0.800000 88 0.200000
skt
  7 1.278900 4.963525 40.227776 -0.421957 0.850316 0.314507 0.662020 0.855750 2 7 0.900000 88 0.100000
  7 1.433985 4.891496 40.415199 -0.223229 0.838233 0.497528 0.655700 0.854580 2 7 0.900000 88 0.100000
  7 2.421825 5.678679 39.535408 -0.210484 0.834457 0.509291 0.668260 0.818050 2 7 0.800000 88 0.200000
skt
  7 4.844752 8.231701 36.118759 -0.856978 0.314503 -0.408261 0.719311 0.702830 2 7 0.500000 88 0.500000
  7 4.000237 7.357786 37.192230 -0.841329 0.327987 -0.429639 0.706501 0.742820 2 7 0.600000 88 0.400000
  7 3.993623 7.446719 37.273079 -0.770221 0.625889 -0.122564 0.703830 0.742180 2 7 0.600000 88 0.400000
skt
  7 4.000237 7.357786 37.192230 -0.841329 0.327987 -0.429639 0.706501 0.742820 2 7 0.600000 88 0.400000
  7 3.111990 6.516945 38.196976 -0.819008 0.347291 -0.456744 0.694171 0.781680 2 7 0.700000 88 0.300000
  7 3.993623 7.446719 37.273079 -0.770221 0.625889 -0.122564 0.703830 0.742180 2 7 0.600000 88 0.400000
skt
  7 3.111990 6.516945 38.196976 -0.819008 0.347291 -0.456744 0.694171 0.781680 2 7 0.700000 88 0.300000
  7 3.106110 6.599266 38.270103 -0.757365 0.634398 -0.154715 0.691880 0.781130 2 7 0.700000 88 0.300000
  7 3.993623 7.446719 37.273079 -0.770221 0.625889 -0.122564 0.703830 0.742180 2 7 0.600000 88 0.400000
skt
  7 1.834560 4.707375 40.914265 -0.220142 0.844157 0.488811 0.639580 0.851740 2 7 0.900000 88 0.100000
  7 0.693472 4.023461 41.581276 -0.240544 0.853023 0.463132 0.631450 0.887960 1 7 1.000000
  7 0.951458 3.933056 41.881527 -0.225561 0.852759 0.471088 0.621460 0.885080 1 7 1.000000
skt
  7 0.693472 4.023461 41.581276 -0.240544 0.853023 0.463132 0.631450 0.887960 1 7 1.000000
  7 1.834560 4.707375 40.914265 -0.220142 0.844157 0.488811 0.639580 0.851740 2 7 0.900000 88 0.100000
  7 0.435855 4.113501 41.281399 -0.237729 0.845375 0.478357 0.641440 0.890750 1 7 1.000000
skt
  7 2.443875 4.354577 41.589363 0.435907 -0.438770 0.785790 0.614240 0.846900 2 7 0.900000 88 0.100000
  7 3.763935 4.927510 41.114922 0.521878 -0.391529 0.757858 0.614440 0.812420 2 7 0.800000 88 0.200000
  7 3.738945 5.001378 41.146164 0.318356 0.187560 0.929231 0.616340 0.812490 2 7 0.800000 88 0.200000
skt
  7 2.424397 4.416686 41.618393 0.268414 0.093354 0.958769 0.616090 0.846970 2 7 0.900000 88 0.100000
  7 2.443875 4.354577 41.589363 0.435907 -0.438770 0.785790 0.614240 0.846900 2 7 0.900000 88 0.100000
  7 3.738945 5.001378 41.146164 0.318356 0.187560 0.929231 0.616340 0.812490 2 7 0.800000 88 0.200000
skt
  7 2.443875 4.354577 41.589363 0.435907 -0.438770 0.785790 0.614240 0.846900 2 7 0.900000 88 0.100000
  7 2.424397 4.416686 41.618393 0.268414 0.093354 0.958769 0.616090 0.846970 2 7 0.900000 88 0.100000
  7 1.076040 3.874623 41.997658 0.268791 0.009765 0.963149 0.615900 0.883160 1 7 1.000000
skt
  7 2.424397 4.416686 41.618393 0.268414 0.093354 0.958769 0.616090 0.846970 2 7 0.900000 88 0.100000
  7 2.393895 4.449392 41.604431 -0.059881 0.680613 0.730192 0.617930 0.847400 2 7 0.900000 88 0.100000
  7 1.076040 3.874623 41.997658 0.268791 0.009765 0.963149 0.615900 0.883160 1 7 1.000000
skt
  7 2.393895 4.449392 41.604431 -0.059881 0.680613 0.730192 0.617930 0.847400 2 7 0.900000 88 0.100000
  7 1.054358 3.897041 41.993980 -0.077008 0.692578 0.717221 0.617780 0.883840 1 7 1.000000
  7 1.076040 3.874623 41.997658 0.268791 0.009765 0.963149 0.615900 0.883160 1 7 1.000000
skt
  7 1.054358 3.897041 41.993980 -0.077008 0.692578 0.717221 0.617780 0.883840 1 7 1.000000
  7 2.393895 4.449392 41.604431 -0.059881 0.680613 0.730192 0.617930 0.847400 2 7 0.900000 88 0.100000
  7 0.951458 3.933056 41.881527 -0.225561 0.852759 0.471088 0.621460 0.885080 1 7 1.000000
skt
  7 2.393895 4.449392 41.604431 -0.059881 0.680613 0.730192 0.617930 0.847400 2 7 0.900000 88 0.100000
  7 2.236238 4.522524 41.414421 -0.209166 0.846191 0.490112 0.623870 0.848700 2 7 0.900000 88 0.100000
  7 0.951458 3.933056 41.881527 -0.225561 0.852759 0.471088 0.621460 0.885080 1 7 1.000000
skt
  7 2.236238 4.522524 41.414421 -0.209166 0.846191 0.490112 0.623870 0.848700 2 7 0.900000 88 0.100000
  7 1.834560 4.707375 40.914265 -0.220142 0.844157 0.488811 0.639580 0.851740 2 7 0.900000 88 0.100000
  7 0.951458 3.933056 41.881527 -0.225561 0.852759 0.471088 0.621460 0.885080 1 7 1.000000
skt
  7 1.834560 4.707375 40.914265 -0.220142 0.844157 0.488811 0.639580 0.851740 2 7 0.900000 88 0.100000
  7 2.236238 4.522524 41.414421 -0.209166 0.846191 0.490112 0.623870 0.848700 2 7 0.900000 88 0.100000
  7 3.490148 5.148376 40.866493 -0.198800 0.841173 0.502899 0.626030 0.813570 2 7 0.800000 88 0.200000
skt
  7 2.955435 5.413712 40.200214 -0.208820 0.839298 0.501969 0.646510 0.815740 2 7 0.800000 88 0.200000
  7 1.834560 4.707375 40.914265 -0.220142 0.844157 0.488811 0.639580 0.851740 2 7 0.900000 88 0.100000
  7 3.490148 5.148376 40.866493 -0.198800 0.841173 0.502899 0.626030 0.813570 2 7 0.800000 88 0.200000
skt
  7 4.034781 6.165615 39.391350 -0.197989 0.834204 0.514688 0.653380 0.778960 2 7 0.700000 88 0.300000
  7 2.955435 5.413712 40.200214 -0.208820 0.839298 0.501969 0.646510 0.815740 2 7 0.800000 88 0.200000
  7 3.490148 5.148376 40.866493 -0.198800 0.841173 0.502899 0.626030 0.813570 2 7 0.800000 88 0.200000
skt
  7 2.955435 5.413712 40.200214 -0.208820 0.839298 0.501969 0.646510 0.815740 2 7 0.800000 88 0.200000
  7 4.034781 6.165615 39.391350 -0.197989 0.834204 0.514688 0.653380 0.778960 2 7 0.700000 88 0.300000
  7 2.421825 5.678679 39.535408 -0.210484 0.834457 0.509291 0.668260 0.818050 2 7 0.800000 88 0.200000
skt
  7 4.034781 6.165615 39.391350 -0.197989 0.834204 0.514688 0.653380 0.778960 2 7 0.700000 88 0.300000
  7 3.389453 6.484241 38.627312 -0.203256 0.828939 0.521102 0.679340 0.780320 2 7 0.700000 88 0.300000
  7 2.421825 5.678679 39.535408 -0.210484 0.834457 0.509291 0.668260 0.818050 2 7 0.800000 88 0.200000
skt
  7 3.389453 6.484241 38.627312 -0.203256 0.828939 0.521102 0.679340 0.780320 2 7 0.700000 88 0.300000
  7 3.139185 6.608819 38.333679 -0.393184 0.845887 0.360391 0.689720 0.780920 2 7 0.700000 88 0.300000
  7 2.421825 5.678679 39.535408 -0.210484 0.834457 0.509291 0.668260 0.818050 2 7 0.800000 88 0.200000
skt
  7 3.139185 6.608819 38.333679 -0.393184 0.845887 0.360391 0.689720 0.780920 2 7 0.700000 88 0.300000
  7 3.389453 6.484241 38.627312 -0.203256 0.828939 0.521102 0.679340 0.780320 2 7 0.700000 88 0.300000
  7 4.328783 7.316625 37.673656 -0.197154 0.826272 0.527641 0.689790 0.741740 2 7 0.600000 88 0.400000
skt
  7 4.034048 7.456272 37.346947 -0.386268 0.840681 0.379542 0.701610 0.742050 2 7 0.600000 88 0.400000
  7 3.139185 6.608819 38.333679 -0.393184 0.845887 0.360391 0.689720 0.780920 2 7 0.700000 88 0.300000
  7 4.328783 7.316625 37.673656 -0.197154 0.826272 0.527641 0.689790 0.741740 2 7 0.600000 88 0.400000
skt
  7 4.885911 8.337540 36.290382 -0.386535 0.836063 0.389345 0.713930 0.702110 2 7 0.500000 88 0.500000
  7 4.034048 7.456272 37.346947 -0.386268 0.840681 0.379542 0.701610 0.742050 2 7 0.600000 88 0.400000
  7 4.328783 7.316625 37.673656 -0.197154 0.826272 0.527641 0.689790 0.741740 2 7 0.600000 88 0.400000
skt
  7 4.034048 7.456272 37.346947 -0.386268 0.840681 0.379542 0.701610 0.742050 2 7 0.600000 88 0.400000
  7 4.885911 8.337540 36.290382 -0.386535 0.836063 0.389345 0.713930 0.702110 2 7 0.500000 88 0.500000
  7 3.993623 7.446719 37.273079 -0.770221 0.625889 -0.122564 0.703830 0.742180 2 7 0.600000 88 0.400000
skt
  7 2.236238 4.522524 41.414421 -0.209166 0.846191 0.490112 0.623870 0.848700 2 7 0.900000 88 0.100000
  7 2.393895 4.449392 41.604431 -0.059881 0.680613 0.730192 0.617930 0.847400 2 7 0.900000 88 0.100000
  7 3.490148 5.148376 40.866493 -0.198800 0.841173 0.502899 0.626030 0.813570 2 7 0.800000 88 0.200000
skt
  7 2.393895 4.449392 41.604431 -0.059881 0.680613 0.730192 0.617930 0.847400 2 7 0.900000 88 0.100000
  7 3.699622 5.042902 41.122639 -0.046093 0.717311 0.695227 0.618160 0.812710 2 7 0.800000 88 0.200000
  7 3.490148 5.148376 40.866493 -0.198800 0.841173 0.502899 0.626030 0.813570 2 7 0.800000 88 0.200000
skt
  7 5.083995 6.960150 38.513756 -0.194068 0.827994 0.526083 0.659800 0.740760 2 7 0.600000 88 0.400000
  7 4.034781 6.165615 39.391350 -0.197989 0.834204 0.514688 0.653380 0.778960 2 7 0.700000 88 0.300000
  7 5.841413 6.602205 39.356071 -0.192062 0.829732 0.524077 0.630700 0.739990 2 7 0.600000 88 0.400000
skt
  7 4.034781 6.165615 39.391350 -0.197989 0.834204 0.514688 0.653380 0.778960 2 7 0.700000 88 0.300000
  7 4.681950 5.845889 40.156853 -0.188490 0.837610 0.512719 0.628190 0.777690 2 7 0.700000 88 0.300000
  7 5.841413 6.602205 39.356071 -0.192062 0.829732 0.524077 0.630700 0.739990 2 7 0.600000 88 0.400000
skt
  7 4.681950 5.845889 40.156853 -0.188490 0.837610 0.512719 0.628190 0.777690 2 7 0.700000 88 0.300000
  7 4.034781 6.165615 39.391350 -0.197989 0.834204 0.514688 0.653380 0.778960 2 7 0.700000 88 0.300000
  7 3.490148 5.148376 40.866493 -0.198800 0.841173 0.502899 0.626030 0.813570 2 7 0.800000 88 0.200000
skt
  7 4.936627 5.719101 40.455627 -0.044529 0.744871 0.665721 0.618660 0.777320 2 7 0.700000 88 0.300000
  7 4.681950 5.845889 40.156853 -0.188490 0.837610 0.512719 0.628190 0.777690 2 7 0.700000 88 0.300000
  7 3.490148 5.148376 40.866493 -0.198800 0.841173 0.502899 0.626030 0.813570 2 7 0.800000 88 0.200000
skt
  7 3.699622 5.042902 41.122639 -0.046093 0.717311 0.695227 0.618160 0.812710 2 7 0.800000 88 0.200000
  7 4.936627 5.719101 40.455627 -0.044529 0.744871 0.665721 0.618660 0.777320 2 7 0.700000 88 0.300000
  7 3.490148 5.148376 40.866493 -0.198800 0.841173 0.502899 0.626030 0.813570 2 7 0.800000 88 0.200000
skt
  7 4.936627 5.719101 40.455627 -0.044529 0.744871 0.665721 0.618660 0.777320 2 7 0.700000 88 0.300000
  7 3.699622 5.042902 41.122639 -0.046093 0.717311 0.695227 0.618160 0.812710 2 7 0.800000 88 0.200000
  7 3.738945 5.001378 41.146164 0.318356 0.187560 0.929231 0.616340 0.812490 2 7 0.800000 88 0.200000
skt
  7 3.699622 5.042902 41.122639 -0.046093 0.717311 0.695227 0.618160 0.812710 2 7 0.800000 88 0.200000
  7 2.393895 4.449392 41.604431 -0.059881 0.680613 0.730192 0.617930 0.847400 2 7 0.900000 88 0.100000
  7 3.738945 5.001378 41.146164 0.318356 0.187560 0.929231 0.616340 0.812490 2 7 0.800000 88 0.200000
skt
  7 2.393895 4.449392 41.604431 -0.059881 0.680613 0.730192 0.617930 0.847400 2 7 0.900000 88 0.100000
  7 2.424397 4.416686 41.618393 0.268414 0.093354 0.958769 0.616090 0.846970 2 7 0.900000 88 0.100000
  7 3.738945 5.001378 41.146164 0.318356 0.187560 0.929231 0.616340 0.812490 2 7 0.800000 88 0.200000
skt
  7 4.681950 5.845889 40.156853 -0.188490 0.837610 0.512719 0.628190 0.777690 2 7 0.700000 88 0.300000
  7 4.936627 5.719101 40.455627 -0.044529 0.744871 0.665721 0.618660 0.777320 2 7 0.700000 88 0.300000
  7 5.841413 6.602205 39.356071 -0.192062 0.829732 0.524077 0.630700 0.739990 2 7 0.600000 88 0.400000
skt
  7 3.389453 6.484241 38.627312 -0.203256 0.828939 0.521102 0.679340 0.780320 2 7 0.700000 88 0.300000
  7 4.034781 6.165615 39.391350 -0.197989 0.834204 0.514688 0.653380 0.778960 2 7 0.700000 88 0.300000
  7 4.328783 7.316625 37.673656 -0.197154 0.826272 0.527641 0.689790 0.741740 2 7 0.600000 88 0.400000
skt
  7 4.034781 6.165615 39.391350 -0.197989 0.834204 0.514688 0.653380 0.778960 2 7 0.700000 88 0.300000
  7 5.083995 6.960150 38.513756 -0.194068 0.827994 0.526083 0.659800 0.740760 2 7 0.600000 88 0.400000
  7 4.328783 7.316625 37.673656 -0.197154 0.826272 0.527641 0.689790 0.741740 2 7 0.600000 88 0.400000
skt
  7 5.083995 6.960150 38.513756 -0.194068 0.827994 0.526083 0.659800 0.740760 2 7 0.600000 88 0.400000
  7 6.113361 7.794743 37.594276 -0.199422 0.824458 0.529622 0.666480 0.701460 2 7 0.500000 88 0.500000
  7 4.328783 7.316625 37.673656 -0.197154 0.826272 0.527641 0.689790 0.741740 2 7 0.600000 88 0.400000
skt
  7 6.113361 7.794743 37.594276 -0.199422 0.824458 0.529622 0.666480 0.701460 2 7 0.500000 88 0.500000
  7 5.083995 6.960150 38.513756 -0.194068 0.827994 0.526083 0.659800 0.740760 2 7 0.600000 88 0.400000
  7 5.841413 6.602205 39.356071 -0.192062 0.829732 0.524077 0.630700 0.739990 2 7 0.600000 88 0.400000
skt
  7 6.998302 7.403356 38.534340 -0.199676 0.823824 0.530512 0.633150 0.700990 2 7 0.500000 88 0.500000
  7 6.113361 7.794743 37.594276 -0.199422 0.824458 0.529622 0.666480 0.701460 2 7 0.500000 88 0.500000
  7 5.841413 6.602205 39.356071 -0.192062 0.829732 0.524077 0.630700 0.739990 2 7 0.600000 88 0.400000
skt
  7 4.986240 5.670594 40.488335 0.360436 0.268184 0.893400 0.616760 0.777230 2 7 0.700000 88 0.300000
  7 4.936627 5.719101 40.455627 -0.044529 0.744871 0.665721 0.618660 0.777320 2 7 0.700000 88 0.300000
  7 3.738945 5.001378 41.146164 0.318356 0.187560 0.929231 0.616340 0.812490 2 7 0.800000 88 0.200000
skt
  7 2.264903 4.365232 41.310799 0.197500 -0.860770 -0.469114 0.604580 0.848670 2 7 0.900000 88 0.100000
  7 2.422192 4.294673 41.502632 0.285522 -0.920413 -0.267052 0.610540 0.847440 2 7 0.900000 88 0.100000
  7 0.973875 3.804798 41.796265 0.209256 -0.865957 -0.454235 0.606450 0.885130 1 7 1.000000
skt
  7 2.422192 4.294673 41.502632 0.285522 -0.920413 -0.267052 0.610540 0.847440 2 7 0.900000 88 0.100000
  7 1.076407 3.769150 41.909088 0.285637 -0.925070 -0.250313 0.610150 0.883950 1 7 1.000000
  7 0.973875 3.804798 41.796265 0.209256 -0.865957 -0.454235 0.606450 0.885130 1 7 1.000000
skt
  7 1.076407 3.769150 41.909088 0.285637 -0.925070 -0.250313 0.610150 0.883950 1 7 1.000000
  7 2.422192 4.294673 41.502632 0.285522 -0.920413 -0.267052 0.610540 0.847440 2 7 0.900000 88 0.100000
  7 1.092577 3.778705 41.933708 0.429596 -0.813147 0.392732 0.612050 0.883220 1 7 1.000000
skt
  7 2.422192 4.294673 41.502632 0.285522 -0.920413 -0.267052 0.610540 0.847440 2 7 0.900000 88 0.100000
  7 2.445345 4.301291 41.542320 0.448621 -0.825285 0.342992 0.612400 0.846990 2 7 0.900000 88 0.100000
  7 1.092577 3.778705 41.933708 0.429596 -0.813147 0.392732 0.612050 0.883220 1 7 1.000000
skt
  7 2.445345 4.301291 41.542320 0.448621 -0.825285 0.342992 0.612400 0.846990 2 7 0.900000 88 0.100000
  7 2.443875 4.354577 41.589363 0.435907 -0.438770 0.785790 0.614240 0.846900 2 7 0.900000 88 0.100000
  7 1.092577 3.778705 41.933708 0.429596 -0.813147 0.392732 0.612050 0.883220 1 7 1.000000
skt
  7 2.443875 4.354577 41.589363 0.435907 -0.438770 0.785790 0.614240 0.846900 2 7 0.900000 88 0.100000
  7 2.445345 4.301291 41.542320 0.448621 -0.825285 0.342992 0.612400 0.846990 2 7 0.900000 88 0.100000
  7 3.765405 4.866138 41.057964 0.508873 -0.815094 0.276895 0.612540 0.812460 2 7 0.800000 88 0.200000
skt
  7 3.763935 4.927510 41.114922 0.521878 -0.391529 0.757858 0.614440 0.812420 2 7 0.800000 88 0.200000
  7 2.443875 4.354577 41.589363 0.435907 -0.438770 0.785790 0.614240 0.846900 2 7 0.900000 88 0.100000
  7 3.765405 4.866138 41.057964 0.508873 -0.815094 0.276895 0.612540 0.812460 2 7 0.800000 88 0.200000
skt
  7 5.017478 5.586070 40.454525 0.604532 -0.339885 0.720430 0.614540 0.777160 2 7 0.700000 88 0.300000
  7 3.763935 4.927510 41.114922 0.521878 -0.391529 0.757858 0.614440 0.812420 2 7 0.800000 88 0.200000
  7 3.765405 4.866138 41.057964 0.508873 -0.815094 0.276895 0.612540 0.812460 2 7 0.800000 88 0.200000
skt
  7 3.763935 4.927510 41.114922 0.521878 -0.391529 0.757858 0.614440 0.812420 2 7 0.800000 88 0.200000
  7 5.017478 5.586070 40.454525 0.604532 -0.339885 0.720430 0.614540 0.777160 2 7 0.700000 88 0.300000
  7 3.738945 5.001378 41.146164 0.318356 0.187560 0.929231 0.616340 0.812490 2 7 0.800000 88 0.200000
skt
  7 5.017478 5.586070 40.454525 0.604532 -0.339885 0.720430 0.614540 0.777160 2 7 0.700000 88 0.300000
  7 4.986240 5.670594 40.488335 0.360436 0.268184 0.893400 0.616760 0.777230 2 7 0.700000 88 0.300000
  7 3.738945 5.001378 41.146164 0.318356 0.187560 0.929231 0.616340 0.812490 2 7 0.800000 88 0.200000
skt
  7 4.986240 5.670594 40.488335 0.360436 0.268184 0.893400 0.616760 0.777230 2 7 0.700000 88 0.300000
  7 5.017478 5.586070 40.454525 0.604532 -0.339885 0.720430 0.614540 0.777160 2 7 0.700000 88 0.300000
  7 6.201930 6.405590 39.729080 0.363938 0.305995 0.879725 0.617260 0.739720 2 7 0.600000 88 0.400000
skt
  7 4.936627 5.719101 40.455627 -0.044529 0.744871 0.665721 0.618660 0.777320 2 7 0.700000 88 0.300000
  7 4.986240 5.670594 40.488335 0.360436 0.268184 0.893400 0.616760 0.777230 2 7 0.700000 88 0.300000
  7 6.201930 6.405590 39.729080 0.363938 0.305995 0.879725 0.617260 0.739720 2 7 0.600000 88 0.400000
skt
  7 6.141661 6.460349 39.689026 -0.055235 0.752112 0.656716 0.619410 0.739770 2 7 0.600000 88 0.400000
  7 4.936627 5.719101 40.455627 -0.044529 0.744871 0.665721 0.618660 0.777320 2 7 0.700000 88 0.300000
  7 6.201930 6.405590 39.729080 0.363938 0.305995 0.879725 0.617260 0.739720 2 7 0.600000 88 0.400000
skt
  7 4.936627 5.719101 40.455627 -0.044529 0.744871 0.665721 0.618660 0.777320 2 7 0.700000 88 0.300000
  7 6.141661 6.460349 39.689026 -0.055235 0.752112 0.656716 0.619410 0.739770 2 7 0.600000 88 0.400000
  7 5.841413 6.602205 39.356071 -0.192062 0.829732 0.524077 0.630700 0.739990 2 7 0.600000 88 0.400000
skt
  7 6.141661 6.460349 39.689026 -0.055235 0.752112 0.656716 0.619410 0.739770 2 7 0.600000 88 0.400000
  7 7.349632 7.248270 38.907715 -0.066912 0.748916 0.659278 0.620320 0.700710 2 7 0.500000 88 0.500000
  7 5.841413 6.602205 39.356071 -0.192062 0.829732 0.524077 0.630700 0.739990 2 7 0.600000 88 0.400000
skt
  7 7.349632 7.248270 38.907715 -0.066912 0.748916 0.659278 0.620320 0.700710 2 7 0.500000 88 0.500000
  7 6.998302 7.403356 38.534340 -0.199676 0.823824 0.530512 0.633150 0.700990 2 7 0.500000 88 0.500000
  7 5.841413 6.602205 39.356071 -0.192062 0.829732 0.524077 0.630700 0.739990 2 7 0.600000 88 0.400000
skt
  7 6.998302 7.403356 38.534340 -0.199676 0.823824 0.530512 0.633150 0.700990 2 7 0.500000 88 0.500000
  7 7.349632 7.248270 38.907715 -0.066912 0.748916 0.659278 0.620320 0.700710 2 7 0.500000 88 0.500000
  88 7.922565 8.062283 37.869534 -0.203621 0.822454 0.531138 0.634750 0.669640 2 88 0.600000 7 0.400000
skt
  7 6.113361 7.794743 37.594276 -0.199422 0.824458 0.529622 0.666480 0.701460 2 7 0.500000 88 0.500000
  7 6.998302 7.403356 38.534340 -0.199676 0.823824 0.530512 0.633150 0.700990 2 7 0.500000 88 0.500000
  88 7.922565 8.062283 37.869534 -0.203621 0.822454 0.531138 0.634750 0.669640 2 88 0.600000 7 0.400000
skt
  88 6.932521 8.477192 36.846043 -0.202535 0.823559 0.529840 0.671040 0.669070 2 88 0.600000 7 0.400000
  7 6.113361 7.794743 37.594276 -0.199422 0.824458 0.529622 0.666480 0.701460 2 7 0.500000 88 0.500000
  88 7.922565 8.062283 37.869534 -0.203621 0.822454 0.531138 0.634750 0.669640 2 88 0.600000 7 0.400000
skt
  7 2.445345 4.301291 41.542320 0.448621 -0.825285 0.342992 0.612400 0.846990 2 7 0.900000 88 0.100000
  7 2.422192 4.294673 41.502632 0.285522 -0.920413 -0.267052 0.610540 0.847440 2 7 0.900000 88 0.100000
  7 3.765405 4.866138 41.057964 0.508873 -0.815094 0.276895 0.612540 0.812460 2 7 0.800000 88 0.200000
skt
  7 7.421295 7.186897 38.953293 0.358218 0.314527 0.879064 0.617850 0.700630 2 7 0.500000 88 0.500000
  7 7.349632 7.248270 38.907715 -0.066912 0.748916 0.659278 0.620320 0.700710 2 7 0.500000 88 0.500000
  7 6.201930 6.405590 39.729080 0.363938 0.305995 0.879725 0.617260 0.739720 2 7 0.600000 88 0.400000
skt
  7 7.349632 7.248270 38.907715 -0.066912 0.748916 0.659278 0.620320 0.700710 2 7 0.500000 88 0.500000
  7 6.141661 6.460349 39.689026 -0.055235 0.752112 0.656716 0.619410 0.739770 2 7 0.600000 88 0.400000
  7 6.201930 6.405590 39.729080 0.363938 0.305995 0.879725 0.617260 0.739720 2 7 0.600000 88 0.400000
skt
  7 5.019315 5.516242 40.387642 0.566438 -0.793485 0.222553 0.612310 0.777130 2 7 0.700000 88 0.300000
  7 5.017478 5.586070 40.454525 0.604532 -0.339885 0.720430 0.614540 0.777160 2 7 0.700000 88 0.300000
  7 3.765405 4.866138 41.057964 0.508873 -0.815094 0.276895 0.612540 0.812460 2 7 0.800000 88 0.200000
skt
  7 2.443875 4.354577 41.589363 0.435907 -0.438770 0.785790 0.614240 0.846900 2 7 0.900000 88 0.100000
  7 1.090372 3.824643 41.970459 0.402904 -0.460078 0.791199 0.613980 0.883090 1 7 1.000000
  7 1.092577 3.778705 41.933708 0.429596 -0.813147 0.392732 0.612050 0.883220 1 7 1.000000
skt
  7 1.090372 3.824643 41.970459 0.402904 -0.460078 0.791199 0.613980 0.883090 1 7 1.000000
  7 2.443875 4.354577 41.589363 0.435907 -0.438770 0.785790 0.614240 0.846900 2 7 0.900000 88 0.100000
  7 1.076040 3.874623 41.997658 0.268791 0.009765 0.963149 0.615900 0.883160 1 7 1.000000
skt
  88 8.795012 8.222507 37.956627 0.005684 0.794020 0.607864 0.620640 0.655330 2 88 0.650000 7 0.350000
  88 8.384880 8.390826 37.538040 -0.137586 0.865160 0.482253 0.634350 0.653650 2 88 0.650000 7 0.350000
  88 7.922565 8.062283 37.869534 -0.203621 0.822454 0.531138 0.634750 0.669640 2 88 0.600000 7 0.400000
skt
  88 8.315792 7.897271 38.275623 -0.070332 0.748559 0.659327 0.620830 0.669830 2 88 0.600000 7 0.400000
  88 8.795012 8.222507 37.956627 0.005684 0.794020 0.607864 0.620640 0.655330 2 88 0.650000 7 0.350000
  88 7.922565 8.062283 37.869534 -0.203621 0.822454 0.531138 0.634750 0.669640 2 88 0.600000 7 0.400000
skt
  7 7.349632 7.248270 38.907715 -0.066912 0.748916 0.659278 0.620320 0.700710 2 7 0.500000 88 0.500000
  88 8.315792 7.897271 38.275623 -0.070332 0.748559 0.659327 0.620830 0.669830 2 88 0.600000 7 0.400000
  88 7.922565 8.062283 37.869534 -0.203621 0.822454 0.531138 0.634750 0.669640 2 88 0.600000 7 0.400000
skt
  88 8.315792 7.897271 38.275623 -0.070332 0.748559 0.659327 0.620830 0.669830 2 88 0.600000 7 0.400000
  7 7.349632 7.248270 38.907715 -0.066912 0.748916 0.659278 0.620320 0.700710 2 7 0.500000 88 0.500000
  88 8.396275 7.831121 38.324867 0.358238 0.319789 0.877155 0.618210 0.669770 2 88 0.600000 7 0.400000
skt
  7 7.349632 7.248270 38.907715 -0.066912 0.748916 0.659278 0.620320 0.700710 2 7 0.500000 88 0.500000
  7 7.421295 7.186897 38.953293 0.358218 0.314527 0.879064 0.617850 0.700630 2 7 0.500000 88 0.500000
  88 8.396275 7.831121 38.324867 0.358238 0.319789 0.877155 0.618210 0.669770 2 88 0.600000 7 0.400000
skt
  7 7.421295 7.186897 38.953293 0.358218 0.314527 0.879064 0.617850 0.700630 2 7 0.500000 88 0.500000
  7 7.467235 7.078119 38.910652 0.643062 -0.301188 0.704100 0.614880 0.700550 2 7 0.500000 88 0.500000
  88 8.396275 7.831121 38.324867 0.358238 0.319789 0.877155 0.618210 0.669770 2 88 0.600000 7 0.400000
skt
  7 7.467235 7.078119 38.910652 0.643062 -0.301188 0.704100 0.614880 0.700550 2 7 0.500000 88 0.500000
  7 7.421295 7.186897 38.953293 0.358218 0.314527 0.879064 0.617850 0.700630 2 7 0.500000 88 0.500000
  7 6.201930 6.405590 39.729080 0.363938 0.305995 0.879725 0.617260 0.739720 2 7 0.600000 88 0.400000
skt
  7 6.240519 6.309676 39.691597 0.635383 -0.312965 0.705933 0.614660 0.739640 2 7 0.600000 88 0.400000
  7 7.467235 7.078119 38.910652 0.643062 -0.301188 0.704100 0.614880 0.700550 2 7 0.500000 88 0.500000
  7 6.201930 6.405590 39.729080 0.363938 0.305995 0.879725 0.617260 0.739720 2 7 0.600000 88 0.400000
skt
  7 5.017478 5.586070 40.454525 0.604532 -0.339885 0.720430 0.614540 0.777160 2 7 0.700000 88 0.300000
  7 6.240519 6.309676 39.691597 0.635383 -0.312965 0.705933 0.614660 0.739640 2 7 0.600000 88 0.400000
  7 6.201930 6.405590 39.729080 0.363938 0.305995 0.879725 0.617260 0.739720 2 7 0.600000 88 0.400000
skt
  7 6.240519 6.309676 39.691597 0.635383 -0.312965 0.705933 0.614660 0.739640 2 7 0.600000 88 0.400000
  7 5.017478 5.586070 40.454525 0.604532 -0.339885 0.720430 0.614540 0.777160 2 7 0.700000 88 0.300000
  7 6.243090 6.230664 39.614792 0.593839 -0.780228 0.196466 0.612050 0.739580 2 7 0.600000 88 0.400000
skt
  7 5.017478 5.586070 40.454525 0.604532 -0.339885 0.720430 0.614540 0.777160 2 7 0.700000 88 0.300000
  7 5.019315 5.516242 40.387642 0.566438 -0.793485 0.222553 0.612310 0.777130 2 7 0.700000 88 0.300000
  7 6.243090 6.230664 39.614792 0.593839 -0.780228 0.196466 0.612050 0.739580 2 7 0.600000 88 0.400000
skt
  7 5.019315 5.516242 40.387642 0.566438 -0.793485 0.222553 0.612310 0.777130 2 7 0.700000 88 0.300000
  7 4.981094 5.512936 40.321121 0.293223 -0.893323 -0.340578 0.610400 0.777180 2 7 0.700000 88 0.300000
  7 6.243090 6.230664 39.614792 0.593839 -0.780228 0.196466 0.612050 0.739580 2 7 0.600000 88 0.400000
skt
  7 4.981094 5.512936 40.321121 0.293223 -0.893323 -0.340578 0.610400 0.777180 2 7 0.700000 88 0.300000
  7 5.019315 5.516242 40.387642 0.566438 -0.793485 0.222553 0.612310 0.777130 2 7 0.700000 88 0.300000
  7 3.765405 4.866138 41.057964 0.508873 -0.815094 0.276895 0.612540 0.812460 2 7 0.800000 88 0.200000
skt
  7 3.734903 4.862095 41.004311 0.286565 -0.906250 -0.310792 0.610710 0.812660 2 7 0.800000 88 0.200000
  7 4.981094 5.512936 40.321121 0.293223 -0.893323 -0.340578 0.610400 0.777180 2 7 0.700000 88 0.300000
  7 3.765405 4.866138 41.057964 0.508873 -0.815094 0.276895 0.612540 0.812460 2 7 0.800000 88 0.200000
skt
  7 2.422192 4.294673 41.502632 0.285522 -0.920413 -0.267052 0.610540 0.847440 2 7 0.900000 88 0.100000
  7 3.734903 4.862095 41.004311 0.286565 -0.906250 -0.310792 0.610710 0.812660 2 7 0.800000 88 0.200000
  7 3.765405 4.866138 41.057964 0.508873 -0.815094 0.276895 0.612540 0.812460 2 7 0.800000 88 0.200000
skt
  7 3.734903 4.862095 41.004311 0.286565 -0.906250 -0.310792 0.610710 0.812660 2 7 0.800000 88 0.200000
  7 2.422192 4.294673 41.502632 0.285522 -0.920413 -0.267052 0.610540 0.847440 2 7 0.900000 88 0.100000
  7 3.526163 4.963156 40.745216 0.190538 -0.855214 -0.481979 0.602830 0.813450 2 7 0.800000 88 0.200000
skt
  7 2.422192 4.294673 41.502632 0.285522 -0.920413 -0.267052 0.610540 0.847440 2 7 0.900000 88 0.100000
  7 2.264903 4.365232 41.310799 0.197500 -0.860770 -0.469114 0.604580 0.848670 2 7 0.900000 88 0.100000
  7 3.526163 4.963156 40.745216 0.190538 -0.855214 -0.481979 0.602830 0.813450 2 7 0.800000 88 0.200000
skt
  7 2.264903 4.365232 41.310799 0.197500 -0.860770 -0.469114 0.604580 0.848670 2 7 0.900000 88 0.100000
  7 1.864695 4.542736 40.806206 0.206939 -0.859459 -0.467447 0.588790 0.851500 2 7 0.900000 88 0.100000
  7 3.526163 4.963156 40.745216 0.190538 -0.855214 -0.481979 0.602830 0.813450 2 7 0.800000 88 0.200000
skt
  7 4.727152 5.635313 40.019035 0.181247 -0.850431 -0.493880 0.600880 0.777490 2 7 0.700000 88 0.300000
  7 4.981094 5.512936 40.321121 0.293223 -0.893323 -0.340578 0.610400 0.777180 2 7 0.700000 88 0.300000
  7 3.526163 4.963156 40.745216 0.190538 -0.855214 -0.481979 0.602830 0.813450 2 7 0.800000 88 0.200000
skt
  7 4.981094 5.512936 40.321121 0.293223 -0.893323 -0.340578 0.610400 0.777180 2 7 0.700000 88 0.300000
  7 3.734903 4.862095 41.004311 0.286565 -0.906250 -0.310792 0.610710 0.812660 2 7 0.800000 88 0.200000
  7 3.526163 4.963156 40.745216 0.190538 -0.855214 -0.481979 0.602830 0.813450 2 7 0.800000 88 0.200000
skt
  7 7.470909 6.987712 38.822823 0.606830 -0.771903 0.189533 0.611910 0.700490 2 7 0.500000 88 0.500000
  7 7.467235 7.078119 38.910652 0.643062 -0.301188 0.704100 0.614880 0.700550 2 7 0.500000 88 0.500000
  7 6.243090 6.230664 39.614792 0.593839 -0.780228 0.196466 0.612050 0.739580 2 7 0.600000 88 0.400000
skt
  7 7.467235 7.078119 38.910652 0.643062 -0.301188 0.704100 0.614880 0.700550 2 7 0.500000 88 0.500000
  7 6.240519 6.309676 39.691597 0.635383 -0.312965 0.705933 0.614660 0.739640 2 7 0.600000 88 0.400000
  7 6.243090 6.230664 39.614792 0.593839 -0.780228 0.196466 0.612050 0.739580 2 7 0.600000 88 0.400000
skt
  7 7.467235 7.078119 38.910652 0.643062 -0.301188 0.704100 0.614880 0.700550 2 7 0.500000 88 0.500000
  88 8.448093 7.712055 38.277821 0.649100 -0.293619 0.701753 0.615070 0.669690 2 88 0.600000 7 0.400000
  88 8.396275 7.831121 38.324867 0.358238 0.319789 0.877155 0.618210 0.669770 2 88 0.600000 7 0.400000
skt
  88 8.448093 7.712055 38.277821 0.649100 -0.293619 0.701753 0.615070 0.669690 2 88 0.600000 7 0.400000
  7 7.467235 7.078119 38.910652 0.643062 -0.301188 0.704100 0.614880 0.700550 2 7 0.500000 88 0.500000
  88 8.452501 7.612831 38.181545 0.616524 -0.765021 0.186123 0.611930 0.669620 2 88 0.600000 7 0.400000
skt
  7 7.467235 7.078119 38.910652 0.643062 -0.301188 0.704100 0.614880 0.700550 2 7 0.500000 88 0.500000
  7 7.470909 6.987712 38.822823 0.606830 -0.771903 0.189533 0.611910 0.700490 2 7 0.500000 88 0.500000
  88 8.452501 7.612831 38.181545 0.616524 -0.765021 0.186123 0.611930 0.669620 2 88 0.600000 7 0.400000
skt
  7 7.470909 6.987712 38.822823 0.606830 -0.771903 0.189533 0.611910 0.700490 2 7 0.500000 88 0.500000
  7 7.415784 6.982201 38.733521 0.309148 -0.877083 -0.367631 0.609430 0.700500 2 7 0.500000 88 0.500000
  88 8.452501 7.612831 38.181545 0.616524 -0.765021 0.186123 0.611930 0.669620 2 88 0.600000 7 0.400000
skt
  7 7.415784 6.982201 38.733521 0.309148 -0.877083 -0.367631 0.609430 0.700500 2 7 0.500000 88 0.500000
  7 7.470909 6.987712 38.822823 0.606830 -0.771903 0.189533 0.611910 0.700490 2 7 0.500000 88 0.500000
  7 6.243090 6.230664 39.614792 0.593839 -0.780228 0.196466 0.612050 0.739580 2 7 0.600000 88 0.400000
skt
  7 6.196051 6.226253 39.536514 0.299790 -0.884142 -0.358357 0.609890 0.739580 2 7 0.600000 88 0.400000
  7 7.415784 6.982201 38.733521 0.309148 -0.877083 -0.367631 0.609430 0.700500 2 7 0.500000 88 0.500000
  7 6.243090 6.230664 39.614792 0.593839 -0.780228 0.196466 0.612050 0.739580 2 7 0.600000 88 0.400000
skt
  7 4.981094 5.512936 40.321121 0.293223 -0.893323 -0.340578 0.610400 0.777180 2 7 0.700000 88 0.300000
  7 6.196051 6.226253 39.536514 0.299790 -0.884142 -0.358357 0.609890 0.739580 2 7 0.600000 88 0.400000
  7 6.243090 6.230664 39.614792 0.593839 -0.780228 0.196466 0.612050 0.739580 2 7 0.600000 88 0.400000
skt
  7 6.196051 6.226253 39.536514 0.299790 -0.884142 -0.358357 0.609890 0.739580 2 7 0.600000 88 0.400000
  7 4.981094 5.512936 40.321121 0.293223 -0.893323 -0.340578 0.610400 0.777180 2 7 0.700000 88 0.300000
  7 5.896905 6.365168 39.201355 0.181461 -0.842015 -0.508019 0.598630 0.739700 2 7 0.600000 88 0.400000
skt
  7 4.981094 5.512936 40.321121 0.293223 -0.893323 -0.340578 0.610400 0.777180 2 7 0.700000 88 0.300000
  7 4.727152 5.635313 40.019035 0.181247 -0.850431 -0.493880 0.600880 0.777490 2 7 0.700000 88 0.300000
  7 5.896905 6.365168 39.201355 0.181461 -0.842015 -0.508019 0.598630 0.739700 2 7 0.600000 88 0.400000
skt
  7 4.727152 5.635313 40.019035 0.181247 -0.850431 -0.493880 0.600880 0.777490 2 7 0.700000 88 0.300000
  7 4.082190 5.943645 39.246552 0.191489 -0.846142 -0.497369 0.575700 0.778560 2 7 0.700000 88 0.300000
  7 5.896905 6.365168 39.201355 0.181461 -0.842015 -0.508019 0.598630 0.739700 2 7 0.600000 88 0.400000
skt
  7 4.082190 5.943645 39.246552 0.191489 -0.846142 -0.497369 0.575700 0.778560 2 7 0.700000 88 0.300000
  7 4.727152 5.635313 40.019035 0.181247 -0.850431 -0.493880 0.600880 0.777490 2 7 0.700000 88 0.300000
  7 3.526163 4.963156 40.745216 0.190538 -0.855214 -0.481979 0.602830 0.813450 2 7 0.800000 88 0.200000
skt
  7 2.993655 5.217464 40.071598 0.200715 -0.853384 -0.481092 0.582270 0.815420 2 7 0.800000 88 0.200000
  7 4.082190 5.943645 39.246552 0.191489 -0.846142 -0.497369 0.575700 0.778560 2 7 0.700000 88 0.300000
  7 3.526163 4.963156 40.745216 0.190538 -0.855214 -0.481979 0.602830 0.813450 2 7 0.800000 88 0.200000
skt
  7 1.864695 4.542736 40.806206 0.206939 -0.859459 -0.467447 0.588790 0.851500 2 7 0.900000 88 0.100000
  7 2.993655 5.217464 40.071598 0.200715 -0.853384 -0.481092 0.582270 0.815420 2 7 0.800000 88 0.200000
  7 3.526163 4.963156 40.745216 0.190538 -0.855214 -0.481979 0.602830 0.813450 2 7 0.800000 88 0.200000
skt
  7 2.993655 5.217464 40.071598 0.200715 -0.853384 -0.481092 0.582270 0.815420 2 7 0.800000 88 0.200000
  7 1.864695 4.542736 40.806206 0.206939 -0.859459 -0.467447 0.588790 0.851500 2 7 0.900000 88 0.100000
  7 2.462250 5.471411 39.399796 0.202476 -0.848660 -0.488651 0.560500 0.817510 2 7 0.800000 88 0.200000
skt
  7 1.864695 4.542736 40.806206 0.206939 -0.859459 -0.467447 0.588790 0.851500 2 7 0.900000 88 0.100000
  7 1.465223 4.720241 40.302380 0.209463 -0.854734 -0.474927 0.572620 0.854130 2 7 0.900000 88 0.100000
  7 2.462250 5.471411 39.399796 0.202476 -0.848660 -0.488651 0.560500 0.817510 2 7 0.800000 88 0.200000
skt
  7 -0.398003 3.599733 42.323627 0.602694 0.683755 0.411388 0.043040 0.476430 1 7 1.000000
  7 -1.419285 4.426978 42.444901 0.601009 0.746312 0.286017 0.038530 0.491790 2 7 0.800000 87 0.200000
  7 -0.385508 3.388421 42.671650 0.668541 0.669991 0.322745 0.048010 0.476480 1 7 1.000000
skt
  7 -0.398003 3.599733 42.323627 0.602694 0.683755 0.411388 0.043040 0.476430 1 7 1.000000
  7 -0.388080 3.814719 41.973034 0.572714 0.702493 0.422495 0.038030 0.476180 1 7 1.000000
  7 -1.419285 4.426978 42.444901 0.601009 0.746312 0.286017 0.038530 0.491790 2 7 0.800000 87 0.200000
skt
  7 -0.367500 3.226720 42.941029 0.707614 0.628989 0.321956 0.051840 0.476450 1 7 1.000000
  7 -1.308300 4.078955 43.343811 0.666566 0.727675 0.161795 0.050250 0.492530 2 7 0.800000 87 0.200000
  7 -0.360518 3.161674 43.055321 0.699158 0.487802 0.522712 0.053450 0.476460 1 7 1.000000
skt
  7 -0.367500 3.226720 42.941029 0.707614 0.628989 0.321956 0.051840 0.476450 1 7 1.000000
  7 -0.385508 3.388421 42.671650 0.668541 0.669991 0.322745 0.048010 0.476480 1 7 1.000000
  7 -1.308300 4.078955 43.343811 0.666566 0.727675 0.161795 0.050250 0.492530 2 7 0.800000 87 0.200000
skt
  7 -0.385508 3.388421 42.671650 0.668541 0.669991 0.322745 0.048010 0.476480 1 7 1.000000
  7 -1.365630 4.220075 42.957932 0.641324 0.739858 0.203257 0.045250 0.492210 2 7 0.800000 87 0.200000
  7 -1.308300 4.078955 43.343811 0.666566 0.727675 0.161795 0.050250 0.492530 2 7 0.800000 87 0.200000
skt
  7 -1.419285 4.426978 42.444901 0.601009 0.746312 0.286017 0.038530 0.491790 2 7 0.800000 87 0.200000
  7 -1.365630 4.220075 42.957932 0.641324 0.739858 0.203257 0.045250 0.492210 2 7 0.800000 87 0.200000
  7 -0.385508 3.388421 42.671650 0.668541 0.669991 0.322745 0.048010 0.476480 1 7 1.000000
skt
  7 -2.403450 4.983005 43.235764 0.552533 0.823943 0.125796 0.042650 0.507800 2 7 0.600000 87 0.400000
  7 -1.365630 4.220075 42.957932 0.641324 0.739858 0.203257 0.045250 0.492210 2 7 0.800000 87 0.200000
  7 -1.419285 4.426978 42.444901 0.601009 0.746312 0.286017 0.038530 0.491790 2 7 0.800000 87 0.200000
skt
  7 -2.494590 5.181087 42.549637 0.515464 0.823084 0.238391 0.034120 0.506930 2 7 0.600000 87 0.400000
  7 -2.403450 4.983005 43.235764 0.552533 0.823943 0.125796 0.042650 0.507800 2 7 0.600000 87 0.400000
  7 -1.419285 4.426978 42.444901 0.601009 0.746312 0.286017 0.038530 0.491790 2 7 0.800000 87 0.200000
skt
  7 -2.494590 5.181087 42.549637 0.515464 0.823084 0.238391 0.034120 0.506930 2 7 0.600000 87 0.400000
  87 -3.677572 5.789299 42.621307 0.337482 0.911378 0.235575 0.029800 0.522200 2 87 0.600000 7 0.400000
  7 -2.403450 4.983005 43.235764 0.552533 0.823943 0.125796 0.042650 0.507800 2 7 0.600000 87 0.400000
skt
  7 -2.494590 5.181087 42.549637 0.515464 0.823084 0.238391 0.034120 0.506930 2 7 0.600000 87 0.400000
  7 -2.535750 5.473617 41.840366 0.487580 0.804913 0.338201 0.025040 0.506060 2 7 0.600000 87 0.400000
  87 -3.677572 5.789299 42.621307 0.337482 0.911378 0.235575 0.029800 0.522200 2 87 0.600000 7 0.400000
skt
  7 -2.535750 5.473617 41.840366 0.487580 0.804913 0.338201 0.025040 0.506060 2 7 0.600000 87 0.400000
  87 -3.754013 6.117109 41.795532 0.298789 0.879775 0.369758 0.019500 0.521230 2 87 0.600000 7 0.400000
  87 -3.677572 5.789299 42.621307 0.337482 0.911378 0.235575 0.029800 0.522200 2 87 0.600000 7 0.400000
skt
  87 -3.795540 6.425077 41.175186 0.285666 0.872726 0.395909 0.011670 0.520650 2 87 0.600000 7 0.400000
  87 -3.754013 6.117109 41.795532 0.298789 0.879775 0.369758 0.019500 0.521230 2 87 0.600000 7 0.400000
  7 -2.535750 5.473617 41.840366 0.487580 0.804913 0.338201 0.025040 0.506060 2 7 0.600000 87 0.400000
skt
  87 -4.773825 6.321442 41.747391 -0.306690 0.865794 0.395400 0.015970 0.532440 2 87 0.800000 7 0.200000
  87 -3.754013 6.117109 41.795532 0.298789 0.879775 0.369758 0.019500 0.521230 2 87 0.600000 7 0.400000
  87 -3.795540 6.425077 41.175186 0.285666 0.872726 0.395909 0.011670 0.520650 2 87 0.600000 7 0.400000
skt
  87 -4.860555 6.618382 41.105000 -0.328537 0.846067 0.419801 0.008810 0.531550 2 87 0.800000 7 0.200000
  87 -4.773825 6.321442 41.747391 -0.306690 0.865794 0.395400 0.015970 0.532440 2 87 0.800000 7 0.200000
  87 -3.795540 6.425077 41.175186 0.285666 0.872726 0.395909 0.011670 0.520650 2 87 0.600000 7 0.400000
skt
  87 -4.860555 6.618382 41.105000 -0.328537 0.846067 0.419801 0.008810 0.531550 2 87 0.800000 7 0.200000
  87 -5.432384 5.967538 41.024139 -0.928045 0.241149 0.283864 0.008300 0.539880 1 87 1.000000
  87 -4.773825 6.321442 41.747391 -0.306690 0.865794 0.395400 0.015970 0.532440 2 87 0.800000 7 0.200000
skt
  87 -4.860555 6.618382 41.105000 -0.328537 0.846067 0.419801 0.008810 0.531550 2 87 0.800000 7 0.200000
  87 -4.893998 6.734511 40.837093 -0.348940 0.919625 0.180362 0.005990 0.531270 2 87 0.800000 7 0.200000
  87 -5.432384 5.967538 41.024139 -0.928045 0.241149 0.283864 0.008300 0.539880 1 87 1.000000
skt
  87 -4.893998 6.734511 40.837093 -0.348940 0.919625 0.180362 0.005990 0.531270 2 87 0.800000 7 0.200000
  87 -5.487878 6.039202 40.752922 -0.959938 0.276928 0.042787 0.005590 0.539660 1 87 1.000000
  87 -5.432384 5.967538 41.024139 -0.928045 0.241149 0.283864 0.008300 0.539880 1 87 1.000000
skt
  87 -5.473547 6.048388 40.686405 -0.804716 0.290734 -0.517596 0.004880 0.539610 1 87 1.000000
  87 -5.487878 6.039202 40.752922 -0.959938 0.276928 0.042787 0.005590 0.539660 1 87 1.000000
  87 -4.893998 6.734511 40.837093 -0.348940 0.919625 0.180362 0.005990 0.531270 2 87 0.800000 7 0.200000
skt
  87 -5.359253 5.075249 40.708462 -0.827514 -0.542674 -0.143962 0.006500 0.548700 2 87 0.800000 7 0.200000
  87 -5.487878 6.039202 40.752922 -0.959938 0.276928 0.042787 0.005590 0.539660 1 87 1.000000
  87 -5.473547 6.048388 40.686405 -0.804716 0.290734 -0.517596 0.004880 0.539610 1 87 1.000000
skt
  87 -5.339777 5.097296 40.647461 -0.595708 -0.371490 -0.712129 0.005810 0.548700 2 87 0.800000 7 0.200000
  87 -5.359253 5.075249 40.708462 -0.827514 -0.542674 -0.143962 0.006500 0.548700 2 87 0.800000 7 0.200000
  87 -5.473547 6.048388 40.686405 -0.804716 0.290734 -0.517596 0.004880 0.539610 1 87 1.000000
skt
  87 -4.656225 6.000978 42.642609 -0.266448 0.920381 0.286190 0.026900 0.533790 2 87 0.800000 7 0.200000
  87 -3.677572 5.789299 42.621307 0.337482 0.911378 0.235575 0.029800 0.522200 2 87 0.600000 7 0.400000
  87 -4.773825 6.321442 41.747391 -0.306690 0.865794 0.395400 0.015970 0.532440 2 87 0.800000 7 0.200000
skt
  87 -3.677572 5.789299 42.621307 0.337482 0.911378 0.235575 0.029800 0.522200 2 87 0.600000 7 0.400000
  87 -3.754013 6.117109 41.795532 0.298789 0.879775 0.369758 0.019500 0.521230 2 87 0.600000 7 0.400000
  87 -4.773825 6.321442 41.747391 -0.306690 0.865794 0.395400 0.015970 0.532440 2 87 0.800000 7 0.200000
skt
  87 -5.294208 5.045847 40.977474 -0.810379 -0.564653 0.156372 0.009290 0.548920 2 87 0.800000 7 0.200000
  87 -5.432384 5.967538 41.024139 -0.928045 0.241149 0.283864 0.008300 0.539880 1 87 1.000000
  87 -5.359253 5.075249 40.708462 -0.827514 -0.542674 -0.143962 0.006500 0.548700 2 87 0.800000 7 0.200000
skt
  87 -5.432384 5.967538 41.024139 -0.928045 0.241149 0.283864 0.008300 0.539880 1 87 1.000000
  87 -5.487878 6.039202 40.752922 -0.959938 0.276928 0.042787 0.005590 0.539660 1 87 1.000000
  87 -5.359253 5.075249 40.708462 -0.827514 -0.542674 -0.143962 0.006500 0.548700 2 87 0.800000 7 0.200000
skt
  87 -4.860555 6.618382 41.105000 -0.328537 0.846067 0.419801 0.008810 0.531550 2 87 0.800000 7 0.200000
  87 -3.795540 6.425077 41.175186 0.285666 0.872726 0.395909 0.011670 0.520650 2 87 0.600000 7 0.400000
  87 -4.893998 6.734511 40.837093 -0.348940 0.919625 0.180362 0.005990 0.531270 2 87 0.800000 7 0.200000
skt
  87 -3.795540 6.425077 41.175186 0.285666 0.872726 0.395909 0.011670 0.520650 2 87 0.600000 7 0.400000
  87 -3.811343 6.545983 40.916470 0.305988 0.928620 0.209846 0.008500 0.520480 2 87 0.600000 7 0.400000
  87 -4.893998 6.734511 40.837093 -0.348940 0.919625 0.180362 0.005990 0.531270 2 87 0.800000 7 0.200000
skt
  87 -4.859087 6.680490 40.717655 -0.130339 0.632866 -0.763212 0.004580 0.531030 2 87 0.800000 7 0.200000
  87 -5.414745 6.032219 40.649288 -0.488581 0.182173 -0.853289 0.004140 0.539650 1 87 1.000000
  87 -5.473547 6.048388 40.686405 -0.804716 0.290734 -0.517596 0.004880 0.539610 1 87 1.000000
skt
  87 -5.473547 6.048388 40.686405 -0.804716 0.290734 -0.517596 0.004880 0.539610 1 87 1.000000
  87 -5.414745 6.032219 40.649288 -0.488581 0.182173 -0.853289 0.004140 0.539650 1 87 1.000000
  87 -5.268115 5.128166 40.626141 -0.211774 -0.176701 -0.961212 0.005090 0.548960 2 87 0.800000 7 0.200000
skt
  87 -5.339777 5.097296 40.647461 -0.595708 -0.371490 -0.712129 0.005810 0.548700 2 87 0.800000 7 0.200000
  87 -5.473547 6.048388 40.686405 -0.804716 0.290734 -0.517596 0.004880 0.539610 1 87 1.000000
  87 -5.268115 5.128166 40.626141 -0.211774 -0.176701 -0.961212 0.005090 0.548960 2 87 0.800000 7 0.200000
skt
  87 -4.893998 6.734511 40.837093 -0.348940 0.919625 0.180362 0.005990 0.531270 2 87 0.800000 7 0.200000
  87 -3.811343 6.545983 40.916470 0.305988 0.928620 0.209846 0.008500 0.520480 2 87 0.600000 7 0.400000
  87 -3.813180 6.548555 40.845543 0.328803 0.895519 -0.299890 0.007670 0.520320 2 87 0.600000 7 0.400000
skt
  87 -3.813180 6.548555 40.845543 0.328803 0.895519 -0.299890 0.007670 0.520320 2 87 0.600000 7 0.400000
  87 -3.811343 6.545983 40.916470 0.305988 0.928620 0.209846 0.008500 0.520480 2 87 0.600000 7 0.400000
  7 -2.550818 5.839645 41.047672 0.517386 0.832044 0.200035 0.014790 0.505040 2 7 0.600000 87 0.400000
skt
  7 -2.550818 5.839645 41.047672 0.517386 0.832044 0.200035 0.014790 0.505040 2 7 0.600000 87 0.400000
  87 -3.811343 6.545983 40.916470 0.305988 0.928620 0.209846 0.008500 0.520480 2 87 0.600000 7 0.400000
  87 -3.795540 6.425077 41.175186 0.285666 0.872726 0.395909 0.011670 0.520650 2 87 0.600000 7 0.400000
skt
  7 -2.547510 5.734910 41.281765 0.475509 0.803125 0.359000 0.017780 0.505350 2 7 0.600000 87 0.400000
  7 -2.550818 5.839645 41.047672 0.517386 0.832044 0.200035 0.014790 0.505040 2 7 0.600000 87 0.400000
  87 -3.795540 6.425077 41.175186 0.285666 0.872726 0.395909 0.011670 0.520650 2 87 0.600000 7 0.400000
skt
  7 -2.547510 5.734910 41.281765 0.475509 0.803125 0.359000 0.017780 0.505350 2 7 0.600000 87 0.400000
  87 -3.795540 6.425077 41.175186 0.285666 0.872726 0.395909 0.011670 0.520650 2 87 0.600000 7 0.400000
  7 -2.535750 5.473617 41.840366 0.487580 0.804913 0.338201 0.025040 0.506060 2 7 0.600000 87 0.400000
skt
  7 -2.547510 5.734910 41.281765 0.475509 0.803125 0.359000 0.017780 0.505350 2 7 0.600000 87 0.400000
  7 -2.535750 5.473617 41.840366 0.487580 0.804913 0.338201 0.025040 0.506060 2 7 0.600000 87 0.400000
  7 -1.427737 4.895539 41.469933 0.539817 0.753756 0.374766 0.025590 0.490590 2 7 0.800000 87 0.200000
skt
  7 -2.535750 5.473617 41.840366 0.487580 0.804913 0.338201 0.025040 0.506060 2 7 0.600000 87 0.400000
  7 -1.432882 4.681653 41.902481 0.556841 0.749626 0.357757 0.031340 0.491150 2 7 0.800000 87 0.200000
  7 -1.427737 4.895539 41.469933 0.539817 0.753756 0.374766 0.025590 0.490590 2 7 0.800000 87 0.200000
skt
  7 -2.547510 5.734910 41.281765 0.475509 0.803125 0.359000 0.017780 0.505350 2 7 0.600000 87 0.400000
  7 -1.427737 4.895539 41.469933 0.539817 0.753756 0.374766 0.025590 0.490590 2 7 0.800000 87 0.200000
  7 -2.550818 5.839645 41.047672 0.517386 0.832044 0.200035 0.014790 0.505040 2 7 0.600000 87 0.400000
skt
  7 -1.427737 4.895539 41.469933 0.539817 0.753756 0.374766 0.025590 0.490590 2 7 0.800000 87 0.200000
  7 -1.424430 4.982267 41.288013 0.597474 0.781352 0.180317 0.023200 0.490320 2 7 0.800000 87 0.200000
  7 -2.550818 5.839645 41.047672 0.517386 0.832044 0.200035 0.014790 0.505040 2 7 0.600000 87 0.400000
skt
  7 -2.494590 5.181087 42.549637 0.515464 0.823084 0.238391 0.034120 0.506930 2 7 0.600000 87 0.400000
  7 -1.419285 4.426978 42.444901 0.601009 0.746312 0.286017 0.038530 0.491790 2 7 0.800000 87 0.200000
  7 -2.535750 5.473617 41.840366 0.487580 0.804913 0.338201 0.025040 0.506060 2 7 0.600000 87 0.400000
skt
  7 -1.419285 4.426978 42.444901 0.601009 0.746312 0.286017 0.038530 0.491790 2 7 0.800000 87 0.200000
  7 -1.432882 4.681653 41.902481 0.556841 0.749626 0.357757 0.031340 0.491150 2 7 0.800000 87 0.200000
  7 -2.535750 5.473617 41.840366 0.487580 0.804913 0.338201 0.025040 0.506060 2 7 0.600000 87 0.400000
skt
  7 -0.388080 3.814719 41.973034 0.572714 0.702493 0.422495 0.038030 0.476180 1 7 1.000000
  7 -1.432882 4.681653 41.902481 0.556841 0.749626 0.357757 0.031340 0.491150 2 7 0.800000 87 0.200000
  7 -1.419285 4.426978 42.444901 0.601009 0.746312 0.286017 0.038530 0.491790 2 7 0.800000 87 0.200000
skt
  7 -1.427737 4.895539 41.469933 0.539817 0.753756 0.374766 0.025590 0.490590 2 7 0.800000 87 0.200000
  7 -1.432882 4.681653 41.902481 0.556841 0.749626 0.357757 0.031340 0.491150 2 7 0.800000 87 0.200000
  7 -0.388080 3.814719 41.973034 0.572714 0.702493 0.422495 0.038030 0.476180 1 7 1.000000
skt
  7 -0.371910 3.981567 41.699612 0.521912 0.718466 0.459799 0.034140 0.475890 1 7 1.000000
  7 -1.427737 4.895539 41.469933 0.539817 0.753756 0.374766 0.025590 0.490590 2 7 0.800000 87 0.200000
  7 -0.388080 3.814719 41.973034 0.572714 0.702493 0.422495 0.038030 0.476180 1 7 1.000000
skt
  7 -0.371910 3.981567 41.699612 0.521912 0.718466 0.459799 0.034140 0.475890 1 7 1.000000
  7 -0.365295 4.048818 41.582748 0.609054 0.754762 0.243695 0.032510 0.475760 1 7 1.000000
  7 -1.427737 4.895539 41.469933 0.539817 0.753756 0.374766 0.025590 0.490590 2 7 0.800000 87 0.200000
skt
  7 -0.365295 4.048818 41.582748 0.609054 0.754762 0.243695 0.032510 0.475760 1 7 1.000000
  7 -1.424430 4.982267 41.288013 0.597474 0.781352 0.180317 0.023200 0.490320 2 7 0.800000 87 0.200000
  7 -1.427737 4.895539 41.469933 0.539817 0.753756 0.374766 0.025590 0.490590 2 7 0.800000 87 0.200000
skt
  7 -1.433617 4.988883 41.231049 0.650405 0.694514 -0.307610 0.022250 0.490170 2 7 0.800000 87 0.200000
  7 -1.424430 4.982267 41.288013 0.597474 0.781352 0.180317 0.023200 0.490320 2 7 0.800000 87 0.200000
  7 -0.365295 4.048818 41.582748 0.609054 0.754762 0.243695 0.032510 0.475760 1 7 1.000000
skt
  7 -2.550818 5.839645 41.047672 0.517386 0.832044 0.200035 0.014790 0.505040 2 7 0.600000 87 0.400000
  7 -1.424430 4.982267 41.288013 0.597474 0.781352 0.180317 0.023200 0.490320 2 7 0.800000 87 0.200000
  7 -1.433617 4.988883 41.231049 0.650405 0.694514 -0.307610 0.022250 0.490170 2 7 0.800000 87 0.200000
skt
  7 -2.558167 5.848466 40.980785 0.558200 0.792123 -0.246890 0.013890 0.504890 2 7 0.600000 87 0.400000
  7 -2.550818 5.839645 41.047672 0.517386 0.832044 0.200035 0.014790 0.505040 2 7 0.600000 87 0.400000
  7 -1.433617 4.988883 41.231049 0.650405 0.694514 -0.307610 0.022250 0.490170 2 7 0.800000 87 0.200000
skt
  7 -2.558167 5.848466 40.980785 0.558200 0.792123 -0.246890 0.013890 0.504890 2 7 0.600000 87 0.400000
  87 -3.813180 6.548555 40.845543 0.328803 0.895519 -0.299890 0.007670 0.520320 2 87 0.600000 7 0.400000
  7 -2.550818 5.839645 41.047672 0.517386 0.832044 0.200035 0.014790 0.505040 2 7 0.600000 87 0.400000
skt
  7 -2.558167 5.848466 40.980785 0.558200 0.792123 -0.246890 0.013890 0.504890 2 7 0.600000 87 0.400000
  7 -2.582055 5.822372 40.922348 0.517787 0.680858 -0.518005 0.013010 0.504670 2 7 0.600000 87 0.400000
  87 -3.813180 6.548555 40.845543 0.328803 0.895519 -0.299890 0.007670 0.520320 2 87 0.600000 7 0.400000
skt
  7 -2.582055 5.822372 40.922348 0.517787 0.680858 -0.518005 0.013010 0.504670 2 7 0.600000 87 0.400000
  87 -3.813915 6.502617 40.789314 0.322108 0.731038 -0.601523 0.006880 0.519940 2 87 0.600000 7 0.400000
  87 -3.813180 6.548555 40.845543 0.328803 0.895519 -0.299890 0.007670 0.520320 2 87 0.600000 7 0.400000
skt
  87 -3.813180 6.548555 40.845543 0.328803 0.895519 -0.299890 0.007670 0.520320 2 87 0.600000 7 0.400000
  87 -3.813915 6.502617 40.789314 0.322108 0.731038 -0.601523 0.006880 0.519940 2 87 0.600000 7 0.400000
  87 -4.859087 6.680490 40.717655 -0.130339 0.632866 -0.763212 0.004580 0.531030 2 87 0.800000 7 0.200000
skt
  87 -4.888485 6.733776 40.766899 -0.285692 0.873230 -0.394777 0.005290 0.531190 2 87 0.800000 7 0.200000
  87 -3.813180 6.548555 40.845543 0.328803 0.895519 -0.299890 0.007670 0.520320 2 87 0.600000 7 0.400000
  87 -4.859087 6.680490 40.717655 -0.130339 0.632866 -0.763212 0.004580 0.531030 2 87 0.800000 7 0.200000
skt
  87 -4.888485 6.733776 40.766899 -0.285692 0.873230 -0.394777 0.005290 0.531190 2 87 0.800000 7 0.200000
  87 -4.859087 6.680490 40.717655 -0.130339 0.632866 -0.763212 0.004580 0.531030 2 87 0.800000 7 0.200000
  87 -5.473547 6.048388 40.686405 -0.804716 0.290734 -0.517596 0.004880 0.539610 1 87 1.000000
skt
  87 -4.888485 6.733776 40.766899 -0.285692 0.873230 -0.394777 0.005290 0.531190 2 87 0.800000 7 0.200000
  87 -5.473547 6.048388 40.686405 -0.804716 0.290734 -0.517596 0.004880 0.539610 1 87 1.000000
  87 -4.893998 6.734511 40.837093 -0.348940 0.919625 0.180362 0.005990 0.531270 2 87 0.800000 7 0.200000
skt
  87 -4.888485 6.733776 40.766899 -0.285692 0.873230 -0.394777 0.005290 0.531190 2 87 0.800000 7 0.200000
  87 -4.893998 6.734511 40.837093 -0.348940 0.919625 0.180362 0.005990 0.531270 2 87 0.800000 7 0.200000
  87 -3.813180 6.548555 40.845543 0.328803 0.895519 -0.299890 0.007670 0.520320 2 87 0.600000 7 0.400000
skt
  7 -2.558167 5.848466 40.980785 0.558200 0.792123 -0.246890 0.013890 0.504890 2 7 0.600000 87 0.400000
  7 -1.433617 4.988883 41.231049 0.650405 0.694514 -0.307610 0.022250 0.490170 2 7 0.800000 87 0.200000
  7 -2.582055 5.822372 40.922348 0.517787 0.680858 -0.518005 0.013010 0.504670 2 7 0.600000 87 0.400000
skt
  7 -1.433617 4.988883 41.231049 0.650405 0.694514 -0.307610 0.022250 0.490170 2 7 0.800000 87 0.200000
  7 -1.465223 4.964629 41.174088 0.600887 0.558970 -0.571390 0.021330 0.489930 2 7 0.800000 87 0.200000
  7 -2.582055 5.822372 40.922348 0.517787 0.680858 -0.518005 0.013010 0.504670 2 7 0.600000 87 0.400000
skt
  7 -0.406088 4.017951 41.485363 0.606614 0.474998 -0.637493 0.030690 0.475240 1 7 1.000000
  7 -1.465223 4.964629 41.174088 0.600887 0.558970 -0.571390 0.021330 0.489930 2 7 0.800000 87 0.200000
  7 -1.433617 4.988883 41.231049 0.650405 0.694514 -0.307610 0.022250 0.490170 2 7 0.800000 87 0.200000
skt
  7 -0.374483 4.049920 41.539017 0.676236 0.647615 -0.351142 0.031570 0.475590 1 7 1.000000
  7 -0.406088 4.017951 41.485363 0.606614 0.474998 -0.637493 0.030690 0.475240 1 7 1.000000
  7 -1.433617 4.988883 41.231049 0.650405 0.694514 -0.307610 0.022250 0.490170 2 7 0.800000 87 0.200000
skt
  7 -0.374483 4.049920 41.539017 0.676236 0.647615 -0.351142 0.031570 0.475590 1 7 1.000000
  7 -1.433617 4.988883 41.231049 0.650405 0.694514 -0.307610 0.022250 0.490170 2 7 0.800000 87 0.200000
  7 -0.365295 4.048818 41.582748 0.609054 0.754762 0.243695 0.032510 0.475760 1 7 1.000000
skt
  7 0.667380 2.732800 41.969727 0.848289 -0.504536 -0.160777 0.623503 0.934724 1 7 1.000000
  7 0.657825 2.969103 41.177765 0.828829 -0.455480 -0.324931 0.616335 0.923432 1 7 1.000000
  7 0.743820 3.429949 42.140614 0.999858 0.016012 -0.005183 0.610959 0.939291 1 7 1.000000
skt
  7 0.667380 2.732800 41.969727 0.848289 -0.504536 -0.160777 0.623503 0.934724 1 7 1.000000
  7 0.385140 2.556769 41.919376 0.233613 -0.930492 -0.282151 0.628532 0.930899 1 7 1.000000
  7 0.657825 2.969103 41.177765 0.828829 -0.455480 -0.324931 0.616335 0.923432 1 7 1.000000
skt
  7 0.575872 3.320800 40.845543 0.820838 -0.144819 -0.552496 0.611392 0.919520 1 7 1.000000
  7 0.372277 3.219739 40.657749 0.256100 -0.328396 -0.909158 0.612539 0.916003 1 7 1.000000
  7 0.634305 3.891160 40.899933 0.789034 0.238935 -0.565981 0.604484 0.920686 1 7 1.000000
skt
  7 0.575872 3.320800 40.845543 0.820838 -0.144819 -0.552496 0.611392 0.919520 1 7 1.000000
  7 0.634305 3.891160 40.899933 0.789034 0.238935 -0.565981 0.604484 0.920686 1 7 1.000000
  7 0.657825 2.969103 41.177765 0.828829 -0.455480 -0.324931 0.616335 0.923432 1 7 1.000000
skt
  7 0.634305 3.891160 40.899933 0.789034 0.238935 -0.565981 0.604484 0.920686 1 7 1.000000
  7 0.732795 3.682420 41.415901 0.995363 0.048667 -0.082974 0.606970 0.927700 1 7 1.000000
  7 0.657825 2.969103 41.177765 0.828829 -0.455480 -0.324931 0.616335 0.923432 1 7 1.000000
skt
  7 0.657825 2.969103 41.177765 0.828829 -0.455480 -0.324931 0.616335 0.923432 1 7 1.000000
  7 0.732795 3.682420 41.415901 0.995363 0.048667 -0.082974 0.606970 0.927700 1 7 1.000000
  7 0.743820 3.429949 42.140614 0.999858 0.016012 -0.005183 0.610959 0.939291 1 7 1.000000
skt
  7 0.743820 3.429949 42.140614 0.999858 0.016012 -0.005183 0.610959 0.939291 1 7 1.000000
  7 0.732795 3.682420 41.415901 0.995363 0.048667 -0.082974 0.606970 0.927700 1 7 1.000000
  7 0.624750 4.398678 41.675362 0.840930 0.539550 0.041504 0.596526 0.929550 1 7 1.000000
skt
  7 0.634672 4.130771 42.313705 0.866852 0.464384 0.181423 0.597258 0.941054 1 7 1.000000
  7 0.743820 3.429949 42.140614 0.999858 0.016012 -0.005183 0.610959 0.939291 1 7 1.000000
  7 0.624750 4.398678 41.675362 0.840930 0.539550 0.041504 0.596526 0.929550 1 7 1.000000
skt
  7 0.634672 4.130771 42.313705 0.866852 0.464384 0.181423 0.597258 0.941054 1 7 1.000000
  7 0.624750 4.398678 41.675362 0.840930 0.539550 0.041504 0.596526 0.929550 1 7 1.000000
  7 0.358680 4.318933 42.371773 0.277871 0.878325 0.389016 0.590755 0.940476 1 7 1.000000
skt
  7 0.624750 4.398678 41.675362 0.840930 0.539550 0.041504 0.596526 0.929550 1 7 1.000000
  7 0.353167 4.590513 41.778259 0.264445 0.945133 0.191814 0.591333 0.929376 1 7 1.000000
  7 0.358680 4.318933 42.371773 0.277871 0.878325 0.389016 0.590755 0.940476 1 7 1.000000
skt
  7 0.358680 4.318933 42.371773 0.277871 0.878325 0.389016 0.590755 0.940476 1 7 1.000000
  7 0.353167 4.590513 41.778259 0.264445 0.945133 0.191814 0.591333 0.929376 1 7 1.000000
  7 0.000000 4.554866 41.790752 0.001131 0.977756 0.209742 0.585465 0.927989 1 7 1.000000
skt
  7 0.000000 4.554866 41.790752 0.001131 0.977756 0.209742 0.585465 0.927989 1 7 1.000000
  7 0.353167 4.590513 41.778259 0.264445 0.945133 0.191814 0.591333 0.929376 1 7 1.000000
  7 0.352432 4.570301 41.236931 0.270018 0.859566 -0.433862 0.594483 0.922411 1 7 1.000000
skt
  7 0.000000 4.543106 41.260082 0.000803 0.893629 -0.448806 0.589541 0.918557 1 7 1.000000
  7 0.000000 4.554866 41.790752 0.001131 0.977756 0.209742 0.585465 0.927989 1 7 1.000000
  7 0.352432 4.570301 41.236931 0.270018 0.859566 -0.433862 0.594483 0.922411 1 7 1.000000
skt
  7 0.000000 4.543106 41.260082 0.000803 0.893629 -0.448806 0.589541 0.918557 1 7 1.000000
  7 0.352432 4.570301 41.236931 0.270018 0.859566 -0.433862 0.594483 0.922411 1 7 1.000000
  7 0.000000 3.966130 40.814674 -0.001804 0.401576 -0.915824 0.600679 0.911552 1 7 1.000000
skt
  7 0.000000 3.966130 40.814674 -0.001804 0.401576 -0.915824 0.600679 0.911552 1 7 1.000000
  7 -0.360885 3.963557 40.777557 -0.204421 0.382283 -0.901150 0.602923 0.916861 1 7 1.000000
  7 0.000000 4.543106 41.260082 0.000803 0.893629 -0.448806 0.589541 0.918557 1 7 1.000000
skt
  7 -0.360885 3.963557 40.777557 -0.204421 0.382283 -0.901150 0.602923 0.916861 1 7 1.000000
  7 0.000000 3.966130 40.814674 -0.001804 0.401576 -0.915824 0.600679 0.911552 1 7 1.000000
  7 0.000000 3.251711 40.701118 -0.000870 -0.319577 -0.947560 0.613724 0.909606 1 7 1.000000
skt
  7 -0.372277 3.219739 40.657749 -0.290741 -0.330844 -0.897781 0.612539 0.916003 1 7 1.000000
  7 -0.360885 3.963557 40.777557 -0.204421 0.382283 -0.901150 0.602923 0.916861 1 7 1.000000
  7 0.000000 3.251711 40.701118 -0.000870 -0.319577 -0.947560 0.613724 0.909606 1 7 1.000000
skt
  7 -0.379627 2.787559 41.136974 -0.222441 -0.841968 -0.491538 0.620083 0.920320 1 7 1.000000
  7 -0.372277 3.219739 40.657749 -0.290741 -0.330844 -0.897781 0.612539 0.916003 1 7 1.000000
  7 0.000000 3.251711 40.701118 -0.000870 -0.319577 -0.947560 0.613724 0.909606 1 7 1.000000
skt
  7 -0.372277 3.219739 40.657749 -0.290741 -0.330844 -0.897781 0.612539 0.916003 1 7 1.000000
  7 -0.379627 2.787559 41.136974 -0.222441 -0.841968 -0.491538 0.620083 0.920320 1 7 1.000000
  7 -0.575872 3.320800 40.845543 -0.809903 -0.152672 -0.566347 0.611392 0.919520 1 7 1.000000
skt
  7 -0.379627 2.787559 41.136974 -0.222441 -0.841968 -0.491538 0.620083 0.920320 1 7 1.000000
  7 -0.657825 2.969103 41.177765 -0.814321 -0.447858 -0.369194 0.616335 0.923432 1 7 1.000000
  7 -0.575872 3.320800 40.845543 -0.809903 -0.152672 -0.566347 0.611392 0.919520 1 7 1.000000
skt
  7 -0.360885 3.963557 40.777557 -0.204421 0.382283 -0.901150 0.602923 0.916861 1 7 1.000000
  7 -0.372277 3.219739 40.657749 -0.290741 -0.330844 -0.897781 0.612539 0.916003 1 7 1.000000
  7 -0.575872 3.320800 40.845543 -0.809903 -0.152672 -0.566347 0.611392 0.919520 1 7 1.000000
skt
  7 0.624750 4.398678 41.675362 0.840930 0.539550 0.041504 0.596526 0.929550 1 7 1.000000
  7 0.732795 3.682420 41.415901 0.995363 0.048667 -0.082974 0.606970 0.927700 1 7 1.000000
  7 0.634305 3.891160 40.899933 0.789034 0.238935 -0.565981 0.604484 0.920686 1 7 1.000000
skt
  7 0.352432 4.570301 41.236931 0.270018 0.859566 -0.433862 0.594483 0.922411 1 7 1.000000
  7 0.353167 4.590513 41.778259 0.264445 0.945133 0.191814 0.591333 0.929376 1 7 1.000000
  7 0.624750 4.398678 41.675362 0.840930 0.539550 0.041504 0.596526 0.929550 1 7 1.000000
skt
  7 0.555660 4.356050 41.253105 0.792940 0.505862 -0.339633 0.598010 0.924039 1 7 1.000000
  7 0.352432 4.570301 41.236931 0.270018 0.859566 -0.433862 0.594483 0.922411 1 7 1.000000
  7 0.624750 4.398678 41.675362 0.840930 0.539550 0.041504 0.596526 0.929550 1 7 1.000000
skt
  7 0.555660 4.356050 41.253105 0.792940 0.505862 -0.339633 0.598010 0.924039 1 7 1.000000
  7 0.624750 4.398678 41.675362 0.840930 0.539550 0.041504 0.596526 0.929550 1 7 1.000000
  7 0.634305 3.891160 40.899933 0.789034 0.238935 -0.565981 0.604484 0.920686 1 7 1.000000
skt
  7 0.555660 4.356050 41.253105 0.792940 0.505862 -0.339633 0.598010 0.924039 1 7 1.000000
  7 0.634305 3.891160 40.899933 0.789034 0.238935 -0.565981 0.604484 0.920686 1 7 1.000000
  7 0.352432 4.570301 41.236931 0.270018 0.859566 -0.433862 0.594483 0.922411 1 7 1.000000
skt
  7 0.634305 3.891160 40.899933 0.789034 0.238935 -0.565981 0.604484 0.920686 1 7 1.000000
  7 0.360885 3.963557 40.777557 0.183316 0.388273 -0.903127 0.602923 0.916861 1 7 1.000000
  7 0.352432 4.570301 41.236931 0.270018 0.859566 -0.433862 0.594483 0.922411 1 7 1.000000
skt
  7 0.352432 4.570301 41.236931 0.270018 0.859566 -0.433862 0.594483 0.922411 1 7 1.000000
  7 0.360885 3.963557 40.777557 0.183316 0.388273 -0.903127 0.602923 0.916861 1 7 1.000000
  7 0.000000 3.966130 40.814674 -0.001804 0.401576 -0.915824 0.600679 0.911552 1 7 1.000000
skt
  7 0.000000 3.966130 40.814674 -0.001804 0.401576 -0.915824 0.600679 0.911552 1 7 1.000000
  7 0.360885 3.963557 40.777557 0.183316 0.388273 -0.903127 0.602923 0.916861 1 7 1.000000
  7 0.372277 3.219739 40.657749 0.256100 -0.328396 -0.909158 0.612539 0.916003 1 7 1.000000
skt
  7 0.000000 3.251711 40.701118 -0.000870 -0.319577 -0.947560 0.613724 0.909606 1 7 1.000000
  7 0.000000 3.966130 40.814674 -0.001804 0.401576 -0.915824 0.600679 0.911552 1 7 1.000000
  7 0.372277 3.219739 40.657749 0.256100 -0.328396 -0.909158 0.612539 0.916003 1 7 1.000000
skt
  7 0.000000 3.251711 40.701118 -0.000870 -0.319577 -0.947560 0.613724 0.909606 1 7 1.000000
  7 0.372277 3.219739 40.657749 0.256100 -0.328396 -0.909158 0.612539 0.916003 1 7 1.000000
  7 0.000000 2.829821 41.166000 0.000891 -0.871681 -0.490072 0.623927 0.915368 1 7 1.000000
skt
  7 0.000000 2.829821 41.166000 0.000891 -0.871681 -0.490072 0.623927 0.915368 1 7 1.000000
  7 -0.379627 2.787559 41.136974 -0.222441 -0.841968 -0.491538 0.620083 0.920320 1 7 1.000000
  7 0.000000 3.251711 40.701118 -0.000870 -0.319577 -0.947560 0.613724 0.909606 1 7 1.000000
skt
  7 0.372277 3.219739 40.657749 0.256100 -0.328396 -0.909158 0.612539 0.916003 1 7 1.000000
  7 0.379627 2.787559 41.136974 0.208120 -0.856540 -0.472256 0.620083 0.920320 1 7 1.000000
  7 0.000000 2.829821 41.166000 0.000891 -0.871681 -0.490072 0.623927 0.915368 1 7 1.000000
skt
  7 -0.360885 3.963557 40.777557 -0.204421 0.382283 -0.901150 0.602923 0.916861 1 7 1.000000
  7 -0.352432 4.570301 41.236931 -0.302989 0.854171 -0.422598 0.594483 0.922411 1 7 1.000000
  7 0.000000 4.543106 41.260082 0.000803 0.893629 -0.448806 0.589541 0.918557 1 7 1.000000
skt
  7 0.372277 3.219739 40.657749 0.256100 -0.328396 -0.909158 0.612539 0.916003 1 7 1.000000
  7 0.360885 3.963557 40.777557 0.183316 0.388273 -0.903127 0.602923 0.916861 1 7 1.000000
  7 0.634305 3.891160 40.899933 0.789034 0.238935 -0.565981 0.604484 0.920686 1 7 1.000000
skt
  7 -0.353167 4.590513 41.778259 -0.273455 0.946174 0.173137 0.591333 0.929376 1 7 1.000000
  7 0.000000 4.554866 41.790752 0.001131 0.977756 0.209742 0.585465 0.927989 1 7 1.000000
  7 0.000000 4.543106 41.260082 0.000803 0.893629 -0.448806 0.589541 0.918557 1 7 1.000000
skt
  7 -0.352432 4.570301 41.236931 -0.302989 0.854171 -0.422598 0.594483 0.922411 1 7 1.000000
  7 -0.353167 4.590513 41.778259 -0.273455 0.946174 0.173137 0.591333 0.929376 1 7 1.000000
  7 0.000000 4.543106 41.260082 0.000803 0.893629 -0.448806 0.589541 0.918557 1 7 1.000000
skt
  7 -0.353167 4.590513 41.778259 -0.273455 0.946174 0.173137 0.591333 0.929376 1 7 1.000000
  7 -0.352432 4.570301 41.236931 -0.302989 0.854171 -0.422598 0.594483 0.922411 1 7 1.000000
  7 -0.555660 4.356050 41.253105 -0.792575 0.507924 -0.337398 0.598010 0.924039 1 7 1.000000
skt
  7 -0.352432 4.570301 41.236931 -0.302989 0.854171 -0.422598 0.594483 0.922411 1 7 1.000000
  7 -0.360885 3.963557 40.777557 -0.204421 0.382283 -0.901150 0.602923 0.916861 1 7 1.000000
  7 -0.555660 4.356050 41.253105 -0.792575 0.507924 -0.337398 0.598010 0.924039 1 7 1.000000
skt
  7 -0.360885 3.963557 40.777557 -0.204421 0.382283 -0.901150 0.602923 0.916861 1 7 1.000000
  7 -0.634305 3.891160 40.899933 -0.781085 0.230083 -0.580490 0.604484 0.920686 1 7 1.000000
  7 -0.555660 4.356050 41.253105 -0.792575 0.507924 -0.337398 0.598010 0.924039 1 7 1.000000
skt
  7 -0.634305 3.891160 40.899933 -0.781085 0.230083 -0.580490 0.604484 0.920686 1 7 1.000000
  7 -0.360885 3.963557 40.777557 -0.204421 0.382283 -0.901150 0.602923 0.916861 1 7 1.000000
  7 -0.575872 3.320800 40.845543 -0.809903 -0.152672 -0.566347 0.611392 0.919520 1 7 1.000000
skt
  7 -0.732795 3.682420 41.415901 -0.994232 0.052915 -0.093292 0.606970 0.927700 1 7 1.000000
  7 -0.634305 3.891160 40.899933 -0.781085 0.230083 -0.580490 0.604484 0.920686 1 7 1.000000
  7 -0.575872 3.320800 40.845543 -0.809903 -0.152672 -0.566347 0.611392 0.919520 1 7 1.000000
skt
  7 -0.657825 2.969103 41.177765 -0.814321 -0.447858 -0.369194 0.616335 0.923432 1 7 1.000000
  7 -0.732795 3.682420 41.415901 -0.994232 0.052915 -0.093292 0.606970 0.927700 1 7 1.000000
  7 -0.575872 3.320800 40.845543 -0.809903 -0.152672 -0.566347 0.611392 0.919520 1 7 1.000000
skt
  7 -0.732795 3.682420 41.415901 -0.994232 0.052915 -0.093292 0.606970 0.927700 1 7 1.000000
  7 -0.657825 2.969103 41.177765 -0.814321 -0.447858 -0.369194 0.616335 0.923432 1 7 1.000000
  7 -0.667380 2.732800 41.969727 -0.850086 -0.501794 -0.159865 0.623503 0.934724 1 7 1.000000
skt
  7 -0.657825 2.969103 41.177765 -0.814321 -0.447858 -0.369194 0.616335 0.923432 1 7 1.000000
  7 -0.379627 2.787559 41.136974 -0.222441 -0.841968 -0.491538 0.620083 0.920320 1 7 1.000000
  7 -0.667380 2.732800 41.969727 -0.850086 -0.501794 -0.159865 0.623503 0.934724 1 7 1.000000
skt
  7 -0.379627 2.787559 41.136974 -0.222441 -0.841968 -0.491538 0.620083 0.920320 1 7 1.000000
  7 -0.385140 2.556769 41.919376 -0.234818 -0.931874 -0.276534 0.628532 0.930899 1 7 1.000000
  7 -0.667380 2.732800 41.969727 -0.850086 -0.501794 -0.159865 0.623503 0.934724 1 7 1.000000
skt
  7 -0.385140 2.556769 41.919376 -0.234818 -0.931874 -0.276534 0.628532 0.930899 1 7 1.000000
  7 -0.379627 2.787559 41.136974 -0.222441 -0.841968 -0.491538 0.620083 0.920320 1 7 1.000000
  7 0.000000 2.598663 41.924156 0.002965 -0.957553 -0.288242 0.633899 0.925985 1 7 1.000000
skt
  7 -0.379627 2.787559 41.136974 -0.222441 -0.841968 -0.491538 0.620083 0.920320 1 7 1.000000
  7 0.000000 2.829821 41.166000 0.000891 -0.871681 -0.490072 0.623927 0.915368 1 7 1.000000
  7 0.000000 2.598663 41.924156 0.002965 -0.957553 -0.288242 0.633899 0.925985 1 7 1.000000
skt
  7 0.000000 2.598663 41.924156 0.002965 -0.957553 -0.288242 0.633899 0.925985 1 7 1.000000
  7 0.000000 2.829821 41.166000 0.000891 -0.871681 -0.490072 0.623927 0.915368 1 7 1.000000
  7 0.385140 2.556769 41.919376 0.233613 -0.930492 -0.282151 0.628532 0.930899 1 7 1.000000
skt
  7 0.000000 2.829821 41.166000 0.000891 -0.871681 -0.490072 0.623927 0.915368 1 7 1.000000
  7 0.379627 2.787559 41.136974 0.208120 -0.856540 -0.472256 0.620083 0.920320 1 7 1.000000
  7 0.385140 2.556769 41.919376 0.233613 -0.930492 -0.282151 0.628532 0.930899 1 7 1.000000
skt
  7 0.385140 2.556769 41.919376 0.233613 -0.930492 -0.282151 0.628532 0.930899 1 7 1.000000
  7 0.379627 2.787559 41.136974 0.208120 -0.856540 -0.472256 0.620083 0.920320 1 7 1.000000
  7 0.657825 2.969103 41.177765 0.828829 -0.455480 -0.324931 0.616335 0.923432 1 7 1.000000
skt
  7 0.657825 2.969103 41.177765 0.828829 -0.455480 -0.324931 0.616335 0.923432 1 7 1.000000
  7 0.379627 2.787559 41.136974 0.208120 -0.856540 -0.472256 0.620083 0.920320 1 7 1.000000
  7 0.372277 3.219739 40.657749 0.256100 -0.328396 -0.909158 0.612539 0.916003 1 7 1.000000
skt
  7 0.575872 3.320800 40.845543 0.820838 -0.144819 -0.552496 0.611392 0.919520 1 7 1.000000
  7 0.657825 2.969103 41.177765 0.828829 -0.455480 -0.324931 0.616335 0.923432 1 7 1.000000
  7 0.372277 3.219739 40.657749 0.256100 -0.328396 -0.909158 0.612539 0.916003 1 7 1.000000
skt
  7 -0.624750 4.398678 41.675362 -0.828617 0.559816 -0.000169 0.596526 0.929550 1 7 1.000000
  7 -0.353167 4.590513 41.778259 -0.273455 0.946174 0.173137 0.591333 0.929376 1 7 1.000000
  7 -0.555660 4.356050 41.253105 -0.792575 0.507924 -0.337398 0.598010 0.924039 1 7 1.000000
skt
  7 0.000000 4.284752 42.371773 -0.001479 0.907555 0.419931 0.583818 0.939994 1 7 1.000000
  7 0.358680 4.318933 42.371773 0.277871 0.878325 0.389016 0.590755 0.940476 1 7 1.000000
  7 0.000000 4.554866 41.790752 0.001131 0.977756 0.209742 0.585465 0.927989 1 7 1.000000
skt
  7 0.000000 4.554866 41.790752 0.001131 0.977756 0.209742 0.585465 0.927989 1 7 1.000000
  7 -0.353167 4.590513 41.778259 -0.273455 0.946174 0.173137 0.591333 0.929376 1 7 1.000000
  7 0.000000 4.284752 42.371773 -0.001479 0.907555 0.419931 0.583818 0.939994 1 7 1.000000
skt
  7 -0.353167 4.590513 41.778259 -0.273455 0.946174 0.173137 0.591333 0.929376 1 7 1.000000
  7 -0.358680 4.318933 42.371773 -0.267304 0.877171 0.398898 0.590755 0.940476 1 7 1.000000
  7 0.000000 4.284752 42.371773 -0.001479 0.907555 0.419931 0.583818 0.939994 1 7 1.000000
skt
  7 -0.358680 4.318933 42.371773 -0.267304 0.877171 0.398898 0.590755 0.940476 1 7 1.000000
  7 -0.353167 4.590513 41.778259 -0.273455 0.946174 0.173137 0.591333 0.929376 1 7 1.000000
  7 -0.634672 4.130771 42.313705 -0.872021 0.453260 0.184754 0.597258 0.941054 1 7 1.000000
skt
  7 -0.353167 4.590513 41.778259 -0.273455 0.946174 0.173137 0.591333 0.929376 1 7 1.000000
  7 -0.624750 4.398678 41.675362 -0.828617 0.559816 -0.000169 0.596526 0.929550 1 7 1.000000
  7 -0.634672 4.130771 42.313705 -0.872021 0.453260 0.184754 0.597258 0.941054 1 7 1.000000
skt
  7 -0.624750 4.398678 41.675362 -0.828617 0.559816 -0.000169 0.596526 0.929550 1 7 1.000000
  7 -0.732795 3.682420 41.415901 -0.994232 0.052915 -0.093292 0.606970 0.927700 1 7 1.000000
  7 -0.634672 4.130771 42.313705 -0.872021 0.453260 0.184754 0.597258 0.941054 1 7 1.000000
skt
  7 -0.732795 3.682420 41.415901 -0.994232 0.052915 -0.093292 0.606970 0.927700 1 7 1.000000
  7 -0.624750 4.398678 41.675362 -0.828617 0.559816 -0.000169 0.596526 0.929550 1 7 1.000000
  7 -0.555660 4.356050 41.253105 -0.792575 0.507924 -0.337398 0.598010 0.924039 1 7 1.000000
skt
  7 -0.634305 3.891160 40.899933 -0.781085 0.230083 -0.580490 0.604484 0.920686 1 7 1.000000
  7 -0.732795 3.682420 41.415901 -0.994232 0.052915 -0.093292 0.606970 0.927700 1 7 1.000000
  7 -0.555660 4.356050 41.253105 -0.792575 0.507924 -0.337398 0.598010 0.924039 1 7 1.000000
skt
  7 -0.743820 3.429949 42.140614 -0.999812 0.017033 -0.009276 0.610959 0.939291 1 7 1.000000
  7 -0.732795 3.682420 41.415901 -0.994232 0.052915 -0.093292 0.606970 0.927700 1 7 1.000000
  7 -0.667380 2.732800 41.969727 -0.850086 -0.501794 -0.159865 0.623503 0.934724 1 7 1.000000
skt
  7 -0.732795 3.682420 41.415901 -0.994232 0.052915 -0.093292 0.606970 0.927700 1 7 1.000000
  7 -0.743820 3.429949 42.140614 -0.999812 0.017033 -0.009276 0.610959 0.939291 1 7 1.000000
  7 -0.634672 4.130771 42.313705 -0.872021 0.453260 0.184754 0.597258 0.941054 1 7 1.000000
skt
  7 -0.754845 3.226720 42.887741 -0.995164 0.008879 0.097826 0.619030 0.969120 1 7 1.000000
  7 -0.667380 3.094053 43.434582 -0.767282 -0.073913 0.637036 0.620595 0.975923 1 7 1.000000
  7 -0.581385 3.582093 43.334625 -0.735211 0.342663 0.584848 0.614691 0.975894 1 7 1.000000
skt
  7 -0.754845 3.226720 42.887741 -0.995164 0.008879 0.097826 0.619030 0.969120 1 7 1.000000
  7 -0.676935 2.576981 42.773083 -0.803357 -0.590571 0.076439 0.627804 0.969023 1 7 1.000000
  7 -0.601597 2.677676 43.217018 -0.779741 -0.485276 0.395614 0.625659 0.974300 1 7 1.000000
skt
  7 -0.667380 3.094053 43.434582 -0.767282 -0.073913 0.637036 0.620595 0.975923 1 7 1.000000
  7 -0.754845 3.226720 42.887741 -0.995164 0.008879 0.097826 0.619030 0.969120 1 7 1.000000
  7 -0.601597 2.677676 43.217018 -0.779741 -0.485276 0.395614 0.625659 0.974300 1 7 1.000000
skt
  7 -0.382935 3.053627 43.559166 -0.172857 -0.130134 0.976312 0.621417 0.979711 1 7 1.000000
  7 -0.667380 3.094053 43.434582 -0.767282 -0.073913 0.637036 0.620595 0.975923 1 7 1.000000
  7 -0.601597 2.677676 43.217018 -0.779741 -0.485276 0.395614 0.625659 0.974300 1 7 1.000000
skt
  7 -0.667380 3.094053 43.434582 -0.767282 -0.073913 0.637036 0.620595 0.975923 1 7 1.000000
  7 -0.382935 3.053627 43.559166 -0.172857 -0.130134 0.976312 0.621417 0.979711 1 7 1.000000
  7 -0.581385 3.582093 43.334625 -0.735211 0.342663 0.584848 0.614691 0.975894 1 7 1.000000
skt
  7 -0.382935 3.053627 43.559166 -0.172857 -0.130134 0.976312 0.621417 0.979711 1 7 1.000000
  7 -0.371910 3.669192 43.443768 -0.212966 0.502057 0.838203 0.613329 0.978948 1 7 1.000000
  7 -0.581385 3.582093 43.334625 -0.735211 0.342663 0.584848 0.614691 0.975894 1 7 1.000000
skt
  7 0.000000 2.458278 42.691128 0.000435 -0.999970 -0.007779 0.638512 0.972589 1 7 1.000000
  7 0.390653 2.416383 42.709869 0.196243 -0.980546 -0.004345 0.632530 0.970009 1 7 1.000000
  7 0.391387 2.528104 43.319553 0.230967 -0.768628 0.596544 0.627901 0.976793 1 7 1.000000
skt
  7 0.000000 2.560444 43.283173 0.000347 -0.797637 0.603137 0.632201 0.982030 1 7 1.000000
  7 0.000000 2.458278 42.691128 0.000435 -0.999970 -0.007779 0.638512 0.972589 1 7 1.000000
  7 0.391387 2.528104 43.319553 0.230967 -0.768628 0.596544 0.627901 0.976793 1 7 1.000000
skt
  7 0.000000 2.560444 43.283173 0.000347 -0.797637 0.603137 0.632201 0.982030 1 7 1.000000
  7 0.391387 2.528104 43.319553 0.230967 -0.768628 0.596544 0.627901 0.976793 1 7 1.000000
  7 0.000000 3.056200 43.515797 -0.001805 -0.126553 0.991958 0.622461 0.985625 1 7 1.000000
skt
  7 0.000000 3.056200 43.515797 -0.001805 -0.126553 0.991958 0.622461 0.985625 1 7 1.000000
  7 -0.382935 3.053627 43.559166 -0.172857 -0.130134 0.976312 0.621417 0.979711 1 7 1.000000
  7 0.000000 2.560444 43.283173 0.000347 -0.797637 0.603137 0.632201 0.982030 1 7 1.000000
skt
  7 -0.382935 3.053627 43.559166 -0.172857 -0.130134 0.976312 0.621417 0.979711 1 7 1.000000
  7 0.000000 3.056200 43.515797 -0.001805 -0.126553 0.991958 0.622461 0.985625 1 7 1.000000
  7 0.000000 3.642731 43.405548 -0.001515 0.500289 0.865857 0.611348 0.985171 1 7 1.000000
skt
  7 -0.371910 3.669192 43.443768 -0.212966 0.502057 0.838203 0.613329 0.978948 1 7 1.000000
  7 -0.382935 3.053627 43.559166 -0.172857 -0.130134 0.976312 0.621417 0.979711 1 7 1.000000
  7 0.000000 3.642731 43.405548 -0.001515 0.500289 0.865857 0.611348 0.985171 1 7 1.000000
skt
  7 -0.364192 4.051390 42.987331 -0.201532 0.838275 0.506635 0.605946 0.974464 1 7 1.000000
  7 -0.371910 3.669192 43.443768 -0.212966 0.502057 0.838203 0.613329 0.978948 1 7 1.000000
  7 0.000000 3.642731 43.405548 -0.001515 0.500289 0.865857 0.611348 0.985171 1 7 1.000000
skt
  7 -0.371910 3.669192 43.443768 -0.212966 0.502057 0.838203 0.613329 0.978948 1 7 1.000000
  7 -0.364192 4.051390 42.987331 -0.201532 0.838275 0.506635 0.605946 0.974464 1 7 1.000000
  7 -0.581385 3.582093 43.334625 -0.735211 0.342663 0.584848 0.614691 0.975894 1 7 1.000000
skt
  7 -0.364192 4.051390 42.987331 -0.201532 0.838275 0.506635 0.605946 0.974464 1 7 1.000000
  7 -0.644227 3.880136 42.982925 -0.784425 0.507493 0.356551 0.610120 0.971719 1 7 1.000000
  7 -0.581385 3.582093 43.334625 -0.735211 0.342663 0.584848 0.614691 0.975894 1 7 1.000000
skt
  7 -0.644227 3.880136 42.982925 -0.784425 0.507493 0.356551 0.610120 0.971719 1 7 1.000000
  7 -0.754845 3.226720 42.887741 -0.995164 0.008879 0.097826 0.619030 0.969120 1 7 1.000000
  7 -0.581385 3.582093 43.334625 -0.735211 0.342663 0.584848 0.614691 0.975894 1 7 1.000000
skt
  7 -0.754845 3.226720 42.887741 -0.995164 0.008879 0.097826 0.619030 0.969120 1 7 1.000000
  7 -0.644227 3.880136 42.982925 -0.784425 0.507493 0.356551 0.610120 0.971719 1 7 1.000000
  7 -0.634672 4.130771 42.313705 -0.830427 0.520562 0.198510 0.603433 0.961959 1 7 1.000000
skt
  7 -0.743820 3.429949 42.140614 -0.999619 0.026552 -0.007528 0.616102 0.957447 1 7 1.000000
  7 -0.754845 3.226720 42.887741 -0.995164 0.008879 0.097826 0.619030 0.969120 1 7 1.000000
  7 -0.634672 4.130771 42.313705 -0.830427 0.520562 0.198510 0.603433 0.961959 1 7 1.000000
skt
  7 -0.754845 3.226720 42.887741 -0.995164 0.008879 0.097826 0.619030 0.969120 1 7 1.000000
  7 -0.743820 3.429949 42.140614 -0.999619 0.026552 -0.007528 0.616102 0.957447 1 7 1.000000
  7 -0.667380 2.732800 41.969727 -0.839086 -0.532877 -0.109436 0.629389 0.956074 1 7 1.000000
skt
  7 -0.676935 2.576981 42.773083 -0.803357 -0.590571 0.076439 0.627804 0.969023 1 7 1.000000
  7 -0.754845 3.226720 42.887741 -0.995164 0.008879 0.097826 0.619030 0.969120 1 7 1.000000
  7 -0.667380 2.732800 41.969727 -0.839086 -0.532877 -0.109436 0.629389 0.956074 1 7 1.000000
skt
  7 -0.390653 2.416383 42.709869 -0.210693 -0.977542 0.004498 0.632530 0.970009 1 7 1.000000
  7 -0.676935 2.576981 42.773083 -0.803357 -0.590571 0.076439 0.627804 0.969023 1 7 1.000000
  7 -0.667380 2.732800 41.969727 -0.839086 -0.532877 -0.109436 0.629389 0.956074 1 7 1.000000
skt
  7 -0.676935 2.576981 42.773083 -0.803357 -0.590571 0.076439 0.627804 0.969023 1 7 1.000000
  7 -0.390653 2.416383 42.709869 -0.210693 -0.977542 0.004498 0.632530 0.970009 1 7 1.000000
  7 -0.601597 2.677676 43.217018 -0.779741 -0.485276 0.395614 0.625659 0.974300 1 7 1.000000
skt
  7 -0.390653 2.416383 42.709869 -0.210693 -0.977542 0.004498 0.632530 0.970009 1 7 1.000000
  7 -0.391387 2.528104 43.319553 -0.263437 -0.760074 0.594044 0.627901 0.976793 1 7 1.000000
  7 -0.601597 2.677676 43.217018 -0.779741 -0.485276 0.395614 0.625659 0.974300 1 7 1.000000
skt
  7 -0.391387 2.528104 43.319553 -0.263437 -0.760074 0.594044 0.627901 0.976793 1 7 1.000000
  7 -0.382935 3.053627 43.559166 -0.172857 -0.130134 0.976312 0.621417 0.979711 1 7 1.000000
  7 -0.601597 2.677676 43.217018 -0.779741 -0.485276 0.395614 0.625659 0.974300 1 7 1.000000
skt
  7 -0.358680 4.318933 42.371773 -0.257083 0.887136 0.383272 0.598205 0.965786 1 7 1.000000
  7 -0.364192 4.051390 42.987331 -0.201532 0.838275 0.506635 0.605946 0.974464 1 7 1.000000
  7 0.000000 4.284752 42.371773 0.003816 0.913474 0.406879 0.593393 0.970685 1 7 1.000000
skt
  7 -0.364192 4.051390 42.987331 -0.201532 0.838275 0.506635 0.605946 0.974464 1 7 1.000000
  7 -0.358680 4.318933 42.371773 -0.257083 0.887136 0.383272 0.598205 0.965786 1 7 1.000000
  7 -0.634672 4.130771 42.313705 -0.830427 0.520562 0.198510 0.603433 0.961959 1 7 1.000000
skt
  7 -0.644227 3.880136 42.982925 -0.784425 0.507493 0.356551 0.610120 0.971719 1 7 1.000000
  7 -0.364192 4.051390 42.987331 -0.201532 0.838275 0.506635 0.605946 0.974464 1 7 1.000000
  7 -0.634672 4.130771 42.313705 -0.830427 0.520562 0.198510 0.603433 0.961959 1 7 1.000000
skt
  7 0.000000 4.284752 42.371773 0.003816 0.913474 0.406879 0.593393 0.970685 1 7 1.000000
  7 0.000000 4.016478 42.967121 0.000765 0.846366 0.532601 0.602100 0.979402 1 7 1.000000
  7 0.358680 4.318933 42.371773 0.241432 0.895701 0.373404 0.598205 0.965786 1 7 1.000000
skt
  7 -0.364192 4.051390 42.987331 -0.201532 0.838275 0.506635 0.605946 0.974464 1 7 1.000000
  7 0.000000 4.016478 42.967121 0.000765 0.846366 0.532601 0.602100 0.979402 1 7 1.000000
  7 0.000000 4.284752 42.371773 0.003816 0.913474 0.406879 0.593393 0.970685 1 7 1.000000
skt
  7 0.000000 4.016478 42.967121 0.000765 0.846366 0.532601 0.602100 0.979402 1 7 1.000000
  7 -0.364192 4.051390 42.987331 -0.201532 0.838275 0.506635 0.605946 0.974464 1 7 1.000000
  7 0.000000 3.642731 43.405548 -0.001515 0.500289 0.865857 0.611348 0.985171 1 7 1.000000
skt
  7 -0.390653 2.416383 42.709869 -0.210693 -0.977542 0.004498 0.632530 0.970009 1 7 1.000000
  7 -0.385140 2.556769 41.919376 -0.221715 -0.959821 -0.172004 0.635593 0.956954 1 7 1.000000
  7 0.000000 2.598663 41.924156 -0.001760 -0.984039 -0.177943 0.642599 0.958790 1 7 1.000000
skt
  7 -0.385140 2.556769 41.919376 -0.221715 -0.959821 -0.172004 0.635593 0.956954 1 7 1.000000
  7 -0.390653 2.416383 42.709869 -0.210693 -0.977542 0.004498 0.632530 0.970009 1 7 1.000000
  7 -0.667380 2.732800 41.969727 -0.839086 -0.532877 -0.109436 0.629389 0.956074 1 7 1.000000
skt
  7 -0.382935 3.053627 43.559166 -0.172857 -0.130134 0.976312 0.621417 0.979711 1 7 1.000000
  7 -0.391387 2.528104 43.319553 -0.263437 -0.760074 0.594044 0.627901 0.976793 1 7 1.000000
  7 0.000000 2.560444 43.283173 0.000347 -0.797637 0.603137 0.632201 0.982030 1 7 1.000000
skt
  7 -0.391387 2.528104 43.319553 -0.263437 -0.760074 0.594044 0.627901 0.976793 1 7 1.000000
  7 -0.390653 2.416383 42.709869 -0.210693 -0.977542 0.004498 0.632530 0.970009 1 7 1.000000
  7 0.000000 2.560444 43.283173 0.000347 -0.797637 0.603137 0.632201 0.982030 1 7 1.000000
skt
  7 -0.390653 2.416383 42.709869 -0.210693 -0.977542 0.004498 0.632530 0.970009 1 7 1.000000
  7 0.000000 2.458278 42.691128 0.000435 -0.999970 -0.007779 0.638512 0.972589 1 7 1.000000
  7 0.000000 2.560444 43.283173 0.000347 -0.797637 0.603137 0.632201 0.982030 1 7 1.000000
skt
  7 0.000000 2.458278 42.691128 0.000435 -0.999970 -0.007779 0.638512 0.972589 1 7 1.000000
  7 -0.390653 2.416383 42.709869 -0.210693 -0.977542 0.004498 0.632530 0.970009 1 7 1.000000
  7 0.000000 2.598663 41.924156 -0.001760 -0.984039 -0.177943 0.642599 0.958790 1 7 1.000000
skt
  7 0.000000 2.598663 41.924156 -0.001760 -0.984039 -0.177943 0.642599 0.958790 1 7 1.000000
  7 0.385140 2.556769 41.919376 0.219144 -0.958871 -0.180395 0.635593 0.956954 1 7 1.000000
  7 0.000000 2.458278 42.691128 0.000435 -0.999970 -0.007779 0.638512 0.972589 1 7 1.000000
skt
  7 0.385140 2.556769 41.919376 0.219144 -0.958871 -0.180395 0.635593 0.956954 1 7 1.000000
  7 0.390653 2.416383 42.709869 0.196243 -0.980546 -0.004345 0.632530 0.970009 1 7 1.000000
  7 0.000000 2.458278 42.691128 0.000435 -0.999970 -0.007779 0.638512 0.972589 1 7 1.000000
skt
  7 0.676935 2.576981 42.773083 0.815436 -0.577257 0.042877 0.627804 0.969023 1 7 1.000000
  7 0.390653 2.416383 42.709869 0.196243 -0.980546 -0.004345 0.632530 0.970009 1 7 1.000000
  7 0.385140 2.556769 41.919376 0.219144 -0.958871 -0.180395 0.635593 0.956954 1 7 1.000000
skt
  7 0.391387 2.528104 43.319553 0.230967 -0.768628 0.596544 0.627901 0.976793 1 7 1.000000
  7 0.390653 2.416383 42.709869 0.196243 -0.980546 -0.004345 0.632530 0.970009 1 7 1.000000
  7 0.676935 2.576981 42.773083 0.815436 -0.577257 0.042877 0.627804 0.969023 1 7 1.000000
skt
  7 0.601597 2.677676 43.217018 0.781554 -0.485011 0.392349 0.625659 0.974300 1 7 1.000000
  7 0.391387 2.528104 43.319553 0.230967 -0.768628 0.596544 0.627901 0.976793 1 7 1.000000
  7 0.676935 2.576981 42.773083 0.815436 -0.577257 0.042877 0.627804 0.969023 1 7 1.000000
skt
  7 0.601597 2.677676 43.217018 0.781554 -0.485011 0.392349 0.625659 0.974300 1 7 1.000000
  7 0.667380 3.094053 43.434582 0.772114 -0.065950 0.632052 0.620595 0.975923 1 7 1.000000
  7 0.391387 2.528104 43.319553 0.230967 -0.768628 0.596544 0.627901 0.976793 1 7 1.000000
skt
  7 0.601597 2.677676 43.217018 0.781554 -0.485011 0.392349 0.625659 0.974300 1 7 1.000000
  7 0.676935 2.576981 42.773083 0.815436 -0.577257 0.042877 0.627804 0.969023 1 7 1.000000
  7 0.667380 3.094053 43.434582 0.772114 -0.065950 0.632052 0.620595 0.975923 1 7 1.000000
skt
  7 0.676935 2.576981 42.773083 0.815436 -0.577257 0.042877 0.627804 0.969023 1 7 1.000000
  7 0.754845 3.226720 42.887741 0.997123 0.010994 0.075000 0.619030 0.969120 1 7 1.000000
  7 0.667380 3.094053 43.434582 0.772114 -0.065950 0.632052 0.620595 0.975923 1 7 1.000000
skt
  7 0.743820 3.429949 42.140614 0.999663 0.025963 -0.000592 0.616102 0.957447 1 7 1.000000
  7 0.754845 3.226720 42.887741 0.997123 0.010994 0.075000 0.619030 0.969120 1 7 1.000000
  7 0.676935 2.576981 42.773083 0.815436 -0.577257 0.042877 0.627804 0.969023 1 7 1.000000
skt
  7 0.644227 3.880136 42.982925 0.795541 0.505836 0.333534 0.610120 0.971719 1 7 1.000000
  7 0.754845 3.226720 42.887741 0.997123 0.010994 0.075000 0.619030 0.969120 1 7 1.000000
  7 0.743820 3.429949 42.140614 0.999663 0.025963 -0.000592 0.616102 0.957447 1 7 1.000000
skt
  7 0.634672 4.130771 42.313705 0.840235 0.511610 0.179611 0.603433 0.961959 1 7 1.000000
  7 0.644227 3.880136 42.982925 0.795541 0.505836 0.333534 0.610120 0.971719 1 7 1.000000
  7 0.743820 3.429949 42.140614 0.999663 0.025963 -0.000592 0.616102 0.957447 1 7 1.000000
skt
  7 0.634672 4.130771 42.313705 0.840235 0.511610 0.179611 0.603433 0.961959 1 7 1.000000
  7 0.358680 4.318933 42.371773 0.241432 0.895701 0.373404 0.598205 0.965786 1 7 1.000000
  7 0.644227 3.880136 42.982925 0.795541 0.505836 0.333534 0.610120 0.971719 1 7 1.000000
skt
  7 0.358680 4.318933 42.371773 0.241432 0.895701 0.373404 0.598205 0.965786 1 7 1.000000
  7 0.364192 4.051390 42.987331 0.184948 0.842344 0.506213 0.605946 0.974464 1 7 1.000000
  7 0.644227 3.880136 42.982925 0.795541 0.505836 0.333534 0.610120 0.971719 1 7 1.000000
skt
  7 0.000000 4.016478 42.967121 0.000765 0.846366 0.532601 0.602100 0.979402 1 7 1.000000
  7 0.364192 4.051390 42.987331 0.184948 0.842344 0.506213 0.605946 0.974464 1 7 1.000000
  7 0.358680 4.318933 42.371773 0.241432 0.895701 0.373404 0.598205 0.965786 1 7 1.000000
skt
  7 0.644227 3.880136 42.982925 0.795541 0.505836 0.333534 0.610120 0.971719 1 7 1.000000
  7 0.364192 4.051390 42.987331 0.184948 0.842344 0.506213 0.605946 0.974464 1 7 1.000000
  7 0.371910 3.669192 43.443768 0.191324 0.503393 0.842609 0.613329 0.978948 1 7 1.000000
skt
  7 0.667380 2.732800 41.969727 0.843246 -0.525731 -0.112000 0.629389 0.956074 1 7 1.000000
  7 0.676935 2.576981 42.773083 0.815436 -0.577257 0.042877 0.627804 0.969023 1 7 1.000000
  7 0.385140 2.556769 41.919376 0.219144 -0.958871 -0.180395 0.635593 0.956954 1 7 1.000000
skt
  7 0.667380 2.732800 41.969727 0.843246 -0.525731 -0.112000 0.629389 0.956074 1 7 1.000000
  7 0.743820 3.429949 42.140614 0.999663 0.025963 -0.000592 0.616102 0.957447 1 7 1.000000
  7 0.676935 2.576981 42.773083 0.815436 -0.577257 0.042877 0.627804 0.969023 1 7 1.000000
skt
  7 0.371910 3.669192 43.443768 0.191324 0.503393 0.842609 0.613329 0.978948 1 7 1.000000
  7 0.364192 4.051390 42.987331 0.184948 0.842344 0.506213 0.605946 0.974464 1 7 1.000000
  7 0.000000 4.016478 42.967121 0.000765 0.846366 0.532601 0.602100 0.979402 1 7 1.000000
skt
  7 0.000000 3.642731 43.405548 -0.001515 0.500289 0.865857 0.611348 0.985171 1 7 1.000000
  7 0.371910 3.669192 43.443768 0.191324 0.503393 0.842609 0.613329 0.978948 1 7 1.000000
  7 0.000000 4.016478 42.967121 0.000765 0.846366 0.532601 0.602100 0.979402 1 7 1.000000
skt
  7 0.000000 3.642731 43.405548 -0.001515 0.500289 0.865857 0.611348 0.985171 1 7 1.000000
  7 0.000000 3.056200 43.515797 -0.001805 -0.126553 0.991958 0.622461 0.985625 1 7 1.000000
  7 0.371910 3.669192 43.443768 0.191324 0.503393 0.842609 0.613329 0.978948 1 7 1.000000
skt
  7 0.000000 3.056200 43.515797 -0.001805 -0.126553 0.991958 0.622461 0.985625 1 7 1.000000
  7 0.382935 3.053627 43.559166 0.148312 -0.123187 0.981238 0.621417 0.979711 1 7 1.000000
  7 0.371910 3.669192 43.443768 0.191324 0.503393 0.842609 0.613329 0.978948 1 7 1.000000
skt
  7 0.391387 2.528104 43.319553 0.230967 -0.768628 0.596544 0.627901 0.976793 1 7 1.000000
  7 0.382935 3.053627 43.559166 0.148312 -0.123187 0.981238 0.621417 0.979711 1 7 1.000000
  7 0.000000 3.056200 43.515797 -0.001805 -0.126553 0.991958 0.622461 0.985625 1 7 1.000000
skt
  7 0.667380 3.094053 43.434582 0.772114 -0.065950 0.632052 0.620595 0.975923 1 7 1.000000
  7 0.382935 3.053627 43.559166 0.148312 -0.123187 0.981238 0.621417 0.979711 1 7 1.000000
  7 0.391387 2.528104 43.319553 0.230967 -0.768628 0.596544 0.627901 0.976793 1 7 1.000000
skt
  7 0.371910 3.669192 43.443768 0.191324 0.503393 0.842609 0.613329 0.978948 1 7 1.000000
  7 0.382935 3.053627 43.559166 0.148312 -0.123187 0.981238 0.621417 0.979711 1 7 1.000000
  7 0.667380 3.094053 43.434582 0.772114 -0.065950 0.632052 0.620595 0.975923 1 7 1.000000
skt
  7 0.581385 3.582093 43.334625 0.715654 0.359932 0.598572 0.614691 0.975894 1 7 1.000000
  7 0.371910 3.669192 43.443768 0.191324 0.503393 0.842609 0.613329 0.978948 1 7 1.000000
  7 0.667380 3.094053 43.434582 0.772114 -0.065950 0.632052 0.620595 0.975923 1 7 1.000000
skt
  7 0.581385 3.582093 43.334625 0.715654 0.359932 0.598572 0.614691 0.975894 1 7 1.000000
  7 0.644227 3.880136 42.982925 0.795541 0.505836 0.333534 0.610120 0.971719 1 7 1.000000
  7 0.371910 3.669192 43.443768 0.191324 0.503393 0.842609 0.613329 0.978948 1 7 1.000000
skt
  7 0.581385 3.582093 43.334625 0.715654 0.359932 0.598572 0.614691 0.975894 1 7 1.000000
  7 0.667380 3.094053 43.434582 0.772114 -0.065950 0.632052 0.620595 0.975923 1 7 1.000000
  7 0.644227 3.880136 42.982925 0.795541 0.505836 0.333534 0.610120 0.971719 1 7 1.000000
skt
  7 0.667380 3.094053 43.434582 0.772114 -0.065950 0.632052 0.620595 0.975923 1 7 1.000000
  7 0.754845 3.226720 42.887741 0.997123 0.010994 0.075000 0.619030 0.969120 1 7 1.000000
  7 0.644227 3.880136 42.982925 0.795541 0.505836 0.333534 0.610120 0.971719 1 7 1.000000
skt
  87 -3.730124 3.685362 44.473503 0.452856 0.268960 0.850048 0.091590 0.395280 2 87 0.600000 7 0.400000
  87 -3.719100 3.715865 44.415806 0.452892 0.807522 0.377885 0.090800 0.395310 2 87 0.600000 7 0.400000
  87 -4.664310 4.210520 44.779636 0.818323 0.519160 0.246617 0.095500 0.408460 2 87 0.800000 7 0.200000
skt
  87 -4.817925 5.053197 44.552872 0.955514 -0.278165 -0.098062 0.090930 0.418930 1 87 1.000000
  87 -4.794038 4.970879 44.922943 0.959806 -0.280659 0.001762 0.095990 0.418590 1 87 1.000000
  87 -4.664310 4.210520 44.779636 0.818323 0.519160 0.246617 0.095500 0.408460 2 87 0.800000 7 0.200000
skt
  87 -4.817925 5.053197 44.552872 0.955514 -0.278165 -0.098062 0.090930 0.418930 1 87 1.000000
  87 -4.864598 5.262306 43.651028 0.958697 -0.255255 -0.125476 0.078310 0.419620 1 87 1.000000
  87 -4.451159 5.662881 43.618694 0.238578 -0.951587 -0.193810 0.077450 0.427430 2 87 0.800000 7 0.200000
skt
  87 -3.682718 5.635318 42.550743 -0.360569 -0.901413 -0.239676 0.064910 0.439690 2 87 0.600000 7 0.400000
  87 -3.564750 5.438705 43.438622 -0.388424 -0.914939 -0.109605 0.076680 0.439480 2 87 0.600000 7 0.400000
  87 -4.451159 5.662881 43.618694 0.238578 -0.951587 -0.193810 0.077450 0.427430 2 87 0.800000 7 0.200000
skt
  7 -1.491315 4.286591 42.364052 -0.598558 -0.743691 -0.297746 0.070420 0.469020 2 7 0.800000 87 0.200000
  7 -1.510793 4.566996 41.806190 -0.553663 -0.742520 -0.376990 0.063750 0.468750 2 7 0.800000 87 0.200000
  7 -0.453128 3.691240 41.872341 -0.572077 -0.701190 -0.425511 0.068240 0.482450 1 7 1.000000
skt
  7 -2.600798 5.356017 41.749596 -0.487786 -0.797623 -0.354770 0.058880 0.454920 2 7 0.600000 87 0.400000
  7 -1.510793 4.566996 41.806190 -0.553663 -0.742520 -0.376990 0.063750 0.468750 2 7 0.800000 87 0.200000
  7 -1.491315 4.286591 42.364052 -0.598558 -0.743691 -0.297746 0.070420 0.469020 2 7 0.800000 87 0.200000
skt
  7 -2.560372 5.038865 42.473934 -0.521990 -0.814860 -0.252049 0.067990 0.454580 2 7 0.600000 87 0.400000
  7 -2.600798 5.356017 41.749596 -0.487786 -0.797623 -0.354770 0.058880 0.454920 2 7 0.600000 87 0.400000
  7 -1.491315 4.286591 42.364052 -0.598558 -0.743691 -0.297746 0.070420 0.469020 2 7 0.800000 87 0.200000
skt
  7 -2.560372 5.038865 42.473934 -0.521990 -0.814860 -0.252049 0.067990 0.454580 2 7 0.600000 87 0.400000
  87 -3.682718 5.635318 42.550743 -0.360569 -0.901413 -0.239676 0.064910 0.439690 2 87 0.600000 7 0.400000
  7 -2.600798 5.356017 41.749596 -0.487786 -0.797623 -0.354770 0.058880 0.454920 2 7 0.600000 87 0.400000
skt
  7 -2.560372 5.038865 42.473934 -0.521990 -0.814860 -0.252049 0.067990 0.454580 2 7 0.600000 87 0.400000
  7 -2.471805 4.828287 43.174759 -0.558643 -0.818438 -0.134452 0.076420 0.454830 2 7 0.600000 87 0.400000
  87 -3.682718 5.635318 42.550743 -0.360569 -0.901413 -0.239676 0.064910 0.439690 2 87 0.600000 7 0.400000
skt
  7 -2.471805 4.828287 43.174759 -0.558643 -0.818438 -0.134452 0.076420 0.454830 2 7 0.600000 87 0.400000
  87 -3.564750 5.438705 43.438622 -0.388424 -0.914939 -0.109605 0.076680 0.439480 2 87 0.600000 7 0.400000
  87 -3.682718 5.635318 42.550743 -0.360569 -0.901413 -0.239676 0.064910 0.439690 2 87 0.600000 7 0.400000
skt
  87 -3.456706 5.340215 44.143856 -0.393574 -0.916075 -0.076854 0.085710 0.440090 2 87 0.600000 7 0.400000
  87 -3.564750 5.438705 43.438622 -0.388424 -0.914939 -0.109605 0.076680 0.439480 2 87 0.600000 7 0.400000
  7 -2.471805 4.828287 43.174759 -0.558643 -0.818438 -0.134452 0.076420 0.454830 2 7 0.600000 87 0.400000
skt
  87 -4.451159 5.662881 43.618694 0.238578 -0.951587 -0.193810 0.077450 0.427430 2 87 0.800000 7 0.200000
  87 -3.564750 5.438705 43.438622 -0.388424 -0.914939 -0.109605 0.076680 0.439480 2 87 0.600000 7 0.400000
  87 -3.456706 5.340215 44.143856 -0.393574 -0.916075 -0.076854 0.085710 0.440090 2 87 0.600000 7 0.400000
skt
  87 -4.351200 5.547854 44.468353 0.254685 -0.953520 -0.161042 0.089320 0.427930 2 87 0.800000 7 0.200000
  87 -4.451159 5.662881 43.618694 0.238578 -0.951587 -0.193810 0.077450 0.427430 2 87 0.800000 7 0.200000
  87 -3.456706 5.340215 44.143856 -0.393574 -0.916075 -0.076854 0.085710 0.440090 2 87 0.600000 7 0.400000
skt
  87 -4.351200 5.547854 44.468353 0.254685 -0.953520 -0.161042 0.089320 0.427930 2 87 0.800000 7 0.200000
  87 -4.817925 5.053197 44.552872 0.955514 -0.278165 -0.098062 0.090930 0.418930 1 87 1.000000
  87 -4.451159 5.662881 43.618694 0.238578 -0.951587 -0.193810 0.077450 0.427430 2 87 0.800000 7 0.200000
skt
  87 -4.351200 5.547854 44.468353 0.254685 -0.953520 -0.161042 0.089320 0.427930 2 87 0.800000 7 0.200000
  87 -4.309306 5.499343 44.817482 0.296471 -0.954940 -0.013919 0.094160 0.428180 2 87 0.800000 7 0.200000
  87 -4.817925 5.053197 44.552872 0.955514 -0.278165 -0.098062 0.090930 0.418930 1 87 1.000000
skt
  87 -4.309306 5.499343 44.817482 0.296471 -0.954940 -0.013919 0.094160 0.428180 2 87 0.800000 7 0.200000
  87 -4.794038 4.970879 44.922943 0.959806 -0.280659 0.001762 0.095990 0.418590 1 87 1.000000
  87 -4.817925 5.053197 44.552872 0.955514 -0.278165 -0.098062 0.090930 0.418930 1 87 1.000000
skt
  87 -4.804328 4.964631 45.003792 0.727829 -0.234019 0.644593 0.096970 0.418570 1 87 1.000000
  87 -4.794038 4.970879 44.922943 0.959806 -0.280659 0.001762 0.095990 0.418590 1 87 1.000000
  87 -4.309306 5.499343 44.817482 0.296471 -0.954940 -0.013919 0.094160 0.428180 2 87 0.800000 7 0.200000
skt
  87 -4.664310 4.210520 44.779636 0.818323 0.519160 0.246617 0.095500 0.408460 2 87 0.800000 7 0.200000
  87 -4.794038 4.970879 44.922943 0.959806 -0.280659 0.001762 0.095990 0.418590 1 87 1.000000
  87 -4.804328 4.964631 45.003792 0.727829 -0.234019 0.644593 0.096970 0.418570 1 87 1.000000
skt
  87 -4.680113 4.186632 44.853493 0.603658 0.123810 0.787571 0.096470 0.408400 2 87 0.800000 7 0.200000
  87 -4.664310 4.210520 44.779636 0.818323 0.519160 0.246617 0.095500 0.408460 2 87 0.800000 7 0.200000
  87 -4.804328 4.964631 45.003792 0.727829 -0.234019 0.644593 0.096970 0.418570 1 87 1.000000
skt
  87 -4.680113 4.186632 44.853493 0.603658 0.123810 0.787571 0.096470 0.408400 2 87 0.800000 7 0.200000
  87 -3.730124 3.685362 44.473503 0.452856 0.268960 0.850048 0.091590 0.395280 2 87 0.600000 7 0.400000
  87 -4.664310 4.210520 44.779636 0.818323 0.519160 0.246617 0.095500 0.408460 2 87 0.800000 7 0.200000
skt
  87 -4.680113 4.186632 44.853493 0.603658 0.123810 0.787571 0.096470 0.408400 2 87 0.800000 7 0.200000
  87 -4.751775 4.156867 44.877373 0.354926 -0.104030 0.929088 0.097400 0.408570 2 87 0.800000 7 0.200000
  87 -3.730124 3.685362 44.473503 0.452856 0.268960 0.850048 0.091590 0.395280 2 87 0.600000 7 0.400000
skt
  87 -4.751775 4.156867 44.877373 0.354926 -0.104030 0.929088 0.097400 0.408570 2 87 0.800000 7 0.200000
  87 -3.786354 3.633544 44.478279 0.282378 -0.220348 0.933654 0.092480 0.395400 2 87 0.600000 7 0.400000
  87 -3.730124 3.685362 44.473503 0.452856 0.268960 0.850048 0.091590 0.395280 2 87 0.600000 7 0.400000
skt
  87 -4.351200 5.547854 44.468353 0.254685 -0.953520 -0.161042 0.089320 0.427930 2 87 0.800000 7 0.200000
  87 -3.456706 5.340215 44.143856 -0.393574 -0.916075 -0.076854 0.085710 0.440090 2 87 0.600000 7 0.400000
  87 -4.309306 5.499343 44.817482 0.296471 -0.954940 -0.013919 0.094160 0.428180 2 87 0.800000 7 0.200000
skt
  87 -3.456706 5.340215 44.143856 -0.393574 -0.916075 -0.076854 0.085710 0.440090 2 87 0.600000 7 0.400000
  87 -3.412238 5.297953 44.434547 -0.346756 -0.934865 0.076083 0.089270 0.440460 2 87 0.600000 7 0.400000
  87 -4.309306 5.499343 44.817482 0.296471 -0.954940 -0.013919 0.094160 0.428180 2 87 0.800000 7 0.200000
skt
  87 -4.680113 4.186632 44.853493 0.603658 0.123810 0.787571 0.096470 0.408400 2 87 0.800000 7 0.200000
  87 -4.804328 4.964631 45.003792 0.727829 -0.234019 0.644593 0.096970 0.418570 1 87 1.000000
  87 -4.751775 4.156867 44.877373 0.354926 -0.104030 0.929088 0.097400 0.408570 2 87 0.800000 7 0.200000
skt
  87 -4.804328 4.964631 45.003792 0.727829 -0.234019 0.644593 0.096970 0.418570 1 87 1.000000
  87 -4.861291 4.983739 45.038704 0.470225 -0.177633 0.864485 0.097680 0.418660 1 87 1.000000
  87 -4.751775 4.156867 44.877373 0.354926 -0.104030 0.929088 0.097400 0.408570 2 87 0.800000 7 0.200000
skt
  87 -4.335398 5.571742 44.935448 0.413556 -0.355042 0.838401 0.096130 0.428190 2 87 0.800000 7 0.200000
  87 -4.861291 4.983739 45.038704 0.470225 -0.177633 0.864485 0.097680 0.418660 1 87 1.000000
  87 -4.804328 4.964631 45.003792 0.727829 -0.234019 0.644593 0.096970 0.418570 1 87 1.000000
skt
  7 -0.449085 3.456040 42.237267 -0.598360 -0.688237 -0.410237 0.072640 0.482850 1 7 1.000000
  7 -1.491315 4.286591 42.364052 -0.598558 -0.743691 -0.297746 0.070420 0.469020 2 7 0.800000 87 0.200000
  7 -0.453128 3.691240 41.872341 -0.572077 -0.701190 -0.425511 0.068240 0.482450 1 7 1.000000
skt
  7 -0.449085 3.456040 42.237267 -0.598360 -0.688237 -0.410237 0.072640 0.482850 1 7 1.000000
  7 -0.434752 3.237378 42.599617 -0.661541 -0.676347 -0.323912 0.076880 0.483480 1 7 1.000000
  7 -1.491315 4.286591 42.364052 -0.598558 -0.743691 -0.297746 0.070420 0.469020 2 7 0.800000 87 0.200000
skt
  7 -0.434752 3.237378 42.599617 -0.661541 -0.676347 -0.323912 0.076880 0.483480 1 7 1.000000
  7 -1.438395 4.069766 42.892155 -0.637716 -0.741354 -0.209078 0.076600 0.469400 2 7 0.800000 87 0.200000
  7 -1.491315 4.286591 42.364052 -0.598558 -0.743691 -0.297746 0.070420 0.469020 2 7 0.800000 87 0.200000
skt
  87 -4.309306 5.499343 44.817482 0.296471 -0.954940 -0.013919 0.094160 0.428180 2 87 0.800000 7 0.200000
  87 -3.412238 5.297953 44.434547 -0.346756 -0.934865 0.076083 0.089270 0.440460 2 87 0.600000 7 0.400000
  87 -3.401213 5.310815 44.502537 -0.029281 -0.784473 0.619471 0.090120 0.440470 2 87 0.600000 7 0.400000
skt
  87 -3.401213 5.310815 44.502537 -0.029281 -0.784473 0.619471 0.090120 0.440470 2 87 0.600000 7 0.400000
  87 -3.412238 5.297953 44.434547 -0.346756 -0.934865 0.076083 0.089270 0.440460 2 87 0.600000 7 0.400000
  7 -2.347590 4.657766 43.929234 -0.528026 -0.842311 0.108172 0.085250 0.455370 2 7 0.600000 87 0.400000
skt
  7 -2.347590 4.657766 43.929234 -0.528026 -0.842311 0.108172 0.085250 0.455370 2 7 0.600000 87 0.400000
  87 -3.412238 5.297953 44.434547 -0.346756 -0.934865 0.076083 0.089270 0.440460 2 87 0.600000 7 0.400000
  87 -3.456706 5.340215 44.143856 -0.393574 -0.916075 -0.076854 0.085710 0.440090 2 87 0.600000 7 0.400000
skt
  7 -2.384340 4.707012 43.708000 -0.584513 -0.806909 -0.085103 0.082690 0.455140 2 7 0.600000 87 0.400000
  7 -2.347590 4.657766 43.929234 -0.528026 -0.842311 0.108172 0.085250 0.455370 2 7 0.600000 87 0.400000
  87 -3.456706 5.340215 44.143856 -0.393574 -0.916075 -0.076854 0.085710 0.440090 2 87 0.600000 7 0.400000
skt
  7 -2.384340 4.707012 43.708000 -0.584513 -0.806909 -0.085103 0.082690 0.455140 2 7 0.600000 87 0.400000
  87 -3.456706 5.340215 44.143856 -0.393574 -0.916075 -0.076854 0.085710 0.440090 2 87 0.600000 7 0.400000
  7 -2.471805 4.828287 43.174759 -0.558643 -0.818438 -0.134452 0.076420 0.454830 2 7 0.600000 87 0.400000
skt
  7 -2.384340 4.707012 43.708000 -0.584513 -0.806909 -0.085103 0.082690 0.455140 2 7 0.600000 87 0.400000
  7 -2.471805 4.828287 43.174759 -0.558643 -0.818438 -0.134452 0.076420 0.454830 2 7 0.600000 87 0.400000
  7 -1.384005 3.927543 43.289787 -0.662352 -0.730682 -0.165512 0.081160 0.469810 2 7 0.800000 87 0.200000
skt
  7 -2.384340 4.707012 43.708000 -0.584513 -0.806909 -0.085103 0.082690 0.455140 2 7 0.600000 87 0.400000
  7 -1.384005 3.927543 43.289787 -0.662352 -0.730682 -0.165512 0.081160 0.469810 2 7 0.800000 87 0.200000
  7 -2.347590 4.657766 43.929234 -0.528026 -0.842311 0.108172 0.085250 0.455370 2 7 0.600000 87 0.400000
skt
  7 -1.384005 3.927543 43.289787 -0.662352 -0.730682 -0.165512 0.081160 0.469810 2 7 0.800000 87 0.200000
  7 -1.361220 3.870580 43.455902 -0.623632 -0.777098 0.084866 0.083060 0.469980 2 7 0.800000 87 0.200000
  7 -2.347590 4.657766 43.929234 -0.528026 -0.842311 0.108172 0.085250 0.455370 2 7 0.600000 87 0.400000
skt
  7 -2.560372 5.038865 42.473934 -0.521990 -0.814860 -0.252049 0.067990 0.454580 2 7 0.600000 87 0.400000
  7 -1.491315 4.286591 42.364052 -0.598558 -0.743691 -0.297746 0.070420 0.469020 2 7 0.800000 87 0.200000
  7 -2.471805 4.828287 43.174759 -0.558643 -0.818438 -0.134452 0.076420 0.454830 2 7 0.600000 87 0.400000
skt
  7 -1.491315 4.286591 42.364052 -0.598558 -0.743691 -0.297746 0.070420 0.469020 2 7 0.800000 87 0.200000
  7 -1.438395 4.069766 42.892155 -0.637716 -0.741354 -0.209078 0.076600 0.469400 2 7 0.800000 87 0.200000
  7 -2.471805 4.828287 43.174759 -0.558643 -0.818438 -0.134452 0.076420 0.454830 2 7 0.600000 87 0.400000
skt
  7 -2.471805 4.828287 43.174759 -0.558643 -0.818438 -0.134452 0.076420 0.454830 2 7 0.600000 87 0.400000
  7 -1.438395 4.069766 42.892155 -0.637716 -0.741354 -0.209078 0.076600 0.469400 2 7 0.800000 87 0.200000
  7 -1.384005 3.927543 43.289787 -0.662352 -0.730682 -0.165512 0.081160 0.469810 2 7 0.800000 87 0.200000
skt
  7 -1.384005 3.927543 43.289787 -0.662352 -0.730682 -0.165512 0.081160 0.469810 2 7 0.800000 87 0.200000
  7 -1.438395 4.069766 42.892155 -0.637716 -0.741354 -0.209078 0.076600 0.469400 2 7 0.800000 87 0.200000
  7 -0.434752 3.237378 42.599617 -0.661541 -0.676347 -0.323912 0.076880 0.483480 1 7 1.000000
skt
  7 -0.419685 3.074943 42.880028 -0.700192 -0.636600 -0.323222 0.080180 0.483980 1 7 1.000000
  7 -1.384005 3.927543 43.289787 -0.662352 -0.730682 -0.165512 0.081160 0.469810 2 7 0.800000 87 0.200000
  7 -0.434752 3.237378 42.599617 -0.661541 -0.676347 -0.323912 0.076880 0.483480 1 7 1.000000
skt
  7 -0.419685 3.074943 42.880028 -0.700192 -0.636600 -0.323222 0.080180 0.483980 1 7 1.000000
  7 -0.413805 3.009529 42.998726 -0.674414 -0.737059 -0.043692 0.081570 0.484190 1 7 1.000000
  7 -1.384005 3.927543 43.289787 -0.662352 -0.730682 -0.165512 0.081160 0.469810 2 7 0.800000 87 0.200000
skt
  7 -0.413805 3.009529 42.998726 -0.674414 -0.737059 -0.043692 0.081570 0.484190 1 7 1.000000
  7 -1.361220 3.870580 43.455902 -0.623632 -0.777098 0.084866 0.083060 0.469980 2 7 0.800000 87 0.200000
  7 -1.384005 3.927543 43.289787 -0.662352 -0.730682 -0.165512 0.081160 0.469810 2 7 0.800000 87 0.200000
skt
  7 -1.346153 3.878300 43.499992 -0.284445 -0.705329 0.649309 0.083840 0.469930 2 7 0.800000 87 0.200000
  7 -1.361220 3.870580 43.455902 -0.623632 -0.777098 0.084866 0.083060 0.469980 2 7 0.800000 87 0.200000
  7 -0.413805 3.009529 42.998726 -0.674414 -0.737059 -0.043692 0.081570 0.484190 1 7 1.000000
skt
  7 -2.347590 4.657766 43.929234 -0.528026 -0.842311 0.108172 0.085250 0.455370 2 7 0.600000 87 0.400000
  7 -1.361220 3.870580 43.455902 -0.623632 -0.777098 0.084866 0.083060 0.469980 2 7 0.800000 87 0.200000
  7 -1.346153 3.878300 43.499992 -0.284445 -0.705329 0.649309 0.083840 0.469930 2 7 0.800000 87 0.200000
skt
  7 -2.329950 4.667689 43.983990 -0.206282 -0.742921 0.636801 0.086060 0.455370 2 7 0.600000 87 0.400000
  7 -2.347590 4.657766 43.929234 -0.528026 -0.842311 0.108172 0.085250 0.455370 2 7 0.600000 87 0.400000
  7 -1.346153 3.878300 43.499992 -0.284445 -0.705329 0.649309 0.083840 0.469930 2 7 0.800000 87 0.200000
skt
  7 -2.329950 4.667689 43.983990 -0.206282 -0.742921 0.636801 0.086060 0.455370 2 7 0.600000 87 0.400000
  87 -3.401213 5.310815 44.502537 -0.029281 -0.784473 0.619471 0.090120 0.440470 2 87 0.600000 7 0.400000
  7 -2.347590 4.657766 43.929234 -0.528026 -0.842311 0.108172 0.085250 0.455370 2 7 0.600000 87 0.400000
skt
  7 -2.329950 4.667689 43.983990 -0.206282 -0.742921 0.636801 0.086060 0.455370 2 7 0.600000 87 0.400000
  7 -2.300183 4.724653 44.016335 0.063863 -0.517091 0.853545 0.086870 0.455310 2 7 0.600000 87 0.400000
  87 -3.401213 5.310815 44.502537 -0.029281 -0.784473 0.619471 0.090120 0.440470 2 87 0.600000 7 0.400000
skt
  7 -2.300183 4.724653 44.016335 0.063863 -0.517091 0.853545 0.086870 0.455310 2 7 0.600000 87 0.400000
  87 -3.394230 5.378436 44.539654 0.206386 -0.487119 0.848599 0.091050 0.440360 2 87 0.600000 7 0.400000
  87 -3.401213 5.310815 44.502537 -0.029281 -0.784473 0.619471 0.090120 0.440470 2 87 0.600000 7 0.400000
skt
  87 -3.401213 5.310815 44.502537 -0.029281 -0.784473 0.619471 0.090120 0.440470 2 87 0.600000 7 0.400000
  87 -3.394230 5.378436 44.539654 0.206386 -0.487119 0.848599 0.091050 0.440360 2 87 0.600000 7 0.400000
  87 -4.335398 5.571742 44.935448 0.413556 -0.355042 0.838401 0.096130 0.428190 2 87 0.800000 7 0.200000
skt
  87 -4.309673 5.509266 44.896122 0.443076 -0.631597 0.636214 0.095200 0.428200 2 87 0.800000 7 0.200000
  87 -3.401213 5.310815 44.502537 -0.029281 -0.784473 0.619471 0.090120 0.440470 2 87 0.600000 7 0.400000
  87 -4.335398 5.571742 44.935448 0.413556 -0.355042 0.838401 0.096130 0.428190 2 87 0.800000 7 0.200000
skt
  87 -4.309673 5.509266 44.896122 0.443076 -0.631597 0.636214 0.095200 0.428200 2 87 0.800000 7 0.200000
  87 -4.335398 5.571742 44.935448 0.413556 -0.355042 0.838401 0.096130 0.428190 2 87 0.800000 7 0.200000
  87 -4.804328 4.964631 45.003792 0.727829 -0.234019 0.644593 0.096970 0.418570 1 87 1.000000
skt
  87 -4.309673 5.509266 44.896122 0.443076 -0.631597 0.636214 0.095200 0.428200 2 87 0.800000 7 0.200000
  87 -4.804328 4.964631 45.003792 0.727829 -0.234019 0.644593 0.096970 0.418570 1 87 1.000000
  87 -4.309306 5.499343 44.817482 0.296471 -0.954940 -0.013919 0.094160 0.428180 2 87 0.800000 7 0.200000
skt
  87 -4.309673 5.509266 44.896122 0.443076 -0.631597 0.636214 0.095200 0.428200 2 87 0.800000 7 0.200000
  87 -4.309306 5.499343 44.817482 0.296471 -0.954940 -0.013919 0.094160 0.428180 2 87 0.800000 7 0.200000
  87 -3.401213 5.310815 44.502537 -0.029281 -0.784473 0.619471 0.090120 0.440470 2 87 0.600000 7 0.400000
skt
  7 -2.329950 4.667689 43.983990 -0.206282 -0.742921 0.636801 0.086060 0.455370 2 7 0.600000 87 0.400000
  7 -1.346153 3.878300 43.499992 -0.284445 -0.705329 0.649309 0.083840 0.469930 2 7 0.800000 87 0.200000
  7 -2.300183 4.724653 44.016335 0.063863 -0.517091 0.853545 0.086870 0.455310 2 7 0.600000 87 0.400000
skt
  7 -1.346153 3.878300 43.499992 -0.284445 -0.705329 0.649309 0.083840 0.469930 2 7 0.800000 87 0.200000
  7 -1.315283 3.931586 43.530865 0.001315 -0.501915 0.864916 0.084620 0.469770 2 7 0.800000 87 0.200000
  7 -2.300183 4.724653 44.016335 0.063863 -0.517091 0.853545 0.086870 0.455310 2 7 0.600000 87 0.400000
skt
  7 -0.385508 3.068696 43.064137 -0.019294 -0.491592 0.870612 0.083120 0.483730 1 7 1.000000
  7 -1.315283 3.931586 43.530865 0.001315 -0.501915 0.864916 0.084620 0.469770 2 7 0.800000 87 0.200000
  7 -1.346153 3.878300 43.499992 -0.284445 -0.705329 0.649309 0.083840 0.469930 2 7 0.800000 87 0.200000
skt
  7 -0.406088 3.016144 43.034008 -0.407078 -0.736129 0.540742 0.082320 0.484040 1 7 1.000000
  7 -0.385508 3.068696 43.064137 -0.019294 -0.491592 0.870612 0.083120 0.483730 1 7 1.000000
  7 -1.346153 3.878300 43.499992 -0.284445 -0.705329 0.649309 0.083840 0.469930 2 7 0.800000 87 0.200000
skt
  7 -0.406088 3.016144 43.034008 -0.407078 -0.736129 0.540742 0.082320 0.484040 1 7 1.000000
  7 -1.346153 3.878300 43.499992 -0.284445 -0.705329 0.649309 0.083840 0.469930 2 7 0.800000 87 0.200000
  7 -0.413805 3.009529 42.998726 -0.674414 -0.737059 -0.043692 0.081570 0.484190 1 7 1.000000
skt
  7 -2.489445 3.291402 43.971497 0.271504 -0.352601 0.895521 0.087890 0.381110 2 7 0.600000 87 0.400000
  7 -1.384373 3.007691 43.485668 0.275251 -0.440470 0.854531 0.084570 0.368180 2 7 0.800000 87 0.200000
  7 -1.350930 3.062081 43.502930 0.421551 0.059638 0.904841 0.083860 0.368240 2 7 0.800000 87 0.200000
skt
  7 -1.350930 3.062081 43.502930 0.421551 0.059638 0.904841 0.083860 0.368240 2 7 0.800000 87 0.200000
  7 -1.384373 3.007691 43.485668 0.275251 -0.440470 0.854531 0.084570 0.368180 2 7 0.800000 87 0.200000
  7 -0.375217 2.753012 43.010853 0.259180 -0.498681 0.827129 0.081480 0.356220 1 7 1.000000
skt
  7 -0.333690 2.801155 43.027023 0.421825 -0.009110 0.906632 0.080770 0.356190 1 7 1.000000
  7 -1.350930 3.062081 43.502930 0.421551 0.059638 0.904841 0.083860 0.368240 2 7 0.800000 87 0.200000
  7 -0.375217 2.753012 43.010853 0.259180 -0.498681 0.827129 0.081480 0.356220 1 7 1.000000
skt
  7 -0.333690 2.801155 43.027023 0.421825 -0.009110 0.906632 0.080770 0.356190 1 7 1.000000
  7 -0.321195 2.831657 43.007912 0.435189 0.695119 0.572206 0.080100 0.356140 1 7 1.000000
  7 -1.350930 3.062081 43.502930 0.421551 0.059638 0.904841 0.083860 0.368240 2 7 0.800000 87 0.200000
skt
  7 -0.321195 2.831657 43.007912 0.435189 0.695119 0.572206 0.080100 0.356140 1 7 1.000000
  7 -1.343948 3.092952 43.474640 0.418730 0.750644 0.511077 0.083170 0.368240 2 7 0.800000 87 0.200000
  7 -1.350930 3.062081 43.502930 0.421551 0.059638 0.904841 0.083860 0.368240 2 7 0.800000 87 0.200000
skt
  87 -3.730124 3.685362 44.473503 0.452856 0.268960 0.850048 0.091590 0.395280 2 87 0.600000 7 0.400000
  87 -3.786354 3.633544 44.478279 0.282378 -0.220348 0.933654 0.092480 0.395400 2 87 0.600000 7 0.400000
  7 -2.489445 3.291402 43.971497 0.271504 -0.352601 0.895521 0.087890 0.381110 2 7 0.600000 87 0.400000
skt
  7 -2.454165 3.348365 43.983261 0.416166 0.198913 0.887265 0.087120 0.381170 2 7 0.600000 87 0.400000
  87 -3.730124 3.685362 44.473503 0.452856 0.268960 0.850048 0.091590 0.395280 2 87 0.600000 7 0.400000
  7 -2.489445 3.291402 43.971497 0.271504 -0.352601 0.895521 0.087890 0.381110 2 7 0.600000 87 0.400000
skt
  7 -2.454165 3.348365 43.983261 0.416166 0.198913 0.887265 0.087120 0.381170 2 7 0.600000 87 0.400000
  7 -2.489445 3.291402 43.971497 0.271504 -0.352601 0.895521 0.087890 0.381110 2 7 0.600000 87 0.400000
  7 -1.350930 3.062081 43.502930 0.421551 0.059638 0.904841 0.083860 0.368240 2 7 0.800000 87 0.200000
skt
  7 -2.454165 3.348365 43.983261 0.416166 0.198913 0.887265 0.087120 0.381170 2 7 0.600000 87 0.400000
  7 -1.350930 3.062081 43.502930 0.421551 0.059638 0.904841 0.083860 0.368240 2 7 0.800000 87 0.200000
  7 -2.449020 3.379235 43.943199 0.390269 0.812767 0.432550 0.086370 0.381200 2 7 0.600000 87 0.400000
skt
  7 -1.350930 3.062081 43.502930 0.421551 0.059638 0.904841 0.083860 0.368240 2 7 0.800000 87 0.200000
  7 -1.343948 3.092952 43.474640 0.418730 0.750644 0.511077 0.083170 0.368240 2 7 0.800000 87 0.200000
  7 -2.449020 3.379235 43.943199 0.390269 0.812767 0.432550 0.086370 0.381200 2 7 0.600000 87 0.400000
skt
  7 -2.449020 3.379235 43.943199 0.390269 0.812767 0.432550 0.086370 0.381200 2 7 0.600000 87 0.400000
  7 -1.343948 3.092952 43.474640 0.418730 0.750644 0.511077 0.083170 0.368240 2 7 0.800000 87 0.200000
  7 -1.364528 3.152854 43.302654 0.344053 0.898877 0.271382 0.081190 0.368340 2 7 0.800000 87 0.200000
skt
  7 -1.364528 3.152854 43.302654 0.344053 0.898877 0.271382 0.081190 0.368340 2 7 0.800000 87 0.200000
  7 -1.343948 3.092952 43.474640 0.418730 0.750644 0.511077 0.083170 0.368240 2 7 0.800000 87 0.200000
  7 -0.321195 2.831657 43.007912 0.435189 0.695119 0.572206 0.080100 0.356140 1 7 1.000000
skt
  7 -0.331485 2.885313 42.881496 0.358684 0.875576 0.323593 0.078620 0.356190 1 7 1.000000
  7 -1.364528 3.152854 43.302654 0.344053 0.898877 0.271382 0.081190 0.368340 2 7 0.800000 87 0.200000
  7 -0.321195 2.831657 43.007912 0.435189 0.695119 0.572206 0.080100 0.356140 1 7 1.000000
skt
  7 -0.331485 2.885313 42.881496 0.358684 0.875576 0.323593 0.078620 0.356190 1 7 1.000000
  7 -0.357945 3.004016 42.575733 0.329227 0.890394 0.314337 0.075100 0.356290 1 7 1.000000
  7 -1.364528 3.152854 43.302654 0.344053 0.898877 0.271382 0.081190 0.368340 2 7 0.800000 87 0.200000
skt
  7 -0.357945 3.004016 42.575733 0.329227 0.890394 0.314337 0.075100 0.356290 1 7 1.000000
  7 -1.413773 3.293973 42.887375 0.335162 0.903096 0.268483 0.076410 0.368560 2 7 0.800000 87 0.200000
  7 -1.364528 3.152854 43.302654 0.344053 0.898877 0.271382 0.081190 0.368340 2 7 0.800000 87 0.200000
skt
  7 -1.466325 3.475886 42.343842 0.305365 0.910033 0.280343 0.070160 0.368650 2 7 0.800000 87 0.200000
  7 -1.413773 3.293973 42.887375 0.335162 0.903096 0.268483 0.076410 0.368560 2 7 0.800000 87 0.200000
  7 -0.357945 3.004016 42.575733 0.329227 0.890394 0.314337 0.075100 0.356290 1 7 1.000000
skt
  7 -2.527297 3.632073 43.172554 0.347899 0.901196 0.258481 0.077510 0.381760 2 7 0.600000 87 0.400000
  7 -1.413773 3.293973 42.887375 0.335162 0.903096 0.268483 0.076410 0.368560 2 7 0.800000 87 0.200000
  7 -1.466325 3.475886 42.343842 0.305365 0.910033 0.280343 0.070160 0.368650 2 7 0.800000 87 0.200000
skt
  7 -2.596755 3.847429 42.462177 0.348150 0.912050 0.216694 0.069130 0.382020 2 7 0.600000 87 0.400000
  7 -2.527297 3.632073 43.172554 0.347899 0.901196 0.258481 0.077510 0.381760 2 7 0.600000 87 0.400000
  7 -1.466325 3.475886 42.343842 0.305365 0.910033 0.280343 0.070160 0.368650 2 7 0.800000 87 0.200000
skt
  7 -2.596755 3.847429 42.462177 0.348150 0.912050 0.216694 0.069130 0.382020 2 7 0.600000 87 0.400000
  87 -3.817591 4.337308 42.507374 0.438150 0.883647 0.164900 0.066820 0.397230 2 87 0.600000 7 0.400000
  7 -2.527297 3.632073 43.172554 0.347899 0.901196 0.258481 0.077510 0.381760 2 7 0.600000 87 0.400000
skt
  7 -2.596755 3.847429 42.462177 0.348150 0.912050 0.216694 0.069130 0.382020 2 7 0.600000 87 0.400000
  7 -2.668050 4.024932 41.740776 0.303051 0.935254 0.182919 0.060630 0.381810 2 7 0.600000 87 0.400000
  87 -3.817591 4.337308 42.507374 0.438150 0.883647 0.164900 0.066820 0.397230 2 87 0.600000 7 0.400000
skt
  7 -2.668050 4.024932 41.740776 0.303051 0.935254 0.182919 0.060630 0.381810 2 7 0.600000 87 0.400000
  87 -3.953198 4.486145 41.670944 0.422091 0.905010 0.052877 0.056200 0.397230 2 87 0.600000 7 0.400000
  87 -3.817591 4.337308 42.507374 0.438150 0.883647 0.164900 0.066820 0.397230 2 87 0.600000 7 0.400000
skt
  87 -4.083662 4.555970 41.046196 0.391081 0.919546 0.038620 0.048310 0.396510 2 87 0.600000 7 0.400000
  87 -3.953198 4.486145 41.670944 0.422091 0.905010 0.052877 0.056200 0.397230 2 87 0.600000 7 0.400000
  7 -2.668050 4.024932 41.740776 0.303051 0.935254 0.182919 0.060630 0.381810 2 7 0.600000 87 0.400000
skt
  87 -4.915681 5.055403 41.621338 0.783632 0.615354 -0.085209 0.051050 0.410810 2 87 0.800000 7 0.200000
  87 -3.953198 4.486145 41.670944 0.422091 0.905010 0.052877 0.056200 0.397230 2 87 0.600000 7 0.400000
  87 -4.083662 4.555970 41.046196 0.391081 0.919546 0.038620 0.048310 0.396510 2 87 0.600000 7 0.400000
skt
  7 -2.596755 3.847429 42.462177 0.348150 0.912050 0.216694 0.069130 0.382020 2 7 0.600000 87 0.400000
  7 -1.466325 3.475886 42.343842 0.305365 0.910033 0.280343 0.070160 0.368650 2 7 0.800000 87 0.200000
  7 -2.668050 4.024932 41.740776 0.303051 0.935254 0.182919 0.060630 0.381810 2 7 0.600000 87 0.400000
skt
  87 -4.735605 4.907300 42.525745 0.777044 0.628081 0.041422 0.064170 0.411250 2 87 0.800000 7 0.200000
  87 -3.817591 4.337308 42.507374 0.438150 0.883647 0.164900 0.066820 0.397230 2 87 0.600000 7 0.400000
  87 -4.915681 5.055403 41.621338 0.783632 0.615354 -0.085209 0.051050 0.410810 2 87 0.800000 7 0.200000
skt
  87 -3.817591 4.337308 42.507374 0.438150 0.883647 0.164900 0.066820 0.397230 2 87 0.600000 7 0.400000
  87 -3.953198 4.486145 41.670944 0.422091 0.905010 0.052877 0.056200 0.397230 2 87 0.600000 7 0.400000
  87 -4.915681 5.055403 41.621338 0.783632 0.615354 -0.085209 0.051050 0.410810 2 87 0.800000 7 0.200000
skt
  7 -2.722808 4.147676 41.177765 0.256721 0.949084 0.182574 0.054150 0.381490 2 7 0.600000 87 0.400000
  87 -4.083662 4.555970 41.046196 0.391081 0.919546 0.038620 0.048310 0.396510 2 87 0.600000 7 0.400000
  7 -2.668050 4.024932 41.740776 0.303051 0.935254 0.182919 0.060630 0.381810 2 7 0.600000 87 0.400000
skt
  87 -4.735605 4.907300 42.525745 0.777044 0.628081 0.041422 0.064170 0.411250 2 87 0.800000 7 0.200000
  87 -4.676070 4.607050 43.568352 0.800645 0.582573 0.139912 0.079060 0.410420 2 87 0.800000 7 0.200000
  87 -3.817591 4.337308 42.507374 0.438150 0.883647 0.164900 0.066820 0.397230 2 87 0.600000 7 0.400000
skt
  87 -4.676070 4.607050 43.568352 0.800645 0.582573 0.139912 0.079060 0.410420 2 87 0.800000 7 0.200000
  87 -3.755850 4.066827 43.404076 0.446043 0.856669 0.259159 0.078380 0.396880 2 87 0.600000 7 0.400000
  87 -3.817591 4.337308 42.507374 0.438150 0.883647 0.164900 0.066820 0.397230 2 87 0.600000 7 0.400000
skt
  87 -3.817591 4.337308 42.507374 0.438150 0.883647 0.164900 0.066820 0.397230 2 87 0.600000 7 0.400000
  87 -3.755850 4.066827 43.404076 0.446043 0.856669 0.259159 0.078380 0.396880 2 87 0.600000 7 0.400000
  7 -2.527297 3.632073 43.172554 0.347899 0.901196 0.258481 0.077510 0.381760 2 7 0.600000 87 0.400000
skt
  7 -2.527297 3.632073 43.172554 0.347899 0.901196 0.258481 0.077510 0.381760 2 7 0.600000 87 0.400000
  87 -3.755850 4.066827 43.404076 0.446043 0.856669 0.259159 0.078380 0.396880 2 87 0.600000 7 0.400000
  87 -3.734168 3.813253 44.120705 0.438656 0.856814 0.271018 0.087340 0.395830 2 87 0.600000 7 0.400000
skt
  7 -2.473275 3.451632 43.717556 0.341223 0.903547 0.259173 0.083810 0.381420 2 7 0.600000 87 0.400000
  7 -2.527297 3.632073 43.172554 0.347899 0.901196 0.258481 0.077510 0.381760 2 7 0.600000 87 0.400000
  87 -3.734168 3.813253 44.120705 0.438656 0.856814 0.271018 0.087340 0.395830 2 87 0.600000 7 0.400000
skt
  7 -2.473275 3.451632 43.717556 0.341223 0.903547 0.259173 0.083810 0.381420 2 7 0.600000 87 0.400000
  87 -3.734168 3.813253 44.120705 0.438656 0.856814 0.271018 0.087340 0.395830 2 87 0.600000 7 0.400000
  7 -2.449020 3.379235 43.943199 0.390269 0.812767 0.432550 0.086370 0.381200 2 7 0.600000 87 0.400000
skt
  7 -2.473275 3.451632 43.717556 0.341223 0.903547 0.259173 0.083810 0.381420 2 7 0.600000 87 0.400000
  7 -2.449020 3.379235 43.943199 0.390269 0.812767 0.432550 0.086370 0.381200 2 7 0.600000 87 0.400000
  7 -1.364528 3.152854 43.302654 0.344053 0.898877 0.271382 0.081190 0.368340 2 7 0.800000 87 0.200000
skt
  7 -2.473275 3.451632 43.717556 0.341223 0.903547 0.259173 0.083810 0.381420 2 7 0.600000 87 0.400000
  7 -1.364528 3.152854 43.302654 0.344053 0.898877 0.271382 0.081190 0.368340 2 7 0.800000 87 0.200000
  7 -2.527297 3.632073 43.172554 0.347899 0.901196 0.258481 0.077510 0.381760 2 7 0.600000 87 0.400000
skt
  7 -1.364528 3.152854 43.302654 0.344053 0.898877 0.271382 0.081190 0.368340 2 7 0.800000 87 0.200000
  7 -1.413773 3.293973 42.887375 0.335162 0.903096 0.268483 0.076410 0.368560 2 7 0.800000 87 0.200000
  7 -2.527297 3.632073 43.172554 0.347899 0.901196 0.258481 0.077510 0.381760 2 7 0.600000 87 0.400000
skt
  87 -4.673498 4.319665 44.427200 0.821061 0.547084 0.162965 0.090860 0.409150 2 87 0.800000 7 0.200000
  87 -3.734168 3.813253 44.120705 0.438656 0.856814 0.271018 0.087340 0.395830 2 87 0.600000 7 0.400000
  87 -4.676070 4.607050 43.568352 0.800645 0.582573 0.139912 0.079060 0.410420 2 87 0.800000 7 0.200000
skt
  87 -3.734168 3.813253 44.120705 0.438656 0.856814 0.271018 0.087340 0.395830 2 87 0.600000 7 0.400000
  87 -3.755850 4.066827 43.404076 0.446043 0.856669 0.259159 0.078380 0.396880 2 87 0.600000 7 0.400000
  87 -4.676070 4.607050 43.568352 0.800645 0.582573 0.139912 0.079060 0.410420 2 87 0.800000 7 0.200000
skt
  87 -5.097960 5.113835 40.974899 0.790057 0.596028 -0.143388 0.041970 0.410130 2 87 0.800000 7 0.200000
  87 -4.083662 4.555970 41.046196 0.391081 0.919546 0.038620 0.048310 0.396510 2 87 0.600000 7 0.400000
  87 -5.163011 5.145441 40.705524 0.772871 0.594371 -0.222244 0.038250 0.409740 2 87 0.800000 7 0.200000
skt
  87 -5.192775 5.150218 40.645252 0.487287 0.305063 -0.818223 0.037340 0.409740 2 87 0.800000 7 0.200000
  87 -5.351903 6.005023 40.653328 0.410483 -0.075393 -0.908746 0.034680 0.421020 1 87 1.000000
  87 -5.163011 5.145441 40.705524 0.772871 0.594371 -0.222244 0.038250 0.409740 2 87 0.800000 7 0.200000
skt
  87 -5.351903 6.005023 40.653328 0.410483 -0.075393 -0.908746 0.034680 0.421020 1 87 1.000000
  87 -5.414745 6.032219 40.649288 0.080282 0.037465 -0.996068 0.033940 0.421110 1 87 1.000000
  87 -4.859087 6.680490 40.717655 0.028950 0.143684 -0.989200 0.034360 0.431540 2 87 0.800000 7 0.200000
skt
  87 -5.268115 5.128166 40.626141 0.212272 0.111553 -0.970822 0.036330 0.409830 2 87 0.800000 7 0.200000
  87 -5.414745 6.032219 40.649288 0.080282 0.037465 -0.996068 0.033940 0.421110 1 87 1.000000
  87 -5.351903 6.005023 40.653328 0.410483 -0.075393 -0.908746 0.034680 0.421020 1 87 1.000000
skt
  87 -5.192775 5.150218 40.645252 0.487287 0.305063 -0.818223 0.037340 0.409740 2 87 0.800000 7 0.200000
  87 -5.268115 5.128166 40.626141 0.212272 0.111553 -0.970822 0.036330 0.409830 2 87 0.800000 7 0.200000
  87 -5.351903 6.005023 40.653328 0.410483 -0.075393 -0.908746 0.034680 0.421020 1 87 1.000000
skt
  87 -5.192775 5.150218 40.645252 0.487287 0.305063 -0.818223 0.037340 0.409740 2 87 0.800000 7 0.200000
  87 -4.151279 4.585003 40.722061 0.343518 0.696785 -0.629672 0.044310 0.396050 2 87 0.600000 7 0.400000
  87 -5.268115 5.128166 40.626141 0.212272 0.111553 -0.970822 0.036330 0.409830 2 87 0.800000 7 0.200000
skt
  87 -5.192775 5.150218 40.645252 0.487287 0.305063 -0.818223 0.037340 0.409740 2 87 0.800000 7 0.200000
  87 -5.163011 5.145441 40.705524 0.772871 0.594371 -0.222244 0.038250 0.409740 2 87 0.800000 7 0.200000
  87 -4.151279 4.585003 40.722061 0.343518 0.696785 -0.629672 0.044310 0.396050 2 87 0.600000 7 0.400000
skt
  87 -5.163011 5.145441 40.705524 0.772871 0.594371 -0.222244 0.038250 0.409740 2 87 0.800000 7 0.200000
  87 -4.129965 4.589780 40.785645 0.377780 0.923060 -0.072398 0.045190 0.396120 2 87 0.600000 7 0.400000
  87 -4.151279 4.585003 40.722061 0.343518 0.696785 -0.629672 0.044310 0.396050 2 87 0.600000 7 0.400000
skt
  87 -4.083662 4.555970 41.046196 0.391081 0.919546 0.038620 0.048310 0.396510 2 87 0.600000 7 0.400000
  87 -4.129965 4.589780 40.785645 0.377780 0.923060 -0.072398 0.045190 0.396120 2 87 0.600000 7 0.400000
  87 -5.163011 5.145441 40.705524 0.772871 0.594371 -0.222244 0.038250 0.409740 2 87 0.800000 7 0.200000
skt
  7 -2.741918 4.198391 40.941830 0.278776 0.960356 0.000464 0.051460 0.381230 2 7 0.600000 87 0.400000
  87 -4.129965 4.589780 40.785645 0.377780 0.923060 -0.072398 0.045190 0.396120 2 87 0.600000 7 0.400000
  87 -4.083662 4.555970 41.046196 0.391081 0.919546 0.038620 0.048310 0.396510 2 87 0.600000 7 0.400000
skt
  7 -2.722808 4.147676 41.177765 0.256721 0.949084 0.182574 0.054150 0.381490 2 7 0.600000 87 0.400000
  7 -2.741918 4.198391 40.941830 0.278776 0.960356 0.000464 0.051460 0.381230 2 7 0.600000 87 0.400000
  87 -4.083662 4.555970 41.046196 0.391081 0.919546 0.038620 0.048310 0.396510 2 87 0.600000 7 0.400000
skt
  7 -2.722808 4.147676 41.177765 0.256721 0.949084 0.182574 0.054150 0.381490 2 7 0.600000 87 0.400000
  7 -1.509690 3.799653 41.350124 0.229889 0.930826 0.284103 0.058690 0.368060 2 7 0.800000 87 0.200000
  7 -2.741918 4.198391 40.941830 0.278776 0.960356 0.000464 0.051460 0.381230 2 7 0.600000 87 0.400000
skt
  7 -2.722808 4.147676 41.177765 0.256721 0.949084 0.182574 0.054150 0.381490 2 7 0.600000 87 0.400000
  7 -2.668050 4.024932 41.740776 0.303051 0.935254 0.182919 0.060630 0.381810 2 7 0.600000 87 0.400000
  7 -1.509690 3.799653 41.350124 0.229889 0.930826 0.284103 0.058690 0.368060 2 7 0.800000 87 0.200000
skt
  7 -2.668050 4.024932 41.740776 0.303051 0.935254 0.182919 0.060630 0.381810 2 7 0.600000 87 0.400000
  7 -1.496093 3.658902 41.787445 0.265079 0.920153 0.288186 0.063730 0.368410 2 7 0.800000 87 0.200000
  7 -1.509690 3.799653 41.350124 0.229889 0.930826 0.284103 0.058690 0.368060 2 7 0.800000 87 0.200000
skt
  7 -1.466325 3.475886 42.343842 0.305365 0.910033 0.280343 0.070160 0.368650 2 7 0.800000 87 0.200000
  7 -1.496093 3.658902 41.787445 0.265079 0.920153 0.288186 0.063730 0.368410 2 7 0.800000 87 0.200000
  7 -2.668050 4.024932 41.740776 0.303051 0.935254 0.182919 0.060630 0.381810 2 7 0.600000 87 0.400000
skt
  7 -0.380363 3.339910 41.821995 0.245398 0.885443 0.394677 0.066360 0.356010 1 7 1.000000
  7 -1.496093 3.658902 41.787445 0.265079 0.920153 0.288186 0.063730 0.368410 2 7 0.800000 87 0.200000
  7 -1.466325 3.475886 42.343842 0.305365 0.910033 0.280343 0.070160 0.368650 2 7 0.800000 87 0.200000
skt
  7 -0.381098 3.163510 42.189491 0.305372 0.873057 0.380156 0.070670 0.356300 1 7 1.000000
  7 -0.380363 3.339910 41.821995 0.245398 0.885443 0.394677 0.066360 0.356010 1 7 1.000000
  7 -1.466325 3.475886 42.343842 0.305365 0.910033 0.280343 0.070160 0.368650 2 7 0.800000 87 0.200000
skt
  7 -0.381098 3.163510 42.189491 0.305372 0.873057 0.380156 0.070670 0.356300 1 7 1.000000
  7 -1.466325 3.475886 42.343842 0.305365 0.910033 0.280343 0.070160 0.368650 2 7 0.800000 87 0.200000
  7 -0.357945 3.004016 42.575733 0.329227 0.890394 0.314337 0.075100 0.356290 1 7 1.000000
skt
  87 -4.151279 4.585003 40.722061 0.343518 0.696785 -0.629672 0.044310 0.396050 2 87 0.600000 7 0.400000
  87 -4.129965 4.589780 40.785645 0.377780 0.923060 -0.072398 0.045190 0.396120 2 87 0.600000 7 0.400000
  7 -2.741918 4.198391 40.941830 0.278776 0.960356 0.000464 0.051460 0.381230 2 7 0.600000 87 0.400000
skt
  7 -2.752575 4.190308 40.879723 0.304095 0.778516 -0.549035 0.050640 0.381130 2 7 0.600000 87 0.400000
  87 -4.151279 4.585003 40.722061 0.343518 0.696785 -0.629672 0.044310 0.396050 2 87 0.600000 7 0.400000
  7 -2.741918 4.198391 40.941830 0.278776 0.960356 0.000464 0.051460 0.381230 2 7 0.600000 87 0.400000
skt
  87 -4.826010 6.614338 40.708824 0.152525 -0.174781 -0.972722 0.035210 0.431440 2 87 0.800000 7 0.200000
  87 -5.351903 6.005023 40.653328 0.410483 -0.075393 -0.908746 0.034680 0.421020 1 87 1.000000
  87 -4.859087 6.680490 40.717655 0.028950 0.143684 -0.989200 0.034360 0.431540 2 87 0.800000 7 0.200000
skt
  7 -1.509690 3.799653 41.350124 0.229889 0.930826 0.284103 0.058690 0.368060 2 7 0.800000 87 0.200000
  7 -1.496093 3.658902 41.787445 0.265079 0.920153 0.288186 0.063730 0.368410 2 7 0.800000 87 0.200000
  7 -0.380363 3.339910 41.821995 0.245398 0.885443 0.394677 0.066360 0.356010 1 7 1.000000
skt
  7 -0.371175 3.481769 41.543423 0.171357 0.881395 0.440204 0.063030 0.355680 1 7 1.000000
  7 -1.509690 3.799653 41.350124 0.229889 0.930826 0.284103 0.058690 0.368060 2 7 0.800000 87 0.200000
  7 -0.380363 3.339910 41.821995 0.245398 0.885443 0.394677 0.066360 0.356010 1 7 1.000000
skt
  7 -0.371175 3.481769 41.543423 0.171357 0.881395 0.440204 0.063030 0.355680 1 7 1.000000
  7 -0.367868 3.538361 41.423622 0.252328 0.958404 0.133391 0.061600 0.355530 1 7 1.000000
  7 -1.509690 3.799653 41.350124 0.229889 0.930826 0.284103 0.058690 0.368060 2 7 0.800000 87 0.200000
skt
  7 -0.367868 3.538361 41.423622 0.252328 0.958404 0.133391 0.061600 0.355530 1 7 1.000000
  7 -1.514467 3.856246 41.166000 0.263046 0.964331 0.029549 0.056590 0.367870 2 7 0.800000 87 0.200000
  7 -1.509690 3.799653 41.350124 0.229889 0.930826 0.284103 0.058690 0.368060 2 7 0.800000 87 0.200000
skt
  7 -1.509690 3.799653 41.350124 0.229889 0.930826 0.284103 0.058690 0.368060 2 7 0.800000 87 0.200000
  7 -1.514467 3.856246 41.166000 0.263046 0.964331 0.029549 0.056590 0.367870 2 7 0.800000 87 0.200000
  7 -2.741918 4.198391 40.941830 0.278776 0.960356 0.000464 0.051460 0.381230 2 7 0.600000 87 0.400000
skt
  7 -2.741918 4.198391 40.941830 0.278776 0.960356 0.000464 0.051460 0.381230 2 7 0.600000 87 0.400000
  7 -1.514467 3.856246 41.166000 0.263046 0.964331 0.029549 0.056590 0.367870 2 7 0.800000 87 0.200000
  7 -1.522185 3.846328 41.113453 0.332685 0.748368 -0.573818 0.055830 0.367800 2 7 0.800000 87 0.200000
skt
  7 -2.752575 4.190308 40.879723 0.304095 0.778516 -0.549035 0.050640 0.381130 2 7 0.600000 87 0.400000
  7 -2.741918 4.198391 40.941830 0.278776 0.960356 0.000464 0.051460 0.381230 2 7 0.600000 87 0.400000
  7 -1.522185 3.846328 41.113453 0.332685 0.748368 -0.573818 0.055830 0.367800 2 7 0.800000 87 0.200000
skt
  7 -2.752575 4.190308 40.879723 0.304095 0.778516 -0.549035 0.050640 0.381130 2 7 0.600000 87 0.400000
  7 -1.522185 3.846328 41.113453 0.332685 0.748368 -0.573818 0.055830 0.367800 2 7 0.800000 87 0.200000
  7 -2.781608 4.135918 40.837460 0.260165 0.499949 -0.826054 0.049790 0.381020 2 7 0.600000 87 0.400000
skt
  7 -2.752575 4.190308 40.879723 0.304095 0.778516 -0.549035 0.050640 0.381130 2 7 0.600000 87 0.400000
  7 -2.781608 4.135918 40.837460 0.260165 0.499949 -0.826054 0.049790 0.381020 2 7 0.600000 87 0.400000
  87 -4.151279 4.585003 40.722061 0.343518 0.696785 -0.629672 0.044310 0.396050 2 87 0.600000 7 0.400000
skt
  7 -2.781608 4.135918 40.837460 0.260165 0.499949 -0.826054 0.049790 0.381020 2 7 0.600000 87 0.400000
  87 -4.206773 4.539433 40.688622 0.235916 0.371642 -0.897901 0.043330 0.396110 2 87 0.600000 7 0.400000
  87 -4.151279 4.585003 40.722061 0.343518 0.696785 -0.629672 0.044310 0.396050 2 87 0.600000 7 0.400000
skt
  87 -4.151279 4.585003 40.722061 0.343518 0.696785 -0.629672 0.044310 0.396050 2 87 0.600000 7 0.400000
  87 -4.206773 4.539433 40.688622 0.235916 0.371642 -0.897901 0.043330 0.396110 2 87 0.600000 7 0.400000
  87 -5.268115 5.128166 40.626141 0.212272 0.111553 -0.970822 0.036330 0.409830 2 87 0.800000 7 0.200000
skt
  7 -1.522185 3.846328 41.113453 0.332685 0.748368 -0.573818 0.055830 0.367800 2 7 0.800000 87 0.200000
  7 -1.514467 3.856246 41.166000 0.263046 0.964331 0.029549 0.056590 0.367870 2 7 0.800000 87 0.200000
  7 -0.367868 3.538361 41.423622 0.252328 0.958404 0.133391 0.061600 0.355530 1 7 1.000000
skt
  7 -0.376320 3.528071 41.385399 0.343017 0.731631 -0.589114 0.060870 0.355490 1 7 1.000000
  7 -1.522185 3.846328 41.113453 0.332685 0.748368 -0.573818 0.055830 0.367800 2 7 0.800000 87 0.200000
  7 -0.367868 3.538361 41.423622 0.252328 0.958404 0.133391 0.061600 0.355530 1 7 1.000000
skt
  7 -0.376320 3.528071 41.385399 0.343017 0.731631 -0.589114 0.060870 0.355490 1 7 1.000000
  7 -0.402045 3.469638 41.351959 0.310550 0.368744 -0.876120 0.060090 0.355360 1 7 1.000000
  7 -1.522185 3.846328 41.113453 0.332685 0.748368 -0.573818 0.055830 0.367800 2 7 0.800000 87 0.200000
skt
  7 -0.402045 3.469638 41.351959 0.310550 0.368744 -0.876120 0.060090 0.355360 1 7 1.000000
  7 -1.544970 3.788630 41.073032 0.307230 0.461663 -0.832152 0.055040 0.367650 2 7 0.800000 87 0.200000
  7 -1.522185 3.846328 41.113453 0.332685 0.748368 -0.573818 0.055830 0.367800 2 7 0.800000 87 0.200000
skt
  7 -1.522185 3.846328 41.113453 0.332685 0.748368 -0.573818 0.055830 0.367800 2 7 0.800000 87 0.200000
  7 -1.544970 3.788630 41.073032 0.307230 0.461663 -0.832152 0.055040 0.367650 2 7 0.800000 87 0.200000
  7 -2.781608 4.135918 40.837460 0.260165 0.499949 -0.826054 0.049790 0.381020 2 7 0.600000 87 0.400000
skt
  87 -5.097960 5.113835 40.974899 0.790057 0.596028 -0.143388 0.041970 0.410130 2 87 0.800000 7 0.200000
  87 -4.915681 5.055403 41.621338 0.783632 0.615354 -0.085209 0.051050 0.410810 2 87 0.800000 7 0.200000
  87 -4.083662 4.555970 41.046196 0.391081 0.919546 0.038620 0.048310 0.396510 2 87 0.600000 7 0.400000
skt
  87 -5.097960 5.113835 40.974899 0.790057 0.596028 -0.143388 0.041970 0.410130 2 87 0.800000 7 0.200000
  87 -5.270318 5.911677 40.982246 0.934221 -0.222865 -0.278500 0.039350 0.420770 1 87 1.000000
  87 -4.915681 5.055403 41.621338 0.783632 0.615354 -0.085209 0.051050 0.410810 2 87 0.800000 7 0.200000
skt
  87 -5.097960 5.113835 40.974899 0.790057 0.596028 -0.143388 0.041970 0.410130 2 87 0.800000 7 0.200000
  87 -5.163011 5.145441 40.705524 0.772871 0.594371 -0.222244 0.038250 0.409740 2 87 0.800000 7 0.200000
  87 -5.270318 5.911677 40.982246 0.934221 -0.222865 -0.278500 0.039350 0.420770 1 87 1.000000
skt
  87 -5.163011 5.145441 40.705524 0.772871 0.594371 -0.222244 0.038250 0.409740 2 87 0.800000 7 0.200000
  87 -5.325440 5.981134 40.709187 0.901592 -0.202925 -0.382037 0.035490 0.420920 1 87 1.000000
  87 -5.270318 5.911677 40.982246 0.934221 -0.222865 -0.278500 0.039350 0.420770 1 87 1.000000
skt
  87 -5.351903 6.005023 40.653328 0.410483 -0.075393 -0.908746 0.034680 0.421020 1 87 1.000000
  87 -5.325440 5.981134 40.709187 0.901592 -0.202925 -0.382037 0.035490 0.420920 1 87 1.000000
  87 -5.163011 5.145441 40.705524 0.772871 0.594371 -0.222244 0.038250 0.409740 2 87 0.800000 7 0.200000
skt
  87 -4.810575 6.575016 40.759918 0.307843 -0.782149 -0.541734 0.036020 0.431290 2 87 0.800000 7 0.200000
  87 -5.325440 5.981134 40.709187 0.901592 -0.202925 -0.382037 0.035490 0.420920 1 87 1.000000
  87 -5.351903 6.005023 40.653328 0.410483 -0.075393 -0.908746 0.034680 0.421020 1 87 1.000000
skt
  87 -4.826010 6.614338 40.708824 0.152525 -0.174781 -0.972722 0.035210 0.431440 2 87 0.800000 7 0.200000
  87 -4.810575 6.575016 40.759918 0.307843 -0.782149 -0.541734 0.036020 0.431290 2 87 0.800000 7 0.200000
  87 -5.351903 6.005023 40.653328 0.410483 -0.075393 -0.908746 0.034680 0.421020 1 87 1.000000
skt
  87 -4.826010 6.614338 40.708824 0.152525 -0.174781 -0.972722 0.035210 0.431440 2 87 0.800000 7 0.200000
  87 -3.813548 6.442718 40.772411 0.017463 -0.253934 -0.967064 0.041320 0.442940 2 87 0.600000 7 0.400000
  87 -4.810575 6.575016 40.759918 0.307843 -0.782149 -0.541734 0.036020 0.431290 2 87 0.800000 7 0.200000
skt
  87 -4.826010 6.614338 40.708824 0.152525 -0.174781 -0.972722 0.035210 0.431440 2 87 0.800000 7 0.200000
  87 -4.859087 6.680490 40.717655 0.028950 0.143684 -0.989200 0.034360 0.431540 2 87 0.800000 7 0.200000
  87 -3.813548 6.442718 40.772411 0.017463 -0.253934 -0.967064 0.041320 0.442940 2 87 0.600000 7 0.400000
skt
  87 -4.859087 6.680490 40.717655 0.028950 0.143684 -0.989200 0.034360 0.431540 2 87 0.800000 7 0.200000
  87 -3.813915 6.502617 40.789314 0.165071 0.268835 -0.948936 0.040550 0.443080 2 87 0.600000 7 0.400000
  87 -3.813548 6.442718 40.772411 0.017463 -0.253934 -0.967064 0.041320 0.442940 2 87 0.600000 7 0.400000
skt
  87 -3.813548 6.442718 40.772411 0.017463 -0.253934 -0.967064 0.041320 0.442940 2 87 0.600000 7 0.400000
  87 -3.813915 6.502617 40.789314 0.165071 0.268835 -0.948936 0.040550 0.443080 2 87 0.600000 7 0.400000
  7 -2.582055 5.822372 40.922348 0.339920 0.297740 -0.892079 0.047700 0.456270 2 7 0.600000 87 0.400000
skt
  7 -2.606678 5.783420 40.899933 0.004558 -0.236443 -0.971635 0.048370 0.455870 2 7 0.600000 87 0.400000
  87 -3.813548 6.442718 40.772411 0.017463 -0.253934 -0.967064 0.041320 0.442940 2 87 0.600000 7 0.400000
  7 -2.582055 5.822372 40.922348 0.339920 0.297740 -0.892079 0.047700 0.456270 2 7 0.600000 87 0.400000
skt
  7 -2.606678 5.783420 40.899933 0.004558 -0.236443 -0.971635 0.048370 0.455870 2 7 0.600000 87 0.400000
  7 -2.582055 5.822372 40.922348 0.339920 0.297740 -0.892079 0.047700 0.456270 2 7 0.600000 87 0.400000
  7 -1.497930 4.928982 41.146164 0.072499 -0.206884 -0.975675 0.055340 0.468960 2 7 0.800000 87 0.200000
skt
  7 -2.606678 5.783420 40.899933 0.004558 -0.236443 -0.971635 0.048370 0.455870 2 7 0.600000 87 0.400000
  7 -1.497930 4.928982 41.146164 0.072499 -0.206884 -0.975675 0.055340 0.468960 2 7 0.800000 87 0.200000
  7 -2.615865 5.752915 40.941093 -0.415740 -0.759986 -0.499581 0.049160 0.455690 2 7 0.600000 87 0.400000
skt
  7 -1.497930 4.928982 41.146164 0.072499 -0.206884 -0.975675 0.055340 0.468960 2 7 0.800000 87 0.200000
  7 -1.510425 4.902154 41.175560 -0.440680 -0.698554 -0.563759 0.056150 0.468810 2 7 0.800000 87 0.200000
  7 -2.615865 5.752915 40.941093 -0.415740 -0.759986 -0.499581 0.049160 0.455690 2 7 0.600000 87 0.400000
skt
  7 -2.615865 5.752915 40.941093 -0.415740 -0.759986 -0.499581 0.049160 0.455690 2 7 0.600000 87 0.400000
  7 -1.510425 4.902154 41.175560 -0.440680 -0.698554 -0.563759 0.056150 0.468810 2 7 0.800000 87 0.200000
  7 -1.511895 4.806973 41.362247 -0.538338 -0.745806 -0.392385 0.058350 0.468760 2 7 0.800000 87 0.200000
skt
  7 -1.511895 4.806973 41.362247 -0.538338 -0.745806 -0.392385 0.058350 0.468760 2 7 0.800000 87 0.200000
  7 -1.510425 4.902154 41.175560 -0.440680 -0.698554 -0.563759 0.056150 0.468810 2 7 0.800000 87 0.200000
  7 -0.450555 3.951797 41.466621 -0.415430 -0.652682 -0.633581 0.063330 0.482130 1 7 1.000000
skt
  7 -0.452392 3.877563 41.587894 -0.527899 -0.713603 -0.460536 0.064800 0.482170 1 7 1.000000
  7 -1.511895 4.806973 41.362247 -0.538338 -0.745806 -0.392385 0.058350 0.468760 2 7 0.800000 87 0.200000
  7 -0.450555 3.951797 41.466621 -0.415430 -0.652682 -0.633581 0.063330 0.482130 1 7 1.000000
skt
  7 -2.606678 5.783420 40.899933 0.004558 -0.236443 -0.971635 0.048370 0.455870 2 7 0.600000 87 0.400000
  7 -2.615865 5.752915 40.941093 -0.415740 -0.759986 -0.499581 0.049160 0.455690 2 7 0.600000 87 0.400000
  87 -3.813548 6.442718 40.772411 0.017463 -0.253934 -0.967064 0.041320 0.442940 2 87 0.600000 7 0.400000
skt
  87 -4.777500 6.463296 41.030399 0.318031 -0.858005 -0.403342 0.039820 0.430490 2 87 0.800000 7 0.200000
  87 -5.270318 5.911677 40.982246 0.934221 -0.222865 -0.278500 0.039350 0.420770 1 87 1.000000
  87 -4.810575 6.575016 40.759918 0.307843 -0.782149 -0.541734 0.036020 0.431290 2 87 0.800000 7 0.200000
skt
  87 -5.270318 5.911677 40.982246 0.934221 -0.222865 -0.278500 0.039350 0.420770 1 87 1.000000
  87 -5.325440 5.981134 40.709187 0.901592 -0.202925 -0.382037 0.035490 0.420920 1 87 1.000000
  87 -4.810575 6.575016 40.759918 0.307843 -0.782149 -0.541734 0.036020 0.431290 2 87 0.800000 7 0.200000
skt
  7 -2.612557 5.640463 41.179600 -0.469104 -0.797780 -0.378798 0.051970 0.455340 2 7 0.600000 87 0.400000
  7 -2.615865 5.752915 40.941093 -0.415740 -0.759986 -0.499581 0.049160 0.455690 2 7 0.600000 87 0.400000
  7 -1.511895 4.806973 41.362247 -0.538338 -0.745806 -0.392385 0.058350 0.468760 2 7 0.800000 87 0.200000
skt
  7 -2.582055 5.822372 40.922348 0.339920 0.297740 -0.892079 0.047700 0.456270 2 7 0.600000 87 0.400000
  7 -1.465223 4.964629 41.174088 0.443871 0.263632 -0.856433 0.054700 0.469420 2 7 0.800000 87 0.200000
  7 -1.497930 4.928982 41.146164 0.072499 -0.206884 -0.975675 0.055340 0.468960 2 7 0.800000 87 0.200000
skt
  7 -1.497930 4.928982 41.146164 0.072499 -0.206884 -0.975675 0.055340 0.468960 2 7 0.800000 87 0.200000
  7 -1.465223 4.964629 41.174088 0.443871 0.263632 -0.856433 0.054700 0.469420 2 7 0.800000 87 0.200000
  7 -0.406088 4.017951 41.485363 0.494002 0.286388 -0.820941 0.061850 0.482660 1 7 1.000000
skt
  7 -0.438428 3.977156 41.451550 0.167280 -0.127464 -0.977635 0.062510 0.482240 1 7 1.000000
  7 -1.497930 4.928982 41.146164 0.072499 -0.206884 -0.975675 0.055340 0.468960 2 7 0.800000 87 0.200000
  7 -0.406088 4.017951 41.485363 0.494002 0.286388 -0.820941 0.061850 0.482660 1 7 1.000000
skt
  7 -0.438428 3.977156 41.451550 0.167280 -0.127464 -0.977635 0.062510 0.482240 1 7 1.000000
  7 -0.450555 3.951797 41.466621 -0.415430 -0.652682 -0.633581 0.063330 0.482130 1 7 1.000000
  7 -1.497930 4.928982 41.146164 0.072499 -0.206884 -0.975675 0.055340 0.468960 2 7 0.800000 87 0.200000
skt
  7 -0.450555 3.951797 41.466621 -0.415430 -0.652682 -0.633581 0.063330 0.482130 1 7 1.000000
  7 -1.510425 4.902154 41.175560 -0.440680 -0.698554 -0.563759 0.056150 0.468810 2 7 0.800000 87 0.200000
  7 -1.497930 4.928982 41.146164 0.072499 -0.206884 -0.975675 0.055340 0.468960 2 7 0.800000 87 0.200000
skt
  7 -0.452392 3.877563 41.587894 -0.527899 -0.713603 -0.460536 0.064800 0.482170 1 7 1.000000
  7 -0.453128 3.691240 41.872341 -0.572077 -0.701190 -0.425511 0.068240 0.482450 1 7 1.000000
  7 -1.511895 4.806973 41.362247 -0.538338 -0.745806 -0.392385 0.058350 0.468760 2 7 0.800000 87 0.200000
skt
  7 -0.453128 3.691240 41.872341 -0.572077 -0.701190 -0.425511 0.068240 0.482450 1 7 1.000000
  7 -1.510793 4.566996 41.806190 -0.553663 -0.742520 -0.376990 0.063750 0.468750 2 7 0.800000 87 0.200000
  7 -1.511895 4.806973 41.362247 -0.538338 -0.745806 -0.392385 0.058350 0.468760 2 7 0.800000 87 0.200000
skt
  7 -1.511895 4.806973 41.362247 -0.538338 -0.745806 -0.392385 0.058350 0.468760 2 7 0.800000 87 0.200000
  7 -1.510793 4.566996 41.806190 -0.553663 -0.742520 -0.376990 0.063750 0.468750 2 7 0.800000 87 0.200000
  7 -2.600798 5.356017 41.749596 -0.487786 -0.797623 -0.354770 0.058880 0.454920 2 7 0.600000 87 0.400000
skt
  7 -2.612557 5.640463 41.179600 -0.469104 -0.797780 -0.378798 0.051970 0.455340 2 7 0.600000 87 0.400000
  7 -1.511895 4.806973 41.362247 -0.538338 -0.745806 -0.392385 0.058350 0.468760 2 7 0.800000 87 0.200000
  7 -2.600798 5.356017 41.749596 -0.487786 -0.797623 -0.354770 0.058880 0.454920 2 7 0.600000 87 0.400000
skt
  7 -2.612557 5.640463 41.179600 -0.469104 -0.797780 -0.378798 0.051970 0.455340 2 7 0.600000 87 0.400000
  7 -2.600798 5.356017 41.749596 -0.487786 -0.797623 -0.354770 0.058880 0.454920 2 7 0.600000 87 0.400000
  87 -3.796643 6.282853 41.082581 -0.288161 -0.873085 -0.393302 0.045290 0.442080 2 87 0.600000 7 0.400000
skt
  7 -2.612557 5.640463 41.179600 -0.469104 -0.797780 -0.378798 0.051970 0.455340 2 7 0.600000 87 0.400000
  87 -3.796643 6.282853 41.082581 -0.288161 -0.873085 -0.393302 0.045290 0.442080 2 87 0.600000 7 0.400000
  7 -2.615865 5.752915 40.941093 -0.415740 -0.759986 -0.499581 0.049160 0.455690 2 7 0.600000 87 0.400000
skt
  87 -3.796643 6.282853 41.082581 -0.288161 -0.873085 -0.393302 0.045290 0.442080 2 87 0.600000 7 0.400000
  87 -3.811343 6.404862 40.819817 -0.249704 -0.825177 -0.506686 0.042080 0.442790 2 87 0.600000 7 0.400000
  7 -2.615865 5.752915 40.941093 -0.415740 -0.759986 -0.499581 0.049160 0.455690 2 7 0.600000 87 0.400000
skt
  7 -2.615865 5.752915 40.941093 -0.415740 -0.759986 -0.499581 0.049160 0.455690 2 7 0.600000 87 0.400000
  87 -3.811343 6.404862 40.819817 -0.249704 -0.825177 -0.506686 0.042080 0.442790 2 87 0.600000 7 0.400000
  87 -3.813548 6.442718 40.772411 0.017463 -0.253934 -0.967064 0.041320 0.442940 2 87 0.600000 7 0.400000
skt
  87 -3.813548 6.442718 40.772411 0.017463 -0.253934 -0.967064 0.041320 0.442940 2 87 0.600000 7 0.400000
  87 -3.811343 6.404862 40.819817 -0.249704 -0.825177 -0.506686 0.042080 0.442790 2 87 0.600000 7 0.400000
  87 -4.810575 6.575016 40.759918 0.307843 -0.782149 -0.541734 0.036020 0.431290 2 87 0.800000 7 0.200000
skt
  87 -4.810575 6.575016 40.759918 0.307843 -0.782149 -0.541734 0.036020 0.431290 2 87 0.800000 7 0.200000
  87 -3.811343 6.404862 40.819817 -0.249704 -0.825177 -0.506686 0.042080 0.442790 2 87 0.600000 7 0.400000
  87 -3.796643 6.282853 41.082581 -0.288161 -0.873085 -0.393302 0.045290 0.442080 2 87 0.600000 7 0.400000
skt
  87 -4.777500 6.463296 41.030399 0.318031 -0.858005 -0.403342 0.039820 0.430490 2 87 0.800000 7 0.200000
  87 -4.810575 6.575016 40.759918 0.307843 -0.782149 -0.541734 0.036020 0.431290 2 87 0.800000 7 0.200000
  87 -3.796643 6.282853 41.082581 -0.288161 -0.873085 -0.393302 0.045290 0.442080 2 87 0.600000 7 0.400000
skt
  87 -4.777500 6.463296 41.030399 0.318031 -0.858005 -0.403342 0.039820 0.430490 2 87 0.800000 7 0.200000
  87 -3.796643 6.282853 41.082581 -0.288161 -0.873085 -0.393302 0.045290 0.442080 2 87 0.600000 7 0.400000
  87 -4.691873 6.179954 41.679771 0.286987 -0.877077 -0.385194 0.049190 0.428900 2 87 0.800000 7 0.200000
skt
  87 -4.777500 6.463296 41.030399 0.318031 -0.858005 -0.403342 0.039820 0.430490 2 87 0.800000 7 0.200000
  87 -4.691873 6.179954 41.679771 0.286987 -0.877077 -0.385194 0.049190 0.428900 2 87 0.800000 7 0.200000
  87 -5.270318 5.911677 40.982246 0.934221 -0.222865 -0.278500 0.039350 0.420770 1 87 1.000000
skt
  87 -4.691873 6.179954 41.679771 0.286987 -0.877077 -0.385194 0.049190 0.428900 2 87 0.800000 7 0.200000
  87 -5.120378 5.747405 41.636761 0.944863 -0.214921 -0.247067 0.048830 0.420540 1 87 1.000000
  87 -5.270318 5.911677 40.982246 0.934221 -0.222865 -0.278500 0.039350 0.420770 1 87 1.000000
skt
  87 -5.270318 5.911677 40.982246 0.934221 -0.222865 -0.278500 0.039350 0.420770 1 87 1.000000
  87 -5.120378 5.747405 41.636761 0.944863 -0.214921 -0.247067 0.048830 0.420540 1 87 1.000000
  87 -4.915681 5.055403 41.621338 0.783632 0.615354 -0.085209 0.051050 0.410810 2 87 0.800000 7 0.200000
skt
  87 -4.915681 5.055403 41.621338 0.783632 0.615354 -0.085209 0.051050 0.410810 2 87 0.800000 7 0.200000
  87 -5.120378 5.747405 41.636761 0.944863 -0.214921 -0.247067 0.048830 0.420540 1 87 1.000000
  87 -4.957575 5.520288 42.563225 0.954654 -0.227970 -0.191484 0.062520 0.420230 1 87 1.000000
skt
  87 -4.735605 4.907300 42.525745 0.777044 0.628081 0.041422 0.064170 0.411250 2 87 0.800000 7 0.200000
  87 -4.915681 5.055403 41.621338 0.783632 0.615354 -0.085209 0.051050 0.410810 2 87 0.800000 7 0.200000
  87 -4.957575 5.520288 42.563225 0.954654 -0.227970 -0.191484 0.062520 0.420230 1 87 1.000000
skt
  87 -4.735605 4.907300 42.525745 0.777044 0.628081 0.041422 0.064170 0.411250 2 87 0.800000 7 0.200000
  87 -4.957575 5.520288 42.563225 0.954654 -0.227970 -0.191484 0.062520 0.420230 1 87 1.000000
  87 -4.676070 4.607050 43.568352 0.800645 0.582573 0.139912 0.079060 0.410420 2 87 0.800000 7 0.200000
skt
  87 -4.575743 5.866108 42.583817 0.231862 -0.930073 -0.284962 0.062570 0.427450 2 87 0.800000 7 0.200000
  87 -4.957575 5.520288 42.563225 0.954654 -0.227970 -0.191484 0.062520 0.420230 1 87 1.000000
  87 -4.691873 6.179954 41.679771 0.286987 -0.877077 -0.385194 0.049190 0.428900 2 87 0.800000 7 0.200000
skt
  87 -4.957575 5.520288 42.563225 0.954654 -0.227970 -0.191484 0.062520 0.420230 1 87 1.000000
  87 -5.120378 5.747405 41.636761 0.944863 -0.214921 -0.247067 0.048830 0.420540 1 87 1.000000
  87 -4.691873 6.179954 41.679771 0.286987 -0.877077 -0.385194 0.049190 0.428900 2 87 0.800000 7 0.200000
skt
  7 -2.454165 3.348365 43.983261 0.416166 0.198913 0.887265 0.087120 0.381170 2 7 0.600000 87 0.400000
  7 -2.449020 3.379235 43.943199 0.390269 0.812767 0.432550 0.086370 0.381200 2 7 0.600000 87 0.400000
  87 -3.730124 3.685362 44.473503 0.452856 0.268960 0.850048 0.091590 0.395280 2 87 0.600000 7 0.400000
skt
  7 -2.449020 3.379235 43.943199 0.390269 0.812767 0.432550 0.086370 0.381200 2 7 0.600000 87 0.400000
  87 -3.719100 3.715865 44.415806 0.452892 0.807522 0.377885 0.090800 0.395310 2 87 0.600000 7 0.400000
  87 -3.730124 3.685362 44.473503 0.452856 0.268960 0.850048 0.091590 0.395280 2 87 0.600000 7 0.400000
skt
  87 -3.734168 3.813253 44.120705 0.438656 0.856814 0.271018 0.087340 0.395830 2 87 0.600000 7 0.400000
  87 -3.719100 3.715865 44.415806 0.452892 0.807522 0.377885 0.090800 0.395310 2 87 0.600000 7 0.400000
  7 -2.449020 3.379235 43.943199 0.390269 0.812767 0.432550 0.086370 0.381200 2 7 0.600000 87 0.400000
skt
  87 -4.664310 4.210520 44.779636 0.818323 0.519160 0.246617 0.095500 0.408460 2 87 0.800000 7 0.200000
  87 -3.719100 3.715865 44.415806 0.452892 0.807522 0.377885 0.090800 0.395310 2 87 0.600000 7 0.400000
  87 -3.734168 3.813253 44.120705 0.438656 0.856814 0.271018 0.087340 0.395830 2 87 0.600000 7 0.400000
skt
  87 -4.673498 4.319665 44.427200 0.821061 0.547084 0.162965 0.090860 0.409150 2 87 0.800000 7 0.200000
  87 -4.664310 4.210520 44.779636 0.818323 0.519160 0.246617 0.095500 0.408460 2 87 0.800000 7 0.200000
  87 -3.734168 3.813253 44.120705 0.438656 0.856814 0.271018 0.087340 0.395830 2 87 0.600000 7 0.400000
skt
  87 -4.673498 4.319665 44.427200 0.821061 0.547084 0.162965 0.090860 0.409150 2 87 0.800000 7 0.200000
  87 -4.817925 5.053197 44.552872 0.955514 -0.278165 -0.098062 0.090930 0.418930 1 87 1.000000
  87 -4.664310 4.210520 44.779636 0.818323 0.519160 0.246617 0.095500 0.408460 2 87 0.800000 7 0.200000
skt
  87 -4.673498 4.319665 44.427200 0.821061 0.547084 0.162965 0.090860 0.409150 2 87 0.800000 7 0.200000
  87 -4.676070 4.607050 43.568352 0.800645 0.582573 0.139912 0.079060 0.410420 2 87 0.800000 7 0.200000
  87 -4.817925 5.053197 44.552872 0.955514 -0.278165 -0.098062 0.090930 0.418930 1 87 1.000000
skt
  87 -4.676070 4.607050 43.568352 0.800645 0.582573 0.139912 0.079060 0.410420 2 87 0.800000 7 0.200000
  87 -4.864598 5.262306 43.651028 0.958697 -0.255255 -0.125476 0.078310 0.419620 1 87 1.000000
  87 -4.817925 5.053197 44.552872 0.955514 -0.278165 -0.098062 0.090930 0.418930 1 87 1.000000
skt
  87 -4.957575 5.520288 42.563225 0.954654 -0.227970 -0.191484 0.062520 0.420230 1 87 1.000000
  87 -4.864598 5.262306 43.651028 0.958697 -0.255255 -0.125476 0.078310 0.419620 1 87 1.000000
  87 -4.676070 4.607050 43.568352 0.800645 0.582573 0.139912 0.079060 0.410420 2 87 0.800000 7 0.200000
skt
  87 -4.451159 5.662881 43.618694 0.238578 -0.951587 -0.193810 0.077450 0.427430 2 87 0.800000 7 0.200000
  87 -4.864598 5.262306 43.651028 0.958697 -0.255255 -0.125476 0.078310 0.419620 1 87 1.000000
  87 -4.957575 5.520288 42.563225 0.954654 -0.227970 -0.191484 0.062520 0.420230 1 87 1.000000
skt
  87 -4.575743 5.866108 42.583817 0.231862 -0.930073 -0.284962 0.062570 0.427450 2 87 0.800000 7 0.200000
  87 -4.451159 5.662881 43.618694 0.238578 -0.951587 -0.193810 0.077450 0.427430 2 87 0.800000 7 0.200000
  87 -4.957575 5.520288 42.563225 0.954654 -0.227970 -0.191484 0.062520 0.420230 1 87 1.000000
skt
  87 -4.575743 5.866108 42.583817 0.231862 -0.930073 -0.284962 0.062570 0.427450 2 87 0.800000 7 0.200000
  87 -3.682718 5.635318 42.550743 -0.360569 -0.901413 -0.239676 0.064910 0.439690 2 87 0.600000 7 0.400000
  87 -4.451159 5.662881 43.618694 0.238578 -0.951587 -0.193810 0.077450 0.427430 2 87 0.800000 7 0.200000
skt
  87 -4.575743 5.866108 42.583817 0.231862 -0.930073 -0.284962 0.062570 0.427450 2 87 0.800000 7 0.200000
  87 -4.691873 6.179954 41.679771 0.286987 -0.877077 -0.385194 0.049190 0.428900 2 87 0.800000 7 0.200000
  87 -3.682718 5.635318 42.550743 -0.360569 -0.901413 -0.239676 0.064910 0.439690 2 87 0.600000 7 0.400000
skt
  87 -4.691873 6.179954 41.679771 0.286987 -0.877077 -0.385194 0.049190 0.428900 2 87 0.800000 7 0.200000
  87 -3.756585 5.971581 41.712471 -0.312673 -0.875366 -0.368740 0.053660 0.440460 2 87 0.600000 7 0.400000
  87 -3.682718 5.635318 42.550743 -0.360569 -0.901413 -0.239676 0.064910 0.439690 2 87 0.600000 7 0.400000
skt
  87 -3.796643 6.282853 41.082581 -0.288161 -0.873085 -0.393302 0.045290 0.442080 2 87 0.600000 7 0.400000
  87 -3.756585 5.971581 41.712471 -0.312673 -0.875366 -0.368740 0.053660 0.440460 2 87 0.600000 7 0.400000
  87 -4.691873 6.179954 41.679771 0.286987 -0.877077 -0.385194 0.049190 0.428900 2 87 0.800000 7 0.200000
skt
  7 -2.600798 5.356017 41.749596 -0.487786 -0.797623 -0.354770 0.058880 0.454920 2 7 0.600000 87 0.400000
  87 -3.756585 5.971581 41.712471 -0.312673 -0.875366 -0.368740 0.053660 0.440460 2 87 0.600000 7 0.400000
  87 -3.796643 6.282853 41.082581 -0.288161 -0.873085 -0.393302 0.045290 0.442080 2 87 0.600000 7 0.400000
skt
  87 -3.682718 5.635318 42.550743 -0.360569 -0.901413 -0.239676 0.064910 0.439690 2 87 0.600000 7 0.400000
  87 -3.756585 5.971581 41.712471 -0.312673 -0.875366 -0.368740 0.053660 0.440460 2 87 0.600000 7 0.400000
  7 -2.600798 5.356017 41.749596 -0.487786 -0.797623 -0.354770 0.058880 0.454920 2 7 0.600000 87 0.400000
skt
  7 -2.548980 3.239584 43.867493 -0.273242 -0.959913 -0.062489 0.048360 0.581500 2 7 0.600000 87 0.400000
  7 -1.436925 2.959917 43.396000 -0.271812 -0.959020 -0.079986 0.044450 0.596770 2 7 0.800000 87 0.200000
  7 -1.420755 2.962488 43.443401 -0.035798 -0.905482 0.422871 0.045240 0.596900 2 7 0.800000 87 0.200000
skt
  87 -4.872683 4.255723 44.424625 -0.849425 -0.505123 -0.152732 0.048590 0.551970 2 87 0.800000 7 0.200000
  87 -3.890723 3.689405 44.077339 -0.454463 -0.847606 -0.273912 0.047760 0.564470 2 87 0.600000 7 0.400000
  87 -4.863863 4.144738 44.776684 -0.824404 -0.559496 0.085569 0.052210 0.552080 2 87 0.800000 7 0.200000
skt
  87 -3.890723 3.689405 44.077339 -0.454463 -0.847606 -0.273912 0.047760 0.564470 2 87 0.600000 7 0.400000
  87 -3.876758 3.590547 44.372074 -0.400813 -0.914361 -0.057383 0.051280 0.564380 2 87 0.600000 7 0.400000
  87 -4.863863 4.144738 44.776684 -0.824404 -0.559496 0.085569 0.052210 0.552080 2 87 0.800000 7 0.200000
skt
  87 -4.863863 4.144738 44.776684 -0.824404 -0.559496 0.085569 0.052210 0.552080 2 87 0.800000 7 0.200000
  87 -3.876758 3.590547 44.372074 -0.400813 -0.914361 -0.057383 0.051280 0.564380 2 87 0.600000 7 0.400000
  87 -3.848460 3.591651 44.440796 -0.172255 -0.869258 0.463377 0.052150 0.564490 2 87 0.600000 7 0.400000
skt
  87 -3.848460 3.591651 44.440796 -0.172255 -0.869258 0.463377 0.052150 0.564490 2 87 0.600000 7 0.400000
  87 -3.876758 3.590547 44.372074 -0.400813 -0.914361 -0.057383 0.051280 0.564380 2 87 0.600000 7 0.400000
  7 -2.548980 3.239584 43.867493 -0.273242 -0.959913 -0.062489 0.048360 0.581500 2 7 0.600000 87 0.400000
skt
  7 -2.529502 3.243627 43.926296 -0.053858 -0.898706 0.435232 0.049230 0.581620 2 7 0.600000 87 0.400000
  87 -3.848460 3.591651 44.440796 -0.172255 -0.869258 0.463377 0.052150 0.564490 2 87 0.600000 7 0.400000
  7 -2.548980 3.239584 43.867493 -0.273242 -0.959913 -0.062489 0.048360 0.581500 2 7 0.600000 87 0.400000
skt
  7 -2.529502 3.243627 43.926296 -0.053858 -0.898706 0.435232 0.049230 0.581620 2 7 0.600000 87 0.400000
  7 -2.548980 3.239584 43.867493 -0.273242 -0.959913 -0.062489 0.048360 0.581500 2 7 0.600000 87 0.400000
  7 -1.420755 2.962488 43.443401 -0.035798 -0.905482 0.422871 0.045240 0.596900 2 7 0.800000 87 0.200000
skt
  7 -2.529502 3.243627 43.926296 -0.053858 -0.898706 0.435232 0.049230 0.581620 2 7 0.600000 87 0.400000
  7 -1.420755 2.962488 43.443401 -0.035798 -0.905482 0.422871 0.045240 0.596900 2 7 0.800000 87 0.200000
  7 -2.489445 3.291402 43.971497 0.095120 -0.725089 0.682054 0.050130 0.581930 2 7 0.600000 87 0.400000
skt
  7 -1.420755 2.962488 43.443401 -0.035798 -0.905482 0.422871 0.045240 0.596900 2 7 0.800000 87 0.200000
  7 -1.384373 3.007691 43.485668 0.121834 -0.728457 0.674171 0.046110 0.597230 2 7 0.800000 87 0.200000
  7 -2.489445 3.291402 43.971497 0.095120 -0.725089 0.682054 0.050130 0.581930 2 7 0.600000 87 0.400000
skt
  7 -0.375217 2.753012 43.010853 0.126201 -0.738278 0.662585 0.041600 0.611540 1 7 1.000000
  7 -1.384373 3.007691 43.485668 0.121834 -0.728457 0.674171 0.046110 0.597230 2 7 0.800000 87 0.200000
  7 -1.420755 2.962488 43.443401 -0.035798 -0.905482 0.422871 0.045240 0.596900 2 7 0.800000 87 0.200000
skt
  7 -0.417480 2.715161 42.976677 -0.035775 -0.912809 0.406816 0.040850 0.611110 1 7 1.000000
  7 -0.375217 2.753012 43.010853 0.126201 -0.738278 0.662585 0.041600 0.611540 1 7 1.000000
  7 -1.420755 2.962488 43.443401 -0.035798 -0.905482 0.422871 0.045240 0.596900 2 7 0.800000 87 0.200000
skt
  7 -0.417480 2.715161 42.976677 -0.035775 -0.912809 0.406816 0.040850 0.611110 1 7 1.000000
  7 -1.420755 2.962488 43.443401 -0.035798 -0.905482 0.422871 0.045240 0.596900 2 7 0.800000 87 0.200000
  7 -0.432547 2.716263 42.941029 -0.296351 -0.940823 -0.164400 0.040110 0.610900 1 7 1.000000
skt
  7 -1.420755 2.962488 43.443401 -0.035798 -0.905482 0.422871 0.045240 0.596900 2 7 0.800000 87 0.200000
  7 -1.436925 2.959917 43.396000 -0.271812 -0.959020 -0.079986 0.044450 0.596770 2 7 0.800000 87 0.200000
  7 -0.432547 2.716263 42.941029 -0.296351 -0.940823 -0.164400 0.040110 0.610900 1 7 1.000000
skt
  7 -0.432547 2.716263 42.941029 -0.296351 -0.940823 -0.164400 0.040110 0.610900 1 7 1.000000
  7 -1.436925 2.959917 43.396000 -0.271812 -0.959020 -0.079986 0.044450 0.596770 2 7 0.800000 87 0.200000
  7 -1.453830 3.018718 43.226212 -0.336487 -0.899706 -0.278038 0.042110 0.596620 2 7 0.800000 87 0.200000
skt
  7 -1.453830 3.018718 43.226212 -0.336487 -0.899706 -0.278038 0.042110 0.596620 2 7 0.800000 87 0.200000
  7 -1.436925 2.959917 43.396000 -0.271812 -0.959020 -0.079986 0.044450 0.596770 2 7 0.800000 87 0.200000
  7 -2.548980 3.239584 43.867493 -0.273242 -0.959913 -0.062489 0.048360 0.581500 2 7 0.600000 87 0.400000
skt
  7 -2.571397 3.311248 43.642952 -0.339619 -0.903383 -0.261835 0.045420 0.581430 2 7 0.600000 87 0.400000
  7 -1.453830 3.018718 43.226212 -0.336487 -0.899706 -0.278038 0.042110 0.596620 2 7 0.800000 87 0.200000
  7 -2.548980 3.239584 43.867493 -0.273242 -0.959913 -0.062489 0.048360 0.581500 2 7 0.600000 87 0.400000
skt
  7 -2.571397 3.311248 43.642952 -0.339619 -0.903383 -0.261835 0.045420 0.581430 2 7 0.600000 87 0.400000
  7 -2.548980 3.239584 43.867493 -0.273242 -0.959913 -0.062489 0.048360 0.581500 2 7 0.600000 87 0.400000
  87 -3.890723 3.689405 44.077339 -0.454463 -0.847606 -0.273912 0.047760 0.564470 2 87 0.600000 7 0.400000
skt
  7 -2.571397 3.311248 43.642952 -0.339619 -0.903383 -0.261835 0.045420 0.581430 2 7 0.600000 87 0.400000
  87 -3.890723 3.689405 44.077339 -0.454463 -0.847606 -0.273912 0.047760 0.564470 2 87 0.600000 7 0.400000
  7 -2.620275 3.491322 43.100891 -0.346956 -0.900688 -0.261502 0.038310 0.581090 2 7 0.600000 87 0.400000
skt
  7 -2.571397 3.311248 43.642952 -0.339619 -0.903383 -0.261835 0.045420 0.581430 2 7 0.600000 87 0.400000
  7 -2.620275 3.491322 43.100891 -0.346956 -0.900688 -0.261502 0.038310 0.581090 2 7 0.600000 87 0.400000
  7 -1.453830 3.018718 43.226212 -0.336487 -0.899706 -0.278038 0.042110 0.596620 2 7 0.800000 87 0.200000
skt
  7 -2.548980 3.239584 43.867493 -0.273242 -0.959913 -0.062489 0.048360 0.581500 2 7 0.600000 87 0.400000
  87 -3.876758 3.590547 44.372074 -0.400813 -0.914361 -0.057383 0.051280 0.564380 2 87 0.600000 7 0.400000
  87 -3.890723 3.689405 44.077339 -0.454463 -0.847606 -0.273912 0.047760 0.564470 2 87 0.600000 7 0.400000
skt
  87 -3.848460 3.591651 44.440796 -0.172255 -0.869258 0.463377 0.052150 0.564490 2 87 0.600000 7 0.400000
  87 -3.786354 3.633544 44.478279 0.033275 -0.693377 0.719807 0.053060 0.564900 2 87 0.600000 7 0.400000
  87 -4.751775 4.156867 44.877373 -0.164645 -0.489943 0.856065 0.053800 0.552340 2 87 0.800000 7 0.200000
skt
  7 -2.489445 3.291402 43.971497 0.095120 -0.725089 0.682054 0.050130 0.581930 2 7 0.600000 87 0.400000
  87 -3.786354 3.633544 44.478279 0.033275 -0.693377 0.719807 0.053060 0.564900 2 87 0.600000 7 0.400000
  87 -3.848460 3.591651 44.440796 -0.172255 -0.869258 0.463377 0.052150 0.564490 2 87 0.600000 7 0.400000
skt
  7 -2.529502 3.243627 43.926296 -0.053858 -0.898706 0.435232 0.049230 0.581620 2 7 0.600000 87 0.400000
  7 -2.489445 3.291402 43.971497 0.095120 -0.725089 0.682054 0.050130 0.581930 2 7 0.600000 87 0.400000
  87 -3.848460 3.591651 44.440796 -0.172255 -0.869258 0.463377 0.052150 0.564490 2 87 0.600000 7 0.400000
skt
  7 -0.436957 2.768447 42.818283 -0.350760 -0.873056 -0.338733 0.038370 0.610820 1 7 1.000000
  7 -1.453830 3.018718 43.226212 -0.336487 -0.899706 -0.278038 0.042110 0.596620 2 7 0.800000 87 0.200000
  7 -0.448718 2.883109 42.522076 -0.317317 -0.892276 -0.321175 0.034190 0.610660 1 7 1.000000
skt
  7 -0.436957 2.768447 42.818283 -0.350760 -0.873056 -0.338733 0.038370 0.610820 1 7 1.000000
  7 -0.432547 2.716263 42.941029 -0.296351 -0.940823 -0.164400 0.040110 0.610900 1 7 1.000000
  7 -1.453830 3.018718 43.226212 -0.336487 -0.899706 -0.278038 0.042110 0.596620 2 7 0.800000 87 0.200000
skt
  7 -2.620275 3.491322 43.100891 -0.346956 -0.900688 -0.261502 0.038310 0.581090 2 7 0.600000 87 0.400000
  7 -1.493520 3.156897 42.817181 -0.325829 -0.905265 -0.272635 0.036550 0.596270 2 7 0.800000 87 0.200000
  7 -1.453830 3.018718 43.226212 -0.336487 -0.899706 -0.278038 0.042110 0.596620 2 7 0.800000 87 0.200000
skt
  7 -1.453830 3.018718 43.226212 -0.336487 -0.899706 -0.278038 0.042110 0.596620 2 7 0.800000 87 0.200000
  7 -1.493520 3.156897 42.817181 -0.325829 -0.905265 -0.272635 0.036550 0.596270 2 7 0.800000 87 0.200000
  7 -0.448718 2.883109 42.522076 -0.317317 -0.892276 -0.321175 0.034190 0.610660 1 7 1.000000
skt
  7 -0.448718 2.883109 42.522076 -0.317317 -0.892276 -0.321175 0.034190 0.610660 1 7 1.000000
  7 -1.493520 3.156897 42.817181 -0.325829 -0.905265 -0.272635 0.036550 0.596270 2 7 0.800000 87 0.200000
  7 -1.535783 3.333297 42.278793 -0.298115 -0.914021 -0.275122 0.029280 0.595810 2 7 0.800000 87 0.200000
skt
  7 -0.456802 3.034151 42.142448 -0.291289 -0.884041 -0.365543 0.028820 0.610490 1 7 1.000000
  7 -0.448718 2.883109 42.522076 -0.317317 -0.892276 -0.321175 0.034190 0.610660 1 7 1.000000
  7 -1.535783 3.333297 42.278793 -0.298115 -0.914021 -0.275122 0.029280 0.595810 2 7 0.800000 87 0.200000
skt
  7 -0.456802 3.034151 42.142448 -0.291289 -0.884041 -0.365543 0.028820 0.610490 1 7 1.000000
  7 -1.535783 3.333297 42.278793 -0.298115 -0.914021 -0.275122 0.029280 0.595810 2 7 0.800000 87 0.200000
  7 -0.450922 3.194748 41.769806 -0.241790 -0.900027 -0.362613 0.023500 0.610410 1 7 1.000000
skt
  7 -2.683485 3.704840 42.393818 -0.347510 -0.912512 -0.215772 0.029170 0.580570 2 7 0.600000 87 0.400000
  7 -1.535783 3.333297 42.278793 -0.298115 -0.914021 -0.275122 0.029280 0.595810 2 7 0.800000 87 0.200000
  7 -2.620275 3.491322 43.100891 -0.346956 -0.900688 -0.261502 0.038310 0.581090 2 7 0.600000 87 0.400000
skt
  7 -1.535783 3.333297 42.278793 -0.298115 -0.914021 -0.275122 0.029280 0.595810 2 7 0.800000 87 0.200000
  7 -1.493520 3.156897 42.817181 -0.325829 -0.905265 -0.272635 0.036550 0.596270 2 7 0.800000 87 0.200000
  7 -2.620275 3.491322 43.100891 -0.346956 -0.900688 -0.261502 0.038310 0.581090 2 7 0.600000 87 0.400000
skt
  87 -5.339777 5.097296 40.647461 -0.595708 -0.371490 -0.712129 0.005810 0.548700 2 87 0.800000 7 0.200000
  87 -4.260060 4.485776 40.694496 -0.169389 -0.539526 -0.824754 0.006960 0.561940 2 87 0.600000 7 0.400000
  87 -5.359253 5.075249 40.708462 -0.827514 -0.542674 -0.143962 0.006500 0.548700 2 87 0.800000 7 0.200000
skt
  87 -5.339777 5.097296 40.647461 -0.595708 -0.371490 -0.712129 0.005810 0.548700 2 87 0.800000 7 0.200000
  87 -5.268115 5.128166 40.626141 -0.211774 -0.176701 -0.961212 0.005090 0.548960 2 87 0.800000 7 0.200000
  87 -4.260060 4.485776 40.694496 -0.169389 -0.539526 -0.824754 0.006960 0.561940 2 87 0.600000 7 0.400000
skt
  87 -5.268115 5.128166 40.626141 -0.211774 -0.176701 -0.961212 0.005090 0.548960 2 87 0.800000 7 0.200000
  87 -4.206773 4.539433 40.688622 0.034174 -0.142308 -0.989232 0.006120 0.562390 2 87 0.600000 7 0.400000
  87 -4.260060 4.485776 40.694496 -0.169389 -0.539526 -0.824754 0.006960 0.561940 2 87 0.600000 7 0.400000
skt
  87 -4.260060 4.485776 40.694496 -0.169389 -0.539526 -0.824754 0.006960 0.561940 2 87 0.600000 7 0.400000
  87 -4.206773 4.539433 40.688622 0.034174 -0.142308 -0.989232 0.006120 0.562390 2 87 0.600000 7 0.400000
  7 -2.781608 4.135918 40.837460 0.151014 0.028190 -0.988130 0.008300 0.579410 2 7 0.600000 87 0.400000
skt
  7 -2.810272 4.074179 40.831215 -0.003690 -0.442302 -0.896859 0.009140 0.579110 2 7 0.600000 87 0.400000
  87 -4.260060 4.485776 40.694496 -0.169389 -0.539526 -0.824754 0.006960 0.561940 2 87 0.600000 7 0.400000
  7 -2.781608 4.135918 40.837460 0.151014 0.028190 -0.988130 0.008300 0.579410 2 7 0.600000 87 0.400000
skt
  7 -2.810272 4.074179 40.831215 -0.003690 -0.442302 -0.896859 0.009140 0.579110 2 7 0.600000 87 0.400000
  7 -2.781608 4.135918 40.837460 0.151014 0.028190 -0.988130 0.008300 0.579410 2 7 0.600000 87 0.400000
  7 -1.567388 3.723948 41.061634 0.092349 -0.363115 -0.927157 0.012620 0.595260 2 7 0.800000 87 0.200000
skt
  7 -2.810272 4.074179 40.831215 -0.003690 -0.442302 -0.896859 0.009140 0.579110 2 7 0.600000 87 0.400000
  7 -1.567388 3.723948 41.061634 0.092349 -0.363115 -0.927157 0.012620 0.595260 2 7 0.800000 87 0.200000
  7 -2.819092 4.044042 40.876785 -0.208554 -0.899178 -0.384687 0.010030 0.579040 2 7 0.600000 87 0.400000
skt
  7 -1.567388 3.723948 41.061634 0.092349 -0.363115 -0.927157 0.012620 0.595260 2 7 0.800000 87 0.200000
  7 -1.575105 3.693079 41.096180 -0.142692 -0.861883 -0.486618 0.013480 0.595190 2 7 0.800000 87 0.200000
  7 -2.819092 4.044042 40.876785 -0.208554 -0.899178 -0.384687 0.010030 0.579040 2 7 0.600000 87 0.400000
skt
  7 -2.819092 4.044042 40.876785 -0.208554 -0.899178 -0.384687 0.010030 0.579040 2 7 0.600000 87 0.400000
  7 -1.575105 3.693079 41.096180 -0.142692 -0.861883 -0.486618 0.013480 0.595190 2 7 0.800000 87 0.200000
  7 -1.571430 3.639792 41.281399 -0.233055 -0.934910 -0.267635 0.015940 0.595270 2 7 0.800000 87 0.200000
skt
  7 -1.571430 3.639792 41.281399 -0.233055 -0.934910 -0.267635 0.015940 0.595270 2 7 0.800000 87 0.200000
  7 -1.575105 3.693079 41.096180 -0.142692 -0.861883 -0.486618 0.013480 0.595190 2 7 0.800000 87 0.200000
  7 -0.437325 3.373720 41.361145 -0.095849 -0.802969 -0.588264 0.017660 0.610370 1 7 1.000000
skt
  7 -0.441000 3.322270 41.483158 -0.181775 -0.899546 -0.397208 0.019400 0.610380 1 7 1.000000
  7 -1.571430 3.639792 41.281399 -0.233055 -0.934910 -0.267635 0.015940 0.595270 2 7 0.800000 87 0.200000
  7 -0.437325 3.373720 41.361145 -0.095849 -0.802969 -0.588264 0.017660 0.610370 1 7 1.000000
skt
  7 -0.441000 3.322270 41.483158 -0.181775 -0.899546 -0.397208 0.019400 0.610380 1 7 1.000000
  7 -0.450922 3.194748 41.769806 -0.241790 -0.900027 -0.362613 0.023500 0.610410 1 7 1.000000
  7 -1.571430 3.639792 41.281399 -0.233055 -0.934910 -0.267635 0.015940 0.595270 2 7 0.800000 87 0.200000
skt
  7 -0.450922 3.194748 41.769806 -0.241790 -0.900027 -0.362613 0.023500 0.610410 1 7 1.000000
  7 -1.560037 3.507123 41.720932 -0.262686 -0.924987 -0.274582 0.021800 0.595520 2 7 0.800000 87 0.200000
  7 -1.571430 3.639792 41.281399 -0.233055 -0.934910 -0.267635 0.015940 0.595270 2 7 0.800000 87 0.200000
skt
  7 -1.535783 3.333297 42.278793 -0.298115 -0.914021 -0.275122 0.029280 0.595810 2 7 0.800000 87 0.200000
  7 -1.560037 3.507123 41.720932 -0.262686 -0.924987 -0.274582 0.021800 0.595520 2 7 0.800000 87 0.200000
  7 -0.450922 3.194748 41.769806 -0.241790 -0.900027 -0.362613 0.023500 0.610410 1 7 1.000000
skt
  7 -2.750003 3.877197 41.674255 -0.304921 -0.935880 -0.176501 0.020030 0.579890 2 7 0.600000 87 0.400000
  7 -1.560037 3.507123 41.720932 -0.262686 -0.924987 -0.274582 0.021800 0.595520 2 7 0.800000 87 0.200000
  7 -1.535783 3.333297 42.278793 -0.298115 -0.914021 -0.275122 0.029280 0.595810 2 7 0.800000 87 0.200000
skt
  7 -2.683485 3.704840 42.393818 -0.347510 -0.912512 -0.215772 0.029170 0.580570 2 7 0.600000 87 0.400000
  7 -2.750003 3.877197 41.674255 -0.304921 -0.935880 -0.176501 0.020030 0.579890 2 7 0.600000 87 0.400000
  7 -1.535783 3.333297 42.278793 -0.298115 -0.914021 -0.275122 0.029280 0.595810 2 7 0.800000 87 0.200000
skt
  7 -2.683485 3.704840 42.393818 -0.347510 -0.912512 -0.215772 0.029170 0.580570 2 7 0.600000 87 0.400000
  87 -3.969000 4.220442 42.466957 -0.452444 -0.877225 -0.160532 0.028110 0.563840 2 87 0.600000 7 0.400000
  7 -2.750003 3.877197 41.674255 -0.304921 -0.935880 -0.176501 0.020030 0.579890 2 7 0.600000 87 0.400000
skt
  7 -2.683485 3.704840 42.393818 -0.347510 -0.912512 -0.215772 0.029170 0.580570 2 7 0.600000 87 0.400000
  7 -2.620275 3.491322 43.100891 -0.346956 -0.900688 -0.261502 0.038310 0.581090 2 7 0.600000 87 0.400000
  87 -3.969000 4.220442 42.466957 -0.452444 -0.877225 -0.160532 0.028110 0.563840 2 87 0.600000 7 0.400000
skt
  7 -2.781608 4.135918 40.837460 0.151014 0.028190 -0.988130 0.008300 0.579410 2 7 0.600000 87 0.400000
  7 -1.544970 3.788630 41.073032 0.236426 0.088581 -0.967603 0.011770 0.595550 2 7 0.800000 87 0.200000
  7 -1.567388 3.723948 41.061634 0.092349 -0.363115 -0.927157 0.012620 0.595260 2 7 0.800000 87 0.200000
skt
  7 -1.567388 3.723948 41.061634 0.092349 -0.363115 -0.927157 0.012620 0.595260 2 7 0.800000 87 0.200000
  7 -1.544970 3.788630 41.073032 0.236426 0.088581 -0.967603 0.011770 0.595550 2 7 0.800000 87 0.200000
  7 -0.402045 3.469638 41.351959 0.259633 0.092319 -0.961284 0.016000 0.610880 1 7 1.000000
skt
  7 -0.427770 3.404593 41.338726 0.156797 -0.265785 -0.951195 0.016840 0.610500 1 7 1.000000
  7 -1.567388 3.723948 41.061634 0.092349 -0.363115 -0.927157 0.012620 0.595260 2 7 0.800000 87 0.200000
  7 -0.402045 3.469638 41.351959 0.259633 0.092319 -0.961284 0.016000 0.610880 1 7 1.000000
skt
  7 -0.427770 3.404593 41.338726 0.156797 -0.265785 -0.951195 0.016840 0.610500 1 7 1.000000
  7 -0.437325 3.373720 41.361145 -0.095849 -0.802969 -0.588264 0.017660 0.610370 1 7 1.000000
  7 -1.567388 3.723948 41.061634 0.092349 -0.363115 -0.927157 0.012620 0.595260 2 7 0.800000 87 0.200000
skt
  7 -0.437325 3.373720 41.361145 -0.095849 -0.802969 -0.588264 0.017660 0.610370 1 7 1.000000
  7 -1.575105 3.693079 41.096180 -0.142692 -0.861883 -0.486618 0.013480 0.595190 2 7 0.800000 87 0.200000
  7 -1.567388 3.723948 41.061634 0.092349 -0.363115 -0.927157 0.012620 0.595260 2 7 0.800000 87 0.200000
skt
  87 -4.933321 4.851072 42.525745 -0.813868 -0.580518 -0.024834 0.026860 0.550090 2 87 0.800000 7 0.200000
  87 -3.969000 4.220442 42.466957 -0.452444 -0.877225 -0.160532 0.028110 0.563840 2 87 0.600000 7 0.400000
  87 -4.874520 4.547884 43.566887 -0.834396 -0.535771 -0.129358 0.039330 0.551200 2 87 0.800000 7 0.200000
skt
  87 -3.969000 4.220442 42.466957 -0.452444 -0.877225 -0.160532 0.028110 0.563840 2 87 0.600000 7 0.400000
  87 -3.909832 3.947758 43.362183 -0.461633 -0.847727 -0.261255 0.039030 0.564480 2 87 0.600000 7 0.400000
  87 -4.874520 4.547884 43.566887 -0.834396 -0.535771 -0.129358 0.039330 0.551200 2 87 0.800000 7 0.200000
skt
  87 -4.429111 5.717639 44.511715 -0.287876 0.946527 0.145648 0.047920 0.535390 2 87 0.800000 7 0.200000
  87 -4.386847 5.675745 44.857910 -0.243701 0.916559 0.317063 0.051370 0.535720 2 87 0.800000 7 0.200000
  87 -3.447518 5.523965 44.192001 0.368339 0.927457 0.064420 0.048160 0.524360 2 87 0.600000 7 0.400000
skt
  87 -4.429111 5.717639 44.511715 -0.287876 0.946527 0.145648 0.047920 0.535390 2 87 0.800000 7 0.200000
  87 -3.447518 5.523965 44.192001 0.368339 0.927457 0.064420 0.048160 0.524360 2 87 0.600000 7 0.400000
  87 -4.530171 5.812819 43.668678 -0.274109 0.944338 0.181909 0.039050 0.534730 2 87 0.800000 7 0.200000
skt
  87 -4.429111 5.717639 44.511715 -0.287876 0.946527 0.145648 0.047920 0.535390 2 87 0.800000 7 0.200000
  87 -4.530171 5.812819 43.668678 -0.274109 0.944338 0.181909 0.039050 0.534730 2 87 0.800000 7 0.200000
  87 -4.978156 5.113469 44.579334 -0.948542 0.299328 0.103295 0.048550 0.543360 1 87 1.000000
skt
  87 -4.530171 5.812819 43.668678 -0.274109 0.944338 0.181909 0.039050 0.534730 2 87 0.800000 7 0.200000
  87 -5.025196 5.314489 43.680790 -0.950454 0.282309 0.130151 0.038920 0.542520 1 87 1.000000
  87 -4.978156 5.113469 44.579334 -0.948542 0.299328 0.103295 0.048550 0.543360 1 87 1.000000
skt
  87 -4.978156 5.113469 44.579334 -0.948542 0.299328 0.103295 0.048550 0.543360 1 87 1.000000
  87 -5.025196 5.314489 43.680790 -0.950454 0.282309 0.130151 0.038920 0.542520 1 87 1.000000
  87 -4.874520 4.547884 43.566887 -0.834396 -0.535771 -0.129358 0.039330 0.551200 2 87 0.800000 7 0.200000
skt
  87 -4.874520 4.547884 43.566887 -0.834396 -0.535771 -0.129358 0.039330 0.551200 2 87 0.800000 7 0.200000
  87 -5.025196 5.314489 43.680790 -0.950454 0.282309 0.130151 0.038920 0.542520 1 87 1.000000
  87 -5.118908 5.566227 42.597401 -0.946584 0.256553 0.195342 0.026240 0.541290 1 87 1.000000
skt
  87 -4.933321 4.851072 42.525745 -0.813868 -0.580518 -0.024834 0.026860 0.550090 2 87 0.800000 7 0.200000
  87 -4.874520 4.547884 43.566887 -0.834396 -0.535771 -0.129358 0.039330 0.551200 2 87 0.800000 7 0.200000
  87 -5.118908 5.566227 42.597401 -0.946584 0.256553 0.195342 0.026240 0.541290 1 87 1.000000
skt
  87 -4.933321 4.851072 42.525745 -0.813868 -0.580518 -0.024834 0.026860 0.550090 2 87 0.800000 7 0.200000
  87 -5.118908 5.566227 42.597401 -0.946584 0.256553 0.195342 0.026240 0.541290 1 87 1.000000
  87 -5.113029 4.994030 41.623169 -0.811080 -0.575535 0.104448 0.016160 0.549400 2 87 0.800000 7 0.200000
skt
  87 -4.933321 4.851072 42.525745 -0.813868 -0.580518 -0.024834 0.026860 0.550090 2 87 0.800000 7 0.200000
  87 -5.113029 4.994030 41.623169 -0.811080 -0.575535 0.104448 0.016160 0.549400 2 87 0.800000 7 0.200000
  87 -3.969000 4.220442 42.466957 -0.452444 -0.877225 -0.160532 0.028110 0.563840 2 87 0.600000 7 0.400000
skt
  87 -5.113029 4.994030 41.623169 -0.811080 -0.575535 0.104448 0.016160 0.549400 2 87 0.800000 7 0.200000
  87 -4.101667 4.363400 41.631992 -0.434689 -0.899569 -0.042681 0.018040 0.563020 2 87 0.600000 7 0.400000
  87 -3.969000 4.220442 42.466957 -0.452444 -0.877225 -0.160532 0.028110 0.563840 2 87 0.600000 7 0.400000
skt
  87 -3.969000 4.220442 42.466957 -0.452444 -0.877225 -0.160532 0.028110 0.563840 2 87 0.600000 7 0.400000
  87 -4.101667 4.363400 41.631992 -0.434689 -0.899569 -0.042681 0.018040 0.563020 2 87 0.600000 7 0.400000
  7 -2.750003 3.877197 41.674255 -0.304921 -0.935880 -0.176501 0.020030 0.579890 2 7 0.600000 87 0.400000
skt
  7 -2.750003 3.877197 41.674255 -0.304921 -0.935880 -0.176501 0.020030 0.579890 2 7 0.600000 87 0.400000
  87 -4.101667 4.363400 41.631992 -0.434689 -0.899569 -0.042681 0.018040 0.563020 2 87 0.600000 7 0.400000
  87 -4.229927 4.425875 41.009079 -0.404430 -0.914156 -0.027492 0.010740 0.562210 2 87 0.600000 7 0.400000
skt
  7 -2.801453 3.994797 41.111984 -0.261534 -0.948860 -0.176816 0.012970 0.579300 2 7 0.600000 87 0.400000
  7 -2.750003 3.877197 41.674255 -0.304921 -0.935880 -0.176501 0.020030 0.579890 2 7 0.600000 87 0.400000
  87 -4.229927 4.425875 41.009079 -0.404430 -0.914156 -0.027492 0.010740 0.562210 2 87 0.600000 7 0.400000
skt
  7 -2.801453 3.994797 41.111984 -0.261534 -0.948860 -0.176816 0.012970 0.579300 2 7 0.600000 87 0.400000
  87 -4.229927 4.425875 41.009079 -0.404430 -0.914156 -0.027492 0.010740 0.562210 2 87 0.600000 7 0.400000
  7 -2.819092 4.044042 40.876785 -0.208554 -0.899178 -0.384687 0.010030 0.579040 2 7 0.600000 87 0.400000
skt
  7 -2.801453 3.994797 41.111984 -0.261534 -0.948860 -0.176816 0.012970 0.579300 2 7 0.600000 87 0.400000
  7 -2.819092 4.044042 40.876785 -0.208554 -0.899178 -0.384687 0.010030 0.579040 2 7 0.600000 87 0.400000
  7 -1.571430 3.639792 41.281399 -0.233055 -0.934910 -0.267635 0.015940 0.595270 2 7 0.800000 87 0.200000
skt
  7 -2.801453 3.994797 41.111984 -0.261534 -0.948860 -0.176816 0.012970 0.579300 2 7 0.600000 87 0.400000
  7 -1.571430 3.639792 41.281399 -0.233055 -0.934910 -0.267635 0.015940 0.595270 2 7 0.800000 87 0.200000
  7 -2.750003 3.877197 41.674255 -0.304921 -0.935880 -0.176501 0.020030 0.579890 2 7 0.600000 87 0.400000
skt
  7 -1.571430 3.639792 41.281399 -0.233055 -0.934910 -0.267635 0.015940 0.595270 2 7 0.800000 87 0.200000
  7 -1.560037 3.507123 41.720932 -0.262686 -0.924987 -0.274582 0.021800 0.595520 2 7 0.800000 87 0.200000
  7 -2.750003 3.877197 41.674255 -0.304921 -0.935880 -0.176501 0.020030 0.579890 2 7 0.600000 87 0.400000
skt
  87 -4.229927 4.425875 41.009079 -0.404430 -0.914156 -0.027492 0.010740 0.562210 2 87 0.600000 7 0.400000
  87 -4.101667 4.363400 41.631992 -0.434689 -0.899569 -0.042681 0.018040 0.563020 2 87 0.600000 7 0.400000
  87 -5.113029 4.994030 41.623169 -0.811080 -0.575535 0.104448 0.016160 0.549400 2 87 0.800000 7 0.200000
skt
  87 -5.118908 5.566227 42.597401 -0.946584 0.256553 0.195342 0.026240 0.541290 1 87 1.000000
  87 -5.025196 5.314489 43.680790 -0.950454 0.282309 0.130151 0.038920 0.542520 1 87 1.000000
  87 -4.530171 5.812819 43.668678 -0.274109 0.944338 0.181909 0.039050 0.534730 2 87 0.800000 7 0.200000
skt
  87 -4.429111 5.717639 44.511715 -0.287876 0.946527 0.145648 0.047920 0.535390 2 87 0.800000 7 0.200000
  87 -4.978156 5.113469 44.579334 -0.948542 0.299328 0.103295 0.048550 0.543360 1 87 1.000000
  87 -4.386847 5.675745 44.857910 -0.243701 0.916559 0.317063 0.051370 0.535720 2 87 0.800000 7 0.200000
skt
  87 -4.978156 5.113469 44.579334 -0.948542 0.299328 0.103295 0.048550 0.543360 1 87 1.000000
  87 -4.953900 5.034090 44.947571 -0.918063 0.282062 0.278570 0.052130 0.543610 1 87 1.000000
  87 -4.386847 5.675745 44.857910 -0.243701 0.916559 0.317063 0.051370 0.535720 2 87 0.800000 7 0.200000
skt
  87 -4.229927 4.425875 41.009079 -0.404430 -0.914156 -0.027492 0.010740 0.562210 2 87 0.600000 7 0.400000
  87 -4.275128 4.457113 40.748890 -0.365462 -0.887209 -0.281599 0.007760 0.561850 2 87 0.600000 7 0.400000
  7 -2.819092 4.044042 40.876785 -0.208554 -0.899178 -0.384687 0.010030 0.579040 2 7 0.600000 87 0.400000
skt
  87 -3.447518 5.523965 44.192001 0.368339 0.927457 0.064420 0.048160 0.524360 2 87 0.600000 7 0.400000
  87 -3.557400 5.608123 43.496315 0.360501 0.927519 0.098728 0.040190 0.523240 2 87 0.600000 7 0.400000
  87 -4.530171 5.812819 43.668678 -0.274109 0.944338 0.181909 0.039050 0.534730 2 87 0.800000 7 0.200000
skt
  87 -5.118908 5.566227 42.597401 -0.946584 0.256553 0.195342 0.026240 0.541290 1 87 1.000000
  87 -5.282078 5.797019 41.675716 -0.936699 0.240272 0.254685 0.015450 0.540370 1 87 1.000000
  87 -5.113029 4.994030 41.623169 -0.811080 -0.575535 0.104448 0.016160 0.549400 2 87 0.800000 7 0.200000
skt
  7 -2.810272 4.074179 40.831215 -0.003690 -0.442302 -0.896859 0.009140 0.579110 2 7 0.600000 87 0.400000
  7 -2.819092 4.044042 40.876785 -0.208554 -0.899178 -0.384687 0.010030 0.579040 2 7 0.600000 87 0.400000
  87 -4.260060 4.485776 40.694496 -0.169389 -0.539526 -0.824754 0.006960 0.561940 2 87 0.600000 7 0.400000
skt
  7 -2.819092 4.044042 40.876785 -0.208554 -0.899178 -0.384687 0.010030 0.579040 2 7 0.600000 87 0.400000
  87 -4.275128 4.457113 40.748890 -0.365462 -0.887209 -0.281599 0.007760 0.561850 2 87 0.600000 7 0.400000
  87 -4.260060 4.485776 40.694496 -0.169389 -0.539526 -0.824754 0.006960 0.561940 2 87 0.600000 7 0.400000
skt
  87 -4.260060 4.485776 40.694496 -0.169389 -0.539526 -0.824754 0.006960 0.561940 2 87 0.600000 7 0.400000
  87 -4.275128 4.457113 40.748890 -0.365462 -0.887209 -0.281599 0.007760 0.561850 2 87 0.600000 7 0.400000
  87 -5.359253 5.075249 40.708462 -0.827514 -0.542674 -0.143962 0.006500 0.548700 2 87 0.800000 7 0.200000
skt
  87 -5.359253 5.075249 40.708462 -0.827514 -0.542674 -0.143962 0.006500 0.548700 2 87 0.800000 7 0.200000
  87 -4.275128 4.457113 40.748890 -0.365462 -0.887209 -0.281599 0.007760 0.561850 2 87 0.600000 7 0.400000
  87 -4.229927 4.425875 41.009079 -0.404430 -0.914156 -0.027492 0.010740 0.562210 2 87 0.600000 7 0.400000
skt
  87 -5.294208 5.045847 40.977474 -0.810379 -0.564653 0.156372 0.009290 0.548920 2 87 0.800000 7 0.200000
  87 -5.359253 5.075249 40.708462 -0.827514 -0.542674 -0.143962 0.006500 0.548700 2 87 0.800000 7 0.200000
  87 -4.229927 4.425875 41.009079 -0.404430 -0.914156 -0.027492 0.010740 0.562210 2 87 0.600000 7 0.400000
skt
  87 -5.294208 5.045847 40.977474 -0.810379 -0.564653 0.156372 0.009290 0.548920 2 87 0.800000 7 0.200000
  87 -4.229927 4.425875 41.009079 -0.404430 -0.914156 -0.027492 0.010740 0.562210 2 87 0.600000 7 0.400000
  87 -5.113029 4.994030 41.623169 -0.811080 -0.575535 0.104448 0.016160 0.549400 2 87 0.800000 7 0.200000
skt
  87 -5.294208 5.045847 40.977474 -0.810379 -0.564653 0.156372 0.009290 0.548920 2 87 0.800000 7 0.200000
  87 -5.113029 4.994030 41.623169 -0.811080 -0.575535 0.104448 0.016160 0.549400 2 87 0.800000 7 0.200000
  87 -5.432384 5.967538 41.024139 -0.928045 0.241149 0.283864 0.008300 0.539880 1 87 1.000000
skt
  87 -5.113029 4.994030 41.623169 -0.811080 -0.575535 0.104448 0.016160 0.549400 2 87 0.800000 7 0.200000
  87 -5.282078 5.797019 41.675716 -0.936699 0.240272 0.254685 0.015450 0.540370 1 87 1.000000
  87 -5.432384 5.967538 41.024139 -0.928045 0.241149 0.283864 0.008300 0.539880 1 87 1.000000
skt
  87 -5.432384 5.967538 41.024139 -0.928045 0.241149 0.283864 0.008300 0.539880 1 87 1.000000
  87 -5.282078 5.797019 41.675716 -0.936699 0.240272 0.254685 0.015450 0.540370 1 87 1.000000
  87 -4.773825 6.321442 41.747391 -0.306690 0.865794 0.395400 0.015970 0.532440 2 87 0.800000 7 0.200000
skt
  87 -4.773825 6.321442 41.747391 -0.306690 0.865794 0.395400 0.015970 0.532440 2 87 0.800000 7 0.200000
  87 -5.282078 5.797019 41.675716 -0.936699 0.240272 0.254685 0.015450 0.540370 1 87 1.000000
  87 -5.118908 5.566227 42.597401 -0.946584 0.256553 0.195342 0.026240 0.541290 1 87 1.000000
skt
  87 -4.656225 6.000978 42.642609 -0.266448 0.920381 0.286190 0.026900 0.533790 2 87 0.800000 7 0.200000
  87 -4.773825 6.321442 41.747391 -0.306690 0.865794 0.395400 0.015970 0.532440 2 87 0.800000 7 0.200000
  87 -5.118908 5.566227 42.597401 -0.946584 0.256553 0.195342 0.026240 0.541290 1 87 1.000000
skt
  87 -4.656225 6.000978 42.642609 -0.266448 0.920381 0.286190 0.026900 0.533790 2 87 0.800000 7 0.200000
  87 -5.118908 5.566227 42.597401 -0.946584 0.256553 0.195342 0.026240 0.541290 1 87 1.000000
  87 -4.530171 5.812819 43.668678 -0.274109 0.944338 0.181909 0.039050 0.534730 2 87 0.800000 7 0.200000
skt
  87 -4.656225 6.000978 42.642609 -0.266448 0.920381 0.286190 0.026900 0.533790 2 87 0.800000 7 0.200000
  87 -4.530171 5.812819 43.668678 -0.274109 0.944338 0.181909 0.039050 0.534730 2 87 0.800000 7 0.200000
  87 -3.677572 5.789299 42.621307 0.337482 0.911378 0.235575 0.029800 0.522200 2 87 0.600000 7 0.400000
skt
  87 -4.530171 5.812819 43.668678 -0.274109 0.944338 0.181909 0.039050 0.534730 2 87 0.800000 7 0.200000
  87 -3.557400 5.608123 43.496315 0.360501 0.927519 0.098728 0.040190 0.523240 2 87 0.600000 7 0.400000
  87 -3.677572 5.789299 42.621307 0.337482 0.911378 0.235575 0.029800 0.522200 2 87 0.600000 7 0.400000
skt
  87 -3.677572 5.789299 42.621307 0.337482 0.911378 0.235575 0.029800 0.522200 2 87 0.600000 7 0.400000
  87 -3.557400 5.608123 43.496315 0.360501 0.927519 0.098728 0.040190 0.523240 2 87 0.600000 7 0.400000
  7 -2.403450 4.983005 43.235764 0.552533 0.823943 0.125796 0.042650 0.507800 2 7 0.600000 87 0.400000
skt
  7 -2.403450 4.983005 43.235764 0.552533 0.823943 0.125796 0.042650 0.507800 2 7 0.600000 87 0.400000
  87 -3.557400 5.608123 43.496315 0.360501 0.927519 0.098728 0.040190 0.523240 2 87 0.600000 7 0.400000
  87 -3.447518 5.523965 44.192001 0.368339 0.927457 0.064420 0.048160 0.524360 2 87 0.600000 7 0.400000
skt
  7 -2.313412 4.866508 43.757248 0.580260 0.810527 0.079655 0.049020 0.508510 2 7 0.600000 87 0.400000
  7 -2.403450 4.983005 43.235764 0.552533 0.823943 0.125796 0.042650 0.507800 2 7 0.600000 87 0.400000
  87 -3.447518 5.523965 44.192001 0.368339 0.927457 0.064420 0.048160 0.524360 2 87 0.600000 7 0.400000
skt
  7 -1.308300 4.078955 43.343811 0.666566 0.727675 0.161795 0.050250 0.492530 2 7 0.800000 87 0.200000
  7 -1.365630 4.220075 42.957932 0.641324 0.739858 0.203257 0.045250 0.492210 2 7 0.800000 87 0.200000
  7 -2.403450 4.983005 43.235764 0.552533 0.823943 0.125796 0.042650 0.507800 2 7 0.600000 87 0.400000
skt
  7 -2.313412 4.866508 43.757248 0.580260 0.810527 0.079655 0.049020 0.508510 2 7 0.600000 87 0.400000
  7 -1.308300 4.078955 43.343811 0.666566 0.727675 0.161795 0.050250 0.492530 2 7 0.800000 87 0.200000
  7 -2.403450 4.983005 43.235764 0.552533 0.823943 0.125796 0.042650 0.507800 2 7 0.600000 87 0.400000
skt
  7 -2.313412 4.866508 43.757248 0.580260 0.810527 0.079655 0.049020 0.508510 2 7 0.600000 87 0.400000
  7 -2.275928 4.818732 43.973705 0.623289 0.736832 0.261896 0.051680 0.508840 2 7 0.600000 87 0.400000
  7 -1.308300 4.078955 43.343811 0.666566 0.727675 0.161795 0.050250 0.492530 2 7 0.800000 87 0.200000
skt
  7 -2.313412 4.866508 43.757248 0.580260 0.810527 0.079655 0.049020 0.508510 2 7 0.600000 87 0.400000
  87 -3.447518 5.523965 44.192001 0.368339 0.927457 0.064420 0.048160 0.524360 2 87 0.600000 7 0.400000
  7 -2.275928 4.818732 43.973705 0.623289 0.736832 0.261896 0.051680 0.508840 2 7 0.600000 87 0.400000
skt
  87 -3.447518 5.523965 44.192001 0.368339 0.927457 0.064420 0.048160 0.524360 2 87 0.600000 7 0.400000
  87 -3.402315 5.486846 44.479019 0.420101 0.876300 0.235824 0.051350 0.524910 2 87 0.600000 7 0.400000
  7 -2.275928 4.818732 43.973705 0.623289 0.736832 0.261896 0.051680 0.508840 2 7 0.600000 87 0.400000
skt
  87 -4.386847 5.675745 44.857910 -0.243701 0.916559 0.317063 0.051370 0.535720 2 87 0.800000 7 0.200000
  87 -3.402315 5.486846 44.479019 0.420101 0.876300 0.235824 0.051350 0.524910 2 87 0.600000 7 0.400000
  87 -3.447518 5.523965 44.192001 0.368339 0.927457 0.064420 0.048160 0.524360 2 87 0.600000 7 0.400000
skt
  87 -3.393863 5.452671 44.535240 0.493331 0.497134 0.713780 0.052150 0.524950 2 87 0.600000 7 0.400000
  87 -3.402315 5.486846 44.479019 0.420101 0.876300 0.235824 0.051350 0.524910 2 87 0.600000 7 0.400000
  87 -4.386847 5.675745 44.857910 -0.243701 0.916559 0.317063 0.051370 0.535720 2 87 0.800000 7 0.200000
skt
  7 -2.275928 4.818732 43.973705 0.623289 0.736832 0.261896 0.051680 0.508840 2 7 0.600000 87 0.400000
  87 -3.402315 5.486846 44.479019 0.420101 0.876300 0.235824 0.051350 0.524910 2 87 0.600000 7 0.400000
  87 -3.393863 5.452671 44.535240 0.493331 0.497134 0.713780 0.052150 0.524950 2 87 0.600000 7 0.400000
skt
  7 -2.275928 4.788598 44.016697 0.568953 0.293020 0.768396 0.052520 0.508850 2 7 0.600000 87 0.400000
  7 -2.275928 4.818732 43.973705 0.623289 0.736832 0.261896 0.051680 0.508840 2 7 0.600000 87 0.400000
  87 -3.393863 5.452671 44.535240 0.493331 0.497134 0.713780 0.052150 0.524950 2 87 0.600000 7 0.400000
skt
  7 -2.620275 3.491322 43.100891 -0.346956 -0.900688 -0.261502 0.038310 0.581090 2 7 0.600000 87 0.400000
  87 -3.909832 3.947758 43.362183 -0.461633 -0.847727 -0.261255 0.039030 0.564480 2 87 0.600000 7 0.400000
  87 -3.969000 4.220442 42.466957 -0.452444 -0.877225 -0.160532 0.028110 0.563840 2 87 0.600000 7 0.400000
skt
  87 -3.890723 3.689405 44.077339 -0.454463 -0.847606 -0.273912 0.047760 0.564470 2 87 0.600000 7 0.400000
  87 -3.909832 3.947758 43.362183 -0.461633 -0.847727 -0.261255 0.039030 0.564480 2 87 0.600000 7 0.400000
  7 -2.620275 3.491322 43.100891 -0.346956 -0.900688 -0.261502 0.038310 0.581090 2 7 0.600000 87 0.400000
skt
  87 -4.874520 4.547884 43.566887 -0.834396 -0.535771 -0.129358 0.039330 0.551200 2 87 0.800000 7 0.200000
  87 -3.909832 3.947758 43.362183 -0.461633 -0.847727 -0.261255 0.039030 0.564480 2 87 0.600000 7 0.400000
  87 -3.890723 3.689405 44.077339 -0.454463 -0.847606 -0.273912 0.047760 0.564470 2 87 0.600000 7 0.400000
skt
  87 -4.872683 4.255723 44.424625 -0.849425 -0.505123 -0.152732 0.048590 0.551970 2 87 0.800000 7 0.200000
  87 -4.874520 4.547884 43.566887 -0.834396 -0.535771 -0.129358 0.039330 0.551200 2 87 0.800000 7 0.200000
  87 -3.890723 3.689405 44.077339 -0.454463 -0.847606 -0.273912 0.047760 0.564470 2 87 0.600000 7 0.400000
skt
  87 -4.872683 4.255723 44.424625 -0.849425 -0.505123 -0.152732 0.048590 0.551970 2 87 0.800000 7 0.200000
  87 -4.978156 5.113469 44.579334 -0.948542 0.299328 0.103295 0.048550 0.543360 1 87 1.000000
  87 -4.874520 4.547884 43.566887 -0.834396 -0.535771 -0.129358 0.039330 0.551200 2 87 0.800000 7 0.200000
skt
  87 -4.872683 4.255723 44.424625 -0.849425 -0.505123 -0.152732 0.048590 0.551970 2 87 0.800000 7 0.200000
  87 -4.863863 4.144738 44.776684 -0.824404 -0.559496 0.085569 0.052210 0.552080 2 87 0.800000 7 0.200000
  87 -4.978156 5.113469 44.579334 -0.948542 0.299328 0.103295 0.048550 0.543360 1 87 1.000000
skt
  87 -4.863863 4.144738 44.776684 -0.824404 -0.559496 0.085569 0.052210 0.552080 2 87 0.800000 7 0.200000
  87 -4.953900 5.034090 44.947571 -0.918063 0.282062 0.278570 0.052130 0.543610 1 87 1.000000
  87 -4.978156 5.113469 44.579334 -0.948542 0.299328 0.103295 0.048550 0.543360 1 87 1.000000
skt
  87 -4.924500 5.012038 45.022175 -0.651069 0.165850 0.740678 0.052990 0.543640 1 87 1.000000
  87 -4.953900 5.034090 44.947571 -0.918063 0.282062 0.278570 0.052130 0.543610 1 87 1.000000
  87 -4.863863 4.144738 44.776684 -0.824404 -0.559496 0.085569 0.052210 0.552080 2 87 0.800000 7 0.200000
skt
  87 -4.386847 5.675745 44.857910 -0.243701 0.916559 0.317063 0.051370 0.535720 2 87 0.800000 7 0.200000
  87 -4.953900 5.034090 44.947571 -0.918063 0.282062 0.278570 0.052130 0.543610 1 87 1.000000
  87 -4.924500 5.012038 45.022175 -0.651069 0.165850 0.740678 0.052990 0.543640 1 87 1.000000
skt
  87 -4.367738 5.641932 44.925896 -0.045369 0.651609 0.757197 0.052140 0.535780 2 87 0.800000 7 0.200000
  87 -4.386847 5.675745 44.857910 -0.243701 0.916559 0.317063 0.051370 0.535720 2 87 0.800000 7 0.200000
  87 -4.924500 5.012038 45.022175 -0.651069 0.165850 0.740678 0.052990 0.543640 1 87 1.000000
skt
  87 -4.367738 5.641932 44.925896 -0.045369 0.651609 0.757197 0.052140 0.535780 2 87 0.800000 7 0.200000
  87 -3.393863 5.452671 44.535240 0.493331 0.497134 0.713780 0.052150 0.524950 2 87 0.600000 7 0.400000
  87 -4.386847 5.675745 44.857910 -0.243701 0.916559 0.317063 0.051370 0.535720 2 87 0.800000 7 0.200000
skt
  87 -4.367738 5.641932 44.925896 -0.045369 0.651609 0.757197 0.052140 0.535780 2 87 0.800000 7 0.200000
  87 -4.335398 5.571742 44.935448 0.216128 0.228562 0.949235 0.052830 0.535710 2 87 0.800000 7 0.200000
  87 -3.393863 5.452671 44.535240 0.493331 0.497134 0.713780 0.052150 0.524950 2 87 0.600000 7 0.400000
skt
  87 -4.335398 5.571742 44.935448 0.216128 0.228562 0.949235 0.052830 0.535710 2 87 0.800000 7 0.200000
  87 -3.394230 5.378436 44.539654 0.431396 0.051404 0.900697 0.052990 0.524680 2 87 0.600000 7 0.400000
  87 -3.393863 5.452671 44.535240 0.493331 0.497134 0.713780 0.052150 0.524950 2 87 0.600000 7 0.400000
skt
  87 -3.393863 5.452671 44.535240 0.493331 0.497134 0.713780 0.052150 0.524950 2 87 0.600000 7 0.400000
  87 -3.394230 5.378436 44.539654 0.431396 0.051404 0.900697 0.052990 0.524680 2 87 0.600000 7 0.400000
  7 -2.300183 4.724653 44.016335 0.346204 -0.134748 0.928432 0.053370 0.508680 2 7 0.600000 87 0.400000
skt
  7 -2.275928 4.788598 44.016697 0.568953 0.293020 0.768396 0.052520 0.508850 2 7 0.600000 87 0.400000
  87 -3.393863 5.452671 44.535240 0.493331 0.497134 0.713780 0.052150 0.524950 2 87 0.600000 7 0.400000
  7 -2.300183 4.724653 44.016335 0.346204 -0.134748 0.928432 0.053370 0.508680 2 7 0.600000 87 0.400000
skt
  7 -2.275928 4.788598 44.016697 0.568953 0.293020 0.768396 0.052520 0.508850 2 7 0.600000 87 0.400000
  7 -2.300183 4.724653 44.016335 0.346204 -0.134748 0.928432 0.053370 0.508680 2 7 0.600000 87 0.400000
  7 -1.288455 3.992223 43.536381 0.542249 0.155932 0.825622 0.053180 0.492640 2 7 0.800000 87 0.200000
skt
  7 -2.275928 4.788598 44.016697 0.568953 0.293020 0.768396 0.052520 0.508850 2 7 0.600000 87 0.400000
  7 -1.288455 3.992223 43.536381 0.542249 0.155932 0.825622 0.053180 0.492640 2 7 0.800000 87 0.200000
  7 -2.275928 4.818732 43.973705 0.623289 0.736832 0.261896 0.051680 0.508840 2 7 0.600000 87 0.400000
skt
  7 -1.288455 3.992223 43.536381 0.542249 0.155932 0.825622 0.053180 0.492640 2 7 0.800000 87 0.200000
  7 -1.284412 4.022359 43.505508 0.702419 0.614022 0.359979 0.052330 0.492680 2 7 0.800000 87 0.200000
  7 -2.275928 4.818732 43.973705 0.623289 0.736832 0.261896 0.051680 0.508840 2 7 0.600000 87 0.400000
skt
  7 -2.275928 4.818732 43.973705 0.623289 0.736832 0.261896 0.051680 0.508840 2 7 0.600000 87 0.400000
  7 -1.284412 4.022359 43.505508 0.702419 0.614022 0.359979 0.052330 0.492680 2 7 0.800000 87 0.200000
  7 -1.308300 4.078955 43.343811 0.666566 0.727675 0.161795 0.050250 0.492530 2 7 0.800000 87 0.200000
skt
  7 -1.308300 4.078955 43.343811 0.666566 0.727675 0.161795 0.050250 0.492530 2 7 0.800000 87 0.200000
  7 -1.284412 4.022359 43.505508 0.702419 0.614022 0.359979 0.052330 0.492680 2 7 0.800000 87 0.200000
  7 -0.360518 3.161674 43.055321 0.699158 0.487802 0.522712 0.053450 0.476460 1 7 1.000000
skt
  7 -0.360518 3.161674 43.055321 0.699158 0.487802 0.522712 0.053450 0.476460 1 7 1.000000
  7 -1.284412 4.022359 43.505508 0.702419 0.614022 0.359979 0.052330 0.492680 2 7 0.800000 87 0.200000
  7 -1.288455 3.992223 43.536381 0.542249 0.155932 0.825622 0.053180 0.492640 2 7 0.800000 87 0.200000
skt
  7 -0.365662 3.130068 43.075901 0.427302 -0.025341 0.903754 0.054330 0.476310 1 7 1.000000
  7 -0.360518 3.161674 43.055321 0.699158 0.487802 0.522712 0.053450 0.476460 1 7 1.000000
  7 -1.288455 3.992223 43.536381 0.542249 0.155932 0.825622 0.053180 0.492640 2 7 0.800000 87 0.200000
skt
  7 -0.365662 3.130068 43.075901 0.427302 -0.025341 0.903754 0.054330 0.476310 1 7 1.000000
  7 -1.288455 3.992223 43.536381 0.542249 0.155932 0.825622 0.053180 0.492640 2 7 0.800000 87 0.200000
  7 -0.385508 3.068696 43.064137 0.232672 -0.252741 0.939141 0.055200 0.475940 1 7 1.000000
skt
  7 -1.288455 3.992223 43.536381 0.542249 0.155932 0.825622 0.053180 0.492640 2 7 0.800000 87 0.200000
  7 -1.315283 3.931586 43.530865 0.282182 -0.209970 0.936101 0.054060 0.492420 2 7 0.800000 87 0.200000
  7 -0.385508 3.068696 43.064137 0.232672 -0.252741 0.939141 0.055200 0.475940 1 7 1.000000
skt
  7 -2.300183 4.724653 44.016335 0.346204 -0.134748 0.928432 0.053370 0.508680 2 7 0.600000 87 0.400000
  7 -1.315283 3.931586 43.530865 0.282182 -0.209970 0.936101 0.054060 0.492420 2 7 0.800000 87 0.200000
  7 -1.288455 3.992223 43.536381 0.542249 0.155932 0.825622 0.053180 0.492640 2 7 0.800000 87 0.200000
skt
  87 -4.367738 5.641932 44.925896 -0.045369 0.651609 0.757197 0.052140 0.535780 2 87 0.800000 7 0.200000
  87 -4.924500 5.012038 45.022175 -0.651069 0.165850 0.740678 0.052990 0.543640 1 87 1.000000
  87 -4.335398 5.571742 44.935448 0.216128 0.228562 0.949235 0.052830 0.535710 2 87 0.800000 7 0.200000
skt
  87 -4.924500 5.012038 45.022175 -0.651069 0.165850 0.740678 0.052990 0.543640 1 87 1.000000
  87 -4.861291 4.983739 45.038704 -0.246791 0.014713 0.968957 0.053720 0.543680 1 87 1.000000
  87 -4.335398 5.571742 44.935448 0.216128 0.228562 0.949235 0.052830 0.535710 2 87 0.800000 7 0.200000
skt
  87 -4.751775 4.156867 44.877373 -0.164645 -0.489943 0.856065 0.053800 0.552340 2 87 0.800000 7 0.200000
  87 -4.861291 4.983739 45.038704 -0.246791 0.014713 0.968957 0.053720 0.543680 1 87 1.000000
  87 -4.924500 5.012038 45.022175 -0.651069 0.165850 0.740678 0.052990 0.543640 1 87 1.000000
skt
  87 -4.829685 4.137385 44.851295 -0.554119 -0.573003 0.603838 0.053030 0.552110 2 87 0.800000 7 0.200000
  87 -4.751775 4.156867 44.877373 -0.164645 -0.489943 0.856065 0.053800 0.552340 2 87 0.800000 7 0.200000
  87 -4.924500 5.012038 45.022175 -0.651069 0.165850 0.740678 0.052990 0.543640 1 87 1.000000
skt
  87 -4.829685 4.137385 44.851295 -0.554119 -0.573003 0.603838 0.053030 0.552110 2 87 0.800000 7 0.200000
  87 -3.848460 3.591651 44.440796 -0.172255 -0.869258 0.463377 0.052150 0.564490 2 87 0.600000 7 0.400000
  87 -4.751775 4.156867 44.877373 -0.164645 -0.489943 0.856065 0.053800 0.552340 2 87 0.800000 7 0.200000
skt
  87 -4.829685 4.137385 44.851295 -0.554119 -0.573003 0.603838 0.053030 0.552110 2 87 0.800000 7 0.200000
  87 -4.863863 4.144738 44.776684 -0.824404 -0.559496 0.085569 0.052210 0.552080 2 87 0.800000 7 0.200000
  87 -3.848460 3.591651 44.440796 -0.172255 -0.869258 0.463377 0.052150 0.564490 2 87 0.600000 7 0.400000
skt
  87 -4.829685 4.137385 44.851295 -0.554119 -0.573003 0.603838 0.053030 0.552110 2 87 0.800000 7 0.200000
  87 -4.924500 5.012038 45.022175 -0.651069 0.165850 0.740678 0.052990 0.543640 1 87 1.000000
  87 -4.863863 4.144738 44.776684 -0.824404 -0.559496 0.085569 0.052210 0.552080 2 87 0.800000 7 0.200000
end
