// Created by Crowbar 0.74
version 1
nodes
  0 "ValveBiped.Bip01_Pelvis" -1
  1 "ValveBiped.Bip01_Spine" 0
  2 "ValveBiped.Bip01_Spine1" 1
  3 "ValveBiped.Bip01_Spine2" 2
  4 "ValveBiped.Bip01_Spine4" 3
  5 "ValveBiped.Bip01_Neck1" 4
  6 "ValveBiped.Bip01_Head1" 5
  7 "ValveBiped.forward" 6
  8 "ValveBiped.Bip01_L_Clavicle" 4
  9 "ValveBiped.Bip01_L_UpperArm" 8
  10 "ValveBiped.Bip01_L_Forearm" 9
  11 "ValveBiped.Bip01_L_Wrist" 10
  12 "ValveBiped.Bip01_L_Hand" 10
  13 "ValveBiped.Anim_Attachment_LH" 12
  14 "ValveBiped.Bip01_L_Finger3" 12
  15 "ValveBiped.Bip01_L_Finger31" 14
  16 "ValveBiped.Bip01_L_Finger32" 15
  17 "ValveBiped.Bip01_L_Finger2" 12
  18 "ValveBiped.Bip01_L_Finger21" 17
  19 "ValveBiped.Bip01_L_Finger22" 18
  20 "ValveBiped.Bip01_L_Finger1" 12
  21 "ValveBiped.Bip01_L_Finger11" 20
  22 "ValveBiped.Bip01_L_Finger12" 21
  23 "ValveBiped.Bip01_L_Finger4" 12
  24 "ValveBiped.Bip01_L_Finger41" 23
  25 "ValveBiped.Bip01_L_Finger42" 24
  26 "ValveBiped.Bip01_L_Finger0" 12
  27 "ValveBiped.Bip01_L_Finger01" 26
  28 "ValveBiped.Bip01_L_Finger02" 27
  29 "ValveBiped.Bip01_L_Elbow" 9
  30 "ValveBiped.Bip01_R_Clavicle" 4
  31 "ValveBiped.Bip01_R_UpperArm" 30
  32 "ValveBiped.Bip01_R_Forearm" 31
  33 "ValveBiped.Bip01_R_Hand" 32
  34 "ValveBiped.Anim_Attachment_RH" 33
  35 "ValveBiped.Bip01_R_Finger2" 33
  36 "ValveBiped.Bip01_R_Finger21" 35
  37 "ValveBiped.Bip01_R_Finger22" 36
  38 "ValveBiped.Bip01_R_Finger1" 33
  39 "ValveBiped.Bip01_R_Finger11" 38
  40 "ValveBiped.Bip01_R_Finger12" 39
  41 "ValveBiped.Bip01_R_Finger3" 33
  42 "ValveBiped.Bip01_R_Finger31" 41
  43 "ValveBiped.Bip01_R_Finger32" 42
  44 "ValveBiped.Bip01_R_Finger4" 33
  45 "ValveBiped.Bip01_R_Finger41" 44
  46 "ValveBiped.Bip01_R_Finger42" 45
  47 "ValveBiped.Bip01_R_Finger0" 33
  48 "ValveBiped.Bip01_R_Finger01" 47
  49 "ValveBiped.Bip01_R_Finger02" 48
  50 "ValveBiped.Bip01_R_Wrist" 32
  51 "ValveBiped.Bip01_L_Thigh" 0
  52 "ValveBiped.Bip01_L_Calf" 51
  53 "ValveBiped.Bip01_L_Foot" 52
  54 "ValveBiped.Bip01_R_Thigh" 0
  55 "ValveBiped.Bip01_R_Calf" 54
  56 "ValveBiped.Bip01_R_Foot" 55
  57 "p_skirt_n_helper" 0
  58 "p_skirt_nw_helper" 0
  59 "j_hair_r_01" 6
  60 "j_hair_r_02" 59
  61 "j_hair_r_03" 60
  62 "j_hair_l_01" 6
  63 "j_hair_l_02" 62
  64 "j_hair_l_03" 63
  65 "j_hair_f_01" 6
  66 "j_hair_f_02" 65
  67 "j_hair_b_01" 6
  68 "j_hair_b_02" 67
  69 "j_hair_b_03" 68
  70 "j_hair_b_04" 69
  71 "j_hair_bl_01" 67
  72 "j_hair_bl_02" 71
  73 "j_hair_br_01" 67
  74 "j_hair_br_02" 73
  75 "ValveBiped.Bip01_L_Toe0" 53
  76 "ValveBiped.Bip01_L_Ankle" 52
  77 "ValveBiped.Bip01_R_Toe0" 56
  78 "ValveBiped.Bip01_R_Ankle" 55
  79 "ValveBiped.Bip01_L_Shoulder" 9
  80 "ValveBiped.Bip01_L_Trapezius" 8
  81 "ValveBiped.Bip01_R_Shoulder" 31
  82 "ValveBiped.Bip01_R_Trapezius" 30
  83 "p_bowknot_01" 4
  84 "p_bowknot_02" 2
  85 "p_skirt_e_helper" 51
  86 "p_skirt_e_01" 85
  87 "p_skirt_e_02" 86
  88 "p_skirt_se_helper" 51
  89 "p_skirt_se_01" 88
  90 "p_skirt_se_02" 89
  91 "p_skirt_w_helper" 54
  92 "p_skirt_w_01" 91
  93 "p_skirt_w_02" 92
  94 "p_skirt_sw_helper" 54
  95 "p_skirt_sw_01" 94
  96 "p_skirt_sw_02" 95
  97 "p_skirt_n_01" 57
  98 "p_skirt_n_02" 97
  99 "p_skirt_nw_01" 58
  100 "p_skirt_nw_02" 99
  101 "p_skirt_ne_helper" 0
  102 "p_skirt_ne_01" 101
  103 "p_skirt_ne_02" 102
end
skeleton
  time 0
    0 0.005735 -0.710612 35.671192 1.570796 0.000000 0.000000
    1 0.000004 3.939247 -1.580135 1.570796 -0.027977 1.570796
    2 3.588203 0.000000 0.000000 0.000000 0.000000 -0.112614
    3 3.382980 0.000000 0.000000 0.000000 0.000000 -0.012635
    4 7.050217 0.000000 0.000000 0.000000 0.000000 0.155813
    5 2.971947 0.000000 0.000000 3.141590 0.000000 0.227046
    6 3.226833 0.000002 0.000000 0.000000 0.000000 0.110997
    7 0.000000 0.000000 0.000000 -1.570796 0.000000 -1.323624
    8 1.892315 0.848540 0.797221 1.638361 -1.334137 2.900117
    9 4.660078 0.000004 0.000000 -1.433362 0.086984 -0.426647
    10 9.017756 -0.000001 -0.000011 0.000710 0.008713 -0.040946
    11 9.086874 0.000000 0.000004 -0.057543 0.000000 0.000000
    12 9.086874 0.000000 0.000004 1.505417 -0.038605 0.036303
    13 2.211563 -1.415165 0.000000 1.570797 0.000001 1.570797
    14 3.056105 0.221104 -0.602438 0.068895 -0.004815 -0.258023
    15 1.445406 0.000000 0.000000 0.042612 0.057691 0.125585
    16 0.793354 0.000015 0.000000 0.249852 -0.099386 -0.203716
    17 3.114340 0.126087 0.058993 0.142339 -0.026307 -0.171479
    18 1.684240 -0.000019 0.000000 -0.036126 0.039230 0.053682
    19 0.881786 0.000004 0.000000 -0.001245 -0.005672 -0.098994
    20 3.127102 -0.014267 0.656630 0.302889 -0.149222 -0.102536
    21 1.346233 -0.000008 -0.000004 -0.020792 0.084741 -0.150769
    22 0.790057 0.000000 0.000004 0.023006 0.020222 0.074277
    23 3.147793 -0.110989 -1.428880 0.214225 -0.096989 -0.106190
    24 1.007400 -0.000011 -0.000004 -0.409252 0.077799 -0.086157
    25 0.561950 -0.000015 0.000001 0.194183 -0.012833 -0.056701
    26 1.172184 -0.371784 0.695803 -0.074752 -0.766363 -0.527894
    27 1.151196 0.000008 -0.000010 -0.169036 0.043733 0.104429
    28 0.909058 -0.000006 0.000002 -0.319712 0.108349 -0.014843
    29 9.017769 0.000000 -0.000031 0.000000 0.000000 -0.100052
    30 1.892315 0.848547 -0.797174 -1.710116 1.334140 2.900104
    31 4.660077 -0.000015 0.000000 1.498785 -0.056959 -0.431363
    32 9.010712 -0.000001 0.000008 -0.000703 -0.008667 -0.041729
    33 9.079771 -0.000001 0.000019 -1.502003 0.039102 0.029835
    34 2.230804 -1.427517 0.000000 -1.570796 0.000000 -1.570796
    35 3.080542 0.081699 -0.057919 -0.093261 0.021099 -0.119215
    36 1.774378 -0.000031 0.000000 0.084537 0.001870 -0.292341
    37 0.911787 -0.000004 0.000000 -0.007847 -0.008330 0.252469
    38 3.090347 -0.067162 -0.659407 -0.299485 0.127595 -0.118571
    39 1.423207 0.000008 0.000004 0.001265 -0.064989 -0.155381
    40 0.821628 -0.000023 0.000002 0.041271 -0.100697 0.112507
    41 3.025173 0.184662 0.764039 -0.175264 0.052506 -0.179109
    42 1.509716 -0.000015 -0.000001 -0.004429 -0.045750 -0.074522
    43 0.818399 -0.000019 -0.000002 -0.081631 0.016462 -0.018062
    44 2.898108 0.049751 1.316749 -0.144881 -0.001363 -0.248825
    45 1.037357 0.000000 0.000000 -0.275127 0.134561 0.055074
    46 0.580746 -0.000023 0.000010 -0.005654 -0.131234 -0.068398
    47 1.158314 -0.442905 -0.732248 1.804303 0.719467 -0.503171
    48 1.161232 -0.000002 0.000010 0.227050 0.055399 0.089612
    49 0.916969 0.000015 -0.000011 0.020412 0.073845 -0.178575
    50 9.079771 -0.000001 0.000011 0.065171 0.000000 0.000000
    51 3.725333 -0.000004 -0.000003 -1.570796 0.031083 -1.611082
    52 15.193455 0.000000 0.000000 0.000000 -0.017306 0.051654
    53 17.025600 0.052295 0.003148 0.008989 -0.076839 -1.230078
    54 -3.725332 0.000008 0.000006 -1.571277 0.031100 -1.528219
    55 15.193434 0.000000 0.000000 0.000000 0.017924 0.051654
    56 17.025562 0.052282 -0.003058 -0.013289 0.048300 -1.233156
    57 0.000850 0.159142 -5.185494 1.570797 0.025312 -1.570797
    58 -4.416689 0.011898 -4.249946 1.568944 -0.031832 -1.672901
    59 4.439457 -1.917301 3.679860 -3.141593 0.112307 -3.069556
    60 4.703285 -0.000008 -0.000005 -0.000337 0.105292 -0.572828
    61 5.480251 0.000002 0.000002 0.000000 0.000000 0.166867
    62 4.674915 -2.010233 -3.449562 -0.000004 -0.093366 -3.059263
    63 5.115940 0.000010 -0.000001 0.000394 0.126501 0.557926
    64 5.213482 -0.000008 0.000003 0.000000 0.000000 -0.158244
    65 7.148788 -3.165135 0.000008 -0.000002 0.000003 -2.462183
    66 2.826138 -0.000015 0.000001 0.000000 0.000000 -0.707605
    67 2.002647 4.890163 0.000036 -0.000003 -0.000001 3.044791
    68 5.923714 -0.000011 0.000000 0.000000 0.000000 0.173268
    69 5.653236 -0.000002 0.000000 0.000000 0.000000 0.094648
    70 6.246349 -0.000008 0.000000 0.000000 0.000000 -0.064082
    71 8.798267 1.402256 -4.517012 0.000001 0.000001 0.150785
    72 7.837658 -0.000035 0.000000 0.000000 0.000000 0.299021
    73 8.809624 1.405354 4.524812 0.000005 0.000001 0.154610
    74 7.681396 -0.000042 0.000000 -0.000004 0.000001 0.278252
    75 5.913433 -0.000002 0.000000 -0.011146 0.000934 -0.500515
    76 15.867319 0.000000 0.000000 0.000000 0.000000 0.000000
    77 5.913435 -0.000003 0.000000 -0.078651 -0.006185 -0.498943
    78 15.867306 0.000000 0.000000 0.000000 0.000000 0.000000
    79 1.216091 0.000000 0.000000 -0.157232 0.000000 0.000000
    80 3.994339 0.000019 0.000001 0.000000 0.000000 0.000000
    81 1.215141 0.000000 0.000008 0.000000 0.000000 0.000000
    82 3.994339 -0.000008 0.000000 0.000000 0.000000 0.000000
    83 2.452606 4.138953 0.000845 -3.141592 0.000000 1.165714
    84 1.609295 -0.975732 0.000843 -3.141592 0.000000 -2.099368
    85 -0.044476 0.742047 3.222854 -1.570798 -0.134127 -0.031083
    86 6.531517 -0.000002 0.000000 0.000000 0.000000 -0.124828
    87 4.937210 0.000000 0.000001 0.000000 0.000000 -0.035455
    88 -0.459084 -3.221061 1.004059 -3.139300 -0.203673 -0.042415
    89 6.550079 0.000000 0.000000 0.000000 0.000000 0.047583
    90 5.690502 0.000000 0.000002 0.000000 0.000000 0.100852
    91 0.265640 0.733831 -2.956548 -1.570307 0.159702 -0.031023
    92 6.547434 0.000029 0.000000 -0.000001 0.000000 0.131591
    93 4.972834 0.000003 0.000000 0.000000 0.000000 0.035685
    94 -0.643188 -2.929194 -1.114202 -3.136176 0.209339 -0.086327
    95 6.324804 0.000001 0.000000 -0.000007 0.000001 0.001372
    96 6.095600 0.000000 0.000001 0.000000 0.000000 0.100190
    97 6.049822 0.000001 0.000000 0.000000 0.000000 -0.093178
    98 6.476076 -0.000002 0.000000 0.000000 0.000000 -0.035054
    99 5.955616 0.000000 -0.000002 0.000000 0.000000 -0.099912
    100 6.432493 0.000001 0.000000 0.000000 0.000000 -0.008500
    101 3.827445 -0.150501 -4.392723 1.582021 0.010749 -1.423931
    102 5.646536 0.000000 0.000002 0.000000 0.000000 -0.029026
    103 6.151291 0.000013 0.000000 0.000000 0.000000 0.001414
end
triangles
  phy
    0 -4.168288 3.076281 38.206538 -0.799786 0.586041 0.129995 0 0
    0 -2.953217 1.275331 41.966590 -0.476380 0.390389 0.787819 0 0
    0 -1.559232 4.747580 38.206539 -0.301629 0.919661 0.251483 0 0
  phy
    0 -1.559232 4.747580 38.206539 -0.301629 0.919661 0.251483 0 0
    0 -2.953217 1.275331 41.966590 -0.476380 0.390389 0.787819 0 0
    0 -1.099181 2.462984 41.966591 -0.105048 0.367855 0.923930 0 0
  phy
    0 -2.953217 1.275331 41.966590 -0.476380 0.390389 0.787819 0 0
    0 -4.168288 3.076281 38.206538 -0.799786 0.586041 0.129995 0 0
    0 -5.164858 0.372058 38.206540 -0.984371 0.056541 0.166782 0 0
  phy
    0 -2.953217 1.275331 41.966590 -0.476380 0.390389 0.787819 0 0
    0 -5.164858 0.372058 38.206540 -0.984371 0.056541 0.166782 0 0
    0 -3.689253 -0.721922 41.966590 -0.660996 -0.098337 0.743918 0 0
  phy
    0 -4.168288 3.076281 38.206538 -0.799786 0.586041 0.129995 0 0
    0 -4.504845 0.440431 34.446480 -0.703064 -0.000001 -0.711126 0 0
    0 -5.164858 0.372058 38.206540 -0.984371 0.056541 0.166782 0 0
  phy
    0 -4.504845 0.440431 34.446480 -0.703064 -0.000001 -0.711126 0 0
    0 -4.168288 3.076281 38.206538 -0.799786 0.586041 0.129995 0 0
    0 -3.634354 2.718767 34.446480 -0.651529 0.700276 -0.291761 0 0
  phy
    0 -4.168288 3.076281 38.206538 -0.799786 0.586041 0.129995 0 0
    0 -1.559232 4.747580 38.206539 -0.301629 0.919661 0.251483 0 0
    0 -3.634354 2.718767 34.446480 -0.651529 0.700276 -0.291761 0 0
  phy
    0 1.205692 -3.906829 41.966590 0.060663 -0.212430 0.975291 0 0
    0 -2.953217 -2.719176 41.966590 -0.604236 -0.646904 0.465203 0 0
    0 -1.099181 -3.906829 41.966591 -0.157223 -0.977484 0.140735 0 0
  phy
    0 1.205692 -3.906829 41.966590 0.060663 -0.212430 0.975291 0 0
    0 -3.689253 -0.721922 41.966590 -0.660996 -0.098337 0.743918 0 0
    0 -2.953217 -2.719176 41.966590 -0.604236 -0.646904 0.465203 0 0
  phy
    0 1.205692 -3.906829 41.966590 0.060663 -0.212430 0.975291 0 0
    0 -2.953217 1.275331 41.966590 -0.476380 0.390389 0.787819 0 0
    0 -3.689253 -0.721922 41.966590 -0.660996 -0.098337 0.743918 0 0
  phy
    0 1.205692 -3.906829 41.966590 0.060663 -0.212430 0.975291 0 0
    0 -1.099181 2.462984 41.966591 -0.105048 0.367855 0.923930 0 0
    0 -2.953217 1.275331 41.966590 -0.476380 0.390389 0.787819 0 0
  phy
    0 1.205692 -3.906829 41.966590 0.060663 -0.212430 0.975291 0 0
    0 1.205689 2.462984 41.966591 0.076191 0.473697 0.877386 0 0
    0 -1.099181 2.462984 41.966591 -0.105048 0.367855 0.923930 0 0
  phy
    0 1.205692 -3.906829 41.966590 0.060663 -0.212430 0.975291 0 0
    0 3.795763 -0.721926 41.966590 0.628437 -0.093492 0.772221 0 0
    0 1.205689 2.462984 41.966591 0.076191 0.473697 0.877386 0 0
  phy
    0 1.205692 -3.906829 41.966590 0.060663 -0.212430 0.975291 0 0
    0 3.059729 -2.719175 41.966590 0.662040 -0.708792 0.243551 0 0
    0 3.795763 -0.721926 41.966590 0.628437 -0.093492 0.772221 0 0
  phy
    0 3.795763 -0.721926 41.966590 0.628437 -0.093492 0.772221 0 0
    0 3.059724 1.275332 41.966590 0.654270 0.536168 0.533343 0 0
    0 1.205689 2.462984 41.966591 0.076191 0.473697 0.877386 0 0
  phy
    0 -1.559232 4.747580 38.206539 -0.301629 0.919661 0.251483 0 0
    0 -1.099181 2.462984 41.966591 -0.105048 0.367855 0.923930 0 0
    0 1.205689 2.462984 41.966591 0.076191 0.473697 0.877386 0 0
  phy
    0 -1.559232 4.747580 38.206539 -0.301629 0.919661 0.251483 0 0
    0 1.205689 2.462984 41.966591 0.076191 0.473697 0.877386 0 0
    0 1.665741 4.747580 38.206539 0.300154 0.941054 0.155964 0 0
  phy
    0 3.059729 -2.719175 41.966590 0.662040 -0.708792 0.243551 0 0
    0 1.665733 -4.003469 38.206541 0.272179 -0.958988 -0.079122 0 0
    0 4.274795 -2.332166 38.206542 0.828098 -0.560547 0.006445 0 0
  phy
    0 3.059729 -2.719175 41.966590 0.662040 -0.708792 0.243551 0 0
    0 1.205692 -3.906829 41.966590 0.060663 -0.212430 0.975291 0 0
    0 1.665733 -4.003469 38.206541 0.272179 -0.958988 -0.079122 0 0
  phy
    0 -1.099181 -3.906829 41.966591 -0.157223 -0.977484 0.140735 0 0
    0 1.665733 -4.003469 38.206541 0.272179 -0.958988 -0.079122 0 0
    0 1.205692 -3.906829 41.966590 0.060663 -0.212430 0.975291 0 0
  phy
    0 -1.099181 -3.906829 41.966591 -0.157223 -0.977484 0.140735 0 0
    0 -1.559229 -4.003467 38.206539 -0.350883 -0.933650 -0.071970 0 0
    0 1.665733 -4.003469 38.206541 0.272179 -0.958988 -0.079122 0 0
  phy
    0 -3.689253 -0.721922 41.966590 -0.660996 -0.098337 0.743918 0 0
    0 -5.164858 0.372058 38.206540 -0.984371 0.056541 0.166782 0 0
    0 -4.168286 -2.332166 38.206536 -0.828099 -0.560544 0.006449 0 0
  phy
    0 -3.689253 -0.721922 41.966590 -0.660996 -0.098337 0.743918 0 0
    0 -4.168286 -2.332166 38.206536 -0.828099 -0.560544 0.006449 0 0
    0 -2.953217 -2.719176 41.966590 -0.604236 -0.646904 0.465203 0 0
  phy
    0 -1.559232 4.747580 38.206539 -0.301629 0.919661 0.251483 0 0
    0 1.665741 4.747580 38.206539 0.300154 0.941054 0.155964 0 0
    0 -1.355274 4.126895 34.446480 -0.085225 0.503621 -0.859711 0 0
  phy
    0 -1.355274 4.126895 34.446480 -0.085225 0.503621 -0.859711 0 0
    0 1.665741 4.747580 38.206539 0.300154 0.941054 0.155964 0 0
    0 1.461786 4.126896 34.446480 0.081566 0.295193 -0.951950 0 0
  phy
    0 -1.559232 4.747580 38.206539 -0.301629 0.919661 0.251483 0 0
    0 -1.355274 4.126895 34.446480 -0.085225 0.503621 -0.859711 0 0
    0 -3.634354 2.718767 34.446480 -0.651529 0.700276 -0.291761 0 0
  phy
    0 -1.099181 -3.906829 41.966591 -0.157223 -0.977484 0.140735 0 0
    0 -2.953217 -2.719176 41.966590 -0.604236 -0.646904 0.465203 0 0
    0 -1.559229 -4.003467 38.206539 -0.350883 -0.933650 -0.071970 0 0
  phy
    0 -2.953217 -2.719176 41.966590 -0.604236 -0.646904 0.465203 0 0
    0 -4.168286 -2.332166 38.206536 -0.828099 -0.560544 0.006449 0 0
    0 -1.559229 -4.003467 38.206539 -0.350883 -0.933650 -0.071970 0 0
  phy
    0 3.059724 1.275332 41.966590 0.654270 0.536168 0.533343 0 0
    0 5.271368 0.372056 38.206537 0.984371 0.056542 0.166782 0 0
    0 4.274795 3.076279 38.206538 0.799786 0.586041 0.129995 0 0
  phy
    0 3.059724 1.275332 41.966590 0.654270 0.536168 0.533343 0 0
    0 3.795763 -0.721926 41.966590 0.628437 -0.093492 0.772221 0 0
    0 5.271368 0.372056 38.206537 0.984371 0.056542 0.166782 0 0
  phy
    0 3.059724 1.275332 41.966590 0.654270 0.536168 0.533343 0 0
    0 4.274795 3.076279 38.206538 0.799786 0.586041 0.129995 0 0
    0 1.665741 4.747580 38.206539 0.300154 0.941054 0.155964 0 0
  phy
    0 3.059724 1.275332 41.966590 0.654270 0.536168 0.533343 0 0
    0 1.665741 4.747580 38.206539 0.300154 0.941054 0.155964 0 0
    0 1.205689 2.462984 41.966591 0.076191 0.473697 0.877386 0 0
  phy
    0 4.611355 0.440431 34.446480 0.961487 -0.000005 -0.274850 0 0
    0 3.740797 -1.837929 34.446480 0.562542 -0.604631 -0.563886 0 0
    0 3.740853 2.718767 34.446480 0.430896 0.463135 -0.774490 0 0
  phy
    0 3.740853 2.718767 34.446480 0.430896 0.463135 -0.774490 0 0
    0 3.740797 -1.837929 34.446480 0.562542 -0.604631 -0.563886 0 0
    0 1.461785 -3.246034 34.446480 0.094938 -0.343589 -0.934309 0 0
  phy
    0 3.740853 2.718767 34.446480 0.430896 0.463135 -0.774490 0 0
    0 1.461785 -3.246034 34.446480 0.094938 -0.343589 -0.934309 0 0
    0 1.461786 4.126896 34.446480 0.081566 0.295193 -0.951950 0 0
  phy
    0 1.461786 4.126896 34.446480 0.081566 0.295193 -0.951950 0 0
    0 1.461785 -3.246034 34.446480 0.094938 -0.343589 -0.934309 0 0
    0 -1.355273 -3.246034 34.446480 -0.064781 -0.382819 -0.921549 0 0
  phy
    0 1.461786 4.126896 34.446480 0.081566 0.295193 -0.951950 0 0
    0 -1.355273 -3.246034 34.446480 -0.064781 -0.382819 -0.921549 0 0
    0 -1.355274 4.126895 34.446480 -0.085225 0.503621 -0.859711 0 0
  phy
    0 -1.355274 4.126895 34.446480 -0.085225 0.503621 -0.859711 0 0
    0 -1.355273 -3.246034 34.446480 -0.064781 -0.382819 -0.921549 0 0
    0 -4.504845 0.440431 34.446480 -0.703064 -0.000001 -0.711126 0 0
  phy
    0 -1.355274 4.126895 34.446480 -0.085225 0.503621 -0.859711 0 0
    0 -4.504845 0.440431 34.446480 -0.703064 -0.000001 -0.711126 0 0
    0 -3.634354 2.718767 34.446480 -0.651529 0.700276 -0.291761 0 0
  phy
    0 -4.504845 0.440431 34.446480 -0.703064 -0.000001 -0.711126 0 0
    0 -1.355273 -3.246034 34.446480 -0.064781 -0.382819 -0.921549 0 0
    0 -3.634335 -1.837929 34.446480 -0.646534 -0.694907 -0.314797 0 0
  phy
    0 4.274795 -2.332166 38.206542 0.828098 -0.560547 0.006445 0 0
    0 1.665733 -4.003469 38.206541 0.272179 -0.958988 -0.079122 0 0
    0 3.740797 -1.837929 34.446480 0.562542 -0.604631 -0.563886 0 0
  phy
    0 3.740797 -1.837929 34.446480 0.562542 -0.604631 -0.563886 0 0
    0 1.665733 -4.003469 38.206541 0.272179 -0.958988 -0.079122 0 0
    0 1.461785 -3.246034 34.446480 0.094938 -0.343589 -0.934309 0 0
  phy
    0 3.740797 -1.837929 34.446480 0.562542 -0.604631 -0.563886 0 0
    0 4.611355 0.440431 34.446480 0.961487 -0.000005 -0.274850 0 0
    0 4.274795 -2.332166 38.206542 0.828098 -0.560547 0.006445 0 0
  phy
    0 -1.559229 -4.003467 38.206539 -0.350883 -0.933650 -0.071970 0 0
    0 -4.168286 -2.332166 38.206536 -0.828099 -0.560544 0.006449 0 0
    0 -3.634335 -1.837929 34.446480 -0.646534 -0.694907 -0.314797 0 0
  phy
    0 -3.634335 -1.837929 34.446480 -0.646534 -0.694907 -0.314797 0 0
    0 -1.355273 -3.246034 34.446480 -0.064781 -0.382819 -0.921549 0 0
    0 -1.559229 -4.003467 38.206539 -0.350883 -0.933650 -0.071970 0 0
  phy
    0 -4.504845 0.440431 34.446480 -0.703064 -0.000001 -0.711126 0 0
    0 -3.634335 -1.837929 34.446480 -0.646534 -0.694907 -0.314797 0 0
    0 -4.168286 -2.332166 38.206536 -0.828099 -0.560544 0.006449 0 0
  phy
    0 3.740853 2.718767 34.446480 0.430896 0.463135 -0.774490 0 0
    0 1.665741 4.747580 38.206539 0.300154 0.941054 0.155964 0 0
    0 4.274795 3.076279 38.206538 0.799786 0.586041 0.129995 0 0
  phy
    0 1.665741 4.747580 38.206539 0.300154 0.941054 0.155964 0 0
    0 3.740853 2.718767 34.446480 0.430896 0.463135 -0.774490 0 0
    0 1.461786 4.126896 34.446480 0.081566 0.295193 -0.951950 0 0
  phy
    0 3.740853 2.718767 34.446480 0.430896 0.463135 -0.774490 0 0
    0 4.274795 3.076279 38.206538 0.799786 0.586041 0.129995 0 0
    0 4.611355 0.440431 34.446480 0.961487 -0.000005 -0.274850 0 0
  phy
    0 3.795763 -0.721926 41.966590 0.628437 -0.093492 0.772221 0 0
    0 4.274795 -2.332166 38.206542 0.828098 -0.560547 0.006445 0 0
    0 5.271368 0.372056 38.206537 0.984371 0.056542 0.166782 0 0
  phy
    0 3.795763 -0.721926 41.966590 0.628437 -0.093492 0.772221 0 0
    0 3.059729 -2.719175 41.966590 0.662040 -0.708792 0.243551 0 0
    0 4.274795 -2.332166 38.206542 0.828098 -0.560547 0.006445 0 0
  phy
    0 4.611355 0.440431 34.446480 0.961487 -0.000005 -0.274850 0 0
    0 5.271368 0.372056 38.206537 0.984371 0.056542 0.166782 0 0
    0 4.274795 -2.332166 38.206542 0.828098 -0.560547 0.006445 0 0
  phy
    0 -4.504845 0.440431 34.446480 -0.703064 -0.000001 -0.711126 0 0
    0 -4.168286 -2.332166 38.206536 -0.828099 -0.560544 0.006449 0 0
    0 -5.164858 0.372058 38.206540 -0.984371 0.056541 0.166782 0 0
  phy
    0 4.274795 3.076279 38.206538 0.799786 0.586041 0.129995 0 0
    0 5.271368 0.372056 38.206537 0.984371 0.056542 0.166782 0 0
    0 4.611355 0.440431 34.446480 0.961487 -0.000005 -0.274850 0 0
  phy
    0 -1.559229 -4.003467 38.206539 -0.350883 -0.933650 -0.071970 0 0
    0 -1.355273 -3.246034 34.446480 -0.064781 -0.382819 -0.921549 0 0
    0 1.665733 -4.003469 38.206541 0.272179 -0.958988 -0.079122 0 0
  phy
    0 -1.355273 -3.246034 34.446480 -0.064781 -0.382819 -0.921549 0 0
    0 1.461785 -3.246034 34.446480 0.094938 -0.343589 -0.934309 0 0
    0 1.665733 -4.003469 38.206541 0.272179 -0.958988 -0.079122 0 0
  phy
    54 -2.707618 -2.214870 21.086858 0.220429 -0.650907 -0.726451 0 0
    54 -3.672564 -2.214066 21.086848 0.391730 0.493285 -0.776671 0 0
    54 -1.627134 -0.247651 21.046186 0.279643 -0.925892 -0.254016 0 0
  phy
    54 -3.672564 -2.214066 21.086848 0.391730 0.493285 -0.776671 0 0
    54 -1.924304 0.968960 21.021035 0.337322 -0.727715 0.597197 0 0
    54 -1.627134 -0.247651 21.046186 0.279643 -0.925892 -0.254016 0 0
  phy
    54 -3.672564 -2.214066 21.086848 0.391730 0.493285 -0.776671 0 0
    54 -4.749766 -0.245050 21.046161 0.334221 0.942343 -0.016914 0 0
    54 -1.924304 0.968960 21.021035 0.337322 -0.727715 0.597197 0 0
  phy
    54 -4.749766 -0.245050 21.046161 0.334221 0.942343 -0.016914 0 0
    54 -3.669286 1.722166 21.005489 0.252549 0.343169 0.904684 0 0
    54 -1.924304 0.968960 21.021035 0.337322 -0.727715 0.597197 0 0
  phy
    54 -3.672564 -2.214066 21.086848 0.391730 0.493285 -0.776671 0 0
    54 -2.707618 -2.214870 21.086858 0.220429 -0.650907 -0.726451 0 0
    54 -2.694349 -3.498708 28.637587 0.028187 -0.259302 -0.965385 0 0
  phy
    54 -3.672564 -2.214066 21.086848 0.391730 0.493285 -0.776671 0 0
    54 -2.694349 -3.498708 28.637587 0.028187 -0.259302 -0.965385 0 0
    54 -4.282172 -3.497385 28.637582 0.016510 0.364615 -0.931012 0 0
  phy
    54 -5.565815 -2.380056 28.614489 0.019632 0.844949 -0.534486 0 0
    54 -3.672564 -2.214066 21.086848 0.391730 0.493285 -0.776671 0 0
    54 -4.282172 -3.497385 28.637582 0.016510 0.364615 -0.931012 0 0
  phy
    54 -3.672564 -2.214066 21.086848 0.391730 0.493285 -0.776671 0 0
    54 -5.565815 -2.380056 28.614489 0.019632 0.844949 -0.534486 0 0
    54 -4.749766 -0.245050 21.046161 0.334221 0.942343 -0.016914 0 0
  phy
    54 -4.089387 -3.015258 35.797822 -0.287930 0.388591 -0.875267 0 0
    54 -2.608557 -3.016491 35.797834 -0.126503 -0.532022 -0.837227 0 0
    54 -1.409400 -1.648416 35.769548 -0.367236 -0.872297 -0.322856 0 0
  phy
    54 -4.089387 -3.015258 35.797822 -0.287930 0.388591 -0.875267 0 0
    54 -1.409400 -1.648416 35.769548 -0.367236 -0.872297 -0.322856 0 0
    54 -5.286264 -1.645185 35.769518 -0.599683 0.750619 -0.277401 0 0
  phy
    54 -5.286264 -1.645185 35.769518 -0.599683 0.750619 -0.277401 0 0
    54 -1.409400 -1.648416 35.769548 -0.367236 -0.872297 -0.322856 0 0
    54 -0.949952 0.566414 35.723769 -0.653853 -0.755877 0.033560 0 0
  phy
    54 -5.286264 -1.645185 35.769518 -0.599683 0.750619 -0.277401 0 0
    54 -0.949952 0.566414 35.723769 -0.653853 -0.755877 0.033560 0 0
    54 -5.742020 0.570406 35.723731 -0.729555 0.682860 0.038107 0 0
  phy
    54 -5.742020 0.570406 35.723731 -0.729555 0.682860 0.038107 0 0
    54 -0.949952 0.566414 35.723769 -0.653853 -0.755877 0.033560 0 0
    54 -1.405710 2.782009 35.677982 -0.237534 -0.873595 0.424746 0 0
  phy
    54 -5.742020 0.570406 35.723731 -0.729555 0.682860 0.038107 0 0
    54 -1.405710 2.782009 35.677982 -0.237534 -0.873595 0.424746 0 0
    54 -5.282573 2.785237 35.677952 -0.351113 0.861060 0.367826 0 0
  phy
    54 -5.282573 2.785237 35.677952 -0.351113 0.861060 0.367826 0 0
    54 -1.405710 2.782009 35.677982 -0.237534 -0.873595 0.424746 0 0
    54 -2.602587 4.152082 35.649677 0.104365 -0.430304 0.896630 0 0
  phy
    54 -5.282573 2.785237 35.677952 -0.351113 0.861060 0.367826 0 0
    54 -2.602587 4.152082 35.649677 0.104365 -0.430304 0.896630 0 0
    54 -4.083415 4.153313 35.649666 0.122503 0.540949 0.832086 0 0
  phy
    54 -5.562805 1.232236 28.539827 0.111150 0.842704 0.526779 0 0
    54 -4.083415 4.153313 35.649666 0.122503 0.540949 0.832086 0 0
    54 -3.669286 1.722166 21.005489 0.252549 0.343169 0.904684 0 0
  phy
    54 -4.083415 4.153313 35.649666 0.122503 0.540949 0.832086 0 0
    54 -5.562805 1.232236 28.539827 0.111150 0.842704 0.526779 0 0
    54 -5.282573 2.785237 35.677952 -0.351113 0.861060 0.367826 0 0
  phy
    54 -2.602587 4.152082 35.649677 0.104365 -0.430304 0.896630 0 0
    54 -3.669286 1.722166 21.005489 0.252549 0.343169 0.904684 0 0
    54 -4.083415 4.153313 35.649666 0.122503 0.540949 0.832086 0 0
  phy
    54 -5.286264 -1.645185 35.769518 -0.599683 0.750619 -0.277401 0 0
    54 -5.742020 0.570406 35.723731 -0.729555 0.682860 0.038107 0 0
    54 -6.054975 -0.573500 28.577160 -0.010458 0.999945 0.000975 0 0
  phy
    54 -6.054975 -0.573500 28.577160 -0.010458 0.999945 0.000975 0 0
    54 -5.742020 0.570406 35.723731 -0.729555 0.682860 0.038107 0 0
    54 -5.282573 2.785237 35.677952 -0.351113 0.861060 0.367826 0 0
  phy
    54 -4.282172 -3.497385 28.637582 0.016510 0.364615 -0.931012 0 0
    54 -2.694349 -3.498708 28.637587 0.028187 -0.259302 -0.965385 0 0
    54 -4.089387 -3.015258 35.797822 -0.287930 0.388591 -0.875267 0 0
  phy
    54 -4.089387 -3.015258 35.797822 -0.287930 0.388591 -0.875267 0 0
    54 -2.694349 -3.498708 28.637587 0.028187 -0.259302 -0.965385 0 0
    54 -2.608557 -3.016491 35.797834 -0.126503 -0.532022 -0.837227 0 0
  phy
    54 -2.608557 -3.016491 35.797834 -0.126503 -0.532022 -0.837227 0 0
    54 -2.694349 -3.498708 28.637587 0.028187 -0.259302 -0.965385 0 0
    54 -1.408845 -2.383521 28.614523 0.070023 -0.839610 -0.538658 0 0
  phy
    54 -2.694349 -3.498708 28.637587 0.028187 -0.259302 -0.965385 0 0
    54 -2.707618 -2.214870 21.086858 0.220429 -0.650907 -0.726451 0 0
    54 -1.408845 -2.383521 28.614523 0.070023 -0.839610 -0.538658 0 0
  phy
    54 -1.627134 -0.247651 21.046186 0.279643 -0.925892 -0.254016 0 0
    54 -1.924304 0.968960 21.021035 0.337322 -0.727715 0.597197 0 0
    54 -0.916678 -0.577793 28.577142 0.080564 -0.996563 0.019265 0 0
  phy
    54 -1.627134 -0.247651 21.046186 0.279643 -0.925892 -0.254016 0 0
    54 -1.408845 -2.383521 28.614523 0.070023 -0.839610 -0.538658 0 0
    54 -2.707618 -2.214870 21.086858 0.220429 -0.650907 -0.726451 0 0
  phy
    54 -0.916678 -0.577793 28.577142 0.080564 -0.996563 0.019265 0 0
    54 -1.408845 -2.383521 28.614523 0.070023 -0.839610 -0.538658 0 0
    54 -1.627134 -0.247651 21.046186 0.279643 -0.925892 -0.254016 0 0
  phy
    54 -5.565815 -2.380056 28.614489 0.019632 0.844949 -0.534486 0 0
    54 -4.282172 -3.497385 28.637582 0.016510 0.364615 -0.931012 0 0
    54 -4.089387 -3.015258 35.797822 -0.287930 0.388591 -0.875267 0 0
  phy
    54 -5.286264 -1.645185 35.769518 -0.599683 0.750619 -0.277401 0 0
    54 -5.565815 -2.380056 28.614489 0.019632 0.844949 -0.534486 0 0
    54 -4.089387 -3.015258 35.797822 -0.287930 0.388591 -0.875267 0 0
  phy
    54 -5.565815 -2.380056 28.614489 0.019632 0.844949 -0.534486 0 0
    54 -5.286264 -1.645185 35.769518 -0.599683 0.750619 -0.277401 0 0
    54 -6.054975 -0.573500 28.577160 -0.010458 0.999945 0.000975 0 0
  phy
    54 -5.565815 -2.380056 28.614489 0.019632 0.844949 -0.534486 0 0
    54 -6.054975 -0.573500 28.577160 -0.010458 0.999945 0.000975 0 0
    54 -4.749766 -0.245050 21.046161 0.334221 0.942343 -0.016914 0 0
  phy
    54 -1.405839 1.228772 28.539833 0.118545 -0.952304 0.281184 0 0
    54 -1.405710 2.782009 35.677982 -0.237534 -0.873595 0.424746 0 0
    54 -0.916678 -0.577793 28.577142 0.080564 -0.996563 0.019265 0 0
  phy
    54 -0.916678 -0.577793 28.577142 0.080564 -0.996563 0.019265 0 0
    54 -1.924304 0.968960 21.021035 0.337322 -0.727715 0.597197 0 0
    54 -1.405839 1.228772 28.539833 0.118545 -0.952304 0.281184 0 0
  phy
    54 -1.405839 1.228772 28.539833 0.118545 -0.952304 0.281184 0 0
    54 -1.924304 0.968960 21.021035 0.337322 -0.727715 0.597197 0 0
    54 -1.405710 2.782009 35.677982 -0.237534 -0.873595 0.424746 0 0
  phy
    54 -2.608557 -3.016491 35.797834 -0.126503 -0.532022 -0.837227 0 0
    54 -1.408845 -2.383521 28.614523 0.070023 -0.839610 -0.538658 0 0
    54 -1.409400 -1.648416 35.769548 -0.367236 -0.872297 -0.322856 0 0
  phy
    54 -6.054975 -0.573500 28.577160 -0.010458 0.999945 0.000975 0 0
    54 -5.562805 1.232236 28.539827 0.111150 0.842704 0.526779 0 0
    54 -4.749766 -0.245050 21.046161 0.334221 0.942343 -0.016914 0 0
  phy
    54 -5.562805 1.232236 28.539827 0.111150 0.842704 0.526779 0 0
    54 -6.054975 -0.573500 28.577160 -0.010458 0.999945 0.000975 0 0
    54 -5.282573 2.785237 35.677952 -0.351113 0.861060 0.367826 0 0
  phy
    54 -5.562805 1.232236 28.539827 0.111150 0.842704 0.526779 0 0
    54 -3.669286 1.722166 21.005489 0.252549 0.343169 0.904684 0 0
    54 -4.749766 -0.245050 21.046161 0.334221 0.942343 -0.016914 0 0
  phy
    54 -1.405710 2.782009 35.677982 -0.237534 -0.873595 0.424746 0 0
    54 -1.924304 0.968960 21.021035 0.337322 -0.727715 0.597197 0 0
    54 -2.602587 4.152082 35.649677 0.104365 -0.430304 0.896630 0 0
  phy
    54 -2.602587 4.152082 35.649677 0.104365 -0.430304 0.896630 0 0
    54 -1.924304 0.968960 21.021035 0.337322 -0.727715 0.597197 0 0
    54 -3.669286 1.722166 21.005489 0.252549 0.343169 0.904684 0 0
  phy
    54 -1.409400 -1.648416 35.769548 -0.367236 -0.872297 -0.322856 0 0
    54 -1.408845 -2.383521 28.614523 0.070023 -0.839610 -0.538658 0 0
    54 -0.916678 -0.577793 28.577142 0.080564 -0.996563 0.019265 0 0
  phy
    54 -0.916678 -0.577793 28.577142 0.080564 -0.996563 0.019265 0 0
    54 -0.949952 0.566414 35.723769 -0.653853 -0.755877 0.033560 0 0
    54 -1.409400 -1.648416 35.769548 -0.367236 -0.872297 -0.322856 0 0
  phy
    54 -1.405710 2.782009 35.677982 -0.237534 -0.873595 0.424746 0 0
    54 -0.949952 0.566414 35.723769 -0.653853 -0.755877 0.033560 0 0
    54 -0.916678 -0.577793 28.577142 0.080564 -0.996563 0.019265 0 0
  phy
    55 -3.225846 -0.790260 4.908129 0.074542 0.007975 -0.997186 0 0
    55 -3.911288 -0.038950 4.904772 0.220621 0.883471 -0.413286 0 0
    55 -1.695620 -0.037514 4.865200 0.161806 -0.805340 -0.570304 0 0
  phy
    55 -3.911288 -0.038950 4.904772 0.220621 0.883471 -0.413286 0 0
    55 -1.698095 2.395205 4.814775 0.377053 -0.828864 0.413299 0 0
    55 -1.695620 -0.037514 4.865200 0.161806 -0.805340 -0.570304 0 0
  phy
    55 -3.911288 -0.038950 4.904772 0.220621 0.883471 -0.413286 0 0
    55 -3.913762 2.393773 4.854350 0.278809 0.941508 0.189286 0 0
    55 -1.698095 2.395205 4.814775 0.377053 -0.828864 0.413299 0 0
  phy
    55 -3.913762 2.393773 4.854350 0.278809 0.941508 0.189286 0 0
    55 -3.229852 3.145966 4.826538 0.238024 0.206882 0.948970 0 0
    55 -1.698095 2.395205 4.814775 0.377053 -0.828864 0.413299 0 0
  phy
    55 -3.225846 -0.790260 4.908129 0.074542 0.007975 -0.997186 0 0
    55 -2.600426 -2.511456 20.460849 -0.072793 -0.505802 -0.859573 0 0
    55 -3.718233 -2.512178 20.480808 -0.041916 0.693845 -0.718903 0 0
  phy
    55 -2.600426 -2.511456 20.460849 -0.072793 -0.505802 -0.859573 0 0
    55 -3.225846 -0.790260 4.908129 0.074542 0.007975 -0.997186 0 0
    55 -1.695620 -0.037514 4.865200 0.161806 -0.805340 -0.570304 0 0
  phy
    55 -3.911288 -0.038950 4.904772 0.220621 0.883471 -0.413286 0 0
    55 -3.225846 -0.790260 4.908129 0.074542 0.007975 -0.997186 0 0
    55 -3.718233 -2.512178 20.480808 -0.041916 0.693845 -0.718903 0 0
  phy
    55 -3.639667 3.921059 13.503834 0.055654 0.309166 0.949378 0 0
    55 -2.606077 3.045568 20.345667 -0.092987 -0.411588 0.906614 0 0
    55 -2.259173 3.921952 13.479190 0.114215 -0.385106 0.915777 0 0
  phy
    55 -3.639667 3.921059 13.503834 0.055654 0.309166 0.949378 0 0
    55 -3.723884 3.044845 20.365627 -0.303654 0.673421 0.674016 0 0
    55 -2.606077 3.045568 20.345667 -0.092987 -0.411588 0.906614 0 0
  phy
    55 -4.970804 0.265525 20.445533 -0.468359 0.882179 0.048997 0 0
    55 -3.718233 -2.512178 20.480808 -0.041916 0.693845 -0.718903 0 0
    55 -2.600426 -2.511456 20.460849 -0.072793 -0.505802 -0.859573 0 0
  phy
    55 -4.970804 0.265525 20.445533 -0.468359 0.882179 0.048997 0 0
    55 -2.600426 -2.511456 20.460849 -0.072793 -0.505802 -0.859573 0 0
    55 -1.697182 -1.449574 20.422704 -0.406224 -0.900926 -0.152689 0 0
  phy
    55 -4.970804 0.265525 20.445533 -0.468359 0.882179 0.048997 0 0
    55 -1.697182 -1.449574 20.422704 -0.406224 -0.900926 -0.152689 0 0
    55 -1.700675 1.984855 20.351518 -0.470616 -0.851544 0.231072 0 0
  phy
    55 -4.970804 0.265525 20.445533 -0.468359 0.882179 0.048997 0 0
    55 -1.700675 1.984855 20.351518 -0.470616 -0.851544 0.231072 0 0
    55 -3.723884 3.044845 20.365627 -0.303654 0.673421 0.674016 0 0
  phy
    55 -3.723884 3.044845 20.365627 -0.303654 0.673421 0.674016 0 0
    55 -1.700675 1.984855 20.351518 -0.470616 -0.851544 0.231072 0 0
    55 -2.606077 3.045568 20.345667 -0.092987 -0.411588 0.906614 0 0
  phy
    55 -2.606077 3.045568 20.345667 -0.092987 -0.411588 0.906614 0 0
    55 -1.700675 1.984855 20.351518 -0.470616 -0.851544 0.231072 0 0
    55 -1.141331 2.943501 13.479536 0.033147 -0.842556 0.537587 0 0
  phy
    55 -1.141331 2.943501 13.479536 0.033147 -0.842556 0.537587 0 0
    55 -2.259173 3.921952 13.479190 0.114215 -0.385106 0.915777 0 0
    55 -2.606077 3.045568 20.345667 -0.092987 -0.411588 0.906614 0 0
  phy
    55 -1.698095 2.395205 4.814775 0.377053 -0.828864 0.413299 0 0
    55 -2.259173 3.921952 13.479190 0.114215 -0.385106 0.915777 0 0
    55 -1.141331 2.943501 13.479536 0.033147 -0.842556 0.537587 0 0
  phy
    55 -1.141331 2.943501 13.479536 0.033147 -0.842556 0.537587 0 0
    55 -0.713126 1.359440 13.504755 0.018438 -0.999827 -0.002350 0 0
    55 -1.698095 2.395205 4.814775 0.377053 -0.828864 0.413299 0 0
  phy
    55 -1.700675 1.984855 20.351518 -0.470616 -0.851544 0.231072 0 0
    55 -0.713126 1.359440 13.504755 0.018438 -0.999827 -0.002350 0 0
    55 -1.141331 2.943501 13.479536 0.033147 -0.842556 0.537587 0 0
  phy
    55 -4.752292 -0.227509 13.609747 -0.005273 0.901216 -0.433338 0 0
    55 -4.970804 0.265525 20.445533 -0.468359 0.882179 0.048997 0 0
    55 -5.180499 1.356552 13.584528 0.051576 0.998657 -0.004918 0 0
  phy
    55 -4.970804 0.265525 20.445533 -0.468359 0.882179 0.048997 0 0
    55 -4.752292 -0.227509 13.609747 -0.005273 0.901216 -0.433338 0 0
    55 -3.718233 -2.512178 20.480808 -0.041916 0.693845 -0.718903 0 0
  phy
    55 -3.911288 -0.038950 4.904772 0.220621 0.883471 -0.413286 0 0
    55 -4.752292 -0.227509 13.609747 -0.005273 0.901216 -0.433338 0 0
    55 -5.180499 1.356552 13.584528 0.051576 0.998657 -0.004918 0 0
  phy
    55 -4.752292 -0.227509 13.609747 -0.005273 0.901216 -0.433338 0 0
    55 -3.911288 -0.038950 4.904772 0.220621 0.883471 -0.413286 0 0
    55 -3.718233 -2.512178 20.480808 -0.041916 0.693845 -0.718903 0 0
  phy
    55 -4.755512 2.941162 13.544071 0.013027 0.860673 0.508992 0 0
    55 -3.913762 2.393773 4.854350 0.278809 0.941508 0.189286 0 0
    55 -5.180499 1.356552 13.584528 0.051576 0.998657 -0.004918 0 0
  phy
    55 -3.913762 2.393773 4.854350 0.278809 0.941508 0.189286 0 0
    55 -4.755512 2.941162 13.544071 0.013027 0.860673 0.508992 0 0
    55 -3.229852 3.145966 4.826538 0.238024 0.206882 0.948970 0 0
  phy
    55 -3.913762 2.393773 4.854350 0.278809 0.941508 0.189286 0 0
    55 -3.911288 -0.038950 4.904772 0.220621 0.883471 -0.413286 0 0
    55 -5.180499 1.356552 13.584528 0.051576 0.998657 -0.004918 0 0
  phy
    55 -4.755512 2.941162 13.544071 0.013027 0.860673 0.508992 0 0
    55 -3.723884 3.044845 20.365627 -0.303654 0.673421 0.674016 0 0
    55 -3.639667 3.921059 13.503834 0.055654 0.309166 0.949378 0 0
  phy
    55 -3.639667 3.921059 13.503834 0.055654 0.309166 0.949378 0 0
    55 -3.229852 3.145966 4.826538 0.238024 0.206882 0.948970 0 0
    55 -4.755512 2.941162 13.544071 0.013027 0.860673 0.508992 0 0
  phy
    55 -2.259173 3.921952 13.479190 0.114215 -0.385106 0.915777 0 0
    55 -3.229852 3.145966 4.826538 0.238024 0.206882 0.948970 0 0
    55 -3.639667 3.921059 13.503834 0.055654 0.309166 0.949378 0 0
  phy
    55 -2.600426 -2.511456 20.460849 -0.072793 -0.505802 -0.859573 0 0
    55 -1.695620 -0.037514 4.865200 0.161806 -0.805340 -0.570304 0 0
    55 -1.138118 -0.225176 13.545198 0.024962 -0.860867 -0.508217 0 0
  phy
    55 -1.138118 -0.225176 13.545198 0.024962 -0.860867 -0.508217 0 0
    55 -1.697182 -1.449574 20.422704 -0.406224 -0.900926 -0.152689 0 0
    55 -2.600426 -2.511456 20.460849 -0.072793 -0.505802 -0.859573 0 0
  phy
    55 -1.138118 -0.225176 13.545198 0.024962 -0.860867 -0.508217 0 0
    55 -0.713126 1.359440 13.504755 0.018438 -0.999827 -0.002350 0 0
    55 -1.697182 -1.449574 20.422704 -0.406224 -0.900926 -0.152689 0 0
  phy
    55 -1.695620 -0.037514 4.865200 0.161806 -0.805340 -0.570304 0 0
    55 -0.713126 1.359440 13.504755 0.018438 -0.999827 -0.002350 0 0
    55 -1.138118 -0.225176 13.545198 0.024962 -0.860867 -0.508217 0 0
  phy
    55 -1.697182 -1.449574 20.422704 -0.406224 -0.900926 -0.152689 0 0
    55 -0.713126 1.359440 13.504755 0.018438 -0.999827 -0.002350 0 0
    55 -1.700675 1.984855 20.351518 -0.470616 -0.851544 0.231072 0 0
  phy
    55 -4.970804 0.265525 20.445533 -0.468359 0.882179 0.048997 0 0
    55 -4.755512 2.941162 13.544071 0.013027 0.860673 0.508992 0 0
    55 -5.180499 1.356552 13.584528 0.051576 0.998657 -0.004918 0 0
  phy
    55 -4.755512 2.941162 13.544071 0.013027 0.860673 0.508992 0 0
    55 -4.970804 0.265525 20.445533 -0.468359 0.882179 0.048997 0 0
    55 -3.723884 3.044845 20.365627 -0.303654 0.673421 0.674016 0 0
  phy
    55 -1.698095 2.395205 4.814775 0.377053 -0.828864 0.413299 0 0
    55 -3.229852 3.145966 4.826538 0.238024 0.206882 0.948970 0 0
    55 -2.259173 3.921952 13.479190 0.114215 -0.385106 0.915777 0 0
  phy
    55 -1.698095 2.395205 4.814775 0.377053 -0.828864 0.413299 0 0
    55 -0.713126 1.359440 13.504755 0.018438 -0.999827 -0.002350 0 0
    55 -1.695620 -0.037514 4.865200 0.161806 -0.805340 -0.570304 0 0
  phy
    51 2.614952 -2.214969 21.086825 0.276436 0.347846 -0.895872 0 0
    51 1.534468 -0.247750 21.046158 0.346448 0.903615 -0.251901 0 0
    51 4.359932 -1.461760 21.071275 0.397937 -0.789996 -0.466425 0 0
  phy
    51 1.534468 -0.247750 21.046158 0.346448 0.903615 -0.251901 0 0
    51 1.831640 0.968864 21.021014 0.310665 0.734499 0.603324 0 0
    51 4.359932 -1.461760 21.071275 0.397937 -0.789996 -0.466425 0 0
  phy
    51 1.831640 0.968864 21.021014 0.310665 0.734499 0.603324 0 0
    51 4.357911 0.970969 21.020994 0.247910 -0.858590 0.448735 0 0
    51 4.359932 -1.461760 21.071275 0.397937 -0.789996 -0.466425 0 0
  phy
    51 1.831640 0.968864 21.021014 0.310665 0.734499 0.603324 0 0
    51 3.576620 1.722071 21.005462 0.242709 -0.007746 0.970068 0 0
    51 4.357911 0.970969 21.020994 0.247910 -0.858590 0.448735 0 0
  phy
    51 2.509919 4.151997 35.649675 0.175813 0.424709 0.888095 0 0
    51 3.990741 4.153231 35.649657 0.052129 -0.558886 0.827604 0 0
    51 3.576620 1.722071 21.005462 0.242709 -0.007746 0.970068 0 0
  phy
    51 3.576620 1.722071 21.005462 0.242709 -0.007746 0.970068 0 0
    51 1.831640 0.968864 21.021014 0.310665 0.734499 0.603324 0 0
    51 2.509919 4.151997 35.649675 0.175813 0.424709 0.888095 0 0
  phy
    51 3.576620 1.722071 21.005462 0.242709 -0.007746 0.970068 0 0
    51 3.990741 4.153231 35.649657 0.052129 -0.558886 0.827604 0 0
    51 4.357911 0.970969 21.020994 0.247910 -0.858590 0.448735 0 0
  phy
    51 2.509919 4.151997 35.649675 0.175813 0.424709 0.888095 0 0
    51 1.313044 2.781925 35.677980 -0.266751 0.866040 0.422871 0 0
    51 3.990741 4.153231 35.649657 0.052129 -0.558886 0.827604 0 0
  phy
    51 3.990741 4.153231 35.649657 0.052129 -0.558886 0.827604 0 0
    51 1.313044 2.781925 35.677980 -0.266751 0.866040 0.422871 0 0
    51 5.189909 2.785150 35.677930 -0.307688 -0.876483 0.370277 0 0
  phy
    51 5.189909 2.785150 35.677930 -0.307688 -0.876483 0.370277 0 0
    51 1.313044 2.781925 35.677980 -0.266751 0.866040 0.422871 0 0
    51 5.649358 0.570316 35.723698 -0.727989 -0.684551 0.037715 0 0
  phy
    51 5.649358 0.570316 35.723698 -0.727989 -0.684551 0.037715 0 0
    51 1.313044 2.781925 35.677980 -0.266751 0.866040 0.422871 0 0
    51 0.857287 0.566328 35.723760 -0.655587 0.754355 0.033963 0 0
  phy
    51 5.649358 0.570316 35.723698 -0.727989 -0.684551 0.037715 0 0
    51 0.857287 0.566328 35.723760 -0.655587 0.754355 0.033963 0 0
    51 5.193603 -1.645260 35.769478 -0.597958 -0.751837 -0.277826 0 0
  phy
    51 5.193603 -1.645260 35.769478 -0.597958 -0.751837 -0.277826 0 0
    51 0.857287 0.566328 35.723760 -0.655587 0.754355 0.033963 0 0
    51 1.316733 -1.648502 35.769527 -0.369229 0.871630 -0.322383 0 0
  phy
    51 5.193603 -1.645260 35.769478 -0.597958 -0.751837 -0.277826 0 0
    51 1.316733 -1.648502 35.769527 -0.369229 0.871630 -0.322383 0 0
    51 3.996727 -3.015347 35.797783 -0.287028 -0.388768 -0.875485 0 0
  phy
    51 3.996727 -3.015347 35.797783 -0.287028 -0.388768 -0.875485 0 0
    51 1.316733 -1.648502 35.769527 -0.369229 0.871630 -0.322383 0 0
    51 2.515893 -3.016578 35.797802 -0.127709 0.532192 -0.836936 0 0
  phy
    51 5.473151 -2.380150 28.614478 -0.020310 -0.835995 -0.548362 0 0
    51 5.962311 -0.573595 28.577139 0.022702 -0.999742 -0.001176 0 0
    51 5.193603 -1.645260 35.769478 -0.597958 -0.751837 -0.277826 0 0
  phy
    51 5.193603 -1.645260 35.769478 -0.597958 -0.751837 -0.277826 0 0
    51 5.962311 -0.573595 28.577139 0.022702 -0.999742 -0.001176 0 0
    51 5.649358 0.570316 35.723698 -0.727989 -0.684551 0.037715 0 0
  phy
    51 5.193603 -1.645260 35.769478 -0.597958 -0.751837 -0.277826 0 0
    51 3.996727 -3.015347 35.797783 -0.287028 -0.388768 -0.875485 0 0
    51 5.473151 -2.380150 28.614478 -0.020310 -0.835995 -0.548362 0 0
  phy
    51 5.470144 1.232143 28.539836 0.094536 -0.849806 0.518549 0 0
    51 5.962311 -0.573595 28.577139 0.022702 -0.999742 -0.001176 0 0
    51 4.357911 0.970969 21.020994 0.247910 -0.858590 0.448735 0 0
  phy
    51 5.470144 1.232143 28.539836 0.094536 -0.849806 0.518549 0 0
    51 5.189909 2.785150 35.677930 -0.307688 -0.876483 0.370277 0 0
    51 5.962311 -0.573595 28.577139 0.022702 -0.999742 -0.001176 0 0
  phy
    51 3.990741 4.153231 35.649657 0.052129 -0.558886 0.827604 0 0
    51 5.189909 2.785150 35.677930 -0.307688 -0.876483 0.370277 0 0
    51 5.470144 1.232143 28.539836 0.094536 -0.849806 0.518549 0 0
  phy
    51 4.357911 0.970969 21.020994 0.247910 -0.858590 0.448735 0 0
    51 3.990741 4.153231 35.649657 0.052129 -0.558886 0.827604 0 0
    51 5.470144 1.232143 28.539836 0.094536 -0.849806 0.518549 0 0
  phy
    51 1.313044 2.781925 35.677980 -0.266751 0.866040 0.422871 0 0
    51 1.313174 1.228683 28.539837 0.116361 0.952414 0.281721 0 0
    51 0.823994 -0.577846 28.577157 0.078280 0.996734 0.019817 0 0
  phy
    51 1.313174 1.228683 28.539837 0.116361 0.952414 0.281721 0 0
    51 1.313044 2.781925 35.677980 -0.266751 0.866040 0.422871 0 0
    51 1.831640 0.968864 21.021014 0.310665 0.734499 0.603324 0 0
  phy
    51 0.823994 -0.577846 28.577157 0.078280 0.996734 0.019817 0 0
    51 1.313174 1.228683 28.539837 0.116361 0.952414 0.281721 0 0
    51 1.831640 0.968864 21.021014 0.310665 0.734499 0.603324 0 0
  phy
    51 1.313044 2.781925 35.677980 -0.266751 0.866040 0.422871 0 0
    51 2.509919 4.151997 35.649675 0.175813 0.424709 0.888095 0 0
    51 1.831640 0.968864 21.021014 0.310665 0.734499 0.603324 0 0
  phy
    51 2.601685 -3.498802 28.637576 0.012868 0.293949 -0.955735 0 0
    51 4.189503 -3.497480 28.637579 0.061033 -0.372172 -0.926155 0 0
    51 3.996727 -3.015347 35.797783 -0.287028 -0.388768 -0.875485 0 0
  phy
    51 2.601685 -3.498802 28.637576 0.012868 0.293949 -0.955735 0 0
    51 3.996727 -3.015347 35.797783 -0.287028 -0.388768 -0.875485 0 0
    51 2.515893 -3.016578 35.797802 -0.127709 0.532192 -0.836936 0 0
  phy
    51 2.601685 -3.498802 28.637576 0.012868 0.293949 -0.955735 0 0
    51 2.515893 -3.016578 35.797802 -0.127709 0.532192 -0.836936 0 0
    51 1.316179 -2.383614 28.614508 0.068108 0.840066 -0.538192 0 0
  phy
    51 2.601685 -3.498802 28.637576 0.012868 0.293949 -0.955735 0 0
    51 2.614952 -2.214969 21.086825 0.276436 0.347846 -0.895872 0 0
    51 4.189503 -3.497480 28.637579 0.061033 -0.372172 -0.926155 0 0
  phy
    51 2.614952 -2.214969 21.086825 0.276436 0.347846 -0.895872 0 0
    51 2.601685 -3.498802 28.637576 0.012868 0.293949 -0.955735 0 0
    51 1.316179 -2.383614 28.614508 0.068108 0.840066 -0.538192 0 0
  phy
    51 1.534468 -0.247750 21.046158 0.346448 0.903615 -0.251901 0 0
    51 0.823994 -0.577846 28.577157 0.078280 0.996734 0.019817 0 0
    51 1.831640 0.968864 21.021014 0.310665 0.734499 0.603324 0 0
  phy
    51 1.534468 -0.247750 21.046158 0.346448 0.903615 -0.251901 0 0
    51 2.614952 -2.214969 21.086825 0.276436 0.347846 -0.895872 0 0
    51 1.316179 -2.383614 28.614508 0.068108 0.840066 -0.538192 0 0
  phy
    51 0.823994 -0.577846 28.577157 0.078280 0.996734 0.019817 0 0
    51 1.534468 -0.247750 21.046158 0.346448 0.903615 -0.251901 0 0
    51 1.316179 -2.383614 28.614508 0.068108 0.840066 -0.538192 0 0
  phy
    51 4.189503 -3.497480 28.637579 0.061033 -0.372172 -0.926155 0 0
    51 5.473151 -2.380150 28.614478 -0.020310 -0.835995 -0.548362 0 0
    51 3.996727 -3.015347 35.797783 -0.287028 -0.388768 -0.875485 0 0
  phy
    51 5.473151 -2.380150 28.614478 -0.020310 -0.835995 -0.548362 0 0
    51 4.189503 -3.497480 28.637579 0.061033 -0.372172 -0.926155 0 0
    51 4.359932 -1.461760 21.071275 0.397937 -0.789996 -0.466425 0 0
  phy
    51 5.473151 -2.380150 28.614478 -0.020310 -0.835995 -0.548362 0 0
    51 4.359932 -1.461760 21.071275 0.397937 -0.789996 -0.466425 0 0
    51 5.962311 -0.573595 28.577139 0.022702 -0.999742 -0.001176 0 0
  phy
    51 2.515893 -3.016578 35.797802 -0.127709 0.532192 -0.836936 0 0
    51 1.316733 -1.648502 35.769527 -0.369229 0.871630 -0.322383 0 0
    51 1.316179 -2.383614 28.614508 0.068108 0.840066 -0.538192 0 0
  phy
    51 5.962311 -0.573595 28.577139 0.022702 -0.999742 -0.001176 0 0
    51 4.359932 -1.461760 21.071275 0.397937 -0.789996 -0.466425 0 0
    51 4.357911 0.970969 21.020994 0.247910 -0.858590 0.448735 0 0
  phy
    51 5.962311 -0.573595 28.577139 0.022702 -0.999742 -0.001176 0 0
    51 5.189909 2.785150 35.677930 -0.307688 -0.876483 0.370277 0 0
    51 5.649358 0.570316 35.723698 -0.727989 -0.684551 0.037715 0 0
  phy
    51 1.313044 2.781925 35.677980 -0.266751 0.866040 0.422871 0 0
    51 0.823994 -0.577846 28.577157 0.078280 0.996734 0.019817 0 0
    51 0.857287 0.566328 35.723760 -0.655587 0.754355 0.033963 0 0
  phy
    51 4.189503 -3.497480 28.637579 0.061033 -0.372172 -0.926155 0 0
    51 2.614952 -2.214969 21.086825 0.276436 0.347846 -0.895872 0 0
    51 4.359932 -1.461760 21.071275 0.397937 -0.789996 -0.466425 0 0
  phy
    51 1.316733 -1.648502 35.769527 -0.369229 0.871630 -0.322383 0 0
    51 0.823994 -0.577846 28.577157 0.078280 0.996734 0.019817 0 0
    51 1.316179 -2.383614 28.614508 0.068108 0.840066 -0.538192 0 0
  phy
    51 0.823994 -0.577846 28.577157 0.078280 0.996734 0.019817 0 0
    51 1.316733 -1.648502 35.769527 -0.369229 0.871630 -0.322383 0 0
    51 0.857287 0.566328 35.723760 -0.655587 0.754355 0.033963 0 0
  phy
    52 2.521904 3.146393 4.814273 0.191968 0.541387 0.818565 0 0
    52 2.402835 3.921818 13.482125 0.089261 0.313594 0.945353 0 0
    52 3.368216 3.145890 4.828865 0.272639 -0.561429 0.781323 0 0
  phy
    52 2.402835 3.921818 13.482125 0.089261 0.313594 0.945353 0 0
    52 3.783341 3.920993 13.505930 0.056350 -0.309676 0.949171 0 0
    52 3.368216 3.145890 4.828865 0.272639 -0.561429 0.781323 0 0
  phy
    52 4.049872 -0.038993 4.906694 0.066494 -0.767749 -0.637291 0 0
    52 2.503057 -0.789823 4.895619 0.099765 0.249814 -0.963141 0 0
    52 4.312556 1.177214 4.885985 0.414371 -0.895418 0.162859 0 0
  phy
    52 2.503057 -0.789823 4.895619 0.099765 0.249814 -0.963141 0 0
    52 1.834176 -0.037673 4.868488 0.286791 0.925759 -0.246418 0 0
    52 4.312556 1.177214 4.885985 0.414371 -0.895418 0.162859 0 0
  phy
    52 1.834176 -0.037673 4.868488 0.286791 0.925759 -0.246418 0 0
    52 1.836494 2.395050 4.818050 0.365320 0.913478 0.179162 0 0
    52 4.312556 1.177214 4.885985 0.414371 -0.895418 0.162859 0 0
  phy
    52 1.836494 2.395050 4.818050 0.365320 0.913478 0.179162 0 0
    52 3.368216 3.145890 4.828865 0.272639 -0.561429 0.781323 0 0
    52 4.312556 1.177214 4.885985 0.414371 -0.895418 0.162859 0 0
  phy
    52 1.836494 2.395050 4.818050 0.365320 0.913478 0.179162 0 0
    52 2.521904 3.146393 4.814273 0.191968 0.541387 0.818565 0 0
    52 3.368216 3.145890 4.828865 0.272639 -0.561429 0.781323 0 0
  phy
    52 3.368216 3.145890 4.828865 0.272639 -0.561429 0.781323 0 0
    52 3.783341 3.920993 13.505930 0.056350 -0.309676 0.949171 0 0
    52 4.899265 2.941152 13.545474 0.066283 -0.858490 0.508529 0 0
  phy
    52 4.899265 2.941152 13.545474 0.066283 -0.858490 0.508529 0 0
    52 4.312556 1.177214 4.885985 0.414371 -0.895418 0.162859 0 0
    52 3.368216 3.145890 4.828865 0.272639 -0.561429 0.781323 0 0
  phy
    52 2.402835 3.921818 13.482125 0.089261 0.313594 0.945353 0 0
    52 2.521904 3.146393 4.814273 0.191968 0.541387 0.818565 0 0
    52 1.285040 2.943305 13.483165 0.046500 0.829714 0.556248 0 0
  phy
    52 1.836494 2.395050 4.818050 0.365320 0.913478 0.179162 0 0
    52 1.285040 2.943305 13.483165 0.046500 0.829714 0.556248 0 0
    52 2.521904 3.146393 4.814273 0.191968 0.541387 0.818565 0 0
  phy
    52 2.754009 3.045446 20.348399 -0.179102 0.405454 0.896398 0 0
    52 1.285040 2.943305 13.483165 0.046500 0.829714 0.556248 0 0
    52 1.848662 1.984685 20.354802 -0.526329 0.818644 0.229785 0 0
  phy
    52 2.754009 3.045446 20.348399 -0.179102 0.405454 0.896398 0 0
    52 2.402835 3.921818 13.482125 0.089261 0.313594 0.945353 0 0
    52 1.285040 2.943305 13.483165 0.046500 0.829714 0.556248 0 0
  phy
    52 1.285040 2.943305 13.483165 0.046500 0.829714 0.556248 0 0
    52 1.836494 2.395050 4.818050 0.365320 0.913478 0.179162 0 0
    52 0.856931 1.359225 13.508652 0.016179 0.999868 -0.001680 0 0
  phy
    52 1.848662 1.984685 20.354802 -0.526329 0.818644 0.229785 0 0
    52 1.285040 2.943305 13.483165 0.046500 0.829714 0.556248 0 0
    52 0.856931 1.359225 13.508652 0.016179 0.999868 -0.001680 0 0
  phy
    52 3.871830 3.044778 20.367678 -0.099230 -0.530604 0.841791 0 0
    52 2.754009 3.045446 20.348399 -0.179102 0.405454 0.896398 0 0
    52 4.775151 1.982944 20.405251 -0.390107 -0.889040 0.239633 0 0
  phy
    52 4.775151 1.982944 20.405251 -0.390107 -0.889040 0.239633 0 0
    52 2.754009 3.045446 20.348399 -0.179102 0.405454 0.896398 0 0
    52 1.848662 1.984685 20.354802 -0.526329 0.818644 0.229785 0 0
  phy
    52 4.775151 1.982944 20.405251 -0.390107 -0.889040 0.239633 0 0
    52 1.848662 1.984685 20.354802 -0.526329 0.818644 0.229785 0 0
    52 4.771879 -1.451485 20.476440 -0.367264 -0.875055 -0.315272 0 0
  phy
    52 4.771879 -1.451485 20.476440 -0.367264 -0.875055 -0.315272 0 0
    52 1.848662 1.984685 20.354802 -0.526329 0.818644 0.229785 0 0
    52 1.845391 -1.449746 20.425991 -0.373963 0.913723 -0.158941 0 0
  phy
    52 4.771879 -1.451485 20.476440 -0.367264 -0.875055 -0.315272 0 0
    52 1.845391 -1.449746 20.425991 -0.373963 0.913723 -0.158941 0 0
    52 3.866536 -2.512244 20.482849 -0.030115 -0.454392 -0.890293 0 0
  phy
    52 3.866536 -2.512244 20.482849 -0.030115 -0.454392 -0.890293 0 0
    52 1.845391 -1.449746 20.425991 -0.373963 0.913723 -0.158941 0 0
    52 2.748645 -2.511503 20.463576 0.003874 0.565474 -0.824757 0 0
  phy
    52 3.871830 3.044778 20.367678 -0.099230 -0.530604 0.841791 0 0
    52 3.783341 3.920993 13.505930 0.056350 -0.309676 0.949171 0 0
    52 2.754009 3.045446 20.348399 -0.179102 0.405454 0.896398 0 0
  phy
    52 3.783341 3.920993 13.505930 0.056350 -0.309676 0.949171 0 0
    52 2.402835 3.921818 13.482125 0.089261 0.313594 0.945353 0 0
    52 2.754009 3.045446 20.348399 -0.179102 0.405454 0.896398 0 0
  phy
    52 4.049872 -0.038993 4.906694 0.066494 -0.767749 -0.637291 0 0
    52 4.896246 -0.227517 13.611153 0.024500 -0.927968 -0.371853 0 0
    52 4.771879 -1.451485 20.476440 -0.367264 -0.875055 -0.315272 0 0
  phy
    52 4.771879 -1.451485 20.476440 -0.367264 -0.875055 -0.315272 0 0
    52 3.866536 -2.512244 20.482849 -0.030115 -0.454392 -0.890293 0 0
    52 4.049872 -0.038993 4.906694 0.066494 -0.767749 -0.637291 0 0
  phy
    52 4.312556 1.177214 4.885985 0.414371 -0.895418 0.162859 0 0
    52 5.324357 1.356564 13.585647 0.000130 -0.999624 -0.027403 0 0
    52 4.049872 -0.038993 4.906694 0.066494 -0.767749 -0.637291 0 0
  phy
    52 4.049872 -0.038993 4.906694 0.066494 -0.767749 -0.637291 0 0
    52 5.324357 1.356564 13.585647 0.000130 -0.999624 -0.027403 0 0
    52 4.896246 -0.227517 13.611153 0.024500 -0.927968 -0.371853 0 0
  phy
    52 2.503057 -0.789823 4.895619 0.099765 0.249814 -0.963141 0 0
    52 4.049872 -0.038993 4.906694 0.066494 -0.767749 -0.637291 0 0
    52 3.866536 -2.512244 20.482849 -0.030115 -0.454392 -0.890293 0 0
  phy
    52 3.783341 3.920993 13.505930 0.056350 -0.309676 0.949171 0 0
    52 3.871830 3.044778 20.367678 -0.099230 -0.530604 0.841791 0 0
    52 4.899265 2.941152 13.545474 0.066283 -0.858490 0.508529 0 0
  phy
    52 4.899265 2.941152 13.545474 0.066283 -0.858490 0.508529 0 0
    52 3.871830 3.044778 20.367678 -0.099230 -0.530604 0.841791 0 0
    52 4.775151 1.982944 20.405251 -0.390107 -0.889040 0.239633 0 0
  phy
    52 4.775151 1.982944 20.405251 -0.390107 -0.889040 0.239633 0 0
    52 5.324357 1.356564 13.585647 0.000130 -0.999624 -0.027403 0 0
    52 4.899265 2.941152 13.545474 0.066283 -0.858490 0.508529 0 0
  phy
    52 4.899265 2.941152 13.545474 0.066283 -0.858490 0.508529 0 0
    52 5.324357 1.356564 13.585647 0.000130 -0.999624 -0.027403 0 0
    52 4.312556 1.177214 4.885985 0.414371 -0.895418 0.162859 0 0
  phy
    52 4.771879 -1.451485 20.476440 -0.367264 -0.875055 -0.315272 0 0
    52 5.324357 1.356564 13.585647 0.000130 -0.999624 -0.027403 0 0
    52 4.775151 1.982944 20.405251 -0.390107 -0.889040 0.239633 0 0
  phy
    52 4.896246 -0.227517 13.611153 0.024500 -0.927968 -0.371853 0 0
    52 5.324357 1.356564 13.585647 0.000130 -0.999624 -0.027403 0 0
    52 4.771879 -1.451485 20.476440 -0.367264 -0.875055 -0.315272 0 0
  phy
    52 1.282022 -0.225364 13.548841 0.023223 0.838909 -0.543777 0 0
    52 1.834176 -0.037673 4.868488 0.286791 0.925759 -0.246418 0 0
    52 2.503057 -0.789823 4.895619 0.099765 0.249814 -0.963141 0 0
  phy
    52 1.282022 -0.225364 13.548841 0.023223 0.838909 -0.543777 0 0
    52 2.503057 -0.789823 4.895619 0.099765 0.249814 -0.963141 0 0
    52 2.748645 -2.511503 20.463576 0.003874 0.565474 -0.824757 0 0
  phy
    52 1.282022 -0.225364 13.548841 0.023223 0.838909 -0.543777 0 0
    52 2.748645 -2.511503 20.463576 0.003874 0.565474 -0.824757 0 0
    52 1.845391 -1.449746 20.425991 -0.373963 0.913723 -0.158941 0 0
  phy
    52 2.748645 -2.511503 20.463576 0.003874 0.565474 -0.824757 0 0
    52 2.503057 -0.789823 4.895619 0.099765 0.249814 -0.963141 0 0
    52 3.866536 -2.512244 20.482849 -0.030115 -0.454392 -0.890293 0 0
  phy
    52 1.834176 -0.037673 4.868488 0.286791 0.925759 -0.246418 0 0
    52 1.282022 -0.225364 13.548841 0.023223 0.838909 -0.543777 0 0
    52 0.856931 1.359225 13.508652 0.016179 0.999868 -0.001680 0 0
  phy
    52 1.836494 2.395050 4.818050 0.365320 0.913478 0.179162 0 0
    52 1.834176 -0.037673 4.868488 0.286791 0.925759 -0.246418 0 0
    52 0.856931 1.359225 13.508652 0.016179 0.999868 -0.001680 0 0
  phy
    52 1.282022 -0.225364 13.548841 0.023223 0.838909 -0.543777 0 0
    52 1.845391 -1.449746 20.425991 -0.373963 0.913723 -0.158941 0 0
    52 0.856931 1.359225 13.508652 0.016179 0.999868 -0.001680 0 0
  phy
    52 1.845391 -1.449746 20.425991 -0.373963 0.913723 -0.158941 0 0
    52 1.848662 1.984685 20.354802 -0.526329 0.818644 0.229785 0 0
    52 0.856931 1.359225 13.508652 0.016179 0.999868 -0.001680 0 0
  phy
    53 1.535757 2.898050 5.258363 -0.527683 0.549714 -0.647584 0 0
    53 4.257565 2.930240 5.320666 -0.452965 -0.842879 -0.290479 0 0
    53 1.649638 3.545996 1.406785 -0.332103 0.920368 0.206472 0 0
  phy
    53 1.649638 3.545996 1.406785 -0.332103 0.920368 0.206472 0 0
    53 4.257565 2.930240 5.320666 -0.452965 -0.842879 -0.290479 0 0
    53 4.997464 3.585589 1.483423 -0.225043 -0.969524 0.096845 0 0
  phy
    53 4.257565 2.930240 5.320666 -0.452965 -0.842879 -0.290479 0 0
    53 1.535757 2.898050 5.258363 -0.527683 0.549714 -0.647584 0 0
    53 4.333531 -2.097036 4.599423 -0.064250 -0.147713 -0.986941 0 0
  phy
    53 4.333531 -2.097036 4.599423 -0.064250 -0.147713 -0.986941 0 0
    53 1.535757 2.898050 5.258363 -0.527683 0.549714 -0.647584 0 0
    53 1.611721 -2.129223 4.537120 -0.072281 0.888054 -0.454022 0 0
  phy
    53 4.257565 2.930240 5.320666 -0.452965 -0.842879 -0.290479 0 0
    53 5.117940 -6.985190 1.681727 0.169603 -0.911689 -0.374243 0 0
    53 4.997464 3.585589 1.483423 -0.225043 -0.969524 0.096845 0 0
  phy
    53 4.333531 -2.097036 4.599423 -0.064250 -0.147713 -0.986941 0 0
    53 5.117940 -6.985190 1.681727 0.169603 -0.911689 -0.374243 0 0
    53 4.257565 2.930240 5.320666 -0.452965 -0.842879 -0.290479 0 0
  phy
    53 4.906163 -6.095086 0.380305 0.453539 -0.370241 0.810693 0 0
    53 5.117940 -6.985190 1.681727 0.169603 -0.911689 -0.374243 0 0
    53 2.020110 -6.129220 0.314242 0.485074 0.539036 0.688580 0 0
  phy
    53 5.117940 -6.985190 1.681727 0.169603 -0.911689 -0.374243 0 0
    53 1.770115 -7.024785 1.605093 0.147075 0.834929 -0.530341 0 0
    53 2.020110 -6.129220 0.314242 0.485074 0.539036 0.688580 0 0
  phy
    53 2.020110 -6.129220 0.314242 0.485074 0.539036 0.688580 0 0
    53 1.914440 2.791637 0.321507 0.291970 0.151165 0.944406 0 0
    53 4.906163 -6.095086 0.380305 0.453539 -0.370241 0.810693 0 0
  phy
    53 1.914440 2.791637 0.321507 0.291970 0.151165 0.944406 0 0
    53 4.800496 2.825771 0.387570 0.313426 -0.317472 0.894973 0 0
    53 4.906163 -6.095086 0.380305 0.453539 -0.370241 0.810693 0 0
  phy
    53 1.649638 3.545996 1.406785 -0.332103 0.920368 0.206472 0 0
    53 2.020110 -6.129220 0.314242 0.485074 0.539036 0.688580 0 0
    53 1.770115 -7.024785 1.605093 0.147075 0.834929 -0.530341 0 0
  phy
    53 2.020110 -6.129220 0.314242 0.485074 0.539036 0.688580 0 0
    53 1.649638 3.545996 1.406785 -0.332103 0.920368 0.206472 0 0
    53 1.914440 2.791637 0.321507 0.291970 0.151165 0.944406 0 0
  phy
    53 4.997464 3.585589 1.483423 -0.225043 -0.969524 0.096845 0 0
    53 1.914440 2.791637 0.321507 0.291970 0.151165 0.944406 0 0
    53 1.649638 3.545996 1.406785 -0.332103 0.920368 0.206472 0 0
  phy
    53 4.997464 3.585589 1.483423 -0.225043 -0.969524 0.096845 0 0
    53 4.800496 2.825771 0.387570 0.313426 -0.317472 0.894973 0 0
    53 1.914440 2.791637 0.321507 0.291970 0.151165 0.944406 0 0
  phy
    53 4.906163 -6.095086 0.380305 0.453539 -0.370241 0.810693 0 0
    53 4.800496 2.825771 0.387570 0.313426 -0.317472 0.894973 0 0
    53 4.997464 3.585589 1.483423 -0.225043 -0.969524 0.096845 0 0
  phy
    53 4.997464 3.585589 1.483423 -0.225043 -0.969524 0.096845 0 0
    53 5.117940 -6.985190 1.681727 0.169603 -0.911689 -0.374243 0 0
    53 4.906163 -6.095086 0.380305 0.453539 -0.370241 0.810693 0 0
  phy
    53 1.611721 -2.129223 4.537120 -0.072281 0.888054 -0.454022 0 0
    53 1.770115 -7.024785 1.605093 0.147075 0.834929 -0.530341 0 0
    53 4.333531 -2.097036 4.599423 -0.064250 -0.147713 -0.986941 0 0
  phy
    53 4.333531 -2.097036 4.599423 -0.064250 -0.147713 -0.986941 0 0
    53 1.770115 -7.024785 1.605093 0.147075 0.834929 -0.530341 0 0
    53 5.117940 -6.985190 1.681727 0.169603 -0.911689 -0.374243 0 0
  phy
    53 1.611721 -2.129223 4.537120 -0.072281 0.888054 -0.454022 0 0
    53 1.649638 3.545996 1.406785 -0.332103 0.920368 0.206472 0 0
    53 1.770115 -7.024785 1.605093 0.147075 0.834929 -0.530341 0 0
  phy
    53 1.649638 3.545996 1.406785 -0.332103 0.920368 0.206472 0 0
    53 1.611721 -2.129223 4.537120 -0.072281 0.888054 -0.454022 0 0
    53 1.535757 2.898050 5.258363 -0.527683 0.549714 -0.647584 0 0
  phy
    3 -2.420400 3.607570 57.037073 0.270008 0.620418 -0.736327 0 0
    3 -3.004353 2.280262 57.037073 0.550528 0.833086 0.053723 0 0
    3 -0.891597 4.427890 57.037071 0.773949 0.092670 -0.626431 0 0
  phy
    3 -3.004353 2.280262 57.037073 0.550528 0.833086 0.053723 0 0
    3 -2.420390 0.952970 57.037072 0.751435 0.379450 0.539781 0 0
    3 -0.891597 4.427890 57.037071 0.773949 0.092670 -0.626431 0 0
  phy
    3 -2.420390 0.952970 57.037072 0.751435 0.379450 0.539781 0 0
    3 -0.891592 0.132643 57.037073 0.843502 0.059604 0.533809 0 0
    3 -0.891597 4.427890 57.037071 0.773949 0.092670 -0.626431 0 0
  phy
    3 -0.891592 0.132643 57.037073 0.843502 0.059604 0.533809 0 0
    3 0.998104 4.427890 57.037069 0.930478 -0.105476 -0.350835 0 0
    3 -0.891597 4.427890 57.037071 0.773949 0.092670 -0.626431 0 0
  phy
    3 -0.891592 0.132643 57.037073 0.843502 0.059604 0.533809 0 0
    3 0.998107 0.132642 57.037069 0.886288 -0.087945 0.454708 0 0
    3 0.998104 4.427890 57.037069 0.930478 -0.105476 -0.350835 0 0
  phy
    3 0.998107 0.132642 57.037069 0.886288 -0.087945 0.454708 0 0
    3 2.526912 3.607570 57.037065 0.661748 -0.504027 -0.555020 0 0
    3 0.998104 4.427890 57.037069 0.930478 -0.105476 -0.350835 0 0
  phy
    3 0.998107 0.132642 57.037069 0.886288 -0.087945 0.454708 0 0
    3 2.526917 0.952967 57.037066 0.676230 -0.431838 0.596850 0 0
    3 2.526912 3.607570 57.037065 0.661748 -0.504027 -0.555020 0 0
  phy
    3 2.526917 0.952967 57.037066 0.676230 -0.431838 0.596850 0 0
    3 3.110861 2.280251 57.037068 0.443581 -0.895188 0.043283 0 0
    3 2.526912 3.607570 57.037065 0.661748 -0.504027 -0.555020 0 0
  phy
    3 2.526917 0.952967 57.037066 0.676230 -0.431838 0.596850 0 0
    3 1.436160 -2.843509 53.648757 0.561737 -0.201634 0.802369 0 0
    3 3.673787 -1.435428 53.648761 0.470068 -0.636370 0.611612 0 0
  phy
    3 2.526917 0.952967 57.037066 0.676230 -0.431838 0.596850 0 0
    3 0.998107 0.132642 57.037069 0.886288 -0.087945 0.454708 0 0
    3 1.436160 -2.843509 53.648757 0.561737 -0.201634 0.802369 0 0
  phy
    3 3.673787 -1.435428 53.648761 0.470068 -0.636370 0.611612 0 0
    3 3.110861 2.280251 57.037068 0.443581 -0.895188 0.043283 0 0
    3 2.526917 0.952967 57.037066 0.676230 -0.431838 0.596850 0 0
  phy
    3 1.589685 -5.544581 50.141763 0.005557 -0.285175 0.958459 0 0
    3 4.075663 -3.756321 50.141766 -0.039286 -0.843964 0.534960 0 0
    3 3.673787 -1.435428 53.648761 0.470068 -0.636370 0.611612 0 0
  phy
    3 1.436160 -2.843509 53.648757 0.561737 -0.201634 0.802369 0 0
    3 1.589685 -5.544581 50.141763 0.005557 -0.285175 0.958459 0 0
    3 3.673787 -1.435428 53.648761 0.470068 -0.636370 0.611612 0 0
  phy
    3 3.673787 -1.435428 53.648761 0.470068 -0.636370 0.611612 0 0
    3 4.528481 0.842932 53.648756 0.228825 -0.973211 0.022329 0 0
    3 3.110861 2.280251 57.037068 0.443581 -0.895188 0.043283 0 0
  phy
    3 3.673787 -1.435428 53.648761 0.470068 -0.636370 0.611612 0 0
    3 4.075663 -3.756321 50.141766 -0.039286 -0.843964 0.534960 0 0
    3 4.528481 0.842932 53.648756 0.228825 -0.973211 0.022329 0 0
  phy
    3 -3.567288 3.121288 53.648766 0.072267 0.748904 -0.658726 0 0
    3 -4.421969 0.842931 53.648757 0.228824 0.973212 0.022331 0 0
    3 -3.004353 2.280262 57.037073 0.550528 0.833086 0.053723 0 0
  phy
    3 -2.420400 3.607570 57.037073 0.270008 0.620418 -0.736327 0 0
    3 -3.567288 3.121288 53.648766 0.072267 0.748904 -0.658726 0 0
    3 -3.004353 2.280262 57.037073 0.550528 0.833086 0.053723 0 0
  phy
    3 -3.567288 3.121288 53.648766 0.072267 0.748904 -0.658726 0 0
    3 -1.483169 3.819026 50.141750 -0.165265 0.276992 -0.946553 0 0
    3 -3.969155 2.030740 50.141784 -0.128925 0.830093 -0.542517 0 0
  phy
    3 -3.567288 3.121288 53.648766 0.072267 0.748904 -0.658726 0 0
    3 -1.329667 4.529399 53.648754 0.044353 0.299865 -0.952950 0 0
    3 -1.483169 3.819026 50.141750 -0.165265 0.276992 -0.946553 0 0
  phy
    3 -4.421969 0.842931 53.648757 0.228824 0.973212 0.022331 0 0
    3 -3.567288 3.121288 53.648766 0.072267 0.748904 -0.658726 0 0
    3 -3.969155 2.030740 50.141784 -0.128925 0.830093 -0.542517 0 0
  phy
    3 -1.329667 4.529399 53.648754 0.044353 0.299865 -0.952950 0 0
    3 -3.567288 3.121288 53.648766 0.072267 0.748904 -0.658726 0 0
    3 -2.420400 3.607570 57.037073 0.270008 0.620418 -0.736327 0 0
  phy
    3 4.075671 2.030729 50.141768 -0.128924 -0.830092 -0.542518 0 0
    3 5.025230 -0.862787 50.141747 -0.089859 -0.995916 -0.008768 0 0
    3 3.594799 -1.001672 43.349656 -0.332659 -0.942488 -0.032461 0 0
  phy
    3 4.075671 2.030729 50.141768 -0.128924 -0.830092 -0.542518 0 0
    3 3.594799 -1.001672 43.349656 -0.332659 -0.942488 -0.032461 0 0
    3 2.918426 0.680606 43.349656 -0.462290 -0.573986 -0.675891 0 0
  phy
    3 4.075671 2.030729 50.141768 -0.128924 -0.830092 -0.542518 0 0
    3 3.673788 3.121289 53.648755 0.072268 -0.748904 -0.658726 0 0
    3 4.528481 0.842932 53.648756 0.228825 -0.973211 0.022329 0 0
  phy
    3 4.528481 0.842932 53.648756 0.228825 -0.973211 0.022329 0 0
    3 5.025230 -0.862787 50.141747 -0.089859 -0.995916 -0.008768 0 0
    3 4.075671 2.030729 50.141768 -0.128924 -0.830092 -0.542518 0 0
  phy
    3 1.589681 3.819023 50.141744 -0.163491 -0.355040 -0.920444 0 0
    3 4.075671 2.030729 50.141768 -0.128924 -0.830092 -0.542518 0 0
    3 2.918426 0.680606 43.349656 -0.462290 -0.573986 -0.675891 0 0
  phy
    3 4.075671 2.030729 50.141768 -0.128924 -0.830092 -0.542518 0 0
    3 1.589681 3.819023 50.141744 -0.163491 -0.355040 -0.920444 0 0
    3 3.673788 3.121289 53.648755 0.072268 -0.748904 -0.658726 0 0
  phy
    3 4.528481 0.842932 53.648756 0.228825 -0.973211 0.022329 0 0
    3 3.673788 3.121289 53.648755 0.072268 -0.748904 -0.658726 0 0
    3 3.110861 2.280251 57.037068 0.443581 -0.895188 0.043283 0 0
  phy
    3 3.110861 2.280251 57.037068 0.443581 -0.895188 0.043283 0 0
    3 3.673788 3.121289 53.648755 0.072268 -0.748904 -0.658726 0 0
    3 2.526912 3.607570 57.037065 0.661748 -0.504027 -0.555020 0 0
  phy
    3 -0.891592 0.132643 57.037073 0.843502 0.059604 0.533809 0 0
    3 1.436160 -2.843509 53.648757 0.561737 -0.201634 0.802369 0 0
    3 0.998107 0.132642 57.037069 0.886288 -0.087945 0.454708 0 0
  phy
    3 -0.891592 0.132643 57.037073 0.843502 0.059604 0.533809 0 0
    3 -1.329672 -2.843548 53.648750 0.553456 0.186650 0.811695 0 0
    3 1.436160 -2.843509 53.648757 0.561737 -0.201634 0.802369 0 0
  phy
    3 -1.329672 -2.843548 53.648750 0.553456 0.186650 0.811695 0 0
    3 1.589685 -5.544581 50.141763 0.005557 -0.285175 0.958459 0 0
    3 1.436160 -2.843509 53.648757 0.561737 -0.201634 0.802369 0 0
  phy
    3 -1.329672 -2.843548 53.648750 0.553456 0.186650 0.811695 0 0
    3 -1.483168 -5.544605 50.141749 -0.005891 0.365577 0.930763 0 0
    3 1.589685 -5.544581 50.141763 0.005557 -0.285175 0.958459 0 0
  phy
    3 -0.891592 0.132643 57.037073 0.843502 0.059604 0.533809 0 0
    3 -2.420390 0.952970 57.037072 0.751435 0.379450 0.539781 0 0
    3 -1.329672 -2.843548 53.648750 0.553456 0.186650 0.811695 0 0
  phy
    3 -1.329667 4.529399 53.648754 0.044353 0.299865 -0.952950 0 0
    3 1.436176 4.529398 53.648755 0.026289 -0.214022 -0.976475 0 0
    3 -1.483169 3.819026 50.141750 -0.165265 0.276992 -0.946553 0 0
  phy
    3 -1.483169 3.819026 50.141750 -0.165265 0.276992 -0.946553 0 0
    3 1.436176 4.529398 53.648755 0.026289 -0.214022 -0.976475 0 0
    3 1.589681 3.819023 50.141744 -0.163491 -0.355040 -0.920444 0 0
  phy
    3 0.998104 4.427890 57.037069 0.930478 -0.105476 -0.350835 0 0
    3 1.436176 4.529398 53.648755 0.026289 -0.214022 -0.976475 0 0
    3 -0.891597 4.427890 57.037071 0.773949 0.092670 -0.626431 0 0
  phy
    3 -0.891597 4.427890 57.037071 0.773949 0.092670 -0.626431 0 0
    3 1.436176 4.529398 53.648755 0.026289 -0.214022 -0.976475 0 0
    3 -1.329667 4.529399 53.648754 0.044353 0.299865 -0.952950 0 0
  phy
    3 -1.329667 4.529399 53.648754 0.044353 0.299865 -0.952950 0 0
    3 -2.420400 3.607570 57.037073 0.270008 0.620418 -0.736327 0 0
    3 -0.891597 4.427890 57.037071 0.773949 0.092670 -0.626431 0 0
  phy
    3 -1.041143 1.720314 43.349657 -0.732840 0.154483 -0.662631 0 0
    3 -1.483169 3.819026 50.141750 -0.165265 0.276992 -0.946553 0 0
    3 1.147648 1.720313 43.349657 -0.639055 -0.102984 -0.762236 0 0
  phy
    3 1.147648 1.720313 43.349657 -0.639055 -0.102984 -0.762236 0 0
    3 -1.483169 3.819026 50.141750 -0.165265 0.276992 -0.946553 0 0
    3 1.589681 3.819023 50.141744 -0.163491 -0.355040 -0.920444 0 0
  phy
    3 2.918426 -2.683951 43.349656 -0.349869 -0.647292 0.677204 0 0
    3 1.147655 -3.723657 43.349657 -0.855153 -0.151375 0.495780 0 0
    3 3.594799 -1.001672 43.349656 -0.332659 -0.942488 -0.032461 0 0
  phy
    3 3.594799 -1.001672 43.349656 -0.332659 -0.942488 -0.032461 0 0
    3 1.147655 -3.723657 43.349657 -0.855153 -0.151375 0.495780 0 0
    3 2.918426 0.680606 43.349656 -0.462290 -0.573986 -0.675891 0 0
  phy
    3 2.918426 0.680606 43.349656 -0.462290 -0.573986 -0.675891 0 0
    3 1.147655 -3.723657 43.349657 -0.855153 -0.151375 0.495780 0 0
    3 1.147648 1.720313 43.349657 -0.639055 -0.102984 -0.762236 0 0
  phy
    3 1.147648 1.720313 43.349657 -0.639055 -0.102984 -0.762236 0 0
    3 1.147655 -3.723657 43.349657 -0.855153 -0.151375 0.495780 0 0
    3 -1.041141 -3.723657 43.349657 -0.761244 0.105085 0.639894 0 0
  phy
    3 1.147648 1.720313 43.349657 -0.639055 -0.102984 -0.762236 0 0
    3 -1.041141 -3.723657 43.349657 -0.761244 0.105085 0.639894 0 0
    3 -1.041143 1.720314 43.349657 -0.732840 0.154483 -0.662631 0 0
  phy
    3 -1.041143 1.720314 43.349657 -0.732840 0.154483 -0.662631 0 0
    3 -1.041141 -3.723657 43.349657 -0.761244 0.105085 0.639894 0 0
    3 -2.811914 -2.683952 43.349658 -0.595742 0.568854 0.567007 0 0
  phy
    3 -1.041143 1.720314 43.349657 -0.732840 0.154483 -0.662631 0 0
    3 -2.811914 -2.683952 43.349658 -0.595742 0.568854 0.567007 0 0
    3 -2.811917 0.680607 43.349658 -0.347604 0.613986 -0.708656 0 0
  phy
    3 -2.811917 0.680607 43.349658 -0.347604 0.613986 -0.708656 0 0
    3 -2.811914 -2.683952 43.349658 -0.595742 0.568854 0.567007 0 0
    3 -3.488291 -1.001673 43.349659 -0.249349 0.968108 -0.024333 0 0
  phy
    3 -1.483169 3.819026 50.141750 -0.165265 0.276992 -0.946553 0 0
    3 -1.041143 1.720314 43.349657 -0.732840 0.154483 -0.662631 0 0
    3 -2.811917 0.680607 43.349658 -0.347604 0.613986 -0.708656 0 0
  phy
    3 -3.567276 -1.435424 53.648765 0.470064 0.636376 0.611609 0 0
    3 -4.421969 0.842931 53.648757 0.228824 0.973212 0.022331 0 0
    3 -3.969160 -3.756290 50.141750 -0.039287 0.843964 0.534959 0 0
  phy
    3 -3.969160 -3.756290 50.141750 -0.039287 0.843964 0.534959 0 0
    3 -4.421969 0.842931 53.648757 0.228824 0.973212 0.022331 0 0
    3 -4.918718 -0.862789 50.141748 -0.089860 0.995916 -0.008770 0 0
  phy
    3 -4.421969 0.842931 53.648757 0.228824 0.973212 0.022331 0 0
    3 -3.969155 2.030740 50.141784 -0.128925 0.830093 -0.542517 0 0
    3 -4.918718 -0.862789 50.141748 -0.089860 0.995916 -0.008770 0 0
  phy
    3 -4.421969 0.842931 53.648757 0.228824 0.973212 0.022331 0 0
    3 -3.567276 -1.435424 53.648765 0.470064 0.636376 0.611609 0 0
    3 -3.004353 2.280262 57.037073 0.550528 0.833086 0.053723 0 0
  phy
    3 3.594799 -1.001672 43.349656 -0.332659 -0.942488 -0.032461 0 0
    3 4.075663 -3.756321 50.141766 -0.039286 -0.843964 0.534960 0 0
    3 2.918426 -2.683951 43.349656 -0.349869 -0.647292 0.677204 0 0
  phy
    3 2.918426 -2.683951 43.349656 -0.349869 -0.647292 0.677204 0 0
    3 4.075663 -3.756321 50.141766 -0.039286 -0.843964 0.534960 0 0
    3 1.589685 -5.544581 50.141763 0.005557 -0.285175 0.958459 0 0
  phy
    3 2.918426 -2.683951 43.349656 -0.349869 -0.647292 0.677204 0 0
    3 1.589685 -5.544581 50.141763 0.005557 -0.285175 0.958459 0 0
    3 1.147655 -3.723657 43.349657 -0.855153 -0.151375 0.495780 0 0
  phy
    3 1.589681 3.819023 50.141744 -0.163491 -0.355040 -0.920444 0 0
    3 1.436176 4.529398 53.648755 0.026289 -0.214022 -0.976475 0 0
    3 3.673788 3.121289 53.648755 0.072268 -0.748904 -0.658726 0 0
  phy
    3 1.589681 3.819023 50.141744 -0.163491 -0.355040 -0.920444 0 0
    3 2.918426 0.680606 43.349656 -0.462290 -0.573986 -0.675891 0 0
    3 1.147648 1.720313 43.349657 -0.639055 -0.102984 -0.762236 0 0
  phy
    3 -2.811917 0.680607 43.349658 -0.347604 0.613986 -0.708656 0 0
    3 -3.488291 -1.001673 43.349659 -0.249349 0.968108 -0.024333 0 0
    3 -3.969155 2.030740 50.141784 -0.128925 0.830093 -0.542517 0 0
  phy
    3 -3.969155 2.030740 50.141784 -0.128925 0.830093 -0.542517 0 0
    3 -3.488291 -1.001673 43.349659 -0.249349 0.968108 -0.024333 0 0
    3 -4.918718 -0.862789 50.141748 -0.089860 0.995916 -0.008770 0 0
  phy
    3 -3.969160 -3.756290 50.141750 -0.039287 0.843964 0.534959 0 0
    3 -3.488291 -1.001673 43.349659 -0.249349 0.968108 -0.024333 0 0
    3 -2.811914 -2.683952 43.349658 -0.595742 0.568854 0.567007 0 0
  phy
    3 -3.488291 -1.001673 43.349659 -0.249349 0.968108 -0.024333 0 0
    3 -3.969160 -3.756290 50.141750 -0.039287 0.843964 0.534959 0 0
    3 -4.918718 -0.862789 50.141748 -0.089860 0.995916 -0.008770 0 0
  phy
    3 -1.483169 3.819026 50.141750 -0.165265 0.276992 -0.946553 0 0
    3 -2.811917 0.680607 43.349658 -0.347604 0.613986 -0.708656 0 0
    3 -3.969155 2.030740 50.141784 -0.128925 0.830093 -0.542517 0 0
  phy
    3 -3.567276 -1.435424 53.648765 0.470064 0.636376 0.611609 0 0
    3 -1.483168 -5.544605 50.141749 -0.005891 0.365577 0.930763 0 0
    3 -1.329672 -2.843548 53.648750 0.553456 0.186650 0.811695 0 0
  phy
    3 -3.969160 -3.756290 50.141750 -0.039287 0.843964 0.534959 0 0
    3 -1.483168 -5.544605 50.141749 -0.005891 0.365577 0.930763 0 0
    3 -3.567276 -1.435424 53.648765 0.470064 0.636376 0.611609 0 0
  phy
    3 -1.329672 -2.843548 53.648750 0.553456 0.186650 0.811695 0 0
    3 -2.420390 0.952970 57.037072 0.751435 0.379450 0.539781 0 0
    3 -3.567276 -1.435424 53.648765 0.470064 0.636376 0.611609 0 0
  phy
    3 -3.004353 2.280262 57.037073 0.550528 0.833086 0.053723 0 0
    3 -3.567276 -1.435424 53.648765 0.470064 0.636376 0.611609 0 0
    3 -2.420390 0.952970 57.037072 0.751435 0.379450 0.539781 0 0
  phy
    3 0.998104 4.427890 57.037069 0.930478 -0.105476 -0.350835 0 0
    3 2.526912 3.607570 57.037065 0.661748 -0.504027 -0.555020 0 0
    3 1.436176 4.529398 53.648755 0.026289 -0.214022 -0.976475 0 0
  phy
    3 4.075663 -3.756321 50.141766 -0.039286 -0.843964 0.534960 0 0
    3 5.025230 -0.862787 50.141747 -0.089859 -0.995916 -0.008768 0 0
    3 4.528481 0.842932 53.648756 0.228825 -0.973211 0.022329 0 0
  phy
    3 1.589685 -5.544581 50.141763 0.005557 -0.285175 0.958459 0 0
    3 -1.041141 -3.723657 43.349657 -0.761244 0.105085 0.639894 0 0
    3 1.147655 -3.723657 43.349657 -0.855153 -0.151375 0.495780 0 0
  phy
    3 1.589685 -5.544581 50.141763 0.005557 -0.285175 0.958459 0 0
    3 -1.483168 -5.544605 50.141749 -0.005891 0.365577 0.930763 0 0
    3 -1.041141 -3.723657 43.349657 -0.761244 0.105085 0.639894 0 0
  phy
    3 1.436176 4.529398 53.648755 0.026289 -0.214022 -0.976475 0 0
    3 2.526912 3.607570 57.037065 0.661748 -0.504027 -0.555020 0 0
    3 3.673788 3.121289 53.648755 0.072268 -0.748904 -0.658726 0 0
  phy
    3 -2.811914 -2.683952 43.349658 -0.595742 0.568854 0.567007 0 0
    3 -1.483168 -5.544605 50.141749 -0.005891 0.365577 0.930763 0 0
    3 -3.969160 -3.756290 50.141750 -0.039287 0.843964 0.534959 0 0
  phy
    3 3.594799 -1.001672 43.349656 -0.332659 -0.942488 -0.032461 0 0
    3 5.025230 -0.862787 50.141747 -0.089859 -0.995916 -0.008768 0 0
    3 4.075663 -3.756321 50.141766 -0.039286 -0.843964 0.534960 0 0
  phy
    3 -2.811914 -2.683952 43.349658 -0.595742 0.568854 0.567007 0 0
    3 -1.041141 -3.723657 43.349657 -0.761244 0.105085 0.639894 0 0
    3 -1.483168 -5.544605 50.141749 -0.005891 0.365577 0.930763 0 0
  phy
    31 -8.758413 1.904687 50.342412 -0.037459 -0.959955 0.277640 0 0
    31 -12.600947 1.671979 47.405827 0.104344 -0.987987 0.113993 0 0
    31 -9.181518 2.781669 50.797970 0.016979 -0.693193 0.720552 0 0
  phy
    31 -12.600947 1.671979 47.405827 0.104344 -0.987987 0.113993 0 0
    31 -12.976536 2.447853 47.807963 0.606855 -0.282320 0.742982 0 0
    31 -9.181518 2.781669 50.797970 0.016979 -0.693193 0.720552 0 0
  phy
    31 -8.758413 1.904687 50.342412 -0.037459 -0.959955 0.277640 0 0
    31 -8.656481 0.783474 50.344534 0.001956 -0.962559 -0.271065 0 0
    31 -12.600947 1.671979 47.405827 0.104344 -0.987987 0.113993 0 0
  phy
    31 -5.761502 1.051384 52.922812 -0.448356 -0.866843 -0.218082 0 0
    31 -8.656481 0.783474 50.344534 0.001956 -0.962559 -0.271065 0 0
    31 -8.758413 1.904687 50.342412 -0.037459 -0.959955 0.277640 0 0
  phy
    31 -9.181518 2.781669 50.797970 0.016979 -0.693193 0.720552 0 0
    31 -6.207549 2.663802 53.318511 -0.452185 -0.658093 0.602032 0 0
    31 -8.758413 1.904687 50.342412 -0.037459 -0.959955 0.277640 0 0
  phy
    31 -8.758413 1.904687 50.342412 -0.037459 -0.959955 0.277640 0 0
    31 -6.207549 2.663802 53.318511 -0.452185 -0.658093 0.602032 0 0
    31 -5.761502 1.051384 52.922812 -0.448356 -0.866843 -0.218082 0 0
  phy
    31 -6.713645 2.901246 53.963274 -0.167176 0.321516 0.932030 0 0
    31 -9.764145 3.079440 51.537229 0.051559 -0.040860 0.997834 0 0
    31 -10.283769 2.684267 52.277813 -0.006384 0.633951 0.773347 0 0
  phy
    31 -10.283769 2.684267 52.277813 -0.006384 0.633951 0.773347 0 0
    31 -7.399269 1.819768 55.009317 -0.238824 0.868995 0.433371 0 0
    31 -6.713645 2.901246 53.963274 -0.167176 0.321516 0.932030 0 0
  phy
    31 -10.283769 2.684267 52.277813 -0.006384 0.633951 0.773347 0 0
    31 -10.541916 1.747078 52.736832 0.054557 0.962324 0.266374 0 0
    31 -7.399269 1.819768 55.009317 -0.238824 0.868995 0.433371 0 0
  phy
    31 -10.541916 1.747078 52.736832 0.054557 0.962324 0.266374 0 0
    31 -10.283769 2.684267 52.277813 -0.006384 0.633951 0.773347 0 0
    31 -13.951381 2.361819 49.119353 0.353163 0.618834 0.701656 0 0
  phy
    31 -9.764145 3.079440 51.537229 0.051559 -0.040860 0.997834 0 0
    31 -13.951381 2.361819 49.119353 0.353163 0.618834 0.701656 0 0
    31 -10.283769 2.684267 52.277813 -0.006384 0.633951 0.773347 0 0
  phy
    31 -6.713645 2.901246 53.963274 -0.167176 0.321516 0.932030 0 0
    31 -7.399269 1.819768 55.009317 -0.238824 0.868995 0.433371 0 0
    31 -6.207549 2.663802 53.318511 -0.452185 -0.658093 0.602032 0 0
  phy
    31 -6.207549 2.663802 53.318511 -0.452185 -0.658093 0.602032 0 0
    31 -7.399269 1.819768 55.009317 -0.238824 0.868995 0.433371 0 0
    31 -7.316907 0.913937 55.011038 -0.638809 0.658195 -0.398374 0 0
  phy
    31 -6.207549 2.663802 53.318511 -0.452185 -0.658093 0.602032 0 0
    31 -7.316907 0.913937 55.011038 -0.638809 0.658195 -0.398374 0 0
    31 -5.761502 1.051384 52.922812 -0.448356 -0.866843 -0.218082 0 0
  phy
    31 -5.761502 1.051384 52.922812 -0.448356 -0.866843 -0.218082 0 0
    31 -7.316907 0.913937 55.011038 -0.638809 0.658195 -0.398374 0 0
    31 -6.447123 -0.030094 53.968853 -0.333833 -0.006525 -0.942610 0 0
  phy
    31 -6.713645 2.901246 53.963274 -0.167176 0.321516 0.932030 0 0
    31 -6.207549 2.663802 53.318511 -0.452185 -0.658093 0.602032 0 0
    31 -9.764145 3.079440 51.537229 0.051559 -0.040860 0.997834 0 0
  phy
    31 -9.434249 -0.548883 51.544138 -0.014746 0.001733 -0.999890 0 0
    31 -8.914625 -0.153706 50.803557 -0.088373 -0.636386 -0.766292 0 0
    31 -6.447123 -0.030094 53.968853 -0.333833 -0.006525 -0.942610 0 0
  phy
    31 -8.914625 -0.153706 50.803557 -0.088373 -0.636386 -0.766292 0 0
    31 -5.761502 1.051384 52.922812 -0.448356 -0.866843 -0.218082 0 0
    31 -6.447123 -0.030094 53.968853 -0.333833 -0.006525 -0.942610 0 0
  phy
    31 -8.914625 -0.153706 50.803557 -0.088373 -0.636386 -0.766292 0 0
    31 -8.656481 0.783474 50.344534 0.001956 -0.962559 -0.271065 0 0
    31 -5.761502 1.051384 52.922812 -0.448356 -0.866843 -0.218082 0 0
  phy
    31 -8.914625 -0.153706 50.803557 -0.088373 -0.636386 -0.766292 0 0
    31 -12.739303 -0.149621 47.814116 0.276822 -0.602583 -0.748508 0 0
    31 -8.656481 0.783474 50.344534 0.001956 -0.962559 -0.271065 0 0
  phy
    31 -8.914625 -0.153706 50.803557 -0.088373 -0.636386 -0.766292 0 0
    31 -9.434249 -0.548883 51.544138 -0.014746 0.001733 -0.999890 0 0
    31 -12.739303 -0.149621 47.814116 0.276822 -0.602583 -0.748508 0 0
  phy
    31 -8.656481 0.783474 50.344534 0.001956 -0.962559 -0.271065 0 0
    31 -12.739303 -0.149621 47.814116 0.276822 -0.602583 -0.748508 0 0
    31 -12.600947 1.671979 47.405827 0.104344 -0.987987 0.113993 0 0
  phy
    31 -12.739303 -0.149621 47.814116 0.276822 -0.602583 -0.748508 0 0
    31 -12.976536 2.447853 47.807963 0.606855 -0.282320 0.742982 0 0
    31 -12.600947 1.671979 47.405827 0.104344 -0.987987 0.113993 0 0
  phy
    31 -10.016880 -0.251109 52.283400 -0.071687 0.636228 -0.768163 0 0
    31 -10.439971 0.625872 52.738963 0.000435 0.959074 -0.283156 0 0
    31 -13.716636 -0.235751 49.123479 0.454440 0.434556 -0.777589 0 0
  phy
    31 -13.716636 -0.235751 49.123479 0.454440 0.434556 -0.777589 0 0
    31 -10.439971 0.625872 52.738963 0.000435 0.959074 -0.283156 0 0
    31 -14.089760 0.540215 49.527626 0.156368 0.987634 -0.011355 0 0
  phy
    31 -10.016880 -0.251109 52.283400 -0.071687 0.636228 -0.768163 0 0
    31 -9.434249 -0.548883 51.544138 -0.014746 0.001733 -0.999890 0 0
    31 -6.447123 -0.030094 53.968853 -0.333833 -0.006525 -0.942610 0 0
  phy
    31 -7.316907 0.913937 55.011038 -0.638809 0.658195 -0.398374 0 0
    31 -10.016880 -0.251109 52.283400 -0.071687 0.636228 -0.768163 0 0
    31 -6.447123 -0.030094 53.968853 -0.333833 -0.006525 -0.942610 0 0
  phy
    31 -10.016880 -0.251109 52.283400 -0.071687 0.636228 -0.768163 0 0
    31 -7.316907 0.913937 55.011038 -0.638809 0.658195 -0.398374 0 0
    31 -10.439971 0.625872 52.738963 0.000435 0.959074 -0.283156 0 0
  phy
    31 -10.016880 -0.251109 52.283400 -0.071687 0.636228 -0.768163 0 0
    31 -13.716636 -0.235751 49.123479 0.454440 0.434556 -0.777589 0 0
    31 -9.434249 -0.548883 51.544138 -0.014746 0.001733 -0.999890 0 0
  phy
    31 -10.541916 1.747078 52.736832 0.054557 0.962324 0.266374 0 0
    31 -10.439971 0.625872 52.738963 0.000435 0.959074 -0.283156 0 0
    31 -7.399269 1.819768 55.009317 -0.238824 0.868995 0.433371 0 0
  phy
    31 -7.399269 1.819768 55.009317 -0.238824 0.868995 0.433371 0 0
    31 -10.439971 0.625872 52.738963 0.000435 0.959074 -0.283156 0 0
    31 -7.316907 0.913937 55.011038 -0.638809 0.658195 -0.398374 0 0
  phy
    31 -10.541916 1.747078 52.736832 0.054557 0.962324 0.266374 0 0
    31 -13.951381 2.361819 49.119353 0.353163 0.618834 0.701656 0 0
    31 -14.089760 0.540215 49.527626 0.156368 0.987634 -0.011355 0 0
  phy
    31 -10.439971 0.625872 52.738963 0.000435 0.959074 -0.283156 0 0
    31 -10.541916 1.747078 52.736832 0.054557 0.962324 0.266374 0 0
    31 -14.089760 0.540215 49.527626 0.156368 0.987634 -0.011355 0 0
  phy
    31 -9.181518 2.781669 50.797970 0.016979 -0.693193 0.720552 0 0
    31 -12.976536 2.447853 47.807963 0.606855 -0.282320 0.742982 0 0
    31 -9.764145 3.079440 51.537229 0.051559 -0.040860 0.997834 0 0
  phy
    31 -9.764145 3.079440 51.537229 0.051559 -0.040860 0.997834 0 0
    31 -12.976536 2.447853 47.807963 0.606855 -0.282320 0.742982 0 0
    31 -13.951381 2.361819 49.119353 0.353163 0.618834 0.701656 0 0
  phy
    31 -9.764145 3.079440 51.537229 0.051559 -0.040860 0.997834 0 0
    31 -6.207549 2.663802 53.318511 -0.452185 -0.658093 0.602032 0 0
    31 -9.181518 2.781669 50.797970 0.016979 -0.693193 0.720552 0 0
  phy
    31 -9.434249 -0.548883 51.544138 -0.014746 0.001733 -0.999890 0 0
    31 -13.716636 -0.235751 49.123479 0.454440 0.434556 -0.777589 0 0
    31 -12.739303 -0.149621 47.814116 0.276822 -0.602583 -0.748508 0 0
  phy
    31 -13.716636 -0.235751 49.123479 0.454440 0.434556 -0.777589 0 0
    31 -14.089760 0.540215 49.527626 0.156368 0.987634 -0.011355 0 0
    31 -13.951381 2.361819 49.119353 0.353163 0.618834 0.701656 0 0
  phy
    31 -13.951381 2.361819 49.119353 0.353163 0.618834 0.701656 0 0
    31 -12.976536 2.447853 47.807963 0.606855 -0.282320 0.742982 0 0
    31 -13.716636 -0.235751 49.123479 0.454440 0.434556 -0.777589 0 0
  phy
    31 -13.716636 -0.235751 49.123479 0.454440 0.434556 -0.777589 0 0
    31 -12.976536 2.447853 47.807963 0.606855 -0.282320 0.742982 0 0
    31 -12.739303 -0.149621 47.814116 0.276822 -0.602583 -0.748508 0 0
  phy
    32 -14.472242 -0.237926 46.245827 0.066949 -0.621146 -0.780830 0 0
    32 -12.865278 -0.174944 47.669424 -0.807784 -0.195100 -0.556257 0 0
    32 -15.016557 -0.599025 46.969307 0.040492 0.000658 -0.999180 0 0
  phy
    32 -14.472242 -0.237926 46.245827 0.066949 -0.621146 -0.780830 0 0
    32 -15.016557 -0.599025 46.969307 0.040492 0.000658 -0.999180 0 0
    32 -21.334363 -0.129828 41.756819 0.260882 -0.103356 -0.959822 0 0
  phy
    32 -14.472242 -0.237926 46.245827 0.066949 -0.621146 -0.780830 0 0
    32 -21.334363 -0.129828 41.756819 0.260882 -0.103356 -0.959822 0 0
    32 -14.162067 0.605519 45.821819 0.109692 -0.955132 -0.275120 0 0
  phy
    32 -14.162067 0.605519 45.821819 0.109692 -0.955132 -0.275120 0 0
    32 -12.567007 0.604849 47.262265 -0.250810 -0.958474 -0.135730 0 0
    32 -14.472242 -0.237926 46.245827 0.066949 -0.621146 -0.780830 0 0
  phy
    32 -14.472242 -0.237926 46.245827 0.066949 -0.621146 -0.780830 0 0
    32 -12.567007 0.604849 47.262265 -0.250810 -0.958474 -0.135730 0 0
    32 -12.865278 -0.174944 47.669424 -0.807784 -0.195100 -0.556257 0 0
  phy
    32 -12.967873 2.250892 47.759814 -0.612872 -0.486539 0.622630 0 0
    32 -14.583365 2.389589 46.343731 0.032415 -0.599492 0.799724 0 0
    32 -15.153914 2.648763 47.090317 0.003181 0.000453 0.999995 0 0
  phy
    32 -15.698230 2.287663 47.813797 0.082959 0.547185 0.832890 0 0
    32 -14.035694 2.153273 49.167803 -0.849966 0.151972 0.504442 0 0
    32 -15.153914 2.648763 47.090317 0.003181 0.000453 0.999995 0 0
  phy
    32 -15.153914 2.648763 47.090317 0.003181 0.000453 0.999995 0 0
    32 -14.035694 2.153273 49.167803 -0.849966 0.151972 0.504442 0 0
    32 -12.967873 2.250892 47.759814 -0.612872 -0.486539 0.622630 0 0
  phy
    32 -15.153914 2.648763 47.090317 0.003181 0.000453 0.999995 0 0
    32 -21.142033 1.587125 41.471895 0.217918 -0.674843 0.705052 0 0
    32 -15.698230 2.287663 47.813797 0.082959 0.547185 0.832890 0 0
  phy
    32 -14.583365 2.389589 46.343731 0.032415 -0.599492 0.799724 0 0
    32 -21.142033 1.587125 41.471895 0.217918 -0.674843 0.705052 0 0
    32 -15.153914 2.648763 47.090317 0.003181 0.000453 0.999995 0 0
  phy
    32 -15.587113 -0.339851 47.715891 0.101466 0.600777 -0.792951 0 0
    32 -15.016557 -0.599025 46.969307 0.040492 0.000658 -0.999180 0 0
    32 -13.933106 -0.272570 49.077422 -0.540915 0.481459 -0.689643 0 0
  phy
    32 -15.016557 -0.599025 46.969307 0.040492 0.000658 -0.999180 0 0
    32 -15.587113 -0.339851 47.715891 0.101466 0.600777 -0.792951 0 0
    32 -21.334363 -0.129828 41.756819 0.260882 -0.103356 -0.959822 0 0
  phy
    32 -15.965960 0.440602 48.200413 0.098120 0.926445 -0.363417 0 0
    32 -15.587113 -0.339851 47.715891 0.101466 0.600777 -0.792951 0 0
    32 -13.933106 -0.272570 49.077422 -0.540915 0.481459 -0.689643 0 0
  phy
    32 -15.587113 -0.339851 47.715891 0.101466 0.600777 -0.792951 0 0
    32 -15.965960 0.440602 48.200413 0.098120 0.926445 -0.363417 0 0
    32 -21.334363 -0.129828 41.756819 0.260882 -0.103356 -0.959822 0 0
  phy
    32 -14.204516 1.609141 45.859205 0.012680 -0.953425 0.301364 0 0
    32 -14.583365 2.389589 46.343731 0.032415 -0.599492 0.799724 0 0
    32 -12.967873 2.250892 47.759814 -0.612872 -0.486539 0.622630 0 0
  phy
    32 -12.967873 2.250892 47.759814 -0.612872 -0.486539 0.622630 0 0
    32 -12.567007 0.604849 47.262265 -0.250810 -0.958474 -0.135730 0 0
    32 -14.204516 1.609141 45.859205 0.012680 -0.953425 0.301364 0 0
  phy
    32 -14.204516 1.609141 45.859205 0.012680 -0.953425 0.301364 0 0
    32 -12.567007 0.604849 47.262265 -0.250810 -0.958474 -0.135730 0 0
    32 -14.162067 0.605519 45.821819 0.109692 -0.955132 -0.275120 0 0
  phy
    32 -14.162067 0.605519 45.821819 0.109692 -0.955132 -0.275120 0 0
    32 -21.142033 1.587125 41.471895 0.217918 -0.674843 0.705052 0 0
    32 -14.204516 1.609141 45.859205 0.012680 -0.953425 0.301364 0 0
  phy
    32 -14.204516 1.609141 45.859205 0.012680 -0.953425 0.301364 0 0
    32 -21.142033 1.587125 41.471895 0.217918 -0.674843 0.705052 0 0
    32 -14.583365 2.389589 46.343731 0.032415 -0.599492 0.799724 0 0
  phy
    32 -12.567007 0.604849 47.262265 -0.250810 -0.958474 -0.135730 0 0
    32 -12.967873 2.250892 47.759814 -0.612872 -0.486539 0.622630 0 0
    32 -12.865278 -0.174944 47.669424 -0.807784 -0.195100 -0.556257 0 0
  phy
    32 -12.865278 -0.174944 47.669424 -0.807784 -0.195100 -0.556257 0 0
    32 -12.967873 2.250892 47.759814 -0.612872 -0.486539 0.622630 0 0
    32 -14.035694 2.153273 49.167803 -0.849966 0.151972 0.504442 0 0
  phy
    32 -12.865278 -0.174944 47.669424 -0.807784 -0.195100 -0.556257 0 0
    32 -14.035694 2.153273 49.167803 -0.849966 0.151972 0.504442 0 0
    32 -13.933106 -0.272570 49.077422 -0.540915 0.481459 -0.689643 0 0
  phy
    32 -13.933106 -0.272570 49.077422 -0.540915 0.481459 -0.689643 0 0
    32 -14.035694 2.153273 49.167803 -0.849966 0.151972 0.504442 0 0
    32 -14.333974 1.373484 49.574974 -0.210914 0.969455 0.125188 0 0
  phy
    32 -15.016557 -0.599025 46.969307 0.040492 0.000658 -0.999180 0 0
    32 -12.865278 -0.174944 47.669424 -0.807784 -0.195100 -0.556257 0 0
    32 -13.933106 -0.272570 49.077422 -0.540915 0.481459 -0.689643 0 0
  phy
    32 -15.698230 2.287663 47.813797 0.082959 0.547185 0.832890 0 0
    32 -21.813196 1.056071 42.365557 0.211865 0.938032 0.274243 0 0
    32 -16.008403 1.444220 48.237817 0.085500 0.949948 0.300479 0 0
  phy
    32 -15.698230 2.287663 47.813797 0.082959 0.547185 0.832890 0 0
    32 -21.142033 1.587125 41.471895 0.217918 -0.674843 0.705052 0 0
    32 -21.813196 1.056071 42.365557 0.211865 0.938032 0.274243 0 0
  phy
    32 -21.813196 1.056071 42.365557 0.211865 0.938032 0.274243 0 0
    32 -15.965960 0.440602 48.200413 0.098120 0.926445 -0.363417 0 0
    32 -16.008403 1.444220 48.237817 0.085500 0.949948 0.300479 0 0
  phy
    32 -15.965960 0.440602 48.200413 0.098120 0.926445 -0.363417 0 0
    32 -21.813196 1.056071 42.365557 0.211865 0.938032 0.274243 0 0
    32 -21.334363 -0.129828 41.756819 0.260882 -0.103356 -0.959822 0 0
  phy
    32 -21.142033 1.587125 41.471895 0.217918 -0.674843 0.705052 0 0
    32 -21.334363 -0.129828 41.756819 0.260882 -0.103356 -0.959822 0 0
    32 -21.813196 1.056071 42.365557 0.211865 0.938032 0.274243 0 0
  phy
    32 -14.333974 1.373484 49.574974 -0.210914 0.969455 0.125188 0 0
    32 -15.698230 2.287663 47.813797 0.082959 0.547185 0.832890 0 0
    32 -16.008403 1.444220 48.237817 0.085500 0.949948 0.300479 0 0
  phy
    32 -15.698230 2.287663 47.813797 0.082959 0.547185 0.832890 0 0
    32 -14.333974 1.373484 49.574974 -0.210914 0.969455 0.125188 0 0
    32 -14.035694 2.153273 49.167803 -0.849966 0.151972 0.504442 0 0
  phy
    32 -15.965960 0.440602 48.200413 0.098120 0.926445 -0.363417 0 0
    32 -14.333974 1.373484 49.574974 -0.210914 0.969455 0.125188 0 0
    32 -16.008403 1.444220 48.237817 0.085500 0.949948 0.300479 0 0
  phy
    32 -14.333974 1.373484 49.574974 -0.210914 0.969455 0.125188 0 0
    32 -15.965960 0.440602 48.200413 0.098120 0.926445 -0.363417 0 0
    32 -13.933106 -0.272570 49.077422 -0.540915 0.481459 -0.689643 0 0
  phy
    32 -14.162067 0.605519 45.821819 0.109692 -0.955132 -0.275120 0 0
    32 -21.334363 -0.129828 41.756819 0.260882 -0.103356 -0.959822 0 0
    32 -21.142033 1.587125 41.471895 0.217918 -0.674843 0.705052 0 0
  phy
    9 10.159967 1.783226 52.989766 0.015852 -0.961687 0.273690 0 0
    9 13.625595 2.393093 49.425201 0.343562 -0.623389 0.702390 0 0
    9 9.909011 2.719748 52.525455 0.032148 -0.643466 0.764799 0 0
  phy
    9 10.159967 1.783226 52.989766 0.015852 -0.961687 0.273690 0 0
    9 13.758387 0.571810 49.837468 0.117475 -0.984643 -0.129146 0 0
    9 13.625595 2.393093 49.425201 0.343562 -0.623389 0.702390 0 0
  phy
    9 10.058041 0.662008 52.991874 -0.004385 -0.962912 -0.269782 0 0
    9 13.758387 0.571810 49.837468 0.117475 -0.984643 -0.129146 0 0
    9 10.159967 1.783226 52.989766 0.015852 -0.961687 0.273690 0 0
  phy
    9 10.159967 1.783226 52.989766 0.015852 -0.961687 0.273690 0 0
    9 6.937334 0.908782 55.294912 -0.152530 -0.982087 -0.110636 0 0
    9 10.058041 0.662008 52.991874 -0.004385 -0.962912 -0.269782 0 0
  phy
    9 9.909011 2.719748 52.525455 0.032148 -0.643466 0.764799 0 0
    9 6.783221 2.717485 54.853121 -0.358019 -0.560725 0.746599 0 0
    9 10.159967 1.783226 52.989766 0.015852 -0.961687 0.273690 0 0
  phy
    9 10.159967 1.783226 52.989766 0.015852 -0.961687 0.273690 0 0
    9 6.783221 2.717485 54.853121 -0.358019 -0.560725 0.746599 0 0
    9 6.937334 0.908782 55.294912 -0.152530 -0.982087 -0.110636 0 0
  phy
    9 10.058041 0.662008 52.991874 -0.004385 -0.962912 -0.269782 0 0
    9 6.937334 0.908782 55.294912 -0.152530 -0.982087 -0.110636 0 0
    9 9.642148 -0.215633 52.530971 -0.026009 -0.715673 -0.697951 0 0
  phy
    9 9.642148 -0.215633 52.530971 -0.026009 -0.715673 -0.697951 0 0
    9 13.758387 0.571810 49.837468 0.117475 -0.984643 -0.129146 0 0
    9 10.058041 0.662008 52.991874 -0.004385 -0.962912 -0.269782 0 0
  phy
    9 13.625595 2.393093 49.425201 0.343562 -0.623389 0.702390 0 0
    9 9.401021 3.113862 51.776275 0.038973 0.001656 0.999239 0 0
    9 9.909011 2.719748 52.525455 0.032148 -0.643466 0.764799 0 0
  phy
    9 9.401021 3.113862 51.776275 0.038973 0.001656 0.999239 0 0
    9 6.783221 2.717485 54.853121 -0.358019 -0.560725 0.746599 0 0
    9 9.909011 2.719748 52.525455 0.032148 -0.643466 0.764799 0 0
  phy
    9 13.390795 -0.204489 49.429354 0.573026 -0.296971 -0.763839 0 0
    9 13.758387 0.571810 49.837468 0.117475 -0.984643 -0.129146 0 0
    9 9.642148 -0.215633 52.530971 -0.026009 -0.715673 -0.697951 0 0
  phy
    9 6.937334 0.908782 55.294912 -0.152530 -0.982087 -0.110636 0 0
    9 6.548933 0.140288 54.857966 -0.747781 -0.214931 -0.628195 0 0
    9 9.642148 -0.215633 52.530971 -0.026009 -0.715673 -0.697951 0 0
  phy
    9 13.390795 -0.204489 49.429354 0.573026 -0.296971 -0.763839 0 0
    9 9.642148 -0.215633 52.530971 -0.026009 -0.715673 -0.697951 0 0
    9 9.071173 -0.514467 51.783093 -0.042607 -0.001507 -0.999091 0 0
  phy
    9 9.071173 -0.514467 51.783093 -0.042607 -0.001507 -0.999091 0 0
    9 9.642148 -0.215633 52.530971 -0.026009 -0.715673 -0.697951 0 0
    9 6.548933 0.140288 54.857966 -0.747781 -0.214931 -0.628195 0 0
  phy
    9 13.758387 0.571810 49.837468 0.117475 -0.984643 -0.129146 0 0
    9 13.390795 -0.204489 49.429354 0.573026 -0.296971 -0.763839 0 0
    9 13.625595 2.393093 49.425201 0.343562 -0.623389 0.702390 0 0
  phy
    9 13.390795 -0.204489 49.429354 0.573026 -0.296971 -0.763839 0 0
    9 12.670320 2.477444 48.099789 0.449614 0.581527 0.677992 0 0
    9 13.625595 2.393093 49.425201 0.343562 -0.623389 0.702390 0 0
  phy
    9 13.390795 -0.204489 49.429354 0.573026 -0.296971 -0.763839 0 0
    9 12.212789 0.708531 47.692969 0.351896 0.935671 -0.026240 0 0
    9 12.670320 2.477444 48.099789 0.449614 0.581527 0.677992 0 0
  phy
    9 13.390795 -0.204489 49.429354 0.573026 -0.296971 -0.763839 0 0
    9 12.435213 -0.120112 48.103514 0.099573 0.482040 -0.870473 0 0
    9 12.212789 0.708531 47.692969 0.351896 0.935671 -0.026240 0 0
  phy
    9 13.625595 2.393093 49.425201 0.343562 -0.623389 0.702390 0 0
    9 12.670320 2.477444 48.099789 0.449614 0.581527 0.677992 0 0
    9 9.401021 3.113862 51.776275 0.038973 0.001656 0.999239 0 0
  phy
    9 8.830041 2.815027 51.028411 0.036826 0.644912 0.763369 0 0
    9 8.414148 1.937387 50.567500 0.022855 0.961801 0.272794 0 0
    9 5.760606 2.807787 53.434294 -0.456001 0.553382 0.697017 0 0
  phy
    9 8.414148 1.937387 50.567500 0.022855 0.961801 0.272794 0 0
    9 8.830041 2.815027 51.028411 0.036826 0.644912 0.763369 0 0
    9 12.670320 2.477444 48.099789 0.449614 0.581527 0.677992 0 0
  phy
    9 8.830041 2.815027 51.028411 0.036826 0.644912 0.763369 0 0
    9 5.760606 2.807787 53.434294 -0.456001 0.553382 0.697017 0 0
    9 9.401021 3.113862 51.776275 0.038973 0.001656 0.999239 0 0
  phy
    9 9.401021 3.113862 51.776275 0.038973 0.001656 0.999239 0 0
    9 12.670320 2.477444 48.099789 0.449614 0.581527 0.677992 0 0
    9 8.830041 2.815027 51.028411 0.036826 0.644912 0.763369 0 0
  phy
    9 12.212789 0.708531 47.692969 0.351896 0.935671 -0.026240 0 0
    9 8.414148 1.937387 50.567500 0.022855 0.961801 0.272794 0 0
    9 12.670320 2.477444 48.099789 0.449614 0.581527 0.677992 0 0
  phy
    9 8.312220 0.816170 50.569608 0.005044 0.945469 -0.325672 0 0
    9 8.414148 1.937387 50.567500 0.022855 0.961801 0.272794 0 0
    9 12.212789 0.708531 47.692969 0.351896 0.935671 -0.026240 0 0
  phy
    9 8.414148 1.937387 50.567500 0.022855 0.961801 0.272794 0 0
    9 8.312220 0.816170 50.569608 0.005044 0.945469 -0.325672 0 0
    9 5.282718 1.054889 52.999194 -0.348514 0.933180 -0.087824 0 0
  phy
    9 5.760606 2.807787 53.434294 -0.456001 0.553382 0.697017 0 0
    9 8.414148 1.937387 50.567500 0.022855 0.961801 0.272794 0 0
    9 5.282718 1.054889 52.999194 -0.348514 0.933180 -0.087824 0 0
  phy
    9 13.390795 -0.204489 49.429354 0.573026 -0.296971 -0.763839 0 0
    9 9.071173 -0.514467 51.783093 -0.042607 -0.001507 -0.999091 0 0
    9 12.435213 -0.120112 48.103514 0.099573 0.482040 -0.870473 0 0
  phy
    9 8.563177 -0.120354 51.033926 -0.028538 0.680473 -0.732217 0 0
    9 8.312220 0.816170 50.569608 0.005044 0.945469 -0.325672 0 0
    9 12.435213 -0.120112 48.103514 0.099573 0.482040 -0.870473 0 0
  phy
    9 12.435213 -0.120112 48.103514 0.099573 0.482040 -0.870473 0 0
    9 8.312220 0.816170 50.569608 0.005044 0.945469 -0.325672 0 0
    9 12.212789 0.708531 47.692969 0.351896 0.935671 -0.026240 0 0
  phy
    9 8.312220 0.816170 50.569608 0.005044 0.945469 -0.325672 0 0
    9 8.563177 -0.120354 51.033926 -0.028538 0.680473 -0.732217 0 0
    9 5.282718 1.054889 52.999194 -0.348514 0.933180 -0.087824 0 0
  phy
    9 8.563177 -0.120354 51.033926 -0.028538 0.680473 -0.732217 0 0
    9 5.526330 0.230589 53.439127 -0.233946 0.337541 -0.911776 0 0
    9 5.282718 1.054889 52.999194 -0.348514 0.933180 -0.087824 0 0
  phy
    9 8.563177 -0.120354 51.033926 -0.028538 0.680473 -0.732217 0 0
    9 9.071173 -0.514467 51.783093 -0.042607 -0.001507 -0.999091 0 0
    9 5.526330 0.230589 53.439127 -0.233946 0.337541 -0.911776 0 0
  phy
    9 9.071173 -0.514467 51.783093 -0.042607 -0.001507 -0.999091 0 0
    9 8.563177 -0.120354 51.033926 -0.028538 0.680473 -0.732217 0 0
    9 12.435213 -0.120112 48.103514 0.099573 0.482040 -0.870473 0 0
  phy
    9 6.937334 0.908782 55.294912 -0.152530 -0.982087 -0.110636 0 0
    9 6.783221 2.717485 54.853121 -0.358019 -0.560725 0.746599 0 0
    9 6.548933 0.140288 54.857966 -0.747781 -0.214931 -0.628195 0 0
  phy
    9 6.548933 0.140288 54.857966 -0.747781 -0.214931 -0.628195 0 0
    9 6.783221 2.717485 54.853121 -0.358019 -0.560725 0.746599 0 0
    9 5.760606 2.807787 53.434294 -0.456001 0.553382 0.697017 0 0
  phy
    9 6.548933 0.140288 54.857966 -0.747781 -0.214931 -0.628195 0 0
    9 5.760606 2.807787 53.434294 -0.456001 0.553382 0.697017 0 0
    9 5.282718 1.054889 52.999194 -0.348514 0.933180 -0.087824 0 0
  phy
    9 6.548933 0.140288 54.857966 -0.747781 -0.214931 -0.628195 0 0
    9 5.282718 1.054889 52.999194 -0.348514 0.933180 -0.087824 0 0
    9 5.526330 0.230589 53.439127 -0.233946 0.337541 -0.911776 0 0
  phy
    9 5.760606 2.807787 53.434294 -0.456001 0.553382 0.697017 0 0
    9 6.783221 2.717485 54.853121 -0.358019 -0.560725 0.746599 0 0
    9 9.401021 3.113862 51.776275 0.038973 0.001656 0.999239 0 0
  phy
    9 5.526330 0.230589 53.439127 -0.233946 0.337541 -0.911776 0 0
    9 9.071173 -0.514467 51.783093 -0.042607 -0.001507 -0.999091 0 0
    9 6.548933 0.140288 54.857966 -0.747781 -0.214931 -0.628195 0 0
  phy
    10 20.651105 0.066806 41.919859 0.254792 0.518648 -0.816141 0 0
    10 13.667222 0.606351 46.216889 0.043004 0.952819 -0.300476 0 0
    10 13.709679 1.609972 46.254284 0.094041 0.977690 0.187825 0 0
  phy
    10 20.651105 0.066806 41.919859 0.254792 0.518648 -0.816141 0 0
    10 13.709679 1.609972 46.254284 0.094041 0.977690 0.187825 0 0
    10 20.715151 1.580910 41.976281 0.195931 0.444936 0.873867 0 0
  phy
    10 13.970199 -0.236998 46.646267 0.073485 0.598833 -0.797495 0 0
    10 13.667222 0.606351 46.216889 0.043004 0.952819 -0.300476 0 0
    10 20.651105 0.066806 41.919859 0.254792 0.518648 -0.816141 0 0
  phy
    10 13.667222 0.606351 46.216889 0.043004 0.952819 -0.300476 0 0
    10 13.970199 -0.236998 46.646267 0.073485 0.598833 -0.797495 0 0
    10 12.341153 -0.172109 48.044439 -0.647547 0.460247 -0.607335 0 0
  phy
    10 13.667222 0.606351 46.216889 0.043004 0.952819 -0.300476 0 0
    10 12.341153 -0.172109 48.044439 -0.647547 0.460247 -0.607335 0 0
    10 12.088979 1.534168 47.666667 -0.416504 0.870638 0.261750 0 0
  phy
    10 13.709679 1.609972 46.254284 0.094041 0.977690 0.187825 0 0
    10 13.667222 0.606351 46.216889 0.043004 0.952819 -0.300476 0 0
    10 12.088979 1.534168 47.666667 -0.416504 0.870638 0.261750 0 0
  phy
    10 15.172980 2.288910 48.231606 0.049544 -0.535953 0.842793 0 0
    10 14.640289 2.649852 47.499459 0.052474 -0.002957 0.998618 0 0
    10 12.978662 2.491395 48.857835 -0.797806 0.032398 0.602043 0 0
  phy
    10 12.978662 2.491395 48.857835 -0.797806 0.032398 0.602043 0 0
    10 13.780698 1.376704 49.971799 -0.406614 -0.871622 0.273753 0 0
    10 15.172980 2.288910 48.231606 0.049544 -0.535953 0.842793 0 0
  phy
    10 15.172980 2.288910 48.231606 0.049544 -0.535953 0.842793 0 0
    10 13.780698 1.376704 49.971799 -0.406614 -0.871622 0.273753 0 0
    10 15.475955 1.445562 48.660989 0.070810 -0.951316 0.299972 0 0
  phy
    10 15.475955 1.445562 48.660989 0.070810 -0.951316 0.299972 0 0
    10 21.371891 1.050052 42.880698 0.222235 -0.974970 0.006703 0 0
    10 15.172980 2.288910 48.231606 0.049544 -0.535953 0.842793 0 0
  phy
    10 21.371891 1.050052 42.880698 0.222235 -0.974970 0.006703 0 0
    10 20.715151 1.580910 41.976281 0.195931 0.444936 0.873867 0 0
    10 15.172980 2.288910 48.231606 0.049544 -0.535953 0.842793 0 0
  phy
    10 15.172980 2.288910 48.231606 0.049544 -0.535953 0.842793 0 0
    10 20.715151 1.580910 41.976281 0.195931 0.444936 0.873867 0 0
    10 14.640289 2.649852 47.499459 0.052474 -0.002957 0.998618 0 0
  phy
    10 15.475955 1.445562 48.660989 0.070810 -0.951316 0.299972 0 0
    10 15.433498 0.441940 48.623588 0.060599 -0.952640 -0.298000 0 0
    10 21.371891 1.050052 42.880698 0.222235 -0.974970 0.006703 0 0
  phy
    10 15.475955 1.445562 48.660989 0.070810 -0.951316 0.299972 0 0
    10 13.780698 1.376704 49.971799 -0.406614 -0.871622 0.273753 0 0
    10 15.433498 0.441940 48.623588 0.060599 -0.952640 -0.298000 0 0
  phy
    10 13.780698 1.376704 49.971799 -0.406614 -0.871622 0.273753 0 0
    10 12.978662 2.491395 48.857835 -0.797806 0.032398 0.602043 0 0
    10 13.386689 -0.269436 49.469085 -0.655919 -0.420150 -0.627092 0 0
  phy
    10 13.386689 -0.269436 49.469085 -0.655919 -0.420150 -0.627092 0 0
    10 12.978662 2.491395 48.857835 -0.797806 0.032398 0.602043 0 0
    10 12.341153 -0.172109 48.044439 -0.647547 0.460247 -0.607335 0 0
  phy
    10 12.341153 -0.172109 48.044439 -0.647547 0.460247 -0.607335 0 0
    10 12.978662 2.491395 48.857835 -0.797806 0.032398 0.602043 0 0
    10 12.088979 1.534168 47.666667 -0.416504 0.870638 0.261750 0 0
  phy
    10 15.061816 -0.338609 48.133696 0.135678 -0.630366 -0.764350 0 0
    10 15.433498 0.441940 48.623588 0.060599 -0.952640 -0.298000 0 0
    10 13.386689 -0.269436 49.469085 -0.655919 -0.420150 -0.627092 0 0
  phy
    10 15.433498 0.441940 48.623588 0.060599 -0.952640 -0.298000 0 0
    10 13.780698 1.376704 49.971799 -0.406614 -0.871622 0.273753 0 0
    10 13.386689 -0.269436 49.469085 -0.655919 -0.420150 -0.627092 0 0
  phy
    10 15.061816 -0.338609 48.133696 0.135678 -0.630366 -0.764350 0 0
    10 13.386689 -0.269436 49.469085 -0.655919 -0.420150 -0.627092 0 0
    10 14.502881 -0.597940 47.378427 0.053957 -0.001428 -0.998542 0 0
  phy
    10 13.386689 -0.269436 49.469085 -0.655919 -0.420150 -0.627092 0 0
    10 12.341153 -0.172109 48.044439 -0.647547 0.460247 -0.607335 0 0
    10 14.502881 -0.597940 47.378427 0.053957 -0.001428 -0.998542 0 0
  phy
    10 12.978662 2.491395 48.857835 -0.797806 0.032398 0.602043 0 0
    10 14.640289 2.649852 47.499459 0.052474 -0.002957 0.998618 0 0
    10 14.081358 2.390522 46.744183 -0.002552 0.598584 0.801056 0 0
  phy
    10 14.081358 2.390522 46.744183 -0.002552 0.598584 0.801056 0 0
    10 12.088979 1.534168 47.666667 -0.416504 0.870638 0.261750 0 0
    10 12.978662 2.491395 48.857835 -0.797806 0.032398 0.602043 0 0
  phy
    10 14.081358 2.390522 46.744183 -0.002552 0.598584 0.801056 0 0
    10 13.709679 1.609972 46.254284 0.094041 0.977690 0.187825 0 0
    10 12.088979 1.534168 47.666667 -0.416504 0.870638 0.261750 0 0
  phy
    10 13.709679 1.609972 46.254284 0.094041 0.977690 0.187825 0 0
    10 14.081358 2.390522 46.744183 -0.002552 0.598584 0.801056 0 0
    10 20.715151 1.580910 41.976281 0.195931 0.444936 0.873867 0 0
  phy
    10 14.640289 2.649852 47.499459 0.052474 -0.002957 0.998618 0 0
    10 20.715151 1.580910 41.976281 0.195931 0.444936 0.873867 0 0
    10 14.081358 2.390522 46.744183 -0.002552 0.598584 0.801056 0 0
  phy
    10 12.341153 -0.172109 48.044439 -0.647547 0.460247 -0.607335 0 0
    10 13.970199 -0.236998 46.646267 0.073485 0.598833 -0.797495 0 0
    10 14.502881 -0.597940 47.378427 0.053957 -0.001428 -0.998542 0 0
  phy
    10 14.502881 -0.597940 47.378427 0.053957 -0.001428 -0.998542 0 0
    10 13.970199 -0.236998 46.646267 0.073485 0.598833 -0.797495 0 0
    10 20.651105 0.066806 41.919859 0.254792 0.518648 -0.816141 0 0
  phy
    10 21.371891 1.050052 42.880698 0.222235 -0.974970 0.006703 0 0
    10 15.433498 0.441940 48.623588 0.060599 -0.952640 -0.298000 0 0
    10 15.061816 -0.338609 48.133696 0.135678 -0.630366 -0.764350 0 0
  phy
    10 21.371891 1.050052 42.880698 0.222235 -0.974970 0.006703 0 0
    10 15.061816 -0.338609 48.133696 0.135678 -0.630366 -0.764350 0 0
    10 20.651105 0.066806 41.919859 0.254792 0.518648 -0.816141 0 0
  phy
    10 21.371891 1.050052 42.880698 0.222235 -0.974970 0.006703 0 0
    10 20.651105 0.066806 41.919859 0.254792 0.518648 -0.816141 0 0
    10 20.715151 1.580910 41.976281 0.195931 0.444936 0.873867 0 0
  phy
    10 15.061816 -0.338609 48.133696 0.135678 -0.630366 -0.764350 0 0
    10 14.502881 -0.597940 47.378427 0.053957 -0.001428 -0.998542 0 0
    10 20.651105 0.066806 41.919859 0.254792 0.518648 -0.816141 0 0
  phy
    12 19.754602 1.668313 43.395384 -0.547754 0.826594 0.129262 0 0
    12 19.664553 -0.460151 43.316069 -0.822109 -0.553071 0.135089 0 0
    12 20.316566 1.629638 43.795104 -0.419534 0.173873 0.890932 0 0
  phy
    12 20.316566 1.629638 43.795104 -0.419534 0.173873 0.890932 0 0
    12 19.664553 -0.460151 43.316069 -0.822109 -0.553071 0.135089 0 0
    12 20.226522 -0.498819 43.715794 -0.232766 -0.477882 0.847023 0 0
  phy
    12 19.664553 -0.460151 43.316069 -0.822109 -0.553071 0.135089 0 0
    12 19.754602 1.668313 43.395384 -0.547754 0.826594 0.129262 0 0
    12 19.243463 -0.422470 42.782969 -0.543773 -0.071641 -0.836169 0 0
  phy
    12 19.243463 -0.422470 42.782969 -0.543773 -0.071641 -0.836169 0 0
    12 19.754602 1.668313 43.395384 -0.547754 0.826594 0.129262 0 0
    12 19.333514 1.705992 42.862287 -0.618750 0.296649 -0.727426 0 0
  phy
    12 19.754602 1.668313 43.395384 -0.547754 0.826594 0.129262 0 0
    12 22.374190 2.224391 42.265849 0.124127 0.419504 0.899227 0 0
    12 20.659644 2.362773 40.498989 -0.141219 0.483492 -0.863883 0 0
  phy
    12 19.333514 1.705992 42.862287 -0.618750 0.296649 -0.727426 0 0
    12 19.754602 1.668313 43.395384 -0.547754 0.826594 0.129262 0 0
    12 20.659644 2.362773 40.498989 -0.141219 0.483492 -0.863883 0 0
  phy
    12 22.374190 2.224391 42.265849 0.124127 0.419504 0.899227 0 0
    12 19.754602 1.668313 43.395384 -0.547754 0.826594 0.129262 0 0
    12 20.316566 1.629638 43.795104 -0.419534 0.173873 0.890932 0 0
  phy
    12 23.915779 1.978398 38.987540 0.452370 0.440470 -0.775466 0 0
    12 23.976700 -1.232425 39.867129 0.453349 -0.374151 0.809003 0 0
    12 23.781851 -1.187010 38.869585 0.622704 -0.252930 -0.740450 0 0
  phy
    12 23.915779 1.978398 38.987540 0.452370 0.440470 -0.775466 0 0
    12 24.110629 1.932978 39.985074 0.478482 0.124049 0.869291 0 0
    12 23.976700 -1.232425 39.867129 0.453349 -0.374151 0.809003 0 0
  phy
    12 24.110629 1.932978 39.985074 0.478482 0.124049 0.869291 0 0
    12 22.374190 2.224391 42.265849 0.124127 0.419504 0.899227 0 0
    12 23.976700 -1.232425 39.867129 0.453349 -0.374151 0.809003 0 0
  phy
    12 22.374190 2.224391 42.265849 0.124127 0.419504 0.899227 0 0
    12 22.217473 -1.479142 42.127880 0.071911 -0.518485 0.852058 0 0
    12 23.976700 -1.232425 39.867129 0.453349 -0.374151 0.809003 0 0
  phy
    12 22.374190 2.224391 42.265849 0.124127 0.419504 0.899227 0 0
    12 24.110629 1.932978 39.985074 0.478482 0.124049 0.869291 0 0
    12 23.915779 1.978398 38.987540 0.452370 0.440470 -0.775466 0 0
  phy
    12 20.970044 -2.263043 39.955185 -0.055744 -0.473214 -0.879182 0 0
    12 20.226522 -0.498819 43.715794 -0.232766 -0.477882 0.847023 0 0
    12 19.664553 -0.460151 43.316069 -0.822109 -0.553071 0.135089 0 0
  phy
    12 19.664553 -0.460151 43.316069 -0.822109 -0.553071 0.135089 0 0
    12 19.243463 -0.422470 42.782969 -0.543773 -0.071641 -0.836169 0 0
    12 20.970044 -2.263043 39.955185 -0.055744 -0.473214 -0.879182 0 0
  phy
    12 22.374190 2.224391 42.265849 0.124127 0.419504 0.899227 0 0
    12 20.226522 -0.498819 43.715794 -0.232766 -0.477882 0.847023 0 0
    12 22.217473 -1.479142 42.127880 0.071911 -0.518485 0.852058 0 0
  phy
    12 22.374190 2.224391 42.265849 0.124127 0.419504 0.899227 0 0
    12 20.316566 1.629638 43.795104 -0.419534 0.173873 0.890932 0 0
    12 20.226522 -0.498819 43.715794 -0.232766 -0.477882 0.847023 0 0
  phy
    12 20.659644 2.362773 40.498989 -0.141219 0.483492 -0.863883 0 0
    12 22.374190 2.224391 42.265849 0.124127 0.419504 0.899227 0 0
    12 23.915779 1.978398 38.987540 0.452370 0.440470 -0.775466 0 0
  phy
    12 19.333514 1.705992 42.862287 -0.618750 0.296649 -0.727426 0 0
    12 20.659644 2.362773 40.498989 -0.141219 0.483492 -0.863883 0 0
    12 19.243463 -0.422470 42.782969 -0.543773 -0.071641 -0.836169 0 0
  phy
    12 23.976700 -1.232425 39.867129 0.453349 -0.374151 0.809003 0 0
    12 22.217473 -1.479142 42.127880 0.071911 -0.518485 0.852058 0 0
    12 20.970044 -2.263043 39.955185 -0.055744 -0.473214 -0.879182 0 0
  phy
    12 20.970044 -2.263043 39.955185 -0.055744 -0.473214 -0.879182 0 0
    12 23.781851 -1.187010 38.869585 0.622704 -0.252930 -0.740450 0 0
    12 23.976700 -1.232425 39.867129 0.453349 -0.374151 0.809003 0 0
  phy
    12 20.970044 -2.263043 39.955185 -0.055744 -0.473214 -0.879182 0 0
    12 22.217473 -1.479142 42.127880 0.071911 -0.518485 0.852058 0 0
    12 20.226522 -0.498819 43.715794 -0.232766 -0.477882 0.847023 0 0
  phy
    12 20.659644 2.362773 40.498989 -0.141219 0.483492 -0.863883 0 0
    12 20.970044 -2.263043 39.955185 -0.055744 -0.473214 -0.879182 0 0
    12 19.243463 -0.422470 42.782969 -0.543773 -0.071641 -0.836169 0 0
  phy
    12 20.970044 -2.263043 39.955185 -0.055744 -0.473214 -0.879182 0 0
    12 20.659644 2.362773 40.498989 -0.141219 0.483492 -0.863883 0 0
    12 23.915779 1.978398 38.987540 0.452370 0.440470 -0.775466 0 0
  phy
    12 23.781851 -1.187010 38.869585 0.622704 -0.252930 -0.740450 0 0
    12 20.970044 -2.263043 39.955185 -0.055744 -0.473214 -0.879182 0 0
    12 23.915779 1.978398 38.987540 0.452370 0.440470 -0.775466 0 0
  phy
    6 -1.368970 0.658956 66.851200 0.877754 -0.453962 0.153189 0 0
    6 -1.267807 1.284510 66.852329 0.824401 -0.494414 0.275532 0 0
    6 -2.495598 0.660617 65.925270 0.652840 -0.748879 0.113936 0 0
  phy
    6 -1.267807 1.284510 66.852329 0.824401 -0.494414 0.275532 0 0
    6 -2.308675 1.816462 65.927356 0.570488 -0.752179 0.329803 0 0
    6 -2.495598 0.660617 65.925270 0.652840 -0.748879 0.113936 0 0
  phy
    6 -2.495598 0.660617 65.925270 0.652840 -0.748879 0.113936 0 0
    6 -1.267810 0.033405 66.850070 0.868995 -0.494416 0.020012 0 0
    6 -1.368970 0.658956 66.851200 0.877754 -0.453962 0.153189 0 0
  phy
    6 -2.495598 0.660617 65.925270 0.652840 -0.748879 0.113936 0 0
    6 -2.308680 -0.495222 65.923184 0.648478 -0.752179 -0.117060 0 0
    6 -1.267810 0.033405 66.850070 0.868995 -0.494416 0.020012 0 0
  phy
    6 -1.368970 0.658956 66.851200 0.877754 -0.453962 0.153189 0 0
    6 -0.039998 0.658370 67.176358 0.985110 -0.000002 0.171928 0 0
    6 -1.267807 1.284510 66.852329 0.824401 -0.494414 0.275532 0 0
  phy
    6 -1.267810 0.033405 66.850070 0.868995 -0.494416 0.020012 0 0
    6 -0.039998 0.658370 67.176358 0.985110 -0.000002 0.171928 0 0
    6 -1.368970 0.658956 66.851200 0.877754 -0.453962 0.153189 0 0
  phy
    6 1.187816 1.284475 66.852327 0.857869 0.421565 0.293843 0 0
    6 2.228680 1.816479 65.927346 0.585875 0.743554 0.322302 0 0
    6 0.899704 1.814827 66.853290 0.811831 0.401766 0.423690 0 0
  phy
    6 2.228680 1.816479 65.927346 0.585875 0.743554 0.322302 0 0
    6 1.696368 2.796356 65.929126 0.527875 0.601300 0.599822 0 0
    6 0.899704 1.814827 66.853290 0.811831 0.401766 0.423690 0 0
  phy
    6 1.288955 0.658954 66.851217 0.837493 0.515759 0.180549 0 0
    6 2.228680 1.816479 65.927346 0.585875 0.743554 0.322302 0 0
    6 1.187816 1.284475 66.852327 0.857869 0.421565 0.293843 0 0
  phy
    6 1.288955 0.658954 66.851217 0.837493 0.515759 0.180549 0 0
    6 2.415596 0.660615 65.925272 0.641109 0.760950 0.099671 0 0
    6 2.228680 1.816479 65.927346 0.585875 0.743554 0.322302 0 0
  phy
    6 1.187816 1.284475 66.852327 0.857869 0.421565 0.293843 0 0
    6 -0.039998 0.658370 67.176358 0.985110 -0.000002 0.171928 0 0
    6 1.288955 0.658954 66.851217 0.837493 0.515759 0.180549 0 0
  phy
    6 0.899704 1.814827 66.853290 0.811831 0.401766 0.423690 0 0
    6 -0.039998 0.658370 67.176358 0.985110 -0.000002 0.171928 0 0
    6 1.187816 1.284475 66.852327 0.857869 0.421565 0.293843 0 0
  phy
    6 -2.495598 0.660617 65.925270 0.652840 -0.748879 0.113936 0 0
    6 -3.248391 0.663122 64.539507 0.358267 -0.931523 0.062526 0 0
    6 -2.308680 -0.495222 65.923184 0.648478 -0.752179 -0.117060 0 0
  phy
    6 -3.248391 0.663122 64.539507 0.358267 -0.931523 0.062526 0 0
    6 -3.004164 -0.847072 64.536793 0.362229 -0.902847 -0.231639 0 0
    6 -2.308680 -0.495222 65.923184 0.648478 -0.752179 -0.117060 0 0
  phy
    6 -2.308675 1.816462 65.927356 0.570488 -0.752179 0.329803 0 0
    6 -3.248391 0.663122 64.539507 0.358267 -0.931523 0.062526 0 0
    6 -2.495598 0.660617 65.925270 0.652840 -0.748879 0.113936 0 0
  phy
    6 -2.308675 1.816462 65.927356 0.570488 -0.752179 0.329803 0 0
    6 -3.004164 2.173311 64.542229 0.262351 -0.902848 0.340642 0 0
    6 -3.248391 0.663122 64.539507 0.358267 -0.931523 0.062526 0 0
  phy
    6 -0.979693 1.814843 66.853289 0.791164 -0.396717 0.465484 0 0
    6 -2.308675 1.816462 65.927356 0.570488 -0.752179 0.329803 0 0
    6 -1.267807 1.284510 66.852329 0.824401 -0.494414 0.275532 0 0
  phy
    6 -0.979693 1.814843 66.853289 0.791164 -0.396717 0.465484 0 0
    6 -1.776367 2.796375 65.929100 0.510856 -0.617136 0.598473 0 0
    6 -2.308675 1.816462 65.927356 0.570488 -0.752179 0.329803 0 0
  phy
    6 -1.267807 1.284510 66.852329 0.824401 -0.494414 0.275532 0 0
    6 -0.039998 0.658370 67.176358 0.985110 -0.000002 0.171928 0 0
    6 -0.979693 1.814843 66.853289 0.791164 -0.396717 0.465484 0 0
  phy
    6 2.228675 3.453583 64.544543 0.204991 0.763928 0.611877 0 0
    6 2.415588 3.686450 62.910325 -0.080218 0.751763 0.654536 0 0
    6 1.187805 4.309039 64.546084 0.214243 0.482573 0.849248 0 0
  phy
    6 2.415588 3.686450 62.910325 -0.080218 0.751763 0.654536 0 0
    6 1.288958 4.612387 62.911985 -0.153193 0.453957 0.877755 0 0
    6 1.187805 4.309039 64.546084 0.214243 0.482573 0.849248 0 0
  phy
    6 2.228675 3.453583 64.544543 0.204991 0.763928 0.611877 0 0
    6 2.924167 2.173314 64.542226 0.293426 0.878476 0.377068 0 0
    6 3.168387 2.300682 62.907843 -0.036277 0.939772 0.339872 0 0
  phy
    6 2.228675 3.453583 64.544543 0.204991 0.763928 0.611877 0 0
    6 3.168387 2.300682 62.907843 -0.036277 0.939772 0.339872 0 0
    6 2.415588 3.686450 62.910325 -0.080218 0.751763 0.654536 0 0
  phy
    6 2.228675 3.453583 64.544543 0.204991 0.763928 0.611877 0 0
    6 1.696368 2.796356 65.929126 0.527875 0.601300 0.599822 0 0
    6 2.924167 2.173314 64.542226 0.293426 0.878476 0.377068 0 0
  phy
    6 2.924167 2.173314 64.542226 0.293426 0.878476 0.377068 0 0
    6 1.696368 2.796356 65.929126 0.527875 0.601300 0.599822 0 0
    6 2.228680 1.816479 65.927346 0.585875 0.743554 0.322302 0 0
  phy
    6 2.228675 3.453583 64.544543 0.204991 0.763928 0.611877 0 0
    6 1.187805 4.309039 64.546084 0.214243 0.482573 0.849248 0 0
    6 1.696368 2.796356 65.929126 0.527875 0.601300 0.599822 0 0
  phy
    6 1.187805 4.309039 64.546084 0.214243 0.482573 0.849248 0 0
    6 0.899718 3.451105 65.930294 0.532658 0.296800 0.792581 0 0
    6 1.696368 2.796356 65.929126 0.527875 0.601300 0.599822 0 0
  phy
    6 2.228680 1.816479 65.927346 0.585875 0.743554 0.322302 0 0
    6 2.415596 0.660615 65.925272 0.641109 0.760950 0.099671 0 0
    6 3.168389 0.663123 64.539506 0.320370 0.943604 0.083510 0 0
  phy
    6 2.228680 1.816479 65.927346 0.585875 0.743554 0.322302 0 0
    6 3.168389 0.663123 64.539506 0.320370 0.943604 0.083510 0 0
    6 2.924167 2.173314 64.542226 0.293426 0.878476 0.377068 0 0
  phy
    6 0.899722 3.461970 59.889537 -0.744633 0.350362 0.568126 0 0
    6 -0.040005 4.615322 61.277376 -0.581431 -0.000002 0.813596 0 0
    6 1.187816 4.314921 61.276831 -0.477291 0.383702 0.790548 0 0
  phy
    6 0.899722 3.461970 59.889537 -0.744633 0.350362 0.568126 0 0
    6 -0.040001 3.691886 59.889955 -0.847550 -0.000001 0.530716 0 0
    6 -0.040005 4.615322 61.277376 -0.581431 -0.000002 0.813596 0 0
  phy
    6 0.899722 3.461970 59.889537 -0.744633 0.350362 0.568126 0 0
    6 1.187816 4.314921 61.276831 -0.477291 0.383702 0.790548 0 0
    6 2.228672 3.459476 61.275295 -0.413755 0.725132 0.550446 0 0
  phy
    6 0.899722 3.461970 59.889537 -0.744633 0.350362 0.568126 0 0
    6 2.228672 3.459476 61.275295 -0.413755 0.725132 0.550446 0 0
    6 1.696336 2.807245 59.888342 -0.712823 0.611388 0.343638 0 0
  phy
    6 0.899722 3.461970 59.889537 -0.744633 0.350362 0.568126 0 0
    6 1.696336 2.807245 59.888342 -0.712823 0.611388 0.343638 0 0
    6 0.468570 2.183367 58.961297 -0.951954 0.156209 0.263404 0 0
  phy
    6 0.468570 2.183367 58.961297 -0.951954 0.156209 0.263404 0 0
    6 1.696336 2.807245 59.888342 -0.712823 0.611388 0.343638 0 0
    6 0.899717 1.829024 58.960656 -0.906311 0.422227 0.018033 0 0
  phy
    6 0.899722 3.461970 59.889537 -0.744633 0.350362 0.568126 0 0
    6 0.468570 2.183367 58.961297 -0.951954 0.156209 0.263404 0 0
    6 -0.040001 3.691886 59.889955 -0.847550 -0.000001 0.530716 0 0
  phy
    6 0.468577 -0.851250 66.848473 0.951954 0.156215 -0.263402 0 0
    6 1.696361 -1.475136 65.921410 0.712822 0.611390 -0.343638 0 0
    6 0.899711 -0.496915 66.849123 0.907358 0.401759 -0.123655 0 0
  phy
    6 0.468577 -0.851250 66.848473 0.951954 0.156215 -0.263402 0 0
    6 0.899719 -2.129855 65.920246 0.744631 0.350368 -0.568126 0 0
    6 1.696361 -1.475136 65.921410 0.712822 0.611390 -0.343638 0 0
  phy
    6 2.228656 -0.495274 65.923184 0.648478 0.752179 -0.117058 0 0
    6 1.696361 -1.475136 65.921410 0.712822 0.611390 -0.343638 0 0
    6 2.924161 -0.847074 64.536791 0.362231 0.902848 -0.231633 0 0
  phy
    6 2.924161 -0.847074 64.536791 0.362231 0.902848 -0.231633 0 0
    6 1.696361 -1.475136 65.921410 0.712822 0.611390 -0.343638 0 0
    6 2.228677 -2.127346 64.534481 0.403506 0.716602 -0.568915 0 0
  phy
    6 1.696361 -1.475136 65.921410 0.712822 0.611390 -0.343638 0 0
    6 2.228656 -0.495274 65.923184 0.648478 0.752179 -0.117058 0 0
    6 0.899711 -0.496915 66.849123 0.907358 0.401759 -0.123655 0 0
  phy
    6 2.228656 -0.495274 65.923184 0.648478 0.752179 -0.117058 0 0
    6 1.187805 0.033393 66.850072 0.868995 0.494417 0.020007 0 0
    6 0.899711 -0.496915 66.849123 0.907358 0.401759 -0.123655 0 0
  phy
    6 1.696361 -1.475136 65.921410 0.712822 0.611390 -0.343638 0 0
    6 0.899719 -2.129855 65.920246 0.744631 0.350368 -0.568126 0 0
    6 2.228677 -2.127346 64.534481 0.403506 0.716602 -0.568915 0 0
  phy
    6 0.899719 -2.129855 65.920246 0.744631 0.350368 -0.568126 0 0
    6 1.187799 -2.982806 64.532939 0.476550 0.376392 -0.794499 0 0
    6 2.228677 -2.127346 64.534481 0.403506 0.716602 -0.568915 0 0
  phy
    6 -1.776367 2.796375 65.929100 0.510856 -0.617136 0.598473 0 0
    6 -3.004164 2.173311 64.542229 0.262351 -0.902848 0.340642 0 0
    6 -2.308675 1.816462 65.927356 0.570488 -0.752179 0.329803 0 0
  phy
    6 -1.776367 2.796375 65.929100 0.510856 -0.617136 0.598473 0 0
    6 -2.308678 3.453588 64.544526 0.204990 -0.763933 0.611870 0 0
    6 -3.004164 2.173311 64.542229 0.262351 -0.902848 0.340642 0 0
  phy
    6 -0.979715 -0.496901 66.849124 0.907355 -0.401768 -0.123648 0 0
    6 -1.776365 -1.475137 65.921416 0.712822 -0.611390 -0.343639 0 0
    6 -0.548570 -0.851237 66.848492 0.951955 -0.156210 -0.263402 0 0
  phy
    6 -1.776365 -1.475137 65.921416 0.712822 -0.611390 -0.343639 0 0
    6 -0.979718 -2.129856 65.920245 0.744629 -0.350364 -0.568130 0 0
    6 -0.548570 -0.851237 66.848492 0.951955 -0.156210 -0.263402 0 0
  phy
    6 -1.267810 0.033405 66.850070 0.868995 -0.494416 0.020012 0 0
    6 -2.308680 -0.495222 65.923184 0.648478 -0.752179 -0.117060 0 0
    6 -0.979715 -0.496901 66.849124 0.907355 -0.401768 -0.123648 0 0
  phy
    6 -2.308680 -0.495222 65.923184 0.648478 -0.752179 -0.117060 0 0
    6 -1.776365 -1.475137 65.921416 0.712822 -0.611390 -0.343639 0 0
    6 -0.979715 -0.496901 66.849124 0.907355 -0.401768 -0.123648 0 0
  phy
    6 -0.979715 -0.496901 66.849124 0.907355 -0.401768 -0.123648 0 0
    6 -0.039998 0.658370 67.176358 0.985110 -0.000002 0.171928 0 0
    6 -1.267810 0.033405 66.850070 0.868995 -0.494416 0.020012 0 0
  phy
    6 -0.548570 -0.851237 66.848492 0.951955 -0.156210 -0.263402 0 0
    6 -0.039998 0.658370 67.176358 0.985110 -0.000002 0.171928 0 0
    6 -0.979715 -0.496901 66.849124 0.907355 -0.401768 -0.123648 0 0
  phy
    6 1.187805 0.033393 66.850072 0.868995 0.494417 0.020007 0 0
    6 2.415596 0.660615 65.925272 0.641109 0.760950 0.099671 0 0
    6 1.288955 0.658954 66.851217 0.837493 0.515759 0.180549 0 0
  phy
    6 1.187805 0.033393 66.850072 0.868995 0.494417 0.020007 0 0
    6 2.228656 -0.495274 65.923184 0.648478 0.752179 -0.117058 0 0
    6 2.415596 0.660615 65.925272 0.641109 0.760950 0.099671 0 0
  phy
    6 1.288955 0.658954 66.851217 0.837493 0.515759 0.180549 0 0
    6 -0.039998 0.658370 67.176358 0.985110 -0.000002 0.171928 0 0
    6 1.187805 0.033393 66.850072 0.868995 0.494417 0.020007 0 0
  phy
    6 1.187805 0.033393 66.850072 0.868995 0.494417 0.020007 0 0
    6 -0.039998 0.658370 67.176358 0.985110 -0.000002 0.171928 0 0
    6 0.899711 -0.496915 66.849123 0.907358 0.401759 -0.123655 0 0
  phy
    6 0.899718 3.451105 65.930294 0.532658 0.296800 0.792581 0 0
    6 0.468571 2.169159 66.853933 0.806450 0.156209 0.570295 0 0
    6 1.696368 2.796356 65.929126 0.527875 0.601300 0.599822 0 0
  phy
    6 0.468571 2.169159 66.853933 0.806450 0.156209 0.570295 0 0
    6 0.899704 1.814827 66.853290 0.811831 0.401766 0.423690 0 0
    6 1.696368 2.796356 65.929126 0.527875 0.601300 0.599822 0 0
  phy
    6 0.468571 2.169159 66.853933 0.806450 0.156209 0.570295 0 0
    6 -0.039998 0.658370 67.176358 0.985110 -0.000002 0.171928 0 0
    6 0.899704 1.814827 66.853290 0.811831 0.401766 0.423690 0 0
  phy
    6 -0.548596 2.169145 66.853930 0.821832 -0.100593 0.560779 0 0
    6 -0.039998 0.658370 67.176358 0.985110 -0.000002 0.171928 0 0
    6 0.468571 2.169159 66.853933 0.806450 0.156209 0.570295 0 0
  phy
    6 -0.039986 3.681006 65.930721 0.617667 -0.000007 0.786439 0 0
    6 -0.548596 2.169145 66.853930 0.821832 -0.100593 0.560779 0 0
    6 0.468571 2.169159 66.853933 0.806450 0.156209 0.570295 0 0
  phy
    6 0.468571 2.169159 66.853933 0.806450 0.156209 0.570295 0 0
    6 0.899718 3.451105 65.930294 0.532658 0.296800 0.792581 0 0
    6 -0.039986 3.681006 65.930721 0.617667 -0.000007 0.786439 0 0
  phy
    6 -0.979713 3.451109 65.930284 0.552066 -0.305374 0.775867 0 0
    6 -1.267803 4.309044 64.546079 0.214242 -0.482579 0.849246 0 0
    6 -1.776367 2.796375 65.929100 0.510856 -0.617136 0.598473 0 0
  phy
    6 -1.267803 4.309044 64.546079 0.214242 -0.482579 0.849246 0 0
    6 -2.308678 3.453588 64.544526 0.204990 -0.763933 0.611870 0 0
    6 -1.776367 2.796375 65.929100 0.510856 -0.617136 0.598473 0 0
  phy
    6 -0.979713 3.451109 65.930284 0.552066 -0.305374 0.775867 0 0
    6 -0.979693 1.814843 66.853289 0.791164 -0.396717 0.465484 0 0
    6 -0.548596 2.169145 66.853930 0.821832 -0.100593 0.560779 0 0
  phy
    6 -0.979713 3.451109 65.930284 0.552066 -0.305374 0.775867 0 0
    6 -1.776367 2.796375 65.929100 0.510856 -0.617136 0.598473 0 0
    6 -0.979693 1.814843 66.853289 0.791164 -0.396717 0.465484 0 0
  phy
    6 -0.039986 3.681006 65.930721 0.617667 -0.000007 0.786439 0 0
    6 -0.040002 4.609442 64.546610 0.202119 -0.000003 0.979361 0 0
    6 -0.979713 3.451109 65.930284 0.552066 -0.305374 0.775867 0 0
  phy
    6 -0.040002 4.609442 64.546610 0.202119 -0.000003 0.979361 0 0
    6 -1.267803 4.309044 64.546079 0.214242 -0.482579 0.849246 0 0
    6 -0.979713 3.451109 65.930284 0.552066 -0.305374 0.775867 0 0
  phy
    6 -0.979713 3.451109 65.930284 0.552066 -0.305374 0.775867 0 0
    6 -0.548596 2.169145 66.853930 0.821832 -0.100593 0.560779 0 0
    6 -0.039986 3.681006 65.930721 0.617667 -0.000007 0.786439 0 0
  phy
    6 1.288958 4.612387 62.911985 -0.153193 0.453957 0.877755 0 0
    6 -0.040002 4.609442 64.546610 0.202119 -0.000003 0.979361 0 0
    6 1.187805 4.309039 64.546084 0.214243 0.482573 0.849248 0 0
  phy
    6 1.288958 4.612387 62.911985 -0.153193 0.453957 0.877755 0 0
    6 -0.040007 4.937530 62.912578 -0.233390 -0.000003 0.972383 0 0
    6 -0.040002 4.609442 64.546610 0.202119 -0.000003 0.979361 0 0
  phy
    6 -0.039986 3.681006 65.930721 0.617667 -0.000007 0.786439 0 0
    6 0.899718 3.451105 65.930294 0.532658 0.296800 0.792581 0 0
    6 -0.040002 4.609442 64.546610 0.202119 -0.000003 0.979361 0 0
  phy
    6 0.899718 3.451105 65.930294 0.532658 0.296800 0.792581 0 0
    6 1.187805 4.309039 64.546084 0.214243 0.482573 0.849248 0 0
    6 -0.040002 4.609442 64.546610 0.202119 -0.000003 0.979361 0 0
  phy
    6 2.228672 3.459476 61.275295 -0.413755 0.725132 0.550446 0 0
    6 1.288958 4.612387 62.911985 -0.153193 0.453957 0.877755 0 0
    6 2.415588 3.686450 62.910325 -0.080218 0.751763 0.654536 0 0
  phy
    6 2.228672 3.459476 61.275295 -0.413755 0.725132 0.550446 0 0
    6 1.187816 4.314921 61.276831 -0.477291 0.383702 0.790548 0 0
    6 1.288958 4.612387 62.911985 -0.153193 0.453957 0.877755 0 0
  phy
    6 2.228672 3.459476 61.275295 -0.413755 0.725132 0.550446 0 0
    6 2.415588 3.686450 62.910325 -0.080218 0.751763 0.654536 0 0
    6 3.168387 2.300682 62.907843 -0.036277 0.939772 0.339872 0 0
  phy
    6 2.228672 3.459476 61.275295 -0.413755 0.725132 0.550446 0 0
    6 3.168387 2.300682 62.907843 -0.036277 0.939772 0.339872 0 0
    6 2.924159 2.179199 61.272971 -0.362234 0.902845 0.231639 0 0
  phy
    6 2.228672 3.459476 61.275295 -0.413755 0.725132 0.550446 0 0
    6 2.924159 2.179199 61.272971 -0.362234 0.902845 0.231639 0 0
    6 1.696336 2.807245 59.888342 -0.712823 0.611388 0.343638 0 0
  phy
    6 1.696336 2.807245 59.888342 -0.712823 0.611388 0.343638 0 0
    6 2.924159 2.179199 61.272971 -0.362234 0.902845 0.231639 0 0
    6 2.228670 1.827327 59.886581 -0.728515 0.682910 0.053849 0 0
  phy
    6 1.696336 2.807245 59.888342 -0.712823 0.611388 0.343638 0 0
    6 2.228670 1.827327 59.886581 -0.728515 0.682910 0.053849 0 0
    6 0.899717 1.829024 58.960656 -0.906311 0.422227 0.018033 0 0
  phy
    6 3.168386 0.669013 61.270269 -0.378177 0.920236 -0.100731 0 0
    6 2.924159 2.179199 61.272971 -0.362234 0.902845 0.231639 0 0
    6 3.432732 0.666063 62.904890 -0.017933 0.999514 -0.025513 0 0
  phy
    6 3.432732 0.666063 62.904890 -0.017933 0.999514 -0.025513 0 0
    6 2.924159 2.179199 61.272971 -0.362234 0.902845 0.231639 0 0
    6 3.168387 2.300682 62.907843 -0.036277 0.939772 0.339872 0 0
  phy
    6 3.168386 0.669013 61.270269 -0.378177 0.920236 -0.100731 0 0
    6 2.415592 0.671508 59.884518 -0.553687 0.826853 -0.098715 0 0
    6 2.228670 1.827327 59.886581 -0.728515 0.682910 0.053849 0 0
  phy
    6 3.168386 0.669013 61.270269 -0.378177 0.920236 -0.100731 0 0
    6 2.228670 1.827327 59.886581 -0.728515 0.682910 0.053849 0 0
    6 2.924159 2.179199 61.272971 -0.362234 0.902845 0.231639 0 0
  phy
    6 2.228670 1.827327 59.886581 -0.728515 0.682910 0.053849 0 0
    6 2.415592 0.671508 59.884518 -0.553687 0.826853 -0.098715 0 0
    6 1.200258 -2.863342 58.383302 -0.835994 0.532310 -0.133268 0 0
  phy
    6 2.415592 0.671508 59.884518 -0.553687 0.826853 -0.098715 0 0
    6 3.168386 0.669013 61.270269 -0.378177 0.920236 -0.100731 0 0
    6 1.200258 -2.863342 58.383302 -0.835994 0.532310 -0.133268 0 0
  phy
    6 2.415596 0.660615 65.925272 0.641109 0.760950 0.099671 0 0
    6 2.228656 -0.495274 65.923184 0.648478 0.752179 -0.117058 0 0
    6 3.168389 0.663123 64.539506 0.320370 0.943604 0.083510 0 0
  phy
    6 3.168389 0.663123 64.539506 0.320370 0.943604 0.083510 0 0
    6 2.228656 -0.495274 65.923184 0.648478 0.752179 -0.117058 0 0
    6 2.924161 -0.847074 64.536791 0.362231 0.902848 -0.231633 0 0
  phy
    6 2.228677 -2.127346 64.534481 0.403506 0.716602 -0.568915 0 0
    6 2.415593 -2.354313 62.899446 0.145501 0.824975 -0.546118 0 0
    6 3.168386 -0.968551 62.901936 0.051538 0.926586 -0.372536 0 0
  phy
    6 2.228677 -2.127346 64.534481 0.403506 0.716602 -0.568915 0 0
    6 3.168386 -0.968551 62.901936 0.051538 0.926586 -0.372536 0 0
    6 2.924161 -0.847074 64.536791 0.362231 0.902848 -0.231633 0 0
  phy
    6 2.924161 -0.847074 64.536791 0.362231 0.902848 -0.231633 0 0
    6 3.168386 -0.968551 62.901936 0.051538 0.926586 -0.372536 0 0
    6 3.432732 0.666063 62.904890 -0.017933 0.999514 -0.025513 0 0
  phy
    6 2.924161 -0.847074 64.536791 0.362231 0.902848 -0.231633 0 0
    6 3.432732 0.666063 62.904890 -0.017933 0.999514 -0.025513 0 0
    6 3.168389 0.663123 64.539506 0.320370 0.943604 0.083510 0 0
  phy
    6 2.924162 -0.841182 61.267550 -0.187993 0.917708 -0.349957 0 0
    6 3.168386 0.669013 61.270269 -0.378177 0.920236 -0.100731 0 0
    6 3.432732 0.666063 62.904890 -0.017933 0.999514 -0.025513 0 0
  phy
    6 2.924162 -0.841182 61.267550 -0.187993 0.917708 -0.349957 0 0
    6 3.432732 0.666063 62.904890 -0.017933 0.999514 -0.025513 0 0
    6 3.168386 -0.968551 62.901936 0.051538 0.926586 -0.372536 0 0
  phy
    6 3.168386 0.669013 61.270269 -0.378177 0.920236 -0.100731 0 0
    6 2.924162 -0.841182 61.267550 -0.187993 0.917708 -0.349957 0 0
    6 1.200258 -2.863342 58.383302 -0.835994 0.532310 -0.133268 0 0
  phy
    6 0.899710 -3.518035 58.382073 -0.278096 0.580126 -0.765582 0 0
    6 2.924162 -0.841182 61.267550 -0.187993 0.917708 -0.349957 0 0
    6 1.718665 -3.179008 60.994301 -0.090469 0.870666 -0.483484 0 0
  phy
    6 2.924162 -0.841182 61.267550 -0.187993 0.917708 -0.349957 0 0
    6 0.899710 -3.518035 58.382073 -0.278096 0.580126 -0.765582 0 0
    6 1.200258 -2.863342 58.383302 -0.835994 0.532310 -0.133268 0 0
  phy
    6 2.924162 -0.841182 61.267550 -0.187993 0.917708 -0.349957 0 0
    6 3.168386 -0.968551 62.901936 0.051538 0.926586 -0.372536 0 0
    6 1.718665 -3.179008 60.994301 -0.090469 0.870666 -0.483484 0 0
  phy
    6 3.168386 -0.968551 62.901936 0.051538 0.926586 -0.372536 0 0
    6 2.415593 -2.354313 62.899446 0.145501 0.824975 -0.546118 0 0
    6 1.718665 -3.179008 60.994301 -0.090469 0.870666 -0.483484 0 0
  phy
    6 2.415593 -2.354313 62.899446 0.145501 0.824975 -0.546118 0 0
    6 1.187796 -4.034452 60.992805 0.222163 0.566537 -0.793524 0 0
    6 1.718665 -3.179008 60.994301 -0.090469 0.870666 -0.483484 0 0
  phy
    6 1.187796 -4.034452 60.992805 0.222163 0.566537 -0.793524 0 0
    6 2.415593 -2.354313 62.899446 0.145501 0.824975 -0.546118 0 0
    6 2.228677 -2.127346 64.534481 0.403506 0.716602 -0.568915 0 0
  phy
    6 1.187799 -2.982806 64.532939 0.476550 0.376392 -0.794499 0 0
    6 0.899719 -2.129855 65.920246 0.744631 0.350368 -0.568126 0 0
    6 -0.039998 -3.283201 64.532387 0.560988 0.000001 -0.827824 0 0
  phy
    6 -0.039998 -3.283201 64.532387 0.560988 0.000001 -0.827824 0 0
    6 0.899719 -2.129855 65.920246 0.744631 0.350368 -0.568126 0 0
    6 -0.040003 -2.359765 65.919835 0.847549 0.000002 -0.530717 0 0
  phy
    6 0.468577 -0.851250 66.848473 0.951954 0.156215 -0.263402 0 0
    6 -0.040003 -2.359765 65.919835 0.847549 0.000002 -0.530717 0 0
    6 0.899719 -2.129855 65.920246 0.744631 0.350368 -0.568126 0 0
  phy
    6 -3.004162 -0.841183 61.267549 -0.187993 -0.917705 -0.349965 0 0
    6 -3.512735 0.666065 62.904889 -0.000002 -1.000000 -0.000003 0 0
    6 -3.248385 0.669009 61.270270 -0.378179 -0.920235 -0.100736 0 0
  phy
    6 -3.004162 -0.841183 61.267549 -0.187993 -0.917705 -0.349965 0 0
    6 -3.248387 -0.968556 62.901930 0.051536 -0.926583 -0.372543 0 0
    6 -3.512735 0.666065 62.904889 -0.000002 -1.000000 -0.000003 0 0
  phy
    6 -2.495591 0.671506 59.884518 -0.553690 -0.826851 -0.098717 0 0
    6 -3.248385 0.669009 61.270270 -0.378179 -0.920235 -0.100736 0 0
    6 -2.308672 1.827358 59.886598 -0.728516 -0.682909 0.053844 0 0
  phy
    6 -3.248385 0.669009 61.270270 -0.378179 -0.920235 -0.100736 0 0
    6 -3.004161 2.179197 61.272979 -0.362234 -0.902847 0.231633 0 0
    6 -2.308672 1.827358 59.886598 -0.728516 -0.682909 0.053844 0 0
  phy
    6 -3.248385 0.669009 61.270270 -0.378179 -0.920235 -0.100736 0 0
    6 -3.512735 0.666065 62.904889 -0.000002 -1.000000 -0.000003 0 0
    6 -3.004161 2.179197 61.272979 -0.362234 -0.902847 0.231633 0 0
  phy
    6 -3.512735 0.666065 62.904889 -0.000002 -1.000000 -0.000003 0 0
    6 -3.248387 2.300685 62.907822 -0.063610 -0.929046 0.364455 0 0
    6 -3.004161 2.179197 61.272979 -0.362234 -0.902847 0.231633 0 0
  phy
    6 -2.495591 0.671506 59.884518 -0.553690 -0.826851 -0.098717 0 0
    6 -1.280264 -2.863323 58.383305 -0.845597 -0.516383 -0.135326 0 0
    6 -3.248385 0.669009 61.270270 -0.378179 -0.920235 -0.100736 0 0
  phy
    6 -3.248385 0.669009 61.270270 -0.378179 -0.920235 -0.100736 0 0
    6 -1.280264 -2.863323 58.383305 -0.845597 -0.516383 -0.135326 0 0
    6 -3.004162 -0.841183 61.267549 -0.187993 -0.917705 -0.349965 0 0
  phy
    6 -1.776357 2.807229 59.888345 -0.712824 -0.611390 0.343635 0 0
    6 -2.308671 3.459477 61.275296 -0.413757 -0.725134 0.550442 0 0
    6 -0.979722 3.461964 59.889529 -0.744634 -0.350367 0.568123 0 0
  phy
    6 -0.979722 3.461964 59.889529 -0.744634 -0.350367 0.568123 0 0
    6 -2.308671 3.459477 61.275296 -0.413757 -0.725134 0.550442 0 0
    6 -1.267814 4.314922 61.276832 -0.477293 -0.383707 0.790544 0 0
  phy
    6 -3.004161 2.179197 61.272979 -0.362234 -0.902847 0.231633 0 0
    6 -3.248387 2.300685 62.907822 -0.063610 -0.929046 0.364455 0 0
    6 -2.308671 3.459477 61.275296 -0.413757 -0.725134 0.550442 0 0
  phy
    6 -3.248387 2.300685 62.907822 -0.063610 -0.929046 0.364455 0 0
    6 -2.495596 3.686446 62.910329 -0.080220 -0.751767 0.654531 0 0
    6 -2.308671 3.459477 61.275296 -0.413757 -0.725134 0.550442 0 0
  phy
    6 -2.308671 3.459477 61.275296 -0.413757 -0.725134 0.550442 0 0
    6 -1.776357 2.807229 59.888345 -0.712824 -0.611390 0.343635 0 0
    6 -3.004161 2.179197 61.272979 -0.362234 -0.902847 0.231633 0 0
  phy
    6 -1.776357 2.807229 59.888345 -0.712824 -0.611390 0.343635 0 0
    6 -2.308672 1.827358 59.886598 -0.728516 -0.682909 0.053844 0 0
    6 -3.004161 2.179197 61.272979 -0.362234 -0.902847 0.231633 0 0
  phy
    6 -2.308671 3.459477 61.275296 -0.413757 -0.725134 0.550442 0 0
    6 -1.368960 4.612388 62.911979 -0.153194 -0.453964 0.877752 0 0
    6 -1.267814 4.314922 61.276832 -0.477293 -0.383707 0.790544 0 0
  phy
    6 -2.308671 3.459477 61.275296 -0.413757 -0.725134 0.550442 0 0
    6 -2.495596 3.686446 62.910329 -0.080220 -0.751767 0.654531 0 0
    6 -1.368960 4.612388 62.911979 -0.153194 -0.453964 0.877752 0 0
  phy
    6 -0.979718 -2.129856 65.920245 0.744629 -0.350364 -0.568130 0 0
    6 -2.308676 -2.127346 64.534482 0.403507 -0.716597 -0.568921 0 0
    6 -1.267797 -2.982801 64.532939 0.476549 -0.376389 -0.794501 0 0
  phy
    6 -0.979718 -2.129856 65.920245 0.744629 -0.350364 -0.568130 0 0
    6 -1.776365 -1.475137 65.921416 0.712822 -0.611390 -0.343639 0 0
    6 -2.308676 -2.127346 64.534482 0.403507 -0.716597 -0.568921 0 0
  phy
    6 -0.040003 -2.359765 65.919835 0.847549 0.000002 -0.530717 0 0
    6 -0.979718 -2.129856 65.920245 0.744629 -0.350364 -0.568130 0 0
    6 -0.039998 -3.283201 64.532387 0.560988 0.000001 -0.827824 0 0
  phy
    6 -0.039998 -3.283201 64.532387 0.560988 0.000001 -0.827824 0 0
    6 -0.979718 -2.129856 65.920245 0.744629 -0.350364 -0.568130 0 0
    6 -1.267797 -2.982801 64.532939 0.476549 -0.376389 -0.794501 0 0
  phy
    6 -0.979718 -2.129856 65.920245 0.744629 -0.350364 -0.568130 0 0
    6 -0.040003 -2.359765 65.919835 0.847549 0.000002 -0.530717 0 0
    6 -0.548570 -0.851237 66.848492 0.951955 -0.156210 -0.263402 0 0
  phy
    6 1.187816 4.314921 61.276831 -0.477291 0.383702 0.790548 0 0
    6 -0.040007 4.937530 62.912578 -0.233390 -0.000003 0.972383 0 0
    6 1.288958 4.612387 62.911985 -0.153193 0.453957 0.877755 0 0
  phy
    6 1.187816 4.314921 61.276831 -0.477291 0.383702 0.790548 0 0
    6 -0.040005 4.615322 61.277376 -0.581431 -0.000002 0.813596 0 0
    6 -0.040007 4.937530 62.912578 -0.233390 -0.000003 0.972383 0 0
  phy
    6 3.168387 2.300682 62.907843 -0.036277 0.939772 0.339872 0 0
    6 2.924167 2.173314 64.542226 0.293426 0.878476 0.377068 0 0
    6 3.168389 0.663123 64.539506 0.320370 0.943604 0.083510 0 0
  phy
    6 3.168387 2.300682 62.907843 -0.036277 0.939772 0.339872 0 0
    6 3.168389 0.663123 64.539506 0.320370 0.943604 0.083510 0 0
    6 3.432732 0.666063 62.904890 -0.017933 0.999514 -0.025513 0 0
  phy
    6 0.899717 1.829024 58.960656 -0.906311 0.422227 0.018033 0 0
    6 2.228670 1.827327 59.886581 -0.728515 0.682910 0.053849 0 0
    6 1.200258 -2.863342 58.383302 -0.835994 0.532310 -0.133268 0 0
  phy
    6 0.468570 2.183367 58.961297 -0.951954 0.156209 0.263404 0 0
    6 -0.548569 2.183365 58.961297 -0.951955 -0.156212 0.263401 0 0
    6 -0.040001 3.691886 59.889955 -0.847550 -0.000001 0.530716 0 0
  phy
    6 0.468570 2.183367 58.961297 -0.951954 0.156209 0.263404 0 0
    6 0.899717 1.829024 58.960656 -0.906311 0.422227 0.018033 0 0
    6 -0.040000 0.673755 58.633430 -0.998326 0.000000 -0.057841 0 0
  phy
    6 -0.548569 2.183365 58.961297 -0.951955 -0.156212 0.263401 0 0
    6 0.468570 2.183367 58.961297 -0.951954 0.156209 0.263404 0 0
    6 -0.040000 0.673755 58.633430 -0.998326 0.000000 -0.057841 0 0
  phy
    6 -1.267814 4.314922 61.276832 -0.477293 -0.383707 0.790544 0 0
    6 -0.040007 4.937530 62.912578 -0.233390 -0.000003 0.972383 0 0
    6 -0.040005 4.615322 61.277376 -0.581431 -0.000002 0.813596 0 0
  phy
    6 -1.267814 4.314922 61.276832 -0.477293 -0.383707 0.790544 0 0
    6 -1.368960 4.612388 62.911979 -0.153194 -0.453964 0.877752 0 0
    6 -0.040007 4.937530 62.912578 -0.233390 -0.000003 0.972383 0 0
  phy
    6 -0.979722 3.461964 59.889529 -0.744634 -0.350367 0.568123 0 0
    6 -0.040005 4.615322 61.277376 -0.581431 -0.000002 0.813596 0 0
    6 -0.040001 3.691886 59.889955 -0.847550 -0.000001 0.530716 0 0
  phy
    6 -0.979722 3.461964 59.889529 -0.744634 -0.350367 0.568123 0 0
    6 -1.267814 4.314922 61.276832 -0.477293 -0.383707 0.790544 0 0
    6 -0.040005 4.615322 61.277376 -0.581431 -0.000002 0.813596 0 0
  phy
    6 1.187796 -4.034452 60.992805 0.222163 0.566537 -0.793524 0 0
    6 1.187799 -2.982806 64.532939 0.476550 0.376392 -0.794499 0 0
    6 -0.040003 -4.334847 60.992255 0.248075 0.000004 -0.968741 0 0
  phy
    6 -0.040003 -4.334847 60.992255 0.248075 0.000004 -0.968741 0 0
    6 1.187799 -2.982806 64.532939 0.476550 0.376392 -0.794499 0 0
    6 -0.039998 -3.283201 64.532387 0.560988 0.000001 -0.827824 0 0
  phy
    6 1.187796 -4.034452 60.992805 0.222163 0.566537 -0.793524 0 0
    6 0.899710 -3.518035 58.382073 -0.278096 0.580126 -0.765582 0 0
    6 1.718665 -3.179008 60.994301 -0.090469 0.870666 -0.483484 0 0
  phy
    6 0.899710 -3.518035 58.382073 -0.278096 0.580126 -0.765582 0 0
    6 1.187796 -4.034452 60.992805 0.222163 0.566537 -0.793524 0 0
    6 -0.040003 -4.334847 60.992255 0.248075 0.000004 -0.968741 0 0
  phy
    6 1.187799 -2.982806 64.532939 0.476550 0.376392 -0.794499 0 0
    6 1.187796 -4.034452 60.992805 0.222163 0.566537 -0.793524 0 0
    6 2.228677 -2.127346 64.534481 0.403506 0.716602 -0.568915 0 0
  phy
    6 0.899710 -3.518035 58.382073 -0.278096 0.580126 -0.765582 0 0
    6 -0.979713 -3.518062 58.382116 -0.199430 -0.599165 -0.775390 0 0
    6 -1.280264 -2.863323 58.383305 -0.845597 -0.516383 -0.135326 0 0
  phy
    6 1.200258 -2.863342 58.383302 -0.835994 0.532310 -0.133268 0 0
    6 0.899710 -3.518035 58.382073 -0.278096 0.580126 -0.765582 0 0
    6 -1.280264 -2.863323 58.383305 -0.845597 -0.516383 -0.135326 0 0
  phy
    6 -0.979713 -3.518062 58.382116 -0.199430 -0.599165 -0.775390 0 0
    6 0.899710 -3.518035 58.382073 -0.278096 0.580126 -0.765582 0 0
    6 -0.040003 -4.334847 60.992255 0.248075 0.000004 -0.968741 0 0
  phy
    6 -0.040003 -4.334847 60.992255 0.248075 0.000004 -0.968741 0 0
    6 -0.039998 -3.283201 64.532387 0.560988 0.000001 -0.827824 0 0
    6 -1.267797 -2.982801 64.532939 0.476549 -0.376389 -0.794501 0 0
  phy
    6 -0.040003 -4.334847 60.992255 0.248075 0.000004 -0.968741 0 0
    6 -1.267797 -2.982801 64.532939 0.476549 -0.376389 -0.794501 0 0
    6 -1.267798 -4.034451 60.992793 0.222166 -0.566531 -0.793527 0 0
  phy
    6 -2.308678 3.453588 64.544526 0.204990 -0.763933 0.611870 0 0
    6 -1.267803 4.309044 64.546079 0.214242 -0.482579 0.849246 0 0
    6 -2.495596 3.686446 62.910329 -0.080220 -0.751767 0.654531 0 0
  phy
    6 -1.267803 4.309044 64.546079 0.214242 -0.482579 0.849246 0 0
    6 -1.368960 4.612388 62.911979 -0.153194 -0.453964 0.877752 0 0
    6 -2.495596 3.686446 62.910329 -0.080220 -0.751767 0.654531 0 0
  phy
    6 -1.368960 4.612388 62.911979 -0.153194 -0.453964 0.877752 0 0
    6 -0.040002 4.609442 64.546610 0.202119 -0.000003 0.979361 0 0
    6 -0.040007 4.937530 62.912578 -0.233390 -0.000003 0.972383 0 0
  phy
    6 -1.368960 4.612388 62.911979 -0.153194 -0.453964 0.877752 0 0
    6 -1.267803 4.309044 64.546079 0.214242 -0.482579 0.849246 0 0
    6 -0.040002 4.609442 64.546610 0.202119 -0.000003 0.979361 0 0
  phy
    6 -0.979714 1.829027 58.960660 -0.906310 -0.422228 0.018030 0 0
    6 -1.776357 2.807229 59.888345 -0.712824 -0.611390 0.343635 0 0
    6 -0.548569 2.183365 58.961297 -0.951955 -0.156212 0.263401 0 0
  phy
    6 -0.548569 2.183365 58.961297 -0.951955 -0.156212 0.263401 0 0
    6 -1.776357 2.807229 59.888345 -0.712824 -0.611390 0.343635 0 0
    6 -0.979722 3.461964 59.889529 -0.744634 -0.350367 0.568123 0 0
  phy
    6 -0.548569 2.183365 58.961297 -0.951955 -0.156212 0.263401 0 0
    6 -0.979722 3.461964 59.889529 -0.744634 -0.350367 0.568123 0 0
    6 -0.040001 3.691886 59.889955 -0.847550 -0.000001 0.530716 0 0
  phy
    6 -3.004164 2.173311 64.542229 0.262351 -0.902848 0.340642 0 0
    6 -3.512735 0.666065 62.904889 -0.000002 -1.000000 -0.000003 0 0
    6 -3.248391 0.663122 64.539507 0.358267 -0.931523 0.062526 0 0
  phy
    6 -3.004164 2.173311 64.542229 0.262351 -0.902848 0.340642 0 0
    6 -3.248387 2.300685 62.907822 -0.063610 -0.929046 0.364455 0 0
    6 -3.512735 0.666065 62.904889 -0.000002 -1.000000 -0.000003 0 0
  phy
    6 -3.512735 0.666065 62.904889 -0.000002 -1.000000 -0.000003 0 0
    6 -3.004164 -0.847072 64.536793 0.362229 -0.902847 -0.231639 0 0
    6 -3.248391 0.663122 64.539507 0.358267 -0.931523 0.062526 0 0
  phy
    6 -3.512735 0.666065 62.904889 -0.000002 -1.000000 -0.000003 0 0
    6 -3.248387 -0.968556 62.901930 0.051536 -0.926583 -0.372543 0 0
    6 -3.004164 -0.847072 64.536793 0.362229 -0.902847 -0.231639 0 0
  phy
    6 -2.308678 3.453588 64.544526 0.204990 -0.763933 0.611870 0 0
    6 -3.248387 2.300685 62.907822 -0.063610 -0.929046 0.364455 0 0
    6 -3.004164 2.173311 64.542229 0.262351 -0.902848 0.340642 0 0
  phy
    6 -2.308678 3.453588 64.544526 0.204990 -0.763933 0.611870 0 0
    6 -2.495596 3.686446 62.910329 -0.080220 -0.751767 0.654531 0 0
    6 -3.248387 2.300685 62.907822 -0.063610 -0.929046 0.364455 0 0
  phy
    6 -2.308680 -0.495222 65.923184 0.648478 -0.752179 -0.117060 0 0
    6 -3.004164 -0.847072 64.536793 0.362229 -0.902847 -0.231639 0 0
    6 -1.776365 -1.475137 65.921416 0.712822 -0.611390 -0.343639 0 0
  phy
    6 -3.004164 -0.847072 64.536793 0.362229 -0.902847 -0.231639 0 0
    6 -2.308676 -2.127346 64.534482 0.403507 -0.716597 -0.568921 0 0
    6 -1.776365 -1.475137 65.921416 0.712822 -0.611390 -0.343639 0 0
  phy
    6 -0.548570 -0.851237 66.848492 0.951955 -0.156210 -0.263402 0 0
    6 -0.040003 -2.359765 65.919835 0.847549 0.000002 -0.530717 0 0
    6 0.468577 -0.851250 66.848473 0.951954 0.156215 -0.263402 0 0
  phy
    6 0.468577 -0.851250 66.848473 0.951954 0.156215 -0.263402 0 0
    6 -0.039998 0.658370 67.176358 0.985110 -0.000002 0.171928 0 0
    6 -0.548570 -0.851237 66.848492 0.951955 -0.156210 -0.263402 0 0
  phy
    6 0.899711 -0.496915 66.849123 0.907358 0.401759 -0.123655 0 0
    6 -0.039998 0.658370 67.176358 0.985110 -0.000002 0.171928 0 0
    6 0.468577 -0.851250 66.848473 0.951954 0.156215 -0.263402 0 0
  phy
    6 -0.979693 1.814843 66.853289 0.791164 -0.396717 0.465484 0 0
    6 -0.039998 0.658370 67.176358 0.985110 -0.000002 0.171928 0 0
    6 -0.548596 2.169145 66.853930 0.821832 -0.100593 0.560779 0 0
  phy
    6 -2.495591 0.671506 59.884518 -0.553690 -0.826851 -0.098717 0 0
    6 -2.308672 1.827358 59.886598 -0.728516 -0.682909 0.053844 0 0
    6 -1.280264 -2.863323 58.383305 -0.845597 -0.516383 -0.135326 0 0
  phy
    6 0.899717 1.829024 58.960656 -0.906311 0.422227 0.018033 0 0
    6 1.200258 -2.863342 58.383302 -0.835994 0.532310 -0.133268 0 0
    6 -0.040000 0.673755 58.633430 -0.998326 0.000000 -0.057841 0 0
  phy
    6 -0.979714 1.829027 58.960660 -0.906310 -0.422228 0.018030 0 0
    6 -0.548569 2.183365 58.961297 -0.951955 -0.156212 0.263401 0 0
    6 -0.040000 0.673755 58.633430 -0.998326 0.000000 -0.057841 0 0
  phy
    6 -1.280264 -2.863323 58.383305 -0.845597 -0.516383 -0.135326 0 0
    6 -0.979714 1.829027 58.960660 -0.906310 -0.422228 0.018030 0 0
    6 -0.040000 0.673755 58.633430 -0.998326 0.000000 -0.057841 0 0
  phy
    6 -2.308672 1.827358 59.886598 -0.728516 -0.682909 0.053844 0 0
    6 -0.979714 1.829027 58.960660 -0.906310 -0.422228 0.018030 0 0
    6 -1.280264 -2.863323 58.383305 -0.845597 -0.516383 -0.135326 0 0
  phy
    6 -0.979714 1.829027 58.960660 -0.906310 -0.422228 0.018030 0 0
    6 -2.308672 1.827358 59.886598 -0.728516 -0.682909 0.053844 0 0
    6 -1.776357 2.807229 59.888345 -0.712824 -0.611390 0.343635 0 0
  phy
    6 -0.979713 -3.518062 58.382116 -0.199430 -0.599165 -0.775390 0 0
    6 -1.798663 -3.179004 60.994351 -0.090469 -0.870663 -0.483489 0 0
    6 -3.004162 -0.841183 61.267549 -0.187993 -0.917705 -0.349965 0 0
  phy
    6 -3.004162 -0.841183 61.267549 -0.187993 -0.917705 -0.349965 0 0
    6 -1.280264 -2.863323 58.383305 -0.845597 -0.516383 -0.135326 0 0
    6 -0.979713 -3.518062 58.382116 -0.199430 -0.599165 -0.775390 0 0
  phy
    6 -0.979713 -3.518062 58.382116 -0.199430 -0.599165 -0.775390 0 0
    6 -1.267798 -4.034451 60.992793 0.222166 -0.566531 -0.793527 0 0
    6 -1.798663 -3.179004 60.994351 -0.090469 -0.870663 -0.483489 0 0
  phy
    6 -1.267798 -4.034451 60.992793 0.222166 -0.566531 -0.793527 0 0
    6 -0.979713 -3.518062 58.382116 -0.199430 -0.599165 -0.775390 0 0
    6 -0.040003 -4.334847 60.992255 0.248075 0.000004 -0.968741 0 0
  phy
    6 -2.495588 -2.354327 62.899451 0.145501 -0.824972 -0.546124 0 0
    6 -2.308676 -2.127346 64.534482 0.403507 -0.716597 -0.568921 0 0
    6 -3.248387 -0.968556 62.901930 0.051536 -0.926583 -0.372543 0 0
  phy
    6 -2.308676 -2.127346 64.534482 0.403507 -0.716597 -0.568921 0 0
    6 -3.004164 -0.847072 64.536793 0.362229 -0.902847 -0.231639 0 0
    6 -3.248387 -0.968556 62.901930 0.051536 -0.926583 -0.372543 0 0
  phy
    6 -1.798663 -3.179004 60.994351 -0.090469 -0.870663 -0.483489 0 0
    6 -3.248387 -0.968556 62.901930 0.051536 -0.926583 -0.372543 0 0
    6 -3.004162 -0.841183 61.267549 -0.187993 -0.917705 -0.349965 0 0
  phy
    6 -1.798663 -3.179004 60.994351 -0.090469 -0.870663 -0.483489 0 0
    6 -1.267798 -4.034451 60.992793 0.222166 -0.566531 -0.793527 0 0
    6 -2.495588 -2.354327 62.899451 0.145501 -0.824972 -0.546124 0 0
  phy
    6 -2.495588 -2.354327 62.899451 0.145501 -0.824972 -0.546124 0 0
    6 -3.248387 -0.968556 62.901930 0.051536 -0.926583 -0.372543 0 0
    6 -1.798663 -3.179004 60.994351 -0.090469 -0.870663 -0.483489 0 0
  phy
    6 -1.267798 -4.034451 60.992793 0.222166 -0.566531 -0.793527 0 0
    6 -2.308676 -2.127346 64.534482 0.403507 -0.716597 -0.568921 0 0
    6 -2.495588 -2.354327 62.899451 0.145501 -0.824972 -0.546124 0 0
  phy
    6 -1.267798 -4.034451 60.992793 0.222166 -0.566531 -0.793527 0 0
    6 -1.267797 -2.982801 64.532939 0.476549 -0.376389 -0.794501 0 0
    6 -2.308676 -2.127346 64.534482 0.403507 -0.716597 -0.568921 0 0
  phy
    6 1.200258 -2.863342 58.383302 -0.835994 0.532310 -0.133268 0 0
    6 -1.280264 -2.863323 58.383305 -0.845597 -0.516383 -0.135326 0 0
    6 -0.040000 0.673755 58.633430 -0.998326 0.000000 -0.057841 0 0
  phy
    33 -19.367003 -0.414275 42.555141 -0.556808 0.065610 -0.828046 0 0
    33 -19.474156 1.713390 42.634446 -0.630781 -0.301565 -0.714964 0 0
    33 -19.903249 1.672161 43.160828 -0.547273 -0.824292 0.145038 0 0
  phy
    33 -19.367003 -0.414275 42.555141 -0.556808 0.065610 -0.828046 0 0
    33 -19.903249 1.672161 43.160828 -0.547273 -0.824292 0.145038 0 0
    33 -19.796098 -0.455509 43.081526 -0.818766 0.555951 0.143319 0 0
  phy
    33 -19.796098 -0.455509 43.081526 -0.818766 0.555951 0.143319 0 0
    33 -19.903249 1.672161 43.160828 -0.547273 -0.824292 0.145038 0 0
    33 -20.471109 1.628990 43.551662 -0.165156 -0.032374 0.985736 0 0
  phy
    33 -19.796098 -0.455509 43.081526 -0.818766 0.555951 0.143319 0 0
    33 -20.471109 1.628990 43.551662 -0.165156 -0.032374 0.985736 0 0
    33 -20.363960 -0.498675 43.472361 -0.366871 0.709841 0.601275 0 0
  phy
    33 -19.903249 1.672161 43.160828 -0.547273 -0.824292 0.145038 0 0
    33 -20.767945 2.362121 40.251084 -0.155850 -0.490589 -0.857341 0 0
    33 -22.508886 2.209590 41.990753 0.150896 -0.478725 0.864900 0 0
  phy
    33 -19.474156 1.713390 42.634446 -0.630781 -0.301565 -0.714964 0 0
    33 -20.767945 2.362121 40.251084 -0.155850 -0.490589 -0.857341 0 0
    33 -19.903249 1.672161 43.160828 -0.547273 -0.824292 0.145038 0 0
  phy
    33 -22.508886 2.209590 41.990753 0.150896 -0.478725 0.864900 0 0
    33 -20.471109 1.628990 43.551662 -0.165156 -0.032374 0.985736 0 0
    33 -19.903249 1.672161 43.160828 -0.547273 -0.824292 0.145038 0 0
  phy
    33 -23.837660 -1.209538 38.570549 0.611391 0.245244 -0.752367 0 0
    33 -24.047767 -1.257187 39.564885 0.466849 0.380123 0.798473 0 0
    33 -23.997027 1.954685 38.688494 0.439150 -0.448072 -0.778703 0 0
  phy
    33 -24.047767 -1.257187 39.564885 0.466849 0.380123 0.798473 0 0
    33 -24.207134 1.907038 39.682841 0.491949 -0.117593 0.862646 0 0
    33 -23.997027 1.954685 38.688494 0.439150 -0.448072 -0.778703 0 0
  phy
    33 -24.047767 -1.257187 39.564885 0.466849 0.380123 0.798473 0 0
    33 -22.508886 2.209590 41.990753 0.150896 -0.478725 0.864900 0 0
    33 -24.207134 1.907038 39.682841 0.491949 -0.117593 0.862646 0 0
  phy
    33 -24.047767 -1.257187 39.564885 0.466849 0.380123 0.798473 0 0
    33 -22.322362 -1.492563 41.852833 0.078730 0.458268 0.885320 0 0
    33 -22.508886 2.209590 41.990753 0.150896 -0.478725 0.864900 0 0
  phy
    33 -22.508886 2.209590 41.990753 0.150896 -0.478725 0.864900 0 0
    33 -23.997027 1.954685 38.688494 0.439150 -0.448072 -0.778703 0 0
    33 -24.207134 1.907038 39.682841 0.491949 -0.117593 0.862646 0 0
  phy
    33 -21.035259 -2.265447 39.699398 -0.068731 0.465762 -0.882237 0 0
    33 -19.796098 -0.455509 43.081526 -0.818766 0.555951 0.143319 0 0
    33 -20.363960 -0.498675 43.472361 -0.366871 0.709841 0.601275 0 0
  phy
    33 -19.796098 -0.455509 43.081526 -0.818766 0.555951 0.143319 0 0
    33 -21.035259 -2.265447 39.699398 -0.068731 0.465762 -0.882237 0 0
    33 -19.367003 -0.414275 42.555141 -0.556808 0.065610 -0.828046 0 0
  phy
    33 -20.363960 -0.498675 43.472361 -0.366871 0.709841 0.601275 0 0
    33 -20.471109 1.628990 43.551662 -0.165156 -0.032374 0.985736 0 0
    33 -22.322362 -1.492563 41.852833 0.078730 0.458268 0.885320 0 0
  phy
    33 -20.471109 1.628990 43.551662 -0.165156 -0.032374 0.985736 0 0
    33 -22.508886 2.209590 41.990753 0.150896 -0.478725 0.864900 0 0
    33 -22.322362 -1.492563 41.852833 0.078730 0.458268 0.885320 0 0
  phy
    33 -20.767945 2.362121 40.251084 -0.155850 -0.490589 -0.857341 0 0
    33 -23.997027 1.954685 38.688494 0.439150 -0.448072 -0.778703 0 0
    33 -22.508886 2.209590 41.990753 0.150896 -0.478725 0.864900 0 0
  phy
    33 -20.767945 2.362121 40.251084 -0.155850 -0.490589 -0.857341 0 0
    33 -19.474156 1.713390 42.634446 -0.630781 -0.301565 -0.714964 0 0
    33 -19.367003 -0.414275 42.555141 -0.556808 0.065610 -0.828046 0 0
  phy
    33 -24.047767 -1.257187 39.564885 0.466849 0.380123 0.798473 0 0
    33 -21.035259 -2.265447 39.699398 -0.068731 0.465762 -0.882237 0 0
    33 -22.322362 -1.492563 41.852833 0.078730 0.458268 0.885320 0 0
  phy
    33 -21.035259 -2.265447 39.699398 -0.068731 0.465762 -0.882237 0 0
    33 -24.047767 -1.257187 39.564885 0.466849 0.380123 0.798473 0 0
    33 -23.837660 -1.209538 38.570549 0.611391 0.245244 -0.752367 0 0
  phy
    33 -21.035259 -2.265447 39.699398 -0.068731 0.465762 -0.882237 0 0
    33 -20.363960 -0.498675 43.472361 -0.366871 0.709841 0.601275 0 0
    33 -22.322362 -1.492563 41.852833 0.078730 0.458268 0.885320 0 0
  phy
    33 -21.035259 -2.265447 39.699398 -0.068731 0.465762 -0.882237 0 0
    33 -20.767945 2.362121 40.251084 -0.155850 -0.490589 -0.857341 0 0
    33 -19.367003 -0.414275 42.555141 -0.556808 0.065610 -0.828046 0 0
  phy
    33 -20.767945 2.362121 40.251084 -0.155850 -0.490589 -0.857341 0 0
    33 -21.035259 -2.265447 39.699398 -0.068731 0.465762 -0.882237 0 0
    33 -23.997027 1.954685 38.688494 0.439150 -0.448072 -0.778703 0 0
  phy
    33 -21.035259 -2.265447 39.699398 -0.068731 0.465762 -0.882237 0 0
    33 -23.837660 -1.209538 38.570549 0.611391 0.245244 -0.752367 0 0
    33 -23.997027 1.954685 38.688494 0.439150 -0.448072 -0.778703 0 0
  phy
    56 -4.900787 2.761215 0.397574 0.311361 0.324084 0.893322 0 0
    56 -5.125250 3.514823 1.492434 -0.357705 0.925836 0.121961 0 0
    56 -2.014943 2.819638 0.339977 0.289405 -0.144143 0.946291 0 0
  phy
    56 -5.125250 3.514823 1.492434 -0.357705 0.925836 0.121961 0 0
    56 -1.777666 3.582587 1.425623 -0.213010 -0.959076 0.186549 0 0
    56 -2.014943 2.819638 0.339977 0.289405 -0.144143 0.946291 0 0
  phy
    56 -4.720263 -6.158447 0.394809 0.451734 0.376098 0.809004 0 0
    56 -2.014943 2.819638 0.339977 0.289405 -0.144143 0.946291 0 0
    56 -1.834416 -6.100019 0.337212 0.481666 -0.551086 0.681397 0 0
  phy
    56 -4.720263 -6.158447 0.394809 0.451734 0.376098 0.809004 0 0
    56 -4.900787 2.761215 0.397574 0.311361 0.324084 0.893322 0 0
    56 -2.014943 2.819638 0.339977 0.289405 -0.144143 0.946291 0 0
  phy
    56 -4.900787 2.761215 0.397574 0.311361 0.324084 0.893322 0 0
    56 -4.720263 -6.158447 0.394809 0.451734 0.376098 0.809004 0 0
    56 -5.125250 3.514823 1.492434 -0.357705 0.925836 0.121961 0 0
  phy
    56 -1.834416 -6.100019 0.337212 0.481666 -0.551086 0.681397 0 0
    56 -4.907210 -7.054306 1.696086 0.172375 0.905587 -0.387555 0 0
    56 -4.720263 -6.158447 0.394809 0.451734 0.376098 0.809004 0 0
  phy
    56 -5.125250 3.514823 1.492434 -0.357705 0.925836 0.121961 0 0
    56 -4.720263 -6.158447 0.394809 0.451734 0.376098 0.809004 0 0
    56 -4.907210 -7.054306 1.696086 0.172375 0.905587 -0.387555 0 0
  phy
    56 -5.125250 3.514823 1.492434 -0.357705 0.925836 0.121961 0 0
    56 -4.376009 2.885247 5.332183 -0.266761 0.887636 -0.375422 0 0
    56 -1.654401 2.940344 5.277865 -0.753291 -0.457359 -0.472626 0 0
  phy
    56 -5.125250 3.514823 1.492434 -0.357705 0.925836 0.121961 0 0
    56 -1.654401 2.940344 5.277865 -0.753291 -0.457359 -0.472626 0 0
    56 -1.777666 3.582587 1.425623 -0.213010 -0.959076 0.186549 0 0
  phy
    56 -1.654401 2.940344 5.277865 -0.753291 -0.457359 -0.472626 0 0
    56 -4.376009 2.885247 5.332183 -0.266761 0.887636 -0.375422 0 0
    56 -4.288575 -2.142198 4.613431 -0.062786 0.141396 -0.987960 0 0
  phy
    56 -1.654401 2.940344 5.277865 -0.753291 -0.457359 -0.472626 0 0
    56 -4.288575 -2.142198 4.613431 -0.062786 0.141396 -0.987960 0 0
    56 -1.566963 -2.087104 4.559113 -0.074451 -0.890449 -0.448951 0 0
  phy
    56 -4.376009 2.885247 5.332183 -0.266761 0.887636 -0.375422 0 0
    56 -5.125250 3.514823 1.492434 -0.357705 0.925836 0.121961 0 0
    56 -4.907210 -7.054306 1.696086 0.172375 0.905587 -0.387555 0 0
  phy
    56 -4.288575 -2.142198 4.613431 -0.062786 0.141396 -0.987960 0 0
    56 -4.376009 2.885247 5.332183 -0.266761 0.887636 -0.375422 0 0
    56 -4.907210 -7.054306 1.696086 0.172375 0.905587 -0.387555 0 0
  phy
    56 -4.288575 -2.142198 4.613431 -0.062786 0.141396 -0.987960 0 0
    56 -4.907210 -7.054306 1.696086 0.172375 0.905587 -0.387555 0 0
    56 -1.545730 -6.851437 1.709615 0.147783 -0.839086 -0.523541 0 0
  phy
    56 -4.288575 -2.142198 4.613431 -0.062786 0.141396 -0.987960 0 0
    56 -1.545730 -6.851437 1.709615 0.147783 -0.839086 -0.523541 0 0
    56 -1.566963 -2.087104 4.559113 -0.074451 -0.890449 -0.448951 0 0
  phy
    56 -1.777666 3.582587 1.425623 -0.213010 -0.959076 0.186549 0 0
    56 -1.566963 -2.087104 4.559113 -0.074451 -0.890449 -0.448951 0 0
    56 -1.545730 -6.851437 1.709615 0.147783 -0.839086 -0.523541 0 0
  phy
    56 -1.777666 3.582587 1.425623 -0.213010 -0.959076 0.186549 0 0
    56 -1.654401 2.940344 5.277865 -0.753291 -0.457359 -0.472626 0 0
    56 -1.566963 -2.087104 4.559113 -0.074451 -0.890449 -0.448951 0 0
  phy
    56 -1.834416 -6.100019 0.337212 0.481666 -0.551086 0.681397 0 0
    56 -2.014943 2.819638 0.339977 0.289405 -0.144143 0.946291 0 0
    56 -1.777666 3.582587 1.425623 -0.213010 -0.959076 0.186549 0 0
  phy
    56 -1.777666 3.582587 1.425623 -0.213010 -0.959076 0.186549 0 0
    56 -1.545730 -6.851437 1.709615 0.147783 -0.839086 -0.523541 0 0
    56 -1.834416 -6.100019 0.337212 0.481666 -0.551086 0.681397 0 0
  phy
    56 -1.545730 -6.851437 1.709615 0.147783 -0.839086 -0.523541 0 0
    56 -4.907210 -7.054306 1.696086 0.172375 0.905587 -0.387555 0 0
    56 -1.834416 -6.100019 0.337212 0.481666 -0.551086 0.681397 0 0
end
