PRT1
2027
5090
4 1 9 (11424 7168 1204 ) (11264 7168 1204 ) (11264 7168 792 ) (11424 7168 792 ) 
4 1 2 (11264 7168 792 ) (11264 7168 1204 ) (11264 8192 1204 ) (11264 8192 792 ) 
4 2 13 (11264 7168 792 ) (11264 7168 1204 ) (10496 7168 1204 ) (10496 7168 792 ) 
4 2 3 (10496 7168 792 ) (10496 7168 1204 ) (10496 8192 1204 ) (10496 8192 792 ) 
4 3 38 (10240 7168 648 ) (10240 7168 712 ) (10240 7232 712 ) (10240 7232 648 ) 
4 3 37 (10240 7168 712 ) (10240 7168 952 ) (10240 7232 952 ) (10240 7232 712 ) 
4 3 34 (10240 7232 952 ) (10240 8192 952 ) (10240 8192 648 ) (10240 7232 648 ) 
4 3 33 (10240 7168 952 ) (10240 7168 1204 ) (10240 8192 1204 ) (10240 8192 952 ) 
4 3 15 (10240 7168 792 ) (10240 7168 648 ) (10496 7168 648 ) (10496 7168 792 ) 
4 3 13 (10240 7168 1204 ) (10240 7168 792 ) (10496 7168 792 ) (10496 7168 1204 ) 
4 3 4 (10240 8192 648 ) (10496 8192 648 ) (10496 7168 648 ) (10240 7168 648 ) 
4 4 39 (10240 7168 520 ) (10240 7168 648 ) (10240 7232 648 ) (10240 7232 520 ) 
4 4 35 (10240 7232 648 ) (10240 8192 648 ) (10240 8192 520 ) (10240 7232 520 ) 
4 4 17 (10240 7168 648 ) (10240 7168 520 ) (10496 7168 520 ) (10496 7168 648 ) 
4 4 5 (10240 7168 520 ) (10240 8192 520 ) (10496 8192 520 ) (10496 7168 520 ) 
4 5 40 (10240 7168 208 ) (10240 7168 520 ) (10240 7232 520 ) (10240 7232 208 ) 
4 5 36 (10240 7232 520 ) (10240 8192 520 ) (10240 8192 208 ) (10240 7232 208 ) 
4 5 23 (10432 7168 208 ) (10496 7168 208 ) (10496 7168 496 ) (10432 7168 496 ) 
4 5 25 (10240 7168 496 ) (10240 7168 208 ) (10432 7168 208 ) (10432 7168 496 ) 
4 5 19 (10240 7168 520 ) (10240 7168 496 ) (10496 7168 496 ) (10496 7168 520 ) 
4 5 6 (10240 8192 208 ) (10496 8192 208 ) (10496 7168 208 ) (10240 7168 208 ) 
4 6 43 (10240 7168 144 ) (10240 7168 208 ) (10240 7232 208 ) (10240 7232 144 ) 
4 6 41 (10240 7232 208 ) (10240 8192 208 ) (10240 8192 144 ) (10240 7232 144 ) 
4 6 30 (10240 7168 208 ) (10240 7168 144 ) (10432 7168 144 ) (10432 7168 208 ) 
4 6 26 (10432 7168 144 ) (10496 7168 144 ) (10496 7168 208 ) (10432 7168 208 ) 
4 6 7 (10240 7168 144 ) (10240 8192 144 ) (10496 8192 144 ) (10496 7168 144 ) 
4 7 44 (10240 7168 16 ) (10240 7168 144 ) (10240 7232 144 ) (10240 7232 16 ) 
4 7 42 (10240 7232 144 ) (10240 8192 144 ) (10240 8192 16 ) (10240 7232 16 ) 
4 7 31 (10240 7168 144 ) (10240 7168 16 ) (10432 7168 16 ) (10432 7168 144 ) 
4 7 28 (10432 7168 16 ) (10496 7168 16 ) (10496 7168 144 ) (10432 7168 144 ) 
4 7 8 (10240 8192 16 ) (10360 8192 16 ) (10360 7168 16 ) (10240 7168 16 ) 
4 8 45 (10240 7168 8 ) (10240 7168 16 ) (10240 8192 16 ) (10240 8192 8 ) 
4 8 32 (10240 7168 16 ) (10240 7168 8 ) (10360 7168 8 ) (10360 7168 16 ) 
4 9 13 (11264 7168 1204 ) (11264 7168 792 ) (11264 6952 792 ) (11264 6952 1204 ) 
4 9 10 (11264 6952 1204 ) (11264 6952 792 ) (11424 6952 792 ) (11424 6952 1204 ) 
4 10 14 (11264 6952 792 ) (11264 6952 648 ) (11264 6208 648 ) (11264 6208 792 ) 
4 10 13 (11264 6208 1204 ) (11264 6952 1204 ) (11264 6952 792 ) (11264 6208 792 ) 
4 10 11 (11424 6208 648 ) (11264 6208 648 ) (11264 6952 648 ) (11424 6952 648 ) 
4 11 16 (11264 6952 648 ) (11264 6952 520 ) (11264 6208 520 ) (11264 6208 648 ) 
4 11 12 (11264 6208 520 ) (11264 6952 520 ) (11424 6952 520 ) (11424 6208 520 ) 
4 12 18 (11264 6208 520 ) (11264 6952 520 ) (11264 6952 496 ) (11264 6208 496 ) 
4 13 204 (11264 6144 792 ) (11264 6144 1204 ) (10240 6144 1204 ) (10240 6144 792 ) 
4 13 52 (10240 6144 792 ) (10240 6144 1204 ) (10240 6528 1204 ) (10240 6528 792 ) 
4 13 46 (10240 6528 1204 ) (10240 7168 1204 ) (10240 7168 792 ) (10240 6528 792 ) 
4 13 14 (11264 6952 792 ) (11264 6144 792 ) (10496 6144 792 ) (10496 6952 792 ) 
4 13 15 (10240 6144 792 ) (10240 7168 792 ) (10496 7168 792 ) (10496 6144 792 ) 
4 14 205 (11264 6144 648 ) (11264 6144 720 ) (10496 6144 720 ) (10496 6144 648 ) 
4 14 204 (11264 6144 720 ) (11264 6144 792 ) (10496 6144 792 ) (10496 6144 720 ) 
4 14 16 (11264 6144 648 ) (10496 6144 648 ) (10496 6952 648 ) (11264 6952 648 ) 
4 14 15 (10496 6952 648 ) (10496 6144 648 ) (10496 6144 792 ) (10496 6952 792 ) 
4 15 206 (10240 6144 720 ) (10240 6144 648 ) (10496 6144 648 ) (10496 6144 720 ) 
4 15 204 (10496 6144 792 ) (10240 6144 792 ) (10240 6144 720 ) (10496 6144 720 ) 
4 15 52 (10240 6144 648 ) (10240 6144 792 ) (10240 6528 792 ) (10240 6528 648 ) 
4 15 47 (10240 7168 712 ) (10240 7168 648 ) (10240 6528 648 ) (10240 6528 712 ) 
4 15 46 (10240 6528 792 ) (10240 7168 792 ) (10240 7168 712 ) (10240 6528 712 ) 
4 15 17 (10496 6144 648 ) (10240 6144 648 ) (10240 7168 648 ) (10496 7168 648 ) 
4 16 207 (11264 6144 520 ) (11264 6144 648 ) (10496 6144 648 ) (10496 6144 520 ) 
4 16 18 (11264 6952 520 ) (11264 6144 520 ) (10496 6144 520 ) (10496 6952 520 ) 
4 16 17 (10496 6952 520 ) (10496 6144 520 ) (10496 6144 648 ) (10496 6952 648 ) 
4 17 208 (10496 6144 648 ) (10240 6144 648 ) (10240 6144 520 ) (10496 6144 520 ) 
4 17 53 (10240 6144 520 ) (10240 6144 648 ) (10240 6528 648 ) (10240 6528 520 ) 
4 17 48 (10240 6528 648 ) (10240 7168 648 ) (10240 7168 520 ) (10240 6528 520 ) 
4 17 19 (10240 6144 520 ) (10240 7168 520 ) (10496 7168 520 ) (10496 6144 520 ) 
4 18 209 (11264 6144 496 ) (11264 6144 520 ) (10496 6144 520 ) (10496 6144 496 ) 
4 18 20 (11264 6144 496 ) (10496 6144 496 ) (10496 6208 496 ) (11264 6208 496 ) 
4 18 19 (10496 6952 496 ) (10496 6144 496 ) (10496 6144 520 ) (10496 6952 520 ) 
4 19 210 (10496 6144 520 ) (10240 6144 520 ) (10240 6144 496 ) (10496 6144 496 ) 
4 19 54 (10240 6144 496 ) (10240 6144 520 ) (10240 6528 520 ) (10240 6528 496 ) 
4 19 49 (10240 6528 520 ) (10240 7168 520 ) (10240 7168 496 ) (10240 6528 496 ) 
4 19 23 (10432 6952 496 ) (10432 7168 496 ) (10496 7168 496 ) (10496 6952 496 ) 
4 19 24 (10496 6144 496 ) (10432 6144 496 ) (10432 6208 496 ) (10496 6208 496 ) 
4 19 25 (10432 6144 496 ) (10240 6144 496 ) (10240 7168 496 ) (10432 7168 496 ) 
4 20 209 (11264 6144 208 ) (11264 6144 496 ) (10496 6144 496 ) (10496 6144 208 ) 
4 20 24 (10496 6144 208 ) (10496 6144 496 ) (10496 6208 496 ) (10496 6208 208 ) 
4 20 21 (11264 6144 208 ) (10496 6144 208 ) (10496 6208 208 ) (11264 6208 208 ) 
4 21 211 (11264 6144 144 ) (11264 6144 208 ) (10496 6144 208 ) (10496 6144 144 ) 
4 21 27 (10496 6144 144 ) (10496 6144 208 ) (10496 6208 208 ) (10496 6208 144 ) 
4 21 22 (11264 6144 144 ) (10496 6144 144 ) (10496 6208 144 ) (11264 6208 144 ) 
4 22 213 (11264 6144 16 ) (11264 6144 144 ) (10496 6144 144 ) (10496 6144 16 ) 
4 22 29 (10496 6208 16 ) (10496 6144 16 ) (10496 6144 144 ) (10496 6208 144 ) 
4 23 26 (10432 7168 208 ) (10496 7168 208 ) (10496 6952 208 ) (10432 6952 208 ) 
4 23 25 (10432 7168 208 ) (10432 6952 208 ) (10432 6952 496 ) (10432 7168 496 ) 
4 24 210 (10496 6144 496 ) (10432 6144 496 ) (10432 6144 208 ) (10496 6144 208 ) 
4 24 27 (10496 6208 208 ) (10496 6144 208 ) (10432 6144 208 ) (10432 6208 208 ) 
4 24 25 (10432 6208 208 ) (10432 6144 208 ) (10432 6144 496 ) (10432 6208 496 ) 
4 25 210 (10432 6144 496 ) (10240 6144 496 ) (10240 6144 208 ) (10432 6144 208 ) 
4 25 54 (10240 6144 208 ) (10240 6144 496 ) (10240 6528 496 ) (10240 6528 208 ) 
4 25 49 (10240 6528 496 ) (10240 7168 496 ) (10240 7168 208 ) (10240 6528 208 ) 
4 25 30 (10240 7168 208 ) (10432 7168 208 ) (10432 6144 208 ) (10240 6144 208 ) 
4 26 30 (10432 6952 208 ) (10432 7168 208 ) (10432 7168 144 ) (10432 6952 144 ) 
4 26 28 (10432 6952 144 ) (10432 7168 144 ) (10496 7168 144 ) (10496 6952 144 ) 
4 27 212 (10496 6144 144 ) (10496 6144 208 ) (10432 6144 208 ) (10432 6144 144 ) 
4 27 30 (10432 6144 144 ) (10432 6144 208 ) (10432 6208 208 ) (10432 6208 144 ) 
4 27 29 (10432 6144 144 ) (10432 6208 144 ) (10496 6208 144 ) (10496 6144 144 ) 
4 28 31 (10432 7168 16 ) (10432 6952 16 ) (10432 6952 144 ) (10432 7168 144 ) 
4 29 214 (10432 6144 16 ) (10496 6144 16 ) (10496 6144 144 ) (10432 6144 144 ) 
4 29 31 (10432 6208 16 ) (10432 6144 16 ) (10432 6144 144 ) (10432 6208 144 ) 
4 30 212 (10240 6144 208 ) (10240 6144 144 ) (10432 6144 144 ) (10432 6144 208 ) 
4 30 57 (10240 6144 144 ) (10240 6144 160 ) (10240 6528 160 ) (10240 6528 144 ) 
4 30 56 (10240 6144 160 ) (10240 6144 208 ) (10240 6528 208 ) (10240 6528 160 ) 
4 30 50 (10240 6528 208 ) (10240 7168 208 ) (10240 7168 144 ) (10240 6528 144 ) 
4 30 31 (10240 7168 144 ) (10432 7168 144 ) (10432 6144 144 ) (10240 6144 144 ) 
4 31 214 (10240 6144 144 ) (10240 6144 16 ) (10432 6144 16 ) (10432 6144 144 ) 
4 31 60 (10240 6144 16 ) (10240 6144 48 ) (10240 6528 48 ) (10240 6528 16 ) 
4 31 59 (10240 6528 48 ) (10240 7168 48 ) (10240 7168 16 ) (10240 6528 16 ) 
4 31 58 (10240 6144 48 ) (10240 6144 144 ) (10240 6528 144 ) (10240 6528 48 ) 
4 31 51 (10240 6528 144 ) (10240 7168 144 ) (10240 7168 48 ) (10240 6528 48 ) 
4 31 32 (10240 6144 16 ) (10240 7168 16 ) (10360 7168 16 ) (10360 6144 16 ) 
4 32 215 (10360 6144 16 ) (10240 6144 16 ) (10240 6144 8 ) (10360 6144 8 ) 
4 32 61 (10240 6144 8 ) (10240 6144 16 ) (10240 7168 16 ) (10240 7168 8 ) 
4 33 64 (9216 7232 952 ) (9216 7168 952 ) (9216 7168 1204 ) (9216 7232 1204 ) 
4 33 62 (9216 8192 1204 ) (9216 8192 952 ) (9216 7232 952 ) (9216 7232 1204 ) 
4 33 46 (10240 7168 952 ) (10240 7168 1204 ) (9216 7168 1204 ) (9216 7168 952 ) 
4 33 37 (9216 7168 952 ) (9216 7232 952 ) (10240 7232 952 ) (10240 7168 952 ) 
4 33 34 (9344 8192 952 ) (10240 8192 952 ) (10240 7232 952 ) (9344 7232 952 ) 
4 34 38 (10240 7232 648 ) (10240 7232 712 ) (9600 7232 712 ) (9600 7232 648 ) 
4 34 37 (10240 7232 712 ) (10240 7232 952 ) (9344 7232 952 ) (9344 7232 712 ) 
4 34 35 (10240 7232 648 ) (9344 7232 648 ) (9344 8192 648 ) (10240 8192 648 ) 
4 35 39 (10240 7232 520 ) (10240 7232 648 ) (9600 7232 648 ) (9600 7232 520 ) 
4 35 36 (10240 7232 520 ) (9344 7232 520 ) (9344 8192 520 ) (10240 8192 520 ) 
4 36 41 (9344 8192 208 ) (10240 8192 208 ) (10240 7232 208 ) (9344 7232 208 ) 
4 36 40 (9600 7232 208 ) (10240 7232 208 ) (10240 7232 520 ) (9600 7232 520 ) 
4 37 64 (9216 7168 712 ) (9216 7168 952 ) (9216 7232 952 ) (9216 7232 712 ) 
4 37 46 (10240 7168 712 ) (10240 7168 952 ) (9216 7168 952 ) (9216 7168 712 ) 
4 37 38 (9600 7232 712 ) (10240 7232 712 ) (10240 7168 712 ) (9600 7168 712 ) 
4 38 47 (10240 7168 648 ) (10240 7168 712 ) (9600 7168 712 ) (9600 7168 648 ) 
4 38 39 (9600 7232 648 ) (10240 7232 648 ) (10240 7168 648 ) (9600 7168 648 ) 
4 39 48 (10240 7168 520 ) (10240 7168 648 ) (9600 7168 648 ) (9600 7168 520 ) 
4 39 40 (10240 7168 520 ) (9600 7168 520 ) (9600 7232 520 ) (10240 7232 520 ) 
4 40 49 (10240 7168 208 ) (10240 7168 520 ) (9600 7168 520 ) (9600 7168 208 ) 
4 40 43 (10240 7168 208 ) (9600 7168 208 ) (9600 7232 208 ) (10240 7232 208 ) 
4 41 43 (10240 7232 144 ) (10240 7232 208 ) (9600 7232 208 ) (9600 7232 144 ) 
4 41 42 (10240 7232 144 ) (9344 7232 144 ) (9344 8192 144 ) (10240 8192 144 ) 
4 42 45 (9856 8192 16 ) (10240 8192 16 ) (10240 7232 16 ) (9856 7232 16 ) 
4 42 44 (9600 7232 16 ) (10240 7232 16 ) (10240 7232 144 ) (9600 7232 144 ) 
4 43 50 (10240 7168 144 ) (10240 7168 208 ) (9600 7168 208 ) (9600 7168 144 ) 
4 43 44 (10240 7168 144 ) (9600 7168 144 ) (9600 7232 144 ) (10240 7232 144 ) 
4 44 59 (10240 7168 16 ) (10240 7168 48 ) (9600 7168 48 ) (9600 7168 16 ) 
4 44 51 (10240 7168 48 ) (10240 7168 144 ) (9600 7168 144 ) (9600 7168 48 ) 
4 44 45 (9856 7232 16 ) (10240 7232 16 ) (10240 7168 16 ) (9856 7168 16 ) 
4 45 61 (10240 7168 8 ) (10240 7168 16 ) (9856 7168 16 ) (9856 7168 8 ) 
4 46 80 (9216 7168 1204 ) (9216 7168 712 ) (9216 6528 712 ) (9216 6528 1204 ) 
4 46 52 (10240 6528 712 ) (10240 6528 1204 ) (9216 6528 1204 ) (9216 6528 712 ) 
4 46 47 (10240 6528 712 ) (9600 6528 712 ) (9600 7168 712 ) (10240 7168 712 ) 
4 47 52 (10240 6528 648 ) (10240 6528 712 ) (9600 6528 712 ) (9600 6528 648 ) 
4 47 48 (10240 6528 648 ) (9600 6528 648 ) (9600 7168 648 ) (10240 7168 648 ) 
4 48 53 (10240 6528 520 ) (10240 6528 648 ) (9600 6528 648 ) (9600 6528 520 ) 
4 48 49 (10240 6528 520 ) (9600 6528 520 ) (9600 7168 520 ) (10240 7168 520 ) 
4 49 55 (9728 6528 520 ) (9600 6528 520 ) (9600 6528 504 ) (9728 6528 504 ) 
4 49 54 (10240 6528 208 ) (10240 6528 520 ) (9728 6528 520 ) (9728 6528 208 ) 
4 49 50 (10240 6528 208 ) (9600 6528 208 ) (9600 7168 208 ) (10240 7168 208 ) 
4 50 57 (10240 6528 144 ) (10240 6528 160 ) (9728 6528 160 ) (9728 6528 144 ) 
4 50 56 (10240 6528 160 ) (10240 6528 208 ) (9728 6528 208 ) (9728 6528 160 ) 
4 50 51 (10240 6528 144 ) (9600 6528 144 ) (9600 7168 144 ) (10240 7168 144 ) 
4 51 59 (9600 7168 48 ) (10240 7168 48 ) (10240 6528 48 ) (9600 6528 48 ) 
4 51 58 (9728 6528 48 ) (10240 6528 48 ) (10240 6528 144 ) (9728 6528 144 ) 
4 52 244 (10240 6144 648 ) (10240 6144 1204 ) (9216 6144 1204 ) (9216 6144 648 ) 
4 52 87 (9216 6144 648 ) (9216 6144 712 ) (9216 6528 712 ) (9216 6528 648 ) 
4 52 80 (9216 6144 712 ) (9216 6144 1204 ) (9216 6528 1204 ) (9216 6528 712 ) 
4 52 53 (10240 6144 648 ) (9216 6144 648 ) (9216 6528 648 ) (10240 6528 648 ) 
4 53 245 (10240 6144 520 ) (10240 6144 648 ) (9216 6144 648 ) (9216 6144 520 ) 
4 53 88 (9216 6144 520 ) (9216 6144 648 ) (9216 6528 648 ) (9216 6528 520 ) 
4 53 55 (9728 6144 520 ) (9216 6144 520 ) (9216 6528 520 ) (9728 6528 520 ) 
4 53 54 (10240 6144 520 ) (9728 6144 520 ) (9728 6528 520 ) (10240 6528 520 ) 
4 54 246 (10240 6144 208 ) (10240 6144 520 ) (9728 6144 520 ) (9728 6144 208 ) 
4 54 56 (9728 6528 208 ) (10240 6528 208 ) (10240 6144 208 ) (9728 6144 208 ) 
4 54 55 (9728 6144 504 ) (9728 6144 520 ) (9728 6528 520 ) (9728 6528 504 ) 
4 55 247 (9728 6144 520 ) (9216 6144 520 ) (9216 6144 504 ) (9728 6144 504 ) 
4 55 89 (9216 6144 504 ) (9216 6144 520 ) (9216 6528 520 ) (9216 6528 504 ) 
4 56 249 (10240 6144 160 ) (10240 6144 208 ) (9728 6144 208 ) (9728 6144 160 ) 
4 56 57 (10240 6144 160 ) (9728 6144 160 ) (9728 6528 160 ) (10240 6528 160 ) 
4 57 253 (10240 6144 144 ) (10240 6144 160 ) (9728 6144 160 ) (9728 6144 144 ) 
4 57 58 (10240 6144 144 ) (9728 6144 144 ) (9728 6528 144 ) (10240 6528 144 ) 
4 58 254 (10240 6144 48 ) (10240 6144 144 ) (9728 6144 144 ) (9728 6144 48 ) 
4 58 60 (10240 6144 48 ) (9728 6144 48 ) (9728 6528 48 ) (10240 6528 48 ) 
4 59 61 (10240 7168 16 ) (10240 6528 16 ) (9856 6528 16 ) (9856 7168 16 ) 
4 59 60 (9728 6528 16 ) (10240 6528 16 ) (10240 6528 48 ) (9728 6528 48 ) 
4 60 261 (10240 6144 16 ) (10240 6144 48 ) (9728 6144 48 ) (9728 6144 16 ) 
4 60 61 (10240 6528 16 ) (10240 6144 16 ) (9856 6144 16 ) (9856 6528 16 ) 
4 61 269 (10240 6144 8 ) (10240 6144 16 ) (9856 6144 16 ) (9856 6144 8 ) 
4 62 64 (9216 7232 952 ) (9216 7232 1204 ) (8320 7232 1204 ) (8320 7232 952 ) 
4 62 63 (8320 7232 952 ) (8320 7232 1204 ) (8320 8192 1204 ) (8320 8192 952 ) 
4 63 71 (8192 8192 1920 ) (8192 8192 952 ) (8192 7232 952 ) (8192 7232 1920 ) 
4 63 65 (8192 7232 1920 ) (8192 7232 952 ) (8320 7232 952 ) (8320 7232 1920 ) 
4 64 80 (9216 7168 712 ) (9216 7168 1204 ) (8320 7168 1204 ) (8320 7168 712 ) 
4 64 66 (8320 7232 712 ) (8388 7232 712 ) (8388 7168 712 ) (8320 7168 712 ) 
4 64 65 (8320 7232 712 ) (8320 7168 712 ) (8320 7168 1204 ) (8320 7232 1204 ) 
4 65 81 (8320 7168 1920 ) (8192 7168 1920 ) (8192 7168 712 ) (8320 7168 712 ) 
4 65 72 (8192 7168 712 ) (8192 7168 952 ) (8192 7232 952 ) (8192 7232 712 ) 
4 65 71 (8192 7168 952 ) (8192 7168 1920 ) (8192 7232 1920 ) (8192 7232 952 ) 
4 65 66 (8192 7168 712 ) (8192 7232 712 ) (8320 7232 712 ) (8320 7168 712 ) 
4 66 82 (8388 7168 712 ) (8192 7168 712 ) (8192 7168 648 ) (8388 7168 648 ) 
4 66 72 (8192 7168 648 ) (8192 7168 712 ) (8192 7232 712 ) (8192 7232 648 ) 
4 66 67 (8192 7168 648 ) (8192 7232 648 ) (8388 7232 648 ) (8388 7168 648 ) 
4 67 84 (8344 7168 648 ) (8192 7168 648 ) (8192 7168 520 ) (8344 7168 520 ) 
4 67 83 (8388 7168 648 ) (8344 7168 648 ) (8344 7168 520 ) (8388 7168 520 ) 
4 67 73 (8192 7168 520 ) (8192 7168 648 ) (8192 7232 648 ) (8192 7232 520 ) 
4 67 68 (8388 7168 520 ) (8192 7168 520 ) (8192 7232 520 ) (8388 7232 520 ) 
4 68 86 (8344 7168 520 ) (8192 7168 520 ) (8192 7168 208 ) (8344 7168 208 ) 
4 68 85 (8388 7168 520 ) (8344 7168 520 ) (8344 7168 208 ) (8388 7168 208 ) 
4 68 74 (8192 7168 208 ) (8192 7168 520 ) (8192 7232 520 ) (8192 7232 208 ) 
4 68 69 (8192 7168 208 ) (8192 7232 208 ) (8344 7232 208 ) (8344 7168 208 ) 
4 69 91 (8344 7168 208 ) (8192 7168 208 ) (8192 7168 144 ) (8344 7168 144 ) 
4 69 74 (8192 7168 144 ) (8192 7168 208 ) (8192 7232 208 ) (8192 7232 144 ) 
4 69 70 (8192 7232 144 ) (8344 7232 144 ) (8344 7168 144 ) (8192 7168 144 ) 
4 70 115 (8192 7168 24 ) (8192 7168 16 ) (8344 7168 16 ) (8344 7168 24 ) 
4 70 109 (8192 7168 128 ) (8192 7168 24 ) (8344 7168 24 ) (8344 7168 128 ) 
4 70 92 (8192 7168 144 ) (8192 7168 128 ) (8344 7168 128 ) (8344 7168 144 ) 
4 70 75 (8192 7168 16 ) (8192 7168 144 ) (8192 7232 144 ) (8192 7232 16 ) 
4 71 123 (8128 7168 1920 ) (7680 7168 1920 ) (7680 7168 952 ) (8128 7168 952 ) 
4 71 119 (8192 7168 952 ) (8192 7168 1920 ) (8128 7168 1920 ) (8128 7168 952 ) 
4 71 76 (7936 7168 952 ) (7680 7168 952 ) (7680 8192 952 ) (7936 8192 952 ) 
4 71 72 (8192 7232 952 ) (8192 7168 952 ) (7936 7168 952 ) (7936 7232 952 ) 
4 72 123 (8128 7168 952 ) (7936 7168 952 ) (7936 7168 648 ) (8128 7168 648 ) 
4 72 119 (8192 7168 648 ) (8192 7168 952 ) (8128 7168 952 ) (8128 7168 648 ) 
4 72 76 (7936 7168 648 ) (7936 7168 952 ) (7936 7232 952 ) (7936 7232 648 ) 
4 72 73 (7936 7168 648 ) (7936 7232 648 ) (8192 7232 648 ) (8192 7168 648 ) 
4 73 124 (8128 7168 648 ) (7936 7168 648 ) (7936 7168 520 ) (8128 7168 520 ) 
4 73 120 (8192 7168 520 ) (8192 7168 648 ) (8128 7168 648 ) (8128 7168 520 ) 
4 73 77 (7936 7168 520 ) (7936 7168 648 ) (7936 7232 648 ) (7936 7232 520 ) 
4 73 74 (8192 7168 520 ) (7936 7168 520 ) (7936 7232 520 ) (8192 7232 520 ) 
4 74 125 (8128 7168 520 ) (7936 7168 520 ) (7936 7168 144 ) (8128 7168 144 ) 
4 74 122 (8192 7168 144 ) (8192 7168 208 ) (8128 7168 208 ) (8128 7168 144 ) 
4 74 121 (8192 7168 208 ) (8192 7168 520 ) (8128 7168 520 ) (8128 7168 208 ) 
4 74 78 (7936 7168 144 ) (7936 7168 520 ) (7936 7232 520 ) (7936 7232 144 ) 
4 74 75 (7936 7168 144 ) (7936 7232 144 ) (8192 7232 144 ) (8192 7168 144 ) 
4 75 142 (8192 7168 16 ) (8192 7168 144 ) (7936 7168 144 ) (7936 7168 16 ) 
4 75 79 (7936 7232 16 ) (7936 7168 16 ) (7936 7168 144 ) (7936 7232 144 ) 
4 76 123 (7936 7168 952 ) (7680 7168 952 ) (7680 7168 648 ) (7936 7168 648 ) 
4 76 77 (7936 8192 648 ) (7936 7168 648 ) (7680 7168 648 ) (7680 8192 648 ) 
4 77 124 (7680 7168 520 ) (7936 7168 520 ) (7936 7168 648 ) (7680 7168 648 ) 
4 77 78 (7680 8192 520 ) (7936 8192 520 ) (7936 7168 520 ) (7680 7168 520 ) 
4 78 125 (7680 7168 144 ) (7936 7168 144 ) (7936 7168 520 ) (7680 7168 520 ) 
4 78 79 (7936 8192 144 ) (7936 7168 144 ) (7680 7168 144 ) (7680 8192 144 ) 
4 79 142 (7680 7168 16 ) (7936 7168 16 ) (7936 7168 144 ) (7680 7168 144 ) 
4 80 341 (9216 6144 712 ) (9216 6144 1204 ) (8320 6144 1204 ) (8320 6144 712 ) 
4 80 87 (9216 6144 712 ) (8320 6144 712 ) (8320 6528 712 ) (9216 6528 712 ) 
4 80 82 (8320 6528 712 ) (8320 7168 712 ) (8388 7168 712 ) (8388 6528 712 ) 
4 80 81 (8320 7168 712 ) (8320 6144 712 ) (8320 6144 1204 ) (8320 7168 1204 ) 
4 81 342 (8320 6144 1920 ) (8192 6144 1920 ) (8192 6144 712 ) (8320 6144 712 ) 
4 81 119 (8192 7168 1920 ) (8192 7168 712 ) (8192 6144 712 ) (8192 6144 1920 ) 
4 81 87 (8320 6144 712 ) (8192 6144 712 ) (8192 6528 712 ) (8320 6528 712 ) 
4 81 82 (8192 6528 712 ) (8192 7168 712 ) (8320 7168 712 ) (8320 6528 712 ) 
4 82 119 (8192 7168 712 ) (8192 7168 648 ) (8192 6528 648 ) (8192 6528 712 ) 
4 82 87 (8388 6528 712 ) (8192 6528 712 ) (8192 6528 648 ) (8388 6528 648 ) 
4 82 84 (8344 6528 648 ) (8192 6528 648 ) (8192 7168 648 ) (8344 7168 648 ) 
4 82 83 (8388 6528 648 ) (8344 6528 648 ) (8344 7168 648 ) (8388 7168 648 ) 
4 83 88 (8388 6528 520 ) (8388 6528 648 ) (8344 6528 648 ) (8344 6528 520 ) 
4 83 85 (8388 7168 520 ) (8388 6528 520 ) (8344 6528 520 ) (8344 7168 520 ) 
4 83 84 (8344 7168 520 ) (8344 6528 520 ) (8344 6528 648 ) (8344 7168 648 ) 
4 84 120 (8192 7168 648 ) (8192 7168 520 ) (8192 6528 520 ) (8192 6528 648 ) 
4 84 88 (8344 6528 648 ) (8192 6528 648 ) (8192 6528 520 ) (8344 6528 520 ) 
4 84 86 (8344 6528 520 ) (8192 6528 520 ) (8192 7168 520 ) (8344 7168 520 ) 
4 85 90 (8344 6528 208 ) (8388 6528 208 ) (8388 6528 504 ) (8344 6528 504 ) 
4 85 89 (8388 6528 504 ) (8388 6528 520 ) (8344 6528 520 ) (8344 6528 504 ) 
4 85 86 (8344 7168 208 ) (8344 6528 208 ) (8344 6528 520 ) (8344 7168 520 ) 
4 86 121 (8192 7168 520 ) (8192 7168 208 ) (8192 6528 208 ) (8192 6528 520 ) 
4 86 91 (8192 6528 208 ) (8192 7168 208 ) (8344 7168 208 ) (8344 6528 208 ) 
4 86 90 (8192 6528 208 ) (8344 6528 208 ) (8344 6528 504 ) (8192 6528 504 ) 
4 86 89 (8344 6528 504 ) (8344 6528 520 ) (8192 6528 520 ) (8192 6528 504 ) 
4 87 341 (9216 6144 648 ) (9216 6144 712 ) (8320 6144 712 ) (8320 6144 648 ) 
4 87 342 (8320 6144 712 ) (8192 6144 712 ) (8192 6144 648 ) (8320 6144 648 ) 
4 87 119 (8192 6144 648 ) (8192 6144 712 ) (8192 6528 712 ) (8192 6528 648 ) 
4 87 88 (9216 6144 648 ) (8192 6144 648 ) (8192 6528 648 ) (9216 6528 648 ) 
4 88 343 (9216 6144 520 ) (9216 6144 648 ) (8192 6144 648 ) (8192 6144 520 ) 
4 88 120 (8192 6144 520 ) (8192 6144 648 ) (8192 6528 648 ) (8192 6528 520 ) 
4 88 89 (8192 6528 520 ) (9216 6528 520 ) (9216 6144 520 ) (8192 6144 520 ) 
4 89 344 (9216 6144 504 ) (9216 6144 520 ) (8192 6144 520 ) (8192 6144 504 ) 
4 89 121 (8192 6144 504 ) (8192 6144 520 ) (8192 6528 520 ) (8192 6528 504 ) 
4 89 90 (9088 6144 504 ) (8192 6144 504 ) (8192 6528 504 ) (9088 6528 504 ) 
4 90 346 (9088 6144 504 ) (8192 6144 504 ) (8192 6144 208 ) (9088 6144 208 ) 
4 90 121 (8192 6528 208 ) (8192 6144 208 ) (8192 6144 504 ) (8192 6528 504 ) 
4 90 103 (8600 6144 208 ) (8320 6144 208 ) (8320 6400 208 ) (8600 6400 208 ) 
4 90 102 (8320 6400 208 ) (8320 6528 208 ) (8600 6528 208 ) (8600 6400 208 ) 
4 90 94 (9088 6144 208 ) (8600 6144 208 ) (8600 6400 208 ) (9088 6400 208 ) 
4 90 93 (8600 6400 208 ) (8600 6528 208 ) (9088 6528 208 ) (9088 6400 208 ) 
4 90 105 (8320 6144 208 ) (8192 6144 208 ) (8192 6528 208 ) (8320 6528 208 ) 
4 91 122 (8192 7168 208 ) (8192 7168 144 ) (8192 6528 144 ) (8192 6528 208 ) 
4 91 102 (8344 6528 208 ) (8320 6528 208 ) (8320 6528 144 ) (8344 6528 144 ) 
4 91 105 (8320 6528 208 ) (8192 6528 208 ) (8192 6528 144 ) (8320 6528 144 ) 
4 91 92 (8344 6528 144 ) (8192 6528 144 ) (8192 7168 144 ) (8344 7168 144 ) 
4 92 143 (8192 6912 128 ) (8192 6528 128 ) (8192 6528 144 ) (8192 6912 144 ) 
4 92 142 (8192 7168 144 ) (8192 7168 128 ) (8192 6912 128 ) (8192 6912 144 ) 
4 92 109 (8192 7168 128 ) (8344 7168 128 ) (8344 6528 128 ) (8192 6528 128 ) 
4 92 107 (8320 6528 128 ) (8344 6528 128 ) (8344 6528 144 ) (8320 6528 144 ) 
4 92 108 (8192 6528 128 ) (8320 6528 128 ) (8320 6528 144 ) (8192 6528 144 ) 
4 93 107 (8600 6400 144 ) (8600 6528 144 ) (8880 6528 144 ) (8880 6400 144 ) 
4 93 106 (8880 6528 144 ) (9088 6528 144 ) (9088 6400 144 ) (8880 6400 144 ) 
4 93 102 (8600 6528 208 ) (8600 6528 144 ) (8600 6400 144 ) (8600 6400 208 ) 
4 93 101 (8600 6400 152 ) (8600 6400 144 ) (8880 6400 144 ) (8880 6400 152 ) 
4 93 100 (8880 6400 144 ) (9074.451172 6400 144 ) (9074.451172 6400 152 ) (8880 6400 152 ) 
3 93 99 (8600 6400 193 ) (8880 6400 172.344482 ) (8880 6400 193 ) 
4 93 98 (9074.451172 6400 158 ) (9074.451172 6400 193 ) (8880 6400 193 ) (8880 6400 172.344482 ) 
4 93 97 (9074.451172 6400 144 ) (9088 6400 144 ) (9088 6400 152 ) (9074.451172 6400 152 ) 
4 93 96 (9088 6400 152 ) (9088 6400 160 ) (9074.451172 6400 160 ) (9074.451172 6400 152.971725 ) 
4 93 95 (9088 6400 160 ) (9088 6400 193 ) (9074.451172 6400 193 ) (9074.451172 6400 160 ) 
4 93 94 (8600 6400 208 ) (8600 6400 193 ) (9088 6400 193 ) (9088 6400 208 ) 
4 94 347 (9088 6144 208 ) (8600 6144 208 ) (8600 6144 193 ) (9088 6144 193 ) 
4 94 103 (8600 6144 193 ) (8600 6144 208 ) (8600 6400 208 ) (8600 6400 193 ) 
4 94 99 (8880 6144 193 ) (8600 6144 193 ) (8600 6400 193 ) (8880 6400 193 ) 
4 94 98 (9074.451172 6144 193 ) (8880 6144 193 ) (8880 6400 193 ) (9074.451172 6400 193 ) 
4 94 95 (9088 6144 193 ) (9074.451172 6144 193 ) (9074.451172 6400 193 ) (9088 6400 193 ) 
4 95 348 (9088 6144 193 ) (9074.451172 6144 193 ) (9074.451172 6144 160 ) (9088 6144 160 ) 
4 95 98 (9074.451172 6144 193 ) (9074.451172 6400 193 ) (9074.451172 6400 160 ) (9074.451172 6144 160 ) 
4 95 96 (9088 6144 160 ) (9074.451172 6144 160 ) (9074.451172 6400 160 ) (9088 6400 160 ) 
4 96 349 (9088 6144 160 ) (9074.451172 6144 160 ) (9074.451172 6144 152.971725 ) (9088 6144 152 ) 
4 96 98 (9074.451172 6400 160 ) (9074.451172 6400 158 ) (9074.451172 6144 158 ) (9074.451172 6144 160 ) 
4 97 350 (9088 6144 152 ) (9074.451172 6144 152 ) (9074.451172 6144 144 ) (9088 6144 144 ) 
4 97 106 (9088 6144 144 ) (9074.451172 6144 144 ) (9074.451172 6400 144 ) (9088 6400 144 ) 
4 97 100 (9074.451172 6400 152 ) (9074.451172 6400 144 ) (9074.451172 6144 144 ) (9074.451172 6144 152 ) 
4 98 351 (9074.451172 6144 193 ) (8880 6144 193 ) (8880 6144 172.344482 ) (9074.451172 6144 158 ) 
4 98 99 (8880 6144 172.344482 ) (8880 6144 193 ) (8880 6400 193 ) (8880 6400 172.344482 ) 
3 99 352 (8880 6144 193 ) (8600 6144 193 ) (8880 6144 172.344482 ) 
4 100 353 (8880 6144 144 ) (9074.451172 6144 144 ) (9074.451172 6144 152 ) (8880 6144 152 ) 
4 100 106 (9074.451172 6144 144 ) (8880 6144 144 ) (8880 6400 144 ) (9074.451172 6400 144 ) 
4 100 101 (8880 6400 152 ) (8880 6400 144 ) (8880 6144 144 ) (8880 6144 152 ) 
4 101 354 (8600 6144 152 ) (8600 6144 144 ) (8880 6144 144 ) (8880 6144 152 ) 
4 101 104 (8600 6400 144 ) (8600 6144 144 ) (8600 6144 152 ) (8600 6400 152 ) 
4 102 107 (8320 6400 144 ) (8320 6528 144 ) (8600 6528 144 ) (8600 6400 144 ) 
4 102 104 (8320 6400 193 ) (8320 6400 144 ) (8600 6400 144 ) (8600 6400 193 ) 
4 102 103 (8320 6400 208 ) (8320 6400 193 ) (8600 6400 193 ) (8600 6400 208 ) 
4 102 105 (8320 6528 208 ) (8320 6528 144 ) (8320 6400 144 ) (8320 6400 208 ) 
4 103 356 (8600 6144 208 ) (8320 6144 208 ) (8320 6144 193 ) (8600 6144 193 ) 
4 103 105 (8320 6144 193 ) (8320 6144 208 ) (8320 6400 208 ) (8320 6400 193 ) 
4 103 104 (8320 6144 193 ) (8320 6400 193 ) (8600 6400 193 ) (8600 6144 193 ) 
4 104 357 (8320 6144 193 ) (8320 6144 144 ) (8600 6144 144 ) (8600 6144 193 ) 
4 104 105 (8320 6400 144 ) (8320 6144 144 ) (8320 6144 193 ) (8320 6400 193 ) 
4 105 359 (8320 6144 208 ) (8192 6144 208 ) (8192 6144 144 ) (8320 6144 144 ) 
4 105 122 (8192 6144 144 ) (8192 6144 208 ) (8192 6528 208 ) (8192 6528 144 ) 
4 105 108 (8320 6144 144 ) (8192 6144 144 ) (8192 6528 144 ) (8320 6528 144 ) 
4 106 360 (9088 6144 144 ) (8880 6144 144 ) (8880 6144 128 ) (9088 6144 128 ) 
4 106 111 (9088 6144 128 ) (8880 6144 128 ) (8880 6400 128 ) (9088 6400 128 ) 
4 106 110 (8880 6400 128 ) (8880 6528 128 ) (9088 6528 128 ) (9088 6400 128 ) 
4 106 107 (8880 6400 144 ) (8880 6528 144 ) (8880 6528 128 ) (8880 6400 128 ) 
4 107 110 (8320 6400 128 ) (8320 6528 128 ) (8880 6528 128 ) (8880 6400 128 ) 
4 107 108 (8320 6400 144 ) (8320 6528 144 ) (8320 6528 128 ) (8320 6400 128 ) 
4 108 362 (8320 6144 144 ) (8192 6144 144 ) (8192 6144 128 ) (8320 6144 128 ) 
4 108 148 (8192 6176 128 ) (8192 6144 128 ) (8192 6144 144 ) (8192 6176 144 ) 
4 108 144 (8192 6243 128 ) (8192 6176 128 ) (8192 6176 144 ) (8192 6243 144 ) 
4 108 143 (8192 6528 128 ) (8192 6243 128 ) (8192 6243 144 ) (8192 6528 144 ) 
4 108 114 (8320 6144 128 ) (8192 6144 128 ) (8192 6400 128 ) (8320 6400 128 ) 
4 108 110 (8192 6400 128 ) (8192 6528 128 ) (8320 6528 128 ) (8320 6400 128 ) 
4 109 143 (8192 6912 24 ) (8192 6528 24 ) (8192 6528 128 ) (8192 6912 128 ) 
4 109 142 (8192 7168 128 ) (8192 7168 24 ) (8192 6912 24 ) (8192 6912 128 ) 
4 109 115 (8192 6528 24 ) (8192 7168 24 ) (8344 7168 24 ) (8344 6528 24 ) 
4 109 110 (8192 6528 24 ) (8344 6528 24 ) (8344 6528 128 ) (8192 6528 128 ) 
4 110 143 (8192 6528 24 ) (8192 6400 24 ) (8192 6400 128 ) (8192 6528 128 ) 
4 110 117 (8320 6528 24 ) (8880 6528 24 ) (8880 6400 24 ) (8320 6400 24 ) 
4 110 118 (8192 6400 24 ) (8192 6528 24 ) (8320 6528 24 ) (8320 6400 24 ) 
4 110 116 (8880 6528 24 ) (9088 6528 24 ) (9088 6400 24 ) (8880 6400 24 ) 
4 110 114 (8192 6400 24 ) (8320 6400 24 ) (8320 6400 128 ) (8192 6400 128 ) 
4 110 111 (8880 6400 24 ) (9088 6400 24 ) (9088 6400 128 ) (8880 6400 128 ) 
4 111 372 (9088 6144 128 ) (8880 6144 128 ) (8880 6144 24 ) (9088 6144 24 ) 
4 111 116 (9088 6144 24 ) (8880 6144 24 ) (8880 6400 24 ) (9088 6400 24 ) 
4 111 112 (8880 6232 24 ) (8880 6176 24 ) (8880 6176 128 ) (8880 6232 128 ) 
4 113 114 (8320 6232 24 ) (8320 6176 24 ) (8320 6176 128 ) (8320 6232 128 ) 
4 114 383 (8320 6144 128 ) (8192 6144 128 ) (8192 6144 24 ) (8320 6144 24 ) 
4 114 148 (8192 6176 24 ) (8192 6144 24 ) (8192 6144 128 ) (8192 6176 128 ) 
4 114 145 (8192 6243 24 ) (8192 6176 24 ) (8192 6176 126 ) (8192 6243 126 ) 
4 114 144 (8192 6176 126 ) (8192 6176 128 ) (8192 6243 128 ) (8192 6243 126 ) 
4 114 143 (8192 6400 24 ) (8192 6243 24 ) (8192 6243 128 ) (8192 6400 128 ) 
4 114 118 (8320 6144 24 ) (8192 6144 24 ) (8192 6400 24 ) (8320 6400 24 ) 
4 115 143 (8192 6912 16 ) (8192 6528 16 ) (8192 6528 24 ) (8192 6912 24 ) 
4 115 142 (8192 7168 24 ) (8192 7168 16 ) (8192 6912 16 ) (8192 6912 24 ) 
4 115 117 (8320 6528 16 ) (8344 6528 16 ) (8344 6528 24 ) (8320 6528 24 ) 
4 115 118 (8192 6528 16 ) (8320 6528 16 ) (8320 6528 24 ) (8192 6528 24 ) 
4 116 392 (9088 6144 24 ) (8880 6144 24 ) (8880 6144 16 ) (9088 6144 16 ) 
4 116 117 (8880 6528 24 ) (8880 6528 16 ) (8880 6400 16 ) (8880 6400 24 ) 
4 117 118 (8320 6528 24 ) (8320 6528 16 ) (8320 6400 16 ) (8320 6400 24 ) 
4 118 394 (8320 6144 24 ) (8192 6144 24 ) (8192 6144 16 ) (8320 6144 16 ) 
4 118 148 (8192 6176 16 ) (8192 6144 16 ) (8192 6144 24 ) (8192 6176 24 ) 
4 118 145 (8192 6243 16 ) (8192 6176 16 ) (8192 6176 24 ) (8192 6243 24 ) 
4 118 143 (8192 6528 16 ) (8192 6243 16 ) (8192 6243 24 ) (8192 6528 24 ) 
4 119 400 (8192 6144 648 ) (8192 6144 1920 ) (8128 6144 1920 ) (8128 6144 648 ) 
4 119 129 (8128 6144 648 ) (8128 6144 1920 ) (8128 6272 1920 ) (8128 6272 648 ) 
4 119 126 (8128 6272 1920 ) (8128 6912 1920 ) (8128 6912 648 ) (8128 6272 648 ) 
4 119 123 (8128 6912 1920 ) (8128 7168 1920 ) (8128 7168 648 ) (8128 6912 648 ) 
4 119 120 (8128 6144 648 ) (8128 7168 648 ) (8192 7168 648 ) (8192 6144 648 ) 
4 120 401 (8192 6144 520 ) (8192 6144 648 ) (8128 6144 648 ) (8128 6144 520 ) 
4 120 130 (8128 6144 520 ) (8128 6144 648 ) (8128 6272 648 ) (8128 6272 520 ) 
4 120 127 (8128 6272 648 ) (8128 6912 648 ) (8128 6912 520 ) (8128 6272 520 ) 
4 120 124 (8128 6912 648 ) (8128 7168 648 ) (8128 7168 520 ) (8128 6912 520 ) 
4 120 121 (8192 6144 520 ) (8128 6144 520 ) (8128 7168 520 ) (8192 7168 520 ) 
4 121 402 (8192 6144 208 ) (8192 6144 520 ) (8128 6144 520 ) (8128 6144 208 ) 
4 121 132 (8128 6236 248 ) (8128 6236 208 ) (8128 6179 208 ) (8128 6179 248 ) 
4 121 131 (8128 6144 488 ) (8128 6144 520 ) (8128 6272 520 ) (8128 6272 488 ) 
4 121 128 (8128 6272 520 ) (8128 6912 520 ) (8128 6912 488 ) (8128 6272 488 ) 
4 121 125 (8128 6912 520 ) (8128 7168 520 ) (8128 7168 208 ) (8128 6912 208 ) 
4 121 122 (8128 6144 208 ) (8128 7168 208 ) (8192 7168 208 ) (8192 6144 208 ) 
4 122 403 (8192 6144 144 ) (8192 6144 208 ) (8128 6144 208 ) (8128 6144 144 ) 
4 122 148 (8192 6176 144 ) (8192 6144 144 ) (8128 6144 144 ) (8128 6176 144 ) 
4 122 144 (8192 6243 144 ) (8192 6176 144 ) (8128 6176 144 ) (8128 6243 144 ) 
4 122 143 (8192 6912 144 ) (8192 6243 144 ) (8128 6243 144 ) (8128 6912 144 ) 
4 122 142 (8192 7168 144 ) (8192 6912 144 ) (8128 6912 144 ) (8128 7168 144 ) 
4 122 132 (8128 6179 208 ) (8128 6236 208 ) (8128 6236 168 ) (8128 6179 168 ) 
4 122 125 (8128 7168 144 ) (8128 6912 144 ) (8128 6912 208 ) (8128 7168 208 ) 
4 123 135 (7680 6912 648 ) (8120 6912 648 ) (8120 6912 1920 ) (7680 6912 1920 ) 
4 123 126 (8120 6912 648 ) (8128 6912 648 ) (8128 6912 1920 ) (8120 6912 1920 ) 
4 123 124 (8128 6912 648 ) (7680 6912 648 ) (7680 7168 648 ) (8128 7168 648 ) 
4 124 136 (7680 6912 520 ) (8120 6912 520 ) (8120 6912 648 ) (7680 6912 648 ) 
4 124 127 (8120 6912 520 ) (8128 6912 520 ) (8128 6912 648 ) (8120 6912 648 ) 
4 124 125 (8128 6912 520 ) (7680 6912 520 ) (7680 7168 520 ) (8128 7168 520 ) 
4 125 142 (7680 7168 144 ) (8128 7168 144 ) (8128 6912 144 ) (7680 6912 144 ) 
4 125 137 (8120 6912 488 ) (8120 6912 520 ) (7680 6912 520 ) (7680 6912 488 ) 
4 125 128 (8128 6912 488 ) (8128 6912 520 ) (8120 6912 520 ) (8120 6912 488 ) 
4 126 135 (8120 6912 1920 ) (8120 6912 648 ) (8120 6272 648 ) (8120 6272 1920 ) 
4 126 129 (8120 6272 1920 ) (8120 6272 648 ) (8128 6272 648 ) (8128 6272 1920 ) 
4 126 127 (8128 6272 648 ) (8120 6272 648 ) (8120 6912 648 ) (8128 6912 648 ) 
4 127 136 (8120 6912 648 ) (8120 6912 520 ) (8120 6272 520 ) (8120 6272 648 ) 
4 127 130 (8120 6272 648 ) (8120 6272 520 ) (8128 6272 520 ) (8128 6272 648 ) 
4 127 128 (8128 6272 520 ) (8120 6272 520 ) (8120 6912 520 ) (8128 6912 520 ) 
4 128 137 (8120 6912 520 ) (8120 6912 488 ) (8120 6272 488 ) (8120 6272 520 ) 
4 128 131 (8120 6272 520 ) (8120 6272 488 ) (8128 6272 488 ) (8128 6272 520 ) 
4 129 407 (8120 6144 1920 ) (8120 6144 648 ) (8128 6144 648 ) (8128 6144 1920 ) 
4 129 135 (8120 6144 648 ) (8120 6144 1920 ) (8120 6272 1920 ) (8120 6272 648 ) 
4 129 130 (8120 6144 648 ) (8120 6272 648 ) (8128 6272 648 ) (8128 6144 648 ) 
4 130 408 (8120 6144 648 ) (8120 6144 520 ) (8128 6144 520 ) (8128 6144 648 ) 
4 130 136 (8120 6144 520 ) (8120 6144 648 ) (8120 6272 648 ) (8120 6272 520 ) 
4 130 131 (8120 6144 520 ) (8120 6272 520 ) (8128 6272 520 ) (8128 6144 520 ) 
4 131 409 (8120 6144 520 ) (8120 6144 488 ) (8128 6144 488 ) (8128 6144 520 ) 
4 131 137 (8120 6144 488 ) (8120 6144 520 ) (8120 6272 520 ) (8120 6272 488 ) 
4 132 133 (8122 6179 168 ) (8122 6179 248 ) (8122 6236 248 ) (8122 6236 168 ) 
4 133 134 (8121 6179 168 ) (8121 6179 248 ) (8121 6236 248 ) (8121 6236 168 ) 
4 134 139 (8120 6236 248 ) (8120 6236 168 ) (8120 6179 168 ) (8120 6179 248 ) 
4 135 434 (7296 6144 1920 ) (7296 6144 648 ) (7712 6144 648 ) (7712 6144 1920 ) 
4 135 411 (7712 6144 648 ) (7784 6144 648 ) (7784 6144 1920 ) (7712 6144 1920 ) 
4 135 407 (7784 6144 648 ) (8120 6144 648 ) (8120 6144 1920 ) (7784 6144 1920 ) 
4 135 140 (7296 6144 648 ) (7296 6144 1920 ) (7296 6704 1920 ) (7296 6704 648 ) 
4 135 136 (7296 6144 648 ) (7296 6912 648 ) (8120 6912 648 ) (8120 6144 648 ) 
4 136 435 (7296 6144 648 ) (7296 6144 520 ) (7712 6144 520 ) (7712 6144 648 ) 
4 136 412 (7712 6144 520 ) (7784 6144 520 ) (7784 6144 648 ) (7712 6144 648 ) 
4 136 408 (7784 6144 520 ) (8120 6144 520 ) (8120 6144 648 ) (7784 6144 648 ) 
4 136 141 (7296 6144 544 ) (7296 6144 648 ) (7296 6704 648 ) (7296 6704 544 ) 
4 136 137 (7296 6144 520 ) (7296 6912 520 ) (8120 6912 520 ) (8120 6144 520 ) 
4 137 436 (7296 6144 520 ) (7296 6144 488 ) (7712 6144 488 ) (7712 6144 520 ) 
4 137 413 (7712 6144 488 ) (7784 6144 488 ) (7784 6144 520 ) (7712 6144 520 ) 
4 137 409 (7784 6144 488 ) (8120 6144 488 ) (8120 6144 520 ) (7784 6144 520 ) 
4 137 138 (7784 6328 488 ) (8120 6328 488 ) (8120 6272 488 ) (7784 6272 488 ) 
4 139 410 (7784 6144 144 ) (8120 6144 144 ) (8120 6144 272 ) (7784 6144 272 ) 
4 139 152 (8120 6144 144 ) (7784 6144 144 ) (7784 6169 144 ) (8120 6169 144 ) 
4 139 150 (7784 6169 144 ) (7784 6236 144 ) (8120 6236 144 ) (8120 6169 144 ) 
4 139 149 (7784 6236 144 ) (7784 6328 144 ) (8120 6328 144 ) (8120 6236 144 ) 
4 140 441 (7168 6144 1920 ) (7168 6144 648 ) (7296 6144 648 ) (7296 6144 1920 ) 
4 140 170 (7168 6144 648 ) (7168 6144 1920 ) (7168 6704 1920 ) (7168 6704 648 ) 
4 140 141 (7296 6704 648 ) (7296 6144 648 ) (7168 6144 648 ) (7168 6704 648 ) 
4 141 442 (7168 6144 648 ) (7168 6144 544 ) (7296 6144 544 ) (7296 6144 648 ) 
4 141 171 (7168 6144 544 ) (7168 6144 648 ) (7168 6704 648 ) (7168 6704 544 ) 
4 142 143 (8128 6912 16 ) (8192 6912 16 ) (8192 6912 144 ) (8128 6912 144 ) 
4 143 145 (8128 6243 16 ) (8192 6243 16 ) (8192 6243 126 ) (8128 6243 126 ) 
4 143 144 (8192 6243 126 ) (8192 6243 144 ) (8128 6243 144 ) (8128 6243 126 ) 
4 144 148 (8128 6176 126 ) (8192 6176 126 ) (8192 6176 144 ) (8128 6176 144 ) 
4 144 145 (8192 6176 126 ) (8128 6176 126 ) (8128 6243 126 ) (8192 6243 126 ) 
4 145 148 (8128 6176 16 ) (8192 6176 16 ) (8192 6176 126 ) (8128 6176 126 ) 
4 145 146 (8123 6176 16 ) (8123 6176 126 ) (8123 6243 126 ) (8123 6243 16 ) 
4 146 147 (8122 6176 16 ) (8122 6176 126 ) (8122 6243 126 ) (8122 6243 16 ) 
4 147 150 (8120 6236 16 ) (8120 6176 16 ) (8120 6176 126 ) (8120 6236 126 ) 
4 147 149 (8120 6243 16 ) (8120 6236 16 ) (8120 6236 126 ) (8120 6243 126 ) 
4 148 405 (8192 6144 16 ) (8192 6144 144 ) (8128 6144 144 ) (8128 6144 16 ) 
4 149 150 (7784 6236 16 ) (8120 6236 16 ) (8120 6236 144 ) (7784 6236 144 ) 
4 150 152 (7784 6169 16 ) (8120 6169 16 ) (8120 6169 144 ) (7784 6169 144 ) 
4 150 151 (7784 6236 126 ) (7784 6236 16 ) (7784 6169 16 ) (7784 6169 126 ) 
4 151 153 (7776 6236 16 ) (7776 6169 16 ) (7776 6169 126 ) (7776 6236 126 ) 
4 152 419 (8120 6144 144 ) (7784 6144 144 ) (7784 6144 16 ) (8120 6144 16 ) 
4 153 447 (7712 6144 144 ) (7552 6144 144 ) (7552 6144 16 ) (7712 6144 16 ) 
4 153 420 (7776 6144 144 ) (7712 6144 144 ) (7712 6144 16 ) (7776 6144 16 ) 
4 153 154 (7552 6248 16 ) (7552 6176 16 ) (7552 6176 120 ) (7552 6248 120 ) 
4 154 155 (7544 6248 16 ) (7544 6176 16 ) (7544 6176 120 ) (7544 6248 120 ) 
4 156 178 (6272 7168 1920 ) (6144 7168 1920 ) (6144 7168 648 ) (6272 7168 648 ) 
4 156 164 (6144 7168 648 ) (6144 7168 880 ) (6144 7728 880 ) (6144 7728 648 ) 
4 156 161 (6144 7168 880 ) (6144 7168 1920 ) (6144 7728 1920 ) (6144 7728 880 ) 
4 156 157 (6272 7168 648 ) (6144 7168 648 ) (6144 7728 648 ) (6272 7728 648 ) 
4 157 179 (6272 7168 648 ) (6144 7168 648 ) (6144 7168 520 ) (6272 7168 520 ) 
4 157 165 (6144 7168 520 ) (6144 7168 648 ) (6144 7728 648 ) (6144 7728 520 ) 
4 157 158 (6144 7728 520 ) (6272 7728 520 ) (6272 7168 520 ) (6144 7168 520 ) 
4 158 180 (6144 7168 520 ) (6144 7168 208 ) (6272 7168 208 ) (6272 7168 520 ) 
4 158 166 (6144 7168 208 ) (6144 7168 520 ) (6144 7728 520 ) (6144 7728 208 ) 
4 158 159 (6272 7168 208 ) (6144 7168 208 ) (6144 7728 208 ) (6272 7728 208 ) 
4 159 181 (6272 7168 208 ) (6144 7168 208 ) (6144 7168 144 ) (6272 7168 144 ) 
4 159 167 (6144 7168 144 ) (6144 7168 208 ) (6144 7728 208 ) (6144 7728 144 ) 
4 159 160 (6144 7168 144 ) (6144 7728 144 ) (6272 7728 144 ) (6272 7168 144 ) 
4 160 182 (6144 7168 144 ) (6144 7168 16 ) (6272 7168 16 ) (6272 7168 144 ) 
4 160 168 (6144 7168 16 ) (6144 7168 144 ) (6144 7728 144 ) (6144 7728 16 ) 
4 161 183 (5888 7168 880 ) (6144 7168 880 ) (6144 7168 1920 ) (5888 7168 1920 ) 
4 161 164 (6144 7728 880 ) (6144 7168 880 ) (5888 7168 880 ) (5888 7728 880 ) 
4 161 163 (5888 7728 1056 ) (5888 7728 880 ) (5888 7168 880 ) (5888 7168 1056 ) 
4 161 162 (5888 7728 1920 ) (5888 7728 1056 ) (5888 7168 1056 ) (5888 7168 1920 ) 
4 162 199 (5120 7168 1056 ) (5120 7168 1920 ) (5120 7728 1920 ) (5120 7728 1056 ) 
4 162 184 (5120 7168 1920 ) (5120 7168 1056 ) (5888 7168 1056 ) (5888 7168 1920 ) 
4 162 163 (5120 7168 1056 ) (5120 7728 1056 ) (5888 7728 1056 ) (5888 7168 1056 ) 
4 163 200 (5120 7168 880 ) (5120 7168 1056 ) (5120 7728 1056 ) (5120 7728 880 ) 
4 163 185 (5120 7168 1056 ) (5120 7168 880 ) (5888 7168 880 ) (5888 7168 1056 ) 
4 163 164 (5888 7168 880 ) (5504 7168 880 ) (5504 7728 880 ) (5888 7728 880 ) 
4 164 186 (6144 7168 648 ) (6144 7168 880 ) (5504 7168 880 ) (5504 7168 648 ) 
4 164 165 (6144 7168 648 ) (5504 7168 648 ) (5504 7728 648 ) (6144 7728 648 ) 
4 165 190 (6144 7168 520 ) (6144 7168 576 ) (5504 7168 576 ) (5504 7168 520 ) 
4 165 188 (6144 7168 576 ) (6144 7168 648 ) (5504 7168 648 ) (5504 7168 576 ) 
4 165 166 (5504 7168 520 ) (5504 7728 520 ) (6144 7728 520 ) (6144 7168 520 ) 
4 166 191 (5504 7168 208 ) (6144 7168 208 ) (6144 7168 520 ) (5504 7168 520 ) 
4 166 167 (5504 7728 208 ) (6144 7728 208 ) (6144 7168 208 ) (5504 7168 208 ) 
4 167 194 (6144 7168 144 ) (6144 7168 208 ) (5504 7168 208 ) (5504 7168 144 ) 
4 167 168 (5504 7168 144 ) (5504 7728 144 ) (6144 7728 144 ) (6144 7168 144 ) 
4 168 196 (5504 7168 16 ) (6144 7168 16 ) (6144 7168 144 ) (5504 7168 144 ) 
4 168 169 (6136 7168 16 ) (5640 7168 16 ) (5640 7728 16 ) (6136 7728 16 ) 
4 169 198 (5640 7168 8 ) (6136 7168 8 ) (6136 7168 16 ) (5640 7168 16 ) 
4 170 1056 (7168 6144 648 ) (7168 6144 1920 ) (7104 6144 1920 ) (7104 6144 648 ) 
4 170 172 (7104 6144 648 ) (7104 6144 1920 ) (7104 6704 1920 ) (7104 6704 648 ) 
4 170 171 (7104 6144 648 ) (7104 6704 648 ) (7168 6704 648 ) (7168 6144 648 ) 
4 171 1057 (7168 6144 544 ) (7168 6144 648 ) (7104 6144 648 ) (7104 6144 544 ) 
4 171 174 (7104 6144 544 ) (7104 6144 648 ) (7104 6704 648 ) (7104 6704 544 ) 
4 172 1059 (7104 6144 648 ) (7104 6144 1920 ) (6516 6144 1920 ) (6516 6144 648 ) 
4 172 174 (6516 6704 648 ) (7104 6704 648 ) (7104 6144 648 ) (6516 6144 648 ) 
4 172 173 (6516 6704 1920 ) (6516 6704 648 ) (6516 6144 648 ) (6516 6144 1920 ) 
4 173 1060 (6516 6144 1920 ) (6464 6144 1920 ) (6464 6144 648 ) (6516 6144 648 ) 
4 173 176 (6464 6704 1920 ) (6464 6704 648 ) (6464 6144 648 ) (6464 6144 1920 ) 
4 173 175 (6464 6144 648 ) (6464 6704 648 ) (6516 6704 648 ) (6516 6144 648 ) 
4 174 1061 (7104 6144 544 ) (7104 6144 648 ) (6516 6144 648 ) (6516 6144 544 ) 
4 174 175 (6516 6704 544 ) (6516 6144 544 ) (6516 6144 648 ) (6516 6704 648 ) 
4 175 1062 (6516 6144 648 ) (6464 6144 648 ) (6464 6144 544 ) (6516 6144 544 ) 
4 175 177 (6464 6704 648 ) (6464 6704 544 ) (6464 6144 544 ) (6464 6144 648 ) 
4 176 1063 (6464 6144 1920 ) (6272 6144 1920 ) (6272 6144 648 ) (6464 6144 648 ) 
4 176 178 (6272 6144 648 ) (6272 6144 1920 ) (6272 6704 1920 ) (6272 6704 648 ) 
4 176 177 (6272 6144 648 ) (6272 6704 648 ) (6464 6704 648 ) (6464 6144 648 ) 
4 177 1064 (6272 6144 648 ) (6272 6144 544 ) (6464 6144 544 ) (6464 6144 648 ) 
4 177 179 (6272 6144 544 ) (6272 6144 648 ) (6272 6704 648 ) (6272 6704 544 ) 
4 178 1063 (6272 6144 648 ) (6272 6144 1920 ) (6144 6144 1920 ) (6144 6144 648 ) 
4 178 186 (6144 7168 880 ) (6144 7168 648 ) (6144 6144 648 ) (6144 6144 880 ) 
4 178 183 (6144 7168 1920 ) (6144 7168 880 ) (6144 6144 880 ) (6144 6144 1920 ) 
4 178 179 (6144 7168 648 ) (6272 7168 648 ) (6272 6144 648 ) (6144 6144 648 ) 
4 179 1065 (6272 6144 520 ) (6272 6144 544 ) (6144 6144 544 ) (6144 6144 520 ) 
4 179 1064 (6272 6144 544 ) (6272 6144 648 ) (6144 6144 648 ) (6144 6144 544 ) 
4 179 190 (6144 7168 576 ) (6144 7168 520 ) (6144 6144 520 ) (6144 6144 576 ) 
4 179 188 (6144 7168 648 ) (6144 7168 576 ) (6144 6144 576 ) (6144 6144 648 ) 
4 179 180 (6144 6144 520 ) (6144 7168 520 ) (6272 7168 520 ) (6272 6144 520 ) 
4 180 1066 (6272 6144 208 ) (6272 6144 520 ) (6144 6144 520 ) (6144 6144 208 ) 
4 180 191 (6144 7168 520 ) (6144 7168 208 ) (6144 6144 208 ) (6144 6144 520 ) 
4 180 181 (6144 7168 208 ) (6272 7168 208 ) (6272 6144 208 ) (6144 6144 208 ) 
4 181 1067 (6272 6144 144 ) (6272 6144 208 ) (6144 6144 208 ) (6144 6144 144 ) 
4 181 194 (6144 7168 208 ) (6144 7168 144 ) (6144 6144 144 ) (6144 6144 208 ) 
4 181 182 (6144 6144 144 ) (6144 7168 144 ) (6272 7168 144 ) (6272 6144 144 ) 
4 182 1068 (6272 6144 16 ) (6272 6144 144 ) (6144 6144 144 ) (6144 6144 16 ) 
4 182 197 (6144 6704 16 ) (6144 6144 16 ) (6144 6144 144 ) (6144 6704 144 ) 
4 182 196 (6144 7168 144 ) (6144 7168 16 ) (6144 6704 16 ) (6144 6704 144 ) 
4 183 1101 (6144 6144 880 ) (6144 6144 1056 ) (5888 6144 1056 ) (5888 6144 880 ) 
4 183 1098 (6144 6144 1056 ) (6144 6144 1184 ) (5888 6144 1184 ) (5888 6144 1056 ) 
4 183 1095 (6144 6144 1184 ) (6144 6144 1920 ) (5888 6144 1920 ) (5888 6144 1184 ) 
4 183 186 (5888 7168 880 ) (6144 7168 880 ) (6144 6144 880 ) (5888 6144 880 ) 
4 183 185 (5888 7168 880 ) (5888 6144 880 ) (5888 6144 1056 ) (5888 7168 1056 ) 
4 183 184 (5888 6144 1056 ) (5888 6144 1920 ) (5888 7168 1920 ) (5888 7168 1056 ) 
4 184 1100 (5120 6144 1184 ) (5120 6144 1056 ) (5504 6144 1056 ) (5504 6144 1184 ) 
4 184 1099 (5504 6144 1056 ) (5888 6144 1056 ) (5888 6144 1184 ) (5504 6144 1184 ) 
4 184 1097 (5504 6144 1920 ) (5120 6144 1920 ) (5120 6144 1184 ) (5504 6144 1184 ) 
4 184 1096 (5520 6144 1920 ) (5504 6144 1920 ) (5504 6144 1184 ) (5520 6144 1184 ) 
4 184 1095 (5888 6144 1920 ) (5520 6144 1920 ) (5520 6144 1184 ) (5888 6144 1184 ) 
4 184 201 (5120 6144 1056 ) (5120 6144 1920 ) (5120 7168 1920 ) (5120 7168 1056 ) 
4 184 185 (5120 6144 1056 ) (5120 7168 1056 ) (5888 7168 1056 ) (5888 6144 1056 ) 
4 185 1101 (5120 6144 1056 ) (5120 6144 880 ) (5888 6144 880 ) (5888 6144 1056 ) 
4 185 202 (5120 6144 880 ) (5120 6144 1056 ) (5120 7168 1056 ) (5120 7168 880 ) 
4 185 187 (5120 6144 880 ) (5120 6704 880 ) (5504 6704 880 ) (5504 6144 880 ) 
4 185 186 (5504 7168 880 ) (5888 7168 880 ) (5888 6144 880 ) (5504 6144 880 ) 
4 186 1102 (6144 6144 648 ) (6144 6144 800 ) (5504 6144 800 ) (5504 6144 648 ) 
4 186 1101 (6144 6144 800 ) (6144 6144 880 ) (5504 6144 880 ) (5504 6144 800 ) 
4 186 188 (5504 7168 648 ) (6144 7168 648 ) (6144 6144 648 ) (5504 6144 648 ) 
4 186 187 (5504 6704 648 ) (5504 6144 648 ) (5504 6144 880 ) (5504 6704 880 ) 
4 187 1102 (5376 6144 648 ) (5504 6144 648 ) (5504 6144 800 ) (5376 6144 800 ) 
4 187 1101 (5504 6144 880 ) (5120 6144 880 ) (5120 6144 800 ) (5504 6144 800 ) 
4 187 203 (5120 6144 648 ) (5120 6144 880 ) (5120 6704 880 ) (5120 6704 648 ) 
4 187 189 (5120 6144 648 ) (5120 6704 648 ) (5504 6704 648 ) (5504 6144 648 ) 
4 188 1103 (6144 6144 576 ) (6144 6144 648 ) (5504 6144 648 ) (5504 6144 576 ) 
4 188 190 (6144 6144 576 ) (5504 6144 576 ) (5504 7168 576 ) (6144 7168 576 ) 
4 188 189 (5504 6704 576 ) (5504 6144 576 ) (5504 6144 648 ) (5504 6704 648 ) 
4 189 1103 (5504 6144 648 ) (5376 6144 648 ) (5376 6144 576 ) (5504 6144 576 ) 
4 189 203 (5120 6144 576 ) (5120 6144 648 ) (5120 6704 648 ) (5120 6704 576 ) 
4 189 192 (5504 6144 576 ) (5440 6144 576 ) (5440 6704 576 ) (5504 6704 576 ) 
4 190 1103 (6144 6144 520 ) (6144 6144 576 ) (5504 6144 576 ) (5504 6144 520 ) 
4 190 192 (5504 6144 520 ) (5504 6144 576 ) (5504 6704 576 ) (5504 6704 520 ) 
4 190 191 (5504 6144 520 ) (5504 7168 520 ) (6144 7168 520 ) (6144 6144 520 ) 
4 191 1104 (6144 6144 208 ) (6144 6144 520 ) (5504 6144 520 ) (5504 6144 208 ) 
4 191 194 (5504 7168 208 ) (6144 7168 208 ) (6144 6144 208 ) (5504 6144 208 ) 
4 191 193 (5504 6704 208 ) (5504 6144 208 ) (5504 6144 520 ) (5504 6704 520 ) 
4 192 1103 (5504 6144 576 ) (5440 6144 576 ) (5440 6144 520 ) (5504 6144 520 ) 
4 192 193 (5440 6144 520 ) (5440 6704 520 ) (5504 6704 520 ) (5504 6144 520 ) 
4 193 1104 (5440 6144 520 ) (5440 6144 208 ) (5504 6144 208 ) (5504 6144 520 ) 
4 193 195 (5440 6144 208 ) (5440 6704 208 ) (5504 6704 208 ) (5504 6144 208 ) 
4 194 1108 (6144 6144 144 ) (6144 6144 208 ) (5504 6144 208 ) (5504 6144 144 ) 
4 194 197 (6144 6704 144 ) (6144 6144 144 ) (5504 6144 144 ) (5504 6704 144 ) 
4 194 196 (5504 7168 144 ) (6144 7168 144 ) (6144 6704 144 ) (5504 6704 144 ) 
4 194 195 (5504 6704 144 ) (5504 6144 144 ) (5504 6144 208 ) (5504 6704 208 ) 
4 195 1109 (5504 6144 208 ) (5440 6144 208 ) (5440 6144 144 ) (5504 6144 144 ) 
4 195 197 (5504 6704 144 ) (5504 6144 144 ) (5440 6144 144 ) (5440 6704 144 ) 
4 196 198 (5640 7168 16 ) (6136 7168 16 ) (6136 6704 16 ) (5640 6704 16 ) 
4 196 197 (5504 6704 16 ) (6144 6704 16 ) (6144 6704 144 ) (5504 6704 144 ) 
4 197 1110 (6144 6144 16 ) (6144 6144 144 ) (5440 6144 144 ) (5440 6144 16 ) 
4 197 198 (5640 6704 16 ) (6136 6704 16 ) (6136 6144 16 ) (5640 6144 16 ) 
4 198 1112 (6136 6144 16 ) (5640 6144 16 ) (5640 6144 8 ) (6136 6144 8 ) 
4 199 201 (5120 7168 1056 ) (5120 7168 1920 ) (4736 7168 1920 ) (4736 7168 1056 ) 
4 199 200 (5120 7168 1056 ) (4736 7168 1056 ) (4736 7728 1056 ) (5120 7728 1056 ) 
4 200 202 (5120 7168 880 ) (5120 7168 1056 ) (4736 7168 1056 ) (4736 7168 880 ) 
4 201 1267 (5120 6144 1056 ) (5120 6144 1184 ) (4736 6144 1184 ) (4736 6144 1056 ) 
4 201 1266 (5120 6144 1184 ) (5120 6144 1920 ) (4736 6144 1920 ) (4736 6144 1184 ) 
4 201 202 (4736 6144 1056 ) (4736 7168 1056 ) (5120 7168 1056 ) (5120 6144 1056 ) 
4 202 1268 (5120 6144 880 ) (5120 6144 1056 ) (4736 6144 1056 ) (4736 6144 880 ) 
4 202 203 (5120 6144 880 ) (4736 6144 880 ) (4736 6704 880 ) (5120 6704 880 ) 
4 203 1268 (5120 6144 800 ) (5120 6144 880 ) (4736 6144 880 ) (4736 6144 800 ) 
4 204 244 (10240 6144 1204 ) (10240 6144 720 ) (10240 5120 720 ) (10240 5120 1204 ) 
4 204 217 (11264 5120 720 ) (11264 5120 1204 ) (10240 5120 1204 ) (10240 5120 720 ) 
4 204 205 (10496 6080 720 ) (10496 6144 720 ) (11264 6144 720 ) (11264 6080 720 ) 
4 204 206 (10496 5120 720 ) (10240 5120 720 ) (10240 6144 720 ) (10496 6144 720 ) 
4 205 207 (10496 6080 648 ) (10496 6144 648 ) (11264 6144 648 ) (11264 6080 648 ) 
4 205 206 (10496 6144 648 ) (10496 6080 648 ) (10496 6080 720 ) (10496 6144 720 ) 
4 206 244 (10240 6144 720 ) (10240 6144 648 ) (10240 5120 648 ) (10240 5120 720 ) 
4 206 223 (10496 5120 720 ) (10240 5120 720 ) (10240 5120 648 ) (10496 5120 648 ) 
4 206 208 (10496 5120 648 ) (10240 5120 648 ) (10240 6144 648 ) (10496 6144 648 ) 
4 207 209 (10496 6144 520 ) (11264 6144 520 ) (11264 6080 520 ) (10496 6080 520 ) 
4 207 208 (10496 6144 520 ) (10496 6080 520 ) (10496 6080 648 ) (10496 6144 648 ) 
4 208 245 (10240 6144 648 ) (10240 6144 520 ) (10240 5120 520 ) (10240 5120 648 ) 
4 208 224 (10496 5120 648 ) (10240 5120 648 ) (10240 5120 520 ) (10496 5120 520 ) 
4 208 210 (10240 6144 520 ) (10496 6144 520 ) (10496 5120 520 ) (10240 5120 520 ) 
4 209 211 (10496 6144 208 ) (11264 6144 208 ) (11264 6080 208 ) (10496 6080 208 ) 
4 209 210 (10496 6144 208 ) (10496 6080 208 ) (10496 6080 520 ) (10496 6144 520 ) 
4 210 246 (10240 6144 520 ) (10240 6144 208 ) (10240 5120 208 ) (10240 5120 520 ) 
4 210 225 (10496 5120 520 ) (10240 5120 520 ) (10240 5120 208 ) (10496 5120 208 ) 
4 210 212 (10240 6144 208 ) (10496 6144 208 ) (10496 5120 208 ) (10240 5120 208 ) 
4 211 213 (10496 6080 144 ) (10496 6144 144 ) (11264 6144 144 ) (11264 6080 144 ) 
4 211 212 (10496 6144 144 ) (10496 6080 144 ) (10496 6080 208 ) (10496 6144 208 ) 
4 212 263 (10240 5580 144 ) (10240 5120 144 ) (10240 5120 160 ) (10240 5580 160 ) 
4 212 253 (10240 6144 160 ) (10240 6144 144 ) (10240 5580 144 ) (10240 5580 160 ) 
4 212 249 (10240 6144 208 ) (10240 6144 160 ) (10240 5120 160 ) (10240 5120 208 ) 
4 212 226 (10496 5120 208 ) (10240 5120 208 ) (10240 5120 144 ) (10496 5120 144 ) 
4 212 214 (10496 5120 144 ) (10240 5120 144 ) (10240 6144 144 ) (10496 6144 144 ) 
4 213 214 (10496 6144 16 ) (10496 6080 16 ) (10496 6080 144 ) (10496 6144 144 ) 
4 214 264 (10240 5580 16 ) (10240 5120 16 ) (10240 5120 144 ) (10240 5580 144 ) 
4 214 261 (10240 6144 48 ) (10240 6144 16 ) (10240 5580 16 ) (10240 5580 48 ) 
4 214 254 (10240 6144 144 ) (10240 6144 48 ) (10240 5580 48 ) (10240 5580 144 ) 
4 214 227 (10496 5120 144 ) (10240 5120 144 ) (10240 5120 16 ) (10496 5120 16 ) 
4 214 216 (10496 5376 16 ) (10496 5120 16 ) (10240 5120 16 ) (10240 5376 16 ) 
4 214 215 (10240 6144 16 ) (10360 6144 16 ) (10360 5376 16 ) (10240 5376 16 ) 
4 215 269 (10240 6144 16 ) (10240 6144 8 ) (10240 5376 8 ) (10240 5376 16 ) 
4 215 216 (10360 5376 16 ) (10240 5376 16 ) (10240 5376 8 ) (10360 5376 8 ) 
4 216 269 (10240 5120 8 ) (10240 5120 16 ) (10240 5376 16 ) (10240 5376 8 ) 
4 216 228 (10496 5120 16 ) (10240 5120 16 ) (10240 5120 8 ) (10496 5120 8 ) 
4 217 273 (10240 4608 720 ) (10240 4608 768 ) (10240 5120 768 ) (10240 5120 720 ) 
4 217 271 (10240 4608 768 ) (10240 4608 1204 ) (10240 5120 1204 ) (10240 5120 768 ) 
4 217 223 (10496 4608 720 ) (10240 4608 720 ) (10240 5120 720 ) (10496 5120 720 ) 
4 217 218 (11264 4608 720 ) (10496 4608 720 ) (10496 5056 720 ) (11264 5056 720 ) 
4 218 223 (10496 4608 648 ) (10496 4608 720 ) (10496 5056 720 ) (10496 5056 648 ) 
4 218 219 (11264 4608 648 ) (10496 4608 648 ) (10496 5056 648 ) (11264 5056 648 ) 
4 219 224 (10496 4608 576 ) (10496 4608 648 ) (10496 5056 648 ) (10496 5056 576 ) 
4 219 220 (10560 4608 576 ) (10496 4608 576 ) (10496 5056 576 ) (10560 5056 576 ) 
4 220 231 (10560 4608 576 ) (10496 4608 576 ) (10496 4608 520 ) (10560 4608 520 ) 
4 220 224 (10496 4608 520 ) (10496 4608 576 ) (10496 5056 576 ) (10496 5056 520 ) 
4 220 221 (10560 4608 520 ) (10496 4608 520 ) (10496 5056 520 ) (10560 5056 520 ) 
4 221 234 (10496 4608 208 ) (10496 4608 144 ) (10560 4608 144 ) (10560 4608 208 ) 
4 221 233 (10496 4608 384 ) (10496 4608 208 ) (10560 4608 208 ) (10560 4608 384 ) 
4 221 231 (10560 4608 520 ) (10496 4608 520 ) (10496 4608 384 ) (10560 4608 384 ) 
4 221 226 (10496 4608 144 ) (10496 4608 208 ) (10496 5056 208 ) (10496 5056 144 ) 
4 221 225 (10496 4608 208 ) (10496 4608 520 ) (10496 5056 520 ) (10496 5056 208 ) 
4 221 222 (10560 4608 144 ) (10496 4608 144 ) (10496 5056 144 ) (10560 5056 144 ) 
4 222 234 (10560 4608 144 ) (10496 4608 144 ) (10496 4608 16 ) (10560 4608 16 ) 
4 222 227 (10496 5056 16 ) (10496 4608 16 ) (10496 4608 144 ) (10496 5056 144 ) 
4 223 273 (10240 4608 648 ) (10240 4608 720 ) (10240 5120 720 ) (10240 5120 648 ) 
4 223 224 (10496 5120 648 ) (10496 4608 648 ) (10240 4608 648 ) (10240 5120 648 ) 
4 224 274 (10240 4608 520 ) (10240 4608 648 ) (10240 5120 648 ) (10240 5120 520 ) 
4 224 231 (10304 4608 520 ) (10496 4608 520 ) (10496 4608 576 ) (10304 4608 576 ) 
4 224 225 (10240 5120 520 ) (10496 5120 520 ) (10496 4608 520 ) (10240 4608 520 ) 
4 225 314 (10240 4608 208 ) (10240 4608 216 ) (10240 5120 216 ) (10240 5120 208 ) 
4 225 313 (10240 4608 216 ) (10240 4608 224 ) (10240 5120 224 ) (10240 5120 216 ) 
4 225 297 (10240 4608 224 ) (10240 4608 352 ) (10240 5120 352 ) (10240 5120 224 ) 
4 225 295 (10240 4608 352 ) (10240 4608 360 ) (10240 5120 360 ) (10240 5120 352 ) 
4 225 278 (10240 4608 360 ) (10240 4608 488 ) (10240 5120 488 ) (10240 5120 360 ) 
4 225 275 (10240 4608 488 ) (10240 4608 520 ) (10240 5120 520 ) (10240 5120 488 ) 
4 225 233 (10304 4608 208 ) (10496 4608 208 ) (10496 4608 384 ) (10304 4608 384 ) 
4 225 231 (10496 4608 384 ) (10496 4608 520 ) (10304 4608 520 ) (10304 4608 384 ) 
4 225 226 (10240 5120 208 ) (10496 5120 208 ) (10496 4608 208 ) (10240 4608 208 ) 
4 226 315 (10240 4608 144 ) (10240 4608 208 ) (10240 5120 208 ) (10240 5120 144 ) 
4 226 234 (10304 4608 144 ) (10496 4608 144 ) (10496 4608 208 ) (10304 4608 208 ) 
4 226 227 (10496 5120 144 ) (10496 4608 144 ) (10240 4608 144 ) (10240 5120 144 ) 
4 227 335 (10240 4608 16 ) (10240 4608 88 ) (10240 5120 88 ) (10240 5120 16 ) 
4 227 316 (10240 4608 88 ) (10240 4608 144 ) (10240 5120 144 ) (10240 5120 88 ) 
4 227 234 (10304 4608 16 ) (10496 4608 16 ) (10496 4608 144 ) (10304 4608 144 ) 
4 227 228 (10240 4736 16 ) (10240 5120 16 ) (10496 5120 16 ) (10496 4736 16 ) 
4 228 339 (10240 4736 16 ) (10240 5120 16 ) (10240 5120 8 ) (10240 4736 8 ) 
4 229 721 (10560 4096 1408 ) (10304 4096 1408 ) (10304 4096 608 ) (10560 4096 608 ) 
4 229 720 (11264 4096 608 ) (11264 4096 1408 ) (10560 4096 1408 ) (10560 4096 608 ) 
4 229 242 (10304 4096 1204 ) (10304 4096 1408 ) (10304 4144 1408 ) (10304 4144 1204 ) 
4 229 237 (10304 4144 1408 ) (10304 4576 1408 ) (10304 4576 1204 ) (10304 4144 1204 ) 
4 229 230 (10304 4096 608 ) (10304 4256 608 ) (11264 4256 608 ) (11264 4096 608 ) 
4 230 721 (10560 4096 608 ) (10304 4096 608 ) (10304 4096 576 ) (10560 4096 576 ) 
4 230 720 (11264 4096 576 ) (11264 4096 608 ) (10560 4096 608 ) (10560 4096 576 ) 
4 230 232 (10304 4096 576 ) (10304 4256 576 ) (10560 4256 576 ) (10560 4096 576 ) 
4 231 233 (10304 4288 384 ) (10304 4608 384 ) (10560 4608 384 ) (10560 4288 384 ) 
4 232 721 (10560 4096 576 ) (10304 4096 576 ) (10304 4096 384 ) (10560 4096 384 ) 
4 232 235 (10304 4096 384 ) (10304 4256 384 ) (10560 4256 384 ) (10560 4096 384 ) 
4 233 234 (10304 4288 208 ) (10304 4608 208 ) (10560 4608 208 ) (10560 4288 208 ) 
4 235 722 (10304 4096 384 ) (10304 4096 208 ) (10560 4096 208 ) (10560 4096 384 ) 
4 235 236 (10304 4096 208 ) (10304 4256 208 ) (10560 4256 208 ) (10560 4096 208 ) 
4 236 723 (10304 4096 208 ) (10304 4096 16 ) (10560 4096 16 ) (10560 4096 208 ) 
4 237 272 (10240 4576 1408 ) (10240 4576 1204 ) (10240 4144 1204 ) (10240 4144 1408 ) 
4 237 242 (10240 4144 1408 ) (10240 4144 1204 ) (10304 4144 1204 ) (10304 4144 1408 ) 
4 238 279 (10240 4592 360 ) (10240 4320 360 ) (10240 4320 488 ) (10240 4592 488 ) 
4 239 280 (10240 4312 360 ) (10240 4152 360 ) (10240 4152 488 ) (10240 4312 488 ) 
4 240 302 (10240 4404 224 ) (10240 4320 224 ) (10240 4320 352 ) (10240 4404 352 ) 
4 240 298 (10240 4592 224 ) (10240 4404 224 ) (10240 4404 352 ) (10240 4592 352 ) 
4 241 303 (10240 4312 224 ) (10240 4152 224 ) (10240 4152 352 ) (10240 4312 352 ) 
4 242 724 (10304 4096 1204 ) (10304 4096 1408 ) (10240 4096 1408 ) (10240 4096 1204 ) 
4 242 272 (10240 4096 1204 ) (10240 4096 1408 ) (10240 4144 1408 ) (10240 4144 1204 ) 
4 243 725 (10268 4096 488 ) (10240 4096 488 ) (10240 4096 224 ) (10268 4096 224 ) 
4 243 304 (10240 4096 224 ) (10240 4096 352 ) (10240 4144 352 ) (10240 4144 224 ) 
4 243 296 (10240 4096 352 ) (10240 4096 360 ) (10240 4144 360 ) (10240 4144 352 ) 
4 243 281 (10240 4096 360 ) (10240 4096 488 ) (10240 4144 488 ) (10240 4144 360 ) 
4 244 341 (9216 5120 648 ) (9216 5120 1204 ) (9216 6144 1204 ) (9216 6144 648 ) 
4 244 273 (10240 5120 648 ) (10240 5120 768 ) (9216 5120 768 ) (9216 5120 648 ) 
4 244 271 (10240 5120 768 ) (10240 5120 1204 ) (9216 5120 1204 ) (9216 5120 768 ) 
4 244 245 (9216 5120 648 ) (9216 6144 648 ) (10240 6144 648 ) (10240 5120 648 ) 
4 245 343 (9216 5120 520 ) (9216 5120 648 ) (9216 6144 648 ) (9216 6144 520 ) 
4 245 274 (10240 5120 520 ) (10240 5120 648 ) (9216 5120 648 ) (9216 5120 520 ) 
4 245 247 (9216 5568 520 ) (9216 6144 520 ) (9728 6144 520 ) (9728 5568 520 ) 
4 245 248 (9728 5120 520 ) (9216 5120 520 ) (9216 5568 520 ) (9728 5568 520 ) 
4 245 246 (10240 5120 520 ) (9728 5120 520 ) (9728 6144 520 ) (10240 6144 520 ) 
4 246 314 (10240 5120 208 ) (10240 5120 216 ) (9728 5120 216 ) (9728 5120 208 ) 
4 246 313 (10240 5120 216 ) (10240 5120 224 ) (9728 5120 224 ) (9728 5120 216 ) 
4 246 297 (10240 5120 224 ) (10240 5120 352 ) (9728 5120 352 ) (9728 5120 224 ) 
4 246 295 (10240 5120 352 ) (10240 5120 360 ) (9728 5120 360 ) (9728 5120 352 ) 
4 246 287 (10036 5120 488 ) (9728 5120 488 ) (9728 5120 360 ) (10036 5120 360 ) 
4 246 282 (10044 5120 488 ) (10036 5120 488 ) (10036 5120 360 ) (10044 5120 360 ) 
4 246 278 (10240 5120 360 ) (10240 5120 488 ) (10044 5120 488 ) (10044 5120 360 ) 
4 246 275 (10240 5120 488 ) (10240 5120 520 ) (9728 5120 520 ) (9728 5120 488 ) 
4 246 249 (9728 6144 208 ) (10240 6144 208 ) (10240 5120 208 ) (9728 5120 208 ) 
4 246 247 (9728 5568 504 ) (9728 5568 520 ) (9728 6144 520 ) (9728 6144 504 ) 
4 246 248 (9728 5568 208 ) (9728 5120 208 ) (9728 5120 520 ) (9728 5568 520 ) 
4 247 344 (9216 5568 520 ) (9216 6144 520 ) (9216 6144 504 ) (9216 5568 504 ) 
4 247 248 (9728 5568 504 ) (9728 5568 520 ) (9216 5568 520 ) (9216 5568 504 ) 
4 248 345 (9216 5120 208 ) (9216 5120 504 ) (9216 5568 504 ) (9216 5568 208 ) 
4 248 344 (9216 5120 504 ) (9216 5120 520 ) (9216 5568 520 ) (9216 5568 504 ) 
4 248 323 (9216 5120 216 ) (9216 5120 208 ) (9344 5120 208 ) (9344 5120 216 ) 
4 248 314 (9344 5120 208 ) (9728 5120 208 ) (9728 5120 216 ) (9344 5120 216 ) 
4 248 313 (9216 5120 224 ) (9216 5120 216 ) (9728 5120 216 ) (9728 5120 224 ) 
4 248 297 (9216 5120 352 ) (9216 5120 224 ) (9728 5120 224 ) (9728 5120 352 ) 
4 248 295 (9216 5120 360 ) (9216 5120 352 ) (9728 5120 352 ) (9728 5120 360 ) 
4 248 287 (9216 5120 488 ) (9216 5120 360 ) (9728 5120 360 ) (9728 5120 488 ) 
4 248 275 (9728 5120 520 ) (9216 5120 520 ) (9216 5120 488 ) (9728 5120 488 ) 
4 248 250 (9216 5120 208 ) (9216 5568 208 ) (9728 5568 208 ) (9728 5120 208 ) 
4 249 315 (10240 5120 160 ) (10240 5120 208 ) (9728 5120 208 ) (9728 5120 160 ) 
4 249 263 (10240 5120 160 ) (9728 5120 160 ) (9728 5580 160 ) (10240 5580 160 ) 
4 249 253 (9728 5580 160 ) (9728 6144 160 ) (10240 6144 160 ) (10240 5580 160 ) 
4 249 252 (9728 5568 160 ) (9728 5120 160 ) (9728 5120 176 ) (9728 5568 176 ) 
4 249 251 (9728 5580 160 ) (9728 5568 160 ) (9728 5568 176 ) (9728 5580 176 ) 
4 249 250 (9728 5120 176 ) (9728 5120 208 ) (9728 5568 208 ) (9728 5568 176 ) 
4 250 370 (9216 5120 176 ) (9216 5120 208 ) (9216 5376 208 ) (9216 5376 176 ) 
4 250 368 (9216 5376 208 ) (9216 5568 208 ) (9216 5568 176 ) (9216 5376 176 ) 
4 250 324 (9344 5120 208 ) (9216 5120 208 ) (9216 5120 176 ) (9344 5120 176 ) 
4 250 315 (9728 5120 208 ) (9344 5120 208 ) (9344 5120 176 ) (9728 5120 176 ) 
4 250 252 (9216 5120 176 ) (9216 5568 176 ) (9728 5568 176 ) (9728 5120 176 ) 
4 251 364 (9216 5568 176 ) (9216 5580 176 ) (9216 5580 160 ) (9216 5568 160 ) 
4 251 265 (9216 5568 160 ) (9216 5580 160 ) (9728 5580 160 ) (9728 5568 160 ) 
4 251 252 (9216 5568 160 ) (9728 5568 160 ) (9728 5568 176 ) (9216 5568 176 ) 
4 252 370 (9216 5120 160 ) (9216 5120 176 ) (9216 5376 176 ) (9216 5376 160 ) 
4 252 368 (9216 5376 176 ) (9216 5568 176 ) (9216 5568 160 ) (9216 5376 160 ) 
4 252 324 (9216 5120 176 ) (9216 5120 160 ) (9344 5120 160 ) (9344 5120 176 ) 
4 252 315 (9344 5120 160 ) (9728 5120 160 ) (9728 5120 176 ) (9344 5120 176 ) 
4 252 266 (9728 5120 160 ) (9216 5120 160 ) (9216 5568 160 ) (9728 5568 160 ) 
4 253 263 (10240 5580 144 ) (10240 5580 160 ) (9728 5580 160 ) (9728 5580 144 ) 
4 253 254 (10240 5580 144 ) (9728 5580 144 ) (9728 6144 144 ) (10240 6144 144 ) 
4 254 264 (10240 5580 48 ) (10240 5580 144 ) (9728 5580 144 ) (9728 5580 48 ) 
4 254 261 (10240 5580 48 ) (9728 5580 48 ) (9728 6144 48 ) (10240 6144 48 ) 
4 255 265 (9472 5580 160 ) (9456 5580 160 ) (9456 5580 144 ) (9472 5580 144 ) 
4 255 257 (9456 5580 144 ) (9456 5580 160 ) (9456 5632 160 ) (9456 5632 144 ) 
4 255 256 (9456 5580 144 ) (9456 5632 144 ) (9472 5632 144 ) (9472 5580 144 ) 
4 256 267 (9456 5580 144 ) (9456 5580 48 ) (9472 5580 48 ) (9472 5580 144 ) 
4 256 262 (9472 5580 48 ) (9456 5580 48 ) (9456 5632 48 ) (9472 5632 48 ) 
4 256 258 (9456 5632 48 ) (9456 5580 48 ) (9456 5580 144 ) (9456 5632 144 ) 
4 257 265 (9456 5580 160 ) (9360 5580 160 ) (9360 5580 144 ) (9456 5580 144 ) 
4 257 259 (9360 5580 144 ) (9360 5580 160 ) (9360 5632 160 ) (9360 5632 144 ) 
4 257 258 (9360 5580 144 ) (9360 5638 144 ) (9456 5638 144 ) (9456 5580 144 ) 
4 258 267 (9360 5580 144 ) (9360 5580 48 ) (9456 5580 48 ) (9456 5580 144 ) 
4 258 262 (9456 5580 48 ) (9360 5580 48 ) (9360 5632 48 ) (9456 5632 48 ) 
4 258 260 (9360 5632 48 ) (9360 5580 48 ) (9360 5580 144 ) (9360 5632 144 ) 
4 259 265 (9360 5580 160 ) (9344 5580 160 ) (9344 5580 144 ) (9360 5580 144 ) 
4 259 260 (9344 5580 144 ) (9344 5632 144 ) (9360 5632 144 ) (9360 5580 144 ) 
4 260 267 (9344 5580 144 ) (9344 5580 48 ) (9360 5580 48 ) (9360 5580 144 ) 
4 260 262 (9360 5580 48 ) (9344 5580 48 ) (9344 5632 48 ) (9360 5632 48 ) 
4 261 269 (9856 6144 16 ) (10240 6144 16 ) (10240 5580 16 ) (9856 5580 16 ) 
4 261 264 (9728 5580 16 ) (10240 5580 16 ) (10240 5580 48 ) (9728 5580 48 ) 
4 262 267 (9344 5580 16 ) (9472 5580 16 ) (9472 5580 48 ) (9344 5580 48 ) 
4 263 315 (10240 5120 144 ) (10240 5120 160 ) (9728 5120 160 ) (9728 5120 144 ) 
4 263 266 (9728 5568 144 ) (9728 5120 144 ) (9728 5120 160 ) (9728 5568 160 ) 
4 263 265 (9728 5580 160 ) (9728 5580 144 ) (9728 5568 144 ) (9728 5568 160 ) 
4 263 264 (9728 5120 144 ) (9728 5580 144 ) (10240 5580 144 ) (10240 5120 144 ) 
4 264 335 (10240 5120 16 ) (10240 5120 88 ) (9728 5120 88 ) (9728 5120 16 ) 
4 264 316 (10240 5120 88 ) (10240 5120 144 ) (9728 5120 144 ) (9728 5120 88 ) 
4 264 270 (9856 5368 16 ) (9856 5120 16 ) (9728 5120 16 ) (9728 5368 16 ) 
4 264 269 (9856 5580 16 ) (10240 5580 16 ) (10240 5120 16 ) (9856 5120 16 ) 
4 264 268 (9728 5568 16 ) (9728 5120 16 ) (9728 5120 144 ) (9728 5568 144 ) 
4 264 267 (9728 5580 144 ) (9728 5580 16 ) (9728 5568 16 ) (9728 5568 144 ) 
4 265 364 (9216 5568 160 ) (9216 5580 160 ) (9216 5580 144 ) (9216 5568 144 ) 
4 265 267 (9216 5568 144 ) (9216 5580 144 ) (9728 5580 144 ) (9728 5568 144 ) 
4 265 266 (9216 5568 144 ) (9728 5568 144 ) (9728 5568 160 ) (9216 5568 160 ) 
4 266 370 (9216 5120 144 ) (9216 5120 160 ) (9216 5376 160 ) (9216 5376 144 ) 
4 266 368 (9216 5376 160 ) (9216 5568 160 ) (9216 5568 144 ) (9216 5376 144 ) 
4 266 324 (9344 5120 160 ) (9216 5120 160 ) (9216 5120 144 ) (9344 5120 144 ) 
4 266 315 (9728 5120 160 ) (9344 5120 160 ) (9344 5120 144 ) (9728 5120 144 ) 
4 266 268 (9216 5120 144 ) (9216 5568 144 ) (9728 5568 144 ) (9728 5120 144 ) 
4 267 395 (9216 5580 24 ) (9216 5580 16 ) (9216 5568 16 ) (9216 5568 24 ) 
4 267 373 (9216 5580 128 ) (9216 5580 24 ) (9216 5568 24 ) (9216 5568 128 ) 
4 267 366 (9216 5568 144 ) (9216 5580 144 ) (9216 5580 128 ) (9216 5568 128 ) 
4 267 268 (9216 5568 16 ) (9728 5568 16 ) (9728 5568 144 ) (9216 5568 144 ) 
4 268 398 (9216 5120 16 ) (9216 5120 24 ) (9216 5376 24 ) (9216 5376 16 ) 
4 268 397 (9216 5376 24 ) (9216 5568 24 ) (9216 5568 16 ) (9216 5376 16 ) 
4 268 376 (9216 5120 24 ) (9216 5120 128 ) (9216 5376 128 ) (9216 5376 24 ) 
4 268 375 (9216 5376 128 ) (9216 5568 128 ) (9216 5568 24 ) (9216 5376 24 ) 
4 268 371 (9216 5120 128 ) (9216 5120 144 ) (9216 5376 144 ) (9216 5376 128 ) 
4 268 369 (9216 5376 144 ) (9216 5568 144 ) (9216 5568 128 ) (9216 5376 128 ) 
4 268 338 (9216 5120 88 ) (9216 5120 16 ) (9344 5120 16 ) (9344 5120 88 ) 
4 268 336 (9344 5120 16 ) (9456 5120 16 ) (9456 5120 88 ) (9344 5120 88 ) 
4 268 335 (9456 5120 16 ) (9728 5120 16 ) (9728 5120 88 ) (9456 5120 88 ) 
4 268 325 (9216 5120 144 ) (9216 5120 88 ) (9344 5120 88 ) (9344 5120 144 ) 
4 268 316 (9344 5120 88 ) (9728 5120 88 ) (9728 5120 144 ) (9344 5120 144 ) 
4 268 270 (9216 5120 16 ) (9216 5368 16 ) (9728 5368 16 ) (9728 5120 16 ) 
4 269 339 (10240 5120 8 ) (10240 5120 16 ) (9856 5120 16 ) (9856 5120 8 ) 
4 269 270 (9856 5120 8 ) (9856 5120 16 ) (9856 5368 16 ) (9856 5368 8 ) 
4 270 399 (9216 5120 8 ) (9216 5120 16 ) (9216 5368 16 ) (9216 5368 8 ) 
4 270 340 (9856 5120 8 ) (9856 5120 16 ) (9216 5120 16 ) (9216 5120 8 ) 
4 271 468 (9216 5120 1204 ) (9216 5120 768 ) (9216 4608 768 ) (9216 4608 1204 ) 
4 271 273 (9216 4608 768 ) (9216 5120 768 ) (10240 5120 768 ) (10240 4608 768 ) 
4 272 758 (10240 4096 1204 ) (10240 4096 1408 ) (9216 4096 1408 ) (9216 4096 1204 ) 
4 272 469 (9216 4096 1204 ) (9216 4096 1408 ) (9216 4576 1408 ) (9216 4576 1204 ) 
4 273 478 (9216 4608 768 ) (9216 5120 768 ) (9216 5120 648 ) (9216 4608 648 ) 
4 273 274 (10240 4608 648 ) (9216 4608 648 ) (9216 5120 648 ) (10240 5120 648 ) 
4 274 524 (9216 5120 624 ) (9216 5120 520 ) (9216 4608 520 ) (9216 4608 624 ) 
4 274 517 (9216 5120 640 ) (9216 5120 624 ) (9216 4608 624 ) (9216 4608 640 ) 
4 274 479 (9216 5120 648 ) (9216 5120 640 ) (9216 4608 640 ) (9216 4608 648 ) 
4 274 275 (10240 4608 520 ) (9216 4608 520 ) (9216 5120 520 ) (10240 5120 520 ) 
4 275 535 (9216 5120 496 ) (9216 5120 488 ) (9216 4608 488 ) (9216 4608 496 ) 
4 275 525 (9216 5120 520 ) (9216 5120 496 ) (9216 4608 496 ) (9216 4608 520 ) 
4 275 287 (9216 4608 488 ) (9216 5120 488 ) (10036 5120 488 ) (10036 4608 488 ) 
4 275 282 (10036 5120 488 ) (10044 5120 488 ) (10044 4608 488 ) (10036 4608 488 ) 
4 275 278 (10044 5120 488 ) (10240 5120 488 ) (10240 4608 488 ) (10044 4608 488 ) 
4 276 277 (9456 4368 640 ) (9456 4368 768 ) (9216 4368 768 ) (9216 4368 640 ) 
4 277 765 (9252 4096 768 ) (9216 4096 768 ) (9216 4096 640 ) (9252 4096 640 ) 
4 277 764 (9252 4096 656 ) (9252 4096 640 ) (9444 4096 640 ) (9444 4096 656 ) 
4 277 761 (9252 4096 742 ) (9252 4096 656 ) (9444 4096 656 ) (9444 4096 742 ) 
4 277 760 (9444 4096 768 ) (9252 4096 768 ) (9252 4096 742 ) (9444 4096 742 ) 
4 277 759 (9456 4096 768 ) (9444 4096 768 ) (9444 4096 640 ) (9456 4096 640 ) 
4 277 501 (9216 4096 640 ) (9216 4096 768 ) (9216 4272 768 ) (9216 4272 640 ) 
4 278 295 (10044 5120 360 ) (10240 5120 360 ) (10240 4608 360 ) (10044 4608 360 ) 
4 278 282 (10044 5120 360 ) (10044 4608 360 ) (10044 4608 488 ) (10044 5120 488 ) 
4 279 283 (10044 4388 360 ) (10044 4332 360 ) (10044 4332 464 ) (10044 4388 464 ) 
4 280 284 (10044 4260 360 ) (10044 4204 360 ) (10044 4204 464 ) (10044 4260 464 ) 
4 281 766 (10240 4096 360 ) (10240 4096 488 ) (10044 4096 488 ) (10044 4096 360 ) 
4 281 296 (10240 4144 360 ) (10240 4096 360 ) (10044 4096 360 ) (10044 4144 360 ) 
4 281 285 (10044 4124 360 ) (10044 4096 360 ) (10044 4096 464 ) (10044 4124 464 ) 
4 282 295 (10036 5120 360 ) (10044 5120 360 ) (10044 4608 360 ) (10036 4608 360 ) 
4 282 287 (10036 5120 360 ) (10036 4608 360 ) (10036 4608 488 ) (10036 5120 488 ) 
4 283 294 (10036 4388 360 ) (10036 4332 360 ) (10036 4332 464 ) (10036 4388 464 ) 
4 284 294 (10036 4260 360 ) (10036 4204 360 ) (10036 4204 464 ) (10036 4260 464 ) 
4 285 768 (10040 4096 360 ) (10044 4096 360 ) (10044 4096 464 ) (10040 4096 464 ) 
4 285 286 (10040 4124 464 ) (10040 4124 360 ) (10040 4096 360 ) (10040 4096 464 ) 
4 286 769 (10036 4096 464 ) (10036 4096 360 ) (10040 4096 360 ) (10040 4096 464 ) 
4 286 294 (10036 4124 360 ) (10036 4096 360 ) (10036 4096 464 ) (10036 4124 464 ) 
4 287 541 (9216 4608 488 ) (9216 5120 488 ) (9216 5120 360 ) (9216 4608 360 ) 
4 287 295 (9216 4608 360 ) (9216 5120 360 ) (10036 5120 360 ) (10036 4608 360 ) 
4 288 291 (9824 4404 360 ) (9880 4404 360 ) (9880 4404 464 ) (9824 4404 464 ) 
4 289 292 (9664 4404 360 ) (9720 4404 360 ) (9720 4404 464 ) (9664 4404 464 ) 
4 290 542 (9216 4404 488 ) (9216 4592 488 ) (9216 4592 360 ) (9216 4404 360 ) 
4 290 293 (9216 4404 360 ) (9580 4404 360 ) (9580 4404 488 ) (9216 4404 488 ) 
4 291 294 (9824 4396 360 ) (9880 4396 360 ) (9880 4396 464 ) (9824 4396 464 ) 
4 292 294 (9664 4396 360 ) (9720 4396 360 ) (9720 4396 464 ) (9664 4396 464 ) 
4 293 542 (9216 4396 488 ) (9216 4404 488 ) (9216 4404 360 ) (9216 4396 360 ) 
4 293 294 (9216 4396 360 ) (9580 4396 360 ) (9580 4396 488 ) (9216 4396 488 ) 
4 294 769 (9216 4096 464 ) (9216 4096 360 ) (10036 4096 360 ) (10036 4096 464 ) 
4 294 767 (10036 4096 488 ) (9216 4096 488 ) (9216 4096 464 ) (10036 4096 464 ) 
4 294 552 (9216 4096 360 ) (9216 4096 488 ) (9216 4152 488 ) (9216 4152 360 ) 
4 294 549 (9216 4152 488 ) (9216 4160 488 ) (9216 4160 360 ) (9216 4152 360 ) 
4 294 548 (9216 4160 488 ) (9216 4240 488 ) (9216 4240 360 ) (9216 4160 360 ) 
4 294 545 (9216 4296 464 ) (9216 4296 360 ) (9216 4240 360 ) (9216 4240 464 ) 
4 294 544 (9216 4240 488 ) (9216 4296 488 ) (9216 4296 464 ) (9216 4240 464 ) 
4 294 542 (9216 4296 488 ) (9216 4396 488 ) (9216 4396 360 ) (9216 4296 360 ) 
4 295 567 (9216 4608 360 ) (9216 5120 360 ) (9216 5120 352 ) (9216 4608 352 ) 
4 295 297 (9216 4608 352 ) (9216 5120 352 ) (10240 5120 352 ) (10240 4608 352 ) 
4 296 766 (10240 4096 352 ) (10240 4096 360 ) (10044 4096 360 ) (10044 4096 352 ) 
4 296 304 (10240 4144 352 ) (10240 4096 352 ) (10044 4096 352 ) (10044 4144 352 ) 
4 297 574 (9216 4608 352 ) (9216 5120 352 ) (9216 5120 224 ) (9216 4608 224 ) 
4 297 313 (9216 4608 224 ) (9216 5120 224 ) (10240 5120 224 ) (10240 4608 224 ) 
4 298 302 (10044 4404 224 ) (10240 4404 224 ) (10240 4404 352 ) (10044 4404 352 ) 
4 299 309 (9824 4404 224 ) (9880 4404 224 ) (9880 4404 328 ) (9824 4404 328 ) 
4 300 310 (9664 4404 224 ) (9720 4404 224 ) (9720 4404 328 ) (9664 4404 328 ) 
4 301 578 (9216 4404 352 ) (9216 4452 352 ) (9216 4452 224 ) (9216 4404 224 ) 
4 301 576 (9216 4452 352 ) (9216 4508 352 ) (9216 4508 224 ) (9216 4452 224 ) 
4 301 575 (9216 4508 352 ) (9216 4592 352 ) (9216 4592 224 ) (9216 4508 224 ) 
4 301 311 (9216 4404 224 ) (9580 4404 224 ) (9580 4404 352 ) (9216 4404 352 ) 
4 302 305 (10044 4388 224 ) (10044 4332 224 ) (10044 4332 328 ) (10044 4388 328 ) 
4 303 306 (10044 4260 224 ) (10044 4204 224 ) (10044 4204 328 ) (10044 4260 328 ) 
4 304 766 (10240 4096 224 ) (10240 4096 352 ) (10044 4096 352 ) (10044 4096 224 ) 
4 304 307 (10044 4144 224 ) (10044 4096 224 ) (10044 4096 344 ) (10044 4144 344 ) 
4 305 312 (10036 4388 224 ) (10036 4332 224 ) (10036 4332 328 ) (10036 4388 328 ) 
4 306 312 (10036 4260 224 ) (10036 4204 224 ) (10036 4204 328 ) (10036 4260 328 ) 
4 307 772 (10040 4096 224 ) (10044 4096 224 ) (10044 4096 344 ) (10040 4096 344 ) 
4 307 308 (10040 4096 344 ) (10040 4144 344 ) (10040 4144 224 ) (10040 4096 224 ) 
4 308 773 (10036 4096 344 ) (10036 4096 224 ) (10040 4096 224 ) (10040 4096 344 ) 
4 308 312 (10036 4144 224 ) (10036 4096 224 ) (10036 4096 344 ) (10036 4144 344 ) 
4 309 312 (9824 4396 224 ) (9880 4396 224 ) (9880 4396 328 ) (9824 4396 328 ) 
4 310 312 (9664 4396 224 ) (9720 4396 224 ) (9720 4396 328 ) (9664 4396 328 ) 
4 311 578 (9216 4396 352 ) (9216 4404 352 ) (9216 4404 224 ) (9216 4396 224 ) 
4 311 312 (9216 4396 224 ) (9580 4396 224 ) (9580 4396 352 ) (9216 4396 352 ) 
4 312 774 (9216 4096 344 ) (9216 4096 224 ) (10036 4096 224 ) (10036 4096 344 ) 
4 312 771 (10036 4096 352 ) (9216 4096 352 ) (9216 4096 344 ) (10036 4096 344 ) 
4 312 595 (9216 4096 224 ) (9216 4096 352 ) (9216 4152 352 ) (9216 4152 224 ) 
4 312 591 (9216 4152 352 ) (9216 4160 352 ) (9216 4160 224 ) (9216 4152 224 ) 
4 312 586 (9216 4160 352 ) (9216 4176 352 ) (9216 4176 224 ) (9216 4160 224 ) 
4 312 584 (9216 4176 352 ) (9216 4240 352 ) (9216 4240 224 ) (9216 4176 224 ) 
4 312 582 (9216 4296 328 ) (9216 4296 224 ) (9216 4240 224 ) (9216 4240 328 ) 
4 312 581 (9216 4240 352 ) (9216 4296 352 ) (9216 4296 328 ) (9216 4240 328 ) 
4 312 580 (9216 4296 352 ) (9216 4368 352 ) (9216 4368 224 ) (9216 4296 224 ) 
4 312 578 (9216 4368 352 ) (9216 4396 352 ) (9216 4396 224 ) (9216 4368 224 ) 
4 313 601 (9216 4608 224 ) (9216 5120 224 ) (9216 5120 216 ) (9216 4608 216 ) 
4 313 323 (9216 4608 216 ) (9216 5120 216 ) (9344 5120 216 ) (9344 4608 216 ) 
4 313 314 (9344 5120 216 ) (10240 5120 216 ) (10240 4608 216 ) (9344 4608 216 ) 
4 314 323 (9344 4608 208 ) (9344 4608 216 ) (9344 5120 216 ) (9344 5120 208 ) 
4 314 317 (9836 4608 208 ) (10092 4608 208 ) (10092 4608 216 ) (9836 4608 216 ) 
4 314 318 (9472 4608 208 ) (9728 4608 208 ) (9728 4608 216 ) (9472 4608 216 ) 
4 314 315 (10240 4608 208 ) (9344 4608 208 ) (9344 5120 208 ) (10240 5120 208 ) 
4 315 324 (9344 4608 144 ) (9344 4608 208 ) (9344 5120 208 ) (9344 5120 144 ) 
4 315 317 (9836 4608 144 ) (10092 4608 144 ) (10092 4608 208 ) (9836 4608 208 ) 
4 315 318 (9472 4608 144 ) (9728 4608 144 ) (9728 4608 208 ) (9472 4608 208 ) 
4 315 316 (10240 4608 144 ) (9344 4608 144 ) (9344 5120 144 ) (10240 5120 144 ) 
4 316 336 (9344 5120 88 ) (9456 5120 88 ) (9456 4608 88 ) (9344 4608 88 ) 
4 316 335 (9456 5120 88 ) (10240 5120 88 ) (10240 4608 88 ) (9456 4608 88 ) 
4 316 325 (9344 5120 88 ) (9344 4608 88 ) (9344 4608 144 ) (9344 5120 144 ) 
4 316 317 (9836 4608 88 ) (10092 4608 88 ) (10092 4608 144 ) (9836 4608 144 ) 
4 316 318 (9472 4608 88 ) (9728 4608 88 ) (9728 4608 144 ) (9472 4608 144 ) 
4 319 327 (9344 4560 88 ) (9344 4512 88 ) (9344 4512 192 ) (9344 4560 192 ) 
4 320 328 (9344 4496 88 ) (9344 4448 88 ) (9344 4448 192 ) (9344 4496 192 ) 
4 321 331 (9344 4368 88 ) (9344 4312 88 ) (9344 4312 192 ) (9344 4368 192 ) 
4 321 322 (9456 4176 88 ) (9456 4176 208 ) (9344 4176 208 ) (9344 4176 88 ) 
4 322 782 (9344 4096 120 ) (9344 4096 88 ) (9368 4096 88 ) (9368 4096 120 ) 
4 322 779 (9368 4096 88 ) (9424 4096 88 ) (9424 4096 120 ) (9368 4096 120 ) 
4 322 778 (9424 4096 88 ) (9456 4096 88 ) (9456 4096 120 ) (9424 4096 120 ) 
4 322 776 (9344 4096 154.666611 ) (9344 4096 144 ) (9456 4096 144 ) (9456 4096 154.666595 ) 
4 322 777 (9344 4096 144 ) (9344 4096 120 ) (9456 4096 120 ) (9456 4096 144 ) 
4 322 337 (9456 4096 88 ) (9344 4096 88 ) (9344 4176 88 ) (9456 4176 88 ) 
4 323 608 (9216 4608 216 ) (9216 5120 216 ) (9216 5120 208 ) (9216 4608 208 ) 
4 323 326 (9344 4608 208 ) (9344 4608 216 ) (9216 4608 216 ) (9216 4608 208 ) 
4 323 324 (9344 4608 208 ) (9216 4608 208 ) (9216 5120 208 ) (9344 5120 208 ) 
4 324 609 (9216 5120 208 ) (9216 5120 144 ) (9216 4608 144 ) (9216 4608 208 ) 
4 324 326 (9344 4608 144 ) (9344 4608 208 ) (9216 4608 208 ) (9216 4608 144 ) 
4 324 325 (9344 4608 144 ) (9216 4608 144 ) (9216 5120 144 ) (9344 5120 144 ) 
4 325 610 (9216 5120 144 ) (9216 5120 88 ) (9216 4608 88 ) (9216 4608 144 ) 
4 325 338 (9216 4608 88 ) (9216 5120 88 ) (9344 5120 88 ) (9344 4608 88 ) 
4 325 326 (9216 4608 88 ) (9344 4608 88 ) (9344 4608 144 ) (9216 4608 144 ) 
4 326 611 (9216 4600 216 ) (9216 4608 216 ) (9216 4608 88 ) (9216 4600 88 ) 
4 327 329 (9336 4560 88 ) (9336 4512 88 ) (9336 4512 192 ) (9336 4560 192 ) 
4 328 329 (9336 4496 88 ) (9336 4448 88 ) (9336 4448 192 ) (9336 4496 192 ) 
4 329 330 (9248 4408 88 ) (9304 4408 88 ) (9304 4408 192 ) (9248 4408 192 ) 
4 330 333 (9248 4400 88 ) (9304 4400 88 ) (9304 4400 192 ) (9248 4400 192 ) 
4 331 333 (9336 4368 88 ) (9336 4312 88 ) (9336 4312 192 ) (9336 4368 192 ) 
4 332 627 (9216 4272 216 ) (9216 4384 216 ) (9216 4384 192 ) (9216 4272 192 ) 
4 332 614 (9216 4384 216 ) (9216 4400 216 ) (9216 4400 192 ) (9216 4384 192 ) 
4 332 333 (9216 4272 192 ) (9216 4400 192 ) (9336 4400 192 ) (9336 4272 192 ) 
4 333 628 (9216 4384 88 ) (9216 4272 88 ) (9216 4272 192 ) (9216 4384 192 ) 
4 333 614 (9216 4400 192 ) (9216 4400 88 ) (9216 4384 88 ) (9216 4384 192 ) 
4 334 783 (9256 4096 216 ) (9216 4096 216 ) (9216 4096 88 ) (9256 4096 88 ) 
4 334 641 (9216 4096 88 ) (9216 4096 216 ) (9216 4160 216 ) (9216 4160 88 ) 
4 334 637 (9216 4160 216 ) (9216 4264 216 ) (9216 4264 88 ) (9216 4160 88 ) 
4 335 340 (9456 4872 16 ) (9456 5120 16 ) (9856 5120 16 ) (9856 4872 16 ) 
4 335 339 (9856 5120 16 ) (10240 5120 16 ) (10240 4736 16 ) (9856 4736 16 ) 
4 335 336 (9456 5120 16 ) (9456 4608 16 ) (9456 4608 88 ) (9456 5120 88 ) 
4 336 340 (9344 4872 16 ) (9344 5120 16 ) (9456 5120 16 ) (9456 4872 16 ) 
4 336 338 (9344 5120 16 ) (9344 4608 16 ) (9344 4608 88 ) (9344 5120 88 ) 
4 337 782 (9368 4096 88 ) (9344 4096 88 ) (9344 4096 26.666698 ) (9368 4096 26.666258 ) 
4 337 779 (9424 4096 88 ) (9368 4096 88 ) (9368 4096 26.666258 ) (9424 4096 26.665232 ) 
4 337 778 (9456 4096 88 ) (9424 4096 88 ) (9424 4096 26.665232 ) (9456 4096 26.664646 ) 
4 338 649 (9216 4608 88 ) (9216 5120 88 ) (9216 5120 16 ) (9216 4608 16 ) 
4 338 340 (9216 4872 16 ) (9216 5120 16 ) (9344 5120 16 ) (9344 4872 16 ) 
4 339 340 (9856 4872 16 ) (9856 5120 16 ) (9856 5120 8 ) (9856 4872 8 ) 
4 340 654 (9216 4872 16 ) (9216 5120 16 ) (9216 5120 8 ) (9216 4872 8 ) 
4 341 478 (9216 5120 648 ) (9216 5120 768 ) (8320 5120 768 ) (8320 5120 648 ) 
4 341 468 (9216 5120 768 ) (9216 5120 1204 ) (8320 5120 1204 ) (8320 5120 768 ) 
4 341 343 (9216 5120 648 ) (8320 5120 648 ) (8320 6144 648 ) (9216 6144 648 ) 
4 341 342 (8320 6144 648 ) (8320 5120 648 ) (8320 5120 1204 ) (8320 6144 1204 ) 
4 342 486 (8192 5120 768 ) (8192 5120 648 ) (8320 5120 648 ) (8320 5120 768 ) 
4 342 474 (8192 5120 800 ) (8192 5120 768 ) (8320 5120 768 ) (8320 5120 800 ) 
4 342 472 (8192 5120 1204 ) (8192 5120 800 ) (8320 5120 800 ) (8320 5120 1204 ) 
4 342 470 (8320 5120 1920 ) (8192 5120 1920 ) (8192 5120 1204 ) (8320 5120 1204 ) 
4 342 400 (8192 5120 648 ) (8192 5120 1920 ) (8192 6144 1920 ) (8192 6144 648 ) 
4 342 343 (8320 5120 648 ) (8192 5120 648 ) (8192 6144 648 ) (8320 6144 648 ) 
4 343 527 (8336 5120 624 ) (8192 5120 624 ) (8192 5120 520 ) (8336 5120 520 ) 
4 343 524 (9216 5120 520 ) (9216 5120 624 ) (8336 5120 624 ) (8336 5120 520 ) 
4 343 518 (8320 5120 640 ) (8192 5120 640 ) (8192 5120 624 ) (8320 5120 624 ) 
4 343 517 (9216 5120 624 ) (9216 5120 640 ) (8320 5120 640 ) (8320 5120 624 ) 
4 343 487 (8320 5120 648 ) (8192 5120 648 ) (8192 5120 640 ) (8320 5120 640 ) 
4 343 479 (9216 5120 640 ) (9216 5120 648 ) (8320 5120 648 ) (8320 5120 640 ) 
4 343 401 (8192 5120 520 ) (8192 5120 648 ) (8192 6144 648 ) (8192 6144 520 ) 
4 343 344 (9216 5120 520 ) (8192 5120 520 ) (8192 6144 520 ) (9216 6144 520 ) 
4 344 528 (8336 5120 520 ) (8192 5120 520 ) (8192 5120 504 ) (8336 5120 504 ) 
4 344 525 (9216 5120 504 ) (9216 5120 520 ) (8336 5120 520 ) (8336 5120 504 ) 
4 344 402 (8192 5120 504 ) (8192 5120 520 ) (8192 6144 520 ) (8192 6144 504 ) 
4 344 345 (9216 5568 504 ) (9216 5120 504 ) (9088 5120 504 ) (9088 5568 504 ) 
4 344 346 (8192 5120 504 ) (8192 6144 504 ) (9088 6144 504 ) (9088 5120 504 ) 
4 345 608 (9216 5120 208 ) (9216 5120 216 ) (9088 5120 216 ) (9088 5120 208 ) 
4 345 601 (9216 5120 216 ) (9216 5120 224 ) (9088 5120 224 ) (9088 5120 216 ) 
4 345 574 (9216 5120 224 ) (9216 5120 352 ) (9088 5120 352 ) (9088 5120 224 ) 
4 345 567 (9216 5120 352 ) (9216 5120 360 ) (9088 5120 360 ) (9088 5120 352 ) 
4 345 541 (9216 5120 360 ) (9216 5120 488 ) (9088 5120 488 ) (9088 5120 360 ) 
4 345 535 (9216 5120 488 ) (9216 5120 496 ) (9088 5120 496 ) (9088 5120 488 ) 
4 345 525 (9216 5120 496 ) (9216 5120 504 ) (9088 5120 504 ) (9088 5120 496 ) 
4 345 370 (9216 5120 208 ) (9088 5120 208 ) (9088 5376 208 ) (9216 5376 208 ) 
4 345 368 (9088 5376 208 ) (9088 5568 208 ) (9216 5568 208 ) (9216 5376 208 ) 
4 345 346 (9088 5568 208 ) (9088 5120 208 ) (9088 5120 504 ) (9088 5568 504 ) 
4 346 608 (8192 5120 216 ) (8192 5120 208 ) (9088 5120 208 ) (9088 5120 216 ) 
4 346 605 (8192 5120 224 ) (8192 5120 216 ) (8320 5120 216 ) (8320 5120 224 ) 
4 346 604 (8320 5120 216 ) (8336 5120 216 ) (8336 5120 224 ) (8320 5120 224 ) 
4 346 602 (8336 5120 216 ) (8528 5120 216 ) (8528 5120 224 ) (8336 5120 224 ) 
4 346 601 (8528 5120 216 ) (9088 5120 216 ) (9088 5120 224 ) (8528 5120 224 ) 
4 346 587 (8192 5120 352 ) (8192 5120 224 ) (8336 5120 224 ) (8336 5120 352 ) 
4 346 574 (8336 5120 224 ) (9088 5120 224 ) (9088 5120 352 ) (8336 5120 352 ) 
4 346 571 (8192 5120 360 ) (8192 5120 352 ) (8320 5120 352 ) (8320 5120 360 ) 
4 346 570 (8320 5120 352 ) (8336 5120 352 ) (8336 5120 360 ) (8320 5120 360 ) 
4 346 568 (8336 5120 352 ) (8528 5120 352 ) (8528 5120 360 ) (8336 5120 360 ) 
4 346 567 (8528 5120 352 ) (9088 5120 352 ) (9088 5120 360 ) (8528 5120 360 ) 
4 346 563 (8192 5120 488 ) (8192 5120 360 ) (8336 5120 360 ) (8336 5120 488 ) 
4 346 555 (8336 5120 360 ) (8608 5120 360 ) (8608 5120 488 ) (8336 5120 488 ) 
4 346 541 (8608 5120 360 ) (9088 5120 360 ) (9088 5120 488 ) (8608 5120 488 ) 
4 346 536 (8192 5120 496 ) (8192 5120 488 ) (8528 5120 488 ) (8528 5120 496 ) 
4 346 535 (8528 5120 488 ) (9088 5120 488 ) (9088 5120 496 ) (8528 5120 496 ) 
4 346 528 (8336 5120 504 ) (8192 5120 504 ) (8192 5120 496 ) (8336 5120 496 ) 
4 346 525 (9088 5120 504 ) (8336 5120 504 ) (8336 5120 496 ) (9088 5120 496 ) 
4 346 402 (8192 5120 208 ) (8192 5120 504 ) (8192 6144 504 ) (8192 6144 208 ) 
4 346 370 (9088 5120 208 ) (8192 5120 208 ) (8192 5376 208 ) (9088 5376 208 ) 
4 346 368 (8192 5376 208 ) (8192 5568 208 ) (9088 5568 208 ) (9088 5376 208 ) 
4 346 363 (8192 5568 208 ) (8192 5580 208 ) (9088 5580 208 ) (9088 5568 208 ) 
4 346 356 (8320 6144 208 ) (8600 6144 208 ) (8600 5584 208 ) (8320 5584 208 ) 
4 346 358 (8600 5584 208 ) (8600 5580 208 ) (8320 5580 208 ) (8320 5584 208 ) 
4 346 355 (9088 5584 208 ) (9088 5580 208 ) (8600 5580 208 ) (8600 5584 208 ) 
4 346 347 (8600 6144 208 ) (9088 6144 208 ) (9088 5584 208 ) (8600 5584 208 ) 
4 346 359 (8192 5580 208 ) (8192 6144 208 ) (8320 6144 208 ) (8320 5580 208 ) 
4 347 356 (8600 5584 193 ) (8600 5584 208 ) (8600 6144 208 ) (8600 6144 193 ) 
4 347 355 (8600 5584 208 ) (8600 5584 193 ) (9088 5584 193 ) (9088 5584 208 ) 
4 347 352 (8880 5584 193 ) (8600 5584 193 ) (8600 6144 193 ) (8880 6144 193 ) 
4 347 351 (9074.451172 5584 193 ) (8880 5584 193 ) (8880 6144 193 ) (9074.451172 6144 193 ) 
4 347 348 (9088 5584 193 ) (9074.451172 5584 193 ) (9074.451172 6144 193 ) (9088 6144 193 ) 
4 348 355 (9088 5584 193 ) (9074.451172 5584 193 ) (9074.451172 5584 160 ) (9088 5584 160 ) 
4 348 351 (9074.451172 5584 160 ) (9074.451172 5584 193 ) (9074.451172 6144 193 ) (9074.451172 6144 160 ) 
4 348 349 (9088 5584 160 ) (9074.451172 5584 160 ) (9074.451172 6144 160 ) (9088 6144 160 ) 
4 349 355 (9088 5584 160 ) (9074.451172 5584 160 ) (9074.451172 5584 152.971725 ) (9088 5584 152 ) 
4 349 351 (9074.451172 5584 158 ) (9074.451172 5584 160 ) (9074.451172 6144 160 ) (9074.451172 6144 158 ) 
4 350 360 (9074.451172 6144 144 ) (9088 6144 144 ) (9088 5584 144 ) (9074.451172 5584 144 ) 
4 350 355 (9074.451172 5584 144 ) (9088 5584 144 ) (9088 5584 152 ) (9074.451172 5584 152 ) 
4 350 353 (9074.451172 6144 144 ) (9074.451172 5584 144 ) (9074.451172 5584 152 ) (9074.451172 6144 152 ) 
4 351 355 (9074.451172 5584 158 ) (9074.451172 5584 193 ) (8880 5584 193 ) (8880 5584 172.344482 ) 
4 351 352 (8880 5584 172.344467 ) (8880 5584 193 ) (8880 6144 193 ) (8880 6144 172.344482 ) 
3 352 355 (8600 5584 193 ) (8880 5584 172.344482 ) (8880 5584 193 ) 
4 353 360 (8880 6144 144 ) (9074.451172 6144 144 ) (9074.451172 5584 144 ) (8880 5584 144 ) 
4 353 355 (8880 5584 144 ) (9074.451172 5584 144 ) (9074.451172 5584 152 ) (8880 5584 152 ) 
4 353 354 (8880 6144 144 ) (8880 5584 144 ) (8880 5584 152 ) (8880 6144 152 ) 
4 354 357 (8600 6144 144 ) (8600 5584 144 ) (8600 5584 152 ) (8600 6144 152 ) 
4 354 355 (8600 5584 152 ) (8600 5584 144 ) (8880 5584 144 ) (8880 5584 152 ) 
4 355 365 (8600 5580 176 ) (8600 5580 144 ) (9088 5580 144 ) (9088 5580 176 ) 
4 355 363 (9088 5580 208 ) (8600 5580 208 ) (8600 5580 176 ) (9088 5580 176 ) 
4 355 361 (8880 5580 144 ) (8600 5580 144 ) (8600 5584 144 ) (8880 5584 144 ) 
4 355 360 (9088 5580 144 ) (8880 5580 144 ) (8880 5584 144 ) (9088 5584 144 ) 
4 355 358 (8600 5584 144 ) (8600 5580 144 ) (8600 5580 208 ) (8600 5584 208 ) 
4 356 358 (8320 5584 208 ) (8320 5584 193 ) (8600 5584 193 ) (8600 5584 208 ) 
4 356 359 (8320 5584 193 ) (8320 5584 208 ) (8320 6144 208 ) (8320 6144 193 ) 
4 356 357 (8600 5584 193 ) (8320 5584 193 ) (8320 6144 193 ) (8600 6144 193 ) 
4 357 358 (8320 5584 193 ) (8320 5584 144 ) (8600 5584 144 ) (8600 5584 193 ) 
4 357 359 (8320 6144 144 ) (8320 5584 144 ) (8320 5584 193 ) (8320 6144 193 ) 
4 358 365 (8320 5580 176 ) (8320 5580 144 ) (8600 5580 144 ) (8600 5580 176 ) 
4 358 363 (8600 5580 208 ) (8320 5580 208 ) (8320 5580 176 ) (8600 5580 176 ) 
4 358 361 (8600 5580 144 ) (8320 5580 144 ) (8320 5584 144 ) (8600 5584 144 ) 
4 358 359 (8320 5584 144 ) (8320 5580 144 ) (8320 5580 208 ) (8320 5584 208 ) 
4 359 403 (8192 5580 208 ) (8192 6144 208 ) (8192 6144 144 ) (8192 5580 144 ) 
4 359 365 (8192 5580 176 ) (8192 5580 144 ) (8320 5580 144 ) (8320 5580 176 ) 
4 359 363 (8320 5580 208 ) (8192 5580 208 ) (8192 5580 176 ) (8320 5580 176 ) 
4 359 362 (8320 5580 144 ) (8192 5580 144 ) (8192 6144 144 ) (8320 6144 144 ) 
4 360 372 (8880 6144 128 ) (9088 6144 128 ) (9088 5580 128 ) (8880 5580 128 ) 
4 360 367 (8880 5580 128 ) (9088 5580 128 ) (9088 5580 144 ) (8880 5580 144 ) 
4 360 361 (8880 5584 128 ) (8880 5580 128 ) (8880 5580 144 ) (8880 5584 144 ) 
4 361 388 (8880 5584 128 ) (8880 5580 128 ) (8320 5580 128 ) (8320 5584 128 ) 
4 361 367 (8320 5580 128 ) (8880 5580 128 ) (8880 5580 144 ) (8320 5580 144 ) 
4 361 362 (8320 5584 128 ) (8320 5580 128 ) (8320 5580 144 ) (8320 5584 144 ) 
4 362 405 (8192 6144 144 ) (8192 6144 128 ) (8192 5580 128 ) (8192 5580 144 ) 
4 362 390 (8192 5580 128 ) (8192 5864 128 ) (8320 5864 128 ) (8320 5580 128 ) 
4 362 383 (8192 5864 128 ) (8192 6144 128 ) (8320 6144 128 ) (8320 5864 128 ) 
4 362 367 (8192 5580 128 ) (8320 5580 128 ) (8320 5580 144 ) (8192 5580 144 ) 
4 363 403 (8192 5568 208 ) (8192 5580 208 ) (8192 5580 176 ) (8192 5568 176 ) 
4 363 368 (9088 5568 208 ) (8192 5568 208 ) (8192 5568 176 ) (9088 5568 176 ) 
4 363 365 (9088 5568 176 ) (8192 5568 176 ) (8192 5580 176 ) (9088 5580 176 ) 
4 364 368 (9216 5568 144 ) (9216 5568 176 ) (9088 5568 176 ) (9088 5568 144 ) 
4 364 366 (9216 5568 144 ) (9088 5568 144 ) (9088 5580 144 ) (9216 5580 144 ) 
4 364 365 (9088 5580 144 ) (9088 5568 144 ) (9088 5568 176 ) (9088 5580 176 ) 
4 365 403 (8192 5580 176 ) (8192 5580 144 ) (8192 5568 144 ) (8192 5568 176 ) 
4 365 368 (9088 5568 176 ) (8192 5568 176 ) (8192 5568 144 ) (9088 5568 144 ) 
4 365 367 (9088 5568 144 ) (8192 5568 144 ) (8192 5580 144 ) (9088 5580 144 ) 
4 366 373 (9088 5580 128 ) (9216 5580 128 ) (9216 5568 128 ) (9088 5568 128 ) 
4 366 369 (9088 5568 128 ) (9216 5568 128 ) (9216 5568 144 ) (9088 5568 144 ) 
4 366 367 (9088 5568 128 ) (9088 5568 144 ) (9088 5580 144 ) (9088 5580 128 ) 
4 367 405 (8192 5580 144 ) (8192 5580 128 ) (8192 5568 128 ) (8192 5568 144 ) 
4 367 390 (8192 5568 128 ) (8192 5580 128 ) (8320 5580 128 ) (8320 5568 128 ) 
4 367 388 (8320 5580 128 ) (8880 5580 128 ) (8880 5568 128 ) (8320 5568 128 ) 
4 367 374 (8880 5580 128 ) (9088 5580 128 ) (9088 5568 128 ) (8880 5568 128 ) 
4 367 369 (8192 5568 128 ) (9088 5568 128 ) (9088 5568 144 ) (8192 5568 144 ) 
4 368 403 (8192 5376 208 ) (8192 5568 208 ) (8192 5568 144 ) (8192 5376 144 ) 
4 368 370 (9216 5376 144 ) (9216 5376 208 ) (8192 5376 208 ) (8192 5376 144 ) 
4 368 369 (9216 5376 144 ) (8192 5376 144 ) (8192 5568 144 ) (9216 5568 144 ) 
4 369 405 (8192 5568 144 ) (8192 5568 128 ) (8192 5376 128 ) (8192 5376 144 ) 
4 369 390 (8192 5376 128 ) (8192 5568 128 ) (8320 5568 128 ) (8320 5376 128 ) 
4 369 388 (8320 5568 128 ) (8880 5568 128 ) (8880 5376 128 ) (8320 5376 128 ) 
4 369 375 (8880 5568 128 ) (9216 5568 128 ) (9216 5376 128 ) (8880 5376 128 ) 
4 369 371 (8192 5376 128 ) (9216 5376 128 ) (9216 5376 144 ) (8192 5376 144 ) 
4 370 609 (9216 5120 144 ) (9216 5120 208 ) (8192 5120 208 ) (8192 5120 144 ) 
4 370 404 (8192 5120 144 ) (8192 5120 208 ) (8192 5376 208 ) (8192 5376 144 ) 
4 370 371 (9216 5120 144 ) (8192 5120 144 ) (8192 5376 144 ) (9216 5376 144 ) 
4 371 610 (9216 5120 128 ) (9216 5120 144 ) (8192 5120 144 ) (8192 5120 128 ) 
4 371 406 (8192 5120 128 ) (8192 5120 144 ) (8192 5376 144 ) (8192 5376 128 ) 
4 371 391 (8192 5120 128 ) (8192 5376 128 ) (8320 5376 128 ) (8320 5120 128 ) 
4 371 389 (8320 5376 128 ) (8880 5376 128 ) (8880 5120 128 ) (8320 5120 128 ) 
4 371 376 (8880 5376 128 ) (9216 5376 128 ) (9216 5120 128 ) (8880 5120 128 ) 
4 372 392 (8880 5580 24 ) (8880 6144 24 ) (9088 6144 24 ) (9088 5580 24 ) 
4 372 388 (8880 5584 24 ) (8880 5580 24 ) (8880 5580 128 ) (8880 5584 128 ) 
4 372 386 (8880 5760 24 ) (8880 5616 24 ) (8880 5616 128 ) (8880 5760 128 ) 
4 372 384 (8880 5864 24 ) (8880 5792 24 ) (8880 5792 128 ) (8880 5864 128 ) 
4 372 381 (8880 5968 24 ) (8880 5896 24 ) (8880 5896 128 ) (8880 5968 128 ) 
4 372 379 (8880 6056 24 ) (8880 6000 24 ) (8880 6000 128 ) (8880 6056 128 ) 
4 372 377 (8880 6144 24 ) (8880 6088 24 ) (8880 6088 128 ) (8880 6144 128 ) 
4 372 374 (8880 5580 128 ) (8880 5580 24 ) (9088 5580 24 ) (9088 5580 128 ) 
4 373 395 (9088 5580 24 ) (9216 5580 24 ) (9216 5568 24 ) (9088 5568 24 ) 
4 373 375 (9088 5568 24 ) (9216 5568 24 ) (9216 5568 128 ) (9088 5568 128 ) 
4 373 374 (9088 5580 128 ) (9088 5580 24 ) (9088 5568 24 ) (9088 5568 128 ) 
4 374 396 (8880 5568 24 ) (8880 5580 24 ) (9088 5580 24 ) (9088 5568 24 ) 
4 374 388 (8880 5580 24 ) (8880 5568 24 ) (8880 5568 128 ) (8880 5580 128 ) 
4 374 375 (8880 5568 128 ) (8880 5568 24 ) (9088 5568 24 ) (9088 5568 128 ) 
4 375 397 (8880 5376 24 ) (8880 5568 24 ) (9216 5568 24 ) (9216 5376 24 ) 
4 375 388 (8880 5568 24 ) (8880 5376 24 ) (8880 5376 128 ) (8880 5568 128 ) 
4 375 376 (8880 5376 128 ) (8880 5376 24 ) (9216 5376 24 ) (9216 5376 128 ) 
4 376 649 (9216 5120 24 ) (9216 5120 88 ) (8880 5120 88 ) (8880 5120 24 ) 
4 376 610 (9216 5120 88 ) (9216 5120 128 ) (8880 5120 128 ) (8880 5120 88 ) 
4 376 398 (9216 5120 24 ) (8880 5120 24 ) (8880 5376 24 ) (9216 5376 24 ) 
4 376 389 (8880 5376 24 ) (8880 5120 24 ) (8880 5120 128 ) (8880 5376 128 ) 
4 378 383 (8320 6144 24 ) (8320 6088 24 ) (8320 6088 128 ) (8320 6144 128 ) 
4 380 383 (8320 6056 24 ) (8320 6000 24 ) (8320 6000 128 ) (8320 6056 128 ) 
4 382 383 (8320 5968 24 ) (8320 5896 24 ) (8320 5896 128 ) (8320 5968 128 ) 
4 383 405 (8192 5864 128 ) (8192 6144 128 ) (8192 6144 24 ) (8192 5864 24 ) 
4 383 394 (8192 5864 24 ) (8192 6144 24 ) (8320 6144 24 ) (8320 5864 24 ) 
4 383 390 (8192 5864 24 ) (8320 5864 24 ) (8320 5864 128 ) (8192 5864 128 ) 
4 385 390 (8320 5864 128 ) (8320 5864 24 ) (8320 5792 24 ) (8320 5792 128 ) 
4 387 390 (8320 5760 24 ) (8320 5616 24 ) (8320 5616 128 ) (8320 5760 128 ) 
4 388 397 (8320 5376 24 ) (8320 5568 24 ) (8880 5568 24 ) (8880 5376 24 ) 
4 388 396 (8320 5568 24 ) (8320 5580 24 ) (8880 5580 24 ) (8880 5568 24 ) 
4 388 393 (8320 5580 24 ) (8320 5584 24 ) (8880 5584 24 ) (8880 5580 24 ) 
4 388 390 (8320 5584 24 ) (8320 5376 24 ) (8320 5376 128 ) (8320 5584 128 ) 
4 388 389 (8320 5376 128 ) (8320 5376 24 ) (8880 5376 24 ) (8880 5376 128 ) 
4 389 650 (8320 5120 88 ) (8320 5120 24 ) (8336 5120 24 ) (8336 5120 88 ) 
4 389 649 (8336 5120 24 ) (8880 5120 24 ) (8880 5120 88 ) (8336 5120 88 ) 
4 389 610 (8880 5120 128 ) (8320 5120 128 ) (8320 5120 88 ) (8880 5120 88 ) 
4 389 398 (8880 5120 24 ) (8320 5120 24 ) (8320 5376 24 ) (8880 5376 24 ) 
4 389 391 (8320 5376 24 ) (8320 5120 24 ) (8320 5120 128 ) (8320 5376 128 ) 
4 390 405 (8192 5376 128 ) (8192 5864 128 ) (8192 5864 24 ) (8192 5376 24 ) 
4 390 397 (8192 5376 24 ) (8192 5568 24 ) (8320 5568 24 ) (8320 5376 24 ) 
4 390 396 (8192 5568 24 ) (8192 5580 24 ) (8320 5580 24 ) (8320 5568 24 ) 
4 390 394 (8192 5580 24 ) (8192 5864 24 ) (8320 5864 24 ) (8320 5580 24 ) 
4 390 391 (8192 5376 24 ) (8320 5376 24 ) (8320 5376 128 ) (8192 5376 128 ) 
4 391 651 (8192 5120 88 ) (8192 5120 24 ) (8320 5120 24 ) (8320 5120 88 ) 
4 391 610 (8320 5120 128 ) (8192 5120 128 ) (8192 5120 88 ) (8320 5120 88 ) 
4 391 406 (8192 5120 24 ) (8192 5120 128 ) (8192 5376 128 ) (8192 5376 24 ) 
4 391 398 (8320 5120 24 ) (8192 5120 24 ) (8192 5376 24 ) (8320 5376 24 ) 
4 392 396 (8880 5580 16 ) (9088 5580 16 ) (9088 5580 24 ) (8880 5580 24 ) 
4 392 393 (8880 5584 16 ) (8880 5580 16 ) (8880 5580 24 ) (8880 5584 24 ) 
4 393 396 (8320 5580 16 ) (8880 5580 16 ) (8880 5580 24 ) (8320 5580 24 ) 
4 393 394 (8320 5584 16 ) (8320 5580 16 ) (8320 5580 24 ) (8320 5584 24 ) 
4 394 405 (8192 5580 24 ) (8192 6144 24 ) (8192 6144 16 ) (8192 5580 16 ) 
4 394 396 (8192 5580 16 ) (8320 5580 16 ) (8320 5580 24 ) (8192 5580 24 ) 
4 395 397 (9088 5568 16 ) (9216 5568 16 ) (9216 5568 24 ) (9088 5568 24 ) 
4 395 396 (9088 5580 24 ) (9088 5580 16 ) (9088 5568 16 ) (9088 5568 24 ) 
4 396 405 (8192 5568 24 ) (8192 5580 24 ) (8192 5580 16 ) (8192 5568 16 ) 
4 396 397 (8192 5568 16 ) (9088 5568 16 ) (9088 5568 24 ) (8192 5568 24 ) 
4 397 405 (8192 5376 24 ) (8192 5568 24 ) (8192 5568 16 ) (8192 5376 16 ) 
4 397 398 (8192 5376 16 ) (9216 5376 16 ) (9216 5376 24 ) (8192 5376 24 ) 
4 398 651 (8320 5120 24 ) (8192 5120 24 ) (8192 5120 16 ) (8320 5120 16 ) 
4 398 650 (8336 5120 24 ) (8320 5120 24 ) (8320 5120 16 ) (8336 5120 16 ) 
4 398 649 (9216 5120 16 ) (9216 5120 24 ) (8336 5120 24 ) (8336 5120 16 ) 
4 398 406 (8192 5120 16 ) (8192 5120 24 ) (8192 5376 24 ) (8192 5376 16 ) 
4 398 399 (8192 5120 16 ) (8192 5368 16 ) (9216 5368 16 ) (9216 5120 16 ) 
4 399 654 (9216 5120 8 ) (9216 5120 16 ) (8192 5120 16 ) (8192 5120 8 ) 
4 399 467 (8192 5120 8 ) (8192 5120 16 ) (8192 5368 16 ) (8192 5368 8 ) 
4 400 660 (8192 5120 648 ) (8192 5120 800 ) (8128 5120 800 ) (8128 5120 648 ) 
4 400 658 (8192 5120 800 ) (8192 5120 1204 ) (8128 5120 1204 ) (8128 5120 800 ) 
4 400 655 (8192 5120 1204 ) (8192 5120 1920 ) (8128 5120 1920 ) (8128 5120 1204 ) 
4 400 414 (8128 5696 648 ) (8128 5120 648 ) (8128 5120 1920 ) (8128 5696 1920 ) 
4 400 407 (8128 6144 1920 ) (8128 6144 648 ) (8128 5696 648 ) (8128 5696 1920 ) 
4 400 401 (8128 5120 648 ) (8128 6144 648 ) (8192 6144 648 ) (8192 5120 648 ) 
4 401 662 (8192 5120 520 ) (8192 5120 648 ) (8128 5120 648 ) (8128 5120 520 ) 
4 401 415 (8128 5696 520 ) (8128 5120 520 ) (8128 5120 648 ) (8128 5696 648 ) 
4 401 408 (8128 6144 648 ) (8128 6144 520 ) (8128 5696 520 ) (8128 5696 648 ) 
4 401 402 (8192 5120 520 ) (8128 5120 520 ) (8128 6144 520 ) (8192 6144 520 ) 
4 402 669 (8192 5120 208 ) (8192 5120 520 ) (8128 5120 520 ) (8128 5120 208 ) 
4 402 416 (8128 5696 208 ) (8128 5120 208 ) (8128 5120 520 ) (8128 5696 520 ) 
4 402 409 (8128 6144 520 ) (8128 6144 488 ) (8128 5696 488 ) (8128 5696 520 ) 
4 402 404 (8192 5120 208 ) (8128 5120 208 ) (8128 5376 208 ) (8192 5376 208 ) 
4 402 403 (8128 5376 208 ) (8128 6144 208 ) (8192 6144 208 ) (8192 5376 208 ) 
4 403 417 (8128 5696 144 ) (8128 5376 144 ) (8128 5376 208 ) (8128 5696 208 ) 
4 403 405 (8128 5376 144 ) (8128 6144 144 ) (8192 6144 144 ) (8192 5376 144 ) 
4 403 404 (8128 5376 144 ) (8192 5376 144 ) (8192 5376 208 ) (8128 5376 208 ) 
4 404 678 (8192 5120 144 ) (8192 5120 176 ) (8128 5120 176 ) (8128 5120 144 ) 
4 404 673 (8192 5120 176 ) (8192 5120 208 ) (8128 5120 208 ) (8128 5120 176 ) 
4 404 417 (8128 5376 144 ) (8128 5120 144 ) (8128 5120 208 ) (8128 5376 208 ) 
4 404 406 (8128 5120 144 ) (8128 5376 144 ) (8192 5376 144 ) (8192 5120 144 ) 
4 405 418 (8128 6143 16 ) (8128 6013 16 ) (8128 6013 144 ) (8128 6143 144 ) 
4 405 433 (8128 5696 16 ) (8128 5376 16 ) (8128 5376 144 ) (8128 5696 144 ) 
4 405 406 (8192 5376 144 ) (8128 5376 144 ) (8128 5376 16 ) (8192 5376 16 ) 
4 406 708 (8128 5120 16 ) (8176 5120 16 ) (8176 5120 48 ) (8128 5120 48 ) 
4 406 705 (8176 5120 16 ) (8192 5120 16 ) (8192 5120 48 ) (8176 5120 48 ) 
4 406 679 (8192 5120 48 ) (8192 5120 144 ) (8128 5120 144 ) (8128 5120 48 ) 
4 406 467 (8192 5368 16 ) (8192 5120 16 ) (8128 5120 16 ) (8128 5368 16 ) 
4 406 433 (8128 5376 16 ) (8128 5120 16 ) (8128 5120 144 ) (8128 5376 144 ) 
4 407 414 (8128 5696 648 ) (8128 5696 1920 ) (7784 5696 1920 ) (7784 5696 648 ) 
4 407 411 (7784 5696 648 ) (7784 5696 1920 ) (7784 6144 1920 ) (7784 6144 648 ) 
4 407 408 (8128 5696 648 ) (7784 5696 648 ) (7784 6144 648 ) (8128 6144 648 ) 
4 408 415 (8128 5696 520 ) (8128 5696 648 ) (7784 5696 648 ) (7784 5696 520 ) 
4 408 412 (7784 5696 520 ) (7784 5696 648 ) (7784 6144 648 ) (7784 6144 520 ) 
4 408 409 (8128 5696 520 ) (7784 5696 520 ) (7784 6144 520 ) (8128 6144 520 ) 
4 409 416 (8128 5696 488 ) (8128 5696 520 ) (7784 5696 520 ) (7784 5696 488 ) 
4 409 413 (7784 5696 488 ) (7784 5696 520 ) (7784 6144 520 ) (7784 6144 488 ) 
4 410 419 (7784 6144 144 ) (8120 6144 144 ) (8120 5952 144 ) (7784 5952 144 ) 
4 411 434 (7712 6144 1920 ) (7712 6144 648 ) (7712 5696 648 ) (7712 5696 1920 ) 
4 411 414 (7712 5696 1920 ) (7712 5696 648 ) (7784 5696 648 ) (7784 5696 1920 ) 
4 411 412 (7784 6144 648 ) (7784 5696 648 ) (7712 5696 648 ) (7712 6144 648 ) 
4 412 435 (7712 6144 648 ) (7712 6144 520 ) (7712 5696 520 ) (7712 5696 648 ) 
4 412 415 (7712 5696 648 ) (7712 5696 520 ) (7784 5696 520 ) (7784 5696 648 ) 
4 412 413 (7784 6144 520 ) (7784 5696 520 ) (7712 5696 520 ) (7712 6144 520 ) 
4 413 436 (7712 6144 520 ) (7712 6144 488 ) (7712 5696 488 ) (7712 5696 520 ) 
4 413 416 (7712 5696 520 ) (7712 5696 488 ) (7784 5696 488 ) (7784 5696 520 ) 
4 414 660 (8128 5120 648 ) (8128 5120 800 ) (7712 5120 800 ) (7712 5120 648 ) 
4 414 658 (8128 5120 800 ) (8128 5120 1204 ) (7712 5120 1204 ) (7712 5120 800 ) 
4 414 655 (8128 5120 1204 ) (8128 5120 1920 ) (7712 5120 1920 ) (7712 5120 1204 ) 
4 414 437 (7712 5120 648 ) (7712 5120 1920 ) (7712 5632 1920 ) (7712 5632 648 ) 
4 414 434 (7712 5632 1920 ) (7712 5696 1920 ) (7712 5696 648 ) (7712 5632 648 ) 
4 414 415 (7712 5120 648 ) (7712 5696 648 ) (8128 5696 648 ) (8128 5120 648 ) 
4 415 662 (8128 5120 520 ) (8128 5120 648 ) (7712 5120 648 ) (7712 5120 520 ) 
4 415 438 (7712 5120 520 ) (7712 5120 648 ) (7712 5632 648 ) (7712 5632 520 ) 
4 415 435 (7712 5632 648 ) (7712 5696 648 ) (7712 5696 520 ) (7712 5632 520 ) 
4 415 416 (7712 5120 520 ) (7712 5696 520 ) (8128 5696 520 ) (8128 5120 520 ) 
4 416 669 (8128 5120 208 ) (8128 5120 520 ) (7712 5120 520 ) (7712 5120 208 ) 
4 416 439 (7712 5120 208 ) (7712 5120 520 ) (7712 5632 520 ) (7712 5632 208 ) 
4 416 436 (7712 5632 520 ) (7712 5696 520 ) (7712 5696 488 ) (7712 5632 488 ) 
4 416 417 (7712 5120 208 ) (7712 5696 208 ) (8128 5696 208 ) (8128 5120 208 ) 
4 417 680 (8128 5120 144 ) (8128 5120 176 ) (7712 5120 176 ) (7712 5120 144 ) 
4 417 674 (8128 5120 176 ) (8128 5120 208 ) (7712 5120 208 ) (7712 5120 176 ) 
4 417 440 (7712 5120 144 ) (7712 5120 208 ) (7712 5632 208 ) (7712 5632 144 ) 
4 417 433 (7712 5120 144 ) (7712 5696 144 ) (8128 5696 144 ) (8128 5120 144 ) 
4 420 447 (7712 6144 16 ) (7712 5952 16 ) (7712 5952 144 ) (7712 6144 144 ) 
4 421 433 (8020 5696 120 ) (8020 5696 32 ) (8084 5696 32 ) (8084 5696 120 ) 
4 422 426 (7952 5944 32 ) (7952 5944 16 ) (7952 5712 16 ) (7952 5712 32 ) 
4 422 424 (7952 5944 120 ) (7952 5944 32 ) (7952 5712 32 ) (7952 5712 120 ) 
4 422 423 (7952 5944 144 ) (7952 5944 120 ) (7952 5712 120 ) (7952 5712 144 ) 
4 423 427 (7888 5944 144 ) (7888 5944 120 ) (7888 5712 120 ) (7888 5712 144 ) 
4 423 424 (7888 5712 120 ) (7888 5944 120 ) (7952 5944 120 ) (7952 5712 120 ) 
4 424 427 (7888 5944 120 ) (7888 5944 32 ) (7888 5712 32 ) (7888 5712 120 ) 
4 424 426 (7888 5712 32 ) (7888 5944 32 ) (7952 5944 32 ) (7952 5712 32 ) 
4 425 433 (7888 5696 120 ) (7888 5696 32 ) (7952 5696 32 ) (7952 5696 120 ) 
4 426 427 (7888 5944 32 ) (7888 5944 16 ) (7888 5712 16 ) (7888 5712 32 ) 
4 427 431 (7820 5944 32 ) (7820 5944 16 ) (7820 5712 16 ) (7820 5712 32 ) 
4 427 429 (7820 5944 120 ) (7820 5944 32 ) (7820 5712 32 ) (7820 5712 120 ) 
4 427 428 (7820 5944 144 ) (7820 5944 120 ) (7820 5712 120 ) (7820 5712 144 ) 
4 428 432 (7756 5944 144 ) (7756 5944 120 ) (7756 5712 120 ) (7756 5712 144 ) 
4 428 429 (7756 5712 120 ) (7756 5944 120 ) (7820 5944 120 ) (7820 5712 120 ) 
4 429 432 (7756 5944 120 ) (7756 5944 32 ) (7756 5712 32 ) (7756 5712 120 ) 
4 429 431 (7756 5712 32 ) (7756 5944 32 ) (7820 5944 32 ) (7820 5712 32 ) 
4 430 433 (7756 5696 120 ) (7756 5696 32 ) (7820 5696 32 ) (7820 5696 120 ) 
4 431 432 (7756 5944 32 ) (7756 5944 16 ) (7756 5712 16 ) (7756 5712 32 ) 
4 432 451 (7712 5944 16 ) (7712 5712 16 ) (7712 5712 144 ) (7712 5944 144 ) 
4 433 711 (7712 5120 16 ) (7770 5120 16 ) (7770 5120 48 ) (7712 5120 48 ) 
4 433 709 (7770 5120 16 ) (8128 5120 16 ) (8128 5120 48 ) (7770 5120 48 ) 
4 433 681 (8128 5120 48 ) (8128 5120 144 ) (7712 5120 144 ) (7712 5120 48 ) 
4 433 467 (8128 5120 16 ) (7712 5120 16 ) (7712 5368 16 ) (8128 5368 16 ) 
4 433 464 (7712 5632 16 ) (7712 5568 16 ) (7712 5568 144 ) (7712 5632 144 ) 
4 433 466 (7712 5568 16 ) (7712 5120 16 ) (7712 5120 144 ) (7712 5568 144 ) 
4 434 441 (7296 5632 648 ) (7296 5632 1920 ) (7296 6144 1920 ) (7296 6144 648 ) 
4 434 437 (7296 5632 1920 ) (7296 5632 648 ) (7712 5632 648 ) (7712 5632 1920 ) 
4 434 435 (7712 5632 648 ) (7296 5632 648 ) (7296 6144 648 ) (7712 6144 648 ) 
4 435 442 (7296 5632 544 ) (7296 5632 648 ) (7296 6144 648 ) (7296 6144 544 ) 
4 435 438 (7296 5632 648 ) (7296 5632 520 ) (7712 5632 520 ) (7712 5632 648 ) 
4 435 436 (7712 5632 520 ) (7296 5632 520 ) (7296 6144 520 ) (7712 6144 520 ) 
4 436 439 (7296 5632 520 ) (7296 5632 488 ) (7712 5632 488 ) (7712 5632 520 ) 
4 437 660 (7712 5120 648 ) (7712 5120 800 ) (7296 5120 800 ) (7296 5120 648 ) 
4 437 658 (7712 5120 800 ) (7712 5120 1204 ) (7296 5120 1204 ) (7296 5120 800 ) 
4 437 655 (7712 5120 1204 ) (7712 5120 1920 ) (7296 5120 1920 ) (7296 5120 1204 ) 
4 437 443 (7296 5120 648 ) (7296 5120 1920 ) (7296 5568 1920 ) (7296 5568 648 ) 
4 437 441 (7296 5568 1920 ) (7296 5632 1920 ) (7296 5632 648 ) (7296 5568 648 ) 
4 437 438 (7296 5120 648 ) (7296 5632 648 ) (7712 5632 648 ) (7712 5120 648 ) 
4 438 662 (7712 5120 520 ) (7712 5120 648 ) (7296 5120 648 ) (7296 5120 520 ) 
4 438 444 (7296 5120 520 ) (7296 5120 648 ) (7296 5568 648 ) (7296 5568 520 ) 
4 438 442 (7296 5568 648 ) (7296 5632 648 ) (7296 5632 544 ) (7296 5568 544 ) 
4 438 439 (7296 5120 520 ) (7296 5632 520 ) (7712 5632 520 ) (7712 5120 520 ) 
4 439 669 (7712 5120 208 ) (7712 5120 520 ) (7296 5120 520 ) (7296 5120 208 ) 
4 439 445 (7296 5120 208 ) (7296 5120 520 ) (7296 5568 520 ) (7296 5568 208 ) 
4 439 440 (7296 5120 208 ) (7296 5632 208 ) (7712 5632 208 ) (7712 5120 208 ) 
4 440 680 (7296 5120 144 ) (7712 5120 144 ) (7712 5120 176 ) (7296 5120 176 ) 
4 440 674 (7712 5120 176 ) (7712 5120 208 ) (7296 5120 208 ) (7296 5120 176 ) 
4 440 464 (7712 5632 144 ) (7712 5568 144 ) (7296 5568 144 ) (7296 5632 144 ) 
4 440 466 (7712 5568 144 ) (7712 5120 144 ) (7296 5120 144 ) (7296 5568 144 ) 
4 440 446 (7296 5568 144 ) (7296 5120 144 ) (7296 5120 208 ) (7296 5568 208 ) 
4 441 1056 (7168 6144 1920 ) (7168 6144 648 ) (7168 5568 648 ) (7168 5568 1920 ) 
4 441 443 (7168 5568 1920 ) (7168 5568 648 ) (7296 5568 648 ) (7296 5568 1920 ) 
4 441 442 (7296 5568 648 ) (7168 5568 648 ) (7168 6144 648 ) (7296 6144 648 ) 
4 442 1057 (7168 6144 648 ) (7168 6144 544 ) (7168 5568 544 ) (7168 5568 648 ) 
4 442 444 (7168 5568 648 ) (7168 5568 544 ) (7296 5568 544 ) (7296 5568 648 ) 
4 443 1069 (7168 5120 648 ) (7168 5120 1920 ) (7168 5568 1920 ) (7168 5568 648 ) 
4 443 660 (7168 5120 800 ) (7168 5120 648 ) (7296 5120 648 ) (7296 5120 800 ) 
4 443 658 (7168 5120 1204 ) (7168 5120 800 ) (7296 5120 800 ) (7296 5120 1204 ) 
4 443 655 (7168 5120 1920 ) (7168 5120 1204 ) (7296 5120 1204 ) (7296 5120 1920 ) 
4 443 444 (7168 5568 648 ) (7296 5568 648 ) (7296 5120 648 ) (7168 5120 648 ) 
4 444 1070 (7168 5120 520 ) (7168 5120 648 ) (7168 5568 648 ) (7168 5568 520 ) 
4 444 662 (7168 5120 648 ) (7168 5120 520 ) (7296 5120 520 ) (7296 5120 648 ) 
4 444 445 (7168 5120 520 ) (7168 5568 520 ) (7296 5568 520 ) (7296 5120 520 ) 
4 445 1071 (7168 5120 208 ) (7168 5120 520 ) (7168 5568 520 ) (7168 5568 208 ) 
4 445 670 (7168 5120 520 ) (7168 5120 208 ) (7216 5120 208 ) (7216 5120 520 ) 
4 445 669 (7216 5120 208 ) (7296 5120 208 ) (7296 5120 520 ) (7216 5120 520 ) 
4 445 446 (7168 5568 208 ) (7296 5568 208 ) (7296 5120 208 ) (7168 5120 208 ) 
4 446 1072 (7168 5568 144 ) (7168 5120 144 ) (7168 5120 208 ) (7168 5568 208 ) 
4 446 680 (7168 5120 176 ) (7168 5120 144 ) (7296 5120 144 ) (7296 5120 176 ) 
4 446 674 (7168 5120 208 ) (7168 5120 176 ) (7296 5120 176 ) (7296 5120 208 ) 
4 446 466 (7296 5120 144 ) (7168 5120 144 ) (7168 5568 144 ) (7296 5568 144 ) 
4 447 453 (7552 5952 16 ) (7680 5952 16 ) (7680 5952 144 ) (7552 5952 144 ) 
4 447 448 (7552 6064 16 ) (7552 5992 16 ) (7552 5992 120 ) (7552 6064 120 ) 
4 448 449 (7544 6064 16 ) (7544 5992 16 ) (7544 5992 120 ) (7544 6064 120 ) 
4 449 450 (7344 5960 16 ) (7400 5960 16 ) (7400 5960 120 ) (7344 5960 120 ) 
4 450 454 (7344 5952 16 ) (7400 5952 16 ) (7400 5952 120 ) (7344 5952 120 ) 
4 451 452 (7688 5808 16 ) (7688 5736 16 ) (7688 5736 120 ) (7688 5808 120 ) 
4 452 457 (7680 5808 16 ) (7680 5736 16 ) (7680 5736 120 ) (7680 5808 120 ) 
4 453 455 (7480 5868 16 ) (7680 5868 16 ) (7680 5868 144 ) (7480 5868 144 ) 
4 454 456 (7304 5868 144 ) (7304 5868 16 ) (7464 5868 16 ) (7464 5868 144 ) 
4 455 457 (7480 5840 16 ) (7680 5840 16 ) (7680 5840 144 ) (7480 5840 144 ) 
4 456 457 (7304 5840 144 ) (7304 5840 16 ) (7464 5840 16 ) (7464 5840 144 ) 
4 457 462 (7424 5648 32 ) (7424 5648 120 ) (7360 5648 120 ) (7360 5648 32 ) 
4 457 460 (7464 5648 16 ) (7564 5648 16 ) (7564 5648 144 ) (7464 5648 144 ) 
4 457 458 (7664 5648 32 ) (7664 5648 120 ) (7600 5648 120 ) (7600 5648 32 ) 
4 458 459 (7600 5647 32 ) (7664 5647 32 ) (7664 5647 120 ) (7600 5647 120 ) 
4 459 464 (7664 5632 32 ) (7664 5632 120 ) (7600 5632 120 ) (7600 5632 32 ) 
4 460 461 (7464 5647 144 ) (7464 5647 16 ) (7564 5647 16 ) (7564 5647 144 ) 
4 461 464 (7464 5632 16 ) (7564 5632 16 ) (7564 5632 144 ) (7464 5632 144 ) 
4 462 463 (7360 5647 32 ) (7424 5647 32 ) (7424 5647 120 ) (7360 5647 120 ) 
4 463 464 (7424 5632 32 ) (7424 5632 120 ) (7360 5632 120 ) (7360 5632 32 ) 
4 464 466 (7296 5568 16 ) (7712 5568 16 ) (7712 5568 144 ) (7296 5568 144 ) 
4 465 1058 (7168 5568 52 ) (7168 5568 132 ) (7168 5574 132 ) (7168 5574 52 ) 
4 465 466 (7248 5568 52 ) (7248 5568 132 ) (7168 5568 132 ) (7168 5568 52 ) 
4 466 1073 (7168 5568 16 ) (7168 5120 16 ) (7168 5120 144 ) (7168 5568 144 ) 
4 466 716 (7168 5120 48 ) (7168 5120 16 ) (7216 5120 16 ) (7216 5120 48 ) 
4 466 714 (7216 5120 16 ) (7616 5120 16 ) (7616 5120 48 ) (7216 5120 48 ) 
4 466 711 (7616 5120 16 ) (7712 5120 16 ) (7712 5120 48 ) (7616 5120 48 ) 
4 466 681 (7168 5120 144 ) (7168 5120 48 ) (7712 5120 48 ) (7712 5120 144 ) 
4 466 467 (7712 5120 16 ) (7168 5120 16 ) (7168 5368 16 ) (7712 5368 16 ) 
4 467 1094 (7168 5368 8 ) (7168 5120 8 ) (7168 5120 16 ) (7168 5368 16 ) 
4 467 719 (7168 5120 16 ) (7168 5120 8 ) (8192 5120 8 ) (8192 5120 16 ) 
4 468 478 (8320 4608 768 ) (8320 5120 768 ) (9216 5120 768 ) (9216 4608 768 ) 
4 468 474 (8320 5120 768 ) (8320 4608 768 ) (8320 4608 800 ) (8320 5120 800 ) 
4 468 472 (8320 4608 800 ) (8320 4608 1204 ) (8320 5120 1204 ) (8320 5120 800 ) 
4 469 815 (9216 4096 1204 ) (9216 4096 1408 ) (8320 4096 1408 ) (8320 4096 1204 ) 
4 469 471 (8320 4096 1204 ) (8320 4096 1408 ) (8320 4576 1408 ) (8320 4576 1204 ) 
4 470 655 (8192 5120 1920 ) (8192 5120 1204 ) (8192 4608 1204 ) (8192 4608 1920 ) 
4 470 472 (8192 4608 1204 ) (8192 5120 1204 ) (8320 5120 1204 ) (8320 4608 1204 ) 
4 471 816 (8192 4096 1408 ) (8192 4096 1204 ) (8320 4096 1204 ) (8320 4096 1408 ) 
4 471 656 (8192 4576 1204 ) (8192 4096 1204 ) (8192 4096 1408 ) (8192 4576 1408 ) 
4 471 476 (8192 4096 1204 ) (8192 4576 1204 ) (8320 4576 1204 ) (8320 4096 1204 ) 
4 472 658 (8192 5120 1204 ) (8192 5120 800 ) (8192 4580 800 ) (8192 4580 1204 ) 
4 472 474 (8192 4580 800 ) (8192 5120 800 ) (8320 5120 800 ) (8320 4580 800 ) 
4 472 473 (8192 4580 800 ) (8320 4580 800 ) (8320 4580 1204 ) (8192 4580 1204 ) 
4 473 659 (8192 4580 800 ) (8192 4576 800 ) (8192 4576 1204 ) (8192 4580 1204 ) 
4 473 476 (8320 4576 800 ) (8320 4576 1204 ) (8192 4576 1204 ) (8192 4576 800 ) 
4 473 475 (8320 4576 800 ) (8192 4576 800 ) (8192 4580 800 ) (8320 4580 800 ) 
4 474 660 (8192 5120 800 ) (8192 5120 768 ) (8192 4580 768 ) (8192 4580 800 ) 
4 474 488 (8192 4580 768 ) (8192 4736 768 ) (8320 4736 768 ) (8320 4580 768 ) 
4 474 486 (8192 4736 768 ) (8192 5120 768 ) (8320 5120 768 ) (8320 4736 768 ) 
4 474 475 (8192 4580 768 ) (8320 4580 768 ) (8320 4580 800 ) (8192 4580 800 ) 
4 475 661 (8192 4580 768 ) (8192 4576 768 ) (8192 4576 800 ) (8192 4580 800 ) 
4 475 489 (8192 4576 768 ) (8192 4580 768 ) (8320 4580 768 ) (8320 4576 768 ) 
4 475 477 (8192 4576 768 ) (8320 4576 768 ) (8320 4576 800 ) (8192 4576 800 ) 
4 476 816 (8192 4096 1204 ) (8192 4096 800 ) (8320 4096 800 ) (8320 4096 1204 ) 
4 476 665 (8192 4096 800 ) (8192 4096 1204 ) (8192 4576 1204 ) (8192 4576 800 ) 
4 476 477 (8192 4096 800 ) (8192 4576 800 ) (8320 4576 800 ) (8320 4096 800 ) 
4 477 881 (8192 4096 800 ) (8192 4096 768 ) (8320 4096 768 ) (8320 4096 800 ) 
4 477 666 (8192 4576 768 ) (8192 4096 768 ) (8192 4096 800 ) (8192 4576 800 ) 
4 477 515 (8320 4096 768 ) (8192 4096 768 ) (8192 4272 768 ) (8320 4272 768 ) 
4 477 499 (8192 4272 768 ) (8192 4280 768 ) (8320 4280 768 ) (8320 4272 768 ) 
4 477 492 (8192 4280 768 ) (8192 4576 768 ) (8320 4576 768 ) (8320 4280 768 ) 
4 478 488 (8320 4608 648 ) (8320 4608 768 ) (8320 4736 768 ) (8320 4736 648 ) 
4 478 486 (8320 4736 768 ) (8320 5120 768 ) (8320 5120 648 ) (8320 4736 648 ) 
4 478 479 (9216 4608 648 ) (8320 4608 648 ) (8320 5120 648 ) (9216 5120 648 ) 
4 479 517 (8320 5120 640 ) (9216 5120 640 ) (9216 4608 640 ) (8320 4608 640 ) 
4 479 490 (8320 4736 640 ) (8320 4608 640 ) (8320 4608 648 ) (8320 4736 648 ) 
4 479 487 (8320 5120 640 ) (8320 4736 640 ) (8320 4736 648 ) (8320 5120 648 ) 
4 480 484 (8632 4592 768 ) (8536 4592 768 ) (8536 4592 767 ) (8632 4592 767 ) 
4 480 482 (9072 4592 768 ) (8880 4592 768 ) (8880 4592 767 ) (9072 4592 767 ) 
4 480 483 (8872 4592 768 ) (8632 4592 768 ) (8632 4592 767 ) (8872 4592 767 ) 
4 480 481 (9208 4592 768 ) (9080 4592 768 ) (9080 4592 767 ) (9208 4592 767 ) 
4 481 494 (9104 4280 640 ) (9160 4280 640 ) (9160 4280 744 ) (9104 4280 744 ) 
4 482 495 (9020 4280 640 ) (9068 4280 640 ) (9068 4280 744 ) (9020 4280 744 ) 
4 483 496 (8704 4280 640 ) (8832 4280 640 ) (8832 4280 768 ) (8704 4280 768 ) 
4 483 484 (8632 4592 768 ) (8632 4592 640 ) (8632 4280 640 ) (8632 4280 768 ) 
4 484 497 (8576 4280 640 ) (8632 4280 640 ) (8632 4280 744 ) (8576 4280 744 ) 
4 485 522 (8528 4280 640 ) (8336 4280 640 ) (8336 4368 640 ) (8528 4368 640 ) 
4 485 498 (8336 4280 640 ) (8528 4280 640 ) (8528 4280 768 ) (8336 4280 768 ) 
4 486 660 (8192 5120 768 ) (8192 5120 648 ) (8192 4736 648 ) (8192 4736 768 ) 
4 486 488 (8320 4736 648 ) (8320 4736 768 ) (8192 4736 768 ) (8192 4736 648 ) 
4 486 487 (8320 4736 648 ) (8192 4736 648 ) (8192 5120 648 ) (8320 5120 648 ) 
4 487 662 (8192 5120 648 ) (8192 5120 640 ) (8192 4736 640 ) (8192 4736 648 ) 
4 487 518 (8192 5120 640 ) (8320 5120 640 ) (8320 4736 640 ) (8192 4736 640 ) 
4 487 490 (8192 4736 640 ) (8320 4736 640 ) (8320 4736 648 ) (8192 4736 648 ) 
4 488 660 (8192 4580 768 ) (8192 4736 768 ) (8192 4736 648 ) (8192 4580 648 ) 
4 488 490 (8192 4580 648 ) (8192 4736 648 ) (8320 4736 648 ) (8320 4580 648 ) 
4 488 489 (8192 4580 648 ) (8320 4580 648 ) (8320 4580 768 ) (8192 4580 768 ) 
4 489 661 (8192 4576 648 ) (8192 4576 768 ) (8192 4580 768 ) (8192 4580 648 ) 
4 489 492 (8320 4576 648 ) (8320 4576 768 ) (8192 4576 768 ) (8192 4576 648 ) 
4 489 491 (8320 4576 648 ) (8192 4576 648 ) (8192 4580 648 ) (8320 4580 648 ) 
4 490 663 (8192 4736 640 ) (8192 4580 640 ) (8192 4580 648 ) (8192 4736 648 ) 
4 490 519 (8320 4736 640 ) (8320 4580 640 ) (8192 4580 640 ) (8192 4736 640 ) 
4 490 491 (8192 4580 640 ) (8320 4580 640 ) (8320 4580 648 ) (8192 4580 648 ) 
4 491 664 (8192 4580 640 ) (8192 4576 640 ) (8192 4576 648 ) (8192 4580 648 ) 
4 491 520 (8320 4580 640 ) (8320 4576 640 ) (8192 4576 640 ) (8192 4580 640 ) 
4 491 493 (8192 4576 640 ) (8320 4576 640 ) (8320 4576 648 ) (8192 4576 648 ) 
4 492 666 (8192 4280 648 ) (8192 4280 768 ) (8192 4576 768 ) (8192 4576 648 ) 
4 492 499 (8320 4280 648 ) (8320 4280 768 ) (8192 4280 768 ) (8192 4280 648 ) 
4 492 493 (8192 4576 648 ) (8320 4576 648 ) (8320 4280 648 ) (8192 4280 648 ) 
4 493 667 (8192 4576 640 ) (8192 4280 640 ) (8192 4280 648 ) (8192 4576 648 ) 
4 493 523 (8320 4368 640 ) (8320 4280 640 ) (8192 4280 640 ) (8192 4368 640 ) 
4 493 521 (8320 4576 640 ) (8320 4368 640 ) (8192 4368 640 ) (8192 4576 640 ) 
4 493 500 (8192 4280 640 ) (8320 4280 640 ) (8320 4280 648 ) (8192 4280 648 ) 
4 494 503 (9104 4272 640 ) (9160 4272 640 ) (9160 4272 744 ) (9104 4272 744 ) 
4 495 503 (9020 4272 640 ) (9068 4272 640 ) (9068 4272 744 ) (9020 4272 744 ) 
4 496 507 (8704 4272 640 ) (8832 4272 640 ) (8832 4272 768 ) (8704 4272 768 ) 
4 497 511 (8576 4272 640 ) (8632 4272 640 ) (8632 4272 744 ) (8576 4272 744 ) 
4 498 522 (8528 4272 640 ) (8336 4272 640 ) (8336 4280 640 ) (8528 4280 640 ) 
4 498 513 (8336 4272 640 ) (8528 4272 640 ) (8528 4272 768 ) (8336 4272 768 ) 
4 499 666 (8192 4272 648 ) (8192 4272 768 ) (8192 4280 768 ) (8192 4280 648 ) 
4 499 515 (8320 4272 648 ) (8320 4272 768 ) (8192 4272 768 ) (8192 4272 648 ) 
4 499 500 (8192 4280 648 ) (8320 4280 648 ) (8320 4272 648 ) (8192 4272 648 ) 
4 500 667 (8192 4280 640 ) (8192 4272 640 ) (8192 4272 648 ) (8192 4280 648 ) 
4 500 523 (8320 4272 640 ) (8192 4272 640 ) (8192 4280 640 ) (8320 4280 640 ) 
4 500 516 (8192 4272 640 ) (8320 4272 640 ) (8320 4272 648 ) (8192 4272 648 ) 
4 501 885 (9216 4096 640 ) (9216 4096 672 ) (9200 4096 672 ) (9200 4096 640 ) 
4 501 833 (9216 4096 672 ) (9216 4096 768 ) (9200 4096 768 ) (9200 4096 672 ) 
4 501 502 (9200 4272 768 ) (9200 4272 640 ) (9200 4128 640 ) (9200 4128 768 ) 
4 502 503 (9192 4272 768 ) (9192 4272 640 ) (9192 4128 640 ) (9192 4128 768 ) 
4 503 505 (8968 4256 640 ) (8968 4144 640 ) (8968 4144 744 ) (8968 4256 744 ) 
4 504 886 (8968 4096 672 ) (8968 4096 640 ) (9192 4096 640 ) (9192 4096 672 ) 
4 504 834 (9192 4096 768 ) (8968 4096 768 ) (8968 4096 672 ) (9192 4096 672 ) 
4 504 506 (8968 4120 640 ) (8968 4096 640 ) (8968 4096 768 ) (8968 4120 768 ) 
4 505 507 (8960 4256 640 ) (8960 4144 640 ) (8960 4144 744 ) (8960 4256 744 ) 
4 506 886 (8960 4096 672 ) (8960 4096 640 ) (8968 4096 640 ) (8968 4096 672 ) 
4 506 834 (8968 4096 768 ) (8960 4096 768 ) (8960 4096 672 ) (8968 4096 672 ) 
4 506 508 (8960 4120 640 ) (8960 4096 640 ) (8960 4096 768 ) (8960 4120 768 ) 
4 507 509 (8704 4256 640 ) (8704 4144 640 ) (8704 4144 744 ) (8704 4256 744 ) 
4 507 508 (8704 4120 768 ) (8704 4120 640 ) (8960 4120 640 ) (8960 4120 768 ) 
4 508 887 (8704 4096 672 ) (8704 4096 640 ) (8960 4096 640 ) (8960 4096 672 ) 
4 508 835 (8960 4096 768 ) (8704 4096 768 ) (8704 4096 672 ) (8960 4096 672 ) 
4 509 511 (8696 4256 640 ) (8696 4144 640 ) (8696 4144 744 ) (8696 4256 744 ) 
4 510 513 (8528 4272 768 ) (8528 4272 744 ) (8528 4176 744 ) (8528 4176 768 ) 
4 510 511 (8528 4128 744 ) (8528 4272 744 ) (8696 4272 744 ) (8696 4128 744 ) 
4 511 513 (8528 4272 744 ) (8528 4272 640 ) (8528 4176 640 ) (8528 4176 744 ) 
4 511 512 (8632 4128 744 ) (8576 4128 744 ) (8576 4128 640 ) (8632 4128 640 ) 
4 512 514 (8576 4120 640 ) (8632 4120 640 ) (8632 4120 744 ) (8576 4120 744 ) 
4 513 522 (8336 4176 640 ) (8336 4272 640 ) (8528 4272 640 ) (8528 4176 640 ) 
4 514 888 (8336 4096 672 ) (8336 4096 640 ) (8696 4096 640 ) (8696 4096 672 ) 
4 514 836 (8696 4096 768 ) (8336 4096 768 ) (8336 4096 672 ) (8696 4096 672 ) 
4 515 901 (8192 4096 672 ) (8192 4096 648 ) (8320 4096 648 ) (8320 4096 672 ) 
4 515 881 (8320 4096 768 ) (8192 4096 768 ) (8192 4096 672 ) (8320 4096 672 ) 
4 515 666 (8192 4096 648 ) (8192 4096 768 ) (8192 4272 768 ) (8192 4272 648 ) 
4 515 516 (8192 4272 648 ) (8320 4272 648 ) (8320 4096 648 ) (8192 4096 648 ) 
4 516 902 (8192 4096 648 ) (8192 4096 640 ) (8320 4096 640 ) (8320 4096 648 ) 
4 516 667 (8192 4272 640 ) (8192 4096 640 ) (8192 4096 648 ) (8192 4272 648 ) 
4 516 523 (8320 4096 640 ) (8192 4096 640 ) (8192 4272 640 ) (8320 4272 640 ) 
4 517 527 (8320 5120 624 ) (8336 5120 624 ) (8336 4608 624 ) (8320 4608 624 ) 
4 517 524 (8336 5120 624 ) (9216 5120 624 ) (9216 4608 624 ) (8336 4608 624 ) 
4 517 519 (8320 4736 624 ) (8320 4608 624 ) (8320 4608 640 ) (8320 4736 640 ) 
4 517 518 (8320 5120 624 ) (8320 4736 624 ) (8320 4736 640 ) (8320 5120 640 ) 
4 518 662 (8192 5120 640 ) (8192 5120 624 ) (8192 4736 624 ) (8192 4736 640 ) 
4 518 527 (8192 5120 624 ) (8320 5120 624 ) (8320 4736 624 ) (8192 4736 624 ) 
4 518 519 (8192 4736 624 ) (8320 4736 624 ) (8320 4736 640 ) (8192 4736 640 ) 
4 519 663 (8192 4736 624 ) (8192 4580 624 ) (8192 4580 640 ) (8192 4736 640 ) 
4 519 529 (8320 4608 624 ) (8320 4580 624 ) (8192 4580 624 ) (8192 4608 624 ) 
4 519 527 (8320 4736 624 ) (8320 4608 624 ) (8192 4608 624 ) (8192 4736 624 ) 
4 519 520 (8192 4580 624 ) (8320 4580 624 ) (8320 4580 640 ) (8192 4580 640 ) 
4 520 664 (8192 4580 624 ) (8192 4576 624 ) (8192 4576 640 ) (8192 4580 640 ) 
4 520 530 (8320 4580 624 ) (8320 4576 624 ) (8192 4576 624 ) (8192 4580 624 ) 
4 520 521 (8192 4576 624 ) (8320 4576 624 ) (8320 4576 640 ) (8192 4576 640 ) 
4 521 667 (8192 4576 624 ) (8192 4368 624 ) (8192 4368 640 ) (8192 4576 640 ) 
4 521 533 (8320 4576 624 ) (8320 4368 624 ) (8192 4368 624 ) (8192 4576 624 ) 
4 521 523 (8192 4368 624 ) (8320 4368 624 ) (8320 4368 640 ) (8192 4368 640 ) 
4 522 526 (8528 4176 624 ) (8336 4176 624 ) (8336 4368 624 ) (8528 4368 624 ) 
4 523 902 (8320 4096 640 ) (8192 4096 640 ) (8192 4096 624 ) (8320 4096 624 ) 
4 523 667 (8192 4368 624 ) (8192 4096 624 ) (8192 4096 640 ) (8192 4368 640 ) 
4 523 533 (8320 4096 624 ) (8192 4096 624 ) (8192 4368 624 ) (8320 4368 624 ) 
4 524 527 (8336 4608 520 ) (8336 4608 624 ) (8336 5120 624 ) (8336 5120 520 ) 
4 524 525 (9216 4608 520 ) (8336 4608 520 ) (8336 5120 520 ) (9216 5120 520 ) 
4 525 536 (8336 4608 496 ) (8336 5120 496 ) (8528 5120 496 ) (8528 4608 496 ) 
4 525 535 (8528 5120 496 ) (9216 5120 496 ) (9216 4608 496 ) (8528 4608 496 ) 
4 525 528 (8336 5120 496 ) (8336 4608 496 ) (8336 4608 520 ) (8336 5120 520 ) 
4 526 537 (8336 4176 496 ) (8336 4368 496 ) (8528 4368 496 ) (8528 4176 496 ) 
4 527 663 (8192 4736 520 ) (8192 4608 520 ) (8192 4608 624 ) (8192 4736 624 ) 
4 527 662 (8192 5120 624 ) (8192 5120 520 ) (8192 4736 520 ) (8192 4736 624 ) 
4 527 529 (8320 4608 624 ) (8192 4608 624 ) (8192 4608 520 ) (8320 4608 520 ) 
4 527 528 (8336 4608 520 ) (8192 4608 520 ) (8192 5120 520 ) (8336 5120 520 ) 
4 528 669 (8192 5120 520 ) (8192 5120 496 ) (8192 4800 496 ) (8192 4800 520 ) 
4 528 536 (8192 4608 496 ) (8192 5120 496 ) (8336 5120 496 ) (8336 4608 496 ) 
4 528 531 (8192 4608 496 ) (8320 4608 496 ) (8320 4608 520 ) (8192 4608 520 ) 
4 529 663 (8192 4580 624 ) (8192 4608 624 ) (8192 4608 520 ) (8192 4580 520 ) 
4 529 531 (8192 4580 520 ) (8192 4608 520 ) (8320 4608 520 ) (8320 4580 520 ) 
4 529 530 (8192 4580 520 ) (8320 4580 520 ) (8320 4580 624 ) (8192 4580 624 ) 
4 530 664 (8192 4576 520 ) (8192 4576 624 ) (8192 4580 624 ) (8192 4580 520 ) 
4 530 533 (8320 4576 520 ) (8320 4576 624 ) (8192 4576 624 ) (8192 4576 520 ) 
4 530 532 (8320 4576 520 ) (8192 4576 520 ) (8192 4580 520 ) (8320 4580 520 ) 
4 531 538 (8192 4580 496 ) (8192 4608 496 ) (8320 4608 496 ) (8320 4580 496 ) 
4 531 532 (8192 4580 496 ) (8320 4580 496 ) (8320 4580 520 ) (8192 4580 520 ) 
4 532 539 (8192 4576 496 ) (8192 4580 496 ) (8320 4580 496 ) (8320 4576 496 ) 
4 532 534 (8192 4576 496 ) (8320 4576 496 ) (8320 4576 520 ) (8192 4576 520 ) 
4 533 902 (8320 4096 624 ) (8192 4096 624 ) (8192 4096 520 ) (8320 4096 520 ) 
4 533 667 (8192 4096 520 ) (8192 4096 624 ) (8192 4576 624 ) (8192 4576 520 ) 
4 533 534 (8192 4096 520 ) (8192 4576 520 ) (8320 4576 520 ) (8320 4096 520 ) 
4 534 903 (8192 4096 520 ) (8192 4096 496 ) (8320 4096 496 ) (8320 4096 520 ) 
4 534 540 (8320 4096 496 ) (8192 4096 496 ) (8192 4576 496 ) (8320 4576 496 ) 
4 535 555 (8528 5120 488 ) (8608 5120 488 ) (8608 4608 488 ) (8528 4608 488 ) 
4 535 541 (8608 5120 488 ) (9216 5120 488 ) (9216 4608 488 ) (8608 4608 488 ) 
4 535 536 (8528 5120 488 ) (8528 4608 488 ) (8528 4608 496 ) (8528 5120 496 ) 
4 536 669 (8192 5120 496 ) (8192 5120 488 ) (8192 4800 488 ) (8192 4800 496 ) 
4 536 563 (8192 5120 488 ) (8336 5120 488 ) (8336 4608 488 ) (8192 4608 488 ) 
4 536 555 (8336 5120 488 ) (8528 5120 488 ) (8528 4608 488 ) (8336 4608 488 ) 
4 536 538 (8192 4608 488 ) (8320 4608 488 ) (8320 4608 496 ) (8192 4608 496 ) 
4 537 557 (8528 4368 488 ) (8528 4176 488 ) (8336 4176 488 ) (8336 4368 488 ) 
4 538 564 (8192 4580 488 ) (8192 4608 488 ) (8320 4608 488 ) (8320 4580 488 ) 
4 538 539 (8192 4580 488 ) (8320 4580 488 ) (8320 4580 496 ) (8192 4580 496 ) 
4 539 565 (8192 4576 488 ) (8192 4580 488 ) (8320 4580 488 ) (8320 4576 488 ) 
4 539 540 (8192 4576 488 ) (8320 4576 488 ) (8320 4576 496 ) (8192 4576 496 ) 
4 540 903 (8320 4096 496 ) (8192 4096 496 ) (8192 4096 488 ) (8320 4096 488 ) 
4 540 566 (8320 4096 488 ) (8192 4096 488 ) (8192 4576 488 ) (8320 4576 488 ) 
4 541 567 (8608 5120 360 ) (9216 5120 360 ) (9216 4608 360 ) (8608 4608 360 ) 
4 541 555 (8608 5120 360 ) (8608 4608 360 ) (8608 4608 488 ) (8608 5120 488 ) 
4 542 545 (8616 4296 360 ) (9216 4296 360 ) (9216 4296 464 ) (8616 4296 464 ) 
4 542 544 (9216 4296 464 ) (9216 4296 488 ) (8616 4296 488 ) (8616 4296 464 ) 
4 542 543 (8616 4508 360 ) (8616 4452 360 ) (8616 4452 464 ) (8616 4508 464 ) 
4 543 556 (8608 4508 360 ) (8608 4452 360 ) (8608 4452 464 ) (8608 4508 464 ) 
4 544 548 (8616 4240 464 ) (9216 4240 464 ) (9216 4240 488 ) (8616 4240 488 ) 
4 544 545 (9216 4240 464 ) (8616 4240 464 ) (8616 4296 464 ) (9216 4296 464 ) 
4 545 548 (8616 4240 360 ) (9216 4240 360 ) (9216 4240 464 ) (8616 4240 464 ) 
4 545 546 (8616 4240 360 ) (8616 4240 464 ) (8616 4296 464 ) (8616 4296 360 ) 
4 546 547 (8612 4240 360 ) (8612 4240 464 ) (8612 4296 464 ) (8612 4296 360 ) 
4 547 557 (8608 4296 360 ) (8608 4240 360 ) (8608 4240 464 ) (8608 4296 464 ) 
4 548 551 (8704 4160 360 ) (8760 4160 360 ) (8760 4160 464 ) (8704 4160 464 ) 
4 548 550 (8872 4160 360 ) (8928 4160 360 ) (8928 4160 464 ) (8872 4160 464 ) 
4 548 549 (9072 4160 360 ) (9216 4160 360 ) (9216 4160 488 ) (9072 4160 488 ) 
4 549 552 (9072 4152 360 ) (9216 4152 360 ) (9216 4152 488 ) (9072 4152 488 ) 
4 550 553 (8872 4152 360 ) (8928 4152 360 ) (8928 4152 464 ) (8872 4152 464 ) 
4 551 554 (8704 4152 360 ) (8760 4152 360 ) (8760 4152 464 ) (8704 4152 464 ) 
4 552 889 (9216 4096 360 ) (9216 4096 488 ) (9072 4096 488 ) (9072 4096 360 ) 
4 553 890 (9064 4096 488 ) (8848 4096 488 ) (8848 4096 360 ) (9064 4096 360 ) 
4 554 891 (8840 4096 488 ) (8608 4096 488 ) (8608 4096 360 ) (8840 4096 360 ) 
4 554 560 (8608 4128 360 ) (8608 4096 360 ) (8608 4096 488 ) (8608 4128 488 ) 
4 554 558 (8608 4152 360 ) (8608 4128 360 ) (8608 4128 488 ) (8608 4152 488 ) 
4 555 568 (8336 5120 360 ) (8528 5120 360 ) (8528 4608 360 ) (8336 4608 360 ) 
4 555 567 (8528 5120 360 ) (8608 5120 360 ) (8608 4608 360 ) (8528 4608 360 ) 
4 555 563 (8336 5120 360 ) (8336 4608 360 ) (8336 4608 488 ) (8336 5120 488 ) 
4 557 569 (8528 4176 360 ) (8336 4176 360 ) (8336 4368 360 ) (8528 4368 360 ) 
4 558 560 (8464 4128 360 ) (8608 4128 360 ) (8608 4128 488 ) (8464 4128 488 ) 
4 559 562 (8336 4128 488 ) (8336 4128 360 ) (8456 4128 360 ) (8456 4128 488 ) 
4 560 891 (8608 4096 488 ) (8464 4096 488 ) (8464 4096 360 ) (8608 4096 360 ) 
4 560 561 (8464 4128 464 ) (8464 4128 360 ) (8464 4096 360 ) (8464 4096 464 ) 
4 561 892 (8456 4096 464 ) (8456 4096 360 ) (8464 4096 360 ) (8464 4096 464 ) 
4 561 562 (8456 4128 464 ) (8456 4128 360 ) (8456 4096 360 ) (8456 4096 464 ) 
4 562 893 (8456 4096 488 ) (8336 4096 488 ) (8336 4096 360 ) (8456 4096 360 ) 
4 563 669 (8192 5120 488 ) (8192 5120 360 ) (8192 4800 360 ) (8192 4800 488 ) 
4 563 571 (8192 5120 360 ) (8320 5120 360 ) (8320 4608 360 ) (8192 4608 360 ) 
4 563 570 (8320 5120 360 ) (8336 5120 360 ) (8336 4608 360 ) (8320 4608 360 ) 
4 563 564 (8192 4608 360 ) (8320 4608 360 ) (8320 4608 488 ) (8192 4608 488 ) 
4 564 571 (8192 4580 360 ) (8192 4608 360 ) (8320 4608 360 ) (8320 4580 360 ) 
4 564 565 (8192 4580 360 ) (8320 4580 360 ) (8320 4580 488 ) (8192 4580 488 ) 
4 565 572 (8192 4576 360 ) (8192 4580 360 ) (8320 4580 360 ) (8320 4576 360 ) 
4 565 566 (8192 4576 360 ) (8320 4576 360 ) (8320 4576 488 ) (8192 4576 488 ) 
4 566 903 (8320 4096 488 ) (8192 4096 488 ) (8192 4096 360 ) (8320 4096 360 ) 
4 566 573 (8320 4096 360 ) (8192 4096 360 ) (8192 4576 360 ) (8320 4576 360 ) 
4 567 574 (8528 4608 352 ) (8528 5120 352 ) (9216 5120 352 ) (9216 4608 352 ) 
4 567 568 (8528 5120 352 ) (8528 4608 352 ) (8528 4608 360 ) (8528 5120 360 ) 
4 568 574 (8336 4608 352 ) (8336 5120 352 ) (8528 5120 352 ) (8528 4608 352 ) 
4 568 570 (8336 5120 352 ) (8336 4608 352 ) (8336 4608 360 ) (8336 5120 360 ) 
4 569 585 (8336 4176 352 ) (8336 4368 352 ) (8528 4368 352 ) (8528 4176 352 ) 
4 570 587 (8320 4608 352 ) (8320 5120 352 ) (8336 5120 352 ) (8336 4608 352 ) 
4 570 571 (8320 5120 352 ) (8320 4608 352 ) (8320 4608 360 ) (8320 5120 360 ) 
4 571 669 (8192 5120 360 ) (8192 5120 352 ) (8192 4800 352 ) (8192 4800 360 ) 
4 571 588 (8192 4580 352 ) (8192 4608 352 ) (8320 4608 352 ) (8320 4580 352 ) 
4 571 587 (8192 4608 352 ) (8192 5120 352 ) (8320 5120 352 ) (8320 4608 352 ) 
4 571 572 (8192 4580 352 ) (8320 4580 352 ) (8320 4580 360 ) (8192 4580 360 ) 
4 572 589 (8192 4576 352 ) (8192 4580 352 ) (8320 4580 352 ) (8320 4576 352 ) 
4 572 573 (8192 4576 352 ) (8320 4576 352 ) (8320 4576 360 ) (8192 4576 360 ) 
4 573 903 (8320 4096 360 ) (8192 4096 360 ) (8192 4096 352 ) (8320 4096 352 ) 
4 573 600 (8320 4096 352 ) (8192 4096 352 ) (8192 4152 352 ) (8320 4152 352 ) 
4 573 594 (8192 4152 352 ) (8192 4160 352 ) (8320 4160 352 ) (8320 4152 352 ) 
4 573 590 (8192 4160 352 ) (8192 4576 352 ) (8320 4576 352 ) (8320 4160 352 ) 
4 574 602 (8336 5120 224 ) (8528 5120 224 ) (8528 4608 224 ) (8336 4608 224 ) 
4 574 601 (8528 5120 224 ) (9216 5120 224 ) (9216 4608 224 ) (8528 4608 224 ) 
4 574 587 (8336 5120 224 ) (8336 4608 224 ) (8336 4608 352 ) (8336 5120 352 ) 
4 575 576 (8616 4508 224 ) (9216 4508 224 ) (9216 4508 352 ) (8616 4508 352 ) 
4 576 578 (8616 4452 224 ) (9216 4452 224 ) (9216 4452 352 ) (8616 4452 352 ) 
4 576 577 (8616 4508 328 ) (8616 4508 224 ) (8616 4452 224 ) (8616 4452 328 ) 
4 577 579 (8608 4508 224 ) (8608 4452 224 ) (8608 4452 328 ) (8608 4508 328 ) 
4 578 580 (8616 4368 224 ) (9216 4368 224 ) (9216 4368 352 ) (8616 4368 352 ) 
4 580 582 (8616 4296 224 ) (9216 4296 224 ) (9216 4296 328 ) (8616 4296 328 ) 
4 580 581 (9216 4296 328 ) (9216 4296 352 ) (8616 4296 352 ) (8616 4296 328 ) 
4 581 584 (8616 4240 328 ) (9216 4240 328 ) (9216 4240 352 ) (8616 4240 352 ) 
4 581 582 (9216 4240 328 ) (8616 4240 328 ) (8616 4296 328 ) (9216 4296 328 ) 
4 582 584 (8616 4240 224 ) (9216 4240 224 ) (9216 4240 328 ) (8616 4240 328 ) 
4 582 583 (8610 4240 224 ) (8610 4240 328 ) (8610 4296 328 ) (8610 4296 224 ) 
4 583 585 (8608 4296 224 ) (8608 4240 224 ) (8608 4240 328 ) (8608 4296 328 ) 
4 584 586 (8616 4176 224 ) (9216 4176 224 ) (9216 4176 352 ) (8616 4176 352 ) 
4 585 603 (8528 4176 224 ) (8336 4176 224 ) (8336 4368 224 ) (8528 4368 224 ) 
4 586 593 (8704 4160 224 ) (8760 4160 224 ) (8760 4160 328 ) (8704 4160 328 ) 
4 586 592 (8872 4160 224 ) (8928 4160 224 ) (8928 4160 328 ) (8872 4160 328 ) 
4 586 591 (9072 4160 224 ) (9216 4160 224 ) (9216 4160 352 ) (9072 4160 352 ) 
4 587 669 (8192 5120 352 ) (8192 5120 224 ) (8192 4800 224 ) (8192 4800 352 ) 
4 587 605 (8192 4608 224 ) (8192 5120 224 ) (8320 5120 224 ) (8320 4608 224 ) 
4 587 604 (8320 5120 224 ) (8336 5120 224 ) (8336 4608 224 ) (8320 4608 224 ) 
4 587 588 (8192 4608 224 ) (8320 4608 224 ) (8320 4608 352 ) (8192 4608 352 ) 
4 588 605 (8192 4580 224 ) (8192 4608 224 ) (8320 4608 224 ) (8320 4580 224 ) 
4 588 589 (8192 4580 224 ) (8320 4580 224 ) (8320 4580 352 ) (8192 4580 352 ) 
4 589 606 (8192 4576 224 ) (8192 4580 224 ) (8320 4580 224 ) (8320 4576 224 ) 
4 589 590 (8192 4576 224 ) (8320 4576 224 ) (8320 4576 352 ) (8192 4576 352 ) 
4 590 607 (8192 4160 224 ) (8192 4576 224 ) (8320 4576 224 ) (8320 4160 224 ) 
4 590 594 (8192 4160 224 ) (8320 4160 224 ) (8320 4160 352 ) (8192 4160 352 ) 
4 591 595 (9072 4152 224 ) (9216 4152 224 ) (9216 4152 352 ) (9072 4152 352 ) 
4 592 596 (8872 4152 224 ) (8928 4152 224 ) (8928 4152 328 ) (8872 4152 328 ) 
4 593 597 (8704 4152 224 ) (8760 4152 224 ) (8760 4152 328 ) (8704 4152 328 ) 
4 594 607 (8192 4152 224 ) (8192 4160 224 ) (8320 4160 224 ) (8320 4152 224 ) 
4 594 600 (8192 4152 224 ) (8320 4152 224 ) (8320 4152 352 ) (8192 4152 352 ) 
4 595 895 (9216 4096 224 ) (9216 4096 352 ) (9072 4096 352 ) (9072 4096 224 ) 
4 596 896 (9064 4096 352 ) (8848 4096 352 ) (8848 4096 224 ) (9064 4096 224 ) 
4 597 897 (8840 4096 352 ) (8464 4096 352 ) (8464 4096 224 ) (8840 4096 224 ) 
4 597 598 (8464 4128 224 ) (8464 4096 224 ) (8464 4096 328 ) (8464 4128 328 ) 
4 598 898 (8456 4096 328 ) (8456 4096 224 ) (8464 4096 224 ) (8464 4096 328 ) 
4 598 599 (8456 4128 224 ) (8456 4096 224 ) (8456 4096 328 ) (8456 4128 328 ) 
4 599 899 (8456 4096 352 ) (8336 4096 352 ) (8336 4096 224 ) (8456 4096 224 ) 
4 600 903 (8320 4096 352 ) (8192 4096 352 ) (8192 4096 224 ) (8320 4096 224 ) 
4 600 607 (8320 4096 224 ) (8192 4096 224 ) (8192 4152 224 ) (8320 4152 224 ) 
4 601 608 (8528 5120 216 ) (9216 5120 216 ) (9216 4608 216 ) (8528 4608 216 ) 
4 601 602 (8528 5120 216 ) (8528 4608 216 ) (8528 4608 224 ) (8528 5120 224 ) 
4 602 608 (8336 5120 216 ) (8528 5120 216 ) (8528 4608 216 ) (8336 4608 216 ) 
4 602 604 (8336 5120 216 ) (8336 4608 216 ) (8336 4608 224 ) (8336 5120 224 ) 
4 603 640 (8528 4264 216 ) (8528 4176 216 ) (8336 4176 216 ) (8336 4264 216 ) 
4 603 632 (8528 4272 216 ) (8528 4264 216 ) (8336 4264 216 ) (8336 4272 216 ) 
4 603 631 (8528 4368 216 ) (8528 4272 216 ) (8336 4272 216 ) (8336 4368 216 ) 
4 604 608 (8320 5120 216 ) (8336 5120 216 ) (8336 4608 216 ) (8320 4608 216 ) 
4 604 605 (8320 5120 216 ) (8320 4608 216 ) (8320 4608 224 ) (8320 5120 224 ) 
4 605 669 (8192 5120 224 ) (8192 5120 216 ) (8192 4800 216 ) (8192 4800 224 ) 
4 605 621 (8320 4608 216 ) (8320 4580 216 ) (8192 4580 216 ) (8192 4608 216 ) 
4 605 608 (8192 5120 216 ) (8320 5120 216 ) (8320 4608 216 ) (8192 4608 216 ) 
4 605 606 (8192 4580 216 ) (8320 4580 216 ) (8320 4580 224 ) (8192 4580 224 ) 
4 606 622 (8320 4580 216 ) (8320 4576 216 ) (8192 4576 216 ) (8192 4580 216 ) 
4 606 607 (8192 4576 216 ) (8320 4576 216 ) (8320 4576 224 ) (8192 4576 224 ) 
4 607 903 (8320 4096 224 ) (8192 4096 224 ) (8192 4096 216 ) (8320 4096 216 ) 
4 607 647 (8320 4384 216 ) (8320 4096 216 ) (8192 4096 216 ) (8192 4384 216 ) 
4 607 625 (8320 4576 216 ) (8320 4384 216 ) (8192 4384 216 ) (8192 4576 216 ) 
4 608 669 (8192 5120 216 ) (8192 5120 208 ) (8192 4800 208 ) (8192 4800 216 ) 
4 608 621 (8320 4608 216 ) (8192 4608 216 ) (8192 4608 208 ) (8320 4608 208 ) 
4 608 618 (8616 4608 216 ) (8448 4608 216 ) (8448 4608 208 ) (8616 4608 208 ) 
4 608 613 (8704 4608 216 ) (8616 4608 216 ) (8616 4608 208 ) (8704 4608 208 ) 
4 608 611 (9216 4608 208 ) (9216 4608 216 ) (9088 4608 216 ) (9088 4608 208 ) 
4 608 612 (9000 4608 216 ) (8792 4608 216 ) (8792 4608 208 ) (9000 4608 208 ) 
4 608 609 (9216 4608 208 ) (8192 4608 208 ) (8192 5120 208 ) (9216 5120 208 ) 
4 609 682 (8192 4800 144 ) (8192 4790 144 ) (8192 4790 176 ) (8192 4800 176 ) 
4 609 678 (8192 5120 176 ) (8192 5120 144 ) (8192 4800 144 ) (8192 4800 176 ) 
4 609 673 (8192 5120 208 ) (8192 5120 176 ) (8192 4800 176 ) (8192 4800 208 ) 
4 609 623 (8320 4608 208 ) (8192 4608 208 ) (8192 4608 144 ) (8320 4608 144 ) 
4 609 618 (8616 4608 208 ) (8448 4608 208 ) (8448 4608 144 ) (8616 4608 144 ) 
4 609 613 (8704 4608 208 ) (8616 4608 208 ) (8616 4608 144 ) (8704 4608 144 ) 
4 609 611 (9216 4608 144 ) (9216 4608 208 ) (9088 4608 208 ) (9088 4608 144 ) 
4 609 612 (9000 4608 208 ) (8792 4608 208 ) (8792 4608 144 ) (9000 4608 144 ) 
4 609 610 (9216 4608 144 ) (8192 4608 144 ) (8192 5120 144 ) (9216 5120 144 ) 
4 610 683 (8192 4800 88 ) (8192 4790 88 ) (8192 4790 144 ) (8192 4800 144 ) 
4 610 679 (8192 5120 144 ) (8192 5120 88 ) (8192 4800 88 ) (8192 4800 144 ) 
4 610 651 (8192 4608 88 ) (8192 5120 88 ) (8320 5120 88 ) (8320 4608 88 ) 
4 610 650 (8320 5120 88 ) (8336 5120 88 ) (8336 4608 88 ) (8320 4608 88 ) 
4 610 649 (8336 5120 88 ) (9216 5120 88 ) (9216 4608 88 ) (8336 4608 88 ) 
4 610 623 (8192 4608 88 ) (8320 4608 88 ) (8320 4608 144 ) (8192 4608 144 ) 
4 610 618 (8448 4608 88 ) (8616 4608 88 ) (8616 4608 144 ) (8448 4608 144 ) 
4 610 613 (8616 4608 88 ) (8704 4608 88 ) (8704 4608 144 ) (8616 4608 144 ) 
4 610 611 (9088 4608 88 ) (9216 4608 88 ) (9216 4608 144 ) (9088 4608 144 ) 
4 610 612 (8792 4608 88 ) (9000 4608 88 ) (9000 4608 144 ) (8792 4608 144 ) 
4 612 615 (8792 4600 88 ) (9000 4600 88 ) (9000 4600 216 ) (8792 4600 216 ) 
4 613 618 (8616 4608 216 ) (8616 4608 88 ) (8616 4600 88 ) (8616 4600 216 ) 
4 614 628 (9000 4384 88 ) (9216 4384 88 ) (9216 4384 192 ) (9000 4384 192 ) 
4 614 627 (9216 4384 192 ) (9216 4384 216 ) (9000 4384 216 ) (9000 4384 192 ) 
4 614 616 (9000 4592 88 ) (9000 4384 88 ) (9000 4384 216 ) (9000 4592 216 ) 
4 615 616 (8792 4599 216 ) (8792 4599 88 ) (9000 4599 88 ) (9000 4599 216 ) 
4 616 628 (8792 4384 88 ) (9000 4384 88 ) (9000 4384 192 ) (8792 4384 192 ) 
4 616 627 (9000 4384 192 ) (9000 4384 216 ) (8792 4384 216 ) (8792 4384 192 ) 
4 616 617 (8792 4592 88 ) (8792 4384 88 ) (8792 4384 216 ) (8792 4592 216 ) 
4 617 628 (8616 4384 88 ) (8792 4384 88 ) (8792 4384 192 ) (8616 4384 192 ) 
4 617 627 (8792 4384 192 ) (8792 4384 216 ) (8616 4384 216 ) (8616 4384 192 ) 
4 617 619 (8616 4499 88 ) (8616 4443 88 ) (8616 4443 192 ) (8616 4499 192 ) 
4 619 620 (8608 4499 88 ) (8608 4443 88 ) (8608 4443 192 ) (8608 4499 192 ) 
4 621 623 (8192 4580 208 ) (8192 4608 208 ) (8320 4608 208 ) (8320 4580 208 ) 
4 621 622 (8192 4580 208 ) (8320 4580 208 ) (8320 4580 216 ) (8192 4580 216 ) 
4 622 625 (8320 4576 208 ) (8320 4576 216 ) (8192 4576 216 ) (8192 4576 208 ) 
4 622 624 (8320 4576 208 ) (8192 4576 208 ) (8192 4580 208 ) (8320 4580 208 ) 
4 623 651 (8192 4580 88 ) (8192 4608 88 ) (8320 4608 88 ) (8320 4580 88 ) 
4 623 624 (8192 4580 88 ) (8320 4580 88 ) (8320 4580 208 ) (8192 4580 208 ) 
4 624 652 (8192 4576 88 ) (8192 4580 88 ) (8320 4580 88 ) (8320 4576 88 ) 
4 624 626 (8192 4576 88 ) (8320 4576 88 ) (8320 4576 208 ) (8192 4576 208 ) 
4 625 647 (8320 4384 208 ) (8320 4384 216 ) (8192 4384 216 ) (8192 4384 208 ) 
4 625 626 (8192 4576 208 ) (8320 4576 208 ) (8320 4384 208 ) (8192 4384 208 ) 
4 626 653 (8192 4384 88 ) (8192 4576 88 ) (8320 4576 88 ) (8320 4384 88 ) 
4 626 648 (8192 4384 88 ) (8320 4384 88 ) (8320 4384 208 ) (8192 4384 208 ) 
4 627 628 (9216 4272 192 ) (8616 4272 192 ) (8616 4384 192 ) (9216 4384 192 ) 
4 628 635 (8696 4272 88 ) (8752 4272 88 ) (8752 4272 192 ) (8696 4272 192 ) 
4 628 633 (9064 4272 88 ) (9120 4272 88 ) (9120 4272 192 ) (9064 4272 192 ) 
4 628 634 (8944 4272 88 ) (9000 4272 88 ) (9000 4272 192 ) (8944 4272 192 ) 
4 628 629 (8616 4288 192 ) (8616 4352 192 ) (8616 4352 88 ) (8616 4288 88 ) 
4 629 630 (8614 4352 192 ) (8614 4352 88 ) (8614 4288 88 ) (8614 4288 192 ) 
4 630 631 (8608 4352 88 ) (8608 4288 88 ) (8608 4288 192 ) (8608 4352 192 ) 
4 631 636 (8336 4272 192 ) (8336 4272 88 ) (8608 4272 88 ) (8608 4272 192 ) 
4 631 632 (8336 4272 216 ) (8336 4272 192 ) (8608 4272 192 ) (8608 4272 216 ) 
4 632 640 (8336 4264 216 ) (8336 4264 192 ) (8608 4264 192 ) (8608 4264 216 ) 
4 632 636 (8608 4264 192 ) (8336 4264 192 ) (8336 4272 192 ) (8608 4272 192 ) 
4 633 637 (9064 4264 88 ) (9120 4264 88 ) (9120 4264 192 ) (9064 4264 192 ) 
4 634 638 (8944 4264 88 ) (9000 4264 88 ) (9000 4264 192 ) (8944 4264 192 ) 
4 635 639 (8696 4264 88 ) (8752 4264 88 ) (8752 4264 192 ) (8696 4264 192 ) 
4 636 640 (8336 4264 192 ) (8336 4264 88 ) (8608 4264 88 ) (8608 4264 192 ) 
4 637 641 (9040 4160 88 ) (9216 4160 88 ) (9216 4160 216 ) (9040 4160 216 ) 
4 638 642 (8804 4160 88 ) (9024 4160 88 ) (9024 4160 216 ) (8804 4160 216 ) 
4 639 643 (8620 4160 88 ) (8776 4160 88 ) (8776 4160 216 ) (8620 4160 216 ) 
4 641 904 (9216 4096 88 ) (9216 4096 216 ) (9040 4096 216 ) (9040 4096 88 ) 
4 642 905 (9024 4096 216 ) (8804 4096 216 ) (8804 4096 88 ) (9024 4096 88 ) 
4 643 906 (8776 4096 216 ) (8456 4096 216 ) (8456 4096 88 ) (8776 4096 88 ) 
4 643 645 (8456 4128 88 ) (8456 4096 88 ) (8456 4096 192 ) (8456 4128 192 ) 
4 644 646 (8336 4128 216 ) (8336 4128 88 ) (8448 4128 88 ) (8448 4128 216 ) 
4 645 907 (8448 4096 192 ) (8448 4096 88 ) (8456 4096 88 ) (8456 4096 192 ) 
4 645 646 (8448 4128 192 ) (8448 4128 88 ) (8448 4096 88 ) (8448 4096 192 ) 
4 646 908 (8448 4096 216 ) (8336 4096 216 ) (8336 4096 88 ) (8448 4096 88 ) 
4 647 909 (8320 4096 216 ) (8192 4096 216 ) (8192 4096 208 ) (8320 4096 208 ) 
4 647 648 (8192 4096 208 ) (8192 4384 208 ) (8320 4384 208 ) (8320 4096 208 ) 
4 648 910 (8192 4096 208 ) (8192 4096 88 ) (8320 4096 88 ) (8320 4096 208 ) 
4 648 686 (8192 4156 88 ) (8192 4108 88 ) (8192 4108 134 ) (8192 4156 134 ) 
4 648 653 (8320 4096 88 ) (8192 4096 88 ) (8192 4384 88 ) (8320 4384 88 ) 
4 649 654 (8336 5120 16 ) (9216 5120 16 ) (9216 4872 16 ) (8336 4872 16 ) 
4 649 650 (8336 5120 16 ) (8336 4608 16 ) (8336 4608 88 ) (8336 5120 88 ) 
4 650 654 (8320 5120 16 ) (8336 5120 16 ) (8336 4872 16 ) (8320 4872 16 ) 
4 650 651 (8320 5120 16 ) (8320 4608 16 ) (8320 4608 88 ) (8320 5120 88 ) 
4 651 706 (8192 4800 16 ) (8192 4790 16 ) (8192 4790 48 ) (8192 4800 48 ) 
4 651 705 (8192 5120 48 ) (8192 5120 16 ) (8192 4800 16 ) (8192 4800 48 ) 
4 651 683 (8192 4800 48 ) (8192 4790 48 ) (8192 4790 88 ) (8192 4800 88 ) 
4 651 679 (8192 5120 88 ) (8192 5120 48 ) (8192 4800 48 ) (8192 4800 88 ) 
4 651 654 (8192 5120 16 ) (8320 5120 16 ) (8320 4872 16 ) (8192 4872 16 ) 
4 651 652 (8192 4580 16 ) (8320 4580 16 ) (8320 4580 88 ) (8192 4580 88 ) 
4 652 653 (8192 4576 16 ) (8320 4576 16 ) (8320 4576 88 ) (8192 4576 88 ) 
4 653 911 (8320 4096 88 ) (8192 4096 88 ) (8192 4096 16 ) (8320 4096 16 ) 
4 653 707 (8192 4108 32 ) (8192 4108 48 ) (8192 4156 48 ) (8192 4156 32 ) 
4 653 686 (8192 4108 88 ) (8192 4156 88 ) (8192 4156 48 ) (8192 4108 48 ) 
4 654 719 (8192 5120 16 ) (8192 5120 8 ) (8192 4872 8 ) (8192 4872 16 ) 
4 655 1115 (7168 5120 1920 ) (7168 5120 1204 ) (7168 4608 1204 ) (7168 4608 1920 ) 
4 655 658 (7168 4608 1204 ) (7168 5120 1204 ) (8192 5120 1204 ) (8192 4608 1204 ) 
4 656 931 (8192 4096 1204 ) (8192 4096 1408 ) (7952 4096 1408 ) (7952 4096 1204 ) 
4 656 665 (8192 4096 1204 ) (7952 4096 1204 ) (7952 4576 1204 ) (8192 4576 1204 ) 
4 656 657 (7952 4576 1408 ) (7952 4576 1204 ) (7952 4096 1204 ) (7952 4096 1408 ) 
4 657 1122 (7168 4096 1204 ) (7168 4096 1888 ) (7168 4576 1888 ) (7168 4576 1204 ) 
4 657 931 (7168 4096 1408 ) (7168 4096 1204 ) (7952 4096 1204 ) (7952 4096 1408 ) 
4 657 930 (7168 4096 1440 ) (7168 4096 1408 ) (7952 4096 1408 ) (7952 4096 1440 ) 
4 657 929 (7168 4096 1888 ) (7168 4096 1440 ) (7952 4096 1440 ) (7952 4096 1888 ) 
4 657 665 (7952 4096 1204 ) (7168 4096 1204 ) (7168 4576 1204 ) (7952 4576 1204 ) 
4 658 1134 (7168 5120 912 ) (7168 5120 800 ) (7168 4580 800 ) (7168 4580 912 ) 
4 658 1127 (7168 5120 1024 ) (7168 5120 912 ) (7168 4580 912 ) (7168 4580 1024 ) 
4 658 1116 (7168 4580 1204 ) (7168 5120 1204 ) (7168 5120 1024 ) (7168 4580 1024 ) 
4 658 660 (7168 4580 800 ) (7168 5120 800 ) (8192 5120 800 ) (8192 4580 800 ) 
4 658 659 (7168 4580 800 ) (8192 4580 800 ) (8192 4580 1204 ) (7168 4580 1204 ) 
4 659 1135 (7168 4580 912 ) (7168 4580 800 ) (7168 4576 800 ) (7168 4576 912 ) 
4 659 1128 (7168 4580 1024 ) (7168 4580 912 ) (7168 4576 912 ) (7168 4576 1024 ) 
4 659 1117 (7168 4576 1204 ) (7168 4580 1204 ) (7168 4580 1024 ) (7168 4576 1024 ) 
4 659 665 (8192 4576 800 ) (8192 4576 1204 ) (7168 4576 1204 ) (7168 4576 800 ) 
4 659 661 (8192 4576 800 ) (7168 4576 800 ) (7168 4580 800 ) (8192 4580 800 ) 
4 660 1136 (7168 5120 800 ) (7168 5120 648 ) (7168 4580 648 ) (7168 4580 800 ) 
4 660 663 (7168 4580 648 ) (7168 4736 648 ) (8192 4736 648 ) (8192 4580 648 ) 
4 660 662 (7168 4736 648 ) (7168 5120 648 ) (8192 5120 648 ) (8192 4736 648 ) 
4 660 661 (7168 4580 648 ) (8192 4580 648 ) (8192 4580 800 ) (7168 4580 800 ) 
4 661 1137 (7168 4580 648 ) (7168 4576 648 ) (7168 4576 800 ) (7168 4580 800 ) 
4 661 666 (8192 4576 648 ) (8192 4576 800 ) (7168 4576 800 ) (7168 4576 648 ) 
4 661 664 (8192 4576 648 ) (7168 4576 648 ) (7168 4580 648 ) (8192 4580 648 ) 
4 662 1164 (7168 5120 648 ) (7168 5120 520 ) (7168 4736 520 ) (7168 4736 648 ) 
4 662 670 (7168 4736 520 ) (7168 5120 520 ) (7216 5120 520 ) (7216 4736 520 ) 
4 662 669 (7216 5120 520 ) (8192 5120 520 ) (8192 4800 520 ) (7216 4800 520 ) 
4 662 663 (7168 4736 520 ) (8192 4736 520 ) (8192 4736 648 ) (7168 4736 648 ) 
4 663 1165 (7168 4736 520 ) (7168 4580 520 ) (7168 4580 648 ) (7168 4736 648 ) 
4 663 670 (7168 4580 520 ) (7168 4736 520 ) (7216 4736 520 ) (7216 4580 520 ) 
4 663 664 (7168 4580 520 ) (8192 4580 520 ) (8192 4580 648 ) (7168 4580 648 ) 
4 664 1166 (7168 4580 520 ) (7168 4576 520 ) (7168 4576 648 ) (7168 4580 648 ) 
4 664 671 (7168 4576 520 ) (7168 4580 520 ) (7216 4580 520 ) (7216 4576 520 ) 
4 664 668 (7168 4576 520 ) (7216 4576 520 ) (7216 4576 648 ) (7168 4576 648 ) 
4 664 667 (7216 4576 520 ) (8192 4576 520 ) (8192 4576 648 ) (7216 4576 648 ) 
4 665 1160 (7168 4096 800 ) (7168 4096 912 ) (7168 4192 912 ) (7168 4192 800 ) 
4 665 1140 (7168 4192 912 ) (7168 4576 912 ) (7168 4576 800 ) (7168 4192 800 ) 
4 665 1130 (7168 4096 912 ) (7168 4096 1024 ) (7168 4576 1024 ) (7168 4576 912 ) 
4 665 1122 (7168 4096 1024 ) (7168 4096 1204 ) (7168 4576 1204 ) (7168 4576 1024 ) 
4 665 931 (8192 4096 800 ) (8192 4096 1204 ) (7168 4096 1204 ) (7168 4096 800 ) 
4 665 666 (7168 4096 800 ) (7168 4576 800 ) (8192 4576 800 ) (8192 4096 800 ) 
4 666 1162 (7168 4096 648 ) (7168 4096 800 ) (7168 4192 800 ) (7168 4192 648 ) 
4 666 1142 (7168 4192 800 ) (7168 4576 800 ) (7168 4576 648 ) (7168 4192 648 ) 
4 666 932 (8192 4096 648 ) (8192 4096 800 ) (7168 4096 800 ) (7168 4096 648 ) 
4 666 668 (7216 4096 648 ) (7168 4096 648 ) (7168 4576 648 ) (7216 4576 648 ) 
4 666 667 (8192 4096 648 ) (7216 4096 648 ) (7216 4576 648 ) (8192 4576 648 ) 
4 667 933 (8192 4096 520 ) (8192 4096 648 ) (7216 4096 648 ) (7216 4096 520 ) 
4 667 668 (7216 4096 648 ) (7216 4576 648 ) (7216 4576 520 ) (7216 4096 520 ) 
4 668 1167 (7168 4096 520 ) (7168 4096 648 ) (7168 4576 648 ) (7168 4576 520 ) 
4 668 935 (7216 4096 648 ) (7168 4096 648 ) (7168 4096 520 ) (7216 4096 520 ) 
4 668 672 (7168 4096 520 ) (7168 4576 520 ) (7216 4576 520 ) (7216 4096 520 ) 
4 669 674 (7216 4800 208 ) (7216 5120 208 ) (8128 5120 208 ) (8128 4800 208 ) 
4 669 673 (8128 5120 208 ) (8192 5120 208 ) (8192 4800 208 ) (8128 4800 208 ) 
4 669 670 (7216 5120 208 ) (7216 4800 208 ) (7216 4800 520 ) (7216 5120 520 ) 
4 670 1168 (7168 4580 520 ) (7168 5120 520 ) (7168 5120 208 ) (7168 4580 208 ) 
4 670 675 (7168 4580 208 ) (7168 4800 208 ) (7216 4800 208 ) (7216 4580 208 ) 
4 670 674 (7168 4800 208 ) (7168 5120 208 ) (7216 5120 208 ) (7216 4800 208 ) 
4 670 671 (7168 4580 208 ) (7216 4580 208 ) (7216 4580 520 ) (7168 4580 520 ) 
4 671 1169 (7168 4576 520 ) (7168 4580 520 ) (7168 4580 208 ) (7168 4576 208 ) 
4 671 676 (7168 4576 208 ) (7168 4580 208 ) (7216 4580 208 ) (7216 4576 208 ) 
4 671 672 (7168 4576 208 ) (7216 4576 208 ) (7216 4576 520 ) (7168 4576 520 ) 
4 672 1170 (7168 4096 208 ) (7168 4096 520 ) (7168 4576 520 ) (7168 4576 208 ) 
4 672 936 (7216 4096 520 ) (7168 4096 520 ) (7168 4096 208 ) (7216 4096 208 ) 
4 672 677 (7216 4096 208 ) (7168 4096 208 ) (7168 4576 208 ) (7216 4576 208 ) 
4 673 678 (8128 5120 176 ) (8192 5120 176 ) (8192 4800 176 ) (8128 4800 176 ) 
4 673 674 (8128 5120 176 ) (8128 4800 176 ) (8128 4800 208 ) (8128 5120 208 ) 
4 674 1171 (7168 4800 208 ) (7168 5120 208 ) (7168 5120 176 ) (7168 4800 176 ) 
4 674 680 (7168 4800 176 ) (7168 5120 176 ) (8128 5120 176 ) (8128 4800 176 ) 
4 674 675 (7168 4800 176 ) (7216 4800 176 ) (7216 4800 208 ) (7168 4800 208 ) 
4 675 1171 (7168 4580 208 ) (7168 4800 208 ) (7168 4800 176 ) (7168 4580 176 ) 
4 675 699 (7168 4580 176 ) (7168 4790 176 ) (7216 4790 176 ) (7216 4580 176 ) 
4 675 684 (7168 4790 176 ) (7168 4800 176 ) (7216 4800 176 ) (7216 4790 176 ) 
4 675 676 (7168 4580 176 ) (7216 4580 176 ) (7216 4580 208 ) (7168 4580 208 ) 
4 676 1172 (7168 4576 208 ) (7168 4580 208 ) (7168 4580 176 ) (7168 4576 176 ) 
4 676 700 (7168 4576 176 ) (7168 4580 176 ) (7216 4580 176 ) (7216 4576 176 ) 
4 676 677 (7168 4576 176 ) (7216 4576 176 ) (7216 4576 208 ) (7168 4576 208 ) 
4 677 1173 (7168 4096 176 ) (7168 4096 208 ) (7168 4576 208 ) (7168 4576 176 ) 
4 677 940 (7216 4096 208 ) (7168 4096 208 ) (7168 4096 176 ) (7216 4096 176 ) 
4 677 701 (7168 4096 176 ) (7168 4576 176 ) (7216 4576 176 ) (7216 4096 176 ) 
4 678 682 (8192 4800 144 ) (8192 4800 176 ) (8128 4800 176 ) (8128 4800 144 ) 
4 678 680 (8128 4800 144 ) (8128 4800 176 ) (8128 5120 176 ) (8128 5120 144 ) 
4 678 679 (8192 4800 144 ) (8128 4800 144 ) (8128 5120 144 ) (8192 5120 144 ) 
4 679 708 (8128 5120 48 ) (8176 5120 48 ) (8176 4800 48 ) (8128 4800 48 ) 
4 679 705 (8176 5120 48 ) (8192 5120 48 ) (8192 4800 48 ) (8176 4800 48 ) 
4 679 683 (8128 4800 48 ) (8192 4800 48 ) (8192 4800 144 ) (8128 4800 144 ) 
4 679 681 (8128 5120 48 ) (8128 4800 48 ) (8128 4800 144 ) (8128 5120 144 ) 
4 680 1171 (7168 4800 176 ) (7168 5120 176 ) (7168 5120 144 ) (7168 4800 144 ) 
4 680 684 (7216 4800 176 ) (7168 4800 176 ) (7168 4800 144 ) (7216 4800 144 ) 
4 680 682 (8128 4800 144 ) (8128 4800 176 ) (7216 4800 176 ) (7216 4800 144 ) 
4 680 681 (8128 5120 144 ) (8128 4800 144 ) (7168 4800 144 ) (7168 5120 144 ) 
4 681 1174 (7168 5120 144 ) (7168 5120 48 ) (7168 4800 48 ) (7168 4800 144 ) 
4 681 716 (7168 4800 48 ) (7168 5120 48 ) (7216 5120 48 ) (7216 4800 48 ) 
4 681 714 (7216 5120 48 ) (7616 5120 48 ) (7616 4800 48 ) (7216 4800 48 ) 
4 681 711 (7616 5120 48 ) (7770 5120 48 ) (7770 4800 48 ) (7616 4800 48 ) 
4 681 709 (7770 5120 48 ) (8128 5120 48 ) (8128 4800 48 ) (7770 4800 48 ) 
4 681 685 (7168 4800 48 ) (7216 4800 48 ) (7216 4800 144 ) (7168 4800 144 ) 
4 681 683 (7216 4800 48 ) (8128 4800 48 ) (8128 4800 144 ) (7216 4800 144 ) 
4 682 697 (7272 4790 160 ) (7272 4790 144 ) (7368 4790 144 ) (7368 4790 160 ) 
4 682 695 (7428 4790 160 ) (7428 4790 144 ) (7564 4790 144 ) (7564 4790 160 ) 
4 682 691 (7616 4790 160 ) (7616 4790 144 ) (7770 4790 144 ) (7770 4790 160 ) 
4 682 689 (7822 4790 144 ) (7958 4790 144 ) (7958 4790 160 ) (7822 4790 160 ) 
4 682 687 (8010 4790 144 ) (8146 4790 144 ) (8146 4790 160 ) (8010 4790 160 ) 
4 682 684 (7216 4800 176 ) (7216 4800 144 ) (7216 4790 144 ) (7216 4790 176 ) 
4 682 683 (8192 4790 144 ) (7216 4790 144 ) (7216 4800 144 ) (8192 4800 144 ) 
4 683 715 (7216 4800 48 ) (7616 4800 48 ) (7616 4790 48 ) (7216 4790 48 ) 
4 683 712 (7616 4800 48 ) (7770 4800 48 ) (7770 4790 48 ) (7616 4790 48 ) 
4 683 710 (7770 4800 48 ) (8176 4800 48 ) (8176 4790 48 ) (7770 4790 48 ) 
4 683 706 (8176 4800 48 ) (8192 4800 48 ) (8192 4790 48 ) (8176 4790 48 ) 
4 683 698 (7272 4790 48 ) (7368 4790 48 ) (7368 4790 144 ) (7272 4790 144 ) 
4 683 696 (7428 4790 48 ) (7564 4790 48 ) (7564 4790 144 ) (7428 4790 144 ) 
4 683 694 (7616 4790 48 ) (7664 4790 48 ) (7664 4790 100 ) (7616 4790 100 ) 
4 683 693 (7664 4790 48 ) (7770 4790 48 ) (7770 4790 100 ) (7664 4790 100 ) 
4 683 692 (7770 4790 100 ) (7770 4790 144 ) (7616 4790 144 ) (7616 4790 100 ) 
4 683 690 (7822 4790 48 ) (7958 4790 48 ) (7958 4790 144 ) (7822 4790 144 ) 
4 683 688 (8010 4790 48 ) (8146 4790 48 ) (8146 4790 144 ) (8010 4790 144 ) 
4 683 685 (7216 4800 144 ) (7216 4800 48 ) (7216 4790 48 ) (7216 4790 144 ) 
4 684 1171 (7168 4790 176 ) (7168 4800 176 ) (7168 4800 144 ) (7168 4790 144 ) 
4 684 699 (7216 4790 144 ) (7216 4790 176 ) (7168 4790 176 ) (7168 4790 144 ) 
4 684 685 (7168 4800 144 ) (7216 4800 144 ) (7216 4790 144 ) (7168 4790 144 ) 
4 685 1174 (7168 4800 144 ) (7168 4800 48 ) (7168 4790 48 ) (7168 4790 144 ) 
4 685 716 (7168 4790 48 ) (7168 4800 48 ) (7216 4800 48 ) (7216 4790 48 ) 
4 685 702 (7168 4790 48 ) (7216 4790 48 ) (7216 4790 144 ) (7168 4790 144 ) 
4 686 707 (8192 4156 48 ) (8192 4108 48 ) (8176 4108 48 ) (8176 4156 48 ) 
4 687 688 (8010 4776 144 ) (8010 4790 144 ) (8146 4790 144 ) (8146 4776 144 ) 
4 689 690 (7822 4776 144 ) (7822 4790 144 ) (7958 4790 144 ) (7958 4776 144 ) 
4 691 692 (7770 4776 144 ) (7616 4776 144 ) (7616 4790 144 ) (7770 4790 144 ) 
4 692 694 (7616 4777 100 ) (7616 4790 100 ) (7664 4790 100 ) (7664 4777 100 ) 
4 692 693 (7770 4790 100 ) (7770 4776 100 ) (7664 4776 100 ) (7664 4790 100 ) 
4 693 713 (7770 4777 48 ) (7770 4776 48 ) (7664 4776 48 ) (7664 4777 48 ) 
4 693 712 (7664 4790 48 ) (7770 4790 48 ) (7770 4777 48 ) (7664 4777 48 ) 
4 693 694 (7664 4777 100 ) (7664 4790 100 ) (7664 4790 48 ) (7664 4777 48 ) 
4 694 712 (7616 4790 48 ) (7664 4790 48 ) (7664 4777 48 ) (7616 4777 48 ) 
4 695 696 (7428 4778 144 ) (7428 4790 144 ) (7564 4790 144 ) (7564 4778 144 ) 
4 697 698 (7368 4790 144 ) (7368 4778 144 ) (7272 4778 144 ) (7272 4790 144 ) 
4 699 1171 (7168 4580 176 ) (7168 4790 176 ) (7168 4790 144 ) (7168 4580 144 ) 
4 699 702 (7168 4580 144 ) (7168 4790 144 ) (7216 4790 144 ) (7216 4580 144 ) 
4 699 700 (7168 4580 144 ) (7216 4580 144 ) (7216 4580 176 ) (7168 4580 176 ) 
4 700 1172 (7168 4576 176 ) (7168 4580 176 ) (7168 4580 144 ) (7168 4576 144 ) 
4 700 703 (7168 4576 144 ) (7168 4580 144 ) (7216 4580 144 ) (7216 4576 144 ) 
4 700 701 (7168 4576 144 ) (7216 4576 144 ) (7216 4576 176 ) (7168 4576 176 ) 
4 701 1173 (7168 4096 144 ) (7168 4096 176 ) (7168 4576 176 ) (7168 4576 144 ) 
4 701 940 (7216 4096 176 ) (7168 4096 176 ) (7168 4096 144 ) (7216 4096 144 ) 
4 701 704 (7168 4096 144 ) (7168 4576 144 ) (7216 4576 144 ) (7216 4096 144 ) 
4 702 1174 (7168 4580 144 ) (7168 4790 144 ) (7168 4790 48 ) (7168 4580 48 ) 
4 702 716 (7168 4580 48 ) (7168 4790 48 ) (7216 4790 48 ) (7216 4580 48 ) 
4 702 703 (7168 4580 48 ) (7216 4580 48 ) (7216 4580 144 ) (7168 4580 144 ) 
4 703 1175 (7168 4576 144 ) (7168 4580 144 ) (7168 4580 48 ) (7168 4576 48 ) 
4 703 717 (7168 4576 48 ) (7168 4580 48 ) (7216 4580 48 ) (7216 4576 48 ) 
4 703 704 (7168 4576 48 ) (7216 4576 48 ) (7216 4576 144 ) (7168 4576 144 ) 
4 704 1176 (7168 4096 48 ) (7168 4096 144 ) (7168 4576 144 ) (7168 4576 48 ) 
4 704 941 (7168 4096 144 ) (7168 4096 48 ) (7216 4096 48 ) (7216 4096 144 ) 
4 704 718 (7168 4096 48 ) (7168 4576 48 ) (7216 4576 48 ) (7216 4096 48 ) 
4 705 719 (8176 4872 16 ) (8176 5120 16 ) (8192 5120 16 ) (8192 4872 16 ) 
4 705 708 (8176 5120 16 ) (8176 4800 16 ) (8176 4800 48 ) (8176 5120 48 ) 
4 705 706 (8176 4800 48 ) (8176 4800 16 ) (8192 4800 16 ) (8192 4800 48 ) 
4 706 710 (8176 4800 16 ) (8176 4790 16 ) (8176 4790 48 ) (8176 4800 48 ) 
4 708 719 (8128 5120 16 ) (8176 5120 16 ) (8176 4872 16 ) (8128 4872 16 ) 
4 708 710 (8128 4800 16 ) (8176 4800 16 ) (8176 4800 48 ) (8128 4800 48 ) 
4 708 709 (8128 5120 16 ) (8128 4800 16 ) (8128 4800 48 ) (8128 5120 48 ) 
4 709 719 (7770 5120 16 ) (8128 5120 16 ) (8128 4872 16 ) (7770 4872 16 ) 
4 709 711 (7770 5120 16 ) (7770 4800 16 ) (7770 4800 48 ) (7770 5120 48 ) 
4 709 710 (7770 4800 48 ) (7770 4800 16 ) (8128 4800 16 ) (8128 4800 48 ) 
4 710 712 (7770 4800 16 ) (7770 4790 16 ) (7770 4790 48 ) (7770 4800 48 ) 
4 711 719 (7616 4872 16 ) (7616 5120 16 ) (7770 5120 16 ) (7770 4872 16 ) 
4 711 714 (7616 5120 16 ) (7616 4800 16 ) (7616 4800 48 ) (7616 5120 48 ) 
4 711 712 (7616 4800 48 ) (7616 4800 16 ) (7770 4800 16 ) (7770 4800 48 ) 
4 712 715 (7616 4800 16 ) (7616 4790 16 ) (7616 4790 48 ) (7616 4800 48 ) 
4 712 713 (7664 4777 16 ) (7770 4777 16 ) (7770 4777 48 ) (7664 4777 48 ) 
4 714 719 (7216 4872 16 ) (7216 5120 16 ) (7616 5120 16 ) (7616 4872 16 ) 
4 714 716 (7216 5120 16 ) (7216 4800 16 ) (7216 4800 48 ) (7216 5120 48 ) 
4 714 715 (7216 4800 48 ) (7216 4800 16 ) (7616 4800 16 ) (7616 4800 48 ) 
4 715 716 (7216 4800 16 ) (7216 4790 16 ) (7216 4790 48 ) (7216 4800 48 ) 
4 716 1174 (7168 4580 48 ) (7168 5120 48 ) (7168 5120 16 ) (7168 4580 16 ) 
4 716 719 (7168 4872 16 ) (7168 5120 16 ) (7216 5120 16 ) (7216 4872 16 ) 
4 716 717 (7168 4580 16 ) (7216 4580 16 ) (7216 4580 48 ) (7168 4580 48 ) 
4 717 1175 (7168 4576 48 ) (7168 4580 48 ) (7168 4580 16 ) (7168 4576 16 ) 
4 717 718 (7168 4576 16 ) (7216 4576 16 ) (7216 4576 48 ) (7168 4576 48 ) 
4 718 1176 (7168 4096 16 ) (7168 4096 48 ) (7168 4576 48 ) (7168 4576 16 ) 
4 718 941 (7216 4096 48 ) (7168 4096 48 ) (7168 4096 16 ) (7216 4096 16 ) 
4 719 1192 (7168 4872 16 ) (7168 5120 16 ) (7168 5120 8 ) (7168 4872 8 ) 
4 720 726 (11264 3936 576 ) (11264 3936 1408 ) (10560 3936 1408 ) (10560 3936 576 ) 
4 720 721 (10560 3936 576 ) (10560 3936 1408 ) (10560 4096 1408 ) (10560 4096 576 ) 
4 721 736 (10304 3936 520 ) (10304 3936 384 ) (10560 3936 384 ) (10560 3936 520 ) 
4 721 733 (10304 3936 576 ) (10304 3936 520 ) (10560 3936 520 ) (10560 3936 576 ) 
4 721 726 (10560 3936 1408 ) (10304 3936 1408 ) (10304 3936 576 ) (10560 3936 576 ) 
4 721 724 (10304 4096 1408 ) (10304 4096 1204 ) (10304 3936 1204 ) (10304 3936 1408 ) 
4 721 722 (10304 3936 384 ) (10304 4096 384 ) (10560 4096 384 ) (10560 3936 384 ) 
4 722 737 (10304 3936 384 ) (10304 3936 208 ) (10560 3936 208 ) (10560 3936 384 ) 
4 722 723 (10304 3936 208 ) (10304 4096 208 ) (10560 4096 208 ) (10560 3936 208 ) 
4 723 738 (10304 3936 208 ) (10304 3936 16 ) (10560 3936 16 ) (10560 3936 208 ) 
4 724 758 (10240 4096 1408 ) (10240 4096 1204 ) (10240 3936 1204 ) (10240 3936 1408 ) 
4 724 726 (10304 3936 1204 ) (10304 3936 1408 ) (10240 3936 1408 ) (10240 3936 1204 ) 
4 725 766 (10240 4096 488 ) (10240 4096 224 ) (10240 3952 224 ) (10240 3952 488 ) 
4 726 784 (10240 3936 1408 ) (10240 3936 576 ) (10240 3904 576 ) (10240 3904 1408 ) 
4 726 733 (10240 3936 576 ) (10560 3936 576 ) (10560 3904 576 ) (10240 3904 576 ) 
4 726 731 (10240 3904 648 ) (10240 3904 576 ) (11008 3904 576 ) (11008 3904 648 ) 
4 726 730 (10240 3904 800 ) (10240 3904 648 ) (11008 3904 648 ) (11008 3904 800 ) 
4 726 728 (10240 3904 1408 ) (10240 3904 1056 ) (11008 3904 1056 ) (11008 3904 1408 ) 
4 726 729 (10240 3904 1056 ) (10240 3904 800 ) (11008 3904 800 ) (11008 3904 1056 ) 
4 726 727 (11008 3904 576 ) (11264 3904 576 ) (11264 3904 1408 ) (11008 3904 1408 ) 
4 727 731 (11008 3904 648 ) (11008 3904 576 ) (11008 3648 576 ) (11008 3648 648 ) 
4 727 730 (11008 3904 800 ) (11008 3904 648 ) (11008 3648 648 ) (11008 3648 800 ) 
4 727 728 (11008 3904 1408 ) (11008 3904 1056 ) (11008 3648 1056 ) (11008 3648 1408 ) 
4 727 729 (11008 3904 1056 ) (11008 3904 800 ) (11008 3648 800 ) (11008 3648 1056 ) 
4 728 787 (10240 3072 1056 ) (10240 3072 1408 ) (10240 3776 1408 ) (10240 3776 1056 ) 
4 728 784 (10240 3776 1408 ) (10240 3904 1408 ) (10240 3904 1056 ) (10240 3776 1056 ) 
4 728 744 (10240 3072 1408 ) (10240 3072 1056 ) (10368 3072 1056 ) (10368 3072 1408 ) 
4 728 741 (10368 3072 1056 ) (11008 3072 1056 ) (11008 3072 1408 ) (10368 3072 1408 ) 
4 728 729 (10240 3904 1056 ) (11008 3904 1056 ) (11008 3072 1056 ) (10240 3072 1056 ) 
4 729 788 (10240 3072 800 ) (10240 3072 1056 ) (10240 3776 1056 ) (10240 3776 800 ) 
4 729 784 (10240 3776 1056 ) (10240 3904 1056 ) (10240 3904 800 ) (10240 3776 800 ) 
4 729 745 (10240 3072 1056 ) (10240 3072 800 ) (10368 3072 800 ) (10368 3072 1056 ) 
4 729 741 (10368 3072 800 ) (11008 3072 800 ) (11008 3072 1056 ) (10368 3072 1056 ) 
4 729 730 (10240 3072 800 ) (10240 3904 800 ) (11008 3904 800 ) (11008 3072 800 ) 
4 730 789 (10240 3072 648 ) (10240 3072 800 ) (10240 3776 800 ) (10240 3776 648 ) 
4 730 784 (10240 3776 800 ) (10240 3904 800 ) (10240 3904 648 ) (10240 3776 648 ) 
4 730 746 (10240 3072 800 ) (10240 3072 648 ) (10368 3072 648 ) (10368 3072 800 ) 
4 730 741 (10368 3072 648 ) (11008 3072 648 ) (11008 3072 800 ) (10368 3072 800 ) 
4 730 731 (10240 3904 648 ) (11008 3904 648 ) (11008 3072 648 ) (10240 3072 648 ) 
4 731 790 (10240 3072 576 ) (10240 3072 648 ) (10240 3776 648 ) (10240 3776 576 ) 
4 731 784 (10240 3776 648 ) (10240 3904 648 ) (10240 3904 576 ) (10240 3776 576 ) 
4 731 747 (10240 3072 648 ) (10240 3072 576 ) (10368 3072 576 ) (10368 3072 648 ) 
4 731 741 (10368 3072 576 ) (11008 3072 576 ) (11008 3072 648 ) (10368 3072 648 ) 
4 731 732 (11008 3072 576 ) (10560 3072 576 ) (10560 3648 576 ) (11008 3648 576 ) 
4 731 733 (10560 3072 576 ) (10240 3072 576 ) (10240 3904 576 ) (10560 3904 576 ) 
4 732 741 (11008 3072 576 ) (10560 3072 576 ) (10560 3072 520 ) (11008 3072 520 ) 
4 732 734 (11008 3648 520 ) (11008 3072 520 ) (10560 3072 520 ) (10560 3648 520 ) 
4 732 733 (10560 3648 520 ) (10560 3072 520 ) (10560 3072 576 ) (10560 3648 576 ) 
4 733 790 (10240 3072 520 ) (10240 3072 576 ) (10240 3776 576 ) (10240 3776 520 ) 
4 733 784 (10240 3776 576 ) (10240 3936 576 ) (10240 3936 520 ) (10240 3776 520 ) 
4 733 747 (10368 3072 576 ) (10240 3072 576 ) (10240 3072 520 ) (10368 3072 520 ) 
4 733 741 (10560 3072 576 ) (10368 3072 576 ) (10368 3072 520 ) (10560 3072 520 ) 
4 733 736 (10240 3072 520 ) (10240 3936 520 ) (10560 3936 520 ) (10560 3072 520 ) 
4 734 742 (11008 3072 384 ) (11008 3072 520 ) (10560 3072 520 ) (10560 3072 384 ) 
4 734 736 (10560 3072 384 ) (10560 3072 520 ) (10560 3648 520 ) (10560 3648 384 ) 
4 734 735 (10560 3072 384 ) (10560 3648 384 ) (11008 3648 384 ) (11008 3072 384 ) 
4 735 743 (10560 3072 208 ) (11008 3072 208 ) (11008 3072 384 ) (10560 3072 384 ) 
4 735 739 (11008 3072 208 ) (10560 3072 208 ) (10560 3648 208 ) (11008 3648 208 ) 
4 735 737 (10560 3648 208 ) (10560 3072 208 ) (10560 3072 384 ) (10560 3648 384 ) 
4 736 792 (10240 3072 384 ) (10240 3072 512 ) (10240 3768 512 ) (10240 3768 384 ) 
4 736 791 (10240 3072 512 ) (10240 3072 520 ) (10240 3776 520 ) (10240 3776 512 ) 
4 736 785 (10240 3776 520 ) (10240 3936 520 ) (10240 3936 384 ) (10240 3776 384 ) 
4 736 748 (10240 3072 520 ) (10240 3072 384 ) (10368 3072 384 ) (10368 3072 520 ) 
4 736 742 (10368 3072 384 ) (10560 3072 384 ) (10560 3072 520 ) (10368 3072 520 ) 
4 736 737 (10240 3072 384 ) (10240 3936 384 ) (10560 3936 384 ) (10560 3072 384 ) 
4 737 792 (10240 3072 208 ) (10240 3072 384 ) (10240 3768 384 ) (10240 3768 208 ) 
4 737 785 (10240 3776 384 ) (10240 3936 384 ) (10240 3936 208 ) (10240 3776 208 ) 
4 737 749 (10240 3072 384 ) (10240 3072 208 ) (10368 3072 208 ) (10368 3072 384 ) 
4 737 743 (10368 3072 208 ) (10560 3072 208 ) (10560 3072 384 ) (10368 3072 384 ) 
4 737 739 (10560 3072 208 ) (10368 3072 208 ) (10368 3648 208 ) (10560 3648 208 ) 
4 737 740 (10368 3072 208 ) (10240 3072 208 ) (10240 3648 208 ) (10368 3648 208 ) 
4 737 738 (10240 3648 208 ) (10240 3936 208 ) (10560 3936 208 ) (10560 3648 208 ) 
4 738 793 (10240 3648 208 ) (10240 3768 208 ) (10240 3768 16 ) (10240 3648 16 ) 
4 738 786 (10240 3776 208 ) (10240 3936 208 ) (10240 3936 16 ) (10240 3776 16 ) 
4 738 739 (10560 3648 80 ) (10560 3648 208 ) (10368 3648 208 ) (10368 3648 80 ) 
4 738 740 (10240 3648 16 ) (10368 3648 16 ) (10368 3648 208 ) (10240 3648 208 ) 
4 739 743 (11008 3072 208 ) (10368 3072 208 ) (10368 3072 80 ) (11008 3072 80 ) 
4 739 740 (10368 3648 208 ) (10368 3648 80 ) (10368 3072 80 ) (10368 3072 208 ) 
4 740 793 (10240 3072 16 ) (10240 3072 208 ) (10240 3648 208 ) (10240 3648 16 ) 
4 740 750 (10368 3072 208 ) (10240 3072 208 ) (10240 3072 16 ) (10368 3072 16 ) 
4 741 747 (10368 3072 648 ) (10368 3072 520 ) (10368 2368 520 ) (10368 2368 648 ) 
4 741 745 (10368 3072 1056 ) (10368 3072 800 ) (10368 2368 800 ) (10368 2368 1056 ) 
4 741 744 (10368 3072 1408 ) (10368 3072 1056 ) (10368 2368 1056 ) (10368 2368 1408 ) 
4 741 746 (10368 3072 800 ) (10368 3072 648 ) (10368 2368 648 ) (10368 2368 800 ) 
4 741 742 (11008 3072 520 ) (11008 2368 520 ) (10368 2368 520 ) (10368 3072 520 ) 
4 742 748 (10368 3072 520 ) (10368 3072 384 ) (10368 2368 384 ) (10368 2368 520 ) 
4 742 743 (11008 3072 384 ) (11008 2368 384 ) (10368 2368 384 ) (10368 3072 384 ) 
4 743 750 (10368 3072 208 ) (10368 3072 80 ) (10368 2368 80 ) (10368 2368 208 ) 
4 743 749 (10368 3072 384 ) (10368 3072 208 ) (10368 2368 208 ) (10368 2368 384 ) 
4 744 958 (10240 2048 1056 ) (10240 2048 1408 ) (10240 3072 1408 ) (10240 3072 1056 ) 
4 744 751 (10240 2048 1408 ) (10240 2048 1056 ) (10368 2048 1056 ) (10368 2048 1408 ) 
4 744 745 (10240 2048 1056 ) (10240 3072 1056 ) (10368 3072 1056 ) (10368 2048 1056 ) 
4 745 959 (10240 2048 800 ) (10240 2048 1056 ) (10240 3072 1056 ) (10240 3072 800 ) 
4 745 752 (10240 2048 1056 ) (10240 2048 800 ) (10368 2048 800 ) (10368 2048 1056 ) 
4 745 746 (10240 3072 800 ) (10368 3072 800 ) (10368 2048 800 ) (10240 2048 800 ) 
4 746 960 (10240 2048 648 ) (10240 2048 800 ) (10240 3072 800 ) (10240 3072 648 ) 
4 746 753 (10240 2048 800 ) (10240 2048 648 ) (10368 2048 648 ) (10368 2048 800 ) 
4 746 747 (10240 3072 648 ) (10368 3072 648 ) (10368 2048 648 ) (10240 2048 648 ) 
4 747 961 (10240 2048 520 ) (10240 2048 648 ) (10240 3072 648 ) (10240 3072 520 ) 
4 747 754 (10240 2048 648 ) (10240 2048 520 ) (10368 2048 520 ) (10368 2048 648 ) 
4 747 748 (10240 2048 520 ) (10240 3072 520 ) (10368 3072 520 ) (10368 2048 520 ) 
4 748 962 (10240 2048 384 ) (10240 2048 520 ) (10240 3072 520 ) (10240 3072 384 ) 
4 748 755 (10240 2048 520 ) (10240 2048 384 ) (10368 2048 384 ) (10368 2048 520 ) 
4 748 749 (10240 3072 384 ) (10368 3072 384 ) (10368 2048 384 ) (10240 2048 384 ) 
4 749 962 (10240 2048 208 ) (10240 2048 384 ) (10240 3072 384 ) (10240 3072 208 ) 
4 749 756 (10240 2048 384 ) (10240 2048 208 ) (10368 2048 208 ) (10368 2048 384 ) 
4 749 750 (10240 2048 208 ) (10240 3072 208 ) (10368 3072 208 ) (10368 2048 208 ) 
4 750 964 (10240 2048 16 ) (10240 2048 144 ) (10240 3072 144 ) (10240 3072 16 ) 
4 750 963 (10240 2048 144 ) (10240 2048 208 ) (10240 3072 208 ) (10240 3072 144 ) 
4 750 757 (10240 2048 208 ) (10240 2048 16 ) (10368 2048 16 ) (10368 2048 208 ) 
4 751 1023 (10368 1024 1056 ) (10368 1024 1408 ) (10240 1024 1408 ) (10240 1024 1056 ) 
4 751 966 (10240 1024 1056 ) (10240 1024 1408 ) (10240 2048 1408 ) (10240 2048 1056 ) 
4 751 752 (10240 1024 1056 ) (10240 2048 1056 ) (10368 2048 1056 ) (10368 1024 1056 ) 
4 752 1024 (10368 1024 800 ) (10368 1024 1056 ) (10240 1024 1056 ) (10240 1024 800 ) 
4 752 967 (10240 1024 800 ) (10240 1024 1056 ) (10240 2048 1056 ) (10240 2048 800 ) 
4 752 753 (10240 1024 800 ) (10240 2048 800 ) (10368 2048 800 ) (10368 1024 800 ) 
4 753 1025 (10368 1024 648 ) (10368 1024 800 ) (10240 1024 800 ) (10240 1024 648 ) 
4 753 968 (10240 1024 648 ) (10240 1024 800 ) (10240 2048 800 ) (10240 2048 648 ) 
4 753 754 (10240 2048 648 ) (10368 2048 648 ) (10368 1024 648 ) (10240 1024 648 ) 
4 754 1026 (10368 1024 520 ) (10368 1024 648 ) (10240 1024 648 ) (10240 1024 520 ) 
4 754 969 (10240 1024 520 ) (10240 1024 648 ) (10240 2048 648 ) (10240 2048 520 ) 
4 754 755 (10240 2048 520 ) (10368 2048 520 ) (10368 1024 520 ) (10240 1024 520 ) 
4 755 1027 (10368 1024 384 ) (10368 1024 520 ) (10240 1024 520 ) (10240 1024 384 ) 
4 755 970 (10240 1024 384 ) (10240 1024 520 ) (10240 2048 520 ) (10240 2048 384 ) 
4 755 756 (10240 1024 384 ) (10240 2048 384 ) (10368 2048 384 ) (10368 1024 384 ) 
4 756 1028 (10368 1024 208 ) (10368 1024 384 ) (10240 1024 384 ) (10240 1024 208 ) 
4 756 970 (10240 1024 208 ) (10240 1024 384 ) (10240 2048 384 ) (10240 2048 208 ) 
4 756 757 (10240 2048 208 ) (10368 2048 208 ) (10368 1024 208 ) (10240 1024 208 ) 
4 757 1029 (10368 1024 16 ) (10368 1024 208 ) (10240 1024 208 ) (10240 1024 16 ) 
4 757 972 (10240 1024 16 ) (10240 1024 144 ) (10240 2048 144 ) (10240 2048 16 ) 
4 757 971 (10240 1024 144 ) (10240 1024 208 ) (10240 2048 208 ) (10240 2048 144 ) 
4 758 815 (9216 4096 1408 ) (9216 4096 1204 ) (9216 3936 1204 ) (9216 3936 1408 ) 
4 758 794 (9472 3936 1408 ) (9216 3936 1408 ) (9216 3936 1204 ) (9472 3936 1204 ) 
4 758 784 (10240 3936 1204 ) (10240 3936 1408 ) (9472 3936 1408 ) (9472 3936 1204 ) 
4 759 764 (9444 4096 640 ) (9444 3952 640 ) (9444 3952 656 ) (9444 4096 656 ) 
4 759 761 (9444 3952 656 ) (9444 3952 742 ) (9444 4096 742 ) (9444 4096 656 ) 
4 759 760 (9444 3952 742 ) (9444 3952 768 ) (9444 4096 768 ) (9444 4096 742 ) 
4 760 765 (9252 3952 768 ) (9252 4096 768 ) (9252 4096 742 ) (9252 3952 742 ) 
4 760 761 (9252 3952 742 ) (9252 4096 742 ) (9444 4096 742 ) (9444 3952 742 ) 
4 761 765 (9252 3952 742 ) (9252 4096 742 ) (9252 4096 656 ) (9252 3952 656 ) 
4 761 764 (9252 3952 656 ) (9252 4096 656 ) (9444 4096 656 ) (9444 3952 656 ) 
4 761 762 (9252 3945 656 ) (9444 3945 656 ) (9444 3945 742 ) (9252 3945 742 ) 
4 762 763 (9252 3944 656 ) (9444 3944 656 ) (9444 3944 742 ) (9252 3944 742 ) 
4 763 808 (9252 3936 672 ) (9252 3936 656 ) (9444 3936 656 ) (9444 3936 672 ) 
4 763 798 (9252 3936 742 ) (9252 3936 672 ) (9444 3936 672 ) (9444 3936 742 ) 
4 764 765 (9252 4096 640 ) (9252 3952 640 ) (9252 3952 656 ) (9252 4096 656 ) 
4 765 885 (9216 4096 672 ) (9216 4096 640 ) (9216 3952 640 ) (9216 3952 672 ) 
4 765 833 (9216 4096 768 ) (9216 4096 672 ) (9216 3952 672 ) (9216 3952 768 ) 
4 766 772 (10044 4096 344 ) (10044 4096 224 ) (10044 3960 224 ) (10044 3960 344 ) 
4 766 768 (10044 4096 464 ) (10044 4096 360 ) (10044 4068 360 ) (10044 4068 464 ) 
4 767 889 (9216 4096 488 ) (9216 4096 464 ) (9216 3952 464 ) (9216 3952 488 ) 
4 767 770 (10036 3952 464 ) (9216 3952 464 ) (9216 4068 464 ) (10036 4068 464 ) 
4 767 769 (9216 4068 464 ) (9216 4096 464 ) (10036 4096 464 ) (10036 4068 464 ) 
4 768 769 (10040 4096 360 ) (10040 4068 360 ) (10040 4068 464 ) (10040 4096 464 ) 
4 769 889 (9216 4096 464 ) (9216 4096 360 ) (9216 4068 360 ) (9216 4068 464 ) 
4 769 770 (9216 4068 360 ) (10036 4068 360 ) (10036 4068 464 ) (9216 4068 464 ) 
4 770 889 (9216 4068 360 ) (9216 3952 360 ) (9216 3952 464 ) (9216 4068 464 ) 
4 771 895 (9216 4096 352 ) (9216 4096 344 ) (9216 3952 344 ) (9216 3952 352 ) 
4 771 775 (10036 3952 344 ) (9216 3952 344 ) (9216 3960 344 ) (10036 3960 344 ) 
4 771 774 (9216 3960 344 ) (9216 4096 344 ) (10036 4096 344 ) (10036 3960 344 ) 
4 772 773 (10040 4096 224 ) (10040 3960 224 ) (10040 3960 344 ) (10040 4096 344 ) 
4 773 774 (10036 4096 224 ) (10036 3960 224 ) (10036 3960 344 ) (10036 4096 344 ) 
4 774 895 (9216 4096 344 ) (9216 4096 224 ) (9216 3960 224 ) (9216 3960 344 ) 
4 774 775 (9216 3960 224 ) (10036 3960 224 ) (10036 3960 344 ) (9216 3960 344 ) 
4 775 895 (9216 3960 224 ) (9216 3952 224 ) (9216 3952 344 ) (9216 3960 344 ) 
4 776 777 (9344 4080 144 ) (9344 4096 144 ) (9456 4096 144 ) (9456 4080 144 ) 
4 777 782 (9344 3952 120 ) (9344 4096 120 ) (9368 4096 120 ) (9368 3952 120 ) 
4 777 779 (9368 4096 120 ) (9424 4096 120 ) (9424 3952 120 ) (9368 3952 120 ) 
4 777 778 (9424 4096 120 ) (9456 4096 120 ) (9456 3952 120 ) (9424 3952 120 ) 
5 778 779 (9424 4080.002197 16 ) (9424 3952 16 ) (9424 3952 120 ) (9424 4096 120 ) (9424 4096 26.665253 ) 
5 779 782 (9368 4080 16 ) (9368 3952 16 ) (9368 3952 120 ) (9368 4096 120 ) (9368 4096 26.666130 ) 
4 779 780 (9368 3950 120 ) (9368 3950 16 ) (9424 3950 16 ) (9424 3950 120 ) 
4 780 781 (9368 3949 120 ) (9368 3949 16 ) (9424 3949 16 ) (9424 3949 120 ) 
4 781 810 (9368 3936 16 ) (9424 3936 16 ) (9424 3936 120 ) (9368 3936 120 ) 
4 783 904 (9216 4096 216 ) (9216 4096 88 ) (9216 3996 88 ) (9216 3996 216 ) 
4 784 808 (9472 3936 672 ) (9472 3936 520 ) (9472 3840 520 ) (9472 3840 672 ) 
4 784 798 (9472 3936 800 ) (9472 3936 672 ) (9472 3840 672 ) (9472 3840 800 ) 
4 784 795 (9472 3776 1056 ) (9472 3776 1408 ) (9472 3840 1408 ) (9472 3840 1056 ) 
4 784 794 (9472 3936 1408 ) (9472 3936 800 ) (9472 3840 800 ) (9472 3840 1408 ) 
4 784 790 (9472 3776 648 ) (9472 3776 520 ) (10240 3776 520 ) (10240 3776 648 ) 
4 784 789 (9472 3776 800 ) (9472 3776 648 ) (10240 3776 648 ) (10240 3776 800 ) 
4 784 787 (9472 3776 1408 ) (9472 3776 1056 ) (10240 3776 1056 ) (10240 3776 1408 ) 
4 784 788 (9472 3776 1056 ) (9472 3776 800 ) (10240 3776 800 ) (10240 3776 1056 ) 
4 784 785 (10240 3776 520 ) (9472 3776 520 ) (9472 3936 520 ) (10240 3936 520 ) 
4 785 809 (9472 3936 520 ) (9472 3936 208 ) (9472 3840 208 ) (9472 3840 520 ) 
4 785 791 (9472 3776 520 ) (9472 3776 512 ) (10240 3776 512 ) (10240 3776 520 ) 
4 785 786 (10240 3776 208 ) (9472 3776 208 ) (9472 3936 208 ) (10240 3936 208 ) 
4 786 810 (9472 3936 208 ) (9472 3936 16 ) (9472 3840 16 ) (9472 3840 208 ) 
4 787 958 (10240 3072 1056 ) (10240 3072 1408 ) (9472 3072 1408 ) (9472 3072 1056 ) 
4 787 796 (9472 3072 1056 ) (9472 3072 1408 ) (9472 3184 1408 ) (9472 3184 1056 ) 
4 787 795 (9472 3184 1408 ) (9472 3776 1408 ) (9472 3776 1056 ) (9472 3184 1056 ) 
4 787 788 (10240 3072 1056 ) (9472 3072 1056 ) (9472 3776 1056 ) (10240 3776 1056 ) 
4 788 959 (10240 3072 800 ) (10240 3072 1056 ) (9472 3072 1056 ) (9472 3072 800 ) 
4 788 797 (9472 3072 800 ) (9472 3072 1056 ) (9472 3184 1056 ) (9472 3184 800 ) 
4 788 789 (9472 3072 800 ) (9472 3776 800 ) (10240 3776 800 ) (10240 3072 800 ) 
4 789 960 (10240 3072 648 ) (10240 3072 800 ) (9472 3072 800 ) (9472 3072 648 ) 
4 789 812 (9472 3072 648 ) (9472 3072 672 ) (9472 3184 672 ) (9472 3184 648 ) 
4 789 805 (9472 3072 672 ) (9472 3072 800 ) (9472 3184 800 ) (9472 3184 672 ) 
4 789 790 (10240 3072 648 ) (9472 3072 648 ) (9472 3776 648 ) (10240 3776 648 ) 
4 790 961 (10240 3072 520 ) (10240 3072 648 ) (9472 3072 648 ) (9472 3072 520 ) 
4 790 813 (9472 3072 520 ) (9472 3072 648 ) (9472 3184 648 ) (9472 3184 520 ) 
4 790 791 (9472 3072 520 ) (9472 3776 520 ) (10240 3776 520 ) (10240 3072 520 ) 
4 791 962 (10240 3072 512 ) (10240 3072 520 ) (9472 3072 520 ) (9472 3072 512 ) 
4 791 813 (9472 3072 512 ) (9472 3072 520 ) (9472 3184 520 ) (9472 3184 512 ) 
4 791 792 (10240 3072 512 ) (9472 3072 512 ) (9472 3768 512 ) (10240 3768 512 ) 
4 792 962 (10240 3072 208 ) (10240 3072 512 ) (9472 3072 512 ) (9472 3072 208 ) 
4 792 813 (9472 3072 208 ) (9472 3072 512 ) (9472 3184 512 ) (9472 3184 208 ) 
4 792 793 (10240 3072 208 ) (9472 3072 208 ) (9472 3768 208 ) (10240 3768 208 ) 
4 793 964 (10240 3072 16 ) (10240 3072 144 ) (9472 3072 144 ) (9472 3072 16 ) 
4 793 963 (10240 3072 144 ) (10240 3072 208 ) (9472 3072 208 ) (9472 3072 144 ) 
4 793 814 (9472 3184 16 ) (9472 3072 16 ) (9472 3072 208 ) (9472 3184 208 ) 
4 794 817 (9216 3936 1408 ) (9216 3936 800 ) (9216 3840 800 ) (9216 3840 1408 ) 
4 794 798 (9216 3936 800 ) (9472 3936 800 ) (9472 3840 800 ) (9216 3840 800 ) 
4 794 795 (9472 3840 1056 ) (9472 3840 1408 ) (9216 3840 1408 ) (9216 3840 1056 ) 
4 795 818 (9216 3184 1056 ) (9216 3184 1408 ) (9216 3840 1408 ) (9216 3840 1056 ) 
4 795 796 (9216 3184 1408 ) (9216 3184 1056 ) (9472 3184 1056 ) (9472 3184 1408 ) 
4 796 958 (9472 3072 1056 ) (9472 3072 1408 ) (9216 3072 1408 ) (9216 3072 1056 ) 
4 796 819 (9216 3072 1056 ) (9216 3072 1408 ) (9216 3184 1408 ) (9216 3184 1056 ) 
4 796 797 (9216 3184 1056 ) (9472 3184 1056 ) (9472 3072 1056 ) (9216 3072 1056 ) 
4 797 959 (9472 3072 800 ) (9472 3072 1056 ) (9216 3072 1056 ) (9216 3072 800 ) 
4 797 820 (9216 3072 800 ) (9216 3072 1056 ) (9216 3184 1056 ) (9216 3184 800 ) 
4 797 807 (9456 3072 800 ) (9216 3072 800 ) (9216 3184 800 ) (9456 3184 800 ) 
4 797 805 (9472 3184 800 ) (9472 3072 800 ) (9456 3072 800 ) (9456 3184 800 ) 
4 798 837 (9216 3936 768 ) (9216 3936 672 ) (9216 3840 672 ) (9216 3840 768 ) 
4 798 832 (9216 3840 800 ) (9216 3936 800 ) (9216 3936 768 ) (9216 3840 768 ) 
4 798 808 (9216 3840 672 ) (9216 3936 672 ) (9472 3936 672 ) (9472 3840 672 ) 
4 798 802 (9338 3840 688 ) (9338 3840 800 ) (9274 3840 800 ) (9274 3840 688 ) 
4 798 799 (9440 3840 688 ) (9440 3840 800 ) (9376 3840 800 ) (9376 3840 688 ) 
4 799 800 (9376 3831 800 ) (9376 3831 688 ) (9440 3831 688 ) (9440 3831 800 ) 
4 800 801 (9376 3830 800 ) (9376 3830 688 ) (9440 3830 688 ) (9440 3830 800 ) 
4 801 806 (9440 3824 688 ) (9440 3824 800 ) (9376 3824 800 ) (9376 3824 688 ) 
4 802 803 (9274 3831 800 ) (9274 3831 688 ) (9338 3831 688 ) (9338 3831 800 ) 
4 803 804 (9274 3830 800 ) (9274 3830 688 ) (9338 3830 688 ) (9338 3830 800 ) 
4 804 806 (9338 3824 688 ) (9338 3824 800 ) (9274 3824 800 ) (9274 3824 688 ) 
4 805 960 (9472 3072 672 ) (9472 3072 800 ) (9456 3072 800 ) (9456 3072 672 ) 
4 805 812 (9472 3184 672 ) (9472 3072 672 ) (9456 3072 672 ) (9456 3184 672 ) 
4 805 807 (9456 3184 672 ) (9456 3072 672 ) (9456 3072 800 ) (9456 3184 800 ) 
4 806 843 (9216 3416 800 ) (9216 3584 800 ) (9216 3584 672 ) (9216 3416 672 ) 
4 806 838 (9216 3584 800 ) (9216 3824 800 ) (9216 3824 672 ) (9216 3584 672 ) 
4 807 960 (9456 3072 800 ) (9216 3072 800 ) (9216 3072 672 ) (9456 3072 672 ) 
4 807 844 (9216 3072 672 ) (9216 3072 800 ) (9216 3184 800 ) (9216 3184 672 ) 
4 807 812 (9216 3072 672 ) (9216 3184 672 ) (9456 3184 672 ) (9456 3072 672 ) 
4 808 917 (9216 3840 520 ) (9216 3840 648 ) (9216 3936 648 ) (9216 3936 520 ) 
4 808 916 (9216 3840 648 ) (9216 3840 672 ) (9216 3936 672 ) (9216 3936 648 ) 
4 808 809 (9472 3840 520 ) (9216 3840 520 ) (9216 3936 520 ) (9472 3936 520 ) 
4 809 918 (9216 3840 208 ) (9216 3840 520 ) (9216 3936 520 ) (9216 3936 208 ) 
4 809 810 (9472 3840 208 ) (9216 3840 208 ) (9216 3936 208 ) (9472 3936 208 ) 
4 810 919 (9216 3840 16 ) (9216 3840 208 ) (9216 3936 208 ) (9216 3936 16 ) 
4 811 921 (9216 3824 220 ) (9216 3824 32 ) (9216 3432 32 ) (9216 3432 220 ) 
4 812 960 (9472 3072 648 ) (9472 3072 672 ) (9216 3072 672 ) (9216 3072 648 ) 
4 812 922 (9216 3072 648 ) (9216 3072 672 ) (9216 3184 672 ) (9216 3184 648 ) 
4 812 813 (9216 3072 648 ) (9216 3184 648 ) (9472 3184 648 ) (9472 3072 648 ) 
4 813 962 (9472 3072 208 ) (9472 3072 520 ) (9216 3072 520 ) (9216 3072 208 ) 
4 813 961 (9472 3072 520 ) (9472 3072 648 ) (9216 3072 648 ) (9216 3072 520 ) 
4 813 923 (9216 3072 208 ) (9216 3072 648 ) (9216 3184 648 ) (9216 3184 208 ) 
4 813 814 (9216 3184 208 ) (9472 3184 208 ) (9472 3072 208 ) (9216 3072 208 ) 
4 814 964 (9472 3072 16 ) (9472 3072 144 ) (9216 3072 144 ) (9216 3072 16 ) 
4 814 963 (9472 3072 144 ) (9472 3072 208 ) (9216 3072 208 ) (9216 3072 144 ) 
4 814 924 (9216 3072 16 ) (9216 3072 208 ) (9216 3184 208 ) (9216 3184 16 ) 
4 815 821 (8336 3936 1408 ) (8320 3936 1408 ) (8320 3936 1204 ) (8336 3936 1204 ) 
4 815 817 (9216 3936 1204 ) (9216 3936 1408 ) (8336 3936 1408 ) (8336 3936 1204 ) 
4 815 816 (8320 3936 1204 ) (8320 3936 1408 ) (8320 4096 1408 ) (8320 4096 1204 ) 
4 816 931 (8192 4096 1408 ) (8192 4096 800 ) (8192 3936 800 ) (8192 3936 1408 ) 
4 816 881 (8192 3936 800 ) (8192 4096 800 ) (8320 4096 800 ) (8320 3936 800 ) 
4 816 828 (8192 3936 800 ) (8320 3936 800 ) (8320 3936 992 ) (8192 3936 992 ) 
4 816 823 (8320 3936 992 ) (8320 3936 1056 ) (8192 3936 1056 ) (8192 3936 992 ) 
4 816 821 (8320 3936 1056 ) (8320 3936 1408 ) (8192 3936 1408 ) (8192 3936 1056 ) 
4 817 832 (8336 3936 800 ) (9216 3936 800 ) (9216 3840 800 ) (8336 3840 800 ) 
4 817 826 (8336 3936 992 ) (8336 3936 800 ) (8336 3840 800 ) (8336 3840 992 ) 
4 817 823 (8336 3936 1056 ) (8336 3936 992 ) (8336 3840 992 ) (8336 3840 1056 ) 
4 817 822 (8336 3904 1056 ) (8336 3840 1056 ) (8336 3840 1408 ) (8336 3904 1408 ) 
4 817 821 (8336 3936 1408 ) (8336 3936 1056 ) (8336 3904 1056 ) (8336 3904 1408 ) 
4 817 818 (9216 3840 1408 ) (8336 3840 1408 ) (8336 3840 1056 ) (9216 3840 1056 ) 
4 818 822 (8336 3184 1056 ) (8336 3184 1408 ) (8336 3840 1408 ) (8336 3840 1056 ) 
4 818 819 (8336 3184 1408 ) (8336 3184 1056 ) (9216 3184 1056 ) (9216 3184 1408 ) 
4 819 974 (9216 3072 1056 ) (9216 3072 1408 ) (8336 3072 1408 ) (8336 3072 1056 ) 
4 819 822 (8336 3072 1056 ) (8336 3072 1408 ) (8336 3184 1408 ) (8336 3184 1056 ) 
4 819 820 (9216 3072 1056 ) (8336 3072 1056 ) (8336 3184 1056 ) (9216 3184 1056 ) 
4 820 977 (8832 3072 1056 ) (8336 3072 1056 ) (8336 3072 800 ) (8832 3072 800 ) 
4 820 975 (9216 3072 800 ) (9216 3072 1056 ) (8832 3072 1056 ) (8832 3072 800 ) 
4 820 868 (8976 3072 800 ) (8336 3072 800 ) (8336 3184 800 ) (8976 3184 800 ) 
4 820 854 (8984 3072 800 ) (8976 3072 800 ) (8976 3184 800 ) (8984 3184 800 ) 
4 820 850 (9200 3072 800 ) (8984 3072 800 ) (8984 3184 800 ) (9200 3184 800 ) 
4 820 844 (9216 3184 800 ) (9216 3072 800 ) (9200 3072 800 ) (9200 3184 800 ) 
4 820 827 (8336 3184 800 ) (8336 3072 800 ) (8336 3072 992 ) (8336 3184 992 ) 
4 820 825 (8336 3072 992 ) (8336 3072 1056 ) (8336 3184 1056 ) (8336 3184 992 ) 
4 821 931 (8192 3936 1408 ) (8192 3936 1056 ) (8192 3904 1056 ) (8192 3904 1408 ) 
4 821 823 (8192 3904 1056 ) (8192 3936 1056 ) (8336 3936 1056 ) (8336 3904 1056 ) 
4 821 822 (8192 3904 1056 ) (8336 3904 1056 ) (8336 3904 1408 ) (8192 3904 1408 ) 
4 822 974 (8192 3072 1408 ) (8192 3072 1056 ) (8336 3072 1056 ) (8336 3072 1408 ) 
4 822 944 (8192 3072 1056 ) (8192 3072 1408 ) (8192 3840 1408 ) (8192 3840 1056 ) 
4 822 931 (8192 3840 1408 ) (8192 3904 1408 ) (8192 3904 1056 ) (8192 3840 1056 ) 
4 822 824 (8192 3184 1056 ) (8192 3840 1056 ) (8308 3840 1056 ) (8308 3184 1056 ) 
4 822 823 (8192 3840 1056 ) (8192 3904 1056 ) (8336 3904 1056 ) (8336 3840 1056 ) 
4 822 825 (8192 3072 1056 ) (8192 3184 1056 ) (8336 3184 1056 ) (8336 3072 1056 ) 
4 823 931 (8192 3840 1056 ) (8192 3936 1056 ) (8192 3936 992 ) (8192 3840 992 ) 
4 823 828 (8192 3936 992 ) (8320 3936 992 ) (8320 3840 992 ) (8192 3840 992 ) 
4 823 826 (8320 3936 992 ) (8336 3936 992 ) (8336 3840 992 ) (8320 3840 992 ) 
4 823 824 (8192 3840 992 ) (8308 3840 992 ) (8308 3840 1056 ) (8192 3840 1056 ) 
4 824 953 (8192 3184 1056 ) (8192 3200 1056 ) (8192 3200 992 ) (8192 3184 992 ) 
4 824 946 (8192 3200 1056 ) (8192 3648 1056 ) (8192 3648 992 ) (8192 3200 992 ) 
4 824 945 (8192 3648 1056 ) (8192 3840 1056 ) (8192 3840 992 ) (8192 3648 992 ) 
4 824 831 (8308 3184 992 ) (8192 3184 992 ) (8192 3200 992 ) (8308 3200 992 ) 
4 824 830 (8192 3200 992 ) (8192 3328 992 ) (8308 3328 992 ) (8308 3200 992 ) 
4 824 829 (8192 3328 992 ) (8192 3648 992 ) (8308 3648 992 ) (8308 3328 992 ) 
4 824 828 (8192 3648 992 ) (8192 3840 992 ) (8308 3840 992 ) (8308 3648 992 ) 
4 824 825 (8192 3184 992 ) (8308 3184 992 ) (8308 3184 1056 ) (8192 3184 1056 ) 
4 825 977 (8192 3072 1056 ) (8192 3072 992 ) (8336 3072 992 ) (8336 3072 1056 ) 
4 825 953 (8192 3072 992 ) (8192 3072 1056 ) (8192 3184 1056 ) (8192 3184 992 ) 
4 825 831 (8320 3072 992 ) (8192 3072 992 ) (8192 3184 992 ) (8320 3184 992 ) 
4 825 827 (8336 3184 992 ) (8336 3072 992 ) (8320 3072 992 ) (8320 3184 992 ) 
4 826 869 (8320 3936 800 ) (8336 3936 800 ) (8336 3840 800 ) (8320 3840 800 ) 
4 826 828 (8320 3840 992 ) (8320 3936 992 ) (8320 3936 800 ) (8320 3840 800 ) 
4 827 977 (8320 3072 800 ) (8336 3072 800 ) (8336 3072 992 ) (8320 3072 992 ) 
4 827 870 (8336 3184 800 ) (8336 3072 800 ) (8320 3072 800 ) (8320 3184 800 ) 
4 827 831 (8320 3072 992 ) (8320 3184 992 ) (8320 3184 800 ) (8320 3072 800 ) 
4 828 945 (8192 3648 992 ) (8192 3840 992 ) (8192 3840 800 ) (8192 3648 800 ) 
4 828 931 (8192 3840 992 ) (8192 3936 992 ) (8192 3936 800 ) (8192 3840 800 ) 
4 828 881 (8192 3648 800 ) (8192 3936 800 ) (8320 3936 800 ) (8320 3648 800 ) 
4 828 829 (8192 3648 800 ) (8320 3648 800 ) (8320 3648 992 ) (8192 3648 992 ) 
4 829 946 (8192 3328 992 ) (8192 3648 992 ) (8192 3648 800 ) (8192 3328 800 ) 
4 829 882 (8192 3328 800 ) (8192 3648 800 ) (8320 3648 800 ) (8320 3328 800 ) 
4 829 830 (8192 3328 800 ) (8320 3328 800 ) (8320 3328 992 ) (8192 3328 992 ) 
4 830 946 (8192 3200 992 ) (8192 3328 992 ) (8192 3328 800 ) (8192 3200 800 ) 
4 830 883 (8192 3200 800 ) (8192 3328 800 ) (8320 3328 800 ) (8320 3200 800 ) 
4 830 831 (8192 3200 800 ) (8320 3200 800 ) (8320 3200 992 ) (8192 3200 992 ) 
4 831 977 (8192 3072 992 ) (8192 3072 800 ) (8320 3072 800 ) (8320 3072 992 ) 
4 831 953 (8192 3072 800 ) (8192 3072 992 ) (8192 3200 992 ) (8192 3200 800 ) 
4 831 884 (8192 3072 800 ) (8192 3200 800 ) (8320 3200 800 ) (8320 3072 800 ) 
4 832 871 (8336 3936 776 ) (8336 3936 768 ) (8336 3840 768 ) (8336 3840 776 ) 
4 832 869 (8336 3840 800 ) (8336 3936 800 ) (8336 3936 776 ) (8336 3840 776 ) 
4 832 837 (8336 3840 768 ) (8336 3936 768 ) (9216 3936 768 ) (9216 3840 768 ) 
4 833 885 (9200 4096 672 ) (9216 4096 672 ) (9216 3952 672 ) (9200 3952 672 ) 
4 834 886 (8960 4096 672 ) (9192 4096 672 ) (9192 3952 672 ) (8960 3952 672 ) 
4 834 835 (8960 4096 672 ) (8960 3952 672 ) (8960 3952 768 ) (8960 4096 768 ) 
4 835 887 (8704 4096 672 ) (8960 4096 672 ) (8960 3952 672 ) (8704 3952 672 ) 
4 836 888 (8336 3952 672 ) (8336 4096 672 ) (8696 4096 672 ) (8696 3952 672 ) 
4 837 916 (8336 3840 672 ) (8336 3936 672 ) (9216 3936 672 ) (9216 3840 672 ) 
4 837 879 (8336 3936 672 ) (8336 3840 672 ) (8336 3840 688 ) (8336 3936 688 ) 
4 837 871 (8336 3840 688 ) (8336 3840 768 ) (8336 3936 768 ) (8336 3936 688 ) 
4 838 843 (9208 3584 672 ) (9216 3584 672 ) (9216 3584 800 ) (9208 3584 800 ) 
4 838 840 (9208 3640 672 ) (9208 3584 672 ) (9208 3584 776 ) (9208 3640 776 ) 
4 838 839 (9208 3816 672 ) (9208 3768 672 ) (9208 3768 776 ) (9208 3816 776 ) 
4 839 845 (9200 3816 672 ) (9200 3768 672 ) (9200 3768 776 ) (9200 3816 776 ) 
4 840 841 (9205 3584 672 ) (9205 3584 776 ) (9205 3640 776 ) (9205 3640 672 ) 
4 841 842 (9204 3584 672 ) (9204 3584 776 ) (9204 3640 776 ) (9204 3640 672 ) 
4 842 847 (9200 3640 672 ) (9200 3584 672 ) (9200 3584 776 ) (9200 3640 776 ) 
4 844 976 (9216 3072 672 ) (9216 3072 800 ) (9200 3072 800 ) (9200 3072 672 ) 
4 844 922 (9216 3072 672 ) (9200 3072 672 ) (9200 3184 672 ) (9216 3184 672 ) 
4 844 850 (9200 3184 672 ) (9200 3072 672 ) (9200 3072 800 ) (9200 3184 800 ) 
4 846 847 (8984 3696 800 ) (8984 3696 672 ) (9104 3696 672 ) (9104 3696 800 ) 
4 847 851 (8984 3668 672 ) (8984 3556 672 ) (8984 3556 776 ) (8984 3668 776 ) 
4 848 852 (8984 3460 672 ) (8984 3412 672 ) (8984 3412 776 ) (8984 3460 776 ) 
4 849 853 (8984 3300 672 ) (8984 3244 672 ) (8984 3244 776 ) (8984 3300 776 ) 
4 850 976 (9200 3072 800 ) (8984 3072 800 ) (8984 3072 672 ) (9200 3072 672 ) 
4 850 922 (9200 3072 672 ) (8984 3072 672 ) (8984 3184 672 ) (9200 3184 672 ) 
4 850 854 (8984 3184 672 ) (8984 3072 672 ) (8984 3072 800 ) (8984 3184 800 ) 
4 851 856 (8976 3668 672 ) (8976 3556 672 ) (8976 3556 776 ) (8976 3668 776 ) 
4 852 863 (8976 3448 672 ) (8976 3412 672 ) (8976 3412 776 ) (8976 3448 776 ) 
4 852 856 (8976 3460 672 ) (8976 3448 672 ) (8976 3448 776 ) (8976 3460 776 ) 
4 853 863 (8976 3300 672 ) (8976 3244 672 ) (8976 3244 776 ) (8976 3300 776 ) 
4 854 976 (8984 3072 800 ) (8976 3072 800 ) (8976 3072 672 ) (8984 3072 672 ) 
4 854 922 (8984 3072 672 ) (8976 3072 672 ) (8976 3184 672 ) (8984 3184 672 ) 
4 854 868 (8976 3184 672 ) (8976 3072 672 ) (8976 3072 800 ) (8976 3184 800 ) 
4 855 856 (8840 3696 672 ) (8976 3696 672 ) (8976 3696 800 ) (8840 3696 800 ) 
4 856 863 (8840 3448 672 ) (8976 3448 672 ) (8976 3448 776 ) (8840 3448 776 ) 
4 856 861 (8976 3448 776 ) (8976 3448 800 ) (8840 3448 800 ) (8840 3448 776 ) 
4 856 859 (8840 3616 672 ) (8840 3520 672 ) (8840 3520 776 ) (8840 3616 776 ) 
4 857 860 (8336 3616 776 ) (8336 3616 672 ) (8832 3616 672 ) (8832 3616 776 ) 
4 857 858 (8336 3616 800 ) (8336 3616 776 ) (8832 3616 776 ) (8832 3616 800 ) 
4 858 860 (8336 3616 776 ) (8832 3616 776 ) (8832 3448 776 ) (8336 3448 776 ) 
4 859 860 (8832 3520 776 ) (8832 3616 776 ) (8832 3616 672 ) (8832 3520 672 ) 
4 860 872 (8336 3494 776 ) (8336 3558 776 ) (8336 3558 688 ) (8336 3494 688 ) 
4 861 863 (8976 3192 776 ) (8840 3192 776 ) (8840 3448 776 ) (8976 3448 776 ) 
4 862 865 (8832 3192 776 ) (8608 3192 776 ) (8608 3440 776 ) (8832 3440 776 ) 
4 863 864 (8840 3288 776 ) (8840 3384 776 ) (8840 3384 672 ) (8840 3288 672 ) 
4 864 865 (8832 3288 776 ) (8832 3384 776 ) (8832 3384 672 ) (8832 3288 672 ) 
4 865 866 (8608 3384 672 ) (8608 3288 672 ) (8608 3288 776 ) (8608 3384 776 ) 
4 866 867 (8600 3384 672 ) (8600 3288 672 ) (8600 3288 776 ) (8600 3384 776 ) 
4 867 875 (8336 3260 776 ) (8336 3324 776 ) (8336 3324 688 ) (8336 3260 688 ) 
4 868 978 (8832 3072 800 ) (8336 3072 800 ) (8336 3072 672 ) (8832 3072 672 ) 
4 868 976 (8976 3072 800 ) (8832 3072 800 ) (8832 3072 672 ) (8976 3072 672 ) 
4 868 922 (8976 3072 672 ) (8336 3072 672 ) (8336 3184 672 ) (8976 3184 672 ) 
4 868 880 (8336 3184 672 ) (8336 3072 672 ) (8336 3072 688 ) (8336 3184 688 ) 
4 868 878 (8336 3072 688 ) (8336 3072 776 ) (8336 3184 776 ) (8336 3184 688 ) 
4 868 870 (8336 3072 776 ) (8336 3072 800 ) (8336 3184 800 ) (8336 3184 776 ) 
4 869 881 (8320 3840 800 ) (8320 3936 800 ) (8320 3936 776 ) (8320 3840 776 ) 
4 869 871 (8320 3840 776 ) (8320 3936 776 ) (8336 3936 776 ) (8336 3840 776 ) 
4 870 978 (8336 3072 800 ) (8320 3072 800 ) (8320 3072 776 ) (8336 3072 776 ) 
4 870 884 (8320 3072 776 ) (8320 3072 800 ) (8320 3184 800 ) (8320 3184 776 ) 
4 870 878 (8320 3072 776 ) (8320 3184 776 ) (8336 3184 776 ) (8336 3072 776 ) 
4 871 881 (8320 3840 776 ) (8320 3936 776 ) (8320 3936 688 ) (8320 3840 688 ) 
4 871 879 (8320 3840 688 ) (8320 3936 688 ) (8336 3936 688 ) (8336 3840 688 ) 
4 872 873 (8328 3558 776 ) (8328 3558 688 ) (8328 3494 688 ) (8328 3494 776 ) 
4 873 874 (8327 3558 776 ) (8327 3558 688 ) (8327 3494 688 ) (8327 3494 776 ) 
4 874 882 (8320 3494 776 ) (8320 3558 776 ) (8320 3558 688 ) (8320 3494 688 ) 
4 875 876 (8329 3324 776 ) (8329 3324 688 ) (8329 3260 688 ) (8329 3260 776 ) 
4 876 877 (8328 3324 776 ) (8328 3324 688 ) (8328 3260 688 ) (8328 3260 776 ) 
4 877 883 (8320 3260 776 ) (8320 3324 776 ) (8320 3324 688 ) (8320 3260 688 ) 
4 878 978 (8320 3072 776 ) (8320 3072 688 ) (8336 3072 688 ) (8336 3072 776 ) 
4 878 884 (8320 3072 688 ) (8320 3072 776 ) (8320 3184 776 ) (8320 3184 688 ) 
4 878 880 (8320 3072 688 ) (8320 3184 688 ) (8336 3184 688 ) (8336 3072 688 ) 
4 879 916 (8320 3840 672 ) (8320 3936 672 ) (8336 3936 672 ) (8336 3840 672 ) 
4 879 881 (8320 3936 672 ) (8320 3840 672 ) (8320 3840 688 ) (8320 3936 688 ) 
4 880 978 (8320 3072 688 ) (8320 3072 672 ) (8336 3072 672 ) (8336 3072 688 ) 
4 880 922 (8336 3072 672 ) (8320 3072 672 ) (8320 3184 672 ) (8336 3184 672 ) 
4 880 884 (8320 3184 672 ) (8320 3072 672 ) (8320 3072 688 ) (8320 3184 688 ) 
4 881 949 (8192 3648 800 ) (8192 3840 800 ) (8192 3840 672 ) (8192 3648 672 ) 
4 881 932 (8192 3840 800 ) (8192 4096 800 ) (8192 4096 672 ) (8192 3840 672 ) 
4 881 925 (8192 3648 672 ) (8192 3840 672 ) (8320 3840 672 ) (8320 3648 672 ) 
4 881 916 (8192 3840 672 ) (8192 3936 672 ) (8320 3936 672 ) (8320 3840 672 ) 
4 881 912 (8192 3936 672 ) (8192 3952 672 ) (8320 3952 672 ) (8320 3936 672 ) 
4 881 901 (8192 3952 672 ) (8192 4096 672 ) (8320 4096 672 ) (8320 3952 672 ) 
4 881 882 (8192 3648 672 ) (8320 3648 672 ) (8320 3648 800 ) (8192 3648 800 ) 
4 882 950 (8192 3328 800 ) (8192 3648 800 ) (8192 3648 672 ) (8192 3328 672 ) 
4 882 926 (8192 3328 672 ) (8192 3648 672 ) (8320 3648 672 ) (8320 3328 672 ) 
4 882 883 (8192 3328 672 ) (8320 3328 672 ) (8320 3328 800 ) (8192 3328 800 ) 
4 883 950 (8192 3200 800 ) (8192 3328 800 ) (8192 3328 672 ) (8192 3200 672 ) 
4 883 927 (8192 3200 672 ) (8192 3328 672 ) (8320 3328 672 ) (8320 3200 672 ) 
4 883 884 (8192 3200 672 ) (8320 3200 672 ) (8320 3200 800 ) (8192 3200 800 ) 
4 884 978 (8320 3072 800 ) (8192 3072 800 ) (8192 3072 672 ) (8320 3072 672 ) 
4 884 955 (8192 3072 672 ) (8192 3072 800 ) (8192 3200 800 ) (8192 3200 672 ) 
4 884 928 (8320 3072 672 ) (8192 3072 672 ) (8192 3200 672 ) (8320 3200 672 ) 
4 886 887 (8960 4096 640 ) (8960 3952 640 ) (8960 3952 672 ) (8960 4096 672 ) 
4 891 892 (8464 4096 360 ) (8464 4072 360 ) (8464 4072 464 ) (8464 4096 464 ) 
4 892 893 (8456 4096 360 ) (8456 4072 360 ) (8456 4072 464 ) (8456 4096 464 ) 
4 893 894 (8336 4072 360 ) (8456 4072 360 ) (8456 4072 488 ) (8336 4072 488 ) 
4 897 898 (8464 4096 224 ) (8464 4072 224 ) (8464 4072 328 ) (8464 4096 328 ) 
4 898 899 (8456 4096 224 ) (8456 4072 224 ) (8456 4072 328 ) (8456 4096 328 ) 
4 899 900 (8336 4072 224 ) (8456 4072 224 ) (8456 4072 352 ) (8336 4072 352 ) 
4 901 932 (8192 3952 648 ) (8192 3952 672 ) (8192 4096 672 ) (8192 4096 648 ) 
4 901 912 (8320 3952 672 ) (8192 3952 672 ) (8192 3952 648 ) (8320 3952 648 ) 
4 901 902 (8320 4096 648 ) (8320 3952 648 ) (8192 3952 648 ) (8192 4096 648 ) 
4 902 933 (8192 3952 520 ) (8192 3952 648 ) (8192 4096 648 ) (8192 4096 520 ) 
4 902 913 (8192 3952 648 ) (8192 3952 520 ) (8320 3952 520 ) (8320 3952 648 ) 
4 902 903 (8192 4096 520 ) (8320 4096 520 ) (8320 3952 520 ) (8192 3952 520 ) 
4 903 914 (8192 3952 520 ) (8192 3952 216 ) (8320 3952 216 ) (8320 3952 520 ) 
4 903 909 (8320 3952 216 ) (8192 3952 216 ) (8192 4096 216 ) (8320 4096 216 ) 
4 906 907 (8456 4096 88 ) (8456 4072 88 ) (8456 4072 192 ) (8456 4096 192 ) 
4 907 908 (8448 4096 88 ) (8448 4072 88 ) (8448 4072 192 ) (8448 4096 192 ) 
4 909 914 (8320 3952 216 ) (8192 3952 216 ) (8192 3952 208 ) (8320 3952 208 ) 
4 909 910 (8320 4096 208 ) (8320 3952 208 ) (8192 3952 208 ) (8192 4096 208 ) 
4 910 915 (8192 3952 208 ) (8192 3952 88 ) (8320 3952 88 ) (8320 3952 208 ) 
4 910 911 (8320 3952 88 ) (8192 3952 88 ) (8192 4096 88 ) (8320 4096 88 ) 
4 911 915 (8320 3952 88 ) (8192 3952 88 ) (8192 3952 16 ) (8320 3952 16 ) 
4 912 932 (8192 3936 648 ) (8192 3936 672 ) (8192 3952 672 ) (8192 3952 648 ) 
4 912 916 (8320 3936 672 ) (8192 3936 672 ) (8192 3936 648 ) (8320 3936 648 ) 
4 912 913 (8192 3952 648 ) (8320 3952 648 ) (8320 3936 648 ) (8192 3936 648 ) 
4 913 933 (8192 3936 520 ) (8192 3936 648 ) (8192 3952 648 ) (8192 3952 520 ) 
4 913 917 (8192 3936 648 ) (8192 3936 520 ) (8320 3936 520 ) (8320 3936 648 ) 
4 913 914 (8192 3952 520 ) (8320 3952 520 ) (8320 3936 520 ) (8192 3936 520 ) 
4 914 918 (8192 3936 520 ) (8192 3936 208 ) (8320 3936 208 ) (8320 3936 520 ) 
4 914 915 (8192 3952 208 ) (8320 3952 208 ) (8320 3936 208 ) (8192 3936 208 ) 
4 915 919 (8192 3936 208 ) (8192 3936 16 ) (8320 3936 16 ) (8320 3936 208 ) 
4 916 932 (8192 3840 648 ) (8192 3840 672 ) (8192 3936 672 ) (8192 3936 648 ) 
4 916 925 (8320 3840 672 ) (8192 3840 672 ) (8192 3840 648 ) (8320 3840 648 ) 
4 916 917 (9216 3840 648 ) (8192 3840 648 ) (8192 3936 648 ) (9216 3936 648 ) 
4 917 933 (8192 3840 520 ) (8192 3840 648 ) (8192 3936 648 ) (8192 3936 520 ) 
4 917 918 (9216 3840 520 ) (8192 3840 520 ) (8192 3936 520 ) (9216 3936 520 ) 
4 918 934 (8192 3840 208 ) (8192 3840 520 ) (8192 3904 520 ) (8192 3904 208 ) 
4 918 919 (9216 3840 208 ) (8192 3840 208 ) (8192 3936 208 ) (9216 3936 208 ) 
4 919 939 (8192 3840 16 ) (8192 3840 208 ) (8192 3904 208 ) (8192 3904 16 ) 
4 919 920 (8852 3840 136 ) (8852 3840 32 ) (8908 3840 32 ) (8908 3840 136 ) 
4 920 921 (8852 3824 32 ) (8908 3824 32 ) (8908 3824 136 ) (8852 3824 136 ) 
4 922 978 (8832 3072 672 ) (8320 3072 672 ) (8320 3072 648 ) (8832 3072 648 ) 
4 922 976 (9216 3072 648 ) (9216 3072 672 ) (8832 3072 672 ) (8832 3072 648 ) 
4 922 928 (8320 3072 648 ) (8320 3072 672 ) (8320 3184 672 ) (8320 3184 648 ) 
4 922 923 (8320 3072 648 ) (8320 3184 648 ) (9216 3184 648 ) (9216 3072 648 ) 
4 923 980 (9216 3072 208 ) (9216 3072 520 ) (8320 3072 520 ) (8320 3072 208 ) 
4 923 979 (9216 3072 520 ) (9216 3072 648 ) (8320 3072 648 ) (8320 3072 520 ) 
4 923 924 (9216 3072 208 ) (8320 3072 208 ) (8320 3184 208 ) (9216 3184 208 ) 
4 924 984 (9216 3072 16 ) (9216 3072 144 ) (8320 3072 144 ) (8320 3072 16 ) 
4 924 983 (9216 3072 144 ) (9216 3072 208 ) (8320 3072 208 ) (8320 3072 144 ) 
4 925 949 (8192 3648 672 ) (8192 3840 672 ) (8192 3840 648 ) (8192 3648 648 ) 
4 925 926 (8192 3648 648 ) (8320 3648 648 ) (8320 3648 672 ) (8192 3648 672 ) 
4 926 950 (8192 3328 672 ) (8192 3648 672 ) (8192 3648 648 ) (8192 3328 648 ) 
4 926 927 (8192 3328 648 ) (8320 3328 648 ) (8320 3328 672 ) (8192 3328 672 ) 
4 927 950 (8192 3200 672 ) (8192 3328 672 ) (8192 3328 648 ) (8192 3200 648 ) 
4 927 928 (8192 3200 648 ) (8320 3200 648 ) (8320 3200 672 ) (8192 3200 672 ) 
4 928 978 (8320 3072 648 ) (8320 3072 672 ) (8192 3072 672 ) (8192 3072 648 ) 
4 928 955 (8192 3072 648 ) (8192 3072 672 ) (8192 3200 672 ) (8192 3200 648 ) 
4 929 1308 (7168 4096 1888 ) (7168 4096 1440 ) (7168 3936 1440 ) (7168 3936 1888 ) 
4 929 930 (7168 3936 1440 ) (7168 4096 1440 ) (7952 4096 1440 ) (7952 3936 1440 ) 
4 930 1312 (7168 3936 1440 ) (7168 4096 1440 ) (7168 4096 1408 ) (7168 3936 1408 ) 
4 930 931 (7168 3936 1408 ) (7168 4096 1408 ) (7952 4096 1408 ) (7952 3936 1408 ) 
4 931 1316 (7168 3840 800 ) (7168 3840 1056 ) (7168 4096 1056 ) (7168 4096 800 ) 
4 931 1315 (7168 3840 1056 ) (7168 3840 1408 ) (7168 4096 1408 ) (7168 4096 1056 ) 
4 931 947 (7168 3840 1056 ) (7168 3840 800 ) (7520 3840 800 ) (7520 3840 1056 ) 
4 931 945 (7520 3840 800 ) (8192 3840 800 ) (8192 3840 1056 ) (7520 3840 1056 ) 
4 931 944 (7168 3840 1408 ) (7168 3840 1056 ) (8192 3840 1056 ) (8192 3840 1408 ) 
4 931 932 (8192 3840 800 ) (7168 3840 800 ) (7168 4096 800 ) (8192 4096 800 ) 
4 932 1321 (7168 3992 668 ) (7168 4096 668 ) (7168 4096 648 ) (7168 3992 648 ) 
4 932 1338 (7168 3840 648 ) (7168 3840 668 ) (7168 3992 668 ) (7168 3992 648 ) 
4 932 1319 (7168 3840 668 ) (7168 3840 800 ) (7168 4096 800 ) (7168 4096 668 ) 
4 932 951 (7168 3840 800 ) (7168 3840 648 ) (7520 3840 648 ) (7520 3840 800 ) 
4 932 949 (7520 3840 648 ) (8192 3840 648 ) (8192 3840 800 ) (7520 3840 800 ) 
4 932 937 (7216 3840 648 ) (7168 3840 648 ) (7168 3992 648 ) (7216 3992 648 ) 
4 932 935 (7168 3992 648 ) (7168 4096 648 ) (7216 4096 648 ) (7216 3992 648 ) 
4 932 933 (8192 3840 648 ) (7216 3840 648 ) (7216 4096 648 ) (8192 4096 648 ) 
4 933 937 (7216 3840 520 ) (7216 3840 648 ) (7216 3992 648 ) (7216 3992 520 ) 
4 933 935 (7216 3992 648 ) (7216 4096 648 ) (7216 4096 520 ) (7216 3992 520 ) 
4 933 934 (8192 3840 520 ) (7216 3840 520 ) (7216 3904 520 ) (8192 3904 520 ) 
4 934 939 (8192 3840 208 ) (7216 3840 208 ) (7216 3904 208 ) (8192 3904 208 ) 
4 934 938 (7216 3904 208 ) (7216 3840 208 ) (7216 3840 520 ) (7216 3904 520 ) 
4 935 1341 (7168 3992 648 ) (7168 4096 648 ) (7168 4096 520 ) (7168 3992 520 ) 
4 935 937 (7216 3992 520 ) (7216 3992 648 ) (7168 3992 648 ) (7168 3992 520 ) 
4 935 936 (7216 3992 520 ) (7168 3992 520 ) (7168 4096 520 ) (7216 4096 520 ) 
4 936 1342 (7168 4096 520 ) (7168 4096 208 ) (7168 3992 208 ) (7168 3992 520 ) 
4 936 940 (7168 3992 208 ) (7168 4096 208 ) (7216 4096 208 ) (7216 3992 208 ) 
4 936 938 (7168 3992 208 ) (7216 3992 208 ) (7216 3992 520 ) (7168 3992 520 ) 
4 937 1351 (7168 3840 520 ) (7168 3840 648 ) (7168 3992 648 ) (7168 3992 520 ) 
4 937 957 (7168 3840 648 ) (7168 3840 640 ) (7184 3840 640 ) (7184 3840 648 ) 
4 937 938 (7168 3992 520 ) (7216 3992 520 ) (7216 3840 520 ) (7168 3840 520 ) 
4 938 1353 (7168 3840 208 ) (7168 3840 520 ) (7168 3992 520 ) (7168 3992 208 ) 
4 938 942 (7216 3840 208 ) (7168 3840 208 ) (7168 3992 208 ) (7216 3992 208 ) 
4 939 943 (7216 3904 16 ) (7216 3840 16 ) (7216 3840 144 ) (7216 3904 144 ) 
4 939 942 (7216 3840 144 ) (7216 3840 208 ) (7216 3904 208 ) (7216 3904 144 ) 
4 940 1343 (7168 3992 208 ) (7168 4096 208 ) (7168 4096 144 ) (7168 3992 144 ) 
4 940 942 (7216 3992 144 ) (7216 3992 208 ) (7168 3992 208 ) (7168 3992 144 ) 
4 940 941 (7216 3992 144 ) (7168 3992 144 ) (7168 4096 144 ) (7216 4096 144 ) 
4 941 1344 (7168 4096 144 ) (7168 4096 16 ) (7168 3992 16 ) (7168 3992 144 ) 
4 941 943 (7168 3992 16 ) (7216 3992 16 ) (7216 3992 144 ) (7168 3992 144 ) 
4 942 1354 (7168 3840 144 ) (7168 3840 208 ) (7168 3992 208 ) (7168 3992 144 ) 
4 942 943 (7168 3992 144 ) (7216 3992 144 ) (7216 3840 144 ) (7168 3840 144 ) 
4 943 1355 (7168 3840 16 ) (7168 3840 144 ) (7168 3992 144 ) (7168 3992 16 ) 
4 944 1315 (7168 3072 1056 ) (7168 3072 1408 ) (7168 3840 1408 ) (7168 3840 1056 ) 
4 944 992 (8192 3072 1056 ) (8192 3072 1408 ) (7168 3072 1408 ) (7168 3072 1056 ) 
4 944 954 (7168 3072 1056 ) (7168 3200 1056 ) (7520 3200 1056 ) (7520 3072 1056 ) 
4 944 953 (7520 3200 1056 ) (8192 3200 1056 ) (8192 3072 1056 ) (7520 3072 1056 ) 
4 944 948 (7168 3200 1056 ) (7168 3648 1056 ) (7520 3648 1056 ) (7520 3200 1056 ) 
4 944 947 (7168 3648 1056 ) (7168 3840 1056 ) (7520 3840 1056 ) (7520 3648 1056 ) 
4 944 946 (8192 3648 1056 ) (8192 3200 1056 ) (7520 3200 1056 ) (7520 3648 1056 ) 
4 944 945 (7520 3840 1056 ) (8192 3840 1056 ) (8192 3648 1056 ) (7520 3648 1056 ) 
4 945 949 (7520 3648 800 ) (7520 3840 800 ) (8192 3840 800 ) (8192 3648 800 ) 
4 945 947 (7520 3840 800 ) (7520 3648 800 ) (7520 3648 1056 ) (7520 3840 1056 ) 
4 945 946 (7520 3648 1056 ) (7520 3648 800 ) (8192 3648 800 ) (8192 3648 1056 ) 
4 946 953 (8192 3200 800 ) (8192 3200 1056 ) (7520 3200 1056 ) (7520 3200 800 ) 
4 946 950 (8192 3200 800 ) (7520 3200 800 ) (7520 3648 800 ) (8192 3648 800 ) 
4 946 948 (7520 3648 800 ) (7520 3200 800 ) (7520 3200 1056 ) (7520 3648 1056 ) 
4 947 1316 (7168 3648 1056 ) (7168 3840 1056 ) (7168 3840 800 ) (7168 3648 800 ) 
4 947 951 (7168 3648 800 ) (7168 3840 800 ) (7520 3840 800 ) (7520 3648 800 ) 
4 947 948 (7168 3648 800 ) (7520 3648 800 ) (7520 3648 1056 ) (7168 3648 1056 ) 
4 948 1316 (7168 3200 1056 ) (7168 3648 1056 ) (7168 3648 800 ) (7168 3200 800 ) 
4 948 954 (7520 3200 1056 ) (7168 3200 1056 ) (7168 3200 800 ) (7520 3200 800 ) 
4 948 952 (7520 3200 800 ) (7168 3200 800 ) (7168 3648 800 ) (7520 3648 800 ) 
4 949 951 (7520 3840 648 ) (7520 3648 648 ) (7520 3648 800 ) (7520 3840 800 ) 
4 949 950 (7520 3648 800 ) (7520 3648 648 ) (8192 3648 648 ) (8192 3648 800 ) 
4 950 955 (7520 3200 648 ) (8192 3200 648 ) (8192 3200 800 ) (7520 3200 800 ) 
4 950 952 (7520 3648 648 ) (7520 3200 648 ) (7520 3200 800 ) (7520 3648 800 ) 
4 951 1338 (7168 3840 668 ) (7168 3840 648 ) (7168 3648 648 ) (7168 3648 668 ) 
4 951 1319 (7168 3840 800 ) (7168 3840 668 ) (7168 3648 668 ) (7168 3648 800 ) 
4 951 957 (7168 3648 648 ) (7168 3840 648 ) (7184 3840 648 ) (7184 3648 648 ) 
4 951 952 (7168 3648 648 ) (7520 3648 648 ) (7520 3648 800 ) (7168 3648 800 ) 
4 952 1338 (7168 3648 648 ) (7168 3200 648 ) (7168 3200 668 ) (7168 3648 668 ) 
4 952 1319 (7168 3200 668 ) (7168 3200 800 ) (7168 3648 800 ) (7168 3648 668 ) 
4 952 957 (7168 3200 648 ) (7168 3648 648 ) (7184 3648 648 ) (7184 3200 648 ) 
4 952 956 (7168 3200 648 ) (7520 3200 648 ) (7520 3200 800 ) (7168 3200 800 ) 
4 953 993 (8192 3072 800 ) (8192 3072 1056 ) (7520 3072 1056 ) (7520 3072 800 ) 
4 953 955 (7520 3200 800 ) (8192 3200 800 ) (8192 3072 800 ) (7520 3072 800 ) 
4 953 954 (7520 3200 1056 ) (7520 3200 800 ) (7520 3072 800 ) (7520 3072 1056 ) 
4 954 1316 (7168 3072 800 ) (7168 3072 1056 ) (7168 3200 1056 ) (7168 3200 800 ) 
4 954 993 (7520 3072 1056 ) (7168 3072 1056 ) (7168 3072 800 ) (7520 3072 800 ) 
4 954 956 (7168 3072 800 ) (7168 3200 800 ) (7520 3200 800 ) (7520 3072 800 ) 
4 955 994 (8192 3072 648 ) (8192 3072 800 ) (7520 3072 800 ) (7520 3072 648 ) 
4 955 956 (7520 3072 800 ) (7520 3200 800 ) (7520 3200 648 ) (7520 3072 648 ) 
4 956 1338 (7168 3072 648 ) (7168 3072 668 ) (7168 3200 668 ) (7168 3200 648 ) 
4 956 1319 (7168 3072 668 ) (7168 3072 800 ) (7168 3200 800 ) (7168 3200 668 ) 
4 956 994 (7520 3072 800 ) (7168 3072 800 ) (7168 3072 648 ) (7520 3072 648 ) 
4 956 957 (7184 3072 648 ) (7168 3072 648 ) (7168 3200 648 ) (7184 3200 648 ) 
4 957 1366 (7168 3072 640 ) (7168 3072 648 ) (7168 3840 648 ) (7168 3840 640 ) 
4 957 995 (7184 3072 640 ) (7184 3072 648 ) (7168 3072 648 ) (7168 3072 640 ) 
4 958 974 (9216 3072 1408 ) (9216 3072 1056 ) (9216 2048 1056 ) (9216 2048 1408 ) 
4 958 966 (10240 2048 1056 ) (10240 2048 1408 ) (9216 2048 1408 ) (9216 2048 1056 ) 
4 958 959 (10240 2048 1056 ) (9216 2048 1056 ) (9216 3072 1056 ) (10240 3072 1056 ) 
4 959 975 (9216 3072 1056 ) (9216 3072 800 ) (9216 2048 800 ) (9216 2048 1056 ) 
4 959 967 (10240 2048 800 ) (10240 2048 1056 ) (9216 2048 1056 ) (9216 2048 800 ) 
4 959 960 (9216 2048 800 ) (9216 3072 800 ) (10240 3072 800 ) (10240 2048 800 ) 
4 960 976 (9216 3072 800 ) (9216 3072 648 ) (9216 2048 648 ) (9216 2048 800 ) 
4 960 968 (10240 2048 648 ) (10240 2048 800 ) (9216 2048 800 ) (9216 2048 648 ) 
4 960 961 (9216 2048 648 ) (9216 3072 648 ) (10240 3072 648 ) (10240 2048 648 ) 
4 961 981 (9216 2304 520 ) (9216 2048 520 ) (9216 2048 648 ) (9216 2304 648 ) 
4 961 979 (9216 3072 648 ) (9216 3072 520 ) (9216 2304 520 ) (9216 2304 648 ) 
4 961 969 (10240 2048 520 ) (10240 2048 648 ) (9216 2048 648 ) (9216 2048 520 ) 
4 961 962 (9216 2048 520 ) (9216 3072 520 ) (10240 3072 520 ) (10240 2048 520 ) 
4 962 982 (9216 2304 208 ) (9216 2048 208 ) (9216 2048 520 ) (9216 2304 520 ) 
4 962 980 (9216 3072 520 ) (9216 3072 208 ) (9216 2304 208 ) (9216 2304 520 ) 
4 962 970 (10240 2048 208 ) (10240 2048 520 ) (9216 2048 520 ) (9216 2048 208 ) 
4 962 963 (10240 2048 208 ) (9216 2048 208 ) (9216 3072 208 ) (10240 3072 208 ) 
4 963 985 (9216 2304 144 ) (9216 2048 144 ) (9216 2048 208 ) (9216 2304 208 ) 
4 963 983 (9216 3072 208 ) (9216 3072 144 ) (9216 2304 144 ) (9216 2304 208 ) 
4 963 971 (10240 2048 144 ) (10240 2048 208 ) (9216 2048 208 ) (9216 2048 144 ) 
4 963 964 (9216 2048 144 ) (9216 3072 144 ) (10240 3072 144 ) (10240 2048 144 ) 
4 964 986 (9216 2304 16 ) (9216 2048 16 ) (9216 2048 144 ) (9216 2304 144 ) 
4 964 984 (9216 3072 144 ) (9216 3072 16 ) (9216 2304 16 ) (9216 2304 144 ) 
4 964 972 (10240 2048 16 ) (10240 2048 144 ) (9216 2048 144 ) (9216 2048 16 ) 
6 964 965 (9464 2048 16 ) (9216 2048 16 ) (9216 2855.488037 16 ) (9315.980469 2788.020264 16 ) (9426 2625.001953 16 ) (9464 2432 16 ) 
4 965 988 (9216 2440 8 ) (9216 2048 8 ) (9216 2048 16 ) (9216 2440 16 ) 
4 965 987 (9216 2855.488037 8 ) (9216 2440 8 ) (9216 2440 16 ) (9216 2855.488037 16 ) 
4 965 973 (9464 2048 16 ) (9216 2048 16 ) (9216 2048 8 ) (9464 2048 8 ) 
4 966 1030 (10240 1024 1056 ) (10240 1024 1408 ) (9216 1024 1408 ) (9216 1024 1056 ) 
4 966 1008 (9216 1024 1056 ) (9216 1024 1408 ) (9216 1408 1408 ) (9216 1408 1056 ) 
4 966 1007 (9216 1408 1408 ) (9216 2048 1408 ) (9216 2048 1056 ) (9216 1408 1056 ) 
4 966 967 (10240 1024 1056 ) (9216 1024 1056 ) (9216 2048 1056 ) (10240 2048 1056 ) 
4 967 1031 (10240 1024 800 ) (10240 1024 1056 ) (9216 1024 1056 ) (9216 1024 800 ) 
4 967 1009 (9216 1024 800 ) (9216 1024 1056 ) (9216 2048 1056 ) (9216 2048 800 ) 
4 967 968 (10240 1024 800 ) (9216 1024 800 ) (9216 2048 800 ) (10240 2048 800 ) 
4 968 1032 (10240 1024 648 ) (10240 1024 800 ) (9216 1024 800 ) (9216 1024 648 ) 
4 968 1010 (9216 1024 648 ) (9216 1024 800 ) (9216 2048 800 ) (9216 2048 648 ) 
4 968 969 (10240 2048 648 ) (10240 1024 648 ) (9216 1024 648 ) (9216 2048 648 ) 
4 969 1036 (10240 1024 520 ) (10240 1024 648 ) (9216 1024 648 ) (9216 1024 520 ) 
4 969 1011 (9216 1024 520 ) (9216 1024 648 ) (9216 2048 648 ) (9216 2048 520 ) 
4 969 970 (10240 2048 520 ) (10240 1024 520 ) (9216 1024 520 ) (9216 2048 520 ) 
4 970 1037 (10240 1024 208 ) (10240 1024 520 ) (9216 1024 520 ) (9216 1024 208 ) 
4 970 1012 (9216 1024 208 ) (9216 1024 520 ) (9216 2048 520 ) (9216 2048 208 ) 
4 970 971 (10240 1024 208 ) (9216 1024 208 ) (9216 2048 208 ) (10240 2048 208 ) 
4 971 1038 (10240 1024 144 ) (10240 1024 208 ) (9216 1024 208 ) (9216 1024 144 ) 
4 971 1013 (9216 1024 144 ) (9216 1024 208 ) (9216 2048 208 ) (9216 2048 144 ) 
4 971 972 (10240 2048 144 ) (10240 1024 144 ) (9216 1024 144 ) (9216 2048 144 ) 
4 972 1039 (10240 1024 16 ) (10240 1024 144 ) (9216 1024 144 ) (9216 1024 16 ) 
4 972 1014 (9216 1024 16 ) (9216 1024 144 ) (9216 2048 144 ) (9216 2048 16 ) 
4 972 973 (9464 1024 16 ) (9216 1024 16 ) (9216 2048 16 ) (9464 2048 16 ) 
4 973 1044 (9464 1024 16 ) (9216 1024 16 ) (9216 1024 8 ) (9464 1024 8 ) 
4 973 1015 (9216 1024 8 ) (9216 1024 16 ) (9216 2048 16 ) (9216 2048 8 ) 
4 974 1007 (9216 2048 1056 ) (9216 2048 1408 ) (8192 2048 1408 ) (8192 2048 1056 ) 
4 974 992 (8192 3072 1408 ) (8192 3072 1056 ) (8192 2048 1056 ) (8192 2048 1408 ) 
4 974 977 (8192 2304 1056 ) (8192 3072 1056 ) (8832 3072 1056 ) (8832 2304 1056 ) 
4 974 975 (8832 3072 1056 ) (9216 3072 1056 ) (9216 2048 1056 ) (8832 2048 1056 ) 
4 975 1009 (9216 2048 800 ) (9216 2048 1056 ) (8832 2048 1056 ) (8832 2048 800 ) 
4 975 977 (8832 2304 1056 ) (8832 3072 1056 ) (8832 3072 800 ) (8832 2304 800 ) 
4 975 976 (8832 2048 800 ) (8832 3072 800 ) (9216 3072 800 ) (9216 2048 800 ) 
4 976 1010 (9216 2048 648 ) (9216 2048 800 ) (8832 2048 800 ) (8832 2048 648 ) 
4 976 981 (9216 2048 648 ) (8832 2048 648 ) (8832 2304 648 ) (9216 2304 648 ) 
4 976 979 (8832 2304 648 ) (8832 3072 648 ) (9216 3072 648 ) (9216 2304 648 ) 
4 976 978 (8832 3072 648 ) (8832 2304 648 ) (8832 2304 800 ) (8832 3072 800 ) 
4 977 993 (8192 3072 1056 ) (8192 3072 800 ) (8192 2304 800 ) (8192 2304 1056 ) 
4 977 978 (8192 2304 800 ) (8192 3072 800 ) (8832 3072 800 ) (8832 2304 800 ) 
4 978 994 (8192 3072 800 ) (8192 3072 648 ) (8192 2304 648 ) (8192 2304 800 ) 
4 978 979 (8192 2304 648 ) (8192 3072 648 ) (8832 3072 648 ) (8832 2304 648 ) 
4 979 995 (8192 3072 648 ) (8192 3072 520 ) (8192 2304 520 ) (8192 2304 648 ) 
4 979 981 (9216 2304 520 ) (9216 2304 648 ) (8832 2304 648 ) (8832 2304 520 ) 
4 979 980 (9216 2304 520 ) (8192 2304 520 ) (8192 3072 520 ) (9216 3072 520 ) 
4 980 996 (8192 3072 520 ) (8192 3072 208 ) (8192 2304 208 ) (8192 2304 520 ) 
4 980 983 (8192 2304 208 ) (8192 3072 208 ) (9216 3072 208 ) (9216 2304 208 ) 
4 980 982 (8832 2304 208 ) (9216 2304 208 ) (9216 2304 520 ) (8832 2304 520 ) 
4 981 1011 (9216 2048 520 ) (9216 2048 648 ) (8832 2048 648 ) (8832 2048 520 ) 
4 981 982 (8832 2048 520 ) (8832 2304 520 ) (9216 2304 520 ) (9216 2048 520 ) 
4 982 1012 (9216 2048 208 ) (9216 2048 520 ) (8832 2048 520 ) (8832 2048 208 ) 
4 982 985 (8832 2304 208 ) (9216 2304 208 ) (9216 2048 208 ) (8832 2048 208 ) 
4 983 997 (8192 3072 208 ) (8192 3072 144 ) (8192 2304 144 ) (8192 2304 208 ) 
4 983 985 (9216 2304 144 ) (9216 2304 208 ) (8832 2304 208 ) (8832 2304 144 ) 
4 983 984 (9216 2304 144 ) (8192 2304 144 ) (8192 3072 144 ) (9216 3072 144 ) 
4 984 998 (8192 3072 144 ) (8192 3072 16 ) (8192 2304 16 ) (8192 2304 144 ) 
3 984 991 (8963.998047 2439 16 ) (8966.400391 2438.400146 16 ) (8967 2435.998291 16 ) 
3 984 990 (8966.400391 2438.400146 16 ) (8968 2438 16 ) (8968 2432 16 ) 
3 984 989 (8960 2440 16 ) (8968 2440 16 ) (8968 2438 16 ) 
4 984 988 (8968 2440 16 ) (9216 2440 16 ) (9216 2304 16 ) (8968 2304 16 ) 
6 984 987 (8192 2440 16 ) (8192 2936 16 ) (8959.998047 2936 16 ) (9153.001953 2898 16 ) (9216 2855.488037 16 ) (9216 2440 16 ) 
4 984 986 (8832 2304 16 ) (9216 2304 16 ) (9216 2304 144 ) (8832 2304 144 ) 
4 985 1013 (9216 2048 144 ) (9216 2048 208 ) (8832 2048 208 ) (8832 2048 144 ) 
4 985 986 (8832 2304 144 ) (9216 2304 144 ) (9216 2048 144 ) (8832 2048 144 ) 
4 986 1014 (9216 2048 16 ) (9216 2048 144 ) (8832 2048 144 ) (8832 2048 16 ) 
4 986 988 (9216 2048 16 ) (8968 2048 16 ) (8968 2304 16 ) (9216 2304 16 ) 
4 987 1006 (8192 2936 8 ) (8192 2440 8 ) (8192 2440 16 ) (8192 2936 16 ) 
4 987 989 (8960 2440 8 ) (8968 2440 8 ) (8968 2440 16 ) (8960 2440 16 ) 
4 987 988 (8968 2440 8 ) (9216 2440 8 ) (9216 2440 16 ) (8968 2440 16 ) 
4 988 1015 (9216 2048 8 ) (9216 2048 16 ) (8968 2048 16 ) (8968 2048 8 ) 
4 988 990 (8968 2438 8 ) (8968 2432 8 ) (8968 2432 16 ) (8968 2438 16 ) 
4 988 989 (8968 2440 16 ) (8968 2440 8 ) (8968 2438 8 ) (8968 2438 16 ) 
4 989 991 (8964 2439 8 ) (8966.400391 2438.399902 8 ) (8966.400391 2438.399902 16 ) (8964 2439 16 ) 
4 989 990 (8966.400391 2438.399902 8 ) (8968 2438 8 ) (8968 2438 16 ) (8966.400391 2438.399902 16 ) 
4 990 991 (8966.400391 2438.400391 16 ) (8966.400391 2438.400391 8 ) (8967 2435.998535 8 ) (8967 2435.998535 16 ) 
4 992 1472 (7168 2048 1056 ) (7168 2048 1408 ) (7168 2304 1408 ) (7168 2304 1056 ) 
4 992 1460 (7168 2304 1408 ) (7168 3072 1408 ) (7168 3072 1056 ) (7168 2304 1056 ) 
4 992 1016 (8192 2048 1056 ) (8192 2048 1408 ) (7168 2048 1408 ) (7168 2048 1056 ) 
4 992 999 (8064 2048 1056 ) (7168 2048 1056 ) (7168 2304 1056 ) (8064 2304 1056 ) 
4 992 993 (7168 2304 1056 ) (7168 3072 1056 ) (8192 3072 1056 ) (8192 2304 1056 ) 
4 993 1462 (7168 2304 1056 ) (7168 3072 1056 ) (7168 3072 800 ) (7168 2304 800 ) 
4 993 1000 (7680 2304 800 ) (8064 2304 800 ) (8064 2304 880 ) (7680 2304 880 ) 
4 993 999 (8064 2304 1056 ) (7168 2304 1056 ) (7168 2304 880 ) (8064 2304 880 ) 
4 993 994 (8192 2304 800 ) (7168 2304 800 ) (7168 3072 800 ) (8192 3072 800 ) 
4 994 1464 (7168 3072 800 ) (7168 3072 648 ) (7168 2304 648 ) (7168 2304 800 ) 
4 994 1002 (7680 2304 736 ) (7680 2304 648 ) (8064 2304 648 ) (8064 2304 736 ) 
4 994 1001 (8064 2304 800 ) (7680 2304 800 ) (7680 2304 736 ) (8064 2304 736 ) 
4 994 995 (8192 2304 648 ) (7168 2304 648 ) (7168 3072 648 ) (8192 3072 648 ) 
4 995 1466 (7168 3072 648 ) (7168 3072 520 ) (7168 2304 520 ) (7168 2304 648 ) 
4 995 1002 (8064 2304 648 ) (7680 2304 648 ) (7680 2304 520 ) (8064 2304 520 ) 
4 995 996 (8192 2304 520 ) (7168 2304 520 ) (7168 3072 520 ) (8192 3072 520 ) 
4 996 1468 (7168 3072 520 ) (7168 3072 208 ) (7168 2304 208 ) (7168 2304 520 ) 
4 996 1003 (8064 2304 520 ) (7680 2304 520 ) (7680 2304 208 ) (8064 2304 208 ) 
4 996 997 (8192 2304 208 ) (7168 2304 208 ) (7168 3072 208 ) (8192 3072 208 ) 
4 997 1470 (7168 3072 208 ) (7168 3072 144 ) (7168 2304 144 ) (7168 2304 208 ) 
4 997 1004 (7680 2304 168 ) (7680 2304 144 ) (8064 2304 144 ) (8064 2304 168 ) 
4 997 1003 (8064 2304 208 ) (7680 2304 208 ) (7680 2304 168 ) (8064 2304 168 ) 
4 997 998 (8192 2304 144 ) (7168 2304 144 ) (7168 3072 144 ) (8192 3072 144 ) 
4 998 1471 (7168 3072 144 ) (7168 3072 16 ) (7168 2304 16 ) (7168 2304 144 ) 
4 998 1006 (8192 2936 16 ) (8192 2440 16 ) (7168 2440 16 ) (7168 2936 16 ) 
4 998 1005 (7680 2304 16 ) (8064 2304 16 ) (8064 2304 144 ) (7680 2304 144 ) 
4 999 1473 (7168 2048 880 ) (7168 2048 1056 ) (7168 2304 1056 ) (7168 2304 880 ) 
4 999 1017 (8064 2048 1056 ) (7168 2048 1056 ) (7168 2048 880 ) (8064 2048 880 ) 
4 999 1000 (7680 2304 880 ) (8064 2304 880 ) (8064 2048 880 ) (7680 2048 880 ) 
4 1000 1018 (8064 2048 800 ) (8064 2048 880 ) (7680 2048 880 ) (7680 2048 800 ) 
4 1000 1001 (7680 2048 800 ) (7680 2304 800 ) (8064 2304 800 ) (8064 2048 800 ) 
4 1001 1019 (8064 2048 736 ) (8064 2048 800 ) (7680 2048 800 ) (7680 2048 736 ) 
4 1001 1002 (7680 2176 736 ) (7680 2304 736 ) (8064 2304 736 ) (8064 2176 736 ) 
4 1002 1003 (7680 2176 520 ) (7680 2304 520 ) (8064 2304 520 ) (8064 2176 520 ) 
4 1003 1004 (7680 2176 168 ) (7680 2304 168 ) (8064 2304 168 ) (8064 2176 168 ) 
4 1004 1005 (7680 2176 144 ) (7680 2304 144 ) (8064 2304 144 ) (8064 2176 144 ) 
4 1006 1495 (7168 2440 16 ) (7168 2936 16 ) (7168 2936 8 ) (7168 2440 8 ) 
4 1007 1016 (8192 2048 1408 ) (8192 2048 1056 ) (8192 1408 1056 ) (8192 1408 1408 ) 
4 1007 1009 (8832 2048 1056 ) (9216 2048 1056 ) (9216 1408 1056 ) (8832 1408 1056 ) 
4 1007 1008 (8832 1408 1056 ) (9216 1408 1056 ) (9216 1408 1408 ) (8832 1408 1408 ) 
4 1008 1045 (9216 1024 1056 ) (9216 1024 1408 ) (8832 1024 1408 ) (8832 1024 1056 ) 
4 1008 1009 (9216 1024 1056 ) (8832 1024 1056 ) (8832 1408 1056 ) (9216 1408 1056 ) 
4 1009 1046 (9216 1024 800 ) (9216 1024 1056 ) (8832 1024 1056 ) (8832 1024 800 ) 
4 1009 1010 (9216 1024 800 ) (8832 1024 800 ) (8832 2048 800 ) (9216 2048 800 ) 
4 1010 1047 (9216 1024 648 ) (9216 1024 800 ) (8832 1024 800 ) (8832 1024 648 ) 
4 1010 1011 (8832 1024 648 ) (8832 2048 648 ) (9216 2048 648 ) (9216 1024 648 ) 
4 1011 1048 (9216 1024 520 ) (9216 1024 648 ) (8832 1024 648 ) (8832 1024 520 ) 
4 1011 1012 (9216 1024 520 ) (8832 1024 520 ) (8832 2048 520 ) (9216 2048 520 ) 
4 1012 1049 (9216 1024 208 ) (9216 1024 520 ) (8832 1024 520 ) (8832 1024 208 ) 
4 1012 1013 (9216 1024 208 ) (8832 1024 208 ) (8832 2048 208 ) (9216 2048 208 ) 
4 1013 1050 (9216 1024 144 ) (9216 1024 208 ) (8832 1024 208 ) (8832 1024 144 ) 
4 1013 1014 (8832 1024 144 ) (8832 2048 144 ) (9216 2048 144 ) (9216 1024 144 ) 
4 1014 1051 (9216 1024 16 ) (9216 1024 144 ) (8832 1024 144 ) (8832 1024 16 ) 
4 1014 1015 (8968 2048 16 ) (9216 2048 16 ) (9216 1024 16 ) (8968 1024 16 ) 
4 1015 1052 (9216 1024 8 ) (9216 1024 16 ) (8968 1024 16 ) (8968 1024 8 ) 
4 1016 1613 (7168 1408 1056 ) (7168 1408 1120 ) (7168 2048 1120 ) (7168 2048 1056 ) 
4 1016 1612 (7168 1408 1120 ) (7168 1408 1408 ) (7168 2048 1408 ) (7168 2048 1120 ) 
4 1016 1021 (7296 1408 1120 ) (7232 1408 1120 ) (7232 1408 1056 ) (7296 1408 1056 ) 
4 1016 1020 (7296 1408 1408 ) (7168 1408 1408 ) (7168 1408 1120 ) (7296 1408 1120 ) 
4 1016 1017 (8064 1408 1056 ) (7168 1408 1056 ) (7168 2048 1056 ) (8064 2048 1056 ) 
4 1017 1614 (7168 1408 880 ) (7168 1408 1056 ) (7168 2048 1056 ) (7168 2048 880 ) 
4 1017 1022 (7296 1408 1056 ) (7232 1408 1056 ) (7232 1408 912 ) (7296 1408 912 ) 
4 1017 1018 (8064 1408 880 ) (7680 1408 880 ) (7680 2048 880 ) (8064 2048 880 ) 
4 1018 1019 (7680 1408 800 ) (7680 2048 800 ) (8064 2048 800 ) (8064 1408 800 ) 
4 1020 1612 (7168 1024 1120 ) (7168 1024 1408 ) (7168 1408 1408 ) (7168 1408 1120 ) 
4 1020 1055 (7232 1024 1408 ) (7168 1024 1408 ) (7168 1024 1120 ) (7232 1024 1120 ) 
4 1020 1053 (7296 1024 1408 ) (7232 1024 1408 ) (7232 1024 1120 ) (7296 1024 1120 ) 
4 1020 1021 (7296 1024 1120 ) (7232 1024 1120 ) (7232 1408 1120 ) (7296 1408 1120 ) 
4 1021 1053 (7296 1024 1120 ) (7232 1024 1120 ) (7232 1024 1056 ) (7296 1024 1056 ) 
4 1021 1022 (7232 1408 1056 ) (7296 1408 1056 ) (7296 1024 1056 ) (7232 1024 1056 ) 
4 1022 1054 (7296 1024 1056 ) (7232 1024 1056 ) (7232 1024 912 ) (7296 1024 912 ) 
4 1023 1030 (10240 1024 1408 ) (10240 1024 1056 ) (10240 960 1056 ) (10240 960 1408 ) 
4 1023 1024 (10240 960 1056 ) (10240 1024 1056 ) (10368 1024 1056 ) (10368 960 1056 ) 
4 1024 1031 (10240 1024 1056 ) (10240 1024 800 ) (10240 960 800 ) (10240 960 1056 ) 
4 1024 1025 (10240 1024 800 ) (10368 1024 800 ) (10368 960 800 ) (10240 960 800 ) 
4 1025 1032 (10240 1024 800 ) (10240 1024 648 ) (10240 960 648 ) (10240 960 800 ) 
4 1025 1026 (10240 1024 648 ) (10368 1024 648 ) (10368 960 648 ) (10240 960 648 ) 
4 1026 1036 (10240 1024 648 ) (10240 1024 520 ) (10240 960 520 ) (10240 960 648 ) 
4 1026 1027 (10240 960 520 ) (10240 1024 520 ) (10368 1024 520 ) (10368 960 520 ) 
4 1027 1037 (10240 1024 520 ) (10240 1024 384 ) (10240 960 384 ) (10240 960 520 ) 
4 1027 1028 (10240 1024 384 ) (10368 1024 384 ) (10368 960 384 ) (10240 960 384 ) 
4 1028 1037 (10240 1024 384 ) (10240 1024 208 ) (10240 960 208 ) (10240 960 384 ) 
4 1028 1029 (10240 960 208 ) (10240 1024 208 ) (10368 1024 208 ) (10368 960 208 ) 
4 1029 1039 (10240 1024 144 ) (10240 1024 16 ) (10240 960 16 ) (10240 960 144 ) 
4 1029 1038 (10240 1024 208 ) (10240 1024 144 ) (10240 960 144 ) (10240 960 208 ) 
4 1030 1045 (9216 1024 1408 ) (9216 1024 1056 ) (9216 960 1056 ) (9216 960 1408 ) 
4 1030 1033 (9600 960 1408 ) (9216 960 1408 ) (9216 960 1056 ) (9600 960 1056 ) 
4 1030 1031 (10240 960 1056 ) (9216 960 1056 ) (9216 1024 1056 ) (10240 1024 1056 ) 
4 1031 1046 (9216 1024 1056 ) (9216 1024 800 ) (9216 960 800 ) (9216 960 1056 ) 
4 1031 1034 (9600 960 1056 ) (9216 960 1056 ) (9216 960 800 ) (9600 960 800 ) 
4 1031 1032 (10240 960 800 ) (9216 960 800 ) (9216 1024 800 ) (10240 1024 800 ) 
4 1032 1047 (9216 1024 800 ) (9216 1024 648 ) (9216 960 648 ) (9216 960 800 ) 
4 1032 1036 (9216 960 648 ) (9216 1024 648 ) (10240 1024 648 ) (10240 960 648 ) 
4 1032 1035 (9216 960 648 ) (9600 960 648 ) (9600 960 800 ) (9216 960 800 ) 
4 1033 1045 (9216 768 1056 ) (9216 768 1408 ) (9216 960 1408 ) (9216 960 1056 ) 
4 1033 1034 (9600 768 1056 ) (9216 768 1056 ) (9216 960 1056 ) (9600 960 1056 ) 
4 1034 1046 (9216 768 800 ) (9216 768 1056 ) (9216 960 1056 ) (9216 960 800 ) 
4 1034 1035 (9600 768 800 ) (9216 768 800 ) (9216 960 800 ) (9600 960 800 ) 
4 1035 1047 (9216 960 648 ) (9216 768 648 ) (9216 768 800 ) (9216 960 800 ) 
4 1035 1040 (9600 768 648 ) (9216 768 648 ) (9216 960 648 ) (9600 960 648 ) 
4 1036 1048 (9216 1024 648 ) (9216 1024 520 ) (9216 960 520 ) (9216 960 648 ) 
4 1036 1040 (9600 960 648 ) (9216 960 648 ) (9216 960 520 ) (9600 960 520 ) 
4 1036 1037 (10240 960 520 ) (9216 960 520 ) (9216 1024 520 ) (10240 1024 520 ) 
4 1037 1049 (9216 1024 520 ) (9216 1024 208 ) (9216 960 208 ) (9216 960 520 ) 
4 1037 1041 (9600 960 520 ) (9216 960 520 ) (9216 960 208 ) (9600 960 208 ) 
4 1037 1038 (10240 960 208 ) (9216 960 208 ) (9216 1024 208 ) (10240 1024 208 ) 
4 1038 1050 (9216 1024 208 ) (9216 1024 144 ) (9216 960 144 ) (9216 960 208 ) 
4 1038 1042 (9600 960 208 ) (9216 960 208 ) (9216 960 144 ) (9600 960 144 ) 
4 1038 1039 (10240 960 144 ) (9216 960 144 ) (9216 1024 144 ) (10240 1024 144 ) 
4 1039 1051 (9216 1024 144 ) (9216 1024 16 ) (9216 960 16 ) (9216 960 144 ) 
4 1039 1044 (9216 960 16 ) (9216 1024 16 ) (9464 1024 16 ) (9464 960 16 ) 
4 1039 1043 (9216 960 16 ) (9600 960 16 ) (9600 960 144 ) (9216 960 144 ) 
4 1040 1048 (9216 768 520 ) (9216 768 648 ) (9216 960 648 ) (9216 960 520 ) 
4 1040 1041 (9600 768 520 ) (9216 768 520 ) (9216 960 520 ) (9600 960 520 ) 
4 1041 1049 (9216 768 208 ) (9216 768 520 ) (9216 960 520 ) (9216 960 208 ) 
4 1041 1042 (9600 768 208 ) (9216 768 208 ) (9216 960 208 ) (9600 960 208 ) 
4 1042 1050 (9216 768 144 ) (9216 768 208 ) (9216 960 208 ) (9216 960 144 ) 
4 1042 1043 (9216 960 144 ) (9600 960 144 ) (9600 768 144 ) (9216 768 144 ) 
4 1043 1051 (9216 960 16 ) (9216 768 16 ) (9216 768 144 ) (9216 960 144 ) 
4 1043 1044 (9216 768 16 ) (9216 960 16 ) (9464 960 16 ) (9464 768 16 ) 
4 1044 1052 (9216 768 16 ) (9216 1024 16 ) (9216 1024 8 ) (9216 768 8 ) 
4 1045 1046 (9216 768 1056 ) (8832 768 1056 ) (8832 1024 1056 ) (9216 1024 1056 ) 
4 1046 1047 (9216 768 800 ) (8832 768 800 ) (8832 1024 800 ) (9216 1024 800 ) 
4 1047 1048 (9216 768 648 ) (8832 768 648 ) (8832 1024 648 ) (9216 1024 648 ) 
4 1048 1049 (9216 768 520 ) (8832 768 520 ) (8832 1024 520 ) (9216 1024 520 ) 
4 1049 1050 (9216 768 208 ) (8832 768 208 ) (8832 1024 208 ) (9216 1024 208 ) 
4 1050 1051 (9216 768 144 ) (8832 768 144 ) (8832 1024 144 ) (9216 1024 144 ) 
4 1051 1052 (9216 768 16 ) (8968 768 16 ) (8968 1024 16 ) (9216 1024 16 ) 
4 1053 1055 (7232 1024 1408 ) (7232 1024 1120 ) (7232 0 1120 ) (7232 0 1408 ) 
4 1053 1054 (7232 0 1056 ) (7232 1024 1056 ) (7296 1024 1056 ) (7296 0 1056 ) 
4 1055 1969 (7168 0 1120 ) (7168 0 1408 ) (7168 1024 1408 ) (7168 1024 1120 ) 
4 1056 1069 (7168 5568 648 ) (7168 5568 1920 ) (7104 5568 1920 ) (7104 5568 648 ) 
4 1056 1059 (7104 5568 648 ) (7104 5568 1920 ) (7104 6144 1920 ) (7104 6144 648 ) 
4 1056 1057 (7168 5568 648 ) (7104 5568 648 ) (7104 6144 648 ) (7168 6144 648 ) 
4 1057 1070 (7168 5568 544 ) (7168 5568 648 ) (7104 5568 648 ) (7104 5568 544 ) 
4 1057 1061 (7104 5568 544 ) (7104 5568 648 ) (7104 6144 648 ) (7104 6144 544 ) 
4 1058 1073 (7168 5568 52 ) (7168 5568 132 ) (7152 5568 132 ) (7152 5568 52 ) 
4 1059 1077 (6920 5568 1920 ) (6516 5568 1920 ) (6516 5568 648 ) (6920 5568 648 ) 
4 1059 1074 (7104 5568 648 ) (7104 5568 1920 ) (6920 5568 1920 ) (6920 5568 648 ) 
4 1059 1061 (6516 6144 648 ) (7104 6144 648 ) (7104 5568 648 ) (6516 5568 648 ) 
4 1059 1060 (6516 6144 648 ) (6516 5568 648 ) (6516 5568 1920 ) (6516 6144 1920 ) 
4 1060 1078 (6516 5568 1920 ) (6464 5568 1920 ) (6464 5568 648 ) (6516 5568 648 ) 
4 1060 1063 (6464 5568 648 ) (6464 5568 1920 ) (6464 6144 1920 ) (6464 6144 648 ) 
4 1060 1062 (6464 5568 648 ) (6464 6144 648 ) (6516 6144 648 ) (6516 5568 648 ) 
4 1061 1079 (6920 5568 648 ) (6516 5568 648 ) (6516 5568 544 ) (6920 5568 544 ) 
4 1061 1075 (7104 5568 544 ) (7104 5568 648 ) (6920 5568 648 ) (6920 5568 544 ) 
4 1061 1062 (6516 6144 544 ) (6516 5568 544 ) (6516 5568 648 ) (6516 6144 648 ) 
4 1062 1080 (6516 5568 648 ) (6464 5568 648 ) (6464 5568 544 ) (6516 5568 544 ) 
4 1062 1064 (6464 5568 544 ) (6464 5568 648 ) (6464 6144 648 ) (6464 6144 544 ) 
4 1063 1102 (6144 6144 800 ) (6144 6144 648 ) (6144 5568 648 ) (6144 5568 800 ) 
4 1063 1101 (6144 6144 1056 ) (6144 6144 800 ) (6144 5568 800 ) (6144 5568 1056 ) 
4 1063 1098 (6144 6144 1184 ) (6144 6144 1056 ) (6144 5568 1056 ) (6144 5568 1184 ) 
4 1063 1095 (6144 6144 1920 ) (6144 6144 1184 ) (6144 5568 1184 ) (6144 5568 1920 ) 
4 1063 1078 (6144 5568 1920 ) (6144 5568 648 ) (6464 5568 648 ) (6464 5568 1920 ) 
4 1063 1064 (6464 6144 648 ) (6464 5568 648 ) (6144 5568 648 ) (6144 6144 648 ) 
4 1064 1103 (6144 6144 648 ) (6144 6144 544 ) (6144 5568 544 ) (6144 5568 648 ) 
4 1064 1080 (6144 5568 648 ) (6144 5568 544 ) (6464 5568 544 ) (6464 5568 648 ) 
4 1064 1065 (6144 6144 544 ) (6272 6144 544 ) (6272 5568 544 ) (6144 5568 544 ) 
4 1065 1103 (6144 6144 544 ) (6144 6144 520 ) (6144 5568 520 ) (6144 5568 544 ) 
4 1065 1081 (6144 5568 544 ) (6144 5568 520 ) (6272 5568 520 ) (6272 5568 544 ) 
4 1065 1066 (6272 6144 520 ) (6272 5568 520 ) (6144 5568 520 ) (6144 6144 520 ) 
4 1066 1104 (6144 6144 520 ) (6144 6144 208 ) (6144 5568 208 ) (6144 5568 520 ) 
4 1066 1082 (6144 5568 520 ) (6144 5568 208 ) (6272 5568 208 ) (6272 5568 520 ) 
4 1066 1067 (6144 6144 208 ) (6272 6144 208 ) (6272 5568 208 ) (6144 5568 208 ) 
4 1067 1108 (6144 6144 208 ) (6144 6144 144 ) (6144 5568 144 ) (6144 5568 208 ) 
4 1067 1084 (6144 5568 208 ) (6144 5568 144 ) (6272 5568 144 ) (6272 5568 208 ) 
4 1067 1068 (6272 5568 144 ) (6144 5568 144 ) (6144 6144 144 ) (6272 6144 144 ) 
4 1068 1110 (6144 6144 144 ) (6144 6144 16 ) (6144 5568 16 ) (6144 5568 144 ) 
4 1068 1085 (6144 5568 144 ) (6144 5568 16 ) (6272 5568 16 ) (6272 5568 144 ) 
4 1069 1136 (7168 5120 648 ) (7168 5120 800 ) (7104 5120 800 ) (7104 5120 648 ) 
4 1069 1134 (7168 5120 800 ) (7168 5120 912 ) (7104 5120 912 ) (7104 5120 800 ) 
4 1069 1127 (7168 5120 912 ) (7168 5120 1024 ) (7104 5120 1024 ) (7104 5120 912 ) 
4 1069 1116 (7168 5120 1024 ) (7168 5120 1204 ) (7104 5120 1204 ) (7104 5120 1024 ) 
4 1069 1115 (7168 5120 1204 ) (7168 5120 1920 ) (7104 5120 1920 ) (7104 5120 1204 ) 
4 1069 1086 (7104 5504 648 ) (7104 5120 648 ) (7104 5120 1920 ) (7104 5504 1920 ) 
4 1069 1074 (7104 5568 1920 ) (7104 5568 648 ) (7104 5504 648 ) (7104 5504 1920 ) 
4 1069 1070 (7168 5120 648 ) (7104 5120 648 ) (7104 5568 648 ) (7168 5568 648 ) 
4 1070 1164 (7168 5120 520 ) (7168 5120 648 ) (7104 5120 648 ) (7104 5120 520 ) 
4 1070 1087 (7104 5504 520 ) (7104 5120 520 ) (7104 5120 648 ) (7104 5504 648 ) 
4 1070 1075 (7104 5568 648 ) (7104 5568 544 ) (7104 5504 544 ) (7104 5504 648 ) 
4 1070 1071 (7104 5120 520 ) (7104 5568 520 ) (7168 5568 520 ) (7168 5120 520 ) 
4 1071 1168 (7168 5120 208 ) (7168 5120 520 ) (7104 5120 520 ) (7104 5120 208 ) 
4 1071 1090 (7104 5504 208 ) (7104 5120 208 ) (7104 5120 520 ) (7104 5504 520 ) 
4 1071 1072 (7104 5120 208 ) (7104 5568 208 ) (7168 5568 208 ) (7168 5120 208 ) 
4 1072 1171 (7168 5120 144 ) (7168 5120 208 ) (7104 5120 208 ) (7104 5120 144 ) 
4 1072 1092 (7104 5504 144 ) (7104 5120 144 ) (7104 5120 208 ) (7104 5504 208 ) 
4 1072 1073 (7168 5120 144 ) (7104 5120 144 ) (7104 5568 144 ) (7168 5568 144 ) 
4 1073 1174 (7168 5120 16 ) (7168 5120 144 ) (7104 5120 144 ) (7104 5120 16 ) 
4 1073 1094 (7168 5368 16 ) (7168 5120 16 ) (7104 5120 16 ) (7104 5368 16 ) 
4 1073 1093 (7104 5504 16 ) (7104 5120 16 ) (7104 5120 144 ) (7104 5504 144 ) 
4 1074 1086 (7104 5504 648 ) (7104 5504 1920 ) (6920 5504 1920 ) (6920 5504 648 ) 
4 1074 1077 (6920 5568 1920 ) (6920 5568 648 ) (6920 5504 648 ) (6920 5504 1920 ) 
4 1074 1075 (7104 5504 648 ) (6920 5504 648 ) (6920 5568 648 ) (7104 5568 648 ) 
4 1075 1087 (7104 5504 544 ) (7104 5504 648 ) (6920 5504 648 ) (6920 5504 544 ) 
4 1075 1079 (6920 5568 648 ) (6920 5568 544 ) (6920 5504 544 ) (6920 5504 648 ) 
4 1076 1093 (7056 5504 52 ) (7056 5504 132 ) (6960 5504 132 ) (6960 5504 52 ) 
4 1077 1086 (6516 5504 648 ) (6920 5504 648 ) (6920 5504 1920 ) (6516 5504 1920 ) 
4 1077 1079 (6516 5568 648 ) (6920 5568 648 ) (6920 5504 648 ) (6516 5504 648 ) 
4 1077 1078 (6516 5568 648 ) (6516 5504 648 ) (6516 5504 1920 ) (6516 5568 1920 ) 
4 1078 1102 (6144 5568 800 ) (6144 5568 648 ) (6144 5504 648 ) (6144 5504 800 ) 
4 1078 1101 (6144 5568 1056 ) (6144 5568 800 ) (6144 5504 800 ) (6144 5504 1056 ) 
4 1078 1098 (6144 5568 1184 ) (6144 5568 1056 ) (6144 5504 1056 ) (6144 5504 1184 ) 
4 1078 1095 (6144 5568 1920 ) (6144 5568 1184 ) (6144 5504 1184 ) (6144 5504 1920 ) 
4 1078 1088 (6144 5504 1920 ) (6144 5504 648 ) (6516 5504 648 ) (6516 5504 1920 ) 
4 1078 1080 (6144 5568 648 ) (6516 5568 648 ) (6516 5504 648 ) (6144 5504 648 ) 
4 1079 1087 (6516 5504 544 ) (6920 5504 544 ) (6920 5504 648 ) (6516 5504 648 ) 
4 1079 1080 (6516 5568 544 ) (6516 5504 544 ) (6516 5504 648 ) (6516 5568 648 ) 
4 1080 1103 (6144 5568 648 ) (6144 5568 544 ) (6144 5504 544 ) (6144 5504 648 ) 
4 1080 1089 (6144 5504 648 ) (6144 5504 544 ) (6516 5504 544 ) (6516 5504 648 ) 
4 1080 1081 (6144 5568 544 ) (6464 5568 544 ) (6464 5504 544 ) (6144 5504 544 ) 
4 1081 1103 (6144 5568 544 ) (6144 5568 520 ) (6144 5504 520 ) (6144 5504 544 ) 
4 1081 1089 (6144 5504 544 ) (6144 5504 520 ) (6464 5504 520 ) (6464 5504 544 ) 
4 1081 1082 (6144 5568 520 ) (6464 5568 520 ) (6464 5504 520 ) (6144 5504 520 ) 
4 1082 1104 (6144 5568 520 ) (6144 5568 208 ) (6144 5504 208 ) (6144 5504 520 ) 
4 1082 1091 (6144 5504 520 ) (6144 5504 208 ) (6464 5504 208 ) (6464 5504 520 ) 
4 1082 1084 (6144 5568 208 ) (6464 5568 208 ) (6464 5504 208 ) (6144 5504 208 ) 
4 1083 1093 (6656 5504 16 ) (6920 5504 16 ) (6920 5504 136 ) (6656 5504 136 ) 
4 1084 1108 (6144 5568 208 ) (6144 5568 144 ) (6144 5504 144 ) (6144 5504 208 ) 
4 1084 1092 (6144 5504 208 ) (6144 5504 144 ) (6464 5504 144 ) (6464 5504 208 ) 
4 1084 1085 (6144 5568 144 ) (6464 5568 144 ) (6464 5504 144 ) (6144 5504 144 ) 
4 1085 1110 (6144 5568 144 ) (6144 5568 16 ) (6144 5504 16 ) (6144 5504 144 ) 
4 1085 1093 (6144 5504 144 ) (6144 5504 16 ) (6464 5504 16 ) (6464 5504 144 ) 
4 1086 1139 (6516 5120 800 ) (6516 5120 648 ) (6528 5120 648 ) (6528 5120 800 ) 
4 1086 1138 (6528 5120 912 ) (6516 5120 912 ) (6516 5120 800 ) (6528 5120 800 ) 
4 1086 1136 (7104 5120 648 ) (7104 5120 800 ) (6528 5120 800 ) (6528 5120 648 ) 
4 1086 1134 (7104 5120 800 ) (7104 5120 912 ) (6528 5120 912 ) (6528 5120 800 ) 
4 1086 1129 (6528 5120 1024 ) (6516 5120 1024 ) (6516 5120 912 ) (6528 5120 912 ) 
4 1086 1127 (7104 5120 912 ) (7104 5120 1024 ) (6528 5120 1024 ) (6528 5120 912 ) 
4 1086 1120 (6516 5120 1056 ) (6516 5120 1024 ) (6528 5120 1024 ) (6528 5120 1056 ) 
4 1086 1118 (6528 5120 1920 ) (6516 5120 1920 ) (6516 5120 1056 ) (6528 5120 1056 ) 
4 1086 1116 (7104 5120 1024 ) (7104 5120 1204 ) (6528 5120 1204 ) (6528 5120 1024 ) 
4 1086 1115 (7104 5120 1204 ) (7104 5120 1920 ) (6528 5120 1920 ) (6528 5120 1204 ) 
4 1086 1088 (6516 5120 648 ) (6516 5120 1920 ) (6516 5504 1920 ) (6516 5504 648 ) 
4 1086 1087 (6516 5120 648 ) (6516 5504 648 ) (7104 5504 648 ) (7104 5120 648 ) 
4 1087 1181 (6516 5120 520 ) (6528 5120 520 ) (6528 5120 648 ) (6516 5120 648 ) 
4 1087 1177 (6528 5120 520 ) (7104 5120 520 ) (7104 5120 648 ) (6528 5120 648 ) 
4 1087 1090 (6516 5504 520 ) (7104 5504 520 ) (7104 5120 520 ) (6516 5120 520 ) 
4 1087 1089 (6516 5504 520 ) (6516 5120 520 ) (6516 5120 648 ) (6516 5504 648 ) 
4 1088 1159 (6144 5120 784 ) (6144 5120 648 ) (6468 5120 648 ) (6468 5120 784 ) 
4 1088 1155 (6144 5120 800 ) (6144 5120 784 ) (6304 5120 784 ) (6304 5120 800 ) 
4 1088 1153 (6304 5120 784 ) (6468 5120 784 ) (6468 5120 800 ) (6304 5120 800 ) 
4 1088 1151 (6144 5120 912 ) (6144 5120 800 ) (6304 5120 800 ) (6304 5120 912 ) 
4 1088 1149 (6304 5120 800 ) (6468 5120 800 ) (6468 5120 912 ) (6304 5120 912 ) 
4 1088 1148 (6468 5120 648 ) (6516 5120 648 ) (6516 5120 784 ) (6468 5120 784 ) 
4 1088 1146 (6516 5120 784 ) (6516 5120 800 ) (6468 5120 800 ) (6468 5120 784 ) 
4 1088 1144 (6516 5120 800 ) (6516 5120 912 ) (6468 5120 912 ) (6468 5120 800 ) 
4 1088 1132 (6144 5120 1024 ) (6144 5120 912 ) (6516 5120 912 ) (6516 5120 1024 ) 
4 1088 1121 (6144 5120 1056 ) (6144 5120 1024 ) (6516 5120 1024 ) (6516 5120 1056 ) 
4 1088 1119 (6144 5120 1920 ) (6144 5120 1056 ) (6516 5120 1056 ) (6516 5120 1920 ) 
4 1088 1105 (6144 5120 648 ) (6144 5120 1056 ) (6144 5376 1056 ) (6144 5376 648 ) 
4 1088 1102 (6144 5504 800 ) (6144 5504 648 ) (6144 5376 648 ) (6144 5376 800 ) 
4 1088 1101 (6144 5376 1056 ) (6144 5504 1056 ) (6144 5504 800 ) (6144 5376 800 ) 
4 1088 1098 (6144 5120 1056 ) (6144 5120 1184 ) (6144 5504 1184 ) (6144 5504 1056 ) 
4 1088 1095 (6144 5120 1184 ) (6144 5120 1920 ) (6144 5504 1920 ) (6144 5504 1184 ) 
4 1088 1089 (6144 5504 648 ) (6516 5504 648 ) (6516 5120 648 ) (6144 5120 648 ) 
4 1089 1182 (6144 5120 648 ) (6144 5120 520 ) (6516 5120 520 ) (6516 5120 648 ) 
4 1089 1106 (6144 5120 520 ) (6144 5120 648 ) (6144 5376 648 ) (6144 5376 520 ) 
4 1089 1103 (6144 5376 648 ) (6144 5504 648 ) (6144 5504 520 ) (6144 5376 520 ) 
4 1089 1091 (6144 5504 520 ) (6516 5504 520 ) (6516 5120 520 ) (6144 5120 520 ) 
4 1090 1183 (6516 5120 208 ) (6528 5120 208 ) (6528 5120 520 ) (6516 5120 520 ) 
4 1090 1178 (6528 5120 208 ) (7104 5120 208 ) (7104 5120 520 ) (6528 5120 520 ) 
4 1090 1092 (6516 5504 208 ) (7104 5504 208 ) (7104 5120 208 ) (6516 5120 208 ) 
4 1090 1091 (6516 5504 208 ) (6516 5120 208 ) (6516 5120 520 ) (6516 5504 520 ) 
4 1091 1184 (6144 5120 520 ) (6144 5120 208 ) (6516 5120 208 ) (6516 5120 520 ) 
4 1091 1107 (6144 5120 208 ) (6144 5120 520 ) (6144 5376 520 ) (6144 5376 208 ) 
4 1091 1104 (6144 5376 520 ) (6144 5504 520 ) (6144 5504 208 ) (6144 5376 208 ) 
4 1091 1092 (6144 5120 208 ) (6144 5504 208 ) (6516 5504 208 ) (6516 5120 208 ) 
4 1092 1185 (6144 5120 208 ) (6144 5120 144 ) (6528 5120 144 ) (6528 5120 208 ) 
4 1092 1179 (6528 5120 144 ) (7104 5120 144 ) (7104 5120 208 ) (6528 5120 208 ) 
4 1092 1108 (6144 5120 144 ) (6144 5120 208 ) (6144 5504 208 ) (6144 5504 144 ) 
4 1092 1093 (6144 5504 144 ) (7104 5504 144 ) (7104 5120 144 ) (6144 5120 144 ) 
4 1093 1186 (6144 5120 144 ) (6144 5120 16 ) (6528 5120 16 ) (6528 5120 144 ) 
4 1093 1180 (6528 5120 16 ) (7104 5120 16 ) (7104 5120 144 ) (6528 5120 144 ) 
4 1093 1111 (6144 5120 16 ) (6144 5120 144 ) (6144 5376 144 ) (6144 5376 16 ) 
4 1093 1110 (6144 5376 144 ) (6144 5504 144 ) (6144 5504 16 ) (6144 5376 16 ) 
4 1093 1094 (6144 5120 16 ) (6144 5368 16 ) (7104 5368 16 ) (7104 5120 16 ) 
4 1094 1192 (7168 5120 8 ) (7168 5120 16 ) (6144 5120 16 ) (6144 5120 8 ) 
4 1094 1113 (6144 5120 8 ) (6144 5120 16 ) (6144 5368 16 ) (6144 5368 8 ) 
4 1095 1244 (5888 5120 1920 ) (5520 5120 1920 ) (5520 5120 1184 ) (5888 5120 1184 ) 
4 1095 1195 (5896 5120 1192 ) (5888 5120 1192 ) (5888 5120 1184 ) (5896 5120 1184 ) 
4 1095 1194 (6144 5120 1184 ) (6144 5120 1192 ) (5896 5120 1192 ) (5896 5120 1184 ) 
4 1095 1193 (6144 5120 1192 ) (6144 5120 1920 ) (5888 5120 1920 ) (5888 5120 1192 ) 
4 1095 1099 (5520 6144 1184 ) (5888 6144 1184 ) (5888 5120 1184 ) (5520 5120 1184 ) 
4 1095 1098 (5888 6144 1184 ) (6144 6144 1184 ) (6144 5120 1184 ) (5888 5120 1184 ) 
4 1095 1096 (5520 6144 1184 ) (5520 5392 1184 ) (5520 5392 1920 ) (5520 6144 1920 ) 
4 1096 1099 (5504 6144 1184 ) (5520 6144 1184 ) (5520 5392 1184 ) (5504 5392 1184 ) 
4 1096 1097 (5504 6144 1184 ) (5504 5392 1184 ) (5504 5392 1920 ) (5504 6144 1920 ) 
4 1097 1266 (5120 6144 1920 ) (5120 6144 1184 ) (5120 5392 1184 ) (5120 5392 1920 ) 
4 1097 1100 (5120 6144 1184 ) (5504 6144 1184 ) (5504 5392 1184 ) (5120 5392 1184 ) 
4 1098 1195 (5896 5120 1184 ) (5888 5120 1184 ) (5888 5120 1056 ) (5896 5120 1056 ) 
4 1098 1194 (6144 5120 1056 ) (6144 5120 1184 ) (5896 5120 1184 ) (5896 5120 1056 ) 
4 1098 1105 (6144 5376 1056 ) (6144 5120 1056 ) (5888 5120 1056 ) (5888 5376 1056 ) 
4 1098 1101 (5888 6144 1056 ) (6144 6144 1056 ) (6144 5376 1056 ) (5888 5376 1056 ) 
4 1098 1099 (5888 6144 1056 ) (5888 5120 1056 ) (5888 5120 1184 ) (5888 6144 1184 ) 
4 1099 1246 (5888 5120 1184 ) (5504 5120 1184 ) (5504 5120 1056 ) (5888 5120 1056 ) 
4 1099 1105 (5888 5376 1056 ) (5888 5120 1056 ) (5504 5120 1056 ) (5504 5376 1056 ) 
4 1099 1101 (5504 6144 1056 ) (5888 6144 1056 ) (5888 5376 1056 ) (5504 5376 1056 ) 
4 1099 1100 (5504 6144 1056 ) (5504 5376 1056 ) (5504 5376 1184 ) (5504 6144 1184 ) 
4 1100 1267 (5120 6144 1184 ) (5120 6144 1056 ) (5120 5376 1056 ) (5120 5376 1184 ) 
4 1100 1101 (5120 6144 1056 ) (5504 6144 1056 ) (5504 5376 1056 ) (5120 5376 1056 ) 
4 1101 1268 (5120 6144 1056 ) (5120 6144 800 ) (5120 5376 800 ) (5120 5376 1056 ) 
4 1101 1105 (6144 5376 800 ) (6144 5376 1056 ) (5504 5376 1056 ) (5504 5376 800 ) 
4 1101 1102 (6144 5376 800 ) (5376 5376 800 ) (5376 6144 800 ) (6144 6144 800 ) 
4 1102 1105 (6144 5376 648 ) (6144 5376 800 ) (5504 5376 800 ) (5504 5376 648 ) 
4 1102 1103 (6144 5376 648 ) (5376 5376 648 ) (5376 6144 648 ) (6144 6144 648 ) 
4 1103 1106 (6144 5376 520 ) (6144 5376 648 ) (5504 5376 648 ) (5504 5376 520 ) 
4 1103 1104 (6144 5376 520 ) (5376 5376 520 ) (5376 6144 520 ) (6144 6144 520 ) 
4 1104 1109 (5376 6144 208 ) (5504 6144 208 ) (5504 5376 208 ) (5376 5376 208 ) 
4 1104 1108 (5504 6144 208 ) (6144 6144 208 ) (6144 5376 208 ) (5504 5376 208 ) 
4 1104 1107 (5504 5376 208 ) (6144 5376 208 ) (6144 5376 520 ) (5504 5376 520 ) 
4 1105 1249 (5504 5120 800 ) (5504 5120 648 ) (5888 5120 648 ) (5888 5120 800 ) 
4 1105 1248 (5888 5120 1056 ) (5504 5120 1056 ) (5504 5120 800 ) (5888 5120 800 ) 
4 1105 1234 (6144 5120 648 ) (6144 5120 784 ) (5888 5120 784 ) (5888 5120 648 ) 
4 1105 1217 (5888 5120 800 ) (5888 5120 784 ) (5896 5120 784 ) (5896 5120 800 ) 
4 1105 1216 (5888 5120 802 ) (5888 5120 800 ) (5896 5120 800 ) (5896 5120 802 ) 
4 1105 1214 (5896 5120 912 ) (5888 5120 912 ) (5888 5120 802 ) (5896 5120 802 ) 
4 1105 1207 (6144 5120 784 ) (6144 5120 800 ) (5896 5120 800 ) (5896 5120 784 ) 
4 1105 1206 (6144 5120 800 ) (6144 5120 886 ) (5896 5120 886 ) (5896 5120 800 ) 
4 1105 1204 (6072 5120 912 ) (5896 5120 912 ) (5896 5120 886 ) (6072 5120 886 ) 
4 1105 1203 (6080 5120 912 ) (6072 5120 912 ) (6072 5120 886 ) (6080 5120 886 ) 
4 1105 1201 (6144 5120 886 ) (6144 5120 912 ) (6080 5120 912 ) (6080 5120 886 ) 
4 1105 1199 (6144 5120 912 ) (6144 5120 1024 ) (5888 5120 1024 ) (5888 5120 912 ) 
4 1105 1197 (6144 5120 1024 ) (6144 5120 1056 ) (5888 5120 1056 ) (5888 5120 1024 ) 
4 1105 1106 (6144 5120 648 ) (5504 5120 648 ) (5504 5376 648 ) (6144 5376 648 ) 
4 1106 1250 (5888 5120 648 ) (5504 5120 648 ) (5504 5120 520 ) (5888 5120 520 ) 
4 1106 1235 (6144 5120 520 ) (6144 5120 648 ) (5888 5120 648 ) (5888 5120 520 ) 
4 1106 1107 (5504 5376 520 ) (6144 5376 520 ) (6144 5120 520 ) (5504 5120 520 ) 
4 1107 1251 (5888 5120 520 ) (5504 5120 520 ) (5504 5120 208 ) (5888 5120 208 ) 
4 1107 1236 (6144 5120 208 ) (6144 5120 520 ) (5888 5120 520 ) (5888 5120 208 ) 
4 1107 1108 (6144 5120 208 ) (5504 5120 208 ) (5504 5376 208 ) (6144 5376 208 ) 
4 1108 1252 (5888 5120 208 ) (5504 5120 208 ) (5504 5120 144 ) (5888 5120 144 ) 
4 1108 1237 (6144 5120 144 ) (6144 5120 208 ) (5888 5120 208 ) (5888 5120 144 ) 
4 1108 1111 (6144 5376 144 ) (6144 5120 144 ) (5504 5120 144 ) (5504 5376 144 ) 
4 1108 1110 (5504 6144 144 ) (6144 6144 144 ) (6144 5376 144 ) (5504 5376 144 ) 
4 1108 1109 (5504 6144 144 ) (5504 5376 144 ) (5504 5376 208 ) (5504 6144 208 ) 
4 1109 1110 (5376 6144 144 ) (5504 6144 144 ) (5504 5376 144 ) (5376 5376 144 ) 
4 1110 1112 (5640 6144 16 ) (6136 6144 16 ) (6136 5376 16 ) (5640 5376 16 ) 
4 1110 1111 (5504 5376 16 ) (6144 5376 16 ) (6144 5376 144 ) (5504 5376 144 ) 
4 1111 1253 (5888 5120 144 ) (5504 5120 144 ) (5504 5120 16 ) (5888 5120 16 ) 
4 1111 1238 (6144 5120 16 ) (6144 5120 144 ) (5888 5120 144 ) (5888 5120 16 ) 
4 1111 1114 (6136 5120 16 ) (5504 5120 16 ) (5504 5376 16 ) (6136 5376 16 ) 
4 1111 1113 (6144 5368 16 ) (6144 5120 16 ) (6136 5120 16 ) (6136 5368 16 ) 
4 1112 1114 (6136 5376 16 ) (5640 5376 16 ) (5640 5376 8 ) (6136 5376 8 ) 
4 1113 1239 (6144 5120 8 ) (6144 5120 16 ) (6136 5120 16 ) (6136 5120 8 ) 
4 1113 1114 (6136 5368 8 ) (6136 5120 8 ) (6136 5120 16 ) (6136 5368 16 ) 
4 1114 1257 (5888 5120 16 ) (5504 5120 16 ) (5504 5120 8 ) (5888 5120 8 ) 
4 1114 1239 (6136 5120 16 ) (5888 5120 16 ) (5888 5120 8 ) (6136 5120 8 ) 
4 1115 1118 (6528 4608 1920 ) (6528 5120 1920 ) (6528 5120 1204 ) (6528 4608 1204 ) 
4 1115 1116 (6528 4608 1204 ) (6528 5120 1204 ) (7168 5120 1204 ) (7168 4608 1204 ) 
4 1116 1127 (6528 5120 1024 ) (7168 5120 1024 ) (7168 4580 1024 ) (6528 4580 1024 ) 
4 1116 1120 (6528 5120 1024 ) (6528 4736 1024 ) (6528 4736 1056 ) (6528 5120 1056 ) 
4 1116 1118 (6528 4608 1204 ) (6528 5120 1204 ) (6528 5120 1056 ) (6528 4608 1056 ) 
4 1116 1117 (7168 4580 1204 ) (6528 4580 1204 ) (6528 4580 1024 ) (7168 4580 1024 ) 
4 1117 1128 (7168 4580 1024 ) (7168 4576 1024 ) (6528 4576 1024 ) (6528 4580 1024 ) 
4 1117 1122 (6528 4576 1024 ) (7168 4576 1024 ) (7168 4576 1204 ) (6528 4576 1204 ) 
4 1118 1120 (6516 5120 1056 ) (6528 5120 1056 ) (6528 4736 1056 ) (6516 4736 1056 ) 
4 1118 1119 (6516 5120 1056 ) (6516 4608 1056 ) (6516 4608 1920 ) (6516 5120 1920 ) 
4 1119 1194 (6144 5120 1192 ) (6144 5120 1056 ) (6144 4608 1056 ) (6144 4608 1192 ) 
4 1119 1193 (6144 5120 1920 ) (6144 5120 1192 ) (6144 4608 1192 ) (6144 4608 1920 ) 
4 1119 1121 (6144 5120 1056 ) (6516 5120 1056 ) (6516 4736 1056 ) (6144 4736 1056 ) 
4 1120 1129 (6516 5120 1024 ) (6528 5120 1024 ) (6528 4736 1024 ) (6516 4736 1024 ) 
4 1120 1121 (6516 5120 1024 ) (6516 4736 1024 ) (6516 4736 1056 ) (6516 5120 1056 ) 
4 1121 1197 (6144 5120 1056 ) (6144 5120 1024 ) (6144 4736 1024 ) (6144 4736 1056 ) 
4 1121 1132 (6144 4736 1024 ) (6144 5120 1024 ) (6516 5120 1024 ) (6516 4736 1024 ) 
4 1122 1316 (7168 4096 1024 ) (7168 4096 1056 ) (6528 4096 1056 ) (6528 4096 1024 ) 
4 1122 1315 (7168 4096 1056 ) (7168 4096 1408 ) (6528 4096 1408 ) (6528 4096 1056 ) 
4 1122 1314 (6752 4096 1440 ) (6528 4096 1440 ) (6528 4096 1408 ) (6752 4096 1408 ) 
4 1122 1312 (7168 4096 1408 ) (7168 4096 1440 ) (6784 4096 1440 ) (6784 4096 1408 ) 
4 1122 1313 (6784 4096 1440 ) (6752 4096 1440 ) (6752 4096 1408 ) (6784 4096 1408 ) 
4 1122 1309 (6816 4096 1888 ) (6720 4096 1888 ) (6720 4096 1440 ) (6816 4096 1440 ) 
4 1122 1308 (7168 4096 1440 ) (7168 4096 1888 ) (6816 4096 1888 ) (6816 4096 1440 ) 
4 1122 1311 (6720 4096 1888 ) (6528 4096 1888 ) (6528 4096 1440 ) (6720 4096 1440 ) 
4 1122 1130 (6528 4576 1024 ) (7168 4576 1024 ) (7168 4096 1024 ) (6528 4096 1024 ) 
4 1122 1123 (6528 4192 1888 ) (6528 4576 1888 ) (6528 4576 1056 ) (6528 4192 1056 ) 
4 1122 1124 (6528 4096 1888 ) (6528 4192 1888 ) (6528 4192 1024 ) (6528 4096 1024 ) 
4 1123 1125 (6516 4576 1408 ) (6516 4576 1056 ) (6516 4192 1056 ) (6516 4192 1408 ) 
4 1123 1124 (6528 4192 1056 ) (6528 4192 1888 ) (6516 4192 1888 ) (6516 4192 1056 ) 
4 1124 1316 (6516 4096 1056 ) (6516 4096 1024 ) (6528 4096 1024 ) (6528 4096 1056 ) 
4 1124 1315 (6516 4096 1408 ) (6516 4096 1056 ) (6528 4096 1056 ) (6528 4096 1408 ) 
4 1124 1314 (6516 4096 1440 ) (6516 4096 1408 ) (6528 4096 1408 ) (6528 4096 1440 ) 
4 1124 1311 (6528 4096 1888 ) (6516 4096 1888 ) (6516 4096 1440 ) (6528 4096 1440 ) 
4 1124 1131 (6528 4192 1024 ) (6528 4096 1024 ) (6516 4096 1024 ) (6516 4192 1024 ) 
4 1124 1126 (6516 4192 1024 ) (6516 4096 1024 ) (6516 4096 1408 ) (6516 4192 1408 ) 
4 1125 1196 (6144 4192 1056 ) (6144 4192 1408 ) (6144 4576 1408 ) (6144 4576 1056 ) 
4 1125 1126 (6516 4192 1056 ) (6516 4192 1408 ) (6144 4192 1408 ) (6144 4192 1056 ) 
4 1126 1318 (6144 4096 1056 ) (6144 4096 1024 ) (6516 4096 1024 ) (6516 4096 1056 ) 
4 1126 1317 (6144 4096 1408 ) (6144 4096 1056 ) (6516 4096 1056 ) (6516 4096 1408 ) 
4 1126 1198 (6144 4192 1024 ) (6144 4096 1024 ) (6144 4096 1056 ) (6144 4192 1056 ) 
4 1126 1196 (6144 4096 1056 ) (6144 4096 1408 ) (6144 4192 1408 ) (6144 4192 1056 ) 
4 1126 1133 (6144 4096 1024 ) (6144 4192 1024 ) (6516 4192 1024 ) (6516 4096 1024 ) 
4 1127 1134 (6528 5120 912 ) (7168 5120 912 ) (7168 4580 912 ) (6528 4580 912 ) 
4 1127 1129 (6528 5120 912 ) (6528 4624 912 ) (6528 4624 1024 ) (6528 5120 1024 ) 
4 1127 1128 (6528 4580 1024 ) (6528 4580 912 ) (7168 4580 912 ) (7168 4580 1024 ) 
4 1128 1135 (7168 4580 912 ) (7168 4576 912 ) (6528 4576 912 ) (6528 4580 912 ) 
4 1128 1130 (6528 4576 912 ) (7168 4576 912 ) (7168 4576 1024 ) (6528 4576 1024 ) 
4 1129 1138 (6516 5120 912 ) (6528 5120 912 ) (6528 4624 912 ) (6516 4624 912 ) 
4 1129 1132 (6516 5120 912 ) (6516 4736 912 ) (6516 4736 1024 ) (6516 5120 1024 ) 
4 1130 1316 (7168 4096 912 ) (7168 4096 1024 ) (6528 4096 1024 ) (6528 4096 912 ) 
4 1130 1160 (7168 4192 912 ) (7168 4096 912 ) (6528 4096 912 ) (6528 4192 912 ) 
4 1130 1140 (7168 4576 912 ) (7168 4192 912 ) (6528 4192 912 ) (6528 4576 912 ) 
4 1130 1131 (6528 4560 912 ) (6528 4096 912 ) (6528 4096 1024 ) (6528 4560 1024 ) 
4 1131 1316 (6528 4096 1024 ) (6516 4096 1024 ) (6516 4096 912 ) (6528 4096 912 ) 
4 1131 1160 (6528 4096 912 ) (6516 4096 912 ) (6516 4192 912 ) (6528 4192 912 ) 
4 1131 1141 (6516 4192 912 ) (6516 4560 912 ) (6528 4560 912 ) (6528 4192 912 ) 
4 1131 1133 (6516 4192 912 ) (6516 4096 912 ) (6516 4096 1024 ) (6516 4192 1024 ) 
4 1132 1199 (6144 5120 1024 ) (6144 5120 912 ) (6144 4736 912 ) (6144 4736 1024 ) 
4 1132 1151 (6144 4736 912 ) (6144 5120 912 ) (6304 5120 912 ) (6304 4736 912 ) 
4 1132 1149 (6304 5120 912 ) (6468 5120 912 ) (6468 4736 912 ) (6304 4736 912 ) 
4 1132 1144 (6468 5120 912 ) (6516 5120 912 ) (6516 4736 912 ) (6468 4736 912 ) 
4 1133 1318 (6516 4096 1024 ) (6144 4096 1024 ) (6144 4096 912 ) (6516 4096 912 ) 
4 1133 1200 (6144 4192 912 ) (6144 4096 912 ) (6144 4096 1024 ) (6144 4192 1024 ) 
4 1133 1161 (6144 4096 912 ) (6144 4192 912 ) (6516 4192 912 ) (6516 4096 912 ) 
4 1134 1138 (6528 4624 912 ) (6528 5120 912 ) (6528 5120 800 ) (6528 4624 800 ) 
4 1134 1136 (6528 4580 800 ) (6528 5120 800 ) (7168 5120 800 ) (7168 4580 800 ) 
4 1134 1135 (6528 4580 912 ) (6528 4580 800 ) (7168 4580 800 ) (7168 4580 912 ) 
4 1135 1140 (7168 4576 800 ) (7168 4576 912 ) (6528 4576 912 ) (6528 4576 800 ) 
4 1135 1137 (7168 4576 800 ) (6528 4576 800 ) (6528 4580 800 ) (7168 4580 800 ) 
4 1136 1177 (6528 5120 648 ) (7104 5120 648 ) (7104 4632 648 ) (6528 4632 648 ) 
4 1136 1165 (7168 4736 648 ) (7168 4580 648 ) (7104 4580 648 ) (7104 4736 648 ) 
4 1136 1164 (7104 5120 648 ) (7168 5120 648 ) (7168 4736 648 ) (7104 4736 648 ) 
4 1136 1139 (6528 5120 648 ) (6528 4624 648 ) (6528 4624 800 ) (6528 5120 800 ) 
4 1136 1137 (7168 4580 800 ) (6528 4580 800 ) (6528 4580 648 ) (7168 4580 648 ) 
4 1137 1166 (7168 4580 648 ) (7168 4576 648 ) (7104 4576 648 ) (7104 4580 648 ) 
4 1137 1142 (6528 4576 648 ) (7168 4576 648 ) (7168 4576 800 ) (6528 4576 800 ) 
4 1138 1144 (6516 4736 912 ) (6516 5120 912 ) (6516 5120 800 ) (6516 4736 800 ) 
4 1138 1139 (6528 5120 800 ) (6528 4624 800 ) (6516 4624 800 ) (6516 5120 800 ) 
4 1139 1181 (6516 5120 648 ) (6528 5120 648 ) (6528 4736 648 ) (6516 4736 648 ) 
4 1139 1148 (6516 5120 648 ) (6516 4736 648 ) (6516 4736 784 ) (6516 5120 784 ) 
4 1139 1146 (6516 4736 800 ) (6516 5120 800 ) (6516 5120 784 ) (6516 4736 784 ) 
4 1140 1160 (7168 4192 800 ) (7168 4192 912 ) (6528 4192 912 ) (6528 4192 800 ) 
4 1140 1142 (7168 4192 800 ) (6528 4192 800 ) (6528 4576 800 ) (7168 4576 800 ) 
4 1140 1141 (6528 4560 800 ) (6528 4192 800 ) (6528 4192 912 ) (6528 4560 912 ) 
4 1141 1160 (6528 4192 912 ) (6516 4192 912 ) (6516 4192 800 ) (6528 4192 800 ) 
4 1141 1145 (6516 4200 912 ) (6516 4560 912 ) (6516 4560 800 ) (6516 4200 800 ) 
4 1141 1143 (6528 4192 800 ) (6516 4192 800 ) (6516 4560 800 ) (6528 4560 800 ) 
4 1142 1167 (7168 4576 648 ) (7168 4192 648 ) (7104 4192 648 ) (7104 4576 648 ) 
4 1142 1162 (6528 4192 648 ) (7168 4192 648 ) (7168 4192 800 ) (6528 4192 800 ) 
4 1142 1143 (6528 4192 648 ) (6528 4192 800 ) (6528 4560 800 ) (6528 4560 648 ) 
4 1143 1162 (6516 4192 648 ) (6528 4192 648 ) (6528 4192 800 ) (6516 4192 800 ) 
4 1143 1147 (6516 4200 800 ) (6516 4560 800 ) (6516 4560 784 ) (6516 4200 784 ) 
4 1144 1149 (6468 4736 912 ) (6468 5120 912 ) (6468 5120 800 ) (6468 4736 800 ) 
4 1144 1146 (6468 4736 800 ) (6468 5120 800 ) (6516 5120 800 ) (6516 4736 800 ) 
4 1145 1150 (6468 4200 912 ) (6468 4600 912 ) (6468 4600 800 ) (6468 4200 800 ) 
4 1145 1147 (6468 4200 800 ) (6468 4600 800 ) (6516 4600 800 ) (6516 4200 800 ) 
4 1146 1153 (6468 4736 800 ) (6468 5120 800 ) (6468 5120 784 ) (6468 4736 784 ) 
4 1146 1148 (6468 4736 784 ) (6468 5120 784 ) (6516 5120 784 ) (6516 4736 784 ) 
4 1147 1154 (6468 4200 800 ) (6468 4600 800 ) (6468 4600 784 ) (6468 4200 784 ) 
4 1148 1182 (6468 5120 648 ) (6516 5120 648 ) (6516 4736 648 ) (6468 4736 648 ) 
4 1148 1159 (6468 5120 648 ) (6468 4736 648 ) (6468 4736 784 ) (6468 5120 784 ) 
4 1149 1153 (6304 4736 800 ) (6304 5120 800 ) (6468 5120 800 ) (6468 4736 800 ) 
4 1149 1151 (6304 5120 800 ) (6304 4736 800 ) (6304 4736 912 ) (6304 5120 912 ) 
4 1150 1157 (6468 4200 806 ) (6468 4200 892 ) (6404 4200 892 ) (6404 4200 806 ) 
4 1150 1154 (6468 4200 800 ) (6304 4200 800 ) (6304 4600 800 ) (6468 4600 800 ) 
4 1150 1152 (6304 4416 800 ) (6304 4200 800 ) (6304 4200 912 ) (6304 4416 912 ) 
4 1151 1206 (6144 5120 886 ) (6144 5120 800 ) (6144 4736 800 ) (6144 4736 886 ) 
4 1151 1201 (6144 5120 912 ) (6144 5120 886 ) (6144 4736 886 ) (6144 4736 912 ) 
4 1151 1155 (6144 4736 800 ) (6144 5120 800 ) (6304 5120 800 ) (6304 4736 800 ) 
4 1152 1218 (6144 4354 800 ) (6144 4288 800 ) (6144 4288 912 ) (6144 4354 912 ) 
4 1152 1208 (6144 4416 800 ) (6144 4354 800 ) (6144 4354 886 ) (6144 4416 886 ) 
4 1152 1202 (6144 4354 886 ) (6144 4354 912 ) (6144 4416 912 ) (6144 4416 886 ) 
4 1152 1158 (6204 4200 892 ) (6204 4200 806 ) (6268 4200 806 ) (6268 4200 892 ) 
4 1152 1156 (6304 4200 800 ) (6144 4200 800 ) (6144 4416 800 ) (6304 4416 800 ) 
4 1153 1159 (6304 5120 784 ) (6468 5120 784 ) (6468 4736 784 ) (6304 4736 784 ) 
4 1153 1155 (6304 5120 784 ) (6304 4736 784 ) (6304 4736 800 ) (6304 5120 800 ) 
4 1154 1156 (6304 4416 784 ) (6304 4200 784 ) (6304 4200 800 ) (6304 4416 800 ) 
4 1155 1207 (6144 5120 800 ) (6144 5120 784 ) (6144 4736 784 ) (6144 4736 800 ) 
4 1155 1159 (6144 5120 784 ) (6304 5120 784 ) (6304 4736 784 ) (6144 4736 784 ) 
4 1156 1220 (6144 4354 784 ) (6144 4288 784 ) (6144 4288 800 ) (6144 4354 800 ) 
4 1156 1211 (6144 4416 784 ) (6144 4354 784 ) (6144 4354 800 ) (6144 4416 800 ) 
4 1157 1161 (6468 4192 806 ) (6468 4192 892 ) (6404 4192 892 ) (6404 4192 806 ) 
4 1158 1161 (6204 4192 892 ) (6204 4192 806 ) (6268 4192 806 ) (6268 4192 892 ) 
4 1159 1234 (6144 5120 784 ) (6144 5120 648 ) (6144 4736 648 ) (6144 4736 784 ) 
4 1159 1182 (6144 4736 648 ) (6144 5120 648 ) (6468 5120 648 ) (6468 4736 648 ) 
4 1160 1316 (7168 4096 800 ) (7168 4096 912 ) (6516 4096 912 ) (6516 4096 800 ) 
4 1160 1162 (6516 4192 800 ) (7168 4192 800 ) (7168 4096 800 ) (6516 4096 800 ) 
4 1160 1161 (6516 4192 912 ) (6516 4192 800 ) (6516 4096 800 ) (6516 4096 912 ) 
4 1161 1318 (6516 4096 912 ) (6144 4096 912 ) (6144 4096 800 ) (6516 4096 800 ) 
4 1161 1219 (6144 4096 800 ) (6144 4096 912 ) (6144 4192 912 ) (6144 4192 800 ) 
4 1161 1163 (6144 4096 800 ) (6144 4192 800 ) (6516 4192 800 ) (6516 4096 800 ) 
4 1162 1339 (6528 4096 668 ) (6516 4096 668 ) (6516 4096 648 ) (6528 4096 648 ) 
4 1162 1336 (6656 4096 668 ) (6528 4096 668 ) (6528 4096 648 ) (6656 4096 648 ) 
4 1162 1335 (6761.145020 4096 668 ) (6738.054688 4096 668 ) (6738.054688 4096 648 ) (6761.145020 4096 648 ) 
4 1162 1334 (6800 4096 668 ) (6761.145020 4096 668 ) (6761.145020 4096 648 ) (6800 4096 648 ) 
4 1162 1333 (6738.054688 4096 668 ) (6736.570801 4096 668 ) (6736.570801 4096 648 ) (6738.054688 4096 648 ) 
4 1162 1324 (6736.570801 4096 668 ) (6656 4096 668 ) (6656 4096 648 ) (6736.570801 4096 648 ) 
4 1162 1322 (7104 4096 668 ) (6800 4096 668 ) (6800 4096 648 ) (7104 4096 648 ) 
4 1162 1321 (7168 4096 648 ) (7168 4096 668 ) (7104 4096 668 ) (7104 4096 648 ) 
4 1162 1319 (7168 4096 668 ) (7168 4096 800 ) (6516 4096 800 ) (6516 4096 668 ) 
4 1162 1187 (6528 4096 648 ) (6516 4096 648 ) (6516 4192 648 ) (6528 4192 648 ) 
4 1162 1167 (7168 4096 648 ) (7104 4096 648 ) (7104 4192 648 ) (7168 4192 648 ) 
4 1162 1163 (6516 4096 800 ) (6516 4192 800 ) (6516 4192 648 ) (6516 4096 648 ) 
4 1163 1340 (6144 4096 668 ) (6144 4096 648 ) (6516 4096 648 ) (6516 4096 668 ) 
4 1163 1320 (6516 4096 800 ) (6144 4096 800 ) (6144 4096 668 ) (6516 4096 668 ) 
4 1163 1240 (6144 4192 648 ) (6144 4096 648 ) (6144 4096 784 ) (6144 4192 784 ) 
4 1163 1221 (6144 4096 784 ) (6144 4096 800 ) (6144 4192 800 ) (6144 4192 784 ) 
4 1163 1188 (6516 4096 648 ) (6144 4096 648 ) (6144 4192 648 ) (6516 4192 648 ) 
4 1164 1177 (7104 4736 648 ) (7104 5120 648 ) (7104 5120 520 ) (7104 4736 520 ) 
4 1164 1168 (7104 4736 520 ) (7104 5120 520 ) (7168 5120 520 ) (7168 4736 520 ) 
4 1164 1165 (7104 4736 648 ) (7104 4736 520 ) (7168 4736 520 ) (7168 4736 648 ) 
4 1165 1177 (7104 4632 648 ) (7104 4736 648 ) (7104 4736 520 ) (7104 4632 520 ) 
4 1165 1168 (7104 4580 520 ) (7104 4736 520 ) (7168 4736 520 ) (7168 4580 520 ) 
4 1165 1166 (7104 4580 648 ) (7104 4580 520 ) (7168 4580 520 ) (7168 4580 648 ) 
4 1166 1169 (7104 4576 520 ) (7104 4580 520 ) (7168 4580 520 ) (7168 4576 520 ) 
4 1166 1167 (7104 4576 648 ) (7104 4576 520 ) (7168 4576 520 ) (7168 4576 648 ) 
4 1167 1341 (7168 4096 520 ) (7168 4096 648 ) (7104 4096 648 ) (7104 4096 520 ) 
4 1167 1170 (7168 4096 520 ) (7104 4096 520 ) (7104 4576 520 ) (7168 4576 520 ) 
4 1168 1178 (7104 4632 520 ) (7104 5120 520 ) (7104 5120 208 ) (7104 4632 208 ) 
4 1168 1171 (7104 4580 208 ) (7104 5120 208 ) (7168 5120 208 ) (7168 4580 208 ) 
4 1168 1169 (7104 4580 208 ) (7168 4580 208 ) (7168 4580 520 ) (7104 4580 520 ) 
4 1169 1172 (7104 4576 208 ) (7104 4580 208 ) (7168 4580 208 ) (7168 4576 208 ) 
4 1169 1170 (7104 4576 208 ) (7168 4576 208 ) (7168 4576 520 ) (7104 4576 520 ) 
4 1170 1342 (7168 4096 208 ) (7168 4096 520 ) (7104 4096 520 ) (7104 4096 208 ) 
4 1170 1173 (7104 4096 208 ) (7104 4576 208 ) (7168 4576 208 ) (7168 4096 208 ) 
4 1171 1179 (7104 4632 208 ) (7104 5120 208 ) (7104 5120 144 ) (7104 4632 144 ) 
4 1171 1174 (7104 4580 144 ) (7104 5120 144 ) (7168 5120 144 ) (7168 4580 144 ) 
4 1171 1172 (7104 4580 144 ) (7168 4580 144 ) (7168 4580 208 ) (7104 4580 208 ) 
4 1172 1175 (7104 4576 144 ) (7104 4580 144 ) (7168 4580 144 ) (7168 4576 144 ) 
4 1172 1173 (7104 4576 144 ) (7168 4576 144 ) (7168 4576 208 ) (7104 4576 208 ) 
4 1173 1343 (7168 4096 144 ) (7168 4096 208 ) (7104 4096 208 ) (7104 4096 144 ) 
4 1173 1176 (7168 4096 144 ) (7104 4096 144 ) (7104 4576 144 ) (7168 4576 144 ) 
4 1174 1192 (7104 5120 16 ) (7168 5120 16 ) (7168 4872 16 ) (7104 4872 16 ) 
4 1174 1180 (7104 5120 16 ) (7104 4632 16 ) (7104 4632 144 ) (7104 5120 144 ) 
4 1174 1175 (7168 4580 144 ) (7104 4580 144 ) (7104 4580 16 ) (7168 4580 16 ) 
4 1175 1176 (7168 4576 144 ) (7104 4576 144 ) (7104 4576 16 ) (7168 4576 16 ) 
4 1176 1344 (7168 4096 16 ) (7168 4096 144 ) (7104 4096 144 ) (7104 4096 16 ) 
4 1177 1181 (6528 4736 648 ) (6528 5120 648 ) (6528 5120 520 ) (6528 4736 520 ) 
4 1177 1178 (7104 4632 520 ) (6528 4632 520 ) (6528 5120 520 ) (7104 5120 520 ) 
4 1178 1183 (6528 4736 520 ) (6528 5120 520 ) (6528 5120 208 ) (6528 4736 208 ) 
4 1178 1179 (7104 4632 208 ) (6528 4632 208 ) (6528 5120 208 ) (7104 5120 208 ) 
4 1179 1185 (6528 4736 208 ) (6528 5120 208 ) (6528 5120 144 ) (6528 4736 144 ) 
4 1179 1180 (7104 4632 144 ) (6528 4632 144 ) (6528 5120 144 ) (7104 5120 144 ) 
4 1180 1192 (6528 5120 16 ) (7104 5120 16 ) (7104 4872 16 ) (6528 4872 16 ) 
4 1180 1186 (6528 5120 16 ) (6528 4736 16 ) (6528 4736 144 ) (6528 5120 144 ) 
4 1181 1183 (6528 4736 520 ) (6516 4736 520 ) (6516 5120 520 ) (6528 5120 520 ) 
4 1181 1182 (6516 5120 520 ) (6516 4736 520 ) (6516 4736 648 ) (6516 5120 648 ) 
4 1182 1235 (6144 5120 648 ) (6144 5120 520 ) (6144 4736 520 ) (6144 4736 648 ) 
4 1182 1184 (6516 4736 520 ) (6144 4736 520 ) (6144 5120 520 ) (6516 5120 520 ) 
4 1183 1185 (6528 4736 208 ) (6516 4736 208 ) (6516 5120 208 ) (6528 5120 208 ) 
4 1183 1184 (6516 5120 208 ) (6516 4736 208 ) (6516 4736 520 ) (6516 5120 520 ) 
4 1184 1236 (6144 5120 520 ) (6144 5120 208 ) (6144 4736 208 ) (6144 4736 520 ) 
4 1184 1185 (6516 4736 208 ) (6144 4736 208 ) (6144 5120 208 ) (6516 5120 208 ) 
4 1185 1237 (6144 5120 208 ) (6144 5120 144 ) (6144 4736 144 ) (6144 4736 208 ) 
4 1185 1186 (6528 4736 144 ) (6144 4736 144 ) (6144 5120 144 ) (6528 5120 144 ) 
4 1186 1238 (6144 5120 144 ) (6144 5120 16 ) (6144 4736 16 ) (6144 4736 144 ) 
4 1186 1192 (6144 4872 16 ) (6144 5120 16 ) (6528 5120 16 ) (6528 4872 16 ) 
4 1187 1345 (6528 4096 648 ) (6516 4096 648 ) (6516 4096 520 ) (6528 4096 520 ) 
4 1187 1189 (6516 4192 520 ) (6528 4192 520 ) (6528 4096 520 ) (6516 4096 520 ) 
4 1187 1188 (6516 4192 648 ) (6516 4192 520 ) (6516 4096 520 ) (6516 4096 648 ) 
4 1188 1346 (6516 4096 648 ) (6144 4096 648 ) (6144 4096 520 ) (6516 4096 520 ) 
4 1188 1241 (6144 4096 520 ) (6144 4096 648 ) (6144 4192 648 ) (6144 4192 520 ) 
4 1188 1190 (6144 4192 520 ) (6516 4192 520 ) (6516 4096 520 ) (6144 4096 520 ) 
4 1189 1347 (6516 4096 208 ) (6528 4096 208 ) (6528 4096 520 ) (6516 4096 520 ) 
4 1189 1191 (6516 4192 208 ) (6528 4192 208 ) (6528 4096 208 ) (6516 4096 208 ) 
4 1189 1190 (6516 4192 208 ) (6516 4096 208 ) (6516 4096 520 ) (6516 4192 520 ) 
4 1190 1348 (6144 4096 520 ) (6144 4096 208 ) (6516 4096 208 ) (6516 4096 520 ) 
4 1190 1242 (6144 4096 208 ) (6144 4096 520 ) (6144 4192 520 ) (6144 4192 208 ) 
4 1190 1191 (6144 4096 208 ) (6144 4192 208 ) (6516 4192 208 ) (6516 4096 208 ) 
4 1191 1350 (6144 4096 144 ) (6144 4096 16 ) (6528 4096 16 ) (6528 4096 144 ) 
4 1191 1349 (6144 4096 208 ) (6144 4096 144 ) (6528 4096 144 ) (6528 4096 208 ) 
4 1191 1243 (6144 4192 16 ) (6144 4096 16 ) (6144 4096 208 ) (6144 4192 208 ) 
4 1192 1239 (6144 5120 16 ) (6144 5120 8 ) (6144 4872 8 ) (6144 4872 16 ) 
4 1193 1245 (5888 4736 1192 ) (5888 4608 1192 ) (5888 4608 1920 ) (5888 4736 1920 ) 
4 1193 1244 (5888 5120 1920 ) (5888 5120 1192 ) (5888 4736 1192 ) (5888 4736 1920 ) 
4 1193 1195 (5888 4736 1192 ) (5888 5120 1192 ) (5896 5120 1192 ) (5896 4736 1192 ) 
4 1193 1194 (6144 4608 1192 ) (5896 4608 1192 ) (5896 5120 1192 ) (6144 5120 1192 ) 
4 1194 1197 (5896 5120 1056 ) (6144 5120 1056 ) (6144 4736 1056 ) (5896 4736 1056 ) 
4 1194 1195 (5896 5120 1056 ) (5896 4736 1056 ) (5896 4736 1192 ) (5896 5120 1192 ) 
4 1195 1246 (5888 5120 1184 ) (5888 5120 1056 ) (5888 4736 1056 ) (5888 4736 1184 ) 
4 1195 1244 (5888 5120 1192 ) (5888 5120 1184 ) (5888 4736 1184 ) (5888 4736 1192 ) 
4 1195 1197 (5888 4736 1056 ) (5888 5120 1056 ) (5896 5120 1056 ) (5896 4736 1056 ) 
4 1196 1386 (6144 4096 1056 ) (6144 4096 1408 ) (5888 4096 1408 ) (5888 4096 1056 ) 
4 1196 1258 (5888 4096 1056 ) (5888 4096 1408 ) (5888 4576 1408 ) (5888 4576 1056 ) 
4 1196 1198 (5888 4096 1056 ) (5888 4192 1056 ) (6144 4192 1056 ) (6144 4096 1056 ) 
4 1197 1248 (5888 4736 1056 ) (5888 5120 1056 ) (5888 5120 1024 ) (5888 4736 1024 ) 
4 1197 1199 (5888 4736 1024 ) (5888 5120 1024 ) (6144 5120 1024 ) (6144 4736 1024 ) 
4 1198 1387 (6144 4096 1024 ) (6144 4096 1056 ) (5888 4096 1056 ) (5888 4096 1024 ) 
4 1198 1258 (5888 4096 1024 ) (5888 4096 1056 ) (5888 4192 1056 ) (5888 4192 1024 ) 
4 1198 1200 (6144 4096 1024 ) (5888 4096 1024 ) (5888 4192 1024 ) (6144 4192 1024 ) 
4 1199 1248 (5888 4736 1024 ) (5888 5120 1024 ) (5888 5120 912 ) (5888 4736 912 ) 
4 1199 1214 (5888 4736 912 ) (5888 5120 912 ) (5896 5120 912 ) (5896 4736 912 ) 
4 1199 1204 (5896 5120 912 ) (6072 5120 912 ) (6072 4736 912 ) (5896 4736 912 ) 
4 1199 1203 (6072 5120 912 ) (6080 5120 912 ) (6080 4736 912 ) (6072 4736 912 ) 
4 1199 1201 (6080 5120 912 ) (6144 5120 912 ) (6144 4736 912 ) (6080 4736 912 ) 
4 1200 1387 (6144 4096 912 ) (6144 4096 1024 ) (5888 4096 1024 ) (5888 4096 912 ) 
4 1200 1258 (5888 4096 912 ) (5888 4096 1024 ) (5888 4192 1024 ) (5888 4192 912 ) 
4 1200 1225 (5888 4096 912 ) (5888 4192 912 ) (5896 4192 912 ) (5896 4096 912 ) 
4 1200 1224 (5896 4192 912 ) (6080 4192 912 ) (6080 4096 912 ) (5896 4096 912 ) 
4 1200 1219 (6080 4192 912 ) (6144 4192 912 ) (6144 4096 912 ) (6080 4096 912 ) 
4 1201 1206 (6080 4736 886 ) (6080 5120 886 ) (6144 5120 886 ) (6144 4736 886 ) 
4 1201 1203 (6080 5120 886 ) (6080 4736 886 ) (6080 4736 912 ) (6080 5120 912 ) 
4 1202 1218 (6144 4354 886 ) (6144 4354 912 ) (6080 4354 912 ) (6080 4354 886 ) 
4 1202 1208 (6144 4354 886 ) (6080 4354 886 ) (6080 4416 886 ) (6144 4416 886 ) 
4 1203 1206 (6072 4736 886 ) (6072 5120 886 ) (6080 5120 886 ) (6080 4736 886 ) 
4 1203 1204 (6072 5120 886 ) (6072 4736 886 ) (6072 4736 912 ) (6072 5120 912 ) 
4 1204 1214 (5896 4736 912 ) (5896 5120 912 ) (5896 5120 886 ) (5896 4736 886 ) 
4 1204 1206 (5896 4736 886 ) (5896 5120 886 ) (6072 5120 886 ) (6072 4736 886 ) 
4 1205 1222 (6072 4354 912 ) (5896 4354 912 ) (5896 4354 886 ) (6072 4354 886 ) 
4 1205 1215 (5896 4354 886 ) (5896 4354 912 ) (5896 4440 912 ) (5896 4440 886 ) 
4 1205 1210 (6072 4354 886 ) (5896 4354 886 ) (5896 4516 886 ) (6072 4516 886 ) 
4 1206 1216 (5896 4736 800 ) (5896 4736 802 ) (5896 5120 802 ) (5896 5120 800 ) 
4 1206 1214 (5896 4736 802 ) (5896 4736 886 ) (5896 5120 886 ) (5896 5120 802 ) 
4 1206 1207 (6144 4736 800 ) (5896 4736 800 ) (5896 5120 800 ) (6144 5120 800 ) 
4 1207 1234 (5896 5120 784 ) (6144 5120 784 ) (6144 4736 784 ) (5896 4736 784 ) 
4 1207 1217 (5896 5120 784 ) (5896 4736 784 ) (5896 4736 800 ) (5896 5120 800 ) 
4 1208 1218 (6144 4354 800 ) (6144 4354 886 ) (6080 4354 886 ) (6080 4354 800 ) 
4 1208 1211 (6144 4354 800 ) (6080 4354 800 ) (6080 4416 800 ) (6144 4416 800 ) 
4 1208 1209 (6080 4378 800 ) (6080 4354 800 ) (6080 4354 886 ) (6080 4378 886 ) 
4 1209 1226 (6080 4354 886 ) (6072 4354 886 ) (6072 4354 800 ) (6080 4354 800 ) 
4 1209 1212 (6080 4354 800 ) (6072 4354 800 ) (6072 4378 800 ) (6080 4378 800 ) 
4 1209 1210 (6072 4378 800 ) (6072 4354 800 ) (6072 4354 886 ) (6072 4378 886 ) 
4 1210 1227 (6072 4354 886 ) (5896 4354 886 ) (5896 4354 800 ) (6072 4354 800 ) 
4 1210 1215 (5896 4354 802 ) (5896 4354 886 ) (5896 4440 886 ) (5896 4440 802 ) 
4 1210 1213 (6072 4354 800 ) (5896 4354 800 ) (5896 4516 800 ) (6072 4516 800 ) 
4 1211 1220 (6080 4354 784 ) (6144 4354 784 ) (6144 4354 800 ) (6080 4354 800 ) 
4 1211 1212 (6080 4354 784 ) (6080 4354 800 ) (6080 4378 800 ) (6080 4378 784 ) 
4 1212 1229 (6072 4354 784 ) (6080 4354 784 ) (6080 4354 800 ) (6072 4354 800 ) 
4 1212 1213 (6072 4354 784 ) (6072 4354 800 ) (6072 4378 800 ) (6072 4378 784 ) 
4 1213 1230 (5896 4354 784 ) (6072 4354 784 ) (6072 4354 800 ) (5896 4354 800 ) 
4 1214 1248 (5888 4736 912 ) (5888 5120 912 ) (5888 5120 802 ) (5888 4736 802 ) 
4 1214 1216 (5896 5120 802 ) (5896 4736 802 ) (5888 4736 802 ) (5888 5120 802 ) 
4 1215 1258 (5888 4354 912 ) (5888 4440 912 ) (5888 4440 802 ) (5888 4354 802 ) 
4 1216 1248 (5888 5120 802 ) (5888 5120 800 ) (5888 4736 800 ) (5888 4736 802 ) 
4 1216 1217 (5888 4736 800 ) (5888 5120 800 ) (5896 5120 800 ) (5896 4736 800 ) 
4 1217 1249 (5888 5120 800 ) (5888 5120 784 ) (5888 4736 784 ) (5888 4736 800 ) 
4 1217 1234 (5888 4736 784 ) (5888 5120 784 ) (5896 5120 784 ) (5896 4736 784 ) 
4 1218 1226 (6080 4354 886 ) (6080 4354 800 ) (6080 4324 800 ) (6080 4324 886 ) 
4 1218 1220 (6080 4288 800 ) (6080 4354 800 ) (6144 4354 800 ) (6144 4288 800 ) 
4 1219 1387 (6144 4096 800 ) (6144 4096 912 ) (6080 4096 912 ) (6080 4096 800 ) 
4 1219 1228 (6080 4192 800 ) (6080 4096 800 ) (6080 4096 886 ) (6080 4192 886 ) 
4 1219 1224 (6080 4096 886 ) (6080 4096 912 ) (6080 4192 912 ) (6080 4192 886 ) 
4 1219 1221 (6144 4096 800 ) (6080 4096 800 ) (6080 4192 800 ) (6144 4192 800 ) 
4 1220 1229 (6080 4354 800 ) (6080 4354 784 ) (6080 4324 784 ) (6080 4324 800 ) 
4 1221 1388 (6144 4096 784 ) (6144 4096 800 ) (6080 4096 800 ) (6080 4096 784 ) 
4 1221 1240 (6144 4096 784 ) (6080 4096 784 ) (6080 4192 784 ) (6144 4192 784 ) 
4 1221 1231 (6080 4192 784 ) (6080 4096 784 ) (6080 4096 800 ) (6080 4192 800 ) 
4 1222 1227 (5896 4354 886 ) (6072 4354 886 ) (6072 4324 886 ) (5896 4324 886 ) 
4 1222 1223 (5896 4324 912 ) (5896 4324 886 ) (6072 4324 886 ) (6072 4324 912 ) 
4 1223 1227 (6072 4200 886 ) (5896 4200 886 ) (5896 4324 886 ) (6072 4324 886 ) 
4 1224 1387 (6080 4096 912 ) (5896 4096 912 ) (5896 4096 886 ) (6080 4096 886 ) 
4 1224 1228 (6080 4192 886 ) (6080 4096 886 ) (5896 4096 886 ) (5896 4192 886 ) 
4 1224 1225 (5896 4192 886 ) (5896 4096 886 ) (5896 4096 912 ) (5896 4192 912 ) 
4 1225 1387 (5896 4096 912 ) (5888 4096 912 ) (5888 4096 886 ) (5896 4096 886 ) 
4 1225 1258 (5888 4096 886 ) (5888 4096 912 ) (5888 4192 912 ) (5888 4192 886 ) 
4 1225 1232 (5888 4096 886 ) (5888 4192 886 ) (5896 4192 886 ) (5896 4096 886 ) 
4 1226 1229 (6072 4354 800 ) (6080 4354 800 ) (6080 4324 800 ) (6072 4324 800 ) 
4 1226 1227 (6072 4354 800 ) (6072 4324 800 ) (6072 4324 886 ) (6072 4354 886 ) 
4 1227 1230 (5896 4200 800 ) (5896 4354 800 ) (6072 4354 800 ) (6072 4200 800 ) 
4 1228 1387 (6080 4096 800 ) (6080 4096 886 ) (5896 4096 886 ) (5896 4096 800 ) 
4 1228 1232 (5896 4096 886 ) (5896 4192 886 ) (5896 4192 800 ) (5896 4096 800 ) 
4 1228 1231 (5896 4096 800 ) (5896 4192 800 ) (6080 4192 800 ) (6080 4096 800 ) 
4 1229 1230 (6072 4324 800 ) (6072 4354 800 ) (6072 4354 784 ) (6072 4324 784 ) 
4 1231 1388 (5896 4096 784 ) (6080 4096 784 ) (6080 4096 800 ) (5896 4096 800 ) 
4 1231 1240 (6080 4096 784 ) (5896 4096 784 ) (5896 4192 784 ) (6080 4192 784 ) 
4 1231 1233 (5896 4192 784 ) (5896 4096 784 ) (5896 4096 800 ) (5896 4192 800 ) 
4 1232 1387 (5888 4096 886 ) (5888 4096 800 ) (5896 4096 800 ) (5896 4096 886 ) 
4 1232 1258 (5888 4096 800 ) (5888 4096 886 ) (5888 4192 886 ) (5888 4192 800 ) 
4 1232 1233 (5888 4096 800 ) (5888 4192 800 ) (5896 4192 800 ) (5896 4096 800 ) 
4 1233 1388 (5888 4096 800 ) (5888 4096 784 ) (5896 4096 784 ) (5896 4096 800 ) 
4 1233 1240 (5896 4096 784 ) (5888 4096 784 ) (5888 4192 784 ) (5896 4192 784 ) 
4 1234 1249 (5888 4736 784 ) (5888 5120 784 ) (5888 5120 648 ) (5888 4736 648 ) 
4 1234 1235 (6144 4736 648 ) (5888 4736 648 ) (5888 5120 648 ) (6144 5120 648 ) 
4 1235 1250 (5888 5120 648 ) (5888 5120 520 ) (5888 4736 520 ) (5888 4736 648 ) 
4 1235 1236 (6144 4736 520 ) (5888 4736 520 ) (5888 5120 520 ) (6144 5120 520 ) 
4 1236 1251 (5888 5120 520 ) (5888 5120 208 ) (5888 4736 208 ) (5888 4736 520 ) 
4 1236 1237 (5888 4736 208 ) (5888 5120 208 ) (6144 5120 208 ) (6144 4736 208 ) 
4 1237 1252 (5888 5120 208 ) (5888 5120 144 ) (5888 4736 144 ) (5888 4736 208 ) 
4 1237 1238 (6144 4736 144 ) (5888 4736 144 ) (5888 5120 144 ) (6144 5120 144 ) 
4 1238 1253 (5888 5120 144 ) (5888 5120 16 ) (5888 4736 16 ) (5888 4736 144 ) 
4 1238 1239 (5888 4736 16 ) (5888 5120 16 ) (6144 5120 16 ) (6144 4736 16 ) 
4 1239 1257 (5888 5120 16 ) (5888 5120 8 ) (5888 4736 8 ) (5888 4736 16 ) 
4 1240 1388 (6144 4096 648 ) (6144 4096 784 ) (5888 4096 784 ) (5888 4096 648 ) 
4 1240 1241 (5888 4096 648 ) (5888 4192 648 ) (6144 4192 648 ) (6144 4096 648 ) 
4 1241 1390 (6144 4096 520 ) (6144 4096 648 ) (5888 4096 648 ) (5888 4096 520 ) 
4 1241 1242 (6144 4096 520 ) (5888 4096 520 ) (5888 4192 520 ) (6144 4192 520 ) 
4 1242 1409 (6144 4096 208 ) (6144 4096 520 ) (5888 4096 520 ) (5888 4096 208 ) 
4 1242 1243 (5888 4096 208 ) (5888 4192 208 ) (6144 4192 208 ) (6144 4096 208 ) 
4 1243 1411 (6144 4096 16 ) (6144 4096 144 ) (5888 4096 144 ) (5888 4096 16 ) 
4 1243 1410 (6144 4096 144 ) (6144 4096 208 ) (5888 4096 208 ) (5888 4096 144 ) 
4 1244 1246 (5520 4736 1184 ) (5520 5120 1184 ) (5888 5120 1184 ) (5888 4736 1184 ) 
4 1244 1245 (5520 4736 1920 ) (5520 4736 1192 ) (5888 4736 1192 ) (5888 4736 1920 ) 
4 1246 1248 (5888 4608 1056 ) (5504 4608 1056 ) (5504 5120 1056 ) (5888 5120 1056 ) 
3 1246 1247 (5528 4632 1184 ) (5504 4632 1184 ) (5504 4608 1120 ) 
4 1248 1249 (5888 4608 800 ) (5504 4608 800 ) (5504 5120 800 ) (5888 5120 800 ) 
4 1249 1250 (5888 4608 648 ) (5504 4608 648 ) (5504 5120 648 ) (5888 5120 648 ) 
4 1250 1251 (5888 4608 520 ) (5504 4608 520 ) (5504 5120 520 ) (5888 5120 520 ) 
4 1251 1252 (5888 4608 208 ) (5504 4608 208 ) (5504 5120 208 ) (5888 5120 208 ) 
4 1252 1253 (5888 4608 144 ) (5504 4608 144 ) (5504 5120 144 ) (5888 5120 144 ) 
4 1253 1257 (5504 5120 16 ) (5888 5120 16 ) (5888 4736 16 ) (5504 4736 16 ) 
4 1253 1256 (5504 4608 16 ) (5568 4608 16 ) (5568 4608 17 ) (5504 4608 17 ) 
4 1254 1269 (5120 4864 1184 ) (5120 4608 1184 ) (5120 4608 1920 ) (5120 4864 1920 ) 
4 1254 1255 (5120 4608 1920 ) (5120 4608 1184 ) (5504 4608 1184 ) (5504 4608 1920 ) 
4 1255 1269 (5120 4576 1184 ) (5120 4576 1920 ) (5120 4608 1920 ) (5120 4608 1184 ) 
4 1255 1259 (5120 4576 1920 ) (5120 4576 1184 ) (5504 4576 1184 ) (5504 4576 1920 ) 
4 1258 1387 (5888 4096 800 ) (5888 4096 1056 ) (5760 4096 1056 ) (5760 4096 800 ) 
4 1258 1386 (5888 4096 1056 ) (5888 4096 1408 ) (5760 4096 1408 ) (5760 4096 1056 ) 
4 1258 1260 (5760 4112 800 ) (5760 4096 800 ) (5760 4096 1408 ) (5760 4112 1408 ) 
4 1258 1259 (5760 4576 1408 ) (5760 4576 800 ) (5760 4112 800 ) (5760 4112 1408 ) 
4 1259 1270 (5120 4576 1920 ) (5120 4576 800 ) (5120 4112 800 ) (5120 4112 1920 ) 
4 1259 1260 (5120 4112 1920 ) (5120 4112 800 ) (5760 4112 800 ) (5760 4112 1920 ) 
4 1260 1424 (5120 4096 1920 ) (5120 4096 800 ) (5760 4096 800 ) (5760 4096 1920 ) 
4 1260 1270 (5120 4096 800 ) (5120 4096 1920 ) (5120 4112 1920 ) (5120 4112 800 ) 
4 1261 1265 (5696 4112 64 ) (5568 4112 64 ) (5568 4192 64 ) (5696 4192 64 ) 
4 1261 1262 (5568 4112 64 ) (5696 4112 64 ) (5696 4112 184 ) (5568 4112 184 ) 
4 1262 1428 (5568 4096 144 ) (5568 4096 64 ) (5696 4096 64 ) (5696 4096 144 ) 
4 1262 1427 (5696 4096 184 ) (5568 4096 184 ) (5568 4096 144 ) (5696 4096 144 ) 
4 1262 1265 (5696 4096 64 ) (5568 4096 64 ) (5568 4112 64 ) (5696 4112 64 ) 
4 1263 1428 (5264 4096 144 ) (5264 4096 64 ) (5392 4096 64 ) (5392 4096 144 ) 
4 1263 1427 (5392 4096 184 ) (5264 4096 184 ) (5264 4096 144 ) (5392 4096 144 ) 
4 1264 1428 (5120 4096 144 ) (5120 4096 64 ) (5168 4096 64 ) (5168 4096 144 ) 
4 1264 1427 (5168 4096 184 ) (5120 4096 184 ) (5120 4096 144 ) (5168 4096 144 ) 
4 1264 1271 (5120 4096 64 ) (5120 4096 184 ) (5120 4112 184 ) (5120 4112 64 ) 
4 1265 1428 (5696 4096 64 ) (5568 4096 64 ) (5568 4096 16 ) (5696 4096 16 ) 
4 1266 1267 (4736 5392 1184 ) (4736 6144 1184 ) (5120 6144 1184 ) (5120 5392 1184 ) 
4 1267 1268 (5120 5376 1056 ) (4736 5376 1056 ) (4736 6144 1056 ) (5120 6144 1056 ) 
4 1269 1279 (4832 4576 1920 ) (4480 4576 1920 ) (4480 4576 1184 ) (4832 4576 1184 ) 
4 1269 1272 (4960 4576 1920 ) (4832 4576 1920 ) (4832 4576 1184 ) (4960 4576 1184 ) 
4 1269 1270 (5120 4576 1184 ) (5120 4576 1920 ) (4960 4576 1920 ) (4960 4576 1184 ) 
4 1270 1658 (5120 4096 800 ) (5120 4096 1920 ) (4960 4096 1920 ) (4960 4096 800 ) 
4 1270 1272 (4960 4576 1920 ) (4960 4576 800 ) (4960 4096 800 ) (4960 4096 1920 ) 
4 1271 1691 (5120 4096 64 ) (5120 4096 144 ) (5040 4096 144 ) (5040 4096 64 ) 
4 1271 1690 (5120 4096 144 ) (5120 4096 184 ) (5040 4096 184 ) (5040 4096 144 ) 
4 1272 1668 (4832 4096 916 ) (4832 4096 704 ) (4880 4096 704 ) (4880 4096 916 ) 
4 1272 1667 (4832 4096 1920 ) (4832 4096 916 ) (4880 4096 916 ) (4880 4096 1920 ) 
4 1272 1658 (4880 4096 704 ) (4960 4096 704 ) (4960 4096 1920 ) (4880 4096 1920 ) 
4 1272 1287 (4832 4576 776 ) (4832 4576 704 ) (4832 4096 704 ) (4832 4096 776 ) 
4 1272 1280 (4832 4576 916 ) (4832 4576 776 ) (4832 4096 776 ) (4832 4096 916 ) 
4 1272 1279 (4832 4576 1920 ) (4832 4576 916 ) (4832 4096 916 ) (4832 4096 1920 ) 
4 1272 1274 (4832 4096 704 ) (4832 4480 704 ) (4960 4480 704 ) (4960 4096 704 ) 
4 1272 1273 (4832 4480 704 ) (4832 4576 704 ) (4960 4576 704 ) (4960 4480 704 ) 
4 1273 1289 (4832 4576 520 ) (4832 4576 208 ) (4832 4480 208 ) (4832 4480 520 ) 
4 1273 1288 (4832 4576 704 ) (4832 4576 520 ) (4832 4480 520 ) (4832 4480 704 ) 
4 1273 1275 (4832 4480 208 ) (4832 4576 208 ) (4960 4576 208 ) (4960 4480 208 ) 
4 1273 1274 (4832 4480 208 ) (4960 4480 208 ) (4960 4480 704 ) (4832 4480 704 ) 
4 1274 1686 (4832 4096 352 ) (4832 4096 208 ) (4880 4096 208 ) (4880 4096 352 ) 
4 1274 1680 (4832 4096 488 ) (4832 4096 352 ) (4880 4096 352 ) (4880 4096 488 ) 
4 1274 1679 (4832 4096 520 ) (4832 4096 488 ) (4880 4096 488 ) (4880 4096 520 ) 
4 1274 1678 (4832 4096 704 ) (4832 4096 520 ) (4880 4096 520 ) (4880 4096 704 ) 
4 1274 1659 (4960 4096 520 ) (4960 4096 704 ) (4880 4096 704 ) (4880 4096 520 ) 
4 1274 1660 (4880 4096 208 ) (4960 4096 208 ) (4960 4096 520 ) (4880 4096 520 ) 
4 1274 1277 (4832 4096 208 ) (4832 4480 208 ) (4960 4480 208 ) (4960 4096 208 ) 
4 1275 1290 (4832 4576 208 ) (4832 4576 144 ) (4832 4480 144 ) (4832 4480 208 ) 
4 1275 1277 (4960 4480 144 ) (4960 4480 208 ) (4832 4480 208 ) (4832 4480 144 ) 
4 1275 1276 (4960 4480 144 ) (4832 4480 144 ) (4832 4576 144 ) (4960 4576 144 ) 
4 1276 1291 (4832 4576 144 ) (4832 4576 16 ) (4832 4480 16 ) (4832 4480 144 ) 
4 1276 1278 (4960 4480 16 ) (4960 4480 144 ) (4832 4480 144 ) (4832 4480 16 ) 
4 1277 1690 (4832 4096 208 ) (4832 4096 144 ) (4960 4096 144 ) (4960 4096 208 ) 
4 1277 1278 (4832 4096 144 ) (4832 4480 144 ) (4960 4480 144 ) (4960 4096 144 ) 
4 1278 1691 (4832 4096 144 ) (4832 4096 16 ) (4960 4096 16 ) (4960 4096 144 ) 
4 1279 1667 (4340 4096 1920 ) (4340 4096 916 ) (4832 4096 916 ) (4832 4096 1920 ) 
4 1279 1285 (4340 4428 916 ) (4340 4096 916 ) (4340 4096 1920 ) (4340 4428 1920 ) 
4 1279 1284 (4340 4428 928 ) (4340 4428 1920 ) (4340 4448 1920 ) (4340 4448 928 ) 
4 1279 1283 (4340 4576 1920 ) (4340 4576 916 ) (4340 4448 916 ) (4340 4448 1920 ) 
4 1279 1281 (4340 4448 916 ) (4340 4576 916 ) (4780 4576 916 ) (4780 4448 916 ) 
4 1279 1282 (4340 4096 916 ) (4340 4432 916 ) (4780 4432 916 ) (4780 4096 916 ) 
4 1279 1280 (4780 4576 916 ) (4832 4576 916 ) (4832 4096 916 ) (4780 4096 916 ) 
4 1280 1668 (4780 4096 776 ) (4832 4096 776 ) (4832 4096 916 ) (4780 4096 916 ) 
4 1280 1287 (4780 4576 776 ) (4832 4576 776 ) (4832 4096 776 ) (4780 4096 776 ) 
4 1280 1281 (4780 4576 776 ) (4780 4448 776 ) (4780 4448 916 ) (4780 4576 916 ) 
4 1280 1282 (4780 4432 776 ) (4780 4096 776 ) (4780 4096 916 ) (4780 4432 916 ) 
4 1281 1287 (4340 4576 776 ) (4780 4576 776 ) (4780 4448 776 ) (4340 4448 776 ) 
4 1281 1283 (4340 4576 916 ) (4340 4576 776 ) (4340 4448 776 ) (4340 4448 916 ) 
4 1282 1668 (4340 4096 916 ) (4340 4096 776 ) (4780 4096 776 ) (4780 4096 916 ) 
4 1282 1287 (4780 4432 776 ) (4780 4096 776 ) (4340 4096 776 ) (4340 4432 776 ) 
4 1282 1285 (4340 4428 776 ) (4340 4096 776 ) (4340 4096 916 ) (4340 4428 916 ) 
4 1283 1292 (4320 4480 776 ) (4320 4448 776 ) (4320 4448 1920 ) (4320 4480 1920 ) 
4 1283 1287 (4320 4448 776 ) (4320 4576 776 ) (4340 4576 776 ) (4340 4448 776 ) 
4 1283 1284 (4340 4448 928 ) (4340 4448 1920 ) (4320 4448 1920 ) (4320 4448 928 ) 
4 1284 1292 (4320 4428 928 ) (4320 4428 1920 ) (4320 4448 1920 ) (4320 4448 928 ) 
4 1284 1286 (4320 4428 1920 ) (4320 4428 928 ) (4336 4428 928 ) (4336 4428 1920 ) 
4 1284 1285 (4336 4428 928 ) (4340 4428 928 ) (4340 4428 1920 ) (4336 4428 1920 ) 
4 1285 1668 (4336 4096 776 ) (4340 4096 776 ) (4340 4096 916 ) (4336 4096 916 ) 
4 1285 1667 (4340 4096 916 ) (4340 4096 1920 ) (4336 4096 1920 ) (4336 4096 916 ) 
4 1285 1287 (4336 4428 776 ) (4340 4428 776 ) (4340 4096 776 ) (4336 4096 776 ) 
4 1285 1286 (4336 4096 1920 ) (4336 4428 1920 ) (4336 4428 916 ) (4336 4096 916 ) 
4 1286 1667 (4320 4096 1920 ) (4320 4096 916 ) (4336 4096 916 ) (4336 4096 1920 ) 
4 1286 1292 (4320 4096 916 ) (4320 4096 1920 ) (4320 4428 1920 ) (4320 4428 916 ) 
4 1287 1669 (4320 4096 776 ) (4320 4096 704 ) (4336 4096 704 ) (4336 4096 776 ) 
4 1287 1668 (4336 4096 704 ) (4832 4096 704 ) (4832 4096 776 ) (4336 4096 776 ) 
4 1287 1292 (4320 4480 704 ) (4320 4096 704 ) (4320 4096 776 ) (4320 4480 776 ) 
4 1287 1288 (4320 4480 704 ) (4320 4576 704 ) (4832 4576 704 ) (4832 4480 704 ) 
4 1288 1289 (4320 4480 520 ) (4320 4576 520 ) (4832 4576 520 ) (4832 4480 520 ) 
4 1289 1290 (4320 4480 208 ) (4320 4576 208 ) (4832 4576 208 ) (4832 4480 208 ) 
4 1290 1291 (4832 4480 144 ) (4320 4480 144 ) (4320 4576 144 ) (4832 4576 144 ) 
4 1292 1709 (4304 4096 520 ) (4320 4096 520 ) (4320 4096 1920 ) (4304 4096 1920 ) 
4 1292 1294 (4320 4480 520 ) (4320 4096 520 ) (4304 4096 520 ) (4304 4480 520 ) 
4 1292 1293 (4304 4480 520 ) (4304 4096 520 ) (4304 4096 1920 ) (4304 4480 1920 ) 
4 1293 1709 (4096 4096 1920 ) (4096 4096 520 ) (4304 4096 520 ) (4304 4096 1920 ) 
4 1293 1300 (4096 4096 520 ) (4096 4096 1920 ) (4096 4512 1920 ) (4096 4512 520 ) 
4 1293 1295 (4096 4096 520 ) (4096 4512 520 ) (4304 4512 520 ) (4304 4096 520 ) 
4 1294 1710 (4304 4096 208 ) (4320 4096 208 ) (4320 4096 520 ) (4304 4096 520 ) 
4 1294 1298 (4320 4480 208 ) (4320 4096 208 ) (4304 4096 208 ) (4304 4480 208 ) 
4 1294 1295 (4304 4480 208 ) (4304 4096 208 ) (4304 4096 520 ) (4304 4480 520 ) 
4 1295 1710 (4096 4096 520 ) (4096 4096 208 ) (4304 4096 208 ) (4304 4096 520 ) 
4 1295 1302 (4096 4096 208 ) (4096 4096 456 ) (4096 4512 456 ) (4096 4512 208 ) 
4 1295 1301 (4096 4096 456 ) (4096 4096 520 ) (4096 4512 520 ) (4096 4512 456 ) 
4 1295 1298 (4304 4480 208 ) (4304 4096 208 ) (4096 4096 208 ) (4096 4480 208 ) 
4 1295 1296 (4096 4512 208 ) (4304 4512 208 ) (4304 4480 208 ) (4096 4480 208 ) 
4 1296 1303 (4096 4480 208 ) (4096 4512 208 ) (4096 4512 144 ) (4096 4480 144 ) 
4 1296 1298 (4304 4480 144 ) (4304 4480 208 ) (4096 4480 208 ) (4096 4480 144 ) 
4 1296 1297 (4096 4512 144 ) (4304 4512 144 ) (4304 4480 144 ) (4096 4480 144 ) 
4 1297 1304 (4096 4512 144 ) (4096 4512 16 ) (4096 4480 16 ) (4096 4480 144 ) 
4 1297 1299 (4096 4480 16 ) (4304 4480 16 ) (4304 4480 144 ) (4096 4480 144 ) 
4 1298 1711 (4096 4096 208 ) (4096 4096 144 ) (4320 4096 144 ) (4320 4096 208 ) 
4 1298 1303 (4096 4096 144 ) (4096 4096 208 ) (4096 4480 208 ) (4096 4480 144 ) 
4 1298 1299 (4096 4480 144 ) (4320 4480 144 ) (4320 4096 144 ) (4096 4096 144 ) 
4 1299 1712 (4096 4096 144 ) (4096 4096 16 ) (4320 4096 16 ) (4320 4096 144 ) 
4 1299 1304 (4096 4096 16 ) (4096 4096 144 ) (4096 4480 144 ) (4096 4480 16 ) 
4 1300 1790 (4096 4096 520 ) (4096 4096 1920 ) (3072 4096 1920 ) (3072 4096 520 ) 
4 1300 1306 (3072 4096 520 ) (3072 4096 1920 ) (3072 4512 1920 ) (3072 4512 520 ) 
4 1300 1301 (4096 4096 520 ) (3072 4096 520 ) (3072 4512 520 ) (4096 4512 520 ) 
4 1301 1791 (4096 4096 456 ) (4096 4096 520 ) (3072 4096 520 ) (3072 4096 456 ) 
4 1301 1307 (3072 4096 456 ) (3072 4096 520 ) (3072 4512 520 ) (3072 4512 456 ) 
4 1301 1302 (3352 4512 456 ) (4096 4512 456 ) (4096 4096 456 ) (3352 4096 456 ) 
4 1302 1797 (4096 4096 208 ) (4096 4096 264 ) (3352 4096 264 ) (3352 4096 208 ) 
4 1302 1792 (4096 4096 264 ) (4096 4096 456 ) (3352 4096 456 ) (3352 4096 264 ) 
4 1302 1303 (4096 4096 208 ) (3352 4096 208 ) (3352 4512 208 ) (4096 4512 208 ) 
4 1303 1799 (4096 4096 144 ) (4096 4096 208 ) (3352 4096 208 ) (3352 4096 144 ) 
4 1303 1304 (3352 4096 144 ) (3352 4512 144 ) (4096 4512 144 ) (4096 4096 144 ) 
4 1304 1803 (4096 4096 16 ) (4096 4096 144 ) (3352 4096 144 ) (3352 4096 16 ) 
4 1304 1305 (3992 4096 16 ) (3488 4096 16 ) (3488 4512 16 ) (3992 4512 16 ) 
4 1305 1807 (3992 4096 16 ) (3488 4096 16 ) (3488 4096 8 ) (3992 4096 8 ) 
4 1306 1808 (3072 4096 520 ) (3072 4096 1920 ) (2816 4096 1920 ) (2816 4096 520 ) 
4 1306 1307 (3072 4096 520 ) (2816 4096 520 ) (2816 4512 520 ) (3072 4512 520 ) 
4 1307 1809 (3072 4096 456 ) (3072 4096 520 ) (2816 4096 520 ) (2816 4096 456 ) 
4 1308 1312 (6816 4096 1440 ) (7168 4096 1440 ) (7168 3936 1440 ) (6816 3936 1440 ) 
4 1308 1310 (6816 3936 1672 ) (6816 3936 1888 ) (6816 3968 1888 ) (6816 3968 1672 ) 
4 1308 1309 (6816 4096 1440 ) (6816 3968 1440 ) (6816 3968 1888 ) (6816 4096 1888 ) 
4 1309 1314 (6720 4096 1440 ) (6752 4096 1440 ) (6752 3968 1440 ) (6720 3968 1440 ) 
4 1309 1312 (6784 4096 1440 ) (6816 4096 1440 ) (6816 3968 1440 ) (6784 3968 1440 ) 
4 1309 1313 (6752 4096 1440 ) (6784 4096 1440 ) (6784 3968 1440 ) (6752 3968 1440 ) 
4 1309 1310 (6720 3968 1888 ) (6720 3968 1672 ) (6816 3968 1672 ) (6816 3968 1888 ) 
4 1309 1311 (6720 4096 1440 ) (6720 3968 1440 ) (6720 3968 1888 ) (6720 4096 1888 ) 
4 1310 1311 (6720 3936 1672 ) (6720 3936 1888 ) (6720 3968 1888 ) (6720 3968 1672 ) 
4 1311 1314 (6516 4096 1440 ) (6720 4096 1440 ) (6720 3936 1440 ) (6516 3936 1440 ) 
4 1312 1315 (6784 4096 1408 ) (7168 4096 1408 ) (7168 3936 1408 ) (6784 3936 1408 ) 
4 1312 1313 (6784 4096 1408 ) (6784 3936 1408 ) (6784 3936 1440 ) (6784 4096 1440 ) 
4 1313 1315 (6752 4096 1408 ) (6784 4096 1408 ) (6784 3904 1408 ) (6752 3904 1408 ) 
4 1313 1314 (6752 4096 1408 ) (6752 3936 1408 ) (6752 3936 1440 ) (6752 4096 1440 ) 
4 1314 1315 (6516 4096 1408 ) (6752 4096 1408 ) (6752 3936 1408 ) (6516 3936 1408 ) 
4 1315 1460 (7168 3072 1056 ) (7168 3072 1408 ) (6516 3072 1408 ) (6516 3072 1056 ) 
4 1315 1317 (6516 3072 1056 ) (6516 3072 1408 ) (6516 4096 1408 ) (6516 4096 1056 ) 
4 1315 1316 (7168 3072 1056 ) (6516 3072 1056 ) (6516 4096 1056 ) (7168 4096 1056 ) 
4 1316 1462 (7168 3072 800 ) (7168 3072 1056 ) (6516 3072 1056 ) (6516 3072 800 ) 
4 1316 1319 (7168 3072 800 ) (6516 3072 800 ) (6516 4096 800 ) (7168 4096 800 ) 
4 1316 1318 (6516 4096 800 ) (6516 3072 800 ) (6516 3072 1056 ) (6516 4096 1056 ) 
4 1317 1461 (6516 3072 1408 ) (6144 3072 1408 ) (6144 3072 1056 ) (6516 3072 1056 ) 
4 1317 1386 (6144 4096 1408 ) (6144 4096 1056 ) (6144 3072 1056 ) (6144 3072 1408 ) 
4 1317 1318 (6144 4096 1056 ) (6516 4096 1056 ) (6516 3072 1056 ) (6144 3072 1056 ) 
4 1318 1463 (6144 3072 1056 ) (6144 3072 800 ) (6516 3072 800 ) (6516 3072 1056 ) 
4 1318 1387 (6144 4096 1056 ) (6144 4096 800 ) (6144 3072 800 ) (6144 3072 1056 ) 
4 1318 1320 (6516 3072 800 ) (6144 3072 800 ) (6144 4096 800 ) (6516 4096 800 ) 
4 1319 1464 (7168 3072 668 ) (7168 3072 800 ) (6516 3072 800 ) (6516 3072 668 ) 
4 1319 1339 (6528 3072 668 ) (6516 3072 668 ) (6516 4096 668 ) (6528 4096 668 ) 
4 1319 1337 (6656 4012.229248 668 ) (6656 4012 668 ) (6652.610352 4012 668 ) (6654.419434 4013.810059 668 ) 
5 1319 1336 (6528 4012 668 ) (6528 4096 668 ) (6656 4096 668 ) (6656 4015.391357 668 ) (6652.610352 4012 668 ) 
4 1319 1335 (6738.054688 4096 668 ) (6761.145020 4096 668 ) (6772.160156 4076.919922 668 ) (6762.339844 4053.929688 668 ) 
4 1319 1334 (6761.145020 4096 668 ) (6800 4096 668 ) (6800 4037.370605 668 ) (6795.160156 4037.080078 668 ) 
5 1319 1333 (6736.570801 4096 668 ) (6738.054688 4096 668 ) (6772.839844 4035.739990 668 ) (6685.592285 4030.501709 668 ) (6675.629883 4035.030029 668 ) 
4 1319 1332 (6800 4012 668 ) (6800 4003.860596 668 ) (6794.830078 4009.030273 668 ) (6797.799805 4012 668 ) 
4 1319 1331 (6775.030273 4028.830078 668 ) (6768.387695 4035.472656 668 ) (6795.065430 4037.074463 668 ) (6796.240234 4035.899658 668 ) 
3 1319 1330 (6800 4014.199951 668 ) (6800 4012 668 ) (6797.799805 4012 668 ) 
5 1319 1329 (6660.890137 3992 668 ) (6656 3992 668 ) (6656 4012 668 ) (6656.229492 4012 668 ) (6668.560059 3999.669678 668 ) 
5 1319 1328 (6800 4003.860596 668 ) (6800 3992 668 ) (6660.890137 3992 668 ) (6680.890137 4012 668 ) (6791.860352 4012 668 ) 
3 1319 1327 (6685.592285 4030.501953 668 ) (6700.273438 4031.383301 668 ) (6695.080078 4026.189697 668 ) 
4 1319 1326 (6700.273438 4031.383301 668 ) (6768.387695 4035.472656 668 ) (6791.860352 4012 668 ) (6680.890137 4012 668 ) 
3 1319 1325 (6800 4037.370605 668 ) (6800 4032.139648 668 ) (6795.065430 4037.074463 668 ) 
3 1319 1324 (6656 4096 668 ) (6736.570801 4096 668 ) (6656 4015.391113 668 ) 
4 1319 1323 (6820.140137 4012 668 ) (6800 4012 668 ) (6800 4014.199951 668 ) (6808.970215 4023.169922 668 ) 
5 1319 1322 (6800 4096 668 ) (7104 4096 668 ) (7104 4012 668 ) (6820.140137 4012 668 ) (6800 4032.139893 668 ) 
4 1319 1321 (7104 4096 668 ) (7168 4096 668 ) (7168 3992 668 ) (7104 3992 668 ) 
4 1319 1338 (7168 3072 668 ) (6528 3072 668 ) (6528 3992 668 ) (7168 3992 668 ) 
4 1319 1320 (6516 4096 668 ) (6516 3072 668 ) (6516 3072 800 ) (6516 4096 800 ) 
4 1320 1465 (6516 3072 800 ) (6144 3072 800 ) (6144 3072 668 ) (6516 3072 668 ) 
4 1320 1388 (6144 4096 800 ) (6144 4096 668 ) (6144 3072 668 ) (6144 3072 800 ) 
4 1320 1340 (6516 3072 668 ) (6144 3072 668 ) (6144 4096 668 ) (6516 4096 668 ) 
4 1321 1341 (7104 4096 648 ) (7168 4096 648 ) (7168 3992 648 ) (7104 3992 648 ) 
4 1321 1322 (7104 4096 648 ) (7104 4012 648 ) (7104 4012 668 ) (7104 4096 668 ) 
4 1321 1338 (7104 3992 648 ) (7168 3992 648 ) (7168 3992 668 ) (7104 3992 668 ) 
4 1322 1334 (6800 4096 648 ) (6800 4037.370605 648 ) (6800 4037.370605 668 ) (6800 4096 668 ) 
4 1322 1325 (6800 4037.370605 648 ) (6800 4032.139893 648 ) (6800 4032.139893 668 ) (6800 4037.370605 668 ) 
4 1322 1323 (6808.970215 4023.170410 648 ) (6820.140625 4012 648 ) (6820.140625 4012 668 ) (6808.970215 4023.170410 668 ) 
4 1323 1330 (6800 4014.199951 648 ) (6800 4012 648 ) (6800 4012 668 ) (6800 4014.199951 668 ) 
4 1324 1336 (6656 4096 648 ) (6656 4015.391113 648 ) (6656 4015.391113 668 ) (6656 4096 668 ) 
4 1324 1333 (6675.628418 4035.030518 648 ) (6736.568848 4096 648 ) (6736.568848 4096 668 ) (6675.628418 4035.030518 668 ) 
4 1325 1334 (6800 4037.370605 668 ) (6800 4037.370605 648 ) (6795.065430 4037.074463 648 ) (6795.065430 4037.074463 668 ) 
4 1325 1331 (6795.064453 4037.076172 668 ) (6795.064453 4037.076172 648 ) (6796.240723 4035.899902 648 ) (6796.240723 4035.899902 668 ) 
4 1326 1333 (6768.387695 4035.472656 648 ) (6700.272949 4031.383057 648 ) (6700.272949 4031.383057 668 ) (6768.387695 4035.472656 668 ) 
4 1326 1331 (6775.028320 4028.829346 648 ) (6768.382813 4035.474609 648 ) (6768.382813 4035.474609 668 ) (6775.028320 4028.829346 668 ) 
4 1326 1328 (6791.865234 4012 651 ) (6791.865234 4012 668 ) (6680.890137 4012 668 ) (6680.890137 4012 651 ) 
4 1326 1327 (6700.273926 4031.383301 668 ) (6700.273926 4031.383301 648 ) (6695.080566 4026.189697 648 ) (6695.080566 4026.189697 668 ) 
4 1327 1333 (6700.272949 4031.383057 648 ) (6685.592285 4030.501709 648 ) (6685.592285 4030.501709 668 ) (6700.272949 4031.383057 668 ) 
4 1328 1332 (6800 4003.857666 668 ) (6800 4003.857666 650.171509 ) (6794.828613 4009.028809 650.697693 ) (6794.828613 4009.028809 668 ) 
4 1328 1329 (6668.559570 3999.669189 649.745361 ) (6660.890625 3992 648.965027 ) (6660.890625 3992 668 ) (6668.559570 3999.669189 668 ) 
4 1328 1338 (6800 3992 648.965027 ) (6800 3992 668 ) (6660.890137 3992 668 ) (6660.890137 3992 648.965027 ) 
4 1329 1338 (6660.890137 3992 648.965027 ) (6660.890137 3992 668 ) (6656 3992 668 ) (6656 3992 648.965027 ) 
4 1330 1332 (6800 4012 651 ) (6800 4012 668 ) (6797.799805 4012 668 ) (6797.799805 4012 651 ) 
4 1331 1333 (6772.839844 4035.739990 648 ) (6768.387695 4035.472656 648 ) (6768.387695 4035.472656 668 ) (6772.839844 4035.739990 668 ) 
4 1333 1335 (6762.339355 4053.928955 648 ) (6738.054688 4096 648 ) (6738.054688 4096 668 ) (6762.339355 4053.928955 668 ) 
4 1334 1335 (6761.145020 4096 648 ) (6772.160156 4076.919678 648 ) (6772.160156 4076.919678 668 ) (6761.145020 4096 668 ) 
4 1336 1339 (6528 4096 648 ) (6528 4012 648 ) (6528 4012 668 ) (6528 4096 668 ) 
4 1336 1337 (6652.609375 4012 668 ) (6652.609375 4012 648 ) (6654.419434 4013.810303 648 ) (6654.419434 4013.810303 668 ) 
4 1338 1464 (7168 3072 648 ) (7168 3072 668 ) (6528 3072 668 ) (6528 3072 648 ) 
4 1338 1380 (6632 3072 648 ) (6528 3072 648 ) (6528 3840 648 ) (6632 3840 648 ) 
4 1338 1379 (6896 3072 648 ) (6632 3072 648 ) (6632 3168 648 ) (6896 3168 648 ) 
4 1338 1375 (6632 3648 648 ) (6632 3840 648 ) (6896 3840 648 ) (6896 3648 648 ) 
4 1338 1374 (6976 3072 648 ) (6896 3072 648 ) (6896 3840 648 ) (6976 3840 648 ) 
4 1338 1367 (7104 3072 648 ) (6976 3072 648 ) (6976 3840 648 ) (7104 3840 648 ) 
4 1338 1366 (7168 3072 648 ) (7104 3072 648 ) (7104 3840 648 ) (7168 3840 648 ) 
4 1338 1356 (6528 3840 648 ) (6528 3992 648 ) (6976 3992 648 ) (6976 3840 648 ) 
4 1338 1352 (6976 3992 648 ) (7104 3992 648 ) (7104 3840 648 ) (6976 3840 648 ) 
4 1338 1351 (7104 3992 648 ) (7168 3992 648 ) (7168 3840 648 ) (7104 3840 648 ) 
4 1338 1339 (6528 3992 648 ) (6528 3072 648 ) (6528 3072 668 ) (6528 3992 668 ) 
4 1339 1464 (6528 3072 668 ) (6516 3072 668 ) (6516 3072 648 ) (6528 3072 648 ) 
4 1339 1380 (6528 3072 648 ) (6516 3072 648 ) (6516 3840 648 ) (6528 3840 648 ) 
4 1339 1360 (6516 3840 648 ) (6516 3992 648 ) (6528 3992 648 ) (6528 3840 648 ) 
4 1339 1345 (6516 3992 648 ) (6516 4096 648 ) (6528 4096 648 ) (6528 3992 648 ) 
4 1339 1340 (6516 4096 648 ) (6516 3072 648 ) (6516 3072 668 ) (6516 4096 668 ) 
4 1340 1465 (6516 3072 668 ) (6144 3072 668 ) (6144 3072 648 ) (6516 3072 648 ) 
4 1340 1388 (6144 4096 668 ) (6144 4096 648 ) (6144 3072 648 ) (6144 3072 668 ) 
4 1340 1385 (6456 3072 648 ) (6144 3072 648 ) (6144 3412 648 ) (6456 3412 648 ) 
4 1340 1384 (6144 3412 648 ) (6144 3456 648 ) (6456 3456 648 ) (6456 3412 648 ) 
4 1340 1383 (6144 3456 648 ) (6144 3840 648 ) (6416 3840 648 ) (6416 3456 648 ) 
4 1340 1382 (6416 3840 648 ) (6456 3840 648 ) (6456 3456 648 ) (6416 3456 648 ) 
4 1340 1381 (6516 3072 648 ) (6456 3072 648 ) (6456 3840 648 ) (6516 3840 648 ) 
4 1340 1361 (6144 3840 648 ) (6144 3992 648 ) (6516 3992 648 ) (6516 3840 648 ) 
4 1340 1346 (6144 3992 648 ) (6144 4096 648 ) (6516 4096 648 ) (6516 3992 648 ) 
4 1341 1351 (7168 3992 520 ) (7168 3992 648 ) (7104 3992 648 ) (7104 3992 520 ) 
4 1341 1342 (7168 3992 520 ) (7104 3992 520 ) (7104 4096 520 ) (7168 4096 520 ) 
4 1342 1353 (7168 3992 208 ) (7168 3992 520 ) (7104 3992 520 ) (7104 3992 208 ) 
4 1342 1343 (7168 3992 208 ) (7104 3992 208 ) (7104 4096 208 ) (7168 4096 208 ) 
4 1343 1354 (7168 3992 144 ) (7168 3992 208 ) (7104 3992 208 ) (7104 3992 144 ) 
4 1343 1344 (7168 3992 144 ) (7104 3992 144 ) (7104 4096 144 ) (7168 4096 144 ) 
4 1344 1355 (7104 3992 16 ) (7168 3992 16 ) (7168 3992 144 ) (7104 3992 144 ) 
4 1345 1360 (6528 3992 520 ) (6528 3992 648 ) (6516 3992 648 ) (6516 3992 520 ) 
4 1345 1347 (6516 4096 520 ) (6528 4096 520 ) (6528 3992 520 ) (6516 3992 520 ) 
4 1345 1346 (6516 4096 520 ) (6516 3992 520 ) (6516 3992 648 ) (6516 4096 648 ) 
4 1346 1390 (6144 4096 648 ) (6144 4096 520 ) (6144 3992 520 ) (6144 3992 648 ) 
4 1346 1361 (6516 3992 648 ) (6144 3992 648 ) (6144 3992 520 ) (6516 3992 520 ) 
4 1346 1348 (6144 4096 520 ) (6516 4096 520 ) (6516 3992 520 ) (6144 3992 520 ) 
4 1347 1362 (6528 3992 208 ) (6528 3992 520 ) (6516 3992 520 ) (6516 3992 208 ) 
4 1347 1349 (6528 4096 208 ) (6528 3992 208 ) (6516 3992 208 ) (6516 4096 208 ) 
4 1347 1348 (6516 4096 208 ) (6516 3992 208 ) (6516 3992 520 ) (6516 4096 520 ) 
4 1348 1409 (6144 4096 520 ) (6144 4096 208 ) (6144 3992 208 ) (6144 3992 520 ) 
4 1348 1363 (6516 3992 520 ) (6144 3992 520 ) (6144 3992 208 ) (6516 3992 208 ) 
4 1348 1349 (6516 3992 208 ) (6144 3992 208 ) (6144 4096 208 ) (6516 4096 208 ) 
4 1349 1410 (6144 4096 208 ) (6144 4096 144 ) (6144 3992 144 ) (6144 3992 208 ) 
4 1349 1364 (6528 3992 144 ) (6528 3992 208 ) (6144 3992 208 ) (6144 3992 144 ) 
4 1349 1350 (6144 4096 144 ) (6528 4096 144 ) (6528 3992 144 ) (6144 3992 144 ) 
4 1350 1411 (6144 4096 144 ) (6144 4096 16 ) (6144 3992 16 ) (6144 3992 144 ) 
4 1350 1365 (6144 3992 16 ) (6528 3992 16 ) (6528 3992 144 ) (6144 3992 144 ) 
4 1351 1366 (7168 3840 648 ) (7104 3840 648 ) (7104 3840 520 ) (7168 3840 520 ) 
4 1351 1353 (7168 3840 520 ) (7104 3840 520 ) (7104 3992 520 ) (7168 3992 520 ) 
4 1351 1352 (7104 3992 648 ) (7104 3992 520 ) (7104 3840 520 ) (7104 3840 648 ) 
4 1352 1367 (7104 3840 648 ) (6976 3840 648 ) (6976 3840 520 ) (7104 3840 520 ) 
4 1352 1356 (6976 3992 648 ) (6976 3992 520 ) (6976 3840 520 ) (6976 3840 648 ) 
4 1352 1353 (7104 3840 520 ) (6976 3840 520 ) (6976 3992 520 ) (7104 3992 520 ) 
4 1353 1368 (6976 3840 520 ) (6976 3840 208 ) (7168 3840 208 ) (7168 3840 520 ) 
4 1353 1357 (6976 3992 520 ) (6976 3992 208 ) (6976 3840 208 ) (6976 3840 520 ) 
4 1353 1354 (7168 3840 208 ) (6976 3840 208 ) (6976 3992 208 ) (7168 3992 208 ) 
4 1354 1370 (6976 3840 208 ) (6976 3840 144 ) (7168 3840 144 ) (7168 3840 208 ) 
4 1354 1358 (6976 3992 208 ) (6976 3992 144 ) (6976 3840 144 ) (6976 3840 208 ) 
4 1354 1355 (7168 3840 144 ) (6976 3840 144 ) (6976 3992 144 ) (7168 3992 144 ) 
4 1355 1372 (6976 3840 144 ) (6976 3840 16 ) (7168 3840 16 ) (7168 3840 144 ) 
4 1355 1359 (6976 3992 144 ) (6976 3992 16 ) (6976 3840 16 ) (6976 3840 144 ) 
4 1356 1380 (6632 3840 648 ) (6528 3840 648 ) (6528 3840 520 ) (6632 3840 520 ) 
4 1356 1375 (6896 3840 648 ) (6632 3840 648 ) (6632 3840 520 ) (6896 3840 520 ) 
4 1356 1374 (6976 3840 648 ) (6896 3840 648 ) (6896 3840 520 ) (6976 3840 520 ) 
4 1356 1360 (6528 3992 648 ) (6528 3992 520 ) (6528 3840 520 ) (6528 3840 648 ) 
4 1356 1357 (6528 3840 520 ) (6528 3992 520 ) (6976 3992 520 ) (6976 3840 520 ) 
4 1357 1362 (6528 3992 520 ) (6528 3992 208 ) (6528 3840 208 ) (6528 3840 520 ) 
4 1357 1358 (6528 3840 208 ) (6528 3992 208 ) (6976 3992 208 ) (6976 3840 208 ) 
4 1358 1364 (6528 3992 208 ) (6528 3992 144 ) (6528 3840 144 ) (6528 3840 208 ) 
4 1358 1359 (6528 3840 144 ) (6528 3992 144 ) (6976 3992 144 ) (6976 3840 144 ) 
4 1359 1365 (6528 3992 144 ) (6528 3992 16 ) (6528 3840 16 ) (6528 3840 144 ) 
4 1360 1380 (6528 3840 648 ) (6516 3840 648 ) (6516 3840 520 ) (6528 3840 520 ) 
4 1360 1362 (6516 3992 520 ) (6528 3992 520 ) (6528 3840 520 ) (6516 3840 520 ) 
4 1360 1361 (6516 3992 648 ) (6516 3992 520 ) (6516 3840 520 ) (6516 3840 648 ) 
4 1361 1390 (6144 3840 520 ) (6144 3840 648 ) (6144 3992 648 ) (6144 3992 520 ) 
4 1361 1383 (6416 3840 648 ) (6144 3840 648 ) (6144 3840 520 ) (6416 3840 520 ) 
4 1361 1382 (6456 3840 648 ) (6416 3840 648 ) (6416 3840 520 ) (6456 3840 520 ) 
4 1361 1381 (6516 3840 648 ) (6456 3840 648 ) (6456 3840 520 ) (6516 3840 520 ) 
4 1361 1363 (6144 3992 520 ) (6516 3992 520 ) (6516 3840 520 ) (6144 3840 520 ) 
4 1362 1364 (6516 3992 208 ) (6528 3992 208 ) (6528 3840 208 ) (6516 3840 208 ) 
4 1362 1363 (6516 3992 208 ) (6516 3840 208 ) (6516 3840 520 ) (6516 3992 520 ) 
4 1363 1409 (6144 3840 208 ) (6144 3840 520 ) (6144 3992 520 ) (6144 3992 208 ) 
4 1363 1364 (6144 3992 208 ) (6516 3992 208 ) (6516 3840 208 ) (6144 3840 208 ) 
4 1364 1410 (6144 3840 144 ) (6144 3840 208 ) (6144 3992 208 ) (6144 3992 144 ) 
4 1364 1365 (6144 3992 144 ) (6528 3992 144 ) (6528 3840 144 ) (6144 3840 144 ) 
4 1365 1411 (6144 3992 16 ) (6144 3840 16 ) (6144 3840 144 ) (6144 3992 144 ) 
4 1366 1466 (7168 3072 520 ) (7168 3072 648 ) (7104 3072 648 ) (7104 3072 520 ) 
4 1366 1369 (7168 3072 520 ) (7104 3072 520 ) (7104 3456 520 ) (7168 3456 520 ) 
4 1366 1368 (7104 3456 520 ) (7104 3840 520 ) (7168 3840 520 ) (7168 3456 520 ) 
4 1366 1367 (7104 3840 648 ) (7104 3840 520 ) (7104 3072 520 ) (7104 3072 648 ) 
4 1367 1466 (7104 3072 648 ) (6976 3072 648 ) (6976 3072 520 ) (7104 3072 520 ) 
4 1367 1374 (6976 3840 648 ) (6976 3840 520 ) (6976 3072 520 ) (6976 3072 648 ) 
4 1367 1369 (7104 3072 520 ) (6976 3072 520 ) (6976 3456 520 ) (7104 3456 520 ) 
4 1367 1368 (6976 3456 520 ) (6976 3840 520 ) (7104 3840 520 ) (7104 3456 520 ) 
4 1368 1370 (6976 3456 208 ) (6976 3840 208 ) (7168 3840 208 ) (7168 3456 208 ) 
4 1368 1369 (6976 3456 208 ) (7168 3456 208 ) (7168 3456 520 ) (6976 3456 520 ) 
4 1369 1468 (7168 3072 208 ) (7168 3072 520 ) (6976 3072 520 ) (6976 3072 208 ) 
4 1369 1371 (7168 3072 208 ) (6976 3072 208 ) (6976 3456 208 ) (7168 3456 208 ) 
4 1370 1372 (6976 3456 144 ) (6976 3840 144 ) (7168 3840 144 ) (7168 3456 144 ) 
4 1370 1371 (6976 3456 144 ) (7168 3456 144 ) (7168 3456 208 ) (6976 3456 208 ) 
4 1371 1470 (7168 3072 144 ) (7168 3072 208 ) (6976 3072 208 ) (6976 3072 144 ) 
4 1371 1373 (6976 3072 144 ) (6976 3456 144 ) (7168 3456 144 ) (7168 3072 144 ) 
4 1372 1373 (6976 3456 16 ) (7168 3456 16 ) (7168 3456 144 ) (6976 3456 144 ) 
4 1373 1471 (7168 3072 16 ) (7168 3072 144 ) (6976 3072 144 ) (6976 3072 16 ) 
4 1374 1466 (6976 3072 520 ) (6976 3072 648 ) (6896 3072 648 ) (6896 3072 520 ) 
4 1374 1379 (6896 3168 520 ) (6896 3072 520 ) (6896 3072 648 ) (6896 3168 648 ) 
4 1374 1375 (6896 3840 648 ) (6896 3840 520 ) (6896 3648 520 ) (6896 3648 648 ) 
4 1375 1380 (6632 3840 648 ) (6632 3840 520 ) (6632 3648 520 ) (6632 3648 648 ) 
4 1376 1380 (6632 3504 520 ) (6632 3476 520 ) (6632 3476 624 ) (6632 3504 624 ) 
4 1376 1377 (6656 3476 624 ) (6632 3476 624 ) (6632 3476 520 ) (6656 3476 520 ) 
4 1377 1380 (6632 3476 520 ) (6632 3428 520 ) (6632 3428 624 ) (6632 3476 624 ) 
4 1377 1378 (6656 3428 624 ) (6632 3428 624 ) (6632 3428 520 ) (6656 3428 520 ) 
4 1378 1380 (6632 3428 520 ) (6632 3408 520 ) (6632 3408 624 ) (6632 3428 624 ) 
4 1379 1466 (6896 3072 648 ) (6632 3072 648 ) (6632 3072 520 ) (6896 3072 520 ) 
4 1379 1380 (6632 3168 520 ) (6632 3072 520 ) (6632 3072 648 ) (6632 3168 648 ) 
4 1380 1466 (6632 3072 648 ) (6516 3072 648 ) (6516 3072 520 ) (6632 3072 520 ) 
4 1380 1381 (6516 3840 648 ) (6516 3840 520 ) (6516 3072 520 ) (6516 3072 648 ) 
4 1381 1467 (6516 3072 648 ) (6456 3072 648 ) (6456 3072 520 ) (6516 3072 520 ) 
4 1381 1385 (6456 3412 520 ) (6456 3072 520 ) (6456 3072 648 ) (6456 3412 648 ) 
4 1381 1384 (6456 3456 520 ) (6456 3412 520 ) (6456 3412 648 ) (6456 3456 648 ) 
4 1381 1382 (6456 3840 648 ) (6456 3840 520 ) (6456 3456 520 ) (6456 3456 648 ) 
4 1382 1384 (6416 3456 520 ) (6456 3456 520 ) (6456 3456 648 ) (6416 3456 648 ) 
4 1382 1383 (6416 3840 648 ) (6416 3840 520 ) (6416 3456 520 ) (6416 3456 648 ) 
4 1383 1394 (6144 3840 544 ) (6144 3840 520 ) (6144 3456 520 ) (6144 3456 544 ) 
4 1383 1391 (6144 3456 648 ) (6144 3840 648 ) (6144 3840 544 ) (6144 3456 544 ) 
4 1383 1384 (6144 3456 520 ) (6416 3456 520 ) (6416 3456 648 ) (6144 3456 648 ) 
4 1384 1395 (6144 3456 544 ) (6144 3456 520 ) (6144 3412 520 ) (6144 3412 544 ) 
4 1384 1392 (6144 3412 648 ) (6144 3456 648 ) (6144 3456 544 ) (6144 3412 544 ) 
4 1384 1385 (6144 3412 520 ) (6456 3412 520 ) (6456 3412 648 ) (6144 3412 648 ) 
4 1385 1467 (6456 3072 648 ) (6144 3072 648 ) (6144 3072 520 ) (6456 3072 520 ) 
4 1385 1397 (6144 3072 520 ) (6144 3072 544 ) (6144 3412 544 ) (6144 3412 520 ) 
4 1385 1393 (6144 3072 544 ) (6144 3072 648 ) (6144 3412 648 ) (6144 3412 544 ) 
4 1386 1498 (6144 3072 1056 ) (6144 3072 1408 ) (5760 3072 1408 ) (5760 3072 1056 ) 
4 1386 1424 (5760 3264 1408 ) (5760 4096 1408 ) (5760 4096 1056 ) (5760 3264 1056 ) 
4 1386 1387 (6144 3072 1056 ) (5760 3072 1056 ) (5760 4096 1056 ) (6144 4096 1056 ) 
4 1387 1499 (6144 3072 800 ) (6144 3072 1056 ) (5760 3072 1056 ) (5760 3072 800 ) 
4 1387 1424 (5760 3264 1056 ) (5760 4096 1056 ) (5760 4096 800 ) (5760 3264 800 ) 
4 1387 1389 (5760 3072 800 ) (5760 4096 800 ) (5768 4096 800 ) (5768 3072 800 ) 
4 1387 1388 (5768 4096 800 ) (6144 4096 800 ) (6144 3072 800 ) (5768 3072 800 ) 
4 1388 1502 (6144 3072 648 ) (6144 3072 704 ) (5768 3072 704 ) (5768 3072 648 ) 
4 1388 1500 (6144 3072 704 ) (6144 3072 800 ) (5768 3072 800 ) (5768 3072 704 ) 
4 1388 1407 (5768 4096 648 ) (5792 4096 648 ) (5792 3072 648 ) (5768 3072 648 ) 
4 1388 1393 (6144 3412 648 ) (6144 3072 648 ) (5792 3072 648 ) (5792 3412 648 ) 
4 1388 1392 (6144 3456 648 ) (6144 3412 648 ) (5792 3412 648 ) (5792 3456 648 ) 
4 1388 1391 (6144 3840 648 ) (6144 3456 648 ) (5792 3456 648 ) (5792 3840 648 ) 
4 1388 1390 (5792 4096 648 ) (6144 4096 648 ) (6144 3840 648 ) (5792 3840 648 ) 
4 1388 1389 (5768 4096 648 ) (5768 3072 648 ) (5768 3072 800 ) (5768 4096 800 ) 
4 1389 1503 (5760 3072 704 ) (5760 3072 648 ) (5768 3072 648 ) (5768 3072 704 ) 
4 1389 1500 (5768 3072 800 ) (5760 3072 800 ) (5760 3072 704 ) (5768 3072 704 ) 
4 1389 1444 (5760 3148 670 ) (5760 3200 670 ) (5760 3200 648 ) (5760 3148 648 ) 
4 1389 1424 (5760 3264 800 ) (5760 4096 800 ) (5760 4096 704 ) (5760 3264 704 ) 
4 1389 1425 (5760 4096 704 ) (5760 4096 648 ) (5760 3264 648 ) (5760 3264 704 ) 
4 1389 1408 (5760 3072 648 ) (5760 4096 648 ) (5768 4096 648 ) (5768 3072 648 ) 
4 1390 1412 (5792 3840 520 ) (5792 4096 520 ) (5804 4096 520 ) (5804 3840 520 ) 
4 1390 1409 (5804 4096 520 ) (6144 4096 520 ) (6144 3840 520 ) (5804 3840 520 ) 
4 1390 1407 (5792 4096 520 ) (5792 3840 520 ) (5792 3840 648 ) (5792 4096 648 ) 
4 1390 1396 (5792 3840 544 ) (5792 3840 520 ) (5800 3840 520 ) (5800 3840 544 ) 
4 1390 1394 (5800 3840 520 ) (6144 3840 520 ) (6144 3840 544 ) (5800 3840 544 ) 
4 1390 1391 (5792 3840 648 ) (5792 3840 544 ) (6144 3840 544 ) (6144 3840 648 ) 
4 1391 1407 (5792 3456 648 ) (5792 3840 648 ) (5792 3840 544 ) (5792 3456 544 ) 
3 1391 1396 (5792 3840 544 ) (5800 3840 544 ) (5800 3832 544 ) 
4 1391 1394 (5800 3840 544 ) (6144 3840 544 ) (6144 3456 544 ) (5800 3456 544 ) 
4 1391 1392 (5792 3456 648 ) (5792 3456 544 ) (6144 3456 544 ) (6144 3456 648 ) 
4 1392 1407 (5792 3412 648 ) (5792 3456 648 ) (5792 3456 544 ) (5792 3412 544 ) 
4 1392 1395 (5800 3456 544 ) (6144 3456 544 ) (6144 3412 544 ) (5800 3412 544 ) 
4 1392 1393 (5792 3412 648 ) (5792 3412 544 ) (6144 3412 544 ) (6144 3412 648 ) 
4 1393 1548 (6144 3072 544 ) (6144 3072 568 ) (5792 3072 568 ) (5792 3072 544 ) 
4 1393 1546 (6144 3072 568 ) (6144 3072 576 ) (5792 3072 576 ) (5792 3072 568 ) 
4 1393 1504 (6144 3072 576 ) (6144 3072 648 ) (5792 3072 648 ) (5792 3072 576 ) 
4 1393 1407 (5792 3072 544 ) (5792 3072 648 ) (5792 3412 648 ) (5792 3412 544 ) 
4 1393 1406 (5792 3232.949951 544 ) (5792 3244.269775 544 ) (5799.420410 3251.689941 544 ) (5807.506836 3248.457031 544 ) 
4 1393 1405 (5849.120117 3301.389648 544 ) (5959.731445 3412 544 ) (5971.048828 3412 544 ) (5854.779297 3295.729736 544 ) 
4 1393 1404 (5792 3244.269775 544 ) (5792 3248.860107 544 ) (5800 3252.290039 544 ) (5800 3252.269775 544 ) 
3 1393 1403 (5800 3412 544 ) (5959.731445 3412 544 ) (5800 3252.269775 544 ) 
5 1393 1402 (5792 3115.599854 544 ) (5792 3232.949951 544 ) (5800 3240.949951 544 ) (5800 3106.066650 544 ) (5799.495117 3105.856934 544 ) 
3 1393 1401 (5800 3072 544 ) (5792 3072 544 ) (5800 3080 544 ) 
3 1393 1400 (5800 3106.066650 544 ) (5800 3113.123535 544 ) (5810.331543 3110.354492 544 ) 
4 1393 1399 (5868.780273 3072 544 ) (5800 3072 544 ) (5800 3104.837646 544 ) (5872.379883 3085.440186 544 ) 
4 1393 1398 (5800 3113.123535 544 ) (5800 3240.949951 544 ) (5955.742676 3396.693604 544 ) (5874.450195 3093.170410 544 ) 
5 1393 1397 (6144 3072 544 ) (5868.780273 3072 544 ) (5955.742676 3396.693604 544 ) (5971.048828 3412 544 ) (6144 3412 544 ) 
4 1394 1396 (5800 3832 544 ) (5800 3840 544 ) (5800 3840 520 ) (5800 3832 520 ) 
4 1394 1395 (5800 3456 544 ) (5800 3456 520 ) (6144 3456 520 ) (6144 3456 544 ) 
4 1395 1405 (5971.049316 3412 544 ) (5959.730957 3412 544 ) (5959.730957 3412 520 ) (5971.049316 3412 520 ) 
4 1395 1403 (5959.730957 3412 544 ) (5800 3412 544 ) (5800 3412 520 ) (5959.730957 3412 520 ) 
4 1395 1397 (6144 3412 544 ) (5971.049316 3412 544 ) (5971.049316 3412 520 ) (6144 3412 520 ) 
4 1397 1548 (6144 3072 520 ) (6144 3072 544 ) (5868.780273 3072 544 ) (5868.780273 3072 520 ) 
4 1397 1405 (5971.046875 3412 544 ) (5971.046875 3412 520 ) (5955.743652 3396.696533 520 ) (5955.743652 3396.696533 544 ) 
4 1397 1399 (5872.378906 3085.440430 520 ) (5868.779297 3072 520 ) (5868.779297 3072 544 ) (5872.378906 3085.440430 544 ) 
4 1397 1398 (5955.743164 3396.697266 544 ) (5955.743164 3396.697266 520 ) (5874.449219 3093.170410 520 ) (5874.449219 3093.170410 544 ) 
4 1398 1406 (5807.504883 3248.458008 520 ) (5800 3240.953125 520 ) (5800 3240.953125 544 ) (5807.504883 3248.458008 544 ) 
4 1398 1405 (5955.743652 3396.696533 520 ) (5854.778320 3295.731445 520 ) (5854.778320 3295.731445 544 ) (5955.743652 3396.696533 544 ) 
4 1398 1402 (5800 3240.949707 544 ) (5800 3240.949707 520 ) (5800 3113.123535 520 ) (5800 3113.123535 544 ) 
4 1398 1400 (5800 3113.125000 544 ) (5800 3113.125000 520 ) (5810.333496 3110.355469 520 ) (5810.333496 3110.355469 544 ) 
4 1399 1548 (5868.780273 3072 544 ) (5800 3072 544 ) (5800 3072 520 ) (5868.780273 3072 520 ) 
4 1399 1401 (5800 3080 520 ) (5800 3072 520 ) (5800 3072 544 ) (5800 3080 544 ) 
4 1400 1402 (5800 3113.123535 520 ) (5800 3106.066650 520 ) (5800 3106.066650 544 ) (5800 3113.123535 544 ) 
4 1401 1548 (5800 3072 544 ) (5792 3072 544 ) (5792 3072 520 ) (5800 3072 520 ) 
4 1402 1407 (5792 3232.949951 520 ) (5792 3115.599854 520 ) (5792 3115.599854 544 ) (5792 3232.949951 544 ) 
4 1402 1406 (5800 3240.953125 520 ) (5792 3232.953125 520 ) (5792 3232.953125 544 ) (5800 3240.953125 544 ) 
4 1403 1405 (5959.730469 3412 520 ) (5959.730469 3412 544 ) (5849.120117 3301.390137 544 ) (5849.120117 3301.390137 520 ) 
4 1404 1407 (5792 3248.860107 520 ) (5792 3244.269775 520 ) (5792 3244.269775 544 ) (5792 3248.860107 544 ) 
4 1404 1406 (5799.419922 3251.690186 544 ) (5792 3244.270264 544 ) (5792 3244.270264 520 ) (5799.419922 3251.690186 520 ) 
4 1406 1407 (5792 3244.269775 520 ) (5792 3232.949951 520 ) (5792 3232.949951 544 ) (5792 3244.269775 544 ) 
4 1407 1548 (5768 3072 568 ) (5768 3072 520 ) (5792 3072 520 ) (5792 3072 568 ) 
4 1407 1546 (5768 3072 576 ) (5768 3072 568 ) (5792 3072 568 ) (5792 3072 576 ) 
4 1407 1504 (5792 3072 648 ) (5768 3072 648 ) (5768 3072 576 ) (5792 3072 576 ) 
4 1407 1416 (5792 3072 520 ) (5768 3072 520 ) (5768 3840 520 ) (5792 3840 520 ) 
4 1407 1412 (5768 3840 520 ) (5768 4096 520 ) (5792 4096 520 ) (5792 3840 520 ) 
4 1407 1408 (5768 4096 520 ) (5768 3072 520 ) (5768 3072 648 ) (5768 4096 648 ) 
4 1408 1548 (5760 3072 568 ) (5760 3072 520 ) (5768 3072 520 ) (5768 3072 568 ) 
4 1408 1547 (5760 3072 576 ) (5760 3072 568 ) (5768 3072 568 ) (5768 3072 576 ) 
4 1408 1505 (5768 3072 648 ) (5760 3072 648 ) (5760 3072 576 ) (5768 3072 576 ) 
4 1408 1444 (5760 3148 648 ) (5760 3200 648 ) (5760 3200 588 ) (5760 3148 588 ) 
4 1408 1425 (5760 3264 648 ) (5760 4096 648 ) (5760 4096 520 ) (5760 3264 520 ) 
4 1408 1416 (5768 3072 520 ) (5760 3072 520 ) (5760 3840 520 ) (5768 3840 520 ) 
4 1408 1412 (5760 3840 520 ) (5760 4096 520 ) (5768 4096 520 ) (5768 3840 520 ) 
4 1409 1412 (5804 3840 208 ) (5804 3840 520 ) (5804 4096 520 ) (5804 4096 208 ) 
4 1409 1410 (6144 3840 208 ) (5804 3840 208 ) (5804 4096 208 ) (6144 4096 208 ) 
4 1410 1413 (5804 3840 144 ) (5804 3840 208 ) (5804 4096 208 ) (5804 4096 144 ) 
4 1410 1411 (6144 3840 144 ) (5804 3840 144 ) (5804 4096 144 ) (6144 4096 144 ) 
4 1411 1414 (5804 4096 16 ) (5804 3840 16 ) (5804 3840 144 ) (5804 4096 144 ) 
4 1412 1426 (5760 3840 208 ) (5760 3840 520 ) (5760 4096 520 ) (5760 4096 208 ) 
4 1412 1415 (5792 3840 472 ) (5792 3840 208 ) (5804 3840 208 ) (5804 3840 472 ) 
4 1412 1416 (5792 3840 520 ) (5760 3840 520 ) (5760 3840 208 ) (5792 3840 208 ) 
4 1412 1413 (5804 4096 208 ) (5804 3840 208 ) (5760 3840 208 ) (5760 4096 208 ) 
4 1413 1427 (5760 3840 144 ) (5760 3840 208 ) (5760 4096 208 ) (5760 4096 144 ) 
4 1413 1417 (5760 3840 208 ) (5760 3840 144 ) (5804 3840 144 ) (5804 3840 208 ) 
4 1413 1414 (5804 4096 144 ) (5804 3840 144 ) (5760 3840 144 ) (5760 4096 144 ) 
4 1414 1428 (5760 3840 16 ) (5760 3840 144 ) (5760 4096 144 ) (5760 4096 16 ) 
4 1414 1418 (5760 3840 144 ) (5760 3840 16 ) (5804 3840 16 ) (5804 3840 144 ) 
4 1415 1587 (5792 3072 232 ) (5792 3072 208 ) (5804 3072 208 ) (5804 3072 232 ) 
4 1415 1586 (5792 3072 304 ) (5792 3072 232 ) (5804 3072 232 ) (5804 3072 304 ) 
4 1415 1584 (5792 3072 432 ) (5792 3072 304 ) (5804 3072 304 ) (5804 3072 432 ) 
4 1415 1583 (5792 3072 440 ) (5792 3072 432 ) (5804 3072 432 ) (5804 3072 440 ) 
4 1415 1549 (5792 3072 472 ) (5792 3072 440 ) (5804 3072 440 ) (5804 3072 472 ) 
4 1415 1421 (5804 3408 208 ) (5804 3072 208 ) (5792 3072 208 ) (5792 3408 208 ) 
4 1415 1419 (5804 3416 208 ) (5804 3408 208 ) (5792 3408 208 ) (5792 3416 208 ) 
4 1415 1417 (5792 3840 208 ) (5804 3840 208 ) (5804 3416 208 ) (5792 3416 208 ) 
4 1415 1416 (5792 3840 472 ) (5792 3840 208 ) (5792 3072 208 ) (5792 3072 472 ) 
4 1416 1587 (5760 3072 232 ) (5760 3072 208 ) (5792 3072 208 ) (5792 3072 232 ) 
4 1416 1586 (5760 3072 304 ) (5760 3072 232 ) (5792 3072 232 ) (5792 3072 304 ) 
4 1416 1584 (5760 3072 432 ) (5760 3072 304 ) (5792 3072 304 ) (5792 3072 432 ) 
4 1416 1583 (5760 3072 440 ) (5760 3072 432 ) (5792 3072 432 ) (5792 3072 440 ) 
4 1416 1549 (5792 3072 520 ) (5760 3072 520 ) (5760 3072 440 ) (5792 3072 440 ) 
4 1416 1439 (5760 3264 320 ) (5760 3264 304 ) (5760 3256 304 ) (5760 3256 320 ) 
4 1416 1426 (5760 3264 520 ) (5760 3840 520 ) (5760 3840 208 ) (5760 3264 208 ) 
4 1416 1422 (5760 3072 208 ) (5760 3416 208 ) (5792 3416 208 ) (5792 3072 208 ) 
4 1416 1417 (5760 3416 208 ) (5760 3840 208 ) (5792 3840 208 ) (5792 3416 208 ) 
4 1417 1427 (5760 3416 208 ) (5760 3840 208 ) (5760 3840 144 ) (5760 3416 144 ) 
4 1417 1422 (5792 3416 208 ) (5760 3416 208 ) (5760 3416 144 ) (5792 3416 144 ) 
4 1417 1419 (5804 3416 144 ) (5804 3416 208 ) (5792 3416 208 ) (5792 3416 144 ) 
4 1417 1418 (5804 3416 144 ) (5760 3416 144 ) (5760 3840 144 ) (5804 3840 144 ) 
4 1418 1429 (5760 3840 144 ) (5760 3840 16 ) (5760 3416 16 ) (5760 3416 144 ) 
4 1418 1423 (5760 3416 16 ) (5792 3416 16 ) (5792 3416 144 ) (5760 3416 144 ) 
4 1418 1420 (5792 3416 16 ) (5804 3416 16 ) (5804 3416 144 ) (5792 3416 144 ) 
4 1419 1422 (5792 3416 208 ) (5792 3416 144 ) (5792 3408 144 ) (5792 3408 208 ) 
4 1419 1421 (5792 3408 208 ) (5792 3408 160 ) (5804 3408 160 ) (5804 3408 208 ) 
4 1419 1420 (5804 3408 144 ) (5792 3408 144 ) (5792 3416 144 ) (5804 3416 144 ) 
4 1420 1423 (5792 3416 144 ) (5792 3416 16 ) (5792 3408 16 ) (5792 3408 144 ) 
4 1421 1589 (5804 3072 160 ) (5804 3072 176 ) (5792 3072 176 ) (5792 3072 160 ) 
4 1421 1588 (5804 3072 176 ) (5804 3072 208 ) (5792 3072 208 ) (5792 3072 176 ) 
4 1421 1422 (5792 3072 160 ) (5792 3072 208 ) (5792 3408 208 ) (5792 3408 160 ) 
4 1422 1589 (5760 3072 176 ) (5760 3072 144 ) (5792 3072 144 ) (5792 3072 176 ) 
4 1422 1588 (5760 3072 208 ) (5760 3072 176 ) (5792 3072 176 ) (5792 3072 208 ) 
4 1422 1427 (5760 3264 208 ) (5760 3416 208 ) (5760 3416 144 ) (5760 3264 144 ) 
4 1422 1423 (5760 3072 144 ) (5760 3416 144 ) (5792 3416 144 ) (5792 3072 144 ) 
4 1423 1609 (5760 3072 48 ) (5760 3072 16 ) (5792 3072 16 ) (5792 3072 48 ) 
4 1423 1590 (5760 3072 144 ) (5760 3072 48 ) (5792 3072 48 ) (5792 3072 144 ) 
4 1423 1430 (5760 3264 144 ) (5760 3416 144 ) (5760 3416 16 ) (5760 3264 16 ) 
4 1424 1661 (5120 3416 704 ) (5120 3264 704 ) (5120 3264 1920 ) (5120 3416 1920 ) 
4 1424 1658 (5120 4096 1920 ) (5120 4096 704 ) (5120 3416 704 ) (5120 3416 1920 ) 
4 1424 1431 (5760 3264 1408 ) (5760 3264 1920 ) (5120 3264 1920 ) (5120 3264 1408 ) 
4 1424 1425 (5760 3264 704 ) (5120 3264 704 ) (5120 4096 704 ) (5760 4096 704 ) 
4 1425 1663 (5120 3416 520 ) (5120 3264 520 ) (5120 3264 700 ) (5120 3416 700 ) 
4 1425 1662 (5120 3264 700 ) (5120 3264 704 ) (5120 3416 704 ) (5120 3416 700 ) 
4 1425 1659 (5120 4096 704 ) (5120 4096 520 ) (5120 3416 520 ) (5120 3416 704 ) 
4 1425 1436 (5594 3264 670 ) (5542 3264 670 ) (5542 3264 588 ) (5594 3264 588 ) 
4 1425 1432 (5722 3264 670 ) (5670 3264 670 ) (5670 3264 588 ) (5722 3264 588 ) 
4 1425 1426 (5760 3264 520 ) (5120 3264 520 ) (5120 4096 520 ) (5760 4096 520 ) 
4 1426 1665 (5120 3416 208 ) (5120 3264 208 ) (5120 3264 520 ) (5120 3416 520 ) 
4 1426 1660 (5120 4096 520 ) (5120 4096 208 ) (5120 3416 208 ) (5120 3416 520 ) 
4 1426 1442 (5288 3264 320 ) (5120 3264 320 ) (5120 3264 304 ) (5288 3264 304 ) 
4 1426 1440 (5568 3264 320 ) (5288 3264 320 ) (5288 3264 304 ) (5568 3264 304 ) 
4 1426 1439 (5760 3264 304 ) (5760 3264 320 ) (5568 3264 320 ) (5568 3264 304 ) 
4 1426 1427 (5760 3264 208 ) (5120 3264 208 ) (5120 4096 208 ) (5760 4096 208 ) 
4 1427 1697 (5120 3416 144 ) (5120 3264 144 ) (5120 3264 208 ) (5120 3416 208 ) 
4 1427 1694 (5120 3840 144 ) (5120 3416 144 ) (5120 3416 208 ) (5120 3840 208 ) 
4 1427 1692 (5120 3904 144 ) (5120 3840 144 ) (5120 3840 208 ) (5120 3904 208 ) 
4 1427 1690 (5120 4096 208 ) (5120 4096 144 ) (5120 3904 144 ) (5120 3904 208 ) 
4 1427 1441 (5568 3264 164 ) (5288 3264 164 ) (5288 3264 144 ) (5568 3264 144 ) 
4 1427 1429 (5120 3416 144 ) (5120 3840 144 ) (5760 3840 144 ) (5760 3416 144 ) 
4 1427 1428 (5120 3840 144 ) (5120 4096 144 ) (5760 4096 144 ) (5760 3840 144 ) 
4 1427 1430 (5760 3264 144 ) (5120 3264 144 ) (5120 3416 144 ) (5760 3416 144 ) 
4 1428 1693 (5120 3904 16 ) (5120 3840 16 ) (5120 3840 144 ) (5120 3904 144 ) 
4 1428 1691 (5120 4096 144 ) (5120 4096 16 ) (5120 3904 16 ) (5120 3904 144 ) 
4 1428 1429 (5120 3840 16 ) (5760 3840 16 ) (5760 3840 144 ) (5120 3840 144 ) 
4 1429 1695 (5120 3840 16 ) (5120 3416 16 ) (5120 3416 144 ) (5120 3840 144 ) 
4 1429 1430 (5120 3416 16 ) (5760 3416 16 ) (5760 3416 144 ) (5120 3416 144 ) 
4 1430 1699 (5120 3416 16 ) (5120 3264 16 ) (5120 3264 144 ) (5120 3416 144 ) 
4 1430 1441 (5568 3264 144 ) (5288 3264 144 ) (5288 3264 48 ) (5568 3264 48 ) 
4 1431 1735 (5120 3256 1408 ) (5120 3256 1920 ) (5120 3260 1920 ) (5120 3260 1408 ) 
4 1431 1717 (5120 3260 1920 ) (5120 3264 1920 ) (5120 3264 1408 ) (5120 3260 1408 ) 
4 1431 1443 (5120 3256 1920 ) (5120 3256 1408 ) (5760 3256 1408 ) (5760 3256 1920 ) 
4 1433 1434 (5670 3259 670 ) (5670 3259 588 ) (5722 3259 588 ) (5722 3259 670 ) 
4 1434 1435 (5670 3258 670 ) (5670 3258 588 ) (5722 3258 588 ) (5722 3258 670 ) 
4 1435 1447 (5670 3256 588 ) (5722 3256 588 ) (5722 3256 670 ) (5670 3256 670 ) 
4 1436 1437 (5542 3259 670 ) (5542 3259 588 ) (5594 3259 588 ) (5594 3259 670 ) 
4 1437 1438 (5542 3258 670 ) (5542 3258 588 ) (5594 3258 588 ) (5594 3258 670 ) 
4 1438 1447 (5542 3256 588 ) (5594 3256 588 ) (5594 3256 670 ) (5542 3256 670 ) 
4 1439 1440 (5568 3256 304 ) (5568 3256 320 ) (5568 3264 320 ) (5568 3264 304 ) 
4 1440 1442 (5288 3256 304 ) (5288 3256 320 ) (5288 3264 320 ) (5288 3264 304 ) 
4 1441 1457 (5288 3256 48 ) (5568 3256 48 ) (5568 3256 164 ) (5288 3256 164 ) 
4 1442 1745 (5120 3256 304 ) (5120 3256 320 ) (5120 3260 320 ) (5120 3260 304 ) 
4 1442 1733 (5120 3260 320 ) (5120 3264 320 ) (5120 3264 304 ) (5120 3260 304 ) 
4 1443 1755 (5120 3072 1408 ) (5120 3072 1920 ) (5120 3256 1920 ) (5120 3256 1408 ) 
4 1443 1501 (5760 3072 1408 ) (5760 3072 1920 ) (5120 3072 1920 ) (5120 3072 1408 ) 
4 1444 1445 (5754 3200 670 ) (5754 3200 588 ) (5754 3148 588 ) (5754 3148 670 ) 
4 1445 1446 (5753 3200 670 ) (5753 3200 588 ) (5753 3148 588 ) (5753 3148 670 ) 
4 1446 1447 (5752 3148 670 ) (5752 3200 670 ) (5752 3200 588 ) (5752 3148 588 ) 
4 1447 1449 (5512 3128 576 ) (5752 3128 576 ) (5752 3128 704 ) (5512 3128 704 ) 
4 1447 1448 (5512 3256 576 ) (5512 3128 576 ) (5512 3128 704 ) (5512 3256 704 ) 
4 1448 1450 (5248 3128 704 ) (5248 3128 576 ) (5504 3128 576 ) (5504 3128 704 ) 
4 1449 1515 (5672 3072 704 ) (5512 3072 704 ) (5512 3072 576 ) (5672 3072 576 ) 
4 1449 1511 (5672 3072 680 ) (5672 3072 576 ) (5728 3072 576 ) (5728 3072 680 ) 
4 1449 1510 (5728 3072 704 ) (5672 3072 704 ) (5672 3072 680 ) (5728 3072 680 ) 
4 1449 1509 (5752 3072 704 ) (5728 3072 704 ) (5728 3072 576 ) (5752 3072 576 ) 
4 1450 1528 (5304 3072 704 ) (5248 3072 704 ) (5248 3072 576 ) (5304 3072 576 ) 
4 1450 1524 (5432 3072 704 ) (5304 3072 704 ) (5304 3072 576 ) (5432 3072 576 ) 
4 1450 1516 (5504 3072 704 ) (5432 3072 704 ) (5432 3072 576 ) (5504 3072 576 ) 
4 1451 1553 (5672 3072 568 ) (5587 3072 568 ) (5587 3072 440 ) (5672 3072 440 ) 
4 1451 1551 (5728 3072 568 ) (5672 3072 568 ) (5672 3072 440 ) (5728 3072 440 ) 
4 1451 1550 (5752 3072 568 ) (5728 3072 568 ) (5728 3072 440 ) (5752 3072 440 ) 
4 1451 1452 (5587 3174 440 ) (5587 3118 440 ) (5587 3118 544 ) (5587 3174 544 ) 
4 1452 1453 (5579 3174 440 ) (5579 3118 440 ) (5579 3118 544 ) (5579 3174 544 ) 
4 1453 1554 (5579 3072 568 ) (5488 3072 568 ) (5488 3072 440 ) (5579 3072 440 ) 
4 1454 1556 (5480 3072 568 ) (5283 3072 568 ) (5283 3072 440 ) (5480 3072 440 ) 
4 1454 1455 (5283 3214 440 ) (5283 3158 440 ) (5283 3158 544 ) (5283 3214 544 ) 
4 1455 1456 (5275 3214 440 ) (5275 3158 440 ) (5275 3158 544 ) (5275 3214 544 ) 
4 1456 1557 (5275 3072 568 ) (5184 3072 568 ) (5184 3072 440 ) (5275 3072 440 ) 
4 1457 1458 (5568 3249 48 ) (5568 3249 164 ) (5288 3249 164 ) (5288 3249 48 ) 
4 1458 1459 (5568 3248 164 ) (5288 3248 164 ) (5288 3248 48 ) (5568 3248 48 ) 
4 1459 1596 (5152 3072 176 ) (5152 3072 48 ) (5456 3072 48 ) (5456 3072 176 ) 
4 1459 1591 (5456 3072 48 ) (5728 3072 48 ) (5728 3072 176 ) (5456 3072 176 ) 
4 1460 1479 (6516 2304 1056 ) (7024 2304 1056 ) (7024 2304 1408 ) (6516 2304 1408 ) 
4 1460 1472 (7024 2304 1056 ) (7168 2304 1056 ) (7168 2304 1408 ) (7024 2304 1408 ) 
4 1460 1462 (7168 2304 1056 ) (6516 2304 1056 ) (6516 3072 1056 ) (7168 3072 1056 ) 
4 1460 1461 (6516 3072 1056 ) (6516 2304 1056 ) (6516 2304 1408 ) (6516 3072 1408 ) 
4 1461 1498 (6144 3072 1408 ) (6144 3072 1056 ) (6144 2304 1056 ) (6144 2304 1408 ) 
4 1461 1480 (6144 2304 1408 ) (6144 2304 1056 ) (6516 2304 1056 ) (6516 2304 1408 ) 
4 1461 1463 (6516 2304 1056 ) (6144 2304 1056 ) (6144 3072 1056 ) (6516 3072 1056 ) 
4 1462 1483 (6516 2304 800 ) (6592 2304 800 ) (6592 2304 880 ) (6516 2304 880 ) 
4 1462 1481 (7024 2304 880 ) (7024 2304 1056 ) (6516 2304 1056 ) (6516 2304 880 ) 
4 1462 1475 (7040 2304 800 ) (7100 2304 800 ) (7100 2304 820 ) (7040 2304 820 ) 
4 1462 1473 (7168 2304 880 ) (7168 2304 1056 ) (7024 2304 1056 ) (7024 2304 880 ) 
4 1462 1464 (7168 2304 800 ) (6516 2304 800 ) (6516 3072 800 ) (7168 3072 800 ) 
4 1462 1463 (6516 3072 800 ) (6516 2304 800 ) (6516 2304 1056 ) (6516 3072 1056 ) 
4 1463 1499 (6144 3072 1056 ) (6144 3072 800 ) (6144 2304 800 ) (6144 2304 1056 ) 
4 1463 1485 (6144 2304 880 ) (6144 2304 800 ) (6516 2304 800 ) (6516 2304 880 ) 
4 1463 1482 (6144 2304 1056 ) (6144 2304 880 ) (6516 2304 880 ) (6516 2304 1056 ) 
4 1463 1465 (6516 2304 800 ) (6144 2304 800 ) (6144 3072 800 ) (6516 3072 800 ) 
4 1464 1487 (6516 2304 648 ) (6592 2304 648 ) (6592 2304 696 ) (6516 2304 696 ) 
4 1464 1484 (6592 2304 800 ) (6516 2304 800 ) (6516 2304 696 ) (6592 2304 696 ) 
4 1464 1476 (7100 2304 800 ) (7040 2304 800 ) (7040 2304 720 ) (7100 2304 720 ) 
4 1464 1466 (7168 2304 648 ) (6516 2304 648 ) (6516 3072 648 ) (7168 3072 648 ) 
4 1464 1465 (6516 3072 648 ) (6516 2304 648 ) (6516 2304 800 ) (6516 3072 800 ) 
4 1465 1530 (6144 2784 648 ) (6144 2304 648 ) (6144 2304 704 ) (6144 2784 704 ) 
4 1465 1502 (6144 3072 704 ) (6144 3072 648 ) (6144 2784 648 ) (6144 2784 704 ) 
4 1465 1500 (6144 3072 800 ) (6144 3072 704 ) (6144 2304 704 ) (6144 2304 800 ) 
4 1465 1489 (6144 2304 696 ) (6144 2304 648 ) (6516 2304 648 ) (6516 2304 696 ) 
4 1465 1486 (6144 2304 800 ) (6144 2304 696 ) (6516 2304 696 ) (6516 2304 800 ) 
4 1465 1467 (6516 2304 648 ) (6144 2304 648 ) (6144 3072 648 ) (6516 3072 648 ) 
4 1466 1488 (6516 2304 520 ) (6592 2304 520 ) (6592 2304 648 ) (6516 2304 648 ) 
4 1466 1468 (7168 2304 520 ) (6516 2304 520 ) (6516 3072 520 ) (7168 3072 520 ) 
4 1466 1467 (6516 3072 520 ) (6516 2304 520 ) (6516 2304 648 ) (6516 3072 648 ) 
4 1467 1562 (6144 2784 520 ) (6144 2304 520 ) (6144 2304 576 ) (6144 2784 576 ) 
4 1467 1548 (6144 3072 568 ) (6144 3072 520 ) (6144 2784 520 ) (6144 2784 568 ) 
4 1467 1546 (6144 3072 576 ) (6144 3072 568 ) (6144 2784 568 ) (6144 2784 576 ) 
4 1467 1531 (6144 2784 576 ) (6144 2304 576 ) (6144 2304 648 ) (6144 2784 648 ) 
4 1467 1504 (6144 3072 648 ) (6144 3072 576 ) (6144 2784 576 ) (6144 2784 648 ) 
4 1467 1490 (6144 2304 648 ) (6144 2304 520 ) (6516 2304 520 ) (6516 2304 648 ) 
4 1467 1469 (6516 2304 520 ) (6144 2304 520 ) (6144 3072 520 ) (6516 3072 520 ) 
4 1468 1491 (6516 2304 208 ) (6592 2304 208 ) (6592 2304 520 ) (6516 2304 520 ) 
4 1468 1470 (7168 2304 208 ) (6516 2304 208 ) (6516 3072 208 ) (7168 3072 208 ) 
4 1468 1469 (6516 3072 208 ) (6516 2304 208 ) (6516 2304 520 ) (6516 3072 520 ) 
4 1469 1587 (6144 3072 232 ) (6144 3072 208 ) (6144 2304 208 ) (6144 2304 232 ) 
4 1469 1586 (6144 3072 304 ) (6144 3072 232 ) (6144 2304 232 ) (6144 2304 304 ) 
4 1469 1584 (6144 3072 432 ) (6144 3072 304 ) (6144 2304 304 ) (6144 2304 432 ) 
4 1469 1583 (6144 3072 440 ) (6144 3072 432 ) (6144 2304 432 ) (6144 2304 440 ) 
4 1469 1563 (6144 2784 440 ) (6144 2304 440 ) (6144 2304 520 ) (6144 2784 520 ) 
4 1469 1549 (6144 3072 520 ) (6144 3072 440 ) (6144 2784 440 ) (6144 2784 520 ) 
4 1469 1492 (6144 2304 520 ) (6144 2304 208 ) (6516 2304 208 ) (6516 2304 520 ) 
4 1469 1470 (6516 2304 208 ) (6144 2304 208 ) (6144 3072 208 ) (6516 3072 208 ) 
4 1470 1589 (6144 3072 176 ) (6144 3072 144 ) (6144 2304 144 ) (6144 2304 176 ) 
4 1470 1588 (6144 3072 208 ) (6144 3072 176 ) (6144 2304 176 ) (6144 2304 208 ) 
4 1470 1493 (6144 2304 208 ) (6144 2304 144 ) (6592 2304 144 ) (6592 2304 208 ) 
4 1470 1471 (7168 2304 144 ) (6144 2304 144 ) (6144 3072 144 ) (7168 3072 144 ) 
4 1471 1609 (6144 3072 48 ) (6144 3072 16 ) (6144 2304 16 ) (6144 2304 48 ) 
4 1471 1590 (6144 3072 144 ) (6144 3072 48 ) (6144 2304 48 ) (6144 2304 144 ) 
4 1471 1496 (6392 3072 16 ) (6400 3072 16 ) (6400 2432 16 ) (6392 2432 16 ) 
4 1471 1497 (6144 2304 16 ) (6144 3072 16 ) (6392 3072 16 ) (6392 2304 16 ) 
4 1471 1495 (7168 2936 16 ) (7168 2440 16 ) (6400 2440 16 ) (6400 2936 16 ) 
4 1471 1494 (6144 2304 144 ) (6144 2304 16 ) (6592 2304 16 ) (6592 2304 144 ) 
4 1472 1613 (7168 2048 1056 ) (7168 2048 1120 ) (7024 2048 1120 ) (7024 2048 1056 ) 
4 1472 1612 (7168 2048 1120 ) (7168 2048 1408 ) (7024 2048 1408 ) (7024 2048 1120 ) 
4 1472 1479 (7024 2304 1408 ) (7024 2304 1056 ) (7024 2048 1056 ) (7024 2048 1408 ) 
4 1472 1473 (7168 2048 1056 ) (7024 2048 1056 ) (7024 2304 1056 ) (7168 2304 1056 ) 
4 1473 1614 (7168 2048 880 ) (7168 2048 1056 ) (7024 2048 1056 ) (7024 2048 880 ) 
4 1473 1481 (7024 2304 1056 ) (7024 2304 880 ) (7024 2048 880 ) (7024 2048 1056 ) 
4 1474 1477 (7024 2240 820 ) (7024 2296 820 ) (7100 2296 820 ) (7100 2240 820 ) 
4 1475 1477 (7100 2296 800 ) (7100 2296 820 ) (7040 2296 820 ) (7040 2296 800 ) 
4 1475 1476 (7100 2296 800 ) (7040 2296 800 ) (7040 2304 800 ) (7100 2304 800 ) 
4 1476 1478 (7100 2296 720 ) (7100 2296 800 ) (7040 2296 800 ) (7040 2296 720 ) 
4 1477 1478 (7024 2240 800 ) (7024 2296 800 ) (7100 2296 800 ) (7100 2240 800 ) 
4 1479 1620 (6516 2048 1408 ) (6516 2048 1056 ) (6528 2048 1056 ) (6528 2048 1408 ) 
4 1479 1616 (6528 2048 1056 ) (7024 2048 1056 ) (7024 2048 1120 ) (6528 2048 1120 ) 
4 1479 1615 (7024 2048 1120 ) (7024 2048 1408 ) (6528 2048 1408 ) (6528 2048 1120 ) 
4 1479 1481 (6516 2304 1056 ) (7024 2304 1056 ) (7024 2048 1056 ) (6516 2048 1056 ) 
4 1479 1480 (6516 2304 1408 ) (6516 2304 1056 ) (6516 2048 1056 ) (6516 2048 1408 ) 
4 1480 1621 (6144 2048 1408 ) (6144 2048 1056 ) (6516 2048 1056 ) (6516 2048 1408 ) 
4 1480 1498 (6144 2048 1056 ) (6144 2048 1408 ) (6144 2304 1408 ) (6144 2304 1056 ) 
4 1480 1482 (6144 2048 1056 ) (6144 2304 1056 ) (6516 2304 1056 ) (6516 2048 1056 ) 
4 1481 1622 (6516 2048 880 ) (6528 2048 880 ) (6528 2048 1056 ) (6516 2048 1056 ) 
4 1481 1617 (6528 2048 880 ) (7024 2048 880 ) (7024 2048 1056 ) (6528 2048 1056 ) 
4 1481 1483 (6516 2304 880 ) (6592 2304 880 ) (6592 2048 880 ) (6516 2048 880 ) 
4 1481 1482 (6516 2304 880 ) (6516 2048 880 ) (6516 2048 1056 ) (6516 2304 1056 ) 
4 1482 1623 (6144 2048 1056 ) (6144 2048 880 ) (6516 2048 880 ) (6516 2048 1056 ) 
4 1482 1499 (6144 2048 880 ) (6144 2048 1056 ) (6144 2304 1056 ) (6144 2304 880 ) 
4 1482 1485 (6144 2304 880 ) (6516 2304 880 ) (6516 2048 880 ) (6144 2048 880 ) 
4 1483 1622 (6528 2048 880 ) (6516 2048 880 ) (6516 2048 800 ) (6528 2048 800 ) 
4 1483 1618 (6592 2048 800 ) (6592 2048 880 ) (6528 2048 880 ) (6528 2048 800 ) 
4 1483 1485 (6516 2048 800 ) (6516 2048 880 ) (6516 2304 880 ) (6516 2304 800 ) 
4 1483 1484 (6516 2048 800 ) (6516 2304 800 ) (6592 2304 800 ) (6592 2048 800 ) 
4 1484 1624 (6516 2048 696 ) (6528 2048 696 ) (6528 2048 800 ) (6516 2048 800 ) 
4 1484 1619 (6528 2048 696 ) (6592 2048 696 ) (6592 2048 800 ) (6528 2048 800 ) 
4 1484 1487 (6592 2048 696 ) (6516 2048 696 ) (6516 2304 696 ) (6592 2304 696 ) 
4 1484 1486 (6516 2304 696 ) (6516 2048 696 ) (6516 2048 800 ) (6516 2304 800 ) 
4 1485 1623 (6144 2048 880 ) (6144 2048 800 ) (6516 2048 800 ) (6516 2048 880 ) 
4 1485 1499 (6144 2048 800 ) (6144 2048 880 ) (6144 2304 880 ) (6144 2304 800 ) 
4 1485 1486 (6144 2048 800 ) (6144 2304 800 ) (6516 2304 800 ) (6516 2048 800 ) 
4 1486 1625 (6144 2048 800 ) (6144 2048 696 ) (6516 2048 696 ) (6516 2048 800 ) 
4 1486 1530 (6144 2048 696 ) (6144 2048 704 ) (6144 2304 704 ) (6144 2304 696 ) 
4 1486 1500 (6144 2048 704 ) (6144 2048 800 ) (6144 2304 800 ) (6144 2304 704 ) 
4 1486 1489 (6516 2048 696 ) (6144 2048 696 ) (6144 2304 696 ) (6516 2304 696 ) 
4 1487 1626 (6592 2048 696 ) (6528 2048 696 ) (6528 2048 648 ) (6592 2048 648 ) 
4 1487 1627 (6528 2048 696 ) (6516 2048 696 ) (6516 2048 648 ) (6528 2048 648 ) 
4 1487 1489 (6516 2048 648 ) (6516 2048 696 ) (6516 2304 696 ) (6516 2304 648 ) 
4 1487 1488 (6516 2048 648 ) (6516 2304 648 ) (6592 2304 648 ) (6592 2048 648 ) 
4 1488 1629 (6516 2048 648 ) (6516 2048 520 ) (6592 2048 520 ) (6592 2048 648 ) 
4 1488 1491 (6516 2304 520 ) (6592 2304 520 ) (6592 2048 520 ) (6516 2048 520 ) 
4 1488 1490 (6516 2304 520 ) (6516 2048 520 ) (6516 2048 648 ) (6516 2304 648 ) 
4 1489 1628 (6516 2048 696 ) (6144 2048 696 ) (6144 2048 648 ) (6516 2048 648 ) 
4 1489 1530 (6144 2048 648 ) (6144 2048 696 ) (6144 2304 696 ) (6144 2304 648 ) 
4 1489 1490 (6144 2048 648 ) (6144 2304 648 ) (6516 2304 648 ) (6516 2048 648 ) 
4 1490 1633 (6144 2048 648 ) (6144 2048 520 ) (6516 2048 520 ) (6516 2048 648 ) 
4 1490 1562 (6144 2048 520 ) (6144 2048 576 ) (6144 2304 576 ) (6144 2304 520 ) 
4 1490 1531 (6144 2048 576 ) (6144 2048 648 ) (6144 2304 648 ) (6144 2304 576 ) 
4 1490 1492 (6144 2048 520 ) (6144 2304 520 ) (6516 2304 520 ) (6516 2048 520 ) 
4 1491 1630 (6516 2048 208 ) (6592 2048 208 ) (6592 2048 520 ) (6516 2048 520 ) 
4 1491 1493 (6516 2304 208 ) (6592 2304 208 ) (6592 2048 208 ) (6516 2048 208 ) 
4 1491 1492 (6516 2304 208 ) (6516 2048 208 ) (6516 2048 520 ) (6516 2304 520 ) 
4 1492 1634 (6144 2048 520 ) (6144 2048 208 ) (6516 2048 208 ) (6516 2048 520 ) 
4 1492 1587 (6144 2048 208 ) (6144 2048 232 ) (6144 2304 232 ) (6144 2304 208 ) 
4 1492 1586 (6144 2048 232 ) (6144 2048 304 ) (6144 2304 304 ) (6144 2304 232 ) 
4 1492 1584 (6144 2048 304 ) (6144 2048 432 ) (6144 2304 432 ) (6144 2304 304 ) 
4 1492 1583 (6144 2048 432 ) (6144 2048 440 ) (6144 2304 440 ) (6144 2304 432 ) 
4 1492 1563 (6144 2048 440 ) (6144 2048 520 ) (6144 2304 520 ) (6144 2304 440 ) 
4 1492 1493 (6144 2304 208 ) (6516 2304 208 ) (6516 2048 208 ) (6144 2048 208 ) 
4 1493 1635 (6144 2048 208 ) (6144 2048 144 ) (6592 2048 144 ) (6592 2048 208 ) 
4 1493 1589 (6144 2048 144 ) (6144 2048 176 ) (6144 2304 176 ) (6144 2304 144 ) 
4 1493 1588 (6144 2048 176 ) (6144 2048 208 ) (6144 2304 208 ) (6144 2304 176 ) 
4 1493 1494 (6144 2048 144 ) (6144 2304 144 ) (6592 2304 144 ) (6592 2048 144 ) 
4 1494 1636 (6144 2048 144 ) (6144 2048 16 ) (6592 2048 16 ) (6592 2048 144 ) 
4 1494 1609 (6144 2048 16 ) (6144 2048 48 ) (6144 2304 48 ) (6144 2304 16 ) 
4 1494 1590 (6144 2048 48 ) (6144 2048 144 ) (6144 2304 144 ) (6144 2304 48 ) 
4 1494 1497 (6392 2048 16 ) (6144 2048 16 ) (6144 2304 16 ) (6392 2304 16 ) 
4 1495 1496 (6400 2440 16 ) (6400 2936 16 ) (6400 2936 8 ) (6400 2440 8 ) 
4 1496 1497 (6392 3072 8 ) (6392 2432 8 ) (6392 2432 16 ) (6392 3072 16 ) 
4 1497 1639 (6392 2048 16 ) (6144 2048 16 ) (6144 2048 8 ) (6392 2048 8 ) 
4 1497 1611 (6144 2048 8 ) (6144 2048 16 ) (6144 2432 16 ) (6144 2432 8 ) 
4 1497 1610 (6144 2432 16 ) (6144 3072 16 ) (6144 3072 8 ) (6144 2432 8 ) 
4 1498 1642 (6144 2048 1056 ) (6144 2048 1408 ) (5760 2048 1408 ) (5760 2048 1056 ) 
4 1498 1499 (6144 2048 1056 ) (5760 2048 1056 ) (5760 3072 1056 ) (6144 3072 1056 ) 
4 1499 1643 (6144 2048 800 ) (6144 2048 1056 ) (5760 2048 1056 ) (5760 2048 800 ) 
4 1499 1500 (5760 2048 800 ) (5760 3072 800 ) (6144 3072 800 ) (6144 2048 800 ) 
4 1500 1644 (5760 2048 704 ) (6144 2048 704 ) (6144 2048 800 ) (5760 2048 800 ) 
4 1500 1530 (6144 2048 704 ) (5760 2048 704 ) (5760 2784 704 ) (6144 2784 704 ) 
4 1500 1503 (5760 2784 704 ) (5760 3072 704 ) (5768 3072 704 ) (5768 2784 704 ) 
4 1500 1502 (5768 3072 704 ) (6144 3072 704 ) (6144 2784 704 ) (5768 2784 704 ) 
4 1501 1813 (5120 2048 1408 ) (5120 2048 1920 ) (5120 3072 1920 ) (5120 3072 1408 ) 
4 1501 1652 (5120 2048 1920 ) (5120 2048 1408 ) (5760 2048 1408 ) (5760 2048 1920 ) 
4 1502 1530 (6144 2784 648 ) (6144 2784 704 ) (5768 2784 704 ) (5768 2784 648 ) 
4 1502 1504 (6144 2784 648 ) (5768 2784 648 ) (5768 3072 648 ) (6144 3072 648 ) 
4 1502 1503 (5768 3072 648 ) (5768 2784 648 ) (5768 2784 704 ) (5768 3072 704 ) 
4 1503 1530 (5768 2784 704 ) (5760 2784 704 ) (5760 2784 648 ) (5768 2784 648 ) 
4 1503 1505 (5768 2784 648 ) (5760 2784 648 ) (5760 3072 648 ) (5768 3072 648 ) 
4 1504 1546 (5768 3072 576 ) (6144 3072 576 ) (6144 2784 576 ) (5768 2784 576 ) 
4 1504 1531 (5768 2784 576 ) (6144 2784 576 ) (6144 2784 648 ) (5768 2784 648 ) 
4 1504 1505 (5768 3072 576 ) (5768 2784 576 ) (5768 2784 648 ) (5768 3072 648 ) 
4 1505 1547 (5760 3072 576 ) (5768 3072 576 ) (5768 2784 576 ) (5760 2784 576 ) 
4 1505 1531 (5760 2784 576 ) (5768 2784 576 ) (5768 2784 648 ) (5760 2784 648 ) 
4 1506 1507 (5754 3072 588 ) (5754 3020 588 ) (5754 3020 670 ) (5754 3072 670 ) 
4 1507 1508 (5753 3072 588 ) (5753 3020 588 ) (5753 3020 670 ) (5753 3072 670 ) 
4 1508 1509 (5752 3020 670 ) (5752 3072 670 ) (5752 3072 588 ) (5752 3020 588 ) 
4 1509 1511 (5728 3072 576 ) (5728 2792 576 ) (5728 2792 680 ) (5728 3072 680 ) 
4 1509 1510 (5728 2792 680 ) (5728 2792 704 ) (5728 3072 704 ) (5728 3072 680 ) 
4 1510 1523 (5672 2792 704 ) (5672 2912 704 ) (5672 2912 680 ) (5672 2792 680 ) 
4 1510 1520 (5672 2912 704 ) (5672 2968 704 ) (5672 2968 680 ) (5672 2912 680 ) 
4 1510 1519 (5672 2968 704 ) (5672 2976 704 ) (5672 2976 680 ) (5672 2968 680 ) 
4 1510 1515 (5672 2976 704 ) (5672 3072 704 ) (5672 3072 680 ) (5672 2976 680 ) 
4 1510 1511 (5672 2792 680 ) (5672 3072 680 ) (5728 3072 680 ) (5728 2792 680 ) 
4 1511 1523 (5672 2912 576 ) (5672 2792 576 ) (5672 2792 680 ) (5672 2912 680 ) 
4 1511 1521 (5672 2968 576 ) (5672 2912 576 ) (5672 2912 680 ) (5672 2968 680 ) 
4 1511 1519 (5672 2976 576 ) (5672 2968 576 ) (5672 2968 680 ) (5672 2976 680 ) 
4 1511 1515 (5672 3072 576 ) (5672 2976 576 ) (5672 2976 680 ) (5672 3072 680 ) 
4 1511 1512 (5728 2792 576 ) (5728 2792 680 ) (5672 2792 680 ) (5672 2792 576 ) 
4 1512 1513 (5728 2790 576 ) (5728 2790 680 ) (5672 2790 680 ) (5672 2790 576 ) 
4 1513 1514 (5728 2789 576 ) (5728 2789 680 ) (5672 2789 680 ) (5672 2789 576 ) 
4 1514 1532 (5672 2784 576 ) (5728 2784 576 ) (5728 2784 680 ) (5672 2784 680 ) 
4 1515 1519 (5512 2976 576 ) (5672 2976 576 ) (5672 2976 704 ) (5512 2976 704 ) 
4 1515 1517 (5512 3024 576 ) (5512 2976 576 ) (5512 2976 704 ) (5512 3024 704 ) 
4 1516 1524 (5432 3072 576 ) (5432 2984 576 ) (5432 2984 704 ) (5432 3072 704 ) 
4 1516 1518 (5460 2988 576 ) (5500 3028 576 ) (5500 3028 680 ) (5460 2988 680 ) 
4 1517 1519 (5464 2976 576 ) (5512 2976 576 ) (5512 2976 704 ) (5464 2976 704 ) 
4 1517 1518 (5508 3020 576 ) (5468 2980 576 ) (5468 2980 680 ) (5508 3020 680 ) 
4 1519 1521 (5440 2968 576 ) (5672 2968 576 ) (5672 2968 680 ) (5440 2968 680 ) 
4 1519 1520 (5672 2968 680 ) (5672 2968 704 ) (5440 2968 704 ) (5440 2968 680 ) 
4 1520 1523 (5440 2912 680 ) (5672 2912 680 ) (5672 2912 704 ) (5440 2912 704 ) 
4 1520 1521 (5672 2912 680 ) (5440 2912 680 ) (5440 2968 680 ) (5672 2968 680 ) 
4 1521 1523 (5440 2912 576 ) (5672 2912 576 ) (5672 2912 680 ) (5440 2912 680 ) 
4 1521 1522 (5440 2912 576 ) (5440 2912 680 ) (5440 2968 680 ) (5440 2968 576 ) 
4 1522 1525 (5432 2968 576 ) (5432 2912 576 ) (5432 2912 680 ) (5432 2968 680 ) 
4 1524 1528 (5304 3072 576 ) (5304 2984 576 ) (5304 2984 704 ) (5304 3072 704 ) 
4 1524 1525 (5304 2984 704 ) (5304 2984 576 ) (5432 2984 576 ) (5432 2984 704 ) 
4 1525 1529 (5304 2976 576 ) (5304 2869 576 ) (5304 2869 704 ) (5304 2976 704 ) 
4 1525 1526 (5304 2788 704 ) (5304 2788 576 ) (5432 2788 576 ) (5432 2788 704 ) 
4 1526 1527 (5304 2787 704 ) (5304 2787 576 ) (5432 2787 576 ) (5432 2787 704 ) 
4 1527 1537 (5304 2784 576 ) (5432 2784 576 ) (5432 2784 704 ) (5304 2784 704 ) 
4 1530 1644 (6144 2048 648 ) (6144 2048 704 ) (5760 2048 704 ) (5760 2048 648 ) 
4 1530 1531 (6144 2048 648 ) (5760 2048 648 ) (5760 2784 648 ) (6144 2784 648 ) 
4 1531 1645 (5760 2048 576 ) (6144 2048 576 ) (6144 2048 648 ) (5760 2048 648 ) 
4 1531 1562 (6144 2784 576 ) (6144 2048 576 ) (5760 2048 576 ) (5760 2784 576 ) 
4 1532 1534 (5656 2784 704 ) (5656 2784 576 ) (5656 2656 576 ) (5656 2656 704 ) 
4 1533 1568 (5752 2644 576 ) (5752 2464 576 ) (5656 2464 576 ) (5656 2643.997070 576 ) 
4 1533 1536 (5656 2464 576 ) (5752 2464 576 ) (5752 2464 696 ) (5656 2464 695.998108 ) 
4 1534 1535 (5640 2784 704 ) (5640 2784 576 ) (5640 2656 576 ) (5640 2656 704 ) 
4 1535 1537 (5520 2784 704 ) (5520 2784 576 ) (5520 2656 576 ) (5520 2656 704 ) 
4 1535 1536 (5520 2464 704 ) (5520 2464 576 ) (5640 2464 576 ) (5640 2464 704 ) 
4 1536 1539 (5520 2448 576 ) (5520 2320 576 ) (5520 2320 704 ) (5520 2448 704 ) 
4 1537 1822 (5120 2656 704 ) (5120 2784 704 ) (5120 2784 576 ) (5120 2656 576 ) 
4 1537 1538 (5392 2656 576 ) (5448 2656 576 ) (5448 2656 677 ) (5392 2656 677 ) 
4 1538 1545 (5392 2648 576 ) (5414 2648 576 ) (5414 2648 677 ) (5392 2648 677 ) 
4 1538 1540 (5414 2648 576 ) (5448 2648 576 ) (5448 2648 677 ) (5414 2648 677 ) 
4 1539 1544 (5512 2342 576 ) (5512 2320 576 ) (5512 2320 704 ) (5512 2342 704 ) 
4 1539 1542 (5512 2398 576 ) (5512 2342 576 ) (5512 2342 704 ) (5512 2398 704 ) 
4 1539 1541 (5512 2448 576 ) (5512 2398 576 ) (5512 2398 704 ) (5512 2448 704 ) 
4 1540 1545 (5414 2648 704 ) (5414 2648 576 ) (5414 2496 576 ) (5414 2496 704 ) 
4 1541 1542 (5422 2398 576 ) (5512 2398 576 ) (5512 2398 704 ) (5422 2398 704 ) 
4 1542 1544 (5422 2342 576 ) (5512 2342 576 ) (5512 2342 704 ) (5422 2342 704 ) 
4 1542 1543 (5422 2398 680 ) (5422 2398 576 ) (5422 2342 576 ) (5422 2342 680 ) 
4 1543 1545 (5414 2398 576 ) (5414 2342 576 ) (5414 2342 680 ) (5414 2398 680 ) 
4 1546 1562 (6144 2784 568 ) (6144 2784 576 ) (5768 2784 576 ) (5768 2784 568 ) 
4 1546 1548 (6144 2784 568 ) (5768 2784 568 ) (5768 3072 568 ) (6144 3072 568 ) 
4 1546 1547 (5768 3072 568 ) (5768 2784 568 ) (5768 2784 576 ) (5768 3072 576 ) 
4 1547 1562 (5768 2784 576 ) (5760 2784 576 ) (5760 2784 568 ) (5768 2784 568 ) 
4 1547 1548 (5768 2784 568 ) (5760 2784 568 ) (5760 3072 568 ) (5768 3072 568 ) 
4 1548 1562 (6144 2784 520 ) (6144 2784 568 ) (5760 2784 568 ) (5760 2784 520 ) 
4 1548 1549 (6144 2784 520 ) (5760 2784 520 ) (5760 3072 520 ) (6144 3072 520 ) 
4 1549 1583 (5760 3072 440 ) (6144 3072 440 ) (6144 2784 440 ) (5760 2784 440 ) 
4 1549 1563 (5760 2784 440 ) (6144 2784 440 ) (6144 2784 520 ) (5760 2784 520 ) 
4 1550 1551 (5728 3072 440 ) (5728 2792 440 ) (5728 2792 568 ) (5728 3072 568 ) 
4 1551 1555 (5672 3048 440 ) (5672 2792 440 ) (5672 2792 568 ) (5672 3048 568 ) 
4 1551 1553 (5672 3072 440 ) (5672 3048 440 ) (5672 3048 568 ) (5672 3072 568 ) 
4 1551 1552 (5672 2792 544 ) (5672 2792 440 ) (5728 2792 440 ) (5728 2792 544 ) 
4 1552 1564 (5672 2784 440 ) (5728 2784 440 ) (5728 2784 544 ) (5672 2784 544 ) 
4 1553 1555 (5587 3048 440 ) (5672 3048 440 ) (5672 3048 568 ) (5587 3048 568 ) 
4 1556 1560 (5392 2792 440 ) (5448 2792 440 ) (5448 2792 544 ) (5392 2792 544 ) 
4 1558 1559 (5184 2944 440 ) (5184 2792 440 ) (5184 2792 568 ) (5184 2944 568 ) 
4 1559 1828 (5120 2944 440 ) (5120 2792 440 ) (5120 2792 568 ) (5120 2944 568 ) 
4 1559 1561 (5120 2792 440 ) (5176 2792 440 ) (5176 2792 544 ) (5120 2792 544 ) 
4 1560 1564 (5392 2784 440 ) (5448 2784 440 ) (5448 2784 544 ) (5392 2784 544 ) 
4 1561 1564 (5120 2784 440 ) (5176 2784 440 ) (5176 2784 544 ) (5120 2784 544 ) 
4 1562 1645 (6144 2048 520 ) (6144 2048 576 ) (5760 2048 576 ) (5760 2048 520 ) 
4 1562 1563 (5760 2048 520 ) (5760 2784 520 ) (6144 2784 520 ) (6144 2048 520 ) 
4 1563 1646 (5760 2048 440 ) (6144 2048 440 ) (6144 2048 520 ) (5760 2048 520 ) 
4 1563 1583 (6144 2784 440 ) (6144 2048 440 ) (5760 2048 440 ) (5760 2784 440 ) 
4 1564 1846 (5120 2784 568 ) (5120 2784 440 ) (5120 2656 440 ) (5120 2656 568 ) 
4 1564 1567 (5136 2656 440 ) (5192 2656 440 ) (5192 2656 544 ) (5136 2656 544 ) 
4 1564 1566 (5400 2656 440 ) (5456 2656 440 ) (5456 2656 544 ) (5400 2656 544 ) 
4 1564 1565 (5656 2656 440 ) (5752 2656 440 ) (5752 2656 568 ) (5656 2656 568 ) 
4 1565 1569 (5752 2648 445.333527 ) (5752 2648 568 ) (5656 2648 568 ) (5656 2648 445.331482 ) 
4 1566 1574 (5400 2648 440 ) (5456 2648 440 ) (5456 2648 544 ) (5400 2648 544 ) 
4 1567 1578 (5184 2648 440 ) (5192 2648 440 ) (5192 2648 544 ) (5184 2648 544 ) 
4 1567 1579 (5136 2648 440 ) (5184 2648 440 ) (5184 2648 544 ) (5136 2648 544 ) 
4 1568 1569 (5656 2648 568 ) (5752 2648 568 ) (5752 2464 568 ) (5656 2464 568 ) 
4 1570 1571 (5648 2392 440 ) (5752 2392 440 ) (5752 2392 568 ) (5648 2392 568 ) 
4 1571 1573 (5648 2336 440 ) (5752 2336 440 ) (5752 2336 568 ) (5648 2336 568 ) 
4 1571 1572 (5648 2392 544 ) (5648 2392 440 ) (5648 2336 440 ) (5648 2336 544 ) 
4 1572 1574 (5640 2392 544 ) (5640 2392 440 ) (5640 2336 440 ) (5640 2336 544 ) 
4 1574 1575 (5296 2544 568 ) (5296 2640 568 ) (5296 2640 440 ) (5296 2544 440 ) 
4 1575 1576 (5283 2544 568 ) (5283 2640 568 ) (5283 2640 440 ) (5283 2544 440 ) 
4 1576 1578 (5192 2448 568 ) (5192 2648 568 ) (5192 2648 440 ) (5192 2448 440 ) 
4 1577 1580 (5192 2382 544 ) (5192 2382 440 ) (5192 2326 440 ) (5192 2326 544 ) 
4 1578 1579 (5184 2448 568 ) (5184 2648 568 ) (5184 2648 440 ) (5184 2448 440 ) 
4 1579 1854 (5120 2382 568 ) (5120 2648 568 ) (5120 2648 440 ) (5120 2382 440 ) 
4 1579 1581 (5120 2382 440 ) (5184 2382 440 ) (5184 2382 568 ) (5120 2382 568 ) 
4 1580 1581 (5184 2382 544 ) (5184 2382 440 ) (5184 2326 440 ) (5184 2326 544 ) 
4 1581 1854 (5120 2326 568 ) (5120 2382 568 ) (5120 2382 440 ) (5120 2326 440 ) 
4 1581 1582 (5120 2326 440 ) (5184 2326 440 ) (5184 2326 568 ) (5120 2326 568 ) 
4 1582 1854 (5120 2288 568 ) (5120 2326 568 ) (5120 2326 440 ) (5120 2288 440 ) 
4 1583 1646 (5760 2048 432 ) (6144 2048 432 ) (6144 2048 440 ) (5760 2048 440 ) 
4 1583 1584 (6144 2048 432 ) (5760 2048 432 ) (5760 3072 432 ) (6144 3072 432 ) 
4 1584 1646 (5760 2048 304 ) (6144 2048 304 ) (6144 2048 432 ) (5760 2048 432 ) 
4 1584 1586 (5760 3072 304 ) (6144 3072 304 ) (6144 2048 304 ) (5760 2048 304 ) 
4 1585 1888 (5120 2656 432 ) (5120 2784 432 ) (5120 2784 304 ) (5120 2656 304 ) 
4 1586 1646 (5760 2048 232 ) (6144 2048 232 ) (6144 2048 304 ) (5760 2048 304 ) 
4 1586 1587 (6144 2048 232 ) (5760 2048 232 ) (5760 3072 232 ) (6144 3072 232 ) 
4 1587 1646 (6144 2048 208 ) (6144 2048 232 ) (5760 2048 232 ) (5760 2048 208 ) 
4 1587 1588 (5760 2048 208 ) (5760 3072 208 ) (6144 3072 208 ) (6144 2048 208 ) 
4 1588 1647 (6144 2048 176 ) (6144 2048 208 ) (5760 2048 208 ) (5760 2048 176 ) 
4 1588 1589 (6144 2048 176 ) (5760 2048 176 ) (5760 3072 176 ) (6144 3072 176 ) 
4 1589 1647 (6144 2048 144 ) (6144 2048 176 ) (5760 2048 176 ) (5760 2048 144 ) 
4 1589 1590 (5760 2048 144 ) (5760 3072 144 ) (6144 3072 144 ) (6144 2048 144 ) 
4 1590 1648 (5760 2048 48 ) (6144 2048 48 ) (6144 2048 144 ) (5760 2048 144 ) 
4 1590 1609 (5760 3072 48 ) (6144 3072 48 ) (6144 2048 48 ) (5760 2048 48 ) 
4 1591 1605 (5456 2768 48 ) (5456 2702 48 ) (5456 2702 156 ) (5456 2768 156 ) 
4 1591 1599 (5456 2776 88 ) (5456 2776 132 ) (5456 2824 132 ) (5456 2824 88 ) 
4 1591 1596 (5456 3072 48 ) (5456 2880 48 ) (5456 2880 176 ) (5456 3072 176 ) 
4 1591 1593 (5552 2664 176 ) (5456 2664 176 ) (5456 2664 52 ) (5552 2664 52 ) 
4 1591 1592 (5600 2664 152 ) (5600 2664 52 ) (5652 2664 52 ) (5652 2664 152 ) 
4 1592 1594 (5600 2656 152 ) (5600 2656 52 ) (5652 2656 52 ) (5652 2656 152 ) 
4 1593 1595 (5552 2656 176 ) (5456 2656 176 ) (5456 2656 52 ) (5552 2656 52 ) 
4 1597 1898 (5120 2824 232 ) (5120 2872 232 ) (5120 2872 48 ) (5120 2824 48 ) 
4 1597 1602 (5120 2824 48 ) (5448 2824 48 ) (5448 2824 88 ) (5120 2824 88 ) 
4 1597 1601 (5448 2824 88 ) (5448 2824 132 ) (5120 2824 132 ) (5120 2824 88 ) 
4 1597 1598 (5448 2824 132 ) (5448 2824 232 ) (5120 2824 232 ) (5120 2824 132 ) 
4 1598 1898 (5120 2776 232 ) (5120 2824 232 ) (5120 2824 132 ) (5120 2776 132 ) 
4 1598 1603 (5448 2776 232 ) (5120 2776 232 ) (5120 2776 132 ) (5448 2776 132 ) 
4 1598 1601 (5448 2776 132 ) (5120 2776 132 ) (5120 2824 132 ) (5448 2824 132 ) 
4 1599 1600 (5450 2824 88 ) (5450 2776 88 ) (5450 2776 132 ) (5450 2824 132 ) 
4 1600 1601 (5449 2824 88 ) (5449 2776 88 ) (5449 2776 132 ) (5449 2824 132 ) 
4 1601 1898 (5120 2824 132 ) (5120 2824 88 ) (5120 2776 88 ) (5120 2776 132 ) 
4 1601 1603 (5448 2776 132 ) (5120 2776 132 ) (5120 2776 88 ) (5448 2776 88 ) 
4 1601 1602 (5448 2776 88 ) (5120 2776 88 ) (5120 2824 88 ) (5448 2824 88 ) 
4 1602 1898 (5120 2824 88 ) (5120 2824 48 ) (5120 2776 48 ) (5120 2776 88 ) 
4 1602 1603 (5120 2776 48 ) (5448 2776 48 ) (5448 2776 88 ) (5120 2776 88 ) 
4 1603 1898 (5120 2768 232 ) (5120 2776 232 ) (5120 2776 48 ) (5120 2768 48 ) 
4 1603 1607 (5120 2768 48 ) (5448 2768 48 ) (5448 2768 156 ) (5120 2768 156 ) 
4 1603 1604 (5448 2768 156 ) (5448 2768 232 ) (5120 2768 232 ) (5120 2768 156 ) 
4 1604 1898 (5120 2702 232 ) (5120 2768 232 ) (5120 2768 156 ) (5120 2702 156 ) 
4 1604 1608 (5448 2702 232 ) (5120 2702 232 ) (5120 2702 156 ) (5448 2702 156 ) 
4 1604 1607 (5448 2702 156 ) (5120 2702 156 ) (5120 2768 156 ) (5448 2768 156 ) 
4 1605 1606 (5452 2702 48 ) (5452 2702 156 ) (5452 2768 156 ) (5452 2768 48 ) 
4 1606 1607 (5451 2702 48 ) (5451 2702 156 ) (5451 2768 156 ) (5451 2768 48 ) 
4 1607 1898 (5120 2768 156 ) (5120 2768 48 ) (5120 2702 48 ) (5120 2702 156 ) 
4 1607 1608 (5120 2702 48 ) (5448 2702 48 ) (5448 2702 156 ) (5120 2702 156 ) 
4 1608 1898 (5120 2536 232 ) (5120 2702 232 ) (5120 2702 48 ) (5120 2536 48 ) 
4 1609 1648 (5760 2048 16 ) (6144 2048 16 ) (6144 2048 48 ) (5760 2048 48 ) 
4 1609 1611 (6144 2048 16 ) (5896 2048 16 ) (5896 2432 16 ) (6144 2432 16 ) 
4 1609 1610 (5760 2432 16 ) (5760 3072 16 ) (6144 3072 16 ) (6144 2432 16 ) 
4 1610 1611 (5896 2432 8 ) (6144 2432 8 ) (6144 2432 16 ) (5896 2432 16 ) 
4 1611 1649 (5896 2048 8 ) (6144 2048 8 ) (6144 2048 16 ) (5896 2048 16 ) 
4 1612 1969 (7168 1024 1120 ) (7168 1024 1408 ) (7024 1024 1408 ) (7024 1024 1120 ) 
4 1612 1615 (7024 2048 1408 ) (7024 2048 1120 ) (7024 1024 1120 ) (7024 1024 1408 ) 
4 1612 1613 (7024 1408 1120 ) (7024 2048 1120 ) (7168 2048 1120 ) (7168 1408 1120 ) 
4 1613 1616 (7024 2048 1120 ) (7024 2048 1056 ) (7024 1408 1056 ) (7024 1408 1120 ) 
4 1613 1614 (7024 1408 1056 ) (7024 2048 1056 ) (7168 2048 1056 ) (7168 1408 1056 ) 
4 1614 1617 (7024 2048 1056 ) (7024 2048 880 ) (7024 1408 880 ) (7024 1408 1056 ) 
4 1615 1969 (7024 1024 1120 ) (7024 1024 1408 ) (6528 1024 1408 ) (6528 1024 1120 ) 
4 1615 1620 (6528 1024 1120 ) (6528 1024 1408 ) (6528 2048 1408 ) (6528 2048 1120 ) 
4 1615 1616 (6528 1408 1120 ) (6528 2048 1120 ) (7024 2048 1120 ) (7024 1408 1120 ) 
4 1616 1620 (6528 1408 1120 ) (6528 2048 1120 ) (6528 2048 1056 ) (6528 1408 1056 ) 
4 1616 1617 (6528 1408 1056 ) (6528 2048 1056 ) (7024 2048 1056 ) (7024 1408 1056 ) 
4 1617 1622 (6528 1408 1056 ) (6528 2048 1056 ) (6528 2048 880 ) (6528 1408 880 ) 
4 1617 1618 (6528 1408 880 ) (6528 2048 880 ) (6592 2048 880 ) (6592 1408 880 ) 
4 1618 1622 (6528 1408 800 ) (6528 1408 880 ) (6528 2048 880 ) (6528 2048 800 ) 
4 1618 1619 (6592 1408 800 ) (6528 1408 800 ) (6528 2048 800 ) (6592 2048 800 ) 
4 1619 1626 (6528 2048 696 ) (6592 2048 696 ) (6592 1408 696 ) (6528 1408 696 ) 
4 1619 1624 (6528 2048 696 ) (6528 1408 696 ) (6528 1408 800 ) (6528 2048 800 ) 
4 1620 1970 (6516 1024 1056 ) (6528 1024 1056 ) (6528 1024 1408 ) (6516 1024 1408 ) 
4 1620 1622 (6516 2048 1056 ) (6528 2048 1056 ) (6528 1024 1056 ) (6516 1024 1056 ) 
4 1620 1621 (6516 2048 1056 ) (6516 1024 1056 ) (6516 1024 1408 ) (6516 2048 1408 ) 
4 1621 1971 (6144 1024 1408 ) (6144 1024 1056 ) (6516 1024 1056 ) (6516 1024 1408 ) 
4 1621 1642 (6144 2048 1408 ) (6144 2048 1056 ) (6144 1024 1056 ) (6144 1024 1408 ) 
4 1621 1623 (6144 1024 1056 ) (6144 2048 1056 ) (6516 2048 1056 ) (6516 1024 1056 ) 
4 1622 1972 (6516 1024 800 ) (6528 1024 800 ) (6528 1024 1056 ) (6516 1024 1056 ) 
4 1622 1624 (6516 2048 800 ) (6528 2048 800 ) (6528 1024 800 ) (6516 1024 800 ) 
4 1622 1623 (6516 2048 800 ) (6516 1024 800 ) (6516 1024 1056 ) (6516 2048 1056 ) 
4 1623 1973 (6144 1024 1056 ) (6144 1024 800 ) (6516 1024 800 ) (6516 1024 1056 ) 
4 1623 1643 (6144 2048 1056 ) (6144 2048 800 ) (6144 1024 800 ) (6144 1024 1056 ) 
4 1623 1625 (6144 2048 800 ) (6516 2048 800 ) (6516 1024 800 ) (6144 1024 800 ) 
4 1624 1974 (6516 1024 696 ) (6528 1024 696 ) (6528 1024 800 ) (6516 1024 800 ) 
4 1624 1627 (6516 2048 696 ) (6528 2048 696 ) (6528 1024 696 ) (6516 1024 696 ) 
4 1624 1625 (6516 2048 696 ) (6516 1024 696 ) (6516 1024 800 ) (6516 2048 800 ) 
4 1625 1975 (6144 1024 800 ) (6144 1024 696 ) (6516 1024 696 ) (6516 1024 800 ) 
4 1625 1644 (6144 2048 800 ) (6144 2048 696 ) (6144 1024 696 ) (6144 1024 800 ) 
4 1625 1628 (6144 2048 696 ) (6516 2048 696 ) (6516 1024 696 ) (6144 1024 696 ) 
4 1626 1629 (6528 2048 648 ) (6592 2048 648 ) (6592 1408 648 ) (6528 1408 648 ) 
4 1626 1627 (6528 2048 648 ) (6528 1408 648 ) (6528 1408 696 ) (6528 2048 696 ) 
4 1627 1974 (6528 1024 696 ) (6516 1024 696 ) (6516 1024 648 ) (6528 1024 648 ) 
4 1627 1631 (6528 1408 648 ) (6528 1024 648 ) (6516 1024 648 ) (6516 1408 648 ) 
4 1627 1629 (6516 2048 648 ) (6528 2048 648 ) (6528 1408 648 ) (6516 1408 648 ) 
4 1627 1628 (6516 2048 648 ) (6516 1024 648 ) (6516 1024 696 ) (6516 2048 696 ) 
4 1628 1975 (6516 1024 696 ) (6144 1024 696 ) (6144 1024 648 ) (6516 1024 648 ) 
4 1628 1644 (6144 2048 696 ) (6144 2048 648 ) (6144 1024 648 ) (6144 1024 696 ) 
4 1628 1633 (6144 1024 648 ) (6144 2048 648 ) (6516 2048 648 ) (6516 1024 648 ) 
4 1629 1633 (6516 1408 520 ) (6516 1408 648 ) (6516 2048 648 ) (6516 2048 520 ) 
4 1629 1631 (6516 1408 648 ) (6516 1408 520 ) (6528 1408 520 ) (6528 1408 648 ) 
4 1629 1630 (6592 1408 520 ) (6516 1408 520 ) (6516 2048 520 ) (6592 2048 520 ) 
4 1630 1635 (6516 1408 208 ) (6516 2048 208 ) (6592 2048 208 ) (6592 1408 208 ) 
4 1630 1634 (6516 2048 208 ) (6516 1408 208 ) (6516 1408 520 ) (6516 2048 520 ) 
4 1630 1632 (6516 1408 520 ) (6516 1408 208 ) (6528 1408 208 ) (6528 1408 520 ) 
4 1631 1976 (6528 1024 648 ) (6516 1024 648 ) (6516 1024 520 ) (6528 1024 520 ) 
4 1631 1633 (6516 1024 520 ) (6516 1024 648 ) (6516 1408 648 ) (6516 1408 520 ) 
4 1631 1632 (6516 1024 520 ) (6516 1408 520 ) (6528 1408 520 ) (6528 1024 520 ) 
4 1632 1978 (6516 1024 208 ) (6528 1024 208 ) (6528 1024 520 ) (6516 1024 520 ) 
4 1632 1637 (6528 1024 208 ) (6516 1024 208 ) (6516 1408 208 ) (6528 1408 208 ) 
4 1632 1634 (6516 1408 208 ) (6516 1024 208 ) (6516 1024 520 ) (6516 1408 520 ) 
4 1633 1977 (6144 1024 648 ) (6144 1024 520 ) (6516 1024 520 ) (6516 1024 648 ) 
4 1633 1645 (6144 2048 648 ) (6144 2048 520 ) (6144 1024 520 ) (6144 1024 648 ) 
4 1633 1634 (6144 1024 520 ) (6144 2048 520 ) (6516 2048 520 ) (6516 1024 520 ) 
4 1634 1979 (6144 1024 520 ) (6144 1024 208 ) (6516 1024 208 ) (6516 1024 520 ) 
4 1634 1646 (6144 2048 520 ) (6144 2048 208 ) (6144 1024 208 ) (6144 1024 520 ) 
4 1634 1637 (6516 1024 208 ) (6144 1024 208 ) (6144 1408 208 ) (6516 1408 208 ) 
4 1634 1635 (6144 1408 208 ) (6144 2048 208 ) (6516 2048 208 ) (6516 1408 208 ) 
4 1635 1647 (6144 2048 208 ) (6144 2048 144 ) (6144 1408 144 ) (6144 1408 208 ) 
4 1635 1637 (6528 1408 208 ) (6144 1408 208 ) (6144 1408 144 ) (6528 1408 144 ) 
4 1635 1636 (6592 1408 144 ) (6144 1408 144 ) (6144 2048 144 ) (6592 2048 144 ) 
4 1636 1648 (6144 2048 144 ) (6144 2048 16 ) (6144 1408 16 ) (6144 1408 144 ) 
4 1636 1640 (6144 1408 16 ) (6144 1536 16 ) (6528 1536 16 ) (6528 1408 16 ) 
4 1636 1639 (6144 1536 16 ) (6144 2048 16 ) (6392 2048 16 ) (6392 1536 16 ) 
4 1636 1638 (6144 1408 16 ) (6528 1408 16 ) (6528 1408 144 ) (6144 1408 144 ) 
4 1637 1980 (6528 1024 208 ) (6144 1024 208 ) (6144 1024 144 ) (6528 1024 144 ) 
4 1637 1647 (6144 1024 144 ) (6144 1024 208 ) (6144 1408 208 ) (6144 1408 144 ) 
4 1637 1638 (6528 1024 144 ) (6144 1024 144 ) (6144 1408 144 ) (6528 1408 144 ) 
4 1638 1981 (6528 1024 144 ) (6144 1024 144 ) (6144 1024 16 ) (6528 1024 16 ) 
4 1638 1648 (6144 1408 16 ) (6144 1024 16 ) (6144 1024 144 ) (6144 1408 144 ) 
4 1638 1641 (6528 1024 16 ) (6144 1024 16 ) (6144 1408 16 ) (6528 1408 16 ) 
4 1639 1649 (6144 2048 16 ) (6144 2048 8 ) (6144 1536 8 ) (6144 1536 16 ) 
4 1639 1640 (6144 1536 8 ) (6392 1536 8 ) (6392 1536 16 ) (6144 1536 16 ) 
4 1640 1649 (6144 1536 8 ) (6144 1408 8 ) (6144 1408 16 ) (6144 1536 16 ) 
4 1640 1641 (6144 1408 8 ) (6528 1408 8 ) (6528 1408 16 ) (6144 1408 16 ) 
4 1641 1982 (6528 1024 16 ) (6144 1024 16 ) (6144 1024 8 ) (6528 1024 8 ) 
4 1641 1649 (6144 1408 8 ) (6144 1024 8 ) (6144 1024 16 ) (6144 1408 16 ) 
4 1642 1983 (6144 1024 1056 ) (6144 1024 1408 ) (5760 1024 1408 ) (5760 1024 1056 ) 
4 1642 1653 (5760 1024 1056 ) (5760 1024 1408 ) (5760 1664 1408 ) (5760 1664 1056 ) 
4 1642 1643 (5760 1024 1056 ) (5760 2048 1056 ) (6144 2048 1056 ) (6144 1024 1056 ) 
4 1643 1984 (6144 1024 800 ) (6144 1024 1056 ) (5760 1024 1056 ) (5760 1024 800 ) 
4 1643 1653 (5760 1024 800 ) (5760 1024 1056 ) (5760 1664 1056 ) (5760 1664 800 ) 
4 1643 1644 (6144 1024 800 ) (5760 1024 800 ) (5760 2048 800 ) (6144 2048 800 ) 
4 1644 1985 (6144 1024 648 ) (6144 1024 800 ) (5760 1024 800 ) (5760 1024 648 ) 
4 1644 1653 (5760 1024 648 ) (5760 1024 800 ) (5760 1664 800 ) (5760 1664 648 ) 
4 1644 1645 (6144 1024 648 ) (5760 1024 648 ) (5760 2048 648 ) (6144 2048 648 ) 
4 1645 1986 (6144 1024 520 ) (6144 1024 648 ) (5760 1024 648 ) (5760 1024 520 ) 
4 1645 1654 (5760 1024 520 ) (5760 1024 648 ) (5760 1664 648 ) (5760 1664 520 ) 
4 1645 1646 (6144 1024 520 ) (5760 1024 520 ) (5760 2048 520 ) (6144 2048 520 ) 
4 1646 1987 (6144 1024 208 ) (6144 1024 520 ) (5760 1024 520 ) (5760 1024 208 ) 
4 1646 1654 (5760 1024 208 ) (5760 1024 520 ) (5760 1664 520 ) (5760 1664 208 ) 
4 1646 1647 (5760 1024 208 ) (5760 2048 208 ) (6144 2048 208 ) (6144 1024 208 ) 
4 1647 1988 (6144 1024 144 ) (6144 1024 208 ) (5760 1024 208 ) (5760 1024 144 ) 
4 1647 1655 (5760 1024 144 ) (5760 1024 208 ) (5760 1664 208 ) (5760 1664 144 ) 
4 1647 1648 (6144 1024 144 ) (5760 1024 144 ) (5760 2048 144 ) (6144 2048 144 ) 
4 1648 1989 (6144 1024 16 ) (6144 1024 144 ) (5760 1024 144 ) (5760 1024 16 ) 
4 1648 1656 (5760 1024 16 ) (5760 1024 144 ) (5760 1664 144 ) (5760 1664 16 ) 
4 1648 1651 (5760 1024 16 ) (5760 1528 16 ) (5888 1528 16 ) (5888 1024 16 ) 
4 1648 1650 (5896 1536 16 ) (5896 1024 16 ) (5888 1024 16 ) (5888 1536 16 ) 
4 1648 1649 (5896 2048 16 ) (6144 2048 16 ) (6144 1024 16 ) (5896 1024 16 ) 
4 1649 2003 (6144 1024 8 ) (6144 1024 16 ) (5896 1024 16 ) (5896 1024 8 ) 
4 1649 1650 (5896 1536 8 ) (5896 1024 8 ) (5896 1024 16 ) (5896 1536 16 ) 
4 1650 2003 (5896 1024 16 ) (5888 1024 16 ) (5888 1024 8 ) (5896 1024 8 ) 
4 1650 1651 (5888 1528 8 ) (5888 1024 8 ) (5888 1024 16 ) (5888 1528 16 ) 
4 1651 1657 (5760 1024 8 ) (5760 1024 16 ) (5760 1528 16 ) (5760 1528 8 ) 
4 1652 1905 (5120 1664 1408 ) (5120 1664 1920 ) (5120 2048 1920 ) (5120 2048 1408 ) 
4 1652 1653 (5760 1664 1408 ) (5760 1664 1920 ) (5120 1664 1920 ) (5120 1664 1408 ) 
4 1653 1990 (5760 1024 648 ) (5760 1024 1920 ) (5120 1024 1920 ) (5120 1024 648 ) 
4 1653 1912 (5120 1024 648 ) (5120 1024 1920 ) (5120 1664 1920 ) (5120 1664 648 ) 
4 1653 1654 (5120 1664 648 ) (5760 1664 648 ) (5760 1024 648 ) (5120 1024 648 ) 
4 1654 1993 (5168 1024 528 ) (5120 1024 528 ) (5120 1024 208 ) (5168 1024 208 ) 
4 1654 1992 (5760 1024 208 ) (5760 1024 528 ) (5168 1024 528 ) (5168 1024 208 ) 
4 1654 1991 (5760 1024 528 ) (5760 1024 648 ) (5120 1024 648 ) (5120 1024 528 ) 
4 1654 1913 (5120 1024 208 ) (5120 1024 648 ) (5120 1664 648 ) (5120 1664 208 ) 
4 1654 1655 (5120 1664 208 ) (5760 1664 208 ) (5760 1024 208 ) (5120 1024 208 ) 
4 1655 1995 (5168 1024 208 ) (5120 1024 208 ) (5120 1024 144 ) (5168 1024 144 ) 
4 1655 1994 (5760 1024 144 ) (5760 1024 208 ) (5168 1024 208 ) (5168 1024 144 ) 
4 1655 1914 (5120 1024 144 ) (5120 1024 208 ) (5120 1664 208 ) (5120 1664 144 ) 
4 1655 1656 (5120 1024 144 ) (5120 1664 144 ) (5760 1664 144 ) (5760 1024 144 ) 
4 1656 1997 (5168 1024 144 ) (5120 1024 144 ) (5120 1024 16 ) (5168 1024 16 ) 
4 1656 1996 (5760 1024 16 ) (5760 1024 144 ) (5168 1024 144 ) (5168 1024 16 ) 
4 1656 1915 (5120 1024 16 ) (5120 1024 144 ) (5120 1664 144 ) (5120 1664 16 ) 
4 1656 1657 (5120 1024 16 ) (5120 1528 16 ) (5760 1528 16 ) (5760 1024 16 ) 
4 1657 1920 (5120 1024 8 ) (5120 1024 16 ) (5120 1528 16 ) (5120 1528 8 ) 
4 1658 1674 (4880 3543.324951 704 ) (4880 3535.069336 704 ) (4880 3416 728.912476 ) (4880 3416 730.350708 ) 
3 1658 1672 (4880 3535.069336 704 ) (4880 3416 704 ) (4880 3416 728.912476 ) 
5 1658 1671 (4880 3888 704 ) (4880 3543.324951 704 ) (4880 3416 730.350708 ) (4880 3416 916 ) (4880 3888 916 ) 
4 1658 1670 (4880 3908 704 ) (4880 3888 704 ) (4880 3888 916 ) (4880 3908 916 ) 
4 1658 1668 (4880 4096 916 ) (4880 4096 704 ) (4880 3908 704 ) (4880 3908 916 ) 
4 1658 1667 (4880 4096 1920 ) (4880 4096 916 ) (4880 3416 916 ) (4880 3416 1920 ) 
4 1658 1661 (4880 3416 1920 ) (4880 3416 704 ) (5120 3416 704 ) (5120 3416 1920 ) 
4 1658 1659 (5120 3416 704 ) (4880 3416 704 ) (4880 4096 704 ) (5120 4096 704 ) 
4 1659 1678 (4880 4096 704 ) (4880 4096 520 ) (4880 3904 520 ) (4880 3904 704 ) 
4 1659 1664 (4880 3416 700 ) (4880 3416 520 ) (4900 3416 520 ) (4900 3416 700 ) 
4 1659 1663 (4900 3416 520 ) (5120 3416 520 ) (5120 3416 700 ) (4900 3416 700 ) 
4 1659 1662 (4880 3416 704 ) (4880 3416 700 ) (5120 3416 700 ) (5120 3416 704 ) 
4 1659 1660 (5120 3416 520 ) (4880 3416 520 ) (4880 4096 520 ) (5120 4096 520 ) 
4 1660 1694 (5120 3840 208 ) (5120 3416 208 ) (4896 3416 208 ) (4896 3840 208 ) 
4 1660 1692 (4896 3904 208 ) (5120 3904 208 ) (5120 3840 208 ) (4896 3840 208 ) 
4 1660 1690 (4880 3904 208 ) (4880 4096 208 ) (5120 4096 208 ) (5120 3904 208 ) 
4 1660 1687 (4880 3888 208 ) (4880 3432 208 ) (4880 3432 352 ) (4880 3888 352 ) 
4 1660 1686 (4880 4096 352 ) (4880 4096 208 ) (4880 3904 208 ) (4880 3904 352 ) 
4 1660 1681 (4880 3626 414 ) (4880 3626 488 ) (4880 3686 488 ) (4880 3686 414 ) 
4 1660 1680 (4880 4096 488 ) (4880 4096 352 ) (4880 3904 352 ) (4880 3904 488 ) 
4 1660 1679 (4880 4096 520 ) (4880 4096 488 ) (4880 3904 488 ) (4880 3904 520 ) 
4 1660 1666 (4880 3416 520 ) (4880 3416 208 ) (4900 3416 208 ) (4900 3416 520 ) 
4 1660 1665 (4900 3416 208 ) (5120 3416 208 ) (5120 3416 520 ) (4900 3416 520 ) 
4 1661 1717 (5120 3264 1408 ) (5120 3264 1920 ) (4880 3264 1920 ) (4880 3264 1408 ) 
4 1661 1674 (4880 3264 760.714783 ) (4880 3264 761.808167 ) (4880 3416 730.350708 ) (4880 3416 728.912476 ) 
4 1661 1672 (4880 3264 704 ) (4880 3264 760.714783 ) (4880 3416 728.912476 ) (4880 3416 704 ) 
4 1661 1671 (4880 3264 761.808167 ) (4880 3264 916 ) (4880 3416 916 ) (4880 3416 730.350708 ) 
4 1661 1667 (4880 3264 916 ) (4880 3264 1920 ) (4880 3416 1920 ) (4880 3416 916 ) 
4 1661 1662 (5120 3264 704 ) (4880 3264 704 ) (4880 3416 704 ) (5120 3416 704 ) 
4 1662 1682 (4880 3264 700 ) (4880 3264 704 ) (4880 3416 704 ) (4880 3416 700 ) 
4 1662 1664 (4900 3264 700 ) (4880 3264 700 ) (4880 3416 700 ) (4900 3416 700 ) 
4 1662 1663 (5120 3264 700 ) (4900 3264 700 ) (4900 3416 700 ) (5120 3416 700 ) 
4 1663 1665 (5120 3264 520 ) (4900 3264 520 ) (4900 3416 520 ) (5120 3416 520 ) 
4 1663 1664 (4900 3416 520 ) (4900 3264 520 ) (4900 3264 700 ) (4900 3416 700 ) 
4 1664 1682 (4880 3264 520 ) (4880 3264 700 ) (4880 3416 700 ) (4880 3416 520 ) 
4 1664 1666 (4900 3264 520 ) (4880 3264 520 ) (4880 3416 520 ) (4900 3416 520 ) 
4 1665 1733 (5120 3264 304 ) (5120 3264 320 ) (4910 3264 320 ) (4910 3264 304 ) 
4 1665 1697 (5120 3264 208 ) (4900 3264 208 ) (4900 3416 208 ) (5120 3416 208 ) 
4 1665 1666 (4900 3264 520 ) (4900 3416 520 ) (4900 3416 208 ) (4900 3264 208 ) 
4 1666 1698 (4900 3264 208 ) (4880 3264 208 ) (4880 3416 208 ) (4900 3416 208 ) 
4 1666 1688 (4880 3416 208 ) (4880 3264 208 ) (4880 3264 352 ) (4880 3416 352 ) 
4 1666 1683 (4880 3264 352 ) (4880 3264 520 ) (4880 3416 520 ) (4880 3416 352 ) 
4 1667 1717 (4880 3264 1408 ) (4880 3264 1920 ) (4608 3264 1920 ) (4608 3264 1408 ) 
4 1667 1715 (4320 3264 1920 ) (4320 3264 916 ) (4416 3264 916 ) (4416 3264 1920 ) 
4 1667 1713 (4416 3264 916 ) (4608 3264 916 ) (4608 3264 1920 ) (4416 3264 1920 ) 
4 1667 1709 (4320 4096 1920 ) (4320 4096 916 ) (4320 3264 916 ) (4320 3264 1920 ) 
4 1667 1676 (4320 3428 916 ) (4320 3888 916 ) (4336 3888 916 ) (4336 3428 916 ) 
4 1667 1677 (4320 3264 916 ) (4320 3428 916 ) (4336 3428 916 ) (4336 3264 916 ) 
4 1667 1671 (4336 3888 916 ) (4880 3888 916 ) (4880 3264 916 ) (4336 3264 916 ) 
4 1667 1670 (4340 3908 916 ) (4880 3908 916 ) (4880 3888 916 ) (4340 3888 916 ) 
4 1667 1668 (4336 4096 916 ) (4880 4096 916 ) (4880 3908 916 ) (4336 3908 916 ) 
4 1668 1678 (4832 4096 704 ) (4880 4096 704 ) (4880 3908 704 ) (4832 3908 704 ) 
4 1668 1670 (4340 3908 704 ) (4880 3908 704 ) (4880 3908 916 ) (4340 3908 916 ) 
4 1668 1669 (4336 4096 704 ) (4336 3908 704 ) (4336 3908 776 ) (4336 4096 776 ) 
4 1669 1709 (4320 4096 776 ) (4320 4096 704 ) (4320 3908 704 ) (4320 3908 776 ) 
4 1670 1678 (4832 3908 704 ) (4880 3908 704 ) (4880 3904 704 ) (4832 3904 704 ) 
4 1670 1671 (4340 3888 704 ) (4880 3888 704 ) (4880 3888 916 ) (4340 3888 916 ) 
4 1671 1715 (4416 3264 916 ) (4336 3264 916 ) (4336 3264 765.045654 ) (4416 3264 764.569519 ) 
4 1671 1713 (4608 3264 916 ) (4416 3264 916 ) (4416 3264 764.569519 ) (4608 3264 763.426880 ) 
4 1671 1676 (4336 3888 916 ) (4336 3888 828 ) (4336 3428 828 ) (4336 3428 916 ) 
4 1671 1677 (4336 3428 731.104736 ) (4336 3264 765.045654 ) (4336 3264 916 ) (4336 3428 916 ) 
4 1671 1675 (4750.810059 3355.499756 743.640076 ) (4750.633789 3264 762.577637 ) (4717.062500 3264 762.777466 ) (4717.569336 3355.099854 743.920715 ) 
4 1671 1674 (4751.179688 3547.027100 704 ) (4880 3543.322754 704 ) (4880 3264 761.807739 ) (4750.633789 3264 762.577637 ) 
4 1671 1673 (4336 3264 765.045288 ) (4336 3558.966309 704 ) (4718.642090 3547.962891 704 ) (4717.062500 3264 762.777466 ) 
4 1672 1715 (4336 3264 704 ) (4416 3264 704 ) (4416 3264 762.630798 ) (4336 3264 762.961182 ) 
4 1672 1713 (4416 3264 704 ) (4608 3264 704 ) (4608 3264 761.837952 ) (4416 3264 762.630798 ) 
4 1672 1684 (4608 3264 704 ) (4336 3264 704 ) (4336 3416 704 ) (4608 3416 704 ) 
4 1672 1682 (4880 3416 704 ) (4880 3264 704 ) (4608 3264 704 ) (4608 3416 704 ) 
4 1672 1677 (4336 3428 704 ) (4336 3264 704 ) (4336 3264 762.961182 ) (4336 3428 728.648010 ) 
4 1672 1675 (4717.072266 3264 761.388428 ) (4750.642090 3264 761.249817 ) (4750.819824 3355.409912 742.123840 ) (4717.580078 3355.006592 742.345398 ) 
4 1672 1674 (4750.642090 3264 761.249817 ) (4880 3264 760.715637 ) (4880 3535.073975 704 ) (4751.174316 3537.616699 704 ) 
4 1672 1673 (4336 3545.811035 704 ) (4336 3264 762.962097 ) (4717.072266 3264 761.388428 ) (4718.602051 3538.259521 704 ) 
4 1673 1715 (4416 3264 764.569519 ) (4336 3264 765.045654 ) (4336 3264 762.961182 ) (4416 3264 762.630798 ) 
4 1673 1713 (4608 3264 763.426880 ) (4416 3264 764.569519 ) (4416 3264 762.630798 ) (4608 3264 761.837952 ) 
4 1673 1677 (4336 3428 728.648010 ) (4336 3264 762.961182 ) (4336 3264 765.045654 ) (4336 3428 731.104736 ) 
4 1673 1675 (4717.073242 3264 761.382568 ) (4717.581055 3355.006104 742.339600 ) (4717.570801 3355.099854 743.920898 ) (4717.063965 3264 762.777649 ) 
4 1674 1675 (4750.820313 3355.409424 742.117249 ) (4750.642578 3264 761.243164 ) (4750.633789 3264 762.577454 ) (4750.810059 3355.499756 743.639893 ) 
4 1676 1709 (4320 3428 828 ) (4320 3428 916 ) (4320 3888 916 ) (4320 3888 828 ) 
4 1676 1677 (4336 3428 828 ) (4336 3428 916 ) (4320 3428 916 ) (4320 3428 828 ) 
4 1677 1715 (4320 3264 916 ) (4320 3264 704 ) (4336 3264 704 ) (4336 3264 916 ) 
4 1677 1709 (4320 3428 704 ) (4320 3264 704 ) (4320 3264 916 ) (4320 3428 916 ) 
4 1677 1684 (4320 3264 704 ) (4320 3416 704 ) (4336 3416 704 ) (4336 3264 704 ) 
4 1678 1679 (4880 3904 520 ) (4832 3904 520 ) (4832 4096 520 ) (4880 4096 520 ) 
4 1679 1680 (4832 4096 488 ) (4880 4096 488 ) (4880 3904 488 ) (4832 3904 488 ) 
4 1680 1686 (4832 4096 352 ) (4880 4096 352 ) (4880 3904 352 ) (4832 3904 352 ) 
4 1682 1721 (4646 3264 520 ) (4698 3264 520 ) (4698 3264 541 ) (4646 3264 541 ) 
4 1682 1720 (4774 3264 520 ) (4826 3264 520 ) (4826 3264 541 ) (4774 3264 541 ) 
4 1682 1719 (4826 3264 670 ) (4779 3264 670 ) (4779 3264 588 ) (4826 3264 588 ) 
4 1682 1718 (4832 3264 670 ) (4826 3264 670 ) (4826 3264 588 ) (4832 3264 588 ) 
4 1682 1684 (4608 3416 704 ) (4608 3416 520 ) (4608 3264 520 ) (4608 3264 704 ) 
4 1682 1683 (4608 3264 520 ) (4608 3416 520 ) (4880 3416 520 ) (4880 3264 520 ) 
4 1683 1724 (4646 3264 352 ) (4698 3264 352 ) (4698 3264 418 ) (4646 3264 418 ) 
4 1683 1723 (4774 3264 352 ) (4826 3264 352 ) (4826 3264 417 ) (4774 3264 417 ) 
4 1683 1721 (4698 3264 520 ) (4646 3264 520 ) (4646 3264 459 ) (4698 3264 459 ) 
4 1683 1720 (4826 3264 520 ) (4774 3264 520 ) (4774 3264 459 ) (4826 3264 459 ) 
4 1683 1688 (4608 3416 352 ) (4880 3416 352 ) (4880 3264 352 ) (4608 3264 352 ) 
4 1683 1685 (4608 3416 520 ) (4608 3416 352 ) (4608 3264 352 ) (4608 3264 520 ) 
4 1684 1715 (4320 3264 704 ) (4320 3264 520 ) (4416 3264 520 ) (4416 3264 704 ) 
4 1684 1713 (4416 3264 520 ) (4608 3264 520 ) (4608 3264 704 ) (4416 3264 704 ) 
4 1684 1709 (4320 3264 520 ) (4320 3264 704 ) (4320 3416 704 ) (4320 3416 520 ) 
4 1684 1685 (4320 3264 520 ) (4320 3416 520 ) (4608 3416 520 ) (4608 3264 520 ) 
4 1685 1727 (4320 3264 459 ) (4320 3264 352 ) (4416 3264 352 ) (4416 3264 459 ) 
4 1685 1726 (4416 3264 352 ) (4608 3264 352 ) (4608 3264 459 ) (4416 3264 459 ) 
4 1685 1716 (4320 3264 520 ) (4320 3264 459 ) (4416 3264 459 ) (4416 3264 520 ) 
4 1685 1714 (4416 3264 459 ) (4608 3264 459 ) (4608 3264 520 ) (4416 3264 520 ) 
4 1685 1710 (4320 3416 352 ) (4320 3264 352 ) (4320 3264 520 ) (4320 3416 520 ) 
4 1685 1689 (4320 3264 352 ) (4320 3416 352 ) (4608 3416 352 ) (4608 3264 352 ) 
4 1686 1690 (4832 4096 208 ) (4880 4096 208 ) (4880 3904 208 ) (4832 3904 208 ) 
4 1688 1734 (4634 3264 320 ) (4608 3264 320 ) (4608 3264 304 ) (4634 3264 304 ) 
4 1688 1724 (4698 3264 352 ) (4646 3264 352 ) (4646 3264 334 ) (4698 3264 334 ) 
4 1688 1723 (4826 3264 352 ) (4774 3264 352 ) (4774 3264 335 ) (4826 3264 335 ) 
4 1688 1703 (4864 3264 208 ) (4608 3264 208 ) (4608 3416 208 ) (4864 3416 208 ) 
4 1688 1701 (4880 3264 208 ) (4864 3264 208 ) (4864 3416 208 ) (4880 3416 208 ) 
4 1688 1689 (4608 3416 352 ) (4608 3416 208 ) (4608 3264 208 ) (4608 3264 352 ) 
4 1689 1730 (4320 3264 320 ) (4320 3264 208 ) (4416 3264 208 ) (4416 3264 320 ) 
4 1689 1728 (4416 3264 208 ) (4608 3264 208 ) (4608 3264 320 ) (4416 3264 320 ) 
4 1689 1727 (4320 3264 352 ) (4320 3264 320 ) (4416 3264 320 ) (4416 3264 352 ) 
4 1689 1726 (4416 3264 320 ) (4608 3264 320 ) (4608 3264 352 ) (4416 3264 352 ) 
4 1689 1710 (4320 3416 208 ) (4320 3264 208 ) (4320 3264 352 ) (4320 3416 352 ) 
4 1689 1707 (4416 3264 208 ) (4320 3264 208 ) (4320 3416 208 ) (4416 3416 208 ) 
4 1689 1705 (4608 3264 208 ) (4416 3264 208 ) (4416 3416 208 ) (4608 3416 208 ) 
4 1690 1692 (5120 3904 144 ) (5120 3904 208 ) (4896 3904 208 ) (4896 3904 144 ) 
4 1690 1691 (5120 3904 144 ) (4832 3904 144 ) (4832 4096 144 ) (5120 4096 144 ) 
4 1691 1693 (4896 3904 16 ) (5120 3904 16 ) (5120 3904 144 ) (4896 3904 144 ) 
4 1692 1694 (4896 3840 208 ) (4896 3840 144 ) (5120 3840 144 ) (5120 3840 208 ) 
4 1692 1693 (5120 3840 144 ) (4896 3840 144 ) (4896 3904 144 ) (5120 3904 144 ) 
4 1693 1695 (4896 3840 144 ) (4896 3840 16 ) (5120 3840 16 ) (5120 3840 144 ) 
4 1694 1698 (4900 3416 208 ) (4896 3416 208 ) (4896 3416 144 ) (4900 3416 144 ) 
4 1694 1697 (5120 3416 144 ) (5120 3416 208 ) (4900 3416 208 ) (4900 3416 144 ) 
4 1694 1695 (5120 3416 144 ) (4896 3416 144 ) (4896 3840 144 ) (5120 3840 144 ) 
4 1695 1700 (4896 3416 16 ) (4900 3416 16 ) (4900 3416 144 ) (4896 3416 144 ) 
4 1695 1699 (4900 3416 16 ) (5120 3416 16 ) (5120 3416 144 ) (4900 3416 144 ) 
4 1695 1696 (4896 3836 16 ) (4896 3788 16 ) (4896 3788 134 ) (4896 3836 134 ) 
4 1697 1699 (5120 3264 144 ) (4900 3264 144 ) (4900 3416 144 ) (5120 3416 144 ) 
4 1697 1698 (4900 3416 208 ) (4900 3416 144 ) (4900 3264 144 ) (4900 3264 208 ) 
4 1698 1701 (4880 3416 208 ) (4880 3416 144 ) (4880 3264 144 ) (4880 3264 208 ) 
4 1698 1700 (4900 3264 144 ) (4880 3264 144 ) (4880 3416 144 ) (4900 3416 144 ) 
4 1699 1700 (4900 3264 144 ) (4900 3416 144 ) (4900 3416 16 ) (4900 3264 16 ) 
4 1700 1702 (4880 3416 144 ) (4880 3416 16 ) (4880 3264 16 ) (4880 3264 144 ) 
4 1701 1703 (4864 3416 208 ) (4864 3416 144 ) (4864 3264 144 ) (4864 3264 208 ) 
4 1701 1702 (4864 3264 144 ) (4864 3416 144 ) (4880 3416 144 ) (4880 3264 144 ) 
4 1702 1704 (4864 3416 144 ) (4864 3416 16 ) (4864 3264 16 ) (4864 3264 144 ) 
4 1703 1705 (4608 3416 208 ) (4608 3416 144 ) (4608 3264 144 ) (4608 3264 208 ) 
4 1703 1704 (4608 3264 144 ) (4608 3416 144 ) (4864 3416 144 ) (4864 3264 144 ) 
4 1704 1706 (4608 3416 144 ) (4608 3416 16 ) (4608 3264 16 ) (4608 3264 144 ) 
4 1705 1729 (4608 3264 208 ) (4416 3264 208 ) (4416 3264 144 ) (4608 3264 144 ) 
4 1705 1707 (4416 3416 208 ) (4416 3416 144 ) (4416 3264 144 ) (4416 3264 208 ) 
4 1705 1706 (4416 3264 144 ) (4416 3416 144 ) (4608 3416 144 ) (4608 3264 144 ) 
4 1706 1729 (4416 3264 144 ) (4416 3264 16 ) (4608 3264 16 ) (4608 3264 144 ) 
4 1706 1708 (4416 3416 144 ) (4416 3416 16 ) (4416 3264 16 ) (4416 3264 144 ) 
4 1707 1731 (4416 3264 208 ) (4320 3264 208 ) (4320 3264 144 ) (4416 3264 144 ) 
4 1707 1711 (4320 3264 144 ) (4320 3264 208 ) (4320 3416 208 ) (4320 3416 144 ) 
4 1707 1708 (4320 3264 144 ) (4320 3416 144 ) (4416 3416 144 ) (4416 3264 144 ) 
4 1708 1732 (4320 3264 144 ) (4320 3264 16 ) (4416 3264 16 ) (4416 3264 144 ) 
4 1708 1712 (4320 3416 16 ) (4320 3264 16 ) (4320 3264 144 ) (4320 3416 144 ) 
4 1709 1794 (4096 3936 520 ) (4096 3264 520 ) (4096 3264 1920 ) (4096 3936 1920 ) 
4 1709 1790 (4096 4096 1920 ) (4096 4096 520 ) (4096 3936 520 ) (4096 3936 1920 ) 
4 1709 1715 (4320 3264 520 ) (4320 3264 1920 ) (4096 3264 1920 ) (4096 3264 520 ) 
4 1709 1710 (4096 4096 520 ) (4320 4096 520 ) (4320 3264 520 ) (4096 3264 520 ) 
4 1710 1801 (4096 3936 208 ) (4096 3264 208 ) (4096 3264 264 ) (4096 3936 264 ) 
4 1710 1797 (4096 4096 264 ) (4096 4096 208 ) (4096 3936 208 ) (4096 3936 264 ) 
4 1710 1795 (4096 3936 264 ) (4096 3264 264 ) (4096 3264 520 ) (4096 3936 520 ) 
4 1710 1792 (4096 4096 456 ) (4096 4096 264 ) (4096 3936 264 ) (4096 3936 456 ) 
4 1710 1791 (4096 4096 520 ) (4096 4096 456 ) (4096 3936 456 ) (4096 3936 520 ) 
4 1710 1730 (4320 3264 208 ) (4320 3264 320 ) (4096 3264 320 ) (4096 3264 208 ) 
4 1710 1727 (4320 3264 320 ) (4320 3264 459 ) (4096 3264 459 ) (4096 3264 320 ) 
4 1710 1716 (4320 3264 459 ) (4320 3264 520 ) (4096 3264 520 ) (4096 3264 459 ) 
4 1710 1711 (4320 4096 208 ) (4320 3264 208 ) (4096 3264 208 ) (4096 4096 208 ) 
4 1711 1802 (4096 3936 144 ) (4096 3264 144 ) (4096 3264 208 ) (4096 3936 208 ) 
4 1711 1799 (4096 4096 208 ) (4096 4096 144 ) (4096 3936 144 ) (4096 3936 208 ) 
4 1711 1731 (4320 3264 144 ) (4320 3264 208 ) (4096 3264 208 ) (4096 3264 144 ) 
4 1711 1712 (4096 4096 144 ) (4320 4096 144 ) (4320 3264 144 ) (4096 3264 144 ) 
4 1712 1805 (4096 3936 16 ) (4096 3264 16 ) (4096 3264 144 ) (4096 3936 144 ) 
4 1712 1803 (4096 4096 144 ) (4096 4096 16 ) (4096 3936 16 ) (4096 3936 144 ) 
4 1712 1732 (4320 3264 16 ) (4320 3264 144 ) (4096 3264 144 ) (4096 3264 16 ) 
4 1713 1747 (4416 3260 1920 ) (4416 3260 520 ) (4604 3260 520 ) (4604 3260 1920 ) 
4 1713 1722 (4604 3260 1920 ) (4604 3260 1408 ) (4608 3264 1408 ) (4608 3264 1920 ) 
4 1713 1715 (4416 3264 1920 ) (4416 3264 520 ) (4416 3260 520 ) (4416 3260 1920 ) 
4 1713 1714 (4608 3264 520 ) (4604 3260 520 ) (4416 3260 520 ) (4416 3264 520 ) 
4 1714 1748 (4416 3260 520 ) (4416 3260 459 ) (4604 3260 459 ) (4604 3260 520 ) 
4 1714 1726 (4604 3260 459 ) (4416 3260 459 ) (4416 3264 459 ) (4608 3264 459 ) 
4 1714 1716 (4416 3264 520 ) (4416 3264 459 ) (4416 3260 459 ) (4416 3260 520 ) 
4 1715 1794 (4096 3260 520 ) (4096 3260 1920 ) (4096 3264 1920 ) (4096 3264 520 ) 
4 1715 1750 (4096 3260 1920 ) (4096 3260 520 ) (4416 3260 520 ) (4416 3260 1920 ) 
4 1715 1716 (4096 3264 520 ) (4416 3264 520 ) (4416 3260 520 ) (4096 3260 520 ) 
4 1716 1795 (4096 3260 459 ) (4096 3260 520 ) (4096 3264 520 ) (4096 3264 459 ) 
4 1716 1751 (4096 3260 520 ) (4096 3260 459 ) (4416 3260 459 ) (4416 3260 520 ) 
4 1716 1727 (4416 3260 459 ) (4096 3260 459 ) (4096 3264 459 ) (4416 3264 459 ) 
4 1717 1735 (5120 3260 1408 ) (5120 3260 1920 ) (4608 3260 1920 ) (4608 3260 1408 ) 
4 1717 1722 (4608 3264 1920 ) (4608 3264 1408 ) (4608 3260 1408 ) (4608 3260 1920 ) 
4 1718 1736 (4832 3260 670 ) (4826 3260 670 ) (4826 3260 588 ) (4832 3260 588 ) 
4 1718 1719 (4826 3260 670 ) (4826 3264 670 ) (4826 3264 588 ) (4826 3260 588 ) 
4 1719 1736 (4826 3260 670 ) (4779 3260 670 ) (4779 3260 588 ) (4826 3260 588 ) 
4 1720 1737 (4774 3260 459 ) (4826 3260 459 ) (4826 3260 541 ) (4774 3260 541 ) 
4 1722 1754 (4604 3260 1920 ) (4604 3260 1408 ) (4608 3260 1408 ) (4608 3260 1920 ) 
4 1723 1740 (4774 3260 417 ) (4774 3260 335 ) (4826 3260 335 ) (4826 3260 417 ) 
4 1724 1725 (4646 3262 334 ) (4698 3262 334 ) (4698 3262 418 ) (4646 3262 418 ) 
4 1725 1743 (4646 3260 418 ) (4646 3260 334 ) (4698 3260 334 ) (4698 3260 418 ) 
4 1726 1748 (4604 3260 459 ) (4416 3260 459 ) (4416 3260 320 ) (4604 3260 320 ) 
4 1726 1728 (4604 3260 320 ) (4416 3260 320 ) (4416 3264 320 ) (4608 3264 320 ) 
4 1726 1727 (4416 3264 320 ) (4416 3260 320 ) (4416 3260 459 ) (4416 3264 459 ) 
4 1727 1795 (4096 3260 320 ) (4096 3260 459 ) (4096 3264 459 ) (4096 3264 320 ) 
4 1727 1751 (4416 3260 459 ) (4096 3260 459 ) (4096 3260 320 ) (4416 3260 320 ) 
4 1727 1730 (4416 3260 320 ) (4096 3260 320 ) (4096 3264 320 ) (4416 3264 320 ) 
4 1728 1748 (4604 3260 320 ) (4416 3260 320 ) (4416 3260 208 ) (4604 3260 208 ) 
4 1728 1730 (4416 3260 208 ) (4416 3260 320 ) (4416 3264 320 ) (4416 3264 208 ) 
4 1728 1729 (4608 3264 208 ) (4604 3260 208 ) (4416 3260 208 ) (4416 3264 208 ) 
4 1729 1749 (4416 3260 208 ) (4416 3260 16 ) (4604 3260 16 ) (4604 3260 208 ) 
4 1729 1731 (4416 3260 144 ) (4416 3260 208 ) (4416 3264 208 ) (4416 3264 144 ) 
4 1729 1732 (4416 3264 16 ) (4416 3260 16 ) (4416 3260 144 ) (4416 3264 144 ) 
4 1730 1801 (4096 3260 208 ) (4096 3260 264 ) (4096 3264 264 ) (4096 3264 208 ) 
4 1730 1795 (4096 3260 264 ) (4096 3260 320 ) (4096 3264 320 ) (4096 3264 264 ) 
4 1730 1751 (4416 3260 320 ) (4096 3260 320 ) (4096 3260 208 ) (4416 3260 208 ) 
4 1730 1731 (4096 3264 208 ) (4416 3264 208 ) (4416 3260 208 ) (4096 3260 208 ) 
4 1731 1802 (4096 3260 144 ) (4096 3260 208 ) (4096 3264 208 ) (4096 3264 144 ) 
4 1731 1752 (4096 3260 208 ) (4096 3260 144 ) (4416 3260 144 ) (4416 3260 208 ) 
4 1731 1732 (4096 3264 144 ) (4416 3264 144 ) (4416 3260 144 ) (4096 3260 144 ) 
4 1732 1805 (4096 3260 16 ) (4096 3260 144 ) (4096 3264 144 ) (4096 3264 16 ) 
4 1732 1753 (4096 3260 144 ) (4096 3260 16 ) (4416 3260 16 ) (4416 3260 144 ) 
4 1733 1745 (5120 3260 304 ) (5120 3260 320 ) (4910 3260 320 ) (4910 3260 304 ) 
4 1734 1746 (4634 3260 320 ) (4608 3260 320 ) (4608 3260 304 ) (4634 3260 304 ) 
4 1735 1755 (5120 3256 1408 ) (5120 3256 1920 ) (4608 3256 1920 ) (4608 3256 1408 ) 
4 1735 1754 (4608 3260 1920 ) (4608 3260 1408 ) (4608 3256 1408 ) (4608 3256 1920 ) 
4 1736 1762 (4832 3256 670 ) (4779 3256 670 ) (4779 3256 588 ) (4832 3256 588 ) 
4 1738 1768 (4826 3256 541 ) (4774 3256 541 ) (4774 3256 459 ) (4826 3256 459 ) 
4 1739 1774 (4696 3256 541 ) (4664 3256 541 ) (4664 3256 459 ) (4696 3256 459 ) 
4 1739 1776 (4664 3256 541 ) (4646 3256 541 ) (4646 3256 459 ) (4664 3256 459 ) 
4 1739 1773 (4698 3256 541 ) (4696 3256 541 ) (4696 3256 459 ) (4698 3256 459 ) 
4 1740 1741 (4774 3259 335 ) (4826 3259 335 ) (4826 3259 417 ) (4774 3259 417 ) 
4 1741 1742 (4774 3257 335 ) (4826 3257 335 ) (4826 3257 417 ) (4774 3257 417 ) 
4 1742 1777 (4774 3256 417 ) (4774 3256 335 ) (4826 3256 335 ) (4826 3256 417 ) 
4 1743 1744 (4646 3258 334 ) (4698 3258 334 ) (4698 3258 418 ) (4646 3258 418 ) 
4 1744 1777 (4646 3256 418 ) (4646 3256 334 ) (4698 3256 334 ) (4698 3256 418 ) 
4 1747 1778 (4600 3256 520 ) (4600 3256 1920 ) (4416 3256 1920 ) (4416 3256 520 ) 
4 1747 1754 (4600 3256 1920 ) (4600 3256 1408 ) (4604 3260 1408 ) (4604 3260 1920 ) 
4 1747 1750 (4416 3260 1920 ) (4416 3260 520 ) (4416 3256 520 ) (4416 3256 1920 ) 
4 1747 1748 (4604 3260 520 ) (4600 3256 520 ) (4416 3256 520 ) (4416 3260 520 ) 
4 1748 1779 (4600 3256 208 ) (4600 3256 520 ) (4416 3256 520 ) (4416 3256 208 ) 
4 1748 1751 (4416 3260 520 ) (4416 3260 208 ) (4416 3256 208 ) (4416 3256 520 ) 
4 1748 1749 (4604 3260 208 ) (4600 3256 208 ) (4416 3256 208 ) (4416 3260 208 ) 
4 1749 1780 (4416 3256 16 ) (4600 3256 16 ) (4600 3256 208 ) (4416 3256 208 ) 
4 1749 1753 (4416 3260 144 ) (4416 3260 16 ) (4416 3256 16 ) (4416 3256 144 ) 
4 1749 1752 (4416 3260 208 ) (4416 3260 144 ) (4416 3256 144 ) (4416 3256 208 ) 
4 1750 1794 (4096 3256 520 ) (4096 3256 1920 ) (4096 3260 1920 ) (4096 3260 520 ) 
4 1750 1781 (4096 3256 1920 ) (4096 3256 520 ) (4416 3256 520 ) (4416 3256 1920 ) 
4 1750 1751 (4096 3260 520 ) (4416 3260 520 ) (4416 3256 520 ) (4096 3256 520 ) 
4 1751 1801 (4096 3256 208 ) (4096 3256 264 ) (4096 3260 264 ) (4096 3260 208 ) 
4 1751 1795 (4096 3256 264 ) (4096 3256 520 ) (4096 3260 520 ) (4096 3260 264 ) 
4 1751 1782 (4096 3256 520 ) (4096 3256 208 ) (4416 3256 208 ) (4416 3256 520 ) 
4 1751 1752 (4096 3260 208 ) (4416 3260 208 ) (4416 3256 208 ) (4096 3256 208 ) 
4 1752 1802 (4096 3256 144 ) (4096 3256 208 ) (4096 3260 208 ) (4096 3260 144 ) 
4 1752 1783 (4096 3256 208 ) (4096 3256 144 ) (4416 3256 144 ) (4416 3256 208 ) 
4 1752 1753 (4096 3260 144 ) (4416 3260 144 ) (4416 3256 144 ) (4096 3256 144 ) 
4 1753 1805 (4096 3256 16 ) (4096 3256 144 ) (4096 3260 144 ) (4096 3260 16 ) 
4 1753 1784 (4096 3256 144 ) (4096 3256 16 ) (4416 3256 16 ) (4416 3256 144 ) 
4 1754 1786 (4608 3256 1408 ) (4608 3256 1920 ) (4600 3256 1920 ) (4600 3256 1408 ) 
4 1755 1813 (5120 3072 1408 ) (5120 3072 1920 ) (4608 3072 1920 ) (4608 3072 1408 ) 
4 1755 1786 (4608 3256 1920 ) (4608 3256 1408 ) (4608 3072 1408 ) (4608 3072 1920 ) 
4 1756 1757 (5082 3216 704 ) (5082 3216 606 ) (5082 3126 606 ) (5082 3126 704 ) 
4 1756 1758 (5082 3216 580 ) (5082 3216 576 ) (5082 3126 576 ) (5082 3126 580 ) 
4 1757 1759 (5080 3216 704 ) (5080 3216 606 ) (5080 3126 606 ) (5080 3126 704 ) 
4 1758 1759 (5080 3216 580 ) (5080 3216 576 ) (5080 3126 576 ) (5080 3126 580 ) 
4 1759 1761 (4988 3214 576 ) (4988 3158 576 ) (4988 3158 680 ) (4988 3214 680 ) 
4 1759 1760 (4988 3126 704 ) (4988 3126 576 ) (5078 3126 576 ) (5078 3126 704 ) 
4 1760 1815 (5078 3072 704 ) (4988 3072 704 ) (4988 3072 576 ) (5078 3072 576 ) 
4 1761 1766 (4980 3214 576 ) (4980 3158 576 ) (4980 3158 680 ) (4980 3214 680 ) 
4 1762 1764 (4888.669922 3255 580.726990 ) (4888.876465 3255 576 ) (4888.876465 3256 576 ) (4888.669922 3256 580.726990 ) 
4 1762 1763 (4883.285156 3255 704 ) (4884.479980 3255 676.644958 ) (4884.479980 3256 676.644958 ) (4883.285156 3256 704 ) 
4 1762 1766 (4740 3255 704 ) (4740 3255 576 ) (4888.876953 3255 576 ) (4883.285645 3255 704 ) 
4 1763 1765 (4980 3255 680.801270 ) (4948.420410 3255 679.427246 ) (4948.420410 3256 679.427246 ) (4980 3256 680.801270 ) 
4 1763 1766 (4980 3255 680.801025 ) (4980 3255 704 ) (4883.285645 3255 704 ) (4884.480469 3255 676.645020 ) 
4 1764 1765 (4952.610352 3255 583.518005 ) (4980 3255 584.713623 ) (4980 3256 584.713623 ) (4952.610352 3256 583.518005 ) 
4 1764 1766 (4888.876953 3255 576 ) (4980 3255 576 ) (4980 3255 584.713623 ) (4888.670410 3255 580.727051 ) 
4 1765 1766 (4980 3255 584.713623 ) (4980 3255 680.801025 ) (4948.420410 3255 679.427002 ) (4952.610352 3255 583.518066 ) 
4 1766 1816 (4980 3072 704 ) (4740 3072 704 ) (4740 3072 576 ) (4980 3072 576 ) 
4 1767 1829 (5064 3072 568 ) (4856 3072 568 ) (4856 3072 440 ) (5064 3072 440 ) 
4 1768 1769 (4728 3152 440 ) (4848 3152 440 ) (4848 3152 568 ) (4728 3152 568 ) 
4 1769 1771 (4728 3096 440 ) (4848 3096 440 ) (4848 3096 568 ) (4728 3096 568 ) 
4 1769 1770 (4728 3152 544 ) (4728 3152 440 ) (4728 3096 440 ) (4728 3096 544 ) 
4 1770 1773 (4720 3152 440 ) (4720 3096 440 ) (4720 3096 544 ) (4720 3152 544 ) 
4 1771 1772 (4756 3088 440 ) (4848 3088 440 ) (4848 3088 568 ) (4756 3088 568 ) 
4 1772 1831 (4848 3072 568 ) (4756 3072 568 ) (4756 3072 440 ) (4848 3072 440 ) 
4 1773 1774 (4696 3256 440 ) (4696 3088 440 ) (4696 3088 568 ) (4696 3256 568 ) 
4 1774 1776 (4664 3256 440 ) (4664 3088 440 ) (4664 3088 568 ) (4664 3256 568 ) 
4 1775 1836 (4696 3072 568 ) (4664 3072 568 ) (4664 3072 440 ) (4696 3072 440 ) 
4 1775 1776 (4664 3080 440 ) (4664 3072 440 ) (4664 3072 568 ) (4664 3080 568 ) 
4 1776 1838 (4664 3072 568 ) (4656 3072 568 ) (4656 3072 440 ) (4664 3072 440 ) 
4 1776 1839 (4656 3072 568 ) (4608 3072 568 ) (4608 3072 440 ) (4656 3072 440 ) 
4 1776 1787 (4608 3256 568 ) (4608 3256 440 ) (4608 3072 440 ) (4608 3072 568 ) 
4 1777 1885 (4788 3072 432 ) (4638 3072 432 ) (4638 3072 304 ) (4788 3072 304 ) 
4 1777 1882 (4812 3072 408 ) (4812 3072 304 ) (4868 3072 304 ) (4868 3072 408 ) 
4 1778 1788 (4494 3150 541 ) (4494 3150 520 ) (4529.995117 3185.995117 520 ) (4529.995117 3185.995117 541 ) 
4 1778 1786 (4600 3256 1408 ) (4600 3256 1920 ) (4416 3072 1920 ) (4416 3072 1408 ) 
4 1778 1781 (4416 3256 1920 ) (4416 3256 520 ) (4416 3072 520 ) (4416 3072 1920 ) 
3 1778 1779 (4600 3256 520 ) (4416 3072 520 ) (4416 3256 520 ) 
4 1779 1788 (4529.995117 3185.995117 520 ) (4494 3150 520 ) (4494 3150 459 ) (4529.995117 3185.995117 459 ) 
4 1779 1782 (4416 3256 520 ) (4416 3256 208 ) (4416 3072 208 ) (4416 3072 520 ) 
3 1779 1780 (4600 3256 208 ) (4416 3072 208 ) (4416 3256 208 ) 
4 1780 1784 (4416 3256 144 ) (4416 3256 16 ) (4416 3072 16 ) (4416 3072 144 ) 
4 1780 1783 (4416 3256 208 ) (4416 3256 144 ) (4416 3072 144 ) (4416 3072 208 ) 
4 1781 1871 (4416 3072 520 ) (4416 3072 568 ) (4096 3072 568 ) (4096 3072 520 ) 
4 1781 1827 (4416 3072 568 ) (4416 3072 576 ) (4096 3072 576 ) (4096 3072 568 ) 
4 1781 1817 (4416 3072 576 ) (4416 3072 704 ) (4096 3072 704 ) (4096 3072 576 ) 
4 1781 1814 (4416 3072 704 ) (4416 3072 1920 ) (4096 3072 1920 ) (4096 3072 704 ) 
4 1781 1794 (4096 3072 520 ) (4096 3072 1920 ) (4096 3256 1920 ) (4096 3256 520 ) 
4 1781 1782 (4096 3256 520 ) (4416 3256 520 ) (4416 3072 520 ) (4096 3072 520 ) 
4 1782 1900 (4416 3072 208 ) (4416 3072 232 ) (4096 3072 232 ) (4096 3072 208 ) 
4 1782 1897 (4416 3072 232 ) (4416 3072 304 ) (4096 3072 304 ) (4096 3072 232 ) 
4 1782 1896 (4416 3072 304 ) (4416 3072 432 ) (4096 3072 432 ) (4096 3072 304 ) 
4 1782 1878 (4416 3072 432 ) (4416 3072 440 ) (4096 3072 440 ) (4096 3072 432 ) 
4 1782 1872 (4416 3072 440 ) (4416 3072 520 ) (4096 3072 520 ) (4096 3072 440 ) 
4 1782 1801 (4096 3072 208 ) (4096 3072 264 ) (4096 3256 264 ) (4096 3256 208 ) 
4 1782 1795 (4096 3072 264 ) (4096 3072 520 ) (4096 3256 520 ) (4096 3256 264 ) 
4 1782 1783 (4096 3256 208 ) (4416 3256 208 ) (4416 3072 208 ) (4096 3072 208 ) 
4 1783 1901 (4416 3072 144 ) (4416 3072 208 ) (4096 3072 208 ) (4096 3072 144 ) 
4 1783 1802 (4096 3072 144 ) (4096 3072 208 ) (4096 3256 208 ) (4096 3256 144 ) 
4 1783 1784 (4096 3256 144 ) (4416 3256 144 ) (4416 3072 144 ) (4096 3072 144 ) 
4 1784 1903 (4416 3072 16 ) (4416 3072 48 ) (4096 3072 48 ) (4096 3072 16 ) 
4 1784 1902 (4416 3072 48 ) (4416 3072 144 ) (4096 3072 144 ) (4096 3072 48 ) 
4 1784 1805 (4096 3072 16 ) (4096 3072 144 ) (4096 3256 144 ) (4096 3256 16 ) 
4 1784 1785 (4256 3072 16 ) (4096 3072 16 ) (4096 3200 16 ) (4256 3200 16 ) 
4 1785 1904 (4256 3072 16 ) (4096 3072 16 ) (4096 3072 8 ) (4256 3072 8 ) 
4 1785 1806 (4096 3072 8 ) (4096 3072 16 ) (4096 3200 16 ) (4096 3200 8 ) 
4 1786 1813 (4608 3072 1408 ) (4608 3072 1920 ) (4424 3072 1920 ) (4424 3072 1408 ) 
4 1787 1864 (4430 3072 568 ) (4423.988281 3072 568 ) (4423.988281 3072 440 ) (4430 3072 440 ) 
4 1787 1862 (4530 3072 568 ) (4430 3072 568 ) (4430 3072 440 ) (4530 3072 440 ) 
4 1787 1861 (4544 3072 568 ) (4530 3072 568 ) (4530 3072 440 ) (4544 3072 440 ) 
4 1787 1839 (4608 3072 440 ) (4608 3072 568 ) (4544 3072 568 ) (4544 3072 440 ) 
4 1787 1789 (4533.986328 3182.004639 541 ) (4533.987305 3182.003418 459 ) (4497.992188 3146.008301 459 ) (4497.991211 3146.009521 541 ) 
4 1788 1789 (4497 3147 459 ) (4532.995605 3182.995361 459 ) (4532.996094 3182.996094 541 ) (4496.996094 3146.996094 541 ) 
4 1790 1808 (3072 4096 1920 ) (3072 4096 520 ) (3072 3936 520 ) (3072 3936 1920 ) 
4 1790 1796 (3360 3936 1920 ) (3072 3936 1920 ) (3072 3936 728 ) (3360 3936 728 ) 
4 1790 1794 (4096 3936 520 ) (4096 3936 1920 ) (3360 3936 1920 ) (3360 3936 520 ) 
4 1790 1791 (4096 3936 520 ) (3072 3936 520 ) (3072 4096 520 ) (4096 4096 520 ) 
4 1791 1809 (3072 4096 520 ) (3072 4096 456 ) (3072 3936 456 ) (3072 3936 520 ) 
4 1791 1795 (4096 3936 456 ) (4096 3936 520 ) (3360 3936 520 ) (3360 3936 456 ) 
4 1791 1793 (3352 3936 456 ) (3072 3936 456 ) (3072 4000 456 ) (3352 4000 456 ) 
4 1791 1792 (4096 3936 456 ) (3352 3936 456 ) (3352 4096 456 ) (4096 4096 456 ) 
4 1792 1797 (3352 4096 264 ) (4096 4096 264 ) (4096 3936 264 ) (3352 3936 264 ) 
4 1792 1795 (3360 3936 264 ) (4096 3936 264 ) (4096 3936 456 ) (3360 3936 456 ) 
4 1792 1793 (3352 4000 264 ) (3352 3936 264 ) (3352 3936 456 ) (3352 4000 456 ) 
4 1793 1810 (3072 4000 264 ) (3072 3936 264 ) (3072 3936 456 ) (3072 4000 456 ) 
4 1793 1798 (3072 3936 264 ) (3072 4000 264 ) (3352 4000 264 ) (3352 3936 264 ) 
4 1794 1922 (4096 3072 520 ) (4096 3072 1920 ) (3360 3072 1920 ) (3360 3072 520 ) 
4 1794 1796 (3360 3936 1920 ) (3360 3936 728 ) (3360 3072 728 ) (3360 3072 1920 ) 
4 1794 1795 (3360 3072 520 ) (3360 3936 520 ) (4096 3936 520 ) (4096 3072 520 ) 
4 1795 1923 (4096 3072 264 ) (4096 3072 520 ) (3360 3072 520 ) (3360 3072 264 ) 
4 1795 1801 (3360 3936 264 ) (4096 3936 264 ) (4096 3072 264 ) (3360 3072 264 ) 
4 1796 1924 (3072 3072 1920 ) (3072 3072 728 ) (3360 3072 728 ) (3360 3072 1920 ) 
4 1796 1812 (3072 3072 728 ) (3072 3072 1920 ) (3072 3936 1920 ) (3072 3936 728 ) 
4 1797 1801 (4096 3936 208 ) (4096 3936 264 ) (3352 3936 264 ) (3352 3936 208 ) 
4 1797 1799 (4096 3936 208 ) (3352 3936 208 ) (3352 4096 208 ) (4096 4096 208 ) 
4 1797 1798 (3352 4000 208 ) (3352 3936 208 ) (3352 3936 264 ) (3352 4000 264 ) 
4 1798 1810 (3072 3936 264 ) (3072 4000 264 ) (3072 4000 208 ) (3072 3936 208 ) 
4 1798 1801 (3352 3936 264 ) (3336 3936 264 ) (3336 3936 208 ) (3352 3936 208 ) 
4 1798 1800 (3352 3936 208 ) (3072 3936 208 ) (3072 4000 208 ) (3352 4000 208 ) 
4 1799 1803 (3352 4096 144 ) (4096 4096 144 ) (4096 3936 144 ) (3352 3936 144 ) 
4 1799 1802 (3352 3936 144 ) (4096 3936 144 ) (4096 3936 208 ) (3352 3936 208 ) 
4 1799 1800 (3352 4000 144 ) (3352 3936 144 ) (3352 3936 208 ) (3352 4000 208 ) 
4 1800 1811 (3072 4000 144 ) (3072 3936 144 ) (3072 3936 208 ) (3072 4000 208 ) 
4 1800 1804 (3072 3936 144 ) (3072 4000 144 ) (3352 4000 144 ) (3352 3936 144 ) 
4 1800 1802 (3336 3936 144 ) (3352 3936 144 ) (3352 3936 208 ) (3336 3936 208 ) 
4 1801 1927 (4096 3072 208 ) (4096 3072 264 ) (3336 3072 264 ) (3336 3072 208 ) 
4 1801 1802 (4096 3072 208 ) (3336 3072 208 ) (3336 3936 208 ) (4096 3936 208 ) 
4 1802 1933 (3392 3072 208 ) (3336 3072 208 ) (3336 3072 144 ) (3392 3072 144 ) 
4 1802 1931 (4096 3072 144 ) (4096 3072 208 ) (3392 3072 208 ) (3392 3072 144 ) 
4 1802 1805 (4096 3072 144 ) (3336 3072 144 ) (3336 3936 144 ) (4096 3936 144 ) 
4 1803 1807 (3488 4096 16 ) (3992 4096 16 ) (3992 3936 16 ) (3488 3936 16 ) 
4 1803 1805 (3352 3936 16 ) (4096 3936 16 ) (4096 3936 144 ) (3352 3936 144 ) 
4 1803 1804 (3352 4000 16 ) (3352 3936 16 ) (3352 3936 144 ) (3352 4000 144 ) 
4 1804 1811 (3072 3936 144 ) (3072 4000 144 ) (3072 4000 16 ) (3072 3936 16 ) 
4 1804 1805 (3336 3936 16 ) (3352 3936 16 ) (3352 3936 144 ) (3336 3936 144 ) 
4 1805 1934 (3392 3072 144 ) (3336 3072 144 ) (3336 3072 16 ) (3392 3072 16 ) 
4 1805 1932 (4096 3072 16 ) (4096 3072 144 ) (3392 3072 144 ) (3392 3072 16 ) 
4 1805 1807 (3992 3072 16 ) (3488 3072 16 ) (3488 3936 16 ) (3992 3936 16 ) 
4 1805 1806 (4096 3072 16 ) (3992 3072 16 ) (3992 3200 16 ) (4096 3200 16 ) 
4 1806 1936 (4096 3072 8 ) (4096 3072 16 ) (3992 3072 16 ) (3992 3072 8 ) 
4 1806 1807 (3992 3200 8 ) (3992 3072 8 ) (3992 3072 16 ) (3992 3200 16 ) 
4 1807 1936 (3992 3072 16 ) (3488 3072 16 ) (3488 3072 8 ) (3992 3072 8 ) 
4 1808 1812 (2816 3936 1920 ) (2816 3936 728 ) (3072 3936 728 ) (3072 3936 1920 ) 
4 1808 1809 (3072 3936 520 ) (2816 3936 520 ) (2816 4096 520 ) (3072 4096 520 ) 
4 1809 1810 (3072 3936 456 ) (2816 3936 456 ) (2816 4000 456 ) (3072 4000 456 ) 
4 1810 1811 (3072 3936 208 ) (2816 3936 208 ) (2816 4000 208 ) (3072 4000 208 ) 
4 1812 1937 (3072 3072 728 ) (3072 3072 1920 ) (2816 3072 1920 ) (2816 3072 728 ) 
4 1813 1906 (4560 2048 1920 ) (4424 2048 1920 ) (4424 2048 1408 ) (4560 2048 1408 ) 
4 1813 1905 (5120 2048 1408 ) (5120 2048 1920 ) (4560 2048 1920 ) (4560 2048 1408 ) 
4 1814 1922 (4096 3072 1920 ) (4096 3072 704 ) (4096 2048 704 ) (4096 2048 1920 ) 
4 1814 1907 (4096 2048 1920 ) (4096 2048 704 ) (4416 2048 704 ) (4416 2048 1920 ) 
4 1814 1826 (4416 2048 704 ) (4096 2048 704 ) (4096 2976 704 ) (4416 2976 704 ) 
4 1814 1817 (4096 2976 704 ) (4096 3072 704 ) (4416 3072 704 ) (4416 2976 704 ) 
4 1816 1818 (4824 2976 576 ) (4880 2976 576 ) (4880 2976 680 ) (4824 2976 680 ) 
4 1817 1922 (4096 3072 704 ) (4096 3072 576 ) (4096 2976 576 ) (4096 2976 704 ) 
4 1817 1827 (4096 2976 576 ) (4096 3072 576 ) (4416 3072 576 ) (4416 2976 576 ) 
4 1817 1826 (4096 2976 576 ) (4416 2976 576 ) (4416 2976 704 ) (4096 2976 704 ) 
4 1818 1819 (4824 2968 576 ) (4880 2968 576 ) (4880 2968 680 ) (4824 2968 680 ) 
4 1819 1823 (4788 2792 576 ) (4844 2792 576 ) (4844 2792 680 ) (4788 2792 680 ) 
4 1819 1821 (4768 2960 576 ) (4768 2800 576 ) (4768 2800 610 ) (4768 2960 610 ) 
4 1819 1820 (4768 2968 704 ) (4768 2968 610 ) (4768 2792 610 ) (4768 2792 704 ) 
4 1820 1821 (4740 2800 610 ) (4740 2960 610 ) (4768 2960 610 ) (4768 2800 610 ) 
4 1822 1824 (4844 2784 576 ) (4844 2656 576 ) (4844 2656 704 ) (4844 2784 704 ) 
4 1823 1824 (4788 2784 680 ) (4788 2784 576 ) (4844 2784 576 ) (4844 2784 680 ) 
4 1824 1825 (4788 2784 576 ) (4788 2656 576 ) (4788 2656 704 ) (4788 2784 704 ) 
4 1826 1922 (4096 2976 576 ) (4096 2048 576 ) (4096 2048 704 ) (4096 2976 704 ) 
4 1826 1907 (4416 2048 704 ) (4096 2048 704 ) (4096 2048 576 ) (4416 2048 576 ) 
4 1826 1827 (4096 2048 576 ) (4096 2976 576 ) (4416 2976 576 ) (4416 2048 576 ) 
4 1827 1922 (4096 3072 576 ) (4096 3072 568 ) (4096 2048 568 ) (4096 2048 576 ) 
4 1827 1907 (4416 2048 576 ) (4096 2048 576 ) (4096 2048 568 ) (4416 2048 568 ) 
4 1827 1871 (4416 2048 568 ) (4096 2048 568 ) (4096 3072 568 ) (4416 3072 568 ) 
4 1829 1844 (4856 2792 440 ) (4909 2792 440 ) (4909 2792 544 ) (4856 2792 544 ) 
4 1829 1830 (4856 3024 440 ) (4856 2792 440 ) (4856 2792 568 ) (4856 3024 568 ) 
4 1830 1844 (4853 2792 440 ) (4856 2792 440 ) (4856 2792 544 ) (4853 2792 544 ) 
4 1830 1835 (4848 2872 440 ) (4848 2792 440 ) (4848 2792 568 ) (4848 2872 568 ) 
4 1830 1833 (4848 2928 440 ) (4848 2872 440 ) (4848 2872 568 ) (4848 2928 568 ) 
4 1830 1832 (4848 3024 440 ) (4848 2928 440 ) (4848 2928 568 ) (4848 3024 568 ) 
4 1832 1833 (4764 2928 440 ) (4848 2928 440 ) (4848 2928 568 ) (4764 2928 568 ) 
4 1833 1835 (4764 2872 440 ) (4848 2872 440 ) (4848 2872 568 ) (4764 2872 568 ) 
4 1833 1834 (4764 2928 544 ) (4764 2928 440 ) (4764 2872 440 ) (4764 2872 544 ) 
4 1834 1837 (4756 2928 440 ) (4756 2872 440 ) (4756 2872 544 ) (4756 2928 544 ) 
4 1836 1838 (4664 3072 440 ) (4664 3016 440 ) (4664 3016 568 ) (4664 3072 568 ) 
4 1837 1840 (4664 2952 440 ) (4664 2824 440 ) (4664 2824 568 ) (4664 2952 568 ) 
4 1838 1839 (4656 3072 440 ) (4656 3016 440 ) (4656 3016 568 ) (4656 3072 568 ) 
4 1839 1861 (4544 3072 440 ) (4544 2952 440 ) (4544 2952 568 ) (4544 3072 568 ) 
4 1839 1842 (4544 2952 568 ) (4544 2952 440 ) (4656 2952 440 ) (4656 2952 568 ) 
4 1840 1841 (4661 2952 568 ) (4661 2952 440 ) (4661 2824 440 ) (4661 2824 568 ) 
4 1841 1842 (4660 2952 568 ) (4660 2952 440 ) (4660 2824 440 ) (4660 2824 568 ) 
4 1842 1861 (4544 2952 440 ) (4544 2824 440 ) (4544 2824 568 ) (4544 2952 568 ) 
4 1842 1843 (4544 2824 568 ) (4544 2824 440 ) (4656 2824 440 ) (4656 2824 568 ) 
4 1843 1861 (4544 2824 440 ) (4544 2792 440 ) (4544 2792 568 ) (4544 2824 568 ) 
4 1843 1845 (4584 2792 440 ) (4640 2792 440 ) (4640 2792 544 ) (4584 2792 544 ) 
4 1844 1846 (4853 2784 440 ) (4909 2784 440 ) (4909 2784 544 ) (4853 2784 544 ) 
4 1845 1848 (4584 2784 440 ) (4640 2784 440 ) (4640 2784 544 ) (4584 2784 544 ) 
4 1846 1850 (4700 2656 440 ) (4796 2656 440 ) (4796 2656 568 ) (4700 2656 568 ) 
4 1846 1849 (4812 2656 440 ) (4936 2656 440 ) (4936 2656 568 ) (4812 2656 568 ) 
4 1846 1847 (4641 2784 568 ) (4641 2784 440 ) (4641 2656 440 ) (4641 2656 568 ) 
4 1847 1848 (4640 2784 568 ) (4640 2784 440 ) (4640 2656 440 ) (4640 2656 568 ) 
4 1848 1866 (4544 2760 440 ) (4544 2680 440 ) (4544 2680 544 ) (4544 2760 544 ) 
4 1848 1853 (4584 2656 440 ) (4640 2656 440 ) (4640 2656 544 ) (4584 2656 544 ) 
4 1849 1855 (4812 2648 440 ) (4936 2648 440 ) (4936 2648 568 ) (4812 2648 568 ) 
4 1850 1851 (4700 2653.229980 568 ) (4700 2653.229980 440 ) (4796 2653.229980 440 ) (4796 2653.229980 568 ) 
4 1851 1852 (4700 2652.229980 568 ) (4700 2652.229980 440 ) (4796 2652.229980 440 ) (4796 2652.229980 568 ) 
4 1852 1856 (4700 2648 440 ) (4796 2648 440 ) (4796 2648 568 ) (4700 2648 568 ) 
4 1853 1860 (4584 2648 440 ) (4640 2648 440 ) (4640 2648 544 ) (4584 2648 544 ) 
4 1856 1858 (4664 2648 568 ) (4664 2648 440 ) (4664 2408 440 ) (4664 2408 568 ) 
4 1857 1859 (4664 2382 440 ) (4664 2326 440 ) (4664 2326 544 ) (4664 2382 544 ) 
4 1858 1860 (4656 2648 568 ) (4656 2648 440 ) (4656 2408 440 ) (4656 2408 568 ) 
4 1859 1860 (4656 2382 440 ) (4656 2326 440 ) (4656 2326 544 ) (4656 2382 544 ) 
4 1861 1862 (4530 3072 440 ) (4530 2792 440 ) (4530 2792 568 ) (4530 3072 568 ) 
4 1862 1864 (4430 3072 440 ) (4430 2792 440 ) (4430 2792 568 ) (4430 3072 568 ) 
4 1863 1874 (4530 2778 440 ) (4530 2760 440 ) (4430 2760 440 ) (4430 2778 440 ) 
4 1863 1869 (4430 2760 440 ) (4530 2760 440 ) (4530 2760 544 ) (4430 2760 544 ) 
4 1863 1865 (4530 2760 544 ) (4530 2760 568 ) (4430 2760 568 ) (4430 2760 544 ) 
4 1865 1870 (4530 2680 568 ) (4430 2680 568 ) (4430 2680 544 ) (4530 2680 544 ) 
4 1865 1869 (4530 2680 544 ) (4430 2680 544 ) (4430 2760 544 ) (4530 2760 544 ) 
4 1866 1867 (4542.190430 2680 440 ) (4542.190430 2680 544 ) (4542.190430 2760 544 ) (4542.190430 2760 440 ) 
4 1867 1868 (4542 2680 440 ) (4542 2680 544 ) (4542 2760 544 ) (4542 2760 440 ) 
4 1868 1869 (4541.190430 2680 440 ) (4541.190430 2680 544 ) (4541.190430 2760 544 ) (4541.190430 2760 440 ) 
4 1869 1874 (4530 2680 440 ) (4430 2680 440 ) (4430 2760 440 ) (4530 2760 440 ) 
4 1869 1870 (4430 2680 440 ) (4530 2680 440 ) (4530 2680 544 ) (4430 2680 544 ) 
4 1870 1874 (4530 2646 440 ) (4430 2646 440 ) (4430 2680 440 ) (4530 2680 440 ) 
4 1871 1922 (4096 3072 568 ) (4096 3072 520 ) (4096 2048 520 ) (4096 2048 568 ) 
4 1871 1907 (4416 2048 568 ) (4096 2048 568 ) (4096 2048 520 ) (4416 2048 520 ) 
4 1871 1872 (4096 2048 520 ) (4096 3072 520 ) (4416 3072 520 ) (4416 2048 520 ) 
4 1872 1923 (4096 3072 520 ) (4096 3072 440 ) (4096 2048 440 ) (4096 2048 520 ) 
4 1872 1908 (4096 2048 520 ) (4096 2048 440 ) (4416 2048 440 ) (4416 2048 520 ) 
4 1872 1878 (4096 2048 440 ) (4096 3072 440 ) (4416 3072 440 ) (4416 2048 440 ) 
4 1873 1890 (4430 2784 432 ) (4530 2784 432 ) (4530 2778 432 ) (4430 2778 432 ) 
4 1873 1875 (4430 2784 440 ) (4430 2784 432 ) (4430 2778 432 ) (4430 2778 440 ) 
4 1873 1874 (4430 2778 440 ) (4430 2778 432 ) (4530 2778 432 ) (4530 2778 440 ) 
4 1874 1894 (4530 2680 432 ) (4530 2646 432 ) (4430 2646 432 ) (4430 2680 432 ) 
4 1874 1891 (4530 2760 432 ) (4530 2680 432 ) (4430 2680 432 ) (4430 2760 432 ) 
4 1874 1890 (4530 2778 432 ) (4530 2760 432 ) (4430 2760 432 ) (4430 2778 432 ) 
4 1874 1877 (4462.022461 2646 432 ) (4530 2646 432 ) (4530 2646 440 ) (4462.022461 2646 440 ) 
4 1874 1876 (4430 2646 432 ) (4462.022461 2646 432 ) (4462.022461 2646 440 ) (4430 2646 440 ) 
4 1874 1875 (4430 2778 432 ) (4430 2646 432 ) (4430 2646 440 ) (4430 2778 440 ) 
4 1875 1894 (4424 2646 432 ) (4424 2680 432 ) (4430 2680 432 ) (4430 2646 432 ) 
4 1875 1891 (4424 2680 432 ) (4424 2760 432 ) (4430 2760 432 ) (4430 2680 432 ) 
4 1875 1890 (4424 2760 432 ) (4424 2784 432 ) (4430 2784 432 ) (4430 2760 432 ) 
4 1875 1876 (4424 2646 440 ) (4424 2646 432 ) (4430 2646 432 ) (4430 2646 440 ) 
3 1876 1894 (4424 2643.770020 432 ) (4424 2646 432 ) (4462.022949 2646 432 ) 
4 1876 1877 (4455.137695 2645.596680 432 ) (4462.015625 2646 432 ) (4462.015625 2646 440 ) (4455.137695 2645.596680 440 ) 
5 1877 1894 (4455.137695 2645.596191 432 ) (4462.022949 2646 432 ) (4530 2646 432 ) (4530 2640 432 ) (4465.820801 2640 432 ) 
4 1878 1923 (4096 3072 440 ) (4096 3072 432 ) (4096 2048 432 ) (4096 2048 440 ) 
4 1878 1908 (4416 2048 440 ) (4096 2048 440 ) (4096 2048 432 ) (4416 2048 432 ) 
4 1878 1896 (4416 2048 432 ) (4096 2048 432 ) (4096 3072 432 ) (4416 3072 432 ) 
4 1879 1881 (4920 3064 432 ) (4920 3064 304 ) (4920 2896 304 ) (4920 2896 432 ) 
4 1880 1881 (4920 2841 304 ) (4920 2840 304 ) (4920 2840 432 ) (4920 2841 432 ) 
4 1881 1883 (4868 3064 304 ) (4868 2840 304 ) (4868 2840 432 ) (4868 3064 432 ) 
4 1882 1884 (4812 3064 304 ) (4830 3064 304 ) (4830 3064 408 ) (4812 3064 408 ) 
4 1882 1883 (4830 3064 304 ) (4868 3064 304 ) (4868 3064 408 ) (4830 3064 408 ) 
4 1883 1884 (4830 3064 432 ) (4830 3064 304 ) (4830 2896 304 ) (4830 2896 432 ) 
4 1885 1887 (4638 2792 304 ) (4694 2792 304 ) (4694 2792 408 ) (4638 2792 408 ) 
4 1885 1886 (4638 2972 304 ) (4638 2792 304 ) (4638 2792 432 ) (4638 2972 432 ) 
4 1887 1888 (4638 2784 304 ) (4694 2784 304 ) (4694 2784 408 ) (4638 2784 408 ) 
4 1888 1889 (4560 2784 432 ) (4560 2784 304 ) (4560 2656 304 ) (4560 2656 432 ) 
4 1889 1892 (4544 2760 304 ) (4544 2680 304 ) (4544 2680 408 ) (4544 2760 408 ) 
4 1890 1893 (4424 2760 408 ) (4424 2760 304 ) (4530 2760 304 ) (4530 2760 408 ) 
4 1890 1891 (4424 2760 432 ) (4424 2760 408 ) (4530 2760 408 ) (4530 2760 432 ) 
4 1891 1894 (4424 2680 432 ) (4424 2680 408 ) (4530 2680 408 ) (4530 2680 432 ) 
4 1891 1893 (4530 2680 408 ) (4424 2680 408 ) (4424 2760 408 ) (4530 2760 408 ) 
4 1892 1893 (4530 2680 304 ) (4530 2680 408 ) (4530 2760 408 ) (4530 2760 304 ) 
4 1893 1894 (4424 2680 408 ) (4424 2680 304 ) (4530 2680 304 ) (4530 2680 408 ) 
4 1895 1896 (4416 3072 304 ) (4416 2784 304 ) (4416 2784 320 ) (4416 3072 320 ) 
4 1896 1923 (4096 3072 432 ) (4096 3072 304 ) (4096 2048 304 ) (4096 2048 432 ) 
4 1896 1908 (4416 2048 432 ) (4096 2048 432 ) (4096 2048 304 ) (4416 2048 304 ) 
4 1896 1897 (4096 2048 304 ) (4096 3072 304 ) (4416 3072 304 ) (4416 2048 304 ) 
4 1897 1928 (4096 2752 232 ) (4096 2048 232 ) (4096 2048 264 ) (4096 2752 264 ) 
4 1897 1927 (4096 3072 264 ) (4096 3072 232 ) (4096 2752 232 ) (4096 2752 264 ) 
4 1897 1923 (4096 3072 304 ) (4096 3072 264 ) (4096 2048 264 ) (4096 2048 304 ) 
4 1897 1908 (4416 2048 304 ) (4096 2048 304 ) (4096 2048 232 ) (4416 2048 232 ) 
4 1897 1900 (4416 2048 232 ) (4096 2048 232 ) (4096 3072 232 ) (4416 3072 232 ) 
4 1898 1899 (4992 2640 48 ) (4992 2573 48 ) (4992 2573 158 ) (4992 2640 158 ) 
4 1900 1928 (4096 2752 208 ) (4096 2048 208 ) (4096 2048 232 ) (4096 2752 232 ) 
4 1900 1927 (4096 3072 232 ) (4096 3072 208 ) (4096 2752 208 ) (4096 2752 232 ) 
4 1900 1908 (4416 2048 232 ) (4096 2048 232 ) (4096 2048 208 ) (4416 2048 208 ) 
4 1900 1901 (4096 3072 208 ) (4416 3072 208 ) (4416 2048 208 ) (4096 2048 208 ) 
4 1901 1931 (4096 3072 208 ) (4096 3072 144 ) (4096 2048 144 ) (4096 2048 208 ) 
4 1901 1909 (4096 2048 208 ) (4096 2048 144 ) (4416 2048 144 ) (4416 2048 208 ) 
4 1901 1902 (4096 2048 144 ) (4096 3072 144 ) (4416 3072 144 ) (4416 2048 144 ) 
4 1902 1932 (4096 3072 144 ) (4096 3072 48 ) (4096 2048 48 ) (4096 2048 144 ) 
4 1902 1910 (4096 2048 144 ) (4096 2048 48 ) (4416 2048 48 ) (4416 2048 144 ) 
4 1902 1903 (4096 2048 48 ) (4096 3072 48 ) (4416 3072 48 ) (4416 2048 48 ) 
4 1903 1932 (4096 3072 48 ) (4096 3072 16 ) (4096 2048 16 ) (4096 2048 48 ) 
4 1903 1910 (4416 2048 48 ) (4096 2048 48 ) (4096 2048 16 ) (4416 2048 16 ) 
4 1903 1904 (4256 2048 16 ) (4096 2048 16 ) (4096 3072 16 ) (4256 3072 16 ) 
4 1904 1936 (4096 3072 16 ) (4096 3072 8 ) (4096 2048 8 ) (4096 2048 16 ) 
4 1904 1911 (4256 2048 8 ) (4256 2048 16 ) (4096 2048 16 ) (4096 2048 8 ) 
4 1905 1912 (5120 1664 1408 ) (5120 1664 1920 ) (4560 1664 1920 ) (4560 1664 1408 ) 
4 1905 1906 (4560 2048 1920 ) (4560 2048 1408 ) (4560 1664 1408 ) (4560 1664 1920 ) 
4 1906 1912 (4560 1664 1408 ) (4560 1664 1920 ) (4424 1664 1920 ) (4424 1664 1408 ) 
4 1907 1948 (4096 1664 520 ) (4096 1664 640 ) (4096 2048 640 ) (4096 2048 520 ) 
4 1907 1947 (4096 1664 640 ) (4096 1664 1920 ) (4096 2048 1920 ) (4096 2048 640 ) 
4 1907 1916 (4096 1664 1920 ) (4096 1664 520 ) (4416 1664 520 ) (4416 1664 1920 ) 
4 1907 1908 (4416 2048 520 ) (4416 1664 520 ) (4096 1664 520 ) (4096 2048 520 ) 
4 1908 1950 (4096 1664 208 ) (4096 1664 224 ) (4096 2048 224 ) (4096 2048 208 ) 
4 1908 1949 (4096 1664 224 ) (4096 1664 520 ) (4096 2048 520 ) (4096 2048 224 ) 
4 1908 1917 (4096 1664 520 ) (4096 1664 208 ) (4416 1664 208 ) (4416 1664 520 ) 
4 1908 1909 (4416 2048 208 ) (4416 1664 208 ) (4096 1664 208 ) (4096 2048 208 ) 
4 1909 1953 (4096 1664 144 ) (4096 1664 208 ) (4096 2048 208 ) (4096 2048 144 ) 
4 1909 1918 (4096 1664 208 ) (4096 1664 144 ) (4416 1664 144 ) (4416 1664 208 ) 
4 1909 1910 (4096 2048 144 ) (4416 2048 144 ) (4416 1664 144 ) (4096 1664 144 ) 
4 1910 1954 (4096 1664 16 ) (4096 1664 144 ) (4096 2048 144 ) (4096 2048 16 ) 
4 1910 1919 (4096 1664 144 ) (4096 1664 16 ) (4416 1664 16 ) (4416 1664 144 ) 
4 1910 1911 (4096 2048 16 ) (4256 2048 16 ) (4256 1728 16 ) (4096 1728 16 ) 
4 1911 1957 (4096 1728 8 ) (4096 1728 16 ) (4096 2048 16 ) (4096 2048 8 ) 
4 1912 2008 (5120 1024 648 ) (5120 1024 1920 ) (4424 1024 1920 ) (4424 1024 648 ) 
4 1912 1913 (5120 1024 648 ) (4424 1024 648 ) (4424 1664 648 ) (5120 1664 648 ) 
4 1913 2009 (5120 1024 208 ) (5120 1024 648 ) (4424 1024 648 ) (4424 1024 208 ) 
4 1913 1914 (4424 1024 208 ) (4424 1664 208 ) (5120 1664 208 ) (5120 1024 208 ) 
4 1914 2010 (5120 1024 144 ) (5120 1024 208 ) (4424 1024 208 ) (4424 1024 144 ) 
4 1914 1915 (5120 1024 144 ) (4424 1024 144 ) (4424 1664 144 ) (5120 1664 144 ) 
4 1915 2011 (5120 1024 16 ) (5120 1024 144 ) (4424 1024 144 ) (4424 1024 16 ) 
4 1915 1920 (5120 1024 16 ) (4424 1024 16 ) (4424 1528 16 ) (5120 1528 16 ) 
4 1916 2014 (4096 1024 1920 ) (4096 1024 520 ) (4416 1024 520 ) (4416 1024 1920 ) 
4 1916 1951 (4096 1024 520 ) (4096 1024 640 ) (4096 1152 640 ) (4096 1152 520 ) 
4 1916 1948 (4096 1152 640 ) (4096 1664 640 ) (4096 1664 520 ) (4096 1152 520 ) 
4 1916 1947 (4096 1024 640 ) (4096 1024 1920 ) (4096 1664 1920 ) (4096 1664 640 ) 
4 1916 1917 (4096 1664 520 ) (4416 1664 520 ) (4416 1024 520 ) (4096 1024 520 ) 
4 1917 2015 (4096 1024 520 ) (4096 1024 208 ) (4416 1024 208 ) (4416 1024 520 ) 
4 1917 1952 (4096 1024 208 ) (4096 1024 520 ) (4096 1152 520 ) (4096 1152 208 ) 
4 1917 1950 (4096 1664 224 ) (4096 1664 208 ) (4096 1152 208 ) (4096 1152 224 ) 
4 1917 1949 (4096 1152 520 ) (4096 1664 520 ) (4096 1664 224 ) (4096 1152 224 ) 
4 1917 1918 (4096 1024 208 ) (4096 1664 208 ) (4416 1664 208 ) (4416 1024 208 ) 
4 1918 2016 (4096 1024 208 ) (4096 1024 144 ) (4416 1024 144 ) (4416 1024 208 ) 
4 1918 1955 (4096 1024 144 ) (4096 1024 208 ) (4096 1152 208 ) (4096 1152 144 ) 
4 1918 1953 (4096 1152 208 ) (4096 1664 208 ) (4096 1664 144 ) (4096 1152 144 ) 
4 1918 1919 (4096 1664 144 ) (4416 1664 144 ) (4416 1024 144 ) (4096 1024 144 ) 
4 1919 2017 (4096 1024 144 ) (4096 1024 16 ) (4416 1024 16 ) (4416 1024 144 ) 
4 1919 1956 (4096 1024 16 ) (4096 1024 144 ) (4096 1152 144 ) (4096 1152 16 ) 
4 1919 1954 (4096 1152 144 ) (4096 1664 144 ) (4096 1664 16 ) (4096 1152 16 ) 
4 1919 1921 (4416 1024 16 ) (4096 1024 16 ) (4096 1528 16 ) (4416 1528 16 ) 
4 1921 1960 (4096 1024 8 ) (4096 1024 16 ) (4096 1528 16 ) (4096 1528 8 ) 
4 1922 1948 (4096 2048 520 ) (4096 2048 640 ) (3360 2048 640 ) (3360 2048 520 ) 
4 1922 1947 (4096 2048 640 ) (4096 2048 1920 ) (3360 2048 1920 ) (3360 2048 640 ) 
4 1922 1925 (3360 2048 520 ) (3360 2048 1920 ) (3360 2752 1920 ) (3360 2752 520 ) 
4 1922 1924 (3360 2752 1920 ) (3360 3072 1920 ) (3360 3072 728 ) (3360 2752 728 ) 
4 1922 1923 (3360 2048 520 ) (3360 3072 520 ) (4096 3072 520 ) (4096 2048 520 ) 
4 1923 1949 (4096 2048 264 ) (4096 2048 520 ) (3360 2048 520 ) (3360 2048 264 ) 
4 1923 1930 (3392 2048 264 ) (3360 2048 264 ) (3360 2432 264 ) (3392 2432 264 ) 
4 1923 1929 (3360 2432 264 ) (3360 2752 264 ) (3392 2752 264 ) (3392 2432 264 ) 
4 1923 1928 (4096 2752 264 ) (4096 2048 264 ) (3392 2048 264 ) (3392 2752 264 ) 
4 1923 1927 (3360 3072 264 ) (4096 3072 264 ) (4096 2752 264 ) (3360 2752 264 ) 
4 1923 1926 (3360 2752 264 ) (3360 2048 264 ) (3360 2048 520 ) (3360 2752 520 ) 
4 1924 1937 (3072 3072 1920 ) (3072 3072 728 ) (3072 2752 728 ) (3072 2752 1920 ) 
4 1924 1925 (3072 2752 1920 ) (3072 2752 728 ) (3360 2752 728 ) (3360 2752 1920 ) 
4 1925 1948 (3072 2048 640 ) (3072 2048 520 ) (3360 2048 520 ) (3360 2048 640 ) 
4 1925 1947 (3072 2048 1920 ) (3072 2048 640 ) (3360 2048 640 ) (3360 2048 1920 ) 
4 1925 1938 (3072 2048 520 ) (3072 2048 1920 ) (3072 2752 1920 ) (3072 2752 520 ) 
4 1925 1926 (3072 2048 520 ) (3072 2752 520 ) (3360 2752 520 ) (3360 2048 520 ) 
4 1926 1949 (3072 2048 520 ) (3072 2048 264 ) (3360 2048 264 ) (3360 2048 520 ) 
4 1926 1939 (3072 2752 264 ) (3072 2048 264 ) (3072 2048 520 ) (3072 2752 520 ) 
4 1926 1930 (3072 2048 264 ) (3072 2432 264 ) (3360 2432 264 ) (3360 2048 264 ) 
4 1926 1929 (3072 2432 264 ) (3072 2752 264 ) (3360 2752 264 ) (3360 2432 264 ) 
4 1927 1933 (3336 3072 208 ) (3392 3072 208 ) (3392 2752 208 ) (3336 2752 208 ) 
4 1927 1931 (3392 3072 208 ) (4096 3072 208 ) (4096 2752 208 ) (3392 2752 208 ) 
4 1927 1929 (3336 2752 208 ) (3392 2752 208 ) (3392 2752 264 ) (3336 2752 264 ) 
4 1927 1928 (3392 2752 208 ) (4096 2752 208 ) (4096 2752 264 ) (3392 2752 264 ) 
4 1928 1950 (4096 2048 208 ) (4096 2048 224 ) (3392 2048 224 ) (3392 2048 208 ) 
4 1928 1949 (4096 2048 224 ) (4096 2048 264 ) (3392 2048 264 ) (3392 2048 224 ) 
4 1928 1931 (4096 2048 208 ) (3392 2048 208 ) (3392 2752 208 ) (4096 2752 208 ) 
4 1928 1930 (3392 2048 224 ) (3392 2048 264 ) (3392 2432 264 ) (3392 2432 224 ) 
4 1928 1929 (3392 2752 264 ) (3392 2752 208 ) (3392 2432 208 ) (3392 2432 264 ) 
4 1929 1942 (3072 2752 208 ) (3072 2432 208 ) (3072 2432 224 ) (3072 2752 224 ) 
4 1929 1939 (3072 2432 224 ) (3072 2432 264 ) (3072 2752 264 ) (3072 2752 224 ) 
4 1929 1935 (3072 2432 208 ) (3072 2752 208 ) (3336 2752 208 ) (3336 2432 208 ) 
4 1929 1933 (3336 2752 208 ) (3392 2752 208 ) (3392 2432 208 ) (3336 2432 208 ) 
4 1929 1930 (3392 2432 224 ) (3392 2432 264 ) (3072 2432 264 ) (3072 2432 224 ) 
4 1930 1949 (3392 2048 264 ) (3072 2048 264 ) (3072 2048 224 ) (3392 2048 224 ) 
4 1930 1939 (3072 2048 224 ) (3072 2048 264 ) (3072 2432 264 ) (3072 2432 224 ) 
4 1931 1953 (4096 2048 144 ) (4096 2048 208 ) (3392 2048 208 ) (3392 2048 144 ) 
4 1931 1933 (3392 2432 208 ) (3392 3072 208 ) (3392 3072 144 ) (3392 2432 144 ) 
4 1931 1932 (3392 2048 144 ) (3392 3072 144 ) (4096 3072 144 ) (4096 2048 144 ) 
4 1932 1954 (4096 2048 16 ) (4096 2048 144 ) (3392 2048 144 ) (3392 2048 16 ) 
4 1932 1936 (4096 2048 16 ) (3488 2048 16 ) (3488 3072 16 ) (4096 3072 16 ) 
4 1932 1934 (3392 3072 16 ) (3392 2432 16 ) (3392 2432 144 ) (3392 3072 144 ) 
4 1933 1935 (3336 2432 208 ) (3336 2752 208 ) (3336 2752 144 ) (3336 2432 144 ) 
4 1933 1934 (3336 2432 144 ) (3336 3072 144 ) (3392 3072 144 ) (3392 2432 144 ) 
4 1934 1935 (3336 2752 16 ) (3336 2432 16 ) (3336 2432 144 ) (3336 2752 144 ) 
4 1935 1943 (3072 2752 16 ) (3072 2432 16 ) (3072 2432 208 ) (3072 2752 208 ) 
4 1936 1958 (4000 2048 16 ) (3992 2048 16 ) (3992 2048 8 ) (4000 2048 8 ) 
4 1936 1959 (3992 2048 16 ) (3488 2048 16 ) (3488 2048 8 ) (3992 2048 8 ) 
4 1936 1957 (4096 2048 8 ) (4096 2048 16 ) (4000 2048 16 ) (4000 2048 8 ) 
4 1937 1938 (3072 2752 728 ) (3072 2752 1920 ) (2816 2752 1920 ) (2816 2752 728 ) 
4 1938 1965 (3072 2048 520 ) (3072 2048 640 ) (2704 2048 640 ) (2704 2048 520 ) 
4 1938 1963 (3072 2048 640 ) (3072 2048 1920 ) (2704 2048 1920 ) (2704 2048 640 ) 
4 1938 1940 (2704 2176 1920 ) (2704 2752 1920 ) (2704 2752 520 ) (2704 2176 520 ) 
4 1938 1939 (2704 2048 520 ) (2704 2752 520 ) (3072 2752 520 ) (3072 2048 520 ) 
4 1939 1966 (3072 2048 224 ) (3072 2048 520 ) (2704 2048 520 ) (2704 2048 224 ) 
4 1939 1942 (2704 2752 224 ) (3072 2752 224 ) (3072 2432 224 ) (2704 2432 224 ) 
4 1939 1941 (2704 2752 224 ) (2704 2176 224 ) (2704 2176 520 ) (2704 2752 520 ) 
4 1940 1944 (2688 2752 1920 ) (2688 2752 520 ) (2688 2176 520 ) (2688 2176 1920 ) 
4 1940 1941 (2688 2176 520 ) (2688 2752 520 ) (2704 2752 520 ) (2704 2176 520 ) 
4 1941 1945 (2688 2752 520 ) (2688 2752 224 ) (2688 2176 224 ) (2688 2176 520 ) 
4 1941 1942 (2688 2432 224 ) (2688 2752 224 ) (2704 2752 224 ) (2704 2432 224 ) 
4 1942 1945 (2688 2752 224 ) (2688 2752 208 ) (2688 2432 208 ) (2688 2432 224 ) 
4 1942 1943 (2688 2432 208 ) (2688 2752 208 ) (3072 2752 208 ) (3072 2432 208 ) 
4 1943 1946 (2688 2752 208 ) (2688 2752 16 ) (2688 2432 16 ) (2688 2432 208 ) 
4 1944 1945 (2560 2176 520 ) (2560 2752 520 ) (2688 2752 520 ) (2688 2176 520 ) 
4 1945 1946 (2560 2176 208 ) (2560 2752 208 ) (2688 2752 208 ) (2688 2176 208 ) 
4 1947 2024 (3328 1024 1920 ) (3072 1024 1920 ) (3072 1024 640 ) (3328 1024 640 ) 
4 1947 2020 (4096 1024 640 ) (4096 1024 776 ) (3328 1024 776 ) (3328 1024 640 ) 
4 1947 2019 (4096 1024 776 ) (4096 1024 1920 ) (3328 1024 1920 ) (3328 1024 776 ) 
4 1947 1964 (3072 1408 640 ) (3072 1024 640 ) (3072 1024 1920 ) (3072 1408 1920 ) 
4 1947 1963 (3072 2048 1920 ) (3072 2048 640 ) (3072 1408 640 ) (3072 1408 1920 ) 
4 1947 1951 (4096 1152 640 ) (4096 1024 640 ) (3328 1024 640 ) (3328 1152 640 ) 
4 1947 1948 (3072 2048 640 ) (4096 2048 640 ) (4096 1152 640 ) (3072 1152 640 ) 
4 1948 1967 (3072 1408 520 ) (3072 1152 520 ) (3072 1152 640 ) (3072 1408 640 ) 
4 1948 1965 (3072 2048 640 ) (3072 2048 520 ) (3072 1408 520 ) (3072 1408 640 ) 
4 1948 1951 (4096 1152 520 ) (4096 1152 640 ) (3328 1152 640 ) (3328 1152 520 ) 
4 1948 1949 (4096 1152 520 ) (3072 1152 520 ) (3072 2048 520 ) (4096 2048 520 ) 
4 1949 1968 (3072 1408 224 ) (3072 1152 224 ) (3072 1152 520 ) (3072 1408 520 ) 
4 1949 1966 (3072 2048 520 ) (3072 2048 224 ) (3072 1408 224 ) (3072 1408 520 ) 
4 1949 1952 (4096 1152 224 ) (4096 1152 520 ) (3328 1152 520 ) (3328 1152 224 ) 
4 1949 1950 (4096 1152 224 ) (3392 1152 224 ) (3392 2048 224 ) (4096 2048 224 ) 
4 1950 1953 (3392 2048 208 ) (4096 2048 208 ) (4096 1152 208 ) (3392 1152 208 ) 
4 1950 1952 (3392 1152 208 ) (4096 1152 208 ) (4096 1152 224 ) (3392 1152 224 ) 
4 1951 2020 (4096 1024 520 ) (4096 1024 640 ) (3328 1024 640 ) (3328 1024 520 ) 
4 1951 1952 (3328 1152 520 ) (4096 1152 520 ) (4096 1024 520 ) (3328 1024 520 ) 
4 1952 2021 (4096 1024 208 ) (4096 1024 520 ) (3328 1024 520 ) (3328 1024 208 ) 
4 1952 1955 (4096 1024 208 ) (3328 1024 208 ) (3328 1152 208 ) (4096 1152 208 ) 
4 1953 1955 (4096 1152 144 ) (4096 1152 208 ) (3392 1152 208 ) (3392 1152 144 ) 
4 1953 1954 (4096 1152 144 ) (3392 1152 144 ) (3392 2048 144 ) (4096 2048 144 ) 
4 1954 1961 (4000 1152 16 ) (3392 1152 16 ) (3392 1536 16 ) (4000 1536 16 ) 
4 1954 1960 (4096 1528 16 ) (4096 1152 16 ) (4000 1152 16 ) (4000 1528 16 ) 
4 1954 1958 (3992 2048 16 ) (4000 2048 16 ) (4000 1792 16 ) (3992 1792 16 ) 
4 1954 1959 (3488 2048 16 ) (3992 2048 16 ) (3992 1536 16 ) (3488 1536 16 ) 
4 1954 1957 (4000 2048 16 ) (4096 2048 16 ) (4096 1728 16 ) (4000 1728 16 ) 
4 1954 1956 (3392 1152 16 ) (4096 1152 16 ) (4096 1152 144 ) (3392 1152 144 ) 
4 1955 2022 (4096 1024 144 ) (4096 1024 208 ) (3328 1024 208 ) (3328 1024 144 ) 
4 1955 1956 (3328 1024 144 ) (3328 1152 144 ) (4096 1152 144 ) (4096 1024 144 ) 
4 1956 2023 (4096 1024 16 ) (4096 1024 144 ) (3328 1024 144 ) (3328 1024 16 ) 
4 1956 1962 (3392 1024 16 ) (3360 1024 16 ) (3360 1152 16 ) (3392 1152 16 ) 
4 1956 1961 (4000 1024 16 ) (3392 1024 16 ) (3392 1152 16 ) (4000 1152 16 ) 
4 1956 1960 (4096 1152 16 ) (4096 1024 16 ) (4000 1024 16 ) (4000 1152 16 ) 
4 1957 1958 (4000 2048 8 ) (4000 1792 8 ) (4000 1792 16 ) (4000 2048 16 ) 
4 1958 1959 (3992 2048 8 ) (3992 1792 8 ) (3992 1792 16 ) (3992 2048 16 ) 
4 1959 1961 (3488 1536 8 ) (3992 1536 8 ) (3992 1536 16 ) (3488 1536 16 ) 
4 1960 1961 (4000 1528 8 ) (4000 1024 8 ) (4000 1024 16 ) (4000 1528 16 ) 
4 1961 2025 (4000 1024 16 ) (3392 1024 16 ) (3392 1024 8 ) (4000 1024 8 ) 
4 1961 1962 (3392 1152 8 ) (3392 1024 8 ) (3392 1024 16 ) (3392 1152 16 ) 
4 1962 2025 (3392 1024 16 ) (3360 1024 16 ) (3360 1024 8 ) (3392 1024 8 ) 
4 1963 1965 (3072 2048 640 ) (3072 1408 640 ) (2704 1408 640 ) (2704 2048 640 ) 
4 1963 1964 (2824 1408 640 ) (3072 1408 640 ) (3072 1408 1920 ) (2824 1408 1920 ) 
4 1964 2026 (3072 1024 640 ) (3072 1024 1920 ) (2824 1024 1920 ) (2824 1024 640 ) 
4 1964 1967 (3072 1408 640 ) (3072 1152 640 ) (2824 1152 640 ) (2824 1408 640 ) 
4 1965 1967 (3072 1408 520 ) (3072 1408 640 ) (2824 1408 640 ) (2824 1408 520 ) 
4 1965 1966 (3072 1408 520 ) (2704 1408 520 ) (2704 2048 520 ) (3072 2048 520 ) 
4 1966 1968 (2824 1408 224 ) (3072 1408 224 ) (3072 1408 520 ) (2824 1408 520 ) 
4 1967 1968 (2824 1408 520 ) (3072 1408 520 ) (3072 1152 520 ) (2824 1152 520 ) 
4 1969 1970 (6528 1024 1408 ) (6528 1024 1120 ) (6528 768 1120 ) (6528 768 1408 ) 
4 1970 1972 (6528 768 1056 ) (6516 768 1056 ) (6516 1024 1056 ) (6528 1024 1056 ) 
4 1970 1971 (6516 1024 1056 ) (6516 768 1056 ) (6516 768 1408 ) (6516 1024 1408 ) 
4 1971 1983 (6144 1024 1408 ) (6144 1024 1056 ) (6144 768 1056 ) (6144 768 1408 ) 
4 1971 1973 (6516 768 1056 ) (6144 768 1056 ) (6144 1024 1056 ) (6516 1024 1056 ) 
4 1972 1974 (6528 768 800 ) (6516 768 800 ) (6516 1024 800 ) (6528 1024 800 ) 
4 1972 1973 (6516 1024 800 ) (6516 768 800 ) (6516 768 1056 ) (6516 1024 1056 ) 
4 1973 1984 (6144 1024 1056 ) (6144 1024 800 ) (6144 768 800 ) (6144 768 1056 ) 
4 1973 1975 (6516 768 800 ) (6144 768 800 ) (6144 1024 800 ) (6516 1024 800 ) 
4 1974 1976 (6528 768 648 ) (6516 768 648 ) (6516 1024 648 ) (6528 1024 648 ) 
4 1974 1975 (6516 1024 648 ) (6516 768 648 ) (6516 768 800 ) (6516 1024 800 ) 
4 1975 1985 (6144 1024 800 ) (6144 1024 648 ) (6144 768 648 ) (6144 768 800 ) 
4 1975 1977 (6516 768 648 ) (6144 768 648 ) (6144 1024 648 ) (6516 1024 648 ) 
4 1976 1978 (6528 768 520 ) (6516 768 520 ) (6516 1024 520 ) (6528 1024 520 ) 
4 1976 1977 (6516 1024 520 ) (6516 768 520 ) (6516 768 648 ) (6516 1024 648 ) 
4 1977 1986 (6144 1024 648 ) (6144 1024 520 ) (6144 768 520 ) (6144 768 648 ) 
4 1977 1979 (6516 768 520 ) (6144 768 520 ) (6144 1024 520 ) (6516 1024 520 ) 
4 1978 1980 (6528 768 208 ) (6516 768 208 ) (6516 1024 208 ) (6528 1024 208 ) 
4 1978 1979 (6516 1024 208 ) (6516 768 208 ) (6516 768 520 ) (6516 1024 520 ) 
4 1979 1987 (6144 1024 520 ) (6144 1024 208 ) (6144 768 208 ) (6144 768 520 ) 
4 1979 1980 (6516 768 208 ) (6144 768 208 ) (6144 1024 208 ) (6516 1024 208 ) 
4 1980 1988 (6144 1024 208 ) (6144 1024 144 ) (6144 768 144 ) (6144 768 208 ) 
4 1980 1981 (6528 768 144 ) (6144 768 144 ) (6144 1024 144 ) (6528 1024 144 ) 
4 1981 1989 (6144 1024 144 ) (6144 1024 16 ) (6144 768 16 ) (6144 768 144 ) 
4 1981 1982 (6144 896 16 ) (6144 1024 16 ) (6528 1024 16 ) (6528 896 16 ) 
4 1982 2003 (6144 1024 16 ) (6144 1024 8 ) (6144 896 8 ) (6144 896 16 ) 
4 1983 1990 (5760 1024 1408 ) (5760 1024 1056 ) (5760 768 1056 ) (5760 768 1408 ) 
4 1983 1984 (6144 768 1056 ) (5760 768 1056 ) (5760 1024 1056 ) (6144 1024 1056 ) 
4 1984 1990 (5760 1024 1056 ) (5760 1024 800 ) (5760 768 800 ) (5760 768 1056 ) 
4 1984 1985 (6144 768 800 ) (5760 768 800 ) (5760 1024 800 ) (6144 1024 800 ) 
4 1985 1990 (5760 1024 800 ) (5760 1024 648 ) (5760 768 648 ) (5760 768 800 ) 
4 1985 1986 (6144 768 648 ) (5760 768 648 ) (5760 1024 648 ) (6144 1024 648 ) 
4 1986 1992 (5760 1024 528 ) (5760 1024 520 ) (5760 768 520 ) (5760 768 528 ) 
4 1986 1991 (5760 1024 648 ) (5760 1024 528 ) (5760 768 528 ) (5760 768 648 ) 
4 1986 1987 (6144 768 520 ) (5760 768 520 ) (5760 1024 520 ) (6144 1024 520 ) 
4 1987 1992 (5760 1024 520 ) (5760 1024 208 ) (5760 768 208 ) (5760 768 520 ) 
4 1987 1988 (6144 768 208 ) (5760 768 208 ) (5760 1024 208 ) (6144 1024 208 ) 
4 1988 1994 (5760 1024 208 ) (5760 1024 144 ) (5760 768 144 ) (5760 768 208 ) 
4 1988 1989 (6144 768 144 ) (5760 768 144 ) (5760 1024 144 ) (6144 1024 144 ) 
4 1989 2003 (5888 1024 16 ) (6144 1024 16 ) (6144 896 16 ) (5888 896 16 ) 
4 1989 1996 (5760 1024 144 ) (5760 1024 16 ) (5760 768 16 ) (5760 768 144 ) 
4 1990 2012 (5120 832 648 ) (5120 768 648 ) (5120 768 1920 ) (5120 832 1920 ) 
4 1990 2008 (5120 1024 1920 ) (5120 1024 648 ) (5120 832 648 ) (5120 832 1920 ) 
4 1990 2001 (5168 768 1920 ) (5120 768 1920 ) (5120 768 648 ) (5168 768 648 ) 
4 1990 1999 (5248 768 1920 ) (5168 768 1920 ) (5168 768 648 ) (5248 768 648 ) 
4 1990 1998 (5760 768 1408 ) (5760 768 1920 ) (5248 768 1920 ) (5248 768 1408 ) 
4 1990 1991 (5760 768 648 ) (5120 768 648 ) (5120 1024 648 ) (5760 1024 648 ) 
4 1991 2013 (5120 832 528 ) (5120 768 528 ) (5120 768 648 ) (5120 832 648 ) 
4 1991 2009 (5120 1024 648 ) (5120 1024 528 ) (5120 832 528 ) (5120 832 648 ) 
4 1991 2001 (5168 768 648 ) (5120 768 648 ) (5120 768 528 ) (5168 768 528 ) 
4 1991 1999 (5248 768 648 ) (5168 768 648 ) (5168 768 528 ) (5248 768 528 ) 
4 1991 1993 (5120 832 528 ) (5120 1024 528 ) (5168 1024 528 ) (5168 832 528 ) 
4 1991 1992 (5760 768 528 ) (5168 768 528 ) (5168 1024 528 ) (5760 1024 528 ) 
4 1992 1999 (5248 768 528 ) (5168 768 528 ) (5168 768 208 ) (5248 768 208 ) 
4 1992 1994 (5760 768 208 ) (5168 768 208 ) (5168 1024 208 ) (5760 1024 208 ) 
4 1992 1993 (5168 1024 208 ) (5168 832 208 ) (5168 832 528 ) (5168 1024 528 ) 
4 1993 2009 (5120 1024 528 ) (5120 1024 208 ) (5120 832 208 ) (5120 832 528 ) 
4 1993 1995 (5120 832 208 ) (5120 1024 208 ) (5168 1024 208 ) (5168 832 208 ) 
4 1994 2000 (5248 768 208 ) (5168 768 208 ) (5168 768 144 ) (5248 768 144 ) 
4 1994 1996 (5760 768 144 ) (5168 768 144 ) (5168 1024 144 ) (5760 1024 144 ) 
4 1994 1995 (5168 1024 144 ) (5168 832 144 ) (5168 832 208 ) (5168 1024 208 ) 
4 1995 2010 (5120 1024 208 ) (5120 1024 144 ) (5120 832 144 ) (5120 832 208 ) 
4 1995 1997 (5120 832 144 ) (5120 1024 144 ) (5168 1024 144 ) (5168 832 144 ) 
4 1996 2002 (5168 768 16 ) (5248 768 16 ) (5248 768 144 ) (5168 768 144 ) 
4 1996 1997 (5168 1024 16 ) (5168 832 16 ) (5168 832 144 ) (5168 1024 144 ) 
4 1997 2011 (5120 1024 144 ) (5120 1024 16 ) (5120 832 16 ) (5120 832 144 ) 
4 1998 2004 (5248 0 1920 ) (5248 0 1408 ) (5760 0 1408 ) (5760 0 1920 ) 
4 1998 1999 (5248 768 1920 ) (5248 768 1408 ) (5248 0 1408 ) (5248 0 1920 ) 
4 1999 2005 (5168 0 1920 ) (5168 0 208 ) (5248 0 208 ) (5248 0 1920 ) 
4 1999 2001 (5168 768 1920 ) (5168 768 528 ) (5168 0 528 ) (5168 0 1920 ) 
4 1999 2000 (5168 0 208 ) (5168 768 208 ) (5248 768 208 ) (5248 0 208 ) 
4 2000 2006 (5168 0 208 ) (5168 0 144 ) (5248 0 144 ) (5248 0 208 ) 
4 2000 2002 (5168 768 144 ) (5248 768 144 ) (5248 0 144 ) (5168 0 144 ) 
4 2001 2013 (5120 0 528 ) (5120 0 648 ) (5120 768 648 ) (5120 768 528 ) 
4 2001 2012 (5120 0 648 ) (5120 0 1920 ) (5120 768 1920 ) (5120 768 648 ) 
4 2002 2007 (5168 0 16 ) (5248 0 16 ) (5248 0 144 ) (5168 0 144 ) 
4 2004 2005 (5248 -192 1408 ) (5248 -192 1920 ) (5248 0 1920 ) (5248 0 1408 ) 
4 2005 2006 (5168 -192 208 ) (5168 0 208 ) (5248 0 208 ) (5248 -192 208 ) 
4 2006 2007 (5168 -192 144 ) (5168 0 144 ) (5248 0 144 ) (5248 -192 144 ) 
4 2008 2012 (4424 832 1920 ) (4424 832 648 ) (5120 832 648 ) (5120 832 1920 ) 
4 2008 2009 (5120 832 648 ) (4424 832 648 ) (4424 1024 648 ) (5120 1024 648 ) 
4 2009 2013 (4424 832 648 ) (4424 832 528 ) (5120 832 528 ) (5120 832 648 ) 
4 2009 2010 (5120 832 208 ) (4424 832 208 ) (4424 1024 208 ) (5120 1024 208 ) 
4 2010 2011 (5120 832 144 ) (4424 832 144 ) (4424 1024 144 ) (5120 1024 144 ) 
4 2012 2013 (4424 0 648 ) (4424 832 648 ) (5120 832 648 ) (5120 0 648 ) 
4 2014 2020 (4096 768 520 ) (4096 768 776 ) (4096 1024 776 ) (4096 1024 520 ) 
4 2014 2019 (4096 768 776 ) (4096 768 1920 ) (4096 1024 1920 ) (4096 1024 776 ) 
4 2014 2018 (4416 768 776 ) (4416 768 1920 ) (4096 768 1920 ) (4096 768 776 ) 
4 2014 2015 (4416 768 520 ) (4096 768 520 ) (4096 1024 520 ) (4416 1024 520 ) 
4 2015 2021 (4096 768 208 ) (4096 768 520 ) (4096 1024 520 ) (4096 1024 208 ) 
4 2015 2016 (4416 768 208 ) (4096 768 208 ) (4096 1024 208 ) (4416 1024 208 ) 
4 2016 2022 (4096 768 144 ) (4096 768 208 ) (4096 1024 208 ) (4096 1024 144 ) 
4 2016 2017 (4416 768 144 ) (4096 768 144 ) (4096 1024 144 ) (4416 1024 144 ) 
4 2017 2023 (4096 768 16 ) (4096 768 144 ) (4096 1024 144 ) (4096 1024 16 ) 
4 2018 2019 (4096 0 776 ) (4096 0 1920 ) (4096 768 1920 ) (4096 768 776 ) 
4 2019 2024 (3328 512 1920 ) (3328 1024 1920 ) (3328 1024 776 ) (3328 512 776 ) 
4 2019 2020 (3328 768 776 ) (3328 1024 776 ) (4096 1024 776 ) (4096 768 776 ) 
4 2020 2024 (3328 768 640 ) (3328 768 776 ) (3328 1024 776 ) (3328 1024 640 ) 
4 2020 2021 (4096 768 520 ) (3328 768 520 ) (3328 1024 520 ) (4096 1024 520 ) 
4 2021 2022 (4096 768 208 ) (3328 768 208 ) (3328 1024 208 ) (4096 1024 208 ) 
4 2022 2023 (4096 768 144 ) (3328 768 144 ) (3328 1024 144 ) (4096 1024 144 ) 
4 2023 2025 (3360 1024 16 ) (4000 1024 16 ) (4000 896 16 ) (3360 896 16 ) 
4 2024 2026 (3072 512 1920 ) (3072 1024 1920 ) (3072 1024 640 ) (3072 512 640 ) 
