


Using shader api: shaderapiempty.dll
materialPath: D:\programfile\steam\steamapps\common\left 4 dead 2\left4dead2\materials
Loading c:\users\rtaab\documents\hammer\reverse_dead_air\r_c11m2_offices.vmf
Can't find surfaceprop cloth for material METAL/CUBICLE01, using default
fixing up env_cubemap materials on brush sides...
0...1...2...3...4...5...6...7...8...9...100...1...2...3...4...5...6...7...8...9...10
FindPortalSide: Couldn't find a good match for which brush to assign to a portal near (4516.0 3164.0 449.5)
Leaf 0 contents: CONTENTS_SOLID 
Leaf 1 contents: 
viscontents (node 0 contents ^ node 1 contents): CONTENTS_SOLID 
This means that none of the brushes in leaf 0 or 1 that touches the portal has CONTENTS_SOLID 
Check for a huge brush enclosing the coordinates above that has contents CONTENTS_SOLID 
Candidate brush IDs: Brush 6202: Brush 6228: Brush 6234: Brush 6240: 

Processing areas...done (0)
Building Faces...done (0)
Occluder "" straddles multiple areas. This is invalid!
Occluder "" straddles multiple areas. This is invalid!
Occluder "" straddles multiple areas. This is invalid!
Occluder "" straddles multiple areas. This is invalid!
Occluder "" straddles multiple areas. This is invalid!
Occluder "" straddles multiple areas. This is invalid!
Occluder "" straddles multiple areas. This is invalid!
Occluder "" straddles multiple areas. This is invalid!
Occluder "" straddles multiple areas. This is invalid!
Occluder "" straddles multiple areas. This is invalid!
Occluder "" straddles multiple areas. This is invalid!
Occluder "" straddles multiple areas. This is invalid!
Occluder "" straddles multiple areas. This is invalid!
Occluder "" straddles multiple areas. This is invalid!
Occluder "" straddles multiple areas. This is invalid!
Occluder "" straddles multiple areas. This is invalid!
Occluder "" straddles multiple areas. This is invalid!
Occluder "" straddles multiple areas. This is invalid!
Occluder "" straddles multiple areas. This is invalid!
Occluder "" straddles multiple areas. This is invalid!
Occluder "" straddles multiple areas. This is invalid!
Occluder "" straddles multiple areas. This is invalid!
Occluder "" straddles multiple areas. This is invalid!
Occluder "" straddles multiple areas. This is invalid!
Occluder "" straddles multiple areas. This is invalid!
Occluder "" straddles multiple areas. This is invalid!
Occluder "" straddles multiple areas. This is invalid!
Occluder "" straddles multiple areas. This is invalid!
Occluder "" straddles multiple areas. This is invalid!
Occluder "" straddles multiple areas. This is invalid!
Occluder "" straddles multiple areas. This is invalid!
Occluder "" straddles multiple areas. This is invalid!
Occluder "" straddles multiple areas. This is invalid!
Occluder "" straddles multiple areas. This is invalid!
Occluder "" straddles multiple areas. This is invalid!
Occluder "" straddles multiple areas. This is invalid!
Occluder "" straddles multiple areas. This is invalid!
Occluder "" straddles multiple areas. This is invalid!
Occluder "" straddles multiple areas. This is invalid!
Occluder "" straddles multiple areas. This is invalid!
Occluder "" straddles multiple areas. This is invalid!
Occluder "" straddles multiple areas. This is invalid!
Occluder "" straddles multiple areas. This is invalid!
Occluder "" straddles multiple areas. This is invalid!
Occluder "" straddles multiple areas. This is invalid!
Occluder "" straddles multiple areas. This is invalid!
Occluder "" straddles multiple areas. This is invalid!
Occluder "" straddles multiple areas. This is invalid!
Occluder "" straddles multiple areas. This is invalid!
Occluder "" straddles multiple areas. This is invalid!
Occluder "" straddles multiple areas. This is invalid!
Occluder "" straddles multiple areas. This is invalid!
Occluder "" straddles multiple areas. This is invalid!
Occluder "" straddles multiple areas. This is invalid!
Occluder "" straddles multiple areas. This is invalid!
Chop Details...done (0)
Find Visible Detail Sides...
Merged 1204 detail faces...done (0)
Merging details...done (0)
FixTjuncs...
PruneNodes...
WriteBSP...
done (0)
writing c:\users\rtaab\documents\hammer\reverse_dead_air\r_c11m2_offices.prt...Building visibility clusters...
done (1)
Finding displacement neighbors...
Finding lightmap sample positions...
Displacement Alpha : 0...1...2...3...4...5...6...7...8...9...10
Building Physics collision data...
done (1) (1567728 bytes)
Cannot build Physics2 data
                                                             -----------
DataLinker total stream size                                     0.0 KiB
Placing detail props : 0...1...2...3...4...5...6...7...8...9...10
Compacting texture/material tables...
Reduced 8978 texinfos to 4889
Reduced 681 texdatas to 517 (30954 bytes to 23593)
Writing c:\users\rtaab\documents\hammer\reverse_dead_air\r_c11m2_offices.bsp
10 seconds elapsed



8 threads
reading c:\users\rtaab\documents\hammer\reverse_dead_air\r_c11m2_offices.bsp
max farz in all env_fog_controller entities: 10000.000000 (used for radial vis)
reading c:\users\rtaab\documents\hammer\reverse_dead_air\r_c11m2_offices.prt
1807 portalclusters
4471 numportals
0...1...2...3...4...5...6...7...8...9...10Optimized: 75870 visible clusters (0.00%)
Total clusters visible: 1963961
Average clusters visible: 1086
Building PAS...
Average clusters audible: 1604
visdatasize:766011  compressed from 838448
writing c:\users\rtaab\documents\hammer\reverse_dead_air\r_c11m2_offices.bsp
0 seconds elapsed



[Reading texlights from 'lights.rad']
[2 texlights parsed from 'lights.rad']

Loading c:\users\rtaab\documents\hammer\reverse_dead_air\r_c11m2_offices.bsp
Patch Sample Radius Clamped!
Patch Sample Radius Clamped!
Patch Sample Radius Clamped!
Patch Sample Radius Clamped!
Patch Sample Radius Clamped!
Patch Sample Radius Clamped!
Patch Sample Radius Clamped!
Patch Sample Radius Clamped!
Patch Sample Radius Clamped!
Patch Sample Radius Clamped!
Patch Sample Radius Clamped!
11276 faces
8135354 square feet [1171491072.00 square inches]
129 Displacements
300443 Square Feet [43263864.00 Square Inches]
11276 patches before subdivision
11276 patches after subdivision
94 direct lights
0...1...2...3...4...5...6...7...8...9...100...1...2...3...4...5...6...7...8...9...10transfers 790770, max 824
transfer lists:   6.0 megs
0...1...2...3...4...5...6...7...8...9...10	Bounce #1 added RGB(6601, 6221, 4562)
0...1...2...3...4...5...6...7...8...9...10	Bounce #2 added RGB(1506, 1552, 1057)
Build Patch/Sample Hash Table(s).....Done<0.0302 sec>
0...1...2...3...4...5...6...7...8...9...10FinalLightFace Done
0 of 0 (0% of) surface lights went in leaf ambient cubes.
0...1...2...3...4...5...6...7...8...9...10Writing leaf ambient...done
Ready to Finish

Object names       Objects/Maxobjs  Memory / Maxmem  Fullness 
------------       ---------------  ---------------  -------- 
models                 176/1024         8448/49152    (17.2%) 
brushes               4324/8192        51888/98304    (52.8%) 
brushsides           31228/65536      249824/524288   (47.7%) 
planes               17956/65536      359120/1310720  (27.4%) 
vertexes             21433/65536      257196/786432   (32.7%) 
nodes                 6225/65536      199200/2097152  ( 9.5%) 
texinfos              4889/12288      352008/884736   (39.8%) 
texdata                517/2048        16544/65536    (25.2%) 
dispinfos              129/0           22704/0        ( 0.0%) 
disp_verts            5009/0          100180/0        ( 0.0%) 
disp_tris             7296/0           14592/0        ( 0.0%) 
disp_lmsamples      219942/0          219942/0        ( 0.0%) 
faces                11276/65536      631456/3670016  (17.2%) 
hdr faces                0/65536           0/3670016  ( 0.0%) 
origfaces             8157/65536      456792/3670016  (12.4%) 
leaves                6402/65536      204864/2097152  ( 9.8%) 
leaffaces            14247/65536       28494/131072   (21.7%) 
leafbrushes          11817/65536       23634/131072   (18.0%) 
areas                   18/256           144/2048     ( 7.0%) 
surfedges            87681/512000     350724/2048000  (17.1%) 
edges                56734/256000     226936/1024000  (22.2%) 
LDR worldlights         94/8192         9400/819200   ( 1.1%) 
HDR worldlights          0/8192            0/819200   ( 0.0%) 
leafwaterdata            0/32768           0/393216   ( 0.0%) 
waterstrips           1284/32768       12840/327680   ( 3.9%) 
waterverts               0/65536           0/786432   ( 0.0%) 
waterindices         25056/65536       50112/131072   (38.2%) 
cubemapsamples          54/1024          864/16384    ( 5.3%) 
overlays               365/512        128480/180224   (71.3%) 
LDR lightdata         [variable]     4516192/0        ( 0.0%) 
HDR lightdata         [variable]           0/0        ( 0.0%) 
visdata               [variable]      766011/16777216 ( 4.6%) 
entdata               [variable]      735873/393216   (187.1%) VERY FULL!
LDR ambient table     6402/65536       25608/262144   ( 9.8%) 
HDR ambient table     6402/65536       25608/262144   ( 9.8%) 
LDR leaf ambient     26421/65536      739788/1835008  (40.3%) 
HDR leaf ambient      6402/65536      179256/1835008  ( 9.8%) 
occluders                6/0             240/0        ( 0.0%) 
occluder polygons       15/0             180/0        ( 0.0%) 
occluder vert ind       68/0             272/0        ( 0.0%) 
Prop Hull Verts          0/0               0/0        ( 0.0%) 
Prop Hull Blob           0/0               0/0        ( 0.0%) 
Prop Hull Lists          0/0               0/0        ( 0.0%) 
Prop Hulls               0/0               0/0        ( 0.0%) 
Prop Hull trilist        0/0               0/0        ( 0.0%) 
detail props          [variable]           1/12       ( 8.3%) 
static props          [variable]           1/101676   ( 0.0%) 
pakfile               [variable]     4941894/0        ( 0.0%) 
physics               [variable]     1567728/4194304  (37.4%) 
physics terrain       [variable]       14895/1048576  ( 1.4%) 

Level flags = 1

Total triangle count: 32619
Writing c:\users\rtaab\documents\hammer\reverse_dead_air\r_c11m2_offices.bsp
53 seconds elapsed



Using shader api: shaderapiempty.dll
materialPath: D:\programfile\steam\steamapps\common\left 4 dead 2\left4dead2\materials
Loading c:\users\rtaab\documents\hammer\reverse_dead_air\r_c11m2_offices.vmf
Can't find surfaceprop cloth for material METAL/CUBICLE01, using default
fixing up env_cubemap materials on brush sides...
0...1...2...3...4...5...6...7...8...9...100...1...2...3...4...5...6...7...8...9...10Processing areas...done (0)
Building Faces...done (0)
Occluder "" straddles multiple areas. This is invalid!
Occluder "" straddles multiple areas. This is invalid!
Occluder "" straddles multiple areas. This is invalid!
Occluder "" straddles multiple areas. This is invalid!
Occluder "" straddles multiple areas. This is invalid!
Occluder "" straddles multiple areas. This is invalid!
Occluder "" straddles multiple areas. This is invalid!
Occluder "" straddles multiple areas. This is invalid!
Occluder "" straddles multiple areas. This is invalid!
Occluder "" straddles multiple areas. This is invalid!
Occluder "" straddles multiple areas. This is invalid!
Occluder "" straddles multiple areas. This is invalid!
Occluder "" straddles multiple areas. This is invalid!
Occluder "" straddles multiple areas. This is invalid!
Occluder "" straddles multiple areas. This is invalid!
Occluder "" straddles multiple areas. This is invalid!
Occluder "" straddles multiple areas. This is invalid!
Occluder "" straddles multiple areas. This is invalid!
Occluder "" straddles multiple areas. This is invalid!
Occluder "" straddles multiple areas. This is invalid!
Occluder "" straddles multiple areas. This is invalid!
Occluder "" straddles multiple areas. This is invalid!
Occluder "" straddles multiple areas. This is invalid!
Occluder "" straddles multiple areas. This is invalid!
Occluder "" straddles multiple areas. This is invalid!
Occluder "" straddles multiple areas. This is invalid!
Occluder "" straddles multiple areas. This is invalid!
Occluder "" straddles multiple areas. This is invalid!
Occluder "" straddles multiple areas. This is invalid!
Occluder "" straddles multiple areas. This is invalid!
Occluder "" straddles multiple areas. This is invalid!
Occluder "" straddles multiple areas. This is invalid!
Occluder "" straddles multiple areas. This is invalid!
Occluder "" straddles multiple areas. This is invalid!
Occluder "" straddles multiple areas. This is invalid!
Occluder "" straddles multiple areas. This is invalid!
Occluder "" straddles multiple areas. This is invalid!
Occluder "" straddles multiple areas. This is invalid!
Occluder "" straddles multiple areas. This is invalid!
Occluder "" straddles multiple areas. This is invalid!
Occluder "" straddles multiple areas. This is invalid!
Occluder "" straddles multiple areas. This is invalid!
Occluder "" straddles multiple areas. This is invalid!
Occluder "" straddles multiple areas. This is invalid!
Occluder "" straddles multiple areas. This is invalid!
Occluder "" straddles multiple areas. This is invalid!
Occluder "" straddles multiple areas. This is invalid!
Occluder "" straddles multiple areas. This is invalid!
Occluder "" straddles multiple areas. This is invalid!
Occluder "" straddles multiple areas. This is invalid!
Occluder "" straddles multiple areas. This is invalid!
Occluder "" straddles multiple areas. This is invalid!
Occluder "" straddles multiple areas. This is invalid!
Occluder "" straddles multiple areas. This is invalid!
Occluder "" straddles multiple areas. This is invalid!
Chop Details...done (0)
Find Visible Detail Sides...
Merged 1206 detail faces...done (0)
Merging details...done (0)
FixTjuncs...
PruneNodes...
WriteBSP...
done (0)
writing c:\users\rtaab\documents\hammer\reverse_dead_air\r_c11m2_offices.prt...Building visibility clusters...
done (0)
Finding displacement neighbors...
Finding lightmap sample positions...
Displacement Alpha : 0...1...2...3...4...5...6...7...8...9...10
Building Physics collision data...
done (1) (1573856 bytes)
Cannot build Physics2 data
                                                             -----------
DataLinker total stream size                                     0.0 KiB
Placing detail props : 0...1...2...3...4...5...6...7...8...9...10
Compacting texture/material tables...
Reduced 9069 texinfos to 4920
Reduced 689 texdatas to 522 (31315 bytes to 23840)
Writing c:\users\rtaab\documents\hammer\reverse_dead_air\r_c11m2_offices.bsp
10 seconds elapsed



8 threads
reading c:\users\rtaab\documents\hammer\reverse_dead_air\r_c11m2_offices.bsp
max farz in all env_fog_controller entities: 10000.000000 (used for radial vis)
reading c:\users\rtaab\documents\hammer\reverse_dead_air\r_c11m2_offices.prt
1859 portalclusters
4630 numportals
0...1...2...3...4...5...6...7...8...9...10Optimized: 80587 visible clusters (0.00%)
Total clusters visible: 2074836
Average clusters visible: 1116
Building PAS...
Average clusters audible: 1653
visdatasize:809076  compressed from 892320
writing c:\users\rtaab\documents\hammer\reverse_dead_air\r_c11m2_offices.bsp
0 seconds elapsed



Using shader api: shaderapiempty.dll
materialPath: D:\programfile\steam\steamapps\common\left 4 dead 2\left4dead2\materials
Loading c:\users\rtaab\documents\hammer\reverse_dead_air\r_c11m2_offices.vmf
Can't find surfaceprop cloth for material METAL/CUBICLE01, using default
fixing up env_cubemap materials on brush sides...
0...1...2...3...4...5...6...7...8...9...100...1...2...3...4...5...6...7...8...9...10
FindPortalSide: Couldn't find a good match for which brush to assign to a portal near (4516.0 3164.0 449.5)
Leaf 0 contents: CONTENTS_SOLID 
Leaf 1 contents: 
viscontents (node 0 contents ^ node 1 contents): CONTENTS_SOLID 
This means that none of the brushes in leaf 0 or 1 that touches the portal has CONTENTS_SOLID 
Check for a huge brush enclosing the coordinates above that has contents CONTENTS_SOLID 
Candidate brush IDs: Brush 6202: Brush 6228: Brush 6234: Brush 6240: 

Processing areas...done (0)
Building Faces...done (0)
Occluder "" straddles multiple areas. This is invalid!
Occluder "" straddles multiple areas. This is invalid!
Occluder "" straddles multiple areas. This is invalid!
Occluder "" straddles multiple areas. This is invalid!
Occluder "" straddles multiple areas. This is invalid!
Occluder "" straddles multiple areas. This is invalid!
Occluder "" straddles multiple areas. This is invalid!
Occluder "" straddles multiple areas. This is invalid!
Occluder "" straddles multiple areas. This is invalid!
Occluder "" straddles multiple areas. This is invalid!
Occluder "" straddles multiple areas. This is invalid!
Occluder "" straddles multiple areas. This is invalid!
Occluder "" straddles multiple areas. This is invalid!
Occluder "" straddles multiple areas. This is invalid!
Occluder "" straddles multiple areas. This is invalid!
Occluder "" straddles multiple areas. This is invalid!
Occluder "" straddles multiple areas. This is invalid!
Occluder "" straddles multiple areas. This is invalid!
Occluder "" straddles multiple areas. This is invalid!
Occluder "" straddles multiple areas. This is invalid!
Occluder "" straddles multiple areas. This is invalid!
Occluder "" straddles multiple areas. This is invalid!
Occluder "" straddles multiple areas. This is invalid!
Occluder "" straddles multiple areas. This is invalid!
Occluder "" straddles multiple areas. This is invalid!
Occluder "" straddles multiple areas. This is invalid!
Occluder "" straddles multiple areas. This is invalid!
Chop Details...done (0)
Find Visible Detail Sides...
Merged 1204 detail faces...done (0)
Merging details...done (0)
FixTjuncs...
PruneNodes...
WriteBSP...
done (0)
writing c:\users\rtaab\documents\hammer\reverse_dead_air\r_c11m2_offices.prt...Building visibility clusters...
done (0)
Finding displacement neighbors...
Finding lightmap sample positions...
Displacement Alpha : 0...1...2...3...4...5...6...7...8...9...10
Building Physics collision data...
done (1) (1573362 bytes)
Cannot build Physics2 data
                                                             -----------
DataLinker total stream size                                     0.0 KiB
Placing detail props : 0...1...2...3...4...5...6...7...8...9...10
Compacting texture/material tables...
Reduced 9146 texinfos to 4948
Reduced 689 texdatas to 522 (31315 bytes to 23840)
Writing c:\users\rtaab\documents\hammer\reverse_dead_air\r_c11m2_offices.bsp
10 seconds elapsed



8 threads
reading c:\users\rtaab\documents\hammer\reverse_dead_air\r_c11m2_offices.bsp
max farz in all env_fog_controller entities: 10000.000000 (used for radial vis)
reading c:\users\rtaab\documents\hammer\reverse_dead_air\r_c11m2_offices.prt
1840 portalclusters
4581 numportals
0...1...2...3...4...5...6...7...8...9...10Optimized: 77140 visible clusters (0.00%)
Total clusters visible: 2038428
Average clusters visible: 1107
Building PAS...
Average clusters audible: 1636
visdatasize:784077  compressed from 853760
writing c:\users\rtaab\documents\hammer\reverse_dead_air\r_c11m2_offices.bsp
0 seconds elapsed



Using shader api: shaderapiempty.dll
materialPath: D:\programfile\steam\steamapps\common\left 4 dead 2\left4dead2\materials
Loading c:\users\rtaab\documents\hammer\reverse_dead_air\r_c11m2_offices.vmf
Can't find surfaceprop cloth for material METAL/CUBICLE01, using default
fixing up env_cubemap materials on brush sides...
0...1...2...3...4...5...6...7...8...9...100...1...2...3...4...5...6...7...8...9...10
FindPortalSide: Couldn't find a good match for which brush to assign to a portal near (4516.0 3164.0 449.5)
Leaf 0 contents: CONTENTS_SOLID 
Leaf 1 contents: 
viscontents (node 0 contents ^ node 1 contents): CONTENTS_SOLID 
This means that none of the brushes in leaf 0 or 1 that touches the portal has CONTENTS_SOLID 
Check for a huge brush enclosing the coordinates above that has contents CONTENTS_SOLID 
Candidate brush IDs: Brush 6202: Brush 6228: Brush 6234: Brush 6240: 

Processing areas...done (0)
Building Faces...done (0)
Occluder "" straddles multiple areas. This is invalid!
Occluder "" straddles multiple areas. This is invalid!
Occluder "" straddles multiple areas. This is invalid!
Occluder "" straddles multiple areas. This is invalid!
Occluder "" straddles multiple areas. This is invalid!
Occluder "" straddles multiple areas. This is invalid!
Occluder "" straddles multiple areas. This is invalid!
Occluder "" straddles multiple areas. This is invalid!
Occluder "" straddles multiple areas. This is invalid!
Occluder "" straddles multiple areas. This is invalid!
Occluder "" straddles multiple areas. This is invalid!
Occluder "" straddles multiple areas. This is invalid!
Occluder "" straddles multiple areas. This is invalid!
Occluder "" straddles multiple areas. This is invalid!
Occluder "" straddles multiple areas. This is invalid!
Occluder "" straddles multiple areas. This is invalid!
Occluder "" straddles multiple areas. This is invalid!
Occluder "" straddles multiple areas. This is invalid!
Occluder "" straddles multiple areas. This is invalid!
Occluder "" straddles multiple areas. This is invalid!
Occluder "" straddles multiple areas. This is invalid!
Occluder "" straddles multiple areas. This is invalid!
Occluder "" straddles multiple areas. This is invalid!
Occluder "" straddles multiple areas. This is invalid!
Occluder "" straddles multiple areas. This is invalid!
Occluder "" straddles multiple areas. This is invalid!
Occluder "" straddles multiple areas. This is invalid!
Chop Details...done (0)
Find Visible Detail Sides...
Merged 1204 detail faces...done (0)
Merging details...done (0)
FixTjuncs...
PruneNodes...
WriteBSP...
done (1)
writing c:\users\rtaab\documents\hammer\reverse_dead_air\r_c11m2_offices.prt...Building visibility clusters...
done (0)
Finding displacement neighbors...
Finding lightmap sample positions...
Displacement Alpha : 0...1...2...3...4...5...6...7...8...9...10
Building Physics collision data...
done (1) (1570328 bytes)
Cannot build Physics2 data
                                                             -----------
DataLinker total stream size                                     0.0 KiB
Static prop models/props_misc/wrongway_sign01_optimized.mdl outside the map (6272.00, 5770.91, 592.30)
Static prop models/props_misc/wrongway_sign01_optimized.mdl outside the map (6272.00, 5874.91, 592.30)
Placing detail props : 0...1...2...3...4...5...6...7...8...9...10
Compacting texture/material tables...
Reduced 9147 texinfos to 4950
Reduced 689 texdatas to 522 (31315 bytes to 23840)
Writing c:\users\rtaab\documents\hammer\reverse_dead_air\r_c11m2_offices.bsp
11 seconds elapsed



8 threads
reading c:\users\rtaab\documents\hammer\reverse_dead_air\r_c11m2_offices.bsp
max farz in all env_fog_controller entities: 10000.000000 (used for radial vis)
reading c:\users\rtaab\documents\hammer\reverse_dead_air\r_c11m2_offices.prt
1796 portalclusters
4455 numportals
0...1...2...3...4...5...6...7...8...9...10Optimized: 72469 visible clusters (0.00%)
Total clusters visible: 1950919
Average clusters visible: 1086
Building PAS...
Average clusters audible: 1595
visdatasize:749800  compressed from 833344
writing c:\users\rtaab\documents\hammer\reverse_dead_air\r_c11m2_offices.bsp
0 seconds elapsed



Using shader api: shaderapiempty.dll
materialPath: D:\programfile\steam\steamapps\common\left 4 dead 2\left4dead2\materials
Loading c:\users\rtaab\documents\hammer\reverse_dead_air\r_c11m2_offices.vmf
Can't find surfaceprop cloth for material METAL/CUBICLE01, using default
fixing up env_cubemap materials on brush sides...
0...1...2...3...4...5...6...7...8...9...100...1...2...3...4...5...6...7...8...9...10
FindPortalSide: Couldn't find a good match for which brush to assign to a portal near (4516.0 3164.0 449.5)
Leaf 0 contents: CONTENTS_SOLID 
Leaf 1 contents: 
viscontents (node 0 contents ^ node 1 contents): CONTENTS_SOLID 
This means that none of the brushes in leaf 0 or 1 that touches the portal has CONTENTS_SOLID 
Check for a huge brush enclosing the coordinates above that has contents CONTENTS_SOLID 
Candidate brush IDs: Brush 6202: Brush 6228: Brush 6234: Brush 6240: 

Processing areas...done (0)
Building Faces...done (0)
Occluder "" straddles multiple areas. This is invalid!
Occluder "" straddles multiple areas. This is invalid!
Occluder "" straddles multiple areas. This is invalid!
Occluder "" straddles multiple areas. This is invalid!
Occluder "" straddles multiple areas. This is invalid!
Occluder "" straddles multiple areas. This is invalid!
Occluder "" straddles multiple areas. This is invalid!
Occluder "" straddles multiple areas. This is invalid!
Occluder "" straddles multiple areas. This is invalid!
Occluder "" straddles multiple areas. This is invalid!
Occluder "" straddles multiple areas. This is invalid!
Occluder "" straddles multiple areas. This is invalid!
Occluder "" straddles multiple areas. This is invalid!
Occluder "" straddles multiple areas. This is invalid!
Occluder "" straddles multiple areas. This is invalid!
Occluder "" straddles multiple areas. This is invalid!
Occluder "" straddles multiple areas. This is invalid!
Occluder "" straddles multiple areas. This is invalid!
Occluder "" straddles multiple areas. This is invalid!
Occluder "" straddles multiple areas. This is invalid!
Occluder "" straddles multiple areas. This is invalid!
Occluder "" straddles multiple areas. This is invalid!
Occluder "" straddles multiple areas. This is invalid!
Occluder "" straddles multiple areas. This is invalid!
Occluder "" straddles multiple areas. This is invalid!
Occluder "" straddles multiple areas. This is invalid!
Occluder "" straddles multiple areas. This is invalid!
Chop Details...done (1)
Find Visible Detail Sides...
Merged 1236 detail faces...done (1)
Merging details...done (0)
FixTjuncs...
PruneNodes...
WriteBSP...
done (0)
writing c:\users\rtaab\documents\hammer\reverse_dead_air\r_c11m2_offices.prt...Building visibility clusters...
done (0)
Finding displacement neighbors...
Finding lightmap sample positions...
Displacement Alpha : 0...1...2...3...4...5...6...7...8...9...10
Building Physics collision data...
done (1) (1574719 bytes)
Cannot build Physics2 data
                                                             -----------
DataLinker total stream size                                     0.0 KiB
Static prop models/props_misc/wrongway_sign01_optimized.mdl outside the map (6272.00, 5770.91, 592.30)
Static prop models/props_misc/wrongway_sign01_optimized.mdl outside the map (6272.00, 5874.91, 592.30)
Placing detail props : 0...1...2...3...4...5...6...7...8...9...10
Compacting texture/material tables...
Reduced 9295 texinfos to 4996
Reduced 690 texdatas to 524 (31377 bytes to 23957)
Writing c:\users\rtaab\documents\hammer\reverse_dead_air\r_c11m2_offices.bsp
10 seconds elapsed



8 threads
reading c:\users\rtaab\documents\hammer\reverse_dead_air\r_c11m2_offices.bsp
max farz in all env_fog_controller entities: 10000.000000 (used for radial vis)
reading c:\users\rtaab\documents\hammer\reverse_dead_air\r_c11m2_offices.prt
1798 portalclusters
4455 numportals
0...1...2...3...4...5...6...7...8...9...10Optimized: 73080 visible clusters (0.00%)
Total clusters visible: 1964762
Average clusters visible: 1092
Building PAS...
Average clusters audible: 1597
visdatasize:752128  compressed from 834272
writing c:\users\rtaab\documents\hammer\reverse_dead_air\r_c11m2_offices.bsp
0 seconds elapsed



Using shader api: shaderapiempty.dll
materialPath: D:\programfile\steam\steamapps\common\left 4 dead 2\left4dead2\materials
Loading c:\users\rtaab\documents\hammer\reverse_dead_air\r_c11m2_offices.vmf
Can't find surfaceprop cloth for material METAL/CUBICLE01, using default
fixing up env_cubemap materials on brush sides...
0...1...2...3...4...5...6...7...8...9...100...1...2...3...4...5...6...7...8...9...10
FindPortalSide: Couldn't find a good match for which brush to assign to a portal near (4516.0 3164.0 449.5)
Leaf 0 contents: CONTENTS_SOLID 
Leaf 1 contents: 
viscontents (node 0 contents ^ node 1 contents): CONTENTS_SOLID 
This means that none of the brushes in leaf 0 or 1 that touches the portal has CONTENTS_SOLID 
Check for a huge brush enclosing the coordinates above that has contents CONTENTS_SOLID 
Candidate brush IDs: Brush 6202: Brush 6228: Brush 6234: Brush 6240: 

Processing areas...done (0)
Building Faces...done (0)
Occluder "" straddles multiple areas. This is invalid!
Occluder "" straddles multiple areas. This is invalid!
Occluder "" straddles multiple areas. This is invalid!
Occluder "" straddles multiple areas. This is invalid!
Occluder "" straddles multiple areas. This is invalid!
Occluder "" straddles multiple areas. This is invalid!
Occluder "" straddles multiple areas. This is invalid!
Occluder "" straddles multiple areas. This is invalid!
Occluder "" straddles multiple areas. This is invalid!
Occluder "" straddles multiple areas. This is invalid!
Occluder "" straddles multiple areas. This is invalid!
Occluder "" straddles multiple areas. This is invalid!
Occluder "" straddles multiple areas. This is invalid!
Occluder "" straddles multiple areas. This is invalid!
Occluder "" straddles multiple areas. This is invalid!
Occluder "" straddles multiple areas. This is invalid!
Occluder "" straddles multiple areas. This is invalid!
Occluder "" straddles multiple areas. This is invalid!
Occluder "" straddles multiple areas. This is invalid!
Occluder "" straddles multiple areas. This is invalid!
Occluder "" straddles multiple areas. This is invalid!
Occluder "" straddles multiple areas. This is invalid!
Occluder "" straddles multiple areas. This is invalid!
Occluder "" straddles multiple areas. This is invalid!
Occluder "" straddles multiple areas. This is invalid!
Occluder "" straddles multiple areas. This is invalid!
Occluder "" straddles multiple areas. This is invalid!
Chop Details...done (0)
Find Visible Detail Sides...
Merged 1236 detail faces...done (0)
Merging details...done (0)
FixTjuncs...
PruneNodes...
WriteBSP...
done (0)
writing c:\users\rtaab\documents\hammer\reverse_dead_air\r_c11m2_offices.prt...Building visibility clusters...
done (0)
Finding displacement neighbors...
Finding lightmap sample positions...
Displacement Alpha : 0...1...2...3...4...5...6...7...8...9...10
Building Physics collision data...
done (1) (1574719 bytes)
Cannot build Physics2 data
                                                             -----------
DataLinker total stream size                                     0.0 KiB
Static prop models/props_misc/wrongway_sign01_optimized.mdl outside the map (6272.00, 5770.91, 592.30)
Static prop models/props_misc/wrongway_sign01_optimized.mdl outside the map (6272.00, 5874.91, 592.30)
Placing detail props : 0...1...2...3...4...5...6...7...8...9...10
Compacting texture/material tables...
Reduced 9295 texinfos to 4996
Reduced 690 texdatas to 524 (31377 bytes to 23957)
Writing c:\users\rtaab\documents\hammer\reverse_dead_air\r_c11m2_offices.bsp
11 seconds elapsed



8 threads
reading c:\users\rtaab\documents\hammer\reverse_dead_air\r_c11m2_offices.bsp
max farz in all env_fog_controller entities: 10000.000000 (used for radial vis)
reading c:\users\rtaab\documents\hammer\reverse_dead_air\r_c11m2_offices.prt
1798 portalclusters
4455 numportals
0...1...2...3...4...5...6...7...8...9...10Optimized: 73080 visible clusters (0.00%)
Total clusters visible: 1964762
Average clusters visible: 1092
Building PAS...
Average clusters audible: 1597
visdatasize:752128  compressed from 834272
writing c:\users\rtaab\documents\hammer\reverse_dead_air\r_c11m2_offices.bsp
0 seconds elapsed



Using shader api: shaderapiempty.dll
materialPath: D:\programfile\steam\steamapps\common\left 4 dead 2\left4dead2\materials
Loading c:\users\rtaab\documents\hammer\reverse_dead_air\r_c11m2_offices.vmf
Can't find surfaceprop cloth for material METAL/CUBICLE01, using default
fixing up env_cubemap materials on brush sides...
0...1...2...3...4...5...6...7...8...9...100...1...2...3...4...5...6...7...8...9...10
FindPortalSide: Couldn't find a good match for which brush to assign to a portal near (4516.0 3164.0 449.5)
Leaf 0 contents: CONTENTS_SOLID 
Leaf 1 contents: 
viscontents (node 0 contents ^ node 1 contents): CONTENTS_SOLID 
This means that none of the brushes in leaf 0 or 1 that touches the portal has CONTENTS_SOLID 
Check for a huge brush enclosing the coordinates above that has contents CONTENTS_SOLID 
Candidate brush IDs: Brush 6202: Brush 6228: Brush 6234: Brush 6240: 

Processing areas...done (0)
Building Faces...done (0)
Occluder "" straddles multiple areas. This is invalid!
Occluder "" straddles multiple areas. This is invalid!
Occluder "" straddles multiple areas. This is invalid!
Occluder "" straddles multiple areas. This is invalid!
Occluder "" straddles multiple areas. This is invalid!
Occluder "" straddles multiple areas. This is invalid!
Occluder "" straddles multiple areas. This is invalid!
Occluder "" straddles multiple areas. This is invalid!
Occluder "" straddles multiple areas. This is invalid!
Occluder "" straddles multiple areas. This is invalid!
Occluder "" straddles multiple areas. This is invalid!
Occluder "" straddles multiple areas. This is invalid!
Occluder "" straddles multiple areas. This is invalid!
Occluder "" straddles multiple areas. This is invalid!
Occluder "" straddles multiple areas. This is invalid!
Occluder "" straddles multiple areas. This is invalid!
Occluder "" straddles multiple areas. This is invalid!
Occluder "" straddles multiple areas. This is invalid!
Occluder "" straddles multiple areas. This is invalid!
Occluder "" straddles multiple areas. This is invalid!
Occluder "" straddles multiple areas. This is invalid!
Occluder "" straddles multiple areas. This is invalid!
Occluder "" straddles multiple areas. This is invalid!
Occluder "" straddles multiple areas. This is invalid!
Occluder "" straddles multiple areas. This is invalid!
Occluder "" straddles multiple areas. This is invalid!
Occluder "" straddles multiple areas. This is invalid!
Chop Details...done (1)
Find Visible Detail Sides...
Merged 1236 detail faces...done (1)
Merging details...done (0)
FixTjuncs...
PruneNodes...
WriteBSP...
done (0)
writing c:\users\rtaab\documents\hammer\reverse_dead_air\r_c11m2_offices.prt...Building visibility clusters...
done (0)
Finding displacement neighbors...
Finding lightmap sample positions...
Displacement Alpha : 0...1...2...3...4...5...6...7...8...9...10
Building Physics collision data...
done (1) (1574719 bytes)
Cannot build Physics2 data
                                                             -----------
DataLinker total stream size                                     0.0 KiB
Static prop models/props_misc/wrongway_sign01_optimized.mdl outside the map (6272.00, 5770.91, 592.30)
Static prop models/props_misc/wrongway_sign01_optimized.mdl outside the map (6272.00, 5874.91, 592.30)
Placing detail props : 0...1...2...3...4...5...6...7...8...9...10
Compacting texture/material tables...
Reduced 9294 texinfos to 4996
Reduced 689 texdatas to 524 (31321 bytes to 23922)
Writing c:\users\rtaab\documents\hammer\reverse_dead_air\r_c11m2_offices.bsp
10 seconds elapsed



8 threads
reading c:\users\rtaab\documents\hammer\reverse_dead_air\r_c11m2_offices.bsp
max farz in all env_fog_controller entities: 10000.000000 (used for radial vis)
reading c:\users\rtaab\documents\hammer\reverse_dead_air\r_c11m2_offices.prt
1798 portalclusters
4455 numportals
0...1...2...3...4...5...6...7...8...9...10Optimized: 73080 visible clusters (0.00%)
Total clusters visible: 1964762
Average clusters visible: 1092
Building PAS...
Average clusters audible: 1597
visdatasize:752128  compressed from 834272
writing c:\users\rtaab\documents\hammer\reverse_dead_air\r_c11m2_offices.bsp
0 seconds elapsed



Using shader api: shaderapiempty.dll
materialPath: D:\programfile\steam\steamapps\common\left 4 dead 2\left4dead2\materials
Loading c:\users\rtaab\documents\hammer\reverse_dead_air\r_c11m2_offices.vmf
Can't find surfaceprop cloth for material METAL/CUBICLE01, using default
fixing up env_cubemap materials on brush sides...
0...1...2...3...4...5...6...7...8...9...100...1...2...3...4...5...6...7...8...9...10
FindPortalSide: Couldn't find a good match for which brush to assign to a portal near (4516.0 3164.0 449.5)
Leaf 0 contents: CONTENTS_SOLID 
Leaf 1 contents: 
viscontents (node 0 contents ^ node 1 contents): CONTENTS_SOLID 
This means that none of the brushes in leaf 0 or 1 that touches the portal has CONTENTS_SOLID 
Check for a huge brush enclosing the coordinates above that has contents CONTENTS_SOLID 
Candidate brush IDs: Brush 6202: Brush 6228: Brush 6234: Brush 6240: 

Processing areas...done (0)
Building Faces...done (0)
Occluder "" straddles multiple areas. This is invalid!
Occluder "" straddles multiple areas. This is invalid!
Occluder "" straddles multiple areas. This is invalid!
Occluder "" straddles multiple areas. This is invalid!
Occluder "" straddles multiple areas. This is invalid!
Occluder "" straddles multiple areas. This is invalid!
Occluder "" straddles multiple areas. This is invalid!
Occluder "" straddles multiple areas. This is invalid!
Occluder "" straddles multiple areas. This is invalid!
Occluder "" straddles multiple areas. This is invalid!
Occluder "" straddles multiple areas. This is invalid!
Occluder "" straddles multiple areas. This is invalid!
Occluder "" straddles multiple areas. This is invalid!
Occluder "" straddles multiple areas. This is invalid!
Occluder "" straddles multiple areas. This is invalid!
Occluder "" straddles multiple areas. This is invalid!
Occluder "" straddles multiple areas. This is invalid!
Occluder "" straddles multiple areas. This is invalid!
Occluder "" straddles multiple areas. This is invalid!
Occluder "" straddles multiple areas. This is invalid!
Occluder "" straddles multiple areas. This is invalid!
Occluder "" straddles multiple areas. This is invalid!
Occluder "" straddles multiple areas. This is invalid!
Occluder "" straddles multiple areas. This is invalid!
Occluder "" straddles multiple areas. This is invalid!
Occluder "" straddles multiple areas. This is invalid!
Occluder "" straddles multiple areas. This is invalid!
Chop Details...done (0)
Find Visible Detail Sides...
Merged 1236 detail faces...done (1)
Merging details...done (0)
FixTjuncs...
PruneNodes...
WriteBSP...
done (0)
writing c:\users\rtaab\documents\hammer\reverse_dead_air\r_c11m2_offices.prt...Building visibility clusters...
done (0)
Finding displacement neighbors...
Finding lightmap sample positions...
Displacement Alpha : 0...1...2...3...4...5...6...7...8...9...10
Building Physics collision data...
done (2) (1574719 bytes)
Cannot build Physics2 data
                                                             -----------
DataLinker total stream size                                     0.0 KiB
Static prop models/props_misc/wrongway_sign01_optimized.mdl outside the map (6272.00, 5770.91, 592.30)
Static prop models/props_misc/wrongway_sign01_optimized.mdl outside the map (6272.00, 5874.91, 592.30)
Placing detail props : 0...1...2...3...4...5...6...7...8...9...10
Compacting texture/material tables...
Reduced 9294 texinfos to 4996
Reduced 689 texdatas to 524 (31321 bytes to 23922)
Writing c:\users\rtaab\documents\hammer\reverse_dead_air\r_c11m2_offices.bsp
10 seconds elapsed



8 threads
reading c:\users\rtaab\documents\hammer\reverse_dead_air\r_c11m2_offices.bsp
max farz in all env_fog_controller entities: 10000.000000 (used for radial vis)
reading c:\users\rtaab\documents\hammer\reverse_dead_air\r_c11m2_offices.prt
1798 portalclusters
4455 numportals
0...1...2...3...4...5...6...7...8...9...10Optimized: 73080 visible clusters (0.00%)
Total clusters visible: 1964762
Average clusters visible: 1092
Building PAS...
Average clusters audible: 1597
visdatasize:752128  compressed from 834272
writing c:\users\rtaab\documents\hammer\reverse_dead_air\r_c11m2_offices.bsp
0 seconds elapsed



Using shader api: shaderapiempty.dll
materialPath: D:\programfile\steam\steamapps\common\left 4 dead 2\left4dead2\materials
Loading c:\users\rtaab\documents\hammer\reverse_dead_air\r_c11m2_offices.vmf
Can't find surfaceprop cloth for material METAL/CUBICLE01, using default
fixing up env_cubemap materials on brush sides...
0...1...2...3...4...5...6...7...8...9...100...1...2...3...4...5...6...7...8...9...10
FindPortalSide: Couldn't find a good match for which brush to assign to a portal near (4516.0 3164.0 449.5)
Leaf 0 contents: CONTENTS_SOLID 
Leaf 1 contents: 
viscontents (node 0 contents ^ node 1 contents): CONTENTS_SOLID 
This means that none of the brushes in leaf 0 or 1 that touches the portal has CONTENTS_SOLID 
Check for a huge brush enclosing the coordinates above that has contents CONTENTS_SOLID 
Candidate brush IDs: Brush 6202: Brush 6228: Brush 6234: Brush 6240: 

Processing areas...done (0)
Building Faces...done (0)
Occluder "" straddles multiple areas. This is invalid!
Occluder "" straddles multiple areas. This is invalid!
Occluder "" straddles multiple areas. This is invalid!
Occluder "" straddles multiple areas. This is invalid!
Occluder "" straddles multiple areas. This is invalid!
Occluder "" straddles multiple areas. This is invalid!
Occluder "" straddles multiple areas. This is invalid!
Occluder "" straddles multiple areas. This is invalid!
Occluder "" straddles multiple areas. This is invalid!
Occluder "" straddles multiple areas. This is invalid!
Occluder "" straddles multiple areas. This is invalid!
Occluder "" straddles multiple areas. This is invalid!
Occluder "" straddles multiple areas. This is invalid!
Occluder "" straddles multiple areas. This is invalid!
Occluder "" straddles multiple areas. This is invalid!
Occluder "" straddles multiple areas. This is invalid!
Occluder "" straddles multiple areas. This is invalid!
Occluder "" straddles multiple areas. This is invalid!
Occluder "" straddles multiple areas. This is invalid!
Occluder "" straddles multiple areas. This is invalid!
Occluder "" straddles multiple areas. This is invalid!
Occluder "" straddles multiple areas. This is invalid!
Occluder "" straddles multiple areas. This is invalid!
Occluder "" straddles multiple areas. This is invalid!
Occluder "" straddles multiple areas. This is invalid!
Occluder "" straddles multiple areas. This is invalid!
Occluder "" straddles multiple areas. This is invalid!
Chop Details...done (1)
Find Visible Detail Sides...
Merged 1236 detail faces...done (1)
Merging details...done (0)
FixTjuncs...
PruneNodes...
WriteBSP...
done (0)
writing c:\users\rtaab\documents\hammer\reverse_dead_air\r_c11m2_offices.prt...Building visibility clusters...
done (0)
Finding displacement neighbors...
Finding lightmap sample positions...
Displacement Alpha : 0...1...2...3...4...5...6...7...8...9...10
Building Physics collision data...
done (2) (1574719 bytes)
Cannot build Physics2 data
                                                             -----------
DataLinker total stream size                                     0.0 KiB
Static prop models/props_misc/wrongway_sign01_optimized.mdl outside the map (6272.00, 5770.91, 592.30)
Static prop models/props_misc/wrongway_sign01_optimized.mdl outside the map (6272.00, 5874.91, 592.30)
Placing detail props : 0...1...2...3...4...5...6...7...8...9...10
Compacting texture/material tables...
Reduced 9294 texinfos to 4996
Reduced 689 texdatas to 524 (31321 bytes to 23922)
Writing c:\users\rtaab\documents\hammer\reverse_dead_air\r_c11m2_offices.bsp
10 seconds elapsed



8 threads
reading c:\users\rtaab\documents\hammer\reverse_dead_air\r_c11m2_offices.bsp
max farz in all env_fog_controller entities: 10000.000000 (used for radial vis)
reading c:\users\rtaab\documents\hammer\reverse_dead_air\r_c11m2_offices.prt
1798 portalclusters
4455 numportals
0...1...2...3...4...5...6...7...8...9...10Optimized: 73080 visible clusters (0.00%)
Total clusters visible: 1964762
Average clusters visible: 1092
Building PAS...
Average clusters audible: 1597
visdatasize:752128  compressed from 834272
writing c:\users\rtaab\documents\hammer\reverse_dead_air\r_c11m2_offices.bsp
0 seconds elapsed



Using shader api: shaderapiempty.dll
materialPath: D:\programfile\steam\steamapps\common\left 4 dead 2\left4dead2\materials
Loading c:\users\rtaab\documents\hammer\reverse_dead_air\r_c11m2_offices.vmf
Can't find surfaceprop cloth for material METAL/CUBICLE01, using default
fixing up env_cubemap materials on brush sides...
0...1...2...3...4...5...6...7...8...9...100...1...2...3...4...5...6...7...8...9...10
FindPortalSide: Couldn't find a good match for which brush to assign to a portal near (4516.0 3164.0 449.5)
Leaf 0 contents: CONTENTS_SOLID 
Leaf 1 contents: 
viscontents (node 0 contents ^ node 1 contents): CONTENTS_SOLID 
This means that none of the brushes in leaf 0 or 1 that touches the portal has CONTENTS_SOLID 
Check for a huge brush enclosing the coordinates above that has contents CONTENTS_SOLID 
Candidate brush IDs: Brush 6202: Brush 6228: Brush 6234: Brush 6240: 

Processing areas...done (0)
Building Faces...done (0)
Occluder "" straddles multiple areas. This is invalid!
Occluder "" straddles multiple areas. This is invalid!
Occluder "" straddles multiple areas. This is invalid!
Occluder "" straddles multiple areas. This is invalid!
Occluder "" straddles multiple areas. This is invalid!
Occluder "" straddles multiple areas. This is invalid!
Occluder "" straddles multiple areas. This is invalid!
Occluder "" straddles multiple areas. This is invalid!
Occluder "" straddles multiple areas. This is invalid!
Occluder "" straddles multiple areas. This is invalid!
Occluder "" straddles multiple areas. This is invalid!
Occluder "" straddles multiple areas. This is invalid!
Occluder "" straddles multiple areas. This is invalid!
Occluder "" straddles multiple areas. This is invalid!
Occluder "" straddles multiple areas. This is invalid!
Occluder "" straddles multiple areas. This is invalid!
Occluder "" straddles multiple areas. This is invalid!
Occluder "" straddles multiple areas. This is invalid!
Occluder "" straddles multiple areas. This is invalid!
Occluder "" straddles multiple areas. This is invalid!
Occluder "" straddles multiple areas. This is invalid!
Occluder "" straddles multiple areas. This is invalid!
Occluder "" straddles multiple areas. This is invalid!
Occluder "" straddles multiple areas. This is invalid!
Occluder "" straddles multiple areas. This is invalid!
Occluder "" straddles multiple areas. This is invalid!
Occluder "" straddles multiple areas. This is invalid!
Chop Details...done (0)
Find Visible Detail Sides...
Merged 1236 detail faces...done (0)
Merging details...done (0)
FixTjuncs...
PruneNodes...
WriteBSP...
done (0)
writing c:\users\rtaab\documents\hammer\reverse_dead_air\r_c11m2_offices.prt...Building visibility clusters...
done (0)
Finding displacement neighbors...
Finding lightmap sample positions...
Displacement Alpha : 0...1...2...3...4...5...6...7...8...9...10
Building Physics collision data...
done (1) (1574719 bytes)
Cannot build Physics2 data
                                                             -----------
DataLinker total stream size                                     0.0 KiB
Static prop models/props_misc/wrongway_sign01_optimized.mdl outside the map (6272.00, 5770.91, 592.30)
Static prop models/props_misc/wrongway_sign01_optimized.mdl outside the map (6272.00, 5874.91, 592.30)
Placing detail props : 0...1...2...3...4...5...6...7...8...9...10
Compacting texture/material tables...
Reduced 9294 texinfos to 4996
Reduced 689 texdatas to 524 (31321 bytes to 23922)
Writing c:\users\rtaab\documents\hammer\reverse_dead_air\r_c11m2_offices.bsp
10 seconds elapsed



8 threads
reading c:\users\rtaab\documents\hammer\reverse_dead_air\r_c11m2_offices.bsp
max farz in all env_fog_controller entities: 10000.000000 (used for radial vis)
reading c:\users\rtaab\documents\hammer\reverse_dead_air\r_c11m2_offices.prt
1798 portalclusters
4455 numportals
0...1...2...3...4...5...6...7...8...9...10Optimized: 73080 visible clusters (0.00%)
Total clusters visible: 1964762
Average clusters visible: 1092
Building PAS...
Average clusters audible: 1597
visdatasize:752128  compressed from 834272
writing c:\users\rtaab\documents\hammer\reverse_dead_air\r_c11m2_offices.bsp
0 seconds elapsed



Using shader api: shaderapiempty.dll
materialPath: D:\programfile\steam\steamapps\common\left 4 dead 2\left4dead2\materials
Loading c:\users\rtaab\documents\hammer\reverse_dead_air\r_c11m2_offices.vmf
Can't find surfaceprop cloth for material METAL/CUBICLE01, using default
fixing up env_cubemap materials on brush sides...
0...1...2...3...4...5...6...7...8...9...100...1...2...3...4...5...6...7...8...9...10
FindPortalSide: Couldn't find a good match for which brush to assign to a portal near (4516.0 3164.0 449.5)
Leaf 0 contents: CONTENTS_SOLID 
Leaf 1 contents: 
viscontents (node 0 contents ^ node 1 contents): CONTENTS_SOLID 
This means that none of the brushes in leaf 0 or 1 that touches the portal has CONTENTS_SOLID 
Check for a huge brush enclosing the coordinates above that has contents CONTENTS_SOLID 
Candidate brush IDs: Brush 6202: Brush 6228: Brush 6234: Brush 6240: 

Processing areas...done (0)
Building Faces...done (0)
Occluder "" straddles multiple areas. This is invalid!
Occluder "" straddles multiple areas. This is invalid!
Occluder "" straddles multiple areas. This is invalid!
Occluder "" straddles multiple areas. This is invalid!
Occluder "" straddles multiple areas. This is invalid!
Occluder "" straddles multiple areas. This is invalid!
Occluder "" straddles multiple areas. This is invalid!
Occluder "" straddles multiple areas. This is invalid!
Occluder "" straddles multiple areas. This is invalid!
Occluder "" straddles multiple areas. This is invalid!
Occluder "" straddles multiple areas. This is invalid!
Occluder "" straddles multiple areas. This is invalid!
Occluder "" straddles multiple areas. This is invalid!
Occluder "" straddles multiple areas. This is invalid!
Occluder "" straddles multiple areas. This is invalid!
Occluder "" straddles multiple areas. This is invalid!
Occluder "" straddles multiple areas. This is invalid!
Occluder "" straddles multiple areas. This is invalid!
Occluder "" straddles multiple areas. This is invalid!
Occluder "" straddles multiple areas. This is invalid!
Occluder "" straddles multiple areas. This is invalid!
Occluder "" straddles multiple areas. This is invalid!
Occluder "" straddles multiple areas. This is invalid!
Occluder "" straddles multiple areas. This is invalid!
Occluder "" straddles multiple areas. This is invalid!
Occluder "" straddles multiple areas. This is invalid!
Occluder "" straddles multiple areas. This is invalid!
Chop Details...done (1)
Find Visible Detail Sides...
Merged 1236 detail faces...done (1)
Merging details...done (0)
FixTjuncs...
PruneNodes...
WriteBSP...
done (0)
writing c:\users\rtaab\documents\hammer\reverse_dead_air\r_c11m2_offices.prt...Building visibility clusters...
done (0)
Finding displacement neighbors...
Finding lightmap sample positions...
Displacement Alpha : 0...1...2...3...4...5...6...7...8...9...10
Building Physics collision data...
done (1) (1575271 bytes)
Cannot build Physics2 data
                                                             -----------
DataLinker total stream size                                     0.0 KiB
Static prop models/props_misc/wrongway_sign01_optimized.mdl outside the map (6272.00, 5770.91, 592.30)
Static prop models/props_misc/wrongway_sign01_optimized.mdl outside the map (6272.00, 5874.91, 592.30)
Placing detail props : 0...1...2...3...4...5...6...7...8...9...10
Compacting texture/material tables...
Reduced 9300 texinfos to 4996
Reduced 689 texdatas to 524 (31321 bytes to 23922)
Writing c:\users\rtaab\documents\hammer\reverse_dead_air\r_c11m2_offices.bsp
10 seconds elapsed



8 threads
reading c:\users\rtaab\documents\hammer\reverse_dead_air\r_c11m2_offices.bsp
max farz in all env_fog_controller entities: 10000.000000 (used for radial vis)
reading c:\users\rtaab\documents\hammer\reverse_dead_air\r_c11m2_offices.prt
1798 portalclusters
4455 numportals
0...1...2...3...4...5...6...7...8...9...10Optimized: 73080 visible clusters (0.00%)
Total clusters visible: 1964762
Average clusters visible: 1092
Building PAS...
Average clusters audible: 1597
visdatasize:752128  compressed from 834272
writing c:\users\rtaab\documents\hammer\reverse_dead_air\r_c11m2_offices.bsp
0 seconds elapsed



Using shader api: shaderapiempty.dll
materialPath: D:\programfile\steam\steamapps\common\left 4 dead 2\left4dead2\materials
Loading c:\users\rtaab\documents\hammer\reverse_dead_air\r_c11m2_offices.vmf
Can't find surfaceprop cloth for material METAL/CUBICLE01, using default
fixing up env_cubemap materials on brush sides...
0...1...2...3...4...5...6...7...8...9...100...1...2...3...4...5...6...7...8...9...10
FindPortalSide: Couldn't find a good match for which brush to assign to a portal near (4516.0 3164.0 449.5)
Leaf 0 contents: CONTENTS_SOLID 
Leaf 1 contents: 
viscontents (node 0 contents ^ node 1 contents): CONTENTS_SOLID 
This means that none of the brushes in leaf 0 or 1 that touches the portal has CONTENTS_SOLID 
Check for a huge brush enclosing the coordinates above that has contents CONTENTS_SOLID 
Candidate brush IDs: Brush 6202: Brush 6228: Brush 6234: Brush 6240: 

Processing areas...done (0)
Building Faces...done (0)
Occluder "" straddles multiple areas. This is invalid!
Occluder "" straddles multiple areas. This is invalid!
Occluder "" straddles multiple areas. This is invalid!
Occluder "" straddles multiple areas. This is invalid!
Occluder "" straddles multiple areas. This is invalid!
Occluder "" straddles multiple areas. This is invalid!
Occluder "" straddles multiple areas. This is invalid!
Occluder "" straddles multiple areas. This is invalid!
Occluder "" straddles multiple areas. This is invalid!
Occluder "" straddles multiple areas. This is invalid!
Occluder "" straddles multiple areas. This is invalid!
Occluder "" straddles multiple areas. This is invalid!
Occluder "" straddles multiple areas. This is invalid!
Occluder "" straddles multiple areas. This is invalid!
Occluder "" straddles multiple areas. This is invalid!
Occluder "" straddles multiple areas. This is invalid!
Occluder "" straddles multiple areas. This is invalid!
Occluder "" straddles multiple areas. This is invalid!
Occluder "" straddles multiple areas. This is invalid!
Occluder "" straddles multiple areas. This is invalid!
Occluder "" straddles multiple areas. This is invalid!
Occluder "" straddles multiple areas. This is invalid!
Occluder "" straddles multiple areas. This is invalid!
Occluder "" straddles multiple areas. This is invalid!
Occluder "" straddles multiple areas. This is invalid!
Occluder "" straddles multiple areas. This is invalid!
Occluder "" straddles multiple areas. This is invalid!
Chop Details...done (0)
Find Visible Detail Sides...
Merged 1236 detail faces...done (0)
Merging details...done (0)
FixTjuncs...
PruneNodes...
WriteBSP...
done (0)
writing c:\users\rtaab\documents\hammer\reverse_dead_air\r_c11m2_offices.prt...Building visibility clusters...
done (0)
Finding displacement neighbors...
Finding lightmap sample positions...
Displacement Alpha : 0...1...2...3...4...5...6...7...8...9...10
Building Physics collision data...
done (1) (1575269 bytes)
Cannot build Physics2 data
                                                             -----------
DataLinker total stream size                                     0.0 KiB
Static prop models/props_misc/wrongway_sign01_optimized.mdl outside the map (6272.00, 5770.91, 592.30)
Static prop models/props_misc/wrongway_sign01_optimized.mdl outside the map (6272.00, 5874.91, 592.30)
Placing detail props : 0...1...2...3...4...5...6...7...8...9...10
Compacting texture/material tables...
Reduced 9300 texinfos to 4996
Reduced 689 texdatas to 524 (31321 bytes to 23922)
Writing c:\users\rtaab\documents\hammer\reverse_dead_air\r_c11m2_offices.bsp
10 seconds elapsed



8 threads
reading c:\users\rtaab\documents\hammer\reverse_dead_air\r_c11m2_offices.bsp
max farz in all env_fog_controller entities: 10000.000000 (used for radial vis)
reading c:\users\rtaab\documents\hammer\reverse_dead_air\r_c11m2_offices.prt
1798 portalclusters
4455 numportals
0...1...2...3...4...5...6...7...8...9...10Optimized: 73080 visible clusters (0.00%)
Total clusters visible: 1964762
Average clusters visible: 1092
Building PAS...
Average clusters audible: 1597
visdatasize:752128  compressed from 834272
writing c:\users\rtaab\documents\hammer\reverse_dead_air\r_c11m2_offices.bsp
0 seconds elapsed



Using shader api: shaderapiempty.dll
materialPath: D:\programfile\steam\steamapps\common\left 4 dead 2\left4dead2\materials
Loading c:\users\rtaab\documents\hammer\reverse_dead_air\r_c11m2_offices.vmf
Can't find surfaceprop cloth for material METAL/CUBICLE01, using default
fixing up env_cubemap materials on brush sides...
0...1...2...3...4...5...6...7...8...9...100...1...2...3...4...5...6...7...8...9...10
FindPortalSide: Couldn't find a good match for which brush to assign to a portal near (4516.0 3164.0 449.5)
Leaf 0 contents: CONTENTS_SOLID 
Leaf 1 contents: 
viscontents (node 0 contents ^ node 1 contents): CONTENTS_SOLID 
This means that none of the brushes in leaf 0 or 1 that touches the portal has CONTENTS_SOLID 
Check for a huge brush enclosing the coordinates above that has contents CONTENTS_SOLID 
Candidate brush IDs: Brush 6202: Brush 6228: Brush 6234: Brush 6240: 

Processing areas...done (0)
Building Faces...done (0)
Occluder "" straddles multiple areas. This is invalid!
Occluder "" straddles multiple areas. This is invalid!
Occluder "" straddles multiple areas. This is invalid!
Occluder "" straddles multiple areas. This is invalid!
Occluder "" straddles multiple areas. This is invalid!
Occluder "" straddles multiple areas. This is invalid!
Occluder "" straddles multiple areas. This is invalid!
Occluder "" straddles multiple areas. This is invalid!
Occluder "" straddles multiple areas. This is invalid!
Occluder "" straddles multiple areas. This is invalid!
Occluder "" straddles multiple areas. This is invalid!
Occluder "" straddles multiple areas. This is invalid!
Occluder "" straddles multiple areas. This is invalid!
Occluder "" straddles multiple areas. This is invalid!
Occluder "" straddles multiple areas. This is invalid!
Occluder "" straddles multiple areas. This is invalid!
Occluder "" straddles multiple areas. This is invalid!
Occluder "" straddles multiple areas. This is invalid!
Occluder "" straddles multiple areas. This is invalid!
Occluder "" straddles multiple areas. This is invalid!
Occluder "" straddles multiple areas. This is invalid!
Occluder "" straddles multiple areas. This is invalid!
Occluder "" straddles multiple areas. This is invalid!
Occluder "" straddles multiple areas. This is invalid!
Occluder "" straddles multiple areas. This is invalid!
Occluder "" straddles multiple areas. This is invalid!
Occluder "" straddles multiple areas. This is invalid!
Chop Details...done (0)
Find Visible Detail Sides...
Merged 1236 detail faces...done (0)
Merging details...done (0)
FixTjuncs...
PruneNodes...
WriteBSP...
done (1)
writing c:\users\rtaab\documents\hammer\reverse_dead_air\r_c11m2_offices.prt...Building visibility clusters...
done (0)
Finding displacement neighbors...
Finding lightmap sample positions...
Displacement Alpha : 0...1...2...3...4...5...6...7...8...9...10
Building Physics collision data...
done (1) (1576053 bytes)
Cannot build Physics2 data
                                                             -----------
DataLinker total stream size                                     0.0 KiB
Static prop models/props_misc/wrongway_sign01_optimized.mdl outside the map (6272.00, 5770.91, 592.30)
Static prop models/props_misc/wrongway_sign01_optimized.mdl outside the map (6272.00, 5874.91, 592.30)
Placing detail props : 0...1...2...3...4...5...6...7...8...9...10
Compacting texture/material tables...
Reduced 9306 texinfos to 5002
Reduced 689 texdatas to 524 (31321 bytes to 23922)
Writing c:\users\rtaab\documents\hammer\reverse_dead_air\r_c11m2_offices.bsp
11 seconds elapsed



8 threads
reading c:\users\rtaab\documents\hammer\reverse_dead_air\r_c11m2_offices.bsp
max farz in all env_fog_controller entities: 10000.000000 (used for radial vis)
reading c:\users\rtaab\documents\hammer\reverse_dead_air\r_c11m2_offices.prt
1798 portalclusters
4455 numportals
0...1...2...3...4...5...6...7...8...9...10Optimized: 73080 visible clusters (0.00%)
Total clusters visible: 1964762
Average clusters visible: 1092
Building PAS...
Average clusters audible: 1597
visdatasize:752128  compressed from 834272
writing c:\users\rtaab\documents\hammer\reverse_dead_air\r_c11m2_offices.bsp
0 seconds elapsed



Using shader api: shaderapiempty.dll
materialPath: D:\programfile\steam\steamapps\common\left 4 dead 2\left4dead2\materials
Loading c:\users\rtaab\documents\hammer\reverse_dead_air\r_c11m2_offices.vmf
Can't find surfaceprop cloth for material METAL/CUBICLE01, using default
fixing up env_cubemap materials on brush sides...
0...1...2...3...4...5...6...7...8...9...100...1...2...3...4...5...6...7...8...9...10
FindPortalSide: Couldn't find a good match for which brush to assign to a portal near (4516.0 3164.0 449.5)
Leaf 0 contents: CONTENTS_SOLID 
Leaf 1 contents: 
viscontents (node 0 contents ^ node 1 contents): CONTENTS_SOLID 
This means that none of the brushes in leaf 0 or 1 that touches the portal has CONTENTS_SOLID 
Check for a huge brush enclosing the coordinates above that has contents CONTENTS_SOLID 
Candidate brush IDs: Brush 6202: Brush 6228: Brush 6234: Brush 6240: 

Processing areas...done (0)
Building Faces...done (0)
Occluder "" straddles multiple areas. This is invalid!
Occluder "" straddles multiple areas. This is invalid!
Occluder "" straddles multiple areas. This is invalid!
Occluder "" straddles multiple areas. This is invalid!
Occluder "" straddles multiple areas. This is invalid!
Occluder "" straddles multiple areas. This is invalid!
Occluder "" straddles multiple areas. This is invalid!
Occluder "" straddles multiple areas. This is invalid!
Occluder "" straddles multiple areas. This is invalid!
Occluder "" straddles multiple areas. This is invalid!
Occluder "" straddles multiple areas. This is invalid!
Occluder "" straddles multiple areas. This is invalid!
Occluder "" straddles multiple areas. This is invalid!
Occluder "" straddles multiple areas. This is invalid!
Occluder "" straddles multiple areas. This is invalid!
Occluder "" straddles multiple areas. This is invalid!
Occluder "" straddles multiple areas. This is invalid!
Occluder "" straddles multiple areas. This is invalid!
Occluder "" straddles multiple areas. This is invalid!
Occluder "" straddles multiple areas. This is invalid!
Occluder "" straddles multiple areas. This is invalid!
Occluder "" straddles multiple areas. This is invalid!
Occluder "" straddles multiple areas. This is invalid!
Occluder "" straddles multiple areas. This is invalid!
Occluder "" straddles multiple areas. This is invalid!
Occluder "" straddles multiple areas. This is invalid!
Occluder "" straddles multiple areas. This is invalid!
Chop Details...done (0)
Find Visible Detail Sides...
Merged 1236 detail faces...done (0)
Merging details...done (0)
FixTjuncs...
PruneNodes...
WriteBSP...
done (0)
writing c:\users\rtaab\documents\hammer\reverse_dead_air\r_c11m2_offices.prt...Building visibility clusters...
done (1)
Finding displacement neighbors...
Finding lightmap sample positions...
Displacement Alpha : 0...1...2...3...4...5...6...7...8...9...10
Building Physics collision data...
done (1) (1576602 bytes)
Cannot build Physics2 data
                                                             -----------
DataLinker total stream size                                     0.0 KiB
Static prop models/props_misc/wrongway_sign01_optimized.mdl outside the map (6272.00, 5770.91, 592.30)
Static prop models/props_misc/wrongway_sign01_optimized.mdl outside the map (6272.00, 5874.91, 592.30)
Placing detail props : 0...1...2...3...4...5...6...7...8...9...10
Compacting texture/material tables...
Reduced 9312 texinfos to 5003
Reduced 689 texdatas to 524 (31321 bytes to 23922)
Writing c:\users\rtaab\documents\hammer\reverse_dead_air\r_c11m2_offices.bsp
11 seconds elapsed



8 threads
reading c:\users\rtaab\documents\hammer\reverse_dead_air\r_c11m2_offices.bsp
max farz in all env_fog_controller entities: 10000.000000 (used for radial vis)
reading c:\users\rtaab\documents\hammer\reverse_dead_air\r_c11m2_offices.prt
1798 portalclusters
4455 numportals
0...1...2...3...4...5...6...7...8...9...10Optimized: 73080 visible clusters (0.00%)
Total clusters visible: 1964762
Average clusters visible: 1092
Building PAS...
Average clusters audible: 1597
visdatasize:752128  compressed from 834272
writing c:\users\rtaab\documents\hammer\reverse_dead_air\r_c11m2_offices.bsp
0 seconds elapsed



Using shader api: shaderapiempty.dll
materialPath: D:\programfile\steam\steamapps\common\left 4 dead 2\left4dead2\materials
Loading c:\users\rtaab\documents\hammer\reverse_dead_air\r_c11m2_offices.vmf
Can't find surfaceprop cloth for material METAL/CUBICLE01, using default
fixing up env_cubemap materials on brush sides...
0...1...2...3...4...5...6...7...8...9...100...1...2...3...4...5...6...7...8...9...10
FindPortalSide: Couldn't find a good match for which brush to assign to a portal near (4516.0 3164.0 449.5)
Leaf 0 contents: CONTENTS_SOLID 
Leaf 1 contents: 
viscontents (node 0 contents ^ node 1 contents): CONTENTS_SOLID 
This means that none of the brushes in leaf 0 or 1 that touches the portal has CONTENTS_SOLID 
Check for a huge brush enclosing the coordinates above that has contents CONTENTS_SOLID 
Candidate brush IDs: Brush 6202: Brush 6228: Brush 6234: Brush 6240: 

Processing areas...done (0)
Building Faces...done (0)
Occluder "" straddles multiple areas. This is invalid!
Occluder "" straddles multiple areas. This is invalid!
Occluder "" straddles multiple areas. This is invalid!
Occluder "" straddles multiple areas. This is invalid!
Occluder "" straddles multiple areas. This is invalid!
Occluder "" straddles multiple areas. This is invalid!
Occluder "" straddles multiple areas. This is invalid!
Occluder "" straddles multiple areas. This is invalid!
Occluder "" straddles multiple areas. This is invalid!
Occluder "" straddles multiple areas. This is invalid!
Occluder "" straddles multiple areas. This is invalid!
Occluder "" straddles multiple areas. This is invalid!
Occluder "" straddles multiple areas. This is invalid!
Occluder "" straddles multiple areas. This is invalid!
Occluder "" straddles multiple areas. This is invalid!
Occluder "" straddles multiple areas. This is invalid!
Occluder "" straddles multiple areas. This is invalid!
Occluder "" straddles multiple areas. This is invalid!
Occluder "" straddles multiple areas. This is invalid!
Occluder "" straddles multiple areas. This is invalid!
Occluder "" straddles multiple areas. This is invalid!
Occluder "" straddles multiple areas. This is invalid!
Occluder "" straddles multiple areas. This is invalid!
Occluder "" straddles multiple areas. This is invalid!
Occluder "" straddles multiple areas. This is invalid!
Occluder "" straddles multiple areas. This is invalid!
Occluder "" straddles multiple areas. This is invalid!
Chop Details...done (1)
Find Visible Detail Sides...
Merged 1236 detail faces...done (1)
Merging details...done (0)
FixTjuncs...
PruneNodes...
WriteBSP...
done (0)
writing c:\users\rtaab\documents\hammer\reverse_dead_air\r_c11m2_offices.prt...Building visibility clusters...
done (0)
Finding displacement neighbors...
Finding lightmap sample positions...
Displacement Alpha : 0...1...2...3...4...5...6...7...8...9...10
Building Physics collision data...
done (1) (1576602 bytes)
Cannot build Physics2 data
                                                             -----------
DataLinker total stream size                                     0.0 KiB
Static prop models/props_misc/wrongway_sign01_optimized.mdl outside the map (6272.00, 5770.91, 592.30)
Static prop models/props_misc/wrongway_sign01_optimized.mdl outside the map (6272.00, 5874.91, 592.30)
Placing detail props : 0...1...2...3...4...5...6...7...8...9...10
Compacting texture/material tables...
Reduced 9312 texinfos to 5003
Reduced 689 texdatas to 524 (31321 bytes to 23922)
Writing c:\users\rtaab\documents\hammer\reverse_dead_air\r_c11m2_offices.bsp
10 seconds elapsed



8 threads
reading c:\users\rtaab\documents\hammer\reverse_dead_air\r_c11m2_offices.bsp
max farz in all env_fog_controller entities: 10000.000000 (used for radial vis)
reading c:\users\rtaab\documents\hammer\reverse_dead_air\r_c11m2_offices.prt
1798 portalclusters
4455 numportals
0...1...2...3...4...5...6...7...8...9...10Optimized: 73080 visible clusters (0.00%)
Total clusters visible: 1964762
Average clusters visible: 1092
Building PAS...
Average clusters audible: 1597
visdatasize:752128  compressed from 834272
writing c:\users\rtaab\documents\hammer\reverse_dead_air\r_c11m2_offices.bsp
0 seconds elapsed



Using shader api: shaderapiempty.dll
materialPath: D:\programfile\steam\steamapps\common\left 4 dead 2\left4dead2\materials
Loading c:\users\rtaab\documents\hammer\reverse_dead_air\r_c11m2_offices.vmf
Can't find surfaceprop cloth for material METAL/CUBICLE01, using default
fixing up env_cubemap materials on brush sides...
0...1...2...3...4...5...6...7...8...9...100...1...2...3...4...5...6...7...8...9...10
FindPortalSide: Couldn't find a good match for which brush to assign to a portal near (4516.0 3164.0 449.5)
Leaf 0 contents: CONTENTS_SOLID 
Leaf 1 contents: 
viscontents (node 0 contents ^ node 1 contents): CONTENTS_SOLID 
This means that none of the brushes in leaf 0 or 1 that touches the portal has CONTENTS_SOLID 
Check for a huge brush enclosing the coordinates above that has contents CONTENTS_SOLID 
Candidate brush IDs: Brush 6202: Brush 6228: Brush 6234: Brush 6240: 

Processing areas...done (0)
Building Faces...done (0)
Occluder "" straddles multiple areas. This is invalid!
Occluder "" straddles multiple areas. This is invalid!
Occluder "" straddles multiple areas. This is invalid!
Occluder "" straddles multiple areas. This is invalid!
Occluder "" straddles multiple areas. This is invalid!
Occluder "" straddles multiple areas. This is invalid!
Occluder "" straddles multiple areas. This is invalid!
Occluder "" straddles multiple areas. This is invalid!
Occluder "" straddles multiple areas. This is invalid!
Occluder "" straddles multiple areas. This is invalid!
Occluder "" straddles multiple areas. This is invalid!
Occluder "" straddles multiple areas. This is invalid!
Occluder "" straddles multiple areas. This is invalid!
Occluder "" straddles multiple areas. This is invalid!
Occluder "" straddles multiple areas. This is invalid!
Occluder "" straddles multiple areas. This is invalid!
Occluder "" straddles multiple areas. This is invalid!
Occluder "" straddles multiple areas. This is invalid!
Occluder "" straddles multiple areas. This is invalid!
Occluder "" straddles multiple areas. This is invalid!
Occluder "" straddles multiple areas. This is invalid!
Occluder "" straddles multiple areas. This is invalid!
Occluder "" straddles multiple areas. This is invalid!
Occluder "" straddles multiple areas. This is invalid!
Occluder "" straddles multiple areas. This is invalid!
Occluder "" straddles multiple areas. This is invalid!
Occluder "" straddles multiple areas. This is invalid!
Chop Details...done (1)
Find Visible Detail Sides...
Merged 1236 detail faces...done (1)
Merging details...done (0)
FixTjuncs...
PruneNodes...
WriteBSP...
done (0)
writing c:\users\rtaab\documents\hammer\reverse_dead_air\r_c11m2_offices.prt...Building visibility clusters...
done (0)
Finding displacement neighbors...
Finding lightmap sample positions...
Displacement Alpha : 0...1...2...3...4...5...6...7...8...9...10
Building Physics collision data...
done (1) (1576053 bytes)
Cannot build Physics2 data
                                                             -----------
DataLinker total stream size                                     0.0 KiB
Static prop models/props_misc/wrongway_sign01_optimized.mdl outside the map (6272.00, 5770.91, 592.30)
Static prop models/props_misc/wrongway_sign01_optimized.mdl outside the map (6272.00, 5874.91, 592.30)
Placing detail props : 0...1...2...3...4...5...6...7...8...9...10
Compacting texture/material tables...
Reduced 9307 texinfos to 5002
Reduced 689 texdatas to 524 (31321 bytes to 23922)
Writing c:\users\rtaab\documents\hammer\reverse_dead_air\r_c11m2_offices.bsp
10 seconds elapsed



8 threads
reading c:\users\rtaab\documents\hammer\reverse_dead_air\r_c11m2_offices.bsp
max farz in all env_fog_controller entities: 10000.000000 (used for radial vis)
reading c:\users\rtaab\documents\hammer\reverse_dead_air\r_c11m2_offices.prt
1798 portalclusters
4455 numportals
0...1...2...3...4...5...6...7...8...9...10Optimized: 73080 visible clusters (0.00%)
Total clusters visible: 1964762
Average clusters visible: 1092
Building PAS...
Average clusters audible: 1597
visdatasize:752128  compressed from 834272
writing c:\users\rtaab\documents\hammer\reverse_dead_air\r_c11m2_offices.bsp
0 seconds elapsed



Using shader api: shaderapiempty.dll
materialPath: D:\programfile\steam\steamapps\common\left 4 dead 2\left4dead2\materials
Loading c:\users\rtaab\documents\hammer\reverse_dead_air\r_c11m2_offices.vmf
Can't find surfaceprop cloth for material METAL/CUBICLE01, using default
fixing up env_cubemap materials on brush sides...
0...1...2...3...4...5...6...7...8...9...100...1...2...3...4...5...6...7...8...9...10
FindPortalSide: Couldn't find a good match for which brush to assign to a portal near (4516.0 3164.0 449.5)
Leaf 0 contents: CONTENTS_SOLID 
Leaf 1 contents: 
viscontents (node 0 contents ^ node 1 contents): CONTENTS_SOLID 
This means that none of the brushes in leaf 0 or 1 that touches the portal has CONTENTS_SOLID 
Check for a huge brush enclosing the coordinates above that has contents CONTENTS_SOLID 
Candidate brush IDs: Brush 6202: Brush 6228: Brush 6234: Brush 6240: 

Processing areas...done (0)
Building Faces...done (0)
Occluder "" straddles multiple areas. This is invalid!
Occluder "" straddles multiple areas. This is invalid!
Occluder "" straddles multiple areas. This is invalid!
Occluder "" straddles multiple areas. This is invalid!
Occluder "" straddles multiple areas. This is invalid!
Occluder "" straddles multiple areas. This is invalid!
Occluder "" straddles multiple areas. This is invalid!
Occluder "" straddles multiple areas. This is invalid!
Occluder "" straddles multiple areas. This is invalid!
Occluder "" straddles multiple areas. This is invalid!
Occluder "" straddles multiple areas. This is invalid!
Occluder "" straddles multiple areas. This is invalid!
Occluder "" straddles multiple areas. This is invalid!
Occluder "" straddles multiple areas. This is invalid!
Occluder "" straddles multiple areas. This is invalid!
Occluder "" straddles multiple areas. This is invalid!
Occluder "" straddles multiple areas. This is invalid!
Occluder "" straddles multiple areas. This is invalid!
Occluder "" straddles multiple areas. This is invalid!
Occluder "" straddles multiple areas. This is invalid!
Occluder "" straddles multiple areas. This is invalid!
Occluder "" straddles multiple areas. This is invalid!
Occluder "" straddles multiple areas. This is invalid!
Occluder "" straddles multiple areas. This is invalid!
Occluder "" straddles multiple areas. This is invalid!
Occluder "" straddles multiple areas. This is invalid!
Occluder "" straddles multiple areas. This is invalid!
Chop Details...done (0)
Find Visible Detail Sides...
Merged 1236 detail faces...done (0)
Merging details...done (0)
FixTjuncs...
PruneNodes...
WriteBSP...
done (0)
writing c:\users\rtaab\documents\hammer\reverse_dead_air\r_c11m2_offices.prt...Building visibility clusters...
done (0)
Finding displacement neighbors...
Finding lightmap sample positions...
Displacement Alpha : 0...1...2...3...4...5...6...7...8...9...10
Building Physics collision data...
done (1) (1582434 bytes)
Cannot build Physics2 data
                                                             -----------
DataLinker total stream size                                     0.0 KiB
Static prop models/props_misc/wrongway_sign01_optimized.mdl outside the map (6272.00, 5770.91, 592.30)
Static prop models/props_misc/wrongway_sign01_optimized.mdl outside the map (6272.00, 5874.91, 592.30)
Placing detail props : 0...1...2...3...4...5...6...7...8...9...10
Compacting texture/material tables...
Reduced 9420 texinfos to 5031
Reduced 705 texdatas to 536 (32200 bytes to 24574)
Writing c:\users\rtaab\documents\hammer\reverse_dead_air\r_c11m2_offices.bsp
10 seconds elapsed



8 threads
reading c:\users\rtaab\documents\hammer\reverse_dead_air\r_c11m2_offices.bsp
max farz in all env_fog_controller entities: 10000.000000 (used for radial vis)
reading c:\users\rtaab\documents\hammer\reverse_dead_air\r_c11m2_offices.prt
1805 portalclusters
4466 numportals
0...1...2...3...4...5...6...7...8...9...10Optimized: 74142 visible clusters (0.00%)
Total clusters visible: 1968601
Average clusters visible: 1090
Building PAS...
Average clusters audible: 1601
visdatasize:756975  compressed from 837520
writing c:\users\rtaab\documents\hammer\reverse_dead_air\r_c11m2_offices.bsp
0 seconds elapsed



Using shader api: shaderapiempty.dll
materialPath: D:\programfile\steam\steamapps\common\left 4 dead 2\left4dead2\materials
Loading c:\users\rtaab\documents\hammer\reverse_dead_air\r_c11m2_offices.vmf
Can't find surfaceprop cloth for material METAL/CUBICLE01, using default
fixing up env_cubemap materials on brush sides...
0...1...2...3...4...5...6...7...8...9...100...1...2...3...4...5...6...7...8...9...10
FindPortalSide: Couldn't find a good match for which brush to assign to a portal near (4516.0 3164.0 449.5)
Leaf 0 contents: CONTENTS_SOLID 
Leaf 1 contents: 
viscontents (node 0 contents ^ node 1 contents): CONTENTS_SOLID 
This means that none of the brushes in leaf 0 or 1 that touches the portal has CONTENTS_SOLID 
Check for a huge brush enclosing the coordinates above that has contents CONTENTS_SOLID 
Candidate brush IDs: Brush 6202: Brush 6228: Brush 6234: Brush 6240: 

Processing areas...done (0)
Building Faces...done (0)
Occluder "" straddles multiple areas. This is invalid!
Occluder "" straddles multiple areas. This is invalid!
Occluder "" straddles multiple areas. This is invalid!
Occluder "" straddles multiple areas. This is invalid!
Occluder "" straddles multiple areas. This is invalid!
Occluder "" straddles multiple areas. This is invalid!
Occluder "" straddles multiple areas. This is invalid!
Occluder "" straddles multiple areas. This is invalid!
Occluder "" straddles multiple areas. This is invalid!
Occluder "" straddles multiple areas. This is invalid!
Occluder "" straddles multiple areas. This is invalid!
Occluder "" straddles multiple areas. This is invalid!
Occluder "" straddles multiple areas. This is invalid!
Occluder "" straddles multiple areas. This is invalid!
Occluder "" straddles multiple areas. This is invalid!
Occluder "" straddles multiple areas. This is invalid!
Occluder "" straddles multiple areas. This is invalid!
Occluder "" straddles multiple areas. This is invalid!
Occluder "" straddles multiple areas. This is invalid!
Occluder "" straddles multiple areas. This is invalid!
Occluder "" straddles multiple areas. This is invalid!
Occluder "" straddles multiple areas. This is invalid!
Occluder "" straddles multiple areas. This is invalid!
Occluder "" straddles multiple areas. This is invalid!
Occluder "" straddles multiple areas. This is invalid!
Occluder "" straddles multiple areas. This is invalid!
Occluder "" straddles multiple areas. This is invalid!
Chop Details...done (1)
Find Visible Detail Sides...
Merged 1236 detail faces...done (1)
Merging details...done (0)
FixTjuncs...
PruneNodes...
WriteBSP...
done (0)
writing c:\users\rtaab\documents\hammer\reverse_dead_air\r_c11m2_offices.prt...Building visibility clusters...
done (0)
Finding displacement neighbors...
Finding lightmap sample positions...
Displacement Alpha : 0...1...2...3...4...5...6...7...8...9...10
Building Physics collision data...
done (1) (1588898 bytes)
Cannot build Physics2 data
                                                             -----------
DataLinker total stream size                                     0.0 KiB
Static prop models/props_misc/wrongway_sign01_optimized.mdl outside the map (6272.00, 5770.91, 592.30)
Static prop models/props_misc/wrongway_sign01_optimized.mdl outside the map (6272.00, 5874.91, 592.30)
Placing detail props : 0...1...2...3...4...5...6...7...8...9...10
Compacting texture/material tables...
Reduced 9429 texinfos to 5031
Reduced 705 texdatas to 536 (32200 bytes to 24574)
Writing c:\users\rtaab\documents\hammer\reverse_dead_air\r_c11m2_offices.bsp
11 seconds elapsed



8 threads
reading c:\users\rtaab\documents\hammer\reverse_dead_air\r_c11m2_offices.bsp
max farz in all env_fog_controller entities: 10000.000000 (used for radial vis)
reading c:\users\rtaab\documents\hammer\reverse_dead_air\r_c11m2_offices.prt
1805 portalclusters
4466 numportals
0...1...2...3...4...5...6...7...8...9...10Optimized: 74142 visible clusters (0.00%)
Total clusters visible: 1968601
Average clusters visible: 1090
Building PAS...
Average clusters audible: 1601
visdatasize:756975  compressed from 837520
writing c:\users\rtaab\documents\hammer\reverse_dead_air\r_c11m2_offices.bsp
0 seconds elapsed



Using shader api: shaderapiempty.dll
materialPath: D:\programfile\steam\steamapps\common\left 4 dead 2\left4dead2\materials
Loading c:\users\rtaab\documents\hammer\reverse_dead_air\r_c11m2_offices.vmf
Can't find surfaceprop cloth for material METAL/CUBICLE01, using default
fixing up env_cubemap materials on brush sides...
0...1...2...3...4...5...6...7...8...9...100...1...2...3...4...5...6...7...8...9...10
FindPortalSide: Couldn't find a good match for which brush to assign to a portal near (4516.0 3164.0 449.5)
Leaf 0 contents: CONTENTS_SOLID 
Leaf 1 contents: 
viscontents (node 0 contents ^ node 1 contents): CONTENTS_SOLID 
This means that none of the brushes in leaf 0 or 1 that touches the portal has CONTENTS_SOLID 
Check for a huge brush enclosing the coordinates above that has contents CONTENTS_SOLID 
Candidate brush IDs: Brush 6202: Brush 6228: Brush 6234: Brush 6240: 

Processing areas...done (0)
Building Faces...done (0)
Occluder "" straddles multiple areas. This is invalid!
Occluder "" straddles multiple areas. This is invalid!
Occluder "" straddles multiple areas. This is invalid!
Occluder "" straddles multiple areas. This is invalid!
Occluder "" straddles multiple areas. This is invalid!
Occluder "" straddles multiple areas. This is invalid!
Occluder "" straddles multiple areas. This is invalid!
Occluder "" straddles multiple areas. This is invalid!
Occluder "" straddles multiple areas. This is invalid!
Occluder "" straddles multiple areas. This is invalid!
Occluder "" straddles multiple areas. This is invalid!
Occluder "" straddles multiple areas. This is invalid!
Occluder "" straddles multiple areas. This is invalid!
Occluder "" straddles multiple areas. This is invalid!
Occluder "" straddles multiple areas. This is invalid!
Occluder "" straddles multiple areas. This is invalid!
Occluder "" straddles multiple areas. This is invalid!
Occluder "" straddles multiple areas. This is invalid!
Occluder "" straddles multiple areas. This is invalid!
Occluder "" straddles multiple areas. This is invalid!
Occluder "" straddles multiple areas. This is invalid!
Occluder "" straddles multiple areas. This is invalid!
Occluder "" straddles multiple areas. This is invalid!
Occluder "" straddles multiple areas. This is invalid!
Occluder "" straddles multiple areas. This is invalid!
Occluder "" straddles multiple areas. This is invalid!
Occluder "" straddles multiple areas. This is invalid!
Chop Details...done (0)
Find Visible Detail Sides...
Merged 1236 detail faces...done (0)
Merging details...done (0)
FixTjuncs...
PruneNodes...
WriteBSP...
done (0)
writing c:\users\rtaab\documents\hammer\reverse_dead_air\r_c11m2_offices.prt...Building visibility clusters...
done (1)
Finding displacement neighbors...
Finding lightmap sample positions...
Displacement Alpha : 0...1...2...3...4...5...6...7...8...9...10
Building Physics collision data...
done (1) (1590834 bytes)
Cannot build Physics2 data
                                                             -----------
DataLinker total stream size                                     0.0 KiB
Static prop models/props_misc/wrongway_sign01_optimized.mdl outside the map (6272.00, 5770.91, 592.30)
Static prop models/props_misc/wrongway_sign01_optimized.mdl outside the map (6272.00, 5874.91, 592.30)
Placing detail props : 0...1...2...3...4...5...6...7...8...9...10
Compacting texture/material tables...
Reduced 9432 texinfos to 5031
Reduced 705 texdatas to 536 (32200 bytes to 24574)
Writing c:\users\rtaab\documents\hammer\reverse_dead_air\r_c11m2_offices.bsp
10 seconds elapsed



8 threads
reading c:\users\rtaab\documents\hammer\reverse_dead_air\r_c11m2_offices.bsp
max farz in all env_fog_controller entities: 10000.000000 (used for radial vis)
reading c:\users\rtaab\documents\hammer\reverse_dead_air\r_c11m2_offices.prt
1805 portalclusters
4466 numportals
0...1...2...3...4...5...6...7...8...9...10Optimized: 74142 visible clusters (0.00%)
Total clusters visible: 1968601
Average clusters visible: 1090
Building PAS...
Average clusters audible: 1601
visdatasize:756975  compressed from 837520
writing c:\users\rtaab\documents\hammer\reverse_dead_air\r_c11m2_offices.bsp
0 seconds elapsed



Using shader api: shaderapiempty.dll
materialPath: D:\programfile\steam\steamapps\common\left 4 dead 2\left4dead2\materials
Loading c:\users\rtaab\documents\hammer\reverse_dead_air\r_c11m2_offices.vmf
Can't find surfaceprop cloth for material METAL/CUBICLE01, using default
fixing up env_cubemap materials on brush sides...
0...1...2...3...4...5...6...7...8...9...100...1...2...3...4...5...6...7...8...9...10
FindPortalSide: Couldn't find a good match for which brush to assign to a portal near (4516.0 3164.0 449.5)
Leaf 0 contents: CONTENTS_SOLID 
Leaf 1 contents: 
viscontents (node 0 contents ^ node 1 contents): CONTENTS_SOLID 
This means that none of the brushes in leaf 0 or 1 that touches the portal has CONTENTS_SOLID 
Check for a huge brush enclosing the coordinates above that has contents CONTENTS_SOLID 
Candidate brush IDs: Brush 6202: Brush 6228: Brush 6234: Brush 6240: 

Processing areas...done (0)
Building Faces...done (0)
Occluder "" straddles multiple areas. This is invalid!
Occluder "" straddles multiple areas. This is invalid!
Occluder "" straddles multiple areas. This is invalid!
Occluder "" straddles multiple areas. This is invalid!
Occluder "" straddles multiple areas. This is invalid!
Occluder "" straddles multiple areas. This is invalid!
Occluder "" straddles multiple areas. This is invalid!
Occluder "" straddles multiple areas. This is invalid!
Occluder "" straddles multiple areas. This is invalid!
Occluder "" straddles multiple areas. This is invalid!
Occluder "" straddles multiple areas. This is invalid!
Occluder "" straddles multiple areas. This is invalid!
Occluder "" straddles multiple areas. This is invalid!
Occluder "" straddles multiple areas. This is invalid!
Occluder "" straddles multiple areas. This is invalid!
Occluder "" straddles multiple areas. This is invalid!
Occluder "" straddles multiple areas. This is invalid!
Occluder "" straddles multiple areas. This is invalid!
Occluder "" straddles multiple areas. This is invalid!
Occluder "" straddles multiple areas. This is invalid!
Occluder "" straddles multiple areas. This is invalid!
Occluder "" straddles multiple areas. This is invalid!
Occluder "" straddles multiple areas. This is invalid!
Occluder "" straddles multiple areas. This is invalid!
Occluder "" straddles multiple areas. This is invalid!
Occluder "" straddles multiple areas. This is invalid!
Occluder "" straddles multiple areas. This is invalid!
Chop Details...done (0)
Find Visible Detail Sides...
Merged 1236 detail faces...done (0)
Merging details...done (0)
FixTjuncs...
PruneNodes...
WriteBSP...
done (0)
writing c:\users\rtaab\documents\hammer\reverse_dead_air\r_c11m2_offices.prt...Building visibility clusters...
done (0)
Finding displacement neighbors...
Finding lightmap sample positions...
Displacement Alpha : 0...1...2...3...4...5...6...7...8...9...10
Building Physics collision data...
done (1) (1590834 bytes)
Cannot build Physics2 data
                                                             -----------
DataLinker total stream size                                     0.0 KiB
Static prop models/props_misc/wrongway_sign01_optimized.mdl outside the map (6272.00, 5770.91, 592.30)
Static prop models/props_misc/wrongway_sign01_optimized.mdl outside the map (6272.00, 5874.91, 592.30)
Placing detail props : 0...1...2...3...4...5...6...7...8...9...10
Compacting texture/material tables...
Reduced 9432 texinfos to 5031
Reduced 705 texdatas to 536 (32200 bytes to 24574)
Writing c:\users\rtaab\documents\hammer\reverse_dead_air\r_c11m2_offices.bsp
11 seconds elapsed



8 threads
reading c:\users\rtaab\documents\hammer\reverse_dead_air\r_c11m2_offices.bsp
max farz in all env_fog_controller entities: 10000.000000 (used for radial vis)
reading c:\users\rtaab\documents\hammer\reverse_dead_air\r_c11m2_offices.prt
1805 portalclusters
4466 numportals
0...1...2...3...4...5...6...7...8...9...10Optimized: 74142 visible clusters (0.00%)
Total clusters visible: 1968601
Average clusters visible: 1090
Building PAS...
Average clusters audible: 1601
visdatasize:756975  compressed from 837520
writing c:\users\rtaab\documents\hammer\reverse_dead_air\r_c11m2_offices.bsp
1 second elapsed



Using shader api: shaderapiempty.dll
materialPath: D:\programfile\steam\steamapps\common\left 4 dead 2\left4dead2\materials
Loading c:\users\rtaab\documents\hammer\reverse_dead_air\r_c11m2_offices.vmf
Can't find surfaceprop cloth for material METAL/CUBICLE01, using default
fixing up env_cubemap materials on brush sides...
0...1...2...3...4...5...6...7...8...9...100...1...2...3...4...5...6...7...8...9...10
FindPortalSide: Couldn't find a good match for which brush to assign to a portal near (4516.0 3164.0 449.5)
Leaf 0 contents: CONTENTS_SOLID 
Leaf 1 contents: 
viscontents (node 0 contents ^ node 1 contents): CONTENTS_SOLID 
This means that none of the brushes in leaf 0 or 1 that touches the portal has CONTENTS_SOLID 
Check for a huge brush enclosing the coordinates above that has contents CONTENTS_SOLID 
Candidate brush IDs: Brush 6202: Brush 6228: Brush 6234: Brush 6240: 

Processing areas...done (0)
Building Faces...done (0)
Occluder "" straddles multiple areas. This is invalid!
Occluder "" straddles multiple areas. This is invalid!
Occluder "" straddles multiple areas. This is invalid!
Occluder "" straddles multiple areas. This is invalid!
Occluder "" straddles multiple areas. This is invalid!
Occluder "" straddles multiple areas. This is invalid!
Occluder "" straddles multiple areas. This is invalid!
Occluder "" straddles multiple areas. This is invalid!
Occluder "" straddles multiple areas. This is invalid!
Occluder "" straddles multiple areas. This is invalid!
Occluder "" straddles multiple areas. This is invalid!
Occluder "" straddles multiple areas. This is invalid!
Occluder "" straddles multiple areas. This is invalid!
Occluder "" straddles multiple areas. This is invalid!
Occluder "" straddles multiple areas. This is invalid!
Occluder "" straddles multiple areas. This is invalid!
Occluder "" straddles multiple areas. This is invalid!
Occluder "" straddles multiple areas. This is invalid!
Occluder "" straddles multiple areas. This is invalid!
Occluder "" straddles multiple areas. This is invalid!
Occluder "" straddles multiple areas. This is invalid!
Occluder "" straddles multiple areas. This is invalid!
Occluder "" straddles multiple areas. This is invalid!
Occluder "" straddles multiple areas. This is invalid!
Occluder "" straddles multiple areas. This is invalid!
Occluder "" straddles multiple areas. This is invalid!
Occluder "" straddles multiple areas. This is invalid!
Chop Details...done (1)
Find Visible Detail Sides...
Merged 1238 detail faces...done (1)
Merging details...done (0)
FixTjuncs...
PruneNodes...
WriteBSP...
done (0)
writing c:\users\rtaab\documents\hammer\reverse_dead_air\r_c11m2_offices.prt...Building visibility clusters...
done (0)
Finding displacement neighbors...
Finding lightmap sample positions...
Displacement Alpha : 0...1...2...3...4...5...6...7...8...9...10
Building Physics collision data...
done (1) (1591810 bytes)
Cannot build Physics2 data
                                                             -----------
DataLinker total stream size                                     0.0 KiB
Static prop models/props_misc/wrongway_sign01_optimized.mdl outside the map (6272.00, 5770.91, 592.30)
Static prop models/props_misc/wrongway_sign01_optimized.mdl outside the map (6272.00, 5874.91, 592.30)
Placing detail props : 0...1...2...3...4...5...6...7...8...9...10
Compacting texture/material tables...
Reduced 9436 texinfos to 5031
Reduced 705 texdatas to 536 (32200 bytes to 24574)
Writing c:\users\rtaab\documents\hammer\reverse_dead_air\r_c11m2_offices.bsp
10 seconds elapsed



8 threads
reading c:\users\rtaab\documents\hammer\reverse_dead_air\r_c11m2_offices.bsp
max farz in all env_fog_controller entities: 10000.000000 (used for radial vis)
reading c:\users\rtaab\documents\hammer\reverse_dead_air\r_c11m2_offices.prt
1805 portalclusters
4466 numportals
0...1...2...3...4...5...6...7...8...9...10Optimized: 74142 visible clusters (0.00%)
Total clusters visible: 1968601
Average clusters visible: 1090
Building PAS...
Average clusters audible: 1601
visdatasize:756975  compressed from 837520
writing c:\users\rtaab\documents\hammer\reverse_dead_air\r_c11m2_offices.bsp
0 seconds elapsed



Using shader api: shaderapiempty.dll
materialPath: D:\programfile\steam\steamapps\common\left 4 dead 2\left4dead2\materials
Loading c:\users\rtaab\documents\hammer\reverse_dead_air\r_c11m2_offices.vmf
Can't find surfaceprop cloth for material METAL/CUBICLE01, using default
fixing up env_cubemap materials on brush sides...
0...1...2...3...4...5...6...7...8...9...100...1...2...3...4...5...6...7...8...9...10
FindPortalSide: Couldn't find a good match for which brush to assign to a portal near (4516.0 3164.0 449.5)
Leaf 0 contents: CONTENTS_SOLID 
Leaf 1 contents: 
viscontents (node 0 contents ^ node 1 contents): CONTENTS_SOLID 
This means that none of the brushes in leaf 0 or 1 that touches the portal has CONTENTS_SOLID 
Check for a huge brush enclosing the coordinates above that has contents CONTENTS_SOLID 
Candidate brush IDs: Brush 6202: Brush 6228: Brush 6234: Brush 6240: 

Processing areas...done (0)
Building Faces...done (0)
Occluder "" straddles multiple areas. This is invalid!
Occluder "" straddles multiple areas. This is invalid!
Occluder "" straddles multiple areas. This is invalid!
Occluder "" straddles multiple areas. This is invalid!
Occluder "" straddles multiple areas. This is invalid!
Occluder "" straddles multiple areas. This is invalid!
Occluder "" straddles multiple areas. This is invalid!
Occluder "" straddles multiple areas. This is invalid!
Occluder "" straddles multiple areas. This is invalid!
Occluder "" straddles multiple areas. This is invalid!
Occluder "" straddles multiple areas. This is invalid!
Occluder "" straddles multiple areas. This is invalid!
Occluder "" straddles multiple areas. This is invalid!
Occluder "" straddles multiple areas. This is invalid!
Occluder "" straddles multiple areas. This is invalid!
Occluder "" straddles multiple areas. This is invalid!
Occluder "" straddles multiple areas. This is invalid!
Occluder "" straddles multiple areas. This is invalid!
Occluder "" straddles multiple areas. This is invalid!
Occluder "" straddles multiple areas. This is invalid!
Occluder "" straddles multiple areas. This is invalid!
Occluder "" straddles multiple areas. This is invalid!
Occluder "" straddles multiple areas. This is invalid!
Occluder "" straddles multiple areas. This is invalid!
Occluder "" straddles multiple areas. This is invalid!
Occluder "" straddles multiple areas. This is invalid!
Occluder "" straddles multiple areas. This is invalid!
Chop Details...done (0)
Find Visible Detail Sides...
Merged 1238 detail faces...done (0)
Merging details...done (0)
FixTjuncs...
PruneNodes...
WriteBSP...
done (0)
writing c:\users\rtaab\documents\hammer\reverse_dead_air\r_c11m2_offices.prt...Building visibility clusters...
done (0)
Finding displacement neighbors...
Finding lightmap sample positions...
Displacement Alpha : 0...1...2...3...4...5...6...7...8...9...10
Building Physics collision data...
done (1) (1594370 bytes)
Cannot build Physics2 data
                                                             -----------
DataLinker total stream size                                     0.0 KiB
Static prop models/props_misc/wrongway_sign01_optimized.mdl outside the map (6272.00, 5770.91, 592.30)
Static prop models/props_misc/wrongway_sign01_optimized.mdl outside the map (6272.00, 5874.91, 592.30)
Placing detail props : 0...1...2...3...4...5...6...7...8...9...10
Compacting texture/material tables...
Reduced 9447 texinfos to 5031
Reduced 705 texdatas to 536 (32200 bytes to 24574)
Writing c:\users\rtaab\documents\hammer\reverse_dead_air\r_c11m2_offices.bsp
10 seconds elapsed



8 threads
reading c:\users\rtaab\documents\hammer\reverse_dead_air\r_c11m2_offices.bsp
max farz in all env_fog_controller entities: 10000.000000 (used for radial vis)
reading c:\users\rtaab\documents\hammer\reverse_dead_air\r_c11m2_offices.prt
1805 portalclusters
4466 numportals
0...1...2...3...4...5...6...7...8...9...10Optimized: 74142 visible clusters (0.00%)
Total clusters visible: 1968601
Average clusters visible: 1090
Building PAS...
Average clusters audible: 1601
visdatasize:756975  compressed from 837520
writing c:\users\rtaab\documents\hammer\reverse_dead_air\r_c11m2_offices.bsp
0 seconds elapsed



Using shader api: shaderapiempty.dll
materialPath: D:\programfile\steam\steamapps\common\left 4 dead 2\left4dead2\materials
Loading c:\users\rtaab\documents\hammer\reverse_dead_air\r_c11m2_offices.vmf
Can't find surfaceprop cloth for material METAL/CUBICLE01, using default
fixing up env_cubemap materials on brush sides...
0...1...2...3...4...5...6...7...8...9...100...1...2...3...4...5...6...7...8...9...10
FindPortalSide: Couldn't find a good match for which brush to assign to a portal near (4516.0 3164.0 449.5)
Leaf 0 contents: CONTENTS_SOLID 
Leaf 1 contents: 
viscontents (node 0 contents ^ node 1 contents): CONTENTS_SOLID 
This means that none of the brushes in leaf 0 or 1 that touches the portal has CONTENTS_SOLID 
Check for a huge brush enclosing the coordinates above that has contents CONTENTS_SOLID 
Candidate brush IDs: Brush 6202: Brush 6228: Brush 6234: Brush 6240: 

Processing areas...done (0)
Building Faces...done (0)
Occluder "" straddles multiple areas. This is invalid!
Occluder "" straddles multiple areas. This is invalid!
Occluder "" straddles multiple areas. This is invalid!
Occluder "" straddles multiple areas. This is invalid!
Occluder "" straddles multiple areas. This is invalid!
Occluder "" straddles multiple areas. This is invalid!
Occluder "" straddles multiple areas. This is invalid!
Occluder "" straddles multiple areas. This is invalid!
Occluder "" straddles multiple areas. This is invalid!
Occluder "" straddles multiple areas. This is invalid!
Occluder "" straddles multiple areas. This is invalid!
Occluder "" straddles multiple areas. This is invalid!
Occluder "" straddles multiple areas. This is invalid!
Occluder "" straddles multiple areas. This is invalid!
Occluder "" straddles multiple areas. This is invalid!
Occluder "" straddles multiple areas. This is invalid!
Occluder "" straddles multiple areas. This is invalid!
Occluder "" straddles multiple areas. This is invalid!
Occluder "" straddles multiple areas. This is invalid!
Occluder "" straddles multiple areas. This is invalid!
Occluder "" straddles multiple areas. This is invalid!
Occluder "" straddles multiple areas. This is invalid!
Occluder "" straddles multiple areas. This is invalid!
Occluder "" straddles multiple areas. This is invalid!
Occluder "" straddles multiple areas. This is invalid!
Occluder "" straddles multiple areas. This is invalid!
Occluder "" straddles multiple areas. This is invalid!
Chop Details...done (0)
Find Visible Detail Sides...
Merged 1238 detail faces...done (0)
Merging details...done (0)
FixTjuncs...
PruneNodes...
WriteBSP...
done (0)
writing c:\users\rtaab\documents\hammer\reverse_dead_air\r_c11m2_offices.prt...Building visibility clusters...
done (0)
Finding displacement neighbors...
Finding lightmap sample positions...
Displacement Alpha : 0...1...2...3...4...5...6...7...8...9...10
Building Physics collision data...
done (1) (1594178 bytes)
Cannot build Physics2 data
                                                             -----------
DataLinker total stream size                                     0.0 KiB
Static prop models/props_misc/wrongway_sign01_optimized.mdl outside the map (6272.00, 5770.91, 592.30)
Static prop models/props_misc/wrongway_sign01_optimized.mdl outside the map (6272.00, 5874.91, 592.30)
Placing detail props : 0...1...2...3...4...5...6...7...8...9...10
Compacting texture/material tables...
Reduced 9447 texinfos to 5031
Reduced 705 texdatas to 536 (32200 bytes to 24574)
Writing c:\users\rtaab\documents\hammer\reverse_dead_air\r_c11m2_offices.bsp
10 seconds elapsed



8 threads
reading c:\users\rtaab\documents\hammer\reverse_dead_air\r_c11m2_offices.bsp
max farz in all env_fog_controller entities: 10000.000000 (used for radial vis)
reading c:\users\rtaab\documents\hammer\reverse_dead_air\r_c11m2_offices.prt
1805 portalclusters
4466 numportals
0...1...2...3...4...5...6...7...8...9...10Optimized: 74142 visible clusters (0.00%)
Total clusters visible: 1968601
Average clusters visible: 1090
Building PAS...
Average clusters audible: 1601
visdatasize:756975  compressed from 837520
writing c:\users\rtaab\documents\hammer\reverse_dead_air\r_c11m2_offices.bsp
0 seconds elapsed



Using shader api: shaderapiempty.dll
materialPath: D:\programfile\steam\steamapps\common\left 4 dead 2\left4dead2\materials
Loading c:\users\rtaab\documents\hammer\reverse_dead_air\r_c11m2_offices.vmf
Can't find surfaceprop cloth for material METAL/CUBICLE01, using default
fixing up env_cubemap materials on brush sides...
0...1...2...3...4...5...6...7...8...9...100...1...2...3...4...5...6...7...8...9...10
FindPortalSide: Couldn't find a good match for which brush to assign to a portal near (4516.0 3164.0 449.5)
Leaf 0 contents: CONTENTS_SOLID 
Leaf 1 contents: 
viscontents (node 0 contents ^ node 1 contents): CONTENTS_SOLID 
This means that none of the brushes in leaf 0 or 1 that touches the portal has CONTENTS_SOLID 
Check for a huge brush enclosing the coordinates above that has contents CONTENTS_SOLID 
Candidate brush IDs: Brush 6202: Brush 6228: Brush 6234: Brush 6240: 

Processing areas...done (0)
Building Faces...done (0)
Occluder "" straddles multiple areas. This is invalid!
Occluder "" straddles multiple areas. This is invalid!
Occluder "" straddles multiple areas. This is invalid!
Occluder "" straddles multiple areas. This is invalid!
Occluder "" straddles multiple areas. This is invalid!
Occluder "" straddles multiple areas. This is invalid!
Occluder "" straddles multiple areas. This is invalid!
Occluder "" straddles multiple areas. This is invalid!
Occluder "" straddles multiple areas. This is invalid!
Occluder "" straddles multiple areas. This is invalid!
Occluder "" straddles multiple areas. This is invalid!
Occluder "" straddles multiple areas. This is invalid!
Occluder "" straddles multiple areas. This is invalid!
Occluder "" straddles multiple areas. This is invalid!
Occluder "" straddles multiple areas. This is invalid!
Occluder "" straddles multiple areas. This is invalid!
Occluder "" straddles multiple areas. This is invalid!
Occluder "" straddles multiple areas. This is invalid!
Occluder "" straddles multiple areas. This is invalid!
Occluder "" straddles multiple areas. This is invalid!
Occluder "" straddles multiple areas. This is invalid!
Occluder "" straddles multiple areas. This is invalid!
Occluder "" straddles multiple areas. This is invalid!
Occluder "" straddles multiple areas. This is invalid!
Occluder "" straddles multiple areas. This is invalid!
Occluder "" straddles multiple areas. This is invalid!
Occluder "" straddles multiple areas. This is invalid!
Chop Details...done (1)
Find Visible Detail Sides...
Merged 1238 detail faces...done (1)
Merging details...done (0)
FixTjuncs...
PruneNodes...
WriteBSP...
done (0)
writing c:\users\rtaab\documents\hammer\reverse_dead_air\r_c11m2_offices.prt...Building visibility clusters...
done (0)
Finding displacement neighbors...
Finding lightmap sample positions...
Displacement Alpha : 0...1...2...3...4...5...6...7...8...9...10
Building Physics collision data...
done (1) (1594178 bytes)
Cannot build Physics2 data
                                                             -----------
DataLinker total stream size                                     0.0 KiB
Static prop models/props_misc/wrongway_sign01_optimized.mdl outside the map (6272.00, 5770.91, 592.30)
Static prop models/props_misc/wrongway_sign01_optimized.mdl outside the map (6272.00, 5874.91, 592.30)
Placing detail props : 0...1...2...3...4...5...6...7...8...9...10
Compacting texture/material tables...
Reduced 9447 texinfos to 5031
Reduced 705 texdatas to 536 (32200 bytes to 24574)
Writing c:\users\rtaab\documents\hammer\reverse_dead_air\r_c11m2_offices.bsp
10 seconds elapsed



8 threads
reading c:\users\rtaab\documents\hammer\reverse_dead_air\r_c11m2_offices.bsp
max farz in all env_fog_controller entities: 10000.000000 (used for radial vis)
reading c:\users\rtaab\documents\hammer\reverse_dead_air\r_c11m2_offices.prt
1805 portalclusters
4466 numportals
0...1...2...3...4...5...6...7...8...9...10Optimized: 74142 visible clusters (0.00%)
Total clusters visible: 1968601
Average clusters visible: 1090
Building PAS...
Average clusters audible: 1601
visdatasize:756975  compressed from 837520
writing c:\users\rtaab\documents\hammer\reverse_dead_air\r_c11m2_offices.bsp
0 seconds elapsed



Using shader api: shaderapiempty.dll
materialPath: D:\programfile\steam\steamapps\common\left 4 dead 2\left4dead2\materials
Loading c:\users\rtaab\documents\hammer\reverse_dead_air\r_c11m2_offices.vmf
Can't find surfaceprop cloth for material METAL/CUBICLE01, using default
fixing up env_cubemap materials on brush sides...
0...1...2...3...4...5...6...7...8...9...100...1...2...3...4...5...6...7...8...9...10
FindPortalSide: Couldn't find a good match for which brush to assign to a portal near (4516.0 3164.0 449.5)
Leaf 0 contents: CONTENTS_SOLID 
Leaf 1 contents: 
viscontents (node 0 contents ^ node 1 contents): CONTENTS_SOLID 
This means that none of the brushes in leaf 0 or 1 that touches the portal has CONTENTS_SOLID 
Check for a huge brush enclosing the coordinates above that has contents CONTENTS_SOLID 
Candidate brush IDs: Brush 6202: Brush 6228: Brush 6234: Brush 6240: 

Processing areas...done (0)
Building Faces...done (0)
Occluder "" straddles multiple areas. This is invalid!
Occluder "" straddles multiple areas. This is invalid!
Occluder "" straddles multiple areas. This is invalid!
Occluder "" straddles multiple areas. This is invalid!
Occluder "" straddles multiple areas. This is invalid!
Occluder "" straddles multiple areas. This is invalid!
Occluder "" straddles multiple areas. This is invalid!
Occluder "" straddles multiple areas. This is invalid!
Occluder "" straddles multiple areas. This is invalid!
Occluder "" straddles multiple areas. This is invalid!
Occluder "" straddles multiple areas. This is invalid!
Occluder "" straddles multiple areas. This is invalid!
Occluder "" straddles multiple areas. This is invalid!
Occluder "" straddles multiple areas. This is invalid!
Occluder "" straddles multiple areas. This is invalid!
Occluder "" straddles multiple areas. This is invalid!
Occluder "" straddles multiple areas. This is invalid!
Occluder "" straddles multiple areas. This is invalid!
Occluder "" straddles multiple areas. This is invalid!
Occluder "" straddles multiple areas. This is invalid!
Occluder "" straddles multiple areas. This is invalid!
Occluder "" straddles multiple areas. This is invalid!
Occluder "" straddles multiple areas. This is invalid!
Occluder "" straddles multiple areas. This is invalid!
Occluder "" straddles multiple areas. This is invalid!
Occluder "" straddles multiple areas. This is invalid!
Occluder "" straddles multiple areas. This is invalid!
Chop Details...done (0)
Find Visible Detail Sides...
Merged 1238 detail faces...done (0)
Merging details...done (0)
FixTjuncs...
PruneNodes...
WriteBSP...
done (1)
writing c:\users\rtaab\documents\hammer\reverse_dead_air\r_c11m2_offices.prt...Building visibility clusters...
done (0)
Finding displacement neighbors...
Finding lightmap sample positions...
Displacement Alpha : 0...1...2...3...4...5...6...7...8...9...10
Building Physics collision data...
done (1) (1594178 bytes)
Cannot build Physics2 data
                                                             -----------
DataLinker total stream size                                     0.0 KiB
Static prop models/props_misc/wrongway_sign01_optimized.mdl outside the map (6272.00, 5770.91, 592.30)
Static prop models/props_misc/wrongway_sign01_optimized.mdl outside the map (6272.00, 5874.91, 592.30)
Placing detail props : 0...1...2...3...4...5...6...7...8...9...10
Compacting texture/material tables...
Reduced 9447 texinfos to 5031
Reduced 705 texdatas to 536 (32200 bytes to 24574)
Writing c:\users\rtaab\documents\hammer\reverse_dead_air\r_c11m2_offices.bsp
11 seconds elapsed



8 threads
reading c:\users\rtaab\documents\hammer\reverse_dead_air\r_c11m2_offices.bsp
max farz in all env_fog_controller entities: 10000.000000 (used for radial vis)
reading c:\users\rtaab\documents\hammer\reverse_dead_air\r_c11m2_offices.prt
1805 portalclusters
4466 numportals
0...1...2...3...4...5...6...7...8...9...10Optimized: 74142 visible clusters (0.00%)
Total clusters visible: 1968601
Average clusters visible: 1090
Building PAS...
Average clusters audible: 1601
visdatasize:756975  compressed from 837520
writing c:\users\rtaab\documents\hammer\reverse_dead_air\r_c11m2_offices.bsp
0 seconds elapsed



Using shader api: shaderapiempty.dll
materialPath: D:\programfile\steam\steamapps\common\left 4 dead 2\left4dead2\materials
Loading c:\users\rtaab\documents\hammer\reverse_dead_air\r_c11m2_offices.vmf
Can't find surfaceprop cloth for material METAL/CUBICLE01, using default
fixing up env_cubemap materials on brush sides...
0...1...2...3...4...5...6...7...8...9...100...1...2...3...4...5...6...7...8...9...10
FindPortalSide: Couldn't find a good match for which brush to assign to a portal near (4516.0 3164.0 449.5)
Leaf 0 contents: CONTENTS_SOLID 
Leaf 1 contents: 
viscontents (node 0 contents ^ node 1 contents): CONTENTS_SOLID 
This means that none of the brushes in leaf 0 or 1 that touches the portal has CONTENTS_SOLID 
Check for a huge brush enclosing the coordinates above that has contents CONTENTS_SOLID 
Candidate brush IDs: Brush 6202: Brush 6228: Brush 6234: Brush 6240: 

Processing areas...done (0)
Building Faces...done (0)
Occluder "" straddles multiple areas. This is invalid!
Occluder "" straddles multiple areas. This is invalid!
Occluder "" straddles multiple areas. This is invalid!
Occluder "" straddles multiple areas. This is invalid!
Occluder "" straddles multiple areas. This is invalid!
Occluder "" straddles multiple areas. This is invalid!
Occluder "" straddles multiple areas. This is invalid!
Occluder "" straddles multiple areas. This is invalid!
Occluder "" straddles multiple areas. This is invalid!
Occluder "" straddles multiple areas. This is invalid!
Occluder "" straddles multiple areas. This is invalid!
Occluder "" straddles multiple areas. This is invalid!
Occluder "" straddles multiple areas. This is invalid!
Occluder "" straddles multiple areas. This is invalid!
Occluder "" straddles multiple areas. This is invalid!
Occluder "" straddles multiple areas. This is invalid!
Occluder "" straddles multiple areas. This is invalid!
Occluder "" straddles multiple areas. This is invalid!
Occluder "" straddles multiple areas. This is invalid!
Occluder "" straddles multiple areas. This is invalid!
Occluder "" straddles multiple areas. This is invalid!
Occluder "" straddles multiple areas. This is invalid!
Occluder "" straddles multiple areas. This is invalid!
Occluder "" straddles multiple areas. This is invalid!
Occluder "" straddles multiple areas. This is invalid!
Occluder "" straddles multiple areas. This is invalid!
Occluder "" straddles multiple areas. This is invalid!
Chop Details...done (0)
Find Visible Detail Sides...
Merged 1238 detail faces...done (0)
Merging details...done (0)
FixTjuncs...
PruneNodes...
WriteBSP...
done (0)
writing c:\users\rtaab\documents\hammer\reverse_dead_air\r_c11m2_offices.prt...Building visibility clusters...
done (0)
Finding displacement neighbors...
Finding lightmap sample positions...
Displacement Alpha : 0...1...2...3...4...5...6...7...8...9...10
Building Physics collision data...
done (1) (1594178 bytes)
Cannot build Physics2 data
                                                             -----------
DataLinker total stream size                                     0.0 KiB
Static prop models/props_misc/wrongway_sign01_optimized.mdl outside the map (6272.00, 5770.91, 592.30)
Static prop models/props_misc/wrongway_sign01_optimized.mdl outside the map (6272.00, 5874.91, 592.30)
Placing detail props : 0...1...2...3...4...5...6...7...8...9...10
Compacting texture/material tables...
Reduced 9447 texinfos to 5031
Reduced 705 texdatas to 536 (32200 bytes to 24574)
Writing c:\users\rtaab\documents\hammer\reverse_dead_air\r_c11m2_offices.bsp
10 seconds elapsed



8 threads
reading c:\users\rtaab\documents\hammer\reverse_dead_air\r_c11m2_offices.bsp
max farz in all env_fog_controller entities: 10000.000000 (used for radial vis)
reading c:\users\rtaab\documents\hammer\reverse_dead_air\r_c11m2_offices.prt
1805 portalclusters
4466 numportals
0...1...2...3...4...5...6...7...8...9...10Optimized: 74142 visible clusters (0.00%)
Total clusters visible: 1968601
Average clusters visible: 1090
Building PAS...
Average clusters audible: 1601
visdatasize:756975  compressed from 837520
writing c:\users\rtaab\documents\hammer\reverse_dead_air\r_c11m2_offices.bsp
0 seconds elapsed



Using shader api: shaderapiempty.dll
materialPath: D:\programfile\steam\steamapps\common\left 4 dead 2\left4dead2\materials
Loading c:\users\rtaab\documents\hammer\reverse_dead_air\r_c11m2_offices.vmf
Can't find surfaceprop cloth for material METAL/CUBICLE01, using default
fixing up env_cubemap materials on brush sides...
0...1...2...3...4...5...6...7...8...9...100...1...2...3...4...5...6...7...8...9...10
FindPortalSide: Couldn't find a good match for which brush to assign to a portal near (4516.0 3164.0 449.5)
Leaf 0 contents: CONTENTS_SOLID 
Leaf 1 contents: 
viscontents (node 0 contents ^ node 1 contents): CONTENTS_SOLID 
This means that none of the brushes in leaf 0 or 1 that touches the portal has CONTENTS_SOLID 
Check for a huge brush enclosing the coordinates above that has contents CONTENTS_SOLID 
Candidate brush IDs: Brush 6202: Brush 6228: Brush 6234: Brush 6240: 

Processing areas...done (0)
Building Faces...done (0)
Occluder "" straddles multiple areas. This is invalid!
Occluder "" straddles multiple areas. This is invalid!
Occluder "" straddles multiple areas. This is invalid!
Occluder "" straddles multiple areas. This is invalid!
Occluder "" straddles multiple areas. This is invalid!
Occluder "" straddles multiple areas. This is invalid!
Occluder "" straddles multiple areas. This is invalid!
Occluder "" straddles multiple areas. This is invalid!
Occluder "" straddles multiple areas. This is invalid!
Occluder "" straddles multiple areas. This is invalid!
Occluder "" straddles multiple areas. This is invalid!
Occluder "" straddles multiple areas. This is invalid!
Occluder "" straddles multiple areas. This is invalid!
Occluder "" straddles multiple areas. This is invalid!
Occluder "" straddles multiple areas. This is invalid!
Occluder "" straddles multiple areas. This is invalid!
Occluder "" straddles multiple areas. This is invalid!
Occluder "" straddles multiple areas. This is invalid!
Occluder "" straddles multiple areas. This is invalid!
Occluder "" straddles multiple areas. This is invalid!
Occluder "" straddles multiple areas. This is invalid!
Occluder "" straddles multiple areas. This is invalid!
Occluder "" straddles multiple areas. This is invalid!
Occluder "" straddles multiple areas. This is invalid!
Occluder "" straddles multiple areas. This is invalid!
Occluder "" straddles multiple areas. This is invalid!
Occluder "" straddles multiple areas. This is invalid!
Chop Details...done (0)
Find Visible Detail Sides...
Merged 1238 detail faces...done (0)
Merging details...done (0)
FixTjuncs...
PruneNodes...
WriteBSP...
done (1)
writing c:\users\rtaab\documents\hammer\reverse_dead_air\r_c11m2_offices.prt...Building visibility clusters...
done (0)
Finding displacement neighbors...
Finding lightmap sample positions...
Displacement Alpha : 0...1...2...3...4...5...6...7...8...9...10
Building Physics collision data...
done (1) (1593586 bytes)
Cannot build Physics2 data
                                                             -----------
DataLinker total stream size                                     0.0 KiB
Static prop models/props_misc/wrongway_sign01_optimized.mdl outside the map (6272.00, 5770.91, 592.30)
Static prop models/props_misc/wrongway_sign01_optimized.mdl outside the map (6272.00, 5874.91, 592.30)
Placing detail props : 0...1...2...3...4...5...6...7...8...9...10
Compacting texture/material tables...
Reduced 9445 texinfos to 5031
Reduced 705 texdatas to 536 (32200 bytes to 24574)
Writing c:\users\rtaab\documents\hammer\reverse_dead_air\r_c11m2_offices.bsp
11 seconds elapsed



8 threads
reading c:\users\rtaab\documents\hammer\reverse_dead_air\r_c11m2_offices.bsp
max farz in all env_fog_controller entities: 10000.000000 (used for radial vis)
reading c:\users\rtaab\documents\hammer\reverse_dead_air\r_c11m2_offices.prt
1805 portalclusters
4466 numportals
0...1...2...3...4...5...6...7...8...9...10Optimized: 74142 visible clusters (0.00%)
Total clusters visible: 1968601
Average clusters visible: 1090
Building PAS...
Average clusters audible: 1601
visdatasize:756975  compressed from 837520
writing c:\users\rtaab\documents\hammer\reverse_dead_air\r_c11m2_offices.bsp
0 seconds elapsed



Using shader api: shaderapiempty.dll
materialPath: D:\programfile\steam\steamapps\common\left 4 dead 2\left4dead2\materials
Loading c:\users\rtaab\documents\hammer\reverse_dead_air\r_c11m2_offices.vmf
Can't find surfaceprop cloth for material METAL/CUBICLE01, using default
fixing up env_cubemap materials on brush sides...
0...1...2...3...4...5...6...7...8...9...100...1...2...3...4...5...6...7...8...9...10
FindPortalSide: Couldn't find a good match for which brush to assign to a portal near (4516.0 3164.0 449.5)
Leaf 0 contents: CONTENTS_SOLID 
Leaf 1 contents: 
viscontents (node 0 contents ^ node 1 contents): CONTENTS_SOLID 
This means that none of the brushes in leaf 0 or 1 that touches the portal has CONTENTS_SOLID 
Check for a huge brush enclosing the coordinates above that has contents CONTENTS_SOLID 
Candidate brush IDs: Brush 6202: Brush 6228: Brush 6234: Brush 6240: 

Processing areas...done (0)
Building Faces...done (0)
Occluder "" straddles multiple areas. This is invalid!
Occluder "" straddles multiple areas. This is invalid!
Occluder "" straddles multiple areas. This is invalid!
Occluder "" straddles multiple areas. This is invalid!
Occluder "" straddles multiple areas. This is invalid!
Occluder "" straddles multiple areas. This is invalid!
Occluder "" straddles multiple areas. This is invalid!
Occluder "" straddles multiple areas. This is invalid!
Occluder "" straddles multiple areas. This is invalid!
Occluder "" straddles multiple areas. This is invalid!
Occluder "" straddles multiple areas. This is invalid!
Occluder "" straddles multiple areas. This is invalid!
Occluder "" straddles multiple areas. This is invalid!
Occluder "" straddles multiple areas. This is invalid!
Occluder "" straddles multiple areas. This is invalid!
Occluder "" straddles multiple areas. This is invalid!
Occluder "" straddles multiple areas. This is invalid!
Occluder "" straddles multiple areas. This is invalid!
Occluder "" straddles multiple areas. This is invalid!
Occluder "" straddles multiple areas. This is invalid!
Occluder "" straddles multiple areas. This is invalid!
Occluder "" straddles multiple areas. This is invalid!
Occluder "" straddles multiple areas. This is invalid!
Occluder "" straddles multiple areas. This is invalid!
Occluder "" straddles multiple areas. This is invalid!
Occluder "" straddles multiple areas. This is invalid!
Occluder "" straddles multiple areas. This is invalid!
Chop Details...done (0)
Find Visible Detail Sides...
Merged 1238 detail faces...done (0)
Merging details...done (0)
FixTjuncs...
PruneNodes...
WriteBSP...
done (0)
writing c:\users\rtaab\documents\hammer\reverse_dead_air\r_c11m2_offices.prt...Building visibility clusters...
done (1)
Finding displacement neighbors...
Finding lightmap sample positions...
Displacement Alpha : 0...1...2...3...4...5...6...7...8...9...10
Building Physics collision data...
done (1) (1593586 bytes)
Cannot build Physics2 data
                                                             -----------
DataLinker total stream size                                     0.0 KiB
Static prop models/props_misc/wrongway_sign01_optimized.mdl outside the map (6272.00, 5770.91, 592.30)
Static prop models/props_misc/wrongway_sign01_optimized.mdl outside the map (6272.00, 5874.91, 592.30)
Placing detail props : 0...1...2...3...4...5...6...7...8...9...10
Compacting texture/material tables...
Reduced 9445 texinfos to 5031
Reduced 705 texdatas to 536 (32200 bytes to 24574)
Writing c:\users\rtaab\documents\hammer\reverse_dead_air\r_c11m2_offices.bsp
10 seconds elapsed



8 threads
reading c:\users\rtaab\documents\hammer\reverse_dead_air\r_c11m2_offices.bsp
max farz in all env_fog_controller entities: 10000.000000 (used for radial vis)
reading c:\users\rtaab\documents\hammer\reverse_dead_air\r_c11m2_offices.prt
1805 portalclusters
4466 numportals
0...1...2...3...4...5...6...7...8...9...10Optimized: 74142 visible clusters (0.00%)
Total clusters visible: 1968601
Average clusters visible: 1090
Building PAS...
Average clusters audible: 1601
visdatasize:756975  compressed from 837520
writing c:\users\rtaab\documents\hammer\reverse_dead_air\r_c11m2_offices.bsp
0 seconds elapsed



Using shader api: shaderapiempty.dll
materialPath: D:\programfile\steam\steamapps\common\left 4 dead 2\left4dead2\materials
Loading c:\users\rtaab\documents\hammer\reverse_dead_air\r_c11m2_offices.vmf
Can't find surfaceprop cloth for material METAL/CUBICLE01, using default
fixing up env_cubemap materials on brush sides...
0...1...2...3...4...5...6...7...8...9...100...1...2...3...4...5...6...7...8...9...10
FindPortalSide: Couldn't find a good match for which brush to assign to a portal near (4516.0 3164.0 449.5)
Leaf 0 contents: CONTENTS_SOLID 
Leaf 1 contents: 
viscontents (node 0 contents ^ node 1 contents): CONTENTS_SOLID 
This means that none of the brushes in leaf 0 or 1 that touches the portal has CONTENTS_SOLID 
Check for a huge brush enclosing the coordinates above that has contents CONTENTS_SOLID 
Candidate brush IDs: Brush 6202: Brush 6228: Brush 6234: Brush 6240: 

Processing areas...done (0)
Building Faces...done (0)
Occluder "" straddles multiple areas. This is invalid!
Occluder "" straddles multiple areas. This is invalid!
Occluder "" straddles multiple areas. This is invalid!
Occluder "" straddles multiple areas. This is invalid!
Occluder "" straddles multiple areas. This is invalid!
Occluder "" straddles multiple areas. This is invalid!
Occluder "" straddles multiple areas. This is invalid!
Occluder "" straddles multiple areas. This is invalid!
Occluder "" straddles multiple areas. This is invalid!
Occluder "" straddles multiple areas. This is invalid!
Occluder "" straddles multiple areas. This is invalid!
Occluder "" straddles multiple areas. This is invalid!
Occluder "" straddles multiple areas. This is invalid!
Occluder "" straddles multiple areas. This is invalid!
Occluder "" straddles multiple areas. This is invalid!
Occluder "" straddles multiple areas. This is invalid!
Occluder "" straddles multiple areas. This is invalid!
Occluder "" straddles multiple areas. This is invalid!
Occluder "" straddles multiple areas. This is invalid!
Occluder "" straddles multiple areas. This is invalid!
Occluder "" straddles multiple areas. This is invalid!
Occluder "" straddles multiple areas. This is invalid!
Occluder "" straddles multiple areas. This is invalid!
Occluder "" straddles multiple areas. This is invalid!
Occluder "" straddles multiple areas. This is invalid!
Occluder "" straddles multiple areas. This is invalid!
Occluder "" straddles multiple areas. This is invalid!
Chop Details...done (0)
Find Visible Detail Sides...
Merged 1238 detail faces...done (0)
Merging details...done (0)
FixTjuncs...
PruneNodes...
WriteBSP...
done (0)
writing c:\users\rtaab\documents\hammer\reverse_dead_air\r_c11m2_offices.prt...Building visibility clusters...
done (0)
Finding displacement neighbors...
Finding lightmap sample positions...
Displacement Alpha : 0...1...2...3...4...5...6...7...8...9...10
Building Physics collision data...
done (1) (1593586 bytes)
Cannot build Physics2 data
                                                             -----------
DataLinker total stream size                                     0.0 KiB
Static prop models/props_misc/wrongway_sign01_optimized.mdl outside the map (6272.00, 5770.91, 592.30)
Static prop models/props_misc/wrongway_sign01_optimized.mdl outside the map (6272.00, 5874.91, 592.30)
Placing detail props : 0...1...2...3...4...5...6...7...8...9...10
Compacting texture/material tables...
Reduced 9449 texinfos to 5031
Reduced 705 texdatas to 536 (32200 bytes to 24574)
Writing c:\users\rtaab\documents\hammer\reverse_dead_air\r_c11m2_offices.bsp
10 seconds elapsed



8 threads
reading c:\users\rtaab\documents\hammer\reverse_dead_air\r_c11m2_offices.bsp
max farz in all env_fog_controller entities: 10000.000000 (used for radial vis)
reading c:\users\rtaab\documents\hammer\reverse_dead_air\r_c11m2_offices.prt
1805 portalclusters
4466 numportals
0...1...2...3...4...5...6...7...8...9...10Optimized: 74142 visible clusters (0.00%)
Total clusters visible: 1968601
Average clusters visible: 1090
Building PAS...
Average clusters audible: 1601
visdatasize:756975  compressed from 837520
writing c:\users\rtaab\documents\hammer\reverse_dead_air\r_c11m2_offices.bsp
0 seconds elapsed



Using shader api: shaderapiempty.dll
materialPath: D:\programfile\steam\steamapps\common\left 4 dead 2\left4dead2\materials
Loading c:\users\rtaab\documents\hammer\reverse_dead_air\r_c11m2_offices.vmf
Can't find surfaceprop cloth for material METAL/CUBICLE01, using default
fixing up env_cubemap materials on brush sides...
0...1...2...3...4...5...6...7...8...9...100...1...2...3...4...5...6...7...8...9...10
FindPortalSide: Couldn't find a good match for which brush to assign to a portal near (4516.0 3164.0 449.5)
Leaf 0 contents: CONTENTS_SOLID 
Leaf 1 contents: 
viscontents (node 0 contents ^ node 1 contents): CONTENTS_SOLID 
This means that none of the brushes in leaf 0 or 1 that touches the portal has CONTENTS_SOLID 
Check for a huge brush enclosing the coordinates above that has contents CONTENTS_SOLID 
Candidate brush IDs: Brush 6202: Brush 6228: Brush 6234: Brush 6240: 

Processing areas...done (0)
Building Faces...done (0)
Occluder "" straddles multiple areas. This is invalid!
Occluder "" straddles multiple areas. This is invalid!
Occluder "" straddles multiple areas. This is invalid!
Occluder "" straddles multiple areas. This is invalid!
Occluder "" straddles multiple areas. This is invalid!
Occluder "" straddles multiple areas. This is invalid!
Occluder "" straddles multiple areas. This is invalid!
Occluder "" straddles multiple areas. This is invalid!
Occluder "" straddles multiple areas. This is invalid!
Occluder "" straddles multiple areas. This is invalid!
Occluder "" straddles multiple areas. This is invalid!
Occluder "" straddles multiple areas. This is invalid!
Occluder "" straddles multiple areas. This is invalid!
Occluder "" straddles multiple areas. This is invalid!
Occluder "" straddles multiple areas. This is invalid!
Occluder "" straddles multiple areas. This is invalid!
Occluder "" straddles multiple areas. This is invalid!
Occluder "" straddles multiple areas. This is invalid!
Occluder "" straddles multiple areas. This is invalid!
Occluder "" straddles multiple areas. This is invalid!
Occluder "" straddles multiple areas. This is invalid!
Occluder "" straddles multiple areas. This is invalid!
Occluder "" straddles multiple areas. This is invalid!
Occluder "" straddles multiple areas. This is invalid!
Occluder "" straddles multiple areas. This is invalid!
Occluder "" straddles multiple areas. This is invalid!
Occluder "" straddles multiple areas. This is invalid!
Chop Details...done (0)
Find Visible Detail Sides...
Merged 1238 detail faces...done (0)
Merging details...done (0)
FixTjuncs...
PruneNodes...
WriteBSP...
done (0)
writing c:\users\rtaab\documents\hammer\reverse_dead_air\r_c11m2_offices.prt...Building visibility clusters...
done (0)
Finding displacement neighbors...
Finding lightmap sample positions...
Displacement Alpha : 0...1...2...3...4...5...6...7...8...9...10
Building Physics collision data...
done (1) (1592402 bytes)
Cannot build Physics2 data
                                                             -----------
DataLinker total stream size                                     0.0 KiB
Static prop models/props_misc/wrongway_sign01_optimized.mdl outside the map (6272.00, 5770.91, 592.30)
Static prop models/props_misc/wrongway_sign01_optimized.mdl outside the map (6272.00, 5874.91, 592.30)
Placing detail props : 0...1...2...3...4...5...6...7...8...9...10
Compacting texture/material tables...
Reduced 9439 texinfos to 5031
Reduced 705 texdatas to 536 (32200 bytes to 24574)
Writing c:\users\rtaab\documents\hammer\reverse_dead_air\r_c11m2_offices.bsp
11 seconds elapsed



8 threads
reading c:\users\rtaab\documents\hammer\reverse_dead_air\r_c11m2_offices.bsp
max farz in all env_fog_controller entities: 10000.000000 (used for radial vis)
reading c:\users\rtaab\documents\hammer\reverse_dead_air\r_c11m2_offices.prt
1805 portalclusters
4466 numportals
0...1...2...3...4...5...6...7...8...9...10Optimized: 74142 visible clusters (0.00%)
Total clusters visible: 1968601
Average clusters visible: 1090
Building PAS...
Average clusters audible: 1601
visdatasize:756975  compressed from 837520
writing c:\users\rtaab\documents\hammer\reverse_dead_air\r_c11m2_offices.bsp
0 seconds elapsed



Using shader api: shaderapiempty.dll
materialPath: D:\programfile\steam\steamapps\common\left 4 dead 2\left4dead2\materials
Loading c:\users\rtaab\documents\hammer\reverse_dead_air\r_c11m2_offices.vmf
Can't find surfaceprop cloth for material METAL/CUBICLE01, using default
fixing up env_cubemap materials on brush sides...
0...1...2...3...4...5...6...7...8...9...100...1...2...3...4...5...6...7...8...9...10
FindPortalSide: Couldn't find a good match for which brush to assign to a portal near (4516.0 3164.0 449.5)
Leaf 0 contents: CONTENTS_SOLID 
Leaf 1 contents: 
viscontents (node 0 contents ^ node 1 contents): CONTENTS_SOLID 
This means that none of the brushes in leaf 0 or 1 that touches the portal has CONTENTS_SOLID 
Check for a huge brush enclosing the coordinates above that has contents CONTENTS_SOLID 
Candidate brush IDs: Brush 6202: Brush 6228: Brush 6234: Brush 6240: 

Processing areas...done (0)
Building Faces...done (0)
Occluder "" straddles multiple areas. This is invalid!
Occluder "" straddles multiple areas. This is invalid!
Occluder "" straddles multiple areas. This is invalid!
Occluder "" straddles multiple areas. This is invalid!
Occluder "" straddles multiple areas. This is invalid!
Occluder "" straddles multiple areas. This is invalid!
Occluder "" straddles multiple areas. This is invalid!
Occluder "" straddles multiple areas. This is invalid!
Occluder "" straddles multiple areas. This is invalid!
Occluder "" straddles multiple areas. This is invalid!
Occluder "" straddles multiple areas. This is invalid!
Occluder "" straddles multiple areas. This is invalid!
Occluder "" straddles multiple areas. This is invalid!
Occluder "" straddles multiple areas. This is invalid!
Occluder "" straddles multiple areas. This is invalid!
Occluder "" straddles multiple areas. This is invalid!
Occluder "" straddles multiple areas. This is invalid!
Occluder "" straddles multiple areas. This is invalid!
Occluder "" straddles multiple areas. This is invalid!
Occluder "" straddles multiple areas. This is invalid!
Occluder "" straddles multiple areas. This is invalid!
Occluder "" straddles multiple areas. This is invalid!
Occluder "" straddles multiple areas. This is invalid!
Occluder "" straddles multiple areas. This is invalid!
Occluder "" straddles multiple areas. This is invalid!
Occluder "" straddles multiple areas. This is invalid!
Occluder "" straddles multiple areas. This is invalid!
Chop Details...done (1)
Find Visible Detail Sides...
Merged 1238 detail faces...done (1)
Merging details...done (0)
FixTjuncs...
PruneNodes...
WriteBSP...
done (0)
writing c:\users\rtaab\documents\hammer\reverse_dead_air\r_c11m2_offices.prt...Building visibility clusters...
done (0)
Finding displacement neighbors...
Finding lightmap sample positions...
Displacement Alpha : 0...1...2...3...4...5...6...7...8...9...10
Building Physics collision data...
done (1) (1592994 bytes)
Cannot build Physics2 data
                                                             -----------
DataLinker total stream size                                     0.0 KiB
Static prop models/props_misc/wrongway_sign01_optimized.mdl outside the map (6272.00, 5770.91, 592.30)
Static prop models/props_misc/wrongway_sign01_optimized.mdl outside the map (6272.00, 5874.91, 592.30)
Placing detail props : 0...1...2...3...4...5...6...7...8...9...10
Compacting texture/material tables...
Reduced 9443 texinfos to 5031
Reduced 705 texdatas to 536 (32200 bytes to 24574)
Writing c:\users\rtaab\documents\hammer\reverse_dead_air\r_c11m2_offices.bsp
10 seconds elapsed



8 threads
reading c:\users\rtaab\documents\hammer\reverse_dead_air\r_c11m2_offices.bsp
max farz in all env_fog_controller entities: 10000.000000 (used for radial vis)
reading c:\users\rtaab\documents\hammer\reverse_dead_air\r_c11m2_offices.prt
1805 portalclusters
4466 numportals
0...1...2...3...4...5...6...7...8...9...10Optimized: 74142 visible clusters (0.00%)
Total clusters visible: 1968601
Average clusters visible: 1090
Building PAS...
Average clusters audible: 1601
visdatasize:756975  compressed from 837520
writing c:\users\rtaab\documents\hammer\reverse_dead_air\r_c11m2_offices.bsp
0 seconds elapsed



Using shader api: shaderapiempty.dll
materialPath: D:\programfile\steam\steamapps\common\left 4 dead 2\left4dead2\materials
Loading c:\users\rtaab\documents\hammer\reverse_dead_air\r_c11m2_offices.vmf
Can't find surfaceprop cloth for material METAL/CUBICLE01, using default
fixing up env_cubemap materials on brush sides...
0...1...2...3...4...5...6...7...8...9...100...1...2...3...4...5...6...7...8...9...10
FindPortalSide: Couldn't find a good match for which brush to assign to a portal near (4516.0 3164.0 449.5)
Leaf 0 contents: CONTENTS_SOLID 
Leaf 1 contents: 
viscontents (node 0 contents ^ node 1 contents): CONTENTS_SOLID 
This means that none of the brushes in leaf 0 or 1 that touches the portal has CONTENTS_SOLID 
Check for a huge brush enclosing the coordinates above that has contents CONTENTS_SOLID 
Candidate brush IDs: Brush 6202: Brush 6228: Brush 6234: Brush 6240: 

Processing areas...done (0)
Building Faces...done (0)
Occluder "" straddles multiple areas. This is invalid!
Occluder "" straddles multiple areas. This is invalid!
Occluder "" straddles multiple areas. This is invalid!
Occluder "" straddles multiple areas. This is invalid!
Occluder "" straddles multiple areas. This is invalid!
Occluder "" straddles multiple areas. This is invalid!
Occluder "" straddles multiple areas. This is invalid!
Occluder "" straddles multiple areas. This is invalid!
Occluder "" straddles multiple areas. This is invalid!
Occluder "" straddles multiple areas. This is invalid!
Occluder "" straddles multiple areas. This is invalid!
Occluder "" straddles multiple areas. This is invalid!
Occluder "" straddles multiple areas. This is invalid!
Occluder "" straddles multiple areas. This is invalid!
Occluder "" straddles multiple areas. This is invalid!
Occluder "" straddles multiple areas. This is invalid!
Occluder "" straddles multiple areas. This is invalid!
Occluder "" straddles multiple areas. This is invalid!
Occluder "" straddles multiple areas. This is invalid!
Occluder "" straddles multiple areas. This is invalid!
Occluder "" straddles multiple areas. This is invalid!
Occluder "" straddles multiple areas. This is invalid!
Occluder "" straddles multiple areas. This is invalid!
Occluder "" straddles multiple areas. This is invalid!
Occluder "" straddles multiple areas. This is invalid!
Occluder "" straddles multiple areas. This is invalid!
Occluder "" straddles multiple areas. This is invalid!
Chop Details...done (0)
Find Visible Detail Sides...
Merged 1238 detail faces...done (0)
Merging details...done (0)
FixTjuncs...
PruneNodes...
WriteBSP...
done (0)
writing c:\users\rtaab\documents\hammer\reverse_dead_air\r_c11m2_offices.prt...Building visibility clusters...
done (0)
Finding displacement neighbors...
Finding lightmap sample positions...
Displacement Alpha : 0...1...2...3...4...5...6...7...8...9...10
Building Physics collision data...
done (1) (1592994 bytes)
Cannot build Physics2 data
                                                             -----------
DataLinker total stream size                                     0.0 KiB
Static prop models/props_misc/wrongway_sign01_optimized.mdl outside the map (6272.00, 5770.91, 592.30)
Static prop models/props_misc/wrongway_sign01_optimized.mdl outside the map (6272.00, 5874.91, 592.30)
Placing detail props : 0...1...2...3...4...5...6...7...8...9...10
Compacting texture/material tables...
Reduced 9443 texinfos to 5031
Reduced 705 texdatas to 536 (32200 bytes to 24574)
Writing c:\users\rtaab\documents\hammer\reverse_dead_air\r_c11m2_offices.bsp
10 seconds elapsed



8 threads
reading c:\users\rtaab\documents\hammer\reverse_dead_air\r_c11m2_offices.bsp
max farz in all env_fog_controller entities: 10000.000000 (used for radial vis)
reading c:\users\rtaab\documents\hammer\reverse_dead_air\r_c11m2_offices.prt
1805 portalclusters
4466 numportals
0...1...2...3...4...5...6...7...8...9...10Optimized: 74142 visible clusters (0.00%)
Total clusters visible: 1968601
Average clusters visible: 1090
Building PAS...
Average clusters audible: 1601
visdatasize:756975  compressed from 837520
writing c:\users\rtaab\documents\hammer\reverse_dead_air\r_c11m2_offices.bsp
0 seconds elapsed



Using shader api: shaderapiempty.dll
materialPath: D:\programfile\steam\steamapps\common\left 4 dead 2\left4dead2\materials
Loading c:\users\rtaab\documents\hammer\reverse_dead_air\r_c11m2_offices.vmf
Can't find surfaceprop cloth for material METAL/CUBICLE01, using default
fixing up env_cubemap materials on brush sides...
0...1...2...3...4...5...6...7...8...9...100...1...2...3...4...5...6...7...8...9...10
FindPortalSide: Couldn't find a good match for which brush to assign to a portal near (4516.0 3164.0 449.5)
Leaf 0 contents: CONTENTS_SOLID 
Leaf 1 contents: 
viscontents (node 0 contents ^ node 1 contents): CONTENTS_SOLID 
This means that none of the brushes in leaf 0 or 1 that touches the portal has CONTENTS_SOLID 
Check for a huge brush enclosing the coordinates above that has contents CONTENTS_SOLID 
Candidate brush IDs: Brush 6202: Brush 6228: Brush 6234: Brush 6240: 

Processing areas...done (0)
Building Faces...done (0)
Occluder "" straddles multiple areas. This is invalid!
Occluder "" straddles multiple areas. This is invalid!
Occluder "" straddles multiple areas. This is invalid!
Occluder "" straddles multiple areas. This is invalid!
Occluder "" straddles multiple areas. This is invalid!
Occluder "" straddles multiple areas. This is invalid!
Occluder "" straddles multiple areas. This is invalid!
Occluder "" straddles multiple areas. This is invalid!
Occluder "" straddles multiple areas. This is invalid!
Occluder "" straddles multiple areas. This is invalid!
Occluder "" straddles multiple areas. This is invalid!
Occluder "" straddles multiple areas. This is invalid!
Occluder "" straddles multiple areas. This is invalid!
Occluder "" straddles multiple areas. This is invalid!
Occluder "" straddles multiple areas. This is invalid!
Occluder "" straddles multiple areas. This is invalid!
Occluder "" straddles multiple areas. This is invalid!
Occluder "" straddles multiple areas. This is invalid!
Occluder "" straddles multiple areas. This is invalid!
Occluder "" straddles multiple areas. This is invalid!
Occluder "" straddles multiple areas. This is invalid!
Occluder "" straddles multiple areas. This is invalid!
Occluder "" straddles multiple areas. This is invalid!
Occluder "" straddles multiple areas. This is invalid!
Occluder "" straddles multiple areas. This is invalid!
Occluder "" straddles multiple areas. This is invalid!
Occluder "" straddles multiple areas. This is invalid!
Chop Details...done (1)
Find Visible Detail Sides...
Merged 1238 detail faces...done (1)
Merging details...done (0)
FixTjuncs...
PruneNodes...
WriteBSP...
done (0)
writing c:\users\rtaab\documents\hammer\reverse_dead_air\r_c11m2_offices.prt...Building visibility clusters...
done (0)
Finding displacement neighbors...
Finding lightmap sample positions...
Displacement Alpha : 0...1...2...3...4...5...6...7...8...9...10
Building Physics collision data...
done (1) (1592994 bytes)
Cannot build Physics2 data
                                                             -----------
DataLinker total stream size                                     0.0 KiB
Static prop models/props_misc/wrongway_sign01_optimized.mdl outside the map (6272.00, 5770.91, 592.30)
Static prop models/props_misc/wrongway_sign01_optimized.mdl outside the map (6272.00, 5874.91, 592.30)
Placing detail props : 0...1...2...3...4...5...6...7...8...9...10
Compacting texture/material tables...
Reduced 9443 texinfos to 5031
Reduced 705 texdatas to 536 (32200 bytes to 24574)
Writing c:\users\rtaab\documents\hammer\reverse_dead_air\r_c11m2_offices.bsp
10 seconds elapsed



8 threads
reading c:\users\rtaab\documents\hammer\reverse_dead_air\r_c11m2_offices.bsp
max farz in all env_fog_controller entities: 10000.000000 (used for radial vis)
reading c:\users\rtaab\documents\hammer\reverse_dead_air\r_c11m2_offices.prt
1805 portalclusters
4466 numportals
0...1...2...3...4...5...6...7...8...9...10Optimized: 74142 visible clusters (0.00%)
Total clusters visible: 1968601
Average clusters visible: 1090
Building PAS...
Average clusters audible: 1601
visdatasize:756975  compressed from 837520
writing c:\users\rtaab\documents\hammer\reverse_dead_air\r_c11m2_offices.bsp
0 seconds elapsed



Using shader api: shaderapiempty.dll
materialPath: D:\programfile\steam\steamapps\common\left 4 dead 2\left4dead2\materials
Loading c:\users\rtaab\documents\hammer\reverse_dead_air\r_c11m2_offices.vmf
Can't find surfaceprop cloth for material METAL/CUBICLE01, using default
fixing up env_cubemap materials on brush sides...
0...1...2...3...4...5...6...7...8...9...100...1...2...3...4...5...6...7...8...9...10
FindPortalSide: Couldn't find a good match for which brush to assign to a portal near (4516.0 3164.0 449.5)
Leaf 0 contents: CONTENTS_SOLID 
Leaf 1 contents: 
viscontents (node 0 contents ^ node 1 contents): CONTENTS_SOLID 
This means that none of the brushes in leaf 0 or 1 that touches the portal has CONTENTS_SOLID 
Check for a huge brush enclosing the coordinates above that has contents CONTENTS_SOLID 
Candidate brush IDs: Brush 6202: Brush 6228: Brush 6234: Brush 6240: 

Processing areas...done (0)
Building Faces...done (0)
Occluder "" straddles multiple areas. This is invalid!
Occluder "" straddles multiple areas. This is invalid!
Occluder "" straddles multiple areas. This is invalid!
Occluder "" straddles multiple areas. This is invalid!
Occluder "" straddles multiple areas. This is invalid!
Occluder "" straddles multiple areas. This is invalid!
Occluder "" straddles multiple areas. This is invalid!
Occluder "" straddles multiple areas. This is invalid!
Occluder "" straddles multiple areas. This is invalid!
Occluder "" straddles multiple areas. This is invalid!
Occluder "" straddles multiple areas. This is invalid!
Occluder "" straddles multiple areas. This is invalid!
Occluder "" straddles multiple areas. This is invalid!
Occluder "" straddles multiple areas. This is invalid!
Occluder "" straddles multiple areas. This is invalid!
Occluder "" straddles multiple areas. This is invalid!
Occluder "" straddles multiple areas. This is invalid!
Occluder "" straddles multiple areas. This is invalid!
Occluder "" straddles multiple areas. This is invalid!
Occluder "" straddles multiple areas. This is invalid!
Occluder "" straddles multiple areas. This is invalid!
Occluder "" straddles multiple areas. This is invalid!
Occluder "" straddles multiple areas. This is invalid!
Occluder "" straddles multiple areas. This is invalid!
Occluder "" straddles multiple areas. This is invalid!
Occluder "" straddles multiple areas. This is invalid!
Occluder "" straddles multiple areas. This is invalid!
Chop Details...done (1)
Find Visible Detail Sides...
Merged 1238 detail faces...done (1)
Merging details...done (0)
FixTjuncs...
PruneNodes...
WriteBSP...
done (0)
writing c:\users\rtaab\documents\hammer\reverse_dead_air\r_c11m2_offices.prt...Building visibility clusters...
done (0)
Finding displacement neighbors...
Finding lightmap sample positions...
Displacement Alpha : 0...1...2...3...4...5...6...7...8...9...10
Building Physics collision data...
done (1) (1592994 bytes)
Cannot build Physics2 data
                                                             -----------
DataLinker total stream size                                     0.0 KiB
Static prop models/props_misc/wrongway_sign01_optimized.mdl outside the map (6272.00, 5770.91, 592.30)
Static prop models/props_misc/wrongway_sign01_optimized.mdl outside the map (6272.00, 5874.91, 592.30)
Placing detail props : 0...1...2...3...4...5...6...7...8...9...10
Compacting texture/material tables...
Reduced 9443 texinfos to 5031
Reduced 705 texdatas to 536 (32200 bytes to 24574)
Writing c:\users\rtaab\documents\hammer\reverse_dead_air\r_c11m2_offices.bsp
10 seconds elapsed



8 threads
reading c:\users\rtaab\documents\hammer\reverse_dead_air\r_c11m2_offices.bsp
max farz in all env_fog_controller entities: 10000.000000 (used for radial vis)
reading c:\users\rtaab\documents\hammer\reverse_dead_air\r_c11m2_offices.prt
1805 portalclusters
4466 numportals
0...1...2...3...4...5...6...7...8...9...10Optimized: 74142 visible clusters (0.00%)
Total clusters visible: 1968601
Average clusters visible: 1090
Building PAS...
Average clusters audible: 1601
visdatasize:756975  compressed from 837520
writing c:\users\rtaab\documents\hammer\reverse_dead_air\r_c11m2_offices.bsp
0 seconds elapsed



Using shader api: shaderapiempty.dll
materialPath: D:\programfile\steam\steamapps\common\left 4 dead 2\left4dead2\materials
Loading c:\users\rtaab\documents\hammer\reverse_dead_air\r_c11m2_offices.vmf
Can't find surfaceprop cloth for material METAL/CUBICLE01, using default
fixing up env_cubemap materials on brush sides...
0...1...2...3...4...5...6...7...8...9...100...1...2...3...4...5...6...7...8...9...10
FindPortalSide: Couldn't find a good match for which brush to assign to a portal near (4516.0 3164.0 449.5)
Leaf 0 contents: CONTENTS_SOLID 
Leaf 1 contents: 
viscontents (node 0 contents ^ node 1 contents): CONTENTS_SOLID 
This means that none of the brushes in leaf 0 or 1 that touches the portal has CONTENTS_SOLID 
Check for a huge brush enclosing the coordinates above that has contents CONTENTS_SOLID 
Candidate brush IDs: Brush 6202: Brush 6228: Brush 6234: Brush 6240: 

Processing areas...done (0)
Building Faces...done (0)
Occluder "" straddles multiple areas. This is invalid!
Occluder "" straddles multiple areas. This is invalid!
Occluder "" straddles multiple areas. This is invalid!
Occluder "" straddles multiple areas. This is invalid!
Occluder "" straddles multiple areas. This is invalid!
Occluder "" straddles multiple areas. This is invalid!
Occluder "" straddles multiple areas. This is invalid!
Occluder "" straddles multiple areas. This is invalid!
Occluder "" straddles multiple areas. This is invalid!
Occluder "" straddles multiple areas. This is invalid!
Occluder "" straddles multiple areas. This is invalid!
Occluder "" straddles multiple areas. This is invalid!
Occluder "" straddles multiple areas. This is invalid!
Occluder "" straddles multiple areas. This is invalid!
Occluder "" straddles multiple areas. This is invalid!
Occluder "" straddles multiple areas. This is invalid!
Occluder "" straddles multiple areas. This is invalid!
Occluder "" straddles multiple areas. This is invalid!
Occluder "" straddles multiple areas. This is invalid!
Occluder "" straddles multiple areas. This is invalid!
Occluder "" straddles multiple areas. This is invalid!
Occluder "" straddles multiple areas. This is invalid!
Occluder "" straddles multiple areas. This is invalid!
Occluder "" straddles multiple areas. This is invalid!
Occluder "" straddles multiple areas. This is invalid!
Occluder "" straddles multiple areas. This is invalid!
Occluder "" straddles multiple areas. This is invalid!
Occluder "" straddles multiple areas. This is invalid!
Occluder "" straddles multiple areas. This is invalid!
Occluder "" straddles multiple areas. This is invalid!
Occluder "" straddles multiple areas. This is invalid!
Occluder "" straddles multiple areas. This is invalid!
Occluder "" straddles multiple areas. This is invalid!
Occluder "" straddles multiple areas. This is invalid!
Occluder "" straddles multiple areas. This is invalid!
Occluder "" straddles multiple areas. This is invalid!
Occluder "" straddles multiple areas. This is invalid!
Occluder "" straddles multiple areas. This is invalid!
Occluder "" straddles multiple areas. This is invalid!
Occluder "" straddles multiple areas. This is invalid!
Occluder "" straddles multiple areas. This is invalid!
Occluder "" straddles multiple areas. This is invalid!
Occluder "" straddles multiple areas. This is invalid!
Occluder "" straddles multiple areas. This is invalid!
Occluder "" straddles multiple areas. This is invalid!
Occluder "" straddles multiple areas. This is invalid!
Chop Details...done (0)
Find Visible Detail Sides...
Merged 1238 detail faces...done (0)
Merging details...done (0)
FixTjuncs...
PruneNodes...
WriteBSP...
done (0)
writing c:\users\rtaab\documents\hammer\reverse_dead_air\r_c11m2_offices.prt...Building visibility clusters...
done (1)
Finding displacement neighbors...
Finding lightmap sample positions...
Displacement Alpha : 0...1...2...3...4...5...6...7...8...9...10
Building Physics collision data...
done (1) (1599633 bytes)
Cannot build Physics2 data
                                                             -----------
DataLinker total stream size                                     0.0 KiB
Placing detail props : 0...1...2...3...4...5...6...7...8...9...10
Compacting texture/material tables...
Reduced 9449 texinfos to 5034
Reduced 705 texdatas to 536 (32200 bytes to 24574)
Writing c:\users\rtaab\documents\hammer\reverse_dead_air\r_c11m2_offices.bsp
11 seconds elapsed



8 threads
reading c:\users\rtaab\documents\hammer\reverse_dead_air\r_c11m2_offices.bsp
max farz in all env_fog_controller entities: 10000.000000 (used for radial vis)
reading c:\users\rtaab\documents\hammer\reverse_dead_air\r_c11m2_offices.prt
1900 portalclusters
4729 numportals
0...1...2...3...4...5...6...7...8...9...10Optimized: 83110 visible clusters (0.00%)
Total clusters visible: 2186082
Average clusters visible: 1150
Building PAS...
Average clusters audible: 1691
visdatasize:844596  compressed from 912000
writing c:\users\rtaab\documents\hammer\reverse_dead_air\r_c11m2_offices.bsp
1 second elapsed



Using shader api: shaderapiempty.dll
materialPath: D:\programfile\steam\steamapps\common\left 4 dead 2\left4dead2\materials
Loading c:\users\rtaab\documents\hammer\reverse_dead_air\r_c11m2_offices.vmf
Can't find surfaceprop cloth for material METAL/CUBICLE01, using default
fixing up env_cubemap materials on brush sides...
0...1...2...3...4...5...6...7...8...9...100...1...2...3...4...5...6...7...8...9...10
FindPortalSide: Couldn't find a good match for which brush to assign to a portal near (4516.0 3164.0 449.5)
Leaf 0 contents: CONTENTS_SOLID 
Leaf 1 contents: 
viscontents (node 0 contents ^ node 1 contents): CONTENTS_SOLID 
This means that none of the brushes in leaf 0 or 1 that touches the portal has CONTENTS_SOLID 
Check for a huge brush enclosing the coordinates above that has contents CONTENTS_SOLID 
Candidate brush IDs: Brush 6202: Brush 6228: Brush 6234: Brush 6240: 

Processing areas...done (0)
Building Faces...done (0)
Occluder "" straddles multiple areas. This is invalid!
Occluder "" straddles multiple areas. This is invalid!
Occluder "" straddles multiple areas. This is invalid!
Occluder "" straddles multiple areas. This is invalid!
Occluder "" straddles multiple areas. This is invalid!
Occluder "" straddles multiple areas. This is invalid!
Occluder "" straddles multiple areas. This is invalid!
Occluder "" straddles multiple areas. This is invalid!
Occluder "" straddles multiple areas. This is invalid!
Occluder "" straddles multiple areas. This is invalid!
Occluder "" straddles multiple areas. This is invalid!
Occluder "" straddles multiple areas. This is invalid!
Occluder "" straddles multiple areas. This is invalid!
Occluder "" straddles multiple areas. This is invalid!
Occluder "" straddles multiple areas. This is invalid!
Occluder "" straddles multiple areas. This is invalid!
Occluder "" straddles multiple areas. This is invalid!
Occluder "" straddles multiple areas. This is invalid!
Occluder "" straddles multiple areas. This is invalid!
Occluder "" straddles multiple areas. This is invalid!
Occluder "" straddles multiple areas. This is invalid!
Occluder "" straddles multiple areas. This is invalid!
Occluder "" straddles multiple areas. This is invalid!
Occluder "" straddles multiple areas. This is invalid!
Occluder "" straddles multiple areas. This is invalid!
Occluder "" straddles multiple areas. This is invalid!
Occluder "" straddles multiple areas. This is invalid!
Occluder "" straddles multiple areas. This is invalid!
Occluder "" straddles multiple areas. This is invalid!
Occluder "" straddles multiple areas. This is invalid!
Occluder "" straddles multiple areas. This is invalid!
Occluder "" straddles multiple areas. This is invalid!
Occluder "" straddles multiple areas. This is invalid!
Occluder "" straddles multiple areas. This is invalid!
Occluder "" straddles multiple areas. This is invalid!
Occluder "" straddles multiple areas. This is invalid!
Occluder "" straddles multiple areas. This is invalid!
Occluder "" straddles multiple areas. This is invalid!
Occluder "" straddles multiple areas. This is invalid!
Occluder "" straddles multiple areas. This is invalid!
Occluder "" straddles multiple areas. This is invalid!
Occluder "" straddles multiple areas. This is invalid!
Occluder "" straddles multiple areas. This is invalid!
Occluder "" straddles multiple areas. This is invalid!
Occluder "" straddles multiple areas. This is invalid!
Occluder "" straddles multiple areas. This is invalid!
Chop Details...done (0)
Find Visible Detail Sides...
Merged 1238 detail faces...done (0)
Merging details...done (0)
FixTjuncs...
PruneNodes...
WriteBSP...
done (0)
writing c:\users\rtaab\documents\hammer\reverse_dead_air\r_c11m2_offices.prt...Building visibility clusters...
done (0)
Finding displacement neighbors...
Finding lightmap sample positions...
Displacement Alpha : 0...1...2...3...4...5...6...7...8...9...10
Building Physics collision data...
done (1) (1599633 bytes)
Cannot build Physics2 data
                                                             -----------
DataLinker total stream size                                     0.0 KiB
Placing detail props : 0...1...2...3...4...5...6...7...8...9...10
Compacting texture/material tables...
Reduced 9449 texinfos to 5034
Reduced 705 texdatas to 536 (32200 bytes to 24574)
Writing c:\users\rtaab\documents\hammer\reverse_dead_air\r_c11m2_offices.bsp
10 seconds elapsed



8 threads
reading c:\users\rtaab\documents\hammer\reverse_dead_air\r_c11m2_offices.bsp
max farz in all env_fog_controller entities: 10000.000000 (used for radial vis)
reading c:\users\rtaab\documents\hammer\reverse_dead_air\r_c11m2_offices.prt
1900 portalclusters
4729 numportals
0...1...2...3...4...5...6...7...8...9...10Optimized: 83110 visible clusters (0.00%)
Total clusters visible: 2186082
Average clusters visible: 1150
Building PAS...
Average clusters audible: 1691
visdatasize:844596  compressed from 912000
writing c:\users\rtaab\documents\hammer\reverse_dead_air\r_c11m2_offices.bsp
0 seconds elapsed



Using shader api: shaderapiempty.dll
materialPath: D:\programfile\steam\steamapps\common\left 4 dead 2\left4dead2\materials
Loading c:\users\rtaab\documents\hammer\reverse_dead_air\r_c11m2_offices.vmf
Can't find surfaceprop cloth for material METAL/CUBICLE01, using default
fixing up env_cubemap materials on brush sides...
0...1...2...3...4...5...6...7...8...9...100...1...2...3...4...5...6...7...8...9...10
FindPortalSide: Couldn't find a good match for which brush to assign to a portal near (4516.0 3164.0 449.5)
Leaf 0 contents: CONTENTS_SOLID 
Leaf 1 contents: 
viscontents (node 0 contents ^ node 1 contents): CONTENTS_SOLID 
This means that none of the brushes in leaf 0 or 1 that touches the portal has CONTENTS_SOLID 
Check for a huge brush enclosing the coordinates above that has contents CONTENTS_SOLID 
Candidate brush IDs: Brush 6202: Brush 6228: Brush 6234: Brush 6240: 

Processing areas...done (0)
Building Faces...done (0)
Occluder "" straddles multiple areas. This is invalid!
Occluder "" straddles multiple areas. This is invalid!
Occluder "" straddles multiple areas. This is invalid!
Occluder "" straddles multiple areas. This is invalid!
Occluder "" straddles multiple areas. This is invalid!
Occluder "" straddles multiple areas. This is invalid!
Occluder "" straddles multiple areas. This is invalid!
Occluder "" straddles multiple areas. This is invalid!
Occluder "" straddles multiple areas. This is invalid!
Occluder "" straddles multiple areas. This is invalid!
Occluder "" straddles multiple areas. This is invalid!
Occluder "" straddles multiple areas. This is invalid!
Occluder "" straddles multiple areas. This is invalid!
Occluder "" straddles multiple areas. This is invalid!
Occluder "" straddles multiple areas. This is invalid!
Occluder "" straddles multiple areas. This is invalid!
Occluder "" straddles multiple areas. This is invalid!
Occluder "" straddles multiple areas. This is invalid!
Occluder "" straddles multiple areas. This is invalid!
Occluder "" straddles multiple areas. This is invalid!
Occluder "" straddles multiple areas. This is invalid!
Occluder "" straddles multiple areas. This is invalid!
Occluder "" straddles multiple areas. This is invalid!
Occluder "" straddles multiple areas. This is invalid!
Occluder "" straddles multiple areas. This is invalid!
Occluder "" straddles multiple areas. This is invalid!
Occluder "" straddles multiple areas. This is invalid!
Occluder "" straddles multiple areas. This is invalid!
Occluder "" straddles multiple areas. This is invalid!
Occluder "" straddles multiple areas. This is invalid!
Occluder "" straddles multiple areas. This is invalid!
Occluder "" straddles multiple areas. This is invalid!
Occluder "" straddles multiple areas. This is invalid!
Occluder "" straddles multiple areas. This is invalid!
Occluder "" straddles multiple areas. This is invalid!
Occluder "" straddles multiple areas. This is invalid!
Occluder "" straddles multiple areas. This is invalid!
Occluder "" straddles multiple areas. This is invalid!
Occluder "" straddles multiple areas. This is invalid!
Occluder "" straddles multiple areas. This is invalid!
Occluder "" straddles multiple areas. This is invalid!
Occluder "" straddles multiple areas. This is invalid!
Occluder "" straddles multiple areas. This is invalid!
Occluder "" straddles multiple areas. This is invalid!
Occluder "" straddles multiple areas. This is invalid!
Occluder "" straddles multiple areas. This is invalid!
Chop Details...done (0)
Find Visible Detail Sides...
Merged 1238 detail faces...done (0)
Merging details...done (0)
FixTjuncs...
PruneNodes...
WriteBSP...
done (0)
writing c:\users\rtaab\documents\hammer\reverse_dead_air\r_c11m2_offices.prt...Building visibility clusters...
done (0)
Finding displacement neighbors...
Finding lightmap sample positions...
Displacement Alpha : 0...1...2...3...4...5...6...7...8...9...10
Building Physics collision data...
done (1) (1599633 bytes)
Cannot build Physics2 data
                                                             -----------
DataLinker total stream size                                     0.0 KiB
Placing detail props : 0...1...2...3...4...5...6...7...8...9...10
Compacting texture/material tables...
Reduced 9449 texinfos to 5034
Reduced 705 texdatas to 536 (32200 bytes to 24574)
Writing c:\users\rtaab\documents\hammer\reverse_dead_air\r_c11m2_offices.bsp
10 seconds elapsed



8 threads
reading c:\users\rtaab\documents\hammer\reverse_dead_air\r_c11m2_offices.bsp
max farz in all env_fog_controller entities: 10000.000000 (used for radial vis)
reading c:\users\rtaab\documents\hammer\reverse_dead_air\r_c11m2_offices.prt
1900 portalclusters
4729 numportals
0...1...2...3...4...5...6...7...8...9...10Optimized: 83110 visible clusters (0.00%)
Total clusters visible: 2186082
Average clusters visible: 1150
Building PAS...
Average clusters audible: 1691
visdatasize:844596  compressed from 912000
writing c:\users\rtaab\documents\hammer\reverse_dead_air\r_c11m2_offices.bsp
0 seconds elapsed



Using shader api: shaderapiempty.dll
materialPath: D:\programfile\steam\steamapps\common\left 4 dead 2\left4dead2\materials
Loading c:\users\rtaab\documents\hammer\reverse_dead_air\r_c11m2_offices.vmf
Can't find surfaceprop cloth for material METAL/CUBICLE01, using default
fixing up env_cubemap materials on brush sides...
0...1...2...3...4...5...6...7...8...9...100...1...2...3...4...5...6...7...8...9...10
FindPortalSide: Couldn't find a good match for which brush to assign to a portal near (4516.0 3164.0 449.5)
Leaf 0 contents: CONTENTS_SOLID 
Leaf 1 contents: 
viscontents (node 0 contents ^ node 1 contents): CONTENTS_SOLID 
This means that none of the brushes in leaf 0 or 1 that touches the portal has CONTENTS_SOLID 
Check for a huge brush enclosing the coordinates above that has contents CONTENTS_SOLID 
Candidate brush IDs: Brush 6202: Brush 6228: Brush 6234: Brush 6240: 

Processing areas...done (0)
Building Faces...done (0)
Occluder "" straddles multiple areas. This is invalid!
Occluder "" straddles multiple areas. This is invalid!
Occluder "" straddles multiple areas. This is invalid!
Occluder "" straddles multiple areas. This is invalid!
Occluder "" straddles multiple areas. This is invalid!
Occluder "" straddles multiple areas. This is invalid!
Occluder "" straddles multiple areas. This is invalid!
Occluder "" straddles multiple areas. This is invalid!
Occluder "" straddles multiple areas. This is invalid!
Occluder "" straddles multiple areas. This is invalid!
Occluder "" straddles multiple areas. This is invalid!
Occluder "" straddles multiple areas. This is invalid!
Occluder "" straddles multiple areas. This is invalid!
Occluder "" straddles multiple areas. This is invalid!
Occluder "" straddles multiple areas. This is invalid!
Occluder "" straddles multiple areas. This is invalid!
Occluder "" straddles multiple areas. This is invalid!
Occluder "" straddles multiple areas. This is invalid!
Occluder "" straddles multiple areas. This is invalid!
Occluder "" straddles multiple areas. This is invalid!
Occluder "" straddles multiple areas. This is invalid!
Occluder "" straddles multiple areas. This is invalid!
Occluder "" straddles multiple areas. This is invalid!
Occluder "" straddles multiple areas. This is invalid!
Occluder "" straddles multiple areas. This is invalid!
Occluder "" straddles multiple areas. This is invalid!
Occluder "" straddles multiple areas. This is invalid!
Occluder "" straddles multiple areas. This is invalid!
Occluder "" straddles multiple areas. This is invalid!
Occluder "" straddles multiple areas. This is invalid!
Occluder "" straddles multiple areas. This is invalid!
Occluder "" straddles multiple areas. This is invalid!
Occluder "" straddles multiple areas. This is invalid!
Occluder "" straddles multiple areas. This is invalid!
Occluder "" straddles multiple areas. This is invalid!
Occluder "" straddles multiple areas. This is invalid!
Occluder "" straddles multiple areas. This is invalid!
Occluder "" straddles multiple areas. This is invalid!
Occluder "" straddles multiple areas. This is invalid!
Occluder "" straddles multiple areas. This is invalid!
Occluder "" straddles multiple areas. This is invalid!
Occluder "" straddles multiple areas. This is invalid!
Occluder "" straddles multiple areas. This is invalid!
Occluder "" straddles multiple areas. This is invalid!
Occluder "" straddles multiple areas. This is invalid!
Occluder "" straddles multiple areas. This is invalid!
Chop Details...done (0)
Find Visible Detail Sides...
Merged 1238 detail faces...done (0)
Merging details...done (0)
FixTjuncs...
PruneNodes...
WriteBSP...
done (0)
writing c:\users\rtaab\documents\hammer\reverse_dead_air\r_c11m2_offices.prt...Building visibility clusters...
done (0)
Finding displacement neighbors...
Finding lightmap sample positions...
Displacement Alpha : 0...1...2...3...4...5...6...7...8...9...10
Building Physics collision data...
done (1) (1599633 bytes)
Cannot build Physics2 data
                                                             -----------
DataLinker total stream size                                     0.0 KiB
Placing detail props : 0...1...2...3...4...5...6...7...8...9...10
Compacting texture/material tables...
Reduced 9449 texinfos to 5034
Reduced 705 texdatas to 536 (32200 bytes to 24574)
Writing c:\users\rtaab\documents\hammer\reverse_dead_air\r_c11m2_offices.bsp
10 seconds elapsed



8 threads
reading c:\users\rtaab\documents\hammer\reverse_dead_air\r_c11m2_offices.bsp
max farz in all env_fog_controller entities: 10000.000000 (used for radial vis)
reading c:\users\rtaab\documents\hammer\reverse_dead_air\r_c11m2_offices.prt
1900 portalclusters
4729 numportals
0...1...2...3...4...5...6...7...8...9...10Optimized: 83110 visible clusters (0.00%)
Total clusters visible: 2186082
Average clusters visible: 1150
Building PAS...
Average clusters audible: 1691
visdatasize:844596  compressed from 912000
writing c:\users\rtaab\documents\hammer\reverse_dead_air\r_c11m2_offices.bsp
0 seconds elapsed



Using shader api: shaderapiempty.dll
materialPath: D:\programfile\steam\steamapps\common\left 4 dead 2\left4dead2\materials
Loading c:\users\rtaab\documents\hammer\reverse_dead_air\r_c11m2_offices.vmf
Can't find surfaceprop cloth for material METAL/CUBICLE01, using default
fixing up env_cubemap materials on brush sides...
0...1...2...3...4...5...6...7...8...9...100...1...2...3...4...5...6...7...8...9...10
FindPortalSide: Couldn't find a good match for which brush to assign to a portal near (4516.0 3164.0 449.5)
Leaf 0 contents: CONTENTS_SOLID 
Leaf 1 contents: 
viscontents (node 0 contents ^ node 1 contents): CONTENTS_SOLID 
This means that none of the brushes in leaf 0 or 1 that touches the portal has CONTENTS_SOLID 
Check for a huge brush enclosing the coordinates above that has contents CONTENTS_SOLID 
Candidate brush IDs: Brush 6202: Brush 6228: Brush 6234: Brush 6240: 

Processing areas...done (0)
Building Faces...done (0)
Occluder "" straddles multiple areas. This is invalid!
Occluder "" straddles multiple areas. This is invalid!
Occluder "" straddles multiple areas. This is invalid!
Occluder "" straddles multiple areas. This is invalid!
Occluder "" straddles multiple areas. This is invalid!
Occluder "" straddles multiple areas. This is invalid!
Occluder "" straddles multiple areas. This is invalid!
Occluder "" straddles multiple areas. This is invalid!
Occluder "" straddles multiple areas. This is invalid!
Occluder "" straddles multiple areas. This is invalid!
Occluder "" straddles multiple areas. This is invalid!
Occluder "" straddles multiple areas. This is invalid!
Occluder "" straddles multiple areas. This is invalid!
Occluder "" straddles multiple areas. This is invalid!
Occluder "" straddles multiple areas. This is invalid!
Occluder "" straddles multiple areas. This is invalid!
Occluder "" straddles multiple areas. This is invalid!
Occluder "" straddles multiple areas. This is invalid!
Occluder "" straddles multiple areas. This is invalid!
Occluder "" straddles multiple areas. This is invalid!
Occluder "" straddles multiple areas. This is invalid!
Occluder "" straddles multiple areas. This is invalid!
Occluder "" straddles multiple areas. This is invalid!
Occluder "" straddles multiple areas. This is invalid!
Occluder "" straddles multiple areas. This is invalid!
Occluder "" straddles multiple areas. This is invalid!
Occluder "" straddles multiple areas. This is invalid!
Occluder "" straddles multiple areas. This is invalid!
Occluder "" straddles multiple areas. This is invalid!
Occluder "" straddles multiple areas. This is invalid!
Occluder "" straddles multiple areas. This is invalid!
Occluder "" straddles multiple areas. This is invalid!
Occluder "" straddles multiple areas. This is invalid!
Occluder "" straddles multiple areas. This is invalid!
Occluder "" straddles multiple areas. This is invalid!
Occluder "" straddles multiple areas. This is invalid!
Occluder "" straddles multiple areas. This is invalid!
Occluder "" straddles multiple areas. This is invalid!
Occluder "" straddles multiple areas. This is invalid!
Occluder "" straddles multiple areas. This is invalid!
Occluder "" straddles multiple areas. This is invalid!
Occluder "" straddles multiple areas. This is invalid!
Occluder "" straddles multiple areas. This is invalid!
Occluder "" straddles multiple areas. This is invalid!
Occluder "" straddles multiple areas. This is invalid!
Occluder "" straddles multiple areas. This is invalid!
Chop Details...done (0)
Find Visible Detail Sides...
Merged 1238 detail faces...done (0)
Merging details...done (0)
FixTjuncs...
PruneNodes...
WriteBSP...
done (0)
writing c:\users\rtaab\documents\hammer\reverse_dead_air\r_c11m2_offices.prt...Building visibility clusters...
done (0)
Finding displacement neighbors...
Finding lightmap sample positions...
Displacement Alpha : 0...1...2...3...4...5...6...7...8...9...10
Building Physics collision data...
done (1) (1599633 bytes)
Cannot build Physics2 data
                                                             -----------
DataLinker total stream size                                     0.0 KiB



Using shader api: shaderapiempty.dll
materialPath: D:\programfile\steam\steamapps\common\left 4 dead 2\left4dead2\materials
Loading c:\users\rtaab\documents\hammer\reverse_dead_air\r_c11m2_offices.vmf
Can't find surfaceprop cloth for material METAL/CUBICLE01, using default
fixing up env_cubemap materials on brush sides...
0...1...2...3...4...5...6...7...8...9...100...1...2...3...4...5...6...7...8...9...10
FindPortalSide: Couldn't find a good match for which brush to assign to a portal near (4516.0 3164.0 449.5)
Leaf 0 contents: CONTENTS_SOLID 
Leaf 1 contents: 
viscontents (node 0 contents ^ node 1 contents): CONTENTS_SOLID 
This means that none of the brushes in leaf 0 or 1 that touches the portal has CONTENTS_SOLID 
Check for a huge brush enclosing the coordinates above that has contents CONTENTS_SOLID 
Candidate brush IDs: Brush 6202: Brush 6228: Brush 6234: Brush 6240: 

Processing areas...done (0)
Building Faces...done (0)
Occluder "" straddles multiple areas. This is invalid!
Occluder "" straddles multiple areas. This is invalid!
Occluder "" straddles multiple areas. This is invalid!
Occluder "" straddles multiple areas. This is invalid!
Occluder "" straddles multiple areas. This is invalid!
Occluder "" straddles multiple areas. This is invalid!
Occluder "" straddles multiple areas. This is invalid!
Occluder "" straddles multiple areas. This is invalid!
Occluder "" straddles multiple areas. This is invalid!
Occluder "" straddles multiple areas. This is invalid!
Occluder "" straddles multiple areas. This is invalid!
Occluder "" straddles multiple areas. This is invalid!
Occluder "" straddles multiple areas. This is invalid!
Occluder "" straddles multiple areas. This is invalid!
Occluder "" straddles multiple areas. This is invalid!
Occluder "" straddles multiple areas. This is invalid!
Occluder "" straddles multiple areas. This is invalid!
Occluder "" straddles multiple areas. This is invalid!
Occluder "" straddles multiple areas. This is invalid!
Occluder "" straddles multiple areas. This is invalid!
Occluder "" straddles multiple areas. This is invalid!
Occluder "" straddles multiple areas. This is invalid!
Occluder "" straddles multiple areas. This is invalid!
Occluder "" straddles multiple areas. This is invalid!
Occluder "" straddles multiple areas. This is invalid!
Occluder "" straddles multiple areas. This is invalid!
Occluder "" straddles multiple areas. This is invalid!
Occluder "" straddles multiple areas. This is invalid!
Occluder "" straddles multiple areas. This is invalid!
Occluder "" straddles multiple areas. This is invalid!
Occluder "" straddles multiple areas. This is invalid!
Occluder "" straddles multiple areas. This is invalid!
Occluder "" straddles multiple areas. This is invalid!
Occluder "" straddles multiple areas. This is invalid!
Occluder "" straddles multiple areas. This is invalid!
Occluder "" straddles multiple areas. This is invalid!
Occluder "" straddles multiple areas. This is invalid!
Occluder "" straddles multiple areas. This is invalid!
Occluder "" straddles multiple areas. This is invalid!
Occluder "" straddles multiple areas. This is invalid!
Occluder "" straddles multiple areas. This is invalid!
Occluder "" straddles multiple areas. This is invalid!
Occluder "" straddles multiple areas. This is invalid!
Occluder "" straddles multiple areas. This is invalid!
Occluder "" straddles multiple areas. This is invalid!
Occluder "" straddles multiple areas. This is invalid!
Chop Details...done (0)
Find Visible Detail Sides...
Merged 1238 detail faces...done (0)
Merging details...done (0)
FixTjuncs...
PruneNodes...
WriteBSP...
done (0)
writing c:\users\rtaab\documents\hammer\reverse_dead_air\r_c11m2_offices.prt...Building visibility clusters...
done (0)
Finding displacement neighbors...
Finding lightmap sample positions...
Displacement Alpha : 0...1...2...3...4...5...6...7...8...9...10
Building Physics collision data...
done (1) (1599633 bytes)
Cannot build Physics2 data
                                                             -----------
DataLinker total stream size                                     0.0 KiB
Placing detail props : 0...1...2...3...4...5...6...7...8...9...10
Compacting texture/material tables...
Reduced 9449 texinfos to 5034
Reduced 705 texdatas to 536 (32200 bytes to 24574)
Writing c:\users\rtaab\documents\hammer\reverse_dead_air\r_c11m2_offices.bsp
10 seconds elapsed



8 threads
reading c:\users\rtaab\documents\hammer\reverse_dead_air\r_c11m2_offices.bsp
max farz in all env_fog_controller entities: 10000.000000 (used for radial vis)
reading c:\users\rtaab\documents\hammer\reverse_dead_air\r_c11m2_offices.prt
1900 portalclusters
4729 numportals
0...1...2...3...4...5...6...7...8...9...10Optimized: 83110 visible clusters (0.00%)
Total clusters visible: 2186082
Average clusters visible: 1150
Building PAS...
Average clusters audible: 1691
visdatasize:844596  compressed from 912000
writing c:\users\rtaab\documents\hammer\reverse_dead_air\r_c11m2_offices.bsp
0 seconds elapsed



Using shader api: shaderapiempty.dll
materialPath: D:\programfile\steam\steamapps\common\left 4 dead 2\left4dead2\materials
Loading c:\users\rtaab\documents\hammer\reverse_dead_air\r_c11m2_offices.vmf
Can't find surfaceprop cloth for material METAL/CUBICLE01, using default
fixing up env_cubemap materials on brush sides...
0...1...2...3...4...5...6...7...8...9...100...1...2...3...4...5...6...7...8...9...10
FindPortalSide: Couldn't find a good match for which brush to assign to a portal near (4516.0 3164.0 449.5)
Leaf 0 contents: CONTENTS_SOLID 
Leaf 1 contents: 
viscontents (node 0 contents ^ node 1 contents): CONTENTS_SOLID 
This means that none of the brushes in leaf 0 or 1 that touches the portal has CONTENTS_SOLID 
Check for a huge brush enclosing the coordinates above that has contents CONTENTS_SOLID 
Candidate brush IDs: Brush 6202: Brush 6228: Brush 6234: Brush 6240: 

Processing areas...done (0)
Building Faces...done (1)
Occluder "" straddles multiple areas. This is invalid!
Occluder "" straddles multiple areas. This is invalid!
Occluder "" straddles multiple areas. This is invalid!
Occluder "" straddles multiple areas. This is invalid!
Occluder "" straddles multiple areas. This is invalid!
Occluder "" straddles multiple areas. This is invalid!
Occluder "" straddles multiple areas. This is invalid!
Occluder "" straddles multiple areas. This is invalid!
Occluder "" straddles multiple areas. This is invalid!
Occluder "" straddles multiple areas. This is invalid!
Occluder "" straddles multiple areas. This is invalid!
Occluder "" straddles multiple areas. This is invalid!
Occluder "" straddles multiple areas. This is invalid!
Occluder "" straddles multiple areas. This is invalid!
Occluder "" straddles multiple areas. This is invalid!
Occluder "" straddles multiple areas. This is invalid!
Occluder "" straddles multiple areas. This is invalid!
Occluder "" straddles multiple areas. This is invalid!
Occluder "" straddles multiple areas. This is invalid!
Occluder "" straddles multiple areas. This is invalid!
Occluder "" straddles multiple areas. This is invalid!
Occluder "" straddles multiple areas. This is invalid!
Occluder "" straddles multiple areas. This is invalid!
Occluder "" straddles multiple areas. This is invalid!
Occluder "" straddles multiple areas. This is invalid!
Occluder "" straddles multiple areas. This is invalid!
Occluder "" straddles multiple areas. This is invalid!
Occluder "" straddles multiple areas. This is invalid!
Occluder "" straddles multiple areas. This is invalid!
Occluder "" straddles multiple areas. This is invalid!
Occluder "" straddles multiple areas. This is invalid!
Occluder "" straddles multiple areas. This is invalid!
Occluder "" straddles multiple areas. This is invalid!
Occluder "" straddles multiple areas. This is invalid!
Occluder "" straddles multiple areas. This is invalid!
Occluder "" straddles multiple areas. This is invalid!
Occluder "" straddles multiple areas. This is invalid!
Occluder "" straddles multiple areas. This is invalid!
Occluder "" straddles multiple areas. This is invalid!
Occluder "" straddles multiple areas. This is invalid!
Occluder "" straddles multiple areas. This is invalid!
Occluder "" straddles multiple areas. This is invalid!
Occluder "" straddles multiple areas. This is invalid!
Occluder "" straddles multiple areas. This is invalid!
Occluder "" straddles multiple areas. This is invalid!
Occluder "" straddles multiple areas. This is invalid!
Chop Details...done (0)
Find Visible Detail Sides...
Merged 1238 detail faces...done (1)
Merging details...done (0)
FixTjuncs...
PruneNodes...
WriteBSP...
done (1)
writing c:\users\rtaab\documents\hammer\reverse_dead_air\r_c11m2_offices.prt...Building visibility clusters...
done (1)
Finding displacement neighbors...
Finding lightmap sample positions...
Displacement Alpha : 0...1...2...3...4...5...6...7...8...9...10
Building Physics collision data...
done (1) (1599633 bytes)
Cannot build Physics2 data
                                                             -----------
DataLinker total stream size                                     0.0 KiB
Placing detail props : 0...1...2...3...4...5...6...7...8...9...10
Compacting texture/material tables...
Reduced 9449 texinfos to 5034
Reduced 705 texdatas to 536 (32200 bytes to 24574)
Writing c:\users\rtaab\documents\hammer\reverse_dead_air\r_c11m2_offices.bsp
1 minute, 3 seconds elapsed



8 threads
reading c:\users\rtaab\documents\hammer\reverse_dead_air\r_c11m2_offices.bsp
max farz in all env_fog_controller entities: 10000.000000 (used for radial vis)
reading c:\users\rtaab\documents\hammer\reverse_dead_air\r_c11m2_offices.prt
1900 portalclusters
4729 numportals
0...1...2...3...4...5...6...7...8...9...10Optimized: 83110 visible clusters (0.00%)
Total clusters visible: 2186082
Average clusters visible: 1150
Building PAS...
Average clusters audible: 1691
visdatasize:844596  compressed from 912000
writing c:\users\rtaab\documents\hammer\reverse_dead_air\r_c11m2_offices.bsp
1 second elapsed



Using shader api: shaderapiempty.dll
materialPath: D:\programfile\steam\steamapps\common\left 4 dead 2\left4dead2\materials
Loading c:\users\rtaab\documents\hammer\reverse_dead_air\r_c11m2_offices.vmf
Can't find surfaceprop cloth for material METAL/CUBICLE01, using default
fixing up env_cubemap materials on brush sides...
0...1...2...3...4...5...6...7...8...9...100...1...2...3...4...5...6...7...8...9...10
FindPortalSide: Couldn't find a good match for which brush to assign to a portal near (4516.0 3164.0 449.5)
Leaf 0 contents: CONTENTS_SOLID 
Leaf 1 contents: 
viscontents (node 0 contents ^ node 1 contents): CONTENTS_SOLID 
This means that none of the brushes in leaf 0 or 1 that touches the portal has CONTENTS_SOLID 
Check for a huge brush enclosing the coordinates above that has contents CONTENTS_SOLID 
Candidate brush IDs: Brush 6202: Brush 6228: Brush 6234: Brush 6240: 

Processing areas...done (0)
Building Faces...done (0)
Occluder "" straddles multiple areas. This is invalid!
Occluder "" straddles multiple areas. This is invalid!
Occluder "" straddles multiple areas. This is invalid!
Occluder "" straddles multiple areas. This is invalid!
Occluder "" straddles multiple areas. This is invalid!
Occluder "" straddles multiple areas. This is invalid!
Occluder "" straddles multiple areas. This is invalid!
Occluder "" straddles multiple areas. This is invalid!
Occluder "" straddles multiple areas. This is invalid!
Occluder "" straddles multiple areas. This is invalid!
Occluder "" straddles multiple areas. This is invalid!
Occluder "" straddles multiple areas. This is invalid!
Occluder "" straddles multiple areas. This is invalid!
Occluder "" straddles multiple areas. This is invalid!
Occluder "" straddles multiple areas. This is invalid!
Occluder "" straddles multiple areas. This is invalid!
Occluder "" straddles multiple areas. This is invalid!
Occluder "" straddles multiple areas. This is invalid!
Occluder "" straddles multiple areas. This is invalid!
Occluder "" straddles multiple areas. This is invalid!
Occluder "" straddles multiple areas. This is invalid!
Occluder "" straddles multiple areas. This is invalid!
Occluder "" straddles multiple areas. This is invalid!
Occluder "" straddles multiple areas. This is invalid!
Occluder "" straddles multiple areas. This is invalid!
Occluder "" straddles multiple areas. This is invalid!
Occluder "" straddles multiple areas. This is invalid!
Occluder "" straddles multiple areas. This is invalid!
Occluder "" straddles multiple areas. This is invalid!
Occluder "" straddles multiple areas. This is invalid!
Occluder "" straddles multiple areas. This is invalid!
Occluder "" straddles multiple areas. This is invalid!
Occluder "" straddles multiple areas. This is invalid!
Occluder "" straddles multiple areas. This is invalid!
Occluder "" straddles multiple areas. This is invalid!
Occluder "" straddles multiple areas. This is invalid!
Occluder "" straddles multiple areas. This is invalid!
Occluder "" straddles multiple areas. This is invalid!
Occluder "" straddles multiple areas. This is invalid!
Occluder "" straddles multiple areas. This is invalid!
Occluder "" straddles multiple areas. This is invalid!
Occluder "" straddles multiple areas. This is invalid!
Occluder "" straddles multiple areas. This is invalid!
Occluder "" straddles multiple areas. This is invalid!
Occluder "" straddles multiple areas. This is invalid!
Occluder "" straddles multiple areas. This is invalid!
Chop Details...done (0)
Find Visible Detail Sides...
Merged 1238 detail faces...done (0)
Merging details...done (0)
FixTjuncs...
PruneNodes...
WriteBSP...
done (0)
writing c:\users\rtaab\documents\hammer\reverse_dead_air\r_c11m2_offices.prt...Building visibility clusters...
done (0)
Finding displacement neighbors...
Finding lightmap sample positions...
Displacement Alpha : 0...1...2...3...4...5...6...7...8...9...10
Building Physics collision data...
done (1) (1599633 bytes)
Cannot build Physics2 data
                                                             -----------
DataLinker total stream size                                     0.0 KiB
Placing detail props : 0...1...2...3...4...5...6...7...8...9...10
Compacting texture/material tables...
Reduced 9449 texinfos to 5034
Reduced 705 texdatas to 536 (32200 bytes to 24574)
Writing c:\users\rtaab\documents\hammer\reverse_dead_air\r_c11m2_offices.bsp
10 seconds elapsed



8 threads
reading c:\users\rtaab\documents\hammer\reverse_dead_air\r_c11m2_offices.bsp
max farz in all env_fog_controller entities: 10000.000000 (used for radial vis)
reading c:\users\rtaab\documents\hammer\reverse_dead_air\r_c11m2_offices.prt
1900 portalclusters
4729 numportals
0...1...2...3...4...5...6...7...8...9...10Optimized: 83110 visible clusters (0.00%)
Total clusters visible: 2186082
Average clusters visible: 1150
Building PAS...
Average clusters audible: 1691
visdatasize:844596  compressed from 912000
writing c:\users\rtaab\documents\hammer\reverse_dead_air\r_c11m2_offices.bsp
0 seconds elapsed



Using shader api: shaderapiempty.dll
materialPath: D:\programfile\steam\steamapps\common\left 4 dead 2\left4dead2\materials
Loading c:\users\rtaab\documents\hammer\reverse_dead_air\r_c11m2_offices.vmf
Can't find surfaceprop cloth for material METAL/CUBICLE01, using default
fixing up env_cubemap materials on brush sides...
0...1...2...3...4...5...6...7...8...9...100...1...2...3...4...5...6...7...8...9...10
FindPortalSide: Couldn't find a good match for which brush to assign to a portal near (4516.0 3164.0 449.5)
Leaf 0 contents: CONTENTS_SOLID 
Leaf 1 contents: 
viscontents (node 0 contents ^ node 1 contents): CONTENTS_SOLID 
This means that none of the brushes in leaf 0 or 1 that touches the portal has CONTENTS_SOLID 
Check for a huge brush enclosing the coordinates above that has contents CONTENTS_SOLID 
Candidate brush IDs: Brush 6202: Brush 6228: Brush 6234: Brush 6240: 

Processing areas...done (0)
Building Faces...done (0)
Occluder "" straddles multiple areas. This is invalid!
Occluder "" straddles multiple areas. This is invalid!
Occluder "" straddles multiple areas. This is invalid!
Occluder "" straddles multiple areas. This is invalid!
Occluder "" straddles multiple areas. This is invalid!
Occluder "" straddles multiple areas. This is invalid!
Occluder "" straddles multiple areas. This is invalid!
Occluder "" straddles multiple areas. This is invalid!
Occluder "" straddles multiple areas. This is invalid!
Occluder "" straddles multiple areas. This is invalid!
Occluder "" straddles multiple areas. This is invalid!
Occluder "" straddles multiple areas. This is invalid!
Occluder "" straddles multiple areas. This is invalid!
Occluder "" straddles multiple areas. This is invalid!
Occluder "" straddles multiple areas. This is invalid!
Occluder "" straddles multiple areas. This is invalid!
Occluder "" straddles multiple areas. This is invalid!
Occluder "" straddles multiple areas. This is invalid!
Occluder "" straddles multiple areas. This is invalid!
Occluder "" straddles multiple areas. This is invalid!
Occluder "" straddles multiple areas. This is invalid!
Occluder "" straddles multiple areas. This is invalid!
Occluder "" straddles multiple areas. This is invalid!
Occluder "" straddles multiple areas. This is invalid!
Occluder "" straddles multiple areas. This is invalid!
Occluder "" straddles multiple areas. This is invalid!
Occluder "" straddles multiple areas. This is invalid!
Occluder "" straddles multiple areas. This is invalid!
Occluder "" straddles multiple areas. This is invalid!
Occluder "" straddles multiple areas. This is invalid!
Occluder "" straddles multiple areas. This is invalid!
Occluder "" straddles multiple areas. This is invalid!
Occluder "" straddles multiple areas. This is invalid!
Occluder "" straddles multiple areas. This is invalid!
Occluder "" straddles multiple areas. This is invalid!
Occluder "" straddles multiple areas. This is invalid!
Occluder "" straddles multiple areas. This is invalid!
Occluder "" straddles multiple areas. This is invalid!
Occluder "" straddles multiple areas. This is invalid!
Occluder "" straddles multiple areas. This is invalid!
Occluder "" straddles multiple areas. This is invalid!
Occluder "" straddles multiple areas. This is invalid!
Occluder "" straddles multiple areas. This is invalid!
Occluder "" straddles multiple areas. This is invalid!
Occluder "" straddles multiple areas. This is invalid!
Occluder "" straddles multiple areas. This is invalid!
Chop Details...done (0)
Find Visible Detail Sides...
Merged 1238 detail faces...done (0)
Merging details...done (0)
FixTjuncs...
PruneNodes...
WriteBSP...
done (0)
writing c:\users\rtaab\documents\hammer\reverse_dead_air\r_c11m2_offices.prt...Building visibility clusters...
done (0)
Finding displacement neighbors...
Finding lightmap sample positions...
Displacement Alpha : 0...1...2...3...4...5...6...7...8...9...10
Building Physics collision data...
done (1) (1599633 bytes)
Cannot build Physics2 data
                                                             -----------
DataLinker total stream size                                     0.0 KiB
Placing detail props : 0...1...2...3...4...5...6...7...8...9...10
Compacting texture/material tables...
Reduced 9449 texinfos to 5034
Reduced 705 texdatas to 536 (32200 bytes to 24574)
Writing c:\users\rtaab\documents\hammer\reverse_dead_air\r_c11m2_offices.bsp
10 seconds elapsed



8 threads
reading c:\users\rtaab\documents\hammer\reverse_dead_air\r_c11m2_offices.bsp
max farz in all env_fog_controller entities: 10000.000000 (used for radial vis)
reading c:\users\rtaab\documents\hammer\reverse_dead_air\r_c11m2_offices.prt
1900 portalclusters
4729 numportals
0...1...2...3...4...5...6...7...8...9...100...1...2...3...4...5...6...7...8...9


Using shader api: shaderapiempty.dll
materialPath: Z:\mnt\d\SteamLibrary\steamapps\common\Left 4 Dead 2\left4dead2\materials
Loading Z:\mnt\f\stuff\git\l4d2-things\reverse_rda\map\r_c11m2_offices.vmf
Can't find surfaceprop cloth for material METAL/CUBICLE01, using default
fixing up env_cubemap materials on brush sides...
0...1...2...3...4...5...6...7...8...9...100...1...2...3...4...5...6...7...8...9...10
FindPortalSide: Couldn't find a good match for which brush to assign to a portal near (4516.0 3164.0 449.5)
Leaf 0 contents: CONTENTS_SOLID 
Leaf 1 contents: 
viscontents (node 0 contents ^ node 1 contents): CONTENTS_SOLID 
This means that none of the brushes in leaf 0 or 1 that touches the portal has CONTENTS_SOLID 
Check for a huge brush enclosing the coordinates above that has contents CONTENTS_SOLID 
Candidate brush IDs: Brush 6202: Brush 6228: Brush 6234: Brush 6240: 

Processing areas...done (0)
Building Faces...done (0)
Occluder "" straddles multiple areas. This is invalid!
Occluder "" straddles multiple areas. This is invalid!
Occluder "" straddles multiple areas. This is invalid!
Occluder "" straddles multiple areas. This is invalid!
Occluder "" straddles multiple areas. This is invalid!
Occluder "" straddles multiple areas. This is invalid!
Occluder "" straddles multiple areas. This is invalid!
Occluder "" straddles multiple areas. This is invalid!
Occluder "" straddles multiple areas. This is invalid!
Occluder "" straddles multiple areas. This is invalid!
Occluder "" straddles multiple areas. This is invalid!
Occluder "" straddles multiple areas. This is invalid!
Occluder "" straddles multiple areas. This is invalid!
Occluder "" straddles multiple areas. This is invalid!
Occluder "" straddles multiple areas. This is invalid!
Occluder "" straddles multiple areas. This is invalid!
Occluder "" straddles multiple areas. This is invalid!
Occluder "" straddles multiple areas. This is invalid!
Occluder "" straddles multiple areas. This is invalid!
Occluder "" straddles multiple areas. This is invalid!
Occluder "" straddles multiple areas. This is invalid!
Occluder "" straddles multiple areas. This is invalid!
Occluder "" straddles multiple areas. This is invalid!
Occluder "" straddles multiple areas. This is invalid!
Occluder "" straddles multiple areas. This is invalid!
Occluder "" straddles multiple areas. This is invalid!
Occluder "" straddles multiple areas. This is invalid!
Occluder "" straddles multiple areas. This is invalid!
Occluder "" straddles multiple areas. This is invalid!
Occluder "" straddles multiple areas. This is invalid!
Occluder "" straddles multiple areas. This is invalid!
Occluder "" straddles multiple areas. This is invalid!
Occluder "" straddles multiple areas. This is invalid!
Occluder "" straddles multiple areas. This is invalid!
Occluder "" straddles multiple areas. This is invalid!
Occluder "" straddles multiple areas. This is invalid!
Occluder "" straddles multiple areas. This is invalid!
Occluder "" straddles multiple areas. This is invalid!
Occluder "" straddles multiple areas. This is invalid!
Occluder "" straddles multiple areas. This is invalid!
Occluder "" straddles multiple areas. This is invalid!
Occluder "" straddles multiple areas. This is invalid!
Occluder "" straddles multiple areas. This is invalid!
Occluder "" straddles multiple areas. This is invalid!
Occluder "" straddles multiple areas. This is invalid!
Occluder "" straddles multiple areas. This is invalid!
Chop Details...done (1)
Find Visible Detail Sides...
Merged 1238 detail faces...done (1)
Merging details...done (0)
FixTjuncs...
PruneNodes...
WriteBSP...
done (0)
writing Z:\mnt\f\stuff\git\l4d2-things\reverse_rda\map\r_c11m2_offices.prt...Building visibility clusters...
done (0)
Finding displacement neighbors...
Finding lightmap sample positions...
Displacement Alpha : 0...1...2...3...4...5...6...7...8...9...10
Building Physics collision data...
done (1) (1599633 bytes)
Cannot build Physics2 data
                                                             -----------
DataLinker total stream size                                     0.0 KiB
Placing detail props : 0...1...2...3...4...5...6...7...8...9...10
Compacting texture/material tables...
Reduced 9449 texinfos to 5034
Reduced 705 texdatas to 536 (32200 bytes to 24574)
Writing Z:\mnt\f\stuff\git\l4d2-things\reverse_rda\map\r_c11m2_offices.bsp
10 seconds elapsed



6 threads
reading z:\mnt\f\stuff\git\l4d2-things\reverse_rda\map\r_c11m2_offices.bsp
max farz in all env_fog_controller entities: 10000.000000 (used for radial vis)
reading z:\mnt\f\stuff\git\l4d2-things\reverse_rda\map\r_c11m2_offices.prt
1900 portalclusters
4729 numportals
0...1...2...3...4...5...6...7...8...9...100...1...2...3...4...5...6...7...8...9...10Optimized: 9747 visible clusters (0.00%)
Total clusters visible: 874165
Average clusters visible: 460
Building PAS...
Average clusters audible: 1392
visdatasize:703216  compressed from 912000
writing z:\mnt\f\stuff\git\l4d2-things\reverse_rda\map\r_c11m2_offices.bsp
12 minutes, 58 seconds elapsed



[Reading texlights from 'lights.rad']
[2 texlights parsed from 'lights.rad']

Loading z:\mnt\f\stuff\git\l4d2-things\reverse_rda\map\r_c11m2_offices.bsp
Patch Sample Radius Clamped!
Patch Sample Radius Clamped!
Patch Sample Radius Clamped!
Patch Sample Radius Clamped!
Patch Sample Radius Clamped!
Patch Sample Radius Clamped!
Patch Sample Radius Clamped!
Patch Sample Radius Clamped!
Patch Sample Radius Clamped!
Patch Sample Radius Clamped!
Patch Sample Radius Clamped!
11624 faces
8160215 square feet [1175070976.00 square inches]
129 Displacements
300443 Square Feet [43263864.00 Square Inches]
11624 patches before subdivision
84396 patches after subdivision
106 direct lights
0...1...2...3... warning - face vectors parallel to face normal. bad lighting will be produced
4...5...6...7...8...9...100...1...2...3...4...5...6...7...8...9...10transfers 6788209, max 1024
transfer lists:  51.8 megs
0...1...2...3...4...5...6...7...8...9...10	Bounce #1 added RGB(16921, 15180, 11838)
0...1...2...3...4...5...6...7...8...9...10	Bounce #2 added RGB(3824, 3685, 2609)
0...1...2...3...4...5...6...7...8...9...10	Bounce #3 added RGB(1119, 1072, 663)
0...1...2...3...4...5...6...7...8...9...10	Bounce #4 added RGB(402, 376, 205)
0...1...2...3...4...5...6...7...8...9...10	Bounce #5 added RGB(154, 139, 66)
0...1...2...3...4...5...6...7...8...9...10	Bounce #6 added RGB(63, 55, 23)
0...1...2...3...4...5...6...7...8...9...10	Bounce #7 added RGB(27, 22, 8)
0...1...2...3...4...5...6...7...8...9...10	Bounce #8 added RGB(12, 9, 3)
0...1...2...3...4...5...6...7...8...9...10	Bounce #9 added RGB(5, 4, 1)
0...1...2...3...4...5...6...7...8...9...10	Bounce #10 added RGB(2, 2, 0)
0...1...2...3...4...5...6...7...8...9...10	Bounce #11 added RGB(1, 1, 0)
0...1...2...3...4...5...6...7...8...9...10	Bounce #12 added RGB(1, 0, 0)
Build Patch/Sample Hash Table(s).....Done<0.0226 sec>
0...1...2...3 warning - face vectors parallel to face normal. bad lighting will be produced
... warning - face vectors parallel to face normal. bad lighting will be produced
 warning - face vectors parallel to face normal. bad lighting will be produced
4SampleRadial: Punting, Waiting for fix
...5...6...7...8...9...10FinalLightFace Done
0 of 0 (0% of) surface lights went in leaf ambient cubes.
0...1...2...3...4...5...6...7...8...9...10Writing leaf ambient...done
Computing static prop lighting : 00...1...2...3...4...5...6...7...8...9...10
Ready to Finish

Object names       Objects/Maxobjs  Memory / Maxmem  Fullness 
------------       ---------------  ---------------  -------- 
models                 180/1024         8640/49152    (17.6%) 
brushes               4416/8192        52992/98304    (53.9%) 
brushsides           32093/65536      256744/524288   (49.0%) 
planes               19180/65536      383600/1310720  (29.3%) 
vertexes             22022/65536      264264/786432   (33.6%) 
nodes                 6388/65536      204416/2097152  ( 9.7%) 
texinfos              5034/12288      362448/884736   (41.0%) 
texdata                536/2048        17152/65536    (26.2%) 
dispinfos              129/0           22704/0        ( 0.0%) 
disp_verts            5009/0          100180/0        ( 0.0%) 
disp_tris             7296/0           14592/0        ( 0.0%) 
disp_lmsamples      219942/0          219942/0        ( 0.0%) 
faces                11624/65536      650944/3670016  (17.7%) 
hdr faces            11624/65536      650944/3670016  (17.7%) 
origfaces             8392/65536      469952/3670016  (12.8%) 
leaves                6569/65536      210208/2097152  (10.0%) 
leaffaces            14698/65536       29396/131072   (22.4%) 
leafbrushes          11986/65536       23972/131072   (18.3%) 
areas                   17/256           136/2048     ( 6.6%) 
surfedges            90270/512000     361080/2048000  (17.6%) 
edges                58292/256000     233168/1024000  (22.8%) 
LDR worldlights          0/8192            0/819200   ( 0.0%) 
HDR worldlights        106/8192        10600/819200   ( 1.3%) 
leafwaterdata            0/32768           0/393216   ( 0.0%) 
waterstrips           1332/32768       13320/327680   ( 4.1%) 
waterverts               0/65536           0/786432   ( 0.0%) 
waterindices         25977/65536       51954/131072   (39.6%) 
cubemapsamples          62/1024          992/16384    ( 6.1%) 
overlays               374/512        131648/180224   (73.0%) 
LDR lightdata         [variable]           0/0        ( 0.0%) 
HDR lightdata         [variable]     4568900/0        ( 0.0%) 
visdata               [variable]      703216/16777216 ( 4.2%) 
entdata               [variable]      752307/393216   (191.3%) VERY FULL!
LDR ambient table     6569/65536       26276/262144   (10.0%) 
HDR ambient table     6569/65536       26276/262144   (10.0%) 
LDR leaf ambient      6569/65536      183932/1835008  (10.0%) 
HDR leaf ambient     26049/65536      729372/1835008  (39.7%) 
occluders                6/0             240/0        ( 0.0%) 
occluder polygons       15/0             180/0        ( 0.0%) 
occluder vert ind       68/0             272/0        ( 0.0%) 
Prop Hull Verts          0/0               0/0        ( 0.0%) 
Prop Hull Blob           0/0               0/0        ( 0.0%) 
Prop Hull Lists          0/0               0/0        ( 0.0%) 
Prop Hulls               0/0               0/0        ( 0.0%) 
Prop Hull trilist        0/0               0/0        ( 0.0%) 
detail props          [variable]           1/12       ( 8.3%) 
static props          [variable]           1/103284   ( 0.0%) 
pakfile               [variable]     7328625/0        ( 0.0%) 
physics               [variable]     1599633/4194304  (38.1%) 
physics terrain       [variable]       14895/1048576  ( 1.4%) 

Level flags = 2

Total triangle count: 33573
Writing z:\mnt\f\stuff\git\l4d2-things\reverse_rda\map\r_c11m2_offices.bsp
5 minutes, 2 seconds elapsed



Using shader api: shaderapiempty.dll
materialPath: Z:\mnt\d\SteamLibrary\steamapps\common\Left 4 Dead 2\left4dead2\materials
Loading Z:\mnt\f\stuff\git\l4d2-things\reverse_rda\map\r_c11m2_offices.vmf
Can't find surfaceprop cloth for material METAL/CUBICLE01, using default
fixing up env_cubemap materials on brush sides...
0...1...2...3...4...5...6...7...8...9...100...1...2...3...4...5...6...7...8...9...10
FindPortalSide: Couldn't find a good match for which brush to assign to a portal near (4516.0 3164.0 449.5)
Leaf 0 contents: CONTENTS_SOLID 
Leaf 1 contents: 
viscontents (node 0 contents ^ node 1 contents): CONTENTS_SOLID 
This means that none of the brushes in leaf 0 or 1 that touches the portal has CONTENTS_SOLID 
Check for a huge brush enclosing the coordinates above that has contents CONTENTS_SOLID 
Candidate brush IDs: Brush 6202: Brush 6228: Brush 6234: Brush 6240: 

Processing areas...done (0)
Building Faces...done (0)
Occluder "" straddles multiple areas. This is invalid!
Occluder "" straddles multiple areas. This is invalid!
Occluder "" straddles multiple areas. This is invalid!
Occluder "" straddles multiple areas. This is invalid!
Occluder "" straddles multiple areas. This is invalid!
Occluder "" straddles multiple areas. This is invalid!
Occluder "" straddles multiple areas. This is invalid!
Occluder "" straddles multiple areas. This is invalid!
Occluder "" straddles multiple areas. This is invalid!
Occluder "" straddles multiple areas. This is invalid!
Occluder "" straddles multiple areas. This is invalid!
Occluder "" straddles multiple areas. This is invalid!
Occluder "" straddles multiple areas. This is invalid!
Occluder "" straddles multiple areas. This is invalid!
Occluder "" straddles multiple areas. This is invalid!
Occluder "" straddles multiple areas. This is invalid!
Occluder "" straddles multiple areas. This is invalid!
Occluder "" straddles multiple areas. This is invalid!
Occluder "" straddles multiple areas. This is invalid!
Occluder "" straddles multiple areas. This is invalid!
Occluder "" straddles multiple areas. This is invalid!
Occluder "" straddles multiple areas. This is invalid!
Occluder "" straddles multiple areas. This is invalid!
Occluder "" straddles multiple areas. This is invalid!
Occluder "" straddles multiple areas. This is invalid!
Occluder "" straddles multiple areas. This is invalid!
Occluder "" straddles multiple areas. This is invalid!
Occluder "" straddles multiple areas. This is invalid!
Occluder "" straddles multiple areas. This is invalid!
Occluder "" straddles multiple areas. This is invalid!
Occluder "" straddles multiple areas. This is invalid!
Occluder "" straddles multiple areas. This is invalid!
Occluder "" straddles multiple areas. This is invalid!
Occluder "" straddles multiple areas. This is invalid!
Occluder "" straddles multiple areas. This is invalid!
Occluder "" straddles multiple areas. This is invalid!
Occluder "" straddles multiple areas. This is invalid!
Occluder "" straddles multiple areas. This is invalid!
Occluder "" straddles multiple areas. This is invalid!
Occluder "" straddles multiple areas. This is invalid!
Occluder "" straddles multiple areas. This is invalid!
Occluder "" straddles multiple areas. This is invalid!
Occluder "" straddles multiple areas. This is invalid!
Occluder "" straddles multiple areas. This is invalid!
Occluder "" straddles multiple areas. This is invalid!
Occluder "" straddles multiple areas. This is invalid!
Chop Details...done (0)
Find Visible Detail Sides...
Merged 1238 detail faces...done (0)
Merging details...done (0)
FixTjuncs...
PruneNodes...
WriteBSP...
done (1)
writing Z:\mnt\f\stuff\git\l4d2-things\reverse_rda\map\r_c11m2_offices.prt...Building visibility clusters...
done (0)
Finding displacement neighbors...
Finding lightmap sample positions...
Displacement Alpha : 0...1...2...3...4...5...6...7...8...9...10
Building Physics collision data...
done (1) (1594107 bytes)
Cannot build Physics2 data
                                                             -----------
DataLinker total stream size                                     0.0 KiB
Placing detail props : 0...1...2...3...4...5...6...7...8...9...10
Compacting texture/material tables...
Reduced 9446 texinfos to 5032
Reduced 706 texdatas to 536 (32255 bytes to 24574)
Writing Z:\mnt\f\stuff\git\l4d2-things\reverse_rda\map\r_c11m2_offices.bsp
10 seconds elapsed



6 threads
reading z:\mnt\f\stuff\git\l4d2-things\reverse_rda\map\r_c11m2_offices.bsp
max farz in all env_fog_controller entities: 10000.000000 (used for radial vis)
reading z:\mnt\f\stuff\git\l4d2-things\reverse_rda\map\r_c11m2_offices.prt
1900 portalclusters
4729 numportals
0...1...2...3...4...5...6...7...8...9...100...1...2...3...4...5...6...7...8...9...10Optimized: 9742 visible clusters (0.00%)
Total clusters visible: 874162
Average clusters visible: 460
Building PAS...
Average clusters audible: 1392
visdatasize:703217  compressed from 912000
writing z:\mnt\f\stuff\git\l4d2-things\reverse_rda\map\r_c11m2_offices.bsp
13 minutes, 52 seconds elapsed



[Reading texlights from 'lights.rad']
[2 texlights parsed from 'lights.rad']

Loading z:\mnt\f\stuff\git\l4d2-things\reverse_rda\map\r_c11m2_offices.bsp
Patch Sample Radius Clamped!
Patch Sample Radius Clamped!
Patch Sample Radius Clamped!
Patch Sample Radius Clamped!
Patch Sample Radius Clamped!
Patch Sample Radius Clamped!
Patch Sample Radius Clamped!
Patch Sample Radius Clamped!
Patch Sample Radius Clamped!
Patch Sample Radius Clamped!
Patch Sample Radius Clamped!
11557 faces
7945481 square feet [1144149248.00 square inches]
129 Displacements
300443 Square Feet [43263864.00 Square Inches]
11557 patches before subdivision
84329 patches after subdivision
108 direct lights
0...1...2...3... warning - face vectors parallel to face normal. bad lighting will be produced
4...5...6...7...8...9...100...1...2...3...4...5...6...7...8...9...10transfers 6794388, max 1024
transfer lists:  51.8 megs
0...1...2...3...4...5...6...7...8...9...10	Bounce #1 added RGB(18594, 16722, 13173)
0...1...2...3...4...5...6...7...8...9...10	Bounce #2 added RGB(4268, 4050, 2874)
0...1...2...3...4...5...6...7...8...9...10	Bounce #3 added RGB(1244, 1166, 721)
0...1...2...3...4...5...6...7...8...9...10	Bounce #4 added RGB(437, 399, 218)
0...1...2...3...4...5...6...7...8...9...10	Bounce #5 added RGB(164, 145, 69)
0...1...2...3...4...5...6...7...8...9...10	Bounce #6 added RGB(66, 56, 24)
0...1...2...3...4...5...6...7...8...9...10	Bounce #7 added RGB(28, 23, 8)
0...1...2...3...4...5...6...7...8...9...10	Bounce #8 added RGB(12, 9, 3)
0...1...2...3...4...5...6...7...8...9...10	Bounce #9 added RGB(5, 4, 1)
0...1...2...3...4...5...6...7...8...9...10	Bounce #10 added RGB(2, 2, 0)
0...1...2...3...4...5...6...7...8...9...10	Bounce #11 added RGB(1, 1, 0)
0...1...2...3...4...5...6...7...8...9...10	Bounce #12 added RGB(1, 0, 0)
Build Patch/Sample Hash Table(s).....Done<0.0216 sec>
0...1...2...3 warning - face vectors parallel to face normal. bad lighting will be produced
... warning - face vectors parallel to face normal. bad lighting will be produced
4 warning - face vectors parallel to face normal. bad lighting will be produced
SampleRadial: Punting, Waiting for fix
...5...6...7...8...9...10FinalLightFace Done
0 of 0 (0% of) surface lights went in leaf ambient cubes.
0...1...2...3...4...5...6...7...8...9...10Writing leaf ambient...done
Computing static prop lighting : 00...1...2...3...4...5...6...7...8...9...10
Ready to Finish

Object names       Objects/Maxobjs  Memory / Maxmem  Fullness 
------------       ---------------  ---------------  -------- 
models                 179/1024         8592/49152    (17.5%) 
brushes               4404/8192        52848/98304    (53.8%) 
brushsides           32020/65536      256160/524288   (48.9%) 
planes               19174/65536      383480/1310720  (29.3%) 
vertexes             21927/65536      263124/786432   (33.5%) 
nodes                 6348/65536      203136/2097152  ( 9.7%) 
texinfos              5032/12288      362304/884736   (41.0%) 
texdata                536/2048        17152/65536    (26.2%) 
dispinfos              129/0           22704/0        ( 0.0%) 
disp_verts            5009/0          100180/0        ( 0.0%) 
disp_tris             7296/0           14592/0        ( 0.0%) 
disp_lmsamples      219942/0          219942/0        ( 0.0%) 
faces                11557/65536      647192/3670016  (17.6%) 
hdr faces            11557/65536      647192/3670016  (17.6%) 
origfaces             8332/65536      466592/3670016  (12.7%) 
leaves                6528/65536      208896/2097152  (10.0%) 
leaffaces            14631/65536       29262/131072   (22.3%) 
leafbrushes          11974/65536       23948/131072   (18.3%) 
areas                   17/256           136/2048     ( 6.6%) 
surfedges            89718/512000     358872/2048000  (17.5%) 
edges                57996/256000     231984/1024000  (22.7%) 
LDR worldlights          0/8192            0/819200   ( 0.0%) 
HDR worldlights        108/8192        10800/819200   ( 1.3%) 
leafwaterdata            0/32768           0/393216   ( 0.0%) 
waterstrips           1332/32768       13320/327680   ( 4.1%) 
waterverts               0/65536           0/786432   ( 0.0%) 
waterindices         25977/65536       51954/131072   (39.6%) 
cubemapsamples          62/1024          992/16384    ( 6.1%) 
overlays               374/512        131648/180224   (73.0%) 
LDR lightdata         [variable]           0/0        ( 0.0%) 
HDR lightdata         [variable]     4568900/0        ( 0.0%) 
visdata               [variable]      703217/16777216 ( 4.2%) 
entdata               [variable]      752924/393216   (191.5%) VERY FULL!
LDR ambient table     6528/65536       26112/262144   (10.0%) 
HDR ambient table     6528/65536       26112/262144   (10.0%) 
LDR leaf ambient      6528/65536      182784/1835008  (10.0%) 
HDR leaf ambient     25802/65536      722456/1835008  (39.4%) 
occluders                6/0             240/0        ( 0.0%) 
occluder polygons       15/0             180/0        ( 0.0%) 
occluder vert ind       68/0             272/0        ( 0.0%) 
Prop Hull Verts          0/0               0/0        ( 0.0%) 
Prop Hull Blob           0/0               0/0        ( 0.0%) 
Prop Hull Lists          0/0               0/0        ( 0.0%) 
Prop Hulls               0/0               0/0        ( 0.0%) 
Prop Hull trilist        0/0               0/0        ( 0.0%) 
detail props          [variable]           1/12       ( 8.3%) 
static props          [variable]           1/103410   ( 0.0%) 
pakfile               [variable]     7321699/0        ( 0.0%) 
physics               [variable]     1594107/4194304  (38.0%) 
physics terrain       [variable]       14895/1048576  ( 1.4%) 

Level flags = 2

Total triangle count: 33393
Writing z:\mnt\f\stuff\git\l4d2-things\reverse_rda\map\r_c11m2_offices.bsp
5 minutes, 15 seconds elapsed



Using shader api: shaderapiempty.dll
materialPath: Z:\mnt\d\SteamLibrary\steamapps\common\Left 4 Dead 2\left4dead2\materials
Loading Z:\mnt\f\stuff\git\l4d2-things\reverse_rda\map\r_c11m2_offices.vmf
Can't find surfaceprop cloth for material METAL/CUBICLE01, using default
fixing up env_cubemap materials on brush sides...
0...1...2...3...4...5...6...7...8...9...100...1...2...3...4...5...6...7...8...9...10
FindPortalSide: Couldn't find a good match for which brush to assign to a portal near (4516.0 3164.0 449.5)
Leaf 0 contents: CONTENTS_SOLID 
Leaf 1 contents: 
viscontents (node 0 contents ^ node 1 contents): CONTENTS_SOLID 
This means that none of the brushes in leaf 0 or 1 that touches the portal has CONTENTS_SOLID 
Check for a huge brush enclosing the coordinates above that has contents CONTENTS_SOLID 
Candidate brush IDs: Brush 6202: Brush 6228: Brush 6234: Brush 6240: 

Processing areas...done (0)
Building Faces...done (0)
Occluder "" straddles multiple areas. This is invalid!
Occluder "" straddles multiple areas. This is invalid!
Occluder "" straddles multiple areas. This is invalid!
Occluder "" straddles multiple areas. This is invalid!
Occluder "" straddles multiple areas. This is invalid!
Occluder "" straddles multiple areas. This is invalid!
Occluder "" straddles multiple areas. This is invalid!
Occluder "" straddles multiple areas. This is invalid!
Occluder "" straddles multiple areas. This is invalid!
Occluder "" straddles multiple areas. This is invalid!
Occluder "" straddles multiple areas. This is invalid!
Occluder "" straddles multiple areas. This is invalid!
Occluder "" straddles multiple areas. This is invalid!
Occluder "" straddles multiple areas. This is invalid!
Occluder "" straddles multiple areas. This is invalid!
Occluder "" straddles multiple areas. This is invalid!
Occluder "" straddles multiple areas. This is invalid!
Occluder "" straddles multiple areas. This is invalid!
Occluder "" straddles multiple areas. This is invalid!
Occluder "" straddles multiple areas. This is invalid!
Occluder "" straddles multiple areas. This is invalid!
Occluder "" straddles multiple areas. This is invalid!
Occluder "" straddles multiple areas. This is invalid!
Occluder "" straddles multiple areas. This is invalid!
Occluder "" straddles multiple areas. This is invalid!
Occluder "" straddles multiple areas. This is invalid!
Occluder "" straddles multiple areas. This is invalid!
Occluder "" straddles multiple areas. This is invalid!
Occluder "" straddles multiple areas. This is invalid!
Occluder "" straddles multiple areas. This is invalid!
Occluder "" straddles multiple areas. This is invalid!
Occluder "" straddles multiple areas. This is invalid!
Occluder "" straddles multiple areas. This is invalid!
Occluder "" straddles multiple areas. This is invalid!
Occluder "" straddles multiple areas. This is invalid!
Occluder "" straddles multiple areas. This is invalid!
Occluder "" straddles multiple areas. This is invalid!
Occluder "" straddles multiple areas. This is invalid!
Occluder "" straddles multiple areas. This is invalid!
Occluder "" straddles multiple areas. This is invalid!
Occluder "" straddles multiple areas. This is invalid!
Occluder "" straddles multiple areas. This is invalid!
Occluder "" straddles multiple areas. This is invalid!
Occluder "" straddles multiple areas. This is invalid!
Occluder "" straddles multiple areas. This is invalid!
Occluder "" straddles multiple areas. This is invalid!
Chop Details...done (0)
Find Visible Detail Sides...
Merged 1238 detail faces...done (0)
Merging details...done (0)
FixTjuncs...
PruneNodes...
WriteBSP...
done (1)
writing Z:\mnt\f\stuff\git\l4d2-things\reverse_rda\map\r_c11m2_offices.prt...Building visibility clusters...
done (0)
Finding displacement neighbors...
Finding lightmap sample positions...
Displacement Alpha : 0...1...2...3...4...5...6...7...8...9...10
Building Physics collision data...
done (1) (1594107 bytes)
Cannot build Physics2 data
                                                             -----------
DataLinker total stream size                                     0.0 KiB
Placing detail props : 0...1...2...3...4...5...6...7...8...9...10
Compacting texture/material tables...
Reduced 9446 texinfos to 5032
Reduced 706 texdatas to 536 (32255 bytes to 24574)
Writing Z:\mnt\f\stuff\git\l4d2-things\reverse_rda\map\r_c11m2_offices.bsp
9 seconds elapsed



6 threads
reading z:\mnt\f\stuff\git\l4d2-things\reverse_rda\map\r_c11m2_offices.bsp
max farz in all env_fog_controller entities: 10000.000000 (used for radial vis)
reading z:\mnt\f\stuff\git\l4d2-things\reverse_rda\map\r_c11m2_offices.prt
1900 portalclusters
4729 numportals
0...1...2...3...4...5...6...7...8...9...100...1...2...3...4...5...6...7...8...9...10Optimized: 9748 visible clusters (0.00%)
Total clusters visible: 874168
Average clusters visible: 460
Building PAS...
Average clusters audible: 1392
visdatasize:703217  compressed from 912000
writing z:\mnt\f\stuff\git\l4d2-things\reverse_rda\map\r_c11m2_offices.bsp
11 minutes, 45 seconds elapsed



[Reading texlights from 'lights.rad']
[2 texlights parsed from 'lights.rad']

Loading z:\mnt\f\stuff\git\l4d2-things\reverse_rda\map\r_c11m2_offices.bsp
Patch Sample Radius Clamped!
Patch Sample Radius Clamped!
Patch Sample Radius Clamped!
Patch Sample Radius Clamped!
Patch Sample Radius Clamped!
Patch Sample Radius Clamped!
Patch Sample Radius Clamped!
Patch Sample Radius Clamped!
Patch Sample Radius Clamped!
Patch Sample Radius Clamped!
Patch Sample Radius Clamped!
11557 faces
7945481 square feet [1144149248.00 square inches]
129 Displacements
300443 Square Feet [43263864.00 Square Inches]
11557 patches before subdivision
84329 patches after subdivision
108 direct lights
0...1...2...3... warning - face vectors parallel to face normal. bad lighting will be produced
4...5...6...7...8...9...100...1...2...3...4...5...6...7...8...9...10transfers 6794388, max 1024
transfer lists:  51.8 megs
0...1...2...3...4...5...6...7...8...9...10	Bounce #1 added RGB(18594, 16722, 13173)
0...1...2...3...4...5...6...7...8...9...10	Bounce #2 added RGB(4268, 4050, 2874)
0...1...2...3...4...5...6...7...8...9...10	Bounce #3 added RGB(1244, 1166, 721)
0...1...2...3...4...5...6...7...8...9...10	Bounce #4 added RGB(437, 399, 218)
0...1...2...3...4...5...6...7...8...9...10	Bounce #5 added RGB(164, 145, 69)
0...1...2...3...4...5...6...7...8...9...10	Bounce #6 added RGB(66, 56, 24)
0...1...2...3...4...5...6...7...8...9...10	Bounce #7 added RGB(28, 23, 8)
0...1...2...3...4...5...6...7...8...9...10	Bounce #8 added RGB(12, 9, 3)
0...1...2...3...4...5...6...7...8...9...10	Bounce #9 added RGB(5, 4, 1)
0...1...2...3...4...5...6...7...8...9...10	Bounce #10 added RGB(2, 2, 0)
0...1...2...3...4...5...6...7...8...9...10	Bounce #11 added RGB(1, 1, 0)
0...1...2...3...4...5...6...7...8...9...10	Bounce #12 added RGB(1, 0, 0)
Build Patch/Sample Hash Table(s).....Done<0.0192 sec>
0...1...2...3 warning - face vectors parallel to face normal. bad lighting will be produced
... warning - face vectors parallel to face normal. bad lighting will be produced
4 warning - face vectors parallel to face normal. bad lighting will be produced
SampleRadial: Punting, Waiting for fix
...5...6...7...8...9...10FinalLightFace Done
0 of 0 (0% of) surface lights went in leaf ambient cubes.
0...1...2...3...4...5...6...7...8...9...10Writing leaf ambient...done
Computing static prop lighting : 00...1...2...3...4...5...6...7...8...9...10
Ready to Finish

Object names       Objects/Maxobjs  Memory / Maxmem  Fullness 
------------       ---------------  ---------------  -------- 
models                 179/1024         8592/49152    (17.5%) 
brushes               4404/8192        52848/98304    (53.8%) 
brushsides           32020/65536      256160/524288   (48.9%) 
planes               19174/65536      383480/1310720  (29.3%) 
vertexes             21927/65536      263124/786432   (33.5%) 
nodes                 6348/65536      203136/2097152  ( 9.7%) 
texinfos              5032/12288      362304/884736   (41.0%) 
texdata                536/2048        17152/65536    (26.2%) 
dispinfos              129/0           22704/0        ( 0.0%) 
disp_verts            5009/0          100180/0        ( 0.0%) 
disp_tris             7296/0           14592/0        ( 0.0%) 
disp_lmsamples      219942/0          219942/0        ( 0.0%) 
faces                11557/65536      647192/3670016  (17.6%) 
hdr faces            11557/65536      647192/3670016  (17.6%) 
origfaces             8332/65536      466592/3670016  (12.7%) 
leaves                6528/65536      208896/2097152  (10.0%) 
leaffaces            14631/65536       29262/131072   (22.3%) 
leafbrushes          11974/65536       23948/131072   (18.3%) 
areas                   17/256           136/2048     ( 6.6%) 
surfedges            89718/512000     358872/2048000  (17.5%) 
edges                57996/256000     231984/1024000  (22.7%) 
LDR worldlights          0/8192            0/819200   ( 0.0%) 
HDR worldlights        108/8192        10800/819200   ( 1.3%) 
leafwaterdata            0/32768           0/393216   ( 0.0%) 
waterstrips           1332/32768       13320/327680   ( 4.1%) 
waterverts               0/65536           0/786432   ( 0.0%) 
waterindices         25977/65536       51954/131072   (39.6%) 
cubemapsamples          62/1024          992/16384    ( 6.1%) 
overlays               374/512        131648/180224   (73.0%) 
LDR lightdata         [variable]           0/0        ( 0.0%) 
HDR lightdata         [variable]     4568900/0        ( 0.0%) 
visdata               [variable]      703217/16777216 ( 4.2%) 
entdata               [variable]      752924/393216   (191.5%) VERY FULL!
LDR ambient table     6528/65536       26112/262144   (10.0%) 
HDR ambient table     6528/65536       26112/262144   (10.0%) 
LDR leaf ambient      6528/65536      182784/1835008  (10.0%) 
HDR leaf ambient     25802/65536      722456/1835008  (39.4%) 
occluders                6/0             240/0        ( 0.0%) 
occluder polygons       15/0             180/0        ( 0.0%) 
occluder vert ind       68/0             272/0        ( 0.0%) 
Prop Hull Verts          0/0               0/0        ( 0.0%) 
Prop Hull Blob           0/0               0/0        ( 0.0%) 
Prop Hull Lists          0/0               0/0        ( 0.0%) 
Prop Hulls               0/0               0/0        ( 0.0%) 
Prop Hull trilist        0/0               0/0        ( 0.0%) 
detail props          [variable]           1/12       ( 8.3%) 
static props          [variable]           1/103410   ( 0.0%) 
pakfile               [variable]     7321699/0        ( 0.0%) 
physics               [variable]     1594107/4194304  (38.0%) 
physics terrain       [variable]       14895/1048576  ( 1.4%) 

Level flags = 2

Total triangle count: 33393
Writing z:\mnt\f\stuff\git\l4d2-things\reverse_rda\map\r_c11m2_offices.bsp
4 minutes, 14 seconds elapsed



Using shader api: shaderapiempty.dll
materialPath: Z:\mnt\d\SteamLibrary\steamapps\common\Left 4 Dead 2\left4dead2\materials
Loading Z:\mnt\f\stuff\git\l4d2-things\reverse_rda\map\r_c11m2_offices.vmf
Can't find surfaceprop cloth for material METAL/CUBICLE01, using default
fixing up env_cubemap materials on brush sides...
0...1...2...3...4...5...6...7...8...9...100...1...2...3...4...5...6...7...8...9...10
FindPortalSide: Couldn't find a good match for which brush to assign to a portal near (4516.0 3164.0 449.5)
Leaf 0 contents: CONTENTS_SOLID 
Leaf 1 contents: 
viscontents (node 0 contents ^ node 1 contents): CONTENTS_SOLID 
This means that none of the brushes in leaf 0 or 1 that touches the portal has CONTENTS_SOLID 
Check for a huge brush enclosing the coordinates above that has contents CONTENTS_SOLID 
Candidate brush IDs: Brush 6202: Brush 6228: Brush 6234: Brush 6240: 

Processing areas...done (0)
Building Faces...done (0)
Occluder "" straddles multiple areas. This is invalid!
Occluder "" straddles multiple areas. This is invalid!
Occluder "" straddles multiple areas. This is invalid!
Occluder "" straddles multiple areas. This is invalid!
Occluder "" straddles multiple areas. This is invalid!
Occluder "" straddles multiple areas. This is invalid!
Occluder "" straddles multiple areas. This is invalid!
Occluder "" straddles multiple areas. This is invalid!
Occluder "" straddles multiple areas. This is invalid!
Occluder "" straddles multiple areas. This is invalid!
Occluder "" straddles multiple areas. This is invalid!
Occluder "" straddles multiple areas. This is invalid!
Occluder "" straddles multiple areas. This is invalid!
Occluder "" straddles multiple areas. This is invalid!
Occluder "" straddles multiple areas. This is invalid!
Occluder "" straddles multiple areas. This is invalid!
Occluder "" straddles multiple areas. This is invalid!
Occluder "" straddles multiple areas. This is invalid!
Occluder "" straddles multiple areas. This is invalid!
Occluder "" straddles multiple areas. This is invalid!
Occluder "" straddles multiple areas. This is invalid!
Occluder "" straddles multiple areas. This is invalid!
Occluder "" straddles multiple areas. This is invalid!
Occluder "" straddles multiple areas. This is invalid!
Occluder "" straddles multiple areas. This is invalid!
Occluder "" straddles multiple areas. This is invalid!
Occluder "" straddles multiple areas. This is invalid!
Occluder "" straddles multiple areas. This is invalid!
Occluder "" straddles multiple areas. This is invalid!
Occluder "" straddles multiple areas. This is invalid!
Occluder "" straddles multiple areas. This is invalid!
Occluder "" straddles multiple areas. This is invalid!
Occluder "" straddles multiple areas. This is invalid!
Occluder "" straddles multiple areas. This is invalid!
Occluder "" straddles multiple areas. This is invalid!
Occluder "" straddles multiple areas. This is invalid!
Occluder "" straddles multiple areas. This is invalid!
Occluder "" straddles multiple areas. This is invalid!
Occluder "" straddles multiple areas. This is invalid!
Occluder "" straddles multiple areas. This is invalid!
Occluder "" straddles multiple areas. This is invalid!
Occluder "" straddles multiple areas. This is invalid!
Occluder "" straddles multiple areas. This is invalid!
Occluder "" straddles multiple areas. This is invalid!
Occluder "" straddles multiple areas. This is invalid!
Occluder "" straddles multiple areas. This is invalid!
Chop Details...done (0)
Find Visible Detail Sides...
Merged 1238 detail faces...done (0)
Merging details...done (0)
FixTjuncs...
PruneNodes...
WriteBSP...
done (1)
writing Z:\mnt\f\stuff\git\l4d2-things\reverse_rda\map\r_c11m2_offices.prt...Building visibility clusters...
done (0)
Finding displacement neighbors...
Finding lightmap sample positions...
Displacement Alpha : 0...1...2...3...4...5...6...7...8...9...10
Building Physics collision data...
done (1) (1594107 bytes)
Cannot build Physics2 data
                                                             -----------
DataLinker total stream size                                     0.0 KiB
Placing detail props : 0...1...2...3...4...5...6...7...8...9...10
Compacting texture/material tables...
Reduced 9446 texinfos to 5032
Reduced 706 texdatas to 536 (32255 bytes to 24574)
Writing Z:\mnt\f\stuff\git\l4d2-things\reverse_rda\map\r_c11m2_offices.bsp
10 seconds elapsed



6 threads
reading z:\mnt\f\stuff\git\l4d2-things\reverse_rda\map\r_c11m2_offices.bsp
max farz in all env_fog_controller entities: 10000.000000 (used for radial vis)
reading z:\mnt\f\stuff\git\l4d2-things\reverse_rda\map\r_c11m2_offices.prt
1900 portalclusters
4729 numportals
0...1...2...3...4...5...6...7...8...9...100...1...2...3...4...5...6...7...8...9...10Optimized: 9742 visible clusters (0.00%)
Total clusters visible: 874160
Average clusters visible: 460
Building PAS...
Average clusters audible: 1392
visdatasize:703216  compressed from 912000
writing z:\mnt\f\stuff\git\l4d2-things\reverse_rda\map\r_c11m2_offices.bsp
12 minutes, 56 seconds elapsed



[Reading texlights from 'lights.rad']
[2 texlights parsed from 'lights.rad']

Loading z:\mnt\f\stuff\git\l4d2-things\reverse_rda\map\r_c11m2_offices.bsp
Patch Sample Radius Clamped!
Patch Sample Radius Clamped!
Patch Sample Radius Clamped!
Patch Sample Radius Clamped!
Patch Sample Radius Clamped!
Patch Sample Radius Clamped!
Patch Sample Radius Clamped!
Patch Sample Radius Clamped!
Patch Sample Radius Clamped!
Patch Sample Radius Clamped!
Patch Sample Radius Clamped!
11557 faces
7945481 square feet [1144149248.00 square inches]
129 Displacements
300443 Square Feet [43263864.00 Square Inches]
11557 patches before subdivision
84329 patches after subdivision
108 direct lights
0...1...2...3... warning - face vectors parallel to face normal. bad lighting will be produced
4...5...6...7...8...9...100...1...2...3...4...5...6...7...8...9...10transfers 6794388, max 1024
transfer lists:  51.8 megs
0...1...2...3...4...5...6...7...8...9...10	Bounce #1 added RGB(18594, 16722, 13173)
0...1...2...3...4...5...6...7...8...9...10	Bounce #2 added RGB(4268, 4050, 2874)
0...1...2...3...4...5...6...7...8...9...10	Bounce #3 added RGB(1244, 1166, 721)
0...1...2...3...4...5...6...7...8...9...10	Bounce #4 added RGB(437, 399, 218)
0...1...2...3...4...5...6...7...8...9...10	Bounce #5 added RGB(164, 145, 69)
0...1...2...3...4...5...6...7...8...9...10	Bounce #6 added RGB(66, 56, 24)
0...1...2...3...4...5...6...7...8...9...10	Bounce #7 added RGB(28, 23, 8)
0...1...2...3...4...5...6...7...8...9...10	Bounce #8 added RGB(12, 9, 3)
0...1...2...3...4...5...6...7...8...9...10	Bounce #9 added RGB(5, 4, 1)
0...1...2...3...4...5...6...7...8...9...10	Bounce #10 added RGB(2, 2, 0)
0...1...2...3...4...5...6...7...8...9...10	Bounce #11 added RGB(1, 1, 0)
0...1...2...3...4...5...6...7...8...9...10	Bounce #12 added RGB(1, 0, 0)
Build Patch/Sample Hash Table(s).....Done<0.0197 sec>
0...1...2...3 warning - face vectors parallel to face normal. bad lighting will be produced
... warning - face vectors parallel to face normal. bad lighting will be produced
4 warning - face vectors parallel to face normal. bad lighting will be produced
SampleRadial: Punting, Waiting for fix
...5...6...7...8...9...10FinalLightFace Done
0 of 0 (0% of) surface lights went in leaf ambient cubes.
0...1...2...3...4...5...6...7...8...9...10Writing leaf ambient...done
Computing static prop lighting : 00...1...2...3...4...5...6...7...8...9...10
Ready to Finish

Object names       Objects/Maxobjs  Memory / Maxmem  Fullness 
------------       ---------------  ---------------  -------- 
models                 179/1024         8592/49152    (17.5%) 
brushes               4404/8192        52848/98304    (53.8%) 
brushsides           32020/65536      256160/524288   (48.9%) 
planes               19174/65536      383480/1310720  (29.3%) 
vertexes             21927/65536      263124/786432   (33.5%) 
nodes                 6348/65536      203136/2097152  ( 9.7%) 
texinfos              5032/12288      362304/884736   (41.0%) 
texdata                536/2048        17152/65536    (26.2%) 
dispinfos              129/0           22704/0        ( 0.0%) 
disp_verts            5009/0          100180/0        ( 0.0%) 
disp_tris             7296/0           14592/0        ( 0.0%) 
disp_lmsamples      219942/0          219942/0        ( 0.0%) 
faces                11557/65536      647192/3670016  (17.6%) 
hdr faces            11557/65536      647192/3670016  (17.6%) 
origfaces             8332/65536      466592/3670016  (12.7%) 
leaves                6528/65536      208896/2097152  (10.0%) 
leaffaces            14631/65536       29262/131072   (22.3%) 
leafbrushes          11974/65536       23948/131072   (18.3%) 
areas                   17/256           136/2048     ( 6.6%) 
surfedges            89718/512000     358872/2048000  (17.5%) 
edges                57996/256000     231984/1024000  (22.7%) 
LDR worldlights          0/8192            0/819200   ( 0.0%) 
HDR worldlights        108/8192        10800/819200   ( 1.3%) 
leafwaterdata            0/32768           0/393216   ( 0.0%) 
waterstrips           1332/32768       13320/327680   ( 4.1%) 
waterverts               0/65536           0/786432   ( 0.0%) 
waterindices         25977/65536       51954/131072   (39.6%) 
cubemapsamples          62/1024          992/16384    ( 6.1%) 
overlays               374/512        131648/180224   (73.0%) 
LDR lightdata         [variable]           0/0        ( 0.0%) 
HDR lightdata         [variable]     4568900/0        ( 0.0%) 
visdata               [variable]      703216/16777216 ( 4.2%) 
entdata               [variable]      752924/393216   (191.5%) VERY FULL!
LDR ambient table     6528/65536       26112/262144   (10.0%) 
HDR ambient table     6528/65536       26112/262144   (10.0%) 
LDR leaf ambient      6528/65536      182784/1835008  (10.0%) 
HDR leaf ambient     25802/65536      722456/1835008  (39.4%) 
occluders                6/0             240/0        ( 0.0%) 
occluder polygons       15/0             180/0        ( 0.0%) 
occluder vert ind       68/0             272/0        ( 0.0%) 
Prop Hull Verts          0/0               0/0        ( 0.0%) 
Prop Hull Blob           0/0               0/0        ( 0.0%) 
Prop Hull Lists          0/0               0/0        ( 0.0%) 
Prop Hulls               0/0               0/0        ( 0.0%) 
Prop Hull trilist        0/0               0/0        ( 0.0%) 
detail props          [variable]           1/12       ( 8.3%) 
static props          [variable]           1/103410   ( 0.0%) 
pakfile               [variable]     7321699/0        ( 0.0%) 
physics               [variable]     1594107/4194304  (38.0%) 
physics terrain       [variable]       14895/1048576  ( 1.4%) 

Level flags = 2

Total triangle count: 33393
Writing z:\mnt\f\stuff\git\l4d2-things\reverse_rda\map\r_c11m2_offices.bsp
4 minutes, 59 seconds elapsed



Using shader api: shaderapiempty.dll
materialPath: Z:\mnt\d\SteamLibrary\steamapps\common\Left 4 Dead 2\left4dead2\materials
Loading Z:\mnt\f\stuff\git\l4d2-things\reverse_rda\map\r_c11m2_offices.vmf
Can't find surfaceprop cloth for material METAL/CUBICLE01, using default
fixing up env_cubemap materials on brush sides...
0...1...2...3...4...5...6...7...8...9...100...1...2...3...4...5...6...7...8...9...10
FindPortalSide: Couldn't find a good match for which brush to assign to a portal near (4516.0 3164.0 449.5)
Leaf 0 contents: CONTENTS_SOLID 
Leaf 1 contents: 
viscontents (node 0 contents ^ node 1 contents): CONTENTS_SOLID 
This means that none of the brushes in leaf 0 or 1 that touches the portal has CONTENTS_SOLID 
Check for a huge brush enclosing the coordinates above that has contents CONTENTS_SOLID 
Candidate brush IDs: Brush 6202: Brush 6228: Brush 6234: Brush 6240: 

Processing areas...done (0)
Building Faces...done (0)
Occluder "" straddles multiple areas. This is invalid!
Occluder "" straddles multiple areas. This is invalid!
Occluder "" straddles multiple areas. This is invalid!
Occluder "" straddles multiple areas. This is invalid!
Occluder "" straddles multiple areas. This is invalid!
Occluder "" straddles multiple areas. This is invalid!
Occluder "" straddles multiple areas. This is invalid!
Occluder "" straddles multiple areas. This is invalid!
Occluder "" straddles multiple areas. This is invalid!
Occluder "" straddles multiple areas. This is invalid!
Occluder "" straddles multiple areas. This is invalid!
Occluder "" straddles multiple areas. This is invalid!
Occluder "" straddles multiple areas. This is invalid!
Occluder "" straddles multiple areas. This is invalid!
Occluder "" straddles multiple areas. This is invalid!
Occluder "" straddles multiple areas. This is invalid!
Occluder "" straddles multiple areas. This is invalid!
Occluder "" straddles multiple areas. This is invalid!
Occluder "" straddles multiple areas. This is invalid!
Occluder "" straddles multiple areas. This is invalid!
Occluder "" straddles multiple areas. This is invalid!
Occluder "" straddles multiple areas. This is invalid!
Occluder "" straddles multiple areas. This is invalid!
Occluder "" straddles multiple areas. This is invalid!
Occluder "" straddles multiple areas. This is invalid!
Occluder "" straddles multiple areas. This is invalid!
Occluder "" straddles multiple areas. This is invalid!
Occluder "" straddles multiple areas. This is invalid!
Occluder "" straddles multiple areas. This is invalid!
Occluder "" straddles multiple areas. This is invalid!
Occluder "" straddles multiple areas. This is invalid!
Occluder "" straddles multiple areas. This is invalid!
Occluder "" straddles multiple areas. This is invalid!
Occluder "" straddles multiple areas. This is invalid!
Occluder "" straddles multiple areas. This is invalid!
Occluder "" straddles multiple areas. This is invalid!
Occluder "" straddles multiple areas. This is invalid!
Occluder "" straddles multiple areas. This is invalid!
Occluder "" straddles multiple areas. This is invalid!
Occluder "" straddles multiple areas. This is invalid!
Occluder "" straddles multiple areas. This is invalid!
Occluder "" straddles multiple areas. This is invalid!
Occluder "" straddles multiple areas. This is invalid!
Occluder "" straddles multiple areas. This is invalid!
Occluder "" straddles multiple areas. This is invalid!
Occluder "" straddles multiple areas. This is invalid!
Chop Details...done (0)
Find Visible Detail Sides...
Merged 1238 detail faces...done (1)
Merging details...done (0)
FixTjuncs...
PruneNodes...
WriteBSP...
done (0)
writing Z:\mnt\f\stuff\git\l4d2-things\reverse_rda\map\r_c11m2_offices.prt...Building visibility clusters...
done (0)
Finding displacement neighbors...
Finding lightmap sample positions...
Displacement Alpha : 0...1...2...3...4...5...6...7...8...9...10
Building Physics collision data...
done (2) (1599491 bytes)
Cannot build Physics2 data
                                                             -----------
DataLinker total stream size                                     0.0 KiB
Error loading studio model "models/rda/props_industrial/construction_crane.mdl"!
Placing detail props : 0...1...2...3...4...5...6...7...8...9...10
Compacting texture/material tables...
Reduced 9447 texinfos to 5037
Reduced 707 texdatas to 537 (32276 bytes to 24595)
Writing Z:\mnt\f\stuff\git\l4d2-things\reverse_rda\map\r_c11m2_offices.bsp
9 seconds elapsed



6 threads
reading z:\mnt\f\stuff\git\l4d2-things\reverse_rda\map\r_c11m2_offices.bsp
max farz in all env_fog_controller entities: 10000.000000 (used for radial vis)
reading z:\mnt\f\stuff\git\l4d2-things\reverse_rda\map\r_c11m2_offices.prt
1908 portalclusters
4768 numportals
0...1...2...3...4...5...6...7...8...9...100...1...2...3...4...5...6...7...8...9...10Optimized: 9822 visible clusters (0.00%)
Total clusters visible: 885046
Average clusters visible: 463
Building PAS...
Average clusters audible: 1400
visdatasize:709550  compressed from 915840
writing z:\mnt\f\stuff\git\l4d2-things\reverse_rda\map\r_c11m2_offices.bsp
15 minutes, 40 seconds elapsed



[Reading texlights from 'lights.rad']
[2 texlights parsed from 'lights.rad']

Loading z:\mnt\f\stuff\git\l4d2-things\reverse_rda\map\r_c11m2_offices.bsp
Patch Sample Radius Clamped!
Patch Sample Radius Clamped!
Patch Sample Radius Clamped!
Patch Sample Radius Clamped!
Patch Sample Radius Clamped!
Patch Sample Radius Clamped!
Patch Sample Radius Clamped!
Patch Sample Radius Clamped!
Patch Sample Radius Clamped!
Patch Sample Radius Clamped!
Patch Sample Radius Clamped!
11632 faces
8160222 square feet [1175072000.00 square inches]
129 Displacements
300443 Square Feet [43263864.00 Square Inches]
11632 patches before subdivision
84404 patches after subdivision
108 direct lights
0...1...2...3... warning - face vectors parallel to face normal. bad lighting will be produced
4...5...6...7...8...9...100...1...2...3...4...5...6...7...8...9...10transfers 6881227, max 1039
transfer lists:  52.5 megs
0...1...2...3...4...5...6...7...8...9...10	Bounce #1 added RGB(18665, 16755, 13195)
0...1...2...3...4...5...6...7...8...9...10	Bounce #2 added RGB(4281, 4056, 2877)
0...1...2...3...4...5...6...7...8...9...10	Bounce #3 added RGB(1247, 1167, 722)
0...1...2...3...4...5...6...7...8...9...10	Bounce #4 added RGB(437, 399, 218)
0...1...2...3...4...5...6...7...8...9...10	Bounce #5 added RGB(164, 145, 69)
0...1...2...3...4...5...6...7...8...9...10	Bounce #6 added RGB(66, 56, 24)
0...1...2...3...4...5...6...7...8...9...10	Bounce #7 added RGB(28, 23, 8)
0...1...2...3...4...5...6...7...8...9...10	Bounce #8 added RGB(12, 9, 3)
0...1...2...3...4...5...6...7...8...9...10	Bounce #9 added RGB(5, 4, 1)
0...1...2...3...4...5...6...7...8...9...10	Bounce #10 added RGB(2, 2, 0)
0...1...2...3...4...5...6...7...8...9...10	Bounce #11 added RGB(1, 1, 0)
0...1...2...3...4...5...6...7...8...9...10	Bounce #12 added RGB(1, 0, 0)
Build Patch/Sample Hash Table(s).....Done<0.0206 sec>
0...1...2...3 warning - face vectors parallel to face normal. bad lighting will be produced
... warning - face vectors parallel to face normal. bad lighting will be produced
4 warning - face vectors parallel to face normal. bad lighting will be produced
SampleRadial: Punting, Waiting for fix
...5...6...7...8...9...10FinalLightFace Done
0 of 0 (0% of) surface lights went in leaf ambient cubes.
0...1...2...3...4...5...6...7...8...9...10Writing leaf ambient...done
Computing static prop lighting : 00...1...2...3...4...5...6...7...8...9...10
Ready to Finish

Object names       Objects/Maxobjs  Memory / Maxmem  Fullness 
------------       ---------------  ---------------  -------- 
models                 179/1024         8592/49152    (17.5%) 
brushes               4416/8192        52992/98304    (53.9%) 
brushsides           32096/65536      256768/524288   (49.0%) 
planes               19186/65536      383720/1310720  (29.3%) 
vertexes             22023/65536      264276/786432   (33.6%) 
nodes                 6390/65536      204480/2097152  ( 9.8%) 
texinfos              5037/12288      362664/884736   (41.0%) 
texdata                537/2048        17184/65536    (26.2%) 
dispinfos              129/0           22704/0        ( 0.0%) 
disp_verts            5009/0          100180/0        ( 0.0%) 
disp_tris             7296/0           14592/0        ( 0.0%) 
disp_lmsamples      219942/0          219942/0        ( 0.0%) 
faces                11632/65536      651392/3670016  (17.7%) 
hdr faces            11632/65536      651392/3670016  (17.7%) 
origfaces             8397/65536      470232/3670016  (12.8%) 
leaves                6570/65536      210240/2097152  (10.0%) 
leaffaces            14711/65536       29422/131072   (22.4%) 
leafbrushes          12015/65536       24030/131072   (18.3%) 
areas                   17/256           136/2048     ( 6.6%) 
surfedges            90318/512000     361272/2048000  (17.6%) 
edges                58316/256000     233264/1024000  (22.8%) 
LDR worldlights          0/8192            0/819200   ( 0.0%) 
HDR worldlights        108/8192        10800/819200   ( 1.3%) 
leafwaterdata            0/32768           0/393216   ( 0.0%) 
waterstrips           1332/32768       13320/327680   ( 4.1%) 
waterverts               0/65536           0/786432   ( 0.0%) 
waterindices         25977/65536       51954/131072   (39.6%) 
cubemapsamples          62/1024          992/16384    ( 6.1%) 
overlays               374/512        131648/180224   (73.0%) 
LDR lightdata         [variable]           0/0        ( 0.0%) 
HDR lightdata         [variable]     4569220/0        ( 0.0%) 
visdata               [variable]      709550/16777216 ( 4.2%) 
entdata               [variable]      753137/393216   (191.5%) VERY FULL!
LDR ambient table     6570/65536       26280/262144   (10.0%) 
HDR ambient table     6570/65536       26280/262144   (10.0%) 
LDR leaf ambient      6570/65536      183960/1835008  (10.0%) 
HDR leaf ambient     26262/65536      735336/1835008  (40.1%) 
occluders                6/0             240/0        ( 0.0%) 
occluder polygons       15/0             180/0        ( 0.0%) 
occluder vert ind       68/0             272/0        ( 0.0%) 
Prop Hull Verts          0/0               0/0        ( 0.0%) 
Prop Hull Blob           0/0               0/0        ( 0.0%) 
Prop Hull Lists          0/0               0/0        ( 0.0%) 
Prop Hulls               0/0               0/0        ( 0.0%) 
Prop Hull trilist        0/0               0/0        ( 0.0%) 
detail props          [variable]           1/12       ( 8.3%) 
static props          [variable]           1/103174   ( 0.0%) 
pakfile               [variable]     7268857/0        ( 0.0%) 
physics               [variable]     1599491/4194304  (38.1%) 
physics terrain       [variable]       14895/1048576  ( 1.4%) 

Level flags = 2

Total triangle count: 33587
Writing z:\mnt\f\stuff\git\l4d2-things\reverse_rda\map\r_c11m2_offices.bsp
5 minutes, 1 second elapsed



Using shader api: shaderapiempty.dll
materialPath: Z:\mnt\d\SteamLibrary\steamapps\common\Left 4 Dead 2\left4dead2\materials
Loading Z:\mnt\f\stuff\git\l4d2-things\reverse_rda\map\r_c11m2_offices.vmf
Can't find surfaceprop cloth for material METAL/CUBICLE01, using default
fixing up env_cubemap materials on brush sides...
0...1...2...3...4...5...6...7...8...9...100...1...2...3...4...5...6...7...8...9...10
FindPortalSide: Couldn't find a good match for which brush to assign to a portal near (4516.0 3164.0 449.5)
Leaf 0 contents: CONTENTS_SOLID 
Leaf 1 contents: 
viscontents (node 0 contents ^ node 1 contents): CONTENTS_SOLID 
This means that none of the brushes in leaf 0 or 1 that touches the portal has CONTENTS_SOLID 
Check for a huge brush enclosing the coordinates above that has contents CONTENTS_SOLID 
Candidate brush IDs: Brush 6202: Brush 6228: Brush 6234: Brush 6240: 

Processing areas...done (0)
Building Faces...done (0)
Occluder "" straddles multiple areas. This is invalid!
Occluder "" straddles multiple areas. This is invalid!
Occluder "" straddles multiple areas. This is invalid!
Occluder "" straddles multiple areas. This is invalid!
Occluder "" straddles multiple areas. This is invalid!
Occluder "" straddles multiple areas. This is invalid!
Occluder "" straddles multiple areas. This is invalid!
Occluder "" straddles multiple areas. This is invalid!
Occluder "" straddles multiple areas. This is invalid!
Occluder "" straddles multiple areas. This is invalid!
Occluder "" straddles multiple areas. This is invalid!
Occluder "" straddles multiple areas. This is invalid!
Occluder "" straddles multiple areas. This is invalid!
Occluder "" straddles multiple areas. This is invalid!
Occluder "" straddles multiple areas. This is invalid!
Occluder "" straddles multiple areas. This is invalid!
Occluder "" straddles multiple areas. This is invalid!
Occluder "" straddles multiple areas. This is invalid!
Occluder "" straddles multiple areas. This is invalid!
Occluder "" straddles multiple areas. This is invalid!
Occluder "" straddles multiple areas. This is invalid!
Occluder "" straddles multiple areas. This is invalid!
Occluder "" straddles multiple areas. This is invalid!
Occluder "" straddles multiple areas. This is invalid!
Occluder "" straddles multiple areas. This is invalid!
Occluder "" straddles multiple areas. This is invalid!
Occluder "" straddles multiple areas. This is invalid!
Occluder "" straddles multiple areas. This is invalid!
Occluder "" straddles multiple areas. This is invalid!
Occluder "" straddles multiple areas. This is invalid!
Occluder "" straddles multiple areas. This is invalid!
Occluder "" straddles multiple areas. This is invalid!
Occluder "" straddles multiple areas. This is invalid!
Occluder "" straddles multiple areas. This is invalid!
Occluder "" straddles multiple areas. This is invalid!
Occluder "" straddles multiple areas. This is invalid!
Occluder "" straddles multiple areas. This is invalid!
Occluder "" straddles multiple areas. This is invalid!
Occluder "" straddles multiple areas. This is invalid!
Occluder "" straddles multiple areas. This is invalid!
Occluder "" straddles multiple areas. This is invalid!
Occluder "" straddles multiple areas. This is invalid!
Occluder "" straddles multiple areas. This is invalid!
Occluder "" straddles multiple areas. This is invalid!
Occluder "" straddles multiple areas. This is invalid!
Occluder "" straddles multiple areas. This is invalid!
Chop Details...done (1)
Find Visible Detail Sides...
Merged 1238 detail faces...done (1)
Merging details...done (0)
FixTjuncs...
PruneNodes...
WriteBSP...
done (0)
writing Z:\mnt\f\stuff\git\l4d2-things\reverse_rda\map\r_c11m2_offices.prt...Building visibility clusters...
done (0)
Finding displacement neighbors...
Finding lightmap sample positions...
Displacement Alpha : 0...1...2...3...4...5...6...7...8...9...10
Building Physics collision data...
done (1) (1599491 bytes)
Cannot build Physics2 data
                                                             -----------
DataLinker total stream size                                     0.0 KiB
Placing detail props : 0...1...2...3...4...5...6...7...8...9...10
Compacting texture/material tables...
Reduced 9447 texinfos to 5037
Reduced 707 texdatas to 537 (32276 bytes to 24595)
Writing Z:\mnt\f\stuff\git\l4d2-things\reverse_rda\map\r_c11m2_offices.bsp
9 seconds elapsed



6 threads
reading z:\mnt\f\stuff\git\l4d2-things\reverse_rda\map\r_c11m2_offices.bsp
max farz in all env_fog_controller entities: 10000.000000 (used for radial vis)
reading z:\mnt\f\stuff\git\l4d2-things\reverse_rda\map\r_c11m2_offices.prt
1908 portalclusters
4768 numportals
0...1...2...3...4...5...6...7...8...9...100...1...2...3...4...5...6...7...8...9...10Optimized: 9820 visible clusters (0.00%)
Total clusters visible: 885044
Average clusters visible: 463
Building PAS...
Average clusters audible: 1400
visdatasize:709550  compressed from 915840
writing z:\mnt\f\stuff\git\l4d2-things\reverse_rda\map\r_c11m2_offices.bsp
14 minutes, 40 seconds elapsed



[Reading texlights from 'lights.rad']
[2 texlights parsed from 'lights.rad']

Loading z:\mnt\f\stuff\git\l4d2-things\reverse_rda\map\r_c11m2_offices.bsp
Patch Sample Radius Clamped!
Patch Sample Radius Clamped!
Patch Sample Radius Clamped!
Patch Sample Radius Clamped!
Patch Sample Radius Clamped!
Patch Sample Radius Clamped!
Patch Sample Radius Clamped!
Patch Sample Radius Clamped!
Patch Sample Radius Clamped!
Patch Sample Radius Clamped!
Patch Sample Radius Clamped!
11632 faces
8160222 square feet [1175072000.00 square inches]
129 Displacements
300443 Square Feet [43263864.00 Square Inches]
11632 patches before subdivision
84404 patches after subdivision
108 direct lights
0...1...2...3... warning - face vectors parallel to face normal. bad lighting will be produced
4...5...6...7...8...9...100...1...2...3...4...5...6...7...8...9...10transfers 6809186, max 1027
transfer lists:  51.9 megs
0...1...2...3...4...5...6...7...8...9...10	Bounce #1 added RGB(18614, 16732, 13181)
0...1...2...3...4...5...6...7...8...9...10	Bounce #2 added RGB(4270, 4052, 2875)
0...1...2...3...4...5...6...7...8...9...10	Bounce #3 added RGB(1245, 1166, 721)
0...1...2...3...4...5...6...7...8...9...10	Bounce #4 added RGB(437, 399, 218)
0...1...2...3...4...5...6...7...8...9...10	Bounce #5 added RGB(164, 145, 69)
0...1...2...3...4...5...6...7...8...9...10	Bounce #6 added RGB(66, 56, 24)
0...1...2...3...4...5...6...7...8...9...10	Bounce #7 added RGB(28, 23, 8)
0...1...2...3...4...5...6...7...8...9...10	Bounce #8 added RGB(12, 9, 3)
0...1...2...3...4...5...6...7...8...9...10	Bounce #9 added RGB(5, 4, 1)
0...1...2...3...4...5...6...7...8...9...10	Bounce #10 added RGB(2, 2, 0)
0...1...2...3...4...5...6...7...8...9...10	Bounce #11 added RGB(1, 1, 0)
0...1...2...3...4...5...6...7...8...9...10	Bounce #12 added RGB(1, 0, 0)
Build Patch/Sample Hash Table(s).....Done<0.0227 sec>
0...1...2...3 warning - face vectors parallel to face normal. bad lighting will be produced
... warning - face vectors parallel to face normal. bad lighting will be produced
4 warning - face vectors parallel to face normal. bad lighting will be produced
SampleRadial: Punting, Waiting for fix
...5...6...7...8...9...10FinalLightFace Done
0 of 0 (0% of) surface lights went in leaf ambient cubes.
0...1...2...3...4...5...6...7...8...9...10Writing leaf ambient...done
Computing static prop lighting : 00...1...2...3...4...5...6...7...8...9...10
Ready to Finish

Object names       Objects/Maxobjs  Memory / Maxmem  Fullness 
------------       ---------------  ---------------  -------- 
models                 179/1024         8592/49152    (17.5%) 
brushes               4416/8192        52992/98304    (53.9%) 
brushsides           32096/65536      256768/524288   (49.0%) 
planes               19186/65536      383720/1310720  (29.3%) 
vertexes             22023/65536      264276/786432   (33.6%) 
nodes                 6390/65536      204480/2097152  ( 9.8%) 
texinfos              5037/12288      362664/884736   (41.0%) 
texdata                537/2048        17184/65536    (26.2%) 
dispinfos              129/0           22704/0        ( 0.0%) 
disp_verts            5009/0          100180/0        ( 0.0%) 
disp_tris             7296/0           14592/0        ( 0.0%) 
disp_lmsamples      219942/0          219942/0        ( 0.0%) 
faces                11632/65536      651392/3670016  (17.7%) 
hdr faces            11632/65536      651392/3670016  (17.7%) 
origfaces             8397/65536      470232/3670016  (12.8%) 
leaves                6570/65536      210240/2097152  (10.0%) 
leaffaces            14711/65536       29422/131072   (22.4%) 
leafbrushes          12015/65536       24030/131072   (18.3%) 
areas                   17/256           136/2048     ( 6.6%) 
surfedges            90318/512000     361272/2048000  (17.6%) 
edges                58316/256000     233264/1024000  (22.8%) 
LDR worldlights          0/8192            0/819200   ( 0.0%) 
HDR worldlights        108/8192        10800/819200   ( 1.3%) 
leafwaterdata            0/32768           0/393216   ( 0.0%) 
waterstrips           1332/32768       13320/327680   ( 4.1%) 
waterverts               0/65536           0/786432   ( 0.0%) 
waterindices         25977/65536       51954/131072   (39.6%) 
cubemapsamples          62/1024          992/16384    ( 6.1%) 
overlays               374/512        131648/180224   (73.0%) 
LDR lightdata         [variable]           0/0        ( 0.0%) 
HDR lightdata         [variable]     4569220/0        ( 0.0%) 
visdata               [variable]      709550/16777216 ( 4.2%) 
entdata               [variable]      753137/393216   (191.5%) VERY FULL!
LDR ambient table     6570/65536       26280/262144   (10.0%) 
HDR ambient table     6570/65536       26280/262144   (10.0%) 
LDR leaf ambient      6570/65536      183960/1835008  (10.0%) 
HDR leaf ambient     26275/65536      735700/1835008  (40.1%) 
occluders                6/0             240/0        ( 0.0%) 
occluder polygons       15/0             180/0        ( 0.0%) 
occluder vert ind       68/0             272/0        ( 0.0%) 
Prop Hull Verts          0/0               0/0        ( 0.0%) 
Prop Hull Blob           0/0               0/0        ( 0.0%) 
Prop Hull Lists          0/0               0/0        ( 0.0%) 
Prop Hulls               0/0               0/0        ( 0.0%) 
Prop Hull trilist        0/0               0/0        ( 0.0%) 
detail props          [variable]           1/12       ( 8.3%) 
static props          [variable]           1/103422   ( 0.0%) 
pakfile               [variable]     7321697/0        ( 0.0%) 
physics               [variable]     1599491/4194304  (38.1%) 
physics terrain       [variable]       14895/1048576  ( 1.4%) 

Level flags = 2

Total triangle count: 33587
Writing z:\mnt\f\stuff\git\l4d2-things\reverse_rda\map\r_c11m2_offices.bsp
1 minute, 2 seconds elapsed



Using shader api: shaderapiempty.dll
materialPath: Z:\mnt\d\SteamLibrary\steamapps\common\Left 4 Dead 2\left4dead2\materials
Loading Z:\mnt\f\stuff\git\l4d2-things\reverse_rda\map\r_c11m2_offices.vmf
Can't find surfaceprop cloth for material METAL/CUBICLE01, using default
fixing up env_cubemap materials on brush sides...
0...1...2...3...4...5...6...7...8...9...100...1...2...3...4...5...6...7...8...9...10
FindPortalSide: Couldn't find a good match for which brush to assign to a portal near (4516.0 3164.0 449.5)
Leaf 0 contents: CONTENTS_SOLID 
Leaf 1 contents: 
viscontents (node 0 contents ^ node 1 contents): CONTENTS_SOLID 
This means that none of the brushes in leaf 0 or 1 that touches the portal has CONTENTS_SOLID 
Check for a huge brush enclosing the coordinates above that has contents CONTENTS_SOLID 
Candidate brush IDs: Brush 6202: Brush 6228: Brush 6234: Brush 6240: 

Processing areas...done (0)
Building Faces...done (0)
Occluder "" straddles multiple areas. This is invalid!
Occluder "" straddles multiple areas. This is invalid!
Occluder "" straddles multiple areas. This is invalid!
Occluder "" straddles multiple areas. This is invalid!
Occluder "" straddles multiple areas. This is invalid!
Occluder "" straddles multiple areas. This is invalid!
Occluder "" straddles multiple areas. This is invalid!
Occluder "" straddles multiple areas. This is invalid!
Occluder "" straddles multiple areas. This is invalid!
Occluder "" straddles multiple areas. This is invalid!
Occluder "" straddles multiple areas. This is invalid!
Occluder "" straddles multiple areas. This is invalid!
Occluder "" straddles multiple areas. This is invalid!
Occluder "" straddles multiple areas. This is invalid!
Occluder "" straddles multiple areas. This is invalid!
Occluder "" straddles multiple areas. This is invalid!
Occluder "" straddles multiple areas. This is invalid!
Occluder "" straddles multiple areas. This is invalid!
Occluder "" straddles multiple areas. This is invalid!
Occluder "" straddles multiple areas. This is invalid!
Occluder "" straddles multiple areas. This is invalid!
Occluder "" straddles multiple areas. This is invalid!
Occluder "" straddles multiple areas. This is invalid!
Occluder "" straddles multiple areas. This is invalid!
Occluder "" straddles multiple areas. This is invalid!
Occluder "" straddles multiple areas. This is invalid!
Occluder "" straddles multiple areas. This is invalid!
Occluder "" straddles multiple areas. This is invalid!
Occluder "" straddles multiple areas. This is invalid!
Occluder "" straddles multiple areas. This is invalid!
Occluder "" straddles multiple areas. This is invalid!
Occluder "" straddles multiple areas. This is invalid!
Occluder "" straddles multiple areas. This is invalid!
Occluder "" straddles multiple areas. This is invalid!
Occluder "" straddles multiple areas. This is invalid!
Occluder "" straddles multiple areas. This is invalid!
Occluder "" straddles multiple areas. This is invalid!
Occluder "" straddles multiple areas. This is invalid!
Occluder "" straddles multiple areas. This is invalid!
Occluder "" straddles multiple areas. This is invalid!
Occluder "" straddles multiple areas. This is invalid!
Occluder "" straddles multiple areas. This is invalid!
Occluder "" straddles multiple areas. This is invalid!
Occluder "" straddles multiple areas. This is invalid!
Occluder "" straddles multiple areas. This is invalid!
Occluder "" straddles multiple areas. This is invalid!
Chop Details...done (1)
Find Visible Detail Sides...
Merged 1238 detail faces...done (1)
Merging details...done (0)
FixTjuncs...
PruneNodes...
WriteBSP...
done (0)
writing Z:\mnt\f\stuff\git\l4d2-things\reverse_rda\map\r_c11m2_offices.prt...Building visibility clusters...
done (0)
Finding displacement neighbors...
Finding lightmap sample positions...
Displacement Alpha : 0...1...2...3...4...5...6...7...8...9...10
Building Physics collision data...
done (1) (1599491 bytes)
Cannot build Physics2 data
                                                             -----------
DataLinker total stream size                                     0.0 KiB
Placing detail props : 0...1...2...3...4...5...6...7...8...9...10
Compacting texture/material tables...
Reduced 9447 texinfos to 5037
Reduced 707 texdatas to 537 (32276 bytes to 24595)
Writing Z:\mnt\f\stuff\git\l4d2-things\reverse_rda\map\r_c11m2_offices.bsp
9 seconds elapsed



6 threads
reading z:\mnt\f\stuff\git\l4d2-things\reverse_rda\map\r_c11m2_offices.bsp
max farz in all env_fog_controller entities: 10000.000000 (used for radial vis)
reading z:\mnt\f\stuff\git\l4d2-things\reverse_rda\map\r_c11m2_offices.prt
1908 portalclusters
4768 numportals
0...1...2...3...4...5...6...7...8...9...100...1...2...3...4


Using shader api: shaderapiempty.dll
materialPath: Z:\mnt\d\SteamLibrary\steamapps\common\Left 4 Dead 2\left4dead2\materials
Loading Z:\mnt\f\stuff\git\l4d2-things\reverse_rda\map\r_c11m2_offices.vmf
Can't find surfaceprop cloth for material METAL/CUBICLE01, using default
fixing up env_cubemap materials on brush sides...
0...1...2...3...4...5...6...7...8...9...100...1...2...3...4...5...6...7...8...9...10
FindPortalSide: Couldn't find a good match for which brush to assign to a portal near (4516.0 3164.0 449.5)
Leaf 0 contents: CONTENTS_SOLID 
Leaf 1 contents: 
viscontents (node 0 contents ^ node 1 contents): CONTENTS_SOLID 
This means that none of the brushes in leaf 0 or 1 that touches the portal has CONTENTS_SOLID 
Check for a huge brush enclosing the coordinates above that has contents CONTENTS_SOLID 
Candidate brush IDs: Brush 6202: Brush 6228: Brush 6234: Brush 6240: 

Processing areas...done (0)
Building Faces...done (0)
Occluder "" straddles multiple areas. This is invalid!
Occluder "" straddles multiple areas. This is invalid!
Occluder "" straddles multiple areas. This is invalid!
Occluder "" straddles multiple areas. This is invalid!
Occluder "" straddles multiple areas. This is invalid!
Occluder "" straddles multiple areas. This is invalid!
Occluder "" straddles multiple areas. This is invalid!
Occluder "" straddles multiple areas. This is invalid!
Occluder "" straddles multiple areas. This is invalid!
Occluder "" straddles multiple areas. This is invalid!
Occluder "" straddles multiple areas. This is invalid!
Occluder "" straddles multiple areas. This is invalid!
Occluder "" straddles multiple areas. This is invalid!
Occluder "" straddles multiple areas. This is invalid!
Occluder "" straddles multiple areas. This is invalid!
Occluder "" straddles multiple areas. This is invalid!
Occluder "" straddles multiple areas. This is invalid!
Occluder "" straddles multiple areas. This is invalid!
Occluder "" straddles multiple areas. This is invalid!
Occluder "" straddles multiple areas. This is invalid!
Occluder "" straddles multiple areas. This is invalid!
Occluder "" straddles multiple areas. This is invalid!
Occluder "" straddles multiple areas. This is invalid!
Occluder "" straddles multiple areas. This is invalid!
Occluder "" straddles multiple areas. This is invalid!
Occluder "" straddles multiple areas. This is invalid!
Occluder "" straddles multiple areas. This is invalid!
Occluder "" straddles multiple areas. This is invalid!
Occluder "" straddles multiple areas. This is invalid!
Occluder "" straddles multiple areas. This is invalid!
Occluder "" straddles multiple areas. This is invalid!
Occluder "" straddles multiple areas. This is invalid!
Occluder "" straddles multiple areas. This is invalid!
Occluder "" straddles multiple areas. This is invalid!
Occluder "" straddles multiple areas. This is invalid!
Occluder "" straddles multiple areas. This is invalid!
Occluder "" straddles multiple areas. This is invalid!
Occluder "" straddles multiple areas. This is invalid!
Occluder "" straddles multiple areas. This is invalid!
Occluder "" straddles multiple areas. This is invalid!
Occluder "" straddles multiple areas. This is invalid!
Occluder "" straddles multiple areas. This is invalid!
Occluder "" straddles multiple areas. This is invalid!
Occluder "" straddles multiple areas. This is invalid!
Occluder "" straddles multiple areas. This is invalid!
Occluder "" straddles multiple areas. This is invalid!
Chop Details...done (0)
Find Visible Detail Sides...
Merged 1238 detail faces...done (0)
Merging details...done (1)
FixTjuncs...
PruneNodes...
WriteBSP...
done (0)
writing Z:\mnt\f\stuff\git\l4d2-things\reverse_rda\map\r_c11m2_offices.prt...Building visibility clusters...
done (0)
Finding displacement neighbors...
Finding lightmap sample positions...
Displacement Alpha : 0...1...2...3...4...5...6...7...8...9...10
Building Physics collision data...
done (1) (1599491 bytes)
Cannot build Physics2 data
                                                             -----------
DataLinker total stream size                                     0.0 KiB
Placing detail props : 0...1...2...3...4...5...6...7...8...9...10
Compacting texture/material tables...
Reduced 9447 texinfos to 5037
Reduced 707 texdatas to 537 (32276 bytes to 24595)
Writing Z:\mnt\f\stuff\git\l4d2-things\reverse_rda\map\r_c11m2_offices.bsp
9 seconds elapsed

==================================================================
Date: 2026-03-31 20:48:57
Z:\mnt\d\SteamLibrary\steamapps\common\Left 4 Dead 2\bin\vvisplusplus.exe -game Z:\mnt\d\SteamLibrary\steamapps\common\Left 4 Dead 2\left4dead2 Z:\mnt\f\stuff\git\l4d2-things\reverse_rda\map\r_c11m2_offices.vmf
==================================================================
6 threads
reading z:\mnt\f\stuff\git\l4d2-things\reverse_rda\map\r_c11m2_offices.bsp
Detected L4D2 lump format
Max farz in all env_fog_controller entities: 6000 (used for radial vis)
reading z:\mnt\f\stuff\git\l4d2-things\reverse_rda\map\r_c11m2_offices.prt
1908 portalclusters
4768 numportals
0...1...2...3...4...5...6...7...8...9...100...1...2...3...4...5...6...7...8...9...10Optimized: 16420 visible clusters (1.86%)
Total clusters visible: 883732
Average clusters visible: 463
Building PAS...
Average clusters audible: 1398
visdatasize:705933  compressed from 915840
writing z:\mnt\f\stuff\git\l4d2-things\reverse_rda\map\r_c11m2_offices.bsp
Wrote ZIP buffer, estimated size 5729743, actual size 5643635
1 minute, 14 seconds elapsed



[Reading texlights from 'lights.rad']
[2 texlights parsed from 'lights.rad']

Loading z:\mnt\f\stuff\git\l4d2-things\reverse_rda\map\r_c11m2_offices.bsp
Patch Sample Radius Clamped!
Patch Sample Radius Clamped!
Patch Sample Radius Clamped!
Patch Sample Radius Clamped!
Patch Sample Radius Clamped!
Patch Sample Radius Clamped!
Patch Sample Radius Clamped!
Patch Sample Radius Clamped!
Patch Sample Radius Clamped!
Patch Sample Radius Clamped!
Patch Sample Radius Clamped!
11632 faces
8160222 square feet [1175072000.00 square inches]
129 Displacements
300443 Square Feet [43263864.00 Square Inches]
11632 patches before subdivision
84404 patches after subdivision
108 direct lights
0...1...2...3... warning - face vectors parallel to face normal. bad lighting will be produced
4...5...6...7...8...9...100...1...2...3...4...5...6...7...8...9...10transfers 6808521, max 1027
transfer lists:  51.9 megs
0...1...2...3...4...5...6...7...8...9...10	Bounce #1 added RGB(18614, 16732, 13181)
0...1...2...3...4...5...6...7...8...9...10	Bounce #2 added RGB(4270, 4052, 2875)
0...1...2...3...4...5...6...7...8...9...10	Bounce #3 added RGB(1245, 1166, 721)
0...1...2...3...4...5...6...7...8...9...10	Bounce #4 added RGB(437, 399, 218)
0...1...2...3...4...5...6...7...8...9...10	Bounce #5 added RGB(164, 145, 69)
0...1...2...3...4...5...6...7...8...9...10	Bounce #6 added RGB(66, 56, 24)
0...1...2...3...4...5...6...7...8...9...10	Bounce #7 added RGB(28, 23, 8)
0...1...2...3...4...5...6...7...8...9...10	Bounce #8 added RGB(12, 9, 3)
0...1...2...3...4...5...6...7...8...9...10	Bounce #9 added RGB(5, 4, 1)
0...1...2...3...4...5...6...7...8...9...10	Bounce #10 added RGB(2, 2, 0)
0...1...2...3...4...5...6...7...8...9...10	Bounce #11 added RGB(1, 1, 0)
0...1...2...3...4...5...6...7...8...9...10	Bounce #12 added RGB(1, 0, 0)
Build Patch/Sample Hash Table(s).....Done<0.0191 sec>
0...1...2...3 warning - face vectors parallel to face normal. bad lighting will be produced
... warning - face vectors parallel to face normal. bad lighting will be produced
4 warning - face vectors parallel to face normal. bad lighting will be produced
SampleRadial: Punting, Waiting for fix
...5...6...7...8...9...10FinalLightFace Done
0 of 0 (0% of) surface lights went in leaf ambient cubes.
0...1...2...3...4...5...6...7...8...9...10Writing leaf ambient...done
Computing static prop lighting : 00...1...2...3...4...5...6...7...8...9...10
Ready to Finish

Object names       Objects/Maxobjs  Memory / Maxmem  Fullness 
------------       ---------------  ---------------  -------- 
models                 179/1024         8592/49152    (17.5%) 
brushes               4416/8192        52992/98304    (53.9%) 
brushsides           32096/65536      256768/524288   (49.0%) 
planes               19186/65536      383720/1310720  (29.3%) 
vertexes             22023/65536      264276/786432   (33.6%) 
nodes                 6390/65536      204480/2097152  ( 9.8%) 
texinfos              5037/12288      362664/884736   (41.0%) 
texdata                537/2048        17184/65536    (26.2%) 
dispinfos              129/0           22704/0        ( 0.0%) 
disp_verts            5009/0          100180/0        ( 0.0%) 
disp_tris             7296/0           14592/0        ( 0.0%) 
disp_lmsamples      219942/0          219942/0        ( 0.0%) 
faces                11632/65536      651392/3670016  (17.7%) 
hdr faces            11632/65536      651392/3670016  (17.7%) 
origfaces             8397/65536      470232/3670016  (12.8%) 
leaves                6570/65536      210240/2097152  (10.0%) 
leaffaces            14711/65536       29422/131072   (22.4%) 
leafbrushes          12015/65536       24030/131072   (18.3%) 
areas                   17/256           136/2048     ( 6.6%) 
surfedges            90318/512000     361272/2048000  (17.6%) 
edges                58316/256000     233264/1024000  (22.8%) 
LDR worldlights          0/8192            0/819200   ( 0.0%) 
HDR worldlights        108/8192        10800/819200   ( 1.3%) 
leafwaterdata            0/32768           0/393216   ( 0.0%) 
waterstrips           1332/32768       13320/327680   ( 4.1%) 
waterverts               0/65536           0/786432   ( 0.0%) 
waterindices         25977/65536       51954/131072   (39.6%) 
cubemapsamples          62/1024          992/16384    ( 6.1%) 
overlays               374/512        131648/180224   (73.0%) 
LDR lightdata         [variable]           0/0        ( 0.0%) 
HDR lightdata         [variable]     4569220/0        ( 0.0%) 
visdata               [variable]      705933/16777216 ( 4.2%) 
entdata               [variable]      753173/393216   (191.5%) VERY FULL!
LDR ambient table     6570/65536       26280/262144   (10.0%) 
HDR ambient table     6570/65536       26280/262144   (10.0%) 
LDR leaf ambient      6570/65536      183960/1835008  (10.0%) 
HDR leaf ambient     26275/65536      735700/1835008  (40.1%) 
occluders                6/0             240/0        ( 0.0%) 
occluder polygons       15/0             180/0        ( 0.0%) 
occluder vert ind       68/0             272/0        ( 0.0%) 
Prop Hull Verts          0/0               0/0        ( 0.0%) 
Prop Hull Blob           0/0               0/0        ( 0.0%) 
Prop Hull Lists          0/0               0/0        ( 0.0%) 
Prop Hulls               0/0               0/0        ( 0.0%) 
Prop Hull trilist        0/0               0/0        ( 0.0%) 
detail props          [variable]           1/12       ( 8.3%) 
static props          [variable]           1/103422   ( 0.0%) 
pakfile               [variable]     7321697/0        ( 0.0%) 
physics               [variable]     1599491/4194304  (38.1%) 
physics terrain       [variable]       14895/1048576  ( 1.4%) 

Level flags = 2

Total triangle count: 33587
Writing z:\mnt\f\stuff\git\l4d2-things\reverse_rda\map\r_c11m2_offices.bsp
58 seconds elapsed



Using shader api: shaderapiempty.dll
materialPath: Z:\mnt\d\SteamLibrary\steamapps\common\Left 4 Dead 2\left4dead2\materials
Loading Z:\mnt\f\stuff\git\l4d2-things\reverse_rda\map\r_c11m2_offices.vmf
Can't find surfaceprop cloth for material METAL/CUBICLE01, using default
fixing up env_cubemap materials on brush sides...
0...1...2...3...4...5...6...7...8...9...100...1...2...3...4...5...6...7...8...9...10Processing areas...done (0)
Building Faces...done (0)
Occluder "" straddles multiple areas. This is invalid!
Occluder "" straddles multiple areas. This is invalid!
Occluder "" straddles multiple areas. This is invalid!
Occluder "" straddles multiple areas. This is invalid!
Occluder "" straddles multiple areas. This is invalid!
Occluder "" straddles multiple areas. This is invalid!
Occluder "" straddles multiple areas. This is invalid!
Occluder "" straddles multiple areas. This is invalid!
Occluder "" straddles multiple areas. This is invalid!
Occluder "" straddles multiple areas. This is invalid!
Occluder "" straddles multiple areas. This is invalid!
Occluder "" straddles multiple areas. This is invalid!
Occluder "" straddles multiple areas. This is invalid!
Occluder "" straddles multiple areas. This is invalid!
Occluder "" straddles multiple areas. This is invalid!
Occluder "" straddles multiple areas. This is invalid!
Occluder "" straddles multiple areas. This is invalid!
Occluder "" straddles multiple areas. This is invalid!
Occluder "" straddles multiple areas. This is invalid!
Occluder "" straddles multiple areas. This is invalid!
Occluder "" straddles multiple areas. This is invalid!
Occluder "" straddles multiple areas. This is invalid!
Occluder "" straddles multiple areas. This is invalid!
Occluder "" straddles multiple areas. This is invalid!
Occluder "" straddles multiple areas. This is invalid!
Occluder "" straddles multiple areas. This is invalid!
Occluder "" straddles multiple areas. This is invalid!
Occluder "" straddles multiple areas. This is invalid!
Occluder "" straddles multiple areas. This is invalid!
Occluder "" straddles multiple areas. This is invalid!
Occluder "" straddles multiple areas. This is invalid!
Occluder "" straddles multiple areas. This is invalid!
Occluder "" straddles multiple areas. This is invalid!
Occluder "" straddles multiple areas. This is invalid!
Occluder "" straddles multiple areas. This is invalid!
Occluder "" straddles multiple areas. This is invalid!
Occluder "" straddles multiple areas. This is invalid!
Occluder "" straddles multiple areas. This is invalid!
Occluder "" straddles multiple areas. This is invalid!
Occluder "" straddles multiple areas. This is invalid!
Occluder "" straddles multiple areas. This is invalid!
Occluder "" straddles multiple areas. This is invalid!
Occluder "" straddles multiple areas. This is invalid!
Occluder "" straddles multiple areas. This is invalid!
Occluder "" straddles multiple areas. This is invalid!
Occluder "" straddles multiple areas. This is invalid!
Chop Details...done (1)
Find Visible Detail Sides...
Merged 1254 detail faces...done (1)
Merging details...done (0)
FixTjuncs...
PruneNodes...
WriteBSP...
done (0)
writing Z:\mnt\f\stuff\git\l4d2-things\reverse_rda\map\r_c11m2_offices.prt...Building visibility clusters...
done (1)
Finding displacement neighbors...
Finding lightmap sample positions...
Displacement Alpha : 0...1...2...3...4...5...6...7...8...9...10
Building Physics collision data...
done (1) (1628558 bytes)
Cannot build Physics2 data
                                                             -----------
DataLinker total stream size                                     0.0 KiB
Error! To use model "models/props_debris/tv_monitor01.mdl"
      with prop_static, it must be compiled with $staticprop!
Error loading studio model "models/props_debris/tv_monitor01.mdl"!
Placing detail props : 0...1...2...3...4...5...6...7...8...9...10
Compacting texture/material tables...
Reduced 9780 texinfos to 5149
Reduced 741 texdatas to 559 (34014 bytes to 25778)
Writing Z:\mnt\f\stuff\git\l4d2-things\reverse_rda\map\r_c11m2_offices.bsp
10 seconds elapsed

==================================================================
Date: 2026-04-20 08:09:04
Z:\mnt\d\SteamLibrary\steamapps\common\Left 4 Dead 2\bin\vvisplusplus.exe -game Z:\mnt\d\SteamLibrary\steamapps\common\Left 4 Dead 2\left4dead2 Z:\mnt\f\stuff\git\l4d2-things\reverse_rda\map\r_c11m2_offices.vmf
==================================================================
6 threads
reading z:\mnt\f\stuff\git\l4d2-things\reverse_rda\map\r_c11m2_offices.bsp
Detected L4D2 lump format
Max farz in all env_fog_controller entities: 6000 (used for radial vis)
reading z:\mnt\f\stuff\git\l4d2-things\reverse_rda\map\r_c11m2_offices.prt
1928 portalclusters
4798 numportals
0...1...2...3...4...5...6...7...8...9...100...1...2...3...4...5...6...7...8...9...10Optimized: 16433 visible clusters (1.98%)
Total clusters visible: 830299
Average clusters visible: 430
Building PAS...
Average clusters audible: 1371
visdatasize:695004  compressed from 956288
writing z:\mnt\f\stuff\git\l4d2-things\reverse_rda\map\r_c11m2_offices.bsp
Wrote ZIP buffer, estimated size 6005948, actual size 5914748
1 minute, 6 seconds elapsed



[Reading texlights from 'lights.rad']
[2 texlights parsed from 'lights.rad']

Loading z:\mnt\f\stuff\git\l4d2-things\reverse_rda\map\r_c11m2_offices.bsp
Patch Sample Radius Clamped!
Patch Sample Radius Clamped!
Patch Sample Radius Clamped!
Patch Sample Radius Clamped!
Patch Sample Radius Clamped!
Patch Sample Radius Clamped!
Patch Sample Radius Clamped!
Patch Sample Radius Clamped!
Patch Sample Radius Clamped!
Patch Sample Radius Clamped!
Patch Sample Radius Clamped!
11851 faces
7954274 square feet [1145415424.00 square inches]
130 Displacements
300560 Square Feet [43280776.00 Square Inches]
11851 patches before subdivision
86163 patches after subdivision
114 direct lights
0...1...2...3... warning - face vectors parallel to face normal. bad lighting will be produced
4...5...6...7...8...9...100...1...2...3...4...5...6...7...8...9...10transfers 6887606, max 1019
transfer lists:  52.5 megs
0...1...2...3...4...5...6...7...8...9...10	Bounce #1 added RGB(19548, 17568, 13809)
0...1...2...3...4...5...6...7...8...9...10	Bounce #2 added RGB(4600, 4305, 3015)
0...1...2...3...4...5...6...7...8...9...10	Bounce #3 added RGB(1367, 1250, 758)
0...1...2...3...4...5...6...7...8...9...10	Bounce #4 added RGB(482, 427, 227)
0...1...2...3...4...5...6...7...8...9...10	Bounce #5 added RGB(181, 154, 71)
0...1...2...3...4...5...6...7...8...9...10	Bounce #6 added RGB(73, 59, 24)
0...1...2...3...4...5...6...7...8...9...10	Bounce #7 added RGB(30, 24, 9)
0...1...2...3...4...5...6...7...8...9...10	Bounce #8 added RGB(13, 10, 3)
0...1...2...3...4...5...6...7...8...9...10	Bounce #9 added RGB(6, 4, 1)
0...1...2...3...4...5...6...7...8...9...10	Bounce #10 added RGB(3, 2, 0)
0...1...2...3...4...5...6...7...8...9...10	Bounce #11 added RGB(1, 1, 0)
0...1...2...3...4...5...6...7...8...9...10	Bounce #12 added RGB(1, 0, 0)
Build Patch/Sample Hash Table(s).....Done<0.0200 sec>
0...1...2...3 warning - face vectors parallel to face normal. bad lighting will be produced
... warning - face vectors parallel to face normal. bad lighting will be produced
 warning - face vectors parallel to face normal. bad lighting will be produced
SampleRadial: Punting, Waiting for fix
4...5...6...7...8...9...10FinalLightFace Done
0 of 0 (0% of) surface lights went in leaf ambient cubes.
0...1...2...3...4...5...6...7...8...9...10Writing leaf ambient...done
Computing static prop lighting : 00...1...2...3...4...5...6...7...8...9...10
Ready to Finish

Object names       Objects/Maxobjs  Memory / Maxmem  Fullness 
------------       ---------------  ---------------  -------- 
models                 186/1024         8928/49152    (18.2%) 
brushes               4499/8192        53988/98304    (54.9%) 
brushsides           32720/65536      261760/524288   (49.9%) 
planes               19840/65536      396800/1310720  (30.3%) 
vertexes             22565/65536      270780/786432   (34.4%) 
nodes                 6519/65536      208608/2097152  ( 9.9%) 
texinfos              5149/12288      370728/884736   (41.9%) 
texdata                559/2048        17888/65536    (27.3%) 
dispinfos              130/0           22880/0        ( 0.0%) 
disp_verts            5034/0          100680/0        ( 0.0%) 
disp_tris             7328/0           14656/0        ( 0.0%) 
disp_lmsamples      220294/0          220294/0        ( 0.0%) 
faces                11851/65536      663656/3670016  (18.1%) 
hdr faces            11851/65536      663656/3670016  (18.1%) 
origfaces             8576/65536      480256/3670016  (13.1%) 
leaves                6706/65536      214592/2097152  (10.2%) 
leaffaces            14871/65536       29742/131072   (22.7%) 
leafbrushes          12089/65536       24178/131072   (18.4%) 
areas                   19/256           152/2048     ( 7.4%) 
surfedges            92123/512000     368492/2048000  (18.0%) 
edges                59512/256000     238048/1024000  (23.2%) 
LDR worldlights          0/8192            0/819200   ( 0.0%) 
HDR worldlights        114/8192        11400/819200   ( 1.4%) 
leafwaterdata            0/32768           0/393216   ( 0.0%) 
waterstrips           1370/32768       13700/327680   ( 4.2%) 
waterverts               0/65536           0/786432   ( 0.0%) 
waterindices         26760/65536       53520/131072   (40.8%) 
cubemapsamples          65/1024         1040/16384    ( 6.3%) 
overlays               381/512        134112/180224   (74.4%) 
LDR lightdata         [variable]           0/0        ( 0.0%) 
HDR lightdata         [variable]     4668052/0        ( 0.0%) 
visdata               [variable]      695004/16777216 ( 4.1%) 
entdata               [variable]      765757/393216   (194.7%) VERY FULL!
LDR ambient table     6706/65536       26824/262144   (10.2%) 
HDR ambient table     6706/65536       26824/262144   (10.2%) 
LDR leaf ambient      6706/65536      187768/1835008  (10.2%) 
HDR leaf ambient     26141/65536      731948/1835008  (39.9%) 
occluders                6/0             240/0        ( 0.0%) 
occluder polygons       15/0             180/0        ( 0.0%) 
occluder vert ind       68/0             272/0        ( 0.0%) 
Prop Hull Verts          0/0               0/0        ( 0.0%) 
Prop Hull Blob           0/0               0/0        ( 0.0%) 
Prop Hull Lists          0/0               0/0        ( 0.0%) 
Prop Hulls               0/0               0/0        ( 0.0%) 
Prop Hull trilist        0/0               0/0        ( 0.0%) 
detail props          [variable]           1/12       ( 8.3%) 
static props          [variable]           1/104810   ( 0.0%) 
pakfile               [variable]     7597526/0        ( 0.0%) 
physics               [variable]     1628558/4194304  (38.8%) 
physics terrain       [variable]       15186/1048576  ( 1.4%) 

Level flags = 2

Total triangle count: 34247
Writing z:\mnt\f\stuff\git\l4d2-things\reverse_rda\map\r_c11m2_offices.bsp
4 minutes, 29 seconds elapsed



Using shader api: shaderapiempty.dll
materialPath: Z:\mnt\d\SteamLibrary\steamapps\common\Left 4 Dead 2\left4dead2\materials
Loading Z:\mnt\f\stuff\git\l4d2-things\reverse_rda\map\r_c11m2_offices.vmf
Can't find surfaceprop cloth for material METAL/CUBICLE01, using default
fixing up env_cubemap materials on brush sides...
0...1...2...3...4...5...6...7...8...9...100...1...2...3...4...5...6...7...8...9...10Processing areas...done (0)
Building Faces...done (0)
Occluder "" straddles multiple areas. This is invalid!
Occluder "" straddles multiple areas. This is invalid!
Occluder "" straddles multiple areas. This is invalid!
Occluder "" straddles multiple areas. This is invalid!
Occluder "" straddles multiple areas. This is invalid!
Occluder "" straddles multiple areas. This is invalid!
Occluder "" straddles multiple areas. This is invalid!
Occluder "" straddles multiple areas. This is invalid!
Occluder "" straddles multiple areas. This is invalid!
Occluder "" straddles multiple areas. This is invalid!
Occluder "" straddles multiple areas. This is invalid!
Occluder "" straddles multiple areas. This is invalid!
Occluder "" straddles multiple areas. This is invalid!
Occluder "" straddles multiple areas. This is invalid!
Occluder "" straddles multiple areas. This is invalid!
Occluder "" straddles multiple areas. This is invalid!
Occluder "" straddles multiple areas. This is invalid!
Occluder "" straddles multiple areas. This is invalid!
Occluder "" straddles multiple areas. This is invalid!
Occluder "" straddles multiple areas. This is invalid!
Occluder "" straddles multiple areas. This is invalid!
Occluder "" straddles multiple areas. This is invalid!
Occluder "" straddles multiple areas. This is invalid!
Occluder "" straddles multiple areas. This is invalid!
Occluder "" straddles multiple areas. This is invalid!
Occluder "" straddles multiple areas. This is invalid!
Occluder "" straddles multiple areas. This is invalid!
Occluder "" straddles multiple areas. This is invalid!
Occluder "" straddles multiple areas. This is invalid!
Occluder "" straddles multiple areas. This is invalid!
Occluder "" straddles multiple areas. This is invalid!
Occluder "" straddles multiple areas. This is invalid!
Occluder "" straddles multiple areas. This is invalid!
Occluder "" straddles multiple areas. This is invalid!
Occluder "" straddles multiple areas. This is invalid!
Occluder "" straddles multiple areas. This is invalid!
Occluder "" straddles multiple areas. This is invalid!
Occluder "" straddles multiple areas. This is invalid!
Occluder "" straddles multiple areas. This is invalid!
Occluder "" straddles multiple areas. This is invalid!
Occluder "" straddles multiple areas. This is invalid!
Occluder "" straddles multiple areas. This is invalid!
Occluder "" straddles multiple areas. This is invalid!
Occluder "" straddles multiple areas. This is invalid!
Occluder "" straddles multiple areas. This is invalid!
Occluder "" straddles multiple areas. This is invalid!
Chop Details...done (0)
Find Visible Detail Sides...
Merged 1254 detail faces...done (0)
Merging details...done (0)
FixTjuncs...
PruneNodes...
WriteBSP...
done (1)
writing Z:\mnt\f\stuff\git\l4d2-things\reverse_rda\map\r_c11m2_offices.prt...Building visibility clusters...
done (0)
Finding displacement neighbors...
Finding lightmap sample positions...
Displacement Alpha : 0...1...2...3...4...5...6...7...8...9...10
Building Physics collision data...
done (1) (1628558 bytes)
Cannot build Physics2 data
                                                             -----------
DataLinker total stream size                                     0.0 KiB
Error! To use model "models/props_debris/tv_monitor01.mdl"
      with prop_static, it must be compiled with $staticprop!
Error loading studio model "models/props_debris/tv_monitor01.mdl"!
Placing detail props : 0...1...2...3...4...5...6...7...8...9...10
Compacting texture/material tables...
Reduced 9780 texinfos to 5149
Reduced 741 texdatas to 559 (34014 bytes to 25778)
Writing Z:\mnt\f\stuff\git\l4d2-things\reverse_rda\map\r_c11m2_offices.bsp
10 seconds elapsed



Using shader api: shaderapiempty.dll
materialPath: Z:\mnt\d\SteamLibrary\steamapps\common\Left 4 Dead 2\left4dead2\materials
Loading Z:\mnt\f\stuff\git\l4d2-things\reverse_rda\map\r_c11m2_offices.vmf
Can't find surfaceprop cloth for material METAL/CUBICLE01, using default
fixing up env_cubemap materials on brush sides...
0...1...2...3...4...5...6...7...8...9...100...1...2...3...4...5...6...7...8...9...10Processing areas...done (0)
Building Faces...done (0)
Occluder "" straddles multiple areas. This is invalid!
Occluder "" straddles multiple areas. This is invalid!
Occluder "" straddles multiple areas. This is invalid!
Occluder "" straddles multiple areas. This is invalid!
Occluder "" straddles multiple areas. This is invalid!
Occluder "" straddles multiple areas. This is invalid!
Occluder "" straddles multiple areas. This is invalid!
Occluder "" straddles multiple areas. This is invalid!
Occluder "" straddles multiple areas. This is invalid!
Occluder "" straddles multiple areas. This is invalid!
Occluder "" straddles multiple areas. This is invalid!
Occluder "" straddles multiple areas. This is invalid!
Occluder "" straddles multiple areas. This is invalid!
Occluder "" straddles multiple areas. This is invalid!
Occluder "" straddles multiple areas. This is invalid!
Occluder "" straddles multiple areas. This is invalid!
Occluder "" straddles multiple areas. This is invalid!
Occluder "" straddles multiple areas. This is invalid!
Occluder "" straddles multiple areas. This is invalid!
Occluder "" straddles multiple areas. This is invalid!
Occluder "" straddles multiple areas. This is invalid!
Occluder "" straddles multiple areas. This is invalid!
Occluder "" straddles multiple areas. This is invalid!
Occluder "" straddles multiple areas. This is invalid!
Occluder "" straddles multiple areas. This is invalid!
Occluder "" straddles multiple areas. This is invalid!
Occluder "" straddles multiple areas. This is invalid!
Occluder "" straddles multiple areas. This is invalid!
Occluder "" straddles multiple areas. This is invalid!
Occluder "" straddles multiple areas. This is invalid!
Occluder "" straddles multiple areas. This is invalid!
Occluder "" straddles multiple areas. This is invalid!
Occluder "" straddles multiple areas. This is invalid!
Occluder "" straddles multiple areas. This is invalid!
Occluder "" straddles multiple areas. This is invalid!
Occluder "" straddles multiple areas. This is invalid!
Occluder "" straddles multiple areas. This is invalid!
Occluder "" straddles multiple areas. This is invalid!
Occluder "" straddles multiple areas. This is invalid!
Occluder "" straddles multiple areas. This is invalid!
Occluder "" straddles multiple areas. This is invalid!
Occluder "" straddles multiple areas. This is invalid!
Occluder "" straddles multiple areas. This is invalid!
Occluder "" straddles multiple areas. This is invalid!
Occluder "" straddles multiple areas. This is invalid!
Occluder "" straddles multiple areas. This is invalid!
Chop Details...done (0)
Find Visible Detail Sides...
Merged 1252 detail faces...done (0)
Merging details...done (0)
FixTjuncs...
PruneNodes...
WriteBSP...
done (1)
writing Z:\mnt\f\stuff\git\l4d2-things\reverse_rda\map\r_c11m2_offices.prt...Building visibility clusters...
done (0)
Finding displacement neighbors...
Finding lightmap sample positions...
Displacement Alpha : 0...1...2...3...4...5...6...7...8...9...10
Building Physics collision data...
done (1) (1634893 bytes)
Cannot build Physics2 data
                                                             -----------
DataLinker total stream size                                     0.0 KiB
Placing detail props : 0...1...2...3...4...5...6...7...8...9...10
Compacting texture/material tables...
Reduced 9787 texinfos to 5152
Reduced 741 texdatas to 559 (34014 bytes to 25778)
Writing Z:\mnt\f\stuff\git\l4d2-things\reverse_rda\map\r_c11m2_offices.bsp
10 seconds elapsed

==================================================================
Date: 2026-04-24 04:49:14
Z:\mnt\d\SteamLibrary\steamapps\common\Left 4 Dead 2\bin\vvisplusplus.exe -game Z:\mnt\d\SteamLibrary\steamapps\common\Left 4 Dead 2\left4dead2 Z:\mnt\f\stuff\git\l4d2-things\reverse_rda\map\r_c11m2_offices.vmf
==================================================================
6 threads
reading z:\mnt\f\stuff\git\l4d2-things\reverse_rda\map\r_c11m2_offices.bsp
Detected L4D2 lump format
Max farz in all env_fog_controller entities: 6000 (used for radial vis)
reading z:\mnt\f\stuff\git\l4d2-things\reverse_rda\map\r_c11m2_offices.prt
1983 portalclusters
4953 numportals
0...1...2...3...4...5...6...7...8...9...100...1...2...3...4...5...6...7...8...9...10Optimized: 16941 visible clusters (1.88%)
Total clusters visible: 902552
Average clusters visible: 455
Building PAS...
Average clusters audible: 1423
visdatasize:746401  compressed from 983568
writing z:\mnt\f\stuff\git\l4d2-things\reverse_rda\map\r_c11m2_offices.bsp
Wrote ZIP buffer, estimated size 6005948, actual size 5914748
1 minute, 35 seconds elapsed



[Reading texlights from 'lights.rad']
[2 texlights parsed from 'lights.rad']

Loading z:\mnt\f\stuff\git\l4d2-things\reverse_rda\map\r_c11m2_offices.bsp
Patch Sample Radius Clamped!
Patch Sample Radius Clamped!
Patch Sample Radius Clamped!
Patch Sample Radius Clamped!
Patch Sample Radius Clamped!
Patch Sample Radius Clamped!
Patch Sample Radius Clamped!
Patch Sample Radius Clamped!
Patch Sample Radius Clamped!
Patch Sample Radius Clamped!
Patch Sample Radius Clamped!
11957 faces
8168889 square feet [1176320000.00 square inches]
130 Displacements
300560 Square Feet [43280776.00 Square Inches]
11957 patches before subdivision
86219 patches after subdivision
114 direct lights
0...1...2...3... warning - face vectors parallel to face normal. bad lighting will be produced
4...5...6...7...8...9...100...1...2...3...4...5...6...7...8...9...10transfers 6956593, max 1030
transfer lists:  53.1 megs
0...1...2...3...4...5...6...7...8...9...10	Bounce #1 added RGB(19511, 17525, 13772)
0...1...2...3...4...5...6...7...8...9...10	Bounce #2 added RGB(4581, 4287, 3003)
0...1...2...3...4...5...6...7...8...9...10	Bounce #3 added RGB(1360, 1244, 754)
0...1...2...3...4...5...6...7...8...9...10	Bounce #4 added RGB(480, 425, 226)
0...1...2...3...4...5...6...7...8...9...10	Bounce #5 added RGB(181, 154, 71)
0...1...2...3...4...5...6...7...8...9...10	Bounce #6 added RGB(72, 59, 24)
0...1...2...3...4...5...6...7...8...9...10	Bounce #7 added RGB(30, 24, 9)
0...1...2...3...4...5...6...7...8...9...10	Bounce #8 added RGB(13, 10, 3)
0...1...2...3...4...5...6...7...8...9...10	Bounce #9 added RGB(6, 4, 1)
0...1...2...3...4...5...6...7...8...9...10	Bounce #10 added RGB(3, 2, 0)
0...1...2...3...4...5...6...7...8...9...10	Bounce #11 added RGB(1, 1, 0)
0...1...2...3...4...5...6...7...8...9...10	Bounce #12 added RGB(1, 0, 0)
Build Patch/Sample Hash Table(s).....Done<0.0245 sec>
0...1...2...3 warning - face vectors parallel to face normal. bad lighting will be produced
... warning - face vectors parallel to face normal. bad lighting will be produced
 warning - face vectors parallel to face normal. bad lighting will be produced
SampleRadial: Punting, Waiting for fix
4...5...6...7...8...9...10FinalLightFace Done
0 of 0 (0% of) surface lights went in leaf ambient cubes.
0...1...2...3...4...5...6...7...8...9...10Writing leaf ambient...done
Computing static prop lighting : 00...1...2...3...4...5...6...7...8...9...10
Ready to Finish

Object names       Objects/Maxobjs  Memory / Maxmem  Fullness 
------------       ---------------  ---------------  -------- 
models                 186/1024         8928/49152    (18.2%) 
brushes               4515/8192        54180/98304    (55.1%) 
brushsides           32826/65536      262608/524288   (50.1%) 
planes               19844/65536      396880/1310720  (30.3%) 
vertexes             22694/65536      272328/786432   (34.6%) 
nodes                 6618/65536      211776/2097152  (10.1%) 
texinfos              5152/12288      370944/884736   (41.9%) 
texdata                559/2048        17888/65536    (27.3%) 
dispinfos              130/0           22880/0        ( 0.0%) 
disp_verts            5034/0          100680/0        ( 0.0%) 
disp_tris             7328/0           14656/0        ( 0.0%) 
disp_lmsamples      220294/0          220294/0        ( 0.0%) 
faces                11957/65536      669592/3670016  (18.2%) 
hdr faces            11957/65536      669592/3670016  (18.2%) 
origfaces             8638/65536      483728/3670016  (13.2%) 
leaves                6805/65536      217760/2097152  (10.4%) 
leaffaces            15095/65536       30190/131072   (23.0%) 
leafbrushes          12327/65536       24654/131072   (18.8%) 
areas                   19/256           152/2048     ( 7.4%) 
surfedges            92841/512000     371364/2048000  (18.1%) 
edges                59900/256000     239600/1024000  (23.4%) 
LDR worldlights          0/8192            0/819200   ( 0.0%) 
HDR worldlights        114/8192        11400/819200   ( 1.4%) 
leafwaterdata            0/32768           0/393216   ( 0.0%) 
waterstrips           1371/32768       13710/327680   ( 4.2%) 
waterverts               0/65536           0/786432   ( 0.0%) 
waterindices         26739/65536       53478/131072   (40.8%) 
cubemapsamples          65/1024         1040/16384    ( 6.3%) 
overlays               381/512        134112/180224   (74.4%) 
LDR lightdata         [variable]           0/0        ( 0.0%) 
HDR lightdata         [variable]     4672440/0        ( 0.0%) 
visdata               [variable]      746401/16777216 ( 4.4%) 
entdata               [variable]      766588/393216   (195.0%) VERY FULL!
LDR ambient table     6805/65536       27220/262144   (10.4%) 
HDR ambient table     6805/65536       27220/262144   (10.4%) 
LDR leaf ambient      6805/65536      190540/1835008  (10.4%) 
HDR leaf ambient     27113/65536      759164/1835008  (41.4%) 
occluders                6/0             240/0        ( 0.0%) 
occluder polygons       15/0             180/0        ( 0.0%) 
occluder vert ind       68/0             272/0        ( 0.0%) 
Prop Hull Verts          0/0               0/0        ( 0.0%) 
Prop Hull Blob           0/0               0/0        ( 0.0%) 
Prop Hull Lists          0/0               0/0        ( 0.0%) 
Prop Hulls               0/0               0/0        ( 0.0%) 
Prop Hull trilist        0/0               0/0        ( 0.0%) 
detail props          [variable]           1/12       ( 8.3%) 
static props          [variable]           1/104498   ( 0.0%) 
pakfile               [variable]     7580828/0        ( 0.0%) 
physics               [variable]     1634893/4194304  (39.0%) 
physics terrain       [variable]       15186/1048576  ( 1.4%) 

Level flags = 2

Total triangle count: 34507
Writing z:\mnt\f\stuff\git\l4d2-things\reverse_rda\map\r_c11m2_offices.bsp
5 minutes, 18 seconds elapsed



Using shader api: shaderapiempty.dll
materialPath: Z:\mnt\d\SteamLibrary\steamapps\common\Left 4 Dead 2\left4dead2\materials
Loading Z:\mnt\f\stuff\git\l4d2-things\reverse_rda\map\r_c11m2_offices.vmf
Can't find surfaceprop cloth for material METAL/CUBICLE01, using default
fixing up env_cubemap materials on brush sides...
0...1...2...3...4...5...6...7...8...9...100...1...2...3...4...5...6...7...8...9...10Processing areas...done (0)
Building Faces...done (0)
Occluder "" straddles multiple areas. This is invalid!
Occluder "" straddles multiple areas. This is invalid!
Occluder "" straddles multiple areas. This is invalid!
Occluder "" straddles multiple areas. This is invalid!
Occluder "" straddles multiple areas. This is invalid!
Occluder "" straddles multiple areas. This is invalid!
Occluder "" straddles multiple areas. This is invalid!
Occluder "" straddles multiple areas. This is invalid!
Occluder "" straddles multiple areas. This is invalid!
Occluder "" straddles multiple areas. This is invalid!
Occluder "" straddles multiple areas. This is invalid!
Occluder "" straddles multiple areas. This is invalid!
Occluder "" straddles multiple areas. This is invalid!
Occluder "" straddles multiple areas. This is invalid!
Occluder "" straddles multiple areas. This is invalid!
Occluder "" straddles multiple areas. This is invalid!
Occluder "" straddles multiple areas. This is invalid!
Occluder "" straddles multiple areas. This is invalid!
Occluder "" straddles multiple areas. This is invalid!
Occluder "" straddles multiple areas. This is invalid!
Occluder "" straddles multiple areas. This is invalid!
Occluder "" straddles multiple areas. This is invalid!
Occluder "" straddles multiple areas. This is invalid!
Occluder "" straddles multiple areas. This is invalid!
Occluder "" straddles multiple areas. This is invalid!
Occluder "" straddles multiple areas. This is invalid!
Occluder "" straddles multiple areas. This is invalid!
Occluder "" straddles multiple areas. This is invalid!
Occluder "" straddles multiple areas. This is invalid!
Occluder "" straddles multiple areas. This is invalid!
Occluder "" straddles multiple areas. This is invalid!
Occluder "" straddles multiple areas. This is invalid!
Occluder "" straddles multiple areas. This is invalid!
Occluder "" straddles multiple areas. This is invalid!
Occluder "" straddles multiple areas. This is invalid!
Occluder "" straddles multiple areas. This is invalid!
Occluder "" straddles multiple areas. This is invalid!
Occluder "" straddles multiple areas. This is invalid!
Occluder "" straddles multiple areas. This is invalid!
Occluder "" straddles multiple areas. This is invalid!
Occluder "" straddles multiple areas. This is invalid!
Occluder "" straddles multiple areas. This is invalid!
Occluder "" straddles multiple areas. This is invalid!
Occluder "" straddles multiple areas. This is invalid!
Occluder "" straddles multiple areas. This is invalid!
Occluder "" straddles multiple areas. This is invalid!
Chop Details...done (1)
Find Visible Detail Sides...
Merged 1246 detail faces...done (1)
Merging details...done (0)
FixTjuncs...
PruneNodes...
WriteBSP...
done (0)
writing Z:\mnt\f\stuff\git\l4d2-things\reverse_rda\map\r_c11m2_offices.prt...Building visibility clusters...
done (1)
Finding displacement neighbors...
Finding lightmap sample positions...
Displacement Alpha : 0...1...2...3...4...5...6...7...8...9...10
Building Physics collision data...
done (1) (1628583 bytes)
Cannot build Physics2 data
                                                             -----------
DataLinker total stream size                                     0.0 KiB
Placing detail props : 0...1...2...3...4...5...6...7...8...9...10
Compacting texture/material tables...
Reduced 9781 texinfos to 5153
Reduced 741 texdatas to 559 (34017 bytes to 25813)
Writing Z:\mnt\f\stuff\git\l4d2-things\reverse_rda\map\r_c11m2_offices.bsp
9 seconds elapsed

==================================================================
Date: 2026-04-24 07:31:43
Z:\mnt\d\SteamLibrary\steamapps\common\Left 4 Dead 2\bin\vvisplusplus.exe -game Z:\mnt\d\SteamLibrary\steamapps\common\Left 4 Dead 2\left4dead2 Z:\mnt\f\stuff\git\l4d2-things\reverse_rda\map\r_c11m2_offices.vmf
==================================================================
6 threads
reading z:\mnt\f\stuff\git\l4d2-things\reverse_rda\map\r_c11m2_offices.bsp
Detected L4D2 lump format
Max farz in all env_fog_controller entities: 6000 (used for radial vis)
reading z:\mnt\f\stuff\git\l4d2-things\reverse_rda\map\r_c11m2_offices.prt
1984 portalclusters
4968 numportals
0...1...2...3...4...5...6...7...8...9...100...1...2...3...4...5...6...7...8...9...10Optimized: 17421 visible clusters (1.92%)
Total clusters visible: 907123
Average clusters visible: 457
Building PAS...
Average clusters audible: 1425
visdatasize:744996  compressed from 984064
writing z:\mnt\f\stuff\git\l4d2-things\reverse_rda\map\r_c11m2_offices.bsp
Wrote ZIP buffer, estimated size 6005957, actual size 5914757
1 minute, 32 seconds elapsed



[Reading texlights from 'lights.rad']
[2 texlights parsed from 'lights.rad']

Loading z:\mnt\f\stuff\git\l4d2-things\reverse_rda\map\r_c11m2_offices.bsp
Patch Sample Radius Clamped!
Patch Sample Radius Clamped!
Patch Sample Radius Clamped!
Patch Sample Radius Clamped!
Patch Sample Radius Clamped!
Patch Sample Radius Clamped!
Patch Sample Radius Clamped!
Patch Sample Radius Clamped!
Patch Sample Radius Clamped!
Patch Sample Radius Clamped!
Patch Sample Radius Clamped!
11898 faces
7954451 square feet [1145441024.00 square inches]
130 Displacements
300560 Square Feet [43280776.00 Square Inches]
11898 patches before subdivision
86218 patches after subdivision
114 direct lights
0...1...2...3... warning - face vectors parallel to face normal. bad lighting will be produced
4...5...6...7...8...9...100...1...2...3...4...5...6...7...8...9...10transfers 6945379, max 1035
transfer lists:  53.0 megs
0...1...2...3...4...5...6...7...8...9...10	Bounce #1 added RGB(19484, 17508, 13758)
0...1...2...3...4...5...6...7...8...9...10	Bounce #2 added RGB(4578, 4284, 3000)
0...1...2...3...4...5...6...7...8...9...10	Bounce #3 added RGB(1359, 1244, 754)
0...1...2...3...4...5...6...7...8...9...10	Bounce #4 added RGB(480, 425, 226)
0...1...2...3...4...5...6...7...8...9...10	Bounce #5 added RGB(181, 154, 71)
0...1...2...3...4...5...6...7...8...9...10	Bounce #6 added RGB(72, 59, 24)
0...1...2...3...4...5...6...7...8...9...10	Bounce #7 added RGB(30, 24, 9)
0...1...2...3...4...5...6...7...8...9...10	Bounce #8 added RGB(13, 10, 3)
0...1...2...3...4...5...6...7...8...9...10	Bounce #9 added RGB(6, 4, 1)
0...1...2...3...4...5...6...7...8...9...10	Bounce #10 added RGB(3, 2, 0)
0...1...2...3...4...5...6...7...8...9...10	Bounce #11 added RGB(1, 1, 0)
0...1...2...3...4...5...6...7...8...9...10	Bounce #12 added RGB(1, 0, 0)
Build Patch/Sample Hash Table(s).....Done<0.0239 sec>
0...1... warning - face vectors parallel to face normal. bad lighting will be produced
2...3... warning - face vectors parallel to face normal. bad lighting will be produced
 warning - face vectors parallel to face normal. bad lighting will be produced
SampleRadial: Punting, Waiting for fix
4...5...6...7...8...9...10FinalLightFace Done
0 of 0 (0% of) surface lights went in leaf ambient cubes.
0...1...2...3...4...5...6...7...8...9...10Writing leaf ambient...done
Computing static prop lighting : 00...1...2...3...4...5...6...7...8...9...10
Ready to Finish

Object names       Objects/Maxobjs  Memory / Maxmem  Fullness 
------------       ---------------  ---------------  -------- 
models                 185/1024         8880/49152    (18.1%) 
brushes               4501/8192        54012/98304    (54.9%) 
brushsides           32737/65536      261896/524288   (50.0%) 
planes               19824/65536      396480/1310720  (30.2%) 
vertexes             22596/65536      271152/786432   (34.5%) 
nodes                 6578/65536      210496/2097152  (10.0%) 
texinfos              5153/12288      371016/884736   (41.9%) 
texdata                559/2048        17888/65536    (27.3%) 
dispinfos              130/0           22880/0        ( 0.0%) 
disp_verts            5034/0          100680/0        ( 0.0%) 
disp_tris             7328/0           14656/0        ( 0.0%) 
disp_lmsamples      220294/0          220294/0        ( 0.0%) 
faces                11898/65536      666288/3670016  (18.2%) 
hdr faces            11898/65536      666288/3670016  (18.2%) 
origfaces             8589/65536      480984/3670016  (13.1%) 
leaves                6764/65536      216448/2097152  (10.3%) 
leaffaces            15061/65536       30122/131072   (23.0%) 
leafbrushes          12295/65536       24590/131072   (18.8%) 
areas                   19/256           152/2048     ( 7.4%) 
surfedges            92375/512000     369500/2048000  (18.0%) 
edges                59658/256000     238632/1024000  (23.3%) 
LDR worldlights          0/8192            0/819200   ( 0.0%) 
HDR worldlights        114/8192        11400/819200   ( 1.4%) 
leafwaterdata            0/32768           0/393216   ( 0.0%) 
waterstrips           1376/32768       13760/327680   ( 4.2%) 
waterverts               0/65536           0/786432   ( 0.0%) 
waterindices         26829/65536       53658/131072   (40.9%) 
cubemapsamples          65/1024         1040/16384    ( 6.3%) 
overlays               381/512        134112/180224   (74.4%) 
LDR lightdata         [variable]           0/0        ( 0.0%) 
HDR lightdata         [variable]     4675804/0        ( 0.0%) 
visdata               [variable]      744996/16777216 ( 4.4%) 
entdata               [variable]      766426/393216   (194.9%) VERY FULL!
LDR ambient table     6764/65536       27056/262144   (10.3%) 
HDR ambient table     6764/65536       27056/262144   (10.3%) 
LDR leaf ambient      6764/65536      189392/1835008  (10.3%) 
HDR leaf ambient     26609/65536      745052/1835008  (40.6%) 
occluders                6/0             240/0        ( 0.0%) 
occluder polygons       15/0             180/0        ( 0.0%) 
occluder vert ind       68/0             272/0        ( 0.0%) 
Prop Hull Verts          0/0               0/0        ( 0.0%) 
Prop Hull Blob           0/0               0/0        ( 0.0%) 
Prop Hull Lists          0/0               0/0        ( 0.0%) 
Prop Hulls               0/0               0/0        ( 0.0%) 
Prop Hull trilist        0/0               0/0        ( 0.0%) 
detail props          [variable]           1/12       ( 8.3%) 
static props          [variable]           1/104500   ( 0.0%) 
pakfile               [variable]     7580837/0        ( 0.0%) 
physics               [variable]     1628583/4194304  (38.8%) 
physics terrain       [variable]       15186/1048576  ( 1.4%) 

Level flags = 2

Total triangle count: 34353
Writing z:\mnt\f\stuff\git\l4d2-things\reverse_rda\map\r_c11m2_offices.bsp
6 minutes, 7 seconds elapsed



Using shader api: shaderapiempty.dll
materialPath: Z:\mnt\d\SteamLibrary\steamapps\common\Left 4 Dead 2\left4dead2\materials
Loading Z:\mnt\f\stuff\git\l4d2-things\reverse_rda\map\r_c11m2_offices.vmf
Can't find surfaceprop cloth for material METAL/CUBICLE01, using default
fixing up env_cubemap materials on brush sides...
0...1...2...3...4...5...6...7...8...9...100...1...2...3...4...5...6...7...8...9...10Processing areas...done (0)
Building Faces...done (0)
Occluder "" straddles multiple areas. This is invalid!
Occluder "" straddles multiple areas. This is invalid!
Occluder "" straddles multiple areas. This is invalid!
Occluder "" straddles multiple areas. This is invalid!
Occluder "" straddles multiple areas. This is invalid!
Occluder "" straddles multiple areas. This is invalid!
Occluder "" straddles multiple areas. This is invalid!
Occluder "" straddles multiple areas. This is invalid!
Occluder "" straddles multiple areas. This is invalid!
Occluder "" straddles multiple areas. This is invalid!
Occluder "" straddles multiple areas. This is invalid!
Occluder "" straddles multiple areas. This is invalid!
Occluder "" straddles multiple areas. This is invalid!
Occluder "" straddles multiple areas. This is invalid!
Occluder "" straddles multiple areas. This is invalid!
Occluder "" straddles multiple areas. This is invalid!
Occluder "" straddles multiple areas. This is invalid!
Occluder "" straddles multiple areas. This is invalid!
Occluder "" straddles multiple areas. This is invalid!
Occluder "" straddles multiple areas. This is invalid!
Occluder "" straddles multiple areas. This is invalid!
Occluder "" straddles multiple areas. This is invalid!
Occluder "" straddles multiple areas. This is invalid!
Occluder "" straddles multiple areas. This is invalid!
Occluder "" straddles multiple areas. This is invalid!
Occluder "" straddles multiple areas. This is invalid!
Occluder "" straddles multiple areas. This is invalid!
Occluder "" straddles multiple areas. This is invalid!
Occluder "" straddles multiple areas. This is invalid!
Occluder "" straddles multiple areas. This is invalid!
Occluder "" straddles multiple areas. This is invalid!
Occluder "" straddles multiple areas. This is invalid!
Occluder "" straddles multiple areas. This is invalid!
Occluder "" straddles multiple areas. This is invalid!
Occluder "" straddles multiple areas. This is invalid!
Occluder "" straddles multiple areas. This is invalid!
Occluder "" straddles multiple areas. This is invalid!
Occluder "" straddles multiple areas. This is invalid!
Occluder "" straddles multiple areas. This is invalid!
Occluder "" straddles multiple areas. This is invalid!
Occluder "" straddles multiple areas. This is invalid!
Occluder "" straddles multiple areas. This is invalid!
Occluder "" straddles multiple areas. This is invalid!
Occluder "" straddles multiple areas. This is invalid!
Occluder "" straddles multiple areas. This is invalid!
Occluder "" straddles multiple areas. This is invalid!
Chop Details...done (1)
Find Visible Detail Sides...
Merged 1246 detail faces...done (1)
Merging details...done (0)
FixTjuncs...
PruneNodes...
WriteBSP...
done (0)
writing Z:\mnt\f\stuff\git\l4d2-things\reverse_rda\map\r_c11m2_offices.prt...Building visibility clusters...
done (0)
Finding displacement neighbors...
Finding lightmap sample positions...
Displacement Alpha : 0...1...2...3...4...5...6...7...8...9...10
Building Physics collision data...
done (1) (1629865 bytes)
Cannot build Physics2 data
                                                             -----------
DataLinker total stream size                                     0.0 KiB
Placing detail props : 0...1...2...3...4...5...6...7...8...9...10
Compacting texture/material tables...
Reduced 9767 texinfos to 5144
Reduced 744 texdatas to 562 (34120 bytes to 25915)
Writing Z:\mnt\f\stuff\git\l4d2-things\reverse_rda\map\r_c11m2_offices.bsp
9 seconds elapsed

==================================================================
Date: 2026-04-27 03:08:29
Z:\mnt\d\SteamLibrary\steamapps\common\Left 4 Dead 2\bin\vvisplusplus.exe -game Z:\mnt\d\SteamLibrary\steamapps\common\Left 4 Dead 2\left4dead2 Z:\mnt\f\stuff\git\l4d2-things\reverse_rda\map\r_c11m2_offices.vmf
==================================================================
6 threads
reading z:\mnt\f\stuff\git\l4d2-things\reverse_rda\map\r_c11m2_offices.bsp
Detected L4D2 lump format
Max farz in all env_fog_controller entities: 6000 (used for radial vis)
reading z:\mnt\f\stuff\git\l4d2-things\reverse_rda\map\r_c11m2_offices.prt
1952 portalclusters
4884 numportals
0...1...2...3...4...5...6...7...8...9...100...1...2...3...4...5...6...7...8...9...10Optimized: 17169 visible clusters (2.00%)
Total clusters visible: 856765
Average clusters visible: 438
Building PAS...
Average clusters audible: 1394
visdatasize:710770  compressed from 968192
writing z:\mnt\f\stuff\git\l4d2-things\reverse_rda\map\r_c11m2_offices.bsp
Wrote ZIP buffer, estimated size 6006457, actual size 5915123
1 minute, 17 seconds elapsed



[Reading texlights from 'lights.rad']
[2 texlights parsed from 'lights.rad']

Loading z:\mnt\f\stuff\git\l4d2-things\reverse_rda\map\r_c11m2_offices.bsp
Patch Sample Radius Clamped!
Patch Sample Radius Clamped!
Patch Sample Radius Clamped!
Patch Sample Radius Clamped!
Patch Sample Radius Clamped!
Patch Sample Radius Clamped!
Patch Sample Radius Clamped!
Patch Sample Radius Clamped!
Patch Sample Radius Clamped!
Patch Sample Radius Clamped!
Patch Sample Radius Clamped!
11941 faces
8170851 square feet [1176602624.00 square inches]
131 Displacements
300733 Square Feet [43305668.00 Square Inches]
11941 patches before subdivision
86351 patches after subdivision
115 direct lights
0...1...2...3... warning - face vectors parallel to face normal. bad lighting will be produced
4...5...6...7...8...9...100...1...2...3...4...5...6...7...8...9...10transfers 6929707, max 1028
transfer lists:  52.9 megs
0...1...2...3...4...5...6...7...8...9...10	Bounce #1 added RGB(18695, 16753, 13140)
0...1...2...3...4...5...6...7...8...9...10	Bounce #2 added RGB(4367, 4099, 2875)
0...1...2...3...4...5...6...7...8...9...10	Bounce #3 added RGB(1299, 1193, 727)
0...1...2...3...4...5...6...7...8...9...10	Bounce #4 added RGB(463, 411, 220)
0...1...2...3...4...5...6...7...8...9...10	Bounce #5 added RGB(176, 150, 70)
0...1...2...3...4...5...6...7...8...9...10	Bounce #6 added RGB(71, 58, 24)
0...1...2...3...4...5...6...7...8...9...10	Bounce #7 added RGB(30, 23, 8)
0...1...2...3...4...5...6...7...8...9...10	Bounce #8 added RGB(13, 10, 3)
0...1...2...3...4...5...6...7...8...9...10	Bounce #9 added RGB(6, 4, 1)
0...1...2...3...4...5...6...7...8...9...10	Bounce #10 added RGB(3, 2, 0)
0...1...2...3...4...5...6...7...8...9...10	Bounce #11 added RGB(1, 1, 0)
0...1...2...3...4...5...6...7...8...9...10	Bounce #12 added RGB(1, 0, 0)
Build Patch/Sample Hash Table(s).....Done<0.0193 sec>
0...1... warning - face vectors parallel to face normal. bad lighting will be produced
2...3... warning - face vectors parallel to face normal. bad lighting will be produced
 warning - face vectors parallel to face normal. bad lighting will be produced
SampleRadial: Punting, Waiting for fix
4...5...6...7...8...9...10FinalLightFace Done
0 of 0 (0% of) surface lights went in leaf ambient cubes.
0...1...2...3...4...5...6...7...8...9...10Writing leaf ambient...done
Computing static prop lighting : 00...1...2...3...4...5...6...7...8...9...10
Ready to Finish

Object names       Objects/Maxobjs  Memory / Maxmem  Fullness 
------------       ---------------  ---------------  -------- 
models                 184/1024         8832/49152    (18.0%) 
brushes               4516/8192        54192/98304    (55.1%) 
brushsides           32823/65536      262584/524288   (50.1%) 
planes               19782/65536      395640/1310720  (30.2%) 
vertexes             22682/65536      272184/786432   (34.6%) 
nodes                 6578/65536      210496/2097152  (10.0%) 
texinfos              5144/12288      370368/884736   (41.9%) 
texdata                562/2048        17984/65536    (27.4%) 
dispinfos              131/0           23056/0        ( 0.0%) 
disp_verts            5059/0          101180/0        ( 0.0%) 
disp_tris             7360/0           14720/0        ( 0.0%) 
disp_lmsamples      220814/0          220814/0        ( 0.0%) 
faces                11941/65536      668696/3670016  (18.2%) 
hdr faces            11941/65536      668696/3670016  (18.2%) 
origfaces             8649/65536      484344/3670016  (13.2%) 
leaves                6763/65536      216416/2097152  (10.3%) 
leaffaces            15052/65536       30104/131072   (23.0%) 
leafbrushes          12243/65536       24486/131072   (18.7%) 
areas                   19/256           152/2048     ( 7.4%) 
surfedges            92839/512000     371356/2048000  (18.1%) 
edges                59919/256000     239676/1024000  (23.4%) 
LDR worldlights          0/8192            0/819200   ( 0.0%) 
HDR worldlights        115/8192        11500/819200   ( 1.4%) 
leafwaterdata            0/32768           0/393216   ( 0.0%) 
waterstrips           1370/32768       13700/327680   ( 4.2%) 
waterverts               0/65536           0/786432   ( 0.0%) 
waterindices         26775/65536       53550/131072   (40.9%) 
cubemapsamples          65/1024         1040/16384    ( 6.3%) 
overlays               380/512        133760/180224   (74.2%) 
LDR lightdata         [variable]           0/0        ( 0.0%) 
HDR lightdata         [variable]     4808244/0        ( 0.0%) 
visdata               [variable]      710770/16777216 ( 4.2%) 
entdata               [variable]      766911/393216   (195.0%) VERY FULL!
LDR ambient table     6763/65536       27052/262144   (10.3%) 
HDR ambient table     6763/65536       27052/262144   (10.3%) 
LDR leaf ambient      6763/65536      189364/1835008  (10.3%) 
HDR leaf ambient     26632/65536      745696/1835008  (40.6%) 
occluders                6/0             240/0        ( 0.0%) 
occluder polygons       15/0             180/0        ( 0.0%) 
occluder vert ind       68/0             272/0        ( 0.0%) 
Prop Hull Verts          0/0               0/0        ( 0.0%) 
Prop Hull Blob           0/0               0/0        ( 0.0%) 
Prop Hull Lists          0/0               0/0        ( 0.0%) 
Prop Hulls               0/0               0/0        ( 0.0%) 
Prop Hull trilist        0/0               0/0        ( 0.0%) 
detail props          [variable]           1/12       ( 8.3%) 
static props          [variable]           1/104174   ( 0.0%) 
pakfile               [variable]     7560921/0        ( 0.0%) 
physics               [variable]     1629865/4194304  (38.9%) 
physics terrain       [variable]       15435/1048576  ( 1.5%) 

Level flags = 2

Total triangle count: 34499
Writing z:\mnt\f\stuff\git\l4d2-things\reverse_rda\map\r_c11m2_offices.bsp
4 minutes, 30 seconds elapsed



Using shader api: shaderapiempty.dll
materialPath: Z:\mnt\d\SteamLibrary\steamapps\common\Left 4 Dead 2\left4dead2\materials
Loading Z:\mnt\f\stuff\git\l4d2-things\reverse_rda\map\r_c11m2_offices.vmf
Can't find surfaceprop cloth for material METAL/CUBICLE01, using default
fixing up env_cubemap materials on brush sides...
0...1...2...3...4...5...6...7...8...9...100...1...2...3...4...5...6...7...8...9...10Processing areas...done (0)
Building Faces...done (0)
Occluder "" straddles multiple areas. This is invalid!
Occluder "" straddles multiple areas. This is invalid!
Occluder "" straddles multiple areas. This is invalid!
Occluder "" straddles multiple areas. This is invalid!
Occluder "" straddles multiple areas. This is invalid!
Occluder "" straddles multiple areas. This is invalid!
Occluder "" straddles multiple areas. This is invalid!
Occluder "" straddles multiple areas. This is invalid!
Occluder "" straddles multiple areas. This is invalid!
Occluder "" straddles multiple areas. This is invalid!
Occluder "" straddles multiple areas. This is invalid!
Occluder "" straddles multiple areas. This is invalid!
Occluder "" straddles multiple areas. This is invalid!
Occluder "" straddles multiple areas. This is invalid!
Occluder "" straddles multiple areas. This is invalid!
Occluder "" straddles multiple areas. This is invalid!
Occluder "" straddles multiple areas. This is invalid!
Occluder "" straddles multiple areas. This is invalid!
Occluder "" straddles multiple areas. This is invalid!
Occluder "" straddles multiple areas. This is invalid!
Occluder "" straddles multiple areas. This is invalid!
Occluder "" straddles multiple areas. This is invalid!
Occluder "" straddles multiple areas. This is invalid!
Occluder "" straddles multiple areas. This is invalid!
Occluder "" straddles multiple areas. This is invalid!
Occluder "" straddles multiple areas. This is invalid!
Occluder "" straddles multiple areas. This is invalid!
Occluder "" straddles multiple areas. This is invalid!
Occluder "" straddles multiple areas. This is invalid!
Occluder "" straddles multiple areas. This is invalid!
Occluder "" straddles multiple areas. This is invalid!
Occluder "" straddles multiple areas. This is invalid!
Occluder "" straddles multiple areas. This is invalid!
Occluder "" straddles multiple areas. This is invalid!
Occluder "" straddles multiple areas. This is invalid!
Occluder "" straddles multiple areas. This is invalid!
Occluder "" straddles multiple areas. This is invalid!
Occluder "" straddles multiple areas. This is invalid!
Occluder "" straddles multiple areas. This is invalid!
Occluder "" straddles multiple areas. This is invalid!
Occluder "" straddles multiple areas. This is invalid!
Occluder "" straddles multiple areas. This is invalid!
Occluder "" straddles multiple areas. This is invalid!
Chop Details...done (0)
Find Visible Detail Sides...
Merged 1236 detail faces...done (0)
Merging details...done (0)
FixTjuncs...
PruneNodes...
WriteBSP...
done (1)
writing Z:\mnt\f\stuff\git\l4d2-things\reverse_rda\map\r_c11m2_offices.prt...Building visibility clusters...
done (0)
Finding displacement neighbors...
Finding lightmap sample positions...
Displacement Alpha : 0...1...2...3...4...5...6...7...8...9...10
Building Physics collision data...
done (1) (1630927 bytes)
Cannot build Physics2 data
                                                             -----------
DataLinker total stream size                                     0.0 KiB
Placing detail props : 0...1...2...3...4...5...6...7...8...9...10
Compacting texture/material tables...
Reduced 9781 texinfos to 5153
Reduced 744 texdatas to 562 (34120 bytes to 25915)
Writing Z:\mnt\f\stuff\git\l4d2-things\reverse_rda\map\r_c11m2_offices.bsp
10 seconds elapsed

==================================================================
Date: 2026-04-29 14:03:28
Z:\mnt\d\SteamLibrary\steamapps\common\Left 4 Dead 2\bin\vvisplusplus.exe -game Z:\mnt\d\SteamLibrary\steamapps\common\Left 4 Dead 2\left4dead2 Z:\mnt\f\stuff\git\l4d2-things\reverse_rda\map\r_c11m2_offices.vmf
==================================================================
6 threads
reading z:\mnt\f\stuff\git\l4d2-things\reverse_rda\map\r_c11m2_offices.bsp
Detected L4D2 lump format
Max farz in all env_fog_controller entities: 6000 (used for radial vis)
reading z:\mnt\f\stuff\git\l4d2-things\reverse_rda\map\r_c11m2_offices.prt
1976 portalclusters
4929 numportals
0...1...2...3...4...5...6...7...8...9...100...1...2...3...4...5...6...7...8...9...10Optimized: 17396 visible clusters (1.94%)
Total clusters visible: 898958
Average clusters visible: 454
Building PAS...
Average clusters audible: 1419
visdatasize:739267  compressed from 980096
writing z:\mnt\f\stuff\git\l4d2-things\reverse_rda\map\r_c11m2_offices.bsp
Wrote ZIP buffer, estimated size 6006457, actual size 5915123
1 minute, 12 seconds elapsed



[Reading texlights from 'lights.rad']
[2 texlights parsed from 'lights.rad']

Loading z:\mnt\f\stuff\git\l4d2-things\reverse_rda\map\r_c11m2_offices.bsp
Patch Sample Radius Clamped!
Patch Sample Radius Clamped!
Patch Sample Radius Clamped!
Patch Sample Radius Clamped!
Patch Sample Radius Clamped!
Patch Sample Radius Clamped!
Patch Sample Radius Clamped!
Patch Sample Radius Clamped!
Patch Sample Radius Clamped!
Patch Sample Radius Clamped!
Patch Sample Radius Clamped!
11969 faces
8247171 square feet [1187592704.00 square inches]
131 Displacements
300733 Square Feet [43305668.00 Square Inches]
11969 patches before subdivision
86121 patches after subdivision
115 direct lights
0...1...2...3... warning - face vectors parallel to face normal. bad lighting will be produced
4...5...6...7...8...9...100...1...2...3...4...5...6...7...8...9...10transfers 6939481, max 1047
transfer lists:  52.9 megs
0...1...2...3...4...5...6...7...8...9...10	Bounce #1 added RGB(18616, 16682, 13079)
0...1...2...3...4...5...6...7...8...9...10	Bounce #2 added RGB(4345, 4082, 2863)
0...1...2...3...4...5...6...7...8...9...10	Bounce #3 added RGB(1294, 1189, 724)
0...1...2...3...4...5...6...7...8...9...10	Bounce #4 added RGB(462, 411, 220)
0...1...2...3...4...5...6...7...8...9...10	Bounce #5 added RGB(175, 149, 70)
0...1...2...3...4...5...6...7...8...9...10	Bounce #6 added RGB(71, 58, 24)
0...1...2...3...4...5...6...7...8...9...10	Bounce #7 added RGB(30, 23, 8)
0...1...2...3...4...5...6...7...8...9...10	Bounce #8 added RGB(13, 10, 3)
0...1...2...3...4...5...6...7...8...9...10	Bounce #9 added RGB(6, 4, 1)
0...1...2...3...4...5...6...7...8...9...10	Bounce #10 added RGB(3, 2, 0)
0...1...2...3...4...5...6...7...8...9...10	Bounce #11 added RGB(1, 1, 0)
0...1...2...3...4...5...6...7...8...9...10	Bounce #12 added RGB(1, 0, 0)
Build Patch/Sample Hash Table(s).....Done<0.0198 sec>
0...1... warning - face vectors parallel to face normal. bad lighting will be produced
2...3... warning - face vectors parallel to face normal. bad lighting will be produced
 warning - face vectors parallel to face normal. bad lighting will be produced
SampleRadial: Punting, Waiting for fix
4...5...6...7...8...9...10FinalLightFace Done
0 of 0 (0% of) surface lights went in leaf ambient cubes.
0...1...2...3...4...5...6...7...8...9...10Writing leaf ambient...done
Computing static prop lighting : 00...1...2...3...4...5...6...7...8...9...10
Ready to Finish

Object names       Objects/Maxobjs  Memory / Maxmem  Fullness 
------------       ---------------  ---------------  -------- 
models                 187/1024         8976/49152    (18.3%) 
brushes               4518/8192        54216/98304    (55.2%) 
brushsides           32853/65536      262824/524288   (50.1%) 
planes               19828/65536      396560/1310720  (30.3%) 
vertexes             22718/65536      272616/786432   (34.7%) 
nodes                 6627/65536      212064/2097152  (10.1%) 
texinfos              5153/12288      371016/884736   (41.9%) 
texdata                562/2048        17984/65536    (27.4%) 
dispinfos              131/0           23056/0        ( 0.0%) 
disp_verts            5059/0          101180/0        ( 0.0%) 
disp_tris             7360/0           14720/0        ( 0.0%) 
disp_lmsamples      220814/0          220814/0        ( 0.0%) 
faces                11969/65536      670264/3670016  (18.3%) 
hdr faces            11969/65536      670264/3670016  (18.3%) 
origfaces             8681/65536      486136/3670016  (13.2%) 
leaves                6815/65536      218080/2097152  (10.4%) 
leaffaces            15123/65536       30246/131072   (23.1%) 
leafbrushes          11785/65536       23570/131072   (18.0%) 
areas                   19/256           152/2048     ( 7.4%) 
surfedges            93073/512000     372292/2048000  (18.2%) 
edges                60063/256000     240252/1024000  (23.5%) 
LDR worldlights          0/8192            0/819200   ( 0.0%) 
HDR worldlights        115/8192        11500/819200   ( 1.4%) 
leafwaterdata            0/32768           0/393216   ( 0.0%) 
waterstrips           1390/32768       13900/327680   ( 4.2%) 
waterverts               0/65536           0/786432   ( 0.0%) 
waterindices         27087/65536       54174/131072   (41.3%) 
cubemapsamples          65/1024         1040/16384    ( 6.3%) 
overlays               378/512        133056/180224   (73.8%) 
LDR lightdata         [variable]           0/0        ( 0.0%) 
HDR lightdata         [variable]     4805700/0        ( 0.0%) 
visdata               [variable]      739267/16777216 ( 4.4%) 
entdata               [variable]      767215/393216   (195.1%) VERY FULL!
LDR ambient table     6815/65536       27260/262144   (10.4%) 
HDR ambient table     6815/65536       27260/262144   (10.4%) 
LDR leaf ambient      6815/65536      190820/1835008  (10.4%) 
HDR leaf ambient     26957/65536      754796/1835008  (41.1%) 
occluders                5/0             200/0        ( 0.0%) 
occluder polygons       11/0             132/0        ( 0.0%) 
occluder vert ind       48/0             192/0        ( 0.0%) 
Prop Hull Verts          0/0               0/0        ( 0.0%) 
Prop Hull Blob           0/0               0/0        ( 0.0%) 
Prop Hull Lists          0/0               0/0        ( 0.0%) 
Prop Hulls               0/0               0/0        ( 0.0%) 
Prop Hull trilist        0/0               0/0        ( 0.0%) 
detail props          [variable]           1/12       ( 8.3%) 
static props          [variable]           1/104188   ( 0.0%) 
pakfile               [variable]     7560921/0        ( 0.0%) 
physics               [variable]     1630927/4194304  (38.9%) 
physics terrain       [variable]       15435/1048576  ( 1.5%) 

Level flags = 2

Total triangle count: 34551
Writing z:\mnt\f\stuff\git\l4d2-things\reverse_rda\map\r_c11m2_offices.bsp
4 minutes, 55 seconds elapsed



Using shader api: shaderapiempty.dll
materialPath: Z:\mnt\d\SteamLibrary\steamapps\common\Left 4 Dead 2\left4dead2\materials
Loading Z:\mnt\f\stuff\git\l4d2-things\reverse_rda\map\r_c11m2_offices.vmf
Can't find surfaceprop cloth for material METAL/CUBICLE01, using default
fixing up env_cubemap materials on brush sides...
0...1...2...3...4...5...6...7...8...9...100...1...2...3...4...5...6...7...8...9...10Processing areas...done (0)
Building Faces...done (0)
Occluder "" straddles multiple areas. This is invalid!
Occluder "" straddles multiple areas. This is invalid!
Occluder "" straddles multiple areas. This is invalid!
Occluder "" straddles multiple areas. This is invalid!
Occluder "" straddles multiple areas. This is invalid!
Occluder "" straddles multiple areas. This is invalid!
Occluder "" straddles multiple areas. This is invalid!
Occluder "" straddles multiple areas. This is invalid!
Occluder "" straddles multiple areas. This is invalid!
Occluder "" straddles multiple areas. This is invalid!
Occluder "" straddles multiple areas. This is invalid!
Occluder "" straddles multiple areas. This is invalid!
Occluder "" straddles multiple areas. This is invalid!
Occluder "" straddles multiple areas. This is invalid!
Occluder "" straddles multiple areas. This is invalid!
Occluder "" straddles multiple areas. This is invalid!
Occluder "" straddles multiple areas. This is invalid!
Occluder "" straddles multiple areas. This is invalid!
Occluder "" straddles multiple areas. This is invalid!
Occluder "" straddles multiple areas. This is invalid!
Occluder "" straddles multiple areas. This is invalid!
Occluder "" straddles multiple areas. This is invalid!
Occluder "" straddles multiple areas. This is invalid!
Occluder "" straddles multiple areas. This is invalid!
Occluder "" straddles multiple areas. This is invalid!
Occluder "" straddles multiple areas. This is invalid!
Occluder "" straddles multiple areas. This is invalid!
Occluder "" straddles multiple areas. This is invalid!
Occluder "" straddles multiple areas. This is invalid!
Occluder "" straddles multiple areas. This is invalid!
Occluder "" straddles multiple areas. This is invalid!
Occluder "" straddles multiple areas. This is invalid!
Occluder "" straddles multiple areas. This is invalid!
Occluder "" straddles multiple areas. This is invalid!
Occluder "" straddles multiple areas. This is invalid!
Occluder "" straddles multiple areas. This is invalid!
Occluder "" straddles multiple areas. This is invalid!
Occluder "" straddles multiple areas. This is invalid!
Occluder "" straddles multiple areas. This is invalid!
Occluder "" straddles multiple areas. This is invalid!
Occluder "" straddles multiple areas. This is invalid!
Occluder "" straddles multiple areas. This is invalid!
Occluder "" straddles multiple areas. This is invalid!
Chop Details...done (0)
Find Visible Detail Sides...
Merged 1236 detail faces...done (1)
Merging details...done (0)
FixTjuncs...
PruneNodes...
WriteBSP...
done (0)
writing Z:\mnt\f\stuff\git\l4d2-things\reverse_rda\map\r_c11m2_offices.prt...Building visibility clusters...
done (0)
Finding displacement neighbors...
Finding lightmap sample positions...
Displacement Alpha : 0...1...2...3...4...5...6...7...8...9...10
Building Physics collision data...
done (1) (1632068 bytes)
Cannot build Physics2 data
                                                             -----------
DataLinker total stream size                                     0.0 KiB
Placing detail props : 0...1...2...3...4...5...6...7...8...9...10
Compacting texture/material tables...
Reduced 9811 texinfos to 5154
Reduced 745 texdatas to 562 (34173 bytes to 25915)
Writing Z:\mnt\f\stuff\git\l4d2-things\reverse_rda\map\r_c11m2_offices.bsp
9 seconds elapsed

==================================================================
Date: 2026-04-30 12:22:47
Z:\mnt\d\SteamLibrary\steamapps\common\Left 4 Dead 2\bin\vvisplusplus.exe -game Z:\mnt\d\SteamLibrary\steamapps\common\Left 4 Dead 2\left4dead2 Z:\mnt\f\stuff\git\l4d2-things\reverse_rda\map\r_c11m2_offices.vmf
==================================================================
6 threads
reading z:\mnt\f\stuff\git\l4d2-things\reverse_rda\map\r_c11m2_offices.bsp
Detected L4D2 lump format
Max farz in all env_fog_controller entities: 6000 (used for radial vis)
reading z:\mnt\f\stuff\git\l4d2-things\reverse_rda\map\r_c11m2_offices.prt
2002 portalclusters
5024 numportals
0...1...2...3...4...5...6...7...8...9...100...1...2...3...4...5...6...7...8...9...10Optimized: 17898 visible clusters (1.95%)
Total clusters visible: 919340
Average clusters visible: 459
Building PAS...
Average clusters audible: 1442
visdatasize:758656  compressed from 1025024
writing z:\mnt\f\stuff\git\l4d2-things\reverse_rda\map\r_c11m2_offices.bsp
Wrote ZIP buffer, estimated size 6006933, actual size 5915465
1 minute, 25 seconds elapsed



[Reading texlights from 'lights.rad']
[2 texlights parsed from 'lights.rad']

Loading z:\mnt\f\stuff\git\l4d2-things\reverse_rda\map\r_c11m2_offices.bsp
Patch Sample Radius Clamped!
Patch Sample Radius Clamped!
Patch Sample Radius Clamped!
Patch Sample Radius Clamped!
Patch Sample Radius Clamped!
Patch Sample Radius Clamped!
Patch Sample Radius Clamped!
Patch Sample Radius Clamped!
Patch Sample Radius Clamped!
Patch Sample Radius Clamped!
Patch Sample Radius Clamped!
11942 faces
8033488 square feet [1156822272.00 square inches]
131 Displacements
300733 Square Feet [43305668.00 Square Inches]
11942 patches before subdivision
86120 patches after subdivision
115 direct lights
0...1...2...3... warning - face vectors parallel to face normal. bad lighting will be produced
4...5...6...7...8...9...100...1...2...3...4...5...6...7...8...9...10transfers 6959553, max 1047
transfer lists:  53.1 megs
0...1...2...3...4...5...6...7...8...9...10	Bounce #1 added RGB(18616, 16690, 13088)
0...1...2...3...4...5...6...7...8...9...10	Bounce #2 added RGB(4348, 4084, 2865)
0...1...2...3...4...5...6...7...8...9...10	Bounce #3 added RGB(1294, 1190, 725)
0...1...2...3...4...5...6...7...8...9...10	Bounce #4 added RGB(462, 411, 220)
0...1...2...3...4...5...6...7...8...9...10	Bounce #5 added RGB(175, 149, 70)
0...1...2...3...4...5...6...7...8...9...10	Bounce #6 added RGB(71, 58, 24)
0...1...2...3...4...5...6...7...8...9...10	Bounce #7 added RGB(30, 23, 8)
0...1...2...3...4...5...6...7...8...9...10	Bounce #8 added RGB(13, 10, 3)
0...1...2...3...4...5...6...7...8...9...10	Bounce #9 added RGB(6, 4, 1)
0...1...2...3...4...5...6...7...8...9...10	Bounce #10 added RGB(3, 2, 0)
0...1...2...3...4...5...6...7...8...9...10	Bounce #11 added RGB(1, 1, 0)
0...1...2...3...4...5...6...7...8...9...10	Bounce #12 added RGB(1, 0, 0)
Build Patch/Sample Hash Table(s).....Done<0.0202 sec>
0...1... warning - face vectors parallel to face normal. bad lighting will be produced
2...3... warning - face vectors parallel to face normal. bad lighting will be produced
 warning - face vectors parallel to face normal. bad lighting will be produced
SampleRadial: Punting, Waiting for fix
4...5...6...7...8...9...10FinalLightFace Done
0 of 0 (0% of) surface lights went in leaf ambient cubes.
0...1...2...3...4...5...6...7...8...9...10Writing leaf ambient...done
Computing static prop lighting : 00...1...2...3...4...5...6...7...8...9...10
Ready to Finish

Object names       Objects/Maxobjs  Memory / Maxmem  Fullness 
------------       ---------------  ---------------  -------- 
models                 189/1024         9072/49152    (18.5%) 
brushes               4518/8192        54216/98304    (55.2%) 
brushsides           32852/65536      262816/524288   (50.1%) 
planes               19910/65536      398200/1310720  (30.4%) 
vertexes             22682/65536      272184/786432   (34.6%) 
nodes                 6660/65536      213120/2097152  (10.2%) 
texinfos              5154/12288      371088/884736   (41.9%) 
texdata                562/2048        17984/65536    (27.4%) 
dispinfos              131/0           23056/0        ( 0.0%) 
disp_verts            5059/0          101180/0        ( 0.0%) 
disp_tris             7360/0           14720/0        ( 0.0%) 
disp_lmsamples      220814/0          220814/0        ( 0.0%) 
faces                11942/65536      668752/3670016  (18.2%) 
hdr faces            11942/65536      668752/3670016  (18.2%) 
origfaces             8628/65536      483168/3670016  (13.2%) 
leaves                6850/65536      219200/2097152  (10.5%) 
leaffaces            15115/65536       30230/131072   (23.1%) 
leafbrushes          12429/65536       24858/131072   (19.0%) 
areas                   19/256           152/2048     ( 7.4%) 
surfedges            92732/512000     370928/2048000  (18.1%) 
edges                59881/256000     239524/1024000  (23.4%) 
LDR worldlights          0/8192            0/819200   ( 0.0%) 
HDR worldlights        115/8192        11500/819200   ( 1.4%) 
leafwaterdata            0/32768           0/393216   ( 0.0%) 
waterstrips           1385/32768       13850/327680   ( 4.2%) 
waterverts               0/65536           0/786432   ( 0.0%) 
waterindices         27021/65536       54042/131072   (41.2%) 
cubemapsamples          65/1024         1040/16384    ( 6.3%) 
overlays               377/512        132704/180224   (73.6%) 
LDR lightdata         [variable]           0/0        ( 0.0%) 
HDR lightdata         [variable]     4809436/0        ( 0.0%) 
visdata               [variable]      758656/16777216 ( 4.5%) 
entdata               [variable]      768026/393216   (195.3%) VERY FULL!
LDR ambient table     6850/65536       27400/262144   (10.5%) 
HDR ambient table     6850/65536       27400/262144   (10.5%) 
LDR leaf ambient      6850/65536      191800/1835008  (10.5%) 
HDR leaf ambient     26987/65536      755636/1835008  (41.2%) 
occluders                5/0             200/0        ( 0.0%) 
occluder polygons       11/0             132/0        ( 0.0%) 
occluder vert ind       48/0             192/0        ( 0.0%) 
Prop Hull Verts          0/0               0/0        ( 0.0%) 
Prop Hull Blob           0/0               0/0        ( 0.0%) 
Prop Hull Lists          0/0               0/0        ( 0.0%) 
Prop Hulls               0/0               0/0        ( 0.0%) 
Prop Hull trilist        0/0               0/0        ( 0.0%) 
detail props          [variable]           1/12       ( 8.3%) 
static props          [variable]           1/104344   ( 0.0%) 
pakfile               [variable]     7561263/0        ( 0.0%) 
physics               [variable]     1632068/4194304  (38.9%) 
physics terrain       [variable]       15435/1048576  ( 1.5%) 

Level flags = 2

Total triangle count: 34474
Writing z:\mnt\f\stuff\git\l4d2-things\reverse_rda\map\r_c11m2_offices.bsp
4 minutes, 49 seconds elapsed



Using shader api: shaderapiempty.dll
materialPath: Z:\mnt\d\SteamLibrary\steamapps\common\Left 4 Dead 2\left4dead2\materials
Loading Z:\mnt\f\stuff\git\l4d2-things\reverse_rda\map\r_c11m2_offices.vmf
Can't find surfaceprop cloth for material METAL/CUBICLE01, using default
fixing up env_cubemap materials on brush sides...
0...1...2...3...4...5...6...7...8...9...100...1...2...3...4...5...6...7...8...9...10Processing areas...done (0)
Building Faces...done (0)
Occluder "" straddles multiple areas. This is invalid!
Occluder "" straddles multiple areas. This is invalid!
Occluder "" straddles multiple areas. This is invalid!
Occluder "" straddles multiple areas. This is invalid!
Occluder "" straddles multiple areas. This is invalid!
Occluder "" straddles multiple areas. This is invalid!
Occluder "" straddles multiple areas. This is invalid!
Occluder "" straddles multiple areas. This is invalid!
Occluder "" straddles multiple areas. This is invalid!
Occluder "" straddles multiple areas. This is invalid!
Occluder "" straddles multiple areas. This is invalid!
Occluder "" straddles multiple areas. This is invalid!
Occluder "" straddles multiple areas. This is invalid!
Occluder "" straddles multiple areas. This is invalid!
Occluder "" straddles multiple areas. This is invalid!
Occluder "" straddles multiple areas. This is invalid!
Occluder "" straddles multiple areas. This is invalid!
Occluder "" straddles multiple areas. This is invalid!
Occluder "" straddles multiple areas. This is invalid!
Occluder "" straddles multiple areas. This is invalid!
Occluder "" straddles multiple areas. This is invalid!
Occluder "" straddles multiple areas. This is invalid!
Occluder "" straddles multiple areas. This is invalid!
Occluder "" straddles multiple areas. This is invalid!
Occluder "" straddles multiple areas. This is invalid!
Occluder "" straddles multiple areas. This is invalid!
Occluder "" straddles multiple areas. This is invalid!
Occluder "" straddles multiple areas. This is invalid!
Occluder "" straddles multiple areas. This is invalid!
Occluder "" straddles multiple areas. This is invalid!
Occluder "" straddles multiple areas. This is invalid!
Occluder "" straddles multiple areas. This is invalid!
Occluder "" straddles multiple areas. This is invalid!
Occluder "" straddles multiple areas. This is invalid!
Occluder "" straddles multiple areas. This is invalid!
Occluder "" straddles multiple areas. This is invalid!
Occluder "" straddles multiple areas. This is invalid!
Occluder "" straddles multiple areas. This is invalid!
Occluder "" straddles multiple areas. This is invalid!
Occluder "" straddles multiple areas. This is invalid!
Occluder "" straddles multiple areas. This is invalid!
Occluder "" straddles multiple areas. This is invalid!
Occluder "" straddles multiple areas. This is invalid!
Chop Details...done (0)
Find Visible Detail Sides...
Merged 1236 detail faces...done (1)
Merging details...done (0)
FixTjuncs...
PruneNodes...
WriteBSP...
done (0)
writing Z:\mnt\f\stuff\git\l4d2-things\reverse_rda\map\r_c11m2_offices.prt...Building visibility clusters...
done (0)
Finding displacement neighbors...
Finding lightmap sample positions...
Displacement Alpha : 0...1...2...3...4...5...6...7...8...9...10
Building Physics collision data...
done (1) (1632068 bytes)
Cannot build Physics2 data
                                                             -----------
DataLinker total stream size                                     0.0 KiB
Placing detail props : 0...1...2...3...4...5...6...7...8...9...10
Compacting texture/material tables...
Reduced 9811 texinfos to 5154
Reduced 745 texdatas to 562 (34173 bytes to 25915)
Writing Z:\mnt\f\stuff\git\l4d2-things\reverse_rda\map\r_c11m2_offices.bsp
9 seconds elapsed

==================================================================
Date: 2026-05-07 14:53:37
Z:\mnt\d\SteamLibrary\steamapps\common\Left 4 Dead 2\bin\vvisplusplus.exe -game Z:\mnt\d\SteamLibrary\steamapps\common\Left 4 Dead 2\left4dead2 Z:\mnt\f\stuff\git\l4d2-things\reverse_rda\map\r_c11m2_offices.vmf
==================================================================
6 threads
reading z:\mnt\f\stuff\git\l4d2-things\reverse_rda\map\r_c11m2_offices.bsp
Detected L4D2 lump format
Max farz in all env_fog_controller entities: 6000 (used for radial vis)
reading z:\mnt\f\stuff\git\l4d2-things\reverse_rda\map\r_c11m2_offices.prt
2002 portalclusters
5024 numportals
0...1...2...3...4...5...6...7...8...9...100...1...2...3...4...5...6...7...8...9...10Optimized: 17892 visible clusters (1.95%)
Total clusters visible: 919344
Average clusters visible: 459
Building PAS...
Average clusters audible: 1442
visdatasize:758654  compressed from 1025024
writing z:\mnt\f\stuff\git\l4d2-things\reverse_rda\map\r_c11m2_offices.bsp
Wrote ZIP buffer, estimated size 6006933, actual size 5915465
1 minute, 25 seconds elapsed



[Reading texlights from 'lights.rad']
[2 texlights parsed from 'lights.rad']

Loading z:\mnt\f\stuff\git\l4d2-things\reverse_rda\map\r_c11m2_offices.bsp
Patch Sample Radius Clamped!
Patch Sample Radius Clamped!
Patch Sample Radius Clamped!
Patch Sample Radius Clamped!
Patch Sample Radius Clamped!
Patch Sample Radius Clamped!
Patch Sample Radius Clamped!
Patch Sample Radius Clamped!
Patch Sample Radius Clamped!
Patch Sample Radius Clamped!
Patch Sample Radius Clamped!
11942 faces
8033488 square feet [1156822272.00 square inches]
131 Displacements
300733 Square Feet [43305668.00 Square Inches]
11942 patches before subdivision
86120 patches after subdivision
115 direct lights
0...1...2...3... warning - face vectors parallel to face normal. bad lighting will be produced
4...5...6...7...8...9...100...1...2...3...4...5...6...7...8...9...10transfers 6959553, max 1047
transfer lists:  53.1 megs
0...1...2...3...4...5...6...7...8...9...10	Bounce #1 added RGB(18616, 16690, 13088)
0...1...2...3...4...5...6...7...8...9...10	Bounce #2 added RGB(4348, 4084, 2865)
0...1...2...3...4...5...6...7...8...9...10	Bounce #3 added RGB(1294, 1190, 725)
0...1...2...3...4...5...6...7...8...9...10	Bounce #4 added RGB(462, 411, 220)
0...1...2...3...4...5...6...7...8...9...10	Bounce #5 added RGB(175, 149, 70)
0...1...2...3...4...5...6...7...8...9...10	Bounce #6 added RGB(71, 58, 24)
0...1...2...3...4...5...6...7...8...9...10	Bounce #7 added RGB(30, 23, 8)
0...1...2...3...4...5...6...7...8...9...10	Bounce #8 added RGB(13, 10, 3)
0...1...2...3...4...5...6...7...8...9...10	Bounce #9 added RGB(6, 4, 1)
0...1...2...3...4...5...6...7...8...9...10	Bounce #10 added RGB(3, 2, 0)
0...1...2...3...4...5...6...7...8...9...10	Bounce #11 added RGB(1, 1, 0)
0...1...2...3...4...5...6...7...8...9...10	Bounce #12 added RGB(1, 0, 0)
Build Patch/Sample Hash Table(s).....Done<0.0200 sec>
0...1... warning - face vectors parallel to face normal. bad lighting will be produced
2...3... warning - face vectors parallel to face normal. bad lighting will be produced
 warning - face vectors parallel to face normal. bad lighting will be produced
SampleRadial: Punting, Waiting for fix
4...5...6...7...8...9...10FinalLightFace Done
0 of 0 (0% of) surface lights went in leaf ambient cubes.
0...1...2...3...4...5...6...7...8...9...10Writing leaf ambient...done
Computing static prop lighting : 00...1...2...3...4...5...6...7...8...9...10
Ready to Finish

Object names       Objects/Maxobjs  Memory / Maxmem  Fullness 
------------       ---------------  ---------------  -------- 
models                 189/1024         9072/49152    (18.5%) 
brushes               4518/8192        54216/98304    (55.2%) 
brushsides           32852/65536      262816/524288   (50.1%) 
planes               19910/65536      398200/1310720  (30.4%) 
vertexes             22682/65536      272184/786432   (34.6%) 
nodes                 6660/65536      213120/2097152  (10.2%) 
texinfos              5154/12288      371088/884736   (41.9%) 
texdata                562/2048        17984/65536    (27.4%) 
dispinfos              131/0           23056/0        ( 0.0%) 
disp_verts            5059/0          101180/0        ( 0.0%) 
disp_tris             7360/0           14720/0        ( 0.0%) 
disp_lmsamples      220814/0          220814/0        ( 0.0%) 
faces                11942/65536      668752/3670016  (18.2%) 
hdr faces            11942/65536      668752/3670016  (18.2%) 
origfaces             8628/65536      483168/3670016  (13.2%) 
leaves                6850/65536      219200/2097152  (10.5%) 
leaffaces            15115/65536       30230/131072   (23.1%) 
leafbrushes          12429/65536       24858/131072   (19.0%) 
areas                   19/256           152/2048     ( 7.4%) 
surfedges            92732/512000     370928/2048000  (18.1%) 
edges                59881/256000     239524/1024000  (23.4%) 
LDR worldlights          0/8192            0/819200   ( 0.0%) 
HDR worldlights        115/8192        11500/819200   ( 1.4%) 
leafwaterdata            0/32768           0/393216   ( 0.0%) 
waterstrips           1385/32768       13850/327680   ( 4.2%) 
waterverts               0/65536           0/786432   ( 0.0%) 
waterindices         27021/65536       54042/131072   (41.2%) 
cubemapsamples          65/1024         1040/16384    ( 6.3%) 
overlays               377/512        132704/180224   (73.6%) 
LDR lightdata         [variable]           0/0        ( 0.0%) 
HDR lightdata         [variable]     4809436/0        ( 0.0%) 
visdata               [variable]      758654/16777216 ( 4.5%) 
entdata               [variable]      768026/393216   (195.3%) VERY FULL!
LDR ambient table     6850/65536       27400/262144   (10.5%) 
HDR ambient table     6850/65536       27400/262144   (10.5%) 
LDR leaf ambient      6850/65536      191800/1835008  (10.5%) 
HDR leaf ambient     26987/65536      755636/1835008  (41.2%) 
occluders                5/0             200/0        ( 0.0%) 
occluder polygons       11/0             132/0        ( 0.0%) 
occluder vert ind       48/0             192/0        ( 0.0%) 
Prop Hull Verts          0/0               0/0        ( 0.0%) 
Prop Hull Blob           0/0               0/0        ( 0.0%) 
Prop Hull Lists          0/0               0/0        ( 0.0%) 
Prop Hulls               0/0               0/0        ( 0.0%) 
Prop Hull trilist        0/0               0/0        ( 0.0%) 
detail props          [variable]           1/12       ( 8.3%) 
static props          [variable]           1/104344   ( 0.0%) 
pakfile               [variable]     7561263/0        ( 0.0%) 
physics               [variable]     1632068/4194304  (38.9%) 
physics terrain       [variable]       15435/1048576  ( 1.5%) 

Level flags = 2

Total triangle count: 34474
Writing z:\mnt\f\stuff\git\l4d2-things\reverse_rda\map\r_c11m2_offices.bsp
5 minutes, 6 seconds elapsed



Using shader api: shaderapiempty.dll
materialPath: Z:\mnt\d\SteamLibrary\steamapps\common\Left 4 Dead 2\left4dead2\materials
Loading Z:\mnt\f\stuff\git\l4d2-things\reverse_rda\map\r_c11m2_offices.vmf
Can't find surfaceprop cloth for material METAL/CUBICLE01, using default
fixing up env_cubemap materials on brush sides...
0...1...2...3...4...5...6...7...8...9...100...1...2...3...4...5...6...7...8...9...10Processing areas...done (0)
Building Faces...done (0)
Occluder "" straddles multiple areas. This is invalid!
Occluder "" straddles multiple areas. This is invalid!
Occluder "" straddles multiple areas. This is invalid!
Occluder "" straddles multiple areas. This is invalid!
Occluder "" straddles multiple areas. This is invalid!
Occluder "" straddles multiple areas. This is invalid!
Occluder "" straddles multiple areas. This is invalid!
Occluder "" straddles multiple areas. This is invalid!
Occluder "" straddles multiple areas. This is invalid!
Occluder "" straddles multiple areas. This is invalid!
Occluder "" straddles multiple areas. This is invalid!
Occluder "" straddles multiple areas. This is invalid!
Occluder "" straddles multiple areas. This is invalid!
Occluder "" straddles multiple areas. This is invalid!
Occluder "" straddles multiple areas. This is invalid!
Occluder "" straddles multiple areas. This is invalid!
Occluder "" straddles multiple areas. This is invalid!
Occluder "" straddles multiple areas. This is invalid!
Occluder "" straddles multiple areas. This is invalid!
Occluder "" straddles multiple areas. This is invalid!
Occluder "" straddles multiple areas. This is invalid!
Occluder "" straddles multiple areas. This is invalid!
Occluder "" straddles multiple areas. This is invalid!
Occluder "" straddles multiple areas. This is invalid!
Occluder "" straddles multiple areas. This is invalid!
Occluder "" straddles multiple areas. This is invalid!
Occluder "" straddles multiple areas. This is invalid!
Occluder "" straddles multiple areas. This is invalid!
Occluder "" straddles multiple areas. This is invalid!
Occluder "" straddles multiple areas. This is invalid!
Occluder "" straddles multiple areas. This is invalid!
Occluder "" straddles multiple areas. This is invalid!
Occluder "" straddles multiple areas. This is invalid!
Occluder "" straddles multiple areas. This is invalid!
Occluder "" straddles multiple areas. This is invalid!
Occluder "" straddles multiple areas. This is invalid!
Occluder "" straddles multiple areas. This is invalid!
Occluder "" straddles multiple areas. This is invalid!
Occluder "" straddles multiple areas. This is invalid!
Occluder "" straddles multiple areas. This is invalid!
Occluder "" straddles multiple areas. This is invalid!
Occluder "" straddles multiple areas. This is invalid!
Occluder "" straddles multiple areas. This is invalid!
Chop Details...done (0)
Find Visible Detail Sides...
Merged 1236 detail faces...done (0)
Merging details...done (0)
FixTjuncs...
PruneNodes...
WriteBSP...
done (1)
writing Z:\mnt\f\stuff\git\l4d2-things\reverse_rda\map\r_c11m2_offices.prt...Building visibility clusters...
done (0)
Finding displacement neighbors...
Finding lightmap sample positions...
Displacement Alpha : 0...1...2...3...4...5...6...7...8...9...10
Building Physics collision data...
done (1) (1637594 bytes)
Cannot build Physics2 data
                                                             -----------
DataLinker total stream size                                     0.0 KiB
Placing detail props : 0...1...2...3...4...5...6...7...8...9...10
Compacting texture/material tables...
Reduced 9818 texinfos to 5156
Reduced 745 texdatas to 562 (34173 bytes to 25915)
Writing Z:\mnt\f\stuff\git\l4d2-things\reverse_rda\map\r_c11m2_offices.bsp
9 seconds elapsed

==================================================================
Date: 2026-05-07 18:27:19
Z:\mnt\d\SteamLibrary\steamapps\common\Left 4 Dead 2\bin\vvisplusplus.exe -game Z:\mnt\d\SteamLibrary\steamapps\common\Left 4 Dead 2\left4dead2 Z:\mnt\f\stuff\git\l4d2-things\reverse_rda\map\r_c11m2_offices.vmf
==================================================================
6 threads
reading z:\mnt\f\stuff\git\l4d2-things\reverse_rda\map\r_c11m2_offices.bsp
Detected L4D2 lump format
Max farz in all env_fog_controller entities: 6000 (used for radial vis)
reading z:\mnt\f\stuff\git\l4d2-things\reverse_rda\map\r_c11m2_offices.prt
2014 portalclusters
5050 numportals
0...1...2...3...4...5...6...7...8...9...100...1...2...3...4...5...6...7...8...9...10Optimized: 18169 visible clusters (1.95%)
Total clusters visible: 933953
Average clusters visible: 463
Building PAS...
Average clusters audible: 1454
visdatasize:772045  compressed from 1031168
writing z:\mnt\f\stuff\git\l4d2-things\reverse_rda\map\r_c11m2_offices.bsp
Wrote ZIP buffer, estimated size 6006933, actual size 5915465
1 minute, 20 seconds elapsed



[Reading texlights from 'lights.rad']
[2 texlights parsed from 'lights.rad']

Loading z:\mnt\f\stuff\git\l4d2-things\reverse_rda\map\r_c11m2_offices.bsp
Patch Sample Radius Clamped!
Patch Sample Radius Clamped!
Patch Sample Radius Clamped!
Patch Sample Radius Clamped!
Patch Sample Radius Clamped!
Patch Sample Radius Clamped!
Patch Sample Radius Clamped!
Patch Sample Radius Clamped!
Patch Sample Radius Clamped!
Patch Sample Radius Clamped!
Patch Sample Radius Clamped!
12010 faces
8248222 square feet [1187744000.00 square inches]
131 Displacements
300733 Square Feet [43305668.00 Square Inches]
12010 patches before subdivision
86196 patches after subdivision
115 direct lights
0...1...2...3... warning - face vectors parallel to face normal. bad lighting will be produced
4...5...6...7...8...9...100...1...2...3...4...5...6...7...8...9...10transfers 6965002, max 1046
transfer lists:  53.1 megs
0...1...2...3...4...5...6...7...8...9...10	Bounce #1 added RGB(18633, 16698, 13093)
0...1...2...3...4...5...6...7...8...9...10	Bounce #2 added RGB(4350, 4085, 2865)
0...1...2...3...4...5...6...7...8...9...10	Bounce #3 added RGB(1294, 1190, 725)
0...1...2...3...4...5...6...7...8...9...10	Bounce #4 added RGB(462, 411, 220)
0...1...2...3...4...5...6...7...8...9...10	Bounce #5 added RGB(175, 149, 70)
0...1...2...3...4...5...6...7...8...9...10	Bounce #6 added RGB(71, 58, 24)
0...1...2...3...4...5...6...7...8...9...10	Bounce #7 added RGB(30, 23, 8)
0...1...2...3...4...5...6...7...8...9...10	Bounce #8 added RGB(13, 10, 3)
0...1...2...3...4...5...6...7...8...9...10	Bounce #9 added RGB(6, 4, 1)
0...1...2...3...4...5...6...7...8...9...10	Bounce #10 added RGB(3, 2, 0)
0...1...2...3...4...5...6...7...8...9...10	Bounce #11 added RGB(1, 1, 0)
0...1...2...3...4...5...6...7...8...9...10	Bounce #12 added RGB(1, 0, 0)
Build Patch/Sample Hash Table(s).....Done<0.0197 sec>
0...1... warning - face vectors parallel to face normal. bad lighting will be produced
2...3... warning - face vectors parallel to face normal. bad lighting will be produced
 warning - face vectors parallel to face normal. bad lighting will be produced
SampleRadial: Punting, Waiting for fix
4...5...6...7...8...9...10FinalLightFace Done
0 of 0 (0% of) surface lights went in leaf ambient cubes.
0...1...2...3...4...5...6...7...8...9...10Writing leaf ambient...done
Computing static prop lighting : 00...1...2...3...4...5...6...7...8...9...10
Ready to Finish

Object names       Objects/Maxobjs  Memory / Maxmem  Fullness 
------------       ---------------  ---------------  -------- 
models                 190/1024         9120/49152    (18.6%) 
brushes               4532/8192        54384/98304    (55.3%) 
brushsides           32937/65536      263496/524288   (50.3%) 
planes               19924/65536      398480/1310720  (30.4%) 
vertexes             22779/65536      273348/786432   (34.8%) 
nodes                 6722/65536      215104/2097152  (10.3%) 
texinfos              5156/12288      371232/884736   (42.0%) 
texdata                562/2048        17984/65536    (27.4%) 
dispinfos              131/0           23056/0        ( 0.0%) 
disp_verts            5059/0          101180/0        ( 0.0%) 
disp_tris             7360/0           14720/0        ( 0.0%) 
disp_lmsamples      220814/0          220814/0        ( 0.0%) 
faces                12010/65536      672560/3670016  (18.3%) 
hdr faces            12010/65536      672560/3670016  (18.3%) 
origfaces             8688/65536      486528/3670016  (13.3%) 
leaves                6913/65536      221216/2097152  (10.5%) 
leaffaces            15249/65536       30498/131072   (23.3%) 
leafbrushes          12547/65536       25094/131072   (19.1%) 
areas                   19/256           152/2048     ( 7.4%) 
surfedges            93290/512000     373160/2048000  (18.2%) 
edges                60179/256000     240716/1024000  (23.5%) 
LDR worldlights          0/8192            0/819200   ( 0.0%) 
HDR worldlights        115/8192        11500/819200   ( 1.4%) 
leafwaterdata            0/32768           0/393216   ( 0.0%) 
waterstrips           1384/32768       13840/327680   ( 4.2%) 
waterverts               0/65536           0/786432   ( 0.0%) 
waterindices         27015/65536       54030/131072   (41.2%) 
cubemapsamples          65/1024         1040/16384    ( 6.3%) 
overlays               378/512        133056/180224   (73.8%) 
LDR lightdata         [variable]           0/0        ( 0.0%) 
HDR lightdata         [variable]     4809352/0        ( 0.0%) 
visdata               [variable]      772045/16777216 ( 4.6%) 
entdata               [variable]      768219/393216   (195.4%) VERY FULL!
LDR ambient table     6913/65536       27652/262144   (10.5%) 
HDR ambient table     6913/65536       27652/262144   (10.5%) 
LDR leaf ambient      6913/65536      193564/1835008  (10.5%) 
HDR leaf ambient     27377/65536      766556/1835008  (41.8%) 
occluders                5/0             200/0        ( 0.0%) 
occluder polygons       11/0             132/0        ( 0.0%) 
occluder vert ind       48/0             192/0        ( 0.0%) 
Prop Hull Verts          0/0               0/0        ( 0.0%) 
Prop Hull Blob           0/0               0/0        ( 0.0%) 
Prop Hull Lists          0/0               0/0        ( 0.0%) 
Prop Hulls               0/0               0/0        ( 0.0%) 
Prop Hull trilist        0/0               0/0        ( 0.0%) 
detail props          [variable]           1/12       ( 8.3%) 
static props          [variable]           1/104452   ( 0.0%) 
pakfile               [variable]     7561263/0        ( 0.0%) 
physics               [variable]     1637594/4194304  (39.0%) 
physics terrain       [variable]       15435/1048576  ( 1.5%) 

Level flags = 2

Total triangle count: 34658
Writing z:\mnt\f\stuff\git\l4d2-things\reverse_rda\map\r_c11m2_offices.bsp
4 minutes, 36 seconds elapsed



Using shader api: shaderapiempty.dll
materialPath: Z:\mnt\d\SteamLibrary\steamapps\common\Left 4 Dead 2\left4dead2\materials
Loading Z:\mnt\f\stuff\git\l4d2-things\reverse_rda\map\r_c11m2_offices.vmf
Can't find surfaceprop cloth for material METAL/CUBICLE01, using default
fixing up env_cubemap materials on brush sides...
0...1...2...3...4...5...6...7...8...9...100...1...2...3...4...5...6...7...8...9...10Processing areas...done (0)
Building Faces...done (0)
Occluder "" straddles multiple areas. This is invalid!
Occluder "" straddles multiple areas. This is invalid!
Occluder "" straddles multiple areas. This is invalid!
Occluder "" straddles multiple areas. This is invalid!
Occluder "" straddles multiple areas. This is invalid!
Occluder "" straddles multiple areas. This is invalid!
Occluder "" straddles multiple areas. This is invalid!
Occluder "" straddles multiple areas. This is invalid!
Occluder "" straddles multiple areas. This is invalid!
Occluder "" straddles multiple areas. This is invalid!
Occluder "" straddles multiple areas. This is invalid!
Occluder "" straddles multiple areas. This is invalid!
Occluder "" straddles multiple areas. This is invalid!
Occluder "" straddles multiple areas. This is invalid!
Occluder "" straddles multiple areas. This is invalid!
Occluder "" straddles multiple areas. This is invalid!
Occluder "" straddles multiple areas. This is invalid!
Occluder "" straddles multiple areas. This is invalid!
Occluder "" straddles multiple areas. This is invalid!
Occluder "" straddles multiple areas. This is invalid!
Occluder "" straddles multiple areas. This is invalid!
Occluder "" straddles multiple areas. This is invalid!
Occluder "" straddles multiple areas. This is invalid!
Occluder "" straddles multiple areas. This is invalid!
Occluder "" straddles multiple areas. This is invalid!
Occluder "" straddles multiple areas. This is invalid!
Occluder "" straddles multiple areas. This is invalid!
Occluder "" straddles multiple areas. This is invalid!
Occluder "" straddles multiple areas. This is invalid!
Occluder "" straddles multiple areas. This is invalid!
Occluder "" straddles multiple areas. This is invalid!
Occluder "" straddles multiple areas. This is invalid!
Occluder "" straddles multiple areas. This is invalid!
Occluder "" straddles multiple areas. This is invalid!
Occluder "" straddles multiple areas. This is invalid!
Occluder "" straddles multiple areas. This is invalid!
Occluder "" straddles multiple areas. This is invalid!
Occluder "" straddles multiple areas. This is invalid!
Occluder "" straddles multiple areas. This is invalid!
Occluder "" straddles multiple areas. This is invalid!
Occluder "" straddles multiple areas. This is invalid!
Occluder "" straddles multiple areas. This is invalid!
Occluder "" straddles multiple areas. This is invalid!
Chop Details...done (1)
Find Visible Detail Sides...
Merged 1236 detail faces...done (1)
Merging details...done (0)
FixTjuncs...
PruneNodes...
WriteBSP...
done (0)
writing Z:\mnt\f\stuff\git\l4d2-things\reverse_rda\map\r_c11m2_offices.prt...Building visibility clusters...
done (0)
Finding displacement neighbors...
Finding lightmap sample positions...
Displacement Alpha : 0...1...2...3...4...5...6...7...8...9...10
Building Physics collision data...
done (1) (1637595 bytes)
Cannot build Physics2 data
                                                             -----------
DataLinker total stream size                                     0.0 KiB
Placing detail props : 0...1...2...3...4...5...6...7...8...9...10
Compacting texture/material tables...
Reduced 9818 texinfos to 5156
Reduced 745 texdatas to 562 (34173 bytes to 25915)
Writing Z:\mnt\f\stuff\git\l4d2-things\reverse_rda\map\r_c11m2_offices.bsp
9 seconds elapsed

==================================================================
Date: 2026-05-07 20:11:04
Z:\mnt\d\SteamLibrary\steamapps\common\Left 4 Dead 2\bin\vvisplusplus.exe -game Z:\mnt\d\SteamLibrary\steamapps\common\Left 4 Dead 2\left4dead2 Z:\mnt\f\stuff\git\l4d2-things\reverse_rda\map\r_c11m2_offices.vmf
==================================================================
6 threads
reading z:\mnt\f\stuff\git\l4d2-things\reverse_rda\map\r_c11m2_offices.bsp
Detected L4D2 lump format
Max farz in all env_fog_controller entities: 6000 (used for radial vis)
reading z:\mnt\f\stuff\git\l4d2-things\reverse_rda\map\r_c11m2_offices.prt
2014 portalclusters
5050 numportals
0...1...2...3...4...5...6...7...8...9...100...1...2...3...4...5...6...7...8...9...10Optimized: 18196 visible clusters (1.95%)
Total clusters visible: 933982
Average clusters visible: 463
Building PAS...
Average clusters audible: 1454
visdatasize:772047  compressed from 1031168
writing z:\mnt\f\stuff\git\l4d2-things\reverse_rda\map\r_c11m2_offices.bsp
Wrote ZIP buffer, estimated size 6006933, actual size 5915465
1 minute, 38 seconds elapsed



[Reading texlights from 'lights.rad']
[2 texlights parsed from 'lights.rad']

Loading z:\mnt\f\stuff\git\l4d2-things\reverse_rda\map\r_c11m2_offices.bsp
Patch Sample Radius Clamped!
Patch Sample Radius Clamped!
Patch Sample Radius Clamped!
Patch Sample Radius Clamped!
Patch Sample Radius Clamped!
Patch Sample Radius Clamped!
Patch Sample Radius Clamped!
Patch Sample Radius Clamped!
Patch Sample Radius Clamped!
Patch Sample Radius Clamped!
Patch Sample Radius Clamped!
12010 faces
8250576 square feet [1188082944.00 square inches]
131 Displacements
300733 Square Feet [43305668.00 Square Inches]
12010 patches before subdivision
86196 patches after subdivision
115 direct lights
0...1...2...3... warning - face vectors parallel to face normal. bad lighting will be produced
4...5...6...7...8...9...100...1...2...3...4...5...6...7...8...9...10transfers 6964721, max 1046
transfer lists:  53.1 megs
0...1...2...3...4...5...6...7...8...9...10	Bounce #1 added RGB(18635, 16700, 13094)
0...1...2...3...4...5...6...7...8...9...10	Bounce #2 added RGB(4351, 4086, 2866)
0...1...2...3...4...5...6...7...8...9...10	Bounce #3 added RGB(1294, 1190, 725)
0...1...2...3...4...5...6...7...8...9...10	Bounce #4 added RGB(462, 411, 220)
0...1...2...3...4...5...6...7...8...9...10	Bounce #5 added RGB(175, 149, 70)
0...1...2...3...4...5...6...7...8...9...10	Bounce #6 added RGB(71, 58, 24)
0...1...2...3...4...5...6...7...8...9...10	Bounce #7 added RGB(30, 23, 8)
0...1...2...3...4...5...6...7...8...9...10	Bounce #8 added RGB(13, 10, 3)
0...1...2...3...4...5...6...7...8...9...10	Bounce #9 added RGB(6, 4, 1)
0...1...2...3...4...5...6...7...8...9...10	Bounce #10 added RGB(3, 2, 0)
0...1...2...3...4...5...6...7...8...9...10	Bounce #11 added RGB(1, 1, 0)
0...1...2...3...4...5...6...7...8...9...10	Bounce #12 added RGB(1, 0, 0)
Build Patch/Sample Hash Table(s).....Done<0.0224 sec>
0...1... warning - face vectors parallel to face normal. bad lighting will be produced
2...3... warning - face vectors parallel to face normal. bad lighting will be produced
 warning - face vectors parallel to face normal. bad lighting will be produced
SampleRadial: Punting, Waiting for fix
4...5...6...7...8...9...10FinalLightFace Done
0 of 0 (0% of) surface lights went in leaf ambient cubes.
0...1...2...3...4...5...6...7...8...9...10Writing leaf ambient...done
Computing static prop lighting : 00...1...2...3...4...5...6...7...8...9...10
Ready to Finish

Object names       Objects/Maxobjs  Memory / Maxmem  Fullness 
------------       ---------------  ---------------  -------- 
models                 190/1024         9120/49152    (18.6%) 
brushes               4532/8192        54384/98304    (55.3%) 
brushsides           32937/65536      263496/524288   (50.3%) 
planes               19924/65536      398480/1310720  (30.4%) 
vertexes             22779/65536      273348/786432   (34.8%) 
nodes                 6722/65536      215104/2097152  (10.3%) 
texinfos              5156/12288      371232/884736   (42.0%) 
texdata                562/2048        17984/65536    (27.4%) 
dispinfos              131/0           23056/0        ( 0.0%) 
disp_verts            5059/0          101180/0        ( 0.0%) 
disp_tris             7360/0           14720/0        ( 0.0%) 
disp_lmsamples      220814/0          220814/0        ( 0.0%) 
faces                12010/65536      672560/3670016  (18.3%) 
hdr faces            12010/65536      672560/3670016  (18.3%) 
origfaces             8688/65536      486528/3670016  (13.3%) 
leaves                6913/65536      221216/2097152  (10.5%) 
leaffaces            15249/65536       30498/131072   (23.3%) 
leafbrushes          12547/65536       25094/131072   (19.1%) 
areas                   19/256           152/2048     ( 7.4%) 
surfedges            93290/512000     373160/2048000  (18.2%) 
edges                60179/256000     240716/1024000  (23.5%) 
LDR worldlights          0/8192            0/819200   ( 0.0%) 
HDR worldlights        115/8192        11500/819200   ( 1.4%) 
leafwaterdata            0/32768           0/393216   ( 0.0%) 
waterstrips           1384/32768       13840/327680   ( 4.2%) 
waterverts               0/65536           0/786432   ( 0.0%) 
waterindices         27015/65536       54030/131072   (41.2%) 
cubemapsamples          65/1024         1040/16384    ( 6.3%) 
overlays               378/512        133056/180224   (73.8%) 
LDR lightdata         [variable]           0/0        ( 0.0%) 
HDR lightdata         [variable]     4809352/0        ( 0.0%) 
visdata               [variable]      772047/16777216 ( 4.6%) 
entdata               [variable]      768219/393216   (195.4%) VERY FULL!
LDR ambient table     6913/65536       27652/262144   (10.5%) 
HDR ambient table     6913/65536       27652/262144   (10.5%) 
LDR leaf ambient      6913/65536      193564/1835008  (10.5%) 
HDR leaf ambient     27382/65536      766696/1835008  (41.8%) 
occluders                5/0             200/0        ( 0.0%) 
occluder polygons       11/0             132/0        ( 0.0%) 
occluder vert ind       48/0             192/0        ( 0.0%) 
Prop Hull Verts          0/0               0/0        ( 0.0%) 
Prop Hull Blob           0/0               0/0        ( 0.0%) 
Prop Hull Lists          0/0               0/0        ( 0.0%) 
Prop Hulls               0/0               0/0        ( 0.0%) 
Prop Hull trilist        0/0               0/0        ( 0.0%) 
detail props          [variable]           1/12       ( 8.3%) 
static props          [variable]           1/104452   ( 0.0%) 
pakfile               [variable]     7561263/0        ( 0.0%) 
physics               [variable]     1637595/4194304  (39.0%) 
physics terrain       [variable]       15435/1048576  ( 1.5%) 

Level flags = 2

Total triangle count: 34658
Writing z:\mnt\f\stuff\git\l4d2-things\reverse_rda\map\r_c11m2_offices.bsp
5 minutes, 19 seconds elapsed



Using shader api: shaderapiempty.dll
materialPath: Z:\mnt\d\SteamLibrary\steamapps\common\Left 4 Dead 2\left4dead2\materials
Loading Z:\mnt\f\stuff\git\l4d2-things\reverse_rda\map\r_c11m2_offices.vmf
Can't find surfaceprop cloth for material METAL/CUBICLE01, using default
fixing up env_cubemap materials on brush sides...
0...1...2...3...4...5...6...7...8...9...100...1...2...3...4...5...6...7...8...9...10Processing areas...done (0)
Building Faces...done (0)
Occluder "" straddles multiple areas. This is invalid!
Occluder "" straddles multiple areas. This is invalid!
Occluder "" straddles multiple areas. This is invalid!
Occluder "" straddles multiple areas. This is invalid!
Occluder "" straddles multiple areas. This is invalid!
Occluder "" straddles multiple areas. This is invalid!
Occluder "" straddles multiple areas. This is invalid!
Occluder "" straddles multiple areas. This is invalid!
Occluder "" straddles multiple areas. This is invalid!
Occluder "" straddles multiple areas. This is invalid!
Occluder "" straddles multiple areas. This is invalid!
Occluder "" straddles multiple areas. This is invalid!
Occluder "" straddles multiple areas. This is invalid!
Occluder "" straddles multiple areas. This is invalid!
Occluder "" straddles multiple areas. This is invalid!
Occluder "" straddles multiple areas. This is invalid!
Occluder "" straddles multiple areas. This is invalid!
Occluder "" straddles multiple areas. This is invalid!
Occluder "" straddles multiple areas. This is invalid!
Occluder "" straddles multiple areas. This is invalid!
Occluder "" straddles multiple areas. This is invalid!
Occluder "" straddles multiple areas. This is invalid!
Occluder "" straddles multiple areas. This is invalid!
Occluder "" straddles multiple areas. This is invalid!
Occluder "" straddles multiple areas. This is invalid!
Occluder "" straddles multiple areas. This is invalid!
Occluder "" straddles multiple areas. This is invalid!
Occluder "" straddles multiple areas. This is invalid!
Occluder "" straddles multiple areas. This is invalid!
Occluder "" straddles multiple areas. This is invalid!
Occluder "" straddles multiple areas. This is invalid!
Occluder "" straddles multiple areas. This is invalid!
Occluder "" straddles multiple areas. This is invalid!
Occluder "" straddles multiple areas. This is invalid!
Occluder "" straddles multiple areas. This is invalid!
Occluder "" straddles multiple areas. This is invalid!
Occluder "" straddles multiple areas. This is invalid!
Occluder "" straddles multiple areas. This is invalid!
Occluder "" straddles multiple areas. This is invalid!
Occluder "" straddles multiple areas. This is invalid!
Occluder "" straddles multiple areas. This is invalid!
Occluder "" straddles multiple areas. This is invalid!
Occluder "" straddles multiple areas. This is invalid!
Chop Details...done (0)
Find Visible Detail Sides...
Merged 1236 detail faces...done (1)
Merging details...done (0)
FixTjuncs...
PruneNodes...
WriteBSP...
done (0)
writing Z:\mnt\f\stuff\git\l4d2-things\reverse_rda\map\r_c11m2_offices.prt...Building visibility clusters...
done (0)
Finding displacement neighbors...
Finding lightmap sample positions...
Displacement Alpha : 0...1...2...3...4...5...6...7...8...9...10
Building Physics collision data...
done (1) (1637595 bytes)
Cannot build Physics2 data
                                                             -----------
DataLinker total stream size                                     0.0 KiB
Placing detail props : 0...1...2...3...4...5...6...7...8...9...10
Compacting texture/material tables...
Reduced 9818 texinfos to 5156
Reduced 745 texdatas to 562 (34173 bytes to 25915)
Writing Z:\mnt\f\stuff\git\l4d2-things\reverse_rda\map\r_c11m2_offices.bsp
9 seconds elapsed

==================================================================
Date: 2026-05-18 19:31:41
Z:\mnt\d\SteamLibrary\steamapps\common\Left 4 Dead 2\bin\vvisplusplus.exe -game Z:\mnt\d\SteamLibrary\steamapps\common\Left 4 Dead 2\left4dead2 Z:\mnt\f\stuff\git\l4d2-things\reverse_rda\map\r_c11m2_offices.vmf
==================================================================
6 threads
reading z:\mnt\f\stuff\git\l4d2-things\reverse_rda\map\r_c11m2_offices.bsp
Detected L4D2 lump format
Max farz in all env_fog_controller entities: 6000 (used for radial vis)
reading z:\mnt\f\stuff\git\l4d2-things\reverse_rda\map\r_c11m2_offices.prt
2014 portalclusters
5050 numportals
0...1...2...3...4...5...6...7...8...9...100...1...2...3...4...5...6...7...8...9...10Optimized: 18218 visible clusters (1.95%)
Total clusters visible: 934002
Average clusters visible: 463
Building PAS...
Average clusters audible: 1454
visdatasize:772045  compressed from 1031168
writing z:\mnt\f\stuff\git\l4d2-things\reverse_rda\map\r_c11m2_offices.bsp
Wrote ZIP buffer, estimated size 6006933, actual size 5915465
1 minute, 43 seconds elapsed



[Reading texlights from 'lights.rad']
[2 texlights parsed from 'lights.rad']

Loading z:\mnt\f\stuff\git\l4d2-things\reverse_rda\map\r_c11m2_offices.bsp
Patch Sample Radius Clamped!
Patch Sample Radius Clamped!
Patch Sample Radius Clamped!
Patch Sample Radius Clamped!
Patch Sample Radius Clamped!
Patch Sample Radius Clamped!
Patch Sample Radius Clamped!
Patch Sample Radius Clamped!
Patch Sample Radius Clamped!
Patch Sample Radius Clamped!
Patch Sample Radius Clamped!
12010 faces
8250576 square feet [1188082944.00 square inches]
131 Displacements
300733 Square Feet [43305668.00 Square Inches]
12010 patches before subdivision
86196 patches after subdivision
115 direct lights
0...1...2...3... warning - face vectors parallel to face normal. bad lighting will be produced
4...5...6...7...8...9...100...1...2...3...4...5...6...7...8...9...10transfers 6957715, max 1046
transfer lists:  53.1 megs
0...1...2...3...4...5...6...7...8...9...10	Bounce #1 added RGB(18546, 16637, 13065)
0...1...2...3...4...5...6...7...8...9...10	Bounce #2 added RGB(4302, 4055, 2855)
0...1...2...3...4...5...6...7...8...9...10	Bounce #3 added RGB(1273, 1178, 722)
0...1...2...3...4...5...6...7...8...9...10	Bounce #4 added RGB(452, 406, 219)
0...1...2...3...4...5...6...7...8...9...10	Bounce #5 added RGB(171, 148, 70)
0...1...2...3...4...5...6...7...8...9...10	Bounce #6 added RGB(69, 57, 24)
0...1...2...3...4...5...6...7...8...9...10	Bounce #7 added RGB(29, 23, 8)
0...1...2...3...4...5...6...7...8...9...10	Bounce #8 added RGB(12, 10, 3)
0...1...2...3...4...5...6...7...8...9...10	Bounce #9 added RGB(6, 4, 1)
0...1...2...3...4...5...6...7...8...9...10	Bounce #10 added RGB(2, 2, 0)
0...1...2...3...4...5...6...7...8...9...10	Bounce #11 added RGB(1, 1, 0)
0...1...2...3...4...5...6...7...8...9...10	Bounce #12 added RGB(1, 0, 0)
Build Patch/Sample Hash Table(s).....Done<0.0199 sec>
0...1... warning - face vectors parallel to face normal. bad lighting will be produced
2...3... warning - face vectors parallel to face normal. bad lighting will be produced
 warning - face vectors parallel to face normal. bad lighting will be produced
SampleRadial: Punting, Waiting for fix
4...5...6...7...8...9...10FinalLightFace Done
0 of 0 (0% of) surface lights went in leaf ambient cubes.
0...1...2...3...4...5...6...7...8...9...10Writing leaf ambient...done
Computing static prop lighting : 00...1...2...3...4...5...6...7...8...9...10
Ready to Finish

Object names       Objects/Maxobjs  Memory / Maxmem  Fullness 
------------       ---------------  ---------------  -------- 
models                 190/1024         9120/49152    (18.6%) 
brushes               4532/8192        54384/98304    (55.3%) 
brushsides           32937/65536      263496/524288   (50.3%) 
planes               19924/65536      398480/1310720  (30.4%) 
vertexes             22779/65536      273348/786432   (34.8%) 
nodes                 6722/65536      215104/2097152  (10.3%) 
texinfos              5156/12288      371232/884736   (42.0%) 
texdata                562/2048        17984/65536    (27.4%) 
dispinfos              131/0           23056/0        ( 0.0%) 
disp_verts            5059/0          101180/0        ( 0.0%) 
disp_tris             7360/0           14720/0        ( 0.0%) 
disp_lmsamples      220814/0          220814/0        ( 0.0%) 
faces                12010/65536      672560/3670016  (18.3%) 
hdr faces            12010/65536      672560/3670016  (18.3%) 
origfaces             8688/65536      486528/3670016  (13.3%) 
leaves                6913/65536      221216/2097152  (10.5%) 
leaffaces            15249/65536       30498/131072   (23.3%) 
leafbrushes          12547/65536       25094/131072   (19.1%) 
areas                   19/256           152/2048     ( 7.4%) 
surfedges            93290/512000     373160/2048000  (18.2%) 
edges                60179/256000     240716/1024000  (23.5%) 
LDR worldlights          0/8192            0/819200   ( 0.0%) 
HDR worldlights        115/8192        11500/819200   ( 1.4%) 
leafwaterdata            0/32768           0/393216   ( 0.0%) 
waterstrips           1384/32768       13840/327680   ( 4.2%) 
waterverts               0/65536           0/786432   ( 0.0%) 
waterindices         27015/65536       54030/131072   (41.2%) 
cubemapsamples          65/1024         1040/16384    ( 6.3%) 
overlays               378/512        133056/180224   (73.8%) 
LDR lightdata         [variable]           0/0        ( 0.0%) 
HDR lightdata         [variable]     4809352/0        ( 0.0%) 
visdata               [variable]      772045/16777216 ( 4.6%) 
entdata               [variable]      768859/393216   (195.5%) VERY FULL!
LDR ambient table     6913/65536       27652/262144   (10.5%) 
HDR ambient table     6913/65536       27652/262144   (10.5%) 
LDR leaf ambient      6913/65536      193564/1835008  (10.5%) 
HDR leaf ambient     27393/65536      767004/1835008  (41.8%) 
occluders                5/0             200/0        ( 0.0%) 
occluder polygons       11/0             132/0        ( 0.0%) 
occluder vert ind       48/0             192/0        ( 0.0%) 
Prop Hull Verts          0/0               0/0        ( 0.0%) 
Prop Hull Blob           0/0               0/0        ( 0.0%) 
Prop Hull Lists          0/0               0/0        ( 0.0%) 
Prop Hulls               0/0               0/0        ( 0.0%) 
Prop Hull trilist        0/0               0/0        ( 0.0%) 
detail props          [variable]           1/12       ( 8.3%) 
static props          [variable]           1/104656   ( 0.0%) 
pakfile               [variable]     7561263/0        ( 0.0%) 
physics               [variable]     1637595/4194304  (39.0%) 
physics terrain       [variable]       15435/1048576  ( 1.5%) 

Level flags = 2

Total triangle count: 34658
Writing z:\mnt\f\stuff\git\l4d2-things\reverse_rda\map\r_c11m2_offices.bsp
1 minute, 5 seconds elapsed



Using shader api: shaderapiempty.dll
materialPath: Z:\mnt\d\SteamLibrary\steamapps\common\Left 4 Dead 2\left4dead2\materials
Loading Z:\mnt\f\stuff\git\l4d2-things\reverse_rda\map\r_c11m2_offices.vmf
Can't find surfaceprop cloth for material METAL/CUBICLE01, using default
fixing up env_cubemap materials on brush sides...
0...1...2...3...4...5...6...7...8...9...100...1...2...3...4...5...6...7...8...9...10Processing areas...done (0)
Building Faces...done (0)
Occluder "" straddles multiple areas. This is invalid!
Occluder "" straddles multiple areas. This is invalid!
Occluder "" straddles multiple areas. This is invalid!
Occluder "" straddles multiple areas. This is invalid!
Occluder "" straddles multiple areas. This is invalid!
Occluder "" straddles multiple areas. This is invalid!
Occluder "" straddles multiple areas. This is invalid!
Occluder "" straddles multiple areas. This is invalid!
Occluder "" straddles multiple areas. This is invalid!
Occluder "" straddles multiple areas. This is invalid!
Occluder "" straddles multiple areas. This is invalid!
Occluder "" straddles multiple areas. This is invalid!
Occluder "" straddles multiple areas. This is invalid!
Occluder "" straddles multiple areas. This is invalid!
Occluder "" straddles multiple areas. This is invalid!
Occluder "" straddles multiple areas. This is invalid!
Occluder "" straddles multiple areas. This is invalid!
Occluder "" straddles multiple areas. This is invalid!
Occluder "" straddles multiple areas. This is invalid!
Occluder "" straddles multiple areas. This is invalid!
Occluder "" straddles multiple areas. This is invalid!
Occluder "" straddles multiple areas. This is invalid!
Occluder "" straddles multiple areas. This is invalid!
Occluder "" straddles multiple areas. This is invalid!
Occluder "" straddles multiple areas. This is invalid!
Occluder "" straddles multiple areas. This is invalid!
Occluder "" straddles multiple areas. This is invalid!
Occluder "" straddles multiple areas. This is invalid!
Occluder "" straddles multiple areas. This is invalid!
Occluder "" straddles multiple areas. This is invalid!
Occluder "" straddles multiple areas. This is invalid!
Occluder "" straddles multiple areas. This is invalid!
Occluder "" straddles multiple areas. This is invalid!
Occluder "" straddles multiple areas. This is invalid!
Occluder "" straddles multiple areas. This is invalid!
Occluder "" straddles multiple areas. This is invalid!
Occluder "" straddles multiple areas. This is invalid!
Occluder "" straddles multiple areas. This is invalid!
Occluder "" straddles multiple areas. This is invalid!
Occluder "" straddles multiple areas. This is invalid!
Occluder "" straddles multiple areas. This is invalid!
Occluder "" straddles multiple areas. This is invalid!
Occluder "" straddles multiple areas. This is invalid!
Chop Details...done (0)
Find Visible Detail Sides...
Merged 1250 detail faces...done (0)
Merging details...done (0)
FixTjuncs...
PruneNodes...
WriteBSP...
done (1)
writing Z:\mnt\f\stuff\git\l4d2-things\reverse_rda\map\r_c11m2_offices.prt...Building visibility clusters...
done (0)
Finding displacement neighbors...
Finding lightmap sample positions...
Displacement Alpha : 0...1...2...3...4...5...6...7...8...9...10
Building Physics collision data...
done (1) (1632627 bytes)
Cannot build Physics2 data
                                                             -----------
DataLinker total stream size                                     0.0 KiB
Placing detail props : 0...1...2...3...4...5...6...7...8...9...10
Compacting texture/material tables...
Reduced 9827 texinfos to 5157
Reduced 746 texdatas to 562 (34192 bytes to 25915)
Writing Z:\mnt\f\stuff\git\l4d2-things\reverse_rda\map\r_c11m2_offices.bsp
10 seconds elapsed

==================================================================
Date: 2026-06-18 16:18:26
Z:\mnt\d\SteamLibrary\steamapps\common\Left 4 Dead 2\bin\vvisplusplus.exe -game Z:\mnt\d\SteamLibrary\steamapps\common\Left 4 Dead 2\left4dead2 Z:\mnt\f\stuff\git\l4d2-things\reverse_rda\map\r_c11m2_offices.vmf
==================================================================
6 threads
reading z:\mnt\f\stuff\git\l4d2-things\reverse_rda\map\r_c11m2_offices.bsp
Detected L4D2 lump format
Max farz in all env_fog_controller entities: 6000 (used for radial vis)
reading z:\mnt\f\stuff\git\l4d2-things\reverse_rda\map\r_c11m2_offices.prt
2014 portalclusters
5050 numportals
0...1...2...3...4...5...6...7...8...9...100...1...2...3...4...5...6...7...8...9...10Optimized: 18178 visible clusters (1.95%)
Total clusters visible: 934012
Average clusters visible: 463
Building PAS...
Average clusters audible: 1454
visdatasize:772048  compressed from 1031168
writing z:\mnt\f\stuff\git\l4d2-things\reverse_rda\map\r_c11m2_offices.bsp
Wrote ZIP buffer, estimated size 6006933, actual size 5915465
1 minute, 16 seconds elapsed



[Reading texlights from 'lights.rad']
[2 texlights parsed from 'lights.rad']

Loading z:\mnt\f\stuff\git\l4d2-things\reverse_rda\map\r_c11m2_offices.bsp
Patch Sample Radius Clamped!
Patch Sample Radius Clamped!
Patch Sample Radius Clamped!
Patch Sample Radius Clamped!
Patch Sample Radius Clamped!
Patch Sample Radius Clamped!
Patch Sample Radius Clamped!
Patch Sample Radius Clamped!
Patch Sample Radius Clamped!
Patch Sample Radius Clamped!
Patch Sample Radius Clamped!
12013 faces
8250594 square feet [1188085504.00 square inches]
131 Displacements
300733 Square Feet [43305636.00 Square Inches]
12013 patches before subdivision
86223 patches after subdivision
115 direct lights
0...1...2...3... warning - face vectors parallel to face normal. bad lighting will be produced
4...5...6...7...8...9...100...1...2...3...4...5...6...7...8...9...10transfers 6961267, max 1047
transfer lists:  53.1 megs
0...1...2...3...4...5...6...7...8...9...10	Bounce #1 added RGB(18547, 16636, 13064)
0...1...2...3...4...5...6...7...8...9...10	Bounce #2 added RGB(4302, 4055, 2855)
0...1...2...3...4...5...6...7...8...9...10	Bounce #3 added RGB(1273, 1178, 722)
0...1...2...3...4...5...6...7...8...9...10	Bounce #4 added RGB(452, 406, 219)
0...1...2...3...4...5...6...7...8...9...10	Bounce #5 added RGB(171, 148, 70)
0...1...2...3...4...5...6...7...8...9...10	Bounce #6 added RGB(69, 57, 24)
0...1...2...3...4...5...6...7...8...9...10	Bounce #7 added RGB(29, 23, 8)
0...1...2...3...4...5...6...7...8...9...10	Bounce #8 added RGB(12, 10, 3)
0...1...2...3...4...5...6...7...8...9...10	Bounce #9 added RGB(6, 4, 1)
0...1...2...3...4...5...6...7...8...9...10	Bounce #10 added RGB(2, 2, 0)
0...1...2...3...4...5...6...7...8...9...10	Bounce #11 added RGB(1, 1, 0)
0...1...2...3...4...5...6...7...8...9...10	Bounce #12 added RGB(1, 0, 0)
Build Patch/Sample Hash Table(s).....Done<0.0222 sec>
0...1... warning - face vectors parallel to face normal. bad lighting will be produced
2...3... warning - face vectors parallel to face normal. bad lighting will be produced
 warning - face vectors parallel to face normal. bad lighting will be produced
SampleRadial: Punting, Waiting for fix
4...5...6...7...8...9...10FinalLightFace Done
0 of 0 (0% of) surface lights went in leaf ambient cubes.
0...1...2...3...4...5...6...7...8...9...10Writing leaf ambient...done
Computing static prop lighting : 00...1...2...3...4...5...6...7...8...9...10
Ready to Finish

Object names       Objects/Maxobjs  Memory / Maxmem  Fullness 
------------       ---------------  ---------------  -------- 
models                 186/1024         8928/49152    (18.2%) 
brushes               4529/8192        54348/98304    (55.3%) 
brushsides           32919/65536      263352/524288   (50.2%) 
planes               19914/65536      398280/1310720  (30.4%) 
vertexes             22744/65536      272928/786432   (34.7%) 
nodes                 6693/65536      214176/2097152  (10.2%) 
texinfos              5157/12288      371304/884736   (42.0%) 
texdata                562/2048        17984/65536    (27.4%) 
dispinfos              131/0           23056/0        ( 0.0%) 
disp_verts            5059/0          101180/0        ( 0.0%) 
disp_tris             7360/0           14720/0        ( 0.0%) 
disp_lmsamples      220814/0          220814/0        ( 0.0%) 
faces                12013/65536      672728/3670016  (18.3%) 
hdr faces            12013/65536      672728/3670016  (18.3%) 
origfaces             8692/65536      486752/3670016  (13.3%) 
leaves                6880/65536      220160/2097152  (10.5%) 
leaffaces            15252/65536       30504/131072   (23.3%) 
leafbrushes          12536/65536       25072/131072   (19.1%) 
areas                   19/256           152/2048     ( 7.4%) 
surfedges            93333/512000     373332/2048000  (18.2%) 
edges                60214/256000     240856/1024000  (23.5%) 
LDR worldlights          0/8192            0/819200   ( 0.0%) 
HDR worldlights        115/8192        11500/819200   ( 1.4%) 
leafwaterdata            0/32768           0/393216   ( 0.0%) 
waterstrips           1388/32768       13880/327680   ( 4.2%) 
waterverts               0/65536           0/786432   ( 0.0%) 
waterindices         27099/65536       54198/131072   (41.3%) 
cubemapsamples          65/1024         1040/16384    ( 6.3%) 
overlays               377/512        132704/180224   (73.6%) 
LDR lightdata         [variable]           0/0        ( 0.0%) 
HDR lightdata         [variable]     4810500/0        ( 0.0%) 
visdata               [variable]      772048/16777216 ( 4.6%) 
entdata               [variable]      775594/393216   (197.2%) VERY FULL!
LDR ambient table     6880/65536       27520/262144   (10.5%) 
HDR ambient table     6880/65536       27520/262144   (10.5%) 
LDR leaf ambient      6880/65536      192640/1835008  (10.5%) 
HDR leaf ambient     27191/65536      761348/1835008  (41.5%) 
occluders                5/0             200/0        ( 0.0%) 
occluder polygons       11/0             132/0        ( 0.0%) 
occluder vert ind       48/0             192/0        ( 0.0%) 
Prop Hull Verts          0/0               0/0        ( 0.0%) 
Prop Hull Blob           0/0               0/0        ( 0.0%) 
Prop Hull Lists          0/0               0/0        ( 0.0%) 
Prop Hulls               0/0               0/0        ( 0.0%) 
Prop Hull trilist        0/0               0/0        ( 0.0%) 
detail props          [variable]           1/12       ( 8.3%) 
static props          [variable]           1/104656   ( 0.0%) 
pakfile               [variable]     7561263/0        ( 0.0%) 
physics               [variable]     1632627/4194304  (38.9%) 
physics terrain       [variable]       15435/1048576  ( 1.5%) 

Level flags = 2

Total triangle count: 34681
Writing z:\mnt\f\stuff\git\l4d2-things\reverse_rda\map\r_c11m2_offices.bsp
4 minutes, 30 seconds elapsed



Using shader api: shaderapiempty.dll
materialPath: Z:\mnt\d\SteamLibrary\steamapps\common\Left 4 Dead 2\left4dead2\materials
Loading Z:\mnt\f\stuff\git\l4d2-things\reverse_rda\map\r_c11m2_offices.vmf
Can't find surfaceprop cloth for material METAL/CUBICLE01, using default
fixing up env_cubemap materials on brush sides...
0...1...2...3...4...5...6...7...8...9...100...1...2...3...4...5...6...7...8...9...10Processing areas...done (0)
Building Faces...done (0)
Occluder "" straddles multiple areas. This is invalid!
Occluder "" straddles multiple areas. This is invalid!
Occluder "" straddles multiple areas. This is invalid!
Occluder "" straddles multiple areas. This is invalid!
Occluder "" straddles multiple areas. This is invalid!
Occluder "" straddles multiple areas. This is invalid!
Occluder "" straddles multiple areas. This is invalid!
Occluder "" straddles multiple areas. This is invalid!
Occluder "" straddles multiple areas. This is invalid!
Occluder "" straddles multiple areas. This is invalid!
Occluder "" straddles multiple areas. This is invalid!
Occluder "" straddles multiple areas. This is invalid!
Occluder "" straddles multiple areas. This is invalid!
Occluder "" straddles multiple areas. This is invalid!
Occluder "" straddles multiple areas. This is invalid!
Occluder "" straddles multiple areas. This is invalid!
Occluder "" straddles multiple areas. This is invalid!
Occluder "" straddles multiple areas. This is invalid!
Occluder "" straddles multiple areas. This is invalid!
Occluder "" straddles multiple areas. This is invalid!
Occluder "" straddles multiple areas. This is invalid!
Occluder "" straddles multiple areas. This is invalid!
Occluder "" straddles multiple areas. This is invalid!
Occluder "" straddles multiple areas. This is invalid!
Occluder "" straddles multiple areas. This is invalid!
Occluder "" straddles multiple areas. This is invalid!
Occluder "" straddles multiple areas. This is invalid!
Occluder "" straddles multiple areas. This is invalid!
Occluder "" straddles multiple areas. This is invalid!
Occluder "" straddles multiple areas. This is invalid!
Occluder "" straddles multiple areas. This is invalid!
Occluder "" straddles multiple areas. This is invalid!
Occluder "" straddles multiple areas. This is invalid!
Occluder "" straddles multiple areas. This is invalid!
Occluder "" straddles multiple areas. This is invalid!
Occluder "" straddles multiple areas. This is invalid!
Occluder "" straddles multiple areas. This is invalid!
Occluder "" straddles multiple areas. This is invalid!
Occluder "" straddles multiple areas. This is invalid!
Occluder "" straddles multiple areas. This is invalid!
Occluder "" straddles multiple areas. This is invalid!
Occluder "" straddles multiple areas. This is invalid!
Occluder "" straddles multiple areas. This is invalid!
Chop Details...done (1)
Find Visible Detail Sides...
Merged 1250 detail faces...done (1)
Merging details...done (0)
FixTjuncs...
PruneNodes...
WriteBSP...
done (0)
writing Z:\mnt\f\stuff\git\l4d2-things\reverse_rda\map\r_c11m2_offices.prt...Building visibility clusters...
done (1)
Finding displacement neighbors...
Finding lightmap sample positions...
Displacement Alpha : 0...1...2...3...4...5...6...7...8...9...10
Building Physics collision data...
done (1) (1632865 bytes)
Cannot build Physics2 data
                                                             -----------
DataLinker total stream size                                     0.0 KiB
Placing detail props : 0...1...2...3...4...5...6...7...8...9...10
Compacting texture/material tables...
Reduced 9806 texinfos to 5149
Reduced 746 texdatas to 562 (34192 bytes to 25915)
Writing Z:\mnt\f\stuff\git\l4d2-things\reverse_rda\map\r_c11m2_offices.bsp
10 seconds elapsed

==================================================================
Date: 2026-06-20 08:44:53
Z:\mnt\d\SteamLibrary\steamapps\common\Left 4 Dead 2\bin\vvisplusplus.exe -game Z:\mnt\d\SteamLibrary\steamapps\common\Left 4 Dead 2\left4dead2 Z:\mnt\f\stuff\git\l4d2-things\reverse_rda\map\r_c11m2_offices.vmf
==================================================================
6 threads
reading z:\mnt\f\stuff\git\l4d2-things\reverse_rda\map\r_c11m2_offices.bsp
Detected L4D2 lump format
Max farz in all env_fog_controller entities: 6000 (used for radial vis)
reading z:\mnt\f\stuff\git\l4d2-things\reverse_rda\map\r_c11m2_offices.prt
2014 portalclusters
5050 numportals
0...1...2...3...4...5...6...7...8...9...100...1...2...3...4...5...6...7...8...9...10Optimized: 18172 visible clusters (1.95%)
Total clusters visible: 934008
Average clusters visible: 463
Building PAS...
Average clusters audible: 1454
visdatasize:772057  compressed from 1031168
writing z:\mnt\f\stuff\git\l4d2-things\reverse_rda\map\r_c11m2_offices.bsp
Wrote ZIP buffer, estimated size 6006933, actual size 5915465
1 minute, 35 seconds elapsed



[Reading texlights from 'lights.rad']
[2 texlights parsed from 'lights.rad']

Loading z:\mnt\f\stuff\git\l4d2-things\reverse_rda\map\r_c11m2_offices.bsp
Patch Sample Radius Clamped!
Patch Sample Radius Clamped!
Patch Sample Radius Clamped!
Patch Sample Radius Clamped!
Patch Sample Radius Clamped!
Patch Sample Radius Clamped!
Patch Sample Radius Clamped!
Patch Sample Radius Clamped!
Patch Sample Radius Clamped!
Patch Sample Radius Clamped!
Patch Sample Radius Clamped!
12007 faces
8250281 square feet [1188040448.00 square inches]
131 Displacements
300733 Square Feet [43305636.00 Square Inches]
12007 patches before subdivision
86169 patches after subdivision
115 direct lights
0...1...2...3... warning - face vectors parallel to face normal. bad lighting will be produced
4...5...6...7...8...9...100...1...2...3...4...5...6...7...8...9...10transfers 6957766, max 1047
transfer lists:  53.1 megs
0...1...2...3...4...5...6...7...8...9...10	Bounce #1 added RGB(18597, 16726, 13131)
0...1...2...3...4...5...6...7...8...9...10	Bounce #2 added RGB(4306, 4061, 2859)
0...1...2...3...4...5...6...7...8...9...10	Bounce #3 added RGB(1273, 1179, 722)
0...1...2...3...4...5...6...7...8...9...10	Bounce #4 added RGB(452, 406, 219)
0...1...2...3...4...5...6...7...8...9...10	Bounce #5 added RGB(171, 148, 70)
0...1...2...3...4...5...6...7...8...9...10	Bounce #6 added RGB(69, 57, 24)
0...1...2...3...4...5...6...7...8...9...10	Bounce #7 added RGB(29, 23, 8)
0...1...2...3...4...5...6...7...8...9...10	Bounce #8 added RGB(12, 10, 3)
0...1...2...3...4...5...6...7...8...9...10	Bounce #9 added RGB(6, 4, 1)
0...1...2...3...4...5...6...7...8...9...10	Bounce #10 added RGB(2, 2, 0)
0...1...2...3...4...5...6...7...8...9...10	Bounce #11 added RGB(1, 1, 0)
0...1...2...3...4...5...6...7...8...9...10	Bounce #12 added RGB(1, 0, 0)
Build Patch/Sample Hash Table(s).....Done<0.0225 sec>
0...1... warning - face vectors parallel to face normal. bad lighting will be produced
2...3... warning - face vectors parallel to face normal. bad lighting will be produced
 warning - face vectors parallel to face normal. bad lighting will be produced
SampleRadial: Punting, Waiting for fix
4...5...6...7...8...9...10FinalLightFace Done
0 of 0 (0% of) surface lights went in leaf ambient cubes.
0...1...2...3...4...5...6...7...8...9...10Writing leaf ambient...done
Computing static prop lighting : 00...1...2...3...4...5...6...7...8...9...10
Ready to Finish

Object names       Objects/Maxobjs  Memory / Maxmem  Fullness 
------------       ---------------  ---------------  -------- 
models                 191/1024         9168/49152    (18.7%) 
brushes               4530/8192        54360/98304    (55.3%) 
brushsides           32905/65536      263240/524288   (50.2%) 
planes               19844/65536      396880/1310720  (30.3%) 
vertexes             22764/65536      273168/786432   (34.7%) 
nodes                 6723/65536      215136/2097152  (10.3%) 
texinfos              5149/12288      370728/884736   (41.9%) 
texdata                562/2048        17984/65536    (27.4%) 
dispinfos              131/0           23056/0        ( 0.0%) 
disp_verts            5059/0          101180/0        ( 0.0%) 
disp_tris             7360/0           14720/0        ( 0.0%) 
disp_lmsamples      220814/0          220814/0        ( 0.0%) 
faces                12007/65536      672392/3670016  (18.3%) 
hdr faces            12007/65536      672392/3670016  (18.3%) 
origfaces             8686/65536      486416/3670016  (13.3%) 
leaves                6915/65536      221280/2097152  (10.6%) 
leaffaces            15239/65536       30478/131072   (23.3%) 
leafbrushes          12529/65536       25058/131072   (19.1%) 
areas                   19/256           152/2048     ( 7.4%) 
surfedges            93277/512000     373108/2048000  (18.2%) 
edges                60178/256000     240712/1024000  (23.5%) 
LDR worldlights          0/8192            0/819200   ( 0.0%) 
HDR worldlights        115/8192        11500/819200   ( 1.4%) 
leafwaterdata            0/32768           0/393216   ( 0.0%) 
waterstrips           1388/32768       13880/327680   ( 4.2%) 
waterverts               0/65536           0/786432   ( 0.0%) 
waterindices         27099/65536       54198/131072   (41.3%) 
cubemapsamples          65/1024         1040/16384    ( 6.3%) 
overlays               377/512        132704/180224   (73.6%) 
LDR lightdata         [variable]           0/0        ( 0.0%) 
HDR lightdata         [variable]     4807384/0        ( 0.0%) 
visdata               [variable]      772057/16777216 ( 4.6%) 
entdata               [variable]      781923/393216   (198.9%) VERY FULL!
LDR ambient table     6915/65536       27660/262144   (10.6%) 
HDR ambient table     6915/65536       27660/262144   (10.6%) 
LDR leaf ambient      6915/65536      193620/1835008  (10.6%) 
HDR leaf ambient     27432/65536      768096/1835008  (41.9%) 
occluders                5/0             200/0        ( 0.0%) 
occluder polygons       11/0             132/0        ( 0.0%) 
occluder vert ind       48/0             192/0        ( 0.0%) 
Prop Hull Verts          0/0               0/0        ( 0.0%) 
Prop Hull Blob           0/0               0/0        ( 0.0%) 
Prop Hull Lists          0/0               0/0        ( 0.0%) 
Prop Hulls               0/0               0/0        ( 0.0%) 
Prop Hull trilist        0/0               0/0        ( 0.0%) 
detail props          [variable]           1/12       ( 8.3%) 
static props          [variable]           1/104500   ( 0.0%) 
pakfile               [variable]     7561263/0        ( 0.0%) 
physics               [variable]     1632865/4194304  (38.9%) 
physics terrain       [variable]       15435/1048576  ( 1.5%) 

Level flags = 2

Total triangle count: 34665
Writing z:\mnt\f\stuff\git\l4d2-things\reverse_rda\map\r_c11m2_offices.bsp
5 minutes, 23 seconds elapsed



Using shader api: shaderapiempty.dll
materialPath: Z:\mnt\d\SteamLibrary\steamapps\common\Left 4 Dead 2\left4dead2\materials
Loading Z:\mnt\f\stuff\git\l4d2-things\reverse_rda\map\r_c11m2_offices.vmf
Can't find surfaceprop cloth for material METAL/CUBICLE01, using default
fixing up env_cubemap materials on brush sides...
0...1...2...3...4...5...6...7...8...9...100...1...2...3...4...5...6...7...8...9...10Processing areas...done (0)
Building Faces...done (0)
Occluder "" straddles multiple areas. This is invalid!
Occluder "" straddles multiple areas. This is invalid!
Occluder "" straddles multiple areas. This is invalid!
Occluder "" straddles multiple areas. This is invalid!
Occluder "" straddles multiple areas. This is invalid!
Occluder "" straddles multiple areas. This is invalid!
Occluder "" straddles multiple areas. This is invalid!
Occluder "" straddles multiple areas. This is invalid!
Occluder "" straddles multiple areas. This is invalid!
Occluder "" straddles multiple areas. This is invalid!
Occluder "" straddles multiple areas. This is invalid!
Occluder "" straddles multiple areas. This is invalid!
Occluder "" straddles multiple areas. This is invalid!
Occluder "" straddles multiple areas. This is invalid!
Occluder "" straddles multiple areas. This is invalid!
Occluder "" straddles multiple areas. This is invalid!
Occluder "" straddles multiple areas. This is invalid!
Occluder "" straddles multiple areas. This is invalid!
Occluder "" straddles multiple areas. This is invalid!
Occluder "" straddles multiple areas. This is invalid!
Occluder "" straddles multiple areas. This is invalid!
Occluder "" straddles multiple areas. This is invalid!
Occluder "" straddles multiple areas. This is invalid!
Occluder "" straddles multiple areas. This is invalid!
Occluder "" straddles multiple areas. This is invalid!
Occluder "" straddles multiple areas. This is invalid!
Occluder "" straddles multiple areas. This is invalid!
Occluder "" straddles multiple areas. This is invalid!
Occluder "" straddles multiple areas. This is invalid!
Occluder "" straddles multiple areas. This is invalid!
Occluder "" straddles multiple areas. This is invalid!
Occluder "" straddles multiple areas. This is invalid!
Occluder "" straddles multiple areas. This is invalid!
Occluder "" straddles multiple areas. This is invalid!
Occluder "" straddles multiple areas. This is invalid!
Occluder "" straddles multiple areas. This is invalid!
Occluder "" straddles multiple areas. This is invalid!
Occluder "" straddles multiple areas. This is invalid!
Occluder "" straddles multiple areas. This is invalid!
Occluder "" straddles multiple areas. This is invalid!
Occluder "" straddles multiple areas. This is invalid!
Occluder "" straddles multiple areas. This is invalid!
Occluder "" straddles multiple areas. This is invalid!
Chop Details...done (0)
Find Visible Detail Sides...
Merged 1260 detail faces...done (0)
Merging details...done (0)
FixTjuncs...
PruneNodes...
WriteBSP...
done (1)
writing Z:\mnt\f\stuff\git\l4d2-things\reverse_rda\map\r_c11m2_offices.prt...Building visibility clusters...
done (0)
Finding displacement neighbors...
Finding lightmap sample positions...
Displacement Alpha : 0...1...2...3...4...5...6...7...8...9...10
Building Physics collision data...
done (1) (1638147 bytes)
Cannot build Physics2 data
                                                             -----------
DataLinker total stream size                                     0.0 KiB
Placing detail props : 0...1...2...3...4...5...6...7...8...9...10
Compacting texture/material tables...
Reduced 9945 texinfos to 5201
Reduced 746 texdatas to 563 (34192 bytes to 25971)
Writing Z:\mnt\f\stuff\git\l4d2-things\reverse_rda\map\r_c11m2_offices.bsp
10 seconds elapsed

==================================================================
Date: 2026-06-25 11:10:03
Z:\mnt\d\SteamLibrary\steamapps\common\Left 4 Dead 2\bin\vvisplusplus.exe -game Z:\mnt\d\SteamLibrary\steamapps\common\Left 4 Dead 2\left4dead2 Z:\mnt\f\stuff\git\l4d2-things\reverse_rda\map\r_c11m2_offices.vmf
==================================================================
6 threads
reading z:\mnt\f\stuff\git\l4d2-things\reverse_rda\map\r_c11m2_offices.bsp
Detected L4D2 lump format
Max farz in all env_fog_controller entities: 6000 (used for radial vis)
reading z:\mnt\f\stuff\git\l4d2-things\reverse_rda\map\r_c11m2_offices.prt
2021 portalclusters
5062 numportals
0...1...2...3...4...5...6...7...8...9...100...1...2...3...4...5...6...7...8...9...10Optimized: 18208 visible clusters (1.95%)
Total clusters visible: 935471
Average clusters visible: 462
Building PAS...
Average clusters audible: 1456
visdatasize:776232  compressed from 1034752
writing z:\mnt\f\stuff\git\l4d2-things\reverse_rda\map\r_c11m2_offices.bsp
Wrote ZIP buffer, estimated size 6006933, actual size 5915465
1 minute, 44 seconds elapsed



[Reading texlights from 'lights.rad']
[2 texlights parsed from 'lights.rad']

Loading z:\mnt\f\stuff\git\l4d2-things\reverse_rda\map\r_c11m2_offices.bsp
Patch Sample Radius Clamped!
Patch Sample Radius Clamped!
Patch Sample Radius Clamped!
Patch Sample Radius Clamped!
Patch Sample Radius Clamped!
Patch Sample Radius Clamped!
Patch Sample Radius Clamped!
Patch Sample Radius Clamped!
Patch Sample Radius Clamped!
Patch Sample Radius Clamped!
Patch Sample Radius Clamped!
12094 faces
8250075 square feet [1188010880.00 square inches]
131 Displacements
300733 Square Feet [43305636.00 Square Inches]
12094 patches before subdivision
86418 patches after subdivision
115 direct lights
0...1...2...3.. warning - face vectors parallel to face normal. bad lighting will be produced
.4...5...6...7...8...9...100...1...2...3...4...5...6...7...8...9...10transfers 6985534, max 1047
transfer lists:  53.3 megs
0...1...2...3...4...5...6...7...8...9...10	Bounce #1 added RGB(18611, 16743, 13146)
0...1...2...3...4...5...6...7...8...9...10	Bounce #2 added RGB(4310, 4067, 2863)
0...1...2...3...4...5...6...7...8...9...10	Bounce #3 added RGB(1275, 1180, 723)
0...1...2...3...4...5...6...7...8...9...10	Bounce #4 added RGB(452, 407, 219)
0...1...2...3...4...5...6...7...8...9...10	Bounce #5 added RGB(171, 148, 70)
0...1...2...3...4...5...6...7...8...9...10	Bounce #6 added RGB(69, 57, 24)
0...1...2...3...4...5...6...7...8...9...10	Bounce #7 added RGB(29, 23, 8)
0...1...2...3...4...5...6...7...8...9...10	Bounce #8 added RGB(12, 10, 3)
0...1...2...3...4...5...6...7...8...9...10	Bounce #9 added RGB(6, 4, 1)
0...1...2...3...4...5...6...7...8...9...10	Bounce #10 added RGB(2, 2, 0)
0...1...2...3...4...5...6...7...8...9...10	Bounce #11 added RGB(1, 1, 0)
0...1...2...3...4...5...6...7...8...9...10	Bounce #12 added RGB(1, 0, 0)
Build Patch/Sample Hash Table(s).....Done<0.0233 sec>
0...1... warning - face vectors parallel to face normal. bad lighting will be produced
2...3... warning - face vectors parallel to face normal. bad lighting will be produced
 warning - face vectors parallel to face normal. bad lighting will be produced
SampleRadial: Punting, Waiting for fix
4...5...6...7...8...9...10FinalLightFace Done
0 of 0 (0% of) surface lights went in leaf ambient cubes.
0...1...2...3...4...5...6...7...8...9...10Writing leaf ambient...done
Computing static prop lighting : 00...1...2...3...4...5...6...7...8...9...10
Ready to Finish

Object names       Objects/Maxobjs  Memory / Maxmem  Fullness 
------------       ---------------  ---------------  -------- 
models                 193/1024         9264/49152    (18.8%) 
brushes               4542/8192        54504/98304    (55.4%) 
brushsides           32991/65536      263928/524288   (50.3%) 
planes               20202/65536      404040/1310720  (30.8%) 
vertexes             22884/65536      274608/786432   (34.9%) 
nodes                 6770/65536      216640/2097152  (10.3%) 
texinfos              5201/12288      374472/884736   (42.3%) 
texdata                563/2048        18016/65536    (27.5%) 
dispinfos              131/0           23056/0        ( 0.0%) 
disp_verts            5059/0          101180/0        ( 0.0%) 
disp_tris             7360/0           14720/0        ( 0.0%) 
disp_lmsamples      220814/0          220814/0        ( 0.0%) 
faces                12094/65536      677264/3670016  (18.5%) 
hdr faces            12094/65536      677264/3670016  (18.5%) 
origfaces             8743/65536      489608/3670016  (13.3%) 
leaves                6964/65536      222848/2097152  (10.6%) 
leaffaces            15348/65536       30696/131072   (23.4%) 
leafbrushes          12572/65536       25144/131072   (19.2%) 
areas                   19/256           152/2048     ( 7.4%) 
surfedges            93841/512000     375364/2048000  (18.3%) 
edges                60525/256000     242100/1024000  (23.6%) 
LDR worldlights          0/8192            0/819200   ( 0.0%) 
HDR worldlights        115/8192        11500/819200   ( 1.4%) 
leafwaterdata            0/32768           0/393216   ( 0.0%) 
waterstrips           1390/32768       13900/327680   ( 4.2%) 
waterverts               0/65536           0/786432   ( 0.0%) 
waterindices         27093/65536       54186/131072   (41.3%) 
cubemapsamples          65/1024         1040/16384    ( 6.3%) 
overlays               377/512        132704/180224   (73.6%) 
LDR lightdata         [variable]           0/0        ( 0.0%) 
HDR lightdata         [variable]     4819384/0        ( 0.0%) 
visdata               [variable]      776232/16777216 ( 4.6%) 
entdata               [variable]      781036/393216   (198.6%) VERY FULL!
LDR ambient table     6964/65536       27856/262144   (10.6%) 
HDR ambient table     6964/65536       27856/262144   (10.6%) 
LDR leaf ambient      6964/65536      194992/1835008  (10.6%) 
HDR leaf ambient     27572/65536      772016/1835008  (42.1%) 
occluders                5/0             200/0        ( 0.0%) 
occluder polygons       11/0             132/0        ( 0.0%) 
occluder vert ind       48/0             192/0        ( 0.0%) 
Prop Hull Verts          0/0               0/0        ( 0.0%) 
Prop Hull Blob           0/0               0/0        ( 0.0%) 
Prop Hull Lists          0/0               0/0        ( 0.0%) 
Prop Hulls               0/0               0/0        ( 0.0%) 
Prop Hull trilist        0/0               0/0        ( 0.0%) 
detail props          [variable]           1/12       ( 8.3%) 
static props          [variable]           1/104354   ( 0.0%) 
pakfile               [variable]     7561261/0        ( 0.0%) 
physics               [variable]     1638147/4194304  (39.1%) 
physics terrain       [variable]       15435/1048576  ( 1.5%) 

Level flags = 2

Total triangle count: 34825
Writing z:\mnt\f\stuff\git\l4d2-things\reverse_rda\map\r_c11m2_offices.bsp
5 minutes, 42 seconds elapsed



Using shader api: shaderapiempty.dll
materialPath: Z:\mnt\d\SteamLibrary\steamapps\common\Left 4 Dead 2\left4dead2\materials
Loading Z:\mnt\f\stuff\git\l4d2-things\reverse_rda\map\r_c11m2_offices.vmf
Can't find surfaceprop cloth for material METAL/CUBICLE01, using default
fixing up env_cubemap materials on brush sides...
0...1...2...3...4...5...6...7...8...9...100...1...2...3...4...5...6...7...8...9...10Processing areas...done (0)
Building Faces...done (0)
Occluder "" straddles multiple areas. This is invalid!
Occluder "" straddles multiple areas. This is invalid!
Occluder "" straddles multiple areas. This is invalid!
Occluder "" straddles multiple areas. This is invalid!
Occluder "" straddles multiple areas. This is invalid!
Occluder "" straddles multiple areas. This is invalid!
Occluder "" straddles multiple areas. This is invalid!
Occluder "" straddles multiple areas. This is invalid!
Occluder "" straddles multiple areas. This is invalid!
Occluder "" straddles multiple areas. This is invalid!
Occluder "" straddles multiple areas. This is invalid!
Occluder "" straddles multiple areas. This is invalid!
Occluder "" straddles multiple areas. This is invalid!
Occluder "" straddles multiple areas. This is invalid!
Occluder "" straddles multiple areas. This is invalid!
Occluder "" straddles multiple areas. This is invalid!
Occluder "" straddles multiple areas. This is invalid!
Occluder "" straddles multiple areas. This is invalid!
Occluder "" straddles multiple areas. This is invalid!
Occluder "" straddles multiple areas. This is invalid!
Occluder "" straddles multiple areas. This is invalid!
Occluder "" straddles multiple areas. This is invalid!
Occluder "" straddles multiple areas. This is invalid!
Occluder "" straddles multiple areas. This is invalid!
Occluder "" straddles multiple areas. This is invalid!
Occluder "" straddles multiple areas. This is invalid!
Occluder "" straddles multiple areas. This is invalid!
Occluder "" straddles multiple areas. This is invalid!
Occluder "" straddles multiple areas. This is invalid!
Occluder "" straddles multiple areas. This is invalid!
Occluder "" straddles multiple areas. This is invalid!
Occluder "" straddles multiple areas. This is invalid!
Occluder "" straddles multiple areas. This is invalid!
Occluder "" straddles multiple areas. This is invalid!
Occluder "" straddles multiple areas. This is invalid!
Occluder "" straddles multiple areas. This is invalid!
Occluder "" straddles multiple areas. This is invalid!
Occluder "" straddles multiple areas. This is invalid!
Occluder "" straddles multiple areas. This is invalid!
Occluder "" straddles multiple areas. This is invalid!
Occluder "" straddles multiple areas. This is invalid!
Occluder "" straddles multiple areas. This is invalid!
Occluder "" straddles multiple areas. This is invalid!
Chop Details...done (0)
Find Visible Detail Sides...
Merged 1260 detail faces...done (0)
Merging details...done (0)
FixTjuncs...
PruneNodes...
WriteBSP...
done (1)
writing Z:\mnt\f\stuff\git\l4d2-things\reverse_rda\map\r_c11m2_offices.prt...Building visibility clusters...
done (0)
Finding displacement neighbors...
Finding lightmap sample positions...
Displacement Alpha : 0...1...2...3...4...5...6...7...8...9...10
Building Physics collision data...
done (1) (1638147 bytes)
Cannot build Physics2 data
                                                             -----------
DataLinker total stream size                                     0.0 KiB
Placing detail props : 0...1...2...3...4...5...6...7...8...9...10
Compacting texture/material tables...
Reduced 9945 texinfos to 5201
Reduced 746 texdatas to 563 (34192 bytes to 25971)
Writing Z:\mnt\f\stuff\git\l4d2-things\reverse_rda\map\r_c11m2_offices.bsp
10 seconds elapsed

==================================================================
Date: 2026-06-25 16:45:20
Z:\mnt\d\SteamLibrary\steamapps\common\Left 4 Dead 2\bin\vvisplusplus.exe -game Z:\mnt\d\SteamLibrary\steamapps\common\Left 4 Dead 2\left4dead2 Z:\mnt\f\stuff\git\l4d2-things\reverse_rda\map\r_c11m2_offices.vmf
==================================================================
6 threads
reading z:\mnt\f\stuff\git\l4d2-things\reverse_rda\map\r_c11m2_offices.bsp
Detected L4D2 lump format
Max farz in all env_fog_controller entities: 6000 (used for radial vis)
reading z:\mnt\f\stuff\git\l4d2-things\reverse_rda\map\r_c11m2_offices.prt
2021 portalclusters
5062 numportals
0...1...2...3...4...5...6...7...8...9...100...1...2...3...4...5...6...7...8...9...10Optimized: 18189 visible clusters (1.94%)
Total clusters visible: 935432
Average clusters visible: 462
Building PAS...
Average clusters audible: 1456
visdatasize:776228  compressed from 1034752
writing z:\mnt\f\stuff\git\l4d2-things\reverse_rda\map\r_c11m2_offices.bsp
Wrote ZIP buffer, estimated size 6006933, actual size 5915465
1 minute, 43 seconds elapsed



[Reading texlights from 'lights.rad']
[2 texlights parsed from 'lights.rad']

Loading z:\mnt\f\stuff\git\l4d2-things\reverse_rda\map\r_c11m2_offices.bsp
Patch Sample Radius Clamped!
Patch Sample Radius Clamped!
Patch Sample Radius Clamped!
Patch Sample Radius Clamped!
Patch Sample Radius Clamped!
Patch Sample Radius Clamped!
Patch Sample Radius Clamped!
Patch Sample Radius Clamped!
Patch Sample Radius Clamped!
Patch Sample Radius Clamped!
Patch Sample Radius Clamped!
12094 faces
8250075 square feet [1188010880.00 square inches]
131 Displacements
300733 Square Feet [43305636.00 Square Inches]
12094 patches before subdivision
86418 patches after subdivision
115 direct lights
0...1...2...3.. warning - face vectors parallel to face normal. bad lighting will be produced
.4...5...6...7...8...9...100...1...2...3...4...5...6...7...8...9...10transfers 6985534, max 1047
transfer lists:  53.3 megs
0...1...2...3...4...5...6...7...8...9...10	Bounce #1 added RGB(18611, 16742, 13146)
0...1...2...3...4...5...6...7...8...9...10	Bounce #2 added RGB(4310, 4067, 2863)
0...1...2...3...4...5...6...7...8...9...10	Bounce #3 added RGB(1275, 1180, 723)
0...1...2...3...4...5...6...7...8...9...10	Bounce #4 added RGB(452, 407, 219)
0...1...2...3...4...5...6...7...8...9...10	Bounce #5 added RGB(171, 148, 70)
0...1...2...3...4...5...6...7...8...9...10	Bounce #6 added RGB(69, 57, 24)
0...1...2...3...4...5...6...7...8...9...10	Bounce #7 added RGB(29, 23, 8)
0...1...2...3...4...5...6...7...8...9...10	Bounce #8 added RGB(12, 10, 3)
0...1...2...3...4...5...6...7...8...9...10	Bounce #9 added RGB(6, 4, 1)
0...1...2...3...4...5...6...7...8...9...10	Bounce #10 added RGB(2, 2, 0)
0...1...2...3...4...5...6...7...8...9...10	Bounce #11 added RGB(1, 1, 0)
0...1...2...3...4...5...6...7...8...9...10	Bounce #12 added RGB(1, 0, 0)
Build Patch/Sample Hash Table(s).....Done<0.0204 sec>
0...1... warning - face vectors parallel to face normal. bad lighting will be produced
2...3... warning - face vectors parallel to face normal. bad lighting will be produced
 warning - face vectors parallel to face normal. bad lighting will be produced
SampleRadial: Punting, Waiting for fix
4...5...6...7...8...9...10FinalLightFace Done
0 of 0 (0% of) surface lights went in leaf ambient cubes.
0...1...2...3...4...5...6...7...8...9...10Writing leaf ambient...done
Computing static prop lighting : 00...1...2...3...4...5...6...7...8...9...10
Ready to Finish

Object names       Objects/Maxobjs  Memory / Maxmem  Fullness 
------------       ---------------  ---------------  -------- 
models                 193/1024         9264/49152    (18.8%) 
brushes               4542/8192        54504/98304    (55.4%) 
brushsides           32991/65536      263928/524288   (50.3%) 
planes               20202/65536      404040/1310720  (30.8%) 
vertexes             22884/65536      274608/786432   (34.9%) 
nodes                 6770/65536      216640/2097152  (10.3%) 
texinfos              5201/12288      374472/884736   (42.3%) 
texdata                563/2048        18016/65536    (27.5%) 
dispinfos              131/0           23056/0        ( 0.0%) 
disp_verts            5059/0          101180/0        ( 0.0%) 
disp_tris             7360/0           14720/0        ( 0.0%) 
disp_lmsamples      220814/0          220814/0        ( 0.0%) 
faces                12094/65536      677264/3670016  (18.5%) 
hdr faces            12094/65536      677264/3670016  (18.5%) 
origfaces             8743/65536      489608/3670016  (13.3%) 
leaves                6964/65536      222848/2097152  (10.6%) 
leaffaces            15348/65536       30696/131072   (23.4%) 
leafbrushes          12572/65536       25144/131072   (19.2%) 
areas                   19/256           152/2048     ( 7.4%) 
surfedges            93841/512000     375364/2048000  (18.3%) 
edges                60525/256000     242100/1024000  (23.6%) 
LDR worldlights          0/8192            0/819200   ( 0.0%) 
HDR worldlights        115/8192        11500/819200   ( 1.4%) 
leafwaterdata            0/32768           0/393216   ( 0.0%) 
waterstrips           1390/32768       13900/327680   ( 4.2%) 
waterverts               0/65536           0/786432   ( 0.0%) 
waterindices         27093/65536       54186/131072   (41.3%) 
cubemapsamples          65/1024         1040/16384    ( 6.3%) 
overlays               377/512        132704/180224   (73.6%) 
LDR lightdata         [variable]           0/0        ( 0.0%) 
HDR lightdata         [variable]     4819384/0        ( 0.0%) 
visdata               [variable]      776228/16777216 ( 4.6%) 
entdata               [variable]      781036/393216   (198.6%) VERY FULL!
LDR ambient table     6964/65536       27856/262144   (10.6%) 
HDR ambient table     6964/65536       27856/262144   (10.6%) 
LDR leaf ambient      6964/65536      194992/1835008  (10.6%) 
HDR leaf ambient     27574/65536      772072/1835008  (42.1%) 
occluders                5/0             200/0        ( 0.0%) 
occluder polygons       11/0             132/0        ( 0.0%) 
occluder vert ind       48/0             192/0        ( 0.0%) 
Prop Hull Verts          0/0               0/0        ( 0.0%) 
Prop Hull Blob           0/0               0/0        ( 0.0%) 
Prop Hull Lists          0/0               0/0        ( 0.0%) 
Prop Hulls               0/0               0/0        ( 0.0%) 
Prop Hull trilist        0/0               0/0        ( 0.0%) 
detail props          [variable]           1/12       ( 8.3%) 
static props          [variable]           1/104354   ( 0.0%) 
pakfile               [variable]     7561261/0        ( 0.0%) 
physics               [variable]     1638147/4194304  (39.1%) 
physics terrain       [variable]       15435/1048576  ( 1.5%) 

Level flags = 2

Total triangle count: 34825
Writing z:\mnt\f\stuff\git\l4d2-things\reverse_rda\map\r_c11m2_offices.bsp
5 minutes, 37 seconds elapsed



Using shader api: shaderapiempty.dll
materialPath: Z:\mnt\d\SteamLibrary\steamapps\common\Left 4 Dead 2\left4dead2\materials
Loading Z:\mnt\f\stuff\git\l4d2-things\reverse_rda\map\r_c11m2_offices.vmf
Can't find surfaceprop cloth for material METAL/CUBICLE01, using default
fixing up env_cubemap materials on brush sides...
0...1...2...3...4...5...6...7...8...9...100...1...2...3...4...5...6...7...8...9...10Processing areas...done (0)
Building Faces...done (1)
Occluder "" straddles multiple areas. This is invalid!
Occluder "" straddles multiple areas. This is invalid!
Occluder "" straddles multiple areas. This is invalid!
Occluder "" straddles multiple areas. This is invalid!
Occluder "" straddles multiple areas. This is invalid!
Occluder "" straddles multiple areas. This is invalid!
Occluder "" straddles multiple areas. This is invalid!
Occluder "" straddles multiple areas. This is invalid!
Occluder "" straddles multiple areas. This is invalid!
Occluder "" straddles multiple areas. This is invalid!
Occluder "" straddles multiple areas. This is invalid!
Occluder "" straddles multiple areas. This is invalid!
Occluder "" straddles multiple areas. This is invalid!
Occluder "" straddles multiple areas. This is invalid!
Occluder "" straddles multiple areas. This is invalid!
Occluder "" straddles multiple areas. This is invalid!
Occluder "" straddles multiple areas. This is invalid!
Occluder "" straddles multiple areas. This is invalid!
Occluder "" straddles multiple areas. This is invalid!
Occluder "" straddles multiple areas. This is invalid!
Occluder "" straddles multiple areas. This is invalid!
Occluder "" straddles multiple areas. This is invalid!
Occluder "" straddles multiple areas. This is invalid!
Occluder "" straddles multiple areas. This is invalid!
Occluder "" straddles multiple areas. This is invalid!
Occluder "" straddles multiple areas. This is invalid!
Occluder "" straddles multiple areas. This is invalid!
Occluder "" straddles multiple areas. This is invalid!
Occluder "" straddles multiple areas. This is invalid!
Occluder "" straddles multiple areas. This is invalid!
Occluder "" straddles multiple areas. This is invalid!
Occluder "" straddles multiple areas. This is invalid!
Occluder "" straddles multiple areas. This is invalid!
Occluder "" straddles multiple areas. This is invalid!
Occluder "" straddles multiple areas. This is invalid!
Occluder "" straddles multiple areas. This is invalid!
Occluder "" straddles multiple areas. This is invalid!
Occluder "" straddles multiple areas. This is invalid!
Occluder "" straddles multiple areas. This is invalid!
Occluder "" straddles multiple areas. This is invalid!
Occluder "" straddles multiple areas. This is invalid!
Occluder "" straddles multiple areas. This is invalid!
Occluder "" straddles multiple areas. This is invalid!
Chop Details...done (0)
Find Visible Detail Sides...
Merged 1252 detail faces...done (0)
Merging details...done (0)
FixTjuncs...
PruneNodes...
WriteBSP...
done (1)
writing Z:\mnt\f\stuff\git\l4d2-things\reverse_rda\map\r_c11m2_offices.prt...Building visibility clusters...
done (0)
Finding displacement neighbors...
Finding lightmap sample positions...
Displacement Alpha : 0...1...2...3...4...5...6...7...8...9...10
Building Physics collision data...
done (1) (1639573 bytes)
Cannot build Physics2 data
                                                             -----------
DataLinker total stream size                                     0.0 KiB
Placing detail props : 0...1...2...3...4...5...6...7...8...9...10
Compacting texture/material tables...
Reduced 9982 texinfos to 5209
Reduced 746 texdatas to 563 (34192 bytes to 25971)



Using shader api: shaderapiempty.dll
materialPath: Z:\mnt\d\SteamLibrary\steamapps\common\Left 4 Dead 2\left4dead2\materials
Loading Z:\mnt\f\stuff\git\l4d2-things\reverse_rda\map\r_c11m2_offices.vmf
Can't find surfaceprop cloth for material METAL/CUBICLE01, using default
fixing up env_cubemap materials on brush sides...
0...1...2...3...4...5...6...7...8...9...100...1...2...3...4...5...6...7...8...9...10Processing areas...done (0)
Building Faces...done (0)
Occluder "" straddles multiple areas. This is invalid!
Occluder "" straddles multiple areas. This is invalid!
Occluder "" straddles multiple areas. This is invalid!
Occluder "" straddles multiple areas. This is invalid!
Occluder "" straddles multiple areas. This is invalid!
Occluder "" straddles multiple areas. This is invalid!
Occluder "" straddles multiple areas. This is invalid!
Occluder "" straddles multiple areas. This is invalid!
Occluder "" straddles multiple areas. This is invalid!
Occluder "" straddles multiple areas. This is invalid!
Occluder "" straddles multiple areas. This is invalid!
Occluder "" straddles multiple areas. This is invalid!
Occluder "" straddles multiple areas. This is invalid!
Occluder "" straddles multiple areas. This is invalid!
Occluder "" straddles multiple areas. This is invalid!
Occluder "" straddles multiple areas. This is invalid!
Occluder "" straddles multiple areas. This is invalid!
Occluder "" straddles multiple areas. This is invalid!
Occluder "" straddles multiple areas. This is invalid!
Occluder "" straddles multiple areas. This is invalid!
Occluder "" straddles multiple areas. This is invalid!
Occluder "" straddles multiple areas. This is invalid!
Occluder "" straddles multiple areas. This is invalid!
Occluder "" straddles multiple areas. This is invalid!
Occluder "" straddles multiple areas. This is invalid!
Occluder "" straddles multiple areas. This is invalid!
Occluder "" straddles multiple areas. This is invalid!
Occluder "" straddles multiple areas. This is invalid!
Occluder "" straddles multiple areas. This is invalid!
Occluder "" straddles multiple areas. This is invalid!
Occluder "" straddles multiple areas. This is invalid!
Occluder "" straddles multiple areas. This is invalid!
Occluder "" straddles multiple areas. This is invalid!
Occluder "" straddles multiple areas. This is invalid!
Occluder "" straddles multiple areas. This is invalid!
Occluder "" straddles multiple areas. This is invalid!
Occluder "" straddles multiple areas. This is invalid!
Occluder "" straddles multiple areas. This is invalid!
Occluder "" straddles multiple areas. This is invalid!
Occluder "" straddles multiple areas. This is invalid!
Occluder "" straddles multiple areas. This is invalid!
Occluder "" straddles multiple areas. This is invalid!
Occluder "" straddles multiple areas. This is invalid!
Chop Details...done (0)
Find Visible Detail Sides...
Merged 1252 detail faces...done (0)
Merging details...done (0)
FixTjuncs...
PruneNodes...
WriteBSP...
done (1)
writing Z:\mnt\f\stuff\git\l4d2-things\reverse_rda\map\r_c11m2_offices.prt...Building visibility clusters...
done (0)
Finding displacement neighbors...
Finding lightmap sample positions...
Displacement Alpha : 0...1...2...3...4...5...6...7...8...9...10
Building Physics collision data...
done (1) (1639573 bytes)
Cannot build Physics2 data
                                                             -----------
DataLinker total stream size                                     0.0 KiB
Placing detail props : 0...1...2...3...4...5...6...7...8...9...10
Compacting texture/material tables...
Reduced 9982 texinfos to 5209
Reduced 746 texdatas to 563 (34192 bytes to 25971)
Writing Z:\mnt\f\stuff\git\l4d2-things\reverse_rda\map\r_c11m2_offices.bsp
10 seconds elapsed

==================================================================
Date: 2026-06-30 20:07:01
Z:\mnt\d\SteamLibrary\steamapps\common\Left 4 Dead 2\bin\vvisplusplus.exe -game Z:\mnt\d\SteamLibrary\steamapps\common\Left 4 Dead 2\left4dead2 Z:\mnt\f\stuff\git\l4d2-things\reverse_rda\map\r_c11m2_offices.vmf
==================================================================
6 threads
reading z:\mnt\f\stuff\git\l4d2-things\reverse_rda\map\r_c11m2_offices.bsp
Detected L4D2 lump format
Max farz in all env_fog_controller entities: 6000 (used for radial vis)
reading z:\mnt\f\stuff\git\l4d2-things\reverse_rda\map\r_c11m2_offices.prt
2027 portalclusters
5090 numportals
0...1...2...3...4...5...6...7...8...9...100...1...2...3...4...5...6...7...8...9...10Optimized: 18699 visible clusters (1.99%)
Total clusters visible: 941826
Average clusters visible: 464
Building PAS...
Average clusters audible: 1464
visdatasize:781271  compressed from 1037824
writing z:\mnt\f\stuff\git\l4d2-things\reverse_rda\map\r_c11m2_offices.bsp
Wrote ZIP buffer, estimated size 6006933, actual size 5915465
1 minute, 23 seconds elapsed



[Reading texlights from 'lights.rad']
[2 texlights parsed from 'lights.rad']

Loading z:\mnt\f\stuff\git\l4d2-things\reverse_rda\map\r_c11m2_offices.bsp
Patch Sample Radius Clamped!
Patch Sample Radius Clamped!
Patch Sample Radius Clamped!
Patch Sample Radius Clamped!
Patch Sample Radius Clamped!
Patch Sample Radius Clamped!
Patch Sample Radius Clamped!
Patch Sample Radius Clamped!
Patch Sample Radius Clamped!
Patch Sample Radius Clamped!
Patch Sample Radius Clamped!
12116 faces
8260603 square feet [1189526912.00 square inches]
131 Displacements
300733 Square Feet [43305636.00 Square Inches]
12116 patches before subdivision
86188 patches after subdivision
115 direct lights
0...1...2...3.. warning - face vectors parallel to face normal. bad lighting will be produced
.4...5...6...7...8...9...100...1...2...3...4...5...6...7...8...9...10transfers 6960793, max 1047
transfer lists:  53.1 megs
0...1...2...3...4...5...6...7...8...9...10	Bounce #1 added RGB(18576, 16725, 13131)
0...1...2...3...4...5...6...7...8...9...10	Bounce #2 added RGB(4307, 4065, 2862)
0...1...2...3...4...5...6...7...8...9...10	Bounce #3 added RGB(1274, 1180, 723)
0...1...2...3...4...5...6...7...8...9...10	Bounce #4 added RGB(452, 407, 219)
0...1...2...3...4...5...6...7...8...9...10	Bounce #5 added RGB(171, 148, 70)
0...1...2...3...4...5...6...7...8...9...10	Bounce #6 added RGB(69, 57, 24)
0...1...2...3...4...5...6...7...8...9...10	Bounce #7 added RGB(29, 23, 8)
0...1...2...3...4...5...6...7...8...9...10	Bounce #8 added RGB(12, 10, 3)
0...1...2...3...4...5...6...7...8...9...10	Bounce #9 added RGB(6, 4, 1)
0...1...2...3...4...5...6...7...8...9...10	Bounce #10 added RGB(2, 2, 0)
0...1...2...3...4...5...6...7...8...9...10	Bounce #11 added RGB(1, 1, 0)
0...1...2...3...4...5...6...7...8...9...10	Bounce #12 added RGB(1, 0, 0)
Build Patch/Sample Hash Table(s).....Done<0.0216 sec>
0...1... warning - face vectors parallel to face normal. bad lighting will be produced
2...3.. warning - face vectors parallel to face normal. bad lighting will be produced
. warning - face vectors parallel to face normal. bad lighting will be produced
SampleRadial: Punting, Waiting for fix
4...5...6...7...8...9...10FinalLightFace Done
0 of 0 (0% of) surface lights went in leaf ambient cubes.
0...1...2...3...4...5...6...7...8...9...10Writing leaf ambient...done
Computing static prop lighting : 00...1...2...3...4...5...6...7...8...9...10
Ready to Finish

Object names       Objects/Maxobjs  Memory / Maxmem  Fullness 
------------       ---------------  ---------------  -------- 
models                 196/1024         9408/49152    (19.1%) 
brushes               4544/8192        54528/98304    (55.5%) 
brushsides           33004/65536      264032/524288   (50.4%) 
planes               20244/65536      404880/1310720  (30.9%) 
vertexes             22902/65536      274824/786432   (34.9%) 
nodes                 6794/65536      217408/2097152  (10.4%) 
texinfos              5209/12288      375048/884736   (42.4%) 
texdata                563/2048        18016/65536    (27.5%) 
dispinfos              131/0           23056/0        ( 0.0%) 
disp_verts            5059/0          101180/0        ( 0.0%) 
disp_tris             7360/0           14720/0        ( 0.0%) 
disp_lmsamples      220814/0          220814/0        ( 0.0%) 
faces                12116/65536      678496/3670016  (18.5%) 
hdr faces            12116/65536      678496/3670016  (18.5%) 
origfaces             8755/65536      490280/3670016  (13.4%) 
leaves                6991/65536      223712/2097152  (10.7%) 
leaffaces            15347/65536       30694/131072   (23.4%) 
leafbrushes          12551/65536       25102/131072   (19.2%) 
areas                   19/256           152/2048     ( 7.4%) 
surfedges            94001/512000     376004/2048000  (18.4%) 
edges                60612/256000     242448/1024000  (23.7%) 
LDR worldlights          0/8192            0/819200   ( 0.0%) 
HDR worldlights        115/8192        11500/819200   ( 1.4%) 
leafwaterdata            0/32768           0/393216   ( 0.0%) 
waterstrips           1394/32768       13940/327680   ( 4.3%) 
waterverts               0/65536           0/786432   ( 0.0%) 
waterindices         27159/65536       54318/131072   (41.4%) 
cubemapsamples          65/1024         1040/16384    ( 6.3%) 
overlays               377/512        132704/180224   (73.6%) 
LDR lightdata         [variable]           0/0        ( 0.0%) 
HDR lightdata         [variable]     4799192/0        ( 0.0%) 
visdata               [variable]      781271/16777216 ( 4.7%) 
entdata               [variable]      781328/393216   (198.7%) VERY FULL!
LDR ambient table     6991/65536       27964/262144   (10.7%) 
HDR ambient table     6991/65536       27964/262144   (10.7%) 
LDR leaf ambient      6991/65536      195748/1835008  (10.7%) 
HDR leaf ambient     27594/65536      772632/1835008  (42.1%) 
occluders                5/0             200/0        ( 0.0%) 
occluder polygons       11/0             132/0        ( 0.0%) 
occluder vert ind       48/0             192/0        ( 0.0%) 
Prop Hull Verts          0/0               0/0        ( 0.0%) 
Prop Hull Blob           0/0               0/0        ( 0.0%) 
Prop Hull Lists          0/0               0/0        ( 0.0%) 
Prop Hulls               0/0               0/0        ( 0.0%) 
Prop Hull trilist        0/0               0/0        ( 0.0%) 
detail props          [variable]           1/12       ( 8.3%) 
static props          [variable]           1/104358   ( 0.0%) 
pakfile               [variable]     7561261/0        ( 0.0%) 
physics               [variable]     1639573/4194304  (39.1%) 
physics terrain       [variable]       15435/1048576  ( 1.5%) 

Level flags = 2

Total triangle count: 34893
Writing z:\mnt\f\stuff\git\l4d2-things\reverse_rda\map\r_c11m2_offices.bsp
5 minutes, 2 seconds elapsed



Using shader api: shaderapiempty.dll
materialPath: Z:\mnt\d\SteamLibrary\steamapps\common\Left 4 Dead 2\left4dead2\materials
Loading Z:\mnt\f\stuff\git\l4d2-things\reverse_rda\map\r_c11m2_offices.vmf
Can't find surfaceprop cloth for material METAL/CUBICLE01, using default
fixing up env_cubemap materials on brush sides...
0...1...2...3...4...5...6...7...8...9...100...1...2...3...4...5...6...7...8...9...10Processing areas...done (0)
Building Faces...done (0)
Occluder "" straddles multiple areas. This is invalid!
Occluder "" straddles multiple areas. This is invalid!
Occluder "" straddles multiple areas. This is invalid!
Occluder "" straddles multiple areas. This is invalid!
Occluder "" straddles multiple areas. This is invalid!
Occluder "" straddles multiple areas. This is invalid!
Occluder "" straddles multiple areas. This is invalid!
Occluder "" straddles multiple areas. This is invalid!
Occluder "" straddles multiple areas. This is invalid!
Occluder "" straddles multiple areas. This is invalid!
Occluder "" straddles multiple areas. This is invalid!
Occluder "" straddles multiple areas. This is invalid!
Occluder "" straddles multiple areas. This is invalid!
Occluder "" straddles multiple areas. This is invalid!
Occluder "" straddles multiple areas. This is invalid!
Occluder "" straddles multiple areas. This is invalid!
Occluder "" straddles multiple areas. This is invalid!
Occluder "" straddles multiple areas. This is invalid!
Occluder "" straddles multiple areas. This is invalid!
Occluder "" straddles multiple areas. This is invalid!
Occluder "" straddles multiple areas. This is invalid!
Occluder "" straddles multiple areas. This is invalid!
Occluder "" straddles multiple areas. This is invalid!
Occluder "" straddles multiple areas. This is invalid!
Occluder "" straddles multiple areas. This is invalid!
Occluder "" straddles multiple areas. This is invalid!
Occluder "" straddles multiple areas. This is invalid!
Occluder "" straddles multiple areas. This is invalid!
Occluder "" straddles multiple areas. This is invalid!
Occluder "" straddles multiple areas. This is invalid!
Occluder "" straddles multiple areas. This is invalid!
Occluder "" straddles multiple areas. This is invalid!
Occluder "" straddles multiple areas. This is invalid!
Occluder "" straddles multiple areas. This is invalid!
Occluder "" straddles multiple areas. This is invalid!
Occluder "" straddles multiple areas. This is invalid!
Occluder "" straddles multiple areas. This is invalid!
Occluder "" straddles multiple areas. This is invalid!
Occluder "" straddles multiple areas. This is invalid!
Occluder "" straddles multiple areas. This is invalid!
Occluder "" straddles multiple areas. This is invalid!
Occluder "" straddles multiple areas. This is invalid!
Occluder "" straddles multiple areas. This is invalid!
Chop Details...done (0)
Find Visible Detail Sides...
Merged 1252 detail faces...done (1)
Merging details...done (0)
FixTjuncs...
PruneNodes...
WriteBSP...
done (0)
writing Z:\mnt\f\stuff\git\l4d2-things\reverse_rda\map\r_c11m2_offices.prt...Building visibility clusters...
done (0)
Finding displacement neighbors...
Finding lightmap sample positions...
Displacement Alpha : 0...1...2...3...4...5...6...7...8...9...10
Building Physics collision data...
done (1) (1639573 bytes)
Cannot build Physics2 data
                                                             -----------
DataLinker total stream size                                     0.0 KiB
Placing detail props : 0...1...2...3...4...5...6...7...8...9...10
Compacting texture/material tables...
Reduced 9982 texinfos to 5209
Reduced 746 texdatas to 563 (34192 bytes to 25971)
Writing Z:\mnt\f\stuff\git\l4d2-things\reverse_rda\map\r_c11m2_offices.bsp
9 seconds elapsed

==================================================================
Date: 2026-07-09 16:13:27
Z:\mnt\d\SteamLibrary\steamapps\common\Left 4 Dead 2\bin\vvisplusplus.exe -game Z:\mnt\d\SteamLibrary\steamapps\common\Left 4 Dead 2\left4dead2 Z:\mnt\f\stuff\git\l4d2-things\reverse_rda\map\r_c11m2_offices.vmf
==================================================================
6 threads
reading z:\mnt\f\stuff\git\l4d2-things\reverse_rda\map\r_c11m2_offices.bsp
Detected L4D2 lump format
Max farz in all env_fog_controller entities: 6000 (used for radial vis)
reading z:\mnt\f\stuff\git\l4d2-things\reverse_rda\map\r_c11m2_offices.prt
2027 portalclusters
5090 numportals
0...1...2...3...4...5...6...7...8...9...100...1...2...3...4...5...6...7...8...9...10Optimized: 18706 visible clusters (1.99%)
Total clusters visible: 941843
Average clusters visible: 464
Building PAS...
Average clusters audible: 1464
visdatasize:781275  compressed from 1037824
writing z:\mnt\f\stuff\git\l4d2-things\reverse_rda\map\r_c11m2_offices.bsp
Wrote ZIP buffer, estimated size 6006933, actual size 5915465
1 minute, 24 seconds elapsed



[Reading texlights from 'lights.rad']
[2 texlights parsed from 'lights.rad']

Loading z:\mnt\f\stuff\git\l4d2-things\reverse_rda\map\r_c11m2_offices.bsp
Patch Sample Radius Clamped!
Patch Sample Radius Clamped!
Patch Sample Radius Clamped!
Patch Sample Radius Clamped!
Patch Sample Radius Clamped!
Patch Sample Radius Clamped!
Patch Sample Radius Clamped!
Patch Sample Radius Clamped!
Patch Sample Radius Clamped!
Patch Sample Radius Clamped!
Patch Sample Radius Clamped!
12116 faces
8260603 square feet [1189526912.00 square inches]
131 Displacements
300733 Square Feet [43305636.00 Square Inches]
12116 patches before subdivision
86188 patches after subdivision
117 direct lights
0...1...2...3.. warning - face vectors parallel to face normal. bad lighting will be produced
.4...5...6...7...8...9...100...1...2...3...4...5...6...7...8...9...10transfers 6961066, max 1047
transfer lists:  53.1 megs
0...1...2...3...4...5...6...7...8...9...10	Bounce #1 added RGB(18073, 16317, 12705)
0...1...2...3...4...5...6...7...8...9...10	Bounce #2 added RGB(4267, 4058, 2835)
0...1...2...3...4...5...6...7...8...9...10	Bounce #3 added RGB(1266, 1182, 719)
0...1...2...3...4...5...6...7...8...9...10	Bounce #4 added RGB(459, 414, 221)
0...1...2...3...4...5...6...7...8...9...10	Bounce #5 added RGB(176, 151, 71)
0...1...2...3...4...5...6...7...8...9...10	Bounce #6 added RGB(72, 59, 24)
0...1...2...3...4...5...6...7...8...9...10	Bounce #7 added RGB(30, 24, 9)
0...1...2...3...4...5...6...7...8...9...10	Bounce #8 added RGB(13, 10, 3)
0...1...2...3...4...5...6...7...8...9...10	Bounce #9 added RGB(6, 4, 1)
0...1...2...3...4...5...6...7...8...9...10	Bounce #10 added RGB(3, 2, 0)
0...1...2...3...4...5...6...7...8...9...10	Bounce #11 added RGB(1, 1, 0)
0...1...2...3...4...5...6...7...8...9...10	Bounce #12 added RGB(1, 0, 0)
Build Patch/Sample Hash Table(s).....Done<0.0243 sec>
0...1... warning - face vectors parallel to face normal. bad lighting will be produced
2...3.. warning - face vectors parallel to face normal. bad lighting will be produced
. warning - face vectors parallel to face normal. bad lighting will be produced
SampleRadial: Punting, Waiting for fix
4...5...6...7...8...9...10FinalLightFace Done
0 of 0 (0% of) surface lights went in leaf ambient cubes.
0...1...2...3...4...5...6...7...8...9...10Writing leaf ambient...done
Computing static prop lighting : 00...1...2...3...4...5...6...7...8...9...10
Ready to Finish

Object names       Objects/Maxobjs  Memory / Maxmem  Fullness 
------------       ---------------  ---------------  -------- 
models                 196/1024         9408/49152    (19.1%) 
brushes               4544/8192        54528/98304    (55.5%) 
brushsides           33004/65536      264032/524288   (50.4%) 
planes               20244/65536      404880/1310720  (30.9%) 
vertexes             22902/65536      274824/786432   (34.9%) 
nodes                 6794/65536      217408/2097152  (10.4%) 
texinfos              5209/12288      375048/884736   (42.4%) 
texdata                563/2048        18016/65536    (27.5%) 
dispinfos              131/0           23056/0        ( 0.0%) 
disp_verts            5059/0          101180/0        ( 0.0%) 
disp_tris             7360/0           14720/0        ( 0.0%) 
disp_lmsamples      220814/0          220814/0        ( 0.0%) 
faces                12116/65536      678496/3670016  (18.5%) 
hdr faces            12116/65536      678496/3670016  (18.5%) 
origfaces             8755/65536      490280/3670016  (13.4%) 
leaves                6991/65536      223712/2097152  (10.7%) 
leaffaces            15347/65536       30694/131072   (23.4%) 
leafbrushes          12551/65536       25102/131072   (19.2%) 
areas                   19/256           152/2048     ( 7.4%) 
surfedges            94001/512000     376004/2048000  (18.4%) 
edges                60612/256000     242448/1024000  (23.7%) 
LDR worldlights          0/8192            0/819200   ( 0.0%) 
HDR worldlights        117/8192        11700/819200   ( 1.4%) 
leafwaterdata            0/32768           0/393216   ( 0.0%) 
waterstrips           1394/32768       13940/327680   ( 4.3%) 
waterverts               0/65536           0/786432   ( 0.0%) 
waterindices         27159/65536       54318/131072   (41.4%) 
cubemapsamples          65/1024         1040/16384    ( 6.3%) 
overlays               377/512        132704/180224   (73.6%) 
LDR lightdata         [variable]           0/0        ( 0.0%) 
HDR lightdata         [variable]     4663600/0        ( 0.0%) 
visdata               [variable]      781275/16777216 ( 4.7%) 
entdata               [variable]      782699/393216   (199.1%) VERY FULL!
LDR ambient table     6991/65536       27964/262144   (10.7%) 
HDR ambient table     6991/65536       27964/262144   (10.7%) 
LDR leaf ambient      6991/65536      195748/1835008  (10.7%) 
HDR leaf ambient     27551/65536      771428/1835008  (42.0%) 
occluders                5/0             200/0        ( 0.0%) 
occluder polygons       11/0             132/0        ( 0.0%) 
occluder vert ind       48/0             192/0        ( 0.0%) 
Prop Hull Verts          0/0               0/0        ( 0.0%) 
Prop Hull Blob           0/0               0/0        ( 0.0%) 
Prop Hull Lists          0/0               0/0        ( 0.0%) 
Prop Hulls               0/0               0/0        ( 0.0%) 
Prop Hull trilist        0/0               0/0        ( 0.0%) 
detail props          [variable]           1/12       ( 8.3%) 
static props          [variable]           1/104304   ( 0.0%) 
pakfile               [variable]     7561261/0        ( 0.0%) 
physics               [variable]     1639573/4194304  (39.1%) 
physics terrain       [variable]       15435/1048576  ( 1.5%) 

Level flags = 2

Total triangle count: 34893
Writing z:\mnt\f\stuff\git\l4d2-things\reverse_rda\map\r_c11m2_offices.bsp
4 minutes, 51 seconds elapsed



Using shader api: shaderapiempty.dll
materialPath: Z:\mnt\d\SteamLibrary\steamapps\common\Left 4 Dead 2\left4dead2\materials
Loading Z:\mnt\f\stuff\git\l4d2-things\reverse_rda\map\r_c11m2_offices.vmf
Can't find surfaceprop cloth for material METAL/CUBICLE01, using default
fixing up env_cubemap materials on brush sides...
0...1...2...3...4...5...6...7...8...9...100...1...2...3...4...5...6...7...8...9...10Processing areas...done (0)
Building Faces...done (0)
Occluder "" straddles multiple areas. This is invalid!
Occluder "" straddles multiple areas. This is invalid!
Occluder "" straddles multiple areas. This is invalid!
Occluder "" straddles multiple areas. This is invalid!
Occluder "" straddles multiple areas. This is invalid!
Occluder "" straddles multiple areas. This is invalid!
Occluder "" straddles multiple areas. This is invalid!
Occluder "" straddles multiple areas. This is invalid!
Occluder "" straddles multiple areas. This is invalid!
Occluder "" straddles multiple areas. This is invalid!
Occluder "" straddles multiple areas. This is invalid!
Occluder "" straddles multiple areas. This is invalid!
Occluder "" straddles multiple areas. This is invalid!
Occluder "" straddles multiple areas. This is invalid!
Occluder "" straddles multiple areas. This is invalid!
Occluder "" straddles multiple areas. This is invalid!
Occluder "" straddles multiple areas. This is invalid!
Occluder "" straddles multiple areas. This is invalid!
Occluder "" straddles multiple areas. This is invalid!
Occluder "" straddles multiple areas. This is invalid!
Occluder "" straddles multiple areas. This is invalid!
Occluder "" straddles multiple areas. This is invalid!
Occluder "" straddles multiple areas. This is invalid!
Occluder "" straddles multiple areas. This is invalid!
Occluder "" straddles multiple areas. This is invalid!
Occluder "" straddles multiple areas. This is invalid!
Occluder "" straddles multiple areas. This is invalid!
Occluder "" straddles multiple areas. This is invalid!
Occluder "" straddles multiple areas. This is invalid!
Occluder "" straddles multiple areas. This is invalid!
Occluder "" straddles multiple areas. This is invalid!
Occluder "" straddles multiple areas. This is invalid!
Occluder "" straddles multiple areas. This is invalid!
Occluder "" straddles multiple areas. This is invalid!
Occluder "" straddles multiple areas. This is invalid!
Occluder "" straddles multiple areas. This is invalid!
Occluder "" straddles multiple areas. This is invalid!
Occluder "" straddles multiple areas. This is invalid!
Occluder "" straddles multiple areas. This is invalid!
Occluder "" straddles multiple areas. This is invalid!
Occluder "" straddles multiple areas. This is invalid!
Occluder "" straddles multiple areas. This is invalid!
Occluder "" straddles multiple areas. This is invalid!
Chop Details...done (0)
Find Visible Detail Sides...
Merged 1252 detail faces...done (1)
Merging details...done (0)
FixTjuncs...
PruneNodes...
WriteBSP...
done (0)
writing Z:\mnt\f\stuff\git\l4d2-things\reverse_rda\map\r_c11m2_offices.prt...Building visibility clusters...
done (0)
Finding displacement neighbors...
Finding lightmap sample positions...
Displacement Alpha : 0...1...2...3...4...5...6...7...8...9...10
Building Physics collision data...
done (1) (1639574 bytes)
Cannot build Physics2 data
                                                             -----------
DataLinker total stream size                                     0.0 KiB
Placing detail props : 0...1...2...3...4...5...6...7...8...9...10
Compacting texture/material tables...
Reduced 9986 texinfos to 5209
Reduced 746 texdatas to 563 (34192 bytes to 25971)
Writing Z:\mnt\f\stuff\git\l4d2-things\reverse_rda\map\r_c11m2_offices.bsp
10 seconds elapsed

==================================================================
Date: 2026-07-09 19:15:39
Z:\mnt\d\SteamLibrary\steamapps\common\Left 4 Dead 2\bin\vvisplusplus.exe -game Z:\mnt\d\SteamLibrary\steamapps\common\Left 4 Dead 2\left4dead2 Z:\mnt\f\stuff\git\l4d2-things\reverse_rda\map\r_c11m2_offices.vmf
==================================================================
6 threads
reading z:\mnt\f\stuff\git\l4d2-things\reverse_rda\map\r_c11m2_offices.bsp
Detected L4D2 lump format
Max farz in all env_fog_controller entities: 6000 (used for radial vis)
reading z:\mnt\f\stuff\git\l4d2-things\reverse_rda\map\r_c11m2_offices.prt
2027 portalclusters
5090 numportals
0...1...2...3...4...5...6...7...8...9...100...1...2...3...4...5...6...7...8...9...10Optimized: 18685 visible clusters (1.98%)
Total clusters visible: 941820
Average clusters visible: 464
Building PAS...
Average clusters audible: 1464
visdatasize:781274  compressed from 1037824
writing z:\mnt\f\stuff\git\l4d2-things\reverse_rda\map\r_c11m2_offices.bsp
Wrote ZIP buffer, estimated size 6006933, actual size 5915465
1 minute, 37 seconds elapsed



[Reading texlights from 'lights.rad']
[2 texlights parsed from 'lights.rad']

Loading z:\mnt\f\stuff\git\l4d2-things\reverse_rda\map\r_c11m2_offices.bsp
Patch Sample Radius Clamped!
Patch Sample Radius Clamped!
Patch Sample Radius Clamped!
Patch Sample Radius Clamped!
Patch Sample Radius Clamped!
Patch Sample Radius Clamped!
Patch Sample Radius Clamped!
Patch Sample Radius Clamped!
Patch Sample Radius Clamped!
Patch Sample Radius Clamped!
Patch Sample Radius Clamped!
12116 faces
8260815 square feet [1189557376.00 square inches]
131 Displacements
300733 Square Feet [43305636.00 Square Inches]
12116 patches before subdivision
86188 patches after subdivision
117 direct lights
0...1...2...3.. warning - face vectors parallel to face normal. bad lighting will be produced
.4...5...6...7...8...9...100...1...2...3...4...5...6...7...8...9...10transfers 6961084, max 1047
transfer lists:  53.1 megs
0...1...2...3...4...5...6...7...8...9...10	Bounce #1 added RGB(18073, 16317, 12705)
0...1...2...3...4...5...6...7...8...9...10	Bounce #2 added RGB(4267, 4057, 2835)
0...1...2...3...4...5...6...7...8...9...10	Bounce #3 added RGB(1266, 1182, 719)
0...1...2...3...4...5...6...7...8...9...10	Bounce #4 added RGB(459, 414, 221)
0...1...2...3...4...5...6...7...8...9...10	Bounce #5 added RGB(176, 151, 71)
0...1...2...3...4...5...6...7...8...9...10	Bounce #6 added RGB(72, 59, 24)
0...1...2...3...4...5...6...7...8...9...10	Bounce #7 added RGB(30, 24, 9)
0...1...2...3...4...5...6...7...8...9...10	Bounce #8 added RGB(13, 10, 3)
0...1...2...3...4...5...6...7...8...9...10	Bounce #9 added RGB(6, 4, 1)
0...1...2...3...4...5...6...7...8...9...10	Bounce #10 added RGB(3, 2, 0)
0...1...2...3...4...5...6...7...8...9...10	Bounce #11 added RGB(1, 1, 0)
0...1...2...3...4...5...6...7...8...9...10	Bounce #12 added RGB(1, 0, 0)
Build Patch/Sample Hash Table(s).....Done<0.0225 sec>
0...1... warning - face vectors parallel to face normal. bad lighting will be produced
2...3.. warning - face vectors parallel to face normal. bad lighting will be produced
. warning - face vectors parallel to face normal. bad lighting will be produced
SampleRadial: Punting, Waiting for fix
4...5...6...7...8...9...10FinalLightFace Done
0 of 0 (0% of) surface lights went in leaf ambient cubes.
0...1...2...3...4...5...6...7...8...9...10Writing leaf ambient...done
Computing static prop lighting : 00...1...2...3...4...5...6...7...8...9...10
Ready to Finish

Object names       Objects/Maxobjs  Memory / Maxmem  Fullness 
------------       ---------------  ---------------  -------- 
models                 196/1024         9408/49152    (19.1%) 
brushes               4544/8192        54528/98304    (55.5%) 
brushsides           33004/65536      264032/524288   (50.4%) 
planes               20244/65536      404880/1310720  (30.9%) 
vertexes             22902/65536      274824/786432   (34.9%) 
nodes                 6794/65536      217408/2097152  (10.4%) 
texinfos              5209/12288      375048/884736   (42.4%) 
texdata                563/2048        18016/65536    (27.5%) 
dispinfos              131/0           23056/0        ( 0.0%) 
disp_verts            5059/0          101180/0        ( 0.0%) 
disp_tris             7360/0           14720/0        ( 0.0%) 
disp_lmsamples      220814/0          220814/0        ( 0.0%) 
faces                12116/65536      678496/3670016  (18.5%) 
hdr faces            12116/65536      678496/3670016  (18.5%) 
origfaces             8755/65536      490280/3670016  (13.4%) 
leaves                6991/65536      223712/2097152  (10.7%) 
leaffaces            15347/65536       30694/131072   (23.4%) 
leafbrushes          12551/65536       25102/131072   (19.2%) 
areas                   19/256           152/2048     ( 7.4%) 
surfedges            94001/512000     376004/2048000  (18.4%) 
edges                60612/256000     242448/1024000  (23.7%) 
LDR worldlights          0/8192            0/819200   ( 0.0%) 
HDR worldlights        117/8192        11700/819200   ( 1.4%) 
leafwaterdata            0/32768           0/393216   ( 0.0%) 
waterstrips           1394/32768       13940/327680   ( 4.3%) 
waterverts               0/65536           0/786432   ( 0.0%) 
waterindices         27159/65536       54318/131072   (41.4%) 
cubemapsamples          65/1024         1040/16384    ( 6.3%) 
overlays               377/512        132704/180224   (73.6%) 
LDR lightdata         [variable]           0/0        ( 0.0%) 
HDR lightdata         [variable]     4663600/0        ( 0.0%) 
visdata               [variable]      781274/16777216 ( 4.7%) 
entdata               [variable]      782699/393216   (199.1%) VERY FULL!
LDR ambient table     6991/65536       27964/262144   (10.7%) 
HDR ambient table     6991/65536       27964/262144   (10.7%) 
LDR leaf ambient      6991/65536      195748/1835008  (10.7%) 
HDR leaf ambient     27580/65536      772240/1835008  (42.1%) 
occluders                5/0             200/0        ( 0.0%) 
occluder polygons       11/0             132/0        ( 0.0%) 
occluder vert ind       48/0             192/0        ( 0.0%) 
Prop Hull Verts          0/0               0/0        ( 0.0%) 
Prop Hull Blob           0/0               0/0        ( 0.0%) 
Prop Hull Lists          0/0               0/0        ( 0.0%) 
Prop Hulls               0/0               0/0        ( 0.0%) 
Prop Hull trilist        0/0               0/0        ( 0.0%) 
detail props          [variable]           1/12       ( 8.3%) 
static props          [variable]           1/104380   ( 0.0%) 
pakfile               [variable]     7561261/0        ( 0.0%) 
physics               [variable]     1639574/4194304  (39.1%) 
physics terrain       [variable]       15435/1048576  ( 1.5%) 

Level flags = 2

Total triangle count: 34893
Writing z:\mnt\f\stuff\git\l4d2-things\reverse_rda\map\r_c11m2_offices.bsp
6 minutes, 7 seconds elapsed



Using shader api: shaderapiempty.dll
materialPath: Z:\mnt\d\SteamLibrary\steamapps\common\Left 4 Dead 2\left4dead2\materials
Loading Z:\mnt\f\stuff\git\l4d2-things\reverse_rda\map\r_c11m2_offices.vmf
Can't find surfaceprop cloth for material METAL/CUBICLE01, using default
fixing up env_cubemap materials on brush sides...
0...1...2...3...4...5...6...7...8...9...100...1...2...3...4...5...6...7...8...9...10Processing areas...done (0)
Building Faces...done (0)
Occluder "" straddles multiple areas. This is invalid!
Occluder "" straddles multiple areas. This is invalid!
Occluder "" straddles multiple areas. This is invalid!
Occluder "" straddles multiple areas. This is invalid!
Occluder "" straddles multiple areas. This is invalid!
Occluder "" straddles multiple areas. This is invalid!
Occluder "" straddles multiple areas. This is invalid!
Occluder "" straddles multiple areas. This is invalid!
Occluder "" straddles multiple areas. This is invalid!
Occluder "" straddles multiple areas. This is invalid!
Occluder "" straddles multiple areas. This is invalid!
Occluder "" straddles multiple areas. This is invalid!
Occluder "" straddles multiple areas. This is invalid!
Occluder "" straddles multiple areas. This is invalid!
Occluder "" straddles multiple areas. This is invalid!
Occluder "" straddles multiple areas. This is invalid!
Occluder "" straddles multiple areas. This is invalid!
Occluder "" straddles multiple areas. This is invalid!
Occluder "" straddles multiple areas. This is invalid!
Occluder "" straddles multiple areas. This is invalid!
Occluder "" straddles multiple areas. This is invalid!
Occluder "" straddles multiple areas. This is invalid!
Occluder "" straddles multiple areas. This is invalid!
Occluder "" straddles multiple areas. This is invalid!
Occluder "" straddles multiple areas. This is invalid!
Occluder "" straddles multiple areas. This is invalid!
Occluder "" straddles multiple areas. This is invalid!
Occluder "" straddles multiple areas. This is invalid!
Occluder "" straddles multiple areas. This is invalid!
Occluder "" straddles multiple areas. This is invalid!
Occluder "" straddles multiple areas. This is invalid!
Occluder "" straddles multiple areas. This is invalid!
Occluder "" straddles multiple areas. This is invalid!
Occluder "" straddles multiple areas. This is invalid!
Occluder "" straddles multiple areas. This is invalid!
Occluder "" straddles multiple areas. This is invalid!
Occluder "" straddles multiple areas. This is invalid!
Occluder "" straddles multiple areas. This is invalid!
Occluder "" straddles multiple areas. This is invalid!
Occluder "" straddles multiple areas. This is invalid!
Occluder "" straddles multiple areas. This is invalid!
Occluder "" straddles multiple areas. This is invalid!
Occluder "" straddles multiple areas. This is invalid!
Chop Details...done (1)
Find Visible Detail Sides...
Merged 1252 detail faces...done (1)
Merging details...done (0)
FixTjuncs...
PruneNodes...
WriteBSP...
done (0)
writing Z:\mnt\f\stuff\git\l4d2-things\reverse_rda\map\r_c11m2_offices.prt...Building visibility clusters...
done (1)
Finding displacement neighbors...
Finding lightmap sample positions...
Displacement Alpha : 0...1...2...3...4...5...6...7...8...9...10
Building Physics collision data...
done (1) (1639574 bytes)
Cannot build Physics2 data
                                                             -----------
DataLinker total stream size                                     0.0 KiB
Placing detail props : 0...1...2...3...4...5...6...7...8...9...10
Compacting texture/material tables...
Reduced 9986 texinfos to 5209
Reduced 746 texdatas to 563 (34192 bytes to 25971)
Writing Z:\mnt\f\stuff\git\l4d2-things\reverse_rda\map\r_c11m2_offices.bsp
10 seconds elapsed

==================================================================
Date: 2026-07-10 16:10:40
Z:\mnt\d\SteamLibrary\steamapps\common\Left 4 Dead 2\bin\vvisplusplus.exe -game Z:\mnt\d\SteamLibrary\steamapps\common\Left 4 Dead 2\left4dead2 Z:\mnt\f\stuff\git\l4d2-things\reverse_rda\map\r_c11m2_offices.vmf
==================================================================
6 threads
reading z:\mnt\f\stuff\git\l4d2-things\reverse_rda\map\r_c11m2_offices.bsp
Detected L4D2 lump format
Max farz in all env_fog_controller entities: 6000 (used for radial vis)
reading z:\mnt\f\stuff\git\l4d2-things\reverse_rda\map\r_c11m2_offices.prt
2027 portalclusters
5090 numportals
0...1...2...3...4...5...6...7...8...9...100...1...2...3...4...5...6...7...8...9...10Optimized: 18675 visible clusters (1.98%)
Total clusters visible: 941814
Average clusters visible: 464
Building PAS...
Average clusters audible: 1464
visdatasize:781274  compressed from 1037824
writing z:\mnt\f\stuff\git\l4d2-things\reverse_rda\map\r_c11m2_offices.bsp
Wrote ZIP buffer, estimated size 6006933, actual size 5915465
1 minute, 37 seconds elapsed



[Reading texlights from 'lights.rad']
[2 texlights parsed from 'lights.rad']

Loading z:\mnt\f\stuff\git\l4d2-things\reverse_rda\map\r_c11m2_offices.bsp
Patch Sample Radius Clamped!
Patch Sample Radius Clamped!
Patch Sample Radius Clamped!
Patch Sample Radius Clamped!
Patch Sample Radius Clamped!
Patch Sample Radius Clamped!
Patch Sample Radius Clamped!
Patch Sample Radius Clamped!
Patch Sample Radius Clamped!
Patch Sample Radius Clamped!
Patch Sample Radius Clamped!
12116 faces
8260815 square feet [1189557376.00 square inches]
131 Displacements
300733 Square Feet [43305636.00 Square Inches]
12116 patches before subdivision
86188 patches after subdivision
117 direct lights
0...1...2...3.. warning - face vectors parallel to face normal. bad lighting will be produced
.4...5...6...7...8...9...100...1...2...3...4...5...6...7...8...9...10transfers 6961084, max 1047
transfer lists:  53.1 megs
0...1...2...3...4...5...6...7...8...9...10	Bounce #1 added RGB(18073, 16316, 12704)
0...1...2...3...4...5...6...7...8...9...10	Bounce #2 added RGB(4267, 4057, 2835)
0...1...2...3...4...5...6...7...8...9...10	Bounce #3 added RGB(1266, 1182, 719)
0...1...2...3...4...5...6...7...8...9...10	Bounce #4 added RGB(459, 414, 221)
0...1...2...3...4...5...6...7...8...9...10	Bounce #5 added RGB(176, 151, 71)
0...1...2...3...4...5...6...7...8...9...10	Bounce #6 added RGB(72, 59, 24)
0...1...2...3...4...5...6...7...8...9...10	Bounce #7 added RGB(30, 24, 9)
0...1...2...3...4...5...6...7...8...9...10	Bounce #8 added RGB(13, 10, 3)
0...1...2...3...4...5...6...7...8...9...10	Bounce #9 added RGB(6, 4, 1)
0...1...2...3...4...5...6...7...8...9...10	Bounce #10 added RGB(3, 2, 0)
0...1...2...3...4...5...6...7...8...9...10	Bounce #11 added RGB(1, 1, 0)
0...1...2...3...4...5...6...7...8...9...10	Bounce #12 added RGB(1, 0, 0)
Build Patch/Sample Hash Table(s).....Done<0.0222 sec>
0...1... warning - face vectors parallel to face normal. bad lighting will be produced
2...3.. warning - face vectors parallel to face normal. bad lighting will be produced
. warning - face vectors parallel to face normal. bad lighting will be produced
SampleRadial: Punting, Waiting for fix
4...5...6...7...8...9...10FinalLightFace Done
0 of 0 (0% of) surface lights went in leaf ambient cubes.
0...1...2...3...4...5...6...7...8...9...10Writing leaf ambient...done
Computing static prop lighting : 00...1...2...3...4...5...6...7...8...9...10
Ready to Finish

Object names       Objects/Maxobjs  Memory / Maxmem  Fullness 
------------       ---------------  ---------------  -------- 
models                 196/1024         9408/49152    (19.1%) 
brushes               4544/8192        54528/98304    (55.5%) 
brushsides           33004/65536      264032/524288   (50.4%) 
planes               20244/65536      404880/1310720  (30.9%) 
vertexes             22902/65536      274824/786432   (34.9%) 
nodes                 6794/65536      217408/2097152  (10.4%) 
texinfos              5209/12288      375048/884736   (42.4%) 
texdata                563/2048        18016/65536    (27.5%) 
dispinfos              131/0           23056/0        ( 0.0%) 
disp_verts            5059/0          101180/0        ( 0.0%) 
disp_tris             7360/0           14720/0        ( 0.0%) 
disp_lmsamples      220814/0          220814/0        ( 0.0%) 
faces                12116/65536      678496/3670016  (18.5%) 
hdr faces            12116/65536      678496/3670016  (18.5%) 
origfaces             8755/65536      490280/3670016  (13.4%) 
leaves                6991/65536      223712/2097152  (10.7%) 
leaffaces            15347/65536       30694/131072   (23.4%) 
leafbrushes          12551/65536       25102/131072   (19.2%) 
areas                   19/256           152/2048     ( 7.4%) 
surfedges            94001/512000     376004/2048000  (18.4%) 
edges                60612/256000     242448/1024000  (23.7%) 
LDR worldlights          0/8192            0/819200   ( 0.0%) 
HDR worldlights        117/8192        11700/819200   ( 1.4%) 
leafwaterdata            0/32768           0/393216   ( 0.0%) 
waterstrips           1394/32768       13940/327680   ( 4.3%) 
waterverts               0/65536           0/786432   ( 0.0%) 
waterindices         27159/65536       54318/131072   (41.4%) 
cubemapsamples          65/1024         1040/16384    ( 6.3%) 
overlays               377/512        132704/180224   (73.6%) 
LDR lightdata         [variable]           0/0        ( 0.0%) 
HDR lightdata         [variable]     4663600/0        ( 0.0%) 
visdata               [variable]      781274/16777216 ( 4.7%) 
entdata               [variable]      782699/393216   (199.1%) VERY FULL!
LDR ambient table     6991/65536       27964/262144   (10.7%) 
HDR ambient table     6991/65536       27964/262144   (10.7%) 
LDR leaf ambient      6991/65536      195748/1835008  (10.7%) 
HDR leaf ambient     27580/65536      772240/1835008  (42.1%) 
occluders                5/0             200/0        ( 0.0%) 
occluder polygons       11/0             132/0        ( 0.0%) 
occluder vert ind       48/0             192/0        ( 0.0%) 
Prop Hull Verts          0/0               0/0        ( 0.0%) 
Prop Hull Blob           0/0               0/0        ( 0.0%) 
Prop Hull Lists          0/0               0/0        ( 0.0%) 
Prop Hulls               0/0               0/0        ( 0.0%) 
Prop Hull trilist        0/0               0/0        ( 0.0%) 
detail props          [variable]           1/12       ( 8.3%) 
static props          [variable]           1/104380   ( 0.0%) 
pakfile               [variable]     7561261/0        ( 0.0%) 
physics               [variable]     1639574/4194304  (39.1%) 
physics terrain       [variable]       15435/1048576  ( 1.5%) 

Level flags = 2

Total triangle count: 34893
Writing z:\mnt\f\stuff\git\l4d2-things\reverse_rda\map\r_c11m2_offices.bsp
5 minutes, 26 seconds elapsed



Using shader api: shaderapiempty.dll
materialPath: Z:\mnt\d\SteamLibrary\steamapps\common\Left 4 Dead 2\left4dead2\materials
Loading Z:\mnt\f\stuff\git\l4d2-things\reverse_rda\map\r_c11m2_offices.vmf
Can't find surfaceprop cloth for material METAL/CUBICLE01, using default
KeyValues Error: RecursiveLoadFromBuffer:  got EOF instead of keyname in file materials/skybox/moonairport.vmt
UnlitGeneric, (*UnlitGeneric_HDR_dx9*), (*Proxies*), (*AnimatedTexture*), 
KeyValues Error: RecursiveLoadFromBuffer:  got EOF instead of keyname in file materials/skybox/moonairport.vmt
UnlitGeneric, (*UnlitGeneric_HDR_dx9*), (*Proxies*), (*AnimatedTexture*), 
fixing up env_cubemap materials on brush sides...
KeyValues Error: RecursiveLoadFromBuffer:  got EOF instead of keyname in file materials/SKYBOX/MOONAIRPORT.vmt
UnlitGeneric, (*UnlitGeneric_HDR_dx9*), (*Proxies*), (*AnimatedTexture*), 
KeyValues Error: RecursiveLoadFromBuffer:  got EOF instead of keyname in file materials/SKYBOX/MOONAIRPORT.vmt
UnlitGeneric, (*UnlitGeneric_HDR_dx9*), (*Proxies*), (*AnimatedTexture*), 
KeyValues Error: RecursiveLoadFromBuffer:  got EOF instead of keyname in file materials/SKYBOX/MOONAIRPORT.vmt
UnlitGeneric, (*UnlitGeneric_HDR_dx9*), (*Proxies*), (*AnimatedTexture*), 
KeyValues Error: RecursiveLoadFromBuffer:  got EOF instead of keyname in file materials/SKYBOX/MOONAIRPORT.vmt
UnlitGeneric, (*UnlitGeneric_HDR_dx9*), (*Proxies*), (*AnimatedTexture*), 
0...1...2...3...4...5...6...7...8...9...100...1...2...3...4...5...6...7...8...9...10Processing areas...done (0)
Building Faces...done (0)
Occluder "" straddles multiple areas. This is invalid!
Occluder "" straddles multiple areas. This is invalid!
Occluder "" straddles multiple areas. This is invalid!
Occluder "" straddles multiple areas. This is invalid!
Occluder "" straddles multiple areas. This is invalid!
Occluder "" straddles multiple areas. This is invalid!
Occluder "" straddles multiple areas. This is invalid!
Occluder "" straddles multiple areas. This is invalid!
Occluder "" straddles multiple areas. This is invalid!
Occluder "" straddles multiple areas. This is invalid!
Occluder "" straddles multiple areas. This is invalid!
Occluder "" straddles multiple areas. This is invalid!
Occluder "" straddles multiple areas. This is invalid!
Occluder "" straddles multiple areas. This is invalid!
Occluder "" straddles multiple areas. This is invalid!
Occluder "" straddles multiple areas. This is invalid!
Occluder "" straddles multiple areas. This is invalid!
Occluder "" straddles multiple areas. This is invalid!
Occluder "" straddles multiple areas. This is invalid!
Occluder "" straddles multiple areas. This is invalid!
Occluder "" straddles multiple areas. This is invalid!
Occluder "" straddles multiple areas. This is invalid!
Occluder "" straddles multiple areas. This is invalid!
Occluder "" straddles multiple areas. This is invalid!
Occluder "" straddles multiple areas. This is invalid!
Occluder "" straddles multiple areas. This is invalid!
Occluder "" straddles multiple areas. This is invalid!
Occluder "" straddles multiple areas. This is invalid!
Occluder "" straddles multiple areas. This is invalid!
Occluder "" straddles multiple areas. This is invalid!
Occluder "" straddles multiple areas. This is invalid!
Occluder "" straddles multiple areas. This is invalid!
Occluder "" straddles multiple areas. This is invalid!
Occluder "" straddles multiple areas. This is invalid!
Occluder "" straddles multiple areas. This is invalid!
Occluder "" straddles multiple areas. This is invalid!
Occluder "" straddles multiple areas. This is invalid!
Occluder "" straddles multiple areas. This is invalid!
Occluder "" straddles multiple areas. This is invalid!
Occluder "" straddles multiple areas. This is invalid!
Occluder "" straddles multiple areas. This is invalid!
Occluder "" straddles multiple areas. This is invalid!
Occluder "" straddles multiple areas. This is invalid!
Chop Details...done (0)
Find Visible Detail Sides...
Merged 1252 detail faces...done (0)
Merging details...done (0)
FixTjuncs...
PruneNodes...
WriteBSP...
done (1)
writing Z:\mnt\f\stuff\git\l4d2-things\reverse_rda\map\r_c11m2_offices.prt...Building visibility clusters...
done (0)
Finding displacement neighbors...
Finding lightmap sample positions...
Displacement Alpha : 0...1...2...3...4...5...6...7...8...9...10
Building Physics collision data...
done (1) (1639566 bytes)
Cannot build Physics2 data
                                                             -----------
DataLinker total stream size                                     0.0 KiB
Error Vertex File models/deadbodies/cemetary/pose_b.vvd checksum 704861773 should be 385714732



[Reading texlights from 'lights.rad']
[2 texlights parsed from 'lights.rad']

Loading z:\mnt\f\stuff\git\l4d2-things\reverse_rda\map\r_c11m2_offices.bsp
Error opening z:\mnt\f\stuff\git\l4d2-things\reverse_rda\map\r_c11m2_offices.bsp


Using shader api: shaderapiempty.dll
materialPath: Z:\mnt\d\SteamLibrary\steamapps\common\Left 4 Dead 2\left4dead2\materials
Loading Z:\mnt\f\stuff\git\l4d2-things\reverse_rda\map\r_c11m2_offices.vmf
Can't find surfaceprop cloth for material METAL/CUBICLE01, using default
KeyValues Error: RecursiveLoadFromBuffer:  got EOF instead of keyname in file materials/skybox/moonairport.vmt
UnlitGeneric, (*UnlitGeneric_HDR_dx9*), (*Proxies*), (*AnimatedTexture*), 
KeyValues Error: RecursiveLoadFromBuffer:  got EOF instead of keyname in file materials/skybox/moonairport.vmt
UnlitGeneric, (*UnlitGeneric_HDR_dx9*), (*Proxies*), (*AnimatedTexture*), 
fixing up env_cubemap materials on brush sides...
KeyValues Error: RecursiveLoadFromBuffer:  got EOF instead of keyname in file materials/SKYBOX/MOONAIRPORT.vmt
UnlitGeneric, (*UnlitGeneric_HDR_dx9*), (*Proxies*), (*AnimatedTexture*), 
KeyValues Error: RecursiveLoadFromBuffer:  got EOF instead of keyname in file materials/SKYBOX/MOONAIRPORT.vmt
UnlitGeneric, (*UnlitGeneric_HDR_dx9*), (*Proxies*), (*AnimatedTexture*), 
KeyValues Error: RecursiveLoadFromBuffer:  got EOF instead of keyname in file materials/SKYBOX/MOONAIRPORT.vmt
UnlitGeneric, (*UnlitGeneric_HDR_dx9*), (*Proxies*), (*AnimatedTexture*), 
KeyValues Error: RecursiveLoadFromBuffer:  got EOF instead of keyname in file materials/SKYBOX/MOONAIRPORT.vmt
UnlitGeneric, (*UnlitGeneric_HDR_dx9*), (*Proxies*), (*AnimatedTexture*), 
0...1...2...3...4...5...6...7...8...9...100...1...2...3...4...5...6...7...8...9...10Processing areas...done (0)
Building Faces...done (0)
Occluder "" straddles multiple areas. This is invalid!
Occluder "" straddles multiple areas. This is invalid!
Occluder "" straddles multiple areas. This is invalid!
Occluder "" straddles multiple areas. This is invalid!
Occluder "" straddles multiple areas. This is invalid!
Occluder "" straddles multiple areas. This is invalid!
Occluder "" straddles multiple areas. This is invalid!
Occluder "" straddles multiple areas. This is invalid!
Occluder "" straddles multiple areas. This is invalid!
Occluder "" straddles multiple areas. This is invalid!
Occluder "" straddles multiple areas. This is invalid!
Occluder "" straddles multiple areas. This is invalid!
Occluder "" straddles multiple areas. This is invalid!
Occluder "" straddles multiple areas. This is invalid!
Occluder "" straddles multiple areas. This is invalid!
Occluder "" straddles multiple areas. This is invalid!
Occluder "" straddles multiple areas. This is invalid!
Occluder "" straddles multiple areas. This is invalid!
Occluder "" straddles multiple areas. This is invalid!
Occluder "" straddles multiple areas. This is invalid!
Occluder "" straddles multiple areas. This is invalid!
Occluder "" straddles multiple areas. This is invalid!
Occluder "" straddles multiple areas. This is invalid!
Occluder "" straddles multiple areas. This is invalid!
Occluder "" straddles multiple areas. This is invalid!
Occluder "" straddles multiple areas. This is invalid!
Occluder "" straddles multiple areas. This is invalid!
Occluder "" straddles multiple areas. This is invalid!
Occluder "" straddles multiple areas. This is invalid!
Occluder "" straddles multiple areas. This is invalid!
Occluder "" straddles multiple areas. This is invalid!
Occluder "" straddles multiple areas. This is invalid!
Occluder "" straddles multiple areas. This is invalid!
Occluder "" straddles multiple areas. This is invalid!
Occluder "" straddles multiple areas. This is invalid!
Occluder "" straddles multiple areas. This is invalid!
Occluder "" straddles multiple areas. This is invalid!
Occluder "" straddles multiple areas. This is invalid!
Occluder "" straddles multiple areas. This is invalid!
Occluder "" straddles multiple areas. This is invalid!
Occluder "" straddles multiple areas. This is invalid!
Occluder "" straddles multiple areas. This is invalid!
Occluder "" straddles multiple areas. This is invalid!
Chop Details...done (0)
Find Visible Detail Sides...
Merged 1252 detail faces...done (0)
Merging details...done (0)
FixTjuncs...
PruneNodes...
WriteBSP...
done (1)
writing Z:\mnt\f\stuff\git\l4d2-things\reverse_rda\map\r_c11m2_offices.prt...Building visibility clusters...
done (0)
Finding displacement neighbors...
Finding lightmap sample positions...
Displacement Alpha : 0...1...2...3...4...5...6...7...8...9...10
Building Physics collision data...
done (1) (1639566 bytes)
Cannot build Physics2 data
                                                             -----------
DataLinker total stream size                                     0.0 KiB
Error Vertex File models/deadbodies/cemetary/pose_b.vvd checksum 704861773 should be 385714732



[Reading texlights from 'lights.rad']
[2 texlights parsed from 'lights.rad']

Loading z:\mnt\f\stuff\git\l4d2-things\reverse_rda\map\r_c11m2_offices.bsp
Error opening z:\mnt\f\stuff\git\l4d2-things\reverse_rda\map\r_c11m2_offices.bsp


Using shader api: shaderapiempty.dll
materialPath: Z:\mnt\d\SteamLibrary\steamapps\common\Left 4 Dead 2\left4dead2\materials
Loading Z:\mnt\f\stuff\git\l4d2-things\reverse_rda\map\r_c11m2_offices.vmf
Can't find surfaceprop cloth for material METAL/CUBICLE01, using default
KeyValues Error: RecursiveLoadFromBuffer:  got EOF instead of keyname in file materials/skybox/moonairport.vmt
UnlitGeneric, (*UnlitGeneric_HDR_dx9*), (*Proxies*), (*AnimatedTexture*), 
KeyValues Error: RecursiveLoadFromBuffer:  got EOF instead of keyname in file materials/skybox/moonairport.vmt
UnlitGeneric, (*UnlitGeneric_HDR_dx9*), (*Proxies*), (*AnimatedTexture*), 
fixing up env_cubemap materials on brush sides...
KeyValues Error: RecursiveLoadFromBuffer:  got EOF instead of keyname in file materials/SKYBOX/MOONAIRPORT.vmt
UnlitGeneric, (*UnlitGeneric_HDR_dx9*), (*Proxies*), (*AnimatedTexture*), 
KeyValues Error: RecursiveLoadFromBuffer:  got EOF instead of keyname in file materials/SKYBOX/MOONAIRPORT.vmt
UnlitGeneric, (*UnlitGeneric_HDR_dx9*), (*Proxies*), (*AnimatedTexture*), 
KeyValues Error: RecursiveLoadFromBuffer:  got EOF instead of keyname in file materials/SKYBOX/MOONAIRPORT.vmt
UnlitGeneric, (*UnlitGeneric_HDR_dx9*), (*Proxies*), (*AnimatedTexture*), 
KeyValues Error: RecursiveLoadFromBuffer:  got EOF instead of keyname in file materials/SKYBOX/MOONAIRPORT.vmt
UnlitGeneric, (*UnlitGeneric_HDR_dx9*), (*Proxies*), (*AnimatedTexture*), 
0...1...2...3...4...5...6...7...8...9...100...1...2...3...4...5...6...7...8...9...10Processing areas...done (0)
Building Faces...done (0)
Occluder "" straddles multiple areas. This is invalid!
Occluder "" straddles multiple areas. This is invalid!
Occluder "" straddles multiple areas. This is invalid!
Occluder "" straddles multiple areas. This is invalid!
Occluder "" straddles multiple areas. This is invalid!
Occluder "" straddles multiple areas. This is invalid!
Occluder "" straddles multiple areas. This is invalid!
Occluder "" straddles multiple areas. This is invalid!
Occluder "" straddles multiple areas. This is invalid!
Occluder "" straddles multiple areas. This is invalid!
Occluder "" straddles multiple areas. This is invalid!
Occluder "" straddles multiple areas. This is invalid!
Occluder "" straddles multiple areas. This is invalid!
Occluder "" straddles multiple areas. This is invalid!
Occluder "" straddles multiple areas. This is invalid!
Occluder "" straddles multiple areas. This is invalid!
Occluder "" straddles multiple areas. This is invalid!
Occluder "" straddles multiple areas. This is invalid!
Occluder "" straddles multiple areas. This is invalid!
Occluder "" straddles multiple areas. This is invalid!
Occluder "" straddles multiple areas. This is invalid!
Occluder "" straddles multiple areas. This is invalid!
Occluder "" straddles multiple areas. This is invalid!
Occluder "" straddles multiple areas. This is invalid!
Occluder "" straddles multiple areas. This is invalid!
Occluder "" straddles multiple areas. This is invalid!
Occluder "" straddles multiple areas. This is invalid!
Occluder "" straddles multiple areas. This is invalid!
Occluder "" straddles multiple areas. This is invalid!
Occluder "" straddles multiple areas. This is invalid!
Occluder "" straddles multiple areas. This is invalid!
Occluder "" straddles multiple areas. This is invalid!
Occluder "" straddles multiple areas. This is invalid!
Occluder "" straddles multiple areas. This is invalid!
Occluder "" straddles multiple areas. This is invalid!
Occluder "" straddles multiple areas. This is invalid!
Occluder "" straddles multiple areas. This is invalid!
Occluder "" straddles multiple areas. This is invalid!
Occluder "" straddles multiple areas. This is invalid!
Occluder "" straddles multiple areas. This is invalid!
Occluder "" straddles multiple areas. This is invalid!
Occluder "" straddles multiple areas. This is invalid!
Occluder "" straddles multiple areas. This is invalid!
Chop Details...done (0)
Find Visible Detail Sides...
Merged 1252 detail faces...done (0)
Merging details...done (0)
FixTjuncs...
PruneNodes...
WriteBSP...
done (1)
writing Z:\mnt\f\stuff\git\l4d2-things\reverse_rda\map\r_c11m2_offices.prt...Building visibility clusters...
done (0)
Finding displacement neighbors...
Finding lightmap sample positions...
Displacement Alpha : 0...1...2...3...4...5...6...7...8...9...10
Building Physics collision data...
done (1) (1639566 bytes)
Cannot build Physics2 data
                                                             -----------
DataLinker total stream size                                     0.0 KiB
Error Vertex File models/deadbodies/cemetary/pose_b.vvd checksum 704861773 should be 385714732



[Reading texlights from 'lights.rad']
[2 texlights parsed from 'lights.rad']

Loading z:\mnt\f\stuff\git\l4d2-things\reverse_rda\map\r_c11m2_offices.bsp
Error opening z:\mnt\f\stuff\git\l4d2-things\reverse_rda\map\r_c11m2_offices.bsp


Using shader api: shaderapiempty.dll
materialPath: Z:\mnt\d\SteamLibrary\steamapps\common\Left 4 Dead 2\left4dead2\materials
Loading Z:\mnt\f\stuff\git\l4d2-things\reverse_rda\map\r_c11m2_offices.vmf
Can't find surfaceprop cloth for material METAL/CUBICLE01, using default
fixing up env_cubemap materials on brush sides...
0...1...2...3...4...5...6...7...8...9...100...1...2...3...4...5...6...7...8...9...10Processing areas...done (0)
Building Faces...done (0)
Occluder "" straddles multiple areas. This is invalid!
Occluder "" straddles multiple areas. This is invalid!
Occluder "" straddles multiple areas. This is invalid!
Occluder "" straddles multiple areas. This is invalid!
Occluder "" straddles multiple areas. This is invalid!
Occluder "" straddles multiple areas. This is invalid!
Occluder "" straddles multiple areas. This is invalid!
Occluder "" straddles multiple areas. This is invalid!
Occluder "" straddles multiple areas. This is invalid!
Occluder "" straddles multiple areas. This is invalid!
Occluder "" straddles multiple areas. This is invalid!
Occluder "" straddles multiple areas. This is invalid!
Occluder "" straddles multiple areas. This is invalid!
Occluder "" straddles multiple areas. This is invalid!
Occluder "" straddles multiple areas. This is invalid!
Occluder "" straddles multiple areas. This is invalid!
Occluder "" straddles multiple areas. This is invalid!
Occluder "" straddles multiple areas. This is invalid!
Occluder "" straddles multiple areas. This is invalid!
Occluder "" straddles multiple areas. This is invalid!
Occluder "" straddles multiple areas. This is invalid!
Occluder "" straddles multiple areas. This is invalid!
Occluder "" straddles multiple areas. This is invalid!
Occluder "" straddles multiple areas. This is invalid!
Occluder "" straddles multiple areas. This is invalid!
Occluder "" straddles multiple areas. This is invalid!
Occluder "" straddles multiple areas. This is invalid!
Occluder "" straddles multiple areas. This is invalid!
Occluder "" straddles multiple areas. This is invalid!
Occluder "" straddles multiple areas. This is invalid!
Occluder "" straddles multiple areas. This is invalid!
Occluder "" straddles multiple areas. This is invalid!
Occluder "" straddles multiple areas. This is invalid!
Occluder "" straddles multiple areas. This is invalid!
Occluder "" straddles multiple areas. This is invalid!
Occluder "" straddles multiple areas. This is invalid!
Occluder "" straddles multiple areas. This is invalid!
Occluder "" straddles multiple areas. This is invalid!
Occluder "" straddles multiple areas. This is invalid!
Occluder "" straddles multiple areas. This is invalid!
Occluder "" straddles multiple areas. This is invalid!
Occluder "" straddles multiple areas. This is invalid!
Occluder "" straddles multiple areas. This is invalid!
Chop Details...done (0)
Find Visible Detail Sides...
Merged 1252 detail faces...done (0)
Merging details...done (0)
FixTjuncs...
PruneNodes...
WriteBSP...
done (1)
writing Z:\mnt\f\stuff\git\l4d2-things\reverse_rda\map\r_c11m2_offices.prt...Building visibility clusters...
done (0)
Finding displacement neighbors...
Finding lightmap sample positions...
Displacement Alpha : 0...1...2...3...4...5...6...7...8...9...10
Building Physics collision data...
done (1) (1639574 bytes)
Cannot build Physics2 data
                                                             -----------
DataLinker total stream size                                     0.0 KiB
Placing detail props : 0...1...2...3...4...5...6...7...8...9...10
Compacting texture/material tables...
Reduced 9986 texinfos to 5209
Reduced 746 texdatas to 563 (34192 bytes to 25971)
Writing Z:\mnt\f\stuff\git\l4d2-things\reverse_rda\map\r_c11m2_offices.bsp
10 seconds elapsed

==================================================================
Date: 2026-08-16 15:20:42
Z:\mnt\d\SteamLibrary\steamapps\common\Left 4 Dead 2\bin\vvisplusplus.exe -game Z:\mnt\d\SteamLibrary\steamapps\common\Left 4 Dead 2\left4dead2 Z:\mnt\f\stuff\git\l4d2-things\reverse_rda\map\r_c11m2_offices.vmf
==================================================================
6 threads
reading z:\mnt\f\stuff\git\l4d2-things\reverse_rda\map\r_c11m2_offices.bsp
Detected L4D2 lump format
Max farz in all env_fog_controller entities: 6000 (used for radial vis)
reading z:\mnt\f\stuff\git\l4d2-things\reverse_rda\map\r_c11m2_offices.prt
2027 portalclusters
5090 numportals
0...1...2...3...4...5...6...7...8...9...100...1...2...3...4...5...6...7...8...9...10Optimized: 18709 visible clusters (1.99%)
Total clusters visible: 941846
Average clusters visible: 464
Building PAS...
Average clusters audible: 1464
visdatasize:781275  compressed from 1037824
writing z:\mnt\f\stuff\git\l4d2-things\reverse_rda\map\r_c11m2_offices.bsp
Wrote ZIP buffer, estimated size 6006933, actual size 5915465
1 minute, 30 seconds elapsed



[Reading texlights from 'lights.rad']
[2 texlights parsed from 'lights.rad']

Loading z:\mnt\f\stuff\git\l4d2-things\reverse_rda\map\r_c11m2_offices.bsp
Patch Sample Radius Clamped!
Patch Sample Radius Clamped!
Patch Sample Radius Clamped!
Patch Sample Radius Clamped!
Patch Sample Radius Clamped!
Patch Sample Radius Clamped!
Patch Sample Radius Clamped!
Patch Sample Radius Clamped!
Patch Sample Radius Clamped!
Patch Sample Radius Clamped!
Patch Sample Radius Clamped!
12116 faces
8260815 square feet [1189557376.00 square inches]
131 Displacements
300733 Square Feet [43305636.00 Square Inches]
12116 patches before subdivision
86188 patches after subdivision
117 direct lights
0...1...2...3.. warning - face vectors parallel to face normal. bad lighting will be produced
.4...5...6...7...8...9...100...1...2...3...4...5...6...7...8...9...10transfers 6961084, max 1047
transfer lists:  53.1 megs
0...1...2...3...4...5...6...7...8...9...10	Bounce #1 added RGB(18074, 16317, 12706)
0...1...2...3...4...5...6...7...8...9...10	Bounce #2 added RGB(4267, 4057, 2835)
0...1...2...3...4...5...6...7...8...9...10	Bounce #3 added RGB(1266, 1182, 719)
0...1...2...3...4...5...6...7...8...9...10	Bounce #4 added RGB(459, 414, 221)
0...1...2...3...4...5...6...7...8...9...10	Bounce #5 added RGB(176, 151, 71)
0...1...2...3...4...5...6...7...8...9...10	Bounce #6 added RGB(72, 59, 24)
0...1...2...3...4...5...6...7...8...9...10	Bounce #7 added RGB(30, 24, 9)
0...1...2...3...4...5...6...7...8...9...10	Bounce #8 added RGB(13, 10, 3)
0...1...2...3...4...5...6...7...8...9...10	Bounce #9 added RGB(6, 4, 1)
0...1...2...3...4...5...6...7...8...9...10	Bounce #10 added RGB(3, 2, 0)
0...1...2...3...4...5...6...7...8...9...10	Bounce #11 added RGB(1, 1, 0)
0...1...2...3...4...5...6...7...8...9...10	Bounce #12 added RGB(1, 0, 0)
Build Patch/Sample Hash Table(s).....Done<0.0211 sec>
0...1... warning - face vectors parallel to face normal. bad lighting will be produced
2...3.. warning - face vectors parallel to face normal. bad lighting will be produced
. warning - face vectors parallel to face normal. bad lighting will be produced
SampleRadial: Punting, Waiting for fix
4...5...6...7...8...9...10FinalLightFace Done
0 of 0 (0% of) surface lights went in leaf ambient cubes.
0...1...2...3...4...5...6...7...8...9...10Writing leaf ambient...done
Computing static prop lighting : 00...1...2...3...4...5...6...7...8...9...10
Ready to Finish

Object names       Objects/Maxobjs  Memory / Maxmem  Fullness 
------------       ---------------  ---------------  -------- 
models                 196/1024         9408/49152    (19.1%) 
brushes               4544/8192        54528/98304    (55.5%) 
brushsides           33004/65536      264032/524288   (50.4%) 
planes               20244/65536      404880/1310720  (30.9%) 
vertexes             22902/65536      274824/786432   (34.9%) 
nodes                 6794/65536      217408/2097152  (10.4%) 
texinfos              5209/12288      375048/884736   (42.4%) 
texdata                563/2048        18016/65536    (27.5%) 
dispinfos              131/0           23056/0        ( 0.0%) 
disp_verts            5059/0          101180/0        ( 0.0%) 
disp_tris             7360/0           14720/0        ( 0.0%) 
disp_lmsamples      220814/0          220814/0        ( 0.0%) 
faces                12116/65536      678496/3670016  (18.5%) 
hdr faces            12116/65536      678496/3670016  (18.5%) 
origfaces             8755/65536      490280/3670016  (13.4%) 
leaves                6991/65536      223712/2097152  (10.7%) 
leaffaces            15347/65536       30694/131072   (23.4%) 
leafbrushes          12551/65536       25102/131072   (19.2%) 
areas                   19/256           152/2048     ( 7.4%) 
surfedges            94001/512000     376004/2048000  (18.4%) 
edges                60612/256000     242448/1024000  (23.7%) 
LDR worldlights          0/8192            0/819200   ( 0.0%) 
HDR worldlights        117/8192        11700/819200   ( 1.4%) 
leafwaterdata            0/32768           0/393216   ( 0.0%) 
waterstrips           1394/32768       13940/327680   ( 4.3%) 
waterverts               0/65536           0/786432   ( 0.0%) 
waterindices         27159/65536       54318/131072   (41.4%) 
cubemapsamples          65/1024         1040/16384    ( 6.3%) 
overlays               377/512        132704/180224   (73.6%) 
LDR lightdata         [variable]           0/0        ( 0.0%) 
HDR lightdata         [variable]     4663600/0        ( 0.0%) 
visdata               [variable]      781275/16777216 ( 4.7%) 
entdata               [variable]      782699/393216   (199.1%) VERY FULL!
LDR ambient table     6991/65536       27964/262144   (10.7%) 
HDR ambient table     6991/65536       27964/262144   (10.7%) 
LDR leaf ambient      6991/65536      195748/1835008  (10.7%) 
HDR leaf ambient     27588/65536      772464/1835008  (42.1%) 
occluders                5/0             200/0        ( 0.0%) 
occluder polygons       11/0             132/0        ( 0.0%) 
occluder vert ind       48/0             192/0        ( 0.0%) 
Prop Hull Verts          0/0               0/0        ( 0.0%) 
Prop Hull Blob           0/0               0/0        ( 0.0%) 
Prop Hull Lists          0/0               0/0        ( 0.0%) 
Prop Hulls               0/0               0/0        ( 0.0%) 
Prop Hull trilist        0/0               0/0        ( 0.0%) 
detail props          [variable]           1/12       ( 8.3%) 
static props          [variable]           1/104380   ( 0.0%) 
pakfile               [variable]     7561261/0        ( 0.0%) 
physics               [variable]     1639574/4194304  (39.1%) 
physics terrain       [variable]       15435/1048576  ( 1.5%) 

Level flags = 2

Total triangle count: 34893
Writing z:\mnt\f\stuff\git\l4d2-things\reverse_rda\map\r_c11m2_offices.bsp
1 minute, 10 seconds elapsed



Using shader api: shaderapiempty.dll
materialPath: Z:\mnt\d\SteamLibrary\steamapps\common\Left 4 Dead 2\left4dead2\materials
Loading Z:\mnt\f\stuff\git\l4d2-things\reverse_rda\map\r_c11m2_offices.vmf
Can't find surfaceprop cloth for material METAL/CUBICLE01, using default
fixing up env_cubemap materials on brush sides...
0...1...2...3...4...5...6...7...8...9...100...1...2...3...4...5...6...7...8...9...10Processing areas...done (0)
Building Faces...done (0)
Occluder "" straddles multiple areas. This is invalid!
Occluder "" straddles multiple areas. This is invalid!
Occluder "" straddles multiple areas. This is invalid!
Occluder "" straddles multiple areas. This is invalid!
Occluder "" straddles multiple areas. This is invalid!
Occluder "" straddles multiple areas. This is invalid!
Occluder "" straddles multiple areas. This is invalid!
Occluder "" straddles multiple areas. This is invalid!
Occluder "" straddles multiple areas. This is invalid!
Occluder "" straddles multiple areas. This is invalid!
Occluder "" straddles multiple areas. This is invalid!
Occluder "" straddles multiple areas. This is invalid!
Occluder "" straddles multiple areas. This is invalid!
Occluder "" straddles multiple areas. This is invalid!
Occluder "" straddles multiple areas. This is invalid!
Occluder "" straddles multiple areas. This is invalid!
Occluder "" straddles multiple areas. This is invalid!
Occluder "" straddles multiple areas. This is invalid!
Occluder "" straddles multiple areas. This is invalid!
Occluder "" straddles multiple areas. This is invalid!
Occluder "" straddles multiple areas. This is invalid!
Occluder "" straddles multiple areas. This is invalid!
Occluder "" straddles multiple areas. This is invalid!
Occluder "" straddles multiple areas. This is invalid!
Occluder "" straddles multiple areas. This is invalid!
Occluder "" straddles multiple areas. This is invalid!
Occluder "" straddles multiple areas. This is invalid!
Occluder "" straddles multiple areas. This is invalid!
Occluder "" straddles multiple areas. This is invalid!
Occluder "" straddles multiple areas. This is invalid!
Occluder "" straddles multiple areas. This is invalid!
Occluder "" straddles multiple areas. This is invalid!
Occluder "" straddles multiple areas. This is invalid!
Occluder "" straddles multiple areas. This is invalid!
Occluder "" straddles multiple areas. This is invalid!
Occluder "" straddles multiple areas. This is invalid!
Occluder "" straddles multiple areas. This is invalid!
Occluder "" straddles multiple areas. This is invalid!
Occluder "" straddles multiple areas. This is invalid!
Occluder "" straddles multiple areas. This is invalid!
Occluder "" straddles multiple areas. This is invalid!
Occluder "" straddles multiple areas. This is invalid!
Occluder "" straddles multiple areas. This is invalid!
Chop Details...done (1)
Find Visible Detail Sides...
Merged 1252 detail faces...done (1)
Merging details...done (0)
FixTjuncs...
PruneNodes...
WriteBSP...
done (0)
writing Z:\mnt\f\stuff\git\l4d2-things\reverse_rda\map\r_c11m2_offices.prt...Building visibility clusters...
done (0)
Finding displacement neighbors...
Finding lightmap sample positions...
Displacement Alpha : 0...1...2...3...4...5...6...7...8...9...10
Building Physics collision data...
done (1) (1639574 bytes)
Cannot build Physics2 data
                                                             -----------
DataLinker total stream size                                     0.0 KiB
Placing detail props : 0...1...2...3...4...5...6...7...8...9...10
Compacting texture/material tables...
Reduced 9986 texinfos to 5209
Reduced 746 texdatas to 563 (34192 bytes to 25971)
Writing Z:\mnt\f\stuff\git\l4d2-things\reverse_rda\map\r_c11m2_offices.bsp
10 seconds elapsed

==================================================================
Date: 2026-08-16 19:20:43
Z:\mnt\d\SteamLibrary\steamapps\common\Left 4 Dead 2\bin\vvisplusplus.exe -game Z:\mnt\d\SteamLibrary\steamapps\common\Left 4 Dead 2\left4dead2 Z:\mnt\f\stuff\git\l4d2-things\reverse_rda\map\r_c11m2_offices.vmf
==================================================================
6 threads
reading z:\mnt\f\stuff\git\l4d2-things\reverse_rda\map\r_c11m2_offices.bsp
Detected L4D2 lump format
Max farz in all env_fog_controller entities: 6000 (used for radial vis)
reading z:\mnt\f\stuff\git\l4d2-things\reverse_rda\map\r_c11m2_offices.prt
2027 portalclusters
5090 numportals
0...1...2...3...4...5...6...7...8...9...100...1...2...3...4...5...6...7...8...9...10Optimized: 18704 visible clusters (1.99%)
Total clusters visible: 941845
Average clusters visible: 464
Building PAS...
Average clusters audible: 1464
visdatasize:781272  compressed from 1037824
writing z:\mnt\f\stuff\git\l4d2-things\reverse_rda\map\r_c11m2_offices.bsp
Wrote ZIP buffer, estimated size 6006933, actual size 5915465
1 minute, 15 seconds elapsed



[Reading texlights from 'lights.rad']
[2 texlights parsed from 'lights.rad']

Loading z:\mnt\f\stuff\git\l4d2-things\reverse_rda\map\r_c11m2_offices.bsp
Patch Sample Radius Clamped!
Patch Sample Radius Clamped!
Patch Sample Radius Clamped!
Patch Sample Radius Clamped!
Patch Sample Radius Clamped!
Patch Sample Radius Clamped!
Patch Sample Radius Clamped!
Patch Sample Radius Clamped!
Patch Sample Radius Clamped!
Patch Sample Radius Clamped!
Patch Sample Radius Clamped!
12116 faces
8260815 square feet [1189557376.00 square inches]
131 Displacements
300733 Square Feet [43305636.00 Square Inches]
12116 patches before subdivision
86188 patches after subdivision
117 direct lights
0...1...2...3.. warning - face vectors parallel to face normal. bad lighting will be produced
.4...5...6...7...8...9...100...1...2...3...4...5...6...7...8...9...10transfers 6961084, max 1047
transfer lists:  53.1 megs
0...1...2...3...4...5...6...7...8...9...10	Bounce #1 added RGB(18073, 16316, 12704)
0...1...2...3...4...5...6...7...8...9...10	Bounce #2 added RGB(4267, 4057, 2835)
0...1...2...3...4...5...6...7...8...9...10	Bounce #3 added RGB(1266, 1182, 719)
0...1...2...3...4...5...6...7...8...9...10	Bounce #4 added RGB(459, 414, 221)
0...1...2...3...4...5...6...7...8...9...10	Bounce #5 added RGB(176, 151, 71)
0...1...2...3...4...5...6...7...8...9...10	Bounce #6 added RGB(72, 59, 24)
0...1...2...3...4...5...6...7...8...9...10	Bounce #7 added RGB(30, 24, 9)
0...1...2...3...4...5...6...7...8...9...10	Bounce #8 added RGB(13, 10, 3)
0...1...2...3...4...5...6...7...8...9...10	Bounce #9 added RGB(6, 4, 1)
0...1...2...3...4...5...6...7...8...9...10	Bounce #10 added RGB(3, 2, 0)
0...1...2...3...4...5...6...7...8...9...10	Bounce #11 added RGB(1, 1, 0)
0...1...2...3...4...5...6...7...8...9...10	Bounce #12 added RGB(1, 0, 0)
Build Patch/Sample Hash Table(s).....Done<0.0210 sec>
0...1... warning - face vectors parallel to face normal. bad lighting will be produced
2...3.. warning - face vectors parallel to face normal. bad lighting will be produced
. warning - face vectors parallel to face normal. bad lighting will be produced
SampleRadial: Punting, Waiting for fix
4...5...6...7...8...9...10FinalLightFace Done
0 of 0 (0% of) surface lights went in leaf ambient cubes.
0...1...2...3...4...5...6...7...8...9...10Writing leaf ambient...done
Computing static prop lighting : 00...1...2...3...4...5...6...7...8...9...10
Ready to Finish

Object names       Objects/Maxobjs  Memory / Maxmem  Fullness 
------------       ---------------  ---------------  -------- 
models                 196/1024         9408/49152    (19.1%) 
brushes               4544/8192        54528/98304    (55.5%) 
brushsides           33004/65536      264032/524288   (50.4%) 
planes               20244/65536      404880/1310720  (30.9%) 
vertexes             22902/65536      274824/786432   (34.9%) 
nodes                 6794/65536      217408/2097152  (10.4%) 
texinfos              5209/12288      375048/884736   (42.4%) 
texdata                563/2048        18016/65536    (27.5%) 
dispinfos              131/0           23056/0        ( 0.0%) 
disp_verts            5059/0          101180/0        ( 0.0%) 
disp_tris             7360/0           14720/0        ( 0.0%) 
disp_lmsamples      220814/0          220814/0        ( 0.0%) 
faces                12116/65536      678496/3670016  (18.5%) 
hdr faces            12116/65536      678496/3670016  (18.5%) 
origfaces             8755/65536      490280/3670016  (13.4%) 
leaves                6991/65536      223712/2097152  (10.7%) 
leaffaces            15347/65536       30694/131072   (23.4%) 
leafbrushes          12551/65536       25102/131072   (19.2%) 
areas                   19/256           152/2048     ( 7.4%) 
surfedges            94001/512000     376004/2048000  (18.4%) 
edges                60612/256000     242448/1024000  (23.7%) 
LDR worldlights          0/8192            0/819200   ( 0.0%) 
HDR worldlights        117/8192        11700/819200   ( 1.4%) 
leafwaterdata            0/32768           0/393216   ( 0.0%) 
waterstrips           1394/32768       13940/327680   ( 4.3%) 
waterverts               0/65536           0/786432   ( 0.0%) 
waterindices         27159/65536       54318/131072   (41.4%) 
cubemapsamples          65/1024         1040/16384    ( 6.3%) 
overlays               377/512        132704/180224   (73.6%) 
LDR lightdata         [variable]           0/0        ( 0.0%) 
HDR lightdata         [variable]     4663600/0        ( 0.0%) 
visdata               [variable]      781272/16777216 ( 4.7%) 
entdata               [variable]      782699/393216   (199.1%) VERY FULL!
LDR ambient table     6991/65536       27964/262144   (10.7%) 
HDR ambient table     6991/65536       27964/262144   (10.7%) 
LDR leaf ambient      6991/65536      195748/1835008  (10.7%) 
HDR leaf ambient     27580/65536      772240/1835008  (42.1%) 
occluders                5/0             200/0        ( 0.0%) 
occluder polygons       11/0             132/0        ( 0.0%) 
occluder vert ind       48/0             192/0        ( 0.0%) 
Prop Hull Verts          0/0               0/0        ( 0.0%) 
Prop Hull Blob           0/0               0/0        ( 0.0%) 
Prop Hull Lists          0/0               0/0        ( 0.0%) 
Prop Hulls               0/0               0/0        ( 0.0%) 
Prop Hull trilist        0/0               0/0        ( 0.0%) 
detail props          [variable]           1/12       ( 8.3%) 
static props          [variable]           1/104380   ( 0.0%) 
pakfile               [variable]     7561261/0        ( 0.0%) 
physics               [variable]     1639574/4194304  (39.1%) 
physics terrain       [variable]       15435/1048576  ( 1.5%) 

Level flags = 2

Total triangle count: 34893
Writing z:\mnt\f\stuff\git\l4d2-things\reverse_rda\map\r_c11m2_offices.bsp
4 minutes, 31 seconds elapsed
