PRT1
1317
2722
4 1 5 (12288 7168 -192 ) (12288 7168 56 ) (11792 7168 56 ) (11792 7168 -192 ) 
4 2 8 (11264 7168 -192 ) (11264 7168 56 ) (11264 7320 56 ) (11264 7320 -192 ) 
4 2 6 (11440 7168 56 ) (11264 7168 56 ) (11264 7168 -192 ) (11440 7168 -192 ) 
4 3 11 (11264 7032 1440 ) (11264 7032 568 ) (11264 7016 568 ) (11264 7016 1440 ) 
4 3 4 (12288 7016 568 ) (12288 7016 1440 ) (11264 7016 1440 ) (11264 7016 568 ) 
4 4 60 (12288 6144 152 ) (12288 6144 1440 ) (11264 6144 1440 ) (11264 6144 152 ) 
4 4 12 (11264 6144 152 ) (11264 6144 568 ) (11264 7016 568 ) (11264 7016 152 ) 
4 4 11 (11264 6144 568 ) (11264 6144 1440 ) (11264 7016 1440 ) (11264 7016 568 ) 
4 4 7 (12288 7016 152 ) (12288 6144 152 ) (11264 6144 152 ) (11264 7016 152 ) 
4 5 7 (11792 7016 -192 ) (12288 7016 -192 ) (12288 7016 56 ) (11792 7016 56 ) 
4 6 13 (11264 7168 56 ) (11264 7168 -192 ) (11264 7016 -192 ) (11264 7016 56 ) 
4 6 7 (11264 7016 -192 ) (11440 7016 -192 ) (11440 7016 56 ) (11264 7016 56 ) 
4 7 61 (12288 6144 -192 ) (12288 6144 152 ) (11264 6144 152 ) (11264 6144 -192 ) 
4 7 14 (11264 6144 -192 ) (11264 6144 152 ) (11264 7016 152 ) (11264 7016 -192 ) 
4 8 13 (11264 7168 -192 ) (11264 7168 56 ) (10240 7168 56 ) (10240 7168 -192 ) 
4 8 9 (10240 7168 -192 ) (10240 7168 56 ) (10240 7320 56 ) (10240 7320 -192 ) 
4 9 17 (10032 7168 -192 ) (10240 7168 -192 ) (10240 7168 56 ) (10032 7168 56 ) 
4 10 20 (9216 7168 -192 ) (9216 7168 56 ) (9216 7320 56 ) (9216 7320 -192 ) 
4 10 18 (9216 7168 56 ) (9216 7168 -192 ) (9680 7168 -192 ) (9680 7168 56 ) 
4 11 70 (11264 6144 568 ) (11264 6144 1440 ) (10240 6144 1440 ) (10240 6144 568 ) 
4 11 16 (10240 6144 568 ) (10240 6144 1440 ) (10240 7016 1440 ) (10240 7016 568 ) 
4 11 15 (10240 7016 1440 ) (10240 7032 1440 ) (10240 7032 568 ) (10240 7016 568 ) 
4 11 12 (11264 6144 568 ) (10240 6144 568 ) (10240 7016 568 ) (11264 7016 568 ) 
4 12 70 (11264 6144 152 ) (11264 6144 568 ) (10240 6144 568 ) (10240 6144 152 ) 
4 12 16 (10240 7016 152 ) (10240 6144 152 ) (10240 6144 568 ) (10240 7016 568 ) 
4 12 14 (11264 6144 152 ) (10240 6144 152 ) (10240 7016 152 ) (11264 7016 152 ) 
4 13 17 (10240 7168 56 ) (10240 7168 -192 ) (10240 7016 -192 ) (10240 7016 56 ) 
4 13 14 (10240 7016 -192 ) (11264 7016 -192 ) (11264 7016 56 ) (10240 7016 56 ) 
4 14 71 (11264 6144 -192 ) (11264 6144 152 ) (10240 6144 152 ) (10240 6144 -192 ) 
4 14 19 (10240 7016 -192 ) (10240 6144 -192 ) (10240 6144 152 ) (10240 7016 152 ) 
4 15 21 (9216 7032 1440 ) (9216 7032 568 ) (9216 7016 568 ) (9216 7016 1440 ) 
4 15 16 (9216 7016 1440 ) (9216 7016 568 ) (10240 7016 568 ) (10240 7016 1440 ) 
4 16 72 (10240 6144 152 ) (10240 6144 1440 ) (9216 6144 1440 ) (9216 6144 152 ) 
4 16 23 (9216 6144 152 ) (9216 6144 1440 ) (9216 7016 1440 ) (9216 7016 152 ) 
4 16 19 (9216 6144 152 ) (9216 7016 152 ) (10240 7016 152 ) (10240 6144 152 ) 
4 17 19 (10032 7016 -192 ) (10240 7016 -192 ) (10240 7016 56 ) (10032 7016 56 ) 
4 18 22 (9216 7168 56 ) (9216 7168 -192 ) (9216 7016 -192 ) (9216 7016 56 ) 
4 18 19 (9216 7016 -192 ) (9680 7016 -192 ) (9680 7016 56 ) (9216 7016 56 ) 
4 19 73 (10240 6144 -192 ) (10240 6144 152 ) (9216 6144 152 ) (9216 6144 -192 ) 
4 19 24 (9216 6144 -192 ) (9216 6144 152 ) (9216 7016 152 ) (9216 7016 -192 ) 
4 20 22 (9216 7168 -192 ) (9216 7168 56 ) (8272 7168 56 ) (8272 7168 -192 ) 
4 21 28 (8192 7032 1440 ) (8192 7032 568 ) (8192 7016 568 ) (8192 7016 1440 ) 
4 21 23 (9216 7016 568 ) (9216 7016 1440 ) (8192 7016 1440 ) (8192 7016 568 ) 
4 22 24 (8272 7016 -192 ) (9216 7016 -192 ) (9216 7016 56 ) (8272 7016 56 ) 
4 23 78 (9216 6144 152 ) (9216 6144 1440 ) (8192 6144 1440 ) (8192 6144 152 ) 
4 23 30 (8192 6144 152 ) (8192 6144 1440 ) (8192 7016 1440 ) (8192 7016 152 ) 
4 23 24 (8192 7016 152 ) (9216 7016 152 ) (9216 6144 152 ) (8192 6144 152 ) 
4 24 79 (9216 6144 -192 ) (9216 6144 152 ) (8192 6144 152 ) (8192 6144 -192 ) 
4 24 31 (8192 6144 -192 ) (8192 6144 152 ) (8192 7016 152 ) (8192 7016 -192 ) 
4 25 29 (7168 7168 56 ) (7168 7168 -192 ) (7920 7168 -192 ) (7920 7168 56 ) 
4 25 26 (7168 7320 -192 ) (7168 7168 -192 ) (7168 7168 56 ) (7168 7320 56 ) 
4 26 34 (7168 7168 -192 ) (7168 7168 56 ) (6512 7168 56 ) (6512 7168 -192 ) 
4 27 37 (6144 7168 -192 ) (6144 7168 56 ) (6144 7320 56 ) (6144 7320 -192 ) 
4 27 35 (6160 7168 56 ) (6144 7168 56 ) (6144 7168 -192 ) (6160 7168 -192 ) 
4 28 32 (7168 7016 568 ) (7168 7016 1440 ) (7168 7032 1440 ) (7168 7032 568 ) 
4 28 30 (7168 7016 1440 ) (7168 7016 568 ) (8192 7016 568 ) (8192 7016 1440 ) 
4 29 34 (7168 7168 56 ) (7168 7168 -192 ) (7168 7016 -192 ) (7168 7016 56 ) 
4 29 31 (7168 7016 56 ) (7168 7016 -192 ) (7920 7016 -192 ) (7920 7016 56 ) 
4 30 82 (8192 6144 152 ) (8192 6144 1440 ) (7168 6144 1440 ) (7168 6144 152 ) 
4 30 33 (7168 6144 152 ) (7168 6144 1440 ) (7168 7016 1440 ) (7168 7016 152 ) 
4 30 31 (8192 6144 152 ) (7168 6144 152 ) (7168 7016 152 ) (8192 7016 152 ) 
4 31 83 (8192 6144 -192 ) (8192 6144 152 ) (7168 6144 152 ) (7168 6144 -192 ) 
4 31 36 (7168 7016 -192 ) (7168 6144 -192 ) (7168 6144 152 ) (7168 7016 152 ) 
4 32 40 (6144 7032 1440 ) (6144 7032 568 ) (6144 7016 568 ) (6144 7016 1440 ) 
4 32 33 (7168 7016 568 ) (7168 7016 1440 ) (6144 7016 1440 ) (6144 7016 568 ) 
4 33 84 (7168 6144 152 ) (7168 6144 1440 ) (6144 6144 1440 ) (6144 6144 152 ) 
4 33 41 (6144 6144 152 ) (6144 6144 568 ) (6144 7016 568 ) (6144 7016 152 ) 
4 33 40 (6144 6144 568 ) (6144 6144 1440 ) (6144 7016 1440 ) (6144 7016 568 ) 
4 33 36 (7168 7016 152 ) (7168 6144 152 ) (6144 6144 152 ) (6144 7016 152 ) 
4 34 36 (6512 7016 -192 ) (7168 7016 -192 ) (7168 7016 56 ) (6512 7016 56 ) 
4 35 42 (6144 7168 56 ) (6144 7168 -192 ) (6144 7016 -192 ) (6144 7016 56 ) 
4 35 36 (6144 7016 -192 ) (6160 7016 -192 ) (6160 7016 56 ) (6144 7016 56 ) 
4 36 85 (7168 6144 -192 ) (7168 6144 152 ) (6144 6144 152 ) (6144 6144 -192 ) 
4 36 43 (6144 6144 -192 ) (6144 6144 152 ) (6144 7016 152 ) (6144 7016 -192 ) 
4 37 42 (6144 7168 -192 ) (6144 7168 56 ) (5120 7168 56 ) (5120 7168 -192 ) 
4 37 38 (5120 7168 -192 ) (5120 7168 56 ) (5120 7320 56 ) (5120 7320 -192 ) 
4 38 46 (4752 7168 -192 ) (5120 7168 -192 ) (5120 7168 56 ) (4752 7168 56 ) 
4 39 49 (4096 7168 -192 ) (4096 7168 56 ) (4096 7320 56 ) (4096 7320 -192 ) 
4 39 47 (4096 7168 56 ) (4096 7168 -192 ) (4400 7168 -192 ) (4400 7168 56 ) 
4 40 192 (6144 6144 568 ) (6144 6144 1440 ) (5120 6144 1440 ) (5120 6144 568 ) 
4 40 45 (5120 6144 568 ) (5120 6144 1440 ) (5120 7016 1440 ) (5120 7016 568 ) 
4 40 44 (5120 7016 1440 ) (5120 7032 1440 ) (5120 7032 568 ) (5120 7016 568 ) 
4 40 41 (6144 6144 568 ) (5120 6144 568 ) (5120 7016 568 ) (6144 7016 568 ) 
4 41 192 (6144 6144 152 ) (6144 6144 568 ) (5120 6144 568 ) (5120 6144 152 ) 
4 41 45 (5120 7016 152 ) (5120 6144 152 ) (5120 6144 568 ) (5120 7016 568 ) 
4 41 43 (6144 6144 152 ) (5120 6144 152 ) (5120 7016 152 ) (6144 7016 152 ) 
4 42 46 (5120 7168 56 ) (5120 7168 -192 ) (5120 7016 -192 ) (5120 7016 56 ) 
4 42 43 (5120 7016 -192 ) (6144 7016 -192 ) (6144 7016 56 ) (5120 7016 56 ) 
4 43 193 (6144 6144 -192 ) (6144 6144 152 ) (5120 6144 152 ) (5120 6144 -192 ) 
4 43 48 (5120 7016 -192 ) (5120 6144 -192 ) (5120 6144 152 ) (5120 7016 152 ) 
4 44 51 (4096 7032 704 ) (4096 7032 568 ) (4096 7016 568 ) (4096 7016 704 ) 
4 44 50 (4096 7032 1440 ) (4096 7032 704 ) (4096 7016 704 ) (4096 7016 1440 ) 
4 44 45 (4096 7016 1440 ) (4096 7016 568 ) (5120 7016 568 ) (5120 7016 1440 ) 
4 45 194 (5120 6144 152 ) (5120 6144 1440 ) (4096 6144 1440 ) (4096 6144 152 ) 
4 45 53 (4096 6144 152 ) (4096 6144 396 ) (4096 7016 396 ) (4096 7016 152 ) 
4 45 52 (4096 6144 396 ) (4096 6144 704 ) (4096 7016 704 ) (4096 7016 396 ) 
4 45 50 (4096 6144 704 ) (4096 6144 1440 ) (4096 7016 1440 ) (4096 7016 704 ) 
4 45 48 (4096 6144 152 ) (4096 7016 152 ) (5120 7016 152 ) (5120 6144 152 ) 
4 46 48 (4752 7016 -192 ) (5120 7016 -192 ) (5120 7016 56 ) (4752 7016 56 ) 
4 47 56 (4096 7168 56 ) (4096 7168 -192 ) (4096 7016 -192 ) (4096 7016 56 ) 
4 47 48 (4096 7016 -192 ) (4400 7016 -192 ) (4400 7016 56 ) (4096 7016 56 ) 
4 48 195 (5120 6144 -192 ) (5120 6144 152 ) (4096 6144 152 ) (4096 6144 -192 ) 
4 48 57 (4096 6144 -192 ) (4096 6144 152 ) (4096 7016 152 ) (4096 7016 -192 ) 
4 49 56 (4096 7168 -192 ) (4096 7168 56 ) (3472 7168 56 ) (3472 7168 -192 ) 
4 50 200 (4096 6144 704 ) (4096 6144 1440 ) (3332 6144 1440 ) (3332 6144 704 ) 
4 50 51 (3332 7032 704 ) (4096 7032 704 ) (4096 7016 704 ) (3332 7016 704 ) 
4 50 52 (4096 7016 704 ) (4096 6144 704 ) (3332 6144 704 ) (3332 7016 704 ) 
4 51 52 (3176 7016 704 ) (3176 7016 568 ) (4096 7016 568 ) (4096 7016 704 ) 
4 52 201 (3332 6144 704 ) (3176 6144 704 ) (3176 6144 396 ) (3332 6144 396 ) 
4 52 200 (4096 6144 396 ) (4096 6144 704 ) (3332 6144 704 ) (3332 6144 396 ) 
4 52 53 (4096 7016 396 ) (4096 6144 396 ) (3176 6144 396 ) (3176 7016 396 ) 
4 53 201 (3332 6144 396 ) (3176 6144 396 ) (3176 6144 152 ) (3332 6144 152 ) 
4 53 200 (4096 6144 152 ) (4096 6144 396 ) (3332 6144 396 ) (3332 6144 152 ) 
4 53 57 (4096 6144 152 ) (3176 6144 152 ) (3176 7016 152 ) (4096 7016 152 ) 
4 53 54 (3176 6920 152 ) (3176 6458 152 ) (3176 6458 396 ) (3176 6920 396 ) 
4 54 55 (3160 6920 152 ) (3160 6458 152 ) (3160 6458 396 ) (3160 6920 396 ) 
4 55 202 (3160 6144 396 ) (3072 6144 396 ) (3072 6144 152 ) (3160 6144 152 ) 
4 55 58 (3072 6144 152 ) (3072 6144 396 ) (3072 7008 396 ) (3072 7008 152 ) 
4 56 57 (4096 7016 -192 ) (4096 7016 56 ) (3472 7016 56 ) (3472 7016 -192 ) 
4 57 204 (4096 6144 -192 ) (4096 6144 152 ) (3176 6144 152 ) (3176 6144 -192 ) 
4 58 212 (3072 6144 152 ) (3072 6144 396 ) (2776 6144 396 ) (2776 6144 152 ) 
4 58 59 (2776 7008 152 ) (2776 6144 152 ) (2776 6144 396 ) (2776 7008 396 ) 
4 59 213 (2520 6144 152 ) (2776 6144 152 ) (2776 6144 408 ) (2520 6144 408 ) 
4 60 70 (11264 6144 1440 ) (11264 6144 152 ) (11264 5120 152 ) (11264 5120 1440 ) 
4 60 62 (11264 5120 1440 ) (11264 5120 152 ) (12288 5120 152 ) (12288 5120 1440 ) 
4 60 61 (12288 5120 152 ) (11264 5120 152 ) (11264 6144 152 ) (12288 6144 152 ) 
4 61 71 (11264 6144 152 ) (11264 6144 -192 ) (11264 5120 -192 ) (11264 5120 152 ) 
4 61 63 (11264 5120 152 ) (11264 5120 -192 ) (12288 5120 -192 ) (12288 5120 152 ) 
4 62 74 (11264 4096 152 ) (11264 4096 1440 ) (11264 5120 1440 ) (11264 5120 152 ) 
4 62 64 (12288 4096 152 ) (12288 4096 1440 ) (11264 4096 1440 ) (11264 4096 152 ) 
4 62 63 (12288 4096 152 ) (11264 4096 152 ) (11264 5120 152 ) (12288 5120 152 ) 
4 63 75 (11264 4096 -192 ) (11264 4096 152 ) (11264 5120 152 ) (11264 5120 -192 ) 
4 63 65 (12288 4096 -192 ) (12288 4096 152 ) (11264 4096 152 ) (11264 4096 -192 ) 
4 64 90 (11264 3072 152 ) (11264 3072 1440 ) (11264 4096 1440 ) (11264 4096 152 ) 
4 64 66 (12288 3072 152 ) (12288 3072 1440 ) (11264 3072 1440 ) (11264 3072 152 ) 
4 64 65 (12288 3072 152 ) (11264 3072 152 ) (11264 4096 152 ) (12288 4096 152 ) 
4 65 91 (11264 3072 -192 ) (11264 3072 152 ) (11264 4096 152 ) (11264 4096 -192 ) 
4 65 67 (12288 3072 -192 ) (12288 3072 152 ) (11264 3072 152 ) (11264 3072 -192 ) 
4 66 94 (11264 2048 152 ) (11264 2048 1440 ) (11264 3072 1440 ) (11264 3072 152 ) 
4 66 68 (12288 2048 152 ) (12288 2048 1440 ) (11264 2048 1440 ) (11264 2048 152 ) 
4 66 67 (12288 3072 152 ) (12288 2048 152 ) (11264 2048 152 ) (11264 3072 152 ) 
4 67 95 (11264 2048 -192 ) (11264 2048 152 ) (11264 3072 152 ) (11264 3072 -192 ) 
4 67 69 (12288 2048 -192 ) (12288 2048 152 ) (11264 2048 152 ) (11264 2048 -192 ) 
4 68 120 (12288 1024 152 ) (12288 1024 1440 ) (11264 1024 1440 ) (11264 1024 152 ) 
4 68 98 (11264 1024 152 ) (11264 1024 1440 ) (11264 2048 1440 ) (11264 2048 152 ) 
4 68 69 (12288 1024 152 ) (11264 1024 152 ) (11264 2048 152 ) (12288 2048 152 ) 
4 69 121 (12288 1024 -192 ) (12288 1024 152 ) (11264 1024 152 ) (11264 1024 -192 ) 
4 69 99 (11264 1024 -192 ) (11264 1024 152 ) (11264 2048 152 ) (11264 2048 -192 ) 
4 70 74 (11264 5120 152 ) (11264 5120 1440 ) (10240 5120 1440 ) (10240 5120 152 ) 
4 70 72 (10240 6144 1440 ) (10240 6144 152 ) (10240 5120 152 ) (10240 5120 1440 ) 
4 70 71 (10240 5120 152 ) (10240 6144 152 ) (11264 6144 152 ) (11264 5120 152 ) 
4 71 75 (11264 5120 -192 ) (11264 5120 152 ) (10240 5120 152 ) (10240 5120 -192 ) 
4 71 73 (10240 6144 152 ) (10240 6144 -192 ) (10240 5120 -192 ) (10240 5120 152 ) 
4 72 78 (9216 6144 1440 ) (9216 6144 152 ) (9216 5120 152 ) (9216 5120 1440 ) 
4 72 76 (10240 5120 152 ) (10240 5120 1440 ) (9216 5120 1440 ) (9216 5120 152 ) 
4 72 73 (10240 5120 152 ) (9216 5120 152 ) (9216 6144 152 ) (10240 6144 152 ) 
4 73 79 (9216 6144 152 ) (9216 6144 -192 ) (9216 5120 -192 ) (9216 5120 152 ) 
4 73 77 (10240 5120 -192 ) (10240 5120 152 ) (9216 5120 152 ) (9216 5120 -192 ) 
4 74 90 (11264 4096 152 ) (11264 4096 1440 ) (10240 4096 1440 ) (10240 4096 152 ) 
4 74 76 (10240 5120 1440 ) (10240 5120 152 ) (10240 4096 152 ) (10240 4096 1440 ) 
4 74 75 (10240 4096 152 ) (10240 5120 152 ) (11264 5120 152 ) (11264 4096 152 ) 
4 75 91 (11264 4096 -192 ) (11264 4096 152 ) (10240 4096 152 ) (10240 4096 -192 ) 
4 75 77 (10240 5120 152 ) (10240 5120 -192 ) (10240 4096 -192 ) (10240 4096 152 ) 
4 76 92 (10240 4096 152 ) (10240 4096 1440 ) (9216 4096 1440 ) (9216 4096 152 ) 
4 76 80 (9216 4096 152 ) (9216 4096 1440 ) (9216 5120 1440 ) (9216 5120 152 ) 
4 76 77 (10240 4096 152 ) (9216 4096 152 ) (9216 5120 152 ) (10240 5120 152 ) 
4 77 93 (10240 4096 -192 ) (10240 4096 152 ) (9216 4096 152 ) (9216 4096 -192 ) 
4 77 81 (9216 4096 -192 ) (9216 4096 152 ) (9216 5120 152 ) (9216 5120 -192 ) 
4 78 82 (8192 5120 152 ) (8192 5120 1440 ) (8192 6144 1440 ) (8192 6144 152 ) 
4 78 80 (9216 5120 152 ) (9216 5120 1440 ) (8192 5120 1440 ) (8192 5120 152 ) 
4 78 79 (9216 5120 152 ) (8192 5120 152 ) (8192 6144 152 ) (9216 6144 152 ) 
4 79 83 (8192 5120 -192 ) (8192 5120 152 ) (8192 6144 152 ) (8192 6144 -192 ) 
4 79 81 (9216 5120 -192 ) (9216 5120 152 ) (8192 5120 152 ) (8192 5120 -192 ) 
4 80 102 (9216 4096 152 ) (9216 4096 1440 ) (8192 4096 1440 ) (8192 4096 152 ) 
4 80 86 (8192 4096 152 ) (8192 4096 1440 ) (8192 5120 1440 ) (8192 5120 152 ) 
4 80 81 (9216 4096 152 ) (8192 4096 152 ) (8192 5120 152 ) (9216 5120 152 ) 
4 81 103 (9216 4096 -192 ) (9216 4096 152 ) (8192 4096 152 ) (8192 4096 -192 ) 
4 81 87 (8192 4096 -192 ) (8192 4096 152 ) (8192 5120 152 ) (8192 5120 -192 ) 
4 82 86 (8192 5120 152 ) (8192 5120 1440 ) (7168 5120 1440 ) (7168 5120 152 ) 
4 82 84 (7168 5120 152 ) (7168 5120 1440 ) (7168 6144 1440 ) (7168 6144 152 ) 
4 82 83 (7168 5120 152 ) (7168 6144 152 ) (8192 6144 152 ) (8192 5120 152 ) 
4 83 87 (8192 5120 -192 ) (8192 5120 152 ) (7168 5120 152 ) (7168 5120 -192 ) 
4 83 85 (7168 5120 -192 ) (7168 5120 152 ) (7168 6144 152 ) (7168 6144 -192 ) 
4 84 192 (6144 6144 1440 ) (6144 6144 152 ) (6144 5120 152 ) (6144 5120 1440 ) 
4 84 88 (6144 5120 1440 ) (6144 5120 152 ) (7168 5120 152 ) (7168 5120 1440 ) 
4 84 85 (7168 5120 152 ) (6144 5120 152 ) (6144 6144 152 ) (7168 6144 152 ) 
4 85 193 (6144 6144 152 ) (6144 6144 -192 ) (6144 5120 -192 ) (6144 5120 152 ) 
4 85 89 (6144 5120 152 ) (6144 5120 -192 ) (7168 5120 -192 ) (7168 5120 152 ) 
4 86 104 (8192 4096 152 ) (8192 4096 1440 ) (7168 4096 1440 ) (7168 4096 152 ) 
4 86 88 (7168 5120 1440 ) (7168 5120 152 ) (7168 4096 152 ) (7168 4096 1440 ) 
4 86 87 (8192 4096 152 ) (7168 4096 152 ) (7168 5120 152 ) (8192 5120 152 ) 
4 87 105 (8192 4096 -192 ) (8192 4096 152 ) (7168 4096 152 ) (7168 4096 -192 ) 
4 87 89 (7168 5120 152 ) (7168 5120 -192 ) (7168 4096 -192 ) (7168 4096 152 ) 
4 88 196 (6144 4096 152 ) (6144 4096 1440 ) (6144 5120 1440 ) (6144 5120 152 ) 
4 88 106 (7168 4096 152 ) (7168 4096 1440 ) (6144 4096 1440 ) (6144 4096 152 ) 
4 88 89 (7168 4096 152 ) (6144 4096 152 ) (6144 5120 152 ) (7168 5120 152 ) 
4 89 197 (6144 4096 -192 ) (6144 4096 152 ) (6144 5120 152 ) (6144 5120 -192 ) 
4 89 107 (7168 4096 -192 ) (7168 4096 152 ) (6144 4096 152 ) (6144 4096 -192 ) 
4 90 94 (11264 3072 152 ) (11264 3072 1440 ) (10240 3072 1440 ) (10240 3072 152 ) 
4 90 92 (10240 4096 1440 ) (10240 4096 152 ) (10240 3072 152 ) (10240 3072 1440 ) 
4 90 91 (10240 3072 152 ) (10240 4096 152 ) (11264 4096 152 ) (11264 3072 152 ) 
4 91 95 (11264 3072 -192 ) (11264 3072 152 ) (10240 3072 152 ) (10240 3072 -192 ) 
4 91 93 (10240 4096 152 ) (10240 4096 -192 ) (10240 3072 -192 ) (10240 3072 152 ) 
4 92 102 (9216 4096 1440 ) (9216 4096 152 ) (9216 3072 152 ) (9216 3072 1440 ) 
4 92 96 (10240 3072 152 ) (10240 3072 1440 ) (9216 3072 1440 ) (9216 3072 152 ) 
4 92 93 (10240 3072 152 ) (9216 3072 152 ) (9216 4096 152 ) (10240 4096 152 ) 
4 93 103 (9216 4096 152 ) (9216 4096 -192 ) (9216 3072 -192 ) (9216 3072 152 ) 
4 93 97 (10240 3072 -192 ) (10240 3072 152 ) (9216 3072 152 ) (9216 3072 -192 ) 
4 94 98 (11264 2048 152 ) (11264 2048 1440 ) (10240 2048 1440 ) (10240 2048 152 ) 
4 94 96 (10240 2048 152 ) (10240 2048 1440 ) (10240 3072 1440 ) (10240 3072 152 ) 
4 94 95 (11264 2048 152 ) (10240 2048 152 ) (10240 3072 152 ) (11264 3072 152 ) 
4 95 99 (11264 2048 -192 ) (11264 2048 152 ) (10240 2048 152 ) (10240 2048 -192 ) 
4 95 97 (10240 2048 -192 ) (10240 2048 152 ) (10240 3072 152 ) (10240 3072 -192 ) 
4 96 108 (9216 2048 152 ) (9216 2048 1440 ) (9216 3072 1440 ) (9216 3072 152 ) 
4 96 100 (9216 2048 1440 ) (9216 2048 152 ) (10240 2048 152 ) (10240 2048 1440 ) 
4 96 97 (9216 3072 152 ) (10240 3072 152 ) (10240 2048 152 ) (9216 2048 152 ) 
4 97 109 (9216 2048 -192 ) (9216 2048 152 ) (9216 3072 152 ) (9216 3072 -192 ) 
4 97 101 (9216 2048 152 ) (9216 2048 -192 ) (10240 2048 -192 ) (10240 2048 152 ) 
4 98 136 (11264 1024 152 ) (11264 1024 1440 ) (10240 1024 1440 ) (10240 1024 152 ) 
4 98 100 (10240 2048 1440 ) (10240 2048 152 ) (10240 1024 152 ) (10240 1024 1440 ) 
4 98 99 (10240 1024 152 ) (10240 2048 152 ) (11264 2048 152 ) (11264 1024 152 ) 
4 99 137 (11264 1024 -192 ) (11264 1024 152 ) (10240 1024 152 ) (10240 1024 -192 ) 
4 99 101 (10240 2048 152 ) (10240 2048 -192 ) (10240 1024 -192 ) (10240 1024 152 ) 
4 100 138 (10240 1024 152 ) (10240 1024 1440 ) (9216 1024 1440 ) (9216 1024 152 ) 
4 100 110 (9216 1024 152 ) (9216 1024 1440 ) (9216 2048 1440 ) (9216 2048 152 ) 
4 100 101 (9216 1024 152 ) (9216 2048 152 ) (10240 2048 152 ) (10240 1024 152 ) 
4 101 139 (10240 1024 -192 ) (10240 1024 152 ) (9216 1024 152 ) (9216 1024 -192 ) 
4 101 111 (9216 1024 -192 ) (9216 1024 152 ) (9216 2048 152 ) (9216 2048 -192 ) 
4 102 108 (9216 3072 152 ) (9216 3072 1440 ) (8192 3072 1440 ) (8192 3072 152 ) 
4 102 104 (8192 4096 1440 ) (8192 4096 152 ) (8192 3072 152 ) (8192 3072 1440 ) 
4 102 103 (8192 3072 152 ) (8192 4096 152 ) (9216 4096 152 ) (9216 3072 152 ) 
4 103 109 (9216 3072 -192 ) (9216 3072 152 ) (8192 3072 152 ) (8192 3072 -192 ) 
4 103 105 (8192 4096 152 ) (8192 4096 -192 ) (8192 3072 -192 ) (8192 3072 152 ) 
4 104 112 (8192 3072 152 ) (8192 3072 1440 ) (7168 3072 1440 ) (7168 3072 152 ) 
4 104 106 (7168 3072 152 ) (7168 3072 1440 ) (7168 4096 1440 ) (7168 4096 152 ) 
4 104 105 (7168 3072 152 ) (7168 4096 152 ) (8192 4096 152 ) (8192 3072 152 ) 
4 105 113 (8192 3072 -192 ) (8192 3072 152 ) (7168 3072 152 ) (7168 3072 -192 ) 
4 105 107 (7168 3072 -192 ) (7168 3072 152 ) (7168 4096 152 ) (7168 4096 -192 ) 
4 106 317 (6144 3072 152 ) (6144 3072 1440 ) (6144 4096 1440 ) (6144 4096 152 ) 
4 106 114 (7168 3072 152 ) (7168 3072 1440 ) (6144 3072 1440 ) (6144 3072 152 ) 
4 106 107 (7168 3072 152 ) (6144 3072 152 ) (6144 4096 152 ) (7168 4096 152 ) 
4 107 318 (6144 3072 -192 ) (6144 3072 152 ) (6144 4096 152 ) (6144 4096 -192 ) 
4 107 115 (7168 3072 -192 ) (7168 3072 152 ) (6144 3072 152 ) (6144 3072 -192 ) 
4 108 112 (8192 3072 1440 ) (8192 3072 152 ) (8192 2048 152 ) (8192 2048 1440 ) 
4 108 110 (9216 2048 152 ) (9216 2048 1440 ) (8192 2048 1440 ) (8192 2048 152 ) 
4 108 109 (8192 2048 152 ) (8192 3072 152 ) (9216 3072 152 ) (9216 2048 152 ) 
4 109 113 (8192 3072 152 ) (8192 3072 -192 ) (8192 2048 -192 ) (8192 2048 152 ) 
4 109 111 (9216 2048 -192 ) (9216 2048 152 ) (8192 2048 152 ) (8192 2048 -192 ) 
4 110 148 (9216 1024 152 ) (9216 1024 1440 ) (8192 1024 1440 ) (8192 1024 152 ) 
4 110 116 (8192 1024 152 ) (8192 1024 1440 ) (8192 2048 1440 ) (8192 2048 152 ) 
4 110 111 (9216 1024 152 ) (8192 1024 152 ) (8192 2048 152 ) (9216 2048 152 ) 
4 111 149 (9216 1024 -192 ) (9216 1024 152 ) (8192 1024 152 ) (8192 1024 -192 ) 
4 111 117 (8192 1024 -192 ) (8192 1024 152 ) (8192 2048 152 ) (8192 2048 -192 ) 
4 112 116 (8192 2048 152 ) (8192 2048 1440 ) (7168 2048 1440 ) (7168 2048 152 ) 
4 112 114 (7168 3072 1440 ) (7168 3072 152 ) (7168 2048 152 ) (7168 2048 1440 ) 
4 112 113 (8192 2048 152 ) (7168 2048 152 ) (7168 3072 152 ) (8192 3072 152 ) 
4 113 117 (8192 2048 -192 ) (8192 2048 152 ) (7168 2048 152 ) (7168 2048 -192 ) 
4 113 115 (7168 3072 152 ) (7168 3072 -192 ) (7168 2048 -192 ) (7168 2048 152 ) 
4 114 321 (6144 2048 152 ) (6144 2048 1440 ) (6144 3072 1440 ) (6144 3072 152 ) 
4 114 118 (7168 2048 152 ) (7168 2048 1440 ) (6144 2048 1440 ) (6144 2048 152 ) 
4 114 115 (7168 3072 152 ) (7168 2048 152 ) (6144 2048 152 ) (6144 3072 152 ) 
4 115 322 (6144 2048 -192 ) (6144 2048 152 ) (6144 3072 152 ) (6144 3072 -192 ) 
4 115 119 (7168 2048 -192 ) (7168 2048 152 ) (6144 2048 152 ) (6144 2048 -192 ) 
4 116 150 (8192 1024 152 ) (8192 1024 1440 ) (7168 1024 1440 ) (7168 1024 152 ) 
4 116 118 (7168 2048 1440 ) (7168 2048 152 ) (7168 1024 152 ) (7168 1024 1440 ) 
4 116 117 (7168 2048 152 ) (8192 2048 152 ) (8192 1024 152 ) (7168 1024 152 ) 
4 117 151 (8192 1024 -192 ) (8192 1024 152 ) (7168 1024 152 ) (7168 1024 -192 ) 
4 117 119 (7168 2048 152 ) (7168 2048 -192 ) (7168 1024 -192 ) (7168 1024 152 ) 
4 118 327 (6144 1024 152 ) (6144 1024 1440 ) (6144 2048 1440 ) (6144 2048 152 ) 
4 118 152 (7168 1024 152 ) (7168 1024 1440 ) (6144 1024 1440 ) (6144 1024 152 ) 
4 118 119 (7168 2048 152 ) (7168 1024 152 ) (6144 1024 152 ) (6144 2048 152 ) 
4 119 328 (6144 1024 -192 ) (6144 1024 152 ) (6144 2048 152 ) (6144 2048 -192 ) 
4 119 153 (7168 1024 -192 ) (7168 1024 152 ) (6144 1024 152 ) (6144 1024 -192 ) 
4 120 136 (11264 1024 1440 ) (11264 1024 152 ) (11264 0 152 ) (11264 0 1440 ) 
4 120 122 (12288 0 152 ) (12288 0 1440 ) (11264 0 1440 ) (11264 0 152 ) 
4 120 121 (12288 0 152 ) (11264 0 152 ) (11264 1024 152 ) (12288 1024 152 ) 
4 121 137 (11264 1024 152 ) (11264 1024 -192 ) (11264 0 -192 ) (11264 0 152 ) 
4 121 123 (12288 0 -192 ) (12288 0 152 ) (11264 0 152 ) (11264 0 -192 ) 
4 122 140 (11264 -1024 152 ) (11264 -1024 1440 ) (11264 0 1440 ) (11264 0 152 ) 
4 122 124 (12288 -1024 152 ) (12288 -1024 1440 ) (11264 -1024 1440 ) (11264 -1024 152 ) 
4 122 123 (12288 0 152 ) (12288 -1024 152 ) (11264 -1024 152 ) (11264 0 152 ) 
4 123 141 (11264 -1024 -192 ) (11264 -1024 152 ) (11264 0 152 ) (11264 0 -192 ) 
4 123 125 (12288 -1024 -192 ) (12288 -1024 152 ) (11264 -1024 152 ) (11264 -1024 -192 ) 
4 124 144 (11264 -2048 152 ) (11264 -2048 1440 ) (11264 -1024 1440 ) (11264 -1024 152 ) 
4 124 132 (11264 -2048 568 ) (11264 -2048 152 ) (11280 -2048 152 ) (11280 -2048 568 ) 
4 124 131 (11280 -2048 1440 ) (11264 -2048 1440 ) (11264 -2048 568 ) (11280 -2048 568 ) 
4 124 126 (12288 -2048 152 ) (12288 -2048 1440 ) (11280 -2048 1440 ) (11280 -2048 152 ) 
4 124 125 (12288 -2048 152 ) (11264 -2048 152 ) (11264 -1024 152 ) (12288 -1024 152 ) 
4 125 145 (11264 -2048 -192 ) (11264 -2048 152 ) (11264 -1024 152 ) (11264 -1024 -192 ) 
4 125 134 (11264 -2048 56 ) (11264 -2048 -192 ) (11280 -2048 -192 ) (11280 -2048 56 ) 
4 125 133 (11280 -2048 152 ) (11264 -2048 152 ) (11264 -2048 56 ) (11280 -2048 56 ) 
4 125 127 (12288 -2048 -192 ) (12288 -2048 152 ) (11280 -2048 152 ) (11280 -2048 -192 ) 
4 126 132 (11280 -2176 152 ) (11280 -2176 568 ) (11280 -2048 568 ) (11280 -2048 152 ) 
4 126 131 (11280 -2176 568 ) (11280 -2176 1440 ) (11280 -2048 1440 ) (11280 -2048 568 ) 
4 126 128 (12288 -2176 1440 ) (11296 -2176 1440 ) (11296 -2176 152 ) (12288 -2176 152 ) 
4 126 127 (12288 -2176 152 ) (11280 -2176 152 ) (11280 -2048 152 ) (12288 -2048 152 ) 
4 127 134 (11280 -2048 -192 ) (11280 -2176 -192 ) (11280 -2176 56 ) (11280 -2048 56 ) 
4 127 133 (11280 -2176 56 ) (11280 -2176 152 ) (11280 -2048 152 ) (11280 -2048 56 ) 
4 127 130 (11280 -2176 56 ) (11280 -2176 -192 ) (12288 -2176 -192 ) (12288 -2176 56 ) 
4 127 129 (11296 -2176 56 ) (12288 -2176 56 ) (12288 -2176 152 ) (11296 -2176 152 ) 
4 128 129 (11296 -2176 152 ) (12288 -2176 152 ) (12288 -2480 152 ) (11296 -2480 152 ) 
4 129 130 (11296 -2176 56 ) (12288 -2176 56 ) (12288 -2480 56 ) (11296 -2480 56 ) 
4 130 135 (11280 -2176 -192 ) (11280 -2480 -192 ) (11280 -2480 56 ) (11280 -2176 56 ) 
4 131 167 (11264 -2192 1440 ) (11264 -2176 1440 ) (11264 -2176 568 ) (11264 -2192 568 ) 
4 131 166 (11264 -2176 1440 ) (11264 -2048 1440 ) (11264 -2048 568 ) (11264 -2176 568 ) 
4 131 132 (11280 -2048 568 ) (11280 -2176 568 ) (11264 -2176 568 ) (11264 -2048 568 ) 
4 132 166 (11264 -2176 568 ) (11264 -2048 568 ) (11264 -2048 152 ) (11264 -2176 152 ) 
4 132 133 (11264 -2176 152 ) (11264 -2048 152 ) (11280 -2048 152 ) (11280 -2176 152 ) 
4 133 168 (11264 -2176 152 ) (11264 -2048 152 ) (11264 -2048 56 ) (11264 -2176 56 ) 
4 133 134 (11280 -2048 56 ) (11280 -2176 56 ) (11264 -2176 56 ) (11264 -2048 56 ) 
4 134 169 (11264 -2176 56 ) (11264 -2048 56 ) (11264 -2048 -192 ) (11264 -2176 -192 ) 
4 134 135 (11264 -2176 -192 ) (11280 -2176 -192 ) (11280 -2176 56 ) (11264 -2176 56 ) 
4 135 170 (11264 -2496 56 ) (11264 -2176 56 ) (11264 -2176 -192 ) (11264 -2496 -192 ) 
4 136 140 (11264 0 152 ) (11264 0 1440 ) (10240 0 1440 ) (10240 0 152 ) 
4 136 138 (10240 1024 1440 ) (10240 1024 152 ) (10240 0 152 ) (10240 0 1440 ) 
4 136 137 (10240 0 152 ) (10240 1024 152 ) (11264 1024 152 ) (11264 0 152 ) 
4 137 141 (11264 0 -192 ) (11264 0 152 ) (10240 0 152 ) (10240 0 -192 ) 
4 137 139 (10240 1024 152 ) (10240 1024 -192 ) (10240 0 -192 ) (10240 0 152 ) 
4 138 148 (9216 1024 1440 ) (9216 1024 152 ) (9216 0 152 ) (9216 0 1440 ) 
4 138 142 (10240 0 152 ) (10240 0 1440 ) (9216 0 1440 ) (9216 0 152 ) 
4 138 139 (10240 0 152 ) (9216 0 152 ) (9216 1024 152 ) (10240 1024 152 ) 
4 139 149 (9216 1024 152 ) (9216 1024 -192 ) (9216 0 -192 ) (9216 0 152 ) 
4 139 143 (10240 0 -192 ) (10240 0 152 ) (9216 0 152 ) (9216 0 -192 ) 
4 140 144 (11264 -1024 152 ) (11264 -1024 1440 ) (10240 -1024 1440 ) (10240 -1024 152 ) 
4 140 142 (10240 -1024 152 ) (10240 -1024 1440 ) (10240 0 1440 ) (10240 0 152 ) 
4 140 141 (11264 -1024 152 ) (10240 -1024 152 ) (10240 0 152 ) (11264 0 152 ) 
4 141 145 (11264 -1024 -192 ) (11264 -1024 152 ) (10240 -1024 152 ) (10240 -1024 -192 ) 
4 141 143 (10240 -1024 -192 ) (10240 -1024 152 ) (10240 0 152 ) (10240 0 -192 ) 
4 142 154 (9216 -1024 152 ) (9216 -1024 1440 ) (9216 0 1440 ) (9216 0 152 ) 
4 142 146 (9216 -1024 1440 ) (9216 -1024 152 ) (10240 -1024 152 ) (10240 -1024 1440 ) 
4 142 143 (9216 0 152 ) (10240 0 152 ) (10240 -1024 152 ) (9216 -1024 152 ) 
4 143 155 (9216 -1024 -192 ) (9216 -1024 152 ) (9216 0 152 ) (9216 0 -192 ) 
4 143 147 (9216 -1024 152 ) (9216 -1024 -192 ) (10240 -1024 -192 ) (10240 -1024 152 ) 
4 144 166 (11264 -2048 152 ) (11264 -2048 1440 ) (10240 -2048 1440 ) (10240 -2048 152 ) 
4 144 146 (10240 -1024 1440 ) (10240 -1024 152 ) (10240 -2048 152 ) (10240 -2048 1440 ) 
4 144 145 (11264 -2048 152 ) (10240 -2048 152 ) (10240 -1024 152 ) (11264 -1024 152 ) 
4 145 169 (11264 -2048 -192 ) (11264 -2048 56 ) (10240 -2048 56 ) (10240 -2048 -192 ) 
4 145 168 (11264 -2048 56 ) (11264 -2048 152 ) (10240 -2048 152 ) (10240 -2048 56 ) 
4 145 147 (10240 -1024 152 ) (10240 -1024 -192 ) (10240 -2048 -192 ) (10240 -2048 152 ) 
4 146 171 (10240 -2048 152 ) (10240 -2048 1440 ) (9216 -2048 1440 ) (9216 -2048 152 ) 
4 146 156 (9216 -2048 152 ) (9216 -2048 1440 ) (9216 -1024 1440 ) (9216 -1024 152 ) 
4 146 147 (10240 -2048 152 ) (9216 -2048 152 ) (9216 -1024 152 ) (10240 -1024 152 ) 
4 147 173 (10240 -2048 -192 ) (10240 -2048 152 ) (9216 -2048 152 ) (9216 -2048 -192 ) 
4 147 157 (9216 -2048 -192 ) (9216 -2048 152 ) (9216 -1024 152 ) (9216 -1024 -192 ) 
4 148 154 (9216 0 152 ) (9216 0 1440 ) (8192 0 1440 ) (8192 0 152 ) 
4 148 150 (8192 1024 1440 ) (8192 1024 152 ) (8192 0 152 ) (8192 0 1440 ) 
4 148 149 (8192 0 152 ) (8192 1024 152 ) (9216 1024 152 ) (9216 0 152 ) 
4 149 155 (9216 0 -192 ) (9216 0 152 ) (8192 0 152 ) (8192 0 -192 ) 
4 149 151 (8192 1024 152 ) (8192 1024 -192 ) (8192 0 -192 ) (8192 0 152 ) 
4 150 158 (8192 0 152 ) (8192 0 1440 ) (7168 0 1440 ) (7168 0 152 ) 
4 150 152 (7168 0 152 ) (7168 0 1440 ) (7168 1024 1440 ) (7168 1024 152 ) 
4 150 151 (7168 0 152 ) (7168 1024 152 ) (8192 1024 152 ) (8192 0 152 ) 
4 151 159 (8192 0 -192 ) (8192 0 152 ) (7168 0 152 ) (7168 0 -192 ) 
4 151 153 (7168 0 -192 ) (7168 0 152 ) (7168 1024 152 ) (7168 1024 -192 ) 
4 152 1151 (6144 0 152 ) (6144 0 1440 ) (6144 1024 1440 ) (6144 1024 152 ) 
4 152 160 (7168 0 152 ) (7168 0 1440 ) (6144 0 1440 ) (6144 0 152 ) 
4 152 153 (7168 0 152 ) (6144 0 152 ) (6144 1024 152 ) (7168 1024 152 ) 
4 153 1152 (6144 0 -192 ) (6144 0 152 ) (6144 1024 152 ) (6144 1024 -192 ) 
4 153 161 (7168 0 -192 ) (7168 0 152 ) (6144 0 152 ) (6144 0 -192 ) 
4 154 158 (8192 0 1440 ) (8192 0 152 ) (8192 -1024 152 ) (8192 -1024 1440 ) 
4 154 156 (9216 -1024 152 ) (9216 -1024 1440 ) (8192 -1024 1440 ) (8192 -1024 152 ) 
4 154 155 (8192 -1024 152 ) (8192 0 152 ) (9216 0 152 ) (9216 -1024 152 ) 
4 155 159 (8192 0 152 ) (8192 0 -192 ) (8192 -1024 -192 ) (8192 -1024 152 ) 
4 155 157 (9216 -1024 -192 ) (9216 -1024 152 ) (8192 -1024 152 ) (8192 -1024 -192 ) 
4 156 176 (9216 -2048 152 ) (9216 -2048 1440 ) (8192 -2048 1440 ) (8192 -2048 152 ) 
4 156 162 (8192 -2048 152 ) (8192 -2048 1440 ) (8192 -1024 1440 ) (8192 -1024 152 ) 
4 156 157 (9216 -1024 152 ) (9216 -2048 152 ) (8192 -2048 152 ) (8192 -1024 152 ) 
4 157 179 (9216 -2048 -192 ) (9216 -2048 56 ) (8192 -2048 56 ) (8192 -2048 -192 ) 
4 157 178 (9216 -2048 56 ) (9216 -2048 152 ) (8192 -2048 152 ) (8192 -2048 56 ) 
4 157 163 (8192 -2048 -192 ) (8192 -2048 152 ) (8192 -1024 152 ) (8192 -1024 -192 ) 
4 158 162 (8192 -1024 152 ) (8192 -1024 1440 ) (7168 -1024 1440 ) (7168 -1024 152 ) 
4 158 160 (7168 0 1440 ) (7168 0 152 ) (7168 -1024 152 ) (7168 -1024 1440 ) 
4 158 159 (8192 -1024 152 ) (7168 -1024 152 ) (7168 0 152 ) (8192 0 152 ) 
4 159 163 (8192 -1024 -192 ) (8192 -1024 152 ) (7168 -1024 152 ) (7168 -1024 -192 ) 
4 159 161 (7168 0 152 ) (7168 0 -192 ) (7168 -1024 -192 ) (7168 -1024 152 ) 
4 160 1155 (6144 -1024 152 ) (6144 -1024 1440 ) (6144 0 1440 ) (6144 0 152 ) 
4 160 164 (7168 -1024 152 ) (7168 -1024 1440 ) (6144 -1024 1440 ) (6144 -1024 152 ) 
4 160 161 (7168 0 152 ) (7168 -1024 152 ) (6144 -1024 152 ) (6144 0 152 ) 
4 161 1156 (6144 -1024 -192 ) (6144 -1024 152 ) (6144 0 152 ) (6144 0 -192 ) 
4 161 165 (7168 -1024 -192 ) (7168 -1024 152 ) (6144 -1024 152 ) (6144 -1024 -192 ) 
4 162 181 (8192 -2048 152 ) (8192 -2048 1440 ) (7168 -2048 1440 ) (7168 -2048 152 ) 
4 162 164 (7168 -1024 1440 ) (7168 -1024 152 ) (7168 -2048 152 ) (7168 -2048 1440 ) 
4 162 163 (8192 -2048 152 ) (7168 -2048 152 ) (7168 -1024 152 ) (8192 -1024 152 ) 
4 163 183 (8192 -2048 -192 ) (8192 -2048 152 ) (7168 -2048 152 ) (7168 -2048 -192 ) 
4 163 165 (7168 -1024 152 ) (7168 -1024 -192 ) (7168 -2048 -192 ) (7168 -2048 152 ) 
4 164 1159 (6144 -2048 152 ) (6144 -2048 1440 ) (6144 -1024 1440 ) (6144 -1024 152 ) 
4 164 187 (7168 -2048 152 ) (7168 -2048 568 ) (6144 -2048 568 ) (6144 -2048 152 ) 
4 164 186 (7168 -2048 568 ) (7168 -2048 1440 ) (6144 -2048 1440 ) (6144 -2048 568 ) 
4 164 165 (7168 -2048 152 ) (6144 -2048 152 ) (6144 -1024 152 ) (7168 -1024 152 ) 
4 165 1160 (6144 -2048 -192 ) (6144 -2048 152 ) (6144 -1024 152 ) (6144 -1024 -192 ) 
4 165 191 (6240 -2048 152 ) (6144 -2048 152 ) (6144 -2048 -192 ) (6240 -2048 -192 ) 
4 165 189 (7168 -2048 -192 ) (7168 -2048 56 ) (6240 -2048 56 ) (6240 -2048 -192 ) 
4 165 188 (7168 -2048 56 ) (7168 -2048 152 ) (6240 -2048 152 ) (6240 -2048 56 ) 
4 166 171 (10240 -2048 1440 ) (10240 -2048 152 ) (10240 -2176 152 ) (10240 -2176 1440 ) 
4 166 168 (10240 -2176 152 ) (10240 -2048 152 ) (11264 -2048 152 ) (11264 -2176 152 ) 
4 166 167 (10240 -2176 1440 ) (10240 -2176 568 ) (11264 -2176 568 ) (11264 -2176 1440 ) 
4 167 172 (10240 -2192 568 ) (10240 -2192 1440 ) (10240 -2176 1440 ) (10240 -2176 568 ) 
4 168 173 (10240 -2048 152 ) (10240 -2048 56 ) (10240 -2176 56 ) (10240 -2176 152 ) 
4 168 169 (10240 -2176 56 ) (10240 -2048 56 ) (11264 -2048 56 ) (11264 -2176 56 ) 
4 169 173 (10240 -2048 56 ) (10240 -2048 -192 ) (10240 -2176 -192 ) (10240 -2176 56 ) 
4 169 170 (10240 -2176 -192 ) (11264 -2176 -192 ) (11264 -2176 56 ) (10240 -2176 56 ) 
4 170 174 (10240 -2176 -192 ) (10240 -2496 -192 ) (10240 -2496 56 ) (10240 -2176 56 ) 
4 171 176 (9216 -2048 1440 ) (9216 -2048 152 ) (9216 -2176 152 ) (9216 -2176 1440 ) 
4 171 173 (9216 -2176 152 ) (9216 -2048 152 ) (10240 -2048 152 ) (10240 -2176 152 ) 
4 171 172 (10240 -2176 568 ) (10240 -2176 1440 ) (9216 -2176 1440 ) (9216 -2176 568 ) 
4 172 177 (9216 -2192 568 ) (9216 -2192 1440 ) (9216 -2176 1440 ) (9216 -2176 568 ) 
4 173 179 (9216 -2048 56 ) (9216 -2048 -192 ) (9216 -2176 -192 ) (9216 -2176 56 ) 
4 173 178 (9216 -2048 152 ) (9216 -2048 56 ) (9216 -2176 56 ) (9216 -2176 152 ) 
4 173 175 (9216 -2176 -192 ) (9408 -2176 -192 ) (9408 -2176 56 ) (9216 -2176 56 ) 
4 173 174 (9760 -2176 -192 ) (10240 -2176 -192 ) (10240 -2176 56 ) (9760 -2176 56 ) 
4 175 180 (9216 -2176 -192 ) (9216 -2496 -192 ) (9216 -2496 56 ) (9216 -2176 56 ) 
4 176 181 (8192 -2048 1440 ) (8192 -2048 152 ) (8192 -2176 152 ) (8192 -2176 1440 ) 
4 176 178 (8192 -2176 152 ) (8192 -2048 152 ) (9216 -2048 152 ) (9216 -2176 152 ) 
4 176 177 (9216 -2176 568 ) (9216 -2176 1440 ) (8192 -2176 1440 ) (8192 -2176 568 ) 
4 177 182 (8192 -2192 568 ) (8192 -2192 1440 ) (8192 -2176 1440 ) (8192 -2176 568 ) 
4 178 183 (8192 -2048 152 ) (8192 -2048 56 ) (8192 -2176 56 ) (8192 -2176 152 ) 
4 178 179 (8192 -2176 56 ) (8192 -2048 56 ) (9216 -2048 56 ) (9216 -2176 56 ) 
4 179 183 (8192 -2048 56 ) (8192 -2048 -192 ) (8192 -2176 -192 ) (8192 -2176 56 ) 
4 179 180 (8192 -2176 -192 ) (9216 -2176 -192 ) (9216 -2176 56 ) (8192 -2176 56 ) 
4 180 184 (8192 -2176 -192 ) (8192 -2496 -192 ) (8192 -2496 56 ) (8192 -2176 56 ) 
4 181 187 (7168 -2048 568 ) (7168 -2048 152 ) (7168 -2176 152 ) (7168 -2176 568 ) 
4 181 186 (7168 -2048 1440 ) (7168 -2048 568 ) (7168 -2176 568 ) (7168 -2176 1440 ) 
4 181 183 (7168 -2176 152 ) (7168 -2048 152 ) (8192 -2048 152 ) (8192 -2176 152 ) 
4 181 182 (8192 -2176 568 ) (8192 -2176 1440 ) (7168 -2176 1440 ) (7168 -2176 568 ) 
4 182 186 (7168 -2176 1440 ) (7168 -2176 568 ) (7168 -2192 568 ) (7168 -2192 1440 ) 
4 183 189 (7168 -2048 56 ) (7168 -2048 -192 ) (7168 -2176 -192 ) (7168 -2176 56 ) 
4 183 188 (7168 -2176 152 ) (7168 -2048 152 ) (7168 -2048 56 ) (7168 -2176 56 ) 
4 183 185 (7168 -2176 -192 ) (7648 -2176 -192 ) (7648 -2176 56 ) (7168 -2176 56 ) 
4 183 184 (8000 -2176 -192 ) (8192 -2176 -192 ) (8192 -2176 56 ) (8000 -2176 56 ) 
4 185 190 (7168 -2496 -192 ) (7168 -2496 56 ) (7168 -2176 56 ) (7168 -2176 -192 ) 
4 186 1249 (6144 -2192 1440 ) (6144 -2048 1440 ) (6144 -2048 568 ) (6144 -2192 568 ) 
4 186 187 (6144 -2176 568 ) (6144 -2048 568 ) (7168 -2048 568 ) (7168 -2176 568 ) 
4 187 1250 (6144 -2176 568 ) (6144 -2048 568 ) (6144 -2048 152 ) (6144 -2176 152 ) 
4 187 191 (6144 -2176 152 ) (6144 -2048 152 ) (6240 -2048 152 ) (6240 -2176 152 ) 
4 187 188 (6240 -2048 152 ) (7168 -2048 152 ) (7168 -2176 152 ) (6240 -2176 152 ) 
4 188 191 (6240 -2176 152 ) (6240 -2048 152 ) (6240 -2048 56 ) (6240 -2176 56 ) 
4 188 189 (6240 -2176 56 ) (6240 -2048 56 ) (7168 -2048 56 ) (7168 -2176 56 ) 
4 189 191 (6240 -2048 -192 ) (6240 -2176 -192 ) (6240 -2176 56 ) (6240 -2048 56 ) 
4 189 190 (7168 -2176 56 ) (6240 -2176 56 ) (6240 -2176 -192 ) (7168 -2176 -192 ) 
4 191 1251 (6144 -2176 152 ) (6144 -2048 152 ) (6144 -2048 -192 ) (6144 -2176 -192 ) 
4 192 196 (6144 5120 152 ) (6144 5120 1440 ) (5120 5120 1440 ) (5120 5120 152 ) 
4 192 194 (5120 6144 1440 ) (5120 6144 152 ) (5120 5120 152 ) (5120 5120 1440 ) 
4 192 193 (5120 5120 152 ) (5120 6144 152 ) (6144 6144 152 ) (6144 5120 152 ) 
4 193 197 (6144 5120 -192 ) (6144 5120 152 ) (5120 5120 152 ) (5120 5120 -192 ) 
4 193 195 (5120 6144 152 ) (5120 6144 -192 ) (5120 5120 -192 ) (5120 5120 152 ) 
4 194 200 (4096 6144 1440 ) (4096 6144 152 ) (4096 5120 152 ) (4096 5120 1440 ) 
4 194 198 (5120 5120 152 ) (5120 5120 1440 ) (4096 5120 1440 ) (4096 5120 152 ) 
4 194 195 (5120 5120 152 ) (4096 5120 152 ) (4096 6144 152 ) (5120 6144 152 ) 
4 195 204 (4096 6144 152 ) (4096 6144 -192 ) (4096 5120 -192 ) (4096 5120 152 ) 
4 195 199 (5120 5120 -192 ) (5120 5120 152 ) (4096 5120 152 ) (4096 5120 -192 ) 
4 196 317 (6144 4096 152 ) (6144 4096 1440 ) (5120 4096 1440 ) (5120 4096 152 ) 
4 196 198 (5120 5120 1440 ) (5120 5120 152 ) (5120 4096 152 ) (5120 4096 1440 ) 
4 196 197 (5120 4096 152 ) (5120 5120 152 ) (6144 5120 152 ) (6144 4096 152 ) 
4 197 318 (6144 4096 -192 ) (6144 4096 152 ) (5120 4096 152 ) (5120 4096 -192 ) 
4 197 199 (5120 5120 152 ) (5120 5120 -192 ) (5120 4096 -192 ) (5120 4096 152 ) 
4 198 319 (5120 4096 152 ) (5120 4096 1440 ) (4096 4096 1440 ) (4096 4096 152 ) 
4 198 205 (4096 4096 152 ) (4096 4096 1440 ) (4096 5120 1440 ) (4096 5120 152 ) 
4 198 199 (5120 4096 152 ) (4096 4096 152 ) (4096 5120 152 ) (5120 5120 152 ) 
4 199 320 (5120 4096 -192 ) (5120 4096 152 ) (4096 4096 152 ) (4096 4096 -192 ) 
4 199 211 (4096 4096 -192 ) (4096 4096 152 ) (4096 5120 152 ) (4096 5120 -192 ) 
4 200 205 (4096 5120 152 ) (4096 5120 1440 ) (3332 5120 1440 ) (3332 5120 152 ) 
4 200 204 (3332 6144 152 ) (4096 6144 152 ) (4096 5120 152 ) (3332 5120 152 ) 
4 200 201 (3332 6144 152 ) (3332 5120 152 ) (3332 5120 704 ) (3332 6144 704 ) 
4 201 206 (3176 5120 704 ) (3176 5120 152 ) (3332 5120 152 ) (3332 5120 704 ) 
4 201 204 (3176 6144 152 ) (3332 6144 152 ) (3332 5120 152 ) (3176 5120 152 ) 
4 201 203 (3176 6092 152 ) (3176 5120 152 ) (3176 5120 396 ) (3176 6092 396 ) 
4 202 212 (3072 6092 396 ) (3072 6144 396 ) (3072 6144 152 ) (3072 6092 152 ) 
4 202 203 (3072 6092 152 ) (3160 6092 152 ) (3160 6092 396 ) (3072 6092 396 ) 
4 203 212 (3072 5120 152 ) (3072 5120 396 ) (3072 6092 396 ) (3072 6092 152 ) 
4 203 207 (3160 5120 152 ) (3176 5120 152 ) (3176 5120 396 ) (3160 5120 396 ) 
4 203 210 (3072 5120 396 ) (3072 5120 152 ) (3160 5120 152 ) (3160 5120 396 ) 
4 204 211 (4096 5120 -192 ) (4096 5120 152 ) (3176 5120 152 ) (3176 5120 -192 ) 
4 205 333 (4096 4096 152 ) (4096 4096 1440 ) (3332 4096 1440 ) (3332 4096 152 ) 
4 205 211 (3332 5120 152 ) (4096 5120 152 ) (4096 4096 152 ) (3332 4096 152 ) 
4 205 206 (3332 5120 704 ) (3332 5120 152 ) (3332 4096 152 ) (3332 4096 704 ) 
4 206 334 (3176 4096 704 ) (3176 4096 152 ) (3332 4096 152 ) (3332 4096 704 ) 
4 206 211 (3176 5120 152 ) (3332 5120 152 ) (3332 4096 152 ) (3176 4096 152 ) 
4 206 209 (3176 4364 152 ) (3176 4096 152 ) (3176 4096 396 ) (3176 4364 396 ) 
4 206 208 (3176 4602 152 ) (3176 4536 152 ) (3176 4536 262 ) (3176 4602 262 ) 
4 206 207 (3176 5120 152 ) (3176 4730 152 ) (3176 4730 396 ) (3176 5120 396 ) 
4 207 210 (3160 5120 152 ) (3160 4730 152 ) (3160 4730 396 ) (3160 5120 396 ) 
4 208 210 (3160 4602 152 ) (3160 4536 152 ) (3160 4536 262 ) (3160 4602 262 ) 
4 209 335 (3160 4096 152 ) (3176 4096 152 ) (3176 4096 396 ) (3160 4096 396 ) 
4 209 210 (3160 4364 152 ) (3160 4096 152 ) (3160 4096 396 ) (3160 4364 396 ) 
4 210 335 (3072 4096 396 ) (3072 4096 152 ) (3160 4096 152 ) (3160 4096 396 ) 
4 210 250 (3072 4096 152 ) (3072 4096 312 ) (3072 5120 312 ) (3072 5120 152 ) 
4 210 247 (3072 4096 312 ) (3072 4096 396 ) (3072 5120 396 ) (3072 5120 312 ) 
4 211 336 (4096 4096 -192 ) (4096 4096 152 ) (3176 4096 152 ) (3176 4096 -192 ) 
4 212 250 (3072 5120 152 ) (3072 5120 312 ) (2776 5120 312 ) (2776 5120 152 ) 
4 212 247 (3072 5120 312 ) (3072 5120 396 ) (2776 5120 396 ) (2776 5120 312 ) 
4 212 215 (2776 5168 152 ) (2776 5120 152 ) (2776 5120 312 ) (2776 5168 312 ) 
4 212 214 (2776 5120 312 ) (2776 5120 396 ) (2776 5168 396 ) (2776 5168 312 ) 
4 212 213 (2776 6144 152 ) (2776 5168 152 ) (2776 5168 396 ) (2776 6144 396 ) 
4 213 215 (2520 5168 152 ) (2776 5168 152 ) (2776 5168 312 ) (2520 5168 312 ) 
4 213 214 (2776 5168 312 ) (2776 5168 408 ) (2520 5168 408 ) (2520 5168 312 ) 
4 214 248 (2520 5120 312 ) (2776 5120 312 ) (2776 5120 408 ) (2520 5120 408 ) 
4 214 215 (2520 5168 312 ) (2776 5168 312 ) (2776 5120 312 ) (2520 5120 312 ) 
4 215 251 (2520 5120 152 ) (2776 5120 152 ) (2776 5120 312 ) (2520 5120 312 ) 
4 215 216 (2520 5120 312 ) (2520 5168 312 ) (2520 5168 152 ) (2520 5120 152 ) 
4 216 254 (2456 5120 152 ) (2504 5120 152 ) (2504 5120 312 ) (2456 5120 312 ) 
4 216 252 (2504 5120 152 ) (2520 5120 152 ) (2520 5120 312 ) (2504 5120 312 ) 
4 216 217 (2456 5168 288 ) (2456 5168 152 ) (2456 5120 152 ) (2456 5120 288 ) 
4 217 261 (2200 5120 152 ) (2272 5120 152 ) (2272 5120 288 ) (2200 5120 288 ) 
4 217 257 (2272 5120 152 ) (2280 5120 152 ) (2280 5120 288 ) (2272 5120 288 ) 
4 217 255 (2280 5120 152 ) (2456 5120 152 ) (2456 5120 288 ) (2280 5120 288 ) 
4 218 222 (1220 5620 424 ) (1220 5872 424 ) (1520 5872 424 ) (1520 5620 424 ) 
4 218 221 (1220 5704 424 ) (1220 5620 424 ) (1220 5620 464 ) (1220 5704 464 ) 
4 218 220 (1220 5872 424 ) (1220 5704 424 ) (1220 5704 464 ) (1220 5872 464 ) 
4 219 223 (1276 5152 424 ) (1276 5376 424 ) (1520 5376 424 ) (1520 5152 424 ) 
5 220 231 (1176 5872 424 ) (1220 5872 424 ) (1220 5744 424 ) (1180 5704 424 ) (1176 5704 424 ) 
3 220 224 (1220 5744 424 ) (1220 5704 424 ) (1180 5704 424 ) 
4 220 221 (1176 5704 424 ) (1220 5704 424 ) (1220 5704 464 ) (1176 5704 464 ) 
3 221 235 (1212 5628 424 ) (1197.500000 5642.500000 424 ) (1212 5657 424 ) 
4 221 234 (1220 5665 424 ) (1220 5620 424 ) (1212 5628 424 ) (1212 5657 424 ) 
3 221 232 (1176 5704 424 ) (1180 5704 424 ) (1176 5700 424 ) 
6 221 225 (1180 5704 424 ) (1220 5704 424 ) (1220 5665 424 ) (1197.500000 5642.500000 424 ) (1176 5664 424 ) (1176 5700 424 ) 
4 222 234 (1220 5665 296 ) (1220 5620 296 ) (1220 5620 424 ) (1220 5665 424 ) 
4 222 231 (1220 5928 296 ) (1220 5744 296 ) (1220 5744 424 ) (1220 5928 424 ) 
4 222 229 (1220 5704 296 ) (1220 5665 296 ) (1220 5665 399 ) (1220 5704 399 ) 
4 222 227 (1220 5744 296 ) (1220 5704 296 ) (1220 5704 399 ) (1220 5744 399 ) 
4 222 225 (1220 5665 399 ) (1220 5665 424 ) (1220 5704 424 ) (1220 5704 399 ) 
4 222 224 (1220 5704 424 ) (1220 5744 424 ) (1220 5744 399 ) (1220 5704 399 ) 
4 223 264 (1220 5120 296 ) (1276 5120 296 ) (1276 5120 424 ) (1220 5120 424 ) 
4 223 263 (1276 5120 296 ) (1576 5120 296 ) (1576 5120 424 ) (1276 5120 424 ) 
4 224 231 (1220 5743.998047 424 ) (1220 5743.998047 399 ) (1180 5704 399 ) (1180 5704 424 ) 
3 224 227 (1180 5704 399 ) (1220 5744 399 ) (1220 5704 399 ) 
4 224 225 (1179.992188 5704 424 ) (1179.992188 5704 399 ) (1220 5704 399 ) (1220 5704 424 ) 
4 225 235 (1212 5657 424 ) (1197.500000 5642.500000 424 ) (1197.500000 5642.500000 399 ) (1212 5657 399 ) 
4 225 234 (1220 5665 399 ) (1220 5665 424 ) (1212 5657 424 ) (1212 5657 399 ) 
4 225 232 (1180 5704 399 ) (1158 5682 399 ) (1158 5682 424 ) (1180 5704 424 ) 
5 225 229 (1158 5682 399 ) (1180 5704 399 ) (1220 5704 399 ) (1220 5664.996094 399 ) (1197.502075 5642.498047 399 ) 
4 226 238 (1136 5581 399 ) (1136 5581 424 ) (1136 5660 424 ) (1136 5660 399 ) 
4 226 236 (1193.499756 5638.499512 424 ) (1136 5581 424 ) (1136 5581 399 ) (1193.499756 5638.499512 399 ) 
4 226 233 (1154 5678 399 ) (1136 5660 399 ) (1136 5660 424 ) (1154 5678 424 ) 
4 226 228 (1136 5660 399 ) (1154 5678 399 ) (1193.501831 5638.497559 399 ) (1136 5580.996094 399 ) 
4 227 231 (1220 5743.998047 399 ) (1220 5743.998047 296 ) (1180 5704 296 ) (1180 5704 399 ) 
4 227 229 (1220 5704 296 ) (1220 5704 399 ) (1179.996094 5704 399 ) (1179.996094 5704 296 ) 
4 228 238 (1136 5660 296 ) (1136 5581 296 ) (1136 5581 399 ) (1136 5660 399 ) 
4 228 236 (1193.499634 5638.500000 399 ) (1136 5581 399 ) (1136 5581 296 ) (1193.499634 5638.500000 296 ) 
4 228 233 (1154 5678 296 ) (1136 5660 296 ) (1136 5660 399 ) (1154 5678 399 ) 
4 228 230 (1155.499756 5679.500000 296 ) (1155.499756 5679.500000 399 ) (1195 5640 399 ) (1195 5640 296 ) 
4 229 235 (1212 5657 399 ) (1197.500000 5642.500000 399 ) (1197.500000 5642.500000 296 ) (1212 5657 296 ) 
4 229 234 (1220 5665 296 ) (1220 5665 399 ) (1212 5657 399 ) (1212 5657 296 ) 
4 229 232 (1180 5704 296 ) (1158 5682 296 ) (1158 5682 399 ) (1180 5704 399 ) 
4 229 230 (1195.996094 5641.003906 296 ) (1195.996094 5641.003906 399 ) (1156.500000 5680.500000 399 ) (1156.500000 5680.500000 296 ) 
4 231 232 (1179.994141 5704 296 ) (1179.994141 5704 424 ) (1136 5704 424 ) (1136 5704 296 ) 
4 233 238 (1136 5696 296 ) (1136 5660 296 ) (1136 5660 424 ) (1136 5696 424 ) 
4 234 235 (1212 5656.998047 424 ) (1212 5656.998047 296 ) (1212 5628 296 ) (1212 5628 424 ) 
4 236 240 (1136 5568 296 ) (1136 5496 296 ) (1136 5496 424 ) (1136 5568 424 ) 
4 236 238 (1136 5581 296 ) (1136 5568 296 ) (1136 5568 424 ) (1136 5581 424 ) 
4 236 237 (1212 5496 296 ) (1212 5496 424 ) (1136 5496 424 ) (1136 5496 296 ) 
4 237 289 (1136 5120 296 ) (1212 5120 296 ) (1212 5120 424 ) (1136 5120 424 ) 
4 237 242 (1136 5496 296 ) (1136 5120 296 ) (1136 5120 424 ) (1136 5496 424 ) 
4 238 241 (1044 5568 296 ) (1116 5568 296 ) (1116 5568 424 ) (1044 5568 424 ) 
4 238 240 (1116 5568 296 ) (1136 5568 296 ) (1136 5568 424 ) (1116 5568 424 ) 
4 238 239 (1044 5568 296 ) (1044 5568 424 ) (1044 5696 424 ) (1044 5696 296 ) 
4 239 651 (1024 5696 296 ) (1024 5568 296 ) (1024 5568 424 ) (1024 5696 424 ) 
4 240 242 (1116 5496 296 ) (1136 5496 296 ) (1136 5496 424 ) (1116 5496 424 ) 
4 240 241 (1116 5568 424 ) (1116 5568 296 ) (1116 5496 296 ) (1116 5496 424 ) 
4 242 289 (1116 5120 296 ) (1136 5120 296 ) (1136 5120 424 ) (1116 5120 424 ) 
4 243 679 (1024 5312 296 ) (1024 5256 296 ) (1024 5256 424 ) (1024 5312 424 ) 
4 243 246 (1024 5256 296 ) (1052 5256 296 ) (1052 5256 424 ) (1024 5256 424 ) 
4 243 244 (1052 5256 296 ) (1108 5256 296 ) (1108 5256 424 ) (1052 5256 424 ) 
4 244 301 (1052 5120 296 ) (1108 5120 296 ) (1108 5120 424 ) (1052 5120 424 ) 
4 244 246 (1052 5256 424 ) (1052 5256 296 ) (1052 5120 296 ) (1052 5120 424 ) 
4 245 680 (1024 5120 424 ) (1024 5120 464 ) (1024 5256 464 ) (1024 5256 424 ) 
4 245 302 (1024 5120 464 ) (1024 5120 424 ) (1052 5120 424 ) (1052 5120 464 ) 
4 245 246 (1024 5256 424 ) (1052 5256 424 ) (1052 5120 424 ) (1024 5120 424 ) 
4 246 681 (1024 5256 296 ) (1024 5120 296 ) (1024 5120 424 ) (1024 5256 424 ) 
4 246 303 (1024 5120 424 ) (1024 5120 296 ) (1052 5120 296 ) (1052 5120 424 ) 
4 247 337 (3072 4096 312 ) (3072 4096 396 ) (2776 4096 396 ) (2776 4096 312 ) 
4 247 250 (3072 4096 312 ) (2776 4096 312 ) (2776 5120 312 ) (3072 5120 312 ) 
4 247 249 (2776 4688 312 ) (2776 4096 312 ) (2776 4096 396 ) (2776 4688 396 ) 
4 247 248 (2776 5120 312 ) (2776 4688 312 ) (2776 4688 396 ) (2776 5120 396 ) 
4 248 251 (2520 5120 312 ) (2776 5120 312 ) (2776 4688 312 ) (2520 4688 312 ) 
4 248 249 (2520 4688 312 ) (2776 4688 312 ) (2776 4688 408 ) (2520 4688 408 ) 
4 249 340 (2520 4096 312 ) (2776 4096 312 ) (2776 4096 408 ) (2520 4096 408 ) 
4 249 251 (2776 4096 312 ) (2520 4096 312 ) (2520 4688 312 ) (2776 4688 312 ) 
4 250 343 (3072 4096 152 ) (3072 4096 312 ) (2776 4096 312 ) (2776 4096 152 ) 
4 250 251 (2776 5120 152 ) (2776 4096 152 ) (2776 4096 312 ) (2776 5120 312 ) 
4 251 344 (2776 4096 312 ) (2520 4096 312 ) (2520 4096 152 ) (2776 4096 152 ) 
4 251 253 (2520 4688 152 ) (2520 4096 152 ) (2520 4096 264 ) (2520 4688 264 ) 
4 251 252 (2520 5120 152 ) (2520 4784 152 ) (2520 4784 312 ) (2520 5120 312 ) 
4 252 254 (2504 5120 152 ) (2504 4784 152 ) (2504 4784 312 ) (2504 5120 312 ) 
4 253 256 (2504 4688 152 ) (2504 4096 152 ) (2504 4096 264 ) (2504 4688 264 ) 
4 254 255 (2456 5120 152 ) (2456 4736 152 ) (2456 4736 288 ) (2456 5120 288 ) 
4 255 257 (2280 5120 152 ) (2280 4736 152 ) (2280 4736 288 ) (2280 5120 288 ) 
4 256 346 (2280 4096 296 ) (2280 4096 152 ) (2488 4096 152 ) (2488 4096 296 ) 
4 256 258 (2280 4524 152 ) (2280 4468 152 ) (2280 4468 256 ) (2280 4524 256 ) 
4 257 261 (2272 5120 152 ) (2272 4736 152 ) (2272 4736 288 ) (2272 5120 288 ) 
4 258 259 (2276 4468 152 ) (2276 4468 256 ) (2276 4524 256 ) (2276 4524 152 ) 
4 259 260 (2275 4468 152 ) (2275 4468 256 ) (2275 4524 256 ) (2275 4524 152 ) 
4 260 262 (2272 4524 152 ) (2272 4468 152 ) (2272 4468 256 ) (2272 4524 256 ) 
4 262 313 (2048 4560 152 ) (2048 4240 152 ) (2048 4240 280 ) (2048 4560 280 ) 
4 263 265 (1276 5096 296 ) (1284 5096 296 ) (1284 5096 400 ) (1276 5096 400 ) 
4 263 264 (1276 5120 296 ) (1276 5096 296 ) (1276 5096 424 ) (1276 5120 424 ) 
4 264 265 (1228 5096 296 ) (1276 5096 296 ) (1276 5096 400 ) (1228 5096 400 ) 
4 265 266 (1284 5093 296 ) (1284 5093 400 ) (1228 5093 400 ) (1228 5093 296 ) 
4 266 267 (1284 5092 296 ) (1284 5092 400 ) (1228 5092 400 ) (1228 5092 296 ) 
4 267 268 (1228 5088 296 ) (1284 5088 296 ) (1284 5088 400 ) (1228 5088 400 ) 
4 268 284 (1220 5088 296 ) (1220 4672 296 ) (1220 4672 424 ) (1220 5088 424 ) 
4 268 269 (1228 4672 296 ) (1284 4672 296 ) (1284 4672 400 ) (1228 4672 400 ) 
4 269 270 (1284 4668 296 ) (1284 4668 400 ) (1228 4668 400 ) (1228 4668 296 ) 
4 270 271 (1284 4667 296 ) (1284 4667 400 ) (1228 4667 400 ) (1228 4667 296 ) 
4 271 281 (1228 4664 296 ) (1276 4664 296 ) (1276 4664 399 ) (1228 4664 399 ) 
4 271 277 (1276 4664 399 ) (1276 4664 400 ) (1228 4664 400 ) (1228 4664 399 ) 
4 271 273 (1276 4664 296 ) (1284 4664 296 ) (1284 4664 400 ) (1276 4664 400 ) 
4 272 273 (1276 4192 424 ) (1276 4608 424 ) (1520 4608 424 ) (1520 4192 424 ) 
4 273 282 (1376 4136 296 ) (1504 4136 296 ) (1504 4136 424 ) (1376 4136 424 ) 
4 273 281 (1276 4664 399 ) (1276 4664 296 ) (1276 4232 296 ) (1276 4232 399 ) 
4 273 279 (1276 4232 296 ) (1276 4153 296 ) (1276 4153 399 ) (1276 4232 399 ) 
4 273 277 (1276 4664 424 ) (1276 4664 399 ) (1276 4232 399 ) (1276 4232 424 ) 
4 273 276 (1276 4232 399 ) (1276 4153 399 ) (1276 4153 424 ) (1276 4232 424 ) 
4 273 275 (1276 4153 296 ) (1276 4144 296 ) (1276 4144 424 ) (1276 4153 424 ) 
4 274 286 (1220 4192 296 ) (1220 4136 296 ) (1220 4136 424 ) (1220 4192 424 ) 
4 274 283 (1220 4136 424 ) (1220 4136 296 ) (1276 4136 296 ) (1276 4136 424 ) 
4 274 278 (1267.499878 4144.500000 296 ) (1228 4184 296 ) (1228 4184 399 ) (1267.499878 4144.500000 399 ) 
4 275 279 (1276 4153 399 ) (1276 4153 296 ) (1271.499878 4148.500000 296 ) (1271.499878 4148.500000 399 ) 
4 275 276 (1276 4153 424 ) (1276 4153 399 ) (1271.499878 4148.500000 399 ) (1271.499878 4148.500000 424 ) 
4 276 279 (1276 4232 399 ) (1276 4153 399 ) (1271.499756 4148.500000 399 ) (1232 4188 399 ) 
4 276 277 (1276 4232 424 ) (1276 4232 399 ) (1232 4188 399 ) (1232 4188 424 ) 
4 277 285 (1220 4352 424 ) (1220 4480 424 ) (1220 4480 399 ) (1220 4352 399 ) 
5 277 281 (1276 4664 399 ) (1276 4232 399 ) (1232 4188 399 ) (1220 4200 399 ) (1220 4664 399 ) 
4 278 280 (1229.498047 4185.501953 296 ) (1229.498047 4185.501953 399 ) (1269 4146 399 ) (1269 4146 296 ) 
4 279 281 (1232 4188 399 ) (1276 4232 399 ) (1276 4232 296 ) (1232 4188 296 ) 
4 279 280 (1230.498047 4186.501953 399 ) (1230.498047 4186.501953 296 ) (1270.003906 4146.996094 296 ) (1270.003906 4146.996094 399 ) 
4 281 285 (1220 4480 296 ) (1220 4352 296 ) (1220 4352 399 ) (1220 4480 399 ) 
4 282 287 (1376 4128 296 ) (1504 4128 296 ) (1504 4128 424 ) (1376 4128 424 ) 
4 283 288 (1220 4128 296 ) (1284 4128 296 ) (1284 4128 424 ) (1220 4128 424 ) 
4 283 286 (1220 4136 296 ) (1220 4128 296 ) (1220 4128 424 ) (1220 4136 424 ) 
4 284 289 (1212 5088 296 ) (1212 4672 296 ) (1212 4672 424 ) (1212 5088 424 ) 
4 285 289 (1212 4480 296 ) (1212 4352 296 ) (1212 4352 424 ) (1212 4480 424 ) 
4 286 290 (1212 4200 296 ) (1212 4128 296 ) (1212 4128 424 ) (1212 4200 424 ) 
4 286 288 (1212 4128 424 ) (1212 4128 296 ) (1220 4128 296 ) (1220 4128 424 ) 
4 287 386 (1352 4096 424 ) (1352 4096 296 ) (1576 4096 296 ) (1576 4096 424 ) 
4 288 391 (1212 4096 424 ) (1212 4096 296 ) (1344 4096 296 ) (1344 4096 424 ) 
4 288 290 (1212 4128 296 ) (1212 4096 296 ) (1212 4096 424 ) (1212 4128 424 ) 
4 289 298 (1116 4480 296 ) (1116 4352 296 ) (1116 4352 424 ) (1116 4480 424 ) 
4 289 295 (1116 4800 296 ) (1116 4744 296 ) (1116 4744 400 ) (1116 4800 400 ) 
4 289 294 (1116 4944 296 ) (1116 4816 296 ) (1116 4816 424 ) (1116 4944 424 ) 
4 289 291 (1116 5024 296 ) (1116 4968 296 ) (1116 4968 400 ) (1116 5024 400 ) 
4 289 290 (1212 4200 296 ) (1212 4200 424 ) (1116 4200 424 ) (1116 4200 296 ) 
4 290 392 (1116 4096 424 ) (1116 4096 296 ) (1212 4096 296 ) (1212 4096 424 ) 
4 290 300 (1116 4128 296 ) (1116 4096 296 ) (1116 4096 424 ) (1116 4128 424 ) 
4 290 299 (1116 4200 296 ) (1116 4128 296 ) (1116 4128 424 ) (1116 4200 424 ) 
4 291 292 (1110 4968 296 ) (1110 4968 400 ) (1110 5024 400 ) (1110 5024 296 ) 
4 292 293 (1109 4968 296 ) (1109 4968 400 ) (1109 5024 400 ) (1109 5024 296 ) 
4 293 304 (1108 5008 296 ) (1108 4968 296 ) (1108 4968 400 ) (1108 5008 400 ) 
4 293 301 (1108 5024 296 ) (1108 5008 296 ) (1108 5008 400 ) (1108 5024 400 ) 
4 294 305 (1108 4944 296 ) (1108 4816 296 ) (1108 4816 424 ) (1108 4944 424 ) 
4 295 296 (1113 4744 296 ) (1113 4744 400 ) (1113 4800 400 ) (1113 4800 296 ) 
4 296 297 (1112 4744 296 ) (1112 4744 400 ) (1112 4800 400 ) (1112 4800 296 ) 
4 297 307 (1108 4800 296 ) (1108 4744 296 ) (1108 4744 400 ) (1108 4800 400 ) 
4 298 307 (1108 4480 296 ) (1108 4352 296 ) (1108 4352 424 ) (1108 4480 424 ) 
4 299 308 (1108 4192 296 ) (1108 4128 296 ) (1108 4128 424 ) (1108 4192 424 ) 
4 299 300 (1108 4128 424 ) (1108 4128 296 ) (1116 4128 296 ) (1116 4128 424 ) 
4 300 393 (1108 4096 424 ) (1108 4096 296 ) (1116 4096 296 ) (1116 4096 424 ) 
4 300 312 (1108 4128 296 ) (1108 4096 296 ) (1108 4096 424 ) (1108 4128 424 ) 
4 301 304 (1052 5008 296 ) (1108 5008 296 ) (1108 5008 424 ) (1052 5008 424 ) 
4 301 303 (1052 5120 296 ) (1052 5008 296 ) (1052 5008 424 ) (1052 5120 424 ) 
4 302 765 (1024 5008 464 ) (1024 5120 464 ) (1024 5120 424 ) (1024 5008 424 ) 
4 302 303 (1024 5120 424 ) (1052 5120 424 ) (1052 5008 424 ) (1024 5008 424 ) 
4 303 766 (1024 5120 424 ) (1024 5120 296 ) (1024 5008 296 ) (1024 5008 424 ) 
4 303 304 (1024 5008 296 ) (1052 5008 296 ) (1052 5008 424 ) (1024 5008 424 ) 
4 304 767 (1024 5008 424 ) (1024 5008 296 ) (1024 4952 296 ) (1024 4952 424 ) 
4 305 769 (1024 4944 424 ) (1024 4944 296 ) (1024 4816 296 ) (1024 4816 424 ) 
4 306 771 (1024 4192 464 ) (1024 4752 464 ) (1024 4752 424 ) (1024 4192 424 ) 
4 306 307 (1052 4752 424 ) (1052 4192 424 ) (1024 4192 424 ) (1024 4752 424 ) 
4 307 774 (1024 4192 296 ) (1024 4136 296 ) (1024 4136 424 ) (1024 4192 424 ) 
4 307 772 (1024 4752 296 ) (1024 4192 296 ) (1024 4192 424 ) (1024 4752 424 ) 
4 307 770 (1024 4804 424 ) (1024 4804 296 ) (1024 4752 296 ) (1024 4752 424 ) 
4 307 310 (1056.500000 4148.500000 296 ) (1096 4188 296 ) (1096 4188 399 ) (1056.500000 4148.500000 399 ) 
4 308 312 (1044 4128 296 ) (1108 4128 296 ) (1108 4128 424 ) (1044 4128 424 ) 
4 308 309 (1100 4184 296 ) (1060.500000 4144.500000 296 ) (1060.500000 4144.500000 399 ) (1100 4184 399 ) 
4 309 311 (1098.500000 4185.500000 399 ) (1098.500000 4185.500000 296 ) (1059 4146 296 ) (1059 4146 399 ) 
4 310 311 (1097.500000 4186.500000 296 ) (1097.500000 4186.500000 399 ) (1058 4147 399 ) (1058 4147 296 ) 
4 312 775 (1024 4096 296 ) (1024 4096 424 ) (1024 4128 424 ) (1024 4128 296 ) 
4 312 393 (1024 4096 424 ) (1024 4096 296 ) (1108 4096 296 ) (1108 4096 424 ) 
4 314 797 (1024 4480 208 ) (1024 4576 208 ) (1024 4576 16 ) (1024 4480 16 ) 
4 314 795 (1024 4576 208 ) (1024 4784 208 ) (1024 4784 16 ) (1024 4576 16 ) 
4 314 792 (1024 4784 208 ) (1024 4880 208 ) (1024 4880 16 ) (1024 4784 16 ) 
4 315 801 (1024 4232 208 ) (1024 4464 208 ) (1024 4464 16 ) (1024 4232 16 ) 
4 316 802 (1024 4096 16 ) (1024 4096 208 ) (1024 4216 208 ) (1024 4216 16 ) 
4 316 399 (1024 4096 208 ) (1024 4096 16 ) (1064 4096 16 ) (1064 4096 208 ) 
4 317 321 (6144 3072 152 ) (6144 3072 1440 ) (5120 3072 1440 ) (5120 3072 152 ) 
4 317 319 (5120 4096 1440 ) (5120 4096 152 ) (5120 3072 152 ) (5120 3072 1440 ) 
4 317 318 (5120 3072 152 ) (5120 4096 152 ) (6144 4096 152 ) (6144 3072 152 ) 
4 318 322 (6144 3072 -192 ) (6144 3072 152 ) (5120 3072 152 ) (5120 3072 -192 ) 
4 318 320 (5120 4096 152 ) (5120 4096 -192 ) (5120 3072 -192 ) (5120 3072 152 ) 
4 319 333 (4096 4096 1440 ) (4096 4096 152 ) (4096 3072 152 ) (4096 3072 1440 ) 
4 319 324 (5120 3072 152 ) (5120 3072 1440 ) (4096 3072 1440 ) (4096 3072 152 ) 
4 319 320 (5120 3072 152 ) (4096 3072 152 ) (4096 4096 152 ) (5120 4096 152 ) 
4 320 336 (4096 4096 152 ) (4096 4096 -192 ) (4096 3072 -192 ) (4096 3072 152 ) 
4 320 325 (5120 3072 -192 ) (5120 3072 152 ) (4096 3072 152 ) (4096 3072 -192 ) 
4 321 327 (6144 2048 152 ) (6144 2048 1440 ) (5120 2048 1440 ) (5120 2048 152 ) 
4 321 324 (5120 2048 152 ) (5120 2048 1440 ) (5120 3072 1440 ) (5120 3072 152 ) 
4 321 322 (6144 2048 152 ) (5120 2048 152 ) (5120 3072 152 ) (6144 3072 152 ) 
4 322 328 (6144 2048 -192 ) (6144 2048 152 ) (5120 2048 152 ) (5120 2048 -192 ) 
4 322 325 (5120 2048 -192 ) (5120 2048 152 ) (5120 3072 152 ) (5120 3072 -192 ) 
4 322 323 (5376 2048 -192 ) (5120 2048 -192 ) (5120 2560 -192 ) (5376 2560 -192 ) 
4 323 329 (5376 2048 -337 ) (5376 2048 -192 ) (5120 2048 -192 ) (5120 2048 -337 ) 
4 323 326 (5120 2048 -337 ) (5120 2048 -192 ) (5120 2560 -192 ) (5120 2560 -337 ) 
4 324 404 (4096 2048 152 ) (4096 2048 396 ) (4096 3072 396 ) (4096 3072 152 ) 
4 324 401 (4096 2048 396 ) (4096 2048 1440 ) (4096 3072 1440 ) (4096 3072 396 ) 
4 324 330 (4096 2048 1440 ) (4096 2048 152 ) (5120 2048 152 ) (5120 2048 1440 ) 
4 324 325 (4096 3072 152 ) (5120 3072 152 ) (5120 2048 152 ) (4096 2048 152 ) 
4 325 410 (4096 2048 -192 ) (4096 2048 152 ) (4096 3072 152 ) (4096 3072 -192 ) 
4 325 331 (4096 2048 152 ) (4096 2048 -192 ) (5120 2048 -192 ) (5120 2048 152 ) 
4 325 326 (5120 2560 -192 ) (5120 2048 -192 ) (4608 2048 -192 ) (4608 2560 -192 ) 
4 326 332 (5120 2048 -337 ) (5120 2048 -192 ) (4608 2048 -192 ) (4608 2048 -337 ) 
4 327 1151 (6144 1024 152 ) (6144 1024 1440 ) (5120 1024 1440 ) (5120 1024 152 ) 
4 327 330 (5120 2048 1440 ) (5120 2048 152 ) (5120 1024 152 ) (5120 1024 1440 ) 
4 327 328 (6144 1024 152 ) (5120 1024 152 ) (5120 2048 152 ) (6144 2048 152 ) 
4 328 1152 (6144 1024 -192 ) (6144 1024 152 ) (5120 1024 152 ) (5120 1024 -192 ) 
4 328 331 (5120 2048 152 ) (5120 2048 -192 ) (5120 1024 -192 ) (5120 1024 152 ) 
4 328 329 (5120 2048 -192 ) (5376 2048 -192 ) (5376 1792 -192 ) (5120 1792 -192 ) 
4 329 332 (5120 2048 -192 ) (5120 2048 -337 ) (5120 1792 -337 ) (5120 1792 -192 ) 
4 330 1153 (5120 1024 152 ) (5120 1024 1440 ) (4096 1024 1440 ) (4096 1024 152 ) 
4 330 412 (4096 1024 152 ) (4096 1024 1440 ) (4096 2048 1440 ) (4096 2048 152 ) 
4 330 331 (5120 1024 152 ) (4096 1024 152 ) (4096 2048 152 ) (5120 2048 152 ) 
4 331 1154 (5120 1024 -192 ) (5120 1024 152 ) (4096 1024 152 ) (4096 1024 -192 ) 
4 331 413 (4096 1024 -192 ) (4096 1024 152 ) (4096 2048 152 ) (4096 2048 -192 ) 
4 331 332 (4608 2048 -192 ) (5120 2048 -192 ) (5120 1792 -192 ) (4608 1792 -192 ) 
4 333 404 (4096 3072 152 ) (4096 3072 396 ) (3332 3072 396 ) (3332 3072 152 ) 
4 333 401 (4096 3072 396 ) (4096 3072 1440 ) (3332 3072 1440 ) (3332 3072 396 ) 
4 333 336 (4096 3072 152 ) (3332 3072 152 ) (3332 4096 152 ) (4096 4096 152 ) 
4 333 334 (3332 4096 152 ) (3332 3072 152 ) (3332 3072 704 ) (3332 4096 704 ) 
4 334 404 (3176 3072 396 ) (3176 3072 152 ) (3332 3072 152 ) (3332 3072 396 ) 
4 334 402 (3176 3072 704 ) (3176 3072 396 ) (3332 3072 396 ) (3332 3072 704 ) 
4 334 336 (3332 3072 152 ) (3176 3072 152 ) (3176 4096 152 ) (3332 4096 152 ) 
4 334 335 (3176 4096 396 ) (3176 4096 152 ) (3176 3072 152 ) (3176 3072 396 ) 
4 335 408 (3072 3072 396 ) (3072 3072 152 ) (3160 3072 152 ) (3160 3072 396 ) 
4 335 405 (3160 3072 152 ) (3176 3072 152 ) (3176 3072 396 ) (3160 3072 396 ) 
4 335 364 (3072 3416 152 ) (3072 3072 152 ) (3072 3072 312 ) (3072 3416 312 ) 
4 335 360 (3072 3660 152 ) (3072 3416 152 ) (3072 3416 312 ) (3072 3660 312 ) 
4 335 343 (3072 4096 312 ) (3072 4096 152 ) (3072 3660 152 ) (3072 3660 312 ) 
4 335 337 (3072 4096 396 ) (3072 4096 312 ) (3072 3072 312 ) (3072 3072 396 ) 
4 336 410 (4096 3072 -192 ) (4096 3072 152 ) (3176 3072 152 ) (3176 3072 -192 ) 
4 337 430 (3072 3072 312 ) (3072 3072 396 ) (2776 3072 396 ) (2776 3072 312 ) 
4 337 364 (3072 3416 312 ) (3072 3072 312 ) (2776 3072 312 ) (2776 3416 312 ) 
4 337 360 (3072 3660 312 ) (3072 3416 312 ) (2776 3416 312 ) (2776 3660 312 ) 
4 337 343 (2776 4096 312 ) (3072 4096 312 ) (3072 3660 312 ) (2776 3660 312 ) 
4 337 340 (2776 4096 396 ) (2776 4096 312 ) (2776 3072 312 ) (2776 3072 396 ) 
4 338 432 (2048 3072 1008 ) (2048 3072 704 ) (2776 3072 704 ) (2776 3072 1008 ) 
4 338 382 (2048 3072 704 ) (2048 3072 1008 ) (2048 3264 1008 ) (2048 3264 704 ) 
4 338 339 (2048 3264 704 ) (2776 3264 704 ) (2776 3072 704 ) (2048 3072 704 ) 
4 339 433 (2048 3072 704 ) (2048 3072 448 ) (2776 3072 448 ) (2776 3072 704 ) 
4 339 387 (2048 3072 448 ) (2048 3072 464 ) (2048 3264 464 ) (2048 3264 448 ) 
4 339 385 (2048 3072 464 ) (2048 3072 512 ) (2048 3264 512 ) (2048 3264 464 ) 
4 339 384 (2048 3072 512 ) (2048 3072 704 ) (2048 3176 704 ) (2048 3176 512 ) 
4 339 383 (2048 3176 704 ) (2048 3264 704 ) (2048 3264 512 ) (2048 3176 512 ) 
4 340 434 (2536 3072 312 ) (2776 3072 312 ) (2776 3072 408 ) (2536 3072 408 ) 
4 340 437 (2520 3072 312 ) (2536 3072 312 ) (2536 3072 408 ) (2520 3072 408 ) 
4 340 365 (2776 3416 312 ) (2776 3072 312 ) (2520 3072 312 ) (2520 3416 312 ) 
4 340 361 (2776 3660 312 ) (2776 3416 312 ) (2520 3416 312 ) (2520 3660 312 ) 
4 340 344 (2520 4096 312 ) (2776 4096 312 ) (2776 3660 312 ) (2520 3660 312 ) 
4 340 341 (2520 4064 312 ) (2520 3264 312 ) (2520 3264 408 ) (2520 4064 408 ) 
4 341 366 (2520 3416 312 ) (2520 3264 312 ) (2504 3264 312 ) (2504 3416 312 ) 
4 341 362 (2520 3660 312 ) (2520 3416 312 ) (2504 3416 312 ) (2504 3660 312 ) 
4 341 345 (2520 4064 312 ) (2520 3660 312 ) (2504 3660 312 ) (2504 4064 312 ) 
4 341 342 (2504 3680 312 ) (2504 3648 312 ) (2504 3648 408 ) (2504 3680 408 ) 
4 342 362 (2504 3660 312 ) (2504 3648 312 ) (2488 3648 312 ) (2488 3660 312 ) 
4 342 345 (2504 3680 312 ) (2504 3660 312 ) (2488 3660 312 ) (2488 3680 312 ) 
4 343 360 (2776 3660 152 ) (3072 3660 152 ) (3072 3660 312 ) (2776 3660 312 ) 
4 343 344 (2776 4096 152 ) (2776 3660 152 ) (2776 3660 312 ) (2776 4096 312 ) 
4 344 361 (2520 3660 152 ) (2776 3660 152 ) (2776 3660 312 ) (2520 3660 312 ) 
4 344 345 (2520 4064 152 ) (2520 3660 152 ) (2520 3660 312 ) (2520 4064 312 ) 
4 345 362 (2488 3660 152 ) (2520 3660 152 ) (2520 3660 312 ) (2488 3660 312 ) 
4 345 356 (2488 3668 152 ) (2488 3660 152 ) (2488 3660 312 ) (2488 3668 312 ) 
4 345 354 (2488 4002 152 ) (2488 3668 152 ) (2488 3668 312 ) (2488 4002 312 ) 
4 345 350 (2488 4058 152 ) (2488 4002 152 ) (2488 4002 256 ) (2488 4058 256 ) 
4 345 349 (2488 4002 256 ) (2488 4002 312 ) (2488 4058 312 ) (2488 4058 256 ) 
4 345 348 (2488 4064 152 ) (2488 4058 152 ) (2488 4058 312 ) (2488 4064 312 ) 
4 346 347 (2280 4091 296 ) (2280 4091 152 ) (2488 4091 152 ) (2488 4091 296 ) 
4 348 350 (2288 4058 152 ) (2488 4058 152 ) (2488 4058 256 ) (2288 4058 256 ) 
4 348 349 (2488 4058 256 ) (2488 4058 312 ) (2288 4058 312 ) (2288 4058 256 ) 
4 349 354 (2288 4002 256 ) (2488 4002 256 ) (2488 4002 312 ) (2288 4002 312 ) 
4 349 350 (2488 4002 256 ) (2288 4002 256 ) (2288 4058 256 ) (2488 4058 256 ) 
4 350 354 (2288 4002 152 ) (2488 4002 152 ) (2488 4002 256 ) (2288 4002 256 ) 
4 350 351 (2288 4002 152 ) (2288 4002 256 ) (2288 4058 256 ) (2288 4058 152 ) 
4 351 352 (2284 4002 152 ) (2284 4002 256 ) (2284 4058 256 ) (2284 4058 152 ) 
4 352 353 (2283 4002 152 ) (2283 4002 256 ) (2283 4058 256 ) (2283 4058 152 ) 
4 353 357 (2280 4058 152 ) (2280 4002 152 ) (2280 4002 256 ) (2280 4058 256 ) 
4 354 356 (2452 3668 152 ) (2488 3668 152 ) (2488 3668 312 ) (2452 3668 312 ) 
4 354 355 (2288 3864 152 ) (2288 3668 152 ) (2288 3668 312 ) (2288 3864 312 ) 
4 355 359 (2280 3864 152 ) (2280 3668 152 ) (2280 3668 312 ) (2280 3864 312 ) 
4 356 362 (2452 3660 152 ) (2488 3660 152 ) (2488 3660 312 ) (2452 3660 312 ) 
4 357 358 (2272 4064 152 ) (2272 3872 152 ) (2272 3872 312 ) (2272 4064 312 ) 
4 360 364 (2776 3416 152 ) (3072 3416 152 ) (3072 3416 312 ) (2776 3416 312 ) 
4 360 361 (2776 3660 312 ) (2776 3660 152 ) (2776 3416 152 ) (2776 3416 312 ) 
4 361 365 (2520 3416 152 ) (2776 3416 152 ) (2776 3416 312 ) (2520 3416 312 ) 
4 361 362 (2520 3660 312 ) (2520 3660 152 ) (2520 3416 152 ) (2520 3416 312 ) 
4 362 370 (2292 3416 152 ) (2336 3416 152 ) (2336 3416 312 ) (2292 3416 312 ) 
4 362 367 (2336 3416 152 ) (2504 3416 152 ) (2504 3416 312 ) (2336 3416 312 ) 
4 362 366 (2504 3416 152 ) (2520 3416 152 ) (2520 3416 312 ) (2504 3416 312 ) 
4 362 363 (2292 3660 312 ) (2292 3660 152 ) (2292 3424 152 ) (2292 3424 312 ) 
4 364 430 (3072 3072 152 ) (3072 3072 312 ) (2776 3072 312 ) (2776 3072 152 ) 
4 364 365 (2776 3416 312 ) (2776 3416 152 ) (2776 3072 152 ) (2776 3072 312 ) 
4 365 438 (2776 3072 312 ) (2536 3072 312 ) (2536 3072 152 ) (2776 3072 152 ) 
4 365 440 (2536 3072 312 ) (2520 3072 312 ) (2520 3072 152 ) (2536 3072 152 ) 
4 365 366 (2520 3416 312 ) (2520 3416 152 ) (2520 3264 152 ) (2520 3264 312 ) 
4 366 367 (2504 3416 312 ) (2504 3416 152 ) (2504 3264 152 ) (2504 3264 312 ) 
4 367 370 (2336 3416 312 ) (2336 3416 152 ) (2336 3253 152 ) (2336 3253 312 ) 
4 367 368 (2336 3253.001953 312 ) (2336 3253.001953 152 ) (2337.001953 3252 152 ) (2337.001953 3252 312 ) 
4 368 371 (2336 3253 152 ) (2336 3252 152 ) (2336 3252 312 ) (2336 3253 312 ) 
4 369 374 (2292 3296 152 ) (2292 3252 152 ) (2292 3252 312 ) (2292 3296 312 ) 
4 369 371 (2336 3252 312 ) (2336 3252 152 ) (2292 3296 152 ) (2292 3296 312 ) 
4 369 372 (2292 3252 312 ) (2292 3252 152 ) (2336 3252 152 ) (2336 3252 312 ) 
4 370 371 (2292 3297.001953 312 ) (2292 3297.001953 152 ) (2336 3253.001953 152 ) (2336 3253.001953 312 ) 
4 372 376 (2292 3244 152 ) (2336 3244 152 ) (2336 3244 312 ) (2292 3244 312 ) 
4 372 374 (2292 3252 152 ) (2292 3244 152 ) (2292 3244 312 ) (2292 3252 312 ) 
4 373 375 (2128 3296 312 ) (2128 3296 152 ) (2284 3296 152 ) (2284 3296 312 ) 
4 374 376 (2284 3244 152 ) (2292 3244 152 ) (2292 3244 312 ) (2284 3244 312 ) 
4 374 375 (2284 3296 312 ) (2284 3296 152 ) (2284 3244 152 ) (2284 3244 312 ) 
4 375 376 (2128 3244 312 ) (2128 3244 152 ) (2284 3244 152 ) (2284 3244 312 ) 
4 377 380 (2432 3192 312 ) (2432 3192 152 ) (2432 3096 152 ) (2432 3096 312 ) 
4 377 378 (2432 3096 312 ) (2432 3096 152 ) (2504 3096 152 ) (2504 3096 312 ) 
4 378 379 (2432 3095 312 ) (2432 3095 152 ) (2504 3095 152 ) (2504 3095 312 ) 
4 379 446 (2504 3072 312 ) (2432 3072 312 ) (2432 3072 152 ) (2504 3072 152 ) 
4 380 381 (2416 3192 312 ) (2416 3192 152 ) (2416 3096 152 ) (2416 3096 312 ) 
4 381 451 (2416 3072 312 ) (2152 3072 312 ) (2152 3072 152 ) (2416 3072 152 ) 
4 382 473 (2048 3072 704 ) (2048 3072 1008 ) (1992 3072 1008 ) (1992 3072 704 ) 
4 382 384 (2048 3072 704 ) (1992 3072 704 ) (1992 3176 704 ) (2048 3176 704 ) 
4 382 383 (1992 3176 704 ) (1992 3264 704 ) (2048 3264 704 ) (2048 3176 704 ) 
4 383 385 (1992 3264 512 ) (2048 3264 512 ) (2048 3176 512 ) (1992 3176 512 ) 
4 383 384 (1992 3176 512 ) (2048 3176 512 ) (2048 3176 704 ) (1992 3176 704 ) 
4 384 474 (2048 3072 512 ) (2048 3072 704 ) (1992 3072 704 ) (1992 3072 512 ) 
4 384 385 (1992 3176 512 ) (2048 3176 512 ) (2048 3072 512 ) (1992 3072 512 ) 
4 385 474 (2048 3072 464 ) (2048 3072 512 ) (1992 3072 512 ) (1992 3072 464 ) 
4 385 387 (2048 3072 464 ) (1992 3072 464 ) (1992 3264 464 ) (2048 3264 464 ) 
4 386 398 (1352 3992 296 ) (1352 3680 296 ) (1352 3680 424 ) (1352 3992 424 ) 
4 386 388 (1352 4088 296 ) (1352 4032 296 ) (1352 4032 400 ) (1352 4088 400 ) 
4 387 474 (2048 3072 448 ) (2048 3072 464 ) (1992 3072 464 ) (1992 3072 448 ) 
4 388 389 (1349 4032 296 ) (1349 4032 400 ) (1349 4088 400 ) (1349 4088 296 ) 
4 389 390 (1348 4032 296 ) (1348 4032 400 ) (1348 4088 400 ) (1348 4088 296 ) 
4 390 391 (1344 4088 296 ) (1344 4032 296 ) (1344 4032 400 ) (1344 4088 400 ) 
4 391 392 (1212 4096 296 ) (1212 4000 296 ) (1212 4000 424 ) (1212 4096 424 ) 
4 392 393 (1116 4096 296 ) (1116 4000 296 ) (1116 4000 424 ) (1116 4096 424 ) 
4 393 860 (1024 4096 424 ) (1024 4096 296 ) (1024 4000 296 ) (1024 4000 424 ) 
4 393 394 (1024 4000 296 ) (1052 4000 296 ) (1052 4000 400 ) (1024 4000 400 ) 
4 394 864 (1024 4000 400 ) (1024 4000 296 ) (1024 3996 296 ) (1024 3996 400 ) 
4 394 395 (1024 3996 296 ) (1052 3996 296 ) (1052 3996 400 ) (1024 3996 400 ) 
4 395 865 (1024 3996 296 ) (1024 3995 296 ) (1024 3995 400 ) (1024 3996 400 ) 
4 395 396 (1024 3995 296 ) (1052 3995 296 ) (1052 3995 400 ) (1024 3995 400 ) 
4 396 866 (1024 3995 296 ) (1024 3992 296 ) (1024 3992 400 ) (1024 3995 400 ) 
4 396 398 (1024 3992 296 ) (1052 3992 296 ) (1052 3992 400 ) (1024 3992 400 ) 
4 397 867 (1024 3736 464 ) (1024 3936 464 ) (1024 3936 424 ) (1024 3736 424 ) 
4 397 398 (1352 3936 424 ) (1352 3736 424 ) (1024 3736 424 ) (1024 3936 424 ) 
4 398 868 (1024 3680 424 ) (1024 3992 424 ) (1024 3992 296 ) (1024 3680 296 ) 
4 399 905 (1024 4096 192 ) (1024 4096 16 ) (1024 4000 16 ) (1024 4000 192 ) 
4 399 892 (1024 4096 208 ) (1024 4096 192 ) (1024 4000 192 ) (1024 4000 208 ) 
4 400 915 (1024 3072 16 ) (1024 3072 144 ) (1024 3104 144 ) (1024 3104 16 ) 
4 400 533 (1208 3072 144 ) (1024 3072 144 ) (1024 3072 16 ) (1208 3072 16 ) 
4 401 412 (4096 2048 396 ) (4096 2048 1440 ) (3332 2048 1440 ) (3332 2048 396 ) 
4 401 404 (3332 3072 396 ) (4096 3072 396 ) (4096 2048 396 ) (3332 2048 396 ) 
4 401 402 (3332 3072 704 ) (3332 3072 396 ) (3332 2048 396 ) (3332 2048 704 ) 
4 402 415 (3176 2048 704 ) (3176 2048 396 ) (3316 2048 396 ) (3316 2048 704 ) 
4 402 414 (3316 2048 396 ) (3332 2048 396 ) (3332 2048 704 ) (3316 2048 704 ) 
4 402 404 (3176 3072 396 ) (3332 3072 396 ) (3332 2048 396 ) (3176 2048 396 ) 
4 402 403 (3176 2072 396 ) (3176 2048 396 ) (3176 2048 704 ) (3176 2072 704 ) 
4 403 429 (3072 2072 396 ) (3072 2048 396 ) (3072 2048 704 ) (3072 2072 704 ) 
4 403 416 (3072 2048 704 ) (3072 2048 396 ) (3176 2048 396 ) (3176 2048 704 ) 
4 403 409 (3072 2048 396 ) (3072 2072 396 ) (3160 2072 396 ) (3160 2048 396 ) 
4 403 407 (3160 2072 396 ) (3176 2072 396 ) (3176 2048 396 ) (3160 2048 396 ) 
4 404 415 (3316 2048 396 ) (3176 2048 396 ) (3176 2048 152 ) (3316 2048 152 ) 
4 404 414 (3332 2048 396 ) (3316 2048 396 ) (3316 2048 152 ) (3332 2048 152 ) 
4 404 412 (4096 2048 152 ) (4096 2048 396 ) (3332 2048 396 ) (3332 2048 152 ) 
4 404 410 (4096 2048 152 ) (3176 2048 152 ) (3176 3072 152 ) (4096 3072 152 ) 
4 404 407 (3176 2072 152 ) (3176 2048 152 ) (3176 2048 396 ) (3176 2072 396 ) 
4 404 406 (3176 2636 152 ) (3176 2174 152 ) (3176 2174 396 ) (3176 2636 396 ) 
4 404 405 (3176 3072 152 ) (3176 3002 152 ) (3176 3002 396 ) (3176 3072 396 ) 
4 405 408 (3160 3072 152 ) (3160 3002 152 ) (3160 3002 396 ) (3160 3072 396 ) 
4 406 408 (3160 2636 152 ) (3160 2174 152 ) (3160 2174 396 ) (3160 2636 396 ) 
4 407 416 (3176 2048 396 ) (3160 2048 396 ) (3160 2048 152 ) (3176 2048 152 ) 
4 407 411 (3176 2048 152 ) (3160 2048 152 ) (3160 2072 152 ) (3176 2072 152 ) 
4 407 409 (3160 2072 152 ) (3160 2048 152 ) (3160 2048 396 ) (3160 2072 396 ) 
4 408 430 (3072 3072 396 ) (3072 3072 152 ) (3072 2088 152 ) (3072 2088 396 ) 
4 409 431 (3072 2072 152 ) (3072 2048 152 ) (3072 2048 396 ) (3072 2072 396 ) 
4 409 416 (3160 2048 396 ) (3072 2048 396 ) (3072 2048 152 ) (3160 2048 152 ) 
4 409 411 (3160 2048 152 ) (3072 2048 152 ) (3072 2072 152 ) (3160 2072 152 ) 
4 410 427 (3332 2048 152 ) (3176 2048 152 ) (3176 2048 -192 ) (3332 2048 -192 ) 
4 410 413 (4096 2048 -192 ) (4096 2048 152 ) (3332 2048 152 ) (3332 2048 -192 ) 
4 410 411 (3176 2072 -192 ) (3176 2048 -192 ) (3176 2048 152 ) (3176 2072 152 ) 
4 411 472 (3072 2072 -192 ) (3072 2048 -192 ) (3072 2048 16 ) (3072 2072 16 ) 
4 411 469 (3072 2048 16 ) (3072 2048 152 ) (3072 2072 152 ) (3072 2072 16 ) 
4 411 428 (3176 2048 152 ) (3072 2048 152 ) (3072 2048 -192 ) (3176 2048 -192 ) 
4 412 1163 (4096 1024 152 ) (4096 1024 1440 ) (3332 1024 1440 ) (3332 1024 152 ) 
4 412 422 (3332 1188 152 ) (3332 1024 152 ) (3332 1024 704 ) (3332 1188 704 ) 
4 412 417 (3332 1924 152 ) (3332 1188 152 ) (3332 1188 704 ) (3332 1924 704 ) 
4 412 414 (3332 2048 704 ) (3332 2048 152 ) (3332 1924 152 ) (3332 1924 704 ) 
4 412 413 (3332 1024 152 ) (3332 2048 152 ) (4096 2048 152 ) (4096 1024 152 ) 
4 413 1167 (4096 1024 -192 ) (4096 1024 152 ) (3332 1024 152 ) (3332 1024 -192 ) 
4 413 427 (3332 2048 152 ) (3332 2048 -192 ) (3332 1024 -192 ) (3332 1024 152 ) 
4 414 427 (3332 2048 152 ) (3332 1924 152 ) (3316 1924 152 ) (3316 2048 152 ) 
4 414 417 (3316 1924 152 ) (3332 1924 152 ) (3332 1924 704 ) (3316 1924 704 ) 
4 414 415 (3316 2048 704 ) (3316 2048 152 ) (3316 1924 152 ) (3316 1924 704 ) 
4 415 427 (3316 1924 152 ) (3176 1924 152 ) (3176 2048 152 ) (3316 2048 152 ) 
4 415 419 (3176 1924 152 ) (3316 1924 152 ) (3316 1924 704 ) (3176 1924 704 ) 
4 415 416 (3176 2048 152 ) (3176 1924 152 ) (3176 1924 704 ) (3176 2048 704 ) 
4 416 547 (3072 2048 396 ) (3072 2048 152 ) (3072 1924 152 ) (3072 1924 396 ) 
4 416 546 (3072 2048 704 ) (3072 2048 396 ) (3072 1924 396 ) (3072 1924 704 ) 
4 416 428 (3176 1924 152 ) (3072 1924 152 ) (3072 2048 152 ) (3176 2048 152 ) 
4 416 421 (3072 1924 152 ) (3176 1924 152 ) (3176 1924 704 ) (3072 1924 704 ) 
4 417 427 (3332 1924 152 ) (3332 1188 152 ) (3316 1188 152 ) (3316 1924 152 ) 
4 417 422 (3316 1188 152 ) (3332 1188 152 ) (3332 1188 704 ) (3316 1188 704 ) 
4 417 419 (3316 1924 704 ) (3316 1924 152 ) (3316 1188 152 ) (3316 1188 704 ) 
4 418 420 (3176 1188 736 ) (3176 1188 3584 ) (3176 1924 3584 ) (3176 1924 736 ) 
4 419 427 (3316 1188 152 ) (3176 1188 152 ) (3176 1924 152 ) (3316 1924 152 ) 
4 419 423 (3176 1188 152 ) (3316 1188 152 ) (3316 1188 704 ) (3176 1188 704 ) 
4 419 421 (3176 1188 152 ) (3176 1188 704 ) (3176 1924 704 ) (3176 1924 152 ) 
4 420 544 (3072 1924 3584 ) (3072 1924 736 ) (3072 1188 736 ) (3072 1188 3584 ) 
4 421 551 (3072 1340 152 ) (3072 1188 152 ) (3072 1188 396 ) (3072 1340 396 ) 
4 421 548 (3072 1788 152 ) (3072 1340 152 ) (3072 1340 396 ) (3072 1788 396 ) 
4 421 547 (3072 1924 396 ) (3072 1924 152 ) (3072 1788 152 ) (3072 1788 396 ) 
4 421 546 (3072 1924 704 ) (3072 1924 396 ) (3072 1188 396 ) (3072 1188 704 ) 
4 421 428 (3176 1188 152 ) (3072 1188 152 ) (3072 1924 152 ) (3176 1924 152 ) 
4 421 425 (3072 1188 396 ) (3072 1188 152 ) (3176 1188 152 ) (3176 1188 396 ) 
4 421 424 (3072 1188 704 ) (3072 1188 396 ) (3176 1188 396 ) (3176 1188 704 ) 
4 422 1164 (3332 1024 152 ) (3332 1024 704 ) (3316 1024 704 ) (3316 1024 152 ) 
4 422 427 (3332 1188 152 ) (3332 1024 152 ) (3316 1024 152 ) (3316 1188 152 ) 
4 422 423 (3316 1188 704 ) (3316 1188 152 ) (3316 1024 152 ) (3316 1024 704 ) 
4 423 1164 (3176 1024 704 ) (3176 1024 152 ) (3316 1024 152 ) (3316 1024 704 ) 
4 423 427 (3316 1024 152 ) (3176 1024 152 ) (3176 1188 152 ) (3316 1188 152 ) 
4 423 425 (3176 1188 396 ) (3176 1188 152 ) (3176 1048 152 ) (3176 1048 396 ) 
4 423 424 (3176 1188 704 ) (3176 1188 396 ) (3176 1048 396 ) (3176 1048 704 ) 
4 424 546 (3072 1048 704 ) (3072 1188 704 ) (3072 1188 396 ) (3072 1048 396 ) 
4 424 425 (3072 1048 396 ) (3072 1188 396 ) (3176 1188 396 ) (3176 1048 396 ) 
4 425 551 (3072 1048 396 ) (3072 1188 396 ) (3072 1188 152 ) (3072 1048 152 ) 
4 425 428 (3072 1048 152 ) (3072 1188 152 ) (3176 1188 152 ) (3176 1048 152 ) 
4 426 1166 (3072 1024 396 ) (3072 1024 152 ) (3160 1024 152 ) (3160 1024 396 ) 
4 426 552 (3072 1024 152 ) (3072 1024 396 ) (3072 1032 396 ) (3072 1032 152 ) 
4 427 1167 (3332 1024 -192 ) (3332 1024 152 ) (3176 1024 152 ) (3176 1024 -192 ) 
4 427 428 (3176 2048 -192 ) (3176 1048 -192 ) (3176 1048 152 ) (3176 2048 152 ) 
4 428 585 (3072 2048 16 ) (3072 2048 -192 ) (3072 1048 -192 ) (3072 1048 16 ) 
4 428 573 (3072 2048 144 ) (3072 2048 16 ) (3072 1048 16 ) (3072 1048 144 ) 
4 428 572 (3072 1048 152 ) (3072 2048 152 ) (3072 2048 144 ) (3072 1048 144 ) 
4 429 546 (3072 2048 396 ) (3072 2048 704 ) (2856 2048 704 ) (2856 2048 396 ) 
4 429 431 (3072 2048 396 ) (2856 2048 396 ) (2856 2072 396 ) (3072 2072 396 ) 
4 430 439 (2776 2090 152 ) (2776 2088 152 ) (2776 2088 312 ) (2776 2090 312 ) 
4 430 438 (2776 3072 312 ) (2776 3072 152 ) (2776 2090 152 ) (2776 2090 312 ) 
4 430 436 (2776 2090 312 ) (2776 2088 312 ) (2776 2088 396 ) (2776 2090 396 ) 
4 430 434 (2776 3072 396 ) (2776 3072 312 ) (2776 2090 312 ) (2776 2090 396 ) 
4 431 547 (3072 2048 152 ) (3072 2048 396 ) (2856 2048 396 ) (2856 2048 152 ) 
4 431 469 (3072 2048 152 ) (2856 2048 152 ) (2856 2072 152 ) (3072 2072 152 ) 
4 432 494 (2048 2168 704 ) (2048 2088 704 ) (2048 2088 1008 ) (2048 2168 1008 ) 
4 432 473 (2048 3072 1008 ) (2048 3072 704 ) (2048 2168 704 ) (2048 2168 1008 ) 
4 432 461 (2776 2088 704 ) (2776 2088 1008 ) (2048 2088 1008 ) (2048 2088 704 ) 
4 432 433 (2776 2088 704 ) (2048 2088 704 ) (2048 3072 704 ) (2776 3072 704 ) 
4 433 496 (2048 2168 448 ) (2048 2088 448 ) (2048 2088 488 ) (2048 2168 488 ) 
4 433 495 (2048 2088 488 ) (2048 2088 704 ) (2048 2168 704 ) (2048 2168 488 ) 
4 433 474 (2048 3072 704 ) (2048 3072 448 ) (2048 2168 448 ) (2048 2168 704 ) 
4 433 462 (2776 2088 448 ) (2776 2088 704 ) (2048 2088 704 ) (2048 2088 448 ) 
4 434 438 (2536 2090 312 ) (2536 3072 312 ) (2776 3072 312 ) (2776 2090 312 ) 
4 434 436 (2536 2090 396 ) (2536 2090 312 ) (2776 2090 312 ) (2776 2090 396 ) 
4 434 435 (2536 2090 408 ) (2536 2090 396 ) (2776 2090 396 ) (2776 2090 408 ) 
4 434 437 (2536 3072 312 ) (2536 2090 312 ) (2536 2090 408 ) (2536 3072 408 ) 
4 435 437 (2536 2088 396 ) (2536 2088 408 ) (2536 2090 408 ) (2536 2090 396 ) 
4 435 436 (2776 2088 396 ) (2536 2088 396 ) (2536 2090 396 ) (2776 2090 396 ) 
4 436 464 (2776 2088 312 ) (2776 2088 396 ) (2536 2088 396 ) (2536 2088 312 ) 
4 436 439 (2776 2088 312 ) (2536 2088 312 ) (2536 2090 312 ) (2776 2090 312 ) 
4 436 437 (2536 2090 312 ) (2536 2088 312 ) (2536 2088 396 ) (2536 2090 396 ) 
4 437 440 (2536 2088 312 ) (2520 2088 312 ) (2520 3072 312 ) (2536 3072 312 ) 
4 438 440 (2536 3072 152 ) (2536 2090 152 ) (2536 2090 312 ) (2536 3072 312 ) 
4 438 439 (2536 2090 312 ) (2536 2090 152 ) (2776 2090 152 ) (2776 2090 312 ) 
4 439 464 (2536 2088 152 ) (2776 2088 152 ) (2776 2088 312 ) (2536 2088 312 ) 
4 439 440 (2536 2090 152 ) (2536 2088 152 ) (2536 2088 312 ) (2536 2090 312 ) 
4 440 443 (2520 2312 152 ) (2520 2184 152 ) (2520 2184 312 ) (2520 2312 312 ) 
4 440 442 (2520 2792 152 ) (2520 2664 152 ) (2520 2664 312 ) (2520 2792 312 ) 
4 440 441 (2520 3008 152 ) (2520 2880 152 ) (2520 2880 312 ) (2520 3008 312 ) 
4 441 446 (2504 3008 152 ) (2504 2880 152 ) (2504 2880 312 ) (2504 3008 312 ) 
4 442 447 (2504 2792 152 ) (2504 2664 152 ) (2504 2664 312 ) (2504 2792 312 ) 
4 443 444 (2512 2312 312 ) (2512 2312 152 ) (2512 2184 152 ) (2512 2184 312 ) 
4 444 445 (2511 2312 312 ) (2511 2312 152 ) (2511 2184 152 ) (2511 2184 312 ) 
4 445 453 (2504 2312 152 ) (2504 2184 152 ) (2504 2184 312 ) (2504 2312 312 ) 
4 447 448 (2432 2569 312 ) (2432 2569 152 ) (2504 2569 152 ) (2504 2569 312 ) 
4 448 449 (2432 2568 312 ) (2432 2568 152 ) (2504 2568 152 ) (2504 2568 312 ) 
4 449 450 (2432 2568 152 ) (2432 2488 152 ) (2432 2488 312 ) (2432 2568 312 ) 
4 450 452 (2416 2568 152 ) (2416 2488 152 ) (2416 2488 312 ) (2416 2568 312 ) 
4 453 454 (2280 2248 152 ) (2280 2192 152 ) (2280 2192 256 ) (2280 2248 256 ) 
4 454 456 (2272 2248 152 ) (2272 2192 152 ) (2272 2192 256 ) (2272 2248 256 ) 
4 455 456 (2272 2152 280 ) (2112 2152 280 ) (2112 2168 280 ) (2272 2168 280 ) 
4 456 457 (2112 2376 280 ) (2112 2480 280 ) (2112 2480 152 ) (2112 2376 152 ) 
4 457 459 (2104 2480 176 ) (2104 2480 152 ) (2104 2376 152 ) (2104 2376 176 ) 
4 457 458 (2104 2480 280 ) (2104 2480 176 ) (2104 2376 176 ) (2104 2376 280 ) 
4 458 475 (2048 2376 280 ) (2048 2480 280 ) (2048 2480 176 ) (2048 2376 176 ) 
4 458 459 (2048 2376 176 ) (2048 2480 176 ) (2104 2480 176 ) (2104 2376 176 ) 
4 459 476 (2048 2480 152 ) (2048 2376 152 ) (2048 2376 176 ) (2048 2480 176 ) 
4 460 477 (2048 2360 152 ) (2048 2242 152 ) (2048 2242 176 ) (2048 2360 176 ) 
4 460 466 (2048 2242 152 ) (2048 2360 152 ) (2104 2360 152 ) (2104 2242 152 ) 
4 461 558 (2048 2048 1008 ) (2048 2048 704 ) (2776 2048 704 ) (2776 2048 1008 ) 
4 461 494 (2048 2048 704 ) (2048 2048 1008 ) (2048 2088 1008 ) (2048 2088 704 ) 
4 461 462 (2048 2088 704 ) (2776 2088 704 ) (2776 2048 704 ) (2048 2048 704 ) 
4 462 559 (2048 2048 704 ) (2048 2048 448 ) (2776 2048 448 ) (2776 2048 704 ) 
4 462 496 (2048 2048 448 ) (2048 2048 488 ) (2048 2088 488 ) (2048 2088 448 ) 
4 462 495 (2048 2048 488 ) (2048 2048 704 ) (2048 2088 704 ) (2048 2088 488 ) 
4 462 463 (2168 2072 448 ) (2168 2048 448 ) (2048 2048 448 ) (2048 2072 448 ) 
4 463 565 (2048 2048 448 ) (2048 2048 396 ) (2168 2048 396 ) (2168 2048 448 ) 
4 463 499 (2048 2048 396 ) (2048 2048 408 ) (2048 2072 408 ) (2048 2072 396 ) 
4 463 498 (2048 2048 408 ) (2048 2048 448 ) (2048 2072 448 ) (2048 2072 408 ) 
4 463 465 (2048 2048 396 ) (2048 2072 396 ) (2168 2072 396 ) (2168 2048 396 ) 
4 464 566 (2536 2048 152 ) (2776 2048 152 ) (2776 2048 396 ) (2536 2048 396 ) 
4 465 571 (2048 2048 396 ) (2048 2048 152 ) (2168 2048 152 ) (2168 2048 396 ) 
4 465 505 (2048 2072 152 ) (2048 2048 152 ) (2048 2048 312 ) (2048 2072 312 ) 
4 465 499 (2048 2048 312 ) (2048 2048 396 ) (2048 2072 396 ) (2048 2072 312 ) 
4 465 470 (2168 2048 152 ) (2048 2048 152 ) (2048 2072 152 ) (2168 2072 152 ) 
4 466 477 (2048 2360 144 ) (2048 2242 144 ) (2048 2242 152 ) (2048 2360 152 ) 
4 466 468 (2048 2242 144 ) (2048 2360 144 ) (2104 2360 144 ) (2104 2242 144 ) 
4 467 516 (2048 2744 16 ) (2048 2424 16 ) (2048 2424 144 ) (2048 2744 144 ) 
4 467 468 (2048 2424 16 ) (2056 2424 16 ) (2056 2424 144 ) (2048 2424 144 ) 
4 468 516 (2048 2424 16 ) (2048 2242 16 ) (2048 2242 144 ) (2048 2424 144 ) 
4 469 573 (3072 2048 16 ) (3072 2048 144 ) (2856 2048 144 ) (2856 2048 16 ) 
4 469 572 (3072 2048 144 ) (3072 2048 152 ) (2856 2048 152 ) (2856 2048 144 ) 
4 469 472 (2856 2072 16 ) (3072 2072 16 ) (3072 2048 16 ) (2856 2048 16 ) 
4 470 584 (2168 2048 152 ) (2048 2048 152 ) (2048 2048 144 ) (2168 2048 144 ) 
4 470 506 (2048 2048 144 ) (2048 2048 152 ) (2048 2072 152 ) (2048 2072 144 ) 
4 470 471 (2048 2072 144 ) (2168 2072 144 ) (2168 2048 144 ) (2048 2048 144 ) 
4 471 584 (2048 2048 144 ) (2048 2048 16 ) (2168 2048 16 ) (2168 2048 144 ) 
4 471 517 (2048 2072 16 ) (2048 2048 16 ) (2048 2048 144 ) (2048 2072 144 ) 
4 472 585 (3072 2048 -192 ) (3072 2048 16 ) (2856 2048 16 ) (2856 2048 -192 ) 
4 473 494 (2048 2168 704 ) (2048 2168 1008 ) (1992 2168 1008 ) (1992 2168 704 ) 
4 473 474 (2048 2168 704 ) (1992 2168 704 ) (1992 3072 704 ) (2048 3072 704 ) 
4 474 496 (2048 2168 448 ) (2048 2168 488 ) (1992 2168 488 ) (1992 2168 448 ) 
4 474 495 (2048 2168 488 ) (2048 2168 704 ) (1992 2168 704 ) (1992 2168 488 ) 
4 475 476 (1992 2376 176 ) (1992 2480 176 ) (2048 2480 176 ) (2048 2376 176 ) 
4 477 516 (2048 2360 144 ) (2048 2242 144 ) (2040 2242 144 ) (2040 2360 144 ) 
4 477 478 (2040 2360 176 ) (2040 2360 144 ) (2040 2242 144 ) (2040 2242 176 ) 
4 478 520 (2040 2168 144 ) (1992 2168 144 ) (1992 2360 144 ) (2040 2360 144 ) 
4 478 502 (1992 2168 144 ) (2040 2168 144 ) (2040 2168 176 ) (1992 2168 176 ) 
4 478 481 (1992 2360 144 ) (1992 2168 144 ) (1992 2168 152 ) (1992 2360 152 ) 
4 478 480 (1992 2168 152 ) (1992 2168 176 ) (1992 2360 176 ) (1992 2360 152 ) 
4 479 512 (1984 2760 144 ) (1806 2760 144 ) (1806 2976 144 ) (1984 2976 144 ) 
4 479 483 (1806 2976 144 ) (1806 2760 144 ) (1806 2760 176 ) (1806 2976 176 ) 
4 479 482 (1806 2760 176 ) (1806 2760 208 ) (1806 2976 208 ) (1806 2976 176 ) 
4 480 502 (1992 2168 152 ) (1992 2168 176 ) (1806 2168 176 ) (1806 2168 152 ) 
4 480 487 (1806 2168 152 ) (1806 2168 176 ) (1806 2200 176 ) (1806 2200 152 ) 
4 480 481 (1806 2168 152 ) (1806 2360 152 ) (1992 2360 152 ) (1992 2168 152 ) 
4 481 520 (1992 2360 144 ) (1992 2168 144 ) (1806 2168 144 ) (1806 2360 144 ) 
4 481 502 (1806 2168 144 ) (1992 2168 144 ) (1992 2168 152 ) (1806 2168 152 ) 
4 481 487 (1806 2200 144 ) (1806 2168 144 ) (1806 2168 152 ) (1806 2200 152 ) 
4 482 483 (1806 2976 176 ) (1806 2760 176 ) (1628 2760 176 ) (1628 2976 176 ) 
4 483 523 (1806 2976 144 ) (1806 2760 144 ) (1628 2760 144 ) (1628 2976 144 ) 
4 484 525 (1798 2592 144 ) (1763 2592 144 ) (1763 2744 144 ) (1798 2744 144 ) 
4 484 488 (1763 2744 176 ) (1763 2744 144 ) (1763 2592 144 ) (1763 2592 176 ) 
4 484 485 (1763 2592 176 ) (1763 2592 144 ) (1798 2592 144 ) (1798 2592 176 ) 
4 485 525 (1798 2536 144 ) (1763 2536 144 ) (1763 2592 144 ) (1798 2592 144 ) 
4 485 488 (1763 2592 144 ) (1763 2536 144 ) (1763 2536 176 ) (1763 2592 176 ) 
4 485 486 (1763 2536 176 ) (1763 2536 144 ) (1798 2536 144 ) (1798 2536 176 ) 
4 486 525 (1798 2356 144 ) (1763 2356 144 ) (1763 2536 144 ) (1798 2536 144 ) 
4 486 488 (1763 2536 144 ) (1763 2356 144 ) (1763 2356 176 ) (1763 2536 176 ) 
4 487 526 (1806 2200 144 ) (1806 2168 144 ) (1763 2168 144 ) (1763 2200 144 ) 
4 487 502 (1763 2168 144 ) (1806 2168 144 ) (1806 2168 176 ) (1763 2168 176 ) 
4 487 488 (1763 2200 144 ) (1763 2168 144 ) (1763 2168 176 ) (1763 2200 176 ) 
4 488 531 (1592 2168 144 ) (1432 2168 144 ) (1432 2356 144 ) (1592 2356 144 ) 
4 488 527 (1763 2168 144 ) (1592 2168 144 ) (1592 2356 144 ) (1763 2356 144 ) 
4 488 525 (1432 2356 144 ) (1432 2744 144 ) (1763 2744 144 ) (1763 2356 144 ) 
4 488 502 (1656 2168 144 ) (1763 2168 144 ) (1763 2168 176 ) (1656 2168 176 ) 
4 489 535 (1112 2848 144 ) (1208 2848 144 ) (1208 2400 144 ) (1112 2400 144 ) 
4 489 491 (1112 2736 144 ) (1112 2512 144 ) (1112 2512 176 ) (1112 2736 176 ) 
4 489 492 (1112 2496 144 ) (1112 2400 144 ) (1112 2400 176 ) (1112 2496 176 ) 
4 489 490 (1112 2848 176 ) (1112 2848 144 ) (1112 2752 144 ) (1112 2752 176 ) 
4 490 1013 (1024 2848 144 ) (1024 2752 144 ) (1024 2752 176 ) (1024 2848 176 ) 
4 490 536 (1024 2752 144 ) (1024 2848 144 ) (1112 2848 144 ) (1112 2752 144 ) 
4 491 1014 (1024 2736 144 ) (1024 2512 144 ) (1024 2512 176 ) (1024 2736 176 ) 
4 491 537 (1024 2512 144 ) (1024 2736 144 ) (1112 2736 144 ) (1112 2512 144 ) 
4 492 1015 (1024 2496 144 ) (1024 2400 144 ) (1024 2400 176 ) (1024 2496 176 ) 
4 492 538 (1024 2400 144 ) (1024 2496 144 ) (1112 2496 144 ) (1112 2400 144 ) 
4 493 1016 (1024 2392 144 ) (1024 2168 144 ) (1024 2168 176 ) (1024 2392 176 ) 
4 493 542 (1024 2168 144 ) (1024 2392 144 ) (1416 2392 144 ) (1416 2168 144 ) 
4 493 508 (1024 2168 144 ) (1416 2168 144 ) (1416 2168 176 ) (1024 2168 176 ) 
4 494 591 (1344 2048 1008 ) (1269 2048 1008 ) (1269 2048 704 ) (1344 2048 704 ) 
4 494 588 (2048 2048 704 ) (2048 2048 1008 ) (1344 2048 1008 ) (1344 2048 704 ) 
4 494 495 (2048 2048 704 ) (1344 2048 704 ) (1344 2168 704 ) (2048 2168 704 ) 
4 495 589 (2048 2048 488 ) (2048 2048 704 ) (1344 2048 704 ) (1344 2048 488 ) 
4 495 496 (1344 2168 488 ) (2048 2168 488 ) (2048 2048 488 ) (1344 2048 488 ) 
4 496 589 (2048 2048 448 ) (2048 2048 488 ) (1344 2048 488 ) (1344 2048 448 ) 
4 496 498 (2048 2072 448 ) (2048 2048 448 ) (1592 2048 448 ) (1592 2072 448 ) 
4 497 1011 (1024 2048 448 ) (1024 2048 488 ) (1024 2072 488 ) (1024 2072 448 ) 
4 497 594 (1088 2048 488 ) (1024 2048 488 ) (1024 2048 448 ) (1088 2048 448 ) 
4 497 593 (1104 2048 488 ) (1088 2048 488 ) (1088 2048 448 ) (1104 2048 448 ) 
4 497 500 (1104 2072 448 ) (1104 2048 448 ) (1088 2048 448 ) (1088 2072 448 ) 
4 497 501 (1088 2048 448 ) (1024 2048 448 ) (1024 2072 448 ) (1088 2072 448 ) 
4 498 590 (2048 2048 408 ) (2048 2048 448 ) (1592 2048 448 ) (1592 2048 408 ) 
4 498 499 (1592 2048 408 ) (1592 2072 408 ) (2048 2072 408 ) (2048 2048 408 ) 
4 499 590 (2048 2048 312 ) (2048 2048 408 ) (1592 2048 408 ) (1592 2048 312 ) 
4 499 505 (2048 2048 312 ) (1592 2048 312 ) (1592 2072 312 ) (2048 2072 312 ) 
4 500 593 (1104 2048 448 ) (1088 2048 448 ) (1088 2048 368 ) (1104 2048 368 ) 
4 500 501 (1088 2072 448 ) (1088 2072 368 ) (1088 2048 368 ) (1088 2048 448 ) 
4 501 1011 (1024 2048 312 ) (1024 2048 448 ) (1024 2072 448 ) (1024 2072 312 ) 
4 501 594 (1088 2048 448 ) (1024 2048 448 ) (1024 2048 312 ) (1088 2048 312 ) 
4 501 507 (1088 2048 312 ) (1024 2048 312 ) (1024 2072 312 ) (1088 2072 312 ) 
4 502 528 (1656 2168 144 ) (1806 2168 144 ) (1806 2160 144 ) (1656 2160 144 ) 
4 502 521 (1806 2168 144 ) (2040 2168 144 ) (2040 2160 144 ) (1806 2160 144 ) 
4 502 503 (2040 2160 144 ) (2040 2160 176 ) (1656 2160 176 ) (1656 2160 144 ) 
4 503 528 (1806 2088 144 ) (1656 2088 144 ) (1656 2160 144 ) (1806 2160 144 ) 
4 503 521 (2040 2160 144 ) (2040 2088 144 ) (1806 2088 144 ) (1806 2160 144 ) 
4 503 504 (1656 2088 144 ) (2040 2088 144 ) (2040 2088 224 ) (1656 2088 224 ) 
4 504 529 (1656 2088 144 ) (1806 2088 144 ) (1806 2072 144 ) (1656 2072 144 ) 
4 504 522 (1806 2088 144 ) (2040 2088 144 ) (2040 2072 144 ) (1806 2072 144 ) 
4 504 506 (1656 2072 144 ) (2040 2072 144 ) (2040 2072 152 ) (1656 2072 152 ) 
4 504 505 (2040 2072 152 ) (2040 2072 304 ) (1656 2072 304 ) (1656 2072 152 ) 
4 505 600 (2048 2048 152 ) (2048 2048 176 ) (1592 2048 176 ) (1592 2048 152 ) 
4 505 598 (2048 2048 176 ) (2048 2048 224 ) (1592 2048 224 ) (1592 2048 176 ) 
4 505 597 (2048 2048 224 ) (2048 2048 248 ) (1592 2048 248 ) (1592 2048 224 ) 
4 505 590 (2048 2048 248 ) (2048 2048 312 ) (1592 2048 312 ) (1592 2048 248 ) 
4 505 509 (1592 2072 224 ) (1592 2072 152 ) (1592 2048 152 ) (1592 2048 224 ) 
4 505 506 (2048 2048 152 ) (1592 2048 152 ) (1592 2072 152 ) (2048 2072 152 ) 
4 506 602 (2048 2048 144 ) (2048 2048 152 ) (1592 2048 152 ) (1592 2048 144 ) 
4 506 530 (1656 2048 144 ) (1592 2048 144 ) (1592 2072 144 ) (1656 2072 144 ) 
4 506 529 (1806 2048 144 ) (1656 2048 144 ) (1656 2072 144 ) (1806 2072 144 ) 
4 506 522 (2040 2048 144 ) (1806 2048 144 ) (1806 2072 144 ) (2040 2072 144 ) 
4 506 517 (2048 2048 144 ) (2040 2048 144 ) (2040 2072 144 ) (2048 2072 144 ) 
4 506 511 (1592 2072 152 ) (1592 2072 144 ) (1592 2048 144 ) (1592 2048 152 ) 
4 507 1011 (1024 2048 248 ) (1024 2048 312 ) (1024 2072 312 ) (1024 2072 248 ) 
4 507 594 (1088 2048 312 ) (1024 2048 312 ) (1024 2048 248 ) (1088 2048 248 ) 
4 508 1016 (1024 2168 176 ) (1024 2168 144 ) (1024 2112 144 ) (1024 2112 176 ) 
4 508 542 (1024 2112 144 ) (1024 2168 144 ) (1416 2168 144 ) (1416 2112 144 ) 
4 509 601 (1080 2048 152 ) (1592 2048 152 ) (1592 2048 176 ) (1080 2048 176 ) 
4 509 599 (1592 2048 176 ) (1592 2048 224 ) (1080 2048 224 ) (1080 2048 176 ) 
4 509 510 (1080 2072 176 ) (1080 2072 152 ) (1080 2048 152 ) (1080 2048 176 ) 
4 509 511 (1080 2072 152 ) (1592 2072 152 ) (1592 2048 152 ) (1080 2048 152 ) 
4 510 1017 (1024 2048 152 ) (1024 2048 176 ) (1024 2072 176 ) (1024 2072 152 ) 
4 510 601 (1024 2048 176 ) (1024 2048 152 ) (1080 2048 152 ) (1080 2048 176 ) 
4 510 511 (1024 2048 152 ) (1024 2072 152 ) (1080 2072 152 ) (1080 2048 152 ) 
4 511 1019 (1024 2048 144 ) (1024 2048 152 ) (1024 2072 152 ) (1024 2072 144 ) 
4 511 603 (1024 2048 152 ) (1024 2048 144 ) (1592 2048 144 ) (1592 2048 152 ) 
4 511 543 (1432 2048 144 ) (1024 2048 144 ) (1024 2072 144 ) (1432 2072 144 ) 
4 511 532 (1592 2048 144 ) (1432 2048 144 ) (1432 2072 144 ) (1592 2072 144 ) 
4 512 523 (1806 2976 16 ) (1806 2760 16 ) (1806 2760 144 ) (1806 2976 144 ) 
4 512 513 (1908 2760 16 ) (1964 2760 16 ) (1964 2760 120 ) (1908 2760 120 ) 
4 513 514 (1964 2754 16 ) (1964 2754 120 ) (1908 2754 120 ) (1908 2754 16 ) 
4 514 515 (1964 2753 16 ) (1964 2753 120 ) (1908 2753 120 ) (1908 2753 16 ) 
4 515 519 (1908 2744 16 ) (1956 2744 16 ) (1956 2744 120 ) (1908 2744 120 ) 
4 515 518 (1956 2744 16 ) (1964 2744 16 ) (1964 2744 120 ) (1956 2744 120 ) 
4 516 520 (2040 2416 16 ) (2040 2242 16 ) (2040 2242 144 ) (2040 2416 144 ) 
4 516 518 (2040 2744 144 ) (2040 2744 16 ) (2040 2416 16 ) (2040 2416 144 ) 
4 517 602 (2048 2048 16 ) (2048 2048 144 ) (2040 2048 144 ) (2040 2048 16 ) 
4 517 522 (2040 2072 16 ) (2040 2048 16 ) (2040 2048 144 ) (2040 2072 144 ) 
4 518 520 (1956 2416 16 ) (2040 2416 16 ) (2040 2416 144 ) (1956 2416 144 ) 
4 518 519 (1956 2744 144 ) (1956 2744 16 ) (1956 2424 16 ) (1956 2424 144 ) 
4 519 524 (1806 2592 16 ) (1806 2536 16 ) (1806 2536 120 ) (1806 2592 120 ) 
4 520 526 (1806 2200 16 ) (1806 2168 16 ) (1806 2168 144 ) (1806 2200 144 ) 
4 520 521 (1806 2168 144 ) (1806 2168 16 ) (2040 2168 16 ) (2040 2168 144 ) 
4 521 528 (1806 2168 16 ) (1806 2088 16 ) (1806 2088 144 ) (1806 2168 144 ) 
4 521 522 (1806 2088 144 ) (1806 2088 16 ) (2040 2088 16 ) (2040 2088 144 ) 
4 522 602 (2040 2048 144 ) (1806 2048 144 ) (1806 2048 16 ) (2040 2048 16 ) 
4 522 529 (1806 2088 16 ) (1806 2048 16 ) (1806 2048 144 ) (1806 2088 144 ) 
4 524 525 (1798 2592 16 ) (1798 2536 16 ) (1798 2536 120 ) (1798 2592 120 ) 
4 525 531 (1432 2356 144 ) (1432 2356 16 ) (1592 2356 16 ) (1592 2356 144 ) 
4 525 527 (1592 2356 16 ) (1763 2356 16 ) (1763 2356 144 ) (1592 2356 144 ) 
4 526 528 (1763 2168 16 ) (1806 2168 16 ) (1806 2168 144 ) (1763 2168 144 ) 
4 526 527 (1763 2200 16 ) (1763 2168 16 ) (1763 2168 144 ) (1763 2200 144 ) 
4 527 531 (1592 2356 144 ) (1592 2356 16 ) (1592 2168 16 ) (1592 2168 144 ) 
4 527 528 (1656 2168 16 ) (1763 2168 16 ) (1763 2168 144 ) (1656 2168 144 ) 
4 528 529 (1656 2088 144 ) (1656 2088 16 ) (1806 2088 16 ) (1806 2088 144 ) 
4 529 602 (1806 2048 144 ) (1656 2048 144 ) (1656 2048 16 ) (1806 2048 16 ) 
4 529 530 (1656 2072 16 ) (1656 2048 16 ) (1656 2048 144 ) (1656 2072 144 ) 
4 530 602 (1656 2048 144 ) (1592 2048 144 ) (1592 2048 16 ) (1656 2048 16 ) 
4 530 532 (1592 2072 16 ) (1592 2048 16 ) (1592 2048 144 ) (1592 2072 144 ) 
4 532 603 (1592 2048 144 ) (1432 2048 144 ) (1432 2048 16 ) (1592 2048 16 ) 
4 532 543 (1432 2072 16 ) (1432 2048 16 ) (1432 2048 144 ) (1432 2072 144 ) 
4 533 1021 (1024 2856 144 ) (1024 3072 144 ) (1024 3072 16 ) (1024 2856 16 ) 
4 533 534 (1040 2856 16 ) (1096 2856 16 ) (1096 2856 120 ) (1040 2856 120 ) 
4 534 536 (1040 2848 16 ) (1096 2848 16 ) (1096 2848 120 ) (1040 2848 120 ) 
4 535 539 (1136 2400 16 ) (1192 2400 16 ) (1192 2400 120 ) (1136 2400 120 ) 
4 535 537 (1112 2736 16 ) (1112 2512 16 ) (1112 2512 144 ) (1112 2736 144 ) 
4 535 538 (1112 2496 16 ) (1112 2400 16 ) (1112 2400 144 ) (1112 2496 144 ) 
4 535 536 (1112 2848 144 ) (1112 2848 16 ) (1112 2752 16 ) (1112 2752 144 ) 
4 536 1022 (1024 2752 144 ) (1024 2848 144 ) (1024 2848 16 ) (1024 2752 16 ) 
4 537 1023 (1024 2512 144 ) (1024 2736 144 ) (1024 2736 16 ) (1024 2512 16 ) 
4 538 1024 (1024 2400 144 ) (1024 2496 144 ) (1024 2496 16 ) (1024 2400 16 ) 
4 539 540 (1192 2396 16 ) (1192 2396 120 ) (1136 2396 120 ) (1136 2396 16 ) 
4 540 541 (1192 2395 16 ) (1192 2395 120 ) (1136 2395 120 ) (1136 2395 16 ) 
4 541 542 (1136 2392 16 ) (1192 2392 16 ) (1192 2392 120 ) (1136 2392 120 ) 
4 542 1025 (1024 2112 144 ) (1024 2392 144 ) (1024 2392 16 ) (1024 2112 16 ) 
4 543 1026 (1024 2048 16 ) (1024 2048 144 ) (1024 2072 144 ) (1024 2072 16 ) 
4 543 603 (1432 2048 144 ) (1024 2048 144 ) (1024 2048 16 ) (1432 2048 16 ) 
4 544 558 (2776 1924 1008 ) (2776 1924 736 ) (2776 1188 736 ) (2776 1188 1008 ) 
4 544 556 (2776 1924 1024 ) (2776 1924 1008 ) (2776 1188 1008 ) (2776 1188 1024 ) 
4 544 553 (2776 1924 3584 ) (2776 1924 1024 ) (2776 1188 1024 ) (2776 1188 3584 ) 
4 544 545 (2852 1188 736 ) (2776 1188 736 ) (2776 1924 736 ) (2852 1924 736 ) 
4 545 558 (2776 1924 736 ) (2776 1924 704 ) (2776 1188 704 ) (2776 1188 736 ) 
4 546 551 (3072 1340 396 ) (3072 1048 396 ) (2856 1048 396 ) (2856 1340 396 ) 
4 546 548 (3072 1788 396 ) (3072 1340 396 ) (2856 1340 396 ) (2856 1788 396 ) 
4 546 547 (2856 2048 396 ) (3072 2048 396 ) (3072 1788 396 ) (2856 1788 396 ) 
4 547 572 (2856 2048 152 ) (3072 2048 152 ) (3072 1788 152 ) (2856 1788 152 ) 
4 547 548 (3072 1788 396 ) (2856 1788 396 ) (2856 1788 152 ) (3072 1788 152 ) 
4 548 572 (2856 1788 152 ) (3072 1788 152 ) (3072 1340 152 ) (2856 1340 152 ) 
4 548 551 (3072 1340 396 ) (2856 1340 396 ) (2856 1340 152 ) (3072 1340 152 ) 
4 548 549 (2842 1788 396 ) (2842 1788 152 ) (2842 1340 152 ) (2842 1340 396 ) 
4 549 550 (2841 1788 396 ) (2841 1788 152 ) (2841 1340 152 ) (2841 1340 396 ) 
4 550 567 (2776 1788 152 ) (2776 1340 152 ) (2776 1340 396 ) (2776 1788 396 ) 
4 551 572 (2856 1340 152 ) (3072 1340 152 ) (3072 1048 152 ) (2856 1048 152 ) 
4 552 1168 (3072 1024 152 ) (3072 1024 396 ) (2776 1024 396 ) (2776 1024 152 ) 
4 552 569 (2776 1032 152 ) (2776 1030 152 ) (2776 1030 396 ) (2776 1032 396 ) 
4 552 570 (2776 1030 152 ) (2776 1024 152 ) (2776 1024 396 ) (2776 1030 396 ) 
4 553 556 (2776 1924 1024 ) (2776 1188 1024 ) (2176 1188 1024 ) (2176 1924 1024 ) 
4 554 1177 (2160 1024 1328 ) (2160 1024 1024 ) (2176 1024 1024 ) (2176 1024 1328 ) 
4 554 557 (2176 1188 1024 ) (2176 1024 1024 ) (2160 1024 1024 ) (2160 1188 1024 ) 
4 554 555 (2160 1188 1024 ) (2160 1024 1024 ) (2160 1024 1328 ) (2160 1188 1328 ) 
4 555 1177 (2048 1024 1328 ) (2048 1024 1024 ) (2160 1024 1024 ) (2160 1024 1328 ) 
4 555 587 (2048 1924 1024 ) (2048 1024 1024 ) (2048 1024 1328 ) (2048 1924 1328 ) 
4 555 557 (2048 1024 1024 ) (2048 1924 1024 ) (2160 1924 1024 ) (2160 1024 1024 ) 
4 556 558 (2776 1924 1008 ) (2776 1188 1008 ) (2176 1188 1008 ) (2176 1924 1008 ) 
4 556 557 (2176 1924 1024 ) (2176 1924 1008 ) (2176 1188 1008 ) (2176 1188 1024 ) 
4 557 1177 (2048 1024 1024 ) (2048 1024 1008 ) (2176 1024 1008 ) (2176 1024 1024 ) 
4 557 587 (2048 1924 1008 ) (2048 1024 1008 ) (2048 1024 1024 ) (2048 1924 1024 ) 
4 557 558 (2176 1024 1008 ) (2048 1024 1008 ) (2048 1924 1008 ) (2176 1924 1008 ) 
4 558 1177 (2048 1024 1008 ) (2048 1024 704 ) (2176 1024 704 ) (2176 1024 1008 ) 
4 558 1176 (2176 1024 704 ) (2520 1024 704 ) (2520 1024 1008 ) (2176 1024 1008 ) 
4 558 1169 (2520 1024 704 ) (2776 1024 704 ) (2776 1024 1008 ) (2520 1024 1008 ) 
4 558 588 (2048 2048 1008 ) (2048 2048 704 ) (2048 1024 704 ) (2048 1024 1008 ) 
4 558 559 (2048 1024 704 ) (2048 2048 704 ) (2776 2048 704 ) (2776 1024 704 ) 
4 559 1179 (2048 1024 704 ) (2048 1024 448 ) (2168 1024 448 ) (2168 1024 704 ) 
4 559 1178 (2168 1024 448 ) (2520 1024 448 ) (2520 1024 704 ) (2168 1024 704 ) 
4 559 1170 (2520 1024 448 ) (2776 1024 448 ) (2776 1024 704 ) (2520 1024 704 ) 
4 559 589 (2048 2048 704 ) (2048 2048 448 ) (2048 1024 448 ) (2048 1024 704 ) 
4 559 564 (2520 1984 448 ) (2520 1696 448 ) (2168 1696 448 ) (2168 1984 448 ) 
4 559 560 (2776 1984 448 ) (2776 1696 448 ) (2520 1696 448 ) (2520 1984 448 ) 
4 559 565 (2048 2048 448 ) (2168 2048 448 ) (2168 1024 448 ) (2048 1024 448 ) 
4 560 564 (2520 1696 448 ) (2520 1984 448 ) (2520 1984 408 ) (2520 1696 408 ) 
4 560 562 (2520 1696 408 ) (2520 1984 408 ) (2776 1984 408 ) (2776 1696 408 ) 
4 561 1171 (2776 1024 408 ) (2776 1024 447 ) (2520 1024 447 ) (2520 1024 408 ) 
4 561 563 (2536 1032 408 ) (2776 1032 408 ) (2776 1024 408 ) (2536 1024 408 ) 
4 562 567 (2776 1984 396 ) (2776 1696 396 ) (2520 1696 396 ) (2520 1984 396 ) 
4 562 564 (2520 1984 396 ) (2520 1696 396 ) (2520 1696 408 ) (2520 1984 408 ) 
4 563 1175 (2536 1024 396 ) (2776 1024 396 ) (2776 1024 408 ) (2536 1024 408 ) 
4 563 569 (2776 1032 396 ) (2776 1030 396 ) (2536 1030 396 ) (2536 1032 396 ) 
4 563 570 (2776 1030 396 ) (2776 1024 396 ) (2536 1024 396 ) (2536 1030 396 ) 
4 564 567 (2520 1984 396 ) (2520 1696 396 ) (2168 1696 396 ) (2168 1984 396 ) 
4 564 565 (2168 1984 396 ) (2168 1696 396 ) (2168 1696 448 ) (2168 1984 448 ) 
4 565 1180 (2048 1024 448 ) (2048 1024 396 ) (2168 1024 396 ) (2168 1024 448 ) 
4 565 590 (2048 2048 448 ) (2048 2048 396 ) (2048 1024 396 ) (2048 1024 448 ) 
4 565 571 (2048 1024 396 ) (2048 2048 396 ) (2168 2048 396 ) (2168 1024 396 ) 
4 566 567 (2536 1984 152 ) (2776 1984 152 ) (2776 1984 396 ) (2536 1984 396 ) 
4 567 583 (2168 1128 152 ) (2168 1984 152 ) (2456 1984 152 ) (2456 1128 152 ) 
4 567 582 (2488 1716 152 ) (2488 1396 152 ) (2456 1396 152 ) (2456 1716 152 ) 
4 567 580 (2536 1716 152 ) (2536 1396 152 ) (2488 1396 152 ) (2488 1716 152 ) 
4 567 568 (2536 1128 152 ) (2776 1128 152 ) (2776 1128 396 ) (2536 1128 396 ) 
4 567 571 (2168 1984 152 ) (2168 1128 152 ) (2168 1128 396 ) (2168 1984 396 ) 
4 568 569 (2536 1032 396 ) (2536 1032 152 ) (2776 1032 152 ) (2776 1032 396 ) 
4 569 570 (2536 1030 396 ) (2536 1030 152 ) (2776 1030 152 ) (2776 1030 396 ) 
4 570 1175 (2536 1024 152 ) (2776 1024 152 ) (2776 1024 396 ) (2536 1024 396 ) 
4 571 1180 (2048 1024 396 ) (2048 1024 152 ) (2168 1024 152 ) (2168 1024 396 ) 
4 571 608 (2048 1040 152 ) (2048 1024 152 ) (2048 1024 176 ) (2048 1040 176 ) 
4 571 606 (2048 1024 176 ) (2048 1024 248 ) (2048 1040 248 ) (2048 1040 176 ) 
4 571 604 (2048 1048 152 ) (2048 1040 152 ) (2048 1040 248 ) (2048 1048 248 ) 
4 571 600 (2048 2048 176 ) (2048 2048 152 ) (2048 1048 152 ) (2048 1048 176 ) 
4 571 598 (2048 2048 224 ) (2048 2048 176 ) (2048 1048 176 ) (2048 1048 224 ) 
4 571 597 (2048 2048 248 ) (2048 2048 224 ) (2048 1048 224 ) (2048 1048 248 ) 
4 571 590 (2048 2048 396 ) (2048 2048 248 ) (2048 1024 248 ) (2048 1024 396 ) 
4 571 584 (2168 1024 152 ) (2048 1024 152 ) (2048 2048 152 ) (2168 2048 152 ) 
4 572 573 (2856 2048 144 ) (3072 2048 144 ) (3072 1048 144 ) (2856 1048 144 ) 
4 573 585 (2856 2048 16 ) (3072 2048 16 ) (3072 1048 16 ) (2856 1048 16 ) 
4 574 578 (2552 1380 16 ) (2552 1192 16 ) (2552 1192 144 ) (2552 1380 144 ) 
4 574 576 (2552 1648 16 ) (2552 1472 16 ) (2552 1472 128 ) (2552 1648 128 ) 
4 574 575 (2552 1928 16 ) (2552 1732 16 ) (2552 1732 144 ) (2552 1928 144 ) 
4 575 579 (2536 1928 16 ) (2536 1732 16 ) (2536 1732 144 ) (2536 1928 144 ) 
4 576 577 (2550 1472 16 ) (2550 1472 128 ) (2550 1648 128 ) (2550 1648 16 ) 
4 577 580 (2536 1648 16 ) (2536 1472 16 ) (2536 1472 128 ) (2536 1648 128 ) 
4 578 581 (2536 1380 16 ) (2536 1192 16 ) (2536 1192 144 ) (2536 1380 144 ) 
4 580 582 (2488 1716 16 ) (2488 1396 16 ) (2488 1396 152 ) (2488 1716 152 ) 
4 582 583 (2456 1716 16 ) (2456 1396 16 ) (2456 1396 152 ) (2456 1716 152 ) 
4 583 584 (2168 1984 16 ) (2168 1128 16 ) (2168 1128 152 ) (2168 1984 152 ) 
4 584 1183 (2048 1024 144 ) (2048 1024 16 ) (2168 1024 16 ) (2168 1024 144 ) 
4 584 1182 (2168 1024 152 ) (2048 1024 152 ) (2048 1024 144 ) (2168 1024 144 ) 
4 584 612 (2048 1040 16 ) (2048 1024 16 ) (2048 1024 144 ) (2048 1040 144 ) 
4 584 610 (2048 1024 144 ) (2048 1024 152 ) (2048 1040 152 ) (2048 1040 144 ) 
4 584 605 (2048 1048 16 ) (2048 1040 16 ) (2048 1040 152 ) (2048 1048 152 ) 
4 584 602 (2048 2048 152 ) (2048 2048 16 ) (2048 1048 16 ) (2048 1048 152 ) 
4 584 586 (2124 1872 16 ) (2124 1536 16 ) (2048 1536 16 ) (2048 1872 16 ) 
4 586 616 (2048 1872 -38 ) (2048 1536 -38 ) (2048 1536 16 ) (2048 1872 16 ) 
4 587 1185 (2048 1024 1008 ) (2048 1024 1328 ) (1344 1024 1328 ) (1344 1024 1008 ) 
4 587 592 (1344 1024 1008 ) (1344 1024 1328 ) (1344 1924 1328 ) (1344 1924 1008 ) 
4 587 588 (1344 1024 1008 ) (1344 1924 1008 ) (2048 1924 1008 ) (2048 1024 1008 ) 
4 588 1185 (2048 1024 704 ) (2048 1024 1008 ) (1344 1024 1008 ) (1344 1024 704 ) 
4 588 592 (1344 1024 704 ) (1344 1024 1008 ) (1344 1924 1008 ) (1344 1924 704 ) 
4 588 591 (1344 1924 1008 ) (1344 2048 1008 ) (1344 2048 704 ) (1344 1924 704 ) 
4 588 589 (2048 1024 704 ) (1344 1024 704 ) (1344 2048 704 ) (2048 2048 704 ) 
4 589 1186 (2048 1024 448 ) (2048 1024 704 ) (1344 1024 704 ) (1344 1024 448 ) 
4 589 590 (2048 1024 448 ) (1592 1024 448 ) (1592 2048 448 ) (2048 2048 448 ) 
4 590 1187 (2048 1024 248 ) (2048 1024 448 ) (1592 1024 448 ) (1592 1024 248 ) 
4 590 606 (2048 1024 248 ) (1592 1024 248 ) (1592 1040 248 ) (2048 1040 248 ) 
4 590 604 (1592 1040 248 ) (1592 1048 248 ) (2048 1048 248 ) (2048 1040 248 ) 
4 590 597 (1592 1048 248 ) (1592 2048 248 ) (2048 2048 248 ) (2048 1048 248 ) 
4 591 592 (1269 1924 1008 ) (1269 1924 704 ) (1344 1924 704 ) (1344 1924 1008 ) 
4 592 1191 (1269 1024 1328 ) (1269 1024 704 ) (1344 1024 704 ) (1344 1024 1328 ) 
4 593 1199 (1088 1024 488 ) (1088 1024 368 ) (1096 1024 368 ) (1096 1024 488 ) 
4 593 1192 (1096 1024 368 ) (1104 1024 368 ) (1104 1024 488 ) (1096 1024 488 ) 
4 593 596 (1088 1024 368 ) (1088 1024 488 ) (1088 1040 488 ) (1088 1040 368 ) 
4 593 595 (1088 1040 488 ) (1088 1864 488 ) (1088 1864 368 ) (1088 1040 368 ) 
4 593 594 (1088 1864 488 ) (1088 2048 488 ) (1088 2048 368 ) (1088 1864 368 ) 
4 594 1082 (1024 1864 488 ) (1024 2048 488 ) (1024 2048 248 ) (1024 1864 248 ) 
4 594 595 (1024 1864 248 ) (1088 1864 248 ) (1088 1864 488 ) (1024 1864 488 ) 
4 595 1084 (1024 1040 488 ) (1024 1212 488 ) (1024 1212 248 ) (1024 1040 248 ) 
4 595 1083 (1024 1212 488 ) (1024 1864 488 ) (1024 1864 248 ) (1024 1212 248 ) 
4 595 596 (1024 1040 248 ) (1088 1040 248 ) (1088 1040 488 ) (1024 1040 488 ) 
4 596 1203 (1024 1024 360 ) (1024 1024 248 ) (1088 1024 248 ) (1088 1024 360 ) 
4 596 1200 (1024 1024 368 ) (1024 1024 360 ) (1088 1024 360 ) (1088 1024 368 ) 
4 596 1199 (1024 1024 488 ) (1024 1024 368 ) (1088 1024 368 ) (1088 1024 488 ) 
4 596 1097 (1024 1024 248 ) (1024 1024 288 ) (1024 1040 288 ) (1024 1040 248 ) 
4 596 1095 (1024 1024 288 ) (1024 1024 488 ) (1024 1040 488 ) (1024 1040 288 ) 
4 596 607 (1088 1024 248 ) (1024 1024 248 ) (1024 1040 248 ) (1088 1040 248 ) 
4 597 604 (2048 1048 224 ) (2048 1048 248 ) (1592 1048 248 ) (1592 1048 224 ) 
4 597 598 (2048 1048 224 ) (1592 1048 224 ) (1592 2048 224 ) (2048 2048 224 ) 
4 598 604 (2048 1048 176 ) (2048 1048 224 ) (1592 1048 224 ) (1592 1048 176 ) 
4 598 600 (2048 1048 176 ) (1592 1048 176 ) (1592 2048 176 ) (2048 2048 176 ) 
4 598 599 (1592 2048 176 ) (1592 1048 176 ) (1592 1048 224 ) (1592 2048 224 ) 
4 599 601 (1592 1048 176 ) (1080 1048 176 ) (1080 2048 176 ) (1592 2048 176 ) 
4 600 604 (2048 1048 152 ) (2048 1048 176 ) (1592 1048 176 ) (1592 1048 152 ) 
4 600 602 (2048 1048 152 ) (1592 1048 152 ) (1592 2048 152 ) (2048 2048 152 ) 
4 600 601 (1592 2048 152 ) (1592 1048 152 ) (1592 1048 176 ) (1592 2048 176 ) 
4 601 1088 (1024 2048 176 ) (1024 2048 152 ) (1024 1048 152 ) (1024 1048 176 ) 
4 601 603 (1592 1048 152 ) (1024 1048 152 ) (1024 2048 152 ) (1592 2048 152 ) 
4 602 616 (2048 1872 16 ) (2048 1536 16 ) (1840 1536 16 ) (1840 1872 16 ) 
4 602 605 (1592 1048 16 ) (2048 1048 16 ) (2048 1048 152 ) (1592 1048 152 ) 
4 602 603 (1592 2048 16 ) (1592 1048 16 ) (1592 1048 152 ) (1592 2048 152 ) 
4 603 1089 (1024 2048 152 ) (1024 2048 16 ) (1024 1048 16 ) (1024 1048 152 ) 
4 604 608 (2048 1040 152 ) (2048 1040 176 ) (1592 1040 176 ) (1592 1040 152 ) 
4 604 606 (2048 1040 176 ) (2048 1040 248 ) (1592 1040 248 ) (1592 1040 176 ) 
4 604 605 (2048 1040 152 ) (1592 1040 152 ) (1592 1048 152 ) (2048 1048 152 ) 
4 605 612 (1592 1040 16 ) (2048 1040 16 ) (2048 1040 144 ) (1592 1040 144 ) 
4 605 610 (2048 1040 144 ) (2048 1040 152 ) (1592 1040 152 ) (1592 1040 144 ) 
4 606 1187 (2048 1024 176 ) (2048 1024 248 ) (1592 1024 248 ) (1592 1024 176 ) 
4 606 608 (1592 1040 176 ) (2048 1040 176 ) (2048 1024 176 ) (1592 1024 176 ) 
4 607 1204 (1088 1024 248 ) (1024 1024 248 ) (1024 1024 176 ) (1088 1024 176 ) 
4 607 1099 (1024 1024 176 ) (1024 1024 240 ) (1024 1040 240 ) (1024 1040 176 ) 
4 607 1098 (1024 1024 240 ) (1024 1024 248 ) (1024 1040 248 ) (1024 1040 240 ) 
4 607 609 (1024 1040 176 ) (1088 1040 176 ) (1088 1024 176 ) (1024 1024 176 ) 
4 608 1187 (2048 1024 152 ) (2048 1024 176 ) (1592 1024 176 ) (1592 1024 152 ) 
4 608 610 (2048 1024 152 ) (1592 1024 152 ) (1592 1040 152 ) (2048 1040 152 ) 
4 609 1204 (1088 1024 176 ) (1024 1024 176 ) (1024 1024 152 ) (1088 1024 152 ) 
4 609 1099 (1024 1024 152 ) (1024 1024 176 ) (1024 1040 176 ) (1024 1040 152 ) 
4 609 611 (1088 1024 152 ) (1024 1024 152 ) (1024 1040 152 ) (1088 1040 152 ) 
4 610 1188 (2048 1024 144 ) (2048 1024 152 ) (1592 1024 152 ) (1592 1024 144 ) 
4 610 612 (2048 1024 144 ) (1592 1024 144 ) (1592 1040 144 ) (2048 1040 144 ) 
4 611 1205 (1088 1024 152 ) (1024 1024 152 ) (1024 1024 144 ) (1088 1024 144 ) 
4 611 1100 (1024 1024 144 ) (1024 1024 152 ) (1024 1040 152 ) (1024 1040 144 ) 
4 611 614 (1088 1024 144 ) (1024 1024 144 ) (1024 1040 144 ) (1088 1040 144 ) 
4 612 1207 (2048 1024 16 ) (2048 1024 144 ) (1592 1024 144 ) (1592 1024 16 ) 
4 613 1208 (1360 1024 144 ) (1096 1024 144 ) (1096 1024 16 ) (1360 1024 16 ) 
4 614 1230 (1088 1024 144 ) (1024 1024 144 ) (1024 1024 120 ) (1088 1024 120 ) 
4 614 1100 (1024 1024 120 ) (1024 1024 144 ) (1024 1040 144 ) (1024 1040 120 ) 
4 614 615 (1024 1024 120 ) (1024 1040 120 ) (1088 1040 120 ) (1088 1024 120 ) 
4 615 1231 (1024 1024 120 ) (1024 1024 16 ) (1088 1024 16 ) (1088 1024 120 ) 
4 615 1101 (1024 1024 16 ) (1024 1024 120 ) (1024 1040 120 ) (1024 1040 16 ) 
4 617 757 (0 5120 944 ) (0 5120 704 ) (432 5120 704 ) (432 5120 944 ) 
4 617 695 (0 5520 704 ) (0 5120 704 ) (0 5120 944 ) (0 5520 944 ) 
4 617 619 (378 5120 704 ) (0 5120 704 ) (0 5360 704 ) (378 5360 704 ) 
4 617 618 (0 5392 704 ) (0 5520 704 ) (432 5520 704 ) (432 5392 704 ) 
4 618 696 (0 5520 576 ) (0 5392 576 ) (0 5392 704 ) (0 5520 704 ) 
4 619 758 (378 5120 704 ) (0 5120 704 ) (0 5120 512 ) (378 5120 512 ) 
4 619 697 (0 5360 512 ) (0 5120 512 ) (0 5120 704 ) (0 5360 704 ) 
4 619 621 (0 5120 512 ) (0 5136 512 ) (336 5136 512 ) (336 5120 512 ) 
4 619 620 (0 5152 512 ) (0 5360 512 ) (124 5360 512 ) (124 5152 512 ) 
4 620 698 (0 5360 488 ) (0 5152 488 ) (0 5152 512 ) (0 5360 512 ) 
4 620 624 (0 5152 488 ) (0 5360 488 ) (124 5360 488 ) (124 5152 488 ) 
4 621 764 (336 5120 512 ) (0 5120 512 ) (0 5120 488 ) (336 5120 488 ) 
4 621 699 (0 5136 488 ) (0 5120 488 ) (0 5120 512 ) (0 5136 512 ) 
4 621 624 (336 5120 488 ) (0 5120 488 ) (0 5136 488 ) (336 5136 488 ) 
4 622 785 (688 5120 488 ) (687.687988 5120 488 ) (687.687988 5120 464 ) (688 5120 464 ) 
4 622 688 (688 5184 464 ) (688 5120 464 ) (687.687988 5120 464 ) (687.687988 5184 464 ) 
4 622 683 (688 5312 464 ) (688 5184 464 ) (687.687988 5184 464 ) (687.687988 5312 464 ) 
4 622 677 (687.687988 5440 464 ) (688 5440 464 ) (688 5312 464 ) (687.687988 5312 464 ) 
4 622 623 (687.687988 5312 464 ) (687.687988 5120 464 ) (687.687988 5120 488 ) (687.687988 5312 488 ) 
4 623 785 (687.687988 5120 488 ) (559.687988 5120 488 ) (559.687988 5120 464 ) (687.687988 5120 464 ) 
4 623 688 (687.687988 5184 464 ) (687.687988 5120 464 ) (559.687988 5120 464 ) (559.687988 5184 464 ) 
4 623 683 (687.687988 5312 464 ) (687.687988 5184 464 ) (559.687988 5184 464 ) (559.687988 5312 464 ) 
4 623 624 (559.687988 5312 464 ) (559.687988 5120 464 ) (559.687988 5120 488 ) (559.687988 5312 488 ) 
4 624 785 (559.687988 5120 488 ) (0 5120 488 ) (0 5120 464 ) (559.687988 5120 464 ) 
4 624 700 (0 5440 464 ) (0 5120 464 ) (0 5120 488 ) (0 5440 488 ) 
4 624 688 (0 5120 464 ) (0 5184 464 ) (559.687988 5184 464 ) (559.687988 5120 464 ) 
4 624 683 (0 5184 464 ) (0 5312 464 ) (559.687988 5312 464 ) (559.687988 5184 464 ) 
4 624 678 (0 5312 464 ) (0 5440 464 ) (559.687988 5440 464 ) (559.687988 5312 464 ) 
4 625 635 (436 5704 296 ) (564 5704 296 ) (564 5704 424 ) (436 5704 424 ) 
4 625 627 (424 5704 296 ) (424 5704 424 ) (424 5776 424 ) (424 5776 296 ) 
4 625 626 (424 5776 424 ) (424 5888 424 ) (424 5888 296 ) (424 5776 296 ) 
4 626 637 (352 5888 424 ) (352 5888 296 ) (352 5776 296 ) (352 5776 424 ) 
4 626 627 (424 5776 296 ) (424 5776 424 ) (352 5776 424 ) (352 5776 296 ) 
4 627 630 (372.500031 5755.500000 296 ) (412 5716 296 ) (412 5716 400 ) (372.500031 5755.500000 400 ) 
4 628 640 (352 5704 400 ) (352 5704 424 ) (352 5735 424 ) (352 5735 400 ) 
4 628 636 (352 5704 424 ) (352 5704 400 ) (400 5704 400 ) (400 5704 424 ) 
4 628 634 (400 5704 424 ) (400 5704 400 ) (408 5712 400 ) (408 5712 424 ) 
5 628 631 (408 5712 400 ) (400 5704 400 ) (352 5704 400 ) (352 5735 400 ) (368.500854 5751.500977 400 ) 
4 628 629 (368.500763 5751.500977 400 ) (352 5735 400 ) (352 5735 424 ) (368.500763 5751.500977 424 ) 
4 629 640 (352 5768 424 ) (352 5768 400 ) (352 5735 400 ) (352 5735 424 ) 
3 629 633 (352 5768 400 ) (368.500854 5751.500977 400 ) (352 5735 400 ) 
4 630 632 (370.994263 5753.998047 400 ) (370.996277 5754 296 ) (410.501984 5714.494141 296 ) (410.500000 5714.492188 400 ) 
4 631 640 (352 5735 296 ) (352 5704 296 ) (352 5704 400 ) (352 5735 400 ) 
4 631 636 (352 5704 400 ) (352 5704 296 ) (400 5704 296 ) (400 5704 400 ) 
4 631 634 (400 5704 400 ) (400 5704 296 ) (408 5712 296 ) (408 5712 400 ) 
4 631 633 (352 5735 296 ) (352 5735 400 ) (368.500824 5751.500977 400 ) (368.500793 5751.500977 296 ) 
4 631 632 (369.998016 5753 296 ) (370 5753.002441 400 ) (409.501160 5713.501465 400 ) (409.499176 5713.499512 296 ) 
4 633 640 (352 5768 296 ) (352 5735 296 ) (352 5735 400 ) (352 5768 400 ) 
4 634 636 (400 5704 296 ) (416 5704 296 ) (416 5704 424 ) (400 5704 424 ) 
4 635 652 (436 5696 296 ) (564 5696 296 ) (564 5696 424 ) (436 5696 424 ) 
4 636 652 (352 5696 296 ) (424 5696 296 ) (424 5696 424 ) (352 5696 424 ) 
4 636 640 (352 5704 296 ) (352 5696 296 ) (352 5696 424 ) (352 5704 424 ) 
4 638 702 (0 5888 296 ) (0 5776 296 ) (0 5776 424 ) (0 5888 424 ) 
4 638 650 (0 5776 296 ) (152 5776 296 ) (152 5776 424 ) (0 5776 424 ) 
4 638 639 (152 5776 296 ) (223.998138 5776 296 ) (223.998154 5776 424 ) (152 5776 424 ) 
4 639 650 (152 5776 424 ) (152 5776 296 ) (152 5768 296 ) (152 5768 424 ) 
4 639 648 (192 5768 296 ) (215.997986 5768 296 ) (215.997986 5768 400 ) (192 5768 400 ) 
4 639 644 (152 5768 400 ) (152 5768 296 ) (192 5768 296 ) (192 5768 400 ) 
4 639 642 (152 5768 424 ) (152 5768 400 ) (215.997986 5768 400 ) (215.997986 5768 424 ) 
4 640 652 (224 5696 296 ) (352 5696 296 ) (352 5696 424 ) (224 5696 424 ) 
4 640 649 (224 5768 400 ) (224 5768 296 ) (224 5736 296 ) (224 5736 400 ) 
4 640 643 (224 5736 296 ) (224 5696 296 ) (224 5696 400 ) (224 5736 400 ) 
4 640 641 (224 5768 424 ) (224 5768 400 ) (224 5696 400 ) (224 5696 424 ) 
4 641 652 (224 5696 400 ) (224 5696 424 ) (152 5696 424 ) (152 5696 400 ) 
3 641 649 (208.006943 5751.993164 400 ) (224 5767.982422 400 ) (224 5736 400 ) 
3 641 646 (152 5696 400 ) (168.509293 5712.505371 400 ) (185.018585 5696 400 ) 
5 641 643 (168.509293 5712.505371 400 ) (208.006943 5751.993164 400 ) (224 5736 400 ) (224 5696 400 ) (185.018585 5696 400 ) 
4 642 650 (152 5704.001953 424 ) (152 5768 424 ) (152 5768 400 ) (152 5704.001953 400 ) 
3 642 648 (192 5768 400 ) (215.998077 5768 400 ) (203.998993 5756 400 ) 
3 642 647 (152 5704.001953 400 ) (152 5729.010742 400 ) (164.505936 5716.507813 400 ) 
5 642 644 (152 5729.010742 400 ) (152 5768 400 ) (192 5768 400 ) (203.998993 5756 400 ) (164.505936 5716.507813 400 ) 
4 643 652 (185.018585 5696 296 ) (224 5696 296 ) (224 5696 400 ) (185.018585 5696 400 ) 
4 643 649 (208 5752 400 ) (224 5736 400 ) (224 5736 296 ) (208 5752 296 ) 
4 643 646 (185.022079 5696 296 ) (185.021469 5696 400 ) (168.510574 5712.506348 400 ) (168.511185 5712.506836 296 ) 
4 643 645 (206.500076 5753.500000 400 ) (206.500076 5753.500000 296 ) (167.006912 5714.007324 296 ) (167.006592 5714.006836 400 ) 
4 644 650 (152 5768 296 ) (152 5729.010254 296 ) (152 5729.010254 400 ) (152 5768 400 ) 
4 644 648 (192 5768 296 ) (192 5768 400 ) (204 5756 400 ) (204 5756 296 ) 
4 644 647 (164.507187 5716.508789 400 ) (152 5729.013184 400 ) (152 5729.013672 296 ) (164.507492 5716.509277 296 ) 
4 644 645 (166.006592 5715.006836 400 ) (166.006912 5715.007324 296 ) (205.500061 5754.500000 296 ) (205.500061 5754.500000 400 ) 
4 646 652 (152 5696 296 ) (185.018585 5696 296 ) (185.018585 5696 400 ) (152 5696 400 ) 
4 647 650 (152 5729.010254 296 ) (152 5704.001953 296 ) (152 5704.001953 400 ) (152 5729.010254 400 ) 
4 650 702 (0 5776 296 ) (0 5704 296 ) (0 5704 424 ) (0 5776 424 ) 
4 651 652 (688 5568 296 ) (688 5568 424 ) (688 5696 424 ) (688 5696 296 ) 
4 652 709 (0 5696 296 ) (0 5568 296 ) (0 5568 424 ) (0 5696 424 ) 
4 652 664 (0 5568 296 ) (80 5568 296 ) (80 5568 424 ) (0 5568 424 ) 
4 652 663 (80 5568 296 ) (120 5568 296 ) (120 5568 424 ) (80 5568 424 ) 
4 652 660 (268 5568 296 ) (324 5568 296 ) (324 5568 400 ) (268 5568 400 ) 
4 652 658 (388 5568 296 ) (444 5568 296 ) (444 5568 400 ) (388 5568 400 ) 
4 652 655 (460 5568 296 ) (516 5568 296 ) (516 5568 400 ) (460 5568 400 ) 
4 652 653 (580 5568 296 ) (636 5568 296 ) (636 5568 400 ) (580 5568 400 ) 
4 653 654 (636 5561 296 ) (636 5561 400 ) (580 5561 400 ) (580 5561 296 ) 
4 654 665 (580 5560 296 ) (636 5560 296 ) (636 5560 400 ) (580 5560 400 ) 
4 655 656 (516 5562 296 ) (516 5562 400 ) (460 5562 400 ) (460 5562 296 ) 
4 656 657 (516 5561 296 ) (516 5561 400 ) (460 5561 400 ) (460 5561 296 ) 
4 657 666 (460 5560 296 ) (516 5560 296 ) (516 5560 400 ) (460 5560 400 ) 
4 658 659 (444 5561 296 ) (444 5561 400 ) (388 5561 400 ) (388 5561 296 ) 
4 659 667 (388 5560 296 ) (444 5560 296 ) (444 5560 400 ) (388 5560 400 ) 
4 660 661 (324 5562 296 ) (324 5562 400 ) (268 5562 400 ) (268 5562 296 ) 
4 661 662 (324 5561 296 ) (324 5561 400 ) (268 5561 400 ) (268 5561 296 ) 
4 662 669 (268 5560 296 ) (324 5560 296 ) (324 5560 400 ) (268 5560 400 ) 
4 663 670 (80 5560 296 ) (88 5560 296 ) (88 5560 424 ) (80 5560 424 ) 
4 663 668 (88 5560 296 ) (112 5560 296 ) (112 5560 424 ) (88 5560 424 ) 
4 663 664 (80 5568 424 ) (80 5568 296 ) (80 5560 296 ) (80 5560 424 ) 
4 664 709 (0 5568 296 ) (0 5560 296 ) (0 5560 424 ) (0 5568 424 ) 
4 664 672 (0 5560 296 ) (80 5560 296 ) (80 5560 400 ) (0 5560 400 ) 
4 664 671 (80 5560 400 ) (80 5560 424 ) (0 5560 424 ) (0 5560 400 ) 
4 668 670 (88 5560 424 ) (88 5560 296 ) (88 5536 296 ) (88 5536 424 ) 
4 670 672 (80 5560 400 ) (80 5560 296 ) (80 5528 296 ) (80 5528 400 ) 
4 670 671 (80 5560 424 ) (80 5560 400 ) (80 5528 400 ) (80 5528 424 ) 
4 671 709 (0 5560 424 ) (0 5560 400 ) (0 5528 400 ) (0 5528 424 ) 
4 671 672 (0 5560 400 ) (80 5560 400 ) (80 5528 400 ) (0 5528 400 ) 
4 672 709 (0 5560 296 ) (0 5528 296 ) (0 5528 400 ) (0 5560 400 ) 
4 672 673 (0 5528 296 ) (80 5528 296 ) (80 5528 400 ) (0 5528 400 ) 
4 673 710 (0 5528 296 ) (0 5481 296 ) (0 5481 400 ) (0 5528 400 ) 
4 673 674 (0 5481 296 ) (80 5481 296 ) (80 5481 400 ) (0 5481 400 ) 
4 674 711 (0 5481 296 ) (0 5480 296 ) (0 5480 400 ) (0 5481 400 ) 
4 674 675 (0 5480 296 ) (80 5480 296 ) (80 5480 400 ) (0 5480 400 ) 
4 675 712 (0 5480 296 ) (0 5448 296 ) (0 5448 400 ) (0 5480 400 ) 
4 675 676 (0 5448 296 ) (80 5448 296 ) (80 5448 400 ) (0 5448 400 ) 
4 676 712 (0 5448 296 ) (0 5440 296 ) (0 5440 400 ) (0 5448 400 ) 
4 676 678 (0 5440 296 ) (80 5440 296 ) (80 5440 400 ) (0 5440 400 ) 
4 677 687 (687.687988 5312 296 ) (688 5312 296 ) (688 5312 424 ) (687.687988 5312 424 ) 
4 677 683 (688 5312 424 ) (688 5312 464 ) (687.687988 5312 464 ) (687.687988 5312 424 ) 
4 678 720 (0 5440 296 ) (0 5312 296 ) (0 5312 448 ) (0 5440 448 ) 
4 678 700 (0 5312 448 ) (0 5312 464 ) (0 5440 464 ) (0 5440 448 ) 
4 678 687 (0 5312 296 ) (559.687988 5312 296 ) (559.687988 5312 424 ) (0 5312 424 ) 
4 678 683 (559.687988 5312 424 ) (559.687988 5312 464 ) (0 5312 464 ) (0 5312 424 ) 
4 679 682 (792 5312 424 ) (792 5312 296 ) (792 5256 296 ) (792 5256 424 ) 
4 679 681 (792 5256 424 ) (792 5256 296 ) (1024 5256 296 ) (1024 5256 424 ) 
4 680 765 (1024 5120 424 ) (1024 5120 464 ) (792 5120 464 ) (792 5120 424 ) 
4 680 681 (792 5120 424 ) (792 5256 424 ) (1024 5256 424 ) (1024 5120 424 ) 
4 681 766 (1024 5120 296 ) (1024 5120 424 ) (792 5120 424 ) (792 5120 296 ) 
4 681 682 (792 5256 296 ) (792 5120 296 ) (792 5120 424 ) (792 5256 424 ) 
4 682 768 (736 5120 424 ) (736 5120 296 ) (792 5120 296 ) (792 5120 424 ) 
4 682 684 (736 5312 424 ) (736 5312 296 ) (736 5184 296 ) (736 5184 424 ) 
4 683 720 (0 5184 424 ) (0 5184 448 ) (0 5312 448 ) (0 5312 424 ) 
4 683 700 (0 5184 448 ) (0 5184 464 ) (0 5312 464 ) (0 5312 448 ) 
4 683 688 (688 5184 464 ) (0 5184 464 ) (0 5184 424 ) (688 5184 424 ) 
4 683 687 (688 5184 424 ) (0 5184 424 ) (0 5312 424 ) (688 5312 424 ) 
4 684 685 (713 5184 296 ) (713 5184 424 ) (713 5312 424 ) (713 5312 296 ) 
4 685 686 (712 5184 296 ) (712 5184 424 ) (712 5312 424 ) (712 5312 296 ) 
4 686 687 (688 5184 296 ) (688 5184 424 ) (688 5312 424 ) (688 5312 296 ) 
4 687 720 (0 5312 296 ) (0 5184 296 ) (0 5184 424 ) (0 5312 424 ) 
4 687 688 (0 5184 296 ) (688 5184 296 ) (688 5184 424 ) (0 5184 424 ) 
4 688 785 (688 5120 464 ) (0 5120 464 ) (0 5120 296 ) (688 5120 296 ) 
4 688 725 (0 5136 296 ) (0 5120 296 ) (0 5120 448 ) (0 5136 448 ) 
4 688 722 (0 5147 296 ) (0 5136 296 ) (0 5136 448 ) (0 5147 448 ) 
4 688 720 (0 5184 296 ) (0 5147 296 ) (0 5147 448 ) (0 5184 448 ) 
4 688 700 (0 5120 448 ) (0 5120 464 ) (0 5184 464 ) (0 5184 448 ) 
4 688 689 (344 5120 296 ) (0 5120 296 ) (0 5144 296 ) (344 5144 296 ) 
4 689 786 (344 5120 296 ) (0 5120 296 ) (0 5120 272 ) (344 5120 272 ) 
4 689 726 (0 5136 272 ) (0 5120 272 ) (0 5120 296 ) (0 5136 296 ) 
4 689 724 (0 5144 272 ) (0 5136 272 ) (0 5136 296 ) (0 5144 296 ) 
4 689 690 (0 5120 272 ) (0 5144 272 ) (344 5144 272 ) (344 5120 272 ) 
4 690 787 (344 5120 272 ) (0 5120 272 ) (0 5120 208 ) (344 5120 208 ) 
4 690 726 (0 5136 208 ) (0 5120 208 ) (0 5120 272 ) (0 5136 272 ) 
4 690 724 (0 5144 208 ) (0 5136 208 ) (0 5136 272 ) (0 5144 272 ) 
4 690 694 (0 5120 208 ) (0 5144 208 ) (344 5144 208 ) (344 5120 208 ) 
4 691 809 (640 5120 208 ) (512 5120 208 ) (512 5120 16 ) (640 5120 16 ) 
4 691 692 (512 5664 16 ) (512 5120 16 ) (512 5120 208 ) (512 5664 208 ) 
4 692 809 (512 5120 208 ) (344 5120 208 ) (344 5120 16 ) (512 5120 16 ) 
4 692 694 (344 5144 16 ) (344 5120 16 ) (344 5120 208 ) (344 5144 208 ) 
4 692 693 (344 5792 208 ) (344 5792 16 ) (344 5144 16 ) (344 5144 208 ) 
4 693 723 (0 5147 16 ) (0 5144 16 ) (0 5144 208 ) (0 5147 208 ) 
4 693 721 (0 5440 16 ) (0 5147 16 ) (0 5147 208 ) (0 5440 208 ) 
4 693 719 (0 5704 16 ) (0 5440 16 ) (0 5440 208 ) (0 5704 208 ) 
4 693 708 (0 5792 16 ) (0 5704 16 ) (0 5704 208 ) (0 5792 208 ) 
4 693 694 (0 5144 16 ) (344 5144 16 ) (344 5144 208 ) (0 5144 208 ) 
4 694 810 (344 5120 208 ) (0 5120 208 ) (0 5120 16 ) (344 5120 16 ) 
4 694 726 (0 5136 16 ) (0 5120 16 ) (0 5120 208 ) (0 5136 208 ) 
4 694 724 (0 5144 16 ) (0 5136 16 ) (0 5136 208 ) (0 5144 208 ) 
4 695 814 (-496 5120 944 ) (-512 5120 944 ) (-512 5120 704 ) (-496 5120 704 ) 
4 695 811 (0 5120 704 ) (0 5120 944 ) (-496 5120 944 ) (-496 5120 704 ) 
4 695 732 (-512 5120 704 ) (-512 5120 720 ) (-512 5392 720 ) (-512 5392 704 ) 
4 695 731 (-512 5392 720 ) (-512 5520 720 ) (-512 5520 704 ) (-512 5392 704 ) 
4 695 730 (-512 5120 720 ) (-512 5120 944 ) (-512 5520 944 ) (-512 5520 720 ) 
4 695 697 (0 5120 704 ) (-496 5120 704 ) (-496 5360 704 ) (0 5360 704 ) 
4 695 696 (-512 5392 704 ) (-512 5520 704 ) (0 5520 704 ) (0 5392 704 ) 
4 697 812 (0 5120 512 ) (0 5120 704 ) (-496 5120 704 ) (-496 5120 512 ) 
4 697 699 (0 5136 512 ) (0 5120 512 ) (-496 5120 512 ) (-496 5136 512 ) 
4 697 698 (0 5360 512 ) (0 5152 512 ) (-228 5152 512 ) (-228 5360 512 ) 
4 698 701 (-228 5360 488 ) (-16 5360 488 ) (-16 5152 488 ) (-228 5152 488 ) 
4 698 700 (-16 5360 488 ) (0 5360 488 ) (0 5152 488 ) (-16 5152 488 ) 
4 699 812 (0 5120 488 ) (0 5120 512 ) (-496 5120 512 ) (-496 5120 488 ) 
4 699 701 (-16 5120 488 ) (-496 5120 488 ) (-496 5136 488 ) (-16 5136 488 ) 
4 699 700 (0 5120 488 ) (-16 5120 488 ) (-16 5136 488 ) (0 5136 488 ) 
4 700 813 (0 5120 448 ) (0 5120 488 ) (-16 5120 488 ) (-16 5120 448 ) 
4 700 725 (0 5136 448 ) (0 5120 448 ) (-16 5120 448 ) (-16 5136 448 ) 
4 700 722 (0 5147 448 ) (0 5136 448 ) (-16 5136 448 ) (-16 5147 448 ) 
4 700 720 (0 5440 448 ) (0 5147 448 ) (-16 5147 448 ) (-16 5440 448 ) 
4 700 701 (-16 5440 448 ) (-16 5120 448 ) (-16 5120 488 ) (-16 5440 488 ) 
4 701 815 (-496 5120 488 ) (-512 5120 488 ) (-512 5120 448 ) (-496 5120 448 ) 
4 701 813 (-16 5120 488 ) (-496 5120 488 ) (-496 5120 448 ) (-16 5120 448 ) 
4 701 740 (-512 5120 448 ) (-512 5120 488 ) (-512 5368 488 ) (-512 5368 448 ) 
4 701 728 (-512 5120 448 ) (-512 5136 448 ) (-424 5136 448 ) (-424 5120 448 ) 
4 701 725 (-424 5136 448 ) (-16 5136 448 ) (-16 5120 448 ) (-424 5120 448 ) 
4 701 722 (-512 5136 448 ) (-512 5147 448 ) (-16 5147 448 ) (-16 5136 448 ) 
4 701 720 (-512 5147 448 ) (-512 5440 448 ) (-16 5440 448 ) (-16 5147 448 ) 
4 702 703 (-32 5832 296 ) (-32 5704 296 ) (-32 5704 424 ) (-32 5832 424 ) 
4 703 704 (-94 5704 424 ) (-94 5832 424 ) (-94 5832 296 ) (-94 5704 296 ) 
4 704 705 (-96 5704 424 ) (-96 5832 424 ) (-96 5832 296 ) (-96 5704 296 ) 
4 705 707 (-152 5832 296 ) (-152 5704 296 ) (-152 5704 424 ) (-152 5832 424 ) 
4 706 717 (-208 5704 448 ) (-456 5704 448 ) (-456 5704 424 ) (-208 5704 424 ) 
4 706 707 (-208 5852 424 ) (-208 5704 424 ) (-456 5704 424 ) (-456 5852 424 ) 
4 707 718 (-512 5704 424 ) (-512 5704 296 ) (-152 5704 296 ) (-152 5704 424 ) 
4 708 750 (-512 5746 16 ) (-512 5704 16 ) (-512 5704 184 ) (-512 5746 184 ) 
4 708 719 (-512 5704 16 ) (0 5704 16 ) (0 5704 208 ) (-512 5704 208 ) 
4 709 713 (-16 5696 296 ) (-16 5528 296 ) (-16 5528 424 ) (-16 5696 424 ) 
4 709 710 (-16 5528 400 ) (-16 5528 296 ) (0 5528 296 ) (0 5528 400 ) 
4 710 711 (0 5481 400 ) (-16 5481 400 ) (-16 5481 296 ) (0 5481 296 ) 
4 711 712 (0 5480 400 ) (-16 5480 400 ) (-16 5480 296 ) (0 5480 296 ) 
4 712 720 (0 5440 296 ) (0 5440 400 ) (-16 5440 400 ) (-16 5440 296 ) 
4 713 714 (-144 5640 296 ) (-144 5584 296 ) (-144 5584 400 ) (-144 5640 400 ) 
4 714 715 (-147 5584 296 ) (-147 5584 400 ) (-147 5640 400 ) (-147 5640 296 ) 
4 715 716 (-148 5584 296 ) (-148 5584 400 ) (-148 5640 400 ) (-148 5640 296 ) 
4 716 718 (-152 5640 296 ) (-152 5584 296 ) (-152 5584 400 ) (-152 5640 400 ) 
4 717 718 (-456 5504 424 ) (-456 5704 424 ) (-208 5704 424 ) (-208 5504 424 ) 
4 719 750 (-512 5704 184 ) (-512 5704 16 ) (-512 5440 16 ) (-512 5440 184 ) 
4 719 721 (-512 5440 16 ) (0 5440 16 ) (0 5440 208 ) (-512 5440 208 ) 
4 720 740 (-512 5147 448 ) (-512 5368 448 ) (-512 5368 296 ) (-512 5147 296 ) 
4 720 722 (0 5147 296 ) (0 5147 448 ) (-512 5147 448 ) (-512 5147 296 ) 
4 721 750 (-512 5440 184 ) (-512 5440 16 ) (-512 5230 16 ) (-512 5230 184 ) 
4 721 723 (-324 5147 16 ) (0 5147 16 ) (0 5147 208 ) (-324 5147 208 ) 
4 722 740 (-512 5136 448 ) (-512 5147 448 ) (-512 5147 296 ) (-512 5136 296 ) 
4 722 728 (-424 5136 448 ) (-512 5136 448 ) (-512 5136 296 ) (-424 5136 296 ) 
4 722 725 (0 5136 296 ) (0 5136 448 ) (-424 5136 448 ) (-424 5136 296 ) 
4 722 724 (0 5136 296 ) (-324 5136 296 ) (-324 5144 296 ) (0 5144 296 ) 
4 723 724 (-324 5144 208 ) (-324 5144 16 ) (0 5144 16 ) (0 5144 208 ) 
4 724 726 (-324 5136 16 ) (0 5136 16 ) (0 5136 296 ) (-324 5136 296 ) 
4 725 813 (0 5120 296 ) (0 5120 448 ) (-424 5120 448 ) (-424 5120 296 ) 
4 725 728 (-424 5136 448 ) (-424 5136 296 ) (-424 5120 296 ) (-424 5120 448 ) 
4 725 727 (-424 5120 296 ) (-424 5136 296 ) (-324 5136 296 ) (-324 5120 296 ) 
4 725 726 (-324 5136 296 ) (0 5136 296 ) (0 5120 296 ) (-324 5120 296 ) 
4 726 816 (0 5120 16 ) (0 5120 296 ) (-324 5120 296 ) (-324 5120 16 ) 
3 726 727 (-324 5120 296 ) (-324 5135.997070 296 ) (-324 5120 285.622559 ) 
4 727 818 (-424 5120 286.001434 ) (-424 5120 285.616455 ) (-324 5120 285.622559 ) (-324 5120 286 ) 
4 727 817 (-324 5120 296 ) (-424 5120 296 ) (-424 5120 286.001434 ) (-324 5120 286 ) 
5 727 729 (-424 5136 296 ) (-424 5136 295.995636 ) (-424 5123.674316 288 ) (-424 5120 288 ) (-424 5120 296 ) 
4 728 815 (-496 5120 448 ) (-512 5120 448 ) (-512 5120 296 ) (-496 5120 296 ) 
4 728 813 (-424 5120 448 ) (-496 5120 448 ) (-496 5120 296 ) (-424 5120 296 ) 
4 728 740 (-512 5120 296 ) (-512 5120 448 ) (-512 5136 448 ) (-512 5136 296 ) 
4 728 729 (-488 5136 296 ) (-424 5136 296 ) (-424 5120 296 ) (-488 5120 296 ) 
4 729 824 (-424 5120 288 ) (-424 5120 296 ) (-488 5120 296 ) (-488 5120 288 ) 
4 730 833 (-528 5120 944 ) (-560 5120 944 ) (-560 5120 720 ) (-528 5120 720 ) 
4 730 829 (-512 5120 720 ) (-512 5120 944 ) (-528 5120 944 ) (-528 5120 720 ) 
4 730 732 (-512 5392 720 ) (-512 5120 720 ) (-560 5120 720 ) (-560 5392 720 ) 
4 730 731 (-528 5520 720 ) (-512 5520 720 ) (-512 5392 720 ) (-528 5392 720 ) 
4 731 732 (-528 5392 704 ) (-512 5392 704 ) (-512 5392 720 ) (-528 5392 720 ) 
4 732 833 (-528 5120 720 ) (-560 5120 720 ) (-560 5120 704 ) (-528 5120 704 ) 
4 732 829 (-512 5120 704 ) (-512 5120 720 ) (-528 5120 720 ) (-528 5120 704 ) 
4 733 837 (-1024 6080 512 ) (-1024 5392 512 ) (-1024 5392 704 ) (-1024 6080 704 ) 
4 733 747 (-920 5392 512 ) (-1024 5392 512 ) (-1024 6080 512 ) (-920 6080 512 ) 
4 733 738 (-528 6080 512 ) (-528 5392 512 ) (-920 5392 512 ) (-920 6080 512 ) 
4 733 736 (-1024 5392 512 ) (-920 5392 512 ) (-920 5392 592 ) (-1024 5392 592 ) 
4 733 735 (-792 5392 512 ) (-652 5392 512 ) (-652 5392 592 ) (-792 5392 592 ) 
4 733 734 (-920 5392 704 ) (-1024 5392 704 ) (-1024 5392 592 ) (-920 5392 592 ) 
4 734 837 (-1024 5376 592 ) (-1024 5376 704 ) (-1024 5392 704 ) (-1024 5392 592 ) 
4 734 737 (-920 5376 704 ) (-1024 5376 704 ) (-1024 5376 592 ) (-920 5376 592 ) 
4 734 736 (-920 5376 592 ) (-1024 5376 592 ) (-1024 5392 592 ) (-920 5392 592 ) 
4 735 739 (-652 5376 512 ) (-788 5376 512 ) (-788 5392 512 ) (-652 5392 512 ) 
4 736 837 (-1024 5392 512 ) (-1024 5376 512 ) (-1024 5376 592 ) (-1024 5392 592 ) 
4 736 747 (-920 5376 512 ) (-1024 5376 512 ) (-1024 5392 512 ) (-920 5392 512 ) 
4 736 737 (-1024 5376 512 ) (-920 5376 512 ) (-920 5376 592 ) (-1024 5376 592 ) 
4 737 838 (-1024 5168 512 ) (-1024 5144 512 ) (-1024 5144 704 ) (-1024 5168 704 ) 
4 737 837 (-1024 5376 512 ) (-1024 5168 512 ) (-1024 5168 704 ) (-1024 5376 704 ) 
4 737 747 (-1024 5144 512 ) (-1024 5376 512 ) (-920 5376 512 ) (-920 5144 512 ) 
4 738 747 (-920 5392 384 ) (-920 5392 512 ) (-920 6080 512 ) (-920 6080 384 ) 
4 738 739 (-788 5392 384 ) (-592 5392 384 ) (-592 5392 512 ) (-788 5392 512 ) 
4 739 745 (-788 5376 296 ) (-640 5376 296 ) (-640 5376 488 ) (-788 5376 488 ) 
4 739 744 (-640 5376 488 ) (-640 5376 512 ) (-788 5376 512 ) (-788 5376 488 ) 
4 739 743 (-640 5376 296 ) (-593 5376 296 ) (-593 5376 488 ) (-640 5376 488 ) 
4 739 742 (-593 5376 296 ) (-592 5376 296 ) (-592 5376 488 ) (-593 5376 488 ) 
4 740 741 (-528 5368 296 ) (-528 5120 296 ) (-528 5120 488 ) (-528 5368 488 ) 
4 741 742 (-592 5368 296 ) (-592 5120 296 ) (-592 5120 488 ) (-592 5368 488 ) 
4 742 743 (-593 5120 488 ) (-593 5376 488 ) (-593 5376 296 ) (-593 5120 296 ) 
4 743 745 (-640 5376 488 ) (-640 5376 296 ) (-640 5120 296 ) (-640 5120 488 ) 
4 744 745 (-904 5120 488 ) (-904 5376 488 ) (-640 5376 488 ) (-640 5120 488 ) 
4 745 746 (-904 5312 296 ) (-904 5200 296 ) (-904 5200 400 ) (-904 5312 400 ) 
4 746 748 (-920 5312 296 ) (-920 5200 296 ) (-920 5200 384 ) (-920 5312 384 ) 
4 746 747 (-920 5200 384 ) (-920 5200 400 ) (-920 5312 400 ) (-920 5312 384 ) 
4 747 838 (-1024 5168 384 ) (-1024 5144 384 ) (-1024 5144 512 ) (-1024 5168 512 ) 
4 747 837 (-1024 6080 384 ) (-1024 5168 384 ) (-1024 5168 512 ) (-1024 6080 512 ) 
4 747 748 (-920 6080 384 ) (-920 5168 384 ) (-1024 5168 384 ) (-1024 6080 384 ) 
4 748 837 (-1024 6080 296 ) (-1024 5168 296 ) (-1024 5168 384 ) (-1024 6080 384 ) 
4 748 756 (-1024 5168 296 ) (-1024 5392 296 ) (-920 5392 296 ) (-920 5168 296 ) 
4 748 752 (-1024 5392 296 ) (-1024 6080 296 ) (-920 6080 296 ) (-920 5392 296 ) 
4 748 749 (-1024 5168 296 ) (-920 5168 296 ) (-920 5168 328 ) (-1024 5168 328 ) 
4 749 839 (-1024 5168 296 ) (-1024 5120 296 ) (-1024 5120 328 ) (-1024 5168 328 ) 
4 749 836 (-1024 5120 328 ) (-1024 5120 296 ) (-920 5120 296 ) (-920 5120 328 ) 
4 749 756 (-1024 5120 296 ) (-1024 5168 296 ) (-920 5168 296 ) (-920 5120 296 ) 
4 751 754 (-920 5392 16 ) (-904 5392 16 ) (-904 5392 288 ) (-920 5392 288 ) 
4 751 753 (-904 5392 16 ) (-528 5392 16 ) (-528 5392 288 ) (-904 5392 288 ) 
4 751 752 (-920 6080 288 ) (-920 6080 16 ) (-920 5392 16 ) (-920 5392 288 ) 
4 752 837 (-1024 6080 16 ) (-1024 5392 16 ) (-1024 5392 296 ) (-1024 6080 296 ) 
4 752 756 (-1024 5392 16 ) (-920 5392 16 ) (-920 5392 296 ) (-1024 5392 296 ) 
4 753 834 (-528 5120 16 ) (-528 5120 288 ) (-904 5120 288 ) (-904 5120 16 ) 
4 753 754 (-904 5392 288 ) (-904 5392 16 ) (-904 5152 16 ) (-904 5152 288 ) 
4 753 755 (-904 5152 16 ) (-904 5120 16 ) (-904 5120 288 ) (-904 5152 288 ) 
4 754 755 (-920 5152 288 ) (-920 5152 16 ) (-904 5152 16 ) (-904 5152 288 ) 
4 754 756 (-920 5392 288 ) (-920 5392 16 ) (-920 5152 16 ) (-920 5152 288 ) 
4 755 834 (-904 5120 296 ) (-920 5120 296 ) (-920 5120 16 ) (-904 5120 16 ) 
4 755 756 (-920 5152 16 ) (-920 5120 16 ) (-920 5120 296 ) (-920 5152 296 ) 
4 756 839 (-1024 5168 16 ) (-1024 5120 16 ) (-1024 5120 296 ) (-1024 5168 296 ) 
4 756 837 (-1024 5392 16 ) (-1024 5168 16 ) (-1024 5168 296 ) (-1024 5392 296 ) 
4 756 836 (-920 5120 296 ) (-1024 5120 296 ) (-1024 5120 16 ) (-920 5120 16 ) 
4 757 849 (0 4096 944 ) (0 4096 704 ) (432 4096 704 ) (432 4096 944 ) 
4 757 811 (0 5120 944 ) (0 5120 704 ) (0 4096 704 ) (0 4096 944 ) 
4 757 761 (0 4096 704 ) (0 4256 704 ) (378 4256 704 ) (378 4096 704 ) 
4 757 760 (0 4256 704 ) (0 4640 704 ) (378 4640 704 ) (378 4256 704 ) 
4 757 758 (0 4640 704 ) (0 5120 704 ) (378 5120 704 ) (378 4640 704 ) 
4 758 812 (0 5120 704 ) (0 5120 512 ) (0 4640 512 ) (0 4640 704 ) 
4 758 764 (0 4640 512 ) (0 5120 512 ) (336 5120 512 ) (336 4640 512 ) 
4 758 760 (0 4640 512 ) (378 4640 512 ) (378 4640 704 ) (0 4640 704 ) 
4 759 762 (394 4640 512 ) (688 4640 512 ) (688 4256 512 ) (394 4256 512 ) 
4 760 812 (0 4640 512 ) (0 4256 512 ) (0 4256 704 ) (0 4640 704 ) 
4 760 764 (0 4256 512 ) (0 4640 512 ) (336 4640 512 ) (336 4256 512 ) 
4 760 761 (0 4256 512 ) (378 4256 512 ) (378 4256 704 ) (0 4256 704 ) 
4 761 853 (0 4096 536 ) (0 4096 512 ) (378 4096 512 ) (378 4096 536 ) 
4 761 852 (378 4096 704 ) (0 4096 704 ) (0 4096 536 ) (378 4096 536 ) 
4 761 812 (0 4256 512 ) (0 4096 512 ) (0 4096 704 ) (0 4256 704 ) 
4 761 764 (336 4096 512 ) (0 4096 512 ) (0 4256 512 ) (336 4256 512 ) 
4 762 785 (688 4256 488 ) (378 4256 488 ) (378 4640 488 ) (688 4640 488 ) 
4 762 763 (708 4256 488 ) (712 4256 488 ) (712 4256 512 ) (708 4256 512 ) 
4 763 855 (712 4096 512 ) (708 4096 512 ) (708 4096 488 ) (712 4096 488 ) 
4 764 856 (336 4096 512 ) (0 4096 512 ) (0 4096 488 ) (336 4096 488 ) 
4 764 812 (0 5120 512 ) (0 5120 488 ) (0 4096 488 ) (0 4096 512 ) 
4 764 785 (0 4096 488 ) (0 5120 488 ) (336 5120 488 ) (336 4096 488 ) 
4 765 766 (1024 5008 424 ) (792 5008 424 ) (792 5120 424 ) (1024 5120 424 ) 
4 766 768 (792 5120 296 ) (792 5008 296 ) (792 5008 424 ) (792 5120 424 ) 
4 766 767 (792 5008 424 ) (792 5008 296 ) (1024 5008 296 ) (1024 5008 424 ) 
4 767 768 (792 5008 296 ) (792 4952 296 ) (792 4952 424 ) (792 5008 424 ) 
4 769 777 (736 4928 296 ) (736 4832 296 ) (736 4832 400 ) (736 4928 400 ) 
4 770 773 (736 4752 424 ) (736 4752 296 ) (792 4752 296 ) (792 4752 424 ) 
4 770 772 (792 4752 296 ) (1024 4752 296 ) (1024 4752 424 ) (792 4752 424 ) 
4 771 772 (1024 4192 424 ) (792 4192 424 ) (792 4752 424 ) (1024 4752 424 ) 
4 772 774 (792 4192 424 ) (792 4192 296 ) (1024 4192 296 ) (1024 4192 424 ) 
4 772 773 (792 4752 424 ) (792 4752 296 ) (792 4192 296 ) (792 4192 424 ) 
4 773 774 (736 4192 424 ) (736 4192 296 ) (792 4192 296 ) (792 4192 424 ) 
4 775 860 (1024 4096 296 ) (1024 4096 424 ) (736 4096 424 ) (736 4096 296 ) 
4 775 782 (736 4112 296 ) (736 4096 296 ) (736 4096 400 ) (736 4112 400 ) 
4 776 779 (688 4928 400 ) (688 4928 296 ) (716 4928 296 ) (716 4928 400 ) 
4 776 785 (688 4955.998047 296 ) (688 4928 296 ) (688 4928 400 ) (688 4955.998047 400 ) 
4 777 778 (724 4832 296 ) (724 4832 400 ) (724 4928 400 ) (724 4928 296 ) 
4 778 779 (716 4832 296 ) (716 4832 400 ) (716 4928 400 ) (716 4928 296 ) 
4 779 780 (688 4832 400 ) (688 4832 296 ) (716 4832 296 ) (716 4832 400 ) 
4 779 785 (688 4928 296 ) (688 4832 296 ) (688 4832 400 ) (688 4928 400 ) 
4 780 785 (688 4832 296 ) (688 4804.002441 296 ) (688 4804.002441 400 ) (688 4832 400 ) 
4 781 784 (688 4112 400 ) (688 4112 296 ) (716 4112 296 ) (716 4112 400 ) 
4 781 785 (688 4140 296 ) (688 4112 296 ) (688 4112 400 ) (688 4140 400 ) 
4 782 861 (724 4096 296 ) (736 4096 296 ) (736 4096 400 ) (724 4096 400 ) 
4 782 783 (724 4096 400 ) (724 4112 400 ) (724 4112 296 ) (724 4096 296 ) 
4 783 862 (723 4096 296 ) (724 4096 296 ) (724 4096 400 ) (723 4096 400 ) 
4 783 784 (723 4096 400 ) (723 4112 400 ) (723 4112 296 ) (723 4096 296 ) 
4 784 872 (688 4096 400 ) (688 4096 296 ) (716 4096 296 ) (716 4096 400 ) 
4 784 863 (716 4096 296 ) (723 4096 296 ) (723 4096 400 ) (716 4096 400 ) 
4 784 785 (688 4112 296 ) (688 4096 296 ) (688 4096 400 ) (688 4112 400 ) 
4 785 876 (688 4096 488 ) (0 4096 488 ) (0 4096 296 ) (688 4096 296 ) 
4 785 813 (0 5120 488 ) (0 5120 296 ) (0 4096 296 ) (0 4096 488 ) 
4 785 788 (344 4096 296 ) (0 4096 296 ) (0 4136 296 ) (344 4136 296 ) 
4 785 786 (0 4136 296 ) (0 5120 296 ) (344 5120 296 ) (344 4136 296 ) 
4 786 816 (0 5120 296 ) (0 5120 272 ) (0 4136 272 ) (0 4136 296 ) 
4 786 788 (344 4136 296 ) (0 4136 296 ) (0 4136 272 ) (344 4136 272 ) 
4 786 787 (344 4136 272 ) (0 4136 272 ) (0 5120 272 ) (344 5120 272 ) 
4 787 816 (0 5120 272 ) (0 5120 208 ) (0 4136 208 ) (0 4136 272 ) 
4 787 810 (0 4136 208 ) (0 5120 208 ) (344 5120 208 ) (344 4136 208 ) 
4 787 791 (0 4136 208 ) (344 4136 208 ) (344 4136 212 ) (0 4136 212 ) 
4 787 790 (344 4136 212 ) (344 4136 272 ) (0 4136 272 ) (0 4136 212 ) 
4 788 887 (0 4096 288 ) (0 4096 272 ) (344 4096 272 ) (344 4096 288 ) 
4 788 885 (344 4096 296 ) (0 4096 296 ) (0 4096 288 ) (344 4096 288 ) 
4 788 816 (0 4096 272 ) (0 4096 296 ) (0 4136 296 ) (0 4136 272 ) 
4 788 790 (344 4096 272 ) (0 4096 272 ) (0 4136 272 ) (344 4136 272 ) 
4 789 888 (640 4096 272 ) (347 4096 272 ) (347 4096 212 ) (640 4096 212 ) 
4 789 790 (347 4136 212 ) (347 4096 212 ) (347 4096 272 ) (347 4136 272 ) 
4 790 889 (347 4096 272 ) (0 4096 272 ) (0 4096 212 ) (347 4096 212 ) 
4 790 816 (0 4096 212 ) (0 4096 272 ) (0 4136 272 ) (0 4136 212 ) 
4 790 791 (0 4136 212 ) (344 4136 212 ) (344 4096 212 ) (0 4096 212 ) 
4 791 890 (0 4096 212 ) (0 4096 208 ) (344 4096 208 ) (344 4096 212 ) 
4 791 816 (0 4136 208 ) (0 4096 208 ) (0 4096 212 ) (0 4136 212 ) 
4 791 810 (344 4096 208 ) (0 4096 208 ) (0 4136 208 ) (344 4136 208 ) 
4 792 795 (744 4784 16 ) (1024 4784 16 ) (1024 4784 208 ) (744 4784 208 ) 
4 792 793 (744 4880 208 ) (744 4880 16 ) (744 4784 16 ) (744 4784 208 ) 
4 793 794 (743 4880 208 ) (743 4880 16 ) (743 4784 16 ) (743 4784 208 ) 
4 794 796 (656 4784 208 ) (656 4784 16 ) (728 4784 16 ) (728 4784 208 ) 
4 795 797 (744 4576 16 ) (1024 4576 16 ) (1024 4576 208 ) (744 4576 208 ) 
4 796 807 (656 4732 16 ) (656 4628 16 ) (656 4628 144 ) (656 4732 144 ) 
4 796 799 (656 4576 208 ) (656 4576 16 ) (728 4576 16 ) (728 4576 208 ) 
4 797 800 (746 4480 16 ) (874 4480 16 ) (874 4480 144 ) (746 4480 144 ) 
4 797 798 (743 4576 208 ) (743 4576 16 ) (743 4480 16 ) (743 4480 208 ) 
4 798 799 (742 4576 208 ) (742 4576 16 ) (742 4480 16 ) (742 4480 208 ) 
4 800 801 (872 4464 16 ) (874 4464 16 ) (874 4464 144 ) (872 4464 144 ) 
4 800 803 (746 4464 16 ) (872 4464 16 ) (872 4464 144 ) (746 4464 144 ) 
4 801 803 (872 4464 208 ) (872 4464 16 ) (872 4232 16 ) (872 4232 208 ) 
4 802 905 (1024 4096 16 ) (1024 4096 192 ) (872 4096 192 ) (872 4096 16 ) 
4 802 892 (1024 4096 192 ) (1024 4096 208 ) (872 4096 208 ) (872 4096 192 ) 
4 802 803 (872 4216 16 ) (872 4096 16 ) (872 4096 208 ) (872 4216 208 ) 
4 803 905 (744 4096 192 ) (744 4096 16 ) (872 4096 16 ) (872 4096 192 ) 
4 803 892 (872 4096 208 ) (744 4096 208 ) (744 4096 192 ) (872 4096 192 ) 
4 803 804 (744 4464 208 ) (744 4464 16 ) (744 4352 16 ) (744 4352 208 ) 
4 804 805 (743 4464 208 ) (743 4464 16 ) (743 4352 16 ) (743 4352 208 ) 
4 805 806 (656 4352 208 ) (656 4352 16 ) (728 4352 16 ) (728 4352 208 ) 
4 806 907 (656 4096 192 ) (656 4096 16 ) (728 4096 16 ) (728 4096 192 ) 
4 806 894 (728 4096 208 ) (656 4096 208 ) (656 4096 192 ) (728 4096 192 ) 
4 806 808 (656 4276 16 ) (656 4172 16 ) (656 4172 144 ) (656 4276 144 ) 
4 807 809 (640 4732 16 ) (640 4628 16 ) (640 4628 144 ) (640 4732 144 ) 
4 808 809 (640 4276 16 ) (640 4172 16 ) (640 4172 144 ) (640 4276 144 ) 
4 809 908 (344 4096 192 ) (344 4096 16 ) (640 4096 16 ) (640 4096 192 ) 
4 809 895 (640 4096 208 ) (344 4096 208 ) (344 4096 192 ) (640 4096 192 ) 
4 809 810 (344 5120 16 ) (344 4096 16 ) (344 4096 208 ) (344 5120 208 ) 
4 810 910 (0 4096 192 ) (0 4096 16 ) (344 4096 16 ) (344 4096 192 ) 
4 810 897 (344 4096 208 ) (0 4096 208 ) (0 4096 192 ) (344 4096 192 ) 
4 810 816 (0 5120 208 ) (0 5120 16 ) (0 4096 16 ) (0 4096 208 ) 
4 811 918 (0 4096 704 ) (0 4096 944 ) (-496 4096 944 ) (-496 4096 704 ) 
4 811 814 (-496 5120 944 ) (-496 5120 704 ) (-496 4096 704 ) (-496 4096 944 ) 
4 811 812 (-496 4096 704 ) (-496 5120 704 ) (0 5120 704 ) (0 4096 704 ) 
4 812 923 (-306 4096 512 ) (-496 4096 512 ) (-496 4096 488 ) (-306 4096 488 ) 
4 812 921 (0 4096 488 ) (0 4096 512 ) (-306 4096 512 ) (-306 4096 488 ) 
4 812 919 (0 4096 512 ) (0 4096 704 ) (-496 4096 704 ) (-496 4096 512 ) 
4 812 813 (0 4096 488 ) (-496 4096 488 ) (-496 5120 488 ) (0 5120 488 ) 
4 813 936 (-496 4096 456 ) (-496 4096 296 ) (-304 4096 296 ) (-304 4096 456 ) 
4 813 933 (-304 4096 488 ) (-496 4096 488 ) (-496 4096 456 ) (-304 4096 456 ) 
4 813 925 (0 4096 296 ) (0 4096 488 ) (-304 4096 488 ) (-304 4096 296 ) 
4 813 827 (-488 5112 296 ) (-488 4668 296 ) (-496 4668 296 ) (-496 5112 296 ) 
4 813 828 (-488 4668 296 ) (-488 4096 296 ) (-496 4096 296 ) (-496 4668 296 ) 
4 813 824 (-488 5120 296 ) (-424 5120 296 ) (-424 4668 296 ) (-488 4668 296 ) 
4 813 826 (-424 4668 296 ) (-424 4096 296 ) (-488 4096 296 ) (-488 4668 296 ) 
4 813 817 (-424 5120 296 ) (-324 5120 296 ) (-324 4668 296 ) (-424 4668 296 ) 
4 813 819 (-324 4668 296 ) (-324 4096 296 ) (-424 4096 296 ) (-424 4668 296 ) 
4 813 816 (-324 5120 296 ) (0 5120 296 ) (0 4096 296 ) (-324 4096 296 ) 
4 813 815 (-496 5120 488 ) (-496 5120 296 ) (-496 4096 296 ) (-496 4096 488 ) 
4 814 918 (-512 4096 944 ) (-512 4096 704 ) (-496 4096 704 ) (-496 4096 944 ) 
4 814 830 (-512 4416 704 ) (-512 4096 704 ) (-512 4096 944 ) (-512 4416 944 ) 
4 814 829 (-512 5120 944 ) (-512 5120 704 ) (-512 4416 704 ) (-512 4416 944 ) 
4 815 936 (-512 4096 456 ) (-512 4096 296 ) (-496 4096 296 ) (-496 4096 456 ) 
4 815 933 (-512 4096 488 ) (-512 4096 456 ) (-496 4096 456 ) (-496 4096 488 ) 
4 815 827 (-512 4668 296 ) (-512 5112 296 ) (-496 5112 296 ) (-496 4668 296 ) 
4 815 828 (-512 4096 296 ) (-512 4668 296 ) (-496 4668 296 ) (-496 4096 296 ) 
4 816 960 (-64 4096 192 ) (-324 4096 192 ) (-324 4096 16 ) (-64 4096 16 ) 
4 816 956 (0 4096 16 ) (0 4096 192 ) (-64 4096 192 ) (-64 4096 16 ) 
4 816 952 (0 4096 192 ) (0 4096 296 ) (-324 4096 296 ) (-324 4096 192 ) 
3 816 822 (-324 4668 16 ) (-324 4668 88 ) (-324 4776 88 ) 
4 816 823 (-324 4668 16 ) (-324 4096 16 ) (-324 4096 88 ) (-324 4668 88 ) 
4 816 820 (-324 4668 184 ) (-324 4944.002930 184 ) (-324 4800.003418 88 ) (-324 4668 88 ) 
4 816 821 (-324 4096 88 ) (-324 4096 184 ) (-324 4668 184 ) (-324 4668 88 ) 
3 816 818 (-324 5120 286 ) (-324 5120 285.622559 ) (-324 5099.003906 272.002472 ) 
5 816 817 (-324 4668 296 ) (-324 5120 296 ) (-324 5120 286 ) (-324 4966.997559 184 ) (-324 4668 184 ) 
4 816 819 (-324 4096 184 ) (-324 4096 296 ) (-324 4668 296 ) (-324 4668 184 ) 
4 817 825 (-424 4944 184 ) (-424 4668 184 ) (-424 4668 288 ) (-424 5100 288 ) 
4 817 824 (-424 4668 296 ) (-424 5120 296 ) (-424 5120 288 ) (-424 4668 288 ) 
4 817 820 (-424 4668 184 ) (-424 4944 184 ) (-324 4944.002930 184 ) (-324 4668 184 ) 
4 817 818 (-424 5098.677734 271.784668 ) (-424 5120 286 ) (-324 5120 285.997589 ) (-324 5099.104004 272.067200 ) 
4 817 819 (-424 4668 296 ) (-424 4668 184 ) (-324 4668 184 ) (-324 4668 296 ) 
4 819 992 (-424 4096 192 ) (-424 4096 184 ) (-352 4096 184 ) (-352 4096 192 ) 
4 819 990 (-352 4096 184 ) (-336 4096 184 ) (-336 4096 192 ) (-352 4096 192 ) 
4 819 960 (-336 4096 184 ) (-324 4096 184 ) (-324 4096 192 ) (-336 4096 192 ) 
4 819 952 (-324 4096 296 ) (-424 4096 296 ) (-424 4096 192 ) (-324 4096 192 ) 
4 819 826 (-424 4096 184 ) (-424 4096 296 ) (-424 4668 296 ) (-424 4668 184 ) 
4 819 821 (-424 4096 184 ) (-424 4668 184 ) (-324 4668 184 ) (-324 4096 184 ) 
4 820 825 (-424 4668 184 ) (-424 4944 184 ) (-424 4800 88 ) (-424 4668 88 ) 
4 820 822 (-424 4668 88 ) (-424 4776 88 ) (-324 4776 88 ) (-324 4668 88 ) 
4 820 821 (-424 4668 88 ) (-324 4668 88 ) (-324 4668 184 ) (-424 4668 184 ) 
4 821 992 (-424 4096 184 ) (-424 4096 88 ) (-352 4096 88 ) (-352 4096 184 ) 
4 821 990 (-352 4096 88 ) (-336 4096 88 ) (-336 4096 184 ) (-352 4096 184 ) 
4 821 960 (-336 4096 88 ) (-324 4096 88 ) (-324 4096 184 ) (-336 4096 184 ) 
4 821 826 (-424 4096 88 ) (-424 4096 184 ) (-424 4668 184 ) (-424 4668 88 ) 
4 821 823 (-424 4096 88 ) (-424 4668 88 ) (-324 4668 88 ) (-324 4096 88 ) 
3 822 825 (-424 4668 16 ) (-424 4668 88 ) (-424 4776 88 ) 
4 822 823 (-324 4668 16 ) (-324 4668 88 ) (-424 4668 88 ) (-424 4668 16 ) 
4 823 992 (-424 4096 88 ) (-424 4096 16 ) (-352 4096 16 ) (-352 4096 88 ) 
4 823 990 (-352 4096 16 ) (-336 4096 16 ) (-336 4096 88 ) (-352 4096 88 ) 
4 823 960 (-336 4096 16 ) (-324 4096 16 ) (-324 4096 88 ) (-336 4096 88 ) 
4 823 826 (-424 4668 16 ) (-424 4096 16 ) (-424 4096 88 ) (-424 4668 88 ) 
4 824 827 (-488 4668 288 ) (-488 4668 296 ) (-488 5112 296 ) (-488 5100 288 ) 
4 824 825 (-424 4668 288 ) (-488 4668 288 ) (-488 5100 288 ) (-424 5100 288 ) 
4 824 826 (-488 4668 296 ) (-488 4668 288 ) (-424 4668 288 ) (-424 4668 296 ) 
4 825 827 (-488 4692 16 ) (-488 4668 16 ) (-488 4668 288 ) (-488 5100 288 ) 
4 825 826 (-488 4668 288 ) (-488 4668 16 ) (-424 4668 16 ) (-424 4668 288 ) 
4 826 992 (-488 4096 192 ) (-488 4096 16 ) (-424 4096 16 ) (-424 4096 192 ) 
4 826 952 (-424 4096 296 ) (-488 4096 296 ) (-488 4096 192 ) (-424 4096 192 ) 
4 826 828 (-488 4668 16 ) (-488 4096 16 ) (-488 4096 296 ) (-488 4668 296 ) 
4 827 828 (-488 4668 16 ) (-488 4668 296 ) (-512 4668 296 ) (-512 4668 16 ) 
4 828 992 (-512 4096 192 ) (-512 4096 16 ) (-488 4096 16 ) (-488 4096 192 ) 
4 828 952 (-488 4096 296 ) (-512 4096 296 ) (-512 4096 192 ) (-488 4096 192 ) 
4 828 831 (-512 4416 16 ) (-512 4096 16 ) (-512 4096 184 ) (-512 4416 184 ) 
4 829 833 (-528 4416 704 ) (-528 4416 944 ) (-528 5120 944 ) (-528 5120 704 ) 
4 829 830 (-528 4416 944 ) (-528 4416 704 ) (-512 4416 704 ) (-512 4416 944 ) 
4 830 918 (-528 4096 944 ) (-528 4096 704 ) (-512 4096 704 ) (-512 4096 944 ) 
4 830 833 (-528 4096 704 ) (-528 4096 944 ) (-528 4416 944 ) (-528 4416 704 ) 
4 831 1005 (-527 4096 16 ) (-512 4096 16 ) (-512 4096 184 ) (-527 4096 184 ) 
4 831 832 (-527 4096 184 ) (-527 4416 184 ) (-527 4416 16 ) (-527 4096 16 ) 
4 832 1006 (-528 4096 184 ) (-528 4096 16 ) (-527 4096 16 ) (-527 4096 184 ) 
4 832 835 (-528 4416 16 ) (-528 4096 16 ) (-528 4096 184 ) (-528 4416 184 ) 
4 833 918 (-560 4096 944 ) (-560 4096 704 ) (-528 4096 704 ) (-528 4096 944 ) 
4 834 836 (-920 5120 296 ) (-920 5120 16 ) (-920 5088 16 ) (-920 5088 296 ) 
4 834 835 (-528 5088 16 ) (-528 5088 296 ) (-920 5088 296 ) (-920 5088 16 ) 
4 835 1007 (-920 4096 296 ) (-920 4096 16 ) (-528 4096 16 ) (-528 4096 296 ) 
4 835 944 (-920 4096 328 ) (-920 4096 296 ) (-528 4096 296 ) (-528 4096 328 ) 
4 835 836 (-920 5088 16 ) (-920 4096 16 ) (-920 4096 328 ) (-920 5088 328 ) 
4 836 1007 (-1024 4096 296 ) (-1024 4096 16 ) (-920 4096 16 ) (-920 4096 296 ) 
4 836 951 (-1024 4096 328 ) (-1024 4096 296 ) (-920 4096 296 ) (-920 4096 328 ) 
4 836 843 (-1024 4096 16 ) (-1024 4096 328 ) (-1024 5120 328 ) (-1024 5120 16 ) 
4 837 841 (-1544 6080 16 ) (-1544 5168 16 ) (-1544 5168 704 ) (-1544 6080 704 ) 
4 837 840 (-1544 5168 272 ) (-1544 5168 16 ) (-1432 5168 16 ) (-1432 5168 272 ) 
4 837 839 (-1432 5168 16 ) (-1024 5168 16 ) (-1024 5168 328 ) (-1432 5168 328 ) 
4 837 838 (-1544 5168 704 ) (-1544 5168 384 ) (-1024 5168 384 ) (-1024 5168 704 ) 
4 838 841 (-1544 5144 704 ) (-1544 5168 704 ) (-1544 5168 384 ) (-1544 5144 384 ) 
4 839 843 (-1024 5120 16 ) (-1024 5120 328 ) (-1432 5120 328 ) (-1432 5120 16 ) 
4 839 840 (-1432 5168 272 ) (-1432 5168 16 ) (-1432 5120 16 ) (-1432 5120 272 ) 
4 840 844 (-1544 5120 272 ) (-1544 5120 16 ) (-1432 5120 16 ) (-1432 5120 272 ) 
4 840 842 (-1544 5144 16 ) (-1544 5120 16 ) (-1544 5120 272 ) (-1544 5144 272 ) 
4 840 841 (-1544 5168 16 ) (-1544 5144 16 ) (-1544 5144 272 ) (-1544 5168 272 ) 
4 841 846 (-2048 5144 704 ) (-2048 6080 704 ) (-2048 6080 16 ) (-2048 5144 16 ) 
4 841 842 (-2048 5144 16 ) (-1544 5144 16 ) (-1544 5144 272 ) (-2048 5144 272 ) 
4 842 847 (-2048 5120 16 ) (-2048 5120 272 ) (-2048 5144 272 ) (-2048 5144 16 ) 
4 842 845 (-2048 5120 272 ) (-2048 5120 16 ) (-1544 5120 16 ) (-1544 5120 272 ) 
4 843 1139 (-1024 4096 16 ) (-1024 4096 328 ) (-1432 4096 328 ) (-1432 4096 16 ) 
4 843 844 (-1432 5120 16 ) (-1432 4096 16 ) (-1432 4096 272 ) (-1432 5120 272 ) 
4 844 1140 (-1544 4096 272 ) (-1544 4096 16 ) (-1432 4096 16 ) (-1432 4096 272 ) 
4 844 845 (-1544 5120 16 ) (-1544 4096 16 ) (-1544 4096 272 ) (-1544 5120 272 ) 
4 845 1141 (-2048 4096 272 ) (-2048 4096 16 ) (-1544 4096 16 ) (-1544 4096 272 ) 
4 845 848 (-2048 4096 16 ) (-2048 4096 272 ) (-2048 5120 272 ) (-2048 5120 16 ) 
4 846 847 (-2112 5144 16 ) (-2048 5144 16 ) (-2048 5144 272 ) (-2112 5144 272 ) 
4 847 848 (-2048 5120 16 ) (-2048 5120 272 ) (-2112 5120 272 ) (-2112 5120 16 ) 
4 848 1142 (-2048 4096 16 ) (-2048 4096 272 ) (-2112 4096 272 ) (-2112 4096 16 ) 
4 849 918 (0 4096 944 ) (0 4096 704 ) (0 3600 704 ) (0 3600 944 ) 
4 849 852 (0 3708 704 ) (0 4096 704 ) (378 4096 704 ) (378 3708 704 ) 
4 850 851 (394 3456 536 ) (394 3840 536 ) (688 3840 536 ) (688 3456 536 ) 
4 851 857 (412 3776 512 ) (636 3776 512 ) (636 3552 512 ) (412 3552 512 ) 
4 852 919 (0 4096 704 ) (0 4096 536 ) (0 3708 536 ) (0 3708 704 ) 
4 852 853 (0 3708 536 ) (0 4096 536 ) (378 4096 536 ) (378 3708 536 ) 
4 853 919 (0 4096 536 ) (0 4096 512 ) (0 3708 512 ) (0 3708 536 ) 
4 853 858 (0 3772 512 ) (0 3776 512 ) (336 3776 512 ) (336 3772 512 ) 
4 853 856 (0 3776 512 ) (0 4096 512 ) (336 4096 512 ) (336 3776 512 ) 
4 854 920 (0 3528 512 ) (0 3176 512 ) (0 3176 536 ) (0 3528 536 ) 
4 854 859 (0 3264 512 ) (0 3528 512 ) (188 3528 512 ) (188 3264 512 ) 
4 856 921 (0 4096 512 ) (0 4096 488 ) (0 3776 488 ) (0 3776 512 ) 
4 856 876 (0 3776 488 ) (0 4096 488 ) (336 4096 488 ) (336 3776 488 ) 
4 856 858 (0 3776 488 ) (336 3776 488 ) (336 3776 512 ) (0 3776 512 ) 
4 857 878 (608 3552 488 ) (412 3552 488 ) (412 3608 488 ) (608 3608 488 ) 
4 857 877 (636 3772 488 ) (636 3608 488 ) (412 3608 488 ) (412 3772 488 ) 
4 857 876 (412 3776 488 ) (636 3776 488 ) (636 3772 488 ) (412 3772 488 ) 
4 858 921 (0 3776 488 ) (0 3772 488 ) (0 3772 512 ) (0 3776 512 ) 
4 858 876 (0 3772 488 ) (0 3776 488 ) (336 3776 488 ) (336 3772 488 ) 
4 859 922 (0 3528 488 ) (0 3264 488 ) (0 3264 512 ) (0 3528 512 ) 
4 859 879 (0 3264 488 ) (0 3528 488 ) (188 3528 488 ) (188 3264 488 ) 
4 860 864 (996 4000 296 ) (1024 4000 296 ) (1024 4000 400 ) (996 4000 400 ) 
4 860 861 (736 4096 296 ) (736 4016 296 ) (736 4016 400 ) (736 4096 400 ) 
4 861 862 (724 4096 296 ) (724 4016 296 ) (724 4016 400 ) (724 4096 400 ) 
4 862 863 (723 4096 296 ) (723 4016 296 ) (723 4016 400 ) (723 4096 400 ) 
4 863 872 (716 4096 296 ) (716 4016 296 ) (716 4016 400 ) (716 4096 400 ) 
4 864 865 (1024 3996 400 ) (996 3996 400 ) (996 3996 296 ) (1024 3996 296 ) 
4 865 866 (1024 3995 400 ) (996 3995 400 ) (996 3995 296 ) (1024 3995 296 ) 
4 866 868 (996 3992 296 ) (1024 3992 296 ) (1024 3992 400 ) (996 3992 400 ) 
4 867 868 (928 3736 424 ) (928 3936 424 ) (1024 3936 424 ) (1024 3736 424 ) 
4 868 869 (928 3680 296 ) (928 3680 424 ) (928 3992 424 ) (928 3992 296 ) 
4 869 870 (736 3680 296 ) (736 3680 424 ) (736 3992 424 ) (736 3992 296 ) 
4 870 873 (716 3904 296 ) (716 3776 296 ) (716 3776 424 ) (716 3904 424 ) 
4 871 1033 (960 3072 488 ) (716 3072 488 ) (716 3072 296 ) (960 3072 296 ) 
4 871 886 (960 3072 296 ) (716 3072 296 ) (716 3264 296 ) (960 3264 296 ) 
4 871 883 (716 3176 296 ) (716 3072 296 ) (716 3072 488 ) (716 3176 488 ) 
4 871 880 (716 3264 296 ) (716 3176 296 ) (716 3176 488 ) (716 3264 488 ) 
4 872 876 (688 4096 296 ) (688 3988 296 ) (688 3988 400 ) (688 4096 400 ) 
4 873 874 (704 3904 424 ) (704 3904 296 ) (704 3776 296 ) (704 3776 424 ) 
4 874 875 (700 3904 424 ) (700 3904 296 ) (700 3776 296 ) (700 3776 424 ) 
4 875 876 (688 3904 296 ) (688 3776 296 ) (688 3776 424 ) (688 3904 424 ) 
4 876 925 (0 4096 488 ) (0 4096 296 ) (0 3772 296 ) (0 3772 488 ) 
4 876 885 (0 3772 296 ) (0 4096 296 ) (344 4096 296 ) (344 3772 296 ) 
4 876 877 (0 3772 296 ) (688 3772 296 ) (688 3772 488 ) (0 3772 488 ) 
4 877 926 (0 3772 296 ) (0 3608 296 ) (0 3608 488 ) (0 3772 488 ) 
4 877 878 (0 3608 296 ) (608 3608 296 ) (608 3608 488 ) (0 3608 488 ) 
4 878 926 (0 3608 296 ) (0 3528 296 ) (0 3528 488 ) (0 3608 488 ) 
4 878 879 (0 3528 296 ) (192 3528 296 ) (192 3528 488 ) (0 3528 488 ) 
4 879 927 (0 3528 296 ) (0 3264 296 ) (0 3264 488 ) (0 3528 488 ) 
4 879 881 (0 3264 296 ) (192 3264 296 ) (192 3264 488 ) (0 3264 488 ) 
4 880 886 (376 3264 296 ) (716 3264 296 ) (716 3176 296 ) (376 3176 296 ) 
4 880 883 (376 3176 296 ) (716 3176 296 ) (716 3176 488 ) (376 3176 488 ) 
4 881 927 (0 3264 296 ) (0 3177 296 ) (0 3177 488 ) (0 3264 488 ) 
4 881 882 (0 3177 296 ) (192 3177 296 ) (192 3177 488 ) (0 3177 488 ) 
4 882 928 (0 3177 296 ) (0 3176 296 ) (0 3176 488 ) (0 3177 488 ) 
4 882 884 (0 3176 296 ) (192 3176 296 ) (192 3176 488 ) (0 3176 488 ) 
4 883 1040 (640 3072 488 ) (376 3072 488 ) (376 3072 296 ) (640 3072 296 ) 
4 883 1033 (716 3072 488 ) (640 3072 488 ) (640 3072 296 ) (716 3072 296 ) 
4 883 886 (716 3072 296 ) (376 3072 296 ) (376 3176 296 ) (716 3176 296 ) 
4 884 1072 (304 3072 488 ) (0 3072 488 ) (0 3072 296 ) (304 3072 296 ) 
4 884 929 (0 3176 296 ) (0 3072 296 ) (0 3072 488 ) (0 3176 488 ) 
4 885 952 (0 4096 296 ) (0 4096 288 ) (0 3772 288 ) (0 3772 296 ) 
4 885 887 (0 3772 288 ) (0 4096 288 ) (344 4096 288 ) (344 3772 288 ) 
4 886 1040 (640 3072 296 ) (376 3072 296 ) (376 3072 288 ) (640 3072 288 ) 
4 886 1033 (960 3072 296 ) (640 3072 296 ) (640 3072 288 ) (960 3072 288 ) 
3 886 900 (575.365845 3072 288 ) (572.397583 3072 288 ) (569.189148 3095.274170 288 ) 
5 886 899 (676.575012 3072 288 ) (575.365845 3072 288 ) (567.728088 3100.779541 288 ) (584.989136 3108 288 ) (672 3108 288 ) 
4 887 952 (0 4096 288 ) (0 4096 272 ) (0 3772 272 ) (0 3772 288 ) 
4 887 891 (0 3772 272 ) (0 4088 272 ) (344 4088 272 ) (344 3772 272 ) 
4 887 889 (0 4088 272 ) (0 4096 272 ) (344 4096 272 ) (344 4088 272 ) 
4 888 889 (347 4096 212 ) (347 4088 212 ) (347 4088 272 ) (347 4096 272 ) 
4 889 952 (0 4096 272 ) (0 4096 212 ) (0 4088 212 ) (0 4088 272 ) 
4 889 891 (344 4088 272 ) (0 4088 272 ) (0 4088 212 ) (344 4088 212 ) 
4 889 890 (344 4088 212 ) (0 4088 212 ) (0 4096 212 ) (344 4096 212 ) 
4 890 952 (0 4096 212 ) (0 4096 208 ) (0 4088 208 ) (0 4088 212 ) 
4 890 897 (0 4088 208 ) (0 4096 208 ) (344 4096 208 ) (344 4088 208 ) 
4 890 891 (0 4088 208 ) (344 4088 208 ) (344 4088 212 ) (0 4088 212 ) 
4 891 952 (0 4088 208 ) (0 3772 208 ) (0 3772 272 ) (0 4088 272 ) 
4 891 897 (0 3772 208 ) (0 4088 208 ) (344 4088 208 ) (344 3772 208 ) 
4 892 905 (743 4096 192 ) (1024 4096 192 ) (1024 4000 192 ) (743 4000 192 ) 
4 892 893 (743 4096 192 ) (743 4000 192 ) (743 4000 208 ) (743 4096 208 ) 
4 893 906 (742 4096 192 ) (743 4096 192 ) (743 4000 192 ) (742 4000 192 ) 
4 893 894 (742 4096 192 ) (742 4000 192 ) (742 4000 208 ) (742 4096 208 ) 
4 894 907 (656 4096 192 ) (742 4096 192 ) (742 4000 192 ) (656 4000 192 ) 
4 895 908 (344 4096 192 ) (640 4096 192 ) (640 3772 192 ) (344 3772 192 ) 
4 895 897 (344 4096 192 ) (344 3772 192 ) (344 3772 208 ) (344 4096 208 ) 
4 895 896 (344 3772 208 ) (344 3772 192 ) (640 3772 192 ) (640 3772 208 ) 
4 896 909 (640 3772 192 ) (640 3528 192 ) (344 3528 192 ) (344 3772 192 ) 
4 896 898 (344 3772 192 ) (344 3528 192 ) (344 3528 208 ) (344 3772 208 ) 
4 897 952 (0 4096 208 ) (0 4096 192 ) (0 3772 192 ) (0 3772 208 ) 
4 897 910 (0 3772 192 ) (0 4096 192 ) (344 4096 192 ) (344 3772 192 ) 
4 897 898 (0 3772 192 ) (344 3772 192 ) (344 3772 208 ) (0 3772 208 ) 
4 898 953 (0 3772 192 ) (0 3528 192 ) (0 3528 208 ) (0 3772 208 ) 
4 898 911 (0 3528 192 ) (0 3772 192 ) (344 3772 192 ) (344 3528 192 ) 
4 899 1049 (608 3072 288 ) (575.365845 3072 288 ) (575.365845 3072 257.850037 ) (608 3072 257.850037 ) 
4 899 1044 (676.575073 3072 288 ) (608 3072 288 ) (608 3072 257.850037 ) (676.575012 3072 257.850037 ) 
6 899 901 (676.575073 3072 257.850037 ) (575.365845 3072 257.850037 ) (574.067871 3076.890869 257.850037 ) (591.844421 3108 257.850037 ) (638.064087 3108 257.850037 ) (674.717163 3086.619385 257.850037 ) 
4 899 900 (569.192688 3095.262207 257.850037 ) (575.366150 3072 257.850037 ) (575.367188 3072 288 ) (569.188599 3095.278564 288 ) 
4 900 1049 (575.365845 3072 288 ) (572.397583 3072 288 ) (572.399475 3072 257.850037 ) (575.365845 3072 257.850037 ) 
4 900 901 (575.365845 3072 257.850037 ) (572.399475 3072 257.850037 ) (572.180542 3073.588379 257.850037 ) (574.067871 3076.890869 257.850037 ) 
4 901 1049 (608 3072 257.850037 ) (572.399475 3072 257.850037 ) (572.403137 3072 199.054993 ) (608 3072 199.054993 ) 
4 901 1045 (676.574646 3072 257.850037 ) (608 3072 257.850037 ) (608 3072 199.054993 ) (676.574646 3072 199.054993 ) 
4 901 903 (575.365784 3072 199.054993 ) (572.403137 3072 199.054993 ) (572.183838 3073.590820 199.054993 ) (574.068420 3076.888916 199.054993 ) 
6 901 902 (591.846436 3108 199.054993 ) (638.070313 3108 199.054993 ) (674.716370 3086.623535 199.054993 ) (676.574646 3072 199.054993 ) (575.365784 3072 199.054993 ) (574.068420 3076.888916 199.054993 ) 
4 902 1049 (575.365845 3072 192 ) (608 3072 192 ) (608 3072 199.054993 ) (575.365845 3072 199.054993 ) 
4 902 1046 (608 3072 192 ) (676.575012 3072 192 ) (676.575012 3072 199.054993 ) (608 3072 199.054993 ) 
6 902 913 (644.921570 3104 192 ) (674.717102 3086.619629 192 ) (676.575012 3072 192 ) (575.365845 3072 192 ) (567.728027 3100.780029 192 ) (575.425659 3104 192 ) 
4 902 904 (674.716919 3086.620850 192 ) (638.066406 3108 192 ) (638.066406 3108 199.054993 ) (674.716919 3086.620850 199.054993 ) 
4 902 903 (569.201233 3095.229980 192 ) (575.366150 3072 192 ) (575.367188 3072 199.054993 ) (569.200134 3095.234863 199.054993 ) 
4 903 1049 (572.403564 3072 192 ) (575.365845 3072 192 ) (575.365845 3072 199.054993 ) (572.403137 3072 199.054993 ) 
3 903 913 (575.365845 3072 192 ) (572.403564 3072 192 ) (569.201538 3095.227539 192 ) 
3 904 913 (672.508301 3104 192 ) (674.716858 3086.619629 192 ) (644.921509 3104 192 ) 
4 905 906 (743 4096 16 ) (743 4000 16 ) (743 4000 192 ) (743 4096 192 ) 
4 906 907 (742 4096 16 ) (742 4000 16 ) (742 4000 192 ) (742 4096 192 ) 
4 908 910 (344 4096 16 ) (344 3772 16 ) (344 3772 192 ) (344 4096 192 ) 
4 908 909 (344 3772 192 ) (344 3772 16 ) (640 3772 16 ) (640 3772 192 ) 
4 909 911 (344 3772 16 ) (344 3528 16 ) (344 3528 192 ) (344 3772 192 ) 
4 910 956 (0 4096 192 ) (0 4096 16 ) (0 3772 16 ) (0 3772 192 ) 
4 910 911 (0 3772 16 ) (344 3772 16 ) (344 3772 192 ) (0 3772 192 ) 
4 911 957 (0 3772 16 ) (0 3528 16 ) (0 3528 192 ) (0 3772 192 ) 
4 912 988 (0 3184 16 ) (0 3104 16 ) (0 3104 192 ) (0 3184 192 ) 
4 912 985 (0 3352 16 ) (0 3184 16 ) (0 3184 152 ) (0 3352 152 ) 
4 912 983 (0 3184 152 ) (0 3184 192 ) (0 3352 192 ) (0 3352 152 ) 
4 912 959 (0 3360 16 ) (0 3352 16 ) (0 3352 192 ) (0 3360 192 ) 
4 912 917 (0 3104 16 ) (312 3104 16 ) (312 3104 144 ) (0 3104 144 ) 
4 912 914 (312 3104 144 ) (312 3104 192 ) (0 3104 192 ) (0 3104 144 ) 
4 913 1052 (960 3072 192 ) (376 3072 192 ) (376 3072 144 ) (960 3072 144 ) 
4 913 916 (376 3104 144 ) (960 3104 144 ) (960 3072 144 ) (376 3072 144 ) 
4 914 988 (0 3072 144 ) (0 3072 192 ) (0 3104 192 ) (0 3104 144 ) 
4 914 917 (0 3072 144 ) (0 3104 144 ) (312 3104 144 ) (312 3072 144 ) 
4 915 1021 (1024 3072 16 ) (1024 3072 144 ) (968 3072 144 ) (968 3072 16 ) 
4 916 1052 (960 3072 144 ) (376 3072 144 ) (376 3072 16 ) (960 3072 16 ) 
4 917 988 (0 3104 16 ) (0 3072 16 ) (0 3072 144 ) (0 3104 144 ) 
4 918 919 (-496 4096 704 ) (0 4096 704 ) (0 3708 704 ) (-496 3708 704 ) 
4 919 923 (-496 4096 512 ) (-306 4096 512 ) (-306 3772 512 ) (-496 3772 512 ) 
4 919 921 (-306 4096 512 ) (0 4096 512 ) (0 3772 512 ) (-306 3772 512 ) 
4 920 922 (0 3528 512 ) (0 3264 512 ) (-80 3264 512 ) (-80 3528 512 ) 
4 921 933 (-306 3772 488 ) (-306 4096 488 ) (-304 4096 488 ) (-304 3772 488 ) 
4 921 925 (-304 4096 488 ) (0 4096 488 ) (0 3772 488 ) (-304 3772 488 ) 
4 921 923 (-306 4096 488 ) (-306 3772 488 ) (-306 3772 512 ) (-306 4096 512 ) 
4 922 927 (-64 3528 488 ) (0 3528 488 ) (0 3264 488 ) (-64 3264 488 ) 
4 923 933 (-496 4096 488 ) (-306 4096 488 ) (-306 3772 488 ) (-496 3772 488 ) 
4 924 935 (-512 3453 488 ) (-512 3708 488 ) (-306 3708 488 ) (-306 3453 488 ) 
4 925 952 (-304 4096 296 ) (0 4096 296 ) (0 3772 296 ) (-304 3772 296 ) 
4 925 936 (-304 4096 296 ) (-304 3773 296 ) (-304 3773 456 ) (-304 4096 456 ) 
4 925 933 (-304 3772 456 ) (-304 3772 488 ) (-304 4096 488 ) (-304 4096 456 ) 
4 925 926 (-304 3772 488 ) (-304 3772 296 ) (0 3772 296 ) (0 3772 488 ) 
4 926 937 (-304 3534 400 ) (-304 3622 400 ) (-304 3622 347 ) (-304 3534 347 ) 
4 926 934 (-304 3708 488 ) (-304 3772 488 ) (-304 3772 456 ) (-304 3708 456 ) 
4 926 935 (-304 3528 456 ) (-304 3528 488 ) (-304 3708 488 ) (-304 3708 456 ) 
4 926 931 (-304 3528 488 ) (-304 3528 296 ) (-80 3528 296 ) (-80 3528 488 ) 
4 926 927 (-64 3528 296 ) (0 3528 296 ) (0 3528 488 ) (-64 3528 488 ) 
4 927 928 (-64 3177 488 ) (-64 3177 296 ) (0 3177 296 ) (0 3177 488 ) 
4 928 929 (-64 3176 488 ) (-64 3176 296 ) (0 3176 296 ) (0 3176 488 ) 
4 929 1075 (0 3072 296 ) (0 3072 488 ) (-64 3072 488 ) (-64 3072 296 ) 
4 929 930 (-64 3144 296 ) (-64 3072 296 ) (-64 3072 488 ) (-64 3144 488 ) 
4 930 1075 (-64 3072 488 ) (-80 3072 488 ) (-80 3072 296 ) (-64 3072 296 ) 
4 930 932 (-80 3144 296 ) (-80 3072 296 ) (-80 3072 488 ) (-80 3144 488 ) 
4 931 941 (-304 3420 296 ) (-304 3264 296 ) (-304 3264 424 ) (-304 3420 424 ) 
4 931 939 (-304 3524 296 ) (-304 3458 296 ) (-304 3458 405 ) (-304 3524 405 ) 
4 931 935 (-304 3420 488 ) (-304 3528 488 ) (-304 3528 456 ) (-304 3420 456 ) 
4 932 1075 (-80 3072 488 ) (-240 3072 488 ) (-240 3072 296 ) (-80 3072 296 ) 
4 933 936 (-512 3773 456 ) (-512 4096 456 ) (-304 4096 456 ) (-304 3773 456 ) 
4 933 934 (-512 3772 488 ) (-512 3772 456 ) (-304 3772 456 ) (-304 3772 488 ) 
4 934 935 (-512 3708 488 ) (-512 3708 456 ) (-304 3708 456 ) (-304 3708 488 ) 
4 935 940 (-512 3422 456 ) (-512 3524 456 ) (-306 3524 456 ) (-306 3422 456 ) 
4 935 938 (-512 3524 456 ) (-512 3708 456 ) (-306 3708 456 ) (-306 3524 456 ) 
4 936 952 (-512 4096 296 ) (-304 4096 296 ) (-304 3773 296 ) (-512 3773 296 ) 
4 937 938 (-306 3622 347 ) (-306 3534 347 ) (-306 3534 400 ) (-306 3622 400 ) 
4 938 940 (-306 3524 456 ) (-512 3524 456 ) (-512 3524 296 ) (-306 3524 296 ) 
4 939 940 (-306 3524 405 ) (-306 3524 296 ) (-306 3458 296 ) (-306 3458 405 ) 
4 941 942 (-352 3264 296 ) (-352 3264 424 ) (-352 3420 424 ) (-352 3420 296 ) 
4 942 943 (-512 3420 296 ) (-512 3264 296 ) (-512 3264 424 ) (-512 3420 424 ) 
4 943 949 (-528 3273 296 ) (-528 3264 296 ) (-528 3264 424 ) (-528 3273 424 ) 
4 943 947 (-528 3420 296 ) (-528 3273 296 ) (-528 3273 416 ) (-528 3420 416 ) 
4 943 946 (-528 3273 416 ) (-528 3273 424 ) (-528 3420 424 ) (-528 3420 416 ) 
4 944 1007 (-920 4096 296 ) (-528 4096 296 ) (-528 3448 296 ) (-920 3448 296 ) 
4 944 951 (-920 4096 296 ) (-920 3448 296 ) (-920 3448 328 ) (-920 4096 328 ) 
4 945 947 (-904 3429 296 ) (-528 3429 296 ) (-528 3429 416 ) (-904 3429 416 ) 
4 945 946 (-528 3429 416 ) (-528 3429 424 ) (-904 3429 424 ) (-904 3429 416 ) 
4 946 949 (-528 3273 416 ) (-528 3273 424 ) (-904 3273 424 ) (-904 3273 416 ) 
4 946 947 (-528 3273 416 ) (-904 3273 416 ) (-904 3429 416 ) (-528 3429 416 ) 
4 947 949 (-904 3273 296 ) (-528 3273 296 ) (-528 3273 416 ) (-904 3273 416 ) 
4 947 948 (-909 3425 412 ) (-909 3425 296 ) (-909 3277 296 ) (-909 3277 412 ) 
4 950 1081 (-920 3072 296 ) (-528 3072 296 ) (-528 3072 328 ) (-920 3072 328 ) 
4 950 1010 (-528 3256 296 ) (-528 3072 296 ) (-920 3072 296 ) (-920 3256 296 ) 
4 950 951 (-920 3256 296 ) (-920 3072 296 ) (-920 3072 328 ) (-920 3256 328 ) 
4 951 1139 (-1024 4096 328 ) (-1024 4096 296 ) (-1024 3072 296 ) (-1024 3072 328 ) 
4 951 1081 (-1024 3072 328 ) (-1024 3072 296 ) (-920 3072 296 ) (-920 3072 328 ) 
4 951 1008 (-920 3448 296 ) (-920 3256 296 ) (-1024 3256 296 ) (-1024 3448 296 ) 
4 951 1007 (-1024 4096 296 ) (-920 4096 296 ) (-920 3448 296 ) (-1024 3448 296 ) 
4 951 1010 (-920 3256 296 ) (-920 3072 296 ) (-1024 3072 296 ) (-1024 3256 296 ) 
4 952 992 (-512 3772 192 ) (-512 4096 192 ) (-352 4096 192 ) (-352 3772 192 ) 
4 952 990 (-352 4096 192 ) (-336 4096 192 ) (-336 3772 192 ) (-352 3772 192 ) 
4 952 960 (-336 4096 192 ) (-64 4096 192 ) (-64 3772 192 ) (-336 3772 192 ) 
4 952 956 (-64 4096 192 ) (0 4096 192 ) (0 3772 192 ) (-64 3772 192 ) 
4 952 955 (-512 3772 208 ) (-512 3772 192 ) (-352 3772 192 ) (-352 3772 208 ) 
4 952 954 (-352 3772 192 ) (-336 3772 192 ) (-336 3772 208 ) (-352 3772 208 ) 
4 952 953 (-336 3772 192 ) (0 3772 192 ) (0 3772 208 ) (-336 3772 208 ) 
4 953 961 (-336 3772 192 ) (-64 3772 192 ) (-64 3528 192 ) (-336 3528 192 ) 
4 953 957 (-64 3772 192 ) (0 3772 192 ) (0 3528 192 ) (-64 3528 192 ) 
4 953 954 (-336 3736 208 ) (-336 3772 208 ) (-336 3772 192 ) (-336 3736 192 ) 
4 954 991 (-352 3772 192 ) (-336 3772 192 ) (-336 3736 192 ) (-352 3736 192 ) 
4 954 955 (-352 3736 208 ) (-352 3772 208 ) (-352 3772 192 ) (-352 3736 192 ) 
4 955 993 (-512 3736 192 ) (-512 3772 192 ) (-352 3772 192 ) (-352 3736 192 ) 
4 956 960 (-64 4096 16 ) (-64 3772 16 ) (-64 3772 192 ) (-64 4096 192 ) 
4 956 957 (-64 3772 192 ) (-64 3772 16 ) (0 3772 16 ) (0 3772 192 ) 
4 957 964 (-64 3772 16 ) (-64 3528 16 ) (-64 3528 20 ) (-64 3772 20 ) 
4 957 962 (-64 3528 20 ) (-64 3528 132 ) (-64 3772 132 ) (-64 3772 20 ) 
4 957 961 (-64 3528 132 ) (-64 3528 192 ) (-64 3772 192 ) (-64 3772 132 ) 
4 957 958 (-64 3528 192 ) (-64 3528 16 ) (-32 3528 16 ) (-32 3528 192 ) 
4 958 974 (-64 3528 16 ) (-64 3512 16 ) (-64 3512 20 ) (-64 3528 20 ) 
4 958 969 (-64 3512 20 ) (-64 3512 192 ) (-64 3528 192 ) (-64 3528 20 ) 
4 959 985 (-64 3352 16 ) (0 3352 16 ) (0 3352 152 ) (-64 3352 152 ) 
4 959 983 (0 3352 152 ) (0 3352 192 ) (-64 3352 192 ) (-64 3352 152 ) 
4 960 990 (-336 4096 16 ) (-336 3772 16 ) (-336 3772 192 ) (-336 4096 192 ) 
4 960 967 (-336 3772 20 ) (-336 3772 16 ) (-228 3772 16 ) (-228 3772 20 ) 
4 960 965 (-228 3772 16 ) (-80 3772 16 ) (-80 3772 20 ) (-228 3772 20 ) 
4 960 964 (-80 3772 16 ) (-64 3772 16 ) (-64 3772 20 ) (-80 3772 20 ) 
4 960 962 (-336 3772 132 ) (-336 3772 20 ) (-64 3772 20 ) (-64 3772 132 ) 
4 960 961 (-336 3772 192 ) (-336 3772 132 ) (-64 3772 132 ) (-64 3772 192 ) 
4 961 991 (-336 3736 192 ) (-336 3772 192 ) (-336 3772 132 ) (-336 3736 132 ) 
4 961 970 (-336 3528 192 ) (-336 3528 132 ) (-230 3528 132 ) (-230 3528 192 ) 
4 961 969 (-230 3528 132 ) (-64 3528 132 ) (-64 3528 192 ) (-230 3528 192 ) 
3 961 963 (-283.001038 3528 132 ) (-336 3528 132 ) (-336 3530 132 ) 
5 961 962 (-64 3528 132 ) (-283.001038 3528 132 ) (-336 3530 132 ) (-336 3772 132 ) (-64 3772 132 ) 
4 962 991 (-336 3736 132 ) (-336 3772 132 ) (-336 3772 20 ) (-336 3736 20 ) 
4 962 972 (-283.001038 3528 20 ) (-230 3528 20 ) (-230 3528 132 ) (-283.001038 3528 132 ) 
4 962 969 (-230 3528 20 ) (-64 3528 20 ) (-64 3528 132 ) (-230 3528 132 ) 
5 962 968 (-228 3528 20 ) (-283.001038 3528 20 ) (-336 3530 20 ) (-336 3560 20 ) (-228 3552 20 ) 
4 962 967 (-336 3560 20 ) (-336 3772 20 ) (-228 3772 20 ) (-228 3552 20 ) 
3 962 966 (-80 3528 20 ) (-228 3528 20 ) (-228 3544 20 ) 
4 962 965 (-80 3528 20 ) (-228 3544 20 ) (-228 3772 20 ) (-80 3772 20 ) 
4 962 964 (-64 3528 20 ) (-80 3528 20 ) (-80 3772 20 ) (-64 3772 20 ) 
4 962 963 (-336 3530 20 ) (-283.007813 3528 20 ) (-283.007813 3528 132 ) (-336 3530 132 ) 
4 963 973 (-336 3528 132 ) (-336 3528 20 ) (-283.001038 3528 20 ) (-283.001038 3528 132 ) 
3 963 968 (-283.001038 3528 20 ) (-336 3528 20 ) (-336 3530 20 ) 
4 964 974 (-80 3528 16 ) (-64 3528 16 ) (-64 3528 20 ) (-80 3528 20 ) 
4 964 965 (-80 3528 16 ) (-80 3528 20 ) (-80 3772 20 ) (-80 3772 16 ) 
4 965 968 (-228 3544 20 ) (-228 3552 20 ) (-228 3552 16 ) (-228 3544 16 ) 
4 965 967 (-228 3552 20 ) (-228 3772 20 ) (-228 3772 16 ) (-228 3552 16 ) 
4 965 966 (-228 3544 20 ) (-228 3544 16 ) (-80 3528 16 ) (-80 3528 20 ) 
4 966 975 (-228 3528 16 ) (-80 3528 16 ) (-80 3528 20 ) (-228 3528 20 ) 
4 966 968 (-228 3528 16 ) (-228 3528 20 ) (-228 3544 20 ) (-228 3544 16 ) 
4 967 991 (-336 3772 16 ) (-336 3736 16 ) (-336 3736 20 ) (-336 3772 20 ) 
4 967 968 (-228 3552 16 ) (-228 3552 20 ) (-336 3560 20 ) (-336 3560 16 ) 
4 968 976 (-336 3528 20 ) (-336 3528 16 ) (-228 3528 16 ) (-228 3528 20 ) 
4 969 980 (-230 3512 20 ) (-228 3512 20 ) (-228 3512 192 ) (-230 3512 192 ) 
4 969 977 (-228 3512 20 ) (-80 3512 20 ) (-80 3512 192 ) (-228 3512 192 ) 
4 969 975 (-80 3512 20 ) (-228 3512 20 ) (-228 3528 20 ) (-80 3528 20 ) 
4 969 974 (-64 3512 20 ) (-80 3512 20 ) (-80 3528 20 ) (-64 3528 20 ) 
4 969 976 (-228 3512 20 ) (-230 3512 20 ) (-230 3528 20 ) (-228 3528 20 ) 
4 969 973 (-230 3526 20 ) (-230 3522 20 ) (-230 3522 132 ) (-230 3526 132 ) 
4 969 972 (-230 3528 132 ) (-230 3528 20 ) (-230 3526 20 ) (-230 3526 132 ) 
4 969 971 (-230 3522 20 ) (-230 3512 20 ) (-230 3512 132 ) (-230 3522 132 ) 
4 969 970 (-230 3528 192 ) (-230 3528 132 ) (-230 3512 132 ) (-230 3512 192 ) 
4 970 980 (-336 3512 192 ) (-336 3512 132 ) (-230 3512 132 ) (-230 3512 192 ) 
5 970 973 (-336 3528 132 ) (-283 3528 132 ) (-230 3526 132 ) (-230 3522 132 ) (-336 3526 132 ) 
3 970 972 (-283 3528 132 ) (-230 3528 132 ) (-230 3526 132 ) 
4 970 971 (-230 3522 132 ) (-230 3512 132 ) (-336 3512 132 ) (-336 3526 132 ) 
4 971 980 (-336 3512 132 ) (-336 3512 20 ) (-230 3512 20 ) (-230 3512 132 ) 
4 971 976 (-230 3512 20 ) (-336 3512 20 ) (-336 3526 20 ) (-230 3522 20 ) 
4 971 973 (-336 3526 132 ) (-230 3522 132 ) (-230 3522 20 ) (-336 3526 20 ) 
3 972 976 (-283 3528 20 ) (-230 3528 20 ) (-230 3526 20 ) 
4 972 973 (-283.007813 3528 20 ) (-230 3526 20 ) (-230 3526 132 ) (-283.006470 3528 132 ) 
5 973 976 (-336 3526 20 ) (-336 3528 20 ) (-283 3528 20 ) (-230 3526 20 ) (-230 3522 20 ) 
4 974 975 (-80 3512 16 ) (-80 3512 20 ) (-80 3528 20 ) (-80 3528 16 ) 
4 975 979 (-228 3512 16 ) (-80 3512 16 ) (-80 3512 20 ) (-228 3512 20 ) 
4 975 976 (-228 3512 16 ) (-228 3512 20 ) (-228 3528 20 ) (-228 3528 16 ) 
4 976 982 (-336 3512 20 ) (-336 3512 16 ) (-228 3512 16 ) (-228 3512 20 ) 
4 977 987 (-80 3352 20 ) (-80 3352 152 ) (-228 3352 152 ) (-228 3352 20 ) 
4 977 984 (-80 3352 152 ) (-80 3352 192 ) (-228 3352 192 ) (-228 3352 152 ) 
4 977 980 (-228 3512 192 ) (-228 3512 20 ) (-228 3352 20 ) (-228 3352 192 ) 
4 977 979 (-228 3484 20 ) (-228 3512 20 ) (-80 3512 20 ) (-80 3476 20 ) 
4 977 978 (-228 3352 20 ) (-228 3484 20 ) (-80 3476 20 ) (-80 3352 20 ) 
4 978 987 (-228 3352 16 ) (-80 3352 16 ) (-80 3352 20 ) (-228 3352 20 ) 
4 978 981 (-228 3484 16 ) (-228 3352 16 ) (-228 3352 20 ) (-228 3484 20 ) 
4 978 979 (-228 3484 16 ) (-228 3484 20 ) (-80 3476 20 ) (-80 3476 16 ) 
4 979 982 (-228 3512 20 ) (-228 3512 16 ) (-228 3492 16 ) (-228 3492 20 ) 
4 979 981 (-228 3492 16 ) (-228 3484 16 ) (-228 3484 20 ) (-228 3492 20 ) 
4 980 995 (-336 3452 120 ) (-336 3452 20 ) (-336 3396 20 ) (-336 3396 120 ) 
4 980 987 (-336 3352 152 ) (-336 3352 20 ) (-228 3352 20 ) (-228 3352 152 ) 
4 980 984 (-336 3352 192 ) (-336 3352 152 ) (-228 3352 152 ) (-228 3352 192 ) 
4 980 982 (-336 3512 20 ) (-228 3512 20 ) (-228 3492 20 ) (-336 3500 20 ) 
4 980 981 (-228 3492 20 ) (-228 3352 20 ) (-336 3352 20 ) (-336 3500 20 ) 
4 981 995 (-336 3452 16 ) (-336 3396 16 ) (-336 3396 20 ) (-336 3452 20 ) 
4 981 987 (-336 3352 20 ) (-336 3352 16 ) (-228 3352 16 ) (-228 3352 20 ) 
4 981 982 (-336 3500 16 ) (-336 3500 20 ) (-228 3492 20 ) (-228 3492 16 ) 
4 983 988 (-64 3184 152 ) (0 3184 152 ) (0 3184 192 ) (-64 3184 192 ) 
4 983 985 (0 3184 152 ) (-64 3184 152 ) (-64 3352 152 ) (0 3352 152 ) 
4 984 998 (-336 3184 152 ) (-336 3184 192 ) (-336 3232 192 ) (-336 3232 152 ) 
4 984 989 (-336 3184 192 ) (-336 3184 152 ) (-80 3184 152 ) (-80 3184 192 ) 
4 984 987 (-80 3184 152 ) (-336 3184 152 ) (-336 3352 152 ) (-80 3352 152 ) 
4 985 988 (-64 3184 16 ) (0 3184 16 ) (0 3184 152 ) (-64 3184 152 ) 
4 985 986 (-64 3184 16 ) (-64 3184 152 ) (-64 3352 152 ) (-64 3352 16 ) 
4 986 987 (-80 3184 16 ) (-80 3184 152 ) (-80 3352 152 ) (-80 3352 16 ) 
4 987 998 (-336 3232 16 ) (-336 3184 16 ) (-336 3184 152 ) (-336 3232 152 ) 
4 987 989 (-336 3184 152 ) (-336 3184 16 ) (-80 3184 16 ) (-80 3184 152 ) 
4 989 1078 (-80 3072 192 ) (-336 3072 192 ) (-336 3072 16 ) (-80 3072 16 ) 
4 989 998 (-336 3184 16 ) (-336 3072 16 ) (-336 3072 192 ) (-336 3184 192 ) 
4 990 992 (-352 4096 16 ) (-352 3772 16 ) (-352 3772 192 ) (-352 4096 192 ) 
4 990 991 (-352 3772 192 ) (-352 3772 16 ) (-336 3772 16 ) (-336 3772 192 ) 
4 991 993 (-352 3772 16 ) (-352 3736 16 ) (-352 3736 192 ) (-352 3772 192 ) 
4 992 1005 (-512 4096 16 ) (-512 3900 16 ) (-512 3900 184 ) (-512 4096 184 ) 
4 992 993 (-352 3772 16 ) (-352 3772 192 ) (-512 3772 192 ) (-512 3772 16 ) 
4 994 1003 (-512 3452 144 ) (-512 3452 16 ) (-480 3452 16 ) (-480 3452 144 ) 
4 994 1000 (-480 3452 16 ) (-352 3452 16 ) (-352 3452 144 ) (-480 3452 144 ) 
4 995 996 (-345 3396 16 ) (-345 3396 120 ) (-345 3452 120 ) (-345 3452 16 ) 
4 996 997 (-345.790009 3396 16 ) (-345.790009 3396 120 ) (-345.790009 3452 120 ) (-345.790009 3452 16 ) 
4 997 1000 (-352 3452 120 ) (-352 3452 16 ) (-352 3396 16 ) (-352 3396 120 ) 
4 998 1078 (-336 3072 192 ) (-352 3072 192 ) (-352 3072 16 ) (-336 3072 16 ) 
4 998 1002 (-352 3232 16 ) (-352 3072 16 ) (-352 3072 144 ) (-352 3232 144 ) 
4 998 999 (-352 3072 144 ) (-352 3072 192 ) (-352 3232 192 ) (-352 3232 144 ) 
4 999 1079 (-384 3072 192 ) (-512 3072 192 ) (-512 3072 144 ) (-384 3072 144 ) 
4 999 1078 (-352 3072 192 ) (-384 3072 192 ) (-384 3072 144 ) (-352 3072 144 ) 
4 999 1004 (-512 3072 144 ) (-512 3232 144 ) (-480 3232 144 ) (-480 3072 144 ) 
4 999 1002 (-480 3232 144 ) (-352 3232 144 ) (-352 3072 144 ) (-480 3072 144 ) 
4 1000 1003 (-480 3240 144 ) (-480 3452 144 ) (-480 3452 16 ) (-480 3240 16 ) 
4 1000 1001 (-480 3236 144 ) (-480 3236 16 ) (-352 3236 16 ) (-352 3236 144 ) 
4 1001 1002 (-480 3235 144 ) (-480 3235 16 ) (-352 3235 16 ) (-352 3235 144 ) 
4 1002 1079 (-480 3072 16 ) (-384 3072 16 ) (-384 3072 144 ) (-480 3072 144 ) 
4 1002 1078 (-384 3072 16 ) (-352 3072 16 ) (-352 3072 144 ) (-384 3072 144 ) 
4 1002 1004 (-480 3072 144 ) (-480 3232 144 ) (-480 3232 16 ) (-480 3072 16 ) 
4 1004 1079 (-512 3072 144 ) (-512 3072 16 ) (-480 3072 16 ) (-480 3072 144 ) 
4 1005 1006 (-527 4096 16 ) (-527 3900 16 ) (-527 3900 184 ) (-527 4096 184 ) 
4 1006 1007 (-528 4096 16 ) (-528 3900 16 ) (-528 3900 184 ) (-528 4096 184 ) 
4 1007 1139 (-1024 4096 296 ) (-1024 4096 16 ) (-1024 3448 16 ) (-1024 3448 296 ) 
4 1007 1008 (-920 3448 296 ) (-1024 3448 296 ) (-1024 3448 288 ) (-920 3448 288 ) 
4 1007 1009 (-1024 3448 16 ) (-528 3448 16 ) (-528 3448 288 ) (-1024 3448 288 ) 
4 1008 1139 (-1024 3256 288 ) (-1024 3256 296 ) (-1024 3448 296 ) (-1024 3448 288 ) 
4 1008 1009 (-920 3256 288 ) (-1024 3256 288 ) (-1024 3448 288 ) (-920 3448 288 ) 
4 1008 1010 (-920 3256 296 ) (-1024 3256 296 ) (-1024 3256 288 ) (-920 3256 288 ) 
4 1009 1139 (-1024 3448 16 ) (-1024 3256 16 ) (-1024 3256 288 ) (-1024 3448 288 ) 
4 1009 1010 (-1024 3256 16 ) (-528 3256 16 ) (-528 3256 288 ) (-1024 3256 288 ) 
4 1010 1139 (-1024 3256 16 ) (-1024 3072 16 ) (-1024 3072 296 ) (-1024 3256 296 ) 
4 1010 1081 (-528 3072 296 ) (-1024 3072 296 ) (-1024 3072 16 ) (-528 3072 16 ) 
4 1011 1082 (1024 2048 248 ) (1024 2048 488 ) (968 2048 488 ) (968 2048 248 ) 
4 1011 1028 (968 2072 248 ) (968 2048 248 ) (968 2048 488 ) (968 2072 488 ) 
4 1012 1087 (1016 2048 224 ) (968 2048 224 ) (968 2048 176 ) (1016 2048 176 ) 
4 1012 1031 (968 2072 176 ) (968 2048 176 ) (968 2048 224 ) (968 2072 224 ) 
4 1012 1018 (1016 2048 176 ) (968 2048 176 ) (968 2072 176 ) (1016 2072 176 ) 
4 1013 1029 (968 2848 144 ) (968 2752 144 ) (968 2752 176 ) (968 2848 176 ) 
4 1013 1022 (968 2752 144 ) (968 2848 144 ) (1024 2848 144 ) (1024 2752 144 ) 
4 1014 1023 (968 2512 144 ) (968 2736 144 ) (1024 2736 144 ) (1024 2512 144 ) 
4 1015 1030 (968 2496 144 ) (968 2400 144 ) (968 2400 176 ) (968 2496 176 ) 
4 1015 1024 (968 2400 144 ) (968 2496 144 ) (1024 2496 144 ) (1024 2400 144 ) 
4 1016 1025 (968 2112 144 ) (968 2392 144 ) (1024 2392 144 ) (1024 2112 144 ) 
4 1017 1088 (1024 2048 152 ) (1024 2048 176 ) (1016 2048 176 ) (1016 2048 152 ) 
4 1017 1019 (1024 2048 152 ) (1016 2048 152 ) (1016 2072 152 ) (1024 2072 152 ) 
4 1017 1018 (1016 2072 176 ) (1016 2072 152 ) (1016 2048 152 ) (1016 2048 176 ) 
4 1018 1090 (1016 2048 176 ) (968 2048 176 ) (968 2048 152 ) (1016 2048 152 ) 
4 1018 1031 (968 2048 152 ) (968 2048 176 ) (968 2072 176 ) (968 2072 152 ) 
4 1018 1020 (1016 2048 152 ) (968 2048 152 ) (968 2072 152 ) (1016 2072 152 ) 
4 1019 1089 (1024 2048 144 ) (1024 2048 152 ) (1016 2048 152 ) (1016 2048 144 ) 
4 1019 1026 (1016 2072 144 ) (1024 2072 144 ) (1024 2048 144 ) (1016 2048 144 ) 
4 1019 1020 (1016 2048 152 ) (1016 2072 152 ) (1016 2072 144 ) (1016 2048 144 ) 
4 1020 1091 (1016 2048 152 ) (968 2048 152 ) (968 2048 144 ) (1016 2048 144 ) 
4 1020 1032 (968 2072 144 ) (968 2048 144 ) (968 2048 152 ) (968 2072 152 ) 
4 1020 1027 (968 2048 144 ) (968 2072 144 ) (1016 2072 144 ) (1016 2048 144 ) 
4 1022 1029 (968 2848 16 ) (968 2752 16 ) (968 2752 144 ) (968 2848 144 ) 
4 1024 1030 (968 2496 16 ) (968 2400 16 ) (968 2400 144 ) (968 2496 144 ) 
4 1026 1089 (1024 2048 16 ) (1024 2048 144 ) (1016 2048 144 ) (1016 2048 16 ) 
4 1026 1027 (1016 2072 144 ) (1016 2072 16 ) (1016 2048 16 ) (1016 2048 144 ) 
4 1027 1091 (1016 2048 144 ) (968 2048 144 ) (968 2048 16 ) (1016 2048 16 ) 
4 1027 1032 (968 2072 16 ) (968 2048 16 ) (968 2048 144 ) (968 2072 144 ) 
4 1028 1082 (968 2048 248 ) (968 2048 488 ) (960 2048 488 ) (960 2048 248 ) 
4 1028 1050 (960 2048 248 ) (960 2048 288 ) (960 2072 288 ) (960 2072 248 ) 
4 1028 1039 (960 2048 288 ) (960 2048 488 ) (960 2072 488 ) (960 2072 288 ) 
4 1029 1053 (960 2848 176 ) (960 2848 16 ) (960 2752 16 ) (960 2752 176 ) 
4 1030 1053 (960 2496 176 ) (960 2496 16 ) (960 2400 16 ) (960 2400 176 ) 
4 1031 1090 (968 2048 152 ) (968 2048 176 ) (960 2048 176 ) (960 2048 152 ) 
4 1031 1087 (968 2048 176 ) (968 2048 224 ) (960 2048 224 ) (960 2048 176 ) 
4 1031 1055 (960 2048 152 ) (960 2048 192 ) (960 2072 192 ) (960 2072 152 ) 
4 1031 1051 (960 2048 192 ) (960 2048 224 ) (960 2072 224 ) (960 2072 192 ) 
4 1031 1032 (960 2048 152 ) (960 2072 152 ) (968 2072 152 ) (968 2048 152 ) 
4 1032 1091 (968 2048 16 ) (968 2048 152 ) (960 2048 152 ) (960 2048 16 ) 
4 1032 1056 (960 2048 16 ) (960 2048 152 ) (960 2072 152 ) (960 2072 16 ) 
5 1033 1044 (640 3072 288 ) (676.575012 3072 288 ) (682.887024 3022.332031 288 ) (672.376587 2990.906982 288 ) (640 2993.066650 288 ) 
4 1033 1040 (640 3072 288 ) (640 2944 288 ) (640 2944 488 ) (640 3072 488 ) 
4 1033 1036 (640 2944 304 ) (640 2944 296 ) (960 2944 296 ) (960 2944 304 ) 
4 1033 1035 (640 2944 312 ) (640 2944 304 ) (960 2944 304 ) (960 2944 312 ) 
4 1033 1034 (640 2944 488 ) (640 2944 312 ) (960 2944 312 ) (960 2944 488 ) 
4 1034 1037 (640 2920 488 ) (640 2920 312 ) (960 2920 312 ) (960 2920 488 ) 
4 1034 1035 (960 2920 312 ) (640 2920 312 ) (640 2944 312 ) (960 2944 312 ) 
4 1035 1036 (640 2932 304 ) (640 2944 304 ) (960 2944 304 ) (960 2932 304 ) 
4 1037 1038 (960 2336 488 ) (640 2336 488 ) (640 2336 312 ) (960 2336 312 ) 
4 1038 1047 (960 2336 288 ) (960 2080 288 ) (640 2080 288 ) (640 2336 288 ) 
4 1038 1039 (960 2080 488 ) (640 2080 488 ) (640 2080 288 ) (960 2080 288 ) 
4 1039 1082 (960 2048 288 ) (960 2048 488 ) (640 2048 488 ) (640 2048 288 ) 
4 1039 1050 (960 2080 288 ) (960 2048 288 ) (640 2048 288 ) (640 2080 288 ) 
4 1039 1043 (640 2072 288 ) (640 2048 288 ) (640 2048 488 ) (640 2072 488 ) 
4 1040 1049 (572.397644 3072 288 ) (608 3072 288 ) (608 2995.200928 288 ) (582.752625 2996.885010 288 ) 
4 1040 1044 (608 3072 288 ) (640 3072 288 ) (640 2993.066650 288 ) (608 2995.200928 288 ) 
4 1040 1041 (376 2944 288 ) (608 2944 288 ) (608 2944 488 ) (376 2944 488 ) 
4 1041 1060 (376 2247 304 ) (376 2247 416 ) (376 2311 416 ) (376 2311 304 ) 
4 1041 1057 (376 2537 304 ) (376 2537 416 ) (376 2601 416 ) (376 2601 304 ) 
4 1041 1042 (512 2080 370 ) (512 2080 434 ) (448 2080 434 ) (448 2080 370 ) 
4 1042 1043 (512 2072 370 ) (512 2072 434 ) (448 2072 434 ) (448 2072 370 ) 
4 1043 1085 (376 2048 488 ) (376 2048 288 ) (640 2048 288 ) (640 2048 488 ) 
4 1044 1049 (608 2995.200928 288 ) (608 3072 288 ) (608 3072 257.850037 ) (608 2995.200928 257.850037 ) 
6 1044 1045 (608 2995.200928 257.850037 ) (608 3072 257.850037 ) (676.575012 3072 257.850037 ) (682.887024 3022.332031 257.850037 ) (679.247375 3011.449951 257.850037 ) (667.688049 2991.219727 257.850037 ) 
4 1045 1049 (608 2995.200928 257.850037 ) (608 3072 257.850037 ) (608 3072 199.054993 ) (608 2995.200928 199.054993 ) 
6 1045 1046 (676.575684 3072 199.054993 ) (682.887451 3022.333252 199.054993 ) (679.255920 3011.475342 199.054993 ) (667.682373 2991.220215 199.054993 ) (608 2995.200928 199.054993 ) (608 3072 199.054993 ) 
5 1046 1052 (608 3072 192 ) (676.575012 3072 192 ) (682.885986 3022.340088 192 ) (672.378296 2990.906982 192 ) (608 2995.200928 192 ) 
4 1046 1049 (608 3072 192 ) (608 2995.200928 192 ) (608 2995.200928 199.054993 ) (608 3072 199.054993 ) 
4 1047 1050 (960 2080 248 ) (960 2080 288 ) (640 2080 288 ) (640 2080 248 ) 
4 1047 1048 (960 2080 248 ) (640 2080 248 ) (640 2944 248 ) (960 2944 248 ) 
4 1048 1053 (960 2944 192 ) (960 2080 192 ) (640 2080 192 ) (640 2944 192 ) 
4 1049 1052 (572.403625 3072 192 ) (608 3072 192 ) (608 2995.201172 192 ) (582.758667 2996.884521 192 ) 
4 1050 1082 (960 2048 248 ) (960 2048 288 ) (640 2048 288 ) (640 2048 248 ) 
4 1051 1087 (960 2048 192 ) (960 2048 224 ) (376 2048 224 ) (376 2048 192 ) 
4 1051 1055 (376 2048 192 ) (376 2072 192 ) (960 2072 192 ) (960 2048 192 ) 
4 1052 1053 (640 2944 16 ) (960 2944 16 ) (960 2944 192 ) (640 2944 192 ) 
4 1052 1054 (376 2944 16 ) (608 2944 16 ) (608 2944 192 ) (376 2944 192 ) 
4 1054 1069 (376 2087 40 ) (376 2087 104 ) (376 2151 104 ) (376 2151 40 ) 
4 1054 1067 (376 2377 40 ) (376 2377 104 ) (376 2441 104 ) (376 2441 40 ) 
4 1054 1065 (376 2666 104 ) (376 2760 104 ) (376 2760 40 ) (376 2666 40 ) 
4 1054 1063 (376 2666 136 ) (376 2760 136 ) (376 2760 104 ) (376 2666 104 ) 
4 1055 1090 (960 2048 152 ) (960 2048 176 ) (376 2048 176 ) (376 2048 152 ) 
4 1055 1087 (960 2048 176 ) (960 2048 192 ) (376 2048 192 ) (376 2048 176 ) 
4 1055 1056 (376 2048 152 ) (376 2072 152 ) (960 2072 152 ) (960 2048 152 ) 
4 1056 1091 (960 2048 16 ) (960 2048 152 ) (376 2048 152 ) (376 2048 16 ) 
4 1057 1058 (373 2601 416 ) (373 2601 304 ) (373 2537 304 ) (373 2537 416 ) 
4 1058 1059 (372 2601 416 ) (372 2601 304 ) (372 2537 304 ) (372 2537 416 ) 
4 1059 1071 (368 2537 416 ) (368 2601 416 ) (368 2601 304 ) (368 2537 304 ) 
4 1060 1061 (373 2311 416 ) (373 2311 304 ) (373 2247 304 ) (373 2247 416 ) 
4 1061 1062 (372 2311 416 ) (372 2311 304 ) (372 2247 304 ) (372 2247 416 ) 
4 1062 1071 (368 2247 416 ) (368 2311 416 ) (368 2311 304 ) (368 2247 304 ) 
4 1063 1065 (375 2760 104 ) (376 2760 104 ) (376 2666 104 ) (375 2666 104 ) 
4 1063 1064 (375 2760 136 ) (375 2760 104 ) (375 2666 104 ) (375 2666 136 ) 
4 1064 1074 (368 2666 136 ) (368 2760 136 ) (368 2760 104 ) (368 2666 104 ) 
4 1064 1066 (368 2666 104 ) (368 2760 104 ) (375 2760 104 ) (375 2666 104 ) 
4 1065 1066 (375 2760 104 ) (375 2760 40 ) (375 2666 40 ) (375 2666 104 ) 
4 1066 1074 (368 2666 104 ) (368 2760 104 ) (368 2760 40 ) (368 2666 40 ) 
4 1067 1068 (375 2441 104 ) (375 2441 40 ) (375 2377 40 ) (375 2377 104 ) 
4 1068 1074 (368 2377 104 ) (368 2441 104 ) (368 2441 40 ) (368 2377 40 ) 
4 1069 1070 (375 2151 104 ) (375 2151 40 ) (375 2087 40 ) (375 2087 104 ) 
4 1070 1074 (368 2087 104 ) (368 2151 104 ) (368 2151 40 ) (368 2087 40 ) 
4 1071 1072 (304 2784 296 ) (304 2080 296 ) (304 2080 488 ) (304 2784 488 ) 
4 1072 1075 (0 2080 488 ) (0 3072 488 ) (0 3072 296 ) (0 2080 296 ) 
4 1073 1109 (192 2048 488 ) (0 2048 488 ) (0 2048 296 ) (192 2048 296 ) 
4 1073 1076 (0 2048 296 ) (0 2048 488 ) (0 2068 488 ) (0 2068 296 ) 
4 1074 1110 (368 2048 16 ) (368 2048 192 ) (24 2048 192 ) (24 2048 16 ) 
4 1074 1111 (24 2048 192 ) (0 2048 192 ) (0 2048 16 ) (24 2048 16 ) 
4 1074 1077 (0 2048 16 ) (0 2048 192 ) (0 3016 192 ) (0 3016 16 ) 
4 1076 1118 (-8 2048 488 ) (-240 2048 488 ) (-240 2048 296 ) (-8 2048 296 ) 
4 1076 1117 (0 2048 296 ) (0 2048 488 ) (-8 2048 488 ) (-8 2048 296 ) 
4 1077 1123 (-8 2048 192 ) (-80 2048 192 ) (-80 2048 16 ) (-8 2048 16 ) 
4 1077 1120 (0 2048 16 ) (0 2048 192 ) (-8 2048 192 ) (-8 2048 16 ) 
4 1077 1078 (-80 3016 16 ) (-80 2048 16 ) (-80 2048 192 ) (-80 3016 192 ) 
4 1078 1126 (-320 2048 192 ) (-384 2048 192 ) (-384 2048 16 ) (-320 2048 16 ) 
4 1078 1123 (-80 2048 192 ) (-320 2048 192 ) (-320 2048 16 ) (-80 2048 16 ) 
4 1078 1079 (-384 3072 16 ) (-384 2264 16 ) (-384 2264 192 ) (-384 3072 192 ) 
4 1079 1080 (-512 2882 16 ) (-512 2366 16 ) (-512 2366 184 ) (-512 2882 184 ) 
4 1081 1143 (-1024 2048 16 ) (-1024 2048 328 ) (-1024 3072 328 ) (-1024 3072 16 ) 
4 1081 1138 (-1024 2048 328 ) (-1024 2048 16 ) (-528 2048 16 ) (-528 2048 328 ) 
4 1082 1085 (640 2048 488 ) (640 2048 288 ) (640 1864 288 ) (640 1864 488 ) 
4 1082 1083 (1024 1864 488 ) (640 1864 488 ) (640 1864 248 ) (1024 1864 248 ) 
4 1083 1084 (1024 1212 488 ) (744 1212 488 ) (744 1212 248 ) (1024 1212 248 ) 
4 1084 1097 (744 1040 248 ) (1024 1040 248 ) (1024 1040 288 ) (744 1040 288 ) 
4 1084 1095 (1024 1040 288 ) (1024 1040 488 ) (744 1040 488 ) (744 1040 288 ) 
4 1085 1086 (376 1864 488 ) (376 1864 288 ) (624 1864 288 ) (624 1864 488 ) 
4 1086 1106 (376 1352 296 ) (376 1289 296 ) (376 1289 384 ) (376 1352 384 ) 
4 1086 1105 (376 1642 296 ) (376 1578 296 ) (376 1578 384 ) (376 1642 384 ) 
4 1086 1096 (376 1040 488 ) (376 1040 288 ) (624 1040 288 ) (624 1040 488 ) 
4 1087 1107 (376 1768 176 ) (376 1384 176 ) (376 1384 224 ) (376 1768 224 ) 
4 1087 1090 (1016 1048 176 ) (376 1048 176 ) (376 2048 176 ) (1016 2048 176 ) 
4 1088 1090 (1016 1048 152 ) (1016 1048 176 ) (1016 2048 176 ) (1016 2048 152 ) 
4 1088 1089 (1024 1048 152 ) (1016 1048 152 ) (1016 2048 152 ) (1024 2048 152 ) 
4 1089 1091 (1016 2048 16 ) (1016 1048 16 ) (1016 1048 152 ) (1016 2048 152 ) 
4 1090 1107 (376 1768 152 ) (376 1384 152 ) (376 1384 176 ) (376 1768 176 ) 
4 1090 1091 (1016 2048 152 ) (1016 1048 152 ) (376 1048 152 ) (376 2048 152 ) 
4 1091 1107 (376 1768 16 ) (376 1384 16 ) (376 1384 152 ) (376 1768 152 ) 
4 1091 1092 (728 1048 16 ) (824 1048 16 ) (824 1048 120 ) (728 1048 120 ) 
4 1092 1093 (824 1043.390015 16 ) (824 1043.390015 120 ) (728 1043.390015 120 ) (728 1043.390015 16 ) 
4 1093 1094 (824 1043 16 ) (824 1043 120 ) (728 1043 120 ) (728 1043 16 ) 
4 1094 1101 (728 1040 16 ) (824 1040 16 ) (824 1040 120 ) (728 1040 120 ) 
4 1095 1274 (720 1024 360 ) (640 1024 360 ) (640 1024 288 ) (720 1024 288 ) 
4 1095 1273 (1024 1024 288 ) (1024 1024 360 ) (720 1024 360 ) (720 1024 288 ) 
4 1095 1270 (1024 1024 360 ) (1024 1024 488 ) (640 1024 488 ) (640 1024 360 ) 
4 1095 1097 (640 1040 288 ) (1024 1040 288 ) (1024 1024 288 ) (640 1024 288 ) 
4 1096 1275 (376 1024 360 ) (376 1024 288 ) (624 1024 288 ) (624 1024 360 ) 
4 1096 1272 (624 1024 488 ) (376 1024 488 ) (376 1024 360 ) (624 1024 360 ) 
4 1097 1274 (720 1024 288 ) (640 1024 288 ) (640 1024 248 ) (720 1024 248 ) 
4 1097 1273 (1024 1024 248 ) (1024 1024 288 ) (720 1024 288 ) (720 1024 248 ) 
4 1097 1098 (1024 1024 248 ) (720 1024 248 ) (720 1040 248 ) (1024 1040 248 ) 
4 1098 1279 (1024 1024 240 ) (1024 1024 248 ) (720 1024 248 ) (720 1024 240 ) 
4 1098 1099 (720 1040 240 ) (1024 1040 240 ) (1024 1024 240 ) (720 1024 240 ) 
4 1099 1280 (1024 1024 152 ) (1024 1024 240 ) (720 1024 240 ) (720 1024 152 ) 
4 1099 1100 (720 1024 152 ) (720 1040 152 ) (1024 1040 152 ) (1024 1024 152 ) 
4 1100 1281 (1024 1024 120 ) (1024 1024 152 ) (720 1024 152 ) (720 1024 120 ) 
4 1100 1101 (720 1040 120 ) (1024 1040 120 ) (1024 1024 120 ) (720 1024 120 ) 
4 1101 1282 (1024 1024 16 ) (1024 1024 120 ) (720 1024 120 ) (720 1024 16 ) 
4 1102 1294 (712 1024 240 ) (376 1024 240 ) (376 1024 152 ) (712 1024 152 ) 
4 1102 1103 (376 1024 152 ) (376 1040 152 ) (712 1040 152 ) (712 1024 152 ) 
4 1103 1295 (376 1024 152 ) (376 1024 120 ) (712 1024 120 ) (712 1024 152 ) 
4 1103 1104 (376 1024 120 ) (376 1040 120 ) (712 1040 120 ) (712 1024 120 ) 
4 1104 1296 (376 1024 120 ) (376 1024 24 ) (712 1024 24 ) (712 1024 120 ) 
4 1105 1108 (368 1642 296 ) (368 1578 296 ) (368 1578 384 ) (368 1642 384 ) 
4 1106 1108 (368 1352 296 ) (368 1289 296 ) (368 1289 384 ) (368 1352 384 ) 
4 1107 1112 (368 1768 16 ) (368 1384 16 ) (368 1384 224 ) (368 1768 224 ) 
4 1108 1303 (368 1024 296 ) (368 1024 488 ) (192 1024 488 ) (192 1024 296 ) 
4 1108 1109 (192 1928 296 ) (192 1024 296 ) (192 1024 488 ) (192 1928 488 ) 
4 1109 1303 (192 1024 488 ) (0 1024 488 ) (0 1024 296 ) (192 1024 296 ) 
4 1109 1117 (0 2048 488 ) (0 2048 296 ) (0 1024 296 ) (0 1024 488 ) 
4 1110 1111 (24 2048 16 ) (24 1944 16 ) (24 1944 192 ) (24 2048 192 ) 
4 1111 1120 (0 2048 192 ) (0 2048 16 ) (0 1832 16 ) (0 1832 192 ) 
4 1112 1113 (192 1768 224 ) (192 1768 16 ) (192 1384 16 ) (192 1384 224 ) 
4 1113 1114 (191 1768 224 ) (191 1768 16 ) (191 1384 16 ) (191 1384 224 ) 
4 1114 1115 (20 1768 192 ) (20 1768 16 ) (20 1384 16 ) (20 1384 192 ) 
4 1115 1121 (0 1768 16 ) (0 1384 16 ) (0 1384 192 ) (0 1768 192 ) 
4 1116 1305 (24 1024 192 ) (0 1024 192 ) (0 1024 16 ) (24 1024 16 ) 
4 1116 1122 (0 1320 16 ) (0 1024 16 ) (0 1024 192 ) (0 1320 192 ) 
4 1117 1306 (0 1024 296 ) (0 1024 488 ) (-8 1024 488 ) (-8 1024 296 ) 
4 1117 1118 (-8 2048 488 ) (-8 2048 296 ) (-8 1024 296 ) (-8 1024 488 ) 
4 1118 1306 (-240 1024 296 ) (-8 1024 296 ) (-8 1024 488 ) (-240 1024 488 ) 
4 1119 1127 (-320 1560 192 ) (-344 1560 192 ) (-344 1664 192 ) (-320 1664 192 ) 
4 1119 1123 (-8 1920 192 ) (-8 1560 192 ) (-320 1560 192 ) (-320 1920 192 ) 
4 1120 1123 (-8 2048 16 ) (-8 1832 16 ) (-8 1832 192 ) (-8 2048 192 ) 
4 1121 1123 (-8 1768 16 ) (-8 1384 16 ) (-8 1384 192 ) (-8 1768 192 ) 
4 1122 1307 (0 1024 16 ) (0 1024 192 ) (-8 1024 192 ) (-8 1024 16 ) 
4 1122 1125 (-8 1320 16 ) (-8 1024 16 ) (-8 1024 192 ) (-8 1320 192 ) 
4 1123 1127 (-320 1664 16 ) (-320 1384 16 ) (-320 1384 192 ) (-320 1664 192 ) 
4 1123 1126 (-320 2048 16 ) (-320 2016 16 ) (-320 2016 192 ) (-320 2048 192 ) 
4 1123 1124 (-320 1384 192 ) (-320 1384 16 ) (-8 1384 16 ) (-8 1384 192 ) 
4 1124 1128 (-320 1384 16 ) (-320 1383 16 ) (-320 1383 192 ) (-320 1384 192 ) 
4 1124 1125 (-320 1383 192 ) (-320 1383 16 ) (-8 1383 16 ) (-8 1383 192 ) 
4 1125 1308 (-8 1024 192 ) (-320 1024 192 ) (-320 1024 16 ) (-8 1024 16 ) 
4 1125 1129 (-320 1383 16 ) (-320 1024 16 ) (-320 1024 192 ) (-320 1383 192 ) 
4 1127 1134 (-384 1408 16 ) (-384 1384 16 ) (-384 1384 192 ) (-384 1408 192 ) 
4 1127 1132 (-384 1568 16 ) (-384 1504 16 ) (-384 1504 128 ) (-384 1568 128 ) 
4 1127 1128 (-384 1384 192 ) (-384 1384 16 ) (-320 1384 16 ) (-320 1384 192 ) 
4 1128 1135 (-384 1384 16 ) (-384 1383 16 ) (-384 1383 192 ) (-384 1384 192 ) 
4 1128 1129 (-384 1383 192 ) (-384 1383 16 ) (-320 1383 16 ) (-320 1383 192 ) 
4 1129 1309 (-344 1024 192 ) (-384 1024 192 ) (-384 1024 16 ) (-344 1024 16 ) 
4 1129 1308 (-320 1024 192 ) (-344 1024 192 ) (-344 1024 16 ) (-320 1024 16 ) 
4 1129 1136 (-384 1383 16 ) (-384 1024 16 ) (-384 1024 192 ) (-384 1383 192 ) 
4 1130 1131 (-392 1568 192 ) (-512 1568 192 ) (-512 1568 128 ) (-392 1568 128 ) 
4 1130 1132 (-512 1568 128 ) (-512 1568 16 ) (-392 1568 16 ) (-392 1568 128 ) 
4 1131 1133 (-392 1504 192 ) (-512 1504 192 ) (-512 1504 128 ) (-392 1504 128 ) 
4 1131 1132 (-392 1504 128 ) (-512 1504 128 ) (-512 1568 128 ) (-392 1568 128 ) 
4 1132 1133 (-392 1504 128 ) (-512 1504 128 ) (-512 1504 16 ) (-392 1504 16 ) 
4 1134 1135 (-384 1384 16 ) (-384 1384 192 ) (-512 1384 192 ) (-512 1384 16 ) 
4 1135 1136 (-384 1383 16 ) (-384 1383 192 ) (-512 1383 192 ) (-512 1383 16 ) 
4 1136 1309 (-384 1024 192 ) (-512 1024 192 ) (-512 1024 16 ) (-384 1024 16 ) 
4 1136 1137 (-512 1346 16 ) (-512 1024 16 ) (-512 1024 184 ) (-512 1346 184 ) 
4 1137 1310 (-528 1024 184 ) (-528 1024 16 ) (-512 1024 16 ) (-512 1024 184 ) 
4 1138 1146 (-1024 1520 328 ) (-1024 2048 328 ) (-1024 2048 16 ) (-1024 1520 16 ) 
4 1139 1143 (-1024 3072 16 ) (-1024 3072 328 ) (-1432 3072 328 ) (-1432 3072 16 ) 
4 1139 1140 (-1432 4096 16 ) (-1432 3072 16 ) (-1432 3072 272 ) (-1432 4096 272 ) 
4 1140 1144 (-1544 3072 272 ) (-1544 3072 16 ) (-1432 3072 16 ) (-1432 3072 272 ) 
4 1140 1141 (-1544 4096 272 ) (-1544 4096 16 ) (-1544 3072 16 ) (-1544 3072 272 ) 
4 1141 1145 (-2048 3072 272 ) (-2048 3072 16 ) (-1544 3072 16 ) (-1544 3072 272 ) 
4 1141 1142 (-2048 4096 272 ) (-2048 4096 16 ) (-2048 3072 16 ) (-2048 3072 272 ) 
4 1142 1149 (-2048 3072 16 ) (-2048 3072 272 ) (-2112 3072 272 ) (-2112 3072 16 ) 
4 1143 1146 (-1024 2048 16 ) (-1024 2048 328 ) (-1432 2048 328 ) (-1432 2048 16 ) 
4 1143 1144 (-1432 3072 16 ) (-1432 2048 16 ) (-1432 2048 272 ) (-1432 3072 272 ) 
4 1144 1147 (-1544 2048 272 ) (-1544 2048 16 ) (-1432 2048 16 ) (-1432 2048 272 ) 
4 1144 1145 (-1544 3072 16 ) (-1544 2048 16 ) (-1544 2048 272 ) (-1544 3072 272 ) 
4 1145 1149 (-2048 3072 272 ) (-2048 3072 16 ) (-2048 2048 16 ) (-2048 2048 272 ) 
4 1145 1148 (-2048 2048 272 ) (-2048 2048 16 ) (-1544 2048 16 ) (-1544 2048 272 ) 
4 1146 1147 (-1432 2048 16 ) (-1432 1520 16 ) (-1432 1520 272 ) (-1432 2048 272 ) 
4 1147 1148 (-1544 2048 272 ) (-1544 2048 16 ) (-1544 1520 16 ) (-1544 1520 272 ) 
4 1148 1150 (-2048 2048 272 ) (-2048 2048 16 ) (-2048 1520 16 ) (-2048 1520 272 ) 
4 1149 1150 (-2048 2048 16 ) (-2048 2048 272 ) (-2112 2048 272 ) (-2112 2048 16 ) 
4 1151 1155 (6144 0 152 ) (6144 0 1440 ) (5120 0 1440 ) (5120 0 152 ) 
4 1151 1153 (5120 1024 1440 ) (5120 1024 152 ) (5120 0 152 ) (5120 0 1440 ) 
4 1151 1152 (5120 0 152 ) (5120 1024 152 ) (6144 1024 152 ) (6144 0 152 ) 
4 1152 1156 (6144 0 -192 ) (6144 0 152 ) (5120 0 152 ) (5120 0 -192 ) 
4 1152 1154 (5120 1024 152 ) (5120 1024 -192 ) (5120 0 -192 ) (5120 0 152 ) 
4 1153 1163 (4096 1024 1440 ) (4096 1024 152 ) (4096 0 152 ) (4096 0 1440 ) 
4 1153 1157 (5120 0 152 ) (5120 0 1440 ) (4096 0 1440 ) (4096 0 152 ) 
4 1153 1154 (5120 0 152 ) (4096 0 152 ) (4096 1024 152 ) (5120 1024 152 ) 
4 1154 1167 (4096 1024 152 ) (4096 1024 -192 ) (4096 0 -192 ) (4096 0 152 ) 
4 1154 1158 (5120 0 -192 ) (5120 0 152 ) (4096 0 152 ) (4096 0 -192 ) 
4 1155 1159 (6144 -1024 152 ) (6144 -1024 1440 ) (5120 -1024 1440 ) (5120 -1024 152 ) 
4 1155 1157 (5120 -1024 152 ) (5120 -1024 1440 ) (5120 0 1440 ) (5120 0 152 ) 
4 1155 1156 (6144 -1024 152 ) (5120 -1024 152 ) (5120 0 152 ) (6144 0 152 ) 
4 1156 1160 (6144 -1024 -192 ) (6144 -1024 152 ) (5120 -1024 152 ) (5120 -1024 -192 ) 
4 1156 1158 (5120 -1024 -192 ) (5120 -1024 152 ) (5120 0 152 ) (5120 0 -192 ) 
4 1157 1237 (4096 -1024 152 ) (4096 -1024 1440 ) (4096 0 1440 ) (4096 0 152 ) 
4 1157 1161 (4096 -1024 1440 ) (4096 -1024 152 ) (5120 -1024 152 ) (5120 -1024 1440 ) 
4 1157 1158 (4096 0 152 ) (5120 0 152 ) (5120 -1024 152 ) (4096 -1024 152 ) 
4 1158 1240 (4096 -1024 -192 ) (4096 -1024 152 ) (4096 0 152 ) (4096 0 -192 ) 
4 1158 1162 (4096 -1024 152 ) (4096 -1024 -192 ) (5120 -1024 -192 ) (5120 -1024 152 ) 
4 1159 1250 (6144 -2048 152 ) (6144 -2048 568 ) (5120 -2048 568 ) (5120 -2048 152 ) 
4 1159 1249 (6144 -2048 568 ) (6144 -2048 1440 ) (5120 -2048 1440 ) (5120 -2048 568 ) 
4 1159 1161 (5120 -1024 1440 ) (5120 -1024 152 ) (5120 -2048 152 ) (5120 -2048 1440 ) 
4 1159 1160 (5120 -1024 152 ) (6144 -1024 152 ) (6144 -2048 152 ) (5120 -2048 152 ) 
4 1160 1253 (5120 -2048 56 ) (5120 -2048 -192 ) (5888 -2048 -192 ) (5888 -2048 56 ) 
4 1160 1252 (5888 -2048 152 ) (5120 -2048 152 ) (5120 -2048 56 ) (5888 -2048 56 ) 
4 1160 1251 (6144 -2048 -192 ) (6144 -2048 152 ) (5888 -2048 152 ) (5888 -2048 -192 ) 
4 1160 1162 (5120 -1024 152 ) (5120 -1024 -192 ) (5120 -2048 -192 ) (5120 -2048 152 ) 
4 1161 1255 (5120 -2048 152 ) (5120 -2048 1440 ) (4096 -2048 1440 ) (4096 -2048 152 ) 
4 1161 1241 (4096 -2048 152 ) (4096 -2048 1440 ) (4096 -1024 1440 ) (4096 -1024 152 ) 
4 1161 1162 (5120 -2048 152 ) (4096 -2048 152 ) (4096 -1024 152 ) (5120 -1024 152 ) 
4 1162 1257 (5120 -2048 -192 ) (5120 -2048 152 ) (4096 -2048 152 ) (4096 -2048 -192 ) 
4 1162 1244 (4096 -2048 -192 ) (4096 -2048 152 ) (4096 -1024 152 ) (4096 -1024 -192 ) 
4 1163 1237 (4096 0 152 ) (4096 0 1440 ) (3332 0 1440 ) (3332 0 152 ) 
4 1163 1167 (4096 0 152 ) (3332 0 152 ) (3332 1024 152 ) (4096 1024 152 ) 
4 1163 1164 (3332 1024 152 ) (3332 0 152 ) (3332 0 704 ) (3332 1024 704 ) 
4 1164 1238 (3176 0 704 ) (3176 0 152 ) (3332 0 152 ) (3332 0 704 ) 
4 1164 1167 (3332 0 152 ) (3176 0 152 ) (3176 1024 152 ) (3332 1024 152 ) 
4 1164 1165 (3176 946 152 ) (3176 484 152 ) (3176 484 396 ) (3176 946 396 ) 
4 1165 1166 (3160 946 152 ) (3160 484 152 ) (3160 484 396 ) (3160 946 396 ) 
4 1166 1239 (3072 0 396 ) (3072 0 152 ) (3160 0 152 ) (3160 0 396 ) 
4 1166 1168 (3072 1024 396 ) (3072 1024 152 ) (3072 0 152 ) (3072 0 396 ) 
4 1167 1240 (4096 0 -192 ) (4096 0 152 ) (3176 0 152 ) (3176 0 -192 ) 
4 1168 1245 (3072 0 152 ) (3072 0 396 ) (2776 0 396 ) (2776 0 152 ) 
4 1168 1175 (2776 1024 152 ) (2776 0 152 ) (2776 0 396 ) (2776 1024 396 ) 
4 1169 1176 (2520 1024 1008 ) (2520 1024 704 ) (2520 756 704 ) (2520 756 1008 ) 
4 1169 1170 (2520 952 704 ) (2520 1024 704 ) (2776 1024 704 ) (2776 952 704 ) 
4 1170 1178 (2520 1024 704 ) (2520 1024 448 ) (2520 952 448 ) (2520 952 704 ) 
4 1171 1175 (2536 1024 408 ) (2776 1024 408 ) (2776 952 408 ) (2536 952 408 ) 
4 1171 1172 (2536 952 408 ) (2776 952 408 ) (2776 952 447 ) (2536 952 447 ) 
4 1171 1174 (2520 952 408 ) (2536 952 408 ) (2536 952 447 ) (2520 952 447 ) 
4 1172 1175 (2536 952 408 ) (2776 952 408 ) (2776 824 408 ) (2536 824 408 ) 
4 1172 1173 (2536 824 448 ) (2536 824 409 ) (2776 824 409 ) (2776 824 448 ) 
4 1172 1174 (2536 952 448 ) (2536 952 408 ) (2536 824 408 ) (2536 824 448 ) 
4 1173 1174 (2536 776 409 ) (2536 776 448 ) (2536 824 448 ) (2536 824 409 ) 
4 1175 1246 (2536 0 152 ) (2776 0 152 ) (2776 0 408 ) (2536 0 408 ) 
4 1176 1178 (2176 1024 704 ) (2520 1024 704 ) (2520 952 704 ) (2176 952 704 ) 
4 1176 1177 (2176 1024 704 ) (2176 756 704 ) (2176 756 1008 ) (2176 1024 1008 ) 
4 1177 1193 (2048 952 704 ) (2048 756 704 ) (2048 756 1328 ) (2048 952 1328 ) 
4 1177 1185 (2048 1024 1328 ) (2048 1024 704 ) (2048 952 704 ) (2048 952 1328 ) 
4 1177 1179 (2048 952 704 ) (2048 1024 704 ) (2168 1024 704 ) (2168 952 704 ) 
4 1177 1178 (2168 1024 704 ) (2176 1024 704 ) (2176 952 704 ) (2168 952 704 ) 
4 1178 1179 (2168 952 448 ) (2168 952 704 ) (2168 1024 704 ) (2168 1024 448 ) 
4 1179 1186 (2048 952 704 ) (2048 1024 704 ) (2048 1024 448 ) (2048 952 448 ) 
4 1179 1181 (2168 968 448 ) (2168 952 448 ) (2048 952 448 ) (2048 968 448 ) 
4 1179 1180 (2048 1024 448 ) (2168 1024 448 ) (2168 968 448 ) (2048 968 448 ) 
4 1180 1187 (2048 1024 448 ) (2048 1024 152 ) (2048 968 152 ) (2048 968 448 ) 
4 1180 1182 (2048 968 152 ) (2048 1024 152 ) (2168 1024 152 ) (2168 968 152 ) 
4 1180 1181 (2168 968 304 ) (2168 968 448 ) (2048 968 448 ) (2048 968 304 ) 
4 1181 1189 (2048 952 304 ) (2048 952 448 ) (2048 968 448 ) (2048 968 304 ) 
4 1182 1188 (2048 968 152 ) (2048 1024 152 ) (2048 1024 144 ) (2048 968 144 ) 
4 1182 1183 (2048 968 144 ) (2048 1024 144 ) (2168 1024 144 ) (2168 968 144 ) 
4 1183 1207 (2048 968 144 ) (2048 1024 144 ) (2048 1024 16 ) (2048 968 16 ) 
4 1184 1218 (2048 664 144 ) (2048 850 144 ) (2048 850 16 ) (2048 664 16 ) 
4 1184 1217 (2048 850 144 ) (2048 858 144 ) (2048 858 16 ) (2048 850 16 ) 
4 1184 1214 (2048 858 144 ) (2048 880 144 ) (2048 880 16 ) (2048 858 16 ) 
4 1184 1211 (2048 880 144 ) (2048 952 144 ) (2048 952 16 ) (2048 880 16 ) 
4 1185 1193 (2048 952 704 ) (2048 952 1328 ) (1344 952 1328 ) (1344 952 704 ) 
4 1185 1191 (1344 1024 1328 ) (1344 1024 704 ) (1344 952 704 ) (1344 952 1328 ) 
4 1185 1186 (2048 952 704 ) (1344 952 704 ) (1344 1024 704 ) (2048 1024 704 ) 
4 1186 1190 (1872 952 448 ) (1592 952 448 ) (1592 968 448 ) (1872 968 448 ) 
4 1186 1189 (2048 952 448 ) (1872 952 448 ) (1872 968 448 ) (2048 968 448 ) 
4 1186 1187 (1592 968 448 ) (1592 1024 448 ) (2048 1024 448 ) (2048 968 448 ) 
4 1187 1190 (1592 968 448 ) (1592 968 304 ) (1872 968 304 ) (1872 968 448 ) 
4 1187 1189 (2048 968 304 ) (2048 968 448 ) (1872 968 448 ) (1872 968 304 ) 
4 1187 1188 (2048 968 152 ) (1592 968 152 ) (1592 1024 152 ) (2048 1024 152 ) 
4 1188 1207 (1592 1024 144 ) (2048 1024 144 ) (2048 968 144 ) (1592 968 144 ) 
4 1189 1190 (1872 968 448 ) (1872 968 304 ) (1872 952 304 ) (1872 952 448 ) 
4 1191 1193 (1269 952 704 ) (1344 952 704 ) (1344 952 1328 ) (1269 952 1328 ) 
4 1192 1199 (1096 1024 488 ) (1096 1024 368 ) (1096 952 368 ) (1096 952 488 ) 
4 1192 1194 (1096 952 488 ) (1096 952 368 ) (1104 952 368 ) (1104 952 488 ) 
4 1194 1199 (1096 856 488 ) (1096 952 488 ) (1096 952 368 ) (1096 856 368 ) 
4 1195 1222 (1336 256 144 ) (1240 256 144 ) (1240 664 144 ) (1336 664 144 ) 
4 1195 1219 (1240 664 144 ) (1240 850 144 ) (1336 850 144 ) (1336 664 144 ) 
4 1195 1197 (1240 738 144 ) (1240 368 144 ) (1240 368 176 ) (1240 738 176 ) 
4 1195 1198 (1240 352 144 ) (1240 256 144 ) (1240 256 176 ) (1240 352 176 ) 
4 1195 1196 (1240 850 176 ) (1240 850 144 ) (1240 754 144 ) (1240 754 176 ) 
4 1196 1220 (1096 754 144 ) (1096 850 144 ) (1240 850 144 ) (1240 754 144 ) 
4 1196 1201 (1096 850 144 ) (1096 754 144 ) (1096 754 176 ) (1096 850 176 ) 
4 1197 1223 (1096 368 144 ) (1096 664 144 ) (1240 664 144 ) (1240 368 144 ) 
4 1197 1221 (1096 664 144 ) (1096 738 144 ) (1240 738 144 ) (1240 664 144 ) 
4 1198 1224 (1240 256 144 ) (1096 256 144 ) (1096 352 144 ) (1240 352 144 ) 
4 1198 1202 (1096 352 144 ) (1096 256 144 ) (1096 256 176 ) (1096 352 176 ) 
4 1199 1270 (1024 1024 488 ) (1024 1024 368 ) (1024 856 368 ) (1024 856 488 ) 
4 1199 1200 (1088 856 368 ) (1024 856 368 ) (1024 1024 368 ) (1088 1024 368 ) 
4 1200 1270 (1024 1024 368 ) (1024 1024 360 ) (1024 856 360 ) (1024 856 368 ) 
4 1200 1203 (1024 1024 360 ) (1088 1024 360 ) (1088 856 360 ) (1024 856 360 ) 
4 1201 1228 (1096 850 144 ) (1096 754 144 ) (1088 754 144 ) (1088 850 144 ) 
4 1201 1204 (1088 754 152 ) (1088 754 176 ) (1088 850 176 ) (1088 850 152 ) 
4 1201 1205 (1088 850 144 ) (1088 754 144 ) (1088 754 152 ) (1088 850 152 ) 
4 1202 1229 (1096 352 144 ) (1096 256 144 ) (1088 256 144 ) (1088 352 144 ) 
4 1202 1204 (1088 256 152 ) (1088 256 176 ) (1088 352 176 ) (1088 352 152 ) 
4 1202 1205 (1088 352 144 ) (1088 256 144 ) (1088 256 152 ) (1088 352 152 ) 
4 1203 1273 (1024 1024 360 ) (1024 1024 248 ) (1024 256 248 ) (1024 256 360 ) 
4 1203 1204 (1088 1024 248 ) (1088 256 248 ) (1024 256 248 ) (1024 1024 248 ) 
4 1204 1280 (1024 1024 240 ) (1024 1024 152 ) (1024 256 152 ) (1024 256 240 ) 
4 1204 1279 (1024 1024 248 ) (1024 1024 240 ) (1024 256 240 ) (1024 256 248 ) 
4 1204 1205 (1024 1024 152 ) (1088 1024 152 ) (1088 256 152 ) (1024 256 152 ) 
4 1205 1281 (1024 1024 152 ) (1024 1024 144 ) (1024 256 144 ) (1024 256 152 ) 
4 1205 1230 (1024 256 144 ) (1024 1024 144 ) (1088 1024 144 ) (1088 256 144 ) 
4 1206 1286 (1024 248 144 ) (1024 8 144 ) (1024 8 176 ) (1024 248 176 ) 
4 1206 1235 (1024 8 144 ) (1024 248 144 ) (1336 248 144 ) (1336 8 144 ) 
4 1207 1209 (1872 968 16 ) (1968 968 16 ) (1968 968 144 ) (1872 968 144 ) 
4 1208 1225 (1096 1000 16 ) (1096 968 16 ) (1096 968 120 ) (1096 1000 120 ) 
4 1208 1210 (1096 968 144 ) (1096 968 16 ) (1360 968 16 ) (1360 968 144 ) 
4 1209 1213 (1872 952 16 ) (1968 952 16 ) (1968 952 144 ) (1872 952 144 ) 
4 1210 1225 (1096 968 16 ) (1096 952 16 ) (1096 952 120 ) (1096 968 120 ) 
4 1210 1216 (1096 952 144 ) (1096 952 16 ) (1360 952 16 ) (1360 952 144 ) 
4 1211 1214 (2012 880 16 ) (2048 880 16 ) (2048 880 144 ) (2012 880 144 ) 
4 1211 1212 (2012 952 144 ) (2012 952 16 ) (2012 880 16 ) (2012 880 144 ) 
4 1212 1213 (2011 952 144 ) (2011 952 16 ) (2011 880 16 ) (2011 880 144 ) 
4 1214 1217 (2012 858 16 ) (2048 858 16 ) (2048 858 144 ) (2012 858 144 ) 
4 1214 1215 (2012 864 16 ) (2012 858 16 ) (2012 858 144 ) (2012 864 144 ) 
4 1215 1217 (1816 858 16 ) (2012 858 16 ) (2012 858 144 ) (1816 858 144 ) 
4 1216 1225 (1096 952 16 ) (1096 944 16 ) (1096 944 120 ) (1096 952 120 ) 
4 1217 1218 (1816 850 16 ) (2048 850 16 ) (2048 850 144 ) (1816 850 144 ) 
4 1219 1222 (1240 664 16 ) (1336 664 16 ) (1336 664 144 ) (1240 664 144 ) 
4 1219 1220 (1240 850 144 ) (1240 850 16 ) (1240 754 16 ) (1240 754 144 ) 
4 1219 1221 (1240 738 16 ) (1240 664 16 ) (1240 664 144 ) (1240 738 144 ) 
4 1220 1228 (1096 850 16 ) (1096 754 16 ) (1096 754 144 ) (1096 850 144 ) 
4 1221 1223 (1096 664 144 ) (1096 664 16 ) (1240 664 16 ) (1240 664 144 ) 
4 1222 1232 (1264 256 16 ) (1320 256 16 ) (1320 256 120 ) (1264 256 120 ) 
4 1222 1223 (1240 664 144 ) (1240 664 16 ) (1240 368 16 ) (1240 368 144 ) 
4 1222 1224 (1240 352 16 ) (1240 256 16 ) (1240 256 144 ) (1240 352 144 ) 
4 1224 1229 (1096 352 16 ) (1096 256 16 ) (1096 256 144 ) (1096 352 144 ) 
4 1225 1226 (1092 944 16 ) (1092 944 120 ) (1092 1000 120 ) (1092 1000 16 ) 
4 1226 1227 (1091.610107 944 16 ) (1091.610107 944 120 ) (1091.610107 1000 120 ) (1091.610107 1000 16 ) 
4 1227 1231 (1088 1000 16 ) (1088 944 16 ) (1088 944 120 ) (1088 1000 120 ) 
4 1228 1231 (1088 850 16 ) (1088 754 16 ) (1088 754 120 ) (1088 850 120 ) 
4 1228 1230 (1088 754 120 ) (1088 754 144 ) (1088 850 144 ) (1088 850 120 ) 
4 1229 1231 (1088 352 16 ) (1088 256 16 ) (1088 256 120 ) (1088 352 120 ) 
4 1229 1230 (1088 256 120 ) (1088 256 144 ) (1088 352 144 ) (1088 352 120 ) 
4 1230 1281 (1024 1024 144 ) (1024 1024 120 ) (1024 256 120 ) (1024 256 144 ) 
4 1230 1231 (1024 1024 120 ) (1088 1024 120 ) (1088 256 120 ) (1024 256 120 ) 
4 1231 1282 (1024 1024 120 ) (1024 1024 16 ) (1024 256 16 ) (1024 256 120 ) 
4 1232 1233 (1320 252 16 ) (1320 252 120 ) (1264 252 120 ) (1264 252 16 ) 
4 1233 1234 (1320 251.610016 16 ) (1320 251.610016 120 ) (1264 251.610016 120 ) (1264 251.610016 16 ) 
4 1234 1236 (1264 248 16 ) (1320 248 16 ) (1320 248 120 ) (1264 248 120 ) 
4 1235 1286 (1024 8 120 ) (1024 8 144 ) (1024 248 144 ) (1024 248 120 ) 
4 1235 1236 (1336 8 120 ) (1024 8 120 ) (1024 248 120 ) (1336 248 120 ) 
4 1236 1287 (1024 248 16 ) (1024 8 16 ) (1024 8 120 ) (1024 248 120 ) 
4 1237 1241 (4096 -1024 152 ) (4096 -1024 1440 ) (3332 -1024 1440 ) (3332 -1024 152 ) 
4 1237 1240 (3332 0 152 ) (4096 0 152 ) (4096 -1024 152 ) (3332 -1024 152 ) 
4 1237 1238 (3332 0 152 ) (3332 -1024 152 ) (3332 -1024 704 ) (3332 0 704 ) 
4 1238 1242 (3176 -1024 704 ) (3176 -1024 152 ) (3332 -1024 152 ) (3332 -1024 704 ) 
4 1238 1240 (3176 0 152 ) (3332 0 152 ) (3332 -1024 152 ) (3176 -1024 152 ) 
4 1239 1245 (3072 0 396 ) (3072 0 152 ) (3072 -1024 152 ) (3072 -1024 396 ) 
4 1239 1243 (3072 -1024 396 ) (3072 -1024 152 ) (3160 -1024 152 ) (3160 -1024 396 ) 
4 1240 1244 (4096 -1024 -192 ) (4096 -1024 152 ) (3176 -1024 152 ) (3176 -1024 -192 ) 
4 1241 1263 (4096 -2048 152 ) (4096 -2048 396 ) (3332 -2048 396 ) (3332 -2048 152 ) 
4 1241 1261 (4096 -2048 396 ) (4096 -2048 704 ) (3332 -2048 704 ) (3332 -2048 396 ) 
4 1241 1260 (4096 -2048 704 ) (4096 -2048 1440 ) (3332 -2048 1440 ) (3332 -2048 704 ) 
4 1241 1244 (4096 -2048 152 ) (3332 -2048 152 ) (3332 -1024 152 ) (4096 -1024 152 ) 
4 1241 1242 (3332 -1024 152 ) (3332 -2048 152 ) (3332 -2048 704 ) (3332 -1024 704 ) 
4 1242 1263 (3176 -2048 396 ) (3176 -2048 152 ) (3332 -2048 152 ) (3332 -2048 396 ) 
4 1242 1261 (3176 -2048 704 ) (3176 -2048 396 ) (3332 -2048 396 ) (3332 -2048 704 ) 
4 1242 1244 (3332 -2048 152 ) (3176 -2048 152 ) (3176 -1024 152 ) (3332 -1024 152 ) 
4 1243 1264 (3072 -2048 396 ) (3072 -2048 152 ) (3160 -2048 152 ) (3160 -2048 396 ) 
4 1243 1247 (3072 -2048 152 ) (3072 -2048 396 ) (3072 -1024 396 ) (3072 -1024 152 ) 
4 1244 1266 (4096 -2048 -192 ) (4096 -2048 56 ) (3176 -2048 56 ) (3176 -2048 -192 ) 
4 1244 1265 (4096 -2048 56 ) (4096 -2048 152 ) (3176 -2048 152 ) (3176 -2048 56 ) 
4 1245 1247 (3072 -1024 152 ) (3072 -1024 396 ) (2776 -1024 396 ) (2776 -1024 152 ) 
4 1245 1246 (2776 0 396 ) (2776 0 152 ) (2776 -1024 152 ) (2776 -1024 396 ) 
4 1246 1248 (2536 -1024 152 ) (2776 -1024 152 ) (2776 -1024 408 ) (2536 -1024 408 ) 
4 1247 1268 (3072 -2048 152 ) (3072 -2048 396 ) (2776 -2048 396 ) (2776 -2048 152 ) 
4 1247 1248 (2776 -1024 396 ) (2776 -1024 152 ) (2776 -2048 152 ) (2776 -2048 396 ) 
4 1248 1269 (2536 -2048 152 ) (2776 -2048 152 ) (2776 -2048 408 ) (2536 -2048 408 ) 
4 1249 1256 (5120 -2176 568 ) (5120 -2192 568 ) (5120 -2192 1440 ) (5120 -2176 1440 ) 
4 1249 1255 (5120 -2048 1440 ) (5120 -2048 568 ) (5120 -2176 568 ) (5120 -2176 1440 ) 
4 1249 1250 (5120 -2176 568 ) (5120 -2048 568 ) (6144 -2048 568 ) (6144 -2176 568 ) 
4 1250 1255 (5120 -2048 568 ) (5120 -2048 152 ) (5120 -2176 152 ) (5120 -2176 568 ) 
4 1250 1252 (5120 -2176 152 ) (5120 -2048 152 ) (5888 -2048 152 ) (5888 -2176 152 ) 
4 1250 1251 (5888 -2048 152 ) (6144 -2048 152 ) (6144 -2176 152 ) (5888 -2176 152 ) 
4 1251 1253 (5888 -2048 -192 ) (5888 -2176 -192 ) (5888 -2176 56 ) (5888 -2048 56 ) 
4 1251 1252 (5888 -2176 56 ) (5888 -2176 152 ) (5888 -2048 152 ) (5888 -2048 56 ) 
4 1252 1257 (5120 -2048 152 ) (5120 -2048 56 ) (5120 -2176 56 ) (5120 -2176 152 ) 
4 1252 1253 (5120 -2048 56 ) (5888 -2048 56 ) (5888 -2176 56 ) (5120 -2176 56 ) 
4 1253 1257 (5120 -2048 56 ) (5120 -2048 -192 ) (5120 -2176 -192 ) (5120 -2176 56 ) 
4 1253 1254 (5120 -2176 -192 ) (5888 -2176 -192 ) (5888 -2176 56 ) (5120 -2176 56 ) 
4 1254 1258 (5120 -2176 -192 ) (5120 -2496 -192 ) (5120 -2496 56 ) (5120 -2176 56 ) 
4 1255 1263 (4096 -2048 396 ) (4096 -2048 152 ) (4096 -2176 152 ) (4096 -2176 396 ) 
4 1255 1261 (4096 -2048 704 ) (4096 -2048 396 ) (4096 -2176 396 ) (4096 -2176 704 ) 
4 1255 1260 (4096 -2048 1440 ) (4096 -2048 704 ) (4096 -2176 704 ) (4096 -2176 1440 ) 
4 1255 1257 (4096 -2048 152 ) (5120 -2048 152 ) (5120 -2176 152 ) (4096 -2176 152 ) 
4 1255 1256 (5120 -2176 568 ) (5120 -2176 1440 ) (4096 -2176 1440 ) (4096 -2176 568 ) 
4 1256 1262 (4096 -2192 568 ) (4096 -2192 704 ) (4096 -2176 704 ) (4096 -2176 568 ) 
4 1256 1260 (4096 -2192 704 ) (4096 -2192 1440 ) (4096 -2176 1440 ) (4096 -2176 704 ) 
4 1257 1266 (4096 -2048 56 ) (4096 -2048 -192 ) (4096 -2176 -192 ) (4096 -2176 56 ) 
4 1257 1265 (4096 -2048 152 ) (4096 -2048 56 ) (4096 -2176 56 ) (4096 -2176 152 ) 
4 1257 1259 (4096 -2176 -192 ) (4128 -2176 -192 ) (4128 -2176 56 ) (4096 -2176 56 ) 
4 1257 1258 (4480 -2176 -192 ) (5120 -2176 -192 ) (5120 -2176 56 ) (4480 -2176 56 ) 
4 1259 1267 (4096 -2176 -192 ) (4096 -2496 -192 ) (4096 -2496 56 ) (4096 -2176 56 ) 
4 1260 1262 (3332 -2192 704 ) (3332 -2176 704 ) (4096 -2176 704 ) (4096 -2192 704 ) 
4 1260 1261 (3332 -2176 704 ) (3332 -2048 704 ) (4096 -2048 704 ) (4096 -2176 704 ) 
4 1261 1263 (3176 -2048 396 ) (4096 -2048 396 ) (4096 -2176 396 ) (3176 -2176 396 ) 
4 1261 1262 (4096 -2176 568 ) (4096 -2176 704 ) (3176 -2176 704 ) (3176 -2176 568 ) 
4 1263 1265 (3176 -2048 152 ) (4096 -2048 152 ) (4096 -2176 152 ) (3176 -2176 152 ) 
4 1264 1268 (3072 -2048 396 ) (3072 -2048 152 ) (3072 -2160 152 ) (3072 -2160 396 ) 
4 1265 1266 (3176 -2048 56 ) (4096 -2048 56 ) (4096 -2176 56 ) (3176 -2176 56 ) 
4 1266 1267 (3176 -2176 -192 ) (4096 -2176 -192 ) (4096 -2176 56 ) (3176 -2176 56 ) 
4 1268 1269 (2776 -2048 152 ) (2776 -2160 152 ) (2776 -2160 396 ) (2776 -2048 396 ) 
4 1270 1274 (640 1024 360 ) (720 1024 360 ) (720 856 360 ) (640 856 360 ) 
4 1270 1273 (720 1024 360 ) (1024 1024 360 ) (1024 856 360 ) (720 856 360 ) 
4 1270 1271 (640 960 360 ) (640 896 360 ) (640 896 400 ) (640 960 400 ) 
4 1271 1276 (640 960 360 ) (640 896 360 ) (624 896 360 ) (624 960 360 ) 
4 1271 1272 (624 960 360 ) (624 896 360 ) (624 896 400 ) (624 960 400 ) 
4 1272 1278 (376 856 360 ) (376 896 360 ) (624 896 360 ) (624 856 360 ) 
4 1272 1276 (376 896 360 ) (376 960 360 ) (624 960 360 ) (624 896 360 ) 
4 1272 1275 (376 960 360 ) (376 1024 360 ) (624 1024 360 ) (624 960 360 ) 
4 1273 1279 (720 1024 248 ) (1024 1024 248 ) (1024 256 248 ) (720 256 248 ) 
4 1273 1274 (720 1024 248 ) (720 856 248 ) (720 856 360 ) (720 1024 360 ) 
4 1274 1276 (640 896 360 ) (640 960 360 ) (640 960 336 ) (640 896 336 ) 
4 1275 1277 (376 960 288 ) (624 960 288 ) (624 960 336 ) (376 960 336 ) 
4 1275 1276 (624 960 336 ) (624 960 360 ) (376 960 360 ) (376 960 336 ) 
4 1276 1278 (624 896 360 ) (376 896 360 ) (376 896 336 ) (624 896 336 ) 
4 1276 1277 (624 896 336 ) (376 896 336 ) (376 960 336 ) (624 960 336 ) 
4 1277 1278 (376 896 288 ) (624 896 288 ) (624 896 336 ) (376 896 336 ) 
4 1279 1280 (720 1024 240 ) (1024 1024 240 ) (1024 256 240 ) (720 256 240 ) 
4 1280 1290 (720 634 156 ) (720 634 152 ) (720 534 152 ) (720 534 156 ) 
4 1280 1288 (720 960 192 ) (720 960 152 ) (720 896 152 ) (720 896 192 ) 
4 1280 1281 (1024 256 152 ) (720 256 152 ) (720 1024 152 ) (1024 1024 152 ) 
4 1281 1290 (720 634 120 ) (720 534 120 ) (720 534 152 ) (720 634 152 ) 
4 1281 1288 (720 896 128 ) (720 896 152 ) (720 960 152 ) (720 960 128 ) 
4 1281 1282 (1024 256 120 ) (720 256 120 ) (720 1024 120 ) (1024 1024 120 ) 
4 1282 1292 (720 534 104 ) (720 534 120 ) (720 634 120 ) (720 634 104 ) 
4 1282 1283 (800 256 16 ) (856 256 16 ) (856 256 120 ) (800 256 120 ) 
4 1283 1284 (856 251.391022 16 ) (856 251.391022 120 ) (800 251.391022 120 ) (800 251.391022 16 ) 
4 1284 1285 (856 251 16 ) (856 251 120 ) (800 251 120 ) (800 251 16 ) 
4 1285 1287 (800 248 16 ) (856 248 16 ) (856 248 120 ) (800 248 120 ) 
4 1286 1287 (1024 8 120 ) (720 8 120 ) (720 248 120 ) (1024 248 120 ) 
4 1288 1289 (713 960 128 ) (713 896 128 ) (713 896 192 ) (713 960 192 ) 
4 1289 1295 (712 960 152 ) (712 960 128 ) (712 896 128 ) (712 896 152 ) 
4 1289 1294 (712 960 192 ) (712 960 152 ) (712 896 152 ) (712 896 192 ) 
4 1290 1292 (720 534 120 ) (713 534 120 ) (713 634 120 ) (720 634 120 ) 
4 1290 1291 (713 634 120 ) (713 534 120 ) (713 534 156 ) (713 634 156 ) 
4 1291 1295 (712 634 152 ) (712 634 120 ) (712 534 120 ) (712 534 152 ) 
4 1291 1294 (712 634 156 ) (712 634 152 ) (712 534 152 ) (712 534 156 ) 
4 1291 1293 (713 534 120 ) (712 534 120 ) (712 634 120 ) (713 634 120 ) 
4 1292 1293 (713 634 104 ) (713 534 104 ) (713 534 120 ) (713 634 120 ) 
4 1293 1296 (712 634 120 ) (712 634 104 ) (712 534 104 ) (712 534 120 ) 
4 1294 1311 (712 0 152 ) (712 0 240 ) (376 0 240 ) (376 0 152 ) 
4 1294 1295 (376 0 152 ) (376 1024 152 ) (712 1024 152 ) (712 0 152 ) 
4 1295 1311 (712 0 120 ) (712 0 152 ) (376 0 152 ) (376 0 120 ) 
4 1295 1296 (376 0 120 ) (376 1024 120 ) (712 1024 120 ) (712 0 120 ) 
4 1296 1312 (712 0 24 ) (712 0 120 ) (376 0 120 ) (376 0 24 ) 
4 1296 1301 (376 35 104 ) (376 99 104 ) (376 99 24 ) (376 35 24 ) 
4 1296 1299 (376 325 104 ) (376 389 104 ) (376 389 24 ) (376 325 24 ) 
4 1296 1297 (376 614 104 ) (376 678 104 ) (376 678 24 ) (376 614 24 ) 
4 1297 1298 (369 678 104 ) (369 678 16 ) (369 614 16 ) (369 614 104 ) 
4 1298 1304 (368 678 16 ) (368 614 16 ) (368 614 104 ) (368 678 104 ) 
4 1299 1300 (369 389 104 ) (369 389 16 ) (369 325 16 ) (369 325 104 ) 
4 1300 1304 (368 389 16 ) (368 325 16 ) (368 325 104 ) (368 389 104 ) 
4 1301 1302 (369 99 104 ) (369 99 16 ) (369 35 16 ) (369 35 104 ) 
4 1302 1304 (368 99 16 ) (368 35 16 ) (368 35 104 ) (368 99 104 ) 
4 1303 1306 (0 1024 488 ) (0 1024 296 ) (0 856 296 ) (0 856 488 ) 
4 1304 1313 (368 0 16 ) (368 0 192 ) (24 0 192 ) (24 0 16 ) 
4 1304 1305 (24 1000 16 ) (24 0 16 ) (24 0 192 ) (24 1000 192 ) 
4 1305 1313 (24 0 192 ) (0 0 192 ) (0 0 16 ) (24 0 16 ) 
4 1305 1307 (0 1024 192 ) (0 1024 16 ) (0 0 16 ) (0 0 192 ) 
4 1307 1314 (0 0 16 ) (0 0 192 ) (-8 0 192 ) (-8 0 16 ) 
4 1307 1308 (-8 1024 16 ) (-8 0 16 ) (-8 0 192 ) (-8 1024 192 ) 
4 1308 1315 (-344 0 16 ) (-8 0 16 ) (-8 0 192 ) (-344 0 192 ) 
4 1308 1309 (-344 1024 16 ) (-344 0 16 ) (-344 0 192 ) (-344 1024 192 ) 
4 1309 1316 (-512 0 192 ) (-512 0 16 ) (-344 0 16 ) (-344 0 192 ) 
4 1309 1310 (-512 1024 184 ) (-512 1024 16 ) (-512 830 16 ) (-512 830 184 ) 
4 1311 1312 (712 0 120 ) (712 -72 120 ) (376 -72 120 ) (376 0 120 ) 
4 1313 1314 (0 0 192 ) (0 0 16 ) (0 -72 16 ) (0 -72 192 ) 
4 1314 1315 (-8 0 16 ) (-8 -72 16 ) (-8 -72 192 ) (-8 0 192 ) 
4 1315 1316 (-344 0 16 ) (-344 -72 16 ) (-344 -72 192 ) (-344 0 192 ) 
