


Using shader api: shaderapiempty.dll
materialPath: D:\programfile\steam\steamapps\common\left 4 dead 2\left4dead2\materials
Loading c:\users\rtaab\documents\hammer\reverse_dead_air\r_c11m1_greenhouse.vmf
fixing up env_cubemap materials on brush sides...
0...1...2...3...4...5...6...7...8...9...100...1...2...3...4...5...6...7...8...9...10Processing areas...Wrote c:\users\rtaab\documents\hammer\reverse_dead_air\r_c11m1_greenhouse.lin
Areaportal leak ! File: c:\users\rtaab\documents\hammer\reverse_dead_air\r_c11m1_greenhouse.lin 
Brush 9196: areaportal brush doesn't touch two areas

Brush 9203: areaportal brush doesn't touch two areas
done (0)
Building Faces...done (0)
Occluder "" straddles multiple areas. This is invalid!
Occluder "" straddles multiple areas. This is invalid!
Occluder "" straddles multiple areas. This is invalid!
Occluder "" straddles multiple areas. This is invalid!
Occluder "" straddles multiple areas. This is invalid!
Occluder "" straddles multiple areas. This is invalid!
Occluder "" straddles multiple areas. This is invalid!
Occluder "" straddles multiple areas. This is invalid!
Occluder "" straddles multiple areas. This is invalid!
Chop Details...done (0)
Find Visible Detail Sides...
Merged 594 detail faces...done (0)
Merging details...done (0)
FixTjuncs...
PruneNodes...
WriteBSP...
done (0)
writing c:\users\rtaab\documents\hammer\reverse_dead_air\r_c11m1_greenhouse.prt...Building visibility clusters...
done (0)
Finding displacement neighbors...
Found a displacement edge abutting multiple other edges.
Finding lightmap sample positions...
Displacement Alpha : 0...1...2...3...4...5...6...7...8...9...10
Building Physics collision data...
done (1) (988798 bytes)
Cannot build Physics2 data
                                                             -----------
DataLinker total stream size                                     0.0 KiB
Placing detail props : 0...1...2...3...4...5...6...7...8...9...10
Compacting texture/material tables...
Reduced 4681 texinfos to 2884
Reduced 432 texdatas to 352 (19309 bytes to 16076)
Writing c:\users\rtaab\documents\hammer\reverse_dead_air\r_c11m1_greenhouse.bsp
12 seconds elapsed



8 threads
reading c:\users\rtaab\documents\hammer\reverse_dead_air\r_c11m1_greenhouse.bsp
max farz in all env_fog_controller entities: 9000.000000 (used for radial vis)
reading c:\users\rtaab\documents\hammer\reverse_dead_air\r_c11m1_greenhouse.prt
  64 portalclusters
 258 numportals
0...1...2...3...4...5...6...7...8...9...100...1...2...3...4...5...6...7...8...9...10Optimized: 0 visible clusters (0.00%)
Total clusters visible: 1805
Average clusters visible: 28
Building PAS...
Average clusters audible: 62
visdatasize:1601  compressed from 1024
writing c:\users\rtaab\documents\hammer\reverse_dead_air\r_c11m1_greenhouse.bsp
0 seconds elapsed



[Reading texlights from 'lights.rad']
[2 texlights parsed from 'lights.rad']

Loading c:\users\rtaab\documents\hammer\reverse_dead_air\r_c11m1_greenhouse.bsp
7856 faces
1 degenerate faces
10386720 square feet [1495687680.00 square inches]
53 Displacements
23843 Square Feet [3433395.75 Square Inches]
7855 patches before subdivision
106159 patches after subdivision
37 direct lights
0...1...2...3...4...5...6...7...8...9...100...1...2...3...4...5...6...7...8...9...10transfers 7100987, max 1003
transfer lists:  54.2 megs
0...1...2...3...4...5...6...7...8...9...10	Bounce #1 added RGB(15828, 14158, 10451)
0...1...2...3...4...5...6...7...8...9...10	Bounce #2 added RGB(3769, 3081, 1865)
0...1...2...3...4...5...6...7...8...9...10	Bounce #3 added RGB(1421, 1065, 526)
0...1...2...3...4...5...6...7...8...9...10	Bounce #4 added RGB(584, 406, 174)
0...1...2...3...4...5...6...7...8...9...10	Bounce #5 added RGB(279, 180, 67)
0...1...2...3...4...5...6...7...8...9...10	Bounce #6 added RGB(131, 79, 26)
0...1...2...3...4...5...6...7...8...9...10	Bounce #7 added RGB(65, 37, 10)
0...1...2...3...4...5...6...7...8...9...10	Bounce #8 added RGB(32, 17, 4)
0...1...2...3...4...5...6...7...8...9...10	Bounce #9 added RGB(16, 8, 2)
0...1...2...3...4...5...6...7...8...9...10	Bounce #10 added RGB(8, 4, 1)
0...1...2...3...4...5...6...7...8...9...10	Bounce #11 added RGB(4, 2, 0)
0...1...2...3...4...5...6...7...8...9...10	Bounce #12 added RGB(2, 1, 0)
0...1...2...3...4...5...6...7...8...9...10	Bounce #13 added RGB(1, 0, 0)
0...1...2...3...4...5...6...7...8...9...10	Bounce #14 added RGB(1, 0, 0)
Build Patch/Sample Hash Table(s).....Done<0.0354 sec>
0...1...2...3...4...5...6...7...8...9...10FinalLightFace Done
0 of 0 (0% of) surface lights went in leaf ambient cubes.
0...1...2...3...4...5...6


Using shader api: shaderapiempty.dll
materialPath: D:\programfile\steam\steamapps\common\left 4 dead 2\left4dead2\materials
Loading c:\users\rtaab\documents\hammer\reverse_dead_air\r_c11m1_greenhouse.vmf
fixing up env_cubemap materials on brush sides...
0...1...2...3...4...5...6...7...8...9...100...1...2...3...4...5...6...7...8...9...10Processing areas...Wrote c:\users\rtaab\documents\hammer\reverse_dead_air\r_c11m1_greenhouse.lin
Areaportal leak ! File: c:\users\rtaab\documents\hammer\reverse_dead_air\r_c11m1_greenhouse.lin 
Brush 9196: areaportal brush doesn't touch two areas

Brush 9203: areaportal brush doesn't touch two areas
done (0)
Building Faces...done (0)
Occluder "" straddles multiple areas. This is invalid!
Occluder "" straddles multiple areas. This is invalid!
Occluder "" straddles multiple areas. This is invalid!
Occluder "" straddles multiple areas. This is invalid!
Occluder "" straddles multiple areas. This is invalid!
Occluder "" straddles multiple areas. This is invalid!
Occluder "" straddles multiple areas. This is invalid!
Occluder "" straddles multiple areas. This is invalid!
Occluder "" straddles multiple areas. This is invalid!
Chop Details...done (0)
Find Visible Detail Sides...
Merged 594 detail faces...done (0)
Merging details...done (0)
FixTjuncs...
PruneNodes...
WriteBSP...
done (0)
writing c:\users\rtaab\documents\hammer\reverse_dead_air\r_c11m1_greenhouse.prt...Building visibility clusters...
done (0)
Finding displacement neighbors...
Found a displacement edge abutting multiple other edges.
Finding lightmap sample positions...
Displacement Alpha : 0...1...2...3...4...5...6...7...8...9...10
Building Physics collision data...
done (1) (988798 bytes)
Cannot build Physics2 data
                                                             -----------
DataLinker total stream size                                     0.0 KiB
Placing detail props : 0...1...2...3...4...5...6...7...8...9...10
Compacting texture/material tables...
Reduced 4681 texinfos to 2884
Reduced 432 texdatas to 352 (19309 bytes to 16076)
Writing c:\users\rtaab\documents\hammer\reverse_dead_air\r_c11m1_greenhouse.bsp
12 seconds elapsed



8 threads
reading c:\users\rtaab\documents\hammer\reverse_dead_air\r_c11m1_greenhouse.bsp
max farz in all env_fog_controller entities: 9000.000000 (used for radial vis)
reading c:\users\rtaab\documents\hammer\reverse_dead_air\r_c11m1_greenhouse.prt
  64 portalclusters
 258 numportals
0...1...2...3...4...5...6...7...8...9...100...1...2...3...4...5...6...7...8...9...10Optimized: 0 visible clusters (0.00%)
Total clusters visible: 1805
Average clusters visible: 28
Building PAS...
Average clusters audible: 62
visdatasize:1601  compressed from 1024
writing c:\users\rtaab\documents\hammer\reverse_dead_air\r_c11m1_greenhouse.bsp
0 seconds elapsed



[Reading texlights from 'lights.rad']
[2 texlights parsed from 'lights.rad']

Loading c:\users\rtaab\documents\hammer\reverse_dead_air\r_c11m1_greenhouse.bsp
7856 faces
1 degenerate faces
10386720 square feet [1495687680.00 square inches]
53 Displacements
23843 Square Feet [3433395.75 Square Inches]
7855 patches before subdivision
106159 patches after subdivision
37 direct lights
0...1...2...3...4...5...6...7...8...9...100...1...2...3...4...5...6...7...8...9...10transfers 7100987, max 1003
transfer lists:  54.2 megs
0...1...2...3...4...5...6...7...8...9...10	Bounce #1 added RGB(15827, 14158, 10450)
0...1...2...3...4...5...6...7...8...9...10	Bounce #2 added RGB(3769, 3081, 1865)
0...1...2...3...4...5...6...7...8...9...10	Bounce #3 added RGB(1421, 1065, 526)
0...1...2...3...4...5...6...7...8...9...10	Bounce #4 added RGB(584, 406, 174)
0...1...2...3...4...5...6...7...8...9...10	Bounce #5 added RGB(279, 180, 67)
0...1...2...3...4...5...6...7...8...9...10	Bounce #6 added RGB(131, 79, 26)
0...1...2...3...4...5...6...7...8...9...10	Bounce #7 added RGB(65, 37, 10)
0...1...2...3...4...5...6...7...8...9...10	Bounce #8 added RGB(32, 17, 4)
0...1...2...3...4...5...6...7...8...9...10	Bounce #9 added RGB(16, 8, 2)
0...1...2...3...4...5...6...7...8...9...10	Bounce #10 added RGB(8, 4, 1)
0...1...2...3...4...5...6...7...8...9...10	Bounce #11 added RGB(4, 2, 0)
0...1...2...3...4...5...6...7...8...9...10	Bounce #12 added RGB(2, 1, 0)
0...1...2...3...4...5...6...7...8...9...10	Bounce #13 added RGB(1, 0, 0)
0...1...2...3...4...5...6...7...8...9...10	Bounce #14 added RGB(1, 0, 0)
Build Patch/Sample Hash Table(s).....Done<0.0391 sec>
0...1...2...3...4...5...6...7...8...9...10FinalLightFace Done
0 of 0 (0% of) surface lights went in leaf ambient cubes.
0...1...2...3...4...5...6...7...8...9...10Writing leaf ambient...done
Computing static prop lighting : 00...1...2...3...4...5...6...7...8...9...10
Ready to Finish

Object names       Objects/Maxobjs  Memory / Maxmem  Fullness 
------------       ---------------  ---------------  -------- 
models                 125/1024         6000/49152    (12.2%) 
brushes               2661/8192        31932/98304    (32.5%) 
brushsides           19913/65536      159304/524288   (30.4%) 
planes               12382/65536      247640/1310720  (18.9%) 
vertexes             15113/65536      181356/786432   (23.1%) 
nodes                 5834/65536      186688/2097152  ( 8.9%) 
texinfos              2884/12288      207648/884736   (23.5%) 
texdata                352/2048        11264/65536    (17.2%) 
dispinfos               53/0            9328/0        ( 0.0%) 
disp_verts            2501/0           50020/0        ( 0.0%) 
disp_tris             3712/0            7424/0        ( 0.0%) 
disp_lmsamples      118208/0          118208/0        ( 0.0%) 
faces                 7856/65536      439936/3670016  (12.0%) 
hdr faces                0/65536           0/3670016  ( 0.0%) 
origfaces             4977/65536      278712/3670016  ( 7.6%) 
leaves                5960/65536      190720/2097152  ( 9.1%) 
leaffaces             9896/65536       19792/131072   (15.1%) 
leafbrushes           7734/65536       15468/131072   (11.8%) 
areas                   16/256           128/2048     ( 6.3%) 
surfedges            57081/512000     228324/2048000  (11.1%) 
edges                37101/256000     148404/1024000  (14.5%) 
LDR worldlights         37/8192         3700/819200   ( 0.5%) 
HDR worldlights          0/8192            0/819200   ( 0.0%) 
leafwaterdata            0/32768           0/393216   ( 0.0%) 
waterstrips            766/32768        7660/327680   ( 2.3%) 
waterverts               0/65536           0/786432   ( 0.0%) 
waterindices         14502/65536       29004/131072   (22.1%) 
cubemapsamples          50/1024          800/16384    ( 4.9%) 
overlays               210/512         73920/180224   (41.0%) 
LDR lightdata         [variable]     3973448/0        ( 0.0%) 
HDR lightdata         [variable]           0/0        ( 0.0%) 
visdata               [variable]        1601/16777216 ( 0.0%) 
entdata               [variable]      344559/393216   (87.6%) VERY FULL!
LDR ambient table     5960/65536       23840/262144   ( 9.1%) 
HDR ambient table     5960/65536       23840/262144   ( 9.1%) 
LDR leaf ambient     25137/65536      703836/1835008  (38.4%) 
HDR leaf ambient      5960/65536      166880/1835008  ( 9.1%) 
occluders               14/0             560/0        ( 0.0%) 
occluder polygons       21/0             252/0        ( 0.0%) 
occluder vert ind       99/0             396/0        ( 0.0%) 
Prop Hull Verts          0/0               0/0        ( 0.0%) 
Prop Hull Blob           0/0               0/0        ( 0.0%) 
Prop Hull Lists          0/0               0/0        ( 0.0%) 
Prop Hulls               0/0               0/0        ( 0.0%) 
Prop Hull trilist        0/0               0/0        ( 0.0%) 
detail props          [variable]           1/12       ( 8.3%) 
static props          [variable]           1/75732    ( 0.0%) 
pakfile               [variable]     6643542/0        ( 0.0%) 
physics               [variable]      988798/4194304  (23.6%) 
physics terrain       [variable]        9433/1048576  ( 0.9%) 

Level flags = 1

Total triangle count: 21480
Writing c:\users\rtaab\documents\hammer\reverse_dead_air\r_c11m1_greenhouse.bsp
2 minutes, 21 seconds elapsed



Using shader api: shaderapiempty.dll
materialPath: D:\programfile\steam\steamapps\common\left 4 dead 2\left4dead2\materials
Loading c:\users\rtaab\documents\hammer\reverse_dead_air\r_c11m1_greenhouse.vmf
fixing up env_cubemap materials on brush sides...
0...1...2...3...4...5...6...7...8...9...100...1...2...3...4...5...6...7...8...9...10Processing areas...Wrote c:\users\rtaab\documents\hammer\reverse_dead_air\r_c11m1_greenhouse.lin
Areaportal leak ! File: c:\users\rtaab\documents\hammer\reverse_dead_air\r_c11m1_greenhouse.lin 
Brush 9196: areaportal brush doesn't touch two areas

Brush 9203: areaportal brush doesn't touch two areas
done (0)
Building Faces...done (0)
Occluder "" straddles multiple areas. This is invalid!
Occluder "" straddles multiple areas. This is invalid!
Occluder "" straddles multiple areas. This is invalid!
Occluder "" straddles multiple areas. This is invalid!
Occluder "" straddles multiple areas. This is invalid!
Occluder "" straddles multiple areas. This is invalid!
Occluder "" straddles multiple areas. This is invalid!
Occluder "" straddles multiple areas. This is invalid!
Occluder "" straddles multiple areas. This is invalid!
Chop Details...done (0)
Find Visible Detail Sides...
Merged 594 detail faces...done (0)
Merging details...done (0)
FixTjuncs...
PruneNodes...
WriteBSP...
done (0)
writing c:\users\rtaab\documents\hammer\reverse_dead_air\r_c11m1_greenhouse.prt...Building visibility clusters...
done (0)
Finding displacement neighbors...
Found a displacement edge abutting multiple other edges.
Finding lightmap sample positions...
Displacement Alpha : 0...1...2...3...4...5...6...7...8...9...10
Building Physics collision data...
done (1) (988798 bytes)
Cannot build Physics2 data
                                                             -----------
DataLinker total stream size                                     0.0 KiB
Placing detail props : 0...1...2...3...4...5...6...7...8...9...10
Compacting texture/material tables...
Reduced 4681 texinfos to 2884
Reduced 432 texdatas to 352 (19309 bytes to 16076)
Writing c:\users\rtaab\documents\hammer\reverse_dead_air\r_c11m1_greenhouse.bsp
12 seconds elapsed



8 threads
reading c:\users\rtaab\documents\hammer\reverse_dead_air\r_c11m1_greenhouse.bsp
max farz in all env_fog_controller entities: 9000.000000 (used for radial vis)
reading c:\users\rtaab\documents\hammer\reverse_dead_air\r_c11m1_greenhouse.prt
  64 portalclusters
 258 numportals
0...1...2...3...4...5...6...7...8...9...100...1...2...3...4...5...6...7...8...9...10Optimized: 0 visible clusters (0.00%)
Total clusters visible: 1805
Average clusters visible: 28
Building PAS...
Average clusters audible: 62
visdatasize:1601  compressed from 1024
writing c:\users\rtaab\documents\hammer\reverse_dead_air\r_c11m1_greenhouse.bsp
0 seconds elapsed



[Reading texlights from 'lights.rad']
[2 texlights parsed from 'lights.rad']

Loading c:\users\rtaab\documents\hammer\reverse_dead_air\r_c11m1_greenhouse.bsp
7856 faces
1 degenerate faces
10386720 square feet [1495687680.00 square inches]
53 Displacements
23843 Square Feet [3433395.75 Square Inches]
7855 patches before subdivision
106159 patches after subdivision
37 direct lights
0...1...2...3...4...5...6...7...8...9...100...1...2...3...4...5...6...7...8...9...10transfers 7100987, max 1003
transfer lists:  54.2 megs
0...1...2...3...4...5...6...7...8...9...10	Bounce #1 added RGB(15825, 14156, 10450)
0...1...2...3...4...5...6...7...8...9...10	Bounce #2 added RGB(3769, 3081, 1865)
0...1...2...3...4...5...6...7...8...9...10	Bounce #3 added RGB(1421, 1065, 526)
0...1...2...3...4...5...6...7...8...9...10	Bounce #4 added RGB(584, 406, 174)
0...1...2...3...4...5...6...7...8...9...10	Bounce #5 added RGB(279, 180, 67)
0...1...2...3...4...5...6...7...8...9...10	Bounce #6 added RGB(131, 79, 26)
0...1...2...3...4...5...6...7...8...9...10	Bounce #7 added RGB(65, 37, 10)
0...1...2...3...4...5...6...7...8...9...10	Bounce #8 added RGB(32, 17, 4)
0...1...2...3...4...5...6...7...8...9...10	Bounce #9 added RGB(16, 8, 2)
0...1...2...3...4...5...6...7...8...9...10	Bounce #10 added RGB(8, 4, 1)
0...1...2...3...4...5...6...7...8...9...10	Bounce #11 added RGB(4, 2, 0)
0...1...2...3...4...5...6...7...8...9...10	Bounce #12 added RGB(2, 1, 0)
0...1...2...3...4...5...6...7...8...9...10	Bounce #13 added RGB(1, 0, 0)
0...1...2...3...4...5...6...7...8...9...10	Bounce #14 added RGB(1, 0, 0)
Build Patch/Sample Hash Table(s).....Done<0.0361 sec>
0...1...2...3...4...5...6...7...8...9...10FinalLightFace Done
0 of 0 (0% of) surface lights went in leaf ambient cubes.
0...1...2...3...4...5...6...7...8...9...10Writing leaf ambient...done
Computing static prop lighting : 00...1...2...3...4...5...6...7...8...9...10
Ready to Finish

Object names       Objects/Maxobjs  Memory / Maxmem  Fullness 
------------       ---------------  ---------------  -------- 
models                 125/1024         6000/49152    (12.2%) 
brushes               2661/8192        31932/98304    (32.5%) 
brushsides           19913/65536      159304/524288   (30.4%) 
planes               12382/65536      247640/1310720  (18.9%) 
vertexes             15113/65536      181356/786432   (23.1%) 
nodes                 5834/65536      186688/2097152  ( 8.9%) 
texinfos              2884/12288      207648/884736   (23.5%) 
texdata                352/2048        11264/65536    (17.2%) 
dispinfos               53/0            9328/0        ( 0.0%) 
disp_verts            2501/0           50020/0        ( 0.0%) 
disp_tris             3712/0            7424/0        ( 0.0%) 
disp_lmsamples      118208/0          118208/0        ( 0.0%) 
faces                 7856/65536      439936/3670016  (12.0%) 
hdr faces                0/65536           0/3670016  ( 0.0%) 
origfaces             4977/65536      278712/3670016  ( 7.6%) 
leaves                5960/65536      190720/2097152  ( 9.1%) 
leaffaces             9896/65536       19792/131072   (15.1%) 
leafbrushes           7734/65536       15468/131072   (11.8%) 
areas                   16/256           128/2048     ( 6.3%) 
surfedges            57081/512000     228324/2048000  (11.1%) 
edges                37101/256000     148404/1024000  (14.5%) 
LDR worldlights         37/8192         3700/819200   ( 0.5%) 
HDR worldlights          0/8192            0/819200   ( 0.0%) 
leafwaterdata            0/32768           0/393216   ( 0.0%) 
waterstrips            766/32768        7660/327680   ( 2.3%) 
waterverts               0/65536           0/786432   ( 0.0%) 
waterindices         14502/65536       29004/131072   (22.1%) 
cubemapsamples          50/1024          800/16384    ( 4.9%) 
overlays               210/512         73920/180224   (41.0%) 
LDR lightdata         [variable]     3973448/0        ( 0.0%) 
HDR lightdata         [variable]           0/0        ( 0.0%) 
visdata               [variable]        1601/16777216 ( 0.0%) 
entdata               [variable]      344676/393216   (87.7%) VERY FULL!
LDR ambient table     5960/65536       23840/262144   ( 9.1%) 
HDR ambient table     5960/65536       23840/262144   ( 9.1%) 
LDR leaf ambient     25133/65536      703724/1835008  (38.3%) 
HDR leaf ambient      5960/65536      166880/1835008  ( 9.1%) 
occluders               14/0             560/0        ( 0.0%) 
occluder polygons       21/0             252/0        ( 0.0%) 
occluder vert ind       99/0             396/0        ( 0.0%) 
Prop Hull Verts          0/0               0/0        ( 0.0%) 
Prop Hull Blob           0/0               0/0        ( 0.0%) 
Prop Hull Lists          0/0               0/0        ( 0.0%) 
Prop Hulls               0/0               0/0        ( 0.0%) 
Prop Hull trilist        0/0               0/0        ( 0.0%) 
detail props          [variable]           1/12       ( 8.3%) 
static props          [variable]           1/75732    ( 0.0%) 
pakfile               [variable]     6643542/0        ( 0.0%) 
physics               [variable]      988798/4194304  (23.6%) 
physics terrain       [variable]        9433/1048576  ( 0.9%) 

Level flags = 1

Total triangle count: 21480
Writing c:\users\rtaab\documents\hammer\reverse_dead_air\r_c11m1_greenhouse.bsp
2 minutes, 22 seconds elapsed



Using shader api: shaderapiempty.dll
materialPath: D:\programfile\steam\steamapps\common\left 4 dead 2\left4dead2\materials
Loading c:\users\rtaab\documents\hammer\reverse_dead_air\r_c11m1_greenhouse.vmf
fixing up env_cubemap materials on brush sides...
0...1...2...3...4...5...6...7...8...9...100...1...2...3...4...5...6...7...8...9...10Processing areas...Wrote c:\users\rtaab\documents\hammer\reverse_dead_air\r_c11m1_greenhouse.lin
Areaportal leak ! File: c:\users\rtaab\documents\hammer\reverse_dead_air\r_c11m1_greenhouse.lin 
Brush 9196: areaportal brush doesn't touch two areas

Brush 9203: areaportal brush doesn't touch two areas
done (0)
Building Faces...done (0)
Occluder "" straddles multiple areas. This is invalid!
Occluder "" straddles multiple areas. This is invalid!
Occluder "" straddles multiple areas. This is invalid!
Occluder "" straddles multiple areas. This is invalid!
Occluder "" straddles multiple areas. This is invalid!
Occluder "" straddles multiple areas. This is invalid!
Occluder "" straddles multiple areas. This is invalid!
Occluder "" straddles multiple areas. This is invalid!
Occluder "" straddles multiple areas. This is invalid!
Chop Details...done (0)
Find Visible Detail Sides...
Merged 594 detail faces...done (0)
Merging details...done (0)
FixTjuncs...
PruneNodes...
WriteBSP...
done (0)
writing c:\users\rtaab\documents\hammer\reverse_dead_air\r_c11m1_greenhouse.prt...Building visibility clusters...
done (0)
Finding displacement neighbors...
Found a displacement edge abutting multiple other edges.
Finding lightmap sample positions...
Displacement Alpha : 0...1...2...3...4...5...6...7...8...9...10
Building Physics collision data...
done (1) (988798 bytes)
Cannot build Physics2 data
                                                             -----------
DataLinker total stream size                                     0.0 KiB
Placing detail props : 0...1...2...3...4...5...6...7...8...9...10
Compacting texture/material tables...
Reduced 4681 texinfos to 2884
Reduced 432 texdatas to 352 (19309 bytes to 16076)
Writing c:\users\rtaab\documents\hammer\reverse_dead_air\r_c11m1_greenhouse.bsp
12 seconds elapsed



8 threads
reading c:\users\rtaab\documents\hammer\reverse_dead_air\r_c11m1_greenhouse.bsp
max farz in all env_fog_controller entities: 9000.000000 (used for radial vis)
reading c:\users\rtaab\documents\hammer\reverse_dead_air\r_c11m1_greenhouse.prt
  64 portalclusters
 258 numportals
0...1...2...3...4...5...6...7...8...9...100...1...2...3...4...5...6...7...8...9...10Optimized: 0 visible clusters (0.00%)
Total clusters visible: 1805
Average clusters visible: 28
Building PAS...
Average clusters audible: 62
visdatasize:1601  compressed from 1024
writing c:\users\rtaab\documents\hammer\reverse_dead_air\r_c11m1_greenhouse.bsp
0 seconds elapsed



Using shader api: shaderapiempty.dll
materialPath: D:\programfile\steam\steamapps\common\left 4 dead 2\left4dead2\materials
Loading c:\users\rtaab\documents\hammer\reverse_dead_air\r_c11m1_greenhouse.vmf
fixing up env_cubemap materials on brush sides...
0...1...2...3...4...5...6...7...8...9...100...1...2...3...4...5...6...7...8...9...10Processing areas...Wrote c:\users\rtaab\documents\hammer\reverse_dead_air\r_c11m1_greenhouse.lin
Areaportal leak ! File: c:\users\rtaab\documents\hammer\reverse_dead_air\r_c11m1_greenhouse.lin 
Brush 9196: areaportal brush doesn't touch two areas

Brush 9203: areaportal brush doesn't touch two areas
done (0)
Building Faces...done (0)
Occluder "" straddles multiple areas. This is invalid!
Occluder "" straddles multiple areas. This is invalid!
Occluder "" straddles multiple areas. This is invalid!
Occluder "" straddles multiple areas. This is invalid!
Occluder "" straddles multiple areas. This is invalid!
Occluder "" straddles multiple areas. This is invalid!
Occluder "" straddles multiple areas. This is invalid!
Occluder "" straddles multiple areas. This is invalid!
Occluder "" straddles multiple areas. This is invalid!
Chop Details...done (0)
Find Visible Detail Sides...
Merged 594 detail faces...done (0)
Merging details...done (0)
FixTjuncs...
PruneNodes...
WriteBSP...
done (0)
writing c:\users\rtaab\documents\hammer\reverse_dead_air\r_c11m1_greenhouse.prt...Building visibility clusters...
done (0)
Finding displacement neighbors...
Found a displacement edge abutting multiple other edges.
Finding lightmap sample positions...
Displacement Alpha : 0...1...2...3...4...5...6...7...8...9...10
Building Physics collision data...
done (1) (988798 bytes)
Cannot build Physics2 data
                                                             -----------
DataLinker total stream size                                     0.0 KiB
Placing detail props : 0...1...2...3...4...5...6...7...8...9...10
Compacting texture/material tables...
Reduced 4681 texinfos to 2884
Reduced 432 texdatas to 352 (19309 bytes to 16076)
Writing c:\users\rtaab\documents\hammer\reverse_dead_air\r_c11m1_greenhouse.bsp
12 seconds elapsed



8 threads
reading c:\users\rtaab\documents\hammer\reverse_dead_air\r_c11m1_greenhouse.bsp
max farz in all env_fog_controller entities: 9000.000000 (used for radial vis)
reading c:\users\rtaab\documents\hammer\reverse_dead_air\r_c11m1_greenhouse.prt
  64 portalclusters
 258 numportals
0...1...2...3...4...5...6...7...8...9...100...1...2...3...4...5...6...7...8...9...10Optimized: 0 visible clusters (0.00%)
Total clusters visible: 1805
Average clusters visible: 28
Building PAS...
Average clusters audible: 62
visdatasize:1601  compressed from 1024
writing c:\users\rtaab\documents\hammer\reverse_dead_air\r_c11m1_greenhouse.bsp
0 seconds elapsed



Using shader api: shaderapiempty.dll
materialPath: D:\programfile\steam\steamapps\common\left 4 dead 2\left4dead2\materials
Loading c:\users\rtaab\documents\hammer\reverse_dead_air\r_c11m1_greenhouse.vmf
fixing up env_cubemap materials on brush sides...
0...1...2...3...4...5...6...7...8...9...100...1...2...3...4...5...6...7...8...9...10Processing areas...Wrote c:\users\rtaab\documents\hammer\reverse_dead_air\r_c11m1_greenhouse.lin
Areaportal leak ! File: c:\users\rtaab\documents\hammer\reverse_dead_air\r_c11m1_greenhouse.lin 
Brush 9196: areaportal brush doesn't touch two areas

Brush 9203: areaportal brush doesn't touch two areas
done (0)
Building Faces...done (0)
Occluder "" straddles multiple areas. This is invalid!
Occluder "" straddles multiple areas. This is invalid!
Occluder "" straddles multiple areas. This is invalid!
Occluder "" straddles multiple areas. This is invalid!
Occluder "" straddles multiple areas. This is invalid!
Occluder "" straddles multiple areas. This is invalid!
Occluder "" straddles multiple areas. This is invalid!
Occluder "" straddles multiple areas. This is invalid!
Occluder "" straddles multiple areas. This is invalid!
Chop Details...done (0)
Find Visible Detail Sides...
Merged 594 detail faces...done (0)
Merging details...done (0)
FixTjuncs...
PruneNodes...
WriteBSP...
done (0)
writing c:\users\rtaab\documents\hammer\reverse_dead_air\r_c11m1_greenhouse.prt...Building visibility clusters...
done (0)
Finding displacement neighbors...
Found a displacement edge abutting multiple other edges.
Finding lightmap sample positions...
Displacement Alpha : 0...1...2...3...4...5...6...7...8...9...10
Building Physics collision data...
done (2) (988798 bytes)
Cannot build Physics2 data
                                                             -----------
DataLinker total stream size                                     0.0 KiB
Placing detail props : 0...1...2...3...4...5...6...7...8...9...10
Compacting texture/material tables...
Reduced 4681 texinfos to 2884
Reduced 432 texdatas to 352 (19309 bytes to 16076)
Writing c:\users\rtaab\documents\hammer\reverse_dead_air\r_c11m1_greenhouse.bsp
12 seconds elapsed



8 threads
reading c:\users\rtaab\documents\hammer\reverse_dead_air\r_c11m1_greenhouse.bsp
max farz in all env_fog_controller entities: 9000.000000 (used for radial vis)
reading c:\users\rtaab\documents\hammer\reverse_dead_air\r_c11m1_greenhouse.prt
  64 portalclusters
 258 numportals
0...1...2...3...4...5...6...7...8...9...100...1...2...3...4...5...6...7...8...9...10Optimized: 0 visible clusters (0.00%)
Total clusters visible: 1805
Average clusters visible: 28
Building PAS...
Average clusters audible: 62
visdatasize:1601  compressed from 1024
writing c:\users\rtaab\documents\hammer\reverse_dead_air\r_c11m1_greenhouse.bsp
0 seconds elapsed



Using shader api: shaderapiempty.dll
materialPath: D:\programfile\steam\steamapps\common\left 4 dead 2\left4dead2\materials
Loading c:\users\rtaab\documents\hammer\reverse_dead_air\r_c11m1_greenhouse.vmf
fixing up env_cubemap materials on brush sides...
0...1...2...3...4...5...6...7...8...9...100...1...2...3...4...5...6...7...8...9...10Processing areas...Wrote c:\users\rtaab\documents\hammer\reverse_dead_air\r_c11m1_greenhouse.lin
Areaportal leak ! File: c:\users\rtaab\documents\hammer\reverse_dead_air\r_c11m1_greenhouse.lin 
Brush 9196: areaportal brush doesn't touch two areas

Brush 9203: areaportal brush doesn't touch two areas
done (0)
Building Faces...done (0)
Occluder "" straddles multiple areas. This is invalid!
Occluder "" straddles multiple areas. This is invalid!
Occluder "" straddles multiple areas. This is invalid!
Occluder "" straddles multiple areas. This is invalid!
Occluder "" straddles multiple areas. This is invalid!
Occluder "" straddles multiple areas. This is invalid!
Occluder "" straddles multiple areas. This is invalid!
Occluder "" straddles multiple areas. This is invalid!
Occluder "" straddles multiple areas. This is invalid!
Chop Details...done (0)
Find Visible Detail Sides...
Merged 594 detail faces...done (0)
Merging details...done (0)
FixTjuncs...
PruneNodes...
WriteBSP...
done (0)
writing c:\users\rtaab\documents\hammer\reverse_dead_air\r_c11m1_greenhouse.prt...Building visibility clusters...
done (0)
Finding displacement neighbors...
Found a displacement edge abutting multiple other edges.
Finding lightmap sample positions...
Displacement Alpha : 0...1...2...3...4...5...6...7...8...9...10
Building Physics collision data...
done (2) (988798 bytes)
Cannot build Physics2 data
                                                             -----------
DataLinker total stream size                                     0.0 KiB
Placing detail props : 0...1...2...3...4...5...6...7...8...9...10
Compacting texture/material tables...
Reduced 4681 texinfos to 2884
Reduced 432 texdatas to 352 (19309 bytes to 16076)
Writing c:\users\rtaab\documents\hammer\reverse_dead_air\r_c11m1_greenhouse.bsp
13 seconds elapsed



8 threads
reading c:\users\rtaab\documents\hammer\reverse_dead_air\r_c11m1_greenhouse.bsp
max farz in all env_fog_controller entities: 9000.000000 (used for radial vis)
reading c:\users\rtaab\documents\hammer\reverse_dead_air\r_c11m1_greenhouse.prt
  64 portalclusters
 258 numportals
0...1...2...3...4...5...6...7...8...9...100...1...2...3...4...5...6...7...8...9...10Optimized: 0 visible clusters (0.00%)
Total clusters visible: 1805
Average clusters visible: 28
Building PAS...
Average clusters audible: 62
visdatasize:1601  compressed from 1024
writing c:\users\rtaab\documents\hammer\reverse_dead_air\r_c11m1_greenhouse.bsp
0 seconds elapsed



Using shader api: shaderapiempty.dll
materialPath: D:\programfile\steam\steamapps\common\left 4 dead 2\left4dead2\materials
Loading c:\users\rtaab\documents\hammer\reverse_dead_air\r_c11m1_greenhouse.vmf
fixing up env_cubemap materials on brush sides...
0...1...2...3...4...5...6...7...8...9...100...1...2...3...4...5...6...7...8...9...10Processing areas...Wrote c:\users\rtaab\documents\hammer\reverse_dead_air\r_c11m1_greenhouse.lin
Areaportal leak ! File: c:\users\rtaab\documents\hammer\reverse_dead_air\r_c11m1_greenhouse.lin 
Brush 9196: areaportal brush doesn't touch two areas

Brush 9203: areaportal brush doesn't touch two areas
done (0)
Building Faces...done (0)
Occluder "" straddles multiple areas. This is invalid!
Occluder "" straddles multiple areas. This is invalid!
Occluder "" straddles multiple areas. This is invalid!
Occluder "" straddles multiple areas. This is invalid!
Occluder "" straddles multiple areas. This is invalid!
Occluder "" straddles multiple areas. This is invalid!
Occluder "" straddles multiple areas. This is invalid!
Occluder "" straddles multiple areas. This is invalid!
Occluder "" straddles multiple areas. This is invalid!
Chop Details...done (0)
Find Visible Detail Sides...
Merged 594 detail faces...done (0)
Merging details...done (0)
FixTjuncs...
PruneNodes...
WriteBSP...
done (0)
writing c:\users\rtaab\documents\hammer\reverse_dead_air\r_c11m1_greenhouse.prt...Building visibility clusters...
done (0)
Finding displacement neighbors...
Found a displacement edge abutting multiple other edges.
Finding lightmap sample positions...
Displacement Alpha : 0...1...2...3...4...5...6...7...8...9...10
Building Physics collision data...
done (1) (990132 bytes)
Cannot build Physics2 data
                                                             -----------
DataLinker total stream size                                     0.0 KiB
Placing detail props : 0...1...2...3...4...5...6...7...8...9...10
Compacting texture/material tables...
Reduced 4691 texinfos to 2884
Reduced 432 texdatas to 352 (19309 bytes to 16076)
Writing c:\users\rtaab\documents\hammer\reverse_dead_air\r_c11m1_greenhouse.bsp
12 seconds elapsed



8 threads
reading c:\users\rtaab\documents\hammer\reverse_dead_air\r_c11m1_greenhouse.bsp
max farz in all env_fog_controller entities: 9000.000000 (used for radial vis)
reading c:\users\rtaab\documents\hammer\reverse_dead_air\r_c11m1_greenhouse.prt
  64 portalclusters
 258 numportals
0...1...2...3...4...5...6...7...8...9...100...1...2...3...4...5...6...7...8...9...10Optimized: 0 visible clusters (0.00%)
Total clusters visible: 1805
Average clusters visible: 28
Building PAS...
Average clusters audible: 62
visdatasize:1601  compressed from 1024
writing c:\users\rtaab\documents\hammer\reverse_dead_air\r_c11m1_greenhouse.bsp
0 seconds elapsed



[Reading texlights from 'lights.rad']
[2 texlights parsed from 'lights.rad']

Loading c:\users\rtaab\documents\hammer\reverse_dead_air\r_c11m1_greenhouse.bsp



Using shader api: shaderapiempty.dll
materialPath: D:\programfile\steam\steamapps\common\left 4 dead 2\left4dead2\materials
Loading c:\users\rtaab\documents\hammer\reverse_dead_air\r_c11m1_greenhouse.vmf
fixing up env_cubemap materials on brush sides...
0...1...2...3...4...5...6...7...8...9...100...1...2...3...4...5...6...7...8...9...10Processing areas...Wrote c:\users\rtaab\documents\hammer\reverse_dead_air\r_c11m1_greenhouse.lin
Areaportal leak ! File: c:\users\rtaab\documents\hammer\reverse_dead_air\r_c11m1_greenhouse.lin 
Brush 9196: areaportal brush doesn't touch two areas

Brush 9203: areaportal brush doesn't touch two areas
done (0)
Building Faces...done (0)
Occluder "" straddles multiple areas. This is invalid!
Occluder "" straddles multiple areas. This is invalid!
Occluder "" straddles multiple areas. This is invalid!
Occluder "" straddles multiple areas. This is invalid!
Occluder "" straddles multiple areas. This is invalid!
Occluder "" straddles multiple areas. This is invalid!
Occluder "" straddles multiple areas. This is invalid!
Occluder "" straddles multiple areas. This is invalid!
Occluder "" straddles multiple areas. This is invalid!
Chop Details...done (0)
Find Visible Detail Sides...
Merged 594 detail faces...done (0)
Merging details...done (0)
FixTjuncs...
PruneNodes...
WriteBSP...
done (0)
writing c:\users\rtaab\documents\hammer\reverse_dead_air\r_c11m1_greenhouse.prt...Building visibility clusters...
done (0)
Finding displacement neighbors...
Found a displacement edge abutting multiple other edges.
Finding lightmap sample positions...
Displacement Alpha : 0...1...2...3...4...5...6...7...8...9...10
Building Physics collision data...
done (1) (990132 bytes)
Cannot build Physics2 data
                                                             -----------
DataLinker total stream size                                     0.0 KiB
Placing detail props : 0...1...2...3...4...5...6...7...8...9...10
Compacting texture/material tables...
Reduced 4691 texinfos to 2884
Reduced 432 texdatas to 352 (19309 bytes to 16076)
Writing c:\users\rtaab\documents\hammer\reverse_dead_air\r_c11m1_greenhouse.bsp
12 seconds elapsed



8 threads
reading c:\users\rtaab\documents\hammer\reverse_dead_air\r_c11m1_greenhouse.bsp
max farz in all env_fog_controller entities: 9000.000000 (used for radial vis)
reading c:\users\rtaab\documents\hammer\reverse_dead_air\r_c11m1_greenhouse.prt
  64 portalclusters
 258 numportals
0...1...2...3...4...5...6...7...8...9...10Optimized: 289 visible clusters (0.00%)
Total clusters visible: 2508
Average clusters visible: 39
Building PAS...
Average clusters audible: 62
visdatasize:1607  compressed from 1024
writing c:\users\rtaab\documents\hammer\reverse_dead_air\r_c11m1_greenhouse.bsp
0 seconds elapsed



[Reading texlights from 'lights.rad']
[2 texlights parsed from 'lights.rad']

Loading c:\users\rtaab\documents\hammer\reverse_dead_air\r_c11m1_greenhouse.bsp
7856 faces
1 degenerate faces
10386720 square feet [1495687680.00 square inches]
53 Displacements
23843 Square Feet [3433395.75 Square Inches]
7855 patches before subdivision
7855 patches after subdivision
37 direct lights
0...1...2...3...4...5...6...7...8...9...100...1...2...3...4...5...6...7...8...9...10transfers 657223, max 961
transfer lists:   5.0 megs
0...1...2...3...4...5...6...7...8...9...10	Bounce #1 added RGB(4053, 3649, 2598)
0...1...2...3...4...5...6...7...8...9...10	Bounce #2 added RGB(1053, 846, 489)
Build Patch/Sample Hash Table(s).....Done<0.0333 sec>
0...1...2...3...4...5...6...7...8...9...10FinalLightFace Done
0 of 0 (0% of) surface lights went in leaf ambient cubes.
0...1...2...3...4...5...6...7...8...9...10Writing leaf ambient...done
Ready to Finish

Object names       Objects/Maxobjs  Memory / Maxmem  Fullness 
------------       ---------------  ---------------  -------- 
models                 126/1024         6048/49152    (12.3%) 
brushes               2663/8192        31956/98304    (32.5%) 
brushsides           19937/65536      159496/524288   (30.4%) 
planes               12426/65536      248520/1310720  (19.0%) 
vertexes             15121/65536      181452/786432   (23.1%) 
nodes                 5840/65536      186880/2097152  ( 8.9%) 
texinfos              2884/12288      207648/884736   (23.5%) 
texdata                352/2048        11264/65536    (17.2%) 
dispinfos               53/0            9328/0        ( 0.0%) 
disp_verts            2501/0           50020/0        ( 0.0%) 
disp_tris             3712/0            7424/0        ( 0.0%) 
disp_lmsamples      118208/0          118208/0        ( 0.0%) 
faces                 7856/65536      439936/3670016  (12.0%) 
hdr faces                0/65536           0/3670016  ( 0.0%) 
origfaces             4977/65536      278712/3670016  ( 7.6%) 
leaves                5967/65536      190944/2097152  ( 9.1%) 
leaffaces             9896/65536       19792/131072   (15.1%) 
leafbrushes           7736/65536       15472/131072   (11.8%) 
areas                   16/256           128/2048     ( 6.3%) 
surfedges            57081/512000     228324/2048000  (11.1%) 
edges                37101/256000     148404/1024000  (14.5%) 
LDR worldlights         37/8192         3700/819200   ( 0.5%) 
HDR worldlights          0/8192            0/819200   ( 0.0%) 
leafwaterdata            0/32768           0/393216   ( 0.0%) 
waterstrips            766/32768        7660/327680   ( 2.3%) 
waterverts               0/65536           0/786432   ( 0.0%) 
waterindices         14502/65536       29004/131072   (22.1%) 
cubemapsamples          50/1024          800/16384    ( 4.9%) 
overlays               210/512         73920/180224   (41.0%) 
LDR lightdata         [variable]     3980932/0        ( 0.0%) 
HDR lightdata         [variable]           0/0        ( 0.0%) 
visdata               [variable]        1607/16777216 ( 0.0%) 
entdata               [variable]      344872/393216   (87.7%) VERY FULL!
LDR ambient table     5967/65536       23868/262144   ( 9.1%) 
HDR ambient table     5967/65536       23868/262144   ( 9.1%) 
LDR leaf ambient     25138/65536      703864/1835008  (38.4%) 
HDR leaf ambient      5967/65536      167076/1835008  ( 9.1%) 
occluders               14/0             560/0        ( 0.0%) 
occluder polygons       21/0             252/0        ( 0.0%) 
occluder vert ind       99/0             396/0        ( 0.0%) 
Prop Hull Verts          0/0               0/0        ( 0.0%) 
Prop Hull Blob           0/0               0/0        ( 0.0%) 
Prop Hull Lists          0/0               0/0        ( 0.0%) 
Prop Hulls               0/0               0/0        ( 0.0%) 
Prop Hull trilist        0/0               0/0        ( 0.0%) 
detail props          [variable]           1/12       ( 8.3%) 
static props          [variable]           1/76008    ( 0.0%) 
pakfile               [variable]     4519922/0        ( 0.0%) 
physics               [variable]      990132/4194304  (23.6%) 
physics terrain       [variable]        9433/1048576  ( 0.9%) 

Level flags = 1

Total triangle count: 21480
Writing c:\users\rtaab\documents\hammer\reverse_dead_air\r_c11m1_greenhouse.bsp
2 minutes, 22 seconds elapsed



Using shader api: shaderapiempty.dll
materialPath: D:\programfile\steam\steamapps\common\left 4 dead 2\left4dead2\materials
Loading c:\users\rtaab\documents\hammer\reverse_dead_air\r_c11m1_greenhouse.vmf
fixing up env_cubemap materials on brush sides...
0...1...2...3...4...5...6...7...8...9...100...1...2...3...4...5...6...7...8...9...10Processing areas...Wrote c:\users\rtaab\documents\hammer\reverse_dead_air\r_c11m1_greenhouse.lin
Areaportal leak ! File: c:\users\rtaab\documents\hammer\reverse_dead_air\r_c11m1_greenhouse.lin 
Brush 9196: areaportal brush doesn't touch two areas

Brush 9203: areaportal brush doesn't touch two areas
done (0)
Building Faces...done (0)
Occluder "" straddles multiple areas. This is invalid!
Occluder "" straddles multiple areas. This is invalid!
Occluder "" straddles multiple areas. This is invalid!
Occluder "" straddles multiple areas. This is invalid!
Occluder "" straddles multiple areas. This is invalid!
Occluder "" straddles multiple areas. This is invalid!
Occluder "" straddles multiple areas. This is invalid!
Occluder "" straddles multiple areas. This is invalid!
Occluder "" straddles multiple areas. This is invalid!
Chop Details...done (0)
Find Visible Detail Sides...
Merged 594 detail faces...done (0)
Merging details...done (0)
FixTjuncs...
PruneNodes...
WriteBSP...
done (0)
writing c:\users\rtaab\documents\hammer\reverse_dead_air\r_c11m1_greenhouse.prt...Building visibility clusters...
done (0)
Finding displacement neighbors...
Found a displacement edge abutting multiple other edges.
Finding lightmap sample positions...
Displacement Alpha : 0...1...2...3...4...5...6...7...8...9...10
Building Physics collision data...
done (2) (991700 bytes)
Cannot build Physics2 data
                                                             -----------
DataLinker total stream size                                     0.0 KiB
Placing detail props : 0...1...2...3...4...5...6...7...8...9...10
Compacting texture/material tables...
Reduced 4700 texinfos to 2884
Reduced 432 texdatas to 352 (19309 bytes to 16076)
Writing c:\users\rtaab\documents\hammer\reverse_dead_air\r_c11m1_greenhouse.bsp
12 seconds elapsed



8 threads
reading c:\users\rtaab\documents\hammer\reverse_dead_air\r_c11m1_greenhouse.bsp
max farz in all env_fog_controller entities: 9000.000000 (used for radial vis)
reading c:\users\rtaab\documents\hammer\reverse_dead_air\r_c11m1_greenhouse.prt
  64 portalclusters
 258 numportals
0...1...2...3...4...5...6...7...8...9...10Optimized: 289 visible clusters (0.00%)
Total clusters visible: 2508
Average clusters visible: 39
Building PAS...
Average clusters audible: 62
visdatasize:1607  compressed from 1024
writing c:\users\rtaab\documents\hammer\reverse_dead_air\r_c11m1_greenhouse.bsp
0 seconds elapsed



[Reading texlights from 'lights.rad']
[2 texlights parsed from 'lights.rad']

Loading c:\users\rtaab\documents\hammer\reverse_dead_air\r_c11m1_greenhouse.bsp
7856 faces
1 degenerate faces
10386720 square feet [1495687680.00 square inches]
53 Displacements
23843 Square Feet [3433395.75 Square Inches]
7855 patches before subdivision
7855 patches after subdivision
37 direct lights
0...1...2...3...4...5...6...7...8...9...100...1...2...3...4...5...6...7...8...9...10transfers 657217, max 961
transfer lists:   5.0 megs
0...1...2...3...4...5...6...7...8...9...10	Bounce #1 added RGB(4053, 3649, 2598)
0...1...2...3...4...5...6...7...8...9...10	Bounce #2 added RGB(1053, 846, 489)
Build Patch/Sample Hash Table(s).....Done<0.0404 sec>
0...1...2...3...4...5...6...7...8...9...10FinalLightFace Done
0 of 0 (0% of) surface lights went in leaf ambient cubes.
0...1...2...3...4...5...6...7...8...9...10Writing leaf ambient...done
Ready to Finish

Object names       Objects/Maxobjs  Memory / Maxmem  Fullness 
------------       ---------------  ---------------  -------- 
models                 126/1024         6048/49152    (12.3%) 
brushes               2665/8192        31980/98304    (32.5%) 
brushsides           19964/65536      159712/524288   (30.5%) 
planes               12478/65536      249560/1310720  (19.0%) 
vertexes             15121/65536      181452/786432   (23.1%) 
nodes                 5840/65536      186880/2097152  ( 8.9%) 
texinfos              2884/12288      207648/884736   (23.5%) 
texdata                352/2048        11264/65536    (17.2%) 
dispinfos               53/0            9328/0        ( 0.0%) 
disp_verts            2501/0           50020/0        ( 0.0%) 
disp_tris             3712/0            7424/0        ( 0.0%) 
disp_lmsamples      118208/0          118208/0        ( 0.0%) 
faces                 7856/65536      439936/3670016  (12.0%) 
hdr faces                0/65536           0/3670016  ( 0.0%) 
origfaces             4977/65536      278712/3670016  ( 7.6%) 
leaves                5967/65536      190944/2097152  ( 9.1%) 
leaffaces             9896/65536       19792/131072   (15.1%) 
leafbrushes           7738/65536       15476/131072   (11.8%) 
areas                   16/256           128/2048     ( 6.3%) 
surfedges            57081/512000     228324/2048000  (11.1%) 
edges                37101/256000     148404/1024000  (14.5%) 
LDR worldlights         37/8192         3700/819200   ( 0.5%) 
HDR worldlights          0/8192            0/819200   ( 0.0%) 
leafwaterdata            0/32768           0/393216   ( 0.0%) 
waterstrips            766/32768        7660/327680   ( 2.3%) 
waterverts               0/65536           0/786432   ( 0.0%) 
waterindices         14502/65536       29004/131072   (22.1%) 
cubemapsamples          50/1024          800/16384    ( 4.9%) 
overlays               210/512         73920/180224   (41.0%) 
LDR lightdata         [variable]     3980932/0        ( 0.0%) 
HDR lightdata         [variable]           0/0        ( 0.0%) 
visdata               [variable]        1607/16777216 ( 0.0%) 
entdata               [variable]      344872/393216   (87.7%) VERY FULL!
LDR ambient table     5967/65536       23868/262144   ( 9.1%) 
HDR ambient table     5967/65536       23868/262144   ( 9.1%) 
LDR leaf ambient     25138/65536      703864/1835008  (38.4%) 
HDR leaf ambient      5967/65536      167076/1835008  ( 9.1%) 
occluders               14/0             560/0        ( 0.0%) 
occluder polygons       21/0             252/0        ( 0.0%) 
occluder vert ind       99/0             396/0        ( 0.0%) 
Prop Hull Verts          0/0               0/0        ( 0.0%) 
Prop Hull Blob           0/0               0/0        ( 0.0%) 
Prop Hull Lists          0/0               0/0        ( 0.0%) 
Prop Hulls               0/0               0/0        ( 0.0%) 
Prop Hull trilist        0/0               0/0        ( 0.0%) 
detail props          [variable]           1/12       ( 8.3%) 
static props          [variable]           1/76008    ( 0.0%) 
pakfile               [variable]     4519922/0        ( 0.0%) 
physics               [variable]      991700/4194304  (23.6%) 
physics terrain       [variable]        9433/1048576  ( 0.9%) 

Level flags = 1

Total triangle count: 21480
Writing c:\users\rtaab\documents\hammer\reverse_dead_air\r_c11m1_greenhouse.bsp
1 minute, 8 seconds elapsed



Using shader api: shaderapiempty.dll
materialPath: D:\programfile\steam\steamapps\common\left 4 dead 2\left4dead2\materials
Loading c:\users\rtaab\documents\hammer\reverse_dead_air\r_c11m1_greenhouse.vmf
fixing up env_cubemap materials on brush sides...
0...1...2...3...4...5...6...7...8...9...100...1...2...3...4...5...6...7...8...9...10Processing areas...done (0)
Building Faces...done (0)
Occluder "" straddles multiple areas. This is invalid!
Occluder "" straddles multiple areas. This is invalid!
Occluder "" straddles multiple areas. This is invalid!
Occluder "" straddles multiple areas. This is invalid!
Occluder "" straddles multiple areas. This is invalid!
Occluder "" straddles multiple areas. This is invalid!
Occluder "" straddles multiple areas. This is invalid!
Occluder "" straddles multiple areas. This is invalid!
Occluder "" straddles multiple areas. This is invalid!
Chop Details...done (0)
Find Visible Detail Sides...
Merged 594 detail faces...done (0)
Merging details...done (0)
FixTjuncs...
PruneNodes...
WriteBSP...
done (0)
writing c:\users\rtaab\documents\hammer\reverse_dead_air\r_c11m1_greenhouse.prt...Building visibility clusters...
done (0)
Finding displacement neighbors...
Found a displacement edge abutting multiple other edges.
Finding lightmap sample positions...
Displacement Alpha : 0...1...2...3...4...5...6...7...8...9...10
Building Physics collision data...
done (2) (992251 bytes)
Cannot build Physics2 data
                                                             -----------
DataLinker total stream size                                     0.0 KiB
Placing detail props : 0...1...2...3...4...5...6...7...8...9...10
Compacting texture/material tables...
Reduced 4710 texinfos to 2889
Reduced 432 texdatas to 352 (19309 bytes to 16076)
Writing c:\users\rtaab\documents\hammer\reverse_dead_air\r_c11m1_greenhouse.bsp
12 seconds elapsed



8 threads
reading c:\users\rtaab\documents\hammer\reverse_dead_air\r_c11m1_greenhouse.bsp
max farz in all env_fog_controller entities: 9000.000000 (used for radial vis)
reading c:\users\rtaab\documents\hammer\reverse_dead_air\r_c11m1_greenhouse.prt
  64 portalclusters
 258 numportals
0...1...2...3...4...5...6...7...8...9...10Optimized: 307 visible clusters (0.00%)
Total clusters visible: 2474
Average clusters visible: 38
Building PAS...
Average clusters audible: 62
visdatasize:1610  compressed from 1024
writing c:\users\rtaab\documents\hammer\reverse_dead_air\r_c11m1_greenhouse.bsp
0 seconds elapsed



[Reading texlights from 'lights.rad']
[2 texlights parsed from 'lights.rad']

Loading c:\users\rtaab\documents\hammer\reverse_dead_air\r_c11m1_greenhouse.bsp
7872 faces
1 degenerate faces
10386923 square feet [1495716864.00 square inches]
53 Displacements
23843 Square Feet [3433395.75 Square Inches]
7871 patches before subdivision
7871 patches after subdivision
37 direct lights
0...1...2...3...4...5...6...7...8...9...100...1...2...3...4...5...6...7...8...9...10transfers 660633, max 961
transfer lists:   5.0 megs
0...1...2...3...4...5...6...7...8...9...10	Bounce #1 added RGB(4075, 3670, 2616)
0...1...2...3...4...5...6...7...8...9...10	Bounce #2 added RGB(1061, 853, 494)
Build Patch/Sample Hash Table(s).....Done<0.0362 sec>
0...1...2...3...4...5...6...7...8...9...10FinalLightFace Done
0 of 0 (0% of) surface lights went in leaf ambient cubes.
0...1...2...3...4...5...6...7...8...9...10Writing leaf ambient...done
Ready to Finish

Object names       Objects/Maxobjs  Memory / Maxmem  Fullness 
------------       ---------------  ---------------  -------- 
models                 127/1024         6096/49152    (12.4%) 
brushes               2668/8192        32016/98304    (32.6%) 
brushsides           19983/65536      159864/524288   (30.5%) 
planes               12482/65536      249640/1310720  (19.0%) 
vertexes             15137/65536      181644/786432   (23.1%) 
nodes                 5846/65536      187072/2097152  ( 8.9%) 
texinfos              2889/12288      208008/884736   (23.5%) 
texdata                352/2048        11264/65536    (17.2%) 
dispinfos               53/0            9328/0        ( 0.0%) 
disp_verts            2501/0           50020/0        ( 0.0%) 
disp_tris             3712/0            7424/0        ( 0.0%) 
disp_lmsamples      118208/0          118208/0        ( 0.0%) 
faces                 7872/65536      440832/3670016  (12.0%) 
hdr faces                0/65536           0/3670016  ( 0.0%) 
origfaces             4984/65536      279104/3670016  ( 7.6%) 
leaves                5974/65536      191168/2097152  ( 9.1%) 
leaffaces             9891/65536       19782/131072   (15.1%) 
leafbrushes           7769/65536       15538/131072   (11.9%) 
areas                   17/256           136/2048     ( 6.6%) 
surfedges            57183/512000     228732/2048000  (11.2%) 
edges                37162/256000     148648/1024000  (14.5%) 
LDR worldlights         37/8192         3700/819200   ( 0.5%) 
HDR worldlights          0/8192            0/819200   ( 0.0%) 
leafwaterdata            0/32768           0/393216   ( 0.0%) 
waterstrips            765/32768        7650/327680   ( 2.3%) 
waterverts               0/65536           0/786432   ( 0.0%) 
waterindices         14472/65536       28944/131072   (22.1%) 
cubemapsamples          50/1024          800/16384    ( 4.9%) 
overlays               210/512         73920/180224   (41.0%) 
LDR lightdata         [variable]     3983664/0        ( 0.0%) 
HDR lightdata         [variable]           0/0        ( 0.0%) 
visdata               [variable]        1610/16777216 ( 0.0%) 
entdata               [variable]      345500/393216   (87.9%) VERY FULL!
LDR ambient table     5974/65536       23896/262144   ( 9.1%) 
HDR ambient table     5974/65536       23896/262144   ( 9.1%) 
LDR leaf ambient     25056/65536      701568/1835008  (38.2%) 
HDR leaf ambient      5974/65536      167272/1835008  ( 9.1%) 
occluders               14/0             560/0        ( 0.0%) 
occluder polygons       21/0             252/0        ( 0.0%) 
occluder vert ind       99/0             396/0        ( 0.0%) 
Prop Hull Verts          0/0               0/0        ( 0.0%) 
Prop Hull Blob           0/0               0/0        ( 0.0%) 
Prop Hull Lists          0/0               0/0        ( 0.0%) 
Prop Hulls               0/0               0/0        ( 0.0%) 
Prop Hull trilist        0/0               0/0        ( 0.0%) 
detail props          [variable]           1/12       ( 8.3%) 
static props          [variable]           1/76000    ( 0.0%) 
pakfile               [variable]     4519922/0        ( 0.0%) 
physics               [variable]      992251/4194304  (23.7%) 
physics terrain       [variable]        9433/1048576  ( 0.9%) 

Level flags = 1

Total triangle count: 21522
Writing c:\users\rtaab\documents\hammer\reverse_dead_air\r_c11m1_greenhouse.bsp
1 minute, 3 seconds elapsed



Using shader api: shaderapiempty.dll
materialPath: D:\programfile\steam\steamapps\common\left 4 dead 2\left4dead2\materials
Loading c:\users\rtaab\documents\hammer\reverse_dead_air\r_c11m1_greenhouse.vmf
fixing up env_cubemap materials on brush sides...
0...1...2...3...4...5...6...7...8...9...100...1...2...3...4...5...6...7...8...9...10Processing areas...done (0)
Building Faces...done (0)
Occluder "" straddles multiple areas. This is invalid!
Occluder "" straddles multiple areas. This is invalid!
Occluder "" straddles multiple areas. This is invalid!
Occluder "" straddles multiple areas. This is invalid!
Occluder "" straddles multiple areas. This is invalid!
Occluder "" straddles multiple areas. This is invalid!
Occluder "" straddles multiple areas. This is invalid!
Occluder "" straddles multiple areas. This is invalid!
Occluder "" straddles multiple areas. This is invalid!
Chop Details...done (0)
Find Visible Detail Sides...
Merged 594 detail faces...done (0)
Merging details...done (0)
FixTjuncs...
PruneNodes...
WriteBSP...
done (0)
writing c:\users\rtaab\documents\hammer\reverse_dead_air\r_c11m1_greenhouse.prt...Building visibility clusters...
done (0)
Finding displacement neighbors...
Found a displacement edge abutting multiple other edges.
Finding lightmap sample positions...
Displacement Alpha : 0...1...2...3...4...5...6...7...8...9...10
Building Physics collision data...
done (2) (992251 bytes)
Cannot build Physics2 data
                                                             -----------
DataLinker total stream size                                     0.0 KiB
Placing detail props : 0...1...2...3...4...5...6...7...8...9...10
Compacting texture/material tables...
Reduced 4710 texinfos to 2889
Reduced 432 texdatas to 352 (19309 bytes to 16076)
Writing c:\users\rtaab\documents\hammer\reverse_dead_air\r_c11m1_greenhouse.bsp
12 seconds elapsed



8 threads
reading c:\users\rtaab\documents\hammer\reverse_dead_air\r_c11m1_greenhouse.bsp
max farz in all env_fog_controller entities: 9000.000000 (used for radial vis)
reading c:\users\rtaab\documents\hammer\reverse_dead_air\r_c11m1_greenhouse.prt
  64 portalclusters
 258 numportals
0...1...2...3...4...5...6...7...8...9...10Optimized: 307 visible clusters (0.00%)
Total clusters visible: 2474
Average clusters visible: 38
Building PAS...
Average clusters audible: 62
visdatasize:1610  compressed from 1024
writing c:\users\rtaab\documents\hammer\reverse_dead_air\r_c11m1_greenhouse.bsp
0 seconds elapsed



Using shader api: shaderapiempty.dll
materialPath: D:\programfile\steam\steamapps\common\left 4 dead 2\left4dead2\materials
Loading c:\users\rtaab\documents\hammer\reverse_dead_air\r_c11m1_greenhouse.vmf
fixing up env_cubemap materials on brush sides...
0...1...2...3...4...5...6...7...8...9...100...1...2...3...4...5...6...7...8...9...10Processing areas...done (0)
Building Faces...done (0)
Occluder "" straddles multiple areas. This is invalid!
Occluder "" straddles multiple areas. This is invalid!
Occluder "" straddles multiple areas. This is invalid!
Occluder "" straddles multiple areas. This is invalid!
Occluder "" straddles multiple areas. This is invalid!
Occluder "" straddles multiple areas. This is invalid!
Occluder "" straddles multiple areas. This is invalid!
Occluder "" straddles multiple areas. This is invalid!
Occluder "" straddles multiple areas. This is invalid!
Chop Details...done (0)
Find Visible Detail Sides...
Merged 594 detail faces...done (0)
Merging details...done (0)
FixTjuncs...
PruneNodes...
WriteBSP...
done (0)
writing c:\users\rtaab\documents\hammer\reverse_dead_air\r_c11m1_greenhouse.prt...Building visibility clusters...
done (0)
Finding displacement neighbors...
Found a displacement edge abutting multiple other edges.
Finding lightmap sample positions...
Displacement Alpha : 0...1...2...3...4...5...6...7...8...9...10
Building Physics collision data...
done (2) (992251 bytes)
Cannot build Physics2 data
                                                             -----------
DataLinker total stream size                                     0.0 KiB
Placing detail props : 0...1...2...3...4...5...6...7...8...9...10
Compacting texture/material tables...
Reduced 4710 texinfos to 2889
Reduced 432 texdatas to 352 (19309 bytes to 16076)
Writing c:\users\rtaab\documents\hammer\reverse_dead_air\r_c11m1_greenhouse.bsp
12 seconds elapsed



8 threads
reading c:\users\rtaab\documents\hammer\reverse_dead_air\r_c11m1_greenhouse.bsp
max farz in all env_fog_controller entities: 9000.000000 (used for radial vis)
reading c:\users\rtaab\documents\hammer\reverse_dead_air\r_c11m1_greenhouse.prt
  64 portalclusters
 258 numportals
0...1...2...3...4...5...6...7...8...9...10Optimized: 307 visible clusters (0.00%)
Total clusters visible: 2474
Average clusters visible: 38
Building PAS...
Average clusters audible: 62
visdatasize:1610  compressed from 1024
writing c:\users\rtaab\documents\hammer\reverse_dead_air\r_c11m1_greenhouse.bsp
0 seconds elapsed



Using shader api: shaderapiempty.dll
materialPath: D:\programfile\steam\steamapps\common\left 4 dead 2\left4dead2\materials
Loading c:\users\rtaab\documents\hammer\reverse_dead_air\r_c11m1_greenhouse.vmf
fixing up env_cubemap materials on brush sides...
0...1...2...3...4...5...6...7...8...9...100...1...2...3...4...5...6...7...8...9...10Processing areas...done (0)
Building Faces...done (0)
Occluder "" straddles multiple areas. This is invalid!
Occluder "" straddles multiple areas. This is invalid!
Occluder "" straddles multiple areas. This is invalid!
Occluder "" straddles multiple areas. This is invalid!
Occluder "" straddles multiple areas. This is invalid!
Occluder "" straddles multiple areas. This is invalid!
Occluder "" straddles multiple areas. This is invalid!
Occluder "" straddles multiple areas. This is invalid!
Occluder "" straddles multiple areas. This is invalid!
Chop Details...done (0)
Find Visible Detail Sides...
Merged 594 detail faces...done (0)
Merging details...done (0)
FixTjuncs...
PruneNodes...
WriteBSP...
done (0)
writing c:\users\rtaab\documents\hammer\reverse_dead_air\r_c11m1_greenhouse.prt...Building visibility clusters...
done (0)
Finding displacement neighbors...
Found a displacement edge abutting multiple other edges.
Finding lightmap sample positions...
Displacement Alpha : 0...1...2...3...4...5...6...7...8...9...10
Building Physics collision data...
done (1) (990759 bytes)
Cannot build Physics2 data
                                                             -----------
DataLinker total stream size                                     0.0 KiB
Placing detail props : 0...1...2...3...4...5...6...7...8...9...10
Compacting texture/material tables...
Reduced 4698 texinfos to 2888
Reduced 432 texdatas to 352 (19309 bytes to 16076)
Writing c:\users\rtaab\documents\hammer\reverse_dead_air\r_c11m1_greenhouse.bsp
12 seconds elapsed



8 threads
reading c:\users\rtaab\documents\hammer\reverse_dead_air\r_c11m1_greenhouse.bsp
max farz in all env_fog_controller entities: 9000.000000 (used for radial vis)
reading c:\users\rtaab\documents\hammer\reverse_dead_air\r_c11m1_greenhouse.prt
  64 portalclusters
 258 numportals
0...1...2...3...4...5...6...7...8...9...10Optimized: 307 visible clusters (0.00%)
Total clusters visible: 2474
Average clusters visible: 38
Building PAS...
Average clusters audible: 62
visdatasize:1610  compressed from 1024
writing c:\users\rtaab\documents\hammer\reverse_dead_air\r_c11m1_greenhouse.bsp
0 seconds elapsed



Using shader api: shaderapiempty.dll
materialPath: D:\programfile\steam\steamapps\common\left 4 dead 2\left4dead2\materials
Loading c:\users\rtaab\documents\hammer\reverse_dead_air\r_c11m1_greenhouse.vmf
fixing up env_cubemap materials on brush sides...
0...1...2...3...4...5...6...7...8...9...100...1...2...3...4...5...6...7...8...9...10Processing areas...done (0)
Building Faces...done (0)
Occluder "" straddles multiple areas. This is invalid!
Occluder "" straddles multiple areas. This is invalid!
Occluder "" straddles multiple areas. This is invalid!
Occluder "" straddles multiple areas. This is invalid!
Occluder "" straddles multiple areas. This is invalid!
Occluder "" straddles multiple areas. This is invalid!
Occluder "" straddles multiple areas. This is invalid!
Occluder "" straddles multiple areas. This is invalid!
Occluder "" straddles multiple areas. This is invalid!
Chop Details...done (0)
Find Visible Detail Sides...
Merged 594 detail faces...done (0)
Merging details...done (0)
FixTjuncs...
PruneNodes...
WriteBSP...
done (0)
writing c:\users\rtaab\documents\hammer\reverse_dead_air\r_c11m1_greenhouse.prt...Building visibility clusters...
done (0)
Finding displacement neighbors...
Found a displacement edge abutting multiple other edges.
Finding lightmap sample positions...
Displacement Alpha : 0...1...2...3...4...5...6...7...8...9...10
Building Physics collision data...
done (2) (990759 bytes)
Cannot build Physics2 data
                                                             -----------
DataLinker total stream size                                     0.0 KiB
Placing detail props : 0...1...2...3...4...5...6...7...8...9...10
Compacting texture/material tables...
Reduced 4698 texinfos to 2888
Reduced 432 texdatas to 352 (19309 bytes to 16076)
Writing c:\users\rtaab\documents\hammer\reverse_dead_air\r_c11m1_greenhouse.bsp
12 seconds elapsed



8 threads
reading c:\users\rtaab\documents\hammer\reverse_dead_air\r_c11m1_greenhouse.bsp
max farz in all env_fog_controller entities: 9000.000000 (used for radial vis)
reading c:\users\rtaab\documents\hammer\reverse_dead_air\r_c11m1_greenhouse.prt
  64 portalclusters
 258 numportals
0...1...2...3...4...5...6...7...8...9...100...1...2...3...4...5...6...7...8...9...10Optimized: 0 visible clusters (0.00%)
Total clusters visible: 1803
Average clusters visible: 28
Building PAS...
Average clusters audible: 62
visdatasize:1601  compressed from 1024
writing c:\users\rtaab\documents\hammer\reverse_dead_air\r_c11m1_greenhouse.bsp
0 seconds elapsed



Using shader api: shaderapiempty.dll
materialPath: D:\programfile\steam\steamapps\common\left 4 dead 2\left4dead2\materials
Loading c:\users\rtaab\documents\hammer\reverse_dead_air\r_c11m1_greenhouse.vmf
fixing up env_cubemap materials on brush sides...
0...1...2...3...4...5...6...7...8...9...100...1...2...3...4...5...6...7...8...9...10Processing areas...done (0)
Building Faces...done (0)
Occluder "" straddles multiple areas. This is invalid!
Occluder "" straddles multiple areas. This is invalid!
Occluder "" straddles multiple areas. This is invalid!
Occluder "" straddles multiple areas. This is invalid!
Occluder "" straddles multiple areas. This is invalid!
Occluder "" straddles multiple areas. This is invalid!
Occluder "" straddles multiple areas. This is invalid!
Occluder "" straddles multiple areas. This is invalid!
Occluder "" straddles multiple areas. This is invalid!
Chop Details...done (0)
Find Visible Detail Sides...
Merged 594 detail faces...done (0)
Merging details...done (0)
FixTjuncs...
PruneNodes...
WriteBSP...
done (0)
writing c:\users\rtaab\documents\hammer\reverse_dead_air\r_c11m1_greenhouse.prt...Building visibility clusters...
done (0)
Finding displacement neighbors...
Found a displacement edge abutting multiple other edges.
Finding lightmap sample positions...
Displacement Alpha : 0...1...2...3...4...5...6...7...8...9...10
Building Physics collision data...
done (2) (991311 bytes)
Cannot build Physics2 data
                                                             -----------
DataLinker total stream size                                     0.0 KiB
Placing detail props : 0...1...2...3...4...5...6...7...8...9...10
Compacting texture/material tables...
Reduced 4702 texinfos to 2888
Reduced 432 texdatas to 352 (19309 bytes to 16076)
Writing c:\users\rtaab\documents\hammer\reverse_dead_air\r_c11m1_greenhouse.bsp
12 seconds elapsed



8 threads
reading c:\users\rtaab\documents\hammer\reverse_dead_air\r_c11m1_greenhouse.bsp
max farz in all env_fog_controller entities: 9000.000000 (used for radial vis)
reading c:\users\rtaab\documents\hammer\reverse_dead_air\r_c11m1_greenhouse.prt
  64 portalclusters
 258 numportals
0...1...2...3...4...5...6...7...8...9...100...1...2...3...4...5...6...7...8...9...10Optimized: 0 visible clusters (0.00%)
Total clusters visible: 1803
Average clusters visible: 28
Building PAS...
Average clusters audible: 62
visdatasize:1601  compressed from 1024
writing c:\users\rtaab\documents\hammer\reverse_dead_air\r_c11m1_greenhouse.bsp
0 seconds elapsed



Using shader api: shaderapiempty.dll
materialPath: D:\programfile\steam\steamapps\common\left 4 dead 2\left4dead2\materials
Loading c:\users\rtaab\documents\hammer\reverse_dead_air\r_c11m1_greenhouse.vmf
fixing up env_cubemap materials on brush sides...
0...1...2...3...4...5...6...7...8...9...100...1...2...3...4...5...6...7...8...9...10Processing areas...done (0)
Building Faces...done (0)
Occluder "" straddles multiple areas. This is invalid!
Occluder "" straddles multiple areas. This is invalid!
Occluder "" straddles multiple areas. This is invalid!
Occluder "" straddles multiple areas. This is invalid!
Occluder "" straddles multiple areas. This is invalid!
Occluder "" straddles multiple areas. This is invalid!
Occluder "" straddles multiple areas. This is invalid!
Occluder "" straddles multiple areas. This is invalid!
Occluder "" straddles multiple areas. This is invalid!
Chop Details...done (0)
Find Visible Detail Sides...
Merged 594 detail faces...done (0)
Merging details...done (0)
FixTjuncs...
PruneNodes...
WriteBSP...
done (0)
writing c:\users\rtaab\documents\hammer\reverse_dead_air\r_c11m1_greenhouse.prt...Building visibility clusters...
done (0)
Finding displacement neighbors...
Found a displacement edge abutting multiple other edges.
Finding lightmap sample positions...
Displacement Alpha : 0...1...2...3...4...5...6...7...8...9...10
Building Physics collision data...
done (1) (990291 bytes)
Cannot build Physics2 data
                                                             -----------
DataLinker total stream size                                     0.0 KiB
Placing detail props : 0...1...2...3...4...5...6...7...8...9...10
Compacting texture/material tables...
Reduced 4710 texinfos to 2889
Reduced 432 texdatas to 352 (19309 bytes to 16076)
Writing c:\users\rtaab\documents\hammer\reverse_dead_air\r_c11m1_greenhouse.bsp
12 seconds elapsed



8 threads
reading c:\users\rtaab\documents\hammer\reverse_dead_air\r_c11m1_greenhouse.bsp
max farz in all env_fog_controller entities: 9000.000000 (used for radial vis)
reading c:\users\rtaab\documents\hammer\reverse_dead_air\r_c11m1_greenhouse.prt
  64 portalclusters
 258 numportals
0...1...2...3...4...5...6...7...8...9...100...1...2...3...4...5...6...7...8...9...10Optimized: 0 visible clusters (0.00%)
Total clusters visible: 1803
Average clusters visible: 28
Building PAS...
Average clusters audible: 62
visdatasize:1601  compressed from 1024
writing c:\users\rtaab\documents\hammer\reverse_dead_air\r_c11m1_greenhouse.bsp
0 seconds elapsed



Using shader api: shaderapiempty.dll
materialPath: D:\programfile\steam\steamapps\common\left 4 dead 2\left4dead2\materials
Loading c:\users\rtaab\documents\hammer\reverse_dead_air\r_c11m1_greenhouse.vmf
fixing up env_cubemap materials on brush sides...
0...1...2...3...4...5...6...7...8...9...100...1...2...3...4...5...6...7...8...9...10Processing areas...done (0)
Building Faces...done (0)
Occluder "" straddles multiple areas. This is invalid!
Occluder "" straddles multiple areas. This is invalid!
Occluder "" straddles multiple areas. This is invalid!
Occluder "" straddles multiple areas. This is invalid!
Occluder "" straddles multiple areas. This is invalid!
Occluder "" straddles multiple areas. This is invalid!
Occluder "" straddles multiple areas. This is invalid!
Occluder "" straddles multiple areas. This is invalid!
Occluder "" straddles multiple areas. This is invalid!
Chop Details...done (0)
Find Visible Detail Sides...
Merged 594 detail faces...done (0)
Merging details...done (0)
FixTjuncs...
PruneNodes...
WriteBSP...
done (0)
writing c:\users\rtaab\documents\hammer\reverse_dead_air\r_c11m1_greenhouse.prt...Building visibility clusters...
done (0)
Finding displacement neighbors...
Found a displacement edge abutting multiple other edges.
Finding lightmap sample positions...
Displacement Alpha : 0...1...2...3...4...5...6...7...8...9...10
Building Physics collision data...
done (2) (990291 bytes)
Cannot build Physics2 data
                                                             -----------
DataLinker total stream size                                     0.0 KiB
Placing detail props : 0...1...2...3...4...5...6...7...8...9...10
Compacting texture/material tables...
Reduced 4710 texinfos to 2889
Reduced 432 texdatas to 352 (19309 bytes to 16076)
Writing c:\users\rtaab\documents\hammer\reverse_dead_air\r_c11m1_greenhouse.bsp
12 seconds elapsed



8 threads
reading c:\users\rtaab\documents\hammer\reverse_dead_air\r_c11m1_greenhouse.bsp
max farz in all env_fog_controller entities: 9000.000000 (used for radial vis)
reading c:\users\rtaab\documents\hammer\reverse_dead_air\r_c11m1_greenhouse.prt
  64 portalclusters
 258 numportals
0...1...2...3...4...5...6...7...8...9...100...1...2...3...4...5...6...7...8...9...10Optimized: 0 visible clusters (0.00%)
Total clusters visible: 1803
Average clusters visible: 28
Building PAS...
Average clusters audible: 62
visdatasize:1601  compressed from 1024
writing c:\users\rtaab\documents\hammer\reverse_dead_air\r_c11m1_greenhouse.bsp
0 seconds elapsed



Using shader api: shaderapiempty.dll
materialPath: D:\programfile\steam\steamapps\common\left 4 dead 2\left4dead2\materials
Loading c:\users\rtaab\documents\hammer\reverse_dead_air\r_c11m1_greenhouse.vmf
fixing up env_cubemap materials on brush sides...
0...1...2...3...4...5...6...7...8...9...100...1...2...3...4...5...6...7...8...9...10Processing areas...done (0)
Building Faces...done (0)
Occluder "" straddles multiple areas. This is invalid!
Occluder "" straddles multiple areas. This is invalid!
Occluder "" straddles multiple areas. This is invalid!
Occluder "" straddles multiple areas. This is invalid!
Occluder "" straddles multiple areas. This is invalid!
Occluder "" straddles multiple areas. This is invalid!
Occluder "" straddles multiple areas. This is invalid!
Occluder "" straddles multiple areas. This is invalid!
Occluder "" straddles multiple areas. This is invalid!
Chop Details...done (0)
Find Visible Detail Sides...
Merged 594 detail faces...done (0)
Merging details...done (0)
FixTjuncs...
PruneNodes...
WriteBSP...
done (0)
writing c:\users\rtaab\documents\hammer\reverse_dead_air\r_c11m1_greenhouse.prt...Building visibility clusters...
done (0)
Finding displacement neighbors...
Found a displacement edge abutting multiple other edges.
Finding lightmap sample positions...
Displacement Alpha : 0...1...2...3...4...5...6...7...8...9...10
Building Physics collision data...
done (2) (990291 bytes)
Cannot build Physics2 data
                                                             -----------
DataLinker total stream size                                     0.0 KiB
Placing detail props : 0...1...2...3...4...5...6...7...8...9...10
Compacting texture/material tables...
Reduced 4710 texinfos to 2889
Reduced 432 texdatas to 352 (19309 bytes to 16076)
Writing c:\users\rtaab\documents\hammer\reverse_dead_air\r_c11m1_greenhouse.bsp
12 seconds elapsed



8 threads
reading c:\users\rtaab\documents\hammer\reverse_dead_air\r_c11m1_greenhouse.bsp
max farz in all env_fog_controller entities: 9000.000000 (used for radial vis)
reading c:\users\rtaab\documents\hammer\reverse_dead_air\r_c11m1_greenhouse.prt
  64 portalclusters
 258 numportals
0...1...2...3...4...5...6...7...8...9...100...1...2...3...4...5...6...7...8...9...10Optimized: 0 visible clusters (0.00%)
Total clusters visible: 1803
Average clusters visible: 28
Building PAS...
Average clusters audible: 62
visdatasize:1601  compressed from 1024
writing c:\users\rtaab\documents\hammer\reverse_dead_air\r_c11m1_greenhouse.bsp
0 seconds elapsed



Using shader api: shaderapiempty.dll
materialPath: D:\programfile\steam\steamapps\common\left 4 dead 2\left4dead2\materials
Loading c:\users\rtaab\documents\hammer\reverse_dead_air\r_c11m1_greenhouse.vmf
fixing up env_cubemap materials on brush sides...
0...1...2...3...4...5...6...7...8...9...100...1...2...3...4...5...6...7...8...9...10Processing areas...done (0)
Building Faces...done (0)
Occluder "" straddles multiple areas. This is invalid!
Occluder "" straddles multiple areas. This is invalid!
Occluder "" straddles multiple areas. This is invalid!
Occluder "" straddles multiple areas. This is invalid!
Occluder "" straddles multiple areas. This is invalid!
Occluder "" straddles multiple areas. This is invalid!
Occluder "" straddles multiple areas. This is invalid!
Occluder "" straddles multiple areas. This is invalid!
Occluder "" straddles multiple areas. This is invalid!
Chop Details...done (0)
Find Visible Detail Sides...
Merged 594 detail faces...done (0)
Merging details...done (0)
FixTjuncs...
PruneNodes...
WriteBSP...
done (0)
writing c:\users\rtaab\documents\hammer\reverse_dead_air\r_c11m1_greenhouse.prt...Building visibility clusters...
done (0)
Finding displacement neighbors...
Found a displacement edge abutting multiple other edges.
Finding lightmap sample positions...
Displacement Alpha : 0...1...2...3...4...5...6...7...8...9...10
Building Physics collision data...
done (2) (989741 bytes)
Cannot build Physics2 data
                                                             -----------
DataLinker total stream size                                     0.0 KiB
Placing detail props : 0...1...2...3...4...5...6...7...8...9...10
Compacting texture/material tables...
Reduced 4698 texinfos to 2888
Reduced 432 texdatas to 352 (19309 bytes to 16076)
Writing c:\users\rtaab\documents\hammer\reverse_dead_air\r_c11m1_greenhouse.bsp
12 seconds elapsed



8 threads
reading c:\users\rtaab\documents\hammer\reverse_dead_air\r_c11m1_greenhouse.bsp
max farz in all env_fog_controller entities: 9000.000000 (used for radial vis)
reading c:\users\rtaab\documents\hammer\reverse_dead_air\r_c11m1_greenhouse.prt
  64 portalclusters
 258 numportals
0...1...2...3...4...5...6...7...8...9...100...1...2...3...4...5...6...7...8...9...10Optimized: 0 visible clusters (0.00%)
Total clusters visible: 1803
Average clusters visible: 28
Building PAS...
Average clusters audible: 62
visdatasize:1601  compressed from 1024
writing c:\users\rtaab\documents\hammer\reverse_dead_air\r_c11m1_greenhouse.bsp
0 seconds elapsed



Using shader api: shaderapiempty.dll
materialPath: D:\programfile\steam\steamapps\common\left 4 dead 2\left4dead2\materials
Loading c:\users\rtaab\documents\hammer\reverse_dead_air\r_c11m1_greenhouse.vmf
fixing up env_cubemap materials on brush sides...
0...1...2...3...4...5...6...7...8...9...100...1...2...3...4...5...6...7...8...9...10Processing areas...done (0)
Building Faces...done (0)
Occluder "" straddles multiple areas. This is invalid!
Occluder "" straddles multiple areas. This is invalid!
Occluder "" straddles multiple areas. This is invalid!
Occluder "" straddles multiple areas. This is invalid!
Occluder "" straddles multiple areas. This is invalid!
Occluder "" straddles multiple areas. This is invalid!
Occluder "" straddles multiple areas. This is invalid!
Occluder "" straddles multiple areas. This is invalid!
Occluder "" straddles multiple areas. This is invalid!
Chop Details...done (0)
Find Visible Detail Sides...
Merged 594 detail faces...done (0)
Merging details...done (0)
FixTjuncs...
PruneNodes...
WriteBSP...
done (0)
writing c:\users\rtaab\documents\hammer\reverse_dead_air\r_c11m1_greenhouse.prt...Building visibility clusters...
done (0)
Finding displacement neighbors...
Found a displacement edge abutting multiple other edges.
Finding lightmap sample positions...
Displacement Alpha : 0...1...2...3...4...5...6...7...8...9...10
Building Physics collision data...
done (2) (989741 bytes)
Cannot build Physics2 data
                                                             -----------
DataLinker total stream size                                     0.0 KiB
Placing detail props : 0...1...2...3...4...5...6...7...8...9...10
Compacting texture/material tables...
Reduced 4698 texinfos to 2888
Reduced 432 texdatas to 352 (19309 bytes to 16076)
Writing c:\users\rtaab\documents\hammer\reverse_dead_air\r_c11m1_greenhouse.bsp
12 seconds elapsed



8 threads
reading c:\users\rtaab\documents\hammer\reverse_dead_air\r_c11m1_greenhouse.bsp
max farz in all env_fog_controller entities: 9000.000000 (used for radial vis)
reading c:\users\rtaab\documents\hammer\reverse_dead_air\r_c11m1_greenhouse.prt
  64 portalclusters
 258 numportals
0...1...2...3...4...5...6...7...8...9...100...1...2...3...4...5...6...7...8...9...10Optimized: 0 visible clusters (0.00%)
Total clusters visible: 1803
Average clusters visible: 28
Building PAS...
Average clusters audible: 62
visdatasize:1601  compressed from 1024
writing c:\users\rtaab\documents\hammer\reverse_dead_air\r_c11m1_greenhouse.bsp
0 seconds elapsed



Using shader api: shaderapiempty.dll
materialPath: D:\programfile\steam\steamapps\common\left 4 dead 2\left4dead2\materials
Loading c:\users\rtaab\documents\hammer\reverse_dead_air\r_c11m1_greenhouse.vmf
fixing up env_cubemap materials on brush sides...
0...1...2...3...4...5...6...7...8...9...100...1...2...3...4...5...6...7...8...9...10Processing areas...done (0)
Building Faces...done (0)
Occluder "" straddles multiple areas. This is invalid!
Occluder "" straddles multiple areas. This is invalid!
Occluder "" straddles multiple areas. This is invalid!
Occluder "" straddles multiple areas. This is invalid!
Occluder "" straddles multiple areas. This is invalid!
Occluder "" straddles multiple areas. This is invalid!
Occluder "" straddles multiple areas. This is invalid!
Occluder "" straddles multiple areas. This is invalid!
Occluder "" straddles multiple areas. This is invalid!
Chop Details...done (0)
Find Visible Detail Sides...
Merged 606 detail faces...done (0)
Merging details...done (0)
FixTjuncs...
PruneNodes...
WriteBSP...
done (0)
writing c:\users\rtaab\documents\hammer\reverse_dead_air\r_c11m1_greenhouse.prt...Building visibility clusters...
done (0)
Finding displacement neighbors...
Found a displacement edge abutting multiple other edges.
Finding lightmap sample positions...
Displacement Alpha : 0...1...2...3...4...5...6...7...8...9...10
Building Physics collision data...
done (1) (990243 bytes)
Cannot build Physics2 data
                                                             -----------
DataLinker total stream size                                     0.0 KiB
Placing detail props : 0...1...2...3...4...5...6...7...8...9...10
Compacting texture/material tables...
Reduced 4703 texinfos to 2888
Reduced 432 texdatas to 352 (19309 bytes to 16076)
Writing c:\users\rtaab\documents\hammer\reverse_dead_air\r_c11m1_greenhouse.bsp
12 seconds elapsed



8 threads
reading c:\users\rtaab\documents\hammer\reverse_dead_air\r_c11m1_greenhouse.bsp
max farz in all env_fog_controller entities: 9000.000000 (used for radial vis)
reading c:\users\rtaab\documents\hammer\reverse_dead_air\r_c11m1_greenhouse.prt
  64 portalclusters
 258 numportals
0...1...2...3...4...5...6...7...8...9...100...1...2...3...4...5...6...7...8...9...10Optimized: 0 visible clusters (0.00%)
Total clusters visible: 1803
Average clusters visible: 28
Building PAS...
Average clusters audible: 62
visdatasize:1601  compressed from 1024
writing c:\users\rtaab\documents\hammer\reverse_dead_air\r_c11m1_greenhouse.bsp
0 seconds elapsed



Using shader api: shaderapiempty.dll
materialPath: D:\programfile\steam\steamapps\common\left 4 dead 2\left4dead2\materials
Loading c:\users\rtaab\documents\hammer\reverse_dead_air\r_c11m1_greenhouse.vmf
fixing up env_cubemap materials on brush sides...
0...1...2...3...4...5...6...7...8...9...100...1...2...3...4...5...6...7...8...9...10Processing areas...done (0)
Building Faces...done (0)
Occluder "" straddles multiple areas. This is invalid!
Occluder "" straddles multiple areas. This is invalid!
Occluder "" straddles multiple areas. This is invalid!
Occluder "" straddles multiple areas. This is invalid!
Occluder "" straddles multiple areas. This is invalid!
Occluder "" straddles multiple areas. This is invalid!
Occluder "" straddles multiple areas. This is invalid!
Occluder "" straddles multiple areas. This is invalid!
Occluder "" straddles multiple areas. This is invalid!
Chop Details...done (0)
Find Visible Detail Sides...
Merged 606 detail faces...done (0)
Merging details...done (0)
FixTjuncs...
PruneNodes...
WriteBSP...
done (0)
writing c:\users\rtaab\documents\hammer\reverse_dead_air\r_c11m1_greenhouse.prt...Building visibility clusters...
done (0)
Finding displacement neighbors...
Found a displacement edge abutting multiple other edges.
Finding lightmap sample positions...
Displacement Alpha : 0...1...2...3...4...5...6...7...8...9...10
Building Physics collision data...
done (1) (990243 bytes)
Cannot build Physics2 data
                                                             -----------
DataLinker total stream size                                     0.0 KiB
Placing detail props : 0...1...2...3...4...5...6...7...8...9...10
Compacting texture/material tables...
Reduced 4703 texinfos to 2888
Reduced 432 texdatas to 352 (19309 bytes to 16076)
Writing c:\users\rtaab\documents\hammer\reverse_dead_air\r_c11m1_greenhouse.bsp
12 seconds elapsed



8 threads
reading c:\users\rtaab\documents\hammer\reverse_dead_air\r_c11m1_greenhouse.bsp
max farz in all env_fog_controller entities: 9000.000000 (used for radial vis)
reading c:\users\rtaab\documents\hammer\reverse_dead_air\r_c11m1_greenhouse.prt
  64 portalclusters
 258 numportals
0...1...2...3...4...5...6...7...8...9...100...1...2...3...4...5...6...7...8...9...10Optimized: 0 visible clusters (0.00%)
Total clusters visible: 1803
Average clusters visible: 28
Building PAS...
Average clusters audible: 62
visdatasize:1601  compressed from 1024
writing c:\users\rtaab\documents\hammer\reverse_dead_air\r_c11m1_greenhouse.bsp
0 seconds elapsed



Using shader api: shaderapiempty.dll
materialPath: D:\programfile\steam\steamapps\common\left 4 dead 2\left4dead2\materials
Loading c:\users\rtaab\documents\hammer\reverse_dead_air\r_c11m1_greenhouse.vmf
fixing up env_cubemap materials on brush sides...
0...1...2...3...4...5...6...7...8...9...100...1...2...3...4...5...6...7...8...9...10Processing areas...done (0)
Building Faces...done (0)
Occluder "" straddles multiple areas. This is invalid!
Occluder "" straddles multiple areas. This is invalid!
Occluder "" straddles multiple areas. This is invalid!
Occluder "" straddles multiple areas. This is invalid!
Occluder "" straddles multiple areas. This is invalid!
Occluder "" straddles multiple areas. This is invalid!
Occluder "" straddles multiple areas. This is invalid!
Occluder "" straddles multiple areas. This is invalid!
Occluder "" straddles multiple areas. This is invalid!
Chop Details...done (0)
Find Visible Detail Sides...
Merged 606 detail faces...done (0)
Merging details...done (0)
FixTjuncs...
PruneNodes...
WriteBSP...
done (0)
writing c:\users\rtaab\documents\hammer\reverse_dead_air\r_c11m1_greenhouse.prt...Building visibility clusters...
done (0)
Finding displacement neighbors...
Found a displacement edge abutting multiple other edges.
Finding lightmap sample positions...
Displacement Alpha : 0...1...2...3...4...5...6...7...8...9...10
Building Physics collision data...
done (1) (990799 bytes)
Cannot build Physics2 data
                                                             -----------
DataLinker total stream size                                     0.0 KiB
Placing detail props : 0...1...2...3...4...5...6...7...8...9...10
Compacting texture/material tables...
Reduced 4706 texinfos to 2891
Reduced 432 texdatas to 352 (19309 bytes to 16076)
Writing c:\users\rtaab\documents\hammer\reverse_dead_air\r_c11m1_greenhouse.bsp
12 seconds elapsed



8 threads
reading c:\users\rtaab\documents\hammer\reverse_dead_air\r_c11m1_greenhouse.bsp
max farz in all env_fog_controller entities: 9000.000000 (used for radial vis)
reading c:\users\rtaab\documents\hammer\reverse_dead_air\r_c11m1_greenhouse.prt
  64 portalclusters
 258 numportals
0...1...2...3...4...5...6...7...8...9...10Optimized: 307 visible clusters (0.00%)
Total clusters visible: 2474
Average clusters visible: 38
Building PAS...
Average clusters audible: 62
visdatasize:1610  compressed from 1024
writing c:\users\rtaab\documents\hammer\reverse_dead_air\r_c11m1_greenhouse.bsp
0 seconds elapsed



[Reading texlights from 'lights.rad']
[2 texlights parsed from 'lights.rad']

Loading c:\users\rtaab\documents\hammer\reverse_dead_air\r_c11m1_greenhouse.bsp
7885 faces
10392080 square feet [1496459520.00 square inches]
53 Displacements
23843 Square Feet [3433395.75 Square Inches]
7885 patches before subdivision
7885 patches after subdivision
37 direct lights
0...1...2...3...4...5...6...7...8...9...100...1...2...3...4...5...6...7...8...9...10transfers 661583, max 962
transfer lists:   5.0 megs
0...1...2...3...4...5...6...7...8...9...10	Bounce #1 added RGB(4085, 3681, 2621)
0...1...2...3...4...5...6...7...8...9...10	Bounce #2 added RGB(1063, 855, 495)
Build Patch/Sample Hash Table(s).....Done<0.0337 sec>
0...1...2...3...4...5...6...7...8...9...10FinalLightFace Done
0 of 0 (0% of) surface lights went in leaf ambient cubes.
0...1...2...3...4...5...6...7...8...9...10Writing leaf ambient...done
Ready to Finish

Object names       Objects/Maxobjs  Memory / Maxmem  Fullness 
------------       ---------------  ---------------  -------- 
models                 129/1024         6192/49152    (12.6%) 
brushes               2667/8192        32004/98304    (32.6%) 
brushsides           19965/65536      159720/524288   (30.5%) 
planes               12440/65536      248800/1310720  (19.0%) 
vertexes             15155/65536      181860/786432   (23.1%) 
nodes                 5858/65536      187456/2097152  ( 8.9%) 
texinfos              2891/12288      208152/884736   (23.5%) 
texdata                352/2048        11264/65536    (17.2%) 
dispinfos               53/0            9328/0        ( 0.0%) 
disp_verts            2501/0           50020/0        ( 0.0%) 
disp_tris             3712/0            7424/0        ( 0.0%) 
disp_lmsamples      118208/0          118208/0        ( 0.0%) 
faces                 7885/65536      441560/3670016  (12.0%) 
hdr faces                0/65536           0/3670016  ( 0.0%) 
origfaces             4992/65536      279552/3670016  ( 7.6%) 
leaves                5988/65536      191616/2097152  ( 9.1%) 
leaffaces             9905/65536       19810/131072   (15.1%) 
leafbrushes           7765/65536       15530/131072   (11.8%) 
areas                   17/256           136/2048     ( 6.6%) 
surfedges            57265/512000     229060/2048000  (11.2%) 
edges                37203/256000     148812/1024000  (14.5%) 
LDR worldlights         37/8192         3700/819200   ( 0.5%) 
HDR worldlights          0/8192            0/819200   ( 0.0%) 
leafwaterdata            0/32768           0/393216   ( 0.0%) 
waterstrips            758/32768        7580/327680   ( 2.3%) 
waterverts               0/65536           0/786432   ( 0.0%) 
waterindices         14331/65536       28662/131072   (21.9%) 
cubemapsamples          50/1024          800/16384    ( 4.9%) 
overlays               210/512         73920/180224   (41.0%) 
LDR lightdata         [variable]     3985288/0        ( 0.0%) 
HDR lightdata         [variable]           0/0        ( 0.0%) 
visdata               [variable]        1610/16777216 ( 0.0%) 
entdata               [variable]      345486/393216   (87.9%) VERY FULL!
LDR ambient table     5988/65536       23952/262144   ( 9.1%) 
HDR ambient table     5988/65536       23952/262144   ( 9.1%) 
LDR leaf ambient     25120/65536      703360/1835008  (38.3%) 
HDR leaf ambient      5988/65536      167664/1835008  ( 9.1%) 
occluders               14/0             560/0        ( 0.0%) 
occluder polygons       21/0             252/0        ( 0.0%) 
occluder vert ind       99/0             396/0        ( 0.0%) 
Prop Hull Verts          0/0               0/0        ( 0.0%) 
Prop Hull Blob           0/0               0/0        ( 0.0%) 
Prop Hull Lists          0/0               0/0        ( 0.0%) 
Prop Hulls               0/0               0/0        ( 0.0%) 
Prop Hull trilist        0/0               0/0        ( 0.0%) 
detail props          [variable]           1/12       ( 8.3%) 
static props          [variable]           1/76010    ( 0.0%) 
pakfile               [variable]     4519922/0        ( 0.0%) 
physics               [variable]      990799/4194304  (23.6%) 
physics terrain       [variable]        9433/1048576  ( 0.9%) 

Level flags = 1

Total triangle count: 21544
Writing c:\users\rtaab\documents\hammer\reverse_dead_air\r_c11m1_greenhouse.bsp
1 minute, 2 seconds elapsed



Using shader api: shaderapiempty.dll
materialPath: D:\programfile\steam\steamapps\common\left 4 dead 2\left4dead2\materials
Loading c:\users\rtaab\documents\hammer\reverse_dead_air\r_c11m1_greenhouse.vmf
fixing up env_cubemap materials on brush sides...
0...1...2...3...4...5...6...7...8...9...100...1...2...3...4...5...6...7...8...9...10Processing areas...done (0)
Building Faces...done (0)
Occluder "" straddles multiple areas. This is invalid!
Occluder "" straddles multiple areas. This is invalid!
Occluder "" straddles multiple areas. This is invalid!
Occluder "" straddles multiple areas. This is invalid!
Occluder "" straddles multiple areas. This is invalid!
Occluder "" straddles multiple areas. This is invalid!
Occluder "" straddles multiple areas. This is invalid!
Occluder "" straddles multiple areas. This is invalid!
Occluder "" straddles multiple areas. This is invalid!
Chop Details...done (0)
Find Visible Detail Sides...
Merged 606 detail faces...done (0)
Merging details...done (0)
FixTjuncs...
PruneNodes...
WriteBSP...
done (0)
writing c:\users\rtaab\documents\hammer\reverse_dead_air\r_c11m1_greenhouse.prt...Building visibility clusters...
done (0)
Finding displacement neighbors...
Found a displacement edge abutting multiple other edges.
Finding lightmap sample positions...
Displacement Alpha : 0...1...2...3...4...5...6...7...8...9...10
Building Physics collision data...
done (1) (990243 bytes)
Cannot build Physics2 data
                                                             -----------
DataLinker total stream size                                     0.0 KiB
Placing detail props : 0...1...2...3...4...5...6...7...8...9...10
Compacting texture/material tables...
Reduced 4703 texinfos to 2888
Reduced 432 texdatas to 352 (19309 bytes to 16076)
Writing c:\users\rtaab\documents\hammer\reverse_dead_air\r_c11m1_greenhouse.bsp
12 seconds elapsed



8 threads
reading c:\users\rtaab\documents\hammer\reverse_dead_air\r_c11m1_greenhouse.bsp
max farz in all env_fog_controller entities: 9000.000000 (used for radial vis)
reading c:\users\rtaab\documents\hammer\reverse_dead_air\r_c11m1_greenhouse.prt
  64 portalclusters
 258 numportals
0...1...2...3...4...5...6...7...8...9...10Optimized: 307 visible clusters (0.00%)
Total clusters visible: 2474
Average clusters visible: 38
Building PAS...
Average clusters audible: 62
visdatasize:1610  compressed from 1024
writing c:\users\rtaab\documents\hammer\reverse_dead_air\r_c11m1_greenhouse.bsp
0 seconds elapsed



Using shader api: shaderapiempty.dll
materialPath: D:\programfile\steam\steamapps\common\left 4 dead 2\left4dead2\materials
Loading c:\users\rtaab\documents\hammer\reverse_dead_air\r_c11m1_greenhouse.vmf
fixing up env_cubemap materials on brush sides...
0...1...2...3...4...5...6...7...8...9...100...1...2...3...4...5...6...7...8...9...10Processing areas...Wrote c:\users\rtaab\documents\hammer\reverse_dead_air\r_c11m1_greenhouse.lin
Areaportal leak ! File: c:\users\rtaab\documents\hammer\reverse_dead_air\r_c11m1_greenhouse.lin 
Brush 12383: areaportal brush doesn't touch two areas

Brush 12390: areaportal brush doesn't touch two areas

Brush 12334: areaportal brush doesn't touch two areas

Brush 12355: areaportal brush doesn't touch two areas

Brush 12383: areaportal brush doesn't touch two areas

Brush 12390: areaportal brush doesn't touch two areas

Brush 12355: areaportal brush doesn't touch two areas

Brush 12383: areaportal brush doesn't touch two areas

Brush 12390: areaportal brush doesn't touch two areas

Brush 12334: areaportal brush doesn't touch two areas

Brush 12383: areaportal brush doesn't touch two areas

Brush 12383: areaportal brush doesn't touch two areas

Brush 12383: areaportal brush doesn't touch two areas

Brush 12334: areaportal brush doesn't touch two areas

Brush 12334: areaportal brush doesn't touch two areas

Brush 12376: areaportal brush doesn't touch two areas

Brush 12376: areaportal brush doesn't touch two areas

Brush 12390: areaportal brush doesn't touch two areas

Brush 12376: areaportal brush doesn't touch two areas

Brush 12376: areaportal brush doesn't touch two areas

Brush 12376: areaportal brush doesn't touch two areas

Brush 12376: areaportal brush doesn't touch two areas

Brush 12376: areaportal brush doesn't touch two areas

Brush 12376: areaportal brush doesn't touch two areas

Brush 12376: areaportal brush doesn't touch two areas

Brush 12376: areaportal brush doesn't touch two areas

Brush 12376: areaportal brush doesn't touch two areas

Brush 12376: areaportal brush doesn't touch two areas

Brush 12334: areaportal brush doesn't touch two areas

Brush 12334: areaportal brush doesn't touch two areas

Brush 12334: areaportal brush doesn't touch two areas

Brush 12334: areaportal brush doesn't touch two areas

Brush 12334: areaportal brush doesn't touch two areas

Brush 12334: areaportal brush doesn't touch two areas

Brush 12355: areaportal brush doesn't touch two areas

Brush 12334: areaportal brush doesn't touch two areas

Brush 12355: areaportal brush doesn't touch two areas

Brush 12334: areaportal brush doesn't touch two areas

Brush 12355: areaportal brush doesn't touch two areas

Brush 12334: areaportal brush doesn't touch two areas

Brush 12334: areaportal brush doesn't touch two areas

Brush 12334: areaportal brush doesn't touch two areas

Brush 12334: areaportal brush doesn't touch two areas

Brush 12355: areaportal brush doesn't touch two areas

Brush 12355: areaportal brush doesn't touch two areas

Brush 12334: areaportal brush doesn't touch two areas

Brush 12334: areaportal brush doesn't touch two areas

Brush 12334: areaportal brush doesn't touch two areas

Brush 12334: areaportal brush doesn't touch two areas

Brush 12334: areaportal brush doesn't touch two areas

Brush 12341: areaportal brush doesn't touch two areas

Brush 12369: areaportal brush doesn't touch two areas

Brush 12341: areaportal brush doesn't touch two areas

Brush 12369: areaportal brush doesn't touch two areas

Brush 12369: areaportal brush doesn't touch two areas

Brush 12369: areaportal brush doesn't touch two areas

Brush 12341: areaportal brush doesn't touch two areas

Brush 12369: areaportal brush doesn't touch two areas

Brush 12341: areaportal brush doesn't touch two areas

Brush 12369: areaportal brush doesn't touch two areas

Brush 12369: areaportal brush doesn't touch two areas

Brush 12369: areaportal brush doesn't touch two areas

Brush 12369: areaportal brush doesn't touch two areas

Brush 12369: areaportal brush doesn't touch two areas

Brush 12369: areaportal brush doesn't touch two areas

Brush 12369: areaportal brush doesn't touch two areas

Brush 12341: areaportal brush doesn't touch two areas

Brush 12341: areaportal brush doesn't touch two areas
done (0)
Building Faces...done (0)
Occluder "" straddles multiple areas. This is invalid!
Occluder "" straddles multiple areas. This is invalid!
Occluder "" straddles multiple areas. This is invalid!
Occluder "" straddles multiple areas. This is invalid!
Occluder "" straddles multiple areas. This is invalid!
Occluder "" straddles multiple areas. This is invalid!
Occluder "" straddles multiple areas. This is invalid!
Occluder "" straddles multiple areas. This is invalid!
Occluder "" straddles multiple areas. This is invalid!
Chop Details...done (0)
Find Visible Detail Sides...
Merged 606 detail faces...done (0)
Merging details...done (0)
FixTjuncs...
PruneNodes...
WriteBSP...
done (0)
writing c:\users\rtaab\documents\hammer\reverse_dead_air\r_c11m1_greenhouse.prt...Building visibility clusters...
done (0)
Finding displacement neighbors...
Found a displacement edge abutting multiple other edges.
Finding lightmap sample positions...
Displacement Alpha : 0...1...2...3...4...5...6...7...8...9...10
Building Physics collision data...
done (1) (984237 bytes)
Cannot build Physics2 data
                                                             -----------
DataLinker total stream size                                     0.0 KiB
Placing detail props : 0...1...2...3...4...5...6...7...8...9...10
Compacting texture/material tables...
Reduced 4729 texinfos to 2887
Reduced 433 texdatas to 352 (19331 bytes to 16076)
Writing c:\users\rtaab\documents\hammer\reverse_dead_air\r_c11m1_greenhouse.bsp
12 seconds elapsed



8 threads
reading c:\users\rtaab\documents\hammer\reverse_dead_air\r_c11m1_greenhouse.bsp
max farz in all env_fog_controller entities: 9000.000000 (used for radial vis)
reading c:\users\rtaab\documents\hammer\reverse_dead_air\r_c11m1_greenhouse.prt
  64 portalclusters
 258 numportals
0...1...2...3...4...5...6...7...8...9...10Optimized: 307 visible clusters (0.00%)
Total clusters visible: 2474
Average clusters visible: 38
Building PAS...
Average clusters audible: 62
visdatasize:1610  compressed from 1024
writing c:\users\rtaab\documents\hammer\reverse_dead_air\r_c11m1_greenhouse.bsp
0 seconds elapsed



Using shader api: shaderapiempty.dll
materialPath: D:\programfile\steam\steamapps\common\left 4 dead 2\left4dead2\materials
Loading c:\users\rtaab\documents\hammer\reverse_dead_air\r_c11m1_greenhouse.vmf
fixing up env_cubemap materials on brush sides...
0...1...2...3...4...5...6...7...8...9...100...1...2...3...4...5...6...7...8...9...10Processing areas...Wrote c:\users\rtaab\documents\hammer\reverse_dead_air\r_c11m1_greenhouse.lin
Areaportal leak ! File: c:\users\rtaab\documents\hammer\reverse_dead_air\r_c11m1_greenhouse.lin 
Brush 12383: areaportal brush doesn't touch two areas

Brush 12390: areaportal brush doesn't touch two areas

Brush 12334: areaportal brush doesn't touch two areas

Brush 12355: areaportal brush doesn't touch two areas

Brush 12383: areaportal brush doesn't touch two areas

Brush 12390: areaportal brush doesn't touch two areas

Brush 12355: areaportal brush doesn't touch two areas

Brush 12383: areaportal brush doesn't touch two areas

Brush 12390: areaportal brush doesn't touch two areas

Brush 12334: areaportal brush doesn't touch two areas

Brush 12383: areaportal brush doesn't touch two areas

Brush 12383: areaportal brush doesn't touch two areas

Brush 12383: areaportal brush doesn't touch two areas

Brush 12334: areaportal brush doesn't touch two areas

Brush 12334: areaportal brush doesn't touch two areas

Brush 12376: areaportal brush doesn't touch two areas

Brush 12376: areaportal brush doesn't touch two areas

Brush 12390: areaportal brush doesn't touch two areas

Brush 12376: areaportal brush doesn't touch two areas

Brush 12376: areaportal brush doesn't touch two areas

Brush 12376: areaportal brush doesn't touch two areas

Brush 12376: areaportal brush doesn't touch two areas

Brush 12376: areaportal brush doesn't touch two areas

Brush 12376: areaportal brush doesn't touch two areas

Brush 12376: areaportal brush doesn't touch two areas

Brush 12376: areaportal brush doesn't touch two areas

Brush 12376: areaportal brush doesn't touch two areas

Brush 12376: areaportal brush doesn't touch two areas

Brush 12334: areaportal brush doesn't touch two areas

Brush 12334: areaportal brush doesn't touch two areas

Brush 12334: areaportal brush doesn't touch two areas

Brush 12334: areaportal brush doesn't touch two areas

Brush 12334: areaportal brush doesn't touch two areas

Brush 12334: areaportal brush doesn't touch two areas

Brush 12355: areaportal brush doesn't touch two areas

Brush 12334: areaportal brush doesn't touch two areas

Brush 12355: areaportal brush doesn't touch two areas

Brush 12334: areaportal brush doesn't touch two areas

Brush 12355: areaportal brush doesn't touch two areas

Brush 12334: areaportal brush doesn't touch two areas

Brush 12334: areaportal brush doesn't touch two areas

Brush 12334: areaportal brush doesn't touch two areas

Brush 12334: areaportal brush doesn't touch two areas

Brush 12355: areaportal brush doesn't touch two areas

Brush 12355: areaportal brush doesn't touch two areas

Brush 12334: areaportal brush doesn't touch two areas

Brush 12334: areaportal brush doesn't touch two areas

Brush 12334: areaportal brush doesn't touch two areas

Brush 12334: areaportal brush doesn't touch two areas

Brush 12334: areaportal brush doesn't touch two areas

Brush 12341: areaportal brush doesn't touch two areas

Brush 12369: areaportal brush doesn't touch two areas

Brush 12341: areaportal brush doesn't touch two areas

Brush 12369: areaportal brush doesn't touch two areas

Brush 12369: areaportal brush doesn't touch two areas

Brush 12369: areaportal brush doesn't touch two areas

Brush 12341: areaportal brush doesn't touch two areas

Brush 12369: areaportal brush doesn't touch two areas

Brush 12341: areaportal brush doesn't touch two areas

Brush 12369: areaportal brush doesn't touch two areas

Brush 12369: areaportal brush doesn't touch two areas

Brush 12369: areaportal brush doesn't touch two areas

Brush 12369: areaportal brush doesn't touch two areas

Brush 12369: areaportal brush doesn't touch two areas

Brush 12369: areaportal brush doesn't touch two areas

Brush 12369: areaportal brush doesn't touch two areas

Brush 12341: areaportal brush doesn't touch two areas

Brush 12341: areaportal brush doesn't touch two areas
done (0)
Building Faces...done (0)
Occluder "" straddles multiple areas. This is invalid!
Occluder "" straddles multiple areas. This is invalid!
Occluder "" straddles multiple areas. This is invalid!
Occluder "" straddles multiple areas. This is invalid!
Occluder "" straddles multiple areas. This is invalid!
Occluder "" straddles multiple areas. This is invalid!
Occluder "" straddles multiple areas. This is invalid!
Occluder "" straddles multiple areas. This is invalid!
Occluder "" straddles multiple areas. This is invalid!
Chop Details...done (0)
Find Visible Detail Sides...
Merged 606 detail faces...done (0)
Merging details...done (0)
FixTjuncs...
PruneNodes...
WriteBSP...
done (0)
writing c:\users\rtaab\documents\hammer\reverse_dead_air\r_c11m1_greenhouse.prt...Building visibility clusters...
done (0)
Finding displacement neighbors...
Found a displacement edge abutting multiple other edges.
Finding lightmap sample positions...
Displacement Alpha : 0...1...2...3...4...5...6...7...8...9...10
Building Physics collision data...
done (1) (984237 bytes)
Cannot build Physics2 data
                                                             -----------
DataLinker total stream size                                     0.0 KiB
Placing detail props : 0...1...2...3...4...5...6...7...8...9...10
Compacting texture/material tables...
Reduced 4729 texinfos to 2887
Reduced 433 texdatas to 352 (19331 bytes to 16076)
Writing c:\users\rtaab\documents\hammer\reverse_dead_air\r_c11m1_greenhouse.bsp
12 seconds elapsed



8 threads
reading c:\users\rtaab\documents\hammer\reverse_dead_air\r_c11m1_greenhouse.bsp
max farz in all env_fog_controller entities: 9000.000000 (used for radial vis)
reading c:\users\rtaab\documents\hammer\reverse_dead_air\r_c11m1_greenhouse.prt
  64 portalclusters
 258 numportals
0...1...2...3...4...5...6...7...8...9...10Optimized: 307 visible clusters (0.00%)
Total clusters visible: 2474
Average clusters visible: 38
Building PAS...
Average clusters audible: 62
visdatasize:1610  compressed from 1024
writing c:\users\rtaab\documents\hammer\reverse_dead_air\r_c11m1_greenhouse.bsp
0 seconds elapsed



Using shader api: shaderapiempty.dll
materialPath: D:\programfile\steam\steamapps\common\left 4 dead 2\left4dead2\materials
Loading c:\users\rtaab\documents\hammer\reverse_dead_air\r_c11m1_greenhouse.vmf
fixing up env_cubemap materials on brush sides...
0...1...2...3...4...5...6...7...8...9...100...1...2...3...4...5...6...7...8...9...10Processing areas...Wrote c:\users\rtaab\documents\hammer\reverse_dead_air\r_c11m1_greenhouse.lin
Areaportal leak ! File: c:\users\rtaab\documents\hammer\reverse_dead_air\r_c11m1_greenhouse.lin 
Brush 12383: areaportal brush doesn't touch two areas

Brush 12390: areaportal brush doesn't touch two areas

Brush 12334: areaportal brush doesn't touch two areas

Brush 12355: areaportal brush doesn't touch two areas

Brush 12383: areaportal brush doesn't touch two areas

Brush 12390: areaportal brush doesn't touch two areas

Brush 12355: areaportal brush doesn't touch two areas

Brush 12383: areaportal brush doesn't touch two areas

Brush 12390: areaportal brush doesn't touch two areas

Brush 12334: areaportal brush doesn't touch two areas

Brush 12383: areaportal brush doesn't touch two areas

Brush 12383: areaportal brush doesn't touch two areas

Brush 12383: areaportal brush doesn't touch two areas

Brush 12334: areaportal brush doesn't touch two areas

Brush 12334: areaportal brush doesn't touch two areas

Brush 12376: areaportal brush doesn't touch two areas

Brush 12376: areaportal brush doesn't touch two areas

Brush 12390: areaportal brush doesn't touch two areas

Brush 12376: areaportal brush doesn't touch two areas

Brush 12376: areaportal brush doesn't touch two areas

Brush 12376: areaportal brush doesn't touch two areas

Brush 12376: areaportal brush doesn't touch two areas

Brush 12376: areaportal brush doesn't touch two areas

Brush 12376: areaportal brush doesn't touch two areas

Brush 12376: areaportal brush doesn't touch two areas

Brush 12376: areaportal brush doesn't touch two areas

Brush 12376: areaportal brush doesn't touch two areas

Brush 12376: areaportal brush doesn't touch two areas

Brush 12334: areaportal brush doesn't touch two areas

Brush 12334: areaportal brush doesn't touch two areas

Brush 12334: areaportal brush doesn't touch two areas

Brush 12334: areaportal brush doesn't touch two areas

Brush 12334: areaportal brush doesn't touch two areas

Brush 12334: areaportal brush doesn't touch two areas

Brush 12355: areaportal brush doesn't touch two areas

Brush 12334: areaportal brush doesn't touch two areas

Brush 12355: areaportal brush doesn't touch two areas

Brush 12334: areaportal brush doesn't touch two areas

Brush 12355: areaportal brush doesn't touch two areas

Brush 12334: areaportal brush doesn't touch two areas

Brush 12334: areaportal brush doesn't touch two areas

Brush 12334: areaportal brush doesn't touch two areas

Brush 12334: areaportal brush doesn't touch two areas

Brush 12355: areaportal brush doesn't touch two areas

Brush 12355: areaportal brush doesn't touch two areas

Brush 12334: areaportal brush doesn't touch two areas

Brush 12334: areaportal brush doesn't touch two areas

Brush 12334: areaportal brush doesn't touch two areas

Brush 12334: areaportal brush doesn't touch two areas

Brush 12334: areaportal brush doesn't touch two areas

Brush 12341: areaportal brush doesn't touch two areas

Brush 12369: areaportal brush doesn't touch two areas

Brush 12341: areaportal brush doesn't touch two areas

Brush 12369: areaportal brush doesn't touch two areas

Brush 12369: areaportal brush doesn't touch two areas

Brush 12369: areaportal brush doesn't touch two areas

Brush 12341: areaportal brush doesn't touch two areas

Brush 12369: areaportal brush doesn't touch two areas

Brush 12341: areaportal brush doesn't touch two areas

Brush 12369: areaportal brush doesn't touch two areas

Brush 12369: areaportal brush doesn't touch two areas

Brush 12369: areaportal brush doesn't touch two areas

Brush 12369: areaportal brush doesn't touch two areas

Brush 12369: areaportal brush doesn't touch two areas

Brush 12369: areaportal brush doesn't touch two areas

Brush 12369: areaportal brush doesn't touch two areas

Brush 12341: areaportal brush doesn't touch two areas

Brush 12341: areaportal brush doesn't touch two areas
done (0)
Building Faces...done (0)
Occluder "" straddles multiple areas. This is invalid!
Occluder "" straddles multiple areas. This is invalid!
Occluder "" straddles multiple areas. This is invalid!
Occluder "" straddles multiple areas. This is invalid!
Occluder "" straddles multiple areas. This is invalid!
Occluder "" straddles multiple areas. This is invalid!
Occluder "" straddles multiple areas. This is invalid!
Occluder "" straddles multiple areas. This is invalid!
Occluder "" straddles multiple areas. This is invalid!
Chop Details...done (0)
Find Visible Detail Sides...
Merged 606 detail faces...done (0)
Merging details...done (0)
FixTjuncs...
PruneNodes...
WriteBSP...
done (0)
writing c:\users\rtaab\documents\hammer\reverse_dead_air\r_c11m1_greenhouse.prt...Building visibility clusters...
done (0)
Finding displacement neighbors...
Found a displacement edge abutting multiple other edges.
Finding lightmap sample positions...
Displacement Alpha : 0...1...2...3...4...5...6...7...8...9...10
Building Physics collision data...
done (1) (984237 bytes)
Cannot build Physics2 data
                                                             -----------
DataLinker total stream size                                     0.0 KiB
Placing detail props : 0...1...2...3...4...5...6...7...8...9...10
Compacting texture/material tables...
Reduced 4729 texinfos to 2887
Reduced 433 texdatas to 352 (19331 bytes to 16076)
Writing c:\users\rtaab\documents\hammer\reverse_dead_air\r_c11m1_greenhouse.bsp
12 seconds elapsed



8 threads
reading c:\users\rtaab\documents\hammer\reverse_dead_air\r_c11m1_greenhouse.bsp
max farz in all env_fog_controller entities: 9000.000000 (used for radial vis)
reading c:\users\rtaab\documents\hammer\reverse_dead_air\r_c11m1_greenhouse.prt
  64 portalclusters
 258 numportals
0...1...2...3...4...5...6...7...8...9...10Optimized: 307 visible clusters (0.00%)
Total clusters visible: 2474
Average clusters visible: 38
Building PAS...
Average clusters audible: 62
visdatasize:1610  compressed from 1024
writing c:\users\rtaab\documents\hammer\reverse_dead_air\r_c11m1_greenhouse.bsp
0 seconds elapsed



Using shader api: shaderapiempty.dll
materialPath: D:\programfile\steam\steamapps\common\left 4 dead 2\left4dead2\materials
Loading c:\users\rtaab\documents\hammer\reverse_dead_air\r_c11m1_greenhouse.vmf
fixing up env_cubemap materials on brush sides...
0...1...2...3...4...5...6...7...8...9...100...1...2...3...4...5...6...7...8...9...10Processing areas...Wrote c:\users\rtaab\documents\hammer\reverse_dead_air\r_c11m1_greenhouse.lin
Areaportal leak ! File: c:\users\rtaab\documents\hammer\reverse_dead_air\r_c11m1_greenhouse.lin 
Brush 12383: areaportal brush doesn't touch two areas

Brush 12390: areaportal brush doesn't touch two areas

Brush 12334: areaportal brush doesn't touch two areas

Brush 12355: areaportal brush doesn't touch two areas

Brush 12355: areaportal brush doesn't touch two areas

Brush 12355: areaportal brush doesn't touch two areas

Brush 12355: areaportal brush doesn't touch two areas

Brush 12355: areaportal brush doesn't touch two areas

Brush 12383: areaportal brush doesn't touch two areas

Brush 12390: areaportal brush doesn't touch two areas

Brush 12383: areaportal brush doesn't touch two areas

Brush 12383: areaportal brush doesn't touch two areas

Brush 12383: areaportal brush doesn't touch two areas

Brush 12383: areaportal brush doesn't touch two areas

Brush 12383: areaportal brush doesn't touch two areas

Brush 12383: areaportal brush doesn't touch two areas

Brush 12383: areaportal brush doesn't touch two areas

Brush 12355: areaportal brush doesn't touch two areas

Brush 12355: areaportal brush doesn't touch two areas

Brush 12355: areaportal brush doesn't touch two areas

Brush 12355: areaportal brush doesn't touch two areas

Brush 12355: areaportal brush doesn't touch two areas

Brush 12334: areaportal brush doesn't touch two areas

Brush 12334: areaportal brush doesn't touch two areas

Brush 12376: areaportal brush doesn't touch two areas

Brush 12376: areaportal brush doesn't touch two areas

Brush 12390: areaportal brush doesn't touch two areas

Brush 12376: areaportal brush doesn't touch two areas

Brush 12376: areaportal brush doesn't touch two areas

Brush 12376: areaportal brush doesn't touch two areas

Brush 12376: areaportal brush doesn't touch two areas

Brush 12376: areaportal brush doesn't touch two areas

Brush 12390: areaportal brush doesn't touch two areas

Brush 12376: areaportal brush doesn't touch two areas

Brush 12376: areaportal brush doesn't touch two areas

Brush 12376: areaportal brush doesn't touch two areas

Brush 12334: areaportal brush doesn't touch two areas

Brush 12334: areaportal brush doesn't touch two areas

Brush 12334: areaportal brush doesn't touch two areas

Brush 12334: areaportal brush doesn't touch two areas

Brush 12334: areaportal brush doesn't touch two areas

Brush 12334: areaportal brush doesn't touch two areas

Brush 12355: areaportal brush doesn't touch two areas

Brush 12334: areaportal brush doesn't touch two areas

Brush 12334: areaportal brush doesn't touch two areas

Brush 12334: areaportal brush doesn't touch two areas

Brush 12334: areaportal brush doesn't touch two areas

Brush 12334: areaportal brush doesn't touch two areas

Brush 12334: areaportal brush doesn't touch two areas

Brush 12355: areaportal brush doesn't touch two areas

Brush 12355: areaportal brush doesn't touch two areas

Brush 12334: areaportal brush doesn't touch two areas

Brush 12334: areaportal brush doesn't touch two areas

Brush 12334: areaportal brush doesn't touch two areas

Brush 12334: areaportal brush doesn't touch two areas

Brush 12334: areaportal brush doesn't touch two areas

Brush 12334: areaportal brush doesn't touch two areas

Brush 12334: areaportal brush doesn't touch two areas

Brush 12341: areaportal brush doesn't touch two areas

Brush 12341: areaportal brush doesn't touch two areas

Brush 12341: areaportal brush doesn't touch two areas
done (0)
Building Faces...done (0)
Occluder "" straddles multiple areas. This is invalid!
Occluder "" straddles multiple areas. This is invalid!
Occluder "" straddles multiple areas. This is invalid!
Occluder "" straddles multiple areas. This is invalid!
Occluder "" straddles multiple areas. This is invalid!
Occluder "" straddles multiple areas. This is invalid!
Occluder "" straddles multiple areas. This is invalid!
Occluder "" straddles multiple areas. This is invalid!
Occluder "" straddles multiple areas. This is invalid!
Chop Details...done (0)
Find Visible Detail Sides...
Merged 606 detail faces...done (0)
Merging details...done (0)
FixTjuncs...
PruneNodes...
WriteBSP...
done (0)
writing c:\users\rtaab\documents\hammer\reverse_dead_air\r_c11m1_greenhouse.prt...Building visibility clusters...
done (0)
Finding displacement neighbors...
Found a displacement edge abutting multiple other edges.
Finding lightmap sample positions...
Displacement Alpha : 0...1...2...3...4...5...6...7...8...9...10
Building Physics collision data...
done (1) (991994 bytes)
Cannot build Physics2 data
                                                             -----------
DataLinker total stream size                                     0.0 KiB
Placing detail props : 0...1...2...3...4...5...6...7...8...9...10
Compacting texture/material tables...
Reduced 4768 texinfos to 2911
Reduced 433 texdatas to 352 (19331 bytes to 16076)
Writing c:\users\rtaab\documents\hammer\reverse_dead_air\r_c11m1_greenhouse.bsp
12 seconds elapsed



8 threads
reading c:\users\rtaab\documents\hammer\reverse_dead_air\r_c11m1_greenhouse.bsp
max farz in all env_fog_controller entities: 9000.000000 (used for radial vis)
reading c:\users\rtaab\documents\hammer\reverse_dead_air\r_c11m1_greenhouse.prt
  64 portalclusters
 259 numportals
0...1...2...3...4...5...6...7...8...9...10Optimized: 307 visible clusters (0.00%)
Total clusters visible: 2474
Average clusters visible: 38
Building PAS...
Average clusters audible: 62
visdatasize:1610  compressed from 1024
writing c:\users\rtaab\documents\hammer\reverse_dead_air\r_c11m1_greenhouse.bsp
0 seconds elapsed



Using shader api: shaderapiempty.dll
materialPath: D:\programfile\steam\steamapps\common\left 4 dead 2\left4dead2\materials
Loading c:\users\rtaab\documents\hammer\reverse_dead_air\r_c11m1_greenhouse.vmf
fixing up env_cubemap materials on brush sides...
0...1...2...3...4...5...6...7...8...9...100...1...2...3...4...5...6...7...8...9...10Processing areas...Wrote c:\users\rtaab\documents\hammer\reverse_dead_air\r_c11m1_greenhouse.lin
Areaportal leak ! File: c:\users\rtaab\documents\hammer\reverse_dead_air\r_c11m1_greenhouse.lin 
Brush 12383: areaportal brush doesn't touch two areas

Brush 12390: areaportal brush doesn't touch two areas

Brush 12334: areaportal brush doesn't touch two areas

Brush 12355: areaportal brush doesn't touch two areas

Brush 12355: areaportal brush doesn't touch two areas

Brush 12355: areaportal brush doesn't touch two areas

Brush 12355: areaportal brush doesn't touch two areas

Brush 12355: areaportal brush doesn't touch two areas

Brush 12383: areaportal brush doesn't touch two areas

Brush 12390: areaportal brush doesn't touch two areas

Brush 12383: areaportal brush doesn't touch two areas

Brush 12383: areaportal brush doesn't touch two areas

Brush 12383: areaportal brush doesn't touch two areas

Brush 12383: areaportal brush doesn't touch two areas

Brush 12383: areaportal brush doesn't touch two areas

Brush 12383: areaportal brush doesn't touch two areas

Brush 12383: areaportal brush doesn't touch two areas

Brush 12355: areaportal brush doesn't touch two areas

Brush 12355: areaportal brush doesn't touch two areas

Brush 12355: areaportal brush doesn't touch two areas

Brush 12355: areaportal brush doesn't touch two areas

Brush 12355: areaportal brush doesn't touch two areas

Brush 12334: areaportal brush doesn't touch two areas

Brush 12334: areaportal brush doesn't touch two areas

Brush 12376: areaportal brush doesn't touch two areas

Brush 12376: areaportal brush doesn't touch two areas

Brush 12390: areaportal brush doesn't touch two areas

Brush 12376: areaportal brush doesn't touch two areas

Brush 12376: areaportal brush doesn't touch two areas

Brush 12376: areaportal brush doesn't touch two areas

Brush 12376: areaportal brush doesn't touch two areas

Brush 12376: areaportal brush doesn't touch two areas

Brush 12390: areaportal brush doesn't touch two areas

Brush 12376: areaportal brush doesn't touch two areas

Brush 12376: areaportal brush doesn't touch two areas

Brush 12376: areaportal brush doesn't touch two areas

Brush 12334: areaportal brush doesn't touch two areas

Brush 12334: areaportal brush doesn't touch two areas

Brush 12334: areaportal brush doesn't touch two areas

Brush 12334: areaportal brush doesn't touch two areas

Brush 12334: areaportal brush doesn't touch two areas

Brush 12334: areaportal brush doesn't touch two areas

Brush 12355: areaportal brush doesn't touch two areas

Brush 12334: areaportal brush doesn't touch two areas

Brush 12334: areaportal brush doesn't touch two areas

Brush 12334: areaportal brush doesn't touch two areas

Brush 12334: areaportal brush doesn't touch two areas

Brush 12334: areaportal brush doesn't touch two areas

Brush 12334: areaportal brush doesn't touch two areas

Brush 12355: areaportal brush doesn't touch two areas

Brush 12355: areaportal brush doesn't touch two areas

Brush 12334: areaportal brush doesn't touch two areas

Brush 12334: areaportal brush doesn't touch two areas

Brush 12334: areaportal brush doesn't touch two areas

Brush 12334: areaportal brush doesn't touch two areas

Brush 12334: areaportal brush doesn't touch two areas

Brush 12334: areaportal brush doesn't touch two areas

Brush 12334: areaportal brush doesn't touch two areas

Brush 12341: areaportal brush doesn't touch two areas

Brush 12341: areaportal brush doesn't touch two areas

Brush 12341: areaportal brush doesn't touch two areas
done (0)
Building Faces...done (0)
Occluder "" straddles multiple areas. This is invalid!
Occluder "" straddles multiple areas. This is invalid!
Occluder "" straddles multiple areas. This is invalid!
Occluder "" straddles multiple areas. This is invalid!
Occluder "" straddles multiple areas. This is invalid!
Occluder "" straddles multiple areas. This is invalid!
Occluder "" straddles multiple areas. This is invalid!
Occluder "" straddles multiple areas. This is invalid!
Occluder "" straddles multiple areas. This is invalid!
Chop Details...done (0)
Find Visible Detail Sides...
Merged 606 detail faces...done (0)
Merging details...done (0)
FixTjuncs...
PruneNodes...
WriteBSP...
done (0)
writing c:\users\rtaab\documents\hammer\reverse_dead_air\r_c11m1_greenhouse.prt...Building visibility clusters...
done (0)
Finding displacement neighbors...
Found a displacement edge abutting multiple other edges.
Finding lightmap sample positions...
Displacement Alpha : 0...1...2...3...4...5...6...7...8...9...10
Building Physics collision data...
done (2) (991994 bytes)
Cannot build Physics2 data
                                                             -----------
DataLinker total stream size                                     0.0 KiB
Placing detail props : 0...1...2...3...4...5...6...7...8...9...10
Compacting texture/material tables...
Reduced 4768 texinfos to 2911
Reduced 433 texdatas to 352 (19331 bytes to 16076)
Writing c:\users\rtaab\documents\hammer\reverse_dead_air\r_c11m1_greenhouse.bsp
12 seconds elapsed



8 threads
reading c:\users\rtaab\documents\hammer\reverse_dead_air\r_c11m1_greenhouse.bsp
max farz in all env_fog_controller entities: 9000.000000 (used for radial vis)
reading c:\users\rtaab\documents\hammer\reverse_dead_air\r_c11m1_greenhouse.prt
  64 portalclusters
 259 numportals
0...1...2...3...4...5...6...7...8...9...10Optimized: 307 visible clusters (0.00%)
Total clusters visible: 2474
Average clusters visible: 38
Building PAS...
Average clusters audible: 62
visdatasize:1610  compressed from 1024
writing c:\users\rtaab\documents\hammer\reverse_dead_air\r_c11m1_greenhouse.bsp
0 seconds elapsed



Using shader api: shaderapiempty.dll
materialPath: D:\programfile\steam\steamapps\common\left 4 dead 2\left4dead2\materials
Loading c:\users\rtaab\documents\hammer\reverse_dead_air\r_c11m1_greenhouse.vmf
fixing up env_cubemap materials on brush sides...
0...1...2...3...4...5...6...7...8...9...100...1...2...3...4...5...6...7...8...9...10Processing areas...Wrote c:\users\rtaab\documents\hammer\reverse_dead_air\r_c11m1_greenhouse.lin
Areaportal leak ! File: c:\users\rtaab\documents\hammer\reverse_dead_air\r_c11m1_greenhouse.lin 
Brush 9231: areaportal brush doesn't touch two areas

Brush 11822: areaportal brush doesn't touch two areas

Brush 9217: areaportal brush doesn't touch two areas

Brush 9224: areaportal brush doesn't touch two areas

Brush 11822: areaportal brush doesn't touch two areas
done (0)
Building Faces...done (0)
Occluder "" straddles multiple areas. This is invalid!
Chop Details...done (0)
Find Visible Detail Sides...
Merged 606 detail faces...done (0)
Merging details...done (0)
FixTjuncs...
PruneNodes...
WriteBSP...
done (0)
writing c:\users\rtaab\documents\hammer\reverse_dead_air\r_c11m1_greenhouse.prt...Building visibility clusters...
done (0)
Finding displacement neighbors...
Found a displacement edge abutting multiple other edges.
Finding lightmap sample positions...
Displacement Alpha : 0...1...2...3...4...5...6...7...8...9...10
Building Physics collision data...
done (1) (998363 bytes)
Cannot build Physics2 data
                                                             -----------
DataLinker total stream size                                     0.0 KiB
Placing detail props : 0...1...2...3...4...5...6...7...8...9...10
Compacting texture/material tables...
Reduced 4803 texinfos to 2911
Reduced 433 texdatas to 352 (19331 bytes to 16076)
Writing c:\users\rtaab\documents\hammer\reverse_dead_air\r_c11m1_greenhouse.bsp
12 seconds elapsed



8 threads
reading c:\users\rtaab\documents\hammer\reverse_dead_air\r_c11m1_greenhouse.bsp
max farz in all env_fog_controller entities: 9000.000000 (used for radial vis)
reading c:\users\rtaab\documents\hammer\reverse_dead_air\r_c11m1_greenhouse.prt
  64 portalclusters
 261 numportals
0...1...2...3...4...5...6...7...8...9...10Optimized: 307 visible clusters (0.00%)
Total clusters visible: 2474
Average clusters visible: 38
Building PAS...
Average clusters audible: 62
visdatasize:1610  compressed from 1024
writing c:\users\rtaab\documents\hammer\reverse_dead_air\r_c11m1_greenhouse.bsp
0 seconds elapsed



Using shader api: shaderapiempty.dll
materialPath: D:\programfile\steam\steamapps\common\left 4 dead 2\left4dead2\materials
Loading c:\users\rtaab\documents\hammer\reverse_dead_air\r_c11m1_greenhouse.vmf
fixing up env_cubemap materials on brush sides...
0...1...2...3...4...5...6...7...8...9...100...1...2...3...4...5...6...7...8...9...10Processing areas...Wrote c:\users\rtaab\documents\hammer\reverse_dead_air\r_c11m1_greenhouse.lin
Areaportal leak ! File: c:\users\rtaab\documents\hammer\reverse_dead_air\r_c11m1_greenhouse.lin 
Brush 9231: areaportal brush doesn't touch two areas

Brush 11822: areaportal brush doesn't touch two areas

Brush 9217: areaportal brush doesn't touch two areas

Brush 9224: areaportal brush doesn't touch two areas

Brush 11822: areaportal brush doesn't touch two areas
done (0)
Building Faces...done (0)
Occluder "" straddles multiple areas. This is invalid!
Chop Details...done (0)
Find Visible Detail Sides...
Merged 606 detail faces...done (0)
Merging details...done (0)
FixTjuncs...
PruneNodes...
WriteBSP...
done (0)
writing c:\users\rtaab\documents\hammer\reverse_dead_air\r_c11m1_greenhouse.prt...Building visibility clusters...
done (0)
Finding displacement neighbors...
Found a displacement edge abutting multiple other edges.
Finding lightmap sample positions...
Displacement Alpha : 0...1...2...3...4...5...6...7...8...9...10
Building Physics collision data...
done (1) (999147 bytes)
Cannot build Physics2 data
                                                             -----------
DataLinker total stream size                                     0.0 KiB
Placing detail props : 0...1...2...3...4...5...6...7...8...9...10
Compacting texture/material tables...
Reduced 4805 texinfos to 2911
Reduced 433 texdatas to 352 (19331 bytes to 16076)
Writing c:\users\rtaab\documents\hammer\reverse_dead_air\r_c11m1_greenhouse.bsp
12 seconds elapsed



8 threads
reading c:\users\rtaab\documents\hammer\reverse_dead_air\r_c11m1_greenhouse.bsp
max farz in all env_fog_controller entities: 9000.000000 (used for radial vis)
reading c:\users\rtaab\documents\hammer\reverse_dead_air\r_c11m1_greenhouse.prt
  64 portalclusters
 261 numportals
0...1...2...3...4...5...6...7...8...9...10Optimized: 307 visible clusters (0.00%)
Total clusters visible: 2474
Average clusters visible: 38
Building PAS...
Average clusters audible: 62
visdatasize:1610  compressed from 1024
writing c:\users\rtaab\documents\hammer\reverse_dead_air\r_c11m1_greenhouse.bsp
0 seconds elapsed



Using shader api: shaderapiempty.dll
materialPath: D:\programfile\steam\steamapps\common\left 4 dead 2\left4dead2\materials
Loading c:\users\rtaab\documents\hammer\reverse_dead_air\r_c11m1_greenhouse.vmf
fixing up env_cubemap materials on brush sides...
0...1...2...3...4...5...6...7...8...9...100...1...2...3...4...5...6...7...8...9...10Processing areas...Wrote c:\users\rtaab\documents\hammer\reverse_dead_air\r_c11m1_greenhouse.lin
Areaportal leak ! File: c:\users\rtaab\documents\hammer\reverse_dead_air\r_c11m1_greenhouse.lin 
Brush 12383: areaportal brush doesn't touch two areas

Brush 12390: areaportal brush doesn't touch two areas

Brush 12334: areaportal brush doesn't touch two areas

Brush 12355: areaportal brush doesn't touch two areas

Brush 12355: areaportal brush doesn't touch two areas

Brush 12355: areaportal brush doesn't touch two areas

Brush 12355: areaportal brush doesn't touch two areas

Brush 12355: areaportal brush doesn't touch two areas

Brush 12383: areaportal brush doesn't touch two areas

Brush 12390: areaportal brush doesn't touch two areas

Brush 12383: areaportal brush doesn't touch two areas

Brush 12383: areaportal brush doesn't touch two areas

Brush 12383: areaportal brush doesn't touch two areas

Brush 12383: areaportal brush doesn't touch two areas

Brush 12383: areaportal brush doesn't touch two areas

Brush 12383: areaportal brush doesn't touch two areas

Brush 12383: areaportal brush doesn't touch two areas

Brush 12355: areaportal brush doesn't touch two areas

Brush 12334: areaportal brush doesn't touch two areas

Brush 9231: areaportal brush doesn't touch two areas

Brush 12376: areaportal brush doesn't touch two areas

Brush 12376: areaportal brush doesn't touch two areas

Brush 12390: areaportal brush doesn't touch two areas

Brush 12376: areaportal brush doesn't touch two areas

Brush 12376: areaportal brush doesn't touch two areas

Brush 12376: areaportal brush doesn't touch two areas

Brush 12376: areaportal brush doesn't touch two areas

Brush 12376: areaportal brush doesn't touch two areas

Brush 12376: areaportal brush doesn't touch two areas

Brush 12376: areaportal brush doesn't touch two areas

Brush 12376: areaportal brush doesn't touch two areas

Brush 12376: areaportal brush doesn't touch two areas

Brush 12376: areaportal brush doesn't touch two areas

Brush 12334: areaportal brush doesn't touch two areas

Brush 12334: areaportal brush doesn't touch two areas

Brush 12334: areaportal brush doesn't touch two areas

Brush 11822: areaportal brush doesn't touch two areas

Brush 9217: areaportal brush doesn't touch two areas

Brush 9224: areaportal brush doesn't touch two areas

Brush 11822: areaportal brush doesn't touch two areas

Brush 12355: areaportal brush doesn't touch two areas

Brush 12334: areaportal brush doesn't touch two areas

Brush 12334: areaportal brush doesn't touch two areas

Brush 12334: areaportal brush doesn't touch two areas

Brush 12355: areaportal brush doesn't touch two areas

Brush 8079298: areaportal brush doesn't touch two areas

Brush 12334: areaportal brush doesn't touch two areas

Brush 12334: areaportal brush doesn't touch two areas

Brush 12334: areaportal brush doesn't touch two areas

Brush 12334: areaportal brush doesn't touch two areas

Brush 8079298: areaportal brush doesn't touch two areas

Brush 12355: areaportal brush doesn't touch two areas

Brush 8079298: areaportal brush doesn't touch two areas

Brush 8079298: areaportal brush doesn't touch two areas

Brush 8079298: areaportal brush doesn't touch two areas

Brush 12334: areaportal brush doesn't touch two areas

Brush 12334: areaportal brush doesn't touch two areas

Brush 12334: areaportal brush doesn't touch two areas

Brush 12334: areaportal brush doesn't touch two areas

Brush 12334: areaportal brush doesn't touch two areas

Brush 12334: areaportal brush doesn't touch two areas

Brush 8079298: areaportal brush doesn't touch two areas

Brush 12334: areaportal brush doesn't touch two areas

Brush 8079298: areaportal brush doesn't touch two areas

Brush 12341: areaportal brush doesn't touch two areas

Brush 12369: areaportal brush doesn't touch two areas

Brush 12341: areaportal brush doesn't touch two areas

Brush 12369: areaportal brush doesn't touch two areas

Brush 12369: areaportal brush doesn't touch two areas

Brush 12369: areaportal brush doesn't touch two areas

Brush 12341: areaportal brush doesn't touch two areas

Brush 12369: areaportal brush doesn't touch two areas

Brush 12362: areaportal brush doesn't touch two areas

Brush 12341: areaportal brush doesn't touch two areas

Brush 12362: areaportal brush doesn't touch two areas

Brush 12369: areaportal brush doesn't touch two areas

Brush 12362: areaportal brush doesn't touch two areas

Brush 12369: areaportal brush doesn't touch two areas

Brush 12362: areaportal brush doesn't touch two areas

Brush 12362: areaportal brush doesn't touch two areas

Brush 12369: areaportal brush doesn't touch two areas

Brush 12362: areaportal brush doesn't touch two areas

Brush 12362: areaportal brush doesn't touch two areas

Brush 12362: areaportal brush doesn't touch two areas

Brush 12369: areaportal brush doesn't touch two areas

Brush 12369: areaportal brush doesn't touch two areas

Brush 12369: areaportal brush doesn't touch two areas

Brush 12362: areaportal brush doesn't touch two areas

Brush 12369: areaportal brush doesn't touch two areas

Brush 12362: areaportal brush doesn't touch two areas

Brush 12362: areaportal brush doesn't touch two areas

Brush 12362: areaportal brush doesn't touch two areas

Brush 12362: areaportal brush doesn't touch two areas

Brush 12362: areaportal brush doesn't touch two areas

Brush 12362: areaportal brush doesn't touch two areas

Brush 12341: areaportal brush doesn't touch two areas

Brush 12362: areaportal brush doesn't touch two areas

Brush 12341: areaportal brush doesn't touch two areas

Brush 12362: areaportal brush doesn't touch two areas
done (0)
Building Faces...done (0)
Occluder "" straddles multiple areas. This is invalid!
Chop Details...done (0)
Find Visible Detail Sides...
Merged 606 detail faces...done (0)
Merging details...done (0)
FixTjuncs...
PruneNodes...
WriteBSP...
done (0)
writing c:\users\rtaab\documents\hammer\reverse_dead_air\r_c11m1_greenhouse.prt...Building visibility clusters...
done (0)
Finding displacement neighbors...
Found a displacement edge abutting multiple other edges.
Finding lightmap sample positions...
Displacement Alpha : 0...1...2...3...4...5...6...7...8...9...10
Building Physics collision data...
done (1) (995312 bytes)
Cannot build Physics2 data
                                                             -----------
DataLinker total stream size                                     0.0 KiB
Placing detail props : 0...1...2...3...4...5...6...7...8...9...10
Compacting texture/material tables...
Reduced 4801 texinfos to 2900
Reduced 433 texdatas to 352 (19331 bytes to 16076)
Writing c:\users\rtaab\documents\hammer\reverse_dead_air\r_c11m1_greenhouse.bsp
12 seconds elapsed



8 threads
reading c:\users\rtaab\documents\hammer\reverse_dead_air\r_c11m1_greenhouse.bsp
max farz in all env_fog_controller entities: 9000.000000 (used for radial vis)
reading c:\users\rtaab\documents\hammer\reverse_dead_air\r_c11m1_greenhouse.prt
  53 portalclusters
 157 numportals
0...1...2...3...4...5...6...7...8...9...10Optimized: 56 visible clusters (0.00%)
Total clusters visible: 1663
Average clusters visible: 31
Building PAS...
Average clusters audible: 51
visdatasize:1217  compressed from 848
writing c:\users\rtaab\documents\hammer\reverse_dead_air\r_c11m1_greenhouse.bsp
0 seconds elapsed



Using shader api: shaderapiempty.dll
materialPath: D:\programfile\steam\steamapps\common\left 4 dead 2\left4dead2\materials
Loading c:\users\rtaab\documents\hammer\reverse_dead_air\r_c11m1_greenhouse.vmf
fixing up env_cubemap materials on brush sides...
0...1...2...3...4...5...6...7...8...9...100...1...2...3...4...5...6...7...8...9...10Processing areas...Wrote c:\users\rtaab\documents\hammer\reverse_dead_air\r_c11m1_greenhouse.lin
Areaportal leak ! File: c:\users\rtaab\documents\hammer\reverse_dead_air\r_c11m1_greenhouse.lin 
Brush 9231: areaportal brush doesn't touch two areas

Brush 11822: areaportal brush doesn't touch two areas

Brush 9217: areaportal brush doesn't touch two areas

Brush 9224: areaportal brush doesn't touch two areas

Brush 11822: areaportal brush doesn't touch two areas

Brush 8079532: areaportal brush doesn't touch two areas
done (0)
Building Faces...done (0)
Occluder "" straddles multiple areas. This is invalid!
Chop Details...done (0)
Find Visible Detail Sides...
Merged 606 detail faces...done (0)
Merging details...done (0)
FixTjuncs...
PruneNodes...
WriteBSP...
done (0)
writing c:\users\rtaab\documents\hammer\reverse_dead_air\r_c11m1_greenhouse.prt...Building visibility clusters...
done (0)
Finding displacement neighbors...
Found a displacement edge abutting multiple other edges.
Finding lightmap sample positions...
Displacement Alpha : 0...1...2...3...4...5...6...7...8...9...10
Building Physics collision data...
done (1) (996190 bytes)
Cannot build Physics2 data
                                                             -----------
DataLinker total stream size                                     0.0 KiB
Placing detail props : 0...1...2...3...4...5...6...7...8...9...10
Compacting texture/material tables...
Reduced 4825 texinfos to 2897
Reduced 433 texdatas to 352 (19331 bytes to 16076)
Writing c:\users\rtaab\documents\hammer\reverse_dead_air\r_c11m1_greenhouse.bsp
12 seconds elapsed



8 threads
reading c:\users\rtaab\documents\hammer\reverse_dead_air\r_c11m1_greenhouse.bsp
max farz in all env_fog_controller entities: 9000.000000 (used for radial vis)
reading c:\users\rtaab\documents\hammer\reverse_dead_air\r_c11m1_greenhouse.prt
  53 portalclusters
 157 numportals
0...1...2...3...4...5...6...7...8...9...10Optimized: 56 visible clusters (0.00%)
Total clusters visible: 1663
Average clusters visible: 31
Building PAS...
Average clusters audible: 51
visdatasize:1217  compressed from 848
writing c:\users\rtaab\documents\hammer\reverse_dead_air\r_c11m1_greenhouse.bsp
0 seconds elapsed



Using shader api: shaderapiempty.dll
materialPath: D:\programfile\steam\steamapps\common\left 4 dead 2\left4dead2\materials
Loading c:\users\rtaab\documents\hammer\reverse_dead_air\r_c11m1_greenhouse.vmf
fixing up env_cubemap materials on brush sides...
0...1...2...3...4...5...6...7...8...9...100...1...2...3...4...5...6...7...8...9...10Processing areas...Wrote c:\users\rtaab\documents\hammer\reverse_dead_air\r_c11m1_greenhouse.lin
Areaportal leak ! File: c:\users\rtaab\documents\hammer\reverse_dead_air\r_c11m1_greenhouse.lin 
Brush 8079532: areaportal brush doesn't touch two areas
done (0)
Building Faces...done (0)
Occluder "" straddles multiple areas. This is invalid!
Occluder "" straddles multiple areas. This is invalid!
Occluder "" straddles multiple areas. This is invalid!
Occluder "" straddles multiple areas. This is invalid!
Occluder "" straddles multiple areas. This is invalid!
Occluder "" straddles multiple areas. This is invalid!
Occluder "" straddles multiple areas. This is invalid!
Occluder "" straddles multiple areas. This is invalid!
Occluder "" straddles multiple areas. This is invalid!
Chop Details...done (0)
Find Visible Detail Sides...
Merged 606 detail faces...done (0)
Merging details...done (0)
FixTjuncs...
PruneNodes...
WriteBSP...
done (0)
writing c:\users\rtaab\documents\hammer\reverse_dead_air\r_c11m1_greenhouse.prt...Building visibility clusters...
done (0)
Finding displacement neighbors...
Found a displacement edge abutting multiple other edges.
Finding lightmap sample positions...
Displacement Alpha : 0...1...2...3...4...5...6...7...8...9...10
Building Physics collision data...
done (1) (1007849 bytes)
Cannot build Physics2 data
                                                             -----------
DataLinker total stream size                                     0.0 KiB



Using shader api: shaderapiempty.dll
materialPath: D:\programfile\steam\steamapps\common\left 4 dead 2\left4dead2\materials
Loading c:\users\rtaab\documents\hammer\reverse_dead_air\r_c11m1_greenhouse.vmf
fixing up env_cubemap materials on brush sides...
0...1...2...3...4...5...6...7...8...9...100...1...2...3...4...5...6...7...8...9...10Processing areas...Wrote c:\users\rtaab\documents\hammer\reverse_dead_air\r_c11m1_greenhouse.lin
Areaportal leak ! File: c:\users\rtaab\documents\hammer\reverse_dead_air\r_c11m1_greenhouse.lin 
Brush 8079532: areaportal brush doesn't touch two areas
done (0)
Building Faces...done (0)
Occluder "" straddles multiple areas. This is invalid!
Occluder "" straddles multiple areas. This is invalid!
Occluder "" straddles multiple areas. This is invalid!
Occluder "" straddles multiple areas. This is invalid!
Occluder "" straddles multiple areas. This is invalid!
Occluder "" straddles multiple areas. This is invalid!
Occluder "" straddles multiple areas. This is invalid!
Occluder "" straddles multiple areas. This is invalid!
Occluder "" straddles multiple areas. This is invalid!
Chop Details...done (0)
Find Visible Detail Sides...
Merged 606 detail faces...done (0)
Merging details...done (0)
FixTjuncs...
PruneNodes...
WriteBSP...
done (0)
writing c:\users\rtaab\documents\hammer\reverse_dead_air\r_c11m1_greenhouse.prt...Building visibility clusters...
done (0)
Finding displacement neighbors...
Found a displacement edge abutting multiple other edges.
Finding lightmap sample positions...
Displacement Alpha : 0...1...2...3...4...5...6...7...8...9...10
Building Physics collision data...
done (1) (1007849 bytes)
Cannot build Physics2 data
                                                             -----------
DataLinker total stream size                                     0.0 KiB



Using shader api: shaderapiempty.dll
materialPath: D:\programfile\steam\steamapps\common\left 4 dead 2\left4dead2\materials
Loading c:\users\rtaab\documents\hammer\reverse_dead_air\r_c11m1_greenhouse.vmf
fixing up env_cubemap materials on brush sides...
0...1...2...3...4...5...6...7...8...9...100...1...2...3...4...5...6...7...8...9...10Processing areas...Wrote c:\users\rtaab\documents\hammer\reverse_dead_air\r_c11m1_greenhouse.lin
Areaportal leak ! File: c:\users\rtaab\documents\hammer\reverse_dead_air\r_c11m1_greenhouse.lin 
Brush 8079331: areaportal brush doesn't touch two areas
done (0)
Building Faces...done (0)
Occluder "" straddles multiple areas. This is invalid!
Occluder "" straddles multiple areas. This is invalid!
Occluder "" straddles multiple areas. This is invalid!
Occluder "" straddles multiple areas. This is invalid!
Occluder "" straddles multiple areas. This is invalid!
Occluder "" straddles multiple areas. This is invalid!
Occluder "" straddles multiple areas. This is invalid!
Occluder "" straddles multiple areas. This is invalid!
Occluder "" straddles multiple areas. This is invalid!
Chop Details...done (0)
Find Visible Detail Sides...
Merged 606 detail faces...done (0)
Merging details...done (0)
FixTjuncs...
PruneNodes...
WriteBSP...
done (0)
writing c:\users\rtaab\documents\hammer\reverse_dead_air\r_c11m1_greenhouse.prt...Building visibility clusters...
done (0)
Finding displacement neighbors...
Found a displacement edge abutting multiple other edges.
Finding lightmap sample positions...
Displacement Alpha : 0...1...2...3...4...5...6...7...8...9...10
Building Physics collision data...
done (1) (1005260 bytes)
Cannot build Physics2 data
                                                             -----------
DataLinker total stream size                                     0.0 KiB



Using shader api: shaderapiempty.dll
materialPath: D:\programfile\steam\steamapps\common\left 4 dead 2\left4dead2\materials
Loading c:\users\rtaab\documents\hammer\reverse_dead_air\r_c11m1_greenhouse.vmf
fixing up env_cubemap materials on brush sides...
0...1...2...3...4...5...6...7...8...9...100...1...2...3...4...5...6...7...8...9...10Processing areas...Wrote c:\users\rtaab\documents\hammer\reverse_dead_air\r_c11m1_greenhouse.lin
Areaportal leak ! File: c:\users\rtaab\documents\hammer\reverse_dead_air\r_c11m1_greenhouse.lin 
Brush 8079331: areaportal brush doesn't touch two areas

Brush 8079331: areaportal brush doesn't touch two areas
done (0)
Building Faces...done (0)
Occluder "" straddles multiple areas. This is invalid!
Occluder "" straddles multiple areas. This is invalid!
Occluder "" straddles multiple areas. This is invalid!
Occluder "" straddles multiple areas. This is invalid!
Occluder "" straddles multiple areas. This is invalid!
Occluder "" straddles multiple areas. This is invalid!
Occluder "" straddles multiple areas. This is invalid!
Occluder "" straddles multiple areas. This is invalid!
Occluder "" straddles multiple areas. This is invalid!
Chop Details...done (0)
Find Visible Detail Sides...
Merged 606 detail faces...done (0)
Merging details...done (0)
FixTjuncs...
PruneNodes...
WriteBSP...
done (0)
writing c:\users\rtaab\documents\hammer\reverse_dead_air\r_c11m1_greenhouse.prt...Building visibility clusters...
done (0)
Finding displacement neighbors...
Found a displacement edge abutting multiple other edges.
Finding lightmap sample positions...
Displacement Alpha : 0...1...2...3...4...5...6...7...8...9...10
Building Physics collision data...
done (1) (1004704 bytes)
Cannot build Physics2 data
                                                             -----------
DataLinker total stream size                                     0.0 KiB
Placing detail props : 0...1...2...3...4...5...6...7...8...9...10
Compacting texture/material tables...
Reduced 4839 texinfos to 2908
Reduced 433 texdatas to 352 (19331 bytes to 16076)
Writing c:\users\rtaab\documents\hammer\reverse_dead_air\r_c11m1_greenhouse.bsp
12 seconds elapsed



8 threads
reading c:\users\rtaab\documents\hammer\reverse_dead_air\r_c11m1_greenhouse.bsp
max farz in all env_fog_controller entities: 9000.000000 (used for radial vis)
reading c:\users\rtaab\documents\hammer\reverse_dead_air\r_c11m1_greenhouse.prt
  53 portalclusters
 157 numportals
0...1...2...3...4...5...6...7...8...9...10Optimized: 56 visible clusters (0.00%)
Total clusters visible: 1663
Average clusters visible: 31
Building PAS...
Average clusters audible: 51
visdatasize:1217  compressed from 848
writing c:\users\rtaab\documents\hammer\reverse_dead_air\r_c11m1_greenhouse.bsp
0 seconds elapsed



Using shader api: shaderapiempty.dll
materialPath: D:\programfile\steam\steamapps\common\left 4 dead 2\left4dead2\materials
Loading c:\users\rtaab\documents\hammer\reverse_dead_air\r_c11m1_greenhouse.vmf
fixing up env_cubemap materials on brush sides...
0...1...2...3...4...5...6...7...8...9...100...1...2...3...4...5...6...7...8...9...10Processing areas...Wrote c:\users\rtaab\documents\hammer\reverse_dead_air\r_c11m1_greenhouse.lin
Areaportal leak ! File: c:\users\rtaab\documents\hammer\reverse_dead_air\r_c11m1_greenhouse.lin 
Brush 8079331: areaportal brush doesn't touch two areas

Brush 8079331: areaportal brush doesn't touch two areas
done (0)
Building Faces...done (0)
Occluder "" straddles multiple areas. This is invalid!
Occluder "" straddles multiple areas. This is invalid!
Occluder "" straddles multiple areas. This is invalid!
Occluder "" straddles multiple areas. This is invalid!
Occluder "" straddles multiple areas. This is invalid!
Occluder "" straddles multiple areas. This is invalid!
Occluder "" straddles multiple areas. This is invalid!
Occluder "" straddles multiple areas. This is invalid!
Occluder "" straddles multiple areas. This is invalid!
Chop Details...done (0)
Find Visible Detail Sides...
Merged 606 detail faces...done (0)
Merging details...done (0)
FixTjuncs...
PruneNodes...
WriteBSP...
done (0)
writing c:\users\rtaab\documents\hammer\reverse_dead_air\r_c11m1_greenhouse.prt...Building visibility clusters...
done (0)
Finding displacement neighbors...
Found a displacement edge abutting multiple other edges.
Finding lightmap sample positions...
Displacement Alpha : 0...1...2...3...4...5...6...7...8...9...10
Building Physics collision data...
done (1) (1004704 bytes)
Cannot build Physics2 data
                                                             -----------
DataLinker total stream size                                     0.0 KiB
Placing detail props : 0...1...2...3...4...5...6...7...8...9...10
Compacting texture/material tables...
Reduced 4839 texinfos to 2908
Reduced 433 texdatas to 352 (19331 bytes to 16076)
Writing c:\users\rtaab\documents\hammer\reverse_dead_air\r_c11m1_greenhouse.bsp
12 seconds elapsed



8 threads
reading c:\users\rtaab\documents\hammer\reverse_dead_air\r_c11m1_greenhouse.bsp
max farz in all env_fog_controller entities: 9000.000000 (used for radial vis)
reading c:\users\rtaab\documents\hammer\reverse_dead_air\r_c11m1_greenhouse.prt
  53 portalclusters
 157 numportals
0...1...2...3...4...5...6...7...8...9...10Optimized: 56 visible clusters (0.00%)
Total clusters visible: 1663
Average clusters visible: 31
Building PAS...
Average clusters audible: 51
visdatasize:1217  compressed from 848
writing c:\users\rtaab\documents\hammer\reverse_dead_air\r_c11m1_greenhouse.bsp
0 seconds elapsed



Using shader api: shaderapiempty.dll
materialPath: D:\programfile\steam\steamapps\common\left 4 dead 2\left4dead2\materials
Loading c:\users\rtaab\documents\hammer\reverse_dead_air\r_c11m1_greenhouse.vmf
fixing up env_cubemap materials on brush sides...
0...1...2...3...4...5...6...7...8...9...100...1...2...3...4...5...6...7...8...9...10Processing areas...Wrote c:\users\rtaab\documents\hammer\reverse_dead_air\r_c11m1_greenhouse.lin
Areaportal leak ! File: c:\users\rtaab\documents\hammer\reverse_dead_air\r_c11m1_greenhouse.lin 
Brush 8079331: areaportal brush doesn't touch two areas

Brush 8079331: areaportal brush doesn't touch two areas
done (0)
Building Faces...done (0)
Occluder "" straddles multiple areas. This is invalid!
Occluder "" straddles multiple areas. This is invalid!
Occluder "" straddles multiple areas. This is invalid!
Occluder "" straddles multiple areas. This is invalid!
Occluder "" straddles multiple areas. This is invalid!
Occluder "" straddles multiple areas. This is invalid!
Occluder "" straddles multiple areas. This is invalid!
Occluder "" straddles multiple areas. This is invalid!
Occluder "" straddles multiple areas. This is invalid!
Chop Details...done (0)
Find Visible Detail Sides...
Merged 606 detail faces...done (0)
Merging details...done (0)
FixTjuncs...
PruneNodes...
WriteBSP...
done (0)
writing c:\users\rtaab\documents\hammer\reverse_dead_air\r_c11m1_greenhouse.prt...Building visibility clusters...
done (0)
Finding displacement neighbors...
Found a displacement edge abutting multiple other edges.
Finding lightmap sample positions...
Displacement Alpha : 0...1...2...3...4...5...6...7...8...9...10
Building Physics collision data...
done (1) (998089 bytes)
Cannot build Physics2 data
                                                             -----------
DataLinker total stream size                                     0.0 KiB
Placing detail props : 0...1...2...3...4...5...6...7...8...9...10
Compacting texture/material tables...
Reduced 4836 texinfos to 2903
Reduced 433 texdatas to 352 (19331 bytes to 16076)
Writing c:\users\rtaab\documents\hammer\reverse_dead_air\r_c11m1_greenhouse.bsp
12 seconds elapsed



8 threads
reading c:\users\rtaab\documents\hammer\reverse_dead_air\r_c11m1_greenhouse.bsp
max farz in all env_fog_controller entities: 9000.000000 (used for radial vis)
reading c:\users\rtaab\documents\hammer\reverse_dead_air\r_c11m1_greenhouse.prt
1055 portalclusters
2755 numportals
0...1...2...3...4...5...6...7...8...9...10Optimized: 37821 visible clusters (0.00%)
Total clusters visible: 845003
Average clusters visible: 800
Building PAS...
Average clusters audible: 1040
visdatasize:277010  compressed from 286960
writing c:\users\rtaab\documents\hammer\reverse_dead_air\r_c11m1_greenhouse.bsp
0 seconds elapsed



Using shader api: shaderapiempty.dll
materialPath: D:\programfile\steam\steamapps\common\left 4 dead 2\left4dead2\materials
Loading c:\users\rtaab\documents\hammer\reverse_dead_air\r_c11m1_greenhouse.vmf
fixing up env_cubemap materials on brush sides...
0...1...2...3...4...5...6...7...8...9...100...1...2...3...4...5...6...7...8...9...10Processing areas...Wrote c:\users\rtaab\documents\hammer\reverse_dead_air\r_c11m1_greenhouse.lin
Areaportal leak ! File: c:\users\rtaab\documents\hammer\reverse_dead_air\r_c11m1_greenhouse.lin 
Brush 8079331: areaportal brush doesn't touch two areas

Brush 8079331: areaportal brush doesn't touch two areas
done (0)
Building Faces...done (0)
Occluder "" straddles multiple areas. This is invalid!
Occluder "" straddles multiple areas. This is invalid!
Occluder "" straddles multiple areas. This is invalid!
Occluder "" straddles multiple areas. This is invalid!
Occluder "" straddles multiple areas. This is invalid!
Occluder "" straddles multiple areas. This is invalid!
Occluder "" straddles multiple areas. This is invalid!
Occluder "" straddles multiple areas. This is invalid!
Occluder "" straddles multiple areas. This is invalid!
Chop Details...done (0)
Find Visible Detail Sides...
Merged 606 detail faces...done (0)
Merging details...done (0)
FixTjuncs...
PruneNodes...
WriteBSP...
done (0)
writing c:\users\rtaab\documents\hammer\reverse_dead_air\r_c11m1_greenhouse.prt...Building visibility clusters...
done (0)
Finding displacement neighbors...
Found a displacement edge abutting multiple other edges.
Finding lightmap sample positions...
Displacement Alpha : 0...1...2...3...4...5...6...7...8...9...10
Building Physics collision data...
done (1) (998089 bytes)
Cannot build Physics2 data
                                                             -----------
DataLinker total stream size                                     0.0 KiB
Placing detail props : 0...1...2...3...4...5...6...7...8...9...10
Compacting texture/material tables...
Reduced 4836 texinfos to 2903
Reduced 433 texdatas to 352 (19331 bytes to 16076)
Writing c:\users\rtaab\documents\hammer\reverse_dead_air\r_c11m1_greenhouse.bsp
12 seconds elapsed



8 threads
reading c:\users\rtaab\documents\hammer\reverse_dead_air\r_c11m1_greenhouse.bsp
max farz in all env_fog_controller entities: 9000.000000 (used for radial vis)
reading c:\users\rtaab\documents\hammer\reverse_dead_air\r_c11m1_greenhouse.prt
1055 portalclusters
2755 numportals
0...1...2...3...4...5...6...7...8...9...10Optimized: 37821 visible clusters (0.00%)
Total clusters visible: 845003
Average clusters visible: 800
Building PAS...
Average clusters audible: 1040
visdatasize:277010  compressed from 286960
writing c:\users\rtaab\documents\hammer\reverse_dead_air\r_c11m1_greenhouse.bsp
0 seconds elapsed



Using shader api: shaderapiempty.dll
materialPath: D:\programfile\steam\steamapps\common\left 4 dead 2\left4dead2\materials
Loading c:\users\rtaab\documents\hammer\reverse_dead_air\r_c11m1_greenhouse.vmf
fixing up env_cubemap materials on brush sides...
0...1...2...3...4...5...6...7...8...9...100...1...2...3...4...5...6...7...8...9...10Processing areas...Wrote c:\users\rtaab\documents\hammer\reverse_dead_air\r_c11m1_greenhouse.lin
Areaportal leak ! File: c:\users\rtaab\documents\hammer\reverse_dead_air\r_c11m1_greenhouse.lin 
Brush 8079331: areaportal brush doesn't touch two areas

Brush 8079331: areaportal brush doesn't touch two areas
done (0)
Building Faces...done (0)
Occluder "" straddles multiple areas. This is invalid!
Occluder "" straddles multiple areas. This is invalid!
Occluder "" straddles multiple areas. This is invalid!
Occluder "" straddles multiple areas. This is invalid!
Occluder "" straddles multiple areas. This is invalid!
Occluder "" straddles multiple areas. This is invalid!
Occluder "" straddles multiple areas. This is invalid!
Occluder "" straddles multiple areas. This is invalid!
Occluder "" straddles multiple areas. This is invalid!
Chop Details...done (0)
Find Visible Detail Sides...
Merged 606 detail faces...done (0)
Merging details...done (0)
FixTjuncs...
PruneNodes...
WriteBSP...
done (0)
writing c:\users\rtaab\documents\hammer\reverse_dead_air\r_c11m1_greenhouse.prt...Building visibility clusters...
done (0)
Finding displacement neighbors...
Found a displacement edge abutting multiple other edges.
Finding lightmap sample positions...
Displacement Alpha : 0...1...2...3...4...5...6...7...8...9...10
Building Physics collision data...
done (1) (997531 bytes)
Cannot build Physics2 data
                                                             -----------
DataLinker total stream size                                     0.0 KiB
Placing detail props : 0...1...2...3...4...5...6...7...8...9...10
Compacting texture/material tables...
Reduced 4833 texinfos to 2900
Reduced 433 texdatas to 352 (19331 bytes to 16076)
Writing c:\users\rtaab\documents\hammer\reverse_dead_air\r_c11m1_greenhouse.bsp
12 seconds elapsed



8 threads
reading c:\users\rtaab\documents\hammer\reverse_dead_air\r_c11m1_greenhouse.bsp
max farz in all env_fog_controller entities: 9000.000000 (used for radial vis)
reading c:\users\rtaab\documents\hammer\reverse_dead_air\r_c11m1_greenhouse.prt
1055 portalclusters
2755 numportals
0...1...2...3...4...5...6...7...8...9...10Optimized: 37821 visible clusters (0.00%)
Total clusters visible: 845003
Average clusters visible: 800
Building PAS...
Average clusters audible: 1040
visdatasize:277010  compressed from 286960
writing c:\users\rtaab\documents\hammer\reverse_dead_air\r_c11m1_greenhouse.bsp
0 seconds elapsed



Using shader api: shaderapiempty.dll
materialPath: D:\programfile\steam\steamapps\common\left 4 dead 2\left4dead2\materials
Loading c:\users\rtaab\documents\hammer\reverse_dead_air\r_c11m1_greenhouse.vmf
fixing up env_cubemap materials on brush sides...
0...1...2...3...4...5...6...7...8...9...100...1...2...3...4...5...6...7...8...9...10Processing areas...Wrote c:\users\rtaab\documents\hammer\reverse_dead_air\r_c11m1_greenhouse.lin
Areaportal leak ! File: c:\users\rtaab\documents\hammer\reverse_dead_air\r_c11m1_greenhouse.lin 
Brush 8079331: areaportal brush doesn't touch two areas

Brush 8079331: areaportal brush doesn't touch two areas
done (0)
Building Faces...done (0)
Occluder "" straddles multiple areas. This is invalid!
Occluder "" straddles multiple areas. This is invalid!
Occluder "" straddles multiple areas. This is invalid!
Occluder "" straddles multiple areas. This is invalid!
Occluder "" straddles multiple areas. This is invalid!
Occluder "" straddles multiple areas. This is invalid!
Occluder "" straddles multiple areas. This is invalid!
Occluder "" straddles multiple areas. This is invalid!
Occluder "" straddles multiple areas. This is invalid!
Chop Details...done (0)
Find Visible Detail Sides...
Merged 606 detail faces...done (0)
Merging details...done (0)
FixTjuncs...
PruneNodes...
WriteBSP...
done (0)
writing c:\users\rtaab\documents\hammer\reverse_dead_air\r_c11m1_greenhouse.prt...Building visibility clusters...
done (0)
Finding displacement neighbors...
Found a displacement edge abutting multiple other edges.
Finding lightmap sample positions...
Displacement Alpha : 0...1...2...3...4...5...6...7...8...9...10
Building Physics collision data...
done (1) (997531 bytes)
Cannot build Physics2 data
                                                             -----------
DataLinker total stream size                                     0.0 KiB
Placing detail props : 0...1...2...3...4...5...6...7...8...9...10
Compacting texture/material tables...
Reduced 4833 texinfos to 2900
Reduced 433 texdatas to 352 (19331 bytes to 16076)
Writing c:\users\rtaab\documents\hammer\reverse_dead_air\r_c11m1_greenhouse.bsp
12 seconds elapsed



8 threads
reading c:\users\rtaab\documents\hammer\reverse_dead_air\r_c11m1_greenhouse.bsp
max farz in all env_fog_controller entities: 9000.000000 (used for radial vis)
reading c:\users\rtaab\documents\hammer\reverse_dead_air\r_c11m1_greenhouse.prt
1055 portalclusters
2755 numportals
0...1...2...3...4...5...6...7...8...9...10Optimized: 37821 visible clusters (0.00%)
Total clusters visible: 845003
Average clusters visible: 800
Building PAS...
Average clusters audible: 1040
visdatasize:277010  compressed from 286960
writing c:\users\rtaab\documents\hammer\reverse_dead_air\r_c11m1_greenhouse.bsp
0 seconds elapsed



Using shader api: shaderapiempty.dll
materialPath: D:\programfile\steam\steamapps\common\left 4 dead 2\left4dead2\materials
Loading c:\users\rtaab\documents\hammer\reverse_dead_air\r_c11m1_greenhouse.vmf
fixing up env_cubemap materials on brush sides...
0...1...2...3...4...5...6...7...8...9...100...1...2...3...4...5...6...7...8...9...10Processing areas...Wrote c:\users\rtaab\documents\hammer\reverse_dead_air\r_c11m1_greenhouse.lin
Areaportal leak ! File: c:\users\rtaab\documents\hammer\reverse_dead_air\r_c11m1_greenhouse.lin 
Brush 8079331: areaportal brush doesn't touch two areas

Brush 8079331: areaportal brush doesn't touch two areas
done (0)
Building Faces...done (0)
Occluder "" straddles multiple areas. This is invalid!
Occluder "" straddles multiple areas. This is invalid!
Occluder "" straddles multiple areas. This is invalid!
Occluder "" straddles multiple areas. This is invalid!
Occluder "" straddles multiple areas. This is invalid!
Occluder "" straddles multiple areas. This is invalid!
Occluder "" straddles multiple areas. This is invalid!
Occluder "" straddles multiple areas. This is invalid!
Occluder "" straddles multiple areas. This is invalid!
Chop Details...done (0)
Find Visible Detail Sides...
Merged 606 detail faces...done (0)
Merging details...done (0)
FixTjuncs...
PruneNodes...
WriteBSP...
done (0)
writing c:\users\rtaab\documents\hammer\reverse_dead_air\r_c11m1_greenhouse.prt...Building visibility clusters...
done (0)
Finding displacement neighbors...
Found a displacement edge abutting multiple other edges.
Finding lightmap sample positions...
Displacement Alpha : 0...1...2...3...4...5...6...7...8...9...10
Building Physics collision data...
done (1) (997531 bytes)
Cannot build Physics2 data
                                                             -----------
DataLinker total stream size                                     0.0 KiB



Using shader api: shaderapiempty.dll
materialPath: D:\programfile\steam\steamapps\common\left 4 dead 2\left4dead2\materials
Loading c:\users\rtaab\documents\hammer\reverse_dead_air\r_c11m1_greenhouse.vmf
fixing up env_cubemap materials on brush sides...
0...1...2...3...4...5...6...7...8...9...100...1...2...3...4...5...6...7...8...9...10Processing areas...Wrote c:\users\rtaab\documents\hammer\reverse_dead_air\r_c11m1_greenhouse.lin
Areaportal leak ! File: c:\users\rtaab\documents\hammer\reverse_dead_air\r_c11m1_greenhouse.lin 
Brush 8079532: areaportal brush doesn't touch two areas

Brush 8079303: areaportal brush doesn't touch two areas

Brush 8079303: areaportal brush doesn't touch two areas

Brush 8079331: areaportal brush doesn't touch two areas

Brush 8079331: areaportal brush doesn't touch two areas
done (0)
Building Faces...done (0)
Occluder "" straddles multiple areas. This is invalid!
Occluder "" straddles multiple areas. This is invalid!
Occluder "" straddles multiple areas. This is invalid!
Occluder "" straddles multiple areas. This is invalid!
Occluder "" straddles multiple areas. This is invalid!
Occluder "" straddles multiple areas. This is invalid!
Occluder "" straddles multiple areas. This is invalid!
Occluder "" straddles multiple areas. This is invalid!
Occluder "" straddles multiple areas. This is invalid!
Chop Details...done (0)
Find Visible Detail Sides...
Merged 606 detail faces...done (0)
Merging details...done (0)
FixTjuncs...
PruneNodes...
WriteBSP...
done (0)
writing c:\users\rtaab\documents\hammer\reverse_dead_air\r_c11m1_greenhouse.prt...Building visibility clusters...
done (0)
Finding displacement neighbors...
Found a displacement edge abutting multiple other edges.
Finding lightmap sample positions...
Displacement Alpha : 0...1...2...3...4...5...6...7...8...9...10
Building Physics collision data...
done (1) (997531 bytes)
Cannot build Physics2 data
                                                             -----------
DataLinker total stream size                                     0.0 KiB



Using shader api: shaderapiempty.dll
materialPath: D:\programfile\steam\steamapps\common\left 4 dead 2\left4dead2\materials
Loading c:\users\rtaab\documents\hammer\reverse_dead_air\r_c11m1_greenhouse.vmf
fixing up env_cubemap materials on brush sides...
0...1...2...3...4...5...6...7...8...9...100...1...2...3...4...5...6...7...8...9...10Processing areas...Wrote c:\users\rtaab\documents\hammer\reverse_dead_air\r_c11m1_greenhouse.lin
Areaportal leak ! File: c:\users\rtaab\documents\hammer\reverse_dead_air\r_c11m1_greenhouse.lin 
Brush 8079532: areaportal brush doesn't touch two areas

Brush 8079303: areaportal brush doesn't touch two areas

Brush 8079303: areaportal brush doesn't touch two areas

Brush 8079331: areaportal brush doesn't touch two areas

Brush 8079331: areaportal brush doesn't touch two areas
done (0)
Building Faces...done (0)
Occluder "" straddles multiple areas. This is invalid!
Occluder "" straddles multiple areas. This is invalid!
Occluder "" straddles multiple areas. This is invalid!
Occluder "" straddles multiple areas. This is invalid!
Occluder "" straddles multiple areas. This is invalid!
Occluder "" straddles multiple areas. This is invalid!
Occluder "" straddles multiple areas. This is invalid!
Occluder "" straddles multiple areas. This is invalid!
Occluder "" straddles multiple areas. This is invalid!
Chop Details...done (0)
Find Visible Detail Sides...
Merged 606 detail faces...done (0)
Merging details...done (0)
FixTjuncs...
PruneNodes...
WriteBSP...
done (0)
writing c:\users\rtaab\documents\hammer\reverse_dead_air\r_c11m1_greenhouse.prt...Building visibility clusters...
done (0)
Finding displacement neighbors...
Found a displacement edge abutting multiple other edges.
Finding lightmap sample positions...
Displacement Alpha : 0...1...2...3...4...5...6...7...8...9...10
Building Physics collision data...
done (1) (997531 bytes)
Cannot build Physics2 data
                                                             -----------
DataLinker total stream size                                     0.0 KiB



Using shader api: shaderapiempty.dll
materialPath: D:\programfile\steam\steamapps\common\left 4 dead 2\left4dead2\materials
Loading c:\users\rtaab\documents\hammer\reverse_dead_air\r_c11m1_greenhouse.vmf
fixing up env_cubemap materials on brush sides...
0...1...2...3...4...5...6...7...8...9...100...1...2...3...4...5...6...7...8...9...10Processing areas...
Brush 8079330: areaportal brush doesn't touch two areas
done (0)
Building Faces...done (0)
Occluder "" straddles multiple areas. This is invalid!
Occluder "" straddles multiple areas. This is invalid!
Occluder "" straddles multiple areas. This is invalid!
Occluder "" straddles multiple areas. This is invalid!
Occluder "" straddles multiple areas. This is invalid!
Occluder "" straddles multiple areas. This is invalid!
Occluder "" straddles multiple areas. This is invalid!
Occluder "" straddles multiple areas. This is invalid!
Occluder "" straddles multiple areas. This is invalid!
Chop Details...done (0)
Find Visible Detail Sides...
Merged 606 detail faces...done (0)
Merging details...done (0)
FixTjuncs...
PruneNodes...
WriteBSP...
done (0)
writing c:\users\rtaab\documents\hammer\reverse_dead_air\r_c11m1_greenhouse.prt...Building visibility clusters...
done (0)
Finding displacement neighbors...
Found a displacement edge abutting multiple other edges.
Finding lightmap sample positions...
Displacement Alpha : 0...1...2...3...4...5...6...7...8...9...10
Building Physics collision data...
done (1) (996976 bytes)
Cannot build Physics2 data
                                                             -----------
DataLinker total stream size                                     0.0 KiB
Placing detail props : 0...1...2...3...4...5...6...7...8...9...10
Compacting texture/material tables...
Reduced 4830 texinfos to 2900
Reduced 433 texdatas to 352 (19331 bytes to 16076)
Writing c:\users\rtaab\documents\hammer\reverse_dead_air\r_c11m1_greenhouse.bsp
12 seconds elapsed



8 threads
reading c:\users\rtaab\documents\hammer\reverse_dead_air\r_c11m1_greenhouse.bsp
max farz in all env_fog_controller entities: 9000.000000 (used for radial vis)
reading c:\users\rtaab\documents\hammer\reverse_dead_air\r_c11m1_greenhouse.prt
1055 portalclusters
2756 numportals
0...1...2...3...4...5...6...7...8...9...10Optimized: 37394 visible clusters (0.00%)
Total clusters visible: 845492
Average clusters visible: 801
Building PAS...
Average clusters audible: 1040
visdatasize:277012  compressed from 286960
writing c:\users\rtaab\documents\hammer\reverse_dead_air\r_c11m1_greenhouse.bsp
0 seconds elapsed



Using shader api: shaderapiempty.dll
materialPath: D:\programfile\steam\steamapps\common\left 4 dead 2\left4dead2\materials
Loading c:\users\rtaab\documents\hammer\reverse_dead_air\r_c11m1_greenhouse.vmf
fixing up env_cubemap materials on brush sides...
0...1...2...3...4...5...6...7...8...9...100...1...2...3...4...5...6...7...8...9...10Processing areas...
Brush 8079330: areaportal brush doesn't touch two areas
done (0)
Building Faces...done (0)
Occluder "" straddles multiple areas. This is invalid!
Occluder "" straddles multiple areas. This is invalid!
Occluder "" straddles multiple areas. This is invalid!
Occluder "" straddles multiple areas. This is invalid!
Occluder "" straddles multiple areas. This is invalid!
Occluder "" straddles multiple areas. This is invalid!
Occluder "" straddles multiple areas. This is invalid!
Occluder "" straddles multiple areas. This is invalid!
Occluder "" straddles multiple areas. This is invalid!
Chop Details...done (0)
Find Visible Detail Sides...
Merged 606 detail faces...done (0)
Merging details...done (0)
FixTjuncs...
PruneNodes...
WriteBSP...
done (0)
writing c:\users\rtaab\documents\hammer\reverse_dead_air\r_c11m1_greenhouse.prt...Building visibility clusters...
done (0)
Finding displacement neighbors...
Found a displacement edge abutting multiple other edges.
Finding lightmap sample positions...
Displacement Alpha : 0...1...2...3...4...5...6...7...8...9...10
Building Physics collision data...
done (1) (996976 bytes)
Cannot build Physics2 data
                                                             -----------
DataLinker total stream size                                     0.0 KiB
Placing detail props : 0...1...2...3...4...5...6...7...8...9...10
Compacting texture/material tables...
Reduced 4830 texinfos to 2900
Reduced 433 texdatas to 352 (19331 bytes to 16076)
Writing c:\users\rtaab\documents\hammer\reverse_dead_air\r_c11m1_greenhouse.bsp
12 seconds elapsed



8 threads
reading c:\users\rtaab\documents\hammer\reverse_dead_air\r_c11m1_greenhouse.bsp
max farz in all env_fog_controller entities: 9000.000000 (used for radial vis)
reading c:\users\rtaab\documents\hammer\reverse_dead_air\r_c11m1_greenhouse.prt
1055 portalclusters
2756 numportals
0...1...2...3...4...5...6...7...8...9...10Optimized: 37394 visible clusters (0.00%)
Total clusters visible: 845492
Average clusters visible: 801
Building PAS...
Average clusters audible: 1040
visdatasize:277012  compressed from 286960
writing c:\users\rtaab\documents\hammer\reverse_dead_air\r_c11m1_greenhouse.bsp
0 seconds elapsed



Using shader api: shaderapiempty.dll
materialPath: D:\programfile\steam\steamapps\common\left 4 dead 2\left4dead2\materials
Loading c:\users\rtaab\documents\hammer\reverse_dead_air\r_c11m1_greenhouse.vmf
fixing up env_cubemap materials on brush sides...
0...1...2...3...4...5...6...7...8...9...100...1...2...3...4...5...6...7...8...9...10Processing areas...
Brush 8079330: areaportal brush doesn't touch two areas
done (0)
Building Faces...done (0)
Occluder "" straddles multiple areas. This is invalid!
Occluder "" straddles multiple areas. This is invalid!
Occluder "" straddles multiple areas. This is invalid!
Occluder "" straddles multiple areas. This is invalid!
Occluder "" straddles multiple areas. This is invalid!
Occluder "" straddles multiple areas. This is invalid!
Occluder "" straddles multiple areas. This is invalid!
Occluder "" straddles multiple areas. This is invalid!
Occluder "" straddles multiple areas. This is invalid!
Chop Details...done (0)
Find Visible Detail Sides...
Merged 606 detail faces...done (0)
Merging details...done (0)
FixTjuncs...
PruneNodes...
WriteBSP...
done (0)
writing c:\users\rtaab\documents\hammer\reverse_dead_air\r_c11m1_greenhouse.prt...Building visibility clusters...
done (0)
Finding displacement neighbors...
Found a displacement edge abutting multiple other edges.
Finding lightmap sample positions...
Displacement Alpha : 0...1...2...3...4...5...6...7...8...9...10
Building Physics collision data...
done (1) (996976 bytes)
Cannot build Physics2 data
                                                             -----------
DataLinker total stream size                                     0.0 KiB
Placing detail props : 0...1...2...3...4...5...6...7...8...9...10
Compacting texture/material tables...
Reduced 4830 texinfos to 2900
Reduced 433 texdatas to 352 (19331 bytes to 16076)
Writing c:\users\rtaab\documents\hammer\reverse_dead_air\r_c11m1_greenhouse.bsp
12 seconds elapsed



8 threads
reading c:\users\rtaab\documents\hammer\reverse_dead_air\r_c11m1_greenhouse.bsp
max farz in all env_fog_controller entities: 9000.000000 (used for radial vis)
reading c:\users\rtaab\documents\hammer\reverse_dead_air\r_c11m1_greenhouse.prt
1055 portalclusters
2756 numportals
0...1...2...3...4...5...6...7...8...9...10Optimized: 37394 visible clusters (0.00%)
Total clusters visible: 845492
Average clusters visible: 801
Building PAS...
Average clusters audible: 1040
visdatasize:277012  compressed from 286960
writing c:\users\rtaab\documents\hammer\reverse_dead_air\r_c11m1_greenhouse.bsp
0 seconds elapsed



Using shader api: shaderapiempty.dll
materialPath: D:\programfile\steam\steamapps\common\left 4 dead 2\left4dead2\materials
Loading c:\users\rtaab\documents\hammer\reverse_dead_air\r_c11m1_greenhouse.vmf
fixing up env_cubemap materials on brush sides...
0...1...2...3...4...5...6...7...8...9...100...1...2...3...4...5...6...7...8...9...10Processing areas...
Brush 8079330: areaportal brush doesn't touch two areas
done (0)
Building Faces...done (0)
Occluder "" straddles multiple areas. This is invalid!
Occluder "" straddles multiple areas. This is invalid!
Occluder "" straddles multiple areas. This is invalid!
Occluder "" straddles multiple areas. This is invalid!
Occluder "" straddles multiple areas. This is invalid!
Occluder "" straddles multiple areas. This is invalid!
Occluder "" straddles multiple areas. This is invalid!
Occluder "" straddles multiple areas. This is invalid!
Occluder "" straddles multiple areas. This is invalid!
Chop Details...done (0)
Find Visible Detail Sides...
Merged 606 detail faces...done (0)
Merging details...done (0)
FixTjuncs...
PruneNodes...
WriteBSP...
done (0)
writing c:\users\rtaab\documents\hammer\reverse_dead_air\r_c11m1_greenhouse.prt...Building visibility clusters...
done (0)
Finding displacement neighbors...
Found a displacement edge abutting multiple other edges.
Finding lightmap sample positions...
Displacement Alpha : 0...1...2...3...4...5...6...7...8...9...10
Building Physics collision data...
done (1) (996976 bytes)
Cannot build Physics2 data
                                                             -----------
DataLinker total stream size                                     0.0 KiB
Placing detail props : 0...1...2...3...4...5...6...7...8...9...10
Compacting texture/material tables...
Reduced 4830 texinfos to 2900
Reduced 433 texdatas to 352 (19331 bytes to 16076)
Writing c:\users\rtaab\documents\hammer\reverse_dead_air\r_c11m1_greenhouse.bsp
12 seconds elapsed



8 threads
reading c:\users\rtaab\documents\hammer\reverse_dead_air\r_c11m1_greenhouse.bsp
max farz in all env_fog_controller entities: 9000.000000 (used for radial vis)
reading c:\users\rtaab\documents\hammer\reverse_dead_air\r_c11m1_greenhouse.prt
1055 portalclusters
2756 numportals
0...1...2...3...4...5...6...7...8...9...10Optimized: 37394 visible clusters (0.00%)
Total clusters visible: 845492
Average clusters visible: 801
Building PAS...
Average clusters audible: 1040
visdatasize:277012  compressed from 286960
writing c:\users\rtaab\documents\hammer\reverse_dead_air\r_c11m1_greenhouse.bsp
0 seconds elapsed



Using shader api: shaderapiempty.dll
materialPath: D:\programfile\steam\steamapps\common\left 4 dead 2\left4dead2\materials
Loading c:\users\rtaab\documents\hammer\reverse_dead_air\r_c11m1_greenhouse.vmf
fixing up env_cubemap materials on brush sides...
0...1...2...3...4...5...6...7...8...9...100...1...2...3...4...5...6...7...8...9...10Processing areas...
Brush 8079330: areaportal brush doesn't touch two areas
done (0)
Building Faces...done (0)
Occluder "" straddles multiple areas. This is invalid!
Occluder "" straddles multiple areas. This is invalid!
Occluder "" straddles multiple areas. This is invalid!
Occluder "" straddles multiple areas. This is invalid!
Occluder "" straddles multiple areas. This is invalid!
Occluder "" straddles multiple areas. This is invalid!
Occluder "" straddles multiple areas. This is invalid!
Occluder "" straddles multiple areas. This is invalid!
Occluder "" straddles multiple areas. This is invalid!
Chop Details...done (0)
Find Visible Detail Sides...
Merged 606 detail faces...done (0)
Merging details...done (0)
FixTjuncs...
PruneNodes...
WriteBSP...
done (0)
writing c:\users\rtaab\documents\hammer\reverse_dead_air\r_c11m1_greenhouse.prt...Building visibility clusters...
done (0)
Finding displacement neighbors...
Found a displacement edge abutting multiple other edges.
Finding lightmap sample positions...
Displacement Alpha : 0...1...2...3...4...5...6...7...8...9...10
Building Physics collision data...
done (1) (996976 bytes)
Cannot build Physics2 data
                                                             -----------
DataLinker total stream size                                     0.0 KiB
Placing detail props : 0...1...2...3...4...5...6...7...8...9...10
Compacting texture/material tables...
Reduced 4830 texinfos to 2900
Reduced 433 texdatas to 352 (19331 bytes to 16076)
Writing c:\users\rtaab\documents\hammer\reverse_dead_air\r_c11m1_greenhouse.bsp
12 seconds elapsed



8 threads
reading c:\users\rtaab\documents\hammer\reverse_dead_air\r_c11m1_greenhouse.bsp
max farz in all env_fog_controller entities: 9000.000000 (used for radial vis)
reading c:\users\rtaab\documents\hammer\reverse_dead_air\r_c11m1_greenhouse.prt
1055 portalclusters
2756 numportals
0...1...2...3...4...5...6...7...8...9...10Optimized: 37394 visible clusters (0.00%)
Total clusters visible: 845492
Average clusters visible: 801
Building PAS...
Average clusters audible: 1040
visdatasize:277012  compressed from 286960
writing c:\users\rtaab\documents\hammer\reverse_dead_air\r_c11m1_greenhouse.bsp
0 seconds elapsed



Using shader api: shaderapiempty.dll
materialPath: D:\programfile\steam\steamapps\common\left 4 dead 2\left4dead2\materials
Loading c:\users\rtaab\documents\hammer\reverse_dead_air\r_c11m1_greenhouse.vmf
fixing up env_cubemap materials on brush sides...
0...1...2...3...4...5...6...7...8...9...100...1...2...3...4...5...6...7...8...9...10Processing areas...
Brush 8079330: areaportal brush doesn't touch two areas
done (0)
Building Faces...done (0)
Occluder "" straddles multiple areas. This is invalid!
Occluder "" straddles multiple areas. This is invalid!
Occluder "" straddles multiple areas. This is invalid!
Occluder "" straddles multiple areas. This is invalid!
Occluder "" straddles multiple areas. This is invalid!
Occluder "" straddles multiple areas. This is invalid!
Occluder "" straddles multiple areas. This is invalid!
Occluder "" straddles multiple areas. This is invalid!
Occluder "" straddles multiple areas. This is invalid!
Chop Details...done (0)
Find Visible Detail Sides...
Merged 606 detail faces...done (0)
Merging details...done (0)
FixTjuncs...
PruneNodes...
WriteBSP...
done (0)
writing c:\users\rtaab\documents\hammer\reverse_dead_air\r_c11m1_greenhouse.prt...Building visibility clusters...
done (0)
Finding displacement neighbors...
Found a displacement edge abutting multiple other edges.
Finding lightmap sample positions...
Displacement Alpha : 0...1...2...3...4...5...6...7...8...9...10
Building Physics collision data...
done (1) (996976 bytes)
Cannot build Physics2 data
                                                             -----------
DataLinker total stream size                                     0.0 KiB
Placing detail props : 0...1...2...3...4...5...6...7...8...9...10
Compacting texture/material tables...
Reduced 4830 texinfos to 2900
Reduced 433 texdatas to 352 (19331 bytes to 16076)
Writing c:\users\rtaab\documents\hammer\reverse_dead_air\r_c11m1_greenhouse.bsp
12 seconds elapsed



8 threads
reading c:\users\rtaab\documents\hammer\reverse_dead_air\r_c11m1_greenhouse.bsp
max farz in all env_fog_controller entities: 9000.000000 (used for radial vis)
reading c:\users\rtaab\documents\hammer\reverse_dead_air\r_c11m1_greenhouse.prt
1055 portalclusters
2756 numportals
0...1...2...3...4...5...6...7...8...9...10Optimized: 37394 visible clusters (0.00%)
Total clusters visible: 845492
Average clusters visible: 801
Building PAS...
Average clusters audible: 1040
visdatasize:277012  compressed from 286960
writing c:\users\rtaab\documents\hammer\reverse_dead_air\r_c11m1_greenhouse.bsp
0 seconds elapsed



[Reading texlights from 'lights.rad']
[2 texlights parsed from 'lights.rad']

Loading c:\users\rtaab\documents\hammer\reverse_dead_air\r_c11m1_greenhouse.bsp
7861 faces
9304493 square feet [1339846912.00 square inches]
53 Displacements
23843 Square Feet [3433395.75 Square Inches]
7861 patches before subdivision
7861 patches after subdivision
37 direct lights
0...1...2...3...4...5...6...7...8...9...100...1...2...3...4...5...6...7...8...9...10transfers 671560, max 960
transfer lists:   5.1 megs
0...1...2...3...4...5...6...7...8...9...10	Bounce #1 added RGB(4059, 3658, 2609)
0...1...2...3...4...5...6...7...8...9...10	Bounce #2 added RGB(1059, 851, 493)
Build Patch/Sample Hash Table(s).....Done<0.0337 sec>
0...1...2...3...4...5...6...7...8...9...10FinalLightFace Done
0 of 0 (0% of) surface lights went in leaf ambient cubes.
0...1...2...3...4...5...6...7...8...9...10Writing leaf ambient...done
Ready to Finish

Object names       Objects/Maxobjs  Memory / Maxmem  Fullness 
------------       ---------------  ---------------  -------- 
models                 134/1024         6432/49152    (13.1%) 
brushes               2675/8192        32100/98304    (32.7%) 
brushsides           20026/65536      160208/524288   (30.6%) 
planes               12722/65536      254440/1310720  (19.4%) 
vertexes             15168/65536      182016/786432   (23.1%) 
nodes                 5712/65536      182784/2097152  ( 8.7%) 
texinfos              2900/12288      208800/884736   (23.6%) 
texdata                352/2048        11264/65536    (17.2%) 
dispinfos               53/0            9328/0        ( 0.0%) 
disp_verts            2501/0           50020/0        ( 0.0%) 
disp_tris             3712/0            7424/0        ( 0.0%) 
disp_lmsamples      118208/0          118208/0        ( 0.0%) 
faces                 7861/65536      440216/3670016  (12.0%) 
hdr faces                0/65536           0/3670016  ( 0.0%) 
origfaces             4957/65536      277592/3670016  ( 7.6%) 
leaves                5847/65536      187104/2097152  ( 8.9%) 
leaffaces             9756/65536       19512/131072   (14.9%) 
leafbrushes           7519/65536       15038/131072   (11.5%) 
areas                   18/256           144/2048     ( 7.0%) 
surfedges            56995/512000     227980/2048000  (11.1%) 
edges                37078/256000     148312/1024000  (14.5%) 
LDR worldlights         37/8192         3700/819200   ( 0.5%) 
HDR worldlights          0/8192            0/819200   ( 0.0%) 
leafwaterdata            0/32768           0/393216   ( 0.0%) 
waterstrips            751/32768        7510/327680   ( 2.3%) 
waterverts               0/65536           0/786432   ( 0.0%) 
waterindices         14235/65536       28470/131072   (21.7%) 
cubemapsamples          50/1024          800/16384    ( 4.9%) 
overlays               210/512         73920/180224   (41.0%) 
LDR lightdata         [variable]     3991548/0        ( 0.0%) 
HDR lightdata         [variable]           0/0        ( 0.0%) 
visdata               [variable]      277012/16777216 ( 1.7%) 
entdata               [variable]      365993/393216   (93.1%) VERY FULL!
LDR ambient table     5847/65536       23388/262144   ( 8.9%) 
HDR ambient table     5847/65536       23388/262144   ( 8.9%) 
LDR leaf ambient     22885/65536      640780/1835008  (34.9%) 
HDR leaf ambient      5847/65536      163716/1835008  ( 8.9%) 
occluders               14/0             560/0        ( 0.0%) 
occluder polygons       21/0             252/0        ( 0.0%) 
occluder vert ind       99/0             396/0        ( 0.0%) 
Prop Hull Verts          0/0               0/0        ( 0.0%) 
Prop Hull Blob           0/0               0/0        ( 0.0%) 
Prop Hull Lists          0/0               0/0        ( 0.0%) 
Prop Hulls               0/0               0/0        ( 0.0%) 
Prop Hull trilist        0/0               0/0        ( 0.0%) 
detail props          [variable]           1/12       ( 8.3%) 
static props          [variable]           1/75734    ( 0.0%) 
pakfile               [variable]     4519922/0        ( 0.0%) 
physics               [variable]      996976/4194304  (23.8%) 
physics terrain       [variable]        9433/1048576  ( 0.9%) 

Level flags = 1

Total triangle count: 21462
Writing c:\users\rtaab\documents\hammer\reverse_dead_air\r_c11m1_greenhouse.bsp
52 seconds elapsed



Using shader api: shaderapiempty.dll
materialPath: D:\programfile\steam\steamapps\common\left 4 dead 2\left4dead2\materials
Loading c:\users\rtaab\documents\hammer\reverse_dead_air\r_c11m1_greenhouse.vmf
fixing up env_cubemap materials on brush sides...
0...1...2...3...4...5...6...7...8...9...100...1...2...3...4...5...6...7...8...9...10Processing areas...
Brush 8079330: areaportal brush doesn't touch two areas
done (0)
Building Faces...done (0)
Occluder "" straddles multiple areas. This is invalid!
Occluder "" straddles multiple areas. This is invalid!
Occluder "" straddles multiple areas. This is invalid!
Occluder "" straddles multiple areas. This is invalid!
Occluder "" straddles multiple areas. This is invalid!
Occluder "" straddles multiple areas. This is invalid!
Occluder "" straddles multiple areas. This is invalid!
Occluder "" straddles multiple areas. This is invalid!
Occluder "" straddles multiple areas. This is invalid!
Chop Details...done (0)
Find Visible Detail Sides...
Merged 606 detail faces...done (0)
Merging details...done (0)
FixTjuncs...
PruneNodes...
WriteBSP...
done (0)
writing c:\users\rtaab\documents\hammer\reverse_dead_air\r_c11m1_greenhouse.prt...Building visibility clusters...
done (0)
Finding displacement neighbors...
Found a displacement edge abutting multiple other edges.
Finding lightmap sample positions...
Displacement Alpha : 0...1...2...3...4...5...6...7...8...9...10
Building Physics collision data...
done (1) (996976 bytes)
Cannot build Physics2 data
                                                             -----------
DataLinker total stream size                                     0.0 KiB
Placing detail props : 0...1...2...3...4...5...6...7...8...9...10
Compacting texture/material tables...
Reduced 4830 texinfos to 2900
Reduced 433 texdatas to 352 (19331 bytes to 16076)
Writing c:\users\rtaab\documents\hammer\reverse_dead_air\r_c11m1_greenhouse.bsp
12 seconds elapsed



8 threads
reading c:\users\rtaab\documents\hammer\reverse_dead_air\r_c11m1_greenhouse.bsp
max farz in all env_fog_controller entities: 9000.000000 (used for radial vis)
reading c:\users\rtaab\documents\hammer\reverse_dead_air\r_c11m1_greenhouse.prt
1055 portalclusters
2756 numportals
0...1...2...3...4...5...6...7...8...9...10Optimized: 37394 visible clusters (0.00%)
Total clusters visible: 845492
Average clusters visible: 801
Building PAS...
Average clusters audible: 1040
visdatasize:277012  compressed from 286960
writing c:\users\rtaab\documents\hammer\reverse_dead_air\r_c11m1_greenhouse.bsp
0 seconds elapsed



[Reading texlights from 'lights.rad']
[2 texlights parsed from 'lights.rad']

Loading c:\users\rtaab\documents\hammer\reverse_dead_air\r_c11m1_greenhouse.bsp
7861 faces
9304493 square feet [1339846912.00 square inches]
53 Displacements
23843 Square Feet [3433395.75 Square Inches]
7861 patches before subdivision
7861 patches after subdivision
37 direct lights
0...1...2...3...4...5...6...7...8...9...100...1...2...3...4...5...6...7...8...9...10transfers 671560, max 960
transfer lists:   5.1 megs
0...1...2...3...4...5...6...7...8...9...10	Bounce #1 added RGB(4059, 3658, 2609)
0...1...2...3...4...5...6...7...8...9...10	Bounce #2 added RGB(1059, 851, 493)
Build Patch/Sample Hash Table(s).....Done<0.0331 sec>
0...1...2...3...4...5...6...7...8...9...10FinalLightFace Done
0 of 0 (0% of) surface lights went in leaf ambient cubes.
0...1...2...3...4...5...6...7...8...9...10Writing leaf ambient...done
Ready to Finish

Object names       Objects/Maxobjs  Memory / Maxmem  Fullness 
------------       ---------------  ---------------  -------- 
models                 134/1024         6432/49152    (13.1%) 
brushes               2675/8192        32100/98304    (32.7%) 
brushsides           20026/65536      160208/524288   (30.6%) 
planes               12722/65536      254440/1310720  (19.4%) 
vertexes             15168/65536      182016/786432   (23.1%) 
nodes                 5712/65536      182784/2097152  ( 8.7%) 
texinfos              2900/12288      208800/884736   (23.6%) 
texdata                352/2048        11264/65536    (17.2%) 
dispinfos               53/0            9328/0        ( 0.0%) 
disp_verts            2501/0           50020/0        ( 0.0%) 
disp_tris             3712/0            7424/0        ( 0.0%) 
disp_lmsamples      118208/0          118208/0        ( 0.0%) 
faces                 7861/65536      440216/3670016  (12.0%) 
hdr faces                0/65536           0/3670016  ( 0.0%) 
origfaces             4957/65536      277592/3670016  ( 7.6%) 
leaves                5847/65536      187104/2097152  ( 8.9%) 
leaffaces             9756/65536       19512/131072   (14.9%) 
leafbrushes           7519/65536       15038/131072   (11.5%) 
areas                   18/256           144/2048     ( 7.0%) 
surfedges            56995/512000     227980/2048000  (11.1%) 
edges                37078/256000     148312/1024000  (14.5%) 
LDR worldlights         37/8192         3700/819200   ( 0.5%) 
HDR worldlights          0/8192            0/819200   ( 0.0%) 
leafwaterdata            0/32768           0/393216   ( 0.0%) 
waterstrips            751/32768        7510/327680   ( 2.3%) 
waterverts               0/65536           0/786432   ( 0.0%) 
waterindices         14235/65536       28470/131072   (21.7%) 
cubemapsamples          50/1024          800/16384    ( 4.9%) 
overlays               210/512         73920/180224   (41.0%) 
LDR lightdata         [variable]     3991548/0        ( 0.0%) 
HDR lightdata         [variable]           0/0        ( 0.0%) 
visdata               [variable]      277012/16777216 ( 1.7%) 
entdata               [variable]      365993/393216   (93.1%) VERY FULL!
LDR ambient table     5847/65536       23388/262144   ( 8.9%) 
HDR ambient table     5847/65536       23388/262144   ( 8.9%) 
LDR leaf ambient     22885/65536      640780/1835008  (34.9%) 
HDR leaf ambient      5847/65536      163716/1835008  ( 8.9%) 
occluders               14/0             560/0        ( 0.0%) 
occluder polygons       21/0             252/0        ( 0.0%) 
occluder vert ind       99/0             396/0        ( 0.0%) 
Prop Hull Verts          0/0               0/0        ( 0.0%) 
Prop Hull Blob           0/0               0/0        ( 0.0%) 
Prop Hull Lists          0/0               0/0        ( 0.0%) 
Prop Hulls               0/0               0/0        ( 0.0%) 
Prop Hull trilist        0/0               0/0        ( 0.0%) 
detail props          [variable]           1/12       ( 8.3%) 
static props          [variable]           1/75734    ( 0.0%) 
pakfile               [variable]     4519922/0        ( 0.0%) 
physics               [variable]      996976/4194304  (23.8%) 
physics terrain       [variable]        9433/1048576  ( 0.9%) 

Level flags = 1

Total triangle count: 21462
Writing c:\users\rtaab\documents\hammer\reverse_dead_air\r_c11m1_greenhouse.bsp
52 seconds elapsed



Using shader api: shaderapiempty.dll
materialPath: D:\programfile\steam\steamapps\common\left 4 dead 2\left4dead2\materials
Loading c:\users\rtaab\documents\hammer\reverse_dead_air\r_c11m1_greenhouse.vmf
fixing up env_cubemap materials on brush sides...
0...1...2...3...4...5...6...7...8...9...100...1...2...3...4...5...6...7...8...9...10Processing areas...Wrote c:\users\rtaab\documents\hammer\reverse_dead_air\r_c11m1_greenhouse.lin
Areaportal leak ! File: c:\users\rtaab\documents\hammer\reverse_dead_air\r_c11m1_greenhouse.lin 
Brush 12383: areaportal brush doesn't touch two areas

Brush 12390: areaportal brush doesn't touch two areas

Brush 12355: areaportal brush doesn't touch two areas

Brush 12355: areaportal brush doesn't touch two areas

Brush 12355: areaportal brush doesn't touch two areas

Brush 12355: areaportal brush doesn't touch two areas

Brush 12355: areaportal brush doesn't touch two areas

Brush 12383: areaportal brush doesn't touch two areas

Brush 12390: areaportal brush doesn't touch two areas

Brush 12383: areaportal brush doesn't touch two areas

Brush 12383: areaportal brush doesn't touch two areas

Brush 12383: areaportal brush doesn't touch two areas

Brush 12383: areaportal brush doesn't touch two areas

Brush 12383: areaportal brush doesn't touch two areas

Brush 12383: areaportal brush doesn't touch two areas

Brush 12383: areaportal brush doesn't touch two areas

Brush 12355: areaportal brush doesn't touch two areas

Brush 12376: areaportal brush doesn't touch two areas

Brush 12376: areaportal brush doesn't touch two areas

Brush 12390: areaportal brush doesn't touch two areas

Brush 12376: areaportal brush doesn't touch two areas

Brush 12376: areaportal brush doesn't touch two areas

Brush 12376: areaportal brush doesn't touch two areas

Brush 12376: areaportal brush doesn't touch two areas

Brush 12376: areaportal brush doesn't touch two areas

Brush 12376: areaportal brush doesn't touch two areas

Brush 12376: areaportal brush doesn't touch two areas

Brush 12376: areaportal brush doesn't touch two areas

Brush 12376: areaportal brush doesn't touch two areas

Brush 12376: areaportal brush doesn't touch two areas

Brush 12355: areaportal brush doesn't touch two areas

Brush 12355: areaportal brush doesn't touch two areas

Brush 8079298: areaportal brush doesn't touch two areas

Brush 8079298: areaportal brush doesn't touch two areas

Brush 12355: areaportal brush doesn't touch two areas

Brush 8079298: areaportal brush doesn't touch two areas

Brush 8079298: areaportal brush doesn't touch two areas

Brush 8079298: areaportal brush doesn't touch two areas

Brush 8079298: areaportal brush doesn't touch two areas

Brush 8079298: areaportal brush doesn't touch two areas

Brush 8079331: areaportal brush doesn't touch two areas

Brush 8079331: areaportal brush doesn't touch two areas

Brush 8079303: areaportal brush doesn't touch two areas

Brush 12341: areaportal brush doesn't touch two areas

Brush 12369: areaportal brush doesn't touch two areas

Brush 12341: areaportal brush doesn't touch two areas

Brush 12369: areaportal brush doesn't touch two areas

Brush 12369: areaportal brush doesn't touch two areas

Brush 12369: areaportal brush doesn't touch two areas

Brush 12341: areaportal brush doesn't touch two areas

Brush 12369: areaportal brush doesn't touch two areas

Brush 12362: areaportal brush doesn't touch two areas

Brush 12341: areaportal brush doesn't touch two areas

Brush 12362: areaportal brush doesn't touch two areas

Brush 12369: areaportal brush doesn't touch two areas

Brush 12362: areaportal brush doesn't touch two areas

Brush 12369: areaportal brush doesn't touch two areas

Brush 12362: areaportal brush doesn't touch two areas

Brush 12362: areaportal brush doesn't touch two areas

Brush 12369: areaportal brush doesn't touch two areas

Brush 12362: areaportal brush doesn't touch two areas

Brush 12362: areaportal brush doesn't touch two areas

Brush 12362: areaportal brush doesn't touch two areas

Brush 12369: areaportal brush doesn't touch two areas

Brush 12369: areaportal brush doesn't touch two areas

Brush 12369: areaportal brush doesn't touch two areas

Brush 12362: areaportal brush doesn't touch two areas

Brush 12369: areaportal brush doesn't touch two areas

Brush 12362: areaportal brush doesn't touch two areas

Brush 12362: areaportal brush doesn't touch two areas

Brush 12362: areaportal brush doesn't touch two areas

Brush 12362: areaportal brush doesn't touch two areas

Brush 12362: areaportal brush doesn't touch two areas

Brush 12362: areaportal brush doesn't touch two areas

Brush 12341: areaportal brush doesn't touch two areas

Brush 12362: areaportal brush doesn't touch two areas

Brush 8079331: areaportal brush doesn't touch two areas

Brush 8079320: areaportal brush doesn't touch two areas

Brush 12362: areaportal brush doesn't touch two areas

Brush 8079330: areaportal brush doesn't touch two areas

Brush 8079331: areaportal brush doesn't touch two areas

Brush 8079320: areaportal brush doesn't touch two areas
done (0)
Building Faces...done (0)
Occluder "" straddles multiple areas. This is invalid!
Occluder "" straddles multiple areas. This is invalid!
Occluder "" straddles multiple areas. This is invalid!
Occluder "" straddles multiple areas. This is invalid!
Occluder "" straddles multiple areas. This is invalid!
Occluder "" straddles multiple areas. This is invalid!
Occluder "" straddles multiple areas. This is invalid!
Occluder "" straddles multiple areas. This is invalid!
Occluder "" straddles multiple areas. This is invalid!
Chop Details...done (0)
Find Visible Detail Sides...
Merged 606 detail faces...done (1)
Merging details...done (0)
FixTjuncs...
PruneNodes...
WriteBSP...
done (0)
writing c:\users\rtaab\documents\hammer\reverse_dead_air\r_c11m1_greenhouse.prt...Building visibility clusters...
done (0)
Finding displacement neighbors...
Found a displacement edge abutting multiple other edges.
Finding lightmap sample positions...
Displacement Alpha : 0...1...2...3...4...5...6...7...8...9...10
Building Physics collision data...
done (1) (996979 bytes)
Cannot build Physics2 data
                                                             -----------
DataLinker total stream size                                     0.0 KiB
Placing detail props : 0...1...2...3...4...5...6...7...8...9...10
Compacting texture/material tables...
Reduced 4828 texinfos to 2903
Reduced 433 texdatas to 352 (19331 bytes to 16076)
Writing c:\users\rtaab\documents\hammer\reverse_dead_air\r_c11m1_greenhouse.bsp
13 seconds elapsed



8 threads
reading c:\users\rtaab\documents\hammer\reverse_dead_air\r_c11m1_greenhouse.bsp
max farz in all env_fog_controller entities: 9000.000000 (used for radial vis)
reading c:\users\rtaab\documents\hammer\reverse_dead_air\r_c11m1_greenhouse.prt
  53 portalclusters
 157 numportals
0...1...2...3...4...5...6...7...8...9...10Optimized: 56 visible clusters (0.00%)
Total clusters visible: 1663
Average clusters visible: 31
Building PAS...
Average clusters audible: 51
visdatasize:1217  compressed from 848
writing c:\users\rtaab\documents\hammer\reverse_dead_air\r_c11m1_greenhouse.bsp
0 seconds elapsed



[Reading texlights from 'lights.rad']
[2 texlights parsed from 'lights.rad']

Loading c:\users\rtaab\documents\hammer\reverse_dead_air\r_c11m1_greenhouse.bsp
7864 faces
9365179 square feet [1348585728.00 square inches]
53 Displacements
23843 Square Feet [3433395.75 Square Inches]
7864 patches before subdivision
7864 patches after subdivision
37 direct lights
0...1...2...3...4...5...6...7...8...9...100...1...2...3...4...5...6...7...8...9...10transfers 672193, max 961
transfer lists:   5.1 megs
0...1...2...3...4...5...6...7...8...9...10	Bounce #1 added RGB(4058, 3657, 2609)
0...1...2...3...4...5...6...7...8...9...10	Bounce #2 added RGB(1059, 851, 493)
Build Patch/Sample Hash Table(s).....Done<0.0340 sec>
0...1...2...3...4...5...6...7...8...9...10FinalLightFace Done
0 of 0 (0% of) surface lights went in leaf ambient cubes.
0...1...2...3...4...5...6...7...8...9...10Writing leaf ambient...done
Ready to Finish

Object names       Objects/Maxobjs  Memory / Maxmem  Fullness 
------------       ---------------  ---------------  -------- 
models                 134/1024         6432/49152    (13.1%) 
brushes               2673/8192        32076/98304    (32.6%) 
brushsides           20015/65536      160120/524288   (30.5%) 
planes               12732/65536      254640/1310720  (19.4%) 
vertexes             15164/65536      181968/786432   (23.1%) 
nodes                 5710/65536      182720/2097152  ( 8.7%) 
texinfos              2903/12288      209016/884736   (23.6%) 
texdata                352/2048        11264/65536    (17.2%) 
dispinfos               53/0            9328/0        ( 0.0%) 
disp_verts            2501/0           50020/0        ( 0.0%) 
disp_tris             3712/0            7424/0        ( 0.0%) 
disp_lmsamples      118208/0          118208/0        ( 0.0%) 
faces                 7864/65536      440384/3670016  (12.0%) 
hdr faces                0/65536           0/3670016  ( 0.0%) 
origfaces             4963/65536      277928/3670016  ( 7.6%) 
leaves                5845/65536      187040/2097152  ( 8.9%) 
leaffaces             9843/65536       19686/131072   (15.0%) 
leafbrushes           7548/65536       15096/131072   (11.5%) 
areas                   17/256           136/2048     ( 6.6%) 
surfedges            57025/512000     228100/2048000  (11.1%) 
edges                37101/256000     148404/1024000  (14.5%) 
LDR worldlights         37/8192         3700/819200   ( 0.5%) 
HDR worldlights          0/8192            0/819200   ( 0.0%) 
leafwaterdata            0/32768           0/393216   ( 0.0%) 
waterstrips            749/32768        7490/327680   ( 2.3%) 
waterverts               0/65536           0/786432   ( 0.0%) 
waterindices         14208/65536       28416/131072   (21.7%) 
cubemapsamples          50/1024          800/16384    ( 4.9%) 
overlays               210/512         73920/180224   (41.0%) 
LDR lightdata         [variable]     3990632/0        ( 0.0%) 
HDR lightdata         [variable]           0/0        ( 0.0%) 
visdata               [variable]        1217/16777216 ( 0.0%) 
entdata               [variable]      365731/393216   (93.0%) VERY FULL!
LDR ambient table     5845/65536       23380/262144   ( 8.9%) 
HDR ambient table     5845/65536       23380/262144   ( 8.9%) 
LDR leaf ambient     22994/65536      643832/1835008  (35.1%) 
HDR leaf ambient      5845/65536      163660/1835008  ( 8.9%) 
occluders               14/0             560/0        ( 0.0%) 
occluder polygons       21/0             252/0        ( 0.0%) 
occluder vert ind       99/0             396/0        ( 0.0%) 
Prop Hull Verts          0/0               0/0        ( 0.0%) 
Prop Hull Blob           0/0               0/0        ( 0.0%) 
Prop Hull Lists          0/0               0/0        ( 0.0%) 
Prop Hulls               0/0               0/0        ( 0.0%) 
Prop Hull trilist        0/0               0/0        ( 0.0%) 
detail props          [variable]           1/12       ( 8.3%) 
static props          [variable]           1/75734    ( 0.0%) 
pakfile               [variable]     4519922/0        ( 0.0%) 
physics               [variable]      996979/4194304  (23.8%) 
physics terrain       [variable]        9433/1048576  ( 0.9%) 

Level flags = 1

Total triangle count: 21462
Writing c:\users\rtaab\documents\hammer\reverse_dead_air\r_c11m1_greenhouse.bsp
1 minute, 1 second elapsed



Using shader api: shaderapiempty.dll
materialPath: D:\programfile\steam\steamapps\common\left 4 dead 2\left4dead2\materials
Loading c:\users\rtaab\documents\hammer\reverse_dead_air\r_c11m1_greenhouse.vmf
fixing up env_cubemap materials on brush sides...
0...1...2...3...4...5...6...7...8...9...100...1...2...3...4...5...6...7...8...9...10Processing areas...Wrote c:\users\rtaab\documents\hammer\reverse_dead_air\r_c11m1_greenhouse.lin
Areaportal leak ! File: c:\users\rtaab\documents\hammer\reverse_dead_air\r_c11m1_greenhouse.lin 
Brush 12383: areaportal brush doesn't touch two areas

Brush 12390: areaportal brush doesn't touch two areas

Brush 12355: areaportal brush doesn't touch two areas

Brush 12355: areaportal brush doesn't touch two areas

Brush 12355: areaportal brush doesn't touch two areas

Brush 12355: areaportal brush doesn't touch two areas

Brush 12355: areaportal brush doesn't touch two areas

Brush 12383: areaportal brush doesn't touch two areas

Brush 12390: areaportal brush doesn't touch two areas

Brush 12383: areaportal brush doesn't touch two areas

Brush 12383: areaportal brush doesn't touch two areas

Brush 12383: areaportal brush doesn't touch two areas

Brush 12383: areaportal brush doesn't touch two areas

Brush 12383: areaportal brush doesn't touch two areas

Brush 12383: areaportal brush doesn't touch two areas

Brush 12383: areaportal brush doesn't touch two areas

Brush 12355: areaportal brush doesn't touch two areas

Brush 12376: areaportal brush doesn't touch two areas

Brush 12376: areaportal brush doesn't touch two areas

Brush 12390: areaportal brush doesn't touch two areas

Brush 12376: areaportal brush doesn't touch two areas

Brush 12376: areaportal brush doesn't touch two areas

Brush 12376: areaportal brush doesn't touch two areas

Brush 12376: areaportal brush doesn't touch two areas

Brush 12376: areaportal brush doesn't touch two areas

Brush 12376: areaportal brush doesn't touch two areas

Brush 12376: areaportal brush doesn't touch two areas

Brush 12376: areaportal brush doesn't touch two areas

Brush 12376: areaportal brush doesn't touch two areas

Brush 12376: areaportal brush doesn't touch two areas

Brush 12355: areaportal brush doesn't touch two areas

Brush 12355: areaportal brush doesn't touch two areas

Brush 8079298: areaportal brush doesn't touch two areas

Brush 8079298: areaportal brush doesn't touch two areas

Brush 12355: areaportal brush doesn't touch two areas

Brush 8079298: areaportal brush doesn't touch two areas

Brush 8079298: areaportal brush doesn't touch two areas

Brush 8079298: areaportal brush doesn't touch two areas

Brush 8079298: areaportal brush doesn't touch two areas

Brush 8079298: areaportal brush doesn't touch two areas

Brush 8079331: areaportal brush doesn't touch two areas

Brush 8079331: areaportal brush doesn't touch two areas

Brush 8079303: areaportal brush doesn't touch two areas

Brush 12369: areaportal brush doesn't touch two areas

Brush 12341: areaportal brush doesn't touch two areas

Brush 12369: areaportal brush doesn't touch two areas

Brush 12369: areaportal brush doesn't touch two areas

Brush 12369: areaportal brush doesn't touch two areas

Brush 12341: areaportal brush doesn't touch two areas

Brush 12369: areaportal brush doesn't touch two areas

Brush 12362: areaportal brush doesn't touch two areas

Brush 12369: areaportal brush doesn't touch two areas

Brush 12362: areaportal brush doesn't touch two areas

Brush 12369: areaportal brush doesn't touch two areas

Brush 12362: areaportal brush doesn't touch two areas

Brush 12369: areaportal brush doesn't touch two areas

Brush 12362: areaportal brush doesn't touch two areas

Brush 12362: areaportal brush doesn't touch two areas

Brush 12369: areaportal brush doesn't touch two areas

Brush 12369: areaportal brush doesn't touch two areas

Brush 12369: areaportal brush doesn't touch two areas

Brush 12362: areaportal brush doesn't touch two areas

Brush 12369: areaportal brush doesn't touch two areas

Brush 12362: areaportal brush doesn't touch two areas

Brush 12362: areaportal brush doesn't touch two areas

Brush 12362: areaportal brush doesn't touch two areas

Brush 12362: areaportal brush doesn't touch two areas

Brush 12341: areaportal brush doesn't touch two areas

Brush 12362: areaportal brush doesn't touch two areas

Brush 8079331: areaportal brush doesn't touch two areas

Brush 8079320: areaportal brush doesn't touch two areas

Brush 12362: areaportal brush doesn't touch two areas

Brush 8079330: areaportal brush doesn't touch two areas

Brush 8079331: areaportal brush doesn't touch two areas

Brush 8079320: areaportal brush doesn't touch two areas
done (0)
Building Faces...done (0)
Occluder "" straddles multiple areas. This is invalid!
Occluder "" straddles multiple areas. This is invalid!
Occluder "" straddles multiple areas. This is invalid!
Occluder "" straddles multiple areas. This is invalid!
Occluder "" straddles multiple areas. This is invalid!
Occluder "" straddles multiple areas. This is invalid!
Occluder "" straddles multiple areas. This is invalid!
Occluder "" straddles multiple areas. This is invalid!
Occluder "" straddles multiple areas. This is invalid!
Chop Details...done (0)
Find Visible Detail Sides...
Merged 606 detail faces...done (0)
Merging details...done (0)
FixTjuncs...
PruneNodes...
WriteBSP...
done (0)
writing c:\users\rtaab\documents\hammer\reverse_dead_air\r_c11m1_greenhouse.prt...Building visibility clusters...
done (0)
Finding displacement neighbors...
Found a displacement edge abutting multiple other edges.
Finding lightmap sample positions...
Displacement Alpha : 0...1...2...3...4...5...6...7...8...9...10
Building Physics collision data...
done (1) (996423 bytes)
Cannot build Physics2 data
                                                             -----------
DataLinker total stream size                                     0.0 KiB
Placing detail props : 0...1...2...3...4...5...6...7...8...9...10
Compacting texture/material tables...
Reduced 4825 texinfos to 2900
Reduced 433 texdatas to 352 (19331 bytes to 16076)
Writing c:\users\rtaab\documents\hammer\reverse_dead_air\r_c11m1_greenhouse.bsp
13 seconds elapsed



8 threads
reading c:\users\rtaab\documents\hammer\reverse_dead_air\r_c11m1_greenhouse.bsp
max farz in all env_fog_controller entities: 9000.000000 (used for radial vis)
reading c:\users\rtaab\documents\hammer\reverse_dead_air\r_c11m1_greenhouse.prt
  53 portalclusters
 157 numportals
0...1...2...3...4...5...6...7...8...9...10Optimized: 56 visible clusters (0.00%)
Total clusters visible: 1663
Average clusters visible: 31
Building PAS...
Average clusters audible: 51
visdatasize:1217  compressed from 848
writing c:\users\rtaab\documents\hammer\reverse_dead_air\r_c11m1_greenhouse.bsp
0 seconds elapsed



[Reading texlights from 'lights.rad']
[2 texlights parsed from 'lights.rad']

Loading c:\users\rtaab\documents\hammer\reverse_dead_air\r_c11m1_greenhouse.bsp
7862 faces
9350043 square feet [1346406144.00 square inches]
53 Displacements
23843 Square Feet [3433395.75 Square Inches]
7862 patches before subdivision
7862 patches after subdivision
37 direct lights
0...1...2...3...4...5...6...7...8...9...100...1...2...3...4...5...6...7...8...9...10transfers 672919, max 961
transfer lists:   5.1 megs
0...1...2...3...4...5...6...7...8...9...10	Bounce #1 added RGB(4057, 3656, 2608)
0...1...2...3...4...5...6...7...8...9...10	Bounce #2 added RGB(1059, 851, 493)
Build Patch/Sample Hash Table(s).....Done<0.0400 sec>
0...1...2...3...4...5...6...7...8...9...10FinalLightFace Done
0 of 0 (0% of) surface lights went in leaf ambient cubes.
0...1...2...3...4...5...6...7...8...9...10Writing leaf ambient...done
Ready to Finish

Object names       Objects/Maxobjs  Memory / Maxmem  Fullness 
------------       ---------------  ---------------  -------- 
models                 133/1024         6384/49152    (13.0%) 
brushes               2671/8192        32052/98304    (32.6%) 
brushsides           20003/65536      160024/524288   (30.5%) 
planes               12714/65536      254280/1310720  (19.4%) 
vertexes             15168/65536      182016/786432   (23.1%) 
nodes                 5674/65536      181568/2097152  ( 8.7%) 
texinfos              2900/12288      208800/884736   (23.6%) 
texdata                352/2048        11264/65536    (17.2%) 
dispinfos               53/0            9328/0        ( 0.0%) 
disp_verts            2501/0           50020/0        ( 0.0%) 
disp_tris             3712/0            7424/0        ( 0.0%) 
disp_lmsamples      118208/0          118208/0        ( 0.0%) 
faces                 7862/65536      440272/3670016  (12.0%) 
hdr faces                0/65536           0/3670016  ( 0.0%) 
origfaces             4956/65536      277536/3670016  ( 7.6%) 
leaves                5808/65536      185856/2097152  ( 8.9%) 
leaffaces             9755/65536       19510/131072   (14.9%) 
leafbrushes           7448/65536       14896/131072   (11.4%) 
areas                   17/256           136/2048     ( 6.6%) 
surfedges            56999/512000     227996/2048000  (11.1%) 
edges                37087/256000     148348/1024000  (14.5%) 
LDR worldlights         37/8192         3700/819200   ( 0.5%) 
HDR worldlights          0/8192            0/819200   ( 0.0%) 
leafwaterdata            0/32768           0/393216   ( 0.0%) 
waterstrips            751/32768        7510/327680   ( 2.3%) 
waterverts               0/65536           0/786432   ( 0.0%) 
waterindices         14235/65536       28470/131072   (21.7%) 
cubemapsamples          50/1024          800/16384    ( 4.9%) 
overlays               210/512         73920/180224   (41.0%) 
LDR lightdata         [variable]     3990728/0        ( 0.0%) 
HDR lightdata         [variable]           0/0        ( 0.0%) 
visdata               [variable]        1217/16777216 ( 0.0%) 
entdata               [variable]      365531/393216   (93.0%) VERY FULL!
LDR ambient table     5808/65536       23232/262144   ( 8.9%) 
HDR ambient table     5808/65536       23232/262144   ( 8.9%) 
LDR leaf ambient     22444/65536      628432/1835008  (34.2%) 
HDR leaf ambient      5808/65536      162624/1835008  ( 8.9%) 
occluders               14/0             560/0        ( 0.0%) 
occluder polygons       21/0             252/0        ( 0.0%) 
occluder vert ind       99/0             396/0        ( 0.0%) 
Prop Hull Verts          0/0               0/0        ( 0.0%) 
Prop Hull Blob           0/0               0/0        ( 0.0%) 
Prop Hull Lists          0/0               0/0        ( 0.0%) 
Prop Hulls               0/0               0/0        ( 0.0%) 
Prop Hull trilist        0/0               0/0        ( 0.0%) 
detail props          [variable]           1/12       ( 8.3%) 
static props          [variable]           1/75700    ( 0.0%) 
pakfile               [variable]     4519922/0        ( 0.0%) 
physics               [variable]      996423/4194304  (23.8%) 
physics terrain       [variable]        9433/1048576  ( 0.9%) 

Level flags = 1

Total triangle count: 21468
Writing c:\users\rtaab\documents\hammer\reverse_dead_air\r_c11m1_greenhouse.bsp
1 minute, 7 seconds elapsed



Using shader api: shaderapiempty.dll
materialPath: D:\programfile\steam\steamapps\common\left 4 dead 2\left4dead2\materials
Loading c:\users\rtaab\documents\hammer\reverse_dead_air\r_c11m1_greenhouse.vmf
fixing up env_cubemap materials on brush sides...
0...1...2...3...4...5...6...7...8...9...100...1...2...3...4...5...6...7...8...9...10Processing areas...Wrote c:\users\rtaab\documents\hammer\reverse_dead_air\r_c11m1_greenhouse.lin
Areaportal leak ! File: c:\users\rtaab\documents\hammer\reverse_dead_air\r_c11m1_greenhouse.lin 
Brush 12383: areaportal brush doesn't touch two areas

Brush 12390: areaportal brush doesn't touch two areas

Brush 12355: areaportal brush doesn't touch two areas

Brush 12355: areaportal brush doesn't touch two areas

Brush 12355: areaportal brush doesn't touch two areas

Brush 12355: areaportal brush doesn't touch two areas

Brush 12355: areaportal brush doesn't touch two areas

Brush 12383: areaportal brush doesn't touch two areas

Brush 12390: areaportal brush doesn't touch two areas

Brush 12383: areaportal brush doesn't touch two areas

Brush 12383: areaportal brush doesn't touch two areas

Brush 12383: areaportal brush doesn't touch two areas

Brush 12383: areaportal brush doesn't touch two areas

Brush 12383: areaportal brush doesn't touch two areas

Brush 12383: areaportal brush doesn't touch two areas

Brush 12383: areaportal brush doesn't touch two areas

Brush 12355: areaportal brush doesn't touch two areas

Brush 12376: areaportal brush doesn't touch two areas

Brush 12376: areaportal brush doesn't touch two areas

Brush 12390: areaportal brush doesn't touch two areas

Brush 12376: areaportal brush doesn't touch two areas

Brush 12376: areaportal brush doesn't touch two areas

Brush 12376: areaportal brush doesn't touch two areas

Brush 12376: areaportal brush doesn't touch two areas

Brush 12376: areaportal brush doesn't touch two areas

Brush 12376: areaportal brush doesn't touch two areas

Brush 12376: areaportal brush doesn't touch two areas

Brush 12376: areaportal brush doesn't touch two areas

Brush 12376: areaportal brush doesn't touch two areas

Brush 12376: areaportal brush doesn't touch two areas

Brush 12355: areaportal brush doesn't touch two areas

Brush 12355: areaportal brush doesn't touch two areas

Brush 8079298: areaportal brush doesn't touch two areas

Brush 8079298: areaportal brush doesn't touch two areas

Brush 12355: areaportal brush doesn't touch two areas

Brush 8079298: areaportal brush doesn't touch two areas

Brush 8079298: areaportal brush doesn't touch two areas

Brush 8079298: areaportal brush doesn't touch two areas

Brush 8079298: areaportal brush doesn't touch two areas

Brush 8079298: areaportal brush doesn't touch two areas

Brush 8079331: areaportal brush doesn't touch two areas

Brush 8079331: areaportal brush doesn't touch two areas

Brush 8079303: areaportal brush doesn't touch two areas

Brush 12369: areaportal brush doesn't touch two areas

Brush 12341: areaportal brush doesn't touch two areas

Brush 12369: areaportal brush doesn't touch two areas

Brush 12369: areaportal brush doesn't touch two areas

Brush 12369: areaportal brush doesn't touch two areas

Brush 12341: areaportal brush doesn't touch two areas

Brush 12369: areaportal brush doesn't touch two areas

Brush 12362: areaportal brush doesn't touch two areas

Brush 12369: areaportal brush doesn't touch two areas

Brush 12362: areaportal brush doesn't touch two areas

Brush 12369: areaportal brush doesn't touch two areas

Brush 12362: areaportal brush doesn't touch two areas

Brush 12369: areaportal brush doesn't touch two areas

Brush 12362: areaportal brush doesn't touch two areas

Brush 12362: areaportal brush doesn't touch two areas

Brush 12369: areaportal brush doesn't touch two areas

Brush 12369: areaportal brush doesn't touch two areas

Brush 12369: areaportal brush doesn't touch two areas

Brush 12362: areaportal brush doesn't touch two areas

Brush 12369: areaportal brush doesn't touch two areas

Brush 12362: areaportal brush doesn't touch two areas

Brush 12362: areaportal brush doesn't touch two areas

Brush 12362: areaportal brush doesn't touch two areas

Brush 12362: areaportal brush doesn't touch two areas

Brush 12341: areaportal brush doesn't touch two areas

Brush 12362: areaportal brush doesn't touch two areas

Brush 8079331: areaportal brush doesn't touch two areas

Brush 8079320: areaportal brush doesn't touch two areas

Brush 12362: areaportal brush doesn't touch two areas

Brush 8079330: areaportal brush doesn't touch two areas

Brush 8079331: areaportal brush doesn't touch two areas

Brush 8079320: areaportal brush doesn't touch two areas
done (0)
Building Faces...done (0)
Occluder "" straddles multiple areas. This is invalid!
Occluder "" straddles multiple areas. This is invalid!
Occluder "" straddles multiple areas. This is invalid!
Occluder "" straddles multiple areas. This is invalid!
Occluder "" straddles multiple areas. This is invalid!
Occluder "" straddles multiple areas. This is invalid!
Occluder "" straddles multiple areas. This is invalid!
Occluder "" straddles multiple areas. This is invalid!
Occluder "" straddles multiple areas. This is invalid!
Chop Details...done (0)
Find Visible Detail Sides...
Merged 606 detail faces...done (0)
Merging details...done (0)
FixTjuncs...
PruneNodes...
WriteBSP...
done (0)
writing c:\users\rtaab\documents\hammer\reverse_dead_air\r_c11m1_greenhouse.prt...Building visibility clusters...
done (0)
Finding displacement neighbors...
Found a displacement edge abutting multiple other edges.
Finding lightmap sample positions...
Displacement Alpha : 0...1...2...3...4...5...6...7...8...9...10
Building Physics collision data...
done (1) (996423 bytes)
Cannot build Physics2 data
                                                             -----------
DataLinker total stream size                                     0.0 KiB
Placing detail props : 0...1...2...3...4...5...6...7...8...9...10
Compacting texture/material tables...
Reduced 4825 texinfos to 2900
Reduced 433 texdatas to 352 (19331 bytes to 16076)
Writing c:\users\rtaab\documents\hammer\reverse_dead_air\r_c11m1_greenhouse.bsp
12 seconds elapsed



8 threads
reading c:\users\rtaab\documents\hammer\reverse_dead_air\r_c11m1_greenhouse.bsp
max farz in all env_fog_controller entities: 9000.000000 (used for radial vis)
reading c:\users\rtaab\documents\hammer\reverse_dead_air\r_c11m1_greenhouse.prt
  53 portalclusters
 157 numportals
0...1...2...3...4...5...6...7...8...9...10Optimized: 56 visible clusters (0.00%)
Total clusters visible: 1663
Average clusters visible: 31
Building PAS...
Average clusters audible: 51
visdatasize:1217  compressed from 848
writing c:\users\rtaab\documents\hammer\reverse_dead_air\r_c11m1_greenhouse.bsp
0 seconds elapsed



[Reading texlights from 'lights.rad']
[2 texlights parsed from 'lights.rad']

Loading c:\users\rtaab\documents\hammer\reverse_dead_air\r_c11m1_greenhouse.bsp
7862 faces
9350043 square feet [1346406144.00 square inches]
53 Displacements
23843 Square Feet [3433395.75 Square Inches]
7862 patches before subdivision
7862 patches after subdivision
37 direct lights
0...1...2...3...4...5...6...7...8...9...100...1...2...3...4...5...6...7...8...9...10transfers 672919, max 961
transfer lists:   5.1 megs
0...1...2...3...4...5...6...7...8...9...10	Bounce #1 added RGB(4057, 3656, 2608)
0...1...2...3...4...5...6...7...8...9...10	Bounce #2 added RGB(1059, 851, 493)
Build Patch/Sample Hash Table(s).....Done<0.0334 sec>
0...1...2...3...4...5...6...7...8...9...10FinalLightFace Done
0 of 0 (0% of) surface lights went in leaf ambient cubes.
0...1...2...3...4...5...6...7...8...9...10Writing leaf ambient...done
Ready to Finish

Object names       Objects/Maxobjs  Memory / Maxmem  Fullness 
------------       ---------------  ---------------  -------- 
models                 133/1024         6384/49152    (13.0%) 
brushes               2671/8192        32052/98304    (32.6%) 
brushsides           20003/65536      160024/524288   (30.5%) 
planes               12714/65536      254280/1310720  (19.4%) 
vertexes             15168/65536      182016/786432   (23.1%) 
nodes                 5674/65536      181568/2097152  ( 8.7%) 
texinfos              2900/12288      208800/884736   (23.6%) 
texdata                352/2048        11264/65536    (17.2%) 
dispinfos               53/0            9328/0        ( 0.0%) 
disp_verts            2501/0           50020/0        ( 0.0%) 
disp_tris             3712/0            7424/0        ( 0.0%) 
disp_lmsamples      118208/0          118208/0        ( 0.0%) 
faces                 7862/65536      440272/3670016  (12.0%) 
hdr faces                0/65536           0/3670016  ( 0.0%) 
origfaces             4956/65536      277536/3670016  ( 7.6%) 
leaves                5808/65536      185856/2097152  ( 8.9%) 
leaffaces             9755/65536       19510/131072   (14.9%) 
leafbrushes           7448/65536       14896/131072   (11.4%) 
areas                   17/256           136/2048     ( 6.6%) 
surfedges            56999/512000     227996/2048000  (11.1%) 
edges                37087/256000     148348/1024000  (14.5%) 
LDR worldlights         37/8192         3700/819200   ( 0.5%) 
HDR worldlights          0/8192            0/819200   ( 0.0%) 
leafwaterdata            0/32768           0/393216   ( 0.0%) 
waterstrips            751/32768        7510/327680   ( 2.3%) 
waterverts               0/65536           0/786432   ( 0.0%) 
waterindices         14235/65536       28470/131072   (21.7%) 
cubemapsamples          50/1024          800/16384    ( 4.9%) 
overlays               210/512         73920/180224   (41.0%) 
LDR lightdata         [variable]     3990728/0        ( 0.0%) 
HDR lightdata         [variable]           0/0        ( 0.0%) 
visdata               [variable]        1217/16777216 ( 0.0%) 
entdata               [variable]      365521/393216   (93.0%) VERY FULL!
LDR ambient table     5808/65536       23232/262144   ( 8.9%) 
HDR ambient table     5808/65536       23232/262144   ( 8.9%) 
LDR leaf ambient     22444/65536      628432/1835008  (34.2%) 
HDR leaf ambient      5808/65536      162624/1835008  ( 8.9%) 
occluders               14/0             560/0        ( 0.0%) 
occluder polygons       21/0             252/0        ( 0.0%) 
occluder vert ind       99/0             396/0        ( 0.0%) 
Prop Hull Verts          0/0               0/0        ( 0.0%) 
Prop Hull Blob           0/0               0/0        ( 0.0%) 
Prop Hull Lists          0/0               0/0        ( 0.0%) 
Prop Hulls               0/0               0/0        ( 0.0%) 
Prop Hull trilist        0/0               0/0        ( 0.0%) 
detail props          [variable]           1/12       ( 8.3%) 
static props          [variable]           1/75700    ( 0.0%) 
pakfile               [variable]     4519922/0        ( 0.0%) 
physics               [variable]      996423/4194304  (23.8%) 
physics terrain       [variable]        9433/1048576  ( 0.9%) 

Level flags = 1

Total triangle count: 21468
Writing c:\users\rtaab\documents\hammer\reverse_dead_air\r_c11m1_greenhouse.bsp
59 seconds elapsed



Using shader api: shaderapiempty.dll
materialPath: D:\programfile\steam\steamapps\common\left 4 dead 2\left4dead2\materials
Loading c:\users\rtaab\documents\hammer\reverse_dead_air\r_c11m1_greenhouse.vmf
fixing up env_cubemap materials on brush sides...
0...1...2...3...4...5...6...7...8...9...100...1...2...3...4...5...6...7...8...9...10Processing areas...Wrote c:\users\rtaab\documents\hammer\reverse_dead_air\r_c11m1_greenhouse.lin
Areaportal leak ! File: c:\users\rtaab\documents\hammer\reverse_dead_air\r_c11m1_greenhouse.lin 
Brush 12383: areaportal brush doesn't touch two areas

Brush 12390: areaportal brush doesn't touch two areas

Brush 12355: areaportal brush doesn't touch two areas

Brush 12355: areaportal brush doesn't touch two areas

Brush 12355: areaportal brush doesn't touch two areas

Brush 12355: areaportal brush doesn't touch two areas

Brush 12355: areaportal brush doesn't touch two areas

Brush 12383: areaportal brush doesn't touch two areas

Brush 12390: areaportal brush doesn't touch two areas

Brush 12383: areaportal brush doesn't touch two areas

Brush 12383: areaportal brush doesn't touch two areas

Brush 12383: areaportal brush doesn't touch two areas

Brush 12383: areaportal brush doesn't touch two areas

Brush 12383: areaportal brush doesn't touch two areas

Brush 12383: areaportal brush doesn't touch two areas

Brush 12383: areaportal brush doesn't touch two areas

Brush 12355: areaportal brush doesn't touch two areas

Brush 12376: areaportal brush doesn't touch two areas

Brush 12376: areaportal brush doesn't touch two areas

Brush 12390: areaportal brush doesn't touch two areas

Brush 12376: areaportal brush doesn't touch two areas

Brush 12376: areaportal brush doesn't touch two areas

Brush 12376: areaportal brush doesn't touch two areas

Brush 12376: areaportal brush doesn't touch two areas

Brush 12376: areaportal brush doesn't touch two areas

Brush 12376: areaportal brush doesn't touch two areas

Brush 12376: areaportal brush doesn't touch two areas

Brush 12376: areaportal brush doesn't touch two areas

Brush 12376: areaportal brush doesn't touch two areas

Brush 12376: areaportal brush doesn't touch two areas

Brush 12355: areaportal brush doesn't touch two areas

Brush 12355: areaportal brush doesn't touch two areas

Brush 8079298: areaportal brush doesn't touch two areas

Brush 8079298: areaportal brush doesn't touch two areas

Brush 12355: areaportal brush doesn't touch two areas

Brush 8079298: areaportal brush doesn't touch two areas

Brush 8079298: areaportal brush doesn't touch two areas

Brush 8079298: areaportal brush doesn't touch two areas

Brush 8079298: areaportal brush doesn't touch two areas

Brush 8079298: areaportal brush doesn't touch two areas

Brush 8079331: areaportal brush doesn't touch two areas

Brush 8079331: areaportal brush doesn't touch two areas

Brush 8079303: areaportal brush doesn't touch two areas

Brush 12369: areaportal brush doesn't touch two areas

Brush 12341: areaportal brush doesn't touch two areas

Brush 12369: areaportal brush doesn't touch two areas

Brush 12369: areaportal brush doesn't touch two areas

Brush 12369: areaportal brush doesn't touch two areas

Brush 12341: areaportal brush doesn't touch two areas

Brush 12369: areaportal brush doesn't touch two areas

Brush 12362: areaportal brush doesn't touch two areas

Brush 12369: areaportal brush doesn't touch two areas

Brush 12362: areaportal brush doesn't touch two areas

Brush 12369: areaportal brush doesn't touch two areas

Brush 12362: areaportal brush doesn't touch two areas

Brush 12369: areaportal brush doesn't touch two areas

Brush 12362: areaportal brush doesn't touch two areas

Brush 12362: areaportal brush doesn't touch two areas

Brush 12369: areaportal brush doesn't touch two areas

Brush 12369: areaportal brush doesn't touch two areas

Brush 12369: areaportal brush doesn't touch two areas

Brush 12362: areaportal brush doesn't touch two areas

Brush 12369: areaportal brush doesn't touch two areas

Brush 12362: areaportal brush doesn't touch two areas

Brush 12362: areaportal brush doesn't touch two areas

Brush 12362: areaportal brush doesn't touch two areas

Brush 12362: areaportal brush doesn't touch two areas

Brush 12341: areaportal brush doesn't touch two areas

Brush 12362: areaportal brush doesn't touch two areas

Brush 8079331: areaportal brush doesn't touch two areas

Brush 8079320: areaportal brush doesn't touch two areas

Brush 12362: areaportal brush doesn't touch two areas

Brush 8079330: areaportal brush doesn't touch two areas

Brush 8079331: areaportal brush doesn't touch two areas

Brush 8079320: areaportal brush doesn't touch two areas
done (0)
Building Faces...done (0)
Occluder "" straddles multiple areas. This is invalid!
Occluder "" straddles multiple areas. This is invalid!
Occluder "" straddles multiple areas. This is invalid!
Occluder "" straddles multiple areas. This is invalid!
Occluder "" straddles multiple areas. This is invalid!
Occluder "" straddles multiple areas. This is invalid!
Occluder "" straddles multiple areas. This is invalid!
Occluder "" straddles multiple areas. This is invalid!
Occluder "" straddles multiple areas. This is invalid!
Chop Details...done (0)
Find Visible Detail Sides...
Merged 606 detail faces...done (0)
Merging details...done (0)
FixTjuncs...
PruneNodes...
WriteBSP...
done (0)
writing c:\users\rtaab\documents\hammer\reverse_dead_air\r_c11m1_greenhouse.prt...Building visibility clusters...
done (0)
Finding displacement neighbors...
Found a displacement edge abutting multiple other edges.
Finding lightmap sample positions...
Displacement Alpha : 0...1...2...3...4...5...6...7...8...9...10
Building Physics collision data...
done (1) (996423 bytes)
Cannot build Physics2 data
                                                             -----------
DataLinker total stream size                                     0.0 KiB
Placing detail props : 0...1...2...3...4...5...6...7...8...9...10
Compacting texture/material tables...
Reduced 4825 texinfos to 2900
Reduced 433 texdatas to 352 (19331 bytes to 16076)
Writing c:\users\rtaab\documents\hammer\reverse_dead_air\r_c11m1_greenhouse.bsp
12 seconds elapsed



8 threads
reading c:\users\rtaab\documents\hammer\reverse_dead_air\r_c11m1_greenhouse.bsp
max farz in all env_fog_controller entities: 9000.000000 (used for radial vis)
reading c:\users\rtaab\documents\hammer\reverse_dead_air\r_c11m1_greenhouse.prt
  53 portalclusters
 157 numportals
0...1...2...3...4...5...6...7...8...9...100...1...2...3...4...5...6...7...8...9...10Optimized: 0 visible clusters (0.00%)
Total clusters visible: 1279
Average clusters visible: 24
Building PAS...
Average clusters audible: 51
visdatasize:1218  compressed from 848
writing c:\users\rtaab\documents\hammer\reverse_dead_air\r_c11m1_greenhouse.bsp
0 seconds elapsed



[Reading texlights from 'lights.rad']
[2 texlights parsed from 'lights.rad']

Loading c:\users\rtaab\documents\hammer\reverse_dead_air\r_c11m1_greenhouse.bsp
7862 faces
9350043 square feet [1346406144.00 square inches]
53 Displacements
23843 Square Feet [3433395.75 Square Inches]
7862 patches before subdivision
106268 patches after subdivision
37 direct lights
0...1...2...3...4...5...6...7...8...9...100...1...2...3...4...5...6...7...8...9...10transfers 7094430, max 1003
transfer lists:  54.1 megs
0...1...2...3...4...5...6...7...8...9...10	Bounce #1 added RGB(9613, 9651, 7990)
0...1...2...3...4...5...6...7...8...9...10	Bounce #2 added RGB(2106, 1836, 1235)
0...1...2...3...4...5...6...7...8...9...10	Bounce #3 added RGB(734, 567, 304)
0...1...2...3...4...5...6...7...8...9...10	Bounce #4 added RGB(299, 212, 97)
0...1...2...3...4...5...6...7...8...9...10	Bounce #5 added RGB(141, 92, 36)
0...1...2...3...4...5...6...7...8...9...10	Bounce #6 added RGB(67, 41, 14)
0...1...2...3...4...5...6...7...8...9...10	Bounce #7 added RGB(33, 19, 6)
0...1...2...3...4...5...6...7...8...9...10	Bounce #8 added RGB(17, 9, 2)
0...1...2...3...4...5...6...7...8...9...10	Bounce #9 added RGB(9, 4, 1)
0...1...2...3...4...5...6...7...8...9...10	Bounce #10 added RGB(4, 2, 0)
0...1...2...3...4...5...6...7...8...9...10	Bounce #11 added RGB(2, 1, 0)
0...1...2...3...4...5...6...7...8...9...10	Bounce #12 added RGB(1, 0, 0)
0...1...2...3...4...5...6...7...8...9...10	Bounce #13 added RGB(1, 0, 0)
Build Patch/Sample Hash Table(s).....Done<0.0376 sec>
0...1...2...3...4...5...6...7...8...9...10FinalLightFace Done
0 of 0 (0% of) surface lights went in leaf ambient cubes.
0...1...2...3...4...5...6...7...8...9...10Writing leaf ambient...done
Computing static prop lighting : 00...1...2...3...4...5...6...7...8...9...10
Ready to Finish

Object names       Objects/Maxobjs  Memory / Maxmem  Fullness 
------------       ---------------  ---------------  -------- 
models                 133/1024         6384/49152    (13.0%) 
brushes               2671/8192        32052/98304    (32.6%) 
brushsides           20003/65536      160024/524288   (30.5%) 
planes               12714/65536      254280/1310720  (19.4%) 
vertexes             15168/65536      182016/786432   (23.1%) 
nodes                 5674/65536      181568/2097152  ( 8.7%) 
texinfos              2900/12288      208800/884736   (23.6%) 
texdata                352/2048        11264/65536    (17.2%) 
dispinfos               53/0            9328/0        ( 0.0%) 
disp_verts            2501/0           50020/0        ( 0.0%) 
disp_tris             3712/0            7424/0        ( 0.0%) 
disp_lmsamples      118208/0          118208/0        ( 0.0%) 
faces                 7862/65536      440272/3670016  (12.0%) 
hdr faces             7862/65536      440272/3670016  (12.0%) 
origfaces             4956/65536      277536/3670016  ( 7.6%) 
leaves                5808/65536      185856/2097152  ( 8.9%) 
leaffaces             9755/65536       19510/131072   (14.9%) 
leafbrushes           7448/65536       14896/131072   (11.4%) 
areas                   17/256           136/2048     ( 6.6%) 
surfedges            56999/512000     227996/2048000  (11.1%) 
edges                37087/256000     148348/1024000  (14.5%) 
LDR worldlights          0/8192            0/819200   ( 0.0%) 
HDR worldlights         37/8192         3700/819200   ( 0.5%) 
leafwaterdata            0/32768           0/393216   ( 0.0%) 
waterstrips            751/32768        7510/327680   ( 2.3%) 
waterverts               0/65536           0/786432   ( 0.0%) 
waterindices         14235/65536       28470/131072   (21.7%) 
cubemapsamples          50/1024          800/16384    ( 4.9%) 
overlays               210/512         73920/180224   (41.0%) 
LDR lightdata         [variable]           0/0        ( 0.0%) 
HDR lightdata         [variable]     3983244/0        ( 0.0%) 
visdata               [variable]        1218/16777216 ( 0.0%) 
entdata               [variable]      365521/393216   (93.0%) VERY FULL!
LDR ambient table     5808/65536       23232/262144   ( 8.9%) 
HDR ambient table     5808/65536       23232/262144   ( 8.9%) 
LDR leaf ambient      5808/65536      162624/1835008  ( 8.9%) 
HDR leaf ambient     21833/65536      611324/1835008  (33.3%) 
occluders               14/0             560/0        ( 0.0%) 
occluder polygons       21/0             252/0        ( 0.0%) 
occluder vert ind       99/0             396/0        ( 0.0%) 
Prop Hull Verts          0/0               0/0        ( 0.0%) 
Prop Hull Blob           0/0               0/0        ( 0.0%) 
Prop Hull Lists          0/0               0/0        ( 0.0%) 
Prop Hulls               0/0               0/0        ( 0.0%) 
Prop Hull trilist        0/0               0/0        ( 0.0%) 
detail props          [variable]           1/12       ( 8.3%) 
static props          [variable]           1/75700    ( 0.0%) 
pakfile               [variable]     6643814/0        ( 0.0%) 
physics               [variable]      996423/4194304  (23.8%) 
physics terrain       [variable]        9433/1048576  ( 0.9%) 

Level flags = 2

Total triangle count: 21468
Writing c:\users\rtaab\documents\hammer\reverse_dead_air\r_c11m1_greenhouse.bsp
6 minutes, 46 seconds elapsed



Using shader api: shaderapiempty.dll
materialPath: D:\programfile\steam\steamapps\common\left 4 dead 2\left4dead2\materials
Loading c:\users\rtaab\documents\hammer\reverse_dead_air\r_c11m1_greenhouse.vmf
fixing up env_cubemap materials on brush sides...
0...1...2...3...4...5...6...7...8...9...100...1...2...3...4...5...6...7...8...9...10Processing areas...Wrote c:\users\rtaab\documents\hammer\reverse_dead_air\r_c11m1_greenhouse.lin
Areaportal leak ! File: c:\users\rtaab\documents\hammer\reverse_dead_air\r_c11m1_greenhouse.lin 
Brush 12383: areaportal brush doesn't touch two areas

Brush 12390: areaportal brush doesn't touch two areas

Brush 12355: areaportal brush doesn't touch two areas

Brush 12355: areaportal brush doesn't touch two areas

Brush 12355: areaportal brush doesn't touch two areas

Brush 12355: areaportal brush doesn't touch two areas

Brush 12355: areaportal brush doesn't touch two areas

Brush 12383: areaportal brush doesn't touch two areas

Brush 12390: areaportal brush doesn't touch two areas

Brush 12383: areaportal brush doesn't touch two areas

Brush 12383: areaportal brush doesn't touch two areas

Brush 12383: areaportal brush doesn't touch two areas

Brush 12383: areaportal brush doesn't touch two areas

Brush 12383: areaportal brush doesn't touch two areas

Brush 12383: areaportal brush doesn't touch two areas

Brush 12383: areaportal brush doesn't touch two areas

Brush 12355: areaportal brush doesn't touch two areas

Brush 12376: areaportal brush doesn't touch two areas

Brush 12376: areaportal brush doesn't touch two areas

Brush 12390: areaportal brush doesn't touch two areas

Brush 12376: areaportal brush doesn't touch two areas

Brush 12376: areaportal brush doesn't touch two areas

Brush 12376: areaportal brush doesn't touch two areas

Brush 12376: areaportal brush doesn't touch two areas

Brush 12376: areaportal brush doesn't touch two areas

Brush 12376: areaportal brush doesn't touch two areas

Brush 12376: areaportal brush doesn't touch two areas

Brush 12376: areaportal brush doesn't touch two areas

Brush 12376: areaportal brush doesn't touch two areas

Brush 12376: areaportal brush doesn't touch two areas

Brush 12355: areaportal brush doesn't touch two areas

Brush 12355: areaportal brush doesn't touch two areas

Brush 8079298: areaportal brush doesn't touch two areas

Brush 8079298: areaportal brush doesn't touch two areas

Brush 12355: areaportal brush doesn't touch two areas

Brush 8079298: areaportal brush doesn't touch two areas

Brush 8079298: areaportal brush doesn't touch two areas

Brush 8079298: areaportal brush doesn't touch two areas

Brush 8079298: areaportal brush doesn't touch two areas

Brush 8079298: areaportal brush doesn't touch two areas

Brush 8079331: areaportal brush doesn't touch two areas

Brush 8079331: areaportal brush doesn't touch two areas

Brush 8079303: areaportal brush doesn't touch two areas

Brush 12369: areaportal brush doesn't touch two areas

Brush 12341: areaportal brush doesn't touch two areas

Brush 12369: areaportal brush doesn't touch two areas

Brush 12369: areaportal brush doesn't touch two areas

Brush 12369: areaportal brush doesn't touch two areas

Brush 12341: areaportal brush doesn't touch two areas

Brush 12369: areaportal brush doesn't touch two areas

Brush 12362: areaportal brush doesn't touch two areas

Brush 12369: areaportal brush doesn't touch two areas

Brush 12362: areaportal brush doesn't touch two areas

Brush 12369: areaportal brush doesn't touch two areas

Brush 12362: areaportal brush doesn't touch two areas

Brush 12369: areaportal brush doesn't touch two areas

Brush 12362: areaportal brush doesn't touch two areas

Brush 12362: areaportal brush doesn't touch two areas

Brush 12369: areaportal brush doesn't touch two areas

Brush 12369: areaportal brush doesn't touch two areas

Brush 12369: areaportal brush doesn't touch two areas

Brush 12362: areaportal brush doesn't touch two areas

Brush 12369: areaportal brush doesn't touch two areas

Brush 12362: areaportal brush doesn't touch two areas

Brush 12362: areaportal brush doesn't touch two areas

Brush 12362: areaportal brush doesn't touch two areas

Brush 12362: areaportal brush doesn't touch two areas

Brush 12341: areaportal brush doesn't touch two areas

Brush 12362: areaportal brush doesn't touch two areas

Brush 8079331: areaportal brush doesn't touch two areas

Brush 8079320: areaportal brush doesn't touch two areas

Brush 12362: areaportal brush doesn't touch two areas

Brush 8079330: areaportal brush doesn't touch two areas

Brush 8079331: areaportal brush doesn't touch two areas

Brush 8079320: areaportal brush doesn't touch two areas
done (0)
Building Faces...done (0)
Occluder "" straddles multiple areas. This is invalid!
Occluder "" straddles multiple areas. This is invalid!
Occluder "" straddles multiple areas. This is invalid!
Occluder "" straddles multiple areas. This is invalid!
Occluder "" straddles multiple areas. This is invalid!
Occluder "" straddles multiple areas. This is invalid!
Occluder "" straddles multiple areas. This is invalid!
Occluder "" straddles multiple areas. This is invalid!
Occluder "" straddles multiple areas. This is invalid!
Chop Details...done (0)
Find Visible Detail Sides...
Merged 606 detail faces...done (0)
Merging details...done (0)
FixTjuncs...
PruneNodes...
WriteBSP...
done (1)
writing c:\users\rtaab\documents\hammer\reverse_dead_air\r_c11m1_greenhouse.prt...Building visibility clusters...
done (0)
Finding displacement neighbors...
Found a displacement edge abutting multiple other edges.
Finding lightmap sample positions...
Displacement Alpha : 0...1...2...3...4...5...6...7...8...9...10
Building Physics collision data...
done (1) (996423 bytes)
Cannot build Physics2 data
                                                             -----------
DataLinker total stream size                                     0.0 KiB
Placing detail props : 0...1...2...3...4...5...6...7...8...9...10
Compacting texture/material tables...
Reduced 4825 texinfos to 2900
Reduced 433 texdatas to 352 (19331 bytes to 16076)
Writing c:\users\rtaab\documents\hammer\reverse_dead_air\r_c11m1_greenhouse.bsp
14 seconds elapsed



8 threads
reading c:\users\rtaab\documents\hammer\reverse_dead_air\r_c11m1_greenhouse.bsp
max farz in all env_fog_controller entities: 9000.000000 (used for radial vis)
reading c:\users\rtaab\documents\hammer\reverse_dead_air\r_c11m1_greenhouse.prt
  53 portalclusters
 157 numportals
0...1...2...3...4...5...6...7...8...9...10Optimized: 56 visible clusters (0.00%)
Total clusters visible: 1663
Average clusters visible: 31
Building PAS...
Average clusters audible: 51
visdatasize:1217  compressed from 848
writing c:\users\rtaab\documents\hammer\reverse_dead_air\r_c11m1_greenhouse.bsp
0 seconds elapsed



Using shader api: shaderapiempty.dll
materialPath: D:\programfile\steam\steamapps\common\left 4 dead 2\left4dead2\materials
Loading c:\users\rtaab\documents\hammer\reverse_dead_air\r_c11m1_greenhouse.vmf
fixing up env_cubemap materials on brush sides...
0...1...2...3...4...5...6...7...8...9...100...1...2...3...4...5...6...7...8...9...10Processing areas...Wrote c:\users\rtaab\documents\hammer\reverse_dead_air\r_c11m1_greenhouse.lin
Areaportal leak ! File: c:\users\rtaab\documents\hammer\reverse_dead_air\r_c11m1_greenhouse.lin 
Brush 12383: areaportal brush doesn't touch two areas

Brush 12390: areaportal brush doesn't touch two areas

Brush 12355: areaportal brush doesn't touch two areas

Brush 12355: areaportal brush doesn't touch two areas

Brush 12355: areaportal brush doesn't touch two areas

Brush 12355: areaportal brush doesn't touch two areas

Brush 12355: areaportal brush doesn't touch two areas

Brush 12383: areaportal brush doesn't touch two areas

Brush 12390: areaportal brush doesn't touch two areas

Brush 12383: areaportal brush doesn't touch two areas

Brush 12383: areaportal brush doesn't touch two areas

Brush 12383: areaportal brush doesn't touch two areas

Brush 12383: areaportal brush doesn't touch two areas

Brush 12383: areaportal brush doesn't touch two areas

Brush 12383: areaportal brush doesn't touch two areas

Brush 12383: areaportal brush doesn't touch two areas

Brush 12355: areaportal brush doesn't touch two areas

Brush 12376: areaportal brush doesn't touch two areas

Brush 12376: areaportal brush doesn't touch two areas

Brush 12390: areaportal brush doesn't touch two areas

Brush 12376: areaportal brush doesn't touch two areas

Brush 12376: areaportal brush doesn't touch two areas

Brush 12376: areaportal brush doesn't touch two areas

Brush 12376: areaportal brush doesn't touch two areas

Brush 12376: areaportal brush doesn't touch two areas

Brush 12376: areaportal brush doesn't touch two areas

Brush 12376: areaportal brush doesn't touch two areas

Brush 12376: areaportal brush doesn't touch two areas

Brush 12376: areaportal brush doesn't touch two areas

Brush 12376: areaportal brush doesn't touch two areas

Brush 12355: areaportal brush doesn't touch two areas

Brush 12355: areaportal brush doesn't touch two areas

Brush 8079298: areaportal brush doesn't touch two areas

Brush 8079298: areaportal brush doesn't touch two areas

Brush 12355: areaportal brush doesn't touch two areas

Brush 8079298: areaportal brush doesn't touch two areas

Brush 8079298: areaportal brush doesn't touch two areas

Brush 8079298: areaportal brush doesn't touch two areas

Brush 8079298: areaportal brush doesn't touch two areas

Brush 8079298: areaportal brush doesn't touch two areas

Brush 8079331: areaportal brush doesn't touch two areas

Brush 8079331: areaportal brush doesn't touch two areas

Brush 8079303: areaportal brush doesn't touch two areas

Brush 12369: areaportal brush doesn't touch two areas

Brush 12341: areaportal brush doesn't touch two areas

Brush 12362: areaportal brush doesn't touch two areas

Brush 12369: areaportal brush doesn't touch two areas

Brush 12362: areaportal brush doesn't touch two areas

Brush 12369: areaportal brush doesn't touch two areas

Brush 12369: areaportal brush doesn't touch two areas

Brush 12369: areaportal brush doesn't touch two areas

Brush 12362: areaportal brush doesn't touch two areas

Brush 12369: areaportal brush doesn't touch two areas

Brush 12362: areaportal brush doesn't touch two areas

Brush 12362: areaportal brush doesn't touch two areas

Brush 12362: areaportal brush doesn't touch two areas

Brush 12369: areaportal brush doesn't touch two areas

Brush 12369: areaportal brush doesn't touch two areas

Brush 12369: areaportal brush doesn't touch two areas

Brush 12362: areaportal brush doesn't touch two areas

Brush 12369: areaportal brush doesn't touch two areas

Brush 12369: areaportal brush doesn't touch two areas

Brush 12369: areaportal brush doesn't touch two areas

Brush 12362: areaportal brush doesn't touch two areas

Brush 12369: areaportal brush doesn't touch two areas

Brush 12369: areaportal brush doesn't touch two areas

Brush 12369: areaportal brush doesn't touch two areas

Brush 12362: areaportal brush doesn't touch two areas

Brush 12369: areaportal brush doesn't touch two areas

Brush 12362: areaportal brush doesn't touch two areas

Brush 12362: areaportal brush doesn't touch two areas

Brush 12362: areaportal brush doesn't touch two areas

Brush 12362: areaportal brush doesn't touch two areas

Brush 12341: areaportal brush doesn't touch two areas

Brush 12362: areaportal brush doesn't touch two areas

Brush 8079331: areaportal brush doesn't touch two areas

Brush 8079320: areaportal brush doesn't touch two areas

Brush 12362: areaportal brush doesn't touch two areas

Brush 8079330: areaportal brush doesn't touch two areas

Brush 8079331: areaportal brush doesn't touch two areas

Brush 8079320: areaportal brush doesn't touch two areas
done (0)
Building Faces...done (0)
Occluder "" straddles multiple areas. This is invalid!
Occluder "" straddles multiple areas. This is invalid!
Occluder "" straddles multiple areas. This is invalid!
Occluder "" straddles multiple areas. This is invalid!
Occluder "" straddles multiple areas. This is invalid!
Occluder "" straddles multiple areas. This is invalid!
Occluder "" straddles multiple areas. This is invalid!
Occluder "" straddles multiple areas. This is invalid!
Occluder "" straddles multiple areas. This is invalid!
Chop Details...done (0)
Find Visible Detail Sides...
Merged 606 detail faces...done (0)
Merging details...done (0)
FixTjuncs...
PruneNodes...
WriteBSP...
done (1)
writing c:\users\rtaab\documents\hammer\reverse_dead_air\r_c11m1_greenhouse.prt...Building visibility clusters...
done (0)
Finding displacement neighbors...
Found a displacement edge abutting multiple other edges.
Finding lightmap sample positions...
Displacement Alpha : 0...1...2...3...4...5...6...7...8...9...10
Building Physics collision data...
done (1) (996423 bytes)
Cannot build Physics2 data
                                                             -----------
DataLinker total stream size                                     0.0 KiB
Placing detail props : 0...1...2...3...4...5...6...7...8...9...10
Compacting texture/material tables...
Reduced 4825 texinfos to 2900
Reduced 433 texdatas to 352 (19331 bytes to 16076)
Writing c:\users\rtaab\documents\hammer\reverse_dead_air\r_c11m1_greenhouse.bsp
13 seconds elapsed



8 threads
reading c:\users\rtaab\documents\hammer\reverse_dead_air\r_c11m1_greenhouse.bsp
max farz in all env_fog_controller entities: 9000.000000 (used for radial vis)
reading c:\users\rtaab\documents\hammer\reverse_dead_air\r_c11m1_greenhouse.prt
  53 portalclusters
 157 numportals
0...1...2...3...4...5...6...7...8...9...10Optimized: 56 visible clusters (0.00%)
Total clusters visible: 1663
Average clusters visible: 31
Building PAS...
Average clusters audible: 51
visdatasize:1217  compressed from 848
writing c:\users\rtaab\documents\hammer\reverse_dead_air\r_c11m1_greenhouse.bsp
0 seconds elapsed



Using shader api: shaderapiempty.dll
materialPath: D:\programfile\steam\steamapps\common\left 4 dead 2\left4dead2\materials
Loading c:\users\rtaab\documents\hammer\reverse_dead_air\r_c11m1_greenhouse.vmf
fixing up env_cubemap materials on brush sides...
0...1...2...3...4...5...6...7...8...9...100...1...2...3...4...5...6...7...8...9...10Processing areas...Wrote c:\users\rtaab\documents\hammer\reverse_dead_air\r_c11m1_greenhouse.lin
Areaportal leak ! File: c:\users\rtaab\documents\hammer\reverse_dead_air\r_c11m1_greenhouse.lin 
Brush 8079331: areaportal brush doesn't touch two areas

Brush 8079331: areaportal brush doesn't touch two areas
done (0)
Building Faces...done (0)
Occluder "" straddles multiple areas. This is invalid!
Occluder "" straddles multiple areas. This is invalid!
Occluder "" straddles multiple areas. This is invalid!
Occluder "" straddles multiple areas. This is invalid!
Occluder "" straddles multiple areas. This is invalid!
Occluder "" straddles multiple areas. This is invalid!
Occluder "" straddles multiple areas. This is invalid!
Occluder "" straddles multiple areas. This is invalid!
Occluder "" straddles multiple areas. This is invalid!
Chop Details...done (0)
Find Visible Detail Sides...
Merged 606 detail faces...done (0)
Merging details...done (0)
FixTjuncs...
PruneNodes...
WriteBSP...
done (0)
writing c:\users\rtaab\documents\hammer\reverse_dead_air\r_c11m1_greenhouse.prt...Building visibility clusters...
done (0)
Finding displacement neighbors...
Found a displacement edge abutting multiple other edges.
Finding lightmap sample positions...
Displacement Alpha : 0...1...2...3...4...5...6...7...8...9...10
Building Physics collision data...
done (1) (1000123 bytes)
Cannot build Physics2 data
                                                             -----------
DataLinker total stream size                                     0.0 KiB
Placing detail props : 0...1...2...3...4...5...6...7...8...9...10
Compacting texture/material tables...
Reduced 4832 texinfos to 2900
Reduced 433 texdatas to 352 (19331 bytes to 16076)
Writing c:\users\rtaab\documents\hammer\reverse_dead_air\r_c11m1_greenhouse.bsp
12 seconds elapsed



8 threads
reading c:\users\rtaab\documents\hammer\reverse_dead_air\r_c11m1_greenhouse.bsp
max farz in all env_fog_controller entities: 9000.000000 (used for radial vis)
reading c:\users\rtaab\documents\hammer\reverse_dead_air\r_c11m1_greenhouse.prt
  63 portalclusters
 255 numportals
0...1...2...3...4...5...6...7...8...9...10Optimized: 378 visible clusters (0.00%)
Total clusters visible: 2490
Average clusters visible: 39
Building PAS...
Average clusters audible: 61
visdatasize:1585  compressed from 1008
writing c:\users\rtaab\documents\hammer\reverse_dead_air\r_c11m1_greenhouse.bsp
0 seconds elapsed



Using shader api: shaderapiempty.dll
materialPath: D:\programfile\steam\steamapps\common\left 4 dead 2\left4dead2\materials
Loading c:\users\rtaab\documents\hammer\reverse_dead_air\r_c11m1_greenhouse.vmf
fixing up env_cubemap materials on brush sides...
0...1...2...3...4...5...6...7...8...9...100...1...2...3...4...5...6...7...8...9...10Processing areas...Wrote c:\users\rtaab\documents\hammer\reverse_dead_air\r_c11m1_greenhouse.lin
Areaportal leak ! File: c:\users\rtaab\documents\hammer\reverse_dead_air\r_c11m1_greenhouse.lin 
Brush 8079331: areaportal brush doesn't touch two areas

Brush 8079331: areaportal brush doesn't touch two areas
done (0)
Building Faces...done (0)
Occluder "" straddles multiple areas. This is invalid!
Occluder "" straddles multiple areas. This is invalid!
Occluder "" straddles multiple areas. This is invalid!
Occluder "" straddles multiple areas. This is invalid!
Occluder "" straddles multiple areas. This is invalid!
Occluder "" straddles multiple areas. This is invalid!
Occluder "" straddles multiple areas. This is invalid!
Occluder "" straddles multiple areas. This is invalid!
Occluder "" straddles multiple areas. This is invalid!
Occluder "" straddles multiple areas. This is invalid!
Occluder "" straddles multiple areas. This is invalid!
Occluder "" straddles multiple areas. This is invalid!
Chop Details...done (0)
Find Visible Detail Sides...
Merged 606 detail faces...done (0)
Merging details...done (0)
FixTjuncs...
PruneNodes...
WriteBSP...
done (0)
writing c:\users\rtaab\documents\hammer\reverse_dead_air\r_c11m1_greenhouse.prt...Building visibility clusters...
done (0)
Finding displacement neighbors...
Found a displacement edge abutting multiple other edges.
Finding lightmap sample positions...
Displacement Alpha : 0...1...2...3...4...5...6...7...8...9...10
Building Physics collision data...
done (1) (1000123 bytes)
Cannot build Physics2 data
                                                             -----------
DataLinker total stream size                                     0.0 KiB
Placing detail props : 0...1...2...3...4...5...6...7...8...9...10
Compacting texture/material tables...
Reduced 4831 texinfos to 2900
Reduced 433 texdatas to 352 (19331 bytes to 16076)
Writing c:\users\rtaab\documents\hammer\reverse_dead_air\r_c11m1_greenhouse.bsp
12 seconds elapsed



8 threads
reading c:\users\rtaab\documents\hammer\reverse_dead_air\r_c11m1_greenhouse.bsp
max farz in all env_fog_controller entities: 9000.000000 (used for radial vis)
reading c:\users\rtaab\documents\hammer\reverse_dead_air\r_c11m1_greenhouse.prt
  63 portalclusters
 255 numportals
0...1...2...3...4...5...6...7...8...9...10Optimized: 378 visible clusters (0.00%)
Total clusters visible: 2490
Average clusters visible: 39
Building PAS...
Average clusters audible: 61
visdatasize:1585  compressed from 1008
writing c:\users\rtaab\documents\hammer\reverse_dead_air\r_c11m1_greenhouse.bsp
0 seconds elapsed



Using shader api: shaderapiempty.dll
materialPath: D:\programfile\steam\steamapps\common\left 4 dead 2\left4dead2\materials
Loading c:\users\rtaab\documents\hammer\reverse_dead_air\r_c11m1_greenhouse.vmf
fixing up env_cubemap materials on brush sides...
0...1...2...3...4...5...6...7...8...9...100...1...2...3...4...5...6...7...8...9...10Processing areas...Wrote c:\users\rtaab\documents\hammer\reverse_dead_air\r_c11m1_greenhouse.lin
Areaportal leak ! File: c:\users\rtaab\documents\hammer\reverse_dead_air\r_c11m1_greenhouse.lin 
Brush 8079331: areaportal brush doesn't touch two areas
done (0)
Building Faces...done (0)
Occluder "" straddles multiple areas. This is invalid!
Occluder "" straddles multiple areas. This is invalid!
Occluder "" straddles multiple areas. This is invalid!
Occluder "" straddles multiple areas. This is invalid!
Occluder "" straddles multiple areas. This is invalid!
Occluder "" straddles multiple areas. This is invalid!
Occluder "" straddles multiple areas. This is invalid!
Occluder "" straddles multiple areas. This is invalid!
Occluder "" straddles multiple areas. This is invalid!
Occluder "" straddles multiple areas. This is invalid!
Occluder "" straddles multiple areas. This is invalid!
Occluder "" straddles multiple areas. This is invalid!
Chop Details...done (0)
Find Visible Detail Sides...
Merged 606 detail faces...done (0)
Merging details...done (0)
FixTjuncs...
PruneNodes...
WriteBSP...
done (0)
writing c:\users\rtaab\documents\hammer\reverse_dead_air\r_c11m1_greenhouse.prt...Building visibility clusters...
done (0)
Finding displacement neighbors...
Found a displacement edge abutting multiple other edges.
Finding lightmap sample positions...
Displacement Alpha : 0...1...2...3...4...5...6...7...8...9...10
Building Physics collision data...
done (1) (997534 bytes)
Cannot build Physics2 data
                                                             -----------
DataLinker total stream size                                     0.0 KiB
Placing detail props : 0...1...2...3...4...5...6...7...8...9...10
Compacting texture/material tables...
Reduced 4831 texinfos to 2900
Reduced 433 texdatas to 352 (19331 bytes to 16076)
Writing c:\users\rtaab\documents\hammer\reverse_dead_air\r_c11m1_greenhouse.bsp
13 seconds elapsed



8 threads
reading c:\users\rtaab\documents\hammer\reverse_dead_air\r_c11m1_greenhouse.bsp
max farz in all env_fog_controller entities: 9000.000000 (used for radial vis)
reading c:\users\rtaab\documents\hammer\reverse_dead_air\r_c11m1_greenhouse.prt
  64 portalclusters
 258 numportals
0...1...2...3...4...5...6...7...8...9...10Optimized: 307 visible clusters (0.00%)
Total clusters visible: 2474
Average clusters visible: 38
Building PAS...
Average clusters audible: 62
visdatasize:1610  compressed from 1024
writing c:\users\rtaab\documents\hammer\reverse_dead_air\r_c11m1_greenhouse.bsp
0 seconds elapsed



Using shader api: shaderapiempty.dll
materialPath: D:\programfile\steam\steamapps\common\left 4 dead 2\left4dead2\materials
Loading c:\users\rtaab\documents\hammer\reverse_dead_air\r_c11m1_greenhouse.vmf
fixing up env_cubemap materials on brush sides...
0...1...2...3...4...5...6...7...8...9...100...1...2...3...4...5...6...7...8...9...10Processing areas...Wrote c:\users\rtaab\documents\hammer\reverse_dead_air\r_c11m1_greenhouse.lin
Areaportal leak ! File: c:\users\rtaab\documents\hammer\reverse_dead_air\r_c11m1_greenhouse.lin 
Brush 8079331: areaportal brush doesn't touch two areas
done (0)
Building Faces...done (0)
Occluder "" straddles multiple areas. This is invalid!
Occluder "" straddles multiple areas. This is invalid!
Occluder "" straddles multiple areas. This is invalid!
Occluder "" straddles multiple areas. This is invalid!
Occluder "" straddles multiple areas. This is invalid!
Occluder "" straddles multiple areas. This is invalid!
Occluder "" straddles multiple areas. This is invalid!
Occluder "" straddles multiple areas. This is invalid!
Occluder "" straddles multiple areas. This is invalid!
Chop Details...done (0)
Find Visible Detail Sides...
Merged 606 detail faces...done (0)
Merging details...done (0)
FixTjuncs...
PruneNodes...
WriteBSP...
done (0)
writing c:\users\rtaab\documents\hammer\reverse_dead_air\r_c11m1_greenhouse.prt...Building visibility clusters...
done (0)
Finding displacement neighbors...
Found a displacement edge abutting multiple other edges.
Finding lightmap sample positions...
Displacement Alpha : 0...1...2...3...4...5...6...7...8...9...10
Building Physics collision data...
done (1) (997534 bytes)
Cannot build Physics2 data
                                                             -----------
DataLinker total stream size                                     0.0 KiB



Using shader api: shaderapiempty.dll
materialPath: D:\programfile\steam\steamapps\common\left 4 dead 2\left4dead2\materials
Loading c:\users\rtaab\documents\hammer\reverse_dead_air\r_c11m1_greenhouse.vmf
fixing up env_cubemap materials on brush sides...
0...1...2...3...4...5...6...7...8...9...100...1...2...3...4...5...6...7...8...9...10Processing areas...done (0)
Building Faces...done (0)
Occluder "" straddles multiple areas. This is invalid!
Occluder "" straddles multiple areas. This is invalid!
Occluder "" straddles multiple areas. This is invalid!
Occluder "" straddles multiple areas. This is invalid!
Occluder "" straddles multiple areas. This is invalid!
Occluder "" straddles multiple areas. This is invalid!
Occluder "" straddles multiple areas. This is invalid!
Occluder "" straddles multiple areas. This is invalid!
Occluder "" straddles multiple areas. This is invalid!
Chop Details...done (0)
Find Visible Detail Sides...
Merged 606 detail faces...done (0)
Merging details...done (0)
FixTjuncs...
PruneNodes...
WriteBSP...
done (0)
writing c:\users\rtaab\documents\hammer\reverse_dead_air\r_c11m1_greenhouse.prt...Building visibility clusters...
done (0)
Finding displacement neighbors...
Found a displacement edge abutting multiple other edges.
Finding lightmap sample positions...
Displacement Alpha : 0...1...2...3...4...5...6...7...8...9...10
Building Physics collision data...
done (1) (994756 bytes)
Cannot build Physics2 data
                                                             -----------
DataLinker total stream size                                     0.0 KiB
Placing detail props : 0...1...2...3...4...5...6...7...8...9...10
Compacting texture/material tables...
Reduced 4797 texinfos to 2897
Reduced 433 texdatas to 352 (19331 bytes to 16076)
Writing c:\users\rtaab\documents\hammer\reverse_dead_air\r_c11m1_greenhouse.bsp
12 seconds elapsed



8 threads
reading c:\users\rtaab\documents\hammer\reverse_dead_air\r_c11m1_greenhouse.bsp
max farz in all env_fog_controller entities: 9000.000000 (used for radial vis)
reading c:\users\rtaab\documents\hammer\reverse_dead_air\r_c11m1_greenhouse.prt
  64 portalclusters
 258 numportals
0...1...2...3...4...5...6...7...8...9...10Optimized: 307 visible clusters (0.00%)
Total clusters visible: 2474
Average clusters visible: 38
Building PAS...
Average clusters audible: 62
visdatasize:1610  compressed from 1024
writing c:\users\rtaab\documents\hammer\reverse_dead_air\r_c11m1_greenhouse.bsp
0 seconds elapsed



Using shader api: shaderapiempty.dll
materialPath: D:\programfile\steam\steamapps\common\left 4 dead 2\left4dead2\materials
Loading c:\users\rtaab\documents\hammer\reverse_dead_air\r_c11m1_greenhouse.vmf
fixing up env_cubemap materials on brush sides...
0...1...2...3...4...5...6...7...8...9...100...1...2...3...4...5...6...7...8...9...10Processing areas...done (0)
Building Faces...done (0)
Occluder "" straddles multiple areas. This is invalid!
Occluder "" straddles multiple areas. This is invalid!
Occluder "" straddles multiple areas. This is invalid!
Occluder "" straddles multiple areas. This is invalid!
Occluder "" straddles multiple areas. This is invalid!
Occluder "" straddles multiple areas. This is invalid!
Occluder "" straddles multiple areas. This is invalid!
Occluder "" straddles multiple areas. This is invalid!
Occluder "" straddles multiple areas. This is invalid!
Chop Details...done (0)
Find Visible Detail Sides...
Merged 606 detail faces...done (0)
Merging details...done (0)
FixTjuncs...
PruneNodes...
WriteBSP...
done (0)
writing c:\users\rtaab\documents\hammer\reverse_dead_air\r_c11m1_greenhouse.prt...Building visibility clusters...
done (0)
Finding displacement neighbors...
Found a displacement edge abutting multiple other edges.
Finding lightmap sample positions...
Displacement Alpha : 0...1...2...3...4...5...6...7...8...9...10
Building Physics collision data...
done (1) (994756 bytes)
Cannot build Physics2 data
                                                             -----------
DataLinker total stream size                                     0.0 KiB
Placing detail props : 0...1...2...3...4...5...6...7...8...9...10
Compacting texture/material tables...
Reduced 4797 texinfos to 2897
Reduced 433 texdatas to 352 (19331 bytes to 16076)
Writing c:\users\rtaab\documents\hammer\reverse_dead_air\r_c11m1_greenhouse.bsp
12 seconds elapsed



8 threads
reading c:\users\rtaab\documents\hammer\reverse_dead_air\r_c11m1_greenhouse.bsp
max farz in all env_fog_controller entities: 9000.000000 (used for radial vis)
reading c:\users\rtaab\documents\hammer\reverse_dead_air\r_c11m1_greenhouse.prt
  64 portalclusters
 258 numportals
0...1...2...3...4...5...6...7...8...9...10Optimized: 307 visible clusters (0.00%)
Total clusters visible: 2474
Average clusters visible: 38
Building PAS...
Average clusters audible: 62
visdatasize:1610  compressed from 1024
writing c:\users\rtaab\documents\hammer\reverse_dead_air\r_c11m1_greenhouse.bsp
0 seconds elapsed



[Reading texlights from 'lights.rad']
[2 texlights parsed from 'lights.rad']

Loading c:\users\rtaab\documents\hammer\reverse_dead_air\r_c11m1_greenhouse.bsp
7844 faces
9295214 square feet [1338510848.00 square inches]
53 Displacements
23843 Square Feet [3433395.75 Square Inches]
7844 patches before subdivision
7844 patches after subdivision
37 direct lights
0...1...2...3...4...5...6...7...8...9...100...1...2...3...4...5...6...7...8...9...10transfers 662337, max 962
transfer lists:   5.1 megs
0...1...2...3...4...5...6...7...8...9...10	Bounce #1 added RGB(4059, 3658, 2609)
0...1...2...3...4...5...6...7...8...9...10	Bounce #2 added RGB(1059, 852, 493)
Build Patch/Sample Hash Table(s).....Done<0.0329 sec>
0...1...2...3...4...5...6...7...8...9...10FinalLightFace Done
0 of 0 (0% of) surface lights went in leaf ambient cubes.
0...1...2...3...4...5...6...7...8...9...10Writing leaf ambient...done
Ready to Finish

Object names       Objects/Maxobjs  Memory / Maxmem  Fullness 
------------       ---------------  ---------------  -------- 
models                 130/1024         6240/49152    (12.7%) 
brushes               2670/8192        32040/98304    (32.6%) 
brushsides           19998/65536      159984/524288   (30.5%) 
planes               12676/65536      253520/1310720  (19.3%) 
vertexes             15132/65536      181584/786432   (23.1%) 
nodes                 5862/65536      187584/2097152  ( 8.9%) 
texinfos              2897/12288      208584/884736   (23.6%) 
texdata                352/2048        11264/65536    (17.2%) 
dispinfos               53/0            9328/0        ( 0.0%) 
disp_verts            2501/0           50020/0        ( 0.0%) 
disp_tris             3712/0            7424/0        ( 0.0%) 
disp_lmsamples      118208/0          118208/0        ( 0.0%) 
faces                 7844/65536      439264/3670016  (12.0%) 
hdr faces                0/65536           0/3670016  ( 0.0%) 
origfaces             4949/65536      277144/3670016  ( 7.6%) 
leaves                5993/65536      191776/2097152  ( 9.1%) 
leaffaces             9864/65536       19728/131072   (15.1%) 
leafbrushes           7828/65536       15656/131072   (11.9%) 
areas                   18/256           144/2048     ( 7.0%) 
surfedges            56892/512000     227568/2048000  (11.1%) 
edges                37008/256000     148032/1024000  (14.5%) 
LDR worldlights         37/8192         3700/819200   ( 0.5%) 
HDR worldlights          0/8192            0/819200   ( 0.0%) 
leafwaterdata            0/32768           0/393216   ( 0.0%) 
waterstrips            760/32768        7600/327680   ( 2.3%) 
waterverts               0/65536           0/786432   ( 0.0%) 
waterindices         14364/65536       28728/131072   (21.9%) 
cubemapsamples          50/1024          800/16384    ( 4.9%) 
overlays               210/512         73920/180224   (41.0%) 
LDR lightdata         [variable]     3992104/0        ( 0.0%) 
HDR lightdata         [variable]           0/0        ( 0.0%) 
visdata               [variable]        1610/16777216 ( 0.0%) 
entdata               [variable]      363473/393216   (92.4%) VERY FULL!
LDR ambient table     5993/65536       23972/262144   ( 9.1%) 
HDR ambient table     5993/65536       23972/262144   ( 9.1%) 
LDR leaf ambient     25032/65536      700896/1835008  (38.2%) 
HDR leaf ambient      5993/65536      167804/1835008  ( 9.1%) 
occluders               14/0             560/0        ( 0.0%) 
occluder polygons       21/0             252/0        ( 0.0%) 
occluder vert ind       99/0             396/0        ( 0.0%) 
Prop Hull Verts          0/0               0/0        ( 0.0%) 
Prop Hull Blob           0/0               0/0        ( 0.0%) 
Prop Hull Lists          0/0               0/0        ( 0.0%) 
Prop Hulls               0/0               0/0        ( 0.0%) 
Prop Hull trilist        0/0               0/0        ( 0.0%) 
detail props          [variable]           1/12       ( 8.3%) 
static props          [variable]           1/75804    ( 0.0%) 
pakfile               [variable]     4519922/0        ( 0.0%) 
physics               [variable]      994756/4194304  (23.7%) 
physics terrain       [variable]        9433/1048576  ( 0.9%) 

Level flags = 1

Total triangle count: 21425
Writing c:\users\rtaab\documents\hammer\reverse_dead_air\r_c11m1_greenhouse.bsp
1 minute, 0 seconds elapsed



Using shader api: shaderapiempty.dll
materialPath: D:\programfile\steam\steamapps\common\left 4 dead 2\left4dead2\materials
Loading c:\users\rtaab\documents\hammer\reverse_dead_air\r_c11m1_greenhouse.vmf
fixing up env_cubemap materials on brush sides...
0...1...2...3...4...5...6...7...8...9...100...1...2...3...4...5...6...7...8...9...10Processing areas...done (0)
Building Faces...done (0)
Occluder "" straddles multiple areas. This is invalid!
Occluder "" straddles multiple areas. This is invalid!
Occluder "" straddles multiple areas. This is invalid!
Occluder "" straddles multiple areas. This is invalid!
Occluder "" straddles multiple areas. This is invalid!
Occluder "" straddles multiple areas. This is invalid!
Occluder "" straddles multiple areas. This is invalid!
Occluder "" straddles multiple areas. This is invalid!
Occluder "" straddles multiple areas. This is invalid!
Chop Details...done (0)
Find Visible Detail Sides...
Merged 606 detail faces...done (0)
Merging details...done (0)
FixTjuncs...
PruneNodes...
WriteBSP...
done (0)
writing c:\users\rtaab\documents\hammer\reverse_dead_air\r_c11m1_greenhouse.prt...Building visibility clusters...
done (0)
Finding displacement neighbors...
Found a displacement edge abutting multiple other edges.
Finding lightmap sample positions...
Displacement Alpha : 0...1...2...3...4...5...6...7...8...9...10
Building Physics collision data...
done (1) (994756 bytes)
Cannot build Physics2 data
                                                             -----------
DataLinker total stream size                                     0.0 KiB
Placing detail props : 0...1...2...3...4...5...6...7...8...9...10
Compacting texture/material tables...
Reduced 4797 texinfos to 2897
Reduced 433 texdatas to 352 (19331 bytes to 16076)
Writing c:\users\rtaab\documents\hammer\reverse_dead_air\r_c11m1_greenhouse.bsp
12 seconds elapsed



8 threads
reading c:\users\rtaab\documents\hammer\reverse_dead_air\r_c11m1_greenhouse.bsp
max farz in all env_fog_controller entities: 9000.000000 (used for radial vis)
reading c:\users\rtaab\documents\hammer\reverse_dead_air\r_c11m1_greenhouse.prt
  64 portalclusters
 258 numportals
0...1...2...3...4...5...6...7...8...9...10Optimized: 307 visible clusters (0.00%)
Total clusters visible: 2474
Average clusters visible: 38
Building PAS...
Average clusters audible: 62
visdatasize:1610  compressed from 1024
writing c:\users\rtaab\documents\hammer\reverse_dead_air\r_c11m1_greenhouse.bsp
0 seconds elapsed



Using shader api: shaderapiempty.dll
materialPath: D:\programfile\steam\steamapps\common\left 4 dead 2\left4dead2\materials
Loading c:\users\rtaab\documents\hammer\reverse_dead_air\r_c11m1_greenhouse.vmf
fixing up env_cubemap materials on brush sides...
0...1...2...3...4...5...6...7...8...9...100...1...2...3...4...5...6...7...8...9...10Processing areas...done (0)
Building Faces...done (0)
Occluder "" straddles multiple areas. This is invalid!
Occluder "" straddles multiple areas. This is invalid!
Occluder "" straddles multiple areas. This is invalid!
Occluder "" straddles multiple areas. This is invalid!
Occluder "" straddles multiple areas. This is invalid!
Occluder "" straddles multiple areas. This is invalid!
Occluder "" straddles multiple areas. This is invalid!
Occluder "" straddles multiple areas. This is invalid!
Occluder "" straddles multiple areas. This is invalid!
Chop Details...done (0)
Find Visible Detail Sides...
Merged 606 detail faces...done (0)
Merging details...done (0)
FixTjuncs...
PruneNodes...
WriteBSP...
done (0)
writing c:\users\rtaab\documents\hammer\reverse_dead_air\r_c11m1_greenhouse.prt...Building visibility clusters...
done (0)
Finding displacement neighbors...
Found a displacement edge abutting multiple other edges.
Finding lightmap sample positions...
Displacement Alpha : 0...1...2...3...4...5...6...7...8...9...10
Building Physics collision data...
done (1) (1004518 bytes)
Cannot build Physics2 data
                                                             -----------
DataLinker total stream size                                     0.0 KiB
Placing detail props : 0...1...2...3...4...5...6...7...8...9...10
Compacting texture/material tables...
Reduced 4805 texinfos to 2905
Reduced 433 texdatas to 352 (19331 bytes to 16076)
Writing c:\users\rtaab\documents\hammer\reverse_dead_air\r_c11m1_greenhouse.bsp
12 seconds elapsed



8 threads
reading c:\users\rtaab\documents\hammer\reverse_dead_air\r_c11m1_greenhouse.bsp
max farz in all env_fog_controller entities: 9000.000000 (used for radial vis)
reading c:\users\rtaab\documents\hammer\reverse_dead_air\r_c11m1_greenhouse.prt
  64 portalclusters
 258 numportals
0...1...2...3...4...5...6...7...8...9...10Optimized: 307 visible clusters (0.00%)
Total clusters visible: 2474
Average clusters visible: 38
Building PAS...
Average clusters audible: 62
visdatasize:1610  compressed from 1024
writing c:\users\rtaab\documents\hammer\reverse_dead_air\r_c11m1_greenhouse.bsp
0 seconds elapsed



[Reading texlights from 'lights.rad']
[2 texlights parsed from 'lights.rad']

Loading c:\users\rtaab\documents\hammer\reverse_dead_air\r_c11m1_greenhouse.bsp
7919 faces
10442869 square feet [1503773184.00 square inches]
53 Displacements
23843 Square Feet [3433395.75 Square Inches]
7919 patches before subdivision
7919 patches after subdivision
37 direct lights
0...1...2...3...4...5...6...7...8...9...100...1...2...3...4...5...6...7...8...9...10transfers 664240, max 962
transfer lists:   5.1 megs
0...1...2...3...4...5...6...7...8...9...10	Bounce #1 added RGB(4063, 3662, 2612)
0...1...2...3...4...5...6...7...8...9...10	Bounce #2 added RGB(1059, 852, 493)
Build Patch/Sample Hash Table(s).....Done<0.0366 sec>
0...1...2...3...4...5...6...7...8...9...10FinalLightFace Done
0 of 0 (0% of) surface lights went in leaf ambient cubes.
0...1...2...3...4...5...6...7...8...9...10Writing leaf ambient...done
Ready to Finish

Object names       Objects/Maxobjs  Memory / Maxmem  Fullness 
------------       ---------------  ---------------  -------- 
models                 133/1024         6384/49152    (13.0%) 
brushes               2692/8192        32304/98304    (32.9%) 
brushsides           20130/65536      161040/524288   (30.7%) 
planes               12710/65536      254200/1310720  (19.4%) 
vertexes             15285/65536      183420/786432   (23.3%) 
nodes                 5927/65536      189664/2097152  ( 9.0%) 
texinfos              2905/12288      209160/884736   (23.6%) 
texdata                352/2048        11264/65536    (17.2%) 
dispinfos               53/0            9328/0        ( 0.0%) 
disp_verts            2501/0           50020/0        ( 0.0%) 
disp_tris             3712/0            7424/0        ( 0.0%) 
disp_lmsamples      118208/0          118208/0        ( 0.0%) 
faces                 7919/65536      443464/3670016  (12.1%) 
hdr faces                0/65536           0/3670016  ( 0.0%) 
origfaces             5017/65536      280952/3670016  ( 7.7%) 
leaves                6061/65536      193952/2097152  ( 9.2%) 
leaffaces             9942/65536       19884/131072   (15.2%) 
leafbrushes           7854/65536       15708/131072   (12.0%) 
areas                   18/256           144/2048     ( 7.0%) 
surfedges            57512/512000     230048/2048000  (11.2%) 
edges                37354/256000     149416/1024000  (14.6%) 
LDR worldlights         37/8192         3700/819200   ( 0.5%) 
HDR worldlights          0/8192            0/819200   ( 0.0%) 
leafwaterdata            0/32768           0/393216   ( 0.0%) 
waterstrips            760/32768        7600/327680   ( 2.3%) 
waterverts               0/65536           0/786432   ( 0.0%) 
waterindices         14364/65536       28728/131072   (21.9%) 
cubemapsamples          50/1024          800/16384    ( 4.9%) 
overlays               210/512         73920/180224   (41.0%) 
LDR lightdata         [variable]     3992104/0        ( 0.0%) 
HDR lightdata         [variable]           0/0        ( 0.0%) 
visdata               [variable]        1610/16777216 ( 0.0%) 
entdata               [variable]      364336/393216   (92.7%) VERY FULL!
LDR ambient table     6061/65536       24244/262144   ( 9.2%) 
HDR ambient table     6061/65536       24244/262144   ( 9.2%) 
LDR leaf ambient     25387/65536      710836/1835008  (38.7%) 
HDR leaf ambient      6061/65536      169708/1835008  ( 9.2%) 
occluders               14/0             560/0        ( 0.0%) 
occluder polygons       21/0             252/0        ( 0.0%) 
occluder vert ind       99/0             396/0        ( 0.0%) 
Prop Hull Verts          0/0               0/0        ( 0.0%) 
Prop Hull Blob           0/0               0/0        ( 0.0%) 
Prop Hull Lists          0/0               0/0        ( 0.0%) 
Prop Hulls               0/0               0/0        ( 0.0%) 
Prop Hull trilist        0/0               0/0        ( 0.0%) 
detail props          [variable]           1/12       ( 8.3%) 
static props          [variable]           1/75804    ( 0.0%) 
pakfile               [variable]     4519922/0        ( 0.0%) 
physics               [variable]     1004518/4194304  (23.9%) 
physics terrain       [variable]        9433/1048576  ( 0.9%) 

Level flags = 1

Total triangle count: 21623
Writing c:\users\rtaab\documents\hammer\reverse_dead_air\r_c11m1_greenhouse.bsp
1 minute, 6 seconds elapsed



Using shader api: shaderapiempty.dll
materialPath: D:\programfile\steam\steamapps\common\left 4 dead 2\left4dead2\materials
Loading c:\users\rtaab\documents\hammer\reverse_dead_air\r_c11m1_greenhouse.vmf
fixing up env_cubemap materials on brush sides...
0...1...2...3...4...5...6...7...8...9...100...1...2...3...4...5...6...7...8...9...10Processing areas...done (0)
Building Faces...done (0)
Occluder "" straddles multiple areas. This is invalid!
Occluder "" straddles multiple areas. This is invalid!
Occluder "" straddles multiple areas. This is invalid!
Occluder "" straddles multiple areas. This is invalid!
Occluder "" straddles multiple areas. This is invalid!
Occluder "" straddles multiple areas. This is invalid!
Occluder "" straddles multiple areas. This is invalid!
Occluder "" straddles multiple areas. This is invalid!
Occluder "" straddles multiple areas. This is invalid!
Chop Details...done (0)
Find Visible Detail Sides...
Merged 606 detail faces...done (0)
Merging details...done (0)
FixTjuncs...
PruneNodes...
WriteBSP...
done (0)
writing c:\users\rtaab\documents\hammer\reverse_dead_air\r_c11m1_greenhouse.prt...Building visibility clusters...
done (0)
Finding displacement neighbors...
Found a displacement edge abutting multiple other edges.
Finding lightmap sample positions...
Displacement Alpha : 0...1...2...3...4...5...6...7...8...9...10
Building Physics collision data...
done (1) (1004518 bytes)
Cannot build Physics2 data
                                                             -----------
DataLinker total stream size                                     0.0 KiB
Placing detail props : 0...1...2...3...4...5...6...7...8...9...10
Compacting texture/material tables...
Reduced 4805 texinfos to 2905
Reduced 433 texdatas to 352 (19331 bytes to 16076)
Writing c:\users\rtaab\documents\hammer\reverse_dead_air\r_c11m1_greenhouse.bsp
12 seconds elapsed



8 threads
reading c:\users\rtaab\documents\hammer\reverse_dead_air\r_c11m1_greenhouse.bsp
max farz in all env_fog_controller entities: 9000.000000 (used for radial vis)
reading c:\users\rtaab\documents\hammer\reverse_dead_air\r_c11m1_greenhouse.prt
  64 portalclusters
 258 numportals
0...1...2...3...4...5...6...7...8...9...100...1...2...3...4...5...6...7...8...9...10Optimized: 0 visible clusters (0.00%)
Total clusters visible: 1803
Average clusters visible: 28
Building PAS...
Average clusters audible: 62
visdatasize:1601  compressed from 1024
writing c:\users\rtaab\documents\hammer\reverse_dead_air\r_c11m1_greenhouse.bsp
0 seconds elapsed



[Reading texlights from 'lights.rad']
[2 texlights parsed from 'lights.rad']

Loading c:\users\rtaab\documents\hammer\reverse_dead_air\r_c11m1_greenhouse.bsp
7919 faces
10442869 square feet [1503773184.00 square inches]
53 Displacements
23843 Square Feet [3433395.75 Square Inches]
7919 patches before subdivision
106545 patches after subdivision
37 direct lights
0...1...2...3...4...5...6...7...8...9...100...1...2...3...4...5...6...7...8...9...


Using shader api: shaderapiempty.dll
materialPath: D:\programfile\steam\steamapps\common\left 4 dead 2\left4dead2\materials
Loading c:\users\rtaab\documents\hammer\reverse_dead_air\r_c11m1_greenhouse.vmf
fixing up env_cubemap materials on brush sides...
0...1...2...3...4...5...6...7...8...9...100...1...2...3...4...5...6...7...8...9...10Processing areas...done (0)
Building Faces...done (0)
Occluder "" straddles multiple areas. This is invalid!
Occluder "" straddles multiple areas. This is invalid!
Occluder "" straddles multiple areas. This is invalid!
Occluder "" straddles multiple areas. This is invalid!
Occluder "" straddles multiple areas. This is invalid!
Occluder "" straddles multiple areas. This is invalid!
Occluder "" straddles multiple areas. This is invalid!
Occluder "" straddles multiple areas. This is invalid!
Occluder "" straddles multiple areas. This is invalid!
Chop Details...done (0)
Find Visible Detail Sides...
Merged 606 detail faces...done (0)
Merging details...done (0)
FixTjuncs...
PruneNodes...
WriteBSP...
done (0)
writing c:\users\rtaab\documents\hammer\reverse_dead_air\r_c11m1_greenhouse.prt...Building visibility clusters...
done (0)
Finding displacement neighbors...
Found a displacement edge abutting multiple other edges.
Finding lightmap sample positions...
Displacement Alpha : 0...1...2...3...4...5...6...7...8...9...10
Building Physics collision data...
done (1) (1004518 bytes)
Cannot build Physics2 data
                                                             -----------
DataLinker total stream size                                     0.0 KiB
Placing detail props : 0...1...2...3...4...5...6...7...8...9...10
Compacting texture/material tables...
Reduced 4805 texinfos to 2905
Reduced 433 texdatas to 352 (19331 bytes to 16076)
Writing c:\users\rtaab\documents\hammer\reverse_dead_air\r_c11m1_greenhouse.bsp
12 seconds elapsed



8 threads
reading c:\users\rtaab\documents\hammer\reverse_dead_air\r_c11m1_greenhouse.bsp
max farz in all env_fog_controller entities: 9000.000000 (used for radial vis)
reading c:\users\rtaab\documents\hammer\reverse_dead_air\r_c11m1_greenhouse.prt
  64 portalclusters
 258 numportals
0...1...2...3...4...5...6...7...8...9...100...1...2...3...4...5...6...7...8...9...10Optimized: 0 visible clusters (0.00%)
Total clusters visible: 1803
Average clusters visible: 28
Building PAS...
Average clusters audible: 62
visdatasize:1601  compressed from 1024
writing c:\users\rtaab\documents\hammer\reverse_dead_air\r_c11m1_greenhouse.bsp
0 seconds elapsed



[Reading texlights from 'lights.rad']
[2 texlights parsed from 'lights.rad']

Loading c:\users\rtaab\documents\hammer\reverse_dead_air\r_c11m1_greenhouse.bsp
7919 faces
10442869 square feet [1503773184.00 square inches]
53 Displacements
23843 Square Feet [3433395.75 Square Inches]
7919 patches before subdivision
106545 patches after subdivision
37 direct lights
0...1...2...3...4...5...6...7...8...9...100...1...2...3...4...5...6...7...8...9...


Using shader api: shaderapiempty.dll
materialPath: D:\programfile\steam\steamapps\common\left 4 dead 2\left4dead2\materials
Loading c:\users\rtaab\documents\hammer\reverse_dead_air\r_c11m1_greenhouse.vmf
fixing up env_cubemap materials on brush sides...
0...1...2...3...4...5...6...7...8...9...100...1...2...3...4...5...6...7...8...9...10Processing areas...done (0)
Building Faces...done (0)
Occluder "" straddles multiple areas. This is invalid!
Occluder "" straddles multiple areas. This is invalid!
Occluder "" straddles multiple areas. This is invalid!
Occluder "" straddles multiple areas. This is invalid!
Occluder "" straddles multiple areas. This is invalid!
Occluder "" straddles multiple areas. This is invalid!
Occluder "" straddles multiple areas. This is invalid!
Occluder "" straddles multiple areas. This is invalid!
Occluder "" straddles multiple areas. This is invalid!
Chop Details...done (0)
Find Visible Detail Sides...
Merged 606 detail faces...done (0)
Merging details...done (0)
FixTjuncs...
PruneNodes...
WriteBSP...
done (0)
writing c:\users\rtaab\documents\hammer\reverse_dead_air\r_c11m1_greenhouse.prt...Building visibility clusters...
done (0)
Finding displacement neighbors...
Found a displacement edge abutting multiple other edges.
Finding lightmap sample positions...
Displacement Alpha : 0...1...2...3...4...5...6...7...8...9...10
Building Physics collision data...
done (1) (1004518 bytes)
Cannot build Physics2 data
                                                             -----------
DataLinker total stream size                                     0.0 KiB
Placing detail props : 0...1...2...3...4...5...6...7...8...9...10
Compacting texture/material tables...
Reduced 4805 texinfos to 2905
Reduced 433 texdatas to 352 (19331 bytes to 16076)
Writing c:\users\rtaab\documents\hammer\reverse_dead_air\r_c11m1_greenhouse.bsp
12 seconds elapsed



8 threads
reading c:\users\rtaab\documents\hammer\reverse_dead_air\r_c11m1_greenhouse.bsp
max farz in all env_fog_controller entities: 9000.000000 (used for radial vis)
reading c:\users\rtaab\documents\hammer\reverse_dead_air\r_c11m1_greenhouse.prt
  64 portalclusters
 258 numportals
0...1...2...3...4...5...6...7...8...9...100...1...2...3...4...5...6...7...8...9...10Optimized: 0 visible clusters (0.00%)
Total clusters visible: 1803
Average clusters visible: 28
Building PAS...
Average clusters audible: 62
visdatasize:1601  compressed from 1024
writing c:\users\rtaab\documents\hammer\reverse_dead_air\r_c11m1_greenhouse.bsp
0 seconds elapsed



[Reading texlights from 'lights.rad']
[2 texlights parsed from 'lights.rad']

Loading c:\users\rtaab\documents\hammer\reverse_dead_air\r_c11m1_greenhouse.bsp
7919 faces
10442869 square feet [1503773184.00 square inches]
53 Displacements
23843 Square Feet [3433395.75 Square Inches]
7919 patches before subdivision
106545 patches after subdivision
37 direct lights
0...1...2...3...4...5...6...7...8...9...100...1...2...3...4...5...6...7...8...9...10transfers 7120602, max 1004
transfer lists:  54.3 megs
0...1...2...3...4...5...6...7...8...9...10	Bounce #1 added RGB(9621, 9659, 8001)
0...1...2...3...4...5...6...7...8...9...10	Bounce #2 added RGB(2109, 1839, 1238)
0...1...2...3...4...5...6...7...8...9...10	Bounce #3 added RGB(735, 569, 305)
0...1...2...3...4...5...6...7...8...9...10	Bounce #4 added RGB(300, 213, 98)
0...1...2...3...4...5...6...7...8...9...10	Bounce #5 added RGB(142, 93, 37)
0...1...2...3...4...5...6...7...8...9...10	Bounce #6 added RGB(67, 41, 14)
0...1...2...3...4...5...6...7...8...9...10	Bounce #7 added RGB(33, 19, 6)
0...1...2...3...4...5...6...7...8...9...10	Bounce #8 added RGB(17, 9, 2)
0...1...2...3...4...5...6...7...8...9...10	Bounce #9 added RGB(9, 4, 1)
0...1...2...3...4...5...6...7...8...9...10	Bounce #10 added RGB(4, 2, 0)
0...1...2...3...4...5...6...7...8...9...10	Bounce #11 added RGB(2, 1, 0)
0...1...2...3...4...5...6...7...8...9...10	Bounce #12 added RGB(1, 1, 0)
0...1...2...3...4...5...6...7...8...9...10	Bounce #13 added RGB(1, 0, 0)
Build Patch/Sample Hash Table(s).....Done<0.0358 sec>
0...1...2...3...4...5...6...7...8...9...10FinalLightFace Done
0 of 0 (0% of) surface lights went in leaf ambient cubes.
0...1...2...3...4...5...6...7...8...9...10Writing leaf ambient...done
Computing static prop lighting : 00...1...2...3...4...5...6...7...8...9...10
Ready to Finish

Object names       Objects/Maxobjs  Memory / Maxmem  Fullness 
------------       ---------------  ---------------  -------- 
models                 133/1024         6384/49152    (13.0%) 
brushes               2692/8192        32304/98304    (32.9%) 
brushsides           20130/65536      161040/524288   (30.7%) 
planes               12710/65536      254200/1310720  (19.4%) 
vertexes             15285/65536      183420/786432   (23.3%) 
nodes                 5927/65536      189664/2097152  ( 9.0%) 
texinfos              2905/12288      209160/884736   (23.6%) 
texdata                352/2048        11264/65536    (17.2%) 
dispinfos               53/0            9328/0        ( 0.0%) 
disp_verts            2501/0           50020/0        ( 0.0%) 
disp_tris             3712/0            7424/0        ( 0.0%) 
disp_lmsamples      118208/0          118208/0        ( 0.0%) 
faces                 7919/65536      443464/3670016  (12.1%) 
hdr faces             7919/65536      443464/3670016  (12.1%) 
origfaces             5017/65536      280952/3670016  ( 7.7%) 
leaves                6061/65536      193952/2097152  ( 9.2%) 
leaffaces             9942/65536       19884/131072   (15.2%) 
leafbrushes           7854/65536       15708/131072   (12.0%) 
areas                   18/256           144/2048     ( 7.0%) 
surfedges            57512/512000     230048/2048000  (11.2%) 
edges                37354/256000     149416/1024000  (14.6%) 
LDR worldlights          0/8192            0/819200   ( 0.0%) 
HDR worldlights         37/8192         3700/819200   ( 0.5%) 
leafwaterdata            0/32768           0/393216   ( 0.0%) 
waterstrips            760/32768        7600/327680   ( 2.3%) 
waterverts               0/65536           0/786432   ( 0.0%) 
waterindices         14364/65536       28728/131072   (21.9%) 
cubemapsamples          50/1024          800/16384    ( 4.9%) 
overlays               210/512         73920/180224   (41.0%) 
LDR lightdata         [variable]           0/0        ( 0.0%) 
HDR lightdata         [variable]     3984620/0        ( 0.0%) 
visdata               [variable]        1601/16777216 ( 0.0%) 
entdata               [variable]      364336/393216   (92.7%) VERY FULL!
LDR ambient table     6061/65536       24244/262144   ( 9.2%) 
HDR ambient table     6061/65536       24244/262144   ( 9.2%) 
LDR leaf ambient      6061/65536      169708/1835008  ( 9.2%) 
HDR leaf ambient     24759/65536      693252/1835008  (37.8%) 
occluders               14/0             560/0        ( 0.0%) 
occluder polygons       21/0             252/0        ( 0.0%) 
occluder vert ind       99/0             396/0        ( 0.0%) 
Prop Hull Verts          0/0               0/0        ( 0.0%) 
Prop Hull Blob           0/0               0/0        ( 0.0%) 
Prop Hull Lists          0/0               0/0        ( 0.0%) 
Prop Hulls               0/0               0/0        ( 0.0%) 
Prop Hull trilist        0/0               0/0        ( 0.0%) 
detail props          [variable]           1/12       ( 8.3%) 
static props          [variable]           1/75804    ( 0.0%) 
pakfile               [variable]     6643814/0        ( 0.0%) 
physics               [variable]     1004518/4194304  (23.9%) 
physics terrain       [variable]        9433/1048576  ( 0.9%) 

Level flags = 2

Total triangle count: 21623
Writing c:\users\rtaab\documents\hammer\reverse_dead_air\r_c11m1_greenhouse.bsp
2 minutes, 23 seconds elapsed



Using shader api: shaderapiempty.dll
materialPath: D:\programfile\steam\steamapps\common\left 4 dead 2\left4dead2\materials
Loading c:\users\rtaab\documents\hammer\reverse_dead_air\r_c11m1_greenhouse.vmf
fixing up env_cubemap materials on brush sides...
0...1...2...3...4...5...6...7...8...9...100...1...2...3...4...5...6...7...8...9...10Processing areas...done (0)
Building Faces...done (0)
Occluder "" straddles multiple areas. This is invalid!
Occluder "" straddles multiple areas. This is invalid!
Occluder "" straddles multiple areas. This is invalid!
Occluder "" straddles multiple areas. This is invalid!
Occluder "" straddles multiple areas. This is invalid!
Occluder "" straddles multiple areas. This is invalid!
Occluder "" straddles multiple areas. This is invalid!
Occluder "" straddles multiple areas. This is invalid!
Occluder "" straddles multiple areas. This is invalid!
Chop Details...done (0)
Find Visible Detail Sides...
Merged 606 detail faces...done (0)
Merging details...done (0)
FixTjuncs...
PruneNodes...
WriteBSP...
done (0)
writing c:\users\rtaab\documents\hammer\reverse_dead_air\r_c11m1_greenhouse.prt...Building visibility clusters...
done (0)
Finding displacement neighbors...
Found a displacement edge abutting multiple other edges.
Finding lightmap sample positions...
Displacement Alpha : 0...1...2...3...4...5...6...7...8...9...10
Building Physics collision data...
done (1) (1003968 bytes)
Cannot build Physics2 data
                                                             -----------
DataLinker total stream size                                     0.0 KiB
Placing detail props : 0...1...2...3...4...5...6...7...8...9...10
Compacting texture/material tables...
Reduced 4795 texinfos to 2900
Reduced 433 texdatas to 352 (19331 bytes to 16076)
Writing c:\users\rtaab\documents\hammer\reverse_dead_air\r_c11m1_greenhouse.bsp
12 seconds elapsed



8 threads
reading c:\users\rtaab\documents\hammer\reverse_dead_air\r_c11m1_greenhouse.bsp
max farz in all env_fog_controller entities: 9000.000000 (used for radial vis)
reading c:\users\rtaab\documents\hammer\reverse_dead_air\r_c11m1_greenhouse.prt
  64 portalclusters
 258 numportals
0...1...2...3...4...5...6...7...8...9...100...1...2...3...4...5...6...7...8...9...10Optimized: 0 visible clusters (0.00%)
Total clusters visible: 1803
Average clusters visible: 28
Building PAS...
Average clusters audible: 62
visdatasize:1601  compressed from 1024
writing c:\users\rtaab\documents\hammer\reverse_dead_air\r_c11m1_greenhouse.bsp
0 seconds elapsed



[Reading texlights from 'lights.rad']
[2 texlights parsed from 'lights.rad']

Loading c:\users\rtaab\documents\hammer\reverse_dead_air\r_c11m1_greenhouse.bsp
7904 faces
10442765 square feet [1503758080.00 square inches]
53 Displacements
23843 Square Feet [3433395.75 Square Inches]
7904 patches before subdivision
106522 patches after subdivision
37 direct lights
0...1...2...3...4...5...6...7...8...9...100...1...2...3...4...5...6...7...8...9...10transfers 7118490, max 1004
transfer lists:  54.3 megs
0...1...2...3...4...5...6...7...8...9...10	Bounce #1 added RGB(9615, 9654, 7997)
0...1...2...3...4...5...6...7...8...9...10	Bounce #2 added RGB(2106, 1837, 1237)
0...1...2...3...4...5...6...7...8...9...10	Bounce #3 added RGB(735, 568, 304)
0...1...2...3...4...5...6...7...8...9...10	Bounce #4 added RGB(300, 213, 98)
0...1...2...3...4...5...6...7...8...9...10	Bounce #5 added RGB(141, 93, 36)
0...1...2...3...4...5...6...7...8...9...10	Bounce #6 added RGB(67, 41, 14)
0...1...2...3...4...5...6...7...8...9...10	Bounce #7 added RGB(33, 19, 6)
0...1...2...3...4...5...6...7...8...9...10	Bounce #8 added RGB(17, 9, 2)
0...1...2...3...4...5...6...7...8...9...10	Bounce #9 added RGB(9, 4, 1)
0...1...2...3...4...5...6...7...8...9...10	Bounce #10 added RGB(4, 2, 0)
0...1...2...3...4...5...6...7...8...9...10	Bounce #11 added RGB(2, 1, 0)
0...1...2...3...4...5...6...7...8...9...10	Bounce #12 added RGB(1, 1, 0)
0...1...2...3...4...5...6...7...8...9...10	Bounce #13 added RGB(1, 0, 0)
Build Patch/Sample Hash Table(s).....Done<0.0371 sec>
0...1...2...3...4...5...6...7...8...9...10FinalLightFace Done
0 of 0 (0% of) surface lights went in leaf ambient cubes.
0...1...2...3...4...5...6...7...8...9...10Writing leaf ambient...done
Computing static prop lighting : 00...1...2...3...4...5...6...7...8...9...10
Ready to Finish

Object names       Objects/Maxobjs  Memory / Maxmem  Fullness 
------------       ---------------  ---------------  -------- 
models                 132/1024         6336/49152    (12.9%) 
brushes               2690/8192        32280/98304    (32.8%) 
brushsides           20118/65536      160944/524288   (30.7%) 
planes               12696/65536      253920/1310720  (19.4%) 
vertexes             15267/65536      183204/786432   (23.3%) 
nodes                 5919/65536      189408/2097152  ( 9.0%) 
texinfos              2900/12288      208800/884736   (23.6%) 
texdata                352/2048        11264/65536    (17.2%) 
dispinfos               53/0            9328/0        ( 0.0%) 
disp_verts            2501/0           50020/0        ( 0.0%) 
disp_tris             3712/0            7424/0        ( 0.0%) 
disp_lmsamples      118208/0          118208/0        ( 0.0%) 
faces                 7904/65536      442624/3670016  (12.1%) 
hdr faces             7904/65536      442624/3670016  (12.1%) 
origfaces             5011/65536      280616/3670016  ( 7.6%) 
leaves                6052/65536      193664/2097152  ( 9.2%) 
leaffaces             9931/65536       19862/131072   (15.2%) 
leafbrushes           7854/65536       15708/131072   (12.0%) 
areas                   17/256           136/2048     ( 6.6%) 
surfedges            57426/512000     229704/2048000  (11.2%) 
edges                37303/256000     149212/1024000  (14.6%) 
LDR worldlights          0/8192            0/819200   ( 0.0%) 
HDR worldlights         37/8192         3700/819200   ( 0.5%) 
leafwaterdata            0/32768           0/393216   ( 0.0%) 
waterstrips            759/32768        7590/327680   ( 2.3%) 
waterverts               0/65536           0/786432   ( 0.0%) 
waterindices         14352/65536       28704/131072   (21.9%) 
cubemapsamples          50/1024          800/16384    ( 4.9%) 
overlays               210/512         73920/180224   (41.0%) 
LDR lightdata         [variable]           0/0        ( 0.0%) 
HDR lightdata         [variable]     3982992/0        ( 0.0%) 
visdata               [variable]        1601/16777216 ( 0.0%) 
entdata               [variable]      363829/393216   (92.5%) VERY FULL!
LDR ambient table     6052/65536       24208/262144   ( 9.2%) 
HDR ambient table     6052/65536       24208/262144   ( 9.2%) 
LDR leaf ambient      6052/65536      169456/1835008  ( 9.2%) 
HDR leaf ambient     24695/65536      691460/1835008  (37.7%) 
occluders               14/0             560/0        ( 0.0%) 
occluder polygons       21/0             252/0        ( 0.0%) 
occluder vert ind       99/0             396/0        ( 0.0%) 
Prop Hull Verts          0/0               0/0        ( 0.0%) 
Prop Hull Blob           0/0               0/0        ( 0.0%) 
Prop Hull Lists          0/0               0/0        ( 0.0%) 
Prop Hulls               0/0               0/0        ( 0.0%) 
Prop Hull trilist        0/0               0/0        ( 0.0%) 
detail props          [variable]           1/12       ( 8.3%) 
static props          [variable]           1/75792    ( 0.0%) 
pakfile               [variable]     6643814/0        ( 0.0%) 
physics               [variable]     1003968/4194304  (23.9%) 
physics terrain       [variable]        9433/1048576  ( 0.9%) 

Level flags = 2

Total triangle count: 21591
Writing c:\users\rtaab\documents\hammer\reverse_dead_air\r_c11m1_greenhouse.bsp
6 minutes, 39 seconds elapsed



Using shader api: shaderapiempty.dll
materialPath: Z:\mnt\d\SteamLibrary\steamapps\common\Left 4 Dead 2\left4dead2\materials
Loading Z:\mnt\f\stuff\git\l4d2-things\reverse_rda\map\r_c11m1_greenhouse.vmf
fixing up env_cubemap materials on brush sides...
0...1...2...3...4...5...6...7...8...9...100...1...2...3...4...5...6...7...8...9...10Processing areas...done (0)
Building Faces...done (0)
Occluder "" straddles multiple areas. This is invalid!
Occluder "" straddles multiple areas. This is invalid!
Occluder "" straddles multiple areas. This is invalid!
Occluder "" straddles multiple areas. This is invalid!
Occluder "" straddles multiple areas. This is invalid!
Occluder "" straddles multiple areas. This is invalid!
Occluder "" straddles multiple areas. This is invalid!
Occluder "" straddles multiple areas. This is invalid!
Occluder "" straddles multiple areas. This is invalid!
Chop Details...done (0)
Find Visible Detail Sides...
Merged 606 detail faces...done (0)
Merging details...done (0)
FixTjuncs...
PruneNodes...
WriteBSP...
done (0)
writing Z:\mnt\f\stuff\git\l4d2-things\reverse_rda\map\r_c11m1_greenhouse.prt...Building visibility clusters...
done (0)
Finding displacement neighbors...
Found a displacement edge abutting multiple other edges.
Finding lightmap sample positions...
Displacement Alpha : 0...1...2...3...4...5...6...7...8...9...10
Building Physics collision data...
done (1) (1003968 bytes)
Cannot build Physics2 data
                                                             -----------
DataLinker total stream size                                     0.0 KiB
Placing detail props : 0...1...2...3...4...5...6...7...8...9...10
Compacting texture/material tables...
Reduced 4795 texinfos to 2900
Reduced 433 texdatas to 352 (19331 bytes to 16076)
Writing Z:\mnt\f\stuff\git\l4d2-things\reverse_rda\map\r_c11m1_greenhouse.bsp
10 seconds elapsed



6 threads
reading z:\mnt\f\stuff\git\l4d2-things\reverse_rda\map\r_c11m1_greenhouse.bsp
max farz in all env_fog_controller entities: 9000.000000 (used for radial vis)
reading z:\mnt\f\stuff\git\l4d2-things\reverse_rda\map\r_c11m1_greenhouse.prt
  64 portalclusters
 258 numportals
0...1...2...3...4...5...6...7...8...9...100...1...2...3...4...5...6...7...8...9...10Optimized: 0 visible clusters (0.00%)
Total clusters visible: 1803
Average clusters visible: 28
Building PAS...
Average clusters audible: 62
visdatasize:1601  compressed from 1024
writing z:\mnt\f\stuff\git\l4d2-things\reverse_rda\map\r_c11m1_greenhouse.bsp
0 seconds elapsed



[Reading texlights from 'lights.rad']
[2 texlights parsed from 'lights.rad']

Loading z:\mnt\f\stuff\git\l4d2-things\reverse_rda\map\r_c11m1_greenhouse.bsp
7904 faces
10442765 square feet [1503758080.00 square inches]
53 Displacements
23843 Square Feet [3433395.75 Square Inches]
7904 patches before subdivision
106522 patches after subdivision
37 direct lights
0...1...2...3...4...5...6...7...8...9...100...1...2...3...4...5...6...7...8...9...10transfers 7825443, max 1062
transfer lists:  59.7 megs
0...1...2...3...4...5...6...7...8...9...10	Bounce #1 added RGB(9786, 9922, 8320)
0...1...2...3...4...5...6...7...8...9...10	Bounce #2 added RGB(2126, 1878, 1289)
0...1...2...3...4...5...6...7...8...9...10	Bounce #3 added RGB(735, 577, 317)
0...1...2...3...4...5...6...7...8...9...10	Bounce #4 added RGB(298, 216, 102)
0...1...2...3...4...5...6...7...8...9...10	Bounce #5 added RGB(140, 94, 38)
0...1...2...3...4...5...6...7...8...9...10	Bounce #6 added RGB(66, 41, 15)
0...1...2...3...4...5...6...7...8...9...10	Bounce #7 added RGB(33, 19, 6)
0...1...2...3...4...5...6...7...8...9...10	Bounce #8 added RGB(16, 9, 3)
0...1...2...3...4...5...6...7...8...9...10	Bounce #9 added RGB(8, 4, 1)
0...1...2...3...4...5...6...7...8...9...10	Bounce #10 added RGB(4, 2, 0)
0...1...2...3...4...5...6...7...8...9...10	Bounce #11 added RGB(2, 1, 0)
0...1...2...3...4...5...6...7...8...9...10	Bounce #12 added RGB(1, 1, 0)
0...1...2...3...4...5...6...7...8...9...10	Bounce #13 added RGB(1, 0, 0)
Build Patch/Sample Hash Table(s).....Done<0.0281 sec>
0...1...2...3...4...5...6...7...8...9...10FinalLightFace Done
0 of 0 (0% of) surface lights went in leaf ambient cubes.
0...1...2...3...4...5...6...7...8...9...10Writing leaf ambient...done
Computing static prop lighting : 00...1...2...3...4...5...6...7...8...9...10
Ready to Finish

Object names       Objects/Maxobjs  Memory / Maxmem  Fullness 
------------       ---------------  ---------------  -------- 
models                 132/1024         6336/49152    (12.9%) 
brushes               2690/8192        32280/98304    (32.8%) 
brushsides           20118/65536      160944/524288   (30.7%) 
planes               12696/65536      253920/1310720  (19.4%) 
vertexes             15267/65536      183204/786432   (23.3%) 
nodes                 5919/65536      189408/2097152  ( 9.0%) 
texinfos              2900/12288      208800/884736   (23.6%) 
texdata                352/2048        11264/65536    (17.2%) 
dispinfos               53/0            9328/0        ( 0.0%) 
disp_verts            2501/0           50020/0        ( 0.0%) 
disp_tris             3712/0            7424/0        ( 0.0%) 
disp_lmsamples      118208/0          118208/0        ( 0.0%) 
faces                 7904/65536      442624/3670016  (12.1%) 
hdr faces             7904/65536      442624/3670016  (12.1%) 
origfaces             5011/65536      280616/3670016  ( 7.6%) 
leaves                6052/65536      193664/2097152  ( 9.2%) 
leaffaces             9931/65536       19862/131072   (15.2%) 
leafbrushes           7854/65536       15708/131072   (12.0%) 
areas                   17/256           136/2048     ( 6.6%) 
surfedges            57426/512000     229704/2048000  (11.2%) 
edges                37303/256000     149212/1024000  (14.6%) 
LDR worldlights          0/8192            0/819200   ( 0.0%) 
HDR worldlights         37/8192         3700/819200   ( 0.5%) 
leafwaterdata            0/32768           0/393216   ( 0.0%) 
waterstrips            759/32768        7590/327680   ( 2.3%) 
waterverts               0/65536           0/786432   ( 0.0%) 
waterindices         14352/65536       28704/131072   (21.9%) 
cubemapsamples          50/1024          800/16384    ( 4.9%) 
overlays               210/512         73920/180224   (41.0%) 
LDR lightdata         [variable]           0/0        ( 0.0%) 
HDR lightdata         [variable]     3983068/0        ( 0.0%) 
visdata               [variable]        1601/16777216 ( 0.0%) 
entdata               [variable]      363829/393216   (92.5%) VERY FULL!
LDR ambient table     6052/65536       24208/262144   ( 9.2%) 
HDR ambient table     6052/65536       24208/262144   ( 9.2%) 
LDR leaf ambient      6052/65536      169456/1835008  ( 9.2%) 
HDR leaf ambient     24694/65536      691432/1835008  (37.7%) 
occluders               14/0             560/0        ( 0.0%) 
occluder polygons       21/0             252/0        ( 0.0%) 
occluder vert ind       99/0             396/0        ( 0.0%) 
Prop Hull Verts          0/0               0/0        ( 0.0%) 
Prop Hull Blob           0/0               0/0        ( 0.0%) 
Prop Hull Lists          0/0               0/0        ( 0.0%) 
Prop Hulls               0/0               0/0        ( 0.0%) 
Prop Hull trilist        0/0               0/0        ( 0.0%) 
detail props          [variable]           1/12       ( 8.3%) 
static props          [variable]           1/75792    ( 0.0%) 
pakfile               [variable]     6643814/0        ( 0.0%) 
physics               [variable]     1003968/4194304  (23.9%) 
physics terrain       [variable]        9433/1048576  ( 0.9%) 

Level flags = 2

Total triangle count: 21591
Writing z:\mnt\f\stuff\git\l4d2-things\reverse_rda\map\r_c11m1_greenhouse.bsp
6 minutes, 15 seconds elapsed



Using shader api: shaderapiempty.dll
materialPath: Z:\mnt\d\SteamLibrary\steamapps\common\Left 4 Dead 2\left4dead2\materials
Loading Z:\mnt\f\stuff\git\l4d2-things\reverse_rda\map\r_c11m1_greenhouse.vmf
fixing up env_cubemap materials on brush sides...
0...1...2...3...4...5...6...7...8...9...100...1...2...3...4...5...6...7...8...9...10Processing areas...done (1)
Building Faces...done (0)
Occluder "" straddles multiple areas. This is invalid!
Occluder "" straddles multiple areas. This is invalid!
Occluder "" straddles multiple areas. This is invalid!
Occluder "" straddles multiple areas. This is invalid!
Occluder "" straddles multiple areas. This is invalid!
Occluder "" straddles multiple areas. This is invalid!
Occluder "" straddles multiple areas. This is invalid!
Occluder "" straddles multiple areas. This is invalid!
Occluder "" straddles multiple areas. This is invalid!
Chop Details...done (0)
Find Visible Detail Sides...
Merged 606 detail faces...done (0)
Merging details...done (0)
FixTjuncs...
PruneNodes...
WriteBSP...
done (0)
writing Z:\mnt\f\stuff\git\l4d2-things\reverse_rda\map\r_c11m1_greenhouse.prt...Building visibility clusters...
done (0)
Finding displacement neighbors...
Found a displacement edge abutting multiple other edges.
Finding lightmap sample positions...
Displacement Alpha : 0...1...2...3...4...5...6...7...8...9...10
Building Physics collision data...
done (1) (1003968 bytes)
Cannot build Physics2 data
                                                             -----------
DataLinker total stream size                                     0.0 KiB
Placing detail props : 0...1...2...3...4...5...6...7...8...9...10
Compacting texture/material tables...
Reduced 4795 texinfos to 2900
Reduced 433 texdatas to 352 (19331 bytes to 16076)
Writing Z:\mnt\f\stuff\git\l4d2-things\reverse_rda\map\r_c11m1_greenhouse.bsp
10 seconds elapsed



6 threads
reading z:\mnt\f\stuff\git\l4d2-things\reverse_rda\map\r_c11m1_greenhouse.bsp
max farz in all env_fog_controller entities: 9000.000000 (used for radial vis)
reading z:\mnt\f\stuff\git\l4d2-things\reverse_rda\map\r_c11m1_greenhouse.prt
  64 portalclusters
 258 numportals
0...1...2...3...4...5...6...7...8...9...100...1...2...3...4...5...6...7...8...9...10Optimized: 0 visible clusters (0.00%)
Total clusters visible: 1803
Average clusters visible: 28
Building PAS...
Average clusters audible: 62
visdatasize:1601  compressed from 1024
writing z:\mnt\f\stuff\git\l4d2-things\reverse_rda\map\r_c11m1_greenhouse.bsp
0 seconds elapsed



[Reading texlights from 'lights.rad']
[2 texlights parsed from 'lights.rad']

Loading z:\mnt\f\stuff\git\l4d2-things\reverse_rda\map\r_c11m1_greenhouse.bsp
7904 faces
10442765 square feet [1503758080.00 square inches]
53 Displacements
23843 Square Feet [3433395.75 Square Inches]
7904 patches before subdivision
106522 patches after subdivision
37 direct lights
0...1...2...3...4...5...6...7...8...9...100...1...2...3...4...5...6...7...8...9...10transfers 7825443, max 1062
transfer lists:  59.7 megs
0...1...2...3...4...5...6...7...8...9...10	Bounce #1 added RGB(9786, 9922, 8320)
0...1...2...3...4...5...6...7...8...9...10	Bounce #2 added RGB(2126, 1878, 1289)
0...1...2...3...4...5...6...7...8...9...10	Bounce #3 added RGB(735, 577, 317)
0...1...2...3...4...5...6...7...8...9...10	Bounce #4 added RGB(298, 216, 102)
0...1...2...3...4...5...6...7...8...9...10	Bounce #5 added RGB(140, 94, 38)
0...1...2...3...4...5...6...7...8...9...10	Bounce #6 added RGB(66, 41, 15)
0...1...2...3...4...5...6...7...8...9...10	Bounce #7 added RGB(33, 19, 6)
0...1...2...3...4...5...6...7...8...9...10	Bounce #8 added RGB(16, 9, 3)
0...1...2...3...4...5...6...7...8...9...10	Bounce #9 added RGB(8, 4, 1)
0...1...2...3...4...5...6...7...8...9...10	Bounce #10 added RGB(4, 2, 0)
0...1...2...3...4...5...6...7...8...9...10	Bounce #11 added RGB(2, 1, 0)
0...1...2...3...4...5...6...7...8...9...10	Bounce #12 added RGB(1, 1, 0)
0...1...2...3...4...5...6...7...8...9...10	Bounce #13 added RGB(1, 0, 0)
Build Patch/Sample Hash Table(s).....Done<0.0271 sec>
0...1...2...3...4...5...6...7...8...9...10FinalLightFace Done
0 of 0 (0% of) surface lights went in leaf ambient cubes.
0...1...2...3...4...5...6...7...8...9...10Writing leaf ambient...done
Computing static prop lighting : 00...1...2...3...4...5...6...7...8...9...10
Ready to Finish

Object names       Objects/Maxobjs  Memory / Maxmem  Fullness 
------------       ---------------  ---------------  -------- 
models                 132/1024         6336/49152    (12.9%) 
brushes               2690/8192        32280/98304    (32.8%) 
brushsides           20118/65536      160944/524288   (30.7%) 
planes               12696/65536      253920/1310720  (19.4%) 
vertexes             15267/65536      183204/786432   (23.3%) 
nodes                 5919/65536      189408/2097152  ( 9.0%) 
texinfos              2900/12288      208800/884736   (23.6%) 
texdata                352/2048        11264/65536    (17.2%) 
dispinfos               53/0            9328/0        ( 0.0%) 
disp_verts            2501/0           50020/0        ( 0.0%) 
disp_tris             3712/0            7424/0        ( 0.0%) 
disp_lmsamples      118208/0          118208/0        ( 0.0%) 
faces                 7904/65536      442624/3670016  (12.1%) 
hdr faces             7904/65536      442624/3670016  (12.1%) 
origfaces             5011/65536      280616/3670016  ( 7.6%) 
leaves                6052/65536      193664/2097152  ( 9.2%) 
leaffaces             9931/65536       19862/131072   (15.2%) 
leafbrushes           7854/65536       15708/131072   (12.0%) 
areas                   17/256           136/2048     ( 6.6%) 
surfedges            57426/512000     229704/2048000  (11.2%) 
edges                37303/256000     149212/1024000  (14.6%) 
LDR worldlights          0/8192            0/819200   ( 0.0%) 
HDR worldlights         37/8192         3700/819200   ( 0.5%) 
leafwaterdata            0/32768           0/393216   ( 0.0%) 
waterstrips            759/32768        7590/327680   ( 2.3%) 
waterverts               0/65536           0/786432   ( 0.0%) 
waterindices         14352/65536       28704/131072   (21.9%) 
cubemapsamples          50/1024          800/16384    ( 4.9%) 
overlays               210/512         73920/180224   (41.0%) 
LDR lightdata         [variable]           0/0        ( 0.0%) 
HDR lightdata         [variable]     3983068/0        ( 0.0%) 
visdata               [variable]        1601/16777216 ( 0.0%) 
entdata               [variable]      363829/393216   (92.5%) VERY FULL!
LDR ambient table     6052/65536       24208/262144   ( 9.2%) 
HDR ambient table     6052/65536       24208/262144   ( 9.2%) 
LDR leaf ambient      6052/65536      169456/1835008  ( 9.2%) 
HDR leaf ambient     24694/65536      691432/1835008  (37.7%) 
occluders               14/0             560/0        ( 0.0%) 
occluder polygons       21/0             252/0        ( 0.0%) 
occluder vert ind       99/0             396/0        ( 0.0%) 
Prop Hull Verts          0/0               0/0        ( 0.0%) 
Prop Hull Blob           0/0               0/0        ( 0.0%) 
Prop Hull Lists          0/0               0/0        ( 0.0%) 
Prop Hulls               0/0               0/0        ( 0.0%) 
Prop Hull trilist        0/0               0/0        ( 0.0%) 
detail props          [variable]           1/12       ( 8.3%) 
static props          [variable]           1/75792    ( 0.0%) 
pakfile               [variable]     6643814/0        ( 0.0%) 
physics               [variable]     1003968/4194304  (23.9%) 
physics terrain       [variable]        9433/1048576  ( 0.9%) 

Level flags = 2

Total triangle count: 21591
Writing z:\mnt\f\stuff\git\l4d2-things\reverse_rda\map\r_c11m1_greenhouse.bsp
6 minutes, 20 seconds elapsed



Using shader api: shaderapiempty.dll
materialPath: Z:\mnt\d\SteamLibrary\steamapps\common\Left 4 Dead 2\left4dead2\materials
Loading Z:\mnt\f\stuff\git\l4d2-things\reverse_rda\map\r_c11m1_greenhouse.vmf
fixing up env_cubemap materials on brush sides...
0...1...2...3...4...5...6...7...8...9...100...1...2...3...4...5...6...7...8...9...10Processing areas...done (0)
Building Faces...done (0)
Occluder "" straddles multiple areas. This is invalid!
Occluder "" straddles multiple areas. This is invalid!
Occluder "" straddles multiple areas. This is invalid!
Occluder "" straddles multiple areas. This is invalid!
Occluder "" straddles multiple areas. This is invalid!
Occluder "" straddles multiple areas. This is invalid!
Occluder "" straddles multiple areas. This is invalid!
Occluder "" straddles multiple areas. This is invalid!
Occluder "" straddles multiple areas. This is invalid!
Chop Details...done (0)
Find Visible Detail Sides...
Merged 606 detail faces...done (0)
Merging details...done (0)
FixTjuncs...
PruneNodes...
WriteBSP...
done (0)
writing Z:\mnt\f\stuff\git\l4d2-things\reverse_rda\map\r_c11m1_greenhouse.prt...Building visibility clusters...
done (0)
Finding displacement neighbors...
Found a displacement edge abutting multiple other edges.
Finding lightmap sample positions...
Displacement Alpha : 0...1...2...3...4...5...6...7...8...9...10
Building Physics collision data...
done (1) (992982 bytes)
Cannot build Physics2 data
                                                             -----------
DataLinker total stream size                                     0.0 KiB
Placing detail props : 0...1...2...3...4...5...6...7...8...9...10
Compacting texture/material tables...
Reduced 4797 texinfos to 2900
Reduced 433 texdatas to 352 (19331 bytes to 16076)
Writing Z:\mnt\f\stuff\git\l4d2-things\reverse_rda\map\r_c11m1_greenhouse.bsp
9 seconds elapsed



6 threads
reading z:\mnt\f\stuff\git\l4d2-things\reverse_rda\map\r_c11m1_greenhouse.bsp
max farz in all env_fog_controller entities: 9000.000000 (used for radial vis)
reading z:\mnt\f\stuff\git\l4d2-things\reverse_rda\map\r_c11m1_greenhouse.prt
  63 portalclusters
 254 numportals
0...1...2...3...4...5...6...7...8...9...100...1...2...3...4...5...6...7...8...9...10Optimized: 0 visible clusters (0.00%)
Total clusters visible: 1752
Average clusters visible: 27
Building PAS...
Average clusters audible: 61
visdatasize:1576  compressed from 1008
writing z:\mnt\f\stuff\git\l4d2-things\reverse_rda\map\r_c11m1_greenhouse.bsp
0 seconds elapsed



[Reading texlights from 'lights.rad']
[2 texlights parsed from 'lights.rad']

Loading z:\mnt\f\stuff\git\l4d2-things\reverse_rda\map\r_c11m1_greenhouse.bsp
7848 faces
9350048 square feet [1346406912.00 square inches]
53 Displacements
23843 Square Feet [3433395.75 Square Inches]
7848 patches before subdivision
106478 patches after subdivision
37 direct lights
0...1...2...3...4...5...6...7...8...9...100...1...2...3...4...5...6...7...8...9...10transfers 7817441, max 1061
transfer lists:  59.6 megs
0...1...2...3...4...5...6...7...8...9...10	Bounce #1 added RGB(9778, 9915, 8316)
0...1...2...3...4...5...6...7...8...9...10	Bounce #2 added RGB(2123, 1876, 1288)
0...1...2...3...4...5...6...7...8...9...10	Bounce #3 added RGB(734, 577, 317)
0...1...2...3...4...5...6...7...8...9...10	Bounce #4 added RGB(298, 215, 102)
0...1...2...3...4...5...6...7...8...9...10	Bounce #5 added RGB(140, 94, 38)
0...1...2...3...4...5...6...7...8...9...10	Bounce #6 added RGB(66, 41, 15)
0...1...2...3...4...5...6...7...8...9...10	Bounce #7 added RGB(33, 19, 6)
0...1...2...3...4...5...6...7...8...9...10	Bounce #8 added RGB(16, 9, 3)
0...1...2...3...4...5...6...7...8...9...10	Bounce #9 added RGB(8, 4, 1)
0...1...2...3...4...5...6...7...8...9...10	Bounce #10 added RGB(4, 2, 0)
0...1...2...3...4...5...6...7...8...9...10	Bounce #11 added RGB(2, 1, 0)
0...1...2...3...4...5...6...7...8...9...10	Bounce #12 added RGB(1, 1, 0)
0...1...2...3...4...5...6...7...8...9...10	Bounce #13 added RGB(1, 0, 0)
Build Patch/Sample Hash Table(s).....Done<0.0241 sec>
0...1...2...3...4...5...6...7...8...9...10FinalLightFace Done
0 of 0 (0% of) surface lights went in leaf ambient cubes.
0...1...2...3...4...5...6...7...8...9...10Writing leaf ambient...done
Computing static prop lighting : 00...1...2...3...4...5...6...7...8...9...10
Ready to Finish

Object names       Objects/Maxobjs  Memory / Maxmem  Fullness 
------------       ---------------  ---------------  -------- 
models                 130/1024         6240/49152    (12.7%) 
brushes               2662/8192        31944/98304    (32.5%) 
brushsides           19945/65536      159560/524288   (30.4%) 
planes               12688/65536      253760/1310720  (19.4%) 
vertexes             15100/65536      181200/786432   (23.0%) 
nodes                 5818/65536      186176/2097152  ( 8.9%) 
texinfos              2900/12288      208800/884736   (23.6%) 
texdata                352/2048        11264/65536    (17.2%) 
dispinfos               53/0            9328/0        ( 0.0%) 
disp_verts            2501/0           50020/0        ( 0.0%) 
disp_tris             3712/0            7424/0        ( 0.0%) 
disp_lmsamples      118208/0          118208/0        ( 0.0%) 
faces                 7848/65536      439488/3670016  (12.0%) 
hdr faces             7848/65536      439488/3670016  (12.0%) 
origfaces             4955/65536      277480/3670016  ( 7.6%) 
leaves                5949/65536      190368/2097152  ( 9.1%) 
leaffaces             9833/65536       19666/131072   (15.0%) 
leafbrushes           7722/65536       15444/131072   (11.8%) 
areas                   18/256           144/2048     ( 7.0%) 
surfedges            56926/512000     227704/2048000  (11.1%) 
edges                37025/256000     148100/1024000  (14.5%) 
LDR worldlights          0/8192            0/819200   ( 0.0%) 
HDR worldlights         37/8192         3700/819200   ( 0.5%) 
leafwaterdata            0/32768           0/393216   ( 0.0%) 
waterstrips            758/32768        7580/327680   ( 2.3%) 
waterverts               0/65536           0/786432   ( 0.0%) 
waterindices         14337/65536       28674/131072   (21.9%) 
cubemapsamples          50/1024          800/16384    ( 4.9%) 
overlays               210/512         73920/180224   (41.0%) 
LDR lightdata         [variable]           0/0        ( 0.0%) 
HDR lightdata         [variable]     3984588/0        ( 0.0%) 
visdata               [variable]        1576/16777216 ( 0.0%) 
entdata               [variable]      363722/393216   (92.5%) VERY FULL!
LDR ambient table     5949/65536       23796/262144   ( 9.1%) 
HDR ambient table     5949/65536       23796/262144   ( 9.1%) 
LDR leaf ambient      5949/65536      166572/1835008  ( 9.1%) 
HDR leaf ambient     24177/65536      676956/1835008  (36.9%) 
occluders               14/0             560/0        ( 0.0%) 
occluder polygons       21/0             252/0        ( 0.0%) 
occluder vert ind       99/0             396/0        ( 0.0%) 
Prop Hull Verts          0/0               0/0        ( 0.0%) 
Prop Hull Blob           0/0               0/0        ( 0.0%) 
Prop Hull Lists          0/0               0/0        ( 0.0%) 
Prop Hulls               0/0               0/0        ( 0.0%) 
Prop Hull trilist        0/0               0/0        ( 0.0%) 
detail props          [variable]           1/12       ( 8.3%) 
static props          [variable]           1/75776    ( 0.0%) 
pakfile               [variable]     6643814/0        ( 0.0%) 
physics               [variable]      992982/4194304  (23.7%) 
physics terrain       [variable]        9433/1048576  ( 0.9%) 

Level flags = 2

Total triangle count: 21427
Writing z:\mnt\f\stuff\git\l4d2-things\reverse_rda\map\r_c11m1_greenhouse.bsp
5 minutes, 20 seconds elapsed



Using shader api: shaderapiempty.dll
materialPath: Z:\mnt\d\SteamLibrary\steamapps\common\Left 4 Dead 2\left4dead2\materials
Loading Z:\mnt\f\stuff\git\l4d2-things\reverse_rda\map\r_c11m1_greenhouse.vmf
fixing up env_cubemap materials on brush sides...
0...1...2...3...4...5...6...7...8...9...100...1...2...3...4...5...6...7...8...9...10Processing areas...done (0)
Building Faces...done (0)
Occluder "" straddles multiple areas. This is invalid!
Occluder "" straddles multiple areas. This is invalid!
Occluder "" straddles multiple areas. This is invalid!
Occluder "" straddles multiple areas. This is invalid!
Occluder "" straddles multiple areas. This is invalid!
Occluder "" straddles multiple areas. This is invalid!
Occluder "" straddles multiple areas. This is invalid!
Occluder "" straddles multiple areas. This is invalid!
Occluder "" straddles multiple areas. This is invalid!
Chop Details...done (0)
Find Visible Detail Sides...
Merged 606 detail faces...done (0)
Merging details...done (0)
FixTjuncs...
PruneNodes...
WriteBSP...
done (0)
writing Z:\mnt\f\stuff\git\l4d2-things\reverse_rda\map\r_c11m1_greenhouse.prt...Building visibility clusters...
done (0)
Finding displacement neighbors...
Found a displacement edge abutting multiple other edges.
Finding lightmap sample positions...
Displacement Alpha : 0...1...2...3...4...5...6...7...8...9...10
Building Physics collision data...
done (1) (992982 bytes)
Cannot build Physics2 data
                                                             -----------
DataLinker total stream size                                     0.0 KiB
Placing detail props : 0...1...2...3...4...5...6...7...8...9...10
Compacting texture/material tables...
Reduced 4797 texinfos to 2900
Reduced 433 texdatas to 352 (19331 bytes to 16076)
Writing Z:\mnt\f\stuff\git\l4d2-things\reverse_rda\map\r_c11m1_greenhouse.bsp
10 seconds elapsed



6 threads
reading z:\mnt\f\stuff\git\l4d2-things\reverse_rda\map\r_c11m1_greenhouse.bsp
max farz in all env_fog_controller entities: 9000.000000 (used for radial vis)
reading z:\mnt\f\stuff\git\l4d2-things\reverse_rda\map\r_c11m1_greenhouse.prt
  63 portalclusters
 254 numportals
0...1...2...3...4...5...6...7...8...9...100...1...2...3...4...5...6...7...8...9...10Optimized: 0 visible clusters (0.00%)
Total clusters visible: 1752
Average clusters visible: 27
Building PAS...
Average clusters audible: 61
visdatasize:1576  compressed from 1008
writing z:\mnt\f\stuff\git\l4d2-things\reverse_rda\map\r_c11m1_greenhouse.bsp
0 seconds elapsed



[Reading texlights from 'lights.rad']
[2 texlights parsed from 'lights.rad']

Loading z:\mnt\f\stuff\git\l4d2-things\reverse_rda\map\r_c11m1_greenhouse.bsp
7848 faces
9350048 square feet [1346406912.00 square inches]
53 Displacements
23843 Square Feet [3433395.75 Square Inches]
7848 patches before subdivision
106478 patches after subdivision
37 direct lights
0...1...2...3...4...5...6...7...8...9...100...1...2...3...4...5...6...7...8...9...10transfers 7817441, max 1061
transfer lists:  59.6 megs
0...1...2...3...4...5...6...7...8...9...10	Bounce #1 added RGB(9776, 9914, 8315)
0...1...2...3...4...5...6...7...8...9...10	Bounce #2 added RGB(2123, 1876, 1288)
0...1...2...3...4...5...6...7...8...9...10	Bounce #3 added RGB(734, 577, 317)
0...1...2...3...4...5...6...7...8...9...10	Bounce #4 added RGB(298, 215, 102)
0...1...2...3...4...5...6...7...8...9...10	Bounce #5 added RGB(140, 94, 38)
0...1...2...3...4...5...6...7...8...9...10	Bounce #6 added RGB(66, 41, 15)
0...1...2...3...4...5...6...7...8...9...10	Bounce #7 added RGB(33, 19, 6)
0...1...2...3...4...5...6...7...8...9...10	Bounce #8 added RGB(16, 9, 3)
0...1...2...3...4...5...6...7...8...9...10	Bounce #9 added RGB(8, 4, 1)
0...1...2...3...4...5...6...7...8...9...10	Bounce #10 added RGB(4, 2, 0)
0...1...2...3...4...5...6...7...8...9...10	Bounce #11 added RGB(2, 1, 0)
0...1...2...3...4...5...6...7...8...9...10	Bounce #12 added RGB(1, 1, 0)
0...1...2...3...4...5...6...7...8...9...10	Bounce #13 added RGB(1, 0, 0)
Build Patch/Sample Hash Table(s).....Done<0.0250 sec>
0...1...2...3...4...5...6...7...8...9...10FinalLightFace Done
0 of 0 (0% of) surface lights went in leaf ambient cubes.
0...1...2...3...4...5...6...7...8...9...10Writing leaf ambient...done
Computing static prop lighting : 00...1...2...3...4...5...6...7...8...9...10
Ready to Finish

Object names       Objects/Maxobjs  Memory / Maxmem  Fullness 
------------       ---------------  ---------------  -------- 
models                 130/1024         6240/49152    (12.7%) 
brushes               2662/8192        31944/98304    (32.5%) 
brushsides           19945/65536      159560/524288   (30.4%) 
planes               12688/65536      253760/1310720  (19.4%) 
vertexes             15100/65536      181200/786432   (23.0%) 
nodes                 5818/65536      186176/2097152  ( 8.9%) 
texinfos              2900/12288      208800/884736   (23.6%) 
texdata                352/2048        11264/65536    (17.2%) 
dispinfos               53/0            9328/0        ( 0.0%) 
disp_verts            2501/0           50020/0        ( 0.0%) 
disp_tris             3712/0            7424/0        ( 0.0%) 
disp_lmsamples      118208/0          118208/0        ( 0.0%) 
faces                 7848/65536      439488/3670016  (12.0%) 
hdr faces             7848/65536      439488/3670016  (12.0%) 
origfaces             4955/65536      277480/3670016  ( 7.6%) 
leaves                5949/65536      190368/2097152  ( 9.1%) 
leaffaces             9833/65536       19666/131072   (15.0%) 
leafbrushes           7722/65536       15444/131072   (11.8%) 
areas                   18/256           144/2048     ( 7.0%) 
surfedges            56926/512000     227704/2048000  (11.1%) 
edges                37025/256000     148100/1024000  (14.5%) 
LDR worldlights          0/8192            0/819200   ( 0.0%) 
HDR worldlights         37/8192         3700/819200   ( 0.5%) 
leafwaterdata            0/32768           0/393216   ( 0.0%) 
waterstrips            758/32768        7580/327680   ( 2.3%) 
waterverts               0/65536           0/786432   ( 0.0%) 
waterindices         14337/65536       28674/131072   (21.9%) 
cubemapsamples          50/1024          800/16384    ( 4.9%) 
overlays               210/512         73920/180224   (41.0%) 
LDR lightdata         [variable]           0/0        ( 0.0%) 
HDR lightdata         [variable]     3984588/0        ( 0.0%) 
visdata               [variable]        1576/16777216 ( 0.0%) 
entdata               [variable]      363722/393216   (92.5%) VERY FULL!
LDR ambient table     5949/65536       23796/262144   ( 9.1%) 
HDR ambient table     5949/65536       23796/262144   ( 9.1%) 
LDR leaf ambient      5949/65536      166572/1835008  ( 9.1%) 
HDR leaf ambient     24180/65536      677040/1835008  (36.9%) 
occluders               14/0             560/0        ( 0.0%) 
occluder polygons       21/0             252/0        ( 0.0%) 
occluder vert ind       99/0             396/0        ( 0.0%) 
Prop Hull Verts          0/0               0/0        ( 0.0%) 
Prop Hull Blob           0/0               0/0        ( 0.0%) 
Prop Hull Lists          0/0               0/0        ( 0.0%) 
Prop Hulls               0/0               0/0        ( 0.0%) 
Prop Hull trilist        0/0               0/0        ( 0.0%) 
detail props          [variable]           1/12       ( 8.3%) 
static props          [variable]           1/75776    ( 0.0%) 
pakfile               [variable]     6643814/0        ( 0.0%) 
physics               [variable]      992982/4194304  (23.7%) 
physics terrain       [variable]        9433/1048576  ( 0.9%) 

Level flags = 2

Total triangle count: 21427
Writing z:\mnt\f\stuff\git\l4d2-things\reverse_rda\map\r_c11m1_greenhouse.bsp
6 minutes, 8 seconds elapsed



Using shader api: shaderapiempty.dll
materialPath: Z:\mnt\d\SteamLibrary\steamapps\common\Left 4 Dead 2\left4dead2\materials
Loading Z:\mnt\f\stuff\git\l4d2-things\reverse_rda\map\r_c11m1_greenhouse.vmf
fixing up env_cubemap materials on brush sides...
0...1...2...3...4...5...6...7...8...9...100...1...2...3...4...5...6...7...8...9...10Processing areas...done (0)
Building Faces...done (0)
Occluder "" straddles multiple areas. This is invalid!
Occluder "" straddles multiple areas. This is invalid!
Occluder "" straddles multiple areas. This is invalid!
Occluder "" straddles multiple areas. This is invalid!
Occluder "" straddles multiple areas. This is invalid!
Occluder "" straddles multiple areas. This is invalid!
Occluder "" straddles multiple areas. This is invalid!
Occluder "" straddles multiple areas. This is invalid!
Occluder "" straddles multiple areas. This is invalid!
Chop Details...done (0)
Find Visible Detail Sides...
Merged 606 detail faces...done (0)
Merging details...done (0)
FixTjuncs...
PruneNodes...
WriteBSP...
done (0)
writing Z:\mnt\f\stuff\git\l4d2-things\reverse_rda\map\r_c11m1_greenhouse.prt...Building visibility clusters...
done (0)
Finding displacement neighbors...
Found a displacement edge abutting multiple other edges.
Finding lightmap sample positions...
Displacement Alpha : 0...1...2...3...4...5...6...7...8...9...10
Building Physics collision data...
done (1) (1004518 bytes)
Cannot build Physics2 data
                                                             -----------
DataLinker total stream size                                     0.0 KiB
Placing detail props : 0...1...2...3...4...5...6...7...8...9...10
Compacting texture/material tables...
Reduced 4805 texinfos to 2905
Reduced 433 texdatas to 352 (19331 bytes to 16076)
Writing Z:\mnt\f\stuff\git\l4d2-things\reverse_rda\map\r_c11m1_greenhouse.bsp
10 seconds elapsed



6 threads
reading z:\mnt\f\stuff\git\l4d2-things\reverse_rda\map\r_c11m1_greenhouse.bsp
max farz in all env_fog_controller entities: 9000.000000 (used for radial vis)
reading z:\mnt\f\stuff\git\l4d2-things\reverse_rda\map\r_c11m1_greenhouse.prt
  64 portalclusters
 258 numportals
0...1...2...3...4...5...6...7...8...9...100...1...2...3...4...5...6...7...8...9...10Optimized: 0 visible clusters (0.00%)
Total clusters visible: 1803
Average clusters visible: 28
Building PAS...
Average clusters audible: 62
visdatasize:1601  compressed from 1024
writing z:\mnt\f\stuff\git\l4d2-things\reverse_rda\map\r_c11m1_greenhouse.bsp
0 seconds elapsed



[Reading texlights from 'lights.rad']
[2 texlights parsed from 'lights.rad']

Loading z:\mnt\f\stuff\git\l4d2-things\reverse_rda\map\r_c11m1_greenhouse.bsp
7919 faces
10442869 square feet [1503773184.00 square inches]
53 Displacements
23843 Square Feet [3433395.75 Square Inches]
7919 patches before subdivision
106545 patches after subdivision
37 direct lights
0...1...2...3...4...5...6...7...8...9...100...1...2...3...4...5...6...7...8...9...10transfers 7825161, max 1062
transfer lists:  59.7 megs
0...1...2...3...4...5...6...7...8...9...10	Bounce #1 added RGB(9787, 9925, 8326)
0...1...2...3...4...5...6...7...8...9...10	Bounce #2 added RGB(2127, 1881, 1292)
0...1...2...3...4...5...6...7...8...9...10	Bounce #3 added RGB(736, 579, 318)
0...1...2...3...4...5...6...7...8...9...10	Bounce #4 added RGB(299, 216, 102)
0...1...2...3...4...5...6...7...8...9...10	Bounce #5 added RGB(141, 94, 38)
0...1...2...3...4...5...6...7...8...9...10	Bounce #6 added RGB(67, 42, 15)
0...1...2...3...4...5...6...7...8...9...10	Bounce #7 added RGB(33, 19, 6)
0...1...2...3...4...5...6...7...8...9...10	Bounce #8 added RGB(17, 9, 3)
0...1...2...3...4...5...6...7...8...9...10	Bounce #9 added RGB(8, 4, 1)
0...1...2...3...4...5...6...7...8...9...10	Bounce #10 added RGB(4, 2, 0)
0...1...2...3...4...5...6...7...8...9...10	Bounce #11 added RGB(2, 1, 0)
0...1...2...3...4...5...6...7...8...9...10	Bounce #12 added RGB(1, 1, 0)
0...1...2...3...4...5...6...7...8...9...10	Bounce #13 added RGB(1, 0, 0)
Build Patch/Sample Hash Table(s).....Done<0.0251 sec>
0...1...2...3...4...5...6...7...8...9...10FinalLightFace Done
0 of 0 (0% of) surface lights went in leaf ambient cubes.
0...1...2...3...4...5...6...7...8...9...10Writing leaf ambient...done
Computing static prop lighting : 00...1...2...3...4...5...6...7...8...9...10
Ready to Finish

Object names       Objects/Maxobjs  Memory / Maxmem  Fullness 
------------       ---------------  ---------------  -------- 
models                 133/1024         6384/49152    (13.0%) 
brushes               2692/8192        32304/98304    (32.9%) 
brushsides           20130/65536      161040/524288   (30.7%) 
planes               12710/65536      254200/1310720  (19.4%) 
vertexes             15285/65536      183420/786432   (23.3%) 
nodes                 5927/65536      189664/2097152  ( 9.0%) 
texinfos              2905/12288      209160/884736   (23.6%) 
texdata                352/2048        11264/65536    (17.2%) 
dispinfos               53/0            9328/0        ( 0.0%) 
disp_verts            2501/0           50020/0        ( 0.0%) 
disp_tris             3712/0            7424/0        ( 0.0%) 
disp_lmsamples      118208/0          118208/0        ( 0.0%) 
faces                 7919/65536      443464/3670016  (12.1%) 
hdr faces             7919/65536      443464/3670016  (12.1%) 
origfaces             5017/65536      280952/3670016  ( 7.7%) 
leaves                6061/65536      193952/2097152  ( 9.2%) 
leaffaces             9942/65536       19884/131072   (15.2%) 
leafbrushes           7854/65536       15708/131072   (12.0%) 
areas                   18/256           144/2048     ( 7.0%) 
surfedges            57512/512000     230048/2048000  (11.2%) 
edges                37354/256000     149416/1024000  (14.6%) 
LDR worldlights          0/8192            0/819200   ( 0.0%) 
HDR worldlights         37/8192         3700/819200   ( 0.5%) 
leafwaterdata            0/32768           0/393216   ( 0.0%) 
waterstrips            760/32768        7600/327680   ( 2.3%) 
waterverts               0/65536           0/786432   ( 0.0%) 
waterindices         14364/65536       28728/131072   (21.9%) 
cubemapsamples          50/1024          800/16384    ( 4.9%) 
overlays               210/512         73920/180224   (41.0%) 
LDR lightdata         [variable]           0/0        ( 0.0%) 
HDR lightdata         [variable]     3984696/0        ( 0.0%) 
visdata               [variable]        1601/16777216 ( 0.0%) 
entdata               [variable]      364678/393216   (92.7%) VERY FULL!
LDR ambient table     6061/65536       24244/262144   ( 9.2%) 
HDR ambient table     6061/65536       24244/262144   ( 9.2%) 
LDR leaf ambient      6061/65536      169708/1835008  ( 9.2%) 
HDR leaf ambient     24752/65536      693056/1835008  (37.8%) 
occluders               14/0             560/0        ( 0.0%) 
occluder polygons       21/0             252/0        ( 0.0%) 
occluder vert ind       99/0             396/0        ( 0.0%) 
Prop Hull Verts          0/0               0/0        ( 0.0%) 
Prop Hull Blob           0/0               0/0        ( 0.0%) 
Prop Hull Lists          0/0               0/0        ( 0.0%) 
Prop Hulls               0/0               0/0        ( 0.0%) 
Prop Hull trilist        0/0               0/0        ( 0.0%) 
detail props          [variable]           1/12       ( 8.3%) 
static props          [variable]           1/75804    ( 0.0%) 
pakfile               [variable]     6643814/0        ( 0.0%) 
physics               [variable]     1004518/4194304  (23.9%) 
physics terrain       [variable]        9433/1048576  ( 0.9%) 

Level flags = 2

Total triangle count: 21623
Writing z:\mnt\f\stuff\git\l4d2-things\reverse_rda\map\r_c11m1_greenhouse.bsp
6 minutes, 44 seconds elapsed



Using shader api: shaderapiempty.dll
materialPath: Z:\mnt\d\SteamLibrary\steamapps\common\Left 4 Dead 2\left4dead2\materials
Loading Z:\mnt\f\stuff\git\l4d2-things\reverse_rda\map\r_c11m1_greenhouse.vmf
fixing up env_cubemap materials on brush sides...
0...1...2...3...4...5...6...7...8...9...100...1...2...3...4...5...6...7...8...9...10Processing areas...done (0)
Building Faces...done (0)
Occluder "" straddles multiple areas. This is invalid!
Occluder "" straddles multiple areas. This is invalid!
Occluder "" straddles multiple areas. This is invalid!
Occluder "" straddles multiple areas. This is invalid!
Occluder "" straddles multiple areas. This is invalid!
Occluder "" straddles multiple areas. This is invalid!
Occluder "" straddles multiple areas. This is invalid!
Occluder "" straddles multiple areas. This is invalid!
Occluder "" straddles multiple areas. This is invalid!
Chop Details...done (0)
Find Visible Detail Sides...
Merged 608 detail faces...done (0)
Merging details...done (0)
FixTjuncs...
PruneNodes...
WriteBSP...
done (0)
writing Z:\mnt\f\stuff\git\l4d2-things\reverse_rda\map\r_c11m1_greenhouse.prt...Building visibility clusters...
done (0)
Finding displacement neighbors...
Found a displacement edge abutting multiple other edges.
Finding lightmap sample positions...
Displacement Alpha : 0...1...2...3...4...5...6...7...8...9...10
Building Physics collision data...
done (1) (1011113 bytes)
Cannot build Physics2 data
                                                             -----------
DataLinker total stream size                                     0.0 KiB
Placing detail props : 0...1...2...3...4...5...6...7...8...9...10
Compacting texture/material tables...
Reduced 4821 texinfos to 2898
Reduced 436 texdatas to 355 (19486 bytes to 16231)
Writing Z:\mnt\f\stuff\git\l4d2-things\reverse_rda\map\r_c11m1_greenhouse.bsp
10 seconds elapsed

==================================================================
Date: 2026-04-20 08:03:05
Z:\mnt\d\SteamLibrary\steamapps\common\Left 4 Dead 2\bin\vvisplusplus.exe -game Z:\mnt\d\SteamLibrary\steamapps\common\Left 4 Dead 2\left4dead2 Z:\mnt\f\stuff\git\l4d2-things\reverse_rda\map\r_c11m1_greenhouse.vmf
==================================================================
6 threads
reading z:\mnt\f\stuff\git\l4d2-things\reverse_rda\map\r_c11m1_greenhouse.bsp
Detected L4D2 lump format
Max farz in all env_fog_controller entities: 9000 (used for radial vis)
reading z:\mnt\f\stuff\git\l4d2-things\reverse_rda\map\r_c11m1_greenhouse.prt
  64 portalclusters
 257 numportals
0...1...2...3...4...5...6...7...8...9...100...1...2...3...4...5...6...7...8...9...10Optimized: 10 visible clusters (0.55%)
Total clusters visible: 1809
Average clusters visible: 28
Building PAS...
Average clusters audible: 62
visdatasize:1601  compressed from 1024
writing z:\mnt\f\stuff\git\l4d2-things\reverse_rda\map\r_c11m1_greenhouse.bsp
Wrote ZIP buffer, estimated size 4571132, actual size 4520936
0 seconds elapsed



[Reading texlights from 'lights.rad']
[2 texlights parsed from 'lights.rad']

Loading z:\mnt\f\stuff\git\l4d2-things\reverse_rda\map\r_c11m1_greenhouse.bsp
7941 faces
10447981 square feet [1504509184.00 square inches]
53 Displacements
23843 Square Feet [3433395.75 Square Inches]
7941 patches before subdivision
107363 patches after subdivision
38 direct lights
0...1...2...3...4...5...6...7...8...9...100...1...2...3...4...5...6...7...8...9...10transfers 7985394, max 1060
transfer lists:  60.9 megs
0...1...2...3...4...5...6...7...8...9...10	Bounce #1 added RGB(11747, 11444, 9088)
0...1...2...3...4...5...6...7...8...9...10	Bounce #2 added RGB(3006, 2487, 1542)
0...1...2...3...4...5...6...7...8...9...10	Bounce #3 added RGB(1199, 864, 415)
0...1...2...3...4...5...6...7...8...9...10	Bounce #4 added RGB(539, 351, 141)
0...1...2...3...4...5...6...7...8...9...10	Bounce #5 added RGB(269, 160, 55)
0...1...2...3...4...5...6...7...8...9...10	Bounce #6 added RGB(135, 74, 22)
0...1...2...3...4...5...6...7...8...9...10	Bounce #7 added RGB(70, 36, 9)
0...1...2...3...4...5...6...7...8...9...10	Bounce #8 added RGB(37, 18, 4)
0...1...2...3...4...5...6...7...8...9...10	Bounce #9 added RGB(20, 9, 2)
0...1...2...3...4...5...6...7...8...9...10	Bounce #10 added RGB(11, 4, 1)
0...1...2...3...4...5...6...7...8...9...10	Bounce #11 added RGB(6, 2, 0)
0...1...2...3...4...5...6...7...8...9...10	Bounce #12 added RGB(3, 1, 0)
0...1...2...3...4...5...6...7...8...9...10	Bounce #13 added RGB(2, 1, 0)
0...1...2...3...4...5...6...7...8...9...10	Bounce #14 added RGB(1, 0, 0)
Build Patch/Sample Hash Table(s).....Done<0.0245 sec>
0...1...2...3...4...5...6...7...8...9...10FinalLightFace Done
0 of 0 (0% of) surface lights went in leaf ambient cubes.
0...1...2...3...4...5...6...7...8...9...10Writing leaf ambient...done
Computing static prop lighting : 00...1...2...3...4...5...6...7...8...9...10
Ready to Finish

Object names       Objects/Maxobjs  Memory / Maxmem  Fullness 
------------       ---------------  ---------------  -------- 
models                 132/1024         6336/49152    (12.9%) 
brushes               2706/8192        32472/98304    (33.0%) 
brushsides           20165/65536      161320/524288   (30.8%) 
planes               12612/65536      252240/1310720  (19.2%) 
vertexes             15336/65536      184032/786432   (23.4%) 
nodes                 5913/65536      189216/2097152  ( 9.0%) 
texinfos              2898/12288      208656/884736   (23.6%) 
texdata                355/2048        11360/65536    (17.3%) 
dispinfos               53/0            9328/0        ( 0.0%) 
disp_verts            2501/0           50020/0        ( 0.0%) 
disp_tris             3712/0            7424/0        ( 0.0%) 
disp_lmsamples      118208/0          118208/0        ( 0.0%) 
faces                 7941/65536      444696/3670016  (12.1%) 
hdr faces             7941/65536      444696/3670016  (12.1%) 
origfaces             5014/65536      280784/3670016  ( 7.7%) 
leaves                6046/65536      193472/2097152  ( 9.2%) 
leaffaces             9964/65536       19928/131072   (15.2%) 
leafbrushes           7813/65536       15626/131072   (11.9%) 
areas                   17/256           136/2048     ( 6.6%) 
surfedges            57615/512000     230460/2048000  (11.3%) 
edges                37457/256000     149828/1024000  (14.6%) 
LDR worldlights          0/8192            0/819200   ( 0.0%) 
HDR worldlights         38/8192         3800/819200   ( 0.5%) 
leafwaterdata            0/32768           0/393216   ( 0.0%) 
waterstrips            771/32768        7710/327680   ( 2.4%) 
waterverts               0/65536           0/786432   ( 0.0%) 
waterindices         14520/65536       29040/131072   (22.2%) 
cubemapsamples          50/1024          800/16384    ( 4.9%) 
overlays               210/512         73920/180224   (41.0%) 
LDR lightdata         [variable]           0/0        ( 0.0%) 
HDR lightdata         [variable]     4012780/0        ( 0.0%) 
visdata               [variable]        1601/16777216 ( 0.0%) 
entdata               [variable]      364715/393216   (92.8%) VERY FULL!
LDR ambient table     6046/65536       24184/262144   ( 9.2%) 
HDR ambient table     6046/65536       24184/262144   ( 9.2%) 
LDR leaf ambient      6046/65536      169288/1835008  ( 9.2%) 
HDR leaf ambient     24447/65536      684516/1835008  (37.3%) 
occluders               14/0             560/0        ( 0.0%) 
occluder polygons       21/0             252/0        ( 0.0%) 
occluder vert ind       99/0             396/0        ( 0.0%) 
Prop Hull Verts          0/0               0/0        ( 0.0%) 
Prop Hull Blob           0/0               0/0        ( 0.0%) 
Prop Hull Lists          0/0               0/0        ( 0.0%) 
Prop Hulls               0/0               0/0        ( 0.0%) 
Prop Hull trilist        0/0               0/0        ( 0.0%) 
detail props          [variable]           1/12       ( 8.3%) 
static props          [variable]           1/76228    ( 0.0%) 
pakfile               [variable]     6644828/0        ( 0.0%) 
physics               [variable]     1011113/4194304  (24.1%) 
physics terrain       [variable]        9433/1048576  ( 0.9%) 

Level flags = 2

Total triangle count: 21694
Writing z:\mnt\f\stuff\git\l4d2-things\reverse_rda\map\r_c11m1_greenhouse.bsp
5 minutes, 46 seconds elapsed



Using shader api: shaderapiempty.dll
materialPath: Z:\mnt\d\SteamLibrary\steamapps\common\Left 4 Dead 2\left4dead2\materials
Loading Z:\mnt\f\stuff\git\l4d2-things\reverse_rda\map\r_c11m1_greenhouse.vmf
fixing up env_cubemap materials on brush sides...
0...1...2...3...4...5...6...7...8...9...100...1...2...3...4...5...6...7...8...9...10Processing areas...done (0)
Building Faces...done (0)
Occluder "" straddles multiple areas. This is invalid!
Occluder "" straddles multiple areas. This is invalid!
Occluder "" straddles multiple areas. This is invalid!
Occluder "" straddles multiple areas. This is invalid!
Occluder "" straddles multiple areas. This is invalid!
Occluder "" straddles multiple areas. This is invalid!
Occluder "" straddles multiple areas. This is invalid!
Occluder "" straddles multiple areas. This is invalid!
Occluder "" straddles multiple areas. This is invalid!
Chop Details...done (0)
Find Visible Detail Sides...
Merged 608 detail faces...done (0)
Merging details...done (0)
FixTjuncs...
PruneNodes...
WriteBSP...
done (0)
writing Z:\mnt\f\stuff\git\l4d2-things\reverse_rda\map\r_c11m1_greenhouse.prt...Building visibility clusters...
done (0)
Finding displacement neighbors...
Found a displacement edge abutting multiple other edges.
Finding lightmap sample positions...
Displacement Alpha : 0...1...2...3...4...5...6...7...8...9...10
Building Physics collision data...
done (1) (1011113 bytes)
Cannot build Physics2 data
                                                             -----------
DataLinker total stream size                                     0.0 KiB
Placing detail props : 0...1...2...3...4...5...6...7...8...9...10
Compacting texture/material tables...
Reduced 4821 texinfos to 2898
Reduced 436 texdatas to 355 (19486 bytes to 16231)
Writing Z:\mnt\f\stuff\git\l4d2-things\reverse_rda\map\r_c11m1_greenhouse.bsp
10 seconds elapsed

==================================================================
Date: 2026-04-24 04:31:38
Z:\mnt\d\SteamLibrary\steamapps\common\Left 4 Dead 2\bin\vvisplusplus.exe -game Z:\mnt\d\SteamLibrary\steamapps\common\Left 4 Dead 2\left4dead2 Z:\mnt\f\stuff\git\l4d2-things\reverse_rda\map\r_c11m1_greenhouse.vmf
==================================================================
6 threads
reading z:\mnt\f\stuff\git\l4d2-things\reverse_rda\map\r_c11m1_greenhouse.bsp
Detected L4D2 lump format
Max farz in all env_fog_controller entities: 9000 (used for radial vis)
reading z:\mnt\f\stuff\git\l4d2-things\reverse_rda\map\r_c11m1_greenhouse.prt
  64 portalclusters
 257 numportals
0...1...2...3...4...5...6...7...8...9...100...1...2...3...4...5...6...7...8...9...10Optimized: 10 visible clusters (0.55%)
Total clusters visible: 1809
Average clusters visible: 28
Building PAS...
Average clusters audible: 62
visdatasize:1601  compressed from 1024
writing z:\mnt\f\stuff\git\l4d2-things\reverse_rda\map\r_c11m1_greenhouse.bsp
Wrote ZIP buffer, estimated size 4571132, actual size 4520936
0 seconds elapsed



[Reading texlights from 'lights.rad']
[2 texlights parsed from 'lights.rad']

Loading z:\mnt\f\stuff\git\l4d2-things\reverse_rda\map\r_c11m1_greenhouse.bsp
7941 faces
10447981 square feet [1504509184.00 square inches]
53 Displacements
23843 Square Feet [3433395.75 Square Inches]
7941 patches before subdivision
107363 patches after subdivision
38 direct lights
0...1...2...3...4...5...6...7...8...9...100...1...2...3...4...5...6...7...8...9...10transfers 7985394, max 1060
transfer lists:  60.9 megs
0...1...2...3...4...5...6...7...8...9...10	Bounce #1 added RGB(11747, 11444, 9087)
0...1...2...3...4...5...6...7...8...9...10	Bounce #2 added RGB(3006, 2487, 1542)
0...1...2...3...4...5...6...7...8...9...10	Bounce #3 added RGB(1199, 864, 415)
0...1...2...3...4...5...6...7...8...9...10	Bounce #4 added RGB(539, 351, 141)
0...1...2...3...4...5...6...7...8...9...10	Bounce #5 added RGB(269, 160, 55)
0...1...2...3...4...5...6...7...8...9...10	Bounce #6 added RGB(135, 74, 22)
0...1...2...3...4...5...6...7...8...9...10	Bounce #7 added RGB(70, 36, 9)
0...1...2...3...4...5...6...7...8...9...10	Bounce #8 added RGB(37, 18, 4)
0...1...2...3...4...5...6...7...8...9...10	Bounce #9 added RGB(20, 9, 2)
0...1...2...3...4...5...6...7...8...9...10	Bounce #10 added RGB(11, 4, 1)
0...1...2...3...4...5...6...7...8...9...10	Bounce #11 added RGB(6, 2, 0)
0...1...2...3...4...5...6...7...8...9...10	Bounce #12 added RGB(3, 1, 0)
0...1...2...3...4...5...6...7...8...9...10	Bounce #13 added RGB(2, 1, 0)
0...1...2...3...4...5...6...7...8...9...10	Bounce #14 added RGB(1, 0, 0)
Build Patch/Sample Hash Table(s).....Done<0.0277 sec>
0...1...2...3...4...5...6...7...8...9...10FinalLightFace Done
0 of 0 (0% of) surface lights went in leaf ambient cubes.
0...1...2...3...4...5...6...7...8...9...10Writing leaf ambient...done
Computing static prop lighting : 00...1...2...3...4...5...6...7...8...9...10
Ready to Finish

Object names       Objects/Maxobjs  Memory / Maxmem  Fullness 
------------       ---------------  ---------------  -------- 
models                 132/1024         6336/49152    (12.9%) 
brushes               2706/8192        32472/98304    (33.0%) 
brushsides           20165/65536      161320/524288   (30.8%) 
planes               12612/65536      252240/1310720  (19.2%) 
vertexes             15336/65536      184032/786432   (23.4%) 
nodes                 5913/65536      189216/2097152  ( 9.0%) 
texinfos              2898/12288      208656/884736   (23.6%) 
texdata                355/2048        11360/65536    (17.3%) 
dispinfos               53/0            9328/0        ( 0.0%) 
disp_verts            2501/0           50020/0        ( 0.0%) 
disp_tris             3712/0            7424/0        ( 0.0%) 
disp_lmsamples      118208/0          118208/0        ( 0.0%) 
faces                 7941/65536      444696/3670016  (12.1%) 
hdr faces             7941/65536      444696/3670016  (12.1%) 
origfaces             5014/65536      280784/3670016  ( 7.7%) 
leaves                6046/65536      193472/2097152  ( 9.2%) 
leaffaces             9964/65536       19928/131072   (15.2%) 
leafbrushes           7813/65536       15626/131072   (11.9%) 
areas                   17/256           136/2048     ( 6.6%) 
surfedges            57615/512000     230460/2048000  (11.3%) 
edges                37457/256000     149828/1024000  (14.6%) 
LDR worldlights          0/8192            0/819200   ( 0.0%) 
HDR worldlights         38/8192         3800/819200   ( 0.5%) 
leafwaterdata            0/32768           0/393216   ( 0.0%) 
waterstrips            771/32768        7710/327680   ( 2.4%) 
waterverts               0/65536           0/786432   ( 0.0%) 
waterindices         14520/65536       29040/131072   (22.2%) 
cubemapsamples          50/1024          800/16384    ( 4.9%) 
overlays               210/512         73920/180224   (41.0%) 
LDR lightdata         [variable]           0/0        ( 0.0%) 
HDR lightdata         [variable]     4012780/0        ( 0.0%) 
visdata               [variable]        1601/16777216 ( 0.0%) 
entdata               [variable]      364715/393216   (92.8%) VERY FULL!
LDR ambient table     6046/65536       24184/262144   ( 9.2%) 
HDR ambient table     6046/65536       24184/262144   ( 9.2%) 
LDR leaf ambient      6046/65536      169288/1835008  ( 9.2%) 
HDR leaf ambient     24449/65536      684572/1835008  (37.3%) 
occluders               14/0             560/0        ( 0.0%) 
occluder polygons       21/0             252/0        ( 0.0%) 
occluder vert ind       99/0             396/0        ( 0.0%) 
Prop Hull Verts          0/0               0/0        ( 0.0%) 
Prop Hull Blob           0/0               0/0        ( 0.0%) 
Prop Hull Lists          0/0               0/0        ( 0.0%) 
Prop Hulls               0/0               0/0        ( 0.0%) 
Prop Hull trilist        0/0               0/0        ( 0.0%) 
detail props          [variable]           1/12       ( 8.3%) 
static props          [variable]           1/76228    ( 0.0%) 
pakfile               [variable]     6644828/0        ( 0.0%) 
physics               [variable]     1011113/4194304  (24.1%) 
physics terrain       [variable]        9433/1048576  ( 0.9%) 

Level flags = 2

Total triangle count: 21694
Writing z:\mnt\f\stuff\git\l4d2-things\reverse_rda\map\r_c11m1_greenhouse.bsp
6 minutes, 38 seconds elapsed



Using shader api: shaderapiempty.dll
materialPath: Z:\mnt\d\SteamLibrary\steamapps\common\Left 4 Dead 2\left4dead2\materials
Loading Z:\mnt\f\stuff\git\l4d2-things\reverse_rda\map\r_c11m1_greenhouse.vmf
fixing up env_cubemap materials on brush sides...
0...1...2...3...4...5...6...7...8...9...100...1...2...3...4...5...6...7...8...9...10Processing areas...done (0)
Building Faces...done (0)
Occluder "" straddles multiple areas. This is invalid!
Occluder "" straddles multiple areas. This is invalid!
Occluder "" straddles multiple areas. This is invalid!
Occluder "" straddles multiple areas. This is invalid!
Occluder "" straddles multiple areas. This is invalid!
Occluder "" straddles multiple areas. This is invalid!
Occluder "" straddles multiple areas. This is invalid!
Occluder "" straddles multiple areas. This is invalid!
Occluder "" straddles multiple areas. This is invalid!
Chop Details...done (0)
Find Visible Detail Sides...
Merged 608 detail faces...done (0)
Merging details...done (0)
FixTjuncs...
PruneNodes...
WriteBSP...
done (0)
writing Z:\mnt\f\stuff\git\l4d2-things\reverse_rda\map\r_c11m1_greenhouse.prt...Building visibility clusters...
done (0)
Finding displacement neighbors...
Found a displacement edge abutting multiple other edges.
Finding lightmap sample positions...
Displacement Alpha : 0...1...2...3...4...5...6...7...8...9...10
Building Physics collision data...
done (1) (1010557 bytes)
Cannot build Physics2 data
                                                             -----------
DataLinker total stream size                                     0.0 KiB
Placing detail props : 0...1...2...3...4...5...6...7...8...9...10
Compacting texture/material tables...
Reduced 4820 texinfos to 2895
Reduced 436 texdatas to 355 (19486 bytes to 16231)
Writing Z:\mnt\f\stuff\git\l4d2-things\reverse_rda\map\r_c11m1_greenhouse.bsp
10 seconds elapsed

==================================================================
Date: 2026-04-24 04:42:36
Z:\mnt\d\SteamLibrary\steamapps\common\Left 4 Dead 2\bin\vvisplusplus.exe -game Z:\mnt\d\SteamLibrary\steamapps\common\Left 4 Dead 2\left4dead2 Z:\mnt\f\stuff\git\l4d2-things\reverse_rda\map\r_c11m1_greenhouse.vmf
==================================================================
6 threads
reading z:\mnt\f\stuff\git\l4d2-things\reverse_rda\map\r_c11m1_greenhouse.bsp
Detected L4D2 lump format
Max farz in all env_fog_controller entities: 9000 (used for radial vis)
reading z:\mnt\f\stuff\git\l4d2-things\reverse_rda\map\r_c11m1_greenhouse.prt
  64 portalclusters
 257 numportals
0...1...2...3...4...5...6...7...8...9...100...1...2...3...4...5...6...7...8...9...10Optimized: 10 visible clusters (0.55%)
Total clusters visible: 1809
Average clusters visible: 28
Building PAS...
Average clusters audible: 62
visdatasize:1601  compressed from 1024
writing z:\mnt\f\stuff\git\l4d2-things\reverse_rda\map\r_c11m1_greenhouse.bsp
Wrote ZIP buffer, estimated size 4571132, actual size 4520936
0 seconds elapsed



[Reading texlights from 'lights.rad']
[2 texlights parsed from 'lights.rad']

Loading z:\mnt\f\stuff\git\l4d2-things\reverse_rda\map\r_c11m1_greenhouse.bsp
7941 faces
10443541 square feet [1503869952.00 square inches]
53 Displacements
23843 Square Feet [3433395.75 Square Inches]
7941 patches before subdivision
106789 patches after subdivision
38 direct lights
0...1...2...3...4...5...6...7...8...9...100...1...2...3...4...5...6...7...8...9...10transfers 7981738, max 1061
transfer lists:  60.9 megs
0...1...2...3...4...5...6...7...8...9...10	Bounce #1 added RGB(11740, 11436, 9080)
0...1...2...3...4...5...6...7...8...9...10	Bounce #2 added RGB(3006, 2487, 1542)
0...1...2...3...4...5...6...7...8...9...10	Bounce #3 added RGB(1198, 864, 415)
0...1...2...3...4...5...6...7...8...9...10	Bounce #4 added RGB(539, 351, 141)
0...1...2...3...4...5...6...7...8...9...10	Bounce #5 added RGB(269, 160, 55)
0...1...2...3...4...5...6...7...8...9...10	Bounce #6 added RGB(135, 74, 22)
0...1...2...3...4...5...6...7...8...9...10	Bounce #7 added RGB(70, 36, 9)
0...1...2...3...4...5...6...7...8...9...10	Bounce #8 added RGB(37, 18, 4)
0...1...2...3...4...5...6...7...8...9...10	Bounce #9 added RGB(20, 9, 2)
0...1...2...3...4...5...6...7...8...9...10	Bounce #10 added RGB(11, 4, 1)
0...1...2...3...4...5...6...7...8...9...10	Bounce #11 added RGB(6, 2, 0)
0...1...2...3...4...5...6...7...8...9...10	Bounce #12 added RGB(3, 1, 0)
0...1...2...3...4...5...6...7...8...9...10	Bounce #13 added RGB(2, 1, 0)
0...1...2...3...4...5...6...7...8...9...10	Bounce #14 added RGB(1, 0, 0)
Build Patch/Sample Hash Table(s).....Done<0.0281 sec>
0...1...2...3...4...5...6...7...8...9...10FinalLightFace Done
0 of 0 (0% of) surface lights went in leaf ambient cubes.
0...1...2...3...4...5...6...7...8...9...10Writing leaf ambient...done
Computing static prop lighting : 00...1...2...3...4...5...6...7...8...9...10
Ready to Finish

Object names       Objects/Maxobjs  Memory / Maxmem  Fullness 
------------       ---------------  ---------------  -------- 
models                 131/1024         6288/49152    (12.8%) 
brushes               2708/8192        32496/98304    (33.1%) 
brushsides           20178/65536      161424/524288   (30.8%) 
planes               12610/65536      252200/1310720  (19.2%) 
vertexes             15342/65536      184104/786432   (23.4%) 
nodes                 5946/65536      190272/2097152  ( 9.1%) 
texinfos              2895/12288      208440/884736   (23.6%) 
texdata                355/2048        11360/65536    (17.3%) 
dispinfos               53/0            9328/0        ( 0.0%) 
disp_verts            2501/0           50020/0        ( 0.0%) 
disp_tris             3712/0            7424/0        ( 0.0%) 
disp_lmsamples      118208/0          118208/0        ( 0.0%) 
faces                 7941/65536      444696/3670016  (12.1%) 
hdr faces             7941/65536      444696/3670016  (12.1%) 
origfaces             5016/65536      280896/3670016  ( 7.7%) 
leaves                6078/65536      194496/2097152  ( 9.3%) 
leaffaces            10002/65536       20004/131072   (15.3%) 
leafbrushes           7897/65536       15794/131072   (12.0%) 
areas                   17/256           136/2048     ( 6.6%) 
surfedges            57634/512000     230536/2048000  (11.3%) 
edges                37476/256000     149904/1024000  (14.6%) 
LDR worldlights          0/8192            0/819200   ( 0.0%) 
HDR worldlights         38/8192         3800/819200   ( 0.5%) 
leafwaterdata            0/32768           0/393216   ( 0.0%) 
waterstrips            771/32768        7710/327680   ( 2.4%) 
waterverts               0/65536           0/786432   ( 0.0%) 
waterindices         14526/65536       29052/131072   (22.2%) 
cubemapsamples          50/1024          800/16384    ( 4.9%) 
overlays               210/512         73920/180224   (41.0%) 
LDR lightdata         [variable]           0/0        ( 0.0%) 
HDR lightdata         [variable]     4005012/0        ( 0.0%) 
visdata               [variable]        1601/16777216 ( 0.0%) 
entdata               [variable]      364512/393216   (92.7%) VERY FULL!
LDR ambient table     6078/65536       24312/262144   ( 9.3%) 
HDR ambient table     6078/65536       24312/262144   ( 9.3%) 
LDR leaf ambient      6078/65536      170184/1835008  ( 9.3%) 
HDR leaf ambient     24735/65536      692580/1835008  (37.7%) 
occluders               14/0             560/0        ( 0.0%) 
occluder polygons       21/0             252/0        ( 0.0%) 
occluder vert ind       99/0             396/0        ( 0.0%) 
Prop Hull Verts          0/0               0/0        ( 0.0%) 
Prop Hull Blob           0/0               0/0        ( 0.0%) 
Prop Hull Lists          0/0               0/0        ( 0.0%) 
Prop Hulls               0/0               0/0        ( 0.0%) 
Prop Hull trilist        0/0               0/0        ( 0.0%) 
detail props          [variable]           1/12       ( 8.3%) 
static props          [variable]           1/76276    ( 0.0%) 
pakfile               [variable]     6644828/0        ( 0.0%) 
physics               [variable]     1010557/4194304  (24.1%) 
physics terrain       [variable]        9433/1048576  ( 0.9%) 

Level flags = 2

Total triangle count: 21705
Writing z:\mnt\f\stuff\git\l4d2-things\reverse_rda\map\r_c11m1_greenhouse.bsp
6 minutes, 24 seconds elapsed



Using shader api: shaderapiempty.dll
materialPath: Z:\mnt\d\SteamLibrary\steamapps\common\Left 4 Dead 2\left4dead2\materials
Loading Z:\mnt\f\stuff\git\l4d2-things\reverse_rda\map\r_c11m1_greenhouse.vmf
fixing up env_cubemap materials on brush sides...
0...1...2...3...4...5...6...7...8...9...100...1...2...3...4...5...6...7...8...9...10Processing areas...done (0)
Building Faces...done (0)
Occluder "" straddles multiple areas. This is invalid!
Occluder "" straddles multiple areas. This is invalid!
Occluder "" straddles multiple areas. This is invalid!
Occluder "" straddles multiple areas. This is invalid!
Occluder "" straddles multiple areas. This is invalid!
Occluder "" straddles multiple areas. This is invalid!
Occluder "" straddles multiple areas. This is invalid!
Occluder "" straddles multiple areas. This is invalid!
Occluder "" straddles multiple areas. This is invalid!
Chop Details...done (0)
Find Visible Detail Sides...
Merged 608 detail faces...done (0)
Merging details...done (0)
FixTjuncs...
PruneNodes...
WriteBSP...
done (0)
writing Z:\mnt\f\stuff\git\l4d2-things\reverse_rda\map\r_c11m1_greenhouse.prt...Building visibility clusters...
done (0)
Finding displacement neighbors...
Found a displacement edge abutting multiple other edges.
Finding lightmap sample positions...
Displacement Alpha : 0...1...2...3...4...5...6...7...8...9...10
Building Physics collision data...
done (0) (1005052 bytes)
Cannot build Physics2 data
                                                             -----------
DataLinker total stream size                                     0.0 KiB
Placing detail props : 0...1...2...3...4...5...6...7...8...9...10
Compacting texture/material tables...
Reduced 4806 texinfos to 2887
Reduced 436 texdatas to 355 (19486 bytes to 16231)
Writing Z:\mnt\f\stuff\git\l4d2-things\reverse_rda\map\r_c11m1_greenhouse.bsp
10 seconds elapsed

==================================================================
Date: 2026-04-24 07:25:02
Z:\mnt\d\SteamLibrary\steamapps\common\Left 4 Dead 2\bin\vvisplusplus.exe -game Z:\mnt\d\SteamLibrary\steamapps\common\Left 4 Dead 2\left4dead2 Z:\mnt\f\stuff\git\l4d2-things\reverse_rda\map\r_c11m1_greenhouse.vmf
==================================================================
6 threads
reading z:\mnt\f\stuff\git\l4d2-things\reverse_rda\map\r_c11m1_greenhouse.bsp
Detected L4D2 lump format
Max farz in all env_fog_controller entities: 9000 (used for radial vis)
reading z:\mnt\f\stuff\git\l4d2-things\reverse_rda\map\r_c11m1_greenhouse.prt
  64 portalclusters
 258 numportals
0...1...2...3...4...5...6...7...8...9...100...1...2...3...4...5...6...7...8...9...10Optimized: 10 visible clusters (0.55%)
Total clusters visible: 1809
Average clusters visible: 28
Building PAS...
Average clusters audible: 62
visdatasize:1601  compressed from 1024
writing z:\mnt\f\stuff\git\l4d2-things\reverse_rda\map\r_c11m1_greenhouse.bsp
Wrote ZIP buffer, estimated size 4571132, actual size 4520936
0 seconds elapsed



[Reading texlights from 'lights.rad']
[2 texlights parsed from 'lights.rad']

Loading z:\mnt\f\stuff\git\l4d2-things\reverse_rda\map\r_c11m1_greenhouse.bsp
7866 faces
9353074 square feet [1346842624.00 square inches]
53 Displacements
23843 Square Feet [3433395.75 Square Inches]
7866 patches before subdivision
107216 patches after subdivision
38 direct lights
0...1...2...3...4...5...6...7...8...9...100...1...2...3...4...5...6...7...8...9...10transfers 7975425, max 1063
transfer lists:  60.8 megs
0...1...2...3...4...5...6...7...8...9...10	Bounce #1 added RGB(11739, 11434, 9077)
0...1...2...3...4...5...6...7...8...9...10	Bounce #2 added RGB(3006, 2488, 1542)
0...1...2...3...4...5...6...7...8...9...10	Bounce #3 added RGB(1199, 864, 415)
0...1...2...3...4...5...6...7...8...9...10	Bounce #4 added RGB(539, 351, 142)
0...1...2...3...4...5...6...7...8...9...10	Bounce #5 added RGB(269, 160, 55)
0...1...2...3...4...5...6...7...8...9...10	Bounce #6 added RGB(135, 74, 22)
0...1...2...3...4...5...6...7...8...9...10	Bounce #7 added RGB(71, 36, 9)
0...1...2...3...4...5...6...7...8...9...10	Bounce #8 added RGB(37, 18, 4)
0...1...2...3...4...5...6...7...8...9...10	Bounce #9 added RGB(20, 9, 2)
0...1...2...3...4...5...6...7...8...9...10	Bounce #10 added RGB(11, 4, 1)
0...1...2...3...4...5...6...7...8...9...10	Bounce #11 added RGB(6, 2, 0)
0...1...2...3...4...5...6...7...8...9...10	Bounce #12 added RGB(3, 1, 0)
0...1...2...3...4...5...6...7...8...9...10	Bounce #13 added RGB(2, 1, 0)
0...1...2...3...4...5...6...7...8...9...10	Bounce #14 added RGB(1, 0, 0)
Build Patch/Sample Hash Table(s).....Done<0.0290 sec>
0...1...2...3...4...5...6...7...8...9...10FinalLightFace Done
0 of 0 (0% of) surface lights went in leaf ambient cubes.
0...1...2...3...4...5...6...7...8...9...10Writing leaf ambient...done
Computing static prop lighting : 00...1...2...3...4...5...6...7...8...9...10
Ready to Finish

Object names       Objects/Maxobjs  Memory / Maxmem  Fullness 
------------       ---------------  ---------------  -------- 
models                 129/1024         6192/49152    (12.6%) 
brushes               2696/8192        32352/98304    (32.9%) 
brushsides           20120/65536      160960/524288   (30.7%) 
planes               12614/65536      252280/1310720  (19.2%) 
vertexes             15223/65536      182676/786432   (23.2%) 
nodes                 5913/65536      189216/2097152  ( 9.0%) 
texinfos              2887/12288      207864/884736   (23.5%) 
texdata                355/2048        11360/65536    (17.3%) 
dispinfos               53/0            9328/0        ( 0.0%) 
disp_verts            2501/0           50020/0        ( 0.0%) 
disp_tris             3712/0            7424/0        ( 0.0%) 
disp_lmsamples      118208/0          118208/0        ( 0.0%) 
faces                 7866/65536      440496/3670016  (12.0%) 
hdr faces             7866/65536      440496/3670016  (12.0%) 
origfaces             4948/65536      277088/3670016  ( 7.6%) 
leaves                6043/65536      193376/2097152  ( 9.2%) 
leaffaces             9929/65536       19858/131072   (15.2%) 
leafbrushes           7927/65536       15854/131072   (12.1%) 
areas                   17/256           136/2048     ( 6.6%) 
surfedges            57012/512000     228048/2048000  (11.1%) 
edges                37129/256000     148516/1024000  (14.5%) 
LDR worldlights          0/8192            0/819200   ( 0.0%) 
HDR worldlights         38/8192         3800/819200   ( 0.5%) 
leafwaterdata            0/32768           0/393216   ( 0.0%) 
waterstrips            770/32768        7700/327680   ( 2.3%) 
waterverts               0/65536           0/786432   ( 0.0%) 
waterindices         14511/65536       29022/131072   (22.1%) 
cubemapsamples          50/1024          800/16384    ( 4.9%) 
overlays               210/512         73920/180224   (41.0%) 
LDR lightdata         [variable]           0/0        ( 0.0%) 
HDR lightdata         [variable]     4016500/0        ( 0.0%) 
visdata               [variable]        1601/16777216 ( 0.0%) 
entdata               [variable]      364023/393216   (92.6%) VERY FULL!
LDR ambient table     6043/65536       24172/262144   ( 9.2%) 
HDR ambient table     6043/65536       24172/262144   ( 9.2%) 
LDR leaf ambient      6043/65536      169204/1835008  ( 9.2%) 
HDR leaf ambient     24703/65536      691684/1835008  (37.7%) 
occluders               14/0             560/0        ( 0.0%) 
occluder polygons       21/0             252/0        ( 0.0%) 
occluder vert ind       99/0             396/0        ( 0.0%) 
Prop Hull Verts          0/0               0/0        ( 0.0%) 
Prop Hull Blob           0/0               0/0        ( 0.0%) 
Prop Hull Lists          0/0               0/0        ( 0.0%) 
Prop Hulls               0/0               0/0        ( 0.0%) 
Prop Hull trilist        0/0               0/0        ( 0.0%) 
detail props          [variable]           1/12       ( 8.3%) 
static props          [variable]           1/76310    ( 0.0%) 
pakfile               [variable]     6644828/0        ( 0.0%) 
physics               [variable]     1005052/4194304  (24.0%) 
physics terrain       [variable]        9433/1048576  ( 0.9%) 

Level flags = 2

Total triangle count: 21505
Writing z:\mnt\f\stuff\git\l4d2-things\reverse_rda\map\r_c11m1_greenhouse.bsp
6 minutes, 29 seconds elapsed



Using shader api: shaderapiempty.dll
materialPath: Z:\mnt\d\SteamLibrary\steamapps\common\Left 4 Dead 2\left4dead2\materials
Loading Z:\mnt\f\stuff\git\l4d2-things\reverse_rda\map\r_c11m1_greenhouse.vmf
fixing up env_cubemap materials on brush sides...
0...1...2...3...4...5...6...7...8...9...100...1...2...3...4...5...6...7...8...9...10Processing areas...done (1)
Building Faces...done (0)
Occluder "" straddles multiple areas. This is invalid!
Occluder "" straddles multiple areas. This is invalid!
Occluder "" straddles multiple areas. This is invalid!
Occluder "" straddles multiple areas. This is invalid!
Occluder "" straddles multiple areas. This is invalid!
Occluder "" straddles multiple areas. This is invalid!
Occluder "" straddles multiple areas. This is invalid!
Occluder "" straddles multiple areas. This is invalid!
Occluder "" straddles multiple areas. This is invalid!
Chop Details...done (0)
Find Visible Detail Sides...
Merged 608 detail faces...done (0)
Merging details...done (0)
FixTjuncs...
PruneNodes...
WriteBSP...
done (0)
writing Z:\mnt\f\stuff\git\l4d2-things\reverse_rda\map\r_c11m1_greenhouse.prt...Building visibility clusters...
done (0)
Finding displacement neighbors...
Found a displacement edge abutting multiple other edges.
Finding lightmap sample positions...
Displacement Alpha : 0...1...2...3...4...5...6...7...8...9...10
Building Physics collision data...
done (1) (1013339 bytes)
Cannot build Physics2 data
                                                             -----------
DataLinker total stream size                                     0.0 KiB
Placing detail props : 0...1...2...3...4...5...6...7...8...9...10
Compacting texture/material tables...
Reduced 4821 texinfos to 2898
Reduced 436 texdatas to 355 (19486 bytes to 16231)
Writing Z:\mnt\f\stuff\git\l4d2-things\reverse_rda\map\r_c11m1_greenhouse.bsp
10 seconds elapsed

==================================================================
Date: 2026-04-27 03:02:15
Z:\mnt\d\SteamLibrary\steamapps\common\Left 4 Dead 2\bin\vvisplusplus.exe -game Z:\mnt\d\SteamLibrary\steamapps\common\Left 4 Dead 2\left4dead2 Z:\mnt\f\stuff\git\l4d2-things\reverse_rda\map\r_c11m1_greenhouse.vmf
==================================================================
6 threads
reading z:\mnt\f\stuff\git\l4d2-things\reverse_rda\map\r_c11m1_greenhouse.bsp
Detected L4D2 lump format
Max farz in all env_fog_controller entities: 9000 (used for radial vis)
reading z:\mnt\f\stuff\git\l4d2-things\reverse_rda\map\r_c11m1_greenhouse.prt
  64 portalclusters
 258 numportals
0...1...2...3...4...5...6...7...8...9...100...1...2...3...4...5...6...7...8...9...10Optimized: 10 visible clusters (0.55%)
Total clusters visible: 1809
Average clusters visible: 28
Building PAS...
Average clusters audible: 62
visdatasize:1601  compressed from 1024
writing z:\mnt\f\stuff\git\l4d2-things\reverse_rda\map\r_c11m1_greenhouse.bsp
Wrote ZIP buffer, estimated size 4571132, actual size 4520936
0 seconds elapsed



[Reading texlights from 'lights.rad']
[2 texlights parsed from 'lights.rad']

Loading z:\mnt\f\stuff\git\l4d2-things\reverse_rda\map\r_c11m1_greenhouse.bsp
7955 faces
10446651 square feet [1504317696.00 square inches]
53 Displacements
23843 Square Feet [3433395.75 Square Inches]
7955 patches before subdivision
107319 patches after subdivision
38 direct lights
0...1...2...3...4...5...6...7...8...9...100...1...2...3...4...5...6...7...8...9...10transfers 8019609, max 1075
transfer lists:  61.2 megs
0...1...2...3...4...5...6...7...8...9...10	Bounce #1 added RGB(11741, 11435, 9079)
0...1...2...3...4...5...6...7...8...9...10	Bounce #2 added RGB(3006, 2487, 1542)
0...1...2...3...4...5...6...7...8...9...10	Bounce #3 added RGB(1199, 864, 415)
0...1...2...3...4...5...6...7...8...9...10	Bounce #4 added RGB(539, 351, 141)
0...1...2...3...4...5...6...7...8...9...10	Bounce #5 added RGB(269, 160, 55)
0...1...2...3...4...5...6...7...8...9...10	Bounce #6 added RGB(135, 74, 22)
0...1...2...3...4...5...6...7...8...9...10	Bounce #7 added RGB(70, 36, 9)
0...1...2...3...4...5...6...7...8...9...10	Bounce #8 added RGB(37, 18, 4)
0...1...2...3...4...5...6...7...8...9...10	Bounce #9 added RGB(20, 9, 2)
0...1...2...3...4...5...6...7...8...9...10	Bounce #10 added RGB(11, 4, 1)
0...1...2...3...4...5...6...7...8...9...10	Bounce #11 added RGB(6, 2, 0)
0...1...2...3...4...5...6...7...8...9...10	Bounce #12 added RGB(3, 1, 0)
0...1...2...3...4...5...6...7...8...9...10	Bounce #13 added RGB(2, 1, 0)
0...1...2...3...4...5...6...7...8...9...10	Bounce #14 added RGB(1, 0, 0)
Build Patch/Sample Hash Table(s).....Done<0.0271 sec>
0...1...2...3...4...5...6...7...8...9...10FinalLightFace Done
0 of 0 (0% of) surface lights went in leaf ambient cubes.
0...1...2...3...4...5...6...7...8...9...10Writing leaf ambient...done
Computing static prop lighting : 00...1...2...3...4...5...6...7...8...9...10
Ready to Finish

Object names       Objects/Maxobjs  Memory / Maxmem  Fullness 
------------       ---------------  ---------------  -------- 
models                 131/1024         6288/49152    (12.8%) 
brushes               2717/8192        32604/98304    (33.2%) 
brushsides           20238/65536      161904/524288   (30.9%) 
planes               12622/65536      252440/1310720  (19.3%) 
vertexes             15355/65536      184260/786432   (23.4%) 
nodes                 5972/65536      191104/2097152  ( 9.1%) 
texinfos              2898/12288      208656/884736   (23.6%) 
texdata                355/2048        11360/65536    (17.3%) 
dispinfos               53/0            9328/0        ( 0.0%) 
disp_verts            2501/0           50020/0        ( 0.0%) 
disp_tris             3712/0            7424/0        ( 0.0%) 
disp_lmsamples      118208/0          118208/0        ( 0.0%) 
faces                 7955/65536      445480/3670016  (12.1%) 
hdr faces             7955/65536      445480/3670016  (12.1%) 
origfaces             5022/65536      281232/3670016  ( 7.7%) 
leaves                6104/65536      195328/2097152  ( 9.3%) 
leaffaces            10024/65536       20048/131072   (15.3%) 
leafbrushes           8006/65536       16012/131072   (12.2%) 
areas                   17/256           136/2048     ( 6.6%) 
surfedges            57715/512000     230860/2048000  (11.3%) 
edges                37521/256000     150084/1024000  (14.7%) 
LDR worldlights          0/8192            0/819200   ( 0.0%) 
HDR worldlights         38/8192         3800/819200   ( 0.5%) 
leafwaterdata            0/32768           0/393216   ( 0.0%) 
waterstrips            769/32768        7690/327680   ( 2.3%) 
waterverts               0/65536           0/786432   ( 0.0%) 
waterindices         14493/65536       28986/131072   (22.1%) 
cubemapsamples          50/1024          800/16384    ( 4.9%) 
overlays               210/512         73920/180224   (41.0%) 
LDR lightdata         [variable]           0/0        ( 0.0%) 
HDR lightdata         [variable]     4017232/0        ( 0.0%) 
visdata               [variable]        1601/16777216 ( 0.0%) 
entdata               [variable]      364716/393216   (92.8%) VERY FULL!
LDR ambient table     6104/65536       24416/262144   ( 9.3%) 
HDR ambient table     6104/65536       24416/262144   ( 9.3%) 
LDR leaf ambient      6104/65536      170912/1835008  ( 9.3%) 
HDR leaf ambient     25008/65536      700224/1835008  (38.2%) 
occluders               14/0             560/0        ( 0.0%) 
occluder polygons       21/0             252/0        ( 0.0%) 
occluder vert ind       99/0             396/0        ( 0.0%) 
Prop Hull Verts          0/0               0/0        ( 0.0%) 
Prop Hull Blob           0/0               0/0        ( 0.0%) 
Prop Hull Lists          0/0               0/0        ( 0.0%) 
Prop Hulls               0/0               0/0        ( 0.0%) 
Prop Hull trilist        0/0               0/0        ( 0.0%) 
detail props          [variable]           1/12       ( 8.3%) 
static props          [variable]           1/76350    ( 0.0%) 
pakfile               [variable]     6644828/0        ( 0.0%) 
physics               [variable]     1013339/4194304  (24.2%) 
physics terrain       [variable]        9433/1048576  ( 0.9%) 

Level flags = 2

Total triangle count: 21735
Writing z:\mnt\f\stuff\git\l4d2-things\reverse_rda\map\r_c11m1_greenhouse.bsp
6 minutes, 3 seconds elapsed



Using shader api: shaderapiempty.dll
materialPath: Z:\mnt\d\SteamLibrary\steamapps\common\Left 4 Dead 2\left4dead2\materials
Loading Z:\mnt\f\stuff\git\l4d2-things\reverse_rda\map\r_c11m1_greenhouse.vmf
fixing up env_cubemap materials on brush sides...
0...1...2...3...4...5...6...7...8...9...100...1...2...3...4...5...6...7...8...9...10Processing areas...done (0)
Building Faces...done (0)
Occluder "" straddles multiple areas. This is invalid!
Occluder "" straddles multiple areas. This is invalid!
Occluder "" straddles multiple areas. This is invalid!
Occluder "" straddles multiple areas. This is invalid!
Occluder "" straddles multiple areas. This is invalid!
Occluder "" straddles multiple areas. This is invalid!
Occluder "" straddles multiple areas. This is invalid!
Occluder "" straddles multiple areas. This is invalid!
Occluder "" straddles multiple areas. This is invalid!
Chop Details...done (0)
Find Visible Detail Sides...
Merged 608 detail faces...done (0)
Merging details...done (0)
FixTjuncs...
PruneNodes...
WriteBSP...
done (0)
writing Z:\mnt\f\stuff\git\l4d2-things\reverse_rda\map\r_c11m1_greenhouse.prt...Building visibility clusters...
done (0)
Finding displacement neighbors...
Found a displacement edge abutting multiple other edges.
Finding lightmap sample positions...
Displacement Alpha : 0...1...2...3...4...5...6...7...8...9...10
Building Physics collision data...
done (1) (1010267 bytes)
Cannot build Physics2 data
                                                             -----------
DataLinker total stream size                                     0.0 KiB
Placing detail props : 0...1...2...3...4...5...6...7...8...9...10
Compacting texture/material tables...
Reduced 4825 texinfos to 2898
Reduced 436 texdatas to 355 (19486 bytes to 16231)
Writing Z:\mnt\f\stuff\git\l4d2-things\reverse_rda\map\r_c11m1_greenhouse.bsp
9 seconds elapsed

==================================================================
Date: 2026-04-29 13:56:47
Z:\mnt\d\SteamLibrary\steamapps\common\Left 4 Dead 2\bin\vvisplusplus.exe -game Z:\mnt\d\SteamLibrary\steamapps\common\Left 4 Dead 2\left4dead2 Z:\mnt\f\stuff\git\l4d2-things\reverse_rda\map\r_c11m1_greenhouse.vmf
==================================================================
6 threads
reading z:\mnt\f\stuff\git\l4d2-things\reverse_rda\map\r_c11m1_greenhouse.bsp
Detected L4D2 lump format
Max farz in all env_fog_controller entities: 9000 (used for radial vis)
reading z:\mnt\f\stuff\git\l4d2-things\reverse_rda\map\r_c11m1_greenhouse.prt
  64 portalclusters
 258 numportals
0...1...2...3...4...5...6...7...8...9...100...1...2...3...4...5...6...7...8...9...10Optimized: 10 visible clusters (0.55%)
Total clusters visible: 1809
Average clusters visible: 28
Building PAS...
Average clusters audible: 62
visdatasize:1601  compressed from 1024
writing z:\mnt\f\stuff\git\l4d2-things\reverse_rda\map\r_c11m1_greenhouse.bsp
Wrote ZIP buffer, estimated size 4571132, actual size 4520936
0 seconds elapsed



[Reading texlights from 'lights.rad']
[2 texlights parsed from 'lights.rad']

Loading z:\mnt\f\stuff\git\l4d2-things\reverse_rda\map\r_c11m1_greenhouse.bsp
7955 faces
10446651 square feet [1504317696.00 square inches]
53 Displacements
23843 Square Feet [3433395.75 Square Inches]
7955 patches before subdivision
107319 patches after subdivision
38 direct lights
0...1...2..


Using shader api: shaderapiempty.dll
materialPath: Z:\mnt\d\SteamLibrary\steamapps\common\Left 4 Dead 2\left4dead2\materials
Loading Z:\mnt\f\stuff\git\l4d2-things\reverse_rda\map\r_c11m1_greenhouse.vmf
fixing up env_cubemap materials on brush sides...
0...1...2...3...4...5...6...7...8...9...100...1...2...3...4...5...6...7...8...9...10Processing areas...done (0)
Building Faces...done (0)
Occluder "" straddles multiple areas. This is invalid!
Occluder "" straddles multiple areas. This is invalid!
Occluder "" straddles multiple areas. This is invalid!
Occluder "" straddles multiple areas. This is invalid!
Occluder "" straddles multiple areas. This is invalid!
Occluder "" straddles multiple areas. This is invalid!
Occluder "" straddles multiple areas. This is invalid!
Occluder "" straddles multiple areas. This is invalid!
Occluder "" straddles multiple areas. This is invalid!
Chop Details...done (0)
Find Visible Detail Sides...
Merged 608 detail faces...done (1)
Merging details...done (0)
FixTjuncs...
PruneNodes...
WriteBSP...
done (0)
writing Z:\mnt\f\stuff\git\l4d2-things\reverse_rda\map\r_c11m1_greenhouse.prt...Building visibility clusters...
done (0)
Finding displacement neighbors...
Found a displacement edge abutting multiple other edges.
Finding lightmap sample positions...
Displacement Alpha : 0...1...2...3...4...5...6...7...8...9...10
Building Physics collision data...
done (1) (1010267 bytes)
Cannot build Physics2 data
                                                             -----------
DataLinker total stream size                                     0.0 KiB
Placing detail props : 0...1...2...3...4...5...6...7...8...9...10
Compacting texture/material tables...
Reduced 4825 texinfos to 2898
Reduced 436 texdatas to 355 (19486 bytes to 16231)
Writing Z:\mnt\f\stuff\git\l4d2-things\reverse_rda\map\r_c11m1_greenhouse.bsp
9 seconds elapsed

==================================================================
Date: 2026-04-29 13:57:18
Z:\mnt\d\SteamLibrary\steamapps\common\Left 4 Dead 2\bin\vvisplusplus.exe -game Z:\mnt\d\SteamLibrary\steamapps\common\Left 4 Dead 2\left4dead2 Z:\mnt\f\stuff\git\l4d2-things\reverse_rda\map\r_c11m1_greenhouse.vmf
==================================================================
6 threads
reading z:\mnt\f\stuff\git\l4d2-things\reverse_rda\map\r_c11m1_greenhouse.bsp
Detected L4D2 lump format
Max farz in all env_fog_controller entities: 9000 (used for radial vis)
reading z:\mnt\f\stuff\git\l4d2-things\reverse_rda\map\r_c11m1_greenhouse.prt
  64 portalclusters
 258 numportals
0...1...2...3...4...5...6...7...8...9...100...1...2...3...4...5...6...7...8...9...10Optimized: 10 visible clusters (0.55%)
Total clusters visible: 1809
Average clusters visible: 28
Building PAS...
Average clusters audible: 62
visdatasize:1601  compressed from 1024
writing z:\mnt\f\stuff\git\l4d2-things\reverse_rda\map\r_c11m1_greenhouse.bsp
Wrote ZIP buffer, estimated size 4571132, actual size 4520936
0 seconds elapsed



[Reading texlights from 'lights.rad']
[2 texlights parsed from 'lights.rad']

Loading z:\mnt\f\stuff\git\l4d2-things\reverse_rda\map\r_c11m1_greenhouse.bsp
7955 faces
10446651 square feet [1504317696.00 square inches]
53 Displacements
23843 Square Feet [3433395.75 Square Inches]
7955 patches before subdivision
107319 patches after subdivision
38 direct lights
0...1...2...3...4...5...6...7...8...9...100...1...2...3...4...5...6...7...8...9...10transfers 8019609, max 1075
transfer lists:  61.2 megs
0...1...2...3...4...5...6...7...8...9...10	Bounce #1 added RGB(11741, 11435, 9079)
0...1...2...3...4...5...6...7...8...9...10	Bounce #2 added RGB(3006, 2487, 1542)
0...1...2...3...4...5...6...7...8...9...10	Bounce #3 added RGB(1199, 864, 415)
0...1...2...3...4...5...6...7...8...9...10	Bounce #4 added RGB(539, 351, 141)
0...1...2...3...4...5...6...7...8...9...10	Bounce #5 added RGB(269, 160, 55)
0...1...2...3...4...5...6...7...8...9...10	Bounce #6 added RGB(135, 74, 22)
0...1...2...3...4...5...6...7...8...9...10	Bounce #7 added RGB(70, 36, 9)
0...1...2...3...4...5...6...7...8...9...10	Bounce #8 added RGB(37, 18, 4)
0...1...2...3...4...5...6...7...8...9...10	Bounce #9 added RGB(20, 9, 2)
0...1...2...3...4...5...6...7...8...9...10	Bounce #10 added RGB(11, 4, 1)
0...1...2...3...4...5...6...7...8...9...10	Bounce #11 added RGB(6, 2, 0)
0...1...2...3...4...5...6...7...8...9...10	Bounce #12 added RGB(3, 1, 0)
0...1...2...3...4...5...6...7...8...9...10	Bounce #13 added RGB(2, 1, 0)
0...1...2...3...4...5...6...7...8...9...10	Bounce #14 added RGB(1, 0, 0)
Build Patch/Sample Hash Table(s).....Done<0.0267 sec>
0...1...2...3...4...5...6...7...8...9...10FinalLightFace Done
0 of 0 (0% of) surface lights went in leaf ambient cubes.
0...1...2...3...4...5...6...7...8...9...10Writing leaf ambient...done
Computing static prop lighting : 00...1...2...3...4...5...6...7...8...9...10
Ready to Finish

Object names       Objects/Maxobjs  Memory / Maxmem  Fullness 
------------       ---------------  ---------------  -------- 
models                 131/1024         6288/49152    (12.8%) 
brushes               2717/8192        32604/98304    (33.2%) 
brushsides           20238/65536      161904/524288   (30.9%) 
planes               12622/65536      252440/1310720  (19.3%) 
vertexes             15355/65536      184260/786432   (23.4%) 
nodes                 5972/65536      191104/2097152  ( 9.1%) 
texinfos              2898/12288      208656/884736   (23.6%) 
texdata                355/2048        11360/65536    (17.3%) 
dispinfos               53/0            9328/0        ( 0.0%) 
disp_verts            2501/0           50020/0        ( 0.0%) 
disp_tris             3712/0            7424/0        ( 0.0%) 
disp_lmsamples      118208/0          118208/0        ( 0.0%) 
faces                 7955/65536      445480/3670016  (12.1%) 
hdr faces             7955/65536      445480/3670016  (12.1%) 
origfaces             5022/65536      281232/3670016  ( 7.7%) 
leaves                6104/65536      195328/2097152  ( 9.3%) 
leaffaces            10024/65536       20048/131072   (15.3%) 
leafbrushes           8006/65536       16012/131072   (12.2%) 
areas                   17/256           136/2048     ( 6.6%) 
surfedges            57715/512000     230860/2048000  (11.3%) 
edges                37521/256000     150084/1024000  (14.7%) 
LDR worldlights          0/8192            0/819200   ( 0.0%) 
HDR worldlights         38/8192         3800/819200   ( 0.5%) 
leafwaterdata            0/32768           0/393216   ( 0.0%) 
waterstrips            769/32768        7690/327680   ( 2.3%) 
waterverts               0/65536           0/786432   ( 0.0%) 
waterindices         14493/65536       28986/131072   (22.1%) 
cubemapsamples          50/1024          800/16384    ( 4.9%) 
overlays               210/512         73920/180224   (41.0%) 
LDR lightdata         [variable]           0/0        ( 0.0%) 
HDR lightdata         [variable]     4017232/0        ( 0.0%) 
visdata               [variable]        1601/16777216 ( 0.0%) 
entdata               [variable]      364692/393216   (92.7%) VERY FULL!
LDR ambient table     6104/65536       24416/262144   ( 9.3%) 
HDR ambient table     6104/65536       24416/262144   ( 9.3%) 
LDR leaf ambient      6104/65536      170912/1835008  ( 9.3%) 
HDR leaf ambient     25006/65536      700168/1835008  (38.2%) 
occluders               14/0             560/0        ( 0.0%) 
occluder polygons       21/0             252/0        ( 0.0%) 
occluder vert ind       99/0             396/0        ( 0.0%) 
Prop Hull Verts          0/0               0/0        ( 0.0%) 
Prop Hull Blob           0/0               0/0        ( 0.0%) 
Prop Hull Lists          0/0               0/0        ( 0.0%) 
Prop Hulls               0/0               0/0        ( 0.0%) 
Prop Hull trilist        0/0               0/0        ( 0.0%) 
detail props          [variable]           1/12       ( 8.3%) 
static props          [variable]           1/76350    ( 0.0%) 
pakfile               [variable]     6644828/0        ( 0.0%) 
physics               [variable]     1010267/4194304  (24.1%) 
physics terrain       [variable]        9433/1048576  ( 0.9%) 

Level flags = 2

Total triangle count: 21735
Writing z:\mnt\f\stuff\git\l4d2-things\reverse_rda\map\r_c11m1_greenhouse.bsp
5 minutes, 58 seconds elapsed



Using shader api: shaderapiempty.dll
materialPath: Z:\mnt\d\SteamLibrary\steamapps\common\Left 4 Dead 2\left4dead2\materials
Loading Z:\mnt\f\stuff\git\l4d2-things\reverse_rda\map\r_c11m1_greenhouse.vmf
fixing up env_cubemap materials on brush sides...
0...1...2...3...4...5...6...7...8...9...100...1...2...3...4...5...6...7...8...9...10Processing areas...done (0)
Building Faces...done (0)
Occluder "" straddles multiple areas. This is invalid!
Occluder "" straddles multiple areas. This is invalid!
Occluder "" straddles multiple areas. This is invalid!
Occluder "" straddles multiple areas. This is invalid!
Occluder "" straddles multiple areas. This is invalid!
Occluder "" straddles multiple areas. This is invalid!
Occluder "" straddles multiple areas. This is invalid!
Occluder "" straddles multiple areas. This is invalid!
Occluder "" straddles multiple areas. This is invalid!
Chop Details...done (0)
Find Visible Detail Sides...
Merged 608 detail faces...done (0)
Merging details...done (0)
FixTjuncs...
PruneNodes...
WriteBSP...
done (0)
writing Z:\mnt\f\stuff\git\l4d2-things\reverse_rda\map\r_c11m1_greenhouse.prt...Building visibility clusters...
done (0)
Finding displacement neighbors...
Found a displacement edge abutting multiple other edges.
Finding lightmap sample positions...
Displacement Alpha : 0...1...2...3...4...5...6...7...8...9...10
Building Physics collision data...
done (1) (1017631 bytes)
Cannot build Physics2 data
                                                             -----------
DataLinker total stream size                                     0.0 KiB
Placing detail props : 0...1...2...3...4...5...6...7...8...9...10
Compacting texture/material tables...
Reduced 4852 texinfos to 2907
Reduced 442 texdatas to 358 (19738 bytes to 16328)
Writing Z:\mnt\f\stuff\git\l4d2-things\reverse_rda\map\r_c11m1_greenhouse.bsp
9 seconds elapsed

==================================================================
Date: 2026-04-30 12:16:22
Z:\mnt\d\SteamLibrary\steamapps\common\Left 4 Dead 2\bin\vvisplusplus.exe -game Z:\mnt\d\SteamLibrary\steamapps\common\Left 4 Dead 2\left4dead2 Z:\mnt\f\stuff\git\l4d2-things\reverse_rda\map\r_c11m1_greenhouse.vmf
==================================================================
6 threads
reading z:\mnt\f\stuff\git\l4d2-things\reverse_rda\map\r_c11m1_greenhouse.bsp
Detected L4D2 lump format
Max farz in all env_fog_controller entities: 9000 (used for radial vis)
reading z:\mnt\f\stuff\git\l4d2-things\reverse_rda\map\r_c11m1_greenhouse.prt
  65 portalclusters
 261 numportals
0...1...2...3...4...5...6...7...8...9...100...1...2...3...4...5...6...7...8...9...10Optimized: 10 visible clusters (0.54%)
Total clusters visible: 1862
Average clusters visible: 28
Building PAS...
Average clusters audible: 63
visdatasize:1721  compressed from 2080
writing z:\mnt\f\stuff\git\l4d2-things\reverse_rda\map\r_c11m1_greenhouse.bsp
Wrote ZIP buffer, estimated size 4573021, actual size 4522289
0 seconds elapsed



[Reading texlights from 'lights.rad']
[2 texlights parsed from 'lights.rad']

Loading z:\mnt\f\stuff\git\l4d2-things\reverse_rda\map\r_c11m1_greenhouse.bsp
8007 faces
10450279 square feet [1504840192.00 square inches]
54 Displacements
23971 Square Feet [3451894.25 Square Inches]
8007 patches before subdivision
107621 patches after subdivision
38 direct lights
0...1...2...3...4...5...6...7...8...9...100...1...2...3...4...5...6...7...8...9...10transfers 8050771, max 1075
transfer lists:  61.4 megs
0...1...2...3...4...5...6...7...8...9...10	Bounce #1 added RGB(11743, 11440, 9090)
0...1...2...3...4...5...6...7...8...9...10	Bounce #2 added RGB(2994, 2479, 1538)
0...1...2...3...4...5...6...7...8...9...10	Bounce #3 added RGB(1182, 852, 411)
0...1...2...3...4...5...6...7...8...9...10	Bounce #4 added RGB(526, 343, 138)
0...1...2...3...4...5...6...7...8...9...10	Bounce #5 added RGB(259, 154, 53)
0...1...2...3...4...5...6...7...8...9...10	Bounce #6 added RGB(129, 70, 21)
0...1...2...3...4...5...6...7...8...9...10	Bounce #7 added RGB(66, 33, 9)
0...1...2...3...4...5...6...7...8...9...10	Bounce #8 added RGB(34, 16, 4)
0...1...2...3...4...5...6...7...8...9...10	Bounce #9 added RGB(18, 8, 2)
0...1...2...3...4...5...6...7...8...9...10	Bounce #10 added RGB(9, 4, 1)
0...1...2...3...4...5...6...7...8...9...10	Bounce #11 added RGB(5, 2, 0)
0...1...2...3...4...5...6...7...8...9...10	Bounce #12 added RGB(3, 1, 0)
0...1...2...3...4...5...6...7...8...9...10	Bounce #13 added RGB(1, 0, 0)
0...1...2...3...4...5...6...7...8...9...10	Bounce #14 added RGB(1, 0, 0)
Build Patch/Sample Hash Table(s).....Done<0.0280 sec>
0...1...2...3...4...5...6...7...8...9...10FinalLightFace Done
0 of 0 (0% of) surface lights went in leaf ambient cubes.
0...1...2...3...4...5...6...7...8...9...10Writing leaf ambient...done
Computing static prop lighting : 00...1...2...3...4...5...6...7...8...9...10
Ready to Finish

Object names       Objects/Maxobjs  Memory / Maxmem  Fullness 
------------       ---------------  ---------------  -------- 
models                 133/1024         6384/49152    (13.0%) 
brushes               2738/8192        32856/98304    (33.4%) 
brushsides           20438/65536      163504/524288   (31.2%) 
planes               12852/65536      257040/1310720  (19.6%) 
vertexes             15484/65536      185808/786432   (23.6%) 
nodes                 5981/65536      191392/2097152  ( 9.1%) 
texinfos              2907/12288      209304/884736   (23.7%) 
texdata                358/2048        11456/65536    (17.5%) 
dispinfos               54/0            9504/0        ( 0.0%) 
disp_verts            2582/0           51640/0        ( 0.0%) 
disp_tris             3840/0            7680/0        ( 0.0%) 
disp_lmsamples      118608/0          118608/0        ( 0.0%) 
faces                 8007/65536      448392/3670016  (12.2%) 
hdr faces             8007/65536      448392/3670016  (12.2%) 
origfaces             5061/65536      283416/3670016  ( 7.7%) 
leaves                6115/65536      195680/2097152  ( 9.3%) 
leaffaces            10111/65536       20222/131072   (15.4%) 
leafbrushes           8004/65536       16008/131072   (12.2%) 
areas                   16/256           128/2048     ( 6.3%) 
surfedges            58129/512000     232516/2048000  (11.4%) 
edges                37772/256000     151088/1024000  (14.8%) 
LDR worldlights          0/8192            0/819200   ( 0.0%) 
HDR worldlights         38/8192         3800/819200   ( 0.5%) 
leafwaterdata            0/32768           0/393216   ( 0.0%) 
waterstrips            764/32768        7640/327680   ( 2.3%) 
waterverts               0/65536           0/786432   ( 0.0%) 
waterindices         14409/65536       28818/131072   (22.0%) 
cubemapsamples          50/1024          800/16384    ( 4.9%) 
overlays               210/512         73920/180224   (41.0%) 
LDR lightdata         [variable]           0/0        ( 0.0%) 
HDR lightdata         [variable]     4036300/0        ( 0.0%) 
visdata               [variable]        1721/16777216 ( 0.0%) 
entdata               [variable]      367187/393216   (93.4%) VERY FULL!
LDR ambient table     6115/65536       24460/262144   ( 9.3%) 
HDR ambient table     6115/65536       24460/262144   ( 9.3%) 
LDR leaf ambient      6115/65536      171220/1835008  ( 9.3%) 
HDR leaf ambient     24930/65536      698040/1835008  (38.0%) 
occluders               14/0             560/0        ( 0.0%) 
occluder polygons       21/0             252/0        ( 0.0%) 
occluder vert ind       99/0             396/0        ( 0.0%) 
Prop Hull Verts          0/0               0/0        ( 0.0%) 
Prop Hull Blob           0/0               0/0        ( 0.0%) 
Prop Hull Lists          0/0               0/0        ( 0.0%) 
Prop Hulls               0/0               0/0        ( 0.0%) 
Prop Hull trilist        0/0               0/0        ( 0.0%) 
detail props          [variable]           1/12       ( 8.3%) 
static props          [variable]           1/76666    ( 0.0%) 
pakfile               [variable]     6646181/0        ( 0.0%) 
physics               [variable]     1017631/4194304  (24.3%) 
physics terrain       [variable]        9892/1048576  ( 0.9%) 

Level flags = 2

Total triangle count: 21890
Writing z:\mnt\f\stuff\git\l4d2-things\reverse_rda\map\r_c11m1_greenhouse.bsp
6 minutes, 13 seconds elapsed



Using shader api: shaderapiempty.dll
materialPath: Z:\mnt\d\SteamLibrary\steamapps\common\Left 4 Dead 2\left4dead2\materials
Loading Z:\mnt\f\stuff\git\l4d2-things\reverse_rda\map\r_c11m1_greenhouse.vmf
fixing up env_cubemap materials on brush sides...
0...1...2...3...4...5...6...7...8...9...100...1...2...3...4...5...6...7...8...9...10Processing areas...done (0)
Building Faces...done (0)
Occluder "" straddles multiple areas. This is invalid!
Occluder "" straddles multiple areas. This is invalid!
Occluder "" straddles multiple areas. This is invalid!
Occluder "" straddles multiple areas. This is invalid!
Occluder "" straddles multiple areas. This is invalid!
Occluder "" straddles multiple areas. This is invalid!
Occluder "" straddles multiple areas. This is invalid!
Occluder "" straddles multiple areas. This is invalid!
Occluder "" straddles multiple areas. This is invalid!
Chop Details...done (1)
Find Visible Detail Sides...
Merged 608 detail faces...done (1)
Merging details...done (0)
FixTjuncs...
PruneNodes...
WriteBSP...
done (0)
writing Z:\mnt\f\stuff\git\l4d2-things\reverse_rda\map\r_c11m1_greenhouse.prt...Building visibility clusters...
done (0)
Finding displacement neighbors...
Found a displacement edge abutting multiple other edges.
Finding lightmap sample positions...
Displacement Alpha : 0...1...2...3...4...5...6...7...8...9...10
Building Physics collision data...
done (1) (1017108 bytes)
Cannot build Physics2 data
                                                             -----------
DataLinker total stream size                                     0.0 KiB
Placing detail props : 0...1...2...3...4...5...6...7...8...9...10
Compacting texture/material tables...
Reduced 4856 texinfos to 2904
Reduced 442 texdatas to 358 (19738 bytes to 16328)
Writing Z:\mnt\f\stuff\git\l4d2-things\reverse_rda\map\r_c11m1_greenhouse.bsp
9 seconds elapsed

==================================================================
Date: 2026-05-07 14:47:11
Z:\mnt\d\SteamLibrary\steamapps\common\Left 4 Dead 2\bin\vvisplusplus.exe -game Z:\mnt\d\SteamLibrary\steamapps\common\Left 4 Dead 2\left4dead2 Z:\mnt\f\stuff\git\l4d2-things\reverse_rda\map\r_c11m1_greenhouse.vmf
==================================================================
6 threads
reading z:\mnt\f\stuff\git\l4d2-things\reverse_rda\map\r_c11m1_greenhouse.bsp
Detected L4D2 lump format
Max farz in all env_fog_controller entities: 9000 (used for radial vis)
reading z:\mnt\f\stuff\git\l4d2-things\reverse_rda\map\r_c11m1_greenhouse.prt
  64 portalclusters
 258 numportals
0...1...2...3...4...5...6...7...8...9...100...1...2...3...4...5...6...7...8...9...10Optimized: 10 visible clusters (0.55%)
Total clusters visible: 1809
Average clusters visible: 28
Building PAS...
Average clusters audible: 62
visdatasize:1601  compressed from 1024
writing z:\mnt\f\stuff\git\l4d2-things\reverse_rda\map\r_c11m1_greenhouse.bsp
Wrote ZIP buffer, estimated size 4573021, actual size 4522289
0 seconds elapsed



[Reading texlights from 'lights.rad']
[2 texlights parsed from 'lights.rad']

Loading z:\mnt\f\stuff\git\l4d2-things\reverse_rda\map\r_c11m1_greenhouse.bsp
8005 faces
10448990 square feet [1504654592.00 square inches]
54 Displacements
23971 Square Feet [3451894.25 Square Inches]
8005 patches before subdivision
107623 patches after subdivision
38 direct lights
0...1...2...3...4...5...6...7...8...9...100...1...2...3...4...5...6...7...8...9...10transfers 8060295, max 1075
transfer lists:  61.5 megs
0...1...2...3...4...5...6...7...8...9...10	Bounce #1 added RGB(11743, 11438, 9087)
0...1...2...3...4...5...6...7...8...9...10	Bounce #2 added RGB(2994, 2479, 1538)
0...1...2...3...4...5...6...7...8...9...10	Bounce #3 added RGB(1182, 852, 411)
0...1...2...3...4...5...6...7...8...9...10	Bounce #4 added RGB(526, 343, 138)
0...1...2...3...4...5...6...7...8...9...10	Bounce #5 added RGB(259, 154, 53)
0...1...2...3...4...5...6...7...8...9...10	Bounce #6 added RGB(129, 70, 21)
0...1...2...3...4...5...6...7...8...9...10	Bounce #7 added RGB(66, 33, 9)
0...1...2...3...4...5...6...7...8...9...10	Bounce #8 added RGB(34, 16, 4)
0...1...2...3...4...5...6...7...8...9...10	Bounce #9 added RGB(18, 8, 2)
0...1...2...3...4...5...6...7...8...9...10	Bounce #10 added RGB(9, 4, 1)
0...1...2...3...4...5...6...7...8...9...10	Bounce #11 added RGB(5, 2, 0)
0...1...2...3...4...5...6...7...8...9...10	Bounce #12 added RGB(3, 1, 0)
0...1...2...3...4...5...6...7...8...9...10	Bounce #13 added RGB(1, 0, 0)
0...1...2...3...4...5...6...7...8...9...10	Bounce #14 added RGB(1, 0, 0)
Build Patch/Sample Hash Table(s).....Done<0.0250 sec>
0...1...2...3...4...5...6...7...8...9...10FinalLightFace Done
0 of 0 (0% of) surface lights went in leaf ambient cubes.
0...1...2...3...4...5...6...7...8...9...10Writing leaf ambient...done
Computing static prop lighting : 00...1...2...3...4...5...6...7...8...9...10
Ready to Finish

Object names       Objects/Maxobjs  Memory / Maxmem  Fullness 
------------       ---------------  ---------------  -------- 
models                 132/1024         6336/49152    (12.9%) 
brushes               2738/8192        32856/98304    (33.4%) 
brushsides           20438/65536      163504/524288   (31.2%) 
planes               12872/65536      257440/1310720  (19.6%) 
vertexes             15485/65536      185820/786432   (23.6%) 
nodes                 5996/65536      191872/2097152  ( 9.1%) 
texinfos              2904/12288      209088/884736   (23.6%) 
texdata                358/2048        11456/65536    (17.5%) 
dispinfos               54/0            9504/0        ( 0.0%) 
disp_verts            2582/0           51640/0        ( 0.0%) 
disp_tris             3840/0            7680/0        ( 0.0%) 
disp_lmsamples      118608/0          118608/0        ( 0.0%) 
faces                 8005/65536      448280/3670016  (12.2%) 
hdr faces             8005/65536      448280/3670016  (12.2%) 
origfaces             5055/65536      283080/3670016  ( 7.7%) 
leaves                6129/65536      196128/2097152  ( 9.4%) 
leaffaces            10111/65536       20222/131072   (15.4%) 
leafbrushes           8073/65536       16146/131072   (12.3%) 
areas                   16/256           128/2048     ( 6.3%) 
surfedges            58093/512000     232372/2048000  (11.3%) 
edges                37766/256000     151064/1024000  (14.8%) 
LDR worldlights          0/8192            0/819200   ( 0.0%) 
HDR worldlights         38/8192         3800/819200   ( 0.5%) 
leafwaterdata            0/32768           0/393216   ( 0.0%) 
waterstrips            765/32768        7650/327680   ( 2.3%) 
waterverts               0/65536           0/786432   ( 0.0%) 
waterindices         14409/65536       28818/131072   (22.0%) 
cubemapsamples          50/1024          800/16384    ( 4.9%) 
overlays               210/512         73920/180224   (41.0%) 
LDR lightdata         [variable]           0/0        ( 0.0%) 
HDR lightdata         [variable]     4038576/0        ( 0.0%) 
visdata               [variable]        1601/16777216 ( 0.0%) 
entdata               [variable]      367367/393216   (93.4%) VERY FULL!
LDR ambient table     6129/65536       24516/262144   ( 9.4%) 
HDR ambient table     6129/65536       24516/262144   ( 9.4%) 
LDR leaf ambient      6129/65536      171612/1835008  ( 9.4%) 
HDR leaf ambient     25311/65536      708708/1835008  (38.6%) 
occluders               14/0             560/0        ( 0.0%) 
occluder polygons       21/0             252/0        ( 0.0%) 
occluder vert ind       99/0             396/0        ( 0.0%) 
Prop Hull Verts          0/0               0/0        ( 0.0%) 
Prop Hull Blob           0/0               0/0        ( 0.0%) 
Prop Hull Lists          0/0               0/0        ( 0.0%) 
Prop Hulls               0/0               0/0        ( 0.0%) 
Prop Hull trilist        0/0               0/0        ( 0.0%) 
detail props          [variable]           1/12       ( 8.3%) 
static props          [variable]           1/76708    ( 0.0%) 
pakfile               [variable]     6646181/0        ( 0.0%) 
physics               [variable]     1017108/4194304  (24.2%) 
physics terrain       [variable]        9892/1048576  ( 0.9%) 

Level flags = 2

Total triangle count: 21882
Writing z:\mnt\f\stuff\git\l4d2-things\reverse_rda\map\r_c11m1_greenhouse.bsp
6 minutes, 16 seconds elapsed



Using shader api: shaderapiempty.dll
materialPath: Z:\mnt\d\SteamLibrary\steamapps\common\Left 4 Dead 2\left4dead2\materials
Loading Z:\mnt\f\stuff\git\l4d2-things\reverse_rda\map\r_c11m1_greenhouse.vmf
fixing up env_cubemap materials on brush sides...
0...1...2...3...4...5...6...7...8...9...100...1...2...3...4...5...6...7...8...9...10Processing areas...done (0)
Building Faces...done (0)
Occluder "" straddles multiple areas. This is invalid!
Occluder "" straddles multiple areas. This is invalid!
Occluder "" straddles multiple areas. This is invalid!
Occluder "" straddles multiple areas. This is invalid!
Occluder "" straddles multiple areas. This is invalid!
Occluder "" straddles multiple areas. This is invalid!
Occluder "" straddles multiple areas. This is invalid!
Occluder "" straddles multiple areas. This is invalid!
Occluder "" straddles multiple areas. This is invalid!
Chop Details...done (0)
Find Visible Detail Sides...
Merged 608 detail faces...done (0)
Merging details...done (1)
FixTjuncs...
PruneNodes...
WriteBSP...
done (0)
writing Z:\mnt\f\stuff\git\l4d2-things\reverse_rda\map\r_c11m1_greenhouse.prt...Building visibility clusters...
done (0)
Finding displacement neighbors...
Found a displacement edge abutting multiple other edges.
Finding lightmap sample positions...
Displacement Alpha : 0...1...2...3...4...5...6...7...8...9...10
Building Physics collision data...
done (1) (1017663 bytes)
Cannot build Physics2 data
                                                             -----------
DataLinker total stream size                                     0.0 KiB
Placing detail props : 0...1...2...3...4...5...6...7...8...9...10
Compacting texture/material tables...
Reduced 4862 texinfos to 2907
Reduced 442 texdatas to 358 (19738 bytes to 16328)
Writing Z:\mnt\f\stuff\git\l4d2-things\reverse_rda\map\r_c11m1_greenhouse.bsp
9 seconds elapsed

==================================================================
Date: 2026-05-07 18:21:25
Z:\mnt\d\SteamLibrary\steamapps\common\Left 4 Dead 2\bin\vvisplusplus.exe -game Z:\mnt\d\SteamLibrary\steamapps\common\Left 4 Dead 2\left4dead2 Z:\mnt\f\stuff\git\l4d2-things\reverse_rda\map\r_c11m1_greenhouse.vmf
==================================================================
6 threads
reading z:\mnt\f\stuff\git\l4d2-things\reverse_rda\map\r_c11m1_greenhouse.bsp
Detected L4D2 lump format
Max farz in all env_fog_controller entities: 9000 (used for radial vis)
reading z:\mnt\f\stuff\git\l4d2-things\reverse_rda\map\r_c11m1_greenhouse.prt
  64 portalclusters
 258 numportals
0...1...2...3...4...5...6...7...8...9...100...1...2...3...4...5...6...7...8...9...10Optimized: 10 visible clusters (0.55%)
Total clusters visible: 1809
Average clusters visible: 28
Building PAS...
Average clusters audible: 62
visdatasize:1601  compressed from 1024
writing z:\mnt\f\stuff\git\l4d2-things\reverse_rda\map\r_c11m1_greenhouse.bsp
Wrote ZIP buffer, estimated size 4573021, actual size 4522289
0 seconds elapsed



[Reading texlights from 'lights.rad']
[2 texlights parsed from 'lights.rad']

Loading z:\mnt\f\stuff\git\l4d2-things\reverse_rda\map\r_c11m1_greenhouse.bsp
8011 faces
10450439 square feet [1504863232.00 square inches]
54 Displacements
23971 Square Feet [3451894.25 Square Inches]
8011 patches before subdivision
107629 patches after subdivision
38 direct lights
0...1...2...3...4...5...6...7...8...9...100...1...2...3...4...5...6...7...8...9...10transfers 8061977, max 1075
transfer lists:  61.5 megs
0...1...2...3...4...5...6...7...8...9...10	Bounce #1 added RGB(11744, 11439, 9088)
0...1...2...3...4...5...6...7...8...9...10	Bounce #2 added RGB(2994, 2479, 1538)
0...1...2...3...4...5...6...7...8...9...10	Bounce #3 added RGB(1182, 852, 411)
0...1...2...3...4...5...6...7...8...9...10	Bounce #4 added RGB(526, 343, 138)
0...1...2...3...4...5...6...7...8...9...10	Bounce #5 added RGB(259, 154, 53)
0...1...2...3...4...5...6...7...8...9...10	Bounce #6 added RGB(129, 70, 21)
0...1...2...3...4...5...6...7...8...9...10	Bounce #7 added RGB(66, 33, 9)
0...1...2...3...4...5...6...7...8...9...10	Bounce #8 added RGB(34, 16, 4)
0...1...2...3...4...5...6...7...8...9...10	Bounce #9 added RGB(18, 8, 2)
0...1...2...3...4...5...6...7...8...9...10	Bounce #10 added RGB(9, 4, 1)
0...1...2...3...4...5...6...7...8...9...10	Bounce #11 added RGB(5, 2, 0)
0...1...2...3...4...5...6...7...8...9...10	Bounce #12 added RGB(3, 1, 0)
0...1...2...3...4...5...6...7...8...9...10	Bounce #13 added RGB(1, 0, 0)
0...1...2...3...4...5...6...7...8...9...10	Bounce #14 added RGB(1, 0, 0)
Build Patch/Sample Hash Table(s).....Done<0.0245 sec>
0...1...2...3...4...5...6...7...8...9...10FinalLightFace Done
0 of 0 (0% of) surface lights went in leaf ambient cubes.
0...1...2...3...4...5...6...7...8...9...10Writing leaf ambient...done
Computing static prop lighting : 00...1...2...3...4...5...6...7...8...9...10
Ready to Finish

Object names       Objects/Maxobjs  Memory / Maxmem  Fullness 
------------       ---------------  ---------------  -------- 
models                 133/1024         6384/49152    (13.0%) 
brushes               2739/8192        32868/98304    (33.4%) 
brushsides           20444/65536      163552/524288   (31.2%) 
planes               12882/65536      257640/1310720  (19.7%) 
vertexes             15493/65536      185916/786432   (23.6%) 
nodes                 6002/65536      192064/2097152  ( 9.2%) 
texinfos              2907/12288      209304/884736   (23.7%) 
texdata                358/2048        11456/65536    (17.5%) 
dispinfos               54/0            9504/0        ( 0.0%) 
disp_verts            2582/0           51640/0        ( 0.0%) 
disp_tris             3840/0            7680/0        ( 0.0%) 
disp_lmsamples      118608/0          118608/0        ( 0.0%) 
faces                 8011/65536      448616/3670016  (12.2%) 
hdr faces             8011/65536      448616/3670016  (12.2%) 
origfaces             5061/65536      283416/3670016  ( 7.7%) 
leaves                6136/65536      196352/2097152  ( 9.4%) 
leaffaces            10117/65536       20234/131072   (15.4%) 
leafbrushes           8074/65536       16148/131072   (12.3%) 
areas                   16/256           128/2048     ( 6.3%) 
surfedges            58141/512000     232564/2048000  (11.4%) 
edges                37790/256000     151160/1024000  (14.8%) 
LDR worldlights          0/8192            0/819200   ( 0.0%) 
HDR worldlights         38/8192         3800/819200   ( 0.5%) 
leafwaterdata            0/32768           0/393216   ( 0.0%) 
waterstrips            765/32768        7650/327680   ( 2.3%) 
waterverts               0/65536           0/786432   ( 0.0%) 
waterindices         14409/65536       28818/131072   (22.0%) 
cubemapsamples          50/1024          800/16384    ( 4.9%) 
overlays               210/512         73920/180224   (41.0%) 
LDR lightdata         [variable]           0/0        ( 0.0%) 
HDR lightdata         [variable]     4038576/0        ( 0.0%) 
visdata               [variable]        1601/16777216 ( 0.0%) 
entdata               [variable]      367634/393216   (93.5%) VERY FULL!
LDR ambient table     6136/65536       24544/262144   ( 9.4%) 
HDR ambient table     6136/65536       24544/262144   ( 9.4%) 
LDR leaf ambient      6136/65536      171808/1835008  ( 9.4%) 
HDR leaf ambient     25328/65536      709184/1835008  (38.6%) 
occluders               14/0             560/0        ( 0.0%) 
occluder polygons       21/0             252/0        ( 0.0%) 
occluder vert ind       99/0             396/0        ( 0.0%) 
Prop Hull Verts          0/0               0/0        ( 0.0%) 
Prop Hull Blob           0/0               0/0        ( 0.0%) 
Prop Hull Lists          0/0               0/0        ( 0.0%) 
Prop Hulls               0/0               0/0        ( 0.0%) 
Prop Hull trilist        0/0               0/0        ( 0.0%) 
detail props          [variable]           1/12       ( 8.3%) 
static props          [variable]           1/76708    ( 0.0%) 
pakfile               [variable]     6646181/0        ( 0.0%) 
physics               [variable]     1017663/4194304  (24.3%) 
physics terrain       [variable]        9892/1048576  ( 0.9%) 

Level flags = 2

Total triangle count: 21894
Writing z:\mnt\f\stuff\git\l4d2-things\reverse_rda\map\r_c11m1_greenhouse.bsp
5 minutes, 43 seconds elapsed



Using shader api: shaderapiempty.dll
materialPath: Z:\mnt\d\SteamLibrary\steamapps\common\Left 4 Dead 2\left4dead2\materials
Loading Z:\mnt\f\stuff\git\l4d2-things\reverse_rda\map\r_c11m1_greenhouse.vmf
fixing up env_cubemap materials on brush sides...
0...1...2...3...4...5...6...7...8...9...100...1...2...3...4...5...6...7...8...9...10Processing areas...done (0)
Building Faces...done (0)
Occluder "" straddles multiple areas. This is invalid!
Occluder "" straddles multiple areas. This is invalid!
Occluder "" straddles multiple areas. This is invalid!
Occluder "" straddles multiple areas. This is invalid!
Occluder "" straddles multiple areas. This is invalid!
Occluder "" straddles multiple areas. This is invalid!
Occluder "" straddles multiple areas. This is invalid!
Occluder "" straddles multiple areas. This is invalid!
Occluder "" straddles multiple areas. This is invalid!
Chop Details...done (0)
Find Visible Detail Sides...
Merged 608 detail faces...done (0)
Merging details...done (0)
FixTjuncs...
PruneNodes...
WriteBSP...
done (0)
writing Z:\mnt\f\stuff\git\l4d2-things\reverse_rda\map\r_c11m1_greenhouse.prt...Building visibility clusters...
done (0)
Finding displacement neighbors...
Found a displacement edge abutting multiple other edges.
Finding lightmap sample positions...
Displacement Alpha : 0...1...2...3...4...5...6...7...8...9...10
Building Physics collision data...
done (1) (1011048 bytes)
Cannot build Physics2 data
                                                             -----------
DataLinker total stream size                                     0.0 KiB
Placing detail props : 0...1...2...3...4...5...6...7...8...9...10
Compacting texture/material tables...
Reduced 4857 texinfos to 2902
Reduced 442 texdatas to 358 (19738 bytes to 16328)
Writing Z:\mnt\f\stuff\git\l4d2-things\reverse_rda\map\r_c11m1_greenhouse.bsp
9 seconds elapsed

==================================================================
Date: 2026-05-07 20:04:13
Z:\mnt\d\SteamLibrary\steamapps\common\Left 4 Dead 2\bin\vvisplusplus.exe -game Z:\mnt\d\SteamLibrary\steamapps\common\Left 4 Dead 2\left4dead2 Z:\mnt\f\stuff\git\l4d2-things\reverse_rda\map\r_c11m1_greenhouse.vmf
==================================================================
6 threads
reading z:\mnt\f\stuff\git\l4d2-things\reverse_rda\map\r_c11m1_greenhouse.bsp
Detected L4D2 lump format
Max farz in all env_fog_controller entities: 9000 (used for radial vis)
reading z:\mnt\f\stuff\git\l4d2-things\reverse_rda\map\r_c11m1_greenhouse.prt
  64 portalclusters
 258 numportals
0...1...2...3...4...5...6...7...8...9...100...1...2...3...4...5...6...7...8...9...10Optimized: 10 visible clusters (0.55%)
Total clusters visible: 1809
Average clusters visible: 28
Building PAS...
Average clusters audible: 62
visdatasize:1601  compressed from 1024
writing z:\mnt\f\stuff\git\l4d2-things\reverse_rda\map\r_c11m1_greenhouse.bsp
Wrote ZIP buffer, estimated size 4573021, actual size 4522289
0 seconds elapsed



[Reading texlights from 'lights.rad']
[2 texlights parsed from 'lights.rad']

Loading z:\mnt\f\stuff\git\l4d2-things\reverse_rda\map\r_c11m1_greenhouse.bsp
7942 faces
9357618 square feet [1347496960.00 square inches]
54 Displacements
23971 Square Feet [3451894.25 Square Inches]
7942 patches before subdivision
107560 patches after subdivision
38 direct lights
0...1...2...3...4...5...6...7...8...9...100...1...2...3...4...5...6...7...8...9...10transfers 8059028, max 1075
transfer lists:  61.5 megs
0...1...2...3...4...5...6...7...8...9...10	Bounce #1 added RGB(11739, 11435, 9085)
0...1...2...3...4...5...6...7...8...9...10	Bounce #2 added RGB(2994, 2478, 1538)
0...1...2...3...4...5...6...7...8...9...10	Bounce #3 added RGB(1182, 852, 411)
0...1...2...3...4...5...6...7...8...9...10	Bounce #4 added RGB(526, 343, 138)
0...1...2...3...4...5...6...7...8...9...10	Bounce #5 added RGB(259, 154, 53)
0...1...2...3...4...5...6...7...8...9...10	Bounce #6 added RGB(129, 70, 21)
0...1...2...3...4...5...6...7...8...9...10	Bounce #7 added RGB(66, 33, 9)
0...1...2...3...4...5...6...7...8...9...10	Bounce #8 added RGB(34, 16, 4)
0...1...2...3...4...5...6...7...8...9...10	Bounce #9 added RGB(18, 8, 2)
0...1...2...3...4...5...6...7...8...9...10	Bounce #10 added RGB(9, 4, 1)
0...1...2...3...4...5...6...7...8...9...10	Bounce #11 added RGB(5, 2, 0)
0...1...2...3...4...5...6...7...8...9...10	Bounce #12 added RGB(3, 1, 0)
0...1...2...3...4...5...6...7...8...9...10	Bounce #13 added RGB(1, 0, 0)
0...1...2...3...4...5...6...7...8...9...10	Bounce #14 added RGB(1, 0, 0)
Build Patch/Sample Hash Table(s).....Done<0.0252 sec>
0...1...2...3...4...5...6...7...8...9...10FinalLightFace Done
0 of 0 (0% of) surface lights went in leaf ambient cubes.
0...1...2...3...4...5...6...7...8...9...10Writing leaf ambient...done
Computing static prop lighting : 00...1...2...3...4...5...6...7...8...9...10
Ready to Finish

Object names       Objects/Maxobjs  Memory / Maxmem  Fullness 
------------       ---------------  ---------------  -------- 
models                 132/1024         6336/49152    (12.9%) 
brushes               2723/8192        32676/98304    (33.2%) 
brushsides           20348/65536      162784/524288   (31.0%) 
planes               12872/65536      257440/1310720  (19.6%) 
vertexes             15386/65536      184632/786432   (23.5%) 
nodes                 5962/65536      190784/2097152  ( 9.1%) 
texinfos              2902/12288      208944/884736   (23.6%) 
texdata                358/2048        11456/65536    (17.5%) 
dispinfos               54/0            9504/0        ( 0.0%) 
disp_verts            2582/0           51640/0        ( 0.0%) 
disp_tris             3840/0            7680/0        ( 0.0%) 
disp_lmsamples      118608/0          118608/0        ( 0.0%) 
faces                 7942/65536      444752/3670016  (12.1%) 
hdr faces             7942/65536      444752/3670016  (12.1%) 
origfaces             4999/65536      279944/3670016  ( 7.6%) 
leaves                6095/65536      195040/2097152  ( 9.3%) 
leaffaces            10045/65536       20090/131072   (15.3%) 
leafbrushes           8058/65536       16116/131072   (12.3%) 
areas                   16/256           128/2048     ( 6.3%) 
surfedges            57569/512000     230276/2048000  (11.2%) 
edges                37468/256000     149872/1024000  (14.6%) 
LDR worldlights          0/8192            0/819200   ( 0.0%) 
HDR worldlights         38/8192         3800/819200   ( 0.5%) 
leafwaterdata            0/32768           0/393216   ( 0.0%) 
waterstrips            765/32768        7650/327680   ( 2.3%) 
waterverts               0/65536           0/786432   ( 0.0%) 
waterindices         14409/65536       28818/131072   (22.0%) 
cubemapsamples          50/1024          800/16384    ( 4.9%) 
overlays               210/512         73920/180224   (41.0%) 
LDR lightdata         [variable]           0/0        ( 0.0%) 
HDR lightdata         [variable]     4038576/0        ( 0.0%) 
visdata               [variable]        1601/16777216 ( 0.0%) 
entdata               [variable]      367471/393216   (93.5%) VERY FULL!
LDR ambient table     6095/65536       24380/262144   ( 9.3%) 
HDR ambient table     6095/65536       24380/262144   ( 9.3%) 
LDR leaf ambient      6095/65536      170660/1835008  ( 9.3%) 
HDR leaf ambient     25109/65536      703052/1835008  (38.3%) 
occluders               14/0             560/0        ( 0.0%) 
occluder polygons       21/0             252/0        ( 0.0%) 
occluder vert ind       99/0             396/0        ( 0.0%) 
Prop Hull Verts          0/0               0/0        ( 0.0%) 
Prop Hull Blob           0/0               0/0        ( 0.0%) 
Prop Hull Lists          0/0               0/0        ( 0.0%) 
Prop Hulls               0/0               0/0        ( 0.0%) 
Prop Hull trilist        0/0               0/0        ( 0.0%) 
detail props          [variable]           1/12       ( 8.3%) 
static props          [variable]           1/76708    ( 0.0%) 
pakfile               [variable]     6646181/0        ( 0.0%) 
physics               [variable]     1011048/4194304  (24.1%) 
physics terrain       [variable]        9892/1048576  ( 0.9%) 

Level flags = 2

Total triangle count: 21708
Writing z:\mnt\f\stuff\git\l4d2-things\reverse_rda\map\r_c11m1_greenhouse.bsp
6 minutes, 41 seconds elapsed



Using shader api: shaderapiempty.dll
materialPath: Z:\mnt\d\SteamLibrary\steamapps\common\Left 4 Dead 2\left4dead2\materials
Loading Z:\mnt\f\stuff\git\l4d2-things\reverse_rda\map\r_c11m1_greenhouse.vmf
fixing up env_cubemap materials on brush sides...
0...1...2...3...4...5...6...7...8...9...100...1...2...3...4...5...6...7...8...9...10Processing areas...done (0)
Building Faces...done (0)
Occluder "" straddles multiple areas. This is invalid!
Occluder "" straddles multiple areas. This is invalid!
Occluder "" straddles multiple areas. This is invalid!
Occluder "" straddles multiple areas. This is invalid!
Occluder "" straddles multiple areas. This is invalid!
Occluder "" straddles multiple areas. This is invalid!
Occluder "" straddles multiple areas. This is invalid!
Occluder "" straddles multiple areas. This is invalid!
Occluder "" straddles multiple areas. This is invalid!
Chop Details...done (0)
Find Visible Detail Sides...
Merged 608 detail faces...done (0)
Merging details...done (0)
FixTjuncs...
PruneNodes...
WriteBSP...
done (0)
writing Z:\mnt\f\stuff\git\l4d2-things\reverse_rda\map\r_c11m1_greenhouse.prt...Building visibility clusters...
done (0)
Finding displacement neighbors...
Found a displacement edge abutting multiple other edges.
Finding lightmap sample positions...
Displacement Alpha : 0...1...2...3...4...5...6...7...8...9...10
Building Physics collision data...
done (1) (1011048 bytes)
Cannot build Physics2 data
                                                             -----------
DataLinker total stream size                                     0.0 KiB



Using shader api: shaderapiempty.dll
materialPath: Z:\mnt\d\SteamLibrary\steamapps\common\Left 4 Dead 2\left4dead2\materials
Loading Z:\mnt\f\stuff\git\l4d2-things\reverse_rda\map\r_c11m1_greenhouse.vmf
fixing up env_cubemap materials on brush sides...
0...1...2...3...4...5...6...7...8...9...100...1...2...3...4...5...6...7...8...9...10Processing areas...done (0)
Building Faces...done (0)
Occluder "" straddles multiple areas. This is invalid!
Occluder "" straddles multiple areas. This is invalid!
Occluder "" straddles multiple areas. This is invalid!
Occluder "" straddles multiple areas. This is invalid!
Occluder "" straddles multiple areas. This is invalid!
Occluder "" straddles multiple areas. This is invalid!
Occluder "" straddles multiple areas. This is invalid!
Occluder "" straddles multiple areas. This is invalid!
Occluder "" straddles multiple areas. This is invalid!
Chop Details...done (0)
Find Visible Detail Sides...
Merged 608 detail faces...done (0)
Merging details...done (0)
FixTjuncs...
PruneNodes...
WriteBSP...
done (0)
writing Z:\mnt\f\stuff\git\l4d2-things\reverse_rda\map\r_c11m1_greenhouse.prt...Building visibility clusters...
done (0)
Finding displacement neighbors...
Found a displacement edge abutting multiple other edges.
Finding lightmap sample positions...
Displacement Alpha : 0...1...2...3...4...5...6...7...8...9...10
Building Physics collision data...
done (1) (1011048 bytes)
Cannot build Physics2 data
                                                             -----------
DataLinker total stream size                                     0.0 KiB
Placing detail props : 0...1...2...3...4...5...6...7...8...9...10
Compacting texture/material tables...
Reduced 4857 texinfos to 2902
Reduced 442 texdatas to 358 (19738 bytes to 16328)
Writing Z:\mnt\f\stuff\git\l4d2-things\reverse_rda\map\r_c11m1_greenhouse.bsp
9 seconds elapsed

==================================================================
Date: 2026-05-18 19:29:42
Z:\mnt\d\SteamLibrary\steamapps\common\Left 4 Dead 2\bin\vvisplusplus.exe -game Z:\mnt\d\SteamLibrary\steamapps\common\Left 4 Dead 2\left4dead2 Z:\mnt\f\stuff\git\l4d2-things\reverse_rda\map\r_c11m1_greenhouse.vmf
==================================================================
6 threads
reading z:\mnt\f\stuff\git\l4d2-things\reverse_rda\map\r_c11m1_greenhouse.bsp
Detected L4D2 lump format
Max farz in all env_fog_controller entities: 9000 (used for radial vis)
reading z:\mnt\f\stuff\git\l4d2-things\reverse_rda\map\r_c11m1_greenhouse.prt
  64 portalclusters
 258 numportals
0...1...2...3...4...5...6...7...8...9...100...1...2...3...4...5...6...7...8...9...10Optimized: 10 visible clusters (0.55%)
Total clusters visible: 1809
Average clusters visible: 28
Building PAS...
Average clusters audible: 62
visdatasize:1601  compressed from 1024
writing z:\mnt\f\stuff\git\l4d2-things\reverse_rda\map\r_c11m1_greenhouse.bsp
Wrote ZIP buffer, estimated size 4573021, actual size 4522289
0 seconds elapsed



[Reading texlights from 'lights.rad']
[2 texlights parsed from 'lights.rad']

Loading z:\mnt\f\stuff\git\l4d2-things\reverse_rda\map\r_c11m1_greenhouse.bsp



Using shader api: shaderapiempty.dll
materialPath: Z:\mnt\d\SteamLibrary\steamapps\common\Left 4 Dead 2\left4dead2\materials
Loading Z:\mnt\f\stuff\git\l4d2-things\reverse_rda\map\r_c11m1_greenhouse.vmf
fixing up env_cubemap materials on brush sides...
0...1...2...3...4...5...6...7...8...9...100...1...2...3...4...5...6...7...8...9...10Processing areas...done (0)
Building Faces...done (0)
Occluder "" straddles multiple areas. This is invalid!
Occluder "" straddles multiple areas. This is invalid!
Occluder "" straddles multiple areas. This is invalid!
Occluder "" straddles multiple areas. This is invalid!
Occluder "" straddles multiple areas. This is invalid!
Occluder "" straddles multiple areas. This is invalid!
Occluder "" straddles multiple areas. This is invalid!
Occluder "" straddles multiple areas. This is invalid!
Occluder "" straddles multiple areas. This is invalid!
Chop Details...done (0)
Find Visible Detail Sides...
Merged 608 detail faces...done (1)
Merging details...done (0)
FixTjuncs...
PruneNodes...
WriteBSP...
done (0)
writing Z:\mnt\f\stuff\git\l4d2-things\reverse_rda\map\r_c11m1_greenhouse.prt...Building visibility clusters...
done (0)
Finding displacement neighbors...
Found a displacement edge abutting multiple other edges.
Finding lightmap sample positions...
Displacement Alpha : 0...1...2...3...4...5...6...7...8...9...10
Building Physics collision data...
done (1) (1011048 bytes)
Cannot build Physics2 data
                                                             -----------
DataLinker total stream size                                     0.0 KiB
Placing detail props : 0...1...2...3...4...5...6...7...8...9...10
Compacting texture/material tables...
Reduced 4857 texinfos to 2902
Reduced 442 texdatas to 358 (19738 bytes to 16328)
Writing Z:\mnt\f\stuff\git\l4d2-things\reverse_rda\map\r_c11m1_greenhouse.bsp
9 seconds elapsed

==================================================================
Date: 2026-05-18 19:29:54
Z:\mnt\d\SteamLibrary\steamapps\common\Left 4 Dead 2\bin\vvisplusplus.exe -game Z:\mnt\d\SteamLibrary\steamapps\common\Left 4 Dead 2\left4dead2 Z:\mnt\f\stuff\git\l4d2-things\reverse_rda\map\r_c11m1_greenhouse.vmf
==================================================================
6 threads
reading z:\mnt\f\stuff\git\l4d2-things\reverse_rda\map\r_c11m1_greenhouse.bsp
Detected L4D2 lump format
Max farz in all env_fog_controller entities: 9000 (used for radial vis)
reading z:\mnt\f\stuff\git\l4d2-things\reverse_rda\map\r_c11m1_greenhouse.prt
  64 portalclusters
 258 numportals
0...1...2...3...4...5...6...7...8...9...100...1...2...3...4...5...6...7...8...9...10Optimized: 10 visible clusters (0.55%)
Total clusters visible: 1809
Average clusters visible: 28
Building PAS...
Average clusters audible: 62
visdatasize:1601  compressed from 1024
writing z:\mnt\f\stuff\git\l4d2-things\reverse_rda\map\r_c11m1_greenhouse.bsp
Wrote ZIP buffer, estimated size 4573021, actual size 4522289
0 seconds elapsed



[Reading texlights from 'lights.rad']
[2 texlights parsed from 'lights.rad']

Loading z:\mnt\f\stuff\git\l4d2-things\reverse_rda\map\r_c11m1_greenhouse.bsp
7942 faces
9357618 square feet [1347496960.00 square inches]
54 Displacements
23971 Square Feet [3451894.25 Square Inches]
7942 patches before subdivision
107560 patches after subdivision
38 direct lights
0...1...2...3...4...5...6...7...8...9...100...1...2...3...4...5...6...7...8...9...10transfers 8059028, max 1075
transfer lists:  61.5 megs
0...1...2...3...4...5...6...7...8...9...10	Bounce #1 added RGB(11741, 11437, 9087)
0...1...2...3...4...5...6...7...8...9...10	Bounce #2 added RGB(2994, 2478, 1538)
0...1...2...3...4...5...6...7...8...9...10	Bounce #3 added RGB(1182, 852, 411)
0...1...2...3...4...5...6...7...8...9...10	Bounce #4 added RGB(526, 343, 138)
0...1...2...3...4...5...6...7...8...9...10	Bounce #5 added RGB(259, 154, 53)
0...1...2...3...4...5...6...7...8...9...10	Bounce #6 added RGB(129, 70, 21)
0...1...2...3...4...5...6...7...8...9...10	Bounce #7 added RGB(66, 33, 9)
0...1...2...3...4...5...6...7...8...9...10	Bounce #8 added RGB(34, 16, 4)
0...1...2...3...4...5...6...7...8...9...10	Bounce #9 added RGB(18, 8, 2)
0...1...2...3...4...5...6...7...8...9...10	Bounce #10 added RGB(9, 4, 1)
0...1...2...3...4...5...6...7...8...9...10	Bounce #11 added RGB(5, 2, 0)
0...1...2...3...4...5...6...7...8...9...10	Bounce #12 added RGB(3, 1, 0)
0...1...2...3...4...5...6...7...8...9...10	Bounce #13 added RGB(1, 0, 0)
0...1...2...3...4...5...6...7...8...9...10	Bounce #14 added RGB(1, 0, 0)
Build Patch/Sample Hash Table(s).....Done<0.0248 sec>
0...1...2...3...4...5...6...7...8...9...10FinalLightFace Done
0 of 0 (0% of) surface lights went in leaf ambient cubes.
0...1...2...3...4...5...6...7...8...9...10Writing leaf ambient...done
Computing static prop lighting : 00...1...2...3...4...5...6...7...8...9...10
Ready to Finish

Object names       Objects/Maxobjs  Memory / Maxmem  Fullness 
------------       ---------------  ---------------  -------- 
models                 132/1024         6336/49152    (12.9%) 
brushes               2723/8192        32676/98304    (33.2%) 
brushsides           20348/65536      162784/524288   (31.0%) 
planes               12872/65536      257440/1310720  (19.6%) 
vertexes             15386/65536      184632/786432   (23.5%) 
nodes                 5962/65536      190784/2097152  ( 9.1%) 
texinfos              2902/12288      208944/884736   (23.6%) 
texdata                358/2048        11456/65536    (17.5%) 
dispinfos               54/0            9504/0        ( 0.0%) 
disp_verts            2582/0           51640/0        ( 0.0%) 
disp_tris             3840/0            7680/0        ( 0.0%) 
disp_lmsamples      118608/0          118608/0        ( 0.0%) 
faces                 7942/65536      444752/3670016  (12.1%) 
hdr faces             7942/65536      444752/3670016  (12.1%) 
origfaces             4999/65536      279944/3670016  ( 7.6%) 
leaves                6095/65536      195040/2097152  ( 9.3%) 
leaffaces            10045/65536       20090/131072   (15.3%) 
leafbrushes           8058/65536       16116/131072   (12.3%) 
areas                   16/256           128/2048     ( 6.3%) 
surfedges            57569/512000     230276/2048000  (11.2%) 
edges                37468/256000     149872/1024000  (14.6%) 
LDR worldlights          0/8192            0/819200   ( 0.0%) 
HDR worldlights         38/8192         3800/819200   ( 0.5%) 
leafwaterdata            0/32768           0/393216   ( 0.0%) 
waterstrips            765/32768        7650/327680   ( 2.3%) 
waterverts               0/65536           0/786432   ( 0.0%) 
waterindices         14409/65536       28818/131072   (22.0%) 
cubemapsamples          50/1024          800/16384    ( 4.9%) 
overlays               210/512         73920/180224   (41.0%) 
LDR lightdata         [variable]           0/0        ( 0.0%) 
HDR lightdata         [variable]     4038576/0        ( 0.0%) 
visdata               [variable]        1601/16777216 ( 0.0%) 
entdata               [variable]      367471/393216   (93.5%) VERY FULL!
LDR ambient table     6095/65536       24380/262144   ( 9.3%) 
HDR ambient table     6095/65536       24380/262144   ( 9.3%) 
LDR leaf ambient      6095/65536      170660/1835008  ( 9.3%) 
HDR leaf ambient     25140/65536      703920/1835008  (38.4%) 
occluders               14/0             560/0        ( 0.0%) 
occluder polygons       21/0             252/0        ( 0.0%) 
occluder vert ind       99/0             396/0        ( 0.0%) 
Prop Hull Verts          0/0               0/0        ( 0.0%) 
Prop Hull Blob           0/0               0/0        ( 0.0%) 
Prop Hull Lists          0/0               0/0        ( 0.0%) 
Prop Hulls               0/0               0/0        ( 0.0%) 
Prop Hull trilist        0/0               0/0        ( 0.0%) 
detail props          [variable]           1/12       ( 8.3%) 
static props          [variable]           1/76708    ( 0.0%) 
pakfile               [variable]     6646181/0        ( 0.0%) 
physics               [variable]     1011048/4194304  (24.1%) 
physics terrain       [variable]        9892/1048576  ( 0.9%) 

Level flags = 2

Total triangle count: 21708
Writing z:\mnt\f\stuff\git\l4d2-things\reverse_rda\map\r_c11m1_greenhouse.bsp
1 minute, 36 seconds elapsed



Using shader api: shaderapiempty.dll
materialPath: Z:\mnt\d\SteamLibrary\steamapps\common\Left 4 Dead 2\left4dead2\materials
Loading Z:\mnt\f\stuff\git\l4d2-things\reverse_rda\map\r_c11m1_greenhouse.vmf
fixing up env_cubemap materials on brush sides...
0...1...2...3...4...5...6...7...8...9...100...1...2...3...4...5...6...7...8...9...10Processing areas...Wrote Z:\mnt\f\stuff\git\l4d2-things\reverse_rda\map\r_c11m1_greenhouse.lin
Areaportal leak ! File: Z:\mnt\f\stuff\git\l4d2-things\reverse_rda\map\r_c11m1_greenhouse.lin 
Brush 9231: areaportal brush doesn't touch two areas

Brush 11822: areaportal brush doesn't touch two areas

Brush 9217: areaportal brush doesn't touch two areas

Brush 9224: areaportal brush doesn't touch two areas

Brush 11822: areaportal brush doesn't touch two areas
done (0)
Building Faces...done (0)
Occluder "" straddles multiple areas. This is invalid!
Chop Details...done (0)
Find Visible Detail Sides...
Merged 634 detail faces...done (0)
Merging details...done (0)
FixTjuncs...
PruneNodes...
WriteBSP...
done (0)
writing Z:\mnt\f\stuff\git\l4d2-things\reverse_rda\map\r_c11m1_greenhouse.prt...Building visibility clusters...
done (0)
Finding displacement neighbors...
Found a displacement edge abutting multiple other edges.
Finding lightmap sample positions...
Displacement Alpha : 0...1...2...3...4...5...6...7...8...9...10
Building Physics collision data...
done (1) (1017943 bytes)
Cannot build Physics2 data
                                                             -----------
DataLinker total stream size                                     0.0 KiB
Placing detail props : 0...1...2...3...4...5...6...7...8...9...10
Compacting texture/material tables...
Reduced 4861 texinfos to 2913
Reduced 442 texdatas to 360 (19738 bytes to 16431)
Writing Z:\mnt\f\stuff\git\l4d2-things\reverse_rda\map\r_c11m1_greenhouse.bsp
10 seconds elapsed

==================================================================
Date: 2026-06-18 16:12:30
Z:\mnt\d\SteamLibrary\steamapps\common\Left 4 Dead 2\bin\vvisplusplus.exe -game Z:\mnt\d\SteamLibrary\steamapps\common\Left 4 Dead 2\left4dead2 Z:\mnt\f\stuff\git\l4d2-things\reverse_rda\map\r_c11m1_greenhouse.vmf
==================================================================
6 threads
reading z:\mnt\f\stuff\git\l4d2-things\reverse_rda\map\r_c11m1_greenhouse.bsp
Detected L4D2 lump format
Max farz in all env_fog_controller entities: 9000 (used for radial vis)
reading z:\mnt\f\stuff\git\l4d2-things\reverse_rda\map\r_c11m1_greenhouse.prt
  64 portalclusters
 257 numportals
0...1...2...3...4...5...6...7...8...9...100...1...2...3...4...5...6...7...8...9...10Optimized: 10 visible clusters (0.55%)
Total clusters visible: 1809
Average clusters visible: 28
Building PAS...
Average clusters audible: 62
visdatasize:1601  compressed from 1024
writing z:\mnt\f\stuff\git\l4d2-things\reverse_rda\map\r_c11m1_greenhouse.bsp
Wrote ZIP buffer, estimated size 4573021, actual size 4522289
0 seconds elapsed



[Reading texlights from 'lights.rad']
[2 texlights parsed from 'lights.rad']

Loading z:\mnt\f\stuff\git\l4d2-things\reverse_rda\map\r_c11m1_greenhouse.bsp
8054 faces
1 degenerate faces
10450761 square feet [1504909568.00 square inches]
54 Displacements
23971 Square Feet [3451894.25 Square Inches]
8053 patches before subdivision
107643 patches after subdivision
38 direct lights
0...1...2...3...4...5...6...7...8...9...100...1...2...3...4...5...6...7...8...9...10transfers 8054972, max 1076
transfer lists:  61.5 megs
0...1...2...3...4...5...6...7...8...9...10	Bounce #1 added RGB(11724, 11423, 9077)
0...1...2...3...4...5...6...7...8...9...10	Bounce #2 added RGB(2987, 2473, 1536)
0...1...2...3...4...5...6...7...8...9...10	Bounce #3 added RGB(1180, 851, 410)
0...1...2...3...4...5...6...7...8...9...10	Bounce #4 added RGB(525, 342, 138)
0...1...2...3...4...5...6...7...8...9...10	Bounce #5 added RGB(259, 154, 53)
0...1...2...3...4...5...6...7...8...9...10	Bounce #6 added RGB(128, 70, 21)
0...1...2...3...4...5...6...7...8...9...10	Bounce #7 added RGB(66, 33, 9)
0...1...2...3...4...5...6...7...8...9...10	Bounce #8 added RGB(34, 16, 4)
0...1...2...3...4...5...6...7...8...9...10	Bounce #9 added RGB(18, 8, 2)
0...1...2...3...4...5...6...7...8...9...10	Bounce #10 added RGB(9, 4, 1)
0...1...2...3...4...5...6...7...8...9...10	Bounce #11 added RGB(5, 2, 0)
0...1...2...3...4...5...6...7...8...9...10	Bounce #12 added RGB(3, 1, 0)
0...1...2...3...4...5...6...7...8...9...10	Bounce #13 added RGB(1, 0, 0)
0...1...2...3...4...5...6...7...8...9...10	Bounce #14 added RGB(1, 0, 0)
Build Patch/Sample Hash Table(s).....Done<0.0266 sec>
0...1...2...3...4...5...6...7...8...9...10FinalLightFace Done
0 of 0 (0% of) surface lights went in leaf ambient cubes.
0...1...2...3...4...5...6...7...8...9...10Writing leaf ambient...done
Computing static prop lighting : 00...1...2...3...4...5...6...7...8...9...10
Ready to Finish

Object names       Objects/Maxobjs  Memory / Maxmem  Fullness 
------------       ---------------  ---------------  -------- 
models                 133/1024         6384/49152    (13.0%) 
brushes               2737/8192        32844/98304    (33.4%) 
brushsides           20430/65536      163440/524288   (31.2%) 
planes               12876/65536      257520/1310720  (19.6%) 
vertexes             15529/65536      186348/786432   (23.7%) 
nodes                 5995/65536      191840/2097152  ( 9.1%) 
texinfos              2913/12288      209736/884736   (23.7%) 
texdata                360/2048        11520/65536    (17.6%) 
dispinfos               54/0            9504/0        ( 0.0%) 
disp_verts            2582/0           51640/0        ( 0.0%) 
disp_tris             3840/0            7680/0        ( 0.0%) 
disp_lmsamples      118608/0          118608/0        ( 0.0%) 
faces                 8054/65536      451024/3670016  (12.3%) 
hdr faces             8054/65536      451024/3670016  (12.3%) 
origfaces             5091/65536      285096/3670016  ( 7.8%) 
leaves                6129/65536      196128/2097152  ( 9.4%) 
leaffaces            10117/65536       20234/131072   (15.4%) 
leafbrushes           8073/65536       16146/131072   (12.3%) 
areas                   15/256           120/2048     ( 5.9%) 
surfedges            58520/512000     234080/2048000  (11.4%) 
edges                37999/256000     151996/1024000  (14.8%) 
LDR worldlights          0/8192            0/819200   ( 0.0%) 
HDR worldlights         38/8192         3800/819200   ( 0.5%) 
leafwaterdata            0/32768           0/393216   ( 0.0%) 
waterstrips            779/32768        7790/327680   ( 2.4%) 
waterverts               0/65536           0/786432   ( 0.0%) 
waterindices         14691/65536       29382/131072   (22.4%) 
cubemapsamples          50/1024          800/16384    ( 4.9%) 
overlays               210/512         73920/180224   (41.0%) 
LDR lightdata         [variable]           0/0        ( 0.0%) 
HDR lightdata         [variable]     4043424/0        ( 0.0%) 
visdata               [variable]        1601/16777216 ( 0.0%) 
entdata               [variable]      367523/393216   (93.5%) VERY FULL!
LDR ambient table     6129/65536       24516/262144   ( 9.4%) 
HDR ambient table     6129/65536       24516/262144   ( 9.4%) 
LDR leaf ambient      6129/65536      171612/1835008  ( 9.4%) 
HDR leaf ambient     25183/65536      705124/1835008  (38.4%) 
occluders               14/0             560/0        ( 0.0%) 
occluder polygons       21/0             252/0        ( 0.0%) 
occluder vert ind       99/0             396/0        ( 0.0%) 
Prop Hull Verts          0/0               0/0        ( 0.0%) 
Prop Hull Blob           0/0               0/0        ( 0.0%) 
Prop Hull Lists          0/0               0/0        ( 0.0%) 
Prop Hulls               0/0               0/0        ( 0.0%) 
Prop Hull trilist        0/0               0/0        ( 0.0%) 
detail props          [variable]           1/12       ( 8.3%) 
static props          [variable]           1/76668    ( 0.0%) 
pakfile               [variable]     6646181/0        ( 0.0%) 
physics               [variable]     1017943/4194304  (24.3%) 
physics terrain       [variable]        9892/1048576  ( 0.9%) 

Level flags = 2

Total triangle count: 22074
Writing z:\mnt\f\stuff\git\l4d2-things\reverse_rda\map\r_c11m1_greenhouse.bsp
5 minutes, 44 seconds elapsed



Using shader api: shaderapiempty.dll
materialPath: Z:\mnt\d\SteamLibrary\steamapps\common\Left 4 Dead 2\left4dead2\materials
Loading Z:\mnt\f\stuff\git\l4d2-things\reverse_rda\map\r_c11m1_greenhouse.vmf
fixing up env_cubemap materials on brush sides...
0...1...2...3...4...5...6...7...8...9...100...1...2...3...4...5...6...7...8...9...10Processing areas...done (0)
Building Faces...done (0)
Occluder "" straddles multiple areas. This is invalid!
Occluder "" straddles multiple areas. This is invalid!
Occluder "" straddles multiple areas. This is invalid!
Occluder "" straddles multiple areas. This is invalid!
Occluder "" straddles multiple areas. This is invalid!
Occluder "" straddles multiple areas. This is invalid!
Occluder "" straddles multiple areas. This is invalid!
Occluder "" straddles multiple areas. This is invalid!
Occluder "" straddles multiple areas. This is invalid!
Chop Details...done (0)
Find Visible Detail Sides...
Merged 634 detail faces...done (0)
Merging details...done (0)
FixTjuncs...
PruneNodes...
WriteBSP...
done (0)
writing Z:\mnt\f\stuff\git\l4d2-things\reverse_rda\map\r_c11m1_greenhouse.prt...Building visibility clusters...
done (0)
Finding displacement neighbors...
Found a displacement edge abutting multiple other edges.
Finding lightmap sample positions...
Displacement Alpha : 0...1...2...3...4...5...6...7...8...9...10
Building Physics collision data...
done (1) (1017943 bytes)
Cannot build Physics2 data
                                                             -----------
DataLinker total stream size                                     0.0 KiB
Placing detail props : 0...1...2...3...4...5...6...7...8...9...10
Compacting texture/material tables...
Reduced 4862 texinfos to 2913
Reduced 442 texdatas to 360 (19738 bytes to 16431)
Writing Z:\mnt\f\stuff\git\l4d2-things\reverse_rda\map\r_c11m1_greenhouse.bsp
10 seconds elapsed

==================================================================
Date: 2026-06-19 01:36:26
Z:\mnt\d\SteamLibrary\steamapps\common\Left 4 Dead 2\bin\vvisplusplus.exe -game Z:\mnt\d\SteamLibrary\steamapps\common\Left 4 Dead 2\left4dead2 Z:\mnt\f\stuff\git\l4d2-things\reverse_rda\map\r_c11m1_greenhouse.vmf
==================================================================
6 threads
reading z:\mnt\f\stuff\git\l4d2-things\reverse_rda\map\r_c11m1_greenhouse.bsp
Detected L4D2 lump format
Max farz in all env_fog_controller entities: 9000 (used for radial vis)
reading z:\mnt\f\stuff\git\l4d2-things\reverse_rda\map\r_c11m1_greenhouse.prt
  64 portalclusters
 258 numportals
0...1...2...3...4...5...6...7...8...9...100...1...2...3...4...5...6...7...8...9...10Optimized: 10 visible clusters (0.55%)
Total clusters visible: 1809
Average clusters visible: 28
Building PAS...
Average clusters audible: 62
visdatasize:1601  compressed from 1024
writing z:\mnt\f\stuff\git\l4d2-things\reverse_rda\map\r_c11m1_greenhouse.bsp
Wrote ZIP buffer, estimated size 4573021, actual size 4522289
0 seconds elapsed



[Reading texlights from 'lights.rad']
[2 texlights parsed from 'lights.rad']

Loading z:\mnt\f\stuff\git\l4d2-things\reverse_rda\map\r_c11m1_greenhouse.bsp
8059 faces
1 degenerate faces
10450759 square feet [1504909312.00 square inches]
54 Displacements
23971 Square Feet [3451894.25 Square Inches]
8058 patches before subdivision
107616 patches after subdivision
38 direct lights
0...1...2...3...4...5...6...7...8...9...100...1...2...3...4...5...6...7...8...9...10transfers 8077809, max 1076
transfer lists:  61.6 megs
0...1...2...3...4...5...6...7...8...9...10	Bounce #1 added RGB(11721, 11419, 9072)
0...1...2...3...4...5...6...7...8...9...10	Bounce #2 added RGB(2986, 2473, 1535)
0...1...2...3...4...5...6...7...8...9...10	Bounce #3 added RGB(1180, 851, 410)
0...1...2...3...4...5...6...7...8...9...10	Bounce #4 added RGB(525, 342, 138)
0...1...2...3...4...5...6...7...8...9...10	Bounce #5 added RGB(259, 154, 53)
0...1...2...3...4...5...6...7...8...9...10	Bounce #6 added RGB(128, 70, 21)
0...1...2...3...4...5...6...7...8...9...10	Bounce #7 added RGB(66, 33, 9)
0...1...2...3...4...5...6...7...8...9...10	Bounce #8 added RGB(34, 16, 4)
0...1...2...3...4...5...6...7...8...9...10	Bounce #9 added RGB(18, 8, 2)
0...1...2...3...4...5...6...7...8...9...10	Bounce #10 added RGB(9, 4, 1)
0...1...2...3...4...5...6...7...8...9...10	Bounce #11 added RGB(5, 2, 0)
0...1...2...3...4...5...6...7...8...9...10	Bounce #12 added RGB(3, 1, 0)
0...1...2...3...4...5...6...7...8...9...10	Bounce #13 added RGB(1, 0, 0)
0...1...2...3...4...5...6...7...8...9...10	Bounce #14 added RGB(1, 0, 0)
Build Patch/Sample Hash Table(s).....Done<0.0312 sec>
0...1...2...3...4...5...6...7...8...9...10FinalLightFace Done
0 of 0 (0% of) surface lights went in leaf ambient cubes.
0...1...2...3...4...5...6...7...8...9...10Writing leaf ambient...done
Computing static prop lighting : 00...1...2...3...4...5...6...7...8...9...10
Ready to Finish

Object names       Objects/Maxobjs  Memory / Maxmem  Fullness 
------------       ---------------  ---------------  -------- 
models                 133/1024         6384/49152    (13.0%) 
brushes               2739/8192        32868/98304    (33.4%) 
brushsides           20442/65536      163536/524288   (31.2%) 
planes               12880/65536      257600/1310720  (19.7%) 
vertexes             15544/65536      186528/786432   (23.7%) 
nodes                 5997/65536      191904/2097152  ( 9.2%) 
texinfos              2913/12288      209736/884736   (23.7%) 
texdata                360/2048        11520/65536    (17.6%) 
dispinfos               54/0            9504/0        ( 0.0%) 
disp_verts            2582/0           51640/0        ( 0.0%) 
disp_tris             3840/0            7680/0        ( 0.0%) 
disp_lmsamples      118608/0          118608/0        ( 0.0%) 
faces                 8059/65536      451304/3670016  (12.3%) 
hdr faces             8059/65536      451304/3670016  (12.3%) 
origfaces             5095/65536      285320/3670016  ( 7.8%) 
leaves                6131/65536      196192/2097152  ( 9.4%) 
leaffaces            10142/65536       20284/131072   (15.5%) 
leafbrushes           8084/65536       16168/131072   (12.3%) 
areas                   16/256           128/2048     ( 6.3%) 
surfedges            58570/512000     234280/2048000  (11.4%) 
edges                38057/256000     152228/1024000  (14.9%) 
LDR worldlights          0/8192            0/819200   ( 0.0%) 
HDR worldlights         38/8192         3800/819200   ( 0.5%) 
leafwaterdata            0/32768           0/393216   ( 0.0%) 
waterstrips            782/32768        7820/327680   ( 2.4%) 
waterverts               0/65536           0/786432   ( 0.0%) 
waterindices         14727/65536       29454/131072   (22.5%) 
cubemapsamples          50/1024          800/16384    ( 4.9%) 
overlays               210/512         73920/180224   (41.0%) 
LDR lightdata         [variable]           0/0        ( 0.0%) 
HDR lightdata         [variable]     4043968/0        ( 0.0%) 
visdata               [variable]        1601/16777216 ( 0.0%) 
entdata               [variable]      367634/393216   (93.5%) VERY FULL!
LDR ambient table     6131/65536       24524/262144   ( 9.4%) 
HDR ambient table     6131/65536       24524/262144   ( 9.4%) 
LDR leaf ambient      6131/65536      171668/1835008  ( 9.4%) 
HDR leaf ambient     25224/65536      706272/1835008  (38.5%) 
occluders               14/0             560/0        ( 0.0%) 
occluder polygons       21/0             252/0        ( 0.0%) 
occluder vert ind       99/0             396/0        ( 0.0%) 
Prop Hull Verts          0/0               0/0        ( 0.0%) 
Prop Hull Blob           0/0               0/0        ( 0.0%) 
Prop Hull Lists          0/0               0/0        ( 0.0%) 
Prop Hulls               0/0               0/0        ( 0.0%) 
Prop Hull trilist        0/0               0/0        ( 0.0%) 
detail props          [variable]           1/12       ( 8.3%) 
static props          [variable]           1/76670    ( 0.0%) 
pakfile               [variable]     6646181/0        ( 0.0%) 
physics               [variable]     1017943/4194304  (24.3%) 
physics terrain       [variable]        9892/1048576  ( 0.9%) 

Level flags = 2

Total triangle count: 22098
Writing z:\mnt\f\stuff\git\l4d2-things\reverse_rda\map\r_c11m1_greenhouse.bsp
6 minutes, 48 seconds elapsed



Using shader api: shaderapiempty.dll
materialPath: Z:\mnt\d\SteamLibrary\steamapps\common\Left 4 Dead 2\left4dead2\materials
Loading Z:\mnt\f\stuff\git\l4d2-things\reverse_rda\map\r_c11m1_greenhouse.vmf
fixing up env_cubemap materials on brush sides...
0...1...2...3...4...5...6...7...8...9...100...1...2...3...4...5...6...7...8...9...10Processing areas...done (1)
Building Faces...done (0)
Occluder "" straddles multiple areas. This is invalid!
Occluder "" straddles multiple areas. This is invalid!
Occluder "" straddles multiple areas. This is invalid!
Occluder "" straddles multiple areas. This is invalid!
Occluder "" straddles multiple areas. This is invalid!
Occluder "" straddles multiple areas. This is invalid!
Occluder "" straddles multiple areas. This is invalid!
Occluder "" straddles multiple areas. This is invalid!
Occluder "" straddles multiple areas. This is invalid!
Chop Details...done (0)
Find Visible Detail Sides...
Merged 634 detail faces...done (0)
Merging details...done (0)
FixTjuncs...
PruneNodes...
WriteBSP...
done (0)
writing Z:\mnt\f\stuff\git\l4d2-things\reverse_rda\map\r_c11m1_greenhouse.prt...Building visibility clusters...
done (0)
Finding displacement neighbors...
Found a displacement edge abutting multiple other edges.
Finding lightmap sample positions...
Displacement Alpha : 0...1...2...3...4...5...6...7...8...9...10
Building Physics collision data...
done (1) (1017159 bytes)
Cannot build Physics2 data
                                                             -----------
DataLinker total stream size                                     0.0 KiB
Placing detail props : 0...1...2...3...4...5...6...7...8...9...10
Compacting texture/material tables...
Reduced 4862 texinfos to 2913
Reduced 442 texdatas to 360 (19738 bytes to 16431)
Writing Z:\mnt\f\stuff\git\l4d2-things\reverse_rda\map\r_c11m1_greenhouse.bsp
9 seconds elapsed

==================================================================
Date: 2026-06-20 08:37:57
Z:\mnt\d\SteamLibrary\steamapps\common\Left 4 Dead 2\bin\vvisplusplus.exe -game Z:\mnt\d\SteamLibrary\steamapps\common\Left 4 Dead 2\left4dead2 Z:\mnt\f\stuff\git\l4d2-things\reverse_rda\map\r_c11m1_greenhouse.vmf
==================================================================
6 threads
reading z:\mnt\f\stuff\git\l4d2-things\reverse_rda\map\r_c11m1_greenhouse.bsp
Detected L4D2 lump format
Max farz in all env_fog_controller entities: 9000 (used for radial vis)
reading z:\mnt\f\stuff\git\l4d2-things\reverse_rda\map\r_c11m1_greenhouse.prt
  64 portalclusters
 257 numportals
0...1...2...3...4...5...6...7...8...9...100...1...2...3...4...5...6...7...8...9...10Optimized: 10 visible clusters (0.55%)
Total clusters visible: 1809
Average clusters visible: 28
Building PAS...
Average clusters audible: 62
visdatasize:1601  compressed from 1024
writing z:\mnt\f\stuff\git\l4d2-things\reverse_rda\map\r_c11m1_greenhouse.bsp
Wrote ZIP buffer, estimated size 4573021, actual size 4522289
0 seconds elapsed



[Reading texlights from 'lights.rad']
[2 texlights parsed from 'lights.rad']

Loading z:\mnt\f\stuff\git\l4d2-things\reverse_rda\map\r_c11m1_greenhouse.bsp
8061 faces
1 degenerate faces
10450763 square feet [1504909824.00 square inches]
54 Displacements
23971 Square Feet [3451894.25 Square Inches]
8060 patches before subdivision
107658 patches after subdivision
38 direct lights
0...1...2...3...4...5...6...7...8...9...100...1...2...3...4...5...6...7...8...9...10transfers 8102501, max 1076
transfer lists:  61.8 megs
0...1...2...3...4...5...6...7...8...9...10	Bounce #1 added RGB(11761, 11452, 9094)
0...1...2...3...4...5...6...7...8...9...10	Bounce #2 added RGB(2991, 2475, 1537)
0...1...2...3...4...5...6...7...8...9...10	Bounce #3 added RGB(1180, 851, 410)
0...1...2...3...4...5...6...7...8...9...10	Bounce #4 added RGB(525, 342, 138)
0...1...2...3...4...5...6...7...8...9...10	Bounce #5 added RGB(259, 154, 53)
0...1...2...3...4...5...6...7...8...9...10	Bounce #6 added RGB(128, 70, 21)
0...1...2...3...4...5...6...7...8...9...10	Bounce #7 added RGB(66, 33, 9)
0...1...2...3...4...5...6...7...8...9...10	Bounce #8 added RGB(34, 16, 4)
0...1...2...3...4...5...6...7...8...9...10	Bounce #9 added RGB(18, 8, 2)
0...1...2...3...4...5...6...7...8...9...10	Bounce #10 added RGB(9, 4, 1)
0...1...2...3...4...5...6...7...8...9...10	Bounce #11 added RGB(5, 2, 0)
0...1...2...3...4...5...6...7...8...9...10	Bounce #12 added RGB(3, 1, 0)
0...1...2...3...4...5...6...7...8...9...10	Bounce #13 added RGB(1, 0, 0)
0...1...2...3...4...5...6...7...8...9...10	Bounce #14 added RGB(1, 0, 0)
Build Patch/Sample Hash Table(s).....Done<0.0290 sec>
0...1...2...3...4...5...6...7...8...9...10FinalLightFace Done
0 of 0 (0% of) surface lights went in leaf ambient cubes.
0...1...2...3...4...5...6...7...8...9...10Writing leaf ambient...done
Computing static prop lighting : 00...1...2...3...4...5...6...7...8...9...10
Ready to Finish

Object names       Objects/Maxobjs  Memory / Maxmem  Fullness 
------------       ---------------  ---------------  -------- 
models                 133/1024         6384/49152    (13.0%) 
brushes               2737/8192        32844/98304    (33.4%) 
brushsides           20430/65536      163440/524288   (31.2%) 
planes               12880/65536      257600/1310720  (19.7%) 
vertexes             15552/65536      186624/786432   (23.7%) 
nodes                 5988/65536      191616/2097152  ( 9.1%) 
texinfos              2913/12288      209736/884736   (23.7%) 
texdata                360/2048        11520/65536    (17.6%) 
dispinfos               54/0            9504/0        ( 0.0%) 
disp_verts            2582/0           51640/0        ( 0.0%) 
disp_tris             3840/0            7680/0        ( 0.0%) 
disp_lmsamples      118608/0          118608/0        ( 0.0%) 
faces                 8061/65536      451416/3670016  (12.3%) 
hdr faces             8061/65536      451416/3670016  (12.3%) 
origfaces             5096/65536      285376/3670016  ( 7.8%) 
leaves                6122/65536      195904/2097152  ( 9.3%) 
leaffaces            10140/65536       20280/131072   (15.5%) 
leafbrushes           8014/65536       16028/131072   (12.2%) 
areas                   16/256           128/2048     ( 6.3%) 
surfedges            58587/512000     234348/2048000  (11.4%) 
edges                38065/256000     152260/1024000  (14.9%) 
LDR worldlights          0/8192            0/819200   ( 0.0%) 
HDR worldlights         38/8192         3800/819200   ( 0.5%) 
leafwaterdata            0/32768           0/393216   ( 0.0%) 
waterstrips            782/32768        7820/327680   ( 2.4%) 
waterverts               0/65536           0/786432   ( 0.0%) 
waterindices         14745/65536       29490/131072   (22.5%) 
cubemapsamples          50/1024          800/16384    ( 4.9%) 
overlays               210/512         73920/180224   (41.0%) 
LDR lightdata         [variable]           0/0        ( 0.0%) 
HDR lightdata         [variable]     4044328/0        ( 0.0%) 
visdata               [variable]        1601/16777216 ( 0.0%) 
entdata               [variable]      367634/393216   (93.5%) VERY FULL!
LDR ambient table     6122/65536       24488/262144   ( 9.3%) 
HDR ambient table     6122/65536       24488/262144   ( 9.3%) 
LDR leaf ambient      6122/65536      171416/1835008  ( 9.3%) 
HDR leaf ambient     25156/65536      704368/1835008  (38.4%) 
occluders               14/0             560/0        ( 0.0%) 
occluder polygons       21/0             252/0        ( 0.0%) 
occluder vert ind       99/0             396/0        ( 0.0%) 
Prop Hull Verts          0/0               0/0        ( 0.0%) 
Prop Hull Blob           0/0               0/0        ( 0.0%) 
Prop Hull Lists          0/0               0/0        ( 0.0%) 
Prop Hulls               0/0               0/0        ( 0.0%) 
Prop Hull trilist        0/0               0/0        ( 0.0%) 
detail props          [variable]           1/12       ( 8.3%) 
static props          [variable]           1/76402    ( 0.0%) 
pakfile               [variable]     6595901/0        ( 0.0%) 
physics               [variable]     1017159/4194304  (24.3%) 
physics terrain       [variable]        9892/1048576  ( 0.9%) 

Level flags = 2

Total triangle count: 22107
Writing z:\mnt\f\stuff\git\l4d2-things\reverse_rda\map\r_c11m1_greenhouse.bsp
6 minutes, 43 seconds elapsed



Using shader api: shaderapiempty.dll
materialPath: Z:\mnt\d\SteamLibrary\steamapps\common\Left 4 Dead 2\left4dead2\materials
Loading Z:\mnt\f\stuff\git\l4d2-things\reverse_rda\map\r_c11m1_greenhouse.vmf
fixing up env_cubemap materials on brush sides...
0...1...2...3...4...5...6...7...8...9...100...1...2...3...4...5...6...7...8...9...10Processing areas...done (0)
Building Faces...done (0)
Occluder "" straddles multiple areas. This is invalid!
Occluder "" straddles multiple areas. This is invalid!
Occluder "" straddles multiple areas. This is invalid!
Occluder "" straddles multiple areas. This is invalid!
Occluder "" straddles multiple areas. This is invalid!
Occluder "" straddles multiple areas. This is invalid!
Occluder "" straddles multiple areas. This is invalid!
Occluder "" straddles multiple areas. This is invalid!
Occluder "" straddles multiple areas. This is invalid!
Chop Details...done (0)
Find Visible Detail Sides...
Merged 634 detail faces...done (0)
Merging details...done (0)
FixTjuncs...
PruneNodes...
WriteBSP...
done (0)
writing Z:\mnt\f\stuff\git\l4d2-things\reverse_rda\map\r_c11m1_greenhouse.prt...Building visibility clusters...
done (0)
Finding displacement neighbors...
Found a displacement edge abutting multiple other edges.
Finding lightmap sample positions...
Displacement Alpha : 0...1...2...3...4...5...6...7...8...9...10
Building Physics collision data...
done (1) (1013839 bytes)
Cannot build Physics2 data
                                                             -----------
DataLinker total stream size                                     0.0 KiB
Placing detail props : 0...1...2...3...4...5...6...7...8...9...10
Compacting texture/material tables...
Reduced 4865 texinfos to 2913
Reduced 443 texdatas to 360 (19757 bytes to 16431)
Writing Z:\mnt\f\stuff\git\l4d2-things\reverse_rda\map\r_c11m1_greenhouse.bsp
10 seconds elapsed

==================================================================
Date: 2026-06-25 11:02:42
Z:\mnt\d\SteamLibrary\steamapps\common\Left 4 Dead 2\bin\vvisplusplus.exe -game Z:\mnt\d\SteamLibrary\steamapps\common\Left 4 Dead 2\left4dead2 Z:\mnt\f\stuff\git\l4d2-things\reverse_rda\map\r_c11m1_greenhouse.vmf
==================================================================
6 threads
reading z:\mnt\f\stuff\git\l4d2-things\reverse_rda\map\r_c11m1_greenhouse.bsp
Detected L4D2 lump format
Max farz in all env_fog_controller entities: 9000 (used for radial vis)
reading z:\mnt\f\stuff\git\l4d2-things\reverse_rda\map\r_c11m1_greenhouse.prt
  64 portalclusters
 258 numportals
0...1...2...3...4...5...6...7...8...9...100...1...2...3...4...5...6...7...8...9...10Optimized: 10 visible clusters (0.55%)
Total clusters visible: 1809
Average clusters visible: 28
Building PAS...
Average clusters audible: 62
visdatasize:1601  compressed from 1024
writing z:\mnt\f\stuff\git\l4d2-things\reverse_rda\map\r_c11m1_greenhouse.bsp
Wrote ZIP buffer, estimated size 4573021, actual size 4522289
0 seconds elapsed



[Reading texlights from 'lights.rad']
[2 texlights parsed from 'lights.rad']

Loading z:\mnt\f\stuff\git\l4d2-things\reverse_rda\map\r_c11m1_greenhouse.bsp
8054 faces
1 degenerate faces
10450761 square feet [1504909568.00 square inches]
54 Displacements
23971 Square Feet [3451894.25 Square Inches]
8053 patches before subdivision
107621 patches after subdivision
38 direct lights
0...1...2...3...4...5...6...7...8...9...100...1...2...3...4...5...6...7...8...9...10transfers 8053675, max 1076
transfer lists:  61.4 megs
0...1...2...3...4...5...6...7...8...9...10	Bounce #1 added RGB(11721, 11419, 9072)
0...1...2...3...4...5...6...7...8...9...10	Bounce #2 added RGB(2986, 2473, 1535)
0...1...2...3...4...5...6...7...8...9...10	Bounce #3 added RGB(1180, 851, 410)
0...1...2...3...4...5...6...7...8...9...10	Bounce #4 added RGB(525, 342, 138)
0...1...2...3...4...5...6...7...8...9...10	Bounce #5 added RGB(259, 154, 53)
0...1...2...3...4...5...6...7...8...9...10	Bounce #6 added RGB(128, 70, 21)
0...1...2...3...4...5...6...7...8...9...10	Bounce #7 added RGB(66, 33, 9)
0...1...2...3...4...5...6...7...8...9...10	Bounce #8 added RGB(34, 16, 4)
0...1...2...3...4...5...6...7...8...9...10	Bounce #9 added RGB(18, 8, 2)
0...1...2...3...4...5...6...7...8...9...10	Bounce #10 added RGB(9, 4, 1)
0...1...2...3...4...5...6...7...8...9...10	Bounce #11 added RGB(5, 2, 0)
0...1...2...3...4...5...6...7...8...9...10	Bounce #12 added RGB(3, 1, 0)
0...1...2...3...4...5...6...7...8...9...10	Bounce #13 added RGB(1, 0, 0)
0...1...2...3...4...5...6...7...8...9...10	Bounce #14 added RGB(1, 0, 0)
Build Patch/Sample Hash Table(s).....Done<0.0310 sec>
0...1...2...3...4...5...6...7...8...9...10FinalLightFace Done
0 of 0 (0% of) surface lights went in leaf ambient cubes.
0...1...2...3...4...5...6...7...8...9...10Writing leaf ambient...done
Computing static prop lighting : 00...1...2...3...4...5...6...7...8...9...10
Ready to Finish

Object names       Objects/Maxobjs  Memory / Maxmem  Fullness 
------------       ---------------  ---------------  -------- 
models                 133/1024         6384/49152    (13.0%) 
brushes               2739/8192        32868/98304    (33.4%) 
brushsides           20444/65536      163552/524288   (31.2%) 
planes               12886/65536      257720/1310720  (19.7%) 
vertexes             15534/65536      186408/786432   (23.7%) 
nodes                 6004/65536      192128/2097152  ( 9.2%) 
texinfos              2913/12288      209736/884736   (23.7%) 
texdata                360/2048        11520/65536    (17.6%) 
dispinfos               54/0            9504/0        ( 0.0%) 
disp_verts            2582/0           51640/0        ( 0.0%) 
disp_tris             3840/0            7680/0        ( 0.0%) 
disp_lmsamples      118608/0          118608/0        ( 0.0%) 
faces                 8054/65536      451024/3670016  (12.3%) 
hdr faces             8054/65536      451024/3670016  (12.3%) 
origfaces             5093/65536      285208/3670016  ( 7.8%) 
leaves                6138/65536      196416/2097152  ( 9.4%) 
leaffaces            10139/65536       20278/131072   (15.5%) 
leafbrushes           8098/65536       16196/131072   (12.4%) 
areas                   16/256           128/2048     ( 6.3%) 
surfedges            58536/512000     234144/2048000  (11.4%) 
edges                38036/256000     152144/1024000  (14.9%) 
LDR worldlights          0/8192            0/819200   ( 0.0%) 
HDR worldlights         38/8192         3800/819200   ( 0.5%) 
leafwaterdata            0/32768           0/393216   ( 0.0%) 
waterstrips            780/32768        7800/327680   ( 2.4%) 
waterverts               0/65536           0/786432   ( 0.0%) 
waterindices         14697/65536       29394/131072   (22.4%) 
cubemapsamples          50/1024          800/16384    ( 4.9%) 
overlays               210/512         73920/180224   (41.0%) 
LDR lightdata         [variable]           0/0        ( 0.0%) 
HDR lightdata         [variable]     4043348/0        ( 0.0%) 
visdata               [variable]        1601/16777216 ( 0.0%) 
entdata               [variable]      367634/393216   (93.5%) VERY FULL!
LDR ambient table     6138/65536       24552/262144   ( 9.4%) 
HDR ambient table     6138/65536       24552/262144   ( 9.4%) 
LDR leaf ambient      6138/65536      171864/1835008  ( 9.4%) 
HDR leaf ambient     25329/65536      709212/1835008  (38.6%) 
occluders               14/0             560/0        ( 0.0%) 
occluder polygons       21/0             252/0        ( 0.0%) 
occluder vert ind       99/0             396/0        ( 0.0%) 
Prop Hull Verts          0/0               0/0        ( 0.0%) 
Prop Hull Blob           0/0               0/0        ( 0.0%) 
Prop Hull Lists          0/0               0/0        ( 0.0%) 
Prop Hulls               0/0               0/0        ( 0.0%) 
Prop Hull trilist        0/0               0/0        ( 0.0%) 
detail props          [variable]           1/12       ( 8.3%) 
static props          [variable]           1/76676    ( 0.0%) 
pakfile               [variable]     6646181/0        ( 0.0%) 
physics               [variable]     1013839/4194304  (24.2%) 
physics terrain       [variable]        9892/1048576  ( 0.9%) 

Level flags = 2

Total triangle count: 22082
Writing z:\mnt\f\stuff\git\l4d2-things\reverse_rda\map\r_c11m1_greenhouse.bsp
7 minutes, 9 seconds elapsed



Using shader api: shaderapiempty.dll
materialPath: Z:\mnt\d\SteamLibrary\steamapps\common\Left 4 Dead 2\left4dead2\materials
Loading Z:\mnt\f\stuff\git\l4d2-things\reverse_rda\map\r_c11m1_greenhouse.vmf
fixing up env_cubemap materials on brush sides...
0...1...2...3...4...5...6...7...8...9...100...1...2...3...4...5...6...7...8...9...10Processing areas...done (0)
Building Faces...done (0)
Occluder "" straddles multiple areas. This is invalid!
Occluder "" straddles multiple areas. This is invalid!
Occluder "" straddles multiple areas. This is invalid!
Occluder "" straddles multiple areas. This is invalid!
Occluder "" straddles multiple areas. This is invalid!
Occluder "" straddles multiple areas. This is invalid!
Occluder "" straddles multiple areas. This is invalid!
Occluder "" straddles multiple areas. This is invalid!
Occluder "" straddles multiple areas. This is invalid!
Chop Details...done (0)
Find Visible Detail Sides...
Merged 634 detail faces...done (0)
Merging details...done (0)
FixTjuncs...
PruneNodes...
WriteBSP...
done (1)
writing Z:\mnt\f\stuff\git\l4d2-things\reverse_rda\map\r_c11m1_greenhouse.prt...Building visibility clusters...
done (0)
Finding displacement neighbors...
Found a displacement edge abutting multiple other edges.
Finding lightmap sample positions...
Displacement Alpha : 0...1...2...3...4...5...6...7...8...9...10
Building Physics collision data...
done (1) (1013840 bytes)
Cannot build Physics2 data
                                                             -----------
DataLinker total stream size                                     0.0 KiB
Placing detail props : 0...1...2...3...4...5...6...7...8...9...10
Compacting texture/material tables...
Reduced 4873 texinfos to 2913
Reduced 443 texdatas to 360 (19757 bytes to 16431)
Writing Z:\mnt\f\stuff\git\l4d2-things\reverse_rda\map\r_c11m1_greenhouse.bsp
10 seconds elapsed

==================================================================
Date: 2026-06-25 16:38:06
Z:\mnt\d\SteamLibrary\steamapps\common\Left 4 Dead 2\bin\vvisplusplus.exe -game Z:\mnt\d\SteamLibrary\steamapps\common\Left 4 Dead 2\left4dead2 Z:\mnt\f\stuff\git\l4d2-things\reverse_rda\map\r_c11m1_greenhouse.vmf
==================================================================
6 threads
reading z:\mnt\f\stuff\git\l4d2-things\reverse_rda\map\r_c11m1_greenhouse.bsp
Detected L4D2 lump format
Max farz in all env_fog_controller entities: 9000 (used for radial vis)
reading z:\mnt\f\stuff\git\l4d2-things\reverse_rda\map\r_c11m1_greenhouse.prt
  64 portalclusters
 258 numportals
0...1...2...3...4...5...6...7...8...9...100...1...2...3...4...5...6...7...8...9...10Optimized: 10 visible clusters (0.55%)
Total clusters visible: 1809
Average clusters visible: 28
Building PAS...
Average clusters audible: 62
visdatasize:1601  compressed from 1024
writing z:\mnt\f\stuff\git\l4d2-things\reverse_rda\map\r_c11m1_greenhouse.bsp
Wrote ZIP buffer, estimated size 4573021, actual size 4522289
0 seconds elapsed



[Reading texlights from 'lights.rad']
[2 texlights parsed from 'lights.rad']

Loading z:\mnt\f\stuff\git\l4d2-things\reverse_rda\map\r_c11m1_greenhouse.bsp
8054 faces
1 degenerate faces
10450761 square feet [1504909568.00 square inches]
54 Displacements
23971 Square Feet [3451894.25 Square Inches]
8053 patches before subdivision
107621 patches after subdivision
38 direct lights
0...1...2...3...4...5...6...7...8...9...100...1...2...3...4...5...6...7...8...9...10transfers 8053668, max 1076
transfer lists:  61.4 megs
0...1...2...3...4...5...6...7...8...9...10	Bounce #1 added RGB(11724, 11421, 9074)
0...1...2...3...4...5...6...7...8...9...10	Bounce #2 added RGB(2987, 2473, 1535)
0...1...2...3...4...5...6...7...8...9...10	Bounce #3 added RGB(1180, 851, 410)
0...1...2...3...4...5...6...7...8...9...10	Bounce #4 added RGB(525, 342, 138)
0...1...2...3...4...5...6...7...8...9...10	Bounce #5 added RGB(259, 154, 53)
0...1...2...3...4...5...6...7...8...9...10	Bounce #6 added RGB(128, 70, 21)
0...1...2...3...4...5...6...7...8...9...10	Bounce #7 added RGB(66, 33, 9)
0...1...2...3...4...5...6...7...8...9...10	Bounce #8 added RGB(34, 16, 4)
0...1...2...3...4...5...6...7...8...9...10	Bounce #9 added RGB(18, 8, 2)
0...1...2...3...4...5...6...7...8...9...10	Bounce #10 added RGB(9, 4, 1)
0...1...2...3...4...5...6...7...8...9...10	Bounce #11 added RGB(5, 2, 0)
0...1...2...3...4...5...6...7...8...9...10	Bounce #12 added RGB(3, 1, 0)
0...1...2...3...4...5...6...7...8...9...10	Bounce #13 added RGB(1, 0, 0)
0...1...2...3...4...5...6...7...8...9...10	Bounce #14 added RGB(1, 0, 0)
Build Patch/Sample Hash Table(s).....Done<0.0262 sec>
0...1...2...3...4...5...6...7...8...9...10FinalLightFace Done
0 of 0 (0% of) surface lights went in leaf ambient cubes.
0...1...2...3...4...5...6...7...8...9...10Writing leaf ambient...done
Computing static prop lighting : 00...1...2...3...4...5...6...7...8...9...10
Ready to Finish

Object names       Objects/Maxobjs  Memory / Maxmem  Fullness 
------------       ---------------  ---------------  -------- 
models                 133/1024         6384/49152    (13.0%) 
brushes               2739/8192        32868/98304    (33.4%) 
brushsides           20423/65536      163384/524288   (31.2%) 
planes               12848/65536      256960/1310720  (19.6%) 
vertexes             15534/65536      186408/786432   (23.7%) 
nodes                 6004/65536      192128/2097152  ( 9.2%) 
texinfos              2913/12288      209736/884736   (23.7%) 
texdata                360/2048        11520/65536    (17.6%) 
dispinfos               54/0            9504/0        ( 0.0%) 
disp_verts            2582/0           51640/0        ( 0.0%) 
disp_tris             3840/0            7680/0        ( 0.0%) 
disp_lmsamples      118608/0          118608/0        ( 0.0%) 
faces                 8054/65536      451024/3670016  (12.3%) 
hdr faces             8054/65536      451024/3670016  (12.3%) 
origfaces             5093/65536      285208/3670016  ( 7.8%) 
leaves                6138/65536      196416/2097152  ( 9.4%) 
leaffaces            10139/65536       20278/131072   (15.5%) 
leafbrushes           8098/65536       16196/131072   (12.4%) 
areas                   16/256           128/2048     ( 6.3%) 
surfedges            58536/512000     234144/2048000  (11.4%) 
edges                38036/256000     152144/1024000  (14.9%) 
LDR worldlights          0/8192            0/819200   ( 0.0%) 
HDR worldlights         38/8192         3800/819200   ( 0.5%) 
leafwaterdata            0/32768           0/393216   ( 0.0%) 
waterstrips            780/32768        7800/327680   ( 2.4%) 
waterverts               0/65536           0/786432   ( 0.0%) 
waterindices         14697/65536       29394/131072   (22.4%) 
cubemapsamples          50/1024          800/16384    ( 4.9%) 
overlays               210/512         73920/180224   (41.0%) 
LDR lightdata         [variable]           0/0        ( 0.0%) 
HDR lightdata         [variable]     4043348/0        ( 0.0%) 
visdata               [variable]        1601/16777216 ( 0.0%) 
entdata               [variable]      367636/393216   (93.5%) VERY FULL!
LDR ambient table     6138/65536       24552/262144   ( 9.4%) 
HDR ambient table     6138/65536       24552/262144   ( 9.4%) 
LDR leaf ambient      6138/65536      171864/1835008  ( 9.4%) 
HDR leaf ambient     25328/65536      709184/1835008  (38.6%) 
occluders               14/0             560/0        ( 0.0%) 
occluder polygons       21/0             252/0        ( 0.0%) 
occluder vert ind       99/0             396/0        ( 0.0%) 
Prop Hull Verts          0/0               0/0        ( 0.0%) 
Prop Hull Blob           0/0               0/0        ( 0.0%) 
Prop Hull Lists          0/0               0/0        ( 0.0%) 
Prop Hulls               0/0               0/0        ( 0.0%) 
Prop Hull trilist        0/0               0/0        ( 0.0%) 
detail props          [variable]           1/12       ( 8.3%) 
static props          [variable]           1/76676    ( 0.0%) 
pakfile               [variable]     6646181/0        ( 0.0%) 
physics               [variable]     1013840/4194304  (24.2%) 
physics terrain       [variable]        9892/1048576  ( 0.9%) 

Level flags = 2

Total triangle count: 22082
Writing z:\mnt\f\stuff\git\l4d2-things\reverse_rda\map\r_c11m1_greenhouse.bsp
7 minutes, 1 second elapsed



Using shader api: shaderapiempty.dll
materialPath: Z:\mnt\d\SteamLibrary\steamapps\common\Left 4 Dead 2\left4dead2\materials
Loading Z:\mnt\f\stuff\git\l4d2-things\reverse_rda\map\r_c11m1_greenhouse.vmf
fixing up env_cubemap materials on brush sides...
0...1...2...3...4...5...6...7...8...9...100...1...2...3...4...5...6...7...8...9...10Processing areas...done (0)
Building Faces...done (0)
Occluder "" straddles multiple areas. This is invalid!
Occluder "" straddles multiple areas. This is invalid!
Occluder "" straddles multiple areas. This is invalid!
Occluder "" straddles multiple areas. This is invalid!
Occluder "" straddles multiple areas. This is invalid!
Occluder "" straddles multiple areas. This is invalid!
Occluder "" straddles multiple areas. This is invalid!
Occluder "" straddles multiple areas. This is invalid!
Occluder "" straddles multiple areas. This is invalid!
Chop Details...done (0)
Find Visible Detail Sides...
Merged 634 detail faces...done (0)
Merging details...done (0)
FixTjuncs...
PruneNodes...
WriteBSP...
done (0)
writing Z:\mnt\f\stuff\git\l4d2-things\reverse_rda\map\r_c11m1_greenhouse.prt...Building visibility clusters...
done (0)
Finding displacement neighbors...
Found a displacement edge abutting multiple other edges.
Finding lightmap sample positions...
Displacement Alpha : 0...1...2...3...4...5...6...7...8...9...10
Building Physics collision data...
done (1) (1013840 bytes)
Cannot build Physics2 data
                                                             -----------
DataLinker total stream size                                     0.0 KiB
Placing detail props : 0...1...2...3...4...5...6...7...8...9...10
Compacting texture/material tables...
Reduced 4873 texinfos to 2913
Reduced 443 texdatas to 360 (19757 bytes to 16431)
Writing Z:\mnt\f\stuff\git\l4d2-things\reverse_rda\map\r_c11m1_greenhouse.bsp
10 seconds elapsed

==================================================================
Date: 2026-06-30 19:50:19
Z:\mnt\d\SteamLibrary\steamapps\common\Left 4 Dead 2\bin\vvisplusplus.exe -game Z:\mnt\d\SteamLibrary\steamapps\common\Left 4 Dead 2\left4dead2 Z:\mnt\f\stuff\git\l4d2-things\reverse_rda\map\r_c11m1_greenhouse.vmf
==================================================================
6 threads
reading z:\mnt\f\stuff\git\l4d2-things\reverse_rda\map\r_c11m1_greenhouse.bsp
Detected L4D2 lump format
Max farz in all env_fog_controller entities: 9000 (used for radial vis)
reading z:\mnt\f\stuff\git\l4d2-things\reverse_rda\map\r_c11m1_greenhouse.prt
  64 portalclusters
 258 numportals
0...1...2...3...4...5...6...7...8...9...100...1...2...3...4...5...6...7...8...9...10Optimized: 10 visible clusters (0.55%)
Total clusters visible: 1809
Average clusters visible: 28
Building PAS...
Average clusters audible: 62
visdatasize:1601  compressed from 1024
writing z:\mnt\f\stuff\git\l4d2-things\reverse_rda\map\r_c11m1_greenhouse.bsp
Wrote ZIP buffer, estimated size 4573021, actual size 4522289
0 seconds elapsed



[Reading texlights from 'lights.rad']
[2 texlights parsed from 'lights.rad']

Loading z:\mnt\f\stuff\git\l4d2-things\reverse_rda\map\r_c11m1_greenhouse.bsp
8054 faces
1 degenerate faces
10450761 square feet [1504909568.00 square inches]
54 Displacements
23971 Square Feet [3451894.25 Square Inches]
8053 patches before subdivision
107621 patches after subdivision
42 direct lights
0...1...2...3...4...5...6...7...8...9...100...1...2...3...4...5...6...7...8...9...10transfers 8051209, max 1076
transfer lists:  61.4 megs
0...1...2...3...4...5...6...7...8...9...10	Bounce #1 added RGB(11907, 11570, 9177)
0...1...2...3...4...5...6...7...8...9...10	Bounce #2 added RGB(3047, 2509, 1548)
0...1...2...3...4...5...6...7...8...9...10	Bounce #3 added RGB(1202, 861, 413)
0...1...2...3...4...5...6...7...8...9...10	Bounce #4 added RGB(532, 344, 139)
0...1...2...3...4...5...6...7...8...9...10	Bounce #5 added RGB(262, 154, 53)
0...1...2...3...4...5...6...7...8...9...10	Bounce #6 added RGB(129, 70, 21)
0...1...2...3...4...5...6...7...8...9...10	Bounce #7 added RGB(66, 33, 9)
0...1...2...3...4...5...6...7...8...9...10	Bounce #8 added RGB(34, 16, 4)
0...1...2...3...4...5...6...7...8...9...10	Bounce #9 added RGB(18, 8, 2)
0...1...2...3...4...5...6...7...8...9...10	Bounce #10 added RGB(9, 4, 1)
0...1...2...3...4...5...6...7...8...9...10	Bounce #11 added RGB(5, 2, 0)
0...1...2...3...4...5...6...7...8...9...10	Bounce #12 added RGB(3, 1, 0)
0...1...2...3...4...5...6...7...8...9...10	Bounce #13 added RGB(1, 0, 0)
0...1...2...3...4...5...6...7...8...9...10	Bounce #14 added RGB(1, 0, 0)
Build Patch/Sample Hash Table(s).....Done<0.0291 sec>
0...1...2...3...4...5...6...7...8...9...10FinalLightFace Done
0 of 0 (0% of) surface lights went in leaf ambient cubes.
0...1...2...3...4...5...6...7...8...9...10Writing leaf ambient...done
Computing static prop lighting : 00...1...2...3...4...5...6...7...8...9...10
Ready to Finish

Object names       Objects/Maxobjs  Memory / Maxmem  Fullness 
------------       ---------------  ---------------  -------- 
models                 133/1024         6384/49152    (13.0%) 
brushes               2739/8192        32868/98304    (33.4%) 
brushsides           20423/65536      163384/524288   (31.2%) 
planes               12848/65536      256960/1310720  (19.6%) 
vertexes             15534/65536      186408/786432   (23.7%) 
nodes                 6004/65536      192128/2097152  ( 9.2%) 
texinfos              2913/12288      209736/884736   (23.7%) 
texdata                360/2048        11520/65536    (17.6%) 
dispinfos               54/0            9504/0        ( 0.0%) 
disp_verts            2582/0           51640/0        ( 0.0%) 
disp_tris             3840/0            7680/0        ( 0.0%) 
disp_lmsamples      118608/0          118608/0        ( 0.0%) 
faces                 8054/65536      451024/3670016  (12.3%) 
hdr faces             8054/65536      451024/3670016  (12.3%) 
origfaces             5093/65536      285208/3670016  ( 7.8%) 
leaves                6138/65536      196416/2097152  ( 9.4%) 
leaffaces            10139/65536       20278/131072   (15.5%) 
leafbrushes           8098/65536       16196/131072   (12.4%) 
areas                   16/256           128/2048     ( 6.3%) 
surfedges            58536/512000     234144/2048000  (11.4%) 
edges                38036/256000     152144/1024000  (14.9%) 
LDR worldlights          0/8192            0/819200   ( 0.0%) 
HDR worldlights         42/8192         4200/819200   ( 0.5%) 
leafwaterdata            0/32768           0/393216   ( 0.0%) 
waterstrips            780/32768        7800/327680   ( 2.4%) 
waterverts               0/65536           0/786432   ( 0.0%) 
waterindices         14697/65536       29394/131072   (22.4%) 
cubemapsamples          50/1024          800/16384    ( 4.9%) 
overlays               210/512         73920/180224   (41.0%) 
LDR lightdata         [variable]           0/0        ( 0.0%) 
HDR lightdata         [variable]     4043348/0        ( 0.0%) 
visdata               [variable]        1601/16777216 ( 0.0%) 
entdata               [variable]      372841/393216   (94.8%) VERY FULL!
LDR ambient table     6138/65536       24552/262144   ( 9.4%) 
HDR ambient table     6138/65536       24552/262144   ( 9.4%) 
LDR leaf ambient      6138/65536      171864/1835008  ( 9.4%) 
HDR leaf ambient     25327/65536      709156/1835008  (38.6%) 
occluders               14/0             560/0        ( 0.0%) 
occluder polygons       21/0             252/0        ( 0.0%) 
occluder vert ind       99/0             396/0        ( 0.0%) 
Prop Hull Verts          0/0               0/0        ( 0.0%) 
Prop Hull Blob           0/0               0/0        ( 0.0%) 
Prop Hull Lists          0/0               0/0        ( 0.0%) 
Prop Hulls               0/0               0/0        ( 0.0%) 
Prop Hull trilist        0/0               0/0        ( 0.0%) 
detail props          [variable]           1/12       ( 8.3%) 
static props          [variable]           1/76952    ( 0.0%) 
pakfile               [variable]     6646181/0        ( 0.0%) 
physics               [variable]     1013840/4194304  (24.2%) 
physics terrain       [variable]        9892/1048576  ( 0.9%) 

Level flags = 2

Total triangle count: 22082
Writing z:\mnt\f\stuff\git\l4d2-things\reverse_rda\map\r_c11m1_greenhouse.bsp
6 minutes, 21 seconds elapsed



Using shader api: shaderapiempty.dll
materialPath: Z:\mnt\d\SteamLibrary\steamapps\common\Left 4 Dead 2\left4dead2\materials
Loading Z:\mnt\f\stuff\git\l4d2-things\reverse_rda\map\r_c11m1_greenhouse.vmf
fixing up env_cubemap materials on brush sides...
0...1...2...3...4...5...6...7...8...9...100...1...2...3...4...5...6...7...8...9...10Processing areas...done (0)
Building Faces...done (0)
Occluder "" straddles multiple areas. This is invalid!
Occluder "" straddles multiple areas. This is invalid!
Occluder "" straddles multiple areas. This is invalid!
Occluder "" straddles multiple areas. This is invalid!
Occluder "" straddles multiple areas. This is invalid!
Occluder "" straddles multiple areas. This is invalid!
Occluder "" straddles multiple areas. This is invalid!
Occluder "" straddles multiple areas. This is invalid!
Occluder "" straddles multiple areas. This is invalid!
Chop Details...done (0)
Find Visible Detail Sides...
Merged 634 detail faces...done (0)
Merging details...done (0)
FixTjuncs...
PruneNodes...
WriteBSP...
done (0)
writing Z:\mnt\f\stuff\git\l4d2-things\reverse_rda\map\r_c11m1_greenhouse.prt...Building visibility clusters...
done (0)
Finding displacement neighbors...
Found a displacement edge abutting multiple other edges.
Finding lightmap sample positions...
Displacement Alpha : 0...1...2...3...4...5...6...7...8...9...10
Building Physics collision data...
done (1) (1013840 bytes)
Cannot build Physics2 data
                                                             -----------
DataLinker total stream size                                     0.0 KiB
Placing detail props : 0...1...2...3...4...5...6...7...8...9...10
Compacting texture/material tables...
Reduced 4873 texinfos to 2913
Reduced 443 texdatas to 360 (19757 bytes to 16431)
Writing Z:\mnt\f\stuff\git\l4d2-things\reverse_rda\map\r_c11m1_greenhouse.bsp
10 seconds elapsed

==================================================================
Date: 2026-06-30 20:00:36
Z:\mnt\d\SteamLibrary\steamapps\common\Left 4 Dead 2\bin\vvisplusplus.exe -game Z:\mnt\d\SteamLibrary\steamapps\common\Left 4 Dead 2\left4dead2 Z:\mnt\f\stuff\git\l4d2-things\reverse_rda\map\r_c11m1_greenhouse.vmf
==================================================================
6 threads
reading z:\mnt\f\stuff\git\l4d2-things\reverse_rda\map\r_c11m1_greenhouse.bsp
Detected L4D2 lump format
Max farz in all env_fog_controller entities: 9000 (used for radial vis)
reading z:\mnt\f\stuff\git\l4d2-things\reverse_rda\map\r_c11m1_greenhouse.prt
  64 portalclusters
 258 numportals
0...1...2...3...4...5...6...7...8...9...100...1...2...3...4...5...6...7...8...9...10Optimized: 10 visible clusters (0.55%)
Total clusters visible: 1809
Average clusters visible: 28
Building PAS...
Average clusters audible: 62
visdatasize:1601  compressed from 1024
writing z:\mnt\f\stuff\git\l4d2-things\reverse_rda\map\r_c11m1_greenhouse.bsp
Wrote ZIP buffer, estimated size 4573021, actual size 4522289
0 seconds elapsed



[Reading texlights from 'lights.rad']
[2 texlights parsed from 'lights.rad']

Loading z:\mnt\f\stuff\git\l4d2-things\reverse_rda\map\r_c11m1_greenhouse.bsp
8054 faces
1 degenerate faces
10450761 square feet [1504909568.00 square inches]
54 Displacements
23971 Square Feet [3451894.25 Square Inches]
8053 patches before subdivision
107621 patches after subdivision
42 direct lights
0...1...2...3...4...5...6...7...8...9...100...1...2...3...4...5...6...7...8...9...10transfers 8051209, max 1076
transfer lists:  61.4 megs
0...1...2...3...4...5...6...7...8...9...10	Bounce #1 added RGB(11907, 11570, 9177)
0...1...2...3...4...5...6...7...8...9...10	Bounce #2 added RGB(3047, 2509, 1548)
0...1...2...3...4...5...6...7...8...9...10	Bounce #3 added RGB(1202, 861, 413)
0...1...2...3...4...5...6...7...8...9...10	Bounce #4 added RGB(532, 344, 139)
0...1...2...3...4...5...6...7...8...9...10	Bounce #5 added RGB(262, 154, 53)
0...1...2...3...4...5...6...7...8...9...10	Bounce #6 added RGB(129, 70, 21)
0...1...2...3...4...5...6...7...8...9...10	Bounce #7 added RGB(66, 33, 9)
0...1...2...3...4...5...6...7...8...9...10	Bounce #8 added RGB(34, 16, 4)
0...1...2...3...4...5...6...7...8...9...10	Bounce #9 added RGB(18, 8, 2)
0...1...2...3...4...5...6...7...8...9...10	Bounce #10 added RGB(9, 4, 1)
0...1...2...3...4...5...6...7...8...9...10	Bounce #11 added RGB(5, 2, 0)
0...1...2...3...4...5...6...7...8...9...10	Bounce #12 added RGB(3, 1, 0)
0...1...2...3...4...5...6...7...8...9...10	Bounce #13 added RGB(1, 0, 0)
0...1...2...3...4...5...6...7...8...9...10	Bounce #14 added RGB(1, 0, 0)
Build Patch/Sample Hash Table(s).....Done<0.0263 sec>
0...1...2...3...4...5...6...7...8...9...10FinalLightFace Done
0 of 0 (0% of) surface lights went in leaf ambient cubes.
0...1...2...3...4...5...6...7...8...9...10Writing leaf ambient...done
Computing static prop lighting : 00...1...2...3...4...5...6...7...8...9...10
Ready to Finish

Object names       Objects/Maxobjs  Memory / Maxmem  Fullness 
------------       ---------------  ---------------  -------- 
models                 133/1024         6384/49152    (13.0%) 
brushes               2739/8192        32868/98304    (33.4%) 
brushsides           20423/65536      163384/524288   (31.2%) 
planes               12848/65536      256960/1310720  (19.6%) 
vertexes             15534/65536      186408/786432   (23.7%) 
nodes                 6004/65536      192128/2097152  ( 9.2%) 
texinfos              2913/12288      209736/884736   (23.7%) 
texdata                360/2048        11520/65536    (17.6%) 
dispinfos               54/0            9504/0        ( 0.0%) 
disp_verts            2582/0           51640/0        ( 0.0%) 
disp_tris             3840/0            7680/0        ( 0.0%) 
disp_lmsamples      118608/0          118608/0        ( 0.0%) 
faces                 8054/65536      451024/3670016  (12.3%) 
hdr faces             8054/65536      451024/3670016  (12.3%) 
origfaces             5093/65536      285208/3670016  ( 7.8%) 
leaves                6138/65536      196416/2097152  ( 9.4%) 
leaffaces            10139/65536       20278/131072   (15.5%) 
leafbrushes           8098/65536       16196/131072   (12.4%) 
areas                   16/256           128/2048     ( 6.3%) 
surfedges            58536/512000     234144/2048000  (11.4%) 
edges                38036/256000     152144/1024000  (14.9%) 
LDR worldlights          0/8192            0/819200   ( 0.0%) 
HDR worldlights         42/8192         4200/819200   ( 0.5%) 
leafwaterdata            0/32768           0/393216   ( 0.0%) 
waterstrips            780/32768        7800/327680   ( 2.4%) 
waterverts               0/65536           0/786432   ( 0.0%) 
waterindices         14697/65536       29394/131072   (22.4%) 
cubemapsamples          50/1024          800/16384    ( 4.9%) 
overlays               210/512         73920/180224   (41.0%) 
LDR lightdata         [variable]           0/0        ( 0.0%) 
HDR lightdata         [variable]     4043348/0        ( 0.0%) 
visdata               [variable]        1601/16777216 ( 0.0%) 
entdata               [variable]      372841/393216   (94.8%) VERY FULL!
LDR ambient table     6138/65536       24552/262144   ( 9.4%) 
HDR ambient table     6138/65536       24552/262144   ( 9.4%) 
LDR leaf ambient      6138/65536      171864/1835008  ( 9.4%) 
HDR leaf ambient     25327/65536      709156/1835008  (38.6%) 
occluders               14/0             560/0        ( 0.0%) 
occluder polygons       21/0             252/0        ( 0.0%) 
occluder vert ind       99/0             396/0        ( 0.0%) 
Prop Hull Verts          0/0               0/0        ( 0.0%) 
Prop Hull Blob           0/0               0/0        ( 0.0%) 
Prop Hull Lists          0/0               0/0        ( 0.0%) 
Prop Hulls               0/0               0/0        ( 0.0%) 
Prop Hull trilist        0/0               0/0        ( 0.0%) 
detail props          [variable]           1/12       ( 8.3%) 
static props          [variable]           1/76952    ( 0.0%) 
pakfile               [variable]     6646181/0        ( 0.0%) 
physics               [variable]     1013840/4194304  (24.2%) 
physics terrain       [variable]        9892/1048576  ( 0.9%) 

Level flags = 2

Total triangle count: 22082
Writing z:\mnt\f\stuff\git\l4d2-things\reverse_rda\map\r_c11m1_greenhouse.bsp
6 minutes, 14 seconds elapsed



Using shader api: shaderapiempty.dll
materialPath: Z:\mnt\d\SteamLibrary\steamapps\common\Left 4 Dead 2\left4dead2\materials
Loading Z:\mnt\f\stuff\git\l4d2-things\reverse_rda\map\r_c11m1_greenhouse.vmf
fixing up env_cubemap materials on brush sides...
0...1...2...3...4...5...6...7...8...9...100...1...2...3...4...5...6...7...8...9...10Processing areas...done (0)
Building Faces...done (0)
Occluder "" straddles multiple areas. This is invalid!
Occluder "" straddles multiple areas. This is invalid!
Occluder "" straddles multiple areas. This is invalid!
Occluder "" straddles multiple areas. This is invalid!
Occluder "" straddles multiple areas. This is invalid!
Occluder "" straddles multiple areas. This is invalid!
Occluder "" straddles multiple areas. This is invalid!
Occluder "" straddles multiple areas. This is invalid!
Occluder "" straddles multiple areas. This is invalid!
Chop Details...done (0)
Find Visible Detail Sides...
Merged 634 detail faces...done (0)
Merging details...done (0)
FixTjuncs...
PruneNodes...
WriteBSP...
done (0)
writing Z:\mnt\f\stuff\git\l4d2-things\reverse_rda\map\r_c11m1_greenhouse.prt...Building visibility clusters...
done (0)
Finding displacement neighbors...
Found a displacement edge abutting multiple other edges.
Finding lightmap sample positions...
Displacement Alpha : 0...1...2...3...4...5...6...7...8...9...10
Building Physics collision data...
done (1) (1013840 bytes)
Cannot build Physics2 data
                                                             -----------
DataLinker total stream size                                     0.0 KiB
Placing detail props : 0...1...2...3...4...5...6...7...8...9...10
Compacting texture/material tables...
Reduced 4873 texinfos to 2913
Reduced 443 texdatas to 360 (19757 bytes to 16431)
Writing Z:\mnt\f\stuff\git\l4d2-things\reverse_rda\map\r_c11m1_greenhouse.bsp
9 seconds elapsed

==================================================================
Date: 2026-07-09 16:07:04
Z:\mnt\d\SteamLibrary\steamapps\common\Left 4 Dead 2\bin\vvisplusplus.exe -game Z:\mnt\d\SteamLibrary\steamapps\common\Left 4 Dead 2\left4dead2 Z:\mnt\f\stuff\git\l4d2-things\reverse_rda\map\r_c11m1_greenhouse.vmf
==================================================================
6 threads
reading z:\mnt\f\stuff\git\l4d2-things\reverse_rda\map\r_c11m1_greenhouse.bsp
Detected L4D2 lump format
Max farz in all env_fog_controller entities: 9000 (used for radial vis)
reading z:\mnt\f\stuff\git\l4d2-things\reverse_rda\map\r_c11m1_greenhouse.prt
  64 portalclusters
 258 numportals
0...1...2...3...4...5...6...7...8...9...100...1...2...3...4...5...6...7...8...9...10Optimized: 10 visible clusters (0.55%)
Total clusters visible: 1809
Average clusters visible: 28
Building PAS...
Average clusters audible: 62
visdatasize:1601  compressed from 1024
writing z:\mnt\f\stuff\git\l4d2-things\reverse_rda\map\r_c11m1_greenhouse.bsp
Wrote ZIP buffer, estimated size 4573021, actual size 4522289
0 seconds elapsed



[Reading texlights from 'lights.rad']
[2 texlights parsed from 'lights.rad']

Loading z:\mnt\f\stuff\git\l4d2-things\reverse_rda\map\r_c11m1_greenhouse.bsp
8054 faces
1 degenerate faces
10450761 square feet [1504909568.00 square inches]
54 Displacements
23971 Square Feet [3451894.25 Square Inches]
8053 patches before subdivision
107621 patches after subdivision
42 direct lights
0...1...2...3...4...5...6...7...8...9...100...1...2...3...4...5...6...7...8...9...10transfers 8059651, max 1076
transfer lists:  61.5 megs
0...1...2...3...4...5...6...7...8...9...10	Bounce #1 added RGB(11920, 11583, 9187)
0...1...2...3...4...5...6...7...8...9...10	Bounce #2 added RGB(3049, 2511, 1549)
0...1...2...3...4...5...6...7...8...9...10	Bounce #3 added RGB(1202, 862, 413)
0...1...2...3...4...5...6...7...8...9...10	Bounce #4 added RGB(532, 345, 139)
0...1...2...3...4...5...6...7...8...9...10	Bounce #5 added RGB(262, 154, 53)
0...1...2...3...4...5...6...7...8...9...10	Bounce #6 added RGB(129, 70, 21)
0...1...2...3...4...5...6...7...8...9...10	Bounce #7 added RGB(66, 33, 9)
0...1...2...3...4...5...6...7...8...9...10	Bounce #8 added RGB(34, 16, 4)
0...1...2...3...4...5...6...7...8...9...10	Bounce #9 added RGB(18, 8, 2)
0...1...2...3...4...5...6...7...8...9...10	Bounce #10 added RGB(9, 4, 1)
0...1...2...3...4...5...6...7...8...9...10	Bounce #11 added RGB(5, 2, 0)
0...1...2...3...4...5...6...7...8...9...10	Bounce #12 added RGB(3, 1, 0)
0...1...2...3...4...5...6...7...8...9...10	Bounce #13 added RGB(1, 0, 0)
0...1...2...3...4...5...6...7...8...9...10	Bounce #14 added RGB(1, 0, 0)
Build Patch/Sample Hash Table(s).....Done<0.0286 sec>
0...1...2...3...4...5...6...7...8...9...10FinalLightFace Done
0 of 0 (0% of) surface lights went in leaf ambient cubes.
0...1...2...3...4...5...6...7...8...9...10Writing leaf ambient...done
Computing static prop lighting : 00...1...2...3...4...5...6...7...8...9...10
Ready to Finish

Object names       Objects/Maxobjs  Memory / Maxmem  Fullness 
------------       ---------------  ---------------  -------- 
models                 133/1024         6384/49152    (13.0%) 
brushes               2739/8192        32868/98304    (33.4%) 
brushsides           20423/65536      163384/524288   (31.2%) 
planes               12848/65536      256960/1310720  (19.6%) 
vertexes             15534/65536      186408/786432   (23.7%) 
nodes                 6004/65536      192128/2097152  ( 9.2%) 
texinfos              2913/12288      209736/884736   (23.7%) 
texdata                360/2048        11520/65536    (17.6%) 
dispinfos               54/0            9504/0        ( 0.0%) 
disp_verts            2582/0           51640/0        ( 0.0%) 
disp_tris             3840/0            7680/0        ( 0.0%) 
disp_lmsamples      118608/0          118608/0        ( 0.0%) 
faces                 8054/65536      451024/3670016  (12.3%) 
hdr faces             8054/65536      451024/3670016  (12.3%) 
origfaces             5093/65536      285208/3670016  ( 7.8%) 
leaves                6138/65536      196416/2097152  ( 9.4%) 
leaffaces            10139/65536       20278/131072   (15.5%) 
leafbrushes           8098/65536       16196/131072   (12.4%) 
areas                   16/256           128/2048     ( 6.3%) 
surfedges            58536/512000     234144/2048000  (11.4%) 
edges                38036/256000     152144/1024000  (14.9%) 
LDR worldlights          0/8192            0/819200   ( 0.0%) 
HDR worldlights         42/8192         4200/819200   ( 0.5%) 
leafwaterdata            0/32768           0/393216   ( 0.0%) 
waterstrips            780/32768        7800/327680   ( 2.4%) 
waterverts               0/65536           0/786432   ( 0.0%) 
waterindices         14697/65536       29394/131072   (22.4%) 
cubemapsamples          50/1024          800/16384    ( 4.9%) 
overlays               210/512         73920/180224   (41.0%) 
LDR lightdata         [variable]           0/0        ( 0.0%) 
HDR lightdata         [variable]     4043348/0        ( 0.0%) 
visdata               [variable]        1601/16777216 ( 0.0%) 
entdata               [variable]      372841/393216   (94.8%) VERY FULL!
LDR ambient table     6138/65536       24552/262144   ( 9.4%) 
HDR ambient table     6138/65536       24552/262144   ( 9.4%) 
LDR leaf ambient      6138/65536      171864/1835008  ( 9.4%) 
HDR leaf ambient     25331/65536      709268/1835008  (38.7%) 
occluders               14/0             560/0        ( 0.0%) 
occluder polygons       21/0             252/0        ( 0.0%) 
occluder vert ind       99/0             396/0        ( 0.0%) 
Prop Hull Verts          0/0               0/0        ( 0.0%) 
Prop Hull Blob           0/0               0/0        ( 0.0%) 
Prop Hull Lists          0/0               0/0        ( 0.0%) 
Prop Hulls               0/0               0/0        ( 0.0%) 
Prop Hull trilist        0/0               0/0        ( 0.0%) 
detail props          [variable]           1/12       ( 8.3%) 
static props          [variable]           1/76876    ( 0.0%) 
pakfile               [variable]     6646179/0        ( 0.0%) 
physics               [variable]     1013840/4194304  (24.2%) 
physics terrain       [variable]        9892/1048576  ( 0.9%) 

Level flags = 2

Total triangle count: 22082
Writing z:\mnt\f\stuff\git\l4d2-things\reverse_rda\map\r_c11m1_greenhouse.bsp
6 minutes, 10 seconds elapsed



Using shader api: shaderapiempty.dll
materialPath: Z:\mnt\d\SteamLibrary\steamapps\common\Left 4 Dead 2\left4dead2\materials
Loading Z:\mnt\f\stuff\git\l4d2-things\reverse_rda\map\r_c11m1_greenhouse.vmf
fixing up env_cubemap materials on brush sides...
0...1...2...3...4...5...6...7...8...9...100...1...2...3...4...5...6...7...8...9...10Processing areas...done (0)
Building Faces...done (0)
Occluder "" straddles multiple areas. This is invalid!
Occluder "" straddles multiple areas. This is invalid!
Occluder "" straddles multiple areas. This is invalid!
Occluder "" straddles multiple areas. This is invalid!
Occluder "" straddles multiple areas. This is invalid!
Occluder "" straddles multiple areas. This is invalid!
Occluder "" straddles multiple areas. This is invalid!
Occluder "" straddles multiple areas. This is invalid!
Occluder "" straddles multiple areas. This is invalid!
Chop Details...done (0)
Find Visible Detail Sides...
Merged 634 detail faces...done (0)
Merging details...done (0)
FixTjuncs...
PruneNodes...
WriteBSP...
done (0)
writing Z:\mnt\f\stuff\git\l4d2-things\reverse_rda\map\r_c11m1_greenhouse.prt...Building visibility clusters...
done (1)
Finding displacement neighbors...
Found a displacement edge abutting multiple other edges.
Finding lightmap sample positions...
Displacement Alpha : 0...1...2...3...4...5...6...7...8...9...10
Building Physics collision data...
done (1) (1013840 bytes)
Cannot build Physics2 data
                                                             -----------
DataLinker total stream size                                     0.0 KiB
Placing detail props : 0...1...2...3...4...5...6...7...8...9...10
Compacting texture/material tables...
Reduced 4873 texinfos to 2913
Reduced 443 texdatas to 360 (19757 bytes to 16431)
Writing Z:\mnt\f\stuff\git\l4d2-things\reverse_rda\map\r_c11m1_greenhouse.bsp
10 seconds elapsed

==================================================================
Date: 2026-07-09 19:08:21
Z:\mnt\d\SteamLibrary\steamapps\common\Left 4 Dead 2\bin\vvisplusplus.exe -game Z:\mnt\d\SteamLibrary\steamapps\common\Left 4 Dead 2\left4dead2 Z:\mnt\f\stuff\git\l4d2-things\reverse_rda\map\r_c11m1_greenhouse.vmf
==================================================================
6 threads
reading z:\mnt\f\stuff\git\l4d2-things\reverse_rda\map\r_c11m1_greenhouse.bsp
Detected L4D2 lump format
Max farz in all env_fog_controller entities: 9000 (used for radial vis)
reading z:\mnt\f\stuff\git\l4d2-things\reverse_rda\map\r_c11m1_greenhouse.prt
  64 portalclusters
 258 numportals
0...1...2...3...4...5...6...7...8...9...100...1...2...3...4...5...6...7...8...9...10Optimized: 10 visible clusters (0.55%)
Total clusters visible: 1809
Average clusters visible: 28
Building PAS...
Average clusters audible: 62
visdatasize:1601  compressed from 1024
writing z:\mnt\f\stuff\git\l4d2-things\reverse_rda\map\r_c11m1_greenhouse.bsp
Wrote ZIP buffer, estimated size 4573021, actual size 4522289
0 seconds elapsed



[Reading texlights from 'lights.rad']
[2 texlights parsed from 'lights.rad']

Loading z:\mnt\f\stuff\git\l4d2-things\reverse_rda\map\r_c11m1_greenhouse.bsp
8054 faces
1 degenerate faces
10450761 square feet [1504909568.00 square inches]
54 Displacements
23971 Square Feet [3451894.25 Square Inches]
8053 patches before subdivision
107621 patches after subdivision
42 direct lights
0...1...2...3...4...5...6...7...8...9...100...1...2...3...4...5...6...7...8...9...10transfers 8059651, max 1076
transfer lists:  61.5 megs
0...1...2...3...4...5...6...7...8...9...10	Bounce #1 added RGB(11922, 11586, 9189)
0...1...2...3...4...5...6...7...8...9...10	Bounce #2 added RGB(3049, 2511, 1549)
0...1...2...3...4...5...6...7...8...9...10	Bounce #3 added RGB(1202, 862, 413)
0...1...2...3...4...5...6...7...8...9...10	Bounce #4 added RGB(532, 345, 139)
0...1...2...3...4...5...6...7...8...9...10	Bounce #5 added RGB(262, 154, 53)
0...1...2...3...4...5...6...7...8...9...10	Bounce #6 added RGB(129, 70, 21)
0...1...2...3...4...5...6...7...8...9...10	Bounce #7 added RGB(66, 33, 9)
0...1...2...3...4...5...6...7...8...9...10	Bounce #8 added RGB(34, 16, 4)
0...1...2...3...4...5...6...7...8...9...10	Bounce #9 added RGB(18, 8, 2)
0...1...2...3...4...5...6...7...8...9...10	Bounce #10 added RGB(9, 4, 1)
0...1...2...3...4...5...6...7...8...9...10	Bounce #11 added RGB(5, 2, 0)
0...1...2...3...4...5...6...7...8...9...10	Bounce #12 added RGB(3, 1, 0)
0...1...2...3...4...5...6...7...8...9...10	Bounce #13 added RGB(1, 0, 0)
0...1...2...3...4...5...6...7...8...9...10	Bounce #14 added RGB(1, 0, 0)
Build Patch/Sample Hash Table(s).....Done<0.0334 sec>
0...1...2...3...4...5...6...7...8...9...10FinalLightFace Done
0 of 0 (0% of) surface lights went in leaf ambient cubes.
0...1...2...3...4...5...6...7...8...9...10Writing leaf ambient...done
Computing static prop lighting : 00...1...2...3...4...5...6...7...8...9...10
Ready to Finish

Object names       Objects/Maxobjs  Memory / Maxmem  Fullness 
------------       ---------------  ---------------  -------- 
models                 133/1024         6384/49152    (13.0%) 
brushes               2739/8192        32868/98304    (33.4%) 
brushsides           20423/65536      163384/524288   (31.2%) 
planes               12848/65536      256960/1310720  (19.6%) 
vertexes             15534/65536      186408/786432   (23.7%) 
nodes                 6004/65536      192128/2097152  ( 9.2%) 
texinfos              2913/12288      209736/884736   (23.7%) 
texdata                360/2048        11520/65536    (17.6%) 
dispinfos               54/0            9504/0        ( 0.0%) 
disp_verts            2582/0           51640/0        ( 0.0%) 
disp_tris             3840/0            7680/0        ( 0.0%) 
disp_lmsamples      118608/0          118608/0        ( 0.0%) 
faces                 8054/65536      451024/3670016  (12.3%) 
hdr faces             8054/65536      451024/3670016  (12.3%) 
origfaces             5093/65536      285208/3670016  ( 7.8%) 
leaves                6138/65536      196416/2097152  ( 9.4%) 
leaffaces            10139/65536       20278/131072   (15.5%) 
leafbrushes           8098/65536       16196/131072   (12.4%) 
areas                   16/256           128/2048     ( 6.3%) 
surfedges            58536/512000     234144/2048000  (11.4%) 
edges                38036/256000     152144/1024000  (14.9%) 
LDR worldlights          0/8192            0/819200   ( 0.0%) 
HDR worldlights         42/8192         4200/819200   ( 0.5%) 
leafwaterdata            0/32768           0/393216   ( 0.0%) 
waterstrips            780/32768        7800/327680   ( 2.4%) 
waterverts               0/65536           0/786432   ( 0.0%) 
waterindices         14697/65536       29394/131072   (22.4%) 
cubemapsamples          50/1024          800/16384    ( 4.9%) 
overlays               210/512         73920/180224   (41.0%) 
LDR lightdata         [variable]           0/0        ( 0.0%) 
HDR lightdata         [variable]     4043348/0        ( 0.0%) 
visdata               [variable]        1601/16777216 ( 0.0%) 
entdata               [variable]      372841/393216   (94.8%) VERY FULL!
LDR ambient table     6138/65536       24552/262144   ( 9.4%) 
HDR ambient table     6138/65536       24552/262144   ( 9.4%) 
LDR leaf ambient      6138/65536      171864/1835008  ( 9.4%) 
HDR leaf ambient     25328/65536      709184/1835008  (38.6%) 
occluders               14/0             560/0        ( 0.0%) 
occluder polygons       21/0             252/0        ( 0.0%) 
occluder vert ind       99/0             396/0        ( 0.0%) 
Prop Hull Verts          0/0               0/0        ( 0.0%) 
Prop Hull Blob           0/0               0/0        ( 0.0%) 
Prop Hull Lists          0/0               0/0        ( 0.0%) 
Prop Hulls               0/0               0/0        ( 0.0%) 
Prop Hull trilist        0/0               0/0        ( 0.0%) 
detail props          [variable]           1/12       ( 8.3%) 
static props          [variable]           1/76876    ( 0.0%) 
pakfile               [variable]     6646179/0        ( 0.0%) 
physics               [variable]     1013840/4194304  (24.2%) 
physics terrain       [variable]        9892/1048576  ( 0.9%) 

Level flags = 2

Total triangle count: 22082
Writing z:\mnt\f\stuff\git\l4d2-things\reverse_rda\map\r_c11m1_greenhouse.bsp
7 minutes, 7 seconds elapsed



Using shader api: shaderapiempty.dll
materialPath: Z:\mnt\d\SteamLibrary\steamapps\common\Left 4 Dead 2\left4dead2\materials
Loading Z:\mnt\f\stuff\git\l4d2-things\reverse_rda\map\r_c11m1_greenhouse.vmf
fixing up env_cubemap materials on brush sides...
0...1...2...3...4...5...6...7...8...9...100...1...2...3...4...5...6...7...8...9...10Processing areas...done (0)
Building Faces...done (0)
Occluder "" straddles multiple areas. This is invalid!
Occluder "" straddles multiple areas. This is invalid!
Occluder "" straddles multiple areas. This is invalid!
Occluder "" straddles multiple areas. This is invalid!
Occluder "" straddles multiple areas. This is invalid!
Occluder "" straddles multiple areas. This is invalid!
Occluder "" straddles multiple areas. This is invalid!
Occluder "" straddles multiple areas. This is invalid!
Occluder "" straddles multiple areas. This is invalid!
Chop Details...done (0)
Find Visible Detail Sides...
Merged 634 detail faces...done (0)
Merging details...done (0)
FixTjuncs...
PruneNodes...
WriteBSP...
done (0)
writing Z:\mnt\f\stuff\git\l4d2-things\reverse_rda\map\r_c11m1_greenhouse.prt...Building visibility clusters...
done (0)
Finding displacement neighbors...
Found a displacement edge abutting multiple other edges.
Finding lightmap sample positions...
Displacement Alpha : 0...1...2...3...4...5...6...7...8...9...10
Building Physics collision data...
done (1) (1011749 bytes)
Cannot build Physics2 data
                                                             -----------
DataLinker total stream size                                     0.0 KiB
Placing detail props : 0...1...2...3...4...5...6...7...8...9...10
Compacting texture/material tables...
Reduced 4873 texinfos to 2913
Reduced 443 texdatas to 360 (19757 bytes to 16431)
Writing Z:\mnt\f\stuff\git\l4d2-things\reverse_rda\map\r_c11m1_greenhouse.bsp
10 seconds elapsed

==================================================================
Date: 2026-07-09 20:45:47
Z:\mnt\d\SteamLibrary\steamapps\common\Left 4 Dead 2\bin\vvisplusplus.exe -game Z:\mnt\d\SteamLibrary\steamapps\common\Left 4 Dead 2\left4dead2 Z:\mnt\f\stuff\git\l4d2-things\reverse_rda\map\r_c11m1_greenhouse.vmf
==================================================================
6 threads
reading z:\mnt\f\stuff\git\l4d2-things\reverse_rda\map\r_c11m1_greenhouse.bsp
Detected L4D2 lump format
Max farz in all env_fog_controller entities: 9000 (used for radial vis)
reading z:\mnt\f\stuff\git\l4d2-things\reverse_rda\map\r_c11m1_greenhouse.prt
  64 portalclusters
 258 numportals
0...1...2...3...4...5...6...7...8...9...100...1...2...3...4...5...6...7...8...9...10Optimized: 10 visible clusters (0.55%)
Total clusters visible: 1809
Average clusters visible: 28
Building PAS...
Average clusters audible: 62
visdatasize:1601  compressed from 1024
writing z:\mnt\f\stuff\git\l4d2-things\reverse_rda\map\r_c11m1_greenhouse.bsp
Wrote ZIP buffer, estimated size 4573021, actual size 4522289
0 seconds elapsed



[Reading texlights from 'lights.rad']
[2 texlights parsed from 'lights.rad']

Loading z:\mnt\f\stuff\git\l4d2-things\reverse_rda\map\r_c11m1_greenhouse.bsp
8054 faces
1 degenerate faces
10450761 square feet [1504909568.00 square inches]
54 Displacements
23971 Square Feet [3451894.25 Square Inches]
8053 patches before subdivision
107621 patches after subdivision
42 direct lights
0...1...2...3...4...5...6...7...8...9...100...1...2...3...4...5...6...7...8...9...10transfers 8059651, max 1076
transfer lists:  61.5 megs
0...1...2...3...4...5...6...7...8...9...10	Bounce #1 added RGB(11920, 11584, 9188)
0...1...2...3...4...5...6...7...8...9...10	Bounce #2 added RGB(3049, 2511, 1549)
0...1...2...3...4...5...6...7...8...9...10	Bounce #3 added RGB(1202, 862, 413)
0...1...2...3...4...5...6...7...8...9...10	Bounce #4 added RGB(532, 345, 139)
0...1...2...3...4...5...6...7...8...9...10	Bounce #5 added RGB(262, 154, 53)
0...1...2...3...4...5...6...7...8...9...10	Bounce #6 added RGB(129, 70, 21)
0...1...2...3...4...5...6...7...8...9...10	Bounce #7 added RGB(66, 33, 9)
0...1...2...3...4...5...6...7...8...9...10	Bounce #8 added RGB(34, 16, 4)
0...1...2...3...4...5...6...7...8...9...10	Bounce #9 added RGB(18, 8, 2)
0...1...2...3...4...5...6...7...8...9...10	Bounce #10 added RGB(9, 4, 1)
0...1...2...3...4...5...6...7...8...9...10	Bounce #11 added RGB(5, 2, 0)
0...1...2...3...4...5...6...7...8...9...10	Bounce #12 added RGB(3, 1, 0)
0...1...2...3...4...5...6...7...8...9...10	Bounce #13 added RGB(1, 0, 0)
0...1...2...3...4...5...6...7...8...9...10	Bounce #14 added RGB(1, 0, 0)
Build Patch/Sample Hash Table(s).....Done<0.0297 sec>
0...1...2...3...4...5...6...7...8...9...10FinalLightFace Done
0 of 0 (0% of) surface lights went in leaf ambient cubes.
0...1...2...3...4...5...6...7...8...9...10Writing leaf ambient...done
Computing static prop lighting : 00...1...2...3...4...5...6...7...8...9...10
Ready to Finish

Object names       Objects/Maxobjs  Memory / Maxmem  Fullness 
------------       ---------------  ---------------  -------- 
models                 132/1024         6336/49152    (12.9%) 
brushes               2736/8192        32832/98304    (33.4%) 
brushsides           20401/65536      163208/524288   (31.1%) 
planes               12840/65536      256800/1310720  (19.6%) 
vertexes             15526/65536      186312/786432   (23.7%) 
nodes                 5998/65536      191936/2097152  ( 9.2%) 
texinfos              2913/12288      209736/884736   (23.7%) 
texdata                360/2048        11520/65536    (17.6%) 
dispinfos               54/0            9504/0        ( 0.0%) 
disp_verts            2582/0           51640/0        ( 0.0%) 
disp_tris             3840/0            7680/0        ( 0.0%) 
disp_lmsamples      118608/0          118608/0        ( 0.0%) 
faces                 8054/65536      451024/3670016  (12.3%) 
hdr faces             8054/65536      451024/3670016  (12.3%) 
origfaces             5093/65536      285208/3670016  ( 7.8%) 
leaves                6131/65536      196192/2097152  ( 9.4%) 
leaffaces            10139/65536       20278/131072   (15.5%) 
leafbrushes           8076/65536       16152/131072   (12.3%) 
areas                   16/256           128/2048     ( 6.3%) 
surfedges            58536/512000     234144/2048000  (11.4%) 
edges                38036/256000     152144/1024000  (14.9%) 
LDR worldlights          0/8192            0/819200   ( 0.0%) 
HDR worldlights         42/8192         4200/819200   ( 0.5%) 
leafwaterdata            0/32768           0/393216   ( 0.0%) 
waterstrips            780/32768        7800/327680   ( 2.4%) 
waterverts               0/65536           0/786432   ( 0.0%) 
waterindices         14697/65536       29394/131072   (22.4%) 
cubemapsamples          50/1024          800/16384    ( 4.9%) 
overlays               210/512         73920/180224   (41.0%) 
LDR lightdata         [variable]           0/0        ( 0.0%) 
HDR lightdata         [variable]     4043348/0        ( 0.0%) 
visdata               [variable]        1601/16777216 ( 0.0%) 
entdata               [variable]      372410/393216   (94.7%) VERY FULL!
LDR ambient table     6131/65536       24524/262144   ( 9.4%) 
HDR ambient table     6131/65536       24524/262144   ( 9.4%) 
LDR leaf ambient      6131/65536      171668/1835008  ( 9.4%) 
HDR leaf ambient     25269/65536      707532/1835008  (38.6%) 
occluders               14/0             560/0        ( 0.0%) 
occluder polygons       21/0             252/0        ( 0.0%) 
occluder vert ind       99/0             396/0        ( 0.0%) 
Prop Hull Verts          0/0               0/0        ( 0.0%) 
Prop Hull Blob           0/0               0/0        ( 0.0%) 
Prop Hull Lists          0/0               0/0        ( 0.0%) 
Prop Hulls               0/0               0/0        ( 0.0%) 
Prop Hull trilist        0/0               0/0        ( 0.0%) 
detail props          [variable]           1/12       ( 8.3%) 
static props          [variable]           1/76876    ( 0.0%) 
pakfile               [variable]     6646179/0        ( 0.0%) 
physics               [variable]     1011749/4194304  (24.1%) 
physics terrain       [variable]        9892/1048576  ( 0.9%) 

Level flags = 2

Total triangle count: 22082
Writing z:\mnt\f\stuff\git\l4d2-things\reverse_rda\map\r_c11m1_greenhouse.bsp
7 minutes, 37 seconds elapsed



Using shader api: shaderapiempty.dll
materialPath: Z:\mnt\d\SteamLibrary\steamapps\common\Left 4 Dead 2\left4dead2\materials
Loading Z:\mnt\f\stuff\git\l4d2-things\reverse_rda\map\r_c11m1_greenhouse.vmf
fixing up env_cubemap materials on brush sides...
0...1...2...3...4...5...6...7...8...9...100...1...2...3...4...5...6...7...8...9...10Processing areas...done (0)
Building Faces...done (0)
Occluder "" straddles multiple areas. This is invalid!
Occluder "" straddles multiple areas. This is invalid!
Occluder "" straddles multiple areas. This is invalid!
Occluder "" straddles multiple areas. This is invalid!
Occluder "" straddles multiple areas. This is invalid!
Occluder "" straddles multiple areas. This is invalid!
Occluder "" straddles multiple areas. This is invalid!
Occluder "" straddles multiple areas. This is invalid!
Occluder "" straddles multiple areas. This is invalid!
Chop Details...done (1)
Find Visible Detail Sides...
Merged 634 detail faces...done (1)
Merging details...done (0)
FixTjuncs...
PruneNodes...
WriteBSP...
done (0)
writing Z:\mnt\f\stuff\git\l4d2-things\reverse_rda\map\r_c11m1_greenhouse.prt...Building visibility clusters...
done (0)
Finding displacement neighbors...
Found a displacement edge abutting multiple other edges.
Finding lightmap sample positions...
Displacement Alpha : 0...1...2...3...4...5...6...7...8...9...10
Building Physics collision data...
done (1) (1016453 bytes)
Cannot build Physics2 data
                                                             -----------
DataLinker total stream size                                     0.0 KiB



Using shader api: shaderapiempty.dll
materialPath: Z:\mnt\d\SteamLibrary\steamapps\common\Left 4 Dead 2\left4dead2\materials
Loading Z:\mnt\f\stuff\git\l4d2-things\reverse_rda\map\r_c11m1_greenhouse.vmf
fixing up env_cubemap materials on brush sides...
0...1...2...3...4...5...6...7...8...9...100...1...2...3...4...5...6...7...8...9...10Processing areas...done (0)
Building Faces...done (0)
Occluder "" straddles multiple areas. This is invalid!
Occluder "" straddles multiple areas. This is invalid!
Occluder "" straddles multiple areas. This is invalid!
Occluder "" straddles multiple areas. This is invalid!
Occluder "" straddles multiple areas. This is invalid!
Occluder "" straddles multiple areas. This is invalid!
Occluder "" straddles multiple areas. This is invalid!
Occluder "" straddles multiple areas. This is invalid!
Occluder "" straddles multiple areas. This is invalid!
Chop Details...done (0)
Find Visible Detail Sides...
Merged 634 detail faces...done (1)
Merging details...done (0)
FixTjuncs...
PruneNodes...
WriteBSP...
done (0)
writing Z:\mnt\f\stuff\git\l4d2-things\reverse_rda\map\r_c11m1_greenhouse.prt...Building visibility clusters...
done (0)
Finding displacement neighbors...
Found a displacement edge abutting multiple other edges.
Finding lightmap sample positions...
Displacement Alpha : 0...1...2...3...4...5...6...7...8...9...10
Building Physics collision data...
done (1) (1016453 bytes)
Cannot build Physics2 data
                                                             -----------
DataLinker total stream size                                     0.0 KiB
Placing detail props : 0...1...2...3...4...5...6...7...8...9...10
Compacting texture/material tables...
Reduced 4879 texinfos to 2913
Reduced 443 texdatas to 360 (19757 bytes to 16431)
Writing Z:\mnt\f\stuff\git\l4d2-things\reverse_rda\map\r_c11m1_greenhouse.bsp
9 seconds elapsed

==================================================================
Date: 2026-07-10 16:03:31
Z:\mnt\d\SteamLibrary\steamapps\common\Left 4 Dead 2\bin\vvisplusplus.exe -game Z:\mnt\d\SteamLibrary\steamapps\common\Left 4 Dead 2\left4dead2 Z:\mnt\f\stuff\git\l4d2-things\reverse_rda\map\r_c11m1_greenhouse.vmf
==================================================================
6 threads
reading z:\mnt\f\stuff\git\l4d2-things\reverse_rda\map\r_c11m1_greenhouse.bsp
Detected L4D2 lump format
Max farz in all env_fog_controller entities: 9000 (used for radial vis)
reading z:\mnt\f\stuff\git\l4d2-things\reverse_rda\map\r_c11m1_greenhouse.prt
  64 portalclusters
 258 numportals
0...1...2...3...4...5...6...7...8...9...100...1...2...3...4...5...6...7...8...9...10Optimized: 10 visible clusters (0.55%)
Total clusters visible: 1809
Average clusters visible: 28
Building PAS...
Average clusters audible: 62
visdatasize:1601  compressed from 1024
writing z:\mnt\f\stuff\git\l4d2-things\reverse_rda\map\r_c11m1_greenhouse.bsp
Wrote ZIP buffer, estimated size 4573021, actual size 4522289
0 seconds elapsed



[Reading texlights from 'lights.rad']
[2 texlights parsed from 'lights.rad']

Loading z:\mnt\f\stuff\git\l4d2-things\reverse_rda\map\r_c11m1_greenhouse.bsp
8054 faces
1 degenerate faces
10450761 square feet [1504909568.00 square inches]
54 Displacements
23971 Square Feet [3451894.25 Square Inches]
8053 patches before subdivision
107621 patches after subdivision
42 direct lights
0...1...2...3...4...5...6...7...8...9...100...1...2...3...4...5...6...7...8...9...10transfers 8059651, max 1076
transfer lists:  61.5 megs
0...1...2...3...4...5...6...7...8...9...10	Bounce #1 added RGB(11920, 11583, 9187)
0...1...2...3...4...5...6...7...8...9...10	Bounce #2 added RGB(3049, 2511, 1549)
0...1...2...3...4...5...6...7...8...9...10	Bounce #3 added RGB(1202, 862, 413)
0...1...2...3...4...5...6...7...8...9...10	Bounce #4 added RGB(532, 345, 139)
0...1...2...3...4...5...6...7...8...9...10	Bounce #5 added RGB(262, 154, 53)
0...1...2...3...4...5...6...7...8...9...10	Bounce #6 added RGB(129, 70, 21)
0...1...2...3...4...5...6...7...8...9...10	Bounce #7 added RGB(66, 33, 9)
0...1...2...3...4...5...6...7...8...9...10	Bounce #8 added RGB(34, 16, 4)
0...1...2...3...4...5...6...7...8...9...10	Bounce #9 added RGB(18, 8, 2)
0...1...2...3...4...5...6...7...8...9...10	Bounce #10 added RGB(9, 4, 1)
0...1...2...3...4...5...6...7...8...9...10	Bounce #11 added RGB(5, 2, 0)
0...1...2...3...4...5...6...7...8...9...10	Bounce #12 added RGB(3, 1, 0)
0...1...2...3...4...5...6...7...8...9...10	Bounce #13 added RGB(1, 0, 0)
0...1...2...3...4...5...6...7...8...9...10	Bounce #14 added RGB(1, 0, 0)
Build Patch/Sample Hash Table(s).....Done<0.0271 sec>
0...1...2...3...4...5...6...7...8...9...10FinalLightFace Done
0 of 0 (0% of) surface lights went in leaf ambient cubes.
0...1...2...3...4...5...6...7...8...9...10Writing leaf ambient...done
Computing static prop lighting : 00...1...2...3...4...5...6...7...8...9...10
Ready to Finish

Object names       Objects/Maxobjs  Memory / Maxmem  Fullness 
------------       ---------------  ---------------  -------- 
models                 132/1024         6336/49152    (12.9%) 
brushes               2742/8192        32904/98304    (33.5%) 
brushsides           20445/65536      163560/524288   (31.2%) 
planes               12882/65536      257640/1310720  (19.7%) 
vertexes             15526/65536      186312/786432   (23.7%) 
nodes                 5998/65536      191936/2097152  ( 9.2%) 
texinfos              2913/12288      209736/884736   (23.7%) 
texdata                360/2048        11520/65536    (17.6%) 
dispinfos               54/0            9504/0        ( 0.0%) 
disp_verts            2582/0           51640/0        ( 0.0%) 
disp_tris             3840/0            7680/0        ( 0.0%) 
disp_lmsamples      118608/0          118608/0        ( 0.0%) 
faces                 8054/65536      451024/3670016  (12.3%) 
hdr faces             8054/65536      451024/3670016  (12.3%) 
origfaces             5093/65536      285208/3670016  ( 7.8%) 
leaves                6131/65536      196192/2097152  ( 9.4%) 
leaffaces            10139/65536       20278/131072   (15.5%) 
leafbrushes           8082/65536       16164/131072   (12.3%) 
areas                   16/256           128/2048     ( 6.3%) 
surfedges            58536/512000     234144/2048000  (11.4%) 
edges                38036/256000     152144/1024000  (14.9%) 
LDR worldlights          0/8192            0/819200   ( 0.0%) 
HDR worldlights         42/8192         4200/819200   ( 0.5%) 
leafwaterdata            0/32768           0/393216   ( 0.0%) 
waterstrips            780/32768        7800/327680   ( 2.4%) 
waterverts               0/65536           0/786432   ( 0.0%) 
waterindices         14697/65536       29394/131072   (22.4%) 
cubemapsamples          50/1024          800/16384    ( 4.9%) 
overlays               210/512         73920/180224   (41.0%) 
LDR lightdata         [variable]           0/0        ( 0.0%) 
HDR lightdata         [variable]     4043348/0        ( 0.0%) 
visdata               [variable]        1601/16777216 ( 0.0%) 
entdata               [variable]      372944/393216   (94.8%) VERY FULL!
LDR ambient table     6131/65536       24524/262144   ( 9.4%) 
HDR ambient table     6131/65536       24524/262144   ( 9.4%) 
LDR leaf ambient      6131/65536      171668/1835008  ( 9.4%) 
HDR leaf ambient     25270/65536      707560/1835008  (38.6%) 
occluders               14/0             560/0        ( 0.0%) 
occluder polygons       21/0             252/0        ( 0.0%) 
occluder vert ind       99/0             396/0        ( 0.0%) 
Prop Hull Verts          0/0               0/0        ( 0.0%) 
Prop Hull Blob           0/0               0/0        ( 0.0%) 
Prop Hull Lists          0/0               0/0        ( 0.0%) 
Prop Hulls               0/0               0/0        ( 0.0%) 
Prop Hull trilist        0/0               0/0        ( 0.0%) 
detail props          [variable]           1/12       ( 8.3%) 
static props          [variable]           1/76876    ( 0.0%) 
pakfile               [variable]     6646179/0        ( 0.0%) 
physics               [variable]     1016453/4194304  (24.2%) 
physics terrain       [variable]        9892/1048576  ( 0.9%) 

Level flags = 2

Total triangle count: 22082
Writing z:\mnt\f\stuff\git\l4d2-things\reverse_rda\map\r_c11m1_greenhouse.bsp
6 minutes, 58 seconds elapsed



Using shader api: shaderapiempty.dll
materialPath: Z:\mnt\d\SteamLibrary\steamapps\common\Left 4 Dead 2\left4dead2\materials
Loading Z:\mnt\f\stuff\git\l4d2-things\reverse_rda\map\r_c11m1_greenhouse.vmf
fixing up env_cubemap materials on brush sides...
0...1...2...3...4...5...6...7...8...9...100...1...2...3...4...5...6...7...8...9...10Processing areas...done (0)
Building Faces...done (0)
Occluder "" straddles multiple areas. This is invalid!
Occluder "" straddles multiple areas. This is invalid!
Occluder "" straddles multiple areas. This is invalid!
Occluder "" straddles multiple areas. This is invalid!
Occluder "" straddles multiple areas. This is invalid!
Occluder "" straddles multiple areas. This is invalid!
Occluder "" straddles multiple areas. This is invalid!
Occluder "" straddles multiple areas. This is invalid!
Occluder "" straddles multiple areas. This is invalid!
Chop Details...done (0)
Find Visible Detail Sides...
Merged 634 detail faces...done (0)
Merging details...done (0)
FixTjuncs...
PruneNodes...
WriteBSP...
done (1)
writing Z:\mnt\f\stuff\git\l4d2-things\reverse_rda\map\r_c11m1_greenhouse.prt...Building visibility clusters...
done (0)
Finding displacement neighbors...
Found a displacement edge abutting multiple other edges.
Finding lightmap sample positions...
Displacement Alpha : 0...1...2...3...4...5...6...7...8...9...10
Building Physics collision data...
done (1) (1016453 bytes)
Cannot build Physics2 data
                                                             -----------
DataLinker total stream size                                     0.0 KiB
Placing detail props : 0...1...2...3...4...5...6...7...8...9...10
Compacting texture/material tables...
Reduced 4879 texinfos to 2913
Reduced 443 texdatas to 360 (19757 bytes to 16431)
Writing Z:\mnt\f\stuff\git\l4d2-things\reverse_rda\map\r_c11m1_greenhouse.bsp
12 seconds elapsed

==================================================================
Date: 2026-07-12 17:09:54
Z:\mnt\d\SteamLibrary\steamapps\common\Left 4 Dead 2\bin\vvisplusplus.exe -game Z:\mnt\d\SteamLibrary\steamapps\common\Left 4 Dead 2\left4dead2 Z:\mnt\f\stuff\git\l4d2-things\reverse_rda\map\r_c11m1_greenhouse.vmf
==================================================================
6 threads
reading z:\mnt\f\stuff\git\l4d2-things\reverse_rda\map\r_c11m1_greenhouse.bsp
Detected L4D2 lump format
Max farz in all env_fog_controller entities: 9000 (used for radial vis)
reading z:\mnt\f\stuff\git\l4d2-things\reverse_rda\map\r_c11m1_greenhouse.prt
  64 portalclusters
 258 numportals
0...1...2...3...4...5...6...7...8...9...100...1...2...3...4...5...6...7...8...9...10Optimized: 10 visible clusters (0.55%)
Total clusters visible: 1809
Average clusters visible: 28
Building PAS...
Average clusters audible: 62
visdatasize:1601  compressed from 1024
writing z:\mnt\f\stuff\git\l4d2-things\reverse_rda\map\r_c11m1_greenhouse.bsp
Wrote ZIP buffer, estimated size 4573021, actual size 4522289
0 seconds elapsed



[Reading texlights from 'lights.rad']
[2 texlights parsed from 'lights.rad']

Loading z:\mnt\f\stuff\git\l4d2-things\reverse_rda\map\r_c11m1_greenhouse.bsp
8054 faces
1 degenerate faces
10450562 square feet [1504880896.00 square inches]
54 Displacements
23971 Square Feet [3451894.25 Square Inches]
8053 patches before subdivision
107621 patches after subdivision
42 direct lights
0...1...2...3...4...5...6...7...8...9...100...1...2...3...4...5...6...7...8...9...10transfers 8059875, max 1076
transfer lists:  61.5 megs
0...1...2...3...4...5...6...7...8...9...10	Bounce #1 added RGB(11922, 11586, 9189)
0...1...2...3...4...5...6...7...8...9...10	Bounce #2 added RGB(3049, 2511, 1549)
0...1...2...3...4...5...6...7...8...9...10	Bounce #3 added RGB(1202, 862, 413)
0...1...2...3...4...5...6...7...8...9...10	Bounce #4 added RGB(532, 345, 139)
0...1...2...3...4...5...6...7...8...9...10	Bounce #5 added RGB(262, 154, 53)
0...1...2...3...4...5...6...7...8...9...10	Bounce #6 added RGB(129, 70, 21)
0...1...2...3...4...5...6...7...8...9...10	Bounce #7 added RGB(66, 33, 9)
0...1...2...3...4...5...6...7...8...9...10	Bounce #8 added RGB(34, 16, 4)
0...1...2...3...4...5...6...7...8...9...10	Bounce #9 added RGB(18, 8, 2)
0...1...2...3...4...5...6...7...8...9...10	Bounce #10 added RGB(9, 4, 1)
0...1...2...3...4...5...6...7...8...9...10	Bounce #11 added RGB(5, 2, 0)
0...1...2...3...4...5...6...7...8...9...10	Bounce #12 added RGB(3, 1, 0)
0...1...2...3...4...5...6...7...8...9...10	Bounce #13 added RGB(1, 0, 0)
0...1...2...3...4...5...6...7...8...9...10	Bounce #14 added RGB(1, 0, 0)
Build Patch/Sample Hash Table(s).....Done<0.0282 sec>
0...1...2...3...4...5...6...7...8...9...10FinalLightFace Done
0 of 0 (0% of) surface lights went in leaf ambient cubes.
0...1...2...3...4...5...6...7...8...9...10Writing leaf ambient...done
Computing static prop lighting : 00...1...2...3...4...5...6...7...8...9...10
Ready to Finish

Object names       Objects/Maxobjs  Memory / Maxmem  Fullness 
------------       ---------------  ---------------  -------- 
models                 132/1024         6336/49152    (12.9%) 
brushes               2742/8192        32904/98304    (33.5%) 
brushsides           20445/65536      163560/524288   (31.2%) 
planes               12882/65536      257640/1310720  (19.7%) 
vertexes             15526/65536      186312/786432   (23.7%) 
nodes                 5998/65536      191936/2097152  ( 9.2%) 
texinfos              2913/12288      209736/884736   (23.7%) 
texdata                360/2048        11520/65536    (17.6%) 
dispinfos               54/0            9504/0        ( 0.0%) 
disp_verts            2582/0           51640/0        ( 0.0%) 
disp_tris             3840/0            7680/0        ( 0.0%) 
disp_lmsamples      118608/0          118608/0        ( 0.0%) 
faces                 8054/65536      451024/3670016  (12.3%) 
hdr faces             8054/65536      451024/3670016  (12.3%) 
origfaces             5093/65536      285208/3670016  ( 7.8%) 
leaves                6131/65536      196192/2097152  ( 9.4%) 
leaffaces            10139/65536       20278/131072   (15.5%) 
leafbrushes           8082/65536       16164/131072   (12.3%) 
areas                   16/256           128/2048     ( 6.3%) 
surfedges            58536/512000     234144/2048000  (11.4%) 
edges                38036/256000     152144/1024000  (14.9%) 
LDR worldlights          0/8192            0/819200   ( 0.0%) 
HDR worldlights         42/8192         4200/819200   ( 0.5%) 
leafwaterdata            0/32768           0/393216   ( 0.0%) 
waterstrips            780/32768        7800/327680   ( 2.4%) 
waterverts               0/65536           0/786432   ( 0.0%) 
waterindices         14697/65536       29394/131072   (22.4%) 
cubemapsamples          50/1024          800/16384    ( 4.9%) 
overlays               210/512         73920/180224   (41.0%) 
LDR lightdata         [variable]           0/0        ( 0.0%) 
HDR lightdata         [variable]     4043348/0        ( 0.0%) 
visdata               [variable]        1601/16777216 ( 0.0%) 
entdata               [variable]      372944/393216   (94.8%) VERY FULL!
LDR ambient table     6131/65536       24524/262144   ( 9.4%) 
HDR ambient table     6131/65536       24524/262144   ( 9.4%) 
LDR leaf ambient      6131/65536      171668/1835008  ( 9.4%) 
HDR leaf ambient     25263/65536      707364/1835008  (38.5%) 
occluders               14/0             560/0        ( 0.0%) 
occluder polygons       21/0             252/0        ( 0.0%) 
occluder vert ind       99/0             396/0        ( 0.0%) 
Prop Hull Verts          0/0               0/0        ( 0.0%) 
Prop Hull Blob           0/0               0/0        ( 0.0%) 
Prop Hull Lists          0/0               0/0        ( 0.0%) 
Prop Hulls               0/0               0/0        ( 0.0%) 
Prop Hull trilist        0/0               0/0        ( 0.0%) 
detail props          [variable]           1/12       ( 8.3%) 
static props          [variable]           1/76876    ( 0.0%) 
pakfile               [variable]     6646179/0        ( 0.0%) 
physics               [variable]     1016453/4194304  (24.2%) 
physics terrain       [variable]        9892/1048576  ( 0.9%) 

Level flags = 2

Total triangle count: 22082
Writing z:\mnt\f\stuff\git\l4d2-things\reverse_rda\map\r_c11m1_greenhouse.bsp
6 minutes, 47 seconds elapsed



Using shader api: shaderapiempty.dll
materialPath: Z:\mnt\d\SteamLibrary\steamapps\common\Left 4 Dead 2\left4dead2\materials
Loading Z:\mnt\f\stuff\git\l4d2-things\reverse_rda\map\r_c11m1_greenhouse.vmf
fixing up env_cubemap materials on brush sides...
0...1...2...3...4...5...6...7...8...9...100...1...2...3...4...5...6...7...8...9...10Processing areas...done (0)
Building Faces...done (0)
Occluder "" straddles multiple areas. This is invalid!
Occluder "" straddles multiple areas. This is invalid!
Occluder "" straddles multiple areas. This is invalid!
Occluder "" straddles multiple areas. This is invalid!
Occluder "" straddles multiple areas. This is invalid!
Occluder "" straddles multiple areas. This is invalid!
Occluder "" straddles multiple areas. This is invalid!
Occluder "" straddles multiple areas. This is invalid!
Occluder "" straddles multiple areas. This is invalid!
Chop Details...done (0)
Find Visible Detail Sides...
Merged 634 detail faces...done (0)
Merging details...done (0)
FixTjuncs...
PruneNodes...
WriteBSP...
done (0)
writing Z:\mnt\f\stuff\git\l4d2-things\reverse_rda\map\r_c11m1_greenhouse.prt...Building visibility clusters...
done (0)
Finding displacement neighbors...
Found a displacement edge abutting multiple other edges.
Finding lightmap sample positions...
Displacement Alpha : 0...1...2...3...4...5...6...7...8...9...10
Building Physics collision data...
done (1) (1017637 bytes)
Cannot build Physics2 data
                                                             -----------
DataLinker total stream size                                     0.0 KiB
Placing detail props : 0...1...2...3...4...5...6...7...8...9...10
Compacting texture/material tables...
Reduced 4883 texinfos to 2913
Reduced 443 texdatas to 360 (19757 bytes to 16431)
Writing Z:\mnt\f\stuff\git\l4d2-things\reverse_rda\map\r_c11m1_greenhouse.bsp
10 seconds elapsed

==================================================================
Date: 2026-07-14 20:20:46
Z:\mnt\d\SteamLibrary\steamapps\common\Left 4 Dead 2\bin\vvisplusplus.exe -game Z:\mnt\d\SteamLibrary\steamapps\common\Left 4 Dead 2\left4dead2 Z:\mnt\f\stuff\git\l4d2-things\reverse_rda\map\r_c11m1_greenhouse.vmf
==================================================================
6 threads
reading z:\mnt\f\stuff\git\l4d2-things\reverse_rda\map\r_c11m1_greenhouse.bsp
Detected L4D2 lump format
Max farz in all env_fog_controller entities: 9000 (used for radial vis)
reading z:\mnt\f\stuff\git\l4d2-things\reverse_rda\map\r_c11m1_greenhouse.prt
  64 portalclusters
 258 numportals
0...1...2...3...4...5...6...7...8...9...100...1...2...3...4...5...6...7...8...9...10Optimized: 10 visible clusters (0.55%)
Total clusters visible: 1809
Average clusters visible: 28
Building PAS...
Average clusters audible: 62
visdatasize:1601  compressed from 1024
writing z:\mnt\f\stuff\git\l4d2-things\reverse_rda\map\r_c11m1_greenhouse.bsp
Wrote ZIP buffer, estimated size 4573021, actual size 4522289
0 seconds elapsed



[Reading texlights from 'lights.rad']
[2 texlights parsed from 'lights.rad']

Loading z:\mnt\f\stuff\git\l4d2-things\reverse_rda\map\r_c11m1_greenhouse.bsp
8054 faces
1 degenerate faces
10450562 square feet [1504880896.00 square inches]
54 Displacements
23971 Square Feet [3451894.25 Square Inches]
8053 patches before subdivision
107621 patches after subdivision
42 direct lights
0...1...2...3...4...5...6...7...8...9...100...1...2...3...4...5...6...7...8...9...10transfers 8059875, max 1076
transfer lists:  61.5 megs
0...1...2...3...4...5...6...7...8...9...10	Bounce #1 added RGB(11922, 11586, 9189)
0...1...2...3...4...5...6...7...8...9...10	Bounce #2 added RGB(3049, 2511, 1549)
0...1...2...3...4...5...6...7...8...9...10	Bounce #3 added RGB(1202, 862, 413)
0...1...2...3...4...5...6...7...8...9...10	Bounce #4 added RGB(532, 345, 139)
0...1...2...3...4...5...6...7...8...9...10	Bounce #5 added RGB(262, 154, 53)
0...1...2...3...4...5...6...7...8...9...10	Bounce #6 added RGB(129, 70, 21)
0...1...2...3...4...5...6...7...8...9...10	Bounce #7 added RGB(66, 33, 9)
0...1...2...3...4...5...6...7...8...9...10	Bounce #8 added RGB(34, 16, 4)
0...1...2...3...4...5...6...7...8...9...10	Bounce #9 added RGB(18, 8, 2)
0...1...2...3...4...5...6...7...8...9...10	Bounce #10 added RGB(9, 4, 1)
0...1...2...3...4...5...6...7...8...9...10	Bounce #11 added RGB(5, 2, 0)
0...1...2...3...4...5...6...7...8...9...10	Bounce #12 added RGB(3, 1, 0)
0...1...2...3...4...5...6...7...8...9...10	Bounce #13 added RGB(1, 0, 0)
0...1...2...3...4...5...6...7...8...9...10	Bounce #14 added RGB(1, 0, 0)
Build Patch/Sample Hash Table(s).....Done<0.0272 sec>
0...1...2...3...4...5...6...7...8...9...10FinalLightFace Done
0 of 0 (0% of) surface lights went in leaf ambient cubes.
0...1...2...3...4...5...6...7...8...9...10Writing leaf ambient...done
Computing static prop lighting : 00...1...2...3...4...5...6...7...8...9...10
Ready to Finish

Object names       Objects/Maxobjs  Memory / Maxmem  Fullness 
------------       ---------------  ---------------  -------- 
models                 132/1024         6336/49152    (12.9%) 
brushes               2746/8192        32952/98304    (33.5%) 
brushsides           20478/65536      163824/524288   (31.2%) 
planes               12908/65536      258160/1310720  (19.7%) 
vertexes             15526/65536      186312/786432   (23.7%) 
nodes                 5998/65536      191936/2097152  ( 9.2%) 
texinfos              2913/12288      209736/884736   (23.7%) 
texdata                360/2048        11520/65536    (17.6%) 
dispinfos               54/0            9504/0        ( 0.0%) 
disp_verts            2582/0           51640/0        ( 0.0%) 
disp_tris             3840/0            7680/0        ( 0.0%) 
disp_lmsamples      118608/0          118608/0        ( 0.0%) 
faces                 8054/65536      451024/3670016  (12.3%) 
hdr faces             8054/65536      451024/3670016  (12.3%) 
origfaces             5093/65536      285208/3670016  ( 7.8%) 
leaves                6131/65536      196192/2097152  ( 9.4%) 
leaffaces            10139/65536       20278/131072   (15.5%) 
leafbrushes           8131/65536       16262/131072   (12.4%) 
areas                   16/256           128/2048     ( 6.3%) 
surfedges            58536/512000     234144/2048000  (11.4%) 
edges                38036/256000     152144/1024000  (14.9%) 
LDR worldlights          0/8192            0/819200   ( 0.0%) 
HDR worldlights         42/8192         4200/819200   ( 0.5%) 
leafwaterdata            0/32768           0/393216   ( 0.0%) 
waterstrips            780/32768        7800/327680   ( 2.4%) 
waterverts               0/65536           0/786432   ( 0.0%) 
waterindices         14697/65536       29394/131072   (22.4%) 
cubemapsamples          50/1024          800/16384    ( 4.9%) 
overlays               210/512         73920/180224   (41.0%) 
LDR lightdata         [variable]           0/0        ( 0.0%) 
HDR lightdata         [variable]     4043348/0        ( 0.0%) 
visdata               [variable]        1601/16777216 ( 0.0%) 
entdata               [variable]      372944/393216   (94.8%) VERY FULL!
LDR ambient table     6131/65536       24524/262144   ( 9.4%) 
HDR ambient table     6131/65536       24524/262144   ( 9.4%) 
LDR leaf ambient      6131/65536      171668/1835008  ( 9.4%) 
HDR leaf ambient     25263/65536      707364/1835008  (38.5%) 
occluders               14/0             560/0        ( 0.0%) 
occluder polygons       21/0             252/0        ( 0.0%) 
occluder vert ind       99/0             396/0        ( 0.0%) 
Prop Hull Verts          0/0               0/0        ( 0.0%) 
Prop Hull Blob           0/0               0/0        ( 0.0%) 
Prop Hull Lists          0/0               0/0        ( 0.0%) 
Prop Hulls               0/0               0/0        ( 0.0%) 
Prop Hull trilist        0/0               0/0        ( 0.0%) 
detail props          [variable]           1/12       ( 8.3%) 
static props          [variable]           1/76876    ( 0.0%) 
pakfile               [variable]     6646179/0        ( 0.0%) 
physics               [variable]     1017637/4194304  (24.3%) 
physics terrain       [variable]        9892/1048576  ( 0.9%) 

Level flags = 2

Total triangle count: 22082
Writing z:\mnt\f\stuff\git\l4d2-things\reverse_rda\map\r_c11m1_greenhouse.bsp
6 minutes, 14 seconds elapsed



Using shader api: shaderapiempty.dll
materialPath: Z:\mnt\d\SteamLibrary\steamapps\common\Left 4 Dead 2\left4dead2\materials
Loading Z:\mnt\f\stuff\git\l4d2-things\reverse_rda\map\r_c11m1_greenhouse.vmf
KeyValues Error: RecursiveLoadFromBuffer:  got EOF instead of keyname in file materials/skybox/moonairport.vmt
UnlitGeneric, (*UnlitGeneric_HDR_dx9*), (*Proxies*), (*AnimatedTexture*), 
KeyValues Error: RecursiveLoadFromBuffer:  got EOF instead of keyname in file materials/skybox/moonairport.vmt
UnlitGeneric, (*UnlitGeneric_HDR_dx9*), (*Proxies*), (*AnimatedTexture*), 
fixing up env_cubemap materials on brush sides...
KeyValues Error: RecursiveLoadFromBuffer:  got EOF instead of keyname in file materials/SKYBOX/MOONAIRPORT.vmt
UnlitGeneric, (*UnlitGeneric_HDR_dx9*), (*Proxies*), (*AnimatedTexture*), 
KeyValues Error: RecursiveLoadFromBuffer:  got EOF instead of keyname in file materials/SKYBOX/MOONAIRPORT.vmt
UnlitGeneric, (*UnlitGeneric_HDR_dx9*), (*Proxies*), (*AnimatedTexture*), 
KeyValues Error: RecursiveLoadFromBuffer:  got EOF instead of keyname in file materials/SKYBOX/MOONAIRPORT.vmt
UnlitGeneric, (*UnlitGeneric_HDR_dx9*), (*Proxies*), (*AnimatedTexture*), 
KeyValues Error: RecursiveLoadFromBuffer:  got EOF instead of keyname in file materials/SKYBOX/MOONAIRPORT.vmt
UnlitGeneric, (*UnlitGeneric_HDR_dx9*), (*Proxies*), (*AnimatedTexture*), 
0...1...2...3...4...5...6...7...8...9...100...1...2...3...4...5...6...7...8...9...10Processing areas...done (0)
Building Faces...done (0)
Occluder "" straddles multiple areas. This is invalid!
Occluder "" straddles multiple areas. This is invalid!
Occluder "" straddles multiple areas. This is invalid!
Occluder "" straddles multiple areas. This is invalid!
Occluder "" straddles multiple areas. This is invalid!
Occluder "" straddles multiple areas. This is invalid!
Occluder "" straddles multiple areas. This is invalid!
Occluder "" straddles multiple areas. This is invalid!
Occluder "" straddles multiple areas. This is invalid!
Chop Details...done (0)
Find Visible Detail Sides...
Merged 634 detail faces...done (0)
Merging details...done (0)
FixTjuncs...
PruneNodes...
WriteBSP...
done (1)
writing Z:\mnt\f\stuff\git\l4d2-things\reverse_rda\map\r_c11m1_greenhouse.prt...Building visibility clusters...
done (0)
Finding displacement neighbors...
Found a displacement edge abutting multiple other edges.
Finding lightmap sample positions...
Displacement Alpha : 0...1...2...3...4...5...6...7...8...9...10
Building Physics collision data...
done (1) (1017245 bytes)
Cannot build Physics2 data
                                                             -----------
DataLinker total stream size                                     0.0 KiB
Placing detail props : 0...1...2...3...4...5...6...7...8...9...10
Compacting texture/material tables...
Reduced 4857 texinfos to 2909
Reduced 439 texdatas to 358 (19535 bytes to 16283)
Writing Z:\mnt\f\stuff\git\l4d2-things\reverse_rda\map\r_c11m1_greenhouse.bsp
10 seconds elapsed

==================================================================
Date: 2026-08-16 15:08:14
Z:\mnt\d\SteamLibrary\steamapps\common\Left 4 Dead 2\bin\vvisplusplus.exe -game Z:\mnt\d\SteamLibrary\steamapps\common\Left 4 Dead 2\left4dead2 Z:\mnt\f\stuff\git\l4d2-things\reverse_rda\map\r_c11m1_greenhouse.vmf
==================================================================
6 threads
reading z:\mnt\f\stuff\git\l4d2-things\reverse_rda\map\r_c11m1_greenhouse.bsp
Detected L4D2 lump format
Max farz in all env_fog_controller entities: 9000 (used for radial vis)
reading z:\mnt\f\stuff\git\l4d2-things\reverse_rda\map\r_c11m1_greenhouse.prt
  64 portalclusters
 258 numportals
0...1...2...3...4...5...6...7...8...9...100...1...2...3...4...5...6...7...8...9...10Optimized: 10 visible clusters (0.55%)
Total clusters visible: 1809
Average clusters visible: 28
Building PAS...
Average clusters audible: 62
visdatasize:1601  compressed from 1024
writing z:\mnt\f\stuff\git\l4d2-things\reverse_rda\map\r_c11m1_greenhouse.bsp
Wrote ZIP buffer, estimated size 4571087, actual size 4520891
0 seconds elapsed



[Reading texlights from 'lights.rad']
[2 texlights parsed from 'lights.rad']

Loading z:\mnt\f\stuff\git\l4d2-things\reverse_rda\map\r_c11m1_greenhouse.bsp
8052 faces
1 degenerate faces
10450603 square feet [1504886784.00 square inches]
54 Displacements
23971 Square Feet [3451894.25 Square Inches]
8051 patches before subdivision
107579 patches after subdivision
42 direct lights
0...1...2...3...4...5...6...7...8...9...100...1...2...3...4...5...6...7...8...9...10transfers 8043923, max 1076
transfer lists:  61.4 megs
0...1...2...3...4...5...6...7...8...9...10	Bounce #1 added RGB(47849, 40393, 49373)
0...1...2...3...4...5...6...7...8...9...10	Bounce #2 added RGB(28255, 19340, 27809)
0...1...2...3...4...5...6...7...8...9...10	Bounce #3 added RGB(18430, 10638, 16920)
0...1...2...3...4...5...6...7...8...9...10	Bounce #4 added RGB(13594, 6848, 11702)
0...1...2...3...4...5...6...7...8...9...10	Bounce #5 added RGB(10027, 4575, 8262)
0...1...2...3...4...5...6...7...8...9...10	Bounce #6 added RGB(8224, 3380, 6382)
0...1...2...3...4...5...6...7...8...9...10	Bounce #7 added RGB(6435, 2451, 4841)
0...1...2...3...4...5...6...7...8...9...10	Bounce #8 added RGB(5567, 1919, 3980)
0...1...2...3...4...5...6...7...8...9...10	Bounce #9 added RGB(4490, 1447, 3137)
0...1...2...3...4...5...6...7...8...9...10	Bounce #10 added RGB(3995, 1162, 2676)
0...1...2...3...4...5...6...7...8...9...10	Bounce #11 added RGB(3278, 895, 2158)
0...1...2...3...4...5...6...7...8...9...10	Bounce #12 added RGB(2962, 728, 1884)
0...1...2...3...4...5...6...7...8...9...10	Bounce #13 added RGB(2458, 568, 1542)
0...1...2...3...4...5...6...7...8...9...10	Bounce #14 added RGB(2242, 466, 1367)
0...1...2...3...4...5...6...7...8...9...10	Bounce #15 added RGB(1876, 367, 1131)
0...1...2...3...4...5...6...7...8...9...10	Bounce #16 added RGB(1722, 303, 1015)
0...1...2...3...4...5...6...7...8...9...10	Bounce #17 added RGB(1451, 240, 846)
0...1...2...3...4...5...6...7...8...9...10	Bounce #18 added RGB(1337, 199, 765)
0...1...2...3...4...5...6...7...8...9...10	Bounce #19 added RGB(1133, 159, 643)
0...1...2...3...4...5...6...7...8...9...10	Bounce #20 added RGB(1047, 133, 586)
0...1...2...3...4...5...6...7...8...9...10	Bounce #21 added RGB(893, 106, 495)
0...1...2...3...4...5...6...7...8...9...10	Bounce #22 added RGB(827, 89, 453)
0...1...2...3...4...5...6...7...8...9...10	Bounce #23 added RGB(710, 71, 385)
0...1...2...3...4...5...6...7...8...9...10	Bounce #24 added RGB(658, 60, 355)
0...1...2...3...4...5...6...7...8...9...10	Bounce #25 added RGB(568, 48, 303)
0...1...2...3...4...5...6...7...8...9...10	Bounce #26 added RGB(527, 41, 280)
0...1...2...3...4...5...6...7...8...9...10	Bounce #27 added RGB(458, 33, 240)
0...1...2...3...4...5...6...7...8...9...10	Bounce #28 added RGB(426, 28, 223)
0...1...2...3...4...5...6...7...8...9...10	Bounce #29 added RGB(371, 23, 193)
0...1...2...3...4...5...6...7...8...9...10	Bounce #30 added RGB(346, 19, 179)
0...1...2...3...4...5...6...7...8...9...10	Bounce #31 added RGB(303, 16, 156)
0...1...2...3...4...5...6...7...8...9...10	Bounce #32 added RGB(282, 14, 145)
0...1...2...3...4...5...6...7...8...9...10	Bounce #33 added RGB(249, 11, 127)
0...1...2...3...4...5...6...7...8...9...10	Bounce #34 added RGB(232, 9, 118)
0...1...2...3...4...5...6...7...8...9...10	Bounce #35 added RGB(206, 8, 104)
0...1...2...3...4...5...6...7...8...9...10	Bounce #36 added RGB(192, 7, 97)
0...1...2...3...4...5...6...7...8...9...10	Bounce #37 added RGB(171, 5, 86)
0...1...2...3...4...5...6...7...8...9...10	Bounce #38 added RGB(160, 5, 81)
0...1...2...3...4...5...6...7...8...9...10	Bounce #39 added RGB(143, 4, 71)
0...1...2...3...4...5...6...7...8...9...10	Bounce #40 added RGB(134, 3, 67)
0...1...2...3...4...5...6...7...8...9...10	Bounce #41 added RGB(120, 3, 59)
0...1...2...3...4...5...6...7...8...9...10	Bounce #42 added RGB(113, 2, 56)
0...1...2...3...4...5...6...7...8...9...10	Bounce #43 added RGB(102, 2, 50)
0...1...2...3...4...5...6...7...8...9...10	Bounce #44 added RGB(95, 2, 47)
0...1...2...3...4...5...6...7...8...9...10	Bounce #45 added RGB(86, 1, 42)
0...1...2...3...4...5...6...7...8...9...10	Bounce #46 added RGB(81, 1, 40)
0...1...2...3...4...5...6...7...8...9...10	Bounce #47 added RGB(74, 1, 36)
0...1...2...3...4...5...6...7...8...9...10	Bounce #48 added RGB(69, 1, 34)
0...1...2...3...4...5...6...7...8...9...10	Bounce #49 added RGB(63, 1, 31)
0...1...2...3...4...5...6...7...8...9...10	Bounce #50 added RGB(59, 1, 29)
0...1...2...3...4...5...6...7...8...9...10	Bounce #51 added RGB(54, 1, 26)
0...1...2...3...4...5...6...7...8...9...10	Bounce #52 added RGB(51, 0, 25)
0...1...2...3...4...5...6...7...8...9...10	Bounce #53 added RGB(47, 0, 22)
0...1...2...3...4...5...6...7...8...9...10	Bounce #54 added RGB(44, 0, 21)
0...1...2...3...4...5...6...7...8...9...10	Bounce #55 added RGB(40, 0, 19)
0...1...2...3...4...5...6...7...8...9...10	Bounce #56 added RGB(38, 0, 18)
0...1...2...3...4...5...6...7...8...9...10	Bounce #57 added RGB(35, 0, 17)
0...1...2...3...4...5...6...7...8...9...10	Bounce #58 added RGB(33, 0, 16)
0...1...2...3...4...5...6...7...8...9...10	Bounce #59 added RGB(30, 0, 14)
0...1...2...3...4...5...6...7...8...9...10	Bounce #60 added RGB(29, 0, 14)
0...1...2...3...4...5...6...7...8...9...10	Bounce #61 added RGB(27, 0, 13)
0...1...2...3...4...5...6...7...8...9...10	Bounce #62 added RGB(25, 0, 12)
0...1...2...3...4...5...6...7...8...9...10	Bounce #63 added RGB(23, 0, 11)
0...1...2...3...4...5...6...7...8...9...10	Bounce #64 added RGB(22, 0, 10)
0...1...2...3...4...5...6...7...8...9...10	Bounce #65 added RGB(20, 0, 9)
0...1...2...3...4...5...6...7...8...9...10	Bounce #66 added RGB(19, 0, 9)
0...1...2...3...4...5...6...7...8...9...10	Bounce #67 added RGB(18, 0, 8)
0...1...2...3...4...5...6...7...8...9...10	Bounce #68 added RGB(17, 0, 8)
0...1...2...3...4...5...6...7...8...9...10	Bounce #69 added RGB(16, 0, 7)
0...1...2...3...4...5...6...7...8...9...10	Bounce #70 added RGB(15, 0, 7)
0...1...2...3...4...5...6...7...8...9...10	Bounce #71 added RGB(14, 0, 6)
0...1...2...3...4...5...6...7...8...9...10	Bounce #72 added RGB(13, 0, 6)
0...1...2...3...4...5...6...7...8...9...10	Bounce #73 added RGB(12, 0, 6)
0...1...2...3...4...5...6...7...8...9...10	Bounce #74 added RGB(11, 0, 5)
0...1...2...3...4...5...6...7...8...9...10	Bounce #75 added RGB(11, 0, 5)
0...1...2...3...4...5...6...7...8...9...10	Bounce #76 added RGB(10, 0, 5)
0...1...2...3...4...5...6...7...8...9...10	Bounce #77 added RGB(9, 0, 4)
0...1...2...3...4...5...6...7...8...9...10	Bounce #78 added RGB(9, 0, 4)
0...1...2...3...4...5...6...7...8...9...10	Bounce #79 added RGB(8, 0, 4)
0...1...2...3...4...5...6...7...8...9...10	Bounce #80 added RGB(8, 0, 4)
0...1...2...3...4...5...6...7...8...9...10	Bounce #81 added RGB(7, 0, 3)
0...1...2...3...4...5...6...7...8...9...10	Bounce #82 added RGB(7, 0, 3)
0...1...2...3...4...5...6...7...8...9...10	Bounce #83 added RGB(7, 0, 3)
0...1...2...3...4...5...6...7...8...9...10	Bounce #84 added RGB(6, 0, 3)
0...1...2...3...4...5...6...7...8...9...10	Bounce #85 added RGB(6, 0, 3)
0...1...2...3...4...5...6...7...8...9...10	Bounce #86 added RGB(6, 0, 2)
0...1...2...3...4...5...6...7...8...9...10	Bounce #87 added RGB(5, 0, 2)
0...1...2...3...4...5...6...7...8...9...10	Bounce #88 added RGB(5, 0, 2)
0...1...2...3...4...5...6...7...8...9...10	Bounce #89 added RGB(5, 0, 2)
0...1...2...3...4...5...6...7...8...9...10	Bounce #90 added RGB(4, 0, 2)
0...1...2...3...4...5...6...7...8...9...10	Bounce #91 added RGB(4, 0, 2)
0...1...2...3...4...5...6...7...8...9...10	Bounce #92 added RGB(4, 0, 2)
0...1...2...3...4...5...6...7...8...9...10	Bounce #93 added RGB(4, 0, 2)
0...1...2...3...4...5...6...7...8...9...10	Bounce #94 added RGB(3, 0, 1)
0...1...2...3...4...5...6...7...8...9...10	Bounce #95 added RGB(3, 0, 1)
0...1...2...3...4...5...6...7...8...9...10	Bounce #96 added RGB(3, 0, 1)
0...1...2...3...4...5...6...7...8...9...10	Bounce #97 added RGB(3, 0, 1)
0...1...2...3...4...5...6...7...8...9...10	Bounce #98 added RGB(3, 0, 1)
0...1...2...3...4...5...6...7...8...9...10	Bounce #99 added RGB(3, 0, 1)
0...1...2...3...4...5...6...7...8...9...10	Bounce #100 added RGB(2, 0, 1)
Build Patch/Sample Hash Table(s).....Done<0.0286 sec>
0...1...2...3...4...5...6...7...8...9...10FinalLightFace Done
0 of 0 (0% of) surface lights went in leaf ambient cubes.
0...1...2...3...4...5...6...7...8...9...10Writing leaf ambient...done
Computing static prop lighting : 00...1...2...3...4...5...6...7...8...9...10
Ready to Finish

Object names       Objects/Maxobjs  Memory / Maxmem  Fullness 
------------       ---------------  ---------------  -------- 
models                 132/1024         6336/49152    (12.9%) 
brushes               2745/8192        32940/98304    (33.5%) 
brushsides           20472/65536      163776/524288   (31.2%) 
planes               12908/65536      258160/1310720  (19.7%) 
vertexes             15520/65536      186240/786432   (23.7%) 
nodes                 5996/65536      191872/2097152  ( 9.1%) 
texinfos              2909/12288      209448/884736   (23.7%) 
texdata                358/2048        11456/65536    (17.5%) 
dispinfos               54/0            9504/0        ( 0.0%) 
disp_verts            2582/0           51640/0        ( 0.0%) 
disp_tris             3840/0            7680/0        ( 0.0%) 
disp_lmsamples      118608/0          118608/0        ( 0.0%) 
faces                 8052/65536      450912/3670016  (12.3%) 
hdr faces             8052/65536      450912/3670016  (12.3%) 
origfaces             5090/65536      285040/3670016  ( 7.8%) 
leaves                6129/65536      196128/2097152  ( 9.4%) 
leaffaces            10135/65536       20270/131072   (15.5%) 
leafbrushes           8127/65536       16254/131072   (12.4%) 
areas                   16/256           128/2048     ( 6.3%) 
surfedges            58517/512000     234068/2048000  (11.4%) 
edges                38023/256000     152092/1024000  (14.9%) 
LDR worldlights          0/8192            0/819200   ( 0.0%) 
HDR worldlights         42/8192         4200/819200   ( 0.5%) 
leafwaterdata            0/32768           0/393216   ( 0.0%) 
waterstrips            781/32768        7810/327680   ( 2.4%) 
waterverts               0/65536           0/786432   ( 0.0%) 
waterindices         14748/65536       29496/131072   (22.5%) 
cubemapsamples          50/1024          800/16384    ( 4.9%) 
overlays               210/512         73920/180224   (41.0%) 
LDR lightdata         [variable]           0/0        ( 0.0%) 
HDR lightdata         [variable]     4042412/0        ( 0.0%) 
visdata               [variable]        1601/16777216 ( 0.0%) 
entdata               [variable]      372944/393216   (94.8%) VERY FULL!
LDR ambient table     6129/65536       24516/262144   ( 9.4%) 
HDR ambient table     6129/65536       24516/262144   ( 9.4%) 
LDR leaf ambient      6129/65536      171612/1835008  ( 9.4%) 
HDR leaf ambient     25569/65536      715932/1835008  (39.0%) 
occluders               14/0             560/0        ( 0.0%) 
occluder polygons       21/0             252/0        ( 0.0%) 
occluder vert ind       99/0             396/0        ( 0.0%) 
Prop Hull Verts          0/0               0/0        ( 0.0%) 
Prop Hull Blob           0/0               0/0        ( 0.0%) 
Prop Hull Lists          0/0               0/0        ( 0.0%) 
Prop Hulls               0/0               0/0        ( 0.0%) 
Prop Hull trilist        0/0               0/0        ( 0.0%) 
detail props          [variable]           1/12       ( 8.3%) 
static props          [variable]           1/76872    ( 0.0%) 
pakfile               [variable]     6937133/0        ( 0.0%) 
physics               [variable]     1017245/4194304  (24.3%) 
physics terrain       [variable]        9892/1048576  ( 0.9%) 

Level flags = 2

Total triangle count: 22078
Writing z:\mnt\f\stuff\git\l4d2-things\reverse_rda\map\r_c11m1_greenhouse.bsp
1 minute, 50 seconds elapsed



Using shader api: shaderapiempty.dll
materialPath: Z:\mnt\d\SteamLibrary\steamapps\common\Left 4 Dead 2\left4dead2\materials
Loading Z:\mnt\f\stuff\git\l4d2-things\reverse_rda\map\r_c11m1_greenhouse.vmf
KeyValues Error: RecursiveLoadFromBuffer:  got EOF instead of keyname in file materials/skybox/moonairport.vmt
UnlitGeneric, (*UnlitGeneric_HDR_dx9*), (*Proxies*), (*AnimatedTexture*), 
KeyValues Error: RecursiveLoadFromBuffer:  got EOF instead of keyname in file materials/skybox/moonairport.vmt
UnlitGeneric, (*UnlitGeneric_HDR_dx9*), (*Proxies*), (*AnimatedTexture*), 
fixing up env_cubemap materials on brush sides...
KeyValues Error: RecursiveLoadFromBuffer:  got EOF instead of keyname in file materials/SKYBOX/MOONAIRPORT.vmt
UnlitGeneric, (*UnlitGeneric_HDR_dx9*), (*Proxies*), (*AnimatedTexture*), 
KeyValues Error: RecursiveLoadFromBuffer:  got EOF instead of keyname in file materials/SKYBOX/MOONAIRPORT.vmt
UnlitGeneric, (*UnlitGeneric_HDR_dx9*), (*Proxies*), (*AnimatedTexture*), 
KeyValues Error: RecursiveLoadFromBuffer:  got EOF instead of keyname in file materials/SKYBOX/MOONAIRPORT.vmt
UnlitGeneric, (*UnlitGeneric_HDR_dx9*), (*Proxies*), (*AnimatedTexture*), 
KeyValues Error: RecursiveLoadFromBuffer:  got EOF instead of keyname in file materials/SKYBOX/MOONAIRPORT.vmt
UnlitGeneric, (*UnlitGeneric_HDR_dx9*), (*Proxies*), (*AnimatedTexture*), 
0...1...2...3...4...5...6...7...8...9...100...1...2...3...4...5...6...7...8...9...10Processing areas...done (0)
Building Faces...done (0)
Occluder "" straddles multiple areas. This is invalid!
Occluder "" straddles multiple areas. This is invalid!
Occluder "" straddles multiple areas. This is invalid!
Occluder "" straddles multiple areas. This is invalid!
Occluder "" straddles multiple areas. This is invalid!
Occluder "" straddles multiple areas. This is invalid!
Occluder "" straddles multiple areas. This is invalid!
Occluder "" straddles multiple areas. This is invalid!
Occluder "" straddles multiple areas. This is invalid!
Chop Details...done (0)
Find Visible Detail Sides...
Merged 634 detail faces...done (0)
Merging details...done (0)
FixTjuncs...
PruneNodes...
WriteBSP...
done (0)
writing Z:\mnt\f\stuff\git\l4d2-things\reverse_rda\map\r_c11m1_greenhouse.prt...Building visibility clusters...
done (0)
Finding displacement neighbors...
Found a displacement edge abutting multiple other edges.
Finding lightmap sample positions...
Displacement Alpha : 0...1...2...3...4...5...6...7...8...9...10
Building Physics collision data...
done (0) (1017245 bytes)
Cannot build Physics2 data
                                                             -----------
DataLinker total stream size                                     0.0 KiB
Placing detail props : 0...1...2...3...4...5...6...7...8...9...10
Compacting texture/material tables...
Reduced 4857 texinfos to 2909
Reduced 439 texdatas to 358 (19535 bytes to 16283)
Writing Z:\mnt\f\stuff\git\l4d2-things\reverse_rda\map\r_c11m1_greenhouse.bsp
10 seconds elapsed

==================================================================
Date: 2026-08-16 15:11:30
Z:\mnt\d\SteamLibrary\steamapps\common\Left 4 Dead 2\bin\vvisplusplus.exe -game Z:\mnt\d\SteamLibrary\steamapps\common\Left 4 Dead 2\left4dead2 Z:\mnt\f\stuff\git\l4d2-things\reverse_rda\map\r_c11m1_greenhouse.vmf
==================================================================
6 threads
reading z:\mnt\f\stuff\git\l4d2-things\reverse_rda\map\r_c11m1_greenhouse.bsp
Detected L4D2 lump format
Max farz in all env_fog_controller entities: 9000 (used for radial vis)
reading z:\mnt\f\stuff\git\l4d2-things\reverse_rda\map\r_c11m1_greenhouse.prt
  64 portalclusters
 258 numportals
0...1...2...3...4...5...6...7...8...9...100...1...2...3...4...5...6...7...8...9...10Optimized: 10 visible clusters (0.55%)
Total clusters visible: 1809
Average clusters visible: 28
Building PAS...
Average clusters audible: 62
visdatasize:1601  compressed from 1024
writing z:\mnt\f\stuff\git\l4d2-things\reverse_rda\map\r_c11m1_greenhouse.bsp
Wrote ZIP buffer, estimated size 4571087, actual size 4520891
0 seconds elapsed



[Reading texlights from 'lights.rad']
[2 texlights parsed from 'lights.rad']

Loading z:\mnt\f\stuff\git\l4d2-things\reverse_rda\map\r_c11m1_greenhouse.bsp
8052 faces
1 degenerate faces
10450603 square feet [1504886784.00 square inches]
54 Displacements
23971 Square Feet [3451894.25 Square Inches]
8051 patches before subdivision
107579 patches after subdivision
42 direct lights
0...1...2...3...4...5...6...7...8...9...100...1...2...3...4...5...6...7...8...9...10transfers 8043923, max 1076
transfer lists:  61.4 megs
0...1...2...3...4...5...6...7...8...9...10	Bounce #1 added RGB(47849, 40393, 49373)
0...1...2...3...4...5...6...7...8...9...10	Bounce #2 added RGB(28255, 19340, 27809)
0...1...2...3...4...5...6...7...8...9...10	Bounce #3 added RGB(18430, 10638, 16920)
0...1...2...3...4...5...6...7...8...9...10	Bounce #4 added RGB(13594, 6848, 11702)
0...1...2...3...4...5...6...7...8...9...10	Bounce #5 added RGB(10028, 4575, 8262)
0...1...2...3...4...5...6...7...8...9...10	Bounce #6 added RGB(8225, 3380, 6382)
0...1...2...3...4...5...6...7...8...9...10	Bounce #7 added RGB(6435, 2451, 4841)
0...1...2...3...4...5...6...7...8...9...10	Bounce #8 added RGB(5568, 1919, 3980)
0...1...2...3...4...5...6...7...8...9...10	Bounce #9 added RGB(4490, 1447, 3137)
0...1...2...3...4...5...6...7...8...9...10	Bounce #10 added RGB(3995, 1162, 2676)
0...1...2...3...4...5...6...7...8...9...10	Bounce #11 added RGB(3278, 895, 2158)
0...1...2...3...4...5...6...7...8...9...10	Bounce #12 added RGB(2962, 728, 1884)
0...1...2...3...4...5...6...7...8...9...10	Bounce #13 added RGB(2458, 568, 1542)
0...1...2...3...4...5...6...7...8...9...10	Bounce #14 added RGB(2242, 466, 1367)
0...1...2...3...4...5...6...7...8...9...10	Bounce #15 added RGB(1876, 367, 1131)
0...1...2...3...4...5...6...7...8...9...10	Bounce #16 added RGB(1722, 303, 1015)
0...1...2...3...4...5...6...7...8...9...10	Bounce #17 added RGB(1451, 240, 846)
0...1...2...3...4...5...6...7...8...9...10	Bounce #18 added RGB(1337, 199, 765)
0...1...2...3...4...5...6...7...8...9...10	Bounce #19 added RGB(1133, 159, 643)
0...1...2...3...4...5...6...7...8...9...10	Bounce #20 added RGB(1047, 133, 586)
0...1...2...3...4...5...6...7...8...9...10	Bounce #21 added RGB(893, 106, 495)
0...1...2...3...4...5...6...7...8...9...10	Bounce #22 added RGB(827, 89, 453)
0...1...2...3...4...5...6...7...8...9...10	Bounce #23 added RGB(710, 71, 385)
0...1...2...3...4...5...6...7...8...9...10	Bounce #24 added RGB(658, 60, 355)
0...1...2...3...4...5...6...7...8...9...10	Bounce #25 added RGB(568, 48, 303)
0...1...2...3...4...5...6...7...8...9...10	Bounce #26 added RGB(527, 41, 280)
0...1...2...3...4...5...6...7...8...9...10	Bounce #27 added RGB(458, 33, 241)
0...1...2...3...4...5...6...7...8...9...10	Bounce #28 added RGB(426, 28, 223)
0...1...2...3...4...5...6...7...8...9...10	Bounce #29 added RGB(371, 23, 193)
0...1...2...3...4...5...6...7...8...9...10	Bounce #30 added RGB(346, 19, 179)
0...1...2...3...4...5...6...7...8...9...10	Bounce #31 added RGB(303, 16, 156)
0...1...2...3...4...5...6...7...8...9...10	Bounce #32 added RGB(282, 14, 145)
0...1...2...3...4...5...6...7...8...9...10	Bounce #33 added RGB(249, 11, 127)
0...1...2...3...4...5...6...7...8...9...10	Bounce #34 added RGB(232, 9, 119)
0...1...2...3...4...5...6...7...8...9...10	Bounce #35 added RGB(206, 8, 104)
0...1...2...3...4...5...6...7...8...9...10	Bounce #36 added RGB(192, 7, 97)
0...1...2...3...4...5...6...7...8...9...10	Bounce #37 added RGB(171, 5, 86)
0...1...2...3...4...5...6...7...8...9...10	Bounce #38 added RGB(160, 5, 81)
0...1...2...3...4...5...6...7...8...9...10	Bounce #39 added RGB(143, 4, 71)
0...1...2...3...4...5...6...7...8...9...10	Bounce #40 added RGB(134, 3, 67)
0...1...2...3...4...5...6...7...8...9...10	Bounce #41 added RGB(120, 3, 59)
0...1...2...3...4...5...6...7...8...9...10	Bounce #42 added RGB(113, 2, 56)
0...1...2...3...4...5...6...7...8...9...10	Bounce #43 added RGB(102, 2, 50)
0...1...2...3...4...5...6...7...8...9...10	Bounce #44 added RGB(95, 2, 47)
0...1...2...3...4...5...6...7...8...9...10	Bounce #45 added RGB(86, 1, 42)
0...1...2...3...4...5...6...7...8...9...10	Bounce #46 added RGB(81, 1, 40)
0...1...2...3...4...5...6...7...8...9...10	Bounce #47 added RGB(74, 1, 36)
0...1...2...3...4...5...6...7...8...9...10	Bounce #48 added RGB(69, 1, 34)
0...1...2...3...4...5...6...7...8...9...10	Bounce #49 added RGB(63, 1, 31)
0...1...2...3...4...5...6...7...8...9...10	Bounce #50 added RGB(59, 1, 29)
0...1...2...3...4...5...6...7...8...9...10	Bounce #51 added RGB(54, 1, 26)
0...1...2...3...4...5...6...7...8...9...10	Bounce #52 added RGB(51, 0, 25)
0...1...2...3...4...5...6...7...8...9...10	Bounce #53 added RGB(47, 0, 22)
0...1...2...3...4...5...6...7...8...9...10	Bounce #54 added RGB(44, 0, 21)
0...1...2...3...4...5...6...7...8...9...10	Bounce #55 added RGB(40, 0, 19)
0...1...2...3...4...5...6...7...8...9...10	Bounce #56 added RGB(38, 0, 18)
0...1...2...3...4...5...6...7...8...9...10	Bounce #57 added RGB(35, 0, 17)
0...1...2...3...4...5...6...7...8...9...10	Bounce #58 added RGB(33, 0, 16)
0...1...2...3...4...5...6...7...8...9...10	Bounce #59 added RGB(30, 0, 14)
0...1...2...3...4...5...6...7...8...9...10	Bounce #60 added RGB(29, 0, 14)
0...1...2...3...4...5...6...7...8...9...10	Bounce #61 added RGB(27, 0, 13)
0...1...2...3...4...5...6...7...8...9...10	Bounce #62 added RGB(25, 0, 12)
0...1...2...3...4...5...6...7...8...9...10	Bounce #63 added RGB(23, 0, 11)
0...1...2...3...4...5...6...7...8...9...10	Bounce #64 added RGB(22, 0, 10)
0...1...2...3...4...5...6...7...8...9...10	Bounce #65 added RGB(20, 0, 9)
0...1...2...3...4...5...6...7...8...9...10	Bounce #66 added RGB(19, 0, 9)
0...1...2...3...4...5...6...7...8...9...10	Bounce #67 added RGB(18, 0, 8)
0...1...2...3...4...5...6...7...8...9...10	Bounce #68 added RGB(17, 0, 8)
0...1...2...3...4...5...6...7...8...9...10	Bounce #69 added RGB(16, 0, 7)
0...1...2...3...4...5...6...7...8...9...10	Bounce #70 added RGB(15, 0, 7)
0...1...2...3...4...5...6...7...8...9...10	Bounce #71 added RGB(14, 0, 6)
0...1...2...3...4...5...6...7...8...9...10	Bounce #72 added RGB(13, 0, 6)
0...1...2...3...4...5...6...7...8...9...10	Bounce #73 added RGB(12, 0, 6)
0...1...2...3...4...5...6...7...8...9...10	Bounce #74 added RGB(11, 0, 5)
0...1...2...3...4...5...6...7...8...9...10	Bounce #75 added RGB(11, 0, 5)
0...1...2...3...4...5...6...7...8...9...10	Bounce #76 added RGB(10, 0, 5)
0...1...2...3...4...5...6...7...8...9...10	Bounce #77 added RGB(9, 0, 4)
0...1...2...3...4...5...6...7...8...9...10	Bounce #78 added RGB(9, 0, 4)
0...1...2...3...4...5...6...7...8...9...10	Bounce #79 added RGB(8, 0, 4)
0...1...2...3...4...5...6...7...8...9...10	Bounce #80 added RGB(8, 0, 4)
0...1...2...3...4...5...6...7...8...9...10	Bounce #81 added RGB(7, 0, 3)
0...1...2...3...4...5...6...7...8...9...10	Bounce #82 added RGB(7, 0, 3)
0...1...2...3...4...5...6...7...8...9...10	Bounce #83 added RGB(7, 0, 3)
0...1...2...3...4...5...6...7...8...9...10	Bounce #84 added RGB(6, 0, 3)
0...1...2...3...4...5...6...7...8...9...10	Bounce #85 added RGB(6, 0, 3)
0...1...2...3...4...5...6...7...8...9...10	Bounce #86 added RGB(6, 0, 2)
0...1...2...3...4...5...6...7...8...9...10	Bounce #87 added RGB(5, 0, 2)
0...1...2...3...4...5...6...7...8...9...10	Bounce #88 added RGB(5, 0, 2)
0...1...2...3...4...5...6...7...8...9...10	Bounce #89 added RGB(5, 0, 2)
0...1...2...3...4...5...6...7...8...9...10	Bounce #90 added RGB(4, 0, 2)
0...1...2...3...4...5...6...7...8...9...10	Bounce #91 added RGB(4, 0, 2)
0...1...2...3...4...5...6...7...8...9...10	Bounce #92 added RGB(4, 0, 2)
0...1...2...3...4...5...6...7...8...9...10	Bounce #93 added RGB(4, 0, 2)
0...1...2...3...4...5...6...7...8...9...10	Bounce #94 added RGB(3, 0, 1)
0...1...2...3...4...5...6...7...8...9...10	Bounce #95 added RGB(3, 0, 1)
0...1...2...3...4...5...6...7...8...9...10	Bounce #96 added RGB(3, 0, 1)
0...1...2...3...4...5...6...7...8...9...10	Bounce #97 added RGB(3, 0, 1)
0...1...2...3...4...5...6...7...8...9...10	Bounce #98 added RGB(3, 0, 1)
0...1...2...3...4...5...6...7...8...9...10	Bounce #99 added RGB(3, 0, 1)
0...1...2...3...4...5...6...7...8...9...10	Bounce #100 added RGB(2, 0, 1)
Build Patch/Sample Hash Table(s).....Done<0.0298 sec>
0...1...2...3...4...5...6...7...8...9...10FinalLightFace Done
0 of 0 (0% of) surface lights went in leaf ambient cubes.
0...1...2...3...4...5...6...7...8...9...10Writing leaf ambient...done
Computing static prop lighting : 00...1...2...3...4...5...6...7...8...9...10
Ready to Finish

Object names       Objects/Maxobjs  Memory / Maxmem  Fullness 
------------       ---------------  ---------------  -------- 
models                 132/1024         6336/49152    (12.9%) 
brushes               2745/8192        32940/98304    (33.5%) 
brushsides           20472/65536      163776/524288   (31.2%) 
planes               12908/65536      258160/1310720  (19.7%) 
vertexes             15520/65536      186240/786432   (23.7%) 
nodes                 5996/65536      191872/2097152  ( 9.1%) 
texinfos              2909/12288      209448/884736   (23.7%) 
texdata                358/2048        11456/65536    (17.5%) 
dispinfos               54/0            9504/0        ( 0.0%) 
disp_verts            2582/0           51640/0        ( 0.0%) 
disp_tris             3840/0            7680/0        ( 0.0%) 
disp_lmsamples      118608/0          118608/0        ( 0.0%) 
faces                 8052/65536      450912/3670016  (12.3%) 
hdr faces             8052/65536      450912/3670016  (12.3%) 
origfaces             5090/65536      285040/3670016  ( 7.8%) 
leaves                6129/65536      196128/2097152  ( 9.4%) 
leaffaces            10135/65536       20270/131072   (15.5%) 
leafbrushes           8127/65536       16254/131072   (12.4%) 
areas                   16/256           128/2048     ( 6.3%) 
surfedges            58517/512000     234068/2048000  (11.4%) 
edges                38023/256000     152092/1024000  (14.9%) 
LDR worldlights          0/8192            0/819200   ( 0.0%) 
HDR worldlights         42/8192         4200/819200   ( 0.5%) 
leafwaterdata            0/32768           0/393216   ( 0.0%) 
waterstrips            781/32768        7810/327680   ( 2.4%) 
waterverts               0/65536           0/786432   ( 0.0%) 
waterindices         14748/65536       29496/131072   (22.5%) 
cubemapsamples          50/1024          800/16384    ( 4.9%) 
overlays               210/512         73920/180224   (41.0%) 
LDR lightdata         [variable]           0/0        ( 0.0%) 
HDR lightdata         [variable]     4042412/0        ( 0.0%) 
visdata               [variable]        1601/16777216 ( 0.0%) 
entdata               [variable]      372944/393216   (94.8%) VERY FULL!
LDR ambient table     6129/65536       24516/262144   ( 9.4%) 
HDR ambient table     6129/65536       24516/262144   ( 9.4%) 
LDR leaf ambient      6129/65536      171612/1835008  ( 9.4%) 
HDR leaf ambient     25571/65536      715988/1835008  (39.0%) 
occluders               14/0             560/0        ( 0.0%) 
occluder polygons       21/0             252/0        ( 0.0%) 
occluder vert ind       99/0             396/0        ( 0.0%) 
Prop Hull Verts          0/0               0/0        ( 0.0%) 
Prop Hull Blob           0/0               0/0        ( 0.0%) 
Prop Hull Lists          0/0               0/0        ( 0.0%) 
Prop Hulls               0/0               0/0        ( 0.0%) 
Prop Hull trilist        0/0               0/0        ( 0.0%) 
detail props          [variable]           1/12       ( 8.3%) 
static props          [variable]           1/76872    ( 0.0%) 
pakfile               [variable]     6937133/0        ( 0.0%) 
physics               [variable]     1017245/4194304  (24.3%) 
physics terrain       [variable]        9892/1048576  ( 0.9%) 

Level flags = 2

Total triangle count: 22078
Writing z:\mnt\f\stuff\git\l4d2-things\reverse_rda\map\r_c11m1_greenhouse.bsp
1 minute, 46 seconds elapsed



Using shader api: shaderapiempty.dll
materialPath: Z:\mnt\d\SteamLibrary\steamapps\common\Left 4 Dead 2\left4dead2\materials
Loading Z:\mnt\f\stuff\git\l4d2-things\reverse_rda\map\r_c11m1_greenhouse.vmf
KeyValues Error: RecursiveLoadFromBuffer:  got EOF instead of keyname in file materials/skybox/moonairport.vmt
UnlitGeneric, (*UnlitGeneric_HDR_dx9*), (*Proxies*), (*AnimatedTexture*), 
KeyValues Error: RecursiveLoadFromBuffer:  got EOF instead of keyname in file materials/skybox/moonairport.vmt
UnlitGeneric, (*UnlitGeneric_HDR_dx9*), (*Proxies*), (*AnimatedTexture*), 
fixing up env_cubemap materials on brush sides...
KeyValues Error: RecursiveLoadFromBuffer:  got EOF instead of keyname in file materials/SKYBOX/MOONAIRPORT.vmt
UnlitGeneric, (*UnlitGeneric_HDR_dx9*), (*Proxies*), (*AnimatedTexture*), 
KeyValues Error: RecursiveLoadFromBuffer:  got EOF instead of keyname in file materials/SKYBOX/MOONAIRPORT.vmt
UnlitGeneric, (*UnlitGeneric_HDR_dx9*), (*Proxies*), (*AnimatedTexture*), 
KeyValues Error: RecursiveLoadFromBuffer:  got EOF instead of keyname in file materials/SKYBOX/MOONAIRPORT.vmt
UnlitGeneric, (*UnlitGeneric_HDR_dx9*), (*Proxies*), (*AnimatedTexture*), 
KeyValues Error: RecursiveLoadFromBuffer:  got EOF instead of keyname in file materials/SKYBOX/MOONAIRPORT.vmt
UnlitGeneric, (*UnlitGeneric_HDR_dx9*), (*Proxies*), (*AnimatedTexture*), 
0...1...2...3...4...5...6...7...8...9...100...1...2...3...4...5...6...7...8...9...10Processing areas...done (0)
Building Faces...done (0)
Occluder "" straddles multiple areas. This is invalid!
Occluder "" straddles multiple areas. This is invalid!
Occluder "" straddles multiple areas. This is invalid!
Occluder "" straddles multiple areas. This is invalid!
Occluder "" straddles multiple areas. This is invalid!
Occluder "" straddles multiple areas. This is invalid!
Occluder "" straddles multiple areas. This is invalid!
Occluder "" straddles multiple areas. This is invalid!
Occluder "" straddles multiple areas. This is invalid!
Chop Details...done (0)
Find Visible Detail Sides...
Merged 634 detail faces...done (0)
Merging details...done (0)
FixTjuncs...
PruneNodes...
WriteBSP...
done (0)
writing Z:\mnt\f\stuff\git\l4d2-things\reverse_rda\map\r_c11m1_greenhouse.prt...Building visibility clusters...
done (0)
Finding displacement neighbors...
Found a displacement edge abutting multiple other edges.
Finding lightmap sample positions...
Displacement Alpha : 0...1...2...3...4...5...6...7...8...9...10
Building Physics collision data...
done (1) (1017245 bytes)
Cannot build Physics2 data
                                                             -----------
DataLinker total stream size                                     0.0 KiB
Placing detail props : 0...1...2...3...4...5...6...7...8...9...10
Compacting texture/material tables...
Reduced 4857 texinfos to 2909
Reduced 439 texdatas to 358 (19535 bytes to 16283)
Writing Z:\mnt\f\stuff\git\l4d2-things\reverse_rda\map\r_c11m1_greenhouse.bsp
10 seconds elapsed

==================================================================
Date: 2026-08-16 15:16:01
Z:\mnt\d\SteamLibrary\steamapps\common\Left 4 Dead 2\bin\vvisplusplus.exe -game Z:\mnt\d\SteamLibrary\steamapps\common\Left 4 Dead 2\left4dead2 Z:\mnt\f\stuff\git\l4d2-things\reverse_rda\map\r_c11m1_greenhouse.vmf
==================================================================
6 threads
reading z:\mnt\f\stuff\git\l4d2-things\reverse_rda\map\r_c11m1_greenhouse.bsp
Detected L4D2 lump format
Max farz in all env_fog_controller entities: 9000 (used for radial vis)
reading z:\mnt\f\stuff\git\l4d2-things\reverse_rda\map\r_c11m1_greenhouse.prt
  64 portalclusters
 258 numportals
0...1...2...3...4...5...6...7...8...9...100...1...2...3...4...5...6...7...8...9...10Optimized: 10 visible clusters (0.55%)
Total clusters visible: 1809
Average clusters visible: 28
Building PAS...
Average clusters audible: 62
visdatasize:1601  compressed from 1024
writing z:\mnt\f\stuff\git\l4d2-things\reverse_rda\map\r_c11m1_greenhouse.bsp
Wrote ZIP buffer, estimated size 4571087, actual size 4520891
0 seconds elapsed



[Reading texlights from 'lights.rad']
[2 texlights parsed from 'lights.rad']

Loading z:\mnt\f\stuff\git\l4d2-things\reverse_rda\map\r_c11m1_greenhouse.bsp
8052 faces
1 degenerate faces
10450603 square feet [1504886784.00 square inches]
54 Displacements
23971 Square Feet [3451894.25 Square Inches]
8051 patches before subdivision
107579 patches after subdivision
42 direct lights
0...1...2...3...4...5...6...7...8...9...100...1...2...3...4...5...6...7...8...9...10transfers 8043923, max 1076
transfer lists:  61.4 megs
0...1...2...3...4...5...6...7...8...9...10	Bounce #1 added RGB(47854, 40398, 49380)
0...1...2...3...4...5...6...7...8...9...10	Bounce #2 added RGB(28256, 19341, 27810)
0...1...2...3...4...5...6...7...8...9...10	Bounce #3 added RGB(18430, 10639, 16920)
0...1...2...3...4...5...6...7...8...9...10	Bounce #4 added RGB(13594, 6848, 11702)
0...1...2...3...4...5...6...7...8...9...10	Bounce #5 added RGB(10028, 4575, 8262)
0...1...2...3...4...5...6...7...8...9...10	Bounce #6 added RGB(8225, 3380, 6382)
0...1...2...3...4...5...6...7...8...9...10	Bounce #7 added RGB(6435, 2451, 4841)
0...1...2...3...4...5...6...7...8...9...10	Bounce #8 added RGB(5567, 1919, 3980)
0...1...2...3...4...5...6...7...8...9...10	Bounce #9 added RGB(4490, 1447, 3137)
0...1...2...3...4...5...6...7...8...9...10	Bounce #10 added RGB(3995, 1162, 2676)
0...1...2...3...4...5...6...7...8...9...10	Bounce #11 added RGB(3278, 895, 2158)
0...1...2...3...4...5...6...7...8...9...10	Bounce #12 added RGB(2962, 728, 1884)
0...1...2...3...4...5...6...7...8...9...10	Bounce #13 added RGB(2458, 568, 1542)
0...1...2...3...4...5...6...7...8...9...10	Bounce #14 added RGB(2242, 466, 1367)
0...1...2...3...4...5...6...7...8...9...10	Bounce #15 added RGB(1876, 367, 1131)
0...1...2...3...4...5...6...7...8...9...10	Bounce #16 added RGB(1722, 303, 1015)
0...1...2...3...4...5...6...7...8...9...10	Bounce #17 added RGB(1451, 240, 846)
0...1...2...3...4...5...6...7...8...9...10	Bounce #18 added RGB(1337, 199, 765)
0...1...2...3...4...5...6...7...8...9...10	Bounce #19 added RGB(1133, 159, 643)
0...1...2...3...4...5...6...7...8...9...10	Bounce #20 added RGB(1047, 133, 586)
0...1...2...3...4...5...6...7...8...9...10	Bounce #21 added RGB(893, 106, 495)
0...1...2...3...4...5...6...7...8...9...10	Bounce #22 added RGB(827, 89, 453)
0...1...2...3...4...5...6...7...8...9...10	Bounce #23 added RGB(710, 71, 385)
0...1...2...3...4...5...6...7...8...9...10	Bounce #24 added RGB(658, 60, 355)
0...1...2...3...4...5...6...7...8...9...10	Bounce #25 added RGB(568, 48, 303)
0...1...2...3...4...5...6...7...8...9...10	Bounce #26 added RGB(527, 41, 280)
0...1...2...3...4...5...6...7...8...9...10	Bounce #27 added RGB(458, 33, 240)
0...1...2...3...4...5...6...7...8...9...10	Bounce #28 added RGB(426, 28, 223)
0...1...2...3...4...5...6...7...8...9...10	Bounce #29 added RGB(371, 23, 193)
0...1...2...3...4...5...6...7...8...9...10	Bounce #30 added RGB(346, 19, 179)
0...1...2...3...4...5...6...7...8...9...10	Bounce #31 added RGB(303, 16, 156)
0...1...2...3...4...5...6...7...8...9...10	Bounce #32 added RGB(282, 14, 145)
0...1...2...3...4...5...6...7...8...9...10	Bounce #33 added RGB(249, 11, 127)
0...1...2...3...4...5...6...7...8...9...10	Bounce #34 added RGB(232, 9, 118)
0...1...2...3...4...5...6...7...8...9...10	Bounce #35 added RGB(206, 8, 104)
0...1...2...3...4...5...6...7...8...9...10	Bounce #36 added RGB(192, 7, 97)
0...1...2...3...4...5...6...7...8...9...10	Bounce #37 added RGB(171, 5, 86)
0...1...2...3...4...5...6...7...8...9...10	Bounce #38 added RGB(160, 5, 81)
0...1...2...3...4...5...6...7...8...9...10	Bounce #39 added RGB(143, 4, 71)
0...1...2...3...4...5...6...7...8...9...10	Bounce #40 added RGB(134, 3, 67)
0...1...2...3...4...5...6...7...8...9...10	Bounce #41 added RGB(120, 3, 59)
0...1...2...3...4...5...6...7...8...9...10	Bounce #42 added RGB(113, 2, 56)
0...1...2...3...4...5...6...7...8...9...10	Bounce #43 added RGB(102, 2, 50)
0...1...2...3...4...5...6...7...8...9...10	Bounce #44 added RGB(95, 2, 47)
0...1...2...3...4...5...6...7...8...9...10	Bounce #45 added RGB(86, 1, 42)
0...1...2...3...4...5...6...7...8...9...10	Bounce #46 added RGB(81, 1, 40)
0...1...2...3...4...5...6...7...8...9...10	Bounce #47 added RGB(74, 1, 36)
0...1...2...3...4...5...6...7...8...9...10	Bounce #48 added RGB(69, 1, 34)
0...1...2...3...4...5...6...7...8...9...10	Bounce #49 added RGB(63, 1, 31)
0...1...2...3...4...5...6...7...8...9...10	Bounce #50 added RGB(59, 1, 29)
0...1...2...3...4...5...6...7...8...9...10	Bounce #51 added RGB(54, 1, 26)
0...1...2...3...4...5...6...7...8...9...10	Bounce #52 added RGB(51, 0, 25)
0...1...2...3...4...5...6...7...8...9...10	Bounce #53 added RGB(47, 0, 22)
0...1...2...3...4...5...6...7...8...9...10	Bounce #54 added RGB(44, 0, 21)
0...1...2...3...4...5...6...7...8...9...10	Bounce #55 added RGB(40, 0, 19)
0...1...2...3...4...5...6...7...8...9...10	Bounce #56 added RGB(38, 0, 18)
0...1...2...3...4...5...6...7...8...9...10	Bounce #57 added RGB(35, 0, 17)
0...1...2...3...4...5...6...7...8...9...10	Bounce #58 added RGB(33, 0, 16)
0...1...2...3...4...5...6...7...8...9...10	Bounce #59 added RGB(30, 0, 14)
0...1...2...3...4...5...6...7...8...9...10	Bounce #60 added RGB(29, 0, 14)
0...1...2...3...4...5...6...7...8...9...10	Bounce #61 added RGB(27, 0, 13)
0...1...2...3...4...5...6...7...8...9...10	Bounce #62 added RGB(25, 0, 12)
0...1...2...3...4...5...6...7...8...9...10	Bounce #63 added RGB(23, 0, 11)
0...1...2...3...4...5...6...7...8...9...10	Bounce #64 added RGB(22, 0, 10)
0...1...2...3...4...5...6...7...8...9...10	Bounce #65 added RGB(20, 0, 9)
0...1...2...3...4...5...6...7...8...9...10	Bounce #66 added RGB(19, 0, 9)
0...1...2...3...4...5...6...7...8...9...10	Bounce #67 added RGB(18, 0, 8)
0...1...2...3...4...5...6...7...8...9...10	Bounce #68 added RGB(17, 0, 8)
0...1...2...3...4...5...6...7...8...9...10	Bounce #69 added RGB(16, 0, 7)
0...1...2...3...4...5...6...7...8...9...10	Bounce #70 added RGB(15, 0, 7)
0...1...2...3...4...5...6...7...8...9...10	Bounce #71 added RGB(14, 0, 6)
0...1...2...3...4...5...6...7...8...9...10	Bounce #72 added RGB(13, 0, 6)
0...1...2...3...4...5...6...7...8...9...10	Bounce #73 added RGB(12, 0, 6)
0...1...2...3...4...5...6...7...8...9...10	Bounce #74 added RGB(11, 0, 5)
0...1...2...3...4...5...6...7...8...9...10	Bounce #75 added RGB(11, 0, 5)
0...1...2...3...4...5...6...7...8...9...10	Bounce #76 added RGB(10, 0, 5)
0...1...2...3...4...5...6...7...8...9...10	Bounce #77 added RGB(9, 0, 4)
0...1...2...3...4...5...6...7...8...9...10	Bounce #78 added RGB(9, 0, 4)
0...1...2...3...4...5...6...7...8...9...10	Bounce #79 added RGB(8, 0, 4)
0...1...2...3...4...5...6...7...8...9...10	Bounce #80 added RGB(8, 0, 4)
0...1...2...3...4...5...6...7...8...9...10	Bounce #81 added RGB(7, 0, 3)
0...1...2...3...4...5...6...7...8...9...10	Bounce #82 added RGB(7, 0, 3)
0...1...2...3...4...5...6...7...8...9...10	Bounce #83 added RGB(7, 0, 3)
0...1...2...3...4...5...6...7...8...9...10	Bounce #84 added RGB(6, 0, 3)
0...1...2...3...4...5...6...7...8...9...10	Bounce #85 added RGB(6, 0, 3)
0...1...2...3...4...5...6...7...8...9...10	Bounce #86 added RGB(6, 0, 2)
0...1...2...3...4...5...6...7...8...9...10	Bounce #87 added RGB(5, 0, 2)
0...1...2...3...4...5...6...7...8...9...10	Bounce #88 added RGB(5, 0, 2)
0...1...2...3...4...5...6...7...8...9...10	Bounce #89 added RGB(5, 0, 2)
0...1...2...3...4...5...6...7...8...9...10	Bounce #90 added RGB(4, 0, 2)
0...1...2...3...4...5...6...7...8...9...10	Bounce #91 added RGB(4, 0, 2)
0...1...2...3...4...5...6...7...8...9...10	Bounce #92 added RGB(4, 0, 2)
0...1...2...3...4...5...6...7...8...9...10	Bounce #93 added RGB(4, 0, 2)
0...1...2...3...4...5...6...7...8...9...10	Bounce #94 added RGB(3, 0, 1)
0...1...2...3...4...5...6...7...8...9...10	Bounce #95 added RGB(3, 0, 1)
0...1...2...3...4...5...6...7...8...9...10	Bounce #96 added RGB(3, 0, 1)
0...1...2...3...4...5...6...7...8...9...10	Bounce #97 added RGB(3, 0, 1)
0...1...2...3...4...5...6...7...8...9...10	Bounce #98 added RGB(3, 0, 1)
0...1...2...3...4...5...6...7...8...9...10	Bounce #99 added RGB(3, 0, 1)
0...1...2...3...4...5...6...7...8...9...10	Bounce #100 added RGB(2, 0, 1)
Build Patch/Sample Hash Table(s).....Done<0.0281 sec>
0...1...2...3...4...5...6...7...8...9...10FinalLightFace Done
0 of 0 (0% of) surface lights went in leaf ambient cubes.
0...1...2...3...4...5...6...7...8...9...10Writing leaf ambient...done
Computing static prop lighting : 00...1...2...3...4...5...6...7...8...9...10
Ready to Finish

Object names       Objects/Maxobjs  Memory / Maxmem  Fullness 
------------       ---------------  ---------------  -------- 
models                 132/1024         6336/49152    (12.9%) 
brushes               2745/8192        32940/98304    (33.5%) 
brushsides           20472/65536      163776/524288   (31.2%) 
planes               12908/65536      258160/1310720  (19.7%) 
vertexes             15520/65536      186240/786432   (23.7%) 
nodes                 5996/65536      191872/2097152  ( 9.1%) 
texinfos              2909/12288      209448/884736   (23.7%) 
texdata                358/2048        11456/65536    (17.5%) 
dispinfos               54/0            9504/0        ( 0.0%) 
disp_verts            2582/0           51640/0        ( 0.0%) 
disp_tris             3840/0            7680/0        ( 0.0%) 
disp_lmsamples      118608/0          118608/0        ( 0.0%) 
faces                 8052/65536      450912/3670016  (12.3%) 
hdr faces             8052/65536      450912/3670016  (12.3%) 
origfaces             5090/65536      285040/3670016  ( 7.8%) 
leaves                6129/65536      196128/2097152  ( 9.4%) 
leaffaces            10135/65536       20270/131072   (15.5%) 
leafbrushes           8127/65536       16254/131072   (12.4%) 
areas                   16/256           128/2048     ( 6.3%) 
surfedges            58517/512000     234068/2048000  (11.4%) 
edges                38023/256000     152092/1024000  (14.9%) 
LDR worldlights          0/8192            0/819200   ( 0.0%) 
HDR worldlights         42/8192         4200/819200   ( 0.5%) 
leafwaterdata            0/32768           0/393216   ( 0.0%) 
waterstrips            781/32768        7810/327680   ( 2.4%) 
waterverts               0/65536           0/786432   ( 0.0%) 
waterindices         14748/65536       29496/131072   (22.5%) 
cubemapsamples          50/1024          800/16384    ( 4.9%) 
overlays               210/512         73920/180224   (41.0%) 
LDR lightdata         [variable]           0/0        ( 0.0%) 
HDR lightdata         [variable]     4042412/0        ( 0.0%) 
visdata               [variable]        1601/16777216 ( 0.0%) 
entdata               [variable]      372944/393216   (94.8%) VERY FULL!
LDR ambient table     6129/65536       24516/262144   ( 9.4%) 
HDR ambient table     6129/65536       24516/262144   ( 9.4%) 
LDR leaf ambient      6129/65536      171612/1835008  ( 9.4%) 
HDR leaf ambient     25569/65536      715932/1835008  (39.0%) 
occluders               14/0             560/0        ( 0.0%) 
occluder polygons       21/0             252/0        ( 0.0%) 
occluder vert ind       99/0             396/0        ( 0.0%) 
Prop Hull Verts          0/0               0/0        ( 0.0%) 
Prop Hull Blob           0/0               0/0        ( 0.0%) 
Prop Hull Lists          0/0               0/0        ( 0.0%) 
Prop Hulls               0/0               0/0        ( 0.0%) 
Prop Hull trilist        0/0               0/0        ( 0.0%) 
detail props          [variable]           1/12       ( 8.3%) 
static props          [variable]           1/76872    ( 0.0%) 
pakfile               [variable]     6937133/0        ( 0.0%) 
physics               [variable]     1017245/4194304  (24.3%) 
physics terrain       [variable]        9892/1048576  ( 0.9%) 

Level flags = 2

Total triangle count: 22078
Writing z:\mnt\f\stuff\git\l4d2-things\reverse_rda\map\r_c11m1_greenhouse.bsp
1 minute, 43 seconds elapsed



Using shader api: shaderapiempty.dll
materialPath: Z:\mnt\d\SteamLibrary\steamapps\common\Left 4 Dead 2\left4dead2\materials
Loading Z:\mnt\f\stuff\git\l4d2-things\reverse_rda\map\r_c11m1_greenhouse.vmf
fixing up env_cubemap materials on brush sides...
0...1...2...3...4...5...6...7...8...9...100...1...2...3...4...5...6...7...8...9...10Processing areas...done (0)
Building Faces...done (0)
Occluder "" straddles multiple areas. This is invalid!
Occluder "" straddles multiple areas. This is invalid!
Occluder "" straddles multiple areas. This is invalid!
Occluder "" straddles multiple areas. This is invalid!
Occluder "" straddles multiple areas. This is invalid!
Occluder "" straddles multiple areas. This is invalid!
Occluder "" straddles multiple areas. This is invalid!
Occluder "" straddles multiple areas. This is invalid!
Occluder "" straddles multiple areas. This is invalid!
Chop Details...done (0)
Find Visible Detail Sides...
Merged 634 detail faces...done (0)
Merging details...done (0)
FixTjuncs...
PruneNodes...
WriteBSP...
done (0)
writing Z:\mnt\f\stuff\git\l4d2-things\reverse_rda\map\r_c11m1_greenhouse.prt...Building visibility clusters...
done (0)
Finding displacement neighbors...
Found a displacement edge abutting multiple other edges.
Finding lightmap sample positions...
Displacement Alpha : 0...1...2...3...4...5...6...7...8...9...10
Building Physics collision data...
done (1) (1017245 bytes)
Cannot build Physics2 data
                                                             -----------
DataLinker total stream size                                     0.0 KiB
Placing detail props : 0...1...2...3...4...5...6...7...8...9...10
Compacting texture/material tables...
Reduced 4881 texinfos to 2912
Reduced 443 texdatas to 360 (19757 bytes to 16431)
Writing Z:\mnt\f\stuff\git\l4d2-things\reverse_rda\map\r_c11m1_greenhouse.bsp
10 seconds elapsed

==================================================================
Date: 2026-08-16 19:15:01
Z:\mnt\d\SteamLibrary\steamapps\common\Left 4 Dead 2\bin\vvisplusplus.exe -game Z:\mnt\d\SteamLibrary\steamapps\common\Left 4 Dead 2\left4dead2 Z:\mnt\f\stuff\git\l4d2-things\reverse_rda\map\r_c11m1_greenhouse.vmf
==================================================================
6 threads
reading z:\mnt\f\stuff\git\l4d2-things\reverse_rda\map\r_c11m1_greenhouse.bsp
Detected L4D2 lump format
Max farz in all env_fog_controller entities: 9000 (used for radial vis)
reading z:\mnt\f\stuff\git\l4d2-things\reverse_rda\map\r_c11m1_greenhouse.prt
  64 portalclusters
 258 numportals
0...1...2...3...4...5...6...7...8...9...100...1...2...3...4...5...6...7...8...9...10Optimized: 10 visible clusters (0.55%)
Total clusters visible: 1809
Average clusters visible: 28
Building PAS...
Average clusters audible: 62
visdatasize:1601  compressed from 1024
writing z:\mnt\f\stuff\git\l4d2-things\reverse_rda\map\r_c11m1_greenhouse.bsp
Wrote ZIP buffer, estimated size 4573021, actual size 4522289
0 seconds elapsed



[Reading texlights from 'lights.rad']
[2 texlights parsed from 'lights.rad']

Loading z:\mnt\f\stuff\git\l4d2-things\reverse_rda\map\r_c11m1_greenhouse.bsp
8052 faces
1 degenerate faces
10450603 square feet [1504886784.00 square inches]
54 Displacements
23971 Square Feet [3451894.25 Square Inches]
8051 patches before subdivision
107579 patches after subdivision
42 direct lights
0...1...2...3...4...5...6...7...8...9...100...1...2...3...4...5...6...7...8...9...10transfers 8055661, max 1076
transfer lists:  61.5 megs
0...1...2...3...4...5...6...7...8...9...10	Bounce #1 added RGB(11885, 11556, 9173)
0...1...2...3...4...5...6...7...8...9...10	Bounce #2 added RGB(3030, 2496, 1543)
0...1...2...3...4...5...6...7...8...9...10	Bounce #3 added RGB(1190, 853, 409)
0...1...2...3...4...5...6...7...8...9...10	Bounce #4 added RGB(524, 339, 137)
0...1...2...3...4...5...6...7...8...9...10	Bounce #5 added RGB(256, 151, 52)
0...1...2...3...4...5...6...7...8...9...10	Bounce #6 added RGB(126, 68, 20)
0...1...2...3...4...5...6...7...8...9...10	Bounce #7 added RGB(64, 32, 8)
0...1...2...3...4...5...6...7...8...9...10	Bounce #8 added RGB(33, 15, 3)
0...1...2...3...4...5...6...7...8...9...10	Bounce #9 added RGB(17, 7, 1)
0...1...2...3...4...5...6...7...8...9...10	Bounce #10 added RGB(9, 4, 1)
0...1...2...3...4...5...6...7...8...9...10	Bounce #11 added RGB(5, 2, 0)
0...1...2...3...4...5...6...7...8...9...10	Bounce #12 added RGB(2, 1, 0)
0...1...2...3...4...5...6...7...8...9...10	Bounce #13 added RGB(1, 0, 0)
0...1...2...3...4...5...6...7...8...9...10	Bounce #14 added RGB(1, 0, 0)
Build Patch/Sample Hash Table(s).....Done<0.0278 sec>
0...1...2...3...4...5...6...7...8...9...10FinalLightFace Done
0 of 0 (0% of) surface lights went in leaf ambient cubes.
0...1...2...3...4...5...6...7...8...9...10Writing leaf ambient...done
Computing static prop lighting : 00...1...2...3...4...5...6...7...8...9...10
Ready to Finish

Object names       Objects/Maxobjs  Memory / Maxmem  Fullness 
------------       ---------------  ---------------  -------- 
models                 132/1024         6336/49152    (12.9%) 
brushes               2745/8192        32940/98304    (33.5%) 
brushsides           20472/65536      163776/524288   (31.2%) 
planes               12908/65536      258160/1310720  (19.7%) 
vertexes             15520/65536      186240/786432   (23.7%) 
nodes                 5996/65536      191872/2097152  ( 9.1%) 
texinfos              2912/12288      209664/884736   (23.7%) 
texdata                360/2048        11520/65536    (17.6%) 
dispinfos               54/0            9504/0        ( 0.0%) 
disp_verts            2582/0           51640/0        ( 0.0%) 
disp_tris             3840/0            7680/0        ( 0.0%) 
disp_lmsamples      118608/0          118608/0        ( 0.0%) 
faces                 8052/65536      450912/3670016  (12.3%) 
hdr faces             8052/65536      450912/3670016  (12.3%) 
origfaces             5090/65536      285040/3670016  ( 7.8%) 
leaves                6129/65536      196128/2097152  ( 9.4%) 
leaffaces            10135/65536       20270/131072   (15.5%) 
leafbrushes           8127/65536       16254/131072   (12.4%) 
areas                   16/256           128/2048     ( 6.3%) 
surfedges            58517/512000     234068/2048000  (11.4%) 
edges                38023/256000     152092/1024000  (14.9%) 
LDR worldlights          0/8192            0/819200   ( 0.0%) 
HDR worldlights         42/8192         4200/819200   ( 0.5%) 
leafwaterdata            0/32768           0/393216   ( 0.0%) 
waterstrips            781/32768        7810/327680   ( 2.4%) 
waterverts               0/65536           0/786432   ( 0.0%) 
waterindices         14748/65536       29496/131072   (22.5%) 
cubemapsamples          50/1024          800/16384    ( 4.9%) 
overlays               210/512         73920/180224   (41.0%) 
LDR lightdata         [variable]           0/0        ( 0.0%) 
HDR lightdata         [variable]     4044500/0        ( 0.0%) 
visdata               [variable]        1601/16777216 ( 0.0%) 
entdata               [variable]      372944/393216   (94.8%) VERY FULL!
LDR ambient table     6129/65536       24516/262144   ( 9.4%) 
HDR ambient table     6129/65536       24516/262144   ( 9.4%) 
LDR leaf ambient      6129/65536      171612/1835008  ( 9.4%) 
HDR leaf ambient     25250/65536      707000/1835008  (38.5%) 
occluders               14/0             560/0        ( 0.0%) 
occluder polygons       21/0             252/0        ( 0.0%) 
occluder vert ind       99/0             396/0        ( 0.0%) 
Prop Hull Verts          0/0               0/0        ( 0.0%) 
Prop Hull Blob           0/0               0/0        ( 0.0%) 
Prop Hull Lists          0/0               0/0        ( 0.0%) 
Prop Hulls               0/0               0/0        ( 0.0%) 
Prop Hull trilist        0/0               0/0        ( 0.0%) 
detail props          [variable]           1/12       ( 8.3%) 
static props          [variable]           1/76876    ( 0.0%) 
pakfile               [variable]     6646179/0        ( 0.0%) 
physics               [variable]     1017245/4194304  (24.3%) 
physics terrain       [variable]        9892/1048576  ( 0.9%) 

Level flags = 2

Total triangle count: 22078
Writing z:\mnt\f\stuff\git\l4d2-things\reverse_rda\map\r_c11m1_greenhouse.bsp
5 minutes, 30 seconds elapsed



Using shader api: shaderapiempty.dll
materialPath: Z:\mnt\d\SteamLibrary\steamapps\common\Left 4 Dead 2\left4dead2\materials
Loading Z:\mnt\f\stuff\git\l4d2-things\reverse_rda\map\r_c11m1_greenhouse.vmf
fixing up env_cubemap materials on brush sides...
0...1...2...3...4...5...6...7...8...9...100...1...2...3...4...5...6...7...8...9...10Processing areas...done (0)
Building Faces...done (0)
Occluder "" straddles multiple areas. This is invalid!
Occluder "" straddles multiple areas. This is invalid!
Occluder "" straddles multiple areas. This is invalid!
Occluder "" straddles multiple areas. This is invalid!
Occluder "" straddles multiple areas. This is invalid!
Occluder "" straddles multiple areas. This is invalid!
Occluder "" straddles multiple areas. This is invalid!
Occluder "" straddles multiple areas. This is invalid!
Occluder "" straddles multiple areas. This is invalid!
Chop Details...done (0)
Find Visible Detail Sides...
Merged 634 detail faces...done (0)
Merging details...done (0)
FixTjuncs...
PruneNodes...
WriteBSP...
done (1)
writing Z:\mnt\f\stuff\git\l4d2-things\reverse_rda\map\r_c11m1_greenhouse.prt...Building visibility clusters...
done (0)
Finding displacement neighbors...
Found a displacement edge abutting multiple other edges.
Finding lightmap sample positions...
Displacement Alpha : 0...1...2...3...4...5...6...7...8...9...10
Building Physics collision data...
done (1) (1017245 bytes)
Cannot build Physics2 data
                                                             -----------
DataLinker total stream size                                     0.0 KiB
Placing detail props : 0...1...2...3...4...5...6...7...8...9...10
Compacting texture/material tables...
Reduced 4881 texinfos to 2912
Reduced 443 texdatas to 360 (19757 bytes to 16431)
Writing Z:\mnt\f\stuff\git\l4d2-things\reverse_rda\map\r_c11m1_greenhouse.bsp
11 seconds elapsed

==================================================================
Date: 2026-08-16 20:21:24
Z:\mnt\d\SteamLibrary\steamapps\common\Left 4 Dead 2\bin\vvisplusplus.exe -game Z:\mnt\d\SteamLibrary\steamapps\common\Left 4 Dead 2\left4dead2 Z:\mnt\f\stuff\git\l4d2-things\reverse_rda\map\r_c11m1_greenhouse.vmf
==================================================================
6 threads
reading z:\mnt\f\stuff\git\l4d2-things\reverse_rda\map\r_c11m1_greenhouse.bsp
Detected L4D2 lump format
Max farz in all env_fog_controller entities: 9000 (used for radial vis)
reading z:\mnt\f\stuff\git\l4d2-things\reverse_rda\map\r_c11m1_greenhouse.prt
  64 portalclusters
 258 numportals
0...1...2...3...4...5...6...7...8...9...100...1...2...3...4...5...6...7...8...9...10Optimized: 10 visible clusters (0.55%)
Total clusters visible: 1809
Average clusters visible: 28
Building PAS...
Average clusters audible: 62
visdatasize:1601  compressed from 1024
writing z:\mnt\f\stuff\git\l4d2-things\reverse_rda\map\r_c11m1_greenhouse.bsp
Wrote ZIP buffer, estimated size 4573021, actual size 4522289
0 seconds elapsed



[Reading texlights from 'lights.rad']
[2 texlights parsed from 'lights.rad']

Loading z:\mnt\f\stuff\git\l4d2-things\reverse_rda\map\r_c11m1_greenhouse.bsp
8052 faces
1 degenerate faces
10450603 square feet [1504886784.00 square inches]
54 Displacements
23971 Square Feet [3451894.25 Square Inches]
8051 patches before subdivision
107579 patches after subdivision
42 direct lights
0...1...2...3...4...5...6...7...8...9...100...1...2...3...4...5...6...7...8...9...10transfers 8055661, max 1076
transfer lists:  61.5 megs
0...1...2...3...4...5...6...7...8...9...10	Bounce #1 added RGB(11885, 11555, 9172)
0...1...2...3...4...5...6...7...8...9...10	Bounce #2 added RGB(3030, 2496, 1543)
0...1...2...3...4...5...6...7...8...9...10	Bounce #3 added RGB(1190, 853, 409)
0...1...2...3...4...5...6...7...8...9...10	Bounce #4 added RGB(524, 339, 137)
0...1...2...3...4...5...6...7...8...9...10	Bounce #5 added RGB(256, 151, 52)
0...1...2...3...4...5...6...7...8...9...10	Bounce #6 added RGB(126, 68, 20)
0...1...2...3...4...5...6...7...8...9...10	Bounce #7 added RGB(64, 32, 8)
0...1...2...3...4...5...6...7...8...9...10	Bounce #8 added RGB(33, 15, 3)
0...1...2...3...4...5...6...7...8...9...10	Bounce #9 added RGB(17, 7, 1)
0...1...2...3...4...5...6...7...8...9...10	Bounce #10 added RGB(9, 4, 1)
0...1...2...3...4...5...6...7...8...9...10	Bounce #11 added RGB(5, 2, 0)
0...1...2...3...4...5...6...7...8...9...10	Bounce #12 added RGB(2, 1, 0)
0...1...2...3...4...5...6...7...8...9...10	Bounce #13 added RGB(1, 0, 0)
0...1...2...3...4...5...6...7...8...9...10	Bounce #14 added RGB(1, 0, 0)
Build Patch/Sample Hash Table(s).....Done<0.0338 sec>
0...1...2...3...4...5...6...7...8...9...10FinalLightFace Done
0 of 0 (0% of) surface lights went in leaf ambient cubes.
0...1...2...3...4...5...6...7...8...9...10Writing leaf ambient...done
Computing static prop lighting : 00...1...2...3...4...5...6...7...8...9...10
Ready to Finish

Object names       Objects/Maxobjs  Memory / Maxmem  Fullness 
------------       ---------------  ---------------  -------- 
models                 132/1024         6336/49152    (12.9%) 
brushes               2745/8192        32940/98304    (33.5%) 
brushsides           20472/65536      163776/524288   (31.2%) 
planes               12908/65536      258160/1310720  (19.7%) 
vertexes             15520/65536      186240/786432   (23.7%) 
nodes                 5996/65536      191872/2097152  ( 9.1%) 
texinfos              2912/12288      209664/884736   (23.7%) 
texdata                360/2048        11520/65536    (17.6%) 
dispinfos               54/0            9504/0        ( 0.0%) 
disp_verts            2582/0           51640/0        ( 0.0%) 
disp_tris             3840/0            7680/0        ( 0.0%) 
disp_lmsamples      118608/0          118608/0        ( 0.0%) 
faces                 8052/65536      450912/3670016  (12.3%) 
hdr faces             8052/65536      450912/3670016  (12.3%) 
origfaces             5090/65536      285040/3670016  ( 7.8%) 
leaves                6129/65536      196128/2097152  ( 9.4%) 
leaffaces            10135/65536       20270/131072   (15.5%) 
leafbrushes           8127/65536       16254/131072   (12.4%) 
areas                   16/256           128/2048     ( 6.3%) 
surfedges            58517/512000     234068/2048000  (11.4%) 
edges                38023/256000     152092/1024000  (14.9%) 
LDR worldlights          0/8192            0/819200   ( 0.0%) 
HDR worldlights         42/8192         4200/819200   ( 0.5%) 
leafwaterdata            0/32768           0/393216   ( 0.0%) 
waterstrips            781/32768        7810/327680   ( 2.4%) 
waterverts               0/65536           0/786432   ( 0.0%) 
waterindices         14748/65536       29496/131072   (22.5%) 
cubemapsamples          50/1024          800/16384    ( 4.9%) 
overlays               210/512         73920/180224   (41.0%) 
LDR lightdata         [variable]           0/0        ( 0.0%) 
HDR lightdata         [variable]     4044500/0        ( 0.0%) 
visdata               [variable]        1601/16777216 ( 0.0%) 
entdata               [variable]      372944/393216   (94.8%) VERY FULL!
LDR ambient table     6129/65536       24516/262144   ( 9.4%) 
HDR ambient table     6129/65536       24516/262144   ( 9.4%) 
LDR leaf ambient      6129/65536      171612/1835008  ( 9.4%) 
HDR leaf ambient     25251/65536      707028/1835008  (38.5%) 
occluders               14/0             560/0        ( 0.0%) 
occluder polygons       21/0             252/0        ( 0.0%) 
occluder vert ind       99/0             396/0        ( 0.0%) 
Prop Hull Verts          0/0               0/0        ( 0.0%) 
Prop Hull Blob           0/0               0/0        ( 0.0%) 
Prop Hull Lists          0/0               0/0        ( 0.0%) 
Prop Hulls               0/0               0/0        ( 0.0%) 
Prop Hull trilist        0/0               0/0        ( 0.0%) 
detail props          [variable]           1/12       ( 8.3%) 
static props          [variable]           1/76876    ( 0.0%) 
pakfile               [variable]     6646179/0        ( 0.0%) 
physics               [variable]     1017245/4194304  (24.3%) 
physics terrain       [variable]        9892/1048576  ( 0.9%) 

Level flags = 2

Total triangle count: 22078
Writing z:\mnt\f\stuff\git\l4d2-things\reverse_rda\map\r_c11m1_greenhouse.bsp
6 minutes, 52 seconds elapsed
