PRT1
2605
7460
4 1 14 (0 6144 1224 ) (0 6144 1856 ) (0 6400 1856 ) (0 6400 1224 ) 
4 1 3 (512 6144 1856 ) (0 6144 1856 ) (0 6144 1224 ) (512 6144 1224 ) 
4 1 2 (512 6144 1224 ) (0 6144 1224 ) (0 6400 1224 ) (512 6400 1224 ) 
4 2 15 (0 6144 528 ) (0 6144 1224 ) (0 6400 1224 ) (0 6400 528 ) 
4 2 13 (0 6144 704 ) (0 6144 528 ) (512 6144 528 ) (512 6144 704 ) 
4 2 4 (512 6144 1224 ) (0 6144 1224 ) (0 6144 704 ) (512 6144 704 ) 
4 3 19 (0 6144 1856 ) (0 6144 1224 ) (0 5376 1224 ) (0 5376 1856 ) 
4 3 7 (0 5376 1856 ) (0 5376 1224 ) (394 5376 1224 ) (394 5376 1856 ) 
4 3 5 (394 5376 1224 ) (512 5376 1224 ) (512 5376 1856 ) (394 5376 1856 ) 
4 3 4 (512 5376 1224 ) (0 5376 1224 ) (0 6144 1224 ) (512 6144 1224 ) 
4 4 20 (0 6144 1224 ) (0 6144 704 ) (0 5376 704 ) (0 5376 1224 ) 
4 4 13 (0 5392 704 ) (0 6144 704 ) (512 6144 704 ) (512 5392 704 ) 
4 4 12 (0 5376 912 ) (0 5376 907.965820 ) (58 5376 904 ) (23.333527 5376 912 ) 
4 4 11 (393.998016 5376 704 ) (394 5376 704 ) (394 5376 747.428589 ) (273.994385 5376 816.003235 ) 
3 4 10 (394 5376 747.428589 ) (394 5376 826.461548 ) (162 5376 880 ) 
3 4 9 (394 5376 826.461548 ) (394 5376 912 ) (23.333527 5376 912 ) 
4 4 8 (0 5376 1224 ) (0 5376 912 ) (394 5376 912 ) (394 5376 1224 ) 
4 4 6 (394 5376 704 ) (512 5376 704 ) (512 5376 1224 ) (394 5376 1224 ) 
4 5 169 (512 5120 1856 ) (394 5120 1856 ) (394 5120 1224 ) (512 5120 1224 ) 
4 5 7 (394 5120 1856 ) (394 5376 1856 ) (394 5376 1224 ) (394 5120 1224 ) 
4 5 6 (394 5120 1224 ) (394 5376 1224 ) (512 5376 1224 ) (512 5120 1224 ) 
4 6 170 (512 5120 1224 ) (394 5120 1224 ) (394 5120 704 ) (512 5120 704 ) 
4 6 11 (394 5376 747.428589 ) (394 5376 704 ) (394 5120 704 ) (394 5120 747.428589 ) 
4 6 10 (394 5376 826.461548 ) (394 5376 747.428589 ) (394 5120 747.428589 ) (394 5120 826.461548 ) 
4 6 9 (394 5376 912 ) (394 5376 826.461548 ) (394 5120 826.461548 ) (394 5120 912 ) 
4 6 8 (394 5376 1224 ) (394 5376 912 ) (394 5120 912 ) (394 5120 1224 ) 
4 7 169 (394 5120 1856 ) (0 5120 1856 ) (0 5120 1224 ) (394 5120 1224 ) 
4 7 21 (0 5120 1224 ) (0 5120 1856 ) (0 5376 1856 ) (0 5376 1224 ) 
4 7 8 (0 5376 1224 ) (394 5376 1224 ) (394 5120 1224 ) (0 5120 1224 ) 
4 8 171 (0 5120 1224 ) (0 5120 912 ) (394 5120 912 ) (394 5120 1224 ) 
4 8 22 (0 5120 912 ) (0 5120 1224 ) (0 5376 1224 ) (0 5376 912 ) 
4 8 12 (0 5120 912 ) (0 5376 912 ) (23.333521 5376 912 ) (23.333527 5120 912 ) 
4 8 9 (23.333521 5376 912 ) (394 5376 912 ) (394 5120 912 ) (23.333527 5120 912 ) 
3 9 172 (394 5120 826.461548 ) (394 5120 912 ) (23.333527 5120 912 ) 
4 9 12 (23.332031 5120 912 ) (23.332031 5376 912 ) (57.997883 5376 904 ) (57.997887 5120 904 ) 
4 9 10 (162.001099 5376 880 ) (394 5376 826.461121 ) (394 5120 826.461121 ) (162.001114 5120 880 ) 
3 10 173 (394 5120 747.428589 ) (394 5120 826.461548 ) (162 5120 880 ) 
4 10 11 (273.993134 5376 816.004456 ) (394 5376 747.429382 ) (394 5120 747.429382 ) (273.992676 5120 816.004700 ) 
4 11 174 (393.997864 5120 704 ) (394 5120 704 ) (394 5120 747.428589 ) (273.994141 5120 816.003357 ) 
4 12 175 (0 5120 912 ) (0 5120 907.965820 ) (58 5120 904 ) (23.333527 5120 912 ) 
4 12 27 (0 5120 907.965820 ) (0 5120 912 ) (0 5376 912 ) (0 5376 907.965820 ) 
4 13 28 (0 5392 528 ) (0 5392 704 ) (0 6144 704 ) (0 6144 528 ) 
4 14 29 (-512 6144 1856 ) (-528 6144 1856 ) (-528 6144 1224 ) (-512 6144 1224 ) 
4 14 19 (0 6144 1224 ) (0 6144 1856 ) (-512 6144 1856 ) (-512 6144 1224 ) 
4 14 16 (-528 6144 1224 ) (-528 6144 1856 ) (-528 6400 1856 ) (-528 6400 1224 ) 
4 14 15 (-528 6144 1224 ) (-528 6400 1224 ) (0 6400 1224 ) (0 6144 1224 ) 
4 15 30 (-512 6144 1224 ) (-528 6144 1224 ) (-528 6144 528 ) (-512 6144 528 ) 
4 15 28 (0 6144 528 ) (0 6144 704 ) (-512 6144 704 ) (-512 6144 528 ) 
4 15 20 (0 6144 704 ) (0 6144 1224 ) (-512 6144 1224 ) (-512 6144 704 ) 
4 15 17 (-528 6144 528 ) (-528 6144 1224 ) (-528 6400 1224 ) (-528 6400 528 ) 
4 16 54 (-1024 6400 1224 ) (-1024 6144 1224 ) (-1024 6144 1856 ) (-1024 6400 1856 ) 
4 16 37 (-1024 6144 1856 ) (-1024 6144 1224 ) (-528 6144 1224 ) (-528 6144 1856 ) 
4 16 17 (-1024 6144 1224 ) (-1024 6400 1224 ) (-528 6400 1224 ) (-528 6144 1224 ) 
4 17 55 (-1024 6400 16 ) (-1024 6144 16 ) (-1024 6144 1224 ) (-1024 6400 1224 ) 
4 17 52 (-1024 6144 512 ) (-1024 6144 16 ) (-920 6144 16 ) (-920 6144 512 ) 
4 17 50 (-904 6144 296 ) (-920 6144 296 ) (-920 6144 288 ) (-904 6144 288 ) 
4 17 49 (-528 6144 288 ) (-528 6144 296 ) (-904 6144 296 ) (-904 6144 288 ) 
4 17 51 (-920 6144 16 ) (-528 6144 16 ) (-528 6144 288 ) (-920 6144 288 ) 
4 17 41 (-528 6144 296 ) (-528 6144 512 ) (-920 6144 512 ) (-920 6144 296 ) 
4 17 38 (-920 6144 512 ) (-528 6144 512 ) (-528 6144 1224 ) (-920 6144 1224 ) 
4 17 40 (-1024 6144 1224 ) (-1024 6144 512 ) (-920 6144 512 ) (-920 6144 1224 ) 
4 17 18 (-1024 6144 16 ) (-1024 6400 16 ) (-920 6400 16 ) (-920 6144 16 ) 
4 18 56 (-1024 6400 8 ) (-1024 6144 8 ) (-1024 6144 16 ) (-1024 6400 16 ) 
4 18 53 (-1024 6144 16 ) (-1024 6144 8 ) (-920 6144 8 ) (-920 6144 16 ) 
4 19 34 (-512 5438 1224 ) (-512 5376 1224 ) (-512 5376 1856 ) (-512 5438 1856 ) 
4 19 31 (-512 5954 1224 ) (-512 5438 1224 ) (-512 5438 1856 ) (-512 5954 1856 ) 
4 19 29 (-512 6144 1856 ) (-512 6144 1224 ) (-512 5954 1224 ) (-512 5954 1856 ) 
4 19 21 (-512 5376 1856 ) (-512 5376 1224 ) (0 5376 1224 ) (0 5376 1856 ) 
4 19 20 (0 5376 1224 ) (-512 5376 1224 ) (-512 6144 1224 ) (0 6144 1224 ) 
4 20 35 (-512 5438 704 ) (-512 5376 704 ) (-512 5376 1224 ) (-512 5438 1224 ) 
4 20 32 (-512 5954 704 ) (-512 5438 704 ) (-512 5438 1224 ) (-512 5954 1224 ) 
4 20 30 (-512 6144 1224 ) (-512 6144 704 ) (-512 5954 704 ) (-512 5954 1224 ) 
4 20 28 (-512 5392 704 ) (-512 6144 704 ) (0 6144 704 ) (0 5392 704 ) 
3 20 27 (0 5376 907.965820 ) (0 5376 912 ) (-59 5376 912 ) 
4 20 26 (-512 5376 747.428589 ) (-512 5376 704 ) (-511.984985 5376 704 ) (-391.958862 5376 816.023499 ) 
3 20 25 (-59 5376 912 ) (-141.333664 5376 912 ) (-176 5376 904 ) 
3 20 24 (-512 5376 826.461609 ) (-512 5376 747.428589 ) (-280 5376 880 ) 
3 20 23 (-512 5376 912 ) (-512 5376 826.461609 ) (-141.333664 5376 912 ) 
4 20 22 (-512 5376 1224 ) (-512 5376 912 ) (0 5376 912 ) (0 5376 1224 ) 
4 21 190 (0 5120 1224 ) (0 5120 1856 ) (-512 5120 1856 ) (-512 5120 1224 ) 
4 21 34 (-512 5120 1224 ) (-512 5120 1856 ) (-512 5376 1856 ) (-512 5376 1224 ) 
4 21 22 (0 5120 1224 ) (-512 5120 1224 ) (-512 5376 1224 ) (0 5376 1224 ) 
4 22 191 (0 5120 912 ) (0 5120 1224 ) (-512 5120 1224 ) (-512 5120 912 ) 
4 22 35 (-512 5120 912 ) (-512 5120 1224 ) (-512 5376 1224 ) (-512 5376 912 ) 
4 22 27 (-59 5376 912 ) (0 5376 912 ) (0 5120 912 ) (-59 5120 912 ) 
4 22 25 (-141.333649 5376 912 ) (-59 5376 912 ) (-59 5120 912 ) (-141.333664 5120 912 ) 
4 22 23 (-512 5120 912 ) (-512 5376 912 ) (-141.333649 5376 912 ) (-141.333664 5120 912 ) 
3 23 192 (-141.333664 5120 912 ) (-512 5120 912 ) (-512 5120 826.461609 ) 
4 23 35 (-512 5120 826.461609 ) (-512 5120 912 ) (-512 5376 912 ) (-512 5376 826.461609 ) 
4 23 25 (-175.998169 5376 904 ) (-141.332031 5376 912 ) (-141.332031 5120 912 ) (-175.998169 5120 904 ) 
4 23 24 (-512 5120 826.461121 ) (-512 5376 826.461121 ) (-280.001099 5376 880 ) (-280.001099 5120 880 ) 
3 24 193 (-280 5120 880 ) (-512 5120 826.461609 ) (-512 5120 747.428589 ) 
4 24 35 (-512 5120 747.428589 ) (-512 5120 826.461609 ) (-512 5376 826.461609 ) (-512 5376 747.428589 ) 
4 24 26 (-512 5120 747.428223 ) (-512 5376 747.428223 ) (-391.961609 5376 816.020996 ) (-391.961609 5120 816.020996 ) 
3 25 194 (-59 5120 912 ) (-141.333664 5120 912 ) (-176 5120 904 ) 
4 26 195 (-391.958862 5120 816.023499 ) (-512 5120 747.428589 ) (-512 5120 704 ) (-511.984985 5120 704 ) 
4 26 35 (-512 5376 704 ) (-512 5120 704 ) (-512 5120 747.428589 ) (-512 5376 747.428589 ) 
3 27 196 (0 5120 907.965820 ) (0 5120 912 ) (-59 5120 912 ) 
4 28 36 (-512 5438 528 ) (-512 5392 528 ) (-512 5392 704 ) (-512 5438 704 ) 
4 28 32 (-512 5954 528 ) (-512 5438 528 ) (-512 5438 704 ) (-512 5954 704 ) 
4 28 30 (-512 6144 704 ) (-512 6144 528 ) (-512 5954 528 ) (-512 5954 704 ) 
4 29 37 (-528 6144 1856 ) (-528 6144 1224 ) (-528 5954 1224 ) (-528 5954 1856 ) 
4 29 31 (-528 5954 1856 ) (-528 5954 1224 ) (-512 5954 1224 ) (-512 5954 1856 ) 
4 29 30 (-512 5954 1224 ) (-528 5954 1224 ) (-528 6144 1224 ) (-512 6144 1224 ) 
4 30 38 (-528 6144 1224 ) (-528 6144 528 ) (-528 5954 528 ) (-528 5954 1224 ) 
4 30 32 (-528 5954 1224 ) (-528 5954 528 ) (-512 5954 528 ) (-512 5954 1224 ) 
4 31 37 (-528 5954 1856 ) (-528 5954 1224 ) (-528 5438 1224 ) (-528 5438 1856 ) 
4 31 34 (-528 5438 1856 ) (-528 5438 1224 ) (-512 5438 1224 ) (-512 5438 1856 ) 
4 31 32 (-512 5438 1224 ) (-528 5438 1224 ) (-528 5954 1224 ) (-512 5954 1224 ) 
4 32 38 (-528 5954 1224 ) (-528 5954 528 ) (-528 5438 528 ) (-528 5438 1224 ) 
4 32 36 (-528 5438 704 ) (-528 5438 528 ) (-512 5438 528 ) (-512 5438 704 ) 
4 32 35 (-528 5438 1224 ) (-528 5438 704 ) (-512 5438 704 ) (-512 5438 1224 ) 
4 33 51 (-528 5954 184 ) (-528 5954 16 ) (-528 5438 16 ) (-528 5438 184 ) 
4 34 197 (-512 5120 1224 ) (-512 5120 1856 ) (-528 5120 1856 ) (-528 5120 1224 ) 
4 34 37 (-528 5120 1224 ) (-528 5120 1856 ) (-528 5438 1856 ) (-528 5438 1224 ) 
4 34 35 (-528 5120 1224 ) (-528 5438 1224 ) (-512 5438 1224 ) (-512 5120 1224 ) 
4 35 198 (-512 5120 704 ) (-512 5120 1224 ) (-528 5120 1224 ) (-528 5120 704 ) 
4 35 39 (-528 5120 704 ) (-528 5120 1224 ) (-528 5392 1224 ) (-528 5392 704 ) 
4 35 38 (-528 5392 1224 ) (-528 5438 1224 ) (-528 5438 704 ) (-528 5392 704 ) 
4 35 36 (-528 5392 704 ) (-528 5438 704 ) (-512 5438 704 ) (-512 5392 704 ) 
4 36 38 (-528 5392 704 ) (-528 5438 704 ) (-528 5438 528 ) (-528 5392 528 ) 
4 37 202 (-528 5120 1224 ) (-528 5120 1856 ) (-1024 5120 1856 ) (-1024 5120 1224 ) 
4 37 65 (-1024 5120 1224 ) (-1024 5120 1856 ) (-1024 6144 1856 ) (-1024 6144 1224 ) 
4 37 39 (-528 5392 1224 ) (-528 5120 1224 ) (-920 5120 1224 ) (-920 5392 1224 ) 
4 37 38 (-920 6144 1224 ) (-528 6144 1224 ) (-528 5392 1224 ) (-920 5392 1224 ) 
4 37 40 (-1024 5120 1224 ) (-1024 6144 1224 ) (-920 6144 1224 ) (-920 5120 1224 ) 
4 38 41 (-528 6144 512 ) (-528 5392 512 ) (-920 5392 512 ) (-920 6144 512 ) 
4 38 39 (-920 5392 1224 ) (-920 5392 704 ) (-528 5392 704 ) (-528 5392 1224 ) 
4 38 40 (-920 6144 512 ) (-920 5392 512 ) (-920 5392 1224 ) (-920 6144 1224 ) 
4 39 203 (-528 5120 704 ) (-528 5120 1224 ) (-920 5120 1224 ) (-920 5120 704 ) 
4 39 40 (-920 5120 704 ) (-920 5120 1224 ) (-920 5392 1224 ) (-920 5392 704 ) 
4 40 205 (-920 5120 1224 ) (-1024 5120 1224 ) (-1024 5120 512 ) (-920 5120 512 ) 
4 40 66 (-1024 5120 512 ) (-1024 5120 1224 ) (-1024 6144 1224 ) (-1024 6144 512 ) 
4 40 52 (-920 5120 512 ) (-1024 5120 512 ) (-1024 6144 512 ) (-920 6144 512 ) 
4 41 52 (-920 5392 512 ) (-920 6144 512 ) (-920 6144 296 ) (-920 5392 296 ) 
4 41 50 (-920 5392 296 ) (-920 6144 296 ) (-904 6144 296 ) (-904 5392 296 ) 
4 41 49 (-904 6144 296 ) (-528 6144 296 ) (-528 5392 296 ) (-904 5392 296 ) 
4 41 43 (-788 5392 296 ) (-592 5392 296 ) (-592 5392 512 ) (-788 5392 512 ) 
4 42 46 (-528 5312 400 ) (-528 5312 512 ) (-592 5312 512 ) (-592 5312 400 ) 
4 42 47 (-592 5312 296 ) (-528 5312 296 ) (-528 5312 400 ) (-592 5312 400 ) 
4 42 44 (-592 5368 296 ) (-592 5312 296 ) (-592 5312 512 ) (-592 5368 512 ) 
4 43 44 (-788 5376 512 ) (-788 5376 296 ) (-592 5376 296 ) (-592 5376 512 ) 
4 44 46 (-592 5312 400 ) (-592 5312 512 ) (-788 5312 512 ) (-788 5312 400 ) 
4 44 47 (-788 5312 296 ) (-592 5312 296 ) (-592 5312 400 ) (-788 5312 400 ) 
4 44 45 (-788 5376 296 ) (-788 5312 296 ) (-788 5312 512 ) (-788 5376 512 ) 
4 45 46 (-788 5312 400 ) (-788 5312 512 ) (-904 5312 512 ) (-904 5312 400 ) 
4 45 47 (-904 5312 296 ) (-788 5312 296 ) (-788 5312 400 ) (-904 5312 400 ) 
4 46 48 (-904 5200 400 ) (-528 5200 400 ) (-528 5200 512 ) (-904 5200 512 ) 
4 46 47 (-528 5200 400 ) (-904 5200 400 ) (-904 5312 400 ) (-528 5312 400 ) 
4 47 52 (-920 5312 400 ) (-920 5312 296 ) (-920 5200 296 ) (-920 5200 400 ) 
4 47 48 (-904 5200 296 ) (-528 5200 296 ) (-528 5200 400 ) (-904 5200 400 ) 
4 49 50 (-904 6144 288 ) (-904 5392 288 ) (-904 5392 296 ) (-904 6144 296 ) 
4 49 51 (-904 6144 288 ) (-528 6144 288 ) (-528 5392 288 ) (-904 5392 288 ) 
4 50 52 (-920 5392 296 ) (-920 6144 296 ) (-920 6144 288 ) (-920 5392 288 ) 
4 50 51 (-920 5392 288 ) (-920 6144 288 ) (-904 6144 288 ) (-904 5392 288 ) 
4 51 206 (-528 5120 16 ) (-528 5120 288 ) (-920 5120 288 ) (-920 5120 16 ) 
4 51 52 (-920 5120 16 ) (-920 5120 288 ) (-920 6144 288 ) (-920 6144 16 ) 
4 52 208 (-920 5120 512 ) (-1024 5120 512 ) (-1024 5120 16 ) (-920 5120 16 ) 
4 52 66 (-1024 5120 16 ) (-1024 5120 512 ) (-1024 6144 512 ) (-1024 6144 16 ) 
4 52 53 (-920 6144 16 ) (-920 5120 16 ) (-1024 5120 16 ) (-1024 6144 16 ) 
4 53 215 (-1024 5120 16 ) (-1024 5120 8 ) (-920 5120 8 ) (-920 5120 16 ) 
4 53 67 (-1024 5120 8 ) (-1024 5120 16 ) (-1024 6144 16 ) (-1024 6144 8 ) 
4 54 65 (-1024 6144 1224 ) (-1024 6144 1856 ) (-2048 6144 1856 ) (-2048 6144 1224 ) 
4 54 58 (-2048 6400 1224 ) (-2048 6144 1224 ) (-2048 6144 1856 ) (-2048 6400 1856 ) 
4 54 55 (-2048 6144 1224 ) (-2048 6400 1224 ) (-1024 6400 1224 ) (-1024 6144 1224 ) 
4 55 66 (-1024 6144 16 ) (-1024 6144 1224 ) (-2048 6144 1224 ) (-2048 6144 16 ) 
4 55 59 (-2048 6400 16 ) (-2048 6144 16 ) (-2048 6144 1224 ) (-2048 6400 1224 ) 
4 55 57 (-2048 6144 16 ) (-2048 6400 16 ) (-1560 6400 16 ) (-1560 6144 16 ) 
4 55 56 (-1416 6400 16 ) (-1024 6400 16 ) (-1024 6144 16 ) (-1416 6144 16 ) 
4 56 67 (-1024 6144 8 ) (-1024 6144 16 ) (-1416 6144 16 ) (-1416 6144 8 ) 
4 57 68 (-1560 6144 16 ) (-2048 6144 16 ) (-2048 6144 8 ) (-1560 6144 8 ) 
4 57 62 (-2048 6400 8 ) (-2048 6144 8 ) (-2048 6144 16 ) (-2048 6400 16 ) 
4 58 69 (-2048 6144 1224 ) (-2048 6144 1856 ) (-2208 6144 1856 ) (-2208 6144 1224 ) 
4 58 60 (-2208 6144 1224 ) (-2208 6144 1856 ) (-2208 6400 1856 ) (-2208 6400 1224 ) 
4 58 59 (-2208 6144 1224 ) (-2208 6400 1224 ) (-2048 6400 1224 ) (-2048 6144 1224 ) 
4 59 70 (-2048 6144 16 ) (-2048 6144 1224 ) (-2208 6144 1224 ) (-2208 6144 16 ) 
4 59 62 (-2048 6144 16 ) (-2056 6144 16 ) (-2056 6400 16 ) (-2048 6400 16 ) 
4 59 61 (-2208 6144 832 ) (-2208 6144 1224 ) (-2208 6400 1224 ) (-2208 6400 832 ) 
4 60 71 (-2592 6144 1856 ) (-2592 6144 1224 ) (-2208 6144 1224 ) (-2208 6144 1856 ) 
4 60 63 (-2592 6144 1224 ) (-2592 6144 1856 ) (-2592 6336 1856 ) (-2592 6336 1224 ) 
4 60 61 (-2592 6144 1224 ) (-2592 6400 1224 ) (-2208 6400 1224 ) (-2208 6144 1224 ) 
4 61 72 (-2592 6144 1224 ) (-2592 6144 832 ) (-2208 6144 832 ) (-2208 6144 1224 ) 
4 61 64 (-2592 6144 832 ) (-2592 6144 1224 ) (-2592 6336 1224 ) (-2592 6336 832 ) 
4 62 77 (-2048 6144 8 ) (-2048 6144 16 ) (-2056 6144 16 ) (-2056 6144 8 ) 
4 63 102 (-3072 6144 1224 ) (-3072 6144 1856 ) (-3072 6336 1856 ) (-3072 6336 1224 ) 
4 63 74 (-3072 6144 1856 ) (-3072 6144 1224 ) (-2592 6144 1224 ) (-2592 6144 1856 ) 
4 63 64 (-2592 6336 1224 ) (-2592 6144 1224 ) (-3072 6144 1224 ) (-3072 6336 1224 ) 
4 64 103 (-3072 6144 684 ) (-3072 6144 1224 ) (-3072 6336 1224 ) (-3072 6336 684 ) 
4 64 75 (-3072 6144 1224 ) (-3072 6144 684 ) (-2592 6144 684 ) (-2592 6144 1224 ) 
4 65 216 (-1024 5120 1224 ) (-1024 5120 1856 ) (-2048 5120 1856 ) (-2048 5120 1224 ) 
4 65 78 (-2048 5360 1224 ) (-2048 5120 1224 ) (-2048 5120 1856 ) (-2048 5360 1856 ) 
4 65 69 (-2048 6144 1856 ) (-2048 6144 1224 ) (-2048 5360 1224 ) (-2048 5360 1856 ) 
4 65 66 (-1024 5120 1224 ) (-2048 5120 1224 ) (-2048 6144 1224 ) (-1024 6144 1224 ) 
4 66 217 (-1024 5120 16 ) (-1024 5120 1224 ) (-2048 5120 1224 ) (-2048 5120 16 ) 
4 66 79 (-2048 5360 16 ) (-2048 5120 16 ) (-2048 5120 1224 ) (-2048 5360 1224 ) 
4 66 70 (-2048 6144 1224 ) (-2048 6144 16 ) (-2048 5360 16 ) (-2048 5360 1224 ) 
4 66 68 (-1560 5120 16 ) (-2048 5120 16 ) (-2048 6144 16 ) (-1560 6144 16 ) 
4 66 67 (-1024 5120 16 ) (-1416 5120 16 ) (-1416 6144 16 ) (-1024 6144 16 ) 
4 67 218 (-1024 5120 8 ) (-1024 5120 16 ) (-1416 5120 16 ) (-1416 5120 8 ) 
4 68 219 (-1560 5120 16 ) (-2048 5120 16 ) (-2048 5120 8 ) (-1560 5120 8 ) 
4 68 80 (-2048 5360 8 ) (-2048 5120 8 ) (-2048 5120 16 ) (-2048 5360 16 ) 
4 68 77 (-2048 6144 16 ) (-2048 6144 8 ) (-2048 5360 8 ) (-2048 5360 16 ) 
4 69 88 (-2192 5360 1856 ) (-2208 5360 1856 ) (-2208 5360 1224 ) (-2192 5360 1224 ) 
4 69 81 (-2136 5360 1856 ) (-2192 5360 1856 ) (-2192 5360 1224 ) (-2136 5360 1224 ) 
4 69 78 (-2048 5360 1224 ) (-2048 5360 1856 ) (-2136 5360 1856 ) (-2136 5360 1224 ) 
4 69 71 (-2208 6144 1856 ) (-2208 6144 1224 ) (-2208 5360 1224 ) (-2208 5360 1856 ) 
4 69 70 (-2048 5360 1224 ) (-2208 5360 1224 ) (-2208 6144 1224 ) (-2048 6144 1224 ) 
4 70 89 (-2192 5360 648 ) (-2192 5360 1224 ) (-2208 5360 1224 ) (-2208 5360 648 ) 
4 70 82 (-2136 5360 648 ) (-2136 5360 1224 ) (-2192 5360 1224 ) (-2192 5360 648 ) 
4 70 79 (-2136 5360 16 ) (-2048 5360 16 ) (-2048 5360 1224 ) (-2136 5360 1224 ) 
4 70 77 (-2048 5360 16 ) (-2056 5360 16 ) (-2056 6144 16 ) (-2048 6144 16 ) 
4 70 73 (-2208 5440 16 ) (-2208 5360 16 ) (-2208 5360 832 ) (-2208 5440 832 ) 
4 70 72 (-2208 6144 1224 ) (-2208 6144 832 ) (-2208 5360 832 ) (-2208 5360 1224 ) 
4 71 90 (-2456 5360 1856 ) (-2592 5360 1856 ) (-2592 5360 1224 ) (-2456 5360 1224 ) 
4 71 88 (-2208 5360 1224 ) (-2208 5360 1856 ) (-2456 5360 1856 ) (-2456 5360 1224 ) 
4 71 74 (-2592 5360 1224 ) (-2592 5360 1856 ) (-2592 6144 1856 ) (-2592 6144 1224 ) 
4 71 72 (-2592 5360 1224 ) (-2592 6144 1224 ) (-2208 6144 1224 ) (-2208 5360 1224 ) 
4 72 91 (-2456 5360 1224 ) (-2592 5360 1224 ) (-2592 5360 832 ) (-2456 5360 832 ) 
4 72 89 (-2208 5360 832 ) (-2208 5360 1224 ) (-2456 5360 1224 ) (-2456 5360 832 ) 
4 72 75 (-2592 5360 832 ) (-2592 5360 1224 ) (-2592 6144 1224 ) (-2592 6144 832 ) 
4 72 73 (-2592 5360 832 ) (-2592 5440 832 ) (-2208 5440 832 ) (-2208 5360 832 ) 
4 73 91 (-2456 5360 464 ) (-2456 5360 832 ) (-2592 5360 832 ) (-2592 5360 464 ) 
4 73 89 (-2208 5360 648 ) (-2208 5360 832 ) (-2456 5360 832 ) (-2456 5360 648 ) 
4 73 76 (-2592 5440 16 ) (-2592 5360 16 ) (-2592 5360 684 ) (-2592 5440 684 ) 
4 73 75 (-2592 5360 684 ) (-2592 5360 832 ) (-2592 5440 832 ) (-2592 5440 684 ) 
4 74 108 (-3072 5360 1224 ) (-3072 5360 1856 ) (-3072 6144 1856 ) (-3072 6144 1224 ) 
4 74 90 (-3072 5360 1856 ) (-3072 5360 1224 ) (-2592 5360 1224 ) (-2592 5360 1856 ) 
4 74 75 (-3072 6144 1224 ) (-2592 6144 1224 ) (-2592 5360 1224 ) (-3072 5360 1224 ) 
4 75 109 (-3072 5360 684 ) (-3072 5360 1224 ) (-3072 6144 1224 ) (-3072 6144 684 ) 
4 75 91 (-3072 5360 1224 ) (-3072 5360 684 ) (-2592 5360 684 ) (-2592 5360 1224 ) 
4 75 76 (-2592 5736 684 ) (-2592 5360 684 ) (-3072 5360 684 ) (-3072 5736 684 ) 
4 76 110 (-3072 5360 16 ) (-3072 5360 684 ) (-3072 5736 684 ) (-3072 5736 16 ) 
4 76 91 (-3072 5360 684 ) (-3072 5360 464 ) (-2592 5360 464 ) (-2592 5360 684 ) 
4 77 80 (-2056 5360 8 ) (-2048 5360 8 ) (-2048 5360 16 ) (-2056 5360 16 ) 
4 78 220 (-2048 5120 1224 ) (-2048 5120 1856 ) (-2136 5120 1856 ) (-2136 5120 1224 ) 
4 78 86 (-2136 5272 1224 ) (-2136 5120 1224 ) (-2136 5120 1856 ) (-2136 5272 1856 ) 
4 78 83 (-2136 5328 1224 ) (-2136 5272 1224 ) (-2136 5272 1856 ) (-2136 5328 1856 ) 
4 78 81 (-2136 5360 1856 ) (-2136 5360 1224 ) (-2136 5328 1224 ) (-2136 5328 1856 ) 
4 78 79 (-2136 5120 1224 ) (-2136 5360 1224 ) (-2048 5360 1224 ) (-2048 5120 1224 ) 
4 79 222 (-2048 5120 16 ) (-2048 5120 648 ) (-2136 5120 648 ) (-2136 5120 16 ) 
4 79 221 (-2048 5120 648 ) (-2048 5120 1224 ) (-2136 5120 1224 ) (-2136 5120 648 ) 
4 79 87 (-2136 5120 648 ) (-2136 5120 1224 ) (-2136 5272 1224 ) (-2136 5272 648 ) 
4 79 85 (-2136 5272 432 ) (-2136 5272 520 ) (-2136 5328 520 ) (-2136 5328 432 ) 
4 79 84 (-2136 5272 648 ) (-2136 5272 1224 ) (-2136 5328 1224 ) (-2136 5328 648 ) 
4 79 82 (-2136 5360 1224 ) (-2136 5360 648 ) (-2136 5328 648 ) (-2136 5328 1224 ) 
4 79 80 (-2056 5360 16 ) (-2048 5360 16 ) (-2048 5120 16 ) (-2056 5120 16 ) 
4 80 223 (-2048 5120 8 ) (-2048 5120 16 ) (-2056 5120 16 ) (-2056 5120 8 ) 
4 81 88 (-2192 5360 1856 ) (-2192 5360 1224 ) (-2192 5328 1224 ) (-2192 5328 1856 ) 
4 81 83 (-2192 5328 1856 ) (-2192 5328 1224 ) (-2136 5328 1224 ) (-2136 5328 1856 ) 
4 81 82 (-2136 5328 1224 ) (-2192 5328 1224 ) (-2192 5360 1224 ) (-2136 5360 1224 ) 
4 82 89 (-2192 5360 1224 ) (-2192 5360 648 ) (-2192 5328 648 ) (-2192 5328 1224 ) 
4 82 84 (-2192 5328 1224 ) (-2192 5328 648 ) (-2136 5328 648 ) (-2136 5328 1224 ) 
4 83 88 (-2192 5272 1224 ) (-2192 5272 1856 ) (-2192 5328 1856 ) (-2192 5328 1224 ) 
4 83 86 (-2192 5272 1856 ) (-2192 5272 1224 ) (-2136 5272 1224 ) (-2136 5272 1856 ) 
4 83 84 (-2136 5272 1224 ) (-2192 5272 1224 ) (-2192 5328 1224 ) (-2136 5328 1224 ) 
4 84 89 (-2192 5272 648 ) (-2192 5272 1224 ) (-2192 5328 1224 ) (-2192 5328 648 ) 
4 84 87 (-2192 5272 1224 ) (-2192 5272 648 ) (-2136 5272 648 ) (-2136 5272 1224 ) 
4 86 220 (-2136 5120 1224 ) (-2136 5120 1856 ) (-2192 5120 1856 ) (-2192 5120 1224 ) 
4 86 88 (-2192 5120 1224 ) (-2192 5120 1856 ) (-2192 5272 1856 ) (-2192 5272 1224 ) 
4 86 87 (-2192 5120 1224 ) (-2192 5272 1224 ) (-2136 5272 1224 ) (-2136 5120 1224 ) 
4 87 221 (-2136 5120 648 ) (-2136 5120 1224 ) (-2192 5120 1224 ) (-2192 5120 648 ) 
4 87 89 (-2192 5120 648 ) (-2192 5120 1224 ) (-2192 5272 1224 ) (-2192 5272 648 ) 
4 88 220 (-2192 5120 1224 ) (-2192 5120 1856 ) (-2456 5120 1856 ) (-2456 5120 1224 ) 
4 88 92 (-2456 5328 1224 ) (-2456 5120 1224 ) (-2456 5120 1856 ) (-2456 5328 1856 ) 
4 88 90 (-2456 5360 1856 ) (-2456 5360 1224 ) (-2456 5328 1224 ) (-2456 5328 1856 ) 
4 88 89 (-2456 5120 1224 ) (-2456 5360 1224 ) (-2192 5360 1224 ) (-2192 5120 1224 ) 
4 89 221 (-2192 5120 648 ) (-2192 5120 1224 ) (-2456 5120 1224 ) (-2456 5120 648 ) 
4 89 93 (-2456 5328 648 ) (-2456 5120 648 ) (-2456 5120 1224 ) (-2456 5328 1224 ) 
4 89 91 (-2456 5360 1224 ) (-2456 5360 648 ) (-2456 5328 648 ) (-2456 5328 1224 ) 
4 90 120 (-3072 5328 1224 ) (-3072 5328 1856 ) (-3072 5360 1856 ) (-3072 5360 1224 ) 
4 90 100 (-3072 5328 1856 ) (-3072 5328 1224 ) (-2712 5328 1224 ) (-2712 5328 1856 ) 
4 90 92 (-2712 5328 1224 ) (-2456 5328 1224 ) (-2456 5328 1856 ) (-2712 5328 1856 ) 
4 90 91 (-2456 5328 1224 ) (-3072 5328 1224 ) (-3072 5360 1224 ) (-2456 5360 1224 ) 
4 91 121 (-3072 5328 464 ) (-3072 5328 1224 ) (-3072 5360 1224 ) (-3072 5360 464 ) 
4 91 101 (-3072 5328 1224 ) (-3072 5328 464 ) (-2712 5328 464 ) (-2712 5328 1224 ) 
4 91 93 (-2712 5328 464 ) (-2456 5328 464 ) (-2456 5328 1224 ) (-2712 5328 1224 ) 
4 92 224 (-2456 5120 1224 ) (-2456 5120 1856 ) (-2712 5120 1856 ) (-2712 5120 1224 ) 
4 92 100 (-2712 5328 1856 ) (-2712 5328 1224 ) (-2712 5120 1224 ) (-2712 5120 1856 ) 
4 92 93 (-2712 5120 1224 ) (-2712 5328 1224 ) (-2456 5328 1224 ) (-2456 5120 1224 ) 
4 93 225 (-2456 5120 424 ) (-2456 5120 1224 ) (-2712 5120 1224 ) (-2712 5120 424 ) 
4 93 101 (-2712 5328 1224 ) (-2712 5328 424 ) (-2712 5120 424 ) (-2712 5120 1224 ) 
4 94 226 (-2456 5120 288 ) (-2456 5120 416 ) (-2712 5120 416 ) (-2712 5120 288 ) 
4 94 97 (-2712 5328 416 ) (-2712 5328 288 ) (-2712 5120 288 ) (-2712 5120 416 ) 
4 95 227 (-2456 5120 152 ) (-2456 5120 280 ) (-2712 5120 280 ) (-2712 5120 152 ) 
4 95 99 (-2712 5328 280 ) (-2712 5328 152 ) (-2712 5120 152 ) (-2712 5120 280 ) 
4 96 228 (-2456 5120 16 ) (-2456 5120 144 ) (-2712 5120 144 ) (-2712 5120 16 ) 
4 97 229 (-2712 5120 288 ) (-2712 5120 416.001038 ) (-2720 5120 413.807495 ) (-2720 5120 285.806488 ) 
4 97 98 (-2720 5328 285.804688 ) (-2720 5120 285.804688 ) (-2720 5120 413.805939 ) (-2720 5328 413.805939 ) 
4 98 230 (-2720 5120 413.807495 ) (-3072 5120 317.291260 ) (-3072 5120 189.290314 ) (-2720 5120 285.806488 ) 
4 98 124 (-3072 5120 189.290344 ) (-3072 5120 317.291321 ) (-3072 5328 317.291260 ) (-3072 5328 189.290314 ) 
4 99 231 (-2712 5120 152 ) (-2712 5120 280 ) (-3072 5120 181.290329 ) (-3072 5120 53.289978 ) 
4 99 127 (-3072 5120 53.289974 ) (-3072 5120 181.290298 ) (-3072 5328 181.290329 ) (-3072 5328 53.289978 ) 
4 100 232 (-2712 5120 1224 ) (-2712 5120 1856 ) (-3072 5120 1856 ) (-3072 5120 1224 ) 
4 100 122 (-3072 5120 1224 ) (-3072 5120 1856 ) (-3072 5328 1856 ) (-3072 5328 1224 ) 
4 100 101 (-3072 5120 1224 ) (-3072 5328 1224 ) (-2712 5328 1224 ) (-2712 5120 1224 ) 
4 101 233 (-2712 5120 424 ) (-2712 5120 1224 ) (-3072 5120 1224 ) (-3072 5120 424 ) 
4 101 123 (-3072 5120 424 ) (-3072 5120 1224 ) (-3072 5328 1224 ) (-3072 5328 424 ) 
4 102 108 (-3072 6144 1224 ) (-3072 6144 1856 ) (-3104 6144 1856 ) (-3104 6144 1224 ) 
4 102 104 (-3104 6144 1224 ) (-3104 6144 1856 ) (-3104 6336 1856 ) (-3104 6336 1224 ) 
4 102 103 (-3072 6144 1224 ) (-3104 6144 1224 ) (-3104 6336 1224 ) (-3072 6336 1224 ) 
4 103 109 (-3072 6144 684 ) (-3072 6144 1224 ) (-3104 6144 1224 ) (-3104 6144 684 ) 
4 103 105 (-3104 6144 684 ) (-3104 6144 1224 ) (-3104 6336 1224 ) (-3104 6336 684 ) 
4 104 111 (-3712 6144 1856 ) (-3712 6144 1224 ) (-3104 6144 1224 ) (-3104 6144 1856 ) 
4 104 106 (-3712 6336 1224 ) (-3712 6144 1224 ) (-3712 6144 1856 ) (-3712 6336 1856 ) 
4 104 105 (-3712 6144 1224 ) (-3712 6336 1224 ) (-3104 6336 1224 ) (-3104 6144 1224 ) 
4 105 112 (-3712 6144 1224 ) (-3712 6144 512 ) (-3104 6144 512 ) (-3104 6144 1224 ) 
4 105 107 (-3712 6144 720 ) (-3712 6144 1224 ) (-3712 6336 1224 ) (-3712 6336 720 ) 
4 106 144 (-4096 6144 1224 ) (-4096 6144 1856 ) (-4096 6336 1856 ) (-4096 6336 1224 ) 
4 106 114 (-4096 6144 1856 ) (-4096 6144 1224 ) (-3712 6144 1224 ) (-3712 6144 1856 ) 
4 106 107 (-4096 6144 1224 ) (-4096 6336 1224 ) (-3712 6336 1224 ) (-3712 6144 1224 ) 
4 107 145 (-4096 6144 720 ) (-4096 6144 1224 ) (-4096 6336 1224 ) (-4096 6336 720 ) 
4 107 115 (-4096 6144 1224 ) (-4096 6144 720 ) (-3712 6144 720 ) (-3712 6144 1224 ) 
4 108 120 (-3072 5360 1224 ) (-3072 5360 1856 ) (-3104 5360 1856 ) (-3104 5360 1224 ) 
4 108 111 (-3104 5360 1224 ) (-3104 5360 1856 ) (-3104 6144 1856 ) (-3104 6144 1224 ) 
4 108 109 (-3072 5360 1224 ) (-3104 5360 1224 ) (-3104 6144 1224 ) (-3072 6144 1224 ) 
4 109 121 (-3072 5360 684 ) (-3072 5360 1224 ) (-3104 5360 1224 ) (-3104 5360 684 ) 
4 109 112 (-3104 5360 684 ) (-3104 5360 1224 ) (-3104 6144 1224 ) (-3104 6144 684 ) 
4 109 110 (-3072 5360 684 ) (-3104 5360 684 ) (-3104 5736 684 ) (-3072 5736 684 ) 
4 110 121 (-3072 5360 464 ) (-3072 5360 684 ) (-3104 5360 684 ) (-3104 5360 464 ) 
4 110 113 (-3104 5632 16 ) (-3104 5360 16 ) (-3104 5360 512 ) (-3104 5632 512 ) 
4 110 112 (-3104 5360 512 ) (-3104 5360 684 ) (-3104 5736 684 ) (-3104 5736 512 ) 
4 111 132 (-3696 5360 1856 ) (-3712 5360 1856 ) (-3712 5360 1224 ) (-3696 5360 1224 ) 
4 111 120 (-3104 5360 1224 ) (-3104 5360 1856 ) (-3696 5360 1856 ) (-3696 5360 1224 ) 
4 111 114 (-3712 6144 1856 ) (-3712 6144 1224 ) (-3712 5360 1224 ) (-3712 5360 1856 ) 
4 111 112 (-3712 5360 1224 ) (-3712 6144 1224 ) (-3104 6144 1224 ) (-3104 5360 1224 ) 
4 112 133 (-3696 5360 1224 ) (-3712 5360 1224 ) (-3712 5360 512 ) (-3696 5360 512 ) 
4 112 121 (-3104 5360 512 ) (-3104 5360 1224 ) (-3696 5360 1224 ) (-3696 5360 512 ) 
4 112 117 (-3712 5696 512 ) (-3712 5360 512 ) (-3712 5360 720 ) (-3712 5696 720 ) 
4 112 116 (-3712 5824 512 ) (-3712 5696 512 ) (-3712 5696 720 ) (-3712 5824 720 ) 
4 112 115 (-3712 6144 1224 ) (-3712 6144 720 ) (-3712 5360 720 ) (-3712 5360 1224 ) 
4 112 113 (-3712 5360 512 ) (-3712 5632 512 ) (-3104 5632 512 ) (-3104 5360 512 ) 
4 113 133 (-3696 5360 464 ) (-3696 5360 512 ) (-3712 5360 512 ) (-3712 5360 464 ) 
4 113 121 (-3104 5360 464 ) (-3104 5360 512 ) (-3696 5360 512 ) (-3696 5360 464 ) 
4 113 117 (-3712 5632 16 ) (-3712 5360 16 ) (-3712 5360 512 ) (-3712 5632 512 ) 
4 114 150 (-4096 5360 1224 ) (-4096 5360 1856 ) (-4096 6144 1856 ) (-4096 6144 1224 ) 
4 114 134 (-4096 5360 1856 ) (-4096 5360 1224 ) (-3728 5360 1224 ) (-3728 5360 1856 ) 
4 114 132 (-3728 5360 1224 ) (-3712 5360 1224 ) (-3712 5360 1856 ) (-3728 5360 1856 ) 
4 114 115 (-3712 6144 1224 ) (-3712 5360 1224 ) (-4096 5360 1224 ) (-4096 6144 1224 ) 
4 115 155 (-4096 5360 720 ) (-4096 5360 952 ) (-4096 5696 952 ) (-4096 5696 720 ) 
4 115 152 (-4096 5824 952 ) (-4096 6144 952 ) (-4096 6144 720 ) (-4096 5824 720 ) 
4 115 153 (-4096 5696 952 ) (-4096 5824 952 ) (-4096 5824 720 ) (-4096 5696 720 ) 
4 115 151 (-4096 5360 952 ) (-4096 5360 1224 ) (-4096 6144 1224 ) (-4096 6144 952 ) 
4 115 136 (-4096 5360 1224 ) (-4096 5360 720 ) (-3864 5360 720 ) (-3864 5360 1224 ) 
4 115 135 (-3864 5360 720 ) (-3728 5360 720 ) (-3728 5360 1224 ) (-3864 5360 1224 ) 
4 115 133 (-3728 5360 720 ) (-3712 5360 720 ) (-3712 5360 1224 ) (-3728 5360 1224 ) 
4 115 118 (-3864 5360 720 ) (-4096 5360 720 ) (-4096 5696 720 ) (-3864 5696 720 ) 
4 115 117 (-3712 5696 720 ) (-3712 5360 720 ) (-3864 5360 720 ) (-3864 5696 720 ) 
4 115 116 (-3712 5824 720 ) (-3712 5696 720 ) (-4096 5696 720 ) (-4096 5824 720 ) 
4 116 153 (-4096 5696 720 ) (-4096 5824 720 ) (-4096 5824 16 ) (-4096 5696 16 ) 
4 116 119 (-4096 5696 16 ) (-3864 5696 16 ) (-3864 5696 17 ) (-4096 5696 17 ) 
4 116 118 (-3864 5696 680 ) (-3864 5696 720 ) (-4096 5696 720 ) (-4096 5696 680 ) 
4 116 117 (-3864 5696 16 ) (-3712 5696 16 ) (-3712 5696 720 ) (-3864 5696 720 ) 
4 117 138 (-3864 5360 16 ) (-3728 5360 16 ) (-3728 5360 595 ) (-3864 5360 595 ) 
4 117 135 (-3728 5360 595 ) (-3728 5360 720 ) (-3864 5360 720 ) (-3864 5360 595 ) 
4 117 133 (-3712 5360 464 ) (-3712 5360 720 ) (-3728 5360 720 ) (-3728 5360 464 ) 
4 117 119 (-3864 5696 17 ) (-3864 5696 16 ) (-3864 5360 16 ) (-3864 5360 17 ) 
4 117 118 (-3864 5696 720 ) (-3864 5696 680 ) (-3864 5360 680 ) (-3864 5360 720 ) 
4 118 155 (-4096 5360 680 ) (-4096 5360 720 ) (-4096 5696 720 ) (-4096 5696 680 ) 
4 118 136 (-4096 5360 720 ) (-4096 5360 680 ) (-3864 5360 680 ) (-3864 5360 720 ) 
4 119 156 (-4096 5360 16 ) (-4096 5360 17 ) (-4096 5696 17 ) (-4096 5696 16 ) 
4 119 139 (-4096 5360 17 ) (-4096 5360 16 ) (-3864 5360 16 ) (-3864 5360 17 ) 
4 120 132 (-3696 5360 1856 ) (-3696 5360 1224 ) (-3696 5328 1224 ) (-3696 5328 1856 ) 
4 120 128 (-3696 5328 1856 ) (-3696 5328 1224 ) (-3208 5328 1224 ) (-3208 5328 1856 ) 
4 120 122 (-3208 5328 1224 ) (-3072 5328 1224 ) (-3072 5328 1856 ) (-3208 5328 1856 ) 
4 120 121 (-3072 5328 1224 ) (-3696 5328 1224 ) (-3696 5360 1224 ) (-3072 5360 1224 ) 
4 121 133 (-3696 5360 1224 ) (-3696 5360 464 ) (-3696 5328 464 ) (-3696 5328 1224 ) 
4 121 129 (-3696 5328 1224 ) (-3696 5328 464 ) (-3208 5328 464 ) (-3208 5328 1224 ) 
4 121 123 (-3208 5328 464 ) (-3072 5328 464 ) (-3072 5328 1224 ) (-3208 5328 1224 ) 
4 122 876 (-3072 5120 1224 ) (-3072 5120 1856 ) (-3208 5120 1856 ) (-3208 5120 1224 ) 
4 122 128 (-3208 5328 1856 ) (-3208 5328 1224 ) (-3208 5120 1224 ) (-3208 5120 1856 ) 
4 122 123 (-3208 5120 1224 ) (-3208 5328 1224 ) (-3072 5328 1224 ) (-3072 5120 1224 ) 
4 123 877 (-3072 5120 424 ) (-3072 5120 1224 ) (-3208 5120 1224 ) (-3208 5120 424 ) 
4 123 129 (-3208 5328 1224 ) (-3208 5328 424 ) (-3208 5120 424 ) (-3208 5120 1224 ) 
4 124 878 (-3072 5120 189.290359 ) (-3072 5120 317.291321 ) (-3200 5120 282.194519 ) (-3200 5120 154.193558 ) 
4 124 126 (-3200 5328 154.194366 ) (-3200 5120 154.194366 ) (-3200 5120 280 ) (-3200 5328 280 ) 
4 124 125 (-3200 5120 280 ) (-3200 5120 282.195313 ) (-3200 5328 282.195313 ) (-3200 5328 280 ) 
3 125 879 (-3200 5120 282.194519 ) (-3208 5120 280 ) (-3200 5120 280 ) 
4 125 126 (-3208 5120 280 ) (-3208 5328 280 ) (-3200 5328 280 ) (-3200 5120 280 ) 
4 126 880 (-3208 5120 280 ) (-3208 5120 152 ) (-3200 5120 154.193558 ) (-3200 5120 280 ) 
4 126 130 (-3208 5328 280 ) (-3208 5328 152 ) (-3208 5120 152 ) (-3208 5120 280 ) 
4 127 881 (-3072 5120 53.289978 ) (-3072 5120 181.290314 ) (-3208 5120 144 ) (-3208 5120 16 ) 
4 127 131 (-3208 5328 144 ) (-3208 5328 16 ) (-3208 5120 16 ) (-3208 5120 144 ) 
4 128 893 (-3696 5120 1856 ) (-3696 5120 1224 ) (-3208 5120 1224 ) (-3208 5120 1856 ) 
4 128 132 (-3696 5120 1224 ) (-3696 5120 1856 ) (-3696 5328 1856 ) (-3696 5328 1224 ) 
4 128 129 (-3696 5120 1224 ) (-3696 5328 1224 ) (-3208 5328 1224 ) (-3208 5120 1224 ) 
4 129 894 (-3696 5120 1224 ) (-3696 5120 424 ) (-3208 5120 424 ) (-3208 5120 1224 ) 
4 129 133 (-3696 5120 464 ) (-3696 5120 1224 ) (-3696 5328 1224 ) (-3696 5328 464 ) 
4 130 895 (-3464 5120 152 ) (-3208 5120 152 ) (-3208 5120 280 ) (-3464 5120 280 ) 
4 131 896 (-3464 5120 16 ) (-3208 5120 16 ) (-3208 5120 144 ) (-3464 5120 144 ) 
4 132 908 (-3704 5120 1856 ) (-3728 5120 1856 ) (-3728 5120 1224 ) (-3704 5120 1224 ) 
4 132 901 (-3696 5120 1224 ) (-3696 5120 1856 ) (-3704 5120 1856 ) (-3704 5120 1224 ) 
4 132 134 (-3728 5360 1856 ) (-3728 5360 1224 ) (-3728 5120 1224 ) (-3728 5120 1856 ) 
4 132 133 (-3728 5120 1224 ) (-3728 5360 1224 ) (-3696 5360 1224 ) (-3696 5120 1224 ) 
4 133 909 (-3704 5120 1224 ) (-3728 5120 1224 ) (-3728 5120 464 ) (-3704 5120 464 ) 
4 133 902 (-3696 5120 464 ) (-3696 5120 1224 ) (-3704 5120 1224 ) (-3704 5120 464 ) 
4 133 142 (-3728 5140 464 ) (-3728 5120 464 ) (-3728 5120 507 ) (-3728 5140 507 ) 
4 133 140 (-3728 5120 507 ) (-3728 5120 595 ) (-3728 5140 595 ) (-3728 5140 507 ) 
4 133 138 (-3728 5360 595 ) (-3728 5360 464 ) (-3728 5140 464 ) (-3728 5140 595 ) 
4 133 135 (-3728 5360 1224 ) (-3728 5360 595 ) (-3728 5120 595 ) (-3728 5120 1224 ) 
4 134 917 (-3728 5120 1224 ) (-3728 5120 1856 ) (-4096 5120 1856 ) (-4096 5120 1224 ) 
4 134 150 (-4096 5120 1224 ) (-4096 5120 1856 ) (-4096 5360 1856 ) (-4096 5360 1224 ) 
4 134 137 (-4096 5120 1224 ) (-4096 5140 1224 ) (-3864 5140 1224 ) (-3864 5120 1224 ) 
4 134 136 (-4096 5140 1224 ) (-4096 5360 1224 ) (-3864 5360 1224 ) (-3864 5140 1224 ) 
4 134 135 (-3864 5360 1224 ) (-3728 5360 1224 ) (-3728 5120 1224 ) (-3864 5120 1224 ) 
4 135 918 (-3728 5120 595 ) (-3728 5120 1224 ) (-3864 5120 1224 ) (-3864 5120 595 ) 
4 135 140 (-3728 5140 595 ) (-3728 5120 595 ) (-3864 5120 595 ) (-3864 5140 595 ) 
4 135 138 (-3864 5360 595 ) (-3728 5360 595 ) (-3728 5140 595 ) (-3864 5140 595 ) 
4 135 137 (-3864 5120 680 ) (-3864 5120 1224 ) (-3864 5140 1224 ) (-3864 5140 680 ) 
4 135 136 (-3864 5140 680 ) (-3864 5140 1224 ) (-3864 5360 1224 ) (-3864 5360 680 ) 
4 136 155 (-4096 5360 952 ) (-4096 5360 680 ) (-4096 5140 680 ) (-4096 5140 952 ) 
4 136 151 (-4096 5140 1224 ) (-4096 5360 1224 ) (-4096 5360 952 ) (-4096 5140 952 ) 
4 136 137 (-3864 5140 680 ) (-3864 5140 1224 ) (-4096 5140 1224 ) (-4096 5140 680 ) 
4 137 919 (-3864 5120 1224 ) (-4096 5120 1224 ) (-4096 5120 680 ) (-3864 5120 680 ) 
4 137 157 (-4096 5120 680 ) (-4096 5120 952 ) (-4096 5140 952 ) (-4096 5140 680 ) 
4 137 151 (-4096 5120 952 ) (-4096 5120 1224 ) (-4096 5140 1224 ) (-4096 5140 952 ) 
4 138 142 (-3728 5140 16 ) (-3728 5140 507 ) (-3864 5140 507 ) (-3864 5140 16 ) 
4 138 140 (-3728 5140 507 ) (-3728 5140 595 ) (-3864 5140 595 ) (-3864 5140 507 ) 
4 138 139 (-3864 5360 16 ) (-3864 5140 16 ) (-3864 5140 17 ) (-3864 5360 17 ) 
4 139 156 (-4096 5140 16 ) (-4096 5140 17 ) (-4096 5360 17 ) (-4096 5360 16 ) 
4 139 143 (-4096 5140 17 ) (-4096 5140 16 ) (-3864 5140 16 ) (-3864 5140 17 ) 
4 140 921 (-3728 5120 507 ) (-3728 5120 595 ) (-3864 5120 595 ) (-3864 5120 507 ) 
4 140 142 (-3864 5140 507 ) (-3728 5140 507 ) (-3728 5120 507 ) (-3864 5120 507 ) 
4 141 922 (-3988 5120 595 ) (-4048 5120 595 ) (-4048 5120 507 ) (-3988 5120 507 ) 
4 142 924 (-3728 5120 16 ) (-3728 5120 507 ) (-3864 5120 507 ) (-3864 5120 16 ) 
4 142 143 (-3864 5140 16 ) (-3864 5120 16 ) (-3864 5120 17 ) (-3864 5140 17 ) 
4 143 925 (-4096 5120 17 ) (-4096 5120 16 ) (-3864 5120 16 ) (-3864 5120 17 ) 
4 143 158 (-4096 5120 16 ) (-4096 5120 17 ) (-4096 5140 17 ) (-4096 5140 16 ) 
4 144 150 (-4096 6144 1224 ) (-4096 6144 1856 ) (-5120 6144 1856 ) (-5120 6144 1224 ) 
4 144 148 (-5120 6144 1224 ) (-5120 6144 1856 ) (-5120 6336 1856 ) (-5120 6336 1224 ) 
4 144 147 (-4816 6144 1224 ) (-5120 6144 1224 ) (-5120 6336 1224 ) (-4816 6336 1224 ) 
4 144 146 (-4352 6144 1224 ) (-4816 6144 1224 ) (-4816 6336 1224 ) (-4352 6336 1224 ) 
4 144 145 (-4096 6144 1224 ) (-4352 6144 1224 ) (-4352 6336 1224 ) (-4096 6336 1224 ) 
4 145 152 (-4096 6144 720 ) (-4096 6144 952 ) (-4352 6144 952 ) (-4352 6144 720 ) 
4 145 151 (-4096 6144 952 ) (-4096 6144 1224 ) (-4352 6144 1224 ) (-4352 6144 952 ) 
4 145 146 (-4352 6144 720 ) (-4352 6144 1224 ) (-4352 6336 1224 ) (-4352 6336 720 ) 
4 146 154 (-4816 6144 952 ) (-4816 6144 16 ) (-4352 6144 16 ) (-4352 6144 952 ) 
4 146 151 (-4352 6144 1224 ) (-4816 6144 1224 ) (-4816 6144 952 ) (-4352 6144 952 ) 
4 146 147 (-4816 6144 952 ) (-4816 6144 1224 ) (-4816 6336 1224 ) (-4816 6336 952 ) 
4 147 151 (-4816 6144 1224 ) (-5120 6144 1224 ) (-5120 6144 952 ) (-4816 6144 952 ) 
4 147 149 (-5120 6144 952 ) (-5120 6144 1224 ) (-5120 6336 1224 ) (-5120 6336 952 ) 
4 148 163 (-5120 6144 1224 ) (-5120 6144 1856 ) (-5712 6144 1856 ) (-5712 6144 1224 ) 
4 148 149 (-5712 6144 1224 ) (-5712 6336 1224 ) (-5120 6336 1224 ) (-5120 6144 1224 ) 
4 149 164 (-5120 6144 952 ) (-5120 6144 1224 ) (-5712 6144 1224 ) (-5712 6144 952 ) 
4 150 936 (-4816 5120 1856 ) (-5120 5120 1856 ) (-5120 5120 1224 ) (-4816 5120 1224 ) 
4 150 932 (-4096 5120 1224 ) (-4096 5120 1856 ) (-4816 5120 1856 ) (-4816 5120 1224 ) 
4 150 163 (-5120 6144 1856 ) (-5120 6144 1224 ) (-5120 5120 1224 ) (-5120 5120 1856 ) 
4 150 151 (-4096 5120 1224 ) (-5120 5120 1224 ) (-5120 6144 1224 ) (-4096 6144 1224 ) 
4 151 937 (-4816 5120 1224 ) (-5120 5120 1224 ) (-5120 5120 952 ) (-4816 5120 952 ) 
4 151 933 (-4096 5120 952 ) (-4096 5120 1224 ) (-4816 5120 1224 ) (-4816 5120 952 ) 
4 151 164 (-5120 6144 1224 ) (-5120 6144 952 ) (-5120 5120 952 ) (-5120 5120 1224 ) 
4 151 161 (-4400 5120 952 ) (-4816 5120 952 ) (-4816 5696 952 ) (-4400 5696 952 ) 
4 151 159 (-4232 5120 952 ) (-4400 5120 952 ) (-4400 5696 952 ) (-4232 5696 952 ) 
4 151 157 (-4096 5120 952 ) (-4232 5120 952 ) (-4232 5140 952 ) (-4096 5140 952 ) 
4 151 155 (-4232 5140 952 ) (-4232 5696 952 ) (-4096 5696 952 ) (-4096 5140 952 ) 
4 151 152 (-4352 6144 952 ) (-4096 6144 952 ) (-4096 5824 952 ) (-4352 5824 952 ) 
4 151 153 (-4096 5824 952 ) (-4096 5696 952 ) (-4352 5696 952 ) (-4352 5824 952 ) 
4 151 154 (-4816 5696 952 ) (-4816 6144 952 ) (-4352 6144 952 ) (-4352 5696 952 ) 
4 152 153 (-4352 5824 952 ) (-4352 5824 720 ) (-4096 5824 720 ) (-4096 5824 952 ) 
4 152 154 (-4352 5824 720 ) (-4352 5824 952 ) (-4352 6144 952 ) (-4352 6144 720 ) 
4 153 160 (-4352 5696 16 ) (-4232 5696 16 ) (-4232 5696 17 ) (-4352 5696 17 ) 
4 153 159 (-4232 5696 680 ) (-4232 5696 952 ) (-4352 5696 952 ) (-4352 5696 680 ) 
4 153 156 (-4232 5696 16 ) (-4096 5696 16 ) (-4096 5696 17 ) (-4232 5696 17 ) 
4 153 155 (-4096 5696 680 ) (-4096 5696 952 ) (-4232 5696 952 ) (-4232 5696 680 ) 
4 153 154 (-4352 5824 16 ) (-4352 5696 16 ) (-4352 5696 952 ) (-4352 5824 952 ) 
4 154 162 (-4816 5696 17 ) (-4816 5696 16 ) (-4400 5696 16 ) (-4400 5696 17 ) 
4 154 161 (-4816 5696 952 ) (-4816 5696 680 ) (-4400 5696 680 ) (-4400 5696 952 ) 
4 154 160 (-4400 5696 16 ) (-4352 5696 16 ) (-4352 5696 17 ) (-4400 5696 17 ) 
4 154 159 (-4352 5696 680 ) (-4352 5696 952 ) (-4400 5696 952 ) (-4400 5696 680 ) 
4 155 159 (-4232 5696 952 ) (-4232 5696 680 ) (-4232 5140 680 ) (-4232 5140 952 ) 
4 155 157 (-4232 5140 952 ) (-4232 5140 680 ) (-4096 5140 680 ) (-4096 5140 952 ) 
4 156 160 (-4232 5696 17 ) (-4232 5696 16 ) (-4232 5140 16 ) (-4232 5140 17 ) 
4 156 158 (-4232 5140 17 ) (-4232 5140 16 ) (-4096 5140 16 ) (-4096 5140 17 ) 
4 157 933 (-4096 5120 680 ) (-4096 5120 952 ) (-4232 5120 952 ) (-4232 5120 680 ) 
4 157 159 (-4232 5120 680 ) (-4232 5120 952 ) (-4232 5140 952 ) (-4232 5140 680 ) 
4 158 938 (-4096 5120 16 ) (-4096 5120 17 ) (-4232 5120 17 ) (-4232 5120 16 ) 
4 158 160 (-4232 5140 16 ) (-4232 5120 16 ) (-4232 5120 17 ) (-4232 5140 17 ) 
4 159 933 (-4232 5120 952 ) (-4400 5120 952 ) (-4400 5120 680 ) (-4232 5120 680 ) 
4 159 161 (-4400 5696 952 ) (-4400 5696 680 ) (-4400 5120 680 ) (-4400 5120 952 ) 
4 160 938 (-4400 5120 17 ) (-4400 5120 16 ) (-4232 5120 16 ) (-4232 5120 17 ) 
4 160 162 (-4400 5696 17 ) (-4400 5696 16 ) (-4400 5120 16 ) (-4400 5120 17 ) 
4 161 933 (-4400 5120 952 ) (-4816 5120 952 ) (-4816 5120 680 ) (-4400 5120 680 ) 
4 162 938 (-4816 5120 17 ) (-4816 5120 16 ) (-4400 5120 16 ) (-4400 5120 17 ) 
4 163 951 (-5120 5120 1224 ) (-5120 5120 1856 ) (-5712 5120 1856 ) (-5712 5120 1224 ) 
4 163 166 (-5712 5120 1224 ) (-5712 5120 1616 ) (-5712 5744 1616 ) (-5712 5744 1224 ) 
4 163 165 (-5712 5120 1616 ) (-5712 5120 1856 ) (-5712 5744 1856 ) (-5712 5744 1616 ) 
4 163 164 (-5712 5120 1224 ) (-5712 6144 1224 ) (-5120 6144 1224 ) (-5120 5120 1224 ) 
4 164 952 (-5120 5120 952 ) (-5120 5120 1224 ) (-5712 5120 1224 ) (-5712 5120 952 ) 
4 164 167 (-5712 5120 952 ) (-5712 5120 1224 ) (-5712 5744 1224 ) (-5712 5744 952 ) 
4 165 960 (-5904 5120 1856 ) (-6144 5120 1856 ) (-6144 5120 1616 ) (-5904 5120 1616 ) 
4 165 951 (-5712 5120 1856 ) (-5904 5120 1856 ) (-5904 5120 1616 ) (-5712 5120 1616 ) 
4 165 168 (-6144 5120 1616 ) (-6144 5120 1856 ) (-6144 5744 1856 ) (-6144 5744 1616 ) 
4 165 166 (-5904 5744 1616 ) (-5712 5744 1616 ) (-5712 5120 1616 ) (-5904 5120 1616 ) 
4 166 951 (-5904 5120 1224 ) (-5712 5120 1224 ) (-5712 5120 1616 ) (-5904 5120 1616 ) 
4 166 167 (-5904 5744 1224 ) (-5712 5744 1224 ) (-5712 5120 1224 ) (-5904 5120 1224 ) 
4 167 953 (-5904 5120 16 ) (-5712 5120 16 ) (-5712 5120 1224 ) (-5904 5120 1224 ) 
4 168 2019 (-6144 5120 1616 ) (-6144 5120 1856 ) (-6800 5120 1856 ) (-6800 5120 1616 ) 
4 169 190 (0 4096 1224 ) (0 4096 1856 ) (0 5120 1856 ) (0 5120 1224 ) 
4 169 176 (512 4096 1856 ) (0 4096 1856 ) (0 4096 1224 ) (512 4096 1224 ) 
4 169 171 (0 4096 1224 ) (0 5120 1224 ) (394 5120 1224 ) (394 4096 1224 ) 
4 169 170 (394 5120 1224 ) (512 5120 1224 ) (512 4096 1224 ) (394 4096 1224 ) 
4 170 177 (512 4096 1224 ) (394 4096 1224 ) (394 4096 704 ) (512 4096 704 ) 
4 170 174 (394 5120 704 ) (394 4096 704 ) (394 4096 747.428589 ) (394 5120 747.428589 ) 
4 170 173 (394 4096 747.428589 ) (394 4096 826.461548 ) (394 5120 826.461548 ) (394 5120 747.428589 ) 
4 170 172 (394 4096 826.461548 ) (394 4096 912 ) (394 5120 912 ) (394 5120 826.461548 ) 
4 170 171 (394 4096 912 ) (394 4096 1224 ) (394 5120 1224 ) (394 5120 912 ) 
4 171 191 (0 4096 912 ) (0 4096 1224 ) (0 5120 1224 ) (0 5120 912 ) 
4 171 178 (394 4096 1224 ) (0 4096 1224 ) (0 4096 912 ) (394 4096 912 ) 
4 171 175 (0 5120 912 ) (23.333521 5120 912 ) (23.333527 4096 912 ) (0 4096 912 ) 
4 171 172 (23.333521 5120 912 ) (394 5120 912 ) (394 4096 912 ) (23.333527 4096 912 ) 
3 172 179 (394 4096 826.461548 ) (394 4096 912 ) (23.333527 4096 912 ) 
4 172 175 (23.332031 4096 912 ) (23.332031 5120 912 ) (57.997883 5120 904 ) (57.997887 4096 904 ) 
4 172 173 (162.001099 5120 880 ) (394 5120 826.461121 ) (394 4096 826.461121 ) (162.001114 4096 880 ) 
3 173 180 (394 4096 747.428589 ) (394 4096 826.461548 ) (162 4096 880 ) 
4 173 174 (273.992676 5120 816.004700 ) (394 5120 747.429382 ) (394 4096 747.429382 ) (273.991364 4096 816.005493 ) 
4 174 181 (393.997314 4096 704 ) (394 4096 704 ) (394 4096 747.428589 ) (273.992737 4096 816.004150 ) 
4 175 196 (0 4096 907.965820 ) (0 4096 912 ) (0 5120 912 ) (0 5120 907.965820 ) 
4 175 182 (0 4096 912 ) (0 4096 907.965820 ) (58 4096 904 ) (23.333527 4096 912 ) 
4 176 287 (0 3072 1224 ) (0 3072 1856 ) (0 4096 1856 ) (0 4096 1224 ) 
4 176 183 (512 3072 1856 ) (0 3072 1856 ) (0 3072 1224 ) (512 3072 1224 ) 
4 176 178 (394 3072 1224 ) (0 3072 1224 ) (0 4096 1224 ) (394 4096 1224 ) 
4 176 177 (512 3072 1224 ) (394 3072 1224 ) (394 4096 1224 ) (512 4096 1224 ) 
4 177 184 (512 3072 1224 ) (394 3072 1224 ) (394 3072 704 ) (512 3072 704 ) 
4 177 181 (394 4096 704 ) (394 3072 704 ) (394 3072 747.428589 ) (394 4096 747.428589 ) 
4 177 180 (394 3072 747.428589 ) (394 3072 826.461548 ) (394 4096 826.461548 ) (394 4096 747.428589 ) 
4 177 179 (394 3072 826.461548 ) (394 3072 912 ) (394 4096 912 ) (394 4096 826.461548 ) 
4 177 178 (394 3072 912 ) (394 3072 1224 ) (394 4096 1224 ) (394 4096 912 ) 
4 178 288 (0 3072 912 ) (0 3072 1224 ) (0 4096 1224 ) (0 4096 912 ) 
4 178 185 (394 3072 1224 ) (0 3072 1224 ) (0 3072 912 ) (394 3072 912 ) 
4 178 182 (23.333527 3072 912 ) (0 3072 912 ) (0 4096 912 ) (23.333521 4096 912 ) 
4 178 179 (394 4096 912 ) (394 3072 912 ) (23.333527 3072 912 ) (23.333521 4096 912 ) 
3 179 186 (394 3072 826.461548 ) (394 3072 912 ) (23.333527 3072 912 ) 
4 179 182 (23.332031 3072 912 ) (23.332031 4096 912 ) (57.997883 4096 904 ) (57.997887 3072 904 ) 
4 179 180 (162.001099 4096 880 ) (394 4096 826.461121 ) (394 3072 826.461121 ) (162.001114 3072 880 ) 
3 180 187 (394 3072 747.428589 ) (394 3072 826.461548 ) (162 3072 880 ) 
4 180 181 (273.991364 4096 816.005493 ) (394 4096 747.429382 ) (394 3072 747.429382 ) (273.990082 3072 816.006226 ) 
4 181 188 (393.996796 3072 704 ) (394 3072 704 ) (394 3072 747.428589 ) (273.991486 3072 816.004883 ) 
4 182 293 (0 3072 907.965820 ) (0 3072 912 ) (0 4096 912 ) (0 4096 907.965820 ) 
4 182 189 (0 3072 912 ) (0 3072 907.965820 ) (58 3072 904 ) (23.333527 3072 912 ) 
4 183 568 (394 2048 1856 ) (0 2048 1856 ) (0 2048 1224 ) (394 2048 1224 ) 
4 183 566 (512 2048 1856 ) (394 2048 1856 ) (394 2048 1224 ) (512 2048 1224 ) 
4 183 361 (0 2048 1224 ) (0 2048 1856 ) (0 3072 1856 ) (0 3072 1224 ) 
4 183 185 (394 2048 1224 ) (0 2048 1224 ) (0 3072 1224 ) (394 3072 1224 ) 
4 183 184 (512 2048 1224 ) (394 2048 1224 ) (394 3072 1224 ) (512 3072 1224 ) 
4 184 567 (512 2048 1224 ) (394 2048 1224 ) (394 2048 704 ) (512 2048 704 ) 
4 184 188 (394 3072 704 ) (394 2048 704 ) (394 2048 747.428589 ) (394 3072 747.428589 ) 
4 184 187 (394 2048 747.428589 ) (394 2048 826.461548 ) (394 3072 826.461548 ) (394 3072 747.428589 ) 
4 184 186 (394 2048 826.461548 ) (394 2048 912 ) (394 3072 912 ) (394 3072 826.461548 ) 
4 184 185 (394 2048 912 ) (394 2048 1224 ) (394 3072 1224 ) (394 3072 912 ) 
4 185 569 (394 2048 1224 ) (0 2048 1224 ) (0 2048 912 ) (394 2048 912 ) 
4 185 362 (0 2048 912 ) (0 2048 1224 ) (0 3072 1224 ) (0 3072 912 ) 
4 185 189 (0 2048 912 ) (0 3072 912 ) (23.333521 3072 912 ) (23.333527 2048 912 ) 
4 185 186 (23.333521 3072 912 ) (394 3072 912 ) (394 2048 912 ) (23.333527 2048 912 ) 
3 186 570 (394 2048 826.461548 ) (394 2048 912 ) (23.333527 2048 912 ) 
4 186 189 (23.332031 2048 912 ) (23.332031 3072 912 ) (57.997883 3072 904 ) (57.997887 2048 904 ) 
4 186 187 (162.001099 3072 880 ) (394 3072 826.461121 ) (394 2048 826.461121 ) (162.001114 2048 880 ) 
3 187 571 (394 2048 747.428589 ) (394 2048 826.461548 ) (162 2048 880 ) 
4 187 188 (273.990051 3072 816.006226 ) (394 3072 747.429382 ) (394 2048 747.429382 ) (273.988647 2048 816.007019 ) 
4 188 572 (393.996246 2048 704 ) (394 2048 704 ) (394 2048 747.428589 ) (273.990112 2048 816.005676 ) 
4 189 573 (0 2048 912 ) (0 2048 907.965820 ) (58 2048 904 ) (23.333527 2048 912 ) 
4 189 367 (0 2048 907.965820 ) (0 2048 912 ) (0 3072 912 ) (0 3072 907.965820 ) 
4 190 287 (0 4096 1224 ) (0 4096 1856 ) (-512 4096 1856 ) (-512 4096 1224 ) 
4 190 199 (-512 4416 1224 ) (-512 4096 1224 ) (-512 4096 1856 ) (-512 4416 1856 ) 
4 190 197 (-512 5120 1856 ) (-512 5120 1224 ) (-512 4416 1224 ) (-512 4416 1856 ) 
4 190 191 (0 4096 1224 ) (-512 4096 1224 ) (-512 5120 1224 ) (0 5120 1224 ) 
4 191 288 (0 4096 912 ) (0 4096 1224 ) (-512 4096 1224 ) (-512 4096 912 ) 
4 191 200 (-512 4416 912 ) (-512 4096 912 ) (-512 4096 1224 ) (-512 4416 1224 ) 
4 191 198 (-512 5120 1224 ) (-512 5120 912 ) (-512 4416 912 ) (-512 4416 1224 ) 
4 191 196 (-59 5120 912 ) (0 5120 912 ) (0 4096 912 ) (-59 4096 912 ) 
4 191 194 (-141.333649 5120 912 ) (-59 5120 912 ) (-59 4096 912 ) (-141.333664 4096 912 ) 
4 191 192 (-512 4096 912 ) (-512 5120 912 ) (-141.333649 5120 912 ) (-141.333664 4096 912 ) 
3 192 289 (-141.333664 4096 912 ) (-512 4096 912 ) (-512 4096 826.461609 ) 
4 192 200 (-512 4416 826.461609 ) (-512 4096 826.461609 ) (-512 4096 912 ) (-512 4416 912 ) 
4 192 198 (-512 5120 912 ) (-512 5120 826.461609 ) (-512 4416 826.461609 ) (-512 4416 912 ) 
4 192 194 (-175.998260 5120 904 ) (-141.332031 5120 912 ) (-141.332031 4096 912 ) (-175.998245 4096 904 ) 
4 192 193 (-512 4096 826.461182 ) (-512 5120 826.461182 ) (-280.001038 5120 880 ) (-280.001038 4096 880 ) 
3 193 290 (-280 4096 880 ) (-512 4096 826.461609 ) (-512 4096 747.428589 ) 
4 193 200 (-512 4416 747.428589 ) (-512 4096 747.428589 ) (-512 4096 826.461609 ) (-512 4416 826.461609 ) 
4 193 198 (-512 5120 826.461609 ) (-512 5120 747.428589 ) (-512 4416 747.428589 ) (-512 4416 826.461609 ) 
4 193 195 (-512 4096 747.427063 ) (-512 5120 747.427063 ) (-391.963074 5120 816.019653 ) (-391.963043 4096 816.019653 ) 
3 194 291 (-59 4096 912 ) (-141.333664 4096 912 ) (-176 4096 904 ) 
4 195 292 (-391.958862 4096 816.023499 ) (-512 4096 747.428589 ) (-512 4096 704 ) (-511.984985 4096 704 ) 
4 195 200 (-512 4416 704 ) (-512 4096 704 ) (-512 4096 747.428589 ) (-512 4416 747.428589 ) 
4 195 198 (-512 5120 747.428589 ) (-512 5120 704 ) (-512 4416 704 ) (-512 4416 747.428589 ) 
3 196 293 (0 4096 907.965820 ) (0 4096 912 ) (-59 4096 912 ) 
4 197 202 (-528 4416 1224 ) (-528 4416 1856 ) (-528 5120 1856 ) (-528 5120 1224 ) 
4 197 199 (-528 4416 1856 ) (-528 4416 1224 ) (-512 4416 1224 ) (-512 4416 1856 ) 
4 197 198 (-512 4416 1224 ) (-528 4416 1224 ) (-528 5120 1224 ) (-512 5120 1224 ) 
4 198 203 (-528 5080 1224 ) (-528 5120 1224 ) (-528 5120 704 ) (-528 5080 704 ) 
4 198 204 (-528 4416 704 ) (-528 4416 1224 ) (-528 5080 1224 ) (-528 5080 704 ) 
4 198 200 (-528 4416 1224 ) (-528 4416 704 ) (-512 4416 704 ) (-512 4416 1224 ) 
4 199 287 (-528 4096 1856 ) (-528 4096 1224 ) (-512 4096 1224 ) (-512 4096 1856 ) 
4 199 202 (-528 4096 1224 ) (-528 4096 1856 ) (-528 4416 1856 ) (-528 4416 1224 ) 
4 199 200 (-528 4096 1224 ) (-528 4416 1224 ) (-512 4416 1224 ) (-512 4096 1224 ) 
4 200 294 (-528 4096 912 ) (-528 4096 704 ) (-512 4096 704 ) (-512 4096 912 ) 
4 200 288 (-528 4096 1224 ) (-528 4096 912 ) (-512 4096 912 ) (-512 4096 1224 ) 
4 200 204 (-528 4096 704 ) (-528 4096 1224 ) (-528 4416 1224 ) (-528 4416 704 ) 
4 201 347 (-528 4096 184 ) (-528 4096 16 ) (-512 4096 16 ) (-512 4096 184 ) 
4 201 212 (-528 4416 16 ) (-528 4096 16 ) (-528 4096 184 ) (-528 4416 184 ) 
4 202 287 (-1024 4096 1856 ) (-1024 4096 1224 ) (-528 4096 1224 ) (-528 4096 1856 ) 
4 202 216 (-1024 4096 1224 ) (-1024 4096 1856 ) (-1024 5120 1856 ) (-1024 5120 1224 ) 
4 202 203 (-920 5120 1224 ) (-528 5120 1224 ) (-528 5080 1224 ) (-920 5080 1224 ) 
4 202 204 (-528 5080 1224 ) (-528 4096 1224 ) (-920 4096 1224 ) (-920 5080 1224 ) 
4 202 205 (-1024 5120 1224 ) (-920 5120 1224 ) (-920 4096 1224 ) (-1024 4096 1224 ) 
4 203 204 (-920 5080 1224 ) (-920 5080 704 ) (-528 5080 704 ) (-528 5080 1224 ) 
4 203 205 (-920 5080 704 ) (-920 5080 1224 ) (-920 5120 1224 ) (-920 5120 704 ) 
4 204 295 (-920 4096 512 ) (-528 4096 512 ) (-528 4096 704 ) (-920 4096 704 ) 
4 204 294 (-528 4096 704 ) (-528 4096 912 ) (-920 4096 912 ) (-920 4096 704 ) 
4 204 288 (-528 4096 912 ) (-528 4096 1224 ) (-920 4096 1224 ) (-920 4096 912 ) 
4 204 209 (-528 4488 512 ) (-528 4096 512 ) (-669 4096 512 ) (-669 4488 512 ) 
4 204 210 (-669 4096 512 ) (-920 4096 512 ) (-920 4488 512 ) (-669 4488 512 ) 
4 204 207 (-528 5080 512 ) (-528 4488 512 ) (-920 4488 512 ) (-920 5080 512 ) 
4 204 205 (-920 5080 512 ) (-920 4096 512 ) (-920 4096 1224 ) (-920 5080 1224 ) 
4 205 297 (-976 4096 512 ) (-920 4096 512 ) (-920 4096 704 ) (-976 4096 704 ) 
4 205 299 (-1024 4096 704 ) (-1024 4096 512 ) (-976 4096 512 ) (-976 4096 704 ) 
4 205 294 (-1024 4096 912 ) (-1024 4096 704 ) (-920 4096 704 ) (-920 4096 912 ) 
4 205 288 (-1024 4096 1224 ) (-1024 4096 912 ) (-920 4096 912 ) (-920 4096 1224 ) 
4 205 217 (-1024 4096 512 ) (-1024 4096 1224 ) (-1024 5120 1224 ) (-1024 5120 512 ) 
4 205 210 (-920 4488 512 ) (-920 4096 512 ) (-1024 4096 512 ) (-1024 4488 512 ) 
4 205 208 (-1024 5120 512 ) (-920 5120 512 ) (-920 4488 512 ) (-1024 4488 512 ) 
4 206 207 (-920 5080 288 ) (-920 5080 16 ) (-528 5080 16 ) (-528 5080 288 ) 
4 206 208 (-920 5120 16 ) (-920 5080 16 ) (-920 5080 288 ) (-920 5120 288 ) 
4 207 213 (-669 4488 16 ) (-653 4488 16 ) (-653 4488 272 ) (-669 4488 272 ) 
4 207 214 (-920 4488 16 ) (-669 4488 16 ) (-669 4488 424 ) (-920 4488 424 ) 
4 207 212 (-653 4488 16 ) (-528 4488 16 ) (-528 4488 272 ) (-653 4488 272 ) 
4 207 209 (-528 4488 488 ) (-528 4488 512 ) (-669 4488 512 ) (-669 4488 488 ) 
4 207 210 (-669 4488 512 ) (-920 4488 512 ) (-920 4488 424 ) (-669 4488 424 ) 
4 207 208 (-920 5080 16 ) (-920 4488 16 ) (-920 4488 512 ) (-920 5080 512 ) 
4 208 217 (-1024 4488 512 ) (-1024 5120 512 ) (-1024 5120 16 ) (-1024 4488 16 ) 
4 208 215 (-1024 4488 16 ) (-1024 5120 16 ) (-920 5120 16 ) (-920 4488 16 ) 
4 208 214 (-1024 4488 16 ) (-920 4488 16 ) (-920 4488 424 ) (-1024 4488 424 ) 
4 208 210 (-920 4488 424 ) (-920 4488 512 ) (-1024 4488 512 ) (-1024 4488 424 ) 
4 209 300 (-528 4096 488 ) (-528 4096 512 ) (-669 4096 512 ) (-669 4096 488 ) 
4 209 210 (-669 4488 512 ) (-669 4488 488 ) (-669 4096 488 ) (-669 4096 512 ) 
4 210 322 (-1024 4096 488 ) (-1024 4096 424 ) (-669 4096 424 ) (-669 4096 488 ) 
4 210 304 (-976 4096 488 ) (-920 4096 488 ) (-920 4096 512 ) (-976 4096 512 ) 
4 210 306 (-1024 4096 512 ) (-1024 4096 488 ) (-976 4096 488 ) (-976 4096 512 ) 
4 210 301 (-920 4096 488 ) (-904 4096 488 ) (-904 4096 512 ) (-920 4096 512 ) 
4 210 300 (-904 4096 488 ) (-669 4096 488 ) (-669 4096 512 ) (-904 4096 512 ) 
4 210 217 (-1024 4096 424 ) (-1024 4096 512 ) (-1024 4488 512 ) (-1024 4488 424 ) 
4 210 214 (-1024 4488 424 ) (-669 4488 424 ) (-669 4096 424 ) (-1024 4096 424 ) 
4 211 319 (-528 4096 296 ) (-528 4096 424 ) (-653 4096 424 ) (-653 4096 296 ) 
4 212 353 (-653 4096 16 ) (-528 4096 16 ) (-528 4096 272 ) (-653 4096 272 ) 
4 212 213 (-653 4488 272 ) (-653 4488 16 ) (-653 4096 16 ) (-653 4096 272 ) 
4 213 353 (-669 4096 16 ) (-653 4096 16 ) (-653 4096 272 ) (-669 4096 272 ) 
4 213 214 (-669 4488 272 ) (-669 4488 16 ) (-669 4096 16 ) (-669 4096 272 ) 
4 214 353 (-1024 4096 272 ) (-1024 4096 16 ) (-669 4096 16 ) (-669 4096 272 ) 
4 214 348 (-1024 4096 296 ) (-1024 4096 272 ) (-669 4096 272 ) (-669 4096 296 ) 
4 214 322 (-1024 4096 424 ) (-1024 4096 296 ) (-669 4096 296 ) (-669 4096 424 ) 
4 214 217 (-1024 4096 16 ) (-1024 4096 424 ) (-1024 4488 424 ) (-1024 4488 16 ) 
4 214 215 (-920 4096 16 ) (-1024 4096 16 ) (-1024 4488 16 ) (-920 4488 16 ) 
4 215 360 (-920 4096 16 ) (-1024 4096 16 ) (-1024 4096 8 ) (-920 4096 8 ) 
4 215 218 (-1024 4096 8 ) (-1024 4096 16 ) (-1024 5120 16 ) (-1024 5120 8 ) 
4 216 375 (-1024 4096 1224 ) (-1024 4096 1856 ) (-2048 4096 1856 ) (-2048 4096 1224 ) 
4 216 240 (-2048 5040 1224 ) (-2048 4096 1224 ) (-2048 4096 1856 ) (-2048 5040 1856 ) 
4 216 220 (-2048 5120 1856 ) (-2048 5120 1224 ) (-2048 5040 1224 ) (-2048 5040 1856 ) 
4 216 217 (-2048 4096 1224 ) (-2048 5120 1224 ) (-1024 5120 1224 ) (-1024 4096 1224 ) 
4 217 418 (-1024 4096 16 ) (-1024 4096 296 ) (-2048 4096 296 ) (-2048 4096 16 ) 
4 217 410 (-1024 4096 296 ) (-1024 4096 301 ) (-2048 4096 301 ) (-2048 4096 296 ) 
4 217 380 (-1024 4096 301 ) (-1024 4096 432 ) (-2048 4096 432 ) (-2048 4096 301 ) 
4 217 377 (-1024 4096 432 ) (-1024 4096 448 ) (-1552 4096 448 ) (-1552 4096 432 ) 
4 217 379 (-1552 4096 448 ) (-2048 4096 448 ) (-2048 4096 432 ) (-1552 4096 432 ) 
4 217 376 (-1024 4096 448 ) (-1024 4096 1224 ) (-2048 4096 1224 ) (-2048 4096 448 ) 
4 217 241 (-2048 5040 16 ) (-2048 4096 16 ) (-2048 4096 1224 ) (-2048 5040 1224 ) 
4 217 222 (-2048 5120 648 ) (-2048 5120 16 ) (-2048 5040 16 ) (-2048 5040 648 ) 
4 217 221 (-2048 5120 1224 ) (-2048 5120 648 ) (-2048 5040 648 ) (-2048 5040 1224 ) 
4 217 219 (-2048 4096 16 ) (-2048 5120 16 ) (-1560 5120 16 ) (-1560 4096 16 ) 
4 217 218 (-1416 5120 16 ) (-1024 5120 16 ) (-1024 4096 16 ) (-1416 4096 16 ) 
4 218 425 (-1024 4096 8 ) (-1024 4096 16 ) (-1416 4096 16 ) (-1416 4096 8 ) 
4 219 426 (-1560 4096 16 ) (-2048 4096 16 ) (-2048 4096 8 ) (-1560 4096 8 ) 
4 219 243 (-2048 4160 8 ) (-2048 4096 8 ) (-2048 4096 16 ) (-2048 4160 16 ) 
4 219 242 (-2048 5040 8 ) (-2048 4160 8 ) (-2048 4160 16 ) (-2048 5040 16 ) 
4 219 223 (-2048 5120 16 ) (-2048 5120 8 ) (-2048 5040 8 ) (-2048 5040 16 ) 
4 220 266 (-2224 5040 1856 ) (-2456 5040 1856 ) (-2456 5040 1224 ) (-2224 5040 1224 ) 
4 220 245 (-2192 5040 1856 ) (-2224 5040 1856 ) (-2224 5040 1224 ) (-2192 5040 1224 ) 
4 220 240 (-2048 5040 1224 ) (-2048 5040 1856 ) (-2192 5040 1856 ) (-2192 5040 1224 ) 
4 220 224 (-2456 5120 1856 ) (-2456 5120 1224 ) (-2456 5040 1224 ) (-2456 5040 1856 ) 
4 220 221 (-2048 5040 1224 ) (-2456 5040 1224 ) (-2456 5120 1224 ) (-2048 5120 1224 ) 
4 221 267 (-2224 5040 1224 ) (-2456 5040 1224 ) (-2456 5040 648 ) (-2224 5040 648 ) 
4 221 246 (-2192 5040 1224 ) (-2224 5040 1224 ) (-2224 5040 648 ) (-2192 5040 648 ) 
4 221 241 (-2048 5040 648 ) (-2048 5040 1224 ) (-2192 5040 1224 ) (-2192 5040 648 ) 
4 221 225 (-2456 5120 1224 ) (-2456 5120 648 ) (-2456 5040 648 ) (-2456 5040 1224 ) 
4 221 222 (-2048 5040 648 ) (-2136 5040 648 ) (-2136 5120 648 ) (-2048 5120 648 ) 
4 222 241 (-2048 5040 16 ) (-2048 5040 648 ) (-2136 5040 648 ) (-2136 5040 16 ) 
4 222 223 (-2048 5040 16 ) (-2056 5040 16 ) (-2056 5120 16 ) (-2048 5120 16 ) 
4 223 242 (-2048 5040 8 ) (-2048 5040 16 ) (-2056 5040 16 ) (-2056 5040 8 ) 
4 224 266 (-2456 5040 1224 ) (-2456 5040 1856 ) (-2712 5040 1856 ) (-2712 5040 1224 ) 
4 224 234 (-2712 5040 1224 ) (-2712 5040 1856 ) (-2712 5072 1856 ) (-2712 5072 1224 ) 
4 224 232 (-2712 5072 1856 ) (-2712 5120 1856 ) (-2712 5120 1224 ) (-2712 5072 1224 ) 
4 224 225 (-2712 5040 1224 ) (-2712 5120 1224 ) (-2456 5120 1224 ) (-2456 5040 1224 ) 
4 225 267 (-2456 5040 424 ) (-2456 5040 1224 ) (-2712 5040 1224 ) (-2712 5040 424 ) 
4 225 236 (-2712 5040 424 ) (-2712 5040 1224 ) (-2712 5056 1224 ) (-2712 5056 424 ) 
4 225 235 (-2712 5056 1224 ) (-2712 5072 1224 ) (-2712 5072 424 ) (-2712 5056 424 ) 
4 225 233 (-2712 5072 1224 ) (-2712 5120 1224 ) (-2712 5120 424 ) (-2712 5072 424 ) 
4 226 268 (-2456 5040 288 ) (-2456 5040 416 ) (-2712 5040 416 ) (-2712 5040 288 ) 
4 226 229 (-2712 5072 416 ) (-2712 5120 416 ) (-2712 5120 288 ) (-2712 5072 288 ) 
4 227 270 (-2456 5040 152 ) (-2456 5040 280 ) (-2712 5040 280 ) (-2712 5040 152 ) 
4 227 231 (-2712 5072 280 ) (-2712 5120 280 ) (-2712 5120 152 ) (-2712 5072 152 ) 
4 228 279 (-2456 5040 16 ) (-2456 5040 144 ) (-2712 5040 144 ) (-2712 5040 16 ) 
4 228 237 (-2712 5040 16 ) (-2712 5040 144 ) (-2712 5056 144 ) (-2712 5056 16 ) 
4 229 230 (-2720 5120 285.804688 ) (-2720 5072 285.804688 ) (-2720 5072 413.805969 ) (-2720 5120 413.805969 ) 
4 230 878 (-3072 5120 317.291260 ) (-3072 5120 189.290314 ) (-3072 5072 189.290344 ) (-3072 5072 317.291321 ) 
4 231 881 (-3072 5120 181.290329 ) (-3072 5120 53.289963 ) (-3072 5072 53.289978 ) (-3072 5072 181.290314 ) 
4 232 876 (-3072 5120 1856 ) (-3072 5120 1224 ) (-3072 5072 1224 ) (-3072 5072 1856 ) 
4 232 238 (-3072 5072 1856 ) (-3072 5072 1224 ) (-2728 5072 1224 ) (-2728 5072 1856 ) 
4 232 234 (-2728 5072 1224 ) (-2712 5072 1224 ) (-2712 5072 1856 ) (-2728 5072 1856 ) 
4 232 233 (-3072 5120 1224 ) (-2712 5120 1224 ) (-2712 5072 1224 ) (-3072 5072 1224 ) 
4 233 877 (-3072 5120 1224 ) (-3072 5120 424 ) (-3072 5072 424 ) (-3072 5072 1224 ) 
4 233 239 (-3072 5072 1224 ) (-3072 5072 424 ) (-2728 5072 424 ) (-2728 5072 1224 ) 
4 233 235 (-2728 5072 424 ) (-2712 5072 424 ) (-2712 5072 1224 ) (-2728 5072 1224 ) 
4 234 266 (-2712 5040 1224 ) (-2712 5040 1856 ) (-2728 5040 1856 ) (-2728 5040 1224 ) 
4 234 238 (-2728 5072 1856 ) (-2728 5072 1224 ) (-2728 5040 1224 ) (-2728 5040 1856 ) 
4 234 236 (-2728 5040 1224 ) (-2728 5056 1224 ) (-2712 5056 1224 ) (-2712 5040 1224 ) 
4 234 235 (-2728 5056 1224 ) (-2728 5072 1224 ) (-2712 5072 1224 ) (-2712 5056 1224 ) 
4 235 239 (-2728 5072 1224 ) (-2728 5072 424 ) (-2728 5056 424 ) (-2728 5056 1224 ) 
4 235 236 (-2712 5056 1224 ) (-2728 5056 1224 ) (-2728 5056 424 ) (-2712 5056 424 ) 
4 236 267 (-2712 5040 424 ) (-2712 5040 1224 ) (-2728 5040 1224 ) (-2728 5040 424 ) 
4 236 239 (-2728 5040 424 ) (-2728 5040 1224 ) (-2728 5056 1224 ) (-2728 5056 424 ) 
4 237 279 (-2712 5040 16 ) (-2712 5040 144 ) (-2728 5040 144 ) (-2728 5040 16 ) 
4 238 882 (-3072 5040 1224 ) (-3072 5040 1856 ) (-3072 5072 1856 ) (-3072 5072 1224 ) 
4 238 266 (-3072 5040 1856 ) (-3072 5040 1224 ) (-2728 5040 1224 ) (-2728 5040 1856 ) 
4 238 239 (-3072 5072 1224 ) (-2728 5072 1224 ) (-2728 5040 1224 ) (-3072 5040 1224 ) 
4 239 883 (-3072 5040 424 ) (-3072 5040 1224 ) (-3072 5072 1224 ) (-3072 5072 424 ) 
4 239 267 (-3072 5040 1224 ) (-3072 5040 424 ) (-2728 5040 424 ) (-2728 5040 1224 ) 
4 240 428 (-2048 4096 1224 ) (-2048 4096 1856 ) (-2192 4096 1856 ) (-2192 4096 1224 ) 
4 240 245 (-2192 5040 1856 ) (-2192 5040 1224 ) (-2192 4096 1224 ) (-2192 4096 1856 ) 
4 240 241 (-2192 4096 1224 ) (-2192 5040 1224 ) (-2048 5040 1224 ) (-2048 4096 1224 ) 
4 241 486 (-2048 4096 16 ) (-2048 4096 288 ) (-2192 4096 288 ) (-2192 4096 16 ) 
4 241 443 (-2048 4096 288 ) (-2048 4096 320 ) (-2192 4096 320 ) (-2192 4096 288 ) 
4 241 436 (-2048 4096 320 ) (-2048 4096 384 ) (-2192 4096 384 ) (-2192 4096 320 ) 
4 241 432 (-2048 4096 384 ) (-2048 4096 424 ) (-2192 4096 424 ) (-2192 4096 384 ) 
4 241 430 (-2048 4096 424 ) (-2048 4096 464 ) (-2192 4096 464 ) (-2192 4096 424 ) 
4 241 429 (-2048 4096 464 ) (-2048 4096 1224 ) (-2192 4096 1224 ) (-2192 4096 464 ) 
4 241 262 (-2192 4160 16 ) (-2192 4096 16 ) (-2192 4096 48 ) (-2192 4160 48 ) 
4 241 258 (-2192 4160 48 ) (-2192 4096 48 ) (-2192 4096 96 ) (-2192 4160 96 ) 
4 241 256 (-2192 5000 48 ) (-2192 4208 48 ) (-2192 4208 96 ) (-2192 5000 96 ) 
4 241 254 (-2192 4160 96 ) (-2192 4096 96 ) (-2192 4096 128 ) (-2192 4160 128 ) 
4 241 251 (-2192 4996 184 ) (-2192 4096 184 ) (-2192 4096 248 ) (-2192 4996 248 ) 
4 241 247 (-2192 4996 320 ) (-2192 4096 320 ) (-2192 4096 384 ) (-2192 4996 384 ) 
4 241 246 (-2192 5040 1224 ) (-2192 5040 464 ) (-2192 4096 464 ) (-2192 4096 1224 ) 
4 241 244 (-2192 4096 16 ) (-2192 4152 16 ) (-2064 4152 16 ) (-2064 4096 16 ) 
4 241 243 (-2064 4160 16 ) (-2048 4160 16 ) (-2048 4096 16 ) (-2064 4096 16 ) 
4 241 242 (-2056 5040 16 ) (-2048 5040 16 ) (-2048 4160 16 ) (-2056 4160 16 ) 
4 242 243 (-2056 4160 8 ) (-2048 4160 8 ) (-2048 4160 16 ) (-2056 4160 16 ) 
4 243 487 (-2048 4096 8 ) (-2048 4096 16 ) (-2064 4096 16 ) (-2064 4096 8 ) 
4 243 244 (-2064 4152 8 ) (-2064 4096 8 ) (-2064 4096 16 ) (-2064 4152 16 ) 
4 244 488 (-2064 4096 16 ) (-2192 4096 16 ) (-2192 4096 8 ) (-2064 4096 8 ) 
4 244 264 (-2192 4152 8 ) (-2192 4096 8 ) (-2192 4096 16 ) (-2192 4152 16 ) 
4 245 428 (-2192 4096 1224 ) (-2192 4096 1856 ) (-2224 4096 1856 ) (-2224 4096 1224 ) 
4 245 266 (-2224 5040 1856 ) (-2224 5040 1224 ) (-2224 4096 1224 ) (-2224 4096 1856 ) 
4 245 246 (-2224 4096 1224 ) (-2224 5040 1224 ) (-2192 5040 1224 ) (-2192 4096 1224 ) 
4 246 429 (-2192 4096 464 ) (-2192 4096 1224 ) (-2224 4096 1224 ) (-2224 4096 464 ) 
4 246 267 (-2224 5040 1224 ) (-2224 5040 464 ) (-2224 4096 464 ) (-2224 4096 1224 ) 
4 247 437 (-2192 4096 320 ) (-2192 4096 384 ) (-2216 4096 384 ) (-2216 4096 320 ) 
4 247 248 (-2216 4996 320 ) (-2216 4096 320 ) (-2216 4096 384 ) (-2216 4996 384 ) 
4 248 438 (-2216 4096 384 ) (-2221 4096 384 ) (-2221 4096 320 ) (-2216 4096 320 ) 
4 248 249 (-2221 5000 384 ) (-2221 5000 320 ) (-2221 4096 320 ) (-2221 4096 384 ) 
4 249 439 (-2221 4096 384 ) (-2222 4096 384 ) (-2222 4096 320 ) (-2221 4096 320 ) 
4 249 250 (-2222 5000 384 ) (-2222 5000 320 ) (-2222 4096 320 ) (-2222 4096 384 ) 
4 250 440 (-2222 4096 384 ) (-2224 4096 384 ) (-2224 4096 320 ) (-2222 4096 320 ) 
4 250 268 (-2224 5000 320 ) (-2224 4096 320 ) (-2224 4096 384 ) (-2224 5000 384 ) 
4 251 491 (-2192 4096 184 ) (-2192 4096 248 ) (-2216 4096 248 ) (-2216 4096 184 ) 
4 251 252 (-2216 4996 184 ) (-2216 4096 184 ) (-2216 4096 248 ) (-2216 4996 248 ) 
4 252 492 (-2216 4096 248 ) (-2221 4096 248 ) (-2221 4096 184 ) (-2216 4096 184 ) 
4 252 253 (-2221 5000 248 ) (-2221 5000 184 ) (-2221 4096 184 ) (-2221 4096 248 ) 
4 253 493 (-2221 4096 248 ) (-2224 4096 248 ) (-2224 4096 184 ) (-2221 4096 184 ) 
4 253 272 (-2224 4784 184 ) (-2224 4096 184 ) (-2224 4096 248 ) (-2224 4784 248 ) 
4 253 270 (-2224 5000 184 ) (-2224 4784 184 ) (-2224 4784 248 ) (-2224 5000 248 ) 
4 254 494 (-2192 4096 96 ) (-2192 4096 128 ) (-2223 4096 128 ) (-2223 4096 96 ) 
4 254 260 (-2223 4160 96 ) (-2220 4160 96 ) (-2220 4096 96 ) (-2223 4096 96 ) 
4 254 258 (-2220 4160 96 ) (-2192 4160 96 ) (-2192 4096 96 ) (-2220 4096 96 ) 
4 254 255 (-2223 4160 128 ) (-2223 4160 96 ) (-2223 4096 96 ) (-2223 4096 128 ) 
4 255 495 (-2223 4096 128 ) (-2224 4096 128 ) (-2224 4096 96 ) (-2223 4096 96 ) 
4 255 277 (-2224 4160 96 ) (-2224 4096 96 ) (-2224 4096 128 ) (-2224 4160 128 ) 
4 255 261 (-2224 4096 96 ) (-2224 4160 96 ) (-2223 4160 96 ) (-2223 4096 96 ) 
4 256 257 (-2219 5000 96 ) (-2219 5000 48 ) (-2219 4208 48 ) (-2219 4208 96 ) 
4 257 259 (-2220 5000 48 ) (-2220 4208 48 ) (-2220 4208 96 ) (-2220 5000 96 ) 
4 258 494 (-2192 4096 48 ) (-2192 4096 96 ) (-2220 4096 96 ) (-2220 4096 48 ) 
4 258 262 (-2192 4160 48 ) (-2192 4096 48 ) (-2220 4096 48 ) (-2220 4160 48 ) 
4 258 260 (-2220 4160 48 ) (-2220 4096 48 ) (-2220 4096 96 ) (-2220 4160 96 ) 
4 259 276 (-2224 4784 48 ) (-2224 4192 48 ) (-2224 4192 96 ) (-2224 4784 96 ) 
4 259 275 (-2224 5000 48 ) (-2224 4784 48 ) (-2224 4784 96 ) (-2224 5000 96 ) 
4 260 494 (-2220 4096 96 ) (-2223 4096 96 ) (-2223 4096 48 ) (-2220 4096 48 ) 
4 260 262 (-2223 4160 48 ) (-2220 4160 48 ) (-2220 4096 48 ) (-2223 4096 48 ) 
4 260 261 (-2223 4160 96 ) (-2223 4160 48 ) (-2223 4096 48 ) (-2223 4096 96 ) 
4 261 495 (-2223 4096 96 ) (-2224 4096 96 ) (-2224 4096 48 ) (-2223 4096 48 ) 
4 261 277 (-2224 4160 48 ) (-2224 4096 48 ) (-2224 4096 96 ) (-2224 4160 96 ) 
4 261 263 (-2224 4096 48 ) (-2224 4160 48 ) (-2223 4160 48 ) (-2223 4096 48 ) 
4 262 494 (-2192 4096 16 ) (-2192 4096 48 ) (-2223 4096 48 ) (-2223 4096 16 ) 
4 262 264 (-2223 4160 16 ) (-2192 4160 16 ) (-2192 4096 16 ) (-2223 4096 16 ) 
4 262 263 (-2223 4160 48 ) (-2223 4160 16 ) (-2223 4096 16 ) (-2223 4096 48 ) 
4 263 495 (-2223 4096 48 ) (-2224 4096 48 ) (-2224 4096 16 ) (-2223 4096 16 ) 
4 263 277 (-2224 4096 16 ) (-2224 4096 48 ) (-2224 4160 48 ) (-2224 4160 16 ) 
4 263 265 (-2224 4096 16 ) (-2224 4160 16 ) (-2223 4160 16 ) (-2223 4096 16 ) 
4 264 496 (-2192 4096 8 ) (-2192 4096 16 ) (-2223 4096 16 ) (-2223 4096 8 ) 
4 264 265 (-2223 4160 8 ) (-2223 4096 8 ) (-2223 4096 16 ) (-2223 4160 16 ) 
4 265 497 (-2223 4096 16 ) (-2224 4096 16 ) (-2224 4096 8 ) (-2223 4096 8 ) 
4 265 278 (-2224 4096 8 ) (-2224 4096 16 ) (-2224 4160 16 ) (-2224 4160 8 ) 
4 266 884 (-3072 4096 1224 ) (-3072 4096 1856 ) (-3072 5040 1856 ) (-3072 5040 1224 ) 
4 266 476 (-3072 4096 1856 ) (-3072 4096 1224 ) (-2456 4096 1224 ) (-2456 4096 1856 ) 
4 266 428 (-2456 4096 1224 ) (-2224 4096 1224 ) (-2224 4096 1856 ) (-2456 4096 1856 ) 
4 266 267 (-3072 5040 1224 ) (-2224 5040 1224 ) (-2224 4096 1224 ) (-3072 4096 1224 ) 
4 267 885 (-3072 4096 424 ) (-3072 4096 1224 ) (-3072 5040 1224 ) (-3072 5040 424 ) 
4 267 478 (-3072 4096 464 ) (-3072 4096 424 ) (-2456 4096 424 ) (-2456 4096 464 ) 
4 267 477 (-3072 4096 1224 ) (-3072 4096 464 ) (-2456 4096 464 ) (-2456 4096 1224 ) 
4 267 431 (-2456 4096 424 ) (-2224 4096 424 ) (-2224 4096 464 ) (-2456 4096 464 ) 
4 267 429 (-2224 4096 464 ) (-2224 4096 1224 ) (-2456 4096 1224 ) (-2456 4096 464 ) 
4 268 479 (-2944 4096 288 ) (-2456 4096 288 ) (-2456 4096 416 ) (-2944 4096 416 ) 
4 268 445 (-2456 4096 288 ) (-2224 4096 288 ) (-2224 4096 320 ) (-2456 4096 320 ) 
4 268 440 (-2224 4096 320 ) (-2224 4096 384 ) (-2456 4096 384 ) (-2456 4096 320 ) 
4 268 434 (-2224 4096 384 ) (-2224 4096 416 ) (-2456 4096 416 ) (-2456 4096 384 ) 
4 269 886 (-3072 4784 280 ) (-3072 5040 280 ) (-3072 5040 152 ) (-3072 4784 152 ) 
4 269 274 (-3072 4784 152 ) (-2976 4784 152 ) (-2976 4784 280 ) (-3072 4784 280 ) 
4 269 271 (-2776 4784 280 ) (-2776 4784 152 ) (-2720 5040 152 ) (-2720 5040 280 ) 
4 270 272 (-2768 4784 152 ) (-2224 4784 152 ) (-2224 4784 280 ) (-2768 4784 280 ) 
4 270 271 (-2711.998535 5040 152 ) (-2767.998535 4784 152 ) (-2767.998535 4784 280 ) (-2711.998535 5040 280 ) 
4 272 515 (-2768 4096 152 ) (-2456 4096 152 ) (-2456 4096 280 ) (-2768 4096 280 ) 
4 272 498 (-2456 4096 152 ) (-2224 4096 152 ) (-2224 4096 280 ) (-2456 4096 280 ) 
4 272 273 (-2768 4752 152 ) (-2768 4096 152 ) (-2768 4096 280 ) (-2768 4752 280 ) 
4 273 515 (-2944 4096 152 ) (-2768 4096 152 ) (-2768 4096 280 ) (-2944 4096 280 ) 
4 274 887 (-3072 4096 152 ) (-3072 4096 280 ) (-3072 4784 280 ) (-3072 4784 152 ) 
4 274 516 (-3072 4096 280 ) (-3072 4096 152 ) (-2976 4096 152 ) (-2976 4096 280 ) 
4 275 279 (-2456 4784 144 ) (-2456 5040 144 ) (-2456 5040 16 ) (-2456 4784 16 ) 
4 275 276 (-2456 4784 144 ) (-2456 4784 16 ) (-2224 4784 16 ) (-2224 4784 144 ) 
4 276 283 (-2456 4192 144 ) (-2456 4752 144 ) (-2456 4752 16 ) (-2456 4192 16 ) 
4 276 282 (-2456 4752 144 ) (-2456 4784 144 ) (-2456 4784 16 ) (-2456 4752 16 ) 
4 277 499 (-2224 4096 16 ) (-2224 4096 144 ) (-2456 4096 144 ) (-2456 4096 16 ) 
4 277 285 (-2456 4096 16 ) (-2456 4096 144 ) (-2456 4160 144 ) (-2456 4160 16 ) 
4 277 278 (-2432 4160 16 ) (-2224 4160 16 ) (-2224 4096 16 ) (-2432 4096 16 ) 
3 278 500 (-2224 4096 8 ) (-2224 4096 16 ) (-2432 4096 16 ) 
4 279 282 (-2768 4784 16 ) (-2456 4784 16 ) (-2456 4784 144 ) (-2768 4784 144 ) 
4 279 280 (-2768 5040 16 ) (-2768 4784 16 ) (-2768 4784 144 ) (-2768 5040 144 ) 
4 280 281 (-2784 5040 16 ) (-2784 4784 16 ) (-2784 4784 144 ) (-2784 5040 144 ) 
4 281 888 (-3072 4784 144 ) (-3072 5040 144 ) (-3072 5040 16 ) (-3072 4784 16 ) 
4 282 283 (-2768 4752 16 ) (-2456 4752 16 ) (-2456 4752 144 ) (-2768 4752 144 ) 
4 283 284 (-2944 4176 144 ) (-2944 4176 16 ) (-2456 4176 16 ) (-2456 4176 144 ) 
4 284 285 (-2944 4175 144 ) (-2944 4175 16 ) (-2456 4175 16 ) (-2456 4175 144 ) 
4 285 523 (-2944 4096 16 ) (-2456 4096 16 ) (-2456 4096 144 ) (-2944 4096 144 ) 
4 286 891 (-3072 4096 16 ) (-3072 4096 144 ) (-3072 4752 144 ) (-3072 4752 16 ) 
4 286 524 (-3072 4096 144 ) (-3072 4096 16 ) (-2976 4096 16 ) (-2976 4096 144 ) 
4 287 375 (-1024 4096 1856 ) (-1024 4096 1224 ) (-1024 3072 1224 ) (-1024 3072 1856 ) 
4 287 372 (-528 3072 1856 ) (-1024 3072 1856 ) (-1024 3072 1224 ) (-528 3072 1224 ) 
4 287 369 (-512 3072 1856 ) (-528 3072 1856 ) (-528 3072 1224 ) (-512 3072 1224 ) 
4 287 361 (0 3072 1224 ) (0 3072 1856 ) (-512 3072 1856 ) (-512 3072 1224 ) 
4 287 288 (-1024 3072 1224 ) (-1024 4096 1224 ) (0 4096 1224 ) (0 3072 1224 ) 
4 288 376 (-1024 4096 1224 ) (-1024 4096 912 ) (-1024 3072 912 ) (-1024 3072 1224 ) 
4 288 373 (-528 3072 1224 ) (-1024 3072 1224 ) (-1024 3072 912 ) (-528 3072 912 ) 
4 288 370 (-512 3072 1224 ) (-528 3072 1224 ) (-528 3072 912 ) (-512 3072 912 ) 
4 288 362 (0 3072 912 ) (0 3072 1224 ) (-512 3072 1224 ) (-512 3072 912 ) 
4 288 293 (-59 4096 912 ) (0 4096 912 ) (0 3072 912 ) (-59 3072 912 ) 
4 288 291 (-141.333649 4096 912 ) (-59 4096 912 ) (-59 3072 912 ) (-141.333664 3072 912 ) 
4 288 289 (-512 4096 912 ) (-141.333649 4096 912 ) (-141.333664 3072 912 ) (-512 3072 912 ) 
4 288 294 (-1024 3072 912 ) (-1024 4096 912 ) (-512 4096 912 ) (-512 3072 912 ) 
3 289 363 (-141.333664 3072 912 ) (-512 3072 912 ) (-512 3072 826.461609 ) 
4 289 291 (-175.994553 4096 904 ) (-141.329529 4096 912 ) (-141.329514 3072 912 ) (-175.994537 3072 904 ) 
4 289 290 (-512 3072 826.460449 ) (-512 4096 826.460449 ) (-280.002808 4096 879.998413 ) (-280.002808 3072 879.998413 ) 
4 289 294 (-512 3072 826.461609 ) (-512 3072 912 ) (-512 4096 912 ) (-512 4096 826.461609 ) 
3 290 364 (-280 3072 880 ) (-512 3072 826.461609 ) (-512 3072 747.428589 ) 
4 290 292 (-512 3072 747.426880 ) (-512 4096 747.426880 ) (-391.963257 4096 816.019409 ) (-391.963135 3072 816.019531 ) 
4 290 294 (-512 3072 747.428589 ) (-512 3072 826.461609 ) (-512 4096 826.461609 ) (-512 4096 747.428589 ) 
3 291 365 (-59 3072 912 ) (-141.333664 3072 912 ) (-176 3072 904 ) 
4 292 366 (-391.958862 3072 816.023499 ) (-512 3072 747.428589 ) (-512 3072 704 ) (-511.984985 3072 704 ) 
4 292 294 (-512 4096 704 ) (-512 3072 704 ) (-512 3072 747.428589 ) (-512 4096 747.428589 ) 
3 293 367 (0 3072 907.965820 ) (0 3072 912 ) (-59 3072 912 ) 
4 294 376 (-1024 4096 912 ) (-1024 4096 704 ) (-1024 3072 704 ) (-1024 3072 912 ) 
4 294 373 (-528 3072 912 ) (-1024 3072 912 ) (-1024 3072 704 ) (-528 3072 704 ) 
4 294 370 (-512 3072 912 ) (-528 3072 912 ) (-528 3072 704 ) (-512 3072 704 ) 
4 294 297 (-976 3464 704 ) (-976 4096 704 ) (-920 4096 704 ) (-920 3464 704 ) 
4 294 298 (-920 3072 704 ) (-976 3072 704 ) (-976 3240 704 ) (-920 3240 704 ) 
4 294 299 (-976 3072 704 ) (-1024 3072 704 ) (-1024 4096 704 ) (-976 4096 704 ) 
4 294 296 (-528 3072 704 ) (-920 3072 704 ) (-920 3176 704 ) (-528 3176 704 ) 
4 294 295 (-920 3528 704 ) (-920 4096 704 ) (-528 4096 704 ) (-528 3528 704 ) 
4 295 301 (-920 4096 512 ) (-904 4096 512 ) (-904 3528 512 ) (-920 3528 512 ) 
4 295 300 (-904 4096 512 ) (-528 4096 512 ) (-528 3528 512 ) (-904 3528 512 ) 
4 295 297 (-920 4096 512 ) (-920 3528 512 ) (-920 3528 704 ) (-920 4096 704 ) 
4 296 373 (-528 3072 704 ) (-920 3072 704 ) (-920 3072 512 ) (-528 3072 512 ) 
4 296 307 (-528 3072 512 ) (-920 3072 512 ) (-920 3176 512 ) (-528 3176 512 ) 
4 296 298 (-920 3176 512 ) (-920 3072 512 ) (-920 3072 704 ) (-920 3176 704 ) 
4 297 304 (-976 4096 512 ) (-920 4096 512 ) (-920 3464 512 ) (-976 3464 512 ) 
4 297 299 (-976 4096 512 ) (-976 3464 512 ) (-976 3464 704 ) (-976 4096 704 ) 
4 298 373 (-920 3072 704 ) (-976 3072 704 ) (-976 3072 512 ) (-920 3072 512 ) 
4 298 307 (-920 3176 512 ) (-920 3072 512 ) (-976 3072 512 ) (-976 3176 512 ) 
4 298 305 (-920 3240 512 ) (-920 3176 512 ) (-976 3176 512 ) (-976 3240 512 ) 
4 298 299 (-976 3240 512 ) (-976 3072 512 ) (-976 3072 704 ) (-976 3240 704 ) 
4 299 376 (-1024 4096 704 ) (-1024 4096 512 ) (-1024 3072 512 ) (-1024 3072 704 ) 
4 299 373 (-976 3072 704 ) (-1024 3072 704 ) (-1024 3072 512 ) (-976 3072 512 ) 
4 299 307 (-1024 3072 512 ) (-1024 3176 512 ) (-976 3176 512 ) (-976 3072 512 ) 
4 299 306 (-1024 3176 512 ) (-1024 4096 512 ) (-976 4096 512 ) (-976 3176 512 ) 
4 300 323 (-669 3648 488 ) (-669 3528 488 ) (-904 3528 488 ) (-904 3648 488 ) 
4 300 322 (-904 4096 488 ) (-669 4096 488 ) (-669 3648 488 ) (-904 3648 488 ) 
4 300 301 (-904 4096 488 ) (-904 3528 488 ) (-904 3528 512 ) (-904 4096 512 ) 
4 301 323 (-904 3648 488 ) (-904 3528 488 ) (-920 3528 488 ) (-920 3648 488 ) 
4 301 322 (-920 4096 488 ) (-904 4096 488 ) (-904 3648 488 ) (-920 3648 488 ) 
4 301 304 (-920 4096 488 ) (-920 3528 488 ) (-920 3528 512 ) (-920 4096 512 ) 
4 302 303 (-909 3448 512 ) (-909 3448 488 ) (-909 3256 488 ) (-909 3256 512 ) 
4 303 335 (-920 3274 488 ) (-920 3429 488 ) (-909 3429 488 ) (-909 3274 488 ) 
4 304 326 (-920 3528 488 ) (-920 3464 488 ) (-976 3464 488 ) (-976 3528 488 ) 
4 304 323 (-920 3648 488 ) (-920 3528 488 ) (-976 3528 488 ) (-976 3648 488 ) 
4 304 322 (-976 4096 488 ) (-920 4096 488 ) (-920 3648 488 ) (-976 3648 488 ) 
4 304 306 (-976 4096 488 ) (-976 3464 488 ) (-976 3464 512 ) (-976 4096 512 ) 
4 305 343 (-920 3240 488 ) (-920 3176 488 ) (-976 3176 488 ) (-976 3240 488 ) 
4 305 307 (-976 3176 488 ) (-920 3176 488 ) (-920 3176 512 ) (-976 3176 512 ) 
4 305 306 (-976 3240 488 ) (-976 3176 488 ) (-976 3176 512 ) (-976 3240 512 ) 
4 306 376 (-1024 4096 512 ) (-1024 4096 488 ) (-1024 3176 488 ) (-1024 3176 512 ) 
4 306 344 (-1024 3176 488 ) (-1024 3256 488 ) (-976 3256 488 ) (-976 3176 488 ) 
4 306 339 (-1024 3262 488 ) (-1024 3442 488 ) (-976 3442 488 ) (-976 3262 488 ) 
4 306 338 (-1024 3442 488 ) (-1024 3448 488 ) (-976 3448 488 ) (-976 3442 488 ) 
4 306 340 (-1024 3256 488 ) (-1024 3262 488 ) (-976 3262 488 ) (-976 3256 488 ) 
4 306 328 (-1024 3448 488 ) (-1024 3528 488 ) (-976 3528 488 ) (-976 3448 488 ) 
4 306 323 (-1024 3528 488 ) (-1024 3648 488 ) (-976 3648 488 ) (-976 3528 488 ) 
4 306 322 (-1024 3648 488 ) (-1024 4096 488 ) (-976 4096 488 ) (-976 3648 488 ) 
4 306 307 (-1024 3176 488 ) (-976 3176 488 ) (-976 3176 512 ) (-1024 3176 512 ) 
4 307 376 (-1024 3176 488 ) (-1024 3072 488 ) (-1024 3072 512 ) (-1024 3176 512 ) 
4 307 373 (-528 3072 512 ) (-1024 3072 512 ) (-1024 3072 488 ) (-528 3072 488 ) 
4 307 346 (-528 3072 488 ) (-1024 3072 488 ) (-1024 3176 488 ) (-528 3176 488 ) 
4 308 311 (-304 3622 347 ) (-304 3534 347 ) (-304 3534 400 ) (-304 3622 400 ) 
4 308 310 (-304 3708 488 ) (-304 3708 456 ) (-304 3528 456 ) (-304 3528 488 ) 
4 308 309 (-304 3528 488 ) (-304 3528 296 ) (-96 3528 296 ) (-96 3528 488 ) 
4 309 316 (-304 3421 296 ) (-80 3421 296 ) (-80 3421 424 ) (-304 3421 424 ) 
4 309 310 (-304 3421 456 ) (-304 3421 488 ) (-304 3528 488 ) (-304 3528 456 ) 
4 310 312 (-306 3421 456 ) (-306 3421 488 ) (-306 3708 488 ) (-306 3708 456 ) 
4 311 313 (-306 3534 400 ) (-306 3622 400 ) (-306 3622 347 ) (-306 3534 347 ) 
4 312 313 (-306 3708 456 ) (-306 3423 456 ) (-512 3423 456 ) (-512 3708 456 ) 
4 313 314 (-461 3423 401 ) (-461 3423 296 ) (-402 3423 296 ) (-402 3423 401 ) 
4 314 315 (-402 3422 296 ) (-402 3422 401 ) (-461 3422 401 ) (-461 3422 296 ) 
4 315 318 (-461 3421 296 ) (-402 3421 296 ) (-402 3421 401 ) (-461 3421 401 ) 
4 316 317 (-304 3264 296 ) (-304 3264 424 ) (-304 3421 424 ) (-304 3421 296 ) 
4 317 318 (-305 3264 296 ) (-305 3264 424 ) (-305 3421 424 ) (-305 3421 296 ) 
4 318 329 (-512 3421 296 ) (-512 3264 296 ) (-512 3264 424 ) (-512 3421 424 ) 
4 319 320 (-528 3648 296 ) (-528 3648 424 ) (-653 3648 424 ) (-653 3648 296 ) 
4 320 321 (-619 3455 400 ) (-619 3455 296 ) (-563 3455 296 ) (-563 3455 400 ) 
4 321 332 (-619 3448 296 ) (-563 3448 296 ) (-563 3448 400 ) (-619 3448 400 ) 
4 322 410 (-1024 4096 301 ) (-1024 4096 296 ) (-1024 3648 296 ) (-1024 3648 301 ) 
4 322 380 (-1024 4096 432 ) (-1024 4096 301 ) (-1024 3648 301 ) (-1024 3648 432 ) 
4 322 377 (-1024 4096 448 ) (-1024 4096 432 ) (-1024 3648 432 ) (-1024 3648 448 ) 
4 322 376 (-1024 4096 488 ) (-1024 4096 448 ) (-1024 3648 448 ) (-1024 3648 488 ) 
4 322 348 (-1024 3648 296 ) (-1024 4096 296 ) (-669 4096 296 ) (-669 3648 296 ) 
4 322 323 (-1024 3648 296 ) (-669 3648 296 ) (-669 3648 488 ) (-1024 3648 488 ) 
4 323 411 (-1024 3648 296 ) (-1024 3528 296 ) (-1024 3528 301 ) (-1024 3648 301 ) 
4 323 381 (-1024 3528 301 ) (-1024 3528 432 ) (-1024 3648 432 ) (-1024 3648 301 ) 
4 323 377 (-1024 3528 432 ) (-1024 3528 448 ) (-1024 3648 448 ) (-1024 3648 432 ) 
4 323 376 (-1024 3528 448 ) (-1024 3528 488 ) (-1024 3648 488 ) (-1024 3648 448 ) 
4 323 349 (-1024 3528 296 ) (-1024 3648 296 ) (-669 3648 296 ) (-669 3528 296 ) 
4 323 326 (-976 3528 296 ) (-920 3528 296 ) (-920 3528 488 ) (-976 3528 488 ) 
4 323 328 (-1024 3528 296 ) (-976 3528 296 ) (-976 3528 488 ) (-1024 3528 488 ) 
5 323 324 (-909 3528 296 ) (-854.857178 3528 296 ) (-848 3528 328 ) (-848 3528 384 ) (-909 3528 384 ) 
4 323 325 (-920 3528 296 ) (-909 3528 296 ) (-909 3528 384 ) (-920 3528 384 ) 
4 324 350 (-909 3528 296 ) (-854.857178 3528 296 ) (-854.857178 3455 296 ) (-909 3455 296 ) 
4 324 325 (-909 3455 384 ) (-909 3528 384 ) (-909 3528 296 ) (-909 3455 296 ) 
4 325 352 (-920 3528 296 ) (-909 3528 296 ) (-909 3448 296 ) (-920 3448 296 ) 
4 325 327 (-920 3464 296 ) (-920 3448 296 ) (-920 3448 384 ) (-920 3464 384 ) 
4 325 326 (-920 3528 384 ) (-920 3528 296 ) (-920 3464 296 ) (-920 3464 384 ) 
4 326 352 (-976 3528 296 ) (-920 3528 296 ) (-920 3464 296 ) (-976 3464 296 ) 
4 326 327 (-976 3464 384 ) (-976 3464 296 ) (-920 3464 296 ) (-920 3464 384 ) 
4 326 328 (-976 3528 488 ) (-976 3528 296 ) (-976 3464 296 ) (-976 3464 488 ) 
4 327 352 (-920 3464 296 ) (-920 3448 296 ) (-976 3448 296 ) (-976 3464 296 ) 
4 327 328 (-976 3464 296 ) (-976 3448 296 ) (-976 3448 384 ) (-976 3464 384 ) 
4 328 411 (-1024 3528 296 ) (-1024 3448 296 ) (-1024 3448 301 ) (-1024 3528 301 ) 
4 328 381 (-1024 3448 301 ) (-1024 3448 432 ) (-1024 3528 432 ) (-1024 3528 301 ) 
4 328 377 (-1024 3448 432 ) (-1024 3448 448 ) (-1024 3528 448 ) (-1024 3528 432 ) 
4 328 376 (-1024 3448 448 ) (-1024 3448 488 ) (-1024 3528 488 ) (-1024 3528 448 ) 
4 328 352 (-1024 3448 296 ) (-1024 3528 296 ) (-976 3528 296 ) (-976 3448 296 ) 
4 328 338 (-976 3448 432 ) (-976 3448 488 ) (-1024 3448 488 ) (-1024 3448 432 ) 
4 329 330 (-528 3264 424 ) (-528 3421 424 ) (-528 3421 296 ) (-528 3264 296 ) 
4 330 333 (-563 3440 400 ) (-563 3440 296 ) (-563 3264 296 ) (-563 3264 400 ) 
4 330 331 (-563 3264 424 ) (-563 3440 424 ) (-563 3440 400 ) (-563 3264 400 ) 
4 331 334 (-619 3264 424 ) (-619 3440 424 ) (-619 3440 400 ) (-619 3264 400 ) 
4 331 333 (-619 3264 400 ) (-619 3440 400 ) (-563 3440 400 ) (-563 3264 400 ) 
4 332 333 (-563 3446.919922 296 ) (-563 3446.919922 400 ) (-619 3446.919922 400 ) (-619 3446.919922 296 ) 
4 333 334 (-619 3264 400 ) (-619 3440 400 ) (-619 3440 296 ) (-619 3264 296 ) 
4 334 336 (-909 3429 296 ) (-909 3274 296 ) (-909 3274 424 ) (-909 3429 424 ) 
4 335 336 (-909 3274 432 ) (-920 3274 432 ) (-920 3429 432 ) (-909 3429 432 ) 
4 336 337 (-974 3274 296 ) (-974 3274 432 ) (-974 3429 432 ) (-974 3429 296 ) 
4 337 341 (-976 3429 296 ) (-976 3274 296 ) (-976 3274 432 ) (-976 3429 432 ) 
4 338 377 (-1024 3448 448 ) (-1024 3448 432 ) (-1024 3442 432 ) (-1024 3442 448 ) 
4 338 376 (-1024 3442 488 ) (-1024 3448 488 ) (-1024 3448 448 ) (-1024 3442 448 ) 
4 338 339 (-976 3442 448 ) (-976 3442 488 ) (-1024 3442 488 ) (-1024 3442 448 ) 
4 339 376 (-1024 3262 488 ) (-1024 3442 488 ) (-1024 3442 448 ) (-1024 3262 448 ) 
4 339 340 (-976 3262 448 ) (-976 3262 488 ) (-1024 3262 488 ) (-1024 3262 448 ) 
4 340 378 (-1024 3256 432 ) (-1024 3256 448 ) (-1024 3262 448 ) (-1024 3262 432 ) 
4 340 376 (-1024 3256 448 ) (-1024 3256 488 ) (-1024 3262 488 ) (-1024 3262 448 ) 
4 340 344 (-976 3256 432 ) (-976 3256 488 ) (-1024 3256 488 ) (-1024 3256 432 ) 
4 341 413 (-1024 3442 296 ) (-1024 3262 296 ) (-1024 3262 301 ) (-1024 3442 301 ) 
4 341 394 (-1024 3262 301 ) (-1024 3262 432 ) (-1024 3442 432 ) (-1024 3442 301 ) 
4 342 355 (-848 3256 296 ) (-528 3256 296 ) (-528 3176 296 ) (-848 3176 296 ) 
4 342 346 (-848 3176 296 ) (-528 3176 296 ) (-528 3176 328 ) (-848 3176 328 ) 
4 342 345 (-848 3256 328 ) (-848 3256 296 ) (-848 3176 296 ) (-848 3176 328 ) 
4 343 346 (-920 3176 488 ) (-976 3176 488 ) (-976 3176 384 ) (-920 3176 384 ) 
4 343 344 (-976 3240 384 ) (-976 3176 384 ) (-976 3176 488 ) (-976 3240 488 ) 
4 343 345 (-920 3240 384 ) (-920 3176 384 ) (-976 3176 384 ) (-976 3240 384 ) 
4 344 397 (-1024 3176 384 ) (-1024 3176 432 ) (-1024 3256 432 ) (-1024 3256 384 ) 
4 344 378 (-1024 3176 432 ) (-1024 3176 448 ) (-1024 3256 448 ) (-1024 3256 432 ) 
4 344 376 (-1024 3176 448 ) (-1024 3176 488 ) (-1024 3256 488 ) (-1024 3256 448 ) 
4 344 346 (-976 3176 488 ) (-1024 3176 488 ) (-1024 3176 384 ) (-976 3176 384 ) 
4 344 345 (-1024 3256 384 ) (-976 3256 384 ) (-976 3176 384 ) (-1024 3176 384 ) 
4 345 416 (-1024 3256 296 ) (-1024 3176 296 ) (-1024 3176 301 ) (-1024 3256 301 ) 
4 345 397 (-1024 3176 301 ) (-1024 3176 384 ) (-1024 3256 384 ) (-1024 3256 301 ) 
4 345 355 (-1024 3176 296 ) (-1024 3256 296 ) (-848 3256 296 ) (-848 3176 296 ) 
4 345 346 (-1024 3176 296 ) (-848 3176 296 ) (-848 3176 384 ) (-1024 3176 384 ) 
4 346 416 (-1024 3176 296 ) (-1024 3072 296 ) (-1024 3072 301 ) (-1024 3176 301 ) 
4 346 397 (-1024 3072 301 ) (-1024 3072 432 ) (-1024 3176 432 ) (-1024 3176 301 ) 
4 346 378 (-1024 3072 432 ) (-1024 3072 448 ) (-1024 3176 448 ) (-1024 3176 432 ) 
4 346 376 (-1024 3072 448 ) (-1024 3072 488 ) (-1024 3176 488 ) (-1024 3176 448 ) 
4 346 373 (-528 3072 488 ) (-1024 3072 488 ) (-1024 3072 296 ) (-528 3072 296 ) 
4 346 355 (-1024 3072 296 ) (-1024 3176 296 ) (-528 3176 296 ) (-528 3072 296 ) 
4 347 353 (-528 4096 16 ) (-528 3900 16 ) (-528 3900 184 ) (-528 4096 184 ) 
4 348 418 (-1024 4096 296 ) (-1024 4096 272 ) (-1024 3648 272 ) (-1024 3648 296 ) 
4 348 353 (-1024 3648 272 ) (-1024 4096 272 ) (-669 4096 272 ) (-669 3648 272 ) 
4 348 349 (-1024 3648 272 ) (-669 3648 272 ) (-669 3648 296 ) (-1024 3648 296 ) 
4 349 419 (-1024 3648 272 ) (-1024 3528 272 ) (-1024 3528 296 ) (-1024 3648 296 ) 
4 349 354 (-1024 3528 272 ) (-1024 3648 272 ) (-669 3648 272 ) (-669 3528 272 ) 
4 349 350 (-909 3528 272 ) (-860 3528 272 ) (-854.857117 3528 296 ) (-909 3528 296 ) 
4 349 352 (-1024 3528 272 ) (-909 3528 272 ) (-909 3528 296 ) (-1024 3528 296 ) 
4 350 354 (-909 3455 272 ) (-909 3528 272 ) (-860 3528 272 ) (-860 3455 272 ) 
4 350 351 (-909 3455 288 ) (-909 3455 272 ) (-860 3455 272 ) (-856.571411 3455 288 ) 
4 350 352 (-909 3528 296 ) (-909 3528 272 ) (-909 3455 272 ) (-909 3455 296 ) 
4 351 357 (-909 3448 288 ) (-909 3448 272 ) (-860 3448 272 ) (-860 3448 288 ) 
4 351 354 (-860 3448 272 ) (-909 3448 272 ) (-909 3455 272 ) (-860 3455 272 ) 
4 351 352 (-909 3455 272 ) (-909 3448 272 ) (-909 3448 288 ) (-909 3455 288 ) 
4 352 419 (-1024 3528 272 ) (-1024 3448 272 ) (-1024 3448 296 ) (-1024 3528 296 ) 
4 352 357 (-916 3448 272 ) (-909 3448 272 ) (-909 3448 288 ) (-916 3448 288 ) 
4 352 354 (-909 3448 272 ) (-1024 3448 272 ) (-1024 3528 272 ) (-909 3528 272 ) 
4 353 418 (-1024 4096 272 ) (-1024 4096 16 ) (-1024 3648 16 ) (-1024 3648 272 ) 
4 353 360 (-1024 3648 16 ) (-1024 4096 16 ) (-920 4096 16 ) (-920 3648 16 ) 
4 353 354 (-1024 3648 16 ) (-528 3648 16 ) (-528 3648 272 ) (-1024 3648 272 ) 
4 354 419 (-1024 3648 16 ) (-1024 3448 16 ) (-1024 3448 272 ) (-1024 3648 272 ) 
4 354 360 (-1024 3448 16 ) (-1024 3648 16 ) (-920 3648 16 ) (-920 3448 16 ) 
4 354 358 (-1024 3448 16 ) (-528 3448 16 ) (-528 3448 272 ) (-1024 3448 272 ) 
4 355 420 (-1024 3072 288 ) (-1024 3072 296 ) (-1024 3256 296 ) (-1024 3256 288 ) 
4 355 373 (-528 3072 296 ) (-1024 3072 296 ) (-1024 3072 288 ) (-528 3072 288 ) 
4 355 359 (-528 3256 288 ) (-528 3072 288 ) (-1024 3072 288 ) (-1024 3256 288 ) 
4 356 359 (-528 3256 272 ) (-528 3256 288 ) (-544 3256 288 ) (-544 3256 272 ) 
4 356 358 (-528 3256 272 ) (-544 3256 272 ) (-544 3448 272 ) (-528 3448 272 ) 
4 357 359 (-860 3256 288 ) (-916 3256 288 ) (-916 3256 272 ) (-860 3256 272 ) 
4 357 358 (-860 3256 272 ) (-916 3256 272 ) (-916 3448 272 ) (-860 3448 272 ) 
4 358 422 (-1024 3448 16 ) (-1024 3256 16 ) (-1024 3256 272 ) (-1024 3448 272 ) 
4 358 360 (-1024 3256 16 ) (-1024 3448 16 ) (-920 3448 16 ) (-920 3256 16 ) 
4 358 359 (-1024 3256 16 ) (-528 3256 16 ) (-528 3256 272 ) (-1024 3256 272 ) 
4 359 423 (-1024 3256 16 ) (-1024 3072 16 ) (-1024 3072 288 ) (-1024 3256 288 ) 
4 359 373 (-1024 3072 288 ) (-1024 3072 16 ) (-528 3072 16 ) (-528 3072 288 ) 
4 359 360 (-920 3072 16 ) (-1024 3072 16 ) (-1024 3256 16 ) (-920 3256 16 ) 
4 360 425 (-1024 4096 16 ) (-1024 4096 8 ) (-1024 3072 8 ) (-1024 3072 16 ) 
4 360 374 (-920 3072 16 ) (-1024 3072 16 ) (-1024 3072 8 ) (-920 3072 8 ) 
4 361 586 (0 2048 1224 ) (0 2048 1856 ) (-512 2048 1856 ) (-512 2048 1224 ) 
4 361 369 (-512 2048 1224 ) (-512 2048 1856 ) (-512 3072 1856 ) (-512 3072 1224 ) 
4 361 362 (-512 2048 1224 ) (-512 3072 1224 ) (0 3072 1224 ) (0 2048 1224 ) 
4 362 587 (0 2048 912 ) (0 2048 1224 ) (-512 2048 1224 ) (-512 2048 912 ) 
4 362 370 (-512 2048 912 ) (-512 2048 1224 ) (-512 3072 1224 ) (-512 3072 912 ) 
4 362 367 (-59 3072 912 ) (0 3072 912 ) (0 2048 912 ) (-59 2048 912 ) 
4 362 365 (-141.333649 3072 912 ) (-59 3072 912 ) (-59 2048 912 ) (-141.333664 2048 912 ) 
4 362 363 (-512 2048 912 ) (-512 3072 912 ) (-141.333649 3072 912 ) (-141.333664 2048 912 ) 
3 363 590 (-246.427216 2048 899.184448 ) (-280 2048 880 ) (-176 2048 904 ) 
4 363 589 (-141.333664 2048 912 ) (-224 2048 912 ) (-246.427216 2048 899.184448 ) (-176 2048 904 ) 
4 363 588 (-224 2048 912 ) (-512 2048 912 ) (-512 2048 826.461609 ) (-280 2048 880 ) 
4 363 370 (-512 2048 826.461609 ) (-512 2048 912 ) (-512 3072 912 ) (-512 3072 826.461609 ) 
4 363 365 (-175.998260 3072 904 ) (-141.332031 3072 912 ) (-141.332031 2048 912 ) (-175.998245 2048 904 ) 
4 363 364 (-512 2048 826.461182 ) (-512 3072 826.461182 ) (-280.001038 3072 880 ) (-280.001038 2048 880 ) 
3 364 588 (-280 2048 880 ) (-512 2048 826.461609 ) (-512 2048 747.428589 ) 
4 364 370 (-512 2048 747.428589 ) (-512 2048 826.461609 ) (-512 3072 826.461609 ) (-512 3072 747.428589 ) 
4 364 366 (-512 2048 747.427124 ) (-512 3072 747.427124 ) (-391.962799 3072 816.019775 ) (-391.962769 2048 816.019836 ) 
3 365 589 (-59 2048 912 ) (-141.333664 2048 912 ) (-176 2048 904 ) 
4 366 591 (-391.958862 2048 816.023499 ) (-512 2048 747.428589 ) (-512 2048 704 ) (-511.984985 2048 704 ) 
4 366 370 (-512 2048 704 ) (-512 2048 747.428589 ) (-512 3072 747.428589 ) (-512 3072 704 ) 
3 367 592 (0 2048 907.965820 ) (0 2048 912 ) (-59 2048 912 ) 
4 368 371 (-512 2882 16 ) (-512 2366 16 ) (-512 2366 184 ) (-512 2882 184 ) 
4 369 596 (-528 2048 1856 ) (-528 2048 1224 ) (-512 2048 1224 ) (-512 2048 1856 ) 
4 369 372 (-528 3072 1856 ) (-528 3072 1224 ) (-528 2048 1224 ) (-528 2048 1856 ) 
4 369 370 (-528 2048 1224 ) (-528 3072 1224 ) (-512 3072 1224 ) (-512 2048 1224 ) 
4 370 597 (-528 2048 1224 ) (-528 2048 704 ) (-512 2048 704 ) (-512 2048 1224 ) 
4 370 373 (-528 3072 1224 ) (-528 3072 704 ) (-528 2048 704 ) (-528 2048 1224 ) 
4 371 373 (-528 2882 16 ) (-528 2366 16 ) (-528 2366 184 ) (-528 2882 184 ) 
4 372 603 (-1024 2048 1856 ) (-1024 2048 1224 ) (-528 2048 1224 ) (-528 2048 1856 ) 
4 372 528 (-1024 2048 1224 ) (-1024 2048 1856 ) (-1024 3072 1856 ) (-1024 3072 1224 ) 
4 372 373 (-1024 2048 1224 ) (-1024 3072 1224 ) (-528 3072 1224 ) (-528 2048 1224 ) 
4 373 610 (-1024 2048 140 ) (-1024 2048 16 ) (-912 2048 16 ) (-912 2048 140 ) 
4 373 609 (-912 2048 16 ) (-528 2048 16 ) (-528 2048 140 ) (-912 2048 140 ) 
4 373 606 (-1024 2048 384 ) (-1024 2048 140 ) (-912 2048 140 ) (-912 2048 384 ) 
4 373 605 (-912 2048 140 ) (-528 2048 140 ) (-528 2048 384 ) (-912 2048 384 ) 
4 373 604 (-1024 2048 1224 ) (-1024 2048 384 ) (-528 2048 384 ) (-528 2048 1224 ) 
4 373 529 (-1024 2048 16 ) (-1024 2048 1224 ) (-1024 3072 1224 ) (-1024 3072 16 ) 
4 373 374 (-920 2048 16 ) (-1024 2048 16 ) (-1024 3072 16 ) (-920 3072 16 ) 
4 374 613 (-920 2048 16 ) (-1024 2048 16 ) (-1024 2048 8 ) (-920 2048 8 ) 
4 374 530 (-1024 2672 16 ) (-1024 3072 16 ) (-1024 3072 8 ) (-1024 2672 8 ) 
4 374 532 (-1024 2048 8 ) (-1024 2048 16 ) (-1024 2672 16 ) (-1024 2672 8 ) 
4 375 528 (-1024 3072 1224 ) (-1024 3072 1856 ) (-2048 3072 1856 ) (-2048 3072 1224 ) 
4 375 447 (-2048 3576 1224 ) (-2048 3072 1224 ) (-2048 3072 1856 ) (-2048 3576 1856 ) 
4 375 428 (-2048 4096 1856 ) (-2048 4096 1224 ) (-2048 3576 1224 ) (-2048 3576 1856 ) 
4 375 376 (-2048 3072 1224 ) (-2048 4096 1224 ) (-1024 4096 1224 ) (-1024 3072 1224 ) 
4 376 529 (-1024 3072 448 ) (-1024 3072 1224 ) (-2048 3072 1224 ) (-2048 3072 448 ) 
4 376 460 (-2048 3576 448 ) (-2048 3072 448 ) (-2048 3072 552 ) (-2048 3576 552 ) 
4 376 453 (-2048 3072 552 ) (-2048 3072 648 ) (-2048 3576 648 ) (-2048 3576 552 ) 
4 376 448 (-2048 3072 648 ) (-2048 3072 1224 ) (-2048 3576 1224 ) (-2048 3576 648 ) 
4 376 430 (-2048 4096 464 ) (-2048 4096 448 ) (-2048 3576 448 ) (-2048 3576 464 ) 
4 376 429 (-2048 4096 1224 ) (-2048 4096 464 ) (-2048 3576 464 ) (-2048 3576 1224 ) 
4 376 377 (-1552 4096 448 ) (-1024 4096 448 ) (-1024 3442 448 ) (-1552 3442 448 ) 
4 376 378 (-1024 3262 448 ) (-1024 3072 448 ) (-1552 3072 448 ) (-1552 3262 448 ) 
4 376 379 (-2048 3072 448 ) (-2048 4096 448 ) (-1552 4096 448 ) (-1552 3072 448 ) 
4 377 381 (-1552 3448 432 ) (-1552 3648 432 ) (-1024 3648 432 ) (-1024 3448 432 ) 
4 377 380 (-1552 3648 432 ) (-1552 4096 432 ) (-1024 4096 432 ) (-1024 3648 432 ) 
4 377 379 (-1552 4096 432 ) (-1552 3442 432 ) (-1552 3442 448 ) (-1552 4096 448 ) 
4 378 529 (-1024 3072 432 ) (-1024 3072 448 ) (-1552 3072 448 ) (-1552 3072 432 ) 
4 378 397 (-1024 3072 432 ) (-1552 3072 432 ) (-1552 3256 432 ) (-1024 3256 432 ) 
4 378 379 (-1552 3262 432 ) (-1552 3072 432 ) (-1552 3072 448 ) (-1552 3262 448 ) 
4 379 529 (-1552 3072 448 ) (-2048 3072 448 ) (-2048 3072 432 ) (-1552 3072 432 ) 
4 379 460 (-2048 3576 432 ) (-2048 3072 432 ) (-2048 3072 448 ) (-2048 3576 448 ) 
4 379 430 (-2048 4096 448 ) (-2048 4096 432 ) (-2048 3576 432 ) (-2048 3576 448 ) 
4 379 408 (-2048 3259 432 ) (-2048 3260 432 ) (-2036 3260 432 ) (-2036 3259 432 ) 
4 379 407 (-2036 3260 432 ) (-1944 3260 432 ) (-1944 3259 432 ) (-2036 3259 432 ) 
4 379 409 (-1944 3072 432 ) (-2048 3072 432 ) (-2048 3259 432 ) (-1944 3259 432 ) 
4 379 406 (-1936 3072 432 ) (-1944 3072 432 ) (-1944 3260 432 ) (-1936 3260 432 ) 
4 379 404 (-1936 3259 432 ) (-1936 3260 432 ) (-1844 3260 432 ) (-1844 3259 432 ) 
4 379 403 (-1844 3260 432 ) (-1752 3260 432 ) (-1752 3259 432 ) (-1844 3259 432 ) 
4 379 405 (-1752 3072 432 ) (-1936 3072 432 ) (-1936 3259 432 ) (-1752 3259 432 ) 
4 379 402 (-1744 3072 432 ) (-1752 3072 432 ) (-1752 3260 432 ) (-1744 3260 432 ) 
4 379 400 (-1744 3259 432 ) (-1744 3260 432 ) (-1652 3260 432 ) (-1652 3259 432 ) 
4 379 399 (-1652 3260 432 ) (-1560 3260 432 ) (-1560 3259 432 ) (-1652 3259 432 ) 
4 379 401 (-1560 3072 432 ) (-1744 3072 432 ) (-1744 3259 432 ) (-1560 3259 432 ) 
4 379 398 (-1552 3072 432 ) (-1560 3072 432 ) (-1560 3260 432 ) (-1552 3260 432 ) 
4 379 396 (-2048 3260 432 ) (-2048 3443 432 ) (-1552 3443 432 ) (-1552 3260 432 ) 
4 379 393 (-2048 3443 432 ) (-2048 3444 432 ) (-2036 3444 432 ) (-2036 3443 432 ) 
4 379 392 (-2036 3444 432 ) (-1944 3444 432 ) (-1944 3443 432 ) (-2036 3443 432 ) 
4 379 391 (-2048 3444 432 ) (-2048 3448 432 ) (-1944 3448 432 ) (-1944 3444 432 ) 
4 379 390 (-1944 3448 432 ) (-1936 3448 432 ) (-1936 3443 432 ) (-1944 3443 432 ) 
4 379 389 (-1844 3443 432 ) (-1936 3443 432 ) (-1936 3444 432 ) (-1844 3444 432 ) 
4 379 388 (-1752 3444 432 ) (-1752 3443 432 ) (-1844 3443 432 ) (-1844 3444 432 ) 
4 379 387 (-1936 3448 432 ) (-1752 3448 432 ) (-1752 3444 432 ) (-1936 3444 432 ) 
4 379 385 (-1652 3443 432 ) (-1744 3443 432 ) (-1744 3444 432 ) (-1652 3444 432 ) 
4 379 384 (-1560 3444 432 ) (-1560 3443 432 ) (-1652 3443 432 ) (-1652 3444 432 ) 
4 379 383 (-1744 3448 432 ) (-1560 3448 432 ) (-1560 3444 432 ) (-1744 3444 432 ) 
4 379 382 (-1560 3448 432 ) (-1552 3448 432 ) (-1552 3443 432 ) (-1560 3443 432 ) 
4 379 386 (-1752 3448 432 ) (-1744 3448 432 ) (-1744 3443 432 ) (-1752 3443 432 ) 
4 379 381 (-2048 3448 432 ) (-2048 3648 432 ) (-1552 3648 432 ) (-1552 3448 432 ) 
4 379 380 (-2048 3648 432 ) (-2048 4096 432 ) (-1552 4096 432 ) (-1552 3648 432 ) 
4 380 443 (-2048 4096 320 ) (-2048 4096 301 ) (-2048 3648 301 ) (-2048 3648 320 ) 
4 380 436 (-2048 4096 384 ) (-2048 4096 320 ) (-2048 3648 320 ) (-2048 3648 384 ) 
4 380 432 (-2048 4096 424 ) (-2048 4096 384 ) (-2048 3648 384 ) (-2048 3648 424 ) 
4 380 430 (-2048 4096 432 ) (-2048 4096 424 ) (-2048 3648 424 ) (-2048 3648 432 ) 
4 380 410 (-2048 3648 301 ) (-2048 4096 301 ) (-1024 4096 301 ) (-1024 3648 301 ) 
4 380 381 (-2048 3648 301 ) (-1024 3648 301 ) (-1024 3648 432 ) (-2048 3648 432 ) 
4 381 461 (-2048 3576 301 ) (-2048 3448 301 ) (-2048 3448 432 ) (-2048 3576 432 ) 
4 381 444 (-2048 3648 301 ) (-2048 3576 301 ) (-2048 3576 320 ) (-2048 3648 320 ) 
4 381 441 (-2048 3576 320 ) (-2048 3576 384 ) (-2048 3648 384 ) (-2048 3648 320 ) 
4 381 433 (-2048 3576 384 ) (-2048 3576 424 ) (-2048 3648 424 ) (-2048 3648 384 ) 
4 381 430 (-2048 3576 424 ) (-2048 3576 432 ) (-2048 3648 432 ) (-2048 3648 424 ) 
4 381 411 (-2048 3448 301 ) (-2048 3648 301 ) (-1024 3648 301 ) (-1024 3448 301 ) 
4 381 391 (-2048 3448 301 ) (-1944 3448 301 ) (-1944 3448 432 ) (-2048 3448 432 ) 
4 381 390 (-1944 3448 301 ) (-1936 3448 301 ) (-1936 3448 432 ) (-1944 3448 432 ) 
4 381 387 (-1936 3448 301 ) (-1752 3448 301 ) (-1752 3448 432 ) (-1936 3448 432 ) 
4 381 383 (-1744 3448 301 ) (-1560 3448 301 ) (-1560 3448 432 ) (-1744 3448 432 ) 
4 381 382 (-1560 3448 301 ) (-1552 3448 301 ) (-1552 3448 432 ) (-1560 3448 432 ) 
4 381 386 (-1752 3448 301 ) (-1744 3448 301 ) (-1744 3448 432 ) (-1752 3448 432 ) 
4 382 412 (-1560 3448 301 ) (-1552 3448 301 ) (-1552 3443 301 ) (-1560 3443 301 ) 
4 382 396 (-1560 3443 301 ) (-1552 3443 301 ) (-1552 3443 432 ) (-1560 3443 432 ) 
4 382 384 (-1560 3444 301 ) (-1560 3443 301 ) (-1560 3443 432 ) (-1560 3444 432 ) 
4 382 383 (-1560 3448 432 ) (-1560 3448 301 ) (-1560 3444 301 ) (-1560 3444 432 ) 
4 383 412 (-1744 3448 301 ) (-1560 3448 301 ) (-1560 3444 301 ) (-1744 3444 301 ) 
4 383 385 (-1744 3444 432 ) (-1744 3444 301 ) (-1652 3444 301 ) (-1652 3444 432 ) 
4 383 384 (-1652 3444 301 ) (-1560 3444 301 ) (-1560 3444 432 ) (-1652 3444 432 ) 
4 383 386 (-1744 3448 432 ) (-1744 3448 301 ) (-1744 3444 301 ) (-1744 3444 432 ) 
4 384 412 (-1560 3444 301 ) (-1560 3443 301 ) (-1652 3443 301 ) (-1652 3444 301 ) 
4 384 396 (-1652 3443 301 ) (-1560 3443 301 ) (-1560 3443 432 ) (-1652 3443 432 ) 
4 384 385 (-1652 3444 432 ) (-1652 3444 301 ) (-1652 3443 301 ) (-1652 3443 432 ) 
4 385 412 (-1652 3443 301 ) (-1744 3443 301 ) (-1744 3444 301 ) (-1652 3444 301 ) 
4 385 396 (-1744 3443 301 ) (-1652 3443 301 ) (-1652 3443 432 ) (-1744 3443 432 ) 
4 385 386 (-1744 3444 301 ) (-1744 3443 301 ) (-1744 3443 432 ) (-1744 3444 432 ) 
4 386 412 (-1752 3448 301 ) (-1744 3448 301 ) (-1744 3443 301 ) (-1752 3443 301 ) 
4 386 396 (-1752 3443 301 ) (-1744 3443 301 ) (-1744 3443 432 ) (-1752 3443 432 ) 
4 386 388 (-1752 3444 301 ) (-1752 3443 301 ) (-1752 3443 432 ) (-1752 3444 432 ) 
4 386 387 (-1752 3448 432 ) (-1752 3448 301 ) (-1752 3444 301 ) (-1752 3444 432 ) 
4 387 412 (-1936 3448 301 ) (-1752 3448 301 ) (-1752 3444 301 ) (-1936 3444 301 ) 
4 387 390 (-1936 3448 432 ) (-1936 3448 301 ) (-1936 3444 301 ) (-1936 3444 432 ) 
4 387 389 (-1936 3444 432 ) (-1936 3444 301 ) (-1844 3444 301 ) (-1844 3444 432 ) 
4 387 388 (-1844 3444 301 ) (-1752 3444 301 ) (-1752 3444 432 ) (-1844 3444 432 ) 
4 388 412 (-1752 3444 301 ) (-1752 3443 301 ) (-1844 3443 301 ) (-1844 3444 301 ) 
4 388 396 (-1844 3443 301 ) (-1752 3443 301 ) (-1752 3443 432 ) (-1844 3443 432 ) 
4 388 389 (-1844 3444 432 ) (-1844 3444 301 ) (-1844 3443 301 ) (-1844 3443 432 ) 
4 389 412 (-1844 3443 301 ) (-1936 3443 301 ) (-1936 3444 301 ) (-1844 3444 301 ) 
4 389 396 (-1936 3443 301 ) (-1844 3443 301 ) (-1844 3443 432 ) (-1936 3443 432 ) 
4 389 390 (-1936 3444 301 ) (-1936 3443 301 ) (-1936 3443 432 ) (-1936 3444 432 ) 
4 390 412 (-1944 3448 301 ) (-1936 3448 301 ) (-1936 3443 301 ) (-1944 3443 301 ) 
4 390 396 (-1944 3443 301 ) (-1936 3443 301 ) (-1936 3443 432 ) (-1944 3443 432 ) 
4 390 392 (-1944 3444 301 ) (-1944 3443 301 ) (-1944 3443 432 ) (-1944 3444 432 ) 
4 390 391 (-1944 3448 432 ) (-1944 3448 301 ) (-1944 3444 301 ) (-1944 3444 432 ) 
4 391 461 (-2048 3448 301 ) (-2048 3444 301 ) (-2048 3444 432 ) (-2048 3448 432 ) 
4 391 412 (-2048 3444 301 ) (-2048 3448 301 ) (-1944 3448 301 ) (-1944 3444 301 ) 
4 391 393 (-2048 3444 301 ) (-2036 3444 301 ) (-2036 3444 432 ) (-2048 3444 432 ) 
4 391 392 (-2036 3444 301 ) (-1944 3444 301 ) (-1944 3444 432 ) (-2036 3444 432 ) 
4 392 412 (-2036 3444 301 ) (-1944 3444 301 ) (-1944 3443 301 ) (-2036 3443 301 ) 
4 392 396 (-2036 3443 301 ) (-1944 3443 301 ) (-1944 3443 432 ) (-2036 3443 432 ) 
4 392 393 (-2036 3444 432 ) (-2036 3444 301 ) (-2036 3443 301 ) (-2036 3443 432 ) 
4 393 462 (-2048 3444 301 ) (-2048 3443 301 ) (-2048 3443 432 ) (-2048 3444 432 ) 
4 393 412 (-2048 3443 301 ) (-2048 3444 301 ) (-2036 3444 301 ) (-2036 3443 301 ) 
4 393 396 (-2048 3443 301 ) (-2036 3443 301 ) (-2036 3443 432 ) (-2048 3443 432 ) 
4 394 413 (-1024 3442 301 ) (-1024 3262 301 ) (-1550 3262 301 ) (-1550 3442 301 ) 
4 394 395 (-1550 3442 432 ) (-1550 3442 301 ) (-1550 3262 301 ) (-1550 3262 432 ) 
4 395 414 (-1550 3262 301 ) (-1552 3262 301 ) (-1552 3442 301 ) (-1550 3442 301 ) 
4 395 396 (-1552 3442 301 ) (-1552 3262 301 ) (-1552 3262 432 ) (-1552 3442 432 ) 
4 396 463 (-2048 3443 301 ) (-2048 3260 301 ) (-2048 3260 432 ) (-2048 3443 432 ) 
4 396 417 (-2048 3260 301 ) (-2048 3262 301 ) (-1552 3262 301 ) (-1552 3260 301 ) 
4 396 415 (-2048 3262 301 ) (-2048 3442 301 ) (-1552 3442 301 ) (-1552 3262 301 ) 
4 396 412 (-2048 3442 301 ) (-2048 3443 301 ) (-1552 3443 301 ) (-1552 3442 301 ) 
4 396 408 (-2048 3260 301 ) (-2036 3260 301 ) (-2036 3260 432 ) (-2048 3260 432 ) 
4 396 407 (-2036 3260 301 ) (-1944 3260 301 ) (-1944 3260 432 ) (-2036 3260 432 ) 
4 396 406 (-1944 3260 301 ) (-1936 3260 301 ) (-1936 3260 432 ) (-1944 3260 432 ) 
4 396 404 (-1936 3260 301 ) (-1844 3260 301 ) (-1844 3260 432 ) (-1936 3260 432 ) 
4 396 403 (-1844 3260 301 ) (-1752 3260 301 ) (-1752 3260 432 ) (-1844 3260 432 ) 
4 396 402 (-1752 3260 301 ) (-1744 3260 301 ) (-1744 3260 432 ) (-1752 3260 432 ) 
4 396 400 (-1744 3260 301 ) (-1652 3260 301 ) (-1652 3260 432 ) (-1744 3260 432 ) 
4 396 399 (-1652 3260 301 ) (-1560 3260 301 ) (-1560 3260 432 ) (-1652 3260 432 ) 
4 396 398 (-1560 3260 301 ) (-1552 3260 301 ) (-1552 3260 432 ) (-1560 3260 432 ) 
4 397 529 (-1024 3072 301 ) (-1024 3072 432 ) (-1552 3072 432 ) (-1552 3072 301 ) 
4 397 416 (-1024 3072 301 ) (-1552 3072 301 ) (-1552 3256 301 ) (-1024 3256 301 ) 
4 397 398 (-1552 3256 301 ) (-1552 3072 301 ) (-1552 3072 432 ) (-1552 3256 432 ) 
4 398 529 (-1552 3072 432 ) (-1560 3072 432 ) (-1560 3072 301 ) (-1552 3072 301 ) 
4 398 417 (-1552 3072 301 ) (-1560 3072 301 ) (-1560 3260 301 ) (-1552 3260 301 ) 
4 398 399 (-1560 3260 432 ) (-1560 3260 301 ) (-1560 3259 301 ) (-1560 3259 432 ) 
4 398 401 (-1560 3259 301 ) (-1560 3072 301 ) (-1560 3072 432 ) (-1560 3259 432 ) 
4 399 417 (-1652 3260 301 ) (-1560 3260 301 ) (-1560 3259 301 ) (-1652 3259 301 ) 
4 399 401 (-1652 3259 301 ) (-1560 3259 301 ) (-1560 3259 432 ) (-1652 3259 432 ) 
4 399 400 (-1652 3260 432 ) (-1652 3260 301 ) (-1652 3259 301 ) (-1652 3259 432 ) 
4 400 417 (-1744 3259 301 ) (-1744 3260 301 ) (-1652 3260 301 ) (-1652 3259 301 ) 
4 400 402 (-1744 3260 432 ) (-1744 3260 301 ) (-1744 3259 301 ) (-1744 3259 432 ) 
4 400 401 (-1744 3259 432 ) (-1744 3259 301 ) (-1652 3259 301 ) (-1652 3259 432 ) 
4 401 529 (-1560 3072 432 ) (-1744 3072 432 ) (-1744 3072 301 ) (-1560 3072 301 ) 
4 401 417 (-1560 3072 301 ) (-1744 3072 301 ) (-1744 3259 301 ) (-1560 3259 301 ) 
4 401 402 (-1744 3259 301 ) (-1744 3072 301 ) (-1744 3072 432 ) (-1744 3259 432 ) 
4 402 529 (-1744 3072 432 ) (-1752 3072 432 ) (-1752 3072 301 ) (-1744 3072 301 ) 
4 402 417 (-1744 3072 301 ) (-1752 3072 301 ) (-1752 3260 301 ) (-1744 3260 301 ) 
4 402 403 (-1752 3260 432 ) (-1752 3260 301 ) (-1752 3259 301 ) (-1752 3259 432 ) 
4 402 405 (-1752 3259 301 ) (-1752 3072 301 ) (-1752 3072 432 ) (-1752 3259 432 ) 
4 403 417 (-1844 3260 301 ) (-1752 3260 301 ) (-1752 3259 301 ) (-1844 3259 301 ) 
4 403 405 (-1844 3259 301 ) (-1752 3259 301 ) (-1752 3259 432 ) (-1844 3259 432 ) 
4 403 404 (-1844 3260 432 ) (-1844 3260 301 ) (-1844 3259 301 ) (-1844 3259 432 ) 
4 404 417 (-1936 3259 301 ) (-1936 3260 301 ) (-1844 3260 301 ) (-1844 3259 301 ) 
4 404 406 (-1936 3260 432 ) (-1936 3260 301 ) (-1936 3259 301 ) (-1936 3259 432 ) 
4 404 405 (-1936 3259 432 ) (-1936 3259 301 ) (-1844 3259 301 ) (-1844 3259 432 ) 
4 405 529 (-1752 3072 432 ) (-1936 3072 432 ) (-1936 3072 301 ) (-1752 3072 301 ) 
4 405 417 (-1752 3072 301 ) (-1936 3072 301 ) (-1936 3259 301 ) (-1752 3259 301 ) 
4 405 406 (-1936 3259 301 ) (-1936 3072 301 ) (-1936 3072 432 ) (-1936 3259 432 ) 
4 406 529 (-1936 3072 432 ) (-1944 3072 432 ) (-1944 3072 301 ) (-1936 3072 301 ) 
4 406 417 (-1936 3072 301 ) (-1944 3072 301 ) (-1944 3260 301 ) (-1936 3260 301 ) 
4 406 407 (-1944 3260 432 ) (-1944 3260 301 ) (-1944 3259 301 ) (-1944 3259 432 ) 
4 406 409 (-1944 3259 301 ) (-1944 3072 301 ) (-1944 3072 432 ) (-1944 3259 432 ) 
4 407 417 (-2036 3260 301 ) (-1944 3260 301 ) (-1944 3259 301 ) (-2036 3259 301 ) 
4 407 409 (-2036 3259 301 ) (-1944 3259 301 ) (-1944 3259 432 ) (-2036 3259 432 ) 
4 407 408 (-2036 3260 432 ) (-2036 3260 301 ) (-2036 3259 301 ) (-2036 3259 432 ) 
4 408 464 (-2048 3260 301 ) (-2048 3259 301 ) (-2048 3259 432 ) (-2048 3260 432 ) 
4 408 417 (-2048 3259 301 ) (-2048 3260 301 ) (-2036 3260 301 ) (-2036 3259 301 ) 
4 408 409 (-2048 3259 301 ) (-2036 3259 301 ) (-2036 3259 432 ) (-2048 3259 432 ) 
4 409 529 (-1944 3072 432 ) (-2048 3072 432 ) (-2048 3072 301 ) (-1944 3072 301 ) 
4 409 465 (-2048 3259 301 ) (-2048 3072 301 ) (-2048 3072 432 ) (-2048 3259 432 ) 
4 409 417 (-1944 3072 301 ) (-2048 3072 301 ) (-2048 3259 301 ) (-1944 3259 301 ) 
4 410 443 (-2048 4096 301 ) (-2048 4096 296 ) (-2048 3648 296 ) (-2048 3648 301 ) 
4 410 418 (-2048 3648 296 ) (-2048 4096 296 ) (-1024 4096 296 ) (-1024 3648 296 ) 
4 410 411 (-2048 3648 296 ) (-1024 3648 296 ) (-1024 3648 301 ) (-2048 3648 301 ) 
4 411 466 (-2048 3576 296 ) (-2048 3448 296 ) (-2048 3448 301 ) (-2048 3576 301 ) 
4 411 444 (-2048 3648 296 ) (-2048 3576 296 ) (-2048 3576 301 ) (-2048 3648 301 ) 
4 411 419 (-2048 3448 296 ) (-2048 3648 296 ) (-1024 3648 296 ) (-1024 3448 296 ) 
4 411 412 (-2048 3448 296 ) (-1552 3448 296 ) (-1552 3448 301 ) (-2048 3448 301 ) 
4 412 466 (-2048 3448 296 ) (-2048 3442 296 ) (-2048 3442 301 ) (-2048 3448 301 ) 
4 412 421 (-2048 3442 296 ) (-2048 3448 296 ) (-1552 3448 296 ) (-1552 3442 296 ) 
4 412 415 (-2048 3442 296 ) (-1552 3442 296 ) (-1552 3442 301 ) (-2048 3442 301 ) 
4 413 414 (-1550 3442 301 ) (-1550 3442 296 ) (-1550 3262 296 ) (-1550 3262 301 ) 
4 414 415 (-1552 3442 301 ) (-1552 3442 296 ) (-1552 3262 296 ) (-1552 3262 301 ) 
4 415 466 (-2048 3442 296 ) (-2048 3262 296 ) (-2048 3262 301 ) (-2048 3442 301 ) 
4 415 421 (-2048 3262 296 ) (-2048 3442 296 ) (-1552 3442 296 ) (-1552 3262 296 ) 
4 415 417 (-2048 3262 296 ) (-1552 3262 296 ) (-1552 3262 301 ) (-2048 3262 301 ) 
4 416 529 (-1024 3072 296 ) (-1024 3072 301 ) (-1552 3072 301 ) (-1552 3072 296 ) 
4 416 420 (-1024 3072 296 ) (-1552 3072 296 ) (-1552 3256 296 ) (-1024 3256 296 ) 
4 416 417 (-1552 3256 296 ) (-1552 3072 296 ) (-1552 3072 301 ) (-1552 3256 301 ) 
4 417 529 (-1552 3072 301 ) (-2048 3072 301 ) (-2048 3072 296 ) (-1552 3072 296 ) 
4 417 466 (-2048 3262 296 ) (-2048 3072 296 ) (-2048 3072 301 ) (-2048 3262 301 ) 
4 417 421 (-1552 3072 296 ) (-2048 3072 296 ) (-2048 3262 296 ) (-1552 3262 296 ) 
4 418 486 (-2048 4096 288 ) (-2048 4096 16 ) (-2048 3648 16 ) (-2048 3648 288 ) 
4 418 443 (-2048 4096 296 ) (-2048 4096 288 ) (-2048 3648 288 ) (-2048 3648 296 ) 
4 418 426 (-2048 3648 16 ) (-2048 4096 16 ) (-1560 4096 16 ) (-1560 3648 16 ) 
4 418 425 (-1416 4096 16 ) (-1024 4096 16 ) (-1024 3648 16 ) (-1416 3648 16 ) 
4 418 419 (-2048 3648 16 ) (-1024 3648 16 ) (-1024 3648 296 ) (-2048 3648 296 ) 
4 419 508 (-2048 3560 16 ) (-2048 3448 16 ) (-2048 3448 288 ) (-2048 3560 288 ) 
4 419 506 (-2048 3576 16 ) (-2048 3560 16 ) (-2048 3560 288 ) (-2048 3576 288 ) 
4 419 489 (-2048 3648 16 ) (-2048 3576 16 ) (-2048 3576 288 ) (-2048 3648 288 ) 
4 419 466 (-2048 3448 288 ) (-2048 3448 296 ) (-2048 3576 296 ) (-2048 3576 288 ) 
4 419 444 (-2048 3576 296 ) (-2048 3648 296 ) (-2048 3648 288 ) (-2048 3576 288 ) 
4 419 426 (-2048 3448 16 ) (-2048 3648 16 ) (-1560 3648 16 ) (-1560 3448 16 ) 
4 419 425 (-1416 3648 16 ) (-1024 3648 16 ) (-1024 3448 16 ) (-1416 3448 16 ) 
4 419 422 (-1432 3448 16 ) (-1024 3448 16 ) (-1024 3448 272 ) (-1432 3448 272 ) 
4 419 424 (-2048 3448 16 ) (-1432 3448 16 ) (-1432 3448 288 ) (-2048 3448 288 ) 
4 419 421 (-1552 3448 296 ) (-2048 3448 296 ) (-2048 3448 288 ) (-1552 3448 288 ) 
4 420 529 (-1024 3072 288 ) (-1024 3072 296 ) (-1552 3072 296 ) (-1552 3072 288 ) 
4 420 423 (-1024 3072 288 ) (-1432 3072 288 ) (-1432 3256 288 ) (-1024 3256 288 ) 
4 420 424 (-1432 3072 288 ) (-1552 3072 288 ) (-1552 3256 288 ) (-1432 3256 288 ) 
4 420 421 (-1552 3256 288 ) (-1552 3072 288 ) (-1552 3072 296 ) (-1552 3256 296 ) 
4 421 529 (-1552 3072 296 ) (-2048 3072 296 ) (-2048 3072 288 ) (-1552 3072 288 ) 
4 421 466 (-2048 3072 288 ) (-2048 3072 296 ) (-2048 3448 296 ) (-2048 3448 288 ) 
4 421 424 (-1552 3072 288 ) (-2048 3072 288 ) (-2048 3448 288 ) (-1552 3448 288 ) 
4 422 425 (-1416 3448 16 ) (-1024 3448 16 ) (-1024 3256 16 ) (-1416 3256 16 ) 
4 422 423 (-1432 3256 272 ) (-1432 3256 16 ) (-1024 3256 16 ) (-1024 3256 272 ) 
4 422 424 (-1432 3448 272 ) (-1432 3448 16 ) (-1432 3256 16 ) (-1432 3256 272 ) 
4 423 529 (-1024 3072 16 ) (-1024 3072 288 ) (-1432 3072 288 ) (-1432 3072 16 ) 
4 423 425 (-1024 3256 16 ) (-1024 3072 16 ) (-1416 3072 16 ) (-1416 3256 16 ) 
4 423 424 (-1432 3072 288 ) (-1432 3256 288 ) (-1432 3256 16 ) (-1432 3072 16 ) 
4 424 529 (-1432 3072 288 ) (-2048 3072 288 ) (-2048 3072 16 ) (-1432 3072 16 ) 
4 424 512 (-2048 3256 16 ) (-2048 3072 16 ) (-2048 3072 288 ) (-2048 3256 288 ) 
4 424 511 (-2048 3272 16 ) (-2048 3256 16 ) (-2048 3256 288 ) (-2048 3272 288 ) 
4 424 508 (-2048 3448 16 ) (-2048 3272 16 ) (-2048 3272 288 ) (-2048 3448 288 ) 
4 424 426 (-2048 3072 16 ) (-2048 3448 16 ) (-1560 3448 16 ) (-1560 3072 16 ) 
4 425 530 (-1024 3072 8 ) (-1024 3072 16 ) (-1416 3072 16 ) (-1416 3072 8 ) 
4 426 531 (-1560 3072 16 ) (-2048 3072 16 ) (-2048 3072 8 ) (-1560 3072 8 ) 
4 426 513 (-2048 3576 8 ) (-2048 3072 8 ) (-2048 3072 16 ) (-2048 3576 16 ) 
4 426 490 (-2048 3648 8 ) (-2048 3576 8 ) (-2048 3576 16 ) (-2048 3648 16 ) 
4 426 487 (-2048 4096 16 ) (-2048 4096 8 ) (-2048 3648 8 ) (-2048 3648 16 ) 
4 426 427 (-2048 3072 8 ) (-2048 3352 8 ) (-1560 3352 8 ) (-1560 3072 8 ) 
4 427 533 (-1552 3072 -64 ) (-1552 3072 8 ) (-2048 3072 8 ) (-2048 3072 -64 ) 
4 427 514 (-2048 3072 -64 ) (-2048 3072 8 ) (-2048 3352 8 ) (-2048 3352 -64 ) 
4 428 476 (-2456 4096 1856 ) (-2456 4096 1224 ) (-2456 3576 1224 ) (-2456 3576 1856 ) 
4 428 449 (-2456 3576 1856 ) (-2456 3576 1224 ) (-2448 3576 1224 ) (-2448 3576 1856 ) 
4 428 447 (-2448 3576 1224 ) (-2048 3576 1224 ) (-2048 3576 1856 ) (-2448 3576 1856 ) 
4 428 429 (-2048 3576 1224 ) (-2456 3576 1224 ) (-2456 4096 1224 ) (-2048 4096 1224 ) 
4 429 477 (-2456 4096 1224 ) (-2456 4096 464 ) (-2456 3576 464 ) (-2456 3576 1224 ) 
4 429 460 (-2128 3576 464 ) (-2048 3576 464 ) (-2048 3576 552 ) (-2128 3576 552 ) 
4 429 467 (-2136 3576 464 ) (-2128 3576 464 ) (-2128 3576 552 ) (-2136 3576 552 ) 
4 429 453 (-2136 3576 552 ) (-2048 3576 552 ) (-2048 3576 648 ) (-2136 3576 648 ) 
4 429 450 (-2456 3576 1224 ) (-2456 3576 648 ) (-2448 3576 648 ) (-2448 3576 1224 ) 
4 429 448 (-2448 3576 648 ) (-2048 3576 648 ) (-2048 3576 1224 ) (-2448 3576 1224 ) 
4 429 430 (-2048 3576 464 ) (-2192 3576 464 ) (-2192 4096 464 ) (-2048 4096 464 ) 
4 429 431 (-2224 3576 464 ) (-2456 3576 464 ) (-2456 4096 464 ) (-2224 4096 464 ) 
4 430 461 (-2128 3576 424 ) (-2048 3576 424 ) (-2048 3576 432 ) (-2128 3576 432 ) 
4 430 460 (-2048 3576 432 ) (-2048 3576 464 ) (-2128 3576 464 ) (-2128 3576 432 ) 
4 430 467 (-2136 3576 424 ) (-2128 3576 424 ) (-2128 3576 464 ) (-2136 3576 464 ) 
4 430 433 (-2048 3576 424 ) (-2192 3576 424 ) (-2192 3648 424 ) (-2048 3648 424 ) 
4 430 432 (-2192 3648 424 ) (-2192 4096 424 ) (-2048 4096 424 ) (-2048 3648 424 ) 
4 431 478 (-2456 4096 464 ) (-2456 4096 424 ) (-2456 3576 424 ) (-2456 3576 464 ) 
4 432 436 (-2192 4096 384 ) (-2048 4096 384 ) (-2048 3648 384 ) (-2192 3648 384 ) 
4 432 433 (-2192 3648 384 ) (-2048 3648 384 ) (-2048 3648 424 ) (-2192 3648 424 ) 
4 433 461 (-2128 3576 384 ) (-2048 3576 384 ) (-2048 3576 424 ) (-2128 3576 424 ) 
4 433 467 (-2136 3576 384 ) (-2128 3576 384 ) (-2128 3576 424 ) (-2136 3576 424 ) 
4 433 441 (-2048 3576 384 ) (-2192 3576 384 ) (-2192 3648 384 ) (-2048 3648 384 ) 
4 434 479 (-2456 4096 416 ) (-2456 4096 384 ) (-2456 3648 384 ) (-2456 3648 416 ) 
4 434 440 (-2456 3648 384 ) (-2456 4096 384 ) (-2224 4096 384 ) (-2224 3648 384 ) 
4 434 435 (-2456 3648 384 ) (-2224 3648 384 ) (-2224 3648 416 ) (-2456 3648 416 ) 
4 435 480 (-2456 3648 384 ) (-2456 3576 384 ) (-2456 3576 416 ) (-2456 3648 416 ) 
4 435 470 (-2424 3576 384 ) (-2368 3576 384 ) (-2368 3576 392 ) (-2424 3576 392 ) 
4 435 442 (-2224 3576 384 ) (-2456 3576 384 ) (-2456 3648 384 ) (-2224 3648 384 ) 
4 436 443 (-2192 4096 320 ) (-2048 4096 320 ) (-2048 3648 320 ) (-2192 3648 320 ) 
4 436 441 (-2192 3648 320 ) (-2048 3648 320 ) (-2048 3648 384 ) (-2192 3648 384 ) 
4 436 437 (-2192 4096 320 ) (-2192 3652 320 ) (-2192 3652 384 ) (-2192 4096 384 ) 
4 437 438 (-2216 4096 320 ) (-2216 3652 320 ) (-2216 3652 384 ) (-2216 4096 384 ) 
4 438 439 (-2221 4096 320 ) (-2221 3648 320 ) (-2221 3648 384 ) (-2221 4096 384 ) 
4 439 440 (-2222 4096 320 ) (-2222 3648 320 ) (-2222 3648 384 ) (-2222 4096 384 ) 
4 440 479 (-2456 4096 384 ) (-2456 4096 320 ) (-2456 3648 320 ) (-2456 3648 384 ) 
4 440 445 (-2456 3648 320 ) (-2456 4096 320 ) (-2224 4096 320 ) (-2224 3648 320 ) 
4 440 442 (-2456 3648 320 ) (-2224 3648 320 ) (-2224 3648 384 ) (-2456 3648 384 ) 
4 441 461 (-2128 3576 320 ) (-2048 3576 320 ) (-2048 3576 384 ) (-2128 3576 384 ) 
4 441 467 (-2136 3576 320 ) (-2128 3576 320 ) (-2128 3576 384 ) (-2136 3576 384 ) 
4 441 444 (-2048 3576 320 ) (-2192 3576 320 ) (-2192 3648 320 ) (-2048 3648 320 ) 
4 442 480 (-2456 3648 320 ) (-2456 3576 320 ) (-2456 3576 384 ) (-2456 3648 384 ) 
4 442 470 (-2424 3576 320 ) (-2368 3576 320 ) (-2368 3576 384 ) (-2424 3576 384 ) 
4 442 446 (-2224 3576 320 ) (-2456 3576 320 ) (-2456 3648 320 ) (-2224 3648 320 ) 
4 443 486 (-2048 4096 288 ) (-2048 3648 288 ) (-2192 3648 288 ) (-2192 4096 288 ) 
4 443 444 (-2192 3648 320 ) (-2192 3648 288 ) (-2048 3648 288 ) (-2048 3648 320 ) 
4 444 489 (-2048 3648 288 ) (-2048 3576 288 ) (-2192 3576 288 ) (-2192 3648 288 ) 
4 444 461 (-2048 3576 301 ) (-2048 3576 320 ) (-2128 3576 320 ) (-2128 3576 301 ) 
4 444 466 (-2128 3576 288 ) (-2048 3576 288 ) (-2048 3576 301 ) (-2128 3576 301 ) 
4 444 467 (-2136 3576 288 ) (-2128 3576 288 ) (-2128 3576 320 ) (-2136 3576 320 ) 
4 445 479 (-2456 4096 320 ) (-2456 4096 288 ) (-2456 3648 288 ) (-2456 3648 320 ) 
4 445 446 (-2224 3648 320 ) (-2456 3648 320 ) (-2456 3648 288 ) (-2224 3648 288 ) 
4 446 480 (-2456 3648 288 ) (-2456 3576 288 ) (-2456 3576 320 ) (-2456 3648 320 ) 
4 446 470 (-2368 3576 296 ) (-2368 3576 320 ) (-2424 3576 320 ) (-2424 3576 296 ) 
4 447 534 (-2048 3072 1224 ) (-2048 3072 1856 ) (-2448 3072 1856 ) (-2448 3072 1224 ) 
4 447 451 (-2448 3312 1224 ) (-2448 3072 1224 ) (-2448 3072 1856 ) (-2448 3312 1856 ) 
4 447 449 (-2448 3576 1856 ) (-2448 3576 1224 ) (-2448 3312 1224 ) (-2448 3312 1856 ) 
4 447 448 (-2048 3072 1224 ) (-2448 3072 1224 ) (-2448 3576 1224 ) (-2048 3576 1224 ) 
4 448 535 (-2048 3072 648 ) (-2048 3072 1224 ) (-2448 3072 1224 ) (-2448 3072 648 ) 
4 448 459 (-2344 3256 648 ) (-2344 3072 648 ) (-2448 3072 648 ) (-2448 3256 648 ) 
4 448 458 (-2248 3256 648 ) (-2248 3072 648 ) (-2344 3072 648 ) (-2344 3256 648 ) 
4 448 455 (-2248 3464 648 ) (-2248 3368 648 ) (-2344 3368 648 ) (-2344 3464 648 ) 
4 448 454 (-2136 3256 648 ) (-2136 3072 648 ) (-2248 3072 648 ) (-2248 3256 648 ) 
4 448 453 (-2136 3576 648 ) (-2048 3576 648 ) (-2048 3072 648 ) (-2136 3072 648 ) 
4 448 452 (-2448 3072 896 ) (-2448 3072 1224 ) (-2448 3312 1224 ) (-2448 3312 896 ) 
4 448 450 (-2448 3576 1224 ) (-2448 3576 648 ) (-2448 3312 648 ) (-2448 3312 1224 ) 
4 449 476 (-2456 3576 1856 ) (-2456 3576 1224 ) (-2456 3312 1224 ) (-2456 3312 1856 ) 
4 449 451 (-2456 3312 1856 ) (-2456 3312 1224 ) (-2448 3312 1224 ) (-2448 3312 1856 ) 
4 449 450 (-2448 3312 1224 ) (-2456 3312 1224 ) (-2456 3576 1224 ) (-2448 3576 1224 ) 
4 450 477 (-2456 3576 1224 ) (-2456 3576 648 ) (-2456 3312 648 ) (-2456 3312 1224 ) 
4 450 452 (-2456 3312 1224 ) (-2456 3312 896 ) (-2448 3312 896 ) (-2448 3312 1224 ) 
4 451 536 (-2456 3072 1856 ) (-2456 3072 1224 ) (-2448 3072 1224 ) (-2448 3072 1856 ) 
4 451 482 (-2456 3072 1224 ) (-2456 3072 1856 ) (-2456 3312 1856 ) (-2456 3312 1224 ) 
4 451 452 (-2456 3072 1224 ) (-2456 3312 1224 ) (-2448 3312 1224 ) (-2448 3072 1224 ) 
4 452 538 (-2456 3072 1224 ) (-2456 3072 896 ) (-2448 3072 896 ) (-2448 3072 1224 ) 
4 452 483 (-2456 3072 896 ) (-2456 3072 1224 ) (-2456 3312 1224 ) (-2456 3312 896 ) 
4 453 535 (-2048 3072 552 ) (-2048 3072 648 ) (-2136 3072 648 ) (-2136 3072 552 ) 
4 453 460 (-2048 3072 552 ) (-2128 3072 552 ) (-2128 3576 552 ) (-2048 3576 552 ) 
4 453 467 (-2128 3072 552 ) (-2136 3072 552 ) (-2136 3576 552 ) (-2128 3576 552 ) 
4 453 454 (-2136 3256 552 ) (-2136 3072 552 ) (-2136 3072 648 ) (-2136 3256 648 ) 
4 454 535 (-2136 3072 648 ) (-2248 3072 648 ) (-2248 3072 552 ) (-2136 3072 552 ) 
4 454 472 (-2152 3072 552 ) (-2248 3072 552 ) (-2248 3256 552 ) (-2152 3256 552 ) 
4 454 469 (-2136 3072 552 ) (-2152 3072 552 ) (-2152 3256 552 ) (-2136 3256 552 ) 
4 454 458 (-2248 3256 552 ) (-2248 3072 552 ) (-2248 3072 648 ) (-2248 3256 648 ) 
4 455 456 (-2248 3368 644 ) (-2344 3368 644 ) (-2344 3464 644 ) (-2248 3464 644 ) 
4 456 457 (-2248 3368 643 ) (-2344 3368 643 ) (-2344 3464 643 ) (-2248 3464 643 ) 
4 457 471 (-2344 3368 552 ) (-2344 3464 552 ) (-2248 3464 552 ) (-2248 3368 552 ) 
4 458 535 (-2248 3072 648 ) (-2344 3072 648 ) (-2344 3072 552 ) (-2248 3072 552 ) 
4 458 472 (-2248 3072 552 ) (-2344 3072 552 ) (-2344 3256 552 ) (-2248 3256 552 ) 
4 458 459 (-2344 3256 552 ) (-2344 3072 552 ) (-2344 3072 648 ) (-2344 3256 648 ) 
4 459 535 (-2344 3072 648 ) (-2448 3072 648 ) (-2448 3072 552 ) (-2344 3072 552 ) 
4 459 474 (-2440 3072 552 ) (-2448 3072 552 ) (-2448 3256 552 ) (-2440 3256 552 ) 
4 459 472 (-2344 3072 552 ) (-2440 3072 552 ) (-2440 3256 552 ) (-2344 3256 552 ) 
4 460 535 (-2048 3072 432 ) (-2048 3072 552 ) (-2128 3072 552 ) (-2128 3072 432 ) 
4 460 465 (-2128 3072 432 ) (-2128 3259 432 ) (-2048 3259 432 ) (-2048 3072 432 ) 
4 460 464 (-2128 3259 432 ) (-2128 3260 432 ) (-2048 3260 432 ) (-2048 3259 432 ) 
4 460 463 (-2128 3260 432 ) (-2128 3443 432 ) (-2048 3443 432 ) (-2048 3260 432 ) 
4 460 462 (-2128 3443 432 ) (-2128 3444 432 ) (-2048 3444 432 ) (-2048 3443 432 ) 
4 460 461 (-2128 3444 432 ) (-2128 3576 432 ) (-2048 3576 432 ) (-2048 3444 432 ) 
4 460 467 (-2128 3072 552 ) (-2128 3576 552 ) (-2128 3576 432 ) (-2128 3072 432 ) 
4 461 466 (-2128 3444 301 ) (-2128 3576 301 ) (-2048 3576 301 ) (-2048 3444 301 ) 
4 461 467 (-2128 3576 432 ) (-2128 3576 301 ) (-2128 3444 301 ) (-2128 3444 432 ) 
4 461 462 (-2128 3444 301 ) (-2048 3444 301 ) (-2048 3444 432 ) (-2128 3444 432 ) 
4 462 463 (-2128 3443 301 ) (-2048 3443 301 ) (-2048 3443 432 ) (-2128 3443 432 ) 
4 462 466 (-2128 3443 301 ) (-2128 3444 301 ) (-2048 3444 301 ) (-2048 3443 301 ) 
4 462 467 (-2128 3444 301 ) (-2128 3443 301 ) (-2128 3443 432 ) (-2128 3444 432 ) 
4 463 464 (-2128 3260 301 ) (-2048 3260 301 ) (-2048 3260 432 ) (-2128 3260 432 ) 
4 463 466 (-2128 3260 301 ) (-2128 3443 301 ) (-2048 3443 301 ) (-2048 3260 301 ) 
4 463 467 (-2128 3443 301 ) (-2128 3260 301 ) (-2128 3260 432 ) (-2128 3443 432 ) 
4 464 467 (-2128 3260 301 ) (-2128 3259 301 ) (-2128 3259 432 ) (-2128 3260 432 ) 
4 464 466 (-2128 3259 301 ) (-2128 3260 301 ) (-2048 3260 301 ) (-2048 3259 301 ) 
4 464 465 (-2128 3259 301 ) (-2048 3259 301 ) (-2048 3259 432 ) (-2128 3259 432 ) 
4 465 535 (-2048 3072 301 ) (-2048 3072 432 ) (-2128 3072 432 ) (-2128 3072 301 ) 
4 465 467 (-2128 3259 301 ) (-2128 3072 301 ) (-2128 3072 432 ) (-2128 3259 432 ) 
4 465 466 (-2048 3072 301 ) (-2128 3072 301 ) (-2128 3259 301 ) (-2048 3259 301 ) 
4 466 535 (-2128 3072 288 ) (-2048 3072 288 ) (-2048 3072 301 ) (-2128 3072 301 ) 
4 466 512 (-2048 3256 288 ) (-2048 3072 288 ) (-2128 3072 288 ) (-2128 3256 288 ) 
4 466 511 (-2048 3272 288 ) (-2048 3256 288 ) (-2128 3256 288 ) (-2128 3272 288 ) 
4 466 508 (-2048 3560 288 ) (-2048 3272 288 ) (-2128 3272 288 ) (-2128 3560 288 ) 
4 466 506 (-2048 3576 288 ) (-2048 3560 288 ) (-2128 3560 288 ) (-2128 3576 288 ) 
4 466 467 (-2128 3576 301 ) (-2128 3576 288 ) (-2128 3072 288 ) (-2128 3072 301 ) 
4 467 535 (-2136 3072 288 ) (-2128 3072 288 ) (-2128 3072 552 ) (-2136 3072 552 ) 
4 467 512 (-2128 3072 288 ) (-2136 3072 288 ) (-2136 3256 288 ) (-2128 3256 288 ) 
4 467 511 (-2136 3256 288 ) (-2136 3272 288 ) (-2128 3272 288 ) (-2128 3256 288 ) 
4 467 508 (-2136 3272 288 ) (-2136 3560 288 ) (-2128 3560 288 ) (-2128 3272 288 ) 
4 467 506 (-2136 3560 288 ) (-2136 3576 288 ) (-2128 3576 288 ) (-2128 3560 288 ) 
4 467 469 (-2136 3072 552 ) (-2136 3256 552 ) (-2136 3256 288 ) (-2136 3072 288 ) 
4 467 468 (-2136 3428 412 ) (-2136 3428 296 ) (-2136 3280 296 ) (-2136 3280 412 ) 
4 468 471 (-2152 3428 412 ) (-2152 3428 296 ) (-2152 3280 296 ) (-2152 3280 412 ) 
4 469 535 (-2152 3072 288 ) (-2136 3072 288 ) (-2136 3072 552 ) (-2152 3072 552 ) 
4 469 512 (-2136 3072 288 ) (-2152 3072 288 ) (-2152 3256 288 ) (-2136 3256 288 ) 
4 469 472 (-2152 3072 552 ) (-2152 3256 552 ) (-2152 3256 288 ) (-2152 3072 288 ) 
4 470 471 (-2424 3560 392 ) (-2424 3560 296 ) (-2368 3560 296 ) (-2368 3560 392 ) 
4 471 509 (-2440 3272 288 ) (-2440 3560 288 ) (-2152 3560 288 ) (-2152 3272 288 ) 
4 471 473 (-2440 3320 296 ) (-2440 3320 400 ) (-2440 3376 400 ) (-2440 3376 296 ) 
4 472 535 (-2440 3072 288 ) (-2152 3072 288 ) (-2152 3072 552 ) (-2440 3072 552 ) 
4 472 512 (-2152 3072 288 ) (-2440 3072 288 ) (-2440 3256 288 ) (-2152 3256 288 ) 
4 472 474 (-2440 3256 288 ) (-2440 3072 288 ) (-2440 3072 552 ) (-2440 3256 552 ) 
4 473 475 (-2448 3320 296 ) (-2448 3320 400 ) (-2448 3376 400 ) (-2448 3376 296 ) 
4 474 535 (-2448 3072 288 ) (-2440 3072 288 ) (-2440 3072 552 ) (-2448 3072 552 ) 
4 474 512 (-2440 3072 288 ) (-2448 3072 288 ) (-2448 3256 288 ) (-2440 3256 288 ) 
4 475 481 (-2456 3320 296 ) (-2456 3320 400 ) (-2456 3376 400 ) (-2456 3376 296 ) 
4 476 990 (-3072 3344 1224 ) (-3072 3312 1224 ) (-3072 3312 1856 ) (-3072 3344 1856 ) 
4 476 966 (-3072 4096 1856 ) (-3072 4096 1224 ) (-3072 3344 1224 ) (-3072 3344 1856 ) 
4 476 484 (-3072 3312 1856 ) (-3072 3312 1224 ) (-2504 3312 1224 ) (-2504 3312 1856 ) 
4 476 482 (-2496 3312 1224 ) (-2456 3312 1224 ) (-2456 3312 1856 ) (-2496 3312 1856 ) 
4 476 477 (-2456 3312 1224 ) (-3072 3312 1224 ) (-3072 4096 1224 ) (-2456 4096 1224 ) 
4 477 991 (-3072 3344 464 ) (-3072 3312 464 ) (-3072 3312 1224 ) (-3072 3344 1224 ) 
4 477 967 (-3072 4096 1224 ) (-3072 4096 464 ) (-3072 3344 464 ) (-3072 3344 1224 ) 
4 477 485 (-3072 3312 1224 ) (-3072 3312 896 ) (-2504 3312 896 ) (-2504 3312 1224 ) 
4 477 483 (-2496 3312 896 ) (-2456 3312 896 ) (-2456 3312 1224 ) (-2496 3312 1224 ) 
4 477 478 (-3072 3344 464 ) (-3072 4096 464 ) (-2456 4096 464 ) (-2456 3344 464 ) 
4 478 967 (-3072 4096 464 ) (-3072 4096 424 ) (-3072 3344 424 ) (-3072 3344 464 ) 
4 479 480 (-2944 3648 288 ) (-2456 3648 288 ) (-2456 3648 416 ) (-2944 3648 416 ) 
4 482 536 (-2456 3072 1224 ) (-2456 3072 1856 ) (-2496 3072 1856 ) (-2496 3072 1224 ) 
4 482 483 (-2496 3312 1224 ) (-2456 3312 1224 ) (-2456 3072 1224 ) (-2496 3072 1224 ) 
4 483 538 (-2496 3072 896 ) (-2456 3072 896 ) (-2456 3072 1224 ) (-2496 3072 1224 ) 
4 484 997 (-3072 3072 1224 ) (-3072 3072 1856 ) (-3072 3312 1856 ) (-3072 3312 1224 ) 
4 484 537 (-3072 3072 1856 ) (-3072 3072 1224 ) (-2504 3072 1224 ) (-2504 3072 1856 ) 
4 484 485 (-3072 3072 1224 ) (-3072 3312 1224 ) (-2504 3312 1224 ) (-2504 3072 1224 ) 
4 485 998 (-3072 3072 896 ) (-3072 3072 1224 ) (-3072 3312 1224 ) (-3072 3312 896 ) 
4 485 539 (-3072 3072 1224 ) (-3072 3072 896 ) (-2504 3072 896 ) (-2504 3072 1224 ) 
4 486 494 (-2192 3648 16 ) (-2192 3648 128 ) (-2192 4096 128 ) (-2192 4096 16 ) 
4 486 491 (-2192 3652 248 ) (-2192 4096 248 ) (-2192 4096 184 ) (-2192 3652 184 ) 
4 486 489 (-2192 3648 288 ) (-2192 3648 16 ) (-2048 3648 16 ) (-2048 3648 288 ) 
4 486 488 (-2192 3656 16 ) (-2192 4096 16 ) (-2064 4096 16 ) (-2064 3656 16 ) 
4 486 487 (-2048 3648 16 ) (-2064 3648 16 ) (-2064 4096 16 ) (-2048 4096 16 ) 
4 487 490 (-2056 3648 8 ) (-2048 3648 8 ) (-2048 3648 16 ) (-2056 3648 16 ) 
4 487 488 (-2064 4096 8 ) (-2064 3656 8 ) (-2064 3656 16 ) (-2064 4096 16 ) 
4 488 496 (-2192 3656 16 ) (-2192 4096 16 ) (-2192 4096 8 ) (-2192 3656 8 ) 
4 489 506 (-2048 3576 16 ) (-2048 3576 288 ) (-2136 3576 288 ) (-2136 3576 16 ) 
4 489 490 (-2048 3576 16 ) (-2056 3576 16 ) (-2056 3648 16 ) (-2048 3648 16 ) 
4 490 513 (-2048 3576 8 ) (-2048 3576 16 ) (-2056 3576 16 ) (-2056 3576 8 ) 
4 491 492 (-2216 4096 184 ) (-2216 3652 184 ) (-2216 3652 248 ) (-2216 4096 248 ) 
4 492 493 (-2221 4096 184 ) (-2221 3648 184 ) (-2221 3648 248 ) (-2221 4096 248 ) 
4 493 501 (-2224 3648 248 ) (-2224 3832 248 ) (-2224 3832 184 ) (-2224 3648 184 ) 
4 493 498 (-2224 3832 248 ) (-2224 4096 248 ) (-2224 4096 184 ) (-2224 3832 184 ) 
4 494 496 (-2192 3648 16 ) (-2223 3648 16 ) (-2223 4096 16 ) (-2192 4096 16 ) 
4 494 495 (-2223 4096 16 ) (-2223 3648 16 ) (-2223 3648 128 ) (-2223 4096 128 ) 
4 495 502 (-2224 3648 128 ) (-2224 3832 128 ) (-2224 3832 16 ) (-2224 3648 16 ) 
4 495 499 (-2224 3832 128 ) (-2224 4096 128 ) (-2224 4096 16 ) (-2224 3832 16 ) 
4 495 497 (-2223 3648 16 ) (-2224 3648 16 ) (-2224 4096 16 ) (-2223 4096 16 ) 
4 496 497 (-2223 4096 8 ) (-2223 3648 8 ) (-2223 3648 16 ) (-2223 4096 16 ) 
4 497 503 (-2224 3832 8 ) (-2224 3648 8 ) (-2224 3648 16 ) (-2224 3832 16 ) 
4 497 500 (-2224 4096 16 ) (-2224 4096 8 ) (-2224 3832 8 ) (-2224 3832 16 ) 
4 498 515 (-2456 4096 280 ) (-2456 4096 152 ) (-2456 3832 152 ) (-2456 3832 280 ) 
4 498 501 (-2224 3832 152 ) (-2224 3832 280 ) (-2456 3832 280 ) (-2456 3832 152 ) 
4 499 523 (-2456 4096 144 ) (-2456 4096 16 ) (-2456 3832 16 ) (-2456 3832 144 ) 
4 499 502 (-2224 3832 16 ) (-2224 3832 144 ) (-2456 3832 144 ) (-2456 3832 16 ) 
4 499 500 (-2224 3832 16 ) (-2432 3832 16 ) (-2432 4096 16 ) (-2224 4096 16 ) 
3 500 503 (-2224 3832 8 ) (-2224 3832 16 ) (-2432 3832 16 ) 
4 501 517 (-2456 3648 152 ) (-2456 3648 280 ) (-2456 3832 280 ) (-2456 3832 152 ) 
4 501 504 (-2456 3648 280 ) (-2456 3648 152 ) (-2224 3648 152 ) (-2224 3648 280 ) 
4 502 525 (-2456 3648 16 ) (-2456 3648 144 ) (-2456 3832 144 ) (-2456 3832 16 ) 
4 502 505 (-2456 3648 144 ) (-2456 3648 16 ) (-2224 3648 16 ) (-2224 3648 144 ) 
4 502 503 (-2224 3648 16 ) (-2432 3648 16 ) (-2432 3832 16 ) (-2224 3832 16 ) 
4 504 520 (-2456 3648 280 ) (-2456 3648 152 ) (-2456 3576 152 ) (-2456 3576 280 ) 
4 504 507 (-2368 3576 160 ) (-2368 3576 256 ) (-2424 3576 256 ) (-2424 3576 160 ) 
4 505 526 (-2456 3648 144 ) (-2456 3648 16 ) (-2456 3584 16 ) (-2456 3584 144 ) 
4 506 513 (-2056 3576 16 ) (-2048 3576 16 ) (-2048 3560 16 ) (-2056 3560 16 ) 
4 506 508 (-2136 3560 16 ) (-2048 3560 16 ) (-2048 3560 288 ) (-2136 3560 288 ) 
4 507 509 (-2368 3560 160 ) (-2368 3560 256 ) (-2424 3560 256 ) (-2424 3560 160 ) 
4 508 513 (-2056 3560 16 ) (-2048 3560 16 ) (-2048 3272 16 ) (-2056 3272 16 ) 
4 508 511 (-2136 3272 16 ) (-2048 3272 16 ) (-2048 3272 288 ) (-2136 3272 288 ) 
4 509 510 (-2440 3536 24 ) (-2440 3480 24 ) (-2440 3480 120 ) (-2440 3536 120 ) 
4 510 526 (-2456 3536 120 ) (-2456 3536 24 ) (-2456 3480 24 ) (-2456 3480 120 ) 
4 511 513 (-2056 3272 16 ) (-2048 3272 16 ) (-2048 3256 16 ) (-2056 3256 16 ) 
4 511 512 (-2136 3256 16 ) (-2048 3256 16 ) (-2048 3256 288 ) (-2136 3256 288 ) 
4 512 545 (-2200 3072 144 ) (-2448 3072 144 ) (-2448 3072 16 ) (-2200 3072 16 ) 
4 512 544 (-2048 3072 16 ) (-2048 3072 144 ) (-2200 3072 144 ) (-2200 3072 16 ) 
4 512 535 (-2048 3072 144 ) (-2048 3072 288 ) (-2448 3072 288 ) (-2448 3072 144 ) 
4 512 513 (-2048 3072 16 ) (-2056 3072 16 ) (-2056 3256 16 ) (-2048 3256 16 ) 
4 513 563 (-2048 3072 8 ) (-2048 3072 16 ) (-2056 3072 16 ) (-2056 3072 8 ) 
4 513 514 (-2048 3072 8 ) (-2056 3072 8 ) (-2056 3352 8 ) (-2048 3352 8 ) 
4 514 565 (-2048 3072 -64 ) (-2048 3072 -32 ) (-2064 3072 -32 ) (-2064 3072 -64 ) 
4 514 564 (-2048 3072 -32 ) (-2048 3072 8 ) (-2064 3072 8 ) (-2064 3072 -32 ) 
4 515 517 (-2944 3832 152 ) (-2456 3832 152 ) (-2456 3832 280 ) (-2944 3832 280 ) 
4 516 968 (-3072 4096 280 ) (-3072 4096 152 ) (-3072 3832 152 ) (-3072 3832 280 ) 
4 516 519 (-3072 3832 152 ) (-2976 3832 152 ) (-2976 3832 280 ) (-3072 3832 280 ) 
4 517 520 (-2944 3648 152 ) (-2456 3648 152 ) (-2456 3648 280 ) (-2944 3648 280 ) 
4 517 518 (-2944 3832 280 ) (-2944 3832 152 ) (-2944 3648 152 ) (-2944 3648 280 ) 
4 518 521 (-2952 3648 152 ) (-2944 3648 152 ) (-2944 3648 280 ) (-2952 3648 280 ) 
4 518 519 (-2952 3832 280 ) (-2952 3832 152 ) (-2952 3648 152 ) (-2952 3648 280 ) 
4 519 969 (-3072 3832 152 ) (-3072 3648 152 ) (-3072 3648 280 ) (-3072 3832 280 ) 
4 519 522 (-3072 3648 152 ) (-2952 3648 152 ) (-2952 3648 280 ) (-3072 3648 280 ) 
4 520 521 (-2944 3648 280 ) (-2944 3648 152 ) (-2944 3344 152 ) (-2944 3344 280 ) 
4 521 522 (-2952 3648 280 ) (-2952 3648 152 ) (-2952 3344 152 ) (-2952 3344 280 ) 
4 522 978 (-3072 3576 152 ) (-3072 3344 152 ) (-3072 3344 160 ) (-3072 3576 160 ) 
4 522 971 (-3072 3344 160 ) (-3072 3344 280 ) (-3072 3576 280 ) (-3072 3576 160 ) 
4 522 970 (-3072 3648 152 ) (-3072 3576 152 ) (-3072 3576 280 ) (-3072 3648 280 ) 
4 523 525 (-2944 3832 16 ) (-2456 3832 16 ) (-2456 3832 144 ) (-2944 3832 144 ) 
4 524 979 (-3072 4096 144 ) (-3072 4096 16 ) (-3072 3864 16 ) (-3072 3864 144 ) 
4 525 982 (-3072 3832 16 ) (-3072 3648 16 ) (-3072 3648 144 ) (-3072 3832 144 ) 
4 525 526 (-3072 3648 16 ) (-2456 3648 16 ) (-2456 3648 144 ) (-3072 3648 144 ) 
4 526 989 (-3072 3576 16 ) (-3072 3344 16 ) (-3072 3344 24 ) (-3072 3576 24 ) 
4 526 984 (-3072 3344 24 ) (-3072 3344 144 ) (-3072 3576 144 ) (-3072 3576 24 ) 
4 526 983 (-3072 3648 16 ) (-3072 3576 16 ) (-3072 3576 144 ) (-3072 3648 144 ) 
4 527 999 (-3072 3072 160 ) (-3072 3072 288 ) (-3072 3312 288 ) (-3072 3312 160 ) 
4 527 541 (-3072 3072 288 ) (-3072 3072 160 ) (-2464 3072 160 ) (-2464 3072 288 ) 
4 528 615 (-1024 2048 1224 ) (-1024 2048 1856 ) (-2048 2048 1856 ) (-2048 2048 1224 ) 
4 528 534 (-2048 3072 1856 ) (-2048 3072 1224 ) (-2048 2048 1224 ) (-2048 2048 1856 ) 
4 528 529 (-1024 2048 1224 ) (-2048 2048 1224 ) (-2048 3072 1224 ) (-1024 3072 1224 ) 
4 529 617 (-1024 2048 16 ) (-1024 2048 140 ) (-2048 2048 140 ) (-2048 2048 16 ) 
4 529 616 (-1024 2048 140 ) (-1024 2048 1224 ) (-2048 2048 1224 ) (-2048 2048 140 ) 
4 529 544 (-2048 3072 144 ) (-2048 3072 16 ) (-2048 2048 16 ) (-2048 2048 144 ) 
4 529 535 (-2048 3072 1224 ) (-2048 3072 144 ) (-2048 2048 144 ) (-2048 2048 1224 ) 
4 529 530 (-1416 3072 16 ) (-1024 3072 16 ) (-1024 2672 16 ) (-1416 2672 16 ) 
4 529 531 (-2048 2672 16 ) (-2048 3072 16 ) (-1560 3072 16 ) (-1560 2672 16 ) 
4 529 532 (-1024 2048 16 ) (-2048 2048 16 ) (-2048 2672 16 ) (-1024 2672 16 ) 
4 530 532 (-1416 2672 8 ) (-1024 2672 8 ) (-1024 2672 16 ) (-1416 2672 16 ) 
4 531 563 (-2048 3072 16 ) (-2048 3072 8 ) (-2048 2672 8 ) (-2048 2672 16 ) 
4 531 533 (-2048 3072 8 ) (-1560 3072 8 ) (-1560 2672 8 ) (-2048 2672 8 ) 
4 531 532 (-2048 2672 8 ) (-1560 2672 8 ) (-1560 2672 16 ) (-2048 2672 16 ) 
4 532 618 (-1024 2048 8 ) (-1024 2048 16 ) (-2048 2048 16 ) (-2048 2048 8 ) 
4 532 563 (-2048 2672 8 ) (-2048 2048 8 ) (-2048 2048 16 ) (-2048 2672 16 ) 
4 532 533 (-1552 2048 8 ) (-2048 2048 8 ) (-2048 2672 8 ) (-1552 2672 8 ) 
4 533 621 (-1552 2048 8 ) (-2048 2048 8 ) (-2048 2048 -64 ) (-1552 2048 -64 ) 
4 533 565 (-2048 3072 -32 ) (-2048 3072 -64 ) (-2048 2048 -64 ) (-2048 2048 -32 ) 
4 533 564 (-2048 3072 8 ) (-2048 3072 -32 ) (-2048 2048 -32 ) (-2048 2048 8 ) 
4 534 622 (-2048 2048 1224 ) (-2048 2048 1856 ) (-2448 2048 1856 ) (-2448 2048 1224 ) 
4 534 536 (-2448 2048 1224 ) (-2448 2048 1856 ) (-2448 3072 1856 ) (-2448 3072 1224 ) 
4 534 535 (-2448 2048 1224 ) (-2448 3072 1224 ) (-2048 3072 1224 ) (-2048 2048 1224 ) 
4 535 658 (-2448 2048 144 ) (-2048 2048 144 ) (-2048 2048 160 ) (-2448 2048 160 ) 
4 535 645 (-2048 2048 160 ) (-2048 2048 288 ) (-2448 2048 288 ) (-2448 2048 160 ) 
4 535 627 (-2048 2048 288 ) (-2048 2048 632 ) (-2448 2048 632 ) (-2448 2048 288 ) 
4 535 626 (-2048 2048 632 ) (-2048 2048 896 ) (-2448 2048 896 ) (-2448 2048 632 ) 
4 535 623 (-2048 2048 896 ) (-2048 2048 1224 ) (-2448 2048 1224 ) (-2448 2048 896 ) 
4 535 546 (-2200 2048 144 ) (-2448 2048 144 ) (-2448 2424 144 ) (-2200 2424 144 ) 
4 535 545 (-2448 2424 144 ) (-2448 3072 144 ) (-2200 3072 144 ) (-2200 2424 144 ) 
4 535 544 (-2048 2048 144 ) (-2200 2048 144 ) (-2200 3072 144 ) (-2048 3072 144 ) 
4 535 538 (-2448 2048 896 ) (-2448 2048 1224 ) (-2448 3072 1224 ) (-2448 3072 896 ) 
4 536 622 (-2496 2048 1224 ) (-2448 2048 1224 ) (-2448 2048 1856 ) (-2496 2048 1856 ) 
4 536 538 (-2496 3072 1224 ) (-2448 3072 1224 ) (-2448 2048 1224 ) (-2496 2048 1224 ) 
4 537 1008 (-3072 2048 1224 ) (-3072 2048 1856 ) (-3072 3072 1856 ) (-3072 3072 1224 ) 
4 537 624 (-3072 2048 1856 ) (-3072 2048 1224 ) (-2504 2048 1224 ) (-2504 2048 1856 ) 
4 537 539 (-3072 2048 1224 ) (-3072 3072 1224 ) (-2504 3072 1224 ) (-2504 2048 1224 ) 
4 538 623 (-2496 2048 896 ) (-2448 2048 896 ) (-2448 2048 1224 ) (-2496 2048 1224 ) 
4 539 1009 (-3072 2048 896 ) (-3072 2048 1224 ) (-3072 3072 1224 ) (-3072 3072 896 ) 
4 539 625 (-3072 2048 1224 ) (-3072 2048 896 ) (-2504 2048 896 ) (-2504 2048 1224 ) 
4 540 1011 (-3072 2048 288 ) (-3072 2048 632 ) (-3072 2504 632 ) (-3072 2504 288 ) 
4 540 629 (-3072 2048 632 ) (-3072 2048 288 ) (-2476 2048 288 ) (-2476 2048 632 ) 
4 540 542 (-3072 2048 288 ) (-3072 2504 288 ) (-2476 2504 288 ) (-2476 2048 288 ) 
4 541 1012 (-3072 3072 256 ) (-3072 3072 160 ) (-3072 2864 160 ) (-3072 2864 256 ) 
4 541 1010 (-3072 2864 288 ) (-3072 3072 288 ) (-3072 3072 256 ) (-3072 2864 256 ) 
4 542 1011 (-3072 2048 256 ) (-3072 2048 288 ) (-3072 2504 288 ) (-3072 2504 256 ) 
4 542 655 (-3072 2048 288 ) (-3072 2048 256 ) (-2960 2048 256 ) (-2960 2048 288 ) 
4 542 650 (-2960 2048 256 ) (-2944 2048 256 ) (-2944 2048 288 ) (-2960 2048 288 ) 
4 542 646 (-2944 2048 256 ) (-2476 2048 256 ) (-2476 2048 288 ) (-2944 2048 288 ) 
4 542 543 (-3072 2096 256 ) (-3072 2460 256 ) (-2480 2460 256 ) (-2480 2096 256 ) 
4 543 1038 (-3072 2460 160 ) (-3072 2460 144 ) (-3072 2096 144 ) (-3072 2096 160 ) 
4 543 1013 (-3072 2096 256 ) (-3072 2460 256 ) (-3072 2460 160 ) (-3072 2096 160 ) 
4 543 560 (-3072 2096 144 ) (-3072 2460 144 ) (-2480 2460 144 ) (-2480 2096 144 ) 
4 544 662 (-2200 2048 16 ) (-2048 2048 16 ) (-2048 2048 144 ) (-2200 2048 144 ) 
4 544 563 (-2048 3072 16 ) (-2048 2048 16 ) (-2056 2048 16 ) (-2056 3072 16 ) 
4 544 546 (-2200 2048 28 ) (-2200 2048 144 ) (-2200 2424 144 ) (-2200 2424 28 ) 
4 544 545 (-2200 3072 16 ) (-2200 2424 16 ) (-2200 2424 144 ) (-2200 3072 144 ) 
4 545 553 (-2448 2516 32 ) (-2448 2516 120 ) (-2448 2580 120 ) (-2448 2580 32 ) 
4 545 550 (-2448 2712 16 ) (-2448 2616 16 ) (-2448 2616 120 ) (-2448 2712 120 ) 
4 545 547 (-2448 2748 32 ) (-2448 2748 120 ) (-2448 2812 120 ) (-2448 2812 32 ) 
4 545 546 (-2448 2424 144 ) (-2448 2424 28 ) (-2200 2424 28 ) (-2200 2424 144 ) 
4 546 663 (-2200 2048 28 ) (-2200 2048 144 ) (-2448 2048 144 ) (-2448 2048 28 ) 
4 547 548 (-2456 2812 32 ) (-2456 2748 32 ) (-2456 2748 120 ) (-2456 2812 120 ) 
4 548 549 (-2457 2812 32 ) (-2457 2748 32 ) (-2457 2748 120 ) (-2457 2812 120 ) 
4 549 556 (-2464 2748 32 ) (-2464 2748 120 ) (-2464 2812 120 ) (-2464 2812 32 ) 
4 550 551 (-2456 2616 16 ) (-2456 2616 120 ) (-2456 2712 120 ) (-2456 2712 16 ) 
4 551 552 (-2457 2616 16 ) (-2457 2616 120 ) (-2457 2712 120 ) (-2457 2712 16 ) 
4 552 556 (-2464 2712 16 ) (-2464 2616 16 ) (-2464 2616 120 ) (-2464 2712 120 ) 
4 553 554 (-2457 2580 32 ) (-2457 2516 32 ) (-2457 2516 120 ) (-2457 2580 120 ) 
4 554 555 (-2458 2580 32 ) (-2458 2516 32 ) (-2458 2516 120 ) (-2458 2580 120 ) 
4 555 556 (-2464 2516 32 ) (-2464 2516 120 ) (-2464 2580 120 ) (-2464 2580 32 ) 
4 556 557 (-2738 2480 16 ) (-2650 2480 16 ) (-2650 2480 110 ) (-2738 2480 110 ) 
4 557 558 (-2738 2479 110 ) (-2738 2479 16 ) (-2650 2479 16 ) (-2650 2479 110 ) 
4 558 559 (-2738 2464 16 ) (-2650 2464 16 ) (-2650 2464 110 ) (-2738 2464 110 ) 
4 559 560 (-2744 2460 16 ) (-2644 2460 16 ) (-2644 2460 116 ) (-2744 2460 116 ) 
4 560 1100 (-3072 2332 16 ) (-3072 2096 16 ) (-3072 2096 32 ) (-3072 2332 32 ) 
4 560 1099 (-3072 2460 32 ) (-3072 2460 16 ) (-3072 2332 16 ) (-3072 2332 32 ) 
4 560 1065 (-3072 2096 144 ) (-3072 2460 144 ) (-3072 2460 32 ) (-3072 2096 32 ) 
4 560 561 (-2672 2096 16 ) (-2560 2096 16 ) (-2560 2096 144 ) (-2672 2096 144 ) 
4 561 562 (-2672 2080 144 ) (-2672 2080 16 ) (-2560 2080 16 ) (-2560 2080 144 ) 
4 562 664 (-2672 2048 16 ) (-2560 2048 16 ) (-2560 2048 144 ) (-2672 2048 144 ) 
4 563 716 (-2056 2048 8 ) (-2048 2048 8 ) (-2048 2048 16 ) (-2056 2048 16 ) 
4 563 564 (-2048 3072 8 ) (-2048 2048 8 ) (-2056 2048 8 ) (-2056 3072 8 ) 
4 564 718 (-2064 2048 -32 ) (-2048 2048 -32 ) (-2048 2048 8 ) (-2064 2048 8 ) 
4 564 565 (-2048 2048 -32 ) (-2064 2048 -32 ) (-2064 3072 -32 ) (-2048 3072 -32 ) 
4 565 718 (-2048 2048 -64 ) (-2048 2048 -32 ) (-2064 2048 -32 ) (-2064 2048 -64 ) 
4 566 574 (512 1536 1856 ) (394 1536 1856 ) (394 1536 1224 ) (512 1536 1224 ) 
4 566 568 (394 1536 1224 ) (394 1536 1856 ) (394 2048 1856 ) (394 2048 1224 ) 
4 566 567 (512 1536 1224 ) (394 1536 1224 ) (394 2048 1224 ) (512 2048 1224 ) 
4 567 575 (394 1536 704 ) (512 1536 704 ) (512 1536 1224 ) (394 1536 1224 ) 
4 567 572 (394 2048 704 ) (394 1536 704 ) (394 1536 747.428589 ) (394 2048 747.428589 ) 
4 567 571 (394 1536 747.428589 ) (394 1536 826.461548 ) (394 2048 826.461548 ) (394 2048 747.428589 ) 
4 567 570 (394 1536 826.461548 ) (394 1536 912 ) (394 2048 912 ) (394 2048 826.461548 ) 
4 567 569 (394 1536 912 ) (394 1536 1224 ) (394 2048 1224 ) (394 2048 912 ) 
4 568 586 (0 2048 1856 ) (0 2048 1224 ) (0 1536 1224 ) (0 1536 1856 ) 
4 568 574 (394 1536 1224 ) (394 1536 1856 ) (0 1536 1856 ) (0 1536 1224 ) 
4 568 569 (394 2048 1224 ) (394 1536 1224 ) (0 1536 1224 ) (0 2048 1224 ) 
4 569 587 (0 2048 1224 ) (0 2048 912 ) (0 1536 912 ) (0 1536 1224 ) 
4 569 575 (394 1536 912 ) (394 1536 1224 ) (0 1536 1224 ) (0 1536 912 ) 
4 569 573 (0 2048 912 ) (23.333521 2048 912 ) (23.333527 1536 912 ) (0 1536 912 ) 
4 569 570 (23.333521 2048 912 ) (394 2048 912 ) (394 1536 912 ) (23.333527 1536 912 ) 
3 570 575 (394 1536 826.461548 ) (394 1536 912 ) (23.333527 1536 912 ) 
4 570 573 (23.332031 1536 912 ) (23.332031 2048 912 ) (57.997883 2048 904 ) (57.997887 1536 904 ) 
4 570 571 (162.001099 2048 880 ) (394 2048 826.461121 ) (394 1536 826.461121 ) (162.001114 1536 880 ) 
3 571 575 (394 1536 747.428589 ) (394 1536 826.461548 ) (162 1536 880 ) 
4 571 572 (273.988647 2048 816.007019 ) (394 2048 747.429382 ) (394 1536 747.429382 ) (273.988068 1536 816.007324 ) 
4 572 575 (393.996063 1536 704 ) (394 1536 704 ) (394 1536 747.428589 ) (273.989288 1536 816.006104 ) 
4 573 592 (0 2048 912 ) (0 2048 907.965820 ) (0 1536 907.965820 ) (0 1536 912 ) 
4 573 575 (58 1536 904 ) (23.333527 1536 912 ) (0 1536 912 ) (0 1536 907.965820 ) 
4 574 593 (0 1024 1224 ) (0 1024 1856 ) (0 1536 1856 ) (0 1536 1224 ) 
4 574 577 (512 1024 1856 ) (0 1024 1856 ) (0 1024 1224 ) (512 1024 1224 ) 
4 574 575 (512 1024 1224 ) (0 1024 1224 ) (0 1536 1224 ) (512 1536 1224 ) 
4 575 594 (0 1536 704 ) (0 1024 704 ) (0 1024 1224 ) (0 1536 1224 ) 
4 575 578 (512 1024 1224 ) (0 1024 1224 ) (0 1024 704 ) (512 1024 704 ) 
4 575 576 (0 1024 704 ) (0 1472 704 ) (512 1472 704 ) (512 1024 704 ) 
4 576 595 (0 1024 528 ) (0 1024 704 ) (0 1472 704 ) (0 1472 528 ) 
4 576 578 (512 1024 704 ) (0 1024 704 ) (0 1024 528 ) (512 1024 528 ) 
4 577 723 (0 0 1224 ) (0 0 1856 ) (0 1024 1856 ) (0 1024 1224 ) 
4 577 579 (512 0 1856 ) (0 0 1856 ) (0 0 1224 ) (512 0 1224 ) 
4 577 578 (512 0 1224 ) (0 0 1224 ) (0 1024 1224 ) (512 1024 1224 ) 
4 578 724 (0 0 528 ) (0 0 1224 ) (0 1024 1224 ) (0 1024 528 ) 
4 578 580 (512 0 1224 ) (0 0 1224 ) (0 0 528 ) (512 0 528 ) 
4 579 740 (0 0 1856 ) (0 0 1224 ) (0 -144 1224 ) (0 -144 1856 ) 
4 579 581 (0 -144 1856 ) (0 -144 1224 ) (512 -144 1224 ) (512 -144 1856 ) 
4 579 580 (512 -144 1224 ) (0 -144 1224 ) (0 0 1224 ) (512 0 1224 ) 
4 580 741 (0 0 1224 ) (0 0 528 ) (0 -144 528 ) (0 -144 1224 ) 
4 580 583 (0 -144 924 ) (0 -144 528 ) (512 -144 528 ) (512 -144 924 ) 
4 580 582 (0 -144 1224 ) (0 -144 924 ) (512 -144 924 ) (512 -144 1224 ) 
4 581 825 (512 -1024 1856 ) (0 -1024 1856 ) (0 -1024 1224 ) (512 -1024 1224 ) 
4 581 745 (0 -1024 1224 ) (0 -1024 1856 ) (0 -144 1856 ) (0 -144 1224 ) 
4 581 582 (0 -144 1224 ) (512 -144 1224 ) (512 -1024 1224 ) (0 -1024 1224 ) 
4 582 826 (0 -1024 1224 ) (0 -1024 924 ) (512 -1024 924 ) (512 -1024 1224 ) 
4 582 746 (0 -1024 924 ) (0 -1024 1224 ) (0 -144 1224 ) (0 -144 924 ) 
4 582 583 (0 -976 924 ) (0 -144 924 ) (512 -144 924 ) (512 -976 924 ) 
4 583 747 (0 -976 924 ) (0 -144 924 ) (0 -144 480 ) (0 -976 480 ) 
4 583 584 (512 -976 480 ) (0 -976 480 ) (0 -144 480 ) (512 -144 480 ) 
4 584 748 (0 -144 480 ) (0 -144 16 ) (0 -976 16 ) (0 -976 480 ) 
4 584 585 (0 -784 16 ) (0 -272 16 ) (512 -272 16 ) (512 -784 16 ) 
4 585 754 (0 -784 8 ) (0 -784 16 ) (0 -272 16 ) (0 -272 8 ) 
4 586 596 (-512 2048 1856 ) (-512 2048 1224 ) (-512 1536 1224 ) (-512 1536 1856 ) 
4 586 593 (-512 1536 1856 ) (-512 1536 1224 ) (0 1536 1224 ) (0 1536 1856 ) 
4 586 587 (0 1536 1224 ) (-512 1536 1224 ) (-512 2048 1224 ) (0 2048 1224 ) 
4 587 597 (-512 2048 1224 ) (-512 2048 912 ) (-512 1536 912 ) (-512 1536 1224 ) 
4 587 594 (-512 1536 1224 ) (-512 1536 912 ) (0 1536 912 ) (0 1536 1224 ) 
4 587 592 (0 1536 912 ) (-59 1536 912 ) (-59 2048 912 ) (0 2048 912 ) 
4 587 589 (-59 1536 912 ) (-224 1536 912 ) (-224 2048 912 ) (-59 2048 912 ) 
4 587 588 (-224 1536 912 ) (-512 1536 912 ) (-512 2048 912 ) (-224 2048 912 ) 
4 588 597 (-512 2048 912 ) (-512 2048 747.428589 ) (-512 1536 747.428589 ) (-512 1536 912 ) 
3 588 594 (-512 1536 912 ) (-512 1536 747.428589 ) (-224 1536 912 ) 
4 588 591 (-391.965088 1536 816.017700 ) (-512 1536 747.426331 ) (-512 2048 747.426331 ) (-391.965149 2048 816.017700 ) 
4 588 590 (-246.422638 1536 899.184753 ) (-279.993011 1536 880.001709 ) (-279.993134 2048 880.001648 ) (-246.422607 2048 899.184814 ) 
4 588 589 (-223.995972 2048 912 ) (-223.996002 1536 912 ) (-246.422638 1536 899.184753 ) (-246.422607 2048 899.184814 ) 
3 589 594 (-59 1536 912 ) (-224 1536 912 ) (-246.427277 1536 899.184448 ) 
4 589 590 (-246.425781 1536 899.184570 ) (-246.425781 2048 899.184570 ) (-176 2048 904 ) (-176 1536 904 ) 
3 590 594 (-176 1536 904 ) (-246.427277 1536 899.184448 ) (-280 1536 880 ) 
4 591 597 (-512 2048 747.428589 ) (-512 2048 704 ) (-512 1536 704 ) (-512 1536 747.428589 ) 
4 591 594 (-512 1536 747.428589 ) (-512 1536 704 ) (-511.984985 1536 704 ) (-391.958893 1536 816.023499 ) 
3 592 594 (0 1536 907.965820 ) (0 1536 912 ) (-59 1536 912 ) 
4 593 723 (0 1024 1224 ) (0 1024 1856 ) (-512 1024 1856 ) (-512 1024 1224 ) 
4 593 600 (-512 1024 1224 ) (-512 1024 1856 ) (-512 1346 1856 ) (-512 1346 1224 ) 
4 593 598 (-512 1346 1856 ) (-512 1472 1856 ) (-512 1472 1224 ) (-512 1346 1224 ) 
4 593 596 (-512 1472 1856 ) (-512 1536 1856 ) (-512 1536 1224 ) (-512 1472 1224 ) 
4 593 594 (-512 1024 1224 ) (-512 1536 1224 ) (0 1536 1224 ) (0 1024 1224 ) 
4 594 724 (0 1024 704 ) (0 1024 1224 ) (-512 1024 1224 ) (-512 1024 704 ) 
4 594 601 (-512 1346 704 ) (-512 1024 704 ) (-512 1024 1224 ) (-512 1346 1224 ) 
4 594 599 (-512 1472 704 ) (-512 1346 704 ) (-512 1346 1224 ) (-512 1472 1224 ) 
4 594 597 (-512 1536 704 ) (-512 1472 704 ) (-512 1472 1224 ) (-512 1536 1224 ) 
4 594 595 (0 1024 704 ) (-512 1024 704 ) (-512 1472 704 ) (0 1472 704 ) 
4 595 724 (0 1024 528 ) (0 1024 704 ) (-512 1024 704 ) (-512 1024 528 ) 
4 595 601 (-512 1024 528 ) (-512 1024 704 ) (-512 1346 704 ) (-512 1346 528 ) 
4 595 599 (-512 1346 704 ) (-512 1472 704 ) (-512 1472 528 ) (-512 1346 528 ) 
4 596 603 (-528 1472 1224 ) (-528 1472 1856 ) (-528 2048 1856 ) (-528 2048 1224 ) 
4 596 598 (-528 1472 1856 ) (-528 1472 1224 ) (-512 1472 1224 ) (-512 1472 1856 ) 
4 596 597 (-512 1472 1224 ) (-528 1472 1224 ) (-528 2048 1224 ) (-512 2048 1224 ) 
4 597 604 (-528 1472 704 ) (-528 1472 1224 ) (-528 2048 1224 ) (-528 2048 704 ) 
4 597 599 (-528 1472 1224 ) (-528 1472 704 ) (-512 1472 704 ) (-512 1472 1224 ) 
4 598 603 (-528 1346 1224 ) (-528 1346 1856 ) (-528 1472 1856 ) (-528 1472 1224 ) 
4 598 600 (-528 1346 1856 ) (-528 1346 1224 ) (-512 1346 1224 ) (-512 1346 1856 ) 
4 598 599 (-512 1346 1224 ) (-528 1346 1224 ) (-528 1472 1224 ) (-512 1472 1224 ) 
4 599 604 (-528 1346 528 ) (-528 1346 1224 ) (-528 1472 1224 ) (-528 1472 528 ) 
4 599 601 (-528 1346 1224 ) (-528 1346 528 ) (-512 1346 528 ) (-512 1346 1224 ) 
4 600 725 (-528 1024 1856 ) (-528 1024 1224 ) (-512 1024 1224 ) (-512 1024 1856 ) 
4 600 603 (-528 1024 1224 ) (-528 1024 1856 ) (-528 1346 1856 ) (-528 1346 1224 ) 
4 600 601 (-528 1024 1224 ) (-528 1346 1224 ) (-512 1346 1224 ) (-512 1024 1224 ) 
4 601 726 (-528 1024 1224 ) (-528 1024 528 ) (-512 1024 528 ) (-512 1024 1224 ) 
4 601 604 (-528 1024 528 ) (-528 1024 1224 ) (-528 1346 1224 ) (-528 1346 528 ) 
4 602 727 (-528 1024 184 ) (-528 1024 16 ) (-512 1024 16 ) (-512 1024 184 ) 
4 602 611 (-528 1346 16 ) (-528 1024 16 ) (-528 1024 140 ) (-528 1346 140 ) 
4 602 607 (-528 1024 140 ) (-528 1024 184 ) (-528 1346 184 ) (-528 1346 140 ) 
4 603 730 (-1024 1024 1856 ) (-1024 1024 1224 ) (-528 1024 1224 ) (-528 1024 1856 ) 
4 603 615 (-1024 2048 1856 ) (-1024 2048 1224 ) (-1024 1024 1224 ) (-1024 1024 1856 ) 
4 603 604 (-1024 1024 1224 ) (-1024 2048 1224 ) (-528 2048 1224 ) (-528 1024 1224 ) 
4 604 732 (-1024 1024 480 ) (-1024 1024 384 ) (-528 1024 384 ) (-528 1024 480 ) 
4 604 731 (-1024 1024 1224 ) (-1024 1024 480 ) (-528 1024 480 ) (-528 1024 1224 ) 
4 604 616 (-1024 2048 1224 ) (-1024 2048 384 ) (-1024 1024 384 ) (-1024 1024 1224 ) 
4 604 608 (-912 1024 384 ) (-1024 1024 384 ) (-1024 1408 384 ) (-912 1408 384 ) 
4 604 607 (-528 1408 384 ) (-528 1024 384 ) (-912 1024 384 ) (-912 1408 384 ) 
4 604 606 (-1024 2048 384 ) (-912 2048 384 ) (-912 1408 384 ) (-1024 1408 384 ) 
4 604 605 (-912 2048 384 ) (-528 2048 384 ) (-528 1408 384 ) (-912 1408 384 ) 
4 605 609 (-912 2048 140 ) (-528 2048 140 ) (-528 1408 140 ) (-912 1408 140 ) 
4 605 607 (-912 1408 140 ) (-528 1408 140 ) (-528 1408 384 ) (-912 1408 384 ) 
4 605 606 (-912 2048 140 ) (-912 1408 140 ) (-912 1408 384 ) (-912 2048 384 ) 
4 606 616 (-1024 2048 384 ) (-1024 2048 140 ) (-1024 1408 140 ) (-1024 1408 384 ) 
4 606 610 (-1024 1408 140 ) (-1024 2048 140 ) (-912 2048 140 ) (-912 1408 140 ) 
4 606 608 (-1024 1408 140 ) (-912 1408 140 ) (-912 1408 384 ) (-1024 1408 384 ) 
4 607 733 (-912 1024 140 ) (-528 1024 140 ) (-528 1024 384 ) (-912 1024 384 ) 
4 607 611 (-912 1408 140 ) (-528 1408 140 ) (-528 1024 140 ) (-912 1024 140 ) 
4 607 608 (-912 1408 384 ) (-912 1408 140 ) (-912 1024 140 ) (-912 1024 384 ) 
4 608 737 (-1024 1024 384 ) (-1024 1024 140 ) (-912 1024 140 ) (-912 1024 384 ) 
4 608 616 (-1024 1408 140 ) (-1024 1024 140 ) (-1024 1024 384 ) (-1024 1408 384 ) 
4 608 612 (-1024 1024 140 ) (-1024 1408 140 ) (-912 1408 140 ) (-912 1024 140 ) 
4 609 611 (-912 1408 16 ) (-528 1408 16 ) (-528 1408 140 ) (-912 1408 140 ) 
4 609 610 (-912 2048 16 ) (-912 1408 16 ) (-912 1408 140 ) (-912 2048 140 ) 
4 610 617 (-1024 2048 140 ) (-1024 2048 16 ) (-1024 1408 16 ) (-1024 1408 140 ) 
4 610 613 (-1024 1408 16 ) (-1024 2048 16 ) (-920 2048 16 ) (-920 1408 16 ) 
4 610 612 (-1024 1408 16 ) (-912 1408 16 ) (-912 1408 140 ) (-1024 1408 140 ) 
4 611 734 (-912 1024 16 ) (-528 1024 16 ) (-528 1024 140 ) (-912 1024 140 ) 
4 611 612 (-912 1408 140 ) (-912 1408 16 ) (-912 1024 16 ) (-912 1024 140 ) 
4 612 738 (-1024 1024 140 ) (-1024 1024 16 ) (-912 1024 16 ) (-912 1024 140 ) 
4 612 617 (-1024 1408 16 ) (-1024 1024 16 ) (-1024 1024 140 ) (-1024 1408 140 ) 
4 612 614 (-920 1024 16 ) (-1024 1024 16 ) (-1024 1408 16 ) (-920 1408 16 ) 
4 613 619 (-1024 1696 8 ) (-1024 1408 8 ) (-1024 1408 16 ) (-1024 1696 16 ) 
4 613 618 (-1024 2048 16 ) (-1024 2048 8 ) (-1024 1696 8 ) (-1024 1696 16 ) 
4 613 614 (-1024 1408 8 ) (-920 1408 8 ) (-920 1408 16 ) (-1024 1408 16 ) 
4 614 739 (-920 1024 16 ) (-1024 1024 16 ) (-1024 1024 8 ) (-920 1024 8 ) 
4 614 619 (-1024 1408 8 ) (-1024 1024 8 ) (-1024 1024 16 ) (-1024 1408 16 ) 
4 615 755 (-1024 1024 1224 ) (-1024 1024 1856 ) (-2048 1024 1856 ) (-2048 1024 1224 ) 
4 615 638 (-2048 1024 1224 ) (-2048 1024 1856 ) (-2048 1136 1856 ) (-2048 1136 1224 ) 
4 615 630 (-2048 1136 1856 ) (-2048 2032 1856 ) (-2048 2032 1224 ) (-2048 1136 1224 ) 
4 615 622 (-2048 2032 1856 ) (-2048 2048 1856 ) (-2048 2048 1224 ) (-2048 2032 1224 ) 
4 615 616 (-1024 1024 1224 ) (-2048 1024 1224 ) (-2048 2048 1224 ) (-1024 2048 1224 ) 
4 616 757 (-1024 1024 140 ) (-1024 1024 480 ) (-2048 1024 480 ) (-2048 1024 140 ) 
4 616 756 (-1024 1024 480 ) (-1024 1024 1224 ) (-2048 1024 1224 ) (-2048 1024 480 ) 
4 616 665 (-2048 1024 140 ) (-2048 1024 144 ) (-2048 2032 144 ) (-2048 2032 140 ) 
4 616 662 (-2048 2032 144 ) (-2048 2048 144 ) (-2048 2048 140 ) (-2048 2032 140 ) 
4 616 659 (-2048 1024 144 ) (-2048 1024 160 ) (-2048 2032 160 ) (-2048 2032 144 ) 
4 616 658 (-2048 2032 160 ) (-2048 2048 160 ) (-2048 2048 144 ) (-2048 2032 144 ) 
4 616 647 (-2048 1024 160 ) (-2048 1024 288 ) (-2048 2032 288 ) (-2048 2032 160 ) 
4 616 645 (-2048 2032 288 ) (-2048 2048 288 ) (-2048 2048 160 ) (-2048 2032 160 ) 
4 616 642 (-2048 1024 288 ) (-2048 1024 416 ) (-2048 1136 416 ) (-2048 1136 288 ) 
4 616 640 (-2048 1024 416 ) (-2048 1024 1224 ) (-2048 1136 1224 ) (-2048 1136 416 ) 
4 616 631 (-2048 1136 1224 ) (-2048 2032 1224 ) (-2048 2032 288 ) (-2048 1136 288 ) 
4 616 628 (-2048 2040 288 ) (-2048 2032 288 ) (-2048 2032 632 ) (-2048 2040 632 ) 
4 616 627 (-2048 2048 632 ) (-2048 2048 288 ) (-2048 2040 288 ) (-2048 2040 632 ) 
4 616 626 (-2048 2048 896 ) (-2048 2048 632 ) (-2048 2032 632 ) (-2048 2032 896 ) 
4 616 623 (-2048 2032 1224 ) (-2048 2048 1224 ) (-2048 2048 896 ) (-2048 2032 896 ) 
4 616 617 (-2048 1024 140 ) (-2048 2048 140 ) (-1024 2048 140 ) (-1024 1024 140 ) 
4 617 758 (-1024 1024 16 ) (-1024 1024 140 ) (-2048 1024 140 ) (-2048 1024 16 ) 
4 617 666 (-2048 1024 16 ) (-2048 1024 140 ) (-2048 2032 140 ) (-2048 2032 16 ) 
4 617 662 (-2048 2032 140 ) (-2048 2048 140 ) (-2048 2048 16 ) (-2048 2032 16 ) 
4 617 620 (-2048 1024 16 ) (-2048 1696 16 ) (-1560 1696 16 ) (-1560 1024 16 ) 
4 617 619 (-1416 1696 16 ) (-1024 1696 16 ) (-1024 1024 16 ) (-1416 1024 16 ) 
4 617 618 (-2048 1696 16 ) (-2048 2048 16 ) (-1024 2048 16 ) (-1024 1696 16 ) 
4 618 716 (-2048 1696 16 ) (-2048 2048 16 ) (-2048 2048 8 ) (-2048 1696 8 ) 
4 618 621 (-2048 1696 8 ) (-2048 2048 8 ) (-1552 2048 8 ) (-1552 1696 8 ) 
4 618 620 (-2048 1696 8 ) (-1560 1696 8 ) (-1560 1696 16 ) (-2048 1696 16 ) 
4 618 619 (-1416 1696 8 ) (-1024 1696 8 ) (-1024 1696 16 ) (-1416 1696 16 ) 
4 619 759 (-1024 1024 8 ) (-1024 1024 16 ) (-1416 1024 16 ) (-1416 1024 8 ) 
4 620 760 (-1560 1024 16 ) (-2048 1024 16 ) (-2048 1024 8 ) (-1560 1024 8 ) 
4 620 716 (-2048 1024 8 ) (-2048 1024 16 ) (-2048 1696 16 ) (-2048 1696 8 ) 
4 620 621 (-2048 1472 8 ) (-2048 1696 8 ) (-1560 1696 8 ) (-1560 1472 8 ) 
4 621 718 (-2048 1472 8 ) (-2048 2048 8 ) (-2048 2048 -64 ) (-2048 1472 -64 ) 
4 622 632 (-2192 2032 1856 ) (-2496 2032 1856 ) (-2496 2032 1224 ) (-2192 2032 1224 ) 
4 622 630 (-2048 2032 1224 ) (-2048 2032 1856 ) (-2192 2032 1856 ) (-2192 2032 1224 ) 
4 622 623 (-2048 2032 1224 ) (-2496 2032 1224 ) (-2496 2048 1224 ) (-2048 2048 1224 ) 
4 623 633 (-2192 2032 1224 ) (-2496 2032 1224 ) (-2496 2032 896 ) (-2192 2032 896 ) 
4 623 631 (-2048 2032 896 ) (-2048 2032 1224 ) (-2192 2032 1224 ) (-2192 2032 896 ) 
4 623 626 (-2048 2032 896 ) (-2448 2032 896 ) (-2448 2048 896 ) (-2048 2048 896 ) 
4 624 1151 (-3072 2048 1856 ) (-3072 2048 1224 ) (-3072 2032 1224 ) (-3072 2032 1856 ) 
4 624 636 (-2960 2032 1856 ) (-3072 2032 1856 ) (-3072 2032 1224 ) (-2960 2032 1224 ) 
4 624 634 (-2504 2032 1856 ) (-2960 2032 1856 ) (-2960 2032 1224 ) (-2504 2032 1224 ) 
4 624 625 (-2504 2048 1224 ) (-2504 2032 1224 ) (-3072 2032 1224 ) (-3072 2048 1224 ) 
4 625 1152 (-3072 2048 1224 ) (-3072 2048 896 ) (-3072 2032 896 ) (-3072 2032 1224 ) 
4 625 637 (-3072 2032 1224 ) (-3072 2032 896 ) (-2960 2032 896 ) (-2960 2032 1224 ) 
4 625 635 (-2960 2032 896 ) (-2504 2032 896 ) (-2504 2032 1224 ) (-2960 2032 1224 ) 
4 626 633 (-2192 2032 896 ) (-2448 2032 896 ) (-2448 2032 632 ) (-2192 2032 632 ) 
4 626 631 (-2048 2032 632 ) (-2048 2032 896 ) (-2192 2032 896 ) (-2192 2032 632 ) 
4 626 628 (-2048 2032 632 ) (-2448 2032 632 ) (-2448 2040 632 ) (-2048 2040 632 ) 
4 626 627 (-2448 2040 632 ) (-2448 2048 632 ) (-2048 2048 632 ) (-2048 2040 632 ) 
4 627 645 (-2448 2048 288 ) (-2048 2048 288 ) (-2048 2040 288 ) (-2448 2040 288 ) 
4 627 628 (-2448 2040 288 ) (-2048 2040 288 ) (-2048 2040 632 ) (-2448 2040 632 ) 
4 628 645 (-2048 2040 288 ) (-2048 2032 288 ) (-2448 2032 288 ) (-2448 2040 288 ) 
4 628 633 (-2192 2032 528 ) (-2192 2032 632 ) (-2448 2032 632 ) (-2448 2032 528 ) 
4 628 631 (-2192 2032 288 ) (-2048 2032 288 ) (-2048 2032 632 ) (-2192 2032 632 ) 
4 629 1159 (-3072 2044 288 ) (-3072 2040 288 ) (-3072 2040 384 ) (-3072 2044 384 ) 
4 629 1157 (-3072 2048 384 ) (-3072 2048 288 ) (-3072 2044 288 ) (-3072 2044 384 ) 
4 629 1154 (-3072 2048 632 ) (-3072 2048 384 ) (-3072 2040 384 ) (-3072 2040 632 ) 
4 629 655 (-3072 2040 288 ) (-3072 2048 288 ) (-2960 2048 288 ) (-2960 2040 288 ) 
4 629 650 (-2960 2048 288 ) (-2944 2048 288 ) (-2944 2040 288 ) (-2960 2040 288 ) 
4 629 646 (-2944 2048 288 ) (-2476 2048 288 ) (-2476 2040 288 ) (-2944 2040 288 ) 
4 630 638 (-2048 1136 1224 ) (-2048 1136 1856 ) (-2192 1136 1856 ) (-2192 1136 1224 ) 
4 630 632 (-2192 2032 1856 ) (-2192 2032 1224 ) (-2192 1136 1224 ) (-2192 1136 1856 ) 
4 630 631 (-2048 1136 1224 ) (-2192 1136 1224 ) (-2192 2032 1224 ) (-2048 2032 1224 ) 
4 631 647 (-2192 2032 288 ) (-2048 2032 288 ) (-2048 1136 288 ) (-2192 1136 288 ) 
4 631 642 (-2192 1136 288 ) (-2048 1136 288 ) (-2048 1136 416 ) (-2192 1136 416 ) 
4 631 640 (-2048 1136 416 ) (-2048 1136 1224 ) (-2192 1136 1224 ) (-2192 1136 416 ) 
4 631 633 (-2192 2032 1224 ) (-2192 2032 528 ) (-2192 1136 528 ) (-2192 1136 1224 ) 
4 632 638 (-2192 1136 1224 ) (-2192 1136 1856 ) (-2496 1136 1856 ) (-2496 1136 1224 ) 
4 632 633 (-2496 2032 1224 ) (-2192 2032 1224 ) (-2192 1136 1224 ) (-2496 1136 1224 ) 
4 633 640 (-2192 1136 528 ) (-2192 1136 1224 ) (-2496 1136 1224 ) (-2496 1136 528 ) 
4 634 643 (-2704 1136 1856 ) (-2960 1136 1856 ) (-2960 1136 1224 ) (-2704 1136 1224 ) 
4 634 639 (-2504 1136 1224 ) (-2504 1136 1856 ) (-2704 1136 1856 ) (-2704 1136 1224 ) 
4 634 636 (-2960 2032 1856 ) (-2960 2032 1224 ) (-2960 1136 1224 ) (-2960 1136 1856 ) 
4 634 635 (-2960 1136 1224 ) (-2960 2032 1224 ) (-2504 2032 1224 ) (-2504 1136 1224 ) 
4 635 644 (-2704 1136 1224 ) (-2960 1136 1224 ) (-2960 1136 528 ) (-2704 1136 528 ) 
4 635 641 (-2504 1136 528 ) (-2504 1136 1224 ) (-2704 1136 1224 ) (-2704 1136 528 ) 
4 635 637 (-2960 2032 1224 ) (-2960 2032 528 ) (-2960 1136 528 ) (-2960 1136 1224 ) 
4 636 1161 (-3072 2032 1856 ) (-3072 2032 1224 ) (-3072 1136 1224 ) (-3072 1136 1856 ) 
4 636 643 (-3072 1136 1856 ) (-3072 1136 1224 ) (-2960 1136 1224 ) (-2960 1136 1856 ) 
4 636 637 (-3072 2032 1224 ) (-2960 2032 1224 ) (-2960 1136 1224 ) (-3072 1136 1224 ) 
4 637 1162 (-3072 2032 1224 ) (-3072 2032 288 ) (-3072 1136 288 ) (-3072 1136 1224 ) 
4 637 656 (-3072 1136 288 ) (-3072 2032 288 ) (-2960 2032 288 ) (-2960 1136 288 ) 
4 637 644 (-3072 1136 1224 ) (-3072 1136 288 ) (-2960 1136 288 ) (-2960 1136 1224 ) 
4 638 764 (-2192 1024 1856 ) (-2496 1024 1856 ) (-2496 1024 1224 ) (-2192 1024 1224 ) 
4 638 761 (-2048 1024 1224 ) (-2048 1024 1856 ) (-2192 1024 1856 ) (-2192 1024 1224 ) 
4 638 640 (-2048 1024 1224 ) (-2496 1024 1224 ) (-2496 1136 1224 ) (-2048 1136 1224 ) 
4 639 765 (-2504 1024 1856 ) (-2704 1024 1856 ) (-2704 1024 1224 ) (-2504 1024 1224 ) 
4 639 643 (-2704 1136 1856 ) (-2704 1136 1224 ) (-2704 1024 1224 ) (-2704 1024 1856 ) 
4 639 641 (-2504 1024 1224 ) (-2704 1024 1224 ) (-2704 1136 1224 ) (-2504 1136 1224 ) 
4 640 766 (-2192 1024 1224 ) (-2496 1024 1224 ) (-2496 1024 416 ) (-2192 1024 416 ) 
4 640 762 (-2048 1024 416 ) (-2048 1024 1224 ) (-2192 1024 1224 ) (-2192 1024 416 ) 
4 640 642 (-2048 1024 416 ) (-2192 1024 416 ) (-2192 1136 416 ) (-2048 1136 416 ) 
4 641 767 (-2504 1024 1224 ) (-2704 1024 1224 ) (-2704 1024 416 ) (-2504 1024 416 ) 
4 641 644 (-2704 1136 1224 ) (-2704 1136 416 ) (-2704 1024 416 ) (-2704 1024 1224 ) 
4 642 762 (-2192 1024 288 ) (-2048 1024 288 ) (-2048 1024 416 ) (-2192 1024 416 ) 
4 642 647 (-2048 1024 288 ) (-2192 1024 288 ) (-2192 1136 288 ) (-2048 1136 288 ) 
4 643 1161 (-3072 1024 1224 ) (-3072 1024 1856 ) (-3072 1136 1856 ) (-3072 1136 1224 ) 
4 643 768 (-3072 1024 1856 ) (-3072 1024 1224 ) (-2704 1024 1224 ) (-2704 1024 1856 ) 
4 643 644 (-3072 1024 1224 ) (-3072 1136 1224 ) (-2704 1136 1224 ) (-2704 1024 1224 ) 
4 644 1162 (-3072 1024 288 ) (-3072 1024 1224 ) (-3072 1136 1224 ) (-3072 1136 288 ) 
4 644 769 (-3072 1024 1224 ) (-3072 1024 288 ) (-2704 1024 288 ) (-2704 1024 1224 ) 
4 644 656 (-2960 1024 288 ) (-3072 1024 288 ) (-3072 1136 288 ) (-2960 1136 288 ) 
4 644 654 (-2944 1024 288 ) (-2960 1024 288 ) (-2960 1136 288 ) (-2944 1136 288 ) 
4 644 649 (-2704 1024 288 ) (-2944 1024 288 ) (-2944 1136 288 ) (-2704 1136 288 ) 
4 645 658 (-2448 2048 160 ) (-2048 2048 160 ) (-2048 2032 160 ) (-2448 2032 160 ) 
4 645 647 (-2192 2032 160 ) (-2048 2032 160 ) (-2048 2032 288 ) (-2192 2032 288 ) 
4 646 650 (-2944 2040 288 ) (-2944 2048 288 ) (-2944 2048 256 ) (-2944 2040 256 ) 
4 647 762 (-2192 1024 160 ) (-2048 1024 160 ) (-2048 1024 288 ) (-2192 1024 288 ) 
4 647 659 (-2048 2032 160 ) (-2048 1024 160 ) (-2192 1024 160 ) (-2192 2032 160 ) 
4 648 653 (-2944 1232 176 ) (-2944 1232 264 ) (-2944 1296 264 ) (-2944 1296 176 ) 
4 648 652 (-2944 1360 176 ) (-2944 1360 264 ) (-2944 1424 264 ) (-2944 1424 176 ) 
4 648 651 (-2944 1488 176 ) (-2944 1488 264 ) (-2944 1552 264 ) (-2944 1552 176 ) 
4 649 769 (-2944 1024 160 ) (-2704 1024 160 ) (-2704 1024 288 ) (-2944 1024 288 ) 
4 649 661 (-2704 1024 160 ) (-2944 1024 160 ) (-2944 1136 160 ) (-2704 1136 160 ) 
4 649 654 (-2944 1136 160 ) (-2944 1024 160 ) (-2944 1024 288 ) (-2944 1136 288 ) 
4 650 655 (-2960 2040 288 ) (-2960 2048 288 ) (-2960 2048 256 ) (-2960 2040 256 ) 
4 651 657 (-2960 1488 176 ) (-2960 1488 256 ) (-2960 1552 256 ) (-2960 1552 176 ) 
4 651 656 (-2960 1488 256 ) (-2960 1488 264 ) (-2960 1552 264 ) (-2960 1552 256 ) 
4 652 657 (-2960 1360 176 ) (-2960 1360 256 ) (-2960 1424 256 ) (-2960 1424 176 ) 
4 652 656 (-2960 1360 256 ) (-2960 1360 264 ) (-2960 1424 264 ) (-2960 1424 256 ) 
4 653 657 (-2960 1232 176 ) (-2960 1232 256 ) (-2960 1296 256 ) (-2960 1296 176 ) 
4 653 656 (-2960 1232 256 ) (-2960 1232 264 ) (-2960 1296 264 ) (-2960 1296 256 ) 
4 654 769 (-2960 1024 160 ) (-2944 1024 160 ) (-2944 1024 288 ) (-2960 1024 288 ) 
4 654 661 (-2944 1136 160 ) (-2944 1024 160 ) (-2960 1024 160 ) (-2960 1136 160 ) 
4 654 657 (-2960 1136 160 ) (-2960 1024 160 ) (-2960 1024 256 ) (-2960 1136 256 ) 
4 654 656 (-2960 1024 256 ) (-2960 1024 288 ) (-2960 1136 288 ) (-2960 1136 256 ) 
4 655 1159 (-3072 2040 288 ) (-3072 2044 288 ) (-3072 2044 256 ) (-3072 2040 256 ) 
4 655 1157 (-3072 2044 288 ) (-3072 2048 288 ) (-3072 2048 256 ) (-3072 2044 256 ) 
4 656 1162 (-3072 1024 256 ) (-3072 1024 288 ) (-3072 2032 288 ) (-3072 2032 256 ) 
4 656 769 (-3072 1024 288 ) (-3072 1024 256 ) (-2960 1024 256 ) (-2960 1024 288 ) 
4 656 657 (-2960 2032 256 ) (-2960 1024 256 ) (-3072 1024 256 ) (-3072 2032 256 ) 
4 657 1162 (-3072 1024 160 ) (-3072 1024 256 ) (-3072 2032 256 ) (-3072 2032 160 ) 
4 657 769 (-3072 1024 256 ) (-3072 1024 160 ) (-2960 1024 160 ) (-2960 1024 256 ) 
4 657 661 (-3072 1024 160 ) (-3072 1136 160 ) (-2960 1136 160 ) (-2960 1024 160 ) 
4 657 660 (-3072 1136 160 ) (-3072 2032 160 ) (-2960 2032 160 ) (-2960 1136 160 ) 
4 658 663 (-2448 2048 144 ) (-2200 2048 144 ) (-2200 2032 144 ) (-2448 2032 144 ) 
4 658 662 (-2200 2048 144 ) (-2048 2048 144 ) (-2048 2032 144 ) (-2200 2032 144 ) 
4 658 659 (-2192 2032 144 ) (-2048 2032 144 ) (-2048 2032 160 ) (-2192 2032 160 ) 
4 659 762 (-2192 1024 144 ) (-2048 1024 144 ) (-2048 1024 160 ) (-2192 1024 160 ) 
4 659 665 (-2192 2032 144 ) (-2048 2032 144 ) (-2048 1024 144 ) (-2192 1024 144 ) 
4 660 1162 (-3072 1136 160 ) (-3072 2032 160 ) (-3072 2032 144 ) (-3072 1136 144 ) 
4 660 713 (-3072 1136 144 ) (-3072 2032 144 ) (-2960 2032 144 ) (-2960 1136 144 ) 
4 660 661 (-3072 1136 144 ) (-2960 1136 144 ) (-2960 1136 160 ) (-3072 1136 160 ) 
4 661 1162 (-3072 1024 144 ) (-3072 1024 160 ) (-3072 1136 160 ) (-3072 1136 144 ) 
4 661 769 (-3072 1024 160 ) (-3072 1024 144 ) (-2704 1024 144 ) (-2704 1024 160 ) 
4 661 713 (-3072 1024 144 ) (-3072 1136 144 ) (-2960 1136 144 ) (-2960 1024 144 ) 
4 661 711 (-2960 1136 144 ) (-2944 1136 144 ) (-2944 1024 144 ) (-2960 1024 144 ) 
4 661 706 (-2944 1136 144 ) (-2704 1136 144 ) (-2704 1024 144 ) (-2944 1024 144 ) 
4 662 716 (-2056 2048 16 ) (-2048 2048 16 ) (-2048 2032 16 ) (-2056 2032 16 ) 
4 662 666 (-2192 2032 16 ) (-2048 2032 16 ) (-2048 2032 140 ) (-2192 2032 140 ) 
4 662 665 (-2048 2032 140 ) (-2048 2032 144 ) (-2192 2032 144 ) (-2192 2032 140 ) 
4 662 663 (-2200 2032 28 ) (-2200 2032 144 ) (-2200 2048 144 ) (-2200 2048 28 ) 
4 663 676 (-2400 2032 42 ) (-2400 2032 38 ) (-2256 2032 38 ) (-2256 2032 42 ) 
4 663 673 (-2378 2032 42 ) (-2256 2032 42 ) (-2256 2032 140 ) (-2378 2032 140 ) 
4 663 670 (-2256 2032 144 ) (-2378 2032 144 ) (-2378 2032 140 ) (-2256 2032 140 ) 
4 664 681 (-2672 2032 16 ) (-2560 2032 16 ) (-2560 2032 38 ) (-2672 2032 38 ) 
4 664 680 (-2560 2032 38 ) (-2560 2032 140 ) (-2672 2032 140 ) (-2672 2032 38 ) 
4 664 679 (-2560 2032 140 ) (-2560 2032 144 ) (-2672 2032 144 ) (-2672 2032 140 ) 
4 665 762 (-2048 1024 140 ) (-2048 1024 144 ) (-2192 1024 144 ) (-2192 1024 140 ) 
4 665 666 (-2192 1024 140 ) (-2192 2032 140 ) (-2048 2032 140 ) (-2048 1024 140 ) 
4 666 763 (-2192 1024 16 ) (-2048 1024 16 ) (-2048 1024 140 ) (-2192 1024 140 ) 
4 666 719 (-2192 1408 16 ) (-2192 1604 16 ) (-2064 1604 16 ) (-2064 1408 16 ) 
4 666 717 (-2064 1408 16 ) (-2064 1644 16 ) (-2056 1644 16 ) (-2056 1408 16 ) 
4 666 716 (-2048 1024 16 ) (-2056 1024 16 ) (-2056 2032 16 ) (-2048 2032 16 ) 
4 666 667 (-2192 1952 16 ) (-2192 1856 16 ) (-2192 1856 120 ) (-2192 1952 120 ) 
4 667 668 (-2204 1856 16 ) (-2204 1856 120 ) (-2204 1952 120 ) (-2204 1952 16 ) 
4 668 669 (-2205 1952 120 ) (-2205 1952 16 ) (-2205 1856 16 ) (-2205 1856 120 ) 
4 669 692 (-2208 1956 16 ) (-2208 1852 16 ) (-2208 1852 120 ) (-2208 1956 120 ) 
4 669 686 (-2208 1852 120 ) (-2208 1852 124 ) (-2208 1956 124 ) (-2208 1956 120 ) 
4 670 673 (-2378 2032 140 ) (-2256 2032 140 ) (-2256 2024 140 ) (-2378 2024 140 ) 
4 670 671 (-2378 2024 140 ) (-2256 2024 140 ) (-2256 2024 144 ) (-2378 2024 144 ) 
4 671 674 (-2400 2023 140 ) (-2400 2024 140 ) (-2256 2024 140 ) (-2256 2023 140 ) 
4 671 672 (-2400 2023 144 ) (-2400 2023 140 ) (-2256 2023 140 ) (-2256 2023 144 ) 
4 672 682 (-2256 2016 144 ) (-2400 2016 144 ) (-2400 2016 140 ) (-2256 2016 140 ) 
4 672 675 (-2400 2016 140 ) (-2400 2023 140 ) (-2256 2023 140 ) (-2256 2016 140 ) 
4 673 676 (-2378 2032 42 ) (-2256 2032 42 ) (-2256 2024 42 ) (-2378 2024 42 ) 
4 673 674 (-2378 2024 42 ) (-2256 2024 42 ) (-2256 2024 140 ) (-2378 2024 140 ) 
4 674 677 (-2400 2023 42 ) (-2400 2024 42 ) (-2256 2024 42 ) (-2256 2023 42 ) 
4 674 675 (-2400 2023 42 ) (-2256 2023 42 ) (-2256 2023 140 ) (-2400 2023 140 ) 
4 675 692 (-2400 2016 120 ) (-2400 2016 42 ) (-2256 2016 42 ) (-2256 2016 120 ) 
4 675 685 (-2400 2016 140 ) (-2400 2016 120 ) (-2256 2016 120 ) (-2256 2016 140 ) 
4 675 678 (-2256 2016 42 ) (-2400 2016 42 ) (-2400 2023 42 ) (-2256 2023 42 ) 
4 676 677 (-2256 2024 38 ) (-2256 2024 42 ) (-2400 2024 42 ) (-2400 2024 38 ) 
4 677 678 (-2256 2023 38 ) (-2256 2023 42 ) (-2400 2023 42 ) (-2400 2023 38 ) 
4 678 692 (-2400 2016 38 ) (-2256 2016 38 ) (-2256 2016 42 ) (-2400 2016 42 ) 
4 679 682 (-2672 2016 140 ) (-2560 2016 140 ) (-2560 2016 144 ) (-2672 2016 144 ) 
4 679 680 (-2560 2016 140 ) (-2672 2016 140 ) (-2672 2032 140 ) (-2560 2032 140 ) 
4 680 692 (-2672 2016 38 ) (-2560 2016 38 ) (-2560 2016 120 ) (-2672 2016 120 ) 
4 680 685 (-2560 2016 120 ) (-2560 2016 140 ) (-2672 2016 140 ) (-2672 2016 120 ) 
4 680 681 (-2560 2016 38 ) (-2672 2016 38 ) (-2672 2032 38 ) (-2560 2032 38 ) 
4 681 692 (-2672 2016 16 ) (-2560 2016 16 ) (-2560 2016 38 ) (-2672 2016 38 ) 
4 682 685 (-2672 2016 140 ) (-2208 2016 140 ) (-2208 2000 140 ) (-2672 2000 140 ) 
4 682 683 (-2672 2000 140 ) (-2208 2000 140 ) (-2208 2000 144 ) (-2672 2000 144 ) 
4 683 686 (-2672 2000 140 ) (-2208 2000 140 ) (-2208 1800 140 ) (-2672 1800 140 ) 
4 683 684 (-2672 1800 140 ) (-2208 1800 140 ) (-2208 1800 144 ) (-2672 1800 144 ) 
4 684 687 (-2672 1800 140 ) (-2208 1800 140 ) (-2208 1792 140 ) (-2672 1792 140 ) 
4 685 692 (-2672 2016 120 ) (-2208 2016 120 ) (-2208 2000 120 ) (-2672 2000 120 ) 
4 685 686 (-2208 2000 140 ) (-2672 2000 140 ) (-2672 2000 120 ) (-2208 2000 120 ) 
4 686 692 (-2672 2000 120 ) (-2208 2000 120 ) (-2208 1800 120 ) (-2672 1800 120 ) 
4 686 687 (-2208 1800 140 ) (-2672 1800 140 ) (-2672 1800 120 ) (-2208 1800 120 ) 
4 687 692 (-2672 1800 120 ) (-2208 1800 120 ) (-2208 1792 120 ) (-2672 1792 120 ) 
4 688 690 (-2804 2016 140 ) (-2680 2016 140 ) (-2680 1896 140 ) (-2804 1896 140 ) 
4 689 691 (-2680 1888 140 ) (-2680 1792 140 ) (-2804 1792 140 ) (-2804 1888 140 ) 
4 690 695 (-2804 1896 120 ) (-2804 2016 120 ) (-2680 2016 120 ) (-2680 1896 120 ) 
4 691 696 (-2804 1792 120 ) (-2804 1888 120 ) (-2680 1888 120 ) (-2680 1792 120 ) 
4 692 694 (-2672 1800 120 ) (-2672 1856 120 ) (-2672 1856 16 ) (-2672 1800 16 ) 
4 692 693 (-2672 1944 120 ) (-2672 2000 120 ) (-2672 2000 16 ) (-2672 1944 16 ) 
4 693 695 (-2680 1944 120 ) (-2680 2000 120 ) (-2680 2000 16 ) (-2680 1944 16 ) 
4 694 696 (-2680 1800 120 ) (-2680 1856 120 ) (-2680 1856 16 ) (-2680 1800 16 ) 
4 697 699 (-2832 1648 144 ) (-2832 1648 140 ) (-2832 1344 140 ) (-2832 1344 144 ) 
4 697 698 (-2400 1152 140 ) (-2832 1152 140 ) (-2832 1648 140 ) (-2400 1648 140 ) 
4 698 701 (-2832 1240 16 ) (-2832 1184 16 ) (-2832 1184 120 ) (-2832 1240 120 ) 
4 698 700 (-2832 1648 140 ) (-2832 1648 16 ) (-2832 1344 16 ) (-2832 1344 140 ) 
4 699 702 (-2840 1648 144 ) (-2840 1648 140 ) (-2840 1344 140 ) (-2840 1344 144 ) 
4 699 700 (-2840 1344 140 ) (-2840 1648 140 ) (-2832 1648 140 ) (-2832 1344 140 ) 
4 700 704 (-2840 1648 140 ) (-2840 1648 16 ) (-2840 1344 16 ) (-2840 1344 140 ) 
4 701 705 (-2840 1240 16 ) (-2840 1184 16 ) (-2840 1184 120 ) (-2840 1240 120 ) 
4 702 704 (-2944 1648 140 ) (-2840 1648 140 ) (-2840 1344 140 ) (-2944 1344 140 ) 
4 703 705 (-2840 1336 140 ) (-2840 1152 140 ) (-2944 1152 140 ) (-2944 1336 140 ) 
4 704 708 (-2944 1596 16 ) (-2944 1404 16 ) (-2944 1404 120 ) (-2944 1596 120 ) 
4 706 769 (-2704 1024 144 ) (-2944 1024 144 ) (-2944 1024 140 ) (-2704 1024 140 ) 
4 706 711 (-2944 1024 140 ) (-2944 1024 144 ) (-2944 1136 144 ) (-2944 1136 140 ) 
4 706 707 (-2944 1024 140 ) (-2944 1136 140 ) (-2704 1136 140 ) (-2704 1024 140 ) 
4 707 770 (-2944 1024 16 ) (-2704 1024 16 ) (-2704 1024 140 ) (-2944 1024 140 ) 
4 707 722 (-2832 1024 16 ) (-2944 1024 16 ) (-2944 1136 16 ) (-2832 1136 16 ) 
4 707 712 (-2944 1136 16 ) (-2944 1024 16 ) (-2944 1024 140 ) (-2944 1136 140 ) 
4 708 709 (-2951 1404 16 ) (-2951 1404 120 ) (-2951 1596 120 ) (-2951 1596 16 ) 
4 709 710 (-2952 1404 16 ) (-2952 1404 120 ) (-2952 1596 120 ) (-2952 1596 16 ) 
4 710 714 (-2960 1596 16 ) (-2960 1404 16 ) (-2960 1404 120 ) (-2960 1596 120 ) 
4 711 769 (-2944 1024 140 ) (-2944 1024 144 ) (-2960 1024 144 ) (-2960 1024 140 ) 
4 711 713 (-2960 1024 140 ) (-2960 1024 144 ) (-2960 1136 144 ) (-2960 1136 140 ) 
4 711 712 (-2960 1024 140 ) (-2960 1136 140 ) (-2944 1136 140 ) (-2944 1024 140 ) 
4 712 770 (-2960 1024 16 ) (-2944 1024 16 ) (-2944 1024 140 ) (-2960 1024 140 ) 
4 712 722 (-2944 1024 16 ) (-2960 1024 16 ) (-2960 1136 16 ) (-2944 1136 16 ) 
4 712 715 (-2960 1136 16 ) (-2960 1024 16 ) (-2960 1024 140 ) (-2960 1136 140 ) 
4 713 1162 (-3072 1024 140 ) (-3072 1024 144 ) (-3072 2032 144 ) (-3072 2032 140 ) 
4 713 769 (-3072 1024 144 ) (-3072 1024 140 ) (-2960 1024 140 ) (-2960 1024 144 ) 
4 713 714 (-3072 2032 140 ) (-2960 2032 140 ) (-2960 1148 140 ) (-3072 1148 140 ) 
4 713 715 (-2960 1146 140 ) (-2960 1024 140 ) (-3072 1024 140 ) (-3072 1146 140 ) 
4 714 1163 (-3072 1148 140 ) (-3072 2032 140 ) (-3072 2032 16 ) (-3072 1148 16 ) 
4 714 720 (-3072 1148 16 ) (-3072 2032 16 ) (-2960 2032 16 ) (-2960 1148 16 ) 
4 715 1164 (-3072 1024 16 ) (-3072 1024 140 ) (-3072 1146 140 ) (-3072 1146 16 ) 
4 715 770 (-3072 1024 140 ) (-3072 1024 16 ) (-2960 1024 16 ) (-2960 1024 140 ) 
4 715 722 (-2960 1024 16 ) (-3072 1024 16 ) (-3072 1136 16 ) (-2960 1136 16 ) 
4 715 721 (-3072 1136 16 ) (-3072 1146 16 ) (-2960 1146 16 ) (-2960 1136 16 ) 
4 716 771 (-2048 1024 8 ) (-2048 1024 16 ) (-2056 1024 16 ) (-2056 1024 8 ) 
4 716 718 (-2056 2048 8 ) (-2048 2048 8 ) (-2048 1472 8 ) (-2056 1472 8 ) 
4 716 717 (-2056 1644 8 ) (-2056 1408 8 ) (-2056 1408 16 ) (-2056 1644 16 ) 
4 717 719 (-2064 1408 16 ) (-2064 1604 16 ) (-2064 1604 8 ) (-2064 1408 8 ) 
4 717 718 (-2064 1472 8 ) (-2064 1644 8 ) (-2056 1644 8 ) (-2056 1472 8 ) 
4 718 719 (-2064 1472 0 ) (-2064 1472 8 ) (-2064 1604 8 ) (-2064 1604 0 ) 
4 720 1165 (-3072 1148 16 ) (-3072 2032 16 ) (-3072 2032 -32 ) (-3072 1148 -32 ) 
4 721 1166 (-3072 1136 -32 ) (-3072 1136 16 ) (-3072 1146 16 ) (-3072 1146 -32 ) 
4 721 722 (-2960 1136 16 ) (-3072 1136 16 ) (-3072 1136 8 ) (-2960 1136 8 ) 
4 722 1167 (-3072 1024 8 ) (-3072 1024 16 ) (-3072 1136 16 ) (-3072 1136 8 ) 
4 722 772 (-3072 1024 16 ) (-3072 1024 8 ) (-2832 1024 8 ) (-2832 1024 16 ) 
4 723 740 (0 0 1224 ) (0 0 1856 ) (-512 0 1856 ) (-512 0 1224 ) 
4 723 728 (-512 830 1224 ) (-512 0 1224 ) (-512 0 1856 ) (-512 830 1856 ) 
4 723 725 (-512 1024 1856 ) (-512 1024 1224 ) (-512 830 1224 ) (-512 830 1856 ) 
4 723 724 (0 0 1224 ) (-512 0 1224 ) (-512 1024 1224 ) (0 1024 1224 ) 
4 724 741 (0 0 528 ) (0 0 1224 ) (-512 0 1224 ) (-512 0 528 ) 
4 724 729 (-512 830 528 ) (-512 0 528 ) (-512 0 1224 ) (-512 830 1224 ) 
4 724 726 (-512 1024 1224 ) (-512 1024 528 ) (-512 830 528 ) (-512 830 1224 ) 
4 725 730 (-528 830 1224 ) (-528 830 1856 ) (-528 1024 1856 ) (-528 1024 1224 ) 
4 725 728 (-528 830 1856 ) (-528 830 1224 ) (-512 830 1224 ) (-512 830 1856 ) 
4 725 726 (-512 830 1224 ) (-528 830 1224 ) (-528 1024 1224 ) (-512 1024 1224 ) 
4 726 731 (-528 830 528 ) (-528 830 1224 ) (-528 1024 1224 ) (-528 1024 528 ) 
4 726 729 (-528 830 1224 ) (-528 830 528 ) (-512 830 528 ) (-512 830 1224 ) 
4 727 734 (-528 1024 16 ) (-528 830 16 ) (-528 830 140 ) (-528 1024 140 ) 
4 727 733 (-528 830 140 ) (-528 830 184 ) (-528 1024 184 ) (-528 1024 140 ) 
4 728 740 (-528 0 1856 ) (-528 0 1224 ) (-512 0 1224 ) (-512 0 1856 ) 
4 728 730 (-528 0 1224 ) (-528 0 1856 ) (-528 830 1856 ) (-528 830 1224 ) 
4 728 729 (-528 0 1224 ) (-528 830 1224 ) (-512 830 1224 ) (-512 0 1224 ) 
4 729 741 (-528 0 1224 ) (-528 0 528 ) (-512 0 528 ) (-512 0 1224 ) 
4 729 731 (-528 0 528 ) (-528 0 1224 ) (-528 830 1224 ) (-528 830 528 ) 
4 730 755 (-1024 1024 1856 ) (-1024 1024 1224 ) (-1024 0 1224 ) (-1024 0 1856 ) 
4 730 740 (-1024 0 1856 ) (-1024 0 1224 ) (-528 0 1224 ) (-528 0 1856 ) 
4 730 731 (-1024 0 1224 ) (-1024 1024 1224 ) (-528 1024 1224 ) (-528 0 1224 ) 
4 731 756 (-1024 1024 1224 ) (-1024 1024 480 ) (-1024 0 480 ) (-1024 0 1224 ) 
4 731 742 (-1024 0 528 ) (-1024 0 480 ) (-528 0 480 ) (-528 0 528 ) 
4 731 741 (-1024 0 1224 ) (-1024 0 528 ) (-528 0 528 ) (-528 0 1224 ) 
4 731 732 (-1024 0 480 ) (-1024 1024 480 ) (-528 1024 480 ) (-528 0 480 ) 
4 732 757 (-1024 1024 480 ) (-1024 1024 384 ) (-1024 0 384 ) (-1024 0 480 ) 
4 732 743 (-1024 0 480 ) (-1024 0 384 ) (-528 0 384 ) (-528 0 480 ) 
4 732 737 (-1024 1024 384 ) (-912 1024 384 ) (-912 0 384 ) (-1024 0 384 ) 
4 732 735 (-528 656 384 ) (-528 0 384 ) (-912 0 384 ) (-912 656 384 ) 
4 732 733 (-912 1024 384 ) (-528 1024 384 ) (-528 656 384 ) (-912 656 384 ) 
4 733 737 (-912 656 140 ) (-912 656 384 ) (-912 1024 384 ) (-912 1024 140 ) 
4 733 735 (-912 656 384 ) (-912 656 140 ) (-528 656 140 ) (-528 656 384 ) 
4 733 734 (-528 656 140 ) (-912 656 140 ) (-912 1024 140 ) (-528 1024 140 ) 
4 734 738 (-912 1024 16 ) (-912 656 16 ) (-912 656 140 ) (-912 1024 140 ) 
4 734 736 (-912 656 140 ) (-912 656 16 ) (-528 656 16 ) (-528 656 140 ) 
4 735 744 (-528 0 140 ) (-528 0 296 ) (-912 0 296 ) (-912 0 140 ) 
4 735 743 (-528 0 296 ) (-528 0 384 ) (-912 0 384 ) (-912 0 296 ) 
4 735 737 (-912 0 140 ) (-912 0 384 ) (-912 656 384 ) (-912 656 140 ) 
4 735 736 (-912 0 140 ) (-912 656 140 ) (-528 656 140 ) (-528 0 140 ) 
4 736 744 (-912 0 16 ) (-528 0 16 ) (-528 0 140 ) (-912 0 140 ) 
4 736 738 (-912 656 16 ) (-912 0 16 ) (-912 0 140 ) (-912 656 140 ) 
4 737 757 (-1024 1024 384 ) (-1024 1024 140 ) (-1024 0 140 ) (-1024 0 384 ) 
4 737 744 (-1024 0 296 ) (-1024 0 140 ) (-912 0 140 ) (-912 0 296 ) 
4 737 743 (-1024 0 384 ) (-1024 0 296 ) (-912 0 296 ) (-912 0 384 ) 
4 737 738 (-1024 1024 140 ) (-912 1024 140 ) (-912 0 140 ) (-1024 0 140 ) 
4 738 758 (-1024 1024 140 ) (-1024 1024 16 ) (-1024 0 16 ) (-1024 0 140 ) 
4 738 744 (-1024 0 140 ) (-1024 0 16 ) (-912 0 16 ) (-912 0 140 ) 
4 738 739 (-1024 0 16 ) (-1024 1024 16 ) (-920 1024 16 ) (-920 0 16 ) 
4 739 759 (-1024 1024 16 ) (-1024 1024 8 ) (-1024 0 8 ) (-1024 0 16 ) 
4 739 752 (-920 0 16 ) (-1024 0 16 ) (-1024 0 8 ) (-920 0 8 ) 
4 740 793 (-1024 0 1856 ) (-1024 0 1224 ) (-1024 -144 1224 ) (-1024 -144 1856 ) 
4 740 745 (0 -144 1224 ) (0 -144 1856 ) (-1024 -144 1856 ) (-1024 -144 1224 ) 
4 740 741 (0 -144 1224 ) (-1024 -144 1224 ) (-1024 0 1224 ) (0 0 1224 ) 
4 741 794 (-1024 0 1224 ) (-1024 0 528 ) (-1024 -144 528 ) (-1024 -144 1224 ) 
4 741 749 (-784 -144 924 ) (-1024 -144 924 ) (-1024 -144 528 ) (-784 -144 528 ) 
4 741 747 (0 -144 528 ) (0 -144 924 ) (-784 -144 924 ) (-784 -144 528 ) 
4 741 746 (0 -144 924 ) (0 -144 1224 ) (-1024 -144 1224 ) (-1024 -144 924 ) 
4 741 742 (-528 -144 528 ) (-1024 -144 528 ) (-1024 0 528 ) (-528 0 528 ) 
4 742 795 (-1024 0 512 ) (-1024 0 480 ) (-1024 -144 480 ) (-1024 -144 512 ) 
4 742 794 (-1024 0 528 ) (-1024 0 512 ) (-1024 -144 512 ) (-1024 -144 528 ) 
4 742 749 (-784 -144 528 ) (-1024 -144 528 ) (-1024 -144 480 ) (-784 -144 480 ) 
4 742 747 (-528 -144 528 ) (-784 -144 528 ) (-784 -144 480 ) (-528 -144 480 ) 
4 742 743 (-528 -144 480 ) (-1024 -144 480 ) (-1024 0 480 ) (-528 0 480 ) 
4 743 796 (-1024 0 480 ) (-1024 0 296 ) (-1024 -144 296 ) (-1024 -144 480 ) 
4 743 751 (-784 -144 480 ) (-1024 -144 480 ) (-1024 -144 296 ) (-784 -144 296 ) 
4 743 748 (-528 -144 480 ) (-784 -144 480 ) (-784 -144 296 ) (-528 -144 296 ) 
4 743 744 (-528 -144 296 ) (-1024 -144 296 ) (-1024 0 296 ) (-528 0 296 ) 
4 744 796 (-1024 0 296 ) (-1024 0 16 ) (-1024 -144 16 ) (-1024 -144 296 ) 
4 744 752 (-1024 -144 16 ) (-1024 0 16 ) (-920 0 16 ) (-920 -144 16 ) 
4 744 751 (-1024 -144 16 ) (-784 -144 16 ) (-784 -144 296 ) (-1024 -144 296 ) 
4 744 748 (-784 -144 16 ) (-528 -144 16 ) (-528 -144 296 ) (-784 -144 296 ) 
4 745 829 (-784 -1024 1856 ) (-1024 -1024 1856 ) (-1024 -1024 1224 ) (-784 -1024 1224 ) 
4 745 827 (0 -1024 1224 ) (0 -1024 1856 ) (-784 -1024 1856 ) (-784 -1024 1224 ) 
4 745 793 (-1024 -1024 1224 ) (-1024 -1024 1856 ) (-1024 -144 1856 ) (-1024 -144 1224 ) 
4 745 746 (0 -1024 1224 ) (-1024 -1024 1224 ) (-1024 -144 1224 ) (0 -144 1224 ) 
4 746 830 (-784 -1024 1224 ) (-1024 -1024 1224 ) (-1024 -1024 924 ) (-784 -1024 924 ) 
4 746 828 (0 -1024 924 ) (0 -1024 1224 ) (-784 -1024 1224 ) (-784 -1024 924 ) 
4 746 794 (-1024 -1024 924 ) (-1024 -1024 1224 ) (-1024 -144 1224 ) (-1024 -144 924 ) 
4 746 750 (-784 -1024 924 ) (-1024 -1024 924 ) (-1024 -912 924 ) (-784 -912 924 ) 
4 746 749 (-1024 -912 924 ) (-1024 -144 924 ) (-784 -144 924 ) (-784 -912 924 ) 
4 746 747 (-784 -976 924 ) (-784 -144 924 ) (0 -144 924 ) (0 -976 924 ) 
4 747 750 (-784 -976 924 ) (-784 -912 924 ) (-784 -912 512 ) (-784 -976 512 ) 
4 747 749 (-784 -912 924 ) (-784 -144 924 ) (-784 -144 480 ) (-784 -912 480 ) 
4 747 748 (-784 -976 480 ) (-784 -144 480 ) (0 -144 480 ) (0 -976 480 ) 
4 748 754 (-784 -784 16 ) (-784 -272 16 ) (0 -272 16 ) (0 -784 16 ) 
4 748 751 (-784 -144 480 ) (-784 -144 16 ) (-784 -912 16 ) (-784 -912 480 ) 
4 749 795 (-1024 -144 512 ) (-1024 -144 480 ) (-1024 -912 480 ) (-1024 -912 512 ) 
4 749 794 (-1024 -912 924 ) (-1024 -144 924 ) (-1024 -144 512 ) (-1024 -912 512 ) 
4 749 751 (-1024 -912 480 ) (-1024 -144 480 ) (-784 -144 480 ) (-784 -912 480 ) 
4 749 750 (-784 -912 512 ) (-784 -912 924 ) (-1024 -912 924 ) (-1024 -912 512 ) 
4 750 830 (-784 -1024 924 ) (-1024 -1024 924 ) (-1024 -1024 512 ) (-784 -1024 512 ) 
4 750 794 (-1024 -1024 512 ) (-1024 -1024 924 ) (-1024 -912 924 ) (-1024 -912 512 ) 
4 751 796 (-1024 -912 480 ) (-1024 -144 480 ) (-1024 -144 16 ) (-1024 -912 16 ) 
4 751 754 (-1024 -784 16 ) (-1024 -272 16 ) (-784 -272 16 ) (-784 -784 16 ) 
4 751 753 (-1024 -272 16 ) (-1024 -144 16 ) (-920 -144 16 ) (-920 -272 16 ) 
4 752 804 (-1024 -144 16 ) (-1024 0 16 ) (-1024 0 8 ) (-1024 -144 8 ) 
4 752 753 (-1024 -144 8 ) (-920 -144 8 ) (-920 -144 16 ) (-1024 -144 16 ) 
4 753 804 (-1024 -272 16 ) (-1024 -144 16 ) (-1024 -144 8 ) (-1024 -272 8 ) 
4 753 754 (-1024 -272 8 ) (-920 -272 8 ) (-920 -272 16 ) (-1024 -272 16 ) 
4 754 806 (-1024 -784 16 ) (-1024 -272 16 ) (-1024 -272 8 ) (-1024 -784 8 ) 
4 755 797 (-1392 0 1856 ) (-2048 0 1856 ) (-2048 0 1224 ) (-1392 0 1224 ) 
4 755 793 (-1024 0 1224 ) (-1024 0 1856 ) (-1392 0 1856 ) (-1392 0 1224 ) 
4 755 773 (-2048 496 1224 ) (-2048 0 1224 ) (-2048 0 1856 ) (-2048 496 1856 ) 
4 755 761 (-2048 1024 1856 ) (-2048 1024 1224 ) (-2048 496 1224 ) (-2048 496 1856 ) 
4 755 756 (-1024 0 1224 ) (-2048 0 1224 ) (-2048 1024 1224 ) (-1024 1024 1224 ) 
4 756 802 (-2048 0 616 ) (-2048 0 480 ) (-1904 0 480 ) (-1904 0 616 ) 
4 756 801 (-1904 0 1224 ) (-2048 0 1224 ) (-2048 0 616 ) (-1904 0 616 ) 
4 756 798 (-1392 0 1224 ) (-1904 0 1224 ) (-1904 0 480 ) (-1392 0 480 ) 
4 756 795 (-1024 0 480 ) (-1024 0 512 ) (-1392 0 512 ) (-1392 0 480 ) 
4 756 794 (-1024 0 512 ) (-1024 0 1224 ) (-1392 0 1224 ) (-1392 0 512 ) 
4 756 777 (-2048 496 480 ) (-2048 0 480 ) (-2048 0 616 ) (-2048 496 616 ) 
4 756 774 (-2048 0 616 ) (-2048 0 1224 ) (-2048 496 1224 ) (-2048 496 616 ) 
4 756 762 (-2048 1024 1224 ) (-2048 1024 480 ) (-2048 496 480 ) (-2048 496 1224 ) 
4 756 757 (-2048 0 480 ) (-2048 1024 480 ) (-1024 1024 480 ) (-1024 0 480 ) 
4 757 803 (-1904 0 480 ) (-2048 0 480 ) (-2048 0 140 ) (-1904 0 140 ) 
4 757 799 (-1392 0 480 ) (-1904 0 480 ) (-1904 0 140 ) (-1392 0 140 ) 
4 757 796 (-1024 0 140 ) (-1024 0 480 ) (-1392 0 480 ) (-1392 0 140 ) 
4 757 778 (-2048 496 140 ) (-2048 0 140 ) (-2048 0 480 ) (-2048 496 480 ) 
4 757 762 (-2048 1024 480 ) (-2048 1024 140 ) (-2048 496 140 ) (-2048 496 480 ) 
4 757 758 (-1024 0 140 ) (-2048 0 140 ) (-2048 1024 140 ) (-1024 1024 140 ) 
4 758 803 (-1904 0 140 ) (-2048 0 140 ) (-2048 0 16 ) (-1904 0 16 ) 
4 758 799 (-1392 0 140 ) (-1904 0 140 ) (-1904 0 16 ) (-1392 0 16 ) 
4 758 796 (-1024 0 16 ) (-1024 0 140 ) (-1392 0 140 ) (-1392 0 16 ) 
4 758 779 (-2048 496 16 ) (-2048 0 16 ) (-2048 0 140 ) (-2048 496 140 ) 
4 758 763 (-2048 1024 140 ) (-2048 1024 16 ) (-2048 496 16 ) (-2048 496 140 ) 
4 758 760 (-2048 0 16 ) (-2048 1024 16 ) (-1560 1024 16 ) (-1560 0 16 ) 
4 758 759 (-1416 1024 16 ) (-1024 1024 16 ) (-1024 0 16 ) (-1416 0 16 ) 
4 759 804 (-1024 0 8 ) (-1024 0 16 ) (-1416 0 16 ) (-1416 0 8 ) 
4 760 805 (-1560 0 16 ) (-2048 0 16 ) (-2048 0 8 ) (-1560 0 8 ) 
4 760 791 (-2048 496 8 ) (-2048 0 8 ) (-2048 0 16 ) (-2048 496 16 ) 
4 760 771 (-2048 1024 16 ) (-2048 1024 8 ) (-2048 496 8 ) (-2048 496 16 ) 
4 761 773 (-2048 496 1224 ) (-2048 496 1856 ) (-2192 496 1856 ) (-2192 496 1224 ) 
4 761 764 (-2192 1024 1856 ) (-2192 1024 1224 ) (-2192 496 1224 ) (-2192 496 1856 ) 
4 761 762 (-2048 496 1224 ) (-2192 496 1224 ) (-2192 1024 1224 ) (-2048 1024 1224 ) 
4 762 778 (-2048 496 140 ) (-2048 496 480 ) (-2192 496 480 ) (-2192 496 140 ) 
4 762 777 (-2048 496 480 ) (-2048 496 616 ) (-2192 496 616 ) (-2192 496 480 ) 
4 762 774 (-2048 496 616 ) (-2048 496 1224 ) (-2192 496 1224 ) (-2192 496 616 ) 
4 762 766 (-2192 1024 1224 ) (-2192 1024 416 ) (-2192 496 416 ) (-2192 496 1224 ) 
4 762 763 (-2048 496 140 ) (-2192 496 140 ) (-2192 1024 140 ) (-2048 1024 140 ) 
4 763 779 (-2192 496 16 ) (-2048 496 16 ) (-2048 496 140 ) (-2192 496 140 ) 
4 763 771 (-2048 496 16 ) (-2056 496 16 ) (-2056 1024 16 ) (-2048 1024 16 ) 
4 764 773 (-2192 496 1224 ) (-2192 496 1856 ) (-2496 496 1856 ) (-2496 496 1224 ) 
4 764 766 (-2496 1024 1224 ) (-2192 1024 1224 ) (-2192 496 1224 ) (-2496 496 1224 ) 
4 765 775 (-2504 496 1856 ) (-2704 496 1856 ) (-2704 496 1224 ) (-2504 496 1224 ) 
4 765 768 (-2704 496 1224 ) (-2704 496 1856 ) (-2704 1024 1856 ) (-2704 1024 1224 ) 
4 765 767 (-2704 496 1224 ) (-2704 1024 1224 ) (-2504 1024 1224 ) (-2504 496 1224 ) 
4 766 774 (-2192 496 616 ) (-2192 496 1224 ) (-2496 496 1224 ) (-2496 496 616 ) 
4 767 776 (-2504 496 1224 ) (-2704 496 1224 ) (-2704 496 616 ) (-2504 496 616 ) 
4 767 769 (-2704 496 416 ) (-2704 496 1224 ) (-2704 1024 1224 ) (-2704 1024 416 ) 
4 768 1286 (-3072 496 1224 ) (-3072 496 1856 ) (-3072 1024 1856 ) (-3072 1024 1224 ) 
4 768 780 (-3072 496 1856 ) (-3072 496 1224 ) (-2784 496 1224 ) (-2784 496 1856 ) 
4 768 775 (-2784 496 1224 ) (-2704 496 1224 ) (-2704 496 1856 ) (-2784 496 1856 ) 
4 768 769 (-3072 1024 1224 ) (-2704 1024 1224 ) (-2704 496 1224 ) (-3072 496 1224 ) 
4 769 1295 (-3072 496 140 ) (-3072 496 160 ) (-3072 1024 160 ) (-3072 1024 140 ) 
4 769 1292 (-3072 496 160 ) (-3072 496 640 ) (-3072 1024 640 ) (-3072 1024 160 ) 
4 769 1287 (-3072 496 640 ) (-3072 496 1224 ) (-3072 1024 1224 ) (-3072 1024 640 ) 
4 769 787 (-3072 496 448 ) (-3072 496 140 ) (-2832 496 140 ) (-2832 496 448 ) 
4 769 782 (-3072 496 616 ) (-3072 496 448 ) (-2832 496 448 ) (-2832 496 616 ) 
4 769 781 (-3072 496 1224 ) (-3072 496 616 ) (-2784 496 616 ) (-2784 496 1224 ) 
4 769 776 (-2704 496 616 ) (-2704 496 1224 ) (-2784 496 1224 ) (-2784 496 616 ) 
4 769 770 (-2704 1024 140 ) (-2704 496 140 ) (-3072 496 140 ) (-3072 1024 140 ) 
4 770 1297 (-3072 496 16 ) (-3072 496 140 ) (-3072 1024 140 ) (-3072 1024 16 ) 
4 770 788 (-3072 496 140 ) (-3072 496 16 ) (-2832 496 16 ) (-2832 496 140 ) 
4 770 772 (-2832 496 16 ) (-3072 496 16 ) (-3072 1024 16 ) (-2832 1024 16 ) 
4 771 791 (-2056 496 8 ) (-2048 496 8 ) (-2048 496 16 ) (-2056 496 16 ) 
4 772 1301 (-3072 496 8 ) (-3072 496 16 ) (-3072 1024 16 ) (-3072 1024 8 ) 
4 772 792 (-3072 496 16 ) (-3072 496 8 ) (-2960 496 8 ) (-2960 496 16 ) 
4 773 808 (-2048 0 1224 ) (-2048 0 1856 ) (-2496 0 1856 ) (-2496 0 1224 ) 
4 773 774 (-2496 496 1224 ) (-2048 496 1224 ) (-2048 0 1224 ) (-2496 0 1224 ) 
4 774 810 (-2048 0 616 ) (-2048 0 1224 ) (-2496 0 1224 ) (-2496 0 616 ) 
4 774 777 (-2048 0 616 ) (-2192 0 616 ) (-2192 496 616 ) (-2048 496 616 ) 
4 775 809 (-2504 0 1856 ) (-2784 0 1856 ) (-2784 0 1224 ) (-2504 0 1224 ) 
4 775 780 (-2784 496 1856 ) (-2784 496 1224 ) (-2784 0 1224 ) (-2784 0 1856 ) 
4 775 776 (-2784 0 1224 ) (-2784 496 1224 ) (-2504 496 1224 ) (-2504 0 1224 ) 
4 776 811 (-2784 0 1224 ) (-2784 0 616 ) (-2504 0 616 ) (-2504 0 1224 ) 
4 776 781 (-2784 496 1224 ) (-2784 496 616 ) (-2784 0 616 ) (-2784 0 1224 ) 
4 777 812 (-2048 0 480 ) (-2048 0 616 ) (-2192 0 616 ) (-2192 0 480 ) 
4 777 778 (-2048 0 480 ) (-2192 0 480 ) (-2192 496 480 ) (-2048 496 480 ) 
4 778 813 (-2048 0 140 ) (-2048 0 480 ) (-2192 0 480 ) (-2192 0 140 ) 
4 778 779 (-2192 0 140 ) (-2192 496 140 ) (-2048 496 140 ) (-2048 0 140 ) 
4 779 813 (-2192 0 16 ) (-2048 0 16 ) (-2048 0 140 ) (-2192 0 140 ) 
4 779 791 (-2048 0 16 ) (-2056 0 16 ) (-2056 496 16 ) (-2048 496 16 ) 
4 780 1286 (-3072 0 1224 ) (-3072 0 1856 ) (-3072 496 1856 ) (-3072 496 1224 ) 
4 780 809 (-3072 0 1856 ) (-3072 0 1224 ) (-2784 0 1224 ) (-2784 0 1856 ) 
4 780 781 (-3072 0 1224 ) (-3072 496 1224 ) (-2784 496 1224 ) (-2784 0 1224 ) 
4 781 1293 (-3072 0 616 ) (-3072 0 640 ) (-3072 368 640 ) (-3072 368 616 ) 
4 781 1292 (-3072 368 640 ) (-3072 496 640 ) (-3072 496 616 ) (-3072 368 616 ) 
4 781 1287 (-3072 0 640 ) (-3072 0 1224 ) (-3072 496 1224 ) (-3072 496 640 ) 
4 781 811 (-3072 0 1224 ) (-3072 0 616 ) (-2784 0 616 ) (-2784 0 1224 ) 
4 781 785 (-3072 0 616 ) (-3072 368 616 ) (-2832 368 616 ) (-2832 0 616 ) 
4 781 782 (-3072 368 616 ) (-3072 496 616 ) (-2832 496 616 ) (-2832 368 616 ) 
4 782 1292 (-3072 368 616 ) (-3072 496 616 ) (-3072 496 448 ) (-3072 368 448 ) 
4 782 787 (-3072 496 448 ) (-2832 496 448 ) (-2832 368 448 ) (-3072 368 448 ) 
4 782 786 (-3072 368 448 ) (-2832 368 448 ) (-2832 368 480 ) (-3072 368 480 ) 
4 782 785 (-2832 368 480 ) (-2832 368 616 ) (-3072 368 616 ) (-3072 368 480 ) 
4 783 785 (-2832 368 520 ) (-2832 368 480 ) (-2832 208 480 ) (-2832 208 520 ) 
4 783 784 (-2784 208 480 ) (-2832 208 480 ) (-2832 368 480 ) (-2784 368 480 ) 
4 784 786 (-2832 368 480 ) (-2832 368 448 ) (-2832 208 448 ) (-2832 208 480 ) 
4 785 1293 (-3072 0 480 ) (-3072 0 616 ) (-3072 368 616 ) (-3072 368 480 ) 
4 785 819 (-3072 0 616 ) (-3072 0 480 ) (-2832 0 480 ) (-2832 0 616 ) 
4 785 786 (-3072 0 480 ) (-3072 368 480 ) (-2832 368 480 ) (-2832 0 480 ) 
4 786 1294 (-3072 0 448 ) (-3072 0 480 ) (-3072 368 480 ) (-3072 368 448 ) 
4 786 820 (-3072 0 480 ) (-3072 0 448 ) (-2832 0 448 ) (-2832 0 480 ) 
4 786 789 (-2832 0 448 ) (-3072 0 448 ) (-3072 208 448 ) (-2832 208 448 ) 
4 786 787 (-3072 208 448 ) (-3072 368 448 ) (-2832 368 448 ) (-2832 208 448 ) 
4 787 1299 (-3072 358 140 ) (-3072 208 140 ) (-3072 208 160 ) (-3072 358 160 ) 
4 787 1296 (-3072 368 140 ) (-3072 358 140 ) (-3072 358 160 ) (-3072 368 160 ) 
4 787 1295 (-3072 496 160 ) (-3072 496 140 ) (-3072 368 140 ) (-3072 368 160 ) 
4 787 1294 (-3072 208 448 ) (-3072 368 448 ) (-3072 368 160 ) (-3072 208 160 ) 
4 787 1292 (-3072 368 448 ) (-3072 496 448 ) (-3072 496 160 ) (-3072 368 160 ) 
4 787 789 (-2832 208 448 ) (-3072 208 448 ) (-3072 208 140 ) (-2832 208 140 ) 
4 787 788 (-2832 208 140 ) (-3072 208 140 ) (-3072 496 140 ) (-2832 496 140 ) 
4 788 1300 (-3072 358 16 ) (-3072 208 16 ) (-3072 208 140 ) (-3072 358 140 ) 
4 788 1298 (-3072 368 16 ) (-3072 358 16 ) (-3072 358 140 ) (-3072 368 140 ) 
4 788 1297 (-3072 496 140 ) (-3072 496 16 ) (-3072 368 16 ) (-3072 368 140 ) 
4 788 792 (-3072 208 16 ) (-3072 496 16 ) (-2960 496 16 ) (-2960 208 16 ) 
4 788 790 (-3072 208 16 ) (-2832 208 16 ) (-2832 208 140 ) (-3072 208 140 ) 
4 789 1299 (-3072 0 140 ) (-3072 0 160 ) (-3072 208 160 ) (-3072 208 140 ) 
4 789 1294 (-3072 0 160 ) (-3072 0 448 ) (-3072 208 448 ) (-3072 208 160 ) 
4 789 820 (-3072 0 448 ) (-3072 0 140 ) (-2832 0 140 ) (-2832 0 448 ) 
4 789 790 (-3072 208 140 ) (-2832 208 140 ) (-2832 0 140 ) (-3072 0 140 ) 
4 790 1300 (-3072 0 16 ) (-3072 0 140 ) (-3072 208 140 ) (-3072 208 16 ) 
4 790 821 (-3072 0 140 ) (-3072 0 16 ) (-2832 0 16 ) (-2832 0 140 ) 
4 790 792 (-2960 0 16 ) (-3072 0 16 ) (-3072 208 16 ) (-2960 208 16 ) 
4 791 822 (-2056 0 8 ) (-2048 0 8 ) (-2048 0 16 ) (-2056 0 16 ) 
4 792 1301 (-3072 0 8 ) (-3072 0 16 ) (-3072 496 16 ) (-3072 496 8 ) 
4 792 824 (-3072 0 16 ) (-3072 0 8 ) (-2960 0 8 ) (-2960 0 16 ) 
4 793 831 (-1024 -1024 1224 ) (-1024 -1024 1856 ) (-1392 -1024 1856 ) (-1392 -1024 1224 ) 
4 793 797 (-1392 -1024 1224 ) (-1392 -1024 1856 ) (-1392 0 1856 ) (-1392 0 1224 ) 
4 793 794 (-1392 -1024 1224 ) (-1392 0 1224 ) (-1024 0 1224 ) (-1024 -1024 1224 ) 
4 794 832 (-1024 -1024 512 ) (-1024 -1024 1224 ) (-1392 -1024 1224 ) (-1392 -1024 512 ) 
4 794 800 (-1392 -1024 684 ) (-1392 -1024 1224 ) (-1392 -1016 1224 ) (-1392 -1016 684 ) 
4 794 798 (-1392 -1016 1224 ) (-1392 0 1224 ) (-1392 0 512 ) (-1392 -1016 512 ) 
4 794 795 (-1392 -912 512 ) (-1392 0 512 ) (-1024 0 512 ) (-1024 -912 512 ) 
4 795 798 (-1392 -912 512 ) (-1392 0 512 ) (-1392 0 480 ) (-1392 -912 480 ) 
4 795 796 (-1392 -912 480 ) (-1392 0 480 ) (-1024 0 480 ) (-1024 -912 480 ) 
4 796 806 (-1392 -784 16 ) (-1392 -272 16 ) (-1024 -272 16 ) (-1024 -784 16 ) 
4 796 804 (-1392 -272 16 ) (-1392 0 16 ) (-1024 0 16 ) (-1024 -272 16 ) 
4 796 799 (-1392 0 16 ) (-1392 -912 16 ) (-1392 -912 480 ) (-1392 0 480 ) 
4 797 833 (-2048 -1024 1856 ) (-2048 -1024 1224 ) (-1392 -1024 1224 ) (-1392 -1024 1856 ) 
4 797 808 (-2048 0 1856 ) (-2048 0 1224 ) (-2048 -1024 1224 ) (-2048 -1024 1856 ) 
4 797 801 (-2048 -1024 1224 ) (-2048 0 1224 ) (-1904 0 1224 ) (-1904 -1024 1224 ) 
4 797 800 (-1392 -1016 1224 ) (-1392 -1024 1224 ) (-1904 -1024 1224 ) (-1904 -1016 1224 ) 
4 797 798 (-1904 0 1224 ) (-1392 0 1224 ) (-1392 -1016 1224 ) (-1904 -1016 1224 ) 
4 798 802 (-1904 -912 616 ) (-1904 0 616 ) (-1904 0 480 ) (-1904 -912 480 ) 
4 798 801 (-1904 -1016 616 ) (-1904 -1016 1224 ) (-1904 0 1224 ) (-1904 0 616 ) 
4 798 800 (-1904 -1016 1224 ) (-1904 -1016 684 ) (-1392 -1016 684 ) (-1392 -1016 1224 ) 
4 798 799 (-1392 -1016 480 ) (-1904 -1016 480 ) (-1904 0 480 ) (-1392 0 480 ) 
4 799 807 (-1904 -912 16 ) (-1904 -784 16 ) (-1552 -784 16 ) (-1552 -912 16 ) 
4 799 806 (-1904 -784 16 ) (-1904 -272 16 ) (-1392 -272 16 ) (-1392 -784 16 ) 
4 799 805 (-1904 -272 16 ) (-1904 0 16 ) (-1560 0 16 ) (-1560 -272 16 ) 
4 799 804 (-1416 0 16 ) (-1392 0 16 ) (-1392 -272 16 ) (-1416 -272 16 ) 
4 799 803 (-1904 0 16 ) (-1904 -912 16 ) (-1904 -912 480 ) (-1904 0 480 ) 
4 800 834 (-1392 -1024 684 ) (-1392 -1024 1224 ) (-1904 -1024 1224 ) (-1904 -1024 684 ) 
4 800 801 (-1904 -1024 684 ) (-1904 -1024 1224 ) (-1904 -1016 1224 ) (-1904 -1016 684 ) 
4 801 835 (-2048 -1024 684 ) (-2048 -1024 616 ) (-1904 -1024 616 ) (-1904 -1024 684 ) 
4 801 834 (-2048 -1024 1224 ) (-2048 -1024 684 ) (-1904 -1024 684 ) (-1904 -1024 1224 ) 
4 801 810 (-2048 0 1224 ) (-2048 0 616 ) (-2048 -1024 616 ) (-2048 -1024 1224 ) 
4 801 802 (-2048 -912 616 ) (-2048 0 616 ) (-1904 0 616 ) (-1904 -912 616 ) 
4 802 812 (-2048 0 616 ) (-2048 0 480 ) (-2048 -912 480 ) (-2048 -912 616 ) 
4 802 803 (-2048 0 480 ) (-1904 0 480 ) (-1904 -912 480 ) (-2048 -912 480 ) 
4 803 813 (-2048 0 480 ) (-2048 0 16 ) (-2048 -912 16 ) (-2048 -912 480 ) 
4 803 806 (-2048 -784 16 ) (-2048 -272 16 ) (-1904 -272 16 ) (-1904 -784 16 ) 
4 803 805 (-2048 -272 16 ) (-2048 0 16 ) (-1904 0 16 ) (-1904 -272 16 ) 
4 804 806 (-1416 -272 8 ) (-1024 -272 8 ) (-1024 -272 16 ) (-1416 -272 16 ) 
4 805 822 (-2048 0 16 ) (-2048 0 8 ) (-2048 -272 8 ) (-2048 -272 16 ) 
4 805 806 (-2048 -272 8 ) (-1560 -272 8 ) (-1560 -272 16 ) (-2048 -272 16 ) 
4 806 823 (-2048 -272 8 ) (-2048 -784 8 ) (-2048 -784 16 ) (-2048 -272 16 ) 
4 806 807 (-1904 -784 8 ) (-1552 -784 8 ) (-1552 -784 16 ) (-1904 -784 16 ) 
4 808 838 (-2048 -1024 1224 ) (-2048 -1024 1856 ) (-2496 -1024 1856 ) (-2496 -1024 1224 ) 
4 808 810 (-2048 -1024 1224 ) (-2496 -1024 1224 ) (-2496 0 1224 ) (-2048 0 1224 ) 
4 809 1305 (-3072 -1024 1224 ) (-3072 -1024 1856 ) (-3072 -400 1856 ) (-3072 -400 1224 ) 
4 809 1303 (-3072 -400 1856 ) (-3072 0 1856 ) (-3072 0 1224 ) (-3072 -400 1224 ) 
4 809 840 (-2504 -1024 1856 ) (-3072 -1024 1856 ) (-3072 -1024 1224 ) (-2504 -1024 1224 ) 
4 809 811 (-2504 -1024 1224 ) (-3072 -1024 1224 ) (-3072 0 1224 ) (-2504 0 1224 ) 
4 810 839 (-2048 -1024 616 ) (-2048 -1024 1224 ) (-2496 -1024 1224 ) (-2496 -1024 616 ) 
4 810 814 (-2496 -912 616 ) (-2496 -784 616 ) (-2192 -784 616 ) (-2192 -912 616 ) 
4 810 812 (-2192 -912 616 ) (-2192 0 616 ) (-2048 0 616 ) (-2048 -912 616 ) 
4 811 1309 (-3072 -1024 616 ) (-3072 -1024 640 ) (-3072 0 640 ) (-3072 0 616 ) 
4 811 1307 (-3072 -1024 640 ) (-3072 -1024 784 ) (-3072 0 784 ) (-3072 0 640 ) 
4 811 1306 (-3072 -1024 784 ) (-3072 -1024 1224 ) (-3072 -400 1224 ) (-3072 -400 784 ) 
4 811 1304 (-3072 -400 1224 ) (-3072 0 1224 ) (-3072 0 784 ) (-3072 -400 784 ) 
4 811 841 (-2504 -1024 1224 ) (-3072 -1024 1224 ) (-3072 -1024 616 ) (-2504 -1024 616 ) 
4 811 819 (-2832 -1024 616 ) (-3072 -1024 616 ) (-3072 0 616 ) (-2832 0 616 ) 
4 811 816 (-2832 -912 616 ) (-2832 -784 616 ) (-2504 -784 616 ) (-2504 -912 616 ) 
4 812 814 (-2192 -912 616 ) (-2192 -784 616 ) (-2192 -784 480 ) (-2192 -912 480 ) 
4 812 813 (-2192 -912 480 ) (-2192 0 480 ) (-2048 0 480 ) (-2048 -912 480 ) 
4 813 822 (-2056 0 16 ) (-2048 0 16 ) (-2048 -272 16 ) (-2056 -272 16 ) 
4 813 823 (-2048 -272 16 ) (-2048 -784 16 ) (-2192 -784 16 ) (-2192 -272 16 ) 
4 813 815 (-2192 -784 16 ) (-2192 -912 16 ) (-2192 -912 480 ) (-2192 -784 480 ) 
4 814 815 (-2192 -912 480 ) (-2496 -912 480 ) (-2496 -784 480 ) (-2192 -784 480 ) 
4 816 819 (-2832 -912 616 ) (-2832 -784 616 ) (-2832 -784 480 ) (-2832 -912 480 ) 
4 816 817 (-2832 -912 480 ) (-2832 -784 480 ) (-2504 -784 480 ) (-2504 -912 480 ) 
4 817 820 (-2832 -912 480 ) (-2832 -784 480 ) (-2832 -784 140 ) (-2832 -912 140 ) 
4 817 818 (-2832 -912 140 ) (-2832 -784 140 ) (-2504 -784 140 ) (-2504 -912 140 ) 
4 818 821 (-2832 -784 16 ) (-2832 -912 16 ) (-2832 -912 140 ) (-2832 -784 140 ) 
4 819 1309 (-3072 -1024 480 ) (-3072 -1024 616 ) (-3072 0 616 ) (-3072 0 480 ) 
4 819 842 (-2832 -1024 616 ) (-3072 -1024 616 ) (-3072 -1024 480 ) (-2832 -1024 480 ) 
4 819 820 (-3072 -1024 480 ) (-3072 0 480 ) (-2832 0 480 ) (-2832 -1024 480 ) 
4 820 1313 (-3072 -1024 140 ) (-3072 -1024 160 ) (-3072 0 160 ) (-3072 0 140 ) 
4 820 1311 (-3072 -1024 160 ) (-3072 -1024 480 ) (-3072 0 480 ) (-3072 0 160 ) 
4 820 843 (-3072 -1024 480 ) (-3072 -1024 140 ) (-2832 -1024 140 ) (-2832 -1024 480 ) 
4 820 821 (-3072 0 140 ) (-2832 0 140 ) (-2832 -1024 140 ) (-3072 -1024 140 ) 
4 821 1314 (-3072 -1024 16 ) (-3072 -1024 140 ) (-3072 0 140 ) (-3072 0 16 ) 
4 821 844 (-3072 -1024 140 ) (-3072 -1024 16 ) (-2832 -1024 16 ) (-2832 -1024 140 ) 
4 821 824 (-3072 -1024 16 ) (-3072 0 16 ) (-2960 0 16 ) (-2960 -1024 16 ) 
4 822 823 (-2056 -272 8 ) (-2048 -272 8 ) (-2048 -272 16 ) (-2056 -272 16 ) 
4 824 1315 (-3072 -1024 8 ) (-3072 -1024 16 ) (-3072 0 16 ) (-3072 0 8 ) 
4 824 845 (-2960 -1024 16 ) (-3072 -1024 16 ) (-3072 -1024 8 ) (-2960 -1024 8 ) 
4 825 827 (0 -1488 1856 ) (0 -1024 1856 ) (0 -1024 1224 ) (0 -1488 1224 ) 
4 825 826 (512 -1488 1224 ) (0 -1488 1224 ) (0 -1024 1224 ) (512 -1024 1224 ) 
4 826 828 (0 -1024 1224 ) (0 -1024 924 ) (0 -1488 924 ) (0 -1488 1224 ) 
4 827 829 (-784 -1488 1224 ) (-784 -1488 1856 ) (-784 -1024 1856 ) (-784 -1024 1224 ) 
4 827 828 (0 -1488 1224 ) (-784 -1488 1224 ) (-784 -1024 1224 ) (0 -1024 1224 ) 
4 828 830 (-784 -1488 924 ) (-784 -1488 1224 ) (-784 -1024 1224 ) (-784 -1024 924 ) 
4 829 831 (-1024 -1488 1856 ) (-1024 -1024 1856 ) (-1024 -1024 1224 ) (-1024 -1488 1224 ) 
4 829 830 (-1024 -1488 1224 ) (-1024 -1024 1224 ) (-784 -1024 1224 ) (-784 -1488 1224 ) 
4 830 832 (-1024 -1488 1224 ) (-1024 -1024 1224 ) (-1024 -1024 512 ) (-1024 -1488 512 ) 
4 831 833 (-1392 -1488 1856 ) (-1392 -1024 1856 ) (-1392 -1024 1224 ) (-1392 -1488 1224 ) 
4 831 832 (-1392 -1488 1224 ) (-1392 -1024 1224 ) (-1024 -1024 1224 ) (-1024 -1488 1224 ) 
4 832 834 (-1392 -1488 1224 ) (-1392 -1024 1224 ) (-1392 -1024 684 ) (-1392 -1488 684 ) 
4 833 838 (-2048 -1024 1856 ) (-2048 -1024 1224 ) (-2048 -1488 1224 ) (-2048 -1488 1856 ) 
4 833 836 (-1904 -1488 1856 ) (-2048 -1488 1856 ) (-2048 -1488 1224 ) (-1904 -1488 1224 ) 
4 833 834 (-1392 -1488 1224 ) (-2048 -1488 1224 ) (-2048 -1024 1224 ) (-1392 -1024 1224 ) 
4 834 839 (-2048 -1024 1224 ) (-2048 -1024 684 ) (-2048 -1488 684 ) (-2048 -1488 1224 ) 
4 834 837 (-1904 -1488 1224 ) (-2048 -1488 1224 ) (-2048 -1488 684 ) (-1904 -1488 684 ) 
4 834 835 (-1904 -1488 684 ) (-2048 -1488 684 ) (-2048 -1024 684 ) (-1904 -1024 684 ) 
4 835 839 (-2048 -1024 684 ) (-2048 -1024 616 ) (-2048 -1488 616 ) (-2048 -1488 684 ) 
4 835 837 (-2048 -1488 616 ) (-1904 -1488 616 ) (-1904 -1488 684 ) (-2048 -1488 684 ) 
4 836 846 (-1904 -2048 1856 ) (-2048 -2048 1856 ) (-2048 -2048 1224 ) (-1904 -2048 1224 ) 
4 836 838 (-2048 -2048 1224 ) (-2048 -2048 1856 ) (-2048 -1488 1856 ) (-2048 -1488 1224 ) 
4 836 837 (-2048 -2048 1224 ) (-2048 -1488 1224 ) (-1904 -1488 1224 ) (-1904 -2048 1224 ) 
4 837 847 (-2048 -2048 1224 ) (-2048 -2048 616 ) (-1904 -2048 616 ) (-1904 -2048 1224 ) 
4 837 839 (-2048 -1488 616 ) (-2048 -2048 616 ) (-2048 -2048 1224 ) (-2048 -1488 1224 ) 
4 838 848 (-2048 -2048 1224 ) (-2048 -2048 1856 ) (-2496 -2048 1856 ) (-2496 -2048 1224 ) 
4 838 839 (-2496 -1024 1224 ) (-2048 -1024 1224 ) (-2048 -2048 1224 ) (-2496 -2048 1224 ) 
4 839 850 (-2496 -2048 616 ) (-2048 -2048 616 ) (-2048 -2048 1224 ) (-2496 -2048 1224 ) 
4 840 2105 (-3072 -2048 1224 ) (-3072 -2048 1856 ) (-3072 -2000 1856 ) (-3072 -2000 1224 ) 
4 840 2096 (-3072 -2000 1856 ) (-3072 -1040 1856 ) (-3072 -1040 1224 ) (-3072 -2000 1224 ) 
4 840 2086 (-3072 -1040 1856 ) (-3072 -1024 1856 ) (-3072 -1024 1224 ) (-3072 -1040 1224 ) 
4 840 852 (-3072 -2048 1856 ) (-3072 -2048 1224 ) (-2832 -2048 1224 ) (-2832 -2048 1856 ) 
4 840 849 (-2832 -2048 1224 ) (-2504 -2048 1224 ) (-2504 -2048 1856 ) (-2832 -2048 1856 ) 
4 840 841 (-3072 -2048 1224 ) (-3072 -1024 1224 ) (-2504 -1024 1224 ) (-2504 -2048 1224 ) 
4 841 2111 (-3072 -2048 616 ) (-3072 -2048 712 ) (-3072 -2000 712 ) (-3072 -2000 616 ) 
4 841 2106 (-3072 -2048 712 ) (-3072 -2048 1224 ) (-3072 -2000 1224 ) (-3072 -2000 712 ) 
4 841 2098 (-3072 -1040 1000 ) (-3072 -1040 616 ) (-3072 -2000 616 ) (-3072 -2000 1000 ) 
4 841 2097 (-3072 -2000 1224 ) (-3072 -1040 1224 ) (-3072 -1040 1000 ) (-3072 -2000 1000 ) 
4 841 2092 (-3072 -1024 784 ) (-3072 -1024 616 ) (-3072 -1040 616 ) (-3072 -1040 784 ) 
4 841 2087 (-3072 -1040 1224 ) (-3072 -1024 1224 ) (-3072 -1024 784 ) (-3072 -1040 784 ) 
4 841 853 (-3072 -2048 1224 ) (-3072 -2048 616 ) (-2832 -2048 616 ) (-2832 -2048 1224 ) 
4 841 851 (-2832 -2048 616 ) (-2504 -2048 616 ) (-2504 -2048 1224 ) (-2832 -2048 1224 ) 
4 841 842 (-2832 -2048 616 ) (-3072 -2048 616 ) (-3072 -1024 616 ) (-2832 -1024 616 ) 
4 842 2111 (-3072 -2048 480 ) (-3072 -2048 616 ) (-3072 -2000 616 ) (-3072 -2000 480 ) 
4 842 2098 (-3072 -2000 616 ) (-3072 -1040 616 ) (-3072 -1040 480 ) (-3072 -2000 480 ) 
4 842 2092 (-3072 -1040 616 ) (-3072 -1024 616 ) (-3072 -1024 480 ) (-3072 -1040 480 ) 
4 842 853 (-3072 -2048 616 ) (-3072 -2048 480 ) (-2832 -2048 480 ) (-2832 -2048 616 ) 
4 842 843 (-3072 -1024 480 ) (-2832 -1024 480 ) (-2832 -2048 480 ) (-3072 -2048 480 ) 
4 843 2112 (-3072 -2048 140 ) (-3072 -2048 480 ) (-3072 -2000 480 ) (-3072 -2000 140 ) 
4 843 2099 (-3072 -2000 480 ) (-3072 -1040 480 ) (-3072 -1040 140 ) (-3072 -2000 140 ) 
4 843 2094 (-3072 -1024 288 ) (-3072 -1024 140 ) (-3072 -1040 140 ) (-3072 -1040 288 ) 
4 843 2093 (-3072 -1040 480 ) (-3072 -1024 480 ) (-3072 -1024 288 ) (-3072 -1040 288 ) 
4 843 854 (-3072 -2048 480 ) (-3072 -2048 140 ) (-2832 -2048 140 ) (-2832 -2048 480 ) 
4 843 844 (-3072 -2048 140 ) (-3072 -1024 140 ) (-2832 -1024 140 ) (-2832 -2048 140 ) 
4 844 2113 (-3072 -2048 16 ) (-3072 -2048 140 ) (-3072 -2000 140 ) (-3072 -2000 16 ) 
4 844 2100 (-3072 -2000 140 ) (-3072 -1040 140 ) (-3072 -1040 16 ) (-3072 -2000 16 ) 
4 844 2095 (-3072 -1040 140 ) (-3072 -1024 140 ) (-3072 -1024 16 ) (-3072 -1040 16 ) 
4 844 855 (-3072 -2048 140 ) (-3072 -2048 16 ) (-2832 -2048 16 ) (-2832 -2048 140 ) 
4 844 845 (-3072 -2048 16 ) (-3072 -1024 16 ) (-2960 -1024 16 ) (-2960 -2048 16 ) 
4 845 2114 (-3072 -2048 8 ) (-3072 -2048 16 ) (-3072 -1024 16 ) (-3072 -1024 8 ) 
4 845 856 (-3072 -2048 16 ) (-3072 -2048 8 ) (-2960 -2048 8 ) (-2960 -2048 16 ) 
4 846 848 (-2048 -2048 1856 ) (-2048 -2048 1224 ) (-2048 -2192 1224 ) (-2048 -2192 1856 ) 
4 846 847 (-2048 -2192 1224 ) (-2048 -2048 1224 ) (-1904 -2048 1224 ) (-1904 -2192 1224 ) 
4 847 850 (-2048 -2048 1224 ) (-2048 -2048 616 ) (-2048 -2192 616 ) (-2048 -2192 1224 ) 
4 848 850 (-2048 -2192 1224 ) (-2496 -2192 1224 ) (-2496 -2048 1224 ) (-2048 -2048 1224 ) 
4 849 852 (-2832 -2192 1856 ) (-2832 -2048 1856 ) (-2832 -2048 1224 ) (-2832 -2192 1224 ) 
4 849 851 (-2504 -2192 1224 ) (-2832 -2192 1224 ) (-2832 -2048 1224 ) (-2504 -2048 1224 ) 
4 851 853 (-2832 -2048 1224 ) (-2832 -2048 616 ) (-2832 -2192 616 ) (-2832 -2192 1224 ) 
4 852 2200 (-3072 -2192 1856 ) (-3072 -2048 1856 ) (-3072 -2048 1224 ) (-3072 -2192 1224 ) 
4 852 853 (-2832 -2192 1224 ) (-3072 -2192 1224 ) (-3072 -2048 1224 ) (-2832 -2048 1224 ) 
4 853 2201 (-3072 -2048 1224 ) (-3072 -2048 480 ) (-3072 -2192 480 ) (-3072 -2192 1224 ) 
4 853 854 (-2832 -2192 480 ) (-3072 -2192 480 ) (-3072 -2048 480 ) (-2832 -2048 480 ) 
4 854 2202 (-3072 -2048 480 ) (-3072 -2048 140 ) (-3072 -2192 140 ) (-3072 -2192 480 ) 
4 854 855 (-2832 -2192 140 ) (-3072 -2192 140 ) (-3072 -2048 140 ) (-2832 -2048 140 ) 
4 855 2203 (-3072 -2048 140 ) (-3072 -2048 16 ) (-3072 -2192 16 ) (-3072 -2192 140 ) 
4 855 856 (-3072 -2192 16 ) (-3072 -2048 16 ) (-2960 -2048 16 ) (-2960 -2192 16 ) 
4 856 2210 (-3072 -2192 16 ) (-3072 -2048 16 ) (-3072 -2048 8 ) (-3072 -2192 8 ) 
4 857 864 (-2064 -4096 1856 ) (-2832 -4096 1856 ) (-2832 -4096 1224 ) (-2064 -4096 1224 ) 
4 857 859 (-2832 -4096 1224 ) (-2832 -4096 1856 ) (-2832 -3152 1856 ) (-2832 -3152 1224 ) 
4 857 858 (-2832 -4096 1224 ) (-2832 -3152 1224 ) (-2064 -3152 1224 ) (-2064 -4096 1224 ) 
4 858 865 (-2832 -4096 1224 ) (-2832 -4096 704 ) (-2064 -4096 704 ) (-2064 -4096 1224 ) 
4 858 860 (-2832 -4096 704 ) (-2832 -4096 1224 ) (-2832 -3152 1224 ) (-2832 -3152 704 ) 
4 859 2211 (-3072 -4096 1224 ) (-3072 -4096 1856 ) (-3072 -3152 1856 ) (-3072 -3152 1224 ) 
4 859 872 (-3072 -4096 1856 ) (-3072 -4096 1224 ) (-3008 -4096 1224 ) (-3008 -4096 1856 ) 
4 859 864 (-3008 -4096 1224 ) (-2832 -4096 1224 ) (-2832 -4096 1856 ) (-3008 -4096 1856 ) 
4 859 860 (-2832 -3152 1224 ) (-2832 -4096 1224 ) (-3072 -4096 1224 ) (-3072 -3152 1224 ) 
4 860 2212 (-3072 -4096 480 ) (-3072 -4096 1224 ) (-3072 -3152 1224 ) (-3072 -3152 480 ) 
4 860 873 (-3072 -4096 1224 ) (-3072 -4096 480 ) (-3008 -4096 480 ) (-3008 -4096 1224 ) 
4 860 868 (-3008 -4096 480 ) (-2832 -4096 480 ) (-2832 -4096 544 ) (-3008 -4096 544 ) 
4 860 866 (-2832 -4096 544 ) (-2832 -4096 704 ) (-3008 -4096 704 ) (-3008 -4096 544 ) 
4 860 865 (-2832 -4096 704 ) (-2832 -4096 1224 ) (-3008 -4096 1224 ) (-3008 -4096 704 ) 
4 860 861 (-3072 -4096 480 ) (-3072 -3152 480 ) (-2832 -3152 480 ) (-2832 -4096 480 ) 
4 861 2213 (-3072 -4096 16 ) (-3072 -4096 480 ) (-3072 -3152 480 ) (-3072 -3152 16 ) 
4 861 874 (-3072 -4096 480 ) (-3072 -4096 16 ) (-3008 -4096 16 ) (-3008 -4096 480 ) 
4 861 870 (-3008 -4096 16 ) (-2832 -4096 16 ) (-2832 -4096 480 ) (-3008 -4096 480 ) 
4 861 862 (-2832 -3856 16 ) (-2832 -4096 16 ) (-2960 -4096 16 ) (-2960 -3856 16 ) 
4 861 863 (-3072 -4096 16 ) (-3072 -3152 16 ) (-2960 -3152 16 ) (-2960 -4096 16 ) 
4 862 875 (-2960 -4096 8 ) (-2832 -4096 8 ) (-2832 -4096 16 ) (-2960 -4096 16 ) 
4 862 863 (-2960 -3856 8 ) (-2960 -4096 8 ) (-2960 -4096 16 ) (-2960 -3856 16 ) 
4 863 2218 (-3072 -4096 8 ) (-3072 -4096 16 ) (-3072 -3152 16 ) (-3072 -3152 8 ) 
4 863 875 (-3072 -4096 16 ) (-3072 -4096 8 ) (-2960 -4096 8 ) (-2960 -4096 16 ) 
4 864 872 (-3008 -4624 1856 ) (-3008 -4096 1856 ) (-3008 -4096 1224 ) (-3008 -4624 1224 ) 
4 864 865 (-2064 -4816 1224 ) (-3008 -4816 1224 ) (-3008 -4096 1224 ) (-2064 -4096 1224 ) 
4 865 873 (-3008 -4096 1224 ) (-3008 -4096 704 ) (-3008 -4624 704 ) (-3008 -4624 1224 ) 
4 865 867 (-3008 -4816 704 ) (-3008 -4176 704 ) (-2064 -4176 704 ) (-2064 -4816 704 ) 
4 865 866 (-3008 -4176 704 ) (-3008 -4096 704 ) (-2832 -4096 704 ) (-2832 -4176 704 ) 
4 866 873 (-3008 -4176 704 ) (-3008 -4096 704 ) (-3008 -4096 544 ) (-3008 -4176 544 ) 
4 866 868 (-3008 -4176 544 ) (-3008 -4096 544 ) (-2832 -4096 544 ) (-2832 -4176 544 ) 
4 866 867 (-3008 -4176 544 ) (-2832 -4176 544 ) (-2832 -4176 704 ) (-3008 -4176 704 ) 
4 867 873 (-3008 -4624 704 ) (-3008 -4176 704 ) (-3008 -4176 544 ) (-3008 -4624 544 ) 
4 867 869 (-3008 -4816 544 ) (-3008 -4176 544 ) (-2768 -4176 544 ) (-2768 -4816 544 ) 
4 868 873 (-3008 -4176 544 ) (-3008 -4096 544 ) (-3008 -4096 480 ) (-3008 -4176 480 ) 
4 868 870 (-3008 -4176 480 ) (-3008 -4096 480 ) (-2832 -4096 480 ) (-2832 -4176 480 ) 
4 868 869 (-3008 -4176 480 ) (-2832 -4176 480 ) (-2832 -4176 544 ) (-3008 -4176 544 ) 
4 869 873 (-3008 -4624 544 ) (-3008 -4176 544 ) (-3008 -4176 480 ) (-3008 -4624 480 ) 
4 869 871 (-3008 -4816 480 ) (-3008 -4176 480 ) (-2768 -4176 480 ) (-2768 -4816 480 ) 
4 870 875 (-3008 -4176 16 ) (-3008 -4096 16 ) (-2832 -4096 16 ) (-2832 -4176 16 ) 
4 870 874 (-3008 -4096 16 ) (-3008 -4176 16 ) (-3008 -4176 480 ) (-3008 -4096 480 ) 
4 870 871 (-2832 -4176 480 ) (-3008 -4176 480 ) (-3008 -4176 16 ) (-2832 -4176 16 ) 
4 871 875 (-3008 -4496 16 ) (-3008 -4176 16 ) (-2832 -4176 16 ) (-2832 -4496 16 ) 
4 871 874 (-3008 -4176 16 ) (-3008 -4624 16 ) (-3008 -4624 480 ) (-3008 -4176 480 ) 
4 872 2428 (-3072 -4096 1856 ) (-3072 -4096 1224 ) (-3072 -4624 1224 ) (-3072 -4624 1856 ) 
4 872 873 (-3008 -4624 1224 ) (-3072 -4624 1224 ) (-3072 -4096 1224 ) (-3008 -4096 1224 ) 
4 873 2429 (-3072 -4096 1224 ) (-3072 -4096 480 ) (-3072 -4624 480 ) (-3072 -4624 1224 ) 
4 873 874 (-3008 -4624 480 ) (-3072 -4624 480 ) (-3072 -4096 480 ) (-3008 -4096 480 ) 
4 874 2430 (-3072 -4096 480 ) (-3072 -4096 16 ) (-3072 -4624 16 ) (-3072 -4624 480 ) 
4 874 875 (-3072 -4496 16 ) (-3072 -4096 16 ) (-3008 -4096 16 ) (-3008 -4496 16 ) 
4 875 2431 (-3072 -4496 8 ) (-3072 -4496 16 ) (-3072 -4096 16 ) (-3072 -4096 8 ) 
4 876 893 (-3208 5120 1856 ) (-3208 5120 1224 ) (-3208 5072 1224 ) (-3208 5072 1856 ) 
4 876 882 (-3208 5072 1856 ) (-3208 5072 1224 ) (-3072 5072 1224 ) (-3072 5072 1856 ) 
4 876 877 (-3072 5072 1224 ) (-3208 5072 1224 ) (-3208 5120 1224 ) (-3072 5120 1224 ) 
4 877 894 (-3208 5120 1224 ) (-3208 5120 424 ) (-3208 5072 424 ) (-3208 5072 1224 ) 
4 877 883 (-3208 5072 1224 ) (-3208 5072 424 ) (-3072 5072 424 ) (-3072 5072 1224 ) 
4 878 880 (-3200 5120 154.194382 ) (-3200 5072 154.194382 ) (-3200 5072 280 ) (-3200 5120 280 ) 
4 878 879 (-3200 5072 280 ) (-3200 5072 282.195313 ) (-3200 5120 282.195313 ) (-3200 5120 280 ) 
4 879 880 (-3200 5120 280 ) (-3200 5072 280 ) (-3208 5072 280 ) (-3208 5120 280 ) 
4 880 895 (-3208 5120 280.001007 ) (-3208 5120 152 ) (-3208 5072 152 ) (-3208 5072 280.001007 ) 
4 881 896 (-3208 5120 144 ) (-3208 5120 16 ) (-3208 5072 16 ) (-3208 5072 144 ) 
4 882 893 (-3208 5040 1224 ) (-3208 5040 1856 ) (-3208 5072 1856 ) (-3208 5072 1224 ) 
4 882 884 (-3208 5040 1856 ) (-3208 5040 1224 ) (-3072 5040 1224 ) (-3072 5040 1856 ) 
4 882 883 (-3072 5040 1224 ) (-3208 5040 1224 ) (-3208 5072 1224 ) (-3072 5072 1224 ) 
4 883 894 (-3208 5040 424 ) (-3208 5040 1224 ) (-3208 5072 1224 ) (-3208 5072 424 ) 
4 883 885 (-3208 5040 1224 ) (-3208 5040 424 ) (-3072 5040 424 ) (-3072 5040 1224 ) 
4 884 966 (-3072 4096 1224 ) (-3072 4096 1856 ) (-3208 4096 1856 ) (-3208 4096 1224 ) 
4 884 893 (-3208 4096 1224 ) (-3208 4096 1856 ) (-3208 5040 1856 ) (-3208 5040 1224 ) 
4 884 885 (-3072 4096 1224 ) (-3208 4096 1224 ) (-3208 5040 1224 ) (-3072 5040 1224 ) 
4 885 967 (-3072 4096 424 ) (-3072 4096 1224 ) (-3208 4096 1224 ) (-3208 4096 424 ) 
4 885 894 (-3208 4096 424 ) (-3208 4096 1224 ) (-3208 5040 1224 ) (-3208 5040 424 ) 
4 886 897 (-3208 4784 280 ) (-3208 5040 280 ) (-3208 5040 152 ) (-3208 4784 152 ) 
4 886 887 (-3072 4784 152 ) (-3072 4784 280 ) (-3208 4784 280 ) (-3208 4784 152 ) 
4 887 968 (-3072 4096 152 ) (-3072 4096 280 ) (-3208 4096 280 ) (-3208 4096 152 ) 
4 887 899 (-3208 4096 152 ) (-3208 4096 280 ) (-3208 4784 280 ) (-3208 4784 152 ) 
4 888 890 (-3144 4784 16 ) (-3144 4784 144 ) (-3200 5040 144 ) (-3200 5040 16 ) 
4 889 898 (-3208 5040 16 ) (-3208 4784 16 ) (-3208 4784 144 ) (-3208 5040 144 ) 
4 889 892 (-3152 4784 144 ) (-3208 4784 144 ) (-3208 4784 16 ) (-3152 4784 16 ) 
4 889 890 (-3152 4784 144 ) (-3152 4784 16 ) (-3208 5040 16 ) (-3208 5040 144 ) 
4 891 979 (-3072 4096 16 ) (-3072 4096 144 ) (-3152 4096 144 ) (-3152 4096 16 ) 
4 891 892 (-3152 4752 16 ) (-3152 4096 16 ) (-3152 4096 144 ) (-3152 4752 144 ) 
4 892 980 (-3152 4096 144 ) (-3208 4096 144 ) (-3208 4096 16 ) (-3152 4096 16 ) 
4 892 900 (-3208 4784 16 ) (-3208 4096 16 ) (-3208 4096 144 ) (-3208 4784 144 ) 
4 893 966 (-3696 4096 1856 ) (-3696 4096 1224 ) (-3208 4096 1224 ) (-3208 4096 1856 ) 
4 893 903 (-3696 4848 1224 ) (-3696 4096 1224 ) (-3696 4096 1856 ) (-3696 4848 1856 ) 
4 893 901 (-3696 5120 1856 ) (-3696 5120 1224 ) (-3696 4848 1224 ) (-3696 4848 1856 ) 
4 893 894 (-3696 4096 1224 ) (-3696 5120 1224 ) (-3208 5120 1224 ) (-3208 4096 1224 ) 
4 894 967 (-3696 4096 1224 ) (-3696 4096 424 ) (-3208 4096 424 ) (-3208 4096 1224 ) 
4 894 905 (-3696 4096 464 ) (-3696 4096 1224 ) (-3696 4336 1224 ) (-3696 4336 464 ) 
4 894 904 (-3696 4336 464 ) (-3696 4336 1224 ) (-3696 4848 1224 ) (-3696 4848 464 ) 
4 894 902 (-3696 5120 1224 ) (-3696 5120 464 ) (-3696 4848 464 ) (-3696 4848 1224 ) 
4 895 897 (-3208 5040 152 ) (-3208 5040 280 ) (-3464 5040 280 ) (-3464 5040 152 ) 
4 896 898 (-3464 5040 16 ) (-3208 5040 16 ) (-3208 5040 144 ) (-3464 5040 144 ) 
4 897 899 (-3208 4784 152 ) (-3208 4784 280 ) (-3696 4784 280 ) (-3696 4784 152 ) 
4 898 906 (-3696 4848 16 ) (-3696 4784 16 ) (-3696 4784 132 ) (-3696 4848 132 ) 
4 898 900 (-3696 4784 16 ) (-3208 4784 16 ) (-3208 4784 144 ) (-3696 4784 144 ) 
4 899 968 (-3696 4096 280 ) (-3696 4096 152 ) (-3208 4096 152 ) (-3208 4096 280 ) 
4 900 980 (-3696 4096 144 ) (-3696 4096 16 ) (-3208 4096 16 ) (-3208 4096 144 ) 
4 900 907 (-3696 4576 16 ) (-3696 4336 16 ) (-3696 4336 132 ) (-3696 4576 132 ) 
4 900 906 (-3696 4784 16 ) (-3696 4608 16 ) (-3696 4608 132 ) (-3696 4784 132 ) 
4 901 908 (-3704 5120 1856 ) (-3704 5120 1224 ) (-3704 4848 1224 ) (-3704 4848 1856 ) 
4 901 903 (-3704 4848 1856 ) (-3704 4848 1224 ) (-3696 4848 1224 ) (-3696 4848 1856 ) 
4 901 902 (-3696 4848 1224 ) (-3704 4848 1224 ) (-3704 5120 1224 ) (-3696 5120 1224 ) 
4 902 909 (-3704 5120 1224 ) (-3704 5120 464 ) (-3704 4848 464 ) (-3704 4848 1224 ) 
4 902 904 (-3704 4848 1224 ) (-3704 4848 464 ) (-3696 4848 464 ) (-3696 4848 1224 ) 
4 903 992 (-3696 4096 1224 ) (-3696 4096 1856 ) (-3704 4096 1856 ) (-3704 4096 1224 ) 
4 903 910 (-3704 4096 1224 ) (-3704 4096 1856 ) (-3704 4848 1856 ) (-3704 4848 1224 ) 
4 903 905 (-3704 4096 1224 ) (-3704 4336 1224 ) (-3696 4336 1224 ) (-3696 4096 1224 ) 
4 903 904 (-3704 4336 1224 ) (-3704 4848 1224 ) (-3696 4848 1224 ) (-3696 4336 1224 ) 
4 904 911 (-3704 4336 1224 ) (-3704 4848 1224 ) (-3704 4848 464 ) (-3704 4336 464 ) 
4 904 905 (-3696 4336 464 ) (-3696 4336 1224 ) (-3704 4336 1224 ) (-3704 4336 464 ) 
4 905 993 (-3696 4096 464 ) (-3696 4096 1224 ) (-3704 4096 1224 ) (-3704 4096 464 ) 
4 905 912 (-3704 4096 464 ) (-3704 4096 1224 ) (-3704 4336 1224 ) (-3704 4336 464 ) 
4 908 917 (-3728 5120 1856 ) (-3728 5120 1224 ) (-3728 4848 1224 ) (-3728 4848 1856 ) 
4 908 910 (-3728 4848 1856 ) (-3728 4848 1224 ) (-3704 4848 1224 ) (-3704 4848 1856 ) 
4 908 909 (-3704 4848 1224 ) (-3728 4848 1224 ) (-3728 5120 1224 ) (-3704 5120 1224 ) 
4 909 926 (-3728 5088 464 ) (-3728 4848 464 ) (-3728 4848 507 ) (-3728 5088 507 ) 
4 909 924 (-3728 5120 507 ) (-3728 5120 464 ) (-3728 5088 464 ) (-3728 5088 507 ) 
4 909 921 (-3728 5120 595 ) (-3728 5120 507 ) (-3728 5088 507 ) (-3728 5088 595 ) 
4 909 923 (-3728 5088 507 ) (-3728 4848 507 ) (-3728 4848 595 ) (-3728 5088 595 ) 
4 909 918 (-3728 5120 1224 ) (-3728 5120 595 ) (-3728 4848 595 ) (-3728 4848 1224 ) 
4 909 911 (-3728 4848 1224 ) (-3728 4848 464 ) (-3704 4848 464 ) (-3704 4848 1224 ) 
4 910 992 (-3728 4096 1856 ) (-3728 4096 1224 ) (-3704 4096 1224 ) (-3704 4096 1856 ) 
4 910 917 (-3728 4096 1224 ) (-3728 4096 1856 ) (-3728 4848 1856 ) (-3728 4848 1224 ) 
4 910 912 (-3728 4096 1224 ) (-3728 4336 1224 ) (-3704 4336 1224 ) (-3704 4096 1224 ) 
4 910 911 (-3728 4336 1224 ) (-3728 4848 1224 ) (-3704 4848 1224 ) (-3704 4336 1224 ) 
4 911 926 (-3728 4848 507 ) (-3728 4848 464 ) (-3728 4336 464 ) (-3728 4336 507 ) 
4 911 923 (-3728 4848 595 ) (-3728 4848 507 ) (-3728 4336 507 ) (-3728 4336 595 ) 
4 911 918 (-3728 4336 1224 ) (-3728 4848 1224 ) (-3728 4848 595 ) (-3728 4336 595 ) 
4 911 912 (-3704 4336 464 ) (-3704 4336 1224 ) (-3728 4336 1224 ) (-3728 4336 464 ) 
4 912 993 (-3728 4096 1224 ) (-3728 4096 464 ) (-3704 4096 464 ) (-3704 4096 1224 ) 
4 912 927 (-3728 4205 507 ) (-3728 4206 507 ) (-3728 4206 464 ) (-3728 4205 464 ) 
4 912 926 (-3728 4206 507 ) (-3728 4336 507 ) (-3728 4336 464 ) (-3728 4206 464 ) 
4 912 928 (-3728 4096 464 ) (-3728 4096 507 ) (-3728 4205 507 ) (-3728 4205 464 ) 
4 912 923 (-3728 4096 507 ) (-3728 4096 595 ) (-3728 4336 595 ) (-3728 4336 507 ) 
4 912 918 (-3728 4096 595 ) (-3728 4096 1224 ) (-3728 4336 1224 ) (-3728 4336 595 ) 
4 913 916 (-3712 4848 16 ) (-3704 4848 16 ) (-3704 4608 16 ) (-3712 4608 16 ) 
4 913 915 (-3712 4608 128 ) (-3712 4848 128 ) (-3712 4848 16 ) (-3712 4608 16 ) 
4 914 916 (-3704 4576 16 ) (-3704 4336 16 ) (-3712 4336 16 ) (-3712 4576 16 ) 
4 914 915 (-3712 4336 16 ) (-3712 4336 128 ) (-3712 4576 128 ) (-3712 4576 16 ) 
4 915 926 (-3728 4336 128 ) (-3728 4848 128 ) (-3728 4848 16 ) (-3728 4336 16 ) 
4 915 916 (-3728 4336 16 ) (-3728 4848 16 ) (-3712 4848 16 ) (-3712 4336 16 ) 
4 916 929 (-3728 4344 16 ) (-3728 4848 16 ) (-3728 4848 8 ) (-3728 4344 8 ) 
4 917 994 (-3728 4096 1224 ) (-3728 4096 1856 ) (-4096 4096 1856 ) (-4096 4096 1224 ) 
4 917 939 (-4096 4096 1224 ) (-4096 4096 1856 ) (-4096 4976 1856 ) (-4096 4976 1224 ) 
4 917 932 (-4096 4976 1856 ) (-4096 5120 1856 ) (-4096 5120 1224 ) (-4096 4976 1224 ) 
4 917 919 (-4096 5120 1224 ) (-3864 5120 1224 ) (-3864 5088 1224 ) (-4096 5088 1224 ) 
4 917 920 (-3864 5088 1224 ) (-3864 4096 1224 ) (-4096 4096 1224 ) (-4096 5088 1224 ) 
4 917 918 (-3864 5120 1224 ) (-3728 5120 1224 ) (-3728 4096 1224 ) (-3864 4096 1224 ) 
4 918 995 (-3728 4096 595 ) (-3728 4096 1224 ) (-3864 4096 1224 ) (-3864 4096 595 ) 
4 918 921 (-3864 5120 595 ) (-3728 5120 595 ) (-3728 5088 595 ) (-3864 5088 595 ) 
4 918 923 (-3728 5088 595 ) (-3728 4096 595 ) (-3864 4096 595 ) (-3864 5088 595 ) 
4 918 919 (-3864 5088 680 ) (-3864 5088 1224 ) (-3864 5120 1224 ) (-3864 5120 680 ) 
4 918 920 (-3864 5088 595 ) (-3864 4096 595 ) (-3864 4096 1224 ) (-3864 5088 1224 ) 
4 919 933 (-4096 5088 1224 ) (-4096 5120 1224 ) (-4096 5120 680 ) (-4096 5088 680 ) 
4 919 920 (-3864 5088 680 ) (-3864 5088 1224 ) (-4096 5088 1224 ) (-4096 5088 680 ) 
4 920 995 (-3864 4096 1224 ) (-4096 4096 1224 ) (-4096 4096 595 ) (-3864 4096 595 ) 
4 920 940 (-4096 4096 595 ) (-4096 4096 1224 ) (-4096 4976 1224 ) (-4096 4976 595 ) 
4 920 935 (-4096 5088 680 ) (-4096 5088 595 ) (-4096 4976 595 ) (-4096 4976 680 ) 
4 920 933 (-4096 4976 1224 ) (-4096 5088 1224 ) (-4096 5088 680 ) (-4096 4976 680 ) 
4 920 923 (-4096 4096 595 ) (-4096 5088 595 ) (-3864 5088 595 ) (-3864 4096 595 ) 
4 921 924 (-3864 5120 507 ) (-3728 5120 507 ) (-3728 5088 507 ) (-3864 5088 507 ) 
4 921 923 (-3864 5088 507 ) (-3728 5088 507 ) (-3728 5088 595 ) (-3864 5088 595 ) 
4 922 923 (-4048 5088 507 ) (-3988 5088 507 ) (-3988 5088 595 ) (-4048 5088 595 ) 
4 923 995 (-3728 4096 507 ) (-3728 4096 595 ) (-4096 4096 595 ) (-4096 4096 507 ) 
4 923 940 (-4096 4096 507 ) (-4096 4096 595 ) (-4096 4976 595 ) (-4096 4976 507 ) 
4 923 935 (-4096 4976 595 ) (-4096 5088 595 ) (-4096 5088 507 ) (-4096 4976 507 ) 
4 923 927 (-3728 4206 507 ) (-3728 4205 507 ) (-4096 4205 507 ) (-4096 4206 507 ) 
4 923 926 (-3728 5088 507 ) (-3728 4206 507 ) (-4096 4206 507 ) (-4096 5088 507 ) 
4 923 928 (-3728 4205 507 ) (-3728 4096 507 ) (-4096 4096 507 ) (-4096 4205 507 ) 
4 924 926 (-3864 5088 16 ) (-3728 5088 16 ) (-3728 5088 507 ) (-3864 5088 507 ) 
4 924 925 (-3864 5120 16 ) (-3864 5088 16 ) (-3864 5088 17 ) (-3864 5120 17 ) 
4 925 938 (-4096 5120 17 ) (-4096 5120 16 ) (-4096 5088 16 ) (-4096 5088 17 ) 
4 925 926 (-4096 5088 16 ) (-3864 5088 16 ) (-3864 5088 17 ) (-4096 5088 17 ) 
4 926 942 (-4096 4848 16 ) (-4096 4206 16 ) (-4096 4206 140 ) (-4096 4848 140 ) 
4 926 941 (-4096 4976 140 ) (-4096 4976 16 ) (-4096 4848 16 ) (-4096 4848 140 ) 
4 926 940 (-4096 4206 507 ) (-4096 4976 507 ) (-4096 4976 140 ) (-4096 4206 140 ) 
4 926 938 (-4096 5088 17 ) (-4096 5088 16 ) (-4096 4976 16 ) (-4096 4976 17 ) 
4 926 935 (-4096 4976 507 ) (-4096 5088 507 ) (-4096 5088 17 ) (-4096 4976 17 ) 
4 926 929 (-3728 4848 16 ) (-3728 4344 16 ) (-4096 4344 16 ) (-4096 4848 16 ) 
4 926 930 (-3728 4208 16 ) (-3728 4206 16 ) (-4096 4206 16 ) (-4096 4208 16 ) 
4 926 927 (-3728 4206 140 ) (-3728 4206 507 ) (-4096 4206 507 ) (-4096 4206 140 ) 
4 927 940 (-4096 4205 507 ) (-4096 4206 507 ) (-4096 4206 140 ) (-4096 4205 140 ) 
4 927 928 (-3728 4205 140 ) (-3728 4205 507 ) (-4096 4205 507 ) (-4096 4205 140 ) 
4 928 995 (-3728 4096 16 ) (-3728 4096 507 ) (-4096 4096 507 ) (-4096 4096 16 ) 
4 928 945 (-4096 4096 16 ) (-4096 4096 140 ) (-4096 4205 140 ) (-4096 4205 16 ) 
4 928 940 (-4096 4096 140 ) (-4096 4096 507 ) (-4096 4205 507 ) (-4096 4205 140 ) 
4 928 931 (-3728 4205 16 ) (-3728 4096 16 ) (-4096 4096 16 ) (-4096 4205 16 ) 
4 929 943 (-4096 4344 16 ) (-4096 4848 16 ) (-4096 4848 8 ) (-4096 4344 8 ) 
4 930 944 (-4096 4206 16 ) (-4096 4208 16 ) (-4096 4208 -32 ) (-4096 4206 -32 ) 
4 931 996 (-3728 4096 -32 ) (-3728 4096 16 ) (-4096 4096 16 ) (-4096 4096 -32 ) 
4 931 946 (-4096 4096 -32 ) (-4096 4096 16 ) (-4096 4205 16 ) (-4096 4205 -32 ) 
4 932 939 (-4096 4976 1224 ) (-4096 4976 1856 ) (-4816 4976 1856 ) (-4816 4976 1224 ) 
4 932 936 (-4816 4976 1224 ) (-4816 4976 1856 ) (-4816 5120 1856 ) (-4816 5120 1224 ) 
4 932 933 (-4096 4976 1224 ) (-4816 4976 1224 ) (-4816 5120 1224 ) (-4096 5120 1224 ) 
4 933 940 (-4096 4976 680 ) (-4096 4976 1224 ) (-4816 4976 1224 ) (-4816 4976 680 ) 
4 933 937 (-4816 4976 952 ) (-4816 4976 1224 ) (-4816 5120 1224 ) (-4816 5120 952 ) 
4 933 935 (-4096 4976 680 ) (-4816 4976 680 ) (-4816 5088 680 ) (-4096 5088 680 ) 
4 934 938 (-4232 5112 17 ) (-4232 5088 17 ) (-4400 5088 17 ) (-4400 5112 17 ) 
4 934 935 (-4400 5088 152 ) (-4400 5088 17 ) (-4232 5088 17 ) (-4232 5088 152 ) 
4 935 941 (-4096 4976 17 ) (-4096 4976 140 ) (-4816 4976 140 ) (-4816 4976 17 ) 
4 935 940 (-4096 4976 140 ) (-4096 4976 680 ) (-4816 4976 680 ) (-4816 4976 140 ) 
4 935 938 (-4096 4976 17 ) (-4816 4976 17 ) (-4816 5088 17 ) (-4096 5088 17 ) 
4 936 951 (-5120 5120 1856 ) (-5120 5120 1224 ) (-5120 4976 1224 ) (-5120 4976 1856 ) 
4 936 939 (-5120 4976 1856 ) (-5120 4976 1224 ) (-4816 4976 1224 ) (-4816 4976 1856 ) 
4 936 937 (-4816 5120 1224 ) (-4816 4976 1224 ) (-5120 4976 1224 ) (-5120 5120 1224 ) 
4 937 952 (-5120 5120 1224 ) (-5120 5120 952 ) (-5120 4976 952 ) (-5120 4976 1224 ) 
4 937 940 (-5120 4976 1224 ) (-5120 4976 952 ) (-4816 4976 952 ) (-4816 4976 1224 ) 
4 938 941 (-4096 4976 16 ) (-4096 4976 17 ) (-4816 4976 17 ) (-4816 4976 16 ) 
4 939 1101 (-4096 4096 1224 ) (-4096 4096 1856 ) (-5120 4096 1856 ) (-5120 4096 1224 ) 
4 939 951 (-5120 4096 1224 ) (-5120 4096 1856 ) (-5120 4976 1856 ) (-5120 4976 1224 ) 
4 939 940 (-5120 4096 1224 ) (-5120 4976 1224 ) (-4096 4976 1224 ) (-4096 4096 1224 ) 
4 940 1105 (-4630 4096 1224 ) (-5120 4096 1224 ) (-5120 4096 140 ) (-4630 4096 140 ) 
4 940 1104 (-4104 4096 1224 ) (-4630 4096 1224 ) (-4630 4096 140 ) (-4104 4096 140 ) 
4 940 1102 (-4096 4096 140 ) (-4096 4096 1224 ) (-4104 4096 1224 ) (-4104 4096 140 ) 
4 940 955 (-5120 4205 1224 ) (-5120 4206 1224 ) (-5120 4206 140 ) (-5120 4205 140 ) 
4 940 954 (-5120 4206 1224 ) (-5120 4976 1224 ) (-5120 4976 140 ) (-5120 4206 140 ) 
4 940 956 (-5120 4096 140 ) (-5120 4096 1224 ) (-5120 4205 1224 ) (-5120 4205 140 ) 
4 940 948 (-5120 4096 140 ) (-5120 4205 140 ) (-4630 4205 140 ) (-4630 4096 140 ) 
4 940 947 (-4630 4205 140 ) (-4104 4205 140 ) (-4104 4096 140 ) (-4630 4096 140 ) 
4 940 945 (-4104 4205 140 ) (-4096 4205 140 ) (-4096 4096 140 ) (-4104 4096 140 ) 
4 940 942 (-5120 4206 140 ) (-5120 4848 140 ) (-4096 4848 140 ) (-4096 4206 140 ) 
4 940 941 (-5120 4848 140 ) (-5120 4976 140 ) (-4096 4976 140 ) (-4096 4848 140 ) 
4 941 954 (-5120 4848 16 ) (-5120 4848 140 ) (-5120 4976 140 ) (-5120 4976 16 ) 
4 941 942 (-4096 4848 16 ) (-4096 4848 140 ) (-5120 4848 140 ) (-5120 4848 16 ) 
4 942 954 (-5120 4206 140 ) (-5120 4848 140 ) (-5120 4848 16 ) (-5120 4206 16 ) 
4 942 944 (-5120 4206 16 ) (-5120 4208 16 ) (-4096 4208 16 ) (-4096 4206 16 ) 
4 942 943 (-5120 4344 16 ) (-5120 4848 16 ) (-4096 4848 16 ) (-4096 4344 16 ) 
4 943 961 (-5120 4848 16 ) (-5120 4848 8 ) (-5120 4344 8 ) (-5120 4344 16 ) 
4 944 963 (-5120 4208 -32 ) (-5120 4206 -32 ) (-5120 4206 16 ) (-5120 4208 16 ) 
4 945 1102 (-4096 4096 16 ) (-4096 4096 140 ) (-4104 4096 140 ) (-4104 4096 16 ) 
4 945 947 (-4104 4205 140 ) (-4104 4205 16 ) (-4104 4096 16 ) (-4104 4096 140 ) 
4 945 946 (-4096 4096 16 ) (-4104 4096 16 ) (-4104 4205 16 ) (-4096 4205 16 ) 
4 946 1106 (-4096 4096 -32 ) (-4096 4096 16 ) (-4104 4096 16 ) (-4104 4096 -32 ) 
4 946 949 (-4104 4205 16 ) (-4104 4205 -32 ) (-4104 4096 -32 ) (-4104 4096 16 ) 
4 947 1104 (-4104 4096 140 ) (-4630 4096 140 ) (-4630 4096 16 ) (-4104 4096 16 ) 
4 947 949 (-4630 4205 16 ) (-4104 4205 16 ) (-4104 4096 16 ) (-4630 4096 16 ) 
4 947 948 (-4630 4205 140 ) (-4630 4205 16 ) (-4630 4096 16 ) (-4630 4096 140 ) 
4 948 1105 (-4630 4096 140 ) (-5120 4096 140 ) (-5120 4096 16 ) (-4630 4096 16 ) 
4 948 956 (-5120 4096 16 ) (-5120 4096 140 ) (-5120 4205 140 ) (-5120 4205 16 ) 
4 948 950 (-5120 4205 16 ) (-4630 4205 16 ) (-4630 4096 16 ) (-5120 4096 16 ) 
4 949 1107 (-4630 4096 -32 ) (-4104 4096 -32 ) (-4104 4096 16 ) (-4630 4096 16 ) 
4 949 950 (-4630 4096 16 ) (-4630 4205 16 ) (-4630 4205 -32 ) (-4630 4096 -32 ) 
4 950 1108 (-5120 4096 16 ) (-5120 4096 -32 ) (-4630 4096 -32 ) (-4630 4096 16 ) 
4 950 964 (-5120 4096 -32 ) (-5120 4096 16 ) (-5120 4205 16 ) (-5120 4205 -32 ) 
4 951 1109 (-5120 4096 1224 ) (-5120 4096 1856 ) (-5904 4096 1856 ) (-5904 4096 1224 ) 
4 951 960 (-5904 5120 1856 ) (-5904 5120 1616 ) (-5904 4096 1616 ) (-5904 4096 1856 ) 
4 951 958 (-5141 4206 1224 ) (-5141 4096 1224 ) (-5142 4096 1224 ) (-5142 4206 1224 ) 
4 951 957 (-5142 4976 1224 ) (-5141 4976 1224 ) (-5141 4206 1224 ) (-5142 4206 1224 ) 
4 951 959 (-5904 4096 1224 ) (-5904 4976 1224 ) (-5142 4976 1224 ) (-5142 4096 1224 ) 
4 951 955 (-5120 4206 1224 ) (-5120 4205 1224 ) (-5141 4205 1224 ) (-5141 4206 1224 ) 
4 951 954 (-5141 4976 1224 ) (-5120 4976 1224 ) (-5120 4206 1224 ) (-5141 4206 1224 ) 
4 951 956 (-5120 4205 1224 ) (-5120 4096 1224 ) (-5141 4096 1224 ) (-5141 4205 1224 ) 
4 951 952 (-5712 5120 1224 ) (-5120 5120 1224 ) (-5120 4976 1224 ) (-5712 4976 1224 ) 
4 951 953 (-5904 4976 1224 ) (-5904 5120 1224 ) (-5712 5120 1224 ) (-5712 4976 1224 ) 
4 952 957 (-5141 4976 1224 ) (-5142 4976 1224 ) (-5142 4976 952 ) (-5141 4976 952 ) 
4 952 959 (-5142 4976 1224 ) (-5712 4976 1224 ) (-5712 4976 952 ) (-5142 4976 952 ) 
4 952 954 (-5120 4976 1224 ) (-5141 4976 1224 ) (-5141 4976 952 ) (-5120 4976 952 ) 
4 952 953 (-5712 4976 952 ) (-5712 4976 1224 ) (-5712 5120 1224 ) (-5712 5120 952 ) 
4 953 959 (-5712 4976 1224 ) (-5904 4976 1224 ) (-5904 4976 16 ) (-5712 4976 16 ) 
4 954 963 (-5120 4208 16 ) (-5120 4206 16 ) (-5136 4206 16 ) (-5136 4208 16 ) 
4 954 961 (-5120 4848 16 ) (-5120 4344 16 ) (-5141 4344 16 ) (-5141 4848 16 ) 
4 954 957 (-5141 4976 1224 ) (-5141 4976 16 ) (-5141 4206 16 ) (-5141 4206 1224 ) 
4 954 955 (-5141 4206 1224 ) (-5141 4206 140 ) (-5120 4206 140 ) (-5120 4206 1224 ) 
4 955 958 (-5141 4205 140 ) (-5141 4205 1224 ) (-5141 4206 1224 ) (-5141 4206 140 ) 
4 955 956 (-5141 4205 1224 ) (-5141 4205 140 ) (-5120 4205 140 ) (-5120 4205 1224 ) 
4 956 1111 (-5141 4096 16 ) (-5120 4096 16 ) (-5120 4096 140 ) (-5141 4096 140 ) 
4 956 1110 (-5120 4096 140 ) (-5120 4096 1224 ) (-5141 4096 1224 ) (-5141 4096 140 ) 
4 956 964 (-5120 4205 16 ) (-5120 4096 16 ) (-5136 4096 16 ) (-5136 4205 16 ) 
4 956 958 (-5141 4096 140 ) (-5141 4096 1224 ) (-5141 4205 1224 ) (-5141 4205 140 ) 
4 957 961 (-5142 4344 16 ) (-5142 4848 16 ) (-5141 4848 16 ) (-5141 4344 16 ) 
4 957 958 (-5142 4206 1224 ) (-5142 4206 140 ) (-5141 4206 140 ) (-5141 4206 1224 ) 
4 957 959 (-5142 4976 1224 ) (-5142 4976 16 ) (-5142 4206 16 ) (-5142 4206 1224 ) 
4 958 1110 (-5141 4096 140 ) (-5141 4096 1224 ) (-5142 4096 1224 ) (-5142 4096 140 ) 
4 958 959 (-5142 4096 140 ) (-5142 4096 1224 ) (-5142 4206 1224 ) (-5142 4206 140 ) 
4 959 1112 (-5904 4096 16 ) (-5142 4096 16 ) (-5142 4096 140 ) (-5904 4096 140 ) 
4 959 1110 (-5142 4096 140 ) (-5142 4096 1224 ) (-5904 4096 1224 ) (-5904 4096 140 ) 
4 959 965 (-5272 4096 16 ) (-5776 4096 16 ) (-5776 4208 16 ) (-5272 4208 16 ) 
4 959 961 (-5272 4848 16 ) (-5142 4848 16 ) (-5142 4344 16 ) (-5272 4344 16 ) 
4 959 962 (-5776 4208 16 ) (-5776 4848 16 ) (-5272 4848 16 ) (-5272 4208 16 ) 
4 960 2019 (-6144 5120 1856 ) (-6144 5120 1616 ) (-6144 4096 1616 ) (-6144 4096 1856 ) 
4 960 1113 (-6144 4096 1856 ) (-6144 4096 1616 ) (-5904 4096 1616 ) (-5904 4096 1856 ) 
4 961 962 (-5272 4848 16 ) (-5272 4848 8 ) (-5272 4344 8 ) (-5272 4344 16 ) 
4 962 965 (-5776 4208 16 ) (-5776 4208 8 ) (-5272 4208 8 ) (-5272 4208 16 ) 
4 964 1117 (-5120 4096 -32 ) (-5120 4096 16 ) (-5136 4096 16 ) (-5136 4096 -32 ) 
4 965 1118 (-5272 4096 8 ) (-5272 4096 16 ) (-5776 4096 16 ) (-5776 4096 8 ) 
4 966 992 (-3696 3344 1224 ) (-3696 3344 1856 ) (-3696 4096 1856 ) (-3696 4096 1224 ) 
4 966 990 (-3696 3344 1856 ) (-3696 3344 1224 ) (-3072 3344 1224 ) (-3072 3344 1856 ) 
4 966 967 (-3072 3344 1224 ) (-3696 3344 1224 ) (-3696 4096 1224 ) (-3072 4096 1224 ) 
4 967 993 (-3696 3344 464 ) (-3696 3344 1224 ) (-3696 4096 1224 ) (-3696 4096 464 ) 
4 967 991 (-3696 3344 1224 ) (-3696 3344 464 ) (-3072 3344 464 ) (-3072 3344 1224 ) 
4 968 969 (-3696 3832 152 ) (-3072 3832 152 ) (-3072 3832 280 ) (-3696 3832 280 ) 
4 969 970 (-3696 3648 152 ) (-3072 3648 152 ) (-3072 3648 280 ) (-3696 3648 280 ) 
4 970 978 (-3072 3576 152 ) (-3072 3576 160 ) (-3464 3576 160 ) (-3464 3576 152 ) 
4 970 974 (-3568 3576 264 ) (-3568 3576 160 ) (-3512 3576 160 ) (-3512 3576 264 ) 
4 970 971 (-3072 3576 160 ) (-3072 3576 280 ) (-3464 3576 280 ) (-3464 3576 160 ) 
4 971 978 (-3072 3344 160 ) (-3464 3344 160 ) (-3464 3576 160 ) (-3072 3576 160 ) 
4 972 976 (-3512 3560 160 ) (-3512 3344 160 ) (-3512 3344 264 ) (-3512 3560 264 ) 
4 972 973 (-3512 3344 264 ) (-3512 3344 280 ) (-3512 3560 280 ) (-3512 3560 264 ) 
4 973 977 (-3568 3560 264 ) (-3568 3344 264 ) (-3568 3344 280 ) (-3568 3560 280 ) 
4 973 976 (-3568 3344 264 ) (-3568 3560 264 ) (-3512 3560 264 ) (-3512 3344 264 ) 
4 974 975 (-3512 3568 160 ) (-3512 3568 264 ) (-3568 3568 264 ) (-3568 3568 160 ) 
4 975 976 (-3512 3560 160 ) (-3512 3560 264 ) (-3568 3560 264 ) (-3568 3560 160 ) 
4 976 977 (-3568 3560 160 ) (-3568 3344 160 ) (-3568 3344 264 ) (-3568 3560 264 ) 
4 979 980 (-3152 4096 16 ) (-3152 3864 16 ) (-3152 3864 144 ) (-3152 4096 144 ) 
4 980 981 (-3696 3864 16 ) (-3152 3864 16 ) (-3152 3864 144 ) (-3696 3864 144 ) 
4 981 982 (-3696 3832 16 ) (-3152 3832 16 ) (-3152 3832 144 ) (-3696 3832 144 ) 
4 982 983 (-3696 3648 16 ) (-3072 3648 16 ) (-3072 3648 144 ) (-3696 3648 144 ) 
4 983 989 (-3464 3576 16 ) (-3072 3576 16 ) (-3072 3576 24 ) (-3464 3576 24 ) 
4 983 987 (-3568 3576 128 ) (-3568 3576 24 ) (-3512 3576 24 ) (-3512 3576 128 ) 
4 983 984 (-3072 3576 24 ) (-3072 3576 144 ) (-3464 3576 144 ) (-3464 3576 24 ) 
4 984 989 (-3072 3344 24 ) (-3464 3344 24 ) (-3464 3576 24 ) (-3072 3576 24 ) 
4 985 986 (-3512 3344 128 ) (-3512 3344 144 ) (-3512 3560 144 ) (-3512 3560 128 ) 
4 985 987 (-3512 3560 24 ) (-3512 3344 24 ) (-3512 3344 128 ) (-3512 3560 128 ) 
4 986 988 (-3568 3560 128 ) (-3568 3344 128 ) (-3568 3344 144 ) (-3568 3560 144 ) 
4 986 987 (-3568 3344 128 ) (-3568 3560 128 ) (-3512 3560 128 ) (-3512 3344 128 ) 
4 987 988 (-3568 3560 24 ) (-3568 3344 24 ) (-3568 3344 128 ) (-3568 3560 128 ) 
4 990 1004 (-3088 3312 1856 ) (-3696 3312 1856 ) (-3696 3312 1224 ) (-3088 3312 1224 ) 
4 990 1000 (-3076 3312 1856 ) (-3088 3312 1856 ) (-3088 3312 1224 ) (-3076 3312 1224 ) 
4 990 997 (-3072 3312 1224 ) (-3072 3312 1856 ) (-3076 3312 1856 ) (-3076 3312 1224 ) 
4 990 992 (-3696 3312 1224 ) (-3696 3312 1856 ) (-3696 3344 1856 ) (-3696 3344 1224 ) 
4 990 991 (-3072 3312 1224 ) (-3696 3312 1224 ) (-3696 3344 1224 ) (-3072 3344 1224 ) 
4 991 1006 (-3088 3312 1224 ) (-3696 3312 1224 ) (-3696 3312 464 ) (-3088 3312 464 ) 
4 991 1001 (-3076 3312 1224 ) (-3088 3312 1224 ) (-3088 3312 896 ) (-3076 3312 896 ) 
4 991 998 (-3072 3312 896 ) (-3072 3312 1224 ) (-3076 3312 1224 ) (-3076 3312 896 ) 
4 991 993 (-3696 3312 464 ) (-3696 3312 1224 ) (-3696 3344 1224 ) (-3696 3344 464 ) 
4 992 1004 (-3696 3312 1224 ) (-3696 3312 1856 ) (-3728 3312 1856 ) (-3728 3312 1224 ) 
4 992 994 (-3728 4096 1856 ) (-3728 4096 1224 ) (-3728 3312 1224 ) (-3728 3312 1856 ) 
4 992 993 (-3728 3312 1224 ) (-3728 4096 1224 ) (-3696 4096 1224 ) (-3696 3312 1224 ) 
4 993 1006 (-3696 3312 464 ) (-3696 3312 1224 ) (-3728 3312 1224 ) (-3728 3312 464 ) 
4 993 995 (-3728 4096 1224 ) (-3728 4096 464 ) (-3728 3312 464 ) (-3728 3312 1224 ) 
4 994 1101 (-4096 4096 1856 ) (-4096 4096 1224 ) (-4096 3312 1224 ) (-4096 3312 1856 ) 
4 994 1004 (-4096 3312 1856 ) (-4096 3312 1224 ) (-3728 3312 1224 ) (-3728 3312 1856 ) 
4 994 995 (-4096 4096 1224 ) (-3728 4096 1224 ) (-3728 3312 1224 ) (-4096 3312 1224 ) 
4 995 1102 (-4096 4096 1224 ) (-4096 4096 16 ) (-4096 3312 16 ) (-4096 3312 1224 ) 
4 995 1005 (-4096 3312 1224 ) (-4096 3312 16 ) (-3728 3312 16 ) (-3728 3312 1224 ) 
4 995 996 (-3728 4096 16 ) (-3728 3312 16 ) (-4096 3312 16 ) (-4096 4096 16 ) 
4 996 1106 (-4096 4096 16 ) (-4096 4096 -32 ) (-4096 3312 -32 ) (-4096 3312 16 ) 
4 996 1007 (-4096 3312 16 ) (-4096 3312 -32 ) (-3728 3312 -32 ) (-3728 3312 16 ) 
4 997 1008 (-3072 3072 1224 ) (-3072 3072 1856 ) (-3076 3072 1856 ) (-3076 3072 1224 ) 
4 997 1000 (-3076 3312 1856 ) (-3076 3312 1224 ) (-3076 3072 1224 ) (-3076 3072 1856 ) 
4 997 998 (-3076 3072 1224 ) (-3076 3312 1224 ) (-3072 3312 1224 ) (-3072 3072 1224 ) 
4 998 1009 (-3072 3072 896 ) (-3072 3072 1224 ) (-3076 3072 1224 ) (-3076 3072 896 ) 
4 998 1001 (-3076 3312 1224 ) (-3076 3312 896 ) (-3076 3072 896 ) (-3076 3072 1224 ) 
4 999 1012 (-3072 3072 160 ) (-3072 3072 256 ) (-3076 3072 256 ) (-3076 3072 160 ) 
4 999 1010 (-3072 3072 256 ) (-3072 3072 288 ) (-3076 3072 288 ) (-3076 3072 256 ) 
4 999 1003 (-3076 3072 176 ) (-3076 3072 264 ) (-3076 3136 264 ) (-3076 3136 176 ) 
4 999 1002 (-3076 3168 176 ) (-3076 3168 264 ) (-3076 3232 264 ) (-3076 3232 176 ) 
4 1000 1014 (-3076 3072 1224 ) (-3076 3072 1856 ) (-3088 3072 1856 ) (-3088 3072 1224 ) 
4 1000 1004 (-3088 3312 1856 ) (-3088 3312 1224 ) (-3088 3072 1224 ) (-3088 3072 1856 ) 
4 1000 1001 (-3088 3072 1224 ) (-3088 3312 1224 ) (-3076 3312 1224 ) (-3076 3072 1224 ) 
4 1001 1015 (-3076 3072 896 ) (-3076 3072 1224 ) (-3088 3072 1224 ) (-3088 3072 896 ) 
4 1001 1006 (-3088 3312 1224 ) (-3088 3312 896 ) (-3088 3072 896 ) (-3088 3072 1224 ) 
4 1002 1006 (-3088 3168 176 ) (-3088 3168 264 ) (-3088 3232 264 ) (-3088 3232 176 ) 
4 1003 1006 (-3088 3072 176 ) (-3088 3072 264 ) (-3088 3136 264 ) (-3088 3136 176 ) 
4 1004 1101 (-4096 3072 1224 ) (-4096 3072 1856 ) (-4096 3312 1856 ) (-4096 3312 1224 ) 
4 1004 1018 (-3088 3072 1224 ) (-3088 3072 1856 ) (-4096 3072 1856 ) (-4096 3072 1224 ) 
4 1004 1006 (-3728 3312 1224 ) (-3088 3312 1224 ) (-3088 3072 1224 ) (-3693.714111 3072 1224 ) 
4 1004 1005 (-4096 3312 1224 ) (-3728 3312 1224 ) (-3693.714111 3072 1224 ) (-4096 3072 1224 ) 
4 1005 1103 (-4096 3072 16 ) (-4096 3072 1224 ) (-4096 3312 1224 ) (-4096 3312 16 ) 
4 1005 1089 (-4096 3072 32 ) (-4096 3072 16 ) (-3693.714111 3072 16 ) (-3693.714111 3072 32 ) 
4 1005 1059 (-4096 3072 144 ) (-4096 3072 32 ) (-3693.714111 3072 32 ) (-3693.714111 3072 144 ) 
4 1005 1046 (-4096 3072 160 ) (-4096 3072 144 ) (-3693.714111 3072 144 ) (-3693.714111 3072 160 ) 
4 1005 1023 (-4096 3072 384 ) (-4096 3072 160 ) (-3693.714111 3072 160 ) (-3693.714111 3072 384 ) 
4 1005 1021 (-4096 3072 400 ) (-4096 3072 384 ) (-3693.714111 3072 384 ) (-3693.714111 3072 400 ) 
4 1005 1019 (-3693.714111 3072 1224 ) (-4096 3072 1224 ) (-4096 3072 400 ) (-3693.714111 3072 400 ) 
4 1005 1007 (-4096 3072 16 ) (-4096 3312 16 ) (-3728 3312 16 ) (-3693.714111 3072 16 ) 
4 1005 1006 (-3693.713379 3072 16 ) (-3728 3312 16 ) (-3728 3312 1224 ) (-3693.713379 3072 1224 ) 
4 1006 1090 (-3472 3072 32 ) (-3693.714111 3072 32 ) (-3693.714111 3072 16 ) (-3472 3072 16 ) 
4 1006 1088 (-3312 3072 32 ) (-3472 3072 32 ) (-3472 3072 16 ) (-3312 3072 16 ) 
4 1006 1081 (-3088 3072 16 ) (-3088 3072 32 ) (-3312 3072 32 ) (-3312 3072 16 ) 
4 1006 1060 (-3472 3072 144 ) (-3693.714111 3072 144 ) (-3693.714111 3072 32 ) (-3472 3072 32 ) 
4 1006 1057 (-3444 3072 144 ) (-3472 3072 144 ) (-3472 3072 32 ) (-3444 3072 32 ) 
4 1006 1055 (-3436 3072 144 ) (-3444 3072 144 ) (-3444 3072 32 ) (-3436 3072 32 ) 
4 1006 1052 (-3088 3072 32 ) (-3088 3072 144 ) (-3436 3072 144 ) (-3436 3072 32 ) 
4 1006 1046 (-3664 3072 160 ) (-3693.714111 3072 160 ) (-3693.714111 3072 144 ) (-3664 3072 144 ) 
4 1006 1042 (-3472 3072 160 ) (-3664 3072 160 ) (-3664 3072 144 ) (-3472 3072 144 ) 
4 1006 1041 (-3444 3072 160 ) (-3472 3072 160 ) (-3472 3072 144 ) (-3444 3072 144 ) 
4 1006 1039 (-3436 3072 160 ) (-3444 3072 160 ) (-3444 3072 144 ) (-3436 3072 144 ) 
4 1006 1034 (-3088 3072 144 ) (-3088 3072 160 ) (-3436 3072 160 ) (-3436 3072 144 ) 
4 1006 1022 (-3088 3072 160 ) (-3088 3072 384 ) (-3472 3072 384 ) (-3472 3072 160 ) 
4 1006 1023 (-3472 3072 384 ) (-3693.714111 3072 384 ) (-3693.714111 3072 160 ) (-3472 3072 160 ) 
4 1006 1021 (-3472 3072 400 ) (-3693.714111 3072 400 ) (-3693.714111 3072 384 ) (-3472 3072 384 ) 
4 1006 1020 (-3088 3072 384 ) (-3088 3072 400 ) (-3472 3072 400 ) (-3472 3072 384 ) 
4 1006 1019 (-3088 3072 400 ) (-3088 3072 1224 ) (-3693.714111 3072 1224 ) (-3693.714111 3072 400 ) 
4 1006 1007 (-3728 3312 16 ) (-3088 3312 16 ) (-3088 3072 16 ) (-3693.714111 3072 16 ) 
4 1007 1106 (-4096 3072 -32 ) (-4096 3072 16 ) (-4096 3312 16 ) (-4096 3312 -32 ) 
4 1007 1092 (-3312 3072 16 ) (-4096 3072 16 ) (-4096 3072 -32 ) (-3312 3072 -32 ) 
4 1007 1087 (-3088 3072 -32 ) (-3088 3072 -16 ) (-3312 3072 -16 ) (-3312 3072 -32 ) 
4 1007 1084 (-3088 3072 -16 ) (-3088 3072 16 ) (-3312 3072 16 ) (-3312 3072 -16 ) 
4 1008 1151 (-3072 2048 1224 ) (-3072 2048 1856 ) (-3076 2048 1856 ) (-3076 2048 1224 ) 
4 1008 1014 (-3076 2048 1224 ) (-3076 2048 1856 ) (-3076 3072 1856 ) (-3076 3072 1224 ) 
4 1008 1009 (-3072 2048 1224 ) (-3076 2048 1224 ) (-3076 3072 1224 ) (-3072 3072 1224 ) 
4 1009 1152 (-3072 2048 896 ) (-3072 2048 1224 ) (-3076 2048 1224 ) (-3076 2048 896 ) 
4 1009 1015 (-3076 2048 896 ) (-3076 2048 1224 ) (-3076 3072 1224 ) (-3076 3072 896 ) 
4 1010 1012 (-3076 2864 256 ) (-3076 3072 256 ) (-3072 3072 256 ) (-3072 2864 256 ) 
4 1011 1157 (-3072 2048 256 ) (-3072 2048 384 ) (-3076 2048 384 ) (-3076 2048 256 ) 
4 1011 1154 (-3072 2048 384 ) (-3072 2048 632 ) (-3076 2048 632 ) (-3076 2048 384 ) 
4 1011 1016 (-3076 2048 256 ) (-3076 2048 384 ) (-3076 2504 384 ) (-3076 2504 256 ) 
4 1011 1013 (-3076 2096 256 ) (-3076 2460 256 ) (-3072 2460 256 ) (-3072 2096 256 ) 
4 1013 1038 (-3072 2460 160 ) (-3072 2096 160 ) (-3076 2096 160 ) (-3076 2460 160 ) 
4 1013 1017 (-3076 2460 160 ) (-3076 2096 160 ) (-3076 2096 256 ) (-3076 2460 256 ) 
4 1014 1151 (-3088 2048 1856 ) (-3088 2048 1224 ) (-3076 2048 1224 ) (-3076 2048 1856 ) 
4 1014 1018 (-3088 3072 1856 ) (-3088 3072 1224 ) (-3088 2048 1224 ) (-3088 2048 1856 ) 
4 1014 1015 (-3088 2048 1224 ) (-3088 3072 1224 ) (-3076 3072 1224 ) (-3076 2048 1224 ) 
4 1015 1153 (-3088 2048 1224 ) (-3088 2048 896 ) (-3076 2048 896 ) (-3076 2048 1224 ) 
4 1015 1019 (-3088 3072 1224 ) (-3088 3072 896 ) (-3088 2048 896 ) (-3088 2048 1224 ) 
4 1016 1157 (-3088 2048 384 ) (-3088 2048 256 ) (-3076 2048 256 ) (-3076 2048 384 ) 
4 1016 1024 (-3088 2048 256 ) (-3088 2048 384 ) (-3088 2504 384 ) (-3088 2504 256 ) 
4 1016 1017 (-3088 2096 256 ) (-3088 2460 256 ) (-3076 2460 256 ) (-3076 2096 256 ) 
4 1017 1038 (-3088 2096 160 ) (-3088 2460 160 ) (-3076 2460 160 ) (-3076 2096 160 ) 
4 1017 1025 (-3088 2460 160 ) (-3088 2096 160 ) (-3088 2096 256 ) (-3088 2460 256 ) 
4 1018 1155 (-4096 2048 1856 ) (-4096 2048 1224 ) (-3088 2048 1224 ) (-3088 2048 1856 ) 
4 1018 1133 (-4096 2048 1224 ) (-4096 2048 1856 ) (-4096 2856 1856 ) (-4096 2856 1224 ) 
4 1018 1126 (-4096 2856 1856 ) (-4096 2864 1856 ) (-4096 2864 1224 ) (-4096 2856 1224 ) 
4 1018 1119 (-4096 2864 1856 ) (-4096 3072 1856 ) (-4096 3072 1224 ) (-4096 2864 1224 ) 
4 1018 1019 (-4096 2048 1224 ) (-4096 3072 1224 ) (-3088 3072 1224 ) (-3088 2048 1224 ) 
4 1019 1156 (-4096 2048 1224 ) (-4096 2048 400 ) (-3088 2048 400 ) (-3088 2048 1224 ) 
4 1019 1134 (-4096 2048 400 ) (-4096 2048 1224 ) (-4096 2856 1224 ) (-4096 2856 400 ) 
4 1019 1127 (-4096 2856 1224 ) (-4096 2864 1224 ) (-4096 2864 400 ) (-4096 2856 400 ) 
4 1019 1120 (-4096 2864 1224 ) (-4096 3072 1224 ) (-4096 3072 400 ) (-4096 2864 400 ) 
4 1019 1021 (-4096 2864 400 ) (-4096 3072 400 ) (-3472 3072 400 ) (-3472 2864 400 ) 
4 1019 1020 (-3472 3072 400 ) (-3088 3072 400 ) (-3088 2992 400 ) (-3472 2992 400 ) 
4 1020 1022 (-3088 3072 384 ) (-3088 2992 384 ) (-3472 2992 384 ) (-3472 3072 384 ) 
4 1020 1021 (-3472 3072 384 ) (-3472 2992 384 ) (-3472 2992 400 ) (-3472 3072 400 ) 
4 1021 1120 (-4096 2864 400 ) (-4096 3072 400 ) (-4096 3072 384 ) (-4096 2864 384 ) 
4 1021 1023 (-4096 2864 384 ) (-4096 3072 384 ) (-3472 3072 384 ) (-3472 2864 384 ) 
4 1022 1041 (-3472 3072 160 ) (-3444 3072 160 ) (-3444 2992 160 ) (-3472 2992 160 ) 
4 1022 1039 (-3444 3072 160 ) (-3436 3072 160 ) (-3436 2992 160 ) (-3444 2992 160 ) 
4 1022 1034 (-3436 3072 160 ) (-3088 3072 160 ) (-3088 2992 160 ) (-3436 2992 160 ) 
4 1022 1023 (-3472 3072 160 ) (-3472 2992 160 ) (-3472 2992 384 ) (-3472 3072 384 ) 
4 1023 1120 (-4096 2864 384 ) (-4096 3072 384 ) (-4096 3072 160 ) (-4096 2864 160 ) 
4 1023 1046 (-4096 2864 160 ) (-4096 3072 160 ) (-3664 3072 160 ) (-3664 2864 160 ) 
4 1023 1042 (-3664 3072 160 ) (-3472 3072 160 ) (-3472 2864 160 ) (-3664 2864 160 ) 
4 1024 1157 (-3088 2048 256 ) (-3088 2048 384 ) (-3436 2048 384 ) (-3436 2048 256 ) 
4 1024 1026 (-3436 2048 256 ) (-3436 2048 384 ) (-3436 2332 384 ) (-3436 2332 256 ) 
4 1024 1025 (-3436 2096 256 ) (-3436 2460 256 ) (-3088 2460 256 ) (-3088 2096 256 ) 
4 1025 1038 (-3436 2096 160 ) (-3436 2460 160 ) (-3088 2460 160 ) (-3088 2096 160 ) 
4 1025 1032 (-3436 2332 160 ) (-3436 2096 160 ) (-3436 2096 256 ) (-3436 2332 256 ) 
4 1026 1157 (-3444 2048 256 ) (-3436 2048 256 ) (-3436 2048 384 ) (-3444 2048 384 ) 
4 1026 1032 (-3436 2332 256 ) (-3436 2096 256 ) (-3444 2096 256 ) (-3444 2332 256 ) 
4 1026 1027 (-3444 2332 256 ) (-3444 2048 256 ) (-3444 2048 384 ) (-3444 2332 384 ) 
4 1027 1157 (-3564 2048 256 ) (-3444 2048 256 ) (-3444 2048 384 ) (-3564 2048 384 ) 
4 1027 1032 (-3444 2332 256 ) (-3444 2096 256 ) (-3558 2096 256 ) (-3558 2332 256 ) 
4 1028 1043 (-3664 2856 160 ) (-3472 2856 160 ) (-3472 2854 160 ) (-3664 2854 160 ) 
4 1028 1029 (-3664 2854 184 ) (-3664 2854 160 ) (-3472 2854 160 ) (-3472 2854 184 ) 
4 1029 1044 (-3472 2854 160 ) (-3472 2853 160 ) (-3664 2853 160 ) (-3664 2854 160 ) 
4 1029 1030 (-3664 2853 184 ) (-3664 2853 160 ) (-3472 2853 160 ) (-3472 2853 184 ) 
4 1030 1045 (-3472 2853 160 ) (-3472 2852 160 ) (-3664 2852 160 ) (-3664 2853 160 ) 
4 1030 1031 (-3664 2852 160 ) (-3472 2852 160 ) (-3472 2852 184 ) (-3664 2852 184 ) 
4 1031 1136 (-4096 2400 256 ) (-4096 2852 256 ) (-4096 2852 160 ) (-4096 2400 160 ) 
4 1031 1047 (-4096 2400 160 ) (-4096 2852 160 ) (-3444 2852 160 ) (-3444 2400 160 ) 
4 1031 1033 (-4096 2400 160 ) (-3580 2400 160 ) (-3580 2400 256 ) (-4096 2400 256 ) 
4 1032 1049 (-3558 2332 160 ) (-3444 2332 160 ) (-3444 2096 160 ) (-3558 2096 160 ) 
4 1032 1040 (-3444 2332 160 ) (-3436 2332 160 ) (-3436 2096 160 ) (-3444 2096 160 ) 
4 1033 1158 (-4096 2048 256 ) (-4096 2048 160 ) (-3580 2048 160 ) (-3580 2048 256 ) 
4 1033 1136 (-4096 2048 160 ) (-4096 2048 256 ) (-4096 2400 256 ) (-4096 2400 160 ) 
4 1033 1051 (-3580 2048 160 ) (-4096 2048 160 ) (-4096 2096 160 ) (-3580 2096 160 ) 
4 1033 1050 (-4096 2096 160 ) (-4096 2332 160 ) (-3580 2332 160 ) (-3580 2096 160 ) 
4 1033 1048 (-4096 2332 160 ) (-4096 2400 160 ) (-3580 2400 160 ) (-3580 2332 160 ) 
4 1034 1052 (-3436 2992 144 ) (-3436 3072 144 ) (-3088 3072 144 ) (-3088 2992 144 ) 
4 1034 1039 (-3436 3072 144 ) (-3436 2992 144 ) (-3436 2992 160 ) (-3436 3072 160 ) 
4 1035 1054 (-3436 2836 144 ) (-3436 2984 144 ) (-3096 2984 144 ) (-3096 2836 144 ) 
4 1035 1036 (-3436 2836 160 ) (-3436 2836 144 ) (-3096 2836 144 ) (-3096 2836 160 ) 
4 1036 1054 (-3436 2608 144 ) (-3436 2836 144 ) (-3096 2836 144 ) (-3096 2608 144 ) 
4 1036 1037 (-3436 2608 160 ) (-3436 2608 144 ) (-3096 2608 144 ) (-3096 2608 160 ) 
4 1037 1054 (-3436 2480 144 ) (-3436 2608 144 ) (-3096 2608 144 ) (-3096 2480 144 ) 
4 1038 1076 (-3436 2096 144 ) (-3436 2460 144 ) (-3328 2460 144 ) (-3328 2096 144 ) 
4 1038 1071 (-3328 2460 144 ) (-3195 2460 144 ) (-3195 2096 144 ) (-3328 2096 144 ) 
4 1038 1070 (-3195 2460 144 ) (-3160 2460 144 ) (-3160 2096 144 ) (-3195 2096 144 ) 
4 1038 1066 (-3160 2460 144 ) (-3104 2460 144 ) (-3104 2096 144 ) (-3160 2096 144 ) 
4 1038 1065 (-3104 2460 144 ) (-3072 2460 144 ) (-3072 2096 144 ) (-3104 2096 144 ) 
4 1038 1040 (-3436 2332 144 ) (-3436 2096 144 ) (-3436 2096 160 ) (-3436 2332 160 ) 
4 1039 1055 (-3444 2992 144 ) (-3444 3072 144 ) (-3436 3072 144 ) (-3436 2992 144 ) 
4 1039 1041 (-3444 3072 144 ) (-3444 2992 144 ) (-3444 2992 160 ) (-3444 3072 160 ) 
4 1040 1078 (-3444 2096 144 ) (-3444 2332 144 ) (-3436 2332 144 ) (-3436 2096 144 ) 
4 1040 1049 (-3444 2332 144 ) (-3444 2096 144 ) (-3444 2096 160 ) (-3444 2332 160 ) 
4 1041 1057 (-3472 3072 144 ) (-3444 3072 144 ) (-3444 2992 144 ) (-3472 2992 144 ) 
4 1041 1042 (-3472 3072 144 ) (-3472 2992 144 ) (-3472 2992 160 ) (-3472 3072 160 ) 
4 1042 1060 (-3664 3072 144 ) (-3472 3072 144 ) (-3472 2864 144 ) (-3664 2864 144 ) 
4 1042 1046 (-3664 3072 144 ) (-3664 2864 144 ) (-3664 2864 160 ) (-3664 3072 160 ) 
4 1042 1043 (-3664 2864 160 ) (-3664 2864 144 ) (-3472 2864 144 ) (-3472 2864 160 ) 
4 1043 1061 (-3472 2864 144 ) (-3472 2854 144 ) (-3664 2854 144 ) (-3664 2864 144 ) 
4 1043 1044 (-3664 2854 160 ) (-3664 2854 144 ) (-3472 2854 144 ) (-3472 2854 160 ) 
4 1044 1062 (-3472 2854 144 ) (-3472 2853 144 ) (-3664 2853 144 ) (-3664 2854 144 ) 
4 1044 1045 (-3664 2853 160 ) (-3664 2853 144 ) (-3472 2853 144 ) (-3472 2853 160 ) 
4 1045 1063 (-3472 2853 144 ) (-3472 2852 144 ) (-3664 2852 144 ) (-3664 2853 144 ) 
4 1045 1047 (-3664 2852 144 ) (-3472 2852 144 ) (-3472 2852 160 ) (-3664 2852 160 ) 
4 1046 1120 (-4096 2864 160 ) (-4096 3072 160 ) (-4096 3072 144 ) (-4096 2864 144 ) 
3 1046 1060 (-3693.714111 3072 144 ) (-3664 3072 144 ) (-3664 2864 144 ) 
4 1046 1059 (-4096 2864 144 ) (-4096 3072 144 ) (-3693.714111 3072 144 ) (-3664 2864 144 ) 
4 1047 1136 (-4096 2400 160 ) (-4096 2852 160 ) (-4096 2852 144 ) (-4096 2400 144 ) 
4 1047 1077 (-4096 2400 144 ) (-4096 2480 144 ) (-3444 2480 144 ) (-3444 2400 144 ) 
4 1047 1064 (-4096 2480 144 ) (-4096 2852 144 ) (-3664 2852 144 ) (-3664 2480 144 ) 
4 1047 1063 (-3664 2852 144 ) (-3472 2852 144 ) (-3472 2480 144 ) (-3664 2480 144 ) 
4 1047 1058 (-3472 2852 144 ) (-3444 2852 144 ) (-3444 2480 144 ) (-3472 2480 144 ) 
4 1047 1048 (-4096 2400 144 ) (-3580 2400 144 ) (-3580 2400 160 ) (-4096 2400 160 ) 
4 1048 1136 (-4096 2332 160 ) (-4096 2400 160 ) (-4096 2400 144 ) (-4096 2332 144 ) 
4 1048 1079 (-4096 2332 144 ) (-4096 2400 144 ) (-3580 2400 144 ) (-3580 2332 144 ) 
4 1048 1050 (-4096 2332 144 ) (-3580 2332 144 ) (-3580 2332 160 ) (-4096 2332 160 ) 
4 1049 1078 (-3558 2332 144 ) (-3444 2332 144 ) (-3444 2096 144 ) (-3558 2096 144 ) 
4 1050 1136 (-4096 2096 160 ) (-4096 2332 160 ) (-4096 2332 144 ) (-4096 2096 144 ) 
4 1050 1079 (-4096 2096 144 ) (-4096 2332 144 ) (-3580 2332 144 ) (-3580 2096 144 ) 
4 1050 1051 (-4096 2096 144 ) (-3580 2096 144 ) (-3580 2096 160 ) (-4096 2096 160 ) 
4 1051 1158 (-3580 2048 160 ) (-4096 2048 160 ) (-4096 2048 144 ) (-3580 2048 144 ) 
4 1051 1136 (-4096 2048 144 ) (-4096 2048 160 ) (-4096 2096 160 ) (-4096 2096 144 ) 
4 1051 1080 (-3580 2048 144 ) (-4096 2048 144 ) (-4096 2096 144 ) (-3580 2096 144 ) 
4 1052 1088 (-3436 3072 32 ) (-3312 3072 32 ) (-3312 2992 32 ) (-3436 2992 32 ) 
4 1052 1081 (-3312 3072 32 ) (-3088 3072 32 ) (-3088 2992 32 ) (-3312 2992 32 ) 
4 1052 1055 (-3436 3072 32 ) (-3436 2992 32 ) (-3436 2992 144 ) (-3436 3072 144 ) 
4 1053 1054 (-3096 2836 32 ) (-3096 2608 32 ) (-3096 2608 140 ) (-3096 2836 140 ) 
4 1054 1097 (-3312 2544 32 ) (-3312 2568 32 ) (-3248 2568 32 ) (-3248 2544 32 ) 
4 1054 1095 (-3312 2856 32 ) (-3184 2856 32 ) (-3184 2568 32 ) (-3312 2568 32 ) 
4 1054 1082 (-3184 2856 32 ) (-3248 2856 32 ) (-3248 2888 32 ) (-3184 2888 32 ) 
4 1054 1083 (-3248 2856 32 ) (-3312 2856 32 ) (-3312 2912 32 ) (-3248 2912 32 ) 
4 1054 1072 (-3195 2480 68 ) (-3195 2480 136 ) (-3328 2480 136 ) (-3328 2480 68 ) 
4 1054 1067 (-3160 2480 32 ) (-3104 2480 32 ) (-3104 2480 136 ) (-3160 2480 136 ) 
4 1054 1056 (-3436 2544 32 ) (-3436 2488 32 ) (-3436 2488 136 ) (-3436 2544 136 ) 
4 1055 1088 (-3444 3072 32 ) (-3436 3072 32 ) (-3436 2992 32 ) (-3444 2992 32 ) 
4 1055 1057 (-3444 3072 32 ) (-3444 2992 32 ) (-3444 2992 144 ) (-3444 3072 144 ) 
4 1056 1058 (-3444 2544 32 ) (-3444 2488 32 ) (-3444 2488 136 ) (-3444 2544 136 ) 
4 1057 1088 (-3472 3072 32 ) (-3444 3072 32 ) (-3444 2992 32 ) (-3472 2992 32 ) 
4 1057 1060 (-3472 3072 32 ) (-3472 2992 32 ) (-3472 2992 144 ) (-3472 3072 144 ) 
4 1058 1077 (-3472 2480 32 ) (-3444 2480 32 ) (-3444 2480 144 ) (-3472 2480 144 ) 
4 1058 1063 (-3472 2852 32 ) (-3472 2480 32 ) (-3472 2480 144 ) (-3472 2852 144 ) 
4 1059 1120 (-4096 2864 144 ) (-4096 3072 144 ) (-4096 3072 32 ) (-4096 2864 32 ) 
4 1059 1089 (-4096 2864 32 ) (-4096 3072 32 ) (-3693.714111 3072 32 ) (-3664 2864 32 ) 
4 1059 1060 (-3664 2864 144 ) (-3664 2864 32 ) (-3693.713623 3072 32 ) (-3693.713623 3072 144 ) 
4 1060 1090 (-3693.714111 3072 32 ) (-3472 3072 32 ) (-3472 2864 32 ) (-3664 2864 32 ) 
4 1060 1061 (-3664 2864 32 ) (-3472 2864 32 ) (-3472 2864 144 ) (-3664 2864 144 ) 
4 1061 1091 (-3664 2864 32 ) (-3472 2864 32 ) (-3472 2856 32 ) (-3664 2856 32 ) 
4 1061 1062 (-3664 2854 144 ) (-3664 2854 32 ) (-3472 2854 32 ) (-3472 2854 144 ) 
4 1062 1063 (-3664 2853 144 ) (-3664 2853 32 ) (-3472 2853 32 ) (-3472 2853 144 ) 
4 1063 1077 (-3664 2480 32 ) (-3472 2480 32 ) (-3472 2480 144 ) (-3664 2480 144 ) 
4 1063 1064 (-3664 2852 32 ) (-3664 2480 32 ) (-3664 2480 144 ) (-3664 2852 144 ) 
4 1064 1136 (-4096 2480 144 ) (-4096 2852 144 ) (-4096 2852 32 ) (-4096 2480 32 ) 
4 1064 1077 (-4096 2480 32 ) (-3664 2480 32 ) (-3664 2480 144 ) (-4096 2480 144 ) 
4 1065 1100 (-3104 2096 32 ) (-3104 2332 32 ) (-3072 2332 32 ) (-3072 2096 32 ) 
4 1065 1099 (-3104 2332 32 ) (-3104 2460 32 ) (-3072 2460 32 ) (-3072 2332 32 ) 
4 1065 1069 (-3104 2460 32 ) (-3104 2096 32 ) (-3104 2096 136 ) (-3104 2460 136 ) 
4 1065 1066 (-3104 2096 136 ) (-3104 2096 144 ) (-3104 2460 144 ) (-3104 2460 136 ) 
4 1066 1070 (-3160 2460 136 ) (-3160 2096 136 ) (-3160 2096 144 ) (-3160 2460 144 ) 
4 1066 1069 (-3160 2096 136 ) (-3160 2460 136 ) (-3104 2460 136 ) (-3104 2096 136 ) 
4 1067 1068 (-3104 2464 32 ) (-3104 2464 136 ) (-3160 2464 136 ) (-3160 2464 32 ) 
4 1068 1069 (-3104 2463 32 ) (-3104 2463 136 ) (-3160 2463 136 ) (-3160 2463 32 ) 
4 1069 1100 (-3160 2096 32 ) (-3160 2332 32 ) (-3104 2332 32 ) (-3104 2096 32 ) 
4 1069 1099 (-3160 2332 32 ) (-3160 2460 32 ) (-3104 2460 32 ) (-3104 2332 32 ) 
4 1069 1070 (-3160 2460 32 ) (-3160 2096 32 ) (-3160 2096 136 ) (-3160 2460 136 ) 
4 1070 1100 (-3195 2096 32 ) (-3195 2332 32 ) (-3160 2332 32 ) (-3160 2096 32 ) 
4 1070 1099 (-3195 2332 32 ) (-3195 2460 32 ) (-3160 2460 32 ) (-3160 2332 32 ) 
4 1070 1075 (-3195 2460 32 ) (-3195 2096 32 ) (-3195 2096 68 ) (-3195 2460 68 ) 
4 1070 1074 (-3195 2096 68 ) (-3195 2096 136 ) (-3195 2460 136 ) (-3195 2460 68 ) 
4 1070 1071 (-3195 2096 136 ) (-3195 2096 144 ) (-3195 2460 144 ) (-3195 2460 136 ) 
4 1071 1076 (-3328 2460 136 ) (-3328 2096 136 ) (-3328 2096 144 ) (-3328 2460 144 ) 
4 1071 1074 (-3328 2096 136 ) (-3328 2460 136 ) (-3195 2460 136 ) (-3195 2096 136 ) 
4 1072 1073 (-3328 2470.500000 68 ) (-3195 2470.500000 68 ) (-3195 2470.500000 136 ) (-3328 2470.500000 136 ) 
4 1073 1074 (-3328 2469.500000 68 ) (-3195 2469.500000 68 ) (-3195 2469.500000 136 ) (-3328 2469.500000 136 ) 
4 1074 1076 (-3328 2460 68 ) (-3328 2096 68 ) (-3328 2096 136 ) (-3328 2460 136 ) 
4 1074 1075 (-3328 2096 68 ) (-3328 2460 68 ) (-3195 2460 68 ) (-3195 2096 68 ) 
4 1075 1100 (-3328 2096 32 ) (-3328 2332 32 ) (-3195 2332 32 ) (-3195 2096 32 ) 
4 1075 1099 (-3328 2332 32 ) (-3328 2460 32 ) (-3195 2460 32 ) (-3195 2332 32 ) 
4 1075 1076 (-3328 2460 32 ) (-3328 2096 32 ) (-3328 2096 68 ) (-3328 2460 68 ) 
4 1076 1100 (-3436 2096 32 ) (-3436 2332 32 ) (-3328 2332 32 ) (-3328 2096 32 ) 
4 1076 1099 (-3436 2332 32 ) (-3436 2460 32 ) (-3328 2460 32 ) (-3328 2332 32 ) 
4 1076 1078 (-3436 2332 32 ) (-3436 2096 32 ) (-3436 2096 144 ) (-3436 2332 144 ) 
4 1077 1136 (-4096 2400 144 ) (-4096 2480 144 ) (-4096 2480 32 ) (-4096 2400 32 ) 
4 1077 1079 (-4096 2400 32 ) (-3580 2400 32 ) (-3580 2400 144 ) (-4096 2400 144 ) 
4 1078 1100 (-3436 2332 32 ) (-3436 2096 32 ) (-3564 2096 32 ) (-3564 2332 32 ) 
4 1079 1136 (-4096 2096 144 ) (-4096 2400 144 ) (-4096 2400 32 ) (-4096 2096 32 ) 
4 1079 1080 (-4096 2096 32 ) (-3580 2096 32 ) (-3580 2096 144 ) (-4096 2096 144 ) 
4 1080 1160 (-3580 2048 144 ) (-4096 2048 144 ) (-4096 2048 32 ) (-3580 2048 32 ) 
4 1080 1136 (-4096 2048 32 ) (-4096 2048 144 ) (-4096 2096 144 ) (-4096 2096 32 ) 
4 1081 1088 (-3312 2992 32 ) (-3312 3072 32 ) (-3312 3072 16 ) (-3312 2992 16 ) 
4 1081 1084 (-3312 2992 16 ) (-3312 3072 16 ) (-3088 3072 16 ) (-3088 2992 16 ) 
4 1082 1095 (-3184 2856 32 ) (-3248 2856 32 ) (-3248 2856 16 ) (-3184 2856 16 ) 
4 1082 1085 (-3184 2856 16 ) (-3248 2856 16 ) (-3248 2888 16 ) (-3184 2888 16 ) 
4 1082 1083 (-3248 2888 16 ) (-3248 2856 16 ) (-3248 2856 32 ) (-3248 2888 32 ) 
4 1083 1095 (-3248 2856 32 ) (-3312 2856 32 ) (-3312 2856 16 ) (-3248 2856 16 ) 
4 1083 1086 (-3312 2856 16 ) (-3312 2912 16 ) (-3248 2912 16 ) (-3248 2856 16 ) 
4 1084 1092 (-3312 2992 16 ) (-3312 3072 16 ) (-3312 3072 -16 ) (-3312 2992 -16 ) 
4 1084 1087 (-3312 2992 -16 ) (-3312 3072 -16 ) (-3088 3072 -16 ) (-3088 2992 -16 ) 
4 1085 1096 (-3248 2856 -16 ) (-3184 2856 -16 ) (-3184 2856 16 ) (-3248 2856 16 ) 
4 1085 1086 (-3248 2888 -16 ) (-3248 2856 -16 ) (-3248 2856 16 ) (-3248 2888 16 ) 
4 1086 1096 (-3312 2856 16 ) (-3312 2856 -16 ) (-3248 2856 -16 ) (-3248 2856 16 ) 
4 1087 1092 (-3312 3072 -32 ) (-3312 2992 -32 ) (-3312 2992 -16 ) (-3312 3072 -16 ) 
4 1088 1092 (-3472 3072 16 ) (-3312 3072 16 ) (-3312 2992 16 ) (-3472 2992 16 ) 
4 1088 1090 (-3472 3072 16 ) (-3472 2992 16 ) (-3472 2992 32 ) (-3472 3072 32 ) 
4 1089 1120 (-4096 2864 32 ) (-4096 3072 32 ) (-4096 3072 16 ) (-4096 2864 16 ) 
4 1089 1094 (-3682.285645 2992 16 ) (-3664 2864 16 ) (-4096 2864 16 ) (-4096 2992 16 ) 
4 1089 1092 (-4096 3072 16 ) (-3693.714111 3072 16 ) (-3682.285645 2992 16 ) (-4096 2992 16 ) 
4 1089 1090 (-3663.998779 2864 32 ) (-3663.998779 2864 16 ) (-3693.713135 3072 16 ) (-3693.713135 3072 32 ) 
3 1090 1094 (-3664 2864 16 ) (-3682.285645 2992 16 ) (-3664 2992 16 ) 
4 1090 1093 (-3472 2992 16 ) (-3472 2864 16 ) (-3664 2864 16 ) (-3664 2992 16 ) 
4 1090 1092 (-3693.714111 3072 16 ) (-3472 3072 16 ) (-3472 2992 16 ) (-3682.285645 2992 16 ) 
4 1090 1091 (-3664 2864 16 ) (-3472 2864 16 ) (-3472 2864 32 ) (-3664 2864 32 ) 
4 1091 1093 (-3472 2856 16 ) (-3664 2856 16 ) (-3664 2864 16 ) (-3472 2864 16 ) 
4 1092 1122 (-4096 3072 16 ) (-4096 3072 -32 ) (-4096 2992 -32 ) (-4096 2992 16 ) 
4 1092 1094 (-4096 2992 -32 ) (-3664 2992 -32 ) (-3664 2992 16 ) (-4096 2992 16 ) 
4 1092 1093 (-3664 2992 -32 ) (-3472 2992 -32 ) (-3472 2992 16 ) (-3664 2992 16 ) 
4 1093 1094 (-3664 2992 16 ) (-3664 2992 -32 ) (-3664 2864 -32 ) (-3664 2864 16 ) 
4 1094 1122 (-4096 2992 -32 ) (-4096 2864 -32 ) (-4096 2864 16 ) (-4096 2992 16 ) 
4 1095 1097 (-3248 2568 32 ) (-3312 2568 32 ) (-3312 2568 16 ) (-3248 2568 16 ) 
4 1095 1096 (-3184 2568 16 ) (-3312 2568 16 ) (-3312 2856 16 ) (-3184 2856 16 ) 
4 1096 1098 (-3248 2568 16 ) (-3312 2568 16 ) (-3312 2568 -16 ) (-3248 2568 -16 ) 
4 1097 1098 (-3312 2544 16 ) (-3312 2568 16 ) (-3248 2568 16 ) (-3248 2544 16 ) 
4 1099 1100 (-3436 2332 16 ) (-3072 2332 16 ) (-3072 2332 32 ) (-3436 2332 32 ) 
4 1101 1119 (-4096 3072 1224 ) (-4096 3072 1856 ) (-5120 3072 1856 ) (-5120 3072 1224 ) 
4 1101 1109 (-5120 4096 1856 ) (-5120 4096 1224 ) (-5120 3072 1224 ) (-5120 3072 1856 ) 
4 1101 1105 (-5120 3072 1224 ) (-5120 4096 1224 ) (-4630 4096 1224 ) (-4630 3072 1224 ) 
4 1101 1104 (-4630 4096 1224 ) (-4104 4096 1224 ) (-4104 3072 1224 ) (-4630 3072 1224 ) 
4 1101 1103 (-4096 3312 1224 ) (-4096 3072 1224 ) (-4104 3072 1224 ) (-4104 3312 1224 ) 
4 1101 1102 (-4104 4096 1224 ) (-4096 4096 1224 ) (-4096 3312 1224 ) (-4104 3312 1224 ) 
4 1102 1106 (-4104 3312 16 ) (-4104 4096 16 ) (-4096 4096 16 ) (-4096 3312 16 ) 
4 1102 1104 (-4104 4096 16 ) (-4104 3312 16 ) (-4104 3312 1224 ) (-4104 4096 1224 ) 
4 1102 1103 (-4104 3312 1224 ) (-4104 3312 16 ) (-4096 3312 16 ) (-4096 3312 1224 ) 
4 1103 1120 (-4096 3072 16 ) (-4096 3072 1224 ) (-4104 3072 1224 ) (-4104 3072 16 ) 
4 1103 1106 (-4096 3072 16 ) (-4104 3072 16 ) (-4104 3312 16 ) (-4096 3312 16 ) 
4 1103 1104 (-4104 3312 16 ) (-4104 3072 16 ) (-4104 3072 1224 ) (-4104 3312 1224 ) 
4 1104 1121 (-4104 3072 1224 ) (-4630 3072 1224 ) (-4630 3072 16 ) (-4104 3072 16 ) 
4 1104 1107 (-4104 3072 16 ) (-4630 3072 16 ) (-4630 4096 16 ) (-4104 4096 16 ) 
4 1104 1105 (-4630 4096 16 ) (-4630 3072 16 ) (-4630 3072 1224 ) (-4630 4096 1224 ) 
4 1105 1124 (-4630 3072 1224 ) (-5120 3072 1224 ) (-5120 3072 16 ) (-4630 3072 16 ) 
4 1105 1111 (-5120 4096 140 ) (-5120 4096 16 ) (-5120 3072 16 ) (-5120 3072 140 ) 
4 1105 1110 (-5120 4096 1224 ) (-5120 4096 140 ) (-5120 3072 140 ) (-5120 3072 1224 ) 
4 1105 1108 (-4630 3072 16 ) (-5120 3072 16 ) (-5120 4096 16 ) (-4630 4096 16 ) 
4 1106 1122 (-4096 3072 -32 ) (-4096 3072 16 ) (-4104 3072 16 ) (-4104 3072 -32 ) 
4 1106 1107 (-4104 4096 -32 ) (-4104 3072 -32 ) (-4104 3072 16 ) (-4104 4096 16 ) 
4 1107 1123 (-4104 3072 16 ) (-4630 3072 16 ) (-4630 3072 -32 ) (-4104 3072 -32 ) 
4 1107 1108 (-4630 4096 -32 ) (-4630 3072 -32 ) (-4630 3072 16 ) (-4630 4096 16 ) 
4 1108 1125 (-4630 3072 16 ) (-5120 3072 16 ) (-5120 3072 -32 ) (-4630 3072 -32 ) 
4 1108 1117 (-5120 4096 16 ) (-5120 4096 -32 ) (-5120 3072 -32 ) (-5120 3072 16 ) 
4 1109 1141 (-5120 3072 1224 ) (-5120 3072 1856 ) (-5904 3072 1856 ) (-5904 3072 1224 ) 
4 1109 1114 (-5904 3072 1224 ) (-5904 3072 1616 ) (-5904 3952 1616 ) (-5904 3952 1224 ) 
4 1109 1113 (-5904 3072 1616 ) (-5904 3072 1856 ) (-5904 4096 1856 ) (-5904 4096 1616 ) 
4 1109 1110 (-5904 3072 1224 ) (-5904 4096 1224 ) (-5120 4096 1224 ) (-5120 3072 1224 ) 
4 1110 1142 (-5120 3072 140 ) (-5120 3072 1224 ) (-5904 3072 1224 ) (-5904 3072 140 ) 
4 1110 1116 (-5904 3824 704 ) (-5904 3952 704 ) (-5904 3952 140 ) (-5904 3824 140 ) 
4 1110 1115 (-5904 3072 704 ) (-5904 3072 1224 ) (-5904 3952 1224 ) (-5904 3952 704 ) 
4 1110 1111 (-5120 3072 140 ) (-5141 3072 140 ) (-5141 4096 140 ) (-5120 4096 140 ) 
4 1110 1112 (-5142 3072 140 ) (-5904 3072 140 ) (-5904 4096 140 ) (-5142 4096 140 ) 
4 1111 1143 (-5141 3072 16 ) (-5120 3072 16 ) (-5120 3072 140 ) (-5141 3072 140 ) 
4 1111 1117 (-5120 4096 16 ) (-5120 3072 16 ) (-5136 3072 16 ) (-5136 4096 16 ) 
4 1112 1145 (-5904 3072 16 ) (-5142 3072 16 ) (-5142 3072 140 ) (-5904 3072 140 ) 
4 1112 1118 (-5272 3072 16 ) (-5776 3072 16 ) (-5776 4096 16 ) (-5272 4096 16 ) 
4 1112 1116 (-5904 3952 16 ) (-5904 3824 16 ) (-5904 3824 140 ) (-5904 3952 140 ) 
4 1113 2023 (-6144 3072 1616 ) (-6144 3072 1856 ) (-6144 3824 1856 ) (-6144 3824 1616 ) 
4 1113 2020 (-6144 3824 1856 ) (-6144 4096 1856 ) (-6144 4096 1616 ) (-6144 3824 1616 ) 
4 1113 1141 (-6144 3072 1856 ) (-6144 3072 1616 ) (-5904 3072 1616 ) (-5904 3072 1856 ) 
4 1113 1114 (-6144 3072 1616 ) (-6144 3952 1616 ) (-5904 3952 1616 ) (-5904 3072 1616 ) 
4 1114 2023 (-6144 3072 1224 ) (-6144 3072 1616 ) (-6144 3824 1616 ) (-6144 3824 1224 ) 
4 1114 2021 (-6144 3824 1616 ) (-6144 3952 1616 ) (-6144 3952 1224 ) (-6144 3824 1224 ) 
4 1114 1141 (-6144 3072 1616 ) (-6144 3072 1224 ) (-5904 3072 1224 ) (-5904 3072 1616 ) 
4 1114 1115 (-6144 3072 1224 ) (-6144 3952 1224 ) (-5904 3952 1224 ) (-5904 3072 1224 ) 
4 1115 2024 (-6144 3072 704 ) (-6144 3072 1224 ) (-6144 3824 1224 ) (-6144 3824 704 ) 
4 1115 2022 (-6144 3824 1224 ) (-6144 3952 1224 ) (-6144 3952 704 ) (-6144 3824 704 ) 
4 1115 1146 (-6144 3072 1224 ) (-6144 3072 704 ) (-5904 3072 704 ) (-5904 3072 1224 ) 
4 1115 1116 (-5904 3952 704 ) (-5904 3824 704 ) (-6144 3824 704 ) (-6144 3952 704 ) 
4 1116 2022 (-6144 3824 704 ) (-6144 3952 704 ) (-6144 3952 16 ) (-6144 3824 16 ) 
4 1117 1148 (-5120 3072 -32 ) (-5120 3072 16 ) (-5136 3072 16 ) (-5136 3072 -32 ) 
4 1118 1149 (-5272 3072 8 ) (-5272 3072 16 ) (-5776 3072 16 ) (-5776 3072 8 ) 
4 1119 1141 (-5120 3072 1856 ) (-5120 3072 1224 ) (-5120 2864 1224 ) (-5120 2864 1856 ) 
4 1119 1128 (-4112 2864 1856 ) (-5120 2864 1856 ) (-5120 2864 1224 ) (-4112 2864 1224 ) 
4 1119 1126 (-4096 2864 1224 ) (-4096 2864 1856 ) (-4112 2864 1856 ) (-4112 2864 1224 ) 
4 1119 1124 (-4630 2864 1224 ) (-5120 2864 1224 ) (-5120 3072 1224 ) (-4630 3072 1224 ) 
4 1119 1121 (-4104 2864 1224 ) (-4630 2864 1224 ) (-4630 3072 1224 ) (-4104 3072 1224 ) 
4 1119 1120 (-4096 2864 1224 ) (-4104 2864 1224 ) (-4104 3072 1224 ) (-4096 3072 1224 ) 
4 1120 1127 (-4096 2864 400 ) (-4096 2864 1224 ) (-4104 2864 1224 ) (-4104 2864 400 ) 
4 1120 1122 (-4096 2864 16 ) (-4104 2864 16 ) (-4104 3072 16 ) (-4096 3072 16 ) 
4 1120 1121 (-4104 3072 16 ) (-4104 2864 16 ) (-4104 2864 1224 ) (-4104 3072 1224 ) 
4 1121 1129 (-4112 2864 1224 ) (-4630 2864 1224 ) (-4630 2864 16 ) (-4112 2864 16 ) 
4 1121 1127 (-4104 2864 1224 ) (-4112 2864 1224 ) (-4112 2864 400 ) (-4104 2864 400 ) 
4 1121 1124 (-4630 2864 16 ) (-4630 2864 1224 ) (-4630 3072 1224 ) (-4630 3072 16 ) 
4 1121 1123 (-4104 2864 16 ) (-4630 2864 16 ) (-4630 3072 16 ) (-4104 3072 16 ) 
4 1122 1123 (-4104 3072 -32 ) (-4104 2864 -32 ) (-4104 2864 16 ) (-4104 3072 16 ) 
4 1123 1131 (-4630 2864 -32 ) (-4112 2864 -32 ) (-4112 2864 16 ) (-4630 2864 16 ) 
4 1123 1125 (-4630 3072 -32 ) (-4630 2864 -32 ) (-4630 2864 16 ) (-4630 3072 16 ) 
4 1124 1143 (-5120 3072 140 ) (-5120 3072 16 ) (-5120 2864 16 ) (-5120 2864 140 ) 
4 1124 1142 (-5120 3072 1224 ) (-5120 3072 140 ) (-5120 2864 140 ) (-5120 2864 1224 ) 
4 1124 1130 (-4630 2864 16 ) (-4630 2864 1224 ) (-5120 2864 1224 ) (-5120 2864 16 ) 
4 1124 1125 (-4630 3072 16 ) (-4630 2864 16 ) (-5120 2864 16 ) (-5120 3072 16 ) 
4 1125 1148 (-5120 3072 16 ) (-5120 3072 -32 ) (-5120 2864 -32 ) (-5120 2864 16 ) 
4 1125 1132 (-5120 2864 -32 ) (-4630 2864 -32 ) (-4630 2864 16 ) (-5120 2864 16 ) 
4 1126 1133 (-4096 2856 1224 ) (-4096 2856 1856 ) (-4112 2856 1856 ) (-4112 2856 1224 ) 
4 1126 1128 (-4112 2864 1856 ) (-4112 2864 1224 ) (-4112 2856 1224 ) (-4112 2856 1856 ) 
4 1126 1127 (-4096 2856 1224 ) (-4112 2856 1224 ) (-4112 2864 1224 ) (-4096 2864 1224 ) 
4 1127 1134 (-4096 2856 400 ) (-4096 2856 1224 ) (-4112 2856 1224 ) (-4112 2856 400 ) 
4 1127 1129 (-4112 2864 1224 ) (-4112 2864 400 ) (-4112 2856 400 ) (-4112 2856 1224 ) 
4 1128 1141 (-5120 2856 1224 ) (-5120 2856 1856 ) (-5120 2864 1856 ) (-5120 2864 1224 ) 
4 1128 1133 (-5120 2856 1856 ) (-5120 2856 1224 ) (-4112 2856 1224 ) (-4112 2856 1856 ) 
4 1128 1130 (-5120 2864 1224 ) (-4630 2864 1224 ) (-4630 2856 1224 ) (-5120 2856 1224 ) 
4 1128 1129 (-4630 2864 1224 ) (-4112 2864 1224 ) (-4112 2856 1224 ) (-4630 2856 1224 ) 
4 1129 1137 (-4630 2856 16 ) (-4112 2856 16 ) (-4112 2856 384 ) (-4630 2856 384 ) 
4 1129 1135 (-4112 2856 384 ) (-4112 2856 400 ) (-4630 2856 400 ) (-4630 2856 384 ) 
4 1129 1134 (-4112 2856 400 ) (-4112 2856 1224 ) (-4630 2856 1224 ) (-4630 2856 400 ) 
4 1129 1131 (-4630 2864 16 ) (-4112 2864 16 ) (-4112 2856 16 ) (-4630 2856 16 ) 
4 1129 1130 (-4630 2864 16 ) (-4630 2856 16 ) (-4630 2856 1224 ) (-4630 2864 1224 ) 
4 1130 1144 (-5120 2856 16 ) (-5120 2856 140 ) (-5120 2864 140 ) (-5120 2864 16 ) 
4 1130 1142 (-5120 2856 140 ) (-5120 2856 1224 ) (-5120 2864 1224 ) (-5120 2864 140 ) 
4 1130 1138 (-5120 2856 384 ) (-5120 2856 16 ) (-4630 2856 16 ) (-4630 2856 384 ) 
4 1130 1135 (-5120 2856 400 ) (-5120 2856 384 ) (-4630 2856 384 ) (-4630 2856 400 ) 
4 1130 1134 (-5120 2856 1224 ) (-5120 2856 400 ) (-4630 2856 400 ) (-4630 2856 1224 ) 
4 1130 1132 (-5120 2864 16 ) (-4630 2864 16 ) (-4630 2856 16 ) (-5120 2856 16 ) 
4 1131 1139 (-4630 2856 -32 ) (-4112 2856 -32 ) (-4112 2856 16 ) (-4630 2856 16 ) 
4 1131 1132 (-4630 2856 16 ) (-4630 2864 16 ) (-4630 2864 -32 ) (-4630 2856 -32 ) 
4 1132 1148 (-5120 2864 -32 ) (-5120 2856 -32 ) (-5120 2856 16 ) (-5120 2864 16 ) 
4 1132 1140 (-5120 2856 16 ) (-5120 2856 -32 ) (-4630 2856 -32 ) (-4630 2856 16 ) 
4 1133 1175 (-4624 2048 1856 ) (-5120 2048 1856 ) (-5120 2048 1224 ) (-4624 2048 1224 ) 
4 1133 1168 (-4096 2048 1224 ) (-4096 2048 1856 ) (-4624 2048 1856 ) (-4624 2048 1224 ) 
4 1133 1141 (-5120 2048 1224 ) (-5120 2048 1856 ) (-5120 2856 1856 ) (-5120 2856 1224 ) 
4 1133 1134 (-5120 2856 1224 ) (-4096 2856 1224 ) (-4096 2048 1224 ) (-5120 2048 1224 ) 
4 1134 1176 (-4624 2048 1224 ) (-5120 2048 1224 ) (-5120 2048 400 ) (-4624 2048 400 ) 
4 1134 1169 (-4096 2048 400 ) (-4096 2048 1224 ) (-4624 2048 1224 ) (-4624 2048 400 ) 
4 1134 1142 (-5120 2048 400 ) (-5120 2048 1224 ) (-5120 2856 1224 ) (-5120 2856 400 ) 
4 1134 1135 (-4112 2048 400 ) (-5120 2048 400 ) (-5120 2856 400 ) (-4112 2856 400 ) 
4 1135 1176 (-4624 2048 400 ) (-5120 2048 400 ) (-5120 2048 384 ) (-4624 2048 384 ) 
4 1135 1171 (-4112 2048 400 ) (-4624 2048 400 ) (-4624 2048 384 ) (-4112 2048 384 ) 
4 1135 1142 (-5120 2048 384 ) (-5120 2048 400 ) (-5120 2856 400 ) (-5120 2856 384 ) 
4 1135 1138 (-4630 2048 384 ) (-5120 2048 384 ) (-5120 2856 384 ) (-4630 2856 384 ) 
4 1135 1137 (-4112 2048 384 ) (-4630 2048 384 ) (-4630 2856 384 ) (-4112 2856 384 ) 
4 1136 1183 (-4096 2048 32 ) (-4096 2048 144 ) (-4100 2048 144 ) (-4100 2048 32 ) 
4 1136 1172 (-4096 2048 144 ) (-4096 2048 256 ) (-4100 2048 256 ) (-4100 2048 144 ) 
4 1137 1190 (-4112 2048 16 ) (-4112 2048 144 ) (-4630 2048 144 ) (-4630 2048 16 ) 
4 1137 1181 (-4630 2048 288 ) (-4630 2048 144 ) (-4624 2048 144 ) (-4624 2048 288 ) 
4 1137 1176 (-4624 2048 384 ) (-4630 2048 384 ) (-4630 2048 288 ) (-4624 2048 288 ) 
4 1137 1173 (-4112 2048 144 ) (-4112 2048 384 ) (-4624 2048 384 ) (-4624 2048 144 ) 
4 1137 1139 (-4630 2856 16 ) (-4112 2856 16 ) (-4112 2048 16 ) (-4630 2048 16 ) 
4 1137 1138 (-4630 2856 16 ) (-4630 2048 16 ) (-4630 2048 384 ) (-4630 2856 384 ) 
4 1138 1191 (-5120 2048 144 ) (-5120 2048 16 ) (-4630 2048 16 ) (-4630 2048 144 ) 
4 1138 1181 (-5120 2048 288 ) (-5120 2048 144 ) (-4630 2048 144 ) (-4630 2048 288 ) 
4 1138 1176 (-4630 2048 384 ) (-5120 2048 384 ) (-5120 2048 288 ) (-4630 2048 288 ) 
4 1138 1144 (-5120 2048 16 ) (-5120 2048 140 ) (-5120 2856 140 ) (-5120 2856 16 ) 
4 1138 1142 (-5120 2048 140 ) (-5120 2048 384 ) (-5120 2856 384 ) (-5120 2856 140 ) 
4 1138 1140 (-5120 2048 16 ) (-5120 2856 16 ) (-4630 2856 16 ) (-4630 2048 16 ) 
4 1139 1224 (-4624 2048 16 ) (-4630 2048 16 ) (-4630 2048 -32 ) (-4624 2048 -32 ) 
4 1139 1222 (-4112 2048 -32 ) (-4112 2048 16 ) (-4624 2048 16 ) (-4624 2048 -32 ) 
4 1139 1140 (-4630 2856 -32 ) (-4630 2048 -32 ) (-4630 2048 16 ) (-4630 2856 16 ) 
4 1140 1225 (-4630 2048 16 ) (-5120 2048 16 ) (-5120 2048 -32 ) (-4630 2048 -32 ) 
4 1140 1148 (-5120 2048 -32 ) (-5120 2048 16 ) (-5120 2856 16 ) (-5120 2856 -32 ) 
4 1141 2027 (-6144 2048 1224 ) (-6144 2048 1856 ) (-6144 3072 1856 ) (-6144 3072 1224 ) 
4 1141 1249 (-5136 2048 1856 ) (-6144 2048 1856 ) (-6144 2048 1224 ) (-5136 2048 1224 ) 
4 1141 1231 (-5120 2048 1224 ) (-5120 2048 1856 ) (-5136 2048 1856 ) (-5136 2048 1224 ) 
4 1141 1146 (-6144 2800 1224 ) (-6144 3072 1224 ) (-5904 3072 1224 ) (-5904 2800 1224 ) 
4 1141 1147 (-5904 2048 1224 ) (-6144 2048 1224 ) (-6144 2800 1224 ) (-5904 2800 1224 ) 
4 1141 1142 (-5120 2048 1224 ) (-5904 2048 1224 ) (-5904 3072 1224 ) (-5120 3072 1224 ) 
4 1142 1280 (-5904 2048 144 ) (-5904 2048 140 ) (-5776 2048 140 ) (-5776 2048 144 ) 
4 1142 1276 (-5648 2048 140 ) (-5608 2048 140 ) (-5608 2048 144 ) (-5648 2048 144 ) 
4 1142 1277 (-5776 2048 140 ) (-5648 2048 140 ) (-5648 2048 144 ) (-5776 2048 144 ) 
4 1142 1274 (-5608 2048 140 ) (-5568 2048 140 ) (-5568 2048 144 ) (-5608 2048 144 ) 
4 1142 1273 (-5568 2048 140 ) (-5536 2048 140 ) (-5536 2048 144 ) (-5568 2048 144 ) 
4 1142 1260 (-5536 2048 140 ) (-5136 2048 140 ) (-5136 2048 144 ) (-5536 2048 144 ) 
4 1142 1255 (-5904 2048 648 ) (-5904 2048 144 ) (-5776 2048 144 ) (-5776 2048 648 ) 
4 1142 1254 (-5776 2048 144 ) (-5648 2048 144 ) (-5648 2048 648 ) (-5776 2048 648 ) 
4 1142 1251 (-5648 2048 144 ) (-5136 2048 144 ) (-5136 2048 648 ) (-5648 2048 648 ) 
4 1142 1250 (-5136 2048 1224 ) (-5904 2048 1224 ) (-5904 2048 648 ) (-5136 2048 648 ) 
4 1142 1237 (-5120 2048 140 ) (-5120 2048 144 ) (-5136 2048 144 ) (-5136 2048 140 ) 
4 1142 1235 (-5120 2048 144 ) (-5120 2048 288 ) (-5136 2048 288 ) (-5136 2048 144 ) 
4 1142 1232 (-5120 2048 288 ) (-5120 2048 1224 ) (-5136 2048 1224 ) (-5136 2048 288 ) 
4 1142 1146 (-5904 2800 1224 ) (-5904 3072 1224 ) (-5904 3072 704 ) (-5904 2800 704 ) 
4 1142 1147 (-5904 2048 140 ) (-5904 2048 1224 ) (-5904 2800 1224 ) (-5904 2800 140 ) 
4 1142 1145 (-5142 2048 140 ) (-5904 2048 140 ) (-5904 3072 140 ) (-5142 3072 140 ) 
4 1142 1144 (-5120 2048 140 ) (-5141 2048 140 ) (-5141 2864 140 ) (-5120 2864 140 ) 
4 1142 1143 (-5141 2864 140 ) (-5141 3072 140 ) (-5120 3072 140 ) (-5120 2864 140 ) 
4 1143 1148 (-5136 3072 16 ) (-5120 3072 16 ) (-5120 2864 16 ) (-5136 2864 16 ) 
4 1143 1144 (-5141 2864 140 ) (-5141 2864 16 ) (-5120 2864 16 ) (-5120 2864 140 ) 
4 1144 1261 (-5136 2048 140 ) (-5141 2048 140 ) (-5141 2048 16 ) (-5136 2048 16 ) 
4 1144 1240 (-5120 2048 16 ) (-5120 2048 140 ) (-5136 2048 140 ) (-5136 2048 16 ) 
4 1144 1148 (-5120 2864 16 ) (-5120 2048 16 ) (-5136 2048 16 ) (-5136 2864 16 ) 
4 1145 1280 (-5776 2048 140 ) (-5904 2048 140 ) (-5904 2048 16 ) (-5776 2048 16 ) 
4 1145 1278 (-5648 2048 16 ) (-5536 2048 16 ) (-5536 2048 32 ) (-5648 2048 32 ) 
4 1145 1279 (-5776 2048 32 ) (-5776 2048 16 ) (-5648 2048 16 ) (-5648 2048 32 ) 
4 1145 1276 (-5608 2048 140 ) (-5648 2048 140 ) (-5648 2048 32 ) (-5608 2048 32 ) 
4 1145 1277 (-5648 2048 140 ) (-5776 2048 140 ) (-5776 2048 32 ) (-5648 2048 32 ) 
4 1145 1274 (-5568 2048 140 ) (-5608 2048 140 ) (-5608 2048 32 ) (-5568 2048 32 ) 
4 1145 1273 (-5536 2048 140 ) (-5568 2048 140 ) (-5568 2048 32 ) (-5536 2048 32 ) 
4 1145 1262 (-5142 2048 140 ) (-5536 2048 140 ) (-5536 2048 16 ) (-5142 2048 16 ) 
4 1145 1150 (-5776 2672 16 ) (-5776 2168 16 ) (-5904 2168 16 ) (-5904 2672 16 ) 
4 1145 1149 (-5776 3072 16 ) (-5272 3072 16 ) (-5272 2168 16 ) (-5776 2168 16 ) 
4 1145 1147 (-5904 2800 16 ) (-5904 2048 16 ) (-5904 2048 140 ) (-5904 2800 140 ) 
4 1146 2028 (-6144 2800 1224 ) (-6144 3072 1224 ) (-6144 3072 704 ) (-6144 2800 704 ) 
4 1146 1147 (-5904 2800 704 ) (-5904 2800 1224 ) (-6144 2800 1224 ) (-6144 2800 704 ) 
4 1147 2029 (-6144 2048 16 ) (-6144 2048 1224 ) (-6144 2800 1224 ) (-6144 2800 16 ) 
4 1147 1280 (-6144 2048 144 ) (-6144 2048 16 ) (-5904 2048 16 ) (-5904 2048 144 ) 
4 1147 1255 (-6144 2048 648 ) (-6144 2048 144 ) (-5904 2048 144 ) (-5904 2048 648 ) 
4 1147 1250 (-5904 2048 1224 ) (-6144 2048 1224 ) (-6144 2048 648 ) (-5904 2048 648 ) 
4 1147 1150 (-6144 2168 16 ) (-6144 2672 16 ) (-5904 2672 16 ) (-5904 2168 16 ) 
4 1148 1246 (-5120 2048 -32 ) (-5120 2048 16 ) (-5136 2048 16 ) (-5136 2048 -32 ) 
4 1149 1150 (-5776 2168 16 ) (-5776 2672 16 ) (-5776 2672 8 ) (-5776 2168 8 ) 
4 1150 2030 (-6144 2168 8 ) (-6144 2168 16 ) (-6144 2672 16 ) (-6144 2672 8 ) 
4 1151 1161 (-3072 2032 1224 ) (-3072 2032 1856 ) (-3088 2032 1856 ) (-3088 2032 1224 ) 
4 1151 1155 (-3088 2048 1856 ) (-3088 2048 1224 ) (-3088 2032 1224 ) (-3088 2032 1856 ) 
4 1151 1153 (-3076 2032 1224 ) (-3088 2032 1224 ) (-3088 2048 1224 ) (-3076 2048 1224 ) 
4 1151 1152 (-3072 2032 1224 ) (-3076 2032 1224 ) (-3076 2048 1224 ) (-3072 2048 1224 ) 
4 1152 1162 (-3072 2032 896 ) (-3072 2032 1224 ) (-3076 2032 1224 ) (-3076 2032 896 ) 
4 1152 1153 (-3076 2032 896 ) (-3076 2032 1224 ) (-3076 2048 1224 ) (-3076 2048 896 ) 
4 1153 1162 (-3076 2032 1224 ) (-3088 2032 1224 ) (-3088 2032 896 ) (-3076 2032 896 ) 
4 1153 1156 (-3088 2048 1224 ) (-3088 2048 896 ) (-3088 2032 896 ) (-3088 2032 1224 ) 
4 1154 1159 (-3076 2040 384 ) (-3076 2044 384 ) (-3072 2044 384 ) (-3072 2040 384 ) 
4 1154 1157 (-3076 2044 384 ) (-3076 2048 384 ) (-3072 2048 384 ) (-3072 2044 384 ) 
4 1155 1168 (-4096 2032 1224 ) (-4096 2032 1856 ) (-4096 2048 1856 ) (-4096 2048 1224 ) 
4 1155 1161 (-4096 2032 1856 ) (-4096 2032 1224 ) (-3088 2032 1224 ) (-3088 2032 1856 ) 
4 1155 1156 (-3088 2048 1224 ) (-3088 2032 1224 ) (-4096 2032 1224 ) (-4096 2048 1224 ) 
4 1156 1169 (-4096 2032 400 ) (-4096 2032 1224 ) (-4096 2048 1224 ) (-4096 2048 400 ) 
4 1156 1162 (-4096 2032 1224 ) (-4096 2032 400 ) (-3088 2032 400 ) (-3088 2032 1224 ) 
4 1157 1159 (-3072 2044 256 ) (-3072 2044 384 ) (-3564 2044 384 ) (-3564 2044 256 ) 
4 1158 1172 (-4096 2048 256 ) (-4096 2048 144 ) (-4096 2044 144 ) (-4096 2044 256 ) 
4 1158 1160 (-4096 2044 144 ) (-4096 2048 144 ) (-3580 2048 144 ) (-3580 2044 144 ) 
4 1160 1183 (-4096 2044 144 ) (-4096 2048 144 ) (-4096 2048 32 ) (-4096 2044 32 ) 
4 1161 1290 (-3616 1024 1856 ) (-4096 1024 1856 ) (-4096 1024 1224 ) (-3616 1024 1224 ) 
4 1161 1288 (-3608 1024 1856 ) (-3616 1024 1856 ) (-3616 1024 1224 ) (-3608 1024 1224 ) 
4 1161 1286 (-3072 1024 1224 ) (-3072 1024 1856 ) (-3608 1024 1856 ) (-3608 1024 1224 ) 
4 1161 1168 (-4096 1024 1224 ) (-4096 1024 1856 ) (-4096 2032 1856 ) (-4096 2032 1224 ) 
4 1161 1162 (-3072 1024 1224 ) (-4096 1024 1224 ) (-4096 2032 1224 ) (-3072 2032 1224 ) 
4 1162 1295 (-3072 1024 140 ) (-3072 1024 160 ) (-4096 1024 160 ) (-4096 1024 140 ) 
4 1162 1292 (-3072 1024 160 ) (-3072 1024 640 ) (-4096 1024 640 ) (-4096 1024 160 ) 
4 1162 1291 (-3616 1024 1224 ) (-4096 1024 1224 ) (-4096 1024 640 ) (-3616 1024 640 ) 
4 1162 1289 (-3608 1024 1224 ) (-3616 1024 1224 ) (-3616 1024 640 ) (-3608 1024 640 ) 
4 1162 1287 (-3072 1024 640 ) (-3072 1024 1224 ) (-3608 1024 1224 ) (-3608 1024 640 ) 
4 1162 1184 (-4096 1024 140 ) (-4096 1024 144 ) (-4096 2032 144 ) (-4096 2032 140 ) 
4 1162 1174 (-4096 1024 144 ) (-4096 1024 384 ) (-4096 2032 384 ) (-4096 2032 144 ) 
4 1162 1170 (-4096 1024 384 ) (-4096 1024 400 ) (-4096 2032 400 ) (-4096 2032 384 ) 
4 1162 1169 (-4096 1024 400 ) (-4096 1024 1224 ) (-4096 2032 1224 ) (-4096 2032 400 ) 
4 1162 1163 (-4096 1148 140 ) (-4096 2032 140 ) (-3072 2032 140 ) (-3072 1148 140 ) 
4 1162 1164 (-3072 1024 140 ) (-4096 1024 140 ) (-4096 1146 140 ) (-3072 1146 140 ) 
4 1163 1185 (-4096 1148 140 ) (-4096 2032 140 ) (-4096 2032 16 ) (-4096 1148 16 ) 
4 1163 1165 (-4096 1148 16 ) (-4096 2032 16 ) (-3072 2032 16 ) (-3072 1148 16 ) 
4 1164 1297 (-3072 1024 16 ) (-3072 1024 140 ) (-4096 1024 140 ) (-4096 1024 16 ) 
4 1164 1189 (-4096 1024 16 ) (-4096 1024 140 ) (-4096 1136 140 ) (-4096 1136 16 ) 
4 1164 1186 (-4096 1136 140 ) (-4096 1146 140 ) (-4096 1146 16 ) (-4096 1136 16 ) 
4 1164 1167 (-3472 1136 16 ) (-3072 1136 16 ) (-3072 1024 16 ) (-3472 1024 16 ) 
4 1164 1166 (-4096 1136 16 ) (-4096 1146 16 ) (-3072 1146 16 ) (-3072 1136 16 ) 
4 1165 1187 (-4096 1148 16 ) (-4096 2032 16 ) (-4096 2032 -32 ) (-4096 1148 -32 ) 
4 1166 1188 (-4096 1136 16 ) (-4096 1146 16 ) (-4096 1146 -32 ) (-4096 1136 -32 ) 
4 1166 1167 (-3072 1136 8 ) (-3072 1136 16 ) (-3472 1136 16 ) (-3472 1136 8 ) 
4 1167 1301 (-3072 1024 8 ) (-3072 1024 16 ) (-3472 1024 16 ) (-3472 1024 8 ) 
4 1168 1325 (-4096 1024 1224 ) (-4096 1024 1856 ) (-4624 1024 1856 ) (-4624 1024 1224 ) 
4 1168 1179 (-4624 1488 1224 ) (-4624 1024 1224 ) (-4624 1024 1856 ) (-4624 1488 1856 ) 
4 1168 1177 (-4624 1904 1224 ) (-4624 1488 1224 ) (-4624 1488 1856 ) (-4624 1904 1856 ) 
4 1168 1175 (-4624 2048 1856 ) (-4624 2048 1224 ) (-4624 1904 1224 ) (-4624 1904 1856 ) 
4 1168 1169 (-4624 1024 1224 ) (-4624 2048 1224 ) (-4096 2048 1224 ) (-4096 1024 1224 ) 
4 1169 1329 (-4624 1024 480 ) (-4624 1024 400 ) (-4368 1024 400 ) (-4368 1024 480 ) 
4 1169 1328 (-4368 1024 640 ) (-4624 1024 640 ) (-4624 1024 480 ) (-4368 1024 480 ) 
4 1169 1327 (-4096 1024 400 ) (-4096 1024 640 ) (-4368 1024 640 ) (-4368 1024 400 ) 
4 1169 1326 (-4096 1024 640 ) (-4096 1024 1224 ) (-4624 1024 1224 ) (-4624 1024 640 ) 
4 1169 1180 (-4624 1488 400 ) (-4624 1024 400 ) (-4624 1024 1224 ) (-4624 1488 1224 ) 
4 1169 1178 (-4624 1488 484 ) (-4624 1488 1224 ) (-4624 1904 1224 ) (-4624 1904 484 ) 
4 1169 1176 (-4624 2048 1224 ) (-4624 2048 400 ) (-4624 1904 400 ) (-4624 1904 1224 ) 
4 1169 1170 (-4096 2032 400 ) (-4096 1024 400 ) (-4112 1024 400 ) (-4112 2032 400 ) 
4 1169 1171 (-4624 1024 400 ) (-4624 2048 400 ) (-4112 2048 400 ) (-4112 1024 400 ) 
4 1170 1327 (-4096 1024 384 ) (-4096 1024 400 ) (-4112 1024 400 ) (-4112 1024 384 ) 
4 1170 1174 (-4096 1024 384 ) (-4112 1024 384 ) (-4112 2032 384 ) (-4096 2032 384 ) 
4 1170 1171 (-4112 2032 384 ) (-4112 1024 384 ) (-4112 1024 400 ) (-4112 2032 400 ) 
4 1171 1329 (-4368 1024 400 ) (-4624 1024 400 ) (-4624 1024 384 ) (-4368 1024 384 ) 
4 1171 1327 (-4112 1024 400 ) (-4368 1024 400 ) (-4368 1024 384 ) (-4112 1024 384 ) 
4 1171 1180 (-4624 1488 384 ) (-4624 1024 384 ) (-4624 1024 400 ) (-4624 1488 400 ) 
4 1171 1176 (-4624 2048 400 ) (-4624 2048 384 ) (-4624 1904 384 ) (-4624 1904 400 ) 
4 1171 1173 (-4624 2032 384 ) (-4624 2048 384 ) (-4112 2048 384 ) (-4112 2032 384 ) 
4 1171 1174 (-4112 1024 384 ) (-4624 1024 384 ) (-4624 2032 384 ) (-4112 2032 384 ) 
4 1172 1183 (-4100 2048 144 ) (-4096 2048 144 ) (-4096 2044 144 ) (-4100 2044 144 ) 
4 1173 1190 (-4624 2032 144 ) (-4624 2048 144 ) (-4112 2048 144 ) (-4112 2032 144 ) 
4 1173 1181 (-4624 2048 288 ) (-4624 2048 144 ) (-4624 2032 144 ) (-4624 2032 288 ) 
4 1173 1176 (-4624 2048 384 ) (-4624 2048 288 ) (-4624 2032 288 ) (-4624 2032 384 ) 
4 1173 1174 (-4112 2032 384 ) (-4624 2032 384 ) (-4624 2032 144 ) (-4112 2032 144 ) 
4 1174 1336 (-4368 1024 160 ) (-4624 1024 160 ) (-4624 1024 144 ) (-4368 1024 144 ) 
4 1174 1330 (-4096 1024 144 ) (-4096 1024 160 ) (-4368 1024 160 ) (-4368 1024 144 ) 
4 1174 1329 (-4368 1024 384 ) (-4624 1024 384 ) (-4624 1024 160 ) (-4368 1024 160 ) 
4 1174 1327 (-4096 1024 160 ) (-4096 1024 384 ) (-4368 1024 384 ) (-4368 1024 160 ) 
4 1174 1213 (-4104 1024 144 ) (-4624 1024 144 ) (-4624 1280 144 ) (-4104 1280 144 ) 
4 1174 1196 (-4624 1280 144 ) (-4624 1648 144 ) (-4104 1648 144 ) (-4104 1280 144 ) 
4 1174 1192 (-4624 1648 144 ) (-4624 2032 144 ) (-4104 2032 144 ) (-4104 1648 144 ) 
4 1174 1184 (-4096 1024 144 ) (-4104 1024 144 ) (-4104 2032 144 ) (-4096 2032 144 ) 
4 1174 1181 (-4624 2032 144 ) (-4624 1904 144 ) (-4624 1904 288 ) (-4624 2032 288 ) 
4 1174 1182 (-4624 1264 144 ) (-4624 1024 144 ) (-4624 1024 288 ) (-4624 1264 288 ) 
4 1174 1180 (-4624 1024 288 ) (-4624 1024 384 ) (-4624 1488 384 ) (-4624 1488 288 ) 
4 1174 1176 (-4624 1904 384 ) (-4624 2032 384 ) (-4624 2032 288 ) (-4624 1904 288 ) 
4 1175 1231 (-5120 2048 1856 ) (-5120 2048 1224 ) (-5120 1904 1224 ) (-5120 1904 1856 ) 
4 1175 1177 (-4624 1904 1224 ) (-4624 1904 1856 ) (-5120 1904 1856 ) (-5120 1904 1224 ) 
4 1175 1176 (-4624 1904 1224 ) (-5120 1904 1224 ) (-5120 2048 1224 ) (-4624 2048 1224 ) 
4 1176 1232 (-5120 2048 1224 ) (-5120 2048 288 ) (-5120 1904 288 ) (-5120 1904 1224 ) 
4 1176 1181 (-5120 2048 288 ) (-4624 2048 288 ) (-4624 1904 288 ) (-5120 1904 288 ) 
4 1176 1178 (-4624 1904 484 ) (-4624 1904 1224 ) (-5120 1904 1224 ) (-5120 1904 484 ) 
4 1177 1231 (-5120 1488 1224 ) (-5120 1488 1856 ) (-5120 1904 1856 ) (-5120 1904 1224 ) 
4 1177 1179 (-5120 1488 1856 ) (-5120 1488 1224 ) (-4624 1488 1224 ) (-4624 1488 1856 ) 
4 1177 1178 (-4624 1488 1224 ) (-5120 1488 1224 ) (-5120 1904 1224 ) (-4624 1904 1224 ) 
4 1178 1233 (-5120 1488 484 ) (-5120 1488 1224 ) (-5120 1904 1224 ) (-5120 1904 484 ) 
4 1178 1180 (-5120 1488 1224 ) (-5120 1488 484 ) (-4624 1488 484 ) (-4624 1488 1224 ) 
4 1179 1325 (-5120 1024 1856 ) (-5120 1024 1224 ) (-4624 1024 1224 ) (-4624 1024 1856 ) 
4 1179 1231 (-5120 1024 1224 ) (-5120 1024 1856 ) (-5120 1488 1856 ) (-5120 1488 1224 ) 
4 1179 1180 (-5120 1024 1224 ) (-5120 1488 1224 ) (-4624 1488 1224 ) (-4624 1024 1224 ) 
4 1180 1329 (-5120 1024 480 ) (-5120 1024 288 ) (-4624 1024 288 ) (-4624 1024 480 ) 
4 1180 1328 (-5120 1024 640 ) (-5120 1024 480 ) (-4624 1024 480 ) (-4624 1024 640 ) 
4 1180 1326 (-5120 1024 1224 ) (-5120 1024 640 ) (-4624 1024 640 ) (-4624 1024 1224 ) 
4 1180 1234 (-5120 1488 288 ) (-5120 1024 288 ) (-5120 1024 1224 ) (-5120 1488 1224 ) 
4 1180 1182 (-4624 1264 288 ) (-4624 1024 288 ) (-5120 1024 288 ) (-5120 1264 288 ) 
4 1181 1235 (-5120 2048 288 ) (-5120 2048 144 ) (-5120 1904 144 ) (-5120 1904 288 ) 
4 1181 1207 (-5120 1904 144 ) (-5120 2032 144 ) (-5032 2032 144 ) (-5032 1904 144 ) 
4 1181 1198 (-5032 2032 144 ) (-4630 2032 144 ) (-4630 1904 144 ) (-5032 1904 144 ) 
4 1181 1193 (-4630 2032 144 ) (-4624 2032 144 ) (-4624 1904 144 ) (-4630 1904 144 ) 
4 1181 1191 (-5120 2032 144 ) (-5120 2048 144 ) (-4630 2048 144 ) (-4630 2032 144 ) 
4 1181 1190 (-4630 2048 144 ) (-4624 2048 144 ) (-4624 2032 144 ) (-4630 2032 144 ) 
4 1182 1336 (-5120 1024 160 ) (-5120 1024 144 ) (-4624 1024 144 ) (-4624 1024 160 ) 
4 1182 1329 (-5120 1024 288 ) (-5120 1024 160 ) (-4624 1024 160 ) (-4624 1024 288 ) 
4 1182 1236 (-5120 1264 144 ) (-5120 1024 144 ) (-5120 1024 288 ) (-5120 1264 288 ) 
4 1182 1219 (-4630 1024 144 ) (-5120 1024 144 ) (-5120 1264 144 ) (-4630 1264 144 ) 
4 1182 1214 (-4624 1024 144 ) (-4630 1024 144 ) (-4630 1264 144 ) (-4624 1264 144 ) 
4 1184 1330 (-4096 1024 140 ) (-4096 1024 144 ) (-4104 1024 144 ) (-4104 1024 140 ) 
4 1184 1213 (-4104 1024 140 ) (-4104 1024 144 ) (-4104 1280 144 ) (-4104 1280 140 ) 
4 1184 1196 (-4104 1280 144 ) (-4104 1648 144 ) (-4104 1648 140 ) (-4104 1280 140 ) 
4 1184 1192 (-4104 1648 144 ) (-4104 2032 144 ) (-4104 2032 140 ) (-4104 1648 140 ) 
4 1184 1189 (-4096 1024 140 ) (-4104 1024 140 ) (-4104 1136 140 ) (-4096 1136 140 ) 
4 1184 1185 (-4104 1148 140 ) (-4104 2032 140 ) (-4096 2032 140 ) (-4096 1148 140 ) 
4 1184 1186 (-4104 1136 140 ) (-4104 1146 140 ) (-4096 1146 140 ) (-4096 1136 140 ) 
4 1185 1216 (-4104 1148 140 ) (-4104 1264 140 ) (-4104 1264 16 ) (-4104 1148 16 ) 
4 1185 1215 (-4104 1264 140 ) (-4104 1280 140 ) (-4104 1280 16 ) (-4104 1264 16 ) 
4 1185 1197 (-4104 1280 140 ) (-4104 1648 140 ) (-4104 1648 16 ) (-4104 1280 16 ) 
4 1185 1194 (-4104 1648 140 ) (-4104 2032 140 ) (-4104 2032 16 ) (-4104 1648 16 ) 
4 1185 1187 (-4104 1148 16 ) (-4104 2032 16 ) (-4096 2032 16 ) (-4096 1148 16 ) 
4 1186 1217 (-4104 1136 16 ) (-4104 1136 140 ) (-4104 1146 140 ) (-4104 1146 16 ) 
4 1186 1189 (-4096 1136 140 ) (-4104 1136 140 ) (-4104 1136 16 ) (-4096 1136 16 ) 
4 1186 1188 (-4096 1136 16 ) (-4104 1136 16 ) (-4104 1146 16 ) (-4096 1146 16 ) 
4 1187 1223 (-4104 2032 -32 ) (-4104 1148 -32 ) (-4104 1148 16 ) (-4104 2032 16 ) 
4 1188 1229 (-4104 1146 -32 ) (-4104 1136 -32 ) (-4104 1136 16 ) (-4104 1146 16 ) 
4 1189 1332 (-4096 1024 16 ) (-4096 1024 140 ) (-4104 1024 140 ) (-4104 1024 16 ) 
4 1189 1217 (-4104 1024 16 ) (-4104 1024 140 ) (-4104 1136 140 ) (-4104 1136 16 ) 
4 1190 1224 (-4630 2048 16 ) (-4624 2048 16 ) (-4624 2032 16 ) (-4630 2032 16 ) 
4 1190 1222 (-4624 2048 16 ) (-4112 2048 16 ) (-4112 2032 16 ) (-4624 2032 16 ) 
4 1190 1195 (-4630 2032 16 ) (-4624 2032 16 ) (-4624 2032 140 ) (-4630 2032 140 ) 
4 1190 1194 (-4624 2032 16 ) (-4112 2032 16 ) (-4112 2032 140 ) (-4624 2032 140 ) 
4 1190 1193 (-4624 2032 144 ) (-4630 2032 144 ) (-4630 2032 140 ) (-4624 2032 140 ) 
4 1190 1192 (-4112 2032 140 ) (-4112 2032 144 ) (-4624 2032 144 ) (-4624 2032 140 ) 
4 1190 1191 (-4630 2048 16 ) (-4630 2032 16 ) (-4630 2032 144 ) (-4630 2048 144 ) 
4 1191 1240 (-5120 2048 140 ) (-5120 2048 16 ) (-5120 2032 16 ) (-5120 2032 140 ) 
4 1191 1237 (-5120 2048 144 ) (-5120 2048 140 ) (-5120 2032 140 ) (-5120 2032 144 ) 
4 1191 1225 (-5120 2032 16 ) (-5120 2048 16 ) (-4630 2048 16 ) (-4630 2032 16 ) 
4 1191 1210 (-5120 2032 16 ) (-5032 2032 16 ) (-5032 2032 140 ) (-5120 2032 140 ) 
4 1191 1207 (-5032 2032 140 ) (-5032 2032 144 ) (-5120 2032 144 ) (-5120 2032 140 ) 
4 1191 1199 (-5032 2032 16 ) (-4630 2032 16 ) (-4630 2032 140 ) (-5032 2032 140 ) 
4 1191 1198 (-4630 2032 140 ) (-4630 2032 144 ) (-5032 2032 144 ) (-5032 2032 140 ) 
4 1192 1196 (-4624 1648 140 ) (-4104 1648 140 ) (-4104 1648 144 ) (-4624 1648 144 ) 
4 1192 1194 (-4104 1648 140 ) (-4624 1648 140 ) (-4624 2032 140 ) (-4104 2032 140 ) 
4 1192 1193 (-4624 2032 144 ) (-4624 2032 140 ) (-4624 1904 140 ) (-4624 1904 144 ) 
4 1193 1198 (-4630 2032 144 ) (-4630 2032 140 ) (-4630 1904 140 ) (-4630 1904 144 ) 
4 1193 1195 (-4630 1904 140 ) (-4630 2032 140 ) (-4624 2032 140 ) (-4624 1904 140 ) 
4 1194 1223 (-4624 2032 16 ) (-4104 2032 16 ) (-4104 1648 16 ) (-4624 1648 16 ) 
4 1194 1197 (-4624 1648 16 ) (-4104 1648 16 ) (-4104 1648 140 ) (-4624 1648 140 ) 
4 1194 1195 (-4624 1904 140 ) (-4624 2032 140 ) (-4624 2032 16 ) (-4624 1904 16 ) 
4 1195 1224 (-4630 2032 16 ) (-4624 2032 16 ) (-4624 1904 16 ) (-4630 1904 16 ) 
4 1195 1199 (-4630 2032 140 ) (-4630 2032 16 ) (-4630 1904 16 ) (-4630 1904 140 ) 
4 1196 1213 (-4104 1280 140 ) (-4104 1280 144 ) (-4624 1280 144 ) (-4624 1280 140 ) 
4 1196 1197 (-4104 1280 140 ) (-4624 1280 140 ) (-4624 1648 140 ) (-4104 1648 140 ) 
4 1197 1223 (-4104 1648 16 ) (-4104 1280 16 ) (-4624 1280 16 ) (-4624 1648 16 ) 
4 1197 1215 (-4624 1280 16 ) (-4104 1280 16 ) (-4104 1280 140 ) (-4624 1280 140 ) 
4 1198 1207 (-5032 2032 144 ) (-5032 2032 140 ) (-5032 1904 140 ) (-5032 1904 144 ) 
4 1198 1199 (-5032 1904 140 ) (-5032 2032 140 ) (-4630 2032 140 ) (-4630 1904 140 ) 
4 1199 1225 (-5032 2032 16 ) (-4630 2032 16 ) (-4630 1904 16 ) (-5032 1904 16 ) 
4 1199 1210 (-5032 2032 140 ) (-5032 2032 16 ) (-5032 1904 16 ) (-5032 1904 140 ) 
4 1200 1202 (-5024 1648 144 ) (-5024 1648 140 ) (-5024 1488 140 ) (-5024 1488 144 ) 
4 1200 1201 (-5024 1280 140 ) (-5024 1648 140 ) (-4688 1648 140 ) (-4688 1280 140 ) 
4 1201 1204 (-5024 1648 120 ) (-4688 1648 120 ) (-4688 1280 120 ) (-5024 1280 120 ) 
4 1201 1203 (-5024 1648 140 ) (-5024 1648 120 ) (-5024 1488 120 ) (-5024 1488 140 ) 
4 1202 1208 (-5032 1488 144 ) (-5032 1648 144 ) (-5032 1648 140 ) (-5032 1488 140 ) 
4 1202 1203 (-5032 1488 140 ) (-5032 1648 140 ) (-5024 1648 140 ) (-5024 1488 140 ) 
4 1203 1211 (-5032 1488 140 ) (-5032 1648 140 ) (-5032 1648 120 ) (-5032 1488 120 ) 
4 1203 1205 (-5032 1488 120 ) (-5032 1648 120 ) (-5024 1648 120 ) (-5024 1488 120 ) 
4 1204 1218 (-4864 1280 16 ) (-4768 1280 16 ) (-4768 1280 120 ) (-4864 1280 120 ) 
4 1204 1206 (-5024 1304 120 ) (-5024 1360 120 ) (-5024 1360 16 ) (-5024 1304 16 ) 
4 1204 1205 (-5024 1488 120 ) (-5024 1648 120 ) (-5024 1648 16 ) (-5024 1488 16 ) 
4 1205 1211 (-5032 1648 16 ) (-5032 1488 16 ) (-5032 1488 120 ) (-5032 1648 120 ) 
4 1206 1212 (-5032 1360 16 ) (-5032 1304 16 ) (-5032 1304 120 ) (-5032 1360 120 ) 
4 1207 1237 (-5120 1904 144 ) (-5120 2032 144 ) (-5120 2032 140 ) (-5120 1904 140 ) 
4 1207 1210 (-5120 2032 140 ) (-5032 2032 140 ) (-5032 1904 140 ) (-5120 1904 140 ) 
4 1208 1238 (-5120 1488 144 ) (-5120 1648 144 ) (-5120 1648 140 ) (-5120 1488 140 ) 
4 1208 1211 (-5032 1648 140 ) (-5032 1488 140 ) (-5120 1488 140 ) (-5120 1648 140 ) 
4 1209 1239 (-5120 1280 140 ) (-5120 1280 144 ) (-5120 1480 144 ) (-5120 1480 140 ) 
4 1209 1212 (-5032 1480 140 ) (-5032 1280 140 ) (-5120 1280 140 ) (-5120 1480 140 ) 
4 1210 1240 (-5120 2032 16 ) (-5120 1904 16 ) (-5120 1904 140 ) (-5120 2032 140 ) 
4 1210 1225 (-5120 1904 16 ) (-5120 2032 16 ) (-5032 2032 16 ) (-5032 1904 16 ) 
4 1211 1241 (-5120 1648 16 ) (-5120 1488 16 ) (-5120 1488 140 ) (-5120 1648 140 ) 
4 1212 1242 (-5120 1480 16 ) (-5120 1280 16 ) (-5120 1280 140 ) (-5120 1480 140 ) 
4 1213 1336 (-4368 1024 144 ) (-4624 1024 144 ) (-4624 1024 140 ) (-4368 1024 140 ) 
4 1213 1330 (-4104 1024 144 ) (-4368 1024 144 ) (-4368 1024 140 ) (-4104 1024 140 ) 
4 1213 1217 (-4104 1146 140 ) (-4104 1024 140 ) (-4624 1024 140 ) (-4624 1146 140 ) 
4 1213 1216 (-4104 1264 140 ) (-4104 1146 140 ) (-4624 1146 140 ) (-4624 1264 140 ) 
4 1213 1215 (-4624 1280 140 ) (-4104 1280 140 ) (-4104 1264 140 ) (-4624 1264 140 ) 
4 1213 1214 (-4624 1264 140 ) (-4624 1024 140 ) (-4624 1024 144 ) (-4624 1264 144 ) 
4 1214 1336 (-4624 1024 144 ) (-4630 1024 144 ) (-4630 1024 140 ) (-4624 1024 140 ) 
4 1214 1219 (-4630 1264 140 ) (-4630 1024 140 ) (-4630 1024 144 ) (-4630 1264 144 ) 
4 1214 1217 (-4630 1024 140 ) (-4630 1146 140 ) (-4624 1146 140 ) (-4624 1024 140 ) 
4 1214 1216 (-4630 1146 140 ) (-4630 1264 140 ) (-4624 1264 140 ) (-4624 1146 140 ) 
4 1215 1223 (-4624 1280 16 ) (-4104 1280 16 ) (-4104 1264 16 ) (-4624 1264 16 ) 
4 1215 1216 (-4104 1264 140 ) (-4624 1264 140 ) (-4624 1264 16 ) (-4104 1264 16 ) 
4 1216 1228 (-4104 1148 16 ) (-4104 1146 16 ) (-4630 1146 16 ) (-4630 1148 16 ) 
4 1216 1226 (-4624 1148 16 ) (-4630 1148 16 ) (-4630 1264 16 ) (-4624 1264 16 ) 
4 1216 1223 (-4104 1264 16 ) (-4104 1148 16 ) (-4624 1148 16 ) (-4624 1264 16 ) 
4 1216 1220 (-4630 1264 16 ) (-4630 1148 16 ) (-4630 1148 140 ) (-4630 1264 140 ) 
4 1216 1217 (-4104 1146 140 ) (-4630 1146 140 ) (-4630 1146 16 ) (-4104 1146 16 ) 
4 1217 1337 (-4630 1024 140 ) (-4630 1024 16 ) (-4368 1024 16 ) (-4368 1024 140 ) 
4 1217 1334 (-4368 1024 16 ) (-4104 1024 16 ) (-4104 1024 140 ) (-4368 1024 140 ) 
4 1217 1229 (-4104 1146 16 ) (-4104 1136 16 ) (-4630 1136 16 ) (-4630 1146 16 ) 
4 1217 1221 (-4630 1146 16 ) (-4630 1024 16 ) (-4630 1024 140 ) (-4630 1146 140 ) 
4 1218 1220 (-4864 1264 16 ) (-4768 1264 16 ) (-4768 1264 120 ) (-4864 1264 120 ) 
4 1219 1336 (-4630 1024 144 ) (-5120 1024 144 ) (-5120 1024 140 ) (-4630 1024 140 ) 
4 1219 1243 (-5120 1024 140 ) (-5120 1024 144 ) (-5120 1264 144 ) (-5120 1264 140 ) 
4 1219 1220 (-5120 1148 140 ) (-5120 1264 140 ) (-4630 1264 140 ) (-4630 1148 140 ) 
4 1219 1221 (-5120 1024 140 ) (-5120 1146 140 ) (-4630 1146 140 ) (-4630 1024 140 ) 
4 1220 1244 (-5120 1264 16 ) (-5120 1148 16 ) (-5120 1148 140 ) (-5120 1264 140 ) 
4 1220 1227 (-5120 1148 16 ) (-5120 1264 16 ) (-4630 1264 16 ) (-4630 1148 16 ) 
4 1221 1338 (-5120 1024 140 ) (-5120 1024 16 ) (-4630 1024 16 ) (-4630 1024 140 ) 
4 1221 1245 (-5120 1146 16 ) (-5120 1024 16 ) (-5120 1024 140 ) (-5120 1146 140 ) 
4 1221 1230 (-5120 1136 16 ) (-5120 1146 16 ) (-4630 1146 16 ) (-4630 1136 16 ) 
4 1222 1224 (-4624 2048 -32 ) (-4624 2032 -32 ) (-4624 2032 16 ) (-4624 2048 16 ) 
4 1222 1223 (-4624 2032 16 ) (-4624 2032 -32 ) (-4112 2032 -32 ) (-4112 2032 16 ) 
4 1223 1228 (-4624 1148 -32 ) (-4104 1148 -32 ) (-4104 1148 16 ) (-4624 1148 16 ) 
4 1223 1226 (-4624 1264 -32 ) (-4624 1148 -32 ) (-4624 1148 16 ) (-4624 1264 16 ) 
4 1223 1224 (-4624 2032 -32 ) (-4624 1904 -32 ) (-4624 1904 16 ) (-4624 2032 16 ) 
4 1224 1225 (-4630 2048 -32 ) (-4630 1904 -32 ) (-4630 1904 16 ) (-4630 2048 16 ) 
4 1225 1246 (-5120 2048 16 ) (-5120 2048 -32 ) (-5120 1904 -32 ) (-5120 1904 16 ) 
4 1226 1228 (-4630 1148 -32 ) (-4624 1148 -32 ) (-4624 1148 16 ) (-4630 1148 16 ) 
4 1226 1227 (-4630 1264 16 ) (-4630 1264 -32 ) (-4630 1148 -32 ) (-4630 1148 16 ) 
4 1227 1247 (-5120 1264 -32 ) (-5120 1148 -32 ) (-5120 1148 16 ) (-5120 1264 16 ) 
4 1228 1229 (-4630 1146 16 ) (-4630 1146 -32 ) (-4104 1146 -32 ) (-4104 1146 16 ) 
4 1229 1230 (-4630 1146 -32 ) (-4630 1136 -32 ) (-4630 1136 16 ) (-4630 1146 16 ) 
4 1230 1248 (-5120 1146 -32 ) (-5120 1136 -32 ) (-5120 1136 16 ) (-5120 1146 16 ) 
4 1231 1406 (-5120 1024 1224 ) (-5120 1024 1856 ) (-5136 1024 1856 ) (-5136 1024 1224 ) 
4 1231 1249 (-5136 1024 1224 ) (-5136 1024 1856 ) (-5136 2048 1856 ) (-5136 2048 1224 ) 
4 1231 1233 (-5136 1488 1224 ) (-5136 1904 1224 ) (-5120 1904 1224 ) (-5120 1488 1224 ) 
4 1231 1232 (-5136 1904 1224 ) (-5136 2048 1224 ) (-5120 2048 1224 ) (-5120 1904 1224 ) 
4 1231 1234 (-5120 1024 1224 ) (-5136 1024 1224 ) (-5136 1488 1224 ) (-5120 1488 1224 ) 
4 1232 1251 (-5136 2048 648 ) (-5136 2048 288 ) (-5136 1944 288 ) (-5136 1944 648 ) 
4 1232 1250 (-5136 1904 1224 ) (-5136 2048 1224 ) (-5136 2048 648 ) (-5136 1904 648 ) 
4 1232 1235 (-5136 1904 288 ) (-5136 2048 288 ) (-5120 2048 288 ) (-5120 1904 288 ) 
4 1232 1233 (-5120 1904 484 ) (-5120 1904 1224 ) (-5136 1904 1224 ) (-5136 1904 484 ) 
4 1233 1250 (-5136 1488 1224 ) (-5136 1904 1224 ) (-5136 1904 648 ) (-5136 1488 648 ) 
4 1233 1234 (-5120 1488 484 ) (-5120 1488 1224 ) (-5136 1488 1224 ) (-5136 1488 484 ) 
4 1234 1407 (-5120 1024 288 ) (-5120 1024 1224 ) (-5136 1024 1224 ) (-5136 1024 288 ) 
4 1234 1253 (-5136 1024 288 ) (-5136 1024 648 ) (-5136 1136 648 ) (-5136 1136 288 ) 
4 1234 1250 (-5136 1024 648 ) (-5136 1024 1224 ) (-5136 1488 1224 ) (-5136 1488 648 ) 
4 1234 1236 (-5136 1024 288 ) (-5136 1264 288 ) (-5120 1264 288 ) (-5120 1024 288 ) 
4 1235 1251 (-5136 1944 288 ) (-5136 2048 288 ) (-5136 2048 144 ) (-5136 1944 144 ) 
4 1235 1237 (-5136 1904 144 ) (-5136 2048 144 ) (-5120 2048 144 ) (-5120 1904 144 ) 
4 1236 1407 (-5120 1024 144 ) (-5120 1024 288 ) (-5136 1024 288 ) (-5136 1024 144 ) 
4 1236 1253 (-5136 1024 144 ) (-5136 1024 288 ) (-5136 1136 288 ) (-5136 1136 144 ) 
4 1236 1243 (-5120 1024 144 ) (-5136 1024 144 ) (-5136 1264 144 ) (-5120 1264 144 ) 
4 1237 1260 (-5136 1944 144 ) (-5136 2048 144 ) (-5136 2048 140 ) (-5136 1944 140 ) 
4 1237 1240 (-5136 1904 140 ) (-5136 2048 140 ) (-5120 2048 140 ) (-5120 1904 140 ) 
4 1238 1241 (-5128 1488 140 ) (-5128 1648 140 ) (-5120 1648 140 ) (-5120 1488 140 ) 
4 1239 1242 (-5120 1280 140 ) (-5128 1280 140 ) (-5128 1480 140 ) (-5120 1480 140 ) 
4 1240 1261 (-5136 2048 140 ) (-5136 2048 16 ) (-5136 1944 16 ) (-5136 1944 140 ) 
4 1240 1246 (-5136 1904 16 ) (-5136 2048 16 ) (-5120 2048 16 ) (-5120 1904 16 ) 
4 1243 1407 (-5120 1024 140 ) (-5120 1024 144 ) (-5136 1024 144 ) (-5136 1024 140 ) 
4 1243 1269 (-5136 1024 140 ) (-5136 1024 144 ) (-5136 1136 144 ) (-5136 1136 140 ) 
4 1243 1245 (-5136 1024 140 ) (-5136 1146 140 ) (-5120 1146 140 ) (-5120 1024 140 ) 
4 1243 1244 (-5136 1148 140 ) (-5136 1264 140 ) (-5120 1264 140 ) (-5120 1148 140 ) 
4 1244 1247 (-5136 1148 16 ) (-5136 1264 16 ) (-5120 1264 16 ) (-5120 1148 16 ) 
4 1245 1408 (-5120 1024 16 ) (-5120 1024 140 ) (-5136 1024 140 ) (-5136 1024 16 ) 
4 1245 1272 (-5136 1024 16 ) (-5136 1024 32 ) (-5136 1136 32 ) (-5136 1136 16 ) 
4 1245 1270 (-5136 1024 32 ) (-5136 1024 140 ) (-5136 1136 140 ) (-5136 1136 32 ) 
4 1245 1248 (-5136 1136 16 ) (-5136 1146 16 ) (-5120 1146 16 ) (-5120 1136 16 ) 
4 1249 2036 (-6144 1024 1224 ) (-6144 1024 1856 ) (-6144 2048 1856 ) (-6144 2048 1224 ) 
4 1249 1406 (-6144 1024 1856 ) (-6144 1024 1224 ) (-5136 1024 1224 ) (-5136 1024 1856 ) 
4 1249 1250 (-6144 2048 1224 ) (-5136 2048 1224 ) (-5136 1024 1224 ) (-6144 1024 1224 ) 
4 1250 2037 (-6144 1024 648 ) (-6144 1024 1224 ) (-6144 2048 1224 ) (-6144 2048 648 ) 
4 1250 1407 (-6144 1024 1224 ) (-6144 1024 648 ) (-5136 1024 648 ) (-5136 1024 1224 ) 
4 1250 1258 (-6144 1136 648 ) (-6144 1584 648 ) (-5776 1584 648 ) (-5776 1136 648 ) 
4 1250 1259 (-5776 1024 648 ) (-6144 1024 648 ) (-6144 1136 648 ) (-5776 1136 648 ) 
4 1250 1257 (-5648 1584 648 ) (-5648 1024 648 ) (-5776 1024 648 ) (-5776 1584 648 ) 
4 1250 1256 (-5776 2032 648 ) (-5776 1584 648 ) (-6144 1584 648 ) (-6144 2032 648 ) 
4 1250 1255 (-6144 2048 648 ) (-5776 2048 648 ) (-5776 2032 648 ) (-6144 2032 648 ) 
4 1250 1254 (-5776 2048 648 ) (-5648 2048 648 ) (-5648 1584 648 ) (-5776 1584 648 ) 
4 1250 1253 (-5136 1136 648 ) (-5136 1024 648 ) (-5648 1024 648 ) (-5648 1136 648 ) 
4 1250 1251 (-5648 2048 648 ) (-5136 2048 648 ) (-5136 1944 648 ) (-5648 1944 648 ) 
4 1251 1276 (-5648 2048 144 ) (-5608 2048 144 ) (-5608 1944 144 ) (-5648 1944 144 ) 
4 1251 1274 (-5608 2048 144 ) (-5568 2048 144 ) (-5568 1944 144 ) (-5608 1944 144 ) 
4 1251 1273 (-5568 2048 144 ) (-5536 2048 144 ) (-5536 1944 144 ) (-5568 1944 144 ) 
4 1251 1260 (-5536 2048 144 ) (-5136 2048 144 ) (-5136 1944 144 ) (-5536 1944 144 ) 
4 1251 1254 (-5648 2048 144 ) (-5648 1944 144 ) (-5648 1944 648 ) (-5648 2048 648 ) 
4 1252 1253 (-5252 1136 528 ) (-5204 1136 528 ) (-5204 1136 592 ) (-5252 1136 592 ) 
4 1253 1407 (-5648 1024 144 ) (-5136 1024 144 ) (-5136 1024 648 ) (-5648 1024 648 ) 
4 1253 1281 (-5536 1024 144 ) (-5648 1024 144 ) (-5648 1136 144 ) (-5536 1136 144 ) 
4 1253 1269 (-5136 1136 144 ) (-5136 1024 144 ) (-5536 1024 144 ) (-5536 1136 144 ) 
4 1253 1257 (-5648 1136 144 ) (-5648 1024 144 ) (-5648 1024 648 ) (-5648 1136 648 ) 
4 1254 1277 (-5776 2048 144 ) (-5648 2048 144 ) (-5648 1584 144 ) (-5776 1584 144 ) 
4 1254 1257 (-5776 1584 144 ) (-5648 1584 144 ) (-5648 1584 648 ) (-5776 1584 648 ) 
4 1254 1256 (-5776 1584 380 ) (-5776 1584 648 ) (-5776 2032 648 ) (-5776 2032 380 ) 
4 1254 1255 (-5776 2048 144 ) (-5776 2032 144 ) (-5776 2032 648 ) (-5776 2048 648 ) 
4 1255 2038 (-6144 2048 620 ) (-6144 2048 144 ) (-6144 2032 144 ) (-6144 2032 620 ) 
4 1255 2037 (-6144 2032 648 ) (-6144 2048 648 ) (-6144 2048 620 ) (-6144 2032 620 ) 
4 1255 1280 (-6144 2032 144 ) (-6144 2048 144 ) (-5776 2048 144 ) (-5776 2032 144 ) 
4 1255 1256 (-5776 2032 380 ) (-5776 2032 648 ) (-6144 2032 648 ) (-6144 2032 380 ) 
4 1256 2039 (-6144 2032 620 ) (-6144 2032 380 ) (-6144 1584 380 ) (-6144 1584 620 ) 
4 1256 2037 (-6144 1584 648 ) (-6144 2032 648 ) (-6144 2032 620 ) (-6144 1584 620 ) 
4 1256 1258 (-5776 1584 620 ) (-5776 1584 648 ) (-6144 1584 648 ) (-6144 1584 620 ) 
4 1257 1407 (-5776 1024 144 ) (-5648 1024 144 ) (-5648 1024 648 ) (-5776 1024 648 ) 
4 1257 1277 (-5776 1584 144 ) (-5648 1584 144 ) (-5648 1136 144 ) (-5776 1136 144 ) 
4 1257 1281 (-5648 1136 144 ) (-5648 1024 144 ) (-5776 1024 144 ) (-5776 1136 144 ) 
4 1257 1258 (-5776 1584 648 ) (-5776 1584 620 ) (-5776 1136 620 ) (-5776 1136 648 ) 
4 1257 1259 (-5776 1136 144 ) (-5776 1024 144 ) (-5776 1024 648 ) (-5776 1136 648 ) 
4 1258 2037 (-6144 1136 648 ) (-6144 1584 648 ) (-6144 1584 620 ) (-6144 1136 620 ) 
4 1258 1259 (-5776 1136 620 ) (-5776 1136 648 ) (-6144 1136 648 ) (-6144 1136 620 ) 
4 1259 2042 (-6144 1024 144 ) (-6144 1024 620 ) (-6144 1136 620 ) (-6144 1136 144 ) 
4 1259 2037 (-6144 1024 620 ) (-6144 1024 648 ) (-6144 1136 648 ) (-6144 1136 620 ) 
4 1259 1407 (-6144 1024 648 ) (-6144 1024 144 ) (-5776 1024 144 ) (-5776 1024 648 ) 
4 1259 1281 (-6144 1024 144 ) (-6144 1136 144 ) (-5776 1136 144 ) (-5776 1024 144 ) 
4 1260 1273 (-5536 1944 140 ) (-5536 1944 144 ) (-5536 2048 144 ) (-5536 2048 140 ) 
4 1260 1261 (-5136 1944 140 ) (-5141 1944 140 ) (-5141 2048 140 ) (-5136 2048 140 ) 
4 1260 1262 (-5142 1944 140 ) (-5536 1944 140 ) (-5536 2048 140 ) (-5142 2048 140 ) 
4 1262 1278 (-5536 2048 16 ) (-5536 1944 16 ) (-5536 1944 32 ) (-5536 2048 32 ) 
4 1262 1273 (-5536 1944 32 ) (-5536 1944 140 ) (-5536 2048 140 ) (-5536 2048 32 ) 
4 1263 1269 (-5260 1136 140 ) (-5164 1136 140 ) (-5164 1136 144 ) (-5260 1136 144 ) 
4 1263 1266 (-5164 1136 140 ) (-5260 1136 140 ) (-5260 1146 140 ) (-5164 1146 140 ) 
4 1264 1269 (-5372 1136 140 ) (-5276 1136 140 ) (-5276 1136 144 ) (-5372 1136 144 ) 
4 1264 1267 (-5276 1136 140 ) (-5372 1136 140 ) (-5372 1146 140 ) (-5276 1146 140 ) 
4 1265 1269 (-5536 1136 144 ) (-5536 1136 140 ) (-5424 1136 140 ) (-5424 1136 144 ) 
4 1265 1268 (-5424 1136 140 ) (-5536 1136 140 ) (-5536 1200 140 ) (-5424 1200 140 ) 
4 1266 1270 (-5260 1136 32 ) (-5164 1136 32 ) (-5164 1136 140 ) (-5260 1136 140 ) 
4 1267 1270 (-5372 1136 32 ) (-5276 1136 32 ) (-5276 1136 140 ) (-5372 1136 140 ) 
4 1268 1271 (-5536 1136 32 ) (-5536 1200 32 ) (-5424 1200 32 ) (-5424 1136 32 ) 
4 1268 1270 (-5536 1136 140 ) (-5536 1136 32 ) (-5424 1136 32 ) (-5424 1136 140 ) 
4 1269 1407 (-5136 1024 140 ) (-5136 1024 144 ) (-5536 1024 144 ) (-5536 1024 140 ) 
4 1269 1281 (-5536 1024 140 ) (-5536 1024 144 ) (-5536 1136 144 ) (-5536 1136 140 ) 
4 1269 1270 (-5536 1024 140 ) (-5536 1136 140 ) (-5136 1136 140 ) (-5136 1024 140 ) 
4 1270 1408 (-5136 1024 32 ) (-5136 1024 140 ) (-5536 1024 140 ) (-5536 1024 32 ) 
4 1270 1281 (-5536 1024 32 ) (-5536 1024 140 ) (-5536 1136 140 ) (-5536 1136 32 ) 
4 1270 1272 (-5536 1024 32 ) (-5536 1136 32 ) (-5136 1136 32 ) (-5136 1024 32 ) 
4 1271 1272 (-5424 1136 32 ) (-5536 1136 32 ) (-5536 1136 16 ) (-5424 1136 16 ) 
4 1272 1408 (-5536 1024 16 ) (-5136 1024 16 ) (-5136 1024 32 ) (-5536 1024 32 ) 
4 1272 1284 (-5264 1024 16 ) (-5536 1024 16 ) (-5536 1136 16 ) (-5264 1136 16 ) 
4 1272 1281 (-5536 1136 16 ) (-5536 1024 16 ) (-5536 1024 32 ) (-5536 1136 32 ) 
4 1273 1278 (-5568 1944 32 ) (-5568 2048 32 ) (-5536 2048 32 ) (-5536 1944 32 ) 
4 1273 1274 (-5568 2048 32 ) (-5568 1944 32 ) (-5568 1944 144 ) (-5568 2048 144 ) 
4 1274 1278 (-5608 1944 32 ) (-5608 2048 32 ) (-5568 2048 32 ) (-5568 1944 32 ) 
4 1274 1276 (-5608 2048 32 ) (-5608 1944 32 ) (-5608 1944 144 ) (-5608 2048 144 ) 
4 1275 1281 (-5568 1136 144 ) (-5608 1136 144 ) (-5608 1136 32 ) (-5568 1136 32 ) 
4 1276 1278 (-5648 1944 32 ) (-5648 2048 32 ) (-5608 2048 32 ) (-5608 1944 32 ) 
4 1276 1277 (-5648 2048 32 ) (-5648 1944 32 ) (-5648 1944 144 ) (-5648 2048 144 ) 
4 1277 1280 (-5776 2032 144 ) (-5776 2048 144 ) (-5776 2048 32 ) (-5776 2032 32 ) 
4 1277 1279 (-5648 1136 32 ) (-5776 1136 32 ) (-5776 2048 32 ) (-5648 2048 32 ) 
4 1277 1281 (-5648 1136 144 ) (-5776 1136 144 ) (-5776 1136 32 ) (-5648 1136 32 ) 
4 1278 1279 (-5648 2048 16 ) (-5648 1944 16 ) (-5648 1944 32 ) (-5648 2048 32 ) 
4 1279 1282 (-5648 1260 16 ) (-5648 1136 16 ) (-5776 1136 16 ) (-5776 1260 16 ) 
4 1279 1280 (-5776 2048 16 ) (-5776 2032 16 ) (-5776 2032 32 ) (-5776 2048 32 ) 
4 1279 1281 (-5776 1136 16 ) (-5648 1136 16 ) (-5648 1136 32 ) (-5776 1136 32 ) 
4 1280 2038 (-6144 2032 144 ) (-6144 2048 144 ) (-6144 2048 16 ) (-6144 2032 16 ) 
4 1281 2042 (-6144 1024 16 ) (-6144 1024 144 ) (-6144 1136 144 ) (-6144 1136 16 ) 
4 1281 1408 (-6144 1024 140 ) (-6144 1024 16 ) (-5536 1024 16 ) (-5536 1024 140 ) 
4 1281 1407 (-6144 1024 144 ) (-6144 1024 140 ) (-5536 1024 140 ) (-5536 1024 144 ) 
4 1281 1284 (-5536 1136 16 ) (-5536 1024 16 ) (-6144 1024 16 ) (-6144 1136 16 ) 
4 1282 1284 (-5648 1136 8 ) (-5648 1136 16 ) (-5776 1136 16 ) (-5776 1136 8 ) 
4 1282 1283 (-5776 1136 8 ) (-5776 1260 8 ) (-5648 1260 8 ) (-5648 1136 8 ) 
4 1283 1285 (-5776 1136 -192 ) (-5648 1136 -192 ) (-5648 1136 8 ) (-5776 1136 8 ) 
4 1284 2045 (-6144 1024 8 ) (-6144 1024 16 ) (-6144 1136 16 ) (-6144 1136 8 ) 
4 1284 1409 (-6144 1024 16 ) (-6144 1024 8 ) (-5264 1024 8 ) (-5264 1024 16 ) 
4 1284 1285 (-6144 1136 8 ) (-5264 1136 8 ) (-5264 1024 8 ) (-6144 1024 8 ) 
4 1285 2046 (-6144 1024 -192 ) (-6144 1024 8 ) (-6144 1136 8 ) (-6144 1136 -192 ) 
4 1285 1410 (-6144 1024 8 ) (-6144 1024 -192 ) (-5264 1024 -192 ) (-5264 1024 8 ) 
4 1286 1303 (-3072 0 1224 ) (-3072 0 1856 ) (-3608 0 1856 ) (-3608 0 1224 ) 
4 1286 1288 (-3608 368 1856 ) (-3608 1024 1856 ) (-3608 1024 1224 ) (-3608 368 1224 ) 
4 1286 1287 (-3608 0 1224 ) (-3608 1024 1224 ) (-3072 1024 1224 ) (-3072 0 1224 ) 
4 1287 1307 (-3072 0 640 ) (-3072 0 784 ) (-3608 0 784 ) (-3608 0 640 ) 
4 1287 1304 (-3072 0 784 ) (-3072 0 1224 ) (-3608 0 1224 ) (-3608 0 784 ) 
4 1287 1293 (-3072 368 640 ) (-3072 0 640 ) (-3600 0 640 ) (-3600 368 640 ) 
4 1287 1292 (-3608 1024 640 ) (-3072 1024 640 ) (-3072 368 640 ) (-3608 368 640 ) 
4 1287 1289 (-3608 1024 640 ) (-3608 368 640 ) (-3608 368 1224 ) (-3608 1024 1224 ) 
4 1288 1290 (-3616 368 1856 ) (-3616 1024 1856 ) (-3616 1024 1224 ) (-3616 368 1224 ) 
4 1288 1289 (-3616 368 1224 ) (-3616 1024 1224 ) (-3608 1024 1224 ) (-3608 368 1224 ) 
4 1289 1292 (-3616 1024 640 ) (-3608 1024 640 ) (-3608 368 640 ) (-3616 368 640 ) 
4 1289 1291 (-3616 1024 640 ) (-3616 368 640 ) (-3616 368 1224 ) (-3616 1024 1224 ) 
4 1290 1343 (-4096 240 1224 ) (-4096 0 1224 ) (-4096 0 1856 ) (-4096 240 1856 ) 
4 1290 1325 (-4096 1024 1856 ) (-4096 1024 1224 ) (-4096 240 1224 ) (-4096 240 1856 ) 
4 1290 1318 (-4096 0 1856 ) (-4096 0 1224 ) (-3616 0 1224 ) (-3616 0 1856 ) 
4 1290 1291 (-4096 1024 1224 ) (-3616 1024 1224 ) (-3616 0 1224 ) (-4096 0 1224 ) 
4 1291 1344 (-4096 240 640 ) (-4096 0 640 ) (-4096 0 1224 ) (-4096 240 1224 ) 
4 1291 1326 (-4096 1024 1224 ) (-4096 1024 640 ) (-4096 240 640 ) (-4096 240 1224 ) 
4 1291 1319 (-4096 0 1224 ) (-4096 0 640 ) (-3616 0 640 ) (-3616 0 1224 ) 
4 1291 1292 (-4096 368 640 ) (-4096 1024 640 ) (-3616 1024 640 ) (-3616 368 640 ) 
4 1292 1327 (-4096 1024 640 ) (-4096 1024 160 ) (-4096 368 160 ) (-4096 368 640 ) 
4 1292 1295 (-4096 368 160 ) (-4096 1024 160 ) (-3072 1024 160 ) (-3072 368 160 ) 
4 1292 1294 (-3600 368 160 ) (-3072 368 160 ) (-3072 368 480 ) (-3600 368 480 ) 
4 1292 1293 (-3072 368 480 ) (-3072 368 640 ) (-3600 368 640 ) (-3600 368 480 ) 
4 1293 1309 (-3072 0 480 ) (-3072 0 640 ) (-3600 0 640 ) (-3600 0 480 ) 
4 1293 1294 (-3072 0 480 ) (-3600 0 480 ) (-3600 368 480 ) (-3072 368 480 ) 
4 1294 1311 (-3072 0 160 ) (-3072 0 480 ) (-3600 0 480 ) (-3600 0 160 ) 
4 1294 1299 (-3072 0 160 ) (-3600 0 160 ) (-3600 358 160 ) (-3072 358 160 ) 
4 1294 1296 (-3600 358 160 ) (-3600 368 160 ) (-3072 368 160 ) (-3072 358 160 ) 
4 1295 1330 (-4096 1024 160 ) (-4096 1024 140 ) (-4096 368 140 ) (-4096 368 160 ) 
4 1295 1297 (-4096 368 140 ) (-4096 1024 140 ) (-3072 1024 140 ) (-3072 368 140 ) 
4 1295 1296 (-4096 368 140 ) (-3072 368 140 ) (-3072 368 160 ) (-4096 368 160 ) 
4 1296 1331 (-4096 368 140 ) (-4096 358 140 ) (-4096 358 160 ) (-4096 368 160 ) 
4 1296 1299 (-3072 358 140 ) (-3072 358 160 ) (-3600 358 160 ) (-3600 358 140 ) 
4 1296 1298 (-3072 358 140 ) (-4096 358 140 ) (-4096 368 140 ) (-3072 368 140 ) 
4 1297 1332 (-4096 1024 140 ) (-4096 1024 16 ) (-4096 368 16 ) (-4096 368 140 ) 
4 1297 1302 (-4096 496 16 ) (-4096 1008 16 ) (-3472 1008 16 ) (-3472 496 16 ) 
4 1297 1301 (-3472 1024 16 ) (-3072 1024 16 ) (-3072 368 16 ) (-3472 368 16 ) 
4 1297 1298 (-4096 368 16 ) (-3072 368 16 ) (-3072 368 140 ) (-4096 368 140 ) 
4 1298 1333 (-4096 368 16 ) (-4096 358 16 ) (-4096 358 140 ) (-4096 368 140 ) 
4 1298 1301 (-3472 368 16 ) (-3072 368 16 ) (-3072 358 16 ) (-3472 358 16 ) 
4 1298 1300 (-3600 358 16 ) (-3072 358 16 ) (-3072 358 140 ) (-3600 358 140 ) 
4 1299 1313 (-3072 0 140 ) (-3072 0 160 ) (-3600 0 160 ) (-3600 0 140 ) 
4 1299 1300 (-3600 0 140 ) (-3600 358 140 ) (-3072 358 140 ) (-3072 0 140 ) 
4 1300 1314 (-3072 0 16 ) (-3072 0 140 ) (-3600 0 140 ) (-3600 0 16 ) 
4 1300 1301 (-3472 358 16 ) (-3072 358 16 ) (-3072 0 16 ) (-3472 0 16 ) 
4 1301 1315 (-3072 0 8 ) (-3072 0 16 ) (-3472 0 16 ) (-3472 0 8 ) 
4 1301 1302 (-3472 496 16 ) (-3472 1008 16 ) (-3472 1008 8 ) (-3472 496 8 ) 
4 1302 1339 (-4096 496 8 ) (-4096 496 16 ) (-4096 1008 16 ) (-4096 1008 8 ) 
4 1303 1305 (-3608 -400 1224 ) (-3072 -400 1224 ) (-3072 -400 1856 ) (-3608 -400 1856 ) 
4 1303 1304 (-3072 -400 1224 ) (-3608 -400 1224 ) (-3608 0 1224 ) (-3072 0 1224 ) 
4 1304 1307 (-3608 0 784 ) (-3072 0 784 ) (-3072 -400 784 ) (-3608 -400 784 ) 
4 1304 1306 (-3608 -400 784 ) (-3072 -400 784 ) (-3072 -400 1224 ) (-3608 -400 1224 ) 
4 1305 2086 (-3072 -1024 1224 ) (-3072 -1024 1856 ) (-3608 -1024 1856 ) (-3608 -1024 1224 ) 
4 1305 1306 (-3072 -1024 1224 ) (-3608 -1024 1224 ) (-3608 -400 1224 ) (-3072 -400 1224 ) 
4 1306 2087 (-3072 -1024 784 ) (-3072 -1024 1224 ) (-3608 -1024 1224 ) (-3608 -1024 784 ) 
4 1306 1307 (-3608 -400 784 ) (-3072 -400 784 ) (-3072 -1024 784 ) (-3608 -1024 784 ) 
4 1307 2092 (-3072 -1024 640 ) (-3072 -1024 784 ) (-3608 -1024 784 ) (-3608 -1024 640 ) 
4 1307 1310 (-3600 -1024 640 ) (-3608 -1024 640 ) (-3608 -400 640 ) (-3600 -400 640 ) 
4 1307 1309 (-3072 -1024 640 ) (-3600 -1024 640 ) (-3600 0 640 ) (-3072 0 640 ) 
4 1307 1308 (-3608 -400 640 ) (-3608 -1024 640 ) (-3608 -1024 784 ) (-3608 -400 784 ) 
4 1308 2092 (-3608 -1024 784 ) (-3616 -1024 784 ) (-3616 -1024 640 ) (-3608 -1024 640 ) 
4 1308 1310 (-3608 -1024 640 ) (-3616 -1024 640 ) (-3616 -400 640 ) (-3608 -400 640 ) 
4 1309 2092 (-3072 -1024 480 ) (-3072 -1024 640 ) (-3600 -1024 640 ) (-3600 -1024 480 ) 
4 1309 1311 (-3600 0 480 ) (-3072 0 480 ) (-3072 -1024 480 ) (-3600 -1024 480 ) 
4 1309 1310 (-3600 -400 480 ) (-3600 -1024 480 ) (-3600 -1024 640 ) (-3600 -400 640 ) 
4 1310 2092 (-3600 -1024 640 ) (-3616 -1024 640 ) (-3616 -1024 480 ) (-3600 -1024 480 ) 
4 1310 1312 (-3616 -1024 480 ) (-3616 -400 480 ) (-3600 -400 480 ) (-3600 -1024 480 ) 
4 1311 2094 (-3072 -1024 160 ) (-3072 -1024 288 ) (-3600 -1024 288 ) (-3600 -1024 160 ) 
4 1311 2093 (-3072 -1024 288 ) (-3072 -1024 480 ) (-3600 -1024 480 ) (-3600 -1024 288 ) 
4 1311 1313 (-3600 0 160 ) (-3072 0 160 ) (-3072 -1024 160 ) (-3600 -1024 160 ) 
4 1311 1312 (-3600 -400 160 ) (-3600 -1024 160 ) (-3600 -1024 480 ) (-3600 -400 480 ) 
4 1312 2094 (-3616 -1024 288 ) (-3616 -1024 160 ) (-3600 -1024 160 ) (-3600 -1024 288 ) 
4 1312 2093 (-3600 -1024 480 ) (-3616 -1024 480 ) (-3616 -1024 288 ) (-3600 -1024 288 ) 
4 1312 1316 (-3616 -1024 160 ) (-3616 -400 160 ) (-3600 -400 160 ) (-3600 -1024 160 ) 
4 1313 2094 (-3072 -1024 140 ) (-3072 -1024 160 ) (-3600 -1024 160 ) (-3600 -1024 140 ) 
4 1313 1316 (-3600 -1024 140 ) (-3600 -1024 160 ) (-3600 -400 160 ) (-3600 -400 140 ) 
4 1313 1314 (-3072 -1024 140 ) (-3600 -1024 140 ) (-3600 0 140 ) (-3072 0 140 ) 
4 1314 2095 (-3072 -1024 16 ) (-3072 -1024 140 ) (-3600 -1024 140 ) (-3600 -1024 16 ) 
4 1314 1317 (-3600 -1024 16 ) (-3600 -1024 140 ) (-3600 -400 140 ) (-3600 -400 16 ) 
4 1314 1315 (-3472 0 16 ) (-3072 0 16 ) (-3072 -1024 16 ) (-3472 -1024 16 ) 
4 1315 2114 (-3072 -1024 8 ) (-3072 -1024 16 ) (-3472 -1024 16 ) (-3472 -1024 8 ) 
4 1316 2094 (-3600 -1024 140 ) (-3600 -1024 160 ) (-3616 -1024 160 ) (-3616 -1024 140 ) 
4 1316 1317 (-3616 -1024 140 ) (-3616 -400 140 ) (-3600 -400 140 ) (-3600 -1024 140 ) 
4 1317 2095 (-3600 -1024 16 ) (-3600 -1024 140 ) (-3616 -1024 140 ) (-3616 -1024 16 ) 
4 1318 1448 (-4096 -352 1856 ) (-4096 0 1856 ) (-4096 0 1224 ) (-4096 -352 1224 ) 
4 1318 1319 (-4096 -352 1224 ) (-4096 0 1224 ) (-3616 0 1224 ) (-3616 -352 1224 ) 
4 1319 1456 (-4096 0 816 ) (-4096 0 640 ) (-4096 -352 640 ) (-4096 -352 816 ) 
4 1319 1450 (-4096 0 1224 ) (-4096 0 816 ) (-4096 -352 816 ) (-4096 -352 1224 ) 
4 1320 1449 (-4096 -400 1856 ) (-4096 -368 1856 ) (-4096 -368 1224 ) (-4096 -400 1224 ) 
4 1320 1322 (-3616 -400 1224 ) (-3616 -400 1856 ) (-4096 -400 1856 ) (-4096 -400 1224 ) 
4 1320 1321 (-3616 -400 1224 ) (-4096 -400 1224 ) (-4096 -368 1224 ) (-3616 -368 1224 ) 
4 1321 1457 (-4096 -368 816 ) (-4096 -368 640 ) (-4096 -400 640 ) (-4096 -400 816 ) 
4 1321 1451 (-4096 -368 1224 ) (-4096 -368 816 ) (-4096 -400 816 ) (-4096 -400 1224 ) 
4 1321 1323 (-3616 -400 784 ) (-3616 -400 1224 ) (-4096 -400 1224 ) (-4096 -400 784 ) 
4 1322 2088 (-3616 -1024 1224 ) (-3616 -1024 1856 ) (-4060 -1024 1856 ) (-4060 -1024 1224 ) 
4 1322 2089 (-4060 -1024 1856 ) (-4096 -1024 1856 ) (-4096 -1024 1224 ) (-4060 -1024 1224 ) 
4 1322 1467 (-4096 -1024 1224 ) (-4096 -1024 1856 ) (-4096 -400 1856 ) (-4096 -400 1224 ) 
4 1322 1323 (-4096 -1024 1224 ) (-4096 -400 1224 ) (-3616 -400 1224 ) (-3616 -1024 1224 ) 
4 1323 2090 (-3616 -1024 784 ) (-3616 -1024 1224 ) (-4060 -1024 1224 ) (-4060 -1024 784 ) 
4 1323 2091 (-4060 -1024 1224 ) (-4096 -1024 1224 ) (-4096 -1024 784 ) (-4060 -1024 784 ) 
4 1323 1468 (-4096 -1024 784 ) (-4096 -1024 1224 ) (-4096 -400 1224 ) (-4096 -400 784 ) 
4 1324 1469 (-4096 -625 416 ) (-4096 -459 416 ) (-4096 -459 288 ) (-4096 -625 288 ) 
4 1325 1415 (-5120 368 1224 ) (-5120 240 1224 ) (-5120 240 1856 ) (-5120 368 1856 ) 
4 1325 1406 (-5120 1024 1856 ) (-5120 1024 1224 ) (-5120 368 1224 ) (-5120 368 1856 ) 
4 1325 1343 (-4096 240 1224 ) (-4096 240 1856 ) (-5120 240 1856 ) (-5120 240 1224 ) 
4 1325 1326 (-4096 240 1224 ) (-5120 240 1224 ) (-5120 1024 1224 ) (-4096 1024 1224 ) 
4 1326 1416 (-5120 368 640 ) (-5120 240 640 ) (-5120 240 1224 ) (-5120 368 1224 ) 
4 1326 1407 (-5120 1024 1224 ) (-5120 1024 640 ) (-5120 368 640 ) (-5120 368 1224 ) 
4 1326 1344 (-4096 240 640 ) (-4096 240 1224 ) (-4368 240 1224 ) (-4368 240 640 ) 
4 1326 1345 (-4368 240 1224 ) (-5120 240 1224 ) (-5120 240 640 ) (-4368 240 640 ) 
4 1326 1328 (-4368 240 640 ) (-5120 240 640 ) (-5120 1024 640 ) (-4368 1024 640 ) 
4 1326 1327 (-4368 368 640 ) (-4368 1024 640 ) (-4096 1024 640 ) (-4096 368 640 ) 
4 1327 1330 (-4368 368 160 ) (-4368 1024 160 ) (-4096 1024 160 ) (-4096 368 160 ) 
4 1327 1329 (-4368 1024 160 ) (-4368 368 160 ) (-4368 368 480 ) (-4368 1024 480 ) 
4 1327 1328 (-4368 368 480 ) (-4368 368 640 ) (-4368 1024 640 ) (-4368 1024 480 ) 
4 1328 1416 (-5120 368 480 ) (-5120 240 480 ) (-5120 240 640 ) (-5120 368 640 ) 
4 1328 1407 (-5120 1024 640 ) (-5120 1024 480 ) (-5120 368 480 ) (-5120 368 640 ) 
4 1328 1345 (-4368 240 640 ) (-5120 240 640 ) (-5120 240 480 ) (-4368 240 480 ) 
4 1328 1329 (-5120 1024 480 ) (-4368 1024 480 ) (-4368 240 480 ) (-5120 240 480 ) 
4 1329 1420 (-5120 368 160 ) (-5120 240 160 ) (-5120 240 176 ) (-5120 368 176 ) 
4 1329 1417 (-5120 240 176 ) (-5120 240 480 ) (-5120 368 480 ) (-5120 368 176 ) 
4 1329 1407 (-5120 1024 480 ) (-5120 1024 160 ) (-5120 368 160 ) (-5120 368 480 ) 
4 1329 1350 (-4496 240 160 ) (-4368 240 160 ) (-4368 240 176 ) (-4496 240 176 ) 
4 1329 1348 (-4496 240 226 ) (-4496 240 334 ) (-4624 240 334 ) (-4624 240 226 ) 
4 1329 1347 (-4624 240 334 ) (-4496 240 334 ) (-4496 240 480 ) (-4624 240 480 ) 
4 1329 1346 (-4496 240 176 ) (-4368 240 176 ) (-4368 240 480 ) (-4496 240 480 ) 
4 1329 1336 (-4368 240 160 ) (-5120 240 160 ) (-5120 1024 160 ) (-4368 1024 160 ) 
4 1330 1336 (-4368 368 160 ) (-4368 1024 160 ) (-4368 1024 140 ) (-4368 368 140 ) 
4 1330 1334 (-4368 368 140 ) (-4368 1024 140 ) (-4104 1024 140 ) (-4104 368 140 ) 
4 1330 1332 (-4104 1024 140 ) (-4096 1024 140 ) (-4096 368 140 ) (-4104 368 140 ) 
4 1330 1331 (-4368 368 160 ) (-4368 368 140 ) (-4096 368 140 ) (-4096 368 160 ) 
4 1331 1336 (-4368 358 140 ) (-4368 358 160 ) (-4368 368 160 ) (-4368 368 140 ) 
4 1331 1335 (-4104 358 140 ) (-4368 358 140 ) (-4368 368 140 ) (-4104 368 140 ) 
4 1331 1333 (-4096 358 140 ) (-4104 358 140 ) (-4104 368 140 ) (-4096 368 140 ) 
4 1332 1339 (-4096 1008 16 ) (-4096 496 16 ) (-4104 496 16 ) (-4104 1008 16 ) 
4 1332 1334 (-4104 1024 16 ) (-4104 368 16 ) (-4104 368 140 ) (-4104 1024 140 ) 
4 1332 1333 (-4104 368 140 ) (-4104 368 16 ) (-4096 368 16 ) (-4096 368 140 ) 
4 1333 1335 (-4104 368 16 ) (-4104 358 16 ) (-4104 358 140 ) (-4104 368 140 ) 
4 1334 1340 (-4368 496 16 ) (-4368 1008 16 ) (-4104 1008 16 ) (-4104 496 16 ) 
4 1334 1337 (-4368 1024 16 ) (-4368 368 16 ) (-4368 368 140 ) (-4368 1024 140 ) 
4 1334 1335 (-4104 368 16 ) (-4104 368 140 ) (-4368 368 140 ) (-4368 368 16 ) 
4 1335 1337 (-4368 368 16 ) (-4368 358 16 ) (-4368 358 140 ) (-4368 368 140 ) 
4 1336 1429 (-5120 368 140 ) (-5120 240 140 ) (-5120 240 160 ) (-5120 368 160 ) 
4 1336 1407 (-5120 1024 160 ) (-5120 1024 140 ) (-5120 368 140 ) (-5120 368 160 ) 
4 1336 1360 (-4972 240 146 ) (-4972 240 140 ) (-4916 240 140 ) (-4916 240 146 ) 
4 1336 1353 (-4576 240 144 ) (-4576 240 140 ) (-4520 240 140 ) (-4520 240 144 ) 
4 1336 1351 (-4368 240 160 ) (-4496 240 160 ) (-4496 240 140 ) (-4368 240 140 ) 
4 1336 1338 (-5120 1024 140 ) (-4630 1024 140 ) (-4630 240 140 ) (-5120 240 140 ) 
4 1336 1337 (-4630 1024 140 ) (-4368 1024 140 ) (-4368 240 140 ) (-4630 240 140 ) 
4 1337 1354 (-4584 240 60 ) (-4584 240 132 ) (-4630 240 132 ) (-4630 240 60 ) 
4 1337 1353 (-4520 240 140 ) (-4576 240 140 ) (-4576 240 28 ) (-4520 240 28 ) 
4 1337 1351 (-4496 240 16 ) (-4368 240 16 ) (-4368 240 140 ) (-4496 240 140 ) 
4 1337 1341 (-4630 496 16 ) (-4630 1008 16 ) (-4368 1008 16 ) (-4368 496 16 ) 
4 1337 1338 (-4630 1024 16 ) (-4630 240 16 ) (-4630 240 140 ) (-4630 1024 140 ) 
4 1338 1441 (-5120 368 16 ) (-5120 240 16 ) (-5120 240 28 ) (-5120 368 28 ) 
4 1338 1440 (-5120 240 28 ) (-5120 240 48 ) (-5120 368 48 ) (-5120 368 28 ) 
4 1338 1429 (-5120 240 48 ) (-5120 240 140 ) (-5120 368 140 ) (-5120 368 48 ) 
4 1338 1408 (-5120 1024 140 ) (-5120 1024 16 ) (-5120 368 16 ) (-5120 368 140 ) 
4 1338 1360 (-4916 240 140 ) (-4972 240 140 ) (-4972 240 28 ) (-4916 240 28 ) 
4 1338 1357 (-4712 240 60 ) (-4712 240 132 ) (-4820 240 132 ) (-4820 240 60 ) 
4 1338 1354 (-4630 240 60 ) (-4630 240 132 ) (-4688 240 132 ) (-4688 240 60 ) 
4 1338 1342 (-5120 496 16 ) (-5120 1008 16 ) (-4630 1008 16 ) (-4630 496 16 ) 
4 1339 1340 (-4104 1008 16 ) (-4104 1008 8 ) (-4104 496 8 ) (-4104 496 16 ) 
4 1340 1341 (-4368 496 16 ) (-4368 1008 16 ) (-4368 1008 8 ) (-4368 496 8 ) 
4 1341 1342 (-4630 1008 16 ) (-4630 1008 8 ) (-4630 496 8 ) (-4630 496 16 ) 
4 1342 1411 (-5120 496 8 ) (-5120 496 16 ) (-5120 1008 16 ) (-5120 1008 8 ) 
4 1343 1497 (-4832 0 1856 ) (-5120 0 1856 ) (-5120 0 1224 ) (-4832 0 1224 ) 
4 1343 1483 (-4496 0 1856 ) (-4832 0 1856 ) (-4832 0 1224 ) (-4496 0 1224 ) 
4 1343 1452 (-4368 0 1856 ) (-4496 0 1856 ) (-4496 0 1224 ) (-4368 0 1224 ) 
4 1343 1448 (-4096 0 1224 ) (-4096 0 1856 ) (-4368 0 1856 ) (-4368 0 1224 ) 
4 1343 1415 (-5120 0 1224 ) (-5120 0 1856 ) (-5120 240 1856 ) (-5120 240 1224 ) 
4 1343 1344 (-4368 240 1224 ) (-4096 240 1224 ) (-4096 0 1224 ) (-4368 0 1224 ) 
4 1343 1345 (-5120 0 1224 ) (-5120 240 1224 ) (-4368 240 1224 ) (-4368 0 1224 ) 
4 1344 1456 (-4096 0 640 ) (-4096 0 816 ) (-4368 0 816 ) (-4368 0 640 ) 
4 1344 1450 (-4096 0 816 ) (-4096 0 1224 ) (-4368 0 1224 ) (-4368 0 816 ) 
4 1344 1345 (-4368 0 640 ) (-4368 0 1224 ) (-4368 240 1224 ) (-4368 240 640 ) 
4 1345 1501 (-5120 0 816 ) (-5120 0 480 ) (-4832 0 480 ) (-4832 0 816 ) 
4 1345 1499 (-4832 0 1224 ) (-5120 0 1224 ) (-5120 0 816 ) (-4832 0 816 ) 
4 1345 1490 (-4832 0 816 ) (-4832 0 480 ) (-4512 0 480 ) (-4512 0 816 ) 
4 1345 1487 (-4512 0 480 ) (-4496 0 480 ) (-4496 0 816 ) (-4512 0 816 ) 
4 1345 1484 (-4496 0 1224 ) (-4832 0 1224 ) (-4832 0 816 ) (-4496 0 816 ) 
4 1345 1461 (-4496 0 640 ) (-4496 0 480 ) (-4368 0 480 ) (-4368 0 640 ) 
4 1345 1458 (-4496 0 816 ) (-4496 0 640 ) (-4368 0 640 ) (-4368 0 816 ) 
4 1345 1454 (-4368 0 1224 ) (-4496 0 1224 ) (-4496 0 816 ) (-4368 0 816 ) 
4 1345 1416 (-5120 0 480 ) (-5120 0 1224 ) (-5120 240 1224 ) (-5120 240 480 ) 
3 1345 1347 (-4624 240 480 ) (-4496 240 480 ) (-4496 112 480 ) 
4 1345 1346 (-4368 0 480 ) (-4496 0 480 ) (-4496 240 480 ) (-4368 240 480 ) 
4 1346 1765 (-4496 0 188 ) (-4496 0 176 ) (-4368 0 176 ) (-4368 0 188 ) 
4 1346 1474 (-4496 0 288 ) (-4496 0 188 ) (-4368 0 188 ) (-4368 0 288 ) 
4 1346 1464 (-4368 0 480 ) (-4496 0 480 ) (-4496 0 288 ) (-4368 0 288 ) 
4 1346 1362 (-4368 224 176 ) (-4368 0 176 ) (-4496 0 176 ) (-4496 224 176 ) 
4 1346 1350 (-4496 240 176 ) (-4368 240 176 ) (-4368 224 176 ) (-4496 224 176 ) 
4 1346 1348 (-4496 112 334 ) (-4496 240 334 ) (-4496 240 226 ) (-4496 112 226 ) 
4 1346 1347 (-4496 112 480 ) (-4496 240 480 ) (-4496 240 334 ) (-4496 112 334 ) 
3 1347 1348 (-4624 240 334 ) (-4496 240 334 ) (-4496 112 334 ) 
4 1349 1504 (-5120 0 334 ) (-5120 0 188 ) (-4832 0 188 ) (-4832 0 334 ) 
4 1349 1418 (-5120 0 188 ) (-5120 0 334 ) (-5120 224 334 ) (-5120 224 188 ) 
4 1350 1362 (-4368 224 176 ) (-4496 224 176 ) (-4496 224 160 ) (-4368 224 160 ) 
4 1350 1351 (-4368 224 160 ) (-4496 224 160 ) (-4496 240 160 ) (-4368 240 160 ) 
4 1351 1363 (-4368 224 160 ) (-4496 224 160 ) (-4496 224 16 ) (-4368 224 16 ) 
4 1351 1352 (-4496 224 16 ) (-4496 240 16 ) (-4368 240 16 ) (-4368 224 16 ) 
4 1352 1364 (-4496 224 16 ) (-4496 224 0 ) (-4368 224 0 ) (-4368 224 16 ) 
4 1353 1365 (-4576 224 144 ) (-4576 224 28 ) (-4520 224 28 ) (-4520 224 144 ) 
4 1354 1355 (-4584 232 132 ) (-4688 232 132 ) (-4688 232 60 ) (-4584 232 60 ) 
4 1355 1356 (-4584 231 132 ) (-4688 231 132 ) (-4688 231 60 ) (-4584 231 60 ) 
4 1356 1366 (-4584 224 60 ) (-4584 224 132 ) (-4688 224 132 ) (-4688 224 60 ) 
4 1357 1358 (-4820 232 60 ) (-4712 232 60 ) (-4712 232 132 ) (-4820 232 132 ) 
4 1358 1359 (-4820 231 60 ) (-4712 231 60 ) (-4712 231 132 ) (-4820 231 132 ) 
4 1359 1366 (-4712 224 60 ) (-4712 224 132 ) (-4820 224 132 ) (-4820 224 60 ) 
4 1360 1380 (-4968 224 28 ) (-4920 224 28 ) (-4920 224 146 ) (-4968 224 146 ) 
4 1361 1384 (-4980 224 60 ) (-4980 224 132 ) (-5088 224 132 ) (-5088 224 60 ) 
4 1362 1772 (-4368 0 176 ) (-4496 0 176 ) (-4496 0 160 ) (-4368 0 160 ) 
4 1362 1363 (-4368 0 160 ) (-4496 0 160 ) (-4496 224 160 ) (-4368 224 160 ) 
4 1363 1802 (-4496 0 144 ) (-4496 0 16 ) (-4368 0 16 ) (-4368 0 144 ) 
4 1363 1772 (-4368 0 160 ) (-4496 0 160 ) (-4496 0 144 ) (-4368 0 144 ) 
4 1363 1364 (-4368 0 16 ) (-4496 0 16 ) (-4496 224 16 ) (-4368 224 16 ) 
4 1364 1876 (-4368 0 16 ) (-4496 0 16 ) (-4496 0 0 ) (-4368 0 0 ) 
4 1365 1369 (-4576 216 28 ) (-4520 216 28 ) (-4520 216 132 ) (-4576 216 132 ) 
4 1366 1373 (-4900 216 28 ) (-4584 216 28 ) (-4584 216 176 ) (-4900 216 176 ) 
4 1367 1812 (-4512 0 132 ) (-4512 0 144 ) (-4576 0 144 ) (-4576 0 132 ) 
4 1367 1775 (-4512 0 144 ) (-4512 0 176 ) (-4576 0 176 ) (-4576 0 144 ) 
4 1367 1372 (-4576 208 132 ) (-4576 0 132 ) (-4576 0 176 ) (-4576 208 176 ) 
4 1367 1371 (-4576 0 132 ) (-4576 208 132 ) (-4520 208 132 ) (-4520 0 132 ) 
4 1367 1368 (-4520 208 132 ) (-4512 208 132 ) (-4512 0 132 ) (-4520 0 132 ) 
4 1368 1812 (-4512 0 28 ) (-4512 0 132 ) (-4520 0 132 ) (-4520 0 28 ) 
4 1368 1371 (-4520 208 28 ) (-4520 0 28 ) (-4520 0 132 ) (-4520 208 132 ) 
4 1369 1370 (-4520 211 28 ) (-4520 211 132 ) (-4576 211 132 ) (-4576 211 28 ) 
4 1370 1371 (-4520 210 28 ) (-4520 210 132 ) (-4576 210 132 ) (-4576 210 28 ) 
4 1371 1812 (-4520 0 132 ) (-4576 0 132 ) (-4576 0 28 ) (-4520 0 28 ) 
4 1371 1372 (-4576 208 28 ) (-4576 0 28 ) (-4576 0 132 ) (-4576 208 132 ) 
4 1372 1812 (-4584 0 144 ) (-4584 0 28 ) (-4576 0 28 ) (-4576 0 144 ) 
4 1372 1775 (-4576 0 176 ) (-4584 0 176 ) (-4584 0 144 ) (-4576 0 144 ) 
4 1372 1375 (-4584 6 28 ) (-4584 0 28 ) (-4584 0 132 ) (-4584 6 132 ) 
4 1372 1374 (-4584 0 132 ) (-4584 0 176 ) (-4584 6 176 ) (-4584 6 132 ) 
4 1372 1373 (-4584 208 28 ) (-4584 6 28 ) (-4584 6 176 ) (-4584 208 176 ) 
4 1373 1375 (-4900 6 28 ) (-4584 6 28 ) (-4584 6 132 ) (-4900 6 132 ) 
4 1373 1374 (-4584 6 132 ) (-4584 6 176 ) (-4900 6 176 ) (-4900 6 132 ) 
4 1374 1812 (-4900 0 144 ) (-4900 0 132 ) (-4584 0 132 ) (-4584 0 144 ) 
4 1374 1775 (-4584 0 176 ) (-4900 0 176 ) (-4900 0 144 ) (-4584 0 144 ) 
4 1374 1375 (-4900 6 132 ) (-4584 6 132 ) (-4584 0 132 ) (-4900 0 132 ) 
4 1375 1812 (-4900 0 28 ) (-4584 0 28 ) (-4584 0 132 ) (-4900 0 132 ) 
4 1375 1376 (-4900 0 132 ) (-4900 6 132 ) (-4900 6 28 ) (-4900 0 28 ) 
4 1376 1815 (-4908 0 132 ) (-4908 0 28 ) (-4900 0 28 ) (-4900 0 132 ) 
4 1376 1379 (-4908 0 28 ) (-4908 0 132 ) (-4908 6 132 ) (-4908 6 28 ) 
4 1377 1780 (-5008 0 160 ) (-5008 0 156 ) (-4936 0 156 ) (-4936 0 160 ) 
4 1377 1777 (-4936 0 176 ) (-5008 0 176 ) (-5008 0 160 ) (-4936 0 160 ) 
4 1377 1384 (-4980 0 156 ) (-5008 0 156 ) (-5008 180 156 ) (-4980 180 156 ) 
4 1377 1383 (-4972 0 156 ) (-4980 0 156 ) (-4980 180 156 ) (-4972 180 156 ) 
4 1377 1381 (-4936 0 156 ) (-4972 0 156 ) (-4972 180 156 ) (-4936 180 156 ) 
4 1377 1378 (-5008 180 156 ) (-5008 0 156 ) (-5008 0 176 ) (-5008 180 176 ) 
4 1378 1783 (-5032 0 176 ) (-5120 0 176 ) (-5120 0 156 ) (-5032 0 156 ) 
4 1378 1780 (-5032 0 160 ) (-5032 0 156 ) (-5008 0 156 ) (-5008 0 160 ) 
4 1378 1777 (-5008 0 176 ) (-5032 0 176 ) (-5032 0 160 ) (-5008 0 160 ) 
4 1378 1431 (-5120 0 156 ) (-5120 0 160 ) (-5120 196 160 ) (-5120 196 156 ) 
4 1378 1421 (-5120 0 160 ) (-5120 0 176 ) (-5120 196 176 ) (-5120 196 160 ) 
4 1378 1404 (-5019.687500 0 156 ) (-5120 0 156 ) (-5120 27.261984 156 ) (-5076.187012 65.212410 156 ) 
3 1378 1402 (-5099.198242 91.772614 156 ) (-5077.705566 66.965012 156 ) (-5110.769043 38.334789 156 ) 
4 1378 1396 (-5120 30.341393 156 ) (-5120 115.782196 156 ) (-5099.198242 91.772614 156 ) (-5110.769043 38.334789 156 ) 
4 1378 1395 (-5120 27.261984 156 ) (-5120 30.341393 156 ) (-5077.705566 66.965012 156 ) (-5076.187012 65.212410 156 ) 
5 1378 1384 (-5008 0 156 ) (-5019.687500 0 156 ) (-5120 115.782196 156 ) (-5120 196 156 ) (-5008 196 156 ) 
4 1379 1816 (-4908 0 28 ) (-4908 0 144 ) (-4916 0 144 ) (-4916 0 28 ) 
4 1379 1779 (-4908 0 144 ) (-4908 0 156 ) (-4916 0 156 ) (-4916 0 144 ) 
4 1379 1382 (-4916 208 28 ) (-4916 0 28 ) (-4916 0 146 ) (-4916 208 146 ) 
4 1379 1381 (-4916 0 146 ) (-4916 0 156 ) (-4916 208 156 ) (-4916 208 146 ) 
4 1381 1779 (-4916 0 156 ) (-4936 0 156 ) (-4936 0 146 ) (-4916 0 146 ) 
4 1381 1780 (-4936 0 156 ) (-4972 0 156 ) (-4972 0 146 ) (-4936 0 146 ) 
4 1381 1383 (-4972 0 156 ) (-4972 208 156 ) (-4972 208 146 ) (-4972 0 146 ) 
4 1381 1382 (-4972 0 146 ) (-4972 208 146 ) (-4916 208 146 ) (-4916 0 146 ) 
4 1382 1816 (-4972 0 144 ) (-4972 0 28 ) (-4916 0 28 ) (-4916 0 144 ) 
4 1382 1779 (-4936 0 144 ) (-4916 0 144 ) (-4916 0 146 ) (-4936 0 146 ) 
4 1382 1780 (-4972 0 146 ) (-4972 0 144 ) (-4936 0 144 ) (-4936 0 146 ) 
4 1382 1383 (-4972 208 28 ) (-4972 0 28 ) (-4972 0 146 ) (-4972 208 146 ) 
4 1383 1816 (-4972 0 28 ) (-4972 0 144 ) (-4980 0 144 ) (-4980 0 28 ) 
4 1383 1780 (-4972 0 144 ) (-4972 0 156 ) (-4980 0 156 ) (-4980 0 144 ) 
4 1383 1390 (-4980 0 28 ) (-4980 0 50.540546 ) (-4980 25.799999 35.644901 ) (-4980 21.386213 28 ) 
3 1383 1389 (-4980 25.799999 35.644901 ) (-4980 39.041351 28 ) (-4980 21.386213 28 ) 
5 1383 1384 (-4980 0 50.540546 ) (-4980 0 156 ) (-4980 208 156 ) (-4980 208 28 ) (-4980 39.041351 28 ) 
3 1384 1839 (-5032 0 131.390518 ) (-5066.517090 0 62.398430 ) (-5032 0 101.322662 ) 
5 1384 1830 (-5066.517090 0 62.398430 ) (-5072.449707 0 50.540543 ) (-5040.382324 0 50.540543 ) (-5032 0 81.829292 ) (-5032 0 101.322662 ) 
5 1384 1827 (-5029.693848 0 136 ) (-5032 0 131.390518 ) (-5032 0 81.829292 ) (-5028 0 96.760117 ) (-5028 0 136 ) 
4 1384 1825 (-5040.382324 0 50.540543 ) (-5029.104004 0 50.540543 ) (-5028 0 54.955940 ) (-5028 0 96.760117 ) 
3 1384 1819 (-5028 0 139.385635 ) (-5029.693848 0 136 ) (-5028 0 136 ) 
3 1384 1818 (-5029.104004 0 50.540543 ) (-5028 0 50.540543 ) (-5028 0 54.955940 ) 
5 1384 1816 (-5025.691406 0 144 ) (-5028 0 139.385635 ) (-5028 0 50.540543 ) (-4980 0 50.540546 ) (-4980 0 144 ) 
4 1384 1780 (-4980 0 156 ) (-5019.687500 0 156 ) (-5025.691406 0 144 ) (-4980 0 144 ) 
3 1384 1444 (-5120 48.322647 28 ) (-5120 41.867367 28 ) (-5120 42.943459 29.863487 ) 
5 1384 1443 (-5120 224 48 ) (-5120 224 28 ) (-5120 48.322647 28 ) (-5120 42.943459 29.863487 ) (-5120 53.416588 48 ) 
4 1384 1430 (-5120 196 156 ) (-5120 224 156 ) (-5120 224 48 ) (-5120 196 48 ) 
4 1384 1431 (-5120 115.782372 156 ) (-5120 196 156 ) (-5120 196 48 ) (-5120 53.416588 48 ) 
4 1384 1405 (-5072.445801 0 50.540546 ) (-5070.541016 0 54.348064 ) (-5076.179199 4.880894 51.530090 ) (-5076.179199 3.231827 48.674648 ) 
4 1384 1404 (-5070.541016 0 54.348064 ) (-5019.684082 0 156 ) (-5076.184570 65.214142 156 ) (-5076.179199 4.880894 51.530090 ) 
4 1384 1402 (-5077.703125 66.966934 156 ) (-5099.197754 91.776154 156 ) (-5099.199707 23.159008 37.169678 ) (-5077.707031 4.554386 47.911068 ) 
4 1384 1399 (-5120 42.947105 29.862228 ) (-5120 41.871742 28 ) (-5118.587891 40.241531 28 ) (-5117.833984 40.446823 29.861494 ) 
4 1384 1397 (-5118.587891 40.241531 28 ) (-5117.547852 39.041344 28 ) (-5113.825684 35.819496 29.860136 ) (-5117.833984 40.446823 29.861494 ) 
5 1384 1396 (-5099.197754 91.776154 156 ) (-5120 115.786430 156 ) (-5120 42.947105 29.862228 ) (-5113.825684 35.819496 29.860136 ) (-5099.199707 23.159008 37.169678 ) 
4 1384 1395 (-5076.184570 65.214142 156 ) (-5077.703125 66.966934 156 ) (-5077.707031 4.554386 47.911068 ) (-5076.179199 3.231827 48.674648 ) 
4 1384 1394 (-5057.110352 4.435727 47.979237 ) (-5076.122559 11.652333 43.812775 ) (-5068.308594 20.933901 38.453968 ) (-5059.522949 10.700644 44.362160 ) 
3 1384 1393 (-5059.522461 10.699953 44.362560 ) (-5068.019043 20.596420 38.648811 ) (-5064.270020 23.029228 37.244198 ) 
4 1384 1392 (-5068.019043 20.596420 38.648811 ) (-5068.308594 20.933901 38.453968 ) (-5064.211914 25.799816 35.644585 ) (-5060 25.799809 35.644569 ) 
4 1384 1390 (-4980 25.799648 35.644291 ) (-4980 0 50.539871 ) (-5029.104004 0 50.540100 ) (-5044 25.799776 35.644516 ) 
4 1384 1389 (-5053.064453 39.040409 28 ) (-4980 39.039818 28 ) (-4980 25.799648 35.644291 ) (-5064.211914 25.799816 35.644585 ) 
4 1384 1387 (-5093.558105 18.270523 39.991806 ) (-5117.552734 39.040932 28 ) (-5053.064453 39.040409 28 ) (-5076.122559 11.652333 43.812775 ) 
3 1384 1386 (-5054.208984 0 50.540218 ) (-5055.402344 0 50.540222 ) (-5056 1.550388 49.645100 ) 
4 1384 1385 (-5072.451172 0 50.540302 ) (-5093.558105 18.270523 39.991806 ) (-5057.110352 4.435832 47.979176 ) (-5055.402344 0 50.540222 ) 
5 1385 1835 (-5072.449707 0 50.540543 ) (-5078.564453 0 38.318420 ) (-5075.641113 0 36.631397 ) (-5056.755371 0 45.324600 ) (-5065.793457 0 50.540543 ) 
4 1385 1833 (-5056.755371 0 45.324600 ) (-5056.231934 0 45.565502 ) (-5055.402344 0 50.540543 ) (-5065.793457 0 50.540543 ) 
3 1385 1829 (-5078.564453 0 38.318420 ) (-5080.535645 0 34.378525 ) (-5075.641113 0 36.631397 ) 
3 1385 1405 (-5076.179199 0 43.078514 ) (-5072.445801 0 50.540546 ) (-5076.179199 3.231804 48.674664 ) 
3 1385 1403 (-5087.995605 12.137500 40.478298 ) (-5091.087891 14.814119 38.932964 ) (-5087.996094 10.475630 37.599854 ) 
4 1385 1402 (-5077.707031 3.231554 45.620110 ) (-5077.707031 4.554358 47.911087 ) (-5093.548828 18.267153 39.993996 ) (-5091.087891 14.814119 38.932964 ) 
4 1385 1395 (-5077.707520 0 40.023346 ) (-5076.179199 0 43.078514 ) (-5076.179199 3.231804 48.674664 ) (-5077.707031 4.554358 47.911087 ) 
5 1385 1394 (-5076.288574 11.320673 43.526894 ) (-5076.123047 11.651440 43.813145 ) (-5057.109863 4.434496 47.979851 ) (-5056.231445 0 45.566986 ) (-5056.756348 0 45.325375 ) 
4 1385 1388 (-5080.539063 0 34.378494 ) (-5081.367188 1.162236 34.735615 ) (-5080.531738 2.833681 36.182110 ) (-5075.642578 0 36.632236 ) 
3 1385 1387 (-5081.367188 1.162236 34.735615 ) (-5093.558594 18.269531 39.992188 ) (-5076.123047 11.651440 43.813145 ) 
3 1385 1386 (-5056 1.551241 49.646851 ) (-5055.401855 0 50.542461 ) (-5056 0 46.960163 ) 
3 1386 1834 (-5054.208984 0 50.540543 ) (-5055.402344 0 50.540543 ) (-5056 0 46.958969 ) 
3 1387 1829 (-5081.598633 0 32.254021 ) (-5083.727051 0 28 ) (-5080.590332 0 28 ) 
6 1387 1403 (-5087.996094 10.475630 37.599854 ) (-5091.087891 14.814118 38.932964 ) (-5099.199707 21.835896 34.878971 ) (-5099.199707 17.863991 28 ) (-5092.170410 9.750570 28 ) (-5087.996582 6.137509 30.086002 ) 
4 1387 1402 (-5091.087891 14.814118 38.932964 ) (-5093.548828 18.267153 39.993996 ) (-5099.199707 23.158663 37.169880 ) (-5099.199707 21.835896 34.878971 ) 
4 1387 1401 (-5083.722656 0 28 ) (-5081.597168 0 32.248245 ) (-5081.495605 0.509936 33.335083 ) (-5092.170410 9.750570 28 ) 
4 1387 1397 (-5113.825684 35.819466 29.860153 ) (-5117.547852 39.041344 28 ) (-5099.199707 17.863991 28 ) (-5099.199707 18.935127 29.855108 ) 
3 1387 1396 (-5099.199707 23.158663 37.169880 ) (-5113.825684 35.819466 29.860153 ) (-5099.199707 18.935127 29.855108 ) 
4 1387 1394 (-5068.306152 20.934828 38.457096 ) (-5076.121094 11.652344 43.816406 ) (-5076.287598 11.319328 43.528202 ) (-5070.608398 16.328480 34.467285 ) 
5 1387 1392 (-5064.208984 25.801407 35.647339 ) (-5068.306152 20.934828 38.457096 ) (-5073.104492 11.333358 30.140736 ) (-5069.982910 15.041285 28 ) (-5065.509277 21.386213 28 ) 
3 1387 1391 (-5074.339844 8.861699 28 ) (-5069.982910 15.041285 28 ) (-5073.104492 11.333359 30.140736 ) 
3 1387 1389 (-5053.057617 39.046829 28 ) (-5064.208984 25.801407 35.647339 ) (-5065.509277 21.386213 28 ) 
5 1387 1388 (-5080.530762 2.832312 36.183182 ) (-5081.363770 1.165696 34.740822 ) (-5081.596680 0 32.256306 ) (-5080.587891 0 28 ) (-5075.401367 7.356161 28 ) 
5 1388 1829 (-5080.535645 0 34.378525 ) (-5081.598633 0 32.254021 ) (-5080.590332 0 28 ) (-5060.684570 0 28 ) (-5075.641113 0 36.631416 ) 
3 1388 1401 (-5081.597168 0 32.248245 ) (-5080.906250 0 33.629494 ) (-5081.495605 0.509936 33.335083 ) 
3 1388 1391 (-5067.724609 0 32.061111 ) (-5060.687500 0 28 ) (-5073.577637 6.442851 28 ) 
4 1389 1392 (-5064.209473 25.799736 35.645054 ) (-5065.509766 21.385920 28 ) (-5060 21.385918 28 ) (-5060 25.799736 35.645054 ) 
4 1389 1390 (-5044 21.385912 28 ) (-4980 21.385887 28 ) (-4980 25.799738 35.645054 ) (-5044 25.799736 35.645054 ) 
4 1390 1818 (-5028 0 50.540543 ) (-5029.104004 0 50.540543 ) (-5034.739258 0 28 ) (-5028 0 28 ) 
4 1390 1816 (-4980 0 28 ) (-4980 0 50.540546 ) (-5028 0 50.540543 ) (-5028 0 28 ) 
3 1390 1391 (-5041.253906 15.041285 28 ) (-5034.740723 0 28 ) (-5032.569824 0 36.683945 ) 
5 1391 1832 (-5044.094727 0 36.683945 ) (-5063.374512 0 36.683945 ) (-5067.723633 0 32.062279 ) (-5060.684570 0 28 ) (-5046.421387 0 28 ) 
4 1391 1824 (-5034.739258 0 28 ) (-5032.568359 0 36.683945 ) (-5044.094727 0 36.683945 ) (-5046.421387 0 28 ) 
5 1391 1393 (-5063.505859 15.044349 28 ) (-5067.330566 15.044349 28 ) (-5073.083984 11.310710 30.155592 ) (-5063.373535 0 36.685753 ) (-5057.712891 0 36.685753 ) 
4 1391 1392 (-5067.330566 15.044349 28 ) (-5069.983398 15.044349 28 ) (-5073.105469 11.335992 30.140995 ) (-5073.083984 11.310710 30.155592 ) 
4 1392 1394 (-5070.445313 16.148476 34.581230 ) (-5068.019531 20.596249 38.649292 ) (-5068.309082 20.933218 38.454742 ) (-5070.609863 16.329439 34.467197 ) 
5 1392 1393 (-5068.014648 20.599855 38.647209 ) (-5073.080078 11.312500 30.152344 ) (-5067.337402 15.041283 28 ) (-5064.270508 17.694622 28 ) (-5064.270508 23.030064 37.244125 ) 
3 1393 1836 (-5056.493652 0 43.996300 ) (-5063.374512 0 36.683945 ) (-5057.713379 0 36.683945 ) 
4 1393 1394 (-5056.817383 1.146064 44.037418 ) (-5059.521484 10.698089 44.363998 ) (-5068.019531 20.596249 38.649292 ) (-5070.445313 16.148476 34.581230 ) 
3 1394 1833 (-5056.231934 0 45.565342 ) (-5056.754883 0 45.324612 ) (-5056.314453 0 45.070438 ) 
4 1395 1851 (-5087.261719 0 54.352428 ) (-5079.248535 0 42.334702 ) (-5077.720215 0 45.389660 ) (-5083.696289 0 54.352432 ) 
5 1395 1850 (-5079.248535 0 42.334702 ) (-5078.019531 0 40.491741 ) (-5077.477051 0 40.491741 ) (-5076.181152 0 43.081795 ) (-5077.720215 0 45.389660 ) 
4 1395 1849 (-5092.109375 0 61.622387 ) (-5087.261719 0 54.352428 ) (-5083.696289 0 54.352432 ) (-5087.768555 0 60.459419 ) 
4 1395 1845 (-5120 0 108.798187 ) (-5120 0 103.450188 ) (-5092.109375 0 61.622387 ) (-5087.768555 0 60.459419 ) 
3 1395 1841 (-5078.019531 0 40.491741 ) (-5077.709473 0 40.026718 ) (-5077.477051 0 40.491741 ) 
4 1395 1431 (-5120 0 103.450180 ) (-5120 0 108.798187 ) (-5120 27.261942 156 ) (-5120 30.341686 156 ) 
4 1395 1405 (-5076.182617 0 43.082432 ) (-5076.183105 4.879233 51.531036 ) (-5077.721191 3.880113 52.107883 ) (-5077.720703 0 45.388824 ) 
5 1395 1404 (-5076.183105 4.879233 51.531036 ) (-5076.187988 65.212067 156 ) (-5120 27.262577 156 ) (-5120 0 108.798050 ) (-5083.694336 0 54.348080 ) 
5 1395 1402 (-5077.703613 66.964844 156 ) (-5077.708008 3.229816 45.621124 ) (-5082.681152 0 47.485836 ) (-5110.770020 0 89.609924 ) (-5110.769531 38.333057 156 ) 
4 1395 1396 (-5110.770020 0 89.609924 ) (-5120 0 103.452362 ) (-5120 30.340359 156 ) (-5110.769531 38.333057 156 ) 
4 1396 1863 (-5120 0 47.485836 ) (-5120 0 44.740128 ) (-5112.181152 0 41.610668 ) (-5109.789063 0 47.485836 ) 
4 1396 1862 (-5112.181152 0 41.610668 ) (-5104.378906 0 38.487743 ) (-5105.503906 0 47.485836 ) (-5109.789063 0 47.485836 ) 
4 1396 1859 (-5120 0 103.450188 ) (-5120 0 47.485836 ) (-5105.503906 0 47.485836 ) (-5110.769531 0 89.607422 ) 
4 1396 1443 (-5120 0 44.740124 ) (-5120 0 48 ) (-5120 53.416592 48 ) (-5120 42.943436 29.863441 ) 
5 1396 1431 (-5120 0 48 ) (-5120 0 103.450180 ) (-5120 30.341686 156 ) (-5120 115.782372 156 ) (-5120 53.416592 48 ) 
4 1396 1403 (-5102 8.698504 34.521778 ) (-5099.201172 18.928007 29.858135 ) (-5099.201172 21.829399 34.882721 ) (-5102 12.137500 40.478298 ) 
5 1396 1402 (-5110.769531 38.330078 156 ) (-5110.770020 0 89.615227 ) (-5105.503418 0 47.485836 ) (-5099.201172 21.829399 34.882721 ) (-5099.198730 91.767220 156 ) 
3 1396 1400 (-5120 2.115182 44.009560 ) (-5120 10.754560 41.016666 ) (-5115.661621 12.008694 38.845646 ) 
4 1396 1399 (-5120 42.946838 29.864466 ) (-5117.833008 40.445343 29.863731 ) (-5113.928711 12.509552 37.978615 ) (-5120 10.754560 41.016666 ) 
4 1396 1397 (-5117.833008 40.445343 29.863731 ) (-5099.199219 18.933594 29.857422 ) (-5104.377441 0 38.489273 ) (-5112.180176 0 41.612434 ) 
4 1397 1862 (-5103.771484 0 33.629498 ) (-5104.378906 0 38.487743 ) (-5112.181152 0 41.610668 ) (-5115.431152 0 33.629494 ) 
5 1397 1861 (-5103.067871 0 28 ) (-5103.771484 0 33.629498 ) (-5115.431152 0 33.629494 ) (-5116.935547 0 29.934254 ) (-5112.106445 0 28 ) 
3 1397 1817 (-5116.935547 0 29.934254 ) (-5117.723145 0 28 ) (-5112.106445 0 28 ) 
5 1397 1403 (-5102 6.137509 30.086000 ) (-5100.956055 9.750569 28 ) (-5099.201172 17.855047 28 ) (-5099.201172 18.928007 29.858135 ) (-5102 8.698504 34.521778 ) 
3 1397 1401 (-5103.770996 0 33.629494 ) (-5103.067383 0 28 ) (-5100.956055 9.750569 28 ) 
4 1397 1399 (-5113.929688 12.508263 37.974281 ) (-5117.833496 40.441360 29.860121 ) (-5118.586426 40.236298 28 ) (-5117.916504 9.056833 28 ) 
3 1397 1398 (-5117.865234 6.663361 28 ) (-5117.722168 0 28 ) (-5116.934570 0 29.933905 ) 
4 1398 1817 (-5120 0 31.161701 ) (-5120 0 28 ) (-5117.723145 0 28 ) (-5116.935547 0 29.934231 ) 
3 1398 1442 (-5120 0 28 ) (-5120 0 31.161701 ) (-5120 9.133585 28 ) 
3 1398 1399 (-5119.427246 8.475005 28 ) (-5120 9.137777 28 ) (-5120 8.309472 28.286732 ) 
5 1399 1444 (-5120 10.754114 41.014629 ) (-5120 42.943436 29.863441 ) (-5120 41.867371 28 ) (-5120 9.133585 28 ) (-5120 8.309098 28.285406 ) 
4 1399 1400 (-5120 8.306442 28.288185 ) (-5119.900879 8.335124 28.238508 ) (-5115.664063 12.004489 38.846008 ) (-5120 10.751099 41.015785 ) 
4 1400 1444 (-5120 2.116286 44.006989 ) (-5120 10.754114 41.014629 ) (-5120 8.309098 28.285406 ) (-5120 8.109051 28.354654 ) 
4 1401 1861 (-5095.282227 0 33.629494 ) (-5103.771484 0 33.629494 ) (-5103.067871 0 28 ) (-5096.111816 0 28 ) 
4 1401 1860 (-5083.726563 0 28 ) (-5080.910156 0 33.629494 ) (-5095.282227 0 33.629494 ) (-5096.111816 0 28 ) 
4 1401 1403 (-5092.176758 9.753906 28 ) (-5100.953125 9.753906 28 ) (-5101.997070 6.138344 30.087446 ) (-5088 6.138344 30.087446 ) 
3 1402 1859 (-5082.683105 0 47.485836 ) (-5110.769531 0 89.607422 ) (-5105.503906 0 47.485832 ) 
3 1402 1403 (-5102.001953 12.137604 40.478477 ) (-5099.202148 21.835075 34.879860 ) (-5088 12.137605 40.478477 ) 
4 1404 1849 (-5087.768555 0 60.459408 ) (-5083.693359 0 54.348083 ) (-5070.544434 0 54.348061 ) (-5069.884277 0 55.668018 ) 
6 1404 1845 (-5120 0 136 ) (-5120 0 108.798187 ) (-5087.768555 0 60.459408 ) (-5069.884277 0 55.668018 ) (-5061.347168 0 72.731400 ) (-5050.802246 0 136 ) 
4 1404 1844 (-5061.347168 0 72.731400 ) (-5032 0 131.389557 ) (-5032 0 136 ) (-5050.802246 0 136 ) 
3 1404 1827 (-5032 0 131.389557 ) (-5029.693359 0 136 ) (-5032 0 136 ) 
4 1404 1821 (-5120 0 144 ) (-5120 0 136 ) (-5032 0 136 ) (-5032 0 144 ) 
5 1404 1819 (-5032 0 136 ) (-5029.693359 0 136 ) (-5028 0 139.384674 ) (-5028 0 144 ) (-5032 0 144 ) 
3 1404 1816 (-5028 0 139.384674 ) (-5025.690918 0 144 ) (-5028 0 144 ) 
4 1404 1783 (-5032 0 156 ) (-5120 0 156 ) (-5120 0 144 ) (-5032 0 144 ) 
4 1404 1780 (-5019.687500 0 156 ) (-5032 0 156 ) (-5032 0 144 ) (-5025.690918 0 144 ) 
3 1404 1431 (-5120 0 108.798187 ) (-5120 0 156 ) (-5120 27.261942 156 ) 
4 1404 1405 (-5077.719727 3.878365 52.106960 ) (-5076.179688 4.878906 51.529297 ) (-5070.543457 0 54.346130 ) (-5073.239746 0 54.346130 ) 
4 1405 1850 (-5077.720215 0 45.389679 ) (-5076.181152 0 43.081795 ) (-5070.544434 0 54.348061 ) (-5073.238770 0 54.348064 ) 
4 1406 2054 (-6144 368 1224 ) (-6144 368 1856 ) (-6144 1024 1856 ) (-6144 1024 1224 ) 
4 1406 1426 (-6144 368 1856 ) (-6144 368 1224 ) (-6032 368 1224 ) (-6032 368 1856 ) 
4 1406 1424 (-6032 368 1224 ) (-5184 368 1224 ) (-5184 368 1856 ) (-6032 368 1856 ) 
4 1406 1415 (-5184 368 1224 ) (-5120 368 1224 ) (-5120 368 1856 ) (-5184 368 1856 ) 
4 1406 1407 (-5120 368 1224 ) (-6144 368 1224 ) (-6144 1024 1224 ) (-5120 1024 1224 ) 
4 1407 2056 (-6144 368 140 ) (-6144 368 480 ) (-6144 1024 480 ) (-6144 1024 140 ) 
4 1407 2055 (-6144 368 480 ) (-6144 368 1224 ) (-6144 1024 1224 ) (-6144 1024 480 ) 
4 1407 1439 (-6144 368 160 ) (-6144 368 140 ) (-6032 368 140 ) (-6032 368 160 ) 
4 1407 1438 (-6002 368 140 ) (-5906 368 140 ) (-5906 368 160 ) (-6002 368 160 ) 
4 1407 1437 (-5874 368 140 ) (-5778 368 140 ) (-5778 368 160 ) (-5874 368 160 ) 
4 1407 1436 (-5744 368 140 ) (-5616 368 140 ) (-5616 368 160 ) (-5744 368 160 ) 
4 1407 1435 (-5568 368 140 ) (-5472 368 140 ) (-5472 368 160 ) (-5568 368 160 ) 
4 1407 1434 (-5440 368 140 ) (-5344 368 140 ) (-5344 368 160 ) (-5440 368 160 ) 
4 1407 1433 (-5312 368 140 ) (-5216 368 140 ) (-5216 368 160 ) (-5312 368 160 ) 
4 1407 1429 (-5184 368 140 ) (-5120 368 140 ) (-5120 368 160 ) (-5184 368 160 ) 
4 1407 1428 (-6144 368 480 ) (-6144 368 160 ) (-6032 368 160 ) (-6032 368 480 ) 
4 1407 1427 (-6144 368 1224 ) (-6144 368 480 ) (-6032 368 480 ) (-6032 368 1224 ) 
4 1407 1425 (-5184 368 944 ) (-5184 368 1224 ) (-6032 368 1224 ) (-6032 368 944 ) 
4 1407 1423 (-5184 368 160 ) (-5168 368 160 ) (-5168 368 176 ) (-5184 368 176 ) 
4 1407 1422 (-5168 368 160 ) (-5140 368 160 ) (-5140 368 176 ) (-5168 368 176 ) 
4 1407 1420 (-5140 368 160 ) (-5120 368 160 ) (-5120 368 176 ) (-5140 368 176 ) 
4 1407 1419 (-5168 368 480 ) (-5184 368 480 ) (-5184 368 176 ) (-5168 368 176 ) 
4 1407 1417 (-5120 368 176 ) (-5120 368 480 ) (-5168 368 480 ) (-5168 368 176 ) 
4 1407 1416 (-5120 368 480 ) (-5120 368 1224 ) (-5184 368 1224 ) (-5184 368 480 ) 
4 1407 1408 (-5120 368 140 ) (-6144 368 140 ) (-6144 1024 140 ) (-5120 1024 140 ) 
4 1408 2056 (-6144 368 16 ) (-6144 368 140 ) (-6144 1024 140 ) (-6144 1024 16 ) 
4 1408 1446 (-6144 368 48 ) (-6144 368 16 ) (-6032 368 16 ) (-6032 368 48 ) 
4 1408 1445 (-5744 368 16 ) (-5616 368 16 ) (-5616 368 48 ) (-5744 368 48 ) 
4 1408 1441 (-5184 368 16 ) (-5120 368 16 ) (-5120 368 28 ) (-5184 368 28 ) 
4 1408 1440 (-5120 368 28 ) (-5120 368 48 ) (-5184 368 48 ) (-5184 368 28 ) 
4 1408 1439 (-6144 368 140 ) (-6144 368 48 ) (-6032 368 48 ) (-6032 368 140 ) 
4 1408 1438 (-6002 368 48 ) (-5906 368 48 ) (-5906 368 140 ) (-6002 368 140 ) 
4 1408 1437 (-5874 368 48 ) (-5778 368 48 ) (-5778 368 140 ) (-5874 368 140 ) 
4 1408 1436 (-5744 368 48 ) (-5616 368 48 ) (-5616 368 140 ) (-5744 368 140 ) 
4 1408 1435 (-5568 368 48 ) (-5472 368 48 ) (-5472 368 140 ) (-5568 368 140 ) 
4 1408 1434 (-5440 368 48 ) (-5344 368 48 ) (-5344 368 140 ) (-5440 368 140 ) 
4 1408 1433 (-5312 368 48 ) (-5216 368 48 ) (-5216 368 140 ) (-5312 368 140 ) 
4 1408 1429 (-5184 368 48 ) (-5120 368 48 ) (-5120 368 140 ) (-5184 368 140 ) 
4 1408 1413 (-5264 368 16 ) (-6144 368 16 ) (-6144 496 16 ) (-5264 496 16 ) 
4 1408 1411 (-6144 496 16 ) (-6144 1008 16 ) (-5120 1008 16 ) (-5120 496 16 ) 
4 1408 1409 (-6144 1008 16 ) (-6144 1024 16 ) (-5264 1024 16 ) (-5264 1008 16 ) 
4 1409 2057 (-6144 1008 16 ) (-6144 1024 16 ) (-6144 1024 8 ) (-6144 1008 8 ) 
4 1409 1411 (-5264 1008 8 ) (-5264 1008 16 ) (-6144 1008 16 ) (-6144 1008 8 ) 
4 1409 1410 (-5264 1024 8 ) (-5264 1008 8 ) (-6144 1008 8 ) (-6144 1024 8 ) 
4 1410 2058 (-6144 1024 8 ) (-6144 1024 -192 ) (-6144 1008 -192 ) (-6144 1008 8 ) 
4 1410 1412 (-6144 1008 -192 ) (-5328 1008 -192 ) (-5328 1008 8 ) (-6144 1008 8 ) 
4 1411 2057 (-6144 496 16 ) (-6144 1008 16 ) (-6144 1008 8 ) (-6144 496 8 ) 
4 1411 1413 (-5264 496 16 ) (-6144 496 16 ) (-6144 496 8 ) (-5264 496 8 ) 
4 1411 1412 (-5328 496 8 ) (-6144 496 8 ) (-6144 1008 8 ) (-5328 1008 8 ) 
4 1412 2058 (-6144 1008 8 ) (-6144 1008 -192 ) (-6144 496 -192 ) (-6144 496 8 ) 
4 1412 1414 (-6144 496 -192 ) (-5328 496 -192 ) (-5328 496 8 ) (-6144 496 8 ) 
4 1413 2057 (-6144 368 8 ) (-6144 368 16 ) (-6144 496 16 ) (-6144 496 8 ) 
4 1413 1447 (-5744 368 8 ) (-5616 368 8 ) (-5616 368 16 ) (-5744 368 16 ) 
4 1413 1414 (-6144 496 8 ) (-5264 496 8 ) (-5264 368 8 ) (-6144 368 8 ) 
4 1414 2058 (-6144 368 -192 ) (-6144 368 8 ) (-6144 496 8 ) (-6144 496 -192 ) 
4 1414 1447 (-5744 368 -192 ) (-5616 368 -192 ) (-5616 368 8 ) (-5744 368 8 ) 
4 1415 1980 (-5168 0 1856 ) (-5184 0 1856 ) (-5184 0 1224 ) (-5168 0 1224 ) 
4 1415 1883 (-5120 0 1224 ) (-5120 0 1856 ) (-5168 0 1856 ) (-5168 0 1224 ) 
4 1415 1424 (-5184 368 1856 ) (-5184 368 1224 ) (-5184 0 1224 ) (-5184 0 1856 ) 
4 1415 1416 (-5120 0 1224 ) (-5184 0 1224 ) (-5184 368 1224 ) (-5120 368 1224 ) 
4 1416 1984 (-5184 0 816 ) (-5184 0 480 ) (-5168 0 480 ) (-5168 0 816 ) 
4 1416 1982 (-5168 0 1224 ) (-5184 0 1224 ) (-5184 0 816 ) (-5168 0 816 ) 
4 1416 1887 (-5120 0 480 ) (-5120 0 816 ) (-5168 0 816 ) (-5168 0 480 ) 
4 1416 1885 (-5120 0 816 ) (-5120 0 1224 ) (-5168 0 1224 ) (-5168 0 816 ) 
4 1416 1425 (-5184 368 1224 ) (-5184 368 944 ) (-5184 0 944 ) (-5184 0 1224 ) 
4 1416 1419 (-5184 240 480 ) (-5184 368 480 ) (-5168 368 480 ) (-5168 240 480 ) 
4 1416 1417 (-5168 240 480 ) (-5168 368 480 ) (-5120 368 480 ) (-5120 240 480 ) 
4 1417 1422 (-5168 368 176 ) (-5140 368 176 ) (-5140 240 176 ) (-5168 240 176 ) 
4 1417 1420 (-5140 368 176 ) (-5120 368 176 ) (-5120 240 176 ) (-5140 240 176 ) 
4 1417 1419 (-5168 368 176 ) (-5168 240 176 ) (-5168 240 480 ) (-5168 368 480 ) 
4 1418 1891 (-5120 0 188 ) (-5120 0 334 ) (-5168 0 334 ) (-5168 0 188 ) 
4 1419 1423 (-5184 240 176 ) (-5184 368 176 ) (-5168 368 176 ) (-5168 240 176 ) 
4 1420 1429 (-5140 368 160 ) (-5120 368 160 ) (-5120 240 160 ) (-5140 240 160 ) 
4 1420 1422 (-5140 368 160 ) (-5140 240 160 ) (-5140 240 176 ) (-5140 368 176 ) 
4 1421 1950 (-5140 0 160 ) (-5136 0 160 ) (-5136 0 176 ) (-5140 0 176 ) 
4 1421 1947 (-5136 0 160 ) (-5120 0 160 ) (-5120 0 176 ) (-5136 0 176 ) 
4 1421 1431 (-5120 196 160 ) (-5120 0 160 ) (-5140 0 160 ) (-5140 196 160 ) 
4 1422 1429 (-5168 368 160 ) (-5140 368 160 ) (-5140 240 160 ) (-5168 240 160 ) 
4 1422 1423 (-5168 368 160 ) (-5168 240 160 ) (-5168 240 176 ) (-5168 368 176 ) 
4 1423 1429 (-5184 368 160 ) (-5168 368 160 ) (-5168 240 160 ) (-5184 240 160 ) 
4 1424 1991 (-5184 0 1224 ) (-5184 0 1856 ) (-6032 0 1856 ) (-6032 0 1224 ) 
4 1424 1426 (-6032 368 1856 ) (-6032 368 1224 ) (-6032 0 1224 ) (-6032 0 1856 ) 
4 1424 1425 (-6032 0 1224 ) (-6032 368 1224 ) (-5184 368 1224 ) (-5184 0 1224 ) 
4 1425 1992 (-5184 0 944 ) (-5184 0 1224 ) (-6032 0 1224 ) (-6032 0 944 ) 
4 1425 1427 (-6032 368 1224 ) (-6032 368 944 ) (-6032 0 944 ) (-6032 0 1224 ) 
4 1426 2060 (-6144 0 1224 ) (-6144 0 1856 ) (-6144 304 1856 ) (-6144 304 1224 ) 
4 1426 2054 (-6144 304 1856 ) (-6144 368 1856 ) (-6144 368 1224 ) (-6144 304 1224 ) 
4 1426 2015 (-6144 0 1856 ) (-6144 0 1224 ) (-6032 0 1224 ) (-6032 0 1856 ) 
4 1426 1427 (-6144 0 1224 ) (-6144 368 1224 ) (-6032 368 1224 ) (-6032 0 1224 ) 
4 1427 2061 (-6144 0 480 ) (-6144 0 1224 ) (-6144 304 1224 ) (-6144 304 480 ) 
4 1427 2055 (-6144 304 1224 ) (-6144 368 1224 ) (-6144 368 480 ) (-6144 304 480 ) 
4 1427 2017 (-6144 0 1224 ) (-6144 0 480 ) (-6032 0 480 ) (-6032 0 1224 ) 
4 1427 1428 (-6144 304 480 ) (-6144 368 480 ) (-6032 368 480 ) (-6032 304 480 ) 
4 1428 2056 (-6144 304 480 ) (-6144 368 480 ) (-6144 368 160 ) (-6144 304 160 ) 
4 1428 1439 (-6144 368 160 ) (-6032 368 160 ) (-6032 304 160 ) (-6144 304 160 ) 
4 1429 1440 (-5184 240 48 ) (-5184 368 48 ) (-5120 368 48 ) (-5120 240 48 ) 
4 1430 1443 (-5140 196 48 ) (-5140 224 48 ) (-5120 224 48 ) (-5120 196 48 ) 
4 1430 1432 (-5140 224 156 ) (-5140 224 48 ) (-5140 196 48 ) (-5140 196 156 ) 
4 1430 1431 (-5140 196 156 ) (-5140 196 48 ) (-5120 196 48 ) (-5120 196 156 ) 
4 1431 1976 (-5140 0 48 ) (-5136 0 48 ) (-5136 0 144 ) (-5140 0 144 ) 
3 1431 1974 (-5135.322266 0 48 ) (-5128.144531 0 48 ) (-5134.123535 0 50.393211 ) 
4 1431 1973 (-5136 0 48 ) (-5135.322266 0 48 ) (-5134.123535 0 50.393211 ) (-5136 0 51.144253 ) 
5 1431 1971 (-5128.144531 0 48 ) (-5120 0 48 ) (-5120 0 54.348152 ) (-5136 0 54.348175 ) (-5136 0 51.144253 ) 
5 1431 1969 (-5120 0 54.348152 ) (-5120 0 144 ) (-5125.102539 0 144 ) (-5136 0 56.818054 ) (-5136 0 54.348175 ) 
3 1431 1961 (-5125.102539 0 144 ) (-5136 0 144 ) (-5136 0 56.818054 ) 
4 1431 1951 (-5136 0 160 ) (-5140 0 160 ) (-5140 0 144 ) (-5136 0 144 ) 
4 1431 1947 (-5120 0 144 ) (-5120 0 160 ) (-5136 0 160 ) (-5136 0 144 ) 
3 1431 1444 (-5128.144531 0 48 ) (-5140 0 48 ) (-5140 13.697589 48 ) 
5 1431 1443 (-5120 0 48 ) (-5128.144531 0 48 ) (-5140 13.697589 48 ) (-5140 196 48 ) (-5120 196 48 ) 
4 1431 1432 (-5140 196 48 ) (-5140 0 48 ) (-5140 0 156 ) (-5140 196 156 ) 
4 1432 1976 (-5168 0 48 ) (-5140 0 48 ) (-5140 0 144 ) (-5168 0 144 ) 
4 1432 1958 (-5140 0 144 ) (-5140 0 156 ) (-5168 0 156 ) (-5168 0 144 ) 
5 1432 1444 (-5140 0 48 ) (-5162.039551 0 48 ) (-5168 6.896807 48 ) (-5168 46.048626 48 ) (-5140 13.697571 48 ) 
4 1432 1443 (-5168 46.048626 48 ) (-5168 224 48 ) (-5140 224 48 ) (-5140 13.697571 48 ) 
3 1432 1442 (-5162.039551 0 48 ) (-5168 0 48 ) (-5168 6.896807 48 ) 
4 1436 1445 (-5744 304 48 ) (-5744 368 48 ) (-5616 368 48 ) (-5616 304 48 ) 
4 1439 2056 (-6144 304 160 ) (-6144 368 160 ) (-6144 368 48 ) (-6144 304 48 ) 
4 1439 1446 (-6144 304 48 ) (-6144 368 48 ) (-6032 368 48 ) (-6032 304 48 ) 
4 1440 1441 (-5184 240 28 ) (-5184 368 28 ) (-5120 368 28 ) (-5120 240 28 ) 
5 1442 1976 (-5136 0 37.570267 ) (-5162.039551 0 48 ) (-5168 0 48 ) (-5168 0 28 ) (-5136 0 28 ) 
4 1442 1972 (-5120 0 28 ) (-5120 0 31.161718 ) (-5136 0 37.570267 ) (-5136 0 28 ) 
6 1442 1444 (-5120 9.134241 28 ) (-5168 64.671875 28 ) (-5168 6.895561 48 ) (-5162.040527 0 48 ) (-5123.556641 0 32.586426 ) (-5120 8.109006 28.354897 ) 
3 1443 1971 (-5120 0 44.740131 ) (-5120 0 48 ) (-5128.144531 0 48 ) 
6 1443 1444 (-5128.154297 0 48 ) (-5168 46.039063 48 ) (-5168 103.769531 28 ) (-5120 48.310841 28 ) (-5120 2.118645 44.002090 ) (-5120.929199 0 45.107971 ) 
3 1444 1976 (-5136 0 48 ) (-5162.039551 0 48 ) (-5136 0 37.570271 ) 
6 1444 1974 (-5120.928223 0 45.111629 ) (-5128.144531 0 48 ) (-5135.322266 0 48 ) (-5136 0 46.646164 ) (-5136 0 37.570271 ) (-5123.556641 0 32.586281 ) 
3 1444 1973 (-5135.322266 0 48 ) (-5136 0 48 ) (-5136 0 46.646164 ) 
4 1445 1447 (-5744 368 16 ) (-5616 368 16 ) (-5616 304 16 ) (-5744 304 16 ) 
4 1446 2056 (-6144 304 48 ) (-6144 368 48 ) (-6144 368 16 ) (-6144 304 16 ) 
4 1448 1452 (-4368 -352 1856 ) (-4368 0 1856 ) (-4368 0 1224 ) (-4368 -352 1224 ) 
4 1448 1450 (-4368 -352 1224 ) (-4368 0 1224 ) (-4096 0 1224 ) (-4096 -352 1224 ) 
4 1449 1467 (-4096 -400 1224 ) (-4096 -400 1856 ) (-4368 -400 1856 ) (-4368 -400 1224 ) 
4 1449 1453 (-4368 -400 1224 ) (-4368 -400 1856 ) (-4368 -368 1856 ) (-4368 -368 1224 ) 
4 1449 1451 (-4096 -400 1224 ) (-4368 -400 1224 ) (-4368 -368 1224 ) (-4096 -368 1224 ) 
4 1450 1456 (-4368 -352 816 ) (-4368 0 816 ) (-4096 0 816 ) (-4096 -352 816 ) 
4 1450 1454 (-4368 0 816 ) (-4368 -352 816 ) (-4368 -352 1224 ) (-4368 0 1224 ) 
4 1451 1468 (-4368 -400 816 ) (-4096 -400 816 ) (-4096 -400 1224 ) (-4368 -400 1224 ) 
4 1451 1457 (-4096 -400 816 ) (-4368 -400 816 ) (-4368 -368 816 ) (-4096 -368 816 ) 
4 1451 1455 (-4368 -368 816 ) (-4368 -400 816 ) (-4368 -400 1224 ) (-4368 -368 1224 ) 
4 1452 1483 (-4496 0 1856 ) (-4496 0 1224 ) (-4496 -352 1224 ) (-4496 -352 1856 ) 
4 1452 1454 (-4368 0 1224 ) (-4368 -352 1224 ) (-4496 -352 1224 ) (-4496 0 1224 ) 
4 1453 1485 (-4496 -368 1224 ) (-4496 -400 1224 ) (-4496 -400 1856 ) (-4496 -368 1856 ) 
4 1453 1467 (-4496 -400 1856 ) (-4496 -400 1224 ) (-4368 -400 1224 ) (-4368 -400 1856 ) 
4 1453 1455 (-4368 -368 1224 ) (-4368 -400 1224 ) (-4496 -400 1224 ) (-4496 -368 1224 ) 
4 1454 1484 (-4496 0 1224 ) (-4496 0 816 ) (-4496 -352 816 ) (-4496 -352 1224 ) 
4 1454 1458 (-4496 -352 816 ) (-4496 0 816 ) (-4368 0 816 ) (-4368 -352 816 ) 
4 1455 1486 (-4496 -368 816 ) (-4496 -400 816 ) (-4496 -400 1224 ) (-4496 -368 1224 ) 
4 1455 1468 (-4496 -400 1224 ) (-4496 -400 816 ) (-4368 -400 816 ) (-4368 -400 1224 ) 
4 1455 1460 (-4368 -400 816 ) (-4496 -400 816 ) (-4496 -368 816 ) (-4368 -368 816 ) 
4 1456 1458 (-4368 0 640 ) (-4368 -352 640 ) (-4368 -352 816 ) (-4368 0 816 ) 
4 1457 1470 (-4368 -400 640 ) (-4256 -400 640 ) (-4256 -400 784 ) (-4368 -400 784 ) 
4 1457 1468 (-4096 -400 784 ) (-4096 -400 816 ) (-4368 -400 816 ) (-4368 -400 784 ) 
4 1457 1460 (-4368 -368 640 ) (-4368 -400 640 ) (-4368 -400 816 ) (-4368 -368 816 ) 
4 1458 1487 (-4496 0 816 ) (-4496 0 640 ) (-4496 -354 640 ) (-4496 -354 816 ) 
4 1458 1461 (-4496 -354 640 ) (-4496 0 640 ) (-4368 0 640 ) (-4368 -354 640 ) 
4 1458 1459 (-4496 -354 640 ) (-4368 -354 640 ) (-4368 -354 816 ) (-4496 -354 816 ) 
4 1459 1488 (-4496 -354 640 ) (-4496 -358 640 ) (-4496 -358 816 ) (-4496 -354 816 ) 
4 1459 1462 (-4496 -358 640 ) (-4496 -354 640 ) (-4368 -354 640 ) (-4368 -358 640 ) 
4 1459 1460 (-4496 -358 640 ) (-4368 -358 640 ) (-4368 -358 816 ) (-4496 -358 816 ) 
4 1460 1489 (-4496 -358 640 ) (-4496 -400 640 ) (-4496 -400 816 ) (-4496 -358 816 ) 
4 1460 1470 (-4496 -400 784 ) (-4496 -400 640 ) (-4368 -400 640 ) (-4368 -400 784 ) 
4 1460 1468 (-4496 -400 816 ) (-4496 -400 784 ) (-4368 -400 784 ) (-4368 -400 816 ) 
4 1460 1463 (-4368 -400 640 ) (-4496 -400 640 ) (-4496 -358 640 ) (-4368 -358 640 ) 
4 1461 1487 (-4496 0 640 ) (-4496 0 480 ) (-4496 -354 480 ) (-4496 -354 640 ) 
4 1461 1464 (-4368 0 480 ) (-4368 -354 480 ) (-4496 -354 480 ) (-4496 0 480 ) 
4 1461 1462 (-4496 -354 480 ) (-4368 -354 480 ) (-4368 -354 640 ) (-4496 -354 640 ) 
4 1462 1488 (-4496 -354 480 ) (-4496 -358 480 ) (-4496 -358 640 ) (-4496 -354 640 ) 
4 1462 1465 (-4368 -354 480 ) (-4368 -358 480 ) (-4496 -358 480 ) (-4496 -354 480 ) 
4 1462 1463 (-4496 -358 480 ) (-4368 -358 480 ) (-4368 -358 640 ) (-4496 -358 640 ) 
4 1463 1489 (-4496 -358 480 ) (-4496 -400 480 ) (-4496 -400 640 ) (-4496 -358 640 ) 
4 1463 1470 (-4496 -400 640 ) (-4496 -400 480 ) (-4368 -400 480 ) (-4368 -400 640 ) 
4 1463 1466 (-4368 -358 480 ) (-4368 -400 480 ) (-4496 -400 480 ) (-4496 -358 480 ) 
4 1464 1474 (-4496 -354 288 ) (-4496 0 288 ) (-4368 0 288 ) (-4368 -354 288 ) 
4 1464 1465 (-4496 -354 288 ) (-4368 -354 288 ) (-4368 -354 480 ) (-4496 -354 480 ) 
4 1465 1475 (-4496 -358 288 ) (-4496 -354 288 ) (-4368 -354 288 ) (-4368 -358 288 ) 
4 1465 1466 (-4496 -358 288 ) (-4368 -358 288 ) (-4368 -358 480 ) (-4496 -358 480 ) 
4 1466 1476 (-4496 -400 288 ) (-4496 -358 288 ) (-4368 -358 288 ) (-4368 -400 288 ) 
4 1466 1473 (-4496 -400 368 ) (-4496 -400 288 ) (-4368 -400 288 ) (-4368 -400 368 ) 
4 1466 1471 (-4496 -400 480 ) (-4496 -400 368 ) (-4368 -400 368 ) (-4368 -400 480 ) 
4 1467 2115 (-4096 -1024 1224 ) (-4096 -1024 1856 ) (-4496 -1024 1856 ) (-4496 -1024 1224 ) 
4 1467 1485 (-4496 -1024 1224 ) (-4496 -1024 1856 ) (-4496 -400 1856 ) (-4496 -400 1224 ) 
4 1467 1468 (-4496 -1024 1224 ) (-4496 -400 1224 ) (-4096 -400 1224 ) (-4096 -1024 1224 ) 
4 1468 2116 (-4096 -1024 784 ) (-4096 -1024 1224 ) (-4496 -1024 1224 ) (-4496 -1024 784 ) 
4 1468 1489 (-4496 -1024 784 ) (-4496 -1024 816 ) (-4496 -400 816 ) (-4496 -400 784 ) 
4 1468 1486 (-4496 -1024 816 ) (-4496 -1024 1224 ) (-4496 -400 1224 ) (-4496 -400 816 ) 
4 1468 1470 (-4496 -1024 784 ) (-4496 -400 784 ) (-4256 -400 784 ) (-4256 -1024 784 ) 
4 1469 1472 (-4248 -573 288 ) (-4248 -625 288 ) (-4248 -625 368 ) (-4248 -573 368 ) 
4 1470 2117 (-4256 -1024 784 ) (-4496 -1024 784 ) (-4496 -1024 480 ) (-4256 -1024 480 ) 
4 1470 1489 (-4496 -1024 480 ) (-4496 -1024 784 ) (-4496 -400 784 ) (-4496 -400 480 ) 
4 1470 1471 (-4496 -1024 480 ) (-4496 -400 480 ) (-4256 -400 480 ) (-4256 -1024 480 ) 
4 1471 2118 (-4496 -1024 480 ) (-4496 -1024 368 ) (-4256 -1024 368 ) (-4256 -1024 480 ) 
4 1471 1493 (-4496 -1024 368 ) (-4496 -1024 480 ) (-4496 -880 480 ) (-4496 -880 368 ) 
4 1471 1473 (-4496 -1024 368 ) (-4496 -400 368 ) (-4256 -400 368 ) (-4256 -1024 368 ) 
4 1472 1473 (-4256 -625 368 ) (-4256 -573 368 ) (-4256 -573 288 ) (-4256 -625 288 ) 
4 1473 2118 (-4496 -1024 368 ) (-4496 -1024 288 ) (-4256 -1024 288 ) (-4256 -1024 368 ) 
4 1473 1496 (-4496 -880 288 ) (-4496 -1024 288 ) (-4496 -1024 334 ) (-4496 -880 334 ) 
4 1473 1493 (-4496 -1024 334 ) (-4496 -1024 368 ) (-4496 -880 368 ) (-4496 -880 334 ) 
4 1473 1482 (-4496 -1024 288 ) (-4496 -880 288 ) (-4352 -880 288 ) (-4352 -1024 288 ) 
4 1473 1481 (-4496 -880 288 ) (-4496 -700 288 ) (-4352 -700 288 ) (-4352 -880 288 ) 
4 1473 1480 (-4496 -700 288 ) (-4496 -400 288 ) (-4352 -400 288 ) (-4352 -700 288 ) 
4 1473 1479 (-4256 -880 288 ) (-4256 -1024 288 ) (-4352 -1024 288 ) (-4352 -880 288 ) 
4 1473 1478 (-4256 -784 288 ) (-4256 -880 288 ) (-4352 -880 288 ) (-4352 -784 288 ) 
4 1473 1477 (-4352 -400 288 ) (-4256 -400 288 ) (-4256 -528 288 ) (-4352 -528 288 ) 
4 1474 1765 (-4496 -354 188 ) (-4496 0 188 ) (-4368 0 188 ) (-4368 -354 188 ) 
4 1474 1475 (-4368 -354 188 ) (-4368 -354 288 ) (-4496 -354 288 ) (-4496 -354 188 ) 
4 1475 1766 (-4496 -358 188 ) (-4496 -354 188 ) (-4368 -354 188 ) (-4368 -358 188 ) 
4 1475 1476 (-4368 -358 188 ) (-4368 -358 288 ) (-4496 -358 288 ) (-4496 -358 188 ) 
4 1476 1767 (-4496 -400 188 ) (-4496 -358 188 ) (-4368 -358 188 ) (-4368 -400 188 ) 
4 1476 1480 (-4368 -400 288 ) (-4496 -400 288 ) (-4496 -400 188 ) (-4368 -400 188 ) 
4 1477 1784 (-4352 -528 188 ) (-4352 -472 188 ) (-4256 -472 188 ) (-4256 -528 188 ) 
4 1477 1764 (-4352 -472 188 ) (-4352 -400 188 ) (-4256 -400 188 ) (-4256 -472 188 ) 
4 1477 1480 (-4352 -400 288 ) (-4352 -400 188 ) (-4352 -528 188 ) (-4352 -528 288 ) 
4 1478 1789 (-4352 -880 188 ) (-4352 -784 188 ) (-4256 -784 188 ) (-4256 -880 188 ) 
4 1478 1481 (-4352 -784 188 ) (-4352 -880 188 ) (-4352 -880 288 ) (-4352 -784 288 ) 
4 1478 1479 (-4352 -880 288 ) (-4352 -880 188 ) (-4256 -880 188 ) (-4256 -880 288 ) 
4 1479 2120 (-4352 -1024 256 ) (-4352 -1024 188 ) (-4256 -1024 188 ) (-4256 -1024 256 ) 
4 1479 2119 (-4256 -1024 288 ) (-4352 -1024 288 ) (-4352 -1024 256 ) (-4256 -1024 256 ) 
4 1479 1790 (-4256 -1024 188 ) (-4352 -1024 188 ) (-4352 -880 188 ) (-4256 -880 188 ) 
4 1479 1482 (-4352 -880 188 ) (-4352 -1024 188 ) (-4352 -1024 288 ) (-4352 -880 288 ) 
4 1480 1791 (-4496 -700 188 ) (-4496 -584 188 ) (-4352 -584 188 ) (-4352 -700 188 ) 
4 1480 1785 (-4496 -584 188 ) (-4496 -472 188 ) (-4352 -472 188 ) (-4352 -584 188 ) 
4 1480 1767 (-4496 -472 188 ) (-4496 -400 188 ) (-4368 -400 188 ) (-4368 -472 188 ) 
4 1480 1764 (-4368 -400 188 ) (-4352 -400 188 ) (-4352 -472 188 ) (-4368 -472 188 ) 
4 1480 1481 (-4352 -700 188 ) (-4352 -700 288 ) (-4496 -700 288 ) (-4496 -700 188 ) 
4 1481 1792 (-4496 -880 188 ) (-4496 -700 188 ) (-4352 -700 188 ) (-4352 -880 188 ) 
4 1481 1482 (-4352 -880 188 ) (-4352 -880 288 ) (-4496 -880 288 ) (-4496 -880 188 ) 
4 1482 2120 (-4496 -1024 256 ) (-4496 -1024 188 ) (-4352 -1024 188 ) (-4352 -1024 256 ) 
4 1482 2119 (-4352 -1024 288 ) (-4496 -1024 288 ) (-4496 -1024 256 ) (-4352 -1024 256 ) 
4 1482 1793 (-4352 -1024 188 ) (-4496 -1024 188 ) (-4496 -880 188 ) (-4352 -880 188 ) 
4 1482 1496 (-4496 -880 188 ) (-4496 -1024 188 ) (-4496 -1024 288 ) (-4496 -880 288 ) 
4 1483 1497 (-4832 -352 1856 ) (-4832 0 1856 ) (-4832 0 1224 ) (-4832 -352 1224 ) 
4 1483 1484 (-4832 -352 1224 ) (-4832 0 1224 ) (-4496 0 1224 ) (-4496 -352 1224 ) 
4 1484 1499 (-4832 0 1224 ) (-4832 0 816 ) (-4832 -352 816 ) (-4832 -352 1224 ) 
4 1484 1490 (-4832 -352 816 ) (-4832 0 816 ) (-4512 0 816 ) (-4512 -352 816 ) 
4 1484 1487 (-4512 0 816 ) (-4496 0 816 ) (-4496 -352 816 ) (-4512 -352 816 ) 
4 1485 2115 (-4832 -1024 1856 ) (-4832 -1024 1224 ) (-4496 -1024 1224 ) (-4496 -1024 1856 ) 
4 1485 1498 (-4832 -1024 1224 ) (-4832 -1024 1856 ) (-4832 -368 1856 ) (-4832 -368 1224 ) 
4 1485 1486 (-4832 -1024 1224 ) (-4832 -368 1224 ) (-4496 -368 1224 ) (-4496 -1024 1224 ) 
4 1486 2116 (-4832 -1024 1224 ) (-4832 -1024 816 ) (-4496 -1024 816 ) (-4496 -1024 1224 ) 
4 1486 1500 (-4832 -1024 816 ) (-4832 -1024 1224 ) (-4832 -368 1224 ) (-4832 -368 816 ) 
4 1486 1492 (-4832 -1024 816 ) (-4832 -368 816 ) (-4512 -368 816 ) (-4512 -1024 816 ) 
4 1486 1489 (-4512 -368 816 ) (-4496 -368 816 ) (-4496 -1024 816 ) (-4512 -1024 816 ) 
4 1487 1490 (-4512 0 480 ) (-4512 -354 480 ) (-4512 -354 816 ) (-4512 0 816 ) 
4 1487 1488 (-4512 -354 816 ) (-4512 -354 480 ) (-4496 -354 480 ) (-4496 -354 816 ) 
4 1488 1491 (-4512 -354 480 ) (-4512 -358 480 ) (-4512 -358 816 ) (-4512 -354 816 ) 
4 1488 1489 (-4512 -358 816 ) (-4512 -358 480 ) (-4496 -358 480 ) (-4496 -358 816 ) 
4 1489 2117 (-4512 -1024 480 ) (-4496 -1024 480 ) (-4496 -1024 784 ) (-4512 -1024 784 ) 
4 1489 2116 (-4496 -1024 784 ) (-4496 -1024 816 ) (-4512 -1024 816 ) (-4512 -1024 784 ) 
4 1489 1493 (-4496 -880 480 ) (-4496 -1024 480 ) (-4512 -1024 480 ) (-4512 -880 480 ) 
4 1489 1492 (-4512 -358 480 ) (-4512 -1024 480 ) (-4512 -1024 816 ) (-4512 -358 816 ) 
4 1490 1501 (-4832 -354 816 ) (-4832 0 816 ) (-4832 0 480 ) (-4832 -354 480 ) 
4 1490 1491 (-4832 -354 480 ) (-4512 -354 480 ) (-4512 -354 816 ) (-4832 -354 816 ) 
4 1491 1502 (-4832 -358 816 ) (-4832 -354 816 ) (-4832 -354 480 ) (-4832 -358 480 ) 
4 1491 1492 (-4832 -358 480 ) (-4512 -358 480 ) (-4512 -358 816 ) (-4832 -358 816 ) 
4 1492 2117 (-4832 -1024 784 ) (-4832 -1024 480 ) (-4512 -1024 480 ) (-4512 -1024 784 ) 
4 1492 2116 (-4832 -1024 816 ) (-4832 -1024 784 ) (-4512 -1024 784 ) (-4512 -1024 816 ) 
4 1492 1503 (-4832 -1024 480 ) (-4832 -1024 816 ) (-4832 -358 816 ) (-4832 -358 480 ) 
4 1492 1493 (-4832 -1024 480 ) (-4832 -880 480 ) (-4512 -880 480 ) (-4512 -1024 480 ) 
4 1493 2118 (-4832 -1024 480 ) (-4832 -1024 334 ) (-4496 -1024 334 ) (-4496 -1024 480 ) 
4 1493 1581 (-4832 -880 337.462555 ) (-4832 -880 334 ) (-4832 -881.849609 334 ) (-4832 -880.860046 337.692993 ) 
3 1493 1580 (-4832 -880 340.902557 ) (-4832 -880 337.462555 ) (-4832 -880.860046 337.692993 ) 
5 1493 1579 (-4832 -1024 334 ) (-4832 -1024 480 ) (-4832 -880 480 ) (-4832 -880 340.902557 ) (-4832 -881.849609 334 ) 
4 1493 1496 (-4832 -1024 334 ) (-4832 -880 334 ) (-4496 -880 334 ) (-4496 -1024 334 ) 
4 1494 1589 (-4832 -628 188 ) (-4832 -726 188 ) (-4832 -726 243.413391 ) (-4832 -628 269.665039 ) 
4 1494 1557 (-4832 -726 243.413391 ) (-4832 -726 294 ) (-4832 -628 294 ) (-4832 -628 269.665039 ) 
4 1494 1495 (-4536 -726 294 ) (-4816 -726 294 ) (-4816 -726 188 ) (-4536 -726 188 ) 
4 1496 2121 (-4832 -1024 256 ) (-4832 -1024 188 ) (-4496 -1024 188 ) (-4496 -1024 256 ) 
4 1496 2119 (-4832 -1024 288 ) (-4832 -1024 256 ) (-4496 -1024 256 ) (-4496 -1024 288 ) 
4 1496 2118 (-4832 -1024 334 ) (-4832 -1024 288 ) (-4496 -1024 288 ) (-4496 -1024 334 ) 
4 1496 1795 (-4512 -1024 188 ) (-4832 -1024 188 ) (-4832 -880 188 ) (-4512 -880 188 ) 
4 1496 1794 (-4496 -1024 188 ) (-4512 -1024 188 ) (-4512 -880 188 ) (-4496 -880 188 ) 
3 1496 1615 (-4832 -880 188 ) (-4832 -932.863464 188 ) (-4832 -880 202.160751 ) 
3 1496 1586 (-4832 -880 308.845123 ) (-4832 -880 218.118927 ) (-4832 -1020.844727 255.859177 ) 
3 1496 1584 (-4832 -880 314.456879 ) (-4832 -880 308.845123 ) (-4832 -881.672241 308.216003 ) 
5 1496 1581 (-4832 -881.849609 334 ) (-4832 -880 334 ) (-4832 -880 314.456879 ) (-4832 -881.672241 308.216003 ) (-4832 -889.552979 305.251251 ) 
5 1496 1579 (-4832 -1024 256.704651 ) (-4832 -1024 334 ) (-4832 -881.849609 334 ) (-4832 -889.552979 305.251251 ) (-4832 -1020.844727 255.859177 ) 
6 1496 1556 (-4832 -932.863464 188 ) (-4832 -1024 188 ) (-4832 -1024 256 ) (-4832 -1021.370300 256 ) (-4832 -880 218.118927 ) (-4832 -880 202.160751 ) 
3 1496 1506 (-4832 -1024 256 ) (-4832 -1024 256.704651 ) (-4832 -1021.370300 256 ) 
4 1497 1883 (-5120 0 1856 ) (-5120 0 1224 ) (-5120 -352 1224 ) (-5120 -352 1856 ) 
4 1497 1499 (-5120 0 1224 ) (-4832 0 1224 ) (-4832 -352 1224 ) (-5120 -352 1224 ) 
4 1498 2115 (-5120 -1024 1856 ) (-5120 -1024 1224 ) (-4832 -1024 1224 ) (-4832 -1024 1856 ) 
4 1498 1884 (-5120 -368 1224 ) (-5120 -1024 1224 ) (-5120 -1024 1856 ) (-5120 -368 1856 ) 
4 1498 1500 (-4832 -368 1224 ) (-4832 -1024 1224 ) (-5120 -1024 1224 ) (-5120 -368 1224 ) 
4 1499 1885 (-5120 0 1224 ) (-5120 0 816 ) (-5120 -352 816 ) (-5120 -352 1224 ) 
4 1499 1501 (-5120 0 816 ) (-4832 0 816 ) (-4832 -352 816 ) (-5120 -352 816 ) 
4 1500 2116 (-5120 -1024 1224 ) (-5120 -1024 816 ) (-4832 -1024 816 ) (-4832 -1024 1224 ) 
4 1500 1886 (-5120 -368 816 ) (-5120 -1024 816 ) (-5120 -1024 1224 ) (-5120 -368 1224 ) 
4 1500 1503 (-4832 -368 816 ) (-4832 -1024 816 ) (-5120 -1024 816 ) (-5120 -368 816 ) 
4 1501 1887 (-5120 0 816 ) (-5120 0 480 ) (-5120 -354 480 ) (-5120 -354 816 ) 
4 1501 1502 (-5120 -354 480 ) (-4832 -354 480 ) (-4832 -354 816 ) (-5120 -354 816 ) 
4 1502 1888 (-5120 -354 480 ) (-5120 -358 480 ) (-5120 -358 816 ) (-5120 -354 816 ) 
4 1502 1503 (-5120 -358 480 ) (-4832 -358 480 ) (-4832 -358 816 ) (-5120 -358 816 ) 
4 1503 2117 (-5120 -1024 784 ) (-5120 -1024 480 ) (-4832 -1024 480 ) (-4832 -1024 784 ) 
4 1503 2116 (-5120 -1024 816 ) (-5120 -1024 784 ) (-4832 -1024 784 ) (-4832 -1024 816 ) 
4 1503 1889 (-5120 -358 480 ) (-5120 -1024 480 ) (-5120 -1024 816 ) (-5120 -358 816 ) 
4 1503 1579 (-4832 -880 480 ) (-4832 -1024 480 ) (-5002.861816 -1024 480 ) (-5032.386719 -880 480 ) 
4 1503 1507 (-5120 -881.822449 480 ) (-5120 -880 480 ) (-5032.386719 -880 480 ) (-5020.205078 -939.413940 480 ) 
4 1503 1505 (-5120 -1024 480 ) (-5120 -881.822449 480 ) (-5020.205078 -939.413940 480 ) (-5002.861816 -1024 480 ) 
4 1504 1891 (-5120 0 334 ) (-5120 0 188 ) (-5120 -600 188 ) (-5120 -600 334 ) 
8 1504 1788 (-5120 -571.089355 188 ) (-5120 -488.003174 188 ) (-5097.769531 -473.182007 188 ) (-5001.669922 -483.298004 188 ) (-4983.880859 -520.651917 188 ) (-4993.710449 -576.327209 188 ) (-5014.352539 -582.846924 188 ) (-5099.488281 -580.415039 188 ) 
5 1504 1770 (-5120 -42.015350 188 ) (-5120 -16 188 ) (-5104 0 188 ) (-5088 0 188 ) (-5077.719238 -10.283917 188 ) 
3 1504 1769 (-5069.330078 0 188 ) (-5064.016113 0 188 ) (-5068.271973 -3.194017 188 ) 
6 1504 1768 (-5120 -213.511017 188 ) (-5120 -42.015350 188 ) (-5064.016113 0 188 ) (-5048 0 188 ) (-5032 -32 188 ) (-5032 -213.511017 188 ) 
4 1505 2119 (-5120 -1024 288 ) (-5120 -1024 256 ) (-4873.630371 -1024 256 ) (-4873.630859 -1024 288 ) 
5 1505 2118 (-5120 -1024 480 ) (-5120 -1024 288 ) (-4873.630859 -1024 288 ) (-4873.630859 -1024 311.111298 ) (-5002.861816 -1024 480 ) 
4 1505 1928 (-5120 -881.821045 296.790100 ) (-5120 -881.820740 256 ) (-5120 -896.163330 256 ) (-5120 -907.365906 297.805359 ) 
4 1505 1927 (-5120 -917.064941 334 ) (-5120 -881.821350 334 ) (-5120 -881.821045 296.790100 ) (-5120 -907.365906 297.805359 ) 
4 1505 1892 (-5120 -1024 256 ) (-5120 -1024 334 ) (-5120 -917.064941 334 ) (-5120 -896.163330 256 ) 
4 1505 1890 (-5120 -1024 334 ) (-5120 -1024 480 ) (-5120 -881.822449 480 ) (-5120 -881.821350 334 ) 
3 1505 1579 (-5020.201172 -939.416382 480 ) (-5002.858398 -1024 480 ) (-4873.631348 -1024 311.116089 ) 
3 1505 1556 (-5120 -1024 256 ) (-5120 -881.820679 256 ) (-4873.630371 -1024 256 ) 
3 1505 1542 (-5120 -881.820435 312.683380 ) (-5120 -881.820435 312.889130 ) (-5119.768555 -881.954041 312.781769 ) 
4 1505 1540 (-5120 -881.820435 312.889130 ) (-5120 -881.820557 331.345917 ) (-5106.898926 -889.380981 318.251038 ) (-5119.768555 -881.954041 312.781769 ) 
4 1505 1539 (-5101.574219 -892.453796 298.480988 ) (-5088.335449 -900.093933 299.695862 ) (-5086.149902 -901.355164 297.511353 ) (-5100.576172 -893.029907 296.364777 ) 
4 1505 1538 (-5120 -881.820313 296.790100 ) (-5120 -881.820435 312.683380 ) (-5106.898926 -889.380981 318.251038 ) (-5088.335449 -900.093933 299.695862 ) 
4 1505 1518 (-5120 -881.820557 331.345917 ) (-5120 -881.820618 336.581909 ) (-5106.865723 -889.400208 323.453522 ) (-5110.505859 -887.299622 321.856018 ) 
4 1505 1517 (-5106.865723 -889.400208 323.453522 ) (-5081.297852 -904.155212 297.896973 ) (-5086.149902 -901.355164 297.511353 ) (-5110.505859 -887.299622 321.856018 ) 
4 1505 1516 (-5081.532227 -904.019836 256 ) (-5120 -881.820068 256 ) (-5120 -881.820129 263.494354 ) (-5091.663086 -898.173279 277.473938 ) 
4 1505 1514 (-5039.382324 -928.344238 256 ) (-5081.532227 -904.019836 256 ) (-5100.575684 -893.029968 296.364777 ) (-5081.297852 -904.155212 297.896973 ) 
5 1505 1507 (-5106.865723 -889.400208 323.453522 ) (-5120 -881.820618 336.581909 ) (-5120 -881.821533 480 ) (-5020.204102 -939.413391 480 ) (-4945.721680 -982.396545 394.177887 ) 
5 1505 1506 (-4873.628906 -1024 256 ) (-5039.382324 -928.344238 256 ) (-5106.865723 -889.400208 323.453522 ) (-4945.721680 -982.396545 394.177887 ) (-4873.629883 -1024 311.110535 ) 
5 1506 2119 (-4873.630371 -1024 256 ) (-4832 -1024 256 ) (-4832 -1024 256.704559 ) (-4855.946777 -1024 288 ) (-4873.630859 -1024 288 ) 
3 1506 2118 (-4855.946777 -1024 288 ) (-4873.630859 -1024 311.111298 ) (-4873.630859 -1024 288 ) 
3 1506 1586 (-4832.280762 -1019.984375 256 ) (-4851.070313 -928.344299 256 ) (-4865.534180 -918.893127 272.369995 ) 
7 1506 1579 (-4945.719727 -982.398682 394.179382 ) (-4873.631348 -1024 311.116089 ) (-4832 -1024 256.709290 ) (-4832 -1021.352966 256 ) (-4832.280762 -1019.984375 256 ) (-4865.534180 -918.893127 272.369995 ) (-4921.554199 -882.287964 335.772461 ) 
5 1506 1556 (-4851.074219 -928.344238 256 ) (-4832 -1021.373169 256 ) (-4832 -1024 256 ) (-4873.630371 -1024 256 ) (-5039.383789 -928.344238 256 ) 
4 1506 1553 (-4918.936523 -896.706116 310.801453 ) (-5080.737793 -904.130920 297.941528 ) (-5025.500488 -892.330017 318.381256 ) (-4931.770020 -888.605896 324.831512 ) 
4 1506 1552 (-4921.554199 -882.288818 335.772949 ) (-4900.766602 -895.872314 312.245605 ) (-4918.936523 -896.706116 310.801453 ) (-4940.619141 -883.020569 334.505585 ) 
4 1506 1517 (-5080.737793 -904.130920 297.941528 ) (-5081.298340 -904.156677 297.896973 ) (-5106.866699 -889.401367 323.454102 ) (-4990.971191 -884.953125 331.158386 ) 
4 1506 1514 (-4900.766602 -895.872314 312.245605 ) (-4851.070313 -928.345703 256 ) (-5039.382813 -928.345703 256 ) (-5081.298340 -904.156677 297.896973 ) 
4 1506 1508 (-4921.554688 -882.287842 335.771484 ) (-5046.011719 -887.064514 327.498047 ) (-5048.009766 -893.509827 331.218750 ) (-4929.715332 -916.092102 355.493652 ) 
4 1506 1507 (-5075.786133 -888.207275 325.518768 ) (-5106.867188 -889.400146 323.452637 ) (-4945.721680 -982.397156 394.177551 ) (-4929.715332 -916.092102 355.493652 ) 
4 1507 1890 (-5120 -881.822449 480 ) (-5120 -880 480 ) (-5120 -880 339.735321 ) (-5120 -881.821350 336.580627 ) 
5 1507 1579 (-5032.383789 -880 480 ) (-5020.201172 -939.416382 480 ) (-4945.719727 -982.398682 394.179382 ) (-4929.713867 -916.091919 355.494476 ) (-4968.885742 -880 397.015808 ) 
5 1507 1518 (-5075.779297 -888.208191 325.520660 ) (-5106.866699 -889.401367 323.454102 ) (-5120 -881.822388 336.581360 ) (-5120 -880 339.737823 ) (-5075.779297 -880 339.737701 ) 
4 1507 1508 (-4929.718750 -916.091797 355.492188 ) (-5048.008789 -893.510254 331.218231 ) (-5064.154785 -880 345.966431 ) (-4968.887695 -880 397.014557 ) 
3 1508 1580 (-4924.162598 -880.583679 338.724396 ) (-4925.055664 -880 339.735352 ) (-4925.948730 -880 340.902649 ) 
5 1508 1579 (-4929.713867 -916.091919 355.494476 ) (-4921.554199 -882.287964 335.772461 ) (-4924.162598 -880.583679 338.724396 ) (-4925.948730 -880 340.902649 ) (-4968.885742 -880 397.015808 ) 
4 1508 1552 (-4925.057129 -880 339.737305 ) (-4921.554199 -882.288818 335.772949 ) (-4940.619141 -883.020569 334.505585 ) (-4945.404785 -880 339.737366 ) 
4 1508 1519 (-4990.971191 -884.953186 331.158356 ) (-5046.012695 -887.065735 327.499420 ) (-5058.537598 -880 339.737671 ) (-4967.787109 -880 339.737427 ) 
3 1509 1937 (-5120 -703.681274 294.820923 ) (-5120 -795.337830 270.268524 ) (-5120 -781.162048 294.820953 ) 
6 1509 1902 (-5120 -795.337830 270.268524 ) (-5120 -848.603577 256 ) (-5120 -863.348022 256 ) (-5120 -863.348328 294.820984 ) (-5120 -832.275024 294.820984 ) (-5120 -782.308594 292.835114 ) 
3 1509 1900 (-5120 -832.275024 294.820984 ) (-5120 -781.162048 294.820953 ) (-5120 -782.308594 292.835114 ) 
3 1509 1611 (-5011.678711 -784.817749 256 ) (-5120 -848.603394 256 ) (-5120 -798.294800 269.476379 ) 
4 1509 1604 (-4965.453125 -757.597595 256 ) (-5011.678711 -784.817749 256 ) (-5120 -798.294800 269.476379 ) (-5120 -794.002075 270.626282 ) 
5 1509 1593 (-4942.629395 -744.157593 256 ) (-4965.453125 -757.597595 256 ) (-5120 -794.002075 270.626282 ) (-5120 -703.680908 294.820984 ) (-5054.249023 -645.454224 300.046844 ) 
5 1509 1589 (-5011.954590 -608 303.408386 ) (-4944.943359 -608 292.838074 ) (-4894.633301 -715.894653 256 ) (-4942.629395 -744.157593 256 ) (-5054.249023 -645.454224 300.046844 ) 
5 1509 1557 (-4894.628418 -715.901489 256 ) (-4944.941406 -608 292.839844 ) (-4956.406738 -608 307.823364 ) (-4906.926270 -864 311.756042 ) (-4864.263184 -864 256 ) 
5 1509 1554 (-5120 -863.348022 256 ) (-5120 -848.601563 256 ) (-4894.634766 -715.890625 256 ) (-4864.267090 -864 256 ) (-5118.870117 -864 256 ) 
3 1509 1548 (-4906.929688 -864 311.755798 ) (-4921.268555 -789.814331 310.616180 ) (-5024.755859 -864 302.390961 ) 
6 1509 1532 (-4923.218262 -779.725891 310.461212 ) (-4956.410156 -608 307.823151 ) (-5011.955078 -608 303.408447 ) (-5094.730469 -681.302979 296.829437 ) (-5086.031738 -864 297.520782 ) (-5040.775879 -864 301.117676 ) 
5 1509 1531 (-5120 -832.275330 294.820984 ) (-5120 -863.348267 294.820984 ) (-5118.870605 -864 294.910736 ) (-5086.031738 -864 297.520782 ) (-5087.122559 -841.084839 297.434082 ) 
4 1509 1530 (-5094.730469 -681.302979 296.829437 ) (-5120 -703.680786 294.821014 ) (-5120 -832.275330 294.820984 ) (-5087.122559 -841.084839 297.434082 ) 
4 1509 1528 (-4921.268555 -789.814331 310.616180 ) (-4923.218262 -779.725891 310.461212 ) (-5040.775879 -864 301.117676 ) (-5024.755859 -864 302.390961 ) 
4 1509 1511 (-4906.929688 -864 311.755310 ) (-5118.870605 -864 294.910217 ) (-5118.870117 -864 256 ) (-4864.266602 -864 256 ) 
4 1509 1510 (-5118.872070 -864 256 ) (-5118.872070 -864 260.104523 ) (-5120 -863.349060 259.548065 ) (-5120 -863.349060 256 ) 
4 1510 1905 (-5120 -863.348022 256 ) (-5120 -864 256 ) (-5120 -864 259.687195 ) (-5120 -863.348022 259.547821 ) 
3 1510 1554 (-5120 -864 256 ) (-5120 -863.348022 256 ) (-5118.870117 -864 256 ) 
4 1510 1513 (-5120 -864 259.687195 ) (-5120 -864 256 ) (-5118.870117 -864 256 ) (-5118.870117 -864 260.105286 ) 
4 1511 1574 (-4902.657715 -880 310.464417 ) (-4884.290039 -880 286.460510 ) (-4884.290039 -871.546021 284.194916 ) (-4902.658203 -865.544739 306.591949 ) 
4 1511 1573 (-4905.531738 -871.216675 311.866913 ) (-4903.833984 -880 312.001831 ) (-4902.657715 -880 310.464417 ) (-4902.658203 -872.155579 308.362946 ) 
4 1511 1572 (-4906.895508 -864.160339 311.758514 ) (-4905.531738 -871.216675 311.866913 ) (-4902.658203 -872.155579 308.362946 ) (-4902.658203 -865.544739 306.591949 ) 
4 1511 1568 (-4906.926270 -864 311.756042 ) (-4906.895508 -864.160339 311.758514 ) (-4884.290039 -871.546021 284.194916 ) (-4884.290039 -864 282.172638 ) 
3 1511 1567 (-4870.863281 -864 264.625580 ) (-4883.591309 -864 281.259247 ) (-4881.528320 -870.270264 280.243866 ) 
4 1511 1566 (-4883.591309 -864 281.259247 ) (-4884.290039 -864 282.172638 ) (-4884.290039 -871.893921 284.288147 ) (-4881.528320 -870.270264 280.243866 ) 
5 1511 1564 (-4884.290039 -880 286.460510 ) (-4860.982422 -880 256 ) (-4864.263184 -864 256 ) (-4870.863281 -864 264.625580 ) (-4884.290039 -871.893921 284.288147 ) 
4 1511 1555 (-5118.870117 -864 256 ) (-4864.267090 -864 256 ) (-4860.986328 -880 256 ) (-5091.145508 -880 256 ) 
3 1511 1551 (-4925.758789 -878.542114 310.259277 ) (-4957.530273 -880 307.734070 ) (-4925.210938 -880 310.302795 ) 
4 1511 1550 (-4903.837402 -880 312.001587 ) (-4904.309570 -877.557861 311.964081 ) (-4925.758789 -878.542114 310.259277 ) (-4925.210938 -880 310.302795 ) 
5 1511 1549 (-4904.309570 -877.557861 311.964081 ) (-4906.929688 -864 311.755798 ) (-5024.755859 -864 302.390961 ) (-5047.075684 -880 300.617035 ) (-4957.530273 -880 307.734070 ) 
4 1511 1533 (-5040.775879 -864 301.117676 ) (-5073.950195 -864 298.481018 ) (-5073.950195 -880 298.481049 ) (-5063.094727 -880 299.343842 ) 
4 1511 1529 (-5024.755859 -864 302.390961 ) (-5040.775879 -864 301.117676 ) (-5063.094727 -880 299.343842 ) (-5047.075684 -880 300.617035 ) 
3 1511 1515 (-5091.145996 -880 293.332458 ) (-5091.145508 -880 256 ) (-5067.664551 -880 256 ) 
5 1511 1514 (-4903.836914 -880 312.001251 ) (-5091.145996 -880 297.113953 ) (-5091.145996 -880 293.332458 ) (-5067.664551 -880 256 ) (-4860.985840 -880 256 ) 
4 1511 1513 (-5118.872070 -864 260.104523 ) (-5118.872070 -864 256 ) (-5091.146484 -880 256 ) (-5091.146484 -880 273.782501 ) 
3 1511 1512 (-5091.146973 -880 293.333710 ) (-5091.146973 -880 297.117188 ) (-5092.867188 -879.007202 296.980255 ) 
3 1512 1514 (-5091.145996 -880 297.113953 ) (-5093.411133 -880 296.933899 ) (-5091.145996 -880 293.332458 ) 
4 1513 1911 (-5120 -870.508362 256 ) (-5120 -880 256 ) (-5120 -880 263.105652 ) (-5120 -870.508484 261.077759 ) 
4 1513 1908 (-5120 -864 256 ) (-5120 -870.508362 256 ) (-5120 -870.508484 261.077759 ) (-5120 -864 259.687195 ) 
4 1513 1555 (-5120 -880 256 ) (-5120 -864 256 ) (-5118.870117 -864 256 ) (-5091.145508 -880 256 ) 
4 1513 1516 (-5120 -880 263.105652 ) (-5120 -880 256 ) (-5091.145508 -880 256 ) (-5091.145508 -880 273.782867 ) 
5 1514 1588 (-4859.091797 -889.220581 256 ) (-4860.982422 -880 256 ) (-4875.123047 -880 274.480164 ) (-4877.816406 -881.554688 278.416534 ) (-4872.708496 -897.082642 275.901947 ) 
3 1514 1587 (-4875.123047 -880 274.480164 ) (-4878.327637 -880 278.668304 ) (-4877.816406 -881.554688 278.416534 ) 
4 1514 1586 (-4865.534180 -918.893127 272.369995 ) (-4851.070313 -928.344299 256 ) (-4859.091797 -889.220581 256 ) (-4872.708496 -897.082642 275.901947 ) 
4 1514 1583 (-4903.833984 -880 312.001831 ) (-4903.707031 -880.656982 312.011932 ) (-4875.029785 -890.025879 277.044708 ) (-4878.327637 -880 278.668304 ) 
4 1514 1582 (-4903.707031 -880.656982 312.011932 ) (-4902.343262 -887.712341 312.120300 ) (-4900.291504 -888.382690 309.618652 ) (-4900.291504 -881.772888 307.846985 ) 
4 1514 1581 (-4900.291504 -888.382690 309.618652 ) (-4872.593262 -897.432556 275.845276 ) (-4875.029785 -890.025879 277.044708 ) (-4900.291504 -881.772888 307.846985 ) 
4 1514 1579 (-4902.343262 -887.712341 312.120300 ) (-4900.766602 -895.871094 312.245636 ) (-4865.534180 -918.893127 272.369995 ) (-4872.593262 -897.432556 275.845276 ) 
5 1514 1556 (-5067.664551 -880 256 ) (-4860.986328 -880 256 ) (-4851.074219 -928.344238 256 ) (-5039.383789 -928.344238 256 ) (-5081.532227 -904.020447 256 ) 
4 1514 1553 (-5080.730469 -904.125732 297.942108 ) (-4918.938477 -896.701538 310.801361 ) (-4925.210938 -880 310.302795 ) (-5047.075684 -880 300.617004 ) 
4 1514 1552 (-4918.938477 -896.701538 310.801361 ) (-4900.770508 -895.867859 312.245361 ) (-4903.837402 -880 312.001587 ) (-4925.210938 -880 310.302795 ) 
5 1514 1539 (-5100.576172 -893.030518 296.364777 ) (-5086.151367 -901.355164 297.511292 ) (-5076.230469 -900.899963 298.299744 ) (-5047.075684 -880 300.617004 ) (-5093.411621 -880 296.934235 ) 
4 1514 1517 (-5086.151367 -901.355164 297.511292 ) (-5081.304688 -904.152100 297.896484 ) (-5080.730469 -904.125732 297.942108 ) (-5076.230469 -900.899963 298.299744 ) 
4 1514 1516 (-5083.663086 -884.318115 277.474152 ) (-5073.531738 -890.164734 256 ) (-5081.531250 -904.020508 256 ) (-5091.663086 -898.174011 277.474182 ) 
3 1514 1515 (-5091.145996 -880 293.334137 ) (-5067.663574 -880 256 ) (-5073.531738 -890.164734 256 ) 
3 1515 1556 (-5091.145508 -880 256 ) (-5067.664551 -880 256 ) (-5073.532715 -890.164368 256 ) 
4 1515 1516 (-5073.529297 -890.169922 256 ) (-5083.661133 -884.322510 277.476044 ) (-5091.149902 -880 273.781128 ) (-5091.149902 -880 256 ) 
4 1516 1929 (-5120 -880 256 ) (-5120 -881.820740 256 ) (-5120 -881.820801 263.494629 ) (-5120 -880 263.105652 ) 
5 1516 1556 (-5120 -881.820679 256 ) (-5120 -880 256 ) (-5091.145508 -880 256 ) (-5073.532715 -890.164368 256 ) (-5081.532227 -904.020447 256 ) 
4 1517 1553 (-5025.498535 -892.328308 318.380463 ) (-5080.734375 -904.128906 297.940918 ) (-5076.230957 -900.900452 298.298859 ) (-5025.498047 -890.061707 317.071930 ) 
4 1517 1544 (-5040.700684 -886.750854 322.808441 ) (-5085.552246 -888.533386 319.720947 ) (-5085.552246 -886.342651 323.515289 ) (-5044.121094 -884.752563 326.269531 ) 
4 1517 1541 (-4991.132813 -882.718933 329.792053 ) (-5002.990234 -885.252197 325.404358 ) (-5019.490234 -885.907959 324.268524 ) (-5007.504395 -883.347229 328.703705 ) 
4 1517 1540 (-5085.552246 -888.533386 319.720947 ) (-5106.898926 -889.381714 318.251495 ) (-5110.505371 -887.300354 321.856476 ) (-5085.552246 -886.342651 323.515289 ) 
4 1517 1539 (-5068.937012 -899.341370 301.001129 ) (-5076.234375 -900.900391 298.300781 ) (-5086.150391 -901.355408 297.512634 ) (-5088.334961 -900.094849 299.695953 ) 
4 1517 1538 (-5002.990234 -885.252197 325.404358 ) (-5068.937012 -899.341370 301.001129 ) (-5088.334961 -900.094849 299.695953 ) (-5106.898926 -889.381714 318.251495 ) 
4 1517 1519 (-4991.125000 -882.719727 329.792480 ) (-5045.310059 -884.799377 326.190460 ) (-5046.014160 -887.065674 327.501099 ) (-4990.971680 -884.953125 331.160156 ) 
4 1517 1518 (-5085.547852 -886.343750 323.515564 ) (-5110.504395 -887.301575 321.856567 ) (-5106.867188 -889.401123 323.455811 ) (-5075.777344 -888.207947 325.522552 ) 
3 1518 1927 (-5120 -880.288208 334 ) (-5120 -881.821289 331.344666 ) (-5120 -881.821350 334 ) 
5 1518 1890 (-5120 -880 334.499207 ) (-5120 -880.288208 334 ) (-5120 -881.821350 334 ) (-5120 -881.821350 336.580627 ) (-5120 -880 339.735321 ) 
5 1518 1540 (-5085.552246 -886.342651 323.515289 ) (-5110.505371 -887.300354 321.856476 ) (-5120 -881.821167 331.346680 ) (-5120 -880.289246 334 ) (-5085.551758 -880.289246 334 ) 
4 1518 1520 (-5120 -880.289246 334 ) (-5120 -880 334.501007 ) (-5085.551758 -880 334.500977 ) (-5085.551758 -880.289246 334 ) 
4 1519 1545 (-5044.121094 -884.752563 326.269501 ) (-5045.310059 -884.798218 326.190460 ) (-5053.302734 -880.289307 334 ) (-5051.761719 -880.289307 334 ) 
4 1519 1541 (-4979.761230 -880.289490 334 ) (-4991.132813 -882.718933 329.792053 ) (-5007.504395 -883.347290 328.703705 ) (-4993.191406 -880.289429 334 ) 
3 1520 1890 (-5120 -880 334 ) (-5120 -880.288208 334 ) (-5120 -880 334.499176 ) 
4 1520 1540 (-5085.552246 -880.289063 334 ) (-5120 -880.289063 334 ) (-5120 -880 334 ) (-5086.486816 -880 334 ) 
3 1521 1540 (-5086.487305 -880 334 ) (-5093.299316 -880 334 ) (-5091.760254 -880 331.174591 ) 
4 1522 1557 (-4931.428711 -827.510925 334 ) (-4929.425293 -837.283142 334 ) (-4928.029297 -829.162781 330 ) (-4930.033203 -819.390320 330 ) 
4 1522 1546 (-4928.033203 -829.167419 330 ) (-4929.429199 -837.287842 334 ) (-4961.667480 -864.835510 334 ) (-4972.477051 -867.144836 330 ) 
4 1522 1541 (-4987.521484 -880 330 ) (-4979.414063 -880 334 ) (-4992.852539 -880 334 ) (-5000.959473 -880 330 ) 
4 1522 1529 (-4968.799805 -864 330 ) (-4987.523438 -880 330 ) (-5000.959961 -880 330 ) (-4982.236328 -864 330 ) 
4 1522 1528 (-4928.032715 -829.163696 330 ) (-4968.799805 -864 330 ) (-4982.236328 -864 330 ) (-4930.036133 -819.392822 330 ) 
4 1522 1523 (-4930.035156 -819.397705 330 ) (-4982.373047 -864.122742 330 ) (-4971.563477 -861.813354 334 ) (-4931.430664 -827.518494 334 ) 
4 1523 1557 (-4973.375977 -608 330 ) (-4976.436523 -608 334 ) (-4931.428711 -827.510925 334 ) (-4930.033203 -819.390320 330 ) 
4 1523 1533 (-4982.236328 -864 330 ) (-4982.379883 -864.122803 330 ) (-5083.444824 -864.122742 330 ) (-5083.841797 -864 330 ) 
6 1523 1532 (-5091.120117 -861.748169 330 ) (-5091.120117 -608 330 ) (-4973.379395 -608 330 ) (-4930.036133 -819.392822 330 ) (-4982.236328 -864 330 ) (-5083.841797 -864 330 ) 
4 1523 1526 (-5091.119141 -608 330 ) (-5091.119141 -861.748474 330 ) (-5093.298340 -858.764526 334 ) (-5093.298340 -608 334 ) 
4 1523 1524 (-5083.437500 -864.124939 330 ) (-5055.714355 -864.124695 330 ) (-5059.667480 -861.815430 334 ) (-5083.437012 -861.815613 334 ) 
3 1524 1535 (-5051.483398 -874.011108 330 ) (-5083.444824 -864.122742 330 ) (-5055.715332 -864.122742 330 ) 
4 1525 1545 (-5051.885254 -880 334 ) (-5053.363281 -880 334 ) (-5049.756348 -880 330 ) (-5048.920410 -880 330 ) 
3 1525 1537 (-5048.920410 -880 330 ) (-5049.756348 -880 330 ) (-5050.566406 -876.154358 330 ) 
4 1526 1937 (-5120 -608 334 ) (-5120 -608 330 ) (-5120 -760.850952 330 ) (-5120 -758.541687 334 ) 
4 1526 1894 (-5120 -760.850952 330 ) (-5120 -852.812927 330 ) (-5120 -850.503418 334 ) (-5120 -758.541687 334 ) 
4 1526 1532 (-5119.037109 -608 330 ) (-5091.120117 -608 330 ) (-5091.120117 -861.747986 330 ) (-5106.597168 -856.959656 330 ) 
4 1526 1530 (-5120 -852.812927 330 ) (-5120 -608 330 ) (-5119.037109 -608 330 ) (-5106.597168 -856.959656 330 ) 
4 1526 1527 (-5120 -852.814270 330 ) (-5106.597168 -856.960876 330 ) (-5109.242676 -853.832642 334 ) (-5120 -850.504395 334 ) 
4 1527 1894 (-5120 -852.812927 330 ) (-5120 -864 330 ) (-5120 -864 334 ) (-5120 -850.503418 334 ) 
4 1527 1530 (-5120 -864 330 ) (-5120 -852.812927 330 ) (-5106.597168 -856.959656 330 ) (-5106.245117 -864 330 ) 
4 1528 1557 (-4930.033203 -819.390320 330 ) (-4928.029297 -829.162781 330 ) (-4921.265625 -789.812378 310.616364 ) (-4923.215820 -779.723694 310.461395 ) 
4 1528 1548 (-5024.755371 -864 302.390137 ) (-4921.267578 -789.814392 310.615326 ) (-4928.033203 -829.167419 330 ) (-4968.796875 -864 330 ) 
4 1528 1532 (-4982.230957 -864 330 ) (-4930.035156 -819.396729 330 ) (-4923.217773 -779.729614 310.461212 ) (-5040.770020 -864 301.118164 ) 
4 1528 1529 (-4968.804688 -864 330 ) (-4982.226563 -864 330 ) (-5040.764160 -864 301.118591 ) (-5024.763672 -864 302.390320 ) 
3 1529 1551 (-5025.496094 -880 311.263275 ) (-5032.648926 -880 307.734070 ) (-5025.495605 -878.471802 310.381012 ) 
5 1529 1549 (-5047.075195 -880 300.616150 ) (-5024.755371 -864 302.390137 ) (-4968.796875 -864 330 ) (-4972.477051 -867.144836 330 ) (-5032.648926 -880 307.734070 ) 
4 1529 1541 (-5002.979980 -880 322.372833 ) (-4987.521484 -880 330 ) (-5000.959473 -880 330 ) (-5019.490234 -880 320.857483 ) 
4 1529 1539 (-5063.099121 -880 299.341858 ) (-5047.078125 -880 300.615234 ) (-5044.436035 -880 301.918854 ) (-5060.054688 -880 300.843842 ) 
4 1529 1538 (-5044.436035 -880 301.918854 ) (-5002.979980 -880 322.372833 ) (-5019.490234 -880 320.857483 ) (-5060.054688 -880 300.843842 ) 
3 1529 1534 (-5056.692871 -880 302.500000 ) (-5019.483887 -880 320.858032 ) (-5019.483887 -872.050781 316.268372 ) 
5 1529 1533 (-5063.088867 -880 299.344238 ) (-5056.692871 -880 302.500000 ) (-4982.374512 -864.122742 330 ) (-4982.230957 -864 330 ) (-5040.770020 -864 301.118164 ) 
5 1530 1937 (-5120 -608 330 ) (-5120 -608 320.451477 ) (-5120 -703.681274 294.820923 ) (-5120 -781.162170 294.820953 ) (-5120 -760.850891 330 ) 
5 1530 1900 (-5120 -781.162170 294.820953 ) (-5120 -832.274536 294.820953 ) (-5120 -864 296.081848 ) (-5120 -864 330 ) (-5120 -760.850891 330 ) 
4 1530 1593 (-5120 -608 320.451416 ) (-5112.342285 -608 319.243500 ) (-5094.730469 -681.303223 296.829407 ) (-5120 -703.680908 294.820984 ) 
7 1530 1532 (-5086.566406 -864 298.383087 ) (-5087.121094 -841.083862 297.434143 ) (-5094.728516 -681.302124 296.829498 ) (-5112.341309 -608 319.243439 ) (-5119.036133 -608 330 ) (-5106.595703 -856.960022 330 ) (-5100.641602 -864 320.998322 ) 
4 1530 1531 (-5120 -832.273376 294.821045 ) (-5087.123535 -841.082031 297.434082 ) (-5086.568848 -864 298.382935 ) (-5120 -864 296.081879 ) 
3 1531 1902 (-5120 -832.274536 294.820953 ) (-5120 -863.348267 294.820984 ) (-5120 -863.348267 296.055939 ) 
3 1531 1532 (-5086.029785 -864 297.520874 ) (-5087.121094 -841.083862 297.434143 ) (-5086.566406 -864 298.383087 ) 
4 1532 1593 (-5112.342285 -608 319.243500 ) (-5096.604004 -608 316.760925 ) (-5054.249023 -645.454224 300.046875 ) (-5094.730469 -681.303223 296.829407 ) 
3 1532 1589 (-5096.604004 -608 316.760925 ) (-5011.954590 -608 303.408386 ) (-5054.249023 -645.454224 300.046875 ) 
4 1532 1557 (-4956.406738 -608 307.823364 ) (-4973.375977 -608 330 ) (-4930.033203 -819.390320 330 ) (-4923.215820 -779.723694 310.461395 ) 
5 1532 1533 (-5073.949707 -864 298.481018 ) (-5040.777832 -864 301.117493 ) (-4982.240234 -864 330 ) (-5083.841797 -864 330 ) (-5089.476074 -864 326.981201 ) 
4 1533 1539 (-5073.949219 -880 298.479462 ) (-5063.099121 -880 299.341858 ) (-5060.054688 -880 300.843872 ) (-5074.688477 -880 299.836578 ) 
4 1533 1538 (-5060.054688 -880 300.843872 ) (-5056.697754 -880 302.500031 ) (-5076.139160 -880 302.500031 ) (-5074.688477 -880 299.836578 ) 
5 1533 1535 (-5055.714355 -864.125000 330 ) (-5083.437988 -864.125000 330 ) (-5083.441406 -872.263367 315.903992 ) (-5081.321289 -874.510071 312.012634 ) (-5040.700195 -872.895630 314.808868 ) 
4 1533 1534 (-5056.692871 -880 302.503784 ) (-5019.494629 -872.052856 316.268616 ) (-5081.321289 -874.510071 312.012634 ) (-5076.141113 -880 302.503784 ) 
4 1534 1538 (-5056.697754 -880 302.500031 ) (-5019.489746 -880 320.857483 ) (-5082.965820 -880 315.031433 ) (-5076.139160 -880 302.500031 ) 
3 1534 1536 (-5081.460938 -874.975220 312.268402 ) (-5082.966309 -880 315.031372 ) (-5055.329102 -880 317.567810 ) 
5 1534 1535 (-5040.700195 -872.895264 314.808441 ) (-5081.321289 -874.509583 312.012360 ) (-5081.460938 -874.975220 312.268402 ) (-5055.329102 -880 317.567810 ) (-5040.700195 -880 318.910400 ) 
3 1535 1543 (-5044.146484 -880 323.559479 ) (-5055.328613 -880 317.568054 ) (-5040.700684 -880 318.910675 ) 
4 1535 1536 (-5083.179199 -872.617798 315.423584 ) (-5081.458984 -874.972656 312.265625 ) (-5055.313965 -880 317.567963 ) (-5044.506836 -880 323.359283 ) 
4 1536 1544 (-5085.499512 -880 319.682251 ) (-5082.965820 -880 315.031433 ) (-5055.328613 -880 317.568054 ) (-5044.522949 -880 323.357819 ) 
3 1537 1545 (-5048.920410 -880 330 ) (-5049.755859 -880 330 ) (-5045.062988 -880 324.796051 ) 
4 1538 1927 (-5120 -881.821045 296.790131 ) (-5120 -881.821167 312.683807 ) (-5120 -880 311.632324 ) (-5120 -880 296.717743 ) 
4 1538 1553 (-5044.434570 -880 301.919037 ) (-5025.496094 -880 311.263245 ) (-5025.498047 -890.061768 317.071960 ) (-5068.926270 -899.339905 301.001801 ) 
6 1538 1544 (-5055.327148 -880 317.569061 ) (-5095.418457 -880 313.889343 ) (-5097.257813 -886.282349 317.347565 ) (-5085.552734 -888.533020 319.721283 ) (-5040.701172 -886.750427 322.808716 ) (-5040.701172 -882.812378 320.535156 ) 
3 1538 1543 (-5040.701172 -880 318.911469 ) (-5055.327148 -880 317.569061 ) (-5040.701172 -882.812378 320.535156 ) 
5 1538 1542 (-5095.418457 -880 313.889343 ) (-5120 -880 311.633179 ) (-5120 -881.821289 312.684662 ) (-5119.771484 -881.953247 312.781860 ) (-5097.257813 -886.282349 317.347565 ) 
4 1538 1541 (-5002.979004 -880 322.373749 ) (-5019.488770 -880 320.858429 ) (-5019.488770 -885.907349 324.268890 ) (-5002.980469 -885.251221 325.405273 ) 
3 1538 1540 (-5119.771484 -881.953247 312.781860 ) (-5106.898438 -889.381348 318.251953 ) (-5085.552734 -888.533020 319.721283 ) 
5 1538 1539 (-5094.384277 -880 298.480865 ) (-5044.437500 -880 301.918762 ) (-5068.929199 -899.340027 301.001587 ) (-5088.336914 -900.093994 299.695679 ) (-5101.574707 -892.454590 298.480896 ) 
4 1539 1553 (-5076.230957 -900.900452 298.298859 ) (-5047.075195 -880 300.616150 ) (-5044.434570 -880 301.919037 ) (-5068.926270 -899.339905 301.001801 ) 
5 1540 1927 (-5120 -881.821167 312.888519 ) (-5120 -881.821289 331.344666 ) (-5120 -880.288208 334 ) (-5120 -880 334 ) (-5120 -880 316.042664 ) 
4 1540 1544 (-5085.561035 -888.532471 319.720734 ) (-5097.257813 -886.283264 317.348541 ) (-5099.450684 -883.690613 320.663879 ) (-5085.560547 -886.342285 323.514282 ) 
5 1540 1542 (-5097.257813 -886.283264 317.348541 ) (-5119.769043 -881.954529 312.783112 ) (-5120 -881.821228 312.890198 ) (-5120 -880 316.044434 ) (-5102.571777 -880 325.383179 ) 
4 1542 1927 (-5120 -881.821167 312.683807 ) (-5120 -881.821167 312.888519 ) (-5120 -880 316.042664 ) (-5120 -880 311.632324 ) 
4 1542 1544 (-5099.446777 -883.688416 320.662903 ) (-5097.253906 -886.281250 317.347656 ) (-5095.416016 -880 313.889740 ) (-5098.306152 -880 318.533478 ) 
3 1543 1544 (-5055.328125 -880 317.565765 ) (-5040.699219 -882.812805 320.533417 ) (-5044.145020 -880 323.557739 ) 
3 1544 1545 (-5045.310059 -884.797241 326.190277 ) (-5044.121582 -884.751648 326.269257 ) (-5044.043457 -880.711426 323.831512 ) 
5 1546 1569 (-4920.403320 -866.357788 330 ) (-4920.886719 -864 330 ) (-4923.947266 -864 334 ) (-4923.775879 -864.835449 334 ) (-4922.489258 -865.676086 332.543976 ) 
4 1546 1561 (-4920.886719 -864 330 ) (-4921.855957 -859.272583 330 ) (-4925.136230 -858.200684 334 ) (-4923.947266 -864 334 ) 
4 1546 1557 (-4921.855957 -859.272583 330 ) (-4928.029297 -829.162781 330 ) (-4929.425293 -837.283142 334 ) (-4925.136230 -858.200684 334 ) 
4 1546 1549 (-4972.479492 -867.144836 330 ) (-4968.799316 -864 330 ) (-4920.890137 -864 330 ) (-4920.245117 -867.144836 330 ) 
3 1546 1548 (-4968.799316 -864 330 ) (-4928.032227 -829.164490 330 ) (-4920.890137 -864 330 ) 
4 1546 1547 (-4943.815430 -867.146484 330 ) (-4920.244629 -867.146484 330 ) (-4923.779297 -864.837036 334 ) (-4947.474121 -864.837036 334 ) 
3 1547 1571 (-4923.315918 -865.406006 333.551971 ) (-4923.683594 -865.285950 334 ) (-4923.315918 -867.077942 334 ) 
3 1547 1569 (-4922.489258 -865.676086 332.543976 ) (-4923.775879 -864.835449 334 ) (-4923.683594 -865.285950 334 ) 
4 1547 1552 (-4938.724609 -880 330 ) (-4917.609375 -880 330 ) (-4920.669922 -880 334 ) (-4941.468750 -880 334 ) 
4 1547 1550 (-4917.609375 -880 330 ) (-4938.724609 -880 330 ) (-4943.815918 -867.144836 330 ) (-4920.245117 -867.144836 330 ) 
3 1548 1563 (-4911.104980 -864 317.216949 ) (-4907.386230 -864 312.356934 ) (-4911.104980 -862.785034 316.891327 ) 
4 1548 1561 (-4921.855957 -859.272583 330 ) (-4920.886719 -864 330 ) (-4911.104980 -864 317.216949 ) (-4911.104980 -862.785034 316.891327 ) 
5 1548 1557 (-4906.926270 -864 311.756042 ) (-4921.265625 -789.812378 310.616364 ) (-4928.029297 -829.162781 330 ) (-4921.855957 -859.272583 330 ) (-4907.386230 -864 312.356934 ) 
4 1548 1549 (-4920.889648 -864 330 ) (-4968.796875 -864 330 ) (-5024.754395 -864 302.391052 ) (-4906.929199 -864 311.755737 ) 
4 1549 1573 (-4904.306152 -877.557678 311.964325 ) (-4905.531738 -871.216675 311.866913 ) (-4905.766602 -871.139893 312.153503 ) (-4905.766602 -876.603333 313.617340 ) 
4 1549 1572 (-4905.531738 -871.216675 311.866913 ) (-4906.926270 -864 311.756042 ) (-4920.886719 -864 330 ) (-4920.403320 -866.357788 330 ) 
3 1549 1553 (-5032.653809 -880 307.734039 ) (-5047.078125 -880 300.617188 ) (-4957.534668 -880 307.734070 ) 
5 1549 1551 (-5032.644531 -880 307.737122 ) (-4957.491211 -880 307.737122 ) (-4925.758301 -878.543823 310.259247 ) (-4931.770020 -874.749146 316.831665 ) (-5025.497559 -878.473145 310.381653 ) 
4 1549 1550 (-4925.758301 -878.543823 310.259247 ) (-4904.308594 -877.559509 311.964020 ) (-4920.244629 -867.146240 330 ) (-4943.815430 -867.146240 330 ) 
4 1550 1573 (-4905.766602 -880 314.527496 ) (-4903.833984 -880 312.001831 ) (-4904.306152 -877.557678 311.964325 ) (-4905.766602 -876.603333 313.617340 ) 
4 1550 1552 (-4925.211426 -880 310.303131 ) (-4903.837402 -880 312.001953 ) (-4917.609375 -880 330 ) (-4938.724609 -880 330 ) 
4 1550 1551 (-4931.768555 -874.740356 316.826752 ) (-4925.761230 -878.532227 310.259033 ) (-4925.209961 -880 310.302826 ) (-4931.768555 -880 319.863281 ) 
5 1551 1553 (-5025.501953 -880 311.262695 ) (-5032.653809 -880 307.734039 ) (-4957.534668 -880 307.734070 ) (-4925.211426 -880 310.303131 ) (-4931.770020 -880 319.863159 ) 
3 1552 1583 (-4903.707031 -880.656982 312.011932 ) (-4903.833984 -880 312.001831 ) (-4905.717773 -880 314.463989 ) 
5 1552 1582 (-4905.766602 -886.593933 316.294250 ) (-4902.343262 -887.712341 312.120300 ) (-4903.707031 -880.656982 312.011932 ) (-4905.717773 -880 314.463989 ) (-4905.766113 -880 314.527466 ) 
4 1552 1580 (-4925.055176 -880 339.735382 ) (-4924.162109 -880.583679 338.724426 ) (-4923.316406 -880.860046 337.693024 ) (-4923.315918 -880 337.462555 ) 
3 1552 1579 (-4924.162109 -880.583679 338.724426 ) (-4900.766602 -895.871094 312.245636 ) (-4902.343262 -887.712341 312.120300 ) 
4 1552 1553 (-4931.772461 -880 319.862976 ) (-4925.213379 -880 310.302551 ) (-4918.938965 -896.705017 310.801239 ) (-4931.772461 -888.605042 324.830872 ) 
4 1554 1905 (-5120 -864 256 ) (-5120 -863.348022 256 ) (-5120 -863.348022 252.050354 ) (-5120 -864 251.875702 ) 
3 1554 1902 (-5120 -863.348022 256 ) (-5120 -848.603577 256 ) (-5120 -863.348022 252.050354 ) 
3 1554 1648 (-4947.451660 -864 224.657990 ) (-4986.435059 -864 230.807175 ) (-4947.451660 -856.722778 226.607346 ) 
4 1554 1640 (-4902.698730 -864 217.598679 ) (-4947.451660 -864 224.657990 ) (-4947.451660 -856.722778 226.607346 ) (-4891.764648 -846.327332 220.607941 ) 
5 1554 1635 (-4864.262695 -864 211.535782 ) (-4902.698730 -864 217.598679 ) (-4891.764648 -846.327332 220.607941 ) (-4890.011230 -846 220.419037 ) (-4857.337891 -846 215.265167 ) 
4 1554 1632 (-4848.856445 -864 209.105606 ) (-4864.262695 -864 211.535782 ) (-4857.337891 -846 215.265167 ) (-4844.025391 -846 213.165253 ) 
3 1554 1616 (-4890.011230 -846 220.419037 ) (-4841.599609 -836.962769 215.203476 ) (-4844.025391 -846 213.165253 ) 
5 1554 1614 (-4838.454590 -836.375610 214.864624 ) (-4832 -850.217712 210.138580 ) (-4832 -864 206.446655 ) (-4848.856445 -864 209.105606 ) (-4841.599609 -836.962769 215.203476 ) 
8 1554 1611 (-4838.531250 -836.210815 214.920898 ) (-4838.454590 -836.375610 214.864624 ) (-4986.435059 -864 230.807175 ) (-5120 -864 251.875641 ) (-5120 -848.603394 256 ) (-5011.678711 -784.817749 256 ) (-4930.511719 -774.719177 245.901917 ) (-4904.945313 -777.481262 241.129196 ) 
3 1554 1610 (-4908.752930 -774.114258 242.631714 ) (-4904.945313 -777.481262 241.129196 ) (-4910.154297 -776.918518 242.101563 ) 
4 1554 1605 (-4930.511719 -774.719177 245.901917 ) (-4910.836914 -772.271301 243.454147 ) (-4908.752930 -774.114258 242.631714 ) (-4910.154297 -776.918518 242.101563 ) 
4 1554 1604 (-5011.678711 -784.817749 256 ) (-4965.453125 -757.597595 256 ) (-4935.428711 -750.525085 253.158478 ) (-4910.836914 -772.271301 243.454147 ) 
3 1554 1593 (-4965.453125 -757.597595 256 ) (-4942.629395 -744.157593 256 ) (-4935.428711 -750.525085 253.158478 ) 
4 1554 1590 (-4855.415527 -800 227.284225 ) (-4847.955078 -816 221.821411 ) (-4861.386719 -816 223.940048 ) (-4879.480469 -800 231.080109 ) 
4 1554 1589 (-4894.633301 -715.894653 256 ) (-4855.415527 -800 227.284225 ) (-4879.480469 -800 231.080109 ) (-4942.629395 -744.157593 256 ) 
3 1554 1592 (-4847.955078 -816 221.821411 ) (-4838.531250 -836.210815 214.920898 ) (-4861.386719 -816 223.940048 ) 
3 1554 1559 (-4847.405762 -864 233.969391 ) (-4839.743652 -864 223.956390 ) (-4841.048340 -860.330139 224.677643 ) 
4 1554 1558 (-4839.743652 -864 223.956390 ) (-4832 -864 213.836395 ) (-4832 -855.107117 211.453506 ) (-4841.048340 -860.330139 224.677643 ) 
5 1554 1557 (-4832 -850.214844 210.142578 ) (-4894.628418 -715.901489 256 ) (-4864.263184 -864 256 ) (-4847.405762 -864 233.969391 ) (-4832 -855.107117 211.453506 ) 
5 1554 1555 (-4840.483887 -864 224.911560 ) (-4864.273438 -864 256 ) (-5120 -864 256 ) (-5120 -864 251.875931 ) (-4854.979492 -864 210.074371 ) 
4 1555 1911 (-5120 -880 256 ) (-5120 -870.508362 256 ) (-5120 -870.508362 252.674973 ) (-5120 -880 254.701065 ) 
4 1555 1909 (-5120 -870.508362 252.674973 ) (-5120 -870.508362 250.132278 ) (-5120 -880 247.589706 ) (-5120 -880 254.701065 ) 
4 1555 1908 (-5120 -870.508362 256 ) (-5120 -864 256 ) (-5120 -864 251.875702 ) (-5120 -870.508362 250.132278 ) 
3 1555 1710 (-5033.771484 -880 233.987991 ) (-5072.145508 -880 240.041077 ) (-5027.083984 -871.588135 235.186432 ) 
3 1555 1689 (-4950.670410 -880 220.879684 ) (-4952.216797 -880 221.123611 ) (-4952.216309 -874.179871 222.682602 ) 
5 1555 1688 (-4947.089844 -880 220.314911 ) (-4950.670410 -880 220.879684 ) (-4952.216309 -874.179871 222.682602 ) (-4952.215820 -871.712280 223.343582 ) (-4947.090332 -871.510132 222.589218 ) 
5 1555 1684 (-4952.216797 -880 221.123611 ) (-4957.186523 -880 221.907578 ) (-4957.187012 -871.908325 224.075195 ) (-4952.864746 -871.737854 223.439072 ) (-4952.216309 -874.179871 222.682602 ) 
3 1555 1683 (-4952.864746 -871.737854 223.439072 ) (-4952.215820 -871.712280 223.343582 ) (-4952.216309 -874.179871 222.682602 ) 
3 1555 1675 (-4856.850098 -867.951294 209.308075 ) (-4855.869141 -867.912598 209.163712 ) (-4856.850586 -872.239258 208.159485 ) 
4 1555 1672 (-4856.850098 -866 209.830750 ) (-4855.435547 -866 209.607635 ) (-4855.869141 -867.912598 209.163712 ) (-4856.850098 -867.951294 209.308075 ) 
4 1555 1667 (-4957.187012 -871.908325 224.075195 ) (-4957.187500 -868.773376 224.914993 ) (-4947.090332 -868.375183 223.428970 ) (-4947.090820 -871.510132 222.589249 ) 
4 1555 1666 (-4957.187500 -868.773376 224.914993 ) (-4957.187500 -866 225.657928 ) (-4954.388672 -866 225.216431 ) (-4953.688477 -868.635376 224.400055 ) 
3 1555 1665 (-4954.388672 -866 225.216431 ) (-4886.861816 -866 214.564789 ) (-4953.688477 -868.635376 224.400055 ) 
4 1555 1664 (-4957.187500 -866 225.657928 ) (-4957.187500 -864 226.193695 ) (-4947.451660 -864 224.657990 ) (-4947.451660 -866 224.122223 ) 
5 1555 1658 (-4945.695313 -864 224.380981 ) (-4856.849609 -864 210.366440 ) (-4856.849609 -864.816467 210.147766 ) (-4886.861816 -866 214.564774 ) (-4945.973145 -866 223.888977 ) 
4 1555 1656 (-4947.451660 -864 224.657990 ) (-4945.695313 -864 224.380981 ) (-4945.973145 -866 223.888977 ) (-4947.451660 -866 224.122223 ) 
4 1555 1655 (-4856.849609 -864 210.366440 ) (-4854.981934 -864 210.071838 ) (-4855.435547 -866 209.607635 ) (-4856.850098 -866 209.830750 ) 
3 1555 1652 (-4982.396973 -864 230.170197 ) (-4957.187500 -864 226.193695 ) (-4957.187500 -867.382446 225.287598 ) 
6 1555 1650 (-4957.186523 -880 221.907578 ) (-4964.449707 -880 223.053268 ) (-4992.816895 -865.191284 231.494690 ) (-4986.435059 -864 230.807175 ) (-4982.396973 -864 230.170197 ) (-4957.187500 -867.382446 225.287598 ) 
4 1555 1649 (-4964.449707 -880 223.053268 ) (-5033.771484 -880 233.987991 ) (-5027.083984 -871.588135 235.186432 ) (-4992.816895 -865.191284 231.494690 ) 
4 1555 1612 (-5072.145508 -880 240.041077 ) (-5120 -880 247.589661 ) (-5120 -864 251.875641 ) (-4986.435059 -864 230.807175 ) 
4 1555 1564 (-4864.263184 -864 256 ) (-4860.982422 -880 256 ) (-4838.639160 -880 226.799957 ) (-4840.478516 -864 224.916885 ) 
5 1555 1556 (-4838.644043 -880 226.794556 ) (-4860.992188 -880 256 ) (-5120 -880 256 ) (-5120 -880 247.589417 ) (-4858.611816 -880 206.356613 ) 
4 1556 2124 (-4919.124023 -1024 188 ) (-4832 -1024 188 ) (-4832 -1024 256 ) (-4885.928223 -1024 256 ) 
5 1556 2122 (-5120 -1024 256 ) (-5120 -1024 209.015839 ) (-4986.768555 -1024 188 ) (-4919.124023 -1024 188 ) (-4885.928223 -1024 256 ) 
4 1556 1933 (-5120 -880 247.682480 ) (-5120 -880 247.589706 ) (-5120 -892.978088 244.113205 ) (-5120 -893.543579 246.223557 ) 
5 1556 1932 (-5120 -880 250.870255 ) (-5120 -880 247.682480 ) (-5120 -882.354126 247.428894 ) (-5120 -888.983093 246.923523 ) (-5120 -888.983093 249.742172 ) 
3 1556 1931 (-5120 -882.354126 247.428894 ) (-5120 -888.983093 246.714813 ) (-5120 -888.983093 246.923523 ) 
4 1556 1930 (-5120 -888.983093 246.714813 ) (-5120 -893.543579 246.223557 ) (-5120 -894.307312 249.073563 ) (-5120 -888.983093 249.742172 ) 
4 1556 1929 (-5120 -881.820618 256 ) (-5120 -880 256 ) (-5120 -880 250.870255 ) (-5120 -881.820679 250.641617 ) 
4 1556 1928 (-5120 -896.163391 256 ) (-5120 -881.820618 256 ) (-5120 -881.820679 250.641617 ) (-5120 -894.307312 249.073563 ) 
4 1556 1893 (-5120 -1024 209.015839 ) (-5120 -1024 256 ) (-5120 -896.163391 256 ) (-5120 -892.978088 244.113205 ) 
3 1556 1796 (-4832 -1024 188 ) (-4986.768555 -1024 188 ) (-4832 -932.863464 188 ) 
3 1556 1747 (-5120 -973.144165 222.638763 ) (-5120 -888.933289 245.196671 ) (-5082 -881.839661 241.102783 ) 
4 1556 1731 (-4970.310059 -1014.307922 188 ) (-4986.769043 -1024 188 ) (-5120 -1024 209.015793 ) (-5120 -1019.445129 210.235916 ) 
5 1556 1726 (-4873.973633 -957.579651 188 ) (-4947.082031 -1000.630005 188 ) (-4947.089844 -883.829224 219.289108 ) (-4900.695801 -882 212.461014 ) (-4853.687500 -882 205.045944 ) 
4 1556 1722 (-5086.419922 -892.459045 238.955292 ) (-5082.066895 -882 241.070358 ) (-5075.814941 -882 240.084213 ) (-5075.821777 -892.041138 237.395477 ) 
4 1556 1721 (-5075.814941 -882 240.084213 ) (-4947.089844 -882 219.779129 ) (-4947.089355 -886.964661 218.449173 ) (-5075.821777 -892.041138 237.395477 ) 
6 1556 1720 (-4947.082031 -1000.630005 188 ) (-4970.310059 -1014.307922 188 ) (-5120 -1019.445129 210.235916 ) (-5120 -973.144165 222.638763 ) (-5086.419922 -892.459045 238.955292 ) (-4947.089355 -886.964661 218.449173 ) 
5 1556 1717 (-5082.066895 -882 241.070358 ) (-5082 -881.839661 241.102783 ) (-5072.145508 -880 240.041092 ) (-5033.771484 -880 233.988007 ) (-5035.361328 -882 233.703079 ) 
4 1556 1695 (-4947.909668 -880 220.444183 ) (-4947.090332 -880 220.314911 ) (-4947.089355 -882 219.779129 ) (-4948.186523 -882 219.952194 ) 
4 1556 1692 (-4957.187012 -880 221.907578 ) (-4947.909668 -880 220.444183 ) (-4948.186523 -882 219.952194 ) (-4957.186523 -882 221.371826 ) 
3 1556 1678 (-4853.185059 -880.126709 205.468430 ) (-4853.687500 -882 205.045944 ) (-4900.696289 -882 212.461121 ) 
4 1556 1653 (-5033.771484 -880 233.988007 ) (-4957.187012 -880 221.907578 ) (-4957.186523 -882 221.371826 ) (-5035.361328 -882 233.703079 ) 
4 1556 1615 (-4832 -880 202.160675 ) (-4832 -932.863159 188 ) (-4873.973633 -957.579651 188 ) (-4853.150879 -880 205.497009 ) 
3 1556 1613 (-5120 -888.933289 245.196671 ) (-5120 -880 247.589661 ) (-5072.145508 -880 240.041092 ) 
3 1556 1588 (-4860.982422 -880 256 ) (-4859.091797 -889.220581 256 ) (-4843.122559 -880 232.659348 ) 
5 1556 1586 (-4859.091797 -889.220581 256 ) (-4832.280762 -1019.984375 256 ) (-4832 -1020.837463 255.861862 ) (-4832 -880 218.123688 ) (-4843.122559 -880 232.659348 ) 
3 1556 1579 (-4832.280762 -1019.984375 256 ) (-4832 -1021.352966 256 ) (-4832 -1020.837463 255.861862 ) 
3 1557 1614 (-4832 -841.986328 212.343552 ) (-4832 -850.217712 210.138580 ) (-4838.531250 -836.210876 214.920883 ) 
4 1557 1591 (-4832 -800 223.590607 ) (-4832 -816 219.304626 ) (-4837.443848 -816 220.163345 ) (-4832.742676 -800 223.707748 ) 
4 1557 1590 (-4837.443848 -816 220.163345 ) (-4847.955566 -816 221.821411 ) (-4855.416016 -800 227.284225 ) (-4832.742676 -800 223.707748 ) 
4 1557 1589 (-4944.943359 -608 292.838074 ) (-4832 -608 275.022430 ) (-4832 -800 223.590607 ) (-4855.416016 -800 227.284225 ) 
4 1557 1592 (-4832 -816 219.304626 ) (-4832 -841.986328 212.343552 ) (-4838.531250 -836.210876 214.920883 ) (-4847.955566 -816 221.821411 ) 
4 1557 1568 (-4907.390625 -864 312.356873 ) (-4884.292480 -864 282.170349 ) (-4851.430664 -864 307.750977 ) (-4855.195801 -864 312.355286 ) 
5 1557 1567 (-4883.593750 -864 281.257355 ) (-4870.889160 -864 264.653870 ) (-4847.404785 -864 238.978546 ) (-4847.395508 -864 300.355286 ) (-4848.069336 -864 304.397278 ) 
4 1557 1566 (-4884.292480 -864 282.170349 ) (-4883.593750 -864 281.257355 ) (-4848.473145 -864 304.134308 ) (-4851.430664 -864 307.750854 ) 
3 1557 1564 (-4870.889160 -864 264.653870 ) (-4847.405762 -864 233.963379 ) (-4847.404785 -864 238.978546 ) 
4 1557 1563 (-4907.390625 -864 312.356720 ) (-4899.290039 -864 312.356476 ) (-4895.961426 -862.473328 318.053955 ) (-4911.107910 -862.785034 316.891144 ) 
4 1557 1562 (-4850.593750 -864 312.354980 ) (-4847.394043 -864 312.354889 ) (-4842.854004 -861.380493 322.131073 ) (-4857.898926 -861.690125 320.976044 ) 
4 1557 1561 (-4842.854004 -861.380493 322.131073 ) (-4837.341797 -858.200256 334 ) (-4925.132813 -858.200928 334 ) (-4911.107910 -862.785034 316.891144 ) 
6 1557 1560 (-4837.335938 -858.199219 334 ) (-4847.390137 -864 312.352142 ) (-4847.391113 -864 304.183167 ) (-4836.659180 -857.799988 229.860184 ) (-4832 -855.111450 235.363220 ) (-4832 -855.119629 334 ) 
4 1557 1559 (-4847.400879 -864 238.973770 ) (-4847.401367 -864 233.959717 ) (-4841.048828 -860.333069 224.675415 ) (-4839.139160 -859.231018 226.931076 ) 
3 1557 1558 (-4841.048828 -860.333069 224.675415 ) (-4832 -855.109436 211.449646 ) (-4832 -855.111450 235.363220 ) 
4 1558 1560 (-4832 -855.108582 235.366837 ) (-4836.661133 -857.798157 229.861740 ) (-4833.080078 -864 229.862793 ) (-4832 -864 230.819794 ) 
4 1558 1559 (-4839.141113 -859.229309 226.932465 ) (-4841.050781 -860.331116 224.677231 ) (-4839.747070 -864 223.956177 ) (-4836.387207 -864 226.932922 ) 
4 1559 1564 (-4847.405762 -864 233.963379 ) (-4840.476074 -864 224.907257 ) (-4837.406250 -864 228.046616 ) (-4847.404785 -864 238.978577 ) 
4 1560 1562 (-4847.394043 -864 312.354889 ) (-4832 -864 312.354431 ) (-4832 -861.157166 322.964325 ) (-4842.854004 -861.380493 322.131073 ) 
4 1560 1561 (-4832 -861.157166 322.964325 ) (-4832 -858.200195 334 ) (-4837.341797 -858.200256 334 ) (-4842.854004 -861.380493 322.131073 ) 
4 1561 1576 (-4895.960938 -864 318.463135 ) (-4892.511230 -864 318.746979 ) (-4886.172852 -864 330 ) (-4889.672363 -864 330 ) 
4 1561 1572 (-4920.891113 -864 330 ) (-4911.109375 -864 317.216614 ) (-4895.960938 -864 318.463135 ) (-4889.672363 -864 330 ) 
4 1561 1569 (-4923.951660 -864 334 ) (-4920.891113 -864 330 ) (-4886.172852 -864 330 ) (-4883.919922 -864 334 ) 
4 1561 1563 (-4911.109375 -862.785583 316.892700 ) (-4895.960449 -862.473816 318.055695 ) (-4895.959961 -864 318.464752 ) (-4911.109375 -864 317.218170 ) 
4 1561 1562 (-4857.900391 -861.690552 320.977600 ) (-4832 -861.157532 322.966003 ) (-4832 -864 323.727783 ) (-4857.900391 -864 321.596558 ) 
4 1563 1572 (-4911.109375 -864 317.216614 ) (-4907.390625 -864 312.356873 ) (-4899.290039 -864 312.356628 ) (-4895.961426 -864 318.463104 ) 
4 1564 1588 (-4875.123047 -880 274.473297 ) (-4843.122559 -880 232.651947 ) (-4843.116699 -880 244.390366 ) (-4875.122559 -880 279.382690 ) 
4 1564 1587 (-4878.331055 -880 278.665894 ) (-4875.123047 -880 274.473297 ) (-4875.122559 -880 279.382690 ) (-4875.909668 -880 280.243347 ) 
5 1564 1586 (-4843.122559 -880 232.651947 ) (-4838.636230 -880 226.788757 ) (-4835.639160 -880 229.854187 ) (-4836.936035 -880 237.633270 ) (-4843.116699 -880 244.390366 ) 
4 1564 1583 (-4884.293457 -880 286.458038 ) (-4878.331055 -880 278.665894 ) (-4875.909668 -880 280.243347 ) (-4882.716797 -880 287.685455 ) 
3 1564 1574 (-4884.296875 -880 286.457031 ) (-4882.717773 -880 287.686218 ) (-4884.293945 -871.873535 284.279449 ) 
5 1564 1567 (-4847.405273 -864 238.980225 ) (-4870.882813 -864 264.647247 ) (-4881.533203 -870.262024 280.243774 ) (-4875.909668 -880 280.243286 ) (-4875.122559 -880 279.382690 ) 
4 1564 1566 (-4881.533203 -870.262024 280.243774 ) (-4884.292480 -871.884338 284.284393 ) (-4882.717285 -880 287.685547 ) (-4875.909668 -880 280.243286 ) 
3 1564 1565 (-4843.116211 -880 244.392334 ) (-4836.936523 -880 237.636215 ) (-4836.440430 -876.145386 234.660400 ) 
3 1565 1586 (-4843.101563 -880 274.606354 ) (-4843.116699 -880 244.390747 ) (-4836.935547 -880 237.633148 ) 
5 1566 1585 (-4853.572754 -880 310.371887 ) (-4880.736328 -880 289.227234 ) (-4874.542480 -880 281.134094 ) (-4847.164063 -880 298.967865 ) (-4847.911133 -880 303.448242 ) 
4 1566 1583 (-4880.736328 -880 289.227234 ) (-4882.716797 -880 287.685455 ) (-4875.909668 -880 280.243378 ) (-4874.542480 -880 281.134094 ) 
5 1566 1574 (-4882.717773 -880 287.686218 ) (-4880.736816 -880 289.228210 ) (-4880.739258 -870.855103 286.773163 ) (-4884.293945 -871.546814 284.191895 ) (-4884.293945 -871.873535 284.279449 ) 
4 1566 1568 (-4851.587402 -865.182190 307.943359 ) (-4851.429199 -864 307.749634 ) (-4884.291016 -864 282.169678 ) (-4884.293945 -871.546814 284.191895 ) 
6 1566 1567 (-4875.122070 -880 280.756256 ) (-4875.909668 -880 280.243347 ) (-4881.533203 -870.261169 280.243896 ) (-4883.592773 -864 281.257813 ) (-4848.473145 -864 304.134399 ) (-4848.361328 -864.557251 303.997620 ) 
3 1567 1587 (-4875.909668 -880 280.243378 ) (-4875.122559 -880 279.382721 ) (-4875.122070 -880 280.756287 ) 
4 1568 1574 (-4884.293457 -871.545898 284.194702 ) (-4880.740723 -870.854492 286.774994 ) (-4900.304199 -864.465454 310.620239 ) (-4902.659668 -865.545532 306.589233 ) 
3 1568 1572 (-4899.289551 -864 312.357208 ) (-4907.390137 -864 312.357452 ) (-4902.659668 -865.545532 306.589233 ) 
4 1569 1576 (-4889.671875 -864 330 ) (-4886.172852 -864 330 ) (-4886.172852 -866.357788 330 ) (-4890.016113 -866.357788 330 ) 
4 1569 1572 (-4920.890625 -864 330 ) (-4889.671875 -864 330 ) (-4890.016113 -866.357788 330 ) (-4920.407227 -866.357788 330 ) 
4 1569 1571 (-4884.172363 -865.406494 333.552124 ) (-4883.919922 -865.286499 334 ) (-4923.687012 -865.286499 334 ) (-4923.319336 -865.406494 333.552124 ) 
4 1570 1581 (-4887.979492 -880 330 ) (-4886.172852 -880 330 ) (-4883.919922 -880 334 ) (-4885.802734 -880 334 ) 
3 1570 1577 (-4886.172852 -880 330 ) (-4887.979492 -880 330 ) (-4886.172852 -867.607056 330 ) 
4 1572 1576 (-4895.959961 -864 318.463226 ) (-4889.670898 -864 330 ) (-4890.015137 -866.357788 330 ) (-4895.959961 -869.084045 319.825745 ) 
4 1572 1574 (-4902.659180 -865.545532 306.588806 ) (-4900.304199 -864.465454 310.619629 ) (-4900.302246 -871.075439 312.394135 ) (-4902.659180 -872.156433 308.359894 ) 
3 1572 1573 (-4902.661133 -872.157288 308.363129 ) (-4900.196777 -871.026978 312.581360 ) (-4905.770020 -871.141541 312.153687 ) 
3 1573 1583 (-4905.722656 -880 314.464172 ) (-4902.659668 -880 310.460693 ) (-4900.477539 -880 314.463623 ) 
4 1573 1582 (-4905.770996 -880 314.527130 ) (-4905.722656 -880 314.464172 ) (-4900.477539 -880 314.463623 ) (-4900.192871 -880 314.985931 ) 
4 1573 1574 (-4900.298828 -880 314.789368 ) (-4902.658691 -880 310.461212 ) (-4902.659180 -872.156433 308.359894 ) (-4900.302246 -871.075378 312.394287 ) 
5 1574 1583 (-4902.659668 -880 310.460693 ) (-4884.293457 -880 286.458038 ) (-4880.736328 -880 289.227203 ) (-4900.049805 -880 314.463531 ) (-4900.478027 -880 314.463593 ) 
3 1574 1582 (-4900.049805 -880 314.463531 ) (-4900.299805 -880 314.790161 ) (-4900.478027 -880 314.463593 ) 
3 1575 1581 (-4856.915039 -880 314.459229 ) (-4857.891602 -880 315.653290 ) (-4872.894531 -880 314.460876 ) 
4 1577 1581 (-4886.172852 -880 330 ) (-4887.979492 -880 330 ) (-4891.733887 -880 323.099060 ) (-4889.979004 -880 323.243439 ) 
4 1577 1578 (-4890.324707 -877.811646 322.629608 ) (-4889.978027 -880 323.244598 ) (-4891.733398 -880 323.100159 ) (-4891.733398 -877.840637 322.521423 ) 
4 1578 1581 (-4889.979004 -880 323.243439 ) (-4891.733887 -880 323.099060 ) (-4896.433105 -880 314.463226 ) (-4894.924316 -880 314.463074 ) 
3 1579 2119 (-4832 -1024 256.704559 ) (-4832 -1024 288 ) (-4855.946777 -1024 288 ) 
4 1579 2118 (-4832 -1024 288 ) (-4832 -1024 480 ) (-5002.861816 -1024 480 ) (-4855.946777 -1024 288 ) 
3 1579 1586 (-4832 -1020.835938 255.861328 ) (-4872.593750 -897.432617 275.844971 ) (-4832 -889.552917 305.251312 ) 
3 1579 1582 (-4900.293457 -888.384644 309.615295 ) (-4905.770996 -886.594971 316.294159 ) (-4895.959473 -886.393250 317.047058 ) 
5 1579 1581 (-4832 -889.553833 305.251953 ) (-4872.595703 -897.433838 275.844208 ) (-4900.293457 -888.384644 309.615295 ) (-4883.919434 -880.860962 337.693268 ) (-4832 -880.860962 337.693268 ) 
4 1579 1580 (-4923.321777 -880.860962 337.693268 ) (-4925.957031 -880 340.906250 ) (-4832 -880 340.906250 ) (-4832 -880.860962 337.693268 ) 
4 1580 1581 (-4832 -880.861206 337.694275 ) (-4883.918457 -880.861206 337.694275 ) (-4883.918457 -880 337.463470 ) (-4832 -880 337.463470 ) 
4 1581 1588 (-4872.708984 -897.082825 275.901611 ) (-4875.030273 -890.026001 277.044373 ) (-4870.615234 -889.168823 280.242798 ) (-4867.709961 -894.199829 280.242523 ) 
5 1581 1586 (-4872.593750 -897.432617 275.844971 ) (-4872.708984 -897.082825 275.901611 ) (-4853.084961 -885.765503 292.942047 ) (-4832 -881.672180 308.216125 ) (-4832 -889.552917 305.251312 ) 
4 1581 1585 (-4839.177246 -883.064087 303.023560 ) (-4871.470703 -889.333435 279.629669 ) (-4880.733398 -886.308472 290.919708 ) (-4848.659668 -880.065857 314.213776 ) 
4 1581 1584 (-4832 -881.670654 308.223053 ) (-4839.177246 -883.064087 303.023560 ) (-4848.868164 -880 314.459625 ) (-4832 -880 314.457916 ) 
4 1581 1583 (-4871.470703 -889.333435 279.629669 ) (-4875.035156 -890.025452 277.047546 ) (-4900.292480 -881.773926 307.844513 ) (-4897.935547 -880.690796 311.886505 ) 
5 1581 1582 (-4900.294434 -888.386353 309.618652 ) (-4895.961914 -886.395691 317.047516 ) (-4895.961914 -880 315.333923 ) (-4896.435547 -880 314.463226 ) (-4900.294434 -881.773132 307.846375 ) 
4 1582 1583 (-4900.292480 -881.773926 307.844513 ) (-4905.722656 -880 314.465393 ) (-4900.050781 -880 314.464813 ) (-4897.935547 -880.690796 311.886505 ) 
5 1583 1588 (-4875.030273 -890.026001 277.044373 ) (-4877.816895 -881.554932 278.416168 ) (-4875.712891 -880.340881 280.243195 ) (-4872.726074 -885.513000 280.242981 ) (-4871.467285 -889.334290 279.625366 ) 
3 1583 1587 (-4877.816895 -881.554932 278.416168 ) (-4878.328125 -880 278.667969 ) (-4875.122070 -880 280.756226 ) 
4 1583 1585 (-4880.732910 -886.310364 290.920929 ) (-4871.468750 -889.335938 279.628906 ) (-4874.544434 -880 281.137787 ) (-4880.735352 -880 289.227600 ) 
4 1584 1586 (-4840.204102 -880 303.501038 ) (-4832 -880 308.845215 ) (-4832 -881.672180 308.216125 ) (-4839.173828 -883.064880 303.019226 ) 
3 1584 1585 (-4839.179688 -883.058594 303.019531 ) (-4848.853027 -880 314.435089 ) (-4840.208008 -880 303.500488 ) 
3 1585 1588 (-4870.614746 -889.168823 280.242828 ) (-4871.467285 -889.334290 279.625366 ) (-4872.726074 -885.513000 280.242981 ) 
4 1585 1586 (-4843.087402 -880 301.622772 ) (-4840.204102 -880 303.501038 ) (-4839.173828 -883.064880 303.019226 ) (-4853.084961 -885.765503 292.941956 ) 
4 1586 1588 (-4872.707031 -897.082031 275.898438 ) (-4867.708008 -894.199097 280.239685 ) (-4843.115234 -880 244.388901 ) (-4843.121094 -880 232.652603 ) 
4 1587 1588 (-4875.122070 -880 274.472656 ) (-4875.121094 -880 279.381409 ) (-4875.712891 -880.341553 280.243805 ) (-4877.818359 -881.556519 278.415253 ) 
4 1589 1937 (-5120 -621.335938 188 ) (-5120 -624.284668 188 ) (-5120 -608 248.777634 ) (-5120 -608 207.097626 ) 
4 1589 1762 (-5120 -608 207.096985 ) (-5057.536133 -608 188 ) (-5100.920410 -617.262146 188 ) (-5120 -608.568909 206.282288 ) 
3 1589 1611 (-4889.442871 -800 202.116028 ) (-4879.473633 -800 231.083435 ) (-4904.941895 -777.478699 241.133575 ) 
5 1589 1610 (-4908.751465 -788.749695 188 ) (-4894.301270 -800 188 ) (-4889.442871 -800 202.116028 ) (-4904.941895 -777.478699 241.133575 ) (-4908.751465 -774.109802 242.636948 ) 
4 1589 1605 (-4910.836914 -787.126099 188 ) (-4908.751465 -788.749695 188 ) (-4908.751465 -774.109802 242.636948 ) (-4910.832520 -772.269531 243.458176 ) 
4 1589 1604 (-4916.564941 -782.666504 188 ) (-4910.836914 -787.126099 188 ) (-4910.832520 -772.269531 243.458176 ) (-4935.426270 -750.521667 253.163193 ) 
5 1589 1593 (-5120 -624.282043 188 ) (-4916.564941 -782.666504 188 ) (-4935.426270 -750.521667 253.163193 ) (-5096.597656 -608 316.763672 ) (-5120 -608 248.766541 ) 
5 1589 1591 (-4873.651367 -800 188 ) (-4832 -800 188 ) (-4832 -800 223.588867 ) (-4832.744629 -800 223.706329 ) (-4868.824707 -800 196.566177 ) 
4 1589 1590 (-4879.478516 -800 231.078125 ) (-4894.303711 -800 188 ) (-4880.212402 -800 188 ) (-4832.744629 -800 223.706329 ) 
5 1590 1757 (-4876.913574 -812.874084 190.475021 ) (-4871.496582 -816 194.548172 ) (-4868.552246 -816 203.103760 ) (-4886.985840 -803.570862 195.929642 ) (-4884.251953 -807.543701 189.046768 ) 
5 1590 1611 (-4868.552246 -816 203.103760 ) (-4861.379883 -816 223.943420 ) (-4879.473633 -800 231.083435 ) (-4889.442871 -800 202.116028 ) (-4886.985840 -803.570862 195.929642 ) 
4 1590 1610 (-4894.301270 -800 188 ) (-4889.629883 -803.637024 188 ) (-4884.251953 -807.543701 189.046768 ) (-4889.442871 -800 202.116028 ) 
4 1590 1591 (-4837.441406 -816 220.164063 ) (-4868.833496 -816 196.550690 ) (-4868.823242 -800 196.568237 ) (-4832.743652 -800 223.707947 ) 
3 1590 1592 (-4861.382813 -816 223.941406 ) (-4871.499023 -816 194.546387 ) (-4837.441895 -816 220.165024 ) 
5 1591 1592 (-4873.651855 -816 188 ) (-4832 -816 188 ) (-4832 -816 219.306641 ) (-4837.441895 -816 220.165024 ) (-4868.831543 -816 196.552902 ) 
4 1592 1758 (-4866.886230 -820.158081 192.426758 ) (-4866.886230 -818.660645 198.015381 ) (-4871.497070 -816 194.548126 ) (-4872.610352 -816 191.312607 ) 
4 1592 1757 (-4866.886230 -818.660645 198.015381 ) (-4866.886230 -817.123474 203.752243 ) (-4868.552246 -816 203.103760 ) (-4871.497070 -816 194.548126 ) 
4 1592 1751 (-4866.886230 -821.344238 188 ) (-4860.120605 -826.611572 188 ) (-4866.444824 -817.421082 203.924011 ) (-4866.886230 -817.123474 203.752243 ) 
4 1592 1617 (-4860.120605 -826.611572 188 ) (-4855.420898 -830.270447 188 ) (-4849.899414 -831.743408 198.546494 ) (-4863.273926 -822.029175 195.939713 ) 
4 1592 1616 (-4849.899414 -831.743408 198.546494 ) (-4842.129395 -833.816162 213.387253 ) (-4866.444824 -817.421082 203.924011 ) (-4863.273926 -822.029175 195.939713 ) 
5 1592 1614 (-4855.420898 -830.270447 188 ) (-4832 -848.504761 188 ) (-4832 -841.980469 212.349609 ) (-4838.353516 -836.362122 214.856796 ) (-4842.129395 -833.816162 213.387253 ) 
3 1592 1611 (-4838.353516 -836.362122 214.856796 ) (-4861.379883 -816 223.943420 ) (-4868.552246 -816 203.103760 ) 
6 1593 1937 (-5120 -624.284668 188 ) (-5120 -789.837097 188 ) (-5120 -828.739258 210.453674 ) (-5120 -794.002075 270.626343 ) (-5120 -608 320.451477 ) (-5120 -608 248.777634 ) 
4 1593 1611 (-5120 -801.436890 257.746735 ) (-5120 -828.738892 210.453445 ) (-5004.255371 -803.544678 195.913162 ) (-5004.264160 -796.451172 208.205139 ) 
3 1593 1605 (-5004.255371 -803.544678 195.913162 ) (-4963.624023 -794.700439 190.808899 ) (-5004.264160 -796.451172 208.205139 ) 
6 1593 1604 (-4941.264160 -789.833435 188 ) (-4916.567383 -782.666687 188 ) (-4935.427734 -750.524292 253.158569 ) (-5120 -794.001465 270.626526 ) (-5120 -801.436890 257.746735 ) (-4963.624023 -794.700439 190.808899 ) 
3 1593 1602 (-5040.960938 -811.535156 200.525925 ) (-5080.835449 -820.214661 205.535095 ) (-5073.950684 -809.265076 199.215256 ) 
5 1593 1599 (-4990.633789 -800.580444 194.203629 ) (-5019.698730 -806.907043 197.854889 ) (-5026.364258 -804.440247 196.431000 ) (-5022.632813 -789.833069 188 ) (-4998.148438 -789.832581 188 ) 
3 1593 1597 (-4941.250977 -789.831360 188 ) (-4990.633789 -800.580444 194.203629 ) (-4998.148438 -789.832581 188 ) 
4 1593 1595 (-5026.364258 -804.440247 196.431000 ) (-5062.506836 -791.064453 188.710266 ) (-5061.732910 -789.833862 188 ) (-5022.632813 -789.833069 188 ) 
4 1593 1594 (-5080.835449 -820.214661 205.535095 ) (-5120 -828.739624 210.455093 ) (-5120 -789.835083 188 ) (-5061.732910 -789.833862 188 ) 
3 1594 1938 (-5120 -834.144531 188 ) (-5120 -841.701599 188 ) (-5120 -839.813171 191.271210 ) 
4 1594 1937 (-5120 -789.837097 188 ) (-5120 -834.144531 188 ) (-5120 -839.813171 191.271210 ) (-5120 -828.739258 210.453674 ) 
5 1594 1625 (-5093.968262 -834.146912 188 ) (-5080.832520 -830.335022 188 ) (-5080.833496 -825.257996 196.794968 ) (-5120 -835.100586 199.433533 ) (-5120 -839.812744 191.270996 ) 
4 1594 1616 (-5080.833496 -825.257996 196.794968 ) (-5080.833984 -820.213684 205.533295 ) (-5120 -828.738892 210.453445 ) (-5120 -835.100586 199.433533 ) 
4 1594 1603 (-5080.837402 -825.259949 196.795502 ) (-5080.836426 -830.337341 188 ) (-5073.952637 -815.740173 188 ) (-5073.953125 -812.619629 193.404739 ) 
4 1594 1602 (-5073.953125 -809.265015 199.214935 ) (-5080.837891 -820.214844 205.535156 ) (-5080.837402 -825.259949 196.795502 ) (-5073.953125 -812.619690 193.404755 ) 
3 1594 1595 (-5061.736328 -789.835083 188 ) (-5062.508789 -791.063782 188.709213 ) (-5062.508789 -791.473328 188 ) 
4 1595 1599 (-5026.368164 -804.442017 196.430817 ) (-5022.059570 -808.891479 192.407166 ) (-5022.054688 -792.463867 188 ) (-5022.636719 -789.835144 188 ) 
4 1595 1596 (-5022.051270 -792.462891 188 ) (-5022.054199 -803.851501 191.055389 ) (-5030.821289 -805.141846 191.401138 ) (-5060.482910 -792.469666 188 ) 
4 1596 1601 (-5019.444336 -804.258240 188 ) (-5020.068359 -801.438782 188 ) (-5020.704590 -801.246094 188.718674 ) (-5020.704590 -804.062439 189.473145 ) 
4 1596 1600 (-5020.704590 -798.563416 188 ) (-5022.054688 -792.463867 188 ) (-5022.058105 -803.852173 191.055222 ) (-5020.704590 -804.062439 189.473145 ) 
4 1597 1605 (-4963.624023 -794.700500 190.808914 ) (-4990.636719 -800.580383 194.202377 ) (-4999.730957 -804.876892 191.331253 ) (-4958.328613 -794.472473 188.542084 ) 
4 1597 1604 (-4950.282227 -792.450378 188 ) (-4941.264160 -789.833435 188 ) (-4963.624023 -794.700500 190.808914 ) (-4958.328613 -794.472473 188.542084 ) 
4 1597 1599 (-4999.493164 -804.764526 191.407150 ) (-4990.638184 -800.580994 194.202713 ) (-4998.151855 -789.834656 188 ) (-4999.491211 -792.045654 188 ) 
4 1597 1598 (-4999.741211 -800.567932 190.173859 ) (-4999.747070 -792.464905 188 ) (-4950.298340 -792.455627 188 ) (-4958.320801 -794.471680 188.540451 ) 
3 1598 1604 (-4957.062500 -794.417908 188 ) (-4950.282227 -792.450378 188 ) (-4958.328613 -794.472473 188.542084 ) 
3 1598 1601 (-5005.181641 -801.439270 188 ) (-5005.562988 -802.068604 188 ) (-5001.572266 -801.040039 189.489655 ) 
4 1599 1760 (-5013.400879 -805.535461 197.062103 ) (-5019.700684 -806.906738 197.853500 ) (-5019.701660 -809.895630 192.676666 ) (-5013.400879 -808.312195 192.252182 ) 
4 1599 1759 (-5004.254883 -803.544678 195.913162 ) (-5013.400879 -805.535461 197.062103 ) (-5013.400879 -808.312195 192.252182 ) (-5004.251953 -806.013123 191.635864 ) 
5 1599 1605 (-4999.490723 -804.763428 191.407059 ) (-4990.636719 -800.580383 194.202377 ) (-5004.254883 -803.544678 195.913162 ) (-5004.251953 -806.013123 191.635864 ) (-5000.780273 -805.140625 191.401962 ) 
4 1599 1600 (-5022.052734 -803.851563 191.054382 ) (-5022.049805 -792.466370 188 ) (-5000.848633 -792.462830 188 ) (-5000.810059 -800.725037 190.216553 ) 
3 1600 1601 (-5020.700684 -804.061523 189.474243 ) (-5020.700684 -801.245789 188.719910 ) (-5001.571289 -800.852844 190.187973 ) 
4 1602 1761 (-5040.965332 -811.535461 200.524841 ) (-5044.284668 -812.257935 200.941803 ) (-5045.533691 -816.387146 194.416901 ) (-5040.966797 -815.239502 194.109238 ) 
4 1602 1750 (-5044.284668 -812.257935 200.941803 ) (-5067.962891 -817.412048 203.916397 ) (-5067.958496 -822.022522 195.927612 ) (-5045.533691 -816.387146 194.416901 ) 
4 1602 1616 (-5067.962891 -817.412048 203.916397 ) (-5080.833984 -820.213684 205.533295 ) (-5080.833496 -825.257996 196.794968 ) (-5067.958496 -822.022522 195.927612 ) 
4 1602 1603 (-5080.835938 -825.257813 196.792969 ) (-5073.953125 -812.620422 193.403320 ) (-5044.718262 -814.942261 194.027878 ) (-5045.533691 -816.387329 194.415482 ) 
4 1603 1750 (-5067.954102 -826.597778 188 ) (-5046.761719 -820.447998 188 ) (-5045.533691 -816.387207 194.416916 ) (-5067.958496 -822.022522 195.927612 ) 
4 1603 1625 (-5080.832520 -830.335022 188 ) (-5067.954102 -826.597778 188 ) (-5067.958496 -822.022522 195.927612 ) (-5080.833496 -825.257996 196.794968 ) 
4 1604 1937 (-5120 -795.337830 270.268524 ) (-5120 -794.002075 270.626343 ) (-5120 -801.436462 257.748260 ) (-5120 -800.458130 261.400452 ) 
3 1604 1902 (-5120 -798.294800 269.476440 ) (-5120 -795.337830 270.268524 ) (-5120 -800.458130 261.400452 ) 
4 1604 1611 (-5120 -801.437012 257.747742 ) (-5004.262207 -796.451233 208.205017 ) (-4930.510742 -774.719299 245.901840 ) (-5120 -798.294983 269.477173 ) 
4 1604 1608 (-4956.424805 -794.317566 188 ) (-4951.774902 -793.584045 188 ) (-4951.774902 -793.508118 188.283676 ) (-4956.424805 -794.192505 188.467056 ) 
3 1604 1606 (-4951.774902 -793.584045 188 ) (-4944.581543 -792.449341 188 ) (-4951.774902 -793.508118 188.283676 ) 
6 1604 1605 (-5004.262207 -796.451233 208.205017 ) (-4958.326660 -794.472412 188.542053 ) (-4944.581543 -792.449341 188 ) (-4910.838379 -787.126587 188 ) (-4910.834961 -772.271240 243.453842 ) (-4930.510742 -774.719299 245.901840 ) 
4 1605 1759 (-5004.233398 -803.541138 195.911118 ) (-5004.230469 -806.008972 191.634750 ) (-4963.238770 -806.018616 191.639389 ) (-4962.145996 -803.550415 195.916962 ) 
4 1605 1753 (-4963.238770 -806.018616 191.639389 ) (-4930.990234 -806.026184 191.643036 ) (-4935.212402 -803.556335 195.920700 ) (-4962.145996 -803.550415 195.916962 ) 
4 1605 1752 (-4930.990234 -806.026184 191.643036 ) (-4918.359863 -806.029114 191.644470 ) (-4917.663574 -803.560181 195.923126 ) (-4935.212402 -803.556335 195.920700 ) 
5 1605 1611 (-4910.151367 -776.912964 242.102341 ) (-4930.496094 -774.714966 245.900528 ) (-5004.242188 -796.445313 208.207031 ) (-5004.233398 -803.541138 195.911118 ) (-4917.663574 -803.560181 195.923126 ) 
5 1605 1610 (-4910.156738 -776.921448 242.101242 ) (-4918.364258 -806.035889 191.646301 ) (-4910.696777 -792.442932 188 ) (-4908.753906 -788.751648 188 ) (-4908.753906 -774.113831 242.632050 ) 
3 1605 1609 (-4940.210938 -806.033875 191.642029 ) (-4963.246582 -806.028381 191.639404 ) (-4954.200195 -795.817871 188.900421 ) 
5 1605 1608 (-4937.005859 -806.034607 191.642395 ) (-4940.210938 -806.033875 191.642029 ) (-4956.427246 -794.191589 188.463989 ) (-4951.776855 -793.507080 188.280563 ) (-4938.832031 -802.904602 190.802536 ) 
3 1605 1607 (-4934.519531 -806.035217 191.642685 ) (-4937.005859 -806.034607 191.642395 ) (-4938.832031 -802.904602 190.802536 ) 
5 1605 1606 (-4910.696777 -792.453613 188 ) (-4918.359375 -806.039063 191.644531 ) (-4934.519531 -806.035217 191.642685 ) (-4951.776855 -793.507080 188.280563 ) (-4944.664063 -792.460022 188 ) 
5 1606 1756 (-4933.083984 -808.127930 188 ) (-4927.394043 -808.129639 188 ) (-4928.217773 -807.647766 188.834610 ) (-4932.419434 -807.326111 189.389725 ) (-4933.385254 -807.690857 188.757172 ) 
3 1606 1754 (-4934.198242 -806.509949 190.803024 ) (-4933.385254 -807.690857 188.757172 ) (-4930.260742 -806.511108 190.803116 ) 
5 1606 1753 (-4930.200195 -806.488281 190.842728 ) (-4930.990234 -806.026184 191.643036 ) (-4934.532227 -806.025330 191.642639 ) (-4934.198242 -806.509949 190.803024 ) (-4930.260742 -806.511108 190.803116 ) 
4 1606 1752 (-4927.394043 -808.129639 188 ) (-4918.952637 -808.132141 188 ) (-4918.359863 -806.029114 191.644470 ) (-4930.990234 -806.026184 191.643036 ) 
4 1606 1610 (-4918.364258 -806.035889 191.646301 ) (-4918.787598 -807.536987 189.044968 ) (-4916.587891 -803.637085 188 ) (-4910.696777 -792.442932 188 ) 
5 1606 1608 (-4938.835449 -802.896912 190.806961 ) (-4951.770996 -793.506348 188.287048 ) (-4951.770996 -793.583252 188 ) (-4948.604492 -796.047180 188 ) (-4938.834961 -803.139954 189.900192 ) 
4 1606 1607 (-4933.072266 -808.133057 188 ) (-4934.522461 -806.027771 191.647125 ) (-4938.835449 -802.896912 190.806961 ) (-4938.834473 -803.649292 188 ) 
3 1607 1756 (-4934.541504 -808.127502 188 ) (-4933.083984 -808.127930 188 ) (-4933.385254 -807.690857 188.757172 ) 
5 1607 1754 (-4936.397461 -808.126953 188 ) (-4934.541504 -808.127502 188 ) (-4933.385254 -807.690857 188.757172 ) (-4934.198242 -806.509949 190.803024 ) (-4936.869629 -806.509216 190.802948 ) 
4 1607 1753 (-4934.198242 -806.509949 190.803024 ) (-4934.532227 -806.025330 191.642639 ) (-4937.010742 -806.024719 191.642365 ) (-4936.869629 -806.509216 190.802948 ) 
4 1607 1608 (-4938.830078 -802.906250 190.804688 ) (-4938.830078 -803.147949 189.902328 ) (-4936.867188 -806.513550 190.804123 ) (-4937.008301 -806.029602 191.642670 ) 
4 1608 1753 (-4936.869629 -806.509216 190.802948 ) (-4937.010742 -806.024719 191.642365 ) (-4940.224121 -806.023987 191.641998 ) (-4939.892578 -806.508301 190.802902 ) 
4 1608 1609 (-4939.883301 -806.512573 190.804047 ) (-4940.213867 -806.029480 191.641129 ) (-4954.199219 -795.816467 188.900543 ) (-4954.199219 -796.056824 188.002899 ) 
4 1609 1753 (-4939.892578 -806.508301 190.802902 ) (-4940.224121 -806.023987 191.641998 ) (-4963.238770 -806.018616 191.639389 ) (-4963.452637 -806.501587 190.802383 ) 
4 1610 1757 (-4884.260254 -807.539185 189.045563 ) (-4886.994141 -803.566956 195.927368 ) (-4917.663574 -803.560181 195.923126 ) (-4918.782715 -807.530212 189.043152 ) 
4 1610 1611 (-4886.994141 -803.566956 195.927368 ) (-4904.950195 -777.474854 241.131348 ) (-4910.151367 -776.912964 242.102341 ) (-4917.663574 -803.560181 195.923126 ) 
4 1611 1937 (-5120 -800.458130 261.400452 ) (-5120 -801.436462 257.748260 ) (-5120 -828.739258 210.453674 ) (-5120 -829.589539 210.944458 ) 
4 1611 1905 (-5120 -864 251.875717 ) (-5120 -863.348022 252.050369 ) (-5120 -863.348022 249.461044 ) (-5120 -864 249.658173 ) 
5 1611 1902 (-5120 -863.348022 252.050369 ) (-5120 -798.294800 269.476440 ) (-5120 -800.458130 261.400452 ) (-5120 -815.673645 235.047012 ) (-5120 -863.348022 249.461044 ) 
4 1611 1897 (-5120 -846 220.416290 ) (-5120 -864 230.805588 ) (-5120 -864 249.658173 ) (-5120 -846 244.215988 ) 
4 1611 1895 (-5120 -815.673645 235.047012 ) (-5120 -829.589539 210.944458 ) (-5120 -846 220.416290 ) (-5120 -846 244.215988 ) 
5 1611 1761 (-5044.285156 -812.258545 200.941986 ) (-5040.963867 -811.535645 200.524780 ) (-5020.700195 -812.930054 201.329834 ) (-5025.126465 -817.414001 203.917847 ) (-5047.417969 -817.413025 203.917007 ) 
3 1611 1760 (-5019.699707 -806.907043 197.853470 ) (-5013.401367 -805.536072 197.062256 ) (-5016.077637 -808.247437 198.627182 ) 
5 1611 1759 (-5013.401367 -805.536072 197.062256 ) (-5004.253906 -803.544922 195.913101 ) (-4962.149414 -803.554321 195.919022 ) (-4975.380371 -817.416260 203.919724 ) (-5025.126465 -817.414001 203.917847 ) 
5 1611 1757 (-4917.666016 -803.564209 195.925278 ) (-4886.990723 -803.571045 195.929581 ) (-4866.890137 -817.124451 203.752640 ) (-4868.206055 -817.421021 203.923782 ) (-4926.084961 -817.418457 203.921585 ) 
4 1611 1753 (-4962.149414 -803.554321 195.919022 ) (-4935.212402 -803.560303 195.922806 ) (-4935.214355 -817.418030 203.921234 ) (-4975.380371 -817.416260 203.919724 ) 
4 1611 1752 (-4935.212402 -803.560303 195.922806 ) (-4917.666016 -803.564209 195.925278 ) (-4926.084961 -817.418457 203.921585 ) (-4935.214355 -817.418030 203.921234 ) 
3 1611 1751 (-4866.890137 -817.124451 203.752640 ) (-4866.450195 -817.421082 203.923843 ) (-4868.206055 -817.421021 203.923782 ) 
3 1611 1750 (-5067.960938 -817.412109 203.916229 ) (-5044.285156 -812.258545 200.941986 ) (-5047.417969 -817.413025 203.917007 ) 
3 1611 1740 (-5075.652344 -846 220.416611 ) (-5059.463867 -846 220.416809 ) (-5062.519531 -850.859619 223.221649 ) 
5 1611 1737 (-5120 -862 229.651016 ) (-5120 -846 220.416077 ) (-5075.652344 -846 220.416611 ) (-5062.519531 -850.859619 223.221649 ) (-5069.524902 -862 229.651627 ) 
4 1611 1739 (-5070.782715 -864 230.805984 ) (-5120 -864 230.805389 ) (-5120 -862 229.651016 ) (-5069.524902 -862 229.651627 ) 
4 1611 1705 (-5019.841309 -864 230.806595 ) (-5070.782715 -864 230.805984 ) (-5059.463867 -846 220.416809 ) (-5002.661621 -846 220.417496 ) 
6 1611 1648 (-4947.451660 -856.723083 226.607330 ) (-4986.433594 -864 230.807007 ) (-4995.927246 -864 230.806885 ) (-5013.438965 -857.291931 226.934891 ) (-5002.661621 -846 220.417496 ) (-4952.383301 -846 220.418106 ) 
4 1611 1640 (-4891.765137 -846.327820 220.608032 ) (-4947.451660 -856.723083 226.607330 ) (-4952.383301 -846 220.418106 ) (-4891.465332 -846 220.418839 ) 
3 1611 1635 (-4890.009277 -846 220.418854 ) (-4891.765137 -846.327820 220.608032 ) (-4891.465332 -846 220.418839 ) 
3 1611 1630 (-4995.927246 -864 230.806885 ) (-5019.841309 -864 230.806595 ) (-5013.438965 -857.291931 226.934891 ) 
7 1611 1616 (-5120 -828.739380 210.453522 ) (-5067.960938 -817.412109 203.916229 ) (-4866.450195 -817.421082 203.923843 ) (-4842.128418 -833.820679 213.389709 ) (-4841.599609 -836.963074 215.203461 ) (-4890.009277 -846 220.418854 ) (-5120 -846 220.416077 ) 
3 1611 1614 (-4842.128418 -833.820679 213.389709 ) (-4838.363770 -836.359009 214.854843 ) (-4841.599609 -836.963074 215.203461 ) 
3 1611 1612 (-5120 -864 230.806168 ) (-4986.438477 -864 230.807755 ) (-5120 -864 251.875656 ) 
4 1612 1909 (-5120 -880 247.589737 ) (-5120 -870.508362 250.132294 ) (-5120 -870.508362 234.562119 ) (-5120 -880 240.040527 ) 
4 1612 1908 (-5120 -870.508362 250.132294 ) (-5120 -864 251.875717 ) (-5120 -864 230.805588 ) (-5120 -870.508362 234.562119 ) 
4 1612 1744 (-5080.843262 -880 240.040817 ) (-5120 -880 240.040344 ) (-5120 -874.464111 236.845123 ) (-5077.361816 -874.463318 236.845154 ) 
4 1612 1743 (-5120 -874.464111 236.845123 ) (-5120 -864 230.805389 ) (-5070.782715 -864 230.805984 ) (-5077.361816 -874.463318 236.845154 ) 
5 1612 1710 (-5027.083984 -871.588440 235.186432 ) (-5072.144043 -880 240.040924 ) (-5080.843262 -880 240.040817 ) (-5070.782715 -864 230.805984 ) (-5019.841309 -864 230.806595 ) 
3 1612 1650 (-4986.433594 -864 230.807007 ) (-4992.816406 -865.191528 231.494659 ) (-4995.927246 -864 230.806885 ) 
4 1612 1649 (-4992.816406 -865.191528 231.494659 ) (-5027.083984 -871.588440 235.186432 ) (-5019.841309 -864 230.806595 ) (-4995.927246 -864 230.806885 ) 
3 1612 1613 (-5120 -880 240.036926 ) (-5072.122070 -880 240.037491 ) (-5120 -880 247.589737 ) 
3 1613 1933 (-5120 -888.933350 245.196716 ) (-5120 -880 247.589737 ) (-5120 -880 240.040527 ) 
4 1613 1747 (-5082 -881.839905 241.102768 ) (-5120 -888.933533 245.196640 ) (-5120 -880 240.040344 ) (-5080.843262 -880 240.040817 ) 
3 1613 1717 (-5072.144043 -880 240.040924 ) (-5082 -881.839905 241.102768 ) (-5080.843262 -880 240.040817 ) 
3 1614 1633 (-4857.955078 -859.747375 191.229858 ) (-4857.955078 -864 192.369293 ) (-4849.942871 -864 207.100723 ) 
6 1614 1632 (-4848.851074 -864 209.108261 ) (-4844.019531 -846 213.167984 ) (-4850.843750 -846 200.621475 ) (-4857.955566 -849.269836 188.422516 ) (-4857.955078 -859.747375 191.229858 ) (-4849.942871 -864 207.100723 ) 
3 1614 1626 (-4850.843750 -846 200.621475 ) (-4857.708496 -846 188 ) (-4858.201660 -849.383118 188 ) 
4 1614 1617 (-4849.894531 -831.753357 198.549149 ) (-4855.417480 -830.278198 188 ) (-4857.708496 -846 188 ) (-4849.892090 -846 202.371201 ) 
5 1614 1616 (-4844.019531 -846 213.167984 ) (-4841.597656 -836.976563 215.203125 ) (-4842.126953 -833.828125 213.386719 ) (-4849.894531 -831.753357 198.549149 ) (-4849.892090 -846 202.371201 ) 
4 1615 1796 (-4832 -880 188 ) (-4832 -932.863464 188 ) (-4873.973633 -957.579956 188 ) (-4862.667969 -880 188 ) 
3 1615 1726 (-4873.970703 -957.589844 188 ) (-4853.682129 -882 205.048538 ) (-4862.954590 -882 188 ) 
4 1615 1678 (-4853.682129 -882 205.048538 ) (-4853.145508 -880 205.499619 ) (-4862.663086 -880 188 ) (-4862.954590 -882 188 ) 
4 1616 1937 (-5120 -829.589600 210.944458 ) (-5120 -828.739258 210.453674 ) (-5120 -835.101013 199.433655 ) (-5120 -836.083435 199.697220 ) 
4 1616 1895 (-5120 -846 202.357590 ) (-5120 -846 220.416290 ) (-5120 -829.589600 210.944458 ) (-5120 -836.083435 199.697220 ) 
4 1616 1761 (-5047.416992 -817.410889 203.916840 ) (-5025.124512 -817.411865 203.917679 ) (-5025.123047 -822.021973 195.929626 ) (-5048.711426 -822.021179 195.928238 ) 
4 1616 1759 (-5025.124512 -817.411865 203.917679 ) (-4975.377930 -817.414124 203.919556 ) (-4977.418945 -822.023499 195.932449 ) (-5025.123047 -822.021973 195.929626 ) 
4 1616 1757 (-4926.083984 -817.416321 203.921417 ) (-4868.197754 -817.418945 203.923615 ) (-4877.683594 -822.026794 195.938339 ) (-4927.383301 -822.025146 195.935410 ) 
5 1616 1755 (-4928.220703 -821.506042 196.834763 ) (-4927.375977 -822 195.978989 ) (-4927.383301 -822.025146 195.935410 ) (-4934.643555 -822.024902 195.934982 ) (-4932.420898 -821.185303 197.390060 ) 
5 1616 1753 (-4975.377930 -817.414124 203.919556 ) (-4935.215332 -817.415894 203.921066 ) (-4930.202148 -820.347229 198.842422 ) (-4934.643555 -822.024902 195.934982 ) (-4977.418945 -822.023499 195.932449 ) 
3 1616 1752 (-4935.215332 -817.415894 203.921066 ) (-4926.083984 -817.416321 203.921417 ) (-4927.375977 -822 195.978989 ) 
4 1616 1751 (-4868.197754 -817.418945 203.923615 ) (-4866.453125 -817.419006 203.923676 ) (-4863.282227 -822.027283 195.939194 ) (-4877.683594 -822.026794 195.938339 ) 
4 1616 1750 (-5067.948730 -822.020569 195.927094 ) (-5067.953613 -817.409973 203.916061 ) (-5047.416992 -817.410889 203.916840 ) (-5048.711426 -822.021179 195.928238 ) 
4 1616 1740 (-5059.463867 -846 220.416992 ) (-5075.652344 -846 220.416794 ) (-5096.785645 -846 202.358780 ) (-5054.538574 -846 202.360901 ) 
4 1616 1737 (-5075.652344 -846 220.416794 ) (-5120 -846 220.416275 ) (-5120 -846 202.357605 ) (-5096.785645 -846 202.358780 ) 
4 1616 1705 (-5002.661621 -846 220.417664 ) (-5059.463867 -846 220.416992 ) (-5054.538574 -846 202.360901 ) (-4998.662109 -846 202.363708 ) 
4 1616 1648 (-4952.383301 -846 220.418259 ) (-5002.661621 -846 220.417664 ) (-4998.662109 -846 202.363708 ) (-4962.207031 -846 202.365540 ) 
4 1616 1640 (-4891.465332 -846 220.418976 ) (-4952.383301 -846 220.418259 ) (-4962.207031 -846 202.365540 ) (-4884.314941 -846 202.369461 ) 
5 1616 1635 (-4857.337891 -846 215.265259 ) (-4890.010742 -846 220.418991 ) (-4891.465332 -846 220.418976 ) (-4884.314941 -846 202.369461 ) (-4863.658203 -846 202.370499 ) 
4 1616 1632 (-4849.896484 -846 202.371201 ) (-4844.025391 -846 213.165359 ) (-4857.337891 -846 215.265259 ) (-4863.658203 -846 202.370499 ) 
6 1616 1625 (-5062.236816 -846 202.359222 ) (-5096.786621 -846 202.357483 ) (-5120 -836.084106 199.695648 ) (-5120 -835.101929 199.432114 ) (-5067.942871 -822.020264 195.924622 ) (-5048.710938 -822.020874 195.925751 ) 
3 1616 1624 (-5096.786621 -846 202.357483 ) (-5120 -846 202.356308 ) (-5120 -836.084106 199.695648 ) 
4 1616 1619 (-4884.314453 -846 202.368179 ) (-4940.907715 -846 202.365326 ) (-4927.382813 -822.024841 195.932922 ) (-4865.317871 -822.026855 195.936584 ) 
4 1616 1618 (-4940.907715 -846 202.365326 ) (-4998.662109 -846 202.362427 ) (-4977.417969 -822.023193 195.929962 ) (-4927.382813 -822.024841 195.932922 ) 
5 1616 1617 (-4849.898438 -846 202.369919 ) (-4884.314453 -846 202.368179 ) (-4865.317871 -822.026855 195.936584 ) (-4863.283203 -822.026917 195.936707 ) (-4849.900879 -831.746582 198.545395 ) 
4 1617 1751 (-4865.318848 -822.027222 195.939072 ) (-4863.282227 -822.027283 195.939194 ) (-4860.128906 -826.609375 188 ) (-4865.317871 -826.609009 188 ) 
4 1617 1635 (-4863.658203 -846 202.370499 ) (-4884.314941 -846 202.369461 ) (-4883.623535 -846 200.623901 ) (-4864.515137 -846 200.622498 ) 
4 1617 1632 (-4850.848145 -846 200.621506 ) (-4849.896484 -846 202.371201 ) (-4863.658203 -846 202.370499 ) (-4864.515137 -846 200.622498 ) 
4 1617 1626 (-4857.712891 -846 188 ) (-4850.848145 -846 200.621506 ) (-4883.623535 -846 200.623901 ) (-4878.623047 -846 188 ) 
4 1617 1622 (-4878.626953 -846 188 ) (-4880.741211 -846 193.337616 ) (-4880.741699 -844.221069 196.419479 ) (-4867.399902 -829.637512 188 ) 
5 1617 1621 (-4882.369141 -846 197.446503 ) (-4883.123535 -846 199.350998 ) (-4865.324219 -823.534363 193.331406 ) (-4865.323242 -826.611267 188 ) (-4867.399902 -829.637512 188 ) 
4 1617 1620 (-4883.123535 -846 199.350998 ) (-4883.928223 -846 201.382782 ) (-4865.324219 -822.519714 195.089523 ) (-4865.324219 -823.534363 193.331406 ) 
4 1617 1619 (-4883.928223 -846 201.382782 ) (-4884.318848 -846 202.369370 ) (-4865.324219 -822.029175 195.939514 ) (-4865.324219 -822.519714 195.089523 ) 
4 1618 1755 (-4934.643555 -822.024963 195.934982 ) (-4927.383301 -822.025208 195.935410 ) (-4927.520508 -822.512512 195.091003 ) (-4935.932129 -822.511780 195.091278 ) 
4 1618 1753 (-4977.418945 -822.023560 195.932449 ) (-4934.643555 -822.024963 195.934982 ) (-4935.932129 -822.511780 195.091278 ) (-4977.633301 -822.508240 195.092606 ) 
4 1618 1648 (-4962.206543 -846 202.365540 ) (-4998.662109 -846 202.363708 ) (-4998.446289 -846 201.389069 ) (-4962.739258 -846 201.387100 ) 
4 1618 1640 (-4940.908203 -846 202.366608 ) (-4962.206543 -846 202.365540 ) (-4962.739258 -846 201.387100 ) (-4940.770020 -846 201.385895 ) 
4 1618 1619 (-4927.386230 -822.027100 195.935928 ) (-4940.909668 -846 202.366638 ) (-4940.771484 -846 201.385910 ) (-4927.523438 -822.514404 195.091507 ) 
4 1619 1757 (-4927.383301 -822.025208 195.935410 ) (-4877.684082 -822.026794 195.938339 ) (-4878.692383 -822.516663 195.089432 ) (-4927.520508 -822.512512 195.091003 ) 
4 1619 1751 (-4877.684082 -822.026794 195.938339 ) (-4865.318848 -822.027222 195.939072 ) (-4865.318848 -822.517822 195.089005 ) (-4878.692383 -822.516663 195.089432 ) 
4 1619 1640 (-4884.314941 -846 202.369461 ) (-4940.908203 -846 202.366608 ) (-4940.770020 -846 201.385895 ) (-4883.924316 -846 201.382782 ) 
5 1619 1620 (-4927.523438 -822.530945 195.095078 ) (-4927.514160 -822.514832 195.090759 ) (-4865.318359 -822.520142 195.088806 ) (-4883.922363 -846 201.381927 ) (-4913.833008 -846 201.383560 ) 
5 1620 1757 (-4880.781738 -823.531555 193.330673 ) (-4927.237793 -823.528870 193.329956 ) (-4927.527344 -822.536926 195.048706 ) (-4927.520508 -822.512512 195.091003 ) (-4878.692383 -822.516663 195.089432 ) 
4 1620 1751 (-4865.318848 -822.517822 195.089005 ) (-4865.318848 -823.532471 193.330902 ) (-4880.781738 -823.531555 193.330673 ) (-4878.692383 -822.516663 195.089432 ) 
4 1620 1641 (-4883.624023 -846 200.623962 ) (-4883.924316 -846 201.382782 ) (-4913.833008 -846 201.384415 ) (-4913.943359 -846 200.626297 ) 
4 1620 1628 (-4914.128906 -846 199.350998 ) (-4883.119629 -846 199.350998 ) (-4883.624023 -846 200.623962 ) (-4913.943359 -846 200.626297 ) 
5 1620 1621 (-4880.787598 -823.532593 193.332779 ) (-4865.318359 -823.533447 193.333008 ) (-4883.118652 -846 199.352844 ) (-4914.129395 -846 199.352859 ) (-4921.473633 -833.410156 195.979446 ) 
4 1621 1751 (-4865.318848 -823.532471 193.330902 ) (-4865.317871 -826.609009 188 ) (-4887.113770 -826.607544 188 ) (-4880.781738 -823.531555 193.330673 ) 
4 1621 1628 (-4882.365234 -846 197.446503 ) (-4883.119629 -846 199.350998 ) (-4914.128906 -846 199.350998 ) (-4914.406738 -846 197.446045 ) 
4 1621 1623 (-4914.410156 -846 197.445389 ) (-4921.475586 -834.757080 190.954315 ) (-4920.514648 -834.540527 190.829300 ) (-4913.059082 -846 197.445404 ) 
4 1621 1622 (-4902.010742 -830.370667 188.422150 ) (-4898.765625 -829.639404 188 ) (-4867.396973 -829.638550 188 ) (-4880.739258 -844.222900 196.419937 ) 
3 1622 1627 (-4884.290039 -846 188 ) (-4878.623047 -846 188 ) (-4880.739258 -846 193.341446 ) 
4 1623 1629 (-4915.783691 -846 188 ) (-4915.719727 -846 188 ) (-4913.058594 -846 197.446060 ) (-4914.406738 -846 197.446045 ) 
4 1624 1895 (-5120 -842.837158 188 ) (-5120 -846 188 ) (-5120 -846 202.357590 ) (-5120 -836.083435 199.697220 ) 
4 1624 1737 (-5096.785645 -846 202.358780 ) (-5120 -846 202.357605 ) (-5120 -846 194.133270 ) (-5108.468262 -846 192.376053 ) 
4 1624 1625 (-5120 -836.085571 199.690445 ) (-5096.789063 -846 202.351563 ) (-5105.579102 -846 194.840698 ) (-5120 -840.663208 191.761765 ) 
4 1625 1937 (-5120 -840.664734 191.762619 ) (-5120 -836.083435 199.697220 ) (-5120 -835.101013 199.433655 ) (-5120 -839.813171 191.271210 ) 
4 1625 1750 (-5067.944336 -826.595459 188 ) (-5067.948730 -822.020569 195.927094 ) (-5048.711426 -822.021179 195.928238 ) (-5049.997070 -826.596680 188 ) 
4 1625 1742 (-5062.236816 -846 202.360519 ) (-5063.722168 -846 202.360443 ) (-5068.276855 -846 194.838699 ) (-5061.172363 -846 194.838318 ) 
4 1625 1741 (-5063.722168 -846 202.360443 ) (-5096.785645 -846 202.358780 ) (-5105.583984 -846 194.840744 ) (-5068.276855 -846 194.838699 ) 
4 1626 1635 (-4880.945313 -849.384583 188 ) (-4871.661133 -849.384399 188 ) (-4864.513672 -846 200.626114 ) (-4883.625000 -846 200.627579 ) 
5 1626 1632 (-4871.661133 -849.384399 188 ) (-4863.462402 -849.384216 188 ) (-4857.957031 -849.270813 188.422577 ) (-4850.843750 -846 200.625076 ) (-4864.513672 -846 200.626114 ) 
3 1626 1628 (-4883.039551 -846.740540 197.874008 ) (-4883.625977 -846 200.636719 ) (-4882.362305 -846 197.446487 ) 
3 1626 1627 (-4880.737305 -846 193.344238 ) (-4878.620117 -846 188 ) (-4880.736816 -849.084656 188 ) 
4 1628 1641 (-4883.040527 -846.738342 197.872772 ) (-4883.625000 -846 200.627579 ) (-4913.942871 -846 200.629898 ) (-4913.942871 -846.739014 197.872726 ) 
4 1628 1629 (-4914.406738 -846 197.446609 ) (-4913.058594 -846 197.446640 ) (-4912.578125 -846.738525 197.873047 ) (-4913.943359 -846.738586 197.873047 ) 
3 1629 1644 (-4913.940918 -849.159607 188.841888 ) (-4912.577637 -846.738953 197.872726 ) (-4913.942383 -846.738953 197.872726 ) 
4 1630 1705 (-5014.614258 -864 207.191895 ) (-5019.845703 -864 230.806931 ) (-5013.441895 -857.290588 226.934509 ) (-5013.440918 -862.675903 206.836716 ) 
3 1630 1649 (-5019.844727 -864 230.808594 ) (-5013.439941 -864 201.897980 ) (-4995.926270 -864 230.808640 ) 
4 1630 1648 (-4995.927246 -864 230.807129 ) (-5010.825684 -864 206.213379 ) (-5013.437500 -862.922180 205.924683 ) (-5013.438477 -857.292297 226.935287 ) 
3 1631 1704 (-5008.396484 -861.621094 188 ) (-5010.362793 -864 188 ) (-5010.666992 -864 189.373474 ) 
4 1631 1702 (-5006.244629 -864 188 ) (-4967.399414 -864 188 ) (-4966.651855 -864 189.373535 ) (-5004.480469 -864 189.373489 ) 
4 1631 1701 (-4967.399414 -864 188 ) (-4966.189941 -864 188 ) (-4965.416016 -864 189.373535 ) (-4966.651855 -864 189.373535 ) 
4 1631 1651 (-5010.665039 -864 189.373474 ) (-5010.360840 -864 188 ) (-5006.244629 -864 188 ) (-5004.480469 -864 189.373489 ) 
4 1631 1647 (-5008.390137 -861.618408 188 ) (-5010.663086 -864 189.373062 ) (-4966.652344 -864 189.373123 ) (-4967.746094 -861.619019 188 ) 
4 1631 1643 (-4966.652344 -864 189.373123 ) (-4906.549805 -864 189.373215 ) (-4908.097656 -861.619873 188 ) (-4967.746094 -861.619019 188 ) 
4 1631 1639 (-4891.517578 -864 189.373230 ) (-4876.673340 -864 189.373245 ) (-4878.572266 -861.620361 188 ) (-4889.340820 -861.620178 188 ) 
4 1631 1638 (-4876.673340 -864 189.373245 ) (-4875.125488 -864 189.373245 ) (-4875.125000 -861.620422 188 ) (-4878.572266 -861.620361 188 ) 
4 1631 1634 (-4875.125488 -864 189.373245 ) (-4866.096680 -864 189.373260 ) (-4865.534668 -861.620544 188 ) (-4875.125000 -861.620422 188 ) 
4 1632 1663 (-4866.074707 -864 207.838852 ) (-4866.436523 -864 207.100754 ) (-4859.933594 -864 207.100815 ) (-4859.236328 -864 207.838943 ) 
4 1632 1658 (-4856.849609 -864 210.366501 ) (-4864.262695 -864 211.535812 ) (-4866.074707 -864 207.838852 ) (-4859.236328 -864 207.838943 ) 
4 1632 1655 (-4854.981934 -864 210.071915 ) (-4856.849609 -864 210.366501 ) (-4859.933594 -864 207.100815 ) (-4857.884766 -864 207.100830 ) 
8 1632 1635 (-4864.513672 -846 200.625000 ) (-4871.660156 -849.383545 188 ) (-4872.440918 -852.141174 188 ) (-4873.080566 -856.181641 189.029999 ) (-4873.080566 -859.702942 191.063843 ) (-4866.436523 -864 207.100754 ) (-4864.262695 -864 211.535812 ) (-4857.337402 -846 215.265167 ) 
4 1632 1634 (-4873.585449 -859.375732 189.842850 ) (-4872.441895 -852.146790 188 ) (-4867.771484 -850.712646 188 ) (-4867.770020 -859.513855 190.358368 ) 
5 1632 1633 (-4870.944336 -861.085144 196.221329 ) (-4873.585938 -859.376465 189.844727 ) (-4857.959473 -859.747620 191.229843 ) (-4849.948242 -864 207.099625 ) (-4859.934570 -864 207.099579 ) 
5 1633 1700 (-4870.368164 -864 194.324005 ) (-4871.998535 -864 194.324280 ) (-4873.454590 -864 192.782166 ) (-4873.996582 -864 191.676025 ) (-4873.166016 -864 191.459900 ) 
4 1633 1699 (-4873.996582 -864 191.676025 ) (-4874.316895 -864 191.023071 ) (-4873.525391 -864 191.088211 ) (-4873.162109 -864 191.458893 ) 
4 1633 1655 (-4857.884766 -864 207.100830 ) (-4859.933594 -864 207.100815 ) (-4871.998535 -864 194.324280 ) (-4870.368164 -864 194.324005 ) 
3 1633 1636 (-4873.080566 -863.564941 193.294373 ) (-4870.943848 -861.085022 196.221893 ) (-4873.080566 -859.702942 191.063843 ) 
4 1633 1634 (-4867.769043 -864 191.560455 ) (-4874.316895 -864 191.021698 ) (-4873.585449 -859.375732 189.842850 ) (-4867.770020 -859.513855 190.358368 ) 
3 1634 1699 (-4873.525391 -864 191.088211 ) (-4874.316895 -864 191.023071 ) (-4875.046387 -864 189.535049 ) 
4 1634 1638 (-4874.859375 -860.681763 188 ) (-4875.125000 -861.619385 188 ) (-4875.125488 -864 189.374481 ) (-4874.859863 -864 189.916519 ) 
3 1634 1635 (-4872.440918 -852.141174 188 ) (-4873.080078 -854.398376 188 ) (-4873.080078 -856.181641 189.029999 ) 
4 1635 1663 (-4866.436523 -864 207.100723 ) (-4866.074707 -864 207.838837 ) (-4898.832520 -864 207.838409 ) (-4898.540039 -864 207.100647 ) 
4 1635 1658 (-4866.074707 -864 207.838837 ) (-4864.262695 -864 211.535812 ) (-4902.698730 -864 217.598709 ) (-4898.832520 -864 207.838409 ) 
4 1635 1641 (-4883.920410 -846 201.382782 ) (-4883.620117 -846 200.624146 ) (-4883.036133 -846.737549 197.872314 ) (-4894.003906 -858.726196 204.793686 ) 
6 1635 1640 (-4898.828613 -864 207.838409 ) (-4902.694824 -864 217.598114 ) (-4891.760254 -846.326660 220.607513 ) (-4891.461426 -846 220.418991 ) (-4883.920410 -846 201.382782 ) (-4894.003906 -858.726196 204.793686 ) 
5 1635 1639 (-4891.460938 -860.729675 194.895538 ) (-4882.427246 -851.544983 188 ) (-4881.010742 -851.976868 188 ) (-4878.221191 -856.052124 189.862549 ) (-4878.221680 -859.990540 192.137314 ) 
3 1635 1638 (-4881.010742 -851.976868 188 ) (-4878.221191 -852.827393 188 ) (-4878.221191 -856.052124 189.862549 ) 
4 1635 1637 (-4892.847168 -861.369568 197.285263 ) (-4891.460938 -860.729248 194.895508 ) (-4875.625977 -859.845154 191.595535 ) (-4874.399902 -860.169800 192.807083 ) 
3 1635 1636 (-4875.625977 -859.845154 191.595535 ) (-4873.082031 -859.703125 191.065430 ) (-4870.947266 -861.083862 196.218521 ) 
3 1636 1637 (-4874.397461 -860.168823 192.806747 ) (-4875.628906 -859.842773 191.589844 ) (-4874.397461 -861.641907 192.412064 ) 
4 1637 1639 (-4894.298828 -863.614685 197.061523 ) (-4891.460938 -860.729675 194.895538 ) (-4878.221680 -859.990540 192.137314 ) (-4878.222168 -862.015625 193.306976 ) 
3 1638 1698 (-4875.218750 -864 190.400848 ) (-4875.431641 -864 190.688126 ) (-4875.609863 -864 190.499222 ) 
5 1638 1639 (-4878.219727 -856.051880 189.860321 ) (-4881.005859 -851.981323 188 ) (-4878.568848 -861.620850 188 ) (-4876.669922 -864 189.373642 ) (-4875.430176 -864 190.686264 ) 
5 1639 1698 (-4875.609863 -864 190.499222 ) (-4875.431641 -864 190.688126 ) (-4876.681641 -864 192.374512 ) (-4884.183594 -864 194.326477 ) (-4890.840332 -864 194.327652 ) 
4 1639 1662 (-4884.183594 -864 194.326477 ) (-4894.548340 -864 197.023224 ) (-4893.772461 -864 195.064636 ) (-4890.840332 -864 194.327652 ) 
5 1640 1658 (-4898.832520 -864 207.838394 ) (-4902.698730 -864 217.598709 ) (-4945.695313 -864 224.380997 ) (-4947.994141 -864 220.300400 ) (-4937.696289 -864 207.837845 ) 
4 1640 1657 (-4947.994141 -864 220.300400 ) (-4953.721680 -864 210.133423 ) (-4944.589355 -864 207.837753 ) (-4937.696289 -864 207.837845 ) 
4 1640 1656 (-4945.695313 -864 224.380997 ) (-4947.451660 -864 224.658005 ) (-4956.604492 -864 207.837585 ) (-4955.015137 -864 207.837601 ) 
6 1640 1648 (-4956.604004 -864 207.837585 ) (-4947.451172 -864 224.657974 ) (-4947.451172 -856.722778 226.607361 ) (-4952.382324 -846 220.418289 ) (-4962.738281 -846 201.387100 ) (-4959.022949 -858.740662 204.801147 ) 
4 1640 1646 (-4918.993652 -858.728943 204.795807 ) (-4906.409668 -858.725220 204.794098 ) (-4903.094727 -864 207.839661 ) (-4936.115723 -864 207.838348 ) 
4 1640 1645 (-4906.409668 -858.725220 204.794098 ) (-4904.779297 -858.724731 204.793884 ) (-4901.346680 -864 207.839737 ) (-4903.094727 -864 207.839661 ) 
4 1640 1642 (-4956.606445 -864 207.837524 ) (-4959.025391 -858.740906 204.801208 ) (-4918.993652 -858.728943 204.795807 ) (-4936.115723 -864 207.838348 ) 
4 1640 1641 (-4894.007813 -858.725159 204.794312 ) (-4906.408203 -858.727905 204.795731 ) (-4913.833008 -846 201.385330 ) (-4883.925293 -846 201.383698 ) 
4 1641 1645 (-4904.778320 -858.724731 204.793900 ) (-4906.409668 -858.725220 204.794113 ) (-4908.447754 -855.482422 202.921814 ) (-4907.148926 -855.082520 202.690979 ) 
4 1641 1644 (-4913.943359 -846.737976 197.873016 ) (-4912.578125 -846.737915 197.873047 ) (-4907.148926 -855.082520 202.690979 ) (-4908.447754 -855.482422 202.921814 ) 
4 1642 1660 (-4929.853027 -864 206.208923 ) (-4933.279785 -864 207.100510 ) (-4937.087402 -864 207.100677 ) (-4936.351074 -864 206.209274 ) 
4 1642 1659 (-4933.279785 -864 207.100510 ) (-4936.113770 -864 207.837875 ) (-4937.696777 -864 207.837845 ) (-4937.087402 -864 207.100677 ) 
4 1642 1657 (-4937.696777 -864 207.837845 ) (-4944.589355 -864 207.837753 ) (-4938.111328 -864 206.209366 ) (-4936.351074 -864 206.209274 ) 
4 1642 1656 (-4955.015137 -864 207.837601 ) (-4956.604492 -864 207.837585 ) (-4957.489746 -864 206.210449 ) (-4955.931152 -864 206.210358 ) 
3 1642 1648 (-4957.489258 -864 206.210449 ) (-4956.604004 -864 207.837585 ) (-4959.022949 -858.740662 204.801147 ) 
4 1642 1646 (-4919.028809 -858.743652 204.799744 ) (-4936.104004 -864 207.834259 ) (-4933.284180 -864 207.100601 ) (-4929.327148 -863.742615 206.139908 ) 
4 1643 1701 (-4966.651855 -864 189.373535 ) (-4965.416016 -864 189.373535 ) (-4965.264648 -864 189.642365 ) (-4966.505371 -864 189.642349 ) 
4 1643 1647 (-4967.743652 -861.632141 188 ) (-4966.654297 -864 189.367188 ) (-4966.504395 -864 189.642365 ) (-4968.291992 -857.870605 188 ) 
4 1644 1661 (-4903.722168 -864 199.410019 ) (-4904.301758 -864 199.560776 ) (-4904.561523 -864 197.776642 ) (-4904.207520 -864 197.687653 ) 
4 1644 1645 (-4907.147461 -855.086243 202.688293 ) (-4908.445801 -855.485962 202.919052 ) (-4905.191406 -862.172607 200.280548 ) (-4904.442871 -862.123962 200.098953 ) 
4 1645 1659 (-4901.347168 -864 207.838364 ) (-4903.094727 -864 207.838333 ) (-4903.202148 -864 207.100677 ) (-4901.555176 -864 207.100494 ) 
4 1645 1646 (-4903.485840 -863.742188 206.138397 ) (-4903.205078 -864 207.100479 ) (-4903.097168 -864 207.840729 ) (-4906.414551 -858.721436 204.793106 ) 
4 1646 1659 (-4903.094727 -864 207.838333 ) (-4936.113770 -864 207.837875 ) (-4933.279785 -864 207.100510 ) (-4903.202148 -864 207.100616 ) 
4 1647 1704 (-5005.297852 -857.872375 188 ) (-5008.396484 -861.621094 188 ) (-5010.666992 -864 189.373474 ) (-5010.726563 -864 189.641785 ) 
4 1647 1702 (-5004.480469 -864 189.373489 ) (-4966.651855 -864 189.373535 ) (-4966.505371 -864 189.642365 ) (-5004.136230 -864 189.641876 ) 
4 1647 1651 (-5010.724609 -864 189.641785 ) (-5010.665039 -864 189.373474 ) (-5004.480469 -864 189.373489 ) (-5004.136230 -864 189.641876 ) 
4 1648 1705 (-5002.666016 -846 220.417969 ) (-4998.666504 -846 202.363708 ) (-5013.440918 -862.675903 206.836731 ) (-5013.441895 -857.290588 226.934509 ) 
4 1648 1664 (-4957.490234 -864 206.210449 ) (-4947.451660 -864 224.658005 ) (-4957.187988 -864 226.193756 ) (-4982.852539 -864 206.211838 ) 
5 1648 1652 (-4957.187988 -864 226.193756 ) (-4982.396973 -864 230.170227 ) (-4999.492676 -864 224.921371 ) (-5010.825684 -864 206.213379 ) (-4982.852539 -864 206.211838 ) 
4 1648 1650 (-4982.396973 -864 230.170227 ) (-4986.444336 -864 230.808655 ) (-4995.926270 -864 230.808640 ) (-4999.492676 -864 224.921371 ) 
3 1649 1730 (-5006.932129 -877.838928 188 ) (-5006.352051 -880 188 ) (-5014.997070 -880 189.272507 ) 
4 1649 1714 (-5013.440430 -867.575806 188.550415 ) (-5016.081543 -870.634583 189.059937 ) (-5016.082031 -869.803406 192.162567 ) (-5013.440430 -866.821960 191.363693 ) 
5 1649 1712 (-5016.081543 -870.634583 189.059937 ) (-5022.942383 -878.580139 190.383469 ) (-5025.290039 -880 195.682007 ) (-5027.317383 -880 204.834229 ) (-5016.083008 -866.201660 205.606918 ) 
3 1649 1711 (-5016.083984 -864 213.825165 ) (-5014.614258 -864 207.191879 ) (-5016.083008 -865.657898 207.636597 ) 
6 1649 1710 (-5027.317383 -880 204.834229 ) (-5033.775879 -880 233.988708 ) (-5027.088867 -871.588989 235.187027 ) (-5019.845703 -864 230.806931 ) (-5016.083984 -864 213.825165 ) (-5016.083008 -866.201660 205.606918 ) 
3 1649 1703 (-5022.942383 -878.580139 190.383469 ) (-5024.168457 -880 190.619980 ) (-5025.290039 -880 195.682007 ) 
3 1649 1679 (-5000.739258 -880 188 ) (-5001.149902 -878.806213 188 ) (-4995.016113 -880 192.455582 ) 
3 1649 1652 (-5010.825684 -864 206.213379 ) (-4999.492676 -864 224.921478 ) (-4999.491699 -868.677246 207.466171 ) 
6 1649 1651 (-4999.490723 -873.140503 190.809631 ) (-5003.441895 -872.145752 188 ) (-5009.128418 -869.630676 188 ) (-5013.437500 -867.576660 188.553116 ) (-5013.437500 -867.064880 190.462982 ) (-4999.490723 -872.820129 192.005249 ) 
6 1649 1650 (-4964.449707 -880 223.053345 ) (-4972.246094 -880 210.183594 ) (-4999.490723 -873.140503 190.809631 ) (-4999.492676 -864 224.921478 ) (-4995.927246 -864 230.807068 ) (-4992.816895 -865.191406 231.494751 ) 
6 1649 1653 (-5033.775879 -880 233.988815 ) (-5024.169922 -880 190.625000 ) (-5006.343750 -880 188 ) (-5000.734375 -880 188 ) (-4972.249512 -880 210.177078 ) (-4964.449219 -880 223.053223 ) 
3 1650 1686 (-4967.773438 -880 213.665619 ) (-4968.889648 -880 212.796448 ) (-4968.890137 -875.708801 213.946259 ) 
5 1650 1684 (-4957.187500 -871.908325 224.075317 ) (-4957.187012 -880 221.907654 ) (-4967.773438 -880 213.665619 ) (-4968.890137 -875.708801 213.946259 ) (-4968.890137 -869.630615 215.574890 ) 
4 1650 1667 (-4957.187988 -868.773438 224.915115 ) (-4957.187500 -871.908325 224.075317 ) (-4970.871582 -869.244873 214.135406 ) (-4961.394043 -867.954773 221.859818 ) 
3 1650 1666 (-4957.187988 -867.382263 225.287796 ) (-4957.187988 -868.773438 224.915115 ) (-4961.394043 -867.954773 221.859818 ) 
5 1650 1652 (-4957.192871 -867.383789 225.288162 ) (-4978.528320 -870.288086 207.896683 ) (-4999.488770 -868.678345 207.466461 ) (-4999.489746 -864 224.925812 ) (-4982.408203 -864 230.172073 ) 
3 1650 1651 (-4997.984863 -872.936646 192.036499 ) (-4999.488281 -873.141357 190.810822 ) (-4999.488281 -872.821228 192.005554 ) 
3 1650 1653 (-4972.249512 -880 210.177078 ) (-4957.183105 -880 221.907059 ) (-4964.449219 -880 223.053223 ) 
5 1651 1715 (-5010.362793 -864 188 ) (-5010.587402 -864.271484 188 ) (-5013.440430 -867.575806 188.550415 ) (-5013.440430 -867.063416 190.462585 ) (-5010.726563 -864 189.641785 ) 
5 1651 1702 (-5004.983887 -867.665771 188 ) (-5006.245605 -864 188 ) (-5004.136719 -864 189.641876 ) (-5003.391113 -865.083069 189.932083 ) (-5003.391113 -866.818420 189.467117 ) 
4 1651 1654 (-5003.442383 -872.145569 188 ) (-5004.983887 -867.665771 188 ) (-5003.391113 -866.818420 189.467117 ) (-5003.391113 -872.158447 188.036331 ) 
5 1652 1667 (-4961.394043 -867.954773 221.859833 ) (-4970.871582 -869.244873 214.135483 ) (-4980.538574 -867.363098 207.112961 ) (-4981.477051 -866 206.747726 ) (-4971.437012 -866 214.564529 ) 
4 1652 1666 (-4957.187988 -866 225.658096 ) (-4957.187988 -867.382263 225.287796 ) (-4961.394043 -867.954773 221.859833 ) (-4971.437012 -866 214.564529 ) 
4 1652 1664 (-4982.854004 -864 206.211838 ) (-4957.188477 -864 226.193878 ) (-4957.187988 -866 225.658096 ) (-4981.477051 -866 206.747726 ) 
4 1653 1796 (-5000.050293 -882 188 ) (-5005.809570 -882 188 ) (-5006.346191 -880 188 ) (-5000.738770 -880 188 ) 
4 1653 1731 (-5006.352051 -880 188 ) (-5005.815430 -882 188 ) (-5022.461914 -882 190.450165 ) (-5014.997070 -880 189.272507 ) 
5 1653 1724 (-5025.892578 -882 190.957077 ) (-5005.802246 -882 188 ) (-5000.050293 -882 188 ) (-4991.191406 -882 194.897263 ) (-5028.941406 -882 204.721100 ) 
5 1653 1722 (-4984.740234 -882 199.919785 ) (-4968.889648 -882 212.260483 ) (-5034.386719 -882 229.303986 ) (-5028.941406 -882 204.721100 ) (-5010.491211 -882 199.919785 ) 
4 1653 1721 (-4968.889648 -882 212.260483 ) (-4957.186523 -882 221.371826 ) (-5035.361328 -882 233.703064 ) (-5034.386719 -882 229.303986 ) 
3 1653 1720 (-4991.191406 -882 194.897263 ) (-4984.740234 -882 199.919785 ) (-5010.491211 -882 199.919785 ) 
4 1653 1718 (-5024.168457 -880 190.619980 ) (-5025.895508 -882 190.953125 ) (-5028.945801 -882 204.722183 ) (-5027.317383 -880 204.834198 ) 
4 1653 1717 (-5028.945801 -882 204.722183 ) (-5035.365723 -882 233.703766 ) (-5033.775879 -880 233.988708 ) (-5027.317383 -880 204.834198 ) 
4 1653 1692 (-4957.187012 -882 221.371872 ) (-4968.889648 -882 212.260590 ) (-4968.890137 -880 212.796402 ) (-4957.187012 -880 221.907654 ) 
4 1653 1680 (-4984.740723 -882 199.919891 ) (-5000.050781 -882 188 ) (-5000.739258 -880 188 ) (-4995.016602 -880 192.455566 ) 
4 1654 1702 (-5004.990723 -867.669067 188 ) (-5003.398926 -866.822144 189.466110 ) (-4966.189941 -866.817566 189.467346 ) (-4966.864746 -867.665039 188 ) 
4 1654 1701 (-4966.189941 -866.817566 189.467346 ) (-4965.363281 -866.817444 189.467377 ) (-4966.189941 -867.664978 188 ) (-4966.864746 -867.665039 188 ) 
3 1654 1681 (-4965.362305 -866.811951 189.469284 ) (-4966.189453 -866.812073 189.469254 ) (-4966.189941 -872.295593 188 ) 
4 1655 1700 (-4871.994141 -864 194.328995 ) (-4870.363281 -864 194.328705 ) (-4873.560547 -865.890381 191.056015 ) (-4874.400391 -865.741211 191.314407 ) 
4 1655 1699 (-4873.560547 -865.890381 191.056015 ) (-4873.746094 -866 190.866211 ) (-4874.757813 -866 190.866394 ) (-4874.400391 -865.741211 191.314407 ) 
4 1655 1675 (-4874.762207 -866 190.861542 ) (-4873.750977 -866 190.861359 ) (-4862.843262 -866 202.025879 ) (-4864.220215 -866 202.025864 ) 
4 1655 1672 (-4862.843262 -866 202.025879 ) (-4855.436035 -866 209.607712 ) (-4856.850098 -866 209.830795 ) (-4864.220215 -866 202.025864 ) 
3 1655 1663 (-4859.046387 -864.234009 207.974030 ) (-4859.232910 -864 207.838943 ) (-4859.929688 -864 207.100815 ) 
3 1655 1662 (-4874.397461 -865.738403 191.314392 ) (-4874.758789 -866 190.861450 ) (-4874.397461 -866 191.244308 ) 
4 1655 1658 (-4856.846680 -864.816345 210.147339 ) (-4856.846680 -864 210.365997 ) (-4859.232910 -864 207.838943 ) (-4859.046387 -864.234009 207.974030 ) 
4 1656 1670 (-4955.629883 -866 206.746307 ) (-4953.721680 -866 210.133438 ) (-4954.552734 -866 210.342300 ) (-4956.508301 -866 206.746353 ) 
4 1656 1669 (-4953.721680 -866 210.133438 ) (-4951.225586 -866 214.564560 ) (-4952.256836 -866 214.564590 ) (-4954.552734 -866 210.342300 ) 
4 1656 1667 (-4952.256836 -866 214.564590 ) (-4952.652344 -866 214.564606 ) (-4956.906738 -866 206.746384 ) (-4956.508301 -866 206.746353 ) 
4 1656 1666 (-4951.225586 -866 214.564560 ) (-4948.863281 -866 218.758606 ) (-4949.784180 -866 219.835342 ) (-4952.652344 -866 214.564606 ) 
4 1656 1665 (-4948.863281 -866 218.758606 ) (-4945.973145 -866 223.889023 ) (-4947.451660 -866 224.122269 ) (-4949.784180 -866 219.835342 ) 
4 1656 1664 (-4956.908203 -866 206.746384 ) (-4947.453125 -866 224.122437 ) (-4947.453125 -864 224.658203 ) (-4957.491211 -864 206.210449 ) 
4 1656 1658 (-4945.976074 -866 223.889481 ) (-4948.175781 -866 219.984482 ) (-4947.996094 -864 220.303146 ) (-4945.698730 -864 224.381439 ) 
4 1656 1657 (-4948.175781 -866 219.984482 ) (-4953.724609 -866 210.134216 ) (-4953.725098 -864 210.134186 ) (-4947.996094 -864 220.303146 ) 
4 1657 1668 (-4937.236816 -866 206.745300 ) (-4943.697754 -866 214.564636 ) (-4945.274414 -866 214.564621 ) (-4938.583984 -866 206.745377 ) 
4 1657 1665 (-4943.697754 -866 214.564636 ) (-4948.173828 -866 219.982132 ) (-4948.863281 -866 218.758636 ) (-4945.274414 -866 214.564621 ) 
6 1657 1660 (-4938.130859 -866 207.826874 ) (-4937.237305 -866 206.745300 ) (-4936.351563 -864 206.209274 ) (-4937.087891 -864 207.100555 ) (-4937.860352 -864.233765 207.972824 ) (-4938.130859 -864.620850 208.196320 ) 
3 1657 1659 (-4937.087891 -864 207.100555 ) (-4937.697266 -864 207.837875 ) (-4937.860352 -864.233765 207.972824 ) 
5 1657 1658 (-4947.995605 -864 220.301804 ) (-4948.175293 -866 219.983170 ) (-4943.698242 -866 214.564484 ) (-4937.860352 -864.233765 207.972824 ) (-4937.697266 -864 207.837875 ) 
4 1658 1665 (-4886.861816 -866 214.564819 ) (-4945.973145 -866 223.889023 ) (-4948.173828 -866 219.982132 ) (-4943.697266 -866 214.564560 ) 
4 1658 1663 (-4898.832520 -864 207.838730 ) (-4859.235840 -864 207.839279 ) (-4859.048828 -864.234070 207.974411 ) (-4899.046875 -864.233948 207.973801 ) 
4 1658 1659 (-4937.858887 -864.233826 207.973206 ) (-4937.695801 -864 207.838211 ) (-4901.347168 -864 207.838699 ) (-4901.195313 -864.233948 207.973770 ) 
4 1659 1660 (-4936.867676 -864.231995 207.971817 ) (-4937.858887 -864.231995 207.971802 ) (-4937.092285 -864 207.106003 ) (-4933.300293 -864 207.105988 ) 
3 1660 1671 (-4938.129883 -866 207.826508 ) (-4937.236328 -866 206.745300 ) (-4933.973633 -866 206.745117 ) 
4 1662 1699 (-4874.622559 -865.701721 191.382828 ) (-4874.400391 -865.741211 191.314407 ) (-4874.735352 -865.983765 190.894455 ) (-4874.859375 -865.911194 191.020157 ) 
6 1662 1698 (-4890.859375 -864 194.332367 ) (-4884.201660 -864 194.331177 ) (-4875.478516 -865.549622 191.646317 ) (-4874.735352 -865.983765 190.894455 ) (-4874.757813 -866 190.866394 ) (-4877.072266 -866 190.866806 ) 
5 1662 1676 (-4877.052734 -866 190.861954 ) (-4874.762207 -866 190.861542 ) (-4874.399902 -866 191.245026 ) (-4895.841797 -866 196.823807 ) (-4895.296387 -866 195.447830 ) 
4 1664 1667 (-4956.906738 -866 206.746384 ) (-4952.652344 -866 214.564606 ) (-4971.435059 -866 214.564484 ) (-4981.475586 -866 206.747726 ) 
5 1664 1666 (-4952.652344 -866 214.564606 ) (-4949.784180 -866 219.835342 ) (-4954.389160 -866 225.216537 ) (-4957.186035 -866 225.657730 ) (-4971.435059 -866 214.564484 ) 
3 1664 1665 (-4949.784180 -866 219.835342 ) (-4947.451660 -866 224.122269 ) (-4954.389160 -866 225.216537 ) 
4 1665 1668 (-4945.271973 -866 214.561798 ) (-4943.695313 -866 214.561798 ) (-4948.859863 -867.562622 220.393570 ) (-4949.427734 -867.301514 219.419144 ) 
3 1665 1667 (-4947.090332 -868.375977 223.428848 ) (-4953.688965 -868.636169 224.399979 ) (-4949.427734 -867.301514 219.419144 ) 
4 1665 1666 (-4954.393066 -866 225.217209 ) (-4948.862305 -866 218.754013 ) (-4948.861816 -867.120178 218.754669 ) (-4953.692383 -868.633179 224.401276 ) 
4 1666 1669 (-4952.258301 -866 214.561783 ) (-4951.224609 -866 214.561783 ) (-4948.860840 -867.124023 218.756546 ) (-4949.427734 -867.301575 219.419174 ) 
5 1666 1667 (-4971.445313 -866 214.561752 ) (-4952.258301 -866 214.561783 ) (-4949.427734 -867.301575 219.419174 ) (-4953.688965 -868.636169 224.399979 ) (-4957.190918 -868.774292 224.915405 ) 
3 1667 1688 (-4948.859863 -870.695618 219.553833 ) (-4947.090332 -871.509033 222.589493 ) (-4952.215820 -871.711182 223.343842 ) 
4 1667 1687 (-4956.111816 -867.361633 207.111221 ) (-4954.270020 -868.208374 210.271225 ) (-4954.615723 -868.231628 210.358093 ) (-4956.509766 -867.361633 207.111252 ) 
4 1667 1685 (-4954.270020 -868.208374 210.271225 ) (-4953.374512 -868.620178 211.808090 ) (-4953.721191 -868.642700 211.892242 ) (-4954.615723 -868.231628 210.358093 ) 
5 1667 1684 (-4953.374512 -868.620178 211.808090 ) (-4949.135742 -870.568787 219.080460 ) (-4952.865234 -871.736755 223.439377 ) (-4957.189453 -871.907288 224.075806 ) (-4968.891113 -869.629639 215.575439 ) 
4 1667 1683 (-4949.135742 -870.568787 219.080460 ) (-4948.859863 -870.695618 219.553833 ) (-4952.215820 -871.711182 223.343842 ) (-4952.865234 -871.736755 223.439377 ) 
4 1667 1670 (-4954.267090 -868.209229 210.270569 ) (-4956.108398 -867.362732 207.111511 ) (-4956.504883 -866 206.746353 ) (-4954.549805 -866 210.341507 ) 
5 1667 1669 (-4952.253906 -866 214.562500 ) (-4949.425293 -867.300598 219.416473 ) (-4949.133789 -870.569336 219.078217 ) (-4954.267090 -868.209229 210.270569 ) (-4954.549805 -866 210.341507 ) 
4 1667 1668 (-4949.425293 -867.300598 219.416473 ) (-4948.857422 -867.561646 220.390747 ) (-4948.857910 -870.696228 219.551834 ) (-4949.133789 -870.569336 219.078217 ) 
4 1668 1683 (-4937.839355 -867.361389 207.110138 ) (-4948.859863 -870.695618 219.553833 ) (-4949.135742 -870.568787 219.080460 ) (-4938.895508 -867.361389 207.110214 ) 
4 1668 1671 (-4938.135254 -867.450806 207.439346 ) (-4937.844238 -867.362671 207.110489 ) (-4937.240723 -866 206.745300 ) (-4938.135254 -866 207.827942 ) 
4 1668 1669 (-4949.135742 -870.570557 219.082825 ) (-4949.427734 -867.301575 219.421936 ) (-4948.859863 -867.123657 218.758026 ) (-4948.858887 -870.483887 218.759354 ) 
4 1669 1685 (-4953.374512 -868.620178 211.808090 ) (-4954.270020 -868.208374 210.271240 ) (-4953.720215 -868.171326 210.133011 ) (-4952.848145 -868.585938 211.680374 ) 
4 1669 1684 (-4948.859863 -870.482422 218.758148 ) (-4949.135742 -870.568787 219.080460 ) (-4953.374512 -868.620178 211.808090 ) (-4952.848145 -868.585938 211.680374 ) 
4 1669 1670 (-4953.720215 -868.172424 210.133255 ) (-4954.269531 -868.209412 210.271347 ) (-4954.552734 -866 210.342545 ) (-4953.720215 -866 210.133240 ) 
4 1670 1687 (-4953.721191 -868.171387 210.133286 ) (-4954.270020 -868.208374 210.271240 ) (-4956.111816 -867.361633 207.111221 ) (-4955.424316 -867.361633 207.111176 ) 
4 1672 1675 (-4864.216797 -866 202.029449 ) (-4862.839355 -866 202.029449 ) (-4855.869141 -867.911682 209.163910 ) (-4856.850586 -867.950378 209.308350 ) 
4 1673 1682 (-4905.963379 -880 198.129837 ) (-4908.683105 -880 204.996033 ) (-4905.513184 -878.535583 199.530090 ) (-4905.192871 -878.989014 197.936249 ) 
4 1673 1678 (-4908.686523 -880 204.995941 ) (-4905.967285 -880 198.130798 ) (-4898.436523 -880 196.237885 ) (-4869.914063 -880 204.995438 ) 
5 1673 1677 (-4895.966797 -880 196.998062 ) (-4898.439941 -880 196.238739 ) (-4905.198730 -878.988708 197.937607 ) (-4905.518555 -878.535645 199.530258 ) (-4895.967285 -878.928528 200.996628 ) 
3 1673 1674 (-4869.919434 -880 204.995529 ) (-4895.966797 -880 196.998062 ) (-4895.967285 -878.928528 200.996628 ) 
5 1674 1678 (-4859.941895 -880 204.995407 ) (-4869.914063 -880 204.995468 ) (-4895.966797 -880 196.996155 ) (-4896.160645 -880 195.665817 ) (-4874.400391 -880 190.196152 ) 
4 1674 1677 (-4896.158691 -880 195.665344 ) (-4895.965820 -880 196.988281 ) (-4895.966309 -878.927246 200.991745 ) (-4897.426270 -877.585571 195.983902 ) 
3 1675 1699 (-4874.708008 -866 190.866394 ) (-4873.758789 -866 190.866226 ) (-4874.230469 -866.278687 190.383682 ) 
5 1675 1698 (-4874.757324 -866 190.866409 ) (-4874.708008 -866 190.866394 ) (-4874.230469 -866.278687 190.383682 ) (-4874.412109 -866.385864 190.198151 ) (-4875.144531 -866.279663 190.382202 ) 
5 1675 1676 (-4875.141113 -866.274170 190.386688 ) (-4874.410156 -869.851074 190.203125 ) (-4874.400391 -869.852356 190.212982 ) (-4874.399902 -866 191.245026 ) (-4874.762207 -866 190.861435 ) 
3 1676 1698 (-4877.072266 -866 190.866821 ) (-4874.757324 -866 190.866409 ) (-4875.144531 -866.279663 190.382202 ) 
3 1677 1682 (-4904.485840 -878.060913 197.758423 ) (-4905.193359 -878.989014 197.936249 ) (-4905.513672 -878.535583 199.530151 ) 
3 1677 1678 (-4896.160645 -880 195.665833 ) (-4895.966797 -880 196.996155 ) (-4898.436523 -880 196.237869 ) 
4 1678 1796 (-4862.667969 -880 188 ) (-4862.959473 -882 188 ) (-4903.324707 -882 188 ) (-4901.952637 -880 188 ) 
5 1678 1726 (-4903.324707 -882 188 ) (-4862.958984 -882 188 ) (-4853.687500 -882 205.045944 ) (-4900.696289 -882 212.461121 ) (-4913.014648 -882 212.461258 ) 
3 1678 1697 (-4905.208984 -880 196.225693 ) (-4903.715820 -880 192.455551 ) (-4905.845703 -880.983887 196.127655 ) 
5 1678 1696 (-4908.044922 -882 199.919891 ) (-4913.012695 -882 212.461197 ) (-4908.683105 -880 204.996063 ) (-4905.962402 -880 198.128128 ) (-4907.183594 -881.602112 198.434860 ) 
4 1678 1694 (-4905.962402 -880 198.128128 ) (-4905.208984 -880 196.225693 ) (-4905.845703 -880.983887 196.127655 ) (-4907.183594 -881.602112 198.434860 ) 
4 1678 1680 (-4901.950684 -880 188 ) (-4903.323242 -882 188 ) (-4908.044922 -882 199.919891 ) (-4903.715820 -880 192.455551 ) 
4 1679 1680 (-4963.681152 -880 192.453125 ) (-4995.018555 -880 192.453125 ) (-5000.738770 -880 188 ) (-4966.189941 -880 188 ) 
4 1680 1796 (-4903.324707 -882 188 ) (-5000.050293 -882 188 ) (-5000.738770 -880 188 ) (-4901.952637 -880 188 ) 
4 1680 1726 (-4964.369629 -882 188 ) (-4903.324707 -882 188 ) (-4908.046387 -882 199.919891 ) (-4957.888184 -882 199.919876 ) 
3 1680 1724 (-5000.050293 -882 188 ) (-4964.687500 -882 188 ) (-4991.191406 -882 194.897278 ) 
5 1680 1720 (-4964.687500 -882 188 ) (-4964.369629 -882 188 ) (-4957.888184 -882 199.919876 ) (-4984.740234 -882 199.919876 ) (-4991.191406 -882 194.897278 ) 
5 1680 1697 (-4905.840332 -880.984253 196.126236 ) (-4903.709961 -880 192.453094 ) (-4962.643066 -880 192.452988 ) (-4958.290039 -882 199.916931 ) (-4921.453613 -882 199.916962 ) 
3 1680 1696 (-4908.038574 -882 199.916977 ) (-4907.178223 -881.602539 198.433578 ) (-4913.079590 -882 199.916977 ) 
4 1680 1694 (-4907.178223 -881.602539 198.433578 ) (-4905.840332 -880.984253 196.126236 ) (-4921.453613 -882 199.916962 ) (-4913.079590 -882 199.916977 ) 
4 1681 1701 (-4965.819336 -866.352417 190.272675 ) (-4964.909180 -866.352356 190.272659 ) (-4965.363281 -866.817444 189.467377 ) (-4966.189941 -866.817566 189.467346 ) 
3 1682 1696 (-4905.963379 -880 198.129974 ) (-4908.683594 -880 204.996017 ) (-4933.280273 -880 204.996323 ) 
4 1683 1688 (-4948.859375 -870.696777 219.553879 ) (-4952.215332 -871.712219 223.343521 ) (-4952.215820 -874.180786 222.682281 ) (-4948.859375 -873.661255 218.759323 ) 
4 1683 1684 (-4948.859863 -873.665833 218.757477 ) (-4952.216797 -874.185364 222.681244 ) (-4952.866699 -871.737915 223.439331 ) (-4948.860840 -870.483093 218.756561 ) 
6 1684 1692 (-4952.216309 -880 221.123596 ) (-4957.188477 -880 221.907898 ) (-4967.774902 -880 213.666046 ) (-4955.172363 -880 210.497986 ) (-4953.514648 -880 210.497894 ) (-4949.427734 -880 217.749008 ) 
4 1684 1689 (-4952.216309 -880 221.123535 ) (-4949.428223 -880 217.748962 ) (-4948.858887 -873.661194 218.758865 ) (-4952.215820 -874.180786 222.682281 ) 
5 1684 1686 (-4953.720215 -878.639465 210.133087 ) (-4955.170898 -880 210.497757 ) (-4967.772949 -880 213.665619 ) (-4968.889160 -875.708313 213.946259 ) (-4953.720215 -875.207520 210.133087 ) 
3 1684 1685 (-4953.721680 -875.210205 210.130585 ) (-4953.723145 -868.643066 211.889572 ) (-4952.849609 -868.586243 211.677536 ) 
4 1685 1687 (-4953.719727 -875.207520 210.132965 ) (-4953.721191 -875.207581 210.133331 ) (-4954.615723 -868.232666 210.358231 ) (-4953.719727 -868.172302 210.133026 ) 
4 1686 1692 (-4967.774902 -880 213.666046 ) (-4968.891602 -880 212.796844 ) (-4960.058105 -880 210.498260 ) (-4955.172363 -880 210.497986 ) 
4 1686 1690 (-4955.170410 -880 210.497482 ) (-4960.056152 -880 210.497757 ) (-4953.962891 -877.041565 209.704834 ) (-4953.721680 -878.640930 210.133301 ) 
3 1687 1691 (-4954.706543 -872.115601 208.385208 ) (-4954.258789 -875.082153 209.179932 ) (-4955.132813 -872.082886 208.376465 ) 
4 1688 1695 (-4947.089844 -880 220.314957 ) (-4947.909668 -880 220.444229 ) (-4948.857910 -880 218.761749 ) (-4948.293457 -880 218.101837 ) 
3 1688 1692 (-4947.909668 -880 220.444229 ) (-4950.670410 -880 220.879730 ) (-4948.857910 -880 218.761749 ) 
4 1688 1689 (-4952.216797 -874.185303 222.681335 ) (-4948.859863 -873.665833 218.757782 ) (-4948.858887 -880 218.760239 ) (-4950.672363 -880 220.880096 ) 
4 1689 1692 (-4950.670410 -880 220.879730 ) (-4952.216309 -880 221.123596 ) (-4949.427734 -880 217.749008 ) (-4948.857910 -880 218.761765 ) 
4 1690 1692 (-4955.171875 -880 210.497986 ) (-4960.058105 -880 210.498260 ) (-4954.352051 -880 209.013474 ) (-4953.721680 -880 210.133453 ) 
4 1692 1721 (-4948.186523 -882 219.952194 ) (-4957.186523 -882 221.371826 ) (-4968.889648 -882 212.260483 ) (-4954.614746 -882 208.545914 ) 
4 1692 1695 (-4948.857910 -880 218.761505 ) (-4947.909668 -880 220.444244 ) (-4948.186523 -882 219.952194 ) (-4948.856934 -882 218.762039 ) 
4 1692 1693 (-4954.610840 -882 208.551804 ) (-4954.347656 -880 209.019531 ) (-4953.720215 -880 210.133118 ) (-4953.719727 -882 210.132858 ) 
4 1693 1726 (-4953.373535 -882 208.222885 ) (-4938.884766 -882 204.452774 ) (-4940.919434 -882 206.915131 ) (-4952.501465 -882 209.826706 ) 
4 1693 1721 (-4953.720215 -882 210.133026 ) (-4954.614746 -882 208.545914 ) (-4953.373535 -882 208.222885 ) (-4952.501465 -882 209.826706 ) 
4 1693 1697 (-4953.721680 -880 208.847961 ) (-4938.882813 -880 204.986679 ) (-4938.884277 -882 204.452393 ) (-4953.721191 -882 208.312881 ) 
4 1693 1694 (-4938.882324 -882 204.452698 ) (-4938.882324 -880 204.988281 ) (-4940.358398 -880 206.774292 ) (-4940.916992 -882 206.914566 ) 
4 1694 1726 (-4940.919434 -882 206.915131 ) (-4938.884766 -882 204.452774 ) (-4921.464844 -882 199.919891 ) (-4913.091309 -882 199.919891 ) 
5 1694 1697 (-4938.882813 -880 204.986679 ) (-4905.210938 -880 196.224609 ) (-4905.847168 -880.983887 196.128113 ) (-4921.467285 -882 199.920486 ) (-4938.884277 -882 204.452393 ) 
6 1694 1696 (-4905.964355 -880 198.128143 ) (-4933.288574 -880 204.996338 ) (-4938.118164 -880.325195 206.210251 ) (-4938.116699 -882 206.209824 ) (-4913.092285 -882 199.919830 ) (-4907.185059 -881.602173 198.435013 ) 
4 1695 1721 (-4947.089355 -882 219.779129 ) (-4948.186523 -882 219.952194 ) (-4948.857422 -882 218.762283 ) (-4948.114258 -882 217.894241 ) 
5 1696 1726 (-4908.046387 -882 199.919891 ) (-4913.014648 -882 212.461258 ) (-4943.465820 -882 212.461502 ) (-4938.117676 -882 206.210846 ) (-4913.091309 -882 199.919891 ) 
3 1697 1726 (-4957.888672 -882 199.919876 ) (-4921.464844 -882 199.919891 ) (-4953.373535 -882 208.223007 ) 
4 1697 1723 (-4958.288574 -882 199.919876 ) (-4957.888672 -882 199.919876 ) (-4953.373535 -882 208.223007 ) (-4953.721191 -882 208.313446 ) 
4 1698 1699 (-4874.223145 -866.281555 190.373779 ) (-4874.398438 -865.562134 190.194824 ) (-4874.859863 -864.684448 190.310791 ) (-4874.859863 -865.909424 191.018265 ) 
4 1699 1700 (-4873.162109 -864 191.458740 ) (-4873.997559 -864 191.676117 ) (-4874.622559 -865.701172 191.383026 ) (-4873.557129 -865.890381 191.055115 ) 
5 1701 1702 (-4966.865234 -867.661255 188 ) (-4966.189941 -866.813171 189.468536 ) (-4966.189941 -865.082153 189.932327 ) (-4966.505371 -864 189.642349 ) (-4967.398926 -864 188 ) 
3 1703 1732 (-5037.478027 -880 192.581421 ) (-5058.542969 -880 195.682022 ) (-5037.698242 -879.169067 192.581055 ) 
3 1703 1719 (-5058.576172 -880 195.682068 ) (-5028.781250 -880 191.296280 ) (-5031.089844 -880 195.682037 ) 
4 1703 1718 (-5028.781250 -880 191.296280 ) (-5024.167969 -880 190.617188 ) (-5025.290039 -880 195.682037 ) (-5031.089844 -880 195.682037 ) 
4 1703 1712 (-5031.088379 -880 195.679688 ) (-5025.285156 -880 195.679688 ) (-5022.939941 -878.581604 190.386490 ) (-5028.575195 -878.806274 191.224869 ) 
5 1704 1733 (-5011.350098 -861.374573 188 ) (-5011.078613 -862.386169 188 ) (-5017.100586 -864 188.950119 ) (-5021.798828 -864 189.641647 ) (-5018.145020 -861.645508 189.010834 ) 
3 1704 1729 (-5012.289551 -857.872742 188 ) (-5011.350098 -861.374573 188 ) (-5018.145020 -861.645508 189.010834 ) 
4 1704 1715 (-5021.791992 -864 189.641647 ) (-5010.638672 -864 188 ) (-5010.364258 -864 188 ) (-5010.728027 -864 189.641785 ) 
5 1704 1709 (-5020.865234 -864 189.640900 ) (-5014.330566 -864 189.640976 ) (-5008.903809 -857.875488 188 ) (-5012.283691 -857.875610 188 ) (-5021.428223 -863.767578 189.578598 ) 
3 1704 1708 (-5021.789063 -864 189.640884 ) (-5020.865234 -864 189.640900 ) (-5021.428223 -863.767578 189.578598 ) 
4 1705 1740 (-5059.460938 -846 220.414063 ) (-5054.536133 -846 202.360886 ) (-5062.509277 -860.641541 206.288467 ) (-5062.518066 -850.861450 223.219894 ) 
4 1705 1737 (-5062.509277 -860.641541 206.288467 ) (-5063.249023 -862 206.652878 ) (-5069.521973 -862 229.648590 ) (-5062.518066 -850.861450 223.219894 ) 
4 1705 1739 (-5063.249023 -862 206.652878 ) (-5064.338379 -864 207.189377 ) (-5070.779785 -864 230.802902 ) (-5069.521973 -862 229.648590 ) 
4 1705 1713 (-5067.740234 -864 219.639709 ) (-5064.343750 -864 207.189392 ) (-5034.890625 -864 207.190872 ) (-5037.268555 -864 211.709961 ) 
3 1705 1712 (-5034.890625 -864 207.190872 ) (-5019.906250 -864 207.191620 ) (-5037.268555 -864 211.709961 ) 
4 1705 1711 (-5020.074707 -864 207.235489 ) (-5019.906250 -864 207.191620 ) (-5014.615723 -864 207.191879 ) (-5016.084961 -864 213.823410 ) 
5 1705 1710 (-5070.787109 -864 230.808594 ) (-5067.740234 -864 219.639709 ) (-5020.074707 -864 207.235489 ) (-5016.084961 -864 213.823410 ) (-5019.847168 -864 230.806778 ) 
3 1705 1706 (-5020.102539 -864 207.190369 ) (-5064.339844 -864 207.188141 ) (-5056.223145 -849.094727 203.189789 ) 
4 1706 1741 (-5062.508301 -861.941528 204.037811 ) (-5062.509277 -860.641541 206.288467 ) (-5056.221680 -849.095154 203.191162 ) (-5055.549805 -850.875916 197.651718 ) 
3 1706 1737 (-5063.249023 -862 206.652878 ) (-5062.509277 -860.641541 206.288467 ) (-5062.508301 -862 203.936630 ) 
4 1706 1739 (-5062.506348 -864 200.474106 ) (-5064.338379 -864 207.189377 ) (-5063.249023 -862 206.652878 ) (-5062.508301 -862 203.936630 ) 
3 1706 1728 (-5060.805664 -863.346863 195.357391 ) (-5055.118652 -852.025208 194.073181 ) (-5033.641113 -862.263489 191.316193 ) 
4 1706 1713 (-5064.343750 -864 207.189392 ) (-5061.781250 -864 197.795059 ) (-5029.946777 -864 197.797394 ) (-5034.890625 -864 207.190872 ) 
4 1706 1712 (-5029.946777 -864 197.797394 ) (-5025.790039 -864 197.797699 ) (-5020.101074 -864 207.191605 ) (-5034.890625 -864 207.190872 ) 
3 1706 1707 (-5025.789551 -864 197.798920 ) (-5029.948242 -864 197.798615 ) (-5028.626953 -863.372375 195.456528 ) 
3 1707 1712 (-5028.014160 -864 194.124817 ) (-5025.790039 -864 197.797699 ) (-5029.946777 -864 197.797394 ) 
5 1708 1733 (-5025.194336 -861.972412 190.061356 ) (-5021.434082 -863.764893 189.578659 ) (-5021.798828 -864 189.641647 ) (-5025.978516 -864 190.256866 ) (-5025.677246 -862.283997 190.144806 ) 
5 1708 1714 (-5025.979004 -864 190.257935 ) (-5021.791992 -864 189.641647 ) (-5020.864258 -864 189.641663 ) (-5020.280273 -864 190.605850 ) (-5026.161621 -864 190.604782 ) 
4 1708 1709 (-5020.867188 -864 189.640625 ) (-5021.426758 -863.769165 189.578766 ) (-5025.190918 -861.974670 190.061981 ) (-5020.282715 -864 190.605865 ) 
4 1709 1733 (-5018.145020 -861.645508 189.010818 ) (-5021.434082 -863.764893 189.578659 ) (-5025.194336 -861.972412 190.061340 ) (-5025.118652 -861.923645 190.048279 ) 
4 1709 1729 (-5013.254395 -854.275818 188 ) (-5012.289551 -857.872742 188 ) (-5018.145020 -861.645508 189.010818 ) (-5025.118652 -861.923645 190.048279 ) 
4 1709 1716 (-5020.864258 -864 189.641663 ) (-5014.330566 -864 189.641739 ) (-5014.544434 -864 190.606888 ) (-5020.280273 -864 190.605850 ) 
4 1710 1744 (-5074.593750 -880 217.137146 ) (-5080.840820 -880 240.037430 ) (-5077.358398 -874.462280 236.841293 ) (-5070.142578 -869.617493 218.759995 ) 
4 1710 1743 (-5077.358398 -874.462280 236.841293 ) (-5070.779785 -864 230.802902 ) (-5067.733887 -864 219.638046 ) (-5070.142578 -869.617493 218.759995 ) 
5 1710 1717 (-5080.843750 -880 240.042969 ) (-5074.595703 -880 217.137634 ) (-5027.317383 -880 204.834244 ) (-5033.775879 -880 233.988754 ) (-5072.155273 -880 240.042694 ) 
4 1710 1713 (-5067.738281 -864 219.640625 ) (-5037.269531 -864 211.711716 ) (-5037.269531 -867.478638 210.779800 ) (-5070.145996 -869.618042 218.762177 ) 
5 1710 1712 (-5037.269531 -864 211.711716 ) (-5020.074219 -864 207.236893 ) (-5016.081543 -866.202209 205.607986 ) (-5027.313477 -880 204.834427 ) (-5037.269531 -880 207.425385 ) 
4 1710 1711 (-5020.004883 -864.040466 207.202484 ) (-5020.078125 -864 207.232422 ) (-5016.081055 -864 213.832626 ) (-5016.080566 -865.659851 207.637100 ) 
3 1712 1734 (-5026.288574 -865.768555 190.372360 ) (-5025.356934 -866.212585 190.252792 ) (-5026.416016 -866.496460 190.419907 ) 
4 1712 1718 (-5031.089844 -880 195.682037 ) (-5025.290039 -880 195.682037 ) (-5027.317383 -880 204.834244 ) (-5037.269043 -880 207.424026 ) 
4 1712 1714 (-5016.079590 -869.805176 192.163040 ) (-5016.079102 -870.635742 189.062851 ) (-5026.289063 -865.768860 190.373383 ) (-5026.577148 -865.473633 191 ) 
3 1712 1713 (-5037.266113 -867.477966 210.777252 ) (-5037.266113 -864 211.708984 ) (-5029.944336 -864 197.797241 ) 
4 1713 1743 (-5070.142578 -869.617493 218.759995 ) (-5067.733887 -864 219.638046 ) (-5062.506348 -864 200.474121 ) (-5062.505859 -864.490356 199.625076 ) 
5 1714 1734 (-5025.978027 -864 190.256851 ) (-5020.940430 -864 189.515350 ) (-5019.558594 -864.658691 189.337982 ) (-5025.356934 -866.212585 190.252792 ) (-5026.288574 -865.768555 190.372360 ) 
4 1714 1716 (-5020.865723 -864 189.641663 ) (-5020.281250 -864 190.605850 ) (-5016.080078 -865.733154 191.071289 ) (-5016.080078 -865.974487 190.170792 ) 
4 1714 1715 (-5020.941406 -864 189.516434 ) (-5020.865723 -864 189.641663 ) (-5013.437500 -867.064880 190.462982 ) (-5013.437500 -867.576538 188.553223 ) 
3 1715 1734 (-5020.940430 -864 189.515350 ) (-5017.100586 -864 188.950165 ) (-5019.558594 -864.658691 189.337982 ) 
3 1715 1716 (-5014.330566 -864 189.640701 ) (-5020.867188 -864 189.640625 ) (-5016.080566 -865.975281 190.169952 ) 
5 1717 1747 (-5075.450684 -882 216.824478 ) (-5082.064941 -882 241.069962 ) (-5082 -881.843750 241.101563 ) (-5080.840820 -880 240.037430 ) (-5074.593750 -880 217.137146 ) 
5 1717 1722 (-5082.064453 -882 241.069977 ) (-5075.450195 -882 216.824387 ) (-5028.941406 -882 204.721100 ) (-5034.386719 -882 229.303986 ) (-5075.813965 -882 240.084045 ) 
3 1717 1721 (-5034.386719 -882 229.303986 ) (-5035.361328 -882 233.703064 ) (-5075.813965 -882 240.084045 ) 
4 1717 1718 (-5037.268555 -880 207.423035 ) (-5027.320313 -880 204.833984 ) (-5028.948730 -882 204.721985 ) (-5037.268555 -882 206.887070 ) 
4 1718 1724 (-5029.135742 -882 191.434479 ) (-5025.892578 -882 190.957077 ) (-5028.941406 -882 204.721100 ) (-5037.269043 -882 206.888214 ) 
4 1718 1719 (-5031.086914 -880 195.681946 ) (-5028.782227 -880 191.302368 ) (-5029.132813 -882 191.432983 ) (-5035.296875 -882 203.145630 ) 
3 1719 1748 (-5069.384766 -880.432434 197.295822 ) (-5070.171875 -882 197.473618 ) (-5071.719238 -882 203.145676 ) 
5 1719 1736 (-5070.175293 -882 197.473190 ) (-5069.388184 -880.432312 197.295380 ) (-5058.542969 -880 195.681976 ) (-5037.477051 -880 192.581284 ) (-5036.944824 -882 192.582001 ) 
4 1719 1725 (-5071.718750 -882 203.145676 ) (-5070.171875 -882 197.474609 ) (-5029.135742 -882 191.434479 ) (-5035.299316 -882 203.145752 ) 
3 1720 1893 (-5120 -1019.445313 210.235916 ) (-5120 -973.144165 222.638809 ) (-5120 -981.196350 208.725388 ) 
5 1720 1796 (-4947.082031 -1000.630371 188 ) (-4970.310059 -1014.308350 188 ) (-4997.307129 -913.689209 188 ) (-4964.687500 -882 188 ) (-4964.369629 -882 188 ) 
5 1720 1747 (-5106.207031 -953.740356 205.610870 ) (-5120 -981.200195 208.725555 ) (-5120 -973.148621 222.637390 ) (-5086.417969 -892.458923 238.954895 ) (-5077.314453 -886.347290 216.144958 ) 
5 1720 1731 (-5120 -981.191345 208.724335 ) (-5106.213867 -953.745728 205.611206 ) (-4997.311523 -913.693787 188 ) (-4970.314941 -1014.310669 188 ) (-5120 -1019.446350 210.235168 ) 
4 1720 1726 (-4964.370117 -882 188 ) (-4957.888672 -882 199.919937 ) (-4947.089355 -886.964661 218.449234 ) (-4947.082520 -1000.630432 188 ) 
4 1720 1725 (-5037.271484 -928.390930 194.462997 ) (-5106.211426 -953.745789 205.611679 ) (-5077.316895 -886.347717 216.146576 ) (-5037.270020 -883.742371 206.422913 ) 
5 1720 1724 (-5010.487305 -882 199.919876 ) (-4964.683105 -882 188 ) (-4997.306152 -913.692444 188 ) (-5037.271484 -928.390930 194.462997 ) (-5037.270020 -883.742371 206.422913 ) 
4 1720 1723 (-4953.374512 -884.076233 207.666946 ) (-4957.890625 -882 199.917969 ) (-4958.289551 -882 199.917969 ) (-4953.721191 -884.098755 207.751099 ) 
6 1720 1722 (-4984.742188 -882 199.918015 ) (-5010.485840 -882 199.918045 ) (-5077.316895 -886.347839 216.145096 ) (-5086.419922 -892.459473 238.955200 ) (-5075.821777 -892.041565 237.395386 ) (-4968.889160 -885.085510 211.433716 ) 
3 1720 1721 (-4947.090820 -886.965210 218.449249 ) (-4953.374512 -884.076233 207.666946 ) (-5075.821777 -892.041565 237.395386 ) 
3 1721 1727 (-4951.068848 -882 212.461639 ) (-4948.859375 -882 216.524811 ) (-4948.859375 -883.015686 216.252716 ) 
5 1721 1726 (-4953.373535 -882 208.223038 ) (-4951.068848 -882 212.461639 ) (-4947.089844 -883.829224 219.289169 ) (-4947.089355 -886.964661 218.449234 ) (-4953.373535 -884.075684 207.666840 ) 
4 1721 1723 (-4953.378906 -884.074707 207.667969 ) (-4953.721191 -884.096985 207.751053 ) (-4953.721191 -882 208.313644 ) (-4953.378906 -882 208.224609 ) 
4 1721 1722 (-4968.889648 -885.083679 211.433777 ) (-5075.827148 -892.040100 237.396606 ) (-5075.814453 -882 240.084091 ) (-4968.888672 -882 212.260513 ) 
4 1722 1747 (-5086.417969 -892.458923 238.954895 ) (-5082.064941 -882 241.069962 ) (-5075.450684 -882 216.824478 ) (-5077.314453 -886.347290 216.144958 ) 
4 1722 1725 (-5037.270020 -882.936096 206.638885 ) (-5037.270020 -883.742371 206.422913 ) (-5077.316895 -886.347717 216.146576 ) (-5076.961426 -885.518616 216.276184 ) 
3 1722 1724 (-5037.270020 -882 206.889603 ) (-5010.487305 -882 199.919876 ) (-5037.270020 -883.742371 206.422913 ) 
3 1723 1726 (-4957.888672 -882 199.919937 ) (-4953.373535 -882 208.223038 ) (-4953.373535 -884.075684 207.666840 ) 
3 1724 1796 (-4997.307129 -913.689209 188 ) (-5005.809570 -882 188 ) (-4964.687500 -882 188 ) 
5 1724 1731 (-5022.461426 -882 190.450150 ) (-5005.815430 -882 188 ) (-4997.311523 -913.693787 188 ) (-5037.270996 -928.389954 194.462051 ) (-5029.464355 -883.876282 191.554977 ) 
4 1724 1725 (-5037.271484 -928.406250 194.462891 ) (-5037.269531 -882.937256 206.643448 ) (-5035.296875 -882 203.145691 ) (-5029.132813 -882 191.432983 ) 
4 1725 1748 (-5070.171875 -882 197.473618 ) (-5106.207031 -953.740356 205.610870 ) (-5076.958984 -885.518127 216.274567 ) (-5071.719238 -882 203.145676 ) 
4 1725 1736 (-5077.595703 -896.772461 199.148819 ) (-5070.175293 -882 197.473190 ) (-5036.944336 -882 192.581879 ) (-5035.980957 -885.622253 192.583084 ) 
4 1725 1731 (-5106.213867 -953.745728 205.611206 ) (-5077.595703 -896.772461 199.148819 ) (-5029.464355 -883.876282 191.554977 ) (-5037.270996 -928.389954 194.462051 ) 
4 1726 1796 (-4862.959473 -882 188 ) (-4873.973633 -957.579956 188 ) (-4947.082031 -1000.630371 188 ) (-4964.369629 -882 188 ) 
3 1726 1727 (-4945.507813 -882 212.468689 ) (-4951.062500 -882 212.468750 ) (-4948.857910 -883.013428 216.251404 ) 
3 1728 1729 (-5035.170898 -861.923462 190.046417 ) (-5037.649902 -861.375183 188 ) (-5053.637695 -854.303162 188 ) 
4 1729 1733 (-5011.327148 -861.374878 188 ) (-5025.096191 -861.924011 190.048386 ) (-5025.576172 -861.924011 190.048294 ) (-5024.420410 -861.375122 188 ) 
3 1730 1731 (-5014.993164 -880 189.272797 ) (-5014.992188 -880 188 ) (-5006.345703 -880 188 ) 
3 1731 2122 (-5120 -1024 209.015839 ) (-5120 -1024 188 ) (-4986.768555 -1024 188 ) 
5 1731 1893 (-5120 -993.190918 188 ) (-5120 -1024 188 ) (-5120 -1024 209.015839 ) (-5120 -1019.445313 210.235916 ) (-5120 -981.196350 208.725388 ) 
5 1731 1799 (-5047.352051 -1024 188 ) (-5120 -1024 188 ) (-5120 -993.190918 188 ) (-5074.114258 -895.841797 188 ) (-5027.520020 -883.355896 188 ) 
6 1731 1796 (-4986.768555 -1024 188 ) (-5047.352051 -1024 188 ) (-5027.520020 -883.355896 188 ) (-5014.996582 -880 188 ) (-5006.346191 -880 188 ) (-4970.310059 -1014.308350 188 ) 
5 1731 1748 (-5074.111816 -895.841248 188 ) (-5120 -993.195313 188 ) (-5120 -985.913391 200.581955 ) (-5106.207031 -953.740479 205.610901 ) (-5077.591797 -896.771484 199.149109 ) 
3 1731 1747 (-5120 -985.913391 200.581955 ) (-5120 -981.200195 208.725555 ) (-5106.207031 -953.740479 205.610901 ) 
4 1731 1736 (-5077.593750 -896.772461 199.153320 ) (-5036.026367 -885.634827 192.595032 ) (-5018.367188 -880.903503 188 ) (-5074.112793 -895.841858 188 ) 
3 1732 1746 (-5065.674805 -877.941467 188 ) (-5066.645020 -880 188 ) (-5068.740723 -880 195.681992 ) 
5 1732 1736 (-5037.492676 -880 192.585175 ) (-5058.532715 -880 195.682037 ) (-5068.741699 -880 195.682068 ) (-5066.646484 -880 188 ) (-5018.608887 -880 188 ) 
3 1732 1735 (-5027.987305 -878.526611 190.181503 ) (-5019.158691 -877.942017 188 ) (-5026.756348 -877.942017 188 ) 
4 1733 1734 (-5017.101074 -864 188.951096 ) (-5025.979004 -864 190.257843 ) (-5024.791016 -864 188 ) (-5017.100098 -864 188 ) 
3 1734 1735 (-5025.522949 -866.256165 188.786362 ) (-5025.092773 -866.141113 188 ) (-5022.500488 -865.446350 188 ) 
4 1736 1799 (-5074.114258 -895.841797 188 ) (-5066.646973 -880 188 ) (-5027.046387 -880 188 ) (-5027.519531 -883.355835 188 ) 
4 1736 1797 (-5027.046387 -880 188 ) (-5018.608887 -880 188 ) (-5018.367188 -880.903198 188 ) (-5027.519531 -883.355835 188 ) 
5 1736 1748 (-5066.645020 -880 188 ) (-5074.111816 -895.841248 188 ) (-5077.591797 -896.771484 199.149109 ) (-5069.384766 -880.432434 197.295837 ) (-5068.740723 -880 195.681992 ) 
4 1737 1897 (-5120 -862 194.134216 ) (-5120 -862 229.651230 ) (-5120 -846 220.416290 ) (-5120 -846 194.133286 ) 
4 1737 1741 (-5062.507324 -860.638977 206.287781 ) (-5062.505859 -861.939331 204.036499 ) (-5105.579590 -846 194.840744 ) (-5096.781250 -846 202.358765 ) 
4 1737 1740 (-5062.516113 -850.858459 223.221176 ) (-5062.507324 -860.638977 206.287781 ) (-5096.781250 -846 202.358765 ) (-5075.646973 -846 220.416809 ) 
3 1737 1738 (-5081.867188 -861.462402 188.323242 ) (-5088.414551 -861.729980 189.321030 ) (-5088.415527 -857.655457 189.320816 ) 
6 1737 1739 (-5095.023926 -862 190.328323 ) (-5078.429688 -862 190.329559 ) (-5062.508789 -862 203.933762 ) (-5069.524414 -862 229.651794 ) (-5120 -862 229.651199 ) (-5120 -862 194.134262 ) 
3 1739 1899 (-5120 -862 190.326050 ) (-5120 -863.020386 194.134308 ) (-5120 -862 194.134216 ) 
5 1739 1897 (-5120 -863.020386 194.134308 ) (-5120 -864 197.790558 ) (-5120 -864 230.805603 ) (-5120 -862 229.651230 ) (-5120 -862 194.134216 ) 
6 1739 1743 (-5062.505859 -864 200.473984 ) (-5070.780273 -864 230.806152 ) (-5120 -864 230.805573 ) (-5120 -864 201.740341 ) (-5112.429199 -864 197.791122 ) (-5065.641602 -864 197.794647 ) 
3 1740 1742 (-5063.722656 -846 202.359177 ) (-5062.236816 -846 202.359207 ) (-5062.517090 -846.497375 202.492676 ) 
4 1740 1741 (-5062.509766 -860.639771 206.287689 ) (-5096.781738 -846 202.358444 ) (-5063.722656 -846 202.359177 ) (-5056.221191 -849.095398 203.189972 ) 
4 1741 1742 (-5063.721191 -846 202.360199 ) (-5062.517090 -846.496765 202.493530 ) (-5062.514160 -848.207397 196.112198 ) (-5068.275879 -846 194.838669 ) 
4 1743 1926 (-5120 -864 229.433716 ) (-5120 -864 201.740341 ) (-5120 -865.058289 201.740341 ) (-5120 -871.910339 227.313736 ) 
4 1743 1909 (-5120 -874.464233 236.845383 ) (-5120 -870.508362 234.562119 ) (-5120 -870.508362 227.689468 ) (-5120 -871.910339 227.313736 ) 
4 1743 1908 (-5120 -870.508362 234.562119 ) (-5120 -864 230.805603 ) (-5120 -864 229.433716 ) (-5120 -870.508362 227.689468 ) 
3 1743 1745 (-5082.854492 -870.445129 221.846359 ) (-5120 -872.862366 230.865387 ) (-5120 -871.910706 227.313629 ) 
4 1743 1744 (-5070.144531 -869.618042 218.760406 ) (-5077.362305 -874.463867 236.845657 ) (-5120 -874.464722 236.845642 ) (-5120 -872.862366 230.865387 ) 
4 1744 1909 (-5120 -880 228.953430 ) (-5120 -880 240.040543 ) (-5120 -874.464233 236.845383 ) (-5120 -872.862000 230.865494 ) 
4 1744 1747 (-5074.594727 -880 217.137466 ) (-5080.843262 -880 240.040985 ) (-5120 -880 240.040512 ) (-5120 -880 228.953400 ) 
4 1744 1745 (-5082.819824 -880 219.280212 ) (-5120 -880 228.955475 ) (-5120 -872.862305 230.866562 ) (-5082.843750 -870.444275 221.844864 ) 
4 1745 1909 (-5120 -880 225.145676 ) (-5120 -880 228.953430 ) (-5120 -872.862000 230.865494 ) (-5120 -871.910339 227.313736 ) 
3 1745 1749 (-5082.842285 -880 219.283691 ) (-5120 -880 228.953400 ) (-5120 -880 225.145706 ) 
4 1746 1748 (-5066.645508 -880 188 ) (-5068.741211 -880 195.682053 ) (-5108.386230 -880 195.682007 ) (-5093.660156 -880 188 ) 
4 1747 1936 (-5120 -880 229.964294 ) (-5120 -880 228.953430 ) (-5120 -888.318604 226.725098 ) (-5120 -888.571228 227.667725 ) 
5 1747 1933 (-5120 -892.978088 244.113235 ) (-5120 -888.933350 245.196716 ) (-5120 -880 240.040543 ) (-5120 -880 229.964294 ) (-5120 -888.571228 227.667725 ) 
4 1747 1893 (-5120 -985.908508 200.583252 ) (-5120 -973.144165 222.638809 ) (-5120 -892.978088 244.113235 ) (-5120 -888.318604 226.725098 ) 
4 1747 1749 (-5120 -880 228.952560 ) (-5082.851074 -880 219.285110 ) (-5082.843750 -885.900818 217.702454 ) (-5120 -888.318420 226.724274 ) 
3 1747 1748 (-5076.960938 -885.518066 216.274124 ) (-5120 -985.908936 200.582275 ) (-5120 -888.318420 226.724274 ) 
5 1748 1893 (-5120 -880 188 ) (-5120 -993.190918 188 ) (-5120 -985.908508 200.583252 ) (-5120 -888.318604 226.725098 ) (-5120 -880 195.682053 ) 
3 1748 1799 (-5120 -993.190918 188 ) (-5120 -880 188 ) (-5066.646484 -880 188 ) 
3 1748 1749 (-5120 -888.318604 226.723648 ) (-5082.849609 -885.901489 217.703232 ) (-5120 -887.366699 223.171387 ) 
4 1749 1936 (-5120 -888.318604 226.725098 ) (-5120 -880 228.953430 ) (-5120 -880 225.145676 ) (-5120 -887.366333 223.171463 ) 
4 1750 1761 (-5047.418945 -817.414063 203.917969 ) (-5048.713867 -822.024536 195.929108 ) (-5045.534668 -816.387756 194.417053 ) (-5044.285645 -812.258301 200.942368 ) 
3 1751 1758 (-4866.888672 -818.663635 198.013245 ) (-4866.888672 -820.160278 192.427338 ) (-4873.721680 -821.819214 192.871841 ) 
5 1751 1757 (-4880.788574 -823.534912 193.331558 ) (-4868.204590 -817.422180 203.924652 ) (-4866.888672 -817.125610 203.753479 ) (-4866.888672 -818.663635 198.013245 ) (-4873.721680 -821.819214 192.871841 ) 
5 1752 1757 (-4918.783691 -807.534607 189.044342 ) (-4917.664063 -803.564026 195.925308 ) (-4926.083496 -817.419617 203.922424 ) (-4927.375977 -822.003174 195.980209 ) (-4925.640137 -819.690491 192.301468 ) 
5 1752 1756 (-4923.610840 -816.977905 188 ) (-4926.792969 -821.217224 194.743866 ) (-4928.215820 -814.998840 193.077545 ) (-4928.214355 -807.651794 188.836243 ) (-4927.388672 -808.134644 188 ) 
4 1752 1755 (-4926.792969 -821.217224 194.743866 ) (-4927.378906 -821.998169 195.986145 ) (-4928.216797 -821.508118 196.835205 ) (-4928.215820 -814.998840 193.077545 ) 
4 1752 1753 (-4930.200195 -820.348206 198.844696 ) (-4935.210938 -817.417969 203.921417 ) (-4935.208984 -803.560059 195.922882 ) (-4930.198242 -806.491272 190.846237 ) 
4 1753 1759 (-4977.422852 -822.023254 195.932358 ) (-4975.382324 -817.414185 203.918823 ) (-4962.153809 -803.554077 195.919144 ) (-4963.246582 -806.022888 191.640564 ) 
3 1753 1755 (-4932.421875 -821.186890 197.391205 ) (-4935.934082 -822.513672 195.091782 ) (-4932.420410 -812.602234 192.435532 ) 
3 1753 1754 (-4930.258789 -806.515259 190.804672 ) (-4932.755859 -813.560791 192.692886 ) (-4936.867188 -806.513306 190.804520 ) 
5 1754 1756 (-4935.559570 -809.665894 188 ) (-4934.545410 -808.132507 188 ) (-4932.419922 -807.329895 189.391907 ) (-4932.420410 -812.602478 192.435608 ) (-4932.758789 -813.556580 192.691299 ) 
3 1755 1757 (-4927.375977 -822.003174 195.980209 ) (-4927.520508 -822.515808 195.091904 ) (-4926.793945 -821.227722 194.746674 ) 
6 1755 1756 (-4932.755371 -813.561462 192.692673 ) (-4932.417969 -812.609375 192.437500 ) (-4928.217773 -815.003052 193.078720 ) (-4926.794434 -821.224670 194.745911 ) (-4927.521973 -822.514404 195.091583 ) (-4927.533203 -822.514404 195.091583 ) 
5 1756 1757 (-4927.520508 -822.515808 195.091904 ) (-4927.526367 -822.536316 195.056351 ) (-4927.526367 -823.034302 193.197403 ) (-4925.640137 -819.690552 192.301468 ) (-4926.793945 -821.227722 194.746674 ) 
4 1757 1758 (-4866.883789 -818.666138 198.015686 ) (-4873.718750 -821.822632 192.872772 ) (-4875.796875 -816 191.312607 ) (-4871.503906 -816 194.541718 ) 
4 1759 1761 (-5025.122559 -822.023987 195.930145 ) (-5025.124023 -817.413940 203.918030 ) (-5020.697754 -812.930115 201.330078 ) (-5020.697754 -816.849243 194.542114 ) 
4 1759 1760 (-5016.076172 -808.248230 198.627838 ) (-5013.397949 -805.535217 197.061966 ) (-5013.397461 -808.311829 192.252106 ) (-5016.076172 -811.444519 193.092392 ) 
3 1762 1763 (-5116.533203 -608 200.808533 ) (-5107.471191 -608 188 ) (-5101.627930 -616.266785 188 ) 
3 1763 1939 (-5120 -608 188 ) (-5120 -618.793396 188 ) (-5120 -608 201.400406 ) 
4 1764 1785 (-4352 -472 188 ) (-4368 -472 188 ) (-4368 -472 176 ) (-4352 -472 176 ) 
4 1764 1784 (-4256 -472 188 ) (-4352 -472 188 ) (-4352 -472 176 ) (-4256 -472 176 ) 
4 1764 1771 (-4256 -472 176 ) (-4368 -472 176 ) (-4368 -400 176 ) (-4256 -400 176 ) 
4 1764 1767 (-4368 -400 176 ) (-4368 -472 176 ) (-4368 -472 188 ) (-4368 -400 188 ) 
4 1765 1772 (-4496 -354 176 ) (-4496 0 176 ) (-4368 0 176 ) (-4368 -354 176 ) 
4 1765 1766 (-4496 -354 188 ) (-4496 -354 176 ) (-4368 -354 176 ) (-4368 -354 188 ) 
4 1766 1773 (-4496 -358 176 ) (-4496 -354 176 ) (-4368 -354 176 ) (-4368 -358 176 ) 
4 1766 1767 (-4496 -358 188 ) (-4496 -358 176 ) (-4368 -358 176 ) (-4368 -358 188 ) 
4 1767 1785 (-4368 -472 188 ) (-4496 -472 188 ) (-4496 -472 176 ) (-4368 -472 176 ) 
4 1767 1774 (-4368 -472 176 ) (-4496 -472 176 ) (-4496 -358 176 ) (-4368 -358 176 ) 
4 1768 1943 (-5120 -80 176 ) (-5120 -197.470001 176 ) (-5120 -213.511017 188 ) (-5120 -80 188 ) 
4 1768 1942 (-5120 -42.023262 176 ) (-5120 -80 176 ) (-5120 -80 188 ) (-5120 -42.015350 188 ) 
6 1768 1783 (-5120 -197.470001 176 ) (-5120 -42.023254 176 ) (-5064.005859 0 176 ) (-5048 0 176 ) (-5032 -32 176 ) (-5032 -197.470001 176 ) 
4 1768 1770 (-5077.714844 -10.288033 176 ) (-5120 -42.022461 176 ) (-5120 -42.014473 188 ) (-5077.719727 -10.283342 188 ) 
4 1768 1769 (-5064.006836 0 176 ) (-5068.270020 -3.199606 176 ) (-5068.272461 -3.193115 188 ) (-5064.017578 0 188 ) 
3 1769 1783 (-5069.330078 0 176 ) (-5064.005859 0 176 ) (-5068.270020 -3.200214 176 ) 
4 1770 1942 (-5120 -16 176 ) (-5120 -42.023262 176 ) (-5120 -42.015350 188 ) (-5120 -16 188 ) 
5 1770 1783 (-5120 -42.023254 176 ) (-5120 -16 176 ) (-5104 0 176 ) (-5088 0 176 ) (-5077.714844 -10.288352 176 ) 
4 1771 1808 (-4352 -472 144 ) (-4368 -472 144 ) (-4368 -400 144 ) (-4352 -400 144 ) 
4 1771 1805 (-4256 -472 144 ) (-4352 -472 144 ) (-4352 -400 144 ) (-4256 -400 144 ) 
4 1771 1786 (-4352 -472 144 ) (-4256 -472 144 ) (-4256 -472 176 ) (-4352 -472 176 ) 
4 1771 1787 (-4368 -472 144 ) (-4352 -472 144 ) (-4352 -472 176 ) (-4368 -472 176 ) 
4 1771 1774 (-4368 -400 144 ) (-4368 -472 144 ) (-4368 -472 176 ) (-4368 -400 176 ) 
4 1772 1802 (-4496 0 144 ) (-4368 0 144 ) (-4368 -354 144 ) (-4496 -354 144 ) 
4 1772 1773 (-4496 -354 176 ) (-4496 -354 144 ) (-4368 -354 144 ) (-4368 -354 176 ) 
4 1773 1803 (-4368 -354 144 ) (-4368 -358 144 ) (-4496 -358 144 ) (-4496 -354 144 ) 
4 1773 1774 (-4496 -358 176 ) (-4496 -358 144 ) (-4368 -358 144 ) (-4368 -358 176 ) 
4 1774 1808 (-4368 -400 144 ) (-4368 -472 144 ) (-4496 -472 144 ) (-4496 -400 144 ) 
4 1774 1804 (-4368 -358 144 ) (-4368 -400 144 ) (-4496 -400 144 ) (-4496 -358 144 ) 
4 1774 1787 (-4496 -472 144 ) (-4368 -472 144 ) (-4368 -472 176 ) (-4496 -472 176 ) 
4 1775 1812 (-4900 0 144 ) (-4512 0 144 ) (-4512 -80 144 ) (-4900 -80 144 ) 
4 1776 1814 (-4684 -272 144 ) (-4900 -272 144 ) (-4900 -88 144 ) (-4684 -88 144 ) 
4 1777 1783 (-5032 -132 176 ) (-5032 0 176 ) (-5032 0 160 ) (-5032 -132 160 ) 
4 1777 1780 (-5032 -132 160 ) (-5032 0 160 ) (-4936 0 160 ) (-4936 -132 160 ) 
3 1777 1778 (-5032 -132 176 ) (-5032 -132 160 ) (-5022.399902 -132 160 ) 
4 1778 1783 (-5032 -160 176 ) (-5032 -132 176 ) (-5032 -132 160 ) (-5032 -168 160 ) 
4 1778 1781 (-5032 -160 160 ) (-5032 -132 160 ) (-5022.399902 -132 160 ) (-5022.399902 -160 160 ) 
4 1779 1816 (-4936 0 144 ) (-4908 0 144 ) (-4908 -132 144 ) (-4936 -132 144 ) 
4 1779 1782 (-4908 -132 144 ) (-4908 -132 156 ) (-4936 -132 156 ) (-4936 -132 144 ) 
4 1779 1780 (-4936 0 144 ) (-4936 -132 144 ) (-4936 -132 156 ) (-4936 0 156 ) 
4 1780 1819 (-5032 0 144 ) (-5028 0 144 ) (-5028 -132 144 ) (-5032 -132 144 ) 
4 1780 1816 (-5028 0 144 ) (-4936 0 144 ) (-4936 -132 144 ) (-5028 -132 144 ) 
4 1780 1783 (-5032 0 144 ) (-5032 -132 144 ) (-5032 -132 160 ) (-5032 0 160 ) 
4 1780 1781 (-5022.399902 -132 160 ) (-5032 -132 160 ) (-5032 -132 156 ) (-5020 -132 156 ) 
4 1780 1782 (-5032 -132 156 ) (-5032 -132 144 ) (-4936 -132 144 ) (-4936 -132 156 ) 
4 1781 1783 (-5032 -160 156 ) (-5032 -160 160 ) (-5032 -132 160 ) (-5032 -132 156 ) 
4 1781 1782 (-5020 -160 156 ) (-5032 -160 156 ) (-5032 -132 156 ) (-5020 -132 156 ) 
4 1782 1819 (-5028 -160 144 ) (-5032 -160 144 ) (-5032 -132 144 ) (-5028 -132 144 ) 
4 1782 1816 (-4908 -132 144 ) (-4908 -160 144 ) (-5028 -160 144 ) (-5028 -132 144 ) 
5 1782 1783 (-5032 -132 144 ) (-5032 -154.694000 144 ) (-5032 -160 147.969330 ) (-5032 -160 156 ) (-5032 -132 156 ) 
4 1783 1949 (-5120 -132 144 ) (-5120 -154.694000 144 ) (-5120 -176.082001 160 ) (-5120 -132 160 ) 
4 1783 1948 (-5120 -176.082001 160 ) (-5120 -197.470001 176 ) (-5120 -132 176 ) (-5120 -132 160 ) 
4 1783 1947 (-5120 0 176 ) (-5120 0 144 ) (-5120 -132 144 ) (-5120 -132 176 ) 
4 1783 1821 (-5120 0 144 ) (-5032 0 144 ) (-5032 -143.652969 144 ) (-5120 -143.652969 144 ) 
4 1783 1820 (-5032 -143.652969 144 ) (-5032 -154.694000 144 ) (-5120 -154.694031 144 ) (-5120 -143.652969 144 ) 
4 1784 1786 (-4352 -528 176 ) (-4352 -472 176 ) (-4256 -472 176 ) (-4256 -528 176 ) 
4 1784 1785 (-4352 -472 188 ) (-4352 -472 176 ) (-4352 -528 176 ) (-4352 -528 188 ) 
4 1785 1791 (-4352 -584 188 ) (-4496 -584 188 ) (-4496 -584 176 ) (-4352 -584 176 ) 
4 1785 1787 (-4352 -584 176 ) (-4496 -584 176 ) (-4496 -472 176 ) (-4352 -472 176 ) 
4 1786 1805 (-4352 -528 144 ) (-4352 -472 144 ) (-4256 -472 144 ) (-4256 -528 144 ) 
4 1786 1787 (-4352 -528 176 ) (-4352 -472 176 ) (-4352 -472 144 ) (-4352 -528 144 ) 
4 1787 1808 (-4352 -584 144 ) (-4496 -584 144 ) (-4496 -472 144 ) (-4352 -472 144 ) 
4 1787 1791 (-4496 -584 144 ) (-4352 -584 144 ) (-4352 -584 176 ) (-4496 -584 176 ) 
4 1788 1954 (-5120 -488.003204 144 ) (-5120 -571.090454 144 ) (-5120 -571.089661 176 ) (-5120 -488.003174 176 ) 
4 1788 1944 (-5120 -571.089661 176 ) (-5120 -571.089355 188 ) (-5120 -488.003174 188 ) (-5120 -488.003174 176 ) 
8 1788 1868 (-5120 -571.090454 144 ) (-5120 -488.003204 144 ) (-5097.769531 -473.182007 144 ) (-5001.669922 -483.298004 144 ) (-4983.880371 -520.652588 144 ) (-4993.709961 -576.328064 144 ) (-5014.350098 -582.846985 144 ) (-5099.490723 -580.414917 144 ) 
4 1789 1806 (-4352 -880 144 ) (-4352 -784 144 ) (-4256 -784 144 ) (-4256 -880 144 ) 
4 1789 1792 (-4352 -784 144 ) (-4352 -880 144 ) (-4352 -880 188 ) (-4352 -784 188 ) 
4 1789 1790 (-4352 -880 188 ) (-4352 -880 144 ) (-4256 -880 144 ) (-4256 -880 188 ) 
4 1790 2120 (-4256 -1024 188 ) (-4352 -1024 188 ) (-4352 -1024 144 ) (-4256 -1024 144 ) 
4 1790 1807 (-4256 -1024 144 ) (-4352 -1024 144 ) (-4352 -880 144 ) (-4256 -880 144 ) 
4 1790 1793 (-4352 -880 144 ) (-4352 -1024 144 ) (-4352 -1024 188 ) (-4352 -880 188 ) 
4 1791 1808 (-4496 -700 144 ) (-4496 -584 144 ) (-4352 -584 144 ) (-4352 -700 144 ) 
4 1791 1792 (-4496 -700 188 ) (-4496 -700 144 ) (-4352 -700 144 ) (-4352 -700 188 ) 
4 1792 1809 (-4496 -880 144 ) (-4496 -700 144 ) (-4352 -700 144 ) (-4352 -880 144 ) 
4 1792 1793 (-4496 -880 188 ) (-4496 -880 144 ) (-4352 -880 144 ) (-4352 -880 188 ) 
4 1793 2120 (-4352 -1024 188 ) (-4496 -1024 188 ) (-4496 -1024 144 ) (-4352 -1024 144 ) 
4 1793 1810 (-4352 -1024 144 ) (-4496 -1024 144 ) (-4496 -880 144 ) (-4352 -880 144 ) 
4 1793 1794 (-4496 -880 144 ) (-4496 -1024 144 ) (-4496 -1024 188 ) (-4496 -880 188 ) 
4 1794 2121 (-4496 -1024 188 ) (-4512 -1024 188 ) (-4512 -1024 144 ) (-4496 -1024 144 ) 
4 1794 1811 (-4496 -1024 144 ) (-4512 -1024 144 ) (-4512 -880 144 ) (-4496 -880 144 ) 
4 1794 1800 (-4512 -880 144 ) (-4512 -1024 144 ) (-4512 -1024 176 ) (-4512 -880 176 ) 
4 1794 1795 (-4512 -1024 176 ) (-4512 -1024 188 ) (-4512 -880 188 ) (-4512 -880 176 ) 
4 1795 2121 (-4512 -1024 188 ) (-4832 -1024 188 ) (-4832 -1024 176 ) (-4512 -1024 176 ) 
4 1795 1800 (-4512 -880 176 ) (-4512 -1024 176 ) (-4832 -1024 176 ) (-4832 -880 176 ) 
4 1795 1798 (-4832 -880 176 ) (-4832 -1024 176 ) (-4832 -1024 184 ) (-4832 -880 184 ) 
4 1795 1796 (-4832 -1024 184 ) (-4832 -1024 188 ) (-4832 -880 188 ) (-4832 -880 184 ) 
4 1796 2124 (-4832 -1024 188 ) (-4919.124023 -1024 188 ) (-4921.076172 -1024 184 ) (-4832 -1024 184 ) 
4 1796 2122 (-4919.124023 -1024 188 ) (-5047.352051 -1024 188 ) (-5045.247070 -1024 184 ) (-4921.076172 -1024 184 ) 
4 1796 1799 (-5025.329590 -882.769897 184 ) (-5045.244629 -1024 184 ) (-5047.350586 -1024 188 ) (-5027.518555 -883.355591 188 ) 
5 1796 1798 (-5045.250977 -1024 184 ) (-5025.336426 -882.771606 184 ) (-5014.993652 -880 184 ) (-4832 -880 184 ) (-4832 -1024 184 ) 
4 1796 1797 (-5014.993652 -880 184 ) (-5025.332520 -882.770508 184 ) (-5027.520508 -883.355957 188 ) (-5014.996582 -880 188 ) 
4 1797 1799 (-5024.938965 -880 184 ) (-5025.329590 -882.769897 184 ) (-5027.518555 -883.355591 188 ) (-5027.045410 -880 188 ) 
3 1797 1798 (-5025.336426 -882.771606 184 ) (-5024.945313 -880 184 ) (-5014.993652 -880 184 ) 
4 1798 2124 (-4924.981445 -1024 176 ) (-4832 -1024 176 ) (-4832 -1024 184 ) (-4921.076172 -1024 184 ) 
4 1798 2122 (-5045.247070 -1024 184 ) (-5041.036621 -1024 176 ) (-4924.981445 -1024 176 ) (-4921.076172 -1024 184 ) 
4 1798 1801 (-4832 -880 176 ) (-4832 -1024 176 ) (-5041.036621 -1024 176 ) (-5020.731445 -880 176 ) 
4 1798 1799 (-5020.728027 -880 176 ) (-5041.033203 -1024 176 ) (-5045.244629 -1024 184 ) (-5024.939453 -880 184 ) 
4 1799 2122 (-5047.352051 -1024 188 ) (-5120 -1024 188 ) (-5120 -1024 176 ) (-5041.036621 -1024 176 ) 
4 1799 1946 (-5120 -1024 176 ) (-5120 -1024 188 ) (-5120 -880 188 ) (-5120 -880 176 ) 
4 1799 1801 (-5120 -1024 176 ) (-5120 -880 176 ) (-5020.731445 -880 176 ) (-5041.036621 -1024 176 ) 
4 1800 2121 (-4832 -1024 144 ) (-4512 -1024 144 ) (-4512 -1024 176 ) (-4832 -1024 176 ) 
4 1800 1874 (-4512 -1024 144 ) (-4832 -1024 144 ) (-4832 -880 144 ) (-4512 -880 144 ) 
4 1800 1801 (-4832 -880 176 ) (-4832 -880 144 ) (-4832 -1024 144 ) (-4832 -1024 176 ) 
4 1801 2124 (-4940.603027 -1024 144 ) (-4832 -1024 144 ) (-4832 -1024 176 ) (-4924.981934 -1024 176 ) 
4 1801 2122 (-5120 -1024 176 ) (-5120 -1024 144 ) (-4940.603027 -1024 144 ) (-4924.981934 -1024 176 ) 
4 1801 1956 (-5120 -880 144 ) (-5120 -1024 144 ) (-5120 -1024 176 ) (-5120 -880 176 ) 
4 1801 1875 (-4832 -1024 144 ) (-5120 -1024 144 ) (-5120 -880 144 ) (-4832 -880 144 ) 
4 1802 1876 (-4496 -354 16 ) (-4496 0 16 ) (-4368 0 16 ) (-4368 -354 16 ) 
4 1802 1803 (-4496 -354 144 ) (-4496 -354 16 ) (-4368 -354 16 ) (-4368 -354 144 ) 
4 1803 1877 (-4496 -358 16 ) (-4496 -354 16 ) (-4368 -354 16 ) (-4368 -358 16 ) 
4 1803 1804 (-4496 -358 144 ) (-4496 -358 16 ) (-4368 -358 16 ) (-4368 -358 144 ) 
4 1804 1878 (-4496 -400 16 ) (-4496 -358 16 ) (-4368 -358 16 ) (-4368 -400 16 ) 
4 1804 1808 (-4496 -400 144 ) (-4496 -400 16 ) (-4368 -400 16 ) (-4368 -400 144 ) 
4 1805 1808 (-4352 -400 144 ) (-4352 -400 16 ) (-4352 -528 16 ) (-4352 -528 144 ) 
4 1806 1809 (-4352 -784 16 ) (-4352 -880 16 ) (-4352 -880 144 ) (-4352 -784 144 ) 
4 1806 1807 (-4352 -880 144 ) (-4352 -880 16 ) (-4256 -880 16 ) (-4256 -880 144 ) 
4 1807 2120 (-4256 -1024 144 ) (-4352 -1024 144 ) (-4352 -1024 16 ) (-4256 -1024 16 ) 
4 1807 1810 (-4352 -880 16 ) (-4352 -1024 16 ) (-4352 -1024 144 ) (-4352 -880 144 ) 
4 1808 1879 (-4496 -700 16 ) (-4496 -400 16 ) (-4352 -400 16 ) (-4352 -700 16 ) 
4 1808 1809 (-4496 -700 144 ) (-4496 -700 16 ) (-4352 -700 16 ) (-4352 -700 144 ) 
4 1809 1879 (-4496 -880 16 ) (-4496 -700 16 ) (-4352 -700 16 ) (-4352 -880 16 ) 
4 1809 1810 (-4496 -880 144 ) (-4496 -880 16 ) (-4352 -880 16 ) (-4352 -880 144 ) 
4 1810 2120 (-4352 -1024 144 ) (-4496 -1024 144 ) (-4496 -1024 16 ) (-4352 -1024 16 ) 
4 1810 1879 (-4352 -1024 16 ) (-4496 -1024 16 ) (-4496 -880 16 ) (-4352 -880 16 ) 
4 1810 1811 (-4496 -880 16 ) (-4496 -1024 16 ) (-4496 -1024 144 ) (-4496 -880 144 ) 
4 1811 2121 (-4496 -1024 144 ) (-4512 -1024 144 ) (-4512 -1024 16 ) (-4496 -1024 16 ) 
4 1811 1880 (-4496 -1024 16 ) (-4512 -1024 16 ) (-4512 -880 16 ) (-4496 -880 16 ) 
4 1811 1874 (-4512 -880 16 ) (-4512 -1024 16 ) (-4512 -1024 144 ) (-4512 -880 144 ) 
4 1812 1815 (-4900 0 28 ) (-4900 -50 28 ) (-4900 -50 132 ) (-4900 0 132 ) 
4 1812 1813 (-4804 -80 28 ) (-4748 -80 28 ) (-4748 -80 132 ) (-4804 -80 132 ) 
4 1813 1814 (-4804 -88 28 ) (-4748 -88 28 ) (-4748 -88 132 ) (-4804 -88 132 ) 
4 1815 1816 (-4908 0 28 ) (-4908 -50 28 ) (-4908 -50 132 ) (-4908 0 132 ) 
4 1816 1828 (-5028 -160 96.832520 ) (-5028 -160 115.686943 ) (-5028 -149.531906 133.817688 ) (-5028 -87.594650 96.799667 ) 
5 1816 1827 (-5028 -149.531906 133.817688 ) (-5028 -148.271912 136 ) (-5028 0 136 ) (-5028 0 96.759918 ) (-5028 -87.594650 96.799667 ) 
4 1816 1826 (-5028 -104.138206 96.807175 ) (-5028 -80.117226 96.796272 ) (-5028 -22.697403 63.644905 ) (-5028 -28.697556 53.252216 ) 
4 1816 1825 (-5028 -80.117226 96.796272 ) (-5028 0 96.759918 ) (-5028 0 54.955521 ) (-5028 -1.911716 51.644276 ) 
6 1816 1824 (-5028 -15.562519 28 ) (-5028 -97.317436 28 ) (-5028 -160 49.698349 ) (-5028 -160 96.832520 ) (-5028 -104.138206 96.807175 ) (-5028 -7.911758 41.251728 ) 
3 1816 1822 (-5028 -160 115.686943 ) (-5028 -160 136 ) (-5028 -148.271912 136 ) 
4 1816 1819 (-5028 -160 136 ) (-5028 -160 144 ) (-5028 0 144 ) (-5028 0 136 ) 
3 1816 1818 (-5028 0 28 ) (-5028 -15.562519 28 ) (-5028 0 54.955521 ) 
3 1816 1817 (-5028 -97.317436 28 ) (-5028 -160 28 ) (-5028 -160 49.698349 ) 
4 1817 1972 (-5120 0 31.161720 ) (-5120 0 28 ) (-5120 -90.538879 28 ) (-5120 -73.936768 56.755852 ) 
4 1817 1967 (-5120 -90.538879 28 ) (-5120 -160 28 ) (-5120 -160 86.547714 ) (-5120 -73.936768 56.755852 ) 
4 1817 1861 (-5103.428223 -10.043981 28 ) (-5112.108887 0 28 ) (-5116.935547 0 29.933353 ) (-5113.363770 -25.575998 37.356079 ) 
3 1817 1860 (-5093.952148 -21.008705 28 ) (-5103.428223 -10.043981 28 ) (-5118.874512 -34.190742 42.545372 ) 
4 1817 1857 (-5056 -64.922478 28 ) (-5066.530273 -52.738083 28 ) (-5066.530273 -78.737511 37 ) (-5056 -90.921844 37 ) 
4 1817 1855 (-5044.022461 -104.780777 37 ) (-5046.430176 -75.995560 28 ) (-5056 -64.922478 28 ) (-5056 -90.921844 37 ) 
4 1817 1858 (-5066.530273 -52.738083 28 ) (-5093.952148 -21.008705 28 ) (-5109.373047 -29.165138 37 ) (-5066.530273 -78.737511 37 ) 
7 1817 1854 (-5078.201660 -160 69.804832 ) (-5039.403809 -160 54.264870 ) (-5044.022461 -104.780777 37 ) (-5109.373047 -29.165138 37 ) (-5118.874512 -34.190701 42.545322 ) (-5120 -35.950436 43.605362 ) (-5120 -51.404491 48.954964 ) 
3 1817 1853 (-5120 -160 86.546570 ) (-5078.201660 -160 69.804832 ) (-5120 -51.404491 48.954964 ) 
4 1817 1824 (-5039.403809 -160 54.264870 ) (-5028 -160 49.697266 ) (-5028 -97.320587 28 ) (-5046.430176 -75.995560 28 ) 
3 1818 1825 (-5028 -1.917288 51.647495 ) (-5028 0 54.968338 ) (-5029.106934 0 50.540546 ) 
4 1818 1824 (-5034.742188 0 28 ) (-5028 -15.570165 28 ) (-5028 -7.917401 41.254986 ) (-5032.571289 0 36.683945 ) 
4 1819 1827 (-5028 0 136 ) (-5028 -148.271912 136 ) (-5032 -148.271912 136 ) (-5032 0 136 ) 
4 1819 1822 (-5028 -148.271912 136 ) (-5028 -160 136 ) (-5032 -160 136 ) (-5032 -148.271912 136 ) 
5 1819 1821 (-5032 0 136 ) (-5032 -141.419373 136 ) (-5032 -146.558762 138.967194 ) (-5032 -143.652985 144 ) (-5032 0 144 ) 
3 1819 1820 (-5032 -154.694000 144 ) (-5032 -143.652985 144 ) (-5032 -146.983353 138.231796 ) 
3 1820 1962 (-5120 -154.694000 144 ) (-5120 -143.652985 144 ) (-5120 -146.983353 138.231796 ) 
4 1820 1821 (-5032 -143.656250 144 ) (-5032 -146.560394 138.968140 ) (-5120 -146.560211 138.968033 ) (-5120 -143.655624 144 ) 
4 1821 1969 (-5120 0 144 ) (-5120 0 136 ) (-5120 -28.184378 136 ) (-5120 -23.567505 144 ) 
5 1821 1963 (-5120 -28.184378 136 ) (-5120 -141.419373 136 ) (-5120 -146.558762 138.967194 ) (-5120 -143.652985 144 ) (-5120 -23.567505 144 ) 
3 1821 1849 (-5120 -141.419373 136 ) (-5120 -111.943542 136 ) (-5054.243164 -141.419373 136 ) 
6 1821 1845 (-5120 -111.943542 136 ) (-5120 0 136 ) (-5050.802246 0 136 ) (-5032 -65.132645 136 ) (-5032 -141.419373 136 ) (-5054.243164 -141.419373 136 ) 
3 1821 1844 (-5050.802246 0 136 ) (-5032 0 136 ) (-5032 -65.132645 136 ) 
4 1822 1828 (-5028 -149.533005 133.818436 ) (-5028 -160 115.689598 ) (-5032 -160 115.689598 ) (-5032 -149.072998 134.615158 ) 
4 1822 1827 (-5032 -148.273438 136 ) (-5028 -148.273438 136 ) (-5028 -149.533005 133.818436 ) (-5032 -149.072998 134.615158 ) 
3 1822 1823 (-5032 -153.875549 126.283623 ) (-5032 -160 115.676071 ) (-5032 -160 121.272713 ) 
3 1823 1966 (-5120 -160 115.686951 ) (-5120 -160 121.272720 ) (-5120 -153.887436 126.273911 ) 
4 1823 1842 (-5032 -153.890350 126.271515 ) (-5032 -160 115.689598 ) (-5120 -160 115.689598 ) (-5120 -153.890350 126.271515 ) 
4 1824 1855 (-5044.013184 -40.640327 37 ) (-5046.424805 -43.054165 28 ) (-5046.428711 -76 28 ) (-5044.020996 -104.786530 37 ) 
4 1824 1854 (-5044.016113 -65.448029 37 ) (-5044.020996 -104.786530 37 ) (-5039.403320 -160 54.262234 ) (-5036.101563 -160 66.587334 ) 
6 1824 1843 (-5039.297852 -35.920628 54.597412 ) (-5041.694336 -38.319412 45.653542 ) (-5044.013672 -43.491745 37 ) (-5044.016113 -65.448029 37 ) (-5041.004395 -101.429497 48.259369 ) (-5032.388184 -82.211479 80.412933 ) 
4 1824 1842 (-5041.004395 -101.429497 48.259369 ) (-5036.101563 -160 66.587334 ) (-5032 -160 81.896759 ) (-5032 -81.346207 81.860611 ) 
3 1824 1841 (-5041.694336 -38.319412 45.653542 ) (-5044.013184 -40.640327 37 ) (-5044.013672 -43.491745 37 ) 
3 1824 1840 (-5039.627930 -33.710293 53.364807 ) (-5041.694824 -38.319458 45.653366 ) (-5039.297852 -35.920616 54.597450 ) 
5 1824 1832 (-5042.133789 -12.675423 44.001984 ) (-5044.092773 0 36.683945 ) (-5046.419434 0 28 ) (-5046.420410 -7.129891 28 ) (-5043.311523 -18.737917 39.608200 ) 
4 1824 1831 (-5039.073730 -32.474312 55.432690 ) (-5042.133789 -12.675423 44.001984 ) (-5043.311523 -18.737917 39.608200 ) (-5039.423828 -33.255390 54.125893 ) 
4 1824 1829 (-5046.420410 -7.129891 28 ) (-5046.424805 -43.054165 28 ) (-5041.694824 -38.319458 45.653366 ) (-5039.423828 -33.255390 54.125893 ) 
5 1824 1828 (-5028 -160 96.827644 ) (-5028 -104.129372 96.802071 ) (-5031.644043 -80.551727 83.189735 ) (-5032 -81.346207 81.860611 ) (-5032 -160 81.896759 ) 
3 1824 1826 (-5041.457520 -17.043907 46.522327 ) (-5028 -104.121384 96.795952 ) (-5028 -28.698112 53.250813 ) 
3 1825 1844 (-5035.427734 -32.046585 69.042664 ) (-5032 -54.225883 81.847893 ) (-5032 -28.615088 81.836174 ) 
4 1825 1839 (-5036.313477 -26.316763 65.734543 ) (-5035.427734 -32.046585 69.042664 ) (-5032 -28.615088 81.836174 ) (-5032 -16.695688 81.830719 ) 
4 1825 1830 (-5032 0 81.823074 ) (-5040.380371 0 50.540546 ) (-5036.313477 -26.316763 65.734543 ) (-5032 -16.695688 81.830719 ) 
4 1825 1827 (-5028 -80.108215 96.791077 ) (-5028 0 96.754402 ) (-5032 0 81.823074 ) (-5032 -54.225883 81.847893 ) 
3 1825 1826 (-5028 -80.129608 96.802887 ) (-5038.248047 -13.822762 58.520592 ) (-5028 -22.697702 63.644543 ) 
4 1826 1844 (-5032 -54.226017 81.847977 ) (-5035.427734 -32.046730 69.042747 ) (-5036.178711 -32.798229 66.240540 ) (-5032 -60.790009 81.851028 ) 
4 1826 1839 (-5035.427734 -32.046730 69.042747 ) (-5036.313477 -26.316887 65.734619 ) (-5036.937988 -27.710320 63.403194 ) (-5036.178711 -32.798241 66.240501 ) 
4 1826 1837 (-5039.692871 -15.275578 53.114185 ) (-5041.458984 -17.041843 46.522896 ) (-5039.073730 -32.474148 55.432590 ) (-5036.578125 -26.907589 64.746284 ) 
4 1826 1834 (-5036.313477 -26.316887 65.734619 ) (-5038.243652 -13.826157 58.523087 ) (-5039.692871 -15.275578 53.114185 ) (-5036.578125 -26.907589 64.746284 ) 
4 1826 1828 (-5028 -104.129372 96.802071 ) (-5028 -87.585953 96.794502 ) (-5029.697754 -76.211418 90.451187 ) (-5031.644043 -80.551651 83.189697 ) 
4 1826 1827 (-5028 -87.585953 96.794502 ) (-5028 -80.108215 96.791077 ) (-5032 -54.226017 81.847977 ) (-5032 -60.790016 81.851028 ) 
3 1827 1845 (-5032 -141.425247 136 ) (-5032 -65.133179 136 ) (-5032 -84.206055 102.964447 ) 
6 1827 1844 (-5032 -28.609936 81.844841 ) (-5032 -60.803986 81.859261 ) (-5032 -87.261520 97.672165 ) (-5032 -65.133179 136 ) (-5032 0 136 ) (-5032 0 131.389648 ) 
4 1827 1839 (-5032 -16.688364 81.839500 ) (-5032 -28.609936 81.844841 ) (-5032 0 131.389648 ) (-5032 0 101.322655 ) 
3 1827 1830 (-5032 0 81.832031 ) (-5032 -16.688364 81.839500 ) (-5032 0 101.322655 ) 
5 1827 1828 (-5032 -149.070313 134.613281 ) (-5032 -71.793129 88.428238 ) (-5029.702148 -76.202805 90.448288 ) (-5028 -87.603394 96.806137 ) (-5028 -149.530609 133.817215 ) 
4 1828 1848 (-5032 -87.261597 97.672218 ) (-5032 -71.794037 88.427704 ) (-5032 -76.921616 84.902458 ) (-5032 -90.205620 92.571983 ) 
6 1828 1842 (-5032 -81.334671 81.868454 ) (-5032 -160 81.903679 ) (-5032 -160 115.686401 ) (-5032 -153.886856 126.274384 ) (-5032 -151.691284 128.070755 ) (-5032 -76.921616 84.902458 ) 
4 1829 1860 (-5083.721680 0 28 ) (-5077.707520 -6.941958 28 ) (-5077.707031 -2.768487 35.227882 ) (-5080.905273 0 33.629494 ) 
4 1829 1856 (-5066.530273 -19.843025 28 ) (-5056 -31.997341 28 ) (-5056 -26.799881 37 ) (-5066.530273 -14.645655 37 ) 
4 1829 1855 (-5056 -31.997341 28 ) (-5046.426270 -43.047588 28 ) (-5044.014648 -40.633583 37 ) (-5056 -26.799881 37 ) 
4 1829 1858 (-5077.707520 -6.941958 28 ) (-5066.530273 -19.843025 28 ) (-5066.530273 -14.645655 37 ) (-5077.707031 -1.745245 37 ) 
5 1829 1841 (-5044.014648 -40.633583 37 ) (-5041.691895 -38.308186 45.669655 ) (-5049.988281 -25.499401 51.267796 ) (-5077.707031 -0.761869 38.703072 ) (-5077.707031 -1.745245 37 ) 
3 1829 1840 (-5049.979004 -25.524120 51.245247 ) (-5041.695313 -38.312500 45.656250 ) (-5039.630371 -33.705624 53.362705 ) 
3 1829 1835 (-5078.566406 0 38.317772 ) (-5052.196289 -23.534508 50.271378 ) (-5075.735352 0 36.683945 ) 
5 1829 1832 (-5043.313477 -18.737879 39.607384 ) (-5046.421875 -7.130663 28 ) (-5060.687500 0 28 ) (-5067.724609 0 32.061050 ) (-5058.920410 -9.692401 38.170380 ) 
6 1829 1831 (-5052.196289 -23.534508 50.271378 ) (-5050.015625 -25.480469 51.259766 ) (-5039.426270 -33.255032 54.124744 ) (-5043.313477 -18.737879 39.607384 ) (-5075.643066 0 36.630604 ) (-5075.735352 0 36.683945 ) 
4 1830 1852 (-5061.349121 -8.301409 58.342762 ) (-5068.933594 -0.920743 55.963604 ) (-5070.938477 -1.303384 51.293053 ) (-5061.348633 -9.604639 56.085789 ) 
4 1830 1850 (-5070.537598 0 54.352428 ) (-5072.444336 0 50.540543 ) (-5070.938477 -1.303384 51.293053 ) (-5069.375977 -1.005195 54.932774 ) 
4 1830 1849 (-5068.933594 -0.920743 55.963604 ) (-5069.879883 0 55.666801 ) (-5070.537598 0 54.352428 ) (-5069.375977 -1.005195 54.932774 ) 
4 1830 1847 (-5058.924316 -11.703295 57.297447 ) (-5060.751465 -8.882778 58.530167 ) (-5061.349121 -8.301409 58.342762 ) (-5061.348633 -9.604639 56.085789 ) 
4 1830 1846 (-5061.349121 -7.960295 58.933342 ) (-5061.355957 -7.949860 58.937901 ) (-5064.565430 -5.171549 57.333851 ) (-5061.349121 -8.301409 58.342762 ) 
4 1830 1845 (-5061.355957 -7.949860 58.937901 ) (-5066.504883 0 62.412430 ) (-5069.879883 0 55.666801 ) (-5064.565430 -5.171549 57.333851 ) 
3 1830 1844 (-5060.751465 -8.882778 58.530167 ) (-5061.349121 -7.960295 58.933342 ) (-5061.349121 -8.301409 58.342762 ) 
6 1830 1839 (-5066.512207 0 62.400230 ) (-5060.769043 -8.866460 58.525261 ) (-5049.390137 -17.862429 60.853432 ) (-5036.315918 -26.311588 65.731560 ) (-5032 -16.683689 81.837250 ) (-5032 0 101.314964 ) 
3 1830 1837 (-5045.256836 -20.532700 62.394524 ) (-5048.238770 -18.605377 61.281776 ) (-5048.898438 -16.891758 60.292416 ) 
5 1830 1835 (-5048.238770 -18.605377 61.281776 ) (-5058.953125 -11.679688 57.283203 ) (-5072.446289 0 50.539932 ) (-5065.792480 0 50.539909 ) (-5048.898438 -16.891758 60.292416 ) 
6 1830 1834 (-5036.315918 -26.311783 65.731102 ) (-5045.256836 -20.532700 62.394524 ) (-5048.898438 -16.891758 60.292416 ) (-5055.402344 0 50.539871 ) (-5054.208984 0 50.539867 ) (-5038.246094 -13.824414 58.521435 ) 
3 1830 1833 (-5048.898438 -16.891758 60.292416 ) (-5065.792480 0 50.539909 ) (-5055.402344 0 50.539871 ) 
5 1831 1837 (-5047.240723 -27.196598 52.383484 ) (-5039.076660 -32.473083 55.429813 ) (-5041.461914 -17.040499 46.519951 ) (-5049.906738 -9.726954 42.297199 ) (-5054.663086 -7.921721 41.254753 ) 
6 1831 1835 (-5075.727539 0 36.680290 ) (-5052.144531 -23.578125 50.292969 ) (-5050.098145 -25.349783 51.317242 ) (-5047.240723 -27.196598 52.383484 ) (-5054.663086 -7.921721 41.254753 ) (-5075.535156 0 36.680298 ) 
4 1831 1832 (-5043.313477 -18.736032 39.607754 ) (-5058.920410 -9.690515 38.170750 ) (-5057.502441 -6.845737 40.631008 ) (-5042.136230 -12.678374 43.998425 ) 
3 1832 1838 (-5056 -4.450325 39.250538 ) (-5054.663086 -7.921757 41.254776 ) (-5049.906738 -9.726976 42.297215 ) 
4 1832 1836 (-5057.713379 0 36.681137 ) (-5063.377441 0 36.680870 ) (-5057.500488 -6.844838 40.632900 ) (-5054.663086 -7.921757 41.254776 ) 
4 1833 1835 (-5048.898438 -16.891109 60.291988 ) (-5065.791992 0 50.539894 ) (-5056.753418 0 45.325588 ) (-5056.164063 -0.341518 45.379864 ) 
4 1833 1834 (-5048.896484 -16.894531 60.292969 ) (-5056 -0.718071 45.715988 ) (-5056 0 46.960251 ) (-5055.401855 0 50.538757 ) 
3 1834 1839 (-5036.581055 -26.902870 64.742455 ) (-5036.315918 -26.311588 65.731560 ) (-5045.256836 -20.533598 62.395634 ) 
5 1834 1837 (-5039.694336 -15.273674 53.114910 ) (-5036.580078 -26.905460 64.745071 ) (-5045.246094 -20.542969 62.400391 ) (-5048.898438 -16.891109 60.291988 ) (-5056 -0.716486 45.717728 ) 
4 1835 1852 (-5061.348633 -9.604639 56.085789 ) (-5070.938477 -1.303384 51.293053 ) (-5075.056641 -2.090980 41.698967 ) (-5061.348633 -13.956857 48.549732 ) 
4 1835 1850 (-5070.938477 -1.303384 51.293053 ) (-5072.444336 0 50.540543 ) (-5077.472168 0 40.491741 ) (-5075.056641 -2.090980 41.698967 ) 
4 1835 1847 (-5052.507813 -21.609411 52.967934 ) (-5058.924316 -11.703295 57.297447 ) (-5061.348633 -9.604639 56.085789 ) (-5061.348633 -13.956857 48.549732 ) 
5 1835 1841 (-5049.988281 -25.499401 51.267796 ) (-5052.507813 -21.609411 52.967934 ) (-5077.472168 0 40.491741 ) (-5077.707031 0 40.022453 ) (-5077.707031 -0.761869 38.703072 ) 
3 1835 1839 (-5048.215820 -18.790573 61.093586 ) (-5048.237305 -18.607353 61.283516 ) (-5049.390137 -17.862282 60.853348 ) 
6 1835 1837 (-5047.241699 -27.197283 52.382771 ) (-5054.664063 -7.921976 41.254265 ) (-5056 -1.171204 44.927521 ) (-5056 -0.718024 45.712582 ) (-5048.893066 -16.908249 60.302532 ) (-5048.237793 -18.610083 61.285088 ) 
3 1835 1836 (-5055.624512 -3.069162 43.891819 ) (-5054.664551 -7.916250 41.254318 ) (-5057.503418 -6.838645 40.632172 ) 
4 1836 1838 (-5054.664063 -7.921976 41.254265 ) (-5056 -4.449243 39.249298 ) (-5056.001465 -1.743279 43.935589 ) (-5055.623535 -3.077739 43.890129 ) 
5 1837 1839 (-5036.940430 -27.705013 63.400620 ) (-5036.581055 -26.902870 64.742455 ) (-5045.256836 -20.533598 62.395634 ) (-5048.237305 -18.607353 61.283516 ) (-5048.215820 -18.790573 61.093586 ) 
3 1837 1838 (-5054.664063 -7.917969 41.255859 ) (-5056 -1.170478 44.929028 ) (-5049.910156 -9.722816 42.297794 ) 
3 1839 1845 (-5061.350098 0 72.716125 ) (-5066.504883 0 62.412430 ) (-5061.349121 -7.960351 58.933319 ) 
6 1839 1844 (-5036.181152 -32.791496 66.237221 ) (-5032 -28.605469 81.843750 ) (-5032 0 131.380386 ) (-5061.350098 0 72.716125 ) (-5061.349121 -7.960351 58.933319 ) (-5060.751465 -8.882841 58.530140 ) 
3 1840 1843 (-5041.691895 -38.308186 45.669655 ) (-5039.300781 -35.914383 54.594337 ) (-5049.962402 -25.539864 51.250111 ) 
4 1841 1856 (-5066.530273 -14.646519 37 ) (-5056 -26.800758 37 ) (-5056 -31.914284 37 ) (-5066.530273 -21.742914 37 ) 
4 1841 1855 (-5056 -26.800758 37 ) (-5044.014648 -40.634480 37 ) (-5044.015137 -43.490665 37 ) (-5056 -31.914284 37 ) 
4 1841 1858 (-5082.729980 -6.095346 37 ) (-5077.707031 -1.746094 37 ) (-5066.530273 -14.646519 37 ) (-5066.530273 -21.742914 37 ) 
5 1841 1852 (-5063.161621 -14.722777 48.993923 ) (-5060.355469 -16.536440 50.041088 ) (-5061.346680 -13.961481 48.554390 ) (-5075.051270 -2.098791 41.705193 ) (-5072.377441 -6.745101 44.387825 ) 
4 1841 1851 (-5079.248047 -0.797244 40.953697 ) (-5081.971680 -2.565993 41.974888 ) (-5080.184082 -3.721196 42.641876 ) (-5077.719727 -2.120382 41.717640 ) 
5 1841 1850 (-5078.020508 0 40.493408 ) (-5079.248047 -0.797244 40.953697 ) (-5072.377441 -6.745101 44.387825 ) (-5075.051270 -2.098791 41.705193 ) (-5077.476074 0 40.493408 ) 
3 1841 1847 (-5060.355469 -16.536440 50.041088 ) (-5052.525879 -21.596636 52.962723 ) (-5061.346680 -13.961481 48.554390 ) 
6 1841 1843 (-5065.801270 -13.013416 48.006844 ) (-5070.529297 -9.957648 46.242596 ) (-5073.005859 -15.482016 37 ) (-5044.014648 -43.484871 37 ) (-5041.700684 -38.321465 45.637787 ) (-5050.002441 -25.504311 51.239754 ) 
4 1841 1842 (-5070.529297 -9.957648 46.242596 ) (-5081.969238 -2.564148 41.973961 ) (-5082.727051 -6.092409 37 ) (-5073.005859 -15.482016 37 ) 
4 1842 1970 (-5120 -27.263063 56.232113 ) (-5120 -28.248089 54.526108 ) (-5120 -67.395325 68.087723 ) (-5120 -62.494896 76.573242 ) 
6 1842 1967 (-5120 -67.395325 68.087723 ) (-5120 -160 100.168388 ) (-5120 -160 115.686951 ) (-5120 -153.887466 126.273865 ) (-5120 -151.691223 128.070786 ) (-5120 -62.494896 76.573242 ) 
4 1842 1863 (-5110.770996 -23.368313 49.141556 ) (-5120 -28.250435 54.526852 ) (-5120 -27.265156 56.233322 ) (-5110.770508 -21.271460 52.772850 ) 
4 1842 1860 (-5082.728516 -6.096478 37 ) (-5089.963379 -12.361201 37 ) (-5103.505859 -19.525242 44.902397 ) (-5082.712402 -6.021345 37.105923 ) 
5 1842 1858 (-5089.964355 -12.359905 37 ) (-5082.729980 -6.095346 37 ) (-5073.003418 -15.490492 37 ) (-5066.530273 -36.187027 37 ) (-5066.530273 -39.435333 37 ) 
7 1842 1854 (-5109.692383 -22.793272 48.509212 ) (-5089.968750 -12.359375 37 ) (-5064.937988 -41.279831 37 ) (-5041.005859 -101.426018 48.257359 ) (-5036.102539 -160 66.586342 ) (-5072.515137 -160 81.160866 ) (-5119.464844 -38.070274 57.713127 ) 
3 1842 1853 (-5072.515137 -160 81.160866 ) (-5120 -160 100.167183 ) (-5120 -36.680779 57.445919 ) 
4 1842 1851 (-5081.971680 -2.565993 41.974888 ) (-5120 -27.262337 56.233356 ) (-5120 -29.583906 57.573708 ) (-5080.184082 -3.721216 42.641884 ) 
3 1842 1848 (-5032 -90.205933 92.573105 ) (-5032 -76.920723 84.902985 ) (-5047.445801 -50.076637 69.404869 ) 
6 1842 1843 (-5073.003906 -15.487858 37 ) (-5070.526367 -9.960938 46.246094 ) (-5065.355957 -18.947401 51.434216 ) (-5032.389648 -82.207832 80.411263 ) (-5041.005371 -101.426025 48.259140 ) (-5064.940918 -41.269440 37 ) 
4 1843 1856 (-5066.530273 -21.742989 37 ) (-5056 -31.914322 37 ) (-5056 -35.207298 37 ) (-5066.530273 -35.207298 37 ) 
3 1843 1857 (-5056 -45 37 ) (-5056 -51.601959 37 ) (-5061.713867 -45 37 ) 
4 1843 1855 (-5056 -31.914322 37 ) (-5044.015137 -43.490665 37 ) (-5044.017578 -65.446411 37 ) (-5056 -51.601959 37 ) 
3 1843 1858 (-5073.003418 -15.490492 37 ) (-5066.530273 -21.742989 37 ) (-5066.530273 -36.187027 37 ) 
3 1843 1854 (-5064.937988 -41.279831 37 ) (-5044.017578 -65.450844 37 ) (-5041.005859 -101.426018 48.257359 ) 
3 1844 1848 (-5032 -71.792664 88.428421 ) (-5032 -87.261086 97.673431 ) (-5052.050781 -33.316360 70.804039 ) 
4 1844 1846 (-5061.348145 -8.304781 58.347298 ) (-5060.001465 -11.928354 60.152172 ) (-5060.001465 -11.459045 60.963932 ) (-5061.348145 -7.960235 58.943893 ) 
5 1844 1845 (-5032 -84.208191 102.965675 ) (-5032 -65.135818 136 ) (-5050.803223 0 136 ) (-5061.348633 0 72.727432 ) (-5061.348145 -7.960235 58.943893 ) 
5 1845 1969 (-5120 0 136 ) (-5120 0 103.450119 ) (-5120 -14.747308 77.908661 ) (-5120 -49.672836 98.782623 ) (-5120 -28.184654 136 ) 
3 1845 1965 (-5120 -49.672836 98.782623 ) (-5120 -111.943558 136 ) (-5120 -28.184654 136 ) 
3 1845 1859 (-5120 -14.749566 77.909927 ) (-5120 0 103.455704 ) (-5092.104980 0 61.621265 ) 
4 1845 1852 (-5068.928223 -0.929328 55.968895 ) (-5064.558594 -5.181468 57.339577 ) (-5064.502930 -5.915842 57.763569 ) (-5067.610352 -3.458858 57.127586 ) 
7 1845 1849 (-5054.225098 -141.425186 136 ) (-5120 -111.941254 136 ) (-5120 -14.746689 77.909790 ) (-5092.110840 0 61.624390 ) (-5069.883301 0 55.669327 ) (-5068.928223 -0.929328 55.968895 ) (-5064.191895 -10.019283 60.132694 ) 
4 1845 1846 (-5064.374023 -7.675491 58.776688 ) (-5064.563477 -5.178238 57.334900 ) (-5061.347168 -7.962479 58.942394 ) (-5060 -11.461685 60.962662 ) 
4 1846 1852 (-5064.502930 -5.915792 57.763538 ) (-5064.558594 -5.181468 57.339577 ) (-5061.346680 -8.306953 58.347076 ) (-5061.291992 -8.454462 58.420547 ) 
4 1847 1852 (-5061.345703 -13.960827 48.558689 ) (-5060.355469 -16.533869 50.044216 ) (-5061.289551 -8.455078 58.422249 ) (-5061.344238 -8.308319 58.349152 ) 
4 1849 1969 (-5120 -14.747308 77.908661 ) (-5120 -21.261000 66.627335 ) (-5120 -56.493599 86.968651 ) (-5120 -49.672836 98.782623 ) 
4 1849 1965 (-5120 -56.493599 86.968651 ) (-5120 -141.419373 136 ) (-5120 -111.943558 136 ) (-5120 -49.672836 98.782623 ) 
4 1849 1859 (-5120 -21.263165 66.628578 ) (-5120 -14.749566 77.909927 ) (-5092.104980 0 61.621265 ) (-5087.258301 0 54.352432 ) 
4 1849 1852 (-5068.932129 -0.926630 55.966034 ) (-5067.612793 -3.458283 57.125652 ) (-5067.767090 -3.803375 56.548283 ) (-5069.374023 -1.011114 54.936188 ) 
4 1849 1851 (-5120 -23.583603 67.966240 ) (-5120 -21.262032 66.625885 ) (-5087.260254 0 54.350456 ) (-5083.692871 0 54.350494 ) 
4 1849 1850 (-5069.373047 -1.012959 54.935478 ) (-5066.699219 -5.660083 57.618553 ) (-5073.237793 0 54.350601 ) (-5070.543457 0 54.350628 ) 
5 1850 1852 (-5072.380859 -6.742657 44.384613 ) (-5075.054199 -2.096764 41.702305 ) (-5069.374023 -1.011114 54.936188 ) (-5067.767090 -3.803375 56.548283 ) (-5068.776367 -6.054963 52.781952 ) 
4 1850 1851 (-5079.245605 -0.796845 40.949852 ) (-5077.716797 -2.120229 41.713875 ) (-5077.717285 0 45.386536 ) (-5079.245605 0 42.330166 ) 
4 1851 1971 (-5120 -21.261000 66.627335 ) (-5120 -27.263063 56.232113 ) (-5120 -29.584629 57.572472 ) (-5120 -23.582840 67.967834 ) 
4 1851 1863 (-5120 -27.265156 56.233322 ) (-5120 -24.236578 61.478722 ) (-5110.770508 -18.242643 58.018150 ) (-5110.770508 -21.271351 52.772789 ) 
4 1851 1859 (-5120 -24.236578 61.478722 ) (-5120 -21.263165 66.628578 ) (-5087.258301 0 54.352432 ) (-5082.679688 0 47.485836 ) 
4 1853 1973 (-5120 -51.404022 48.955864 ) (-5120 -73.936562 56.755783 ) (-5120 -67.395638 68.087830 ) (-5120 -36.679260 57.446884 ) 
4 1853 1967 (-5120 -73.936562 56.755783 ) (-5120 -160 86.547714 ) (-5120 -160 100.168388 ) (-5120 -67.395638 68.087830 ) 
5 1853 1854 (-5119.464844 -38.070148 57.713264 ) (-5072.515137 -160 81.160927 ) (-5078.201172 -160 69.805740 ) (-5120 -51.403618 48.955605 ) (-5120 -38.534374 56.376858 ) 
3 1854 1975 (-5120 -35.950523 43.606441 ) (-5120 -51.404022 48.955864 ) (-5120 -38.534721 56.376934 ) 
5 1854 1860 (-5089.963379 -12.361201 37 ) (-5109.370117 -29.165672 37 ) (-5118.875977 -34.193630 42.547916 ) (-5110.956543 -24.363794 47.695938 ) (-5103.505859 -19.525236 44.902397 ) 
5 1854 1857 (-5061.713867 -45 37 ) (-5056 -51.602028 37 ) (-5056 -90.919106 37 ) (-5066.530273 -78.734711 37 ) (-5066.530273 -45 37 ) 
4 1854 1855 (-5056 -51.602028 37 ) (-5044.017578 -65.446411 37 ) (-5044.022461 -104.778107 37 ) (-5056 -90.919106 37 ) 
4 1854 1858 (-5109.371094 -29.164337 37 ) (-5089.964355 -12.359905 37 ) (-5066.530273 -39.435440 37 ) (-5066.530273 -78.734711 37 ) 
4 1855 1856 (-5056 -35.207298 37 ) (-5056 -26.804688 37 ) (-5056 -32.001839 28 ) (-5056 -35.207298 28 ) 
4 1855 1857 (-5056 -90.918938 37 ) (-5056 -45 37 ) (-5056 -45 28 ) (-5056 -64.919586 28 ) 
4 1856 1858 (-5066.530273 -35.207298 37 ) (-5066.530273 -14.656250 37 ) (-5066.530273 -19.853399 28 ) (-5066.530273 -35.207298 28 ) 
4 1857 1858 (-5066.530273 -78.734444 37 ) (-5066.530273 -45 37 ) (-5066.530273 -45 28 ) (-5066.530273 -52.735107 28 ) 
5 1858 1860 (-5077.708496 -2.771823 35.229809 ) (-5077.708984 -6.946400 28 ) (-5093.949707 -21.009163 28 ) (-5109.370117 -29.165672 37 ) (-5082.429688 -5.837885 37 ) 
4 1859 1971 (-5120 0 54.348148 ) (-5120 0 47.485836 ) (-5120 -24.234451 61.477493 ) (-5120 -21.262787 66.624237 ) 
3 1859 1969 (-5120 0 103.450119 ) (-5120 0 54.348148 ) (-5120 -21.262787 66.624237 ) 
5 1859 1863 (-5110.770020 -18.240101 58.017338 ) (-5120 -24.234358 61.478096 ) (-5120 0 47.486397 ) (-5109.788574 0 47.486423 ) (-5107.772461 -7.858297 52.023415 ) 
3 1859 1862 (-5107.772461 -7.858298 52.023415 ) (-5109.788574 0 47.486423 ) (-5105.503906 0 47.486435 ) 
5 1860 1861 (-5109.685059 -22.394739 46.559105 ) (-5095.276855 0 33.629494 ) (-5096.106445 0 28 ) (-5103.424316 -10.045582 28 ) (-5113.362793 -25.582127 37.358799 ) 
3 1861 1862 (-5103.771973 0 33.629475 ) (-5115.430664 0 33.629486 ) (-5109.944824 -21.382465 45.974640 ) 
4 1862 1863 (-5109.541504 -18.875216 47.092991 ) (-5107.771973 -7.855155 52.020977 ) (-5109.787109 0 47.485836 ) (-5112.179688 0 41.610031 ) 
5 1863 1971 (-5120 0 47.485836 ) (-5120 0 44.740173 ) (-5120 -18.397358 51.113487 ) (-5120 -27.263065 56.232113 ) (-5120 -24.234451 61.477493 ) 
3 1863 1970 (-5120 -18.397358 51.113487 ) (-5120 -28.248125 54.526047 ) (-5120 -27.263065 56.232113 ) 
4 1864 1866 (-4856 -832 16 ) (-4602 -832 16 ) (-4602 -832 144 ) (-4856 -832 144 ) 
4 1864 1865 (-4856 -776 16 ) (-4856 -832 16 ) (-4856 -832 120 ) (-4856 -776 120 ) 
4 1865 1871 (-4864 -776 16 ) (-4864 -832 16 ) (-4864 -832 120 ) (-4864 -776 120 ) 
4 1867 1869 (-4936 -616 16 ) (-4880 -616 16 ) (-4880 -616 120 ) (-4936 -616 120 ) 
4 1868 1977 (-5120 -464 16 ) (-5120 -616 16 ) (-5120 -616 144 ) (-5120 -464 144 ) 
4 1868 1870 (-5120 -616 16 ) (-4976 -616 16 ) (-4976 -616 144 ) (-5120 -616 144 ) 
4 1869 1871 (-4936 -624 16 ) (-4880 -624 16 ) (-4880 -624 120 ) (-4936 -624 120 ) 
4 1870 1977 (-5120 -616 16 ) (-5120 -624 16 ) (-5120 -624 144 ) (-5120 -616 144 ) 
4 1870 1871 (-5120 -624 16 ) (-4976 -624 16 ) (-4976 -624 144 ) (-5120 -624 144 ) 
4 1871 1977 (-5120 -624 16 ) (-5120 -864 16 ) (-5120 -864 144 ) (-5120 -624 144 ) 
4 1871 1872 (-5092 -864 16 ) (-5036 -864 16 ) (-5036 -864 120 ) (-5092 -864 120 ) 
4 1872 1873 (-5036 -865 16 ) (-5036 -865 120 ) (-5092 -865 120 ) (-5092 -865 16 ) 
4 1873 1875 (-5092 -880 16 ) (-5036 -880 16 ) (-5036 -880 120 ) (-5092 -880 120 ) 
4 1874 2121 (-4512 -1024 144 ) (-4832 -1024 144 ) (-4832 -1024 16 ) (-4512 -1024 16 ) 
4 1874 1880 (-4512 -1024 16 ) (-4832 -1024 16 ) (-4832 -880 16 ) (-4512 -880 16 ) 
4 1874 1875 (-4832 -880 144 ) (-4832 -880 16 ) (-4832 -1024 16 ) (-4832 -1024 144 ) 
5 1875 2124 (-4832 -1024 144 ) (-4940.603027 -1024 144 ) (-5003.088379 -1024 16 ) (-4899.416504 -1024 16 ) (-4832 -1024 95.640602 ) 
3 1875 2123 (-4899.416504 -1024 16 ) (-4832 -1024 16 ) (-4832 -1024 95.640602 ) 
4 1875 2122 (-4940.603027 -1024 144 ) (-5120 -1024 144 ) (-5120 -1024 16 ) (-5003.088379 -1024 16 ) 
4 1875 1978 (-5120 -880 16 ) (-5120 -1024 16 ) (-5120 -1024 144 ) (-5120 -880 144 ) 
4 1875 1881 (-4899.416504 -1024 16 ) (-5120 -1024 16 ) (-5120 -880 16 ) (-4969.888184 -880 16 ) 
4 1875 1880 (-4832 -1024 16 ) (-4899.416504 -1024 16 ) (-4969.888184 -880 16 ) (-4832 -880 16 ) 
4 1876 1877 (-4496 -354 16 ) (-4496 -354 0 ) (-4368 -354 0 ) (-4368 -354 16 ) 
4 1877 1878 (-4496 -358 16 ) (-4496 -358 0 ) (-4368 -358 0 ) (-4368 -358 16 ) 
4 1878 1879 (-4496 -400 16 ) (-4496 -400 0 ) (-4368 -400 0 ) (-4368 -400 16 ) 
4 1879 2144 (-4496 -1024 11.516129 ) (-4496 -1024 0 ) (-4352 -1024 0 ) (-4352 -1024 11.503677 ) 
4 1879 2143 (-4352 -1024 16 ) (-4496 -1024 16 ) (-4496 -1024 11.516129 ) (-4352 -1024 11.503677 ) 
4 1879 1880 (-4496 -880 0 ) (-4496 -1024 0 ) (-4496 -1024 16 ) (-4496 -880 16 ) 
4 1880 2146 (-4903.182129 -1024 11.551500 ) (-4912.960449 -1024 0 ) (-4879.540527 -1024 0 ) (-4887.464355 -1024 11.550135 ) 
4 1880 2144 (-4879.540527 -1024 0 ) (-4496 -1024 0 ) (-4496 -1024 11.516128 ) (-4887.464355 -1024 11.550135 ) 
4 1880 2143 (-4496 -1024 16 ) (-4899.416504 -1024 16 ) (-4903.182129 -1024 11.551500 ) (-4496 -1024 11.516128 ) 
4 1880 1882 (-4916.229980 -1017.329834 0 ) (-4912.965820 -1024 0 ) (-4912.861328 -1024 0.123490 ) (-4912.864746 -1019.050964 2.980702 ) 
5 1880 1881 (-4969.893555 -880 16 ) (-4983.437500 -880 0 ) (-4916.229980 -1017.329834 0 ) (-4903.187500 -1024 11.551500 ) (-4899.421875 -1024 16 ) 
4 1881 2143 (-4899.416504 -1024 16 ) (-5120 -1024 16 ) (-5120 -1024 11.570326 ) (-4903.182129 -1024 11.551500 ) 
5 1881 1979 (-5120 -880 0 ) (-5120 -1017.319580 0 ) (-5120 -1024 11.570326 ) (-5120 -1024 16 ) (-5120 -880 16 ) 
5 1881 1882 (-5120 -1017.322754 0 ) (-4916.222168 -1017.333008 0 ) (-4912.858887 -1019.052979 2.978610 ) (-4977.833496 -1024 11.552447 ) (-5120 -1024 11.564802 ) 
5 1882 2147 (-5010.898926 -1024 0 ) (-4912.960449 -1024 0 ) (-4912.856445 -1024 0.122621 ) (-4977.865234 -1024 11.557984 ) (-5005.255371 -1024 11.560363 ) 
4 1882 2145 (-5120 -1024 11.570326 ) (-5120 -1024 0 ) (-5010.898926 -1024 0 ) (-5005.255371 -1024 11.560363 ) 
3 1882 1979 (-5120 -1017.319580 0 ) (-5120 -1024 0 ) (-5120 -1024 11.570326 ) 
4 1883 1980 (-5168 -352 1856 ) (-5168 0 1856 ) (-5168 0 1224 ) (-5168 -352 1224 ) 
4 1883 1885 (-5168 -352 1224 ) (-5168 0 1224 ) (-5120 0 1224 ) (-5120 -352 1224 ) 
4 1884 2149 (-5120 -1024 1224 ) (-5120 -1024 1856 ) (-5168 -1024 1856 ) (-5168 -1024 1224 ) 
4 1884 1981 (-5168 -1024 1224 ) (-5168 -1024 1856 ) (-5168 -368 1856 ) (-5168 -368 1224 ) 
4 1884 1886 (-5168 -1024 1224 ) (-5168 -368 1224 ) (-5120 -368 1224 ) (-5120 -1024 1224 ) 
4 1885 1982 (-5168 -352 1224 ) (-5168 0 1224 ) (-5168 0 816 ) (-5168 -352 816 ) 
4 1885 1887 (-5168 -352 816 ) (-5168 0 816 ) (-5120 0 816 ) (-5120 -352 816 ) 
4 1886 2150 (-5120 -1024 816 ) (-5120 -1024 1224 ) (-5168 -1024 1224 ) (-5168 -1024 816 ) 
4 1886 1983 (-5168 -1024 816 ) (-5168 -1024 1224 ) (-5168 -368 1224 ) (-5168 -368 816 ) 
4 1886 1889 (-5168 -1024 816 ) (-5168 -368 816 ) (-5120 -368 816 ) (-5120 -1024 816 ) 
4 1887 1984 (-5168 -354 816 ) (-5168 0 816 ) (-5168 0 480 ) (-5168 -354 480 ) 
4 1887 1888 (-5168 -354 480 ) (-5120 -354 480 ) (-5120 -354 816 ) (-5168 -354 816 ) 
4 1888 1985 (-5168 -358 816 ) (-5168 -354 816 ) (-5168 -354 480 ) (-5168 -358 480 ) 
4 1888 1889 (-5168 -358 480 ) (-5120 -358 480 ) (-5120 -358 816 ) (-5168 -358 816 ) 
4 1889 2150 (-5120 -1024 480 ) (-5120 -1024 816 ) (-5168 -1024 816 ) (-5168 -1024 480 ) 
4 1889 1986 (-5168 -1024 480 ) (-5168 -1024 816 ) (-5168 -358 816 ) (-5168 -358 480 ) 
4 1889 1890 (-5120 -1024 480 ) (-5168 -1024 480 ) (-5168 -880 480 ) (-5120 -880 480 ) 
4 1890 2151 (-5120 -1024 334 ) (-5120 -1024 480 ) (-5168 -1024 480 ) (-5168 -1024 334 ) 
4 1890 1987 (-5168 -1024 334 ) (-5168 -1024 480 ) (-5168 -880 480 ) (-5168 -880 334 ) 
4 1890 1927 (-5168 -917.065002 334 ) (-5168 -880 334 ) (-5120 -880 334 ) (-5120 -917.065002 334 ) 
4 1890 1892 (-5168 -1024 334 ) (-5168 -917.065002 334 ) (-5120 -917.065002 334 ) (-5120 -1024 334 ) 
3 1891 1945 (-5136 -527.433350 188 ) (-5136 -563.814819 188 ) (-5139.090332 -562.409973 188 ) 
5 1891 1944 (-5120 -488.003174 188 ) (-5120 -571.089478 188 ) (-5136 -563.814819 188 ) (-5136 -527.433777 188 ) (-5133.299805 -496.870422 188 ) 
5 1891 1943 (-5120 -80 188 ) (-5120 -213.511017 188 ) (-5128 -213.511017 188 ) (-5128 -104 188 ) (-5121 -76 188 ) 
4 1891 1942 (-5120 -16 188 ) (-5120 -80 188 ) (-5128 -48 188 ) (-5128 -24 188 ) 
4 1892 2151 (-5120 -1024 256 ) (-5120 -1024 334 ) (-5168 -1024 334 ) (-5168 -1024 256 ) 
4 1892 1987 (-5168 -1024 256 ) (-5168 -1024 334 ) (-5168 -917.065002 334 ) (-5168 -896.163330 256 ) 
3 1892 1930 (-5168 -896.163818 256 ) (-5168 -897.015808 259.179443 ) (-5152.898438 -896.163818 256 ) 
5 1892 1928 (-5168 -897.015808 259.179443 ) (-5168 -906.471497 294.465912 ) (-5120 -907.366394 297.805359 ) (-5120 -896.163818 256 ) (-5152.898438 -896.163818 256 ) 
4 1892 1927 (-5168 -906.471497 294.465912 ) (-5168 -917.065430 334 ) (-5120 -917.065430 334 ) (-5120 -907.366394 297.805359 ) 
4 1892 1893 (-5168 -1024 256 ) (-5168 -896.163757 256 ) (-5120 -896.163757 256 ) (-5120 -1024 256 ) 
4 1893 2152 (-5120 -1024 188 ) (-5120 -1024 256 ) (-5168 -1024 256 ) (-5168 -1024 188 ) 
5 1893 1988 (-5168 -1024 188 ) (-5168 -1024 256 ) (-5168 -896.163330 256 ) (-5168 -880 195.682190 ) (-5168 -880 188 ) 
4 1893 1946 (-5120 -1024 188 ) (-5168 -1024 188 ) (-5168 -880 188 ) (-5120 -880 188 ) 
3 1893 1936 (-5128.032715 -887.683594 224.353622 ) (-5120 -888.571655 227.667648 ) (-5120 -887.366760 223.171310 ) 
4 1893 1935 (-5168 -880 195.680161 ) (-5168 -883.264954 207.864227 ) (-5144.490234 -885.864136 217.563690 ) (-5152.297852 -880 195.680161 ) 
3 1893 1934 (-5168 -892.924072 243.909912 ) (-5168 -894.890381 251.247726 ) (-5151.062500 -894.415283 249.474884 ) 
5 1893 1933 (-5168 -883.264954 207.864227 ) (-5168 -892.924072 243.909912 ) (-5151.062500 -894.415283 249.474884 ) (-5120 -893.544006 246.223526 ) (-5120 -888.571655 227.667648 ) 
5 1893 1930 (-5168 -894.890381 251.247726 ) (-5168 -896.163818 256 ) (-5152.898438 -896.163818 256 ) (-5120 -894.307739 249.073532 ) (-5120 -893.544006 246.223526 ) 
3 1893 1928 (-5152.898438 -896.163818 256 ) (-5120 -896.163818 256 ) (-5120 -894.307739 249.073532 ) 
4 1894 1937 (-5168 -737.171448 330 ) (-5168 -734.862000 334 ) (-5120 -758.543091 334 ) (-5120 -760.852539 330 ) 
4 1894 1900 (-5168 -864 330 ) (-5168 -737.170105 330 ) (-5120 -760.851135 330 ) (-5120 -864 330 ) 
3 1895 1938 (-5121.450195 -842.122437 188 ) (-5137.624023 -834.142822 188 ) (-5121.449707 -840.128723 191.453384 ) 
5 1895 1937 (-5137.624023 -834.142822 188 ) (-5168 -819.156250 188 ) (-5168 -802.636719 216.612244 ) (-5120 -815.674622 235.047241 ) (-5120 -840.665283 191.762955 ) 
3 1895 1904 (-5160.355957 -846 232.031555 ) (-5150.061035 -846 235.140030 ) (-5157.981934 -841.428894 231.366348 ) 
4 1895 1903 (-5168 -835.647461 226.593475 ) (-5168 -846 229.723526 ) (-5160.355957 -846 232.031555 ) (-5157.981934 -841.428894 231.366348 ) 
5 1895 1902 (-5120 -846 244.216690 ) (-5120 -815.673401 235.047577 ) (-5168 -802.636047 216.612610 ) (-5168 -835.647461 226.593475 ) (-5150.061035 -846 235.140030 ) 
4 1895 1897 (-5120 -846 244.220123 ) (-5168 -846 229.726883 ) (-5168 -846 201.447632 ) (-5120 -846 194.133286 ) 
3 1895 1896 (-5168 -846 196.810730 ) (-5168 -846 188 ) (-5132.939453 -846 188 ) 
4 1896 1898 (-5168 -862 196.812241 ) (-5168 -864 196.812515 ) (-5132.932617 -864 188 ) (-5132.933594 -862 188 ) 
5 1897 1926 (-5120 -864 201.740295 ) (-5120 -864 229.433731 ) (-5128.030273 -864 230.700546 ) (-5144.492188 -864 223.420990 ) (-5147.017578 -864 215.833878 ) 
3 1897 1925 (-5128.030273 -864 230.700546 ) (-5141.369141 -864 232.804901 ) (-5144.492188 -864 223.420990 ) 
4 1897 1924 (-5141.369141 -864 232.804901 ) (-5147.477051 -864 233.768509 ) (-5152.641602 -864 218.767654 ) (-5147.017578 -864 215.833893 ) 
4 1897 1923 (-5136.942871 -864 244.542328 ) (-5144.560059 -864 242.242371 ) (-5147.477051 -864 233.768478 ) (-5136.931152 -864 232.104767 ) 
4 1897 1909 (-5131.271484 -864 246.254791 ) (-5136.942871 -864 244.542328 ) (-5136.931152 -864 232.104767 ) (-5131.271484 -864 231.211929 ) 
4 1897 1908 (-5120 -864 229.433731 ) (-5120 -864 249.658173 ) (-5131.271484 -864 246.254791 ) (-5131.271484 -864 231.211929 ) 
4 1897 1907 (-5143.900879 -864 242.442200 ) (-5143.896973 -864 242.443359 ) (-5140.419434 -860.523743 242.442444 ) (-5141.521973 -859.421143 241.776169 ) 
4 1897 1906 (-5136.942871 -864 244.543106 ) (-5131.271484 -864 246.255554 ) (-5140.986328 -858.390503 241.626251 ) (-5141.521973 -859.421143 241.776169 ) 
5 1897 1905 (-5131.271484 -864 246.255554 ) (-5120 -864 249.658920 ) (-5120 -863.348022 249.461792 ) (-5138.126953 -852.887085 240.825714 ) (-5140.986328 -858.390503 241.626251 ) 
6 1897 1904 (-5150.879883 -864 240.334991 ) (-5143.900879 -864 242.442200 ) (-5138.126953 -852.887085 240.825714 ) (-5150.061035 -846 235.140030 ) (-5160.355957 -846 232.031555 ) (-5165.363770 -855.641479 233.434586 ) 
4 1897 1903 (-5160.355957 -846 232.031555 ) (-5168 -846 229.723526 ) (-5168 -854.120117 232.178604 ) (-5165.363770 -855.641479 233.434586 ) 
3 1897 1902 (-5120 -863.348022 249.461792 ) (-5120 -846 244.216690 ) (-5150.061035 -846 235.140030 ) 
3 1897 1901 (-5168 -864 235.165756 ) (-5150.879883 -864 240.334991 ) (-5168 -854.120117 232.178604 ) 
5 1897 1899 (-5143.982422 -864 197.788834 ) (-5153.148438 -864 199.185577 ) (-5151.766602 -862 198.974854 ) (-5120 -862 194.134277 ) (-5120 -863.020386 194.134338 ) 
4 1897 1898 (-5153.148438 -864 199.185577 ) (-5168 -864 201.448700 ) (-5168 -862 201.448578 ) (-5151.766602 -862 198.974854 ) 
4 1898 1899 (-5151.763184 -862 198.974869 ) (-5153.145020 -864 199.185593 ) (-5150.559082 -864 197.788452 ) (-5135.751465 -862 190.324997 ) 
4 1900 1937 (-5168 -761.024780 288.685303 ) (-5168 -737.171448 330 ) (-5120 -760.852539 330 ) (-5120 -782.310120 292.835144 ) 
5 1900 1903 (-5145.974121 -864 294.294037 ) (-5150.880371 -864 293.956360 ) (-5168 -854.120483 292.385376 ) (-5168 -835.647888 291.651184 ) (-5139.201172 -852.267517 294.293976 ) 
4 1900 1902 (-5168 -835.647888 291.651184 ) (-5168 -761.023438 288.685303 ) (-5120 -782.308594 292.835175 ) (-5120 -863.348267 296.056000 ) 
3 1900 1901 (-5150.880371 -864 293.956360 ) (-5168 -864 292.778015 ) (-5168 -854.120483 292.385376 ) 
4 1901 1904 (-5150.879395 -864 254.660309 ) (-5150.879883 -864 240.334625 ) (-5165.363770 -855.641174 233.434052 ) (-5158.379395 -859.671753 256.835907 ) 
5 1901 1903 (-5168 -854.119446 292.382935 ) (-5150.878906 -864 293.954102 ) (-5150.878906 -864 281.966217 ) (-5165.363770 -855.641174 233.434052 ) (-5168 -854.119934 232.178177 ) 
4 1902 1937 (-5168 -802.636719 216.612244 ) (-5168 -761.024780 288.685303 ) (-5120 -782.310120 292.835144 ) (-5120 -815.674622 235.047241 ) 
4 1902 1905 (-5138.127930 -852.887024 240.823654 ) (-5120 -863.348511 249.460205 ) (-5120 -863.348877 259.548126 ) (-5134.706055 -854.862183 252.293182 ) 
4 1902 1904 (-5157.982422 -841.428833 231.364304 ) (-5138.127930 -852.887024 240.823654 ) (-5134.707031 -854.861450 252.289200 ) (-5150.380859 -845.816467 256.835938 ) 
4 1902 1903 (-5168 -835.647705 226.591644 ) (-5157.982422 -841.428833 231.364304 ) (-5139.202148 -852.268921 294.294373 ) (-5168 -835.649536 291.651672 ) 
4 1903 1904 (-5158.380371 -859.671448 256.836182 ) (-5165.364746 -855.640564 233.433380 ) (-5157.982422 -841.429688 231.363281 ) (-5150.380371 -845.816895 256.835785 ) 
5 1904 1919 (-5144.478516 -864 242.450012 ) (-5143.778809 -864 242.749008 ) (-5139.983887 -864 252.289429 ) (-5139.989258 -864 252.290558 ) (-5141.261719 -864 251.819595 ) 
4 1904 1907 (-5143.896973 -864 242.443100 ) (-5141.519531 -859.423889 241.778046 ) (-5139.068848 -861.881653 251.505188 ) (-5140.291992 -864 251.505051 ) 
4 1904 1906 (-5141.519531 -859.423889 241.778046 ) (-5140.983398 -858.392334 241.628128 ) (-5138.037109 -860.093872 251.505295 ) (-5139.068848 -861.881653 251.505188 ) 
4 1904 1905 (-5140.983398 -858.392334 241.628128 ) (-5138.123047 -852.887695 240.828125 ) (-5134.703613 -854.860962 252.288467 ) (-5137.803223 -860.228821 252.288559 ) 
4 1905 1908 (-5120 -864 249.658173 ) (-5120 -864 259.687195 ) (-5131.271484 -864 255.516266 ) (-5131.271484 -864 246.254807 ) 
4 1905 1906 (-5138.040039 -860.093262 251.505737 ) (-5140.987305 -858.391296 241.625381 ) (-5131.273926 -864 246.253967 ) (-5131.273926 -864 250.315338 ) 
4 1906 1910 (-5131.271484 -864 247.117188 ) (-5131.271484 -864 250.315018 ) (-5136.949219 -864 251.064041 ) (-5136.943848 -864 245.019302 ) 
4 1906 1909 (-5136.943359 -864 244.542282 ) (-5131.271484 -864 246.254807 ) (-5131.271484 -864 247.117188 ) (-5136.943848 -864 245.019302 ) 
4 1906 1907 (-5139.069336 -861.879089 251.505463 ) (-5141.520508 -859.420105 241.775589 ) (-5140.417969 -860.522522 242.441803 ) (-5138.254395 -862.693237 251.335876 ) 
4 1907 1919 (-5140.295898 -864 251.505508 ) (-5143.901367 -864 242.441299 ) (-5143.897461 -864 242.442459 ) (-5139.528809 -864 251.404343 ) 
4 1908 1926 (-5128.029785 -864 230.700409 ) (-5120 -864 229.433609 ) (-5120 -870.508362 227.689301 ) (-5128.030273 -865.871521 230.198868 ) 
3 1908 1925 (-5131.271484 -864 231.211792 ) (-5128.029785 -864 230.700409 ) (-5128.030273 -865.871521 230.198868 ) 
5 1908 1911 (-5120 -870.509155 252.675049 ) (-5120 -870.508301 261.077667 ) (-5131.272949 -864 255.515930 ) (-5131.272949 -864 255.332687 ) (-5120.782715 -870.057251 252.289108 ) 
3 1908 1910 (-5131.273926 -864 250.315323 ) (-5131.274414 -864 247.116135 ) (-5126.492188 -866.760925 249.474030 ) 
4 1908 1909 (-5131.277344 -864 231.212555 ) (-5120 -870.511658 227.688309 ) (-5120 -870.509155 252.675049 ) (-5131.274414 -864 247.116135 ) 
4 1909 1936 (-5120 -880 225.145691 ) (-5120 -880 229.964279 ) (-5120.919434 -880 229.557755 ) (-5120.915527 -880 225.290100 ) 
4 1909 1933 (-5120 -880 229.964279 ) (-5120 -880 247.682480 ) (-5120.936523 -880 247.783325 ) (-5120.919434 -880 229.557755 ) 
4 1909 1932 (-5120 -880 247.682480 ) (-5120 -880 250.870224 ) (-5120.939941 -880 251.074707 ) (-5120.936523 -880 247.783325 ) 
4 1909 1929 (-5120 -880 250.870224 ) (-5120 -880 254.701019 ) (-5120.942871 -880 254.352356 ) (-5120.939941 -880 251.074707 ) 
4 1909 1926 (-5128.031250 -872.227234 228.495636 ) (-5128.030273 -865.871521 230.198868 ) (-5120 -870.508362 227.689301 ) (-5120 -871.910278 227.313568 ) 
4 1909 1925 (-5128.031250 -872.890991 228.317749 ) (-5136.930664 -864 232.104599 ) (-5131.271484 -864 231.211792 ) (-5128.030273 -865.871521 230.198868 ) 
6 1909 1923 (-5136.932129 -864 232.106659 ) (-5120.916504 -880 225.291962 ) (-5120.940430 -880 251.074860 ) (-5122.799805 -878.142395 251.712753 ) (-5130.574219 -870.369019 248.390991 ) (-5136.943359 -864 244.542282 ) 
3 1909 1922 (-5130.574219 -870.369202 248.391052 ) (-5128.290527 -872.652466 249.366760 ) (-5128.783691 -872.159546 249.472977 ) 
4 1909 1921 (-5122.799805 -878.142395 251.712753 ) (-5124.479980 -876.463440 252.289291 ) (-5129.166992 -871.776611 249.555496 ) (-5128.290527 -872.652466 249.366760 ) 
3 1909 1918 (-5120.940430 -880 251.074860 ) (-5120.943359 -880 254.352158 ) (-5124.479980 -876.463440 252.289291 ) 
5 1909 1911 (-5120 -870.508362 252.675232 ) (-5120.782715 -870.056396 252.289261 ) (-5124.479980 -876.462646 252.289337 ) (-5120.942383 -880 254.352661 ) (-5120 -880 254.701187 ) 
4 1909 1910 (-5126.492188 -866.759766 249.474106 ) (-5131.271484 -864 247.117386 ) (-5136.942871 -864 245.019882 ) (-5129.307129 -871.635742 249.473785 ) 
4 1911 1929 (-5120 -880 254.701019 ) (-5120 -880 263.105621 ) (-5120.950684 -880 262.753784 ) (-5120.942871 -880 254.352356 ) 
4 1911 1918 (-5120.943359 -880 254.352158 ) (-5120.951172 -880 262.753754 ) (-5133.548340 -867.402649 255.400635 ) (-5124.479980 -876.463440 252.289291 ) 
4 1912 1930 (-5135.558105 -880 249.357956 ) (-5135.558105 -880 254.256012 ) (-5140.082520 -880 255.240707 ) (-5141.874512 -880 250.038177 ) 
3 1912 1928 (-5135.558105 -880 254.256012 ) (-5135.558594 -880 268.375031 ) (-5140.082520 -880 255.240707 ) 
4 1912 1916 (-5135.558594 -880 249.660950 ) (-5135.558594 -880 249.358017 ) (-5141.746582 -876.427307 250.409256 ) (-5141.636230 -876.491150 250.730148 ) 
3 1912 1915 (-5135.559082 -880 268.374023 ) (-5135.558594 -880 254.256134 ) (-5139.979980 -877.447449 255.538895 ) 
3 1912 1913 (-5136.235352 -879.604187 249.473770 ) (-5135.549805 -880 249.357315 ) (-5136.631348 -880 249.473801 ) 
5 1913 1933 (-5148.878418 -880 229.701553 ) (-5135.557617 -880 227.600037 ) (-5135.558105 -880 249.357956 ) (-5136.632324 -880 249.473648 ) (-5142.699707 -880 247.641510 ) 
3 1913 1925 (-5135.557617 -880 227.599792 ) (-5141.368652 -880 228.516556 ) (-5141.368652 -876.644775 229.415802 ) 
4 1913 1924 (-5141.368652 -880 228.516556 ) (-5148.878906 -880 229.701401 ) (-5148.238281 -872.678406 231.562561 ) (-5141.368652 -876.644775 229.415802 ) 
5 1913 1917 (-5135.558105 -880 227.597916 ) (-5148.238770 -872.678345 231.560669 ) (-5143.213379 -875.580200 246.150208 ) (-5136.238770 -879.607178 249.473602 ) (-5135.558594 -880 249.358017 ) 
4 1914 1932 (-5123.155273 -880 248.024612 ) (-5123.155273 -880 251.556808 ) (-5126.520996 -880 252.289352 ) (-5134.136230 -880 249.473251 ) 
4 1914 1931 (-5134.698242 -880 249.265350 ) (-5123.155273 -880 248.022232 ) (-5123.155273 -880 248.024612 ) (-5134.136230 -880 249.473251 ) 
3 1914 1928 (-5123.155273 -880 251.556808 ) (-5123.155273 -880 253.534134 ) (-5126.520996 -880 252.289352 ) 
4 1914 1923 (-5123.157715 -880 251.557465 ) (-5123.157715 -880 248.022552 ) (-5129.082031 -876.581299 249.028793 ) (-5123.161133 -879.998108 251.558426 ) 
4 1914 1921 (-5129.082031 -876.581299 249.028793 ) (-5131.471191 -875.202393 249.434647 ) (-5125.680664 -878.544006 252.289352 ) (-5123.161133 -879.998108 251.558426 ) 
3 1914 1918 (-5123.157715 -880 253.533218 ) (-5123.157715 -880 251.557465 ) (-5125.680664 -878.544006 252.289352 ) 
3 1914 1917 (-5131.468750 -875.198975 249.434738 ) (-5123.149414 -880 248.021637 ) (-5134.699219 -880 249.265060 ) 
4 1914 1916 (-5131.392578 -875.246277 249.473694 ) (-5131.472656 -875.200073 249.434189 ) (-5134.701172 -880 249.264832 ) (-5134.137207 -880 249.473434 ) 
3 1914 1915 (-5123.152832 -880 253.536163 ) (-5125.681152 -878.541443 252.289688 ) (-5126.522949 -880 252.289719 ) 
6 1915 1928 (-5123.155273 -880 294.570221 ) (-5126.630371 -880 294.294037 ) (-5135.558594 -880 268.366638 ) (-5135.558105 -880 254.256042 ) (-5126.520996 -880 252.289352 ) (-5123.155273 -880 253.534134 ) 
4 1915 1918 (-5123.157715 -880 261.937134 ) (-5123.157715 -880 253.533218 ) (-5125.680664 -878.544006 252.289352 ) (-5136.406738 -872.354187 255.400848 ) 
4 1916 1931 (-5135.558105 -880 249.660889 ) (-5135.558105 -880 249.357971 ) (-5134.698242 -880 249.265350 ) (-5134.136230 -880 249.473251 ) 
5 1916 1917 (-5135.564941 -880 249.358292 ) (-5136.242188 -879.609070 249.473328 ) (-5131.695313 -875.068237 249.473221 ) (-5131.468750 -875.198975 249.434738 ) (-5134.699219 -880 249.265060 ) 
3 1917 1936 (-5128.032227 -880 226.412781 ) (-5123.155273 -880 225.643402 ) (-5123.155273 -880 228.569351 ) 
5 1917 1933 (-5135.558105 -880 249.357971 ) (-5135.557617 -880 227.600037 ) (-5128.032227 -880 226.412781 ) (-5123.155273 -880 228.569351 ) (-5123.155273 -880 248.022232 ) 
5 1917 1925 (-5128.032227 -880 226.412567 ) (-5135.557617 -880 227.599792 ) (-5141.368652 -876.644775 229.415802 ) (-5141.369141 -869.488831 231.333694 ) (-5128.031738 -877.185730 227.166763 ) 
4 1917 1924 (-5141.368652 -876.644775 229.415802 ) (-5148.238281 -872.678406 231.562561 ) (-5147.642090 -865.868652 233.293610 ) (-5141.369141 -869.488831 231.333694 ) 
5 1917 1923 (-5123.157715 -880 225.646011 ) (-5147.641602 -865.870667 233.295258 ) (-5144.489746 -867.689514 242.445419 ) (-5129.081543 -876.581299 249.028778 ) (-5123.157715 -880 248.022552 ) 
4 1917 1922 (-5144.489746 -867.689514 242.445419 ) (-5144.104980 -867.911560 243.562408 ) (-5131.698242 -875.071289 249.473221 ) (-5129.081543 -876.581299 249.028778 ) 
4 1918 1929 (-5123.155273 -880 261.938110 ) (-5123.155273 -880 251.556808 ) (-5120.939941 -880 251.074753 ) (-5120.950684 -880 262.753784 ) 
4 1918 1923 (-5123.156250 -880 251.557236 ) (-5123.160645 -879.997437 251.558517 ) (-5122.799316 -878.142151 251.712952 ) (-5120.939941 -880 251.074875 ) 
4 1918 1921 (-5123.160645 -879.997437 251.558517 ) (-5125.680176 -878.543579 252.289505 ) (-5124.479492 -876.463562 252.289459 ) (-5122.799316 -878.142151 251.712952 ) 
4 1920 1922 (-5130.722168 -874.095398 249.472992 ) (-5128.868652 -875.522400 249.119690 ) (-5129.081543 -876.579834 249.028717 ) (-5131.697754 -875.070068 249.473099 ) 
4 1920 1921 (-5128.863281 -875.527344 249.120117 ) (-5130.724121 -874.095886 249.474640 ) (-5131.389648 -875.247986 249.474533 ) (-5129.012207 -876.619873 249.056473 ) 
4 1921 1923 (-5128.289063 -872.653381 249.366486 ) (-5122.797363 -878.143982 251.712830 ) (-5123.158203 -879.998230 251.558548 ) (-5129.079590 -876.580933 249.028549 ) 
4 1921 1922 (-5128.783691 -872.159180 249.472855 ) (-5128.290527 -872.652039 249.366653 ) (-5128.868652 -875.522400 249.119690 ) (-5130.722168 -874.095276 249.473022 ) 
5 1922 1923 (-5130.578125 -870.364746 248.388458 ) (-5128.289063 -872.653381 249.366486 ) (-5129.079590 -876.580933 249.028549 ) (-5144.479004 -867.693848 242.448898 ) (-5144.479004 -864.602051 242.448944 ) 
4 1923 1936 (-5123.155273 -880 228.569351 ) (-5123.155273 -880 225.643402 ) (-5120.915527 -880 225.290100 ) (-5120.919434 -880 229.557693 ) 
4 1923 1933 (-5123.155273 -880 248.022247 ) (-5123.155273 -880 228.569351 ) (-5120.919434 -880 229.557693 ) (-5120.937012 -880 247.783325 ) 
4 1923 1932 (-5123.155273 -880 251.556808 ) (-5123.155273 -880 248.022247 ) (-5120.937012 -880 247.783325 ) (-5120.939941 -880 251.074753 ) 
5 1923 1925 (-5128.031738 -877.185730 227.166733 ) (-5141.369141 -869.489014 231.333588 ) (-5141.369141 -864 232.804825 ) (-5136.930664 -864 232.104599 ) (-5128.031250 -872.890991 228.317749 ) 
4 1923 1924 (-5141.369141 -869.489014 231.333588 ) (-5147.642090 -865.868896 233.293457 ) (-5147.477051 -864 233.768387 ) (-5141.369141 -864 232.804825 ) 
3 1924 1935 (-5145.800781 -880 215.199219 ) (-5144.490723 -880 219.134552 ) (-5149.282715 -880 217.015656 ) 
5 1924 1933 (-5144.490723 -880 219.134552 ) (-5141.368164 -880 228.516708 ) (-5148.886719 -880 229.702820 ) (-5152.650391 -880 218.772293 ) (-5149.282715 -880 217.015656 ) 
4 1924 1926 (-5147.018066 -864 215.834366 ) (-5144.493164 -864 223.420639 ) (-5144.492676 -870.407776 221.704102 ) (-5146.654297 -868.784302 215.644562 ) 
4 1924 1925 (-5144.493164 -864 223.420639 ) (-5141.369629 -864 232.805817 ) (-5141.368652 -880 228.517609 ) (-5144.491699 -880 219.134506 ) 
3 1925 1933 (-5128.031738 -880 226.412750 ) (-5141.368164 -880 228.516708 ) (-5144.490723 -880 219.134659 ) 
4 1925 1926 (-5144.491211 -870.408203 221.705612 ) (-5144.491699 -864 223.421875 ) (-5128.030273 -864 230.700607 ) (-5128.031250 -872.227234 228.495819 ) 
4 1927 1987 (-5168 -917.065002 334 ) (-5168 -880 334 ) (-5168 -880 293.413849 ) (-5168 -906.471069 294.465912 ) 
5 1927 1928 (-5120 -907.368347 297.804932 ) (-5168 -906.473511 294.465515 ) (-5168 -880 293.413513 ) (-5123.155273 -880 296.500214 ) (-5120 -881.820923 296.789764 ) 
4 1928 1987 (-5168 -880 293.413849 ) (-5168 -880 261.316223 ) (-5168 -897.015381 259.179474 ) (-5168 -906.471069 294.465912 ) 
5 1928 1932 (-5126.519531 -880 252.289948 ) (-5123.154785 -880 251.557709 ) (-5120 -881.820679 250.642502 ) (-5120 -888.983032 249.743088 ) (-5128.778809 -883.914429 252.290070 ) 
5 1928 1930 (-5168 -880 261.317169 ) (-5135.558594 -880 254.257080 ) (-5120 -888.983032 249.743088 ) (-5120 -894.307556 249.074448 ) (-5168 -897.015625 259.180420 ) 
4 1928 1929 (-5120 -881.823730 250.642242 ) (-5123.160156 -880 251.558975 ) (-5123.159668 -880 261.936371 ) (-5120 -881.823425 263.495117 ) 
3 1929 1932 (-5123.154785 -880 251.557709 ) (-5120 -880 250.871124 ) (-5120 -881.820679 250.642502 ) 
4 1930 1988 (-5168 -880 256 ) (-5168 -880 252.851715 ) (-5168 -894.889893 251.247772 ) (-5168 -896.163391 256 ) 
4 1930 1987 (-5168 -880 261.316223 ) (-5168 -880 256 ) (-5168 -896.163391 256 ) (-5168 -897.015381 259.179474 ) 
5 1930 1934 (-5168 -880 252.851532 ) (-5143.572266 -880 250.220840 ) (-5140.103516 -883.467041 249.473770 ) (-5151.062988 -894.414856 249.474640 ) (-5168 -894.889893 251.247482 ) 
5 1930 1933 (-5136.632813 -880 249.473495 ) (-5135.558594 -880 249.357803 ) (-5120 -888.983093 246.714539 ) (-5120 -893.543579 246.223251 ) (-5151.062988 -894.414856 249.474640 ) 
4 1930 1932 (-5128.778809 -883.914307 252.289932 ) (-5120 -888.982910 249.742996 ) (-5120 -888.982483 246.923599 ) (-5134.491211 -880.615417 249.473251 ) 
4 1930 1931 (-5120 -888.982483 246.923599 ) (-5120 -888.982422 246.714676 ) (-5135.557129 -880 249.357651 ) (-5135.557129 -880 249.660782 ) 
4 1931 1933 (-5135.558594 -880 249.357803 ) (-5123.049316 -880 248.010651 ) (-5120 -882.346497 247.429489 ) (-5120 -888.983093 246.714539 ) 
5 1931 1932 (-5134.489258 -880.615051 249.473724 ) (-5120 -888.981201 246.924545 ) (-5120 -882.321228 247.432404 ) (-5123.016602 -880 248.007324 ) (-5134.134277 -880 249.473785 ) 
3 1932 1933 (-5123.049316 -880 248.010651 ) (-5120 -880 247.682266 ) (-5120 -882.346497 247.429489 ) 
4 1933 1988 (-5168 -880 240.002335 ) (-5168 -880 208.739090 ) (-5168 -883.264465 207.864410 ) (-5168 -892.923523 243.909698 ) 
4 1933 1936 (-5128.033203 -880 226.413040 ) (-5120 -880 229.965088 ) (-5120 -888.571289 227.668610 ) (-5128.034668 -887.683044 224.354065 ) 
4 1933 1935 (-5168 -880 208.741241 ) (-5144.490723 -880 219.136276 ) (-5144.489746 -885.863892 217.565567 ) (-5168 -883.264771 207.866516 ) 
5 1933 1934 (-5151.070313 -894.414063 249.473190 ) (-5140.108887 -883.461609 249.472260 ) (-5143.573242 -880 247.379837 ) (-5168 -880 240.004425 ) (-5168 -892.923584 243.910858 ) 
4 1934 1988 (-5168 -880 252.851715 ) (-5168 -880 240.002335 ) (-5168 -892.923523 243.909698 ) (-5168 -894.889893 251.247772 ) 
3 1935 1988 (-5168 -880 208.739090 ) (-5168 -880 195.682190 ) (-5168 -883.264465 207.864410 ) 
3 1937 1941 (-5120.582031 -621.460876 188 ) (-5150.779785 -627.907898 188 ) (-5133.409180 -615.614746 200.293472 ) 
4 1937 1940 (-5168 -608 221.773438 ) (-5122.649414 -608 207.908447 ) (-5150.779785 -627.907898 188 ) (-5168 -631.584290 188 ) 
4 1937 1938 (-5121.448730 -840.128662 191.452866 ) (-5137.620605 -834.143738 188 ) (-5120 -834.145386 188 ) (-5120 -839.813354 191.270828 ) 
3 1939 1941 (-5157.291016 -623.919434 188 ) (-5122.250000 -619.100464 188 ) (-5138.072266 -610.323425 201.598602 ) 
4 1939 1940 (-5168 -625.392212 188 ) (-5157.291016 -623.919434 188 ) (-5134.788086 -608 203.922470 ) (-5168 -608 209.593140 ) 
4 1940 1941 (-5157.292969 -623.920410 188 ) (-5138.072754 -610.323425 201.599518 ) (-5133.410645 -615.613647 200.294296 ) (-5150.782715 -627.907593 188 ) 
4 1942 1947 (-5120 -16 176 ) (-5120 -80 176 ) (-5128 -48 176 ) (-5128 -24 176 ) 
4 1942 1943 (-5121 -75.997841 176 ) (-5120 -79.996078 176 ) (-5120 -79.996078 188 ) (-5121 -75.997841 188 ) 
4 1943 1948 (-5120 -132 176 ) (-5120 -197.470001 176 ) (-5128 -197.470001 176 ) (-5128 -132 176 ) 
5 1943 1947 (-5120 -80 176 ) (-5120 -132 176 ) (-5128 -132 176 ) (-5128 -104 176 ) (-5121 -76 176 ) 
5 1944 1954 (-5120 -488.003204 176 ) (-5120 -571.089661 176 ) (-5136 -563.815063 176 ) (-5136 -527.406128 176 ) (-5133.302246 -496.872131 176 ) 
4 1944 1945 (-5136 -527.406128 176 ) (-5136 -563.815063 176 ) (-5136 -563.814758 188 ) (-5136 -527.433716 188 ) 
3 1945 1955 (-5136 -527.405334 176 ) (-5136 -563.814941 176 ) (-5139.092285 -562.408936 176 ) 
4 1946 2152 (-5120 -1024 176 ) (-5120 -1024 188 ) (-5168 -1024 188 ) (-5168 -1024 176 ) 
4 1946 1988 (-5168 -1024 176 ) (-5168 -1024 188 ) (-5168 -880 188 ) (-5168 -880 176 ) 
4 1946 1957 (-5168 -1024 176 ) (-5168 -880 176 ) (-5140 -880 176 ) (-5140 -1024 176 ) 
4 1946 1956 (-5140 -880 176 ) (-5120 -880 176 ) (-5120 -1024 176 ) (-5140 -1024 176 ) 
3 1947 1969 (-5125.102539 0 144 ) (-5120 0 144 ) (-5120 -23.567610 144 ) 
4 1947 1964 (-5128 -132 144 ) (-5136 -132 144 ) (-5136 -88.230919 144 ) (-5128 -51.280277 144 ) 
5 1947 1963 (-5121 -18.948469 144 ) (-5120 -23.567610 144 ) (-5120 -132 144 ) (-5128 -132 144 ) (-5128 -51.280277 144 ) 
4 1947 1961 (-5136 0 144 ) (-5125.102539 0 144 ) (-5121 -18.948469 144 ) (-5136 -88.230919 144 ) 
4 1947 1951 (-5136 0 144 ) (-5136 -132 144 ) (-5136 -132 160 ) (-5136 0 160 ) 
4 1947 1950 (-5136 -132 160 ) (-5136 -132 176 ) (-5136 0 176 ) (-5136 0 160 ) 
4 1947 1949 (-5136 -132 160 ) (-5136 -132 144 ) (-5120 -132 144 ) (-5120 -132 160 ) 
4 1947 1948 (-5136 -132 160 ) (-5120 -132 160 ) (-5120 -132 176 ) (-5128 -132 176 ) 
5 1948 1949 (-5136 -163.002731 160 ) (-5136 -132 160 ) (-5120 -132 160 ) (-5120 -176.082001 160 ) (-5133.447754 -176.082001 160 ) 
4 1949 1964 (-5128 -154.693985 144 ) (-5136 -154.693970 144 ) (-5136 -132 144 ) (-5128 -132 144 ) 
4 1949 1963 (-5120 -132 144 ) (-5120 -143.652985 144 ) (-5128 -143.652969 144 ) (-5128 -132 144 ) 
4 1949 1962 (-5120 -143.652985 144 ) (-5120 -154.694000 144 ) (-5128 -154.693985 144 ) (-5128 -143.652969 144 ) 
5 1949 1953 (-5136 -132 144 ) (-5136 -154.694000 144 ) (-5136 -160 147.969330 ) (-5136 -160 156 ) (-5136 -132 156 ) 
4 1949 1952 (-5136 -160 160 ) (-5136 -132 160 ) (-5136 -132 156 ) (-5136 -160 156 ) 
4 1950 1951 (-5136 0 160 ) (-5136 -132 160 ) (-5140 -132 160 ) (-5140 0 160 ) 
4 1951 1976 (-5140 -132 144 ) (-5140 0 144 ) (-5136 0 144 ) (-5136 -132 144 ) 
4 1951 1958 (-5140 0 144 ) (-5140 -132 144 ) (-5140 -132 156 ) (-5140 0 156 ) 
4 1951 1953 (-5136 -132 144 ) (-5136 -132 156 ) (-5140 -132 156 ) (-5140 -132 144 ) 
3 1951 1952 (-5136 -132 156 ) (-5136 -132 160 ) (-5138 -132 156 ) 
4 1952 1953 (-5138 -132 156 ) (-5136 -132 156 ) (-5136 -160 156 ) (-5138 -160 156 ) 
4 1953 1976 (-5140 -160 144 ) (-5140 -132 144 ) (-5136 -132 144 ) (-5136 -160 144 ) 
4 1953 1959 (-5140 -132 144 ) (-5140 -160 144 ) (-5140 -160 156 ) (-5140 -132 156 ) 
5 1954 1977 (-5120 -488.003204 144 ) (-5120 -571.090454 144 ) (-5136 -563.815857 144 ) (-5136 -527.318115 144 ) (-5133.310547 -496.877563 144 ) 
4 1954 1955 (-5136 -527.318115 144 ) (-5136 -563.815857 144 ) (-5136 -563.815063 176 ) (-5136 -527.406433 176 ) 
3 1955 1977 (-5139.100098 -562.406311 144 ) (-5136 -527.316589 144 ) (-5136 -563.815796 144 ) 
4 1956 2152 (-5120 -1024 144 ) (-5120 -1024 176 ) (-5140 -1024 176 ) (-5140 -1024 144 ) 
4 1956 1978 (-5120 -1024 144 ) (-5140 -1024 144 ) (-5140 -880 144 ) (-5120 -880 144 ) 
4 1956 1960 (-5140 -880 144 ) (-5140 -1024 144 ) (-5140 -1024 160 ) (-5140 -880 160 ) 
4 1956 1957 (-5140 -1024 160 ) (-5140 -1024 176 ) (-5140 -880 176 ) (-5140 -880 160 ) 
4 1957 2152 (-5140 -1024 176 ) (-5168 -1024 176 ) (-5168 -1024 160 ) (-5140 -1024 160 ) 
4 1957 1988 (-5168 -1024 160 ) (-5168 -1024 176 ) (-5168 -880 176 ) (-5168 -880 160 ) 
4 1957 1960 (-5168 -1024 160 ) (-5168 -880 160 ) (-5140 -880 160 ) (-5140 -1024 160 ) 
4 1958 1976 (-5168 -132 144 ) (-5168 0 144 ) (-5140 0 144 ) (-5140 -132 144 ) 
4 1958 1959 (-5168 -132 144 ) (-5140 -132 144 ) (-5140 -132 156 ) (-5168 -132 156 ) 
4 1959 1976 (-5168 -160 144 ) (-5168 -132 144 ) (-5140 -132 144 ) (-5140 -160 144 ) 
4 1960 2152 (-5168 -1024 160 ) (-5168 -1024 144 ) (-5140 -1024 144 ) (-5140 -1024 160 ) 
4 1960 1988 (-5168 -1024 144 ) (-5168 -1024 160 ) (-5168 -880 160 ) (-5168 -880 144 ) 
4 1960 1978 (-5140 -1024 144 ) (-5168 -1024 144 ) (-5168 -880 144 ) (-5140 -880 144 ) 
5 1961 1976 (-5136 -88.230492 144 ) (-5136 0 144 ) (-5136 0 56.817795 ) (-5136 -16.637785 28 ) (-5136 -155.201889 28 ) 
3 1961 1974 (-5136 -9.263813 40.777004 ) (-5136 -8.807619 41.567154 ) (-5135.604492 -10.862617 41.172028 ) 
5 1961 1973 (-5136 -8.807619 41.567154 ) (-5136 -2.731857 52.090675 ) (-5121 -63.353813 67.088013 ) (-5121 -69.895378 55.757534 ) (-5135.604492 -10.862617 41.172028 ) 
4 1961 1972 (-5121 -85.920975 28 ) (-5136 -16.640625 28 ) (-5136 -9.263813 40.777004 ) (-5121 -69.895378 55.757534 ) 
5 1961 1971 (-5136 -2.731857 52.090675 ) (-5136 -1.071367 54.966728 ) (-5128 -28.781319 70.965073 ) (-5128 -34.781502 60.572891 ) (-5128.484863 -33.104271 59.604542 ) 
3 1961 1970 (-5121 -59.031910 74.573868 ) (-5121 -63.353813 67.088013 ) (-5128.484863 -33.104271 59.604542 ) 
5 1961 1969 (-5136 -1.071367 54.966728 ) (-5136 0 56.822392 ) (-5125.102539 0 144 ) (-5121 -18.949263 144 ) (-5121 -53.031975 84.966202 ) 
4 1961 1968 (-5136 -92.845474 136 ) (-5136 -155.200775 28 ) (-5128 -118.250336 28 ) (-5128 -55.895802 136 ) 
4 1961 1967 (-5128 -118.250336 28 ) (-5121 -85.918701 28 ) (-5121 -59.029915 74.572723 ) (-5128 -83.278351 88.572571 ) 
4 1961 1965 (-5121 -53.028229 84.967941 ) (-5121 -23.564835 136 ) (-5128 -55.895802 136 ) (-5128 -77.276688 98.967636 ) 
4 1961 1964 (-5136 -88.226563 144 ) (-5136 -92.845474 136 ) (-5128 -55.895798 136 ) (-5128 -51.276947 144 ) 
4 1961 1963 (-5128 -55.895798 136 ) (-5121 -23.564835 136 ) (-5121 -18.946030 144 ) (-5128 -51.276947 144 ) 
3 1962 1964 (-5128 -154.694000 144 ) (-5128 -143.652985 144 ) (-5128 -146.983353 138.231796 ) 
4 1962 1963 (-5128 -146.559906 138.967850 ) (-5128 -143.654495 144 ) (-5120 -143.654907 144 ) (-5120 -146.560013 138.967911 ) 
4 1963 1969 (-5121 -23.568001 136 ) (-5121 -18.949263 144 ) (-5120 -23.568596 144 ) (-5120 -28.187397 136 ) 
5 1963 1965 (-5128 -141.419373 136 ) (-5128 -55.896091 136 ) (-5121 -23.564346 136 ) (-5120 -28.183168 136 ) (-5120 -141.419373 136 ) 
5 1963 1964 (-5128 -51.281250 144 ) (-5128 -55.898438 136 ) (-5128 -141.419373 136 ) (-5128 -146.558762 138.967194 ) (-5128 -143.652985 144 ) 
4 1964 1976 (-5136 -154.694000 144 ) (-5136 -88.230492 144 ) (-5136 -92.849213 136 ) (-5136 -144 136 ) 
4 1964 1968 (-5136 -142 136 ) (-5136 -92.846664 136 ) (-5128 -55.896091 136 ) (-5128 -142 136 ) 
4 1965 1969 (-5121 -53.030285 84.969131 ) (-5121 -23.568001 136 ) (-5120 -28.187397 136 ) (-5120 -56.495140 86.969543 ) 
3 1965 1968 (-5128 -141.419373 136 ) (-5128 -55.894531 136 ) (-5128 -77.275566 98.966988 ) 
3 1966 1968 (-5128 -153.887436 126.273903 ) (-5128 -160 115.686943 ) (-5128 -160 121.272720 ) 
4 1966 1967 (-5120 -160 115.687500 ) (-5128 -160 115.687500 ) (-5128 -153.889236 126.272423 ) (-5120 -153.889236 126.272423 ) 
4 1967 1973 (-5121 -69.895416 55.757462 ) (-5121 -63.353870 67.087914 ) (-5120 -67.396362 68.088066 ) (-5120 -73.938675 56.756454 ) 
4 1967 1972 (-5120 -90.541214 28 ) (-5121 -85.920975 28 ) (-5121 -69.895416 55.757462 ) (-5120 -73.938675 56.756454 ) 
4 1967 1970 (-5121 -63.353870 67.087914 ) (-5121 -59.031906 74.573875 ) (-5120 -62.496815 76.574333 ) (-5120 -67.396362 68.088066 ) 
6 1967 1968 (-5128 -83.277176 88.571899 ) (-5128 -118.248413 28 ) (-5128 -160 28 ) (-5128 -160 115.686943 ) (-5128 -153.887421 126.273911 ) (-5128 -151.691238 128.070786 ) 
5 1968 1976 (-5136 -92.849213 136 ) (-5136 -155.201889 28 ) (-5136 -160 28 ) (-5136 -160 121.272720 ) (-5136 -142 136 ) 
3 1969 1976 (-5136 0 56.817795 ) (-5136 0 54.348175 ) (-5136 -1.069367 54.965576 ) 
5 1969 1971 (-5128 -28.783224 70.962532 ) (-5136 -1.074219 54.964844 ) (-5136 0 54.344677 ) (-5120 0 54.344650 ) (-5120 -23.586081 67.961983 ) 
4 1970 1973 (-5120 -67.394623 68.087265 ) (-5128.484863 -33.102921 59.603760 ) (-5124.222168 -25.714520 55.338058 ) (-5120 -36.680168 57.446941 ) 
4 1970 1971 (-5120 -18.400202 51.115364 ) (-5128.484375 -33.105469 59.605469 ) (-5128 -34.780933 60.572800 ) (-5120 -29.584362 57.572548 ) 
4 1971 1976 (-5136 0 54.348175 ) (-5136 0 51.144257 ) (-5136 -2.729640 52.089870 ) (-5136 -1.069367 54.965576 ) 
3 1971 1974 (-5134.123535 0 50.392906 ) (-5120.928223 0 45.111420 ) (-5127.954590 -16.021002 53.473900 ) 
5 1971 1973 (-5128.484863 -33.102921 59.603760 ) (-5136 -2.730469 52.089844 ) (-5136 0 51.143955 ) (-5134.123535 0 50.392906 ) (-5124.222168 -25.714520 55.338058 ) 
4 1972 1976 (-5136 0 37.570213 ) (-5136 0 28 ) (-5136 -16.637785 28 ) (-5136 -9.261521 40.776199 ) 
3 1972 1975 (-5123.712402 -41.754932 47.106857 ) (-5120 -51.399597 48.958717 ) (-5120 -35.952015 43.611671 ) 
5 1972 1974 (-5136 -9.245434 40.774632 ) (-5135.595215 -10.881870 41.178951 ) (-5132.198730 -19.705898 42.873245 ) (-5123.555664 0 32.591137 ) (-5136 0 37.574722 ) 
3 1972 1973 (-5135.595215 -10.881870 41.178951 ) (-5120 -73.920563 56.754154 ) (-5120 -51.399597 48.958717 ) 
4 1973 1976 (-5136 0 51.144257 ) (-5136 0 46.645855 ) (-5136 -8.804358 41.568039 ) (-5136 -2.729640 52.089870 ) 
3 1973 1975 (-5120 -51.397919 48.952202 ) (-5123.711914 -41.753639 47.100552 ) (-5120 -38.533913 56.373775 ) 
6 1973 1974 (-5132.199219 -19.703718 42.867081 ) (-5135.609375 -10.843750 41.166016 ) (-5136 -8.813600 41.556911 ) (-5136 0 46.641628 ) (-5134.121582 0 50.394535 ) (-5127.953125 -16.019295 53.475121 ) 
4 1974 1976 (-5136 0 46.645855 ) (-5136 0 37.570213 ) (-5136 -9.261521 40.776199 ) (-5136 -8.804358 41.568039 ) 
4 1978 2152 (-5120 -1024 16 ) (-5120 -1024 144 ) (-5168 -1024 144 ) (-5168 -1024 16 ) 
4 1978 1989 (-5168 -1024 16 ) (-5168 -1024 144 ) (-5168 -880 144 ) (-5168 -880 16 ) 
4 1978 1979 (-5168 -1024 16 ) (-5168 -880 16 ) (-5120 -880 16 ) (-5120 -1024 16 ) 
4 1979 2171 (-5120 -1024 0 ) (-5120 -1024 16 ) (-5168 -1024 16 ) (-5168 -1024 0 ) 
4 1979 1990 (-5168 -1024 0 ) (-5168 -1024 16 ) (-5168 -880 16 ) (-5168 -880 0 ) 
4 1980 1991 (-5184 0 1856 ) (-5184 0 1224 ) (-5184 -352 1224 ) (-5184 -352 1856 ) 
4 1980 1982 (-5184 -352 1224 ) (-5184 0 1224 ) (-5168 0 1224 ) (-5168 -352 1224 ) 
4 1981 2149 (-5168 -1024 1224 ) (-5168 -1024 1856 ) (-5184 -1024 1856 ) (-5184 -1024 1224 ) 
4 1981 1995 (-5184 -912 1224 ) (-5184 -1024 1224 ) (-5184 -1024 1856 ) (-5184 -912 1856 ) 
4 1981 1993 (-5184 -368 1224 ) (-5184 -912 1224 ) (-5184 -912 1856 ) (-5184 -368 1856 ) 
4 1981 1983 (-5184 -1024 1224 ) (-5184 -368 1224 ) (-5168 -368 1224 ) (-5168 -1024 1224 ) 
4 1982 1992 (-5184 0 1224 ) (-5184 0 944 ) (-5184 -352 944 ) (-5184 -352 1224 ) 
4 1982 1984 (-5184 -352 816 ) (-5184 0 816 ) (-5168 0 816 ) (-5168 -352 816 ) 
4 1983 2150 (-5168 -1024 816 ) (-5168 -1024 1224 ) (-5184 -1024 1224 ) (-5184 -1024 816 ) 
4 1983 1996 (-5184 -912 816 ) (-5184 -1024 816 ) (-5184 -1024 1224 ) (-5184 -912 1224 ) 
4 1983 1994 (-5184 -912 944 ) (-5184 -912 1224 ) (-5184 -368 1224 ) (-5184 -368 944 ) 
4 1983 1986 (-5184 -1024 816 ) (-5184 -368 816 ) (-5168 -368 816 ) (-5168 -1024 816 ) 
4 1984 1985 (-5184 -354 480 ) (-5168 -354 480 ) (-5168 -354 816 ) (-5184 -354 816 ) 
4 1985 1986 (-5184 -358 480 ) (-5168 -358 480 ) (-5168 -358 816 ) (-5184 -358 816 ) 
4 1986 2150 (-5168 -1024 480 ) (-5168 -1024 816 ) (-5184 -1024 816 ) (-5184 -1024 480 ) 
4 1986 1996 (-5184 -912 480 ) (-5184 -1024 480 ) (-5184 -1024 816 ) (-5184 -912 816 ) 
4 1986 1987 (-5184 -1024 480 ) (-5184 -880 480 ) (-5168 -880 480 ) (-5168 -1024 480 ) 
4 1987 2151 (-5168 -1024 256 ) (-5168 -1024 480 ) (-5184 -1024 480 ) (-5184 -1024 256 ) 
4 1987 1997 (-5184 -1024 256 ) (-5184 -1024 480 ) (-5184 -912 480 ) (-5184 -912 256 ) 
4 1987 1988 (-5184 -1024 256 ) (-5184 -880 256 ) (-5168 -880 256 ) (-5168 -1024 256 ) 
4 1988 2152 (-5168 -1024 144 ) (-5168 -1024 256 ) (-5184 -1024 256 ) (-5184 -1024 144 ) 
4 1988 2007 (-5184 -912 144 ) (-5184 -1024 144 ) (-5184 -1024 160 ) (-5184 -912 160 ) 
4 1988 2001 (-5184 -1024 160 ) (-5184 -1024 208 ) (-5184 -912 208 ) (-5184 -912 160 ) 
4 1988 1998 (-5184 -1024 208 ) (-5184 -1024 256 ) (-5184 -912 256 ) (-5184 -912 208 ) 
4 1988 1989 (-5184 -1024 144 ) (-5184 -880 144 ) (-5168 -880 144 ) (-5168 -1024 144 ) 
4 1989 2152 (-5168 -1024 16 ) (-5168 -1024 144 ) (-5184 -1024 144 ) (-5184 -1024 16 ) 
4 1989 2010 (-5184 -912 16 ) (-5184 -1024 16 ) (-5184 -1024 48 ) (-5184 -912 48 ) 
4 1989 2007 (-5184 -1024 48 ) (-5184 -1024 144 ) (-5184 -912 144 ) (-5184 -912 48 ) 
4 1989 1990 (-5184 -1024 16 ) (-5184 -880 16 ) (-5168 -880 16 ) (-5168 -1024 16 ) 
4 1990 2171 (-5168 -1024 0 ) (-5168 -1024 16 ) (-5184 -1024 16 ) (-5184 -1024 0 ) 
4 1990 2014 (-5184 -1024 0 ) (-5184 -1024 16 ) (-5184 -880 16 ) (-5184 -880 0 ) 
4 1991 2015 (-6032 -352 1856 ) (-6032 0 1856 ) (-6032 0 1224 ) (-6032 -352 1224 ) 
4 1991 1992 (-5184 -352 1224 ) (-6032 -352 1224 ) (-6032 0 1224 ) (-5184 0 1224 ) 
4 1992 2017 (-6032 0 1224 ) (-6032 0 944 ) (-6032 -352 944 ) (-6032 -352 1224 ) 
4 1993 2016 (-6032 -912 1856 ) (-6032 -368 1856 ) (-6032 -368 1224 ) (-6032 -912 1224 ) 
4 1993 1995 (-5184 -912 1224 ) (-5184 -912 1856 ) (-6032 -912 1856 ) (-6032 -912 1224 ) 
4 1993 1994 (-5184 -912 1224 ) (-6032 -912 1224 ) (-6032 -368 1224 ) (-5184 -368 1224 ) 
4 1994 2018 (-6032 -912 944 ) (-6032 -912 1224 ) (-6032 -368 1224 ) (-6032 -368 944 ) 
4 1994 1996 (-5184 -912 944 ) (-5184 -912 1224 ) (-6032 -912 1224 ) (-6032 -912 944 ) 
4 1995 2172 (-5392 -1024 1856 ) (-6032 -1024 1856 ) (-6032 -1024 1224 ) (-5392 -1024 1224 ) 
4 1995 2149 (-5184 -1024 1224 ) (-5184 -1024 1856 ) (-5392 -1024 1856 ) (-5392 -1024 1224 ) 
4 1995 2016 (-6032 -1024 1224 ) (-6032 -1024 1856 ) (-6032 -912 1856 ) (-6032 -912 1224 ) 
4 1995 1996 (-6032 -1024 1224 ) (-6032 -912 1224 ) (-5184 -912 1224 ) (-5184 -1024 1224 ) 
4 1996 2173 (-5392 -1024 1224 ) (-6032 -1024 1224 ) (-6032 -1024 480 ) (-5392 -1024 480 ) 
4 1996 2150 (-5184 -1024 480 ) (-5184 -1024 1224 ) (-5392 -1024 1224 ) (-5392 -1024 480 ) 
4 1996 2018 (-6032 -1024 480 ) (-6032 -1024 1224 ) (-6032 -912 1224 ) (-6032 -912 480 ) 
4 1996 1997 (-6032 -1024 480 ) (-6032 -912 480 ) (-5184 -912 480 ) (-5184 -1024 480 ) 
4 1997 2174 (-5392 -1024 480 ) (-6032 -1024 480 ) (-6032 -1024 256 ) (-5392 -1024 256 ) 
4 1997 2151 (-5184 -1024 256 ) (-5184 -1024 480 ) (-5392 -1024 480 ) (-5392 -1024 256 ) 
4 1997 2000 (-6032 -1024 256 ) (-6032 -912 256 ) (-5712 -912 256 ) (-5712 -1024 256 ) 
4 1997 1999 (-5712 -912 256 ) (-5392 -912 256 ) (-5392 -1024 256 ) (-5712 -1024 256 ) 
4 1997 1998 (-5392 -912 256 ) (-5184 -912 256 ) (-5184 -1024 256 ) (-5392 -1024 256 ) 
4 1998 2152 (-5184 -1024 208 ) (-5184 -1024 256 ) (-5392 -1024 256 ) (-5392 -1024 208 ) 
4 1998 2001 (-5392 -912 208 ) (-5184 -912 208 ) (-5184 -1024 208 ) (-5392 -1024 208 ) 
4 1998 1999 (-5392 -912 256 ) (-5392 -912 208 ) (-5392 -1024 208 ) (-5392 -1024 256 ) 
4 1999 2176 (-5392 -1024 256 ) (-5712 -1024 256 ) (-5712 -1024 208 ) (-5392 -1024 208 ) 
4 1999 2002 (-5712 -912 208 ) (-5392 -912 208 ) (-5392 -1024 208 ) (-5712 -1024 208 ) 
4 1999 2000 (-5712 -912 256 ) (-5712 -912 208 ) (-5712 -1024 208 ) (-5712 -1024 256 ) 
4 2000 2177 (-5712 -1024 256 ) (-6032 -1024 256 ) (-6032 -1024 208 ) (-5712 -1024 208 ) 
4 2000 2005 (-6032 -1024 208 ) (-6032 -912 208 ) (-6000 -912 208 ) (-6000 -1024 208 ) 
4 2000 2004 (-6000 -912 208 ) (-5872 -912 208 ) (-5872 -1024 208 ) (-6000 -1024 208 ) 
4 2000 2003 (-5872 -912 208 ) (-5712 -912 208 ) (-5712 -1024 208 ) (-5872 -1024 208 ) 
4 2001 2152 (-5184 -1024 160 ) (-5184 -1024 208 ) (-5392 -1024 208 ) (-5392 -1024 160 ) 
4 2001 2007 (-5184 -912 160 ) (-5184 -1024 160 ) (-5392 -1024 160 ) (-5392 -912 160 ) 
4 2001 2002 (-5392 -912 208 ) (-5392 -912 160 ) (-5392 -1024 160 ) (-5392 -1024 208 ) 
4 2002 2176 (-5392 -1024 208 ) (-5712 -1024 208 ) (-5712 -1024 160 ) (-5392 -1024 160 ) 
4 2002 2008 (-5392 -1024 160 ) (-5712 -1024 160 ) (-5712 -912 160 ) (-5392 -912 160 ) 
4 2002 2003 (-5712 -912 208 ) (-5712 -912 160 ) (-5712 -1024 160 ) (-5712 -1024 208 ) 
4 2003 2177 (-5712 -1024 208 ) (-5872 -1024 208 ) (-5872 -1024 160 ) (-5712 -1024 160 ) 
4 2003 2009 (-5712 -1024 160 ) (-5872 -1024 160 ) (-5872 -912 160 ) (-5712 -912 160 ) 
4 2003 2004 (-5872 -912 160 ) (-5872 -1024 160 ) (-5872 -1024 208 ) (-5872 -912 208 ) 
4 2004 2177 (-5872 -1024 208 ) (-6000 -1024 208 ) (-6000 -1024 160 ) (-5872 -1024 160 ) 
4 2004 2009 (-5872 -912 160 ) (-5872 -1024 160 ) (-6000 -1024 160 ) (-6000 -912 160 ) 
4 2004 2006 (-5872 -908 160 ) (-5872 -912 160 ) (-6000 -912 160 ) (-6000 -908 160 ) 
4 2004 2005 (-6000 -912 160 ) (-6000 -1024 160 ) (-6000 -1024 208 ) (-6000 -912 208 ) 
4 2005 2177 (-6000 -1024 208 ) (-6032 -1024 208 ) (-6032 -1024 160 ) (-6000 -1024 160 ) 
4 2005 2009 (-6032 -1024 160 ) (-6032 -912 160 ) (-6000 -912 160 ) (-6000 -1024 160 ) 
4 2006 2009 (-5872 -912 160 ) (-6000 -912 160 ) (-6000 -912 80 ) (-5872 -912 80 ) 
4 2007 2152 (-5184 -1024 48 ) (-5184 -1024 160 ) (-5392 -1024 160 ) (-5392 -1024 48 ) 
4 2007 2010 (-5392 -912 48 ) (-5184 -912 48 ) (-5184 -1024 48 ) (-5392 -1024 48 ) 
4 2007 2008 (-5392 -912 160 ) (-5392 -912 48 ) (-5392 -1024 48 ) (-5392 -1024 160 ) 
4 2008 2189 (-5712 -1024 128 ) (-5712 -1024 48 ) (-5392 -1024 48 ) (-5392 -1024 128 ) 
4 2008 2176 (-5392 -1024 160 ) (-5712 -1024 160 ) (-5712 -1024 128 ) (-5392 -1024 128 ) 
4 2008 2012 (-5712 -912 48 ) (-5616 -912 48 ) (-5616 -1024 48 ) (-5712 -1024 48 ) 
4 2008 2011 (-5616 -912 48 ) (-5392 -912 48 ) (-5392 -1024 48 ) (-5616 -1024 48 ) 
4 2008 2009 (-5712 -912 160 ) (-5712 -912 48 ) (-5712 -1024 48 ) (-5712 -1024 160 ) 
4 2009 2190 (-6032 -1024 128 ) (-6032 -1024 48 ) (-5712 -1024 48 ) (-5712 -1024 128 ) 
4 2009 2177 (-5712 -1024 160 ) (-6032 -1024 160 ) (-6032 -1024 128 ) (-5712 -1024 128 ) 
4 2009 2013 (-6032 -1024 48 ) (-6032 -912 48 ) (-5712 -912 48 ) (-5712 -1024 48 ) 
4 2010 2152 (-5184 -1024 16 ) (-5184 -1024 48 ) (-5392 -1024 48 ) (-5392 -1024 16 ) 
4 2010 2014 (-5184 -912 16 ) (-5184 -1024 16 ) (-5392 -1024 16 ) (-5392 -912 16 ) 
4 2010 2011 (-5392 -912 16 ) (-5392 -1024 16 ) (-5392 -1024 48 ) (-5392 -912 48 ) 
4 2011 2189 (-5392 -1024 48 ) (-5616 -1024 48 ) (-5616 -1024 16 ) (-5392 -1024 16 ) 
4 2011 2014 (-5392 -912 16 ) (-5392 -1024 16 ) (-5616 -1024 16 ) (-5616 -912 16 ) 
4 2011 2012 (-5616 -912 16 ) (-5616 -1024 16 ) (-5616 -1024 48 ) (-5616 -912 48 ) 
4 2012 2189 (-5616 -1024 48 ) (-5712 -1024 48 ) (-5712 -1024 16 ) (-5616 -1024 16 ) 
4 2012 2014 (-5712 -912 16 ) (-5616 -912 16 ) (-5616 -1024 16 ) (-5712 -1024 16 ) 
4 2012 2013 (-5712 -912 48 ) (-5712 -912 16 ) (-5712 -1024 16 ) (-5712 -1024 48 ) 
4 2013 2190 (-5712 -1024 48 ) (-6032 -1024 48 ) (-6032 -1024 16 ) (-5712 -1024 16 ) 
4 2013 2014 (-6032 -1024 16 ) (-6032 -912 16 ) (-5712 -912 16 ) (-5712 -1024 16 ) 
4 2014 2199 (-5392 -1024 16 ) (-6032 -1024 16 ) (-6032 -1024 0 ) (-5392 -1024 0 ) 
4 2014 2171 (-5184 -1024 0 ) (-5184 -1024 16 ) (-5392 -1024 16 ) (-5392 -1024 0 ) 
4 2015 2070 (-6144 -352 1856 ) (-6144 0 1856 ) (-6144 0 1224 ) (-6144 -352 1224 ) 
4 2015 2017 (-6144 -352 1224 ) (-6144 0 1224 ) (-6032 0 1224 ) (-6032 -352 1224 ) 
4 2016 2172 (-6032 -1024 1224 ) (-6032 -1024 1856 ) (-6144 -1024 1856 ) (-6144 -1024 1224 ) 
4 2016 2071 (-6144 -1024 1224 ) (-6144 -1024 1856 ) (-6144 -368 1856 ) (-6144 -368 1224 ) 
4 2016 2018 (-6144 -1024 1224 ) (-6144 -368 1224 ) (-6032 -368 1224 ) (-6032 -1024 1224 ) 
4 2017 2072 (-6144 -352 1224 ) (-6144 0 1224 ) (-6144 0 480 ) (-6144 -352 480 ) 
4 2018 2173 (-6032 -1024 480 ) (-6032 -1024 1224 ) (-6144 -1024 1224 ) (-6144 -1024 480 ) 
4 2018 2073 (-6144 -1024 480 ) (-6144 -1024 1224 ) (-6144 -368 1224 ) (-6144 -368 480 ) 
4 2019 2020 (-6144 4096 1616 ) (-6144 4096 1856 ) (-6800 4096 1856 ) (-6800 4096 1616 ) 
4 2020 2023 (-6144 3824 1616 ) (-6144 3824 1856 ) (-6800 3824 1856 ) (-6800 3824 1616 ) 
4 2020 2021 (-6144 3824 1616 ) (-6800 3824 1616 ) (-6800 3952 1616 ) (-6144 3952 1616 ) 
4 2021 2023 (-6144 3824 1224 ) (-6144 3824 1616 ) (-6800 3824 1616 ) (-6800 3824 1224 ) 
4 2021 2022 (-6144 3824 1224 ) (-6800 3824 1224 ) (-6800 3952 1224 ) (-6144 3952 1224 ) 
4 2022 2024 (-6144 3824 704 ) (-6144 3824 1224 ) (-6800 3824 1224 ) (-6800 3824 704 ) 
4 2023 2027 (-6144 3072 1224 ) (-6144 3072 1856 ) (-7168 3072 1856 ) (-7168 3072 1224 ) 
4 2023 2025 (-7168 3072 1224 ) (-7168 3072 1856 ) (-7168 3824 1856 ) (-7168 3824 1224 ) 
4 2023 2024 (-6144 3072 1224 ) (-7168 3072 1224 ) (-7168 3824 1224 ) (-6144 3824 1224 ) 
4 2024 2028 (-6144 3072 704 ) (-6144 3072 1224 ) (-7168 3072 1224 ) (-7168 3072 704 ) 
4 2024 2026 (-7168 3072 704 ) (-7168 3072 1224 ) (-7168 3824 1224 ) (-7168 3824 704 ) 
4 2025 2031 (-7168 3072 1224 ) (-7168 3072 1856 ) (-7520 3072 1856 ) (-7520 3072 1224 ) 
4 2025 2026 (-7520 3072 1224 ) (-7520 3824 1224 ) (-7168 3824 1224 ) (-7168 3072 1224 ) 
4 2026 2032 (-7168 3072 704 ) (-7168 3072 1224 ) (-7520 3072 1224 ) (-7520 3072 704 ) 
4 2027 2036 (-6144 2048 1224 ) (-6144 2048 1856 ) (-7168 2048 1856 ) (-7168 2048 1224 ) 
4 2027 2033 (-7168 2800 1224 ) (-7168 2048 1224 ) (-7168 2048 1856 ) (-7168 2800 1856 ) 
4 2027 2031 (-7168 3072 1856 ) (-7168 3072 1224 ) (-7168 2800 1224 ) (-7168 2800 1856 ) 
4 2027 2028 (-7168 3072 1224 ) (-6144 3072 1224 ) (-6144 2800 1224 ) (-7168 2800 1224 ) 
4 2027 2029 (-6144 2800 1224 ) (-6144 2048 1224 ) (-7168 2048 1224 ) (-7168 2800 1224 ) 
4 2028 2032 (-7168 3072 1224 ) (-7168 3072 704 ) (-7168 2800 704 ) (-7168 2800 1224 ) 
4 2028 2029 (-6144 2800 704 ) (-6144 2800 1224 ) (-7168 2800 1224 ) (-7168 2800 704 ) 
4 2029 2040 (-6736 2048 620 ) (-7168 2048 620 ) (-7168 2048 16 ) (-6736 2048 16 ) 
4 2029 2038 (-6144 2048 16 ) (-6144 2048 620 ) (-6736 2048 620 ) (-6736 2048 16 ) 
4 2029 2037 (-6144 2048 620 ) (-6144 2048 1224 ) (-7168 2048 1224 ) (-7168 2048 620 ) 
4 2029 2034 (-7168 2800 16 ) (-7168 2048 16 ) (-7168 2048 1224 ) (-7168 2800 1224 ) 
4 2029 2030 (-6144 2672 16 ) (-6144 2168 16 ) (-7168 2168 16 ) (-7168 2672 16 ) 
4 2030 2035 (-7168 2168 8 ) (-7168 2168 16 ) (-7168 2672 16 ) (-7168 2672 8 ) 
4 2031 2033 (-7168 2800 1224 ) (-7168 2800 1856 ) (-7520 2800 1856 ) (-7520 2800 1224 ) 
4 2031 2032 (-7168 2800 1224 ) (-7520 2800 1224 ) (-7520 3072 1224 ) (-7168 3072 1224 ) 
4 2032 2034 (-7168 2800 704 ) (-7168 2800 1224 ) (-7520 2800 1224 ) (-7520 2800 704 ) 
4 2033 2047 (-7168 2048 1224 ) (-7168 2048 1856 ) (-7520 2048 1856 ) (-7520 2048 1224 ) 
4 2033 2034 (-7168 2048 1224 ) (-7520 2048 1224 ) (-7520 2800 1224 ) (-7168 2800 1224 ) 
4 2034 2049 (-7168 2048 16 ) (-7168 2048 528 ) (-7520 2048 528 ) (-7520 2048 16 ) 
4 2034 2048 (-7168 2048 528 ) (-7168 2048 1224 ) (-7520 2048 1224 ) (-7520 2048 528 ) 
4 2034 2035 (-7168 2672 16 ) (-7168 2168 16 ) (-7520 2168 16 ) (-7520 2672 16 ) 
4 2036 2054 (-6144 1024 1224 ) (-6144 1024 1856 ) (-7168 1024 1856 ) (-7168 1024 1224 ) 
4 2036 2047 (-7168 2048 1856 ) (-7168 2048 1224 ) (-7168 1024 1224 ) (-7168 1024 1856 ) 
4 2036 2037 (-7168 1024 1224 ) (-7168 2048 1224 ) (-6144 2048 1224 ) (-6144 1024 1224 ) 
4 2037 2055 (-6144 1024 620 ) (-6144 1024 1224 ) (-7168 1024 1224 ) (-7168 1024 620 ) 
4 2037 2048 (-7168 2048 1224 ) (-7168 2048 620 ) (-7168 1024 620 ) (-7168 1024 1224 ) 
4 2037 2043 (-7168 1136 620 ) (-7168 1584 620 ) (-6736 1584 620 ) (-6736 1136 620 ) 
4 2037 2044 (-7168 1024 620 ) (-7168 1136 620 ) (-6736 1136 620 ) (-6736 1024 620 ) 
4 2037 2042 (-6144 1136 620 ) (-6144 1024 620 ) (-6736 1024 620 ) (-6736 1136 620 ) 
4 2037 2041 (-7168 1584 620 ) (-7168 2032 620 ) (-6736 2032 620 ) (-6736 1584 620 ) 
4 2037 2040 (-7168 2032 620 ) (-7168 2048 620 ) (-6736 2048 620 ) (-6736 2032 620 ) 
4 2037 2039 (-6144 2032 620 ) (-6144 1584 620 ) (-6736 1584 620 ) (-6736 2032 620 ) 
4 2037 2038 (-6736 2048 620 ) (-6144 2048 620 ) (-6144 2032 620 ) (-6736 2032 620 ) 
4 2038 2040 (-6736 2048 16 ) (-6736 2032 16 ) (-6736 2032 620 ) (-6736 2048 620 ) 
4 2038 2039 (-6736 2032 620 ) (-6736 2032 380 ) (-6144 2032 380 ) (-6144 2032 620 ) 
4 2039 2041 (-6736 1584 528 ) (-6736 1584 620 ) (-6736 2032 620 ) (-6736 2032 528 ) 
4 2040 2049 (-7168 2048 528 ) (-7168 2048 16 ) (-7168 2032 16 ) (-7168 2032 528 ) 
4 2040 2048 (-7168 2048 620 ) (-7168 2048 528 ) (-7168 2032 528 ) (-7168 2032 620 ) 
4 2040 2041 (-6736 2032 528 ) (-6736 2032 620 ) (-7168 2032 620 ) (-7168 2032 528 ) 
4 2041 2048 (-7168 1584 528 ) (-7168 1584 620 ) (-7168 2032 620 ) (-7168 2032 528 ) 
4 2041 2043 (-6736 1584 528 ) (-6736 1584 620 ) (-7168 1584 620 ) (-7168 1584 528 ) 
4 2042 2056 (-6144 1024 16 ) (-6144 1024 480 ) (-6736 1024 480 ) (-6736 1024 16 ) 
4 2042 2055 (-6144 1024 480 ) (-6144 1024 620 ) (-6736 1024 620 ) (-6736 1024 480 ) 
4 2042 2045 (-6144 1024 16 ) (-6160 1024 16 ) (-6160 1136 16 ) (-6144 1136 16 ) 
4 2042 2044 (-6736 1136 16 ) (-6736 1024 16 ) (-6736 1024 620 ) (-6736 1136 620 ) 
4 2043 2050 (-7168 1136 400 ) (-7168 1136 528 ) (-7168 1584 528 ) (-7168 1584 400 ) 
4 2043 2048 (-7168 1136 528 ) (-7168 1136 620 ) (-7168 1584 620 ) (-7168 1584 528 ) 
4 2043 2044 (-6736 1136 400 ) (-6736 1136 620 ) (-7168 1136 620 ) (-7168 1136 400 ) 
4 2044 2056 (-7168 1024 480 ) (-7168 1024 16 ) (-6736 1024 16 ) (-6736 1024 480 ) 
4 2044 2055 (-6736 1024 620 ) (-7168 1024 620 ) (-7168 1024 480 ) (-6736 1024 480 ) 
4 2044 2051 (-7168 1136 16 ) (-7168 1024 16 ) (-7168 1024 528 ) (-7168 1136 528 ) 
4 2044 2048 (-7168 1024 528 ) (-7168 1024 620 ) (-7168 1136 620 ) (-7168 1136 528 ) 
4 2045 2057 (-6144 1024 8 ) (-6144 1024 16 ) (-6160 1024 16 ) (-6160 1024 8 ) 
4 2045 2046 (-6144 1024 8 ) (-6160 1024 8 ) (-6160 1136 8 ) (-6144 1136 8 ) 
4 2046 2058 (-6144 1024 -192 ) (-6144 1024 8 ) (-6160 1024 8 ) (-6160 1024 -192 ) 
4 2047 2065 (-7168 1024 1224 ) (-7168 1024 1856 ) (-7520 1024 1856 ) (-7520 1024 1224 ) 
4 2047 2052 (-7520 1024 1224 ) (-7520 1024 1856 ) (-7520 1136 1856 ) (-7520 1136 1224 ) 
4 2047 2048 (-7520 1024 1224 ) (-7520 2048 1224 ) (-7168 2048 1224 ) (-7168 1024 1224 ) 
4 2048 2067 (-7168 1024 528 ) (-7168 1024 736 ) (-7520 1024 736 ) (-7520 1024 528 ) 
4 2048 2066 (-7168 1024 736 ) (-7168 1024 1224 ) (-7520 1024 1224 ) (-7520 1024 736 ) 
4 2048 2053 (-7520 1024 528 ) (-7520 1024 1224 ) (-7520 1136 1224 ) (-7520 1136 528 ) 
4 2048 2050 (-7520 1136 528 ) (-7520 1584 528 ) (-7168 1584 528 ) (-7168 1136 528 ) 
4 2048 2051 (-7168 1024 528 ) (-7520 1024 528 ) (-7520 1136 528 ) (-7168 1136 528 ) 
4 2048 2049 (-7520 2032 528 ) (-7520 2048 528 ) (-7168 2048 528 ) (-7168 2032 528 ) 
4 2050 2051 (-7168 1136 528 ) (-7520 1136 528 ) (-7520 1136 400 ) (-7168 1136 400 ) 
4 2051 2068 (-7168 1024 16 ) (-7168 1024 480 ) (-7520 1024 480 ) (-7520 1024 16 ) 
4 2051 2067 (-7168 1024 480 ) (-7168 1024 528 ) (-7520 1024 528 ) (-7520 1024 480 ) 
4 2051 2053 (-7520 1136 16 ) (-7520 1024 16 ) (-7520 1024 528 ) (-7520 1136 528 ) 
4 2052 2065 (-7520 1024 1856 ) (-7600 1024 1856 ) (-7600 1024 1224 ) (-7520 1024 1224 ) 
4 2052 2053 (-7600 1136 1224 ) (-7520 1136 1224 ) (-7520 1024 1224 ) (-7600 1024 1224 ) 
4 2053 2068 (-7600 1024 16 ) (-7520 1024 16 ) (-7520 1024 480 ) (-7600 1024 480 ) 
4 2053 2067 (-7520 1024 480 ) (-7520 1024 736 ) (-7600 1024 736 ) (-7600 1024 480 ) 
4 2053 2066 (-7520 1024 736 ) (-7520 1024 1224 ) (-7600 1024 1224 ) (-7600 1024 736 ) 
4 2054 2065 (-7168 304 1224 ) (-7168 304 1856 ) (-7168 1024 1856 ) (-7168 1024 1224 ) 
4 2054 2062 (-6416 304 1856 ) (-7168 304 1856 ) (-7168 304 1224 ) (-6416 304 1224 ) 
4 2054 2060 (-6144 304 1224 ) (-6144 304 1856 ) (-6416 304 1856 ) (-6416 304 1224 ) 
4 2054 2055 (-6144 304 1224 ) (-7168 304 1224 ) (-7168 1024 1224 ) (-6144 1024 1224 ) 
4 2055 2067 (-7168 304 480 ) (-7168 304 736 ) (-7168 1024 736 ) (-7168 1024 480 ) 
4 2055 2066 (-7168 304 736 ) (-7168 304 1224 ) (-7168 1024 1224 ) (-7168 1024 736 ) 
4 2055 2063 (-6416 304 1224 ) (-6800 304 1224 ) (-6800 304 904 ) (-6416 304 904 ) 
4 2055 2064 (-6800 304 1224 ) (-7168 304 1224 ) (-7168 304 736 ) (-6800 304 736 ) 
4 2055 2061 (-6144 304 480 ) (-6144 304 1224 ) (-6416 304 1224 ) (-6416 304 480 ) 
4 2055 2056 (-6144 304 480 ) (-7168 304 480 ) (-7168 1024 480 ) (-6144 1024 480 ) 
4 2056 2068 (-7168 304 16 ) (-7168 304 480 ) (-7168 1024 480 ) (-7168 1024 16 ) 
4 2056 2059 (-7168 496 16 ) (-7168 1008 16 ) (-6160 1008 16 ) (-6160 496 16 ) 
4 2056 2057 (-6160 368 16 ) (-6160 1024 16 ) (-6144 1024 16 ) (-6144 368 16 ) 
4 2057 2059 (-6160 496 16 ) (-6160 1008 16 ) (-6160 1008 8 ) (-6160 496 8 ) 
4 2057 2058 (-6144 368 8 ) (-6160 368 8 ) (-6160 1024 8 ) (-6144 1024 8 ) 
4 2059 2069 (-7168 496 16 ) (-7168 1008 16 ) (-7168 1008 8 ) (-7168 496 8 ) 
4 2060 2070 (-6144 0 1224 ) (-6144 0 1856 ) (-6416 0 1856 ) (-6416 0 1224 ) 
4 2060 2062 (-6416 304 1856 ) (-6416 304 1224 ) (-6416 0 1224 ) (-6416 0 1856 ) 
4 2060 2061 (-6144 0 1224 ) (-6416 0 1224 ) (-6416 304 1224 ) (-6144 304 1224 ) 
4 2061 2072 (-6144 0 480 ) (-6144 0 1224 ) (-6416 0 1224 ) (-6416 0 480 ) 
4 2061 2063 (-6416 304 1224 ) (-6416 304 904 ) (-6416 0 904 ) (-6416 0 1224 ) 
4 2062 2078 (-7168 0 1856 ) (-7168 0 1224 ) (-6800 0 1224 ) (-6800 0 1856 ) 
4 2062 2074 (-6800 0 1224 ) (-6416 0 1224 ) (-6416 0 1856 ) (-6800 0 1856 ) 
4 2062 2065 (-7168 0 1224 ) (-7168 0 1856 ) (-7168 304 1856 ) (-7168 304 1224 ) 
4 2062 2063 (-6800 304 1224 ) (-6416 304 1224 ) (-6416 0 1224 ) (-6800 0 1224 ) 
4 2062 2064 (-7168 304 1224 ) (-6800 304 1224 ) (-6800 0 1224 ) (-7168 0 1224 ) 
4 2063 2075 (-6416 0 904 ) (-6416 0 1224 ) (-6800 0 1224 ) (-6800 0 904 ) 
4 2063 2064 (-6800 0 904 ) (-6800 0 1224 ) (-6800 304 1224 ) (-6800 304 904 ) 
4 2064 2079 (-7168 0 1224 ) (-7168 0 736 ) (-6800 0 736 ) (-6800 0 1224 ) 
4 2064 2066 (-7168 0 736 ) (-7168 0 1224 ) (-7168 304 1224 ) (-7168 304 736 ) 
4 2065 2082 (-7168 0 1224 ) (-7168 0 1856 ) (-7600 0 1856 ) (-7600 0 1224 ) 
4 2065 2066 (-7600 0 1224 ) (-7600 1024 1224 ) (-7168 1024 1224 ) (-7168 0 1224 ) 
4 2066 2083 (-7168 0 736 ) (-7168 0 1224 ) (-7600 0 1224 ) (-7600 0 736 ) 
4 2066 2067 (-7600 304 736 ) (-7600 1024 736 ) (-7168 1024 736 ) (-7168 304 736 ) 
4 2067 2068 (-7168 304 480 ) (-7600 304 480 ) (-7600 1024 480 ) (-7168 1024 480 ) 
4 2068 2069 (-7168 1008 16 ) (-7168 496 16 ) (-7600 496 16 ) (-7600 1008 16 ) 
4 2070 2074 (-6416 -352 1856 ) (-6416 0 1856 ) (-6416 0 1224 ) (-6416 -352 1224 ) 
4 2070 2072 (-6416 -352 1224 ) (-6416 0 1224 ) (-6144 0 1224 ) (-6144 -352 1224 ) 
4 2071 2463 (-6144 -1024 1224 ) (-6144 -1024 1856 ) (-6416 -1024 1856 ) (-6416 -1024 1224 ) 
4 2071 2076 (-6416 -1024 1224 ) (-6416 -1024 1856 ) (-6416 -368 1856 ) (-6416 -368 1224 ) 
4 2071 2073 (-6144 -1024 1224 ) (-6416 -1024 1224 ) (-6416 -368 1224 ) (-6144 -368 1224 ) 
4 2072 2075 (-6416 -352 1224 ) (-6416 0 1224 ) (-6416 0 904 ) (-6416 -352 904 ) 
4 2073 2464 (-6144 -1024 480 ) (-6144 -1024 1224 ) (-6416 -1024 1224 ) (-6416 -1024 480 ) 
4 2073 2077 (-6416 -1024 904 ) (-6416 -1024 1224 ) (-6416 -368 1224 ) (-6416 -368 904 ) 
4 2074 2078 (-6800 0 1856 ) (-6800 0 1224 ) (-6800 -352 1224 ) (-6800 -352 1856 ) 
4 2074 2075 (-6800 -352 1224 ) (-6800 0 1224 ) (-6416 0 1224 ) (-6416 -352 1224 ) 
4 2075 2079 (-6800 0 1224 ) (-6800 0 904 ) (-6800 -352 904 ) (-6800 -352 1224 ) 
4 2076 2465 (-6416 -1024 1224 ) (-6416 -1024 1856 ) (-6800 -1024 1856 ) (-6800 -1024 1224 ) 
4 2076 2080 (-6800 -1024 1224 ) (-6800 -1024 1856 ) (-6800 -368 1856 ) (-6800 -368 1224 ) 
4 2076 2077 (-6800 -1024 1224 ) (-6800 -368 1224 ) (-6416 -368 1224 ) (-6416 -1024 1224 ) 
4 2077 2466 (-6416 -1024 904 ) (-6416 -1024 1224 ) (-6800 -1024 1224 ) (-6800 -1024 904 ) 
4 2077 2081 (-6800 -368 904 ) (-6800 -1024 904 ) (-6800 -1024 1224 ) (-6800 -368 1224 ) 
4 2078 2082 (-7168 0 1856 ) (-7168 0 1224 ) (-7168 -352 1224 ) (-7168 -352 1856 ) 
4 2078 2079 (-7168 -352 1224 ) (-7168 0 1224 ) (-6800 0 1224 ) (-6800 -352 1224 ) 
4 2079 2083 (-7168 0 1224 ) (-7168 0 736 ) (-7168 -352 736 ) (-7168 -352 1224 ) 
4 2080 2465 (-6800 -1024 1224 ) (-6800 -1024 1856 ) (-7168 -1024 1856 ) (-7168 -1024 1224 ) 
4 2080 2084 (-7168 -1024 1224 ) (-7168 -1024 1856 ) (-7168 -368 1856 ) (-7168 -368 1224 ) 
4 2080 2081 (-7168 -368 1224 ) (-6800 -368 1224 ) (-6800 -1024 1224 ) (-7168 -1024 1224 ) 
4 2081 2467 (-6800 -1024 736 ) (-6800 -1024 1224 ) (-7168 -1024 1224 ) (-7168 -1024 736 ) 
4 2081 2085 (-7168 -1024 736 ) (-7168 -1024 1224 ) (-7168 -368 1224 ) (-7168 -368 736 ) 
4 2082 2083 (-7600 -352 1224 ) (-7600 0 1224 ) (-7168 0 1224 ) (-7168 -352 1224 ) 
4 2084 2495 (-7168 -1024 1224 ) (-7168 -1024 1856 ) (-7600 -1024 1856 ) (-7600 -1024 1224 ) 
4 2084 2085 (-7168 -1024 1224 ) (-7600 -1024 1224 ) (-7600 -368 1224 ) (-7168 -368 1224 ) 
4 2085 2496 (-7168 -1024 736 ) (-7168 -1024 1224 ) (-7600 -1024 1224 ) (-7600 -1024 736 ) 
4 2086 2096 (-3072 -1040 1224 ) (-3072 -1040 1856 ) (-3608 -1040 1856 ) (-3608 -1040 1224 ) 
4 2086 2087 (-3072 -1040 1224 ) (-3608 -1040 1224 ) (-3608 -1024 1224 ) (-3072 -1024 1224 ) 
4 2087 2098 (-3608 -1040 784 ) (-3072 -1040 784 ) (-3072 -1040 1000 ) (-3608 -1040 1000 ) 
4 2087 2097 (-3072 -1040 1000 ) (-3072 -1040 1224 ) (-3608 -1040 1224 ) (-3608 -1040 1000 ) 
4 2087 2092 (-3072 -1040 784 ) (-3608 -1040 784 ) (-3608 -1024 784 ) (-3072 -1024 784 ) 
4 2088 2090 (-3616 -1024 1224 ) (-3616 -1032 1224 ) (-4060 -1032 1224 ) (-4060 -1024 1224 ) 
4 2088 2089 (-4060 -1024 1224 ) (-4060 -1032 1224 ) (-4060 -1032 1856 ) (-4060 -1024 1856 ) 
4 2089 2115 (-4096 -1024 1856 ) (-4096 -1024 1224 ) (-4096 -1040 1224 ) (-4096 -1040 1856 ) 
4 2089 2101 (-4096 -1040 1856 ) (-4096 -1040 1224 ) (-4060 -1040 1224 ) (-4060 -1040 1856 ) 
4 2089 2091 (-4060 -1040 1224 ) (-4096 -1040 1224 ) (-4096 -1024 1224 ) (-4060 -1024 1224 ) 
4 2090 2091 (-4060 -1024 784 ) (-4060 -1032 784 ) (-4060 -1032 1224 ) (-4060 -1024 1224 ) 
4 2091 2116 (-4096 -1024 1224 ) (-4096 -1024 784 ) (-4096 -1040 784 ) (-4096 -1040 1224 ) 
4 2091 2102 (-4096 -1040 1224 ) (-4096 -1040 1000 ) (-4060 -1040 1000 ) (-4060 -1040 1224 ) 
4 2092 2098 (-3072 -1040 480 ) (-3072 -1040 784 ) (-3616 -1040 784 ) (-3616 -1040 480 ) 
4 2092 2093 (-3072 -1040 480 ) (-3616 -1040 480 ) (-3616 -1024 480 ) (-3072 -1024 480 ) 
4 2093 2099 (-3616 -1040 288 ) (-3072 -1040 288 ) (-3072 -1040 480 ) (-3616 -1040 480 ) 
4 2093 2094 (-3072 -1040 288 ) (-3616 -1040 288 ) (-3616 -1024 288 ) (-3072 -1024 288 ) 
4 2094 2099 (-3616 -1040 140 ) (-3072 -1040 140 ) (-3072 -1040 288 ) (-3616 -1040 288 ) 
4 2094 2095 (-3072 -1040 140 ) (-3616 -1040 140 ) (-3616 -1024 140 ) (-3072 -1024 140 ) 
4 2095 2114 (-3472 -1024 16 ) (-3072 -1024 16 ) (-3072 -1040 16 ) (-3472 -1040 16 ) 
4 2095 2100 (-3616 -1040 16 ) (-3072 -1040 16 ) (-3072 -1040 140 ) (-3616 -1040 140 ) 
4 2096 2105 (-3072 -2000 1224 ) (-3072 -2000 1856 ) (-3728 -2000 1856 ) (-3728 -2000 1224 ) 
4 2096 2097 (-3072 -2000 1224 ) (-4052 -2000 1224 ) (-4052 -1040 1224 ) (-3072 -1040 1224 ) 
4 2097 2106 (-3072 -2000 1000 ) (-3072 -2000 1224 ) (-3728 -2000 1224 ) (-3728 -2000 1000 ) 
4 2097 2098 (-3072 -2000 1000 ) (-4052 -2000 1000 ) (-4052 -1040 1000 ) (-3072 -1040 1000 ) 
4 2098 2111 (-3072 -2000 480 ) (-3072 -2000 712 ) (-3728 -2000 712 ) (-3728 -2000 480 ) 
4 2098 2106 (-3072 -2000 712 ) (-3072 -2000 1000 ) (-3728 -2000 1000 ) (-3728 -2000 712 ) 
4 2098 2099 (-3072 -2000 480 ) (-4060 -2000 480 ) (-4060 -1040 480 ) (-3072 -1040 480 ) 
4 2099 2112 (-3072 -2000 140 ) (-3072 -2000 480 ) (-3728 -2000 480 ) (-3728 -2000 140 ) 
4 2099 2100 (-3072 -2000 140 ) (-4060 -2000 140 ) (-4060 -1040 140 ) (-3072 -1040 140 ) 
4 2100 2114 (-3472 -1040 16 ) (-3072 -1040 16 ) (-3072 -2000 16 ) (-3472 -2000 16 ) 
4 2100 2113 (-3728 -2000 16 ) (-3072 -2000 16 ) (-3072 -2000 140 ) (-3728 -2000 140 ) 
4 2101 2127 (-4096 -1040 1856 ) (-4096 -1040 1224 ) (-4096 -1056 1224 ) (-4096 -1056 1856 ) 
4 2101 2103 (-4060 -1056 1224 ) (-4060 -1056 1856 ) (-4096 -1056 1856 ) (-4096 -1056 1224 ) 
4 2101 2102 (-4060 -1056 1224 ) (-4096 -1056 1224 ) (-4096 -1040 1224 ) (-4060 -1040 1224 ) 
4 2102 2128 (-4096 -1040 1224 ) (-4096 -1040 1000 ) (-4096 -1056 1000 ) (-4096 -1056 1224 ) 
4 2102 2104 (-4060 -1056 1000 ) (-4060 -1056 1224 ) (-4096 -1056 1224 ) (-4096 -1056 1000 ) 
4 2103 2135 (-4096 -1056 1856 ) (-4096 -1056 1224 ) (-4096 -2000 1224 ) (-4096 -2000 1856 ) 
4 2103 2109 (-4060 -2000 1224 ) (-4060 -2000 1856 ) (-4096 -2000 1856 ) (-4096 -2000 1224 ) 
4 2103 2104 (-4096 -1056 1224 ) (-4060 -1056 1224 ) (-4060 -2000 1224 ) (-4096 -2000 1224 ) 
4 2104 2136 (-4096 -1056 1224 ) (-4096 -1056 1000 ) (-4096 -2000 1000 ) (-4096 -2000 1224 ) 
4 2104 2110 (-4060 -2000 1000 ) (-4060 -2000 1224 ) (-4096 -2000 1224 ) (-4096 -2000 1000 ) 
4 2105 2200 (-3072 -2048 1224 ) (-3072 -2048 1856 ) (-3728 -2048 1856 ) (-3728 -2048 1224 ) 
4 2105 2106 (-3072 -2048 1224 ) (-3728 -2048 1224 ) (-3728 -2000 1224 ) (-3072 -2000 1224 ) 
4 2106 2201 (-3072 -2048 712 ) (-3072 -2048 1224 ) (-3728 -2048 1224 ) (-3728 -2048 712 ) 
4 2106 2111 (-3728 -2000 712 ) (-3072 -2000 712 ) (-3072 -2048 712 ) (-3728 -2048 712 ) 
4 2107 2204 (-3736 -2048 1224 ) (-3736 -2048 1856 ) (-4060 -2048 1856 ) (-4060 -2048 1224 ) 
4 2107 2109 (-4060 -2048 1224 ) (-4060 -2048 1856 ) (-4060 -2008 1856 ) (-4060 -2008 1224 ) 
4 2107 2108 (-4060 -2048 1224 ) (-4060 -2008 1224 ) (-3736 -2008 1224 ) (-3736 -2048 1224 ) 
4 2108 2206 (-4060 -2048 712 ) (-3736 -2048 712 ) (-3736 -2048 1224 ) (-4060 -2048 1224 ) 
4 2108 2110 (-4060 -2008 712 ) (-4060 -2048 712 ) (-4060 -2048 1224 ) (-4060 -2008 1224 ) 
4 2109 2204 (-4096 -2048 1856 ) (-4096 -2048 1224 ) (-4060 -2048 1224 ) (-4060 -2048 1856 ) 
4 2109 2138 (-4096 -2048 1224 ) (-4096 -2048 1856 ) (-4096 -2000 1856 ) (-4096 -2000 1224 ) 
4 2109 2110 (-4096 -2048 1224 ) (-4096 -2000 1224 ) (-4060 -2000 1224 ) (-4060 -2048 1224 ) 
4 2110 2206 (-4096 -2048 1224 ) (-4096 -2048 712 ) (-4060 -2048 712 ) (-4060 -2048 1224 ) 
4 2110 2139 (-4096 -2048 712 ) (-4096 -2048 1224 ) (-4096 -2000 1224 ) (-4096 -2000 712 ) 
4 2111 2201 (-3072 -2048 480 ) (-3072 -2048 712 ) (-3728 -2048 712 ) (-3728 -2048 480 ) 
4 2111 2112 (-3072 -2048 480 ) (-3728 -2048 480 ) (-3728 -2000 480 ) (-3072 -2000 480 ) 
4 2112 2202 (-3072 -2048 140 ) (-3072 -2048 480 ) (-3728 -2048 480 ) (-3728 -2048 140 ) 
4 2112 2113 (-3072 -2048 140 ) (-3728 -2048 140 ) (-3728 -2000 140 ) (-3072 -2000 140 ) 
4 2113 2203 (-3072 -2048 16 ) (-3072 -2048 140 ) (-3728 -2048 140 ) (-3728 -2048 16 ) 
4 2113 2114 (-3072 -2048 16 ) (-3472 -2048 16 ) (-3472 -2000 16 ) (-3072 -2000 16 ) 
4 2114 2210 (-3072 -2048 8 ) (-3072 -2048 16 ) (-3472 -2048 16 ) (-3472 -2048 8 ) 
4 2115 2149 (-5120 -1024 1856 ) (-5120 -1024 1224 ) (-5120 -1040 1224 ) (-5120 -1040 1856 ) 
4 2115 2133 (-4888 -1040 1856 ) (-5120 -1040 1856 ) (-5120 -1040 1224 ) (-4888 -1040 1224 ) 
4 2115 2129 (-4832 -1040 1856 ) (-4888 -1040 1856 ) (-4888 -1040 1224 ) (-4832 -1040 1224 ) 
4 2115 2127 (-4096 -1040 1224 ) (-4096 -1040 1856 ) (-4832 -1040 1856 ) (-4832 -1040 1224 ) 
4 2115 2116 (-4096 -1040 1224 ) (-5120 -1040 1224 ) (-5120 -1024 1224 ) (-4096 -1024 1224 ) 
4 2116 2150 (-5120 -1024 1224 ) (-5120 -1024 784 ) (-5120 -1040 784 ) (-5120 -1040 1224 ) 
4 2116 2134 (-4888 -1040 1224 ) (-5120 -1040 1224 ) (-5120 -1040 1000 ) (-4888 -1040 1000 ) 
4 2116 2130 (-4832 -1040 1224 ) (-4888 -1040 1224 ) (-4888 -1040 1000 ) (-4832 -1040 1000 ) 
4 2116 2128 (-4096 -1040 1000 ) (-4096 -1040 1224 ) (-4832 -1040 1224 ) (-4832 -1040 1000 ) 
4 2116 2117 (-4256 -1040 784 ) (-5120 -1040 784 ) (-5120 -1024 784 ) (-4256 -1024 784 ) 
4 2117 2150 (-5120 -1024 784 ) (-5120 -1024 480 ) (-5120 -1040 480 ) (-5120 -1040 784 ) 
4 2117 2118 (-5120 -1024 480 ) (-4256 -1024 480 ) (-4256 -1040 480 ) (-5120 -1040 480 ) 
4 2118 2151 (-5120 -1024 480 ) (-5120 -1024 288 ) (-5120 -1040 288 ) (-5120 -1040 480 ) 
4 2118 2119 (-4256 -1040 288 ) (-5120 -1040 288 ) (-5120 -1024 288 ) (-4256 -1024 288 ) 
4 2119 2151 (-5120 -1024 288 ) (-5120 -1024 256 ) (-5120 -1040 256 ) (-5120 -1040 288 ) 
4 2119 2124 (-4832 -1040 256 ) (-4881.419922 -1040 256 ) (-4885.928223 -1024 256 ) (-4832 -1024 256 ) 
4 2119 2122 (-4881.419922 -1040 256 ) (-5120 -1040 256 ) (-5120 -1024 256 ) (-4885.928223 -1024 256 ) 
4 2119 2121 (-4496 -1040 256 ) (-4832 -1040 256 ) (-4832 -1024 256 ) (-4496 -1024 256 ) 
4 2119 2120 (-4256 -1024 256 ) (-4256 -1040 256 ) (-4496 -1040 256 ) (-4496 -1024 256 ) 
4 2120 2144 (-4352 -1026.596069 16 ) (-4352 -1040 16 ) (-4496 -1040 16 ) (-4496 -1026.588867 16 ) 
4 2120 2143 (-4496 -1024 16 ) (-4352 -1024 16 ) (-4352 -1026.596069 16 ) (-4496 -1026.588867 16 ) 
4 2120 2121 (-4496 -1024 16 ) (-4496 -1040 16 ) (-4496 -1040 256 ) (-4496 -1024 256 ) 
4 2121 2144 (-4496 -1026.588867 16 ) (-4496 -1040 16 ) (-4832 -1040 16 ) (-4832 -1026.572021 16 ) 
4 2121 2143 (-4832 -1024 16 ) (-4496 -1024 16 ) (-4496 -1026.588867 16 ) (-4832 -1026.572021 16 ) 
4 2121 2124 (-4832 -1040 86.390564 ) (-4832 -1040 256 ) (-4832 -1024 256 ) (-4832 -1024 95.640594 ) 
4 2121 2123 (-4832 -1024 16 ) (-4832 -1040 16 ) (-4832 -1040 86.390564 ) (-4832 -1024 95.640594 ) 
4 2122 2152 (-5120 -1024 256 ) (-5120 -1024 16 ) (-5120 -1040 16 ) (-5120 -1040 256 ) 
4 2122 2145 (-5120 -1040 16 ) (-5120 -1026.557617 16 ) (-5002.366211 -1026.563477 16 ) (-4998.580078 -1040 16 ) 
4 2122 2143 (-5120 -1026.557617 16 ) (-5120 -1024 16 ) (-5003.088379 -1024 16 ) (-5002.366211 -1026.563477 16 ) 
3 2122 2126 (-4987.217773 -1040 39.270599 ) (-4994.825195 -1040 23.686506 ) (-4994.827148 -1033.249634 27.579762 ) 
5 2122 2124 (-4885.926270 -1024 256 ) (-4881.417969 -1040 256 ) (-4987.217773 -1040 39.270599 ) (-5002.363770 -1026.563477 16 ) (-5003.085938 -1024 16 ) 
3 2123 2146 (-4894.499023 -1034.048218 16 ) (-4898.159668 -1026.568726 16 ) (-4891.535156 -1026.569092 16 ) 
5 2123 2144 (-4832 -1026.572021 16 ) (-4832 -1040 16 ) (-4891.586426 -1040 16 ) (-4894.499023 -1034.048218 16 ) (-4891.535156 -1026.569092 16 ) 
4 2123 2143 (-4899.416504 -1024 16 ) (-4832 -1024 16 ) (-4832 -1026.572021 16 ) (-4898.159668 -1026.568726 16 ) 
4 2123 2131 (-4888 -1040 16 ) (-4832 -1040 16 ) (-4832 -1040 86.390564 ) (-4888 -1040 20.236710 ) 
4 2123 2125 (-4894.500977 -1034.052124 16 ) (-4891.589844 -1040 16 ) (-4871.899414 -1040 39.260597 ) (-4894.501953 -1028.441162 19.242678 ) 
5 2123 2124 (-4899.419922 -1024 16 ) (-4898.163086 -1026.568726 16 ) (-4871.899414 -1040 39.260597 ) (-4832 -1040 86.394531 ) (-4832 -1024 95.644424 ) 
4 2124 2143 (-5003.088379 -1024 16 ) (-4899.416504 -1024 16 ) (-4898.159668 -1026.568726 16 ) (-5002.366211 -1026.563477 16 ) 
5 2124 2131 (-4871.895996 -1040 39.260582 ) (-4832 -1040 86.390564 ) (-4832 -1040 120 ) (-4888 -1040 120 ) (-4888 -1040 39.261982 ) 
3 2124 2126 (-4987.222168 -1040 39.263870 ) (-4994.829102 -1033.251709 27.576626 ) (-4976.877441 -1040 39.262989 ) 
3 2124 2125 (-4894.499023 -1028.442261 19.238125 ) (-4871.899414 -1040 39.254028 ) (-4912.813477 -1040 39.257519 ) 
3 2125 2144 (-4894.499023 -1034.048218 16 ) (-4891.586426 -1040 16 ) (-4896.857910 -1040 16 ) 
3 2125 2131 (-4888 -1040 20.236694 ) (-4871.895996 -1040 39.260582 ) (-4888 -1040 39.261982 ) 
4 2127 2135 (-4096 -1056 1224 ) (-4096 -1056 1856 ) (-4832 -1056 1856 ) (-4832 -1056 1224 ) 
4 2127 2129 (-4832 -1040 1856 ) (-4832 -1040 1224 ) (-4832 -1056 1224 ) (-4832 -1056 1856 ) 
4 2127 2128 (-4096 -1056 1224 ) (-4832 -1056 1224 ) (-4832 -1040 1224 ) (-4096 -1040 1224 ) 
4 2128 2136 (-4096 -1056 1000 ) (-4096 -1056 1224 ) (-4832 -1056 1224 ) (-4832 -1056 1000 ) 
4 2128 2130 (-4832 -1040 1224 ) (-4832 -1040 1000 ) (-4832 -1056 1000 ) (-4832 -1056 1224 ) 
4 2129 2135 (-4832 -1056 1224 ) (-4832 -1056 1856 ) (-4888 -1056 1856 ) (-4888 -1056 1224 ) 
4 2129 2133 (-4888 -1040 1856 ) (-4888 -1040 1224 ) (-4888 -1056 1224 ) (-4888 -1056 1856 ) 
4 2129 2130 (-4888 -1056 1224 ) (-4888 -1040 1224 ) (-4832 -1040 1224 ) (-4832 -1056 1224 ) 
4 2130 2136 (-4832 -1056 1000 ) (-4832 -1056 1224 ) (-4888 -1056 1224 ) (-4888 -1056 1000 ) 
4 2130 2134 (-4888 -1040 1224 ) (-4888 -1040 1000 ) (-4888 -1056 1000 ) (-4888 -1056 1224 ) 
4 2131 2132 (-4832 -1055 16 ) (-4832 -1055 120 ) (-4888 -1055 120 ) (-4888 -1055 16 ) 
4 2132 2137 (-4888 -1056 16 ) (-4832 -1056 16 ) (-4832 -1056 120 ) (-4888 -1056 120 ) 
4 2133 2153 (-5120 -1056 1224 ) (-5120 -1056 1856 ) (-5120 -1040 1856 ) (-5120 -1040 1224 ) 
4 2133 2135 (-5120 -1056 1856 ) (-5120 -1056 1224 ) (-4888 -1056 1224 ) (-4888 -1056 1856 ) 
4 2133 2134 (-5120 -1040 1224 ) (-4888 -1040 1224 ) (-4888 -1056 1224 ) (-5120 -1056 1224 ) 
4 2134 2154 (-5120 -1056 1000 ) (-5120 -1056 1224 ) (-5120 -1040 1224 ) (-5120 -1040 1000 ) 
4 2134 2136 (-5120 -1056 1224 ) (-5120 -1056 1000 ) (-4888 -1056 1000 ) (-4888 -1056 1224 ) 
4 2135 2163 (-5120 -2000 1224 ) (-5120 -2000 1856 ) (-5120 -1984 1856 ) (-5120 -1984 1224 ) 
4 2135 2155 (-5120 -1984 1856 ) (-5120 -1056 1856 ) (-5120 -1056 1224 ) (-5120 -1984 1224 ) 
4 2135 2138 (-4096 -2000 1224 ) (-4096 -2000 1856 ) (-5120 -2000 1856 ) (-5120 -2000 1224 ) 
4 2135 2136 (-4096 -2000 1224 ) (-5120 -2000 1224 ) (-5120 -1056 1224 ) (-4096 -1056 1224 ) 
4 2136 2164 (-5120 -2000 1000 ) (-5120 -2000 1224 ) (-5120 -1984 1224 ) (-5120 -1984 1000 ) 
4 2136 2156 (-5120 -1984 1224 ) (-5120 -1056 1224 ) (-5120 -1056 1000 ) (-5120 -1984 1000 ) 
4 2136 2139 (-4096 -2000 1000 ) (-4096 -2000 1224 ) (-5120 -2000 1224 ) (-5120 -2000 1000 ) 
4 2137 2157 (-5120 -1056 16 ) (-5120 -1440 16 ) (-5120 -1440 216 ) (-5120 -1056 216 ) 
4 2138 2227 (-4986 -2048 1856 ) (-5120 -2048 1856 ) (-5120 -2048 1224 ) (-4986 -2048 1224 ) 
4 2138 2221 (-4096 -2048 1224 ) (-4096 -2048 1856 ) (-4986 -2048 1856 ) (-4986 -2048 1224 ) 
4 2138 2166 (-5120 -2048 1224 ) (-5120 -2048 1856 ) (-5120 -2000 1856 ) (-5120 -2000 1224 ) 
4 2138 2139 (-5120 -2048 1224 ) (-5120 -2000 1224 ) (-4096 -2000 1224 ) (-4096 -2048 1224 ) 
4 2139 2231 (-5120 -2048 848 ) (-5120 -2048 712 ) (-4986 -2048 712 ) (-4986 -2048 848 ) 
4 2139 2228 (-4986 -2048 1224 ) (-5120 -2048 1224 ) (-5120 -2048 848 ) (-4986 -2048 848 ) 
4 2139 2223 (-4096 -2048 712 ) (-4096 -2048 1224 ) (-4986 -2048 1224 ) (-4986 -2048 712 ) 
4 2139 2167 (-5120 -2048 712 ) (-5120 -2048 1224 ) (-5120 -2000 1224 ) (-5120 -2000 712 ) 
4 2139 2140 (-5120 -2048 712 ) (-5120 -2000 712 ) (-4986 -2000 712 ) (-4986 -2048 712 ) 
4 2140 2231 (-4986 -2048 712 ) (-5120 -2048 712 ) (-5120 -2048 480 ) (-4986 -2048 480 ) 
4 2140 2167 (-5120 -2048 480 ) (-5120 -2048 712 ) (-5120 -2000 712 ) (-5120 -2000 480 ) 
4 2140 2141 (-5120 -2048 480 ) (-5120 -2000 480 ) (-4986 -2000 480 ) (-4986 -2048 480 ) 
4 2141 2234 (-5120 -2048 480 ) (-5120 -2048 256 ) (-4986 -2048 256 ) (-4986 -2048 480 ) 
4 2141 2168 (-5120 -2048 256 ) (-5120 -2048 480 ) (-5120 -2000 480 ) (-5120 -2000 256 ) 
4 2141 2142 (-5120 -2000 256 ) (-4986 -2000 256 ) (-4986 -2048 256 ) (-5120 -2048 256 ) 
4 2142 2275 (-5120 -2048 24 ) (-5120 -2048 16 ) (-4986 -2048 16 ) (-4986 -2048 24 ) 
4 2142 2259 (-5120 -2048 128 ) (-5120 -2048 24 ) (-4986 -2048 24 ) (-4986 -2048 128 ) 
4 2142 2237 (-5120 -2048 256 ) (-5120 -2048 128 ) (-4986 -2048 128 ) (-4986 -2048 256 ) 
4 2142 2169 (-5120 -2000 16 ) (-5120 -2048 16 ) (-5120 -2048 256 ) (-5120 -2000 256 ) 
3 2143 2171 (-5120 -1024 16 ) (-5120 -1024 11.570326 ) (-5120 -1026.557617 16 ) 
3 2143 2147 (-5003.090332 -1025.922607 14.885527 ) (-5005.257324 -1024 11.555809 ) (-4977.838867 -1024 11.553425 ) 
4 2143 2146 (-4891.536621 -1026.571655 16 ) (-4898.157715 -1026.571289 16 ) (-4903.185547 -1024 11.546933 ) (-4887.461426 -1024 11.545566 ) 
4 2143 2145 (-5002.365234 -1026.566040 16 ) (-5120 -1026.560181 16 ) (-5120 -1024 11.565786 ) (-5005.257324 -1024 11.555809 ) 
4 2143 2144 (-4352 -1024 11.499005 ) (-4352 -1026.598755 16 ) (-4891.536621 -1026.571655 16 ) (-4887.461426 -1024 11.545566 ) 
6 2144 2146 (-4891.539063 -1026.572266 16 ) (-4887.463867 -1024 11.545032 ) (-4879.543945 -1024 0 ) (-4885.884277 -1040 0 ) (-4894.499023 -1040 12.558697 ) (-4894.500488 -1034.045288 16 ) 
5 2145 2171 (-5120 -1024 11.570326 ) (-5120 -1024 0 ) (-5120 -1040 0 ) (-5120 -1040 16 ) (-5120 -1026.557617 16 ) 
3 2145 2148 (-5002.827148 -1040 7.295228 ) (-5003.088867 -1040 6.759471 ) (-5003.088867 -1039.767944 6.893419 ) 
5 2145 2147 (-5003.088867 -1040 6.759471 ) (-5006.388672 -1040 0 ) (-5010.896484 -1024 0 ) (-5005.252441 -1024 11.561334 ) (-5003.088379 -1025.920044 14.886619 ) 
3 2146 2148 (-4905.135742 -1040 0 ) (-4898.978027 -1040 7.274017 ) (-4907.191895 -1035.798584 0 ) 
4 2147 2148 (-5003.088379 -1039.767212 6.892195 ) (-5003.088379 -1040 6.757813 ) (-4964.666504 -1040 0 ) (-4950.860840 -1035.793335 0 ) 
4 2149 2172 (-5392 -1024 1856 ) (-5392 -1024 1224 ) (-5392 -1040 1224 ) (-5392 -1040 1856 ) 
4 2149 2153 (-5392 -1040 1856 ) (-5392 -1040 1224 ) (-5120 -1040 1224 ) (-5120 -1040 1856 ) 
4 2149 2150 (-5120 -1040 1224 ) (-5392 -1040 1224 ) (-5392 -1024 1224 ) (-5120 -1024 1224 ) 
4 2150 2173 (-5392 -1024 1224 ) (-5392 -1024 480 ) (-5392 -1040 480 ) (-5392 -1040 1224 ) 
4 2150 2154 (-5392 -1040 1224 ) (-5392 -1040 1000 ) (-5120 -1040 1000 ) (-5120 -1040 1224 ) 
4 2150 2151 (-5120 -1040 480 ) (-5392 -1040 480 ) (-5392 -1024 480 ) (-5120 -1024 480 ) 
4 2151 2174 (-5392 -1024 480 ) (-5392 -1024 256 ) (-5392 -1040 256 ) (-5392 -1040 480 ) 
4 2151 2152 (-5120 -1040 256 ) (-5392 -1040 256 ) (-5392 -1024 256 ) (-5120 -1024 256 ) 
4 2152 2189 (-5392 -1024 128 ) (-5392 -1024 16 ) (-5392 -1040 16 ) (-5392 -1040 128 ) 
4 2152 2176 (-5392 -1024 256 ) (-5392 -1024 128 ) (-5392 -1040 128 ) (-5392 -1040 256 ) 
4 2152 2171 (-5392 -1040 16 ) (-5392 -1024 16 ) (-5120 -1024 16 ) (-5120 -1040 16 ) 
4 2153 2172 (-5392 -1040 1856 ) (-5392 -1040 1224 ) (-5392 -1056 1224 ) (-5392 -1056 1856 ) 
4 2153 2158 (-5392 -1056 1856 ) (-5392 -1056 1224 ) (-5360 -1056 1224 ) (-5360 -1056 1856 ) 
4 2153 2155 (-5360 -1056 1224 ) (-5120 -1056 1224 ) (-5120 -1056 1856 ) (-5360 -1056 1856 ) 
4 2153 2154 (-5120 -1056 1224 ) (-5392 -1056 1224 ) (-5392 -1040 1224 ) (-5120 -1040 1224 ) 
4 2154 2173 (-5392 -1040 1224 ) (-5392 -1040 1000 ) (-5392 -1056 1000 ) (-5392 -1056 1224 ) 
4 2154 2159 (-5392 -1056 1224 ) (-5392 -1056 1000 ) (-5360 -1056 1000 ) (-5360 -1056 1224 ) 
4 2154 2156 (-5360 -1056 1000 ) (-5120 -1056 1000 ) (-5120 -1056 1224 ) (-5360 -1056 1224 ) 
4 2155 2163 (-5120 -1984 1224 ) (-5120 -1984 1856 ) (-5360 -1984 1856 ) (-5360 -1984 1224 ) 
4 2155 2158 (-5360 -1056 1856 ) (-5360 -1056 1224 ) (-5360 -1984 1224 ) (-5360 -1984 1856 ) 
4 2155 2156 (-5120 -1984 1224 ) (-5360 -1984 1224 ) (-5360 -1056 1224 ) (-5120 -1056 1224 ) 
4 2156 2164 (-5120 -1984 1000 ) (-5120 -1984 1224 ) (-5360 -1984 1224 ) (-5360 -1984 1000 ) 
4 2156 2162 (-5360 -1224 1000 ) (-5360 -1984 1000 ) (-5360 -1984 1224 ) (-5360 -1224 1224 ) 
4 2156 2160 (-5360 -1072 1000 ) (-5360 -1224 1000 ) (-5360 -1224 1224 ) (-5360 -1072 1224 ) 
4 2156 2159 (-5360 -1056 1224 ) (-5360 -1056 1000 ) (-5360 -1072 1000 ) (-5360 -1072 1224 ) 
4 2158 2172 (-5392 -1056 1856 ) (-5392 -1056 1224 ) (-5392 -1984 1224 ) (-5392 -1984 1856 ) 
4 2158 2163 (-5392 -1984 1856 ) (-5392 -1984 1224 ) (-5360 -1984 1224 ) (-5360 -1984 1856 ) 
4 2158 2162 (-5360 -1224 1224 ) (-5360 -1984 1224 ) (-5392 -1984 1224 ) (-5392 -1224 1224 ) 
4 2158 2160 (-5360 -1072 1224 ) (-5360 -1224 1224 ) (-5392 -1224 1224 ) (-5392 -1072 1224 ) 
4 2158 2159 (-5392 -1056 1224 ) (-5360 -1056 1224 ) (-5360 -1072 1224 ) (-5392 -1072 1224 ) 
4 2159 2173 (-5392 -1056 1224 ) (-5392 -1056 1000 ) (-5392 -1072 1000 ) (-5392 -1072 1224 ) 
4 2159 2160 (-5360 -1072 1000 ) (-5360 -1072 1224 ) (-5392 -1072 1224 ) (-5392 -1072 1000 ) 
4 2160 2173 (-5392 -1224 1000 ) (-5392 -1224 1224 ) (-5392 -1072 1224 ) (-5392 -1072 1000 ) 
4 2160 2162 (-5360 -1224 1000 ) (-5360 -1224 1224 ) (-5392 -1224 1224 ) (-5392 -1224 1000 ) 
4 2161 2173 (-5392 -1072 792 ) (-5392 -1224 792 ) (-5392 -1224 868 ) (-5392 -1072 868 ) 
4 2162 2173 (-5392 -1984 1000 ) (-5392 -1984 1224 ) (-5392 -1224 1224 ) (-5392 -1224 1000 ) 
4 2162 2164 (-5392 -1984 1224 ) (-5392 -1984 1000 ) (-5360 -1984 1000 ) (-5360 -1984 1224 ) 
4 2163 2172 (-5392 -1984 1856 ) (-5392 -1984 1224 ) (-5392 -2000 1224 ) (-5392 -2000 1856 ) 
4 2163 2166 (-5392 -2000 1856 ) (-5392 -2000 1224 ) (-5120 -2000 1224 ) (-5120 -2000 1856 ) 
4 2163 2164 (-5120 -2000 1224 ) (-5392 -2000 1224 ) (-5392 -1984 1224 ) (-5120 -1984 1224 ) 
4 2164 2173 (-5392 -1984 1224 ) (-5392 -1984 1000 ) (-5392 -2000 1000 ) (-5392 -2000 1224 ) 
4 2164 2167 (-5392 -2000 1224 ) (-5392 -2000 1000 ) (-5120 -2000 1000 ) (-5120 -2000 1224 ) 
4 2165 2170 (-5276 -2000 79 ) (-5276 -2000 197 ) (-5324 -2000 197 ) (-5324 -2000 79 ) 
4 2166 2294 (-5200 -2048 1856 ) (-5392 -2048 1856 ) (-5392 -2048 1224 ) (-5200 -2048 1224 ) 
4 2166 2280 (-5120 -2048 1224 ) (-5120 -2048 1856 ) (-5200 -2048 1856 ) (-5200 -2048 1224 ) 
4 2166 2172 (-5392 -2048 1224 ) (-5392 -2048 1856 ) (-5392 -2000 1856 ) (-5392 -2000 1224 ) 
4 2166 2167 (-5120 -2048 1224 ) (-5392 -2048 1224 ) (-5392 -2000 1224 ) (-5120 -2000 1224 ) 
4 2167 2295 (-5200 -2048 1224 ) (-5392 -2048 1224 ) (-5392 -2048 480 ) (-5200 -2048 480 ) 
4 2167 2284 (-5120 -2048 480 ) (-5120 -2048 848 ) (-5200 -2048 848 ) (-5200 -2048 480 ) 
4 2167 2282 (-5120 -2048 848 ) (-5120 -2048 1224 ) (-5200 -2048 1224 ) (-5200 -2048 848 ) 
4 2167 2173 (-5392 -2048 480 ) (-5392 -2048 1224 ) (-5392 -2000 1224 ) (-5392 -2000 480 ) 
4 2167 2168 (-5392 -2048 480 ) (-5392 -2000 480 ) (-5120 -2000 480 ) (-5120 -2048 480 ) 
4 2168 2296 (-5200 -2048 480 ) (-5392 -2048 480 ) (-5392 -2048 256 ) (-5200 -2048 256 ) 
4 2168 2287 (-5120 -2048 256 ) (-5120 -2048 480 ) (-5200 -2048 480 ) (-5200 -2048 256 ) 
4 2168 2174 (-5392 -2048 256 ) (-5392 -2048 480 ) (-5392 -2000 480 ) (-5392 -2000 256 ) 
4 2168 2170 (-5392 -2048 256 ) (-5392 -2000 256 ) (-5200 -2000 256 ) (-5200 -2048 256 ) 
4 2168 2169 (-5200 -2000 256 ) (-5120 -2000 256 ) (-5120 -2048 256 ) (-5200 -2048 256 ) 
4 2169 2290 (-5120 -2048 16 ) (-5120 -2048 256 ) (-5200 -2048 256 ) (-5200 -2048 16 ) 
4 2169 2170 (-5200 -2048 256 ) (-5200 -2000 256 ) (-5200 -2000 16 ) (-5200 -2048 16 ) 
4 2170 2298 (-5392 -2048 216 ) (-5392 -2048 16 ) (-5200 -2048 16 ) (-5200 -2048 216 ) 
4 2170 2297 (-5200 -2048 256 ) (-5392 -2048 256 ) (-5392 -2048 216 ) (-5200 -2048 216 ) 
4 2170 2181 (-5392 -2048 216 ) (-5392 -2048 256 ) (-5392 -2000 256 ) (-5392 -2000 216 ) 
4 2171 2199 (-5392 -1040 16 ) (-5392 -1024 16 ) (-5392 -1024 0 ) (-5392 -1040 0 ) 
4 2172 2468 (-6144 -1040 1224 ) (-6144 -2048 1224 ) (-6144 -2048 1856 ) (-6144 -1040 1856 ) 
4 2172 2463 (-6144 -1024 1856 ) (-6144 -1024 1224 ) (-6144 -1040 1224 ) (-6144 -1040 1856 ) 
4 2172 2294 (-6144 -2048 1856 ) (-6144 -2048 1224 ) (-5392 -2048 1224 ) (-5392 -2048 1856 ) 
4 2172 2173 (-5392 -1024 1224 ) (-5392 -2048 1224 ) (-6144 -2048 1224 ) (-6144 -1024 1224 ) 
4 2173 2469 (-6144 -1040 480 ) (-6144 -2048 480 ) (-6144 -2048 1224 ) (-6144 -1040 1224 ) 
4 2173 2464 (-6144 -1024 1224 ) (-6144 -1024 480 ) (-6144 -1040 480 ) (-6144 -1040 1224 ) 
4 2173 2295 (-6144 -2048 1224 ) (-6144 -2048 480 ) (-5392 -2048 480 ) (-5392 -2048 1224 ) 
4 2173 2175 (-6144 -2048 480 ) (-6144 -1040 480 ) (-6032 -1040 480 ) (-6032 -2048 480 ) 
4 2173 2174 (-6032 -1024 480 ) (-5392 -1024 480 ) (-5392 -2048 480 ) (-6032 -2048 480 ) 
4 2174 2296 (-6032 -2048 256 ) (-5392 -2048 256 ) (-5392 -2048 480 ) (-6032 -2048 480 ) 
4 2174 2187 (-6032 -1728 256 ) (-6032 -1712 256 ) (-5408 -1712 256 ) (-5408 -1728 256 ) 
4 2174 2188 (-5408 -2048 256 ) (-6032 -2048 256 ) (-6032 -1728 256 ) (-5408 -1728 256 ) 
4 2174 2185 (-6032 -1712 256 ) (-6032 -1312 256 ) (-5984 -1312 256 ) (-5984 -1712 256 ) 
4 2174 2184 (-5968 -1712 256 ) (-5984 -1712 256 ) (-5984 -1568 256 ) (-5968 -1568 256 ) 
4 2174 2183 (-5408 -1568 256 ) (-5408 -1712 256 ) (-5968 -1712 256 ) (-5968 -1568 256 ) 
4 2174 2182 (-5968 -1312 256 ) (-5408 -1312 256 ) (-5408 -1568 256 ) (-5968 -1568 256 ) 
4 2174 2181 (-5392 -1312 256 ) (-5392 -2048 256 ) (-5408 -2048 256 ) (-5408 -1312 256 ) 
4 2174 2180 (-5392 -1296 256 ) (-5392 -1312 256 ) (-6032 -1312 256 ) (-6032 -1296 256 ) 
4 2174 2179 (-5712 -1296 256 ) (-6032 -1296 256 ) (-6032 -1040 256 ) (-5712 -1040 256 ) 
4 2174 2178 (-5392 -1040 256 ) (-5392 -1296 256 ) (-5712 -1296 256 ) (-5712 -1040 256 ) 
4 2174 2177 (-5712 -1040 256 ) (-6032 -1040 256 ) (-6032 -1024 256 ) (-5712 -1024 256 ) 
4 2174 2176 (-5392 -1024 256 ) (-5392 -1040 256 ) (-5712 -1040 256 ) (-5712 -1024 256 ) 
4 2174 2175 (-6032 -1040 256 ) (-6032 -2048 256 ) (-6032 -2048 480 ) (-6032 -1040 480 ) 
4 2175 2471 (-6144 -1040 256 ) (-6144 -2048 256 ) (-6144 -2048 344 ) (-6144 -1040 344 ) 
4 2175 2470 (-6144 -2048 344 ) (-6144 -2048 480 ) (-6144 -1040 480 ) (-6144 -1040 344 ) 
4 2175 2296 (-6144 -2048 480 ) (-6144 -2048 256 ) (-6032 -2048 256 ) (-6032 -2048 480 ) 
4 2175 2187 (-6144 -1728 256 ) (-6144 -1712 256 ) (-6032 -1712 256 ) (-6032 -1728 256 ) 
4 2175 2188 (-6032 -2048 256 ) (-6144 -2048 256 ) (-6144 -1728 256 ) (-6032 -1728 256 ) 
4 2175 2185 (-6144 -1712 256 ) (-6144 -1312 256 ) (-6032 -1312 256 ) (-6032 -1712 256 ) 
4 2175 2180 (-6144 -1312 256 ) (-6144 -1296 256 ) (-6032 -1296 256 ) (-6032 -1312 256 ) 
4 2175 2179 (-6144 -1296 256 ) (-6144 -1040 256 ) (-6032 -1040 256 ) (-6032 -1296 256 ) 
4 2176 2189 (-5712 -1024 128 ) (-5392 -1024 128 ) (-5392 -1040 128 ) (-5712 -1040 128 ) 
4 2176 2178 (-5712 -1040 128 ) (-5392 -1040 128 ) (-5392 -1040 256 ) (-5712 -1040 256 ) 
4 2176 2177 (-5712 -1024 128 ) (-5712 -1040 128 ) (-5712 -1040 256 ) (-5712 -1024 256 ) 
4 2177 2190 (-6032 -1024 128 ) (-5712 -1024 128 ) (-5712 -1040 128 ) (-6032 -1040 128 ) 
4 2177 2179 (-6032 -1040 128 ) (-5712 -1040 128 ) (-5712 -1040 256 ) (-6032 -1040 256 ) 
4 2178 2191 (-5712 -1040 128 ) (-5392 -1040 128 ) (-5392 -1296 128 ) (-5712 -1296 128 ) 
4 2178 2180 (-5392 -1296 216 ) (-5392 -1296 256 ) (-5712 -1296 256 ) (-5712 -1296 216 ) 
4 2178 2179 (-5712 -1040 256 ) (-5712 -1040 128 ) (-5712 -1296 128 ) (-5712 -1296 256 ) 
4 2179 2477 (-6144 -1040 128 ) (-6144 -1296 128 ) (-6144 -1296 216 ) (-6144 -1040 216 ) 
4 2179 2473 (-6144 -1296 216 ) (-6144 -1296 256 ) (-6144 -1040 256 ) (-6144 -1040 216 ) 
4 2179 2192 (-6144 -1296 128 ) (-6144 -1040 128 ) (-5712 -1040 128 ) (-5712 -1296 128 ) 
4 2179 2180 (-5712 -1296 216 ) (-5712 -1296 256 ) (-6144 -1296 256 ) (-6144 -1296 216 ) 
4 2180 2473 (-6144 -1312 216 ) (-6144 -1312 256 ) (-6144 -1296 256 ) (-6144 -1296 216 ) 
4 2180 2185 (-5984 -1312 256 ) (-6144 -1312 256 ) (-6144 -1312 216 ) (-5984 -1312 216 ) 
4 2180 2182 (-5408 -1312 256 ) (-5968 -1312 256 ) (-5968 -1312 216 ) (-5408 -1312 216 ) 
4 2180 2181 (-5392 -1312 216 ) (-5392 -1312 256 ) (-5408 -1312 256 ) (-5408 -1312 216 ) 
4 2181 2297 (-5392 -2048 216 ) (-5392 -2048 256 ) (-5408 -2048 256 ) (-5408 -2048 216 ) 
4 2181 2187 (-5408 -1712 216 ) (-5408 -1728 216 ) (-5408 -1728 256 ) (-5408 -1712 256 ) 
4 2181 2188 (-5408 -1728 216 ) (-5408 -2048 216 ) (-5408 -2048 256 ) (-5408 -1728 256 ) 
4 2181 2183 (-5408 -1568 216 ) (-5408 -1712 216 ) (-5408 -1712 256 ) (-5408 -1568 256 ) 
4 2181 2182 (-5408 -1312 256 ) (-5408 -1312 216 ) (-5408 -1568 216 ) (-5408 -1568 256 ) 
4 2182 2194 (-5968 -1312 128 ) (-5408 -1312 128 ) (-5408 -1568 128 ) (-5968 -1568 128 ) 
4 2182 2183 (-5968 -1568 128 ) (-5408 -1568 128 ) (-5408 -1568 256 ) (-5968 -1568 256 ) 
4 2183 2194 (-5408 -1568 128 ) (-5408 -1712 128 ) (-5968 -1712 128 ) (-5968 -1568 128 ) 
4 2183 2187 (-5408 -1712 216 ) (-5408 -1712 256 ) (-5968 -1712 256 ) (-5968 -1712 216 ) 
4 2183 2184 (-5968 -1568 256 ) (-5968 -1568 216 ) (-5968 -1712 216 ) (-5968 -1712 256 ) 
4 2184 2187 (-5968 -1712 216 ) (-5968 -1712 256 ) (-5984 -1712 256 ) (-5984 -1712 216 ) 
4 2184 2185 (-5984 -1712 216 ) (-5984 -1712 256 ) (-5984 -1568 256 ) (-5984 -1568 216 ) 
4 2185 2473 (-6144 -1712 216 ) (-6144 -1712 256 ) (-6144 -1312 256 ) (-6144 -1312 216 ) 
4 2185 2187 (-5984 -1712 216 ) (-5984 -1712 256 ) (-6144 -1712 256 ) (-6144 -1712 216 ) 
4 2186 2479 (-6144 -1312 128 ) (-6144 -1712 128 ) (-6144 -1712 200 ) (-6144 -1312 200 ) 
4 2186 2196 (-6144 -1712 128 ) (-6144 -1312 128 ) (-5984 -1312 128 ) (-5984 -1712 128 ) 
4 2187 2473 (-6144 -1728 216 ) (-6144 -1728 256 ) (-6144 -1712 256 ) (-6144 -1712 216 ) 
4 2187 2188 (-5408 -1728 216 ) (-5408 -1728 256 ) (-6144 -1728 256 ) (-6144 -1728 216 ) 
4 2188 2480 (-6144 -1728 128 ) (-6144 -2048 128 ) (-6144 -2048 216 ) (-6144 -1728 216 ) 
4 2188 2473 (-6144 -2048 216 ) (-6144 -2048 256 ) (-6144 -1728 256 ) (-6144 -1728 216 ) 
4 2188 2299 (-5584 -2048 128 ) (-5408 -2048 128 ) (-5408 -2048 216 ) (-5584 -2048 216 ) 
4 2188 2302 (-6144 -2048 216 ) (-6144 -2048 128 ) (-5584 -2048 128 ) (-5584 -2048 216 ) 
4 2188 2297 (-6144 -2048 256 ) (-6144 -2048 216 ) (-5408 -2048 216 ) (-5408 -2048 256 ) 
4 2188 2197 (-6096 -1728 128 ) (-5408 -1728 128 ) (-5408 -2048 128 ) (-6096 -2048 128 ) 
4 2188 2198 (-6144 -2048 128 ) (-6144 -1728 128 ) (-6096 -1728 128 ) (-6096 -2048 128 ) 
4 2189 2199 (-5392 -1024 16 ) (-5392 -1040 16 ) (-5712 -1040 16 ) (-5712 -1024 16 ) 
4 2189 2191 (-5712 -1040 16 ) (-5392 -1040 16 ) (-5392 -1040 128 ) (-5712 -1040 128 ) 
4 2189 2190 (-5712 -1024 16 ) (-5712 -1040 16 ) (-5712 -1040 128 ) (-5712 -1024 128 ) 
4 2190 2199 (-5712 -1040 16 ) (-6032 -1040 16 ) (-6032 -1024 16 ) (-5712 -1024 16 ) 
4 2190 2192 (-6032 -1040 16 ) (-5712 -1040 16 ) (-5712 -1040 128 ) (-6032 -1040 128 ) 
4 2191 2192 (-5712 -1040 128 ) (-5712 -1040 16 ) (-5712 -1296 16 ) (-5712 -1296 128 ) 
4 2192 2482 (-6144 -1040 16 ) (-6144 -1296 16 ) (-6144 -1296 128 ) (-6144 -1040 128 ) 
4 2192 2193 (-5840 -1296 16 ) (-5712 -1296 16 ) (-5712 -1296 128 ) (-5840 -1296 128 ) 
4 2193 2194 (-5840 -1312 16 ) (-5712 -1312 16 ) (-5712 -1312 128 ) (-5840 -1312 128 ) 
4 2194 2195 (-5968 -1376 16 ) (-5968 -1504 16 ) (-5968 -1504 128 ) (-5968 -1376 128 ) 
4 2195 2196 (-5984 -1376 16 ) (-5984 -1504 16 ) (-5984 -1504 128 ) (-5984 -1376 128 ) 
4 2196 2483 (-6144 -1312 16 ) (-6144 -1712 16 ) (-6144 -1712 128 ) (-6144 -1312 128 ) 
4 2196 2198 (-6144 -1712 16 ) (-6096 -1712 16 ) (-6096 -1712 128 ) (-6144 -1712 128 ) 
4 2197 2299 (-5584 -2048 16 ) (-5408 -2048 16 ) (-5408 -2048 128 ) (-5584 -2048 128 ) 
4 2197 2302 (-6096 -2048 16 ) (-5584 -2048 16 ) (-5584 -2048 128 ) (-6096 -2048 128 ) 
4 2197 2198 (-6096 -1728 16 ) (-6096 -2048 16 ) (-6096 -2048 128 ) (-6096 -1728 128 ) 
4 2198 2483 (-6144 -1712 16 ) (-6144 -2048 16 ) (-6144 -2048 128 ) (-6144 -1712 128 ) 
4 2198 2302 (-6144 -2048 128 ) (-6144 -2048 16 ) (-6096 -2048 16 ) (-6096 -2048 128 ) 
4 2200 2201 (-3072 -2192 1224 ) (-3728 -2192 1224 ) (-3728 -2048 1224 ) (-3072 -2048 1224 ) 
4 2201 2202 (-3072 -2192 480 ) (-3728 -2192 480 ) (-3728 -2048 480 ) (-3072 -2048 480 ) 
4 2202 2203 (-3072 -2192 140 ) (-3728 -2192 140 ) (-3728 -2048 140 ) (-3072 -2048 140 ) 
4 2203 2210 (-3472 -2048 16 ) (-3072 -2048 16 ) (-3072 -2192 16 ) (-3472 -2192 16 ) 
4 2204 2221 (-4096 -2048 1856 ) (-4096 -2048 1224 ) (-4096 -2656 1224 ) (-4096 -2656 1856 ) 
4 2204 2206 (-3736 -2048 1224 ) (-3736 -2656 1224 ) (-4096 -2656 1224 ) (-4096 -2048 1224 ) 
4 2205 2222 (-4096 -2664 1224 ) (-4096 -2704 1224 ) (-4096 -2704 1856 ) (-4096 -2664 1856 ) 
4 2205 2208 (-3736 -2704 1856 ) (-4096 -2704 1856 ) (-4096 -2704 1224 ) (-3736 -2704 1224 ) 
4 2205 2207 (-3736 -2664 1224 ) (-3736 -2704 1224 ) (-4096 -2704 1224 ) (-4096 -2664 1224 ) 
4 2206 2223 (-4096 -2048 1224 ) (-4096 -2048 712 ) (-4096 -2656 712 ) (-4096 -2656 1224 ) 
4 2207 2224 (-4096 -2664 712 ) (-4096 -2704 712 ) (-4096 -2704 1224 ) (-4096 -2664 1224 ) 
4 2207 2209 (-4096 -2704 1224 ) (-4096 -2704 712 ) (-3736 -2704 712 ) (-3736 -2704 1224 ) 
4 2208 2241 (-4096 -3072 1224 ) (-4096 -3072 1856 ) (-4096 -2704 1856 ) (-4096 -2704 1224 ) 
4 2208 2214 (-3600 -3072 1856 ) (-4096 -3072 1856 ) (-4096 -3072 1224 ) (-3600 -3072 1224 ) 
4 2208 2209 (-4096 -2704 1224 ) (-3600 -2704 1224 ) (-3600 -3072 1224 ) (-4096 -3072 1224 ) 
4 2209 2242 (-4096 -3072 548 ) (-4096 -3072 1224 ) (-4096 -2704 1224 ) (-4096 -2704 548 ) 
4 2209 2215 (-4096 -3072 1224 ) (-4096 -3072 548 ) (-3600 -3072 548 ) (-3600 -3072 1224 ) 
4 2211 2428 (-3072 -4096 1224 ) (-3072 -4096 1856 ) (-3600 -4096 1856 ) (-3600 -4096 1224 ) 
4 2211 2214 (-3600 -4096 1224 ) (-3600 -4096 1856 ) (-3600 -3152 1856 ) (-3600 -3152 1224 ) 
4 2211 2212 (-3600 -4096 1224 ) (-3600 -3152 1224 ) (-3072 -3152 1224 ) (-3072 -4096 1224 ) 
4 2212 2429 (-3072 -4096 480 ) (-3072 -4096 1224 ) (-3600 -4096 1224 ) (-3600 -4096 480 ) 
4 2212 2216 (-3600 -4096 480 ) (-3600 -4096 1224 ) (-3600 -3664 1224 ) (-3600 -3664 480 ) 
4 2212 2215 (-3600 -3664 1224 ) (-3600 -3152 1224 ) (-3600 -3152 548 ) (-3600 -3664 548 ) 
4 2212 2213 (-3072 -4096 480 ) (-3600 -4096 480 ) (-3600 -3152 480 ) (-3072 -3152 480 ) 
4 2213 2430 (-3072 -4096 16 ) (-3072 -4096 480 ) (-3600 -4096 480 ) (-3600 -4096 16 ) 
4 2213 2219 (-3472 -4096 16 ) (-3600 -4096 16 ) (-3600 -3856 16 ) (-3472 -3856 16 ) 
4 2213 2218 (-3072 -4096 16 ) (-3472 -4096 16 ) (-3472 -3152 16 ) (-3072 -3152 16 ) 
4 2213 2217 (-3600 -3664 16 ) (-3600 -4096 16 ) (-3600 -4096 480 ) (-3600 -3664 480 ) 
4 2214 2428 (-4096 -4096 1856 ) (-4096 -4096 1224 ) (-3600 -4096 1224 ) (-3600 -4096 1856 ) 
4 2214 2341 (-4096 -4096 1224 ) (-4096 -4096 1856 ) (-4096 -3072 1856 ) (-4096 -3072 1224 ) 
4 2214 2216 (-4096 -4096 1224 ) (-4096 -3664 1224 ) (-3600 -3664 1224 ) (-3600 -4096 1224 ) 
4 2214 2215 (-4096 -3664 1224 ) (-4096 -3072 1224 ) (-3600 -3072 1224 ) (-3600 -3664 1224 ) 
4 2215 2342 (-4096 -3664 1224 ) (-4096 -3072 1224 ) (-4096 -3072 548 ) (-4096 -3664 548 ) 
4 2215 2216 (-3600 -3664 548 ) (-3600 -3664 1224 ) (-4096 -3664 1224 ) (-4096 -3664 548 ) 
4 2216 2429 (-4096 -4096 1224 ) (-4096 -4096 480 ) (-3600 -4096 480 ) (-3600 -4096 1224 ) 
4 2216 2343 (-4096 -4096 480 ) (-4096 -4096 548 ) (-4096 -3664 548 ) (-4096 -3664 480 ) 
4 2216 2342 (-4096 -4096 548 ) (-4096 -4096 1224 ) (-4096 -3664 1224 ) (-4096 -3664 548 ) 
4 2216 2217 (-4096 -4096 480 ) (-4096 -3664 480 ) (-3600 -3664 480 ) (-3600 -4096 480 ) 
4 2217 2430 (-4096 -4096 480 ) (-4096 -4096 16 ) (-3600 -4096 16 ) (-3600 -4096 480 ) 
4 2217 2374 (-4096 -4096 16 ) (-4096 -4096 24 ) (-4096 -3664 24 ) (-4096 -3664 16 ) 
4 2217 2359 (-4096 -4096 24 ) (-4096 -4096 128 ) (-4096 -3664 128 ) (-4096 -3664 24 ) 
4 2217 2344 (-4096 -4096 128 ) (-4096 -4096 480 ) (-4096 -3664 480 ) (-4096 -3664 128 ) 
4 2217 2220 (-3600 -4096 16 ) (-4096 -4096 16 ) (-4096 -3856 16 ) (-3600 -3856 16 ) 
4 2218 2431 (-3072 -4096 8 ) (-3072 -4096 16 ) (-3472 -4096 16 ) (-3472 -4096 8 ) 
4 2218 2219 (-3472 -4096 8 ) (-3472 -4096 16 ) (-3472 -3856 16 ) (-3472 -3856 8 ) 
4 2219 2432 (-3472 -4096 8 ) (-3472 -4096 16 ) (-3600 -4096 16 ) (-3600 -4096 8 ) 
4 2219 2220 (-3600 -4096 8 ) (-3600 -4096 16 ) (-3600 -3856 16 ) (-3600 -3856 8 ) 
4 2220 2432 (-3600 -4096 8 ) (-3600 -4096 16 ) (-4096 -4096 16 ) (-4096 -4096 8 ) 
4 2220 2378 (-4096 -4096 8 ) (-4096 -4096 16 ) (-4096 -3856 16 ) (-4096 -3856 8 ) 
4 2221 2227 (-4986 -2656 1856 ) (-4986 -2048 1856 ) (-4986 -2048 1224 ) (-4986 -2656 1224 ) 
4 2221 2223 (-4986 -2656 1224 ) (-4986 -2048 1224 ) (-4096 -2048 1224 ) (-4096 -2656 1224 ) 
4 2222 2243 (-4306 -2704 1856 ) (-4986 -2704 1856 ) (-4986 -2704 1224 ) (-4306 -2704 1224 ) 
4 2222 2241 (-4096 -2704 1224 ) (-4096 -2704 1856 ) (-4306 -2704 1856 ) (-4306 -2704 1224 ) 
4 2222 2229 (-4986 -2704 1224 ) (-4986 -2704 1856 ) (-4986 -2664 1856 ) (-4986 -2664 1224 ) 
4 2222 2224 (-4096 -2704 1224 ) (-4986 -2704 1224 ) (-4986 -2664 1224 ) (-4096 -2664 1224 ) 
4 2223 2231 (-4986 -2048 848 ) (-4986 -2048 712 ) (-4986 -2656 712 ) (-4986 -2656 848 ) 
4 2223 2228 (-4986 -2656 1224 ) (-4986 -2048 1224 ) (-4986 -2048 848 ) (-4986 -2656 848 ) 
4 2224 2244 (-4306 -2704 1224 ) (-4986 -2704 1224 ) (-4986 -2704 712 ) (-4306 -2704 712 ) 
4 2224 2242 (-4096 -2704 712 ) (-4096 -2704 1224 ) (-4306 -2704 1224 ) (-4306 -2704 712 ) 
4 2224 2233 (-4986 -2704 712 ) (-4986 -2704 848 ) (-4986 -2664 848 ) (-4986 -2664 712 ) 
4 2224 2230 (-4986 -2704 848 ) (-4986 -2704 1224 ) (-4986 -2664 1224 ) (-4986 -2664 848 ) 
4 2225 2231 (-4986 -2493 574 ) (-4986 -2493 496 ) (-4986 -2568 496 ) (-4986 -2568 574 ) 
4 2226 2234 (-4986 -2580 436 ) (-4986 -2580 352 ) (-4986 -2654 352 ) (-4986 -2654 436 ) 
4 2227 2280 (-5120 -2048 1856 ) (-5120 -2048 1224 ) (-5120 -2656 1224 ) (-5120 -2656 1856 ) 
4 2227 2228 (-5120 -2656 1224 ) (-5120 -2048 1224 ) (-4986 -2048 1224 ) (-4986 -2656 1224 ) 
4 2228 2282 (-5120 -2048 1224 ) (-5120 -2048 848 ) (-5120 -2656 848 ) (-5120 -2656 1224 ) 
4 2228 2231 (-4986 -2048 848 ) (-4986 -2656 848 ) (-5120 -2656 848 ) (-5120 -2048 848 ) 
4 2229 2281 (-5120 -2704 1224 ) (-5120 -2704 1856 ) (-5120 -2664 1856 ) (-5120 -2664 1224 ) 
4 2229 2255 (-5120 -2704 1856 ) (-5120 -2704 1224 ) (-5008 -2704 1224 ) (-5008 -2704 1856 ) 
4 2229 2243 (-5008 -2704 1224 ) (-4986 -2704 1224 ) (-4986 -2704 1856 ) (-5008 -2704 1856 ) 
4 2229 2230 (-5120 -2664 1224 ) (-4986 -2664 1224 ) (-4986 -2704 1224 ) (-5120 -2704 1224 ) 
4 2230 2283 (-5120 -2664 848 ) (-5120 -2704 848 ) (-5120 -2704 1224 ) (-5120 -2664 1224 ) 
4 2230 2256 (-5120 -2704 1224 ) (-5120 -2704 848 ) (-5008 -2704 848 ) (-5008 -2704 1224 ) 
4 2230 2244 (-5008 -2704 848 ) (-4986 -2704 848 ) (-4986 -2704 1224 ) (-5008 -2704 1224 ) 
4 2230 2233 (-4986 -2664 848 ) (-4986 -2704 848 ) (-5120 -2704 848 ) (-5120 -2664 848 ) 
4 2231 2284 (-5120 -2048 848 ) (-5120 -2048 480 ) (-5120 -2659 480 ) (-5120 -2659 848 ) 
4 2231 2234 (-4986 -2048 480 ) (-4986 -2659 480 ) (-5120 -2659 480 ) (-5120 -2048 480 ) 
4 2231 2232 (-5120 -2659 480 ) (-4986 -2659 480 ) (-4986 -2659 848 ) (-5120 -2659 848 ) 
4 2232 2285 (-5120 -2659 480 ) (-5120 -2660 480 ) (-5120 -2660 848 ) (-5120 -2659 848 ) 
4 2232 2235 (-4986 -2659 480 ) (-4986 -2660 480 ) (-5120 -2660 480 ) (-5120 -2659 480 ) 
4 2232 2233 (-5120 -2660 480 ) (-4986 -2660 480 ) (-4986 -2660 848 ) (-5120 -2660 848 ) 
4 2233 2286 (-5120 -2660 480 ) (-5120 -2704 480 ) (-5120 -2704 848 ) (-5120 -2660 848 ) 
4 2233 2256 (-5120 -2704 848 ) (-5120 -2704 480 ) (-5008 -2704 480 ) (-5008 -2704 848 ) 
4 2233 2244 (-5008 -2704 480 ) (-4986 -2704 480 ) (-4986 -2704 848 ) (-5008 -2704 848 ) 
4 2233 2236 (-4986 -2660 480 ) (-4986 -2704 480 ) (-5120 -2704 480 ) (-5120 -2660 480 ) 
4 2234 2287 (-5120 -2048 480 ) (-5120 -2048 256 ) (-5120 -2659 256 ) (-5120 -2659 480 ) 
4 2234 2238 (-4986 -2320 256 ) (-4986 -2659 256 ) (-5120 -2659 256 ) (-5120 -2320 256 ) 
4 2234 2237 (-5120 -2048 256 ) (-4986 -2048 256 ) (-4986 -2320 256 ) (-5120 -2320 256 ) 
4 2234 2235 (-5120 -2659 256 ) (-4986 -2659 256 ) (-4986 -2659 480 ) (-5120 -2659 480 ) 
4 2235 2288 (-5120 -2659 256 ) (-5120 -2660 256 ) (-5120 -2660 480 ) (-5120 -2659 480 ) 
4 2235 2239 (-4986 -2659 256 ) (-4986 -2660 256 ) (-5120 -2660 256 ) (-5120 -2659 256 ) 
4 2235 2236 (-5120 -2660 256 ) (-4986 -2660 256 ) (-4986 -2660 480 ) (-5120 -2660 480 ) 
4 2236 2289 (-5120 -2660 256 ) (-5120 -2704 256 ) (-5120 -2704 480 ) (-5120 -2660 480 ) 
4 2236 2257 (-5120 -2704 480 ) (-5120 -2704 256 ) (-5008 -2704 256 ) (-5008 -2704 480 ) 
4 2236 2245 (-5008 -2704 256 ) (-4986 -2704 256 ) (-4986 -2704 480 ) (-5008 -2704 480 ) 
4 2236 2240 (-4986 -2660 256 ) (-4986 -2704 256 ) (-5120 -2704 256 ) (-5120 -2660 256 ) 
4 2237 2290 (-5120 -2048 256 ) (-5120 -2048 128 ) (-5120 -2320 128 ) (-5120 -2320 256 ) 
4 2237 2259 (-5120 -2320 128 ) (-5120 -2048 128 ) (-4986 -2048 128 ) (-4986 -2320 128 ) 
4 2237 2238 (-5120 -2320 128 ) (-4986 -2320 128 ) (-4986 -2320 256 ) (-5120 -2320 256 ) 
4 2238 2291 (-5120 -2320 128 ) (-5120 -2659 128 ) (-5120 -2659 256 ) (-5120 -2320 256 ) 
4 2238 2260 (-5120 -2659 128 ) (-5120 -2320 128 ) (-4986 -2320 128 ) (-4986 -2659 128 ) 
4 2238 2239 (-5120 -2659 128 ) (-4986 -2659 128 ) (-4986 -2659 256 ) (-5120 -2659 256 ) 
4 2239 2292 (-5120 -2659 128 ) (-5120 -2660 128 ) (-5120 -2660 256 ) (-5120 -2659 256 ) 
4 2239 2261 (-5120 -2660 128 ) (-5120 -2659 128 ) (-4986 -2659 128 ) (-4986 -2660 128 ) 
4 2239 2240 (-5120 -2660 128 ) (-4986 -2660 128 ) (-4986 -2660 256 ) (-5120 -2660 256 ) 
4 2240 2293 (-5120 -2660 128 ) (-5120 -2704 128 ) (-5120 -2704 256 ) (-5120 -2660 256 ) 
4 2240 2262 (-5120 -2704 128 ) (-5120 -2660 128 ) (-4986 -2660 128 ) (-4986 -2704 128 ) 
4 2240 2257 (-5120 -2704 256 ) (-5120 -2704 128 ) (-5008 -2704 128 ) (-5008 -2704 256 ) 
4 2240 2245 (-5008 -2704 128 ) (-4986 -2704 128 ) (-4986 -2704 256 ) (-5008 -2704 256 ) 
4 2241 2341 (-4096 -3072 1224 ) (-4096 -3072 1856 ) (-4306 -3072 1856 ) (-4306 -3072 1224 ) 
4 2241 2246 (-4306 -2832 1224 ) (-4306 -3072 1224 ) (-4306 -3072 1856 ) (-4306 -2832 1856 ) 
4 2241 2243 (-4306 -2704 1856 ) (-4306 -2704 1224 ) (-4306 -2832 1224 ) (-4306 -2832 1856 ) 
4 2241 2242 (-4306 -3072 1224 ) (-4306 -2704 1224 ) (-4096 -2704 1224 ) (-4096 -3072 1224 ) 
4 2242 2342 (-4096 -3072 548 ) (-4096 -3072 1224 ) (-4306 -3072 1224 ) (-4306 -3072 548 ) 
4 2242 2247 (-4306 -2832 548 ) (-4306 -3072 548 ) (-4306 -3072 1224 ) (-4306 -2832 1224 ) 
4 2242 2244 (-4306 -2704 1224 ) (-4306 -2704 548 ) (-4306 -2832 548 ) (-4306 -2832 1224 ) 
4 2243 2255 (-5008 -2704 1856 ) (-5008 -2704 1224 ) (-5008 -2832 1224 ) (-5008 -2832 1856 ) 
4 2243 2246 (-5008 -2832 1856 ) (-5008 -2832 1224 ) (-4306 -2832 1224 ) (-4306 -2832 1856 ) 
4 2243 2244 (-4306 -2832 1224 ) (-5008 -2832 1224 ) (-5008 -2704 1224 ) (-4306 -2704 1224 ) 
4 2244 2256 (-5008 -2704 1224 ) (-5008 -2704 480 ) (-5008 -2832 480 ) (-5008 -2832 1224 ) 
4 2244 2247 (-5008 -2832 1224 ) (-5008 -2832 480 ) (-4306 -2832 480 ) (-4306 -2832 1224 ) 
4 2244 2245 (-4306 -2832 480 ) (-5008 -2832 480 ) (-5008 -2704 480 ) (-4306 -2704 480 ) 
4 2245 2262 (-5008 -2832 128 ) (-5008 -2704 128 ) (-4986 -2704 128 ) (-4986 -2832 128 ) 
4 2245 2258 (-4986 -2704 128 ) (-4306 -2704 128 ) (-4306 -2832 128 ) (-4986 -2832 128 ) 
4 2245 2257 (-5008 -2704 480 ) (-5008 -2704 128 ) (-5008 -2832 128 ) (-5008 -2832 480 ) 
4 2245 2253 (-4448 -2832 128 ) (-4306 -2832 128 ) (-4306 -2832 152 ) (-4448 -2832 152 ) 
3 2245 2252 (-4448 -2832 193 ) (-4728 -2832 193 ) (-4448 -2832 169.113876 ) 
4 2245 2251 (-4317.720215 -2832 193 ) (-4448 -2832 193 ) (-4448 -2832 169.113876 ) (-4317.720215 -2832 158 ) 
4 2245 2250 (-4306 -2832 152 ) (-4306 -2832 193 ) (-4317.720215 -2832 193 ) (-4317.720215 -2832 152.972061 ) 
3 2245 2249 (-5008 -2832 193 ) (-5008 -2832 158 ) (-4728 -2832 193 ) 
4 2245 2248 (-5008 -2832 480 ) (-5008 -2832 193 ) (-4306 -2832 193 ) (-4306 -2832 480 ) 
4 2246 2345 (-5008 -3072 1856 ) (-5008 -3072 1224 ) (-4306 -3072 1224 ) (-4306 -3072 1856 ) 
4 2246 2255 (-5008 -3072 1224 ) (-5008 -3072 1856 ) (-5008 -2832 1856 ) (-5008 -2832 1224 ) 
4 2246 2247 (-5008 -3072 1224 ) (-5008 -2832 1224 ) (-4306 -2832 1224 ) (-4306 -3072 1224 ) 
4 2247 2346 (-5008 -3072 1224 ) (-5008 -3072 480 ) (-4306 -3072 480 ) (-4306 -3072 1224 ) 
4 2247 2256 (-5008 -3072 480 ) (-5008 -3072 1224 ) (-5008 -2832 1224 ) (-5008 -2832 480 ) 
4 2247 2248 (-5008 -3072 480 ) (-5008 -2832 480 ) (-4306 -2832 480 ) (-4306 -3072 480 ) 
4 2248 2347 (-5008 -3072 480 ) (-5008 -3072 193 ) (-4306 -3072 193 ) (-4306 -3072 480 ) 
4 2248 2257 (-5008 -3072 193 ) (-5008 -3072 480 ) (-5008 -2832 480 ) (-5008 -2832 193 ) 
4 2248 2252 (-4728 -2832 193 ) (-4448 -2832 193 ) (-4448 -3072 193 ) (-4728 -3072 193 ) 
4 2248 2251 (-4448 -2832 193 ) (-4317.720215 -2832 193 ) (-4317.720215 -3072 193 ) (-4448 -3072 193 ) 
4 2248 2250 (-4317.720215 -2832 193 ) (-4306 -2832 193 ) (-4306 -3072 193 ) (-4317.720215 -3072 193 ) 
4 2248 2249 (-5008 -3072 193 ) (-5008 -2832 193 ) (-4728 -2832 193 ) (-4728 -3072 193 ) 
3 2249 2348 (-5008 -3072 193 ) (-5008 -3072 158 ) (-4728 -3072 193 ) 
4 2249 2257 (-5008 -3072 158 ) (-5008 -3072 193 ) (-5008 -2832 193 ) (-5008 -2832 158 ) 
4 2250 2349 (-4306 -3072 152 ) (-4306 -3072 193 ) (-4317.720215 -3072 193 ) (-4317.720215 -3072 152.972061 ) 
4 2250 2251 (-4317.720215 -3072 158 ) (-4317.720215 -3072 193 ) (-4317.720215 -2832 193 ) (-4317.720215 -2832 158 ) 
4 2251 2350 (-4317.720215 -3072 193 ) (-4448 -3072 193 ) (-4448 -3072 169.113876 ) (-4317.720215 -3072 158 ) 
4 2251 2252 (-4448 -3072 169.113876 ) (-4448 -3072 193 ) (-4448 -2832 193 ) (-4448 -2832 169.113876 ) 
3 2252 2351 (-4448 -3072 193 ) (-4728 -3072 193 ) (-4448 -3072 169.113876 ) 
4 2253 2352 (-4448 -3072 128 ) (-4306 -3072 128 ) (-4306 -3072 152 ) (-4448 -3072 152 ) 
4 2253 2263 (-4306 -3072 128 ) (-4448 -3072 128 ) (-4448 -2832 128 ) (-4306 -2832 128 ) 
4 2254 2267 (-4464 -3072 128 ) (-4670 -3072 128 ) (-4670 -2984 128 ) (-4464 -2984 128 ) 
4 2255 2356 (-5120 -3072 1856 ) (-5120 -3072 1224 ) (-5008 -3072 1224 ) (-5008 -3072 1856 ) 
4 2255 2281 (-5120 -3072 1224 ) (-5120 -3072 1856 ) (-5120 -2704 1856 ) (-5120 -2704 1224 ) 
4 2255 2256 (-5120 -3072 1224 ) (-5120 -2704 1224 ) (-5008 -2704 1224 ) (-5008 -3072 1224 ) 
4 2256 2357 (-5120 -3072 1224 ) (-5120 -3072 480 ) (-5008 -3072 480 ) (-5008 -3072 1224 ) 
4 2256 2286 (-5120 -3072 480 ) (-5120 -3072 848 ) (-5120 -2704 848 ) (-5120 -2704 480 ) 
4 2256 2283 (-5120 -3072 848 ) (-5120 -3072 1224 ) (-5120 -2704 1224 ) (-5120 -2704 848 ) 
4 2256 2257 (-5120 -2704 480 ) (-5008 -2704 480 ) (-5008 -3072 480 ) (-5120 -3072 480 ) 
4 2257 2358 (-5120 -3072 480 ) (-5120 -3072 128 ) (-5008 -3072 128 ) (-5008 -3072 480 ) 
4 2257 2293 (-5120 -2704 128 ) (-5120 -3072 128 ) (-5120 -3072 256 ) (-5120 -2704 256 ) 
4 2257 2289 (-5120 -3072 256 ) (-5120 -3072 480 ) (-5120 -2704 480 ) (-5120 -2704 256 ) 
4 2257 2272 (-5008 -3072 128 ) (-5120 -3072 128 ) (-5120 -2832 128 ) (-5008 -2832 128 ) 
4 2257 2262 (-5120 -2832 128 ) (-5120 -2704 128 ) (-5008 -2704 128 ) (-5008 -2832 128 ) 
4 2258 2274 (-4448 -2832 24 ) (-4986 -2832 24 ) (-4986 -2704 24 ) (-4448 -2704 24 ) 
4 2258 2273 (-4306 -2832 24 ) (-4448 -2832 24 ) (-4448 -2704 24 ) (-4306 -2704 24 ) 
4 2258 2270 (-4976 -2832 24 ) (-4920 -2832 24 ) (-4920 -2832 128 ) (-4976 -2832 128 ) 
4 2258 2269 (-4888 -2832 24 ) (-4832 -2832 24 ) (-4832 -2832 128 ) (-4888 -2832 128 ) 
4 2258 2268 (-4800 -2832 24 ) (-4744 -2832 24 ) (-4744 -2832 128 ) (-4800 -2832 128 ) 
4 2258 2266 (-4712 -2832 24 ) (-4616 -2832 24 ) (-4616 -2832 128 ) (-4712 -2832 128 ) 
4 2258 2265 (-4584 -2832 24 ) (-4480 -2832 24 ) (-4480 -2832 128 ) (-4584 -2832 128 ) 
4 2258 2263 (-4448 -2832 24 ) (-4306 -2832 24 ) (-4306 -2832 128 ) (-4448 -2832 128 ) 
4 2258 2262 (-4986 -2704 24 ) (-4986 -2832 24 ) (-4986 -2832 128 ) (-4986 -2704 128 ) 
4 2259 2290 (-5120 -2048 128 ) (-5120 -2048 24 ) (-5120 -2320 24 ) (-5120 -2320 128 ) 
4 2259 2275 (-5120 -2320 24 ) (-5120 -2048 24 ) (-4986 -2048 24 ) (-4986 -2320 24 ) 
4 2259 2260 (-5120 -2320 24 ) (-4986 -2320 24 ) (-4986 -2320 128 ) (-5120 -2320 128 ) 
4 2260 2291 (-5120 -2320 24 ) (-5120 -2659 24 ) (-5120 -2659 128 ) (-5120 -2320 128 ) 
4 2260 2276 (-5120 -2659 24 ) (-5120 -2320 24 ) (-4986 -2320 24 ) (-4986 -2659 24 ) 
4 2260 2261 (-5120 -2659 24 ) (-4986 -2659 24 ) (-4986 -2659 128 ) (-5120 -2659 128 ) 
4 2261 2292 (-5120 -2659 24 ) (-5120 -2660 24 ) (-5120 -2660 128 ) (-5120 -2659 128 ) 
4 2261 2277 (-5120 -2660 24 ) (-5120 -2659 24 ) (-4986 -2659 24 ) (-4986 -2660 24 ) 
4 2261 2262 (-5120 -2660 24 ) (-4986 -2660 24 ) (-4986 -2660 128 ) (-5120 -2660 128 ) 
4 2262 2293 (-5120 -2660 24 ) (-5120 -2832 24 ) (-5120 -2832 128 ) (-5120 -2660 128 ) 
4 2262 2278 (-5120 -2832 24 ) (-5120 -2660 24 ) (-4986 -2660 24 ) (-4986 -2832 24 ) 
4 2262 2272 (-5120 -2832 24 ) (-5008 -2832 24 ) (-5008 -2832 128 ) (-5120 -2832 128 ) 
4 2263 2360 (-4306 -3072 128 ) (-4448 -3072 128 ) (-4448 -3072 24 ) (-4306 -3072 24 ) 
4 2263 2273 (-4448 -2832 24 ) (-4306 -2832 24 ) (-4306 -3072 24 ) (-4448 -3072 24 ) 
4 2263 2264 (-4448 -3000 24 ) (-4448 -3056 24 ) (-4448 -3056 128 ) (-4448 -3000 128 ) 
4 2264 2267 (-4464 -3000 24 ) (-4464 -3056 24 ) (-4464 -3056 128 ) (-4464 -3000 128 ) 
4 2271 2272 (-5008 -3000 24 ) (-5008 -3056 24 ) (-5008 -3056 128 ) (-5008 -3000 128 ) 
4 2272 2373 (-5008 -3072 128 ) (-5120 -3072 128 ) (-5120 -3072 24 ) (-5008 -3072 24 ) 
4 2272 2293 (-5120 -2832 24 ) (-5120 -3072 24 ) (-5120 -3072 128 ) (-5120 -2832 128 ) 
4 2272 2279 (-5120 -3072 24 ) (-5120 -2832 24 ) (-5008 -2832 24 ) (-5008 -3072 24 ) 
4 2273 2375 (-4306 -3072 24 ) (-4448 -3072 24 ) (-4448 -3072 16 ) (-4306 -3072 16 ) 
4 2273 2274 (-4448 -2704 24 ) (-4448 -2704 16 ) (-4448 -2832 16 ) (-4448 -2832 24 ) 
4 2274 2278 (-4986 -2704 16 ) (-4986 -2832 16 ) (-4986 -2832 24 ) (-4986 -2704 24 ) 
4 2275 2290 (-5120 -2048 24 ) (-5120 -2048 16 ) (-5120 -2320 16 ) (-5120 -2320 24 ) 
4 2275 2276 (-5120 -2320 16 ) (-4986 -2320 16 ) (-4986 -2320 24 ) (-5120 -2320 24 ) 
4 2276 2291 (-5120 -2320 16 ) (-5120 -2659 16 ) (-5120 -2659 24 ) (-5120 -2320 24 ) 
4 2276 2277 (-5120 -2659 16 ) (-4986 -2659 16 ) (-4986 -2659 24 ) (-5120 -2659 24 ) 
4 2277 2292 (-5120 -2659 16 ) (-5120 -2660 16 ) (-5120 -2660 24 ) (-5120 -2659 24 ) 
4 2277 2278 (-5120 -2660 16 ) (-4986 -2660 16 ) (-4986 -2660 24 ) (-5120 -2660 24 ) 
4 2278 2293 (-5120 -2660 16 ) (-5120 -2832 16 ) (-5120 -2832 24 ) (-5120 -2660 24 ) 
4 2278 2279 (-5120 -2832 16 ) (-5008 -2832 16 ) (-5008 -2832 24 ) (-5120 -2832 24 ) 
4 2279 2377 (-5008 -3072 24 ) (-5120 -3072 24 ) (-5120 -3072 16 ) (-5008 -3072 16 ) 
4 2279 2293 (-5120 -2832 16 ) (-5120 -3072 16 ) (-5120 -3072 24 ) (-5120 -2832 24 ) 
4 2280 2305 (-5200 -2656 1856 ) (-5200 -2320 1856 ) (-5200 -2320 1224 ) (-5200 -2656 1224 ) 
4 2280 2294 (-5200 -2320 1856 ) (-5200 -2048 1856 ) (-5200 -2048 1224 ) (-5200 -2320 1224 ) 
4 2280 2282 (-5200 -2656 1224 ) (-5200 -2048 1224 ) (-5120 -2048 1224 ) (-5120 -2656 1224 ) 
4 2281 2379 (-5120 -3072 1224 ) (-5120 -3072 1856 ) (-5200 -3072 1856 ) (-5200 -3072 1224 ) 
4 2281 2283 (-5200 -3072 1224 ) (-5200 -2664 1224 ) (-5120 -2664 1224 ) (-5120 -3072 1224 ) 
4 2282 2307 (-5200 -2656 1224 ) (-5200 -2320 1224 ) (-5200 -2320 976 ) (-5200 -2656 976 ) 
4 2282 2295 (-5200 -2320 1224 ) (-5200 -2048 1224 ) (-5200 -2048 848 ) (-5200 -2320 848 ) 
4 2282 2284 (-5200 -2656 848 ) (-5200 -2048 848 ) (-5120 -2048 848 ) (-5120 -2656 848 ) 
4 2283 2380 (-5120 -3072 848 ) (-5120 -3072 1224 ) (-5200 -3072 1224 ) (-5200 -3072 848 ) 
4 2283 2286 (-5200 -3072 848 ) (-5200 -2664 848 ) (-5120 -2664 848 ) (-5120 -3072 848 ) 
4 2284 2295 (-5200 -2320 848 ) (-5200 -2048 848 ) (-5200 -2048 480 ) (-5200 -2320 480 ) 
4 2284 2287 (-5200 -2659 480 ) (-5200 -2048 480 ) (-5120 -2048 480 ) (-5120 -2659 480 ) 
4 2284 2285 (-5200 -2659 480 ) (-5120 -2659 480 ) (-5120 -2659 848 ) (-5200 -2659 848 ) 
4 2285 2288 (-5200 -2660 480 ) (-5200 -2659 480 ) (-5120 -2659 480 ) (-5120 -2660 480 ) 
4 2285 2286 (-5200 -2660 480 ) (-5120 -2660 480 ) (-5120 -2660 848 ) (-5200 -2660 848 ) 
4 2286 2380 (-5120 -3072 480 ) (-5120 -3072 848 ) (-5200 -3072 848 ) (-5200 -3072 480 ) 
4 2286 2289 (-5200 -3072 480 ) (-5200 -2660 480 ) (-5120 -2660 480 ) (-5120 -3072 480 ) 
4 2287 2296 (-5200 -2320 480 ) (-5200 -2048 480 ) (-5200 -2048 256 ) (-5200 -2320 256 ) 
4 2287 2291 (-5200 -2659 256 ) (-5200 -2320 256 ) (-5120 -2320 256 ) (-5120 -2659 256 ) 
4 2287 2290 (-5200 -2320 256 ) (-5200 -2048 256 ) (-5120 -2048 256 ) (-5120 -2320 256 ) 
4 2287 2288 (-5200 -2659 256 ) (-5120 -2659 256 ) (-5120 -2659 480 ) (-5200 -2659 480 ) 
4 2288 2292 (-5200 -2660 256 ) (-5200 -2659 256 ) (-5120 -2659 256 ) (-5120 -2660 256 ) 
4 2288 2289 (-5200 -2660 256 ) (-5120 -2660 256 ) (-5120 -2660 480 ) (-5200 -2660 480 ) 
4 2289 2381 (-5120 -3072 256 ) (-5120 -3072 480 ) (-5200 -3072 480 ) (-5200 -3072 256 ) 
4 2289 2321 (-5200 -2992 388 ) (-5200 -2992 300 ) (-5200 -3056 300 ) (-5200 -3056 388 ) 
4 2289 2293 (-5120 -3072 256 ) (-5200 -3072 256 ) (-5200 -2660 256 ) (-5120 -2660 256 ) 
4 2290 2303 (-5200 -2176 16 ) (-5200 -2320 16 ) (-5200 -2320 216 ) (-5200 -2176 216 ) 
4 2290 2298 (-5200 -2048 216 ) (-5200 -2048 16 ) (-5200 -2176 16 ) (-5200 -2176 216 ) 
4 2290 2297 (-5200 -2320 256 ) (-5200 -2048 256 ) (-5200 -2048 216 ) (-5200 -2320 216 ) 
4 2290 2291 (-5200 -2320 16 ) (-5120 -2320 16 ) (-5120 -2320 256 ) (-5200 -2320 256 ) 
4 2291 2292 (-5200 -2659 16 ) (-5120 -2659 16 ) (-5120 -2659 256 ) (-5200 -2659 256 ) 
4 2292 2293 (-5200 -2660 16 ) (-5120 -2660 16 ) (-5120 -2660 256 ) (-5200 -2660 256 ) 
4 2293 2416 (-5120 -3072 16 ) (-5120 -3072 144 ) (-5200 -3072 144 ) (-5200 -3072 16 ) 
4 2293 2381 (-5120 -3072 144 ) (-5120 -3072 256 ) (-5200 -3072 256 ) (-5200 -3072 144 ) 
4 2293 2325 (-5200 -2989 126 ) (-5200 -2989 16 ) (-5200 -3053 16 ) (-5200 -3053 126 ) 
4 2293 2322 (-5200 -3053 256 ) (-5200 -2996 256 ) (-5200 -2996 176 ) (-5200 -3053 176 ) 
4 2294 2513 (-6144 -2048 1856 ) (-6144 -2048 1224 ) (-6144 -2320 1224 ) (-6144 -2320 1856 ) 
4 2294 2314 (-6032 -2320 1856 ) (-6144 -2320 1856 ) (-6144 -2320 1224 ) (-6032 -2320 1224 ) 
4 2294 2309 (-5788 -2320 1856 ) (-6032 -2320 1856 ) (-6032 -2320 1224 ) (-5788 -2320 1224 ) 
4 2294 2305 (-5200 -2320 1224 ) (-5200 -2320 1856 ) (-5208 -2320 1856 ) (-5208 -2320 1224 ) 
4 2294 2306 (-5208 -2320 1856 ) (-5788 -2320 1856 ) (-5788 -2320 1224 ) (-5208 -2320 1224 ) 
4 2294 2295 (-5200 -2320 1224 ) (-6144 -2320 1224 ) (-6144 -2048 1224 ) (-5200 -2048 1224 ) 
4 2295 2514 (-6144 -2048 1224 ) (-6144 -2048 480 ) (-6144 -2320 480 ) (-6144 -2320 1224 ) 
4 2295 2316 (-6144 -2320 584 ) (-6144 -2320 480 ) (-6032 -2320 480 ) (-6032 -2320 584 ) 
4 2295 2315 (-6032 -2320 1224 ) (-6144 -2320 1224 ) (-6144 -2320 584 ) (-6032 -2320 584 ) 
4 2295 2312 (-5848 -2320 480 ) (-5788 -2320 480 ) (-5788 -2320 516 ) (-5848 -2320 516 ) 
4 2295 2310 (-5788 -2320 1224 ) (-6032 -2320 1224 ) (-6032 -2320 976 ) (-5788 -2320 976 ) 
4 2295 2307 (-5200 -2320 976 ) (-5200 -2320 1224 ) (-5208 -2320 1224 ) (-5208 -2320 976 ) 
4 2295 2308 (-5208 -2320 1224 ) (-5788 -2320 1224 ) (-5788 -2320 976 ) (-5208 -2320 976 ) 
4 2295 2296 (-5200 -2320 480 ) (-6144 -2320 480 ) (-6144 -2048 480 ) (-5200 -2048 480 ) 
4 2296 2516 (-6144 -2048 344 ) (-6144 -2048 256 ) (-6144 -2320 256 ) (-6144 -2320 344 ) 
4 2296 2515 (-6144 -2048 480 ) (-6144 -2048 344 ) (-6144 -2320 344 ) (-6144 -2320 480 ) 
4 2296 2317 (-6032 -2320 480 ) (-6144 -2320 480 ) (-6144 -2320 256 ) (-6032 -2320 256 ) 
4 2296 2313 (-5788 -2320 480 ) (-5848 -2320 480 ) (-5848 -2320 436 ) (-5788 -2320 436 ) 
4 2296 2297 (-5200 -2320 256 ) (-6144 -2320 256 ) (-6144 -2048 256 ) (-5200 -2048 256 ) 
4 2297 2518 (-6144 -2048 256 ) (-6144 -2048 216 ) (-6144 -2320 216 ) (-6144 -2320 256 ) 
4 2297 2318 (-6032 -2320 256 ) (-6144 -2320 256 ) (-6144 -2320 216 ) (-6032 -2320 216 ) 
4 2297 2304 (-5392 -2320 216 ) (-6144 -2320 216 ) (-6144 -2192 216 ) (-5392 -2192 216 ) 
4 2297 2303 (-5200 -2320 216 ) (-5392 -2320 216 ) (-5392 -2176 216 ) (-5200 -2176 216 ) 
4 2297 2299 (-5584 -2048 216 ) (-5408 -2048 216 ) (-5408 -2064 216 ) (-5584 -2064 216 ) 
4 2297 2302 (-6144 -2176 216 ) (-6144 -2048 216 ) (-5584 -2048 216 ) (-5584 -2176 216 ) 
4 2297 2298 (-5392 -2048 216 ) (-5200 -2048 216 ) (-5200 -2176 216 ) (-5392 -2176 216 ) 
4 2298 2303 (-5392 -2176 16 ) (-5200 -2176 16 ) (-5200 -2176 216 ) (-5392 -2176 216 ) 
4 2299 2302 (-5584 -2048 16 ) (-5584 -2064 16 ) (-5584 -2064 216 ) (-5584 -2048 216 ) 
4 2300 2301 (-5568 -2104 16 ) (-5568 -2160 16 ) (-5568 -2160 120 ) (-5568 -2104 120 ) 
4 2301 2302 (-5584 -2104 16 ) (-5584 -2160 16 ) (-5584 -2160 120 ) (-5584 -2104 120 ) 
4 2302 2534 (-6144 -2123.866455 162 ) (-6144 -2125.399902 162 ) (-6144 -2125.399902 174 ) (-6144 -2123.866455 174 ) 
4 2302 2532 (-6144 -2125.399902 162 ) (-6144 -2176 162 ) (-6144 -2176 174 ) (-6144 -2125.399902 174 ) 
4 2302 2531 (-6144 -2048 174 ) (-6144 -2048 162 ) (-6144 -2123.866455 162 ) (-6144 -2123.866455 174 ) 
4 2302 2530 (-6144 -2048 199 ) (-6144 -2048 174 ) (-6144 -2176 174 ) (-6144 -2176 199 ) 
4 2302 2535 (-6144 -2048 162 ) (-6144 -2048 16 ) (-6144 -2176 16 ) (-6144 -2176 162 ) 
4 2302 2523 (-6144 -2048 210 ) (-6144 -2048 199 ) (-6144 -2176 199 ) (-6144 -2176 210 ) 
4 2302 2522 (-6144 -2048 216 ) (-6144 -2048 210 ) (-6144 -2176 210 ) (-6144 -2176 216 ) 
4 2303 2304 (-5392 -2192 16 ) (-5392 -2320 16 ) (-5392 -2320 216 ) (-5392 -2192 216 ) 
4 2304 2538 (-6144 -2192 16 ) (-6144 -2320 16 ) (-6144 -2320 216 ) (-6144 -2192 216 ) 
4 2304 2340 (-6032 -2192 16 ) (-5392 -2192 16 ) (-5392 -2320 16 ) (-6032 -2320 16 ) 
4 2304 2318 (-6144 -2320 16 ) (-6032 -2320 16 ) (-6032 -2320 216 ) (-6144 -2320 216 ) 
4 2305 2307 (-5208 -2656 1224 ) (-5208 -2320 1224 ) (-5200 -2320 1224 ) (-5200 -2656 1224 ) 
4 2305 2306 (-5208 -2320 1224 ) (-5208 -2656 1224 ) (-5208 -2656 1856 ) (-5208 -2320 1856 ) 
4 2306 2331 (-5544 -2904 1856 ) (-5788 -2904 1856 ) (-5788 -2904 1224 ) (-5544 -2904 1224 ) 
4 2306 2328 (-5208 -2904 1856 ) (-5544 -2904 1856 ) (-5544 -2904 1224 ) (-5208 -2904 1224 ) 
4 2306 2309 (-5788 -2320 1856 ) (-5788 -2320 1224 ) (-5788 -2904 1224 ) (-5788 -2904 1856 ) 
4 2306 2308 (-5208 -2904 1224 ) (-5788 -2904 1224 ) (-5788 -2320 1224 ) (-5208 -2320 1224 ) 
4 2307 2308 (-5208 -2320 976 ) (-5208 -2656 976 ) (-5208 -2656 1224 ) (-5208 -2320 1224 ) 
4 2308 2332 (-5544 -2904 1224 ) (-5788 -2904 1224 ) (-5788 -2904 976 ) (-5544 -2904 976 ) 
4 2308 2329 (-5208 -2904 1224 ) (-5544 -2904 1224 ) (-5544 -2904 976 ) (-5208 -2904 976 ) 
4 2308 2311 (-5788 -2384 976 ) (-5788 -2904 976 ) (-5788 -2904 1224 ) (-5788 -2384 1224 ) 
4 2308 2310 (-5788 -2320 1224 ) (-5788 -2320 976 ) (-5788 -2384 976 ) (-5788 -2384 1224 ) 
4 2309 2331 (-5788 -2904 1224 ) (-5788 -2904 1856 ) (-6032 -2904 1856 ) (-6032 -2904 1224 ) 
4 2309 2314 (-6032 -2320 1856 ) (-6032 -2320 1224 ) (-6032 -2904 1224 ) (-6032 -2904 1856 ) 
4 2309 2311 (-6032 -2904 1224 ) (-6032 -2384 1224 ) (-5788 -2384 1224 ) (-5788 -2904 1224 ) 
4 2309 2310 (-6032 -2384 1224 ) (-6032 -2320 1224 ) (-5788 -2320 1224 ) (-5788 -2384 1224 ) 
4 2310 2315 (-6032 -2320 1224 ) (-6032 -2320 976 ) (-6032 -2384 976 ) (-6032 -2384 1224 ) 
4 2310 2311 (-5788 -2384 976 ) (-5788 -2384 1224 ) (-6032 -2384 1224 ) (-6032 -2384 976 ) 
4 2311 2332 (-5788 -2904 976 ) (-5788 -2904 1224 ) (-6032 -2904 1224 ) (-6032 -2904 976 ) 
4 2311 2315 (-6032 -2904 976 ) (-6032 -2904 1224 ) (-6032 -2384 1224 ) (-6032 -2384 976 ) 
4 2312 2313 (-5788 -2384 480 ) (-5848 -2384 480 ) (-5848 -2320 480 ) (-5788 -2320 480 ) 
4 2314 2540 (-6144 -2480 1224 ) (-6144 -2904 1224 ) (-6144 -2904 1856 ) (-6144 -2480 1856 ) 
4 2314 2513 (-6144 -2320 1856 ) (-6144 -2320 1224 ) (-6144 -2480 1224 ) (-6144 -2480 1856 ) 
4 2314 2331 (-6144 -2904 1856 ) (-6144 -2904 1224 ) (-6032 -2904 1224 ) (-6032 -2904 1856 ) 
4 2314 2315 (-6144 -2320 1224 ) (-6032 -2320 1224 ) (-6032 -2904 1224 ) (-6144 -2904 1224 ) 
4 2315 2541 (-6144 -2480 584 ) (-6144 -2904 584 ) (-6144 -2904 1224 ) (-6144 -2480 1224 ) 
4 2315 2514 (-6144 -2320 1224 ) (-6144 -2320 584 ) (-6144 -2480 584 ) (-6144 -2480 1224 ) 
4 2315 2333 (-6144 -2904 1224 ) (-6144 -2904 584 ) (-6032 -2904 584 ) (-6032 -2904 1224 ) 
4 2315 2319 (-6032 -2480 584 ) (-6032 -2904 584 ) (-6104 -2904 584 ) (-6104 -2480 584 ) 
4 2315 2316 (-6144 -2320 584 ) (-6032 -2320 584 ) (-6032 -2480 584 ) (-6144 -2480 584 ) 
4 2316 2514 (-6144 -2320 584 ) (-6144 -2320 480 ) (-6144 -2480 480 ) (-6144 -2480 584 ) 
4 2316 2319 (-6032 -2480 480 ) (-6032 -2480 584 ) (-6104 -2480 584 ) (-6104 -2480 480 ) 
4 2316 2317 (-6032 -2480 480 ) (-6144 -2480 480 ) (-6144 -2320 480 ) (-6032 -2320 480 ) 
4 2317 2516 (-6144 -2320 344 ) (-6144 -2320 256 ) (-6144 -2480 256 ) (-6144 -2480 344 ) 
4 2317 2515 (-6144 -2320 480 ) (-6144 -2320 344 ) (-6144 -2480 344 ) (-6144 -2480 480 ) 
4 2317 2320 (-6032 -2480 256 ) (-6032 -2480 480 ) (-6104 -2480 480 ) (-6104 -2480 256 ) 
4 2317 2318 (-6032 -2480 256 ) (-6144 -2480 256 ) (-6144 -2320 256 ) (-6032 -2320 256 ) 
4 2318 2538 (-6144 -2320 216 ) (-6144 -2320 16 ) (-6144 -2480 16 ) (-6144 -2480 216 ) 
4 2318 2518 (-6144 -2320 256 ) (-6144 -2320 216 ) (-6144 -2480 216 ) (-6144 -2480 256 ) 
4 2318 2320 (-6104 -2480 16 ) (-6032 -2480 16 ) (-6032 -2480 256 ) (-6104 -2480 256 ) 
4 2319 2334 (-6104 -2904 480 ) (-6032 -2904 480 ) (-6032 -2904 584 ) (-6104 -2904 584 ) 
4 2319 2320 (-6104 -2480 480 ) (-6032 -2480 480 ) (-6032 -2904 480 ) (-6104 -2904 480 ) 
4 2320 2338 (-6104 -2904 16 ) (-6032 -2904 16 ) (-6032 -2904 280 ) (-6104 -2904 280 ) 
4 2320 2335 (-6032 -2904 280 ) (-6032 -2904 480 ) (-6104 -2904 480 ) (-6104 -2904 280 ) 
4 2321 2330 (-5208 -3056 300 ) (-5208 -3056 388 ) (-5208 -2992 388 ) (-5208 -2992 300 ) 
4 2322 2323 (-5206 -3053 176 ) (-5206 -3053 256 ) (-5206 -2996 256 ) (-5206 -2996 176 ) 
4 2323 2324 (-5207 -3053 176 ) (-5207 -3053 256 ) (-5207 -2996 256 ) (-5207 -2996 176 ) 
4 2324 2336 (-5208 -2996 176 ) (-5208 -3053 176 ) (-5208 -3053 256 ) (-5208 -2996 256 ) 
4 2325 2326 (-5206 -3053 16 ) (-5206 -3053 126 ) (-5206 -2989 126 ) (-5206 -2989 16 ) 
4 2326 2327 (-5207 -3053 16 ) (-5207 -3053 126 ) (-5207 -2989 126 ) (-5207 -2989 16 ) 
4 2327 2336 (-5208 -2989 16 ) (-5208 -3053 16 ) (-5208 -3053 126 ) (-5208 -2989 126 ) 
4 2328 2382 (-5208 -3072 1224 ) (-5208 -3072 1856 ) (-5544 -3072 1856 ) (-5544 -3072 1224 ) 
4 2328 2331 (-5544 -2904 1856 ) (-5544 -2904 1224 ) (-5544 -3072 1224 ) (-5544 -3072 1856 ) 
4 2328 2329 (-5544 -3072 1224 ) (-5544 -2904 1224 ) (-5208 -2904 1224 ) (-5208 -3072 1224 ) 
4 2329 2384 (-5208 -3072 976 ) (-5208 -3072 1224 ) (-5544 -3072 1224 ) (-5544 -3072 976 ) 
4 2329 2332 (-5544 -2904 1224 ) (-5544 -2904 976 ) (-5544 -3072 976 ) (-5544 -3072 1224 ) 
4 2330 2393 (-5208 -3072 288 ) (-5208 -3072 420 ) (-5544 -3072 420 ) (-5544 -3072 288 ) 
4 2331 2540 (-6144 -3072 1224 ) (-6144 -3072 1856 ) (-6144 -2904 1856 ) (-6144 -2904 1224 ) 
4 2331 2383 (-6144 -3072 1856 ) (-6144 -3072 1224 ) (-6104 -3072 1224 ) (-6104 -3072 1856 ) 
4 2331 2382 (-6104 -3072 1224 ) (-5544 -3072 1224 ) (-5544 -3072 1856 ) (-6104 -3072 1856 ) 
4 2331 2333 (-6144 -2904 1224 ) (-6032 -2904 1224 ) (-6032 -3072 1224 ) (-6144 -3072 1224 ) 
4 2331 2332 (-6032 -2904 1224 ) (-5544 -2904 1224 ) (-5544 -3072 1224 ) (-6032 -3072 1224 ) 
4 2332 2384 (-5544 -3072 976 ) (-5544 -3072 1224 ) (-6032 -3072 1224 ) (-6032 -3072 976 ) 
4 2332 2333 (-6032 -3072 976 ) (-6032 -3072 1224 ) (-6032 -2904 1224 ) (-6032 -2904 976 ) 
4 2333 2541 (-6144 -3072 584 ) (-6144 -3072 1224 ) (-6144 -2904 1224 ) (-6144 -2904 584 ) 
4 2333 2392 (-6144 -3072 976 ) (-6144 -3072 584 ) (-6104 -3072 584 ) (-6104 -3072 976 ) 
4 2333 2386 (-6104 -3072 584 ) (-6032 -3072 584 ) (-6032 -3072 976 ) (-6104 -3072 976 ) 
4 2333 2385 (-6144 -3072 1224 ) (-6144 -3072 976 ) (-6104 -3072 976 ) (-6104 -3072 1224 ) 
4 2333 2384 (-6104 -3072 976 ) (-6032 -3072 976 ) (-6032 -3072 1224 ) (-6104 -3072 1224 ) 
4 2333 2334 (-6104 -2904 584 ) (-6032 -2904 584 ) (-6032 -3072 584 ) (-6104 -3072 584 ) 
4 2334 2386 (-6104 -3072 480 ) (-6032 -3072 480 ) (-6032 -3072 584 ) (-6104 -3072 584 ) 
4 2334 2335 (-6104 -2904 480 ) (-6032 -2904 480 ) (-6032 -3072 480 ) (-6104 -3072 480 ) 
4 2335 2394 (-6104 -3072 280 ) (-6032 -3072 280 ) (-6032 -3072 420 ) (-6104 -3072 420 ) 
4 2335 2389 (-6032 -3072 420 ) (-6032 -3072 480 ) (-6104 -3072 480 ) (-6104 -3072 420 ) 
4 2335 2339 (-6032 -3063 280 ) (-6032 -3072 280 ) (-6104 -3072 280 ) (-6104 -3063 280 ) 
4 2335 2338 (-6104 -2904 280 ) (-6032 -2904 280 ) (-6032 -3063 280 ) (-6104 -3063 280 ) 
4 2336 2419 (-5544 -3072 16 ) (-5208 -3072 16 ) (-5208 -3072 144 ) (-5544 -3072 144 ) 
4 2336 2397 (-5208 -3072 144 ) (-5208 -3072 280 ) (-5544 -3072 280 ) (-5544 -3072 144 ) 
4 2336 2337 (-5544 -2997 126 ) (-5544 -2997 16 ) (-5544 -3063 16 ) (-5544 -3063 126 ) 
4 2338 2339 (-6104 -3063 280 ) (-6104 -3063 16 ) (-6032 -3063 16 ) (-6032 -3063 280 ) 
4 2339 2421 (-6104 -3072 16 ) (-6032 -3072 16 ) (-6032 -3072 144 ) (-6104 -3072 144 ) 
4 2339 2398 (-6032 -3072 144 ) (-6032 -3072 280 ) (-6104 -3072 280 ) (-6104 -3072 144 ) 
4 2341 2436 (-4096 -4096 1224 ) (-4096 -4096 1856 ) (-4306 -4096 1856 ) (-4306 -4096 1224 ) 
4 2341 2353 (-4306 -3648 1224 ) (-4306 -4096 1224 ) (-4306 -4096 1856 ) (-4306 -3648 1856 ) 
4 2341 2345 (-4306 -3072 1856 ) (-4306 -3072 1224 ) (-4306 -3648 1224 ) (-4306 -3648 1856 ) 
4 2341 2342 (-4306 -4096 1224 ) (-4306 -3072 1224 ) (-4096 -3072 1224 ) (-4096 -4096 1224 ) 
4 2342 2437 (-4096 -4096 548 ) (-4096 -4096 1224 ) (-4306 -4096 1224 ) (-4306 -4096 548 ) 
4 2342 2354 (-4306 -3648 548 ) (-4306 -4096 548 ) (-4306 -4096 1224 ) (-4306 -3648 1224 ) 
4 2342 2346 (-4306 -3072 1224 ) (-4306 -3072 548 ) (-4306 -3648 548 ) (-4306 -3648 1224 ) 
4 2342 2343 (-4096 -4096 548 ) (-4306 -4096 548 ) (-4306 -3664 548 ) (-4096 -3664 548 ) 
4 2343 2437 (-4096 -4096 480 ) (-4096 -4096 548 ) (-4306 -4096 548 ) (-4306 -4096 480 ) 
4 2343 2354 (-4306 -4096 480 ) (-4306 -4096 548 ) (-4306 -3664 548 ) (-4306 -3664 480 ) 
4 2343 2344 (-4096 -4096 480 ) (-4306 -4096 480 ) (-4306 -3664 480 ) (-4096 -3664 480 ) 
4 2344 2442 (-4096 -4096 128 ) (-4096 -4096 216 ) (-4306 -4096 216 ) (-4306 -4096 128 ) 
4 2344 2438 (-4096 -4096 216 ) (-4096 -4096 480 ) (-4306 -4096 480 ) (-4306 -4096 216 ) 
4 2344 2359 (-4096 -4096 128 ) (-4306 -4096 128 ) (-4306 -3664 128 ) (-4096 -3664 128 ) 
4 2344 2355 (-4306 -3664 128 ) (-4306 -4096 128 ) (-4306 -4096 480 ) (-4306 -3664 480 ) 
4 2345 2356 (-5008 -3648 1224 ) (-5008 -3648 1856 ) (-5008 -3072 1856 ) (-5008 -3072 1224 ) 
4 2345 2353 (-5008 -3648 1856 ) (-5008 -3648 1224 ) (-4306 -3648 1224 ) (-4306 -3648 1856 ) 
4 2345 2346 (-4306 -3648 1224 ) (-5008 -3648 1224 ) (-5008 -3072 1224 ) (-4306 -3072 1224 ) 
4 2346 2357 (-5008 -3648 480 ) (-5008 -3648 1224 ) (-5008 -3072 1224 ) (-5008 -3072 480 ) 
4 2346 2354 (-5008 -3648 1224 ) (-5008 -3648 480 ) (-4306 -3648 480 ) (-4306 -3648 1224 ) 
4 2346 2347 (-4306 -3648 480 ) (-5008 -3648 480 ) (-5008 -3072 480 ) (-4306 -3072 480 ) 
4 2347 2358 (-5008 -3648 193 ) (-5008 -3648 480 ) (-5008 -3072 480 ) (-5008 -3072 193 ) 
4 2347 2355 (-5008 -3648 480 ) (-5008 -3648 193 ) (-4306 -3648 193 ) (-4306 -3648 480 ) 
4 2347 2351 (-4448 -3648 193 ) (-4728 -3648 193 ) (-4728 -3072 193 ) (-4448 -3072 193 ) 
4 2347 2350 (-4317.720215 -3648 193 ) (-4448 -3648 193 ) (-4448 -3072 193 ) (-4317.720215 -3072 193 ) 
4 2347 2349 (-4306 -3648 193 ) (-4317.720215 -3648 193 ) (-4317.720215 -3072 193 ) (-4306 -3072 193 ) 
4 2347 2348 (-4728 -3648 193 ) (-5008 -3648 193 ) (-5008 -3072 193 ) (-4728 -3072 193 ) 
4 2348 2358 (-5008 -3648 158 ) (-5008 -3648 193 ) (-5008 -3072 193 ) (-5008 -3072 158 ) 
3 2348 2355 (-5008 -3648 193 ) (-5008 -3648 158 ) (-4728 -3648 193 ) 
4 2349 2355 (-4306 -3648 152 ) (-4306 -3648 193 ) (-4317.720215 -3648 193 ) (-4317.720215 -3648 152.972061 ) 
4 2349 2350 (-4317.720215 -3648 158 ) (-4317.720215 -3648 193 ) (-4317.720215 -3072 193 ) (-4317.720215 -3072 158 ) 
4 2350 2355 (-4317.720215 -3648 193 ) (-4448 -3648 193 ) (-4448 -3648 169.113876 ) (-4317.720215 -3648 158 ) 
4 2350 2351 (-4448 -3648 169.113876 ) (-4448 -3648 193 ) (-4448 -3072 193 ) (-4448 -3072 169.113876 ) 
3 2351 2355 (-4448 -3648 193 ) (-4728 -3648 193 ) (-4448 -3648 169.113876 ) 
4 2352 2360 (-4448 -3072 128 ) (-4306 -3072 128 ) (-4306 -3648 128 ) (-4448 -3648 128 ) 
4 2352 2355 (-4448 -3648 128 ) (-4306 -3648 128 ) (-4306 -3648 152 ) (-4448 -3648 152 ) 
4 2353 2436 (-5008 -4096 1856 ) (-5008 -4096 1224 ) (-4306 -4096 1224 ) (-4306 -4096 1856 ) 
4 2353 2356 (-5008 -4096 1224 ) (-5008 -4096 1856 ) (-5008 -3648 1856 ) (-5008 -3648 1224 ) 
4 2353 2354 (-5008 -4096 1224 ) (-5008 -3648 1224 ) (-4306 -3648 1224 ) (-4306 -4096 1224 ) 
4 2354 2437 (-5008 -4096 1224 ) (-5008 -4096 480 ) (-4306 -4096 480 ) (-4306 -4096 1224 ) 
4 2354 2357 (-5008 -4096 480 ) (-5008 -4096 1224 ) (-5008 -3648 1224 ) (-5008 -3648 480 ) 
4 2354 2355 (-5008 -4096 480 ) (-5008 -3648 480 ) (-4306 -3648 480 ) (-4306 -4096 480 ) 
4 2355 2442 (-5008 -4096 216 ) (-5008 -4096 128 ) (-4306 -4096 128 ) (-4306 -4096 216 ) 
4 2355 2438 (-5008 -4096 480 ) (-5008 -4096 216 ) (-4306 -4096 216 ) (-4306 -4096 480 ) 
4 2355 2372 (-4464 -4096 128 ) (-5008 -4096 128 ) (-5008 -3648 128 ) (-4464 -3648 128 ) 
4 2355 2366 (-4448 -4096 128 ) (-4464 -4096 128 ) (-4464 -3648 128 ) (-4448 -3648 128 ) 
4 2355 2360 (-4306 -4096 128 ) (-4448 -4096 128 ) (-4448 -3648 128 ) (-4306 -3648 128 ) 
4 2355 2358 (-5008 -3648 128 ) (-5008 -4096 128 ) (-5008 -4096 480 ) (-5008 -3648 480 ) 
4 2356 2436 (-5120 -4096 1856 ) (-5120 -4096 1224 ) (-5008 -4096 1224 ) (-5008 -4096 1856 ) 
4 2356 2379 (-5120 -3072 1856 ) (-5120 -3072 1224 ) (-5120 -4096 1224 ) (-5120 -4096 1856 ) 
4 2356 2357 (-5120 -3072 1224 ) (-5008 -3072 1224 ) (-5008 -4096 1224 ) (-5120 -4096 1224 ) 
4 2357 2437 (-5120 -4096 1224 ) (-5120 -4096 480 ) (-5008 -4096 480 ) (-5008 -4096 1224 ) 
4 2357 2380 (-5120 -3072 1224 ) (-5120 -3072 480 ) (-5120 -4096 480 ) (-5120 -4096 1224 ) 
4 2357 2358 (-5120 -4096 480 ) (-5120 -3072 480 ) (-5008 -3072 480 ) (-5008 -4096 480 ) 
4 2358 2442 (-5120 -4096 216 ) (-5120 -4096 128 ) (-5008 -4096 128 ) (-5008 -4096 216 ) 
4 2358 2438 (-5120 -4096 480 ) (-5120 -4096 216 ) (-5008 -4096 216 ) (-5008 -4096 480 ) 
4 2358 2424 (-5120 -3600 128 ) (-5120 -3728 128 ) (-5120 -3728 144 ) (-5120 -3600 144 ) 
4 2358 2425 (-5120 -3728 128 ) (-5120 -4096 128 ) (-5120 -4096 144 ) (-5120 -3728 144 ) 
4 2358 2418 (-5120 -3219 128 ) (-5120 -3600 128 ) (-5120 -3600 144 ) (-5120 -3219 144 ) 
4 2358 2416 (-5120 -3072 144 ) (-5120 -3072 128 ) (-5120 -3219 128 ) (-5120 -3219 144 ) 
4 2358 2381 (-5120 -3072 480 ) (-5120 -3072 144 ) (-5120 -4096 144 ) (-5120 -4096 480 ) 
4 2358 2373 (-5008 -4096 128 ) (-5120 -4096 128 ) (-5120 -3072 128 ) (-5008 -3072 128 ) 
4 2359 2447 (-4096 -4096 24 ) (-4096 -4096 88 ) (-4306 -4096 88 ) (-4306 -4096 24 ) 
4 2359 2442 (-4096 -4096 88 ) (-4096 -4096 128 ) (-4306 -4096 128 ) (-4306 -4096 88 ) 
4 2359 2374 (-4096 -3664 24 ) (-4096 -4096 24 ) (-4306 -4096 24 ) (-4306 -3664 24 ) 
4 2359 2360 (-4306 -3664 24 ) (-4306 -4096 24 ) (-4306 -4096 128 ) (-4306 -3664 128 ) 
4 2360 2447 (-4448 -4096 88 ) (-4448 -4096 24 ) (-4306 -4096 24 ) (-4306 -4096 88 ) 
4 2360 2442 (-4306 -4096 128 ) (-4448 -4096 128 ) (-4448 -4096 88 ) (-4306 -4096 88 ) 
4 2360 2375 (-4448 -3072 24 ) (-4306 -3072 24 ) (-4306 -4096 24 ) (-4448 -4096 24 ) 
4 2360 2366 (-4448 -3648 24 ) (-4448 -4096 24 ) (-4448 -4096 128 ) (-4448 -3648 128 ) 
4 2360 2365 (-4448 -3472 24 ) (-4448 -3616 24 ) (-4448 -3616 128 ) (-4448 -3472 128 ) 
4 2360 2364 (-4448 -3368 24 ) (-4448 -3440 24 ) (-4448 -3440 128 ) (-4448 -3368 128 ) 
4 2360 2363 (-4448 -3264 24 ) (-4448 -3336 24 ) (-4448 -3336 128 ) (-4448 -3264 128 ) 
4 2360 2362 (-4448 -3176 24 ) (-4448 -3232 24 ) (-4448 -3232 128 ) (-4448 -3176 128 ) 
4 2360 2361 (-4448 -3088 24 ) (-4448 -3144 24 ) (-4448 -3144 128 ) (-4448 -3088 128 ) 
4 2366 2447 (-4464 -4096 88 ) (-4464 -4096 24 ) (-4448 -4096 24 ) (-4448 -4096 88 ) 
4 2366 2442 (-4448 -4096 128 ) (-4464 -4096 128 ) (-4464 -4096 88 ) (-4448 -4096 88 ) 
4 2366 2376 (-4448 -3648 24 ) (-4448 -4096 24 ) (-4464 -4096 24 ) (-4464 -3648 24 ) 
4 2366 2372 (-4464 -3648 24 ) (-4464 -4096 24 ) (-4464 -4096 128 ) (-4464 -3648 128 ) 
4 2367 2373 (-5008 -3088 24 ) (-5008 -3144 24 ) (-5008 -3144 128 ) (-5008 -3088 128 ) 
4 2368 2373 (-5008 -3176 24 ) (-5008 -3232 24 ) (-5008 -3232 128 ) (-5008 -3176 128 ) 
4 2369 2373 (-5008 -3264 24 ) (-5008 -3336 24 ) (-5008 -3336 128 ) (-5008 -3264 128 ) 
4 2370 2373 (-5008 -3368 24 ) (-5008 -3440 24 ) (-5008 -3440 128 ) (-5008 -3368 128 ) 
4 2371 2373 (-5008 -3472 24 ) (-5008 -3616 24 ) (-5008 -3616 128 ) (-5008 -3472 128 ) 
4 2372 2447 (-5008 -4096 88 ) (-5008 -4096 24 ) (-4464 -4096 24 ) (-4464 -4096 88 ) 
4 2372 2442 (-4464 -4096 128 ) (-5008 -4096 128 ) (-5008 -4096 88 ) (-4464 -4096 88 ) 
4 2372 2376 (-4464 -3648 24 ) (-4464 -4096 24 ) (-5008 -4096 24 ) (-5008 -3648 24 ) 
4 2372 2373 (-5008 -3648 24 ) (-5008 -4096 24 ) (-5008 -4096 128 ) (-5008 -3648 128 ) 
4 2373 2447 (-5120 -4096 88 ) (-5120 -4096 24 ) (-5008 -4096 24 ) (-5008 -4096 88 ) 
4 2373 2442 (-5008 -4096 128 ) (-5120 -4096 128 ) (-5120 -4096 88 ) (-5008 -4096 88 ) 
4 2373 2424 (-5120 -3600 24 ) (-5120 -3728 24 ) (-5120 -3728 128 ) (-5120 -3600 128 ) 
4 2373 2425 (-5120 -3728 24 ) (-5120 -4096 24 ) (-5120 -4096 128 ) (-5120 -3728 128 ) 
4 2373 2418 (-5120 -3219 24 ) (-5120 -3600 24 ) (-5120 -3600 128 ) (-5120 -3219 128 ) 
4 2373 2416 (-5120 -3072 128 ) (-5120 -3072 24 ) (-5120 -3219 24 ) (-5120 -3219 128 ) 
4 2373 2377 (-5120 -3072 24 ) (-5008 -3072 24 ) (-5008 -4096 24 ) (-5120 -4096 24 ) 
4 2374 2447 (-4096 -4096 16 ) (-4096 -4096 24 ) (-4306 -4096 24 ) (-4306 -4096 16 ) 
4 2374 2378 (-4096 -4096 16 ) (-4306 -4096 16 ) (-4306 -3856 16 ) (-4096 -3856 16 ) 
4 2374 2375 (-4306 -3664 16 ) (-4306 -4096 16 ) (-4306 -4096 24 ) (-4306 -3664 24 ) 
4 2375 2447 (-4306 -4096 24 ) (-4448 -4096 24 ) (-4448 -4096 16 ) (-4306 -4096 16 ) 
4 2375 2378 (-4306 -4096 16 ) (-4448 -4096 16 ) (-4448 -3856 16 ) (-4306 -3856 16 ) 
4 2375 2376 (-4448 -3648 16 ) (-4448 -4096 16 ) (-4448 -4096 24 ) (-4448 -3648 24 ) 
4 2376 2447 (-4448 -4096 24 ) (-5008 -4096 24 ) (-5008 -4096 16 ) (-4448 -4096 16 ) 
4 2376 2378 (-4448 -4096 16 ) (-5008 -4096 16 ) (-5008 -3856 16 ) (-4448 -3856 16 ) 
4 2376 2377 (-5008 -3648 16 ) (-5008 -4096 16 ) (-5008 -4096 24 ) (-5008 -3648 24 ) 
4 2377 2447 (-5008 -4096 24 ) (-5120 -4096 24 ) (-5120 -4096 16 ) (-5008 -4096 16 ) 
4 2377 2424 (-5120 -3600 16 ) (-5120 -3728 16 ) (-5120 -3728 24 ) (-5120 -3600 24 ) 
4 2377 2425 (-5120 -3728 16 ) (-5120 -4096 16 ) (-5120 -4096 24 ) (-5120 -3728 24 ) 
4 2377 2418 (-5120 -3219 16 ) (-5120 -3600 16 ) (-5120 -3600 24 ) (-5120 -3219 24 ) 
4 2377 2416 (-5120 -3072 24 ) (-5120 -3072 16 ) (-5120 -3219 16 ) (-5120 -3219 24 ) 
4 2377 2378 (-5008 -4096 16 ) (-5120 -4096 16 ) (-5120 -3856 16 ) (-5008 -3856 16 ) 
4 2378 2449 (-4096 -4096 8 ) (-4096 -4096 16 ) (-5120 -4096 16 ) (-5120 -4096 8 ) 
4 2378 2426 (-5120 -4096 8 ) (-5120 -4096 16 ) (-5120 -3856 16 ) (-5120 -3856 8 ) 
4 2379 2450 (-5120 -4096 1224 ) (-5120 -4096 1856 ) (-5200 -4096 1856 ) (-5200 -4096 1224 ) 
4 2379 2401 (-5200 -4096 1224 ) (-5200 -4096 1856 ) (-5200 -3088 1856 ) (-5200 -3088 1224 ) 
4 2379 2380 (-5200 -4096 1224 ) (-5200 -3072 1224 ) (-5120 -3072 1224 ) (-5120 -4096 1224 ) 
4 2380 2451 (-5120 -4096 480 ) (-5120 -4096 1224 ) (-5200 -4096 1224 ) (-5200 -4096 480 ) 
4 2380 2402 (-5200 -4096 480 ) (-5200 -4096 1224 ) (-5200 -3088 1224 ) (-5200 -3088 480 ) 
4 2380 2381 (-5120 -4096 480 ) (-5200 -4096 480 ) (-5200 -3072 480 ) (-5120 -3072 480 ) 
4 2381 2453 (-5136 -4096 480 ) (-5200 -4096 480 ) (-5200 -4096 144 ) (-5136 -4096 144 ) 
4 2381 2452 (-5120 -4096 144 ) (-5120 -4096 480 ) (-5136 -4096 480 ) (-5136 -4096 144 ) 
4 2381 2424 (-5200 -3728 144 ) (-5200 -3600 144 ) (-5120 -3600 144 ) (-5120 -3728 144 ) 
4 2381 2425 (-5120 -4096 144 ) (-5200 -4096 144 ) (-5200 -3728 144 ) (-5120 -3728 144 ) 
4 2381 2418 (-5200 -3600 144 ) (-5200 -3219 144 ) (-5120 -3219 144 ) (-5120 -3600 144 ) 
4 2381 2416 (-5200 -3219 144 ) (-5200 -3072 144 ) (-5120 -3072 144 ) (-5120 -3219 144 ) 
4 2381 2409 (-5200 -3600 144 ) (-5200 -4096 144 ) (-5200 -4096 280 ) (-5200 -3600 280 ) 
4 2381 2407 (-5200 -4096 280 ) (-5200 -4096 420 ) (-5200 -3600 420 ) (-5200 -3600 280 ) 
4 2381 2405 (-5200 -3136 388 ) (-5200 -3136 300 ) (-5200 -3196 300 ) (-5200 -3196 388 ) 
4 2381 2404 (-5200 -4096 420 ) (-5200 -4096 464 ) (-5200 -3600 464 ) (-5200 -3600 420 ) 
4 2381 2403 (-5200 -4096 464 ) (-5200 -4096 480 ) (-5200 -3088 480 ) (-5200 -3088 464 ) 
4 2382 2384 (-6104 -3072 1224 ) (-5208 -3072 1224 ) (-5208 -3080 1224 ) (-6104 -3080 1224 ) 
4 2382 2383 (-6104 -3072 1224 ) (-6104 -3080 1224 ) (-6104 -3080 1856 ) (-6104 -3072 1856 ) 
4 2383 2555 (-6144 -3072 1856 ) (-6144 -3072 1224 ) (-6144 -3080 1224 ) (-6144 -3080 1856 ) 
4 2383 2385 (-6144 -3072 1224 ) (-6104 -3072 1224 ) (-6104 -3080 1224 ) (-6144 -3080 1224 ) 
4 2384 2386 (-6104 -3080 976 ) (-6104 -3072 976 ) (-6032 -3072 976 ) (-6032 -3080 976 ) 
4 2384 2385 (-6104 -3072 976 ) (-6104 -3080 976 ) (-6104 -3080 1224 ) (-6104 -3072 1224 ) 
4 2385 2557 (-6144 -3072 1224 ) (-6144 -3072 976 ) (-6144 -3080 976 ) (-6144 -3080 1224 ) 
4 2385 2392 (-6144 -3080 976 ) (-6144 -3072 976 ) (-6104 -3072 976 ) (-6104 -3080 976 ) 
4 2386 2392 (-6104 -3080 976 ) (-6104 -3072 976 ) (-6104 -3072 584 ) (-6104 -3080 584 ) 
4 2386 2389 (-6104 -3083 480 ) (-6104 -3072 480 ) (-6032 -3072 480 ) (-6032 -3083 480 ) 
4 2386 2387 (-6104 -3083 976 ) (-6104 -3083 480 ) (-6032 -3083 480 ) (-6032 -3083 976 ) 
4 2387 2390 (-6104 -3086 480 ) (-6104 -3083 480 ) (-6032 -3083 480 ) (-6032 -3086 480 ) 
4 2387 2388 (-6104 -3086 976 ) (-6104 -3086 480 ) (-6032 -3086 480 ) (-6032 -3086 976 ) 
4 2388 2412 (-6104 -3088 584 ) (-6104 -3088 480 ) (-6032 -3088 480 ) (-6032 -3088 584 ) 
4 2388 2411 (-6032 -3088 976 ) (-6104 -3088 976 ) (-6104 -3088 584 ) (-6032 -3088 584 ) 
4 2388 2391 (-6104 -3088 480 ) (-6104 -3086 480 ) (-6032 -3086 480 ) (-6032 -3088 480 ) 
4 2389 2394 (-6104 -3083 420 ) (-6104 -3072 420 ) (-6032 -3072 420 ) (-6032 -3083 420 ) 
4 2389 2390 (-6032 -3083 420 ) (-6032 -3083 480 ) (-6104 -3083 480 ) (-6104 -3083 420 ) 
4 2390 2395 (-6104 -3086 420 ) (-6104 -3083 420 ) (-6032 -3083 420 ) (-6032 -3086 420 ) 
4 2390 2391 (-6032 -3086 420 ) (-6032 -3086 480 ) (-6104 -3086 480 ) (-6104 -3086 420 ) 
4 2391 2414 (-6104 -3088 480 ) (-6104 -3088 420 ) (-6032 -3088 420 ) (-6032 -3088 480 ) 
4 2391 2396 (-6032 -3088 420 ) (-6104 -3088 420 ) (-6104 -3086 420 ) (-6032 -3086 420 ) 
4 2392 2557 (-6144 -3072 976 ) (-6144 -3072 584 ) (-6144 -3080 584 ) (-6144 -3080 976 ) 
4 2393 2406 (-5208 -3088 420 ) (-5544 -3088 420 ) (-5544 -3088 288 ) (-5208 -3088 288 ) 
4 2394 2398 (-6104 -3083 280 ) (-6104 -3072 280 ) (-6032 -3072 280 ) (-6032 -3083 280 ) 
4 2394 2395 (-6104 -3083 420 ) (-6104 -3083 280 ) (-6032 -3083 280 ) (-6032 -3083 420 ) 
4 2395 2399 (-6104 -3086 280 ) (-6104 -3083 280 ) (-6032 -3083 280 ) (-6032 -3086 280 ) 
4 2395 2396 (-6104 -3086 420 ) (-6104 -3086 280 ) (-6032 -3086 280 ) (-6032 -3086 420 ) 
4 2396 2414 (-6032 -3088 420 ) (-6104 -3088 420 ) (-6104 -3088 280 ) (-6032 -3088 280 ) 
4 2396 2400 (-6032 -3088 280 ) (-6104 -3088 280 ) (-6104 -3086 280 ) (-6032 -3086 280 ) 
4 2397 2419 (-5544 -3072 144 ) (-5208 -3072 144 ) (-5208 -3088 144 ) (-5544 -3088 144 ) 
4 2397 2408 (-5544 -3088 144 ) (-5208 -3088 144 ) (-5208 -3088 280 ) (-5544 -3088 280 ) 
4 2398 2421 (-6104 -3072 144 ) (-6032 -3072 144 ) (-6032 -3083 144 ) (-6104 -3083 144 ) 
4 2398 2399 (-6104 -3083 280 ) (-6104 -3083 144 ) (-6032 -3083 144 ) (-6032 -3083 280 ) 
4 2399 2422 (-6032 -3083 144 ) (-6032 -3086 144 ) (-6104 -3086 144 ) (-6104 -3083 144 ) 
4 2399 2400 (-6104 -3086 280 ) (-6104 -3086 144 ) (-6032 -3086 144 ) (-6032 -3086 280 ) 
4 2400 2423 (-6032 -3086 144 ) (-6032 -3088 144 ) (-6104 -3088 144 ) (-6104 -3086 144 ) 
4 2400 2414 (-6104 -3088 144 ) (-6032 -3088 144 ) (-6032 -3088 280 ) (-6104 -3088 280 ) 
4 2401 2450 (-6032 -4096 1856 ) (-6032 -4096 1224 ) (-5200 -4096 1224 ) (-5200 -4096 1856 ) 
4 2401 2410 (-6032 -3088 1856 ) (-6032 -3088 1224 ) (-6032 -4096 1224 ) (-6032 -4096 1856 ) 
4 2401 2402 (-6032 -4096 1224 ) (-6032 -3088 1224 ) (-5200 -3088 1224 ) (-5200 -4096 1224 ) 
4 2402 2451 (-6032 -4096 1224 ) (-6032 -4096 480 ) (-5200 -4096 480 ) (-5200 -4096 1224 ) 
4 2402 2412 (-6032 -3088 584 ) (-6032 -3088 480 ) (-6032 -4096 480 ) (-6032 -4096 584 ) 
4 2402 2411 (-6032 -3088 1224 ) (-6032 -3088 584 ) (-6032 -4096 584 ) (-6032 -4096 1224 ) 
4 2402 2403 (-6032 -4096 480 ) (-6032 -3088 480 ) (-5200 -3088 480 ) (-5200 -4096 480 ) 
4 2403 2453 (-6032 -4096 480 ) (-6032 -4096 464 ) (-5200 -4096 464 ) (-5200 -4096 480 ) 
4 2403 2414 (-6032 -3088 480 ) (-6032 -3088 464 ) (-6032 -3728 464 ) (-6032 -3728 480 ) 
4 2403 2415 (-6032 -3728 464 ) (-6032 -4096 464 ) (-6032 -4096 480 ) (-6032 -3728 480 ) 
4 2403 2404 (-6032 -4096 464 ) (-6032 -3600 464 ) (-5200 -3600 464 ) (-5200 -4096 464 ) 
4 2404 2453 (-6032 -4096 464 ) (-6032 -4096 420 ) (-5200 -4096 420 ) (-5200 -4096 464 ) 
4 2404 2414 (-6032 -3600 420 ) (-6032 -3728 420 ) (-6032 -3728 464 ) (-6032 -3600 464 ) 
4 2404 2415 (-6032 -3728 420 ) (-6032 -4096 420 ) (-6032 -4096 464 ) (-6032 -3728 464 ) 
4 2404 2407 (-6032 -4096 420 ) (-6032 -3600 420 ) (-5200 -3600 420 ) (-5200 -4096 420 ) 
4 2405 2406 (-5208 -3136 388 ) (-5208 -3136 300 ) (-5208 -3196 300 ) (-5208 -3196 388 ) 
4 2407 2453 (-6032 -4096 420 ) (-6032 -4096 280 ) (-5200 -4096 280 ) (-5200 -4096 420 ) 
4 2407 2414 (-6032 -3600 280 ) (-6032 -3728 280 ) (-6032 -3728 420 ) (-6032 -3600 420 ) 
4 2407 2415 (-6032 -3728 280 ) (-6032 -4096 280 ) (-6032 -4096 420 ) (-6032 -3728 420 ) 
4 2407 2409 (-6032 -4096 280 ) (-6032 -3600 280 ) (-5200 -3600 280 ) (-5200 -4096 280 ) 
4 2408 2419 (-5544 -3088 144 ) (-5208 -3088 144 ) (-5208 -3280 144 ) (-5544 -3280 144 ) 
4 2409 2453 (-6032 -4096 280 ) (-6032 -4096 144 ) (-5200 -4096 144 ) (-5200 -4096 280 ) 
4 2409 2424 (-6032 -3728 144 ) (-6032 -3600 144 ) (-5200 -3600 144 ) (-5200 -3728 144 ) 
4 2409 2425 (-5200 -4096 144 ) (-6032 -4096 144 ) (-6032 -3728 144 ) (-5200 -3728 144 ) 
4 2409 2414 (-6032 -3600 144 ) (-6032 -3728 144 ) (-6032 -3728 280 ) (-6032 -3600 280 ) 
4 2409 2415 (-6032 -3728 144 ) (-6032 -4096 144 ) (-6032 -4096 280 ) (-6032 -3728 280 ) 
4 2410 2563 (-6144 -4096 1224 ) (-6144 -4096 1856 ) (-6144 -3728 1856 ) (-6144 -3728 1224 ) 
4 2410 2556 (-6144 -3728 1856 ) (-6144 -3088 1856 ) (-6144 -3088 1224 ) (-6144 -3728 1224 ) 
4 2410 2450 (-6144 -4096 1856 ) (-6144 -4096 1224 ) (-6032 -4096 1224 ) (-6032 -4096 1856 ) 
4 2410 2411 (-6144 -3088 1224 ) (-6032 -3088 1224 ) (-6032 -4096 1224 ) (-6144 -4096 1224 ) 
4 2411 2564 (-6144 -4096 584 ) (-6144 -4096 1224 ) (-6144 -3728 1224 ) (-6144 -3728 584 ) 
4 2411 2558 (-6144 -3728 1224 ) (-6144 -3088 1224 ) (-6144 -3088 584 ) (-6144 -3728 584 ) 
4 2411 2451 (-6144 -4096 1224 ) (-6144 -4096 584 ) (-6032 -4096 584 ) (-6032 -4096 1224 ) 
4 2411 2413 (-6104 -3728 584 ) (-6104 -4096 584 ) (-6144 -4096 584 ) (-6144 -3728 584 ) 
4 2411 2412 (-6104 -3088 584 ) (-6032 -3088 584 ) (-6032 -4096 584 ) (-6104 -4096 584 ) 
4 2412 2451 (-6104 -4096 480 ) (-6032 -4096 480 ) (-6032 -4096 584 ) (-6104 -4096 584 ) 
4 2412 2414 (-6104 -3088 480 ) (-6032 -3088 480 ) (-6032 -3728 480 ) (-6104 -3728 480 ) 
4 2412 2415 (-6032 -3728 480 ) (-6032 -4096 480 ) (-6104 -4096 480 ) (-6104 -3728 480 ) 
4 2412 2413 (-6104 -3728 480 ) (-6104 -4096 480 ) (-6104 -4096 584 ) (-6104 -3728 584 ) 
4 2413 2564 (-6144 -4096 480 ) (-6144 -4096 584 ) (-6144 -3728 584 ) (-6144 -3728 480 ) 
4 2413 2451 (-6144 -4096 584 ) (-6144 -4096 480 ) (-6104 -4096 480 ) (-6104 -4096 584 ) 
4 2413 2415 (-6144 -4096 480 ) (-6144 -3728 480 ) (-6104 -3728 480 ) (-6104 -4096 480 ) 
4 2414 2424 (-6032 -3600 144 ) (-6032 -3728 144 ) (-6104 -3728 144 ) (-6104 -3600 144 ) 
4 2414 2423 (-6104 -3088 144 ) (-6032 -3088 144 ) (-6032 -3600 144 ) (-6104 -3600 144 ) 
4 2414 2415 (-6104 -3728 144 ) (-6032 -3728 144 ) (-6032 -3728 480 ) (-6104 -3728 480 ) 
4 2415 2565 (-6144 -4096 144 ) (-6144 -4096 480 ) (-6144 -3728 480 ) (-6144 -3728 144 ) 
4 2415 2453 (-6144 -4096 480 ) (-6144 -4096 144 ) (-6032 -4096 144 ) (-6032 -4096 480 ) 
4 2415 2425 (-6032 -4096 144 ) (-6144 -4096 144 ) (-6144 -3728 144 ) (-6032 -3728 144 ) 
4 2416 2418 (-5200 -3219 16 ) (-5120 -3219 16 ) (-5120 -3219 144 ) (-5200 -3219 144 ) 
4 2416 2417 (-5200 -3089 16 ) (-5200 -3219 16 ) (-5200 -3219 144 ) (-5200 -3089 144 ) 
4 2418 2424 (-5200 -3600 16 ) (-5120 -3600 16 ) (-5120 -3600 144 ) (-5200 -3600 144 ) 
4 2420 2424 (-5864 -3600 16 ) (-5764 -3600 16 ) (-5764 -3600 144 ) (-5864 -3600 144 ) 
4 2421 2422 (-6104 -3083 144 ) (-6104 -3083 16 ) (-6032 -3083 16 ) (-6032 -3083 144 ) 
4 2422 2423 (-6104 -3086 144 ) (-6104 -3086 16 ) (-6032 -3086 16 ) (-6032 -3086 144 ) 
4 2423 2424 (-6104 -3600 16 ) (-6032 -3600 16 ) (-6032 -3600 144 ) (-6104 -3600 144 ) 
4 2424 2425 (-6104 -3728 16 ) (-5120 -3728 16 ) (-5120 -3728 144 ) (-6104 -3728 144 ) 
4 2425 2565 (-6144 -4096 16 ) (-6144 -4096 144 ) (-6144 -3728 144 ) (-6144 -3728 16 ) 
4 2425 2453 (-5136 -4096 144 ) (-6144 -4096 144 ) (-6144 -4096 16 ) (-5136 -4096 16 ) 
4 2425 2452 (-5120 -4096 16 ) (-5120 -4096 144 ) (-5136 -4096 144 ) (-5136 -4096 16 ) 
4 2425 2427 (-6144 -4096 16 ) (-6144 -3856 16 ) (-6032 -3856 16 ) (-6032 -4096 16 ) 
4 2425 2426 (-5120 -3856 16 ) (-5120 -4096 16 ) (-6032 -4096 16 ) (-6032 -3856 16 ) 
4 2426 2455 (-5120 -4096 8 ) (-5120 -4096 16 ) (-6032 -4096 16 ) (-6032 -4096 8 ) 
4 2426 2427 (-6032 -3856 8 ) (-6032 -4096 8 ) (-6032 -4096 16 ) (-6032 -3856 16 ) 
4 2427 2566 (-6144 -4096 8 ) (-6144 -4096 16 ) (-6144 -3856 16 ) (-6144 -3856 8 ) 
4 2427 2455 (-6032 -4096 16 ) (-6144 -4096 16 ) (-6144 -4096 8 ) (-6032 -4096 8 ) 
4 2428 2436 (-4096 -4624 1224 ) (-4096 -4624 1856 ) (-4096 -4096 1856 ) (-4096 -4096 1224 ) 
4 2428 2429 (-3072 -4624 1224 ) (-4096 -4624 1224 ) (-4096 -4096 1224 ) (-3072 -4096 1224 ) 
4 2429 2437 (-4096 -4624 480 ) (-4096 -4624 1224 ) (-4096 -4096 1224 ) (-4096 -4096 480 ) 
4 2429 2430 (-3072 -4624 480 ) (-4096 -4624 480 ) (-4096 -4096 480 ) (-3072 -4096 480 ) 
4 2430 2447 (-4096 -4624 16 ) (-4096 -4624 88 ) (-4096 -4096 88 ) (-4096 -4096 16 ) 
4 2430 2442 (-4096 -4624 88 ) (-4096 -4624 216 ) (-4096 -4096 216 ) (-4096 -4096 88 ) 
4 2430 2438 (-4096 -4624 216 ) (-4096 -4624 480 ) (-4096 -4096 480 ) (-4096 -4096 216 ) 
4 2430 2434 (-3600 -4624 216 ) (-3856 -4624 216 ) (-3856 -4624 88 ) (-3600 -4624 88 ) 
4 2430 2435 (-3984 -4624 216 ) (-4096 -4624 216 ) (-4096 -4624 88 ) (-3984 -4624 88 ) 
4 2430 2433 (-3236 -4624 216 ) (-3492 -4624 216 ) (-3492 -4624 88 ) (-3236 -4624 88 ) 
4 2430 2432 (-4096 -4368 16 ) (-4096 -4096 16 ) (-3472 -4096 16 ) (-3472 -4368 16 ) 
4 2430 2431 (-3472 -4096 16 ) (-3072 -4096 16 ) (-3072 -4496 16 ) (-3472 -4496 16 ) 
4 2431 2432 (-3472 -4368 16 ) (-3472 -4096 16 ) (-3472 -4096 8 ) (-3472 -4368 8 ) 
4 2432 2449 (-4096 -4368 8 ) (-4096 -4368 16 ) (-4096 -4096 16 ) (-4096 -4096 8 ) 
4 2435 2443 (-4096 -4632 88 ) (-4096 -4632 216 ) (-4096 -4624 216 ) (-4096 -4624 88 ) 
4 2436 2450 (-5120 -4096 1856 ) (-5120 -4096 1224 ) (-5120 -4624 1224 ) (-5120 -4624 1856 ) 
4 2436 2439 (-5120 -4624 1856 ) (-5120 -4624 1224 ) (-5008 -4624 1224 ) (-5008 -4624 1856 ) 
4 2436 2437 (-4096 -4624 1224 ) (-5120 -4624 1224 ) (-5120 -4096 1224 ) (-4096 -4096 1224 ) 
4 2437 2451 (-5120 -4096 1224 ) (-5120 -4096 480 ) (-5120 -4624 480 ) (-5120 -4624 1224 ) 
4 2437 2440 (-5120 -4624 1224 ) (-5120 -4624 480 ) (-5008 -4624 480 ) (-5008 -4624 1224 ) 
4 2437 2438 (-4096 -4624 480 ) (-5120 -4624 480 ) (-5120 -4096 480 ) (-4096 -4096 480 ) 
4 2438 2452 (-5120 -4096 480 ) (-5120 -4096 216 ) (-5120 -4624 216 ) (-5120 -4624 480 ) 
4 2438 2442 (-5120 -4624 216 ) (-5120 -4096 216 ) (-4096 -4096 216 ) (-4096 -4624 216 ) 
4 2438 2441 (-5120 -4624 480 ) (-5120 -4624 216 ) (-5008 -4624 216 ) (-5008 -4624 480 ) 
4 2439 2456 (-5008 -5120 1856 ) (-5120 -5120 1856 ) (-5120 -5120 1224 ) (-5008 -5120 1224 ) 
4 2439 2450 (-5120 -5120 1224 ) (-5120 -5120 1856 ) (-5120 -4624 1856 ) (-5120 -4624 1224 ) 
4 2439 2440 (-5120 -4624 1224 ) (-5008 -4624 1224 ) (-5008 -5120 1224 ) (-5120 -5120 1224 ) 
4 2440 2457 (-5120 -5120 1224 ) (-5120 -5120 480 ) (-5008 -5120 480 ) (-5008 -5120 1224 ) 
4 2440 2451 (-5120 -5120 480 ) (-5120 -5120 1224 ) (-5120 -4624 1224 ) (-5120 -4624 480 ) 
4 2440 2441 (-5120 -5120 480 ) (-5120 -4624 480 ) (-5008 -4624 480 ) (-5008 -5120 480 ) 
4 2441 2458 (-5120 -5120 480 ) (-5120 -5120 216 ) (-5008 -5120 216 ) (-5008 -5120 480 ) 
4 2441 2452 (-5120 -4624 216 ) (-5120 -5120 216 ) (-5120 -5120 480 ) (-5120 -4624 480 ) 
4 2441 2446 (-5008 -5120 216 ) (-5120 -5120 216 ) (-5120 -4632 216 ) (-5008 -4632 216 ) 
4 2441 2445 (-5120 -4632 216 ) (-5120 -4624 216 ) (-5008 -4624 216 ) (-5008 -4632 216 ) 
4 2442 2452 (-5120 -4096 216 ) (-5120 -4096 88 ) (-5120 -4624 88 ) (-5120 -4624 216 ) 
4 2442 2447 (-5120 -4624 88 ) (-5120 -4096 88 ) (-4096 -4096 88 ) (-4096 -4624 88 ) 
4 2442 2444 (-4880 -4624 88 ) (-4624 -4624 88 ) (-4624 -4624 216 ) (-4880 -4624 216 ) 
4 2442 2445 (-5120 -4624 88 ) (-5008 -4624 88 ) (-5008 -4624 216 ) (-5120 -4624 216 ) 
4 2442 2443 (-4536 -4624 88 ) (-4096 -4624 88 ) (-4096 -4624 216 ) (-4536 -4624 216 ) 
4 2445 2452 (-5120 -4624 88 ) (-5120 -4632 88 ) (-5120 -4632 216 ) (-5120 -4624 216 ) 
4 2445 2448 (-5120 -4632 88 ) (-5120 -4624 88 ) (-5008 -4624 88 ) (-5008 -4632 88 ) 
4 2445 2446 (-5120 -4632 88 ) (-5008 -4632 88 ) (-5008 -4632 216 ) (-5120 -4632 216 ) 
4 2446 2458 (-5008 -5120 216 ) (-5120 -5120 216 ) (-5120 -5120 88 ) (-5008 -5120 88 ) 
4 2446 2452 (-5120 -4632 88 ) (-5120 -5120 88 ) (-5120 -5120 216 ) (-5120 -4632 216 ) 
4 2446 2448 (-5120 -5120 88 ) (-5120 -4632 88 ) (-5008 -4632 88 ) (-5008 -5120 88 ) 
4 2447 2452 (-5120 -4096 88 ) (-5120 -4096 16 ) (-5120 -4624 16 ) (-5120 -4624 88 ) 
4 2447 2449 (-5120 -4368 16 ) (-5120 -4096 16 ) (-4096 -4096 16 ) (-4096 -4368 16 ) 
4 2447 2448 (-5120 -4624 16 ) (-5008 -4624 16 ) (-5008 -4624 88 ) (-5120 -4624 88 ) 
4 2448 2458 (-5008 -5120 88 ) (-5120 -5120 88 ) (-5120 -5120 16 ) (-5008 -5120 16 ) 
4 2448 2452 (-5120 -4624 16 ) (-5120 -5120 16 ) (-5120 -5120 88 ) (-5120 -4624 88 ) 
4 2449 2455 (-5120 -4096 16 ) (-5120 -4096 8 ) (-5120 -4368 8 ) (-5120 -4368 16 ) 
4 2450 2580 (-6144 -5120 1224 ) (-6144 -5120 1856 ) (-6144 -4496 1856 ) (-6144 -4496 1224 ) 
4 2450 2577 (-6144 -4496 1856 ) (-6144 -4096 1856 ) (-6144 -4096 1224 ) (-6144 -4496 1224 ) 
4 2450 2459 (-6144 -5120 1856 ) (-6144 -5120 1224 ) (-5120 -5120 1224 ) (-5120 -5120 1856 ) 
4 2450 2451 (-6144 -5120 1224 ) (-6144 -4096 1224 ) (-5120 -4096 1224 ) (-5120 -5120 1224 ) 
4 2451 2582 (-6144 -5120 480 ) (-6144 -5120 1072 ) (-6144 -4496 1072 ) (-6144 -4496 480 ) 
4 2451 2581 (-6144 -5120 1072 ) (-6144 -5120 1224 ) (-6144 -4496 1224 ) (-6144 -4496 1072 ) 
4 2451 2578 (-6144 -4496 1224 ) (-6144 -4096 1224 ) (-6144 -4096 480 ) (-6144 -4496 480 ) 
4 2451 2460 (-6144 -5120 1224 ) (-6144 -5120 480 ) (-5120 -5120 480 ) (-5120 -5120 1224 ) 
4 2451 2454 (-5136 -5120 480 ) (-6144 -5120 480 ) (-6144 -4496 480 ) (-5136 -4496 480 ) 
4 2451 2453 (-6144 -4496 480 ) (-6144 -4096 480 ) (-5136 -4096 480 ) (-5136 -4496 480 ) 
4 2451 2452 (-5120 -5120 480 ) (-5136 -5120 480 ) (-5136 -4096 480 ) (-5120 -4096 480 ) 
4 2452 2462 (-5136 -5120 16 ) (-5120 -5120 16 ) (-5120 -5120 416 ) (-5136 -5120 416 ) 
4 2452 2461 (-5120 -5120 416 ) (-5120 -5120 480 ) (-5136 -5120 480 ) (-5136 -5120 416 ) 
4 2452 2455 (-5136 -4096 16 ) (-5120 -4096 16 ) (-5120 -4368 16 ) (-5136 -4368 16 ) 
4 2452 2454 (-5136 -5120 416 ) (-5136 -5120 480 ) (-5136 -4496 480 ) (-5136 -4496 416 ) 
4 2452 2453 (-5136 -4096 16 ) (-5136 -4496 16 ) (-5136 -4496 480 ) (-5136 -4096 480 ) 
4 2453 2579 (-6144 -4496 480 ) (-6144 -4096 480 ) (-6144 -4096 16 ) (-6144 -4496 16 ) 
4 2453 2455 (-6144 -4368 16 ) (-6144 -4096 16 ) (-5136 -4096 16 ) (-5136 -4368 16 ) 
4 2453 2454 (-5136 -4496 416 ) (-5136 -4496 480 ) (-6144 -4496 480 ) (-6144 -4496 416 ) 
4 2454 2583 (-6144 -5120 416 ) (-6144 -5120 480 ) (-6144 -4496 480 ) (-6144 -4496 416 ) 
4 2454 2461 (-6144 -5120 480 ) (-6144 -5120 416 ) (-5136 -5120 416 ) (-5136 -5120 480 ) 
4 2455 2589 (-6144 -4368 8 ) (-6144 -4368 16 ) (-6144 -4096 16 ) (-6144 -4096 8 ) 
4 2456 2459 (-5120 -5120 1856 ) (-5120 -5120 1224 ) (-5120 -5264 1224 ) (-5120 -5264 1856 ) 
4 2456 2457 (-5120 -5264 1224 ) (-5120 -5120 1224 ) (-5008 -5120 1224 ) (-5008 -5264 1224 ) 
4 2457 2460 (-5120 -5120 1224 ) (-5120 -5120 480 ) (-5120 -5264 480 ) (-5120 -5264 1224 ) 
4 2457 2458 (-5120 -5120 480 ) (-5008 -5120 480 ) (-5008 -5264 480 ) (-5120 -5264 480 ) 
4 2458 2462 (-5120 -5120 416 ) (-5120 -5120 16 ) (-5120 -5264 16 ) (-5120 -5264 416 ) 
4 2458 2461 (-5120 -5120 480 ) (-5120 -5120 416 ) (-5120 -5264 416 ) (-5120 -5264 480 ) 
4 2459 2595 (-6144 -5264 1856 ) (-6144 -5120 1856 ) (-6144 -5120 1224 ) (-6144 -5264 1224 ) 
4 2459 2460 (-6144 -5264 1224 ) (-6144 -5120 1224 ) (-5120 -5120 1224 ) (-5120 -5264 1224 ) 
4 2460 2596 (-6144 -5264 1224 ) (-6144 -5120 1224 ) (-6144 -5120 480 ) (-6144 -5264 480 ) 
4 2460 2461 (-5120 -5120 480 ) (-5120 -5264 480 ) (-6144 -5264 480 ) (-6144 -5120 480 ) 
4 2461 2597 (-6144 -5264 480 ) (-6144 -5120 480 ) (-6144 -5120 416 ) (-6144 -5264 416 ) 
4 2461 2462 (-5120 -5120 416 ) (-5120 -5264 416 ) (-5136 -5264 416 ) (-5136 -5120 416 ) 
4 2463 2468 (-6144 -1040 1224 ) (-6144 -1040 1856 ) (-6416 -1040 1856 ) (-6416 -1040 1224 ) 
4 2463 2465 (-6416 -1040 1224 ) (-6416 -1040 1856 ) (-6416 -1024 1856 ) (-6416 -1024 1224 ) 
4 2463 2464 (-6144 -1040 1224 ) (-6416 -1040 1224 ) (-6416 -1024 1224 ) (-6144 -1024 1224 ) 
4 2464 2469 (-6144 -1040 480 ) (-6144 -1040 1224 ) (-6416 -1040 1224 ) (-6416 -1040 480 ) 
4 2464 2466 (-6416 -1040 904 ) (-6416 -1040 1224 ) (-6416 -1024 1224 ) (-6416 -1024 904 ) 
4 2465 2495 (-7168 -1024 1856 ) (-7168 -1024 1224 ) (-7168 -1040 1224 ) (-7168 -1040 1856 ) 
4 2465 2468 (-7168 -1040 1856 ) (-7168 -1040 1224 ) (-6416 -1040 1224 ) (-6416 -1040 1856 ) 
4 2465 2466 (-6800 -1024 1224 ) (-6416 -1024 1224 ) (-6416 -1040 1224 ) (-6800 -1040 1224 ) 
4 2465 2467 (-7168 -1024 1224 ) (-6800 -1024 1224 ) (-6800 -1040 1224 ) (-7168 -1040 1224 ) 
4 2466 2469 (-6416 -1040 904 ) (-6416 -1040 1224 ) (-6800 -1040 1224 ) (-6800 -1040 904 ) 
4 2466 2467 (-6800 -1040 904 ) (-6800 -1040 1224 ) (-6800 -1024 1224 ) (-6800 -1024 904 ) 
4 2467 2496 (-7168 -1024 1224 ) (-7168 -1024 736 ) (-7168 -1040 736 ) (-7168 -1040 1224 ) 
4 2467 2469 (-7168 -1040 1224 ) (-7168 -1040 736 ) (-6800 -1040 736 ) (-6800 -1040 1224 ) 
4 2468 2513 (-6144 -2048 1224 ) (-6144 -2048 1856 ) (-7168 -2048 1856 ) (-7168 -2048 1224 ) 
4 2468 2497 (-7168 -2048 1224 ) (-7168 -2048 1856 ) (-7168 -1040 1856 ) (-7168 -1040 1224 ) 
4 2468 2469 (-7168 -2048 1224 ) (-7168 -1040 1224 ) (-6144 -1040 1224 ) (-6144 -2048 1224 ) 
4 2469 2514 (-6144 -2048 480 ) (-6144 -2048 1224 ) (-7168 -2048 1224 ) (-7168 -2048 480 ) 
4 2469 2498 (-7168 -2048 480 ) (-7168 -2048 1224 ) (-7168 -1040 1224 ) (-7168 -1040 480 ) 
4 2469 2470 (-6144 -2048 480 ) (-7168 -2048 480 ) (-7168 -1040 480 ) (-6144 -1040 480 ) 
4 2470 2515 (-6144 -2048 344 ) (-6144 -2048 480 ) (-7168 -2048 480 ) (-7168 -2048 344 ) 
4 2470 2499 (-7168 -2048 344 ) (-7168 -2048 480 ) (-7168 -1040 480 ) (-7168 -1040 344 ) 
4 2470 2475 (-7168 -2048 344 ) (-7168 -1040 344 ) (-6348 -1040 344 ) (-6348 -2048 344 ) 
4 2470 2472 (-6348 -1040 344 ) (-6340 -1040 344 ) (-6340 -1936 344 ) (-6348 -1936 344 ) 
4 2470 2471 (-6340 -1040 344 ) (-6144 -1040 344 ) (-6144 -2048 344 ) (-6340 -2048 344 ) 
4 2471 2516 (-6144 -2048 256 ) (-6144 -2048 344 ) (-6340 -2048 344 ) (-6340 -2048 256 ) 
4 2471 2473 (-6340 -1040 256 ) (-6144 -1040 256 ) (-6144 -2048 256 ) (-6340 -2048 256 ) 
4 2471 2472 (-6340 -1040 256 ) (-6340 -1936 256 ) (-6340 -1936 344 ) (-6340 -1040 344 ) 
4 2472 2475 (-6348 -1936 344 ) (-6348 -1040 344 ) (-6348 -1040 256 ) (-6348 -1936 256 ) 
4 2472 2474 (-6348 -1936 256 ) (-6348 -1040 256 ) (-6340 -1040 256 ) (-6340 -1936 256 ) 
4 2473 2518 (-6144 -2048 216 ) (-6144 -2048 256 ) (-6340 -2048 256 ) (-6340 -2048 216 ) 
4 2473 2480 (-6144 -2048 216 ) (-6336 -2048 216 ) (-6336 -1728 216 ) (-6144 -1728 216 ) 
4 2473 2477 (-6340 -1296 216 ) (-6340 -1040 216 ) (-6144 -1040 216 ) (-6144 -1296 216 ) 
4 2473 2474 (-6340 -1040 216 ) (-6340 -1936 216 ) (-6340 -1936 256 ) (-6340 -1040 256 ) 
4 2474 2477 (-6348 -1296 216 ) (-6348 -1040 216 ) (-6340 -1040 216 ) (-6340 -1296 216 ) 
4 2474 2476 (-6348 -1040 216 ) (-6348 -1936 216 ) (-6348 -1936 256 ) (-6348 -1040 256 ) 
4 2475 2520 (-6348 -2048 344 ) (-7168 -2048 344 ) (-7168 -2048 256 ) (-6348 -2048 256 ) 
4 2475 2500 (-7168 -2048 256 ) (-7168 -2048 308 ) (-7168 -1040 308 ) (-7168 -1040 256 ) 
4 2475 2499 (-7168 -2048 308 ) (-7168 -2048 344 ) (-7168 -1040 344 ) (-7168 -1040 308 ) 
4 2475 2476 (-7168 -2048 256 ) (-7168 -1040 256 ) (-6348 -1040 256 ) (-6348 -2048 256 ) 
4 2476 2521 (-7168 -2048 256 ) (-7168 -2048 216 ) (-6348 -2048 216 ) (-6348 -2048 256 ) 
4 2476 2503 (-7168 -2048 216 ) (-7168 -2048 256 ) (-7168 -1040 256 ) (-7168 -1040 216 ) 
4 2476 2481 (-6352 -2048 216 ) (-7168 -2048 216 ) (-7168 -1312 216 ) (-6352 -1312 216 ) 
4 2476 2477 (-6352 -1040 216 ) (-6348 -1040 216 ) (-6348 -1296 216 ) (-6352 -1296 216 ) 
4 2476 2478 (-7168 -1312 216 ) (-7168 -1040 216 ) (-6352 -1040 216 ) (-6352 -1312 216 ) 
4 2477 2486 (-6352 -1040 128 ) (-6336 -1040 128 ) (-6336 -1296 128 ) (-6352 -1296 128 ) 
4 2477 2482 (-6336 -1040 128 ) (-6144 -1040 128 ) (-6144 -1296 128 ) (-6336 -1296 128 ) 
4 2477 2478 (-6352 -1040 128 ) (-6352 -1296 128 ) (-6352 -1296 216 ) (-6352 -1040 216 ) 
4 2478 2507 (-7168 -1040 180 ) (-7168 -1040 128 ) (-7168 -1312 128 ) (-7168 -1312 180 ) 
4 2478 2503 (-7168 -1312 216 ) (-7168 -1040 216 ) (-7168 -1040 180 ) (-7168 -1312 180 ) 
4 2478 2490 (-7168 -1312 128 ) (-7168 -1040 128 ) (-6352 -1040 128 ) (-6352 -1312 128 ) 
4 2478 2481 (-7168 -1312 128 ) (-6352 -1312 128 ) (-6352 -1312 216 ) (-7168 -1312 216 ) 
4 2479 2484 (-6336 -1312 128 ) (-6224 -1312 128 ) (-6224 -1712 128 ) (-6336 -1712 128 ) 
4 2479 2483 (-6224 -1312 128 ) (-6144 -1312 128 ) (-6144 -1712 128 ) (-6224 -1712 128 ) 
4 2480 2533 (-6286.250000 -2048 174 ) (-6289.125000 -2048 174 ) (-6289.125000 -2048 162 ) (-6286.250000 -2048 162 ) 
4 2480 2532 (-6289.125000 -2048 174 ) (-6336 -2048 174 ) (-6336 -2048 162 ) (-6289.125000 -2048 162 ) 
4 2480 2531 (-6144 -2048 162 ) (-6144 -2048 174 ) (-6286.250000 -2048 174 ) (-6286.250000 -2048 162 ) 
4 2480 2530 (-6144 -2048 174 ) (-6144 -2048 199 ) (-6336 -2048 199 ) (-6336 -2048 174 ) 
4 2480 2535 (-6144 -2048 128 ) (-6144 -2048 162 ) (-6336 -2048 162 ) (-6336 -2048 128 ) 
4 2480 2529 (-6283.499512 -2048 210 ) (-6286.374512 -2048 210 ) (-6286.374512 -2048 199 ) (-6283.499512 -2048 199 ) 
4 2480 2528 (-6286.374512 -2048 210 ) (-6336 -2048 210 ) (-6336 -2048 199 ) (-6286.374512 -2048 199 ) 
4 2480 2527 (-6249 -2048 210 ) (-6283.499512 -2048 210 ) (-6283.499512 -2048 199 ) (-6249 -2048 199 ) 
4 2480 2524 (-6200 -2048 210 ) (-6249 -2048 210 ) (-6249 -2048 199 ) (-6200 -2048 199 ) 
4 2480 2523 (-6144 -2048 199 ) (-6144 -2048 210 ) (-6200 -2048 210 ) (-6200 -2048 199 ) 
4 2480 2522 (-6144 -2048 210 ) (-6144 -2048 216 ) (-6336 -2048 216 ) (-6336 -2048 210 ) 
4 2480 2485 (-6224 -2048 128 ) (-6336 -2048 128 ) (-6336 -1728 128 ) (-6224 -1728 128 ) 
4 2480 2483 (-6144 -1728 128 ) (-6144 -2048 128 ) (-6224 -2048 128 ) (-6224 -1728 128 ) 
4 2481 2536 (-6352 -2048 216 ) (-7168 -2048 216 ) (-7168 -2048 128 ) (-6352 -2048 128 ) 
4 2481 2507 (-7168 -2048 128 ) (-7168 -2048 180 ) (-7168 -1312 180 ) (-7168 -1312 128 ) 
4 2481 2503 (-7168 -2048 180 ) (-7168 -2048 216 ) (-7168 -1312 216 ) (-7168 -1312 180 ) 
4 2481 2490 (-7168 -2048 128 ) (-7168 -1312 128 ) (-6352 -1312 128 ) (-6352 -2048 128 ) 
4 2482 2486 (-6336 -1040 16 ) (-6336 -1296 16 ) (-6336 -1296 128 ) (-6336 -1040 128 ) 
4 2483 2535 (-6144 -2048 16 ) (-6144 -2048 128 ) (-6224 -2048 128 ) (-6224 -2048 16 ) 
4 2483 2484 (-6224 -1312 128 ) (-6224 -1312 16 ) (-6224 -1712 16 ) (-6224 -1712 128 ) 
4 2483 2485 (-6224 -1728 16 ) (-6224 -2048 16 ) (-6224 -2048 128 ) (-6224 -1728 128 ) 
4 2484 2488 (-6336 -1680 48 ) (-6336 -1680 128 ) (-6336 -1552 128 ) (-6336 -1552 48 ) 
4 2484 2487 (-6336 -1488 48 ) (-6336 -1488 128 ) (-6336 -1360 128 ) (-6336 -1360 48 ) 
4 2485 2535 (-6224 -2048 128 ) (-6336 -2048 128 ) (-6336 -2048 16 ) (-6224 -2048 16 ) 
4 2485 2489 (-6336 -1872 16 ) (-6336 -2000 16 ) (-6336 -2000 128 ) (-6336 -1872 128 ) 
4 2486 2491 (-6352 -1040 88 ) (-6352 -1040 16 ) (-6352 -1296 16 ) (-6352 -1296 88 ) 
4 2486 2490 (-6352 -1296 128 ) (-6352 -1040 128 ) (-6352 -1040 88 ) (-6352 -1296 88 ) 
4 2487 2491 (-6352 -1360 88 ) (-6352 -1360 48 ) (-6352 -1488 48 ) (-6352 -1488 88 ) 
4 2487 2490 (-6352 -1488 128 ) (-6352 -1360 128 ) (-6352 -1360 88 ) (-6352 -1488 88 ) 
4 2488 2491 (-6352 -1552 88 ) (-6352 -1552 48 ) (-6352 -1680 48 ) (-6352 -1680 88 ) 
4 2488 2490 (-6352 -1680 128 ) (-6352 -1552 128 ) (-6352 -1552 88 ) (-6352 -1680 88 ) 
4 2489 2491 (-6352 -1872 88 ) (-6352 -1872 16 ) (-6352 -2000 16 ) (-6352 -2000 88 ) 
4 2489 2490 (-6352 -2000 128 ) (-6352 -1872 128 ) (-6352 -1872 88 ) (-6352 -2000 88 ) 
4 2490 2537 (-6352 -2048 88 ) (-6352 -2048 128 ) (-7168 -2048 128 ) (-7168 -2048 88 ) 
4 2490 2507 (-7168 -2048 88 ) (-7168 -2048 128 ) (-7168 -1040 128 ) (-7168 -1040 88 ) 
4 2490 2494 (-7168 -2048 88 ) (-7168 -1040 88 ) (-6944 -1040 88 ) (-6944 -2048 88 ) 
4 2490 2492 (-6944 -1040 88 ) (-6664 -1040 88 ) (-6664 -1144 88 ) (-6944 -1144 88 ) 
4 2490 2493 (-6664 -1424 88 ) (-6664 -2048 88 ) (-6944 -2048 88 ) (-6944 -1424 88 ) 
4 2490 2491 (-6664 -1040 88 ) (-6352 -1040 88 ) (-6352 -2048 88 ) (-6664 -2048 88 ) 
4 2491 2537 (-6352 -2048 16 ) (-6352 -2048 88 ) (-6664 -2048 88 ) (-6664 -2048 16 ) 
4 2491 2492 (-6664 -1144 88 ) (-6664 -1040 88 ) (-6664 -1040 16 ) (-6664 -1144 16 ) 
4 2491 2493 (-6664 -2048 88 ) (-6664 -1424 88 ) (-6664 -1424 16 ) (-6664 -2048 16 ) 
4 2492 2494 (-6944 -1144 88 ) (-6944 -1040 88 ) (-6944 -1040 16 ) (-6944 -1144 16 ) 
4 2493 2537 (-6664 -2048 16 ) (-6664 -2048 88 ) (-6944 -2048 88 ) (-6944 -2048 16 ) 
4 2493 2494 (-6944 -2048 16 ) (-6944 -2048 88 ) (-6944 -1424 88 ) (-6944 -1424 16 ) 
4 2494 2537 (-6944 -2048 16 ) (-6944 -2048 88 ) (-7168 -2048 88 ) (-7168 -2048 16 ) 
4 2494 2512 (-7168 -2048 16 ) (-7168 -2048 52 ) (-7168 -1952 52 ) (-7168 -1952 16 ) 
4 2494 2511 (-7168 -1952 52 ) (-7168 -1040 52 ) (-7168 -1040 16 ) (-7168 -1952 16 ) 
4 2494 2507 (-7168 -2048 52 ) (-7168 -2048 88 ) (-7168 -1040 88 ) (-7168 -1040 52 ) 
4 2495 2497 (-7168 -1040 1224 ) (-7168 -1040 1856 ) (-7600 -1040 1856 ) (-7600 -1040 1224 ) 
4 2495 2496 (-7168 -1040 1224 ) (-7600 -1040 1224 ) (-7600 -1024 1224 ) (-7168 -1024 1224 ) 
4 2496 2498 (-7168 -1040 736 ) (-7168 -1040 1224 ) (-7600 -1040 1224 ) (-7600 -1040 736 ) 
4 2497 2548 (-7184 -2048 1856 ) (-8160 -2048 1856 ) (-8160 -2048 1224 ) (-7184 -2048 1224 ) 
4 2497 2543 (-7168 -2048 1224 ) (-7168 -2048 1856 ) (-7184 -2048 1856 ) (-7184 -2048 1224 ) 
4 2497 2498 (-8160 -1040 1224 ) (-7168 -1040 1224 ) (-7168 -2048 1224 ) (-8160 -2048 1224 ) 
4 2498 2553 (-8160 -2048 536 ) (-8160 -2048 480 ) (-8144 -2048 480 ) (-8144 -2048 536 ) 
4 2498 2550 (-8144 -2048 480 ) (-7184 -2048 480 ) (-7184 -2048 536 ) (-8144 -2048 536 ) 
4 2498 2549 (-7184 -2048 1224 ) (-8160 -2048 1224 ) (-8160 -2048 536 ) (-7184 -2048 536 ) 
4 2498 2545 (-7168 -2048 480 ) (-7168 -2048 712 ) (-7184 -2048 712 ) (-7184 -2048 480 ) 
4 2498 2544 (-7168 -2048 712 ) (-7168 -2048 1224 ) (-7184 -2048 1224 ) (-7184 -2048 712 ) 
4 2498 2499 (-8160 -2048 480 ) (-8160 -1040 480 ) (-7168 -1040 480 ) (-7168 -2048 480 ) 
4 2499 2553 (-8144 -2048 480 ) (-8160 -2048 480 ) (-8160 -2048 308 ) (-8144 -2048 308 ) 
4 2499 2551 (-7184 -2048 480 ) (-8144 -2048 480 ) (-8144 -2048 308 ) (-7184 -2048 308 ) 
4 2499 2546 (-7168 -2048 308 ) (-7168 -2048 480 ) (-7184 -2048 480 ) (-7184 -2048 308 ) 
4 2499 2506 (-7984 -2048 308 ) (-8160 -2048 308 ) (-8160 -1040 308 ) (-7984 -1040 308 ) 
4 2499 2502 (-7472 -2048 308 ) (-7984 -2048 308 ) (-7984 -1952 308 ) (-7472 -1952 308 ) 
4 2499 2501 (-7984 -1936 308 ) (-7984 -1056 308 ) (-7488 -1056 308 ) (-7488 -1936 308 ) 
4 2499 2500 (-7168 -2048 308 ) (-7472 -2048 308 ) (-7472 -1040 308 ) (-7168 -1040 308 ) 
4 2500 2551 (-7184 -2048 308 ) (-7472 -2048 308 ) (-7472 -2048 256 ) (-7184 -2048 256 ) 
4 2500 2546 (-7168 -2048 256 ) (-7168 -2048 308 ) (-7184 -2048 308 ) (-7184 -2048 256 ) 
4 2500 2503 (-7168 -2048 256 ) (-7472 -2048 256 ) (-7472 -1040 256 ) (-7168 -1040 256 ) 
4 2500 2502 (-7472 -1952 256 ) (-7472 -2048 256 ) (-7472 -2048 308 ) (-7472 -1952 308 ) 
4 2501 2506 (-7984 -1936 308 ) (-7984 -1056 308 ) (-7984 -1056 256 ) (-7984 -1936 256 ) 
4 2501 2504 (-7984 -1936 256 ) (-7984 -1056 256 ) (-7488 -1056 256 ) (-7488 -1936 256 ) 
4 2502 2551 (-7472 -2048 308 ) (-7984 -2048 308 ) (-7984 -2048 256 ) (-7472 -2048 256 ) 
4 2502 2506 (-7984 -2048 256 ) (-7984 -2048 308 ) (-7984 -1952 308 ) (-7984 -1952 256 ) 
4 2502 2505 (-7472 -2048 256 ) (-7984 -2048 256 ) (-7984 -1952 256 ) (-7472 -1952 256 ) 
4 2503 2552 (-7184 -2048 256 ) (-7472 -2048 256 ) (-7472 -2048 180 ) (-7184 -2048 180 ) 
4 2503 2547 (-7168 -2048 180 ) (-7168 -2048 256 ) (-7184 -2048 256 ) (-7184 -2048 180 ) 
4 2503 2507 (-7168 -2048 180 ) (-7472 -2048 180 ) (-7472 -1040 180 ) (-7168 -1040 180 ) 
4 2503 2505 (-7472 -1952 180 ) (-7472 -2048 180 ) (-7472 -2048 256 ) (-7472 -1952 256 ) 
4 2504 2506 (-7984 -1056 180 ) (-7984 -1936 180 ) (-7984 -1936 256 ) (-7984 -1056 256 ) 
4 2505 2552 (-7472 -2048 256 ) (-7984 -2048 256 ) (-7984 -2048 180 ) (-7472 -2048 180 ) 
4 2505 2508 (-7472 -2048 180 ) (-7984 -2048 180 ) (-7984 -1952 180 ) (-7472 -1952 180 ) 
4 2505 2506 (-7984 -1952 180 ) (-7984 -2048 180 ) (-7984 -2048 256 ) (-7984 -1952 256 ) 
4 2506 2553 (-8144 -2048 308 ) (-8160 -2048 308 ) (-8160 -2048 180 ) (-8144 -2048 180 ) 
4 2506 2552 (-8144 -2048 256 ) (-8144 -2048 180 ) (-7984 -2048 180 ) (-7984 -2048 256 ) 
4 2506 2551 (-7984 -2048 308 ) (-8144 -2048 308 ) (-8144 -2048 256 ) (-7984 -2048 256 ) 
4 2506 2509 (-7984 -2048 180 ) (-8160 -2048 180 ) (-8160 -1040 180 ) (-7984 -1040 180 ) 
4 2507 2552 (-7184 -2048 180 ) (-7472 -2048 180 ) (-7472 -2048 52 ) (-7184 -2048 52 ) 
4 2507 2547 (-7168 -2048 52 ) (-7168 -2048 180 ) (-7184 -2048 180 ) (-7184 -2048 52 ) 
4 2507 2512 (-7168 -1952 52 ) (-7168 -2048 52 ) (-7472 -2048 52 ) (-7472 -1952 52 ) 
4 2507 2511 (-7472 -1040 52 ) (-7168 -1040 52 ) (-7168 -1952 52 ) (-7472 -1952 52 ) 
4 2507 2508 (-7472 -1952 52 ) (-7472 -2048 52 ) (-7472 -2048 180 ) (-7472 -1952 180 ) 
4 2508 2552 (-7472 -2048 180 ) (-7984 -2048 180 ) (-7984 -2048 52 ) (-7472 -2048 52 ) 
4 2508 2512 (-7472 -1952 52 ) (-7472 -2048 52 ) (-7496 -2048 52 ) (-7496 -1952 52 ) 
4 2508 2510 (-7984 -1952 52 ) (-7984 -2048 52 ) (-7984 -2048 152 ) (-7984 -1952 152 ) 
4 2508 2509 (-7984 -2048 152 ) (-7984 -2048 180 ) (-7984 -1952 180 ) (-7984 -1952 152 ) 
4 2509 2553 (-8144 -2048 180 ) (-8160 -2048 180 ) (-8160 -2048 152 ) (-8144 -2048 152 ) 
4 2509 2552 (-7984 -2048 180 ) (-8144 -2048 180 ) (-8144 -2048 152 ) (-7984 -2048 152 ) 
4 2509 2510 (-8144 -1040 152 ) (-7984 -1040 152 ) (-7984 -2048 152 ) (-8144 -2048 152 ) 
4 2510 2552 (-8144 -2048 52 ) (-7984 -2048 52 ) (-7984 -2048 152 ) (-8144 -2048 152 ) 
4 2511 2512 (-7472 -1952 16 ) (-7168 -1952 16 ) (-7168 -1952 52 ) (-7472 -1952 52 ) 
4 2512 2554 (-7184 -2048 52 ) (-7496 -2048 52 ) (-7496 -2048 16 ) (-7184 -2048 16 ) 
4 2512 2547 (-7168 -2048 16 ) (-7168 -2048 52 ) (-7184 -2048 52 ) (-7184 -2048 16 ) 
4 2513 2543 (-7168 -2480 1224 ) (-7168 -2480 1856 ) (-7168 -2048 1856 ) (-7168 -2048 1224 ) 
4 2513 2540 (-6144 -2480 1224 ) (-6144 -2480 1856 ) (-7168 -2480 1856 ) (-7168 -2480 1224 ) 
4 2513 2514 (-6144 -2480 1224 ) (-7168 -2480 1224 ) (-7168 -2048 1224 ) (-6144 -2048 1224 ) 
4 2514 2545 (-7168 -2480 480 ) (-7168 -2480 712 ) (-7168 -2048 712 ) (-7168 -2048 480 ) 
4 2514 2544 (-7168 -2480 712 ) (-7168 -2480 1224 ) (-7168 -2048 1224 ) (-7168 -2048 712 ) 
4 2514 2542 (-6584 -2480 1224 ) (-7168 -2480 1224 ) (-7168 -2480 712 ) (-6584 -2480 712 ) 
4 2514 2541 (-6144 -2480 584 ) (-6144 -2480 1224 ) (-6584 -2480 1224 ) (-6584 -2480 584 ) 
4 2514 2515 (-6144 -2480 480 ) (-7168 -2480 480 ) (-7168 -2048 480 ) (-6144 -2048 480 ) 
4 2515 2546 (-7168 -2480 344 ) (-7168 -2480 480 ) (-7168 -2048 480 ) (-7168 -2048 344 ) 
4 2515 2520 (-6348 -2480 344 ) (-7168 -2480 344 ) (-7168 -2048 344 ) (-6348 -2048 344 ) 
4 2515 2517 (-6340 -2480 344 ) (-6348 -2480 344 ) (-6348 -2064 344 ) (-6340 -2064 344 ) 
4 2515 2516 (-6144 -2480 344 ) (-6340 -2480 344 ) (-6340 -2048 344 ) (-6144 -2048 344 ) 
4 2516 2518 (-6144 -2480 256 ) (-6340 -2480 256 ) (-6340 -2048 256 ) (-6144 -2048 256 ) 
4 2516 2517 (-6340 -2064 256 ) (-6340 -2480 256 ) (-6340 -2480 344 ) (-6340 -2064 344 ) 
4 2517 2520 (-6348 -2480 256 ) (-6348 -2480 344 ) (-6348 -2064 344 ) (-6348 -2064 256 ) 
4 2517 2519 (-6340 -2480 256 ) (-6348 -2480 256 ) (-6348 -2064 256 ) (-6340 -2064 256 ) 
4 2518 2538 (-6144 -2480 216 ) (-6340 -2480 216 ) (-6340 -2192 216 ) (-6144 -2192 216 ) 
4 2518 2522 (-6336 -2048 216 ) (-6144 -2048 216 ) (-6144 -2176 216 ) (-6336 -2176 216 ) 
4 2518 2519 (-6340 -2064 216 ) (-6340 -2480 216 ) (-6340 -2480 256 ) (-6340 -2064 256 ) 
4 2519 2538 (-6340 -2480 216 ) (-6348 -2480 216 ) (-6348 -2192 216 ) (-6340 -2192 216 ) 
4 2519 2521 (-6348 -2064 216 ) (-6348 -2480 216 ) (-6348 -2480 256 ) (-6348 -2064 256 ) 
4 2520 2546 (-7168 -2480 256 ) (-7168 -2480 344 ) (-7168 -2048 344 ) (-7168 -2048 256 ) 
4 2520 2521 (-6348 -2048 256 ) (-6348 -2480 256 ) (-7168 -2480 256 ) (-7168 -2048 256 ) 
4 2521 2547 (-7168 -2480 216 ) (-7168 -2480 256 ) (-7168 -2048 256 ) (-7168 -2048 216 ) 
4 2521 2538 (-6348 -2480 216 ) (-6352 -2480 216 ) (-6352 -2192 216 ) (-6348 -2192 216 ) 
4 2521 2539 (-6352 -2480 216 ) (-7168 -2480 216 ) (-7168 -2176 216 ) (-6352 -2176 216 ) 
4 2521 2536 (-7168 -2176 216 ) (-7168 -2048 216 ) (-6352 -2048 216 ) (-6352 -2176 216 ) 
4 2522 2529 (-6286.374512 -2048 210 ) (-6283.499512 -2048 210 ) (-6276 -2052 210 ) (-6277 -2053 210 ) 
4 2522 2528 (-6336 -2135 210 ) (-6336 -2048 210 ) (-6286.374512 -2048 210 ) (-6262 -2061 210 ) 
3 2522 2527 (-6283.499512 -2048 210 ) (-6249 -2048 210 ) (-6261 -2060 210 ) 
4 2522 2526 (-6262.956543 -2061.956787 210 ) (-6261.956543 -2060.956787 210 ) (-6245 -2070 210 ) (-6246 -2071 210 ) 
5 2522 2525 (-6328 -2176 210 ) (-6336 -2176 210 ) (-6336 -2135 210 ) (-6262.956543 -2061.956787 210 ) (-6231 -2079 210 ) 
4 2522 2524 (-6261.956543 -2060.956787 210 ) (-6249 -2048 210 ) (-6200 -2048 210 ) (-6230 -2078 210 ) 
4 2522 2523 (-6144 -2176 210 ) (-6328 -2176 210 ) (-6200 -2048 210 ) (-6144 -2048 210 ) 
4 2523 2530 (-6144 -2176 199 ) (-6328 -2176 199 ) (-6200 -2048 199 ) (-6144 -2048 199 ) 
4 2523 2525 (-6231.002441 -2078.998779 199 ) (-6328.003906 -2176 199 ) (-6328 -2176 210 ) (-6231 -2079 210 ) 
4 2523 2524 (-6200.003906 -2048 199 ) (-6230.002441 -2077.998779 199 ) (-6230 -2078 210 ) (-6200 -2048 210 ) 
4 2524 2530 (-6261.956543 -2060.956787 199 ) (-6249 -2048 199 ) (-6200 -2048 199 ) (-6230 -2078 199 ) 
4 2524 2527 (-6249.003906 -2048 199 ) (-6261.002930 -2059.998535 199 ) (-6261 -2060 210 ) (-6249 -2048 210 ) 
4 2524 2526 (-6261.957520 -2060.956543 210 ) (-6261.957520 -2060.956543 199 ) (-6245 -2070 199 ) (-6245 -2070 210 ) 
5 2525 2530 (-6328 -2176 199 ) (-6336 -2176 199 ) (-6336 -2135 199 ) (-6262.956543 -2061.956787 199 ) (-6231 -2079 199 ) 
4 2525 2528 (-6262.958984 -2061.955078 199 ) (-6336 -2134.996094 199 ) (-6336 -2135 210 ) (-6262.956543 -2061.956787 210 ) 
4 2525 2526 (-6246.001465 -2071.001221 199 ) (-6262.958008 -2061.958008 199 ) (-6262.958008 -2061.958008 210 ) (-6246.001465 -2071.001221 210 ) 
4 2526 2530 (-6262.956543 -2061.956787 199 ) (-6261.956543 -2060.956787 199 ) (-6245 -2070 199 ) (-6246 -2071 199 ) 
4 2526 2528 (-6261.959473 -2060.955322 199 ) (-6262.958984 -2061.955078 199 ) (-6262.956543 -2061.956787 210 ) (-6261.956543 -2060.956787 210 ) 
3 2527 2530 (-6283.499512 -2048 199 ) (-6249 -2048 199 ) (-6261 -2060 199 ) 
4 2527 2529 (-6283.500000 -2048 199 ) (-6276 -2052 199 ) (-6276 -2052 210 ) (-6283.500000 -2048 210 ) 
4 2528 2530 (-6336 -2135 199 ) (-6336 -2048 199 ) (-6286.374512 -2048 199 ) (-6262 -2061 199 ) 
4 2528 2529 (-6277.001465 -2053.001221 199 ) (-6286.378418 -2048 199 ) (-6286.377441 -2048 210 ) (-6277 -2053 210 ) 
4 2529 2530 (-6286.374512 -2048 199 ) (-6283.499512 -2048 199 ) (-6276 -2052 199 ) (-6277 -2053 199 ) 
4 2530 2534 (-6230 -2078 174 ) (-6144 -2123.866455 174 ) (-6144 -2125.399902 174 ) (-6231 -2079 174 ) 
4 2530 2533 (-6289.125000 -2048 174 ) (-6286.250000 -2048 174 ) (-6245 -2070 174 ) (-6246 -2071 174 ) 
5 2530 2532 (-6144 -2176 174 ) (-6336 -2176 174 ) (-6336 -2048 174 ) (-6289.125000 -2048 174 ) (-6144 -2125.399902 174 ) 
3 2530 2531 (-6286.250000 -2048 174 ) (-6144 -2048 174 ) (-6144 -2123.866455 174 ) 
4 2531 2534 (-6230 -2078.001465 162 ) (-6144 -2123.868652 162 ) (-6144 -2123.865967 174 ) (-6230 -2078 174 ) 
4 2531 2533 (-6286.253906 -2048 162 ) (-6245.001465 -2070.001221 162 ) (-6245 -2070 174 ) (-6286.247070 -2048 174 ) 
3 2531 2535 (-6286.250000 -2048 162 ) (-6144 -2048 162 ) (-6144 -2123.866455 162 ) 
4 2532 2534 (-6144 -2125.404053 162 ) (-6231.002441 -2079.002686 162 ) (-6231 -2079.001465 174 ) (-6144 -2125.402100 174 ) 
4 2532 2533 (-6246.002930 -2071.002441 162 ) (-6289.132324 -2048 162 ) (-6289.128906 -2048 174 ) (-6246.001465 -2071.001221 174 ) 
5 2532 2535 (-6144 -2176 162 ) (-6336 -2176 162 ) (-6336 -2048 162 ) (-6289.125000 -2048 162 ) (-6144 -2125.399902 162 ) 
4 2533 2535 (-6289.125000 -2048 162 ) (-6286.250000 -2048 162 ) (-6245 -2070 162 ) (-6246 -2071 162 ) 
4 2534 2535 (-6230 -2078 162 ) (-6144 -2123.866455 162 ) (-6144 -2125.399902 162 ) (-6231 -2079 162 ) 
4 2536 2547 (-7168 -2176 216 ) (-7168 -2048 216 ) (-7168 -2048 128 ) (-7168 -2176 128 ) 
4 2536 2539 (-6352 -2176 216 ) (-7168 -2176 216 ) (-7168 -2176 128 ) (-6352 -2176 128 ) 
4 2536 2537 (-6352 -2176 128 ) (-7168 -2176 128 ) (-7168 -2048 128 ) (-6352 -2048 128 ) 
4 2537 2547 (-7168 -2048 128 ) (-7168 -2048 16 ) (-7168 -2176 16 ) (-7168 -2176 128 ) 
4 2537 2539 (-7168 -2176 16 ) (-6352 -2176 16 ) (-6352 -2176 128 ) (-7168 -2176 128 ) 
4 2538 2539 (-6352 -2192 16 ) (-6352 -2480 16 ) (-6352 -2480 216 ) (-6352 -2192 216 ) 
4 2539 2547 (-7168 -2480 16 ) (-7168 -2480 216 ) (-7168 -2176 216 ) (-7168 -2176 16 ) 
4 2540 2559 (-6584 -3072 1856 ) (-7168 -3072 1856 ) (-7168 -3072 1224 ) (-6584 -3072 1224 ) 
4 2540 2555 (-6144 -3072 1224 ) (-6144 -3072 1856 ) (-6584 -3072 1856 ) (-6584 -3072 1224 ) 
4 2540 2543 (-7168 -3072 1224 ) (-7168 -3072 1856 ) (-7168 -2480 1856 ) (-7168 -2480 1224 ) 
4 2540 2542 (-6584 -3072 1224 ) (-7168 -3072 1224 ) (-7168 -2480 1224 ) (-6584 -2480 1224 ) 
4 2540 2541 (-6144 -3072 1224 ) (-6584 -3072 1224 ) (-6584 -2480 1224 ) (-6144 -2480 1224 ) 
4 2541 2557 (-6144 -3072 584 ) (-6144 -3072 1224 ) (-6584 -3072 1224 ) (-6584 -3072 584 ) 
4 2541 2542 (-6584 -3072 712 ) (-6584 -3072 1224 ) (-6584 -2480 1224 ) (-6584 -2480 712 ) 
4 2542 2561 (-6584 -3072 1224 ) (-7168 -3072 1224 ) (-7168 -3072 712 ) (-6584 -3072 712 ) 
4 2542 2544 (-7168 -3072 712 ) (-7168 -3072 1224 ) (-7168 -2480 1224 ) (-7168 -2480 712 ) 
4 2543 2567 (-7168 -3072 1224 ) (-7168 -3072 1856 ) (-7184 -3072 1856 ) (-7184 -3072 1224 ) 
4 2543 2548 (-7184 -2896 1856 ) (-7184 -2048 1856 ) (-7184 -2048 1224 ) (-7184 -2896 1224 ) 
4 2543 2544 (-7184 -3072 1224 ) (-7184 -2048 1224 ) (-7168 -2048 1224 ) (-7168 -3072 1224 ) 
4 2544 2568 (-7168 -3072 712 ) (-7168 -3072 1224 ) (-7184 -3072 1224 ) (-7184 -3072 712 ) 
4 2544 2549 (-7184 -2896 1224 ) (-7184 -2048 1224 ) (-7184 -2048 712 ) (-7184 -2896 712 ) 
4 2544 2545 (-7184 -2480 712 ) (-7184 -2048 712 ) (-7168 -2048 712 ) (-7168 -2480 712 ) 
4 2545 2550 (-7184 -2048 536 ) (-7184 -2048 480 ) (-7184 -2144 480 ) (-7184 -2144 536 ) 
4 2545 2549 (-7184 -2480 712 ) (-7184 -2048 712 ) (-7184 -2048 536 ) (-7184 -2480 536 ) 
4 2545 2546 (-7168 -2480 480 ) (-7184 -2480 480 ) (-7184 -2048 480 ) (-7168 -2048 480 ) 
4 2546 2551 (-7184 -2048 480 ) (-7184 -2048 256 ) (-7184 -2144 256 ) (-7184 -2144 480 ) 
4 2546 2547 (-7184 -2480 256 ) (-7184 -2048 256 ) (-7168 -2048 256 ) (-7168 -2480 256 ) 
4 2547 2554 (-7184 -2048 16 ) (-7184 -2144 16 ) (-7184 -2144 52 ) (-7184 -2048 52 ) 
4 2547 2552 (-7184 -2144 52 ) (-7184 -2144 256 ) (-7184 -2048 256 ) (-7184 -2048 52 ) 
4 2548 2549 (-8160 -2896 1224 ) (-8160 -2048 1224 ) (-7184 -2048 1224 ) (-7184 -2896 1224 ) 
4 2549 2553 (-8160 -2048 536 ) (-8144 -2048 536 ) (-8144 -2144 536 ) (-8160 -2144 536 ) 
4 2549 2550 (-8144 -2048 536 ) (-7184 -2048 536 ) (-7184 -2144 536 ) (-8144 -2144 536 ) 
4 2550 2553 (-8144 -2144 480 ) (-8144 -2144 536 ) (-8144 -2048 536 ) (-8144 -2048 480 ) 
4 2550 2551 (-7184 -2144 480 ) (-8144 -2144 480 ) (-8144 -2048 480 ) (-7184 -2048 480 ) 
4 2551 2553 (-8144 -2144 256 ) (-8144 -2144 480 ) (-8144 -2048 480 ) (-8144 -2048 256 ) 
4 2551 2552 (-7184 -2144 256 ) (-8144 -2144 256 ) (-8144 -2048 256 ) (-7184 -2048 256 ) 
4 2552 2554 (-7184 -2144 52 ) (-7496 -2144 52 ) (-7496 -2048 52 ) (-7184 -2048 52 ) 
4 2552 2553 (-8144 -2144 152 ) (-8144 -2144 256 ) (-8144 -2048 256 ) (-8144 -2048 152 ) 
4 2555 2559 (-6584 -3080 1856 ) (-6584 -3072 1856 ) (-6584 -3072 1224 ) (-6584 -3080 1224 ) 
4 2555 2557 (-6584 -3080 1224 ) (-6584 -3072 1224 ) (-6144 -3072 1224 ) (-6144 -3080 1224 ) 
4 2556 2563 (-6144 -3728 1224 ) (-6144 -3728 1856 ) (-6584 -3728 1856 ) (-6584 -3728 1224 ) 
4 2556 2560 (-6584 -3728 1224 ) (-6584 -3728 1856 ) (-6584 -3088 1856 ) (-6584 -3088 1224 ) 
4 2556 2558 (-6144 -3728 1224 ) (-6584 -3728 1224 ) (-6584 -3088 1224 ) (-6144 -3088 1224 ) 
4 2557 2561 (-6584 -3080 1224 ) (-6584 -3072 1224 ) (-6584 -3072 712 ) (-6584 -3080 712 ) 
4 2558 2564 (-6144 -3728 584 ) (-6144 -3728 1224 ) (-6584 -3728 1224 ) (-6584 -3728 584 ) 
4 2558 2562 (-6584 -3728 712 ) (-6584 -3728 1224 ) (-6584 -3088 1224 ) (-6584 -3088 712 ) 
4 2559 2567 (-7168 -3072 1856 ) (-7168 -3072 1224 ) (-7168 -3080 1224 ) (-7168 -3080 1856 ) 
4 2559 2561 (-6584 -3072 1224 ) (-6584 -3080 1224 ) (-7168 -3080 1224 ) (-7168 -3072 1224 ) 
4 2560 2569 (-7168 -3088 1224 ) (-7168 -3728 1224 ) (-7168 -3728 1856 ) (-7168 -3088 1856 ) 
4 2560 2563 (-7168 -3728 1856 ) (-7168 -3728 1224 ) (-6584 -3728 1224 ) (-6584 -3728 1856 ) 
4 2560 2562 (-6584 -3088 1224 ) (-6584 -3728 1224 ) (-7168 -3728 1224 ) (-7168 -3088 1224 ) 
4 2561 2568 (-7168 -3072 1224 ) (-7168 -3072 712 ) (-7168 -3080 712 ) (-7168 -3080 1224 ) 
4 2562 2570 (-7168 -3088 712 ) (-7168 -3728 712 ) (-7168 -3728 1224 ) (-7168 -3088 1224 ) 
4 2562 2564 (-7168 -3728 1224 ) (-7168 -3728 712 ) (-6584 -3728 712 ) (-6584 -3728 1224 ) 
4 2563 2577 (-6144 -4096 1224 ) (-6144 -4096 1856 ) (-7168 -4096 1856 ) (-7168 -4096 1224 ) 
4 2563 2569 (-7168 -4096 1224 ) (-7168 -4096 1856 ) (-7168 -3728 1856 ) (-7168 -3728 1224 ) 
4 2563 2564 (-7168 -3728 1224 ) (-6144 -3728 1224 ) (-6144 -4096 1224 ) (-7168 -4096 1224 ) 
4 2564 2578 (-6144 -4096 480 ) (-6144 -4096 1224 ) (-7168 -4096 1224 ) (-7168 -4096 480 ) 
4 2564 2571 (-7168 -4096 480 ) (-7168 -4096 712 ) (-7168 -3728 712 ) (-7168 -3728 480 ) 
4 2564 2570 (-7168 -4096 712 ) (-7168 -4096 1224 ) (-7168 -3728 1224 ) (-7168 -3728 712 ) 
4 2564 2565 (-6144 -4096 480 ) (-7168 -4096 480 ) (-7168 -3728 480 ) (-6144 -3728 480 ) 
4 2565 2579 (-6144 -4096 16 ) (-6144 -4096 480 ) (-7168 -4096 480 ) (-7168 -4096 16 ) 
4 2565 2572 (-7168 -4096 16 ) (-7168 -4096 480 ) (-7168 -3728 480 ) (-7168 -3728 16 ) 
4 2565 2566 (-6144 -4096 16 ) (-7168 -4096 16 ) (-7168 -3856 16 ) (-6144 -3856 16 ) 
4 2566 2589 (-6144 -4096 8 ) (-6144 -4096 16 ) (-7168 -4096 16 ) (-7168 -4096 8 ) 
4 2566 2576 (-7168 -4096 8 ) (-7168 -4096 16 ) (-7168 -3856 16 ) (-7168 -3856 8 ) 
4 2567 2568 (-7184 -3080 1224 ) (-7184 -3072 1224 ) (-7168 -3072 1224 ) (-7168 -3080 1224 ) 
4 2569 2590 (-7168 -4096 1224 ) (-7168 -4096 1856 ) (-7184 -4096 1856 ) (-7184 -4096 1224 ) 
4 2569 2573 (-7184 -4096 1224 ) (-7184 -4096 1856 ) (-7184 -3728 1856 ) (-7184 -3728 1224 ) 
4 2569 2570 (-7168 -4096 1224 ) (-7184 -4096 1224 ) (-7184 -3088 1224 ) (-7168 -3088 1224 ) 
4 2570 2592 (-7168 -4096 712 ) (-7168 -4096 1072 ) (-7184 -4096 1072 ) (-7184 -4096 712 ) 
4 2570 2591 (-7168 -4096 1072 ) (-7168 -4096 1224 ) (-7184 -4096 1224 ) (-7184 -4096 1072 ) 
4 2570 2574 (-7184 -3728 712 ) (-7184 -4096 712 ) (-7184 -4096 1224 ) (-7184 -3728 1224 ) 
4 2570 2571 (-7184 -4096 712 ) (-7184 -3728 712 ) (-7168 -3728 712 ) (-7168 -4096 712 ) 
4 2571 2592 (-7168 -4096 480 ) (-7168 -4096 712 ) (-7184 -4096 712 ) (-7184 -4096 480 ) 
4 2571 2574 (-7184 -4096 480 ) (-7184 -4096 712 ) (-7184 -3728 712 ) (-7184 -3728 480 ) 
4 2571 2572 (-7184 -4096 480 ) (-7184 -3728 480 ) (-7168 -3728 480 ) (-7168 -4096 480 ) 
4 2572 2593 (-7168 -4096 16 ) (-7168 -4096 480 ) (-7184 -4096 480 ) (-7184 -4096 16 ) 
4 2572 2576 (-7168 -3856 16 ) (-7168 -4096 16 ) (-7184 -4096 16 ) (-7184 -3856 16 ) 
4 2572 2575 (-7184 -3728 16 ) (-7184 -4096 16 ) (-7184 -4096 480 ) (-7184 -3728 480 ) 
4 2573 2590 (-7440 -4096 1224 ) (-7184 -4096 1224 ) (-7184 -4096 1856 ) (-7440 -4096 1856 ) 
4 2573 2574 (-7440 -3728 1224 ) (-7184 -3728 1224 ) (-7184 -4096 1224 ) (-7440 -4096 1224 ) 
4 2574 2592 (-7440 -4096 480 ) (-7184 -4096 480 ) (-7184 -4096 1072 ) (-7440 -4096 1072 ) 
4 2574 2591 (-7184 -4096 1072 ) (-7184 -4096 1224 ) (-7440 -4096 1224 ) (-7440 -4096 1072 ) 
4 2574 2575 (-7440 -3728 480 ) (-7184 -3728 480 ) (-7184 -4096 480 ) (-7440 -4096 480 ) 
4 2575 2593 (-7440 -4096 16 ) (-7184 -4096 16 ) (-7184 -4096 480 ) (-7440 -4096 480 ) 
4 2575 2576 (-7184 -3856 16 ) (-7184 -4096 16 ) (-7440 -4096 16 ) (-7440 -3856 16 ) 
4 2576 2594 (-7168 -4096 8 ) (-7168 -4096 16 ) (-7440 -4096 16 ) (-7440 -4096 8 ) 
4 2577 2590 (-7168 -4096 1856 ) (-7168 -4096 1224 ) (-7168 -4496 1224 ) (-7168 -4496 1856 ) 
4 2577 2580 (-7168 -4496 1856 ) (-7168 -4496 1224 ) (-6144 -4496 1224 ) (-6144 -4496 1856 ) 
4 2577 2578 (-6144 -4496 1224 ) (-7168 -4496 1224 ) (-7168 -4096 1224 ) (-6144 -4096 1224 ) 
4 2578 2592 (-7168 -4096 1072 ) (-7168 -4096 480 ) (-7168 -4496 480 ) (-7168 -4496 1072 ) 
4 2578 2591 (-7168 -4096 1224 ) (-7168 -4096 1072 ) (-7168 -4496 1072 ) (-7168 -4496 1224 ) 
4 2578 2586 (-6752 -4496 480 ) (-6240 -4496 480 ) (-6240 -4496 520 ) (-6752 -4496 520 ) 
4 2578 2585 (-6240 -4496 480 ) (-6152 -4496 480 ) (-6152 -4496 520 ) (-6240 -4496 520 ) 
4 2578 2584 (-6752 -4496 520 ) (-6152 -4496 520 ) (-6152 -4496 1072 ) (-6752 -4496 1072 ) 
4 2578 2582 (-6152 -4496 480 ) (-6144 -4496 480 ) (-6144 -4496 1072 ) (-6152 -4496 1072 ) 
4 2578 2581 (-7168 -4496 1224 ) (-7168 -4496 1072 ) (-6144 -4496 1072 ) (-6144 -4496 1224 ) 
4 2578 2579 (-6144 -4496 480 ) (-7168 -4496 480 ) (-7168 -4096 480 ) (-6144 -4096 480 ) 
4 2579 2593 (-7168 -4096 480 ) (-7168 -4096 16 ) (-7168 -4496 16 ) (-7168 -4496 480 ) 
4 2579 2589 (-7168 -4368 16 ) (-7168 -4096 16 ) (-6144 -4096 16 ) (-6144 -4368 16 ) 
4 2579 2588 (-6752 -4496 16 ) (-6240 -4496 16 ) (-6240 -4496 480 ) (-6752 -4496 480 ) 
4 2579 2587 (-6240 -4496 16 ) (-6152 -4496 16 ) (-6152 -4496 480 ) (-6240 -4496 480 ) 
4 2579 2583 (-6144 -4496 416 ) (-6144 -4496 480 ) (-6152 -4496 480 ) (-6152 -4496 416 ) 
4 2580 2601 (-6752 -5120 1856 ) (-7168 -5120 1856 ) (-7168 -5120 1224 ) (-6752 -5120 1224 ) 
4 2580 2595 (-6144 -5120 1224 ) (-6144 -5120 1856 ) (-6752 -5120 1856 ) (-6752 -5120 1224 ) 
4 2580 2590 (-7168 -5120 1224 ) (-7168 -5120 1856 ) (-7168 -4496 1856 ) (-7168 -4496 1224 ) 
4 2580 2581 (-6144 -5120 1224 ) (-7168 -5120 1224 ) (-7168 -4496 1224 ) (-6144 -4496 1224 ) 
4 2581 2602 (-6752 -5120 1224 ) (-7168 -5120 1224 ) (-7168 -5120 1072 ) (-6752 -5120 1072 ) 
4 2581 2598 (-6152 -5120 1224 ) (-6752 -5120 1224 ) (-6752 -5120 1072 ) (-6152 -5120 1072 ) 
4 2581 2596 (-6144 -5120 1072 ) (-6144 -5120 1224 ) (-6152 -5120 1224 ) (-6152 -5120 1072 ) 
4 2581 2591 (-7168 -5120 1072 ) (-7168 -5120 1224 ) (-7168 -4496 1224 ) (-7168 -4496 1072 ) 
4 2581 2584 (-6152 -5120 1072 ) (-6752 -5120 1072 ) (-6752 -4496 1072 ) (-6152 -4496 1072 ) 
4 2581 2582 (-6144 -5120 1072 ) (-6152 -5120 1072 ) (-6152 -4496 1072 ) (-6144 -4496 1072 ) 
4 2582 2596 (-6144 -5120 480 ) (-6144 -5120 1072 ) (-6152 -5120 1072 ) (-6152 -5120 480 ) 
4 2582 2585 (-6152 -4496 520 ) (-6152 -4496 480 ) (-6152 -5120 480 ) (-6152 -5120 520 ) 
4 2582 2584 (-6152 -5120 1072 ) (-6152 -4496 1072 ) (-6152 -4496 520 ) (-6152 -5120 520 ) 
4 2582 2583 (-6152 -5120 480 ) (-6152 -4496 480 ) (-6144 -4496 480 ) (-6144 -5120 480 ) 
4 2583 2597 (-6144 -5120 416 ) (-6144 -5120 480 ) (-6152 -5120 480 ) (-6152 -5120 416 ) 
4 2583 2587 (-6152 -4496 480 ) (-6152 -4496 416 ) (-6152 -5120 416 ) (-6152 -5120 480 ) 
4 2584 2598 (-6152 -5120 1072 ) (-6752 -5120 1072 ) (-6752 -5120 520 ) (-6152 -5120 520 ) 
4 2584 2586 (-6752 -4496 520 ) (-6240 -4496 520 ) (-6240 -4616 520 ) (-6752 -4616 520 ) 
4 2584 2585 (-6240 -4496 520 ) (-6152 -4496 520 ) (-6152 -5120 520 ) (-6240 -5120 520 ) 
4 2585 2599 (-6152 -5120 480 ) (-6152 -5120 520 ) (-6240 -5120 520 ) (-6240 -5120 480 ) 
4 2585 2587 (-6240 -4496 480 ) (-6152 -4496 480 ) (-6152 -5120 480 ) (-6240 -5120 480 ) 
4 2585 2586 (-6240 -4496 480 ) (-6240 -4616 480 ) (-6240 -4616 520 ) (-6240 -4496 520 ) 
4 2586 2588 (-6752 -4616 480 ) (-6752 -4496 480 ) (-6240 -4496 480 ) (-6240 -4616 480 ) 
4 2587 2600 (-6240 -5120 16 ) (-6152 -5120 16 ) (-6152 -5120 480 ) (-6240 -5120 480 ) 
4 2587 2588 (-6240 -4616 480 ) (-6240 -4496 480 ) (-6240 -4496 16 ) (-6240 -4616 16 ) 
4 2589 2594 (-7168 -4096 16 ) (-7168 -4096 8 ) (-7168 -4368 8 ) (-7168 -4368 16 ) 
4 2590 2603 (-7168 -5120 1224 ) (-7168 -5120 1856 ) (-7440 -5120 1856 ) (-7440 -5120 1224 ) 
4 2590 2591 (-7168 -5120 1224 ) (-7440 -5120 1224 ) (-7440 -4096 1224 ) (-7168 -4096 1224 ) 
4 2591 2604 (-7168 -5120 1072 ) (-7168 -5120 1224 ) (-7440 -5120 1224 ) (-7440 -5120 1072 ) 
4 2591 2592 (-7440 -4096 1072 ) (-7168 -4096 1072 ) (-7168 -4496 1072 ) (-7440 -4496 1072 ) 
4 2592 2593 (-7440 -4496 480 ) (-7440 -4096 480 ) (-7168 -4096 480 ) (-7168 -4496 480 ) 
4 2593 2594 (-7440 -4096 16 ) (-7168 -4096 16 ) (-7168 -4368 16 ) (-7440 -4368 16 ) 
4 2595 2601 (-6752 -5136 1856 ) (-6752 -5120 1856 ) (-6752 -5120 1224 ) (-6752 -5136 1224 ) 
4 2595 2598 (-6152 -5264 1224 ) (-6752 -5264 1224 ) (-6752 -5120 1224 ) (-6152 -5120 1224 ) 
4 2595 2596 (-6144 -5264 1224 ) (-6152 -5264 1224 ) (-6152 -5120 1224 ) (-6144 -5120 1224 ) 
4 2596 2599 (-6152 -5264 480 ) (-6152 -5264 520 ) (-6152 -5120 520 ) (-6152 -5120 480 ) 
4 2596 2598 (-6152 -5264 520 ) (-6152 -5264 1224 ) (-6152 -5120 1224 ) (-6152 -5120 520 ) 
4 2596 2597 (-6144 -5264 480 ) (-6152 -5264 480 ) (-6152 -5120 480 ) (-6144 -5120 480 ) 
4 2597 2600 (-6152 -5264 416 ) (-6152 -5264 480 ) (-6152 -5120 480 ) (-6152 -5120 416 ) 
4 2598 2602 (-6752 -5136 1224 ) (-6752 -5120 1224 ) (-6752 -5120 1072 ) (-6752 -5136 1072 ) 
4 2598 2599 (-6240 -5120 520 ) (-6152 -5120 520 ) (-6152 -5264 520 ) (-6240 -5264 520 ) 
4 2599 2600 (-6240 -5120 480 ) (-6152 -5120 480 ) (-6152 -5264 480 ) (-6240 -5264 480 ) 
4 2601 2603 (-7168 -5120 1856 ) (-7168 -5120 1224 ) (-7168 -5136 1224 ) (-7168 -5136 1856 ) 
4 2601 2602 (-6752 -5136 1224 ) (-7168 -5136 1224 ) (-7168 -5120 1224 ) (-6752 -5120 1224 ) 
4 2602 2604 (-7168 -5120 1224 ) (-7168 -5120 1072 ) (-7168 -5136 1072 ) (-7168 -5136 1224 ) 
4 2603 2604 (-7168 -5136 1224 ) (-7440 -5136 1224 ) (-7440 -5120 1224 ) (-7168 -5120 1224 ) 
