


Using shader api: shaderapiempty.dll
materialPath: D:\programfile\steam\steamapps\common\left 4 dead 2\left4dead2\materials
Loading c:\users\rtaab\documents\hammer\reverse_dead_air\r_c11m4_terminal.vmf
fixing up env_cubemap materials on brush sides...
0...1...2...3...4...5...6...7...8...9...100...1...2...3...4...5...6...7...8...9...10Processing areas...done (0)
Building Faces...done (0)
Occluder "01" straddles multiple areas. This is invalid!
Occluder "01" straddles multiple areas. This is invalid!
Occluder "02" straddles multiple areas. This is invalid!
Occluder "02" straddles multiple areas. This is invalid!
Occluder "02" straddles multiple areas. This is invalid!
Occluder "03" straddles multiple areas. This is invalid!
Occluder "03" straddles multiple areas. This is invalid!
Occluder "03" straddles multiple areas. This is invalid!
Occluder "03" straddles multiple areas. This is invalid!
Occluder "03" straddles multiple areas. This is invalid!
Occluder "03" straddles multiple areas. This is invalid!
Occluder "03" straddles multiple areas. This is invalid!
Occluder "03" straddles multiple areas. This is invalid!
Occluder "03" straddles multiple areas. This is invalid!
Occluder "03" straddles multiple areas. This is invalid!
Occluder "03" straddles multiple areas. This is invalid!
Occluder "03" straddles multiple areas. This is invalid!
Occluder "03" straddles multiple areas. This is invalid!
Occluder "03" straddles multiple areas. This is invalid!
Occluder "03" straddles multiple areas. This is invalid!
Occluder "04" straddles multiple areas. This is invalid!
Occluder "04" straddles multiple areas. This is invalid!
Occluder "04" straddles multiple areas. This is invalid!
Occluder "04" straddles multiple areas. This is invalid!
Occluder "04" straddles multiple areas. This is invalid!
Occluder "04" straddles multiple areas. This is invalid!
Occluder "04" straddles multiple areas. This is invalid!
Occluder "04" straddles multiple areas. This is invalid!
Occluder "04" straddles multiple areas. This is invalid!
Occluder "04" straddles multiple areas. This is invalid!
Occluder "04" straddles multiple areas. This is invalid!
Occluder "04" straddles multiple areas. This is invalid!
Occluder "04" straddles multiple areas. This is invalid!
Occluder "04" straddles multiple areas. This is invalid!
Occluder "04" straddles multiple areas. This is invalid!
Occluder "04" straddles multiple areas. This is invalid!
Occluder "04" straddles multiple areas. This is invalid!
Occluder "04" straddles multiple areas. This is invalid!
Occluder "03" straddles multiple areas. This is invalid!
Occluder "03" straddles multiple areas. This is invalid!
Occluder "03" straddles multiple areas. This is invalid!
Occluder "03" straddles multiple areas. This is invalid!
Occluder "03" straddles multiple areas. This is invalid!
Occluder "03" straddles multiple areas. This is invalid!
Occluder "03" straddles multiple areas. This is invalid!
Occluder "03" straddles multiple areas. This is invalid!
Occluder "03" straddles multiple areas. This is invalid!
Occluder "03" straddles multiple areas. This is invalid!
Occluder "03" straddles multiple areas. This is invalid!
Occluder "03" straddles multiple areas. This is invalid!
Occluder "03" straddles multiple areas. This is invalid!
Occluder "03" straddles multiple areas. This is invalid!
Occluder "03" straddles multiple areas. This is invalid!
Occluder "03" straddles multiple areas. This is invalid!
Occluder "03" straddles multiple areas. This is invalid!
Occluder "03" straddles multiple areas. This is invalid!
Occluder "03" straddles multiple areas. This is invalid!
Occluder "03" straddles multiple areas. This is invalid!
Occluder "03" straddles multiple areas. This is invalid!
Occluder "03" straddles multiple areas. This is invalid!
Occluder "03" straddles multiple areas. This is invalid!
Occluder "03" straddles multiple areas. This is invalid!
Occluder "03" straddles multiple areas. This is invalid!
Occluder "03" straddles multiple areas. This is invalid!
Occluder "03" straddles multiple areas. This is invalid!
Occluder "03" straddles multiple areas. This is invalid!
Occluder "03" straddles multiple areas. This is invalid!
Occluder "03" straddles multiple areas. This is invalid!
Occluder "03" straddles multiple areas. This is invalid!
Occluder "03" straddles multiple areas. This is invalid!
Occluder "03" straddles multiple areas. This is invalid!
Occluder "03" straddles multiple areas. This is invalid!
Occluder "03" straddles multiple areas. This is invalid!
Occluder "03" straddles multiple areas. This is invalid!
Occluder "03" straddles multiple areas. This is invalid!
Occluder "03" straddles multiple areas. This is invalid!
Occluder "03" straddles multiple areas. This is invalid!
Occluder "03" straddles multiple areas. This is invalid!
Occluder "03" straddles multiple areas. This is invalid!
Occluder "03" straddles multiple areas. This is invalid!
Occluder "03" straddles multiple areas. This is invalid!
Occluder "03" straddles multiple areas. This is invalid!
Occluder "03" straddles multiple areas. This is invalid!
Occluder "03" straddles multiple areas. This is invalid!
Occluder "03" straddles multiple areas. This is invalid!
Occluder "03" straddles multiple areas. This is invalid!
Occluder "03" straddles multiple areas. This is invalid!
Occluder "03" straddles multiple areas. This is invalid!
Occluder "03" straddles multiple areas. This is invalid!
Occluder "03" straddles multiple areas. This is invalid!
Occluder "03" straddles multiple areas. This is invalid!
Occluder "03" straddles multiple areas. This is invalid!
Occluder "03" straddles multiple areas. This is invalid!
Occluder "03" straddles multiple areas. This is invalid!
Occluder "03" straddles multiple areas. This is invalid!
Occluder "03" straddles multiple areas. This is invalid!
Occluder "03" straddles multiple areas. This is invalid!
Occluder "03" straddles multiple areas. This is invalid!
Occluder "03" straddles multiple areas. This is invalid!
Occluder "03" straddles multiple areas. This is invalid!
Occluder "03" straddles multiple areas. This is invalid!
Occluder "03" straddles multiple areas. This is invalid!
Occluder "03" straddles multiple areas. This is invalid!
Occluder "03" straddles multiple areas. This is invalid!
Occluder "03" straddles multiple areas. This is invalid!
Occluder "03" straddles multiple areas. This is invalid!
Occluder "03" straddles multiple areas. This is invalid!
Occluder "03" straddles multiple areas. This is invalid!
Occluder "03" straddles multiple areas. This is invalid!
Occluder "03" straddles multiple areas. This is invalid!
Occluder "03" straddles multiple areas. This is invalid!
Occluder "03" straddles multiple areas. This is invalid!
Occluder "03" straddles multiple areas. This is invalid!
Occluder "03" straddles multiple areas. This is invalid!
Occluder "03" straddles multiple areas. This is invalid!
Occluder "03" straddles multiple areas. This is invalid!
Chop Details...done (0)
Find Visible Detail Sides...
Merged 2000 detail faces...done (1)
Merging details...done (0)
FixTjuncs...
PruneNodes...
WriteBSP...
done (1)
writing c:\users\rtaab\documents\hammer\reverse_dead_air\r_c11m4_terminal.prt...Building visibility clusters...
done (0)
Finding displacement neighbors...
Finding lightmap sample positions...
Displacement Alpha : 0...1...2...3...4...5...6...7...8...9...10
Building Physics collision data...
done (2) (2068543 bytes)
Cannot build Physics2 data
                                                             -----------
DataLinker total stream size                                     0.0 KiB
Error! To use model "models/props_doors/checkpoint_door_01.mdl"
      with prop_static, it must be compiled with $staticprop!
Error loading studio model "models/props_doors/checkpoint_door_01.mdl"!
Placing detail props : 0...1...2...3...4...5...6...7...8...9...10
Compacting texture/material tables...
Reduced 10885 texinfos to 8012
Reduced 542 texdatas to 492 (22509 bytes to 20822)
Writing c:\users\rtaab\documents\hammer\reverse_dead_air\r_c11m4_terminal.bsp
12 seconds elapsed



8 threads
reading c:\users\rtaab\documents\hammer\reverse_dead_air\r_c11m4_terminal.bsp
max farz in all env_fog_controller entities: 10000.000000 (used for radial vis)
reading c:\users\rtaab\documents\hammer\reverse_dead_air\r_c11m4_terminal.prt
1305 portalclusters
2707 numportals
0...1...2...3...4...5...6...7...8...9...10Optimized: 34367 visible clusters (0.00%)
Total clusters visible: 592328
Average clusters visible: 453
Building PAS...
Average clusters audible: 1073
visdatasize:349377  compressed from 438480
writing c:\users\rtaab\documents\hammer\reverse_dead_air\r_c11m4_terminal.bsp
2 seconds elapsed



Using shader api: shaderapiempty.dll
materialPath: D:\programfile\steam\steamapps\common\left 4 dead 2\left4dead2\materials
Loading c:\users\rtaab\documents\hammer\reverse_dead_air\r_c11m4_terminal.vmf
fixing up env_cubemap materials on brush sides...
0...1...2...3...4...5...6...7...8...9...100...1...2...3...4...5...6...7...8...9...10Processing areas...done (0)
Building Faces...done (0)
Occluder "01" straddles multiple areas. This is invalid!
Occluder "01" straddles multiple areas. This is invalid!
Occluder "02" straddles multiple areas. This is invalid!
Occluder "02" straddles multiple areas. This is invalid!
Occluder "02" straddles multiple areas. This is invalid!
Occluder "03" straddles multiple areas. This is invalid!
Occluder "03" straddles multiple areas. This is invalid!
Occluder "03" straddles multiple areas. This is invalid!
Occluder "03" straddles multiple areas. This is invalid!
Occluder "03" straddles multiple areas. This is invalid!
Occluder "03" straddles multiple areas. This is invalid!
Occluder "03" straddles multiple areas. This is invalid!
Occluder "03" straddles multiple areas. This is invalid!
Occluder "03" straddles multiple areas. This is invalid!
Occluder "03" straddles multiple areas. This is invalid!
Occluder "03" straddles multiple areas. This is invalid!
Occluder "03" straddles multiple areas. This is invalid!
Occluder "03" straddles multiple areas. This is invalid!
Occluder "03" straddles multiple areas. This is invalid!
Occluder "03" straddles multiple areas. This is invalid!
Occluder "04" straddles multiple areas. This is invalid!
Occluder "04" straddles multiple areas. This is invalid!
Occluder "04" straddles multiple areas. This is invalid!
Occluder "04" straddles multiple areas. This is invalid!
Occluder "04" straddles multiple areas. This is invalid!
Occluder "04" straddles multiple areas. This is invalid!
Occluder "04" straddles multiple areas. This is invalid!
Occluder "04" straddles multiple areas. This is invalid!
Occluder "04" straddles multiple areas. This is invalid!
Occluder "04" straddles multiple areas. This is invalid!
Occluder "04" straddles multiple areas. This is invalid!
Occluder "04" straddles multiple areas. This is invalid!
Occluder "04" straddles multiple areas. This is invalid!
Occluder "04" straddles multiple areas. This is invalid!
Occluder "04" straddles multiple areas. This is invalid!
Occluder "04" straddles multiple areas. This is invalid!
Occluder "04" straddles multiple areas. This is invalid!
Occluder "04" straddles multiple areas. This is invalid!
Occluder "03" straddles multiple areas. This is invalid!
Occluder "03" straddles multiple areas. This is invalid!
Occluder "03" straddles multiple areas. This is invalid!
Occluder "03" straddles multiple areas. This is invalid!
Occluder "03" straddles multiple areas. This is invalid!
Occluder "03" straddles multiple areas. This is invalid!
Occluder "03" straddles multiple areas. This is invalid!
Occluder "03" straddles multiple areas. This is invalid!
Occluder "03" straddles multiple areas. This is invalid!
Occluder "03" straddles multiple areas. This is invalid!
Occluder "03" straddles multiple areas. This is invalid!
Occluder "03" straddles multiple areas. This is invalid!
Occluder "03" straddles multiple areas. This is invalid!
Occluder "03" straddles multiple areas. This is invalid!
Occluder "03" straddles multiple areas. This is invalid!
Occluder "03" straddles multiple areas. This is invalid!
Occluder "03" straddles multiple areas. This is invalid!
Occluder "03" straddles multiple areas. This is invalid!
Occluder "03" straddles multiple areas. This is invalid!
Occluder "03" straddles multiple areas. This is invalid!
Occluder "03" straddles multiple areas. This is invalid!
Occluder "03" straddles multiple areas. This is invalid!
Occluder "03" straddles multiple areas. This is invalid!
Occluder "03" straddles multiple areas. This is invalid!
Occluder "03" straddles multiple areas. This is invalid!
Occluder "03" straddles multiple areas. This is invalid!
Occluder "03" straddles multiple areas. This is invalid!
Occluder "03" straddles multiple areas. This is invalid!
Occluder "03" straddles multiple areas. This is invalid!
Occluder "03" straddles multiple areas. This is invalid!
Occluder "03" straddles multiple areas. This is invalid!
Occluder "03" straddles multiple areas. This is invalid!
Occluder "03" straddles multiple areas. This is invalid!
Occluder "03" straddles multiple areas. This is invalid!
Occluder "03" straddles multiple areas. This is invalid!
Occluder "03" straddles multiple areas. This is invalid!
Occluder "03" straddles multiple areas. This is invalid!
Occluder "03" straddles multiple areas. This is invalid!
Occluder "03" straddles multiple areas. This is invalid!
Occluder "03" straddles multiple areas. This is invalid!
Occluder "03" straddles multiple areas. This is invalid!
Occluder "03" straddles multiple areas. This is invalid!
Occluder "03" straddles multiple areas. This is invalid!
Occluder "03" straddles multiple areas. This is invalid!
Occluder "03" straddles multiple areas. This is invalid!
Occluder "03" straddles multiple areas. This is invalid!
Occluder "03" straddles multiple areas. This is invalid!
Occluder "03" straddles multiple areas. This is invalid!
Occluder "03" straddles multiple areas. This is invalid!
Occluder "03" straddles multiple areas. This is invalid!
Occluder "03" straddles multiple areas. This is invalid!
Occluder "03" straddles multiple areas. This is invalid!
Occluder "03" straddles multiple areas. This is invalid!
Occluder "03" straddles multiple areas. This is invalid!
Occluder "03" straddles multiple areas. This is invalid!
Occluder "03" straddles multiple areas. This is invalid!
Occluder "03" straddles multiple areas. This is invalid!
Occluder "03" straddles multiple areas. This is invalid!
Occluder "03" straddles multiple areas. This is invalid!
Occluder "03" straddles multiple areas. This is invalid!
Occluder "03" straddles multiple areas. This is invalid!
Occluder "03" straddles multiple areas. This is invalid!
Occluder "03" straddles multiple areas. This is invalid!
Occluder "03" straddles multiple areas. This is invalid!
Occluder "03" straddles multiple areas. This is invalid!
Occluder "03" straddles multiple areas. This is invalid!
Occluder "03" straddles multiple areas. This is invalid!
Occluder "03" straddles multiple areas. This is invalid!
Occluder "03" straddles multiple areas. This is invalid!
Occluder "03" straddles multiple areas. This is invalid!
Occluder "03" straddles multiple areas. This is invalid!
Occluder "03" straddles multiple areas. This is invalid!
Occluder "03" straddles multiple areas. This is invalid!
Occluder "03" straddles multiple areas. This is invalid!
Occluder "03" straddles multiple areas. This is invalid!
Occluder "03" straddles multiple areas. This is invalid!
Occluder "03" straddles multiple areas. This is invalid!
Occluder "03" straddles multiple areas. This is invalid!
Chop Details...done (0)
Find Visible Detail Sides...
Merged 2000 detail faces...done (1)
Merging details...done (0)
FixTjuncs...
PruneNodes...
WriteBSP...
done (1)
writing c:\users\rtaab\documents\hammer\reverse_dead_air\r_c11m4_terminal.prt...Building visibility clusters...
done (0)
Finding displacement neighbors...
Finding lightmap sample positions...
Displacement Alpha : 0...1...2...3...4...5...6...7...8...9...10
Building Physics collision data...
done (1) (2068543 bytes)
Cannot build Physics2 data
                                                             -----------
DataLinker total stream size                                     0.0 KiB
Error! To use model "models/props_doors/checkpoint_door_01.mdl"
      with prop_static, it must be compiled with $staticprop!
Error loading studio model "models/props_doors/checkpoint_door_01.mdl"!
Placing detail props : 0...1...2...3...4...5...6...7...8...9...10
Compacting texture/material tables...
Reduced 10885 texinfos to 8012
Reduced 542 texdatas to 492 (22509 bytes to 20822)
Writing c:\users\rtaab\documents\hammer\reverse_dead_air\r_c11m4_terminal.bsp
13 seconds elapsed



8 threads
reading c:\users\rtaab\documents\hammer\reverse_dead_air\r_c11m4_terminal.bsp
max farz in all env_fog_controller entities: 10000.000000 (used for radial vis)
reading c:\users\rtaab\documents\hammer\reverse_dead_air\r_c11m4_terminal.prt
1305 portalclusters
2707 numportals
0...1...2...3...4...5...6...7...8...9...10Optimized: 34367 visible clusters (0.00%)
Total clusters visible: 592328
Average clusters visible: 453
Building PAS...
Average clusters audible: 1073
visdatasize:349377  compressed from 438480
writing c:\users\rtaab\documents\hammer\reverse_dead_air\r_c11m4_terminal.bsp
2 seconds elapsed



Using shader api: shaderapiempty.dll
materialPath: D:\programfile\steam\steamapps\common\left 4 dead 2\left4dead2\materials
Loading c:\users\rtaab\documents\hammer\reverse_dead_air\r_c11m4_terminal.vmf
fixing up env_cubemap materials on brush sides...
0...1...2...3...4...5...6...7...8...9...100...1...2...3...4...5...6...7...8...9...10Processing areas...done (0)
Building Faces...done (0)
Occluder "01" straddles multiple areas. This is invalid!
Occluder "01" straddles multiple areas. This is invalid!
Occluder "02" straddles multiple areas. This is invalid!
Occluder "02" straddles multiple areas. This is invalid!
Occluder "02" straddles multiple areas. This is invalid!
Occluder "03" straddles multiple areas. This is invalid!
Occluder "03" straddles multiple areas. This is invalid!
Occluder "03" straddles multiple areas. This is invalid!
Occluder "03" straddles multiple areas. This is invalid!
Occluder "03" straddles multiple areas. This is invalid!
Occluder "03" straddles multiple areas. This is invalid!
Occluder "03" straddles multiple areas. This is invalid!
Occluder "03" straddles multiple areas. This is invalid!
Occluder "03" straddles multiple areas. This is invalid!
Occluder "03" straddles multiple areas. This is invalid!
Occluder "03" straddles multiple areas. This is invalid!
Occluder "03" straddles multiple areas. This is invalid!
Occluder "03" straddles multiple areas. This is invalid!
Occluder "03" straddles multiple areas. This is invalid!
Occluder "03" straddles multiple areas. This is invalid!
Occluder "04" straddles multiple areas. This is invalid!
Occluder "04" straddles multiple areas. This is invalid!
Occluder "04" straddles multiple areas. This is invalid!
Occluder "04" straddles multiple areas. This is invalid!
Occluder "04" straddles multiple areas. This is invalid!
Occluder "04" straddles multiple areas. This is invalid!
Occluder "04" straddles multiple areas. This is invalid!
Occluder "04" straddles multiple areas. This is invalid!
Occluder "04" straddles multiple areas. This is invalid!
Occluder "04" straddles multiple areas. This is invalid!
Occluder "04" straddles multiple areas. This is invalid!
Occluder "04" straddles multiple areas. This is invalid!
Occluder "04" straddles multiple areas. This is invalid!
Occluder "04" straddles multiple areas. This is invalid!
Occluder "04" straddles multiple areas. This is invalid!
Occluder "04" straddles multiple areas. This is invalid!
Occluder "04" straddles multiple areas. This is invalid!
Occluder "04" straddles multiple areas. This is invalid!
Occluder "03" straddles multiple areas. This is invalid!
Occluder "03" straddles multiple areas. This is invalid!
Occluder "03" straddles multiple areas. This is invalid!
Occluder "03" straddles multiple areas. This is invalid!
Occluder "03" straddles multiple areas. This is invalid!
Occluder "03" straddles multiple areas. This is invalid!
Occluder "03" straddles multiple areas. This is invalid!
Occluder "03" straddles multiple areas. This is invalid!
Occluder "03" straddles multiple areas. This is invalid!
Occluder "03" straddles multiple areas. This is invalid!
Occluder "03" straddles multiple areas. This is invalid!
Occluder "03" straddles multiple areas. This is invalid!
Occluder "03" straddles multiple areas. This is invalid!
Occluder "03" straddles multiple areas. This is invalid!
Occluder "03" straddles multiple areas. This is invalid!
Occluder "03" straddles multiple areas. This is invalid!
Occluder "03" straddles multiple areas. This is invalid!
Occluder "03" straddles multiple areas. This is invalid!
Occluder "03" straddles multiple areas. This is invalid!
Occluder "03" straddles multiple areas. This is invalid!
Occluder "03" straddles multiple areas. This is invalid!
Occluder "03" straddles multiple areas. This is invalid!
Occluder "03" straddles multiple areas. This is invalid!
Occluder "03" straddles multiple areas. This is invalid!
Occluder "03" straddles multiple areas. This is invalid!
Occluder "03" straddles multiple areas. This is invalid!
Occluder "03" straddles multiple areas. This is invalid!
Occluder "03" straddles multiple areas. This is invalid!
Occluder "03" straddles multiple areas. This is invalid!
Occluder "03" straddles multiple areas. This is invalid!
Occluder "03" straddles multiple areas. This is invalid!
Occluder "03" straddles multiple areas. This is invalid!
Occluder "03" straddles multiple areas. This is invalid!
Occluder "03" straddles multiple areas. This is invalid!
Occluder "03" straddles multiple areas. This is invalid!
Occluder "03" straddles multiple areas. This is invalid!
Occluder "03" straddles multiple areas. This is invalid!
Occluder "03" straddles multiple areas. This is invalid!
Occluder "03" straddles multiple areas. This is invalid!
Occluder "03" straddles multiple areas. This is invalid!
Occluder "03" straddles multiple areas. This is invalid!
Occluder "03" straddles multiple areas. This is invalid!
Occluder "03" straddles multiple areas. This is invalid!
Occluder "03" straddles multiple areas. This is invalid!
Occluder "03" straddles multiple areas. This is invalid!
Occluder "03" straddles multiple areas. This is invalid!
Occluder "03" straddles multiple areas. This is invalid!
Occluder "03" straddles multiple areas. This is invalid!
Occluder "03" straddles multiple areas. This is invalid!
Occluder "03" straddles multiple areas. This is invalid!
Occluder "03" straddles multiple areas. This is invalid!
Occluder "03" straddles multiple areas. This is invalid!
Occluder "03" straddles multiple areas. This is invalid!
Occluder "03" straddles multiple areas. This is invalid!
Occluder "03" straddles multiple areas. This is invalid!
Occluder "03" straddles multiple areas. This is invalid!
Occluder "03" straddles multiple areas. This is invalid!
Occluder "03" straddles multiple areas. This is invalid!
Occluder "03" straddles multiple areas. This is invalid!
Occluder "03" straddles multiple areas. This is invalid!
Occluder "03" straddles multiple areas. This is invalid!
Occluder "03" straddles multiple areas. This is invalid!
Occluder "03" straddles multiple areas. This is invalid!
Occluder "03" straddles multiple areas. This is invalid!
Occluder "03" straddles multiple areas. This is invalid!
Occluder "03" straddles multiple areas. This is invalid!
Occluder "03" straddles multiple areas. This is invalid!
Occluder "03" straddles multiple areas. This is invalid!
Occluder "03" straddles multiple areas. This is invalid!
Occluder "03" straddles multiple areas. This is invalid!
Occluder "03" straddles multiple areas. This is invalid!
Occluder "03" straddles multiple areas. This is invalid!
Occluder "03" straddles multiple areas. This is invalid!
Occluder "03" straddles multiple areas. This is invalid!
Occluder "03" straddles multiple areas. This is invalid!
Occluder "03" straddles multiple areas. This is invalid!
Occluder "03" straddles multiple areas. This is invalid!
Occluder "03" straddles multiple areas. This is invalid!
Chop Details...done (0)
Find Visible Detail Sides...
Merged 2000 detail faces...done (1)
Merging details...done (0)
FixTjuncs...
PruneNodes...
WriteBSP...
done (1)
writing c:\users\rtaab\documents\hammer\reverse_dead_air\r_c11m4_terminal.prt...Building visibility clusters...
done (0)
Finding displacement neighbors...
Finding lightmap sample positions...
Displacement Alpha : 0...1...2...3...4...5...6...7...8...9...10
Building Physics collision data...
done (2) (2068543 bytes)
Cannot build Physics2 data
                                                             -----------
DataLinker total stream size                                     0.0 KiB
Error! To use model "models/props_doors/checkpoint_door_01.mdl"
      with prop_static, it must be compiled with $staticprop!
Error loading studio model "models/props_doors/checkpoint_door_01.mdl"!
Placing detail props : 0...1...2...3...4...5...6...7...8...9...10
Compacting texture/material tables...
Reduced 10885 texinfos to 8012
Reduced 542 texdatas to 492 (22509 bytes to 20822)
Writing c:\users\rtaab\documents\hammer\reverse_dead_air\r_c11m4_terminal.bsp
13 seconds elapsed



8 threads
reading c:\users\rtaab\documents\hammer\reverse_dead_air\r_c11m4_terminal.bsp
max farz in all env_fog_controller entities: 10000.000000 (used for radial vis)
reading c:\users\rtaab\documents\hammer\reverse_dead_air\r_c11m4_terminal.prt
1305 portalclusters
2707 numportals
0...1...2...3...4...5...6...7...8...9...10Optimized: 34367 visible clusters (0.00%)
Total clusters visible: 592328
Average clusters visible: 453
Building PAS...
Average clusters audible: 1073
visdatasize:349377  compressed from 438480
writing c:\users\rtaab\documents\hammer\reverse_dead_air\r_c11m4_terminal.bsp
2 seconds elapsed



Using shader api: shaderapiempty.dll
materialPath: D:\programfile\steam\steamapps\common\left 4 dead 2\left4dead2\materials
Loading c:\users\rtaab\documents\hammer\reverse_dead_air\r_c11m4_terminal.vmf
fixing up env_cubemap materials on brush sides...
0...1...2...3...4...5...6...7...8...9...100...1...2...3...4...5...6...7...8...9...10Processing areas...done (0)
Building Faces...done (0)
Occluder "01" straddles multiple areas. This is invalid!
Occluder "01" straddles multiple areas. This is invalid!
Occluder "02" straddles multiple areas. This is invalid!
Occluder "02" straddles multiple areas. This is invalid!
Occluder "02" straddles multiple areas. This is invalid!
Occluder "03" straddles multiple areas. This is invalid!
Occluder "03" straddles multiple areas. This is invalid!
Occluder "03" straddles multiple areas. This is invalid!
Occluder "03" straddles multiple areas. This is invalid!
Occluder "03" straddles multiple areas. This is invalid!
Occluder "03" straddles multiple areas. This is invalid!
Occluder "03" straddles multiple areas. This is invalid!
Occluder "03" straddles multiple areas. This is invalid!
Occluder "03" straddles multiple areas. This is invalid!
Occluder "03" straddles multiple areas. This is invalid!
Occluder "03" straddles multiple areas. This is invalid!
Occluder "03" straddles multiple areas. This is invalid!
Occluder "03" straddles multiple areas. This is invalid!
Occluder "03" straddles multiple areas. This is invalid!
Occluder "03" straddles multiple areas. This is invalid!
Occluder "04" straddles multiple areas. This is invalid!
Occluder "04" straddles multiple areas. This is invalid!
Occluder "04" straddles multiple areas. This is invalid!
Occluder "04" straddles multiple areas. This is invalid!
Occluder "04" straddles multiple areas. This is invalid!
Occluder "04" straddles multiple areas. This is invalid!
Occluder "04" straddles multiple areas. This is invalid!
Occluder "04" straddles multiple areas. This is invalid!
Occluder "04" straddles multiple areas. This is invalid!
Occluder "04" straddles multiple areas. This is invalid!
Occluder "04" straddles multiple areas. This is invalid!
Occluder "04" straddles multiple areas. This is invalid!
Occluder "04" straddles multiple areas. This is invalid!
Occluder "04" straddles multiple areas. This is invalid!
Occluder "04" straddles multiple areas. This is invalid!
Occluder "04" straddles multiple areas. This is invalid!
Occluder "04" straddles multiple areas. This is invalid!
Occluder "04" straddles multiple areas. This is invalid!
Occluder "03" straddles multiple areas. This is invalid!
Occluder "03" straddles multiple areas. This is invalid!
Occluder "03" straddles multiple areas. This is invalid!
Occluder "03" straddles multiple areas. This is invalid!
Occluder "03" straddles multiple areas. This is invalid!
Occluder "03" straddles multiple areas. This is invalid!
Occluder "03" straddles multiple areas. This is invalid!
Occluder "03" straddles multiple areas. This is invalid!
Occluder "03" straddles multiple areas. This is invalid!
Occluder "03" straddles multiple areas. This is invalid!
Occluder "03" straddles multiple areas. This is invalid!
Occluder "03" straddles multiple areas. This is invalid!
Occluder "03" straddles multiple areas. This is invalid!
Occluder "03" straddles multiple areas. This is invalid!
Occluder "03" straddles multiple areas. This is invalid!
Occluder "03" straddles multiple areas. This is invalid!
Occluder "03" straddles multiple areas. This is invalid!
Occluder "03" straddles multiple areas. This is invalid!
Occluder "03" straddles multiple areas. This is invalid!
Occluder "03" straddles multiple areas. This is invalid!
Occluder "03" straddles multiple areas. This is invalid!
Occluder "03" straddles multiple areas. This is invalid!
Occluder "03" straddles multiple areas. This is invalid!
Occluder "03" straddles multiple areas. This is invalid!
Occluder "03" straddles multiple areas. This is invalid!
Occluder "03" straddles multiple areas. This is invalid!
Occluder "03" straddles multiple areas. This is invalid!
Occluder "03" straddles multiple areas. This is invalid!
Occluder "03" straddles multiple areas. This is invalid!
Occluder "03" straddles multiple areas. This is invalid!
Occluder "03" straddles multiple areas. This is invalid!
Occluder "03" straddles multiple areas. This is invalid!
Occluder "03" straddles multiple areas. This is invalid!
Occluder "03" straddles multiple areas. This is invalid!
Occluder "03" straddles multiple areas. This is invalid!
Occluder "03" straddles multiple areas. This is invalid!
Occluder "03" straddles multiple areas. This is invalid!
Occluder "03" straddles multiple areas. This is invalid!
Occluder "03" straddles multiple areas. This is invalid!
Occluder "03" straddles multiple areas. This is invalid!
Occluder "03" straddles multiple areas. This is invalid!
Occluder "03" straddles multiple areas. This is invalid!
Occluder "03" straddles multiple areas. This is invalid!
Occluder "03" straddles multiple areas. This is invalid!
Occluder "03" straddles multiple areas. This is invalid!
Occluder "03" straddles multiple areas. This is invalid!
Occluder "03" straddles multiple areas. This is invalid!
Occluder "03" straddles multiple areas. This is invalid!
Occluder "03" straddles multiple areas. This is invalid!
Occluder "03" straddles multiple areas. This is invalid!
Occluder "03" straddles multiple areas. This is invalid!
Occluder "03" straddles multiple areas. This is invalid!
Occluder "03" straddles multiple areas. This is invalid!
Occluder "03" straddles multiple areas. This is invalid!
Occluder "03" straddles multiple areas. This is invalid!
Occluder "03" straddles multiple areas. This is invalid!
Occluder "03" straddles multiple areas. This is invalid!
Occluder "03" straddles multiple areas. This is invalid!
Occluder "03" straddles multiple areas. This is invalid!
Occluder "03" straddles multiple areas. This is invalid!
Occluder "03" straddles multiple areas. This is invalid!
Occluder "03" straddles multiple areas. This is invalid!
Occluder "03" straddles multiple areas. This is invalid!
Occluder "03" straddles multiple areas. This is invalid!
Occluder "03" straddles multiple areas. This is invalid!
Occluder "03" straddles multiple areas. This is invalid!
Occluder "03" straddles multiple areas. This is invalid!
Occluder "03" straddles multiple areas. This is invalid!
Occluder "03" straddles multiple areas. This is invalid!
Occluder "03" straddles multiple areas. This is invalid!
Occluder "03" straddles multiple areas. This is invalid!
Occluder "03" straddles multiple areas. This is invalid!
Occluder "03" straddles multiple areas. This is invalid!
Occluder "03" straddles multiple areas. This is invalid!
Occluder "03" straddles multiple areas. This is invalid!
Occluder "03" straddles multiple areas. This is invalid!
Occluder "03" straddles multiple areas. This is invalid!
Occluder "03" straddles multiple areas. This is invalid!
Chop Details...done (0)
Find Visible Detail Sides...
Merged 2000 detail faces...done (1)
Merging details...done (0)
FixTjuncs...
PruneNodes...
WriteBSP...
done (1)
writing c:\users\rtaab\documents\hammer\reverse_dead_air\r_c11m4_terminal.prt...Building visibility clusters...
done (0)
Finding displacement neighbors...
Finding lightmap sample positions...
Displacement Alpha : 0...1...2...3...4...5...6...7...8...9...10
Building Physics collision data...
done (1) (2068543 bytes)
Cannot build Physics2 data
                                                             -----------
DataLinker total stream size                                     0.0 KiB
Error! To use model "models/props_doors/checkpoint_door_01.mdl"
      with prop_static, it must be compiled with $staticprop!
Error loading studio model "models/props_doors/checkpoint_door_01.mdl"!
Placing detail props : 0...1...2...3...4...5...6...7...8...9...10
Compacting texture/material tables...
Reduced 10885 texinfos to 8012
Reduced 542 texdatas to 492 (22509 bytes to 20822)
Writing c:\users\rtaab\documents\hammer\reverse_dead_air\r_c11m4_terminal.bsp
13 seconds elapsed



8 threads
reading c:\users\rtaab\documents\hammer\reverse_dead_air\r_c11m4_terminal.bsp
max farz in all env_fog_controller entities: 10000.000000 (used for radial vis)
reading c:\users\rtaab\documents\hammer\reverse_dead_air\r_c11m4_terminal.prt
1305 portalclusters
2707 numportals
0...1...2...3...4...5...6...7...8...9...10Optimized: 34367 visible clusters (0.00%)
Total clusters visible: 592328
Average clusters visible: 453
Building PAS...
Average clusters audible: 1073
visdatasize:349377  compressed from 438480
writing c:\users\rtaab\documents\hammer\reverse_dead_air\r_c11m4_terminal.bsp
2 seconds elapsed



Using shader api: shaderapiempty.dll
materialPath: D:\programfile\steam\steamapps\common\left 4 dead 2\left4dead2\materials
Loading c:\users\rtaab\documents\hammer\reverse_dead_air\r_c11m4_terminal.vmf
fixing up env_cubemap materials on brush sides...
0...1...2...3...4...5...6...7...8...9...100...1...2...3...4...5...6...7...8...9...10Processing areas...done (0)
Building Faces...done (0)
Occluder "01" straddles multiple areas. This is invalid!
Occluder "01" straddles multiple areas. This is invalid!
Occluder "02" straddles multiple areas. This is invalid!
Occluder "02" straddles multiple areas. This is invalid!
Occluder "02" straddles multiple areas. This is invalid!
Occluder "03" straddles multiple areas. This is invalid!
Occluder "03" straddles multiple areas. This is invalid!
Occluder "03" straddles multiple areas. This is invalid!
Occluder "03" straddles multiple areas. This is invalid!
Occluder "03" straddles multiple areas. This is invalid!
Occluder "03" straddles multiple areas. This is invalid!
Occluder "03" straddles multiple areas. This is invalid!
Occluder "03" straddles multiple areas. This is invalid!
Occluder "03" straddles multiple areas. This is invalid!
Occluder "03" straddles multiple areas. This is invalid!
Occluder "03" straddles multiple areas. This is invalid!
Occluder "03" straddles multiple areas. This is invalid!
Occluder "03" straddles multiple areas. This is invalid!
Occluder "03" straddles multiple areas. This is invalid!
Occluder "03" straddles multiple areas. This is invalid!
Occluder "04" straddles multiple areas. This is invalid!
Occluder "04" straddles multiple areas. This is invalid!
Occluder "04" straddles multiple areas. This is invalid!
Occluder "04" straddles multiple areas. This is invalid!
Occluder "04" straddles multiple areas. This is invalid!
Occluder "04" straddles multiple areas. This is invalid!
Occluder "04" straddles multiple areas. This is invalid!
Occluder "04" straddles multiple areas. This is invalid!
Occluder "04" straddles multiple areas. This is invalid!
Occluder "04" straddles multiple areas. This is invalid!
Occluder "04" straddles multiple areas. This is invalid!
Occluder "04" straddles multiple areas. This is invalid!
Occluder "04" straddles multiple areas. This is invalid!
Occluder "04" straddles multiple areas. This is invalid!
Occluder "04" straddles multiple areas. This is invalid!
Occluder "04" straddles multiple areas. This is invalid!
Occluder "04" straddles multiple areas. This is invalid!
Occluder "04" straddles multiple areas. This is invalid!
Occluder "03" straddles multiple areas. This is invalid!
Occluder "03" straddles multiple areas. This is invalid!
Occluder "03" straddles multiple areas. This is invalid!
Occluder "03" straddles multiple areas. This is invalid!
Occluder "03" straddles multiple areas. This is invalid!
Occluder "03" straddles multiple areas. This is invalid!
Occluder "03" straddles multiple areas. This is invalid!
Occluder "03" straddles multiple areas. This is invalid!
Occluder "03" straddles multiple areas. This is invalid!
Occluder "03" straddles multiple areas. This is invalid!
Occluder "03" straddles multiple areas. This is invalid!
Occluder "03" straddles multiple areas. This is invalid!
Occluder "03" straddles multiple areas. This is invalid!
Occluder "03" straddles multiple areas. This is invalid!
Occluder "03" straddles multiple areas. This is invalid!
Occluder "03" straddles multiple areas. This is invalid!
Occluder "03" straddles multiple areas. This is invalid!
Occluder "03" straddles multiple areas. This is invalid!
Occluder "03" straddles multiple areas. This is invalid!
Occluder "03" straddles multiple areas. This is invalid!
Occluder "03" straddles multiple areas. This is invalid!
Occluder "03" straddles multiple areas. This is invalid!
Occluder "03" straddles multiple areas. This is invalid!
Occluder "03" straddles multiple areas. This is invalid!
Occluder "03" straddles multiple areas. This is invalid!
Occluder "03" straddles multiple areas. This is invalid!
Occluder "03" straddles multiple areas. This is invalid!
Occluder "03" straddles multiple areas. This is invalid!
Occluder "03" straddles multiple areas. This is invalid!
Occluder "03" straddles multiple areas. This is invalid!
Occluder "03" straddles multiple areas. This is invalid!
Occluder "03" straddles multiple areas. This is invalid!
Occluder "03" straddles multiple areas. This is invalid!
Occluder "03" straddles multiple areas. This is invalid!
Occluder "03" straddles multiple areas. This is invalid!
Occluder "03" straddles multiple areas. This is invalid!
Occluder "03" straddles multiple areas. This is invalid!
Occluder "03" straddles multiple areas. This is invalid!
Occluder "03" straddles multiple areas. This is invalid!
Occluder "03" straddles multiple areas. This is invalid!
Occluder "03" straddles multiple areas. This is invalid!
Occluder "03" straddles multiple areas. This is invalid!
Occluder "03" straddles multiple areas. This is invalid!
Occluder "03" straddles multiple areas. This is invalid!
Occluder "03" straddles multiple areas. This is invalid!
Occluder "03" straddles multiple areas. This is invalid!
Occluder "03" straddles multiple areas. This is invalid!
Occluder "03" straddles multiple areas. This is invalid!
Occluder "03" straddles multiple areas. This is invalid!
Occluder "03" straddles multiple areas. This is invalid!
Occluder "03" straddles multiple areas. This is invalid!
Occluder "03" straddles multiple areas. This is invalid!
Occluder "03" straddles multiple areas. This is invalid!
Occluder "03" straddles multiple areas. This is invalid!
Occluder "03" straddles multiple areas. This is invalid!
Occluder "03" straddles multiple areas. This is invalid!
Occluder "03" straddles multiple areas. This is invalid!
Occluder "03" straddles multiple areas. This is invalid!
Occluder "03" straddles multiple areas. This is invalid!
Occluder "03" straddles multiple areas. This is invalid!
Occluder "03" straddles multiple areas. This is invalid!
Occluder "03" straddles multiple areas. This is invalid!
Occluder "03" straddles multiple areas. This is invalid!
Occluder "03" straddles multiple areas. This is invalid!
Occluder "03" straddles multiple areas. This is invalid!
Occluder "03" straddles multiple areas. This is invalid!
Occluder "03" straddles multiple areas. This is invalid!
Occluder "03" straddles multiple areas. This is invalid!
Occluder "03" straddles multiple areas. This is invalid!
Occluder "03" straddles multiple areas. This is invalid!
Occluder "03" straddles multiple areas. This is invalid!
Occluder "03" straddles multiple areas. This is invalid!
Occluder "03" straddles multiple areas. This is invalid!
Occluder "03" straddles multiple areas. This is invalid!
Occluder "03" straddles multiple areas. This is invalid!
Occluder "03" straddles multiple areas. This is invalid!
Occluder "03" straddles multiple areas. This is invalid!
Occluder "03" straddles multiple areas. This is invalid!
Chop Details...done (0)
Find Visible Detail Sides...
Merged 2000 detail faces...done (1)
Merging details...done (0)
FixTjuncs...
PruneNodes...
WriteBSP...
done (1)
writing c:\users\rtaab\documents\hammer\reverse_dead_air\r_c11m4_terminal.prt...Building visibility clusters...
done (0)
Finding displacement neighbors...
Finding lightmap sample positions...
Displacement Alpha : 0...1...2...3...4...5...6...7...8...9...10
Building Physics collision data...
done (1) (2068543 bytes)
Cannot build Physics2 data
                                                             -----------
DataLinker total stream size                                     0.0 KiB
Placing detail props : 0...1...2...3...4...5...6...7...8...9...10
Compacting texture/material tables...
Reduced 10885 texinfos to 8012
Reduced 542 texdatas to 492 (22509 bytes to 20822)
Writing c:\users\rtaab\documents\hammer\reverse_dead_air\r_c11m4_terminal.bsp
13 seconds elapsed



8 threads
reading c:\users\rtaab\documents\hammer\reverse_dead_air\r_c11m4_terminal.bsp
max farz in all env_fog_controller entities: 10000.000000 (used for radial vis)
reading c:\users\rtaab\documents\hammer\reverse_dead_air\r_c11m4_terminal.prt
1305 portalclusters
2707 numportals
0...1...2...3...4...5...6...7...8...9...10Optimized: 34367 visible clusters (0.00%)
Total clusters visible: 592328
Average clusters visible: 453
Building PAS...
Average clusters audible: 1073
visdatasize:349377  compressed from 438480
writing c:\users\rtaab\documents\hammer\reverse_dead_air\r_c11m4_terminal.bsp
2 seconds elapsed



Using shader api: shaderapiempty.dll
materialPath: D:\programfile\steam\steamapps\common\left 4 dead 2\left4dead2\materials
Loading c:\users\rtaab\documents\hammer\reverse_dead_air\r_c11m4_terminal.vmf
fixing up env_cubemap materials on brush sides...
0...1...2...3...4...5...6...7...8...9...100...1...2...3...4...5...6...7...8...9...10Processing areas...Wrote c:\users\rtaab\documents\hammer\reverse_dead_air\r_c11m4_terminal.lin
Areaportal leak ! File: c:\users\rtaab\documents\hammer\reverse_dead_air\r_c11m4_terminal.lin 
Brush 14781: areaportal brush doesn't touch two areas

Brush 14739: areaportal brush doesn't touch two areas
done (0)
Building Faces...done (0)
Occluder "01" straddles multiple areas. This is invalid!
Occluder "01" straddles multiple areas. This is invalid!
Occluder "02" straddles multiple areas. This is invalid!
Occluder "02" straddles multiple areas. This is invalid!
Occluder "02" straddles multiple areas. This is invalid!
Occluder "03" straddles multiple areas. This is invalid!
Occluder "03" straddles multiple areas. This is invalid!
Occluder "03" straddles multiple areas. This is invalid!
Occluder "03" straddles multiple areas. This is invalid!
Occluder "03" straddles multiple areas. This is invalid!
Occluder "03" straddles multiple areas. This is invalid!
Occluder "03" straddles multiple areas. This is invalid!
Occluder "03" straddles multiple areas. This is invalid!
Occluder "03" straddles multiple areas. This is invalid!
Occluder "03" straddles multiple areas. This is invalid!
Occluder "03" straddles multiple areas. This is invalid!
Occluder "03" straddles multiple areas. This is invalid!
Occluder "03" straddles multiple areas. This is invalid!
Occluder "03" straddles multiple areas. This is invalid!
Occluder "03" straddles multiple areas. This is invalid!
Occluder "03" straddles multiple areas. This is invalid!
Occluder "03" straddles multiple areas. This is invalid!
Occluder "03" straddles multiple areas. This is invalid!
Occluder "03" straddles multiple areas. This is invalid!
Occluder "03" straddles multiple areas. This is invalid!
Occluder "03" straddles multiple areas. This is invalid!
Occluder "03" straddles multiple areas. This is invalid!
Occluder "03" straddles multiple areas. This is invalid!
Occluder "03" straddles multiple areas. This is invalid!
Occluder "03" straddles multiple areas. This is invalid!
Occluder "03" straddles multiple areas. This is invalid!
Occluder "03" straddles multiple areas. This is invalid!
Occluder "03" straddles multiple areas. This is invalid!
Occluder "03" straddles multiple areas. This is invalid!
Occluder "03" straddles multiple areas. This is invalid!
Occluder "03" straddles multiple areas. This is invalid!
Occluder "03" straddles multiple areas. This is invalid!
Occluder "03" straddles multiple areas. This is invalid!
Occluder "03" straddles multiple areas. This is invalid!
Occluder "03" straddles multiple areas. This is invalid!
Occluder "03" straddles multiple areas. This is invalid!
Occluder "03" straddles multiple areas. This is invalid!
Occluder "03" straddles multiple areas. This is invalid!
Occluder "03" straddles multiple areas. This is invalid!
Occluder "03" straddles multiple areas. This is invalid!
Occluder "03" straddles multiple areas. This is invalid!
Occluder "03" straddles multiple areas. This is invalid!
Occluder "03" straddles multiple areas. This is invalid!
Occluder "03" straddles multiple areas. This is invalid!
Occluder "03" straddles multiple areas. This is invalid!
Occluder "03" straddles multiple areas. This is invalid!
Occluder "03" straddles multiple areas. This is invalid!
Occluder "03" straddles multiple areas. This is invalid!
Occluder "03" straddles multiple areas. This is invalid!
Occluder "03" straddles multiple areas. This is invalid!
Occluder "03" straddles multiple areas. This is invalid!
Occluder "03" straddles multiple areas. This is invalid!
Occluder "03" straddles multiple areas. This is invalid!
Occluder "03" straddles multiple areas. This is invalid!
Occluder "03" straddles multiple areas. This is invalid!
Occluder "03" straddles multiple areas. This is invalid!
Occluder "03" straddles multiple areas. This is invalid!
Occluder "03" straddles multiple areas. This is invalid!
Occluder "03" straddles multiple areas. This is invalid!
Occluder "03" straddles multiple areas. This is invalid!
Occluder "03" straddles multiple areas. This is invalid!
Occluder "03" straddles multiple areas. This is invalid!
Occluder "03" straddles multiple areas. This is invalid!
Occluder "03" straddles multiple areas. This is invalid!
Occluder "03" straddles multiple areas. This is invalid!
Occluder "03" straddles multiple areas. This is invalid!
Occluder "03" straddles multiple areas. This is invalid!
Occluder "03" straddles multiple areas. This is invalid!
Occluder "03" straddles multiple areas. This is invalid!
Occluder "03" straddles multiple areas. This is invalid!
Occluder "03" straddles multiple areas. This is invalid!
Occluder "03" straddles multiple areas. This is invalid!
Occluder "03" straddles multiple areas. This is invalid!
Occluder "03" straddles multiple areas. This is invalid!
Occluder "03" straddles multiple areas. This is invalid!
Occluder "03" straddles multiple areas. This is invalid!
Occluder "03" straddles multiple areas. This is invalid!
Occluder "03" straddles multiple areas. This is invalid!
Occluder "03" straddles multiple areas. This is invalid!
Occluder "03" straddles multiple areas. This is invalid!
Occluder "03" straddles multiple areas. This is invalid!
Occluder "03" straddles multiple areas. This is invalid!
Occluder "03" straddles multiple areas. This is invalid!
Occluder "03" straddles multiple areas. This is invalid!
Occluder "03" straddles multiple areas. This is invalid!
Occluder "03" straddles multiple areas. This is invalid!
Occluder "03" straddles multiple areas. This is invalid!
Occluder "03" straddles multiple areas. This is invalid!
Occluder "03" straddles multiple areas. This is invalid!
Occluder "03" straddles multiple areas. This is invalid!
Occluder "03" straddles multiple areas. This is invalid!
Occluder "03" straddles multiple areas. This is invalid!
Occluder "03" straddles multiple areas. This is invalid!
Chop Details...done (0)
Find Visible Detail Sides...
Merged 2000 detail faces...done (1)
Merging details...done (0)
FixTjuncs...
PruneNodes...
WriteBSP...
done (1)
writing c:\users\rtaab\documents\hammer\reverse_dead_air\r_c11m4_terminal.prt...Building visibility clusters...
done (0)
Finding displacement neighbors...
Finding lightmap sample positions...
Displacement Alpha : 0...1...2...3...4...5...6...7...8...9...10
Building Physics collision data...
done (2) (2068546 bytes)
Cannot build Physics2 data
                                                             -----------
DataLinker total stream size                                     0.0 KiB
Placing detail props : 0...1...2...3...4...5...6...7...8...9...10
Compacting texture/material tables...
Reduced 10884 texinfos to 8014
Reduced 542 texdatas to 492 (22509 bytes to 20822)
Writing c:\users\rtaab\documents\hammer\reverse_dead_air\r_c11m4_terminal.bsp
13 seconds elapsed



8 threads
reading c:\users\rtaab\documents\hammer\reverse_dead_air\r_c11m4_terminal.bsp
max farz in all env_fog_controller entities: 10000.000000 (used for radial vis)
reading c:\users\rtaab\documents\hammer\reverse_dead_air\r_c11m4_terminal.prt
1296 portalclusters
2686 numportals
0...1...2...3...4...5...6...7...8...9...10Optimized: 33984 visible clusters (0.00%)
Total clusters visible: 585740
Average clusters visible: 451
Building PAS...
Average clusters audible: 1066
visdatasize:342182  compressed from 435456
writing c:\users\rtaab\documents\hammer\reverse_dead_air\r_c11m4_terminal.bsp
2 seconds elapsed



Using shader api: shaderapiempty.dll
materialPath: D:\programfile\steam\steamapps\common\left 4 dead 2\left4dead2\materials
Loading c:\users\rtaab\documents\hammer\reverse_dead_air\r_c11m4_terminal.vmf
fixing up env_cubemap materials on brush sides...
0...1...2...3...4...5...6...7...8...9...100...1...2...3...4...5...6...7...8...9...10Processing areas...Wrote c:\users\rtaab\documents\hammer\reverse_dead_air\r_c11m4_terminal.lin
Areaportal leak ! File: c:\users\rtaab\documents\hammer\reverse_dead_air\r_c11m4_terminal.lin 
Brush 14781: areaportal brush doesn't touch two areas

Brush 14739: areaportal brush doesn't touch two areas
done (0)
Building Faces...done (0)
Occluder "01" straddles multiple areas. This is invalid!
Occluder "01" straddles multiple areas. This is invalid!
Occluder "02" straddles multiple areas. This is invalid!
Occluder "02" straddles multiple areas. This is invalid!
Occluder "02" straddles multiple areas. This is invalid!
Occluder "03" straddles multiple areas. This is invalid!
Occluder "03" straddles multiple areas. This is invalid!
Occluder "03" straddles multiple areas. This is invalid!
Occluder "03" straddles multiple areas. This is invalid!
Occluder "03" straddles multiple areas. This is invalid!
Occluder "03" straddles multiple areas. This is invalid!
Occluder "03" straddles multiple areas. This is invalid!
Occluder "03" straddles multiple areas. This is invalid!
Occluder "03" straddles multiple areas. This is invalid!
Occluder "03" straddles multiple areas. This is invalid!
Occluder "03" straddles multiple areas. This is invalid!
Occluder "03" straddles multiple areas. This is invalid!
Occluder "03" straddles multiple areas. This is invalid!
Occluder "03" straddles multiple areas. This is invalid!
Occluder "03" straddles multiple areas. This is invalid!
Occluder "03" straddles multiple areas. This is invalid!
Occluder "03" straddles multiple areas. This is invalid!
Occluder "03" straddles multiple areas. This is invalid!
Occluder "03" straddles multiple areas. This is invalid!
Occluder "03" straddles multiple areas. This is invalid!
Occluder "03" straddles multiple areas. This is invalid!
Occluder "03" straddles multiple areas. This is invalid!
Occluder "03" straddles multiple areas. This is invalid!
Occluder "03" straddles multiple areas. This is invalid!
Occluder "03" straddles multiple areas. This is invalid!
Occluder "03" straddles multiple areas. This is invalid!
Occluder "03" straddles multiple areas. This is invalid!
Occluder "03" straddles multiple areas. This is invalid!
Occluder "03" straddles multiple areas. This is invalid!
Occluder "03" straddles multiple areas. This is invalid!
Occluder "03" straddles multiple areas. This is invalid!
Occluder "03" straddles multiple areas. This is invalid!
Occluder "03" straddles multiple areas. This is invalid!
Occluder "03" straddles multiple areas. This is invalid!
Occluder "03" straddles multiple areas. This is invalid!
Occluder "03" straddles multiple areas. This is invalid!
Occluder "03" straddles multiple areas. This is invalid!
Occluder "03" straddles multiple areas. This is invalid!
Occluder "03" straddles multiple areas. This is invalid!
Occluder "03" straddles multiple areas. This is invalid!
Occluder "03" straddles multiple areas. This is invalid!
Occluder "03" straddles multiple areas. This is invalid!
Occluder "03" straddles multiple areas. This is invalid!
Occluder "03" straddles multiple areas. This is invalid!
Occluder "03" straddles multiple areas. This is invalid!
Occluder "03" straddles multiple areas. This is invalid!
Occluder "03" straddles multiple areas. This is invalid!
Occluder "03" straddles multiple areas. This is invalid!
Occluder "03" straddles multiple areas. This is invalid!
Occluder "03" straddles multiple areas. This is invalid!
Occluder "03" straddles multiple areas. This is invalid!
Occluder "03" straddles multiple areas. This is invalid!
Occluder "03" straddles multiple areas. This is invalid!
Occluder "03" straddles multiple areas. This is invalid!
Occluder "03" straddles multiple areas. This is invalid!
Occluder "03" straddles multiple areas. This is invalid!
Occluder "03" straddles multiple areas. This is invalid!
Occluder "03" straddles multiple areas. This is invalid!
Occluder "03" straddles multiple areas. This is invalid!
Occluder "03" straddles multiple areas. This is invalid!
Occluder "03" straddles multiple areas. This is invalid!
Occluder "03" straddles multiple areas. This is invalid!
Occluder "03" straddles multiple areas. This is invalid!
Occluder "03" straddles multiple areas. This is invalid!
Occluder "03" straddles multiple areas. This is invalid!
Occluder "03" straddles multiple areas. This is invalid!
Occluder "03" straddles multiple areas. This is invalid!
Occluder "03" straddles multiple areas. This is invalid!
Occluder "03" straddles multiple areas. This is invalid!
Occluder "03" straddles multiple areas. This is invalid!
Occluder "03" straddles multiple areas. This is invalid!
Occluder "03" straddles multiple areas. This is invalid!
Occluder "03" straddles multiple areas. This is invalid!
Occluder "03" straddles multiple areas. This is invalid!
Occluder "03" straddles multiple areas. This is invalid!
Occluder "03" straddles multiple areas. This is invalid!
Occluder "03" straddles multiple areas. This is invalid!
Occluder "03" straddles multiple areas. This is invalid!
Occluder "03" straddles multiple areas. This is invalid!
Occluder "03" straddles multiple areas. This is invalid!
Occluder "03" straddles multiple areas. This is invalid!
Occluder "03" straddles multiple areas. This is invalid!
Occluder "03" straddles multiple areas. This is invalid!
Occluder "03" straddles multiple areas. This is invalid!
Occluder "03" straddles multiple areas. This is invalid!
Occluder "03" straddles multiple areas. This is invalid!
Occluder "03" straddles multiple areas. This is invalid!
Occluder "03" straddles multiple areas. This is invalid!
Occluder "03" straddles multiple areas. This is invalid!
Occluder "03" straddles multiple areas. This is invalid!
Occluder "03" straddles multiple areas. This is invalid!
Occluder "03" straddles multiple areas. This is invalid!
Occluder "03" straddles multiple areas. This is invalid!
Chop Details...done (0)
Find Visible Detail Sides...
Merged 2000 detail faces...done (0)
Merging details...done (1)
FixTjuncs...
PruneNodes...
WriteBSP...
done (1)
writing c:\users\rtaab\documents\hammer\reverse_dead_air\r_c11m4_terminal.prt...Building visibility clusters...
done (0)
Finding displacement neighbors...
Finding lightmap sample positions...
Displacement Alpha : 0...1...2...3...4...5...6...7...8...9...10
Building Physics collision data...
done (2) (2068546 bytes)
Cannot build Physics2 data
                                                             -----------
DataLinker total stream size                                     0.0 KiB
Placing detail props : 0...1...2...3...4...5...6...7...8...9...10
Compacting texture/material tables...
Reduced 10884 texinfos to 8014
Reduced 542 texdatas to 492 (22509 bytes to 20822)
Writing c:\users\rtaab\documents\hammer\reverse_dead_air\r_c11m4_terminal.bsp
12 seconds elapsed



8 threads
reading c:\users\rtaab\documents\hammer\reverse_dead_air\r_c11m4_terminal.bsp
max farz in all env_fog_controller entities: 10000.000000 (used for radial vis)
reading c:\users\rtaab\documents\hammer\reverse_dead_air\r_c11m4_terminal.prt
1296 portalclusters
2686 numportals
0...1...2...3...4...5...6...7...8...9...10Optimized: 33984 visible clusters (0.00%)
Total clusters visible: 585740
Average clusters visible: 451
Building PAS...
Average clusters audible: 1066
visdatasize:342182  compressed from 435456
writing c:\users\rtaab\documents\hammer\reverse_dead_air\r_c11m4_terminal.bsp
2 seconds elapsed



Using shader api: shaderapiempty.dll
materialPath: D:\programfile\steam\steamapps\common\left 4 dead 2\left4dead2\materials
Loading c:\users\rtaab\documents\hammer\reverse_dead_air\r_c11m4_terminal.vmf
fixing up env_cubemap materials on brush sides...
0...1...2...3...4...5...6...7...8...9...100...1...2...3...4...5...6...7...8...9...10Processing areas...Wrote c:\users\rtaab\documents\hammer\reverse_dead_air\r_c11m4_terminal.lin
Areaportal leak ! File: c:\users\rtaab\documents\hammer\reverse_dead_air\r_c11m4_terminal.lin 
Brush 14781: areaportal brush doesn't touch two areas

Brush 14739: areaportal brush doesn't touch two areas
done (0)
Building Faces...done (0)
Occluder "01" straddles multiple areas. This is invalid!
Occluder "01" straddles multiple areas. This is invalid!
Occluder "02" straddles multiple areas. This is invalid!
Occluder "02" straddles multiple areas. This is invalid!
Occluder "02" straddles multiple areas. This is invalid!
Occluder "03" straddles multiple areas. This is invalid!
Occluder "03" straddles multiple areas. This is invalid!
Occluder "03" straddles multiple areas. This is invalid!
Occluder "03" straddles multiple areas. This is invalid!
Occluder "03" straddles multiple areas. This is invalid!
Occluder "03" straddles multiple areas. This is invalid!
Occluder "03" straddles multiple areas. This is invalid!
Occluder "03" straddles multiple areas. This is invalid!
Occluder "03" straddles multiple areas. This is invalid!
Occluder "03" straddles multiple areas. This is invalid!
Occluder "03" straddles multiple areas. This is invalid!
Occluder "03" straddles multiple areas. This is invalid!
Occluder "03" straddles multiple areas. This is invalid!
Occluder "03" straddles multiple areas. This is invalid!
Occluder "03" straddles multiple areas. This is invalid!
Occluder "03" straddles multiple areas. This is invalid!
Occluder "03" straddles multiple areas. This is invalid!
Occluder "03" straddles multiple areas. This is invalid!
Occluder "03" straddles multiple areas. This is invalid!
Occluder "03" straddles multiple areas. This is invalid!
Occluder "03" straddles multiple areas. This is invalid!
Occluder "03" straddles multiple areas. This is invalid!
Occluder "03" straddles multiple areas. This is invalid!
Occluder "03" straddles multiple areas. This is invalid!
Occluder "03" straddles multiple areas. This is invalid!
Occluder "03" straddles multiple areas. This is invalid!
Occluder "03" straddles multiple areas. This is invalid!
Occluder "03" straddles multiple areas. This is invalid!
Occluder "03" straddles multiple areas. This is invalid!
Occluder "03" straddles multiple areas. This is invalid!
Occluder "03" straddles multiple areas. This is invalid!
Occluder "03" straddles multiple areas. This is invalid!
Occluder "03" straddles multiple areas. This is invalid!
Occluder "03" straddles multiple areas. This is invalid!
Occluder "03" straddles multiple areas. This is invalid!
Occluder "03" straddles multiple areas. This is invalid!
Occluder "03" straddles multiple areas. This is invalid!
Occluder "03" straddles multiple areas. This is invalid!
Occluder "03" straddles multiple areas. This is invalid!
Occluder "03" straddles multiple areas. This is invalid!
Occluder "03" straddles multiple areas. This is invalid!
Occluder "03" straddles multiple areas. This is invalid!
Occluder "03" straddles multiple areas. This is invalid!
Occluder "03" straddles multiple areas. This is invalid!
Occluder "03" straddles multiple areas. This is invalid!
Occluder "03" straddles multiple areas. This is invalid!
Occluder "03" straddles multiple areas. This is invalid!
Occluder "03" straddles multiple areas. This is invalid!
Occluder "03" straddles multiple areas. This is invalid!
Occluder "03" straddles multiple areas. This is invalid!
Occluder "03" straddles multiple areas. This is invalid!
Occluder "03" straddles multiple areas. This is invalid!
Occluder "03" straddles multiple areas. This is invalid!
Occluder "03" straddles multiple areas. This is invalid!
Occluder "03" straddles multiple areas. This is invalid!
Occluder "03" straddles multiple areas. This is invalid!
Occluder "03" straddles multiple areas. This is invalid!
Occluder "03" straddles multiple areas. This is invalid!
Occluder "03" straddles multiple areas. This is invalid!
Occluder "03" straddles multiple areas. This is invalid!
Occluder "03" straddles multiple areas. This is invalid!
Occluder "03" straddles multiple areas. This is invalid!
Occluder "03" straddles multiple areas. This is invalid!
Occluder "03" straddles multiple areas. This is invalid!
Occluder "03" straddles multiple areas. This is invalid!
Occluder "03" straddles multiple areas. This is invalid!
Occluder "03" straddles multiple areas. This is invalid!
Occluder "03" straddles multiple areas. This is invalid!
Occluder "03" straddles multiple areas. This is invalid!
Occluder "03" straddles multiple areas. This is invalid!
Occluder "03" straddles multiple areas. This is invalid!
Occluder "03" straddles multiple areas. This is invalid!
Occluder "03" straddles multiple areas. This is invalid!
Occluder "03" straddles multiple areas. This is invalid!
Occluder "03" straddles multiple areas. This is invalid!
Occluder "03" straddles multiple areas. This is invalid!
Occluder "03" straddles multiple areas. This is invalid!
Occluder "03" straddles multiple areas. This is invalid!
Occluder "03" straddles multiple areas. This is invalid!
Occluder "03" straddles multiple areas. This is invalid!
Occluder "03" straddles multiple areas. This is invalid!
Occluder "03" straddles multiple areas. This is invalid!
Occluder "03" straddles multiple areas. This is invalid!
Occluder "03" straddles multiple areas. This is invalid!
Occluder "03" straddles multiple areas. This is invalid!
Occluder "03" straddles multiple areas. This is invalid!
Occluder "03" straddles multiple areas. This is invalid!
Occluder "03" straddles multiple areas. This is invalid!
Occluder "03" straddles multiple areas. This is invalid!
Occluder "03" straddles multiple areas. This is invalid!
Occluder "03" straddles multiple areas. This is invalid!
Occluder "03" straddles multiple areas. This is invalid!
Occluder "03" straddles multiple areas. This is invalid!
Chop Details...done (0)
Find Visible Detail Sides...
Merged 2000 detail faces...done (1)
Merging details...done (0)
FixTjuncs...
PruneNodes...
WriteBSP...
done (1)
writing c:\users\rtaab\documents\hammer\reverse_dead_air\r_c11m4_terminal.prt...Building visibility clusters...
done (0)
Finding displacement neighbors...
Finding lightmap sample positions...
Displacement Alpha : 0...1...2...3...4...5...6...7...8...9...10
Building Physics collision data...
done (1) (2068546 bytes)
Cannot build Physics2 data
                                                             -----------
DataLinker total stream size                                     0.0 KiB
Placing detail props : 0...1...2...3...4...5...6...7...8...9...10
Compacting texture/material tables...
Reduced 10884 texinfos to 8014
Reduced 542 texdatas to 492 (22509 bytes to 20822)
Writing c:\users\rtaab\documents\hammer\reverse_dead_air\r_c11m4_terminal.bsp
13 seconds elapsed



8 threads
reading c:\users\rtaab\documents\hammer\reverse_dead_air\r_c11m4_terminal.bsp
max farz in all env_fog_controller entities: 10000.000000 (used for radial vis)
reading c:\users\rtaab\documents\hammer\reverse_dead_air\r_c11m4_terminal.prt
1296 portalclusters
2686 numportals
0...1...2...3...4...5...6...7...8...9...10Optimized: 33984 visible clusters (0.00%)
Total clusters visible: 585740
Average clusters visible: 451
Building PAS...
Average clusters audible: 1066
visdatasize:342182  compressed from 435456
writing c:\users\rtaab\documents\hammer\reverse_dead_air\r_c11m4_terminal.bsp
2 seconds elapsed



Using shader api: shaderapiempty.dll
materialPath: D:\programfile\steam\steamapps\common\left 4 dead 2\left4dead2\materials
Loading c:\users\rtaab\documents\hammer\reverse_dead_air\r_c11m4_terminal.vmf
fixing up env_cubemap materials on brush sides...
0...1...2...3...4...5...6...7...8...9...100...1...2...3...4...5...6...7...8...9...10Processing areas...Wrote c:\users\rtaab\documents\hammer\reverse_dead_air\r_c11m4_terminal.lin
Areaportal leak ! File: c:\users\rtaab\documents\hammer\reverse_dead_air\r_c11m4_terminal.lin 
Brush 14781: areaportal brush doesn't touch two areas

Brush 14739: areaportal brush doesn't touch two areas
done (0)
Building Faces...done (0)
Occluder "01" straddles multiple areas. This is invalid!
Occluder "01" straddles multiple areas. This is invalid!
Occluder "02" straddles multiple areas. This is invalid!
Occluder "02" straddles multiple areas. This is invalid!
Occluder "02" straddles multiple areas. This is invalid!
Occluder "03" straddles multiple areas. This is invalid!
Occluder "03" straddles multiple areas. This is invalid!
Occluder "03" straddles multiple areas. This is invalid!
Occluder "03" straddles multiple areas. This is invalid!
Occluder "03" straddles multiple areas. This is invalid!
Occluder "03" straddles multiple areas. This is invalid!
Occluder "03" straddles multiple areas. This is invalid!
Occluder "03" straddles multiple areas. This is invalid!
Occluder "03" straddles multiple areas. This is invalid!
Occluder "03" straddles multiple areas. This is invalid!
Occluder "03" straddles multiple areas. This is invalid!
Occluder "03" straddles multiple areas. This is invalid!
Occluder "03" straddles multiple areas. This is invalid!
Occluder "03" straddles multiple areas. This is invalid!
Occluder "03" straddles multiple areas. This is invalid!
Occluder "03" straddles multiple areas. This is invalid!
Occluder "03" straddles multiple areas. This is invalid!
Occluder "03" straddles multiple areas. This is invalid!
Occluder "03" straddles multiple areas. This is invalid!
Occluder "03" straddles multiple areas. This is invalid!
Occluder "03" straddles multiple areas. This is invalid!
Occluder "03" straddles multiple areas. This is invalid!
Occluder "03" straddles multiple areas. This is invalid!
Occluder "03" straddles multiple areas. This is invalid!
Occluder "03" straddles multiple areas. This is invalid!
Occluder "03" straddles multiple areas. This is invalid!
Occluder "03" straddles multiple areas. This is invalid!
Occluder "03" straddles multiple areas. This is invalid!
Occluder "03" straddles multiple areas. This is invalid!
Occluder "03" straddles multiple areas. This is invalid!
Occluder "03" straddles multiple areas. This is invalid!
Occluder "03" straddles multiple areas. This is invalid!
Occluder "03" straddles multiple areas. This is invalid!
Occluder "03" straddles multiple areas. This is invalid!
Occluder "03" straddles multiple areas. This is invalid!
Occluder "03" straddles multiple areas. This is invalid!
Occluder "03" straddles multiple areas. This is invalid!
Occluder "03" straddles multiple areas. This is invalid!
Occluder "03" straddles multiple areas. This is invalid!
Occluder "03" straddles multiple areas. This is invalid!
Occluder "03" straddles multiple areas. This is invalid!
Occluder "03" straddles multiple areas. This is invalid!
Occluder "03" straddles multiple areas. This is invalid!
Occluder "03" straddles multiple areas. This is invalid!
Occluder "03" straddles multiple areas. This is invalid!
Occluder "03" straddles multiple areas. This is invalid!
Occluder "03" straddles multiple areas. This is invalid!
Occluder "03" straddles multiple areas. This is invalid!
Occluder "03" straddles multiple areas. This is invalid!
Occluder "03" straddles multiple areas. This is invalid!
Occluder "03" straddles multiple areas. This is invalid!
Occluder "03" straddles multiple areas. This is invalid!
Occluder "03" straddles multiple areas. This is invalid!
Occluder "03" straddles multiple areas. This is invalid!
Occluder "03" straddles multiple areas. This is invalid!
Occluder "03" straddles multiple areas. This is invalid!
Occluder "03" straddles multiple areas. This is invalid!
Occluder "03" straddles multiple areas. This is invalid!
Occluder "03" straddles multiple areas. This is invalid!
Occluder "03" straddles multiple areas. This is invalid!
Occluder "03" straddles multiple areas. This is invalid!
Occluder "03" straddles multiple areas. This is invalid!
Occluder "03" straddles multiple areas. This is invalid!
Occluder "03" straddles multiple areas. This is invalid!
Occluder "03" straddles multiple areas. This is invalid!
Occluder "03" straddles multiple areas. This is invalid!
Occluder "03" straddles multiple areas. This is invalid!
Occluder "03" straddles multiple areas. This is invalid!
Occluder "03" straddles multiple areas. This is invalid!
Occluder "03" straddles multiple areas. This is invalid!
Occluder "03" straddles multiple areas. This is invalid!
Occluder "03" straddles multiple areas. This is invalid!
Occluder "03" straddles multiple areas. This is invalid!
Occluder "03" straddles multiple areas. This is invalid!
Occluder "03" straddles multiple areas. This is invalid!
Occluder "03" straddles multiple areas. This is invalid!
Occluder "03" straddles multiple areas. This is invalid!
Occluder "03" straddles multiple areas. This is invalid!
Occluder "03" straddles multiple areas. This is invalid!
Occluder "03" straddles multiple areas. This is invalid!
Occluder "03" straddles multiple areas. This is invalid!
Occluder "03" straddles multiple areas. This is invalid!
Occluder "03" straddles multiple areas. This is invalid!
Occluder "03" straddles multiple areas. This is invalid!
Occluder "03" straddles multiple areas. This is invalid!
Occluder "03" straddles multiple areas. This is invalid!
Occluder "03" straddles multiple areas. This is invalid!
Occluder "03" straddles multiple areas. This is invalid!
Occluder "03" straddles multiple areas. This is invalid!
Occluder "03" straddles multiple areas. This is invalid!
Occluder "03" straddles multiple areas. This is invalid!
Occluder "03" straddles multiple areas. This is invalid!
Occluder "03" straddles multiple areas. This is invalid!
Chop Details...done (0)
Find Visible Detail Sides...
Merged 2000 detail faces...done (1)
Merging details...done (0)
FixTjuncs...
PruneNodes...
WriteBSP...
done (1)
writing c:\users\rtaab\documents\hammer\reverse_dead_air\r_c11m4_terminal.prt...Building visibility clusters...
done (0)
Finding displacement neighbors...
Finding lightmap sample positions...
Displacement Alpha : 0...1...2...3...4...5...6...7...8...9...10
Building Physics collision data...
done (2) (2068546 bytes)
Cannot build Physics2 data
                                                             -----------
DataLinker total stream size                                     0.0 KiB
Placing detail props : 0...1...2...3...4...5...6...7...8...9...10
Compacting texture/material tables...
Reduced 10884 texinfos to 8014
Reduced 542 texdatas to 492 (22509 bytes to 20822)
Writing c:\users\rtaab\documents\hammer\reverse_dead_air\r_c11m4_terminal.bsp
13 seconds elapsed



8 threads
reading c:\users\rtaab\documents\hammer\reverse_dead_air\r_c11m4_terminal.bsp
max farz in all env_fog_controller entities: 10000.000000 (used for radial vis)
reading c:\users\rtaab\documents\hammer\reverse_dead_air\r_c11m4_terminal.prt
1296 portalclusters
2686 numportals
0...1...2...3...4...5...6...7...8...9...10Optimized: 33984 visible clusters (0.00%)
Total clusters visible: 585740
Average clusters visible: 451
Building PAS...
Average clusters audible: 1066
visdatasize:342182  compressed from 435456
writing c:\users\rtaab\documents\hammer\reverse_dead_air\r_c11m4_terminal.bsp
2 seconds elapsed



Using shader api: shaderapiempty.dll
materialPath: D:\programfile\steam\steamapps\common\left 4 dead 2\left4dead2\materials
Loading c:\users\rtaab\documents\hammer\reverse_dead_air\r_c11m4_terminal.vmf
fixing up env_cubemap materials on brush sides...
0...1...2...3...4...5...6...7...8...9...100...1...2...3...4...5...6...7...8...9...10Processing areas...Wrote c:\users\rtaab\documents\hammer\reverse_dead_air\r_c11m4_terminal.lin
Areaportal leak ! File: c:\users\rtaab\documents\hammer\reverse_dead_air\r_c11m4_terminal.lin 
Brush 14781: areaportal brush doesn't touch two areas

Brush 14739: areaportal brush doesn't touch two areas
done (0)
Building Faces...done (0)
Occluder "01" straddles multiple areas. This is invalid!
Occluder "01" straddles multiple areas. This is invalid!
Occluder "02" straddles multiple areas. This is invalid!
Occluder "02" straddles multiple areas. This is invalid!
Occluder "02" straddles multiple areas. This is invalid!
Occluder "03" straddles multiple areas. This is invalid!
Occluder "03" straddles multiple areas. This is invalid!
Occluder "03" straddles multiple areas. This is invalid!
Occluder "03" straddles multiple areas. This is invalid!
Occluder "03" straddles multiple areas. This is invalid!
Occluder "03" straddles multiple areas. This is invalid!
Occluder "03" straddles multiple areas. This is invalid!
Occluder "03" straddles multiple areas. This is invalid!
Occluder "03" straddles multiple areas. This is invalid!
Occluder "03" straddles multiple areas. This is invalid!
Occluder "03" straddles multiple areas. This is invalid!
Occluder "03" straddles multiple areas. This is invalid!
Occluder "03" straddles multiple areas. This is invalid!
Occluder "03" straddles multiple areas. This is invalid!
Occluder "03" straddles multiple areas. This is invalid!
Occluder "03" straddles multiple areas. This is invalid!
Occluder "03" straddles multiple areas. This is invalid!
Occluder "03" straddles multiple areas. This is invalid!
Occluder "03" straddles multiple areas. This is invalid!
Occluder "03" straddles multiple areas. This is invalid!
Occluder "03" straddles multiple areas. This is invalid!
Occluder "03" straddles multiple areas. This is invalid!
Occluder "03" straddles multiple areas. This is invalid!
Occluder "03" straddles multiple areas. This is invalid!
Occluder "03" straddles multiple areas. This is invalid!
Occluder "03" straddles multiple areas. This is invalid!
Occluder "03" straddles multiple areas. This is invalid!
Occluder "03" straddles multiple areas. This is invalid!
Occluder "03" straddles multiple areas. This is invalid!
Occluder "03" straddles multiple areas. This is invalid!
Occluder "03" straddles multiple areas. This is invalid!
Occluder "03" straddles multiple areas. This is invalid!
Occluder "03" straddles multiple areas. This is invalid!
Occluder "03" straddles multiple areas. This is invalid!
Occluder "03" straddles multiple areas. This is invalid!
Occluder "03" straddles multiple areas. This is invalid!
Occluder "03" straddles multiple areas. This is invalid!
Occluder "03" straddles multiple areas. This is invalid!
Occluder "03" straddles multiple areas. This is invalid!
Occluder "03" straddles multiple areas. This is invalid!
Occluder "03" straddles multiple areas. This is invalid!
Occluder "03" straddles multiple areas. This is invalid!
Occluder "03" straddles multiple areas. This is invalid!
Occluder "03" straddles multiple areas. This is invalid!
Occluder "03" straddles multiple areas. This is invalid!
Occluder "03" straddles multiple areas. This is invalid!
Occluder "03" straddles multiple areas. This is invalid!
Occluder "03" straddles multiple areas. This is invalid!
Occluder "03" straddles multiple areas. This is invalid!
Occluder "03" straddles multiple areas. This is invalid!
Occluder "03" straddles multiple areas. This is invalid!
Occluder "03" straddles multiple areas. This is invalid!
Occluder "03" straddles multiple areas. This is invalid!
Occluder "03" straddles multiple areas. This is invalid!
Occluder "03" straddles multiple areas. This is invalid!
Occluder "03" straddles multiple areas. This is invalid!
Occluder "03" straddles multiple areas. This is invalid!
Occluder "03" straddles multiple areas. This is invalid!
Occluder "03" straddles multiple areas. This is invalid!
Occluder "03" straddles multiple areas. This is invalid!
Occluder "03" straddles multiple areas. This is invalid!
Occluder "03" straddles multiple areas. This is invalid!
Occluder "03" straddles multiple areas. This is invalid!
Occluder "03" straddles multiple areas. This is invalid!
Occluder "03" straddles multiple areas. This is invalid!
Occluder "03" straddles multiple areas. This is invalid!
Occluder "03" straddles multiple areas. This is invalid!
Occluder "03" straddles multiple areas. This is invalid!
Occluder "03" straddles multiple areas. This is invalid!
Occluder "03" straddles multiple areas. This is invalid!
Occluder "03" straddles multiple areas. This is invalid!
Occluder "03" straddles multiple areas. This is invalid!
Occluder "03" straddles multiple areas. This is invalid!
Occluder "03" straddles multiple areas. This is invalid!
Occluder "03" straddles multiple areas. This is invalid!
Occluder "03" straddles multiple areas. This is invalid!
Occluder "03" straddles multiple areas. This is invalid!
Occluder "03" straddles multiple areas. This is invalid!
Occluder "03" straddles multiple areas. This is invalid!
Occluder "03" straddles multiple areas. This is invalid!
Occluder "03" straddles multiple areas. This is invalid!
Occluder "03" straddles multiple areas. This is invalid!
Occluder "03" straddles multiple areas. This is invalid!
Occluder "03" straddles multiple areas. This is invalid!
Occluder "03" straddles multiple areas. This is invalid!
Occluder "03" straddles multiple areas. This is invalid!
Occluder "03" straddles multiple areas. This is invalid!
Occluder "03" straddles multiple areas. This is invalid!
Occluder "03" straddles multiple areas. This is invalid!
Occluder "03" straddles multiple areas. This is invalid!
Occluder "03" straddles multiple areas. This is invalid!
Occluder "03" straddles multiple areas. This is invalid!
Occluder "03" straddles multiple areas. This is invalid!
Chop Details...done (0)
Find Visible Detail Sides...
Merged 2000 detail faces...done (1)
Merging details...done (0)
FixTjuncs...
PruneNodes...
WriteBSP...
done (1)
writing c:\users\rtaab\documents\hammer\reverse_dead_air\r_c11m4_terminal.prt...Building visibility clusters...
done (0)
Finding displacement neighbors...
Finding lightmap sample positions...
Displacement Alpha : 0...1...2...3...4...5...6...7...8...9...10
Building Physics collision data...
done (2) (2068546 bytes)
Cannot build Physics2 data
                                                             -----------
DataLinker total stream size                                     0.0 KiB
Placing detail props : 0...1...2...3...4...5...6...7...8...9...10
Compacting texture/material tables...
Reduced 10884 texinfos to 8014
Reduced 542 texdatas to 492 (22509 bytes to 20822)
Writing c:\users\rtaab\documents\hammer\reverse_dead_air\r_c11m4_terminal.bsp
13 seconds elapsed



8 threads
reading c:\users\rtaab\documents\hammer\reverse_dead_air\r_c11m4_terminal.bsp
max farz in all env_fog_controller entities: 10000.000000 (used for radial vis)
reading c:\users\rtaab\documents\hammer\reverse_dead_air\r_c11m4_terminal.prt
1296 portalclusters
2686 numportals
0...1...2...3...4...5...6...7...8...9...10Optimized: 33984 visible clusters (0.00%)
Total clusters visible: 585740
Average clusters visible: 451
Building PAS...
Average clusters audible: 1066
visdatasize:342182  compressed from 435456
writing c:\users\rtaab\documents\hammer\reverse_dead_air\r_c11m4_terminal.bsp
2 seconds elapsed



[Reading texlights from 'lights.rad']
[2 texlights parsed from 'lights.rad']

Loading c:\users\rtaab\documents\hammer\reverse_dead_air\r_c11m4_terminal.bsp
19037 faces
15 degenerate faces
9161613 square feet [1319272192.00 square inches]
25 Displacements
361664 Square Feet [52079740.00 Square Inches]
19022 patches before subdivision
19022 patches after subdivision
60 direct lights
0...1...2...3...4...5...6...7...8...9...100...1...2...3...4...5...6...7...8...9...10transfers 2508874, max 1395
transfer lists:  19.1 megs
0...1...2...3...4...5...6...7...8...9...10	Bounce #1 added RGB(9584, 9439, 6811)
0...1...2...3...4...5...6...7...8...9...10	Bounce #2 added RGB(1483, 1458, 961)
Build Patch/Sample Hash Table(s).....Done<0.0662 sec>
0...1...2...3...4...5...6...7...8...9...10FinalLightFace Done
0 of 0 (0% of) surface lights went in leaf ambient cubes.
0...1...2...3...4...5...6...7...8...9...10Writing leaf ambient...done
Ready to Finish

Object names       Objects/Maxobjs  Memory / Maxmem  Fullness 
------------       ---------------  ---------------  -------- 
models                 139/1024         6672/49152    (13.6%) 
brushes               5546/8192        66552/98304    (67.7%) 
brushsides           51785/65536      414280/524288   (79.0%) 
planes               47158/65536      943160/1310720  (72.0%) 
vertexes             32759/65536      393108/786432   (50.0%) 
nodes                 5815/65536      186080/2097152  ( 8.9%) 
texinfos              8014/12288      577008/884736   (65.2%) 
texdata                492/2048        15744/65536    (24.0%) 
dispinfos               25/0            4400/0        ( 0.0%) 
disp_verts            2441/0           48820/0        ( 0.0%) 
disp_tris             3968/0            7936/0        ( 0.0%) 
disp_lmsamples      231201/0          231201/0        ( 0.0%) 
faces                19037/65536     1066072/3670016  (29.0%) 
hdr faces                0/65536           0/3670016  ( 0.0%) 
origfaces            14720/65536      824320/3670016  (22.5%) 
leaves                5955/65536      190560/2097152  ( 9.1%) 
leaffaces            22869/65536       45738/131072   (34.9%) 
leafbrushes          10770/65536       21540/131072   (16.4%) 
areas                   38/256           304/2048     (14.8%) 
surfedges           152062/512000     608248/2048000  (29.7%) 
edges                95659/256000     382636/1024000  (37.4%) 
LDR worldlights         60/8192         6000/819200   ( 0.7%) 
HDR worldlights          0/8192            0/819200   ( 0.0%) 
leafwaterdata            0/32768           0/393216   ( 0.0%) 
waterstrips           2206/32768       22060/327680   ( 6.7%) 
waterverts               0/65536           0/786432   ( 0.0%) 
waterindices         41514/65536       83028/131072   (63.3%) 
cubemapsamples          68/1024         1088/16384    ( 6.6%) 
overlays               467/512        164384/180224   (91.2%) VERY FULL!
LDR lightdata         [variable]     5587056/0        ( 0.0%) 
HDR lightdata         [variable]           0/0        ( 0.0%) 
visdata               [variable]      342182/16777216 ( 2.0%) 
entdata               [variable]      596477/393216   (151.7%) VERY FULL!
LDR ambient table     5955/65536       23820/262144   ( 9.1%) 
HDR ambient table     5955/65536       23820/262144   ( 9.1%) 
LDR leaf ambient     16452/65536      460656/1835008  (25.1%) 
HDR leaf ambient      5955/65536      166740/1835008  ( 9.1%) 
occluders                8/0             320/0        ( 0.0%) 
occluder polygons       20/0             240/0        ( 0.0%) 
occluder vert ind      102/0             408/0        ( 0.0%) 
Prop Hull Verts          0/0               0/0        ( 0.0%) 
Prop Hull Blob           0/0               0/0        ( 0.0%) 
Prop Hull Lists          0/0               0/0        ( 0.0%) 
Prop Hulls               0/0               0/0        ( 0.0%) 
Prop Hull trilist        0/0               0/0        ( 0.0%) 
detail props          [variable]           1/12       ( 8.3%) 
static props          [variable]           1/85664    ( 0.0%) 
pakfile               [variable]     6112299/0        ( 0.0%) 
physics               [variable]     2068546/4194304  (49.3%) 
physics terrain       [variable]        6993/1048576  ( 0.7%) 

Level flags = 1

Total triangle count: 54979
Writing c:\users\rtaab\documents\hammer\reverse_dead_air\r_c11m4_terminal.bsp
1 minute, 10 seconds elapsed



Using shader api: shaderapiempty.dll
materialPath: Z:\mnt\d\SteamLibrary\steamapps\common\Left 4 Dead 2\left4dead2\materials
Loading Z:\mnt\f\stuff\git\l4d2-things\reverse_rda\map\r_c11m4_terminal.vmf
KeyValues Error: RecursiveLoadFromBuffer:  got EOF instead of keyname in file materials/ads/adgroup_01b.vmt
LightmappedGeneric, 
KeyValues Error: RecursiveLoadFromBuffer:  got EOF instead of keyname in file materials/ads/adgroup_01b.vmt
LightmappedGeneric, 
KeyValues Error: RecursiveLoadFromBuffer:  got EOF instead of keyname in file materials/ads/adgroup_01a.vmt
LightmappedGeneric, 
KeyValues Error: RecursiveLoadFromBuffer:  got EOF instead of keyname in file materials/ads/adgroup_01a.vmt
LightmappedGeneric, 
fixing up env_cubemap materials on brush sides...
KeyValues Error: RecursiveLoadFromBuffer:  got EOF instead of keyname in file materials/ADS/ADGROUP_01B.vmt
LightmappedGeneric, 
KeyValues Error: RecursiveLoadFromBuffer:  got EOF instead of keyname in file materials/ADS/ADGROUP_01B.vmt
LightmappedGeneric, 
KeyValues Error: RecursiveLoadFromBuffer:  got EOF instead of keyname in file materials/ADS/ADGROUP_01B.vmt
LightmappedGeneric, 
KeyValues Error: RecursiveLoadFromBuffer:  got EOF instead of keyname in file materials/ADS/ADGROUP_01B.vmt
LightmappedGeneric, 
KeyValues Error: RecursiveLoadFromBuffer:  got EOF instead of keyname in file materials/ADS/ADGROUP_01A.vmt
LightmappedGeneric, 
KeyValues Error: RecursiveLoadFromBuffer:  got EOF instead of keyname in file materials/ADS/ADGROUP_01A.vmt
LightmappedGeneric, 
KeyValues Error: RecursiveLoadFromBuffer:  got EOF instead of keyname in file materials/ADS/ADGROUP_01A.vmt
LightmappedGeneric, 
KeyValues Error: RecursiveLoadFromBuffer:  got EOF instead of keyname in file materials/ADS/ADGROUP_01A.vmt
LightmappedGeneric, 
0...1...2...3...4...5...6...7...8...9...100...1...2...3...4...5...6...7...8...9...10Processing areas...done (0)
Building Faces...done (0)
Occluder "01" straddles multiple areas. This is invalid!
Occluder "01" straddles multiple areas. This is invalid!
Occluder "02" straddles multiple areas. This is invalid!
Occluder "02" straddles multiple areas. This is invalid!
Occluder "02" straddles multiple areas. This is invalid!
Occluder "03" straddles multiple areas. This is invalid!
Occluder "03" straddles multiple areas. This is invalid!
Occluder "03" straddles multiple areas. This is invalid!
Occluder "03" straddles multiple areas. This is invalid!
Occluder "03" straddles multiple areas. This is invalid!
Occluder "03" straddles multiple areas. This is invalid!
Occluder "03" straddles multiple areas. This is invalid!
Occluder "03" straddles multiple areas. This is invalid!
Occluder "03" straddles multiple areas. This is invalid!
Occluder "03" straddles multiple areas. This is invalid!
Occluder "03" straddles multiple areas. This is invalid!
Occluder "03" straddles multiple areas. This is invalid!
Occluder "03" straddles multiple areas. This is invalid!
Occluder "03" straddles multiple areas. This is invalid!
Occluder "03" straddles multiple areas. This is invalid!
Occluder "04" straddles multiple areas. This is invalid!
Occluder "04" straddles multiple areas. This is invalid!
Occluder "04" straddles multiple areas. This is invalid!
Occluder "04" straddles multiple areas. This is invalid!
Occluder "04" straddles multiple areas. This is invalid!
Occluder "04" straddles multiple areas. This is invalid!
Occluder "04" straddles multiple areas. This is invalid!
Occluder "04" straddles multiple areas. This is invalid!
Occluder "04" straddles multiple areas. This is invalid!
Occluder "04" straddles multiple areas. This is invalid!
Occluder "04" straddles multiple areas. This is invalid!
Occluder "04" straddles multiple areas. This is invalid!
Occluder "04" straddles multiple areas. This is invalid!
Occluder "04" straddles multiple areas. This is invalid!
Occluder "04" straddles multiple areas. This is invalid!
Occluder "04" straddles multiple areas. This is invalid!
Occluder "04" straddles multiple areas. This is invalid!
Occluder "04" straddles multiple areas. This is invalid!
Occluder "03" straddles multiple areas. This is invalid!
Occluder "03" straddles multiple areas. This is invalid!
Occluder "03" straddles multiple areas. This is invalid!
Occluder "03" straddles multiple areas. This is invalid!
Occluder "03" straddles multiple areas. This is invalid!
Occluder "03" straddles multiple areas. This is invalid!
Occluder "03" straddles multiple areas. This is invalid!
Occluder "03" straddles multiple areas. This is invalid!
Occluder "03" straddles multiple areas. This is invalid!
Occluder "03" straddles multiple areas. This is invalid!
Occluder "03" straddles multiple areas. This is invalid!
Occluder "03" straddles multiple areas. This is invalid!
Occluder "03" straddles multiple areas. This is invalid!
Occluder "03" straddles multiple areas. This is invalid!
Occluder "03" straddles multiple areas. This is invalid!
Occluder "03" straddles multiple areas. This is invalid!
Occluder "03" straddles multiple areas. This is invalid!
Occluder "03" straddles multiple areas. This is invalid!
Occluder "03" straddles multiple areas. This is invalid!
Occluder "03" straddles multiple areas. This is invalid!
Occluder "03" straddles multiple areas. This is invalid!
Occluder "03" straddles multiple areas. This is invalid!
Occluder "03" straddles multiple areas. This is invalid!
Occluder "03" straddles multiple areas. This is invalid!
Occluder "03" straddles multiple areas. This is invalid!
Occluder "03" straddles multiple areas. This is invalid!
Occluder "03" straddles multiple areas. This is invalid!
Occluder "03" straddles multiple areas. This is invalid!
Occluder "03" straddles multiple areas. This is invalid!
Occluder "03" straddles multiple areas. This is invalid!
Occluder "03" straddles multiple areas. This is invalid!
Occluder "03" straddles multiple areas. This is invalid!
Occluder "03" straddles multiple areas. This is invalid!
Occluder "03" straddles multiple areas. This is invalid!
Occluder "03" straddles multiple areas. This is invalid!
Occluder "03" straddles multiple areas. This is invalid!
Occluder "03" straddles multiple areas. This is invalid!
Occluder "03" straddles multiple areas. This is invalid!
Occluder "03" straddles multiple areas. This is invalid!
Occluder "03" straddles multiple areas. This is invalid!
Occluder "03" straddles multiple areas. This is invalid!
Occluder "03" straddles multiple areas. This is invalid!
Occluder "03" straddles multiple areas. This is invalid!
Occluder "03" straddles multiple areas. This is invalid!
Occluder "03" straddles multiple areas. This is invalid!
Occluder "03" straddles multiple areas. This is invalid!
Occluder "03" straddles multiple areas. This is invalid!
Occluder "03" straddles multiple areas. This is invalid!
Occluder "03" straddles multiple areas. This is invalid!
Occluder "03" straddles multiple areas. This is invalid!
Occluder "03" straddles multiple areas. This is invalid!
Occluder "03" straddles multiple areas. This is invalid!
Occluder "03" straddles multiple areas. This is invalid!
Occluder "03" straddles multiple areas. This is invalid!
Occluder "03" straddles multiple areas. This is invalid!
Occluder "03" straddles multiple areas. This is invalid!
Occluder "03" straddles multiple areas. This is invalid!
Occluder "03" straddles multiple areas. This is invalid!
Occluder "03" straddles multiple areas. This is invalid!
Occluder "03" straddles multiple areas. This is invalid!
Occluder "03" straddles multiple areas. This is invalid!
Occluder "03" straddles multiple areas. This is invalid!
Occluder "03" straddles multiple areas. This is invalid!
Occluder "03" straddles multiple areas. This is invalid!
Occluder "03" straddles multiple areas. This is invalid!
Occluder "03" straddles multiple areas. This is invalid!
Occluder "03" straddles multiple areas. This is invalid!
Occluder "03" straddles multiple areas. This is invalid!
Occluder "03" straddles multiple areas. This is invalid!
Occluder "03" straddles multiple areas. This is invalid!
Occluder "03" straddles multiple areas. This is invalid!
Occluder "03" straddles multiple areas. This is invalid!
Occluder "03" straddles multiple areas. This is invalid!
Occluder "03" straddles multiple areas. This is invalid!
Occluder "03" straddles multiple areas. This is invalid!
Occluder "03" straddles multiple areas. This is invalid!
Occluder "03" straddles multiple areas. This is invalid!
Occluder "03" straddles multiple areas. This is invalid!
Chop Details...done (1)
Find Visible Detail Sides...
Merged 2000 detail faces...done (1)
Merging details...done (0)
FixTjuncs...
PruneNodes...
WriteBSP...
done (2)
writing Z:\mnt\f\stuff\git\l4d2-things\reverse_rda\map\r_c11m4_terminal.prt...Building visibility clusters...
done (0)
Finding displacement neighbors...
Finding lightmap sample positions...
Displacement Alpha : 0...1...2...3...4...5...6...7...8...9...10
Building Physics collision data...
done (1) (2067563 bytes)
Cannot build Physics2 data
                                                             -----------
DataLinker total stream size                                     0.0 KiB
Placing detail props : 0...1...2...3...4...5...6...7...8...9...10
Compacting texture/material tables...
Reduced 10898 texinfos to 8015
Reduced 543 texdatas to 492 (22531 bytes to 20822)
Writing Z:\mnt\f\stuff\git\l4d2-things\reverse_rda\map\r_c11m4_terminal.bsp
13 seconds elapsed



6 threads
reading z:\mnt\f\stuff\git\l4d2-things\reverse_rda\map\r_c11m4_terminal.bsp
max farz in all env_fog_controller entities: 10000.000000 (used for radial vis)
reading z:\mnt\f\stuff\git\l4d2-things\reverse_rda\map\r_c11m4_terminal.prt
1305 portalclusters
2707 numportals
0...1...2...3...4...5...6...7...8...9...100...1...2...3...4...5...6...7...8...9...10Optimized: 1503 visible clusters (0.00%)
Total clusters visible: 273222
Average clusters visible: 209
Building PAS...
Average clusters audible: 568
visdatasize:242048  compressed from 438480
writing z:\mnt\f\stuff\git\l4d2-things\reverse_rda\map\r_c11m4_terminal.bsp
8 seconds elapsed



[Reading texlights from 'lights.rad']
[2 texlights parsed from 'lights.rad']

Loading z:\mnt\f\stuff\git\l4d2-things\reverse_rda\map\r_c11m4_terminal.bsp
19061 faces
15 degenerate faces
9164233 square feet [1319649536.00 square inches]
25 Displacements
361664 Square Feet [52079740.00 Square Inches]
19046 patches before subdivision
161426 patches after subdivision
60 direct lights
0...1...2...3...4...5...6...7...8...9...100...1...2...3...4...5...6...7...8...9...10transfers 16316148, max 1499
transfer lists: 124.5 megs
0...1...2...3...4...5...6...7...8...9...10	Bounce #1 added RGB(28929, 26621, 18468)
0...1...2...3...4...5...6...7...8...9...10	Bounce #2 added RGB(4935, 4524, 2943)
0...1...2...3...4...5...6...7...8...9...10	Bounce #3 added RGB(871, 733, 422)
0...1...2...3...4...5...6...7...8...9...10	Bounce #4 added RGB(176, 145, 75)
0...1...2...3...4...5...6...7...8...9...10	Bounce #5 added RGB(37, 29, 13)
0...1...2...3...4...5...6...7...8...9...10	Bounce #6 added RGB(8, 7, 3)
0...1...2...3...4...5...6...7...8...9...10	Bounce #7 added RGB(2, 2, 1)
0...1...2...3...4...5...6...7...8...9...10	Bounce #8 added RGB(1, 0, 0)
Build Patch/Sample Hash Table(s).....Done<0.0574 sec>
0...1...2...3...4...5...6...7...8...9...10FinalLightFace Done
0 of 0 (0% of) surface lights went in leaf ambient cubes.
0...1...2...3...4...5...6...7...8...9...10Writing leaf ambient...done
Computing static prop lighting : 00...1...2...3...4...5...6...7...8...9...10
Ready to Finish

Object names       Objects/Maxobjs  Memory / Maxmem  Fullness 
------------       ---------------  ---------------  -------- 
models                 140/1024         6720/49152    (13.7%) 
brushes               5548/8192        66576/98304    (67.7%) 
brushsides           51797/65536      414376/524288   (79.0%) 
planes               47166/65536      943320/1310720  (72.0%) 
vertexes             32793/65536      393516/786432   (50.0%) 
nodes                 5830/65536      186560/2097152  ( 8.9%) 
texinfos              8015/12288      577080/884736   (65.2%) 
texdata                492/2048        15744/65536    (24.0%) 
dispinfos               25/0            4400/0        ( 0.0%) 
disp_verts            2441/0           48820/0        ( 0.0%) 
disp_tris             3968/0            7936/0        ( 0.0%) 
disp_lmsamples      231201/0          231201/0        ( 0.0%) 
faces                19061/65536     1067416/3670016  (29.1%) 
hdr faces            19061/65536     1067416/3670016  (29.1%) 
origfaces            14721/65536      824376/3670016  (22.5%) 
leaves                5971/65536      191072/2097152  ( 9.1%) 
leaffaces            22907/65536       45814/131072   (35.0%) 
leafbrushes          10774/65536       21548/131072   (16.4%) 
areas                   40/256           320/2048     (15.6%) 
surfedges           152164/512000     608656/2048000  (29.7%) 
edges                95748/256000     382992/1024000  (37.4%) 
LDR worldlights          0/8192            0/819200   ( 0.0%) 
HDR worldlights         60/8192         6000/819200   ( 0.7%) 
leafwaterdata            0/32768           0/393216   ( 0.0%) 
waterstrips           2209/32768       22090/327680   ( 6.7%) 
waterverts               0/65536           0/786432   ( 0.0%) 
waterindices         41565/65536       83130/131072   (63.4%) 
cubemapsamples          68/1024         1088/16384    ( 6.6%) 
overlays               467/512        164384/180224   (91.2%) VERY FULL!
LDR lightdata         [variable]           0/0        ( 0.0%) 
HDR lightdata         [variable]     5599116/0        ( 0.0%) 
visdata               [variable]      242048/16777216 ( 1.4%) 
entdata               [variable]      597210/393216   (151.9%) VERY FULL!
LDR ambient table     5971/65536       23884/262144   ( 9.1%) 
HDR ambient table     5971/65536       23884/262144   ( 9.1%) 
LDR leaf ambient      5971/65536      167188/1835008  ( 9.1%) 
HDR leaf ambient     15669/65536      438732/1835008  (23.9%) 
occluders                8/0             320/0        ( 0.0%) 
occluder polygons       20/0             240/0        ( 0.0%) 
occluder vert ind      102/0             408/0        ( 0.0%) 
Prop Hull Verts          0/0               0/0        ( 0.0%) 
Prop Hull Blob           0/0               0/0        ( 0.0%) 
Prop Hull Lists          0/0               0/0        ( 0.0%) 
Prop Hulls               0/0               0/0        ( 0.0%) 
Prop Hull trilist        0/0               0/0        ( 0.0%) 
detail props          [variable]           1/12       ( 8.3%) 
static props          [variable]           1/85674    ( 0.0%) 
pakfile               [variable]     7767365/0        ( 0.0%) 
physics               [variable]     2067563/4194304  (49.3%) 
physics terrain       [variable]        6993/1048576  ( 0.7%) 

Level flags = 2

Total triangle count: 55029
Writing z:\mnt\f\stuff\git\l4d2-things\reverse_rda\map\r_c11m4_terminal.bsp
5 minutes, 35 seconds elapsed



Using shader api: shaderapiempty.dll
materialPath: Z:\mnt\d\SteamLibrary\steamapps\common\Left 4 Dead 2\left4dead2\materials
Loading Z:\mnt\f\stuff\git\l4d2-things\reverse_rda\map\r_c11m4_terminal.vmf
KeyValues Error: RecursiveLoadFromBuffer:  got EOF instead of keyname in file materials/ads/adgroup_01b.vmt
LightmappedGeneric, 
KeyValues Error: RecursiveLoadFromBuffer:  got EOF instead of keyname in file materials/ads/adgroup_01b.vmt
LightmappedGeneric, 
KeyValues Error: RecursiveLoadFromBuffer:  got EOF instead of keyname in file materials/ads/adgroup_01a.vmt
LightmappedGeneric, 
KeyValues Error: RecursiveLoadFromBuffer:  got EOF instead of keyname in file materials/ads/adgroup_01a.vmt
LightmappedGeneric, 
fixing up env_cubemap materials on brush sides...
KeyValues Error: RecursiveLoadFromBuffer:  got EOF instead of keyname in file materials/ADS/ADGROUP_01B.vmt
LightmappedGeneric, 
KeyValues Error: RecursiveLoadFromBuffer:  got EOF instead of keyname in file materials/ADS/ADGROUP_01B.vmt
LightmappedGeneric, 
KeyValues Error: RecursiveLoadFromBuffer:  got EOF instead of keyname in file materials/ADS/ADGROUP_01B.vmt
LightmappedGeneric, 
KeyValues Error: RecursiveLoadFromBuffer:  got EOF instead of keyname in file materials/ADS/ADGROUP_01B.vmt
LightmappedGeneric, 
KeyValues Error: RecursiveLoadFromBuffer:  got EOF instead of keyname in file materials/ADS/ADGROUP_01A.vmt
LightmappedGeneric, 
KeyValues Error: RecursiveLoadFromBuffer:  got EOF instead of keyname in file materials/ADS/ADGROUP_01A.vmt
LightmappedGeneric, 
KeyValues Error: RecursiveLoadFromBuffer:  got EOF instead of keyname in file materials/ADS/ADGROUP_01A.vmt
LightmappedGeneric, 
KeyValues Error: RecursiveLoadFromBuffer:  got EOF instead of keyname in file materials/ADS/ADGROUP_01A.vmt
LightmappedGeneric, 
0...1...2...3...4...5...6...7...8...9...100...1...2...3...4...5...6...7...8...9...10Processing areas...Wrote Z:\mnt\f\stuff\git\l4d2-things\reverse_rda\map\r_c11m4_terminal.lin
Areaportal leak ! File: Z:\mnt\f\stuff\git\l4d2-things\reverse_rda\map\r_c11m4_terminal.lin 
Brush 14767: areaportal brush doesn't touch two areas

Brush 14767: areaportal brush doesn't touch two areas
done (0)
Building Faces...done (0)
Occluder "01" straddles multiple areas. This is invalid!
Occluder "02" straddles multiple areas. This is invalid!
Occluder "02" straddles multiple areas. This is invalid!
Occluder "02" straddles multiple areas. This is invalid!
Occluder "03" straddles multiple areas. This is invalid!
Occluder "03" straddles multiple areas. This is invalid!
Occluder "03" straddles multiple areas. This is invalid!
Occluder "03" straddles multiple areas. This is invalid!
Occluder "03" straddles multiple areas. This is invalid!
Occluder "03" straddles multiple areas. This is invalid!
Occluder "03" straddles multiple areas. This is invalid!
Occluder "03" straddles multiple areas. This is invalid!
Occluder "03" straddles multiple areas. This is invalid!
Occluder "03" straddles multiple areas. This is invalid!
Occluder "03" straddles multiple areas. This is invalid!
Occluder "03" straddles multiple areas. This is invalid!
Occluder "03" straddles multiple areas. This is invalid!
Occluder "03" straddles multiple areas. This is invalid!
Occluder "03" straddles multiple areas. This is invalid!
Occluder "04" straddles multiple areas. This is invalid!
Occluder "04" straddles multiple areas. This is invalid!
Occluder "04" straddles multiple areas. This is invalid!
Occluder "04" straddles multiple areas. This is invalid!
Occluder "04" straddles multiple areas. This is invalid!
Occluder "04" straddles multiple areas. This is invalid!
Occluder "04" straddles multiple areas. This is invalid!
Occluder "04" straddles multiple areas. This is invalid!
Occluder "04" straddles multiple areas. This is invalid!
Occluder "04" straddles multiple areas. This is invalid!
Occluder "04" straddles multiple areas. This is invalid!
Occluder "04" straddles multiple areas. This is invalid!
Occluder "04" straddles multiple areas. This is invalid!
Occluder "04" straddles multiple areas. This is invalid!
Occluder "04" straddles multiple areas. This is invalid!
Occluder "04" straddles multiple areas. This is invalid!
Occluder "04" straddles multiple areas. This is invalid!
Occluder "04" straddles multiple areas. This is invalid!
Occluder "03" straddles multiple areas. This is invalid!
Occluder "03" straddles multiple areas. This is invalid!
Occluder "03" straddles multiple areas. This is invalid!
Occluder "03" straddles multiple areas. This is invalid!
Occluder "03" straddles multiple areas. This is invalid!
Occluder "03" straddles multiple areas. This is invalid!
Occluder "03" straddles multiple areas. This is invalid!
Occluder "03" straddles multiple areas. This is invalid!
Occluder "03" straddles multiple areas. This is invalid!
Occluder "03" straddles multiple areas. This is invalid!
Occluder "03" straddles multiple areas. This is invalid!
Occluder "03" straddles multiple areas. This is invalid!
Occluder "03" straddles multiple areas. This is invalid!
Occluder "03" straddles multiple areas. This is invalid!
Occluder "03" straddles multiple areas. This is invalid!
Occluder "03" straddles multiple areas. This is invalid!
Occluder "03" straddles multiple areas. This is invalid!
Occluder "03" straddles multiple areas. This is invalid!
Occluder "03" straddles multiple areas. This is invalid!
Occluder "03" straddles multiple areas. This is invalid!
Occluder "03" straddles multiple areas. This is invalid!
Occluder "03" straddles multiple areas. This is invalid!
Occluder "03" straddles multiple areas. This is invalid!
Occluder "03" straddles multiple areas. This is invalid!
Occluder "03" straddles multiple areas. This is invalid!
Occluder "03" straddles multiple areas. This is invalid!
Occluder "03" straddles multiple areas. This is invalid!
Occluder "03" straddles multiple areas. This is invalid!
Occluder "03" straddles multiple areas. This is invalid!
Occluder "03" straddles multiple areas. This is invalid!
Occluder "03" straddles multiple areas. This is invalid!
Occluder "03" straddles multiple areas. This is invalid!
Occluder "03" straddles multiple areas. This is invalid!
Occluder "03" straddles multiple areas. This is invalid!
Occluder "03" straddles multiple areas. This is invalid!
Occluder "03" straddles multiple areas. This is invalid!
Occluder "03" straddles multiple areas. This is invalid!
Occluder "03" straddles multiple areas. This is invalid!
Occluder "03" straddles multiple areas. This is invalid!
Occluder "03" straddles multiple areas. This is invalid!
Occluder "03" straddles multiple areas. This is invalid!
Occluder "03" straddles multiple areas. This is invalid!
Occluder "03" straddles multiple areas. This is invalid!
Occluder "03" straddles multiple areas. This is invalid!
Occluder "03" straddles multiple areas. This is invalid!
Occluder "03" straddles multiple areas. This is invalid!
Occluder "03" straddles multiple areas. This is invalid!
Occluder "03" straddles multiple areas. This is invalid!
Occluder "03" straddles multiple areas. This is invalid!
Occluder "03" straddles multiple areas. This is invalid!
Occluder "03" straddles multiple areas. This is invalid!
Occluder "03" straddles multiple areas. This is invalid!
Occluder "03" straddles multiple areas. This is invalid!
Occluder "03" straddles multiple areas. This is invalid!
Occluder "03" straddles multiple areas. This is invalid!
Occluder "03" straddles multiple areas. This is invalid!
Occluder "03" straddles multiple areas. This is invalid!
Occluder "03" straddles multiple areas. This is invalid!
Occluder "03" straddles multiple areas. This is invalid!
Occluder "03" straddles multiple areas. This is invalid!
Occluder "03" straddles multiple areas. This is invalid!
Occluder "03" straddles multiple areas. This is invalid!
Occluder "03" straddles multiple areas. This is invalid!
Occluder "03" straddles multiple areas. This is invalid!
Occluder "03" straddles multiple areas. This is invalid!
Occluder "03" straddles multiple areas. This is invalid!
Occluder "03" straddles multiple areas. This is invalid!
Occluder "03" straddles multiple areas. This is invalid!
Occluder "03" straddles multiple areas. This is invalid!
Occluder "03" straddles multiple areas. This is invalid!
Occluder "03" straddles multiple areas. This is invalid!
Occluder "03" straddles multiple areas. This is invalid!
Occluder "03" straddles multiple areas. This is invalid!
Occluder "03" straddles multiple areas. This is invalid!
Occluder "03" straddles multiple areas. This is invalid!
Occluder "03" straddles multiple areas. This is invalid!
Occluder "03" straddles multiple areas. This is invalid!
Occluder "03" straddles multiple areas. This is invalid!
Chop Details...done (1)
Find Visible Detail Sides...
Merged 2004 detail faces...done (1)
Merging details...done (0)
FixTjuncs...
PruneNodes...
WriteBSP...
done (2)
writing Z:\mnt\f\stuff\git\l4d2-things\reverse_rda\map\r_c11m4_terminal.prt...Building visibility clusters...
done (0)
Finding displacement neighbors...
Finding lightmap sample positions...
Displacement Alpha : 0...1...2...3...4...5...6...7...8...9...10
Building Physics collision data...
done (1) (2062204 bytes)
Cannot build Physics2 data
                                                             -----------
DataLinker total stream size                                     0.0 KiB
Placing detail props : 0...1...2...3...4...5...6...7...8...9...10
Compacting texture/material tables...
Reduced 10894 texinfos to 8011
Reduced 544 texdatas to 492 (22552 bytes to 20822)
Writing Z:\mnt\f\stuff\git\l4d2-things\reverse_rda\map\r_c11m4_terminal.bsp
12 seconds elapsed



6 threads
reading z:\mnt\f\stuff\git\l4d2-things\reverse_rda\map\r_c11m4_terminal.bsp
max farz in all env_fog_controller entities: 10000.000000 (used for radial vis)
reading z:\mnt\f\stuff\git\l4d2-things\reverse_rda\map\r_c11m4_terminal.prt
1268 portalclusters
2635 numportals
0...1...2...3...4...5...6...7...8...9...100...1...2...3...4...5...6...7...8...9...10Optimized: 1513 visible clusters (0.00%)
Total clusters visible: 261219
Average clusters visible: 206
Building PAS...
Average clusters audible: 551
visdatasize:227565  compressed from 405760
writing z:\mnt\f\stuff\git\l4d2-things\reverse_rda\map\r_c11m4_terminal.bsp
7 seconds elapsed



[Reading texlights from 'lights.rad']
[2 texlights parsed from 'lights.rad']

Loading z:\mnt\f\stuff\git\l4d2-things\reverse_rda\map\r_c11m4_terminal.bsp
19015 faces
15 degenerate faces
9094939 square feet [1309671168.00 square inches]
25 Displacements
361664 Square Feet [52079740.00 Square Inches]
19000 patches before subdivision
161318 patches after subdivision
60 direct lights
0...1...2...3...4...5...6...7...8...9...100...1...2...3...4...5...6...7...8...9...10transfers 16330632, max 1499
transfer lists: 124.6 megs
0...1...2...3...4...5...6...7...8...9...10	Bounce #1 added RGB(28969, 26707, 18555)
0...1...2...3...4...5...6...7...8...9...10	Bounce #2 added RGB(4928, 4520, 2944)
0...1...2...3...4...5...6...7...8...9...10	Bounce #3 added RGB(869, 732, 422)
0...1...2...3...4...5...6...7...8...9...10	Bounce #4 added RGB(175, 144, 75)
0...1...2...3...4...5...6...7...8...9...10	Bounce #5 added RGB(36, 29, 13)
0...1...2...3...4...5...6...7...8...9...10	Bounce #6 added RGB(8, 6, 3)
0...1...2...3...4...5...6...7...8...9...10	Bounce #7 added RGB(2, 1, 1)
0...1...2...3...4...5...6...7...8...9...10	Bounce #8 added RGB(0, 0, 0)
Build Patch/Sample Hash Table(s).....Done<0.0539 sec>
0...1...2...3...4...5...6...7...8...9...10FinalLightFace Done
0 of 0 (0% of) surface lights went in leaf ambient cubes.
0...1...2...3...4...5...6...7...8...9...10Writing leaf ambient...done
Computing static prop lighting : 00...1...2


Using shader api: shaderapiempty.dll
materialPath: Z:\mnt\d\SteamLibrary\steamapps\common\Left 4 Dead 2\left4dead2\materials
Loading Z:\mnt\f\stuff\git\l4d2-things\reverse_rda\map\r_c11m4_terminal.vmf
KeyValues Error: RecursiveLoadFromBuffer:  got EOF instead of keyname in file materials/ads/adgroup_01b.vmt
LightmappedGeneric, 
KeyValues Error: RecursiveLoadFromBuffer:  got EOF instead of keyname in file materials/ads/adgroup_01b.vmt
LightmappedGeneric, 
KeyValues Error: RecursiveLoadFromBuffer:  got EOF instead of keyname in file materials/ads/adgroup_01a.vmt
LightmappedGeneric, 
KeyValues Error: RecursiveLoadFromBuffer:  got EOF instead of keyname in file materials/ads/adgroup_01a.vmt
LightmappedGeneric, 
fixing up env_cubemap materials on brush sides...
KeyValues Error: RecursiveLoadFromBuffer:  got EOF instead of keyname in file materials/ADS/ADGROUP_01B.vmt
LightmappedGeneric, 
KeyValues Error: RecursiveLoadFromBuffer:  got EOF instead of keyname in file materials/ADS/ADGROUP_01B.vmt
LightmappedGeneric, 
KeyValues Error: RecursiveLoadFromBuffer:  got EOF instead of keyname in file materials/ADS/ADGROUP_01B.vmt
LightmappedGeneric, 
KeyValues Error: RecursiveLoadFromBuffer:  got EOF instead of keyname in file materials/ADS/ADGROUP_01B.vmt
LightmappedGeneric, 
KeyValues Error: RecursiveLoadFromBuffer:  got EOF instead of keyname in file materials/ADS/ADGROUP_01A.vmt
LightmappedGeneric, 
KeyValues Error: RecursiveLoadFromBuffer:  got EOF instead of keyname in file materials/ADS/ADGROUP_01A.vmt
LightmappedGeneric, 
KeyValues Error: RecursiveLoadFromBuffer:  got EOF instead of keyname in file materials/ADS/ADGROUP_01A.vmt
LightmappedGeneric, 
KeyValues Error: RecursiveLoadFromBuffer:  got EOF instead of keyname in file materials/ADS/ADGROUP_01A.vmt
LightmappedGeneric, 
0...1...2...3...4...5...6...7...8...9...100...1...2...3...4...5...6...7...8...9...10Processing areas...done (0)
Building Faces...done (0)
Occluder "01" straddles multiple areas. This is invalid!
Occluder "01" straddles multiple areas. This is invalid!
Occluder "02" straddles multiple areas. This is invalid!
Occluder "02" straddles multiple areas. This is invalid!
Occluder "02" straddles multiple areas. This is invalid!
Occluder "03" straddles multiple areas. This is invalid!
Occluder "03" straddles multiple areas. This is invalid!
Occluder "03" straddles multiple areas. This is invalid!
Occluder "03" straddles multiple areas. This is invalid!
Occluder "03" straddles multiple areas. This is invalid!
Occluder "03" straddles multiple areas. This is invalid!
Occluder "03" straddles multiple areas. This is invalid!
Occluder "03" straddles multiple areas. This is invalid!
Occluder "03" straddles multiple areas. This is invalid!
Occluder "03" straddles multiple areas. This is invalid!
Occluder "03" straddles multiple areas. This is invalid!
Occluder "03" straddles multiple areas. This is invalid!
Occluder "03" straddles multiple areas. This is invalid!
Occluder "03" straddles multiple areas. This is invalid!
Occluder "03" straddles multiple areas. This is invalid!
Occluder "04" straddles multiple areas. This is invalid!
Occluder "04" straddles multiple areas. This is invalid!
Occluder "04" straddles multiple areas. This is invalid!
Occluder "04" straddles multiple areas. This is invalid!
Occluder "04" straddles multiple areas. This is invalid!
Occluder "04" straddles multiple areas. This is invalid!
Occluder "04" straddles multiple areas. This is invalid!
Occluder "04" straddles multiple areas. This is invalid!
Occluder "04" straddles multiple areas. This is invalid!
Occluder "04" straddles multiple areas. This is invalid!
Occluder "04" straddles multiple areas. This is invalid!
Occluder "04" straddles multiple areas. This is invalid!
Occluder "04" straddles multiple areas. This is invalid!
Occluder "04" straddles multiple areas. This is invalid!
Occluder "04" straddles multiple areas. This is invalid!
Occluder "04" straddles multiple areas. This is invalid!
Occluder "04" straddles multiple areas. This is invalid!
Occluder "04" straddles multiple areas. This is invalid!
Occluder "03" straddles multiple areas. This is invalid!
Occluder "03" straddles multiple areas. This is invalid!
Occluder "03" straddles multiple areas. This is invalid!
Occluder "03" straddles multiple areas. This is invalid!
Occluder "03" straddles multiple areas. This is invalid!
Occluder "03" straddles multiple areas. This is invalid!
Occluder "03" straddles multiple areas. This is invalid!
Occluder "03" straddles multiple areas. This is invalid!
Occluder "03" straddles multiple areas. This is invalid!
Occluder "03" straddles multiple areas. This is invalid!
Occluder "03" straddles multiple areas. This is invalid!
Occluder "03" straddles multiple areas. This is invalid!
Occluder "03" straddles multiple areas. This is invalid!
Occluder "03" straddles multiple areas. This is invalid!
Occluder "03" straddles multiple areas. This is invalid!
Occluder "03" straddles multiple areas. This is invalid!
Occluder "03" straddles multiple areas. This is invalid!
Occluder "03" straddles multiple areas. This is invalid!
Occluder "03" straddles multiple areas. This is invalid!
Occluder "03" straddles multiple areas. This is invalid!
Occluder "03" straddles multiple areas. This is invalid!
Occluder "03" straddles multiple areas. This is invalid!
Occluder "03" straddles multiple areas. This is invalid!
Occluder "03" straddles multiple areas. This is invalid!
Occluder "03" straddles multiple areas. This is invalid!
Occluder "03" straddles multiple areas. This is invalid!
Occluder "03" straddles multiple areas. This is invalid!
Occluder "03" straddles multiple areas. This is invalid!
Occluder "03" straddles multiple areas. This is invalid!
Occluder "03" straddles multiple areas. This is invalid!
Occluder "03" straddles multiple areas. This is invalid!
Occluder "03" straddles multiple areas. This is invalid!
Occluder "03" straddles multiple areas. This is invalid!
Occluder "03" straddles multiple areas. This is invalid!
Occluder "03" straddles multiple areas. This is invalid!
Occluder "03" straddles multiple areas. This is invalid!
Occluder "03" straddles multiple areas. This is invalid!
Occluder "03" straddles multiple areas. This is invalid!
Occluder "03" straddles multiple areas. This is invalid!
Occluder "03" straddles multiple areas. This is invalid!
Occluder "03" straddles multiple areas. This is invalid!
Occluder "03" straddles multiple areas. This is invalid!
Occluder "03" straddles multiple areas. This is invalid!
Occluder "03" straddles multiple areas. This is invalid!
Occluder "03" straddles multiple areas. This is invalid!
Occluder "03" straddles multiple areas. This is invalid!
Occluder "03" straddles multiple areas. This is invalid!
Occluder "03" straddles multiple areas. This is invalid!
Occluder "03" straddles multiple areas. This is invalid!
Occluder "03" straddles multiple areas. This is invalid!
Occluder "03" straddles multiple areas. This is invalid!
Occluder "03" straddles multiple areas. This is invalid!
Occluder "03" straddles multiple areas. This is invalid!
Occluder "03" straddles multiple areas. This is invalid!
Occluder "03" straddles multiple areas. This is invalid!
Occluder "03" straddles multiple areas. This is invalid!
Occluder "03" straddles multiple areas. This is invalid!
Occluder "03" straddles multiple areas. This is invalid!
Occluder "03" straddles multiple areas. This is invalid!
Occluder "03" straddles multiple areas. This is invalid!
Occluder "03" straddles multiple areas. This is invalid!
Occluder "03" straddles multiple areas. This is invalid!
Occluder "03" straddles multiple areas. This is invalid!
Occluder "03" straddles multiple areas. This is invalid!
Occluder "03" straddles multiple areas. This is invalid!
Occluder "03" straddles multiple areas. This is invalid!
Occluder "03" straddles multiple areas. This is invalid!
Occluder "03" straddles multiple areas. This is invalid!
Occluder "03" straddles multiple areas. This is invalid!
Occluder "03" straddles multiple areas. This is invalid!
Occluder "03" straddles multiple areas. This is invalid!
Occluder "03" straddles multiple areas. This is invalid!
Occluder "03" straddles multiple areas. This is invalid!
Occluder "03" straddles multiple areas. This is invalid!
Occluder "03" straddles multiple areas. This is invalid!
Occluder "03" straddles multiple areas. This is invalid!
Occluder "03" straddles multiple areas. This is invalid!
Occluder "03" straddles multiple areas. This is invalid!
Chop Details...done (0)
Find Visible Detail Sides...
Merged 2004 detail faces...done (1)
Merging details...done (0)
FixTjuncs...
PruneNodes...
WriteBSP...
done (1)
writing Z:\mnt\f\stuff\git\l4d2-things\reverse_rda\map\r_c11m4_terminal.prt...Building visibility clusters...
done (0)
Finding displacement neighbors...
Finding lightmap sample positions...
Displacement Alpha : 0...1...2...3...4...5...6...7...8...9...10
Building Physics collision data...
done (1) (2066193 bytes)
Cannot build Physics2 data
                                                             -----------
DataLinker total stream size                                     0.0 KiB
Placing detail props : 0...1...2...3...4...5...6...7...8...9...10
Compacting texture/material tables...
Reduced 10901 texinfos to 8015
Reduced 544 texdatas to 492 (22552 bytes to 20822)
Writing Z:\mnt\f\stuff\git\l4d2-things\reverse_rda\map\r_c11m4_terminal.bsp
12 seconds elapsed



6 threads
reading z:\mnt\f\stuff\git\l4d2-things\reverse_rda\map\r_c11m4_terminal.bsp
max farz in all env_fog_controller entities: 10000.000000 (used for radial vis)
reading z:\mnt\f\stuff\git\l4d2-things\reverse_rda\map\r_c11m4_terminal.prt
1305 portalclusters
2707 numportals
0...1...2...3...4...5...6...7...8...9...100...1...2...3...4...5...6...7...8...9...10Optimized: 1508 visible clusters (0.00%)
Total clusters visible: 273227
Average clusters visible: 209
Building PAS...
Average clusters audible: 568
visdatasize:242048  compressed from 438480
writing z:\mnt\f\stuff\git\l4d2-things\reverse_rda\map\r_c11m4_terminal.bsp
8 seconds elapsed



[Reading texlights from 'lights.rad']
[2 texlights parsed from 'lights.rad']

Loading z:\mnt\f\stuff\git\l4d2-things\reverse_rda\map\r_c11m4_terminal.bsp
19060 faces
15 degenerate faces
9164233 square feet [1319649536.00 square inches]
25 Displacements
361664 Square Feet [52079740.00 Square Inches]
19045 patches before subdivision
161419 patches after subdivision
60 direct lights
0...1...2...3...4...5...6...7...8...9...100...1...2...3...4...5...6...7...8...9...10transfers 16315706, max 1499
transfer lists: 124.5 megs
0...1...2...3...4...5...6...7...8...9...10	Bounce #1 added RGB(28929, 26620, 18467)
0...1...2...3...4...5...6...7...8...9...10	Bounce #2 added RGB(4935, 4524, 2943)
0...1...2...3...4...5...6...7...8...9...10	Bounce #3 added RGB(871, 733, 422)
0...1...2...3...4...5...6...7...8...9...10	Bounce #4 added RGB(176, 145, 75)
0...1...2...3...4...5...6...7...8...9...10	Bounce #5 added RGB(37, 29, 13)
0...1...2...3...4...5...6...7...8...9...10	Bounce #6 added RGB(8, 7, 3)
0...1...2...3...4...5...6...7...8...9...10	Bounce #7 added RGB(2, 2, 1)
0...1...2...3...4...5...6...7...8...9...10	Bounce #8 added RGB(1, 0, 0)
Build Patch/Sample Hash Table(s).....Done<0.0535 sec>
0...1...2...3...4...5...6...7...8...9...10FinalLightFace Done
0 of 0 (0% of) surface lights went in leaf ambient cubes.
0...1...2...3...4...5...6...7...8...9...10Writing leaf ambient...done
Computing static prop lighting : 00...1...2...3...4...5...6...7...8...9...10
Ready to Finish

Object names       Objects/Maxobjs  Memory / Maxmem  Fullness 
------------       ---------------  ---------------  -------- 
models                 139/1024         6672/49152    (13.6%) 
brushes               5549/8192        66588/98304    (67.7%) 
brushsides           51803/65536      414424/524288   (79.0%) 
planes               47166/65536      943320/1310720  (72.0%) 
vertexes             32784/65536      393408/786432   (50.0%) 
nodes                 5824/65536      186368/2097152  ( 8.9%) 
texinfos              8015/12288      577080/884736   (65.2%) 
texdata                492/2048        15744/65536    (24.0%) 
dispinfos               25/0            4400/0        ( 0.0%) 
disp_verts            2441/0           48820/0        ( 0.0%) 
disp_tris             3968/0            7936/0        ( 0.0%) 
disp_lmsamples      231201/0          231201/0        ( 0.0%) 
faces                19060/65536     1067360/3670016  (29.1%) 
hdr faces            19060/65536     1067360/3670016  (29.1%) 
origfaces            14721/65536      824376/3670016  (22.5%) 
leaves                5964/65536      190848/2097152  ( 9.1%) 
leaffaces            22906/65536       45812/131072   (35.0%) 
leafbrushes          10783/65536       21566/131072   (16.5%) 
areas                   40/256           320/2048     (15.6%) 
surfedges           152154/512000     608616/2048000  (29.7%) 
edges                95738/256000     382952/1024000  (37.4%) 
LDR worldlights          0/8192            0/819200   ( 0.0%) 
HDR worldlights         60/8192         6000/819200   ( 0.7%) 
leafwaterdata            0/32768           0/393216   ( 0.0%) 
waterstrips           2208/32768       22080/327680   ( 6.7%) 
waterverts               0/65536           0/786432   ( 0.0%) 
waterindices         41550/65536       83100/131072   (63.4%) 
cubemapsamples          68/1024         1088/16384    ( 6.6%) 
overlays               467/512        164384/180224   (91.2%) VERY FULL!
LDR lightdata         [variable]           0/0        ( 0.0%) 
HDR lightdata         [variable]     5598908/0        ( 0.0%) 
visdata               [variable]      242048/16777216 ( 1.4%) 
entdata               [variable]      596779/393216   (151.8%) VERY FULL!
LDR ambient table     5964/65536       23856/262144   ( 9.1%) 
HDR ambient table     5964/65536       23856/262144   ( 9.1%) 
LDR leaf ambient      5964/65536      166992/1835008  ( 9.1%) 
HDR leaf ambient     15663/65536      438564/1835008  (23.9%) 
occluders                8/0             320/0        ( 0.0%) 
occluder polygons       20/0             240/0        ( 0.0%) 
occluder vert ind      102/0             408/0        ( 0.0%) 
Prop Hull Verts          0/0               0/0        ( 0.0%) 
Prop Hull Blob           0/0               0/0        ( 0.0%) 
Prop Hull Lists          0/0               0/0        ( 0.0%) 
Prop Hulls               0/0               0/0        ( 0.0%) 
Prop Hull trilist        0/0               0/0        ( 0.0%) 
detail props          [variable]           1/12       ( 8.3%) 
static props          [variable]           1/85600    ( 0.0%) 
pakfile               [variable]     7767365/0        ( 0.0%) 
physics               [variable]     2066193/4194304  (49.3%) 
physics terrain       [variable]        6993/1048576  ( 0.7%) 

Level flags = 2

Total triangle count: 55021
Writing z:\mnt\f\stuff\git\l4d2-things\reverse_rda\map\r_c11m4_terminal.bsp
5 minutes, 41 seconds elapsed



Using shader api: shaderapiempty.dll
materialPath: Z:\mnt\d\SteamLibrary\steamapps\common\Left 4 Dead 2\left4dead2\materials
Loading Z:\mnt\f\stuff\git\l4d2-things\reverse_rda\map\r_c11m4_terminal.vmf
KeyValues Error: RecursiveLoadFromBuffer:  got EOF instead of keyname in file materials/ads/adgroup_01b.vmt
LightmappedGeneric, 
KeyValues Error: RecursiveLoadFromBuffer:  got EOF instead of keyname in file materials/ads/adgroup_01b.vmt
LightmappedGeneric, 
KeyValues Error: RecursiveLoadFromBuffer:  got EOF instead of keyname in file materials/ads/adgroup_01a.vmt
LightmappedGeneric, 
KeyValues Error: RecursiveLoadFromBuffer:  got EOF instead of keyname in file materials/ads/adgroup_01a.vmt
LightmappedGeneric, 
fixing up env_cubemap materials on brush sides...
KeyValues Error: RecursiveLoadFromBuffer:  got EOF instead of keyname in file materials/ADS/ADGROUP_01B.vmt
LightmappedGeneric, 
KeyValues Error: RecursiveLoadFromBuffer:  got EOF instead of keyname in file materials/ADS/ADGROUP_01B.vmt
LightmappedGeneric, 
KeyValues Error: RecursiveLoadFromBuffer:  got EOF instead of keyname in file materials/ADS/ADGROUP_01B.vmt
LightmappedGeneric, 
KeyValues Error: RecursiveLoadFromBuffer:  got EOF instead of keyname in file materials/ADS/ADGROUP_01B.vmt
LightmappedGeneric, 
KeyValues Error: RecursiveLoadFromBuffer:  got EOF instead of keyname in file materials/ADS/ADGROUP_01A.vmt
LightmappedGeneric, 
KeyValues Error: RecursiveLoadFromBuffer:  got EOF instead of keyname in file materials/ADS/ADGROUP_01A.vmt
LightmappedGeneric, 
KeyValues Error: RecursiveLoadFromBuffer:  got EOF instead of keyname in file materials/ADS/ADGROUP_01A.vmt
LightmappedGeneric, 
KeyValues Error: RecursiveLoadFromBuffer:  got EOF instead of keyname in file materials/ADS/ADGROUP_01A.vmt
LightmappedGeneric, 
0...1...2...3...4...5...6...7...8...9...100...1...2...3...4...5...6...7...8...9...10Processing areas...done (0)
Building Faces...done (0)
Occluder "01" straddles multiple areas. This is invalid!
Occluder "01" straddles multiple areas. This is invalid!
Occluder "02" straddles multiple areas. This is invalid!
Occluder "02" straddles multiple areas. This is invalid!
Occluder "02" straddles multiple areas. This is invalid!
Occluder "03" straddles multiple areas. This is invalid!
Occluder "03" straddles multiple areas. This is invalid!
Occluder "03" straddles multiple areas. This is invalid!
Occluder "03" straddles multiple areas. This is invalid!
Occluder "03" straddles multiple areas. This is invalid!
Occluder "03" straddles multiple areas. This is invalid!
Occluder "03" straddles multiple areas. This is invalid!
Occluder "03" straddles multiple areas. This is invalid!
Occluder "03" straddles multiple areas. This is invalid!
Occluder "03" straddles multiple areas. This is invalid!
Occluder "03" straddles multiple areas. This is invalid!
Occluder "03" straddles multiple areas. This is invalid!
Occluder "03" straddles multiple areas. This is invalid!
Occluder "03" straddles multiple areas. This is invalid!
Occluder "03" straddles multiple areas. This is invalid!
Occluder "04" straddles multiple areas. This is invalid!
Occluder "04" straddles multiple areas. This is invalid!
Occluder "04" straddles multiple areas. This is invalid!
Occluder "04" straddles multiple areas. This is invalid!
Occluder "04" straddles multiple areas. This is invalid!
Occluder "04" straddles multiple areas. This is invalid!
Occluder "04" straddles multiple areas. This is invalid!
Occluder "04" straddles multiple areas. This is invalid!
Occluder "04" straddles multiple areas. This is invalid!
Occluder "04" straddles multiple areas. This is invalid!
Occluder "04" straddles multiple areas. This is invalid!
Occluder "04" straddles multiple areas. This is invalid!
Occluder "04" straddles multiple areas. This is invalid!
Occluder "04" straddles multiple areas. This is invalid!
Occluder "04" straddles multiple areas. This is invalid!
Occluder "04" straddles multiple areas. This is invalid!
Occluder "04" straddles multiple areas. This is invalid!
Occluder "04" straddles multiple areas. This is invalid!
Occluder "03" straddles multiple areas. This is invalid!
Occluder "03" straddles multiple areas. This is invalid!
Occluder "03" straddles multiple areas. This is invalid!
Occluder "03" straddles multiple areas. This is invalid!
Occluder "03" straddles multiple areas. This is invalid!
Occluder "03" straddles multiple areas. This is invalid!
Occluder "03" straddles multiple areas. This is invalid!
Occluder "03" straddles multiple areas. This is invalid!
Occluder "03" straddles multiple areas. This is invalid!
Occluder "03" straddles multiple areas. This is invalid!
Occluder "03" straddles multiple areas. This is invalid!
Occluder "03" straddles multiple areas. This is invalid!
Occluder "03" straddles multiple areas. This is invalid!
Occluder "03" straddles multiple areas. This is invalid!
Occluder "03" straddles multiple areas. This is invalid!
Occluder "03" straddles multiple areas. This is invalid!
Occluder "03" straddles multiple areas. This is invalid!
Occluder "03" straddles multiple areas. This is invalid!
Occluder "03" straddles multiple areas. This is invalid!
Occluder "03" straddles multiple areas. This is invalid!
Occluder "03" straddles multiple areas. This is invalid!
Occluder "03" straddles multiple areas. This is invalid!
Occluder "03" straddles multiple areas. This is invalid!
Occluder "03" straddles multiple areas. This is invalid!
Occluder "03" straddles multiple areas. This is invalid!
Occluder "03" straddles multiple areas. This is invalid!
Occluder "03" straddles multiple areas. This is invalid!
Occluder "03" straddles multiple areas. This is invalid!
Occluder "03" straddles multiple areas. This is invalid!
Occluder "03" straddles multiple areas. This is invalid!
Occluder "03" straddles multiple areas. This is invalid!
Occluder "03" straddles multiple areas. This is invalid!
Occluder "03" straddles multiple areas. This is invalid!
Occluder "03" straddles multiple areas. This is invalid!
Occluder "03" straddles multiple areas. This is invalid!
Occluder "03" straddles multiple areas. This is invalid!
Occluder "03" straddles multiple areas. This is invalid!
Occluder "03" straddles multiple areas. This is invalid!
Occluder "03" straddles multiple areas. This is invalid!
Occluder "03" straddles multiple areas. This is invalid!
Occluder "03" straddles multiple areas. This is invalid!
Occluder "03" straddles multiple areas. This is invalid!
Occluder "03" straddles multiple areas. This is invalid!
Occluder "03" straddles multiple areas. This is invalid!
Occluder "03" straddles multiple areas. This is invalid!
Occluder "03" straddles multiple areas. This is invalid!
Occluder "03" straddles multiple areas. This is invalid!
Occluder "03" straddles multiple areas. This is invalid!
Occluder "03" straddles multiple areas. This is invalid!
Occluder "03" straddles multiple areas. This is invalid!
Occluder "03" straddles multiple areas. This is invalid!
Occluder "03" straddles multiple areas. This is invalid!
Occluder "03" straddles multiple areas. This is invalid!
Occluder "03" straddles multiple areas. This is invalid!
Occluder "03" straddles multiple areas. This is invalid!
Occluder "03" straddles multiple areas. This is invalid!
Occluder "03" straddles multiple areas. This is invalid!
Occluder "03" straddles multiple areas. This is invalid!
Occluder "03" straddles multiple areas. This is invalid!
Occluder "03" straddles multiple areas. This is invalid!
Occluder "03" straddles multiple areas. This is invalid!
Occluder "03" straddles multiple areas. This is invalid!
Occluder "03" straddles multiple areas. This is invalid!
Occluder "03" straddles multiple areas. This is invalid!
Occluder "03" straddles multiple areas. This is invalid!
Occluder "03" straddles multiple areas. This is invalid!
Occluder "03" straddles multiple areas. This is invalid!
Occluder "03" straddles multiple areas. This is invalid!
Occluder "03" straddles multiple areas. This is invalid!
Occluder "03" straddles multiple areas. This is invalid!
Occluder "03" straddles multiple areas. This is invalid!
Occluder "03" straddles multiple areas. This is invalid!
Occluder "03" straddles multiple areas. This is invalid!
Occluder "03" straddles multiple areas. This is invalid!
Occluder "03" straddles multiple areas. This is invalid!
Occluder "03" straddles multiple areas. This is invalid!
Occluder "03" straddles multiple areas. This is invalid!
Occluder "03" straddles multiple areas. This is invalid!
Chop Details...done (0)
Find Visible Detail Sides...
Merged 1990 detail faces...done (0)
Merging details...done (1)
FixTjuncs...
PruneNodes...
WriteBSP...
done (1)
writing Z:\mnt\f\stuff\git\l4d2-things\reverse_rda\map\r_c11m4_terminal.prt...Building visibility clusters...
done (0)
Finding displacement neighbors...
Finding lightmap sample positions...
Displacement Alpha : 0...1...2...3...4...5...6...7...8...9...10
Building Physics collision data...
done (2) (2072393 bytes)
Cannot build Physics2 data
                                                             -----------
DataLinker total stream size                                     0.0 KiB
Placing detail props : 0...1...2...3...4...5...6...7...8...9...10
Compacting texture/material tables...
Reduced 10988 texinfos to 8041
Reduced 544 texdatas to 492 (22552 bytes to 20822)
Writing Z:\mnt\f\stuff\git\l4d2-things\reverse_rda\map\r_c11m4_terminal.bsp
11 seconds elapsed



6 threads
reading z:\mnt\f\stuff\git\l4d2-things\reverse_rda\map\r_c11m4_terminal.bsp
max farz in all env_fog_controller entities: 10000.000000 (used for radial vis)
reading z:\mnt\f\stuff\git\l4d2-things\reverse_rda\map\r_c11m4_terminal.prt
1294 portalclusters
2682 numportals
0...1...2...3...4...5...6...7...8...9...100...1...2...3...4...5...6...7...8...9...10Optimized: 1486 visible clusters (0.00%)
Total clusters visible: 268862
Average clusters visible: 207
Building PAS...
Average clusters audible: 560
visdatasize:235442  compressed from 434784
writing z:\mnt\f\stuff\git\l4d2-things\reverse_rda\map\r_c11m4_terminal.bsp
6 seconds elapsed



[Reading texlights from 'lights.rad']
[2 texlights parsed from 'lights.rad']

Loading z:\mnt\f\stuff\git\l4d2-things\reverse_rda\map\r_c11m4_terminal.bsp
19106 faces
15 degenerate faces
9158925 square feet [1318885120.00 square inches]
25 Displacements
361664 Square Feet [52079740.00 Square Inches]
19091 patches before subdivision
161163 patches after subdivision
59 direct lights
0...1...2...3...4...5...6...7...8...9...100...1...2...3...4...5...6...7...8...9...10transfers 16218006, max 1499
transfer lists: 123.7 megs
0...1...2...3...4...5...6...7...8...9...10	Bounce #1 added RGB(29147, 27025, 18833)
0...1...2...3...4...5...6...7...8...9...10	Bounce #2 added RGB(5002, 4647, 3041)
0...1...2...3...4...5...6...7...8...9...10	Bounce #3 added RGB(884, 757, 441)
0...1...2...3...4...5...6...7...8...9...10	Bounce #4 added RGB(180, 153, 80)
0...1...2...3...4...5...6...7...8...9...10	Bounce #5 added RGB(37, 30, 14)
0...1...2...3...4...5...6...7...8...9...10	Bounce #6 added RGB(9, 7, 3)
0...1...2...3...4...5...6...7...8...9...10	Bounce #7 added RGB(2, 2, 1)
0...1...2...3...4...5...6...7...8...9...10	Bounce #8 added RGB(1, 0, 0)
Build Patch/Sample Hash Table(s).....Done<0.0531 sec>
0...1...2...3...4...5...6...7...8...9...10FinalLightFace Done
0 of 0 (0% of) surface lights went in leaf ambient cubes.
0...1...2...3...4...5...6...7...8...9...10Writing leaf ambient...done
Computing static prop lighting : 00...1...2...3...4...5...6...7...8...9...10
Ready to Finish

Object names       Objects/Maxobjs  Memory / Maxmem  Fullness 
------------       ---------------  ---------------  -------- 
models                 150/1024         7200/49152    (14.6%) 
brushes               5558/8192        66696/98304    (67.8%) 
brushsides           51899/65536      415192/524288   (79.2%) 
planes               47392/65536      947840/1310720  (72.3%) 
vertexes             32858/65536      394296/786432   (50.1%) 
nodes                 5884/65536      188288/2097152  ( 9.0%) 
texinfos              8041/12288      578952/884736   (65.4%) 
texdata                492/2048        15744/65536    (24.0%) 
dispinfos               25/0            4400/0        ( 0.0%) 
disp_verts            2441/0           48820/0        ( 0.0%) 
disp_tris             3968/0            7936/0        ( 0.0%) 
disp_lmsamples      231201/0          231201/0        ( 0.0%) 
faces                19106/65536     1069936/3670016  (29.2%) 
hdr faces            19106/65536     1069936/3670016  (29.2%) 
origfaces            14774/65536      827344/3670016  (22.5%) 
leaves                6035/65536      193120/2097152  ( 9.2%) 
leaffaces            22906/65536       45812/131072   (35.0%) 
leafbrushes          10772/65536       21544/131072   (16.4%) 
areas                   39/256           312/2048     (15.2%) 
surfedges           152551/512000     610204/2048000  (29.8%) 
edges                95910/256000     383640/1024000  (37.5%) 
LDR worldlights          0/8192            0/819200   ( 0.0%) 
HDR worldlights         59/8192         5900/819200   ( 0.7%) 
leafwaterdata            0/32768           0/393216   ( 0.0%) 
waterstrips           2206/32768       22060/327680   ( 6.7%) 
waterverts               0/65536           0/786432   ( 0.0%) 
waterindices         41517/65536       83034/131072   (63.3%) 
cubemapsamples          68/1024         1088/16384    ( 6.6%) 
overlays               467/512        164384/180224   (91.2%) VERY FULL!
LDR lightdata         [variable]           0/0        ( 0.0%) 
HDR lightdata         [variable]     5587768/0        ( 0.0%) 
visdata               [variable]      235442/16777216 ( 1.4%) 
entdata               [variable]      605540/393216   (154.0%) VERY FULL!
LDR ambient table     6035/65536       24140/262144   ( 9.2%) 
HDR ambient table     6035/65536       24140/262144   ( 9.2%) 
LDR leaf ambient      6035/65536      168980/1835008  ( 9.2%) 
HDR leaf ambient     16175/65536      452900/1835008  (24.7%) 
occluders                8/0             320/0        ( 0.0%) 
occluder polygons       20/0             240/0        ( 0.0%) 
occluder vert ind      102/0             408/0        ( 0.0%) 
Prop Hull Verts          0/0               0/0        ( 0.0%) 
Prop Hull Blob           0/0               0/0        ( 0.0%) 
Prop Hull Lists          0/0               0/0        ( 0.0%) 
Prop Hulls               0/0               0/0        ( 0.0%) 
Prop Hull trilist        0/0               0/0        ( 0.0%) 
detail props          [variable]           1/12       ( 8.3%) 
static props          [variable]           1/85766    ( 0.0%) 
pakfile               [variable]     7767365/0        ( 0.0%) 
physics               [variable]     2072393/4194304  (49.4%) 
physics terrain       [variable]        6993/1048576  ( 0.7%) 

Level flags = 2

Total triangle count: 55115
Writing z:\mnt\f\stuff\git\l4d2-things\reverse_rda\map\r_c11m4_terminal.bsp
4 minutes, 48 seconds elapsed



Using shader api: shaderapiempty.dll
materialPath: Z:\mnt\d\SteamLibrary\steamapps\common\Left 4 Dead 2\left4dead2\materials
Loading Z:\mnt\f\stuff\git\l4d2-things\reverse_rda\map\r_c11m4_terminal.vmf
KeyValues Error: RecursiveLoadFromBuffer:  got EOF instead of keyname in file materials/ads/adgroup_01b.vmt
LightmappedGeneric, 
KeyValues Error: RecursiveLoadFromBuffer:  got EOF instead of keyname in file materials/ads/adgroup_01b.vmt
LightmappedGeneric, 
KeyValues Error: RecursiveLoadFromBuffer:  got EOF instead of keyname in file materials/ads/adgroup_01a.vmt
LightmappedGeneric, 
KeyValues Error: RecursiveLoadFromBuffer:  got EOF instead of keyname in file materials/ads/adgroup_01a.vmt
LightmappedGeneric, 
fixing up env_cubemap materials on brush sides...
KeyValues Error: RecursiveLoadFromBuffer:  got EOF instead of keyname in file materials/ADS/ADGROUP_01B.vmt
LightmappedGeneric, 
KeyValues Error: RecursiveLoadFromBuffer:  got EOF instead of keyname in file materials/ADS/ADGROUP_01B.vmt
LightmappedGeneric, 
KeyValues Error: RecursiveLoadFromBuffer:  got EOF instead of keyname in file materials/ADS/ADGROUP_01B.vmt
LightmappedGeneric, 
KeyValues Error: RecursiveLoadFromBuffer:  got EOF instead of keyname in file materials/ADS/ADGROUP_01B.vmt
LightmappedGeneric, 
KeyValues Error: RecursiveLoadFromBuffer:  got EOF instead of keyname in file materials/ADS/ADGROUP_01A.vmt
LightmappedGeneric, 
KeyValues Error: RecursiveLoadFromBuffer:  got EOF instead of keyname in file materials/ADS/ADGROUP_01A.vmt
LightmappedGeneric, 
KeyValues Error: RecursiveLoadFromBuffer:  got EOF instead of keyname in file materials/ADS/ADGROUP_01A.vmt
LightmappedGeneric, 
KeyValues Error: RecursiveLoadFromBuffer:  got EOF instead of keyname in file materials/ADS/ADGROUP_01A.vmt
LightmappedGeneric, 
0...1...2...3...4...5...6...7...8...9...100...1...2...3...4...5...6...7...8...9...10Processing areas...done (0)
Building Faces...done (0)
Occluder "01" straddles multiple areas. This is invalid!
Occluder "01" straddles multiple areas. This is invalid!
Occluder "02" straddles multiple areas. This is invalid!
Occluder "02" straddles multiple areas. This is invalid!
Occluder "02" straddles multiple areas. This is invalid!
Occluder "03" straddles multiple areas. This is invalid!
Occluder "03" straddles multiple areas. This is invalid!
Occluder "03" straddles multiple areas. This is invalid!
Occluder "03" straddles multiple areas. This is invalid!
Occluder "03" straddles multiple areas. This is invalid!
Occluder "03" straddles multiple areas. This is invalid!
Occluder "03" straddles multiple areas. This is invalid!
Occluder "03" straddles multiple areas. This is invalid!
Occluder "03" straddles multiple areas. This is invalid!
Occluder "03" straddles multiple areas. This is invalid!
Occluder "03" straddles multiple areas. This is invalid!
Occluder "03" straddles multiple areas. This is invalid!
Occluder "03" straddles multiple areas. This is invalid!
Occluder "03" straddles multiple areas. This is invalid!
Occluder "03" straddles multiple areas. This is invalid!
Occluder "04" straddles multiple areas. This is invalid!
Occluder "04" straddles multiple areas. This is invalid!
Occluder "04" straddles multiple areas. This is invalid!
Occluder "04" straddles multiple areas. This is invalid!
Occluder "04" straddles multiple areas. This is invalid!
Occluder "04" straddles multiple areas. This is invalid!
Occluder "04" straddles multiple areas. This is invalid!
Occluder "04" straddles multiple areas. This is invalid!
Occluder "04" straddles multiple areas. This is invalid!
Occluder "04" straddles multiple areas. This is invalid!
Occluder "04" straddles multiple areas. This is invalid!
Occluder "04" straddles multiple areas. This is invalid!
Occluder "04" straddles multiple areas. This is invalid!
Occluder "04" straddles multiple areas. This is invalid!
Occluder "04" straddles multiple areas. This is invalid!
Occluder "04" straddles multiple areas. This is invalid!
Occluder "04" straddles multiple areas. This is invalid!
Occluder "04" straddles multiple areas. This is invalid!
Occluder "03" straddles multiple areas. This is invalid!
Occluder "03" straddles multiple areas. This is invalid!
Occluder "03" straddles multiple areas. This is invalid!
Occluder "03" straddles multiple areas. This is invalid!
Occluder "03" straddles multiple areas. This is invalid!
Occluder "03" straddles multiple areas. This is invalid!
Occluder "03" straddles multiple areas. This is invalid!
Occluder "03" straddles multiple areas. This is invalid!
Occluder "03" straddles multiple areas. This is invalid!
Occluder "03" straddles multiple areas. This is invalid!
Occluder "03" straddles multiple areas. This is invalid!
Occluder "03" straddles multiple areas. This is invalid!
Occluder "03" straddles multiple areas. This is invalid!
Occluder "03" straddles multiple areas. This is invalid!
Occluder "03" straddles multiple areas. This is invalid!
Occluder "03" straddles multiple areas. This is invalid!
Occluder "03" straddles multiple areas. This is invalid!
Occluder "03" straddles multiple areas. This is invalid!
Occluder "03" straddles multiple areas. This is invalid!
Occluder "03" straddles multiple areas. This is invalid!
Occluder "03" straddles multiple areas. This is invalid!
Occluder "03" straddles multiple areas. This is invalid!
Occluder "03" straddles multiple areas. This is invalid!
Occluder "03" straddles multiple areas. This is invalid!
Occluder "03" straddles multiple areas. This is invalid!
Occluder "03" straddles multiple areas. This is invalid!
Occluder "03" straddles multiple areas. This is invalid!
Occluder "03" straddles multiple areas. This is invalid!
Occluder "03" straddles multiple areas. This is invalid!
Occluder "03" straddles multiple areas. This is invalid!
Occluder "03" straddles multiple areas. This is invalid!
Occluder "03" straddles multiple areas. This is invalid!
Occluder "03" straddles multiple areas. This is invalid!
Occluder "03" straddles multiple areas. This is invalid!
Occluder "03" straddles multiple areas. This is invalid!
Occluder "03" straddles multiple areas. This is invalid!
Occluder "03" straddles multiple areas. This is invalid!
Occluder "03" straddles multiple areas. This is invalid!
Occluder "03" straddles multiple areas. This is invalid!
Occluder "03" straddles multiple areas. This is invalid!
Occluder "03" straddles multiple areas. This is invalid!
Occluder "03" straddles multiple areas. This is invalid!
Occluder "03" straddles multiple areas. This is invalid!
Occluder "03" straddles multiple areas. This is invalid!
Occluder "03" straddles multiple areas. This is invalid!
Occluder "03" straddles multiple areas. This is invalid!
Occluder "03" straddles multiple areas. This is invalid!
Occluder "03" straddles multiple areas. This is invalid!
Occluder "03" straddles multiple areas. This is invalid!
Occluder "03" straddles multiple areas. This is invalid!
Occluder "03" straddles multiple areas. This is invalid!
Occluder "03" straddles multiple areas. This is invalid!
Occluder "03" straddles multiple areas. This is invalid!
Occluder "03" straddles multiple areas. This is invalid!
Occluder "03" straddles multiple areas. This is invalid!
Occluder "03" straddles multiple areas. This is invalid!
Occluder "03" straddles multiple areas. This is invalid!
Occluder "03" straddles multiple areas. This is invalid!
Occluder "03" straddles multiple areas. This is invalid!
Occluder "03" straddles multiple areas. This is invalid!
Occluder "03" straddles multiple areas. This is invalid!
Occluder "03" straddles multiple areas. This is invalid!
Occluder "03" straddles multiple areas. This is invalid!
Occluder "03" straddles multiple areas. This is invalid!
Occluder "03" straddles multiple areas. This is invalid!
Occluder "03" straddles multiple areas. This is invalid!
Occluder "03" straddles multiple areas. This is invalid!
Occluder "03" straddles multiple areas. This is invalid!
Occluder "03" straddles multiple areas. This is invalid!
Occluder "03" straddles multiple areas. This is invalid!
Occluder "03" straddles multiple areas. This is invalid!
Occluder "03" straddles multiple areas. This is invalid!
Occluder "03" straddles multiple areas. This is invalid!
Occluder "03" straddles multiple areas. This is invalid!
Occluder "03" straddles multiple areas. This is invalid!
Occluder "03" straddles multiple areas. This is invalid!
Occluder "03" straddles multiple areas. This is invalid!
Occluder "03" straddles multiple areas. This is invalid!
Chop Details...done (1)
Find Visible Detail Sides...
Merged 1990 detail faces...done (1)
Merging details...done (0)
FixTjuncs...
PruneNodes...
WriteBSP...
done (2)
writing Z:\mnt\f\stuff\git\l4d2-things\reverse_rda\map\r_c11m4_terminal.prt...Building visibility clusters...
done (0)
Finding displacement neighbors...
Finding lightmap sample positions...
Displacement Alpha : 0...1...2...3...4...5...6...7...8...9...10
Building Physics collision data...
done (1) (2072393 bytes)
Cannot build Physics2 data
                                                             -----------
DataLinker total stream size                                     0.0 KiB
Placing detail props : 0...1...2...3...4...5...6...7...8...9...10
Compacting texture/material tables...
Reduced 10988 texinfos to 8041
Reduced 544 texdatas to 492 (22552 bytes to 20822)
Writing Z:\mnt\f\stuff\git\l4d2-things\reverse_rda\map\r_c11m4_terminal.bsp
12 seconds elapsed



6 threads
reading z:\mnt\f\stuff\git\l4d2-things\reverse_rda\map\r_c11m4_terminal.bsp
max farz in all env_fog_controller entities: 10000.000000 (used for radial vis)
reading z:\mnt\f\stuff\git\l4d2-things\reverse_rda\map\r_c11m4_terminal.prt
1294 portalclusters
2682 numportals
0...1...2...3...4...5...6...7...8...9...100...1...2...3...4...5...6...7...8...9...10Optimized: 1475 visible clusters (0.00%)
Total clusters visible: 268851
Average clusters visible: 207
Building PAS...
Average clusters audible: 560
visdatasize:235442  compressed from 434784
writing z:\mnt\f\stuff\git\l4d2-things\reverse_rda\map\r_c11m4_terminal.bsp
8 seconds elapsed



[Reading texlights from 'lights.rad']
[2 texlights parsed from 'lights.rad']

Loading z:\mnt\f\stuff\git\l4d2-things\reverse_rda\map\r_c11m4_terminal.bsp
19106 faces
15 degenerate faces
9158925 square feet [1318885120.00 square inches]
25 Displacements
361664 Square Feet [52079740.00 Square Inches]
19091 patches before subdivision
161163 patches after subdivision
59 direct lights
0...1...2...3...4...5...6...7...8...9...100...1...2...3...4...5...6...7...8...9...10transfers 16218006, max 1499
transfer lists: 123.7 megs
0...1...2...3...4...5...6...7...8...9...10	Bounce #1 added RGB(29147, 27024, 18833)
0...1...2...3...4...5...6...7...8...9...10	Bounce #2 added RGB(5002, 4646, 3041)
0...1...2...3...4...5...6...7...8...9...10	Bounce #3 added RGB(884, 757, 441)
0...1...2...3...4...5...6...7...8...9...10	Bounce #4 added RGB(180, 153, 80)
0...1...2...3...4...5...6...7...8...9...10	Bounce #5 added RGB(37, 30, 14)
0...1...2...3...4...5...6...7...8...9...10	Bounce #6 added RGB(9, 7, 3)
0...1...2...3...4...5...6...7...8...9...10	Bounce #7 added RGB(2, 2, 1)
0...1...2...3...4...5...6...7...8...9...10	Bounce #8 added RGB(1, 0, 0)
Build Patch/Sample Hash Table(s).....Done<0.0539 sec>
0...1...2...3...4...5...6...7...8...9...10FinalLightFace Done
0 of 0 (0% of) surface lights went in leaf ambient cubes.
0...1...2...3...4...5...6...7...8...9...10Writing leaf ambient...done
Computing static prop lighting : 00...1...2...3...4...5...6...7...8...9...10
Ready to Finish

Object names       Objects/Maxobjs  Memory / Maxmem  Fullness 
------------       ---------------  ---------------  -------- 
models                 150/1024         7200/49152    (14.6%) 
brushes               5558/8192        66696/98304    (67.8%) 
brushsides           51899/65536      415192/524288   (79.2%) 
planes               47392/65536      947840/1310720  (72.3%) 
vertexes             32858/65536      394296/786432   (50.1%) 
nodes                 5884/65536      188288/2097152  ( 9.0%) 
texinfos              8041/12288      578952/884736   (65.4%) 
texdata                492/2048        15744/65536    (24.0%) 
dispinfos               25/0            4400/0        ( 0.0%) 
disp_verts            2441/0           48820/0        ( 0.0%) 
disp_tris             3968/0            7936/0        ( 0.0%) 
disp_lmsamples      231201/0          231201/0        ( 0.0%) 
faces                19106/65536     1069936/3670016  (29.2%) 
hdr faces            19106/65536     1069936/3670016  (29.2%) 
origfaces            14774/65536      827344/3670016  (22.5%) 
leaves                6035/65536      193120/2097152  ( 9.2%) 
leaffaces            22906/65536       45812/131072   (35.0%) 
leafbrushes          10772/65536       21544/131072   (16.4%) 
areas                   39/256           312/2048     (15.2%) 
surfedges           152551/512000     610204/2048000  (29.8%) 
edges                95910/256000     383640/1024000  (37.5%) 
LDR worldlights          0/8192            0/819200   ( 0.0%) 
HDR worldlights         59/8192         5900/819200   ( 0.7%) 
leafwaterdata            0/32768           0/393216   ( 0.0%) 
waterstrips           2206/32768       22060/327680   ( 6.7%) 
waterverts               0/65536           0/786432   ( 0.0%) 
waterindices         41517/65536       83034/131072   (63.3%) 
cubemapsamples          68/1024         1088/16384    ( 6.6%) 
overlays               467/512        164384/180224   (91.2%) VERY FULL!
LDR lightdata         [variable]           0/0        ( 0.0%) 
HDR lightdata         [variable]     5587768/0        ( 0.0%) 
visdata               [variable]      235442/16777216 ( 1.4%) 
entdata               [variable]      605540/393216   (154.0%) VERY FULL!
LDR ambient table     6035/65536       24140/262144   ( 9.2%) 
HDR ambient table     6035/65536       24140/262144   ( 9.2%) 
LDR leaf ambient      6035/65536      168980/1835008  ( 9.2%) 
HDR leaf ambient     16175/65536      452900/1835008  (24.7%) 
occluders                8/0             320/0        ( 0.0%) 
occluder polygons       20/0             240/0        ( 0.0%) 
occluder vert ind      102/0             408/0        ( 0.0%) 
Prop Hull Verts          0/0               0/0        ( 0.0%) 
Prop Hull Blob           0/0               0/0        ( 0.0%) 
Prop Hull Lists          0/0               0/0        ( 0.0%) 
Prop Hulls               0/0               0/0        ( 0.0%) 
Prop Hull trilist        0/0               0/0        ( 0.0%) 
detail props          [variable]           1/12       ( 8.3%) 
static props          [variable]           1/85766    ( 0.0%) 
pakfile               [variable]     7767365/0        ( 0.0%) 
physics               [variable]     2072393/4194304  (49.4%) 
physics terrain       [variable]        6993/1048576  ( 0.7%) 

Level flags = 2

Total triangle count: 55115
Writing z:\mnt\f\stuff\git\l4d2-things\reverse_rda\map\r_c11m4_terminal.bsp
5 minutes, 43 seconds elapsed



Using shader api: shaderapiempty.dll
materialPath: Z:\mnt\d\SteamLibrary\steamapps\common\Left 4 Dead 2\left4dead2\materials
Loading Z:\mnt\f\stuff\git\l4d2-things\reverse_rda\map\r_c11m4_terminal.vmf
KeyValues Error: RecursiveLoadFromBuffer:  got EOF instead of keyname in file materials/ads/adgroup_01b.vmt
LightmappedGeneric, 
KeyValues Error: RecursiveLoadFromBuffer:  got EOF instead of keyname in file materials/ads/adgroup_01b.vmt
LightmappedGeneric, 
KeyValues Error: RecursiveLoadFromBuffer:  got EOF instead of keyname in file materials/ads/adgroup_01a.vmt
LightmappedGeneric, 
KeyValues Error: RecursiveLoadFromBuffer:  got EOF instead of keyname in file materials/ads/adgroup_01a.vmt
LightmappedGeneric, 
fixing up env_cubemap materials on brush sides...
KeyValues Error: RecursiveLoadFromBuffer:  got EOF instead of keyname in file materials/ADS/ADGROUP_01B.vmt
LightmappedGeneric, 
KeyValues Error: RecursiveLoadFromBuffer:  got EOF instead of keyname in file materials/ADS/ADGROUP_01B.vmt
LightmappedGeneric, 
KeyValues Error: RecursiveLoadFromBuffer:  got EOF instead of keyname in file materials/ADS/ADGROUP_01B.vmt
LightmappedGeneric, 
KeyValues Error: RecursiveLoadFromBuffer:  got EOF instead of keyname in file materials/ADS/ADGROUP_01B.vmt
LightmappedGeneric, 
KeyValues Error: RecursiveLoadFromBuffer:  got EOF instead of keyname in file materials/ADS/ADGROUP_01A.vmt
LightmappedGeneric, 
KeyValues Error: RecursiveLoadFromBuffer:  got EOF instead of keyname in file materials/ADS/ADGROUP_01A.vmt
LightmappedGeneric, 
KeyValues Error: RecursiveLoadFromBuffer:  got EOF instead of keyname in file materials/ADS/ADGROUP_01A.vmt
LightmappedGeneric, 
KeyValues Error: RecursiveLoadFromBuffer:  got EOF instead of keyname in file materials/ADS/ADGROUP_01A.vmt
LightmappedGeneric, 
0...1...2...3...4...5...6...7...8...9...100...1...2...3...4...5...6...7...8...9...10Processing areas...done (0)
Building Faces...done (0)
Occluder "01" straddles multiple areas. This is invalid!
Occluder "01" straddles multiple areas. This is invalid!
Occluder "02" straddles multiple areas. This is invalid!
Occluder "02" straddles multiple areas. This is invalid!
Occluder "02" straddles multiple areas. This is invalid!
Occluder "02" straddles multiple areas. This is invalid!
Occluder "03" straddles multiple areas. This is invalid!
Occluder "03" straddles multiple areas. This is invalid!
Occluder "03" straddles multiple areas. This is invalid!
Occluder "03" straddles multiple areas. This is invalid!
Occluder "03" straddles multiple areas. This is invalid!
Occluder "03" straddles multiple areas. This is invalid!
Occluder "03" straddles multiple areas. This is invalid!
Occluder "03" straddles multiple areas. This is invalid!
Occluder "03" straddles multiple areas. This is invalid!
Occluder "03" straddles multiple areas. This is invalid!
Occluder "03" straddles multiple areas. This is invalid!
Occluder "03" straddles multiple areas. This is invalid!
Occluder "03" straddles multiple areas. This is invalid!
Occluder "03" straddles multiple areas. This is invalid!
Occluder "03" straddles multiple areas. This is invalid!
Occluder "04" straddles multiple areas. This is invalid!
Occluder "04" straddles multiple areas. This is invalid!
Occluder "04" straddles multiple areas. This is invalid!
Occluder "04" straddles multiple areas. This is invalid!
Occluder "04" straddles multiple areas. This is invalid!
Occluder "04" straddles multiple areas. This is invalid!
Occluder "04" straddles multiple areas. This is invalid!
Occluder "04" straddles multiple areas. This is invalid!
Occluder "04" straddles multiple areas. This is invalid!
Occluder "04" straddles multiple areas. This is invalid!
Occluder "04" straddles multiple areas. This is invalid!
Occluder "04" straddles multiple areas. This is invalid!
Occluder "04" straddles multiple areas. This is invalid!
Occluder "04" straddles multiple areas. This is invalid!
Occluder "04" straddles multiple areas. This is invalid!
Occluder "04" straddles multiple areas. This is invalid!
Occluder "04" straddles multiple areas. This is invalid!
Occluder "04" straddles multiple areas. This is invalid!
Occluder "03" straddles multiple areas. This is invalid!
Occluder "03" straddles multiple areas. This is invalid!
Occluder "03" straddles multiple areas. This is invalid!
Occluder "03" straddles multiple areas. This is invalid!
Occluder "03" straddles multiple areas. This is invalid!
Occluder "03" straddles multiple areas. This is invalid!
Occluder "03" straddles multiple areas. This is invalid!
Occluder "03" straddles multiple areas. This is invalid!
Occluder "03" straddles multiple areas. This is invalid!
Occluder "03" straddles multiple areas. This is invalid!
Occluder "03" straddles multiple areas. This is invalid!
Occluder "03" straddles multiple areas. This is invalid!
Occluder "03" straddles multiple areas. This is invalid!
Occluder "03" straddles multiple areas. This is invalid!
Occluder "03" straddles multiple areas. This is invalid!
Occluder "03" straddles multiple areas. This is invalid!
Occluder "03" straddles multiple areas. This is invalid!
Occluder "03" straddles multiple areas. This is invalid!
Occluder "03" straddles multiple areas. This is invalid!
Occluder "03" straddles multiple areas. This is invalid!
Occluder "03" straddles multiple areas. This is invalid!
Occluder "03" straddles multiple areas. This is invalid!
Occluder "03" straddles multiple areas. This is invalid!
Occluder "03" straddles multiple areas. This is invalid!
Occluder "03" straddles multiple areas. This is invalid!
Occluder "03" straddles multiple areas. This is invalid!
Occluder "03" straddles multiple areas. This is invalid!
Occluder "03" straddles multiple areas. This is invalid!
Occluder "03" straddles multiple areas. This is invalid!
Occluder "03" straddles multiple areas. This is invalid!
Occluder "03" straddles multiple areas. This is invalid!
Occluder "03" straddles multiple areas. This is invalid!
Occluder "03" straddles multiple areas. This is invalid!
Occluder "03" straddles multiple areas. This is invalid!
Occluder "03" straddles multiple areas. This is invalid!
Occluder "03" straddles multiple areas. This is invalid!
Occluder "03" straddles multiple areas. This is invalid!
Occluder "03" straddles multiple areas. This is invalid!
Occluder "03" straddles multiple areas. This is invalid!
Occluder "03" straddles multiple areas. This is invalid!
Occluder "03" straddles multiple areas. This is invalid!
Occluder "03" straddles multiple areas. This is invalid!
Occluder "03" straddles multiple areas. This is invalid!
Occluder "03" straddles multiple areas. This is invalid!
Occluder "03" straddles multiple areas. This is invalid!
Occluder "03" straddles multiple areas. This is invalid!
Occluder "03" straddles multiple areas. This is invalid!
Occluder "03" straddles multiple areas. This is invalid!
Occluder "03" straddles multiple areas. This is invalid!
Occluder "03" straddles multiple areas. This is invalid!
Occluder "03" straddles multiple areas. This is invalid!
Occluder "03" straddles multiple areas. This is invalid!
Occluder "03" straddles multiple areas. This is invalid!
Occluder "03" straddles multiple areas. This is invalid!
Occluder "03" straddles multiple areas. This is invalid!
Occluder "03" straddles multiple areas. This is invalid!
Occluder "03" straddles multiple areas. This is invalid!
Occluder "03" straddles multiple areas. This is invalid!
Occluder "03" straddles multiple areas. This is invalid!
Occluder "03" straddles multiple areas. This is invalid!
Occluder "03" straddles multiple areas. This is invalid!
Occluder "03" straddles multiple areas. This is invalid!
Occluder "03" straddles multiple areas. This is invalid!
Occluder "03" straddles multiple areas. This is invalid!
Occluder "03" straddles multiple areas. This is invalid!
Occluder "03" straddles multiple areas. This is invalid!
Occluder "03" straddles multiple areas. This is invalid!
Occluder "03" straddles multiple areas. This is invalid!
Occluder "03" straddles multiple areas. This is invalid!
Occluder "03" straddles multiple areas. This is invalid!
Occluder "03" straddles multiple areas. This is invalid!
Occluder "03" straddles multiple areas. This is invalid!
Occluder "03" straddles multiple areas. This is invalid!
Occluder "03" straddles multiple areas. This is invalid!
Occluder "03" straddles multiple areas. This is invalid!
Occluder "03" straddles multiple areas. This is invalid!
Occluder "03" straddles multiple areas. This is invalid!
Occluder "03" straddles multiple areas. This is invalid!
Chop Details...done (0)
Find Visible Detail Sides...
Merged 1990 detail faces...done (1)
Merging details...done (0)
FixTjuncs...
PruneNodes...
WriteBSP...
done (2)
writing Z:\mnt\f\stuff\git\l4d2-things\reverse_rda\map\r_c11m4_terminal.prt...Building visibility clusters...
done (0)
Finding displacement neighbors...
Finding lightmap sample positions...
Displacement Alpha : 0...1...2...3...4...5...6...7...8...9...10
Building Physics collision data...
done (1) (2074724 bytes)
Cannot build Physics2 data
                                                             -----------
DataLinker total stream size                                     0.0 KiB
Placing detail props : 0...1...2...3...4...5...6...7...8...9...10
Compacting texture/material tables...
Reduced 11020 texinfos to 8046
Reduced 544 texdatas to 492 (22552 bytes to 20822)
Writing Z:\mnt\f\stuff\git\l4d2-things\reverse_rda\map\r_c11m4_terminal.bsp
12 seconds elapsed



6 threads
reading z:\mnt\f\stuff\git\l4d2-things\reverse_rda\map\r_c11m4_terminal.bsp
max farz in all env_fog_controller entities: 10000.000000 (used for radial vis)
reading z:\mnt\f\stuff\git\l4d2-things\reverse_rda\map\r_c11m4_terminal.prt
1325 portalclusters
2763 numportals
0...1...2...3...4...5...6...7...8...9...100...1...2...3...4...5...6...7...8...9...10Optimized: 1616 visible clusters (0.00%)
Total clusters visible: 281067
Average clusters visible: 212
Building PAS...
Average clusters audible: 579
visdatasize:245110  compressed from 445200
writing z:\mnt\f\stuff\git\l4d2-things\reverse_rda\map\r_c11m4_terminal.bsp
13 seconds elapsed



[Reading texlights from 'lights.rad']
[2 texlights parsed from 'lights.rad']

Loading z:\mnt\f\stuff\git\l4d2-things\reverse_rda\map\r_c11m4_terminal.bsp
19140 faces
15 degenerate faces
9165990 square feet [1319902592.00 square inches]
25 Displacements
361664 Square Feet [52079740.00 Square Inches]
19125 patches before subdivision
161511 patches after subdivision
59 direct lights
0...1...2...3...4...5...6...7...8...9...100...1...2...3...4...5...6...7...8...9...10transfers 16283146, max 1499
transfer lists: 124.2 megs
0...1...2...3...4...5...6...7...8...9...10	Bounce #1 added RGB(29364, 27078, 18873)
0...1...2...3...4...5...6...7...8...9...10	Bounce #2 added RGB(5040, 4665, 3053)
0...1...2...3...4...5...6...7...8...9...10	Bounce #3 added RGB(891, 761, 443)
0...1...2...3...4...5...6...7...8...9...10	Bounce #4 added RGB(182, 154, 81)
0...1...2...3...4...5...6...7...8...9...10	Bounce #5 added RGB(38, 31, 14)
0...1...2...3...4...5...6...7...8...9...10	Bounce #6 added RGB(9, 7, 3)
0...1...2...3...4...5...6...7...8...9...10	Bounce #7 added RGB(2, 2, 1)
0...1...2...3...4...5...6...7...8...9...10	Bounce #8 added RGB(1, 0, 0)
Build Patch/Sample Hash Table(s).....Done<0.0577 sec>
0...1...2...3...4...5...6...7...8...9...10FinalLightFace Done
0 of 0 (0% of) surface lights went in leaf ambient cubes.
0...1...2...3...4...5...6...7...8...9...10Writing leaf ambient...done
Computing static prop lighting : 00...1...2...3...4...5...6...7...8...9...10
Ready to Finish

Object names       Objects/Maxobjs  Memory / Maxmem  Fullness 
------------       ---------------  ---------------  -------- 
models                 152/1024         7296/49152    (14.8%) 
brushes               5566/8192        66792/98304    (67.9%) 
brushsides           51948/65536      415584/524288   (79.3%) 
planes               47428/65536      948560/1310720  (72.4%) 
vertexes             32946/65536      395352/786432   (50.3%) 
nodes                 5930/65536      189760/2097152  ( 9.0%) 
texinfos              8046/12288      579312/884736   (65.5%) 
texdata                492/2048        15744/65536    (24.0%) 
dispinfos               25/0            4400/0        ( 0.0%) 
disp_verts            2441/0           48820/0        ( 0.0%) 
disp_tris             3968/0            7936/0        ( 0.0%) 
disp_lmsamples      231201/0          231201/0        ( 0.0%) 
faces                19140/65536     1071840/3670016  (29.2%) 
hdr faces            19140/65536     1071840/3670016  (29.2%) 
origfaces            14792/65536      828352/3670016  (22.6%) 
leaves                6083/65536      194656/2097152  ( 9.3%) 
leaffaces            22981/65536       45962/131072   (35.1%) 
leafbrushes          10823/65536       21646/131072   (16.5%) 
areas                   40/256           320/2048     (15.6%) 
surfedges           152759/512000     611036/2048000  (29.8%) 
edges                96051/256000     384204/1024000  (37.5%) 
LDR worldlights          0/8192            0/819200   ( 0.0%) 
HDR worldlights         59/8192         5900/819200   ( 0.7%) 
leafwaterdata            0/32768           0/393216   ( 0.0%) 
waterstrips           2209/32768       22090/327680   ( 6.7%) 
waterverts               0/65536           0/786432   ( 0.0%) 
waterindices         41550/65536       83100/131072   (63.4%) 
cubemapsamples          68/1024         1088/16384    ( 6.6%) 
overlays               467/512        164384/180224   (91.2%) VERY FULL!
LDR lightdata         [variable]           0/0        ( 0.0%) 
HDR lightdata         [variable]     5601540/0        ( 0.0%) 
visdata               [variable]      245110/16777216 ( 1.5%) 
entdata               [variable]      606624/393216   (154.3%) VERY FULL!
LDR ambient table     6083/65536       24332/262144   ( 9.3%) 
HDR ambient table     6083/65536       24332/262144   ( 9.3%) 
LDR leaf ambient      6083/65536      170324/1835008  ( 9.3%) 
HDR leaf ambient     16410/65536      459480/1835008  (25.0%) 
occluders                8/0             320/0        ( 0.0%) 
occluder polygons       20/0             240/0        ( 0.0%) 
occluder vert ind      104/0             416/0        ( 0.0%) 
Prop Hull Verts          0/0               0/0        ( 0.0%) 
Prop Hull Blob           0/0               0/0        ( 0.0%) 
Prop Hull Lists          0/0               0/0        ( 0.0%) 
Prop Hulls               0/0               0/0        ( 0.0%) 
Prop Hull trilist        0/0               0/0        ( 0.0%) 
detail props          [variable]           1/12       ( 8.3%) 
static props          [variable]           1/85822    ( 0.0%) 
pakfile               [variable]     7767365/0        ( 0.0%) 
physics               [variable]     2074724/4194304  (49.5%) 
physics terrain       [variable]        6993/1048576  ( 0.7%) 

Level flags = 2

Total triangle count: 55184
Writing z:\mnt\f\stuff\git\l4d2-things\reverse_rda\map\r_c11m4_terminal.bsp
1 minute, 20 seconds elapsed



Using shader api: shaderapiempty.dll
materialPath: Z:\mnt\d\SteamLibrary\steamapps\common\Left 4 Dead 2\left4dead2\materials
Loading Z:\mnt\f\stuff\git\l4d2-things\reverse_rda\map\r_c11m4_terminal.vmf
KeyValues Error: RecursiveLoadFromBuffer:  got EOF instead of keyname in file materials/ads/adgroup_01b.vmt
LightmappedGeneric, 
KeyValues Error: RecursiveLoadFromBuffer:  got EOF instead of keyname in file materials/ads/adgroup_01b.vmt
LightmappedGeneric, 
KeyValues Error: RecursiveLoadFromBuffer:  got EOF instead of keyname in file materials/ads/adgroup_01a.vmt
LightmappedGeneric, 
KeyValues Error: RecursiveLoadFromBuffer:  got EOF instead of keyname in file materials/ads/adgroup_01a.vmt
LightmappedGeneric, 
fixing up env_cubemap materials on brush sides...
KeyValues Error: RecursiveLoadFromBuffer:  got EOF instead of keyname in file materials/ADS/ADGROUP_01B.vmt
LightmappedGeneric, 
KeyValues Error: RecursiveLoadFromBuffer:  got EOF instead of keyname in file materials/ADS/ADGROUP_01B.vmt
LightmappedGeneric, 
KeyValues Error: RecursiveLoadFromBuffer:  got EOF instead of keyname in file materials/ADS/ADGROUP_01B.vmt
LightmappedGeneric, 
KeyValues Error: RecursiveLoadFromBuffer:  got EOF instead of keyname in file materials/ADS/ADGROUP_01B.vmt
LightmappedGeneric, 
KeyValues Error: RecursiveLoadFromBuffer:  got EOF instead of keyname in file materials/ADS/ADGROUP_01A.vmt
LightmappedGeneric, 
KeyValues Error: RecursiveLoadFromBuffer:  got EOF instead of keyname in file materials/ADS/ADGROUP_01A.vmt
LightmappedGeneric, 
KeyValues Error: RecursiveLoadFromBuffer:  got EOF instead of keyname in file materials/ADS/ADGROUP_01A.vmt
LightmappedGeneric, 
KeyValues Error: RecursiveLoadFromBuffer:  got EOF instead of keyname in file materials/ADS/ADGROUP_01A.vmt
LightmappedGeneric, 
0...1...2...3...4...5...6...7...8...9...100...1...2...3...4...5...6...7...8...9...10Processing areas...done (0)
Building Faces...done (0)
Occluder "01" straddles multiple areas. This is invalid!
Occluder "01" straddles multiple areas. This is invalid!
Occluder "02" straddles multiple areas. This is invalid!
Occluder "02" straddles multiple areas. This is invalid!
Occluder "02" straddles multiple areas. This is invalid!
Occluder "02" straddles multiple areas. This is invalid!
Occluder "03" straddles multiple areas. This is invalid!
Occluder "03" straddles multiple areas. This is invalid!
Occluder "03" straddles multiple areas. This is invalid!
Occluder "03" straddles multiple areas. This is invalid!
Occluder "03" straddles multiple areas. This is invalid!
Occluder "03" straddles multiple areas. This is invalid!
Occluder "03" straddles multiple areas. This is invalid!
Occluder "03" straddles multiple areas. This is invalid!
Occluder "03" straddles multiple areas. This is invalid!
Occluder "03" straddles multiple areas. This is invalid!
Occluder "03" straddles multiple areas. This is invalid!
Occluder "03" straddles multiple areas. This is invalid!
Occluder "03" straddles multiple areas. This is invalid!
Occluder "03" straddles multiple areas. This is invalid!
Occluder "03" straddles multiple areas. This is invalid!
Occluder "04" straddles multiple areas. This is invalid!
Occluder "04" straddles multiple areas. This is invalid!
Occluder "04" straddles multiple areas. This is invalid!
Occluder "04" straddles multiple areas. This is invalid!
Occluder "04" straddles multiple areas. This is invalid!
Occluder "04" straddles multiple areas. This is invalid!
Occluder "04" straddles multiple areas. This is invalid!
Occluder "04" straddles multiple areas. This is invalid!
Occluder "04" straddles multiple areas. This is invalid!
Occluder "04" straddles multiple areas. This is invalid!
Occluder "04" straddles multiple areas. This is invalid!
Occluder "04" straddles multiple areas. This is invalid!
Occluder "04" straddles multiple areas. This is invalid!
Occluder "04" straddles multiple areas. This is invalid!
Occluder "04" straddles multiple areas. This is invalid!
Occluder "04" straddles multiple areas. This is invalid!
Occluder "04" straddles multiple areas. This is invalid!
Occluder "04" straddles multiple areas. This is invalid!
Occluder "03" straddles multiple areas. This is invalid!
Occluder "03" straddles multiple areas. This is invalid!
Occluder "03" straddles multiple areas. This is invalid!
Occluder "03" straddles multiple areas. This is invalid!
Occluder "03" straddles multiple areas. This is invalid!
Occluder "03" straddles multiple areas. This is invalid!
Occluder "03" straddles multiple areas. This is invalid!
Occluder "03" straddles multiple areas. This is invalid!
Occluder "03" straddles multiple areas. This is invalid!
Occluder "03" straddles multiple areas. This is invalid!
Occluder "03" straddles multiple areas. This is invalid!
Occluder "03" straddles multiple areas. This is invalid!
Occluder "03" straddles multiple areas. This is invalid!
Occluder "03" straddles multiple areas. This is invalid!
Occluder "03" straddles multiple areas. This is invalid!
Occluder "03" straddles multiple areas. This is invalid!
Occluder "03" straddles multiple areas. This is invalid!
Occluder "03" straddles multiple areas. This is invalid!
Occluder "03" straddles multiple areas. This is invalid!
Occluder "03" straddles multiple areas. This is invalid!
Occluder "03" straddles multiple areas. This is invalid!
Occluder "03" straddles multiple areas. This is invalid!
Occluder "03" straddles multiple areas. This is invalid!
Occluder "03" straddles multiple areas. This is invalid!
Occluder "03" straddles multiple areas. This is invalid!
Occluder "03" straddles multiple areas. This is invalid!
Occluder "03" straddles multiple areas. This is invalid!
Occluder "03" straddles multiple areas. This is invalid!
Occluder "03" straddles multiple areas. This is invalid!
Occluder "03" straddles multiple areas. This is invalid!
Occluder "03" straddles multiple areas. This is invalid!
Occluder "03" straddles multiple areas. This is invalid!
Occluder "03" straddles multiple areas. This is invalid!
Occluder "03" straddles multiple areas. This is invalid!
Occluder "03" straddles multiple areas. This is invalid!
Occluder "03" straddles multiple areas. This is invalid!
Occluder "03" straddles multiple areas. This is invalid!
Occluder "03" straddles multiple areas. This is invalid!
Occluder "03" straddles multiple areas. This is invalid!
Occluder "03" straddles multiple areas. This is invalid!
Occluder "03" straddles multiple areas. This is invalid!
Occluder "03" straddles multiple areas. This is invalid!
Occluder "03" straddles multiple areas. This is invalid!
Occluder "03" straddles multiple areas. This is invalid!
Occluder "03" straddles multiple areas. This is invalid!
Occluder "03" straddles multiple areas. This is invalid!
Occluder "03" straddles multiple areas. This is invalid!
Occluder "03" straddles multiple areas. This is invalid!
Occluder "03" straddles multiple areas. This is invalid!
Occluder "03" straddles multiple areas. This is invalid!
Occluder "03" straddles multiple areas. This is invalid!
Occluder "03" straddles multiple areas. This is invalid!
Occluder "03" straddles multiple areas. This is invalid!
Occluder "03" straddles multiple areas. This is invalid!
Occluder "03" straddles multiple areas. This is invalid!
Occluder "03" straddles multiple areas. This is invalid!
Occluder "03" straddles multiple areas. This is invalid!
Occluder "03" straddles multiple areas. This is invalid!
Occluder "03" straddles multiple areas. This is invalid!
Occluder "03" straddles multiple areas. This is invalid!
Occluder "03" straddles multiple areas. This is invalid!
Occluder "03" straddles multiple areas. This is invalid!
Occluder "03" straddles multiple areas. This is invalid!
Occluder "03" straddles multiple areas. This is invalid!
Occluder "03" straddles multiple areas. This is invalid!
Occluder "03" straddles multiple areas. This is invalid!
Occluder "03" straddles multiple areas. This is invalid!
Occluder "03" straddles multiple areas. This is invalid!
Occluder "03" straddles multiple areas. This is invalid!
Occluder "03" straddles multiple areas. This is invalid!
Occluder "03" straddles multiple areas. This is invalid!
Occluder "03" straddles multiple areas. This is invalid!
Occluder "03" straddles multiple areas. This is invalid!
Occluder "03" straddles multiple areas. This is invalid!
Occluder "03" straddles multiple areas. This is invalid!
Occluder "03" straddles multiple areas. This is invalid!
Occluder "03" straddles multiple areas. This is invalid!
Occluder "03" straddles multiple areas. This is invalid!
Chop Details...done (0)
Find Visible Detail Sides...
Merged 2004 detail faces...done (1)
Merging details...done (0)
FixTjuncs...
PruneNodes...
WriteBSP...
done (2)
writing Z:\mnt\f\stuff\git\l4d2-things\reverse_rda\map\r_c11m4_terminal.prt...Building visibility clusters...
done (0)
Finding displacement neighbors...
Finding lightmap sample positions...
Displacement Alpha : 0...1...2...3...4...5...6...7...8...9...10
Building Physics collision data...
done (1) (2075303 bytes)
Cannot build Physics2 data
                                                             -----------
DataLinker total stream size                                     0.0 KiB
Placing detail props : 0...1...2...3...4...5...6...7...8...9...10
Compacting texture/material tables...
Reduced 11001 texinfos to 8047
Reduced 544 texdatas to 492 (22552 bytes to 20822)
Writing Z:\mnt\f\stuff\git\l4d2-things\reverse_rda\map\r_c11m4_terminal.bsp
12 seconds elapsed

==================================================================
Date: 2026-04-20 08:21:17
Z:\mnt\d\SteamLibrary\steamapps\common\Left 4 Dead 2\bin\vvisplusplus.exe -game Z:\mnt\d\SteamLibrary\steamapps\common\Left 4 Dead 2\left4dead2 Z:\mnt\f\stuff\git\l4d2-things\reverse_rda\map\r_c11m4_terminal.vmf
==================================================================
6 threads
reading z:\mnt\f\stuff\git\l4d2-things\reverse_rda\map\r_c11m4_terminal.bsp
Detected L4D2 lump format
Max farz in all env_fog_controller entities: 10000 (used for radial vis)
reading z:\mnt\f\stuff\git\l4d2-things\reverse_rda\map\r_c11m4_terminal.prt
1321 portalclusters
2758 numportals
0...1...2...3...4...5...6...7...8...9...100...1...2...3...4...5...6...7...8...9...10Optimized: 1943 visible clusters (0.70%)
Total clusters visible: 279474
Average clusters visible: 211
Building PAS...
Average clusters audible: 576
visdatasize:244948  compressed from 443856
writing z:\mnt\f\stuff\git\l4d2-things\reverse_rda\map\r_c11m4_terminal.bsp
Wrote ZIP buffer, estimated size 6180049, actual size 6112299
3 seconds elapsed



[Reading texlights from 'lights.rad']
[2 texlights parsed from 'lights.rad']

Loading z:\mnt\f\stuff\git\l4d2-things\reverse_rda\map\r_c11m4_terminal.bsp
19120 faces
15 degenerate faces
9162584 square feet [1319412096.00 square inches]
25 Displacements
361664 Square Feet [52079740.00 Square Inches]
19105 patches before subdivision
161039 patches after subdivision
60 direct lights
0...1...2...3...4...5...6...7...8...9...100...1...2...3...4...5...6...7...8...9...10transfers 16196087, max 1499
transfer lists: 123.6 megs
0...1...2...3...4...5...6...7...8...9...10	Bounce #1 added RGB(29388, 27185, 18971)
0...1...2...3...4...5...6...7...8...9...10	Bounce #2 added RGB(5044, 4690, 3074)
0...1...2...3...4...5...6...7...8...9...10	Bounce #3 added RGB(890, 765, 446)
0...1...2...3...4...5...6...7...8...9...10	Bounce #4 added RGB(182, 155, 82)
0...1...2...3...4...5...6...7...8...9...10	Bounce #5 added RGB(38, 31, 14)
0...1...2...3...4...5...6...7...8...9...10	Bounce #6 added RGB(9, 7, 3)
0...1...2...3...4...5...6...7...8...9...10	Bounce #7 added RGB(2, 2, 1)
0...1...2...3...4...5...6...7...8...9...10	Bounce #8 added RGB(1, 0, 0)
Build Patch/Sample Hash Table(s).....Done<0.0575 sec>
0...1...2...3...4...5...6...7...8...9...10FinalLightFace Done
0 of 0 (0% of) surface lights went in leaf ambient cubes.
0...1...2...3...4...5...6...7...8...9...10Writing leaf ambient...done
Computing static prop lighting : 00...1...2...3...4...5...6...7...8...9...10
Ready to Finish

Object names       Objects/Maxobjs  Memory / Maxmem  Fullness 
------------       ---------------  ---------------  -------- 
models                 150/1024         7200/49152    (14.6%) 
brushes               5567/8192        66804/98304    (68.0%) 
brushsides           51950/65536      415600/524288   (79.3%) 
planes               47382/65536      947640/1310720  (72.3%) 
vertexes             32922/65536      395064/786432   (50.2%) 
nodes                 5921/65536      189472/2097152  ( 9.0%) 
texinfos              8047/12288      579384/884736   (65.5%) 
texdata                492/2048        15744/65536    (24.0%) 
dispinfos               25/0            4400/0        ( 0.0%) 
disp_verts            2441/0           48820/0        ( 0.0%) 
disp_tris             3968/0            7936/0        ( 0.0%) 
disp_lmsamples      231201/0          231201/0        ( 0.0%) 
faces                19120/65536     1070720/3670016  (29.2%) 
hdr faces            19120/65536     1070720/3670016  (29.2%) 
origfaces            14789/65536      828184/3670016  (22.6%) 
leaves                6072/65536      194304/2097152  ( 9.3%) 
leaffaces            22960/65536       45920/131072   (35.0%) 
leafbrushes          10827/65536       21654/131072   (16.5%) 
areas                   39/256           312/2048     (15.2%) 
surfedges           152680/512000     610720/2048000  (29.8%) 
edges                95986/256000     383944/1024000  (37.5%) 
LDR worldlights          0/8192            0/819200   ( 0.0%) 
HDR worldlights         60/8192         6000/819200   ( 0.7%) 
leafwaterdata            0/32768           0/393216   ( 0.0%) 
waterstrips           2208/32768       22080/327680   ( 6.7%) 
waterverts               0/65536           0/786432   ( 0.0%) 
waterindices         41562/65536       83124/131072   (63.4%) 
cubemapsamples          68/1024         1088/16384    ( 6.6%) 
overlays               467/512        164384/180224   (91.2%) VERY FULL!
LDR lightdata         [variable]           0/0        ( 0.0%) 
HDR lightdata         [variable]     5590540/0        ( 0.0%) 
visdata               [variable]      244948/16777216 ( 1.5%) 
entdata               [variable]      607804/393216   (154.6%) VERY FULL!
LDR ambient table     6072/65536       24288/262144   ( 9.3%) 
HDR ambient table     6072/65536       24288/262144   ( 9.3%) 
LDR leaf ambient      6072/65536      170016/1835008  ( 9.3%) 
HDR leaf ambient     16341/65536      457548/1835008  (24.9%) 
occluders                8/0             320/0        ( 0.0%) 
occluder polygons       20/0             240/0        ( 0.0%) 
occluder vert ind      104/0             416/0        ( 0.0%) 
Prop Hull Verts          0/0               0/0        ( 0.0%) 
Prop Hull Blob           0/0               0/0        ( 0.0%) 
Prop Hull Lists          0/0               0/0        ( 0.0%) 
Prop Hulls               0/0               0/0        ( 0.0%) 
Prop Hull trilist        0/0               0/0        ( 0.0%) 
detail props          [variable]           1/12       ( 8.3%) 
static props          [variable]           1/85814    ( 0.0%) 
pakfile               [variable]     7767365/0        ( 0.0%) 
physics               [variable]     2075303/4194304  (49.5%) 
physics terrain       [variable]        6993/1048576  ( 0.7%) 

Level flags = 2

Total triangle count: 55156
Writing z:\mnt\f\stuff\git\l4d2-things\reverse_rda\map\r_c11m4_terminal.bsp
5 minutes, 6 seconds elapsed



Using shader api: shaderapiempty.dll
materialPath: Z:\mnt\d\SteamLibrary\steamapps\common\Left 4 Dead 2\left4dead2\materials
Loading Z:\mnt\f\stuff\git\l4d2-things\reverse_rda\map\r_c11m4_terminal.vmf
KeyValues Error: RecursiveLoadFromBuffer:  got EOF instead of keyname in file materials/ads/adgroup_01b.vmt
LightmappedGeneric, 
KeyValues Error: RecursiveLoadFromBuffer:  got EOF instead of keyname in file materials/ads/adgroup_01b.vmt
LightmappedGeneric, 
KeyValues Error: RecursiveLoadFromBuffer:  got EOF instead of keyname in file materials/ads/adgroup_01a.vmt
LightmappedGeneric, 
KeyValues Error: RecursiveLoadFromBuffer:  got EOF instead of keyname in file materials/ads/adgroup_01a.vmt
LightmappedGeneric, 
fixing up env_cubemap materials on brush sides...
KeyValues Error: RecursiveLoadFromBuffer:  got EOF instead of keyname in file materials/ADS/ADGROUP_01B.vmt
LightmappedGeneric, 
KeyValues Error: RecursiveLoadFromBuffer:  got EOF instead of keyname in file materials/ADS/ADGROUP_01B.vmt
LightmappedGeneric, 
KeyValues Error: RecursiveLoadFromBuffer:  got EOF instead of keyname in file materials/ADS/ADGROUP_01B.vmt
LightmappedGeneric, 
KeyValues Error: RecursiveLoadFromBuffer:  got EOF instead of keyname in file materials/ADS/ADGROUP_01B.vmt
LightmappedGeneric, 
KeyValues Error: RecursiveLoadFromBuffer:  got EOF instead of keyname in file materials/ADS/ADGROUP_01A.vmt
LightmappedGeneric, 
KeyValues Error: RecursiveLoadFromBuffer:  got EOF instead of keyname in file materials/ADS/ADGROUP_01A.vmt
LightmappedGeneric, 
KeyValues Error: RecursiveLoadFromBuffer:  got EOF instead of keyname in file materials/ADS/ADGROUP_01A.vmt
LightmappedGeneric, 
KeyValues Error: RecursiveLoadFromBuffer:  got EOF instead of keyname in file materials/ADS/ADGROUP_01A.vmt
LightmappedGeneric, 
0...1...2...3...4...5...6...7...8...9...100...1...2...3...4...5...6...7...8...9...10Processing areas...done (0)
Building Faces...done (0)
Occluder "01" straddles multiple areas. This is invalid!
Occluder "01" straddles multiple areas. This is invalid!
Occluder "02" straddles multiple areas. This is invalid!
Occluder "02" straddles multiple areas. This is invalid!
Occluder "02" straddles multiple areas. This is invalid!
Occluder "02" straddles multiple areas. This is invalid!
Occluder "03" straddles multiple areas. This is invalid!
Occluder "03" straddles multiple areas. This is invalid!
Occluder "03" straddles multiple areas. This is invalid!
Occluder "03" straddles multiple areas. This is invalid!
Occluder "03" straddles multiple areas. This is invalid!
Occluder "03" straddles multiple areas. This is invalid!
Occluder "03" straddles multiple areas. This is invalid!
Occluder "03" straddles multiple areas. This is invalid!
Occluder "03" straddles multiple areas. This is invalid!
Occluder "03" straddles multiple areas. This is invalid!
Occluder "03" straddles multiple areas. This is invalid!
Occluder "03" straddles multiple areas. This is invalid!
Occluder "03" straddles multiple areas. This is invalid!
Occluder "03" straddles multiple areas. This is invalid!
Occluder "03" straddles multiple areas. This is invalid!
Occluder "04" straddles multiple areas. This is invalid!
Occluder "04" straddles multiple areas. This is invalid!
Occluder "04" straddles multiple areas. This is invalid!
Occluder "04" straddles multiple areas. This is invalid!
Occluder "04" straddles multiple areas. This is invalid!
Occluder "04" straddles multiple areas. This is invalid!
Occluder "04" straddles multiple areas. This is invalid!
Occluder "04" straddles multiple areas. This is invalid!
Occluder "04" straddles multiple areas. This is invalid!
Occluder "04" straddles multiple areas. This is invalid!
Occluder "04" straddles multiple areas. This is invalid!
Occluder "04" straddles multiple areas. This is invalid!
Occluder "04" straddles multiple areas. This is invalid!
Occluder "04" straddles multiple areas. This is invalid!
Occluder "04" straddles multiple areas. This is invalid!
Occluder "04" straddles multiple areas. This is invalid!
Occluder "04" straddles multiple areas. This is invalid!
Occluder "04" straddles multiple areas. This is invalid!
Occluder "03" straddles multiple areas. This is invalid!
Occluder "03" straddles multiple areas. This is invalid!
Occluder "03" straddles multiple areas. This is invalid!
Occluder "03" straddles multiple areas. This is invalid!
Occluder "03" straddles multiple areas. This is invalid!
Occluder "03" straddles multiple areas. This is invalid!
Occluder "03" straddles multiple areas. This is invalid!
Occluder "03" straddles multiple areas. This is invalid!
Occluder "03" straddles multiple areas. This is invalid!
Occluder "03" straddles multiple areas. This is invalid!
Occluder "03" straddles multiple areas. This is invalid!
Occluder "03" straddles multiple areas. This is invalid!
Occluder "03" straddles multiple areas. This is invalid!
Occluder "03" straddles multiple areas. This is invalid!
Occluder "03" straddles multiple areas. This is invalid!
Occluder "03" straddles multiple areas. This is invalid!
Occluder "03" straddles multiple areas. This is invalid!
Occluder "03" straddles multiple areas. This is invalid!
Occluder "03" straddles multiple areas. This is invalid!
Occluder "03" straddles multiple areas. This is invalid!
Occluder "03" straddles multiple areas. This is invalid!
Occluder "03" straddles multiple areas. This is invalid!
Occluder "03" straddles multiple areas. This is invalid!
Occluder "03" straddles multiple areas. This is invalid!
Occluder "03" straddles multiple areas. This is invalid!
Occluder "03" straddles multiple areas. This is invalid!
Occluder "03" straddles multiple areas. This is invalid!
Occluder "03" straddles multiple areas. This is invalid!
Occluder "03" straddles multiple areas. This is invalid!
Occluder "03" straddles multiple areas. This is invalid!
Occluder "03" straddles multiple areas. This is invalid!
Occluder "03" straddles multiple areas. This is invalid!
Occluder "03" straddles multiple areas. This is invalid!
Occluder "03" straddles multiple areas. This is invalid!
Occluder "03" straddles multiple areas. This is invalid!
Occluder "03" straddles multiple areas. This is invalid!
Occluder "03" straddles multiple areas. This is invalid!
Occluder "03" straddles multiple areas. This is invalid!
Occluder "03" straddles multiple areas. This is invalid!
Occluder "03" straddles multiple areas. This is invalid!
Occluder "03" straddles multiple areas. This is invalid!
Occluder "03" straddles multiple areas. This is invalid!
Occluder "03" straddles multiple areas. This is invalid!
Occluder "03" straddles multiple areas. This is invalid!
Occluder "03" straddles multiple areas. This is invalid!
Occluder "03" straddles multiple areas. This is invalid!
Occluder "03" straddles multiple areas. This is invalid!
Occluder "03" straddles multiple areas. This is invalid!
Occluder "03" straddles multiple areas. This is invalid!
Occluder "03" straddles multiple areas. This is invalid!
Occluder "03" straddles multiple areas. This is invalid!
Occluder "03" straddles multiple areas. This is invalid!
Occluder "03" straddles multiple areas. This is invalid!
Occluder "03" straddles multiple areas. This is invalid!
Occluder "03" straddles multiple areas. This is invalid!
Occluder "03" straddles multiple areas. This is invalid!
Occluder "03" straddles multiple areas. This is invalid!
Occluder "03" straddles multiple areas. This is invalid!
Occluder "03" straddles multiple areas. This is invalid!
Occluder "03" straddles multiple areas. This is invalid!
Occluder "03" straddles multiple areas. This is invalid!
Occluder "03" straddles multiple areas. This is invalid!
Occluder "03" straddles multiple areas. This is invalid!
Occluder "03" straddles multiple areas. This is invalid!
Occluder "03" straddles multiple areas. This is invalid!
Occluder "03" straddles multiple areas. This is invalid!
Occluder "03" straddles multiple areas. This is invalid!
Occluder "03" straddles multiple areas. This is invalid!
Occluder "03" straddles multiple areas. This is invalid!
Occluder "03" straddles multiple areas. This is invalid!
Occluder "03" straddles multiple areas. This is invalid!
Occluder "03" straddles multiple areas. This is invalid!
Occluder "03" straddles multiple areas. This is invalid!
Occluder "03" straddles multiple areas. This is invalid!
Occluder "03" straddles multiple areas. This is invalid!
Occluder "03" straddles multiple areas. This is invalid!
Occluder "03" straddles multiple areas. This is invalid!
Occluder "03" straddles multiple areas. This is invalid!
Chop Details...done (1)
Find Visible Detail Sides...
Merged 2004 detail faces...done (1)
Merging details...done (0)
FixTjuncs...
PruneNodes...
WriteBSP...
done (2)
writing Z:\mnt\f\stuff\git\l4d2-things\reverse_rda\map\r_c11m4_terminal.prt...Building visibility clusters...
done (0)
Finding displacement neighbors...
Finding lightmap sample positions...
Displacement Alpha : 0...1...2...3...4...5...6...7...8...9...10
Building Physics collision data...
done (1) (2075303 bytes)
Cannot build Physics2 data
                                                             -----------
DataLinker total stream size                                     0.0 KiB
Placing detail props : 0...1...2...3...4...5...6...7...8...9...10
Compacting texture/material tables...
Reduced 11001 texinfos to 8047
Reduced 544 texdatas to 492 (22552 bytes to 20822)
Writing Z:\mnt\f\stuff\git\l4d2-things\reverse_rda\map\r_c11m4_terminal.bsp
12 seconds elapsed

==================================================================
Date: 2026-04-24 05:04:10
Z:\mnt\d\SteamLibrary\steamapps\common\Left 4 Dead 2\bin\vvisplusplus.exe -game Z:\mnt\d\SteamLibrary\steamapps\common\Left 4 Dead 2\left4dead2 Z:\mnt\f\stuff\git\l4d2-things\reverse_rda\map\r_c11m4_terminal.vmf
==================================================================
6 threads
reading z:\mnt\f\stuff\git\l4d2-things\reverse_rda\map\r_c11m4_terminal.bsp
Detected L4D2 lump format
Max farz in all env_fog_controller entities: 10000 (used for radial vis)
reading z:\mnt\f\stuff\git\l4d2-things\reverse_rda\map\r_c11m4_terminal.prt
1321 portalclusters
2758 numportals
0...1...2...3...4...5...6...7...8...9...100...1...2...3...4...5...6...7...8...9...10Optimized: 1954 visible clusters (0.70%)
Total clusters visible: 279491
Average clusters visible: 211
Building PAS...
Average clusters audible: 576
visdatasize:244961  compressed from 443856
writing z:\mnt\f\stuff\git\l4d2-things\reverse_rda\map\r_c11m4_terminal.bsp
Wrote ZIP buffer, estimated size 6180049, actual size 6112299
4 seconds elapsed



[Reading texlights from 'lights.rad']
[2 texlights parsed from 'lights.rad']

Loading z:\mnt\f\stuff\git\l4d2-things\reverse_rda\map\r_c11m4_terminal.bsp
19120 faces
15 degenerate faces
9162584 square feet [1319412096.00 square inches]
25 Displacements
361664 Square Feet [52079740.00 Square Inches]
19105 patches before subdivision
161039 patches after subdivision
60 direct lights
0...1...2...3...4...5...6...7...8...9...100...1...2...3...4...5...6...7...8...9...10transfers 16196087, max 1499
transfer lists: 123.6 megs
0...1...2...3...4...5...6...7...8...9...10	Bounce #1 added RGB(29390, 27188, 18973)
0...1...2...3...4...5...6...7...8...9...10	Bounce #2 added RGB(5044, 4690, 3074)
0...1...2...3...4...5...6...7...8...9...10	Bounce #3 added RGB(890, 765, 446)
0...1...2...3...4...5...6...7...8...9...10	Bounce #4 added RGB(182, 155, 82)
0...1...2...3...4...5...6...7...8...9...10	Bounce #5 added RGB(38, 31, 14)
0...1...2...3...4...5...6...7...8...9...10	Bounce #6 added RGB(9, 7, 3)
0...1...2...3...4...5...6...7...8...9...10	Bounce #7 added RGB(2, 2, 1)
0...1...2...3...4...5...6...7...8...9...10	Bounce #8 added RGB(1, 0, 0)
Build Patch/Sample Hash Table(s).....Done<0.0557 sec>
0...1...2...3...4...5...6...7...8...9...10FinalLightFace Done
0 of 0 (0% of) surface lights went in leaf ambient cubes.
0...1...2...3...4...5...6...7...8...9...10Writing leaf ambient...done
Computing static prop lighting : 00...1...2...3...4...5...6...7...8...9...10
Ready to Finish

Object names       Objects/Maxobjs  Memory / Maxmem  Fullness 
------------       ---------------  ---------------  -------- 
models                 150/1024         7200/49152    (14.6%) 
brushes               5567/8192        66804/98304    (68.0%) 
brushsides           51950/65536      415600/524288   (79.3%) 
planes               47382/65536      947640/1310720  (72.3%) 
vertexes             32922/65536      395064/786432   (50.2%) 
nodes                 5921/65536      189472/2097152  ( 9.0%) 
texinfos              8047/12288      579384/884736   (65.5%) 
texdata                492/2048        15744/65536    (24.0%) 
dispinfos               25/0            4400/0        ( 0.0%) 
disp_verts            2441/0           48820/0        ( 0.0%) 
disp_tris             3968/0            7936/0        ( 0.0%) 
disp_lmsamples      231201/0          231201/0        ( 0.0%) 
faces                19120/65536     1070720/3670016  (29.2%) 
hdr faces            19120/65536     1070720/3670016  (29.2%) 
origfaces            14789/65536      828184/3670016  (22.6%) 
leaves                6072/65536      194304/2097152  ( 9.3%) 
leaffaces            22960/65536       45920/131072   (35.0%) 
leafbrushes          10827/65536       21654/131072   (16.5%) 
areas                   39/256           312/2048     (15.2%) 
surfedges           152680/512000     610720/2048000  (29.8%) 
edges                95986/256000     383944/1024000  (37.5%) 
LDR worldlights          0/8192            0/819200   ( 0.0%) 
HDR worldlights         60/8192         6000/819200   ( 0.7%) 
leafwaterdata            0/32768           0/393216   ( 0.0%) 
waterstrips           2208/32768       22080/327680   ( 6.7%) 
waterverts               0/65536           0/786432   ( 0.0%) 
waterindices         41562/65536       83124/131072   (63.4%) 
cubemapsamples          68/1024         1088/16384    ( 6.6%) 
overlays               467/512        164384/180224   (91.2%) VERY FULL!
LDR lightdata         [variable]           0/0        ( 0.0%) 
HDR lightdata         [variable]     5590540/0        ( 0.0%) 
visdata               [variable]      244961/16777216 ( 1.5%) 
entdata               [variable]      607804/393216   (154.6%) VERY FULL!
LDR ambient table     6072/65536       24288/262144   ( 9.3%) 
HDR ambient table     6072/65536       24288/262144   ( 9.3%) 
LDR leaf ambient      6072/65536      170016/1835008  ( 9.3%) 
HDR leaf ambient     16341/65536      457548/1835008  (24.9%) 
occluders                8/0             320/0        ( 0.0%) 
occluder polygons       20/0             240/0        ( 0.0%) 
occluder vert ind      104/0             416/0        ( 0.0%) 
Prop Hull Verts          0/0               0/0        ( 0.0%) 
Prop Hull Blob           0/0               0/0        ( 0.0%) 
Prop Hull Lists          0/0               0/0        ( 0.0%) 
Prop Hulls               0/0               0/0        ( 0.0%) 
Prop Hull trilist        0/0               0/0        ( 0.0%) 
detail props          [variable]           1/12       ( 8.3%) 
static props          [variable]           1/85814    ( 0.0%) 
pakfile               [variable]     7767365/0        ( 0.0%) 
physics               [variable]     2075303/4194304  (49.5%) 
physics terrain       [variable]        6993/1048576  ( 0.7%) 

Level flags = 2

Total triangle count: 55156
Writing z:\mnt\f\stuff\git\l4d2-things\reverse_rda\map\r_c11m4_terminal.bsp
6 minutes, 28 seconds elapsed



Using shader api: shaderapiempty.dll
materialPath: Z:\mnt\d\SteamLibrary\steamapps\common\Left 4 Dead 2\left4dead2\materials
Loading Z:\mnt\f\stuff\git\l4d2-things\reverse_rda\map\r_c11m4_terminal.vmf
fixing up env_cubemap materials on brush sides...
0...1...2...3...4...5...6...7...8...9...100...1...2...3...4...5...6...7...8...9...10Processing areas...done (0)
Building Faces...done (0)
Occluder "01" straddles multiple areas. This is invalid!
Occluder "01" straddles multiple areas. This is invalid!
Occluder "02" straddles multiple areas. This is invalid!
Occluder "02" straddles multiple areas. This is invalid!
Occluder "02" straddles multiple areas. This is invalid!
Occluder "02" straddles multiple areas. This is invalid!
Occluder "03" straddles multiple areas. This is invalid!
Occluder "03" straddles multiple areas. This is invalid!
Occluder "03" straddles multiple areas. This is invalid!
Occluder "03" straddles multiple areas. This is invalid!
Occluder "03" straddles multiple areas. This is invalid!
Occluder "03" straddles multiple areas. This is invalid!
Occluder "03" straddles multiple areas. This is invalid!
Occluder "03" straddles multiple areas. This is invalid!
Occluder "03" straddles multiple areas. This is invalid!
Occluder "03" straddles multiple areas. This is invalid!
Occluder "03" straddles multiple areas. This is invalid!
Occluder "03" straddles multiple areas. This is invalid!
Occluder "03" straddles multiple areas. This is invalid!
Occluder "03" straddles multiple areas. This is invalid!
Occluder "03" straddles multiple areas. This is invalid!
Occluder "04" straddles multiple areas. This is invalid!
Occluder "04" straddles multiple areas. This is invalid!
Occluder "04" straddles multiple areas. This is invalid!
Occluder "04" straddles multiple areas. This is invalid!
Occluder "04" straddles multiple areas. This is invalid!
Occluder "04" straddles multiple areas. This is invalid!
Occluder "04" straddles multiple areas. This is invalid!
Occluder "04" straddles multiple areas. This is invalid!
Occluder "04" straddles multiple areas. This is invalid!
Occluder "04" straddles multiple areas. This is invalid!
Occluder "04" straddles multiple areas. This is invalid!
Occluder "04" straddles multiple areas. This is invalid!
Occluder "04" straddles multiple areas. This is invalid!
Occluder "04" straddles multiple areas. This is invalid!
Occluder "04" straddles multiple areas. This is invalid!
Occluder "04" straddles multiple areas. This is invalid!
Occluder "04" straddles multiple areas. This is invalid!
Occluder "04" straddles multiple areas. This is invalid!
Occluder "03" straddles multiple areas. This is invalid!
Occluder "03" straddles multiple areas. This is invalid!
Occluder "03" straddles multiple areas. This is invalid!
Occluder "03" straddles multiple areas. This is invalid!
Occluder "03" straddles multiple areas. This is invalid!
Occluder "03" straddles multiple areas. This is invalid!
Occluder "03" straddles multiple areas. This is invalid!
Occluder "03" straddles multiple areas. This is invalid!
Occluder "03" straddles multiple areas. This is invalid!
Occluder "03" straddles multiple areas. This is invalid!
Occluder "03" straddles multiple areas. This is invalid!
Occluder "03" straddles multiple areas. This is invalid!
Occluder "03" straddles multiple areas. This is invalid!
Occluder "03" straddles multiple areas. This is invalid!
Occluder "03" straddles multiple areas. This is invalid!
Occluder "03" straddles multiple areas. This is invalid!
Occluder "03" straddles multiple areas. This is invalid!
Occluder "03" straddles multiple areas. This is invalid!
Occluder "03" straddles multiple areas. This is invalid!
Occluder "03" straddles multiple areas. This is invalid!
Occluder "03" straddles multiple areas. This is invalid!
Occluder "03" straddles multiple areas. This is invalid!
Occluder "03" straddles multiple areas. This is invalid!
Occluder "03" straddles multiple areas. This is invalid!
Occluder "03" straddles multiple areas. This is invalid!
Occluder "03" straddles multiple areas. This is invalid!
Occluder "03" straddles multiple areas. This is invalid!
Occluder "03" straddles multiple areas. This is invalid!
Occluder "03" straddles multiple areas. This is invalid!
Occluder "03" straddles multiple areas. This is invalid!
Occluder "03" straddles multiple areas. This is invalid!
Occluder "03" straddles multiple areas. This is invalid!
Occluder "03" straddles multiple areas. This is invalid!
Occluder "03" straddles multiple areas. This is invalid!
Occluder "03" straddles multiple areas. This is invalid!
Occluder "03" straddles multiple areas. This is invalid!
Occluder "03" straddles multiple areas. This is invalid!
Occluder "03" straddles multiple areas. This is invalid!
Occluder "03" straddles multiple areas. This is invalid!
Occluder "03" straddles multiple areas. This is invalid!
Occluder "03" straddles multiple areas. This is invalid!
Occluder "03" straddles multiple areas. This is invalid!
Occluder "03" straddles multiple areas. This is invalid!
Occluder "03" straddles multiple areas. This is invalid!
Occluder "03" straddles multiple areas. This is invalid!
Occluder "03" straddles multiple areas. This is invalid!
Occluder "03" straddles multiple areas. This is invalid!
Occluder "03" straddles multiple areas. This is invalid!
Occluder "03" straddles multiple areas. This is invalid!
Occluder "03" straddles multiple areas. This is invalid!
Occluder "03" straddles multiple areas. This is invalid!
Occluder "03" straddles multiple areas. This is invalid!
Occluder "03" straddles multiple areas. This is invalid!
Occluder "03" straddles multiple areas. This is invalid!
Occluder "03" straddles multiple areas. This is invalid!
Occluder "03" straddles multiple areas. This is invalid!
Occluder "03" straddles multiple areas. This is invalid!
Occluder "03" straddles multiple areas. This is invalid!
Occluder "03" straddles multiple areas. This is invalid!
Occluder "03" straddles multiple areas. This is invalid!
Occluder "03" straddles multiple areas. This is invalid!
Occluder "03" straddles multiple areas. This is invalid!
Occluder "03" straddles multiple areas. This is invalid!
Occluder "03" straddles multiple areas. This is invalid!
Occluder "03" straddles multiple areas. This is invalid!
Occluder "03" straddles multiple areas. This is invalid!
Occluder "03" straddles multiple areas. This is invalid!
Occluder "03" straddles multiple areas. This is invalid!
Occluder "03" straddles multiple areas. This is invalid!
Occluder "03" straddles multiple areas. This is invalid!
Occluder "03" straddles multiple areas. This is invalid!
Occluder "03" straddles multiple areas. This is invalid!
Occluder "03" straddles multiple areas. This is invalid!
Occluder "03" straddles multiple areas. This is invalid!
Occluder "03" straddles multiple areas. This is invalid!
Occluder "03" straddles multiple areas. This is invalid!
Occluder "03" straddles multiple areas. This is invalid!
Occluder "03" straddles multiple areas. This is invalid!
Chop Details...done (0)
Find Visible Detail Sides...
Merged 2004 detail faces...done (1)
Merging details...done (0)
FixTjuncs...
PruneNodes...
WriteBSP...
done (1)
writing Z:\mnt\f\stuff\git\l4d2-things\reverse_rda\map\r_c11m4_terminal.prt...Building visibility clusters...
done (1)
Finding displacement neighbors...
Finding lightmap sample positions...
Displacement Alpha : 0...1...2...3...4...5...6...7...8...9...10
Building Physics collision data...
done (1) (2076581 bytes)
Cannot build Physics2 data
                                                             -----------
DataLinker total stream size                                     0.0 KiB
Placing detail props : 0...1...2...3...4...5...6...7...8...9...10
Compacting texture/material tables...
Reduced 11025 texinfos to 8051
Reduced 544 texdatas to 492 (22552 bytes to 20822)
Writing Z:\mnt\f\stuff\git\l4d2-things\reverse_rda\map\r_c11m4_terminal.bsp
11 seconds elapsed

==================================================================
Date: 2026-04-24 07:46:23
Z:\mnt\d\SteamLibrary\steamapps\common\Left 4 Dead 2\bin\vvisplusplus.exe -game Z:\mnt\d\SteamLibrary\steamapps\common\Left 4 Dead 2\left4dead2 Z:\mnt\f\stuff\git\l4d2-things\reverse_rda\map\r_c11m4_terminal.vmf
==================================================================
6 threads
reading z:\mnt\f\stuff\git\l4d2-things\reverse_rda\map\r_c11m4_terminal.bsp
Detected L4D2 lump format
Max farz in all env_fog_controller entities: 10000 (used for radial vis)
reading z:\mnt\f\stuff\git\l4d2-things\reverse_rda\map\r_c11m4_terminal.prt
1325 portalclusters
2764 numportals
0...1...2...3...4...5...6...7...8...9...100...1...2...3...4...5...6...7...8...9...10Optimized: 1970 visible clusters (0.70%)
Total clusters visible: 280635
Average clusters visible: 211
Building PAS...
Average clusters audible: 578
visdatasize:244840  compressed from 445200
writing z:\mnt\f\stuff\git\l4d2-things\reverse_rda\map\r_c11m4_terminal.bsp
Wrote ZIP buffer, estimated size 6180049, actual size 6112299
4 seconds elapsed



[Reading texlights from 'lights.rad']
[2 texlights parsed from 'lights.rad']

Loading z:\mnt\f\stuff\git\l4d2-things\reverse_rda\map\r_c11m4_terminal.bsp
19143 faces
15 degenerate faces
9165990 square feet [1319902592.00 square inches]
25 Displacements
361664 Square Feet [52079740.00 Square Inches]
19128 patches before subdivision
161432 patches after subdivision
59 direct lights
0...1...2...3...4...5...6...7...8...9...100...1...2...3...4...5...6...7...8...9...10transfers 16269140, max 1499
transfer lists: 124.1 megs
0...1...2...3...4...5...6...7...8...9...10	Bounce #1 added RGB(29292, 26964, 18768)
0...1...2...3...4...5...6...7...8...9...10	Bounce #2 added RGB(5011, 4621, 3017)
0...1...2...3...4...5...6...7...8...9...10	Bounce #3 added RGB(884, 751, 435)
0...1...2...3...4...5...6...7...8...9...10	Bounce #4 added RGB(180, 151, 79)
0...1...2...3...4...5...6...7...8...9...10	Bounce #5 added RGB(37, 30, 14)
0...1...2...3...4...5...6...7...8...9...10	Bounce #6 added RGB(9, 7, 3)
0...1...2...3...4...5...6...7...8...9...10	Bounce #7 added RGB(2, 2, 1)
0...1...2...3...4...5...6...7...8...9...10	Bounce #8 added RGB(1, 0, 0)
Build Patch/Sample Hash Table(s).....Done<0.0545 sec>
0...1...2...3...4...5...6...7...8...9...10FinalLightFace Done
0 of 0 (0% of) surface lights went in leaf ambient cubes.
0...1...2...3...4...5...6...7...8...9...10Writing leaf ambient...done
Computing static prop lighting : 00...1...2...3...4...5...6...7...8...9...10
Ready to Finish

Object names       Objects/Maxobjs  Memory / Maxmem  Fullness 
------------       ---------------  ---------------  -------- 
models                 153/1024         7344/49152    (14.9%) 
brushes               5571/8192        66852/98304    (68.0%) 
brushsides           51978/65536      415824/524288   (79.3%) 
planes               47438/65536      948760/1310720  (72.4%) 
vertexes             32956/65536      395472/786432   (50.3%) 
nodes                 5943/65536      190176/2097152  ( 9.1%) 
texinfos              8051/12288      579672/884736   (65.5%) 
texdata                492/2048        15744/65536    (24.0%) 
dispinfos               25/0            4400/0        ( 0.0%) 
disp_verts            2441/0           48820/0        ( 0.0%) 
disp_tris             3968/0            7936/0        ( 0.0%) 
disp_lmsamples      231201/0          231201/0        ( 0.0%) 
faces                19143/65536     1072008/3670016  (29.2%) 
hdr faces            19143/65536     1072008/3670016  (29.2%) 
origfaces            14796/65536      828576/3670016  (22.6%) 
leaves                6097/65536      195104/2097152  ( 9.3%) 
leaffaces            22985/65536       45970/131072   (35.1%) 
leafbrushes          10832/65536       21664/131072   (16.5%) 
areas                   40/256           320/2048     (15.6%) 
surfedges           152798/512000     611192/2048000  (29.8%) 
edges                96073/256000     384292/1024000  (37.5%) 
LDR worldlights          0/8192            0/819200   ( 0.0%) 
HDR worldlights         59/8192         5900/819200   ( 0.7%) 
leafwaterdata            0/32768           0/393216   ( 0.0%) 
waterstrips           2208/32768       22080/327680   ( 6.7%) 
waterverts               0/65536           0/786432   ( 0.0%) 
waterindices         41559/65536       83118/131072   (63.4%) 
cubemapsamples          68/1024         1088/16384    ( 6.6%) 
overlays               467/512        164384/180224   (91.2%) VERY FULL!
LDR lightdata         [variable]           0/0        ( 0.0%) 
HDR lightdata         [variable]     5600940/0        ( 0.0%) 
visdata               [variable]      244840/16777216 ( 1.5%) 
entdata               [variable]      608801/393216   (154.8%) VERY FULL!
LDR ambient table     6097/65536       24388/262144   ( 9.3%) 
HDR ambient table     6097/65536       24388/262144   ( 9.3%) 
LDR leaf ambient      6097/65536      170716/1835008  ( 9.3%) 
HDR leaf ambient     16380/65536      458640/1835008  (25.0%) 
occluders                8/0             320/0        ( 0.0%) 
occluder polygons       20/0             240/0        ( 0.0%) 
occluder vert ind      104/0             416/0        ( 0.0%) 
Prop Hull Verts          0/0               0/0        ( 0.0%) 
Prop Hull Blob           0/0               0/0        ( 0.0%) 
Prop Hull Lists          0/0               0/0        ( 0.0%) 
Prop Hulls               0/0               0/0        ( 0.0%) 
Prop Hull trilist        0/0               0/0        ( 0.0%) 
detail props          [variable]           1/12       ( 8.3%) 
static props          [variable]           1/85822    ( 0.0%) 
pakfile               [variable]     7767365/0        ( 0.0%) 
physics               [variable]     2076581/4194304  (49.5%) 
physics terrain       [variable]        6993/1048576  ( 0.7%) 

Level flags = 2

Total triangle count: 55200
Writing z:\mnt\f\stuff\git\l4d2-things\reverse_rda\map\r_c11m4_terminal.bsp
5 minutes, 19 seconds elapsed



Using shader api: shaderapiempty.dll
materialPath: Z:\mnt\d\SteamLibrary\steamapps\common\Left 4 Dead 2\left4dead2\materials
Loading Z:\mnt\f\stuff\git\l4d2-things\reverse_rda\map\r_c11m4_terminal.vmf
KeyValues Error: RecursiveLoadFromBuffer:  got EOF instead of keyname in file materials/ads/adgroup_01b.vmt
LightmappedGeneric, 
KeyValues Error: RecursiveLoadFromBuffer:  got EOF instead of keyname in file materials/ads/adgroup_01b.vmt
LightmappedGeneric, 
KeyValues Error: RecursiveLoadFromBuffer:  got EOF instead of keyname in file materials/ads/adgroup_01a.vmt
LightmappedGeneric, 
KeyValues Error: RecursiveLoadFromBuffer:  got EOF instead of keyname in file materials/ads/adgroup_01a.vmt
LightmappedGeneric, 
fixing up env_cubemap materials on brush sides...
KeyValues Error: RecursiveLoadFromBuffer:  got EOF instead of keyname in file materials/ADS/ADGROUP_01B.vmt
LightmappedGeneric, 
KeyValues Error: RecursiveLoadFromBuffer:  got EOF instead of keyname in file materials/ADS/ADGROUP_01B.vmt
LightmappedGeneric, 
KeyValues Error: RecursiveLoadFromBuffer:  got EOF instead of keyname in file materials/ADS/ADGROUP_01B.vmt
LightmappedGeneric, 
KeyValues Error: RecursiveLoadFromBuffer:  got EOF instead of keyname in file materials/ADS/ADGROUP_01B.vmt
LightmappedGeneric, 
KeyValues Error: RecursiveLoadFromBuffer:  got EOF instead of keyname in file materials/ADS/ADGROUP_01A.vmt
LightmappedGeneric, 
KeyValues Error: RecursiveLoadFromBuffer:  got EOF instead of keyname in file materials/ADS/ADGROUP_01A.vmt
LightmappedGeneric, 
KeyValues Error: RecursiveLoadFromBuffer:  got EOF instead of keyname in file materials/ADS/ADGROUP_01A.vmt
LightmappedGeneric, 
KeyValues Error: RecursiveLoadFromBuffer:  got EOF instead of keyname in file materials/ADS/ADGROUP_01A.vmt
LightmappedGeneric, 
0...1...2...3...4...5...6...7...8...9...100...1...2...3...4...5...6...7...8...9...10Processing areas...done (0)
Building Faces...done (0)
Occluder "01" straddles multiple areas. This is invalid!
Occluder "01" straddles multiple areas. This is invalid!
Occluder "02" straddles multiple areas. This is invalid!
Occluder "02" straddles multiple areas. This is invalid!
Occluder "02" straddles multiple areas. This is invalid!
Occluder "02" straddles multiple areas. This is invalid!
Occluder "03" straddles multiple areas. This is invalid!
Occluder "03" straddles multiple areas. This is invalid!
Occluder "03" straddles multiple areas. This is invalid!
Occluder "03" straddles multiple areas. This is invalid!
Occluder "03" straddles multiple areas. This is invalid!
Occluder "03" straddles multiple areas. This is invalid!
Occluder "03" straddles multiple areas. This is invalid!
Occluder "03" straddles multiple areas. This is invalid!
Occluder "03" straddles multiple areas. This is invalid!
Occluder "03" straddles multiple areas. This is invalid!
Occluder "03" straddles multiple areas. This is invalid!
Occluder "03" straddles multiple areas. This is invalid!
Occluder "03" straddles multiple areas. This is invalid!
Occluder "03" straddles multiple areas. This is invalid!
Occluder "03" straddles multiple areas. This is invalid!
Occluder "04" straddles multiple areas. This is invalid!
Occluder "04" straddles multiple areas. This is invalid!
Occluder "04" straddles multiple areas. This is invalid!
Occluder "04" straddles multiple areas. This is invalid!
Occluder "04" straddles multiple areas. This is invalid!
Occluder "04" straddles multiple areas. This is invalid!
Occluder "04" straddles multiple areas. This is invalid!
Occluder "04" straddles multiple areas. This is invalid!
Occluder "04" straddles multiple areas. This is invalid!
Occluder "04" straddles multiple areas. This is invalid!
Occluder "04" straddles multiple areas. This is invalid!
Occluder "04" straddles multiple areas. This is invalid!
Occluder "04" straddles multiple areas. This is invalid!
Occluder "04" straddles multiple areas. This is invalid!
Occluder "04" straddles multiple areas. This is invalid!
Occluder "04" straddles multiple areas. This is invalid!
Occluder "04" straddles multiple areas. This is invalid!
Occluder "04" straddles multiple areas. This is invalid!
Occluder "03" straddles multiple areas. This is invalid!
Occluder "03" straddles multiple areas. This is invalid!
Occluder "03" straddles multiple areas. This is invalid!
Occluder "03" straddles multiple areas. This is invalid!
Occluder "03" straddles multiple areas. This is invalid!
Occluder "03" straddles multiple areas. This is invalid!
Occluder "03" straddles multiple areas. This is invalid!
Occluder "03" straddles multiple areas. This is invalid!
Occluder "03" straddles multiple areas. This is invalid!
Occluder "03" straddles multiple areas. This is invalid!
Occluder "03" straddles multiple areas. This is invalid!
Occluder "03" straddles multiple areas. This is invalid!
Occluder "03" straddles multiple areas. This is invalid!
Occluder "03" straddles multiple areas. This is invalid!
Occluder "03" straddles multiple areas. This is invalid!
Occluder "03" straddles multiple areas. This is invalid!
Occluder "03" straddles multiple areas. This is invalid!
Occluder "03" straddles multiple areas. This is invalid!
Occluder "03" straddles multiple areas. This is invalid!
Occluder "03" straddles multiple areas. This is invalid!
Occluder "03" straddles multiple areas. This is invalid!
Occluder "03" straddles multiple areas. This is invalid!
Occluder "03" straddles multiple areas. This is invalid!
Occluder "03" straddles multiple areas. This is invalid!
Occluder "03" straddles multiple areas. This is invalid!
Occluder "03" straddles multiple areas. This is invalid!
Occluder "03" straddles multiple areas. This is invalid!
Occluder "03" straddles multiple areas. This is invalid!
Occluder "03" straddles multiple areas. This is invalid!
Occluder "03" straddles multiple areas. This is invalid!
Occluder "03" straddles multiple areas. This is invalid!
Occluder "03" straddles multiple areas. This is invalid!
Occluder "03" straddles multiple areas. This is invalid!
Occluder "03" straddles multiple areas. This is invalid!
Occluder "03" straddles multiple areas. This is invalid!
Occluder "03" straddles multiple areas. This is invalid!
Occluder "03" straddles multiple areas. This is invalid!
Occluder "03" straddles multiple areas. This is invalid!
Occluder "03" straddles multiple areas. This is invalid!
Occluder "03" straddles multiple areas. This is invalid!
Occluder "03" straddles multiple areas. This is invalid!
Occluder "03" straddles multiple areas. This is invalid!
Occluder "03" straddles multiple areas. This is invalid!
Occluder "03" straddles multiple areas. This is invalid!
Occluder "03" straddles multiple areas. This is invalid!
Occluder "03" straddles multiple areas. This is invalid!
Occluder "03" straddles multiple areas. This is invalid!
Occluder "03" straddles multiple areas. This is invalid!
Occluder "03" straddles multiple areas. This is invalid!
Occluder "03" straddles multiple areas. This is invalid!
Occluder "03" straddles multiple areas. This is invalid!
Occluder "03" straddles multiple areas. This is invalid!
Occluder "03" straddles multiple areas. This is invalid!
Occluder "03" straddles multiple areas. This is invalid!
Occluder "03" straddles multiple areas. This is invalid!
Occluder "03" straddles multiple areas. This is invalid!
Occluder "03" straddles multiple areas. This is invalid!
Occluder "03" straddles multiple areas. This is invalid!
Occluder "03" straddles multiple areas. This is invalid!
Occluder "03" straddles multiple areas. This is invalid!
Occluder "03" straddles multiple areas. This is invalid!
Occluder "03" straddles multiple areas. This is invalid!
Occluder "03" straddles multiple areas. This is invalid!
Occluder "03" straddles multiple areas. This is invalid!
Occluder "03" straddles multiple areas. This is invalid!
Occluder "03" straddles multiple areas. This is invalid!
Occluder "03" straddles multiple areas. This is invalid!
Occluder "03" straddles multiple areas. This is invalid!
Occluder "03" straddles multiple areas. This is invalid!
Occluder "03" straddles multiple areas. This is invalid!
Occluder "03" straddles multiple areas. This is invalid!
Occluder "03" straddles multiple areas. This is invalid!
Occluder "03" straddles multiple areas. This is invalid!
Occluder "03" straddles multiple areas. This is invalid!
Occluder "03" straddles multiple areas. This is invalid!
Occluder "03" straddles multiple areas. This is invalid!
Occluder "03" straddles multiple areas. This is invalid!
Occluder "03" straddles multiple areas. This is invalid!
Chop Details...done (0)
Find Visible Detail Sides...
Merged 2004 detail faces...done (1)
Merging details...done (0)
FixTjuncs...
PruneNodes...
WriteBSP...
done (1)
writing Z:\mnt\f\stuff\git\l4d2-things\reverse_rda\map\r_c11m4_terminal.prt...Building visibility clusters...
done (0)
Finding displacement neighbors...
Finding lightmap sample positions...
Displacement Alpha : 0...1...2...3...4...5...6...7...8...9...10
Building Physics collision data...
done (1) (2076973 bytes)
Cannot build Physics2 data
                                                             -----------
DataLinker total stream size                                     0.0 KiB
Placing detail props : 0...1...2...3...4...5...6...7...8...9...10
Compacting texture/material tables...
Reduced 11019 texinfos to 8051
Reduced 544 texdatas to 492 (22552 bytes to 20822)
Writing Z:\mnt\f\stuff\git\l4d2-things\reverse_rda\map\r_c11m4_terminal.bsp
11 seconds elapsed

==================================================================
Date: 2026-04-27 03:20:45
Z:\mnt\d\SteamLibrary\steamapps\common\Left 4 Dead 2\bin\vvisplusplus.exe -game Z:\mnt\d\SteamLibrary\steamapps\common\Left 4 Dead 2\left4dead2 Z:\mnt\f\stuff\git\l4d2-things\reverse_rda\map\r_c11m4_terminal.vmf
==================================================================
6 threads
reading z:\mnt\f\stuff\git\l4d2-things\reverse_rda\map\r_c11m4_terminal.bsp
Detected L4D2 lump format
Max farz in all env_fog_controller entities: 10000 (used for radial vis)
reading z:\mnt\f\stuff\git\l4d2-things\reverse_rda\map\r_c11m4_terminal.prt
1301 portalclusters
2668 numportals
0...1...2...3...4...5...6...7...8...9...100...1...2...3...4...5...6...7...8...9...10Optimized: 1916 visible clusters (0.71%)
Total clusters visible: 269895
Average clusters visible: 207
Building PAS...
Average clusters audible: 563
visdatasize:236718  compressed from 437136
writing z:\mnt\f\stuff\git\l4d2-things\reverse_rda\map\r_c11m4_terminal.bsp
Wrote ZIP buffer, estimated size 6180049, actual size 6112299
2 seconds elapsed



[Reading texlights from 'lights.rad']
[2 texlights parsed from 'lights.rad']

Loading z:\mnt\f\stuff\git\l4d2-things\reverse_rda\map\r_c11m4_terminal.bsp
19140 faces
15 degenerate faces
9165990 square feet [1319902592.00 square inches]
25 Displacements
361702 Square Feet [52085104.00 Square Inches]
19125 patches before subdivision
161425 patches after subdivision
59 direct lights
0...1...2...3...4...5...6...7...8...9...100...1...2...3...4...5...6...7...8...9...10transfers 16257619, max 1499
transfer lists: 124.0 megs
0...1...2...3...4...5...6...7...8...9...10	Bounce #1 added RGB(29089, 26642, 18486)
0...1...2...3...4...5...6...7...8...9...10	Bounce #2 added RGB(4945, 4514, 2933)
0...1...2...3...4...5...6...7...8...9...10	Bounce #3 added RGB(870, 727, 418)
0...1...2...3...4...5...6...7...8...9...10	Bounce #4 added RGB(175, 143, 74)
0...1...2...3...4...5...6...7...8...9...10	Bounce #5 added RGB(36, 28, 13)
0...1...2...3...4...5...6...7...8...9...10	Bounce #6 added RGB(8, 6, 2)
0...1...2...3...4...5...6...7...8...9...10	Bounce #7 added RGB(2, 1, 0)
0...1...2...3...4...5...6...7...8...9...10	Bounce #8 added RGB(0, 0, 0)
Build Patch/Sample Hash Table(s).....Done<0.0527 sec>
0...1...2...3...4...5...6...7...8...9...10FinalLightFace Done
0 of 0 (0% of) surface lights went in leaf ambient cubes.
0...1...2...3...4...5...6...7...8...9...10Writing leaf ambient...done
Computing static prop lighting : 00...1...2...3...4...5...6...7...8...9...10
Ready to Finish

Object names       Objects/Maxobjs  Memory / Maxmem  Fullness 
------------       ---------------  ---------------  -------- 
models                 153/1024         7344/49152    (14.9%) 
brushes               5571/8192        66852/98304    (68.0%) 
brushsides           51975/65536      415800/524288   (79.3%) 
planes               47422/65536      948440/1310720  (72.4%) 
vertexes             32922/65536      395064/786432   (50.2%) 
nodes                 5918/65536      189376/2097152  ( 9.0%) 
texinfos              8051/12288      579672/884736   (65.5%) 
texdata                492/2048        15744/65536    (24.0%) 
dispinfos               25/0            4400/0        ( 0.0%) 
disp_verts            2441/0           48820/0        ( 0.0%) 
disp_tris             3968/0            7936/0        ( 0.0%) 
disp_lmsamples      231345/0          231345/0        ( 0.0%) 
faces                19140/65536     1071840/3670016  (29.2%) 
hdr faces            19140/65536     1071840/3670016  (29.2%) 
origfaces            14796/65536      828576/3670016  (22.6%) 
leaves                6072/65536      194304/2097152  ( 9.3%) 
leaffaces            22983/65536       45966/131072   (35.1%) 
leafbrushes          10804/65536       21608/131072   (16.5%) 
areas                   40/256           320/2048     (15.6%) 
surfedges           152782/512000     611128/2048000  (29.8%) 
edges                96064/256000     384256/1024000  (37.5%) 
LDR worldlights          0/8192            0/819200   ( 0.0%) 
HDR worldlights         59/8192         5900/819200   ( 0.7%) 
leafwaterdata            0/32768           0/393216   ( 0.0%) 
waterstrips           2205/32768       22050/327680   ( 6.7%) 
waterverts               0/65536           0/786432   ( 0.0%) 
waterindices         41520/65536       83040/131072   (63.4%) 
cubemapsamples          68/1024         1088/16384    ( 6.6%) 
overlays               467/512        164384/180224   (91.2%) VERY FULL!
LDR lightdata         [variable]           0/0        ( 0.0%) 
HDR lightdata         [variable]     5600904/0        ( 0.0%) 
visdata               [variable]      236718/16777216 ( 1.4%) 
entdata               [variable]      608249/393216   (154.7%) VERY FULL!
LDR ambient table     6072/65536       24288/262144   ( 9.3%) 
HDR ambient table     6072/65536       24288/262144   ( 9.3%) 
LDR leaf ambient      6072/65536      170016/1835008  ( 9.3%) 
HDR leaf ambient     16270/65536      455560/1835008  (24.8%) 
occluders                8/0             320/0        ( 0.0%) 
occluder polygons       20/0             240/0        ( 0.0%) 
occluder vert ind      104/0             416/0        ( 0.0%) 
Prop Hull Verts          0/0               0/0        ( 0.0%) 
Prop Hull Blob           0/0               0/0        ( 0.0%) 
Prop Hull Lists          0/0               0/0        ( 0.0%) 
Prop Hulls               0/0               0/0        ( 0.0%) 
Prop Hull trilist        0/0               0/0        ( 0.0%) 
detail props          [variable]           1/12       ( 8.3%) 
static props          [variable]           1/85790    ( 0.0%) 
pakfile               [variable]     7767365/0        ( 0.0%) 
physics               [variable]     2076973/4194304  (49.5%) 
physics terrain       [variable]        6993/1048576  ( 0.7%) 

Level flags = 2

Total triangle count: 55190
Writing z:\mnt\f\stuff\git\l4d2-things\reverse_rda\map\r_c11m4_terminal.bsp
5 minutes, 0 seconds elapsed



Using shader api: shaderapiempty.dll
materialPath: Z:\mnt\d\SteamLibrary\steamapps\common\Left 4 Dead 2\left4dead2\materials
Loading Z:\mnt\f\stuff\git\l4d2-things\reverse_rda\map\r_c11m4_terminal.vmf
KeyValues Error: RecursiveLoadFromBuffer:  got EOF instead of keyname in file materials/ads/adgroup_01b.vmt
LightmappedGeneric, 
KeyValues Error: RecursiveLoadFromBuffer:  got EOF instead of keyname in file materials/ads/adgroup_01b.vmt
LightmappedGeneric, 
KeyValues Error: RecursiveLoadFromBuffer:  got EOF instead of keyname in file materials/ads/adgroup_01a.vmt
LightmappedGeneric, 
KeyValues Error: RecursiveLoadFromBuffer:  got EOF instead of keyname in file materials/ads/adgroup_01a.vmt
LightmappedGeneric, 
fixing up env_cubemap materials on brush sides...
KeyValues Error: RecursiveLoadFromBuffer:  got EOF instead of keyname in file materials/ADS/ADGROUP_01B.vmt
LightmappedGeneric, 
KeyValues Error: RecursiveLoadFromBuffer:  got EOF instead of keyname in file materials/ADS/ADGROUP_01B.vmt
LightmappedGeneric, 
KeyValues Error: RecursiveLoadFromBuffer:  got EOF instead of keyname in file materials/ADS/ADGROUP_01B.vmt
LightmappedGeneric, 
KeyValues Error: RecursiveLoadFromBuffer:  got EOF instead of keyname in file materials/ADS/ADGROUP_01B.vmt
LightmappedGeneric, 
KeyValues Error: RecursiveLoadFromBuffer:  got EOF instead of keyname in file materials/ADS/ADGROUP_01A.vmt
LightmappedGeneric, 
KeyValues Error: RecursiveLoadFromBuffer:  got EOF instead of keyname in file materials/ADS/ADGROUP_01A.vmt
LightmappedGeneric, 
KeyValues Error: RecursiveLoadFromBuffer:  got EOF instead of keyname in file materials/ADS/ADGROUP_01A.vmt
LightmappedGeneric, 
KeyValues Error: RecursiveLoadFromBuffer:  got EOF instead of keyname in file materials/ADS/ADGROUP_01A.vmt
LightmappedGeneric, 
0...1...2...3...4...5...6...7...8...9...100...1...2...3...4...5...6...7...8...9...10Processing areas...done (0)
Building Faces...done (0)
Occluder "01" straddles multiple areas. This is invalid!
Occluder "01" straddles multiple areas. This is invalid!
Occluder "02" straddles multiple areas. This is invalid!
Occluder "02" straddles multiple areas. This is invalid!
Occluder "02" straddles multiple areas. This is invalid!
Occluder "02" straddles multiple areas. This is invalid!
Occluder "03" straddles multiple areas. This is invalid!
Occluder "03" straddles multiple areas. This is invalid!
Occluder "03" straddles multiple areas. This is invalid!
Occluder "03" straddles multiple areas. This is invalid!
Occluder "03" straddles multiple areas. This is invalid!
Occluder "03" straddles multiple areas. This is invalid!
Occluder "03" straddles multiple areas. This is invalid!
Occluder "03" straddles multiple areas. This is invalid!
Occluder "03" straddles multiple areas. This is invalid!
Occluder "03" straddles multiple areas. This is invalid!
Occluder "03" straddles multiple areas. This is invalid!
Occluder "03" straddles multiple areas. This is invalid!
Occluder "03" straddles multiple areas. This is invalid!
Occluder "03" straddles multiple areas. This is invalid!
Occluder "03" straddles multiple areas. This is invalid!
Occluder "04" straddles multiple areas. This is invalid!
Occluder "04" straddles multiple areas. This is invalid!
Occluder "04" straddles multiple areas. This is invalid!
Occluder "04" straddles multiple areas. This is invalid!
Occluder "04" straddles multiple areas. This is invalid!
Occluder "04" straddles multiple areas. This is invalid!
Occluder "04" straddles multiple areas. This is invalid!
Occluder "04" straddles multiple areas. This is invalid!
Occluder "04" straddles multiple areas. This is invalid!
Occluder "04" straddles multiple areas. This is invalid!
Occluder "04" straddles multiple areas. This is invalid!
Occluder "04" straddles multiple areas. This is invalid!
Occluder "04" straddles multiple areas. This is invalid!
Occluder "04" straddles multiple areas. This is invalid!
Occluder "04" straddles multiple areas. This is invalid!
Occluder "04" straddles multiple areas. This is invalid!
Occluder "04" straddles multiple areas. This is invalid!
Occluder "04" straddles multiple areas. This is invalid!
Occluder "03" straddles multiple areas. This is invalid!
Occluder "03" straddles multiple areas. This is invalid!
Occluder "03" straddles multiple areas. This is invalid!
Occluder "03" straddles multiple areas. This is invalid!
Occluder "03" straddles multiple areas. This is invalid!
Occluder "03" straddles multiple areas. This is invalid!
Occluder "03" straddles multiple areas. This is invalid!
Occluder "03" straddles multiple areas. This is invalid!
Occluder "03" straddles multiple areas. This is invalid!
Occluder "03" straddles multiple areas. This is invalid!
Occluder "03" straddles multiple areas. This is invalid!
Occluder "03" straddles multiple areas. This is invalid!
Occluder "03" straddles multiple areas. This is invalid!
Occluder "03" straddles multiple areas. This is invalid!
Occluder "03" straddles multiple areas. This is invalid!
Occluder "03" straddles multiple areas. This is invalid!
Occluder "03" straddles multiple areas. This is invalid!
Occluder "03" straddles multiple areas. This is invalid!
Occluder "03" straddles multiple areas. This is invalid!
Occluder "03" straddles multiple areas. This is invalid!
Occluder "03" straddles multiple areas. This is invalid!
Occluder "03" straddles multiple areas. This is invalid!
Occluder "03" straddles multiple areas. This is invalid!
Occluder "03" straddles multiple areas. This is invalid!
Occluder "03" straddles multiple areas. This is invalid!
Occluder "03" straddles multiple areas. This is invalid!
Occluder "03" straddles multiple areas. This is invalid!
Occluder "03" straddles multiple areas. This is invalid!
Occluder "03" straddles multiple areas. This is invalid!
Occluder "03" straddles multiple areas. This is invalid!
Occluder "03" straddles multiple areas. This is invalid!
Occluder "03" straddles multiple areas. This is invalid!
Occluder "03" straddles multiple areas. This is invalid!
Occluder "03" straddles multiple areas. This is invalid!
Occluder "03" straddles multiple areas. This is invalid!
Occluder "03" straddles multiple areas. This is invalid!
Occluder "03" straddles multiple areas. This is invalid!
Occluder "03" straddles multiple areas. This is invalid!
Occluder "03" straddles multiple areas. This is invalid!
Occluder "03" straddles multiple areas. This is invalid!
Occluder "03" straddles multiple areas. This is invalid!
Occluder "03" straddles multiple areas. This is invalid!
Occluder "03" straddles multiple areas. This is invalid!
Occluder "03" straddles multiple areas. This is invalid!
Occluder "03" straddles multiple areas. This is invalid!
Occluder "03" straddles multiple areas. This is invalid!
Occluder "03" straddles multiple areas. This is invalid!
Occluder "03" straddles multiple areas. This is invalid!
Occluder "03" straddles multiple areas. This is invalid!
Occluder "03" straddles multiple areas. This is invalid!
Occluder "03" straddles multiple areas. This is invalid!
Occluder "03" straddles multiple areas. This is invalid!
Occluder "03" straddles multiple areas. This is invalid!
Occluder "03" straddles multiple areas. This is invalid!
Occluder "03" straddles multiple areas. This is invalid!
Occluder "03" straddles multiple areas. This is invalid!
Occluder "03" straddles multiple areas. This is invalid!
Occluder "03" straddles multiple areas. This is invalid!
Occluder "03" straddles multiple areas. This is invalid!
Occluder "03" straddles multiple areas. This is invalid!
Occluder "03" straddles multiple areas. This is invalid!
Occluder "03" straddles multiple areas. This is invalid!
Occluder "03" straddles multiple areas. This is invalid!
Occluder "03" straddles multiple areas. This is invalid!
Occluder "03" straddles multiple areas. This is invalid!
Occluder "03" straddles multiple areas. This is invalid!
Occluder "03" straddles multiple areas. This is invalid!
Occluder "03" straddles multiple areas. This is invalid!
Occluder "03" straddles multiple areas. This is invalid!
Occluder "03" straddles multiple areas. This is invalid!
Occluder "03" straddles multiple areas. This is invalid!
Occluder "03" straddles multiple areas. This is invalid!
Occluder "03" straddles multiple areas. This is invalid!
Occluder "03" straddles multiple areas. This is invalid!
Occluder "03" straddles multiple areas. This is invalid!
Occluder "03" straddles multiple areas. This is invalid!
Occluder "03" straddles multiple areas. This is invalid!
Occluder "03" straddles multiple areas. This is invalid!
Chop Details...done (0)
Find Visible Detail Sides...
Merged 2004 detail faces...done (1)
Merging details...done (0)
FixTjuncs...
PruneNodes...
WriteBSP...
done (2)
writing Z:\mnt\f\stuff\git\l4d2-things\reverse_rda\map\r_c11m4_terminal.prt...Building visibility clusters...
done (0)
Finding displacement neighbors...
Finding lightmap sample positions...
Displacement Alpha : 0...1...2...3...4...5...6...7...8...9...10
Building Physics collision data...
done (1) (2076581 bytes)
Cannot build Physics2 data
                                                             -----------
DataLinker total stream size                                     0.0 KiB
Placing detail props : 0...1...2...3...4...5...6...7...8...9...10
Compacting texture/material tables...
Reduced 11025 texinfos to 8052
Reduced 546 texdatas to 493 (22653 bytes to 20871)
Writing Z:\mnt\f\stuff\git\l4d2-things\reverse_rda\map\r_c11m4_terminal.bsp
12 seconds elapsed

==================================================================
Date: 2026-04-29 14:18:04
Z:\mnt\d\SteamLibrary\steamapps\common\Left 4 Dead 2\bin\vvisplusplus.exe -game Z:\mnt\d\SteamLibrary\steamapps\common\Left 4 Dead 2\left4dead2 Z:\mnt\f\stuff\git\l4d2-things\reverse_rda\map\r_c11m4_terminal.vmf
==================================================================
6 threads
reading z:\mnt\f\stuff\git\l4d2-things\reverse_rda\map\r_c11m4_terminal.bsp
Detected L4D2 lump format
Max farz in all env_fog_controller entities: 10000 (used for radial vis)
reading z:\mnt\f\stuff\git\l4d2-things\reverse_rda\map\r_c11m4_terminal.prt
1303 portalclusters
2671 numportals
0...1...2...3...4...5...6...7...8...9...100...1...2...3...4...5...6...7...8...9...10Optimized: 2003 visible clusters (0.73%)
Total clusters visible: 274052
Average clusters visible: 210
Building PAS...
Average clusters audible: 572
visdatasize:240996  compressed from 437808
writing z:\mnt\f\stuff\git\l4d2-things\reverse_rda\map\r_c11m4_terminal.bsp
Wrote ZIP buffer, estimated size 6180986, actual size 6112968
3 seconds elapsed



[Reading texlights from 'lights.rad']
[2 texlights parsed from 'lights.rad']

Loading z:\mnt\f\stuff\git\l4d2-things\reverse_rda\map\r_c11m4_terminal.bsp
19146 faces
15 degenerate faces
9165528 square feet [1319836032.00 square inches]
25 Displacements
361702 Square Feet [52085104.00 Square Inches]
19131 patches before subdivision
161437 patches after subdivision
61 direct lights
0...1...2...3...4...5...6...7...8...9...100...1...2...3...4...5...6...7...8...9...10transfers 16291606, max 1499
transfer lists: 124.3 megs
0...1...2...3...4...5...6...7...8...9...10	Bounce #1 added RGB(29782, 27653, 19162)
0...1...2...3...4...5...6...7...8...9...10	Bounce #2 added RGB(5163, 4832, 3123)
0...1...2...3...4...5...6...7...8...9...10	Bounce #3 added RGB(936, 821, 465)
0...1...2...3...4...5...6...7...8...9...10	Bounce #4 added RGB(196, 172, 87)
0...1...2...3...4...5...6...7...8...9...10	Bounce #5 added RGB(42, 36, 16)
0...1...2...3...4...5...6...7...8...9...10	Bounce #6 added RGB(10, 9, 3)
0...1...2...3...4...5...6...7...8...9...10	Bounce #7 added RGB(2, 2, 1)
0...1...2...3...4...5...6...7...8...9...10	Bounce #8 added RGB(1, 1, 0)
Build Patch/Sample Hash Table(s).....Done<0.0535 sec>
0...1...2...3...4...5...6...7...8...9...10FinalLightFace Done
0 of 0 (0% of) surface lights went in leaf ambient cubes.
0...1...2...3...4...5...6...7...8...9...10Writing leaf ambient...done
Computing static prop lighting : 00...1...2...3...4...5...6...7...8...9...10
Ready to Finish

Object names       Objects/Maxobjs  Memory / Maxmem  Fullness 
------------       ---------------  ---------------  -------- 
models                 153/1024         7344/49152    (14.9%) 
brushes               5577/8192        66924/98304    (68.1%) 
brushsides           52012/65536      416096/524288   (79.4%) 
planes               47436/65536      948720/1310720  (72.4%) 
vertexes             32928/65536      395136/786432   (50.2%) 
nodes                 5920/65536      189440/2097152  ( 9.0%) 
texinfos              8052/12288      579744/884736   (65.5%) 
texdata                493/2048        15776/65536    (24.1%) 
dispinfos               25/0            4400/0        ( 0.0%) 
disp_verts            2441/0           48820/0        ( 0.0%) 
disp_tris             3968/0            7936/0        ( 0.0%) 
disp_lmsamples      231345/0          231345/0        ( 0.0%) 
faces                19146/65536     1072176/3670016  (29.2%) 
hdr faces            19146/65536     1072176/3670016  (29.2%) 
origfaces            14805/65536      829080/3670016  (22.6%) 
leaves                6074/65536      194368/2097152  ( 9.3%) 
leaffaces            23004/65536       46008/131072   (35.1%) 
leafbrushes          10825/65536       21650/131072   (16.5%) 
areas                   38/256           304/2048     (14.8%) 
surfedges           152856/512000     611424/2048000  (29.9%) 
edges                96123/256000     384492/1024000  (37.5%) 
LDR worldlights          0/8192            0/819200   ( 0.0%) 
HDR worldlights         61/8192         6100/819200   ( 0.7%) 
leafwaterdata            0/32768           0/393216   ( 0.0%) 
waterstrips           2204/32768       22040/327680   ( 6.7%) 
waterverts               0/65536           0/786432   ( 0.0%) 
waterindices         41526/65536       83052/131072   (63.4%) 
cubemapsamples          68/1024         1088/16384    ( 6.6%) 
overlays               467/512        164384/180224   (91.2%) VERY FULL!
LDR lightdata         [variable]           0/0        ( 0.0%) 
HDR lightdata         [variable]     5600232/0        ( 0.0%) 
visdata               [variable]      240996/16777216 ( 1.4%) 
entdata               [variable]      608150/393216   (154.7%) VERY FULL!
LDR ambient table     6074/65536       24296/262144   ( 9.3%) 
HDR ambient table     6074/65536       24296/262144   ( 9.3%) 
LDR leaf ambient      6074/65536      170072/1835008  ( 9.3%) 
HDR leaf ambient     16392/65536      458976/1835008  (25.0%) 
occluders                8/0             320/0        ( 0.0%) 
occluder polygons       20/0             240/0        ( 0.0%) 
occluder vert ind      104/0             416/0        ( 0.0%) 
Prop Hull Verts          0/0               0/0        ( 0.0%) 
Prop Hull Blob           0/0               0/0        ( 0.0%) 
Prop Hull Lists          0/0               0/0        ( 0.0%) 
Prop Hulls               0/0               0/0        ( 0.0%) 
Prop Hull trilist        0/0               0/0        ( 0.0%) 
detail props          [variable]           1/12       ( 8.3%) 
static props          [variable]           1/86176    ( 0.0%) 
pakfile               [variable]     7768034/0        ( 0.0%) 
physics               [variable]     2076581/4194304  (49.5%) 
physics terrain       [variable]        6965/1048576  ( 0.7%) 

Level flags = 2

Total triangle count: 55216
Writing z:\mnt\f\stuff\git\l4d2-things\reverse_rda\map\r_c11m4_terminal.bsp
5 minutes, 46 seconds elapsed



Using shader api: shaderapiempty.dll
materialPath: Z:\mnt\d\SteamLibrary\steamapps\common\Left 4 Dead 2\left4dead2\materials
Loading Z:\mnt\f\stuff\git\l4d2-things\reverse_rda\map\r_c11m4_terminal.vmf
KeyValues Error: RecursiveLoadFromBuffer:  got EOF instead of keyname in file materials/ads/adgroup_01b.vmt
LightmappedGeneric, 
KeyValues Error: RecursiveLoadFromBuffer:  got EOF instead of keyname in file materials/ads/adgroup_01b.vmt
LightmappedGeneric, 
KeyValues Error: RecursiveLoadFromBuffer:  got EOF instead of keyname in file materials/ads/adgroup_01a.vmt
LightmappedGeneric, 
KeyValues Error: RecursiveLoadFromBuffer:  got EOF instead of keyname in file materials/ads/adgroup_01a.vmt
LightmappedGeneric, 
fixing up env_cubemap materials on brush sides...
KeyValues Error: RecursiveLoadFromBuffer:  got EOF instead of keyname in file materials/ADS/ADGROUP_01B.vmt
LightmappedGeneric, 
KeyValues Error: RecursiveLoadFromBuffer:  got EOF instead of keyname in file materials/ADS/ADGROUP_01B.vmt
LightmappedGeneric, 
KeyValues Error: RecursiveLoadFromBuffer:  got EOF instead of keyname in file materials/ADS/ADGROUP_01B.vmt
LightmappedGeneric, 
KeyValues Error: RecursiveLoadFromBuffer:  got EOF instead of keyname in file materials/ADS/ADGROUP_01B.vmt
LightmappedGeneric, 
KeyValues Error: RecursiveLoadFromBuffer:  got EOF instead of keyname in file materials/ADS/ADGROUP_01A.vmt
LightmappedGeneric, 
KeyValues Error: RecursiveLoadFromBuffer:  got EOF instead of keyname in file materials/ADS/ADGROUP_01A.vmt
LightmappedGeneric, 
KeyValues Error: RecursiveLoadFromBuffer:  got EOF instead of keyname in file materials/ADS/ADGROUP_01A.vmt
LightmappedGeneric, 
KeyValues Error: RecursiveLoadFromBuffer:  got EOF instead of keyname in file materials/ADS/ADGROUP_01A.vmt
LightmappedGeneric, 
0...1...2...3...4...5...6...7...8...9...100...1...2...3...4...5...6...7...8...9...10Processing areas...done (0)
Building Faces...done (0)
Occluder "01" straddles multiple areas. This is invalid!
Occluder "01" straddles multiple areas. This is invalid!
Occluder "02" straddles multiple areas. This is invalid!
Occluder "02" straddles multiple areas. This is invalid!
Occluder "02" straddles multiple areas. This is invalid!
Occluder "02" straddles multiple areas. This is invalid!
Occluder "03" straddles multiple areas. This is invalid!
Occluder "03" straddles multiple areas. This is invalid!
Occluder "03" straddles multiple areas. This is invalid!
Occluder "03" straddles multiple areas. This is invalid!
Occluder "03" straddles multiple areas. This is invalid!
Occluder "03" straddles multiple areas. This is invalid!
Occluder "03" straddles multiple areas. This is invalid!
Occluder "03" straddles multiple areas. This is invalid!
Occluder "03" straddles multiple areas. This is invalid!
Occluder "03" straddles multiple areas. This is invalid!
Occluder "03" straddles multiple areas. This is invalid!
Occluder "03" straddles multiple areas. This is invalid!
Occluder "03" straddles multiple areas. This is invalid!
Occluder "03" straddles multiple areas. This is invalid!
Occluder "03" straddles multiple areas. This is invalid!
Occluder "04" straddles multiple areas. This is invalid!
Occluder "04" straddles multiple areas. This is invalid!
Occluder "04" straddles multiple areas. This is invalid!
Occluder "04" straddles multiple areas. This is invalid!
Occluder "04" straddles multiple areas. This is invalid!
Occluder "04" straddles multiple areas. This is invalid!
Occluder "04" straddles multiple areas. This is invalid!
Occluder "04" straddles multiple areas. This is invalid!
Occluder "04" straddles multiple areas. This is invalid!
Occluder "04" straddles multiple areas. This is invalid!
Occluder "04" straddles multiple areas. This is invalid!
Occluder "04" straddles multiple areas. This is invalid!
Occluder "04" straddles multiple areas. This is invalid!
Occluder "04" straddles multiple areas. This is invalid!
Occluder "04" straddles multiple areas. This is invalid!
Occluder "04" straddles multiple areas. This is invalid!
Occluder "04" straddles multiple areas. This is invalid!
Occluder "04" straddles multiple areas. This is invalid!
Occluder "03" straddles multiple areas. This is invalid!
Occluder "03" straddles multiple areas. This is invalid!
Occluder "03" straddles multiple areas. This is invalid!
Occluder "03" straddles multiple areas. This is invalid!
Occluder "03" straddles multiple areas. This is invalid!
Occluder "03" straddles multiple areas. This is invalid!
Occluder "03" straddles multiple areas. This is invalid!
Occluder "03" straddles multiple areas. This is invalid!
Occluder "03" straddles multiple areas. This is invalid!
Occluder "03" straddles multiple areas. This is invalid!
Occluder "03" straddles multiple areas. This is invalid!
Occluder "03" straddles multiple areas. This is invalid!
Occluder "03" straddles multiple areas. This is invalid!
Occluder "03" straddles multiple areas. This is invalid!
Occluder "03" straddles multiple areas. This is invalid!
Occluder "03" straddles multiple areas. This is invalid!
Occluder "03" straddles multiple areas. This is invalid!
Occluder "03" straddles multiple areas. This is invalid!
Occluder "03" straddles multiple areas. This is invalid!
Occluder "03" straddles multiple areas. This is invalid!
Occluder "03" straddles multiple areas. This is invalid!
Occluder "03" straddles multiple areas. This is invalid!
Occluder "03" straddles multiple areas. This is invalid!
Occluder "03" straddles multiple areas. This is invalid!
Occluder "03" straddles multiple areas. This is invalid!
Occluder "03" straddles multiple areas. This is invalid!
Occluder "03" straddles multiple areas. This is invalid!
Occluder "03" straddles multiple areas. This is invalid!
Occluder "03" straddles multiple areas. This is invalid!
Occluder "03" straddles multiple areas. This is invalid!
Occluder "03" straddles multiple areas. This is invalid!
Occluder "03" straddles multiple areas. This is invalid!
Occluder "03" straddles multiple areas. This is invalid!
Occluder "03" straddles multiple areas. This is invalid!
Occluder "03" straddles multiple areas. This is invalid!
Occluder "03" straddles multiple areas. This is invalid!
Occluder "03" straddles multiple areas. This is invalid!
Occluder "03" straddles multiple areas. This is invalid!
Occluder "03" straddles multiple areas. This is invalid!
Occluder "03" straddles multiple areas. This is invalid!
Occluder "03" straddles multiple areas. This is invalid!
Occluder "03" straddles multiple areas. This is invalid!
Occluder "03" straddles multiple areas. This is invalid!
Occluder "03" straddles multiple areas. This is invalid!
Occluder "03" straddles multiple areas. This is invalid!
Occluder "03" straddles multiple areas. This is invalid!
Occluder "03" straddles multiple areas. This is invalid!
Occluder "03" straddles multiple areas. This is invalid!
Occluder "03" straddles multiple areas. This is invalid!
Occluder "03" straddles multiple areas. This is invalid!
Occluder "03" straddles multiple areas. This is invalid!
Occluder "03" straddles multiple areas. This is invalid!
Occluder "03" straddles multiple areas. This is invalid!
Occluder "03" straddles multiple areas. This is invalid!
Occluder "03" straddles multiple areas. This is invalid!
Occluder "03" straddles multiple areas. This is invalid!
Occluder "03" straddles multiple areas. This is invalid!
Occluder "03" straddles multiple areas. This is invalid!
Occluder "03" straddles multiple areas. This is invalid!
Occluder "03" straddles multiple areas. This is invalid!
Occluder "03" straddles multiple areas. This is invalid!
Occluder "03" straddles multiple areas. This is invalid!
Occluder "03" straddles multiple areas. This is invalid!
Occluder "03" straddles multiple areas. This is invalid!
Occluder "03" straddles multiple areas. This is invalid!
Occluder "03" straddles multiple areas. This is invalid!
Occluder "03" straddles multiple areas. This is invalid!
Occluder "03" straddles multiple areas. This is invalid!
Occluder "03" straddles multiple areas. This is invalid!
Occluder "03" straddles multiple areas. This is invalid!
Occluder "03" straddles multiple areas. This is invalid!
Occluder "03" straddles multiple areas. This is invalid!
Occluder "03" straddles multiple areas. This is invalid!
Occluder "03" straddles multiple areas. This is invalid!
Occluder "03" straddles multiple areas. This is invalid!
Occluder "03" straddles multiple areas. This is invalid!
Occluder "03" straddles multiple areas. This is invalid!
Occluder "03" straddles multiple areas. This is invalid!
Chop Details...done (0)
Find Visible Detail Sides...
Merged 2004 detail faces...done (1)
Merging details...done (0)
FixTjuncs...
PruneNodes...
WriteBSP...
done (2)
writing Z:\mnt\f\stuff\git\l4d2-things\reverse_rda\map\r_c11m4_terminal.prt...Building visibility clusters...
done (0)
Finding displacement neighbors...
Finding lightmap sample positions...
Displacement Alpha : 0...1...2...3...4...5...6...7...8...9...10
Building Physics collision data...
done (1) (2083296 bytes)
Cannot build Physics2 data
                                                             -----------
DataLinker total stream size                                     0.0 KiB
Placing detail props : 0...1...2...3...4...5...6...7...8...9...10
Compacting texture/material tables...
Reduced 11036 texinfos to 8058
Reduced 548 texdatas to 495 (22698 bytes to 20916)
Writing Z:\mnt\f\stuff\git\l4d2-things\reverse_rda\map\r_c11m4_terminal.bsp
12 seconds elapsed

==================================================================
Date: 2026-04-30 12:35:44
Z:\mnt\d\SteamLibrary\steamapps\common\Left 4 Dead 2\bin\vvisplusplus.exe -game Z:\mnt\d\SteamLibrary\steamapps\common\Left 4 Dead 2\left4dead2 Z:\mnt\f\stuff\git\l4d2-things\reverse_rda\map\r_c11m4_terminal.vmf
==================================================================
6 threads
reading z:\mnt\f\stuff\git\l4d2-things\reverse_rda\map\r_c11m4_terminal.bsp
Detected L4D2 lump format
Max farz in all env_fog_controller entities: 10000 (used for radial vis)
reading z:\mnt\f\stuff\git\l4d2-things\reverse_rda\map\r_c11m4_terminal.prt
1303 portalclusters
2680 numportals
0...1...2...3...4...5...6...7...8...9...100...1...2...3...4...5...6...7...8...9...10Optimized: 1999 visible clusters (0.73%)
Total clusters visible: 274128
Average clusters visible: 210
Building PAS...
Average clusters audible: 574
visdatasize:240826  compressed from 437808
writing z:\mnt\f\stuff\git\l4d2-things\reverse_rda\map\r_c11m4_terminal.bsp
Wrote ZIP buffer, estimated size 6180986, actual size 6112968
2 seconds elapsed



[Reading texlights from 'lights.rad']
[2 texlights parsed from 'lights.rad']

Loading z:\mnt\f\stuff\git\l4d2-things\reverse_rda\map\r_c11m4_terminal.bsp
19175 faces
15 degenerate faces
9166969 square feet [1320043520.00 square inches]
26 Displacements
361979 Square Feet [52125112.00 Square Inches]
19160 patches before subdivision
161540 patches after subdivision
61 direct lights
0...1...2...3...4...5...6...7...8...9...100...1...2...3...4...5...6...7...8...9...10transfers 16268815, max 1499
transfer lists: 124.1 megs
0...1...2...3...4...5...6...7...8...9...10	Bounce #1 added RGB(29453, 27405, 18973)
0...1...2...3...4...5...6...7...8...9...10	Bounce #2 added RGB(5111, 4788, 3095)
0...1...2...3...4...5...6...7...8...9...10	Bounce #3 added RGB(927, 811, 460)
0...1...2...3...4...5...6...7...8...9...10	Bounce #4 added RGB(194, 170, 86)
0...1...2...3...4...5...6...7...8...9...10	Bounce #5 added RGB(42, 36, 15)
0...1...2...3...4...5...6...7...8...9...10	Bounce #6 added RGB(10, 9, 3)
0...1...2...3...4...5...6...7...8...9...10	Bounce #7 added RGB(2, 2, 1)
0...1...2...3...4...5...6...7...8...9...10	Bounce #8 added RGB(1, 1, 0)
Build Patch/Sample Hash Table(s).....Done<0.0531 sec>
0...1...2...3...4...5...6...7...8...9...10FinalLightFace Done
0 of 0 (0% of) surface lights went in leaf ambient cubes.
0...1...2...3...4...5...6...7...8...9...10Writing leaf ambient...done
Computing static prop lighting : 00...1...2...3...4...5...6...7...8...9...10
Ready to Finish

Object names       Objects/Maxobjs  Memory / Maxmem  Fullness 
------------       ---------------  ---------------  -------- 
models                 154/1024         7392/49152    (15.0%) 
brushes               5597/8192        67164/98304    (68.3%) 
brushsides           52204/65536      417632/524288   (79.7%) 
planes               47642/65536      952840/1310720  (72.7%) 
vertexes             33001/65536      396012/786432   (50.4%) 
nodes                 5937/65536      189984/2097152  ( 9.1%) 
texinfos              8058/12288      580176/884736   (65.6%) 
texdata                495/2048        15840/65536    (24.2%) 
dispinfos               26/0            4576/0        ( 0.0%) 
disp_verts            2522/0           50440/0        ( 0.0%) 
disp_tris             4096/0            8192/0        ( 0.0%) 
disp_lmsamples      232129/0          232129/0        ( 0.0%) 
faces                19175/65536     1073800/3670016  (29.3%) 
hdr faces            19175/65536     1073800/3670016  (29.3%) 
origfaces            14834/65536      830704/3670016  (22.6%) 
leaves                6092/65536      194944/2097152  ( 9.3%) 
leaffaces            23011/65536       46022/131072   (35.1%) 
leafbrushes          10849/65536       21698/131072   (16.6%) 
areas                   38/256           304/2048     (14.8%) 
surfedges           153122/512000     612488/2048000  (29.9%) 
edges                96293/256000     385172/1024000  (37.6%) 
LDR worldlights          0/8192            0/819200   ( 0.0%) 
HDR worldlights         61/8192         6100/819200   ( 0.7%) 
leafwaterdata            0/32768           0/393216   ( 0.0%) 
waterstrips           2200/32768       22000/327680   ( 6.7%) 
waterverts               0/65536           0/786432   ( 0.0%) 
waterindices         41493/65536       82986/131072   (63.3%) 
cubemapsamples          68/1024         1088/16384    ( 6.6%) 
overlays               467/512        164384/180224   (91.2%) VERY FULL!
LDR lightdata         [variable]           0/0        ( 0.0%) 
HDR lightdata         [variable]     5602156/0        ( 0.0%) 
visdata               [variable]      240826/16777216 ( 1.4%) 
entdata               [variable]      608146/393216   (154.7%) VERY FULL!
LDR ambient table     6092/65536       24368/262144   ( 9.3%) 
HDR ambient table     6092/65536       24368/262144   ( 9.3%) 
LDR leaf ambient      6092/65536      170576/1835008  ( 9.3%) 
HDR leaf ambient     16379/65536      458612/1835008  (25.0%) 
occluders                8/0             320/0        ( 0.0%) 
occluder polygons       20/0             240/0        ( 0.0%) 
occluder vert ind      104/0             416/0        ( 0.0%) 
Prop Hull Verts          0/0               0/0        ( 0.0%) 
Prop Hull Blob           0/0               0/0        ( 0.0%) 
Prop Hull Lists          0/0               0/0        ( 0.0%) 
Prop Hulls               0/0               0/0        ( 0.0%) 
Prop Hull trilist        0/0               0/0        ( 0.0%) 
detail props          [variable]           1/12       ( 8.3%) 
static props          [variable]           1/86172    ( 0.0%) 
pakfile               [variable]     7768032/0        ( 0.0%) 
physics               [variable]     2083296/4194304  (49.7%) 
physics terrain       [variable]        7578/1048576  ( 0.7%) 

Level flags = 2

Total triangle count: 55310
Writing z:\mnt\f\stuff\git\l4d2-things\reverse_rda\map\r_c11m4_terminal.bsp
4 minutes, 57 seconds elapsed



Using shader api: shaderapiempty.dll
materialPath: Z:\mnt\d\SteamLibrary\steamapps\common\Left 4 Dead 2\left4dead2\materials
Loading Z:\mnt\f\stuff\git\l4d2-things\reverse_rda\map\r_c11m4_terminal.vmf
KeyValues Error: RecursiveLoadFromBuffer:  got EOF instead of keyname in file materials/ads/adgroup_01b.vmt
LightmappedGeneric, 
KeyValues Error: RecursiveLoadFromBuffer:  got EOF instead of keyname in file materials/ads/adgroup_01b.vmt
LightmappedGeneric, 
KeyValues Error: RecursiveLoadFromBuffer:  got EOF instead of keyname in file materials/ads/adgroup_01a.vmt
LightmappedGeneric, 
KeyValues Error: RecursiveLoadFromBuffer:  got EOF instead of keyname in file materials/ads/adgroup_01a.vmt
LightmappedGeneric, 
fixing up env_cubemap materials on brush sides...
KeyValues Error: RecursiveLoadFromBuffer:  got EOF instead of keyname in file materials/ADS/ADGROUP_01B.vmt
LightmappedGeneric, 
KeyValues Error: RecursiveLoadFromBuffer:  got EOF instead of keyname in file materials/ADS/ADGROUP_01B.vmt
LightmappedGeneric, 
KeyValues Error: RecursiveLoadFromBuffer:  got EOF instead of keyname in file materials/ADS/ADGROUP_01B.vmt
LightmappedGeneric, 
KeyValues Error: RecursiveLoadFromBuffer:  got EOF instead of keyname in file materials/ADS/ADGROUP_01B.vmt
LightmappedGeneric, 
KeyValues Error: RecursiveLoadFromBuffer:  got EOF instead of keyname in file materials/ADS/ADGROUP_01A.vmt
LightmappedGeneric, 
KeyValues Error: RecursiveLoadFromBuffer:  got EOF instead of keyname in file materials/ADS/ADGROUP_01A.vmt
LightmappedGeneric, 
KeyValues Error: RecursiveLoadFromBuffer:  got EOF instead of keyname in file materials/ADS/ADGROUP_01A.vmt
LightmappedGeneric, 
KeyValues Error: RecursiveLoadFromBuffer:  got EOF instead of keyname in file materials/ADS/ADGROUP_01A.vmt
LightmappedGeneric, 
0...1...2...3...4...5...6...7...8...9...100...1...2...3...4...5...6...7...8...9...10Processing areas...done (0)
Building Faces...done (0)
Occluder "02" straddles multiple areas. This is invalid!
Occluder "02" straddles multiple areas. This is invalid!
Occluder "02" straddles multiple areas. This is invalid!
Occluder "02" straddles multiple areas. This is invalid!
Occluder "03" straddles multiple areas. This is invalid!
Occluder "03" straddles multiple areas. This is invalid!
Occluder "03" straddles multiple areas. This is invalid!
Occluder "03" straddles multiple areas. This is invalid!
Occluder "03" straddles multiple areas. This is invalid!
Occluder "03" straddles multiple areas. This is invalid!
Occluder "03" straddles multiple areas. This is invalid!
Occluder "03" straddles multiple areas. This is invalid!
Occluder "03" straddles multiple areas. This is invalid!
Occluder "03" straddles multiple areas. This is invalid!
Occluder "03" straddles multiple areas. This is invalid!
Occluder "03" straddles multiple areas. This is invalid!
Occluder "03" straddles multiple areas. This is invalid!
Occluder "03" straddles multiple areas. This is invalid!
Occluder "03" straddles multiple areas. This is invalid!
Occluder "04" straddles multiple areas. This is invalid!
Occluder "04" straddles multiple areas. This is invalid!
Occluder "04" straddles multiple areas. This is invalid!
Occluder "04" straddles multiple areas. This is invalid!
Occluder "04" straddles multiple areas. This is invalid!
Occluder "04" straddles multiple areas. This is invalid!
Occluder "04" straddles multiple areas. This is invalid!
Occluder "04" straddles multiple areas. This is invalid!
Occluder "04" straddles multiple areas. This is invalid!
Occluder "04" straddles multiple areas. This is invalid!
Occluder "04" straddles multiple areas. This is invalid!
Occluder "04" straddles multiple areas. This is invalid!
Occluder "04" straddles multiple areas. This is invalid!
Occluder "04" straddles multiple areas. This is invalid!
Occluder "04" straddles multiple areas. This is invalid!
Occluder "04" straddles multiple areas. This is invalid!
Occluder "04" straddles multiple areas. This is invalid!
Occluder "04" straddles multiple areas. This is invalid!
Occluder "03" straddles multiple areas. This is invalid!
Occluder "03" straddles multiple areas. This is invalid!
Occluder "03" straddles multiple areas. This is invalid!
Occluder "03" straddles multiple areas. This is invalid!
Occluder "03" straddles multiple areas. This is invalid!
Occluder "03" straddles multiple areas. This is invalid!
Occluder "03" straddles multiple areas. This is invalid!
Occluder "03" straddles multiple areas. This is invalid!
Occluder "03" straddles multiple areas. This is invalid!
Occluder "03" straddles multiple areas. This is invalid!
Occluder "03" straddles multiple areas. This is invalid!
Occluder "03" straddles multiple areas. This is invalid!
Occluder "03" straddles multiple areas. This is invalid!
Occluder "03" straddles multiple areas. This is invalid!
Occluder "03" straddles multiple areas. This is invalid!
Occluder "03" straddles multiple areas. This is invalid!
Occluder "03" straddles multiple areas. This is invalid!
Occluder "03" straddles multiple areas. This is invalid!
Occluder "03" straddles multiple areas. This is invalid!
Occluder "03" straddles multiple areas. This is invalid!
Occluder "03" straddles multiple areas. This is invalid!
Occluder "03" straddles multiple areas. This is invalid!
Occluder "03" straddles multiple areas. This is invalid!
Occluder "03" straddles multiple areas. This is invalid!
Occluder "03" straddles multiple areas. This is invalid!
Occluder "03" straddles multiple areas. This is invalid!
Occluder "03" straddles multiple areas. This is invalid!
Occluder "03" straddles multiple areas. This is invalid!
Occluder "03" straddles multiple areas. This is invalid!
Occluder "03" straddles multiple areas. This is invalid!
Occluder "03" straddles multiple areas. This is invalid!
Occluder "03" straddles multiple areas. This is invalid!
Occluder "03" straddles multiple areas. This is invalid!
Occluder "03" straddles multiple areas. This is invalid!
Occluder "03" straddles multiple areas. This is invalid!
Occluder "03" straddles multiple areas. This is invalid!
Occluder "03" straddles multiple areas. This is invalid!
Occluder "03" straddles multiple areas. This is invalid!
Occluder "03" straddles multiple areas. This is invalid!
Occluder "03" straddles multiple areas. This is invalid!
Occluder "03" straddles multiple areas. This is invalid!
Occluder "03" straddles multiple areas. This is invalid!
Occluder "03" straddles multiple areas. This is invalid!
Occluder "03" straddles multiple areas. This is invalid!
Occluder "03" straddles multiple areas. This is invalid!
Occluder "03" straddles multiple areas. This is invalid!
Occluder "03" straddles multiple areas. This is invalid!
Occluder "03" straddles multiple areas. This is invalid!
Occluder "03" straddles multiple areas. This is invalid!
Occluder "03" straddles multiple areas. This is invalid!
Occluder "03" straddles multiple areas. This is invalid!
Occluder "03" straddles multiple areas. This is invalid!
Occluder "03" straddles multiple areas. This is invalid!
Occluder "03" straddles multiple areas. This is invalid!
Occluder "03" straddles multiple areas. This is invalid!
Occluder "03" straddles multiple areas. This is invalid!
Occluder "03" straddles multiple areas. This is invalid!
Occluder "03" straddles multiple areas. This is invalid!
Occluder "03" straddles multiple areas. This is invalid!
Occluder "03" straddles multiple areas. This is invalid!
Occluder "03" straddles multiple areas. This is invalid!
Occluder "03" straddles multiple areas. This is invalid!
Occluder "03" straddles multiple areas. This is invalid!
Occluder "03" straddles multiple areas. This is invalid!
Occluder "03" straddles multiple areas. This is invalid!
Occluder "03" straddles multiple areas. This is invalid!
Occluder "03" straddles multiple areas. This is invalid!
Occluder "03" straddles multiple areas. This is invalid!
Occluder "03" straddles multiple areas. This is invalid!
Occluder "03" straddles multiple areas. This is invalid!
Occluder "03" straddles multiple areas. This is invalid!
Occluder "03" straddles multiple areas. This is invalid!
Occluder "03" straddles multiple areas. This is invalid!
Occluder "03" straddles multiple areas. This is invalid!
Occluder "03" straddles multiple areas. This is invalid!
Occluder "03" straddles multiple areas. This is invalid!
Occluder "03" straddles multiple areas. This is invalid!
Occluder "03" straddles multiple areas. This is invalid!
Chop Details...done (0)
Find Visible Detail Sides...
Merged 2004 detail faces...done (1)
Merging details...done (0)
FixTjuncs...
PruneNodes...
WriteBSP...
done (2)
writing Z:\mnt\f\stuff\git\l4d2-things\reverse_rda\map\r_c11m4_terminal.prt...Building visibility clusters...
done (0)
Finding displacement neighbors...
Finding lightmap sample positions...
Displacement Alpha : 0...1...2...3...4...5...6...7...8...9...10
Building Physics collision data...
done (1) (2083315 bytes)
Cannot build Physics2 data
                                                             -----------
DataLinker total stream size                                     0.0 KiB
Placing detail props : 0...1...2...3...4...5...6...7...8...9...10
Compacting texture/material tables...
Reduced 11043 texinfos to 8059
Reduced 548 texdatas to 495 (22698 bytes to 20916)
Writing Z:\mnt\f\stuff\git\l4d2-things\reverse_rda\map\r_c11m4_terminal.bsp
12 seconds elapsed

==================================================================
Date: 2026-05-07 15:07:54
Z:\mnt\d\SteamLibrary\steamapps\common\Left 4 Dead 2\bin\vvisplusplus.exe -game Z:\mnt\d\SteamLibrary\steamapps\common\Left 4 Dead 2\left4dead2 Z:\mnt\f\stuff\git\l4d2-things\reverse_rda\map\r_c11m4_terminal.vmf
==================================================================
6 threads
reading z:\mnt\f\stuff\git\l4d2-things\reverse_rda\map\r_c11m4_terminal.bsp
Detected L4D2 lump format
Max farz in all env_fog_controller entities: 10000 (used for radial vis)
reading z:\mnt\f\stuff\git\l4d2-things\reverse_rda\map\r_c11m4_terminal.prt
1294 portalclusters
2677 numportals
0...1...2...3...4...5...6...7...8...9...100...1...2...3...4...5...6...7...8...9...10Optimized: 1908 visible clusters (0.71%)
Total clusters visible: 269232
Average clusters visible: 208
Building PAS...
Average clusters audible: 565
visdatasize:236539  compressed from 434784
writing z:\mnt\f\stuff\git\l4d2-things\reverse_rda\map\r_c11m4_terminal.bsp
Wrote ZIP buffer, estimated size 6180986, actual size 6112968
3 seconds elapsed



[Reading texlights from 'lights.rad']
[2 texlights parsed from 'lights.rad']

Loading z:\mnt\f\stuff\git\l4d2-things\reverse_rda\map\r_c11m4_terminal.bsp
19180 faces
15 degenerate faces
9167568 square feet [1320129792.00 square inches]
26 Displacements
361979 Square Feet [52125112.00 Square Inches]
19165 patches before subdivision
161569 patches after subdivision
61 direct lights
0...1...2...3...4...5...6...7...8...9...100...1...2...3...4...5...6...7...8...9...10transfers 16317317, max 1499
transfer lists: 124.5 megs
0...1...2...3...4...5...6...7...8...9...10	Bounce #1 added RGB(29945, 27745, 19134)
0...1...2...3...4...5...6...7...8...9...10	Bounce #2 added RGB(5208, 4829, 3100)
0...1...2...3...4...5...6...7...8...9...10	Bounce #3 added RGB(950, 823, 463)
0...1...2...3...4...5...6...7...8...9...10	Bounce #4 added RGB(198, 171, 86)
0...1...2...3...4...5...6...7...8...9...10	Bounce #5 added RGB(43, 36, 16)
0...1...2...3...4...5...6...7...8...9...10	Bounce #6 added RGB(10, 9, 3)
0...1...2...3...4...5...6...7...8...9...10	Bounce #7 added RGB(2, 2, 1)
0...1...2...3...4...5...6...7...8...9...10	Bounce #8 added RGB(1, 1, 0)
Build Patch/Sample Hash Table(s).....Done<0.0540 sec>
0...1...2...3...4...5...6...7...8...9...10FinalLightFace Done
0 of 0 (0% of) surface lights went in leaf ambient cubes.
0...1...2...3...4...5...6...7...8...9...10Writing leaf ambient...done
Computing static prop lighting : 00...1...2...3...4...5...6...7...8...9...10
Ready to Finish

Object names       Objects/Maxobjs  Memory / Maxmem  Fullness 
------------       ---------------  ---------------  -------- 
models                 154/1024         7392/49152    (15.0%) 
brushes               5596/8192        67152/98304    (68.3%) 
brushsides           52198/65536      417584/524288   (79.6%) 
planes               47646/65536      952920/1310720  (72.7%) 
vertexes             33001/65536      396012/786432   (50.4%) 
nodes                 5924/65536      189568/2097152  ( 9.0%) 
texinfos              8059/12288      580248/884736   (65.6%) 
texdata                495/2048        15840/65536    (24.2%) 
dispinfos               26/0            4576/0        ( 0.0%) 
disp_verts            2522/0           50440/0        ( 0.0%) 
disp_tris             4096/0            8192/0        ( 0.0%) 
disp_lmsamples      232129/0          232129/0        ( 0.0%) 
faces                19180/65536     1074080/3670016  (29.3%) 
hdr faces            19180/65536     1074080/3670016  (29.3%) 
origfaces            14844/65536      831264/3670016  (22.7%) 
leaves                6079/65536      194528/2097152  ( 9.3%) 
leaffaces            23117/65536       46234/131072   (35.3%) 
leafbrushes          10857/65536       21714/131072   (16.6%) 
areas                   38/256           304/2048     (14.8%) 
surfedges           153178/512000     612712/2048000  (29.9%) 
edges                96327/256000     385308/1024000  (37.6%) 
LDR worldlights          0/8192            0/819200   ( 0.0%) 
HDR worldlights         61/8192         6100/819200   ( 0.7%) 
leafwaterdata            0/32768           0/393216   ( 0.0%) 
waterstrips           2205/32768       22050/327680   ( 6.7%) 
waterverts               0/65536           0/786432   ( 0.0%) 
waterindices         41514/65536       83028/131072   (63.3%) 
cubemapsamples          68/1024         1088/16384    ( 6.6%) 
overlays               467/512        164384/180224   (91.2%) VERY FULL!
LDR lightdata         [variable]           0/0        ( 0.0%) 
HDR lightdata         [variable]     5602892/0        ( 0.0%) 
visdata               [variable]      236539/16777216 ( 1.4%) 
entdata               [variable]      608014/393216   (154.6%) VERY FULL!
LDR ambient table     6079/65536       24316/262144   ( 9.3%) 
HDR ambient table     6079/65536       24316/262144   ( 9.3%) 
LDR leaf ambient      6079/65536      170212/1835008  ( 9.3%) 
HDR leaf ambient     16296/65536      456288/1835008  (24.9%) 
occluders                8/0             320/0        ( 0.0%) 
occluder polygons       20/0             240/0        ( 0.0%) 
occluder vert ind      104/0             416/0        ( 0.0%) 
Prop Hull Verts          0/0               0/0        ( 0.0%) 
Prop Hull Blob           0/0               0/0        ( 0.0%) 
Prop Hull Lists          0/0               0/0        ( 0.0%) 
Prop Hulls               0/0               0/0        ( 0.0%) 
Prop Hull trilist        0/0               0/0        ( 0.0%) 
detail props          [variable]           1/12       ( 8.3%) 
static props          [variable]           1/86180    ( 0.0%) 
pakfile               [variable]     7768032/0        ( 0.0%) 
physics               [variable]     2083315/4194304  (49.7%) 
physics terrain       [variable]        7578/1048576  ( 0.7%) 

Level flags = 2

Total triangle count: 55320
Writing z:\mnt\f\stuff\git\l4d2-things\reverse_rda\map\r_c11m4_terminal.bsp
5 minutes, 48 seconds elapsed



Using shader api: shaderapiempty.dll
materialPath: Z:\mnt\d\SteamLibrary\steamapps\common\Left 4 Dead 2\left4dead2\materials
Loading Z:\mnt\f\stuff\git\l4d2-things\reverse_rda\map\r_c11m4_terminal.vmf
KeyValues Error: RecursiveLoadFromBuffer:  got EOF instead of keyname in file materials/ads/adgroup_01b.vmt
LightmappedGeneric, 
KeyValues Error: RecursiveLoadFromBuffer:  got EOF instead of keyname in file materials/ads/adgroup_01b.vmt
LightmappedGeneric, 
KeyValues Error: RecursiveLoadFromBuffer:  got EOF instead of keyname in file materials/ads/adgroup_01a.vmt
LightmappedGeneric, 
KeyValues Error: RecursiveLoadFromBuffer:  got EOF instead of keyname in file materials/ads/adgroup_01a.vmt
LightmappedGeneric, 
fixing up env_cubemap materials on brush sides...
KeyValues Error: RecursiveLoadFromBuffer:  got EOF instead of keyname in file materials/ADS/ADGROUP_01B.vmt
LightmappedGeneric, 
KeyValues Error: RecursiveLoadFromBuffer:  got EOF instead of keyname in file materials/ADS/ADGROUP_01B.vmt
LightmappedGeneric, 
KeyValues Error: RecursiveLoadFromBuffer:  got EOF instead of keyname in file materials/ADS/ADGROUP_01B.vmt
LightmappedGeneric, 
KeyValues Error: RecursiveLoadFromBuffer:  got EOF instead of keyname in file materials/ADS/ADGROUP_01B.vmt
LightmappedGeneric, 
KeyValues Error: RecursiveLoadFromBuffer:  got EOF instead of keyname in file materials/ADS/ADGROUP_01A.vmt
LightmappedGeneric, 
KeyValues Error: RecursiveLoadFromBuffer:  got EOF instead of keyname in file materials/ADS/ADGROUP_01A.vmt
LightmappedGeneric, 
KeyValues Error: RecursiveLoadFromBuffer:  got EOF instead of keyname in file materials/ADS/ADGROUP_01A.vmt
LightmappedGeneric, 
KeyValues Error: RecursiveLoadFromBuffer:  got EOF instead of keyname in file materials/ADS/ADGROUP_01A.vmt
LightmappedGeneric, 
0...1...2...3...4...5...6...7...8...9...100...1...2...3...4...5...6...7...8...9...10Processing areas...done (0)
Building Faces...done (0)
Occluder "02" straddles multiple areas. This is invalid!
Occluder "02" straddles multiple areas. This is invalid!
Occluder "02" straddles multiple areas. This is invalid!
Occluder "02" straddles multiple areas. This is invalid!
Occluder "03" straddles multiple areas. This is invalid!
Occluder "03" straddles multiple areas. This is invalid!
Occluder "03" straddles multiple areas. This is invalid!
Occluder "03" straddles multiple areas. This is invalid!
Occluder "03" straddles multiple areas. This is invalid!
Occluder "03" straddles multiple areas. This is invalid!
Occluder "03" straddles multiple areas. This is invalid!
Occluder "03" straddles multiple areas. This is invalid!
Occluder "03" straddles multiple areas. This is invalid!
Occluder "03" straddles multiple areas. This is invalid!
Occluder "03" straddles multiple areas. This is invalid!
Occluder "03" straddles multiple areas. This is invalid!
Occluder "03" straddles multiple areas. This is invalid!
Occluder "03" straddles multiple areas. This is invalid!
Occluder "03" straddles multiple areas. This is invalid!
Occluder "04" straddles multiple areas. This is invalid!
Occluder "04" straddles multiple areas. This is invalid!
Occluder "04" straddles multiple areas. This is invalid!
Occluder "04" straddles multiple areas. This is invalid!
Occluder "04" straddles multiple areas. This is invalid!
Occluder "04" straddles multiple areas. This is invalid!
Occluder "04" straddles multiple areas. This is invalid!
Occluder "04" straddles multiple areas. This is invalid!
Occluder "04" straddles multiple areas. This is invalid!
Occluder "04" straddles multiple areas. This is invalid!
Occluder "04" straddles multiple areas. This is invalid!
Occluder "04" straddles multiple areas. This is invalid!
Occluder "04" straddles multiple areas. This is invalid!
Occluder "04" straddles multiple areas. This is invalid!
Occluder "04" straddles multiple areas. This is invalid!
Occluder "04" straddles multiple areas. This is invalid!
Occluder "04" straddles multiple areas. This is invalid!
Occluder "04" straddles multiple areas. This is invalid!
Occluder "03" straddles multiple areas. This is invalid!
Occluder "03" straddles multiple areas. This is invalid!
Occluder "03" straddles multiple areas. This is invalid!
Occluder "03" straddles multiple areas. This is invalid!
Occluder "03" straddles multiple areas. This is invalid!
Occluder "03" straddles multiple areas. This is invalid!
Occluder "03" straddles multiple areas. This is invalid!
Occluder "03" straddles multiple areas. This is invalid!
Occluder "03" straddles multiple areas. This is invalid!
Occluder "03" straddles multiple areas. This is invalid!
Occluder "03" straddles multiple areas. This is invalid!
Occluder "03" straddles multiple areas. This is invalid!
Occluder "03" straddles multiple areas. This is invalid!
Occluder "03" straddles multiple areas. This is invalid!
Occluder "03" straddles multiple areas. This is invalid!
Occluder "03" straddles multiple areas. This is invalid!
Occluder "03" straddles multiple areas. This is invalid!
Occluder "03" straddles multiple areas. This is invalid!
Occluder "03" straddles multiple areas. This is invalid!
Occluder "03" straddles multiple areas. This is invalid!
Occluder "03" straddles multiple areas. This is invalid!
Occluder "03" straddles multiple areas. This is invalid!
Occluder "03" straddles multiple areas. This is invalid!
Occluder "03" straddles multiple areas. This is invalid!
Occluder "03" straddles multiple areas. This is invalid!
Occluder "03" straddles multiple areas. This is invalid!
Occluder "03" straddles multiple areas. This is invalid!
Occluder "03" straddles multiple areas. This is invalid!
Occluder "03" straddles multiple areas. This is invalid!
Occluder "03" straddles multiple areas. This is invalid!
Occluder "03" straddles multiple areas. This is invalid!
Occluder "03" straddles multiple areas. This is invalid!
Occluder "03" straddles multiple areas. This is invalid!
Occluder "03" straddles multiple areas. This is invalid!
Occluder "03" straddles multiple areas. This is invalid!
Occluder "03" straddles multiple areas. This is invalid!
Occluder "03" straddles multiple areas. This is invalid!
Occluder "03" straddles multiple areas. This is invalid!
Occluder "03" straddles multiple areas. This is invalid!
Occluder "03" straddles multiple areas. This is invalid!
Occluder "03" straddles multiple areas. This is invalid!
Occluder "03" straddles multiple areas. This is invalid!
Occluder "03" straddles multiple areas. This is invalid!
Occluder "03" straddles multiple areas. This is invalid!
Occluder "03" straddles multiple areas. This is invalid!
Occluder "03" straddles multiple areas. This is invalid!
Occluder "03" straddles multiple areas. This is invalid!
Occluder "03" straddles multiple areas. This is invalid!
Occluder "03" straddles multiple areas. This is invalid!
Occluder "03" straddles multiple areas. This is invalid!
Occluder "03" straddles multiple areas. This is invalid!
Occluder "03" straddles multiple areas. This is invalid!
Occluder "03" straddles multiple areas. This is invalid!
Occluder "03" straddles multiple areas. This is invalid!
Occluder "03" straddles multiple areas. This is invalid!
Occluder "03" straddles multiple areas. This is invalid!
Occluder "03" straddles multiple areas. This is invalid!
Occluder "03" straddles multiple areas. This is invalid!
Occluder "03" straddles multiple areas. This is invalid!
Occluder "03" straddles multiple areas. This is invalid!
Occluder "03" straddles multiple areas. This is invalid!
Occluder "03" straddles multiple areas. This is invalid!
Occluder "03" straddles multiple areas. This is invalid!
Occluder "03" straddles multiple areas. This is invalid!
Occluder "03" straddles multiple areas. This is invalid!
Occluder "03" straddles multiple areas. This is invalid!
Occluder "03" straddles multiple areas. This is invalid!
Occluder "03" straddles multiple areas. This is invalid!
Occluder "03" straddles multiple areas. This is invalid!
Occluder "03" straddles multiple areas. This is invalid!
Occluder "03" straddles multiple areas. This is invalid!
Occluder "03" straddles multiple areas. This is invalid!
Occluder "03" straddles multiple areas. This is invalid!
Occluder "03" straddles multiple areas. This is invalid!
Occluder "03" straddles multiple areas. This is invalid!
Occluder "03" straddles multiple areas. This is invalid!
Occluder "03" straddles multiple areas. This is invalid!
Occluder "03" straddles multiple areas. This is invalid!
Chop Details...done (0)
Find Visible Detail Sides...
Merged 2004 detail faces...done (1)
Merging details...done (0)
FixTjuncs...
PruneNodes...
WriteBSP...
done (1)
writing Z:\mnt\f\stuff\git\l4d2-things\reverse_rda\map\r_c11m4_terminal.prt...Building visibility clusters...
done (1)
Finding displacement neighbors...
Finding lightmap sample positions...
Displacement Alpha : 0...1...2...3...4...5...6...7...8...9...10
Building Physics collision data...
done (1) (2083315 bytes)
Cannot build Physics2 data
                                                             -----------
DataLinker total stream size                                     0.0 KiB
Placing detail props : 0...1...2...3...4...5...6...7...8...9...10
Compacting texture/material tables...
Reduced 11043 texinfos to 8059
Reduced 548 texdatas to 495 (22698 bytes to 20916)
Writing Z:\mnt\f\stuff\git\l4d2-things\reverse_rda\map\r_c11m4_terminal.bsp
11 seconds elapsed

==================================================================
Date: 2026-05-07 18:40:27
Z:\mnt\d\SteamLibrary\steamapps\common\Left 4 Dead 2\bin\vvisplusplus.exe -game Z:\mnt\d\SteamLibrary\steamapps\common\Left 4 Dead 2\left4dead2 Z:\mnt\f\stuff\git\l4d2-things\reverse_rda\map\r_c11m4_terminal.vmf
==================================================================
6 threads
reading z:\mnt\f\stuff\git\l4d2-things\reverse_rda\map\r_c11m4_terminal.bsp
Detected L4D2 lump format
Max farz in all env_fog_controller entities: 10000 (used for radial vis)
reading z:\mnt\f\stuff\git\l4d2-things\reverse_rda\map\r_c11m4_terminal.prt
1294 portalclusters
2677 numportals
0...1...2...3...4...5...6...7...8...9...100...1...2...3...4...5...6...7...8...9...10Optimized: 1911 visible clusters (0.71%)
Total clusters visible: 269233
Average clusters visible: 208
Building PAS...
Average clusters audible: 565
visdatasize:236534  compressed from 434784
writing z:\mnt\f\stuff\git\l4d2-things\reverse_rda\map\r_c11m4_terminal.bsp
Wrote ZIP buffer, estimated size 6180986, actual size 6112968
2 seconds elapsed



[Reading texlights from 'lights.rad']
[2 texlights parsed from 'lights.rad']

Loading z:\mnt\f\stuff\git\l4d2-things\reverse_rda\map\r_c11m4_terminal.bsp
19180 faces
15 degenerate faces
9167568 square feet [1320129792.00 square inches]
26 Displacements
361979 Square Feet [52125112.00 Square Inches]
19165 patches before subdivision
161569 patches after subdivision
61 direct lights
0...1...2...3...4...5...6...7...8...9...100...1...2...3...4...5...6...7...8...9...10transfers 16317319, max 1499
transfer lists: 124.5 megs
0...1...2...3...4...5...6...7...8...9...10	Bounce #1 added RGB(29947, 27748, 19137)
0...1...2...3...4...5...6...7...8...9...10	Bounce #2 added RGB(5209, 4830, 3100)
0...1...2...3...4...5...6...7...8...9...10	Bounce #3 added RGB(950, 823, 463)
0...1...2...3...4...5...6...7...8...9...10	Bounce #4 added RGB(198, 171, 86)
0...1...2...3...4...5...6...7...8...9...10	Bounce #5 added RGB(43, 36, 16)
0...1...2...3...4...5...6...7...8...9...10	Bounce #6 added RGB(10, 9, 3)
0...1...2...3...4...5...6...7...8...9...10	Bounce #7 added RGB(2, 2, 1)
0...1...2...3...4...5...6...7...8...9...10	Bounce #8 added RGB(1, 1, 0)
Build Patch/Sample Hash Table(s).....Done<0.0528 sec>
0...1...2...3...4...5...6...7...8...9...10FinalLightFace Done
0 of 0 (0% of) surface lights went in leaf ambient cubes.
0...1...2...3...4...5...6...7...8...9...10Writing leaf ambient...done
Computing static prop lighting : 00...1...2...3...4...5...6...7...8...9...10
Ready to Finish

Object names       Objects/Maxobjs  Memory / Maxmem  Fullness 
------------       ---------------  ---------------  -------- 
models                 154/1024         7392/49152    (15.0%) 
brushes               5596/8192        67152/98304    (68.3%) 
brushsides           52198/65536      417584/524288   (79.6%) 
planes               47646/65536      952920/1310720  (72.7%) 
vertexes             33001/65536      396012/786432   (50.4%) 
nodes                 5924/65536      189568/2097152  ( 9.0%) 
texinfos              8059/12288      580248/884736   (65.6%) 
texdata                495/2048        15840/65536    (24.2%) 
dispinfos               26/0            4576/0        ( 0.0%) 
disp_verts            2522/0           50440/0        ( 0.0%) 
disp_tris             4096/0            8192/0        ( 0.0%) 
disp_lmsamples      232129/0          232129/0        ( 0.0%) 
faces                19180/65536     1074080/3670016  (29.3%) 
hdr faces            19180/65536     1074080/3670016  (29.3%) 
origfaces            14844/65536      831264/3670016  (22.7%) 
leaves                6079/65536      194528/2097152  ( 9.3%) 
leaffaces            23117/65536       46234/131072   (35.3%) 
leafbrushes          10857/65536       21714/131072   (16.6%) 
areas                   38/256           304/2048     (14.8%) 
surfedges           153178/512000     612712/2048000  (29.9%) 
edges                96327/256000     385308/1024000  (37.6%) 
LDR worldlights          0/8192            0/819200   ( 0.0%) 
HDR worldlights         61/8192         6100/819200   ( 0.7%) 
leafwaterdata            0/32768           0/393216   ( 0.0%) 
waterstrips           2205/32768       22050/327680   ( 6.7%) 
waterverts               0/65536           0/786432   ( 0.0%) 
waterindices         41514/65536       83028/131072   (63.3%) 
cubemapsamples          68/1024         1088/16384    ( 6.6%) 
overlays               467/512        164384/180224   (91.2%) VERY FULL!
LDR lightdata         [variable]           0/0        ( 0.0%) 
HDR lightdata         [variable]     5602892/0        ( 0.0%) 
visdata               [variable]      236534/16777216 ( 1.4%) 
entdata               [variable]      608014/393216   (154.6%) VERY FULL!
LDR ambient table     6079/65536       24316/262144   ( 9.3%) 
HDR ambient table     6079/65536       24316/262144   ( 9.3%) 
LDR leaf ambient      6079/65536      170212/1835008  ( 9.3%) 
HDR leaf ambient     16294/65536      456232/1835008  (24.9%) 
occluders                8/0             320/0        ( 0.0%) 
occluder polygons       20/0             240/0        ( 0.0%) 
occluder vert ind      104/0             416/0        ( 0.0%) 
Prop Hull Verts          0/0               0/0        ( 0.0%) 
Prop Hull Blob           0/0               0/0        ( 0.0%) 
Prop Hull Lists          0/0               0/0        ( 0.0%) 
Prop Hulls               0/0               0/0        ( 0.0%) 
Prop Hull trilist        0/0               0/0        ( 0.0%) 
detail props          [variable]           1/12       ( 8.3%) 
static props          [variable]           1/86180    ( 0.0%) 
pakfile               [variable]     7768032/0        ( 0.0%) 
physics               [variable]     2083315/4194304  (49.7%) 
physics terrain       [variable]        7578/1048576  ( 0.7%) 

Level flags = 2

Total triangle count: 55320
Writing z:\mnt\f\stuff\git\l4d2-things\reverse_rda\map\r_c11m4_terminal.bsp
5 minutes, 38 seconds elapsed



Using shader api: shaderapiempty.dll
materialPath: Z:\mnt\d\SteamLibrary\steamapps\common\Left 4 Dead 2\left4dead2\materials
Loading Z:\mnt\f\stuff\git\l4d2-things\reverse_rda\map\r_c11m4_terminal.vmf
KeyValues Error: RecursiveLoadFromBuffer:  got EOF instead of keyname in file materials/ads/adgroup_01b.vmt
LightmappedGeneric, 
KeyValues Error: RecursiveLoadFromBuffer:  got EOF instead of keyname in file materials/ads/adgroup_01b.vmt
LightmappedGeneric, 
KeyValues Error: RecursiveLoadFromBuffer:  got EOF instead of keyname in file materials/ads/adgroup_01a.vmt
LightmappedGeneric, 
KeyValues Error: RecursiveLoadFromBuffer:  got EOF instead of keyname in file materials/ads/adgroup_01a.vmt
LightmappedGeneric, 
fixing up env_cubemap materials on brush sides...
KeyValues Error: RecursiveLoadFromBuffer:  got EOF instead of keyname in file materials/ADS/ADGROUP_01B.vmt
LightmappedGeneric, 
KeyValues Error: RecursiveLoadFromBuffer:  got EOF instead of keyname in file materials/ADS/ADGROUP_01B.vmt
LightmappedGeneric, 
KeyValues Error: RecursiveLoadFromBuffer:  got EOF instead of keyname in file materials/ADS/ADGROUP_01B.vmt
LightmappedGeneric, 
KeyValues Error: RecursiveLoadFromBuffer:  got EOF instead of keyname in file materials/ADS/ADGROUP_01B.vmt
LightmappedGeneric, 
KeyValues Error: RecursiveLoadFromBuffer:  got EOF instead of keyname in file materials/ADS/ADGROUP_01A.vmt
LightmappedGeneric, 
KeyValues Error: RecursiveLoadFromBuffer:  got EOF instead of keyname in file materials/ADS/ADGROUP_01A.vmt
LightmappedGeneric, 
KeyValues Error: RecursiveLoadFromBuffer:  got EOF instead of keyname in file materials/ADS/ADGROUP_01A.vmt
LightmappedGeneric, 
KeyValues Error: RecursiveLoadFromBuffer:  got EOF instead of keyname in file materials/ADS/ADGROUP_01A.vmt
LightmappedGeneric, 
0...1...2...3...4...5...6...7...8...9...100...1...2...3...4...5...6...7...8...9...10Processing areas...done (0)
Building Faces...done (0)
Occluder "01" straddles multiple areas. This is invalid!
Occluder "01" straddles multiple areas. This is invalid!
Occluder "01" straddles multiple areas. This is invalid!
Occluder "01" straddles multiple areas. This is invalid!
Occluder "02" straddles multiple areas. This is invalid!
Occluder "02" straddles multiple areas. This is invalid!
Occluder "02" straddles multiple areas. This is invalid!
Occluder "02" straddles multiple areas. This is invalid!
Occluder "03" straddles multiple areas. This is invalid!
Occluder "03" straddles multiple areas. This is invalid!
Occluder "03" straddles multiple areas. This is invalid!
Occluder "03" straddles multiple areas. This is invalid!
Occluder "03" straddles multiple areas. This is invalid!
Occluder "03" straddles multiple areas. This is invalid!
Occluder "03" straddles multiple areas. This is invalid!
Occluder "03" straddles multiple areas. This is invalid!
Occluder "03" straddles multiple areas. This is invalid!
Occluder "03" straddles multiple areas. This is invalid!
Occluder "03" straddles multiple areas. This is invalid!
Occluder "03" straddles multiple areas. This is invalid!
Occluder "03" straddles multiple areas. This is invalid!
Occluder "03" straddles multiple areas. This is invalid!
Occluder "03" straddles multiple areas. This is invalid!
Occluder "04" straddles multiple areas. This is invalid!
Occluder "04" straddles multiple areas. This is invalid!
Occluder "04" straddles multiple areas. This is invalid!
Occluder "04" straddles multiple areas. This is invalid!
Occluder "04" straddles multiple areas. This is invalid!
Occluder "04" straddles multiple areas. This is invalid!
Occluder "04" straddles multiple areas. This is invalid!
Occluder "04" straddles multiple areas. This is invalid!
Occluder "04" straddles multiple areas. This is invalid!
Occluder "04" straddles multiple areas. This is invalid!
Occluder "04" straddles multiple areas. This is invalid!
Occluder "04" straddles multiple areas. This is invalid!
Occluder "04" straddles multiple areas. This is invalid!
Occluder "04" straddles multiple areas. This is invalid!
Occluder "04" straddles multiple areas. This is invalid!
Occluder "04" straddles multiple areas. This is invalid!
Occluder "04" straddles multiple areas. This is invalid!
Occluder "04" straddles multiple areas. This is invalid!
Occluder "03" straddles multiple areas. This is invalid!
Occluder "03" straddles multiple areas. This is invalid!
Occluder "03" straddles multiple areas. This is invalid!
Occluder "03" straddles multiple areas. This is invalid!
Occluder "03" straddles multiple areas. This is invalid!
Occluder "03" straddles multiple areas. This is invalid!
Occluder "03" straddles multiple areas. This is invalid!
Occluder "03" straddles multiple areas. This is invalid!
Occluder "03" straddles multiple areas. This is invalid!
Occluder "03" straddles multiple areas. This is invalid!
Occluder "03" straddles multiple areas. This is invalid!
Occluder "03" straddles multiple areas. This is invalid!
Occluder "03" straddles multiple areas. This is invalid!
Occluder "03" straddles multiple areas. This is invalid!
Occluder "03" straddles multiple areas. This is invalid!
Occluder "03" straddles multiple areas. This is invalid!
Occluder "03" straddles multiple areas. This is invalid!
Occluder "03" straddles multiple areas. This is invalid!
Occluder "03" straddles multiple areas. This is invalid!
Occluder "03" straddles multiple areas. This is invalid!
Occluder "03" straddles multiple areas. This is invalid!
Occluder "03" straddles multiple areas. This is invalid!
Occluder "03" straddles multiple areas. This is invalid!
Occluder "03" straddles multiple areas. This is invalid!
Occluder "03" straddles multiple areas. This is invalid!
Occluder "03" straddles multiple areas. This is invalid!
Occluder "03" straddles multiple areas. This is invalid!
Occluder "03" straddles multiple areas. This is invalid!
Occluder "03" straddles multiple areas. This is invalid!
Occluder "03" straddles multiple areas. This is invalid!
Occluder "03" straddles multiple areas. This is invalid!
Occluder "03" straddles multiple areas. This is invalid!
Occluder "03" straddles multiple areas. This is invalid!
Occluder "03" straddles multiple areas. This is invalid!
Occluder "03" straddles multiple areas. This is invalid!
Occluder "03" straddles multiple areas. This is invalid!
Occluder "03" straddles multiple areas. This is invalid!
Occluder "03" straddles multiple areas. This is invalid!
Occluder "03" straddles multiple areas. This is invalid!
Occluder "03" straddles multiple areas. This is invalid!
Occluder "03" straddles multiple areas. This is invalid!
Occluder "03" straddles multiple areas. This is invalid!
Occluder "03" straddles multiple areas. This is invalid!
Occluder "03" straddles multiple areas. This is invalid!
Occluder "03" straddles multiple areas. This is invalid!
Occluder "03" straddles multiple areas. This is invalid!
Occluder "03" straddles multiple areas. This is invalid!
Occluder "03" straddles multiple areas. This is invalid!
Occluder "03" straddles multiple areas. This is invalid!
Occluder "03" straddles multiple areas. This is invalid!
Occluder "03" straddles multiple areas. This is invalid!
Occluder "03" straddles multiple areas. This is invalid!
Occluder "03" straddles multiple areas. This is invalid!
Occluder "03" straddles multiple areas. This is invalid!
Occluder "03" straddles multiple areas. This is invalid!
Occluder "03" straddles multiple areas. This is invalid!
Occluder "03" straddles multiple areas. This is invalid!
Occluder "03" straddles multiple areas. This is invalid!
Occluder "03" straddles multiple areas. This is invalid!
Occluder "03" straddles multiple areas. This is invalid!
Occluder "03" straddles multiple areas. This is invalid!
Occluder "03" straddles multiple areas. This is invalid!
Occluder "03" straddles multiple areas. This is invalid!
Occluder "03" straddles multiple areas. This is invalid!
Occluder "03" straddles multiple areas. This is invalid!
Occluder "03" straddles multiple areas. This is invalid!
Occluder "03" straddles multiple areas. This is invalid!
Occluder "03" straddles multiple areas. This is invalid!
Occluder "03" straddles multiple areas. This is invalid!
Occluder "03" straddles multiple areas. This is invalid!
Occluder "03" straddles multiple areas. This is invalid!
Occluder "03" straddles multiple areas. This is invalid!
Occluder "03" straddles multiple areas. This is invalid!
Occluder "03" straddles multiple areas. This is invalid!
Occluder "03" straddles multiple areas. This is invalid!
Occluder "03" straddles multiple areas. This is invalid!
Occluder "03" straddles multiple areas. This is invalid!
Occluder "03" straddles multiple areas. This is invalid!
Chop Details...done (1)
Find Visible Detail Sides...
Merged 2004 detail faces...done (1)
Merging details...done (0)
FixTjuncs...
PruneNodes...
WriteBSP...
done (2)
writing Z:\mnt\f\stuff\git\l4d2-things\reverse_rda\map\r_c11m4_terminal.prt...Building visibility clusters...
done (0)
Finding displacement neighbors...
Finding lightmap sample positions...
Displacement Alpha : 0...1...2...3...4...5...6...7...8...9...10
Building Physics collision data...
done (1) (2083867 bytes)
Cannot build Physics2 data
                                                             -----------
DataLinker total stream size                                     0.0 KiB
Placing detail props : 0...1...2...3...4...5...6...7...8...9...10
Compacting texture/material tables...
Reduced 11048 texinfos to 8062
Reduced 548 texdatas to 495 (22698 bytes to 20916)
Writing Z:\mnt\f\stuff\git\l4d2-things\reverse_rda\map\r_c11m4_terminal.bsp
12 seconds elapsed

==================================================================
Date: 2026-05-07 20:26:12
Z:\mnt\d\SteamLibrary\steamapps\common\Left 4 Dead 2\bin\vvisplusplus.exe -game Z:\mnt\d\SteamLibrary\steamapps\common\Left 4 Dead 2\left4dead2 Z:\mnt\f\stuff\git\l4d2-things\reverse_rda\map\r_c11m4_terminal.vmf
==================================================================
6 threads
reading z:\mnt\f\stuff\git\l4d2-things\reverse_rda\map\r_c11m4_terminal.bsp
Detected L4D2 lump format
Max farz in all env_fog_controller entities: 10000 (used for radial vis)
reading z:\mnt\f\stuff\git\l4d2-things\reverse_rda\map\r_c11m4_terminal.prt
1317 portalclusters
2707 numportals
0...1...2...3...4...5...6...7...8...9...100...1...2...3...4...5...6...7...8...9...10Optimized: 2030 visible clusters (0.73%)
Total clusters visible: 277323
Average clusters visible: 210
Building PAS...
Average clusters audible: 577
visdatasize:242411  compressed from 442512
writing z:\mnt\f\stuff\git\l4d2-things\reverse_rda\map\r_c11m4_terminal.bsp
Wrote ZIP buffer, estimated size 6180986, actual size 6112968
3 seconds elapsed



[Reading texlights from 'lights.rad']
[2 texlights parsed from 'lights.rad']

Loading z:\mnt\f\stuff\git\l4d2-things\reverse_rda\map\r_c11m4_terminal.bsp
19197 faces
15 degenerate faces
9168258 square feet [1320229120.00 square inches]
26 Displacements
361979 Square Feet [52125112.00 Square Inches]
19182 patches before subdivision
161784 patches after subdivision
61 direct lights
0...1...2...3...4...5...6...7...8...9...100...1...2...3...4...5...6...7...8...9...10transfers 16333710, max 1499
transfer lists: 124.6 megs
0...1...2...3...4...5...6...7...8...9...10	Bounce #1 added RGB(29686, 27846, 19415)
0...1...2...3...4...5...6...7...8...9...10	Bounce #2 added RGB(5134, 4831, 3141)
0...1...2...3...4...5...6...7...8...9...10	Bounce #3 added RGB(931, 819, 467)
0...1...2...3...4...5...6...7...8...9...10	Bounce #4 added RGB(194, 171, 87)
0...1...2...3...4...5...6...7...8...9...10	Bounce #5 added RGB(42, 36, 16)
0...1...2...3...4...5...6...7...8...9...10	Bounce #6 added RGB(10, 9, 3)
0...1...2...3...4...5...6...7...8...9...10	Bounce #7 added RGB(2, 2, 1)
0...1...2...3...4...5...6...7...8...9...10	Bounce #8 added RGB(1, 1, 0)
Build Patch/Sample Hash Table(s).....Done<0.0539 sec>
0...1...2...3...4...5...6...7...8...9...10FinalLightFace Done
0 of 0 (0% of) surface lights went in leaf ambient cubes.
0...1...2...3...4...5...6...7...8...9...10Writing leaf ambient...done
Computing static prop lighting : 00...1...2...3...4...5...6...7...8...9...10
Ready to Finish

Object names       Objects/Maxobjs  Memory / Maxmem  Fullness 
------------       ---------------  ---------------  -------- 
models                 155/1024         7440/49152    (15.1%) 
brushes               5601/8192        67212/98304    (68.4%) 
brushsides           52228/65536      417824/524288   (79.7%) 
planes               47648/65536      952960/1310720  (72.7%) 
vertexes             33015/65536      396180/786432   (50.4%) 
nodes                 5955/65536      190560/2097152  ( 9.1%) 
texinfos              8062/12288      580464/884736   (65.6%) 
texdata                495/2048        15840/65536    (24.2%) 
dispinfos               26/0            4576/0        ( 0.0%) 
disp_verts            2522/0           50440/0        ( 0.0%) 
disp_tris             4096/0            8192/0        ( 0.0%) 
disp_lmsamples      232129/0          232129/0        ( 0.0%) 
faces                19197/65536     1075032/3670016  (29.3%) 
hdr faces            19197/65536     1075032/3670016  (29.3%) 
origfaces            14850/65536      831600/3670016  (22.7%) 
leaves                6111/65536      195552/2097152  ( 9.3%) 
leaffaces            23178/65536       46356/131072   (35.4%) 
leafbrushes          10914/65536       21828/131072   (16.7%) 
areas                   39/256           312/2048     (15.2%) 
surfedges           153269/512000     613076/2048000  (29.9%) 
edges                96381/256000     385524/1024000  (37.6%) 
LDR worldlights          0/8192            0/819200   ( 0.0%) 
HDR worldlights         61/8192         6100/819200   ( 0.7%) 
leafwaterdata            0/32768           0/393216   ( 0.0%) 
waterstrips           2202/32768       22020/327680   ( 6.7%) 
waterverts               0/65536           0/786432   ( 0.0%) 
waterindices         41499/65536       82998/131072   (63.3%) 
cubemapsamples          68/1024         1088/16384    ( 6.6%) 
overlays               467/512        164384/180224   (91.2%) VERY FULL!
LDR lightdata         [variable]           0/0        ( 0.0%) 
HDR lightdata         [variable]     5605196/0        ( 0.0%) 
visdata               [variable]      242411/16777216 ( 1.4%) 
entdata               [variable]      608627/393216   (154.8%) VERY FULL!
LDR ambient table     6111/65536       24444/262144   ( 9.3%) 
HDR ambient table     6111/65536       24444/262144   ( 9.3%) 
LDR leaf ambient      6111/65536      171108/1835008  ( 9.3%) 
HDR leaf ambient     16584/65536      464352/1835008  (25.3%) 
occluders                8/0             320/0        ( 0.0%) 
occluder polygons       20/0             240/0        ( 0.0%) 
occluder vert ind      104/0             416/0        ( 0.0%) 
Prop Hull Verts          0/0               0/0        ( 0.0%) 
Prop Hull Blob           0/0               0/0        ( 0.0%) 
Prop Hull Lists          0/0               0/0        ( 0.0%) 
Prop Hulls               0/0               0/0        ( 0.0%) 
Prop Hull trilist        0/0               0/0        ( 0.0%) 
detail props          [variable]           1/12       ( 8.3%) 
static props          [variable]           1/86186    ( 0.0%) 
pakfile               [variable]     7768032/0        ( 0.0%) 
physics               [variable]     2083867/4194304  (49.7%) 
physics terrain       [variable]        7578/1048576  ( 0.7%) 

Level flags = 2

Total triangle count: 55353
Writing z:\mnt\f\stuff\git\l4d2-things\reverse_rda\map\r_c11m4_terminal.bsp
6 minutes, 6 seconds elapsed



Using shader api: shaderapiempty.dll
materialPath: Z:\mnt\d\SteamLibrary\steamapps\common\Left 4 Dead 2\left4dead2\materials
Loading Z:\mnt\f\stuff\git\l4d2-things\reverse_rda\map\r_c11m4_terminal.vmf
KeyValues Error: RecursiveLoadFromBuffer:  got EOF instead of keyname in file materials/ads/adgroup_01b.vmt
LightmappedGeneric, 
KeyValues Error: RecursiveLoadFromBuffer:  got EOF instead of keyname in file materials/ads/adgroup_01b.vmt
LightmappedGeneric, 
KeyValues Error: RecursiveLoadFromBuffer:  got EOF instead of keyname in file materials/ads/adgroup_01a.vmt
LightmappedGeneric, 
KeyValues Error: RecursiveLoadFromBuffer:  got EOF instead of keyname in file materials/ads/adgroup_01a.vmt
LightmappedGeneric, 
fixing up env_cubemap materials on brush sides...
KeyValues Error: RecursiveLoadFromBuffer:  got EOF instead of keyname in file materials/ADS/ADGROUP_01B.vmt
LightmappedGeneric, 
KeyValues Error: RecursiveLoadFromBuffer:  got EOF instead of keyname in file materials/ADS/ADGROUP_01B.vmt
LightmappedGeneric, 
KeyValues Error: RecursiveLoadFromBuffer:  got EOF instead of keyname in file materials/ADS/ADGROUP_01B.vmt
LightmappedGeneric, 
KeyValues Error: RecursiveLoadFromBuffer:  got EOF instead of keyname in file materials/ADS/ADGROUP_01B.vmt
LightmappedGeneric, 
KeyValues Error: RecursiveLoadFromBuffer:  got EOF instead of keyname in file materials/ADS/ADGROUP_01A.vmt
LightmappedGeneric, 
KeyValues Error: RecursiveLoadFromBuffer:  got EOF instead of keyname in file materials/ADS/ADGROUP_01A.vmt
LightmappedGeneric, 
KeyValues Error: RecursiveLoadFromBuffer:  got EOF instead of keyname in file materials/ADS/ADGROUP_01A.vmt
LightmappedGeneric, 
KeyValues Error: RecursiveLoadFromBuffer:  got EOF instead of keyname in file materials/ADS/ADGROUP_01A.vmt
LightmappedGeneric, 
0...1...2...3...4...5...6...7...8...9...100...1...2...3...4...5...6...7...8...9...10Processing areas...done (0)
Building Faces...done (0)
Occluder "01" straddles multiple areas. This is invalid!
Occluder "01" straddles multiple areas. This is invalid!
Occluder "01" straddles multiple areas. This is invalid!
Occluder "01" straddles multiple areas. This is invalid!
Occluder "02" straddles multiple areas. This is invalid!
Occluder "02" straddles multiple areas. This is invalid!
Occluder "02" straddles multiple areas. This is invalid!
Occluder "02" straddles multiple areas. This is invalid!
Occluder "03" straddles multiple areas. This is invalid!
Occluder "03" straddles multiple areas. This is invalid!
Occluder "03" straddles multiple areas. This is invalid!
Occluder "03" straddles multiple areas. This is invalid!
Occluder "03" straddles multiple areas. This is invalid!
Occluder "03" straddles multiple areas. This is invalid!
Occluder "03" straddles multiple areas. This is invalid!
Occluder "03" straddles multiple areas. This is invalid!
Occluder "03" straddles multiple areas. This is invalid!
Occluder "03" straddles multiple areas. This is invalid!
Occluder "03" straddles multiple areas. This is invalid!
Occluder "03" straddles multiple areas. This is invalid!
Occluder "03" straddles multiple areas. This is invalid!
Occluder "03" straddles multiple areas. This is invalid!
Occluder "03" straddles multiple areas. This is invalid!
Occluder "04" straddles multiple areas. This is invalid!
Occluder "04" straddles multiple areas. This is invalid!
Occluder "04" straddles multiple areas. This is invalid!
Occluder "04" straddles multiple areas. This is invalid!
Occluder "04" straddles multiple areas. This is invalid!
Occluder "04" straddles multiple areas. This is invalid!
Occluder "04" straddles multiple areas. This is invalid!
Occluder "04" straddles multiple areas. This is invalid!
Occluder "04" straddles multiple areas. This is invalid!
Occluder "04" straddles multiple areas. This is invalid!
Occluder "04" straddles multiple areas. This is invalid!
Occluder "04" straddles multiple areas. This is invalid!
Occluder "04" straddles multiple areas. This is invalid!
Occluder "04" straddles multiple areas. This is invalid!
Occluder "04" straddles multiple areas. This is invalid!
Occluder "04" straddles multiple areas. This is invalid!
Occluder "04" straddles multiple areas. This is invalid!
Occluder "04" straddles multiple areas. This is invalid!
Occluder "03" straddles multiple areas. This is invalid!
Occluder "03" straddles multiple areas. This is invalid!
Occluder "03" straddles multiple areas. This is invalid!
Occluder "03" straddles multiple areas. This is invalid!
Occluder "03" straddles multiple areas. This is invalid!
Occluder "03" straddles multiple areas. This is invalid!
Occluder "03" straddles multiple areas. This is invalid!
Occluder "03" straddles multiple areas. This is invalid!
Occluder "03" straddles multiple areas. This is invalid!
Occluder "03" straddles multiple areas. This is invalid!
Occluder "03" straddles multiple areas. This is invalid!
Occluder "03" straddles multiple areas. This is invalid!
Occluder "03" straddles multiple areas. This is invalid!
Occluder "03" straddles multiple areas. This is invalid!
Occluder "03" straddles multiple areas. This is invalid!
Occluder "03" straddles multiple areas. This is invalid!
Occluder "03" straddles multiple areas. This is invalid!
Occluder "03" straddles multiple areas. This is invalid!
Occluder "03" straddles multiple areas. This is invalid!
Occluder "03" straddles multiple areas. This is invalid!
Occluder "03" straddles multiple areas. This is invalid!
Occluder "03" straddles multiple areas. This is invalid!
Occluder "03" straddles multiple areas. This is invalid!
Occluder "03" straddles multiple areas. This is invalid!
Occluder "03" straddles multiple areas. This is invalid!
Occluder "03" straddles multiple areas. This is invalid!
Occluder "03" straddles multiple areas. This is invalid!
Occluder "03" straddles multiple areas. This is invalid!
Occluder "03" straddles multiple areas. This is invalid!
Occluder "03" straddles multiple areas. This is invalid!
Occluder "03" straddles multiple areas. This is invalid!
Occluder "03" straddles multiple areas. This is invalid!
Occluder "03" straddles multiple areas. This is invalid!
Occluder "03" straddles multiple areas. This is invalid!
Occluder "03" straddles multiple areas. This is invalid!
Occluder "03" straddles multiple areas. This is invalid!
Occluder "03" straddles multiple areas. This is invalid!
Occluder "03" straddles multiple areas. This is invalid!
Occluder "03" straddles multiple areas. This is invalid!
Occluder "03" straddles multiple areas. This is invalid!
Occluder "03" straddles multiple areas. This is invalid!
Occluder "03" straddles multiple areas. This is invalid!
Occluder "03" straddles multiple areas. This is invalid!
Occluder "03" straddles multiple areas. This is invalid!
Occluder "03" straddles multiple areas. This is invalid!
Occluder "03" straddles multiple areas. This is invalid!
Occluder "03" straddles multiple areas. This is invalid!
Occluder "03" straddles multiple areas. This is invalid!
Occluder "03" straddles multiple areas. This is invalid!
Occluder "03" straddles multiple areas. This is invalid!
Occluder "03" straddles multiple areas. This is invalid!
Occluder "03" straddles multiple areas. This is invalid!
Occluder "03" straddles multiple areas. This is invalid!
Occluder "03" straddles multiple areas. This is invalid!
Occluder "03" straddles multiple areas. This is invalid!
Occluder "03" straddles multiple areas. This is invalid!
Occluder "03" straddles multiple areas. This is invalid!
Occluder "03" straddles multiple areas. This is invalid!
Occluder "03" straddles multiple areas. This is invalid!
Occluder "03" straddles multiple areas. This is invalid!
Occluder "03" straddles multiple areas. This is invalid!
Occluder "03" straddles multiple areas. This is invalid!
Occluder "03" straddles multiple areas. This is invalid!
Occluder "03" straddles multiple areas. This is invalid!
Occluder "03" straddles multiple areas. This is invalid!
Occluder "03" straddles multiple areas. This is invalid!
Occluder "03" straddles multiple areas. This is invalid!
Occluder "03" straddles multiple areas. This is invalid!
Occluder "03" straddles multiple areas. This is invalid!
Occluder "03" straddles multiple areas. This is invalid!
Occluder "03" straddles multiple areas. This is invalid!
Occluder "03" straddles multiple areas. This is invalid!
Occluder "03" straddles multiple areas. This is invalid!
Occluder "03" straddles multiple areas. This is invalid!
Occluder "03" straddles multiple areas. This is invalid!
Occluder "03" straddles multiple areas. This is invalid!
Occluder "03" straddles multiple areas. This is invalid!
Occluder "03" straddles multiple areas. This is invalid!
Chop Details...done (1)
Find Visible Detail Sides...
Merged 2004 detail faces...done (1)
Merging details...done (0)
FixTjuncs...
PruneNodes...
WriteBSP...
done (2)
writing Z:\mnt\f\stuff\git\l4d2-things\reverse_rda\map\r_c11m4_terminal.prt...Building visibility clusters...
done (0)
Finding displacement neighbors...
Finding lightmap sample positions...
Displacement Alpha : 0...1...2...3...4...5...6...7...8...9...10
Building Physics collision data...
done (1) (2084651 bytes)
Cannot build Physics2 data
                                                             -----------
DataLinker total stream size                                     0.0 KiB
Placing detail props : 0...1...2...3...4...5...6...7...8...9...10
Compacting texture/material tables...
Reduced 11054 texinfos to 8062
Reduced 548 texdatas to 495 (22698 bytes to 20916)
Writing Z:\mnt\f\stuff\git\l4d2-things\reverse_rda\map\r_c11m4_terminal.bsp
12 seconds elapsed

==================================================================
Date: 2026-05-18 19:37:48
Z:\mnt\d\SteamLibrary\steamapps\common\Left 4 Dead 2\bin\vvisplusplus.exe -game Z:\mnt\d\SteamLibrary\steamapps\common\Left 4 Dead 2\left4dead2 Z:\mnt\f\stuff\git\l4d2-things\reverse_rda\map\r_c11m4_terminal.vmf
==================================================================
6 threads
reading z:\mnt\f\stuff\git\l4d2-things\reverse_rda\map\r_c11m4_terminal.bsp
Detected L4D2 lump format
Max farz in all env_fog_controller entities: 10000 (used for radial vis)
reading z:\mnt\f\stuff\git\l4d2-things\reverse_rda\map\r_c11m4_terminal.prt
1317 portalclusters
2707 numportals
0...1...2...3...4...5...6...7...8...9...100...1...2...3...4...5...6...7...8...9...10Optimized: 2023 visible clusters (0.73%)
Total clusters visible: 277320
Average clusters visible: 210
Building PAS...
Average clusters audible: 577
visdatasize:242411  compressed from 442512
writing z:\mnt\f\stuff\git\l4d2-things\reverse_rda\map\r_c11m4_terminal.bsp
Wrote ZIP buffer, estimated size 6180986, actual size 6112968
3 seconds elapsed



[Reading texlights from 'lights.rad']
[2 texlights parsed from 'lights.rad']

Loading z:\mnt\f\stuff\git\l4d2-things\reverse_rda\map\r_c11m4_terminal.bsp
19197 faces
15 degenerate faces
9168258 square feet [1320229120.00 square inches]
26 Displacements
361979 Square Feet [52125112.00 Square Inches]
19182 patches before subdivision
161784 patches after subdivision
61 direct lights
0...1...2...3...4...5...6...7...8...9...100...1...2...3...4...5...6...7...8...9...10transfers 16333317, max 1499
transfer lists: 124.6 megs
0...1...2...3...4...5...6...7...8...9...10	Bounce #1 added RGB(29692, 27848, 19415)
0...1...2...3...4...5...6...7...8...9...10	Bounce #2 added RGB(5135, 4831, 3141)
0...1...2...3...4...5...6...7...8...9...10	Bounce #3 added RGB(931, 819, 467)
0...1...2...3...4...5...6...7...8...9...10	Bounce #4 added RGB(194, 171, 87)
0...1...2...3...4...5...6...7...8...9...10	Bounce #5 added RGB(42, 36, 16)
0...1...2...3...4...5...6...7...8...9...10	Bounce #6 added RGB(10, 9, 3)
0...1...2...3...4...5...6...7...8...9...10	Bounce #7 added RGB(2, 2, 1)
0...1...2...3...4...5...6...7...8...9...10	Bounce #8 added RGB(1, 1, 0)
Build Patch/Sample Hash Table(s).....Done<0.0544 sec>
0...1...2...3...4...5...6...7...8...9...10FinalLightFace Done
0 of 0 (0% of) surface lights went in leaf ambient cubes.
0...1...2...3...4...5...6...7...8...9...10Writing leaf ambient...done
Computing static prop lighting : 00...1...2...3...4...5...6...7...8...9...10
Ready to Finish

Object names       Objects/Maxobjs  Memory / Maxmem  Fullness 
------------       ---------------  ---------------  -------- 
models                 155/1024         7440/49152    (15.1%) 
brushes               5604/8192        67248/98304    (68.4%) 
brushsides           52246/65536      417968/524288   (79.7%) 
planes               47658/65536      953160/1310720  (72.7%) 
vertexes             33015/65536      396180/786432   (50.4%) 
nodes                 5955/65536      190560/2097152  ( 9.1%) 
texinfos              8062/12288      580464/884736   (65.6%) 
texdata                495/2048        15840/65536    (24.2%) 
dispinfos               26/0            4576/0        ( 0.0%) 
disp_verts            2522/0           50440/0        ( 0.0%) 
disp_tris             4096/0            8192/0        ( 0.0%) 
disp_lmsamples      232129/0          232129/0        ( 0.0%) 
faces                19197/65536     1075032/3670016  (29.3%) 
hdr faces            19197/65536     1075032/3670016  (29.3%) 
origfaces            14850/65536      831600/3670016  (22.7%) 
leaves                6111/65536      195552/2097152  ( 9.3%) 
leaffaces            23178/65536       46356/131072   (35.4%) 
leafbrushes          10919/65536       21838/131072   (16.7%) 
areas                   39/256           312/2048     (15.2%) 
surfedges           153269/512000     613076/2048000  (29.9%) 
edges                96381/256000     385524/1024000  (37.6%) 
LDR worldlights          0/8192            0/819200   ( 0.0%) 
HDR worldlights         61/8192         6100/819200   ( 0.7%) 
leafwaterdata            0/32768           0/393216   ( 0.0%) 
waterstrips           2202/32768       22020/327680   ( 6.7%) 
waterverts               0/65536           0/786432   ( 0.0%) 
waterindices         41499/65536       82998/131072   (63.3%) 
cubemapsamples          68/1024         1088/16384    ( 6.6%) 
overlays               467/512        164384/180224   (91.2%) VERY FULL!
LDR lightdata         [variable]           0/0        ( 0.0%) 
HDR lightdata         [variable]     5605196/0        ( 0.0%) 
visdata               [variable]      242411/16777216 ( 1.4%) 
entdata               [variable]      607808/393216   (154.6%) VERY FULL!
LDR ambient table     6111/65536       24444/262144   ( 9.3%) 
HDR ambient table     6111/65536       24444/262144   ( 9.3%) 
LDR leaf ambient      6111/65536      171108/1835008  ( 9.3%) 
HDR leaf ambient     16567/65536      463876/1835008  (25.3%) 
occluders                8/0             320/0        ( 0.0%) 
occluder polygons       20/0             240/0        ( 0.0%) 
occluder vert ind      104/0             416/0        ( 0.0%) 
Prop Hull Verts          0/0               0/0        ( 0.0%) 
Prop Hull Blob           0/0               0/0        ( 0.0%) 
Prop Hull Lists          0/0               0/0        ( 0.0%) 
Prop Hulls               0/0               0/0        ( 0.0%) 
Prop Hull trilist        0/0               0/0        ( 0.0%) 
detail props          [variable]           1/12       ( 8.3%) 
static props          [variable]           1/86464    ( 0.0%) 
pakfile               [variable]     7768032/0        ( 0.0%) 
physics               [variable]     2084651/4194304  (49.7%) 
physics terrain       [variable]        7578/1048576  ( 0.7%) 

Level flags = 2

Total triangle count: 55353
Writing z:\mnt\f\stuff\git\l4d2-things\reverse_rda\map\r_c11m4_terminal.bsp
1 minute, 9 seconds elapsed
