// Created by Crowbar 0.74
version 1
nodes
  0 "ValveBiped.Bip01_Pelvis" -1
  1 "ValveBiped.Bip01_L_Thigh" 0
  2 "ValveBiped.Bip01_L_Calf" 1
  3 "ValveBiped.Bip01_L_Foot" 2
  4 "ValveBiped.Bip01_L_Toe0" 3
  5 "ValveBiped.Bip01_R_Thigh" 0
  6 "ValveBiped.Bip01_R_Calf" 5
  7 "ValveBiped.Bip01_R_Foot" 6
  8 "ValveBiped.Bip01_R_Toe0" 7
  9 "ValveBiped.Bip01_Spine" 0
  10 "ValveBiped.Bip01_Spine1" 9
  11 "ValveBiped.Bip01_Spine2" 10
  12 "ValveBiped.Bip01_Spine4" 11
  13 "ValveBiped.Bip01_Neck1" 12
  14 "ValveBiped.Bip01_Head1" 13
  15 "ValveBiped.Bip01_L_Clavicle" 12
  16 "ValveBiped.Bip01_L_UpperArm" 15
  17 "ValveBiped.Bip01_L_Forearm" 16
  18 "ValveBiped.Bip01_L_Hand" 17
  19 "ValveBiped.Bip01_L_Finger4" 18
  20 "ValveBiped.Bip01_L_Finger41" 19
  21 "ValveBiped.Bip01_L_Finger42" 20
  22 "ValveBiped.Bip01_L_Finger3" 18
  23 "ValveBiped.Bip01_L_Finger31" 22
  24 "ValveBiped.Bip01_L_Finger32" 23
  25 "ValveBiped.Bip01_L_Finger2" 18
  26 "ValveBiped.Bip01_L_Finger21" 25
  27 "ValveBiped.Bip01_L_Finger22" 26
  28 "ValveBiped.Bip01_L_Finger1" 18
  29 "ValveBiped.Bip01_L_Finger11" 28
  30 "ValveBiped.Bip01_L_Finger12" 29
  31 "ValveBiped.Bip01_L_Finger0" 18
  32 "ValveBiped.Bip01_L_Finger01" 31
  33 "ValveBiped.Bip01_L_Finger02" 32
  34 "ValveBiped.Bip01_R_Clavicle" 12
  35 "ValveBiped.Bip01_R_UpperArm" 34
  36 "ValveBiped.Bip01_R_Forearm" 35
  37 "ValveBiped.Bip01_R_Hand" 36
  38 "ValveBiped.Bip01_R_Finger4" 37
  39 "ValveBiped.Bip01_R_Finger41" 38
  40 "ValveBiped.Bip01_R_Finger42" 39
  41 "ValveBiped.Bip01_R_Finger3" 37
  42 "ValveBiped.Bip01_R_Finger31" 41
  43 "ValveBiped.Bip01_R_Finger32" 42
  44 "ValveBiped.Bip01_R_Finger2" 37
  45 "ValveBiped.Bip01_R_Finger21" 44
  46 "ValveBiped.Bip01_R_Finger22" 45
  47 "ValveBiped.Bip01_R_Finger1" 37
  48 "ValveBiped.Bip01_R_Finger11" 47
  49 "ValveBiped.Bip01_R_Finger12" 48
  50 "ValveBiped.Bip01_R_Finger0" 37
  51 "ValveBiped.Bip01_R_Finger01" 50
  52 "ValveBiped.Bip01_R_Finger02" 51
  53 "ValveBiped.attachment_bandage_legL" 2
  54 "ValveBiped.attachment_bandage_armL" 17
  55 "ValveBiped.attachment_armL_T" 17
  56 "ValveBiped.attachment_armR_T" 36
  57 "ValveBiped.weapon_bone" 37
  58 "ValveBiped.forward" 14
  59 "ValveBiped.L_weapon_bone" 18
  60 "ValveBiped.weapon_bone_Clip" 57
  61 "ValveBiped.weapon_bone_extra" 57
  62 "ValveBiped.weapon_bone_Clip2" 18
  63 "ValveBiped.weapon_bone_Clip2_Bullets" 62
  64 "ValveBiped.weapon_bolt_l" 18
  65 "ValveBiped.weapon_bone_Clip_Bullets" 60
  66 "ValveBiped.weapon_bolt" 57
  67 "ValveBiped.weapon_bolt_opposite" 57
  68 "ValveBiped.weapon_charger" 57
  69 "ValveBiped.Bip01_L_Knee" 1
  70 "ValveBiped.Bip01_R_Knee" 5
  71 "ValveBiped.Bip01_L_Ulna" 17
  72 "ValveBiped.Bip01_L_Wrist" 17
  73 "ValveBiped.Bip01_L_Elbow" 16
  74 "ValveBiped.Bip01_L_Bicep" 16
  75 "ValveBiped.hlp_jacket_arm_front1_L" 15
  76 "ValveBiped.hlp_jacket_arm_top_L" 15
  77 "ValveBiped.hlp_jacket_arm_back_L" 15
  78 "ValveBiped.Bip01_R_Wrist" 36
  79 "ValveBiped.Bip01_R_Ulna" 36
  80 "ValveBiped.Bip01_R_Elbow" 35
  81 "ValveBiped.Bip01_R_Bicep" 35
  82 "ValveBiped.hlp_jacket_arm_front1_R" 34
  83 "ValveBiped.hlp_jacket_arm_top_R" 34
  84 "ValveBiped.hlp_jacket_arm_back_R" 34
  85 "ValveBiped.hlp_jacket_armpit_R" 11
  86 "ValveBiped.jiggy_jacket_right" 9
  87 "ValveBiped.jiggy_jacket_left" 9
end
skeleton
  time 0
    0 -0.062875 -1.873077 34.416990 1.547389 -0.031525 -0.228088
    1 3.806942 0.000000 0.000000 -1.810430 -0.017042 -1.561708
    2 19.263105 0.000000 0.000000 0.000000 0.000000 1.288810
    3 17.589100 0.000000 0.000000 -0.069826 0.077806 -0.980132
    4 6.240662 0.000000 0.000000 0.020475 -0.027733 -0.420355
    5 -3.806942 0.000000 0.000000 -1.697967 -0.784586 -1.510930
    6 19.263098 0.000000 0.000000 0.000000 0.000000 0.922977
    7 17.589096 0.000000 0.000000 0.116432 0.024289 -1.337559
    8 6.240662 0.000000 0.000000 -0.112105 0.023881 -0.360542
    9 0.000000 4.246162 -0.018825 1.410975 -0.230297 1.645364
    10 4.195629 0.000000 0.000000 -0.149436 0.032430 -0.054507
    11 3.883152 0.000001 0.000000 -0.070763 0.011871 0.114744
    12 5.985943 0.000002 0.000000 -0.103870 0.001043 0.542346
    13 5.620499 0.000002 0.000000 3.430118 -0.034771 0.171990
    14 4.684906 0.000002 0.000000 0.243991 0.060198 0.664066
    15 4.268658 1.531894 1.575000 -0.692876 -1.428892 -0.983437
    16 5.782729 -0.000008 0.000001 -2.571030 -1.248991 -0.296799
    17 11.452765 0.000001 -0.000004 0.000000 0.000000 -1.546552
    18 10.945532 -0.000006 -0.000031 -0.401678 0.052372 0.490293
    19 3.147137 0.005676 -1.551344 0.025530 -0.101227 -0.750908
    20 1.585899 0.000000 0.000000 -0.132564 -0.211450 -0.566008
    21 0.849079 0.000000 0.000000 -0.054473 -0.175380 -0.302889
    22 3.471083 0.213272 -0.574067 0.123378 0.009627 -0.786314
    23 1.897537 -0.000008 0.000000 -0.098477 -0.176680 -0.512089
    24 1.014450 0.000004 0.000000 0.002415 0.009757 -0.242679
    25 3.750084 0.114773 0.430058 0.174782 0.047054 -0.472914
    26 2.258194 0.000000 0.000000 -0.121557 -0.078219 -1.001731
    27 1.210388 0.000008 0.000000 0.001897 0.012019 -0.156562
    28 3.868299 -0.166634 1.490139 0.187548 0.033957 -0.039240
    29 1.786062 0.000000 0.000000 0.048663 0.060672 -0.676684
    30 1.044445 -0.000004 0.000000 0.001276 0.038560 -0.401842
    31 1.121477 -1.351563 1.030997 1.693867 -0.344560 -0.124114
    32 1.928114 0.000000 -0.000004 -0.000001 -0.188118 0.059543
    33 1.285139 0.000000 0.000008 0.000000 -0.040646 0.196333
    34 4.268658 1.531896 -1.575000 0.604434 1.326160 -0.922961
    35 5.782726 0.000000 0.000000 1.878676 1.296357 -0.209090
    36 11.452768 -0.000001 0.000000 0.000000 0.000000 -2.104881
    37 10.945511 -0.000005 0.000015 -0.481569 0.363459 0.633641
    38 3.147156 0.000069 1.551353 -0.323009 -0.149789 -1.078844
    39 1.585901 -0.000008 0.000000 -0.128616 0.004989 -1.609350
    40 0.849083 0.000004 0.000000 0.054471 0.175379 -0.910373
    41 3.471104 0.211185 0.574834 -0.338335 -0.158825 -1.076444
    42 1.897535 0.000000 0.000000 0.047190 0.006501 -1.433989
    43 1.014454 0.000000 0.000000 -0.002415 -0.009755 -0.901518
    44 3.750103 0.116325 -0.429640 -0.351994 -0.189782 -0.975696
    45 2.258196 0.000008 0.000000 0.066384 -0.000264 -1.574762
    46 1.210384 0.000004 0.000000 -0.001896 -0.012017 -0.834506
    47 3.868322 -0.161243 -1.490732 -0.188178 -0.087701 -0.204766
    48 1.786062 -0.000008 0.000000 -0.051327 -0.064037 -0.676424
    49 1.044445 0.000004 -0.000001 -0.001277 -0.038560 -0.033101
    50 1.121500 -1.347832 -1.035882 -1.801955 0.200199 -0.546471
    51 1.928120 -0.000001 0.000000 0.000000 -0.225049 -0.494084
    52 1.285143 0.000000 0.000000 -0.000001 0.040644 -0.404248
    53 7.023272 -6.880002 4.339547 2.620672 -1.456011 -1.105365
    54 3.813803 -3.870654 0.998558 1.570796 -1.069638 0.199892
    55 0.000000 -0.000007 -0.000031 1.373047 0.113574 0.124314
    56 0.000000 -0.000007 -0.000034 1.373047 0.113574 0.124314
    57 2.998047 -1.612305 -1.022461 -1.501147 -0.272558 -1.578261
    58 2.000008 -3.000000 0.000000 -1.570796 0.000000 -1.326450
    59 3.349001 -1.370995 0.724999 1.977842 -0.088017 1.557794
    60 -0.000002 -0.000004 10.500000 0.000000 0.000000 0.000000
    61 0.018898 0.665158 9.395884 0.000000 0.000000 0.000000
    62 3.028212 -0.923409 -2.009451 1.574082 -0.012974 1.587244
    63 0.116951 4.311603 0.061861 0.000010 0.000000 0.000000
    64 0.000000 0.000000 0.000000 0.000000 0.000000 0.000000
    65 0.000000 1.000000 0.000008 0.000000 0.000000 0.000000
    66 0.000000 0.000000 0.000000 0.000000 0.000000 0.000000
    67 0.000000 0.000000 0.000000 0.000000 0.000000 0.000000
    68 0.000000 0.000000 0.000000 0.000000 0.000000 0.000000
    69 19.253853 0.000000 -0.000001 0.000000 0.000000 0.025253
    70 19.253841 0.000000 0.000000 0.000000 0.000000 0.025250
    71 5.884354 0.000000 0.000004 -0.126310 0.000000 0.000000
    72 11.768705 -0.000001 0.000000 -0.238428 0.000000 0.000000
    73 11.679201 0.000000 -0.000004 0.000000 0.000000 -0.161658
    74 5.837998 -0.735000 -0.525002 0.000000 0.000000 0.000000
    75 5.825531 2.661388 2.409388 -0.001945 -0.016320 -0.024506
    76 6.752561 4.039024 -0.341453 0.001435 0.018681 -0.019052
    77 7.652452 1.954227 -2.880674 0.034288 0.011731 0.007773
    78 11.768707 0.000001 0.000004 0.242666 0.000000 0.000000
    79 5.884352 0.000001 0.000000 0.128617 0.000000 0.000000
    80 11.679197 0.000000 0.000008 0.000000 0.000000 -0.161657
    81 5.837997 -0.641044 0.525002 -0.049483 0.000000 0.000000
    82 5.625286 3.107059 -2.433369 0.110853 0.082458 -0.006869
    83 6.677644 4.114117 0.449763 -0.008964 0.010245 -0.007166
    84 7.673524 1.768635 2.985535 -0.031931 0.006501 0.012462
    85 4.902687 0.655644 -8.954903 0.081942 0.003890 0.000160
    86 2.649670 8.412623 -3.003099 -1.828871 -1.111184 1.884926
    87 2.538502 8.321048 3.447679 1.536390 -1.079904 -1.522285
  time 1
    0 -0.156628 -4.333238 34.663091 1.561525 -0.031361 -0.246853
    1 3.806942 0.000000 0.000000 -1.832370 -0.169774 -1.524353
    2 19.263105 0.000000 0.000000 0.000000 0.000000 1.460986
    3 17.589100 0.000000 0.000000 -0.088967 0.084140 -1.100865
    4 6.240662 0.000000 0.000000 0.020475 -0.027733 -0.460960
    5 -3.806942 0.000000 0.000000 -1.669402 -0.762827 -1.530918
    6 19.263098 0.000000 0.000000 0.000000 0.000000 0.985972
    7 17.589096 0.000000 0.000000 0.095737 -0.007327 -1.413012
    8 6.240662 0.000000 0.000000 -0.112105 0.023881 -0.367835
    9 0.000000 4.246162 -0.018825 1.420346 -0.233893 1.644015
    10 4.195629 0.000000 0.000000 -0.140819 0.032370 -0.053562
    11 3.883152 0.000001 0.000000 -0.067038 0.011688 0.114299
    12 5.985943 0.000002 0.000000 -0.099340 0.004278 0.542485
    13 5.620499 0.000002 0.000000 3.426454 -0.037117 0.170484
    14 4.684906 0.000002 0.000000 0.241682 0.061911 0.663315
    15 4.268658 1.531894 1.575000 -0.647652 -1.435408 -1.032927
    16 5.782729 -0.000008 0.000001 -2.601936 -1.237445 -0.256232
    17 11.452765 0.000001 -0.000004 0.000000 0.000000 -1.544016
    18 10.945532 -0.000006 -0.000031 -0.416215 0.044363 0.489525
    19 3.147137 0.005676 -1.551344 0.025530 -0.101227 -0.750908
    20 1.585899 0.000000 0.000000 -0.132564 -0.211450 -0.566008
    21 0.849079 0.000000 0.000000 -0.054473 -0.175380 -0.302889
    22 3.471083 0.213272 -0.574067 0.123378 0.009627 -0.786314
    23 1.897537 -0.000008 0.000000 -0.098477 -0.176680 -0.512089
    24 1.014450 0.000004 0.000000 0.002415 0.009757 -0.242679
    25 3.750084 0.114773 0.430058 0.174782 0.047054 -0.472914
    26 2.258194 0.000000 0.000000 -0.121557 -0.078219 -1.001731
    27 1.210388 0.000008 0.000000 0.001897 0.012019 -0.156562
    28 3.868299 -0.166634 1.490139 0.187548 0.033957 -0.039240
    29 1.786062 0.000000 0.000000 0.048663 0.060672 -0.676684
    30 1.044445 -0.000004 0.000000 0.001276 0.038560 -0.401842
    31 1.121477 -1.351563 1.030997 1.693867 -0.344560 -0.124114
    32 1.928114 0.000000 -0.000004 -0.000001 -0.188118 0.059543
    33 1.285139 0.000000 0.000008 0.000000 -0.040646 0.196333
    34 4.268658 1.531896 -1.575000 0.628642 1.328484 -0.899681
    35 5.782726 0.000000 0.000000 1.893980 1.300979 -0.214157
    36 11.452768 -0.000001 0.000000 0.000000 0.000000 -2.097910
    37 10.945511 -0.000005 0.000015 -0.502158 0.341721 0.619234
    38 3.147156 0.000069 1.551353 -0.323009 -0.149789 -1.078844
    39 1.585901 -0.000008 0.000000 -0.128616 0.004989 -1.609350
    40 0.849083 0.000004 0.000000 0.054471 0.175379 -0.910373
    41 3.471104 0.211185 0.574834 -0.338335 -0.158825 -1.076444
    42 1.897535 0.000000 0.000000 0.047190 0.006501 -1.433989
    43 1.014454 0.000000 0.000000 -0.002415 -0.009755 -0.901518
    44 3.750103 0.116325 -0.429640 -0.351994 -0.189782 -0.975696
    45 2.258196 0.000008 0.000000 0.066384 -0.000264 -1.574762
    46 1.210384 0.000004 0.000000 -0.001896 -0.012017 -0.834506
    47 3.868322 -0.161243 -1.490732 -0.188178 -0.087701 -0.204766
    48 1.786062 -0.000008 0.000000 -0.051327 -0.064037 -0.676424
    49 1.044445 0.000004 -0.000001 -0.001277 -0.038560 -0.033101
    50 1.121500 -1.347832 -1.035882 -1.801955 0.200199 -0.546471
    51 1.928120 -0.000001 0.000000 0.000000 -0.225049 -0.494084
    52 1.285143 0.000000 0.000000 -0.000001 0.040644 -0.404248
    53 7.023272 -6.880002 4.339547 2.620672 -1.456011 -1.105365
    54 3.813803 -3.870654 0.998558 1.570796 -1.069638 0.199892
    55 0.000000 -0.000007 -0.000031 1.373047 0.113574 0.124314
    56 0.000000 -0.000007 -0.000034 1.373047 0.113574 0.124314
    57 2.998047 -1.612305 -1.022461 -1.501147 -0.272558 -1.578261
    58 2.000008 -3.000000 0.000000 -1.570796 0.000000 -1.326450
    59 3.349001 -1.370995 0.724999 1.977842 -0.088017 1.557794
    60 -0.000002 -0.000004 10.500000 0.000000 0.000000 0.000000
    61 0.018898 0.665158 9.395884 0.000000 0.000000 0.000000
    62 3.028212 -0.923409 -2.009451 1.574082 -0.012974 1.587244
    63 0.116951 4.311603 0.061861 0.000010 0.000000 0.000000
    64 0.000000 0.000000 0.000000 0.000000 0.000000 0.000000
    65 0.000000 1.000000 0.000008 0.000000 0.000000 0.000000
    66 0.000000 0.000000 0.000000 0.000000 0.000000 0.000000
    67 0.000000 0.000000 0.000000 0.000000 0.000000 0.000000
    68 0.000000 0.000000 0.000000 0.000000 0.000000 0.000000
    69 19.253853 0.000000 -0.000001 0.000000 0.000000 0.025253
    70 19.253841 0.000000 0.000000 0.000000 0.000000 0.025250
    71 5.884354 0.000000 0.000004 -0.126310 0.000000 0.000000
    72 11.768705 -0.000001 0.000000 -0.238428 0.000000 0.000000
    73 11.679201 0.000000 -0.000004 0.000000 0.000000 -0.161658
    74 5.837998 -0.735000 -0.525002 0.000000 0.000000 0.000000
    75 5.825531 2.661388 2.409388 -0.001945 -0.016320 -0.024506
    76 6.752561 4.039024 -0.341453 0.001435 0.018681 -0.019052
    77 7.652452 1.954227 -2.880674 0.034288 0.011731 0.007773
    78 11.768707 0.000001 0.000004 0.242666 0.000000 0.000000
    79 5.884352 0.000001 0.000000 0.128617 0.000000 0.000000
    80 11.679197 0.000000 0.000008 0.000000 0.000000 -0.161657
    81 5.837997 -0.641044 0.525002 -0.049483 0.000000 0.000000
    82 5.625286 3.107059 -2.433369 0.110853 0.082458 -0.006869
    83 6.677644 4.114117 0.449763 -0.008964 0.010245 -0.007166
    84 7.673524 1.768635 2.985535 -0.031931 0.006501 0.012462
    85 4.902687 0.655644 -8.954903 0.081942 0.003890 0.000160
    86 2.649670 8.412623 -3.003099 -1.828871 -1.111184 1.884926
    87 2.538502 8.321048 3.447679 1.536390 -1.079904 -1.522285
  time 2
    0 -0.238662 -6.756124 35.006852 1.584157 -0.030540 -0.266096
    1 3.806942 0.000000 0.000000 -1.886354 -0.332562 -1.480015
    2 19.263105 0.000000 0.000000 0.000000 0.000000 1.561557
    3 17.589100 0.000000 0.000000 -0.121945 0.011857 -1.231047
    4 6.240662 0.000000 0.000000 0.020475 -0.027733 -0.447637
    5 -3.806942 0.000000 0.000000 -1.649895 -0.735216 -1.551946
    6 19.263098 0.000000 0.000000 0.000000 0.000000 1.021160
    7 17.589096 0.000000 0.000000 0.102595 -0.040478 -1.482427
    8 6.240662 0.000000 0.000000 -0.112105 0.023869 -0.379147
    9 0.000000 4.246162 -0.018825 1.430729 -0.232725 1.638736
    10 4.195629 0.000000 0.000000 -0.131099 0.031723 -0.054209
    11 3.883152 0.000001 0.000000 -0.062699 0.011337 0.114313
    12 5.985943 0.000002 0.000000 -0.093144 0.010906 0.541614
    13 5.620499 0.000002 0.000000 3.424843 -0.036706 0.169988
    14 4.684906 0.000002 0.000000 0.239768 0.062607 0.662843
    15 4.268658 1.531894 1.575000 -0.624465 -1.445472 -1.054369
    16 5.782729 -0.000008 0.000001 -2.647631 -1.227082 -0.198156
    17 11.452765 0.000001 -0.000004 0.000000 0.000000 -1.542875
    18 10.945532 -0.000006 -0.000031 -0.427748 0.038100 0.491029
    19 3.147137 0.005676 -1.551344 0.025530 -0.101227 -0.750908
    20 1.585899 0.000000 0.000000 -0.132564 -0.211450 -0.566008
    21 0.849079 0.000000 0.000000 -0.054473 -0.175380 -0.302889
    22 3.471083 0.213272 -0.574067 0.123378 0.009627 -0.786314
    23 1.897537 -0.000008 0.000000 -0.098477 -0.176680 -0.512089
    24 1.014450 0.000004 0.000000 0.002415 0.009757 -0.242679
    25 3.750084 0.114773 0.430058 0.174782 0.047054 -0.472914
    26 2.258194 0.000000 0.000000 -0.121557 -0.078219 -1.001731
    27 1.210388 0.000008 0.000000 0.001897 0.012019 -0.156562
    28 3.868299 -0.166634 1.490139 0.187548 0.033957 -0.039240
    29 1.786062 0.000000 0.000000 0.048663 0.060672 -0.676684
    30 1.044445 -0.000004 0.000000 0.001276 0.038560 -0.401842
    31 1.121477 -1.351563 1.030997 1.693867 -0.344560 -0.124114
    32 1.928114 0.000000 -0.000004 -0.000001 -0.188118 0.059543
    33 1.285139 0.000000 0.000008 0.000000 -0.040646 0.196333
    34 4.268658 1.531896 -1.575000 0.669872 1.330200 -0.870813
    35 5.782726 0.000000 0.000000 1.874676 1.292646 -0.242599
    36 11.452768 -0.000001 0.000000 0.000000 0.000000 -2.097785
    37 10.945511 -0.000005 0.000015 -0.508887 0.335474 0.613243
    38 3.147156 0.000069 1.551353 -0.323009 -0.149789 -1.078844
    39 1.585901 -0.000008 0.000000 -0.128616 0.004989 -1.609350
    40 0.849083 0.000004 0.000000 0.054471 0.175379 -0.910373
    41 3.471104 0.211185 0.574834 -0.338335 -0.158825 -1.076444
    42 1.897535 0.000000 0.000000 0.047190 0.006501 -1.433989
    43 1.014454 0.000000 0.000000 -0.002415 -0.009755 -0.901518
    44 3.750103 0.116325 -0.429640 -0.351994 -0.189782 -0.975696
    45 2.258196 0.000008 0.000000 0.066384 -0.000264 -1.574762
    46 1.210384 0.000004 0.000000 -0.001896 -0.012017 -0.834506
    47 3.868322 -0.161243 -1.490732 -0.188178 -0.087701 -0.204766
    48 1.786062 -0.000008 0.000000 -0.051327 -0.064037 -0.676424
    49 1.044445 0.000004 -0.000001 -0.001277 -0.038560 -0.033101
    50 1.121500 -1.347832 -1.035882 -1.801955 0.200199 -0.546471
    51 1.928120 -0.000001 0.000000 0.000000 -0.225049 -0.494084
    52 1.285143 0.000000 0.000000 -0.000001 0.040644 -0.404248
    53 7.023272 -6.880002 4.339547 2.620672 -1.456011 -1.105365
    54 3.813803 -3.870654 0.998558 1.570796 -1.069638 0.199892
    55 0.000000 -0.000007 -0.000031 1.373047 0.113574 0.124314
    56 0.000000 -0.000007 -0.000034 1.373047 0.113574 0.124314
    57 2.998047 -1.612305 -1.022461 -1.501147 -0.272558 -1.578261
    58 2.000008 -3.000000 0.000000 -1.570796 0.000000 -1.326450
    59 3.349001 -1.370995 0.724999 1.977842 -0.088017 1.557794
    60 -0.000002 -0.000004 10.500000 0.000000 0.000000 0.000000
    61 0.018898 0.665158 9.395884 0.000000 0.000000 0.000000
    62 3.028212 -0.923409 -2.009451 1.574082 -0.012974 1.587244
    63 0.116951 4.311603 0.061861 0.000010 0.000000 0.000000
    64 0.000000 0.000000 0.000000 0.000000 0.000000 0.000000
    65 0.000000 1.000000 0.000008 0.000000 0.000000 0.000000
    66 0.000000 0.000000 0.000000 0.000000 0.000000 0.000000
    67 0.000000 0.000000 0.000000 0.000000 0.000000 0.000000
    68 0.000000 0.000000 0.000000 0.000000 0.000000 0.000000
    69 19.253853 0.000000 -0.000001 0.000000 0.000000 0.025253
    70 19.253841 0.000000 0.000000 0.000000 0.000000 0.025250
    71 5.884354 0.000000 0.000004 -0.126310 0.000000 0.000000
    72 11.768705 -0.000001 0.000000 -0.238428 0.000000 0.000000
    73 11.679201 0.000000 -0.000004 0.000000 0.000000 -0.161658
    74 5.837998 -0.735000 -0.525002 0.000000 0.000000 0.000000
    75 5.825531 2.661388 2.409388 -0.001945 -0.016320 -0.024506
    76 6.752561 4.039024 -0.341453 0.001435 0.018681 -0.019052
    77 7.652452 1.954227 -2.880674 0.034288 0.011731 0.007773
    78 11.768707 0.000001 0.000004 0.242666 0.000000 0.000000
    79 5.884352 0.000001 0.000000 0.128617 0.000000 0.000000
    80 11.679197 0.000000 0.000008 0.000000 0.000000 -0.161657
    81 5.837997 -0.641044 0.525002 -0.049483 0.000000 0.000000
    82 5.625286 3.107059 -2.433369 0.110853 0.082458 -0.006869
    83 6.677644 4.114117 0.449763 -0.008964 0.010245 -0.007166
    84 7.673524 1.768635 2.985535 -0.031931 0.006501 0.012462
    85 4.902687 0.655644 -8.954903 0.081942 0.003890 0.000160
    86 2.649670 8.412623 -3.003099 -1.828871 -1.111184 1.884926
    87 2.538502 8.321048 3.447679 1.536390 -1.079904 -1.522285
  time 3
    0 -0.305070 -9.067185 35.346706 1.610416 -0.027453 -0.286966
    1 3.806942 0.000000 0.000000 -1.954129 -0.494934 -1.420425
    2 19.263105 0.000000 0.000000 0.000000 0.000000 1.581867
    3 17.589100 0.000000 0.000000 -0.114678 -0.046928 -1.327516
    4 6.240662 0.000000 0.000000 0.020475 -0.027721 -0.495698
    5 -3.806942 0.000000 0.000000 -1.642735 -0.701799 -1.566908
    6 19.263098 0.000000 0.000000 0.000000 0.000000 1.033235
    7 17.589096 0.000000 0.000000 0.115946 -0.065633 -1.544076
    8 6.240662 0.000000 0.000000 -0.112105 0.023869 -0.396648
    9 0.000000 4.246162 -0.018825 1.443017 -0.232771 1.632135
    10 4.195629 0.000000 0.000000 -0.120913 0.030261 -0.055900
    11 3.883152 0.000001 0.000000 -0.058165 0.010680 0.111423
    12 5.985943 0.000002 0.000000 -0.086061 0.019667 0.539102
    13 5.620499 0.000002 0.000000 3.424219 -0.035959 0.166913
    14 4.684906 0.000002 0.000000 0.239433 0.061959 0.663908
    15 4.268658 1.531894 1.575000 -0.613350 -1.449237 -1.062505
    16 5.782729 -0.000008 0.000001 -2.687380 -1.219085 -0.147218
    17 11.452765 0.000001 -0.000004 0.000000 0.000000 -1.544650
    18 10.945532 -0.000006 -0.000031 -0.439582 0.034350 0.494581
    19 3.147137 0.005676 -1.551344 0.025530 -0.101227 -0.750908
    20 1.585899 0.000000 0.000000 -0.132564 -0.211450 -0.566008
    21 0.849079 0.000000 0.000000 -0.054473 -0.175380 -0.302889
    22 3.471083 0.213272 -0.574067 0.123378 0.009627 -0.786314
    23 1.897537 -0.000008 0.000000 -0.098477 -0.176680 -0.512089
    24 1.014450 0.000004 0.000000 0.002415 0.009757 -0.242679
    25 3.750084 0.114773 0.430058 0.174782 0.047054 -0.472914
    26 2.258194 0.000000 0.000000 -0.121557 -0.078219 -1.001731
    27 1.210388 0.000008 0.000000 0.001897 0.012019 -0.156562
    28 3.868299 -0.166634 1.490139 0.187548 0.033957 -0.039240
    29 1.786062 0.000000 0.000000 0.048663 0.060672 -0.676684
    30 1.044445 -0.000004 0.000000 0.001276 0.038560 -0.401842
    31 1.121477 -1.351563 1.030997 1.693867 -0.344560 -0.124114
    32 1.928114 0.000000 -0.000004 -0.000001 -0.188118 0.059543
    33 1.285139 0.000000 0.000008 0.000000 -0.040646 0.196333
    34 4.268658 1.531896 -1.575000 0.708359 1.323765 -0.844088
    35 5.782726 0.000000 0.000000 1.845199 1.286624 -0.278944
    36 11.452768 -0.000001 0.000000 0.000000 0.000000 -2.102578
    37 10.945511 -0.000005 0.000015 -0.509223 0.339522 0.612720
    38 3.147156 0.000069 1.551353 -0.323009 -0.149789 -1.078844
    39 1.585901 -0.000008 0.000000 -0.128616 0.004989 -1.609350
    40 0.849083 0.000004 0.000000 0.054471 0.175379 -0.910373
    41 3.471104 0.211185 0.574834 -0.338335 -0.158825 -1.076444
    42 1.897535 0.000000 0.000000 0.047190 0.006501 -1.433989
    43 1.014454 0.000000 0.000000 -0.002415 -0.009755 -0.901518
    44 3.750103 0.116325 -0.429640 -0.351994 -0.189782 -0.975696
    45 2.258196 0.000008 0.000000 0.066384 -0.000264 -1.574762
    46 1.210384 0.000004 0.000000 -0.001896 -0.012017 -0.834506
    47 3.868322 -0.161243 -1.490732 -0.188178 -0.087701 -0.204766
    48 1.786062 -0.000008 0.000000 -0.051327 -0.064037 -0.676424
    49 1.044445 0.000004 -0.000001 -0.001277 -0.038560 -0.033101
    50 1.121500 -1.347832 -1.035882 -1.801955 0.200199 -0.546471
    51 1.928120 -0.000001 0.000000 0.000000 -0.225049 -0.494084
    52 1.285143 0.000000 0.000000 -0.000001 0.040644 -0.404248
    53 7.023272 -6.880002 4.339547 2.620672 -1.456011 -1.105365
    54 3.813803 -3.870654 0.998558 1.570796 -1.069638 0.199892
    55 0.000000 -0.000007 -0.000031 1.373047 0.113574 0.124314
    56 0.000000 -0.000007 -0.000034 1.373047 0.113574 0.124314
    57 2.998047 -1.612305 -1.022461 -1.501147 -0.272558 -1.578261
    58 2.000008 -3.000000 0.000000 -1.570796 0.000000 -1.326450
    59 3.349001 -1.370995 0.724999 1.977842 -0.088017 1.557794
    60 -0.000002 -0.000004 10.500000 0.000000 0.000000 0.000000
    61 0.018898 0.665158 9.395884 0.000000 0.000000 0.000000
    62 3.028212 -0.923409 -2.009451 1.574082 -0.012974 1.587244
    63 0.116951 4.311603 0.061861 0.000010 0.000000 0.000000
    64 0.000000 0.000000 0.000000 0.000000 0.000000 0.000000
    65 0.000000 1.000000 0.000008 0.000000 0.000000 0.000000
    66 0.000000 0.000000 0.000000 0.000000 0.000000 0.000000
    67 0.000000 0.000000 0.000000 0.000000 0.000000 0.000000
    68 0.000000 0.000000 0.000000 0.000000 0.000000 0.000000
    69 19.253853 0.000000 -0.000001 0.000000 0.000000 0.025253
    70 19.253841 0.000000 0.000000 0.000000 0.000000 0.025250
    71 5.884354 0.000000 0.000004 -0.126310 0.000000 0.000000
    72 11.768705 -0.000001 0.000000 -0.238428 0.000000 0.000000
    73 11.679201 0.000000 -0.000004 0.000000 0.000000 -0.161658
    74 5.837998 -0.735000 -0.525002 0.000000 0.000000 0.000000
    75 5.825531 2.661388 2.409388 -0.001945 -0.016320 -0.024506
    76 6.752561 4.039024 -0.341453 0.001435 0.018681 -0.019052
    77 7.652452 1.954227 -2.880674 0.034288 0.011731 0.007773
    78 11.768707 0.000001 0.000004 0.242666 0.000000 0.000000
    79 5.884352 0.000001 0.000000 0.128617 0.000000 0.000000
    80 11.679197 0.000000 0.000008 0.000000 0.000000 -0.161657
    81 5.837997 -0.641044 0.525002 -0.049483 0.000000 0.000000
    82 5.625286 3.107059 -2.433369 0.110853 0.082458 -0.006869
    83 6.677644 4.114117 0.449763 -0.008964 0.010245 -0.007166
    84 7.673524 1.768635 2.985535 -0.031931 0.006501 0.012462
    85 4.902687 0.655644 -8.954903 0.081942 0.003890 0.000160
    86 2.649670 8.412623 -3.003099 -1.828871 -1.111184 1.884926
    87 2.538502 8.321048 3.447679 1.536390 -1.079904 -1.522285
  time 4
    0 -0.363666 -11.331651 35.612339 1.636781 -0.020426 -0.310901
    1 3.806942 0.000000 0.000000 -2.025252 -0.638717 -1.342735
    2 19.263105 0.000000 0.000000 0.000000 0.000000 1.522435
    3 17.589100 0.000000 0.000000 -0.122579 -0.062055 -1.396077
    4 6.240662 0.000000 0.000000 0.020475 -0.027721 -0.498993
    5 -3.806942 0.000000 0.000000 -1.645512 -0.664451 -1.574129
    6 19.263098 0.000000 0.000000 0.000000 0.000000 1.033718
    7 17.589096 0.000000 0.000000 0.127546 -0.082930 -1.602409
    8 6.240662 0.000000 0.000000 -0.112105 0.023869 -0.408315
    9 0.000000 4.246162 -0.018825 1.458571 -0.233320 1.624499
    10 4.195629 0.000000 0.000000 -0.110977 0.027672 -0.058871
    11 3.883152 0.000001 0.000000 -0.053802 0.010038 0.106910
    12 5.985943 0.000002 0.000000 -0.078379 0.031100 0.536969
    13 5.620499 0.000002 0.000000 3.426333 -0.033278 0.165221
    14 4.684906 0.000002 0.000000 0.240242 0.061300 0.663035
    15 4.268658 1.531894 1.575000 -0.613925 -1.449708 -1.069110
    16 5.782729 -0.000008 0.000001 -2.689727 -1.216037 -0.137030
    17 11.452765 0.000001 -0.000004 0.000000 0.000000 -1.544587
    18 10.945532 -0.000006 -0.000031 -0.450155 0.033731 0.498325
    19 3.147137 0.005676 -1.551344 0.025530 -0.101227 -0.750908
    20 1.585899 0.000000 0.000000 -0.132564 -0.211450 -0.566008
    21 0.849079 0.000000 0.000000 -0.054473 -0.175380 -0.302889
    22 3.471083 0.213272 -0.574067 0.123378 0.009627 -0.786314
    23 1.897537 -0.000008 0.000000 -0.098477 -0.176680 -0.512089
    24 1.014450 0.000004 0.000000 0.002415 0.009757 -0.242679
    25 3.750084 0.114773 0.430058 0.174782 0.047054 -0.472914
    26 2.258194 0.000000 0.000000 -0.121557 -0.078219 -1.001731
    27 1.210388 0.000008 0.000000 0.001897 0.012019 -0.156562
    28 3.868299 -0.166634 1.490139 0.187548 0.033957 -0.039240
    29 1.786062 0.000000 0.000000 0.048663 0.060672 -0.676684
    30 1.044445 -0.000004 0.000000 0.001276 0.038560 -0.401842
    31 1.121477 -1.351563 1.030997 1.693867 -0.344560 -0.124114
    32 1.928114 0.000000 -0.000004 -0.000001 -0.188118 0.059543
    33 1.285139 0.000000 0.000008 0.000000 -0.040646 0.196333
    34 4.268658 1.531896 -1.575000 0.738335 1.311967 -0.805442
    35 5.782726 0.000000 0.000000 1.900153 1.283053 -0.233411
    36 11.452768 -0.000001 0.000000 0.000000 0.000000 -2.112972
    37 10.945511 -0.000005 0.000015 -0.499669 0.345069 0.624512
    38 3.147156 0.000069 1.551353 -0.323009 -0.149789 -1.078844
    39 1.585901 -0.000008 0.000000 -0.128616 0.004989 -1.609350
    40 0.849083 0.000004 0.000000 0.054471 0.175379 -0.910373
    41 3.471104 0.211185 0.574834 -0.338335 -0.158825 -1.076444
    42 1.897535 0.000000 0.000000 0.047190 0.006501 -1.433989
    43 1.014454 0.000000 0.000000 -0.002415 -0.009755 -0.901518
    44 3.750103 0.116325 -0.429640 -0.351994 -0.189782 -0.975696
    45 2.258196 0.000008 0.000000 0.066384 -0.000264 -1.574762
    46 1.210384 0.000004 0.000000 -0.001896 -0.012017 -0.834506
    47 3.868322 -0.161243 -1.490732 -0.188178 -0.087701 -0.204766
    48 1.786062 -0.000008 0.000000 -0.051327 -0.064037 -0.676424
    49 1.044445 0.000004 -0.000001 -0.001277 -0.038560 -0.033101
    50 1.121500 -1.347832 -1.035882 -1.801955 0.200199 -0.546471
    51 1.928120 -0.000001 0.000000 0.000000 -0.225049 -0.494084
    52 1.285143 0.000000 0.000000 -0.000001 0.040644 -0.404248
    53 7.023272 -6.880002 4.339547 2.620672 -1.456011 -1.105365
    54 3.813803 -3.870654 0.998558 1.570796 -1.069638 0.199892
    55 0.000000 -0.000007 -0.000031 1.373047 0.113574 0.124314
    56 0.000000 -0.000007 -0.000034 1.373047 0.113574 0.124314
    57 2.998047 -1.612305 -1.022461 -1.501147 -0.272558 -1.578261
    58 2.000008 -3.000000 0.000000 -1.570796 0.000000 -1.326450
    59 3.349001 -1.370995 0.724999 1.977842 -0.088017 1.557794
    60 -0.000002 -0.000004 10.500000 0.000000 0.000000 0.000000
    61 0.018898 0.665158 9.395884 0.000000 0.000000 0.000000
    62 3.028212 -0.923409 -2.009451 1.574082 -0.012974 1.587244
    63 0.116951 4.311603 0.061861 0.000010 0.000000 0.000000
    64 0.000000 0.000000 0.000000 0.000000 0.000000 0.000000
    65 0.000000 1.000000 0.000008 0.000000 0.000000 0.000000
    66 0.000000 0.000000 0.000000 0.000000 0.000000 0.000000
    67 0.000000 0.000000 0.000000 0.000000 0.000000 0.000000
    68 0.000000 0.000000 0.000000 0.000000 0.000000 0.000000
    69 19.253853 0.000000 -0.000001 0.000000 0.000000 0.025253
    70 19.253841 0.000000 0.000000 0.000000 0.000000 0.025250
    71 5.884354 0.000000 0.000004 -0.126310 0.000000 0.000000
    72 11.768705 -0.000001 0.000000 -0.238428 0.000000 0.000000
    73 11.679201 0.000000 -0.000004 0.000000 0.000000 -0.161658
    74 5.837998 -0.735000 -0.525002 0.000000 0.000000 0.000000
    75 5.825531 2.661388 2.409388 -0.001945 -0.016320 -0.024506
    76 6.752561 4.039024 -0.341453 0.001435 0.018681 -0.019052
    77 7.652452 1.954227 -2.880674 0.034288 0.011731 0.007773
    78 11.768707 0.000001 0.000004 0.242666 0.000000 0.000000
    79 5.884352 0.000001 0.000000 0.128617 0.000000 0.000000
    80 11.679197 0.000000 0.000008 0.000000 0.000000 -0.161657
    81 5.837997 -0.641044 0.525002 -0.049483 0.000000 0.000000
    82 5.625286 3.107059 -2.433369 0.110853 0.082458 -0.006869
    83 6.677644 4.114117 0.449763 -0.008964 0.010245 -0.007166
    84 7.673524 1.768635 2.985535 -0.031931 0.006501 0.012462
    85 4.902687 0.655644 -8.954903 0.081942 0.003890 0.000160
    86 2.649670 8.412623 -3.003099 -1.828871 -1.111184 1.884926
    87 2.538502 8.321048 3.447679 1.536390 -1.079904 -1.522285
  time 5
    0 -0.367572 -13.782494 35.854534 1.659014 -0.016288 -0.334548
    1 3.806942 0.000000 0.000000 -2.090682 -0.744490 -1.266734
    2 19.263105 0.000000 0.000000 0.000000 0.000000 1.396282
    3 17.589100 0.000000 0.000000 -0.128959 -0.050925 -1.440619
    4 6.240662 0.000000 0.000000 0.020475 -0.027733 -0.479167
    5 -3.806942 0.000000 0.000000 -1.647776 -0.614394 -1.590247
    6 19.263098 0.000000 0.000000 0.000000 0.000000 1.024748
    7 17.589096 0.000000 0.000000 0.137371 -0.097936 -1.660643
    8 6.240662 0.000000 0.000000 -0.112105 0.023869 -0.410523
    9 0.000000 4.246162 -0.018825 1.471462 -0.229816 1.616168
    10 4.195629 0.000000 0.000000 -0.103331 0.024880 -0.061718
    11 3.883152 0.000001 0.000000 -0.050321 0.008999 0.104768
    12 5.985943 0.000002 0.000000 -0.073250 0.037200 0.534836
    13 5.620499 0.000002 0.000000 3.431527 -0.028737 0.162876
    14 4.684906 0.000002 0.000000 0.243379 0.059826 0.662983
    15 4.268658 1.531894 1.575000 -0.633854 -1.449020 -1.053699
    16 5.782729 -0.000008 0.000001 -2.681433 -1.217973 -0.151854
    17 11.452765 0.000001 -0.000004 0.000000 0.000000 -1.550166
    18 10.945532 -0.000006 -0.000031 -0.450155 0.034532 0.504470
    19 3.147137 0.005676 -1.551344 0.025530 -0.101227 -0.750908
    20 1.585899 0.000000 0.000000 -0.132564 -0.211450 -0.566008
    21 0.849079 0.000000 0.000000 -0.054473 -0.175380 -0.302889
    22 3.471083 0.213272 -0.574067 0.123378 0.009627 -0.786314
    23 1.897537 -0.000008 0.000000 -0.098477 -0.176680 -0.512089
    24 1.014450 0.000004 0.000000 0.002415 0.009757 -0.242679
    25 3.750084 0.114773 0.430058 0.174782 0.047054 -0.472914
    26 2.258194 0.000000 0.000000 -0.121557 -0.078219 -1.001731
    27 1.210388 0.000008 0.000000 0.001897 0.012019 -0.156562
    28 3.868299 -0.166634 1.490139 0.187548 0.033957 -0.039240
    29 1.786062 0.000000 0.000000 0.048663 0.060672 -0.676684
    30 1.044445 -0.000004 0.000000 0.001276 0.038560 -0.401842
    31 1.121477 -1.351563 1.030997 1.693867 -0.344560 -0.124114
    32 1.928114 0.000000 -0.000004 -0.000001 -0.188118 0.059543
    33 1.285139 0.000000 0.000008 0.000000 -0.040646 0.196333
    34 4.268658 1.531896 -1.575000 0.748737 1.310394 -0.792964
    35 5.782726 0.000000 0.000000 1.956847 1.275140 -0.175717
    36 11.452768 -0.000001 0.000000 0.000000 0.000000 -2.122807
    37 10.945511 -0.000005 0.000015 -0.485942 0.343470 0.640060
    38 3.147156 0.000069 1.551353 -0.323009 -0.149789 -1.078844
    39 1.585901 -0.000008 0.000000 -0.128616 0.004989 -1.609350
    40 0.849083 0.000004 0.000000 0.054471 0.175379 -0.910373
    41 3.471104 0.211185 0.574834 -0.338335 -0.158825 -1.076444
    42 1.897535 0.000000 0.000000 0.047190 0.006501 -1.433989
    43 1.014454 0.000000 0.000000 -0.002415 -0.009755 -0.901518
    44 3.750103 0.116325 -0.429640 -0.351994 -0.189782 -0.975696
    45 2.258196 0.000008 0.000000 0.066384 -0.000264 -1.574762
    46 1.210384 0.000004 0.000000 -0.001896 -0.012017 -0.834506
    47 3.868322 -0.161243 -1.490732 -0.188178 -0.087701 -0.204766
    48 1.786062 -0.000008 0.000000 -0.051327 -0.064037 -0.676424
    49 1.044445 0.000004 -0.000001 -0.001277 -0.038560 -0.033101
    50 1.121500 -1.347832 -1.035882 -1.801955 0.200199 -0.546471
    51 1.928120 -0.000001 0.000000 0.000000 -0.225049 -0.494084
    52 1.285143 0.000000 0.000000 -0.000001 0.040644 -0.404248
    53 7.023272 -6.880002 4.339547 2.620672 -1.456011 -1.105365
    54 3.813803 -3.870654 0.998558 1.570796 -1.069638 0.199892
    55 0.000000 -0.000007 -0.000031 1.373047 0.113574 0.124314
    56 0.000000 -0.000007 -0.000034 1.373047 0.113574 0.124314
    57 2.998047 -1.612305 -1.022461 -1.501147 -0.272558 -1.578261
    58 2.000008 -3.000000 0.000000 -1.570796 0.000000 -1.326450
    59 3.349001 -1.370995 0.724999 1.977842 -0.088017 1.557794
    60 -0.000002 -0.000004 10.500000 0.000000 0.000000 0.000000
    61 0.018898 0.665158 9.395884 0.000000 0.000000 0.000000
    62 3.028212 -0.923409 -2.009451 1.574082 -0.012974 1.587244
    63 0.116951 4.311603 0.061861 0.000010 0.000000 0.000000
    64 0.000000 0.000000 0.000000 0.000000 0.000000 0.000000
    65 0.000000 1.000000 0.000008 0.000000 0.000000 0.000000
    66 0.000000 0.000000 0.000000 0.000000 0.000000 0.000000
    67 0.000000 0.000000 0.000000 0.000000 0.000000 0.000000
    68 0.000000 0.000000 0.000000 0.000000 0.000000 0.000000
    69 19.253853 0.000000 -0.000001 0.000000 0.000000 0.025253
    70 19.253841 0.000000 0.000000 0.000000 0.000000 0.025250
    71 5.884354 0.000000 0.000004 -0.126310 0.000000 0.000000
    72 11.768705 -0.000001 0.000000 -0.238428 0.000000 0.000000
    73 11.679201 0.000000 -0.000004 0.000000 0.000000 -0.161658
    74 5.837998 -0.735000 -0.525002 0.000000 0.000000 0.000000
    75 5.825531 2.661388 2.409388 -0.001945 -0.016320 -0.024506
    76 6.752561 4.039024 -0.341453 0.001435 0.018681 -0.019052
    77 7.652452 1.954227 -2.880674 0.034288 0.011731 0.007773
    78 11.768707 0.000001 0.000004 0.242666 0.000000 0.000000
    79 5.884352 0.000001 0.000000 0.128617 0.000000 0.000000
    80 11.679197 0.000000 0.000008 0.000000 0.000000 -0.161657
    81 5.837997 -0.641044 0.525002 -0.049483 0.000000 0.000000
    82 5.625286 3.107059 -2.433369 0.110853 0.082458 -0.006869
    83 6.677644 4.114117 0.449763 -0.008964 0.010245 -0.007166
    84 7.673524 1.768635 2.985535 -0.031931 0.006501 0.012462
    85 4.902687 0.655644 -8.954903 0.081942 0.003890 0.000160
    86 2.649670 8.412623 -3.003099 -1.828871 -1.111184 1.884926
    87 2.538502 8.321048 3.447679 1.536390 -1.079904 -1.522285
  time 6
    0 -0.324602 -16.298568 36.006882 1.674031 -0.012774 -0.357620
    1 3.806942 0.000000 0.000000 -2.138302 -0.805749 -1.202607
    2 19.263105 0.000000 0.000000 0.000000 0.000000 1.202885
    3 17.589100 0.000000 0.000000 -0.144487 -0.023346 -1.453613
    4 6.240662 0.000000 0.000000 0.020475 -0.027733 -0.464544
    5 -3.806942 0.000000 0.000000 -1.648653 -0.553001 -1.611680
    6 19.263098 0.000000 0.000000 0.000000 0.000000 1.005843
    7 17.589096 0.000000 0.000000 0.144253 -0.111636 -1.709773
    8 6.240662 0.000000 0.000000 -0.112105 0.023869 -0.414859
    9 0.000000 4.246162 -0.018825 1.482331 -0.227983 1.608139
    10 4.195629 0.000000 0.000000 -0.097387 0.021620 -0.063135
    11 3.883152 0.000001 0.000000 -0.047576 0.007257 0.102209
    12 5.985943 0.000002 0.000000 -0.069355 0.041646 0.531049
    13 5.620499 0.000002 0.000000 3.435272 -0.028844 0.163187
    14 4.684906 0.000002 0.000000 0.247582 0.058196 0.662965
    15 4.268658 1.531894 1.575000 -0.610763 -1.451047 -1.072460
    16 5.782729 -0.000008 0.000001 -2.701542 -1.206893 -0.127758
    17 11.452765 0.000001 -0.000004 0.000000 0.000000 -1.558725
    18 10.945532 -0.000006 -0.000031 -0.463250 0.030418 0.513911
    19 3.147137 0.005676 -1.551344 0.025530 -0.101227 -0.750908
    20 1.585899 0.000000 0.000000 -0.132564 -0.211450 -0.566008
    21 0.849079 0.000000 0.000000 -0.054473 -0.175380 -0.302889
    22 3.471083 0.213272 -0.574067 0.123378 0.009627 -0.786314
    23 1.897537 -0.000008 0.000000 -0.098477 -0.176680 -0.512089
    24 1.014450 0.000004 0.000000 0.002415 0.009757 -0.242679
    25 3.750084 0.114773 0.430058 0.174782 0.047054 -0.472914
    26 2.258194 0.000000 0.000000 -0.121557 -0.078219 -1.001731
    27 1.210388 0.000008 0.000000 0.001897 0.012019 -0.156562
    28 3.868299 -0.166634 1.490139 0.187548 0.033957 -0.039240
    29 1.786062 0.000000 0.000000 0.048663 0.060672 -0.676684
    30 1.044445 -0.000004 0.000000 0.001276 0.038560 -0.401842
    31 1.121477 -1.351563 1.030997 1.693867 -0.344560 -0.124114
    32 1.928114 0.000000 -0.000004 -0.000001 -0.188118 0.059543
    33 1.285139 0.000000 0.000008 0.000000 -0.040646 0.196333
    34 4.268658 1.531896 -1.575000 0.766610 1.299883 -0.775457
    35 5.782726 0.000000 0.000000 1.983194 1.275735 -0.155922
    36 11.452768 -0.000001 0.000000 0.000000 0.000000 -2.126479
    37 10.945511 -0.000005 0.000015 -0.479618 0.337723 0.641914
    38 3.147156 0.000069 1.551353 -0.323009 -0.149789 -1.078844
    39 1.585901 -0.000008 0.000000 -0.128616 0.004989 -1.609350
    40 0.849083 0.000004 0.000000 0.054471 0.175379 -0.910373
    41 3.471104 0.211185 0.574834 -0.338335 -0.158825 -1.076444
    42 1.897535 0.000000 0.000000 0.047190 0.006501 -1.433989
    43 1.014454 0.000000 0.000000 -0.002415 -0.009755 -0.901518
    44 3.750103 0.116325 -0.429640 -0.351994 -0.189782 -0.975696
    45 2.258196 0.000008 0.000000 0.066384 -0.000264 -1.574762
    46 1.210384 0.000004 0.000000 -0.001896 -0.012017 -0.834506
    47 3.868322 -0.161243 -1.490732 -0.188178 -0.087701 -0.204766
    48 1.786062 -0.000008 0.000000 -0.051327 -0.064037 -0.676424
    49 1.044445 0.000004 -0.000001 -0.001277 -0.038560 -0.033101
    50 1.121500 -1.347832 -1.035882 -1.801955 0.200199 -0.546471
    51 1.928120 -0.000001 0.000000 0.000000 -0.225049 -0.494084
    52 1.285143 0.000000 0.000000 -0.000001 0.040644 -0.404248
    53 7.023272 -6.880002 4.339547 2.620672 -1.456011 -1.105365
    54 3.813803 -3.870654 0.998558 1.570796 -1.069638 0.199892
    55 0.000000 -0.000007 -0.000031 1.373047 0.113574 0.124314
    56 0.000000 -0.000007 -0.000034 1.373047 0.113574 0.124314
    57 2.998047 -1.612305 -1.022461 -1.501147 -0.272558 -1.578261
    58 2.000008 -3.000000 0.000000 -1.570796 0.000000 -1.326450
    59 3.349001 -1.370995 0.724999 1.977842 -0.088017 1.557794
    60 -0.000002 -0.000004 10.500000 0.000000 0.000000 0.000000
    61 0.018898 0.665158 9.395884 0.000000 0.000000 0.000000
    62 3.028212 -0.923409 -2.009451 1.574082 -0.012974 1.587244
    63 0.116951 4.311603 0.061861 0.000010 0.000000 0.000000
    64 0.000000 0.000000 0.000000 0.000000 0.000000 0.000000
    65 0.000000 1.000000 0.000008 0.000000 0.000000 0.000000
    66 0.000000 0.000000 0.000000 0.000000 0.000000 0.000000
    67 0.000000 0.000000 0.000000 0.000000 0.000000 0.000000
    68 0.000000 0.000000 0.000000 0.000000 0.000000 0.000000
    69 19.253853 0.000000 -0.000001 0.000000 0.000000 0.025253
    70 19.253841 0.000000 0.000000 0.000000 0.000000 0.025250
    71 5.884354 0.000000 0.000004 -0.126310 0.000000 0.000000
    72 11.768705 -0.000001 0.000000 -0.238428 0.000000 0.000000
    73 11.679201 0.000000 -0.000004 0.000000 0.000000 -0.161658
    74 5.837998 -0.735000 -0.525002 0.000000 0.000000 0.000000
    75 5.825531 2.661388 2.409388 -0.001945 -0.016320 -0.024506
    76 6.752561 4.039024 -0.341453 0.001435 0.018681 -0.019052
    77 7.652452 1.954227 -2.880674 0.034288 0.011731 0.007773
    78 11.768707 0.000001 0.000004 0.242666 0.000000 0.000000
    79 5.884352 0.000001 0.000000 0.128617 0.000000 0.000000
    80 11.679197 0.000000 0.000008 0.000000 0.000000 -0.161657
    81 5.837997 -0.641044 0.525002 -0.049483 0.000000 0.000000
    82 5.625286 3.107059 -2.433369 0.110853 0.082458 -0.006869
    83 6.677644 4.114117 0.449763 -0.008964 0.010245 -0.007166
    84 7.673524 1.768635 2.985535 -0.031931 0.006501 0.012462
    85 4.902687 0.655644 -8.954903 0.081942 0.003890 0.000160
    86 2.649670 8.412623 -3.003099 -1.828871 -1.111184 1.884926
    87 2.538502 8.321048 3.447679 1.536390 -1.079904 -1.522285
  time 7
    0 -0.266006 -18.945105 36.010789 1.674010 -0.008275 -0.381650
    1 3.806942 0.000000 0.000000 -2.160242 -0.817419 -1.160805
    2 19.263105 0.000000 0.000000 0.000000 0.000000 0.967633
    3 17.589100 0.000000 0.000000 -0.140008 -0.001086 -1.444114
    4 6.240662 0.000000 0.000000 0.020475 -0.027733 -0.458561
    5 -3.806942 0.000000 0.000000 -1.655009 -0.473413 -1.633747
    6 19.263098 0.000000 0.000000 0.000000 0.000000 0.983212
    7 17.589096 0.000000 0.000000 0.155610 -0.121579 -1.758112
    8 6.240662 0.000000 0.000000 -0.112105 0.023869 -0.421757
    9 0.000000 4.246162 -0.018825 1.493724 -0.231076 1.601695
    10 4.195629 0.000000 0.000000 -0.092821 0.017102 -0.062215
    11 3.883152 0.000001 0.000000 -0.045517 0.005134 0.100239
    12 5.985943 0.000002 0.000000 -0.066694 0.044475 0.528487
    13 5.620499 0.000002 0.000000 3.436762 -0.033293 0.170997
    14 4.684906 0.000002 0.000000 0.251055 0.058064 0.658214
    15 4.268658 1.531894 1.575000 -0.535932 -1.459156 -1.139563
    16 5.782729 -0.000008 0.000001 -2.735266 -1.192191 -0.080663
    17 11.452765 0.000001 -0.000004 0.000000 0.000000 -1.563607
    18 10.945532 -0.000006 -0.000031 -0.475445 0.026377 0.521687
    19 3.147137 0.005676 -1.551344 0.025530 -0.101227 -0.750908
    20 1.585899 0.000000 0.000000 -0.132564 -0.211450 -0.566008
    21 0.849079 0.000000 0.000000 -0.054473 -0.175380 -0.302889
    22 3.471083 0.213272 -0.574067 0.123378 0.009627 -0.786314
    23 1.897537 -0.000008 0.000000 -0.098477 -0.176680 -0.512089
    24 1.014450 0.000004 0.000000 0.002415 0.009757 -0.242679
    25 3.750084 0.114773 0.430058 0.174782 0.047054 -0.472914
    26 2.258194 0.000000 0.000000 -0.121557 -0.078219 -1.001731
    27 1.210388 0.000008 0.000000 0.001897 0.012019 -0.156562
    28 3.868299 -0.166634 1.490139 0.187548 0.033957 -0.039240
    29 1.786062 0.000000 0.000000 0.048663 0.060672 -0.676684
    30 1.044445 -0.000004 0.000000 0.001276 0.038560 -0.401842
    31 1.121477 -1.351563 1.030997 1.693867 -0.344560 -0.124114
    32 1.928114 0.000000 -0.000004 -0.000001 -0.188118 0.059543
    33 1.285139 0.000000 0.000008 0.000000 -0.040646 0.196333
    34 4.268658 1.531896 -1.575000 0.790723 1.293769 -0.749290
    35 5.782726 0.000000 0.000000 1.996758 1.275245 -0.148018
    36 11.452768 -0.000001 0.000000 0.000000 0.000000 -2.126666
    37 10.945511 -0.000005 0.000015 -0.478541 0.335424 0.636827
    38 3.147156 0.000069 1.551353 -0.323009 -0.149789 -1.078844
    39 1.585901 -0.000008 0.000000 -0.128616 0.004989 -1.609350
    40 0.849083 0.000004 0.000000 0.054471 0.175379 -0.910373
    41 3.471104 0.211185 0.574834 -0.338335 -0.158825 -1.076444
    42 1.897535 0.000000 0.000000 0.047190 0.006501 -1.433989
    43 1.014454 0.000000 0.000000 -0.002415 -0.009755 -0.901518
    44 3.750103 0.116325 -0.429640 -0.351994 -0.189782 -0.975696
    45 2.258196 0.000008 0.000000 0.066384 -0.000264 -1.574762
    46 1.210384 0.000004 0.000000 -0.001896 -0.012017 -0.834506
    47 3.868322 -0.161243 -1.490732 -0.188178 -0.087701 -0.204766
    48 1.786062 -0.000008 0.000000 -0.051327 -0.064037 -0.676424
    49 1.044445 0.000004 -0.000001 -0.001277 -0.038560 -0.033101
    50 1.121500 -1.347832 -1.035882 -1.801955 0.200199 -0.546471
    51 1.928120 -0.000001 0.000000 0.000000 -0.225049 -0.494084
    52 1.285143 0.000000 0.000000 -0.000001 0.040644 -0.404248
    53 7.023272 -6.880002 4.339547 2.620672 -1.456011 -1.105365
    54 3.813803 -3.870654 0.998558 1.570796 -1.069638 0.199892
    55 0.000000 -0.000007 -0.000031 1.373047 0.113574 0.124314
    56 0.000000 -0.000007 -0.000034 1.373047 0.113574 0.124314
    57 2.998047 -1.612305 -1.022461 -1.501147 -0.272558 -1.578261
    58 2.000008 -3.000000 0.000000 -1.570796 0.000000 -1.326450
    59 3.349001 -1.370995 0.724999 1.977842 -0.088017 1.557794
    60 -0.000002 -0.000004 10.500000 0.000000 0.000000 0.000000
    61 0.018898 0.665158 9.395884 0.000000 0.000000 0.000000
    62 3.028212 -0.923409 -2.009451 1.574082 -0.012974 1.587244
    63 0.116951 4.311603 0.061861 0.000010 0.000000 0.000000
    64 0.000000 0.000000 0.000000 0.000000 0.000000 0.000000
    65 0.000000 1.000000 0.000008 0.000000 0.000000 0.000000
    66 0.000000 0.000000 0.000000 0.000000 0.000000 0.000000
    67 0.000000 0.000000 0.000000 0.000000 0.000000 0.000000
    68 0.000000 0.000000 0.000000 0.000000 0.000000 0.000000
    69 19.253853 0.000000 -0.000001 0.000000 0.000000 0.025253
    70 19.253841 0.000000 0.000000 0.000000 0.000000 0.025250
    71 5.884354 0.000000 0.000004 -0.126310 0.000000 0.000000
    72 11.768705 -0.000001 0.000000 -0.238428 0.000000 0.000000
    73 11.679201 0.000000 -0.000004 0.000000 0.000000 -0.161658
    74 5.837998 -0.735000 -0.525002 0.000000 0.000000 0.000000
    75 5.825531 2.661388 2.409388 -0.001945 -0.016320 -0.024506
    76 6.752561 4.039024 -0.341453 0.001435 0.018681 -0.019052
    77 7.652452 1.954227 -2.880674 0.034288 0.011731 0.007773
    78 11.768707 0.000001 0.000004 0.242666 0.000000 0.000000
    79 5.884352 0.000001 0.000000 0.128617 0.000000 0.000000
    80 11.679197 0.000000 0.000008 0.000000 0.000000 -0.161657
    81 5.837997 -0.641044 0.525002 -0.049483 0.000000 0.000000
    82 5.625286 3.107059 -2.433369 0.110853 0.082458 -0.006869
    83 6.677644 4.114117 0.449763 -0.008964 0.010245 -0.007166
    84 7.673524 1.768635 2.985535 -0.031931 0.006501 0.012462
    85 4.902687 0.655644 -8.954903 0.081942 0.003890 0.000160
    86 2.649670 8.412623 -3.003099 -1.828871 -1.111184 1.884926
    87 2.538502 8.321048 3.447679 1.536390 -1.079904 -1.522285
  time 8
    0 -0.215224 -21.712786 35.823283 1.668096 -0.000854 -0.403669
    1 3.806942 0.000000 0.000000 -2.164262 -0.801320 -1.134167
    2 19.263105 0.000000 0.000000 0.000000 0.000000 0.720208
    3 17.589100 0.000000 0.000000 -0.139438 0.008937 -1.421277
    4 6.240662 0.000000 0.000000 0.020475 -0.027721 -0.488039
    5 -3.806942 0.000000 0.000000 -1.673566 -0.385871 -1.651656
    6 19.263098 0.000000 0.000000 0.000000 0.000000 0.960719
    7 17.589096 0.000000 0.000000 0.168377 -0.117386 -1.801850
    8 6.240662 0.000000 0.000000 -0.112105 0.023869 -0.434015
    9 0.000000 4.246162 -0.018825 1.503271 -0.234351 1.596573
    10 4.195629 0.000000 0.000000 -0.088338 0.014226 -0.061743
    11 3.883152 0.000001 0.000000 -0.043519 0.004095 0.097781
    12 5.985943 0.000002 0.000000 -0.065016 0.044079 0.527162
    13 5.620499 0.000002 0.000000 3.439258 -0.035609 0.178776
    14 4.684906 0.000002 0.000000 0.254449 0.057154 0.653411
    15 4.268658 1.531894 1.575000 -0.450083 -1.465238 -1.212121
    16 5.782729 -0.000008 0.000001 -2.780882 -1.189430 -0.028078
    17 11.452765 0.000001 -0.000004 0.000000 0.000000 -1.563607
    18 10.945532 -0.000006 -0.000031 -0.472201 0.027142 0.524055
    19 3.147137 0.005676 -1.551344 0.025530 -0.101227 -0.750908
    20 1.585899 0.000000 0.000000 -0.132564 -0.211450 -0.566008
    21 0.849079 0.000000 0.000000 -0.054473 -0.175380 -0.302889
    22 3.471083 0.213272 -0.574067 0.123378 0.009627 -0.786314
    23 1.897537 -0.000008 0.000000 -0.098477 -0.176680 -0.512089
    24 1.014450 0.000004 0.000000 0.002415 0.009757 -0.242679
    25 3.750084 0.114773 0.430058 0.174782 0.047054 -0.472914
    26 2.258194 0.000000 0.000000 -0.121557 -0.078219 -1.001731
    27 1.210388 0.000008 0.000000 0.001897 0.012019 -0.156562
    28 3.868299 -0.166634 1.490139 0.187548 0.033957 -0.039240
    29 1.786062 0.000000 0.000000 0.048663 0.060672 -0.676684
    30 1.044445 -0.000004 0.000000 0.001276 0.038560 -0.401842
    31 1.121477 -1.351563 1.030997 1.693867 -0.344560 -0.124114
    32 1.928114 0.000000 -0.000004 -0.000001 -0.188118 0.059543
    33 1.285139 0.000000 0.000008 0.000000 -0.040646 0.196333
    34 4.268658 1.531896 -1.575000 0.810108 1.296022 -0.725172
    35 5.782726 0.000000 0.000000 2.000063 1.271079 -0.143897
    36 11.452768 -0.000001 0.000000 0.000000 0.000000 -2.127101
    37 10.945511 -0.000005 0.000015 -0.479147 0.342320 0.632500
    38 3.147156 0.000069 1.551353 -0.323009 -0.149789 -1.078844
    39 1.585901 -0.000008 0.000000 -0.128616 0.004989 -1.609350
    40 0.849083 0.000004 0.000000 0.054471 0.175379 -0.910373
    41 3.471104 0.211185 0.574834 -0.338335 -0.158825 -1.076444
    42 1.897535 0.000000 0.000000 0.047190 0.006501 -1.433989
    43 1.014454 0.000000 0.000000 -0.002415 -0.009755 -0.901518
    44 3.750103 0.116325 -0.429640 -0.351994 -0.189782 -0.975696
    45 2.258196 0.000008 0.000000 0.066384 -0.000264 -1.574762
    46 1.210384 0.000004 0.000000 -0.001896 -0.012017 -0.834506
    47 3.868322 -0.161243 -1.490732 -0.188178 -0.087701 -0.204766
    48 1.786062 -0.000008 0.000000 -0.051327 -0.064037 -0.676424
    49 1.044445 0.000004 -0.000001 -0.001277 -0.038560 -0.033101
    50 1.121500 -1.347832 -1.035882 -1.801955 0.200199 -0.546471
    51 1.928120 -0.000001 0.000000 0.000000 -0.225049 -0.494084
    52 1.285143 0.000000 0.000000 -0.000001 0.040644 -0.404248
    53 7.023272 -6.880002 4.339547 2.620672 -1.456011 -1.105365
    54 3.813803 -3.870654 0.998558 1.570796 -1.069638 0.199892
    55 0.000000 -0.000007 -0.000031 1.373047 0.113574 0.124314
    56 0.000000 -0.000007 -0.000034 1.373047 0.113574 0.124314
    57 2.998047 -1.612305 -1.022461 -1.501147 -0.272558 -1.578261
    58 2.000008 -3.000000 0.000000 -1.570796 0.000000 -1.326450
    59 3.349001 -1.370995 0.724999 1.977842 -0.088017 1.557794
    60 -0.000002 -0.000004 10.500000 0.000000 0.000000 0.000000
    61 0.018898 0.665158 9.395884 0.000000 0.000000 0.000000
    62 3.028212 -0.923409 -2.009451 1.574082 -0.012974 1.587244
    63 0.116951 4.311603 0.061861 0.000010 0.000000 0.000000
    64 0.000000 0.000000 0.000000 0.000000 0.000000 0.000000
    65 0.000000 1.000000 0.000008 0.000000 0.000000 0.000000
    66 0.000000 0.000000 0.000000 0.000000 0.000000 0.000000
    67 0.000000 0.000000 0.000000 0.000000 0.000000 0.000000
    68 0.000000 0.000000 0.000000 0.000000 0.000000 0.000000
    69 19.253853 0.000000 -0.000001 0.000000 0.000000 0.025253
    70 19.253841 0.000000 0.000000 0.000000 0.000000 0.025250
    71 5.884354 0.000000 0.000004 -0.126310 0.000000 0.000000
    72 11.768705 -0.000001 0.000000 -0.238428 0.000000 0.000000
    73 11.679201 0.000000 -0.000004 0.000000 0.000000 -0.161658
    74 5.837998 -0.735000 -0.525002 0.000000 0.000000 0.000000
    75 5.825531 2.661388 2.409388 -0.001945 -0.016320 -0.024506
    76 6.752561 4.039024 -0.341453 0.001435 0.018681 -0.019052
    77 7.652452 1.954227 -2.880674 0.034288 0.011731 0.007773
    78 11.768707 0.000001 0.000004 0.242666 0.000000 0.000000
    79 5.884352 0.000001 0.000000 0.128617 0.000000 0.000000
    80 11.679197 0.000000 0.000008 0.000000 0.000000 -0.161657
    81 5.837997 -0.641044 0.525002 -0.049483 0.000000 0.000000
    82 5.625286 3.107059 -2.433369 0.110853 0.082458 -0.006869
    83 6.677644 4.114117 0.449763 -0.008964 0.010245 -0.007166
    84 7.673524 1.768635 2.985535 -0.031931 0.006501 0.012462
    85 4.902687 0.655644 -8.954903 0.081942 0.003890 0.000160
    86 2.649670 8.412623 -3.003099 -1.828871 -1.111184 1.884926
    87 2.538502 8.321048 3.447679 1.536390 -1.079904 -1.522285
  time 9
    0 -0.144909 -24.592293 35.526399 1.660713 0.005780 -0.421094
    1 3.806942 0.000000 0.000000 -2.147793 -0.767646 -1.131944
    2 19.263105 0.000000 0.000000 0.000000 0.000000 0.488145
    3 17.589100 0.000000 0.000000 -0.172459 -0.006129 -1.409464
    4 6.240662 0.000000 0.000000 0.020475 -0.027733 -0.488589
    5 -3.806942 0.000000 0.000000 -1.691100 -0.293529 -1.675572
    6 19.263098 0.000000 0.000000 0.000000 0.000000 0.933465
    7 17.589096 0.000000 0.000000 0.183382 -0.111201 -1.834900
    8 6.240662 0.000000 0.000000 -0.112105 0.023869 -0.461725
    9 0.000000 4.246162 -0.018825 1.511320 -0.237672 1.592618
    10 4.195629 0.000000 0.000000 -0.084815 0.011865 -0.060972
    11 3.883152 0.000001 0.000000 -0.041987 0.002933 0.094403
    12 5.985943 0.000002 0.000000 -0.064369 0.041766 0.524158
    13 5.620499 0.000002 0.000000 3.443043 -0.033354 0.175593
    14 4.684906 0.000002 0.000000 0.258317 0.052611 0.660502
    15 4.268658 1.531894 1.575000 -0.415111 -1.448839 -1.242848
    16 5.782729 -0.000008 0.000001 -2.783464 -1.203953 -0.023441
    17 11.452765 0.000001 -0.000004 0.000000 0.000000 -1.557647
    18 10.945532 -0.000006 -0.000031 -0.471360 0.030637 0.522007
    19 3.147137 0.005676 -1.551344 0.025530 -0.101227 -0.750908
    20 1.585899 0.000000 0.000000 -0.132564 -0.211450 -0.566008
    21 0.849079 0.000000 0.000000 -0.054473 -0.175380 -0.302889
    22 3.471083 0.213272 -0.574067 0.123378 0.009627 -0.786314
    23 1.897537 -0.000008 0.000000 -0.098477 -0.176680 -0.512089
    24 1.014450 0.000004 0.000000 0.002415 0.009757 -0.242679
    25 3.750084 0.114773 0.430058 0.174782 0.047054 -0.472914
    26 2.258194 0.000000 0.000000 -0.121557 -0.078219 -1.001731
    27 1.210388 0.000008 0.000000 0.001897 0.012019 -0.156562
    28 3.868299 -0.166634 1.490139 0.187548 0.033957 -0.039240
    29 1.786062 0.000000 0.000000 0.048663 0.060672 -0.676684
    30 1.044445 -0.000004 0.000000 0.001276 0.038560 -0.401842
    31 1.121477 -1.351563 1.030997 1.693867 -0.344560 -0.124114
    32 1.928114 0.000000 -0.000004 -0.000001 -0.188118 0.059543
    33 1.285139 0.000000 0.000008 0.000000 -0.040646 0.196333
    34 4.268658 1.531896 -1.575000 0.805948 1.293376 -0.726382
    35 5.782726 0.000000 0.000000 1.985889 1.276085 -0.157071
    36 11.452768 -0.000001 0.000000 0.000000 0.000000 -2.129964
    37 10.945511 -0.000005 0.000015 -0.473562 0.347618 0.638063
    38 3.147156 0.000069 1.551353 -0.323009 -0.149789 -1.078844
    39 1.585901 -0.000008 0.000000 -0.128616 0.004989 -1.609350
    40 0.849083 0.000004 0.000000 0.054471 0.175379 -0.910373
    41 3.471104 0.211185 0.574834 -0.338335 -0.158825 -1.076444
    42 1.897535 0.000000 0.000000 0.047190 0.006501 -1.433989
    43 1.014454 0.000000 0.000000 -0.002415 -0.009755 -0.901518
    44 3.750103 0.116325 -0.429640 -0.351994 -0.189782 -0.975696
    45 2.258196 0.000008 0.000000 0.066384 -0.000264 -1.574762
    46 1.210384 0.000004 0.000000 -0.001896 -0.012017 -0.834506
    47 3.868322 -0.161243 -1.490732 -0.188178 -0.087701 -0.204766
    48 1.786062 -0.000008 0.000000 -0.051327 -0.064037 -0.676424
    49 1.044445 0.000004 -0.000001 -0.001277 -0.038560 -0.033101
    50 1.121500 -1.347832 -1.035882 -1.801955 0.200199 -0.546471
    51 1.928120 -0.000001 0.000000 0.000000 -0.225049 -0.494084
    52 1.285143 0.000000 0.000000 -0.000001 0.040644 -0.404248
    53 7.023272 -6.880002 4.339547 2.620672 -1.456011 -1.105365
    54 3.813803 -3.870654 0.998558 1.570796 -1.069638 0.199892
    55 0.000000 -0.000007 -0.000031 1.373047 0.113574 0.124314
    56 0.000000 -0.000007 -0.000034 1.373047 0.113574 0.124314
    57 2.998047 -1.612305 -1.022461 -1.501147 -0.272558 -1.578261
    58 2.000008 -3.000000 0.000000 -1.570796 0.000000 -1.326450
    59 3.349001 -1.370995 0.724999 1.977842 -0.088017 1.557794
    60 -0.000002 -0.000004 10.500000 0.000000 0.000000 0.000000
    61 0.018898 0.665158 9.395884 0.000000 0.000000 0.000000
    62 3.028212 -0.923409 -2.009451 1.574082 -0.012974 1.587244
    63 0.116951 4.311603 0.061861 0.000010 0.000000 0.000000
    64 0.000000 0.000000 0.000000 0.000000 0.000000 0.000000
    65 0.000000 1.000000 0.000008 0.000000 0.000000 0.000000
    66 0.000000 0.000000 0.000000 0.000000 0.000000 0.000000
    67 0.000000 0.000000 0.000000 0.000000 0.000000 0.000000
    68 0.000000 0.000000 0.000000 0.000000 0.000000 0.000000
    69 19.253853 0.000000 -0.000001 0.000000 0.000000 0.025253
    70 19.253841 0.000000 0.000000 0.000000 0.000000 0.025250
    71 5.884354 0.000000 0.000004 -0.126310 0.000000 0.000000
    72 11.768705 -0.000001 0.000000 -0.238428 0.000000 0.000000
    73 11.679201 0.000000 -0.000004 0.000000 0.000000 -0.161658
    74 5.837998 -0.735000 -0.525002 0.000000 0.000000 0.000000
    75 5.825531 2.661388 2.409388 -0.001945 -0.016320 -0.024506
    76 6.752561 4.039024 -0.341453 0.001435 0.018681 -0.019052
    77 7.652452 1.954227 -2.880674 0.034288 0.011731 0.007773
    78 11.768707 0.000001 0.000004 0.242666 0.000000 0.000000
    79 5.884352 0.000001 0.000000 0.128617 0.000000 0.000000
    80 11.679197 0.000000 0.000008 0.000000 0.000000 -0.161657
    81 5.837997 -0.641044 0.525002 -0.049483 0.000000 0.000000
    82 5.625286 3.107059 -2.433369 0.110853 0.082458 -0.006869
    83 6.677644 4.114117 0.449763 -0.008964 0.010245 -0.007166
    84 7.673524 1.768635 2.985535 -0.031931 0.006501 0.012462
    85 4.902687 0.655644 -8.954903 0.081942 0.003890 0.000160
    86 2.649670 8.412623 -3.003099 -1.828871 -1.111184 1.884926
    87 2.538502 8.321048 3.447679 1.536390 -1.079904 -1.522285
  time 10
    0 -0.058969 -27.732726 35.174826 1.646933 0.011691 -0.429710
    1 3.806942 0.000000 0.000000 -2.134450 -0.742691 -1.137992
    2 19.263105 0.000000 0.000000 0.000000 0.000000 0.385491
    3 17.589100 0.000000 0.000000 -0.205100 -0.047881 -1.435009
    4 6.240662 0.000000 0.000000 0.020475 -0.027733 -0.466075
    5 -3.806942 0.000000 0.000000 -1.703228 -0.181439 -1.709772
    6 19.263098 0.000000 0.000000 0.000000 0.000000 0.886615
    7 17.589096 0.000000 0.000000 0.202813 -0.114294 -1.843113
    8 6.240662 0.000000 0.000000 -0.112105 0.023857 -0.510917
    9 0.000000 4.246162 -0.018825 1.514936 -0.238108 1.592172
    10 4.195629 0.000000 0.000000 -0.082981 0.010247 -0.061009
    11 3.883152 0.000001 0.000000 -0.041166 0.002643 0.094733
    12 5.985943 0.000002 0.000000 -0.065076 0.037596 0.525105
    13 5.620499 0.000002 0.000000 3.448721 -0.025796 0.178077
    14 4.684906 0.000002 0.000000 0.259757 0.049831 0.659577
    15 4.268658 1.531894 1.575000 -0.344304 -1.442648 -1.311099
    16 5.782729 -0.000008 0.000001 -2.776892 -1.217507 -0.018012
    17 11.452765 0.000001 -0.000004 0.000000 0.000000 -1.545221
    18 10.945532 -0.000006 -0.000031 -0.464512 0.036571 0.515287
    19 3.147137 0.005676 -1.551344 0.025530 -0.101227 -0.750908
    20 1.585899 0.000000 0.000000 -0.132564 -0.211450 -0.566008
    21 0.849079 0.000000 0.000000 -0.054473 -0.175380 -0.302889
    22 3.471083 0.213272 -0.574067 0.123378 0.009627 -0.786314
    23 1.897537 -0.000008 0.000000 -0.098477 -0.176680 -0.512089
    24 1.014450 0.000004 0.000000 0.002415 0.009757 -0.242679
    25 3.750084 0.114773 0.430058 0.174782 0.047054 -0.472914
    26 2.258194 0.000000 0.000000 -0.121557 -0.078219 -1.001731
    27 1.210388 0.000008 0.000000 0.001897 0.012019 -0.156562
    28 3.868299 -0.166634 1.490139 0.187548 0.033957 -0.039240
    29 1.786062 0.000000 0.000000 0.048663 0.060672 -0.676684
    30 1.044445 -0.000004 0.000000 0.001276 0.038560 -0.401842
    31 1.121477 -1.351563 1.030997 1.693867 -0.344560 -0.124114
    32 1.928114 0.000000 -0.000004 -0.000001 -0.188118 0.059543
    33 1.285139 0.000000 0.000008 0.000000 -0.040646 0.196333
    34 4.268658 1.531896 -1.575000 0.767933 1.312503 -0.756926
    35 5.782726 0.000000 0.000000 1.973107 1.279306 -0.155855
    36 11.452768 -0.000001 0.000000 0.000000 0.000000 -2.126977
    37 10.945511 -0.000005 0.000015 -0.474100 0.349367 0.642818
    38 3.147156 0.000069 1.551353 -0.323009 -0.149789 -1.078844
    39 1.585901 -0.000008 0.000000 -0.128616 0.004989 -1.609350
    40 0.849083 0.000004 0.000000 0.054471 0.175379 -0.910373
    41 3.471104 0.211185 0.574834 -0.338335 -0.158825 -1.076444
    42 1.897535 0.000000 0.000000 0.047190 0.006501 -1.433989
    43 1.014454 0.000000 0.000000 -0.002415 -0.009755 -0.901518
    44 3.750103 0.116325 -0.429640 -0.351994 -0.189782 -0.975696
    45 2.258196 0.000008 0.000000 0.066384 -0.000264 -1.574762
    46 1.210384 0.000004 0.000000 -0.001896 -0.012017 -0.834506
    47 3.868322 -0.161243 -1.490732 -0.188178 -0.087701 -0.204766
    48 1.786062 -0.000008 0.000000 -0.051327 -0.064037 -0.676424
    49 1.044445 0.000004 -0.000001 -0.001277 -0.038560 -0.033101
    50 1.121500 -1.347832 -1.035882 -1.801955 0.200199 -0.546471
    51 1.928120 -0.000001 0.000000 0.000000 -0.225049 -0.494084
    52 1.285143 0.000000 0.000000 -0.000001 0.040644 -0.404248
    53 7.023272 -6.880002 4.339547 2.620672 -1.456011 -1.105365
    54 3.813803 -3.870654 0.998558 1.570796 -1.069638 0.199892
    55 0.000000 -0.000007 -0.000031 1.373047 0.113574 0.124314
    56 0.000000 -0.000007 -0.000034 1.373047 0.113574 0.124314
    57 2.998047 -1.612305 -1.022461 -1.501147 -0.272558 -1.578261
    58 2.000008 -3.000000 0.000000 -1.570796 0.000000 -1.326450
    59 3.349001 -1.370995 0.724999 1.977842 -0.088017 1.557794
    60 -0.000002 -0.000004 10.500000 0.000000 0.000000 0.000000
    61 0.018898 0.665158 9.395884 0.000000 0.000000 0.000000
    62 3.028212 -0.923409 -2.009451 1.574082 -0.012974 1.587244
    63 0.116951 4.311603 0.061861 0.000010 0.000000 0.000000
    64 0.000000 0.000000 0.000000 0.000000 0.000000 0.000000
    65 0.000000 1.000000 0.000008 0.000000 0.000000 0.000000
    66 0.000000 0.000000 0.000000 0.000000 0.000000 0.000000
    67 0.000000 0.000000 0.000000 0.000000 0.000000 0.000000
    68 0.000000 0.000000 0.000000 0.000000 0.000000 0.000000
    69 19.253853 0.000000 -0.000001 0.000000 0.000000 0.025253
    70 19.253841 0.000000 0.000000 0.000000 0.000000 0.025250
    71 5.884354 0.000000 0.000004 -0.126310 0.000000 0.000000
    72 11.768705 -0.000001 0.000000 -0.238428 0.000000 0.000000
    73 11.679201 0.000000 -0.000004 0.000000 0.000000 -0.161658
    74 5.837998 -0.735000 -0.525002 0.000000 0.000000 0.000000
    75 5.825531 2.661388 2.409388 -0.001945 -0.016320 -0.024506
    76 6.752561 4.039024 -0.341453 0.001435 0.018681 -0.019052
    77 7.652452 1.954227 -2.880674 0.034288 0.011731 0.007773
    78 11.768707 0.000001 0.000004 0.242666 0.000000 0.000000
    79 5.884352 0.000001 0.000000 0.128617 0.000000 0.000000
    80 11.679197 0.000000 0.000008 0.000000 0.000000 -0.161657
    81 5.837997 -0.641044 0.525002 -0.049483 0.000000 0.000000
    82 5.625286 3.107059 -2.433369 0.110853 0.082458 -0.006869
    83 6.677644 4.114117 0.449763 -0.008964 0.010245 -0.007166
    84 7.673524 1.768635 2.985535 -0.031931 0.006501 0.012462
    85 4.902687 0.655644 -8.954903 0.081942 0.003890 0.000160
    86 2.649670 8.412623 -3.003099 -1.828871 -1.111184 1.884926
    87 2.538502 8.321048 3.447679 1.536390 -1.079904 -1.522285
  time 11
    0 0.191039 -30.966347 34.913099 1.647646 0.009983 -0.426455
    1 3.806942 0.000000 0.000000 -2.122615 -0.758513 -1.158048
    2 19.263105 0.000000 0.000000 0.000000 0.000000 0.432945
    3 17.589100 0.000000 0.000000 -0.184670 -0.076874 -1.405527
    4 6.240662 0.000000 0.000000 0.020475 -0.027733 -0.405327
    5 -3.806942 0.000000 0.000000 -1.716305 -0.089600 -1.756449
    6 19.263098 0.000000 0.000000 0.000000 0.000000 0.840180
    7 17.589096 0.000000 0.000000 0.226159 -0.131568 -1.786512
    8 6.240662 0.000000 0.000000 -0.112105 0.023845 -0.640125
    9 0.000000 4.246162 -0.018825 1.512039 -0.232221 1.588872
    10 4.195629 0.000000 0.000000 -0.081927 0.011889 -0.065572
    11 3.883152 0.000001 0.000000 -0.040701 0.003636 0.091844
    12 5.985943 0.000002 0.000000 -0.065592 0.034264 0.523843
    13 5.620499 0.000002 0.000000 3.453029 -0.017264 0.184225
    14 4.684906 0.000002 0.000000 0.258395 0.048764 0.654442
    15 4.268658 1.531894 1.575000 -0.335681 -1.445617 -1.319427
    16 5.782729 -0.000008 0.000001 -2.748958 -1.217436 -0.027773
    17 11.452765 0.000001 -0.000004 0.000000 0.000000 -1.537930
    18 10.945532 -0.000006 -0.000031 -0.465653 0.036316 0.512118
    19 3.147137 0.005676 -1.551344 0.025530 -0.101227 -0.750908
    20 1.585899 0.000000 0.000000 -0.132564 -0.211450 -0.566008
    21 0.849079 0.000000 0.000000 -0.054473 -0.175380 -0.302889
    22 3.471083 0.213272 -0.574067 0.123378 0.009627 -0.786314
    23 1.897537 -0.000008 0.000000 -0.098477 -0.176680 -0.512089
    24 1.014450 0.000004 0.000000 0.002415 0.009757 -0.242679
    25 3.750084 0.114773 0.430058 0.174782 0.047054 -0.472914
    26 2.258194 0.000000 0.000000 -0.121557 -0.078219 -1.001731
    27 1.210388 0.000008 0.000000 0.001897 0.012019 -0.156562
    28 3.868299 -0.166634 1.490139 0.187548 0.033957 -0.039240
    29 1.786062 0.000000 0.000000 0.048663 0.060672 -0.676684
    30 1.044445 -0.000004 0.000000 0.001276 0.038560 -0.401842
    31 1.121477 -1.351563 1.030997 1.693867 -0.344560 -0.124114
    32 1.928114 0.000000 -0.000004 -0.000001 -0.188118 0.059543
    33 1.285139 0.000000 0.000008 0.000000 -0.040646 0.196333
    34 4.268658 1.531896 -1.575000 0.702307 1.328949 -0.814289
    35 5.782726 0.000000 0.000000 1.963629 1.278011 -0.146667
    36 11.452768 -0.000001 0.000000 0.000000 0.000000 -2.121748
    37 10.945511 -0.000005 0.000015 -0.468852 0.352165 0.640916
    38 3.147156 0.000069 1.551353 -0.323009 -0.149789 -1.078844
    39 1.585901 -0.000008 0.000000 -0.128616 0.004989 -1.609350
    40 0.849083 0.000004 0.000000 0.054471 0.175379 -0.910373
    41 3.471104 0.211185 0.574834 -0.338335 -0.158825 -1.076444
    42 1.897535 0.000000 0.000000 0.047190 0.006501 -1.433989
    43 1.014454 0.000000 0.000000 -0.002415 -0.009755 -0.901518
    44 3.750103 0.116325 -0.429640 -0.351994 -0.189782 -0.975696
    45 2.258196 0.000008 0.000000 0.066384 -0.000264 -1.574762
    46 1.210384 0.000004 0.000000 -0.001896 -0.012017 -0.834506
    47 3.868322 -0.161243 -1.490732 -0.188178 -0.087701 -0.204766
    48 1.786062 -0.000008 0.000000 -0.051327 -0.064037 -0.676424
    49 1.044445 0.000004 -0.000001 -0.001277 -0.038560 -0.033101
    50 1.121500 -1.347832 -1.035882 -1.801955 0.200199 -0.546471
    51 1.928120 -0.000001 0.000000 0.000000 -0.225049 -0.494084
    52 1.285143 0.000000 0.000000 -0.000001 0.040644 -0.404248
    53 7.023272 -6.880002 4.339547 2.620672 -1.456011 -1.105365
    54 3.813803 -3.870654 0.998558 1.570796 -1.069638 0.199892
    55 0.000000 -0.000007 -0.000031 1.373047 0.113574 0.124314
    56 0.000000 -0.000007 -0.000034 1.373047 0.113574 0.124314
    57 2.998047 -1.612305 -1.022461 -1.501147 -0.272558 -1.578261
    58 2.000008 -3.000000 0.000000 -1.570796 0.000000 -1.326450
    59 3.349001 -1.370995 0.724999 1.977842 -0.088017 1.557794
    60 -0.000002 -0.000004 10.500000 0.000000 0.000000 0.000000
    61 0.018898 0.665158 9.395884 0.000000 0.000000 0.000000
    62 3.028212 -0.923409 -2.009451 1.574082 -0.012974 1.587244
    63 0.116951 4.311603 0.061861 0.000010 0.000000 0.000000
    64 0.000000 0.000000 0.000000 0.000000 0.000000 0.000000
    65 0.000000 1.000000 0.000008 0.000000 0.000000 0.000000
    66 0.000000 0.000000 0.000000 0.000000 0.000000 0.000000
    67 0.000000 0.000000 0.000000 0.000000 0.000000 0.000000
    68 0.000000 0.000000 0.000000 0.000000 0.000000 0.000000
    69 19.253853 0.000000 -0.000001 0.000000 0.000000 0.025253
    70 19.253841 0.000000 0.000000 0.000000 0.000000 0.025250
    71 5.884354 0.000000 0.000004 -0.126310 0.000000 0.000000
    72 11.768705 -0.000001 0.000000 -0.238428 0.000000 0.000000
    73 11.679201 0.000000 -0.000004 0.000000 0.000000 -0.161658
    74 5.837998 -0.735000 -0.525002 0.000000 0.000000 0.000000
    75 5.825531 2.661388 2.409388 -0.001945 -0.016320 -0.024506
    76 6.752561 4.039024 -0.341453 0.001435 0.018681 -0.019052
    77 7.652452 1.954227 -2.880674 0.034288 0.011731 0.007773
    78 11.768707 0.000001 0.000004 0.242666 0.000000 0.000000
    79 5.884352 0.000001 0.000000 0.128617 0.000000 0.000000
    80 11.679197 0.000000 0.000008 0.000000 0.000000 -0.161657
    81 5.837997 -0.641044 0.525002 -0.049483 0.000000 0.000000
    82 5.625286 3.107059 -2.433369 0.110853 0.082458 -0.006869
    83 6.677644 4.114117 0.449763 -0.008964 0.010245 -0.007166
    84 7.673524 1.768635 2.985535 -0.031931 0.006501 0.012462
    85 4.902687 0.655644 -8.954903 0.081942 0.003890 0.000160
    86 2.649670 8.412623 -3.003099 -1.828871 -1.111184 1.884926
    87 2.538502 8.321048 3.447679 1.536390 -1.079904 -1.522285
  time 12
    0 0.542612 -34.283837 34.729500 1.654987 -0.000460 -0.416690
    1 3.806942 0.000000 0.000000 -2.092915 -0.800997 -1.186020
    2 19.263105 0.000000 0.000000 0.000000 0.000000 0.569839
    3 17.589100 0.000000 0.000000 -0.166565 -0.066820 -1.282924
    4 6.240662 0.000000 0.000000 0.020475 -0.027733 -0.408333
    5 -3.806942 0.000000 0.000000 -1.750131 -0.044527 -1.800470
    6 19.263098 0.000000 0.000000 0.000000 0.000000 0.846252
    7 17.589096 0.000000 0.000000 0.221441 -0.153744 -1.620567
    8 6.240662 0.000000 0.000000 -0.112093 0.023833 -0.885100
    9 0.000000 4.246162 -0.018825 1.507704 -0.223356 1.583004
    10 4.195629 0.000000 0.000000 -0.081423 0.012356 -0.071726
    11 3.883152 0.000001 0.000000 -0.040504 0.003942 0.087962
    12 5.985943 0.000002 0.000000 -0.064753 0.035786 0.521306
    13 5.620499 0.000002 0.000000 3.452123 -0.013470 0.189706
    14 4.684906 0.000002 0.000000 0.254429 0.048800 0.652433
    15 4.268658 1.531894 1.575000 -0.429387 -1.446594 -1.231074
    16 5.782729 -0.000008 0.000001 -2.683076 -1.213670 -0.078833
    17 11.452765 0.000001 -0.000004 0.000000 0.000000 -1.536281
    18 10.945532 -0.000006 -0.000031 -0.474303 0.031329 0.508438
    19 3.147137 0.005676 -1.551344 0.025530 -0.101227 -0.750908
    20 1.585899 0.000000 0.000000 -0.132564 -0.211450 -0.566008
    21 0.849079 0.000000 0.000000 -0.054473 -0.175380 -0.302889
    22 3.471083 0.213272 -0.574067 0.123378 0.009627 -0.786314
    23 1.897537 -0.000008 0.000000 -0.098477 -0.176680 -0.512089
    24 1.014450 0.000004 0.000000 0.002415 0.009757 -0.242679
    25 3.750084 0.114773 0.430058 0.174782 0.047054 -0.472914
    26 2.258194 0.000000 0.000000 -0.121557 -0.078219 -1.001731
    27 1.210388 0.000008 0.000000 0.001897 0.012019 -0.156562
    28 3.868299 -0.166634 1.490139 0.187548 0.033957 -0.039240
    29 1.786062 0.000000 0.000000 0.048663 0.060672 -0.676684
    30 1.044445 -0.000004 0.000000 0.001276 0.038560 -0.401842
    31 1.121477 -1.351563 1.030997 1.693867 -0.344560 -0.124114
    32 1.928114 0.000000 -0.000004 -0.000001 -0.188118 0.059543
    33 1.285139 0.000000 0.000008 0.000000 -0.040646 0.196333
    34 4.268658 1.531896 -1.575000 0.586184 1.336349 -0.923334
    35 5.782726 0.000000 0.000000 1.958673 1.279552 -0.126265
    36 11.452768 -0.000001 0.000000 0.000000 0.000000 -2.115960
    37 10.945511 -0.000005 0.000015 -0.457279 0.356912 0.639014
    38 3.147156 0.000069 1.551353 -0.323009 -0.149789 -1.078844
    39 1.585901 -0.000008 0.000000 -0.128616 0.004989 -1.609350
    40 0.849083 0.000004 0.000000 0.054471 0.175379 -0.910373
    41 3.471104 0.211185 0.574834 -0.338335 -0.158825 -1.076444
    42 1.897535 0.000000 0.000000 0.047190 0.006501 -1.433989
    43 1.014454 0.000000 0.000000 -0.002415 -0.009755 -0.901518
    44 3.750103 0.116325 -0.429640 -0.351994 -0.189782 -0.975696
    45 2.258196 0.000008 0.000000 0.066384 -0.000264 -1.574762
    46 1.210384 0.000004 0.000000 -0.001896 -0.012017 -0.834506
    47 3.868322 -0.161243 -1.490732 -0.188178 -0.087701 -0.204766
    48 1.786062 -0.000008 0.000000 -0.051327 -0.064037 -0.676424
    49 1.044445 0.000004 -0.000001 -0.001277 -0.038560 -0.033101
    50 1.121500 -1.347832 -1.035882 -1.801955 0.200199 -0.546471
    51 1.928120 -0.000001 0.000000 0.000000 -0.225049 -0.494084
    52 1.285143 0.000000 0.000000 -0.000001 0.040644 -0.404248
    53 7.023272 -6.880002 4.339547 2.620672 -1.456011 -1.105365
    54 3.813803 -3.870654 0.998558 1.570796 -1.069638 0.199892
    55 0.000000 -0.000007 -0.000031 1.373047 0.113574 0.124314
    56 0.000000 -0.000007 -0.000034 1.373047 0.113574 0.124314
    57 2.998047 -1.612305 -1.022461 -1.501147 -0.272558 -1.578261
    58 2.000008 -3.000000 0.000000 -1.570796 0.000000 -1.326450
    59 3.349001 -1.370995 0.724999 1.977842 -0.088017 1.557794
    60 -0.000002 -0.000004 10.500000 0.000000 0.000000 0.000000
    61 0.018898 0.665158 9.395884 0.000000 0.000000 0.000000
    62 3.028212 -0.923409 -2.009451 1.574082 -0.012974 1.587244
    63 0.116951 4.311603 0.061861 0.000010 0.000000 0.000000
    64 0.000000 0.000000 0.000000 0.000000 0.000000 0.000000
    65 0.000000 1.000000 0.000008 0.000000 0.000000 0.000000
    66 0.000000 0.000000 0.000000 0.000000 0.000000 0.000000
    67 0.000000 0.000000 0.000000 0.000000 0.000000 0.000000
    68 0.000000 0.000000 0.000000 0.000000 0.000000 0.000000
    69 19.253853 0.000000 -0.000001 0.000000 0.000000 0.025253
    70 19.253841 0.000000 0.000000 0.000000 0.000000 0.025250
    71 5.884354 0.000000 0.000004 -0.126310 0.000000 0.000000
    72 11.768705 -0.000001 0.000000 -0.238428 0.000000 0.000000
    73 11.679201 0.000000 -0.000004 0.000000 0.000000 -0.161658
    74 5.837998 -0.735000 -0.525002 0.000000 0.000000 0.000000
    75 5.825531 2.661388 2.409388 -0.001945 -0.016320 -0.024506
    76 6.752561 4.039024 -0.341453 0.001435 0.018681 -0.019052
    77 7.652452 1.954227 -2.880674 0.034288 0.011731 0.007773
    78 11.768707 0.000001 0.000004 0.242666 0.000000 0.000000
    79 5.884352 0.000001 0.000000 0.128617 0.000000 0.000000
    80 11.679197 0.000000 0.000008 0.000000 0.000000 -0.161657
    81 5.837997 -0.641044 0.525002 -0.049483 0.000000 0.000000
    82 5.625286 3.107059 -2.433369 0.110853 0.082458 -0.006869
    83 6.677644 4.114117 0.449763 -0.008964 0.010245 -0.007166
    84 7.673524 1.768635 2.985535 -0.031931 0.006501 0.012462
    85 4.902687 0.655644 -8.954903 0.081942 0.003890 0.000160
    86 2.649670 8.412623 -3.003099 -1.828871 -1.111184 1.884926
    87 2.538502 8.321048 3.447679 1.536390 -1.079904 -1.522285
  time 13
    0 0.929343 -37.647921 34.639653 1.648862 -0.017733 -0.405201
    1 3.806942 0.000000 0.000000 -2.024415 -0.823277 -1.241430
    2 19.263105 0.000000 0.000000 0.000000 0.000000 0.719817
    3 17.589100 0.000000 0.000000 -0.176072 -0.055137 -1.245961
    4 6.240662 0.000000 0.000000 0.020475 -0.027733 -0.398767
    5 -3.806942 0.000000 0.000000 -1.807481 -0.036664 -1.831376
    6 19.263098 0.000000 0.000000 0.000000 0.000000 0.912006
    7 17.589096 0.000000 0.000000 0.192939 -0.187262 -1.346861
    8 6.240662 0.000000 0.000000 -0.112093 0.023809 -1.080015
    9 0.000000 4.246162 -0.018825 1.507140 -0.223517 1.576075
    10 4.195629 0.000000 0.000000 -0.081747 0.008257 -0.072472
    11 3.883152 0.000001 0.000000 -0.040627 0.001803 0.086266
    12 5.985943 0.000002 0.000000 -0.061565 0.046764 0.518340
    13 5.620499 0.000002 0.000000 3.448499 -0.010894 0.184660
    14 4.684906 0.000002 0.000000 0.249615 0.049927 0.655437
    15 4.268658 1.531894 1.575000 -0.474611 -1.454957 -1.185797
    16 5.782729 -0.000008 0.000001 -2.639494 -1.222097 -0.112751
    17 11.452765 0.000001 -0.000004 0.000000 0.000000 -1.528673
    18 10.945532 -0.000006 -0.000031 -0.471960 0.032130 0.502006
    19 3.147137 0.005676 -1.551344 0.025530 -0.101227 -0.750908
    20 1.585899 0.000000 0.000000 -0.132564 -0.211450 -0.566008
    21 0.849079 0.000000 0.000000 -0.054473 -0.175380 -0.302889
    22 3.471083 0.213272 -0.574067 0.123378 0.009627 -0.786314
    23 1.897537 -0.000008 0.000000 -0.098477 -0.176680 -0.512089
    24 1.014450 0.000004 0.000000 0.002415 0.009757 -0.242679
    25 3.750084 0.114773 0.430058 0.174782 0.047054 -0.472914
    26 2.258194 0.000000 0.000000 -0.121557 -0.078219 -1.001731
    27 1.210388 0.000008 0.000000 0.001897 0.012019 -0.156562
    28 3.868299 -0.166634 1.490139 0.187548 0.033957 -0.039240
    29 1.786062 0.000000 0.000000 0.048663 0.060672 -0.676684
    30 1.044445 -0.000004 0.000000 0.001276 0.038560 -0.401842
    31 1.121477 -1.351563 1.030997 1.693867 -0.344560 -0.124114
    32 1.928114 0.000000 -0.000004 -0.000001 -0.188118 0.059543
    33 1.285139 0.000000 0.000008 0.000000 -0.040646 0.196333
    34 4.268658 1.531896 -1.575000 0.475261 1.335527 -1.033775
    35 5.782726 0.000000 0.000000 1.948760 1.275315 -0.105997
    36 11.452768 -0.000001 0.000000 0.000000 0.000000 -2.115649
    37 10.945511 -0.000005 0.000015 -0.437766 0.365358 0.649759
    38 3.147156 0.000069 1.551353 -0.323009 -0.149789 -1.078844
    39 1.585901 -0.000008 0.000000 -0.128616 0.004989 -1.609350
    40 0.849083 0.000004 0.000000 0.054471 0.175379 -0.910373
    41 3.471104 0.211185 0.574834 -0.338335 -0.158825 -1.076444
    42 1.897535 0.000000 0.000000 0.047190 0.006501 -1.433989
    43 1.014454 0.000000 0.000000 -0.002415 -0.009755 -0.901518
    44 3.750103 0.116325 -0.429640 -0.351994 -0.189782 -0.975696
    45 2.258196 0.000008 0.000000 0.066384 -0.000264 -1.574762
    46 1.210384 0.000004 0.000000 -0.001896 -0.012017 -0.834506
    47 3.868322 -0.161243 -1.490732 -0.188178 -0.087701 -0.204766
    48 1.786062 -0.000008 0.000000 -0.051327 -0.064037 -0.676424
    49 1.044445 0.000004 -0.000001 -0.001277 -0.038560 -0.033101
    50 1.121500 -1.347832 -1.035882 -1.801955 0.200199 -0.546471
    51 1.928120 -0.000001 0.000000 0.000000 -0.225049 -0.494084
    52 1.285143 0.000000 0.000000 -0.000001 0.040644 -0.404248
    53 7.023272 -6.880002 4.339547 2.620672 -1.456011 -1.105365
    54 3.813803 -3.870654 0.998558 1.570796 -1.069638 0.199892
    55 0.000000 -0.000007 -0.000031 1.373047 0.113574 0.124314
    56 0.000000 -0.000007 -0.000034 1.373047 0.113574 0.124314
    57 2.998047 -1.612305 -1.022461 -1.501147 -0.272558 -1.578261
    58 2.000008 -3.000000 0.000000 -1.570796 0.000000 -1.326450
    59 3.349001 -1.370995 0.724999 1.977842 -0.088017 1.557794
    60 -0.000002 -0.000004 10.500000 0.000000 0.000000 0.000000
    61 0.018898 0.665158 9.395884 0.000000 0.000000 0.000000
    62 3.028212 -0.923409 -2.009451 1.574082 -0.012974 1.587244
    63 0.116951 4.311603 0.061861 0.000010 0.000000 0.000000
    64 0.000000 0.000000 0.000000 0.000000 0.000000 0.000000
    65 0.000000 1.000000 0.000008 0.000000 0.000000 0.000000
    66 0.000000 0.000000 0.000000 0.000000 0.000000 0.000000
    67 0.000000 0.000000 0.000000 0.000000 0.000000 0.000000
    68 0.000000 0.000000 0.000000 0.000000 0.000000 0.000000
    69 19.253853 0.000000 -0.000001 0.000000 0.000000 0.025253
    70 19.253841 0.000000 0.000000 0.000000 0.000000 0.025250
    71 5.884354 0.000000 0.000004 -0.126310 0.000000 0.000000
    72 11.768705 -0.000001 0.000000 -0.238428 0.000000 0.000000
    73 11.679201 0.000000 -0.000004 0.000000 0.000000 -0.161658
    74 5.837998 -0.735000 -0.525002 0.000000 0.000000 0.000000
    75 5.825531 2.661388 2.409388 -0.001945 -0.016320 -0.024506
    76 6.752561 4.039024 -0.341453 0.001435 0.018681 -0.019052
    77 7.652452 1.954227 -2.880674 0.034288 0.011731 0.007773
    78 11.768707 0.000001 0.000004 0.242666 0.000000 0.000000
    79 5.884352 0.000001 0.000000 0.128617 0.000000 0.000000
    80 11.679197 0.000000 0.000008 0.000000 0.000000 -0.161657
    81 5.837997 -0.641044 0.525002 -0.049483 0.000000 0.000000
    82 5.625286 3.107059 -2.433369 0.110853 0.082458 -0.006869
    83 6.677644 4.114117 0.449763 -0.008964 0.010245 -0.007166
    84 7.673524 1.768635 2.985535 -0.031931 0.006501 0.012462
    85 4.902687 0.655644 -8.954903 0.081942 0.003890 0.000160
    86 2.649670 8.412623 -3.003099 -1.828871 -1.111184 1.884926
    87 2.538502 8.321048 3.447679 1.536390 -1.079904 -1.522285
  time 14
    0 1.280916 -40.825629 34.729500 1.644122 -0.034448 -0.387299
    1 3.806942 0.000000 0.000000 -1.962447 -0.822678 -1.318676
    2 19.263105 0.000000 0.000000 0.000000 0.000000 0.836272
    3 17.589100 0.000000 0.000000 -0.149389 -0.086835 -1.263925
    4 6.240662 0.000000 0.000000 0.020475 -0.027745 -0.344232
    5 -3.806942 0.000000 0.000000 -1.858111 -0.106606 -1.825773
    6 19.263098 0.000000 0.000000 0.000000 0.000000 1.054486
    7 17.589096 0.000000 0.000000 0.118718 -0.201741 -0.971283
    8 6.240662 0.000000 0.000000 -0.112093 0.023821 -0.960740
    9 0.000000 4.246162 -0.018825 1.504029 -0.227090 1.568582
    10 4.195629 0.000000 0.000000 -0.085930 0.004794 -0.069886
    11 3.883152 0.000001 0.000000 -0.042453 -0.000703 0.086395
    12 5.985943 0.000002 0.000000 -0.057274 0.066167 0.515159
    13 5.620499 0.000002 0.000000 3.439379 -0.022017 0.172410
    14 4.684906 0.000002 0.000000 0.247385 0.054145 0.663297
    15 4.268658 1.531894 1.575000 -0.438106 -1.459482 -1.229256
    16 5.782729 -0.000008 0.000001 -2.599589 -1.244007 -0.167410
    17 11.452765 0.000001 -0.000004 0.000000 0.000000 -1.518910
    18 10.945532 -0.000006 -0.000031 -0.448953 0.044508 0.496757
    19 3.147137 0.005676 -1.551344 0.025530 -0.101227 -0.750908
    20 1.585899 0.000000 0.000000 -0.132564 -0.211450 -0.566008
    21 0.849079 0.000000 0.000000 -0.054473 -0.175380 -0.302889
    22 3.471083 0.213272 -0.574067 0.123378 0.009627 -0.786314
    23 1.897537 -0.000008 0.000000 -0.098477 -0.176680 -0.512089
    24 1.014450 0.000004 0.000000 0.002415 0.009757 -0.242679
    25 3.750084 0.114773 0.430058 0.174782 0.047054 -0.472914
    26 2.258194 0.000000 0.000000 -0.121557 -0.078219 -1.001731
    27 1.210388 0.000008 0.000000 0.001897 0.012019 -0.156562
    28 3.868299 -0.166634 1.490139 0.187548 0.033957 -0.039240
    29 1.786062 0.000000 0.000000 0.048663 0.060672 -0.676684
    30 1.044445 -0.000004 0.000000 0.001276 0.038560 -0.401842
    31 1.121477 -1.351563 1.030997 1.693867 -0.344560 -0.124114
    32 1.928114 0.000000 -0.000004 -0.000001 -0.188118 0.059543
    33 1.285139 0.000000 0.000008 0.000000 -0.040646 0.196333
    34 4.268658 1.531896 -1.575000 0.463252 1.306389 -1.046533
    35 5.782726 0.000000 0.000000 1.917283 1.292856 -0.136398
    36 11.452768 -0.000001 0.000000 0.000000 0.000000 -2.111976
    37 10.945511 -0.000005 0.000015 -0.431912 0.371055 0.653088
    38 3.147156 0.000069 1.551353 -0.323009 -0.149789 -1.078844
    39 1.585901 -0.000008 0.000000 -0.128616 0.004989 -1.609350
    40 0.849083 0.000004 0.000000 0.054471 0.175379 -0.910373
    41 3.471104 0.211185 0.574834 -0.338335 -0.158825 -1.076444
    42 1.897535 0.000000 0.000000 0.047190 0.006501 -1.433989
    43 1.014454 0.000000 0.000000 -0.002415 -0.009755 -0.901518
    44 3.750103 0.116325 -0.429640 -0.351994 -0.189782 -0.975696
    45 2.258196 0.000008 0.000000 0.066384 -0.000264 -1.574762
    46 1.210384 0.000004 0.000000 -0.001896 -0.012017 -0.834506
    47 3.868322 -0.161243 -1.490732 -0.188178 -0.087701 -0.204766
    48 1.786062 -0.000008 0.000000 -0.051327 -0.064037 -0.676424
    49 1.044445 0.000004 -0.000001 -0.001277 -0.038560 -0.033101
    50 1.121500 -1.347832 -1.035882 -1.801955 0.200199 -0.546471
    51 1.928120 -0.000001 0.000000 0.000000 -0.225049 -0.494084
    52 1.285143 0.000000 0.000000 -0.000001 0.040644 -0.404248
    53 7.023272 -6.880002 4.339547 2.620672 -1.456011 -1.105365
    54 3.813803 -3.870654 0.998558 1.570796 -1.069638 0.199892
    55 0.000000 -0.000007 -0.000031 1.373047 0.113574 0.124314
    56 0.000000 -0.000007 -0.000034 1.373047 0.113574 0.124314
    57 2.998047 -1.612305 -1.022461 -1.501147 -0.272558 -1.578261
    58 2.000008 -3.000000 0.000000 -1.570796 0.000000 -1.326450
    59 3.349001 -1.370995 0.724999 1.977842 -0.088017 1.557794
    60 -0.000002 -0.000004 10.500000 0.000000 0.000000 0.000000
    61 0.018898 0.665158 9.395884 0.000000 0.000000 0.000000
    62 3.028212 -0.923409 -2.009451 1.574082 -0.012974 1.587244
    63 0.116951 4.311603 0.061861 0.000010 0.000000 0.000000
    64 0.000000 0.000000 0.000000 0.000000 0.000000 0.000000
    65 0.000000 1.000000 0.000008 0.000000 0.000000 0.000000
    66 0.000000 0.000000 0.000000 0.000000 0.000000 0.000000
    67 0.000000 0.000000 0.000000 0.000000 0.000000 0.000000
    68 0.000000 0.000000 0.000000 0.000000 0.000000 0.000000
    69 19.253853 0.000000 -0.000001 0.000000 0.000000 0.025253
    70 19.253841 0.000000 0.000000 0.000000 0.000000 0.025250
    71 5.884354 0.000000 0.000004 -0.126310 0.000000 0.000000
    72 11.768705 -0.000001 0.000000 -0.238428 0.000000 0.000000
    73 11.679201 0.000000 -0.000004 0.000000 0.000000 -0.161658
    74 5.837998 -0.735000 -0.525002 0.000000 0.000000 0.000000
    75 5.825531 2.661388 2.409388 -0.001945 -0.016320 -0.024506
    76 6.752561 4.039024 -0.341453 0.001435 0.018681 -0.019052
    77 7.652452 1.954227 -2.880674 0.034288 0.011731 0.007773
    78 11.768707 0.000001 0.000004 0.242666 0.000000 0.000000
    79 5.884352 0.000001 0.000000 0.128617 0.000000 0.000000
    80 11.679197 0.000000 0.000008 0.000000 0.000000 -0.161657
    81 5.837997 -0.641044 0.525002 -0.049483 0.000000 0.000000
    82 5.625286 3.107059 -2.433369 0.110853 0.082458 -0.006869
    83 6.677644 4.114117 0.449763 -0.008964 0.010245 -0.007166
    84 7.673524 1.768635 2.985535 -0.031931 0.006501 0.012462
    85 4.902687 0.655644 -8.954903 0.081942 0.003890 0.000160
    86 2.649670 8.412623 -3.003099 -1.828871 -1.111184 1.884926
    87 2.538502 8.321048 3.447679 1.536390 -1.079904 -1.522285
  time 15
    0 1.566081 -43.816961 34.913099 1.639319 -0.044694 -0.361258
    1 3.806942 0.000000 0.000000 -1.907122 -0.800767 -1.396455
    2 19.263105 0.000000 0.000000 0.000000 0.000000 0.920439
    3 17.589100 0.000000 0.000000 -0.098220 -0.106728 -1.330469
    4 6.240662 0.000000 0.000000 0.020475 -0.027745 -0.347700
    5 -3.806942 0.000000 0.000000 -1.884850 -0.213073 -1.800643
    6 19.263098 0.000000 0.000000 0.000000 0.000000 1.236639
    7 17.589096 0.000000 0.000000 0.020519 -0.262567 -0.856447
    8 6.240662 0.000000 0.000000 -0.112105 0.023869 -0.460306
    9 0.000000 4.246162 -0.018825 1.495591 -0.231648 1.568320
    10 4.195629 0.000000 0.000000 -0.094391 0.004183 -0.065995
    11 3.883152 0.000001 0.000000 -0.046130 -0.001895 0.089041
    12 5.985943 0.000002 0.000000 -0.057262 0.077564 0.515108
    13 5.620499 0.000002 0.000000 3.432393 -0.032638 0.163622
    14 4.684906 0.000002 0.000000 0.246674 0.057130 0.671454
    15 4.268658 1.531894 1.575000 -0.400930 -1.457998 -1.276735
    16 5.782729 -0.000008 0.000001 -2.588791 -1.257418 -0.190714
    17 11.452765 0.000001 -0.000004 0.000000 0.000000 -1.510985
    18 10.945532 -0.000006 -0.000031 -0.429010 0.057506 0.497365
    19 3.147137 0.005676 -1.551344 0.025530 -0.101227 -0.750908
    20 1.585899 0.000000 0.000000 -0.132564 -0.211450 -0.566008
    21 0.849079 0.000000 0.000000 -0.054473 -0.175380 -0.302889
    22 3.471083 0.213272 -0.574067 0.123378 0.009627 -0.786314
    23 1.897537 -0.000008 0.000000 -0.098477 -0.176680 -0.512089
    24 1.014450 0.000004 0.000000 0.002415 0.009757 -0.242679
    25 3.750084 0.114773 0.430058 0.174782 0.047054 -0.472914
    26 2.258194 0.000000 0.000000 -0.121557 -0.078219 -1.001731
    27 1.210388 0.000008 0.000000 0.001897 0.012019 -0.156562
    28 3.868299 -0.166634 1.490139 0.187548 0.033957 -0.039240
    29 1.786062 0.000000 0.000000 0.048663 0.060672 -0.676684
    30 1.044445 -0.000004 0.000000 0.001276 0.038560 -0.401842
    31 1.121477 -1.351563 1.030997 1.693867 -0.344560 -0.124114
    32 1.928114 0.000000 -0.000004 -0.000001 -0.188118 0.059543
    33 1.285139 0.000000 0.000008 0.000000 -0.040646 0.196333
    34 4.268658 1.531896 -1.575000 0.495120 1.290087 -1.023532
    35 5.782726 0.000000 0.000000 1.863807 1.307001 -0.200916
    36 11.452768 -0.000001 0.000000 0.000000 0.000000 -2.108553
    37 10.945511 -0.000005 0.000015 -0.433258 0.373653 0.652279
    38 3.147156 0.000069 1.551353 -0.323009 -0.149789 -1.078844
    39 1.585901 -0.000008 0.000000 -0.128616 0.004989 -1.609350
    40 0.849083 0.000004 0.000000 0.054471 0.175379 -0.910373
    41 3.471104 0.211185 0.574834 -0.338335 -0.158825 -1.076444
    42 1.897535 0.000000 0.000000 0.047190 0.006501 -1.433989
    43 1.014454 0.000000 0.000000 -0.002415 -0.009755 -0.901518
    44 3.750103 0.116325 -0.429640 -0.351994 -0.189782 -0.975696
    45 2.258196 0.000008 0.000000 0.066384 -0.000264 -1.574762
    46 1.210384 0.000004 0.000000 -0.001896 -0.012017 -0.834506
    47 3.868322 -0.161243 -1.490732 -0.188178 -0.087701 -0.204766
    48 1.786062 -0.000008 0.000000 -0.051327 -0.064037 -0.676424
    49 1.044445 0.000004 -0.000001 -0.001277 -0.038560 -0.033101
    50 1.121500 -1.347832 -1.035882 -1.801955 0.200199 -0.546471
    51 1.928120 -0.000001 0.000000 0.000000 -0.225049 -0.494084
    52 1.285143 0.000000 0.000000 -0.000001 0.040644 -0.404248
    53 7.023272 -6.880002 4.339547 2.620672 -1.456011 -1.105365
    54 3.813803 -3.870654 0.998558 1.570796 -1.069638 0.199892
    55 0.000000 -0.000007 -0.000031 1.373047 0.113574 0.124314
    56 0.000000 -0.000007 -0.000034 1.373047 0.113574 0.124314
    57 2.998047 -1.612305 -1.022461 -1.501147 -0.272558 -1.578261
    58 2.000008 -3.000000 0.000000 -1.570796 0.000000 -1.326450
    59 3.349001 -1.370995 0.724999 1.977842 -0.088017 1.557794
    60 -0.000002 -0.000004 10.500000 0.000000 0.000000 0.000000
    61 0.018898 0.665158 9.395884 0.000000 0.000000 0.000000
    62 3.028212 -0.923409 -2.009451 1.574082 -0.012974 1.587244
    63 0.116951 4.311603 0.061861 0.000010 0.000000 0.000000
    64 0.000000 0.000000 0.000000 0.000000 0.000000 0.000000
    65 0.000000 1.000000 0.000008 0.000000 0.000000 0.000000
    66 0.000000 0.000000 0.000000 0.000000 0.000000 0.000000
    67 0.000000 0.000000 0.000000 0.000000 0.000000 0.000000
    68 0.000000 0.000000 0.000000 0.000000 0.000000 0.000000
    69 19.253853 0.000000 -0.000001 0.000000 0.000000 0.025253
    70 19.253841 0.000000 0.000000 0.000000 0.000000 0.025250
    71 5.884354 0.000000 0.000004 -0.126310 0.000000 0.000000
    72 11.768705 -0.000001 0.000000 -0.238428 0.000000 0.000000
    73 11.679201 0.000000 -0.000004 0.000000 0.000000 -0.161658
    74 5.837998 -0.735000 -0.525002 0.000000 0.000000 0.000000
    75 5.825531 2.661388 2.409388 -0.001945 -0.016320 -0.024506
    76 6.752561 4.039024 -0.341453 0.001435 0.018681 -0.019052
    77 7.652452 1.954227 -2.880674 0.034288 0.011731 0.007773
    78 11.768707 0.000001 0.000004 0.242666 0.000000 0.000000
    79 5.884352 0.000001 0.000000 0.128617 0.000000 0.000000
    80 11.679197 0.000000 0.000008 0.000000 0.000000 -0.161657
    81 5.837997 -0.641044 0.525002 -0.049483 0.000000 0.000000
    82 5.625286 3.107059 -2.433369 0.110853 0.082458 -0.006869
    83 6.677644 4.114117 0.449763 -0.008964 0.010245 -0.007166
    84 7.673524 1.768635 2.985535 -0.031931 0.006501 0.012462
    85 4.902687 0.655644 -8.954903 0.081942 0.003890 0.000160
    86 2.649670 8.412623 -3.003099 -1.828871 -1.111184 1.884926
    87 2.538502 8.321048 3.447679 1.536390 -1.079904 -1.522285
  time 16
    0 1.780931 -46.603280 35.112324 1.644080 -0.042625 -0.338281
    1 3.806942 0.000000 0.000000 -1.864414 -0.770322 -1.449998
    2 19.263105 0.000000 0.000000 0.000000 0.000000 0.985729
    3 17.589100 0.000000 0.000000 -0.098621 -0.105897 -1.432695
    4 6.240662 0.000000 0.000000 0.020475 -0.027745 -0.346602
    5 -3.806942 0.000000 0.000000 -1.866147 -0.354512 -1.759627
    6 19.263098 0.000000 0.000000 0.000000 0.000000 1.406510
    7 17.589096 0.000000 0.000000 -0.027316 -0.289623 -1.004383
    8 6.240662 0.000000 0.000000 -0.112105 0.023857 -0.523333
    9 0.000000 4.246162 -0.018825 1.487930 -0.231763 1.575079
    10 4.195629 0.000000 0.000000 -0.100599 0.006460 -0.065423
    11 3.883152 0.000001 0.000000 -0.048814 -0.000978 0.091226
    12 5.985943 0.000002 0.000000 -0.060558 0.076018 0.519362
    13 5.620499 0.000002 0.000000 3.429816 -0.032455 0.159694
    14 4.684906 0.000002 0.000000 0.245017 0.056063 0.675017
    15 4.268658 1.531894 1.575000 -0.508625 -1.449780 -1.174310
    16 5.782729 -0.000008 0.000001 -2.608196 -1.264877 -0.182356
    17 11.452765 0.000001 -0.000004 0.000000 0.000000 -1.501031
    18 10.945532 -0.000006 -0.000031 -0.416215 0.065479 0.499125
    19 3.147137 0.005676 -1.551344 0.025530 -0.101227 -0.750908
    20 1.585899 0.000000 0.000000 -0.132564 -0.211450 -0.566008
    21 0.849079 0.000000 0.000000 -0.054473 -0.175380 -0.302889
    22 3.471083 0.213272 -0.574067 0.123378 0.009627 -0.786314
    23 1.897537 -0.000008 0.000000 -0.098477 -0.176680 -0.512089
    24 1.014450 0.000004 0.000000 0.002415 0.009757 -0.242679
    25 3.750084 0.114773 0.430058 0.174782 0.047054 -0.472914
    26 2.258194 0.000000 0.000000 -0.121557 -0.078219 -1.001731
    27 1.210388 0.000008 0.000000 0.001897 0.012019 -0.156562
    28 3.868299 -0.166634 1.490139 0.187548 0.033957 -0.039240
    29 1.786062 0.000000 0.000000 0.048663 0.060672 -0.676684
    30 1.044445 -0.000004 0.000000 0.001276 0.038560 -0.401842
    31 1.121477 -1.351563 1.030997 1.693867 -0.344560 -0.124114
    32 1.928114 0.000000 -0.000004 -0.000001 -0.188118 0.059543
    33 1.285139 0.000000 0.000008 0.000000 -0.040646 0.196333
    34 4.268658 1.531896 -1.575000 0.507413 1.296808 -1.023067
    35 5.782726 0.000000 0.000000 1.829026 1.304725 -0.242869
    36 11.452768 -0.000001 0.000000 0.000000 0.000000 -2.106063
    37 10.945511 -0.000005 0.000015 -0.427001 0.374053 0.652898
    38 3.147156 0.000069 1.551353 -0.323009 -0.149789 -1.078844
    39 1.585901 -0.000008 0.000000 -0.128616 0.004989 -1.609350
    40 0.849083 0.000004 0.000000 0.054471 0.175379 -0.910373
    41 3.471104 0.211185 0.574834 -0.338335 -0.158825 -1.076444
    42 1.897535 0.000000 0.000000 0.047190 0.006501 -1.433989
    43 1.014454 0.000000 0.000000 -0.002415 -0.009755 -0.901518
    44 3.750103 0.116325 -0.429640 -0.351994 -0.189782 -0.975696
    45 2.258196 0.000008 0.000000 0.066384 -0.000264 -1.574762
    46 1.210384 0.000004 0.000000 -0.001896 -0.012017 -0.834506
    47 3.868322 -0.161243 -1.490732 -0.188178 -0.087701 -0.204766
    48 1.786062 -0.000008 0.000000 -0.051327 -0.064037 -0.676424
    49 1.044445 0.000004 -0.000001 -0.001277 -0.038560 -0.033101
    50 1.121500 -1.347832 -1.035882 -1.801955 0.200199 -0.546471
    51 1.928120 -0.000001 0.000000 0.000000 -0.225049 -0.494084
    52 1.285143 0.000000 0.000000 -0.000001 0.040644 -0.404248
    53 7.023272 -6.880002 4.339547 2.620672 -1.456011 -1.105365
    54 3.813803 -3.870654 0.998558 1.570796 -1.069638 0.199892
    55 0.000000 -0.000007 -0.000031 1.373047 0.113574 0.124314
    56 0.000000 -0.000007 -0.000034 1.373047 0.113574 0.124314
    57 2.998047 -1.612305 -1.022461 -1.501147 -0.272558 -1.578261
    58 2.000008 -3.000000 0.000000 -1.570796 0.000000 -1.326450
    59 3.349001 -1.370995 0.724999 1.977842 -0.088017 1.557794
    60 -0.000002 -0.000004 10.500000 0.000000 0.000000 0.000000
    61 0.018898 0.665158 9.395884 0.000000 0.000000 0.000000
    62 3.028212 -0.923409 -2.009451 1.574082 -0.012974 1.587244
    63 0.116951 4.311603 0.061861 0.000010 0.000000 0.000000
    64 0.000000 0.000000 0.000000 0.000000 0.000000 0.000000
    65 0.000000 1.000000 0.000008 0.000000 0.000000 0.000000
    66 0.000000 0.000000 0.000000 0.000000 0.000000 0.000000
    67 0.000000 0.000000 0.000000 0.000000 0.000000 0.000000
    68 0.000000 0.000000 0.000000 0.000000 0.000000 0.000000
    69 19.253853 0.000000 -0.000001 0.000000 0.000000 0.025253
    70 19.253841 0.000000 0.000000 0.000000 0.000000 0.025250
    71 5.884354 0.000000 0.000004 -0.126310 0.000000 0.000000
    72 11.768705 -0.000001 0.000000 -0.238428 0.000000 0.000000
    73 11.679201 0.000000 -0.000004 0.000000 0.000000 -0.161658
    74 5.837998 -0.735000 -0.525002 0.000000 0.000000 0.000000
    75 5.825531 2.661388 2.409388 -0.001945 -0.016320 -0.024506
    76 6.752561 4.039024 -0.341453 0.001435 0.018681 -0.019052
    77 7.652452 1.954227 -2.880674 0.034288 0.011731 0.007773
    78 11.768707 0.000001 0.000004 0.242666 0.000000 0.000000
    79 5.884352 0.000001 0.000000 0.128617 0.000000 0.000000
    80 11.679197 0.000000 0.000008 0.000000 0.000000 -0.161657
    81 5.837997 -0.641044 0.525002 -0.049483 0.000000 0.000000
    82 5.625286 3.107059 -2.433369 0.110853 0.082458 -0.006869
    83 6.677644 4.114117 0.449763 -0.008964 0.010245 -0.007166
    84 7.673524 1.768635 2.985535 -0.031931 0.006501 0.012462
    85 4.902687 0.655644 -8.954903 0.081942 0.003890 0.000160
    86 2.649670 8.412623 -3.003099 -1.828871 -1.111184 1.884926
    87 2.538502 8.321048 3.447679 1.536390 -1.079904 -1.522285
  time 17
    0 1.956718 -49.296411 35.272485 1.646094 -0.036451 -0.324017
    1 3.806942 0.000000 0.000000 -1.842418 -0.722533 -1.486908
    2 19.263105 0.000000 0.000000 0.000000 0.000000 1.031035
    3 17.589100 0.000000 0.000000 -0.084403 -0.107404 -1.527195
    4 6.240662 0.000000 0.000000 0.020475 -0.027745 -0.352526
    5 -3.806942 0.000000 0.000000 -1.829180 -0.511721 -1.709714
    6 19.263098 0.000000 0.000000 0.000000 0.000000 1.515043
    7 17.589096 0.000000 0.000000 0.061739 -0.176792 -1.189030
    8 6.240662 0.000000 0.000000 -0.112105 0.023869 -0.457468
    9 0.000000 4.246162 -0.018825 1.482661 -0.235153 1.581523
    10 4.195629 0.000000 0.000000 -0.103894 0.009348 -0.066069
    11 3.883152 0.000001 0.000000 -0.050468 0.001451 0.092419
    12 5.985943 0.000002 0.000000 -0.063339 0.070769 0.523906
    13 5.620499 0.000002 0.000000 3.429011 -0.028204 0.159787
    14 4.684906 0.000002 0.000000 0.242412 0.055044 0.673393
    15 4.268658 1.531894 1.575000 -0.563814 -1.446051 -1.116780
    16 5.782729 -0.000008 0.000001 -2.623689 -1.269861 -0.176134
    17 11.452765 0.000001 -0.000004 0.000000 0.000000 -1.498115
    18 10.945532 -0.000006 -0.000031 -0.405643 0.066025 0.502326
    19 3.147137 0.005676 -1.551344 0.025530 -0.101227 -0.750908
    20 1.585899 0.000000 0.000000 -0.132564 -0.211450 -0.566008
    21 0.849079 0.000000 0.000000 -0.054473 -0.175380 -0.302889
    22 3.471083 0.213272 -0.574067 0.123378 0.009627 -0.786314
    23 1.897537 -0.000008 0.000000 -0.098477 -0.176680 -0.512089
    24 1.014450 0.000004 0.000000 0.002415 0.009757 -0.242679
    25 3.750084 0.114773 0.430058 0.174782 0.047054 -0.472914
    26 2.258194 0.000000 0.000000 -0.121557 -0.078219 -1.001731
    27 1.210388 0.000008 0.000000 0.001897 0.012019 -0.156562
    28 3.868299 -0.166634 1.490139 0.187548 0.033957 -0.039240
    29 1.786062 0.000000 0.000000 0.048663 0.060672 -0.676684
    30 1.044445 -0.000004 0.000000 0.001276 0.038560 -0.401842
    31 1.121477 -1.351563 1.030997 1.693867 -0.344560 -0.124114
    32 1.928114 0.000000 -0.000004 -0.000001 -0.188118 0.059543
    33 1.285139 0.000000 0.000008 0.000000 -0.040646 0.196333
    34 4.268658 1.531896 -1.575000 0.505143 1.310179 -1.033682
    35 5.782726 0.000000 0.000000 1.823721 1.294256 -0.247463
    36 11.452768 -0.000001 0.000000 0.000000 0.000000 -2.104632
    37 10.945511 -0.000005 0.000015 -0.421685 0.367656 0.650615
    38 3.147156 0.000069 1.551353 -0.323009 -0.149789 -1.078844
    39 1.585901 -0.000008 0.000000 -0.128616 0.004989 -1.609350
    40 0.849083 0.000004 0.000000 0.054471 0.175379 -0.910373
    41 3.471104 0.211185 0.574834 -0.338335 -0.158825 -1.076444
    42 1.897535 0.000000 0.000000 0.047190 0.006501 -1.433989
    43 1.014454 0.000000 0.000000 -0.002415 -0.009755 -0.901518
    44 3.750103 0.116325 -0.429640 -0.351994 -0.189782 -0.975696
    45 2.258196 0.000008 0.000000 0.066384 -0.000264 -1.574762
    46 1.210384 0.000004 0.000000 -0.001896 -0.012017 -0.834506
    47 3.868322 -0.161243 -1.490732 -0.188178 -0.087701 -0.204766
    48 1.786062 -0.000008 0.000000 -0.051327 -0.064037 -0.676424
    49 1.044445 0.000004 -0.000001 -0.001277 -0.038560 -0.033101
    50 1.121500 -1.347832 -1.035882 -1.801955 0.200199 -0.546471
    51 1.928120 -0.000001 0.000000 0.000000 -0.225049 -0.494084
    52 1.285143 0.000000 0.000000 -0.000001 0.040644 -0.404248
    53 7.023272 -6.880002 4.339547 2.620672 -1.456011 -1.105365
    54 3.813803 -3.870654 0.998558 1.570796 -1.069638 0.199892
    55 0.000000 -0.000007 -0.000031 1.373047 0.113574 0.124314
    56 0.000000 -0.000007 -0.000034 1.373047 0.113574 0.124314
    57 2.998047 -1.612305 -1.022461 -1.501147 -0.272558 -1.578261
    58 2.000008 -3.000000 0.000000 -1.570796 0.000000 -1.326450
    59 3.349001 -1.370995 0.724999 1.977842 -0.088017 1.557794
    60 -0.000002 -0.000004 10.500000 0.000000 0.000000 0.000000
    61 0.018898 0.665158 9.395884 0.000000 0.000000 0.000000
    62 3.028212 -0.923409 -2.009451 1.574082 -0.012974 1.587244
    63 0.116951 4.311603 0.061861 0.000010 0.000000 0.000000
    64 0.000000 0.000000 0.000000 0.000000 0.000000 0.000000
    65 0.000000 1.000000 0.000008 0.000000 0.000000 0.000000
    66 0.000000 0.000000 0.000000 0.000000 0.000000 0.000000
    67 0.000000 0.000000 0.000000 0.000000 0.000000 0.000000
    68 0.000000 0.000000 0.000000 0.000000 0.000000 0.000000
    69 19.253853 0.000000 -0.000001 0.000000 0.000000 0.025253
    70 19.253841 0.000000 0.000000 0.000000 0.000000 0.025250
    71 5.884354 0.000000 0.000004 -0.126310 0.000000 0.000000
    72 11.768705 -0.000001 0.000000 -0.238428 0.000000 0.000000
    73 11.679201 0.000000 -0.000004 0.000000 0.000000 -0.161658
    74 5.837998 -0.735000 -0.525002 0.000000 0.000000 0.000000
    75 5.825531 2.661388 2.409388 -0.001945 -0.016320 -0.024506
    76 6.752561 4.039024 -0.341453 0.001435 0.018681 -0.019052
    77 7.652452 1.954227 -2.880674 0.034288 0.011731 0.007773
    78 11.768707 0.000001 0.000004 0.242666 0.000000 0.000000
    79 5.884352 0.000001 0.000000 0.128617 0.000000 0.000000
    80 11.679197 0.000000 0.000008 0.000000 0.000000 -0.161657
    81 5.837997 -0.641044 0.525002 -0.049483 0.000000 0.000000
    82 5.625286 3.107059 -2.433369 0.110853 0.082458 -0.006869
    83 6.677644 4.114117 0.449763 -0.008964 0.010245 -0.007166
    84 7.673524 1.768635 2.985535 -0.031931 0.006501 0.012462
    85 4.902687 0.655644 -8.954903 0.081942 0.003890 0.000160
    86 2.649670 8.412623 -3.003099 -1.828871 -1.111184 1.884926
    87 2.538502 8.321048 3.447679 1.536390 -1.079904 -1.522285
  time 18
    0 2.089534 -51.989542 35.452178 1.641479 -0.028800 -0.313390
    1 3.806942 0.000000 0.000000 -1.830862 -0.652786 -1.516570
    2 19.263105 0.000000 0.000000 0.000000 0.000000 1.051410
    3 17.589100 0.000000 0.000000 -0.071981 -0.106082 -1.608307
    4 6.240662 0.000000 0.000000 0.020475 -0.027745 -0.361745
    5 -3.806942 0.000000 0.000000 -1.767446 -0.651971 -1.659975
    6 19.263098 0.000000 0.000000 0.000000 0.000000 1.521391
    7 17.589096 0.000000 0.000000 0.100187 -0.042036 -1.330880
    8 6.240662 0.000000 0.000000 -0.112105 0.023869 -0.461922
    9 0.000000 4.246162 -0.018825 1.475895 -0.242185 1.589055
    10 4.195629 0.000000 0.000000 -0.105488 0.011673 -0.064291
    11 3.883152 0.000001 0.000000 -0.051302 0.002781 0.091873
    12 5.985943 0.000002 0.000000 -0.065160 0.066718 0.526114
    13 5.620499 0.000002 0.000000 3.428427 -0.023252 0.160967
    14 4.684906 0.000002 0.000000 0.239235 0.054733 0.670004
    15 4.268658 1.531894 1.575000 -0.541490 -1.453871 -1.137744
    16 5.782729 -0.000008 0.000001 -2.629400 -1.261757 -0.165519
    17 11.452765 0.000001 -0.000004 0.000000 0.000000 -1.504708
    18 10.945532 -0.000006 -0.000031 -0.412070 0.058634 0.504022
    19 3.147137 0.005676 -1.551344 0.025530 -0.101227 -0.750908
    20 1.585899 0.000000 0.000000 -0.132564 -0.211450 -0.566008
    21 0.849079 0.000000 0.000000 -0.054473 -0.175380 -0.302889
    22 3.471083 0.213272 -0.574067 0.123378 0.009627 -0.786314
    23 1.897537 -0.000008 0.000000 -0.098477 -0.176680 -0.512089
    24 1.014450 0.000004 0.000000 0.002415 0.009757 -0.242679
    25 3.750084 0.114773 0.430058 0.174782 0.047054 -0.472914
    26 2.258194 0.000000 0.000000 -0.121557 -0.078219 -1.001731
    27 1.210388 0.000008 0.000000 0.001897 0.012019 -0.156562
    28 3.868299 -0.166634 1.490139 0.187548 0.033957 -0.039240
    29 1.786062 0.000000 0.000000 0.048663 0.060672 -0.676684
    30 1.044445 -0.000004 0.000000 0.001276 0.038560 -0.401842
    31 1.121477 -1.351563 1.030997 1.693867 -0.344560 -0.124114
    32 1.928114 0.000000 -0.000004 -0.000001 -0.188118 0.059543
    33 1.285139 0.000000 0.000008 0.000000 -0.040646 0.196333
    34 4.268658 1.531896 -1.575000 0.493890 1.319510 -1.046254
    35 5.782726 0.000000 0.000000 1.847286 1.286519 -0.221183
    36 11.452768 -0.000001 0.000000 0.000000 0.000000 -2.105503
    37 10.945511 -0.000005 0.000015 -0.427808 0.358512 0.647049
    38 3.147156 0.000069 1.551353 -0.323009 -0.149789 -1.078844
    39 1.585901 -0.000008 0.000000 -0.128616 0.004989 -1.609350
    40 0.849083 0.000004 0.000000 0.054471 0.175379 -0.910373
    41 3.471104 0.211185 0.574834 -0.338335 -0.158825 -1.076444
    42 1.897535 0.000000 0.000000 0.047190 0.006501 -1.433989
    43 1.014454 0.000000 0.000000 -0.002415 -0.009755 -0.901518
    44 3.750103 0.116325 -0.429640 -0.351994 -0.189782 -0.975696
    45 2.258196 0.000008 0.000000 0.066384 -0.000264 -1.574762
    46 1.210384 0.000004 0.000000 -0.001896 -0.012017 -0.834506
    47 3.868322 -0.161243 -1.490732 -0.188178 -0.087701 -0.204766
    48 1.786062 -0.000008 0.000000 -0.051327 -0.064037 -0.676424
    49 1.044445 0.000004 -0.000001 -0.001277 -0.038560 -0.033101
    50 1.121500 -1.347832 -1.035882 -1.801955 0.200199 -0.546471
    51 1.928120 -0.000001 0.000000 0.000000 -0.225049 -0.494084
    52 1.285143 0.000000 0.000000 -0.000001 0.040644 -0.404248
    53 7.023272 -6.880002 4.339547 2.620672 -1.456011 -1.105365
    54 3.813803 -3.870654 0.998558 1.570796 -1.069638 0.199892
    55 0.000000 -0.000007 -0.000031 1.373047 0.113574 0.124314
    56 0.000000 -0.000007 -0.000034 1.373047 0.113574 0.124314
    57 2.998047 -1.612305 -1.022461 -1.501147 -0.272558 -1.578261
    58 2.000008 -3.000000 0.000000 -1.570796 0.000000 -1.326450
    59 3.349001 -1.370995 0.724999 1.977842 -0.088017 1.557794
    60 -0.000002 -0.000004 10.500000 0.000000 0.000000 0.000000
    61 0.018898 0.665158 9.395884 0.000000 0.000000 0.000000
    62 3.028212 -0.923409 -2.009451 1.574082 -0.012974 1.587244
    63 0.116951 4.311603 0.061861 0.000010 0.000000 0.000000
    64 0.000000 0.000000 0.000000 0.000000 0.000000 0.000000
    65 0.000000 1.000000 0.000008 0.000000 0.000000 0.000000
    66 0.000000 0.000000 0.000000 0.000000 0.000000 0.000000
    67 0.000000 0.000000 0.000000 0.000000 0.000000 0.000000
    68 0.000000 0.000000 0.000000 0.000000 0.000000 0.000000
    69 19.253853 0.000000 -0.000001 0.000000 0.000000 0.025253
    70 19.253841 0.000000 0.000000 0.000000 0.000000 0.025250
    71 5.884354 0.000000 0.000004 -0.126310 0.000000 0.000000
    72 11.768705 -0.000001 0.000000 -0.238428 0.000000 0.000000
    73 11.679201 0.000000 -0.000004 0.000000 0.000000 -0.161658
    74 5.837998 -0.735000 -0.525002 0.000000 0.000000 0.000000
    75 5.825531 2.661388 2.409388 -0.001945 -0.016320 -0.024506
    76 6.752561 4.039024 -0.341453 0.001435 0.018681 -0.019052
    77 7.652452 1.954227 -2.880674 0.034288 0.011731 0.007773
    78 11.768707 0.000001 0.000004 0.242666 0.000000 0.000000
    79 5.884352 0.000001 0.000000 0.128617 0.000000 0.000000
    80 11.679197 0.000000 0.000008 0.000000 0.000000 -0.161657
    81 5.837997 -0.641044 0.525002 -0.049483 0.000000 0.000000
    82 5.625286 3.107059 -2.433369 0.110853 0.082458 -0.006869
    83 6.677644 4.114117 0.449763 -0.008964 0.010245 -0.007166
    84 7.673524 1.768635 2.985535 -0.031931 0.006501 0.012462
    85 4.902687 0.655644 -8.954903 0.081942 0.003890 0.000160
    86 2.649670 8.412623 -3.003099 -1.828871 -1.111184 1.884926
    87 2.538502 8.321048 3.447679 1.536390 -1.079904 -1.522285
  time 19
    0 2.159849 -54.729267 35.667028 1.632334 -0.017733 -0.304773
    1 3.806942 0.000000 0.000000 -1.830862 -0.564588 -1.534937
    2 19.263105 0.000000 0.000000 0.000000 0.000000 1.049782
    3 17.589100 0.000000 0.000000 -0.055734 -0.099349 -1.676080
    4 6.240662 0.000000 0.000000 0.020475 -0.027733 -0.368595
    5 -3.806942 0.000000 0.000000 -1.720688 -0.766575 -1.606249
    6 19.263098 0.000000 0.000000 0.000000 0.000000 1.436041
    7 17.589096 0.000000 0.000000 0.104419 -0.018690 -1.401088
    8 6.240662 0.000000 0.000000 -0.112105 0.023869 -0.451831
    9 0.000000 4.246162 -0.018825 1.469168 -0.249767 1.598132
    10 4.195629 0.000000 0.000000 -0.106974 0.014609 -0.059629
    11 3.883152 0.000001 0.000000 -0.052049 0.003346 0.092936
    12 5.985943 0.000002 0.000000 -0.067030 0.061685 0.526013
    13 5.620499 0.000002 0.000000 3.430984 -0.013104 0.159072
    14 4.684906 0.000002 0.000000 0.236690 0.052120 0.672083
    15 4.268658 1.531894 1.575000 -0.543693 -1.454848 -1.141190
    16 5.782729 -0.000008 0.000001 -2.641841 -1.246804 -0.136420
    17 11.452765 0.000001 -0.000004 0.000000 0.000000 -1.512253
    18 10.945532 -0.000006 -0.000031 -0.434476 0.050989 0.509014
    19 3.147137 0.005676 -1.551344 0.025530 -0.101227 -0.750908
    20 1.585899 0.000000 0.000000 -0.132564 -0.211450 -0.566008
    21 0.849079 0.000000 0.000000 -0.054473 -0.175380 -0.302889
    22 3.471083 0.213272 -0.574067 0.123378 0.009627 -0.786314
    23 1.897537 -0.000008 0.000000 -0.098477 -0.176680 -0.512089
    24 1.014450 0.000004 0.000000 0.002415 0.009757 -0.242679
    25 3.750084 0.114773 0.430058 0.174782 0.047054 -0.472914
    26 2.258194 0.000000 0.000000 -0.121557 -0.078219 -1.001731
    27 1.210388 0.000008 0.000000 0.001897 0.012019 -0.156562
    28 3.868299 -0.166634 1.490139 0.187548 0.033957 -0.039240
    29 1.786062 0.000000 0.000000 0.048663 0.060672 -0.676684
    30 1.044445 -0.000004 0.000000 0.001276 0.038560 -0.401842
    31 1.121477 -1.351563 1.030997 1.693867 -0.344560 -0.124114
    32 1.928114 0.000000 -0.000004 -0.000001 -0.188118 0.059543
    33 1.285139 0.000000 0.000008 0.000000 -0.040646 0.196333
    34 4.268658 1.531896 -1.575000 0.490675 1.313969 -1.043833
    35 5.782726 0.000000 0.000000 1.895806 1.287989 -0.177406
    36 11.452768 -0.000001 0.000000 0.000000 0.000000 -2.110171
    37 10.945511 -0.000005 0.000015 -0.426799 0.359061 0.646669
    38 3.147156 0.000069 1.551353 -0.323009 -0.149789 -1.078844
    39 1.585901 -0.000008 0.000000 -0.128616 0.004989 -1.609350
    40 0.849083 0.000004 0.000000 0.054471 0.175379 -0.910373
    41 3.471104 0.211185 0.574834 -0.338335 -0.158825 -1.076444
    42 1.897535 0.000000 0.000000 0.047190 0.006501 -1.433989
    43 1.014454 0.000000 0.000000 -0.002415 -0.009755 -0.901518
    44 3.750103 0.116325 -0.429640 -0.351994 -0.189782 -0.975696
    45 2.258196 0.000008 0.000000 0.066384 -0.000264 -1.574762
    46 1.210384 0.000004 0.000000 -0.001896 -0.012017 -0.834506
    47 3.868322 -0.161243 -1.490732 -0.188178 -0.087701 -0.204766
    48 1.786062 -0.000008 0.000000 -0.051327 -0.064037 -0.676424
    49 1.044445 0.000004 -0.000001 -0.001277 -0.038560 -0.033101
    50 1.121500 -1.347832 -1.035882 -1.801955 0.200199 -0.546471
    51 1.928120 -0.000001 0.000000 0.000000 -0.225049 -0.494084
    52 1.285143 0.000000 0.000000 -0.000001 0.040644 -0.404248
    53 7.023272 -6.880002 4.339547 2.620672 -1.456011 -1.105365
    54 3.813803 -3.870654 0.998558 1.570796 -1.069638 0.199892
    55 0.000000 -0.000007 -0.000031 1.373047 0.113574 0.124314
    56 0.000000 -0.000007 -0.000034 1.373047 0.113574 0.124314
    57 2.998047 -1.612305 -1.022461 -1.501147 -0.272558 -1.578261
    58 2.000008 -3.000000 0.000000 -1.570796 0.000000 -1.326450
    59 3.349001 -1.370995 0.724999 1.977842 -0.088017 1.557794
    60 -0.000002 -0.000004 10.500000 0.000000 0.000000 0.000000
    61 0.018898 0.665158 9.395884 0.000000 0.000000 0.000000
    62 3.028212 -0.923409 -2.009451 1.574082 -0.012974 1.587244
    63 0.116951 4.311603 0.061861 0.000010 0.000000 0.000000
    64 0.000000 0.000000 0.000000 0.000000 0.000000 0.000000
    65 0.000000 1.000000 0.000008 0.000000 0.000000 0.000000
    66 0.000000 0.000000 0.000000 0.000000 0.000000 0.000000
    67 0.000000 0.000000 0.000000 0.000000 0.000000 0.000000
    68 0.000000 0.000000 0.000000 0.000000 0.000000 0.000000
    69 19.253853 0.000000 -0.000001 0.000000 0.000000 0.025253
    70 19.253841 0.000000 0.000000 0.000000 0.000000 0.025250
    71 5.884354 0.000000 0.000004 -0.126310 0.000000 0.000000
    72 11.768705 -0.000001 0.000000 -0.238428 0.000000 0.000000
    73 11.679201 0.000000 -0.000004 0.000000 0.000000 -0.161658
    74 5.837998 -0.735000 -0.525002 0.000000 0.000000 0.000000
    75 5.825531 2.661388 2.409388 -0.001945 -0.016320 -0.024506
    76 6.752561 4.039024 -0.341453 0.001435 0.018681 -0.019052
    77 7.652452 1.954227 -2.880674 0.034288 0.011731 0.007773
    78 11.768707 0.000001 0.000004 0.242666 0.000000 0.000000
    79 5.884352 0.000001 0.000000 0.128617 0.000000 0.000000
    80 11.679197 0.000000 0.000008 0.000000 0.000000 -0.161657
    81 5.837997 -0.641044 0.525002 -0.049483 0.000000 0.000000
    82 5.625286 3.107059 -2.433369 0.110853 0.082458 -0.006869
    83 6.677644 4.114117 0.449763 -0.008964 0.010245 -0.007166
    84 7.673524 1.768635 2.985535 -0.031931 0.006501 0.012462
    85 4.902687 0.655644 -8.954903 0.081942 0.003890 0.000160
    86 2.649670 8.412623 -3.003099 -1.828871 -1.111184 1.884926
    87 2.538502 8.321048 3.447679 1.536390 -1.079904 -1.522285
  time 20
    0 2.124692 -57.562180 35.854534 1.616583 -0.005418 -0.295774
    1 3.806942 0.000000 0.000000 -1.838287 -0.457524 -1.546944
    2 19.263105 0.000000 0.000000 0.000000 0.000000 1.029929
    3 17.589100 0.000000 0.000000 -0.040418 -0.086436 -1.732042
    4 6.240662 0.000000 0.000000 0.020475 -0.027733 -0.380415
    5 -3.806942 0.000000 0.000000 -1.682041 -0.826323 -1.556394
    6 19.263098 0.000000 0.000000 0.000000 0.000000 1.265894
    7 17.589096 0.000000 0.000000 0.101549 -0.064144 -1.439778
    8 6.240662 0.000000 0.000000 -0.112105 0.023869 -0.448245
    9 0.000000 4.246162 -0.018825 1.460846 -0.256936 1.606868
    10 4.195629 0.000000 0.000000 -0.108820 0.017102 -0.052991
    11 3.883152 0.000001 0.000000 -0.052833 0.003621 0.096142
    12 5.985943 0.000002 0.000000 -0.069403 0.057238 0.526291
    13 5.620499 0.000002 0.000000 3.436661 0.000655 0.159818
    14 4.684906 0.000002 0.000000 0.234835 0.048704 0.673462
    15 4.268658 1.531894 1.575000 -0.551933 -1.457129 -1.136787
    16 5.782729 -0.000008 0.000001 -2.651074 -1.243290 -0.120864
    17 11.452765 0.000001 -0.000004 0.000000 0.000000 -1.519037
    18 10.945532 -0.000006 -0.000031 -0.439642 0.048586 0.513175
    19 3.147137 0.005676 -1.551344 0.025530 -0.101227 -0.750908
    20 1.585899 0.000000 0.000000 -0.132564 -0.211450 -0.566008
    21 0.849079 0.000000 0.000000 -0.054473 -0.175380 -0.302889
    22 3.471083 0.213272 -0.574067 0.123378 0.009627 -0.786314
    23 1.897537 -0.000008 0.000000 -0.098477 -0.176680 -0.512089
    24 1.014450 0.000004 0.000000 0.002415 0.009757 -0.242679
    25 3.750084 0.114773 0.430058 0.174782 0.047054 -0.472914
    26 2.258194 0.000000 0.000000 -0.121557 -0.078219 -1.001731
    27 1.210388 0.000008 0.000000 0.001897 0.012019 -0.156562
    28 3.868299 -0.166634 1.490139 0.187548 0.033957 -0.039240
    29 1.786062 0.000000 0.000000 0.048663 0.060672 -0.676684
    30 1.044445 -0.000004 0.000000 0.001276 0.038560 -0.401842
    31 1.121477 -1.351563 1.030997 1.693867 -0.344560 -0.124114
    32 1.928114 0.000000 -0.000004 -0.000001 -0.188118 0.059543
    33 1.285139 0.000000 0.000008 0.000000 -0.040646 0.196333
    34 4.268658 1.531896 -1.575000 0.458807 1.321691 -1.070838
    35 5.782726 0.000000 0.000000 1.966586 1.278361 -0.095593
    36 11.452768 -0.000001 0.000000 0.000000 0.000000 -2.118325
    37 10.945511 -0.000005 0.000015 -0.415697 0.364958 0.657272
    38 3.147156 0.000069 1.551353 -0.323009 -0.149789 -1.078844
    39 1.585901 -0.000008 0.000000 -0.128616 0.004989 -1.609350
    40 0.849083 0.000004 0.000000 0.054471 0.175379 -0.910373
    41 3.471104 0.211185 0.574834 -0.338335 -0.158825 -1.076444
    42 1.897535 0.000000 0.000000 0.047190 0.006501 -1.433989
    43 1.014454 0.000000 0.000000 -0.002415 -0.009755 -0.901518
    44 3.750103 0.116325 -0.429640 -0.351994 -0.189782 -0.975696
    45 2.258196 0.000008 0.000000 0.066384 -0.000264 -1.574762
    46 1.210384 0.000004 0.000000 -0.001896 -0.012017 -0.834506
    47 3.868322 -0.161243 -1.490732 -0.188178 -0.087701 -0.204766
    48 1.786062 -0.000008 0.000000 -0.051327 -0.064037 -0.676424
    49 1.044445 0.000004 -0.000001 -0.001277 -0.038560 -0.033101
    50 1.121500 -1.347832 -1.035882 -1.801955 0.200199 -0.546471
    51 1.928120 -0.000001 0.000000 0.000000 -0.225049 -0.494084
    52 1.285143 0.000000 0.000000 -0.000001 0.040644 -0.404248
    53 7.023272 -6.880002 4.339547 2.620672 -1.456011 -1.105365
    54 3.813803 -3.870654 0.998558 1.570796 -1.069638 0.199892
    55 0.000000 -0.000007 -0.000031 1.373047 0.113574 0.124314
    56 0.000000 -0.000007 -0.000034 1.373047 0.113574 0.124314
    57 2.998047 -1.612305 -1.022461 -1.501147 -0.272558 -1.578261
    58 2.000008 -3.000000 0.000000 -1.570796 0.000000 -1.326450
    59 3.349001 -1.370995 0.724999 1.977842 -0.088017 1.557794
    60 -0.000002 -0.000004 10.500000 0.000000 0.000000 0.000000
    61 0.018898 0.665158 9.395884 0.000000 0.000000 0.000000
    62 3.028212 -0.923409 -2.009451 1.574082 -0.012974 1.587244
    63 0.116951 4.311603 0.061861 0.000010 0.000000 0.000000
    64 0.000000 0.000000 0.000000 0.000000 0.000000 0.000000
    65 0.000000 1.000000 0.000008 0.000000 0.000000 0.000000
    66 0.000000 0.000000 0.000000 0.000000 0.000000 0.000000
    67 0.000000 0.000000 0.000000 0.000000 0.000000 0.000000
    68 0.000000 0.000000 0.000000 0.000000 0.000000 0.000000
    69 19.253853 0.000000 -0.000001 0.000000 0.000000 0.025253
    70 19.253841 0.000000 0.000000 0.000000 0.000000 0.025250
    71 5.884354 0.000000 0.000004 -0.126310 0.000000 0.000000
    72 11.768705 -0.000001 0.000000 -0.238428 0.000000 0.000000
    73 11.679201 0.000000 -0.000004 0.000000 0.000000 -0.161658
    74 5.837998 -0.735000 -0.525002 0.000000 0.000000 0.000000
    75 5.825531 2.661388 2.409388 -0.001945 -0.016320 -0.024506
    76 6.752561 4.039024 -0.341453 0.001435 0.018681 -0.019052
    77 7.652452 1.954227 -2.880674 0.034288 0.011731 0.007773
    78 11.768707 0.000001 0.000004 0.242666 0.000000 0.000000
    79 5.884352 0.000001 0.000000 0.128617 0.000000 0.000000
    80 11.679197 0.000000 0.000008 0.000000 0.000000 -0.161657
    81 5.837997 -0.641044 0.525002 -0.049483 0.000000 0.000000
    82 5.625286 3.107059 -2.433369 0.110853 0.082458 -0.006869
    83 6.677644 4.114117 0.449763 -0.008964 0.010245 -0.007166
    84 7.673524 1.768635 2.985535 -0.031931 0.006501 0.012462
    85 4.902687 0.655644 -8.954903 0.081942 0.003890 0.000160
    86 2.649670 8.412623 -3.003099 -1.828871 -1.111184 1.884926
    87 2.538502 8.321048 3.447679 1.536390 -1.079904 -1.522285
  time 21
    0 1.991875 -60.525556 35.838909 1.601901 0.004335 -0.283807
    1 3.806942 0.000000 0.000000 -1.850402 -0.345570 -1.554815
    2 19.263105 0.000000 0.000000 0.000000 0.000000 1.006820
    3 17.589100 0.000000 0.000000 -0.031840 -0.062731 -1.784558
    4 6.240662 0.000000 0.000000 0.020475 -0.027733 -0.392755
    5 -3.806942 0.000000 0.000000 -1.649018 -0.850003 -1.520231
    6 19.263098 0.000000 0.000000 0.000000 0.000000 1.042411
    7 17.589096 0.000000 0.000000 0.161544 -0.115050 -1.455611
    8 6.240662 0.000000 0.000000 -0.112105 0.023869 -0.479936
    9 0.000000 4.246162 -0.018825 1.449414 -0.258654 1.612985
    10 4.195629 0.000000 0.000000 -0.113290 0.018720 -0.049833
    11 3.883152 0.000001 0.000000 -0.054807 0.004461 0.100239
    12 5.985943 0.000002 0.000000 -0.072842 0.052528 0.529737
    13 5.620499 0.000002 0.000000 3.441050 0.011001 0.161106
    14 4.684906 0.000002 0.000000 0.234657 0.044342 0.671908
    15 4.268658 1.531894 1.575000 -0.546376 -1.459736 -1.139084
    16 5.782729 -0.000008 0.000001 -2.669071 -1.242322 -0.100794
    17 11.452765 0.000001 -0.000004 0.000000 0.000000 -1.524933
    18 10.945532 -0.000006 -0.000031 -0.439342 0.048295 0.512534
    19 3.147137 0.005676 -1.551344 0.025530 -0.101227 -0.750908
    20 1.585899 0.000000 0.000000 -0.132564 -0.211450 -0.566008
    21 0.849079 0.000000 0.000000 -0.054473 -0.175380 -0.302889
    22 3.471083 0.213272 -0.574067 0.123378 0.009627 -0.786314
    23 1.897537 -0.000008 0.000000 -0.098477 -0.176680 -0.512089
    24 1.014450 0.000004 0.000000 0.002415 0.009757 -0.242679
    25 3.750084 0.114773 0.430058 0.174782 0.047054 -0.472914
    26 2.258194 0.000000 0.000000 -0.121557 -0.078219 -1.001731
    27 1.210388 0.000008 0.000000 0.001897 0.012019 -0.156562
    28 3.868299 -0.166634 1.490139 0.187548 0.033957 -0.039240
    29 1.786062 0.000000 0.000000 0.048663 0.060672 -0.676684
    30 1.044445 -0.000004 0.000000 0.001276 0.038560 -0.401842
    31 1.121477 -1.351563 1.030997 1.693867 -0.344560 -0.124114
    32 1.928114 0.000000 -0.000004 -0.000001 -0.188118 0.059543
    33 1.285139 0.000000 0.000008 0.000000 -0.040646 0.196333
    34 4.268658 1.531896 -1.575000 0.436869 1.330343 -1.087041
    35 5.782726 0.000000 0.000000 2.011888 1.269083 -0.036818
    36 11.452768 -0.000001 0.000000 0.000000 0.000000 -2.124549
    37 10.945511 -0.000005 0.000015 -0.409506 0.378001 0.666591
    38 3.147156 0.000069 1.551353 -0.323009 -0.149789 -1.078844
    39 1.585901 -0.000008 0.000000 -0.128616 0.004989 -1.609350
    40 0.849083 0.000004 0.000000 0.054471 0.175379 -0.910373
    41 3.471104 0.211185 0.574834 -0.338335 -0.158825 -1.076444
    42 1.897535 0.000000 0.000000 0.047190 0.006501 -1.433989
    43 1.014454 0.000000 0.000000 -0.002415 -0.009755 -0.901518
    44 3.750103 0.116325 -0.429640 -0.351994 -0.189782 -0.975696
    45 2.258196 0.000008 0.000000 0.066384 -0.000264 -1.574762
    46 1.210384 0.000004 0.000000 -0.001896 -0.012017 -0.834506
    47 3.868322 -0.161243 -1.490732 -0.188178 -0.087701 -0.204766
    48 1.786062 -0.000008 0.000000 -0.051327 -0.064037 -0.676424
    49 1.044445 0.000004 -0.000001 -0.001277 -0.038560 -0.033101
    50 1.121500 -1.347832 -1.035882 -1.801955 0.200199 -0.546471
    51 1.928120 -0.000001 0.000000 0.000000 -0.225049 -0.494084
    52 1.285143 0.000000 0.000000 -0.000001 0.040644 -0.404248
    53 7.023272 -6.880002 4.339547 2.620672 -1.456011 -1.105365
    54 3.813803 -3.870654 0.998558 1.570796 -1.069638 0.199892
    55 0.000000 -0.000007 -0.000031 1.373047 0.113574 0.124314
    56 0.000000 -0.000007 -0.000034 1.373047 0.113574 0.124314
    57 2.998047 -1.612305 -1.022461 -1.501147 -0.272558 -1.578261
    58 2.000008 -3.000000 0.000000 -1.570796 0.000000 -1.326450
    59 3.349001 -1.370995 0.724999 1.977842 -0.088017 1.557794
    60 -0.000002 -0.000004 10.500000 0.000000 0.000000 0.000000
    61 0.018898 0.665158 9.395884 0.000000 0.000000 0.000000
    62 3.028212 -0.923409 -2.009451 1.574082 -0.012974 1.587244
    63 0.116951 4.311603 0.061861 0.000010 0.000000 0.000000
    64 0.000000 0.000000 0.000000 0.000000 0.000000 0.000000
    65 0.000000 1.000000 0.000008 0.000000 0.000000 0.000000
    66 0.000000 0.000000 0.000000 0.000000 0.000000 0.000000
    67 0.000000 0.000000 0.000000 0.000000 0.000000 0.000000
    68 0.000000 0.000000 0.000000 0.000000 0.000000 0.000000
    69 19.253853 0.000000 -0.000001 0.000000 0.000000 0.025253
    70 19.253841 0.000000 0.000000 0.000000 0.000000 0.025250
    71 5.884354 0.000000 0.000004 -0.126310 0.000000 0.000000
    72 11.768705 -0.000001 0.000000 -0.238428 0.000000 0.000000
    73 11.679201 0.000000 -0.000004 0.000000 0.000000 -0.161658
    74 5.837998 -0.735000 -0.525002 0.000000 0.000000 0.000000
    75 5.825531 2.661388 2.409388 -0.001945 -0.016320 -0.024506
    76 6.752561 4.039024 -0.341453 0.001435 0.018681 -0.019052
    77 7.652452 1.954227 -2.880674 0.034288 0.011731 0.007773
    78 11.768707 0.000001 0.000004 0.242666 0.000000 0.000000
    79 5.884352 0.000001 0.000000 0.128617 0.000000 0.000000
    80 11.679197 0.000000 0.000008 0.000000 0.000000 -0.161657
    81 5.837997 -0.641044 0.525002 -0.049483 0.000000 0.000000
    82 5.625286 3.107059 -2.433369 0.110853 0.082458 -0.006869
    83 6.677644 4.114117 0.449763 -0.008964 0.010245 -0.007166
    84 7.673524 1.768635 2.985535 -0.031931 0.006501 0.012462
    85 4.902687 0.655644 -8.954903 0.081942 0.003890 0.000160
    86 2.649670 8.412623 -3.003099 -1.828871 -1.111184 1.884926
    87 2.538502 8.321048 3.447679 1.536390 -1.079904 -1.522285
  time 22
    0 1.847339 -63.647351 35.659216 1.584891 0.007881 -0.265617
    1 3.806942 0.000000 0.000000 -1.848950 -0.223698 -1.572826
    2 19.263105 0.000000 0.000000 0.000000 0.000000 0.973101
    3 17.589100 0.000000 0.000000 -0.030974 -0.045175 -1.826689
    4 6.240662 0.000000 0.000000 0.020475 -0.027733 -0.415037
    5 -3.806942 0.000000 0.000000 -1.607741 -0.848494 -1.505442
    6 19.263098 0.000000 0.000000 0.000000 0.000000 0.807269
    7 17.589096 0.000000 0.000000 0.210424 -0.133744 -1.457936
    8 6.240662 0.000000 0.000000 -0.112105 0.023869 -0.472880
    9 0.000000 4.246162 -0.018825 1.435551 -0.258288 1.616902
    10 4.195629 0.000000 0.000000 -0.119211 0.018145 -0.048801
    11 3.883152 0.000001 0.000000 -0.057392 0.005042 0.104322
    12 5.985943 0.000002 0.000000 -0.076438 0.049628 0.534217
    13 5.620499 0.000002 0.000000 3.444453 0.024394 0.168404
    14 4.684906 0.000002 0.000000 0.231283 0.040147 0.663681
    15 4.268658 1.531894 1.575000 -0.568509 -1.464695 -1.106729
    16 5.782729 -0.000008 0.000001 -2.686284 -1.242322 -0.083286
    17 11.452765 0.000001 -0.000004 0.000000 0.000000 -1.529498
    18 10.945532 -0.000006 -0.000031 -0.441084 0.046765 0.508982
    19 3.147137 0.005676 -1.551344 0.025530 -0.101227 -0.750908
    20 1.585899 0.000000 0.000000 -0.132564 -0.211450 -0.566008
    21 0.849079 0.000000 0.000000 -0.054473 -0.175380 -0.302889
    22 3.471083 0.213272 -0.574067 0.123378 0.009627 -0.786314
    23 1.897537 -0.000008 0.000000 -0.098477 -0.176680 -0.512089
    24 1.014450 0.000004 0.000000 0.002415 0.009757 -0.242679
    25 3.750084 0.114773 0.430058 0.174782 0.047054 -0.472914
    26 2.258194 0.000000 0.000000 -0.121557 -0.078219 -1.001731
    27 1.210388 0.000008 0.000000 0.001897 0.012019 -0.156562
    28 3.868299 -0.166634 1.490139 0.187548 0.033957 -0.039240
    29 1.786062 0.000000 0.000000 0.048663 0.060672 -0.676684
    30 1.044445 -0.000004 0.000000 0.001276 0.038560 -0.401842
    31 1.121477 -1.351563 1.030997 1.693867 -0.344560 -0.124114
    32 1.928114 0.000000 -0.000004 -0.000001 -0.188118 0.059543
    33 1.285139 0.000000 0.000008 0.000000 -0.040646 0.196333
    34 4.268658 1.531896 -1.575000 0.394977 1.331952 -1.120099
    35 5.782726 0.000000 0.000000 2.057974 1.260750 0.026483
    36 11.452768 -0.000001 0.000000 0.000000 0.000000 -2.129218
    37 10.945511 -0.000005 0.000015 -0.399817 0.390644 0.677337
    38 3.147156 0.000069 1.551353 -0.323009 -0.149789 -1.078844
    39 1.585901 -0.000008 0.000000 -0.128616 0.004989 -1.609350
    40 0.849083 0.000004 0.000000 0.054471 0.175379 -0.910373
    41 3.471104 0.211185 0.574834 -0.338335 -0.158825 -1.076444
    42 1.897535 0.000000 0.000000 0.047190 0.006501 -1.433989
    43 1.014454 0.000000 0.000000 -0.002415 -0.009755 -0.901518
    44 3.750103 0.116325 -0.429640 -0.351994 -0.189782 -0.975696
    45 2.258196 0.000008 0.000000 0.066384 -0.000264 -1.574762
    46 1.210384 0.000004 0.000000 -0.001896 -0.012017 -0.834506
    47 3.868322 -0.161243 -1.490732 -0.188178 -0.087701 -0.204766
    48 1.786062 -0.000008 0.000000 -0.051327 -0.064037 -0.676424
    49 1.044445 0.000004 -0.000001 -0.001277 -0.038560 -0.033101
    50 1.121500 -1.347832 -1.035882 -1.801955 0.200199 -0.546471
    51 1.928120 -0.000001 0.000000 0.000000 -0.225049 -0.494084
    52 1.285143 0.000000 0.000000 -0.000001 0.040644 -0.404248
    53 7.023272 -6.880002 4.339547 2.620672 -1.456011 -1.105365
    54 3.813803 -3.870654 0.998558 1.570796 -1.069638 0.199892
    55 0.000000 -0.000007 -0.000031 1.373047 0.113574 0.124314
    56 0.000000 -0.000007 -0.000034 1.373047 0.113574 0.124314
    57 2.998047 -1.612305 -1.022461 -1.501147 -0.272558 -1.578261
    58 2.000008 -3.000000 0.000000 -1.570796 0.000000 -1.326450
    59 3.349001 -1.370995 0.724999 1.977842 -0.088017 1.557794
    60 -0.000002 -0.000004 10.500000 0.000000 0.000000 0.000000
    61 0.018898 0.665158 9.395884 0.000000 0.000000 0.000000
    62 3.028212 -0.923409 -2.009451 1.574082 -0.012974 1.587244
    63 0.116951 4.311603 0.061861 0.000010 0.000000 0.000000
    64 0.000000 0.000000 0.000000 0.000000 0.000000 0.000000
    65 0.000000 1.000000 0.000008 0.000000 0.000000 0.000000
    66 0.000000 0.000000 0.000000 0.000000 0.000000 0.000000
    67 0.000000 0.000000 0.000000 0.000000 0.000000 0.000000
    68 0.000000 0.000000 0.000000 0.000000 0.000000 0.000000
    69 19.253853 0.000000 -0.000001 0.000000 0.000000 0.025253
    70 19.253841 0.000000 0.000000 0.000000 0.000000 0.025250
    71 5.884354 0.000000 0.000004 -0.126310 0.000000 0.000000
    72 11.768705 -0.000001 0.000000 -0.238428 0.000000 0.000000
    73 11.679201 0.000000 -0.000004 0.000000 0.000000 -0.161658
    74 5.837998 -0.735000 -0.525002 0.000000 0.000000 0.000000
    75 5.825531 2.661388 2.409388 -0.001945 -0.016320 -0.024506
    76 6.752561 4.039024 -0.341453 0.001435 0.018681 -0.019052
    77 7.652452 1.954227 -2.880674 0.034288 0.011731 0.007773
    78 11.768707 0.000001 0.000004 0.242666 0.000000 0.000000
    79 5.884352 0.000001 0.000000 0.128617 0.000000 0.000000
    80 11.679197 0.000000 0.000008 0.000000 0.000000 -0.161657
    81 5.837997 -0.641044 0.525002 -0.049483 0.000000 0.000000
    82 5.625286 3.107059 -2.433369 0.110853 0.082458 -0.006869
    83 6.677644 4.114117 0.449763 -0.008964 0.010245 -0.007166
    84 7.673524 1.768635 2.985535 -0.031931 0.006501 0.012462
    85 4.902687 0.655644 -8.954903 0.081942 0.003890 0.000160
    86 2.649670 8.412623 -3.003099 -1.828871 -1.111184 1.884926
    87 2.538502 8.321048 3.447679 1.536390 -1.079904 -1.522285
  time 23
    0 1.691085 -66.908928 35.420927 1.562427 -0.004565 -0.234886
    1 3.806942 0.000000 0.000000 -1.838678 -0.086005 -1.606979
    2 19.263105 0.000000 0.000000 0.000000 0.000000 0.917770
    3 17.589100 0.000000 0.000000 -0.035833 -0.029926 -1.839387
    4 6.240662 0.000000 0.000000 0.020475 -0.027733 -0.457954
    5 -3.806942 0.000000 0.000000 -1.562372 -0.818095 -1.525488
    6 19.263098 0.000000 0.000000 0.000000 0.000000 0.586615
    7 17.589096 0.000000 0.000000 0.251426 -0.120685 -1.462290
    8 6.240662 0.000000 0.000000 -0.112105 0.023869 -0.475639
    9 0.000000 4.246162 -0.018825 1.415622 -0.257097 1.615107
    10 4.195629 0.000000 0.000000 -0.130404 0.014094 -0.046774
    11 3.883152 0.000001 0.000000 -0.062221 0.003697 0.109152
    12 5.985943 0.000002 0.000000 -0.081987 0.047639 0.537183
    13 5.620499 0.000002 0.000000 3.447674 0.030809 0.179723
    14 4.684906 0.000002 0.000000 0.229626 0.038002 0.657882
    15 4.268658 1.531894 1.575000 -0.581252 -1.464442 -1.083947
    16 5.782729 -0.000008 0.000001 -2.688866 -1.241497 -0.077979
    17 11.452765 0.000001 -0.000004 0.000000 0.000000 -1.529624
    18 10.945532 -0.000006 -0.000031 -0.449194 0.043780 0.505174
    19 3.147137 0.005676 -1.551344 0.025530 -0.101227 -0.750908
    20 1.585899 0.000000 0.000000 -0.132564 -0.211450 -0.566008
    21 0.849079 0.000000 0.000000 -0.054473 -0.175380 -0.302889
    22 3.471083 0.213272 -0.574067 0.123378 0.009627 -0.786314
    23 1.897537 -0.000008 0.000000 -0.098477 -0.176680 -0.512089
    24 1.014450 0.000004 0.000000 0.002415 0.009757 -0.242679
    25 3.750084 0.114773 0.430058 0.174782 0.047054 -0.472914
    26 2.258194 0.000000 0.000000 -0.121557 -0.078219 -1.001731
    27 1.210388 0.000008 0.000000 0.001897 0.012019 -0.156562
    28 3.868299 -0.166634 1.490139 0.187548 0.033957 -0.039240
    29 1.786062 0.000000 0.000000 0.048663 0.060672 -0.676684
    30 1.044445 -0.000004 0.000000 0.001276 0.038560 -0.401842
    31 1.121477 -1.351563 1.030997 1.693867 -0.344560 -0.124114
    32 1.928114 0.000000 -0.000004 -0.000001 -0.188118 0.059543
    33 1.285139 0.000000 0.000008 0.000000 -0.040646 0.196333
    34 4.268658 1.531896 -1.575000 0.410675 1.329020 -1.104454
    35 5.782726 0.000000 0.000000 2.055191 1.253363 0.033036
    36 11.452768 -0.000001 0.000000 0.000000 0.000000 -2.132952
    37 10.945511 -0.000005 0.000015 -0.388110 0.398689 0.687084
    38 3.147156 0.000069 1.551353 -0.323009 -0.149789 -1.078844
    39 1.585901 -0.000008 0.000000 -0.128616 0.004989 -1.609350
    40 0.849083 0.000004 0.000000 0.054471 0.175379 -0.910373
    41 3.471104 0.211185 0.574834 -0.338335 -0.158825 -1.076444
    42 1.897535 0.000000 0.000000 0.047190 0.006501 -1.433989
    43 1.014454 0.000000 0.000000 -0.002415 -0.009755 -0.901518
    44 3.750103 0.116325 -0.429640 -0.351994 -0.189782 -0.975696
    45 2.258196 0.000008 0.000000 0.066384 -0.000264 -1.574762
    46 1.210384 0.000004 0.000000 -0.001896 -0.012017 -0.834506
    47 3.868322 -0.161243 -1.490732 -0.188178 -0.087701 -0.204766
    48 1.786062 -0.000008 0.000000 -0.051327 -0.064037 -0.676424
    49 1.044445 0.000004 -0.000001 -0.001277 -0.038560 -0.033101
    50 1.121500 -1.347832 -1.035882 -1.801955 0.200199 -0.546471
    51 1.928120 -0.000001 0.000000 0.000000 -0.225049 -0.494084
    52 1.285143 0.000000 0.000000 -0.000001 0.040644 -0.404248
    53 7.023272 -6.880002 4.339547 2.620672 -1.456011 -1.105365
    54 3.813803 -3.870654 0.998558 1.570796 -1.069638 0.199892
    55 0.000000 -0.000007 -0.000031 1.373047 0.113574 0.124314
    56 0.000000 -0.000007 -0.000034 1.373047 0.113574 0.124314
    57 2.998047 -1.612305 -1.022461 -1.501147 -0.272558 -1.578261
    58 2.000008 -3.000000 0.000000 -1.570796 0.000000 -1.326450
    59 3.349001 -1.370995 0.724999 1.977842 -0.088017 1.557794
    60 -0.000002 -0.000004 10.500000 0.000000 0.000000 0.000000
    61 0.018898 0.665158 9.395884 0.000000 0.000000 0.000000
    62 3.028212 -0.923409 -2.009451 1.574082 -0.012974 1.587244
    63 0.116951 4.311603 0.061861 0.000010 0.000000 0.000000
    64 0.000000 0.000000 0.000000 0.000000 0.000000 0.000000
    65 0.000000 1.000000 0.000008 0.000000 0.000000 0.000000
    66 0.000000 0.000000 0.000000 0.000000 0.000000 0.000000
    67 0.000000 0.000000 0.000000 0.000000 0.000000 0.000000
    68 0.000000 0.000000 0.000000 0.000000 0.000000 0.000000
    69 19.253853 0.000000 -0.000001 0.000000 0.000000 0.025253
    70 19.253841 0.000000 0.000000 0.000000 0.000000 0.025250
    71 5.884354 0.000000 0.000004 -0.126310 0.000000 0.000000
    72 11.768705 -0.000001 0.000000 -0.238428 0.000000 0.000000
    73 11.679201 0.000000 -0.000004 0.000000 0.000000 -0.161658
    74 5.837998 -0.735000 -0.525002 0.000000 0.000000 0.000000
    75 5.825531 2.661388 2.409388 -0.001945 -0.016320 -0.024506
    76 6.752561 4.039024 -0.341453 0.001435 0.018681 -0.019052
    77 7.652452 1.954227 -2.880674 0.034288 0.011731 0.007773
    78 11.768707 0.000001 0.000004 0.242666 0.000000 0.000000
    79 5.884352 0.000001 0.000000 0.128617 0.000000 0.000000
    80 11.679197 0.000000 0.000008 0.000000 0.000000 -0.161657
    81 5.837997 -0.641044 0.525002 -0.049483 0.000000 0.000000
    82 5.625286 3.107059 -2.433369 0.110853 0.082458 -0.006869
    83 6.677644 4.114117 0.449763 -0.008964 0.010245 -0.007166
    84 7.673524 1.768635 2.985535 -0.031931 0.006501 0.012462
    85 4.902687 0.655644 -8.954903 0.081942 0.003890 0.000160
    86 2.649670 8.412623 -3.003099 -1.828871 -1.111184 1.884926
    87 2.538502 8.321048 3.447679 1.536390 -1.079904 -1.522285
  time 24
    0 1.499672 -70.217100 35.073260 1.551667 -0.016452 -0.199750
    1 3.806942 0.000000 0.000000 -1.828741 0.034668 -1.630949
    2 19.263105 0.000000 0.000000 0.000000 0.000000 0.869079
    3 17.589100 0.000000 0.000000 -0.038495 -0.012431 -1.815171
    4 6.240662 0.000000 0.000000 0.020475 -0.027721 -0.547516
    5 -3.806942 0.000000 0.000000 -1.530591 -0.804838 -1.547151
    6 19.263098 0.000000 0.000000 0.000000 0.000000 0.462006
    7 17.589096 0.000000 0.000000 0.253274 -0.055552 -1.477282
    8 6.240662 0.000000 0.000000 -0.112105 0.023869 -0.479817
    9 0.000000 4.246162 -0.018825 1.398551 -0.248667 1.614413
    10 4.195629 0.000000 0.000000 -0.144127 0.012332 -0.049360
    11 3.883152 0.000001 0.000000 -0.068226 0.003728 0.112516
    12 5.985943 0.000002 0.000000 -0.087919 0.047651 0.540112
    13 5.620499 0.000002 0.000000 3.446768 0.026680 0.186570
    14 4.684906 0.000002 0.000000 0.229764 0.038505 0.656485
    15 4.268658 1.531894 1.575000 -0.547622 -1.465455 -1.116493
    16 5.782729 -0.000008 0.000001 -2.676895 -1.249565 -0.097988
    17 11.452765 0.000001 -0.000004 0.000000 0.000000 -1.527342
    18 10.945532 -0.000006 -0.000031 -0.430992 0.054702 0.514263
    19 3.147137 0.005676 -1.551344 0.025530 -0.101227 -0.750908
    20 1.585899 0.000000 0.000000 -0.132564 -0.211450 -0.566008
    21 0.849079 0.000000 0.000000 -0.054473 -0.175380 -0.302889
    22 3.471083 0.213272 -0.574067 0.123378 0.009627 -0.786314
    23 1.897537 -0.000008 0.000000 -0.098477 -0.176680 -0.512089
    24 1.014450 0.000004 0.000000 0.002415 0.009757 -0.242679
    25 3.750084 0.114773 0.430058 0.174782 0.047054 -0.472914
    26 2.258194 0.000000 0.000000 -0.121557 -0.078219 -1.001731
    27 1.210388 0.000008 0.000000 0.001897 0.012019 -0.156562
    28 3.868299 -0.166634 1.490139 0.187548 0.033957 -0.039240
    29 1.786062 0.000000 0.000000 0.048663 0.060672 -0.676684
    30 1.044445 -0.000004 0.000000 0.001276 0.038560 -0.401842
    31 1.121477 -1.351563 1.030997 1.693867 -0.344560 -0.124114
    32 1.928114 0.000000 -0.000004 -0.000001 -0.188118 0.059543
    33 1.285139 0.000000 0.000008 0.000000 -0.040646 0.196333
    34 4.268658 1.531896 -1.575000 0.448689 1.317437 -1.072328
    35 5.782726 0.000000 0.000000 2.011019 1.261311 -0.012363
    36 11.452768 -0.000001 0.000000 0.000000 0.000000 -2.131520
    37 10.945511 -0.000005 0.000015 -0.374249 0.400988 0.688986
    38 3.147156 0.000069 1.551353 -0.323009 -0.149789 -1.078844
    39 1.585901 -0.000008 0.000000 -0.128616 0.004989 -1.609350
    40 0.849083 0.000004 0.000000 0.054471 0.175379 -0.910373
    41 3.471104 0.211185 0.574834 -0.338335 -0.158825 -1.076444
    42 1.897535 0.000000 0.000000 0.047190 0.006501 -1.433989
    43 1.014454 0.000000 0.000000 -0.002415 -0.009755 -0.901518
    44 3.750103 0.116325 -0.429640 -0.351994 -0.189782 -0.975696
    45 2.258196 0.000008 0.000000 0.066384 -0.000264 -1.574762
    46 1.210384 0.000004 0.000000 -0.001896 -0.012017 -0.834506
    47 3.868322 -0.161243 -1.490732 -0.188178 -0.087701 -0.204766
    48 1.786062 -0.000008 0.000000 -0.051327 -0.064037 -0.676424
    49 1.044445 0.000004 -0.000001 -0.001277 -0.038560 -0.033101
    50 1.121500 -1.347832 -1.035882 -1.801955 0.200199 -0.546471
    51 1.928120 -0.000001 0.000000 0.000000 -0.225049 -0.494084
    52 1.285143 0.000000 0.000000 -0.000001 0.040644 -0.404248
    53 7.023272 -6.880002 4.339547 2.620672 -1.456011 -1.105365
    54 3.813803 -3.870654 0.998558 1.570796 -1.069638 0.199892
    55 0.000000 -0.000007 -0.000031 1.373047 0.113574 0.124314
    56 0.000000 -0.000007 -0.000034 1.373047 0.113574 0.124314
    57 2.998047 -1.612305 -1.022461 -1.501147 -0.272558 -1.578261
    58 2.000008 -3.000000 0.000000 -1.570796 0.000000 -1.326450
    59 3.349001 -1.370995 0.724999 1.977842 -0.088017 1.557794
    60 -0.000002 -0.000004 10.500000 0.000000 0.000000 0.000000
    61 0.018898 0.665158 9.395884 0.000000 0.000000 0.000000
    62 3.028212 -0.923409 -2.009451 1.574082 -0.012974 1.587244
    63 0.116951 4.311603 0.061861 0.000010 0.000000 0.000000
    64 0.000000 0.000000 0.000000 0.000000 0.000000 0.000000
    65 0.000000 1.000000 0.000008 0.000000 0.000000 0.000000
    66 0.000000 0.000000 0.000000 0.000000 0.000000 0.000000
    67 0.000000 0.000000 0.000000 0.000000 0.000000 0.000000
    68 0.000000 0.000000 0.000000 0.000000 0.000000 0.000000
    69 19.253853 0.000000 -0.000001 0.000000 0.000000 0.025253
    70 19.253841 0.000000 0.000000 0.000000 0.000000 0.025250
    71 5.884354 0.000000 0.000004 -0.126310 0.000000 0.000000
    72 11.768705 -0.000001 0.000000 -0.238428 0.000000 0.000000
    73 11.679201 0.000000 -0.000004 0.000000 0.000000 -0.161658
    74 5.837998 -0.735000 -0.525002 0.000000 0.000000 0.000000
    75 5.825531 2.661388 2.409388 -0.001945 -0.016320 -0.024506
    76 6.752561 4.039024 -0.341453 0.001435 0.018681 -0.019052
    77 7.652452 1.954227 -2.880674 0.034288 0.011731 0.007773
    78 11.768707 0.000001 0.000004 0.242666 0.000000 0.000000
    79 5.884352 0.000001 0.000000 0.128617 0.000000 0.000000
    80 11.679197 0.000000 0.000008 0.000000 0.000000 -0.161657
    81 5.837997 -0.641044 0.525002 -0.049483 0.000000 0.000000
    82 5.625286 3.107059 -2.433369 0.110853 0.082458 -0.006869
    83 6.677644 4.114117 0.449763 -0.008964 0.010245 -0.007166
    84 7.673524 1.768635 2.985535 -0.031931 0.006501 0.012462
    85 4.902687 0.655644 -8.954903 0.081942 0.003890 0.000160
    86 2.649670 8.412623 -3.003099 -1.828871 -1.111184 1.884926
    87 2.538502 8.321048 3.447679 1.536390 -1.079904 -1.522285
  time 25
    0 1.339511 -73.776878 34.659185 1.547766 -0.023841 -0.178592
    1 3.806942 0.000000 0.000000 -1.829746 0.143577 -1.647270
    2 19.263105 0.000000 0.000000 0.000000 0.000000 0.827289
    3 17.589100 0.000000 0.000000 -0.035178 -0.003208 -1.740901
    4 6.240662 0.000000 0.000000 0.020475 -0.027709 -0.684734
    5 -3.806942 0.000000 0.000000 -1.525696 -0.790164 -1.552350
    6 19.263098 0.000000 0.000000 0.000000 0.000000 0.433786
    7 17.589096 0.000000 0.000000 0.238853 0.023693 -1.499695
    8 6.240662 0.000000 0.000000 -0.112105 0.023869 -0.454394
    9 0.000000 4.246162 -0.018825 1.389063 -0.230732 1.616902
    10 4.195629 0.000000 0.000000 -0.154649 0.015161 -0.054619
    11 3.883152 0.000001 0.000000 -0.072785 0.006249 0.117533
    12 5.985943 0.000002 0.000000 -0.094415 0.040292 0.544883
    13 5.620499 0.000002 0.000000 3.439601 0.012571 0.186213
    14 4.684906 0.000002 0.000000 0.230770 0.040819 0.658634
    15 4.268658 1.531894 1.575000 -0.487929 -1.464550 -1.183691
    16 5.782729 -0.000008 0.000001 -2.639416 -1.247127 -0.133614
    17 11.452765 0.000001 -0.000004 0.000000 0.000000 -1.529561
    18 10.945532 -0.000006 -0.000031 -0.427088 0.060236 0.521751
    19 3.147137 0.005676 -1.551344 0.025530 -0.101227 -0.750908
    20 1.585899 0.000000 0.000000 -0.132564 -0.211450 -0.566008
    21 0.849079 0.000000 0.000000 -0.054473 -0.175380 -0.302889
    22 3.471083 0.213272 -0.574067 0.123378 0.009627 -0.786314
    23 1.897537 -0.000008 0.000000 -0.098477 -0.176680 -0.512089
    24 1.014450 0.000004 0.000000 0.002415 0.009757 -0.242679
    25 3.750084 0.114773 0.430058 0.174782 0.047054 -0.472914
    26 2.258194 0.000000 0.000000 -0.121557 -0.078219 -1.001731
    27 1.210388 0.000008 0.000000 0.001897 0.012019 -0.156562
    28 3.868299 -0.166634 1.490139 0.187548 0.033957 -0.039240
    29 1.786062 0.000000 0.000000 0.048663 0.060672 -0.676684
    30 1.044445 -0.000004 0.000000 0.001276 0.038560 -0.401842
    31 1.121477 -1.351563 1.030997 1.693867 -0.344560 -0.124114
    32 1.928114 0.000000 -0.000004 -0.000001 -0.188118 0.059543
    33 1.285139 0.000000 0.000008 0.000000 -0.040646 0.196333
    34 4.268658 1.531896 -1.575000 0.472897 1.305460 -1.063295
    35 5.782726 0.000000 0.000000 1.928326 1.277416 -0.097350
    36 11.452768 -0.000001 0.000000 0.000000 0.000000 -2.126603
    37 10.945511 -0.000005 0.000015 -0.374518 0.396990 0.682995
    38 3.147156 0.000069 1.551353 -0.323009 -0.149789 -1.078844
    39 1.585901 -0.000008 0.000000 -0.128616 0.004989 -1.609350
    40 0.849083 0.000004 0.000000 0.054471 0.175379 -0.910373
    41 3.471104 0.211185 0.574834 -0.338335 -0.158825 -1.076444
    42 1.897535 0.000000 0.000000 0.047190 0.006501 -1.433989
    43 1.014454 0.000000 0.000000 -0.002415 -0.009755 -0.901518
    44 3.750103 0.116325 -0.429640 -0.351994 -0.189782 -0.975696
    45 2.258196 0.000008 0.000000 0.066384 -0.000264 -1.574762
    46 1.210384 0.000004 0.000000 -0.001896 -0.012017 -0.834506
    47 3.868322 -0.161243 -1.490732 -0.188178 -0.087701 -0.204766
    48 1.786062 -0.000008 0.000000 -0.051327 -0.064037 -0.676424
    49 1.044445 0.000004 -0.000001 -0.001277 -0.038560 -0.033101
    50 1.121500 -1.347832 -1.035882 -1.801955 0.200199 -0.546471
    51 1.928120 -0.000001 0.000000 0.000000 -0.225049 -0.494084
    52 1.285143 0.000000 0.000000 -0.000001 0.040644 -0.404248
    53 7.023272 -6.880002 4.339547 2.620672 -1.456011 -1.105365
    54 3.813803 -3.870654 0.998558 1.570796 -1.069638 0.199892
    55 0.000000 -0.000007 -0.000031 1.373047 0.113574 0.124314
    56 0.000000 -0.000007 -0.000034 1.373047 0.113574 0.124314
    57 2.998047 -1.612305 -1.022461 -1.501147 -0.272558 -1.578261
    58 2.000008 -3.000000 0.000000 -1.570796 0.000000 -1.326450
    59 3.349001 -1.370995 0.724999 1.977842 -0.088017 1.557794
    60 -0.000002 -0.000004 10.500000 0.000000 0.000000 0.000000
    61 0.018898 0.665158 9.395884 0.000000 0.000000 0.000000
    62 3.028212 -0.923409 -2.009451 1.574082 -0.012974 1.587244
    63 0.116951 4.311603 0.061861 0.000010 0.000000 0.000000
    64 0.000000 0.000000 0.000000 0.000000 0.000000 0.000000
    65 0.000000 1.000000 0.000008 0.000000 0.000000 0.000000
    66 0.000000 0.000000 0.000000 0.000000 0.000000 0.000000
    67 0.000000 0.000000 0.000000 0.000000 0.000000 0.000000
    68 0.000000 0.000000 0.000000 0.000000 0.000000 0.000000
    69 19.253853 0.000000 -0.000001 0.000000 0.000000 0.025253
    70 19.253841 0.000000 0.000000 0.000000 0.000000 0.025250
    71 5.884354 0.000000 0.000004 -0.126310 0.000000 0.000000
    72 11.768705 -0.000001 0.000000 -0.238428 0.000000 0.000000
    73 11.679201 0.000000 -0.000004 0.000000 0.000000 -0.161658
    74 5.837998 -0.735000 -0.525002 0.000000 0.000000 0.000000
    75 5.825531 2.661388 2.409388 -0.001945 -0.016320 -0.024506
    76 6.752561 4.039024 -0.341453 0.001435 0.018681 -0.019052
    77 7.652452 1.954227 -2.880674 0.034288 0.011731 0.007773
    78 11.768707 0.000001 0.000004 0.242666 0.000000 0.000000
    79 5.884352 0.000001 0.000000 0.128617 0.000000 0.000000
    80 11.679197 0.000000 0.000008 0.000000 0.000000 -0.161657
    81 5.837997 -0.641044 0.525002 -0.049483 0.000000 0.000000
    82 5.625286 3.107059 -2.433369 0.110853 0.082458 -0.006869
    83 6.677644 4.114117 0.449763 -0.008964 0.010245 -0.007166
    84 7.673524 1.768635 2.985535 -0.031931 0.006501 0.012462
    85 4.902687 0.655644 -8.954903 0.081942 0.003890 0.000160
    86 2.649670 8.412623 -3.003099 -1.828871 -1.111184 1.884926
    87 2.538502 8.321048 3.447679 1.536390 -1.079904 -1.522285
  time 26
    0 1.179350 -77.336657 34.260735 1.550849 -0.022593 -0.166338
    1 3.806942 0.000000 0.000000 -1.827122 0.211709 -1.646024
    2 19.263105 0.000000 0.000000 0.000000 0.000000 0.827484
    3 17.589100 0.000000 0.000000 -0.015256 0.007061 -1.579809
    4 6.240662 0.000000 0.000000 0.020463 -0.027697 -0.874696
    5 -3.806942 0.000000 0.000000 -1.551413 -0.795649 -1.539410
    6 19.263098 0.000000 0.000000 0.000000 0.000000 0.520102
    7 17.589096 0.000000 0.000000 0.182287 0.030131 -1.431912
    8 6.240662 0.000000 0.000000 -0.112105 0.023869 -0.436893
    9 0.000000 4.246162 -0.018825 1.386088 -0.210827 1.624289
    10 4.195629 0.000000 0.000000 -0.162367 0.021093 -0.061246
    11 3.883152 0.000001 0.000000 -0.076315 0.009931 0.121544
    12 5.985943 0.000002 0.000000 -0.100862 0.030872 0.551168
    13 5.620499 0.000002 0.000000 3.430702 -0.004617 0.184660
    14 4.684906 0.000002 0.000000 0.232250 0.044138 0.658791
    15 4.268658 1.531894 1.575000 -0.496169 -1.458070 -1.186371
    16 5.782729 -0.000008 0.000001 -2.587070 -1.235042 -0.184552
    17 11.452765 0.000001 -0.000004 0.000000 0.000000 -1.536218
    18 10.945532 -0.000006 -0.000031 -0.438922 0.055649 0.522871
    19 3.147137 0.005676 -1.551344 0.025530 -0.101227 -0.750908
    20 1.585899 0.000000 0.000000 -0.132564 -0.211450 -0.566008
    21 0.849079 0.000000 0.000000 -0.054473 -0.175380 -0.302889
    22 3.471083 0.213272 -0.574067 0.123378 0.009627 -0.786314
    23 1.897537 -0.000008 0.000000 -0.098477 -0.176680 -0.512089
    24 1.014450 0.000004 0.000000 0.002415 0.009757 -0.242679
    25 3.750084 0.114773 0.430058 0.174782 0.047054 -0.472914
    26 2.258194 0.000000 0.000000 -0.121557 -0.078219 -1.001731
    27 1.210388 0.000008 0.000000 0.001897 0.012019 -0.156562
    28 3.868299 -0.166634 1.490139 0.187548 0.033957 -0.039240
    29 1.786062 0.000000 0.000000 0.048663 0.060672 -0.676684
    30 1.044445 -0.000004 0.000000 0.001276 0.038560 -0.401842
    31 1.121477 -1.351563 1.030997 1.693867 -0.344560 -0.124114
    32 1.928114 0.000000 -0.000004 -0.000001 -0.188118 0.059543
    33 1.285139 0.000000 0.000008 0.000000 -0.040646 0.196333
    34 4.268658 1.531896 -1.575000 0.487082 1.304816 -1.057056
    35 5.782726 0.000000 0.000000 1.888067 1.285819 -0.142816
    36 11.452768 -0.000001 0.000000 0.000000 0.000000 -2.121811
    37 10.945511 -0.000005 0.000015 -0.385620 0.385597 0.674817
    38 3.147156 0.000069 1.551353 -0.323009 -0.149789 -1.078844
    39 1.585901 -0.000008 0.000000 -0.128616 0.004989 -1.609350
    40 0.849083 0.000004 0.000000 0.054471 0.175379 -0.910373
    41 3.471104 0.211185 0.574834 -0.338335 -0.158825 -1.076444
    42 1.897535 0.000000 0.000000 0.047190 0.006501 -1.433989
    43 1.014454 0.000000 0.000000 -0.002415 -0.009755 -0.901518
    44 3.750103 0.116325 -0.429640 -0.351994 -0.189782 -0.975696
    45 2.258196 0.000008 0.000000 0.066384 -0.000264 -1.574762
    46 1.210384 0.000004 0.000000 -0.001896 -0.012017 -0.834506
    47 3.868322 -0.161243 -1.490732 -0.188178 -0.087701 -0.204766
    48 1.786062 -0.000008 0.000000 -0.051327 -0.064037 -0.676424
    49 1.044445 0.000004 -0.000001 -0.001277 -0.038560 -0.033101
    50 1.121500 -1.347832 -1.035882 -1.801955 0.200199 -0.546471
    51 1.928120 -0.000001 0.000000 0.000000 -0.225049 -0.494084
    52 1.285143 0.000000 0.000000 -0.000001 0.040644 -0.404248
    53 7.023272 -6.880002 4.339547 2.620672 -1.456011 -1.105365
    54 3.813803 -3.870654 0.998558 1.570796 -1.069638 0.199892
    55 0.000000 -0.000007 -0.000031 1.373047 0.113574 0.124314
    56 0.000000 -0.000007 -0.000034 1.373047 0.113574 0.124314
    57 2.998047 -1.612305 -1.022461 -1.501147 -0.272558 -1.578261
    58 2.000008 -3.000000 0.000000 -1.570796 0.000000 -1.326450
    59 3.349001 -1.370995 0.724999 1.977842 -0.088017 1.557794
    60 -0.000002 -0.000004 10.500000 0.000000 0.000000 0.000000
    61 0.018898 0.665158 9.395884 0.000000 0.000000 0.000000
    62 3.028212 -0.923409 -2.009451 1.574082 -0.012974 1.587244
    63 0.116951 4.311603 0.061861 0.000010 0.000000 0.000000
    64 0.000000 0.000000 0.000000 0.000000 0.000000 0.000000
    65 0.000000 1.000000 0.000008 0.000000 0.000000 0.000000
    66 0.000000 0.000000 0.000000 0.000000 0.000000 0.000000
    67 0.000000 0.000000 0.000000 0.000000 0.000000 0.000000
    68 0.000000 0.000000 0.000000 0.000000 0.000000 0.000000
    69 19.253853 0.000000 -0.000001 0.000000 0.000000 0.025253
    70 19.253841 0.000000 0.000000 0.000000 0.000000 0.025250
    71 5.884354 0.000000 0.000004 -0.126310 0.000000 0.000000
    72 11.768705 -0.000001 0.000000 -0.238428 0.000000 0.000000
    73 11.679201 0.000000 -0.000004 0.000000 0.000000 -0.161658
    74 5.837998 -0.735000 -0.525002 0.000000 0.000000 0.000000
    75 5.825531 2.661388 2.409388 -0.001945 -0.016320 -0.024506
    76 6.752561 4.039024 -0.341453 0.001435 0.018681 -0.019052
    77 7.652452 1.954227 -2.880674 0.034288 0.011731 0.007773
    78 11.768707 0.000001 0.000004 0.242666 0.000000 0.000000
    79 5.884352 0.000001 0.000000 0.128617 0.000000 0.000000
    80 11.679197 0.000000 0.000008 0.000000 0.000000 -0.161657
    81 5.837997 -0.641044 0.525002 -0.049483 0.000000 0.000000
    82 5.625286 3.107059 -2.433369 0.110853 0.082458 -0.006869
    83 6.677644 4.114117 0.449763 -0.008964 0.010245 -0.007166
    84 7.673524 1.768635 2.985535 -0.031931 0.006501 0.012462
    85 4.902687 0.655644 -8.954903 0.081942 0.003890 0.000160
    86 2.649670 8.412623 -3.003099 -1.828871 -1.111184 1.884926
    87 2.538502 8.321048 3.447679 1.536390 -1.079904 -1.522285
  time 27
    0 1.003564 -80.579597 33.971664 1.549004 -0.018291 -0.163562
    1 3.806942 0.000000 0.000000 -1.811267 0.208250 -1.624990
    2 19.263105 0.000000 0.000000 0.000000 0.000000 0.918877
    3 17.589100 0.000000 0.000000 -0.050241 0.036239 -1.320871
    4 6.240662 0.000000 0.000000 0.020463 -0.027685 -1.039427
    5 -3.806942 0.000000 0.000000 -1.600727 -0.818872 -1.514627
    6 19.263098 0.000000 0.000000 0.000000 0.000000 0.659407
    7 17.589096 0.000000 0.000000 0.093670 0.010474 -1.277396
    8 6.240662 0.000000 0.000000 -0.112105 0.023869 -0.390539
    9 0.000000 4.246162 -0.018825 1.392271 -0.207139 1.629332
    10 4.195629 0.000000 0.000000 -0.167748 0.026869 -0.063993
    11 3.883152 0.000001 0.000000 -0.078778 0.013644 0.122881
    12 5.985943 0.000002 0.000000 -0.103103 0.027696 0.551862
    13 5.620499 0.000002 0.000000 3.421501 -0.022048 0.184536
    14 4.684906 0.000002 0.000000 0.233434 0.047770 0.656852
    15 4.268658 1.531894 1.575000 -0.510063 -1.450975 -1.182830
    16 5.782729 -0.000008 0.000001 -2.563753 -1.241963 -0.218897
    17 11.452765 0.000001 -0.000004 0.000000 0.000000 -1.524489
    18 10.945532 -0.000006 -0.000031 -0.428589 0.057215 0.511350
    19 3.147137 0.005676 -1.551344 0.025530 -0.101227 -0.750908
    20 1.585899 0.000000 0.000000 -0.132564 -0.211450 -0.566008
    21 0.849079 0.000000 0.000000 -0.054473 -0.175380 -0.302889
    22 3.471083 0.213272 -0.574067 0.123378 0.009627 -0.786314
    23 1.897537 -0.000008 0.000000 -0.098477 -0.176680 -0.512089
    24 1.014450 0.000004 0.000000 0.002415 0.009757 -0.242679
    25 3.750084 0.114773 0.430058 0.174782 0.047054 -0.472914
    26 2.258194 0.000000 0.000000 -0.121557 -0.078219 -1.001731
    27 1.210388 0.000008 0.000000 0.001897 0.012019 -0.156562
    28 3.868299 -0.166634 1.490139 0.187548 0.033957 -0.039240
    29 1.786062 0.000000 0.000000 0.048663 0.060672 -0.676684
    30 1.044445 -0.000004 0.000000 0.001276 0.038560 -0.401842
    31 1.121477 -1.351563 1.030997 1.693867 -0.344560 -0.124114
    32 1.928114 0.000000 -0.000004 -0.000001 -0.188118 0.059543
    33 1.285139 0.000000 0.000008 0.000000 -0.040646 0.196333
    34 4.268658 1.531896 -1.575000 0.575971 1.299918 -0.984142
    35 5.782726 0.000000 0.000000 1.771897 1.286064 -0.281849
    36 11.452768 -0.000001 0.000000 0.000000 0.000000 -2.113284
    37 10.945511 -0.000005 0.000015 -0.409977 0.386546 0.656416
    38 3.147156 0.000069 1.551353 -0.323009 -0.149789 -1.078844
    39 1.585901 -0.000008 0.000000 -0.128616 0.004989 -1.609350
    40 0.849083 0.000004 0.000000 0.054471 0.175379 -0.910373
    41 3.471104 0.211185 0.574834 -0.338335 -0.158825 -1.076444
    42 1.897535 0.000000 0.000000 0.047190 0.006501 -1.433989
    43 1.014454 0.000000 0.000000 -0.002415 -0.009755 -0.901518
    44 3.750103 0.116325 -0.429640 -0.351994 -0.189782 -0.975696
    45 2.258196 0.000008 0.000000 0.066384 -0.000264 -1.574762
    46 1.210384 0.000004 0.000000 -0.001896 -0.012017 -0.834506
    47 3.868322 -0.161243 -1.490732 -0.188178 -0.087701 -0.204766
    48 1.786062 -0.000008 0.000000 -0.051327 -0.064037 -0.676424
    49 1.044445 0.000004 -0.000001 -0.001277 -0.038560 -0.033101
    50 1.121500 -1.347832 -1.035882 -1.801955 0.200199 -0.546471
    51 1.928120 -0.000001 0.000000 0.000000 -0.225049 -0.494084
    52 1.285143 0.000000 0.000000 -0.000001 0.040644 -0.404248
    53 7.023272 -6.880002 4.339547 2.620672 -1.456011 -1.105365
    54 3.813803 -3.870654 0.998558 1.570796 -1.069638 0.199892
    55 0.000000 -0.000007 -0.000031 1.373047 0.113574 0.124314
    56 0.000000 -0.000007 -0.000034 1.373047 0.113574 0.124314
    57 2.998047 -1.612305 -1.022461 -1.501147 -0.272558 -1.578261
    58 2.000008 -3.000000 0.000000 -1.570796 0.000000 -1.326450
    59 3.349001 -1.370995 0.724999 1.977842 -0.088017 1.557794
    60 -0.000002 -0.000004 10.500000 0.000000 0.000000 0.000000
    61 0.018898 0.665158 9.395884 0.000000 0.000000 0.000000
    62 3.028212 -0.923409 -2.009451 1.574082 -0.012974 1.587244
    63 0.116951 4.311603 0.061861 0.000010 0.000000 0.000000
    64 0.000000 0.000000 0.000000 0.000000 0.000000 0.000000
    65 0.000000 1.000000 0.000008 0.000000 0.000000 0.000000
    66 0.000000 0.000000 0.000000 0.000000 0.000000 0.000000
    67 0.000000 0.000000 0.000000 0.000000 0.000000 0.000000
    68 0.000000 0.000000 0.000000 0.000000 0.000000 0.000000
    69 19.253853 0.000000 -0.000001 0.000000 0.000000 0.025253
    70 19.253841 0.000000 0.000000 0.000000 0.000000 0.025250
    71 5.884354 0.000000 0.000004 -0.126310 0.000000 0.000000
    72 11.768705 -0.000001 0.000000 -0.238428 0.000000 0.000000
    73 11.679201 0.000000 -0.000004 0.000000 0.000000 -0.161658
    74 5.837998 -0.735000 -0.525002 0.000000 0.000000 0.000000
    75 5.825531 2.661388 2.409388 -0.001945 -0.016320 -0.024506
    76 6.752561 4.039024 -0.341453 0.001435 0.018681 -0.019052
    77 7.652452 1.954227 -2.880674 0.034288 0.011731 0.007773
    78 11.768707 0.000001 0.000004 0.242666 0.000000 0.000000
    79 5.884352 0.000001 0.000000 0.128617 0.000000 0.000000
    80 11.679197 0.000000 0.000008 0.000000 0.000000 -0.161657
    81 5.837997 -0.641044 0.525002 -0.049483 0.000000 0.000000
    82 5.625286 3.107059 -2.433369 0.110853 0.082458 -0.006869
    83 6.677644 4.114117 0.449763 -0.008964 0.010245 -0.007166
    84 7.673524 1.768635 2.985535 -0.031931 0.006501 0.012462
    85 4.902687 0.655644 -8.954903 0.081942 0.003890 0.000160
    86 2.649670 8.412623 -3.003099 -1.828871 -1.111184 1.884926
    87 2.538502 8.321048 3.447679 1.536390 -1.079904 -1.522285
  time 28
    0 0.870747 -83.710711 33.827128 1.534007 -0.017864 -0.166434
    1 3.806942 0.000000 0.000000 -1.778161 0.144085 -1.595595
    2 19.263105 0.000000 0.000000 0.000000 0.000000 1.080637
    3 17.589100 0.000000 0.000000 -0.131051 0.107506 -0.990468
    4 6.240662 0.000000 0.000000 0.020475 -0.027709 -0.833889
    5 -3.806942 0.000000 0.000000 -1.655667 -0.818460 -1.500011
    6 19.263098 0.000000 0.000000 0.000000 0.000000 0.805958
    7 17.589096 0.000000 0.000000 0.118305 0.038447 -1.234400
    8 6.240662 0.000000 0.000000 -0.112093 0.023881 -0.332281
    9 0.000000 4.246162 -0.018825 1.396607 -0.216645 1.633405
    10 4.195629 0.000000 0.000000 -0.166442 0.028080 -0.059107
    11 3.883152 0.000001 0.000000 -0.078153 0.013216 0.123729
    12 5.985943 0.000002 0.000000 -0.101342 0.031076 0.550701
    13 5.620499 0.000002 0.000000 3.415763 -0.032394 0.182968
    14 4.684906 0.000002 0.000000 0.233651 0.050538 0.657324
    15 4.268658 1.531894 1.575000 -0.508434 -1.447861 -1.187616
    16 5.782729 -0.000008 0.000001 -2.573455 -1.241102 -0.209747
    17 11.452765 0.000001 -0.000004 0.000000 0.000000 -1.515106
    18 10.945532 -0.000006 -0.000031 -0.435918 0.054775 0.499157
    19 3.147137 0.005676 -1.551344 0.025530 -0.101227 -0.750908
    20 1.585899 0.000000 0.000000 -0.132564 -0.211450 -0.566008
    21 0.849079 0.000000 0.000000 -0.054473 -0.175380 -0.302889
    22 3.471083 0.213272 -0.574067 0.123378 0.009627 -0.786314
    23 1.897537 -0.000008 0.000000 -0.098477 -0.176680 -0.512089
    24 1.014450 0.000004 0.000000 0.002415 0.009757 -0.242679
    25 3.750084 0.114773 0.430058 0.174782 0.047054 -0.472914
    26 2.258194 0.000000 0.000000 -0.121557 -0.078219 -1.001731
    27 1.210388 0.000008 0.000000 0.001897 0.012019 -0.156562
    28 3.868299 -0.166634 1.490139 0.187548 0.033957 -0.039240
    29 1.786062 0.000000 0.000000 0.048663 0.060672 -0.676684
    30 1.044445 -0.000004 0.000000 0.001276 0.038560 -0.401842
    31 1.121477 -1.351563 1.030997 1.693867 -0.344560 -0.124114
    32 1.928114 0.000000 -0.000004 -0.000001 -0.188118 0.059543
    33 1.285139 0.000000 0.000008 0.000000 -0.040646 0.196333
    34 4.268658 1.531896 -1.575000 0.617578 1.281435 -0.942610
    35 5.782726 0.000000 0.000000 1.706595 1.298248 -0.374201
    36 11.452768 -0.000001 0.000000 0.000000 0.000000 -2.103761
    37 10.945511 -0.000005 0.000015 -0.437968 0.384847 0.636304
    38 3.147156 0.000069 1.551353 -0.323009 -0.149789 -1.078844
    39 1.585901 -0.000008 0.000000 -0.128616 0.004989 -1.609350
    40 0.849083 0.000004 0.000000 0.054471 0.175379 -0.910373
    41 3.471104 0.211185 0.574834 -0.338335 -0.158825 -1.076444
    42 1.897535 0.000000 0.000000 0.047190 0.006501 -1.433989
    43 1.014454 0.000000 0.000000 -0.002415 -0.009755 -0.901518
    44 3.750103 0.116325 -0.429640 -0.351994 -0.189782 -0.975696
    45 2.258196 0.000008 0.000000 0.066384 -0.000264 -1.574762
    46 1.210384 0.000004 0.000000 -0.001896 -0.012017 -0.834506
    47 3.868322 -0.161243 -1.490732 -0.188178 -0.087701 -0.204766
    48 1.786062 -0.000008 0.000000 -0.051327 -0.064037 -0.676424
    49 1.044445 0.000004 -0.000001 -0.001277 -0.038560 -0.033101
    50 1.121500 -1.347832 -1.035882 -1.801955 0.200199 -0.546471
    51 1.928120 -0.000001 0.000000 0.000000 -0.225049 -0.494084
    52 1.285143 0.000000 0.000000 -0.000001 0.040644 -0.404248
    53 7.023272 -6.880002 4.339547 2.620672 -1.456011 -1.105365
    54 3.813803 -3.870654 0.998558 1.570796 -1.069638 0.199892
    55 0.000000 -0.000007 -0.000031 1.373047 0.113574 0.124314
    56 0.000000 -0.000007 -0.000034 1.373047 0.113574 0.124314
    57 2.998047 -1.612305 -1.022461 -1.501147 -0.272558 -1.578261
    58 2.000008 -3.000000 0.000000 -1.570796 0.000000 -1.326450
    59 3.349001 -1.370995 0.724999 1.977842 -0.088017 1.557794
    60 -0.000002 -0.000004 10.500000 0.000000 0.000000 0.000000
    61 0.018898 0.665158 9.395884 0.000000 0.000000 0.000000
    62 3.028212 -0.923409 -2.009451 1.574082 -0.012974 1.587244
    63 0.116951 4.311603 0.061861 0.000010 0.000000 0.000000
    64 0.000000 0.000000 0.000000 0.000000 0.000000 0.000000
    65 0.000000 1.000000 0.000008 0.000000 0.000000 0.000000
    66 0.000000 0.000000 0.000000 0.000000 0.000000 0.000000
    67 0.000000 0.000000 0.000000 0.000000 0.000000 0.000000
    68 0.000000 0.000000 0.000000 0.000000 0.000000 0.000000
    69 19.253853 0.000000 -0.000001 0.000000 0.000000 0.025253
    70 19.253841 0.000000 0.000000 0.000000 0.000000 0.025250
    71 5.884354 0.000000 0.000004 -0.126310 0.000000 0.000000
    72 11.768705 -0.000001 0.000000 -0.238428 0.000000 0.000000
    73 11.679201 0.000000 -0.000004 0.000000 0.000000 -0.161658
    74 5.837998 -0.735000 -0.525002 0.000000 0.000000 0.000000
    75 5.825531 2.661388 2.409388 -0.001945 -0.016320 -0.024506
    76 6.752561 4.039024 -0.341453 0.001435 0.018681 -0.019052
    77 7.652452 1.954227 -2.880674 0.034288 0.011731 0.007773
    78 11.768707 0.000001 0.000004 0.242666 0.000000 0.000000
    79 5.884352 0.000001 0.000000 0.128617 0.000000 0.000000
    80 11.679197 0.000000 0.000008 0.000000 0.000000 -0.161657
    81 5.837997 -0.641044 0.525002 -0.049483 0.000000 0.000000
    82 5.625286 3.107059 -2.433369 0.110853 0.082458 -0.006869
    83 6.677644 4.114117 0.449763 -0.008964 0.010245 -0.007166
    84 7.673524 1.768635 2.985535 -0.031931 0.006501 0.012462
    85 4.902687 0.655644 -8.954903 0.081942 0.003890 0.000160
    86 2.649670 8.412623 -3.003099 -1.828871 -1.111184 1.884926
    87 2.538502 8.321048 3.447679 1.536390 -1.079904 -1.522285
  time 29
    0 0.827777 -86.674087 33.920881 1.526708 -0.015172 -0.172369
    1 3.806942 0.000000 0.000000 -1.753709 0.045324 -1.570736
    2 19.263105 0.000000 0.000000 0.000000 0.000000 1.250079
    3 17.589100 0.000000 0.000000 -0.121565 0.160665 -0.935491
    4 6.240662 0.000000 0.000000 0.020463 -0.027733 -0.462578
    5 -3.806942 0.000000 0.000000 -1.685547 -0.798301 -1.490768
    6 19.263098 0.000000 0.000000 0.000000 0.000000 0.928911
    7 17.589096 0.000000 0.000000 0.117624 0.046878 -1.297632
    8 6.240662 0.000000 0.000000 -0.112093 0.023881 -0.310523
    9 0.000000 4.246162 -0.018825 1.400087 -0.226632 1.639221
    10 4.195629 0.000000 0.000000 -0.160665 0.029218 -0.052692
    11 3.883152 0.000001 0.000000 -0.075506 0.011978 0.123686
    12 5.985943 0.000002 0.000000 -0.096728 0.037716 0.547218
    13 5.620499 0.000002 0.000000 3.415139 -0.032257 0.185918
    14 4.684906 0.000002 0.000000 0.231283 0.053894 0.654110
    15 4.268658 1.531894 1.575000 -0.443951 -1.463138 -1.241221
    16 5.782729 -0.000008 0.000001 -2.642624 -1.224607 -0.119949
    17 11.452765 0.000001 -0.000004 0.000000 0.000000 -1.514599
    18 10.945532 -0.000006 -0.000031 -0.453819 0.048622 0.493845
    19 3.147137 0.005676 -1.551344 0.025530 -0.101227 -0.750908
    20 1.585899 0.000000 0.000000 -0.132564 -0.211450 -0.566008
    21 0.849079 0.000000 0.000000 -0.054473 -0.175380 -0.302889
    22 3.471083 0.213272 -0.574067 0.123378 0.009627 -0.786314
    23 1.897537 -0.000008 0.000000 -0.098477 -0.176680 -0.512089
    24 1.014450 0.000004 0.000000 0.002415 0.009757 -0.242679
    25 3.750084 0.114773 0.430058 0.174782 0.047054 -0.472914
    26 2.258194 0.000000 0.000000 -0.121557 -0.078219 -1.001731
    27 1.210388 0.000008 0.000000 0.001897 0.012019 -0.156562
    28 3.868299 -0.166634 1.490139 0.187548 0.033957 -0.039240
    29 1.786062 0.000000 0.000000 0.048663 0.060672 -0.676684
    30 1.044445 -0.000004 0.000000 0.001276 0.038560 -0.401842
    31 1.121477 -1.351563 1.030997 1.693867 -0.344560 -0.124114
    32 1.928114 0.000000 -0.000004 -0.000001 -0.188118 0.059543
    33 1.285139 0.000000 0.000008 0.000000 -0.040646 0.196333
    34 4.268658 1.531896 -1.575000 0.595356 1.282043 -0.957602
    35 5.782726 0.000000 0.000000 1.703465 1.306335 -0.385212
    36 11.452768 -0.000001 0.000000 0.000000 0.000000 -2.098096
    37 10.945511 -0.000005 0.000015 -0.462998 0.383248 0.622087
    38 3.147156 0.000069 1.551353 -0.323009 -0.149789 -1.078844
    39 1.585901 -0.000008 0.000000 -0.128616 0.004989 -1.609350
    40 0.849083 0.000004 0.000000 0.054471 0.175379 -0.910373
    41 3.471104 0.211185 0.574834 -0.338335 -0.158825 -1.076444
    42 1.897535 0.000000 0.000000 0.047190 0.006501 -1.433989
    43 1.014454 0.000000 0.000000 -0.002415 -0.009755 -0.901518
    44 3.750103 0.116325 -0.429640 -0.351994 -0.189782 -0.975696
    45 2.258196 0.000008 0.000000 0.066384 -0.000264 -1.574762
    46 1.210384 0.000004 0.000000 -0.001896 -0.012017 -0.834506
    47 3.868322 -0.161243 -1.490732 -0.188178 -0.087701 -0.204766
    48 1.786062 -0.000008 0.000000 -0.051327 -0.064037 -0.676424
    49 1.044445 0.000004 -0.000001 -0.001277 -0.038560 -0.033101
    50 1.121500 -1.347832 -1.035882 -1.801955 0.200199 -0.546471
    51 1.928120 -0.000001 0.000000 0.000000 -0.225049 -0.494084
    52 1.285143 0.000000 0.000000 -0.000001 0.040644 -0.404248
    53 7.023272 -6.880002 4.339547 2.620672 -1.456011 -1.105365
    54 3.813803 -3.870654 0.998558 1.570796 -1.069638 0.199892
    55 0.000000 -0.000007 -0.000031 1.373047 0.113574 0.124314
    56 0.000000 -0.000007 -0.000034 1.373047 0.113574 0.124314
    57 2.998047 -1.612305 -1.022461 -1.501147 -0.272558 -1.578261
    58 2.000008 -3.000000 0.000000 -1.570796 0.000000 -1.326450
    59 3.349001 -1.370995 0.724999 1.977842 -0.088017 1.557794
    60 -0.000002 -0.000004 10.500000 0.000000 0.000000 0.000000
    61 0.018898 0.665158 9.395884 0.000000 0.000000 0.000000
    62 3.028212 -0.923409 -2.009451 1.574082 -0.012974 1.587244
    63 0.116951 4.311603 0.061861 0.000010 0.000000 0.000000
    64 0.000000 0.000000 0.000000 0.000000 0.000000 0.000000
    65 0.000000 1.000000 0.000008 0.000000 0.000000 0.000000
    66 0.000000 0.000000 0.000000 0.000000 0.000000 0.000000
    67 0.000000 0.000000 0.000000 0.000000 0.000000 0.000000
    68 0.000000 0.000000 0.000000 0.000000 0.000000 0.000000
    69 19.253853 0.000000 -0.000001 0.000000 0.000000 0.025253
    70 19.253841 0.000000 0.000000 0.000000 0.000000 0.025250
    71 5.884354 0.000000 0.000004 -0.126310 0.000000 0.000000
    72 11.768705 -0.000001 0.000000 -0.238428 0.000000 0.000000
    73 11.679201 0.000000 -0.000004 0.000000 0.000000 -0.161658
    74 5.837998 -0.735000 -0.525002 0.000000 0.000000 0.000000
    75 5.825531 2.661388 2.409388 -0.001945 -0.016320 -0.024506
    76 6.752561 4.039024 -0.341453 0.001435 0.018681 -0.019052
    77 7.652452 1.954227 -2.880674 0.034288 0.011731 0.007773
    78 11.768707 0.000001 0.000004 0.242666 0.000000 0.000000
    79 5.884352 0.000001 0.000000 0.128617 0.000000 0.000000
    80 11.679197 0.000000 0.000008 0.000000 0.000000 -0.161657
    81 5.837997 -0.641044 0.525002 -0.049483 0.000000 0.000000
    82 5.625286 3.107059 -2.433369 0.110853 0.082458 -0.006869
    83 6.677644 4.114117 0.449763 -0.008964 0.010245 -0.007166
    84 7.673524 1.768635 2.985535 -0.031931 0.006501 0.012462
    85 4.902687 0.655644 -8.954903 0.081942 0.003890 0.000160
    86 2.649670 8.412623 -3.003099 -1.828871 -1.111184 1.884926
    87 2.538502 8.321048 3.447679 1.536390 -1.079904 -1.522285
  time 30
    0 0.878560 -89.301986 34.166983 1.542334 -0.015007 -0.183666
    1 3.806942 0.000000 0.000000 -1.760911 -0.106762 -1.545654
    2 19.263105 0.000000 0.000000 0.000000 0.000000 1.409496
    3 17.589100 0.000000 0.000000 -0.100840 0.151780 -1.096927
    4 6.240662 0.000000 0.000000 0.020475 -0.027733 -0.479918
    5 -3.806942 0.000000 0.000000 -1.693584 -0.777227 -1.495621
    6 19.263098 0.000000 0.000000 0.000000 0.000000 1.005222
    7 17.589096 0.000000 0.000000 0.103811 0.039455 -1.390648
    8 6.240662 0.000000 0.000000 -0.112105 0.023881 -0.365548
    9 0.000000 4.246162 -0.018825 1.407981 -0.232060 1.640636
    10 4.195629 0.000000 0.000000 -0.152013 0.029314 -0.051971
    11 3.883152 0.000001 0.000000 -0.071817 0.011459 0.120308
    12 5.985943 0.000002 0.000000 -0.090268 0.046824 0.545198
    13 5.620499 0.000002 0.000000 3.414635 -0.029621 0.192470
    14 4.684906 0.000002 0.000000 0.226626 0.059419 0.642792
    15 4.268658 1.531894 1.575000 -0.360497 -1.490181 -1.322969
    16 5.782729 -0.000008 0.000001 -2.674704 -1.218081 -0.085116
    17 11.452765 0.000001 -0.000004 0.000000 0.000000 -1.516628
    18 10.945532 -0.000006 -0.000031 -0.442226 0.049787 0.494837
    19 3.147137 0.005676 -1.551344 0.025530 -0.101227 -0.750908
    20 1.585899 0.000000 0.000000 -0.132564 -0.211450 -0.566008
    21 0.849079 0.000000 0.000000 -0.054473 -0.175380 -0.302889
    22 3.471083 0.213272 -0.574067 0.123378 0.009627 -0.786314
    23 1.897537 -0.000008 0.000000 -0.098477 -0.176680 -0.512089
    24 1.014450 0.000004 0.000000 0.002415 0.009757 -0.242679
    25 3.750084 0.114773 0.430058 0.174782 0.047054 -0.472914
    26 2.258194 0.000000 0.000000 -0.121557 -0.078219 -1.001731
    27 1.210388 0.000008 0.000000 0.001897 0.012019 -0.156562
    28 3.868299 -0.166634 1.490139 0.187548 0.033957 -0.039240
    29 1.786062 0.000000 0.000000 0.048663 0.060672 -0.676684
    30 1.044445 -0.000004 0.000000 0.001276 0.038560 -0.401842
    31 1.121477 -1.351563 1.030997 1.693867 -0.344560 -0.124114
    32 1.928114 0.000000 -0.000004 -0.000001 -0.188118 0.059543
    33 1.285139 0.000000 0.000008 0.000000 -0.040646 0.196333
    34 4.268658 1.531896 -1.575000 0.561124 1.310322 -0.982838
    35 5.782726 0.000000 0.000000 1.791636 1.292436 -0.288267
    36 11.452768 -0.000001 0.000000 0.000000 0.000000 -2.101831
    37 10.945511 -0.000005 0.000015 -0.472082 0.376152 0.628078
    38 3.147156 0.000069 1.551353 -0.323009 -0.149789 -1.078844
    39 1.585901 -0.000008 0.000000 -0.128616 0.004989 -1.609350
    40 0.849083 0.000004 0.000000 0.054471 0.175379 -0.910373
    41 3.471104 0.211185 0.574834 -0.338335 -0.158825 -1.076444
    42 1.897535 0.000000 0.000000 0.047190 0.006501 -1.433989
    43 1.014454 0.000000 0.000000 -0.002415 -0.009755 -0.901518
    44 3.750103 0.116325 -0.429640 -0.351994 -0.189782 -0.975696
    45 2.258196 0.000008 0.000000 0.066384 -0.000264 -1.574762
    46 1.210384 0.000004 0.000000 -0.001896 -0.012017 -0.834506
    47 3.868322 -0.161243 -1.490732 -0.188178 -0.087701 -0.204766
    48 1.786062 -0.000008 0.000000 -0.051327 -0.064037 -0.676424
    49 1.044445 0.000004 -0.000001 -0.001277 -0.038560 -0.033101
    50 1.121500 -1.347832 -1.035882 -1.801955 0.200199 -0.546471
    51 1.928120 -0.000001 0.000000 0.000000 -0.225049 -0.494084
    52 1.285143 0.000000 0.000000 -0.000001 0.040644 -0.404248
    53 7.023272 -6.880002 4.339547 2.620672 -1.456011 -1.105365
    54 3.813803 -3.870654 0.998558 1.570796 -1.069638 0.199892
    55 0.000000 -0.000007 -0.000031 1.373047 0.113574 0.124314
    56 0.000000 -0.000007 -0.000034 1.373047 0.113574 0.124314
    57 2.998047 -1.612305 -1.022461 -1.501147 -0.272558 -1.578261
    58 2.000008 -3.000000 0.000000 -1.570796 0.000000 -1.326450
    59 3.349001 -1.370995 0.724999 1.977842 -0.088017 1.557794
    60 -0.000002 -0.000004 10.500000 0.000000 0.000000 0.000000
    61 0.018898 0.665158 9.395884 0.000000 0.000000 0.000000
    62 3.028212 -0.923409 -2.009451 1.574082 -0.012974 1.587244
    63 0.116951 4.311603 0.061861 0.000010 0.000000 0.000000
    64 0.000000 0.000000 0.000000 0.000000 0.000000 0.000000
    65 0.000000 1.000000 0.000008 0.000000 0.000000 0.000000
    66 0.000000 0.000000 0.000000 0.000000 0.000000 0.000000
    67 0.000000 0.000000 0.000000 0.000000 0.000000 0.000000
    68 0.000000 0.000000 0.000000 0.000000 0.000000 0.000000
    69 19.253853 0.000000 -0.000001 0.000000 0.000000 0.025253
    70 19.253841 0.000000 0.000000 0.000000 0.000000 0.025250
    71 5.884354 0.000000 0.000004 -0.126310 0.000000 0.000000
    72 11.768705 -0.000001 0.000000 -0.238428 0.000000 0.000000
    73 11.679201 0.000000 -0.000004 0.000000 0.000000 -0.161658
    74 5.837998 -0.735000 -0.525002 0.000000 0.000000 0.000000
    75 5.825531 2.661388 2.409388 -0.001945 -0.016320 -0.024506
    76 6.752561 4.039024 -0.341453 0.001435 0.018681 -0.019052
    77 7.652452 1.954227 -2.880674 0.034288 0.011731 0.007773
    78 11.768707 0.000001 0.000004 0.242666 0.000000 0.000000
    79 5.884352 0.000001 0.000000 0.128617 0.000000 0.000000
    80 11.679197 0.000000 0.000008 0.000000 0.000000 -0.161657
    81 5.837997 -0.641044 0.525002 -0.049483 0.000000 0.000000
    82 5.625286 3.107059 -2.433369 0.110853 0.082458 -0.006869
    83 6.677644 4.114117 0.449763 -0.008964 0.010245 -0.007166
    84 7.673524 1.768635 2.985535 -0.031931 0.006501 0.012462
    85 4.902687 0.655644 -8.954903 0.081942 0.003890 0.000160
    86 2.649670 8.412623 -3.003099 -1.828871 -1.111184 1.884926
    87 2.538502 8.321048 3.447679 1.536390 -1.079904 -1.522285
  time 31
    0 0.956687 -91.687597 34.479492 1.564588 -0.012577 -0.200325
    1 3.806942 0.000000 0.000000 -1.804679 -0.280713 -1.506742
    2 19.263105 0.000000 0.000000 0.000000 0.000000 1.514559
    3 17.589100 0.000000 0.000000 -0.132530 0.037745 -1.264073
    4 6.240662 0.000000 0.000000 0.020475 -0.027733 -0.488878
    5 -3.806942 0.000000 0.000000 -1.688178 -0.749661 -1.507810
    6 19.263098 0.000000 0.000000 0.000000 0.000000 1.043860
    7 17.589096 0.000000 0.000000 0.101306 0.015972 -1.466595
    8 6.240662 0.000000 0.000000 -0.112105 0.023869 -0.397831
    9 0.000000 4.246162 -0.018825 1.418402 -0.237123 1.638815
    10 4.195629 0.000000 0.000000 -0.143384 0.028763 -0.052071
    11 3.883152 0.000001 0.000000 -0.068177 0.011489 0.118712
    12 5.985943 0.000002 0.000000 -0.083581 0.057119 0.546056
    13 5.620499 0.000002 0.000000 3.413609 -0.031464 0.195498
    14 4.684906 0.000002 0.000000 0.224554 0.064644 0.635263
    15 4.268658 1.531894 1.575000 -0.397768 -1.502019 -1.285158
    16 5.782729 -0.000008 0.000001 -2.697552 -1.220304 -0.083347
    17 11.452765 0.000001 -0.000004 0.000000 0.000000 -1.518276
    18 10.945532 -0.000006 -0.000031 -0.423664 0.051935 0.497621
    19 3.147137 0.005676 -1.551344 0.025530 -0.101227 -0.750908
    20 1.585899 0.000000 0.000000 -0.132564 -0.211450 -0.566008
    21 0.849079 0.000000 0.000000 -0.054473 -0.175380 -0.302889
    22 3.471083 0.213272 -0.574067 0.123378 0.009627 -0.786314
    23 1.897537 -0.000008 0.000000 -0.098477 -0.176680 -0.512089
    24 1.014450 0.000004 0.000000 0.002415 0.009757 -0.242679
    25 3.750084 0.114773 0.430058 0.174782 0.047054 -0.472914
    26 2.258194 0.000000 0.000000 -0.121557 -0.078219 -1.001731
    27 1.210388 0.000008 0.000000 0.001897 0.012019 -0.156562
    28 3.868299 -0.166634 1.490139 0.187548 0.033957 -0.039240
    29 1.786062 0.000000 0.000000 0.048663 0.060672 -0.676684
    30 1.044445 -0.000004 0.000000 0.001276 0.038560 -0.401842
    31 1.121477 -1.351563 1.030997 1.693867 -0.344560 -0.124114
    32 1.928114 0.000000 -0.000004 -0.000001 -0.188118 0.059543
    33 1.285139 0.000000 0.000008 0.000000 -0.040646 0.196333
    34 4.268658 1.531896 -1.575000 0.619848 1.325695 -0.926593
    35 5.782726 0.000000 0.000000 1.843373 1.272164 -0.243815
    36 11.452768 -0.000001 0.000000 0.000000 0.000000 -2.106748
    37 10.945511 -0.000005 0.000015 -0.472553 0.367806 0.633688
    38 3.147156 0.000069 1.551353 -0.323009 -0.149789 -1.078844
    39 1.585901 -0.000008 0.000000 -0.128616 0.004989 -1.609350
    40 0.849083 0.000004 0.000000 0.054471 0.175379 -0.910373
    41 3.471104 0.211185 0.574834 -0.338335 -0.158825 -1.076444
    42 1.897535 0.000000 0.000000 0.047190 0.006501 -1.433989
    43 1.014454 0.000000 0.000000 -0.002415 -0.009755 -0.901518
    44 3.750103 0.116325 -0.429640 -0.351994 -0.189782 -0.975696
    45 2.258196 0.000008 0.000000 0.066384 -0.000264 -1.574762
    46 1.210384 0.000004 0.000000 -0.001896 -0.012017 -0.834506
    47 3.868322 -0.161243 -1.490732 -0.188178 -0.087701 -0.204766
    48 1.786062 -0.000008 0.000000 -0.051327 -0.064037 -0.676424
    49 1.044445 0.000004 -0.000001 -0.001277 -0.038560 -0.033101
    50 1.121500 -1.347832 -1.035882 -1.801955 0.200199 -0.546471
    51 1.928120 -0.000001 0.000000 0.000000 -0.225049 -0.494084
    52 1.285143 0.000000 0.000000 -0.000001 0.040644 -0.404248
    53 7.023272 -6.880002 4.339547 2.620672 -1.456011 -1.105365
    54 3.813803 -3.870654 0.998558 1.570796 -1.069638 0.199892
    55 0.000000 -0.000007 -0.000031 1.373047 0.113574 0.124314
    56 0.000000 -0.000007 -0.000034 1.373047 0.113574 0.124314
    57 2.998047 -1.612305 -1.022461 -1.501147 -0.272558 -1.578261
    58 2.000008 -3.000000 0.000000 -1.570796 0.000000 -1.326450
    59 3.349001 -1.370995 0.724999 1.977842 -0.088017 1.557794
    60 -0.000002 -0.000004 10.500000 0.000000 0.000000 0.000000
    61 0.018898 0.665158 9.395884 0.000000 0.000000 0.000000
    62 3.028212 -0.923409 -2.009451 1.574082 -0.012974 1.587244
    63 0.116951 4.311603 0.061861 0.000010 0.000000 0.000000
    64 0.000000 0.000000 0.000000 0.000000 0.000000 0.000000
    65 0.000000 1.000000 0.000008 0.000000 0.000000 0.000000
    66 0.000000 0.000000 0.000000 0.000000 0.000000 0.000000
    67 0.000000 0.000000 0.000000 0.000000 0.000000 0.000000
    68 0.000000 0.000000 0.000000 0.000000 0.000000 0.000000
    69 19.253853 0.000000 -0.000001 0.000000 0.000000 0.025253
    70 19.253841 0.000000 0.000000 0.000000 0.000000 0.025250
    71 5.884354 0.000000 0.000004 -0.126310 0.000000 0.000000
    72 11.768705 -0.000001 0.000000 -0.238428 0.000000 0.000000
    73 11.679201 0.000000 -0.000004 0.000000 0.000000 -0.161658
    74 5.837998 -0.735000 -0.525002 0.000000 0.000000 0.000000
    75 5.825531 2.661388 2.409388 -0.001945 -0.016320 -0.024506
    76 6.752561 4.039024 -0.341453 0.001435 0.018681 -0.019052
    77 7.652452 1.954227 -2.880674 0.034288 0.011731 0.007773
    78 11.768707 0.000001 0.000004 0.242666 0.000000 0.000000
    79 5.884352 0.000001 0.000000 0.128617 0.000000 0.000000
    80 11.679197 0.000000 0.000008 0.000000 0.000000 -0.161657
    81 5.837997 -0.641044 0.525002 -0.049483 0.000000 0.000000
    82 5.625286 3.107059 -2.433369 0.110853 0.082458 -0.006869
    83 6.677644 4.114117 0.449763 -0.008964 0.010245 -0.007166
    84 7.673524 1.768635 2.985535 -0.031931 0.006501 0.012462
    85 4.902687 0.655644 -8.954903 0.081942 0.003890 0.000160
    86 2.649670 8.412623 -3.003099 -1.828871 -1.111184 1.884926
    87 2.538502 8.321048 3.447679 1.536390 -1.079904 -1.522285
  time 32
    0 1.069972 -94.091845 34.807627 1.592441 -0.010180 -0.220429
    1 3.806942 0.000000 0.000000 -1.866982 -0.456094 -1.458581
    2 19.263105 0.000000 0.000000 0.000000 0.000000 1.543331
    3 17.589100 0.000000 0.000000 -0.138931 -0.071247 -1.390958
    4 6.240662 0.000000 0.000000 0.020475 -0.027733 -0.472925
    5 -3.806942 0.000000 0.000000 -1.687228 -0.718027 -1.520693
    6 19.263098 0.000000 0.000000 0.000000 0.000000 1.064973
    7 17.589096 0.000000 0.000000 0.113052 -0.004692 -1.538831
    8 6.240662 0.000000 0.000000 -0.112105 0.023869 -0.404453
    9 0.000000 4.246162 -0.018825 1.428182 -0.235199 1.634519
    10 4.195629 0.000000 0.000000 -0.136600 0.028655 -0.053848
    11 3.883152 0.000001 0.000000 -0.065248 0.012146 0.120279
    12 5.985943 0.000002 0.000000 -0.078775 0.063866 0.549553
    13 5.620499 0.000002 0.000000 3.416166 -0.033674 0.187874
    14 4.684906 0.000002 0.000000 0.227830 0.066945 0.638739
    15 4.268658 1.531894 1.575000 -0.271869 -1.503684 -1.418884
    16 5.782729 -0.000008 0.000001 -2.722746 -1.221774 -0.054309
    17 11.452765 0.000001 -0.000004 0.000000 0.000000 -1.510985
    18 10.945532 -0.000006 -0.000031 -0.422522 0.053282 0.497077
    19 3.147137 0.005676 -1.551344 0.025530 -0.101227 -0.750908
    20 1.585899 0.000000 0.000000 -0.132564 -0.211450 -0.566008
    21 0.849079 0.000000 0.000000 -0.054473 -0.175380 -0.302889
    22 3.471083 0.213272 -0.574067 0.123378 0.009627 -0.786314
    23 1.897537 -0.000008 0.000000 -0.098477 -0.176680 -0.512089
    24 1.014450 0.000004 0.000000 0.002415 0.009757 -0.242679
    25 3.750084 0.114773 0.430058 0.174782 0.047054 -0.472914
    26 2.258194 0.000000 0.000000 -0.121557 -0.078219 -1.001731
    27 1.210388 0.000008 0.000000 0.001897 0.012019 -0.156562
    28 3.868299 -0.166634 1.490139 0.187548 0.033957 -0.039240
    29 1.786062 0.000000 0.000000 0.048663 0.060672 -0.676684
    30 1.044445 -0.000004 0.000000 0.001276 0.038560 -0.401842
    31 1.121477 -1.351563 1.030997 1.693867 -0.344560 -0.124114
    32 1.928114 0.000000 -0.000004 -0.000001 -0.188118 0.059543
    33 1.285139 0.000000 0.000008 0.000000 -0.040646 0.196333
    34 4.268658 1.531896 -1.575000 0.723678 1.337064 -0.844460
    35 5.782726 0.000000 0.000000 1.836243 1.250002 -0.255502
    36 11.452768 -0.000001 0.000000 0.000000 0.000000 -2.113595
    37 10.945511 -0.000005 0.000015 -0.466833 0.366957 0.644719
    38 3.147156 0.000069 1.551353 -0.323009 -0.149789 -1.078844
    39 1.585901 -0.000008 0.000000 -0.128616 0.004989 -1.609350
    40 0.849083 0.000004 0.000000 0.054471 0.175379 -0.910373
    41 3.471104 0.211185 0.574834 -0.338335 -0.158825 -1.076444
    42 1.897535 0.000000 0.000000 0.047190 0.006501 -1.433989
    43 1.014454 0.000000 0.000000 -0.002415 -0.009755 -0.901518
    44 3.750103 0.116325 -0.429640 -0.351994 -0.189782 -0.975696
    45 2.258196 0.000008 0.000000 0.066384 -0.000264 -1.574762
    46 1.210384 0.000004 0.000000 -0.001896 -0.012017 -0.834506
    47 3.868322 -0.161243 -1.490732 -0.188178 -0.087701 -0.204766
    48 1.786062 -0.000008 0.000000 -0.051327 -0.064037 -0.676424
    49 1.044445 0.000004 -0.000001 -0.001277 -0.038560 -0.033101
    50 1.121500 -1.347832 -1.035882 -1.801955 0.200199 -0.546471
    51 1.928120 -0.000001 0.000000 0.000000 -0.225049 -0.494084
    52 1.285143 0.000000 0.000000 -0.000001 0.040644 -0.404248
    53 7.023272 -6.880002 4.339547 2.620672 -1.456011 -1.105365
    54 3.813803 -3.870654 0.998558 1.570796 -1.069638 0.199892
    55 0.000000 -0.000007 -0.000031 1.373047 0.113574 0.124314
    56 0.000000 -0.000007 -0.000034 1.373047 0.113574 0.124314
    57 2.998047 -1.612305 -1.022461 -1.501147 -0.272558 -1.578261
    58 2.000008 -3.000000 0.000000 -1.570796 0.000000 -1.326450
    59 3.349001 -1.370995 0.724999 1.977842 -0.088017 1.557794
    60 -0.000002 -0.000004 10.500000 0.000000 0.000000 0.000000
    61 0.018898 0.665158 9.395884 0.000000 0.000000 0.000000
    62 3.028212 -0.923409 -2.009451 1.574082 -0.012974 1.587244
    63 0.116951 4.311603 0.061861 0.000010 0.000000 0.000000
    64 0.000000 0.000000 0.000000 0.000000 0.000000 0.000000
    65 0.000000 1.000000 0.000008 0.000000 0.000000 0.000000
    66 0.000000 0.000000 0.000000 0.000000 0.000000 0.000000
    67 0.000000 0.000000 0.000000 0.000000 0.000000 0.000000
    68 0.000000 0.000000 0.000000 0.000000 0.000000 0.000000
    69 19.253853 0.000000 -0.000001 0.000000 0.000000 0.025253
    70 19.253841 0.000000 0.000000 0.000000 0.000000 0.025250
    71 5.884354 0.000000 0.000004 -0.126310 0.000000 0.000000
    72 11.768705 -0.000001 0.000000 -0.238428 0.000000 0.000000
    73 11.679201 0.000000 -0.000004 0.000000 0.000000 -0.161658
    74 5.837998 -0.735000 -0.525002 0.000000 0.000000 0.000000
    75 5.825531 2.661388 2.409388 -0.001945 -0.016320 -0.024506
    76 6.752561 4.039024 -0.341453 0.001435 0.018681 -0.019052
    77 7.652452 1.954227 -2.880674 0.034288 0.011731 0.007773
    78 11.768707 0.000001 0.000004 0.242666 0.000000 0.000000
    79 5.884352 0.000001 0.000000 0.128617 0.000000 0.000000
    80 11.679197 0.000000 0.000008 0.000000 0.000000 -0.161657
    81 5.837997 -0.641044 0.525002 -0.049483 0.000000 0.000000
    82 5.625286 3.107059 -2.433369 0.110853 0.082458 -0.006869
    83 6.677644 4.114117 0.449763 -0.008964 0.010245 -0.007166
    84 7.673524 1.768635 2.985535 -0.031931 0.006501 0.012462
    85 4.902687 0.655644 -8.954903 0.081942 0.003890 0.000160
    86 2.649670 8.412623 -3.003099 -1.828871 -1.111184 1.884926
    87 2.538502 8.321048 3.447679 1.536390 -1.079904 -1.522285
  time 33
    0 1.202788 -96.533369 35.073260 1.618156 -0.007651 -0.243789
    1 3.806942 0.000000 0.000000 -1.931184 -0.614592 -1.397211
    2 19.263105 0.000000 0.000000 0.000000 0.000000 1.499066
    3 17.589100 0.000000 0.000000 -0.139206 -0.097320 -1.464589
    4 6.240662 0.000000 0.000000 0.020475 -0.027733 -0.452723
    5 -3.806942 0.000000 0.000000 -1.691319 -0.679125 -1.533344
    6 19.263098 0.000000 0.000000 0.000000 0.000000 1.076220
    7 17.589096 0.000000 0.000000 0.122682 -0.018072 -1.605674
    8 6.240662 0.000000 0.000000 -0.112105 0.023869 -0.411902
    9 0.000000 4.246162 -0.018825 1.439128 -0.232244 1.628572
    10 4.195629 0.000000 0.000000 -0.129482 0.027720 -0.055340
    11 3.883152 0.000001 0.000000 -0.062062 0.012635 0.121716
    12 5.985943 0.000002 0.000000 -0.075143 0.065975 0.552355
    13 5.620499 0.000002 0.000000 3.420816 -0.031129 0.176260
    14 4.684906 0.000002 0.000000 0.232763 0.064009 0.647420
    15 4.268658 1.531894 1.575000 -0.179983 -1.500136 -1.525041
    16 5.782729 -0.000008 0.000001 -2.745516 -1.218045 -0.013071
    17 11.452765 0.000001 -0.000004 0.000000 0.000000 -1.504265
    18 10.945532 -0.000006 -0.000031 -0.431593 0.056850 0.503254
    19 3.147137 0.005676 -1.551344 0.025530 -0.101227 -0.750908
    20 1.585899 0.000000 0.000000 -0.132564 -0.211450 -0.566008
    21 0.849079 0.000000 0.000000 -0.054473 -0.175380 -0.302889
    22 3.471083 0.213272 -0.574067 0.123378 0.009627 -0.786314
    23 1.897537 -0.000008 0.000000 -0.098477 -0.176680 -0.512089
    24 1.014450 0.000004 0.000000 0.002415 0.009757 -0.242679
    25 3.750084 0.114773 0.430058 0.174782 0.047054 -0.472914
    26 2.258194 0.000000 0.000000 -0.121557 -0.078219 -1.001731
    27 1.210388 0.000008 0.000000 0.001897 0.012019 -0.156562
    28 3.868299 -0.166634 1.490139 0.187548 0.033957 -0.039240
    29 1.786062 0.000000 0.000000 0.048663 0.060672 -0.676684
    30 1.044445 -0.000004 0.000000 0.001276 0.038560 -0.401842
    31 1.121477 -1.351563 1.030997 1.693867 -0.344560 -0.124114
    32 1.928114 0.000000 -0.000004 -0.000001 -0.188118 0.059543
    33 1.285139 0.000000 0.000008 0.000000 -0.040646 0.196333
    34 4.268658 1.531896 -1.575000 0.750250 1.337386 -0.833192
    35 5.782726 0.000000 0.000000 1.843547 1.246921 -0.249219
    36 11.452768 -0.000001 0.000000 0.000000 0.000000 -2.118138
    37 10.945511 -0.000005 0.000015 -0.451358 0.369605 0.655085
    38 3.147156 0.000069 1.551353 -0.323009 -0.149789 -1.078844
    39 1.585901 -0.000008 0.000000 -0.128616 0.004989 -1.609350
    40 0.849083 0.000004 0.000000 0.054471 0.175379 -0.910373
    41 3.471104 0.211185 0.574834 -0.338335 -0.158825 -1.076444
    42 1.897535 0.000000 0.000000 0.047190 0.006501 -1.433989
    43 1.014454 0.000000 0.000000 -0.002415 -0.009755 -0.901518
    44 3.750103 0.116325 -0.429640 -0.351994 -0.189782 -0.975696
    45 2.258196 0.000008 0.000000 0.066384 -0.000264 -1.574762
    46 1.210384 0.000004 0.000000 -0.001896 -0.012017 -0.834506
    47 3.868322 -0.161243 -1.490732 -0.188178 -0.087701 -0.204766
    48 1.786062 -0.000008 0.000000 -0.051327 -0.064037 -0.676424
    49 1.044445 0.000004 -0.000001 -0.001277 -0.038560 -0.033101
    50 1.121500 -1.347832 -1.035882 -1.801955 0.200199 -0.546471
    51 1.928120 -0.000001 0.000000 0.000000 -0.225049 -0.494084
    52 1.285143 0.000000 0.000000 -0.000001 0.040644 -0.404248
    53 7.023272 -6.880002 4.339547 2.620672 -1.456011 -1.105365
    54 3.813803 -3.870654 0.998558 1.570796 -1.069638 0.199892
    55 0.000000 -0.000007 -0.000031 1.373047 0.113574 0.124314
    56 0.000000 -0.000007 -0.000034 1.373047 0.113574 0.124314
    57 2.998047 -1.612305 -1.022461 -1.501147 -0.272558 -1.578261
    58 2.000008 -3.000000 0.000000 -1.570796 0.000000 -1.326450
    59 3.349001 -1.370995 0.724999 1.977842 -0.088017 1.557794
    60 -0.000002 -0.000004 10.500000 0.000000 0.000000 0.000000
    61 0.018898 0.665158 9.395884 0.000000 0.000000 0.000000
    62 3.028212 -0.923409 -2.009451 1.574082 -0.012974 1.587244
    63 0.116951 4.311603 0.061861 0.000010 0.000000 0.000000
    64 0.000000 0.000000 0.000000 0.000000 0.000000 0.000000
    65 0.000000 1.000000 0.000008 0.000000 0.000000 0.000000
    66 0.000000 0.000000 0.000000 0.000000 0.000000 0.000000
    67 0.000000 0.000000 0.000000 0.000000 0.000000 0.000000
    68 0.000000 0.000000 0.000000 0.000000 0.000000 0.000000
    69 19.253853 0.000000 -0.000001 0.000000 0.000000 0.025253
    70 19.253841 0.000000 0.000000 0.000000 0.000000 0.025250
    71 5.884354 0.000000 0.000004 -0.126310 0.000000 0.000000
    72 11.768705 -0.000001 0.000000 -0.238428 0.000000 0.000000
    73 11.679201 0.000000 -0.000004 0.000000 0.000000 -0.161658
    74 5.837998 -0.735000 -0.525002 0.000000 0.000000 0.000000
    75 5.825531 2.661388 2.409388 -0.001945 -0.016320 -0.024506
    76 6.752561 4.039024 -0.341453 0.001435 0.018681 -0.019052
    77 7.652452 1.954227 -2.880674 0.034288 0.011731 0.007773
    78 11.768707 0.000001 0.000004 0.242666 0.000000 0.000000
    79 5.884352 0.000001 0.000000 0.128617 0.000000 0.000000
    80 11.679197 0.000000 0.000008 0.000000 0.000000 -0.161657
    81 5.837997 -0.641044 0.525002 -0.049483 0.000000 0.000000
    82 5.625286 3.107059 -2.433369 0.110853 0.082458 -0.006869
    83 6.677644 4.114117 0.449763 -0.008964 0.010245 -0.007166
    84 7.673524 1.768635 2.985535 -0.031931 0.006501 0.012462
    85 4.902687 0.655644 -8.954903 0.081942 0.003890 0.000160
    86 2.649670 8.412623 -3.003099 -1.828871 -1.111184 1.884926
    87 2.538502 8.321048 3.447679 1.536390 -1.079904 -1.522285
  time 34
    0 1.366856 -99.030805 35.292017 1.634327 -0.005911 -0.271840
    1 3.806942 0.000000 0.000000 -1.992147 -0.729452 -1.328104
    2 19.263105 0.000000 0.000000 0.000000 0.000000 1.379878
    3 17.589100 0.000000 0.000000 -0.144931 -0.066359 -1.493086
    4 6.240662 0.000000 0.000000 0.020475 -0.027733 -0.461307
    5 -3.806942 0.000000 0.000000 -1.693511 -0.624543 -1.550733
    6 19.263098 0.000000 0.000000 0.000000 0.000000 1.074219
    7 17.589096 0.000000 0.000000 0.121831 -0.030168 -1.667817
    8 6.240662 0.000000 0.000000 -0.112105 0.023869 -0.413716
    9 0.000000 4.246162 -0.018825 1.452038 -0.233847 1.621617
    10 4.195629 0.000000 0.000000 -0.122051 0.025180 -0.054744
    11 3.883152 0.000001 0.000000 -0.058704 0.011138 0.121228
    12 5.985943 0.000002 0.000000 -0.073274 0.062739 0.550916
    13 5.620499 0.000002 0.000000 3.428789 -0.022947 0.171245
    14 4.684906 0.000002 0.000000 0.238288 0.057777 0.651979
    15 4.268658 1.531894 1.575000 -0.301379 -1.488624 -1.413332
    16 5.782729 -0.000008 0.000001 -2.753418 -1.209582 0.003217
    17 11.452765 0.000001 -0.000004 0.000000 0.000000 -1.506610
    18 10.945532 -0.000006 -0.000031 -0.448533 0.056559 0.513079
    19 3.147137 0.005676 -1.551344 0.025530 -0.101227 -0.750908
    20 1.585899 0.000000 0.000000 -0.132564 -0.211450 -0.566008
    21 0.849079 0.000000 0.000000 -0.054473 -0.175380 -0.302889
    22 3.471083 0.213272 -0.574067 0.123378 0.009627 -0.786314
    23 1.897537 -0.000008 0.000000 -0.098477 -0.176680 -0.512089
    24 1.014450 0.000004 0.000000 0.002415 0.009757 -0.242679
    25 3.750084 0.114773 0.430058 0.174782 0.047054 -0.472914
    26 2.258194 0.000000 0.000000 -0.121557 -0.078219 -1.001731
    27 1.210388 0.000008 0.000000 0.001897 0.012019 -0.156562
    28 3.868299 -0.166634 1.490139 0.187548 0.033957 -0.039240
    29 1.786062 0.000000 0.000000 0.048663 0.060672 -0.676684
    30 1.044445 -0.000004 0.000000 0.001276 0.038560 -0.401842
    31 1.121477 -1.351563 1.030997 1.693867 -0.344560 -0.124114
    32 1.928114 0.000000 -0.000004 -0.000001 -0.188118 0.059543
    33 1.285139 0.000000 0.000008 0.000000 -0.040646 0.196333
    34 4.268658 1.531896 -1.575000 0.741361 1.325481 -0.846695
    35 5.782726 0.000000 0.000000 1.860329 1.257249 -0.240707
    36 11.452768 -0.000001 0.000000 0.000000 0.000000 -2.120317
    37 10.945511 -0.000005 0.000015 -0.437295 0.369455 0.657985
    38 3.147156 0.000069 1.551353 -0.323009 -0.149789 -1.078844
    39 1.585901 -0.000008 0.000000 -0.128616 0.004989 -1.609350
    40 0.849083 0.000004 0.000000 0.054471 0.175379 -0.910373
    41 3.471104 0.211185 0.574834 -0.338335 -0.158825 -1.076444
    42 1.897535 0.000000 0.000000 0.047190 0.006501 -1.433989
    43 1.014454 0.000000 0.000000 -0.002415 -0.009755 -0.901518
    44 3.750103 0.116325 -0.429640 -0.351994 -0.189782 -0.975696
    45 2.258196 0.000008 0.000000 0.066384 -0.000264 -1.574762
    46 1.210384 0.000004 0.000000 -0.001896 -0.012017 -0.834506
    47 3.868322 -0.161243 -1.490732 -0.188178 -0.087701 -0.204766
    48 1.786062 -0.000008 0.000000 -0.051327 -0.064037 -0.676424
    49 1.044445 0.000004 -0.000001 -0.001277 -0.038560 -0.033101
    50 1.121500 -1.347832 -1.035882 -1.801955 0.200199 -0.546471
    51 1.928120 -0.000001 0.000000 0.000000 -0.225049 -0.494084
    52 1.285143 0.000000 0.000000 -0.000001 0.040644 -0.404248
    53 7.023272 -6.880002 4.339547 2.620672 -1.456011 -1.105365
    54 3.813803 -3.870654 0.998558 1.570796 -1.069638 0.199892
    55 0.000000 -0.000007 -0.000031 1.373047 0.113574 0.124314
    56 0.000000 -0.000007 -0.000034 1.373047 0.113574 0.124314
    57 2.998047 -1.612305 -1.022461 -1.501147 -0.272558 -1.578261
    58 2.000008 -3.000000 0.000000 -1.570796 0.000000 -1.326450
    59 3.349001 -1.370995 0.724999 1.977842 -0.088017 1.557794
    60 -0.000002 -0.000004 10.500000 0.000000 0.000000 0.000000
    61 0.018898 0.665158 9.395884 0.000000 0.000000 0.000000
    62 3.028212 -0.923409 -2.009451 1.574082 -0.012974 1.587244
    63 0.116951 4.311603 0.061861 0.000010 0.000000 0.000000
    64 0.000000 0.000000 0.000000 0.000000 0.000000 0.000000
    65 0.000000 1.000000 0.000008 0.000000 0.000000 0.000000
    66 0.000000 0.000000 0.000000 0.000000 0.000000 0.000000
    67 0.000000 0.000000 0.000000 0.000000 0.000000 0.000000
    68 0.000000 0.000000 0.000000 0.000000 0.000000 0.000000
    69 19.253853 0.000000 -0.000001 0.000000 0.000000 0.025253
    70 19.253841 0.000000 0.000000 0.000000 0.000000 0.025250
    71 5.884354 0.000000 0.000004 -0.126310 0.000000 0.000000
    72 11.768705 -0.000001 0.000000 -0.238428 0.000000 0.000000
    73 11.679201 0.000000 -0.000004 0.000000 0.000000 -0.161658
    74 5.837998 -0.735000 -0.525002 0.000000 0.000000 0.000000
    75 5.825531 2.661388 2.409388 -0.001945 -0.016320 -0.024506
    76 6.752561 4.039024 -0.341453 0.001435 0.018681 -0.019052
    77 7.652452 1.954227 -2.880674 0.034288 0.011731 0.007773
    78 11.768707 0.000001 0.000004 0.242666 0.000000 0.000000
    79 5.884352 0.000001 0.000000 0.128617 0.000000 0.000000
    80 11.679197 0.000000 0.000008 0.000000 0.000000 -0.161657
    81 5.837997 -0.641044 0.525002 -0.049483 0.000000 0.000000
    82 5.625286 3.107059 -2.433369 0.110853 0.082458 -0.006869
    83 6.677644 4.114117 0.449763 -0.008964 0.010245 -0.007166
    84 7.673524 1.768635 2.985535 -0.031931 0.006501 0.012462
    85 4.902687 0.655644 -8.954903 0.081942 0.003890 0.000160
    86 2.649670 8.412623 -3.003099 -1.828871 -1.111184 1.884926
    87 2.538502 8.321048 3.447679 1.536390 -1.079904 -1.522285
  time 35
    0 1.550455 -101.621430 35.444365 1.644437 -0.004762 -0.301806
    1 3.806942 0.000000 0.000000 -2.049760 -0.801643 -1.258729
    2 19.263105 0.000000 0.000000 0.000000 0.000000 1.200216
    3 17.589100 0.000000 0.000000 -0.133079 -0.035675 -1.487525
    4 6.240662 0.000000 0.000000 0.020475 -0.027733 -0.465960
    5 -3.806942 0.000000 0.000000 -1.699136 -0.558715 -1.571472
    6 19.263098 0.000000 0.000000 0.000000 0.000000 1.062214
    7 17.589096 0.000000 0.000000 0.120056 -0.038026 -1.723775
    8 6.240662 0.000000 0.000000 -0.112105 0.023869 -0.414662
    9 0.000000 4.246162 -0.018825 1.465493 -0.236000 1.613260
    10 4.195629 0.000000 0.000000 -0.114657 0.021021 -0.053600
    11 3.883152 0.000001 0.000000 -0.055260 0.008678 0.119689
    12 5.985943 0.000002 0.000000 -0.071752 0.058305 0.547849
    13 5.620499 0.000002 0.000000 3.437325 -0.014231 0.171711
    14 4.684906 0.000002 0.000000 0.243793 0.051173 0.652433
    15 4.268658 1.531894 1.575000 -0.421530 -1.477221 -1.291380
    16 5.782729 -0.000008 0.000001 -2.756001 -1.201729 -0.000260
    17 11.452765 0.000001 -0.000004 0.000000 0.000000 -1.517578
    18 10.945532 -0.000006 -0.000031 -0.466614 0.048404 0.517879
    19 3.147137 0.005676 -1.551344 0.025530 -0.101227 -0.750908
    20 1.585899 0.000000 0.000000 -0.132564 -0.211450 -0.566008
    21 0.849079 0.000000 0.000000 -0.054473 -0.175380 -0.302889
    22 3.471083 0.213272 -0.574067 0.123378 0.009627 -0.786314
    23 1.897537 -0.000008 0.000000 -0.098477 -0.176680 -0.512089
    24 1.014450 0.000004 0.000000 0.002415 0.009757 -0.242679
    25 3.750084 0.114773 0.430058 0.174782 0.047054 -0.472914
    26 2.258194 0.000000 0.000000 -0.121557 -0.078219 -1.001731
    27 1.210388 0.000008 0.000000 0.001897 0.012019 -0.156562
    28 3.868299 -0.166634 1.490139 0.187548 0.033957 -0.039240
    29 1.786062 0.000000 0.000000 0.048663 0.060672 -0.676684
    30 1.044445 -0.000004 0.000000 0.001276 0.038560 -0.401842
    31 1.121477 -1.351563 1.030997 1.693867 -0.344560 -0.124114
    32 1.928114 0.000000 -0.000004 -0.000001 -0.188118 0.059543
    33 1.285139 0.000000 0.000008 0.000000 -0.040646 0.196333
    34 4.268658 1.531896 -1.575000 0.745711 1.312110 -0.839618
    35 5.782726 0.000000 0.000000 1.895110 1.262466 -0.216589
    36 11.452768 -0.000001 0.000000 0.000000 0.000000 -2.123989
    37 10.945511 -0.000005 0.000015 -0.435075 0.364658 0.656987
    38 3.147156 0.000069 1.551353 -0.323009 -0.149789 -1.078844
    39 1.585901 -0.000008 0.000000 -0.128616 0.004989 -1.609350
    40 0.849083 0.000004 0.000000 0.054471 0.175379 -0.910373
    41 3.471104 0.211185 0.574834 -0.338335 -0.158825 -1.076444
    42 1.897535 0.000000 0.000000 0.047190 0.006501 -1.433989
    43 1.014454 0.000000 0.000000 -0.002415 -0.009755 -0.901518
    44 3.750103 0.116325 -0.429640 -0.351994 -0.189782 -0.975696
    45 2.258196 0.000008 0.000000 0.066384 -0.000264 -1.574762
    46 1.210384 0.000004 0.000000 -0.001896 -0.012017 -0.834506
    47 3.868322 -0.161243 -1.490732 -0.188178 -0.087701 -0.204766
    48 1.786062 -0.000008 0.000000 -0.051327 -0.064037 -0.676424
    49 1.044445 0.000004 -0.000001 -0.001277 -0.038560 -0.033101
    50 1.121500 -1.347832 -1.035882 -1.801955 0.200199 -0.546471
    51 1.928120 -0.000001 0.000000 0.000000 -0.225049 -0.494084
    52 1.285143 0.000000 0.000000 -0.000001 0.040644 -0.404248
    53 7.023272 -6.880002 4.339547 2.620672 -1.456011 -1.105365
    54 3.813803 -3.870654 0.998558 1.570796 -1.069638 0.199892
    55 0.000000 -0.000007 -0.000031 1.373047 0.113574 0.124314
    56 0.000000 -0.000007 -0.000034 1.373047 0.113574 0.124314
    57 2.998047 -1.612305 -1.022461 -1.501147 -0.272558 -1.578261
    58 2.000008 -3.000000 0.000000 -1.570796 0.000000 -1.326450
    59 3.349001 -1.370995 0.724999 1.977842 -0.088017 1.557794
    60 -0.000002 -0.000004 10.500000 0.000000 0.000000 0.000000
    61 0.018898 0.665158 9.395884 0.000000 0.000000 0.000000
    62 3.028212 -0.923409 -2.009451 1.574082 -0.012974 1.587244
    63 0.116951 4.311603 0.061861 0.000010 0.000000 0.000000
    64 0.000000 0.000000 0.000000 0.000000 0.000000 0.000000
    65 0.000000 1.000000 0.000008 0.000000 0.000000 0.000000
    66 0.000000 0.000000 0.000000 0.000000 0.000000 0.000000
    67 0.000000 0.000000 0.000000 0.000000 0.000000 0.000000
    68 0.000000 0.000000 0.000000 0.000000 0.000000 0.000000
    69 19.253853 0.000000 -0.000001 0.000000 0.000000 0.025253
    70 19.253841 0.000000 0.000000 0.000000 0.000000 0.025250
    71 5.884354 0.000000 0.000004 -0.126310 0.000000 0.000000
    72 11.768705 -0.000001 0.000000 -0.238428 0.000000 0.000000
    73 11.679201 0.000000 -0.000004 0.000000 0.000000 -0.161658
    74 5.837998 -0.735000 -0.525002 0.000000 0.000000 0.000000
    75 5.825531 2.661388 2.409388 -0.001945 -0.016320 -0.024506
    76 6.752561 4.039024 -0.341453 0.001435 0.018681 -0.019052
    77 7.652452 1.954227 -2.880674 0.034288 0.011731 0.007773
    78 11.768707 0.000001 0.000004 0.242666 0.000000 0.000000
    79 5.884352 0.000001 0.000000 0.128617 0.000000 0.000000
    80 11.679197 0.000000 0.000008 0.000000 0.000000 -0.161657
    81 5.837997 -0.641044 0.525002 -0.049483 0.000000 0.000000
    82 5.625286 3.107059 -2.433369 0.110853 0.082458 -0.006869
    83 6.677644 4.114117 0.449763 -0.008964 0.010245 -0.007166
    84 7.673524 1.768635 2.985535 -0.031931 0.006501 0.012462
    85 4.902687 0.655644 -8.954903 0.081942 0.003890 0.000160
    86 2.649670 8.412623 -3.003099 -1.828871 -1.111184 1.884926
    87 2.538502 8.321048 3.447679 1.536390 -1.079904 -1.522285
  time 36
    0 1.741867 -104.342517 35.475616 1.649219 -0.002988 -0.332058
    1 3.806942 0.000000 0.000000 -2.086550 -0.825076 -1.204564
    2 19.263105 0.000000 0.000000 0.000000 0.000000 0.970757
    3 17.589100 0.000000 0.000000 -0.139734 -0.027435 -1.469117
    4 6.240662 0.000000 0.000000 0.020475 -0.027733 -0.452290
    5 -3.806942 0.000000 0.000000 -1.706588 -0.483196 -1.596313
    6 19.263098 0.000000 0.000000 0.000000 0.000000 1.043515
    7 17.589096 0.000000 0.000000 0.124846 -0.045884 -1.774291
    8 6.240662 0.000000 0.000000 -0.112105 0.023869 -0.422111
    9 0.000000 4.246162 -0.018825 1.479609 -0.237260 1.603646
    10 4.195629 0.000000 0.000000 -0.107430 0.016527 -0.053152
    11 3.883152 0.000001 0.000000 -0.051914 0.006371 0.117763
    12 5.985943 0.000002 0.000000 -0.069690 0.055704 0.545173
    13 5.620499 0.000002 0.000000 3.445520 -0.006430 0.177580
    14 4.684906 0.000002 0.000000 0.248095 0.045445 0.649272
    15 4.268658 1.531894 1.575000 -0.492624 -1.471863 -1.210015
    16 5.782729 -0.000008 0.000001 -2.756783 -1.188928 -0.003615
    17 11.452765 0.000001 -0.000004 0.000000 0.000000 -1.532794
    18 10.945532 -0.000006 -0.000031 -0.483794 0.037336 0.526327
    19 3.147137 0.005676 -1.551344 0.025530 -0.101227 -0.750908
    20 1.585899 0.000000 0.000000 -0.132564 -0.211450 -0.566008
    21 0.849079 0.000000 0.000000 -0.054473 -0.175380 -0.302889
    22 3.471083 0.213272 -0.574067 0.123378 0.009627 -0.786314
    23 1.897537 -0.000008 0.000000 -0.098477 -0.176680 -0.512089
    24 1.014450 0.000004 0.000000 0.002415 0.009757 -0.242679
    25 3.750084 0.114773 0.430058 0.174782 0.047054 -0.472914
    26 2.258194 0.000000 0.000000 -0.121557 -0.078219 -1.001731
    27 1.210388 0.000008 0.000000 0.001897 0.012019 -0.156562
    28 3.868299 -0.166634 1.490139 0.187548 0.033957 -0.039240
    29 1.786062 0.000000 0.000000 0.048663 0.060672 -0.676684
    30 1.044445 -0.000004 0.000000 0.001276 0.038560 -0.401842
    31 1.121477 -1.351563 1.030997 1.693867 -0.344560 -0.124114
    32 1.928114 0.000000 -0.000004 -0.000001 -0.188118 0.059543
    33 1.285139 0.000000 0.000008 0.000000 -0.040646 0.196333
    34 4.268658 1.531896 -1.575000 0.777295 1.304638 -0.800414
    35 5.782726 0.000000 0.000000 1.935978 1.254553 -0.183080
    36 11.452768 -0.000001 0.000000 0.000000 0.000000 -2.130525
    37 10.945511 -0.000005 0.000015 -0.429759 0.359211 0.656226
    38 3.147156 0.000069 1.551353 -0.323009 -0.149789 -1.078844
    39 1.585901 -0.000008 0.000000 -0.128616 0.004989 -1.609350
    40 0.849083 0.000004 0.000000 0.054471 0.175379 -0.910373
    41 3.471104 0.211185 0.574834 -0.338335 -0.158825 -1.076444
    42 1.897535 0.000000 0.000000 0.047190 0.006501 -1.433989
    43 1.014454 0.000000 0.000000 -0.002415 -0.009755 -0.901518
    44 3.750103 0.116325 -0.429640 -0.351994 -0.189782 -0.975696
    45 2.258196 0.000008 0.000000 0.066384 -0.000264 -1.574762
    46 1.210384 0.000004 0.000000 -0.001896 -0.012017 -0.834506
    47 3.868322 -0.161243 -1.490732 -0.188178 -0.087701 -0.204766
    48 1.786062 -0.000008 0.000000 -0.051327 -0.064037 -0.676424
    49 1.044445 0.000004 -0.000001 -0.001277 -0.038560 -0.033101
    50 1.121500 -1.347832 -1.035882 -1.801955 0.200199 -0.546471
    51 1.928120 -0.000001 0.000000 0.000000 -0.225049 -0.494084
    52 1.285143 0.000000 0.000000 -0.000001 0.040644 -0.404248
    53 7.023272 -6.880002 4.339547 2.620672 -1.456011 -1.105365
    54 3.813803 -3.870654 0.998558 1.570796 -1.069638 0.199892
    55 0.000000 -0.000007 -0.000031 1.373047 0.113574 0.124314
    56 0.000000 -0.000007 -0.000034 1.373047 0.113574 0.124314
    57 2.998047 -1.612305 -1.022461 -1.501147 -0.272558 -1.578261
    58 2.000008 -3.000000 0.000000 -1.570796 0.000000 -1.326450
    59 3.349001 -1.370995 0.724999 1.977842 -0.088017 1.557794
    60 -0.000002 -0.000004 10.500000 0.000000 0.000000 0.000000
    61 0.018898 0.665158 9.395884 0.000000 0.000000 0.000000
    62 3.028212 -0.923409 -2.009451 1.574082 -0.012974 1.587244
    63 0.116951 4.311603 0.061861 0.000010 0.000000 0.000000
    64 0.000000 0.000000 0.000000 0.000000 0.000000 0.000000
    65 0.000000 1.000000 0.000008 0.000000 0.000000 0.000000
    66 0.000000 0.000000 0.000000 0.000000 0.000000 0.000000
    67 0.000000 0.000000 0.000000 0.000000 0.000000 0.000000
    68 0.000000 0.000000 0.000000 0.000000 0.000000 0.000000
    69 19.253853 0.000000 -0.000001 0.000000 0.000000 0.025253
    70 19.253841 0.000000 0.000000 0.000000 0.000000 0.025250
    71 5.884354 0.000000 0.000004 -0.126310 0.000000 0.000000
    72 11.768705 -0.000001 0.000000 -0.238428 0.000000 0.000000
    73 11.679201 0.000000 -0.000004 0.000000 0.000000 -0.161658
    74 5.837998 -0.735000 -0.525002 0.000000 0.000000 0.000000
    75 5.825531 2.661388 2.409388 -0.001945 -0.016320 -0.024506
    76 6.752561 4.039024 -0.341453 0.001435 0.018681 -0.019052
    77 7.652452 1.954227 -2.880674 0.034288 0.011731 0.007773
    78 11.768707 0.000001 0.000004 0.242666 0.000000 0.000000
    79 5.884352 0.000001 0.000000 0.128617 0.000000 0.000000
    80 11.679197 0.000000 0.000008 0.000000 0.000000 -0.161657
    81 5.837997 -0.641044 0.525002 -0.049483 0.000000 0.000000
    82 5.625286 3.107059 -2.433369 0.110853 0.082458 -0.006869
    83 6.677644 4.114117 0.449763 -0.008964 0.010245 -0.007166
    84 7.673524 1.768635 2.985535 -0.031931 0.006501 0.012462
    85 4.902687 0.655644 -8.954903 0.081942 0.003890 0.000160
    86 2.649670 8.412623 -3.003099 -1.828871 -1.111184 1.884926
    87 2.538502 8.321048 3.447679 1.536390 -1.079904 -1.522285
  time 37
    0 1.921560 -107.222024 35.374051 1.648736 0.001248 -0.358673
    1 3.806942 0.000000 0.000000 -2.099670 -0.811745 -1.171122
    2 19.263105 0.000000 0.000000 0.000000 0.000000 0.716888
    3 17.589100 0.000000 0.000000 -0.155198 -0.024176 -1.435845
    4 6.240662 0.000000 0.000000 0.020475 -0.027733 -0.471335
    5 -3.806942 0.000000 0.000000 -1.715355 -0.395197 -1.623464
    6 19.263098 0.000000 0.000000 0.000000 0.000000 1.014812
    7 17.589096 0.000000 0.000000 0.136957 -0.048840 -1.818226
    8 6.240662 0.000000 0.000000 -0.112105 0.023869 -0.438114
    9 0.000000 4.246162 -0.018825 1.490633 -0.236848 1.595093
    10 4.195629 0.000000 0.000000 -0.101569 0.013291 -0.053737
    11 3.883152 0.000001 0.000000 -0.049267 0.005042 0.116067
    12 5.985943 0.000002 0.000000 -0.067018 0.056615 0.543835
    13 5.620499 0.000002 0.000000 3.451097 -0.005394 0.188324
    14 4.684906 0.000002 0.000000 0.252042 0.043911 0.642687
    15 4.268658 1.531894 1.575000 -0.450370 -1.474904 -1.245529
    16 5.782729 -0.000008 0.000001 -2.761243 -1.188641 0.001265
    17 11.452765 0.000001 -0.000004 0.000000 0.000000 -1.534633
    18 10.945532 -0.000006 -0.000031 -0.477066 0.037554 0.529272
    19 3.147137 0.005676 -1.551344 0.025530 -0.101227 -0.750908
    20 1.585899 0.000000 0.000000 -0.132564 -0.211450 -0.566008
    21 0.849079 0.000000 0.000000 -0.054473 -0.175380 -0.302889
    22 3.471083 0.213272 -0.574067 0.123378 0.009627 -0.786314
    23 1.897537 -0.000008 0.000000 -0.098477 -0.176680 -0.512089
    24 1.014450 0.000004 0.000000 0.002415 0.009757 -0.242679
    25 3.750084 0.114773 0.430058 0.174782 0.047054 -0.472914
    26 2.258194 0.000000 0.000000 -0.121557 -0.078219 -1.001731
    27 1.210388 0.000008 0.000000 0.001897 0.012019 -0.156562
    28 3.868299 -0.166634 1.490139 0.187548 0.033957 -0.039240
    29 1.786062 0.000000 0.000000 0.048663 0.060672 -0.676684
    30 1.044445 -0.000004 0.000000 0.001276 0.038560 -0.401842
    31 1.121477 -1.351563 1.030997 1.693867 -0.344560 -0.124114
    32 1.928114 0.000000 -0.000004 -0.000001 -0.188118 0.059543
    33 1.285139 0.000000 0.000008 0.000000 -0.040646 0.196333
    34 4.268658 1.531896 -1.575000 0.819565 1.313004 -0.751525
    35 5.782726 0.000000 0.000000 1.951282 1.240444 -0.163151
    36 11.452768 -0.000001 0.000000 0.000000 0.000000 -2.134010
    37 10.945511 -0.000005 0.000015 -0.422829 0.364208 0.658984
    38 3.147156 0.000069 1.551353 -0.323009 -0.149789 -1.078844
    39 1.585901 -0.000008 0.000000 -0.128616 0.004989 -1.609350
    40 0.849083 0.000004 0.000000 0.054471 0.175379 -0.910373
    41 3.471104 0.211185 0.574834 -0.338335 -0.158825 -1.076444
    42 1.897535 0.000000 0.000000 0.047190 0.006501 -1.433989
    43 1.014454 0.000000 0.000000 -0.002415 -0.009755 -0.901518
    44 3.750103 0.116325 -0.429640 -0.351994 -0.189782 -0.975696
    45 2.258196 0.000008 0.000000 0.066384 -0.000264 -1.574762
    46 1.210384 0.000004 0.000000 -0.001896 -0.012017 -0.834506
    47 3.868322 -0.161243 -1.490732 -0.188178 -0.087701 -0.204766
    48 1.786062 -0.000008 0.000000 -0.051327 -0.064037 -0.676424
    49 1.044445 0.000004 -0.000001 -0.001277 -0.038560 -0.033101
    50 1.121500 -1.347832 -1.035882 -1.801955 0.200199 -0.546471
    51 1.928120 -0.000001 0.000000 0.000000 -0.225049 -0.494084
    52 1.285143 0.000000 0.000000 -0.000001 0.040644 -0.404248
    53 7.023272 -6.880002 4.339547 2.620672 -1.456011 -1.105365
    54 3.813803 -3.870654 0.998558 1.570796 -1.069638 0.199892
    55 0.000000 -0.000007 -0.000031 1.373047 0.113574 0.124314
    56 0.000000 -0.000007 -0.000034 1.373047 0.113574 0.124314
    57 2.998047 -1.612305 -1.022461 -1.501147 -0.272558 -1.578261
    58 2.000008 -3.000000 0.000000 -1.570796 0.000000 -1.326450
    59 3.349001 -1.370995 0.724999 1.977842 -0.088017 1.557794
    60 -0.000002 -0.000004 10.500000 0.000000 0.000000 0.000000
    61 0.018898 0.665158 9.395884 0.000000 0.000000 0.000000
    62 3.028212 -0.923409 -2.009451 1.574082 -0.012974 1.587244
    63 0.116951 4.311603 0.061861 0.000010 0.000000 0.000000
    64 0.000000 0.000000 0.000000 0.000000 0.000000 0.000000
    65 0.000000 1.000000 0.000008 0.000000 0.000000 0.000000
    66 0.000000 0.000000 0.000000 0.000000 0.000000 0.000000
    67 0.000000 0.000000 0.000000 0.000000 0.000000 0.000000
    68 0.000000 0.000000 0.000000 0.000000 0.000000 0.000000
    69 19.253853 0.000000 -0.000001 0.000000 0.000000 0.025253
    70 19.253841 0.000000 0.000000 0.000000 0.000000 0.025250
    71 5.884354 0.000000 0.000004 -0.126310 0.000000 0.000000
    72 11.768705 -0.000001 0.000000 -0.238428 0.000000 0.000000
    73 11.679201 0.000000 -0.000004 0.000000 0.000000 -0.161658
    74 5.837998 -0.735000 -0.525002 0.000000 0.000000 0.000000
    75 5.825531 2.661388 2.409388 -0.001945 -0.016320 -0.024506
    76 6.752561 4.039024 -0.341453 0.001435 0.018681 -0.019052
    77 7.652452 1.954227 -2.880674 0.034288 0.011731 0.007773
    78 11.768707 0.000001 0.000004 0.242666 0.000000 0.000000
    79 5.884352 0.000001 0.000000 0.128617 0.000000 0.000000
    80 11.679197 0.000000 0.000008 0.000000 0.000000 -0.161657
    81 5.837997 -0.641044 0.525002 -0.049483 0.000000 0.000000
    82 5.625286 3.107059 -2.433369 0.110853 0.082458 -0.006869
    83 6.677644 4.114117 0.449763 -0.008964 0.010245 -0.007166
    84 7.673524 1.768635 2.985535 -0.031931 0.006501 0.012462
    85 4.902687 0.655644 -8.954903 0.081942 0.003890 0.000160
    86 2.649670 8.412623 -3.003099 -1.828871 -1.111184 1.884926
    87 2.538502 8.321048 3.447679 1.536390 -1.079904 -1.522285
  time 38
    0 2.112972 -110.231994 35.198264 1.645569 0.006732 -0.383278
    1 3.806942 0.000000 0.000000 -2.099056 -0.784483 -1.148531
    2 19.263105 0.000000 0.000000 0.000000 0.000000 0.513272
    3 17.589100 0.000000 0.000000 -0.138530 -0.040656 -1.424033
    4 6.240662 0.000000 0.000000 0.020475 -0.027721 -0.515090
    5 -3.806942 0.000000 0.000000 -1.725802 -0.295267 -1.656393
    6 19.263098 0.000000 0.000000 0.000000 0.000000 0.968722
    7 17.589096 0.000000 0.000000 0.154053 -0.054728 -1.851722
    8 6.240662 0.000000 0.000000 -0.112105 0.023869 -0.467440
    9 0.000000 4.246162 -0.018825 1.502473 -0.235244 1.585885
    10 4.195629 0.000000 0.000000 -0.094439 0.010067 -0.055179
    11 3.883152 0.000001 0.000000 -0.046032 0.004034 0.114672
    12 5.985943 0.000002 0.000000 -0.061529 0.064717 0.543305
    13 5.620499 0.000002 0.000000 3.451680 -0.008746 0.197795
    14 4.684906 0.000002 0.000000 0.253936 0.044845 0.635456
    15 4.268658 1.531894 1.575000 -0.382151 -1.485004 -1.309759
    16 5.782729 -0.000008 0.000001 -2.757644 -1.187458 0.006267
    17 11.452765 0.000001 -0.000004 0.000000 0.000000 -1.530005
    18 10.945532 -0.000006 -0.000031 -0.471300 0.038901 0.528600
    19 3.147137 0.005676 -1.551344 0.025530 -0.101227 -0.750908
    20 1.585899 0.000000 0.000000 -0.132564 -0.211450 -0.566008
    21 0.849079 0.000000 0.000000 -0.054473 -0.175380 -0.302889
    22 3.471083 0.213272 -0.574067 0.123378 0.009627 -0.786314
    23 1.897537 -0.000008 0.000000 -0.098477 -0.176680 -0.512089
    24 1.014450 0.000004 0.000000 0.002415 0.009757 -0.242679
    25 3.750084 0.114773 0.430058 0.174782 0.047054 -0.472914
    26 2.258194 0.000000 0.000000 -0.121557 -0.078219 -1.001731
    27 1.210388 0.000008 0.000000 0.001897 0.012019 -0.156562
    28 3.868299 -0.166634 1.490139 0.187548 0.033957 -0.039240
    29 1.786062 0.000000 0.000000 0.048663 0.060672 -0.676684
    30 1.044445 -0.000004 0.000000 0.001276 0.038560 -0.401842
    31 1.121477 -1.351563 1.030997 1.693867 -0.344560 -0.124114
    32 1.928114 0.000000 -0.000004 -0.000001 -0.188118 0.059543
    33 1.285139 0.000000 0.000008 0.000000 -0.040646 0.196333
    34 4.268658 1.531896 -1.575000 0.838666 1.320404 -0.726382
    35 5.782726 0.000000 0.000000 1.955630 1.228750 -0.149031
    36 11.452768 -0.000001 0.000000 0.000000 0.000000 -2.133450
    37 10.945511 -0.000005 0.000015 -0.414284 0.370305 0.660886
    38 3.147156 0.000069 1.551353 -0.323009 -0.149789 -1.078844
    39 1.585901 -0.000008 0.000000 -0.128616 0.004989 -1.609350
    40 0.849083 0.000004 0.000000 0.054471 0.175379 -0.910373
    41 3.471104 0.211185 0.574834 -0.338335 -0.158825 -1.076444
    42 1.897535 0.000000 0.000000 0.047190 0.006501 -1.433989
    43 1.014454 0.000000 0.000000 -0.002415 -0.009755 -0.901518
    44 3.750103 0.116325 -0.429640 -0.351994 -0.189782 -0.975696
    45 2.258196 0.000008 0.000000 0.066384 -0.000264 -1.574762
    46 1.210384 0.000004 0.000000 -0.001896 -0.012017 -0.834506
    47 3.868322 -0.161243 -1.490732 -0.188178 -0.087701 -0.204766
    48 1.786062 -0.000008 0.000000 -0.051327 -0.064037 -0.676424
    49 1.044445 0.000004 -0.000001 -0.001277 -0.038560 -0.033101
    50 1.121500 -1.347832 -1.035882 -1.801955 0.200199 -0.546471
    51 1.928120 -0.000001 0.000000 0.000000 -0.225049 -0.494084
    52 1.285143 0.000000 0.000000 -0.000001 0.040644 -0.404248
    53 7.023272 -6.880002 4.339547 2.620672 -1.456011 -1.105365
    54 3.813803 -3.870654 0.998558 1.570796 -1.069638 0.199892
    55 0.000000 -0.000007 -0.000031 1.373047 0.113574 0.124314
    56 0.000000 -0.000007 -0.000034 1.373047 0.113574 0.124314
    57 2.998047 -1.612305 -1.022461 -1.501147 -0.272558 -1.578261
    58 2.000008 -3.000000 0.000000 -1.570796 0.000000 -1.326450
    59 3.349001 -1.370995 0.724999 1.977842 -0.088017 1.557794
    60 -0.000002 -0.000004 10.500000 0.000000 0.000000 0.000000
    61 0.018898 0.665158 9.395884 0.000000 0.000000 0.000000
    62 3.028212 -0.923409 -2.009451 1.574082 -0.012974 1.587244
    63 0.116951 4.311603 0.061861 0.000010 0.000000 0.000000
    64 0.000000 0.000000 0.000000 0.000000 0.000000 0.000000
    65 0.000000 1.000000 0.000008 0.000000 0.000000 0.000000
    66 0.000000 0.000000 0.000000 0.000000 0.000000 0.000000
    67 0.000000 0.000000 0.000000 0.000000 0.000000 0.000000
    68 0.000000 0.000000 0.000000 0.000000 0.000000 0.000000
    69 19.253853 0.000000 -0.000001 0.000000 0.000000 0.025253
    70 19.253841 0.000000 0.000000 0.000000 0.000000 0.025250
    71 5.884354 0.000000 0.000004 -0.126310 0.000000 0.000000
    72 11.768705 -0.000001 0.000000 -0.238428 0.000000 0.000000
    73 11.679201 0.000000 -0.000004 0.000000 0.000000 -0.161658
    74 5.837998 -0.735000 -0.525002 0.000000 0.000000 0.000000
    75 5.825531 2.661388 2.409388 -0.001945 -0.016320 -0.024506
    76 6.752561 4.039024 -0.341453 0.001435 0.018681 -0.019052
    77 7.652452 1.954227 -2.880674 0.034288 0.011731 0.007773
    78 11.768707 0.000001 0.000004 0.242666 0.000000 0.000000
    79 5.884352 0.000001 0.000000 0.128617 0.000000 0.000000
    80 11.679197 0.000000 0.000008 0.000000 0.000000 -0.161657
    81 5.837997 -0.641044 0.525002 -0.049483 0.000000 0.000000
    82 5.625286 3.107059 -2.433369 0.110853 0.082458 -0.006869
    83 6.677644 4.114117 0.449763 -0.008964 0.010245 -0.007166
    84 7.673524 1.768635 2.985535 -0.031931 0.006501 0.012462
    85 4.902687 0.655644 -8.954903 0.081942 0.003890 0.000160
    86 2.649670 8.412623 -3.003099 -1.828871 -1.111184 1.884926
    87 2.538502 8.321048 3.447679 1.536390 -1.079904 -1.522285
  time 39
    0 2.351261 -113.400383 34.987320 1.637893 0.009064 -0.400127
    1 3.806942 0.000000 0.000000 -2.083759 -0.760035 -1.149865
    2 19.263105 0.000000 0.000000 0.000000 0.000000 0.418038
    3 17.589100 0.000000 0.000000 -0.161769 -0.102177 -1.423541
    4 6.240662 0.000000 0.000000 0.020475 -0.027733 -0.472982
    5 -3.806942 0.000000 0.000000 -1.730478 -0.185279 -1.700991
    6 19.263098 0.000000 0.000000 0.000000 0.000000 0.908419
    7 17.589096 0.000000 0.000000 0.172487 -0.065954 -1.852019
    8 6.240662 0.000000 0.000000 -0.112105 0.023857 -0.520101
    9 0.000000 4.246162 -0.018825 1.511417 -0.233320 1.577528
    10 4.195629 0.000000 0.000000 -0.088758 0.006316 -0.055440
    11 3.883152 0.000001 0.000000 -0.043409 0.002567 0.114859
    12 5.985943 0.000002 0.000000 -0.054877 0.078787 0.542232
    13 5.620499 0.000002 0.000000 3.448439 -0.017020 0.204254
    14 4.684906 0.000002 0.000000 0.254153 0.046883 0.633779
    15 4.268658 1.531894 1.575000 -0.300038 -1.492027 -1.394092
    16 5.782729 -0.000008 0.000001 -2.732918 -1.180250 -0.000077
    17 11.452765 0.000001 -0.000004 0.000000 0.000000 -1.526074
    18 10.945532 -0.000006 -0.000031 -0.481392 0.038028 0.527704
    19 3.147137 0.005676 -1.551344 0.025530 -0.101227 -0.750908
    20 1.585899 0.000000 0.000000 -0.132564 -0.211450 -0.566008
    21 0.849079 0.000000 0.000000 -0.054473 -0.175380 -0.302889
    22 3.471083 0.213272 -0.574067 0.123378 0.009627 -0.786314
    23 1.897537 -0.000008 0.000000 -0.098477 -0.176680 -0.512089
    24 1.014450 0.000004 0.000000 0.002415 0.009757 -0.242679
    25 3.750084 0.114773 0.430058 0.174782 0.047054 -0.472914
    26 2.258194 0.000000 0.000000 -0.121557 -0.078219 -1.001731
    27 1.210388 0.000008 0.000000 0.001897 0.012019 -0.156562
    28 3.868299 -0.166634 1.490139 0.187548 0.033957 -0.039240
    29 1.786062 0.000000 0.000000 0.048663 0.060672 -0.676684
    30 1.044445 -0.000004 0.000000 0.001276 0.038560 -0.401842
    31 1.121477 -1.351563 1.030997 1.693867 -0.344560 -0.124114
    32 1.928114 0.000000 -0.000004 -0.000001 -0.188118 0.059543
    33 1.285139 0.000000 0.000008 0.000000 -0.040646 0.196333
    34 4.268658 1.531896 -1.575000 0.841314 1.316364 -0.723775
    35 5.782726 0.000000 0.000000 1.940413 1.225949 -0.155517
    36 11.452768 -0.000001 0.000000 0.000000 0.000000 -2.132641
    37 10.945511 -0.000005 0.000015 -0.404124 0.375402 0.664689
    38 3.147156 0.000069 1.551353 -0.323009 -0.149789 -1.078844
    39 1.585901 -0.000008 0.000000 -0.128616 0.004989 -1.609350
    40 0.849083 0.000004 0.000000 0.054471 0.175379 -0.910373
    41 3.471104 0.211185 0.574834 -0.338335 -0.158825 -1.076444
    42 1.897535 0.000000 0.000000 0.047190 0.006501 -1.433989
    43 1.014454 0.000000 0.000000 -0.002415 -0.009755 -0.901518
    44 3.750103 0.116325 -0.429640 -0.351994 -0.189782 -0.975696
    45 2.258196 0.000008 0.000000 0.066384 -0.000264 -1.574762
    46 1.210384 0.000004 0.000000 -0.001896 -0.012017 -0.834506
    47 3.868322 -0.161243 -1.490732 -0.188178 -0.087701 -0.204766
    48 1.786062 -0.000008 0.000000 -0.051327 -0.064037 -0.676424
    49 1.044445 0.000004 -0.000001 -0.001277 -0.038560 -0.033101
    50 1.121500 -1.347832 -1.035882 -1.801955 0.200199 -0.546471
    51 1.928120 -0.000001 0.000000 0.000000 -0.225049 -0.494084
    52 1.285143 0.000000 0.000000 -0.000001 0.040644 -0.404248
    53 7.023272 -6.880002 4.339547 2.620672 -1.456011 -1.105365
    54 3.813803 -3.870654 0.998558 1.570796 -1.069638 0.199892
    55 0.000000 -0.000007 -0.000031 1.373047 0.113574 0.124314
    56 0.000000 -0.000007 -0.000034 1.373047 0.113574 0.124314
    57 2.998047 -1.612305 -1.022461 -1.501147 -0.272558 -1.578261
    58 2.000008 -3.000000 0.000000 -1.570796 0.000000 -1.326450
    59 3.349001 -1.370995 0.724999 1.977842 -0.088017 1.557794
    60 -0.000002 -0.000004 10.500000 0.000000 0.000000 0.000000
    61 0.018898 0.665158 9.395884 0.000000 0.000000 0.000000
    62 3.028212 -0.923409 -2.009451 1.574082 -0.012974 1.587244
    63 0.116951 4.311603 0.061861 0.000010 0.000000 0.000000
    64 0.000000 0.000000 0.000000 0.000000 0.000000 0.000000
    65 0.000000 1.000000 0.000008 0.000000 0.000000 0.000000
    66 0.000000 0.000000 0.000000 0.000000 0.000000 0.000000
    67 0.000000 0.000000 0.000000 0.000000 0.000000 0.000000
    68 0.000000 0.000000 0.000000 0.000000 0.000000 0.000000
    69 19.253853 0.000000 -0.000001 0.000000 0.000000 0.025253
    70 19.253841 0.000000 0.000000 0.000000 0.000000 0.025250
    71 5.884354 0.000000 0.000004 -0.126310 0.000000 0.000000
    72 11.768705 -0.000001 0.000000 -0.238428 0.000000 0.000000
    73 11.679201 0.000000 -0.000004 0.000000 0.000000 -0.161658
    74 5.837998 -0.735000 -0.525002 0.000000 0.000000 0.000000
    75 5.825531 2.661388 2.409388 -0.001945 -0.016320 -0.024506
    76 6.752561 4.039024 -0.341453 0.001435 0.018681 -0.019052
    77 7.652452 1.954227 -2.880674 0.034288 0.011731 0.007773
    78 11.768707 0.000001 0.000004 0.242666 0.000000 0.000000
    79 5.884352 0.000001 0.000000 0.128617 0.000000 0.000000
    80 11.679197 0.000000 0.000008 0.000000 0.000000 -0.161657
    81 5.837997 -0.641044 0.525002 -0.049483 0.000000 0.000000
    82 5.625286 3.107059 -2.433369 0.110853 0.082458 -0.006869
    83 6.677644 4.114117 0.449763 -0.008964 0.010245 -0.007166
    84 7.673524 1.768635 2.985535 -0.031931 0.006501 0.012462
    85 4.902687 0.655644 -8.954903 0.081942 0.003890 0.000160
    86 2.649670 8.412623 -3.003099 -1.828871 -1.111184 1.884926
    87 2.538502 8.321048 3.447679 1.536390 -1.079904 -1.522285
  time 40
    0 2.706741 -116.708554 34.803721 1.636424 0.001675 -0.405488
    1 3.806942 0.000000 0.000000 -2.050598 -0.762711 -1.175169
    2 19.263105 0.000000 0.000000 0.000000 0.000000 0.458071
    3 17.589100 0.000000 0.000000 -0.176642 -0.139933 -1.389334
    4 6.240662 0.000000 0.000000 0.020475 -0.027733 -0.420529
    5 -3.806942 0.000000 0.000000 -1.738515 -0.093578 -1.759742
    6 19.263098 0.000000 0.000000 0.000000 0.000000 0.861983
    7 17.589096 0.000000 0.000000 0.193450 -0.094912 -1.787749
    8 6.240662 0.000000 0.000000 -0.112093 0.023845 -0.631611
    9 0.000000 4.246162 -0.018825 1.513167 -0.227915 1.567626
    10 4.195629 0.000000 0.000000 -0.085594 0.004338 -0.058473
    11 3.883152 0.000001 0.000000 -0.041987 0.001574 0.113537
    12 5.985943 0.000002 0.000000 -0.049472 0.091550 0.540124
    13 5.620499 0.000002 0.000000 3.442117 -0.027381 0.210232
    14 4.684906 0.000002 0.000000 0.252318 0.050286 0.633779
    15 4.268658 1.531894 1.575000 -0.211601 -1.496661 -1.485795
    16 5.782729 -0.000008 0.000001 -2.704828 -1.181613 -0.017463
    17 11.452765 0.000001 -0.000004 0.000000 0.000000 -1.521509
    18 10.945532 -0.000006 -0.000031 -0.483013 0.039302 0.524887
    19 3.147137 0.005676 -1.551344 0.025530 -0.101227 -0.750908
    20 1.585899 0.000000 0.000000 -0.132564 -0.211450 -0.566008
    21 0.849079 0.000000 0.000000 -0.054473 -0.175380 -0.302889
    22 3.471083 0.213272 -0.574067 0.123378 0.009627 -0.786314
    23 1.897537 -0.000008 0.000000 -0.098477 -0.176680 -0.512089
    24 1.014450 0.000004 0.000000 0.002415 0.009757 -0.242679
    25 3.750084 0.114773 0.430058 0.174782 0.047054 -0.472914
    26 2.258194 0.000000 0.000000 -0.121557 -0.078219 -1.001731
    27 1.210388 0.000008 0.000000 0.001897 0.012019 -0.156562
    28 3.868299 -0.166634 1.490139 0.187548 0.033957 -0.039240
    29 1.786062 0.000000 0.000000 0.048663 0.060672 -0.676684
    30 1.044445 -0.000004 0.000000 0.001276 0.038560 -0.401842
    31 1.121477 -1.351563 1.030997 1.693867 -0.344560 -0.124114
    32 1.928114 0.000000 -0.000004 -0.000001 -0.188118 0.059543
    33 1.285139 0.000000 0.000008 0.000000 -0.040646 0.196333
    34 4.268658 1.531896 -1.575000 0.827319 1.305174 -0.741934
    35 5.782726 0.000000 0.000000 1.903545 1.229555 -0.183756
    36 11.452768 -0.000001 0.000000 0.000000 0.000000 -2.129840
    37 10.945511 -0.000005 0.000015 -0.396655 0.382698 0.665165
    38 3.147156 0.000069 1.551353 -0.323009 -0.149789 -1.078844
    39 1.585901 -0.000008 0.000000 -0.128616 0.004989 -1.609350
    40 0.849083 0.000004 0.000000 0.054471 0.175379 -0.910373
    41 3.471104 0.211185 0.574834 -0.338335 -0.158825 -1.076444
    42 1.897535 0.000000 0.000000 0.047190 0.006501 -1.433989
    43 1.014454 0.000000 0.000000 -0.002415 -0.009755 -0.901518
    44 3.750103 0.116325 -0.429640 -0.351994 -0.189782 -0.975696
    45 2.258196 0.000008 0.000000 0.066384 -0.000264 -1.574762
    46 1.210384 0.000004 0.000000 -0.001896 -0.012017 -0.834506
    47 3.868322 -0.161243 -1.490732 -0.188178 -0.087701 -0.204766
    48 1.786062 -0.000008 0.000000 -0.051327 -0.064037 -0.676424
    49 1.044445 0.000004 -0.000001 -0.001277 -0.038560 -0.033101
    50 1.121500 -1.347832 -1.035882 -1.801955 0.200199 -0.546471
    51 1.928120 -0.000001 0.000000 0.000000 -0.225049 -0.494084
    52 1.285143 0.000000 0.000000 -0.000001 0.040644 -0.404248
    53 7.023272 -6.880002 4.339547 2.620672 -1.456011 -1.105365
    54 3.813803 -3.870654 0.998558 1.570796 -1.069638 0.199892
    55 0.000000 -0.000007 -0.000031 1.373047 0.113574 0.124314
    56 0.000000 -0.000007 -0.000034 1.373047 0.113574 0.124314
    57 2.998047 -1.612305 -1.022461 -1.501147 -0.272558 -1.578261
    58 2.000008 -3.000000 0.000000 -1.570796 0.000000 -1.326450
    59 3.349001 -1.370995 0.724999 1.977842 -0.088017 1.557794
    60 -0.000002 -0.000004 10.500000 0.000000 0.000000 0.000000
    61 0.018898 0.665158 9.395884 0.000000 0.000000 0.000000
    62 3.028212 -0.923409 -2.009451 1.574082 -0.012974 1.587244
    63 0.116951 4.311603 0.061861 0.000010 0.000000 0.000000
    64 0.000000 0.000000 0.000000 0.000000 0.000000 0.000000
    65 0.000000 1.000000 0.000008 0.000000 0.000000 0.000000
    66 0.000000 0.000000 0.000000 0.000000 0.000000 0.000000
    67 0.000000 0.000000 0.000000 0.000000 0.000000 0.000000
    68 0.000000 0.000000 0.000000 0.000000 0.000000 0.000000
    69 19.253853 0.000000 -0.000001 0.000000 0.000000 0.025253
    70 19.253841 0.000000 0.000000 0.000000 0.000000 0.025250
    71 5.884354 0.000000 0.000004 -0.126310 0.000000 0.000000
    72 11.768705 -0.000001 0.000000 -0.238428 0.000000 0.000000
    73 11.679201 0.000000 -0.000004 0.000000 0.000000 -0.161658
    74 5.837998 -0.735000 -0.525002 0.000000 0.000000 0.000000
    75 5.825531 2.661388 2.409388 -0.001945 -0.016320 -0.024506
    76 6.752561 4.039024 -0.341453 0.001435 0.018681 -0.019052
    77 7.652452 1.954227 -2.880674 0.034288 0.011731 0.007773
    78 11.768707 0.000001 0.000004 0.242666 0.000000 0.000000
    79 5.884352 0.000001 0.000000 0.128617 0.000000 0.000000
    80 11.679197 0.000000 0.000008 0.000000 0.000000 -0.161657
    81 5.837997 -0.641044 0.525002 -0.049483 0.000000 0.000000
    82 5.625286 3.107059 -2.433369 0.110853 0.082458 -0.006869
    83 6.677644 4.114117 0.449763 -0.008964 0.010245 -0.007166
    84 7.673524 1.768635 2.985535 -0.031931 0.006501 0.012462
    85 4.902687 0.655644 -8.954903 0.081942 0.003890 0.000160
    86 2.649670 8.412623 -3.003099 -1.828871 -1.111184 1.884926
    87 2.538502 8.321048 3.447679 1.536390 -1.079904 -1.522285
  time 41
    0 3.210662 -120.128551 34.612309 1.635606 -0.009458 -0.403478
    1 3.806942 0.000000 0.000000 -2.018274 -0.793155 -1.202029
    2 19.263105 0.000000 0.000000 0.000000 0.000000 0.599262
    3 17.589100 0.000000 0.000000 -0.197029 -0.122131 -1.262252
    4 6.240662 0.000000 0.000000 0.020475 -0.027733 -0.405645
    5 -3.806942 0.000000 0.000000 -1.770514 -0.049875 -1.810637
    6 19.263098 0.000000 0.000000 0.000000 0.000000 0.882752
    7 17.589096 0.000000 0.000000 0.209987 -0.124855 -1.610721
    8 6.240662 0.000000 0.000000 -0.112093 0.023833 -0.865391
    9 0.000000 4.246162 -0.018825 1.510815 -0.220424 1.562780
    10 4.195629 0.000000 0.000000 -0.084072 0.004494 -0.061768
    11 3.883152 0.000001 0.000000 -0.041227 0.001910 0.115003
    12 5.985943 0.000002 0.000000 -0.049532 0.089381 0.542371
    13 5.620499 0.000002 0.000000 3.439762 -0.027168 0.207096
    14 4.684906 0.000002 0.000000 0.250088 0.049927 0.639473
    15 4.268658 1.531894 1.575000 -0.314218 -1.489167 -1.394953
    16 5.782729 -0.000008 0.000001 -2.673687 -1.194378 -0.042963
    17 11.452765 0.000001 -0.000004 0.000000 0.000000 -1.510288
    18 10.945532 -0.000006 -0.000031 -0.485837 0.038901 0.510934
    19 3.147137 0.005676 -1.551344 0.025530 -0.101227 -0.750908
    20 1.585899 0.000000 0.000000 -0.132564 -0.211450 -0.566008
    21 0.849079 0.000000 0.000000 -0.054473 -0.175380 -0.302889
    22 3.471083 0.213272 -0.574067 0.123378 0.009627 -0.786314
    23 1.897537 -0.000008 0.000000 -0.098477 -0.176680 -0.512089
    24 1.014450 0.000004 0.000000 0.002415 0.009757 -0.242679
    25 3.750084 0.114773 0.430058 0.174782 0.047054 -0.472914
    26 2.258194 0.000000 0.000000 -0.121557 -0.078219 -1.001731
    27 1.210388 0.000008 0.000000 0.001897 0.012019 -0.156562
    28 3.868299 -0.166634 1.490139 0.187548 0.033957 -0.039240
    29 1.786062 0.000000 0.000000 0.048663 0.060672 -0.676684
    30 1.044445 -0.000004 0.000000 0.001276 0.038560 -0.401842
    31 1.121477 -1.351563 1.030997 1.693867 -0.344560 -0.124114
    32 1.928114 0.000000 -0.000004 -0.000001 -0.188118 0.059543
    33 1.285139 0.000000 0.000008 0.000000 -0.040646 0.196333
    34 4.268658 1.531896 -1.575000 0.802543 1.301063 -0.782907
    35 5.782726 0.000000 0.000000 1.839982 1.230781 -0.237397
    36 11.452768 -0.000001 0.000000 0.000000 0.000000 -2.128782
    37 10.945511 -0.000005 0.000015 -0.395309 0.397490 0.667970
    38 3.147156 0.000069 1.551353 -0.323009 -0.149789 -1.078844
    39 1.585901 -0.000008 0.000000 -0.128616 0.004989 -1.609350
    40 0.849083 0.000004 0.000000 0.054471 0.175379 -0.910373
    41 3.471104 0.211185 0.574834 -0.338335 -0.158825 -1.076444
    42 1.897535 0.000000 0.000000 0.047190 0.006501 -1.433989
    43 1.014454 0.000000 0.000000 -0.002415 -0.009755 -0.901518
    44 3.750103 0.116325 -0.429640 -0.351994 -0.189782 -0.975696
    45 2.258196 0.000008 0.000000 0.066384 -0.000264 -1.574762
    46 1.210384 0.000004 0.000000 -0.001896 -0.012017 -0.834506
    47 3.868322 -0.161243 -1.490732 -0.188178 -0.087701 -0.204766
    48 1.786062 -0.000008 0.000000 -0.051327 -0.064037 -0.676424
    49 1.044445 0.000004 -0.000001 -0.001277 -0.038560 -0.033101
    50 1.121500 -1.347832 -1.035882 -1.801955 0.200199 -0.546471
    51 1.928120 -0.000001 0.000000 0.000000 -0.225049 -0.494084
    52 1.285143 0.000000 0.000000 -0.000001 0.040644 -0.404248
    53 7.023272 -6.880002 4.339547 2.620672 -1.456011 -1.105365
    54 3.813803 -3.870654 0.998558 1.570796 -1.069638 0.199892
    55 0.000000 -0.000007 -0.000031 1.373047 0.113574 0.124314
    56 0.000000 -0.000007 -0.000034 1.373047 0.113574 0.124314
    57 2.998047 -1.612305 -1.022461 -1.501147 -0.272558 -1.578261
    58 2.000008 -3.000000 0.000000 -1.570796 0.000000 -1.326450
    59 3.349001 -1.370995 0.724999 1.977842 -0.088017 1.557794
    60 -0.000002 -0.000004 10.500000 0.000000 0.000000 0.000000
    61 0.018898 0.665158 9.395884 0.000000 0.000000 0.000000
    62 3.028212 -0.923409 -2.009451 1.574082 -0.012974 1.587244
    63 0.116951 4.311603 0.061861 0.000010 0.000000 0.000000
    64 0.000000 0.000000 0.000000 0.000000 0.000000 0.000000
    65 0.000000 1.000000 0.000008 0.000000 0.000000 0.000000
    66 0.000000 0.000000 0.000000 0.000000 0.000000 0.000000
    67 0.000000 0.000000 0.000000 0.000000 0.000000 0.000000
    68 0.000000 0.000000 0.000000 0.000000 0.000000 0.000000
    69 19.253853 0.000000 -0.000001 0.000000 0.000000 0.025253
    70 19.253841 0.000000 0.000000 0.000000 0.000000 0.025250
    71 5.884354 0.000000 0.000004 -0.126310 0.000000 0.000000
    72 11.768705 -0.000001 0.000000 -0.238428 0.000000 0.000000
    73 11.679201 0.000000 -0.000004 0.000000 0.000000 -0.161658
    74 5.837998 -0.735000 -0.525002 0.000000 0.000000 0.000000
    75 5.825531 2.661388 2.409388 -0.001945 -0.016320 -0.024506
    76 6.752561 4.039024 -0.341453 0.001435 0.018681 -0.019052
    77 7.652452 1.954227 -2.880674 0.034288 0.011731 0.007773
    78 11.768707 0.000001 0.000004 0.242666 0.000000 0.000000
    79 5.884352 0.000001 0.000000 0.128617 0.000000 0.000000
    80 11.679197 0.000000 0.000008 0.000000 0.000000 -0.161657
    81 5.837997 -0.641044 0.525002 -0.049483 0.000000 0.000000
    82 5.625286 3.107059 -2.433369 0.110853 0.082458 -0.006869
    83 6.677644 4.114117 0.449763 -0.008964 0.010245 -0.007166
    84 7.673524 1.768635 2.985535 -0.031931 0.006501 0.012462
    85 4.902687 0.655644 -8.954903 0.081942 0.003890 0.000160
    86 2.649670 8.412623 -3.003099 -1.828871 -1.111184 1.884926
    87 2.538502 8.321048 3.447679 1.536390 -1.079904 -1.522285
  time 42
    0 3.761460 -123.501954 34.538088 1.625769 -0.019145 -0.396585
    1 3.806942 0.000000 0.000000 -1.979809 -0.806671 -1.249657
    2 19.263105 0.000000 0.000000 0.000000 0.000000 0.747678
    3 17.589100 0.000000 0.000000 -0.198128 -0.108080 -1.236215
    4 6.240662 0.000000 0.000000 0.020475 -0.027733 -0.400067
    5 -3.806942 0.000000 0.000000 -1.812011 -0.062538 -1.835824
    6 19.263098 0.000000 0.000000 0.000000 0.000000 0.974656
    7 17.589096 0.000000 0.000000 0.156947 -0.155073 -1.300996
    8 6.240662 0.000000 0.000000 -0.112093 0.023809 -1.057272
    9 0.000000 4.246162 -0.018825 1.508462 -0.222051 1.562204
    10 4.195629 0.000000 0.000000 -0.083784 0.004470 -0.061619
    11 3.883152 0.000001 0.000000 -0.041105 0.002078 0.116714
    12 5.985943 0.000002 0.000000 -0.051510 0.082909 0.545577
    13 5.620499 0.000002 0.000000 3.440929 -0.017462 0.197997
    14 4.684906 0.000002 0.000000 0.246457 0.048920 0.644346
    15 4.268658 1.531894 1.575000 -0.391636 -1.479393 -1.323352
    16 5.782729 -0.000008 0.000001 -2.658351 -1.203594 -0.041804
    17 11.452765 0.000001 -0.000004 0.000000 0.000000 -1.501665
    18 10.945532 -0.000006 -0.000031 -0.499473 0.031984 0.495605
    19 3.147137 0.005676 -1.551344 0.025530 -0.101227 -0.750908
    20 1.585899 0.000000 0.000000 -0.132564 -0.211450 -0.566008
    21 0.849079 0.000000 0.000000 -0.054473 -0.175380 -0.302889
    22 3.471083 0.213272 -0.574067 0.123378 0.009627 -0.786314
    23 1.897537 -0.000008 0.000000 -0.098477 -0.176680 -0.512089
    24 1.014450 0.000004 0.000000 0.002415 0.009757 -0.242679
    25 3.750084 0.114773 0.430058 0.174782 0.047054 -0.472914
    26 2.258194 0.000000 0.000000 -0.121557 -0.078219 -1.001731
    27 1.210388 0.000008 0.000000 0.001897 0.012019 -0.156562
    28 3.868299 -0.166634 1.490139 0.187548 0.033957 -0.039240
    29 1.786062 0.000000 0.000000 0.048663 0.060672 -0.676684
    30 1.044445 -0.000004 0.000000 0.001276 0.038560 -0.401842
    31 1.121477 -1.351563 1.030997 1.693867 -0.344560 -0.124114
    32 1.928114 0.000000 -0.000004 -0.000001 -0.188118 0.059543
    33 1.285139 0.000000 0.000008 0.000000 -0.040646 0.196333
    34 4.268658 1.531896 -1.575000 0.722827 1.309107 -0.883012
    35 5.782726 0.000000 0.000000 1.776854 1.231726 -0.277458
    36 11.452768 -0.000001 0.000000 0.000000 0.000000 -2.126354
    37 10.945511 -0.000005 0.000015 -0.396857 0.409733 0.668113
    38 3.147156 0.000069 1.551353 -0.323009 -0.149789 -1.078844
    39 1.585901 -0.000008 0.000000 -0.128616 0.004989 -1.609350
    40 0.849083 0.000004 0.000000 0.054471 0.175379 -0.910373
    41 3.471104 0.211185 0.574834 -0.338335 -0.158825 -1.076444
    42 1.897535 0.000000 0.000000 0.047190 0.006501 -1.433989
    43 1.014454 0.000000 0.000000 -0.002415 -0.009755 -0.901518
    44 3.750103 0.116325 -0.429640 -0.351994 -0.189782 -0.975696
    45 2.258196 0.000008 0.000000 0.066384 -0.000264 -1.574762
    46 1.210384 0.000004 0.000000 -0.001896 -0.012017 -0.834506
    47 3.868322 -0.161243 -1.490732 -0.188178 -0.087701 -0.204766
    48 1.786062 -0.000008 0.000000 -0.051327 -0.064037 -0.676424
    49 1.044445 0.000004 -0.000001 -0.001277 -0.038560 -0.033101
    50 1.121500 -1.347832 -1.035882 -1.801955 0.200199 -0.546471
    51 1.928120 -0.000001 0.000000 0.000000 -0.225049 -0.494084
    52 1.285143 0.000000 0.000000 -0.000001 0.040644 -0.404248
    53 7.023272 -6.880002 4.339547 2.620672 -1.456011 -1.105365
    54 3.813803 -3.870654 0.998558 1.570796 -1.069638 0.199892
    55 0.000000 -0.000007 -0.000031 1.373047 0.113574 0.124314
    56 0.000000 -0.000007 -0.000034 1.373047 0.113574 0.124314
    57 2.998047 -1.612305 -1.022461 -1.501147 -0.272558 -1.578261
    58 2.000008 -3.000000 0.000000 -1.570796 0.000000 -1.326450
    59 3.349001 -1.370995 0.724999 1.977842 -0.088017 1.557794
    60 -0.000002 -0.000004 10.500000 0.000000 0.000000 0.000000
    61 0.018898 0.665158 9.395884 0.000000 0.000000 0.000000
    62 3.028212 -0.923409 -2.009451 1.574082 -0.012974 1.587244
    63 0.116951 4.311603 0.061861 0.000010 0.000000 0.000000
    64 0.000000 0.000000 0.000000 0.000000 0.000000 0.000000
    65 0.000000 1.000000 0.000008 0.000000 0.000000 0.000000
    66 0.000000 0.000000 0.000000 0.000000 0.000000 0.000000
    67 0.000000 0.000000 0.000000 0.000000 0.000000 0.000000
    68 0.000000 0.000000 0.000000 0.000000 0.000000 0.000000
    69 19.253853 0.000000 -0.000001 0.000000 0.000000 0.025253
    70 19.253841 0.000000 0.000000 0.000000 0.000000 0.025250
    71 5.884354 0.000000 0.000004 -0.126310 0.000000 0.000000
    72 11.768705 -0.000001 0.000000 -0.238428 0.000000 0.000000
    73 11.679201 0.000000 -0.000004 0.000000 0.000000 -0.161658
    74 5.837998 -0.735000 -0.525002 0.000000 0.000000 0.000000
    75 5.825531 2.661388 2.409388 -0.001945 -0.016320 -0.024506
    76 6.752561 4.039024 -0.341453 0.001435 0.018681 -0.019052
    77 7.652452 1.954227 -2.880674 0.034288 0.011731 0.007773
    78 11.768707 0.000001 0.000004 0.242666 0.000000 0.000000
    79 5.884352 0.000001 0.000000 0.128617 0.000000 0.000000
    80 11.679197 0.000000 0.000008 0.000000 0.000000 -0.161657
    81 5.837997 -0.641044 0.525002 -0.049483 0.000000 0.000000
    82 5.625286 3.107059 -2.433369 0.110853 0.082458 -0.006869
    83 6.677644 4.114117 0.449763 -0.008964 0.010245 -0.007166
    84 7.673524 1.768635 2.985535 -0.031931 0.006501 0.012462
    85 4.902687 0.655644 -8.954903 0.081942 0.003890 0.000160
    86 2.649670 8.412623 -3.003099 -1.828871 -1.111184 1.884926
    87 2.538502 8.321048 3.447679 1.536390 -1.079904 -1.522285
  time 43
    0 4.222412 -126.567836 34.604496 1.612786 -0.026600 -0.382607
    1 3.806942 0.000000 0.000000 -1.938497 -0.796754 -1.310049
    2 19.263105 0.000000 0.000000 0.000000 0.000000 0.863481
    3 17.589100 0.000000 0.000000 -0.177107 -0.111247 -1.267321
    4 6.240662 0.000000 0.000000 0.020475 -0.027733 -0.391195
    5 -3.806942 0.000000 0.000000 -1.846202 -0.139246 -1.828430
    6 19.263098 0.000000 0.000000 0.000000 0.000000 1.122379
    7 17.589096 0.000000 0.000000 0.089122 -0.179014 -0.931850
    8 6.240662 0.000000 0.000000 -0.112081 0.023833 -0.878517
    9 0.000000 4.246162 -0.018825 1.506304 -0.232198 1.560003
    10 4.195629 0.000000 0.000000 -0.085258 0.003559 -0.058237
    11 3.883152 0.000001 0.000000 -0.041816 0.001620 0.117174
    12 5.985943 0.000002 0.000000 -0.052540 0.081735 0.547836
    13 5.620499 0.000002 0.000000 3.442923 -0.008106 0.191569
    14 4.684906 0.000002 0.000000 0.243103 0.049232 0.646564
    15 4.268658 1.531894 1.575000 -0.479689 -1.476062 -1.238637
    16 5.782729 -0.000008 0.000001 -2.655691 -1.221595 -0.054492
    17 11.452765 0.000001 -0.000004 0.000000 0.000000 -1.494945
    18 10.945532 -0.000006 -0.000031 -0.483073 0.032093 0.485909
    19 3.147137 0.005676 -1.551344 0.025530 -0.101227 -0.750908
    20 1.585899 0.000000 0.000000 -0.132564 -0.211450 -0.566008
    21 0.849079 0.000000 0.000000 -0.054473 -0.175380 -0.302889
    22 3.471083 0.213272 -0.574067 0.123378 0.009627 -0.786314
    23 1.897537 -0.000008 0.000000 -0.098477 -0.176680 -0.512089
    24 1.014450 0.000004 0.000000 0.002415 0.009757 -0.242679
    25 3.750084 0.114773 0.430058 0.174782 0.047054 -0.472914
    26 2.258194 0.000000 0.000000 -0.121557 -0.078219 -1.001731
    27 1.210388 0.000008 0.000000 0.001897 0.012019 -0.156562
    28 3.868299 -0.166634 1.490139 0.187548 0.033957 -0.039240
    29 1.786062 0.000000 0.000000 0.048663 0.060672 -0.676684
    30 1.044445 -0.000004 0.000000 0.001276 0.038560 -0.401842
    31 1.121477 -1.351563 1.030997 1.693867 -0.344560 -0.124114
    32 1.928114 0.000000 -0.000004 -0.000001 -0.188118 0.059543
    33 1.285139 0.000000 0.000008 0.000000 -0.040646 0.196333
    34 4.268658 1.531896 -1.575000 0.648690 1.324015 -0.962072
    35 5.782726 0.000000 0.000000 1.776245 1.227665 -0.263271
    36 11.452768 -0.000001 0.000000 0.000000 0.000000 -2.123802
    37 10.945511 -0.000005 0.000015 -0.399615 0.413731 0.665545
    38 3.147156 0.000069 1.551353 -0.323009 -0.149789 -1.078844
    39 1.585901 -0.000008 0.000000 -0.128616 0.004989 -1.609350
    40 0.849083 0.000004 0.000000 0.054471 0.175379 -0.910373
    41 3.471104 0.211185 0.574834 -0.338335 -0.158825 -1.076444
    42 1.897535 0.000000 0.000000 0.047190 0.006501 -1.433989
    43 1.014454 0.000000 0.000000 -0.002415 -0.009755 -0.901518
    44 3.750103 0.116325 -0.429640 -0.351994 -0.189782 -0.975696
    45 2.258196 0.000008 0.000000 0.066384 -0.000264 -1.574762
    46 1.210384 0.000004 0.000000 -0.001896 -0.012017 -0.834506
    47 3.868322 -0.161243 -1.490732 -0.188178 -0.087701 -0.204766
    48 1.786062 -0.000008 0.000000 -0.051327 -0.064037 -0.676424
    49 1.044445 0.000004 -0.000001 -0.001277 -0.038560 -0.033101
    50 1.121500 -1.347832 -1.035882 -1.801955 0.200199 -0.546471
    51 1.928120 -0.000001 0.000000 0.000000 -0.225049 -0.494084
    52 1.285143 0.000000 0.000000 -0.000001 0.040644 -0.404248
    53 7.023272 -6.880002 4.339547 2.620672 -1.456011 -1.105365
    54 3.813803 -3.870654 0.998558 1.570796 -1.069638 0.199892
    55 0.000000 -0.000007 -0.000031 1.373047 0.113574 0.124314
    56 0.000000 -0.000007 -0.000034 1.373047 0.113574 0.124314
    57 2.998047 -1.612305 -1.022461 -1.501147 -0.272558 -1.578261
    58 2.000008 -3.000000 0.000000 -1.570796 0.000000 -1.326450
    59 3.349001 -1.370995 0.724999 1.977842 -0.088017 1.557794
    60 -0.000002 -0.000004 10.500000 0.000000 0.000000 0.000000
    61 0.018898 0.665158 9.395884 0.000000 0.000000 0.000000
    62 3.028212 -0.923409 -2.009451 1.574082 -0.012974 1.587244
    63 0.116951 4.311603 0.061861 0.000010 0.000000 0.000000
    64 0.000000 0.000000 0.000000 0.000000 0.000000 0.000000
    65 0.000000 1.000000 0.000008 0.000000 0.000000 0.000000
    66 0.000000 0.000000 0.000000 0.000000 0.000000 0.000000
    67 0.000000 0.000000 0.000000 0.000000 0.000000 0.000000
    68 0.000000 0.000000 0.000000 0.000000 0.000000 0.000000
    69 19.253853 0.000000 -0.000001 0.000000 0.000000 0.025253
    70 19.253841 0.000000 0.000000 0.000000 0.000000 0.025250
    71 5.884354 0.000000 0.000004 -0.126310 0.000000 0.000000
    72 11.768705 -0.000001 0.000000 -0.238428 0.000000 0.000000
    73 11.679201 0.000000 -0.000004 0.000000 0.000000 -0.161658
    74 5.837998 -0.735000 -0.525002 0.000000 0.000000 0.000000
    75 5.825531 2.661388 2.409388 -0.001945 -0.016320 -0.024506
    76 6.752561 4.039024 -0.341453 0.001435 0.018681 -0.019052
    77 7.652452 1.954227 -2.880674 0.034288 0.011731 0.007773
    78 11.768707 0.000001 0.000004 0.242666 0.000000 0.000000
    79 5.884352 0.000001 0.000000 0.128617 0.000000 0.000000
    80 11.679197 0.000000 0.000008 0.000000 0.000000 -0.161657
    81 5.837997 -0.641044 0.525002 -0.049483 0.000000 0.000000
    82 5.625286 3.107059 -2.433369 0.110853 0.082458 -0.006869
    83 6.677644 4.114117 0.449763 -0.008964 0.010245 -0.007166
    84 7.673524 1.768635 2.985535 -0.031931 0.006501 0.012462
    85 4.902687 0.655644 -8.954903 0.081942 0.003890 0.000160
    86 2.649670 8.412623 -3.003099 -1.828871 -1.111184 1.884926
    87 2.538502 8.321048 3.447679 1.536390 -1.079904 -1.522285
  time 44
    0 4.589611 -129.456662 34.729500 1.609011 -0.026698 -0.360301
    1 3.806942 0.000000 0.000000 -1.902488 -0.779271 -1.366704
    2 19.263105 0.000000 0.000000 0.000000 0.000000 0.958780
    3 17.589100 0.000000 0.000000 -0.128051 -0.118595 -1.354487
    4 6.240662 0.000000 0.000000 0.020475 -0.027733 -0.372525
    5 -3.806942 0.000000 0.000000 -1.855773 -0.256364 -1.792844
    6 19.263098 0.000000 0.000000 0.000000 0.000000 1.311432
    7 17.589096 0.000000 0.000000 -0.000785 -0.220504 -0.880839
    8 6.240662 0.000000 0.000000 -0.112117 0.023857 -0.484863
    9 0.000000 4.246162 -0.018825 1.499790 -0.238176 1.565321
    10 4.195629 0.000000 0.000000 -0.090328 0.005225 -0.056907
    11 3.883152 0.000001 0.000000 -0.044157 0.002460 0.117116
    12 5.985943 0.000002 0.000000 -0.055932 0.077696 0.550095
    13 5.620499 0.000002 0.000000 3.439359 -0.009462 0.186042
    14 4.684906 0.000002 0.000000 0.241287 0.049447 0.649796
    15 4.268658 1.531894 1.575000 -0.567838 -1.475881 -1.155453
    16 5.782729 -0.000008 0.000001 -2.680807 -1.235078 -0.047233
    17 11.452765 0.000001 -0.000004 0.000000 0.000000 -1.484040
    18 10.945532 -0.000006 -0.000031 -0.454540 0.046110 0.481108
    19 3.147137 0.005676 -1.551344 0.025530 -0.101227 -0.750908
    20 1.585899 0.000000 0.000000 -0.132564 -0.211450 -0.566008
    21 0.849079 0.000000 0.000000 -0.054473 -0.175380 -0.302889
    22 3.471083 0.213272 -0.574067 0.123378 0.009627 -0.786314
    23 1.897537 -0.000008 0.000000 -0.098477 -0.176680 -0.512089
    24 1.014450 0.000004 0.000000 0.002415 0.009757 -0.242679
    25 3.750084 0.114773 0.430058 0.174782 0.047054 -0.472914
    26 2.258194 0.000000 0.000000 -0.121557 -0.078219 -1.001731
    27 1.210388 0.000008 0.000000 0.001897 0.012019 -0.156562
    28 3.868299 -0.166634 1.490139 0.187548 0.033957 -0.039240
    29 1.786062 0.000000 0.000000 0.048663 0.060672 -0.676684
    30 1.044445 -0.000004 0.000000 0.001276 0.038560 -0.401842
    31 1.121477 -1.351563 1.030997 1.693867 -0.344560 -0.124114
    32 1.928114 0.000000 -0.000004 -0.000001 -0.188118 0.059543
    33 1.285139 0.000000 0.000008 0.000000 -0.040646 0.196333
    34 4.268658 1.531896 -1.575000 0.629683 1.328984 -0.976971
    35 5.782726 0.000000 0.000000 1.756680 1.235822 -0.295226
    36 11.452768 -0.000001 0.000000 0.000000 0.000000 -2.118450
    37 10.945511 -0.000005 0.000015 -0.414822 0.418878 0.658461
    38 3.147156 0.000069 1.551353 -0.323009 -0.149789 -1.078844
    39 1.585901 -0.000008 0.000000 -0.128616 0.004989 -1.609350
    40 0.849083 0.000004 0.000000 0.054471 0.175379 -0.910373
    41 3.471104 0.211185 0.574834 -0.338335 -0.158825 -1.076444
    42 1.897535 0.000000 0.000000 0.047190 0.006501 -1.433989
    43 1.014454 0.000000 0.000000 -0.002415 -0.009755 -0.901518
    44 3.750103 0.116325 -0.429640 -0.351994 -0.189782 -0.975696
    45 2.258196 0.000008 0.000000 0.066384 -0.000264 -1.574762
    46 1.210384 0.000004 0.000000 -0.001896 -0.012017 -0.834506
    47 3.868322 -0.161243 -1.490732 -0.188178 -0.087701 -0.204766
    48 1.786062 -0.000008 0.000000 -0.051327 -0.064037 -0.676424
    49 1.044445 0.000004 -0.000001 -0.001277 -0.038560 -0.033101
    50 1.121500 -1.347832 -1.035882 -1.801955 0.200199 -0.546471
    51 1.928120 -0.000001 0.000000 0.000000 -0.225049 -0.494084
    52 1.285143 0.000000 0.000000 -0.000001 0.040644 -0.404248
    53 7.023272 -6.880002 4.339547 2.620672 -1.456011 -1.105365
    54 3.813803 -3.870654 0.998558 1.570796 -1.069638 0.199892
    55 0.000000 -0.000007 -0.000031 1.373047 0.113574 0.124314
    56 0.000000 -0.000007 -0.000034 1.373047 0.113574 0.124314
    57 2.998047 -1.612305 -1.022461 -1.501147 -0.272558 -1.578261
    58 2.000008 -3.000000 0.000000 -1.570796 0.000000 -1.326450
    59 3.349001 -1.370995 0.724999 1.977842 -0.088017 1.557794
    60 -0.000002 -0.000004 10.500000 0.000000 0.000000 0.000000
    61 0.018898 0.665158 9.395884 0.000000 0.000000 0.000000
    62 3.028212 -0.923409 -2.009451 1.574082 -0.012974 1.587244
    63 0.116951 4.311603 0.061861 0.000010 0.000000 0.000000
    64 0.000000 0.000000 0.000000 0.000000 0.000000 0.000000
    65 0.000000 1.000000 0.000008 0.000000 0.000000 0.000000
    66 0.000000 0.000000 0.000000 0.000000 0.000000 0.000000
    67 0.000000 0.000000 0.000000 0.000000 0.000000 0.000000
    68 0.000000 0.000000 0.000000 0.000000 0.000000 0.000000
    69 19.253853 0.000000 -0.000001 0.000000 0.000000 0.025253
    70 19.253841 0.000000 0.000000 0.000000 0.000000 0.025250
    71 5.884354 0.000000 0.000004 -0.126310 0.000000 0.000000
    72 11.768705 -0.000001 0.000000 -0.238428 0.000000 0.000000
    73 11.679201 0.000000 -0.000004 0.000000 0.000000 -0.161658
    74 5.837998 -0.735000 -0.525002 0.000000 0.000000 0.000000
    75 5.825531 2.661388 2.409388 -0.001945 -0.016320 -0.024506
    76 6.752561 4.039024 -0.341453 0.001435 0.018681 -0.019052
    77 7.652452 1.954227 -2.880674 0.034288 0.011731 0.007773
    78 11.768707 0.000001 0.000004 0.242666 0.000000 0.000000
    79 5.884352 0.000001 0.000000 0.128617 0.000000 0.000000
    80 11.679197 0.000000 0.000008 0.000000 0.000000 -0.161657
    81 5.837997 -0.641044 0.525002 -0.049483 0.000000 0.000000
    82 5.625286 3.107059 -2.433369 0.110853 0.082458 -0.006869
    83 6.677644 4.114117 0.449763 -0.008964 0.010245 -0.007166
    84 7.673524 1.768635 2.985535 -0.031931 0.006501 0.012462
    85 4.902687 0.655644 -8.954903 0.081942 0.003890 0.000160
    86 2.649670 8.412623 -3.003099 -1.828871 -1.111184 1.884926
    87 2.538502 8.321048 3.447679 1.536390 -1.079904 -1.522285
  time 45
    0 4.941184 -132.280256 34.913099 1.613856 -0.023283 -0.344600
    1 3.806942 0.000000 0.000000 -1.872174 -0.746335 -1.416823
    2 19.263105 0.000000 0.000000 0.000000 0.000000 1.023289
    3 17.589100 0.000000 0.000000 -0.102530 -0.123453 -1.457206
    4 6.240662 0.000000 0.000000 0.020475 -0.027733 -0.368537
    5 -3.806942 0.000000 0.000000 -1.838750 -0.389620 -1.751943
    6 19.263098 0.000000 0.000000 0.000000 0.000000 1.451358
    7 17.589096 0.000000 0.000000 -0.017346 -0.248615 -1.025213
    8 6.240662 0.000000 0.000000 -0.112105 0.023857 -0.518446
    9 0.000000 4.246162 -0.018825 1.493258 -0.239161 1.574057
    10 4.195629 0.000000 0.000000 -0.094606 0.008413 -0.057901
    11 3.883152 0.000001 0.000000 -0.046191 0.004217 0.116124
    12 5.985943 0.000002 0.000000 -0.060966 0.067174 0.551888
    13 5.620499 0.000002 0.000000 3.438976 -0.005196 0.187160
    14 4.684906 0.000002 0.000000 0.238860 0.047362 0.651472
    15 4.268658 1.531894 1.575000 -0.606739 -1.475737 -1.118599
    16 5.782729 -0.000008 0.000001 -2.714765 -1.238664 -0.020757
    17 11.452765 0.000001 -0.000004 0.000000 0.000000 -1.474847
    18 10.945532 -0.000006 -0.000031 -0.438862 0.058489 0.484052
    19 3.147137 0.005676 -1.551344 0.025530 -0.101227 -0.750908
    20 1.585899 0.000000 0.000000 -0.132564 -0.211450 -0.566008
    21 0.849079 0.000000 0.000000 -0.054473 -0.175380 -0.302889
    22 3.471083 0.213272 -0.574067 0.123378 0.009627 -0.786314
    23 1.897537 -0.000008 0.000000 -0.098477 -0.176680 -0.512089
    24 1.014450 0.000004 0.000000 0.002415 0.009757 -0.242679
    25 3.750084 0.114773 0.430058 0.174782 0.047054 -0.472914
    26 2.258194 0.000000 0.000000 -0.121557 -0.078219 -1.001731
    27 1.210388 0.000008 0.000000 0.001897 0.012019 -0.156562
    28 3.868299 -0.166634 1.490139 0.187548 0.033957 -0.039240
    29 1.786062 0.000000 0.000000 0.048663 0.060672 -0.676684
    30 1.044445 -0.000004 0.000000 0.001276 0.038560 -0.401842
    31 1.121477 -1.351563 1.030997 1.693867 -0.344560 -0.124114
    32 1.928114 0.000000 -0.000004 -0.000001 -0.188118 0.059543
    33 1.285139 0.000000 0.000008 0.000000 -0.040646 0.196333
    34 4.268658 1.531896 -1.575000 0.639517 1.332166 -0.962538
    35 5.782726 0.000000 0.000000 1.741811 1.243420 -0.328802
    36 11.452768 -0.000001 0.000000 0.000000 0.000000 -2.115462
    37 10.945511 -0.000005 0.000015 -0.424646 0.415380 0.654752
    38 3.147156 0.000069 1.551353 -0.323009 -0.149789 -1.078844
    39 1.585901 -0.000008 0.000000 -0.128616 0.004989 -1.609350
    40 0.849083 0.000004 0.000000 0.054471 0.175379 -0.910373
    41 3.471104 0.211185 0.574834 -0.338335 -0.158825 -1.076444
    42 1.897535 0.000000 0.000000 0.047190 0.006501 -1.433989
    43 1.014454 0.000000 0.000000 -0.002415 -0.009755 -0.901518
    44 3.750103 0.116325 -0.429640 -0.351994 -0.189782 -0.975696
    45 2.258196 0.000008 0.000000 0.066384 -0.000264 -1.574762
    46 1.210384 0.000004 0.000000 -0.001896 -0.012017 -0.834506
    47 3.868322 -0.161243 -1.490732 -0.188178 -0.087701 -0.204766
    48 1.786062 -0.000008 0.000000 -0.051327 -0.064037 -0.676424
    49 1.044445 0.000004 -0.000001 -0.001277 -0.038560 -0.033101
    50 1.121500 -1.347832 -1.035882 -1.801955 0.200199 -0.546471
    51 1.928120 -0.000001 0.000000 0.000000 -0.225049 -0.494084
    52 1.285143 0.000000 0.000000 -0.000001 0.040644 -0.404248
    53 7.023272 -6.880002 4.339547 2.620672 -1.456011 -1.105365
    54 3.813803 -3.870654 0.998558 1.570796 -1.069638 0.199892
    55 0.000000 -0.000007 -0.000031 1.373047 0.113574 0.124314
    56 0.000000 -0.000007 -0.000034 1.373047 0.113574 0.124314
    57 2.998047 -1.612305 -1.022461 -1.501147 -0.272558 -1.578261
    58 2.000008 -3.000000 0.000000 -1.570796 0.000000 -1.326450
    59 3.349001 -1.370995 0.724999 1.977842 -0.088017 1.557794
    60 -0.000002 -0.000004 10.500000 0.000000 0.000000 0.000000
    61 0.018898 0.665158 9.395884 0.000000 0.000000 0.000000
    62 3.028212 -0.923409 -2.009451 1.574082 -0.012974 1.587244
    63 0.116951 4.311603 0.061861 0.000010 0.000000 0.000000
    64 0.000000 0.000000 0.000000 0.000000 0.000000 0.000000
    65 0.000000 1.000000 0.000008 0.000000 0.000000 0.000000
    66 0.000000 0.000000 0.000000 0.000000 0.000000 0.000000
    67 0.000000 0.000000 0.000000 0.000000 0.000000 0.000000
    68 0.000000 0.000000 0.000000 0.000000 0.000000 0.000000
    69 19.253853 0.000000 -0.000001 0.000000 0.000000 0.025253
    70 19.253841 0.000000 0.000000 0.000000 0.000000 0.025250
    71 5.884354 0.000000 0.000004 -0.126310 0.000000 0.000000
    72 11.768705 -0.000001 0.000000 -0.238428 0.000000 0.000000
    73 11.679201 0.000000 -0.000004 0.000000 0.000000 -0.161658
    74 5.837998 -0.735000 -0.525002 0.000000 0.000000 0.000000
    75 5.825531 2.661388 2.409388 -0.001945 -0.016320 -0.024506
    76 6.752561 4.039024 -0.341453 0.001435 0.018681 -0.019052
    77 7.652452 1.954227 -2.880674 0.034288 0.011731 0.007773
    78 11.768707 0.000001 0.000004 0.242666 0.000000 0.000000
    79 5.884352 0.000001 0.000000 0.128617 0.000000 0.000000
    80 11.679197 0.000000 0.000008 0.000000 0.000000 -0.161657
    81 5.837997 -0.641044 0.525002 -0.049483 0.000000 0.000000
    82 5.625286 3.107059 -2.433369 0.110853 0.082458 -0.006869
    83 6.677644 4.114117 0.449763 -0.008964 0.010245 -0.007166
    84 7.673524 1.768635 2.985535 -0.031931 0.006501 0.012462
    85 4.902687 0.655644 -8.954903 0.081942 0.003890 0.000160
    86 2.649670 8.412623 -3.003099 -1.828871 -1.111184 1.884926
    87 2.538502 8.321048 3.447679 1.536390 -1.079904 -1.522285
  time 46
    0 5.191191 -135.029300 35.206077 1.622414 -0.017700 -0.332058
    1 3.806942 0.000000 0.000000 -1.854086 -0.694948 -1.456490
    2 19.263105 0.000000 0.000000 0.000000 0.000000 1.050824
    3 17.589100 0.000000 0.000000 -0.092537 -0.120901 -1.540434
    4 6.240662 0.000000 0.000000 0.020475 -0.027733 -0.368132
    5 -3.806942 0.000000 0.000000 -1.789874 -0.531972 -1.703533
    6 19.263098 0.000000 0.000000 0.000000 0.000000 1.518769
    7 17.589096 0.000000 0.000000 0.055246 -0.142221 -1.169635
    8 6.240662 0.000000 0.000000 -0.112105 0.023857 -0.481512
    9 0.000000 4.246162 -0.018825 1.487464 -0.239116 1.581969
    10 4.195629 0.000000 0.000000 -0.099316 0.011517 -0.059132
    11 3.883152 0.000001 0.000000 -0.048434 0.005470 0.114040
    12 5.985943 0.000002 0.000000 -0.065700 0.058173 0.550954
    13 5.620499 0.000002 0.000000 3.438332 -0.001585 0.189194
    14 4.684906 0.000002 0.000000 0.237558 0.044078 0.649341
    15 4.268658 1.531894 1.575000 -0.599649 -1.471211 -1.116493
    16 5.782729 -0.000008 0.000001 -2.750132 -1.232676 0.016272
    17 11.452765 0.000001 -0.000004 0.000000 0.000000 -1.473135
    18 10.945532 -0.000006 -0.000031 -0.446370 0.058198 0.486389
    19 3.147137 0.005676 -1.551344 0.025530 -0.101227 -0.750908
    20 1.585899 0.000000 0.000000 -0.132564 -0.211450 -0.566008
    21 0.849079 0.000000 0.000000 -0.054473 -0.175380 -0.302889
    22 3.471083 0.213272 -0.574067 0.123378 0.009627 -0.786314
    23 1.897537 -0.000008 0.000000 -0.098477 -0.176680 -0.512089
    24 1.014450 0.000004 0.000000 0.002415 0.009757 -0.242679
    25 3.750084 0.114773 0.430058 0.174782 0.047054 -0.472914
    26 2.258194 0.000000 0.000000 -0.121557 -0.078219 -1.001731
    27 1.210388 0.000008 0.000000 0.001897 0.012019 -0.156562
    28 3.868299 -0.166634 1.490139 0.187548 0.033957 -0.039240
    29 1.786062 0.000000 0.000000 0.048663 0.060672 -0.676684
    30 1.044445 -0.000004 0.000000 0.001276 0.038560 -0.401842
    31 1.121477 -1.351563 1.030997 1.693867 -0.344560 -0.124114
    32 1.928114 0.000000 -0.000004 -0.000001 -0.188118 0.059543
    33 1.285139 0.000000 0.000008 0.000000 -0.040646 0.196333
    34 4.268658 1.531896 -1.575000 0.663347 1.332023 -0.938699
    35 5.782726 0.000000 0.000000 1.726508 1.246676 -0.358122
    36 11.452768 -0.000001 0.000000 0.000000 0.000000 -2.113968
    37 10.945511 -0.000005 0.000015 -0.432451 0.406135 0.650378
    38 3.147156 0.000069 1.551353 -0.323009 -0.149789 -1.078844
    39 1.585901 -0.000008 0.000000 -0.128616 0.004989 -1.609350
    40 0.849083 0.000004 0.000000 0.054471 0.175379 -0.910373
    41 3.471104 0.211185 0.574834 -0.338335 -0.158825 -1.076444
    42 1.897535 0.000000 0.000000 0.047190 0.006501 -1.433989
    43 1.014454 0.000000 0.000000 -0.002415 -0.009755 -0.901518
    44 3.750103 0.116325 -0.429640 -0.351994 -0.189782 -0.975696
    45 2.258196 0.000008 0.000000 0.066384 -0.000264 -1.574762
    46 1.210384 0.000004 0.000000 -0.001896 -0.012017 -0.834506
    47 3.868322 -0.161243 -1.490732 -0.188178 -0.087701 -0.204766
    48 1.786062 -0.000008 0.000000 -0.051327 -0.064037 -0.676424
    49 1.044445 0.000004 -0.000001 -0.001277 -0.038560 -0.033101
    50 1.121500 -1.347832 -1.035882 -1.801955 0.200199 -0.546471
    51 1.928120 -0.000001 0.000000 0.000000 -0.225049 -0.494084
    52 1.285143 0.000000 0.000000 -0.000001 0.040644 -0.404248
    53 7.023272 -6.880002 4.339547 2.620672 -1.456011 -1.105365
    54 3.813803 -3.870654 0.998558 1.570796 -1.069638 0.199892
    55 0.000000 -0.000007 -0.000031 1.373047 0.113574 0.124314
    56 0.000000 -0.000007 -0.000034 1.373047 0.113574 0.124314
    57 2.998047 -1.612305 -1.022461 -1.501147 -0.272558 -1.578261
    58 2.000008 -3.000000 0.000000 -1.570796 0.000000 -1.326450
    59 3.349001 -1.370995 0.724999 1.977842 -0.088017 1.557794
    60 -0.000002 -0.000004 10.500000 0.000000 0.000000 0.000000
    61 0.018898 0.665158 9.395884 0.000000 0.000000 0.000000
    62 3.028212 -0.923409 -2.009451 1.574082 -0.012974 1.587244
    63 0.116951 4.311603 0.061861 0.000010 0.000000 0.000000
    64 0.000000 0.000000 0.000000 0.000000 0.000000 0.000000
    65 0.000000 1.000000 0.000008 0.000000 0.000000 0.000000
    66 0.000000 0.000000 0.000000 0.000000 0.000000 0.000000
    67 0.000000 0.000000 0.000000 0.000000 0.000000 0.000000
    68 0.000000 0.000000 0.000000 0.000000 0.000000 0.000000
    69 19.253853 0.000000 -0.000001 0.000000 0.000000 0.025253
    70 19.253841 0.000000 0.000000 0.000000 0.000000 0.025250
    71 5.884354 0.000000 0.000004 -0.126310 0.000000 0.000000
    72 11.768705 -0.000001 0.000000 -0.238428 0.000000 0.000000
    73 11.679201 0.000000 -0.000004 0.000000 0.000000 -0.161658
    74 5.837998 -0.735000 -0.525002 0.000000 0.000000 0.000000
    75 5.825531 2.661388 2.409388 -0.001945 -0.016320 -0.024506
    76 6.752561 4.039024 -0.341453 0.001435 0.018681 -0.019052
    77 7.652452 1.954227 -2.880674 0.034288 0.011731 0.007773
    78 11.768707 0.000001 0.000004 0.242666 0.000000 0.000000
    79 5.884352 0.000001 0.000000 0.128617 0.000000 0.000000
    80 11.679197 0.000000 0.000008 0.000000 0.000000 -0.161657
    81 5.837997 -0.641044 0.525002 -0.049483 0.000000 0.000000
    82 5.625286 3.107059 -2.433369 0.110853 0.082458 -0.006869
    83 6.677644 4.114117 0.449763 -0.008964 0.010245 -0.007166
    84 7.673524 1.768635 2.985535 -0.031931 0.006501 0.012462
    85 4.902687 0.655644 -8.954903 0.081942 0.003890 0.000160
    86 2.649670 8.412623 -3.003099 -1.828871 -1.111184 1.884926
    87 2.538502 8.321048 3.447679 1.536390 -1.079904 -1.522285
  time 47
    0 5.343540 -137.750387 35.522493 1.622162 -0.015500 -0.318560
    1 3.806942 0.000000 0.000000 -1.844763 -0.620035 -1.492734
    2 19.263105 0.000000 0.000000 0.000000 0.000000 1.052842
    3 17.589100 0.000000 0.000000 -0.082333 -0.112784 -1.612884
    4 6.240662 0.000000 0.000000 0.020475 -0.027733 -0.363797
    5 -3.806942 0.000000 0.000000 -1.732524 -0.656908 -1.658357
    6 19.263098 0.000000 0.000000 0.000000 0.000000 1.500898
    7 17.589096 0.000000 0.000000 0.117040 -0.047946 -1.305400
    8 6.240662 0.000000 0.000000 -0.112105 0.023869 -0.469254
    9 0.000000 4.246162 -0.018825 1.479745 -0.243468 1.586199
    10 4.195629 0.000000 0.000000 -0.103175 0.012212 -0.057093
    11 3.883152 0.000001 0.000000 -0.050149 0.005302 0.112631
    12 5.985943 0.000002 0.000000 -0.068360 0.054710 0.548858
    13 5.620499 0.000002 0.000000 3.437869 0.002514 0.191833
    14 4.684906 0.000002 0.000000 0.235703 0.041681 0.645935
    15 4.268658 1.531894 1.575000 -0.580103 -1.473275 -1.125396
    16 5.782729 -0.000008 0.000001 -2.758817 -1.208184 0.039759
    17 11.452765 0.000001 -0.000004 0.000000 0.000000 -1.488795
    18 10.945532 -0.000006 -0.000031 -0.474123 0.046547 0.498837
    19 3.147137 0.005676 -1.551344 0.025530 -0.101227 -0.750908
    20 1.585899 0.000000 0.000000 -0.132564 -0.211450 -0.566008
    21 0.849079 0.000000 0.000000 -0.054473 -0.175380 -0.302889
    22 3.471083 0.213272 -0.574067 0.123378 0.009627 -0.786314
    23 1.897537 -0.000008 0.000000 -0.098477 -0.176680 -0.512089
    24 1.014450 0.000004 0.000000 0.002415 0.009757 -0.242679
    25 3.750084 0.114773 0.430058 0.174782 0.047054 -0.472914
    26 2.258194 0.000000 0.000000 -0.121557 -0.078219 -1.001731
    27 1.210388 0.000008 0.000000 0.001897 0.012019 -0.156562
    28 3.868299 -0.166634 1.490139 0.187548 0.033957 -0.039240
    29 1.786062 0.000000 0.000000 0.048663 0.060672 -0.676684
    30 1.044445 -0.000004 0.000000 0.001276 0.038560 -0.401842
    31 1.121477 -1.351563 1.030997 1.693867 -0.344560 -0.124114
    32 1.928114 0.000000 -0.000004 -0.000001 -0.188118 0.059543
    33 1.285139 0.000000 0.000008 0.000000 -0.040646 0.196333
    34 4.268658 1.531896 -1.575000 0.648595 1.334347 -0.946335
    35 5.782726 0.000000 0.000000 1.765028 1.248812 -0.321911
    36 11.452768 -0.000001 0.000000 0.000000 0.000000 -2.116520
    37 10.945511 -0.000005 0.000015 -0.432787 0.389344 0.647572
    38 3.147156 0.000069 1.551353 -0.323009 -0.149789 -1.078844
    39 1.585901 -0.000008 0.000000 -0.128616 0.004989 -1.609350
    40 0.849083 0.000004 0.000000 0.054471 0.175379 -0.910373
    41 3.471104 0.211185 0.574834 -0.338335 -0.158825 -1.076444
    42 1.897535 0.000000 0.000000 0.047190 0.006501 -1.433989
    43 1.014454 0.000000 0.000000 -0.002415 -0.009755 -0.901518
    44 3.750103 0.116325 -0.429640 -0.351994 -0.189782 -0.975696
    45 2.258196 0.000008 0.000000 0.066384 -0.000264 -1.574762
    46 1.210384 0.000004 0.000000 -0.001896 -0.012017 -0.834506
    47 3.868322 -0.161243 -1.490732 -0.188178 -0.087701 -0.204766
    48 1.786062 -0.000008 0.000000 -0.051327 -0.064037 -0.676424
    49 1.044445 0.000004 -0.000001 -0.001277 -0.038560 -0.033101
    50 1.121500 -1.347832 -1.035882 -1.801955 0.200199 -0.546471
    51 1.928120 -0.000001 0.000000 0.000000 -0.225049 -0.494084
    52 1.285143 0.000000 0.000000 -0.000001 0.040644 -0.404248
    53 7.023272 -6.880002 4.339547 2.620672 -1.456011 -1.105365
    54 3.813803 -3.870654 0.998558 1.570796 -1.069638 0.199892
    55 0.000000 -0.000007 -0.000031 1.373047 0.113574 0.124314
    56 0.000000 -0.000007 -0.000034 1.373047 0.113574 0.124314
    57 2.998047 -1.612305 -1.022461 -1.501147 -0.272558 -1.578261
    58 2.000008 -3.000000 0.000000 -1.570796 0.000000 -1.326450
    59 3.349001 -1.370995 0.724999 1.977842 -0.088017 1.557794
    60 -0.000002 -0.000004 10.500000 0.000000 0.000000 0.000000
    61 0.018898 0.665158 9.395884 0.000000 0.000000 0.000000
    62 3.028212 -0.923409 -2.009451 1.574082 -0.012974 1.587244
    63 0.116951 4.311603 0.061861 0.000010 0.000000 0.000000
    64 0.000000 0.000000 0.000000 0.000000 0.000000 0.000000
    65 0.000000 1.000000 0.000008 0.000000 0.000000 0.000000
    66 0.000000 0.000000 0.000000 0.000000 0.000000 0.000000
    67 0.000000 0.000000 0.000000 0.000000 0.000000 0.000000
    68 0.000000 0.000000 0.000000 0.000000 0.000000 0.000000
    69 19.253853 0.000000 -0.000001 0.000000 0.000000 0.025253
    70 19.253841 0.000000 0.000000 0.000000 0.000000 0.025250
    71 5.884354 0.000000 0.000004 -0.126310 0.000000 0.000000
    72 11.768705 -0.000001 0.000000 -0.238428 0.000000 0.000000
    73 11.679201 0.000000 -0.000004 0.000000 0.000000 -0.161658
    74 5.837998 -0.735000 -0.525002 0.000000 0.000000 0.000000
    75 5.825531 2.661388 2.409388 -0.001945 -0.016320 -0.024506
    76 6.752561 4.039024 -0.341453 0.001435 0.018681 -0.019052
    77 7.652452 1.954227 -2.880674 0.034288 0.011731 0.007773
    78 11.768707 0.000001 0.000004 0.242666 0.000000 0.000000
    79 5.884352 0.000001 0.000000 0.128617 0.000000 0.000000
    80 11.679197 0.000000 0.000008 0.000000 0.000000 -0.161657
    81 5.837997 -0.641044 0.525002 -0.049483 0.000000 0.000000
    82 5.625286 3.107059 -2.433369 0.110853 0.082458 -0.006869
    83 6.677644 4.114117 0.449763 -0.008964 0.010245 -0.007166
    84 7.673524 1.768635 2.985535 -0.031931 0.006501 0.012462
    85 4.902687 0.655644 -8.954903 0.081942 0.003890 0.000160
    86 2.649670 8.412623 -3.003099 -1.828871 -1.111184 1.884926
    87 2.538502 8.321048 3.447679 1.536390 -1.079904 -1.522285
  time 48
    0 5.413854 -140.583300 35.819377 1.615115 -0.012282 -0.302571
    1 3.806942 0.000000 0.000000 -1.847443 -0.524872 -1.519505
    2 19.263105 0.000000 0.000000 0.000000 0.000000 1.037154
    3 17.589100 0.000000 0.000000 -0.070058 -0.094337 -1.674702
    4 6.240662 0.000000 0.000000 0.020475 -0.027733 -0.368017
    5 -3.806942 0.000000 0.000000 -1.682625 -0.748930 -1.615146
    6 19.263098 0.000000 0.000000 0.000000 0.000000 1.401956
    7 17.589096 0.000000 0.000000 0.122074 -0.034773 -1.390549
    8 6.240662 0.000000 0.000000 -0.112105 0.023869 -0.460818
    9 0.000000 4.246162 -0.018825 1.469109 -0.246995 1.590483
    10 4.195629 0.000000 0.000000 -0.107837 0.013327 -0.052916
    11 3.883152 0.000001 0.000000 -0.052208 0.005103 0.114816
    12 5.985943 0.000002 0.000000 -0.070661 0.053403 0.547697
    13 5.620499 0.000002 0.000000 3.437547 0.005714 0.192641
    14 4.684906 0.000002 0.000000 0.234282 0.040171 0.644067
    15 4.268658 1.531894 1.575000 -0.574354 -1.470741 -1.125970
    16 5.782729 -0.000008 0.000001 -2.748254 -1.207287 0.019261
    17 11.452765 0.000001 -0.000004 0.000000 0.000000 -1.504582
    18 10.945532 -0.000006 -0.000031 -0.473883 0.043525 0.510998
    19 3.147137 0.005676 -1.551344 0.025530 -0.101227 -0.750908
    20 1.585899 0.000000 0.000000 -0.132564 -0.211450 -0.566008
    21 0.849079 0.000000 0.000000 -0.054473 -0.175380 -0.302889
    22 3.471083 0.213272 -0.574067 0.123378 0.009627 -0.786314
    23 1.897537 -0.000008 0.000000 -0.098477 -0.176680 -0.512089
    24 1.014450 0.000004 0.000000 0.002415 0.009757 -0.242679
    25 3.750084 0.114773 0.430058 0.174782 0.047054 -0.472914
    26 2.258194 0.000000 0.000000 -0.121557 -0.078219 -1.001731
    27 1.210388 0.000008 0.000000 0.001897 0.012019 -0.156562
    28 3.868299 -0.166634 1.490139 0.187548 0.033957 -0.039240
    29 1.786062 0.000000 0.000000 0.048663 0.060672 -0.676684
    30 1.044445 -0.000004 0.000000 0.001276 0.038560 -0.401842
    31 1.121477 -1.351563 1.030997 1.693867 -0.344560 -0.124114
    32 1.928114 0.000000 -0.000004 -0.000001 -0.188118 0.059543
    33 1.285139 0.000000 0.000008 0.000000 -0.040646 0.196333
    34 4.268658 1.531896 -1.575000 0.627791 1.339174 -0.962258
    35 5.782726 0.000000 0.000000 1.815983 1.246851 -0.264217
    36 11.452768 -0.000001 0.000000 0.000000 0.000000 -2.123305
    37 10.945511 -0.000005 0.000015 -0.423502 0.377301 0.655655
    38 3.147156 0.000069 1.551353 -0.323009 -0.149789 -1.078844
    39 1.585901 -0.000008 0.000000 -0.128616 0.004989 -1.609350
    40 0.849083 0.000004 0.000000 0.054471 0.175379 -0.910373
    41 3.471104 0.211185 0.574834 -0.338335 -0.158825 -1.076444
    42 1.897535 0.000000 0.000000 0.047190 0.006501 -1.433989
    43 1.014454 0.000000 0.000000 -0.002415 -0.009755 -0.901518
    44 3.750103 0.116325 -0.429640 -0.351994 -0.189782 -0.975696
    45 2.258196 0.000008 0.000000 0.066384 -0.000264 -1.574762
    46 1.210384 0.000004 0.000000 -0.001896 -0.012017 -0.834506
    47 3.868322 -0.161243 -1.490732 -0.188178 -0.087701 -0.204766
    48 1.786062 -0.000008 0.000000 -0.051327 -0.064037 -0.676424
    49 1.044445 0.000004 -0.000001 -0.001277 -0.038560 -0.033101
    50 1.121500 -1.347832 -1.035882 -1.801955 0.200199 -0.546471
    51 1.928120 -0.000001 0.000000 0.000000 -0.225049 -0.494084
    52 1.285143 0.000000 0.000000 -0.000001 0.040644 -0.404248
    53 7.023272 -6.880002 4.339547 2.620672 -1.456011 -1.105365
    54 3.813803 -3.870654 0.998558 1.570796 -1.069638 0.199892
    55 0.000000 -0.000007 -0.000031 1.373047 0.113574 0.124314
    56 0.000000 -0.000007 -0.000034 1.373047 0.113574 0.124314
    57 2.998047 -1.612305 -1.022461 -1.501147 -0.272558 -1.578261
    58 2.000008 -3.000000 0.000000 -1.570796 0.000000 -1.326450
    59 3.349001 -1.370995 0.724999 1.977842 -0.088017 1.557794
    60 -0.000002 -0.000004 10.500000 0.000000 0.000000 0.000000
    61 0.018898 0.665158 9.395884 0.000000 0.000000 0.000000
    62 3.028212 -0.923409 -2.009451 1.574082 -0.012974 1.587244
    63 0.116951 4.311603 0.061861 0.000010 0.000000 0.000000
    64 0.000000 0.000000 0.000000 0.000000 0.000000 0.000000
    65 0.000000 1.000000 0.000008 0.000000 0.000000 0.000000
    66 0.000000 0.000000 0.000000 0.000000 0.000000 0.000000
    67 0.000000 0.000000 0.000000 0.000000 0.000000 0.000000
    68 0.000000 0.000000 0.000000 0.000000 0.000000 0.000000
    69 19.253853 0.000000 -0.000001 0.000000 0.000000 0.025253
    70 19.253841 0.000000 0.000000 0.000000 0.000000 0.025250
    71 5.884354 0.000000 0.000004 -0.126310 0.000000 0.000000
    72 11.768705 -0.000001 0.000000 -0.238428 0.000000 0.000000
    73 11.679201 0.000000 -0.000004 0.000000 0.000000 -0.161658
    74 5.837998 -0.735000 -0.525002 0.000000 0.000000 0.000000
    75 5.825531 2.661388 2.409388 -0.001945 -0.016320 -0.024506
    76 6.752561 4.039024 -0.341453 0.001435 0.018681 -0.019052
    77 7.652452 1.954227 -2.880674 0.034288 0.011731 0.007773
    78 11.768707 0.000001 0.000004 0.242666 0.000000 0.000000
    79 5.884352 0.000001 0.000000 0.128617 0.000000 0.000000
    80 11.679197 0.000000 0.000008 0.000000 0.000000 -0.161657
    81 5.837997 -0.641044 0.525002 -0.049483 0.000000 0.000000
    82 5.625286 3.107059 -2.433369 0.110853 0.082458 -0.006869
    83 6.677644 4.114117 0.449763 -0.008964 0.010245 -0.007166
    84 7.673524 1.768635 2.985535 -0.031931 0.006501 0.012462
    85 4.902687 0.655644 -8.954903 0.081942 0.003890 0.000160
    86 2.649670 8.412623 -3.003099 -1.828871 -1.111184 1.884926
    87 2.538502 8.321048 3.447679 1.536390 -1.079904 -1.522285
  time 49
    0 5.449012 -143.500082 36.073291 1.613395 -0.006666 -0.287254
    1 3.806942 0.000000 0.000000 -1.852579 -0.424358 -1.542097
    2 19.263105 0.000000 0.000000 0.000000 0.000000 1.002198
    3 17.589100 0.000000 0.000000 -0.055460 -0.075798 -1.722444
    4 6.240662 0.000000 0.000000 0.020475 -0.027733 -0.381802
    5 -3.806942 0.000000 0.000000 -1.639886 -0.812929 -1.576209
    6 19.263098 0.000000 0.000000 0.000000 0.000000 1.230912
    7 17.589096 0.000000 0.000000 0.101987 -0.075644 -1.422066
    8 6.240662 0.000000 0.000000 -0.112105 0.023869 -0.470318
    9 0.000000 4.246162 -0.018825 1.458921 -0.245415 1.595905
    10 4.195629 0.000000 0.000000 -0.113218 0.015029 -0.050865
    11 3.883152 0.000001 0.000000 -0.054549 0.005332 0.117289
    12 5.985943 0.000002 0.000000 -0.072423 0.054710 0.546587
    13 5.620499 0.000002 0.000000 3.438171 0.007603 0.191274
    14 4.684906 0.000002 0.000000 0.234263 0.039189 0.645237
    15 4.268658 1.531894 1.575000 -0.518686 -1.471718 -1.171630
    16 5.782729 -0.000008 0.000001 -2.763903 -1.214710 0.026460
    17 11.452765 0.000001 -0.000004 0.000000 0.000000 -1.513458
    18 10.945532 -0.000006 -0.000031 -0.466074 0.044071 0.519831
    19 3.147137 0.005676 -1.551344 0.025530 -0.101227 -0.750908
    20 1.585899 0.000000 0.000000 -0.132564 -0.211450 -0.566008
    21 0.849079 0.000000 0.000000 -0.054473 -0.175380 -0.302889
    22 3.471083 0.213272 -0.574067 0.123378 0.009627 -0.786314
    23 1.897537 -0.000008 0.000000 -0.098477 -0.176680 -0.512089
    24 1.014450 0.000004 0.000000 0.002415 0.009757 -0.242679
    25 3.750084 0.114773 0.430058 0.174782 0.047054 -0.472914
    26 2.258194 0.000000 0.000000 -0.121557 -0.078219 -1.001731
    27 1.210388 0.000008 0.000000 0.001897 0.012019 -0.156562
    28 3.868299 -0.166634 1.490139 0.187548 0.033957 -0.039240
    29 1.786062 0.000000 0.000000 0.048663 0.060672 -0.676684
    30 1.044445 -0.000004 0.000000 0.001276 0.038560 -0.401842
    31 1.121477 -1.351563 1.030997 1.693867 -0.344560 -0.124114
    32 1.928114 0.000000 -0.000004 -0.000001 -0.188118 0.059543
    33 1.285139 0.000000 0.000008 0.000000 -0.040646 0.196333
    34 4.268658 1.531896 -1.575000 0.622401 1.340961 -0.964028
    35 5.782726 0.000000 0.000000 1.868502 1.238343 -0.199632
    36 11.452768 -0.000001 0.000000 0.000000 0.000000 -2.132205
    37 10.945511 -0.000005 0.000015 -0.404527 0.376602 0.669064
    38 3.147156 0.000069 1.551353 -0.323009 -0.149789 -1.078844
    39 1.585901 -0.000008 0.000000 -0.128616 0.004989 -1.609350
    40 0.849083 0.000004 0.000000 0.054471 0.175379 -0.910373
    41 3.471104 0.211185 0.574834 -0.338335 -0.158825 -1.076444
    42 1.897535 0.000000 0.000000 0.047190 0.006501 -1.433989
    43 1.014454 0.000000 0.000000 -0.002415 -0.009755 -0.901518
    44 3.750103 0.116325 -0.429640 -0.351994 -0.189782 -0.975696
    45 2.258196 0.000008 0.000000 0.066384 -0.000264 -1.574762
    46 1.210384 0.000004 0.000000 -0.001896 -0.012017 -0.834506
    47 3.868322 -0.161243 -1.490732 -0.188178 -0.087701 -0.204766
    48 1.786062 -0.000008 0.000000 -0.051327 -0.064037 -0.676424
    49 1.044445 0.000004 -0.000001 -0.001277 -0.038560 -0.033101
    50 1.121500 -1.347832 -1.035882 -1.801955 0.200199 -0.546471
    51 1.928120 -0.000001 0.000000 0.000000 -0.225049 -0.494084
    52 1.285143 0.000000 0.000000 -0.000001 0.040644 -0.404248
    53 7.023272 -6.880002 4.339547 2.620672 -1.456011 -1.105365
    54 3.813803 -3.870654 0.998558 1.570796 -1.069638 0.199892
    55 0.000000 -0.000007 -0.000031 1.373047 0.113574 0.124314
    56 0.000000 -0.000007 -0.000034 1.373047 0.113574 0.124314
    57 2.998047 -1.612305 -1.022461 -1.501147 -0.272558 -1.578261
    58 2.000008 -3.000000 0.000000 -1.570796 0.000000 -1.326450
    59 3.349001 -1.370995 0.724999 1.977842 -0.088017 1.557794
    60 -0.000002 -0.000004 10.500000 0.000000 0.000000 0.000000
    61 0.018898 0.665158 9.395884 0.000000 0.000000 0.000000
    62 3.028212 -0.923409 -2.009451 1.574082 -0.012974 1.587244
    63 0.116951 4.311603 0.061861 0.000010 0.000000 0.000000
    64 0.000000 0.000000 0.000000 0.000000 0.000000 0.000000
    65 0.000000 1.000000 0.000008 0.000000 0.000000 0.000000
    66 0.000000 0.000000 0.000000 0.000000 0.000000 0.000000
    67 0.000000 0.000000 0.000000 0.000000 0.000000 0.000000
    68 0.000000 0.000000 0.000000 0.000000 0.000000 0.000000
    69 19.253853 0.000000 -0.000001 0.000000 0.000000 0.025253
    70 19.253841 0.000000 0.000000 0.000000 0.000000 0.025250
    71 5.884354 0.000000 0.000004 -0.126310 0.000000 0.000000
    72 11.768705 -0.000001 0.000000 -0.238428 0.000000 0.000000
    73 11.679201 0.000000 -0.000004 0.000000 0.000000 -0.161658
    74 5.837998 -0.735000 -0.525002 0.000000 0.000000 0.000000
    75 5.825531 2.661388 2.409388 -0.001945 -0.016320 -0.024506
    76 6.752561 4.039024 -0.341453 0.001435 0.018681 -0.019052
    77 7.652452 1.954227 -2.880674 0.034288 0.011731 0.007773
    78 11.768707 0.000001 0.000004 0.242666 0.000000 0.000000
    79 5.884352 0.000001 0.000000 0.128617 0.000000 0.000000
    80 11.679197 0.000000 0.000008 0.000000 0.000000 -0.161657
    81 5.837997 -0.641044 0.525002 -0.049483 0.000000 0.000000
    82 5.625286 3.107059 -2.433369 0.110853 0.082458 -0.006869
    83 6.677644 4.114117 0.449763 -0.008964 0.010245 -0.007166
    84 7.673524 1.768635 2.985535 -0.031931 0.006501 0.012462
    85 4.902687 0.655644 -8.954903 0.081942 0.003890 0.000160
    86 2.649670 8.412623 -3.003099 -1.828871 -1.111184 1.884926
    87 2.538502 8.321048 3.447679 1.536390 -1.079904 -1.522285
  time 50
    0 5.421667 -146.500733 36.221733 1.600705 -0.006436 -0.262841
    1 3.806942 0.000000 0.000000 -1.850513 -0.305530 -1.568734
    2 19.263105 0.000000 0.000000 0.000000 0.000000 0.951945
    3 17.589100 0.000000 0.000000 -0.044263 -0.053723 -1.755617
    4 6.240662 0.000000 0.000000 0.020475 -0.027733 -0.398940
    5 -3.806942 0.000000 0.000000 -1.601385 -0.827237 -1.556452
    6 19.263098 0.000000 0.000000 0.000000 0.000000 0.998046
    7 17.589096 0.000000 0.000000 0.179612 -0.134729 -1.433248
    8 6.240662 0.000000 0.000000 -0.112105 0.023857 -0.491918
    9 0.000000 4.246162 -0.018825 1.444339 -0.247270 1.598446
    10 4.195629 0.000000 0.000000 -0.121751 0.014693 -0.045966
    11 3.883152 0.000001 0.000000 -0.058189 0.004492 0.121026
    12 5.985943 0.000002 0.000000 -0.074101 0.060606 0.545324
    13 5.620499 0.000002 0.000000 3.441231 0.010361 0.194380
    14 4.684906 0.000002 0.000000 0.234776 0.039476 0.642757
    15 4.268658 1.531894 1.575000 -0.434178 -1.475664 -1.249836
    16 5.782729 -0.000008 0.000001 -2.782917 -1.217866 0.051410
    17 11.452765 0.000001 -0.000004 0.000000 0.000000 -1.515486
    18 10.945532 -0.000006 -0.000031 -0.464331 0.045782 0.524535
    19 3.147137 0.005676 -1.551344 0.025530 -0.101227 -0.750908
    20 1.585899 0.000000 0.000000 -0.132564 -0.211450 -0.566008
    21 0.849079 0.000000 0.000000 -0.054473 -0.175380 -0.302889
    22 3.471083 0.213272 -0.574067 0.123378 0.009627 -0.786314
    23 1.897537 -0.000008 0.000000 -0.098477 -0.176680 -0.512089
    24 1.014450 0.000004 0.000000 0.002415 0.009757 -0.242679
    25 3.750084 0.114773 0.430058 0.174782 0.047054 -0.472914
    26 2.258194 0.000000 0.000000 -0.121557 -0.078219 -1.001731
    27 1.210388 0.000008 0.000000 0.001897 0.012019 -0.156562
    28 3.868299 -0.166634 1.490139 0.187548 0.033957 -0.039240
    29 1.786062 0.000000 0.000000 0.048663 0.060672 -0.676684
    30 1.044445 -0.000004 0.000000 0.001276 0.038560 -0.401842
    31 1.121477 -1.351563 1.030997 1.693867 -0.344560 -0.124114
    32 1.928114 0.000000 -0.000004 -0.000001 -0.188118 0.059543
    33 1.285139 0.000000 0.000008 0.000000 -0.040646 0.196333
    34 4.268658 1.531896 -1.575000 0.634694 1.337315 -0.946521
    35 5.782726 0.000000 0.000000 1.904675 1.229625 -0.152477
    36 11.452768 -0.000001 0.000000 0.000000 0.000000 -2.140421
    37 10.945511 -0.000005 0.000015 -0.384274 0.387945 0.681902
    38 3.147156 0.000069 1.551353 -0.323009 -0.149789 -1.078844
    39 1.585901 -0.000008 0.000000 -0.128616 0.004989 -1.609350
    40 0.849083 0.000004 0.000000 0.054471 0.175379 -0.910373
    41 3.471104 0.211185 0.574834 -0.338335 -0.158825 -1.076444
    42 1.897535 0.000000 0.000000 0.047190 0.006501 -1.433989
    43 1.014454 0.000000 0.000000 -0.002415 -0.009755 -0.901518
    44 3.750103 0.116325 -0.429640 -0.351994 -0.189782 -0.975696
    45 2.258196 0.000008 0.000000 0.066384 -0.000264 -1.574762
    46 1.210384 0.000004 0.000000 -0.001896 -0.012017 -0.834506
    47 3.868322 -0.161243 -1.490732 -0.188178 -0.087701 -0.204766
    48 1.786062 -0.000008 0.000000 -0.051327 -0.064037 -0.676424
    49 1.044445 0.000004 -0.000001 -0.001277 -0.038560 -0.033101
    50 1.121500 -1.347832 -1.035882 -1.801955 0.200199 -0.546471
    51 1.928120 -0.000001 0.000000 0.000000 -0.225049 -0.494084
    52 1.285143 0.000000 0.000000 -0.000001 0.040644 -0.404248
    53 7.023272 -6.880002 4.339547 2.620672 -1.456011 -1.105365
    54 3.813803 -3.870654 0.998558 1.570796 -1.069638 0.199892
    55 0.000000 -0.000007 -0.000031 1.373047 0.113574 0.124314
    56 0.000000 -0.000007 -0.000034 1.373047 0.113574 0.124314
    57 2.998047 -1.612305 -1.022461 -1.501147 -0.272558 -1.578261
    58 2.000008 -3.000000 0.000000 -1.570796 0.000000 -1.326450
    59 3.349001 -1.370995 0.724999 1.977842 -0.088017 1.557794
    60 -0.000002 -0.000004 10.500000 0.000000 0.000000 0.000000
    61 0.018898 0.665158 9.395884 0.000000 0.000000 0.000000
    62 3.028212 -0.923409 -2.009451 1.574082 -0.012974 1.587244
    63 0.116951 4.311603 0.061861 0.000010 0.000000 0.000000
    64 0.000000 0.000000 0.000000 0.000000 0.000000 0.000000
    65 0.000000 1.000000 0.000008 0.000000 0.000000 0.000000
    66 0.000000 0.000000 0.000000 0.000000 0.000000 0.000000
    67 0.000000 0.000000 0.000000 0.000000 0.000000 0.000000
    68 0.000000 0.000000 0.000000 0.000000 0.000000 0.000000
    69 19.253853 0.000000 -0.000001 0.000000 0.000000 0.025253
    70 19.253841 0.000000 0.000000 0.000000 0.000000 0.025250
    71 5.884354 0.000000 0.000004 -0.126310 0.000000 0.000000
    72 11.768705 -0.000001 0.000000 -0.238428 0.000000 0.000000
    73 11.679201 0.000000 -0.000004 0.000000 0.000000 -0.161658
    74 5.837998 -0.735000 -0.525002 0.000000 0.000000 0.000000
    75 5.825531 2.661388 2.409388 -0.001945 -0.016320 -0.024506
    76 6.752561 4.039024 -0.341453 0.001435 0.018681 -0.019052
    77 7.652452 1.954227 -2.880674 0.034288 0.011731 0.007773
    78 11.768707 0.000001 0.000004 0.242666 0.000000 0.000000
    79 5.884352 0.000001 0.000000 0.128617 0.000000 0.000000
    80 11.679197 0.000000 0.000008 0.000000 0.000000 -0.161657
    81 5.837997 -0.641044 0.525002 -0.049483 0.000000 0.000000
    82 5.625286 3.107059 -2.433369 0.110853 0.082458 -0.006869
    83 6.677644 4.114117 0.449763 -0.008964 0.010245 -0.007166
    84 7.673524 1.768635 2.985535 -0.031931 0.006501 0.012462
    85 4.902687 0.655644 -8.954903 0.081942 0.003890 0.000160
    86 2.649670 8.412623 -3.003099 -1.828871 -1.111184 1.884926
    87 2.538502 8.321048 3.447679 1.536390 -1.079904 -1.522285
  time 51
    0 5.363072 -149.566616 36.120167 1.582583 -0.012183 -0.227227
    1 3.806942 0.000000 0.000000 -1.841079 -0.183428 -1.597107
    2 19.263105 0.000000 0.000000 0.000000 0.000000 0.908267
    3 17.589100 0.000000 0.000000 -0.038664 -0.031832 -1.781506
    4 6.240662 0.000000 0.000000 0.020475 -0.027733 -0.423563
    5 -3.806942 0.000000 0.000000 -1.549879 -0.812243 -1.554546
    6 19.263098 0.000000 0.000000 0.000000 0.000000 0.746413
    7 17.589096 0.000000 0.000000 0.207190 -0.138234 -1.449130
    8 6.240662 0.000000 0.000000 -0.112105 0.023869 -0.459360
    9 0.000000 4.246162 -0.018825 1.422116 -0.251164 1.602520
    10 4.195629 0.000000 0.000000 -0.133604 0.012740 -0.043306
    11 3.883152 0.000001 0.000000 -0.063349 0.003682 0.122148
    12 5.985943 0.000002 0.000000 -0.077768 0.064933 0.545211
    13 5.620499 0.000002 0.000000 3.441413 0.006521 0.198975
    14 4.684906 0.000002 0.000000 0.236137 0.040854 0.638390
    15 4.268658 1.531894 1.575000 -0.268707 -1.479574 -1.410365
    16 5.782729 -0.000008 0.000001 -2.795905 -1.222922 0.075446
    17 11.452765 0.000001 -0.000004 0.000000 0.000000 -1.511746
    18 10.945532 -0.000006 -0.000031 -0.466194 0.050916 0.519543
    19 3.147137 0.005676 -1.551344 0.025530 -0.101227 -0.750908
    20 1.585899 0.000000 0.000000 -0.132564 -0.211450 -0.566008
    21 0.849079 0.000000 0.000000 -0.054473 -0.175380 -0.302889
    22 3.471083 0.213272 -0.574067 0.123378 0.009627 -0.786314
    23 1.897537 -0.000008 0.000000 -0.098477 -0.176680 -0.512089
    24 1.014450 0.000004 0.000000 0.002415 0.009757 -0.242679
    25 3.750084 0.114773 0.430058 0.174782 0.047054 -0.472914
    26 2.258194 0.000000 0.000000 -0.121557 -0.078219 -1.001731
    27 1.210388 0.000008 0.000000 0.001897 0.012019 -0.156562
    28 3.868299 -0.166634 1.490139 0.187548 0.033957 -0.039240
    29 1.786062 0.000000 0.000000 0.048663 0.060672 -0.676684
    30 1.044445 -0.000004 0.000000 0.001276 0.038560 -0.401842
    31 1.121477 -1.351563 1.030997 1.693867 -0.344560 -0.124114
    32 1.928114 0.000000 -0.000004 -0.000001 -0.188118 0.059543
    33 1.285139 0.000000 0.000008 0.000000 -0.040646 0.196333
    34 4.268658 1.531896 -1.575000 0.629777 1.332488 -0.941958
    35 5.782726 0.000000 0.000000 1.925544 1.232776 -0.122819
    36 11.452768 -0.000001 0.000000 0.000000 0.000000 -2.146147
    37 10.945511 -0.000005 0.000015 -0.379363 0.399139 0.697830
    38 3.147156 0.000069 1.551353 -0.323009 -0.149789 -1.078844
    39 1.585901 -0.000008 0.000000 -0.128616 0.004989 -1.609350
    40 0.849083 0.000004 0.000000 0.054471 0.175379 -0.910373
    41 3.471104 0.211185 0.574834 -0.338335 -0.158825 -1.076444
    42 1.897535 0.000000 0.000000 0.047190 0.006501 -1.433989
    43 1.014454 0.000000 0.000000 -0.002415 -0.009755 -0.901518
    44 3.750103 0.116325 -0.429640 -0.351994 -0.189782 -0.975696
    45 2.258196 0.000008 0.000000 0.066384 -0.000264 -1.574762
    46 1.210384 0.000004 0.000000 -0.001896 -0.012017 -0.834506
    47 3.868322 -0.161243 -1.490732 -0.188178 -0.087701 -0.204766
    48 1.786062 -0.000008 0.000000 -0.051327 -0.064037 -0.676424
    49 1.044445 0.000004 -0.000001 -0.001277 -0.038560 -0.033101
    50 1.121500 -1.347832 -1.035882 -1.801955 0.200199 -0.546471
    51 1.928120 -0.000001 0.000000 0.000000 -0.225049 -0.494084
    52 1.285143 0.000000 0.000000 -0.000001 0.040644 -0.404248
    53 7.023272 -6.880002 4.339547 2.620672 -1.456011 -1.105365
    54 3.813803 -3.870654 0.998558 1.570796 -1.069638 0.199892
    55 0.000000 -0.000007 -0.000031 1.373047 0.113574 0.124314
    56 0.000000 -0.000007 -0.000034 1.373047 0.113574 0.124314
    57 2.998047 -1.612305 -1.022461 -1.501147 -0.272558 -1.578261
    58 2.000008 -3.000000 0.000000 -1.570796 0.000000 -1.326450
    59 3.349001 -1.370995 0.724999 1.977842 -0.088017 1.557794
    60 -0.000002 -0.000004 10.500000 0.000000 0.000000 0.000000
    61 0.018898 0.665158 9.395884 0.000000 0.000000 0.000000
    62 3.028212 -0.923409 -2.009451 1.574082 -0.012974 1.587244
    63 0.116951 4.311603 0.061861 0.000010 0.000000 0.000000
    64 0.000000 0.000000 0.000000 0.000000 0.000000 0.000000
    65 0.000000 1.000000 0.000008 0.000000 0.000000 0.000000
    66 0.000000 0.000000 0.000000 0.000000 0.000000 0.000000
    67 0.000000 0.000000 0.000000 0.000000 0.000000 0.000000
    68 0.000000 0.000000 0.000000 0.000000 0.000000 0.000000
    69 19.253853 0.000000 -0.000001 0.000000 0.000000 0.025253
    70 19.253841 0.000000 0.000000 0.000000 0.000000 0.025250
    71 5.884354 0.000000 0.000004 -0.126310 0.000000 0.000000
    72 11.768705 -0.000001 0.000000 -0.238428 0.000000 0.000000
    73 11.679201 0.000000 -0.000004 0.000000 0.000000 -0.161658
    74 5.837998 -0.735000 -0.525002 0.000000 0.000000 0.000000
    75 5.825531 2.661388 2.409388 -0.001945 -0.016320 -0.024506
    76 6.752561 4.039024 -0.341453 0.001435 0.018681 -0.019052
    77 7.652452 1.954227 -2.880674 0.034288 0.011731 0.007773
    78 11.768707 0.000001 0.000004 0.242666 0.000000 0.000000
    79 5.884352 0.000001 0.000000 0.128617 0.000000 0.000000
    80 11.679197 0.000000 0.000008 0.000000 0.000000 -0.161657
    81 5.837997 -0.641044 0.525002 -0.049483 0.000000 0.000000
    82 5.625286 3.107059 -2.433369 0.110853 0.082458 -0.006869
    83 6.677644 4.114117 0.449763 -0.008964 0.010245 -0.007166
    84 7.673524 1.768635 2.985535 -0.031931 0.006501 0.012462
    85 4.902687 0.655644 -8.954903 0.081942 0.003890 0.000160
    86 2.649670 8.412623 -3.003099 -1.828871 -1.111184 1.884926
    87 2.538502 8.321048 3.447679 1.536390 -1.079904 -1.522285
  time 52
    0 5.273225 -152.697730 35.823283 1.565133 -0.020426 -0.187209
    1 3.806942 0.000000 0.000000 -1.828797 -0.065016 -1.619920
    2 19.263105 0.000000 0.000000 0.000000 0.000000 0.872985
    3 17.589100 0.000000 0.000000 -0.040227 -0.009757 -1.788790
    4 6.240662 0.000000 0.000000 0.020475 -0.027733 -0.468243
    5 -3.806942 0.000000 0.000000 -1.497204 -0.789798 -1.567255
    6 19.263098 0.000000 0.000000 0.000000 0.000000 0.519619
    7 17.589096 0.000000 0.000000 0.226110 -0.123160 -1.440174
    8 6.240662 0.000000 0.000000 -0.112105 0.023857 -0.492982
    9 0.000000 4.246162 -0.018825 1.398434 -0.253661 1.607222
    10 4.195629 0.000000 0.000000 -0.147051 0.010007 -0.043206
    11 3.883152 0.000001 0.000000 -0.068864 0.002827 0.121141
    12 5.985943 0.000002 0.000000 -0.082802 0.067186 0.545021
    13 5.620499 0.000002 0.000000 3.442963 0.004084 0.200932
    14 4.684906 0.000002 0.000000 0.238939 0.041562 0.635368
    15 4.268658 1.531894 1.575000 -0.162832 -1.475266 -1.513363
    16 5.782729 -0.000008 0.000001 -2.788081 -1.232389 0.073311
    17 11.452765 0.000001 -0.000004 0.000000 0.000000 -1.507244
    18 10.945532 -0.000006 -0.000031 -0.471660 0.054083 0.508534
    19 3.147137 0.005676 -1.551344 0.025530 -0.101227 -0.750908
    20 1.585899 0.000000 0.000000 -0.132564 -0.211450 -0.566008
    21 0.849079 0.000000 0.000000 -0.054473 -0.175380 -0.302889
    22 3.471083 0.213272 -0.574067 0.123378 0.009627 -0.786314
    23 1.897537 -0.000008 0.000000 -0.098477 -0.176680 -0.512089
    24 1.014450 0.000004 0.000000 0.002415 0.009757 -0.242679
    25 3.750084 0.114773 0.430058 0.174782 0.047054 -0.472914
    26 2.258194 0.000000 0.000000 -0.121557 -0.078219 -1.001731
    27 1.210388 0.000008 0.000000 0.001897 0.012019 -0.156562
    28 3.868299 -0.166634 1.490139 0.187548 0.033957 -0.039240
    29 1.786062 0.000000 0.000000 0.048663 0.060672 -0.676684
    30 1.044445 -0.000004 0.000000 0.001276 0.038560 -0.401842
    31 1.121477 -1.351563 1.030997 1.693867 -0.344560 -0.124114
    32 1.928114 0.000000 -0.000004 -0.000001 -0.188118 0.059543
    33 1.285139 0.000000 0.000008 0.000000 -0.040646 0.196333
    34 4.268658 1.531896 -1.575000 0.629683 1.325123 -0.939723
    35 5.782726 0.000000 0.000000 1.911283 1.239884 -0.130588
    36 11.452768 -0.000001 0.000000 0.000000 0.000000 -2.150567
    37 10.945511 -0.000005 0.000015 -0.382592 0.408284 0.712855
    38 3.147156 0.000069 1.551353 -0.323009 -0.149789 -1.078844
    39 1.585901 -0.000008 0.000000 -0.128616 0.004989 -1.609350
    40 0.849083 0.000004 0.000000 0.054471 0.175379 -0.910373
    41 3.471104 0.211185 0.574834 -0.338335 -0.158825 -1.076444
    42 1.897535 0.000000 0.000000 0.047190 0.006501 -1.433989
    43 1.014454 0.000000 0.000000 -0.002415 -0.009755 -0.901518
    44 3.750103 0.116325 -0.429640 -0.351994 -0.189782 -0.975696
    45 2.258196 0.000008 0.000000 0.066384 -0.000264 -1.574762
    46 1.210384 0.000004 0.000000 -0.001896 -0.012017 -0.834506
    47 3.868322 -0.161243 -1.490732 -0.188178 -0.087701 -0.204766
    48 1.786062 -0.000008 0.000000 -0.051327 -0.064037 -0.676424
    49 1.044445 0.000004 -0.000001 -0.001277 -0.038560 -0.033101
    50 1.121500 -1.347832 -1.035882 -1.801955 0.200199 -0.546471
    51 1.928120 -0.000001 0.000000 0.000000 -0.225049 -0.494084
    52 1.285143 0.000000 0.000000 -0.000001 0.040644 -0.404248
    53 7.023272 -6.880002 4.339547 2.620672 -1.456011 -1.105365
    54 3.813803 -3.870654 0.998558 1.570796 -1.069638 0.199892
    55 0.000000 -0.000007 -0.000031 1.373047 0.113574 0.124314
    56 0.000000 -0.000007 -0.000034 1.373047 0.113574 0.124314
    57 2.998047 -1.612305 -1.022461 -1.501147 -0.272558 -1.578261
    58 2.000008 -3.000000 0.000000 -1.570796 0.000000 -1.326450
    59 3.349001 -1.370995 0.724999 1.977842 -0.088017 1.557794
    60 -0.000002 -0.000004 10.500000 0.000000 0.000000 0.000000
    61 0.018898 0.665158 9.395884 0.000000 0.000000 0.000000
    62 3.028212 -0.923409 -2.009451 1.574082 -0.012974 1.587244
    63 0.116951 4.311603 0.061861 0.000010 0.000000 0.000000
    64 0.000000 0.000000 0.000000 0.000000 0.000000 0.000000
    65 0.000000 1.000000 0.000008 0.000000 0.000000 0.000000
    66 0.000000 0.000000 0.000000 0.000000 0.000000 0.000000
    67 0.000000 0.000000 0.000000 0.000000 0.000000 0.000000
    68 0.000000 0.000000 0.000000 0.000000 0.000000 0.000000
    69 19.253853 0.000000 -0.000001 0.000000 0.000000 0.025253
    70 19.253841 0.000000 0.000000 0.000000 0.000000 0.025250
    71 5.884354 0.000000 0.000004 -0.126310 0.000000 0.000000
    72 11.768705 -0.000001 0.000000 -0.238428 0.000000 0.000000
    73 11.679201 0.000000 -0.000004 0.000000 0.000000 -0.161658
    74 5.837998 -0.735000 -0.525002 0.000000 0.000000 0.000000
    75 5.825531 2.661388 2.409388 -0.001945 -0.016320 -0.024506
    76 6.752561 4.039024 -0.341453 0.001435 0.018681 -0.019052
    77 7.652452 1.954227 -2.880674 0.034288 0.011731 0.007773
    78 11.768707 0.000001 0.000004 0.242666 0.000000 0.000000
    79 5.884352 0.000001 0.000000 0.128617 0.000000 0.000000
    80 11.679197 0.000000 0.000008 0.000000 0.000000 -0.161657
    81 5.837997 -0.641044 0.525002 -0.049483 0.000000 0.000000
    82 5.625286 3.107059 -2.433369 0.110853 0.082458 -0.006869
    83 6.677644 4.114117 0.449763 -0.008964 0.010245 -0.007166
    84 7.673524 1.768635 2.985535 -0.031931 0.006501 0.012462
    85 4.902687 0.655644 -8.954903 0.081942 0.003890 0.000160
    86 2.649670 8.412623 -3.003099 -1.828871 -1.111184 1.884926
    87 2.538502 8.321048 3.447679 1.536390 -1.079904 -1.522285
  time 53
    0 5.167753 -156.108408 35.393582 1.555107 -0.028603 -0.151595
    1 3.806942 0.000000 0.000000 -1.826061 0.055656 -1.634507
    2 19.263105 0.000000 0.000000 0.000000 0.000000 0.828525
    3 17.589100 0.000000 0.000000 -0.040460 0.015824 -1.770087
    4 6.240662 0.000000 0.000000 0.020475 -0.027721 -0.542256
    5 -3.806942 0.000000 0.000000 -1.457752 -0.782758 -1.580600
    6 19.263098 0.000000 0.000000 0.000000 0.000000 0.409568
    7 17.589096 0.000000 0.000000 0.253688 -0.053628 -1.485050
    8 6.240662 0.000000 0.000000 -0.112105 0.023857 -0.483838
    9 0.000000 4.246162 -0.018825 1.380294 -0.244017 1.610785
    10 4.195629 0.000000 0.000000 -0.160246 0.009767 -0.047496
    11 3.883152 0.000001 0.000000 -0.075126 0.003850 0.122363
    12 5.985943 0.000002 0.000000 -0.089765 0.063015 0.547167
    13 5.620499 0.000002 0.000000 3.443708 0.000320 0.206024
    14 4.684906 0.000002 0.000000 0.240794 0.042281 0.633657
    15 4.268658 1.531894 1.575000 -0.154400 -1.467736 -1.518532
    16 5.782729 -0.000008 0.000001 -2.769146 -1.236943 0.058975
    17 11.452765 0.000001 -0.000004 0.000000 0.000000 -1.504074
    18 10.945532 -0.000006 -0.000031 -0.478088 0.052955 0.502550
    19 3.147137 0.005676 -1.551344 0.025530 -0.101227 -0.750908
    20 1.585899 0.000000 0.000000 -0.132564 -0.211450 -0.566008
    21 0.849079 0.000000 0.000000 -0.054473 -0.175380 -0.302889
    22 3.471083 0.213272 -0.574067 0.123378 0.009627 -0.786314
    23 1.897537 -0.000008 0.000000 -0.098477 -0.176680 -0.512089
    24 1.014450 0.000004 0.000000 0.002415 0.009757 -0.242679
    25 3.750084 0.114773 0.430058 0.174782 0.047054 -0.472914
    26 2.258194 0.000000 0.000000 -0.121557 -0.078219 -1.001731
    27 1.210388 0.000008 0.000000 0.001897 0.012019 -0.156562
    28 3.868299 -0.166634 1.490139 0.187548 0.033957 -0.039240
    29 1.786062 0.000000 0.000000 0.048663 0.060672 -0.676684
    30 1.044445 -0.000004 0.000000 0.001276 0.038560 -0.401842
    31 1.121477 -1.351563 1.030997 1.693867 -0.344560 -0.124114
    32 1.928114 0.000000 -0.000004 -0.000001 -0.188118 0.059543
    33 1.285139 0.000000 0.000008 0.000000 -0.040646 0.196333
    34 4.268658 1.531896 -1.575000 0.650959 1.319510 -0.926965
    35 5.782726 0.000000 0.000000 1.854590 1.241494 -0.183148
    36 11.452768 -0.000001 0.000000 0.000000 0.000000 -2.150380
    37 10.945511 -0.000005 0.000015 -0.382256 0.413431 0.715280
    38 3.147156 0.000069 1.551353 -0.323009 -0.149789 -1.078844
    39 1.585901 -0.000008 0.000000 -0.128616 0.004989 -1.609350
    40 0.849083 0.000004 0.000000 0.054471 0.175379 -0.910373
    41 3.471104 0.211185 0.574834 -0.338335 -0.158825 -1.076444
    42 1.897535 0.000000 0.000000 0.047190 0.006501 -1.433989
    43 1.014454 0.000000 0.000000 -0.002415 -0.009755 -0.901518
    44 3.750103 0.116325 -0.429640 -0.351994 -0.189782 -0.975696
    45 2.258196 0.000008 0.000000 0.066384 -0.000264 -1.574762
    46 1.210384 0.000004 0.000000 -0.001896 -0.012017 -0.834506
    47 3.868322 -0.161243 -1.490732 -0.188178 -0.087701 -0.204766
    48 1.786062 -0.000008 0.000000 -0.051327 -0.064037 -0.676424
    49 1.044445 0.000004 -0.000001 -0.001277 -0.038560 -0.033101
    50 1.121500 -1.347832 -1.035882 -1.801955 0.200199 -0.546471
    51 1.928120 -0.000001 0.000000 0.000000 -0.225049 -0.494084
    52 1.285143 0.000000 0.000000 -0.000001 0.040644 -0.404248
    53 7.023272 -6.880002 4.339547 2.620672 -1.456011 -1.105365
    54 3.813803 -3.870654 0.998558 1.570796 -1.069638 0.199892
    55 0.000000 -0.000007 -0.000031 1.373047 0.113574 0.124314
    56 0.000000 -0.000007 -0.000034 1.373047 0.113574 0.124314
    57 2.998047 -1.612305 -1.022461 -1.501147 -0.272558 -1.578261
    58 2.000008 -3.000000 0.000000 -1.570796 0.000000 -1.326450
    59 3.349001 -1.370995 0.724999 1.977842 -0.088017 1.557794
    60 -0.000002 -0.000004 10.500000 0.000000 0.000000 0.000000
    61 0.018898 0.665158 9.395884 0.000000 0.000000 0.000000
    62 3.028212 -0.923409 -2.009451 1.574082 -0.012974 1.587244
    63 0.116951 4.311603 0.061861 0.000010 0.000000 0.000000
    64 0.000000 0.000000 0.000000 0.000000 0.000000 0.000000
    65 0.000000 1.000000 0.000008 0.000000 0.000000 0.000000
    66 0.000000 0.000000 0.000000 0.000000 0.000000 0.000000
    67 0.000000 0.000000 0.000000 0.000000 0.000000 0.000000
    68 0.000000 0.000000 0.000000 0.000000 0.000000 0.000000
    69 19.253853 0.000000 -0.000001 0.000000 0.000000 0.025253
    70 19.253841 0.000000 0.000000 0.000000 0.000000 0.025250
    71 5.884354 0.000000 0.000004 -0.126310 0.000000 0.000000
    72 11.768705 -0.000001 0.000000 -0.238428 0.000000 0.000000
    73 11.679201 0.000000 -0.000004 0.000000 0.000000 -0.161658
    74 5.837998 -0.735000 -0.525002 0.000000 0.000000 0.000000
    75 5.825531 2.661388 2.409388 -0.001945 -0.016320 -0.024506
    76 6.752561 4.039024 -0.341453 0.001435 0.018681 -0.019052
    77 7.652452 1.954227 -2.880674 0.034288 0.011731 0.007773
    78 11.768707 0.000001 0.000004 0.242666 0.000000 0.000000
    79 5.884352 0.000001 0.000000 0.128617 0.000000 0.000000
    80 11.679197 0.000000 0.000008 0.000000 0.000000 -0.161657
    81 5.837997 -0.641044 0.525002 -0.049483 0.000000 0.000000
    82 5.625286 3.107059 -2.433369 0.110853 0.082458 -0.006869
    83 6.677644 4.114117 0.449763 -0.008964 0.010245 -0.007166
    84 7.673524 1.768635 2.985535 -0.031931 0.006501 0.012462
    85 4.902687 0.655644 -8.954903 0.081942 0.003890 0.000160
    86 2.649670 8.412623 -3.003099 -1.828871 -1.111184 1.884926
    87 2.538502 8.321048 3.447679 1.536390 -1.079904 -1.522285
  time 54
    0 5.085719 -159.621593 34.889661 1.549989 -0.037338 -0.123161
    1 3.806942 0.000000 0.000000 -1.823940 0.167518 -1.646380
    2 19.263105 0.000000 0.000000 0.000000 0.000000 0.785237
    3 17.589100 0.000000 0.000000 -0.046565 0.033625 -1.701329
    4 6.240662 0.000000 0.000000 0.020475 -0.027709 -0.666094
    5 -3.806942 0.000000 0.000000 -1.431817 -0.781661 -1.590016
    6 19.263098 0.000000 0.000000 0.000000 0.000000 0.400598
    7 17.589096 0.000000 0.000000 0.256363 0.051437 -1.509095
    8 6.240662 0.000000 0.000000 -0.112105 0.023869 -0.480527
    9 0.000000 4.246162 -0.018825 1.368998 -0.230984 1.612527
    10 4.195629 0.000000 0.000000 -0.171691 0.010379 -0.054793
    11 3.883152 0.000001 0.000000 -0.080200 0.005668 0.121573
    12 5.985943 0.000002 0.000000 -0.095997 0.057910 0.549477
    13 5.620499 0.000002 0.000000 3.440788 -0.007268 0.218011
    14 4.684906 0.000002 0.000000 0.239946 0.044690 0.630006
    15 4.268658 1.531894 1.575000 -0.148364 -1.466035 -1.522170
    16 5.782729 -0.000008 0.000001 -2.721651 -1.226472 0.019444
    17 11.452765 0.000001 -0.000004 0.000000 0.000000 -1.512887
    18 10.945532 -0.000006 -0.000031 -0.486377 0.044108 0.510486
    19 3.147137 0.005676 -1.551344 0.025530 -0.101227 -0.750908
    20 1.585899 0.000000 0.000000 -0.132564 -0.211450 -0.566008
    21 0.849079 0.000000 0.000000 -0.054473 -0.175380 -0.302889
    22 3.471083 0.213272 -0.574067 0.123378 0.009627 -0.786314
    23 1.897537 -0.000008 0.000000 -0.098477 -0.176680 -0.512089
    24 1.014450 0.000004 0.000000 0.002415 0.009757 -0.242679
    25 3.750084 0.114773 0.430058 0.174782 0.047054 -0.472914
    26 2.258194 0.000000 0.000000 -0.121557 -0.078219 -1.001731
    27 1.210388 0.000008 0.000000 0.001897 0.012019 -0.156562
    28 3.868299 -0.166634 1.490139 0.187548 0.033957 -0.039240
    29 1.786062 0.000000 0.000000 0.048663 0.060672 -0.676684
    30 1.044445 -0.000004 0.000000 0.001276 0.038560 -0.401842
    31 1.121477 -1.351563 1.030997 1.693867 -0.344560 -0.124114
    32 1.928114 0.000000 -0.000004 -0.000001 -0.188118 0.059543
    33 1.285139 0.000000 0.000008 0.000000 -0.040646 0.196333
    34 4.268658 1.531896 -1.575000 0.665144 1.319832 -0.920354
    35 5.782726 0.000000 0.000000 1.802592 1.236873 -0.229965
    36 11.452768 -0.000001 0.000000 0.000000 0.000000 -2.145089
    37 10.945511 -0.000005 0.000015 -0.380439 0.405186 0.699827
    38 3.147156 0.000069 1.551353 -0.323009 -0.149789 -1.078844
    39 1.585901 -0.000008 0.000000 -0.128616 0.004989 -1.609350
    40 0.849083 0.000004 0.000000 0.054471 0.175379 -0.910373
    41 3.471104 0.211185 0.574834 -0.338335 -0.158825 -1.076444
    42 1.897535 0.000000 0.000000 0.047190 0.006501 -1.433989
    43 1.014454 0.000000 0.000000 -0.002415 -0.009755 -0.901518
    44 3.750103 0.116325 -0.429640 -0.351994 -0.189782 -0.975696
    45 2.258196 0.000008 0.000000 0.066384 -0.000264 -1.574762
    46 1.210384 0.000004 0.000000 -0.001896 -0.012017 -0.834506
    47 3.868322 -0.161243 -1.490732 -0.188178 -0.087701 -0.204766
    48 1.786062 -0.000008 0.000000 -0.051327 -0.064037 -0.676424
    49 1.044445 0.000004 -0.000001 -0.001277 -0.038560 -0.033101
    50 1.121500 -1.347832 -1.035882 -1.801955 0.200199 -0.546471
    51 1.928120 -0.000001 0.000000 0.000000 -0.225049 -0.494084
    52 1.285143 0.000000 0.000000 -0.000001 0.040644 -0.404248
    53 7.023272 -6.880002 4.339547 2.620672 -1.456011 -1.105365
    54 3.813803 -3.870654 0.998558 1.570796 -1.069638 0.199892
    55 0.000000 -0.000007 -0.000031 1.373047 0.113574 0.124314
    56 0.000000 -0.000007 -0.000034 1.373047 0.113574 0.124314
    57 2.998047 -1.612305 -1.022461 -1.501147 -0.272558 -1.578261
    58 2.000008 -3.000000 0.000000 -1.570796 0.000000 -1.326450
    59 3.349001 -1.370995 0.724999 1.977842 -0.088017 1.557794
    60 -0.000002 -0.000004 10.500000 0.000000 0.000000 0.000000
    61 0.018898 0.665158 9.395884 0.000000 0.000000 0.000000
    62 3.028212 -0.923409 -2.009451 1.574082 -0.012974 1.587244
    63 0.116951 4.311603 0.061861 0.000010 0.000000 0.000000
    64 0.000000 0.000000 0.000000 0.000000 0.000000 0.000000
    65 0.000000 1.000000 0.000008 0.000000 0.000000 0.000000
    66 0.000000 0.000000 0.000000 0.000000 0.000000 0.000000
    67 0.000000 0.000000 0.000000 0.000000 0.000000 0.000000
    68 0.000000 0.000000 0.000000 0.000000 0.000000 0.000000
    69 19.253853 0.000000 -0.000001 0.000000 0.000000 0.025253
    70 19.253841 0.000000 0.000000 0.000000 0.000000 0.025250
    71 5.884354 0.000000 0.000004 -0.126310 0.000000 0.000000
    72 11.768705 -0.000001 0.000000 -0.238428 0.000000 0.000000
    73 11.679201 0.000000 -0.000004 0.000000 0.000000 -0.161658
    74 5.837998 -0.735000 -0.525002 0.000000 0.000000 0.000000
    75 5.825531 2.661388 2.409388 -0.001945 -0.016320 -0.024506
    76 6.752561 4.039024 -0.341453 0.001435 0.018681 -0.019052
    77 7.652452 1.954227 -2.880674 0.034288 0.011731 0.007773
    78 11.768707 0.000001 0.000004 0.242666 0.000000 0.000000
    79 5.884352 0.000001 0.000000 0.128617 0.000000 0.000000
    80 11.679197 0.000000 0.000008 0.000000 0.000000 -0.161657
    81 5.837997 -0.641044 0.525002 -0.049483 0.000000 0.000000
    82 5.625286 3.107059 -2.433369 0.110853 0.082458 -0.006869
    83 6.677644 4.114117 0.449763 -0.008964 0.010245 -0.007166
    84 7.673524 1.768635 2.985535 -0.031931 0.006501 0.012462
    85 4.902687 0.655644 -8.954903 0.081942 0.003890 0.000160
    86 2.649670 8.412623 -3.003099 -1.828871 -1.111184 1.884926
    87 2.538502 8.321048 3.447679 1.536390 -1.079904 -1.522285
  time 55
    0 5.046656 -163.144096 34.409177 1.549633 -0.036911 -0.110524
    1 3.806942 0.000000 0.000000 -1.813053 0.239940 -1.643579
    2 19.263105 0.000000 0.000000 0.000000 0.000000 0.782764
    3 17.589100 0.000000 0.000000 -0.041770 0.053794 -1.554363
    4 6.240662 0.000000 0.000000 0.020463 -0.027709 -0.864089
    5 -3.806942 0.000000 0.000000 -1.452127 -0.785272 -1.574765
    6 19.263098 0.000000 0.000000 0.000000 0.000000 0.479669
    7 17.589096 0.000000 0.000000 0.173265 0.082297 -1.452840
    8 6.240662 0.000000 0.000000 -0.112105 0.023869 -0.469884
    9 0.000000 4.246162 -0.018825 1.367656 -0.219783 1.618316
    10 4.195629 0.000000 0.000000 -0.177504 0.013770 -0.062203
    11 3.883152 0.000001 0.000000 -0.082884 0.008052 0.117936
    12 5.985943 0.000002 0.000000 -0.099208 0.054602 0.548694
    13 5.620499 0.000002 0.000000 3.436279 -0.015374 0.229004
    14 4.684906 0.000002 0.000000 0.237874 0.047566 0.628242
    15 4.268658 1.531894 1.575000 -0.149705 -1.469944 -1.520160
    16 5.782729 -0.000008 0.000001 -2.686284 -1.230237 -0.024844
    17 11.452765 0.000001 -0.000004 0.000000 0.000000 -1.514916
    18 10.945532 -0.000006 -0.000031 -0.467275 0.045382 0.520535
    19 3.147137 0.005676 -1.551344 0.025530 -0.101227 -0.750908
    20 1.585899 0.000000 0.000000 -0.132564 -0.211450 -0.566008
    21 0.849079 0.000000 0.000000 -0.054473 -0.175380 -0.302889
    22 3.471083 0.213272 -0.574067 0.123378 0.009627 -0.786314
    23 1.897537 -0.000008 0.000000 -0.098477 -0.176680 -0.512089
    24 1.014450 0.000004 0.000000 0.002415 0.009757 -0.242679
    25 3.750084 0.114773 0.430058 0.174782 0.047054 -0.472914
    26 2.258194 0.000000 0.000000 -0.121557 -0.078219 -1.001731
    27 1.210388 0.000008 0.000000 0.001897 0.012019 -0.156562
    28 3.868299 -0.166634 1.490139 0.187548 0.033957 -0.039240
    29 1.786062 0.000000 0.000000 0.048663 0.060672 -0.676684
    30 1.044445 -0.000004 0.000000 0.001276 0.038560 -0.401842
    31 1.121477 -1.351563 1.030997 1.693867 -0.344560 -0.124114
    32 1.928114 0.000000 -0.000004 -0.000001 -0.188118 0.059543
    33 1.285139 0.000000 0.000008 0.000000 -0.040646 0.196333
    34 4.268658 1.531896 -1.575000 0.687650 1.311502 -0.901264
    35 5.782726 0.000000 0.000000 1.754420 1.232601 -0.279755
    36 11.452768 -0.000001 0.000000 0.000000 0.000000 -2.138305
    37 10.945511 -0.000005 0.000015 -0.373172 0.401488 0.682520
    38 3.147156 0.000069 1.551353 -0.323009 -0.149789 -1.078844
    39 1.585901 -0.000008 0.000000 -0.128616 0.004989 -1.609350
    40 0.849083 0.000004 0.000000 0.054471 0.175379 -0.910373
    41 3.471104 0.211185 0.574834 -0.338335 -0.158825 -1.076444
    42 1.897535 0.000000 0.000000 0.047190 0.006501 -1.433989
    43 1.014454 0.000000 0.000000 -0.002415 -0.009755 -0.901518
    44 3.750103 0.116325 -0.429640 -0.351994 -0.189782 -0.975696
    45 2.258196 0.000008 0.000000 0.066384 -0.000264 -1.574762
    46 1.210384 0.000004 0.000000 -0.001896 -0.012017 -0.834506
    47 3.868322 -0.161243 -1.490732 -0.188178 -0.087701 -0.204766
    48 1.786062 -0.000008 0.000000 -0.051327 -0.064037 -0.676424
    49 1.044445 0.000004 -0.000001 -0.001277 -0.038560 -0.033101
    50 1.121500 -1.347832 -1.035882 -1.801955 0.200199 -0.546471
    51 1.928120 -0.000001 0.000000 0.000000 -0.225049 -0.494084
    52 1.285143 0.000000 0.000000 -0.000001 0.040644 -0.404248
    53 7.023272 -6.880002 4.339547 2.620672 -1.456011 -1.105365
    54 3.813803 -3.870654 0.998558 1.570796 -1.069638 0.199892
    55 0.000000 -0.000007 -0.000031 1.373047 0.113574 0.124314
    56 0.000000 -0.000007 -0.000034 1.373047 0.113574 0.124314
    57 2.998047 -1.612305 -1.022461 -1.501147 -0.272558 -1.578261
    58 2.000008 -3.000000 0.000000 -1.570796 0.000000 -1.326450
    59 3.349001 -1.370995 0.724999 1.977842 -0.088017 1.557794
    60 -0.000002 -0.000004 10.500000 0.000000 0.000000 0.000000
    61 0.018898 0.665158 9.395884 0.000000 0.000000 0.000000
    62 3.028212 -0.923409 -2.009451 1.574082 -0.012974 1.587244
    63 0.116951 4.311603 0.061861 0.000010 0.000000 0.000000
    64 0.000000 0.000000 0.000000 0.000000 0.000000 0.000000
    65 0.000000 1.000000 0.000008 0.000000 0.000000 0.000000
    66 0.000000 0.000000 0.000000 0.000000 0.000000 0.000000
    67 0.000000 0.000000 0.000000 0.000000 0.000000 0.000000
    68 0.000000 0.000000 0.000000 0.000000 0.000000 0.000000
    69 19.253853 0.000000 -0.000001 0.000000 0.000000 0.025253
    70 19.253841 0.000000 0.000000 0.000000 0.000000 0.025250
    71 5.884354 0.000000 0.000004 -0.126310 0.000000 0.000000
    72 11.768705 -0.000001 0.000000 -0.238428 0.000000 0.000000
    73 11.679201 0.000000 -0.000004 0.000000 0.000000 -0.161658
    74 5.837998 -0.735000 -0.525002 0.000000 0.000000 0.000000
    75 5.825531 2.661388 2.409388 -0.001945 -0.016320 -0.024506
    76 6.752561 4.039024 -0.341453 0.001435 0.018681 -0.019052
    77 7.652452 1.954227 -2.880674 0.034288 0.011731 0.007773
    78 11.768707 0.000001 0.000004 0.242666 0.000000 0.000000
    79 5.884352 0.000001 0.000000 0.128617 0.000000 0.000000
    80 11.679197 0.000000 0.000008 0.000000 0.000000 -0.161657
    81 5.837997 -0.641044 0.525002 -0.049483 0.000000 0.000000
    82 5.625286 3.107059 -2.433369 0.110853 0.082458 -0.006869
    83 6.677644 4.114117 0.449763 -0.008964 0.010245 -0.007166
    84 7.673524 1.768635 2.985535 -0.031931 0.006501 0.012462
    85 4.902687 0.655644 -8.954903 0.081942 0.003890 0.000160
    86 2.649670 8.412623 -3.003099 -1.828871 -1.111184 1.884926
    87 2.538502 8.321048 3.447679 1.536390 -1.079904 -1.522285
  time 56
    0 5.011498 -166.582730 34.120106 1.551751 -0.028307 -0.117321
    1 3.806942 0.000000 0.000000 -1.794016 0.242800 -1.628103
    2 19.263105 0.000000 0.000000 0.000000 0.000000 0.857037
    3 17.589100 0.000000 0.000000 -0.041495 0.060896 -1.292472
    4 6.240662 0.000000 0.000000 0.020463 -0.027685 -1.047461
    5 -3.806942 0.000000 0.000000 -1.531322 -0.806712 -1.531496
    6 19.263098 0.000000 0.000000 0.000000 0.000000 0.609729
    7 17.589096 0.000000 0.000000 0.044910 0.070200 -1.302283
    8 6.240662 0.000000 0.000000 -0.112105 0.023869 -0.452186
    9 0.000000 4.246162 -0.018825 1.377494 -0.213759 1.625350
    10 4.195629 0.000000 0.000000 -0.175970 0.020338 -0.065734
    11 3.883152 0.000001 0.000000 -0.082308 0.009977 0.112861
    12 5.985943 0.000002 0.000000 -0.097195 0.057202 0.541551
    13 5.620499 0.000002 0.000000 3.430903 -0.023495 0.235960
    14 4.684906 0.000002 0.000000 0.235210 0.050778 0.631351
    15 4.268658 1.531894 1.575000 -0.291127 -1.469293 -1.373702
    16 5.782729 -0.000008 0.000001 -2.676817 -1.253474 -0.068218
    17 11.452765 0.000001 -0.000004 0.000000 0.000000 -1.501665
    18 10.945532 -0.000006 -0.000031 -0.437240 0.055977 0.514167
    19 3.147137 0.005676 -1.551344 0.025530 -0.101227 -0.750908
    20 1.585899 0.000000 0.000000 -0.132564 -0.211450 -0.566008
    21 0.849079 0.000000 0.000000 -0.054473 -0.175380 -0.302889
    22 3.471083 0.213272 -0.574067 0.123378 0.009627 -0.786314
    23 1.897537 -0.000008 0.000000 -0.098477 -0.176680 -0.512089
    24 1.014450 0.000004 0.000000 0.002415 0.009757 -0.242679
    25 3.750084 0.114773 0.430058 0.174782 0.047054 -0.472914
    26 2.258194 0.000000 0.000000 -0.121557 -0.078219 -1.001731
    27 1.210388 0.000008 0.000000 0.001897 0.012019 -0.156562
    28 3.868299 -0.166634 1.490139 0.187548 0.033957 -0.039240
    29 1.786062 0.000000 0.000000 0.048663 0.060672 -0.676684
    30 1.044445 -0.000004 0.000000 0.001276 0.038560 -0.401842
    31 1.121477 -1.351563 1.030997 1.693867 -0.344560 -0.124114
    32 1.928114 0.000000 -0.000004 -0.000001 -0.188118 0.059543
    33 1.285139 0.000000 0.000008 0.000000 -0.040646 0.196333
    34 4.268658 1.531896 -1.575000 0.732378 1.276394 -0.850513
    35 5.782726 0.000000 0.000000 1.700595 1.239463 -0.356433
    36 11.452768 -0.000001 0.000000 0.000000 0.000000 -2.132081
    37 10.945511 -0.000005 0.000015 -0.372029 0.411632 0.673248
    38 3.147156 0.000069 1.551353 -0.323009 -0.149789 -1.078844
    39 1.585901 -0.000008 0.000000 -0.128616 0.004989 -1.609350
    40 0.849083 0.000004 0.000000 0.054471 0.175379 -0.910373
    41 3.471104 0.211185 0.574834 -0.338335 -0.158825 -1.076444
    42 1.897535 0.000000 0.000000 0.047190 0.006501 -1.433989
    43 1.014454 0.000000 0.000000 -0.002415 -0.009755 -0.901518
    44 3.750103 0.116325 -0.429640 -0.351994 -0.189782 -0.975696
    45 2.258196 0.000008 0.000000 0.066384 -0.000264 -1.574762
    46 1.210384 0.000004 0.000000 -0.001896 -0.012017 -0.834506
    47 3.868322 -0.161243 -1.490732 -0.188178 -0.087701 -0.204766
    48 1.786062 -0.000008 0.000000 -0.051327 -0.064037 -0.676424
    49 1.044445 0.000004 -0.000001 -0.001277 -0.038560 -0.033101
    50 1.121500 -1.347832 -1.035882 -1.801955 0.200199 -0.546471
    51 1.928120 -0.000001 0.000000 0.000000 -0.225049 -0.494084
    52 1.285143 0.000000 0.000000 -0.000001 0.040644 -0.404248
    53 7.023272 -6.880002 4.339547 2.620672 -1.456011 -1.105365
    54 3.813803 -3.870654 0.998558 1.570796 -1.069638 0.199892
    55 0.000000 -0.000007 -0.000031 1.373047 0.113574 0.124314
    56 0.000000 -0.000007 -0.000034 1.373047 0.113574 0.124314
    57 2.998047 -1.612305 -1.022461 -1.501147 -0.272558 -1.578261
    58 2.000008 -3.000000 0.000000 -1.570796 0.000000 -1.326450
    59 3.349001 -1.370995 0.724999 1.977842 -0.088017 1.557794
    60 -0.000002 -0.000004 10.500000 0.000000 0.000000 0.000000
    61 0.018898 0.665158 9.395884 0.000000 0.000000 0.000000
    62 3.028212 -0.923409 -2.009451 1.574082 -0.012974 1.587244
    63 0.116951 4.311603 0.061861 0.000010 0.000000 0.000000
    64 0.000000 0.000000 0.000000 0.000000 0.000000 0.000000
    65 0.000000 1.000000 0.000008 0.000000 0.000000 0.000000
    66 0.000000 0.000000 0.000000 0.000000 0.000000 0.000000
    67 0.000000 0.000000 0.000000 0.000000 0.000000 0.000000
    68 0.000000 0.000000 0.000000 0.000000 0.000000 0.000000
    69 19.253853 0.000000 -0.000001 0.000000 0.000000 0.025253
    70 19.253841 0.000000 0.000000 0.000000 0.000000 0.025250
    71 5.884354 0.000000 0.000004 -0.126310 0.000000 0.000000
    72 11.768705 -0.000001 0.000000 -0.238428 0.000000 0.000000
    73 11.679201 0.000000 -0.000004 0.000000 0.000000 -0.161658
    74 5.837998 -0.735000 -0.525002 0.000000 0.000000 0.000000
    75 5.825531 2.661388 2.409388 -0.001945 -0.016320 -0.024506
    76 6.752561 4.039024 -0.341453 0.001435 0.018681 -0.019052
    77 7.652452 1.954227 -2.880674 0.034288 0.011731 0.007773
    78 11.768707 0.000001 0.000004 0.242666 0.000000 0.000000
    79 5.884352 0.000001 0.000000 0.128617 0.000000 0.000000
    80 11.679197 0.000000 0.000008 0.000000 0.000000 -0.161657
    81 5.837997 -0.641044 0.525002 -0.049483 0.000000 0.000000
    82 5.625286 3.107059 -2.433369 0.110853 0.082458 -0.006869
    83 6.677644 4.114117 0.449763 -0.008964 0.010245 -0.007166
    84 7.673524 1.768635 2.985535 -0.031931 0.006501 0.012462
    85 4.902687 0.655644 -8.954903 0.081942 0.003890 0.000160
    86 2.649670 8.412623 -3.003099 -1.828871 -1.111184 1.884926
    87 2.538502 8.321048 3.447679 1.536390 -1.079904 -1.522285
  time 57
    0 4.964622 -169.862945 34.049791 1.542921 -0.025680 -0.133117
    1 3.806942 0.000000 0.000000 -1.759124 0.178589 -1.605289
    2 19.263105 0.000000 0.000000 0.000000 0.000000 0.996860
    3 17.589100 0.000000 0.000000 -0.107431 0.127583 -0.938887
    4 6.240662 0.000000 0.000000 0.020487 -0.027685 -0.909116
    5 -3.806942 0.000000 0.000000 -1.600508 -0.807352 -1.507002
    6 19.263098 0.000000 0.000000 0.000000 0.000000 0.742894
    7 17.589096 0.000000 0.000000 0.077790 0.084267 -1.212829
    8 6.240662 0.000000 0.000000 -0.112105 0.023869 -0.373944
    9 0.000000 4.246162 -0.018825 1.388966 -0.221409 1.631087
    10 4.195629 0.000000 0.000000 -0.169846 0.023418 -0.062228
    11 3.883152 0.000001 0.000000 -0.079538 0.007960 0.106033
    12 5.985943 0.000002 0.000000 -0.091035 0.067449 0.528449
    13 5.620499 0.000002 0.000000 3.422024 -0.036462 0.240058
    14 4.684906 0.000002 0.000000 0.232270 0.056590 0.634373
    15 4.268658 1.531894 1.575000 -0.407541 -1.462378 -1.243710
    16 5.782729 -0.000008 0.000001 -2.686050 -1.264805 -0.084933
    17 11.452765 0.000001 -0.000004 0.000000 0.000000 -1.494945
    18 10.945532 -0.000006 -0.000031 -0.432734 0.058926 0.500534
    19 3.147137 0.005676 -1.551344 0.025530 -0.101227 -0.750908
    20 1.585899 0.000000 0.000000 -0.132564 -0.211450 -0.566008
    21 0.849079 0.000000 0.000000 -0.054473 -0.175380 -0.302889
    22 3.471083 0.213272 -0.574067 0.123378 0.009627 -0.786314
    23 1.897537 -0.000008 0.000000 -0.098477 -0.176680 -0.512089
    24 1.014450 0.000004 0.000000 0.002415 0.009757 -0.242679
    25 3.750084 0.114773 0.430058 0.174782 0.047054 -0.472914
    26 2.258194 0.000000 0.000000 -0.121557 -0.078219 -1.001731
    27 1.210388 0.000008 0.000000 0.001897 0.012019 -0.156562
    28 3.868299 -0.166634 1.490139 0.187548 0.033957 -0.039240
    29 1.786062 0.000000 0.000000 0.048663 0.060672 -0.676684
    30 1.044445 -0.000004 0.000000 0.001276 0.038560 -0.401842
    31 1.121477 -1.351563 1.030997 1.693867 -0.344560 -0.124114
    32 1.928114 0.000000 -0.000004 -0.000001 -0.188118 0.059543
    33 1.285139 0.000000 0.000008 0.000000 -0.040646 0.196333
    34 4.268658 1.531896 -1.575000 0.777011 1.237103 -0.793243
    35 5.782726 0.000000 0.000000 1.650858 1.250807 -0.436421
    36 11.452768 -0.000001 0.000000 0.000000 0.000000 -2.129280
    37 10.945511 -0.000005 0.000015 -0.388379 0.421927 0.664975
    38 3.147156 0.000069 1.551353 -0.323009 -0.149789 -1.078844
    39 1.585901 -0.000008 0.000000 -0.128616 0.004989 -1.609350
    40 0.849083 0.000004 0.000000 0.054471 0.175379 -0.910373
    41 3.471104 0.211185 0.574834 -0.338335 -0.158825 -1.076444
    42 1.897535 0.000000 0.000000 0.047190 0.006501 -1.433989
    43 1.014454 0.000000 0.000000 -0.002415 -0.009755 -0.901518
    44 3.750103 0.116325 -0.429640 -0.351994 -0.189782 -0.975696
    45 2.258196 0.000008 0.000000 0.066384 -0.000264 -1.574762
    46 1.210384 0.000004 0.000000 -0.001896 -0.012017 -0.834506
    47 3.868322 -0.161243 -1.490732 -0.188178 -0.087701 -0.204766
    48 1.786062 -0.000008 0.000000 -0.051327 -0.064037 -0.676424
    49 1.044445 0.000004 -0.000001 -0.001277 -0.038560 -0.033101
    50 1.121500 -1.347832 -1.035882 -1.801955 0.200199 -0.546471
    51 1.928120 -0.000001 0.000000 0.000000 -0.225049 -0.494084
    52 1.285143 0.000000 0.000000 -0.000001 0.040644 -0.404248
    53 7.023272 -6.880002 4.339547 2.620672 -1.456011 -1.105365
    54 3.813803 -3.870654 0.998558 1.570796 -1.069638 0.199892
    55 0.000000 -0.000007 -0.000031 1.373047 0.113574 0.124314
    56 0.000000 -0.000007 -0.000034 1.373047 0.113574 0.124314
    57 2.998047 -1.612305 -1.022461 -1.501147 -0.272558 -1.578261
    58 2.000008 -3.000000 0.000000 -1.570796 0.000000 -1.326450
    59 3.349001 -1.370995 0.724999 1.977842 -0.088017 1.557794
    60 -0.000002 -0.000004 10.500000 0.000000 0.000000 0.000000
    61 0.018898 0.665158 9.395884 0.000000 0.000000 0.000000
    62 3.028212 -0.923409 -2.009451 1.574082 -0.012974 1.587244
    63 0.116951 4.311603 0.061861 0.000010 0.000000 0.000000
    64 0.000000 0.000000 0.000000 0.000000 0.000000 0.000000
    65 0.000000 1.000000 0.000008 0.000000 0.000000 0.000000
    66 0.000000 0.000000 0.000000 0.000000 0.000000 0.000000
    67 0.000000 0.000000 0.000000 0.000000 0.000000 0.000000
    68 0.000000 0.000000 0.000000 0.000000 0.000000 0.000000
    69 19.253853 0.000000 -0.000001 0.000000 0.000000 0.025253
    70 19.253841 0.000000 0.000000 0.000000 0.000000 0.025250
    71 5.884354 0.000000 0.000004 -0.126310 0.000000 0.000000
    72 11.768705 -0.000001 0.000000 -0.238428 0.000000 0.000000
    73 11.679201 0.000000 -0.000004 0.000000 0.000000 -0.161658
    74 5.837998 -0.735000 -0.525002 0.000000 0.000000 0.000000
    75 5.825531 2.661388 2.409388 -0.001945 -0.016320 -0.024506
    76 6.752561 4.039024 -0.341453 0.001435 0.018681 -0.019052
    77 7.652452 1.954227 -2.880674 0.034288 0.011731 0.007773
    78 11.768707 0.000001 0.000004 0.242666 0.000000 0.000000
    79 5.884352 0.000001 0.000000 0.128617 0.000000 0.000000
    80 11.679197 0.000000 0.000008 0.000000 0.000000 -0.161657
    81 5.837997 -0.641044 0.525002 -0.049483 0.000000 0.000000
    82 5.625286 3.107059 -2.433369 0.110853 0.082458 -0.006869
    83 6.677644 4.114117 0.449763 -0.008964 0.010245 -0.007166
    84 7.673524 1.768635 2.985535 -0.031931 0.006501 0.012462
    85 4.902687 0.655644 -8.954903 0.081942 0.003890 0.000160
    86 2.649670 8.412623 -3.003099 -1.828871 -1.111184 1.884926
    87 2.538502 8.321048 3.447679 1.536390 -1.079904 -1.522285
  time 58
    0 4.878682 -172.714496 34.014634 1.525869 -0.027782 -0.142978
    1 3.806942 0.000000 0.000000 -1.726354 0.092190 -1.579585
    2 19.263105 0.000000 0.000000 0.000000 0.000000 1.164024
    3 17.589100 0.000000 0.000000 -0.177445 0.220004 -0.822584
    4 6.240662 0.000000 0.000000 0.020475 -0.027733 -0.474948
    5 -3.806942 0.000000 0.000000 -1.640982 -0.791169 -1.495159
    6 19.263098 0.000000 0.000000 0.000000 0.000000 0.876335
    7 17.589096 0.000000 0.000000 0.083115 0.108918 -1.252064
    8 6.240662 0.000000 0.000000 -0.112105 0.023869 -0.373747
    9 0.000000 4.246162 -0.018825 1.394565 -0.238451 1.632266
    10 4.195629 0.000000 0.000000 -0.163769 0.021944 -0.054134
    11 3.883152 0.000001 0.000000 -0.076805 0.003590 0.099837
    12 5.985943 0.000002 0.000000 -0.080153 0.093612 0.517027
    13 5.620499 0.000002 0.000000 3.408012 -0.058921 0.241766
    14 4.684906 0.000002 0.000000 0.229527 0.067400 0.636102
    15 4.268658 1.531894 1.575000 -0.361072 -1.465962 -1.278266
    16 5.782729 -0.000008 0.000001 -2.685737 -1.268104 -0.109518
    17 11.452765 0.000001 -0.000004 0.000000 0.000000 -1.505723
    18 10.945532 -0.000006 -0.000031 -0.428469 0.056814 0.498357
    19 3.147137 0.005676 -1.551344 0.025530 -0.101227 -0.750908
    20 1.585899 0.000000 0.000000 -0.132564 -0.211450 -0.566008
    21 0.849079 0.000000 0.000000 -0.054473 -0.175380 -0.302889
    22 3.471083 0.213272 -0.574067 0.123378 0.009627 -0.786314
    23 1.897537 -0.000008 0.000000 -0.098477 -0.176680 -0.512089
    24 1.014450 0.000004 0.000000 0.002415 0.009757 -0.242679
    25 3.750084 0.114773 0.430058 0.174782 0.047054 -0.472914
    26 2.258194 0.000000 0.000000 -0.121557 -0.078219 -1.001731
    27 1.210388 0.000008 0.000000 0.001897 0.012019 -0.156562
    28 3.868299 -0.166634 1.490139 0.187548 0.033957 -0.039240
    29 1.786062 0.000000 0.000000 0.048663 0.060672 -0.676684
    30 1.044445 -0.000004 0.000000 0.001276 0.038560 -0.401842
    31 1.121477 -1.351563 1.030997 1.693867 -0.344560 -0.124114
    32 1.928114 0.000000 -0.000004 -0.000001 -0.188118 0.059543
    33 1.285139 0.000000 0.000008 0.000000 -0.040646 0.196333
    34 4.268658 1.531896 -1.575000 0.845002 1.204962 -0.722285
    35 5.782726 0.000000 0.000000 1.634859 1.247936 -0.474186
    36 11.452768 -0.000001 0.000000 0.000000 0.000000 -2.135566
    37 10.945511 -0.000005 0.000015 -0.402441 0.422376 0.663073
    38 3.147156 0.000069 1.551353 -0.323009 -0.149789 -1.078844
    39 1.585901 -0.000008 0.000000 -0.128616 0.004989 -1.609350
    40 0.849083 0.000004 0.000000 0.054471 0.175379 -0.910373
    41 3.471104 0.211185 0.574834 -0.338335 -0.158825 -1.076444
    42 1.897535 0.000000 0.000000 0.047190 0.006501 -1.433989
    43 1.014454 0.000000 0.000000 -0.002415 -0.009755 -0.901518
    44 3.750103 0.116325 -0.429640 -0.351994 -0.189782 -0.975696
    45 2.258196 0.000008 0.000000 0.066384 -0.000264 -1.574762
    46 1.210384 0.000004 0.000000 -0.001896 -0.012017 -0.834506
    47 3.868322 -0.161243 -1.490732 -0.188178 -0.087701 -0.204766
    48 1.786062 -0.000008 0.000000 -0.051327 -0.064037 -0.676424
    49 1.044445 0.000004 -0.000001 -0.001277 -0.038560 -0.033101
    50 1.121500 -1.347832 -1.035882 -1.801955 0.200199 -0.546471
    51 1.928120 -0.000001 0.000000 0.000000 -0.225049 -0.494084
    52 1.285143 0.000000 0.000000 -0.000001 0.040644 -0.404248
    53 7.023272 -6.880002 4.339547 2.620672 -1.456011 -1.105365
    54 3.813803 -3.870654 0.998558 1.570796 -1.069638 0.199892
    55 0.000000 -0.000007 -0.000031 1.373047 0.113574 0.124314
    56 0.000000 -0.000007 -0.000034 1.373047 0.113574 0.124314
    57 2.998047 -1.612305 -1.022461 -1.501147 -0.272558 -1.578261
    58 2.000008 -3.000000 0.000000 -1.570796 0.000000 -1.326450
    59 3.349001 -1.370995 0.724999 1.977842 -0.088017 1.557794
    60 -0.000002 -0.000004 10.500000 0.000000 0.000000 0.000000
    61 0.018898 0.665158 9.395884 0.000000 0.000000 0.000000
    62 3.028212 -0.923409 -2.009451 1.574082 -0.012974 1.587244
    63 0.116951 4.311603 0.061861 0.000010 0.000000 0.000000
    64 0.000000 0.000000 0.000000 0.000000 0.000000 0.000000
    65 0.000000 1.000000 0.000008 0.000000 0.000000 0.000000
    66 0.000000 0.000000 0.000000 0.000000 0.000000 0.000000
    67 0.000000 0.000000 0.000000 0.000000 0.000000 0.000000
    68 0.000000 0.000000 0.000000 0.000000 0.000000 0.000000
    69 19.253853 0.000000 -0.000001 0.000000 0.000000 0.025253
    70 19.253841 0.000000 0.000000 0.000000 0.000000 0.025250
    71 5.884354 0.000000 0.000004 -0.126310 0.000000 0.000000
    72 11.768705 -0.000001 0.000000 -0.238428 0.000000 0.000000
    73 11.679201 0.000000 -0.000004 0.000000 0.000000 -0.161658
    74 5.837998 -0.735000 -0.525002 0.000000 0.000000 0.000000
    75 5.825531 2.661388 2.409388 -0.001945 -0.016320 -0.024506
    76 6.752561 4.039024 -0.341453 0.001435 0.018681 -0.019052
    77 7.652452 1.954227 -2.880674 0.034288 0.011731 0.007773
    78 11.768707 0.000001 0.000004 0.242666 0.000000 0.000000
    79 5.884352 0.000001 0.000000 0.128617 0.000000 0.000000
    80 11.679197 0.000000 0.000008 0.000000 0.000000 -0.161657
    81 5.837997 -0.641044 0.525002 -0.049483 0.000000 0.000000
    82 5.625286 3.107059 -2.433369 0.110853 0.082458 -0.006869
    83 6.677644 4.114117 0.449763 -0.008964 0.010245 -0.007166
    84 7.673524 1.768635 2.985535 -0.031931 0.006501 0.012462
    85 4.902687 0.655644 -8.954903 0.081942 0.003890 0.000160
    86 2.649670 8.412623 -3.003099 -1.828871 -1.111184 1.884926
    87 2.538502 8.321048 3.447679 1.536390 -1.079904 -1.522285
end
