// Created by Crowbar 0.74
version 1
nodes
  0 "ValveBiped.Bip01_Pelvis" -1
  1 "ValveBiped.Bip01_L_Thigh" 0
  2 "ValveBiped.Bip01_L_Calf" 1
  3 "ValveBiped.Bip01_L_Foot" 2
  4 "ValveBiped.Bip01_L_Toe0" 3
  5 "ValveBiped.Bip01_R_Thigh" 0
  6 "ValveBiped.Bip01_R_Calf" 5
  7 "ValveBiped.Bip01_R_Foot" 6
  8 "ValveBiped.Bip01_R_Toe0" 7
  9 "ValveBiped.Bip01_Spine" 0
  10 "ValveBiped.Bip01_Spine1" 9
  11 "ValveBiped.Bip01_Spine2" 10
  12 "ValveBiped.Bip01_Spine4" 11
  13 "ValveBiped.Bip01_Neck1" 12
  14 "ValveBiped.Bip01_Head1" 13
  15 "ValveBiped.Bip01_L_Clavicle" 12
  16 "ValveBiped.Bip01_L_UpperArm" 15
  17 "ValveBiped.Bip01_L_Forearm" 16
  18 "ValveBiped.Bip01_L_Hand" 17
  19 "ValveBiped.Bip01_L_Finger4" 18
  20 "ValveBiped.Bip01_L_Finger41" 19
  21 "ValveBiped.Bip01_L_Finger42" 20
  22 "ValveBiped.Bip01_L_Finger3" 18
  23 "ValveBiped.Bip01_L_Finger31" 22
  24 "ValveBiped.Bip01_L_Finger32" 23
  25 "ValveBiped.Bip01_L_Finger2" 18
  26 "ValveBiped.Bip01_L_Finger21" 25
  27 "ValveBiped.Bip01_L_Finger22" 26
  28 "ValveBiped.Bip01_L_Finger1" 18
  29 "ValveBiped.Bip01_L_Finger11" 28
  30 "ValveBiped.Bip01_L_Finger12" 29
  31 "ValveBiped.Bip01_L_Finger0" 18
  32 "ValveBiped.Bip01_L_Finger01" 31
  33 "ValveBiped.Bip01_L_Finger02" 32
  34 "ValveBiped.Bip01_R_Clavicle" 12
  35 "ValveBiped.Bip01_R_UpperArm" 34
  36 "ValveBiped.Bip01_R_Forearm" 35
  37 "ValveBiped.Bip01_R_Hand" 36
  38 "ValveBiped.Bip01_R_Finger4" 37
  39 "ValveBiped.Bip01_R_Finger41" 38
  40 "ValveBiped.Bip01_R_Finger42" 39
  41 "ValveBiped.Bip01_R_Finger3" 37
  42 "ValveBiped.Bip01_R_Finger31" 41
  43 "ValveBiped.Bip01_R_Finger32" 42
  44 "ValveBiped.Bip01_R_Finger2" 37
  45 "ValveBiped.Bip01_R_Finger21" 44
  46 "ValveBiped.Bip01_R_Finger22" 45
  47 "ValveBiped.Bip01_R_Finger1" 37
  48 "ValveBiped.Bip01_R_Finger11" 47
  49 "ValveBiped.Bip01_R_Finger12" 48
  50 "ValveBiped.Bip01_R_Finger0" 37
  51 "ValveBiped.Bip01_R_Finger01" 50
  52 "ValveBiped.Bip01_R_Finger02" 51
  53 "ValveBiped.attachment_bandage_legL" 2
  54 "ValveBiped.attachment_bandage_armL" 17
  55 "ValveBiped.attachment_armL_T" 17
  56 "ValveBiped.attachment_armR_T" 36
  57 "ValveBiped.weapon_bone" 37
  58 "ValveBiped.forward" 14
  59 "ValveBiped.L_weapon_bone" 18
  60 "ValveBiped.weapon_bone_Clip" 57
  61 "ValveBiped.weapon_bone_extra" 57
  62 "ValveBiped.weapon_bone_Clip2" 18
  63 "ValveBiped.weapon_bone_Clip2_Bullets" 62
  64 "ValveBiped.weapon_bolt_l" 18
  65 "ValveBiped.weapon_bone_Clip_Bullets" 60
  66 "ValveBiped.weapon_bolt" 57
  67 "ValveBiped.weapon_bolt_opposite" 57
  68 "ValveBiped.weapon_charger" 57
  69 "ValveBiped.Bip01_L_Knee" 1
  70 "ValveBiped.Bip01_R_Knee" 5
  71 "ValveBiped.Bip01_L_Ulna" 17
  72 "ValveBiped.Bip01_L_Wrist" 17
  73 "ValveBiped.Bip01_L_Elbow" 16
  74 "ValveBiped.Bip01_L_Bicep" 16
  75 "ValveBiped.hlp_jacket_arm_front1_L" 15
  76 "ValveBiped.hlp_jacket_arm_top_L" 15
  77 "ValveBiped.hlp_jacket_arm_back_L" 15
  78 "ValveBiped.Bip01_R_Wrist" 36
  79 "ValveBiped.Bip01_R_Ulna" 36
  80 "ValveBiped.Bip01_R_Elbow" 35
  81 "ValveBiped.Bip01_R_Bicep" 35
  82 "ValveBiped.hlp_jacket_arm_front1_R" 34
  83 "ValveBiped.hlp_jacket_arm_top_R" 34
  84 "ValveBiped.hlp_jacket_arm_back_R" 34
  85 "ValveBiped.hlp_jacket_armpit_R" 11
  86 "ValveBiped.jiggy_jacket_right" 9
  87 "ValveBiped.jiggy_jacket_left" 9
end
skeleton
  time 0
    0 3.081752 -0.689591 35.667028 1.632334 -0.017733 -0.333686
    1 3.806942 0.000000 0.000000 -1.163728 -0.647574 -1.741192
    2 19.263105 0.000000 0.000000 0.000000 0.000000 1.027129
    3 17.589100 0.000000 0.000000 -0.112058 0.128567 -1.557267
    4 6.240662 0.000000 0.000000 0.020475 -0.027733 -0.368595
    5 -3.806942 0.000000 0.000000 -0.927935 -0.552361 -2.006995
    6 19.263098 0.000000 0.000000 0.000000 0.000000 1.442458
    7 17.589096 0.000000 0.000000 0.143694 0.068826 -1.470504
    8 6.240662 0.000000 0.000000 -0.112105 0.023869 -0.451831
    9 0.000000 4.246162 -0.018825 1.456549 -0.249767 1.575852
    10 4.195629 0.000000 0.000000 -0.145829 -0.037188 0.004322
    11 3.883152 0.000001 0.000000 -0.118094 -0.049334 0.149462
    12 5.989849 0.000002 0.000000 -0.086145 0.097327 0.553591
    13 5.620499 0.000002 0.000000 3.607853 -0.035914 0.153328
    14 4.684906 0.000002 0.000000 0.274990 0.055991 0.592069
    15 4.268658 1.531894 1.575000 -1.530867 -1.543832 -0.072053
    16 5.782729 -0.000008 0.000001 -1.647741 -0.898937 -1.024513
    17 11.452765 0.000001 -0.000004 -0.013269 -0.068899 -1.775424
    18 10.945532 -0.000006 -0.000031 0.020919 -0.287131 0.184511
    19 3.147137 0.005676 -1.551344 0.025532 -0.101228 -0.750906
    20 1.585899 0.000000 0.000000 -0.132564 -0.211448 -0.566006
    21 0.849079 0.000000 0.000000 -0.054473 -0.175380 -0.302889
    22 3.471083 0.213272 -0.574067 0.123399 0.009636 -0.786270
    23 1.897537 -0.000008 0.000000 -0.098476 -0.176680 -0.512087
    24 1.014450 0.000004 0.000000 0.002415 0.009757 -0.242679
    25 3.750084 0.114773 0.430058 0.174783 0.047052 -0.472912
    26 2.258194 0.000000 0.000000 -0.121557 -0.078219 -1.001729
    27 1.210388 0.000008 0.000000 0.001897 0.012019 -0.156562
    28 3.868299 -0.166634 1.490139 0.187546 0.033955 -0.039240
    29 1.786062 0.000000 0.000000 0.048663 0.060670 -0.676682
    30 1.044445 -0.000004 0.000000 0.001277 0.038558 -0.401844
    31 1.121477 -1.351563 1.030997 1.693867 -0.344560 -0.124114
    32 1.928114 0.000000 -0.000004 -0.000001 -0.188118 0.059543
    33 1.285139 0.000000 0.000008 0.000000 -0.040646 0.196333
    34 4.268658 1.531896 -1.575000 -0.994435 1.227021 -2.584802
    35 5.782726 0.000000 0.000000 0.913233 0.825978 -1.006674
    36 11.452768 -0.000001 0.000000 -0.003200 -0.010918 -1.658979
    37 10.945511 -0.000005 0.000015 -0.994147 0.089410 -0.405556
    38 3.147156 0.000069 1.551353 -0.323007 -0.149789 -1.078840
    39 1.585901 -0.000008 0.000000 -0.128601 0.004972 -1.609316
    40 0.849083 0.000004 0.000000 0.054471 0.175377 -0.910371
    41 3.471104 0.211185 0.574834 -0.338321 -0.158810 -1.076422
    42 1.897535 0.000000 0.000000 0.047211 0.006519 -1.433956
    43 1.014454 0.000000 0.000000 -0.002415 -0.009753 -0.901516
    44 3.750103 0.116325 -0.429640 -0.351987 -0.189781 -0.975692
    45 2.258196 0.000008 0.000000 0.066382 -0.000241 -1.574727
    46 1.210384 0.000004 0.000000 -0.001897 -0.012019 -0.834495
    47 3.868322 -0.161243 -1.490732 -0.188176 -0.087701 -0.204766
    48 1.786062 -0.000008 0.000000 -0.051327 -0.064037 -0.676424
    49 1.044445 0.000004 -0.000001 -0.001277 -0.038560 -0.033101
    50 1.121500 -1.347832 -1.035882 -1.801951 0.200199 -0.546469
    51 1.928120 -0.000001 0.000000 0.000000 -0.225049 -0.494082
    52 1.285143 0.000000 0.000000 -0.000002 0.040642 -0.404246
    53 7.023272 -6.880002 4.339547 2.620672 -1.456011 -1.105365
    54 3.813803 -3.870654 0.998558 1.570796 -1.069638 0.199892
    55 0.000000 -0.000007 -0.000031 1.373047 0.113574 0.124314
    56 0.000000 -0.000007 -0.000034 1.373047 0.113574 0.124314
    57 2.980469 -1.569336 -0.888184 -1.501135 -0.273312 -1.578260
    58 2.000008 -3.000000 0.000000 -1.570796 0.000000 -1.326450
    59 3.175781 -1.395508 0.126343 1.500597 -0.354914 1.381041
    60 0.000004 0.000000 10.000004 0.000000 0.000000 0.000000
    61 0.018898 0.665158 9.395884 0.000000 0.000000 0.000000
    62 3.028212 -0.923409 -2.009451 1.574082 -0.012974 1.587244
    63 0.116951 4.311603 0.061861 0.000010 0.000000 0.000000
    64 0.000000 0.000000 0.000000 0.000000 0.000000 0.000000
    65 0.000000 1.000000 0.000008 0.000000 0.000000 0.000000
    66 0.000000 0.000000 0.000000 0.000000 0.000000 0.000000
    67 0.000000 0.000000 0.000000 0.000000 0.000000 0.000000
    68 0.000000 0.000000 0.000000 0.000000 0.000000 0.000000
    69 19.253853 0.000000 -0.000001 0.000000 0.000000 0.025253
    70 19.253841 0.000000 0.000000 0.000000 0.000000 0.025250
    71 5.884354 0.000000 0.000004 -0.126310 0.000000 0.000000
    72 11.768705 -0.000001 0.000000 -0.238428 0.000000 0.000000
    73 11.679201 0.000000 -0.000004 0.000000 0.000000 -0.161658
    74 5.837998 -0.735000 -0.525002 0.000000 0.000000 0.000000
    75 5.825531 2.661388 2.409388 -0.001945 -0.016320 -0.024506
    76 6.752561 4.039024 -0.341453 0.001435 0.018681 -0.019052
    77 7.652452 1.954227 -2.880674 0.034288 0.011731 0.007773
    78 11.768707 0.000001 0.000004 0.242666 0.000000 0.000000
    79 5.884352 0.000001 0.000000 0.128617 0.000000 0.000000
    80 11.679197 0.000000 0.000008 0.000000 0.000000 -0.161657
    81 5.837997 -0.641044 0.525002 -0.049483 0.000000 0.000000
    82 5.625286 3.107059 -2.433369 0.110853 0.082458 -0.006869
    83 6.677644 4.114117 0.449763 -0.008964 0.010245 -0.007166
    84 7.673524 1.768635 2.985535 -0.031931 0.006501 0.012462
    85 4.902687 0.655644 -8.954903 0.081942 0.003890 0.000160
    86 2.649670 8.412623 -3.003099 -1.828871 -1.111184 1.884926
    87 2.538502 8.321048 3.447679 1.536390 -1.079904 -1.522285
  time 1
    0 0.248166 -0.577765 35.854534 1.616583 -0.005418 -0.324782
    1 3.806942 0.000000 0.000000 -1.225585 -0.606612 -1.617119
    2 19.263105 0.000000 0.000000 0.000000 0.000000 1.009098
    3 17.589100 0.000000 0.000000 -0.149030 0.188336 -1.583205
    4 6.240662 0.000000 0.000000 0.020475 -0.027733 -0.380415
    5 -3.806942 0.000000 0.000000 -0.758952 -0.470122 -2.182787
    6 19.263098 0.000000 0.000000 0.000000 0.000000 1.267895
    7 17.589096 0.000000 0.000000 0.150406 -0.158235 -1.525819
    8 6.240662 0.000000 0.000000 -0.112105 0.023869 -0.448245
    9 0.000000 4.246162 -0.018825 1.444883 -0.256959 1.584523
    10 4.195629 0.000000 0.000000 -0.144894 -0.038195 0.006982
    11 3.883152 0.000001 0.000000 -0.116599 -0.051321 0.148815
    12 5.989849 0.000002 0.000000 -0.079925 0.110270 0.549691
    13 5.620499 0.000002 0.000000 3.604612 -0.044187 0.159802
    14 4.684906 0.000002 0.000000 0.275207 0.058028 0.590392
    15 4.268658 1.531894 1.575000 -1.784008 -1.551723 0.178551
    16 5.782729 -0.000008 0.000001 -1.635378 -0.886064 -1.021829
    17 11.452765 0.000001 -0.000004 -0.008819 -0.068763 -1.779989
    18 10.945532 -0.000006 -0.000031 0.014551 -0.294340 0.191039
    19 3.147137 0.005676 -1.551344 0.025532 -0.101228 -0.750906
    20 1.585899 0.000000 0.000000 -0.132564 -0.211448 -0.566006
    21 0.849079 0.000000 0.000000 -0.054473 -0.175380 -0.302889
    22 3.471083 0.213272 -0.574067 0.123399 0.009636 -0.786270
    23 1.897537 -0.000008 0.000000 -0.098476 -0.176680 -0.512087
    24 1.014450 0.000004 0.000000 0.002415 0.009757 -0.242679
    25 3.750084 0.114773 0.430058 0.174783 0.047052 -0.472912
    26 2.258194 0.000000 0.000000 -0.121557 -0.078219 -1.001729
    27 1.210388 0.000008 0.000000 0.001897 0.012019 -0.156562
    28 3.868299 -0.166634 1.490139 0.187546 0.033955 -0.039240
    29 1.786062 0.000000 0.000000 0.048663 0.060670 -0.676682
    30 1.044445 -0.000004 0.000000 0.001277 0.038558 -0.401844
    31 1.121477 -1.351563 1.030997 1.693867 -0.344560 -0.124114
    32 1.928114 0.000000 -0.000004 -0.000001 -0.188118 0.059543
    33 1.285139 0.000000 0.000008 0.000000 -0.040646 0.196333
    34 4.268658 1.531896 -1.575000 -0.983560 1.228487 -2.573442
    35 5.782726 0.000000 0.000000 0.914711 0.814319 -0.995730
    36 11.452768 -0.000001 0.000000 -0.002996 -0.009983 -1.665763
    37 10.945511 -0.000005 0.000015 -0.990985 0.093658 -0.405651
    38 3.147156 0.000069 1.551353 -0.323007 -0.149789 -1.078840
    39 1.585901 -0.000008 0.000000 -0.128601 0.004972 -1.609316
    40 0.849083 0.000004 0.000000 0.054471 0.175377 -0.910371
    41 3.471104 0.211185 0.574834 -0.338321 -0.158810 -1.076422
    42 1.897535 0.000000 0.000000 0.047211 0.006519 -1.433956
    43 1.014454 0.000000 0.000000 -0.002415 -0.009753 -0.901516
    44 3.750103 0.116325 -0.429640 -0.351987 -0.189769 -0.975692
    45 2.258196 0.000008 0.000000 0.066382 -0.000241 -1.574727
    46 1.210384 0.000004 0.000000 -0.001897 -0.012019 -0.834495
    47 3.868322 -0.161243 -1.490732 -0.188176 -0.087701 -0.204766
    48 1.786062 -0.000008 0.000000 -0.051327 -0.064037 -0.676424
    49 1.044445 0.000004 -0.000001 -0.001277 -0.038560 -0.033101
    50 1.121500 -1.347832 -1.035882 -1.801951 0.200199 -0.546469
    51 1.928120 -0.000001 0.000000 0.000000 -0.225049 -0.494082
    52 1.285143 0.000000 0.000000 -0.000002 0.040642 -0.404246
    53 7.023272 -6.880002 4.339547 2.620672 -1.456011 -1.105365
    54 3.813803 -3.870654 0.998558 1.570796 -1.069638 0.199892
    55 0.000000 -0.000007 -0.000031 1.373047 0.113574 0.124314
    56 0.000000 -0.000007 -0.000034 1.373047 0.113574 0.124314
    57 2.980469 -1.569336 -0.888184 -1.501135 -0.273312 -1.578260
    58 2.000008 -3.000000 0.000000 -1.570796 0.000000 -1.326450
    59 3.175781 -1.395508 0.126343 1.500597 -0.354914 1.381041
    60 0.000004 0.000000 10.000004 0.000000 0.000000 0.000000
    61 0.018898 0.665158 9.395884 0.000000 0.000000 0.000000
    62 3.028212 -0.923409 -2.009451 1.574082 -0.012974 1.587244
    63 0.116951 4.311603 0.061861 0.000010 0.000000 0.000000
    64 0.000000 0.000000 0.000000 0.000000 0.000000 0.000000
    65 0.000000 1.000000 0.000008 0.000000 0.000000 0.000000
    66 0.000000 0.000000 0.000000 0.000000 0.000000 0.000000
    67 0.000000 0.000000 0.000000 0.000000 0.000000 0.000000
    68 0.000000 0.000000 0.000000 0.000000 0.000000 0.000000
    69 19.253853 0.000000 -0.000001 0.000000 0.000000 0.025253
    70 19.253841 0.000000 0.000000 0.000000 0.000000 0.025250
    71 5.884354 0.000000 0.000004 -0.126310 0.000000 0.000000
    72 11.768705 -0.000001 0.000000 -0.238428 0.000000 0.000000
    73 11.679201 0.000000 -0.000004 0.000000 0.000000 -0.161658
    74 5.837998 -0.735000 -0.525002 0.000000 0.000000 0.000000
    75 5.825531 2.661388 2.409388 -0.001945 -0.016320 -0.024506
    76 6.752561 4.039024 -0.341453 0.001435 0.018681 -0.019052
    77 7.652452 1.954227 -2.880674 0.034288 0.011731 0.007773
    78 11.768707 0.000001 0.000004 0.242666 0.000000 0.000000
    79 5.884352 0.000001 0.000000 0.128617 0.000000 0.000000
    80 11.679197 0.000000 0.000008 0.000000 0.000000 -0.161657
    81 5.837997 -0.641044 0.525002 -0.049483 0.000000 0.000000
    82 5.625286 3.107059 -2.433369 0.110853 0.082458 -0.006869
    83 6.677644 4.114117 0.449763 -0.008964 0.010245 -0.007166
    84 7.673524 1.768635 2.985535 -0.031931 0.006501 0.012462
    85 4.902687 0.655644 -8.954903 0.081942 0.003890 0.000160
    86 2.649670 8.412623 -3.003099 -1.828871 -1.111184 1.884926
    87 2.538502 8.321048 3.447679 1.536390 -1.079904 -1.522285
  time 2
    0 -2.706518 -0.354114 35.838909 1.601901 0.004335 -0.312815
    1 3.806942 0.000000 0.000000 -1.266897 -0.565326 -1.501851
    2 19.263105 0.000000 0.000000 0.000000 0.000000 0.984362
    3 17.589100 0.000000 0.000000 -0.198212 0.246814 -1.601318
    4 6.240662 0.000000 0.000000 0.020475 -0.027733 -0.392755
    5 -3.806942 0.000000 0.000000 -0.656817 -0.379700 -2.278742
    6 19.263098 0.000000 0.000000 0.000000 0.000000 1.038892
    7 17.589096 0.000000 0.000000 0.296221 -0.323759 -1.563965
    8 6.240662 0.000000 0.000000 -0.112105 0.023869 -0.479936
    9 0.000000 4.246162 -0.018825 1.431973 -0.261288 1.592762
    10 4.195629 0.000000 0.000000 -0.145133 -0.037775 0.007902
    11 3.883152 0.000001 0.000000 -0.114748 -0.051977 0.148671
    12 5.989849 0.000002 0.000000 -0.073226 0.121823 0.546145
    13 5.620499 0.000002 0.000000 3.598310 -0.054548 0.165764
    14 4.684906 0.000002 0.000000 0.273372 0.061432 0.590410
    15 4.268658 1.531894 1.575000 -2.162378 -1.557371 0.553309
    16 5.782729 -0.000008 0.000001 -1.605176 -0.870932 -1.042753
    17 11.452765 0.000001 -0.000004 -0.002037 -0.063580 -1.788294
    18 10.945532 -0.000006 -0.000031 0.017735 -0.302932 0.193887
    19 3.147137 0.005676 -1.551344 0.025532 -0.101228 -0.750906
    20 1.585899 0.000000 0.000000 -0.132564 -0.211448 -0.566006
    21 0.849079 0.000000 0.000000 -0.054473 -0.175380 -0.302889
    22 3.471083 0.213272 -0.574067 0.123399 0.009636 -0.786270
    23 1.897537 -0.000008 0.000000 -0.098476 -0.176680 -0.512087
    24 1.014450 0.000004 0.000000 0.002415 0.009757 -0.242679
    25 3.750084 0.114773 0.430058 0.174783 0.047052 -0.472912
    26 2.258194 0.000000 0.000000 -0.121557 -0.078219 -1.001729
    27 1.210388 0.000008 0.000000 0.001897 0.012019 -0.156562
    28 3.868299 -0.166634 1.490139 0.187546 0.033955 -0.039240
    29 1.786062 0.000000 0.000000 0.048663 0.060670 -0.676682
    30 1.044445 -0.000004 0.000000 0.001277 0.038558 -0.401844
    31 1.121477 -1.351563 1.030997 1.693867 -0.344560 -0.124114
    32 1.928114 0.000000 -0.000004 -0.000001 -0.188118 0.059543
    33 1.285139 0.000000 0.000008 0.000000 -0.040646 0.196333
    34 4.268658 1.531896 -1.575000 -0.946870 1.225806 -2.538242
    35 5.782726 0.000000 0.000000 0.912625 0.794748 -0.987082
    36 11.452768 -0.000001 0.000000 -0.002505 -0.009959 -1.672298
    37 10.945511 -0.000005 0.000015 -0.988966 0.096406 -0.416682
    38 3.147156 0.000069 1.551353 -0.323007 -0.149789 -1.078840
    39 1.585901 -0.000008 0.000000 -0.128601 0.004972 -1.609316
    40 0.849083 0.000004 0.000000 0.054471 0.175377 -0.910371
    41 3.471104 0.211185 0.574834 -0.338333 -0.158810 -1.076422
    42 1.897535 0.000000 0.000000 0.047211 0.006507 -1.433956
    43 1.014454 0.000000 0.000000 -0.002415 -0.009753 -0.901516
    44 3.750103 0.116325 -0.429640 -0.351987 -0.189781 -0.975692
    45 2.258196 0.000008 0.000000 0.066382 -0.000253 -1.574727
    46 1.210384 0.000004 0.000000 -0.001897 -0.012019 -0.834495
    47 3.868322 -0.161243 -1.490732 -0.188176 -0.087701 -0.204766
    48 1.786062 -0.000008 0.000000 -0.051327 -0.064037 -0.676424
    49 1.044445 0.000004 -0.000001 -0.001277 -0.038560 -0.033101
    50 1.121500 -1.347832 -1.035882 -1.801951 0.200199 -0.546469
    51 1.928120 -0.000001 0.000000 0.000000 -0.225049 -0.494082
    52 1.285143 0.000000 0.000000 -0.000002 0.040642 -0.404246
    53 7.023272 -6.880002 4.339547 2.620672 -1.456011 -1.105365
    54 3.813803 -3.870654 0.998558 1.570796 -1.069638 0.199892
    55 0.000000 -0.000007 -0.000031 1.373047 0.113574 0.124314
    56 0.000000 -0.000007 -0.000034 1.373047 0.113574 0.124314
    57 2.980469 -1.569336 -0.888184 -1.501135 -0.273312 -1.578260
    58 2.000008 -3.000000 0.000000 -1.570796 0.000000 -1.326450
    59 3.175781 -1.395508 0.126343 1.500597 -0.354914 1.381041
    60 0.000004 0.000000 10.000004 0.000000 0.000000 0.000000
    61 0.018898 0.665158 9.395884 0.000000 0.000000 0.000000
    62 3.028212 -0.923409 -2.009451 1.574082 -0.012974 1.587244
    63 0.116951 4.311603 0.061861 0.000010 0.000000 0.000000
    64 0.000000 0.000000 0.000000 0.000000 0.000000 0.000000
    65 0.000000 1.000000 0.000008 0.000000 0.000000 0.000000
    66 0.000000 0.000000 0.000000 0.000000 0.000000 0.000000
    67 0.000000 0.000000 0.000000 0.000000 0.000000 0.000000
    68 0.000000 0.000000 0.000000 0.000000 0.000000 0.000000
    69 19.253853 0.000000 -0.000001 0.000000 0.000000 0.025253
    70 19.253841 0.000000 0.000000 0.000000 0.000000 0.025250
    71 5.884354 0.000000 0.000004 -0.126310 0.000000 0.000000
    72 11.768705 -0.000001 0.000000 -0.238428 0.000000 0.000000
    73 11.679201 0.000000 -0.000004 0.000000 0.000000 -0.161658
    74 5.837998 -0.735000 -0.525002 0.000000 0.000000 0.000000
    75 5.825531 2.661388 2.409388 -0.001945 -0.016320 -0.024506
    76 6.752561 4.039024 -0.341453 0.001435 0.018681 -0.019052
    77 7.652452 1.954227 -2.880674 0.034288 0.011731 0.007773
    78 11.768707 0.000001 0.000004 0.242666 0.000000 0.000000
    79 5.884352 0.000001 0.000000 0.128617 0.000000 0.000000
    80 11.679197 0.000000 0.000008 0.000000 0.000000 -0.161657
    81 5.837997 -0.641044 0.525002 -0.049483 0.000000 0.000000
    82 5.625286 3.107059 -2.433369 0.110853 0.082458 -0.006869
    83 6.677644 4.114117 0.449763 -0.008964 0.010245 -0.007166
    84 7.673524 1.768635 2.985535 -0.031931 0.006501 0.012462
    85 4.902687 0.655644 -8.954903 0.081942 0.003890 0.000160
    86 2.649670 8.412623 -3.003099 -1.828871 -1.111184 1.884926
    87 2.538502 8.321048 3.447679 1.536390 -1.079904 -1.522285
  time 3
    0 -5.821362 -0.121144 35.659216 1.584891 0.007881 -0.294625
    1 3.806942 0.000000 0.000000 -1.270860 -0.515784 -1.404638
    2 19.263105 0.000000 0.000000 0.000000 0.000000 0.946477
    3 17.589100 0.000000 0.000000 -0.262120 0.289735 -1.609931
    4 6.240662 0.000000 0.000000 0.020475 -0.027733 -0.415037
    5 -3.806942 0.000000 0.000000 -0.598443 -0.292524 -2.328539
    6 19.263098 0.000000 0.000000 0.000000 0.000000 0.794297
    7 17.589096 0.000000 0.000000 0.469614 -0.378285 -1.594245
    8 6.240662 0.000000 0.000000 -0.112105 0.023857 -0.472880
    9 0.000000 4.246162 -0.018825 1.416166 -0.264312 1.600450
    10 4.195629 0.000000 0.000000 -0.146931 -0.036289 0.008300
    11 3.883152 0.000001 0.000000 -0.113449 -0.050175 0.151733
    12 5.989849 0.000002 0.000000 -0.071081 0.120014 0.549376
    13 5.620499 0.000002 0.000000 3.595934 -0.054320 0.162644
    14 4.684906 0.000002 0.000000 0.271143 0.061072 0.596086
    15 4.268658 1.531894 1.575000 -1.648814 -1.551579 0.028265
    16 5.782729 -0.000008 0.000001 -1.557916 -0.862254 -1.082955
    17 11.452765 0.000001 -0.000004 0.005415 -0.054641 -1.792479
    18 10.945532 -0.000006 -0.000031 0.024343 -0.312908 0.188191
    19 3.147137 0.005676 -1.551344 0.025532 -0.101228 -0.750906
    20 1.585899 0.000000 0.000000 -0.132564 -0.211448 -0.566006
    21 0.849079 0.000000 0.000000 -0.054473 -0.175380 -0.302889
    22 3.471083 0.213272 -0.574067 0.123399 0.009636 -0.786270
    23 1.897537 -0.000008 0.000000 -0.098476 -0.176680 -0.512087
    24 1.014450 0.000004 0.000000 0.002415 0.009757 -0.242679
    25 3.750084 0.114773 0.430058 0.174783 0.047052 -0.472912
    26 2.258194 0.000000 0.000000 -0.121557 -0.078219 -1.001729
    27 1.210388 0.000008 0.000000 0.001897 0.012019 -0.156562
    28 3.868299 -0.166634 1.490139 0.187546 0.033955 -0.039240
    29 1.786062 0.000000 0.000000 0.048663 0.060670 -0.676682
    30 1.044445 -0.000004 0.000000 0.001277 0.038558 -0.401844
    31 1.121477 -1.351563 1.030997 1.693867 -0.344560 -0.124114
    32 1.928114 0.000000 -0.000004 -0.000001 -0.188118 0.059543
    33 1.285139 0.000000 0.000008 0.000000 -0.040646 0.196333
    34 4.268658 1.531896 -1.575000 -0.917460 1.215545 -2.522598
    35 5.782726 0.000000 0.000000 0.907407 0.765058 -0.980259
    36 11.452768 -0.000001 0.000000 0.001522 -0.011122 -1.678896
    37 10.945511 -0.000005 0.000015 -0.996300 0.102903 -0.437270
    38 3.147156 0.000069 1.551353 -0.323007 -0.149789 -1.078840
    39 1.585901 -0.000008 0.000000 -0.128601 0.004972 -1.609316
    40 0.849083 0.000004 0.000000 0.054471 0.175377 -0.910371
    41 3.471104 0.211185 0.574834 -0.338321 -0.158810 -1.076422
    42 1.897535 0.000000 0.000000 0.047211 0.006507 -1.433956
    43 1.014454 0.000000 0.000000 -0.002415 -0.009753 -0.901516
    44 3.750103 0.116325 -0.429640 -0.351987 -0.189781 -0.975692
    45 2.258196 0.000008 0.000000 0.066382 -0.000241 -1.574727
    46 1.210384 0.000004 0.000000 -0.001897 -0.012019 -0.834495
    47 3.868322 -0.161243 -1.490732 -0.188176 -0.087701 -0.204766
    48 1.786062 -0.000008 0.000000 -0.051327 -0.064037 -0.676424
    49 1.044445 0.000004 -0.000001 -0.001277 -0.038560 -0.033101
    50 1.121500 -1.347832 -1.035882 -1.801951 0.200199 -0.546469
    51 1.928120 -0.000001 0.000000 0.000000 -0.225049 -0.494082
    52 1.285143 0.000000 0.000000 -0.000002 0.040642 -0.404246
    53 7.023272 -6.880002 4.339547 2.620672 -1.456011 -1.105365
    54 3.813803 -3.870654 0.998558 1.570796 -1.069638 0.199892
    55 0.000000 -0.000007 -0.000031 1.373047 0.113574 0.124314
    56 0.000000 -0.000007 -0.000034 1.373047 0.113574 0.124314
    57 2.980469 -1.569336 -0.888184 -1.501135 -0.273312 -1.578260
    58 2.000008 -3.000000 0.000000 -1.570796 0.000000 -1.326450
    59 3.175781 -1.395508 0.126343 1.500597 -0.354914 1.381041
    60 0.000004 0.000000 10.000004 0.000000 0.000000 0.000000
    61 0.018898 0.665158 9.395884 0.000000 0.000000 0.000000
    62 3.028212 -0.923409 -2.009451 1.574082 -0.012974 1.587244
    63 0.116951 4.311603 0.061861 0.000010 0.000000 0.000000
    64 0.000000 0.000000 0.000000 0.000000 0.000000 0.000000
    65 0.000000 1.000000 0.000008 0.000000 0.000000 0.000000
    66 0.000000 0.000000 0.000000 0.000000 0.000000 0.000000
    67 0.000000 0.000000 0.000000 0.000000 0.000000 0.000000
    68 0.000000 0.000000 0.000000 0.000000 0.000000 0.000000
    69 19.253853 0.000000 -0.000001 0.000000 0.000000 0.025253
    70 19.253841 0.000000 0.000000 0.000000 0.000000 0.025250
    71 5.884354 0.000000 0.000004 -0.126310 0.000000 0.000000
    72 11.768705 -0.000001 0.000000 -0.238428 0.000000 0.000000
    73 11.679201 0.000000 -0.000004 0.000000 0.000000 -0.161658
    74 5.837998 -0.735000 -0.525002 0.000000 0.000000 0.000000
    75 5.825531 2.661388 2.409388 -0.001945 -0.016320 -0.024506
    76 6.752561 4.039024 -0.341453 0.001435 0.018681 -0.019052
    77 7.652452 1.954227 -2.880674 0.034288 0.011731 0.007773
    78 11.768707 0.000001 0.000004 0.242666 0.000000 0.000000
    79 5.884352 0.000001 0.000000 0.128617 0.000000 0.000000
    80 11.679197 0.000000 0.000008 0.000000 0.000000 -0.161657
    81 5.837997 -0.641044 0.525002 -0.049483 0.000000 0.000000
    82 5.625286 3.107059 -2.433369 0.110853 0.082458 -0.006869
    83 6.677644 4.114117 0.449763 -0.008964 0.010245 -0.007166
    84 7.673524 1.768635 2.985535 -0.031931 0.006501 0.012462
    85 4.902687 0.655644 -8.954903 0.081942 0.003890 0.000160
    86 2.649670 8.412623 -3.003099 -1.828871 -1.111184 1.884926
    87 2.538502 8.321048 3.447679 1.536390 -1.079904 -1.522285
  time 4
    0 -9.076836 0.121144 35.420927 1.562427 -0.004565 -0.263798
    1 3.806942 0.000000 0.000000 -1.239318 -0.454387 -1.334285
    2 19.263105 0.000000 0.000000 0.000000 0.000000 0.883140
    3 17.589100 0.000000 0.000000 -0.332155 0.320357 -1.590539
    4 6.240662 0.000000 0.000000 0.020475 -0.027733 -0.457954
    5 -3.806942 0.000000 0.000000 -0.585731 -0.201736 -2.348585
    6 19.263098 0.000000 0.000000 0.000000 0.000000 0.553013
    7 17.589096 0.000000 0.000000 0.622361 -0.331365 -1.607307
    8 6.240662 0.000000 0.000000 -0.112105 0.023869 -0.475639
    9 0.000000 4.246162 -0.018825 1.393224 -0.268756 1.600201
    10 4.195629 0.000000 0.000000 -0.152492 -0.037476 0.012192
    11 3.883152 0.000001 0.000000 -0.113216 -0.049808 0.156448
    12 5.989849 0.000002 0.000000 -0.070949 0.113206 0.554841
    13 5.620499 0.000002 0.000000 3.597102 -0.044644 0.153545
    14 4.684906 0.000002 0.000000 0.267512 0.060066 0.600960
    15 4.268658 1.531894 1.575000 -1.350257 -1.542601 -0.275753
    16 5.782729 -0.000008 0.000001 -1.519107 -0.865302 -1.102110
    17 11.452765 0.000001 -0.000004 0.011553 -0.049323 -1.788358
    18 10.945532 -0.000006 -0.000031 0.023261 -0.326342 0.179102
    19 3.147137 0.005676 -1.551344 0.025532 -0.101228 -0.750906
    20 1.585899 0.000000 0.000000 -0.132564 -0.211448 -0.566006
    21 0.849079 0.000000 0.000000 -0.054473 -0.175380 -0.302889
    22 3.471083 0.213272 -0.574067 0.123399 0.009636 -0.786270
    23 1.897537 -0.000008 0.000000 -0.098476 -0.176680 -0.512087
    24 1.014450 0.000004 0.000000 0.002415 0.009757 -0.242679
    25 3.750084 0.114773 0.430058 0.174783 0.047052 -0.472912
    26 2.258194 0.000000 0.000000 -0.121557 -0.078219 -1.001729
    27 1.210388 0.000008 0.000000 0.001897 0.012019 -0.156562
    28 3.868299 -0.166634 1.490139 0.187546 0.033955 -0.039240
    29 1.786062 0.000000 0.000000 0.048663 0.060670 -0.676682
    30 1.044445 -0.000004 0.000000 0.001277 0.038558 -0.401844
    31 1.121477 -1.351563 1.030997 1.693867 -0.344560 -0.124114
    32 1.928114 0.000000 -0.000004 -0.000001 -0.188118 0.059543
    33 1.285139 0.000000 0.000008 0.000000 -0.040646 0.196333
    34 4.268658 1.531896 -1.575000 -0.918028 1.188874 -2.540849
    35 5.782726 0.000000 0.000000 0.898625 0.742266 -0.963707
    36 11.452768 -0.000001 0.000000 0.005057 -0.008233 -1.680888
    37 10.945511 -0.000005 0.000015 -1.001818 0.104902 -0.455385
    38 3.147156 0.000069 1.551353 -0.323007 -0.149789 -1.078840
    39 1.585901 -0.000008 0.000000 -0.128601 0.004972 -1.609316
    40 0.849083 0.000004 0.000000 0.054471 0.175377 -0.910371
    41 3.471104 0.211185 0.574834 -0.338321 -0.158810 -1.076422
    42 1.897535 0.000000 0.000000 0.047211 0.006507 -1.433956
    43 1.014454 0.000000 0.000000 -0.002415 -0.009753 -0.901516
    44 3.750103 0.116325 -0.429640 -0.351987 -0.189781 -0.975692
    45 2.258196 0.000008 0.000000 0.066382 -0.000241 -1.574727
    46 1.210384 0.000004 0.000000 -0.001897 -0.012019 -0.834495
    47 3.868322 -0.161243 -1.490732 -0.188176 -0.087701 -0.204766
    48 1.786062 -0.000008 0.000000 -0.051327 -0.064037 -0.676424
    49 1.044445 0.000004 -0.000001 -0.001277 -0.038560 -0.033101
    50 1.121500 -1.347832 -1.035882 -1.801951 0.200199 -0.546469
    51 1.928120 -0.000001 0.000000 0.000000 -0.225049 -0.494082
    52 1.285143 0.000000 0.000000 -0.000002 0.040642 -0.404246
    53 7.023272 -6.880002 4.339547 2.620672 -1.456011 -1.105365
    54 3.813803 -3.870654 0.998558 1.570796 -1.069638 0.199892
    55 0.000000 -0.000007 -0.000031 1.373047 0.113574 0.124314
    56 0.000000 -0.000007 -0.000034 1.373047 0.113574 0.124314
    57 2.980469 -1.569336 -0.888184 -1.501135 -0.273312 -1.578260
    58 2.000008 -3.000000 0.000000 -1.570796 0.000000 -1.326450
    59 3.175781 -1.395508 0.126343 1.500597 -0.354914 1.381041
    60 0.000004 0.000000 10.000004 0.000000 0.000000 0.000000
    61 0.018898 0.665158 9.395884 0.000000 0.000000 0.000000
    62 3.028212 -0.923409 -2.009451 1.574082 -0.012974 1.587244
    63 0.116951 4.311603 0.061861 0.000010 0.000000 0.000000
    64 0.000000 0.000000 0.000000 0.000000 0.000000 0.000000
    65 0.000000 1.000000 0.000008 0.000000 0.000000 0.000000
    66 0.000000 0.000000 0.000000 0.000000 0.000000 0.000000
    67 0.000000 0.000000 0.000000 0.000000 0.000000 0.000000
    68 0.000000 0.000000 0.000000 0.000000 0.000000 0.000000
    69 19.253853 0.000000 -0.000001 0.000000 0.000000 0.025253
    70 19.253841 0.000000 0.000000 0.000000 0.000000 0.025250
    71 5.884354 0.000000 0.000004 -0.126310 0.000000 0.000000
    72 11.768705 -0.000001 0.000000 -0.238428 0.000000 0.000000
    73 11.679201 0.000000 -0.000004 0.000000 0.000000 -0.161658
    74 5.837998 -0.735000 -0.525002 0.000000 0.000000 0.000000
    75 5.825531 2.661388 2.409388 -0.001945 -0.016320 -0.024506
    76 6.752561 4.039024 -0.341453 0.001435 0.018681 -0.019052
    77 7.652452 1.954227 -2.880674 0.034288 0.011731 0.007773
    78 11.768707 0.000001 0.000004 0.242666 0.000000 0.000000
    79 5.884352 0.000001 0.000000 0.128617 0.000000 0.000000
    80 11.679197 0.000000 0.000008 0.000000 0.000000 -0.161657
    81 5.837997 -0.641044 0.525002 -0.049483 0.000000 0.000000
    82 5.625286 3.107059 -2.433369 0.110853 0.082458 -0.006869
    83 6.677644 4.114117 0.449763 -0.008964 0.010245 -0.007166
    84 7.673524 1.768635 2.985535 -0.031931 0.006501 0.012462
    85 4.902687 0.655644 -8.954903 0.081942 0.003890 0.000160
    86 2.649670 8.412623 -3.003099 -1.828871 -1.111184 1.884926
    87 2.538502 8.321048 3.447679 1.536390 -1.079904 -1.522285
  time 5
    0 -12.383093 0.410027 35.073260 1.551667 -0.016452 -0.228663
    1 3.806942 0.000000 0.000000 -1.194880 -0.414117 -1.269224
    2 19.263105 0.000000 0.000000 0.000000 0.000000 0.821235
    3 17.589100 0.000000 0.000000 -0.385563 0.356145 -1.534380
    4 6.240662 0.000000 0.000000 0.020475 -0.027721 -0.547516
    5 -3.806942 0.000000 0.000000 -0.583174 -0.141440 -2.357886
    6 19.263098 0.000000 0.000000 0.000000 0.000000 0.394665
    7 17.589096 0.000000 0.000000 0.683304 -0.224170 -1.584548
    8 6.240662 0.000000 0.000000 -0.112105 0.023857 -0.479817
    9 0.000000 4.246162 -0.018825 1.373275 -0.266328 1.599193
    10 4.195629 0.000000 0.000000 -0.160270 -0.039178 0.016244
    11 3.883152 0.000001 0.000000 -0.114074 -0.051626 0.161192
    12 5.989849 0.000002 0.000000 -0.071284 0.109527 0.560129
    13 5.620499 0.000002 0.000000 3.599095 -0.035274 0.147086
    14 4.684906 0.000002 0.000000 0.264157 0.060377 0.603178
    15 4.268658 1.531894 1.575000 -1.390882 -1.534274 -0.238038
    16 5.782729 -0.000008 0.000001 -1.501267 -0.871577 -1.126939
    17 11.452765 0.000001 -0.000004 0.009302 -0.047911 -1.778974
    18 10.945532 -0.000006 -0.000031 0.040862 -0.321027 0.165373
    19 3.147137 0.005676 -1.551344 0.025532 -0.101228 -0.750906
    20 1.585899 0.000000 0.000000 -0.132564 -0.211448 -0.566006
    21 0.849079 0.000000 0.000000 -0.054473 -0.175380 -0.302889
    22 3.471083 0.213272 -0.574067 0.123399 0.009636 -0.786270
    23 1.897537 -0.000008 0.000000 -0.098476 -0.176680 -0.512087
    24 1.014450 0.000004 0.000000 0.002415 0.009757 -0.242679
    25 3.750084 0.114773 0.430058 0.174783 0.047052 -0.472912
    26 2.258194 0.000000 0.000000 -0.121557 -0.078219 -1.001729
    27 1.210388 0.000008 0.000000 0.001897 0.012019 -0.156562
    28 3.868299 -0.166634 1.490139 0.187546 0.033955 -0.039240
    29 1.786062 0.000000 0.000000 0.048663 0.060670 -0.676682
    30 1.044445 -0.000004 0.000000 0.001277 0.038558 -0.401844
    31 1.121477 -1.351563 1.030997 1.693867 -0.344560 -0.124114
    32 1.928114 0.000000 -0.000004 -0.000001 -0.188118 0.059543
    33 1.285139 0.000000 0.000008 0.000000 -0.040646 0.196333
    34 4.268658 1.531896 -1.575000 -0.952449 1.169032 -2.580240
    35 5.782726 0.000000 0.000000 0.904712 0.738134 -0.940940
    36 11.452768 -0.000001 0.000000 0.007263 -0.003439 -1.679145
    37 10.945511 -0.000005 0.000015 -1.002760 0.104852 -0.463135
    38 3.147156 0.000069 1.551353 -0.323007 -0.149789 -1.078840
    39 1.585901 -0.000008 0.000000 -0.128601 0.004972 -1.609316
    40 0.849083 0.000004 0.000000 0.054471 0.175377 -0.910371
    41 3.471104 0.211185 0.574834 -0.338321 -0.158810 -1.076422
    42 1.897535 0.000000 0.000000 0.047211 0.006507 -1.433956
    43 1.014454 0.000000 0.000000 -0.002415 -0.009753 -0.901516
    44 3.750103 0.116325 -0.429640 -0.351987 -0.189781 -0.975692
    45 2.258196 0.000008 0.000000 0.066382 -0.000241 -1.574727
    46 1.210384 0.000004 0.000000 -0.001897 -0.012019 -0.834495
    47 3.868322 -0.161243 -1.490732 -0.188176 -0.087701 -0.204766
    48 1.786062 -0.000008 0.000000 -0.051327 -0.064037 -0.676424
    49 1.044445 0.000004 -0.000001 -0.001277 -0.038560 -0.033101
    50 1.121500 -1.347832 -1.035882 -1.801951 0.200199 -0.546469
    51 1.928120 -0.000001 0.000000 0.000000 -0.225049 -0.494082
    52 1.285143 0.000000 0.000000 -0.000002 0.040642 -0.404246
    53 7.023272 -6.880002 4.339547 2.620672 -1.456011 -1.105365
    54 3.813803 -3.870654 0.998558 1.570796 -1.069638 0.199892
    55 0.000000 -0.000007 -0.000031 1.373047 0.113574 0.124314
    56 0.000000 -0.000007 -0.000034 1.373047 0.113574 0.124314
    57 2.980469 -1.569336 -0.888184 -1.501135 -0.273312 -1.578260
    58 2.000008 -3.000000 0.000000 -1.570796 0.000000 -1.326450
    59 3.175781 -1.395508 0.126343 1.500597 -0.354914 1.381041
    60 0.000004 0.000000 10.000004 0.000000 0.000000 0.000000
    61 0.018898 0.665158 9.395884 0.000000 0.000000 0.000000
    62 3.028212 -0.923409 -2.009451 1.574082 -0.012974 1.587244
    63 0.116951 4.311603 0.061861 0.000010 0.000000 0.000000
    64 0.000000 0.000000 0.000000 0.000000 0.000000 0.000000
    65 0.000000 1.000000 0.000008 0.000000 0.000000 0.000000
    66 0.000000 0.000000 0.000000 0.000000 0.000000 0.000000
    67 0.000000 0.000000 0.000000 0.000000 0.000000 0.000000
    68 0.000000 0.000000 0.000000 0.000000 0.000000 0.000000
    69 19.253853 0.000000 -0.000001 0.000000 0.000000 0.025253
    70 19.253841 0.000000 0.000000 0.000000 0.000000 0.025250
    71 5.884354 0.000000 0.000004 -0.126310 0.000000 0.000000
    72 11.768705 -0.000001 0.000000 -0.238428 0.000000 0.000000
    73 11.679201 0.000000 -0.000004 0.000000 0.000000 -0.161658
    74 5.837998 -0.735000 -0.525002 0.000000 0.000000 0.000000
    75 5.825531 2.661388 2.409388 -0.001945 -0.016320 -0.024506
    76 6.752561 4.039024 -0.341453 0.001435 0.018681 -0.019052
    77 7.652452 1.954227 -2.880674 0.034288 0.011731 0.007773
    78 11.768707 0.000001 0.000004 0.242666 0.000000 0.000000
    79 5.884352 0.000001 0.000000 0.128617 0.000000 0.000000
    80 11.679197 0.000000 0.000008 0.000000 0.000000 -0.161657
    81 5.837997 -0.641044 0.525002 -0.049483 0.000000 0.000000
    82 5.625286 3.107059 -2.433369 0.110853 0.082458 -0.006869
    83 6.677644 4.114117 0.449763 -0.008964 0.010245 -0.007166
    84 7.673524 1.768635 2.985535 -0.031931 0.006501 0.012462
    85 4.902687 0.655644 -8.954903 0.081942 0.003890 0.000160
    86 2.649670 8.412623 -3.003099 -1.828871 -1.111184 1.884926
    87 2.538502 8.321048 3.447679 1.536390 -1.079904 -1.522285
  time 6
    0 -15.931544 0.670953 34.659185 1.547766 -0.023841 -0.207505
    1 3.806942 0.000000 0.000000 -1.153568 -0.381550 -1.198916
    2 19.263105 0.000000 0.000000 0.000000 0.000000 0.767271
    3 17.589100 0.000000 0.000000 -0.411887 0.400972 -1.432794
    4 6.240662 0.000000 0.000000 0.020475 -0.027709 -0.684734
    5 -3.806942 0.000000 0.000000 -0.605603 -0.128137 -2.348758
    6 19.263098 0.000000 0.000000 0.000000 0.000000 0.346504
    7 17.589096 0.000000 0.000000 0.678853 -0.114637 -1.557286
    8 6.240662 0.000000 0.000000 -0.112105 0.023869 -0.454394
    9 0.000000 4.246162 -0.018825 1.365245 -0.257623 1.599808
    10 4.195629 0.000000 0.000000 -0.166826 -0.038806 0.019216
    11 3.883152 0.000001 0.000000 -0.115569 -0.053811 0.167029
    12 5.989849 0.000002 0.000000 -0.075359 0.101306 0.565986
    13 5.620499 0.000002 0.000000 3.595552 -0.036630 0.141590
    14 4.684906 0.000002 0.000000 0.262362 0.060593 0.606426
    15 4.268658 1.531894 1.575000 -1.496565 -1.527686 -0.136954
    16 5.782729 -0.000008 0.000001 -1.500719 -0.876131 -1.141946
    17 11.452765 0.000001 -0.000004 0.007935 -0.047610 -1.777199
    18 10.945532 -0.000006 -0.000031 0.062788 -0.304607 0.166301
    19 3.147137 0.005676 -1.551344 0.025532 -0.101228 -0.750906
    20 1.585899 0.000000 0.000000 -0.132564 -0.211448 -0.566006
    21 0.849079 0.000000 0.000000 -0.054473 -0.175380 -0.302889
    22 3.471083 0.213272 -0.574067 0.123399 0.009636 -0.786270
    23 1.897537 -0.000008 0.000000 -0.098476 -0.176680 -0.512087
    24 1.014450 0.000004 0.000000 0.002415 0.009757 -0.242679
    25 3.750084 0.114773 0.430058 0.174783 0.047052 -0.472912
    26 2.258194 0.000000 0.000000 -0.121557 -0.078219 -1.001729
    27 1.210388 0.000008 0.000000 0.001897 0.012019 -0.156562
    28 3.868299 -0.166634 1.490139 0.187546 0.033955 -0.039240
    29 1.786062 0.000000 0.000000 0.048663 0.060670 -0.676682
    30 1.044445 -0.000004 0.000000 0.001277 0.038558 -0.401844
    31 1.121477 -1.351563 1.030997 1.693867 -0.344560 -0.124114
    32 1.928114 0.000000 -0.000004 -0.000001 -0.188118 0.059543
    33 1.285139 0.000000 0.000008 0.000000 -0.040646 0.196333
    34 4.268658 1.531896 -1.575000 -0.968997 1.165564 -2.593090
    35 5.782726 0.000000 0.000000 0.906973 0.738590 -0.950871
    36 11.452768 -0.000001 0.000000 0.013231 -0.003847 -1.671427
    37 10.945511 -0.000005 0.000015 -1.008142 0.101953 -0.473881
    38 3.147156 0.000069 1.551353 -0.323007 -0.149789 -1.078840
    39 1.585901 -0.000008 0.000000 -0.128601 0.004972 -1.609316
    40 0.849083 0.000004 0.000000 0.054471 0.175377 -0.910371
    41 3.471104 0.211185 0.574834 -0.338333 -0.158810 -1.076422
    42 1.897535 0.000000 0.000000 0.047211 0.006519 -1.433956
    43 1.014454 0.000000 0.000000 -0.002415 -0.009753 -0.901516
    44 3.750103 0.116325 -0.429640 -0.351987 -0.189781 -0.975692
    45 2.258196 0.000008 0.000000 0.066382 -0.000241 -1.574727
    46 1.210384 0.000004 0.000000 -0.001897 -0.012019 -0.834495
    47 3.868322 -0.161243 -1.490732 -0.188176 -0.087701 -0.204766
    48 1.786062 -0.000008 0.000000 -0.051327 -0.064037 -0.676424
    49 1.044445 0.000004 -0.000001 -0.001277 -0.038560 -0.033101
    50 1.121500 -1.347832 -1.035882 -1.801951 0.200199 -0.546469
    51 1.928120 -0.000001 0.000000 0.000000 -0.225049 -0.494082
    52 1.285143 0.000000 0.000000 -0.000002 0.040642 -0.404246
    53 7.023272 -6.880002 4.339547 2.620672 -1.456011 -1.105365
    54 3.813803 -3.870654 0.998558 1.570796 -1.069638 0.199892
    55 0.000000 -0.000007 -0.000031 1.373047 0.113574 0.124314
    56 0.000000 -0.000007 -0.000034 1.373047 0.113574 0.124314
    57 2.980469 -1.569336 -0.888184 -1.501135 -0.273312 -1.578260
    58 2.000008 -3.000000 0.000000 -1.570796 0.000000 -1.326450
    59 3.175781 -1.395508 0.126343 1.500597 -0.354914 1.381041
    60 0.000004 0.000000 10.000004 0.000000 0.000000 0.000000
    61 0.018898 0.665158 9.395884 0.000000 0.000000 0.000000
    62 3.028212 -0.923409 -2.009451 1.574082 -0.012974 1.587244
    63 0.116951 4.311603 0.061861 0.000010 0.000000 0.000000
    64 0.000000 0.000000 0.000000 0.000000 0.000000 0.000000
    65 0.000000 1.000000 0.000008 0.000000 0.000000 0.000000
    66 0.000000 0.000000 0.000000 0.000000 0.000000 0.000000
    67 0.000000 0.000000 0.000000 0.000000 0.000000 0.000000
    68 0.000000 0.000000 0.000000 0.000000 0.000000 0.000000
    69 19.253853 0.000000 -0.000001 0.000000 0.000000 0.025253
    70 19.253841 0.000000 0.000000 0.000000 0.000000 0.025250
    71 5.884354 0.000000 0.000004 -0.126310 0.000000 0.000000
    72 11.768705 -0.000001 0.000000 -0.238428 0.000000 0.000000
    73 11.679201 0.000000 -0.000004 0.000000 0.000000 -0.161658
    74 5.837998 -0.735000 -0.525002 0.000000 0.000000 0.000000
    75 5.825531 2.661388 2.409388 -0.001945 -0.016320 -0.024506
    76 6.752561 4.039024 -0.341453 0.001435 0.018681 -0.019052
    77 7.652452 1.954227 -2.880674 0.034288 0.011731 0.007773
    78 11.768707 0.000001 0.000004 0.242666 0.000000 0.000000
    79 5.884352 0.000001 0.000000 0.128617 0.000000 0.000000
    80 11.679197 0.000000 0.000008 0.000000 0.000000 -0.161657
    81 5.837997 -0.641044 0.525002 -0.049483 0.000000 0.000000
    82 5.625286 3.107059 -2.433369 0.110853 0.082458 -0.006869
    83 6.677644 4.114117 0.449763 -0.008964 0.010245 -0.007166
    84 7.673524 1.768635 2.985535 -0.031931 0.006501 0.012462
    85 4.902687 0.655644 -8.954903 0.081942 0.003890 0.000160
    86 2.649670 8.412623 -3.003099 -1.828871 -1.111184 1.884926
    87 2.538502 8.321048 3.447679 1.536390 -1.079904 -1.522285
  time 7
    0 -19.487809 0.931879 34.260735 1.550849 -0.022593 -0.195346
    1 3.806942 0.000000 0.000000 -1.119792 -0.379336 -1.137191
    2 19.263105 0.000000 0.000000 0.000000 0.000000 0.754903
    3 17.589100 0.000000 0.000000 -0.356852 0.491302 -1.245173
    4 6.240662 0.000000 0.000000 0.020463 -0.027697 -0.874696
    5 -3.806942 0.000000 0.000000 -0.639575 -0.169188 -2.345523
    6 19.263098 0.000000 0.000000 0.000000 0.000000 0.447379
    7 17.589096 0.000000 0.000000 0.583524 -0.141717 -1.500882
    8 6.240662 0.000000 0.000000 -0.112105 0.023869 -0.436893
    9 0.000000 4.246162 -0.018825 1.362018 -0.246422 1.606777
    10 4.195629 0.000000 0.000000 -0.172338 -0.035522 0.020210
    11 3.883152 0.000001 0.000000 -0.117641 -0.054453 0.171744
    12 5.989849 0.000002 0.000000 -0.081879 0.087679 0.571400
    13 5.620499 0.000002 0.000000 3.595149 -0.032363 0.142692
    14 4.684906 0.000002 0.000000 0.259935 0.058508 0.608086
    15 4.268658 1.531894 1.575000 -1.537190 -1.524681 -0.098377
    16 5.782729 -0.000008 0.000001 -1.508074 -0.880757 -1.140115
    17 11.452765 0.000001 -0.000004 0.008095 -0.049067 -1.777199
    18 10.945532 -0.000006 -0.000031 0.071738 -0.293648 0.175934
    19 3.147137 0.005676 -1.551344 0.025532 -0.101228 -0.750906
    20 1.585899 0.000000 0.000000 -0.132564 -0.211448 -0.566006
    21 0.849079 0.000000 0.000000 -0.054473 -0.175380 -0.302889
    22 3.471083 0.213272 -0.574067 0.123399 0.009636 -0.786270
    23 1.897537 -0.000008 0.000000 -0.098476 -0.176680 -0.512087
    24 1.014450 0.000004 0.000000 0.002415 0.009757 -0.242679
    25 3.750084 0.114773 0.430058 0.174783 0.047052 -0.472912
    26 2.258194 0.000000 0.000000 -0.121557 -0.078219 -1.001729
    27 1.210388 0.000008 0.000000 0.001897 0.012019 -0.156562
    28 3.868299 -0.166634 1.490139 0.187546 0.033955 -0.039240
    29 1.786062 0.000000 0.000000 0.048663 0.060670 -0.676682
    30 1.044445 -0.000004 0.000000 0.001277 0.038558 -0.401844
    31 1.121477 -1.351563 1.030997 1.693867 -0.344560 -0.124114
    32 1.928114 0.000000 -0.000004 -0.000001 -0.188118 0.059543
    33 1.285139 0.000000 0.000008 0.000000 -0.040646 0.196333
    34 4.268658 1.531896 -1.575000 -0.980345 1.169068 -2.601006
    35 5.782726 0.000000 0.000000 0.909320 0.737679 -0.967828
    36 11.452768 -0.000001 0.000000 0.015616 -0.006364 -1.666821
    37 10.945511 -0.000005 0.000015 -1.008344 0.096356 -0.476639
    38 3.147156 0.000069 1.551353 -0.323007 -0.149789 -1.078840
    39 1.585901 -0.000008 0.000000 -0.128601 0.004972 -1.609316
    40 0.849083 0.000004 0.000000 0.054471 0.175377 -0.910371
    41 3.471104 0.211185 0.574834 -0.338321 -0.158810 -1.076422
    42 1.897535 0.000000 0.000000 0.047211 0.006507 -1.433956
    43 1.014454 0.000000 0.000000 -0.002415 -0.009753 -0.901516
    44 3.750103 0.116325 -0.429640 -0.351987 -0.189781 -0.975692
    45 2.258196 0.000008 0.000000 0.066382 -0.000241 -1.574727
    46 1.210384 0.000004 0.000000 -0.001897 -0.012019 -0.834495
    47 3.868322 -0.161243 -1.490732 -0.188176 -0.087701 -0.204766
    48 1.786062 -0.000008 0.000000 -0.051327 -0.064037 -0.676424
    49 1.044445 0.000004 -0.000001 -0.001277 -0.038560 -0.033101
    50 1.121500 -1.347832 -1.035882 -1.801951 0.200199 -0.546469
    51 1.928120 -0.000001 0.000000 0.000000 -0.225049 -0.494082
    52 1.285143 0.000000 0.000000 -0.000002 0.040642 -0.404246
    53 7.023272 -6.880002 4.339547 2.620672 -1.456011 -1.105365
    54 3.813803 -3.870654 0.998558 1.570796 -1.069638 0.199892
    55 0.000000 -0.000007 -0.000031 1.373047 0.113574 0.124314
    56 0.000000 -0.000007 -0.000034 1.373047 0.113574 0.124314
    57 2.980469 -1.569336 -0.888184 -1.501135 -0.273312 -1.578260
    58 2.000008 -3.000000 0.000000 -1.570796 0.000000 -1.326450
    59 3.175781 -1.395508 0.126343 1.500597 -0.354914 1.381041
    60 0.000004 0.000000 10.000004 0.000000 0.000000 0.000000
    61 0.018898 0.665158 9.395884 0.000000 0.000000 0.000000
    62 3.028212 -0.923409 -2.009451 1.574082 -0.012974 1.587244
    63 0.116951 4.311603 0.061861 0.000010 0.000000 0.000000
    64 0.000000 0.000000 0.000000 0.000000 0.000000 0.000000
    65 0.000000 1.000000 0.000008 0.000000 0.000000 0.000000
    66 0.000000 0.000000 0.000000 0.000000 0.000000 0.000000
    67 0.000000 0.000000 0.000000 0.000000 0.000000 0.000000
    68 0.000000 0.000000 0.000000 0.000000 0.000000 0.000000
    69 19.253853 0.000000 -0.000001 0.000000 0.000000 0.025253
    70 19.253841 0.000000 0.000000 0.000000 0.000000 0.025250
    71 5.884354 0.000000 0.000004 -0.126310 0.000000 0.000000
    72 11.768705 -0.000001 0.000000 -0.238428 0.000000 0.000000
    73 11.679201 0.000000 -0.000004 0.000000 0.000000 -0.161658
    74 5.837998 -0.735000 -0.525002 0.000000 0.000000 0.000000
    75 5.825531 2.661388 2.409388 -0.001945 -0.016320 -0.024506
    76 6.752561 4.039024 -0.341453 0.001435 0.018681 -0.019052
    77 7.652452 1.954227 -2.880674 0.034288 0.011731 0.007773
    78 11.768707 0.000001 0.000004 0.242666 0.000000 0.000000
    79 5.884352 0.000001 0.000000 0.128617 0.000000 0.000000
    80 11.679197 0.000000 0.000008 0.000000 0.000000 -0.161657
    81 5.837997 -0.641044 0.525002 -0.049483 0.000000 0.000000
    82 5.625286 3.107059 -2.433369 0.110853 0.082458 -0.006869
    83 6.677644 4.114117 0.449763 -0.008964 0.010245 -0.007166
    84 7.673524 1.768635 2.985535 -0.031931 0.006501 0.012462
    85 4.902687 0.655644 -8.954903 0.081942 0.003890 0.000160
    86 2.649670 8.412623 -3.003099 -1.828871 -1.111184 1.884926
    87 2.538502 8.321048 3.447679 1.536390 -1.079904 -1.522285
  time 8
    0 -22.727657 1.202124 33.971664 1.549004 -0.018291 -0.192570
    1 3.806942 0.000000 0.000000 -1.106896 -0.427633 -1.116824
    2 19.263105 0.000000 0.000000 0.000000 0.000000 0.836207
    3 17.589100 0.000000 0.000000 -0.207762 0.629103 -0.921661
    4 6.240662 0.000000 0.000000 0.020463 -0.027685 -1.039427
    5 -3.806942 0.000000 0.000000 -0.675008 -0.227473 -2.354593
    6 19.263098 0.000000 0.000000 0.000000 0.000000 0.605796
    7 17.589096 0.000000 0.000000 0.421171 -0.234914 -1.375112
    8 6.240662 0.000000 0.000000 -0.112105 0.023869 -0.390539
    9 0.000000 4.246162 -0.018825 1.367170 -0.248278 1.611833
    10 4.195629 0.000000 0.000000 -0.177648 -0.031711 0.021180
    11 3.883152 0.000001 0.000000 -0.120545 -0.054300 0.173023
    12 5.989849 0.000002 0.000000 -0.088398 0.077085 0.572360
    13 5.620499 0.000002 0.000000 3.594505 -0.028752 0.144742
    14 4.684906 0.000002 0.000000 0.258612 0.055224 0.605955
    15 4.268658 1.531894 1.575000 -1.451053 -1.522038 -0.175243
    16 5.782729 -0.000008 0.000001 -1.522080 -0.888467 -1.123034
    17 11.452765 0.000001 -0.000004 0.007559 -0.051051 -1.775044
    18 10.945532 -0.000006 -0.000031 0.062788 -0.295396 0.178142
    19 3.147137 0.005676 -1.551344 0.025532 -0.101228 -0.750906
    20 1.585899 0.000000 0.000000 -0.132564 -0.211448 -0.566006
    21 0.849079 0.000000 0.000000 -0.054473 -0.175380 -0.302889
    22 3.471083 0.213272 -0.574067 0.123399 0.009636 -0.786270
    23 1.897537 -0.000008 0.000000 -0.098476 -0.176680 -0.512087
    24 1.014450 0.000004 0.000000 0.002415 0.009757 -0.242679
    25 3.750084 0.114773 0.430058 0.174783 0.047052 -0.472912
    26 2.258194 0.000000 0.000000 -0.121557 -0.078219 -1.001729
    27 1.210388 0.000008 0.000000 0.001897 0.012019 -0.156562
    28 3.868299 -0.166634 1.490139 0.187546 0.033955 -0.039240
    29 1.786062 0.000000 0.000000 0.048663 0.060670 -0.676682
    30 1.044445 -0.000004 0.000000 0.001277 0.038558 -0.401844
    31 1.121477 -1.351563 1.030997 1.693867 -0.344560 -0.124114
    32 1.928114 0.000000 -0.000004 -0.000001 -0.188118 0.059543
    33 1.285139 0.000000 0.000008 0.000000 -0.040646 0.196333
    34 4.268658 1.531896 -1.575000 -0.979494 1.174717 -2.600819
    35 5.782726 0.000000 0.000000 0.905581 0.735929 -0.987893
    36 11.452768 -0.000001 0.000000 0.012800 -0.010115 -1.661966
    37 10.945511 -0.000005 0.000015 -1.008411 0.089460 -0.474214
    38 3.147156 0.000069 1.551353 -0.323007 -0.149789 -1.078840
    39 1.585901 -0.000008 0.000000 -0.128601 0.004972 -1.609316
    40 0.849083 0.000004 0.000000 0.054471 0.175377 -0.910371
    41 3.471104 0.211185 0.574834 -0.338321 -0.158810 -1.076422
    42 1.897535 0.000000 0.000000 0.047211 0.006507 -1.433956
    43 1.014454 0.000000 0.000000 -0.002415 -0.009753 -0.901516
    44 3.750103 0.116325 -0.429640 -0.351987 -0.189781 -0.975692
    45 2.258196 0.000008 0.000000 0.066382 -0.000253 -1.574727
    46 1.210384 0.000004 0.000000 -0.001897 -0.012019 -0.834495
    47 3.868322 -0.161243 -1.490732 -0.188176 -0.087701 -0.204766
    48 1.786062 -0.000008 0.000000 -0.051327 -0.064037 -0.676424
    49 1.044445 0.000004 -0.000001 -0.001277 -0.038560 -0.033101
    50 1.121500 -1.347832 -1.035882 -1.801951 0.200199 -0.546469
    51 1.928120 -0.000001 0.000000 0.000000 -0.225049 -0.494082
    52 1.285143 0.000000 0.000000 -0.000002 0.040642 -0.404246
    53 7.023272 -6.880002 4.339547 2.620672 -1.456011 -1.105365
    54 3.813803 -3.870654 0.998558 1.570796 -1.069638 0.199892
    55 0.000000 -0.000007 -0.000031 1.373047 0.113574 0.124314
    56 0.000000 -0.000007 -0.000034 1.373047 0.113574 0.124314
    57 2.980469 -1.569336 -0.888184 -1.501135 -0.273312 -1.578260
    58 2.000008 -3.000000 0.000000 -1.570796 0.000000 -1.326450
    59 3.175781 -1.395508 0.126343 1.500597 -0.354914 1.381041
    60 0.000004 0.000000 10.000004 0.000000 0.000000 0.000000
    61 0.018898 0.665158 9.395884 0.000000 0.000000 0.000000
    62 3.028212 -0.923409 -2.009451 1.574082 -0.012974 1.587244
    63 0.116951 4.311603 0.061861 0.000010 0.000000 0.000000
    64 0.000000 0.000000 0.000000 0.000000 0.000000 0.000000
    65 0.000000 1.000000 0.000008 0.000000 0.000000 0.000000
    66 0.000000 0.000000 0.000000 0.000000 0.000000 0.000000
    67 0.000000 0.000000 0.000000 0.000000 0.000000 0.000000
    68 0.000000 0.000000 0.000000 0.000000 0.000000 0.000000
    69 19.253853 0.000000 -0.000001 0.000000 0.000000 0.025253
    70 19.253841 0.000000 0.000000 0.000000 0.000000 0.025250
    71 5.884354 0.000000 0.000004 -0.126310 0.000000 0.000000
    72 11.768705 -0.000001 0.000000 -0.238428 0.000000 0.000000
    73 11.679201 0.000000 -0.000004 0.000000 0.000000 -0.161658
    74 5.837998 -0.735000 -0.525002 0.000000 0.000000 0.000000
    75 5.825531 2.661388 2.409388 -0.001945 -0.016320 -0.024506
    76 6.752561 4.039024 -0.341453 0.001435 0.018681 -0.019052
    77 7.652452 1.954227 -2.880674 0.034288 0.011731 0.007773
    78 11.768707 0.000001 0.000004 0.242666 0.000000 0.000000
    79 5.884352 0.000001 0.000000 0.128617 0.000000 0.000000
    80 11.679197 0.000000 0.000008 0.000000 0.000000 -0.161657
    81 5.837997 -0.641044 0.525002 -0.049483 0.000000 0.000000
    82 5.625286 3.107059 -2.433369 0.110853 0.082458 -0.006869
    83 6.677644 4.114117 0.449763 -0.008964 0.010245 -0.007166
    84 7.673524 1.768635 2.985535 -0.031931 0.006501 0.012462
    85 4.902687 0.655644 -8.954903 0.081942 0.003890 0.000160
    86 2.649670 8.412623 -3.003099 -1.828871 -1.111184 1.884926
    87 2.538502 8.321048 3.447679 1.536390 -1.079904 -1.522285
  time 9
    0 -25.850314 1.425775 33.827128 1.534007 -0.017864 -0.195442
    1 3.806942 0.000000 0.000000 -1.104942 -0.513293 -1.149865
    2 19.263105 0.000000 0.000000 0.000000 0.000000 0.987877
    3 17.589100 0.000000 0.000000 0.071532 0.702000 -0.428591
    4 6.240662 0.000000 0.000000 0.020475 -0.027709 -0.833889
    5 -3.806942 0.000000 0.000000 -0.739738 -0.275473 -2.343097
    6 19.263098 0.000000 0.000000 0.000000 0.000000 0.767181
    7 17.589096 0.000000 0.000000 0.378808 -0.216701 -1.337164
    8 6.240662 0.000000 0.000000 -0.112093 0.023881 -0.332281
    9 0.000000 4.246162 -0.018825 1.373236 -0.261724 1.613627
    10 4.195629 0.000000 0.000000 -0.179014 -0.032263 0.026029
    11 3.883152 0.000001 0.000000 -0.122592 -0.056072 0.172994
    12 5.989849 0.000002 0.000000 -0.092845 0.072902 0.570593
    13 5.620499 0.000002 0.000000 3.594062 -0.024653 0.147365
    14 4.684906 0.000002 0.000000 0.256758 0.052827 0.602549
    15 4.268658 1.531894 1.575000 -1.465330 -1.523921 -0.150355
    16 5.782729 -0.000008 0.000001 -1.551656 -0.888180 -1.081186
    17 11.452765 0.000001 -0.000004 0.007023 -0.054281 -1.777833
    18 10.945532 -0.000006 -0.000031 0.036717 -0.308721 0.183422
    19 3.147137 0.005676 -1.551344 0.025532 -0.101228 -0.750906
    20 1.585899 0.000000 0.000000 -0.132564 -0.211448 -0.566006
    21 0.849079 0.000000 0.000000 -0.054473 -0.175380 -0.302889
    22 3.471083 0.213272 -0.574067 0.123399 0.009636 -0.786270
    23 1.897537 -0.000008 0.000000 -0.098476 -0.176680 -0.512087
    24 1.014450 0.000004 0.000000 0.002415 0.009757 -0.242679
    25 3.750084 0.114773 0.430058 0.174783 0.047052 -0.472912
    26 2.258194 0.000000 0.000000 -0.121557 -0.078219 -1.001729
    27 1.210388 0.000008 0.000000 0.001897 0.012019 -0.156562
    28 3.868299 -0.166634 1.490139 0.187546 0.033955 -0.039240
    29 1.786062 0.000000 0.000000 0.048663 0.060670 -0.676682
    30 1.044445 -0.000004 0.000000 0.001277 0.038558 -0.401844
    31 1.121477 -1.351563 1.030997 1.693867 -0.344560 -0.124114
    32 1.928114 0.000000 -0.000004 -0.000001 -0.188118 0.059543
    33 1.285139 0.000000 0.000008 0.000000 -0.040646 0.196333
    34 4.268658 1.531896 -1.575000 -0.992260 1.172857 -2.606686
    35 5.782726 0.000000 0.000000 0.906886 0.749443 -0.989041
    36 11.452768 -0.000001 0.000000 0.005753 -0.010331 -1.661717
    37 10.945511 -0.000005 0.000015 -1.001885 0.080615 -0.460615
    38 3.147156 0.000069 1.551353 -0.323007 -0.149789 -1.078840
    39 1.585901 -0.000008 0.000000 -0.128601 0.004972 -1.609316
    40 0.849083 0.000004 0.000000 0.054471 0.175377 -0.910371
    41 3.471104 0.211185 0.574834 -0.338333 -0.158810 -1.076422
    42 1.897535 0.000000 0.000000 0.047211 0.006507 -1.433956
    43 1.014454 0.000000 0.000000 -0.002415 -0.009753 -0.901516
    44 3.750103 0.116325 -0.429640 -0.351987 -0.189781 -0.975692
    45 2.258196 0.000008 0.000000 0.066382 -0.000253 -1.574727
    46 1.210384 0.000004 0.000000 -0.001897 -0.012019 -0.834495
    47 3.868322 -0.161243 -1.490732 -0.188176 -0.087701 -0.204766
    48 1.786062 -0.000008 0.000000 -0.051327 -0.064037 -0.676424
    49 1.044445 0.000004 -0.000001 -0.001277 -0.038560 -0.033101
    50 1.121500 -1.347832 -1.035882 -1.801951 0.200199 -0.546469
    51 1.928120 -0.000001 0.000000 0.000000 -0.225049 -0.494082
    52 1.285143 0.000000 0.000000 -0.000002 0.040642 -0.404246
    53 7.023272 -6.880002 4.339547 2.620672 -1.456011 -1.105365
    54 3.813803 -3.870654 0.998558 1.570796 -1.069638 0.199892
    55 0.000000 -0.000007 -0.000031 1.373047 0.113574 0.124314
    56 0.000000 -0.000007 -0.000034 1.373047 0.113574 0.124314
    57 2.980469 -1.569336 -0.888184 -1.501135 -0.273312 -1.578260
    58 2.000008 -3.000000 0.000000 -1.570796 0.000000 -1.326450
    59 3.175781 -1.395508 0.126343 1.500597 -0.354914 1.381041
    60 0.000004 0.000000 10.000004 0.000000 0.000000 0.000000
    61 0.018898 0.665158 9.395884 0.000000 0.000000 0.000000
    62 3.028212 -0.923409 -2.009451 1.574082 -0.012974 1.587244
    63 0.116951 4.311603 0.061861 0.000010 0.000000 0.000000
    64 0.000000 0.000000 0.000000 0.000000 0.000000 0.000000
    65 0.000000 1.000000 0.000008 0.000000 0.000000 0.000000
    66 0.000000 0.000000 0.000000 0.000000 0.000000 0.000000
    67 0.000000 0.000000 0.000000 0.000000 0.000000 0.000000
    68 0.000000 0.000000 0.000000 0.000000 0.000000 0.000000
    69 19.253853 0.000000 -0.000001 0.000000 0.000000 0.025253
    70 19.253841 0.000000 0.000000 0.000000 0.000000 0.025250
    71 5.884354 0.000000 0.000004 -0.126310 0.000000 0.000000
    72 11.768705 -0.000001 0.000000 -0.238428 0.000000 0.000000
    73 11.679201 0.000000 -0.000004 0.000000 0.000000 -0.161658
    74 5.837998 -0.735000 -0.525002 0.000000 0.000000 0.000000
    75 5.825531 2.661388 2.409388 -0.001945 -0.016320 -0.024506
    76 6.752561 4.039024 -0.341453 0.001435 0.018681 -0.019052
    77 7.652452 1.954227 -2.880674 0.034288 0.011731 0.007773
    78 11.768707 0.000001 0.000004 0.242666 0.000000 0.000000
    79 5.884352 0.000001 0.000000 0.128617 0.000000 0.000000
    80 11.679197 0.000000 0.000008 0.000000 0.000000 -0.161657
    81 5.837997 -0.641044 0.525002 -0.049483 0.000000 0.000000
    82 5.625286 3.107059 -2.433369 0.110853 0.082458 -0.006869
    83 6.677644 4.114117 0.449763 -0.008964 0.010245 -0.007166
    84 7.673524 1.768635 2.985535 -0.031931 0.006501 0.012462
    85 4.902687 0.655644 -8.954903 0.081942 0.003890 0.000160
    86 2.649670 8.412623 -3.003099 -1.828871 -1.111184 1.884926
    87 2.538502 8.321048 3.447679 1.536390 -1.079904 -1.522285
  time 10
    0 -28.808904 1.556238 33.920881 1.526708 -0.015172 -0.201282
    1 3.806942 0.000000 0.000000 -1.119681 -0.612378 -1.196915
    2 19.263105 0.000000 0.000000 0.000000 0.000000 1.155236
    3 17.589100 0.000000 0.000000 0.245468 0.693699 -0.284430
    4 6.240662 0.000000 0.000000 0.020463 -0.027733 -0.462578
    5 -3.806942 0.000000 0.000000 -0.808047 -0.326443 -2.294802
    6 19.263098 0.000000 0.000000 0.000000 0.000000 0.900898
    7 17.589096 0.000000 0.000000 0.349212 -0.155509 -1.394606
    8 6.240662 0.000000 0.000000 -0.112093 0.023881 -0.310523
    9 0.000000 4.246162 -0.018825 1.380080 -0.269443 1.615998
    10 4.195629 0.000000 0.000000 -0.178546 -0.032754 0.029485
    11 3.883152 0.000001 0.000000 -0.124982 -0.057249 0.172750
    12 5.989849 0.000002 0.000000 -0.097111 0.072279 0.567778
    13 5.620499 0.000002 0.000000 3.593740 -0.021454 0.148188
    14 4.684906 0.000002 0.000000 0.255337 0.051317 0.600698
    15 4.268658 1.531894 1.575000 -1.415794 -1.522509 -0.194675
    16 5.782729 -0.000008 0.000001 -1.563315 -0.886423 -1.081003
    17 11.452765 0.000001 -0.000004 0.003190 -0.055167 -1.777263
    18 10.945532 -0.000006 -0.000031 0.032572 -0.306100 0.180766
    19 3.147137 0.005676 -1.551344 0.025532 -0.101228 -0.750906
    20 1.585899 0.000000 0.000000 -0.132564 -0.211448 -0.566006
    21 0.849079 0.000000 0.000000 -0.054473 -0.175380 -0.302889
    22 3.471083 0.213272 -0.574067 0.123399 0.009636 -0.786270
    23 1.897537 -0.000008 0.000000 -0.098476 -0.176680 -0.512087
    24 1.014450 0.000004 0.000000 0.002415 0.009757 -0.242679
    25 3.750084 0.114773 0.430058 0.174783 0.047052 -0.472912
    26 2.258194 0.000000 0.000000 -0.121557 -0.078219 -1.001729
    27 1.210388 0.000008 0.000000 0.001897 0.012019 -0.156562
    28 3.868299 -0.166634 1.490139 0.187546 0.033955 -0.039240
    29 1.786062 0.000000 0.000000 0.048663 0.060670 -0.676682
    30 1.044445 -0.000004 0.000000 0.001277 0.038558 -0.401844
    31 1.121477 -1.351563 1.030997 1.693867 -0.344560 -0.124114
    32 1.928114 0.000000 -0.000004 -0.000001 -0.188118 0.059543
    33 1.285139 0.000000 0.000008 0.000000 -0.040646 0.196333
    34 4.268658 1.531896 -1.575000 -1.008997 1.169104 -2.618978
    35 5.782726 0.000000 0.000000 0.908625 0.761102 -0.979043
    36 11.452768 -0.000001 0.000000 0.001127 -0.009252 -1.666261
    37 10.945511 -0.000005 0.000015 -0.995156 0.078316 -0.443689
    38 3.147156 0.000069 1.551353 -0.323007 -0.149789 -1.078840
    39 1.585901 -0.000008 0.000000 -0.128601 0.004972 -1.609316
    40 0.849083 0.000004 0.000000 0.054471 0.175377 -0.910371
    41 3.471104 0.211185 0.574834 -0.338321 -0.158810 -1.076422
    42 1.897535 0.000000 0.000000 0.047211 0.006507 -1.433956
    43 1.014454 0.000000 0.000000 -0.002415 -0.009753 -0.901516
    44 3.750103 0.116325 -0.429640 -0.351987 -0.189781 -0.975692
    45 2.258196 0.000008 0.000000 0.066382 -0.000241 -1.574727
    46 1.210384 0.000004 0.000000 -0.001897 -0.012019 -0.834495
    47 3.868322 -0.161243 -1.490732 -0.188176 -0.087701 -0.204766
    48 1.786062 -0.000008 0.000000 -0.051327 -0.064037 -0.676424
    49 1.044445 0.000004 -0.000001 -0.001277 -0.038560 -0.033101
    50 1.121500 -1.347832 -1.035882 -1.801951 0.200199 -0.546469
    51 1.928120 -0.000001 0.000000 0.000000 -0.225049 -0.494082
    52 1.285143 0.000000 0.000000 -0.000002 0.040642 -0.404246
    53 7.023272 -6.880002 4.339547 2.620672 -1.456011 -1.105365
    54 3.813803 -3.870654 0.998558 1.570796 -1.069638 0.199892
    55 0.000000 -0.000007 -0.000031 1.373047 0.113574 0.124314
    56 0.000000 -0.000007 -0.000034 1.373047 0.113574 0.124314
    57 2.980469 -1.569336 -0.888184 -1.501135 -0.273312 -1.578260
    58 2.000008 -3.000000 0.000000 -1.570796 0.000000 -1.326450
    59 3.175781 -1.395508 0.126343 1.500597 -0.354914 1.381041
    60 0.000004 0.000000 10.000004 0.000000 0.000000 0.000000
    61 0.018898 0.665158 9.395884 0.000000 0.000000 0.000000
    62 3.028212 -0.923409 -2.009451 1.574082 -0.012974 1.587244
    63 0.116951 4.311603 0.061861 0.000010 0.000000 0.000000
    64 0.000000 0.000000 0.000000 0.000000 0.000000 0.000000
    65 0.000000 1.000000 0.000008 0.000000 0.000000 0.000000
    66 0.000000 0.000000 0.000000 0.000000 0.000000 0.000000
    67 0.000000 0.000000 0.000000 0.000000 0.000000 0.000000
    68 0.000000 0.000000 0.000000 0.000000 0.000000 0.000000
    69 19.253853 0.000000 -0.000001 0.000000 0.000000 0.025253
    70 19.253841 0.000000 0.000000 0.000000 0.000000 0.025250
    71 5.884354 0.000000 0.000004 -0.126310 0.000000 0.000000
    72 11.768705 -0.000001 0.000000 -0.238428 0.000000 0.000000
    73 11.679201 0.000000 -0.000004 0.000000 0.000000 -0.161658
    74 5.837998 -0.735000 -0.525002 0.000000 0.000000 0.000000
    75 5.825531 2.661388 2.409388 -0.001945 -0.016320 -0.024506
    76 6.752561 4.039024 -0.341453 0.001435 0.018681 -0.019052
    77 7.652452 1.954227 -2.880674 0.034288 0.011731 0.007773
    78 11.768707 0.000001 0.000004 0.242666 0.000000 0.000000
    79 5.884352 0.000001 0.000000 0.128617 0.000000 0.000000
    80 11.679197 0.000000 0.000008 0.000000 0.000000 -0.161657
    81 5.837997 -0.641044 0.525002 -0.049483 0.000000 0.000000
    82 5.625286 3.107059 -2.433369 0.110853 0.082458 -0.006869
    83 6.677644 4.114117 0.449763 -0.008964 0.010245 -0.007166
    84 7.673524 1.768635 2.985535 -0.031931 0.006501 0.012462
    85 4.902687 0.655644 -8.954903 0.081942 0.003890 0.000160
    86 2.649670 8.412623 -3.003099 -1.828871 -1.111184 1.884926
    87 2.538502 8.321048 3.447679 1.536390 -1.079904 -1.522285
  time 11
    0 -31.439359 1.584195 34.166983 1.542334 -0.015007 -0.212579
    1 3.806942 0.000000 0.000000 -1.178969 -0.729913 -1.252815
    2 19.263105 0.000000 0.000000 0.000000 0.000000 1.321553
    3 17.589100 0.000000 0.000000 0.248637 0.667811 -0.462404
    4 6.240662 0.000000 0.000000 0.020475 -0.027733 -0.479918
    5 -3.806942 0.000000 0.000000 -0.865324 -0.380203 -2.227847
    6 19.263098 0.000000 0.000000 0.000000 0.000000 0.985282
    7 17.589096 0.000000 0.000000 0.324480 -0.082563 -1.475798
    8 6.240662 0.000000 0.000000 -0.112105 0.023881 -0.365548
    9 0.000000 4.246162 -0.018825 1.391901 -0.265411 1.613706
    10 4.195629 0.000000 0.000000 -0.177132 -0.032874 0.025805
    11 3.883152 0.000001 0.000000 -0.127555 -0.056592 0.169516
    12 5.989849 0.000002 0.000000 -0.100467 0.075647 0.563184
    13 5.620499 0.000002 0.000000 3.594364 -0.019564 0.146822
    14 4.684906 0.000002 0.000000 0.255317 0.050334 0.601833
    15 4.268658 1.531894 1.575000 -1.364629 -1.526672 -0.235932
    16 5.782729 -0.000008 0.000001 -1.568088 -0.894312 -1.082894
    17 11.452765 0.000001 -0.000004 0.000295 -0.057180 -1.774410
    18 10.945532 -0.000006 -0.000031 0.036237 -0.300274 0.178590
    19 3.147137 0.005676 -1.551344 0.025532 -0.101228 -0.750906
    20 1.585899 0.000000 0.000000 -0.132564 -0.211448 -0.566006
    21 0.849079 0.000000 0.000000 -0.054473 -0.175380 -0.302889
    22 3.471083 0.213272 -0.574067 0.123399 0.009636 -0.786270
    23 1.897537 -0.000008 0.000000 -0.098476 -0.176680 -0.512087
    24 1.014450 0.000004 0.000000 0.002415 0.009757 -0.242679
    25 3.750084 0.114773 0.430058 0.174783 0.047052 -0.472912
    26 2.258194 0.000000 0.000000 -0.121557 -0.078219 -1.001729
    27 1.210388 0.000008 0.000000 0.001897 0.012019 -0.156562
    28 3.868299 -0.166634 1.490139 0.187546 0.033955 -0.039240
    29 1.786062 0.000000 0.000000 0.048663 0.060670 -0.676682
    30 1.044445 -0.000004 0.000000 0.001277 0.038558 -0.401844
    31 1.121477 -1.351563 1.030997 1.693867 -0.344560 -0.124114
    32 1.928114 0.000000 -0.000004 -0.000001 -0.188118 0.059543
    33 1.285139 0.000000 0.000008 0.000000 -0.040646 0.196333
    34 4.268658 1.531896 -1.575000 -1.016846 1.168675 -2.623541
    35 5.782726 0.000000 0.000000 0.910625 0.769750 -0.963032
    36 11.452768 -0.000001 0.000000 -0.000204 -0.007826 -1.670556
    37 10.945511 -0.000005 0.000015 -0.989303 0.086861 -0.433513
    38 3.147156 0.000069 1.551353 -0.323007 -0.149789 -1.078840
    39 1.585901 -0.000008 0.000000 -0.128601 0.004972 -1.609316
    40 0.849083 0.000004 0.000000 0.054471 0.175377 -0.910371
    41 3.471104 0.211185 0.574834 -0.338321 -0.158810 -1.076422
    42 1.897535 0.000000 0.000000 0.047211 0.006507 -1.433956
    43 1.014454 0.000000 0.000000 -0.002415 -0.009753 -0.901516
    44 3.750103 0.116325 -0.429640 -0.351987 -0.189781 -0.975692
    45 2.258196 0.000008 0.000000 0.066382 -0.000253 -1.574727
    46 1.210384 0.000004 0.000000 -0.001897 -0.012019 -0.834495
    47 3.868322 -0.161243 -1.490732 -0.188176 -0.087701 -0.204766
    48 1.786062 -0.000008 0.000000 -0.051327 -0.064037 -0.676424
    49 1.044445 0.000004 -0.000001 -0.001277 -0.038560 -0.033101
    50 1.121500 -1.347832 -1.035882 -1.801951 0.200199 -0.546469
    51 1.928120 -0.000001 0.000000 0.000000 -0.225049 -0.494082
    52 1.285143 0.000000 0.000000 -0.000002 0.040642 -0.404246
    53 7.023272 -6.880002 4.339547 2.620672 -1.456011 -1.105365
    54 3.813803 -3.870654 0.998558 1.570796 -1.069638 0.199892
    55 0.000000 -0.000007 -0.000031 1.373047 0.113574 0.124314
    56 0.000000 -0.000007 -0.000034 1.373047 0.113574 0.124314
    57 2.980469 -1.569336 -0.888184 -1.501135 -0.273312 -1.578260
    58 2.000008 -3.000000 0.000000 -1.570796 0.000000 -1.326450
    59 3.175781 -1.395508 0.126343 1.500597 -0.354914 1.381041
    60 0.000004 0.000000 10.000004 0.000000 0.000000 0.000000
    61 0.018898 0.665158 9.395884 0.000000 0.000000 0.000000
    62 3.028212 -0.923409 -2.009451 1.574082 -0.012974 1.587244
    63 0.116951 4.311603 0.061861 0.000010 0.000000 0.000000
    64 0.000000 0.000000 0.000000 0.000000 0.000000 0.000000
    65 0.000000 1.000000 0.000008 0.000000 0.000000 0.000000
    66 0.000000 0.000000 0.000000 0.000000 0.000000 0.000000
    67 0.000000 0.000000 0.000000 0.000000 0.000000 0.000000
    68 0.000000 0.000000 0.000000 0.000000 0.000000 0.000000
    69 19.253853 0.000000 -0.000001 0.000000 0.000000 0.025253
    70 19.253841 0.000000 0.000000 0.000000 0.000000 0.025250
    71 5.884354 0.000000 0.000004 -0.126310 0.000000 0.000000
    72 11.768705 -0.000001 0.000000 -0.238428 0.000000 0.000000
    73 11.679201 0.000000 -0.000004 0.000000 0.000000 -0.161658
    74 5.837998 -0.735000 -0.525002 0.000000 0.000000 0.000000
    75 5.825531 2.661388 2.409388 -0.001945 -0.016320 -0.024506
    76 6.752561 4.039024 -0.341453 0.001435 0.018681 -0.019052
    77 7.652452 1.954227 -2.880674 0.034288 0.011731 0.007773
    78 11.768707 0.000001 0.000004 0.242666 0.000000 0.000000
    79 5.884352 0.000001 0.000000 0.128617 0.000000 0.000000
    80 11.679197 0.000000 0.000008 0.000000 0.000000 -0.161657
    81 5.837997 -0.641044 0.525002 -0.049483 0.000000 0.000000
    82 5.625286 3.107059 -2.433369 0.110853 0.082458 -0.006869
    83 6.677644 4.114117 0.449763 -0.008964 0.010245 -0.007166
    84 7.673524 1.768635 2.985535 -0.031931 0.006501 0.012462
    85 4.902687 0.655644 -8.954903 0.081942 0.003890 0.000160
    86 2.649670 8.412623 -3.003099 -1.828871 -1.111184 1.884926
    87 2.538502 8.321048 3.447679 1.536390 -1.079904 -1.522285
  time 12
    0 -33.827619 1.574876 34.479492 1.564588 -0.012577 -0.229333
    1 3.806942 0.000000 0.000000 -1.263994 -0.824984 -1.317875
    2 19.263105 0.000000 0.000000 0.000000 0.000000 1.438853
    3 17.589100 0.000000 0.000000 0.127264 0.524076 -0.735172
    4 6.240662 0.000000 0.000000 0.020475 -0.027733 -0.488878
    5 -3.806942 0.000000 0.000000 -0.915735 -0.423676 -2.149396
    6 19.263098 0.000000 0.000000 0.000000 0.000000 1.030475
    7 17.589096 0.000000 0.000000 0.308624 -0.024005 -1.539276
    8 6.240662 0.000000 0.000000 -0.112105 0.023869 -0.397831
    9 0.000000 4.246162 -0.018825 1.409692 -0.255516 1.609567
    10 4.195629 0.000000 0.000000 -0.175658 -0.033509 0.020795
    11 3.883152 0.000001 0.000000 -0.129712 -0.055889 0.165835
    12 5.989849 0.000002 0.000000 -0.102432 0.083485 0.556507
    13 5.620499 0.000002 0.000000 3.597404 -0.016806 0.149927
    14 4.684906 0.000002 0.000000 0.255850 0.050622 0.599370
    15 4.268658 1.531894 1.575000 -1.331094 -1.534962 -0.263500
    16 5.782729 -0.000008 0.000001 -1.572000 -0.903922 -1.071303
    17 11.452765 0.000001 -0.000004 -0.000402 -0.061146 -1.769021
    18 10.945532 -0.000006 -0.000031 0.036056 -0.295286 0.182814
    19 3.147137 0.005676 -1.551344 0.025532 -0.101228 -0.750906
    20 1.585899 0.000000 0.000000 -0.132564 -0.211448 -0.566006
    21 0.849079 0.000000 0.000000 -0.054473 -0.175380 -0.302889
    22 3.471083 0.213272 -0.574067 0.123399 0.009636 -0.786270
    23 1.897537 -0.000008 0.000000 -0.098476 -0.176680 -0.512087
    24 1.014450 0.000004 0.000000 0.002415 0.009757 -0.242679
    25 3.750084 0.114773 0.430058 0.174783 0.047052 -0.472912
    26 2.258194 0.000000 0.000000 -0.121557 -0.078219 -1.001729
    27 1.210388 0.000008 0.000000 0.001897 0.012019 -0.156562
    28 3.868299 -0.166634 1.490139 0.187546 0.033955 -0.039240
    29 1.786062 0.000000 0.000000 0.048663 0.060670 -0.676682
    30 1.044445 -0.000004 0.000000 0.001277 0.038558 -0.401844
    31 1.121477 -1.351563 1.030997 1.693867 -0.344560 -0.124114
    32 1.928114 0.000000 -0.000004 -0.000001 -0.188118 0.059543
    33 1.285139 0.000000 0.000008 0.000000 -0.040646 0.196333
    34 4.268658 1.531896 -1.575000 -1.013064 1.172750 -2.614322
    35 5.782726 0.000000 0.000000 0.907494 0.780673 -0.954722
    36 11.452768 -0.000001 0.000000 0.003272 -0.006615 -1.669435
    37 10.945511 -0.000005 0.000015 -0.986073 0.102103 -0.429947
    38 3.147156 0.000069 1.551353 -0.323007 -0.149789 -1.078840
    39 1.585901 -0.000008 0.000000 -0.128601 0.004972 -1.609316
    40 0.849083 0.000004 0.000000 0.054471 0.175377 -0.910371
    41 3.471104 0.211185 0.574834 -0.338321 -0.158810 -1.076422
    42 1.897535 0.000000 0.000000 0.047211 0.006507 -1.433956
    43 1.014454 0.000000 0.000000 -0.002415 -0.009753 -0.901516
    44 3.750103 0.116325 -0.429640 -0.351987 -0.189781 -0.975692
    45 2.258196 0.000008 0.000000 0.066382 -0.000241 -1.574727
    46 1.210384 0.000004 0.000000 -0.001897 -0.012019 -0.834495
    47 3.868322 -0.161243 -1.490732 -0.188176 -0.087701 -0.204766
    48 1.786062 -0.000008 0.000000 -0.051327 -0.064037 -0.676424
    49 1.044445 0.000004 -0.000001 -0.001277 -0.038560 -0.033101
    50 1.121500 -1.347832 -1.035882 -1.801951 0.200199 -0.546469
    51 1.928120 -0.000001 0.000000 0.000000 -0.225049 -0.494082
    52 1.285143 0.000000 0.000000 -0.000002 0.040642 -0.404246
    53 7.023272 -6.880002 4.339547 2.620672 -1.456011 -1.105365
    54 3.813803 -3.870654 0.998558 1.570796 -1.069638 0.199892
    55 0.000000 -0.000007 -0.000031 1.373047 0.113574 0.124314
    56 0.000000 -0.000007 -0.000034 1.373047 0.113574 0.124314
    57 2.980469 -1.569336 -0.888184 -1.501135 -0.273312 -1.578260
    58 2.000008 -3.000000 0.000000 -1.570796 0.000000 -1.326450
    59 3.175781 -1.395508 0.126343 1.500597 -0.354914 1.381041
    60 0.000004 0.000000 10.000004 0.000000 0.000000 0.000000
    61 0.018898 0.665158 9.395884 0.000000 0.000000 0.000000
    62 3.028212 -0.923409 -2.009451 1.574082 -0.012974 1.587244
    63 0.116951 4.311603 0.061861 0.000010 0.000000 0.000000
    64 0.000000 0.000000 0.000000 0.000000 0.000000 0.000000
    65 0.000000 1.000000 0.000008 0.000000 0.000000 0.000000
    66 0.000000 0.000000 0.000000 0.000000 0.000000 0.000000
    67 0.000000 0.000000 0.000000 0.000000 0.000000 0.000000
    68 0.000000 0.000000 0.000000 0.000000 0.000000 0.000000
    69 19.253853 0.000000 -0.000001 0.000000 0.000000 0.025253
    70 19.253841 0.000000 0.000000 0.000000 0.000000 0.025250
    71 5.884354 0.000000 0.000004 -0.126310 0.000000 0.000000
    72 11.768705 -0.000001 0.000000 -0.238428 0.000000 0.000000
    73 11.679201 0.000000 -0.000004 0.000000 0.000000 -0.161658
    74 5.837998 -0.735000 -0.525002 0.000000 0.000000 0.000000
    75 5.825531 2.661388 2.409388 -0.001945 -0.016320 -0.024506
    76 6.752561 4.039024 -0.341453 0.001435 0.018681 -0.019052
    77 7.652452 1.954227 -2.880674 0.034288 0.011731 0.007773
    78 11.768707 0.000001 0.000004 0.242666 0.000000 0.000000
    79 5.884352 0.000001 0.000000 0.128617 0.000000 0.000000
    80 11.679197 0.000000 0.000008 0.000000 0.000000 -0.161657
    81 5.837997 -0.641044 0.525002 -0.049483 0.000000 0.000000
    82 5.625286 3.107059 -2.433369 0.110853 0.082458 -0.006869
    83 6.677644 4.114117 0.449763 -0.008964 0.010245 -0.007166
    84 7.673524 1.768635 2.985535 -0.031931 0.006501 0.012462
    85 4.902687 0.655644 -8.954903 0.081942 0.003890 0.000160
    86 2.649670 8.412623 -3.003099 -1.828871 -1.111184 1.884926
    87 2.538502 8.321048 3.447679 1.536390 -1.079904 -1.522285
  time 13
    0 -36.235411 1.528282 34.807627 1.592441 -0.010180 -0.249342
    1 3.806942 0.000000 0.000000 -1.320379 -0.883291 -1.420825
    2 19.263105 0.000000 0.000000 0.000000 0.000000 1.480319
    3 17.589100 0.000000 0.000000 0.030293 0.351318 -0.987023
    4 6.240662 0.000000 0.000000 0.020475 -0.027733 -0.472925
    5 -3.806942 0.000000 0.000000 -0.970017 -0.464819 -2.060547
    6 19.263098 0.000000 0.000000 0.000000 0.000000 1.057246
    7 17.589096 0.000000 0.000000 0.297461 0.037829 -1.596323
    8 6.240662 0.000000 0.000000 -0.112105 0.023869 -0.404453
    9 0.000000 4.246162 -0.018825 1.430029 -0.237718 1.605572
    10 4.195629 0.000000 0.000000 -0.174771 -0.033928 0.013373
    11 3.883152 0.000001 0.000000 -0.131269 -0.054682 0.160215
    12 5.989849 0.000002 0.000000 -0.104781 0.089321 0.549666
    13 5.620499 0.000002 0.000000 3.597585 -0.020646 0.154508
    14 4.684906 0.000002 0.000000 0.257192 0.052000 0.595003
    15 4.268658 1.531894 1.575000 -1.152209 -1.549262 -0.438100
    16 5.782729 -0.000008 0.000001 -1.576460 -0.914070 -1.054344
    17 11.452765 0.000001 -0.000004 -0.002761 -0.067276 -1.757292
    18 10.945532 -0.000006 -0.000031 0.032512 -0.281888 0.181278
    19 3.147137 0.005676 -1.551344 0.025532 -0.101228 -0.750906
    20 1.585899 0.000000 0.000000 -0.132564 -0.211448 -0.566006
    21 0.849079 0.000000 0.000000 -0.054473 -0.175380 -0.302889
    22 3.471083 0.213272 -0.574067 0.123399 0.009636 -0.786270
    23 1.897537 -0.000008 0.000000 -0.098476 -0.176680 -0.512087
    24 1.014450 0.000004 0.000000 0.002415 0.009757 -0.242679
    25 3.750084 0.114773 0.430058 0.174783 0.047052 -0.472912
    26 2.258194 0.000000 0.000000 -0.121557 -0.078219 -1.001729
    27 1.210388 0.000008 0.000000 0.001897 0.012019 -0.156562
    28 3.868299 -0.166634 1.490139 0.187546 0.033955 -0.039240
    29 1.786062 0.000000 0.000000 0.048663 0.060670 -0.676682
    30 1.044445 -0.000004 0.000000 0.001277 0.038558 -0.401844
    31 1.121477 -1.351563 1.030997 1.693867 -0.344560 -0.124114
    32 1.928114 0.000000 -0.000004 -0.000001 -0.188118 0.059543
    33 1.285139 0.000000 0.000008 0.000000 -0.040646 0.196333
    34 4.268658 1.531896 -1.575000 -1.010889 1.173930 -2.601937
    35 5.782726 0.000000 0.000000 0.899234 0.793908 -0.953304
    36 11.452768 -0.000001 0.000000 0.010271 -0.004063 -1.667817
    37 10.945511 -0.000005 0.000015 -0.994753 0.114046 -0.421817
    38 3.147156 0.000069 1.551353 -0.323007 -0.149789 -1.078840
    39 1.585901 -0.000008 0.000000 -0.128601 0.004972 -1.609316
    40 0.849083 0.000004 0.000000 0.054471 0.175377 -0.910371
    41 3.471104 0.211185 0.574834 -0.338321 -0.158810 -1.076422
    42 1.897535 0.000000 0.000000 0.047211 0.006507 -1.433956
    43 1.014454 0.000000 0.000000 -0.002415 -0.009753 -0.901516
    44 3.750103 0.116325 -0.429640 -0.351987 -0.189781 -0.975692
    45 2.258196 0.000008 0.000000 0.066382 -0.000241 -1.574727
    46 1.210384 0.000004 0.000000 -0.001897 -0.012019 -0.834495
    47 3.868322 -0.161243 -1.490732 -0.188176 -0.087701 -0.204766
    48 1.786062 -0.000008 0.000000 -0.051327 -0.064037 -0.676424
    49 1.044445 0.000004 -0.000001 -0.001277 -0.038560 -0.033101
    50 1.121500 -1.347832 -1.035882 -1.801951 0.200199 -0.546469
    51 1.928120 -0.000001 0.000000 0.000000 -0.225049 -0.494082
    52 1.285143 0.000000 0.000000 -0.000002 0.040642 -0.404246
    53 7.023272 -6.880002 4.339547 2.620672 -1.456011 -1.105365
    54 3.813803 -3.870654 0.998558 1.570796 -1.069638 0.199892
    55 0.000000 -0.000007 -0.000031 1.373047 0.113574 0.124314
    56 0.000000 -0.000007 -0.000034 1.373047 0.113574 0.124314
    57 2.980469 -1.569336 -0.888184 -1.501135 -0.273312 -1.578260
    58 2.000008 -3.000000 0.000000 -1.570796 0.000000 -1.326450
    59 3.175781 -1.395508 0.126343 1.500597 -0.354914 1.381041
    60 0.000004 0.000000 10.000004 0.000000 0.000000 0.000000
    61 0.018898 0.665158 9.395884 0.000000 0.000000 0.000000
    62 3.028212 -0.923409 -2.009451 1.574082 -0.012974 1.587244
    63 0.116951 4.311603 0.061861 0.000010 0.000000 0.000000
    64 0.000000 0.000000 0.000000 0.000000 0.000000 0.000000
    65 0.000000 1.000000 0.000008 0.000000 0.000000 0.000000
    66 0.000000 0.000000 0.000000 0.000000 0.000000 0.000000
    67 0.000000 0.000000 0.000000 0.000000 0.000000 0.000000
    68 0.000000 0.000000 0.000000 0.000000 0.000000 0.000000
    69 19.253853 0.000000 -0.000001 0.000000 0.000000 0.025253
    70 19.253841 0.000000 0.000000 0.000000 0.000000 0.025250
    71 5.884354 0.000000 0.000004 -0.126310 0.000000 0.000000
    72 11.768705 -0.000001 0.000000 -0.238428 0.000000 0.000000
    73 11.679201 0.000000 -0.000004 0.000000 0.000000 -0.161658
    74 5.837998 -0.735000 -0.525002 0.000000 0.000000 0.000000
    75 5.825531 2.661388 2.409388 -0.001945 -0.016320 -0.024506
    76 6.752561 4.039024 -0.341453 0.001435 0.018681 -0.019052
    77 7.652452 1.954227 -2.880674 0.034288 0.011731 0.007773
    78 11.768707 0.000001 0.000004 0.242666 0.000000 0.000000
    79 5.884352 0.000001 0.000000 0.128617 0.000000 0.000000
    80 11.679197 0.000000 0.000008 0.000000 0.000000 -0.161657
    81 5.837997 -0.641044 0.525002 -0.049483 0.000000 0.000000
    82 5.625286 3.107059 -2.433369 0.110853 0.082458 -0.006869
    83 6.677644 4.114117 0.449763 -0.008964 0.010245 -0.007166
    84 7.673524 1.768635 2.985535 -0.031931 0.006501 0.012462
    85 4.902687 0.655644 -8.954903 0.081942 0.003890 0.000160
    86 2.649670 8.412623 -3.003099 -1.828871 -1.111184 1.884926
    87 2.538502 8.321048 3.447679 1.536390 -1.079904 -1.522285
  time 14
    0 -38.682266 1.463050 35.073260 1.618156 -0.007651 -0.272702
    1 3.806942 0.000000 0.000000 -1.287218 -0.905894 -1.594527
    2 19.263105 0.000000 0.000000 0.000000 0.000000 1.442108
    3 17.589100 0.000000 0.000000 -0.040439 0.219297 -1.174594
    4 6.240662 0.000000 0.000000 0.020475 -0.027733 -0.452723
    5 -3.806942 0.000000 0.000000 -1.027075 -0.497824 -1.965228
    6 19.263098 0.000000 0.000000 0.000000 0.000000 1.073253
    7 17.589096 0.000000 0.000000 0.272875 0.100235 -1.645552
    8 6.240662 0.000000 0.000000 -0.112105 0.023869 -0.411902
    9 0.000000 4.246162 -0.018825 1.453516 -0.220035 1.601524
    10 4.195629 0.000000 0.000000 -0.173477 -0.034647 0.005080
    11 3.883152 0.000001 0.000000 -0.132176 -0.053215 0.152955
    12 5.989849 0.000002 0.000000 -0.107646 0.093024 0.542712
    13 5.620499 0.000002 0.000000 3.599135 -0.023084 0.156480
    14 4.684906 0.000002 0.000000 0.260013 0.052707 0.591982
    15 4.268658 1.531894 1.575000 -0.647173 -1.552846 -0.940553
    16 5.782729 -0.000008 0.000001 -1.567618 -0.918911 -1.056296
    17 11.452765 0.000001 -0.000004 -0.004959 -0.069560 -1.745753
    18 10.945532 -0.000006 -0.000031 0.027707 -0.270966 0.172158
    19 3.147137 0.005676 -1.551344 0.025532 -0.101228 -0.750906
    20 1.585899 0.000000 0.000000 -0.132564 -0.211448 -0.566006
    21 0.849079 0.000000 0.000000 -0.054473 -0.175380 -0.302889
    22 3.471083 0.213272 -0.574067 0.123399 0.009636 -0.786270
    23 1.897537 -0.000008 0.000000 -0.098476 -0.176680 -0.512087
    24 1.014450 0.000004 0.000000 0.002415 0.009757 -0.242679
    25 3.750084 0.114773 0.430058 0.174783 0.047052 -0.472912
    26 2.258194 0.000000 0.000000 -0.121557 -0.078219 -1.001729
    27 1.210388 0.000008 0.000000 0.001897 0.012019 -0.156562
    28 3.868299 -0.166634 1.490139 0.187546 0.033955 -0.039240
    29 1.786062 0.000000 0.000000 0.048663 0.060670 -0.676682
    30 1.044445 -0.000004 0.000000 0.001277 0.038558 -0.401844
    31 1.121477 -1.351563 1.030997 1.693867 -0.344560 -0.124114
    32 1.928114 0.000000 -0.000004 -0.000001 -0.188118 0.059543
    33 1.285139 0.000000 0.000008 0.000000 -0.040646 0.196333
    34 4.268658 1.531896 -1.575000 -0.995380 1.174502 -2.582754
    35 5.782726 0.000000 0.000000 0.885408 0.794468 -0.960397
    36 11.452768 -0.000001 0.000000 0.016539 -0.003667 -1.668813
    37 10.945511 -0.000005 0.000015 -1.009017 0.122442 -0.415065
    38 3.147156 0.000069 1.551353 -0.323007 -0.149789 -1.078840
    39 1.585901 -0.000008 0.000000 -0.128601 0.004972 -1.609316
    40 0.849083 0.000004 0.000000 0.054471 0.175377 -0.910371
    41 3.471104 0.211185 0.574834 -0.338321 -0.158810 -1.076422
    42 1.897535 0.000000 0.000000 0.047211 0.006507 -1.433956
    43 1.014454 0.000000 0.000000 -0.002415 -0.009753 -0.901516
    44 3.750103 0.116325 -0.429640 -0.351987 -0.189781 -0.975692
    45 2.258196 0.000008 0.000000 0.066382 -0.000241 -1.574727
    46 1.210384 0.000004 0.000000 -0.001897 -0.012019 -0.834495
    47 3.868322 -0.161243 -1.490732 -0.188176 -0.087701 -0.204766
    48 1.786062 -0.000008 0.000000 -0.051327 -0.064037 -0.676424
    49 1.044445 0.000004 -0.000001 -0.001277 -0.038560 -0.033101
    50 1.121500 -1.347832 -1.035882 -1.801951 0.200199 -0.546469
    51 1.928120 -0.000001 0.000000 0.000000 -0.225049 -0.494082
    52 1.285143 0.000000 0.000000 -0.000002 0.040642 -0.404246
    53 7.023272 -6.880002 4.339547 2.620672 -1.456011 -1.105365
    54 3.813803 -3.870654 0.998558 1.570796 -1.069638 0.199892
    55 0.000000 -0.000007 -0.000031 1.373047 0.113574 0.124314
    56 0.000000 -0.000007 -0.000034 1.373047 0.113574 0.124314
    57 2.980469 -1.569336 -0.888184 -1.501135 -0.273312 -1.578260
    58 2.000008 -3.000000 0.000000 -1.570796 0.000000 -1.326450
    59 3.175781 -1.395508 0.126343 1.500597 -0.354914 1.381041
    60 0.000004 0.000000 10.000004 0.000000 0.000000 0.000000
    61 0.018898 0.665158 9.395884 0.000000 0.000000 0.000000
    62 3.028212 -0.923409 -2.009451 1.574082 -0.012974 1.587244
    63 0.116951 4.311603 0.061861 0.000010 0.000000 0.000000
    64 0.000000 0.000000 0.000000 0.000000 0.000000 0.000000
    65 0.000000 1.000000 0.000008 0.000000 0.000000 0.000000
    66 0.000000 0.000000 0.000000 0.000000 0.000000 0.000000
    67 0.000000 0.000000 0.000000 0.000000 0.000000 0.000000
    68 0.000000 0.000000 0.000000 0.000000 0.000000 0.000000
    69 19.253853 0.000000 -0.000001 0.000000 0.000000 0.025253
    70 19.253841 0.000000 0.000000 0.000000 0.000000 0.025250
    71 5.884354 0.000000 0.000004 -0.126310 0.000000 0.000000
    72 11.768705 -0.000001 0.000000 -0.238428 0.000000 0.000000
    73 11.679201 0.000000 -0.000004 0.000000 0.000000 -0.161658
    74 5.837998 -0.735000 -0.525002 0.000000 0.000000 0.000000
    75 5.825531 2.661388 2.409388 -0.001945 -0.016320 -0.024506
    76 6.752561 4.039024 -0.341453 0.001435 0.018681 -0.019052
    77 7.652452 1.954227 -2.880674 0.034288 0.011731 0.007773
    78 11.768707 0.000001 0.000004 0.242666 0.000000 0.000000
    79 5.884352 0.000001 0.000000 0.128617 0.000000 0.000000
    80 11.679197 0.000000 0.000008 0.000000 0.000000 -0.161657
    81 5.837997 -0.641044 0.525002 -0.049483 0.000000 0.000000
    82 5.625286 3.107059 -2.433369 0.110853 0.082458 -0.006869
    83 6.677644 4.114117 0.449763 -0.008964 0.010245 -0.007166
    84 7.673524 1.768635 2.985535 -0.031931 0.006501 0.012462
    85 4.902687 0.655644 -8.954903 0.081942 0.003890 0.000160
    86 2.649670 8.412623 -3.003099 -1.828871 -1.111184 1.884926
    87 2.538502 8.321048 3.447679 1.536390 -1.079904 -1.522285
  time 15
    0 -41.179905 1.379181 35.292017 1.634327 -0.005911 -0.300752
    1 3.806942 0.000000 0.000000 -1.172493 -0.880984 -1.809499
    2 19.263105 0.000000 0.000000 0.000000 0.000000 1.320772
    3 17.589100 0.000000 0.000000 -0.090509 0.112364 -1.299264
    4 6.240662 0.000000 0.000000 0.020475 -0.027733 -0.461307
    5 -3.806942 0.000000 0.000000 -1.081649 -0.510853 -1.866500
    6 19.263098 0.000000 0.000000 0.000000 0.000000 1.075185
    7 17.589096 0.000000 0.000000 0.226110 0.154944 -1.690032
    8 6.240662 0.000000 0.000000 -0.112105 0.023869 -0.413716
    9 0.000000 4.246162 -0.018825 1.480114 -0.207299 1.596822
    10 4.195629 0.000000 0.000000 -0.171392 -0.034312 -0.004803
    11 3.883152 0.000001 0.000000 -0.133095 -0.049640 0.146069
    12 5.989849 0.000002 0.000000 -0.111193 0.091682 0.538446
    13 5.620499 0.000002 0.000000 3.599880 -0.026848 0.161572
    14 4.684906 0.000002 0.000000 0.261849 0.053426 0.590288
    15 4.268658 1.531894 1.575000 -0.457461 -1.546402 -1.127023
    16 5.782729 -0.000008 0.000001 -1.538589 -0.908978 -1.080210
    17 11.452765 0.000001 -0.000004 -0.000080 -0.063956 -1.748099
    18 10.945532 -0.000006 -0.000031 0.026625 -0.280359 0.166589
    19 3.147137 0.005676 -1.551344 0.025532 -0.101228 -0.750906
    20 1.585899 0.000000 0.000000 -0.132564 -0.211448 -0.566006
    21 0.849079 0.000000 0.000000 -0.054473 -0.175380 -0.302889
    22 3.471083 0.213272 -0.574067 0.123399 0.009636 -0.786270
    23 1.897537 -0.000008 0.000000 -0.098476 -0.176680 -0.512087
    24 1.014450 0.000004 0.000000 0.002415 0.009757 -0.242679
    25 3.750084 0.114773 0.430058 0.174783 0.047052 -0.472912
    26 2.258194 0.000000 0.000000 -0.121557 -0.078219 -1.001729
    27 1.210388 0.000008 0.000000 0.001897 0.012019 -0.156562
    28 3.868299 -0.166634 1.490139 0.187546 0.033955 -0.039240
    29 1.786062 0.000000 0.000000 0.048663 0.060670 -0.676682
    30 1.044445 -0.000004 0.000000 0.001277 0.038558 -0.401844
    31 1.121477 -1.351563 1.030997 1.693867 -0.344560 -0.124114
    32 1.928114 0.000000 -0.000004 -0.000001 -0.188118 0.059543
    33 1.285139 0.000000 0.000008 0.000000 -0.040646 0.196333
    34 4.268658 1.531896 -1.575000 -0.973063 1.177648 -2.568227
    35 5.782726 0.000000 0.000000 0.879321 0.767894 -0.960802
    36 11.452768 -0.000001 0.000000 0.017617 -0.006675 -1.672610
    37 10.945511 -0.000005 0.000015 -1.012785 0.124241 -0.425335
    38 3.147156 0.000069 1.551353 -0.323007 -0.149789 -1.078840
    39 1.585901 -0.000008 0.000000 -0.128601 0.004972 -1.609316
    40 0.849083 0.000004 0.000000 0.054471 0.175377 -0.910371
    41 3.471104 0.211185 0.574834 -0.338321 -0.158810 -1.076422
    42 1.897535 0.000000 0.000000 0.047211 0.006507 -1.433956
    43 1.014454 0.000000 0.000000 -0.002415 -0.009753 -0.901516
    44 3.750103 0.116325 -0.429640 -0.351987 -0.189781 -0.975692
    45 2.258196 0.000008 0.000000 0.066382 -0.000241 -1.574727
    46 1.210384 0.000004 0.000000 -0.001897 -0.012019 -0.834495
    47 3.868322 -0.161243 -1.490732 -0.188176 -0.087701 -0.204766
    48 1.786062 -0.000008 0.000000 -0.051327 -0.064037 -0.676424
    49 1.044445 0.000004 -0.000001 -0.001277 -0.038560 -0.033101
    50 1.121500 -1.347832 -1.035882 -1.801951 0.200199 -0.546469
    51 1.928120 -0.000001 0.000000 0.000000 -0.225049 -0.494082
    52 1.285143 0.000000 0.000000 -0.000002 0.040642 -0.404246
    53 7.023272 -6.880002 4.339547 2.620672 -1.456011 -1.105365
    54 3.813803 -3.870654 0.998558 1.570796 -1.069638 0.199892
    55 0.000000 -0.000007 -0.000031 1.373047 0.113574 0.124314
    56 0.000000 -0.000007 -0.000034 1.373047 0.113574 0.124314
    57 2.980469 -1.569336 -0.888184 -1.501135 -0.273312 -1.578260
    58 2.000008 -3.000000 0.000000 -1.570796 0.000000 -1.326450
    59 3.175781 -1.395508 0.126343 1.500597 -0.354914 1.381041
    60 0.000004 0.000000 10.000004 0.000000 0.000000 0.000000
    61 0.018898 0.665158 9.395884 0.000000 0.000000 0.000000
    62 3.028212 -0.923409 -2.009451 1.574082 -0.012974 1.587244
    63 0.116951 4.311603 0.061861 0.000010 0.000000 0.000000
    64 0.000000 0.000000 0.000000 0.000000 0.000000 0.000000
    65 0.000000 1.000000 0.000008 0.000000 0.000000 0.000000
    66 0.000000 0.000000 0.000000 0.000000 0.000000 0.000000
    67 0.000000 0.000000 0.000000 0.000000 0.000000 0.000000
    68 0.000000 0.000000 0.000000 0.000000 0.000000 0.000000
    69 19.253853 0.000000 -0.000001 0.000000 0.000000 0.025253
    70 19.253841 0.000000 0.000000 0.000000 0.000000 0.025250
    71 5.884354 0.000000 0.000004 -0.126310 0.000000 0.000000
    72 11.768705 -0.000001 0.000000 -0.238428 0.000000 0.000000
    73 11.679201 0.000000 -0.000004 0.000000 0.000000 -0.161658
    74 5.837998 -0.735000 -0.525002 0.000000 0.000000 0.000000
    75 5.825531 2.661388 2.409388 -0.001945 -0.016320 -0.024506
    76 6.752561 4.039024 -0.341453 0.001435 0.018681 -0.019052
    77 7.652452 1.954227 -2.880674 0.034288 0.011731 0.007773
    78 11.768707 0.000001 0.000004 0.242666 0.000000 0.000000
    79 5.884352 0.000001 0.000000 0.128617 0.000000 0.000000
    80 11.679197 0.000000 0.000008 0.000000 0.000000 -0.161657
    81 5.837997 -0.641044 0.525002 -0.049483 0.000000 0.000000
    82 5.625286 3.107059 -2.433369 0.110853 0.082458 -0.006869
    83 6.677644 4.114117 0.449763 -0.008964 0.010245 -0.007166
    84 7.673524 1.768635 2.985535 -0.031931 0.006501 0.012462
    85 4.902687 0.655644 -8.954903 0.081942 0.003890 0.000160
    86 2.649670 8.412623 -3.003099 -1.828871 -1.111184 1.884926
    87 2.538502 8.321048 3.447679 1.536390 -1.079904 -1.522285
  time 16
    0 -43.775202 1.267356 35.444365 1.644437 -0.004762 -0.330718
    1 3.806942 0.000000 0.000000 -1.040797 -0.819633 -2.001523
    2 19.263105 0.000000 0.000000 0.000000 0.000000 1.131086
    3 17.589100 0.000000 0.000000 -0.079164 -0.002070 -1.365463
    4 6.240662 0.000000 0.000000 0.020475 -0.027733 -0.465960
    5 -3.806942 0.000000 0.000000 -1.131402 -0.506235 -1.767079
    6 19.263098 0.000000 0.000000 0.000000 0.000000 1.065939
    7 17.589096 0.000000 0.000000 0.167015 0.202505 -1.730306
    8 6.240662 0.000000 0.000000 -0.112105 0.023869 -0.414662
    9 0.000000 4.246162 -0.018825 1.506634 -0.198183 1.592120
    10 4.195629 0.000000 0.000000 -0.168084 -0.033329 -0.014513
    11 3.883152 0.000001 0.000000 -0.132457 -0.044690 0.138752
    12 5.989849 0.000002 0.000000 -0.113602 0.087488 0.536287
    13 5.620499 0.000002 0.000000 3.597605 -0.033857 0.171571
    14 4.684906 0.000002 0.000000 0.261434 0.055751 0.587371
    15 4.268658 1.531894 1.575000 -0.448262 -1.544121 -1.135064
    16 5.782729 -0.000008 0.000001 -1.512064 -0.877279 -1.104489
    17 11.452765 0.000001 -0.000004 0.008149 -0.053620 -1.764202
    18 10.945532 -0.000006 -0.000031 0.026445 -0.307629 0.165149
    19 3.147137 0.005676 -1.551344 0.025532 -0.101228 -0.750906
    20 1.585899 0.000000 0.000000 -0.132564 -0.211448 -0.566006
    21 0.849079 0.000000 0.000000 -0.054473 -0.175380 -0.302889
    22 3.471083 0.213272 -0.574067 0.123399 0.009636 -0.786270
    23 1.897537 -0.000008 0.000000 -0.098476 -0.176680 -0.512087
    24 1.014450 0.000004 0.000000 0.002415 0.009757 -0.242679
    25 3.750084 0.114773 0.430058 0.174783 0.047052 -0.472912
    26 2.258194 0.000000 0.000000 -0.121557 -0.078219 -1.001729
    27 1.210388 0.000008 0.000000 0.001897 0.012019 -0.156562
    28 3.868299 -0.166634 1.490139 0.187546 0.033955 -0.039240
    29 1.786062 0.000000 0.000000 0.048663 0.060670 -0.676682
    30 1.044445 -0.000004 0.000000 0.001277 0.038558 -0.401844
    31 1.121477 -1.351563 1.030997 1.693867 -0.344560 -0.124114
    32 1.928114 0.000000 -0.000004 -0.000001 -0.188118 0.059543
    33 1.285139 0.000000 0.000008 0.000000 -0.040646 0.196333
    34 4.268658 1.531896 -1.575000 -0.975238 1.177326 -2.577539
    35 5.782726 0.000000 0.000000 0.889321 0.734878 -0.941076
    36 11.452768 -0.000001 0.000000 0.009839 -0.007958 -1.677838
    37 10.945511 -0.000005 0.000015 -1.000472 0.110748 -0.440883
    38 3.147156 0.000069 1.551353 -0.323007 -0.149789 -1.078840
    39 1.585901 -0.000008 0.000000 -0.128601 0.004972 -1.609316
    40 0.849083 0.000004 0.000000 0.054471 0.175377 -0.910371
    41 3.471104 0.211185 0.574834 -0.338321 -0.158810 -1.076422
    42 1.897535 0.000000 0.000000 0.047211 0.006507 -1.433956
    43 1.014454 0.000000 0.000000 -0.002415 -0.009753 -0.901516
    44 3.750103 0.116325 -0.429640 -0.351987 -0.189781 -0.975692
    45 2.258196 0.000008 0.000000 0.066370 -0.000241 -1.574727
    46 1.210384 0.000004 0.000000 -0.001897 -0.012019 -0.834495
    47 3.868322 -0.161243 -1.490732 -0.188176 -0.087701 -0.204766
    48 1.786062 -0.000008 0.000000 -0.051327 -0.064037 -0.676424
    49 1.044445 0.000004 -0.000001 -0.001277 -0.038560 -0.033101
    50 1.121500 -1.347832 -1.035882 -1.801951 0.200199 -0.546469
    51 1.928120 -0.000001 0.000000 0.000000 -0.225049 -0.494082
    52 1.285143 0.000000 0.000000 -0.000002 0.040642 -0.404246
    53 7.023272 -6.880002 4.339547 2.620672 -1.456011 -1.105365
    54 3.813803 -3.870654 0.998558 1.570796 -1.069638 0.199892
    55 0.000000 -0.000007 -0.000031 1.373047 0.113574 0.124314
    56 0.000000 -0.000007 -0.000034 1.373047 0.113574 0.124314
    57 2.980469 -1.569336 -0.888184 -1.501135 -0.273312 -1.578260
    58 2.000008 -3.000000 0.000000 -1.570796 0.000000 -1.326450
    59 3.175781 -1.395508 0.126343 1.500597 -0.354914 1.381041
    60 0.000004 0.000000 10.000004 0.000000 0.000000 0.000000
    61 0.018898 0.665158 9.395884 0.000000 0.000000 0.000000
    62 3.028212 -0.923409 -2.009451 1.574082 -0.012974 1.587244
    63 0.116951 4.311603 0.061861 0.000010 0.000000 0.000000
    64 0.000000 0.000000 0.000000 0.000000 0.000000 0.000000
    65 0.000000 1.000000 0.000008 0.000000 0.000000 0.000000
    66 0.000000 0.000000 0.000000 0.000000 0.000000 0.000000
    67 0.000000 0.000000 0.000000 0.000000 0.000000 0.000000
    68 0.000000 0.000000 0.000000 0.000000 0.000000 0.000000
    69 19.253853 0.000000 -0.000001 0.000000 0.000000 0.025253
    70 19.253841 0.000000 0.000000 0.000000 0.000000 0.025250
    71 5.884354 0.000000 0.000004 -0.126310 0.000000 0.000000
    72 11.768705 -0.000001 0.000000 -0.238428 0.000000 0.000000
    73 11.679201 0.000000 -0.000004 0.000000 0.000000 -0.161658
    74 5.837998 -0.735000 -0.525002 0.000000 0.000000 0.000000
    75 5.825531 2.661388 2.409388 -0.001945 -0.016320 -0.024506
    76 6.752561 4.039024 -0.341453 0.001435 0.018681 -0.019052
    77 7.652452 1.954227 -2.880674 0.034288 0.011731 0.007773
    78 11.768707 0.000001 0.000004 0.242666 0.000000 0.000000
    79 5.884352 0.000001 0.000000 0.128617 0.000000 0.000000
    80 11.679197 0.000000 0.000008 0.000000 0.000000 -0.161657
    81 5.837997 -0.641044 0.525002 -0.049483 0.000000 0.000000
    82 5.625286 3.107059 -2.433369 0.110853 0.082458 -0.006869
    83 6.677644 4.114117 0.449763 -0.008964 0.010245 -0.007166
    84 7.673524 1.768635 2.985535 -0.031931 0.006501 0.012462
    85 4.902687 0.655644 -8.954903 0.081942 0.003890 0.000160
    86 2.649670 8.412623 -3.003099 -1.828871 -1.111184 1.884926
    87 2.538502 8.321048 3.447679 1.536390 -1.079904 -1.522285
  time 17
    0 -46.503316 1.155530 35.475616 1.649219 -0.002988 -0.361067
    1 3.806942 0.000000 0.000000 -0.947007 -0.737617 -2.115279
    2 19.263105 0.000000 0.000000 0.000000 0.000000 0.876956
    3 17.589100 0.000000 0.000000 -0.038136 -0.105436 -1.386528
    4 6.240662 0.000000 0.000000 0.020475 -0.027733 -0.452290
    5 -3.806942 0.000000 0.000000 -1.170999 -0.483927 -1.669102
    6 19.263098 0.000000 0.000000 0.000000 0.000000 1.049104
    7 17.589096 0.000000 0.000000 0.103884 0.238314 -1.768552
    8 6.240662 0.000000 0.000000 -0.112105 0.023869 -0.422111
    9 0.000000 4.246162 -0.018825 1.529985 -0.193327 1.587090
    10 4.195629 0.000000 0.000000 -0.162655 -0.030261 -0.021562
    11 3.883152 0.000001 0.000000 -0.129970 -0.038487 0.132584
    12 5.989849 0.000002 0.000000 -0.113746 0.080968 0.534924
    13 5.620499 0.000002 0.000000 3.594847 -0.040378 0.177207
    14 4.684906 0.000002 0.000000 0.260467 0.058388 0.587650
    15 4.268658 1.531894 1.575000 -0.601948 -1.545099 -0.983916
    16 5.782729 -0.000008 0.000001 -1.483505 -0.844862 -1.149998
    17 11.452765 0.000001 -0.000004 0.014931 -0.041405 -1.782588
    18 10.945532 -0.000006 -0.000031 0.048431 -0.322629 0.164285
    19 3.147137 0.005676 -1.551344 0.025532 -0.101228 -0.750906
    20 1.585899 0.000000 0.000000 -0.132564 -0.211448 -0.566006
    21 0.849079 0.000000 0.000000 -0.054473 -0.175380 -0.302889
    22 3.471083 0.213272 -0.574067 0.123399 0.009636 -0.786270
    23 1.897537 -0.000008 0.000000 -0.098476 -0.176680 -0.512087
    24 1.014450 0.000004 0.000000 0.002415 0.009757 -0.242679
    25 3.750084 0.114773 0.430058 0.174783 0.047052 -0.472912
    26 2.258194 0.000000 0.000000 -0.121557 -0.078219 -1.001729
    27 1.210388 0.000008 0.000000 0.001897 0.012019 -0.156562
    28 3.868299 -0.166634 1.490139 0.187546 0.033955 -0.039240
    29 1.786062 0.000000 0.000000 0.048663 0.060670 -0.676682
    30 1.044445 -0.000004 0.000000 0.001277 0.038558 -0.401844
    31 1.121477 -1.351563 1.030997 1.693867 -0.344560 -0.124114
    32 1.928114 0.000000 -0.000004 -0.000001 -0.188118 0.059543
    33 1.285139 0.000000 0.000008 0.000000 -0.040646 0.196333
    34 4.268658 1.531896 -1.575000 -0.975806 1.177005 -2.578470
    35 5.782726 0.000000 0.000000 0.904625 0.706554 -0.921484
    36 11.452768 -0.000001 0.000000 0.002421 -0.008113 -1.682070
    37 10.945511 -0.000005 0.000015 -0.985535 0.097755 -0.462042
    38 3.147156 0.000069 1.551353 -0.323007 -0.149789 -1.078840
    39 1.585901 -0.000008 0.000000 -0.128601 0.004972 -1.609316
    40 0.849083 0.000004 0.000000 0.054471 0.175377 -0.910371
    41 3.471104 0.211185 0.574834 -0.338321 -0.158810 -1.076422
    42 1.897535 0.000000 0.000000 0.047211 0.006507 -1.433956
    43 1.014454 0.000000 0.000000 -0.002415 -0.009753 -0.901516
    44 3.750103 0.116325 -0.429640 -0.351987 -0.189781 -0.975692
    45 2.258196 0.000008 0.000000 0.066382 -0.000253 -1.574727
    46 1.210384 0.000004 0.000000 -0.001897 -0.012019 -0.834495
    47 3.868322 -0.161243 -1.490732 -0.188176 -0.087701 -0.204766
    48 1.786062 -0.000008 0.000000 -0.051327 -0.064037 -0.676424
    49 1.044445 0.000004 -0.000001 -0.001277 -0.038560 -0.033101
    50 1.121500 -1.347832 -1.035882 -1.801951 0.200199 -0.546469
    51 1.928120 -0.000001 0.000000 0.000000 -0.225049 -0.494082
    52 1.285143 0.000000 0.000000 -0.000002 0.040642 -0.404246
    53 7.023272 -6.880002 4.339547 2.620672 -1.456011 -1.105365
    54 3.813803 -3.870654 0.998558 1.570796 -1.069638 0.199892
    55 0.000000 -0.000007 -0.000031 1.373047 0.113574 0.124314
    56 0.000000 -0.000007 -0.000034 1.373047 0.113574 0.124314
    57 2.980469 -1.569336 -0.888184 -1.501135 -0.273312 -1.578260
    58 2.000008 -3.000000 0.000000 -1.570796 0.000000 -1.326450
    59 3.175781 -1.395508 0.126343 1.500597 -0.354914 1.381041
    60 0.000004 0.000000 10.000004 0.000000 0.000000 0.000000
    61 0.018898 0.665158 9.395884 0.000000 0.000000 0.000000
    62 3.028212 -0.923409 -2.009451 1.574082 -0.012974 1.587244
    63 0.116951 4.311603 0.061861 0.000010 0.000000 0.000000
    64 0.000000 0.000000 0.000000 0.000000 0.000000 0.000000
    65 0.000000 1.000000 0.000008 0.000000 0.000000 0.000000
    66 0.000000 0.000000 0.000000 0.000000 0.000000 0.000000
    67 0.000000 0.000000 0.000000 0.000000 0.000000 0.000000
    68 0.000000 0.000000 0.000000 0.000000 0.000000 0.000000
    69 19.253853 0.000000 -0.000001 0.000000 0.000000 0.025253
    70 19.253841 0.000000 0.000000 0.000000 0.000000 0.025250
    71 5.884354 0.000000 0.000004 -0.126310 0.000000 0.000000
    72 11.768705 -0.000001 0.000000 -0.238428 0.000000 0.000000
    73 11.679201 0.000000 -0.000004 0.000000 0.000000 -0.161658
    74 5.837998 -0.735000 -0.525002 0.000000 0.000000 0.000000
    75 5.825531 2.661388 2.409388 -0.001945 -0.016320 -0.024506
    76 6.752561 4.039024 -0.341453 0.001435 0.018681 -0.019052
    77 7.652452 1.954227 -2.880674 0.034288 0.011731 0.007773
    78 11.768707 0.000001 0.000004 0.242666 0.000000 0.000000
    79 5.884352 0.000001 0.000000 0.128617 0.000000 0.000000
    80 11.679197 0.000000 0.000008 0.000000 0.000000 -0.161657
    81 5.837997 -0.641044 0.525002 -0.049483 0.000000 0.000000
    82 5.625286 3.107059 -2.433369 0.110853 0.082458 -0.006869
    83 6.677644 4.114117 0.449763 -0.008964 0.010245 -0.007166
    84 7.673524 1.768635 2.985535 -0.031931 0.006501 0.012462
    85 4.902687 0.655644 -8.954903 0.081942 0.003890 0.000160
    86 2.649670 8.412623 -3.003099 -1.828871 -1.111184 1.884926
    87 2.538502 8.321048 3.447679 1.536390 -1.079904 -1.522285
  time 18
    0 -49.383779 1.062342 35.374051 1.648736 0.001248 -0.387681
    1 3.806942 0.000000 0.000000 -0.906979 -0.645682 -2.149032
    2 19.263105 0.000000 0.000000 0.000000 0.000000 0.569904
    3 17.589100 0.000000 0.000000 0.025709 -0.158564 -1.361082
    4 6.240662 0.000000 0.000000 0.020475 -0.027733 -0.471335
    5 -3.806942 0.000000 0.000000 -1.195328 -0.442556 -1.572339
    6 19.263098 0.000000 0.000000 0.000000 0.000000 1.021160
    7 17.589096 0.000000 0.000000 0.038928 0.265783 -1.803532
    8 6.240662 0.000000 0.000000 -0.112105 0.023869 -0.438114
    9 0.000000 4.246162 -0.018825 1.545695 -0.192250 1.583174
    10 4.195629 0.000000 0.000000 -0.155153 -0.024916 -0.023564
    11 3.883152 0.000001 0.000000 -0.125178 -0.032589 0.129566
    12 5.989849 0.000002 0.000000 -0.109407 0.076006 0.531479
    13 5.620499 0.000002 0.000000 3.592089 -0.046168 0.176198
    14 4.684906 0.000002 0.000000 0.259481 0.061228 0.593746
    15 4.268658 1.531894 1.575000 -0.996319 -1.531125 -0.588482
    16 5.782729 -0.000008 0.000001 -1.447982 -0.826789 -1.224362
    17 11.452765 0.000001 -0.000004 0.019139 -0.024939 -1.794190
    18 10.945532 -0.000006 -0.000031 0.080509 -0.324777 0.153276
    19 3.147137 0.005676 -1.551344 0.025532 -0.101228 -0.750906
    20 1.585899 0.000000 0.000000 -0.132564 -0.211448 -0.566006
    21 0.849079 0.000000 0.000000 -0.054473 -0.175380 -0.302889
    22 3.471083 0.213272 -0.574067 0.123399 0.009636 -0.786270
    23 1.897537 -0.000008 0.000000 -0.098476 -0.176680 -0.512087
    24 1.014450 0.000004 0.000000 0.002415 0.009757 -0.242679
    25 3.750084 0.114773 0.430058 0.174783 0.047052 -0.472912
    26 2.258194 0.000000 0.000000 -0.121557 -0.078219 -1.001729
    27 1.210388 0.000008 0.000000 0.001897 0.012019 -0.156562
    28 3.868299 -0.166634 1.490139 0.187546 0.033955 -0.039240
    29 1.786062 0.000000 0.000000 0.048663 0.060670 -0.676682
    30 1.044445 -0.000004 0.000000 0.001277 0.038558 -0.401844
    31 1.121477 -1.351563 1.030997 1.693867 -0.344560 -0.124114
    32 1.928114 0.000000 -0.000004 -0.000001 -0.188118 0.059543
    33 1.285139 0.000000 0.000008 0.000000 -0.040646 0.196333
    34 4.268658 1.531896 -1.575000 -0.932780 1.184655 -2.521946
    35 5.782726 0.000000 0.000000 0.915842 0.689924 -0.926686
    36 11.452768 -0.000001 0.000000 0.001390 -0.010666 -1.683502
    37 10.945511 -0.000005 0.000015 -0.986880 0.094008 -0.490190
    38 3.147156 0.000069 1.551353 -0.323007 -0.149789 -1.078840
    39 1.585901 -0.000008 0.000000 -0.128601 0.004972 -1.609316
    40 0.849083 0.000004 0.000000 0.054471 0.175377 -0.910371
    41 3.471104 0.211185 0.574834 -0.338333 -0.158810 -1.076422
    42 1.897535 0.000000 0.000000 0.047211 0.006519 -1.433956
    43 1.014454 0.000000 0.000000 -0.002415 -0.009753 -0.901516
    44 3.750103 0.116325 -0.429640 -0.351987 -0.189781 -0.975692
    45 2.258196 0.000008 0.000000 0.066382 -0.000241 -1.574727
    46 1.210384 0.000004 0.000000 -0.001897 -0.012019 -0.834495
    47 3.868322 -0.161243 -1.490732 -0.188176 -0.087701 -0.204766
    48 1.786062 -0.000008 0.000000 -0.051327 -0.064037 -0.676424
    49 1.044445 0.000004 -0.000001 -0.001277 -0.038560 -0.033101
    50 1.121500 -1.347832 -1.035882 -1.801951 0.200199 -0.546469
    51 1.928120 -0.000001 0.000000 0.000000 -0.225049 -0.494082
    52 1.285143 0.000000 0.000000 -0.000002 0.040642 -0.404246
    53 7.023272 -6.880002 4.339547 2.620672 -1.456011 -1.105365
    54 3.813803 -3.870654 0.998558 1.570796 -1.069638 0.199892
    55 0.000000 -0.000007 -0.000031 1.373047 0.113574 0.124314
    56 0.000000 -0.000007 -0.000034 1.373047 0.113574 0.124314
    57 2.980469 -1.569336 -0.888184 -1.501135 -0.273312 -1.578260
    58 2.000008 -3.000000 0.000000 -1.570796 0.000000 -1.326450
    59 3.175781 -1.395508 0.126343 1.500597 -0.354914 1.381041
    60 0.000004 0.000000 10.000004 0.000000 0.000000 0.000000
    61 0.018898 0.665158 9.395884 0.000000 0.000000 0.000000
    62 3.028212 -0.923409 -2.009451 1.574082 -0.012974 1.587244
    63 0.116951 4.311603 0.061861 0.000010 0.000000 0.000000
    64 0.000000 0.000000 0.000000 0.000000 0.000000 0.000000
    65 0.000000 1.000000 0.000008 0.000000 0.000000 0.000000
    66 0.000000 0.000000 0.000000 0.000000 0.000000 0.000000
    67 0.000000 0.000000 0.000000 0.000000 0.000000 0.000000
    68 0.000000 0.000000 0.000000 0.000000 0.000000 0.000000
    69 19.253853 0.000000 -0.000001 0.000000 0.000000 0.025253
    70 19.253841 0.000000 0.000000 0.000000 0.000000 0.025250
    71 5.884354 0.000000 0.000004 -0.126310 0.000000 0.000000
    72 11.768705 -0.000001 0.000000 -0.238428 0.000000 0.000000
    73 11.679201 0.000000 -0.000004 0.000000 0.000000 -0.161658
    74 5.837998 -0.735000 -0.525002 0.000000 0.000000 0.000000
    75 5.825531 2.661388 2.409388 -0.001945 -0.016320 -0.024506
    76 6.752561 4.039024 -0.341453 0.001435 0.018681 -0.019052
    77 7.652452 1.954227 -2.880674 0.034288 0.011731 0.007773
    78 11.768707 0.000001 0.000004 0.242666 0.000000 0.000000
    79 5.884352 0.000001 0.000000 0.128617 0.000000 0.000000
    80 11.679197 0.000000 0.000008 0.000000 0.000000 -0.161657
    81 5.837997 -0.641044 0.525002 -0.049483 0.000000 0.000000
    82 5.625286 3.107059 -2.433369 0.110853 0.082458 -0.006869
    83 6.677644 4.114117 0.449763 -0.008964 0.010245 -0.007166
    84 7.673524 1.768635 2.985535 -0.031931 0.006501 0.012462
    85 4.902687 0.655644 -8.954903 0.081942 0.003890 0.000160
    86 2.649670 8.412623 -3.003099 -1.828871 -1.111184 1.884926
    87 2.538502 8.321048 3.447679 1.536390 -1.079904 -1.522285
  time 19
    0 -52.397058 0.950517 35.198264 1.645569 0.006732 -0.412286
    1 3.806942 0.000000 0.000000 -0.908822 -0.550658 -2.117414
    2 19.263105 0.000000 0.000000 0.000000 0.000000 0.243259
    3 17.589100 0.000000 0.000000 0.116764 -0.179133 -1.305515
    4 6.240662 0.000000 0.000000 0.020475 -0.027721 -0.515090
    5 -3.806942 0.000000 0.000000 -1.201246 -0.381071 -1.479157
    6 19.263098 0.000000 0.000000 0.000000 0.000000 0.975346
    7 17.589096 0.000000 0.000000 -0.028848 0.275428 -1.832575
    8 6.240662 0.000000 0.000000 -0.112105 0.023869 -0.467440
    9 0.000000 4.246162 -0.018825 1.557866 -0.192960 1.582270
    10 4.195629 0.000000 0.000000 -0.145745 -0.020158 -0.020033
    11 3.883152 0.000001 0.000000 -0.119271 -0.029060 0.128717
    12 5.989849 0.000002 0.000000 -0.101893 0.076306 0.525269
    13 5.620499 0.000002 0.000000 3.586371 -0.056285 0.170578
    14 4.684906 0.000002 0.000000 0.258534 0.066573 0.600436
    15 4.268658 1.531894 1.575000 -1.096158 -1.511250 -0.480123
    16 5.782729 -0.000008 0.000001 -1.427169 -0.819905 -1.276703
    17 11.452765 0.000001 -0.000004 0.022410 -0.007948 -1.805666
    18 10.945532 -0.000006 -0.000031 0.093364 -0.332859 0.137819
    19 3.147137 0.005676 -1.551344 0.025532 -0.101228 -0.750906
    20 1.585899 0.000000 0.000000 -0.132564 -0.211448 -0.566006
    21 0.849079 0.000000 0.000000 -0.054473 -0.175380 -0.302889
    22 3.471083 0.213272 -0.574067 0.123399 0.009636 -0.786270
    23 1.897537 -0.000008 0.000000 -0.098476 -0.176680 -0.512087
    24 1.014450 0.000004 0.000000 0.002415 0.009757 -0.242679
    25 3.750084 0.114773 0.430058 0.174783 0.047052 -0.472912
    26 2.258194 0.000000 0.000000 -0.121557 -0.078219 -1.001729
    27 1.210388 0.000008 0.000000 0.001897 0.012019 -0.156562
    28 3.868299 -0.166634 1.490139 0.187546 0.033955 -0.039240
    29 1.786062 0.000000 0.000000 0.048663 0.060670 -0.676682
    30 1.044445 -0.000004 0.000000 0.001277 0.038558 -0.401844
    31 1.121477 -1.351563 1.030997 1.693867 -0.344560 -0.124114
    32 1.928114 0.000000 -0.000004 -0.000001 -0.188118 0.059543
    33 1.285139 0.000000 0.000008 0.000000 -0.040646 0.196333
    34 4.268658 1.531896 -1.575000 -0.893347 1.195846 -2.462162
    35 5.782726 0.000000 0.000000 0.928798 0.683692 -0.936347
    36 11.452768 -0.000001 0.000000 0.002900 -0.012428 -1.687236
    37 10.945511 -0.000005 0.000015 -1.002019 0.087411 -0.513155
    38 3.147156 0.000069 1.551353 -0.323007 -0.149789 -1.078840
    39 1.585901 -0.000008 0.000000 -0.128601 0.004972 -1.609316
    40 0.849083 0.000004 0.000000 0.054471 0.175377 -0.910371
    41 3.471104 0.211185 0.574834 -0.338321 -0.158810 -1.076422
    42 1.897535 0.000000 0.000000 0.047211 0.006507 -1.433956
    43 1.014454 0.000000 0.000000 -0.002415 -0.009753 -0.901516
    44 3.750103 0.116325 -0.429640 -0.351987 -0.189781 -0.975692
    45 2.258196 0.000008 0.000000 0.066382 -0.000241 -1.574727
    46 1.210384 0.000004 0.000000 -0.001897 -0.012019 -0.834495
    47 3.868322 -0.161243 -1.490732 -0.188176 -0.087701 -0.204766
    48 1.786062 -0.000008 0.000000 -0.051327 -0.064037 -0.676424
    49 1.044445 0.000004 -0.000001 -0.001277 -0.038560 -0.033101
    50 1.121500 -1.347832 -1.035882 -1.801951 0.200199 -0.546469
    51 1.928120 -0.000001 0.000000 0.000000 -0.225049 -0.494082
    52 1.285143 0.000000 0.000000 -0.000002 0.040642 -0.404246
    53 7.023272 -6.880002 4.339547 2.620672 -1.456011 -1.105365
    54 3.813803 -3.870654 0.998558 1.570796 -1.069638 0.199892
    55 0.000000 -0.000007 -0.000031 1.373047 0.113574 0.124314
    56 0.000000 -0.000007 -0.000034 1.373047 0.113574 0.124314
    57 2.980469 -1.569336 -0.888184 -1.501135 -0.273312 -1.578260
    58 2.000008 -3.000000 0.000000 -1.570796 0.000000 -1.326450
    59 3.175781 -1.395508 0.126343 1.500597 -0.354914 1.381041
    60 0.000004 0.000000 10.000004 0.000000 0.000000 0.000000
    61 0.018898 0.665158 9.395884 0.000000 0.000000 0.000000
    62 3.028212 -0.923409 -2.009451 1.574082 -0.012974 1.587244
    63 0.116951 4.311603 0.061861 0.000010 0.000000 0.000000
    64 0.000000 0.000000 0.000000 0.000000 0.000000 0.000000
    65 0.000000 1.000000 0.000008 0.000000 0.000000 0.000000
    66 0.000000 0.000000 0.000000 0.000000 0.000000 0.000000
    67 0.000000 0.000000 0.000000 0.000000 0.000000 0.000000
    68 0.000000 0.000000 0.000000 0.000000 0.000000 0.000000
    69 19.253853 0.000000 -0.000001 0.000000 0.000000 0.025253
    70 19.253841 0.000000 0.000000 0.000000 0.000000 0.025250
    71 5.884354 0.000000 0.000004 -0.126310 0.000000 0.000000
    72 11.768705 -0.000001 0.000000 -0.238428 0.000000 0.000000
    73 11.679201 0.000000 -0.000004 0.000000 0.000000 -0.161658
    74 5.837998 -0.735000 -0.525002 0.000000 0.000000 0.000000
    75 5.825531 2.661388 2.409388 -0.001945 -0.016320 -0.024506
    76 6.752561 4.039024 -0.341453 0.001435 0.018681 -0.019052
    77 7.652452 1.954227 -2.880674 0.034288 0.011731 0.007773
    78 11.768707 0.000001 0.000004 0.242666 0.000000 0.000000
    79 5.884352 0.000001 0.000000 0.128617 0.000000 0.000000
    80 11.679197 0.000000 0.000008 0.000000 0.000000 -0.161657
    81 5.837997 -0.641044 0.525002 -0.049483 0.000000 0.000000
    82 5.625286 3.107059 -2.433369 0.110853 0.082458 -0.006869
    83 6.677644 4.114117 0.449763 -0.008964 0.010245 -0.007166
    84 7.673524 1.768635 2.985535 -0.031931 0.006501 0.012462
    85 4.902687 0.655644 -8.954903 0.081942 0.003890 0.000160
    86 2.649670 8.412623 -3.003099 -1.828871 -1.111184 1.884926
    87 2.538502 8.321048 3.447679 1.536390 -1.079904 -1.522285
  time 20
    0 -55.574404 0.810735 34.987320 1.637893 0.009064 -0.429135
    1 3.806942 0.000000 0.000000 -0.930259 -0.464028 -2.061959
    2 19.263105 0.000000 0.000000 0.000000 0.000000 0.000000
    3 17.589100 0.000000 0.000000 0.117673 -0.223868 -1.228193
    4 6.240662 0.000000 0.000000 0.025173 -0.027997 -0.485323
    5 -3.806942 0.000000 0.000000 -1.177940 -0.300432 -1.399955
    6 19.263098 0.000000 0.000000 0.000000 0.000000 0.915387
    7 17.589096 0.000000 0.000000 -0.089986 0.269563 -1.833317
    8 6.240662 0.000000 0.000000 -0.112105 0.023857 -0.520101
    9 0.000000 4.246162 -0.018825 1.565080 -0.195823 1.580921
    10 4.195629 0.000000 0.000000 -0.137907 -0.019127 -0.012325
    11 3.883152 0.000001 0.000000 -0.114466 -0.028968 0.130241
    12 5.989849 0.000002 0.000000 -0.091526 0.090184 0.521520
    13 5.620499 0.000002 0.000000 3.575761 -0.075606 0.161510
    14 4.684906 0.000002 0.000000 0.258001 0.076856 0.606199
    15 4.268658 1.531894 1.575000 -1.098170 -1.510164 -0.472465
    16 5.782729 -0.000008 0.000001 -1.442740 -0.821267 -1.296468
    17 11.452765 0.000001 -0.000004 0.015789 -0.001773 -1.811055
    18 10.945532 -0.000006 -0.000031 0.097809 -0.327034 0.122714
    19 3.147137 0.005676 -1.551344 0.025532 -0.101228 -0.750906
    20 1.585899 0.000000 0.000000 -0.132564 -0.211448 -0.566006
    21 0.849079 0.000000 0.000000 -0.054473 -0.175380 -0.302889
    22 3.471083 0.213272 -0.574067 0.123399 0.009636 -0.786270
    23 1.897537 -0.000008 0.000000 -0.098476 -0.176680 -0.512087
    24 1.014450 0.000004 0.000000 0.002415 0.009757 -0.242679
    25 3.750084 0.114773 0.430058 0.174783 0.047052 -0.472912
    26 2.258194 0.000000 0.000000 -0.121557 -0.078219 -1.001729
    27 1.210388 0.000008 0.000000 0.001897 0.012019 -0.156562
    28 3.868299 -0.166634 1.490139 0.187546 0.033955 -0.039240
    29 1.786062 0.000000 0.000000 0.048663 0.060670 -0.676682
    30 1.044445 -0.000004 0.000000 0.001277 0.038558 -0.401844
    31 1.121477 -1.351563 1.030997 1.693867 -0.344560 -0.124114
    32 1.928114 0.000000 -0.000004 -0.000001 -0.188118 0.059543
    33 1.285139 0.000000 0.000008 0.000000 -0.040646 0.196333
    34 4.268658 1.531896 -1.575000 -0.866869 1.214222 -2.427893
    35 5.782726 0.000000 0.000000 0.939754 0.694545 -0.946142
    36 11.452768 -0.000001 0.000000 0.002589 -0.012524 -1.693959
    37 10.945511 -0.000005 0.000015 -1.014131 0.076217 -0.503931
    38 3.147156 0.000069 1.551353 -0.323007 -0.149789 -1.078840
    39 1.585901 -0.000008 0.000000 -0.128601 0.004972 -1.609316
    40 0.849083 0.000004 0.000000 0.054471 0.175377 -0.910371
    41 3.471104 0.211185 0.574834 -0.338321 -0.158810 -1.076422
    42 1.897535 0.000000 0.000000 0.047211 0.006507 -1.433956
    43 1.014454 0.000000 0.000000 -0.002415 -0.009753 -0.901516
    44 3.750103 0.116325 -0.429640 -0.351987 -0.189781 -0.975692
    45 2.258196 0.000008 0.000000 0.066382 -0.000253 -1.574727
    46 1.210384 0.000004 0.000000 -0.001897 -0.012019 -0.834495
    47 3.868322 -0.161243 -1.490732 -0.188176 -0.087701 -0.204766
    48 1.786062 -0.000008 0.000000 -0.051327 -0.064037 -0.676424
    49 1.044445 0.000004 -0.000001 -0.001277 -0.038560 -0.033101
    50 1.121500 -1.347832 -1.035882 -1.801951 0.200199 -0.546469
    51 1.928120 -0.000001 0.000000 0.000000 -0.225049 -0.494082
    52 1.285143 0.000000 0.000000 -0.000002 0.040642 -0.404246
    53 7.023272 -6.880002 4.339547 2.620672 -1.456011 -1.105365
    54 3.813803 -3.870654 0.998558 1.570796 -1.069638 0.199892
    55 0.000000 -0.000007 -0.000031 1.373047 0.113574 0.124314
    56 0.000000 -0.000007 -0.000034 1.373047 0.113574 0.124314
    57 2.980469 -1.569336 -0.888184 -1.501135 -0.273312 -1.578260
    58 2.000008 -3.000000 0.000000 -1.570796 0.000000 -1.326450
    59 3.175781 -1.395508 0.126343 1.500597 -0.354914 1.381041
    60 0.000004 0.000000 10.000004 0.000000 0.000000 0.000000
    61 0.018898 0.665158 9.395884 0.000000 0.000000 0.000000
    62 3.028212 -0.923409 -2.009451 1.574082 -0.012974 1.587244
    63 0.116951 4.311603 0.061861 0.000010 0.000000 0.000000
    64 0.000000 0.000000 0.000000 0.000000 0.000000 0.000000
    65 0.000000 1.000000 0.000008 0.000000 0.000000 0.000000
    66 0.000000 0.000000 0.000000 0.000000 0.000000 0.000000
    67 0.000000 0.000000 0.000000 0.000000 0.000000 0.000000
    68 0.000000 0.000000 0.000000 0.000000 0.000000 0.000000
    69 19.253853 0.000000 -0.000001 0.000000 0.000000 0.025253
    70 19.253841 0.000000 0.000000 0.000000 0.000000 0.025250
    71 5.884354 0.000000 0.000004 -0.126310 0.000000 0.000000
    72 11.768705 -0.000001 0.000000 -0.238428 0.000000 0.000000
    73 11.679201 0.000000 -0.000004 0.000000 0.000000 -0.161658
    74 5.837998 -0.735000 -0.525002 0.000000 0.000000 0.000000
    75 5.825531 2.661388 2.409388 -0.001945 -0.016320 -0.024506
    76 6.752561 4.039024 -0.341453 0.001435 0.018681 -0.019052
    77 7.652452 1.954227 -2.880674 0.034288 0.011731 0.007773
    78 11.768707 0.000001 0.000004 0.242666 0.000000 0.000000
    79 5.884352 0.000001 0.000000 0.128617 0.000000 0.000000
    80 11.679197 0.000000 0.000008 0.000000 0.000000 -0.161657
    81 5.837997 -0.641044 0.525002 -0.049483 0.000000 0.000000
    82 5.625286 3.107059 -2.433369 0.110853 0.082458 -0.006869
    83 6.677644 4.114117 0.449763 -0.008964 0.010245 -0.007166
    84 7.673524 1.768635 2.985535 -0.031931 0.006501 0.012462
    85 4.902687 0.655644 -8.954903 0.081942 0.003890 0.000160
    86 2.649670 8.412623 -3.003099 -1.828871 -1.111184 1.884926
    87 2.538502 8.321048 3.447679 1.536390 -1.079904 -1.522285
  time 21
    0 -58.892380 0.549809 34.803721 1.636424 0.001675 -0.434401
    1 3.806942 0.000000 0.000000 -0.903909 -0.500793 -2.092377
    2 19.263105 0.000000 0.000000 0.000000 0.000000 0.134941
    3 17.589100 0.000000 0.000000 0.093715 -0.272199 -1.266928
    4 6.240662 0.000000 0.000000 0.020475 -0.027733 -0.420529
    5 -3.806942 0.000000 0.000000 -1.144552 -0.226056 -1.342128
    6 19.263098 0.000000 0.000000 0.000000 0.000000 0.871091
    7 17.589096 0.000000 0.000000 -0.120263 0.262117 -1.772708
    8 6.240662 0.000000 0.000000 -0.112093 0.023845 -0.631611
    9 0.000000 4.246162 -0.018825 1.557341 -0.201023 1.573062
    10 4.195629 0.000000 0.000000 -0.137188 -0.018277 -0.007886
    11 3.883152 0.000001 0.000000 -0.115827 -0.027501 0.138593
    12 5.989849 0.000002 0.000000 -0.094786 0.080752 0.532312
    13 5.620499 0.000002 0.000000 3.574815 -0.072010 0.151092
    14 4.684906 0.000002 0.000000 0.257547 0.074327 0.610461
    15 4.268658 1.531894 1.575000 -1.121644 -1.504227 -0.453320
    16 5.782729 -0.000008 0.000001 -1.486791 -0.832778 -1.259256
    17 11.452765 0.000001 -0.000004 0.006996 -0.017067 -1.822403
    18 10.945532 -0.000006 -0.000031 0.088498 -0.321354 0.126618
    19 3.147137 0.005676 -1.551344 0.025532 -0.101228 -0.750906
    20 1.585899 0.000000 0.000000 -0.132564 -0.211448 -0.566006
    21 0.849079 0.000000 0.000000 -0.054473 -0.175380 -0.302889
    22 3.471083 0.213272 -0.574067 0.123399 0.009636 -0.786270
    23 1.897537 -0.000008 0.000000 -0.098476 -0.176680 -0.512087
    24 1.014450 0.000004 0.000000 0.002415 0.009757 -0.242679
    25 3.750084 0.114773 0.430058 0.174783 0.047052 -0.472912
    26 2.258194 0.000000 0.000000 -0.121557 -0.078219 -1.001729
    27 1.210388 0.000008 0.000000 0.001897 0.012019 -0.156562
    28 3.868299 -0.166634 1.490139 0.187546 0.033955 -0.039240
    29 1.786062 0.000000 0.000000 0.048663 0.060670 -0.676682
    30 1.044445 -0.000004 0.000000 0.001277 0.038558 -0.401844
    31 1.121477 -1.351563 1.030997 1.693867 -0.344560 -0.124114
    32 1.928114 0.000000 -0.000004 -0.000001 -0.188118 0.059543
    33 1.285139 0.000000 0.000008 0.000000 -0.040646 0.196333
    34 4.268658 1.531896 -1.575000 -0.921243 1.207250 -2.479110
    35 5.782726 0.000000 0.000000 0.942363 0.738239 -0.958573
    36 11.452768 -0.000001 0.000000 -0.001906 -0.011996 -1.687485
    37 10.945511 -0.000005 0.000015 -1.014938 0.056028 -0.483914
    38 3.147156 0.000069 1.551353 -0.323007 -0.149789 -1.078840
    39 1.585901 -0.000008 0.000000 -0.128601 0.004972 -1.609316
    40 0.849083 0.000004 0.000000 0.054471 0.175377 -0.910371
    41 3.471104 0.211185 0.574834 -0.338333 -0.158810 -1.076422
    42 1.897535 0.000000 0.000000 0.047211 0.006519 -1.433956
    43 1.014454 0.000000 0.000000 -0.002415 -0.009753 -0.901516
    44 3.750103 0.116325 -0.429640 -0.351987 -0.189781 -0.975692
    45 2.258196 0.000008 0.000000 0.066382 -0.000241 -1.574727
    46 1.214291 0.000004 0.000000 -0.001897 -0.012019 -0.834495
    47 3.868322 -0.161243 -1.490732 -0.188176 -0.087701 -0.204766
    48 1.786062 -0.000008 0.000000 -0.051327 -0.064037 -0.676424
    49 1.044445 0.000004 -0.000001 -0.001277 -0.038560 -0.033101
    50 1.121500 -1.347832 -1.035882 -1.801951 0.200199 -0.546469
    51 1.928120 -0.000001 0.000000 0.000000 -0.225049 -0.494082
    52 1.285143 0.000000 0.000000 -0.000002 0.040642 -0.404246
    53 7.023272 -6.880002 4.339547 2.620672 -1.456011 -1.105365
    54 3.813803 -3.870654 0.998558 1.570796 -1.069638 0.199892
    55 0.000000 -0.000007 -0.000031 1.373047 0.113574 0.124314
    56 0.000000 -0.000007 -0.000034 1.373047 0.113574 0.124314
    57 2.980469 -1.569336 -0.888184 -1.501135 -0.273312 -1.578260
    58 2.000008 -3.000000 0.000000 -1.570796 0.000000 -1.326450
    59 3.175781 -1.395508 0.126343 1.500597 -0.354914 1.381041
    60 0.000004 0.000000 10.000004 0.000000 0.000000 0.000000
    61 0.018898 0.665158 9.395884 0.000000 0.000000 0.000000
    62 3.028212 -0.923409 -2.009451 1.574082 -0.012974 1.587244
    63 0.116951 4.311603 0.061861 0.000010 0.000000 0.000000
    64 0.000000 0.000000 0.000000 0.000000 0.000000 0.000000
    65 0.000000 1.000000 0.000008 0.000000 0.000000 0.000000
    66 0.000000 0.000000 0.000000 0.000000 0.000000 0.000000
    67 0.000000 0.000000 0.000000 0.000000 0.000000 0.000000
    68 0.000000 0.000000 0.000000 0.000000 0.000000 0.000000
    69 19.253853 0.000000 -0.000001 0.000000 0.000000 0.025253
    70 19.253841 0.000000 0.000000 0.000000 0.000000 0.025250
    71 5.884354 0.000000 0.000004 -0.126310 0.000000 0.000000
    72 11.768705 -0.000001 0.000000 -0.238428 0.000000 0.000000
    73 11.679201 0.000000 -0.000004 0.000000 0.000000 -0.161658
    74 5.837998 -0.735000 -0.525002 0.000000 0.000000 0.000000
    75 5.825531 2.661388 2.409388 -0.001945 -0.016320 -0.024506
    76 6.752561 4.039024 -0.341453 0.001435 0.018681 -0.019052
    77 7.652452 1.954227 -2.880674 0.034288 0.011731 0.007773
    78 11.768707 0.000001 0.000004 0.242666 0.000000 0.000000
    79 5.884352 0.000001 0.000000 0.128617 0.000000 0.000000
    80 11.679197 0.000000 0.000008 0.000000 0.000000 -0.161657
    81 5.837997 -0.641044 0.525002 -0.049483 0.000000 0.000000
    82 5.625286 3.107059 -2.433369 0.110853 0.082458 -0.006869
    83 6.677644 4.114117 0.449763 -0.008964 0.010245 -0.007166
    84 7.673524 1.768635 2.985535 -0.031931 0.006501 0.012462
    85 4.902687 0.655644 -8.954903 0.081942 0.003890 0.000160
    86 2.649670 8.412623 -3.003099 -1.828871 -1.111184 1.884926
    87 2.538502 8.321048 3.447679 1.536390 -1.079904 -1.522285
  time 22
    0 -62.319734 0.139782 34.612309 1.635606 -0.009458 -0.432486
    1 3.806942 0.000000 0.000000 -0.848472 -0.583962 -2.164152
    2 19.263105 0.000000 0.000000 0.000000 0.000000 0.427933
    3 17.589100 0.000000 0.000000 0.004181 -0.293137 -1.196053
    4 6.240662 0.000000 0.000000 0.020475 -0.027733 -0.405645
    5 -3.806942 0.000000 0.000000 -1.139584 -0.185051 -1.306831
    6 19.263098 0.000000 0.000000 0.000000 0.000000 0.895792
    7 17.589096 0.000000 0.000000 -0.078070 0.310938 -1.600776
    8 6.240662 0.000000 0.000000 -0.112093 0.023833 -0.865391
    9 0.000000 4.246162 -0.018825 1.547795 -0.205673 1.566369
    10 4.195629 0.000000 0.000000 -0.132861 -0.019067 -0.003324
    11 3.883152 0.000001 0.000000 -0.113008 -0.028556 0.146946
    12 5.989849 0.000002 0.000000 -0.093252 0.073813 0.541563
    13 5.620499 0.000002 0.000000 3.576264 -0.068627 0.140891
    14 4.684906 0.000002 0.000000 0.257646 0.074543 0.613640
    15 4.268658 1.531894 1.575000 -1.180187 -1.508282 -0.399045
    16 5.782729 -0.000008 0.000001 -1.523879 -0.848592 -1.220762
    17 11.452765 0.000001 -0.000004 0.000483 -0.023798 -1.812449
    18 10.945532 -0.000006 -0.000031 0.077565 -0.318915 0.122362
    19 3.147137 0.005676 -1.551344 0.025532 -0.101228 -0.750906
    20 1.585899 0.000000 0.000000 -0.132564 -0.211448 -0.566006
    21 0.849079 0.000000 0.000000 -0.054473 -0.175380 -0.302889
    22 3.471083 0.213272 -0.574067 0.123399 0.009636 -0.786270
    23 1.897537 -0.000008 0.000000 -0.098476 -0.176680 -0.512087
    24 1.014450 0.000004 0.000000 0.002415 0.009757 -0.242679
    25 3.750084 0.114773 0.430058 0.174783 0.047052 -0.472912
    26 2.258194 0.000000 0.000000 -0.121557 -0.078219 -1.001729
    27 1.210388 0.000008 0.000000 0.001897 0.012019 -0.156562
    28 3.868299 -0.166634 1.490139 0.187546 0.033955 -0.039240
    29 1.786062 0.000000 0.000000 0.048663 0.060670 -0.676682
    30 1.044445 -0.000004 0.000000 0.001277 0.038558 -0.401844
    31 1.121477 -1.351563 1.030997 1.693867 -0.344560 -0.124114
    32 1.928114 0.000000 -0.000004 -0.000001 -0.188118 0.059543
    33 1.285139 0.000000 0.000008 0.000000 -0.040646 0.196333
    34 4.268658 1.531896 -1.575000 -0.961432 1.205856 -2.529023
    35 5.782726 0.000000 0.000000 0.946623 0.756025 -0.967491
    36 11.452768 -0.000001 0.000000 -0.005513 -0.009791 -1.676842
    37 10.945511 -0.000005 0.000015 -1.016351 0.042336 -0.472312
    38 3.147156 0.000069 1.551353 -0.323007 -0.149789 -1.078840
    39 1.585901 -0.000008 0.000000 -0.128601 0.004972 -1.609316
    40 0.849083 0.000004 0.000000 0.054471 0.175377 -0.910371
    41 3.471104 0.211185 0.574834 -0.338333 -0.158810 -1.076422
    42 1.897535 0.000000 0.000000 0.047211 0.006507 -1.433956
    43 1.014454 0.000000 0.000000 -0.002415 -0.009753 -0.901516
    44 3.750103 0.116325 -0.429640 -0.351987 -0.189781 -0.975692
    45 2.258196 0.000008 0.000000 0.066382 -0.000253 -1.574727
    46 1.210384 0.000004 0.000000 -0.001897 -0.012019 -0.834495
    47 3.868322 -0.161243 -1.490732 -0.188176 -0.087701 -0.204766
    48 1.786062 -0.000008 0.000000 -0.051327 -0.064037 -0.676424
    49 1.044445 0.000004 -0.000001 -0.001277 -0.038560 -0.033101
    50 1.121500 -1.347832 -1.035882 -1.801951 0.200199 -0.546469
    51 1.928120 -0.000001 0.000000 0.000000 -0.225049 -0.494082
    52 1.285143 0.000000 0.000000 -0.000002 0.040642 -0.404246
    53 7.023272 -6.880002 4.339547 2.620672 -1.456011 -1.105365
    54 3.813803 -3.870654 0.998558 1.570796 -1.069638 0.199892
    55 0.000000 -0.000007 -0.000031 1.373047 0.113574 0.124314
    56 0.000000 -0.000007 -0.000034 1.373047 0.113574 0.124314
    57 2.980469 -1.569336 -0.888184 -1.501135 -0.273312 -1.578260
    58 2.000008 -3.000000 0.000000 -1.570796 0.000000 -1.326450
    59 3.175781 -1.395508 0.126343 1.500597 -0.354914 1.381041
    60 0.000004 0.000000 10.000004 0.000000 0.000000 0.000000
    61 0.018898 0.665158 9.395884 0.000000 0.000000 0.000000
    62 3.028212 -0.923409 -2.009451 1.574082 -0.012974 1.587244
    63 0.116951 4.311603 0.061861 0.000010 0.000000 0.000000
    64 0.000000 0.000000 0.000000 0.000000 0.000000 0.000000
    65 0.000000 1.000000 0.000008 0.000000 0.000000 0.000000
    66 0.000000 0.000000 0.000000 0.000000 0.000000 0.000000
    67 0.000000 0.000000 0.000000 0.000000 0.000000 0.000000
    68 0.000000 0.000000 0.000000 0.000000 0.000000 0.000000
    69 19.253853 0.000000 -0.000001 0.000000 0.000000 0.025253
    70 19.253841 0.000000 0.000000 0.000000 0.000000 0.025250
    71 5.884354 0.000000 0.000004 -0.126310 0.000000 0.000000
    72 11.768705 -0.000001 0.000000 -0.238428 0.000000 0.000000
    73 11.679201 0.000000 -0.000004 0.000000 0.000000 -0.161658
    74 5.837998 -0.735000 -0.525002 0.000000 0.000000 0.000000
    75 5.825531 2.661388 2.409388 -0.001945 -0.016320 -0.024506
    76 6.752561 4.039024 -0.341453 0.001435 0.018681 -0.019052
    77 7.652452 1.954227 -2.880674 0.034288 0.011731 0.007773
    78 11.768707 0.000001 0.000004 0.242666 0.000000 0.000000
    79 5.884352 0.000001 0.000000 0.128617 0.000000 0.000000
    80 11.679197 0.000000 0.000008 0.000000 0.000000 -0.161657
    81 5.837997 -0.641044 0.525002 -0.049483 0.000000 0.000000
    82 5.625286 3.107059 -2.433369 0.110853 0.082458 -0.006869
    83 6.677644 4.114117 0.449763 -0.008964 0.010245 -0.007166
    84 7.673524 1.768635 2.985535 -0.031931 0.006501 0.012462
    85 4.902687 0.655644 -8.954903 0.081942 0.003890 0.000160
    86 2.649670 8.412623 -3.003099 -1.828871 -1.111184 1.884926
    87 2.538502 8.321048 3.447679 1.536390 -1.079904 -1.522285
  time 23
    0 -65.708025 -0.298201 34.538088 1.625769 -0.019145 -0.425497
    1 3.806942 0.000000 0.000000 -0.838926 -0.620727 -2.184787
    2 19.263105 0.000000 0.000000 0.000000 0.000000 0.636366
    3 17.589100 0.000000 0.000000 -0.055946 -0.264913 -1.181583
    4 6.240662 0.000000 0.000000 0.020475 -0.027733 -0.400067
    5 -3.806942 0.000000 0.000000 -1.163182 -0.183176 -1.304924
    6 19.263098 0.000000 0.000000 0.000000 0.000000 0.991422
    7 17.589096 0.000000 0.000000 0.034575 0.382669 -1.280018
    8 6.240662 0.000000 0.000000 -0.112093 0.023809 -1.057272
    9 0.000000 4.246162 -0.018825 1.536868 -0.221089 1.561981
    10 4.195629 0.000000 0.000000 -0.130009 -0.021404 0.002681
    11 3.883152 0.000001 0.000000 -0.111108 -0.031046 0.152466
    12 5.989849 0.000002 0.000000 -0.091430 0.070601 0.547319
    13 5.620499 0.000002 0.000000 3.578116 -0.065443 0.129852
    14 4.684906 0.000002 0.000000 0.258948 0.073489 0.617727
    15 4.268658 1.531894 1.575000 -1.204524 -1.507123 -0.376454
    16 5.782729 -0.000008 0.000001 -1.558777 -0.869928 -1.182940
    17 11.452765 0.000001 -0.000004 -0.005334 -0.030799 -1.801671
    18 10.945532 -0.000006 -0.000031 0.064710 -0.313163 0.125114
    19 3.147137 0.005676 -1.551344 0.025532 -0.101228 -0.750906
    20 1.585899 0.000000 0.000000 -0.132564 -0.211448 -0.566006
    21 0.849079 0.000000 0.000000 -0.054473 -0.175380 -0.302889
    22 3.471083 0.213272 -0.574067 0.123399 0.009636 -0.786270
    23 1.897537 -0.000008 0.000000 -0.098476 -0.176680 -0.512087
    24 1.014450 0.000004 0.000000 0.002415 0.009757 -0.242679
    25 3.750084 0.114773 0.430058 0.174783 0.047052 -0.472912
    26 2.258194 0.000000 0.000000 -0.121557 -0.078219 -1.001729
    27 1.210388 0.000008 0.000000 0.001897 0.012019 -0.156562
    28 3.868299 -0.166634 1.490139 0.187546 0.033955 -0.039240
    29 1.786062 0.000000 0.000000 0.048663 0.060670 -0.676682
    30 1.044445 -0.000004 0.000000 0.001277 0.038558 -0.401844
    31 1.121477 -1.351563 1.030997 1.693867 -0.344560 -0.124114
    32 1.928114 0.000000 -0.000004 -0.000001 -0.188118 0.059543
    33 1.285139 0.000000 0.000008 0.000000 -0.040646 0.196333
    34 4.268658 1.531896 -1.575000 -0.972307 1.205105 -2.548578
    35 5.782726 0.000000 0.000000 0.937667 0.776927 -0.989041
    36 11.452768 -0.000001 0.000000 -0.005117 -0.009168 -1.666136
    37 10.945511 -0.000005 0.000015 -1.019177 0.037689 -0.460045
    38 3.147156 0.000069 1.551353 -0.323007 -0.149789 -1.078840
    39 1.585901 -0.000008 0.000000 -0.128601 0.004972 -1.609316
    40 0.849083 0.000004 0.000000 0.054471 0.175377 -0.910371
    41 3.471104 0.211185 0.574834 -0.338333 -0.158810 -1.076422
    42 1.897535 0.000000 0.000000 0.047211 0.006519 -1.433956
    43 1.014454 0.000000 0.000000 -0.002415 -0.009753 -0.901516
    44 3.750103 0.116325 -0.429640 -0.351987 -0.189781 -0.975692
    45 2.258196 0.000008 0.000000 0.066382 -0.000241 -1.574727
    46 1.210384 0.000004 0.000000 -0.001897 -0.012019 -0.834495
    47 3.868322 -0.161243 -1.490732 -0.188176 -0.087701 -0.204766
    48 1.786062 -0.000008 0.000000 -0.051327 -0.064037 -0.676424
    49 1.044445 0.000004 -0.000001 -0.001277 -0.038560 -0.033101
    50 1.121500 -1.347832 -1.035882 -1.801951 0.200199 -0.546469
    51 1.928120 -0.000001 0.000000 0.000000 -0.225049 -0.494082
    52 1.285143 0.000000 0.000000 -0.000002 0.040642 -0.404246
    53 7.023272 -6.880002 4.339547 2.620672 -1.456011 -1.105365
    54 3.813803 -3.870654 0.998558 1.570796 -1.069638 0.199892
    55 0.000000 -0.000007 -0.000031 1.373047 0.113574 0.124314
    56 0.000000 -0.000007 -0.000034 1.373047 0.113574 0.124314
    57 2.980469 -1.569336 -0.888184 -1.501135 -0.273312 -1.578260
    58 2.000008 -3.000000 0.000000 -1.570796 0.000000 -1.326450
    59 3.175781 -1.395508 0.126343 1.500597 -0.354914 1.381041
    60 0.000004 0.000000 10.000004 0.000000 0.000000 0.000000
    61 0.018898 0.665158 9.395884 0.000000 0.000000 0.000000
    62 3.028212 -0.923409 -2.009451 1.574082 -0.012974 1.587244
    63 0.116951 4.311603 0.061861 0.000010 0.000000 0.000000
    64 0.000000 0.000000 0.000000 0.000000 0.000000 0.000000
    65 0.000000 1.000000 0.000008 0.000000 0.000000 0.000000
    66 0.000000 0.000000 0.000000 0.000000 0.000000 0.000000
    67 0.000000 0.000000 0.000000 0.000000 0.000000 0.000000
    68 0.000000 0.000000 0.000000 0.000000 0.000000 0.000000
    69 19.253853 0.000000 -0.000001 0.000000 0.000000 0.025253
    70 19.253841 0.000000 0.000000 0.000000 0.000000 0.025250
    71 5.884354 0.000000 0.000004 -0.126310 0.000000 0.000000
    72 11.768705 -0.000001 0.000000 -0.238428 0.000000 0.000000
    73 11.679201 0.000000 -0.000004 0.000000 0.000000 -0.161658
    74 5.837998 -0.735000 -0.525002 0.000000 0.000000 0.000000
    75 5.825531 2.661388 2.409388 -0.001945 -0.016320 -0.024506
    76 6.752561 4.039024 -0.341453 0.001435 0.018681 -0.019052
    77 7.652452 1.954227 -2.880674 0.034288 0.011731 0.007773
    78 11.768707 0.000001 0.000004 0.242666 0.000000 0.000000
    79 5.884352 0.000001 0.000000 0.128617 0.000000 0.000000
    80 11.679197 0.000000 0.000008 0.000000 0.000000 -0.161657
    81 5.837997 -0.641044 0.525002 -0.049483 0.000000 0.000000
    82 5.625286 3.107059 -2.433369 0.110853 0.082458 -0.006869
    83 6.677644 4.114117 0.449763 -0.008964 0.010245 -0.007166
    84 7.673524 1.768635 2.985535 -0.031931 0.006501 0.012462
    85 4.902687 0.655644 -8.954903 0.081942 0.003890 0.000160
    86 2.649670 8.412623 -3.003099 -1.828871 -1.111184 1.884926
    87 2.538502 8.321048 3.447679 1.536390 -1.079904 -1.522285
  time 24
    0 -68.791618 -0.670953 34.604496 1.612786 -0.026600 -0.411616
    1 3.806942 0.000000 0.000000 -0.866281 -0.635396 -2.165753
    2 19.263105 0.000000 0.000000 0.000000 0.000000 0.783610
    3 17.589100 0.000000 0.000000 -0.071389 -0.221654 -1.217020
    4 6.240662 0.000000 0.000000 0.020475 -0.027733 -0.391195
    5 -3.806942 0.000000 0.000000 -1.209501 -0.227290 -1.341030
    6 19.263098 0.000000 0.000000 0.000000 0.000000 1.141698
    7 17.589096 0.000000 0.000000 0.237418 0.356735 -0.888112
    8 6.240662 0.000000 0.000000 -0.112081 0.023833 -0.878517
    9 0.000000 4.246162 -0.018825 1.524133 -0.242849 1.556650
    10 4.195629 0.000000 0.000000 -0.129398 -0.024377 0.008176
    11 3.883152 0.000001 0.000000 -0.110483 -0.033261 0.154177
    12 5.989849 0.000002 0.000000 -0.088362 0.074304 0.550247
    13 5.620499 0.000002 0.000000 3.581922 -0.061055 0.122741
    14 4.684906 0.000002 0.000000 0.260901 0.072542 0.618897
    15 4.268658 1.531894 1.575000 -1.207973 -1.504806 -0.383346
    16 5.782729 -0.000008 0.000001 -1.584206 -0.885670 -1.156952
    17 11.452765 0.000001 -0.000004 -0.012063 -0.038130 -1.786519
    18 10.945532 -0.000006 -0.000031 0.050533 -0.300748 0.130939
    19 3.147137 0.005676 -1.551344 0.025532 -0.101228 -0.750906
    20 1.585899 0.000000 0.000000 -0.132564 -0.211448 -0.566006
    21 0.849079 0.000000 0.000000 -0.054473 -0.175380 -0.302889
    22 3.471083 0.213272 -0.574067 0.123399 0.009648 -0.786270
    23 1.897537 -0.000008 0.000000 -0.098476 -0.176680 -0.512087
    24 1.014450 0.000004 0.000000 0.002415 0.009757 -0.242679
    25 3.750084 0.114773 0.430058 0.174783 0.047052 -0.472912
    26 2.258194 0.000000 0.000000 -0.121557 -0.078219 -1.001729
    27 1.210388 0.000008 0.000000 0.001897 0.012019 -0.156562
    28 3.868299 -0.166634 1.490139 0.187546 0.033955 -0.039240
    29 1.786062 0.000000 0.000000 0.048663 0.060670 -0.676682
    30 1.044445 -0.000004 0.000000 0.001277 0.038558 -0.401844
    31 1.121477 -1.351563 1.030997 1.693867 -0.344560 -0.124114
    32 1.928114 0.000000 -0.000004 -0.000001 -0.188118 0.059543
    33 1.285139 0.000000 0.000008 0.000000 -0.040646 0.196333
    34 4.268658 1.531896 -1.575000 -0.977508 1.210540 -2.542525
    35 5.782726 0.000000 0.000000 0.935232 0.814494 -1.003769
    36 11.452768 -0.000001 0.000000 -0.002661 -0.007658 -1.661468
    37 10.945511 -0.000005 0.000015 -1.022003 0.043735 -0.438696
    38 3.147156 0.000069 1.551353 -0.323007 -0.149789 -1.078840
    39 1.585901 -0.000008 0.000000 -0.128601 0.004972 -1.609316
    40 0.849083 0.000004 0.000000 0.054471 0.175377 -0.910371
    41 3.471104 0.211185 0.574834 -0.338321 -0.158810 -1.076422
    42 1.897535 0.000000 0.000000 0.047211 0.006507 -1.433956
    43 1.014454 0.000000 0.000000 -0.002415 -0.009753 -0.901516
    44 3.750103 0.116325 -0.429640 -0.351987 -0.189781 -0.975692
    45 2.258196 0.000008 0.000000 0.066382 -0.000253 -1.574727
    46 1.210384 0.000004 0.000000 -0.001897 -0.012019 -0.834495
    47 3.868322 -0.161243 -1.490732 -0.188176 -0.087701 -0.204766
    48 1.786062 -0.000008 0.000000 -0.051327 -0.064037 -0.676424
    49 1.044445 0.000004 -0.000001 -0.001277 -0.038560 -0.033101
    50 1.121500 -1.347832 -1.035882 -1.801951 0.200199 -0.546469
    51 1.928120 -0.000001 0.000000 0.000000 -0.225049 -0.494082
    52 1.285143 0.000000 0.000000 -0.000002 0.040642 -0.404246
    53 7.023272 -6.880002 4.339547 2.620672 -1.456011 -1.105365
    54 3.813803 -3.870654 0.998558 1.570796 -1.069638 0.199892
    55 0.000000 -0.000007 -0.000031 1.373047 0.113574 0.124314
    56 0.000000 -0.000007 -0.000034 1.373047 0.113574 0.124314
    57 2.980469 -1.569336 -0.888184 -1.501135 -0.273312 -1.578260
    58 2.000008 -3.000000 0.000000 -1.570796 0.000000 -1.326450
    59 3.175781 -1.395508 0.126343 1.500597 -0.354914 1.381041
    60 0.000004 0.000000 10.000004 0.000000 0.000000 0.000000
    61 0.018898 0.665158 9.395884 0.000000 0.000000 0.000000
    62 3.028212 -0.923409 -2.009451 1.574082 -0.012974 1.587244
    63 0.116951 4.311603 0.061861 0.000010 0.000000 0.000000
    64 0.000000 0.000000 0.000000 0.000000 0.000000 0.000000
    65 0.000000 1.000000 0.000008 0.000000 0.000000 0.000000
    66 0.000000 0.000000 0.000000 0.000000 0.000000 0.000000
    67 0.000000 0.000000 0.000000 0.000000 0.000000 0.000000
    68 0.000000 0.000000 0.000000 0.000000 0.000000 0.000000
    69 19.253853 0.000000 -0.000001 0.000000 0.000000 0.025253
    70 19.253841 0.000000 0.000000 0.000000 0.000000 0.025250
    71 5.884354 0.000000 0.000004 -0.126310 0.000000 0.000000
    72 11.768705 -0.000001 0.000000 -0.238428 0.000000 0.000000
    73 11.679201 0.000000 -0.000004 0.000000 0.000000 -0.161658
    74 5.837998 -0.735000 -0.525002 0.000000 0.000000 0.000000
    75 5.825531 2.661388 2.409388 -0.001945 -0.016320 -0.024506
    76 6.752561 4.039024 -0.341453 0.001435 0.018681 -0.019052
    77 7.652452 1.954227 -2.880674 0.034288 0.011731 0.007773
    78 11.768707 0.000001 0.000004 0.242666 0.000000 0.000000
    79 5.884352 0.000001 0.000000 0.128617 0.000000 0.000000
    80 11.679197 0.000000 0.000008 0.000000 0.000000 -0.161657
    81 5.837997 -0.641044 0.525002 -0.049483 0.000000 0.000000
    82 5.625286 3.107059 -2.433369 0.110853 0.082458 -0.006869
    83 6.677644 4.114117 0.449763 -0.008964 0.010245 -0.007166
    84 7.673524 1.768635 2.985535 -0.031931 0.006501 0.012462
    85 4.902687 0.655644 -8.954903 0.081942 0.003890 0.000160
    86 2.649670 8.412623 -3.003099 -1.828871 -1.111184 1.884926
    87 2.538502 8.321048 3.447679 1.536390 -1.079904 -1.522285
  time 25
    0 -71.687706 -0.959836 34.729500 1.609011 -0.026698 -0.389213
    1 3.806942 0.000000 0.000000 -0.910329 -0.650526 -2.117280
    2 19.263105 0.000000 0.000000 0.000000 0.000000 0.899609
    3 17.589100 0.000000 0.000000 -0.046988 -0.161977 -1.303054
    4 6.240662 0.000000 0.000000 0.020475 -0.027733 -0.372525
    5 -3.806942 0.000000 0.000000 -1.250852 -0.321003 -1.385397
    6 19.263098 0.000000 0.000000 0.000000 0.000000 1.330475
    7 17.589096 0.000000 0.000000 0.251815 0.267615 -0.848234
    8 6.240662 0.000000 0.000000 -0.112117 0.023857 -0.484863
    9 0.000000 4.246162 -0.018825 1.505682 -0.255081 1.560671
    10 4.195629 0.000000 0.000000 -0.132598 -0.025587 0.010352
    11 3.883152 0.000001 0.000000 -0.111623 -0.035217 0.155039
    12 5.989849 0.000002 0.000000 -0.087008 0.077325 0.550171
    13 5.620499 0.000002 0.000000 3.587720 -0.055905 0.118409
    14 4.684906 0.000002 0.000000 0.264434 0.070972 0.619596
    15 4.268658 1.531894 1.575000 -1.227711 -1.501946 -0.369179
    16 5.782729 -0.000008 0.000001 -1.601029 -0.893487 -1.149571
    17 11.452765 0.000001 -0.000004 -0.018282 -0.042262 -1.779291
    18 10.945532 -0.000006 -0.000031 0.044887 -0.288733 0.133147
    19 3.147137 0.005676 -1.551344 0.025532 -0.101228 -0.750906
    20 1.585899 0.000000 0.000000 -0.132564 -0.211448 -0.566006
    21 0.849079 0.000000 0.000000 -0.054473 -0.175380 -0.302889
    22 3.471083 0.213272 -0.574067 0.123387 0.009636 -0.786270
    23 1.897537 -0.000008 0.000000 -0.098476 -0.176680 -0.512087
    24 1.014450 0.000004 0.000000 0.002415 0.009757 -0.242679
    25 3.750084 0.114773 0.430058 0.174783 0.047052 -0.472912
    26 2.258194 0.000000 0.000000 -0.121557 -0.078219 -1.001729
    27 1.210388 0.000008 0.000000 0.001897 0.012019 -0.156562
    28 3.868299 -0.166634 1.490139 0.187546 0.033955 -0.039240
    29 1.786062 0.000000 0.000000 0.048663 0.060670 -0.676682
    30 1.044445 -0.000004 0.000000 0.001277 0.038558 -0.401844
    31 1.121477 -1.351563 1.030997 1.693867 -0.344560 -0.124114
    32 1.928114 0.000000 -0.000004 -0.000001 -0.188118 0.059543
    33 1.285139 0.000000 0.000008 0.000000 -0.040646 0.196333
    34 4.268658 1.531896 -1.575000 -0.985924 1.212005 -2.548392
    35 5.782726 0.000000 0.000000 0.934885 0.834696 -1.003769
    36 11.452768 -0.000001 0.000000 -0.003380 -0.006531 -1.666199
    37 10.945511 -0.000005 0.000015 -1.021196 0.050082 -0.416491
    38 3.147156 0.000069 1.551353 -0.323007 -0.149789 -1.078840
    39 1.585901 -0.000008 0.000000 -0.128601 0.004972 -1.609316
    40 0.849083 0.000004 0.000000 0.054471 0.175377 -0.910371
    41 3.471104 0.211185 0.574834 -0.338333 -0.158810 -1.076422
    42 1.897535 0.000000 0.000000 0.047211 0.006507 -1.433956
    43 1.014454 0.000000 0.000000 -0.002415 -0.009753 -0.901516
    44 3.750103 0.116325 -0.429640 -0.351987 -0.189781 -0.975692
    45 2.258196 0.000008 0.000000 0.066382 -0.000241 -1.574727
    46 1.210384 0.000004 0.000000 -0.001897 -0.012019 -0.834495
    47 3.868322 -0.161243 -1.490732 -0.188176 -0.087701 -0.204766
    48 1.786062 -0.000008 0.000000 -0.051327 -0.064037 -0.676424
    49 1.044445 0.000004 -0.000001 -0.001277 -0.038560 -0.033101
    50 1.121500 -1.347832 -1.035882 -1.801951 0.200199 -0.546469
    51 1.928120 -0.000001 0.000000 0.000000 -0.225049 -0.494082
    52 1.285143 0.000000 0.000000 -0.000002 0.040642 -0.404246
    53 7.023272 -6.880002 4.339547 2.620672 -1.456011 -1.105365
    54 3.813803 -3.870654 0.998558 1.570796 -1.069638 0.199892
    55 0.000000 -0.000007 -0.000031 1.373047 0.113574 0.124314
    56 0.000000 -0.000007 -0.000034 1.373047 0.113574 0.124314
    57 2.980469 -1.569336 -0.888184 -1.501135 -0.273312 -1.578260
    58 2.000008 -3.000000 0.000000 -1.570796 0.000000 -1.326450
    59 3.175781 -1.395508 0.126343 1.500597 -0.354914 1.381041
    60 0.000004 0.000000 10.000004 0.000000 0.000000 0.000000
    61 0.018898 0.665158 9.395884 0.000000 0.000000 0.000000
    62 3.028212 -0.923409 -2.009451 1.574082 -0.012974 1.587244
    63 0.116951 4.311603 0.061861 0.000010 0.000000 0.000000
    64 0.000000 0.000000 0.000000 0.000000 0.000000 0.000000
    65 0.000000 1.000000 0.000008 0.000000 0.000000 0.000000
    66 0.000000 0.000000 0.000000 0.000000 0.000000 0.000000
    67 0.000000 0.000000 0.000000 0.000000 0.000000 0.000000
    68 0.000000 0.000000 0.000000 0.000000 0.000000 0.000000
    69 19.253853 0.000000 -0.000001 0.000000 0.000000 0.025253
    70 19.253841 0.000000 0.000000 0.000000 0.000000 0.025250
    71 5.884354 0.000000 0.000004 -0.126310 0.000000 0.000000
    72 11.768705 -0.000001 0.000000 -0.238428 0.000000 0.000000
    73 11.679201 0.000000 -0.000004 0.000000 0.000000 -0.161658
    74 5.837998 -0.735000 -0.525002 0.000000 0.000000 0.000000
    75 5.825531 2.661388 2.409388 -0.001945 -0.016320 -0.024506
    76 6.752561 4.039024 -0.341453 0.001435 0.018681 -0.019052
    77 7.652452 1.954227 -2.880674 0.034288 0.011731 0.007773
    78 11.768707 0.000001 0.000004 0.242666 0.000000 0.000000
    79 5.884352 0.000001 0.000000 0.128617 0.000000 0.000000
    80 11.679197 0.000000 0.000008 0.000000 0.000000 -0.161657
    81 5.837997 -0.641044 0.525002 -0.049483 0.000000 0.000000
    82 5.625286 3.107059 -2.433369 0.110853 0.082458 -0.006869
    83 6.677644 4.114117 0.449763 -0.008964 0.010245 -0.007166
    84 7.673524 1.768635 2.985535 -0.031931 0.006501 0.012462
    85 4.902687 0.655644 -8.954903 0.081942 0.003890 0.000160
    86 2.649670 8.412623 -3.003099 -1.828871 -1.111184 1.884926
    87 2.538502 8.321048 3.447679 1.536390 -1.079904 -1.522285
  time 26
    0 -74.521292 -1.230081 34.913099 1.613856 -0.023283 -0.373608
    1 3.806942 0.000000 0.000000 -0.969115 -0.664964 -2.038078
    2 19.263105 0.000000 0.000000 0.000000 0.000000 0.977983
    3 17.589100 0.000000 0.000000 -0.046798 -0.090033 -1.395437
    4 6.240662 0.000000 0.000000 0.020475 -0.027733 -0.368537
    5 -3.806942 0.000000 0.000000 -1.256112 -0.417642 -1.463559
    6 19.263098 0.000000 0.000000 0.000000 0.000000 1.468677
    7 17.589096 0.000000 0.000000 0.204077 0.207729 -1.022343
    8 6.240662 0.000000 0.000000 -0.112105 0.023857 -0.518446
    9 0.000000 4.246162 -0.018825 1.490127 -0.258769 1.567652
    10 4.195629 0.000000 0.000000 -0.135402 -0.026881 0.010575
    11 3.883152 0.000001 0.000000 -0.112751 -0.038334 0.153875
    12 5.989849 0.000002 0.000000 -0.086277 0.080141 0.546460
    13 5.620499 0.000002 0.000000 3.591465 -0.056011 0.118719
    14 4.684906 0.000002 0.000000 0.268656 0.069342 0.619596
    15 4.268658 1.531894 1.575000 -1.217267 -1.504915 -0.375497
    16 5.782729 -0.000008 0.000001 -1.628023 -0.898722 -1.119130
    17 11.452765 0.000001 -0.000004 -0.020962 -0.046994 -1.784680
    18 10.945532 -0.000006 -0.000031 0.029208 -0.289607 0.143548
    19 3.147137 0.005676 -1.551344 0.025532 -0.101228 -0.750906
    20 1.585899 0.000000 0.000000 -0.132564 -0.211448 -0.566006
    21 0.849079 0.000000 0.000000 -0.054473 -0.175380 -0.302889
    22 3.471083 0.213272 -0.574067 0.123399 0.009636 -0.786270
    23 1.897537 -0.000008 0.000000 -0.098476 -0.176680 -0.512087
    24 1.014450 0.000004 0.000000 0.002415 0.009757 -0.242679
    25 3.750084 0.114773 0.430058 0.174783 0.047052 -0.472912
    26 2.258194 0.000000 0.000000 -0.121557 -0.078219 -1.001729
    27 1.210388 0.000008 0.000000 0.001897 0.012019 -0.156562
    28 3.868299 -0.166634 1.490139 0.187546 0.033955 -0.039240
    29 1.786062 0.000000 0.000000 0.048663 0.060670 -0.676682
    30 1.044445 -0.000004 0.000000 0.001277 0.038558 -0.401844
    31 1.121477 -1.351563 1.030997 1.693867 -0.344560 -0.124114
    32 1.928114 0.000000 -0.000004 -0.000001 -0.188118 0.059543
    33 1.285139 0.000000 0.000008 0.000000 -0.040646 0.196333
    34 4.268658 1.531896 -1.575000 -0.957839 1.217654 -2.519711
    35 5.782726 0.000000 0.000000 0.922363 0.850451 -1.024442
    36 11.452768 -0.000001 0.000000 -0.008006 -0.009923 -1.668004
    37 10.945511 -0.000005 0.000015 -1.018235 0.051431 -0.401799
    38 3.147156 0.000069 1.551353 -0.323007 -0.149789 -1.078840
    39 1.585901 -0.000008 0.000000 -0.128601 0.004972 -1.609316
    40 0.849083 0.000004 0.000000 0.054471 0.175377 -0.910371
    41 3.471104 0.211185 0.574834 -0.338333 -0.158810 -1.076422
    42 1.897535 0.000000 0.000000 0.047211 0.006519 -1.433956
    43 1.014454 0.000000 0.000000 -0.002415 -0.009753 -0.901516
    44 3.750103 0.116325 -0.429640 -0.351987 -0.189781 -0.975692
    45 2.258196 0.000008 0.000000 0.066382 -0.000241 -1.574727
    46 1.210384 0.000004 0.000000 -0.001897 -0.012019 -0.834495
    47 3.868322 -0.161243 -1.490732 -0.188176 -0.087701 -0.204766
    48 1.786062 -0.000008 0.000000 -0.051327 -0.064037 -0.676424
    49 1.044445 0.000004 -0.000001 -0.001277 -0.038560 -0.033101
    50 1.121500 -1.347832 -1.035882 -1.801951 0.200199 -0.546469
    51 1.928120 -0.000001 0.000000 0.000000 -0.225049 -0.494082
    52 1.285143 0.000000 0.000000 -0.000002 0.040642 -0.404246
    53 7.023272 -6.880002 4.339547 2.620672 -1.456011 -1.105365
    54 3.813803 -3.870654 0.998558 1.570796 -1.069638 0.199892
    55 0.000000 -0.000007 -0.000031 1.373047 0.113574 0.124314
    56 0.000000 -0.000007 -0.000034 1.373047 0.113574 0.124314
    57 2.980469 -1.569336 -0.888184 -1.501135 -0.273312 -1.578260
    58 2.000008 -3.000000 0.000000 -1.570796 0.000000 -1.326450
    59 3.175781 -1.395508 0.126343 1.500597 -0.354914 1.381041
    60 0.000004 0.000000 10.000004 0.000000 0.000000 0.000000
    61 0.018898 0.665158 9.395884 0.000000 0.000000 0.000000
    62 3.028212 -0.923409 -2.009451 1.574082 -0.012974 1.587244
    63 0.116951 4.311603 0.061861 0.000010 0.000000 0.000000
    64 0.000000 0.000000 0.000000 0.000000 0.000000 0.000000
    65 0.000000 1.000000 0.000008 0.000000 0.000000 0.000000
    66 0.000000 0.000000 0.000000 0.000000 0.000000 0.000000
    67 0.000000 0.000000 0.000000 0.000000 0.000000 0.000000
    68 0.000000 0.000000 0.000000 0.000000 0.000000 0.000000
    69 19.253853 0.000000 -0.000001 0.000000 0.000000 0.025253
    70 19.253841 0.000000 0.000000 0.000000 0.000000 0.025250
    71 5.884354 0.000000 0.000004 -0.126310 0.000000 0.000000
    72 11.768705 -0.000001 0.000000 -0.238428 0.000000 0.000000
    73 11.679201 0.000000 -0.000004 0.000000 0.000000 -0.161658
    74 5.837998 -0.735000 -0.525002 0.000000 0.000000 0.000000
    75 5.825531 2.661388 2.409388 -0.001945 -0.016320 -0.024506
    76 6.752561 4.039024 -0.341453 0.001435 0.018681 -0.019052
    77 7.652452 1.954227 -2.880674 0.034288 0.011731 0.007773
    78 11.768707 0.000001 0.000004 0.242666 0.000000 0.000000
    79 5.884352 0.000001 0.000000 0.128617 0.000000 0.000000
    80 11.679197 0.000000 0.000008 0.000000 0.000000 -0.161657
    81 5.837997 -0.641044 0.525002 -0.049483 0.000000 0.000000
    82 5.625286 3.107059 -2.433369 0.110853 0.082458 -0.006869
    83 6.677644 4.114117 0.449763 -0.008964 0.010245 -0.007166
    84 7.673524 1.768635 2.985535 -0.031931 0.006501 0.012462
    85 4.902687 0.655644 -8.954903 0.081942 0.003890 0.000160
    86 2.649670 8.412623 -3.003099 -1.828871 -1.111184 1.884926
    87 2.538502 8.321048 3.447679 1.536390 -1.079904 -1.522285
  time 27
    0 -77.272845 -1.397819 35.206077 1.622414 -0.017700 -0.361067
    1 3.806942 0.000000 0.000000 -1.040629 -0.670915 -1.935306
    2 19.263105 0.000000 0.000000 0.000000 0.000000 1.014111
    3 17.589100 0.000000 0.000000 -0.067502 -0.013477 -1.460307
    4 6.240662 0.000000 0.000000 0.020475 -0.027733 -0.368132
    5 -3.806942 0.000000 0.000000 -1.179693 -0.504636 -1.615897
    6 19.263098 0.000000 0.000000 0.000000 0.000000 1.532706
    7 17.589096 0.000000 0.000000 0.199384 0.227546 -1.185913
    8 6.240662 0.000000 0.000000 -0.112105 0.023857 -0.481512
    9 0.000000 4.246162 -0.018825 1.476167 -0.256432 1.575092
    10 4.195629 0.000000 0.000000 -0.138578 -0.028104 0.009718
    11 3.883152 0.000001 0.000000 -0.113976 -0.041084 0.151129
    12 5.989849 0.000002 0.000000 -0.085989 0.081891 0.542598
    13 5.620499 0.000002 0.000000 3.592955 -0.060476 0.126560
    14 4.684906 0.000002 0.000000 0.272129 0.069210 0.614828
    15 4.268658 1.531894 1.575000 -1.203757 -1.515956 -0.381623
    16 5.782729 -0.000008 0.000001 -1.664329 -0.904460 -1.069961
    17 11.452765 0.000001 -0.000004 -0.023857 -0.055888 -1.790640
    18 10.945532 -0.000006 -0.000031 0.014851 -0.289607 0.156028
    19 3.147137 0.005676 -1.551344 0.025532 -0.101228 -0.750906
    20 1.585899 0.000000 0.000000 -0.132564 -0.211448 -0.566006
    21 0.849079 0.000000 0.000000 -0.054473 -0.175380 -0.302889
    22 3.471083 0.213272 -0.574067 0.123399 0.009636 -0.786270
    23 1.897537 -0.000008 0.000000 -0.098476 -0.176680 -0.512087
    24 1.014450 0.000004 0.000000 0.002415 0.009757 -0.242679
    25 3.750084 0.114773 0.430058 0.174783 0.047052 -0.472912
    26 2.258194 0.000000 0.000000 -0.121557 -0.078219 -1.001729
    27 1.210388 0.000008 0.000000 0.001897 0.012019 -0.156562
    28 3.868299 -0.166634 1.490139 0.187546 0.033955 -0.039240
    29 1.786062 0.000000 0.000000 0.048663 0.060670 -0.676682
    30 1.044445 -0.000004 0.000000 0.001277 0.038558 -0.401844
    31 1.121477 -1.351563 1.030997 1.693867 -0.344560 -0.124114
    32 1.928114 0.000000 -0.000004 -0.000001 -0.188118 0.059543
    33 1.285139 0.000000 0.000008 0.000000 -0.040646 0.196333
    34 4.268658 1.531896 -1.575000 -0.944033 1.225341 -2.504066
    35 5.782726 0.000000 0.000000 0.909842 0.865856 -1.045182
    36 11.452768 -0.000001 0.000000 -0.011637 -0.012500 -1.665825
    37 10.945511 -0.000005 0.000015 -1.016755 0.052181 -0.390626
    38 3.147156 0.000069 1.551353 -0.323007 -0.149789 -1.078840
    39 1.585901 -0.000008 0.000000 -0.128601 0.004972 -1.609316
    40 0.849083 0.000004 0.000000 0.054471 0.175377 -0.910371
    41 3.471104 0.211185 0.574834 -0.338333 -0.158810 -1.076422
    42 1.897535 0.000000 0.000000 0.047211 0.006507 -1.433956
    43 1.014454 0.000000 0.000000 -0.002415 -0.009753 -0.901516
    44 3.750103 0.116325 -0.429640 -0.351987 -0.189781 -0.975692
    45 2.258196 0.000008 0.000000 0.066382 -0.000241 -1.574727
    46 1.210384 0.000004 0.000000 -0.001897 -0.012019 -0.834495
    47 3.868322 -0.161243 -1.490732 -0.188176 -0.087701 -0.204766
    48 1.786062 -0.000008 0.000000 -0.051327 -0.064037 -0.676424
    49 1.044445 0.000004 -0.000001 -0.001277 -0.038560 -0.033101
    50 1.121500 -1.347832 -1.035882 -1.801951 0.200199 -0.546469
    51 1.928120 -0.000001 0.000000 0.000000 -0.225049 -0.494082
    52 1.285143 0.000000 0.000000 -0.000002 0.040642 -0.404246
    53 7.023272 -6.880002 4.339547 2.620672 -1.456011 -1.105365
    54 3.813803 -3.870654 0.998558 1.570796 -1.069638 0.199892
    55 0.000000 -0.000007 -0.000031 1.373047 0.113574 0.124314
    56 0.000000 -0.000007 -0.000034 1.373047 0.113574 0.124314
    57 2.980469 -1.569336 -0.888184 -1.501135 -0.273312 -1.578260
    58 2.000008 -3.000000 0.000000 -1.570796 0.000000 -1.326450
    59 3.175781 -1.395508 0.126343 1.500597 -0.354914 1.381041
    60 0.000004 0.000000 10.000004 0.000000 0.000000 0.000000
    61 0.018898 0.665158 9.395884 0.000000 0.000000 0.000000
    62 3.028212 -0.923409 -2.009451 1.574082 -0.012974 1.587244
    63 0.116951 4.311603 0.061861 0.000010 0.000000 0.000000
    64 0.000000 0.000000 0.000000 0.000000 0.000000 0.000000
    65 0.000000 1.000000 0.000008 0.000000 0.000000 0.000000
    66 0.000000 0.000000 0.000000 0.000000 0.000000 0.000000
    67 0.000000 0.000000 0.000000 0.000000 0.000000 0.000000
    68 0.000000 0.000000 0.000000 0.000000 0.000000 0.000000
    69 19.253853 0.000000 -0.000001 0.000000 0.000000 0.025253
    70 19.253841 0.000000 0.000000 0.000000 0.000000 0.025250
    71 5.884354 0.000000 0.000004 -0.126310 0.000000 0.000000
    72 11.768705 -0.000001 0.000000 -0.238428 0.000000 0.000000
    73 11.679201 0.000000 -0.000004 0.000000 0.000000 -0.161658
    74 5.837998 -0.735000 -0.525002 0.000000 0.000000 0.000000
    75 5.825531 2.661388 2.409388 -0.001945 -0.016320 -0.024506
    76 6.752561 4.039024 -0.341453 0.001435 0.018681 -0.019052
    77 7.652452 1.954227 -2.880674 0.034288 0.011731 0.007773
    78 11.768707 0.000001 0.000004 0.242666 0.000000 0.000000
    79 5.884352 0.000001 0.000000 0.128617 0.000000 0.000000
    80 11.679197 0.000000 0.000008 0.000000 0.000000 -0.161657
    81 5.837997 -0.641044 0.525002 -0.049483 0.000000 0.000000
    82 5.625286 3.107059 -2.433369 0.110853 0.082458 -0.006869
    83 6.677644 4.114117 0.449763 -0.008964 0.010245 -0.007166
    84 7.673524 1.768635 2.985535 -0.031931 0.006501 0.012462
    85 4.902687 0.655644 -8.954903 0.081942 0.003890 0.000160
    86 2.649670 8.412623 -3.003099 -1.828871 -1.111184 1.884926
    87 2.538502 8.321048 3.447679 1.536390 -1.079904 -1.522285
  time 28
    0 -80.000959 -1.472369 35.522493 1.622162 -0.015500 -0.347568
    1 3.806942 0.000000 0.000000 -1.116889 -0.657676 -1.824085
    2 19.263105 0.000000 0.000000 0.000000 0.000000 1.021596
    3 17.589100 0.000000 0.000000 -0.095685 0.060989 -1.508688
    4 6.240662 0.000000 0.000000 0.020475 -0.027733 -0.363797
    5 -3.806942 0.000000 0.000000 -1.028682 -0.536452 -1.832647
    6 19.263098 0.000000 0.000000 0.000000 0.000000 1.510972
    7 17.589096 0.000000 0.000000 0.170323 0.175701 -1.354678
    8 6.240662 0.000000 0.000000 -0.112105 0.023869 -0.469254
    9 0.000000 4.246162 -0.018825 1.460652 -0.258219 1.578196
    10 4.195629 0.000000 0.000000 -0.141526 -0.029602 0.009755
    11 3.883152 0.000001 0.000000 -0.115189 -0.042612 0.147291
    12 5.989849 0.000002 0.000000 -0.086181 0.081591 0.539140
    13 5.620499 0.000002 0.000000 3.595451 -0.062792 0.134308
    14 4.684906 0.000002 0.000000 0.275523 0.068299 0.610025
    15 4.268658 1.531894 1.575000 -1.166006 -1.525622 -0.406607
    16 5.782729 -0.000008 0.000001 -1.696253 -0.916508 -1.029394
    17 11.452765 0.000001 -0.000004 -0.028200 -0.066209 -1.794444
    18 10.945532 -0.000006 -0.000031 0.014191 -0.281124 0.164029
    19 3.147137 0.005676 -1.551344 0.025532 -0.101228 -0.750906
    20 1.585899 0.000000 0.000000 -0.132564 -0.211448 -0.566006
    21 0.849079 0.000000 0.000000 -0.054473 -0.175380 -0.302889
    22 3.471083 0.213272 -0.574067 0.123399 0.009636 -0.786270
    23 1.897537 -0.000008 0.000000 -0.098476 -0.176680 -0.512087
    24 1.014450 0.000004 0.000000 0.002415 0.009757 -0.242679
    25 3.750084 0.114773 0.430058 0.174783 0.047052 -0.472912
    26 2.258194 0.000000 0.000000 -0.121557 -0.078219 -1.001729
    27 1.210388 0.000008 0.000000 0.001897 0.012019 -0.156562
    28 3.868299 -0.166634 1.490139 0.187546 0.033955 -0.039240
    29 1.786062 0.000000 0.000000 0.048663 0.060670 -0.676682
    30 1.044445 -0.000004 0.000000 0.001277 0.038558 -0.401844
    31 1.121477 -1.351563 1.030997 1.693867 -0.344560 -0.124114
    32 1.928114 0.000000 -0.000004 -0.000001 -0.188118 0.059543
    33 1.285139 0.000000 0.000008 0.000000 -0.040646 0.196333
    34 4.268658 1.531896 -1.575000 -0.956420 1.231597 -2.513192
    35 5.782726 0.000000 0.000000 0.901755 0.876220 -1.054978
    36 11.452768 -0.000001 0.000000 -0.011122 -0.012895 -1.664082
    37 10.945511 -0.000005 0.000015 -1.020321 0.057678 -0.383826
    38 3.147156 0.000069 1.551353 -0.323007 -0.149789 -1.078840
    39 1.585901 -0.000008 0.000000 -0.128601 0.004972 -1.609316
    40 0.849083 0.000004 0.000000 0.054471 0.175377 -0.910371
    41 3.471104 0.211185 0.574834 -0.338321 -0.158810 -1.076422
    42 1.897535 0.000000 0.000000 0.047211 0.006507 -1.433956
    43 1.014454 0.000000 0.000000 -0.002415 -0.009753 -0.901516
    44 3.750103 0.116325 -0.429640 -0.351987 -0.189781 -0.975692
    45 2.258196 0.000008 0.000000 0.066382 -0.000241 -1.574727
    46 1.210384 0.000004 0.000000 -0.001897 -0.012019 -0.834495
    47 3.868322 -0.161243 -1.490732 -0.188176 -0.087701 -0.204766
    48 1.786062 -0.000008 0.000000 -0.051327 -0.064037 -0.676424
    49 1.044445 0.000004 -0.000001 -0.001277 -0.038560 -0.033101
    50 1.121500 -1.347832 -1.035882 -1.801951 0.200199 -0.546469
    51 1.928120 -0.000001 0.000000 0.000000 -0.225049 -0.494082
    52 1.285143 0.000000 0.000000 -0.000002 0.040642 -0.404246
    53 7.023272 -6.880002 4.339547 2.620672 -1.456011 -1.105365
    54 3.813803 -3.870654 0.998558 1.570796 -1.069638 0.199892
    55 0.000000 -0.000007 -0.000031 1.373047 0.113574 0.124314
    56 0.000000 -0.000007 -0.000034 1.373047 0.113574 0.124314
    57 2.980469 -1.569336 -0.888184 -1.501135 -0.273312 -1.578260
    58 2.000008 -3.000000 0.000000 -1.570796 0.000000 -1.326450
    59 3.175781 -1.395508 0.126343 1.500597 -0.354914 1.381041
    60 0.000004 0.000000 10.000004 0.000000 0.000000 0.000000
    61 0.018898 0.665158 9.395884 0.000000 0.000000 0.000000
    62 3.028212 -0.923409 -2.009451 1.574082 -0.012974 1.587244
    63 0.116951 4.311603 0.061861 0.000010 0.000000 0.000000
    64 0.000000 0.000000 0.000000 0.000000 0.000000 0.000000
    65 0.000000 1.000000 0.000008 0.000000 0.000000 0.000000
    66 0.000000 0.000000 0.000000 0.000000 0.000000 0.000000
    67 0.000000 0.000000 0.000000 0.000000 0.000000 0.000000
    68 0.000000 0.000000 0.000000 0.000000 0.000000 0.000000
    69 19.253853 0.000000 -0.000001 0.000000 0.000000 0.025253
    70 19.253841 0.000000 0.000000 0.000000 0.000000 0.025250
    71 5.884354 0.000000 0.000004 -0.126310 0.000000 0.000000
    72 11.768705 -0.000001 0.000000 -0.238428 0.000000 0.000000
    73 11.679201 0.000000 -0.000004 0.000000 0.000000 -0.161658
    74 5.837998 -0.735000 -0.525002 0.000000 0.000000 0.000000
    75 5.825531 2.661388 2.409388 -0.001945 -0.016320 -0.024506
    76 6.752561 4.039024 -0.341453 0.001435 0.018681 -0.019052
    77 7.652452 1.954227 -2.880674 0.034288 0.011731 0.007773
    78 11.768707 0.000001 0.000004 0.242666 0.000000 0.000000
    79 5.884352 0.000001 0.000000 0.128617 0.000000 0.000000
    80 11.679197 0.000000 0.000008 0.000000 0.000000 -0.161657
    81 5.837997 -0.641044 0.525002 -0.049483 0.000000 0.000000
    82 5.625286 3.107059 -2.433369 0.110853 0.082458 -0.006869
    83 6.677644 4.114117 0.449763 -0.008964 0.010245 -0.007166
    84 7.673524 1.768635 2.985535 -0.031931 0.006501 0.012462
    85 4.902687 0.655644 -8.954903 0.081942 0.003890 0.000160
    86 2.649670 8.412623 -3.003099 -1.828871 -1.111184 1.884926
    87 2.538502 8.321048 3.447679 1.536390 -1.079904 -1.522285
  time 29
    0 -82.834545 -1.453732 35.819377 1.615115 -0.012282 -0.331580
    1 3.806942 0.000000 0.000000 -1.190190 -0.628938 -1.706104
    2 19.263105 0.000000 0.000000 0.000000 0.000000 1.008838
    3 17.589100 0.000000 0.000000 -0.129868 0.135762 -1.540582
    4 6.240662 0.000000 0.000000 0.020475 -0.027733 -0.368017
    5 -3.806942 0.000000 0.000000 -0.865251 -0.507150 -2.039461
    6 19.263098 0.000000 0.000000 0.000000 0.000000 1.407752
    7 17.589096 0.000000 0.000000 0.140654 0.014415 -1.460856
    8 6.240662 0.000000 0.000000 -0.112105 0.023869 -0.460818
    9 0.000000 4.246162 -0.018825 1.443659 -0.261746 1.582100
    10 4.195629 0.000000 0.000000 -0.144510 -0.030477 0.012117
    11 3.883152 0.000001 0.000000 -0.116023 -0.044262 0.144344
    12 5.989849 0.000002 0.000000 -0.086732 0.078966 0.534167
    13 5.620499 0.000002 0.000000 3.599216 -0.060521 0.131125
    14 4.684906 0.000002 0.000000 0.279371 0.063757 0.617116
    15 4.268658 1.531894 1.575000 -0.899930 -1.515088 -0.668315
    16 5.782729 -0.000008 0.000001 -1.687802 -0.928808 -1.034823
    17 11.452765 0.000001 -0.000004 -0.030532 -0.070506 -1.790006
    18 10.945532 -0.000006 -0.000031 0.012749 -0.270675 0.169053
    19 3.147137 0.005676 -1.551344 0.025532 -0.101228 -0.750906
    20 1.585899 0.000000 0.000000 -0.132564 -0.211448 -0.566006
    21 0.849079 0.000000 0.000000 -0.054473 -0.175380 -0.302889
    22 3.471083 0.213272 -0.574067 0.123387 0.009636 -0.786270
    23 1.897537 -0.000008 0.000000 -0.098476 -0.176680 -0.512087
    24 1.014450 0.000004 0.000000 0.002415 0.009757 -0.242679
    25 3.750084 0.114773 0.430058 0.174783 0.047052 -0.472912
    26 2.258194 0.000000 0.000000 -0.121557 -0.078219 -1.001729
    27 1.210388 0.000008 0.000000 0.001897 0.012019 -0.156562
    28 3.868299 -0.166634 1.490139 0.187546 0.033955 -0.039240
    29 1.786062 0.000000 0.000000 0.048663 0.060670 -0.676682
    30 1.044445 -0.000004 0.000000 0.001277 0.038558 -0.401844
    31 1.121477 -1.351563 1.030997 1.693867 -0.344560 -0.124114
    32 1.928114 0.000000 -0.000004 -0.000001 -0.188118 0.059543
    33 1.285139 0.000000 0.000008 0.000000 -0.040646 0.196333
    34 4.268658 1.531896 -1.575000 -0.951881 1.231633 -2.505184
    35 5.782726 0.000000 0.000000 0.885843 0.878425 -1.071529
    36 11.452768 -0.000001 0.000000 -0.010007 -0.014441 -1.668875
    37 10.945511 -0.000005 0.000015 -1.021801 0.062975 -0.372463
    38 3.147156 0.000069 1.551353 -0.323007 -0.149789 -1.078840
    39 1.585901 -0.000008 0.000000 -0.128601 0.004972 -1.609316
    40 0.849083 0.000004 0.000000 0.054471 0.175377 -0.910371
    41 3.471104 0.211185 0.574834 -0.338321 -0.158810 -1.076422
    42 1.897535 0.000000 0.000000 0.047211 0.006507 -1.433956
    43 1.014454 0.000000 0.000000 -0.002415 -0.009753 -0.901516
    44 3.750103 0.116325 -0.429640 -0.351987 -0.189781 -0.975692
    45 2.258196 0.000008 0.000000 0.066382 -0.000241 -1.574727
    46 1.210384 0.000004 0.000000 -0.001897 -0.012019 -0.834495
    47 3.868322 -0.161243 -1.490732 -0.188176 -0.087701 -0.204766
    48 1.786062 -0.000008 0.000000 -0.051327 -0.064037 -0.676424
    49 1.044445 0.000004 -0.000001 -0.001277 -0.038560 -0.033101
    50 1.121500 -1.347832 -1.035882 -1.801951 0.200199 -0.546469
    51 1.928120 -0.000001 0.000000 0.000000 -0.225049 -0.494082
    52 1.285143 0.000000 0.000000 -0.000002 0.040642 -0.404246
    53 7.023272 -6.880002 4.339547 2.620672 -1.456011 -1.105365
    54 3.813803 -3.870654 0.998558 1.570796 -1.069638 0.199892
    55 0.000000 -0.000007 -0.000031 1.373047 0.113574 0.124314
    56 0.000000 -0.000007 -0.000034 1.373047 0.113574 0.124314
    57 2.980469 -1.569336 -0.888184 -1.501135 -0.273312 -1.578260
    58 2.000008 -3.000000 0.000000 -1.570796 0.000000 -1.326450
    59 3.175781 -1.395508 0.126343 1.500597 -0.354914 1.381041
    60 0.000004 0.000000 10.000004 0.000000 0.000000 0.000000
    61 0.018898 0.665158 9.395884 0.000000 0.000000 0.000000
    62 3.028212 -0.923409 -2.009451 1.574082 -0.012974 1.587244
    63 0.116951 4.311603 0.061861 0.000010 0.000000 0.000000
    64 0.000000 0.000000 0.000000 0.000000 0.000000 0.000000
    65 0.000000 1.000000 0.000008 0.000000 0.000000 0.000000
    66 0.000000 0.000000 0.000000 0.000000 0.000000 0.000000
    67 0.000000 0.000000 0.000000 0.000000 0.000000 0.000000
    68 0.000000 0.000000 0.000000 0.000000 0.000000 0.000000
    69 19.253853 0.000000 -0.000001 0.000000 0.000000 0.025253
    70 19.253841 0.000000 0.000000 0.000000 0.000000 0.025250
    71 5.884354 0.000000 0.000004 -0.126310 0.000000 0.000000
    72 11.768705 -0.000001 0.000000 -0.238428 0.000000 0.000000
    73 11.679201 0.000000 -0.000004 0.000000 0.000000 -0.161658
    74 5.837998 -0.735000 -0.525002 0.000000 0.000000 0.000000
    75 5.825531 2.661388 2.409388 -0.001945 -0.016320 -0.024506
    76 6.752561 4.039024 -0.341453 0.001435 0.018681 -0.019052
    77 7.652452 1.954227 -2.880674 0.034288 0.011731 0.007773
    78 11.768707 0.000001 0.000004 0.242666 0.000000 0.000000
    79 5.884352 0.000001 0.000000 0.128617 0.000000 0.000000
    80 11.679197 0.000000 0.000008 0.000000 0.000000 -0.161657
    81 5.837997 -0.641044 0.525002 -0.049483 0.000000 0.000000
    82 5.625286 3.107059 -2.433369 0.110853 0.082458 -0.006869
    83 6.677644 4.114117 0.449763 -0.008964 0.010245 -0.007166
    84 7.673524 1.768635 2.985535 -0.031931 0.006501 0.012462
    85 4.902687 0.655644 -8.954903 0.081942 0.003890 0.000160
    86 2.649670 8.412623 -3.003099 -1.828871 -1.111184 1.884926
    87 2.538502 8.321048 3.447679 1.536390 -1.079904 -1.522285
  time 30
    0 -85.750164 -1.407138 36.073291 1.613395 -0.006666 -0.316262
    1 3.806942 0.000000 0.000000 -1.243282 -0.593096 -1.591548
    2 19.263105 0.000000 0.000000 0.000000 0.000000 0.976095
    3 17.589100 0.000000 0.000000 -0.169079 0.198144 -1.558498
    4 6.240662 0.000000 0.000000 0.020475 -0.027733 -0.381802
    5 -3.806942 0.000000 0.000000 -0.732359 -0.447722 -2.189604
    6 19.263098 0.000000 0.000000 0.000000 0.000000 1.231809
    7 17.589096 0.000000 0.000000 0.157312 -0.177227 -1.503010
    8 6.240662 0.000000 0.000000 -0.112105 0.023869 -0.470318
    9 0.000000 4.246162 -0.018825 1.429135 -0.256364 1.587562
    10 4.195629 0.000000 0.000000 -0.147746 -0.030321 0.011222
    11 3.883152 0.000001 0.000000 -0.116648 -0.044522 0.142777
    12 5.989849 0.000002 0.000000 -0.087631 0.074880 0.532425
    13 5.620499 0.000002 0.000000 3.604914 -0.052949 0.133640
    14 4.684906 0.000002 0.000000 0.280811 0.060977 0.616190
    15 4.268658 1.531894 1.575000 -0.712901 -1.513857 -0.852871
    16 5.782729 -0.000008 0.000001 -1.672310 -0.933039 -1.038910
    17 11.452765 0.000001 -0.000004 -0.031390 -0.075825 -1.781320
    18 10.945532 -0.000006 -0.000031 0.018636 -0.258988 0.168285
    19 3.147137 0.005676 -1.551344 0.025532 -0.101228 -0.750906
    20 1.585899 0.000000 0.000000 -0.132564 -0.211448 -0.566006
    21 0.849079 0.000000 0.000000 -0.054473 -0.175380 -0.302889
    22 3.471083 0.213272 -0.574067 0.123399 0.009636 -0.786270
    23 1.897537 -0.000008 0.000000 -0.098476 -0.176680 -0.512087
    24 1.014450 0.000004 0.000000 0.002415 0.009757 -0.242679
    25 3.750084 0.114773 0.430058 0.174783 0.047052 -0.472912
    26 2.258194 0.000000 0.000000 -0.121557 -0.078219 -1.001729
    27 1.210388 0.000008 0.000000 0.001897 0.012019 -0.156562
    28 3.868299 -0.166634 1.490139 0.187546 0.033955 -0.039240
    29 1.786062 0.000000 0.000000 0.048663 0.060670 -0.676682
    30 1.044445 -0.000004 0.000000 0.001277 0.038558 -0.401844
    31 1.121477 -1.351563 1.030997 1.693867 -0.344560 -0.124114
    32 1.928114 0.000000 -0.000004 -0.000001 -0.188118 0.059543
    33 1.285139 0.000000 0.000008 0.000000 -0.040646 0.196333
    34 4.268658 1.531896 -1.575000 -1.010416 1.220836 -2.557984
    35 5.782726 0.000000 0.000000 0.888539 0.871248 -1.053897
    36 11.452768 -0.000001 0.000000 -0.007934 -0.009827 -1.673419
    37 10.945511 -0.000005 0.000015 -1.023685 0.062275 -0.364807
    38 3.147156 0.000069 1.551353 -0.323007 -0.149789 -1.078840
    39 1.585901 -0.000008 0.000000 -0.128601 0.004972 -1.609316
    40 0.849083 0.000004 0.000000 0.054471 0.175377 -0.910371
    41 3.471104 0.211185 0.574834 -0.338321 -0.158810 -1.076422
    42 1.897535 0.000000 0.000000 0.047211 0.006507 -1.433956
    43 1.014454 0.000000 0.000000 -0.002415 -0.009753 -0.901516
    44 3.750103 0.116325 -0.429640 -0.351987 -0.189781 -0.975692
    45 2.258196 0.000008 0.000000 0.066382 -0.000253 -1.574727
    46 1.210384 0.000004 0.000000 -0.001897 -0.012019 -0.834495
    47 3.868322 -0.161243 -1.490732 -0.188176 -0.087701 -0.204766
    48 1.786062 -0.000008 0.000000 -0.051327 -0.064037 -0.676424
    49 1.044445 0.000004 -0.000001 -0.001277 -0.038560 -0.033101
    50 1.121500 -1.347832 -1.035882 -1.801951 0.200199 -0.546469
    51 1.928120 -0.000001 0.000000 0.000000 -0.225049 -0.494082
    52 1.285143 0.000000 0.000000 -0.000002 0.040642 -0.404246
    53 7.023272 -6.880002 4.339547 2.620672 -1.456011 -1.105365
    54 3.813803 -3.870654 0.998558 1.570796 -1.069638 0.199892
    55 0.000000 -0.000007 -0.000031 1.373047 0.113574 0.124314
    56 0.000000 -0.000007 -0.000034 1.373047 0.113574 0.124314
    57 2.980469 -1.569336 -0.888184 -1.501135 -0.273312 -1.578260
    58 2.000008 -3.000000 0.000000 -1.570796 0.000000 -1.326450
    59 3.175781 -1.395508 0.126343 1.500597 -0.354914 1.381041
    60 0.000004 0.000000 10.000004 0.000000 0.000000 0.000000
    61 0.018898 0.665158 9.395884 0.000000 0.000000 0.000000
    62 3.028212 -0.923409 -2.009451 1.574082 -0.012974 1.587244
    63 0.116951 4.311603 0.061861 0.000010 0.000000 0.000000
    64 0.000000 0.000000 0.000000 0.000000 0.000000 0.000000
    65 0.000000 1.000000 0.000008 0.000000 0.000000 0.000000
    66 0.000000 0.000000 0.000000 0.000000 0.000000 0.000000
    67 0.000000 0.000000 0.000000 0.000000 0.000000 0.000000
    68 0.000000 0.000000 0.000000 0.000000 0.000000 0.000000
    69 19.253853 0.000000 -0.000001 0.000000 0.000000 0.025253
    70 19.253841 0.000000 0.000000 0.000000 0.000000 0.025250
    71 5.884354 0.000000 0.000004 -0.126310 0.000000 0.000000
    72 11.768705 -0.000001 0.000000 -0.238428 0.000000 0.000000
    73 11.679201 0.000000 -0.000004 0.000000 0.000000 -0.161658
    74 5.837998 -0.735000 -0.525002 0.000000 0.000000 0.000000
    75 5.825531 2.661388 2.409388 -0.001945 -0.016320 -0.024506
    76 6.752561 4.039024 -0.341453 0.001435 0.018681 -0.019052
    77 7.652452 1.954227 -2.880674 0.034288 0.011731 0.007773
    78 11.768707 0.000001 0.000004 0.242666 0.000000 0.000000
    79 5.884352 0.000001 0.000000 0.128617 0.000000 0.000000
    80 11.679197 0.000000 0.000008 0.000000 0.000000 -0.161657
    81 5.837997 -0.641044 0.525002 -0.049483 0.000000 0.000000
    82 5.625286 3.107059 -2.433369 0.110853 0.082458 -0.006869
    83 6.677644 4.114117 0.449763 -0.008964 0.010245 -0.007166
    84 7.673524 1.768635 2.985535 -0.031931 0.006501 0.012462
    85 4.902687 0.655644 -8.954903 0.081942 0.003890 0.000160
    86 2.649670 8.412623 -3.003099 -1.828871 -1.111184 1.884926
    87 2.538502 8.321048 3.447679 1.536390 -1.079904 -1.522285
  time 31
    0 -88.747818 -1.295312 36.221733 1.600705 -0.006436 -0.291849
    1 3.806942 0.000000 0.000000 -1.263994 -0.540002 -1.495180
    2 19.263105 0.000000 0.000000 0.000000 0.000000 0.924410
    3 17.589100 0.000000 0.000000 -0.216529 0.250073 -1.560762
    4 6.240662 0.000000 0.000000 0.020475 -0.027733 -0.398940
    5 -3.806942 0.000000 0.000000 -0.664926 -0.361460 -2.271232
    6 19.263098 0.000000 0.000000 0.000000 0.000000 0.991215
    7 17.589096 0.000000 0.000000 0.336712 -0.319544 -1.542146
    8 6.240662 0.000000 0.000000 -0.112105 0.023857 -0.491918
    9 0.000000 4.246162 -0.018825 1.410469 -0.260487 1.590823
    10 4.195629 0.000000 0.000000 -0.152516 -0.029182 0.011744
    11 3.883152 0.000001 0.000000 -0.116979 -0.043391 0.140448
    12 5.989849 0.000002 0.000000 -0.086924 0.071979 0.529320
    13 5.620499 0.000002 0.000000 3.609202 -0.044431 0.139773
    14 4.684906 0.000002 0.000000 0.279470 0.059910 0.611055
    15 4.268658 1.531894 1.575000 -0.720279 -1.516934 -0.845404
    16 5.782729 -0.000008 0.000001 -1.649541 -0.922425 -1.045865
    17 11.452765 0.000001 -0.000004 -0.027154 -0.075419 -1.779862
    18 10.945532 -0.000006 -0.000031 0.021699 -0.263903 0.168413
    19 3.147137 0.005676 -1.551344 0.025532 -0.101228 -0.750906
    20 1.585899 0.000000 0.000000 -0.132564 -0.211448 -0.566006
    21 0.849079 0.000000 0.000000 -0.054473 -0.175380 -0.302889
    22 3.471083 0.213272 -0.574067 0.123399 0.009636 -0.786270
    23 1.897537 -0.000008 0.000000 -0.098476 -0.176680 -0.512087
    24 1.014450 0.000004 0.000000 0.002415 0.009757 -0.242679
    25 3.750084 0.114773 0.430058 0.174783 0.047052 -0.472912
    26 2.258194 0.000000 0.000000 -0.121557 -0.078219 -1.001729
    27 1.210388 0.000008 0.000000 0.001897 0.012019 -0.156562
    28 3.868299 -0.166634 1.490139 0.187546 0.033955 -0.039240
    29 1.786062 0.000000 0.000000 0.048663 0.060670 -0.676682
    30 1.044445 -0.000004 0.000000 0.001277 0.038558 -0.401844
    31 1.121477 -1.351563 1.030997 1.693867 -0.344560 -0.124114
    32 1.928114 0.000000 -0.000004 -0.000001 -0.188118 0.059543
    33 1.285139 0.000000 0.000008 0.000000 -0.040646 0.196333
    34 4.268658 1.531896 -1.575000 -1.058832 1.204462 -2.598584
    35 5.782726 0.000000 0.000000 0.902799 0.857874 -1.018497
    36 11.452768 -0.000001 0.000000 -0.007718 -0.003583 -1.677838
    37 10.945511 -0.000005 0.000015 -1.018639 0.061426 -0.369657
    38 3.147156 0.000069 1.551353 -0.323007 -0.149789 -1.078840
    39 1.585901 -0.000008 0.000000 -0.128601 0.004972 -1.609316
    40 0.849083 0.000004 0.000000 0.054471 0.175377 -0.910371
    41 3.471104 0.211185 0.574834 -0.338321 -0.158810 -1.076422
    42 1.897535 0.000000 0.000000 0.047211 0.006519 -1.433956
    43 1.014454 0.000000 0.000000 -0.002415 -0.009753 -0.901516
    44 3.750103 0.116325 -0.429640 -0.351987 -0.189781 -0.975692
    45 2.258196 0.000008 0.000000 0.066382 -0.000241 -1.574727
    46 1.210384 0.000004 0.000000 -0.001897 -0.012019 -0.834495
    47 3.868322 -0.161243 -1.490732 -0.188176 -0.087701 -0.204766
    48 1.786062 -0.000008 0.000000 -0.051327 -0.064037 -0.676424
    49 1.044445 0.000004 -0.000001 -0.001277 -0.038560 -0.033101
    50 1.121500 -1.347832 -1.035882 -1.801951 0.200199 -0.546469
    51 1.928120 -0.000001 0.000000 0.000000 -0.225049 -0.494082
    52 1.285143 0.000000 0.000000 -0.000002 0.040642 -0.404246
    53 7.023272 -6.880002 4.339547 2.620672 -1.456011 -1.105365
    54 3.813803 -3.870654 0.998558 1.570796 -1.069638 0.199892
    55 0.000000 -0.000007 -0.000031 1.373047 0.113574 0.124314
    56 0.000000 -0.000007 -0.000034 1.373047 0.113574 0.124314
    57 2.980469 -1.569336 -0.888184 -1.501135 -0.273312 -1.578260
    58 2.000008 -3.000000 0.000000 -1.570796 0.000000 -1.326450
    59 3.175781 -1.395508 0.126343 1.500597 -0.354914 1.381041
    60 0.000004 0.000000 10.000004 0.000000 0.000000 0.000000
    61 0.018898 0.665158 9.395884 0.000000 0.000000 0.000000
    62 3.028212 -0.923409 -2.009451 1.574082 -0.012974 1.587244
    63 0.116951 4.311603 0.061861 0.000010 0.000000 0.000000
    64 0.000000 0.000000 0.000000 0.000000 0.000000 0.000000
    65 0.000000 1.000000 0.000008 0.000000 0.000000 0.000000
    66 0.000000 0.000000 0.000000 0.000000 0.000000 0.000000
    67 0.000000 0.000000 0.000000 0.000000 0.000000 0.000000
    68 0.000000 0.000000 0.000000 0.000000 0.000000 0.000000
    69 19.253853 0.000000 -0.000001 0.000000 0.000000 0.025253
    70 19.253841 0.000000 0.000000 0.000000 0.000000 0.025250
    71 5.884354 0.000000 0.000004 -0.126310 0.000000 0.000000
    72 11.768705 -0.000001 0.000000 -0.238428 0.000000 0.000000
    73 11.679201 0.000000 -0.000004 0.000000 0.000000 -0.161658
    74 5.837998 -0.735000 -0.525002 0.000000 0.000000 0.000000
    75 5.825531 2.661388 2.409388 -0.001945 -0.016320 -0.024506
    76 6.752561 4.039024 -0.341453 0.001435 0.018681 -0.019052
    77 7.652452 1.954227 -2.880674 0.034288 0.011731 0.007773
    78 11.768707 0.000001 0.000004 0.242666 0.000000 0.000000
    79 5.884352 0.000001 0.000000 0.128617 0.000000 0.000000
    80 11.679197 0.000000 0.000008 0.000000 0.000000 -0.161657
    81 5.837997 -0.641044 0.525002 -0.049483 0.000000 0.000000
    82 5.625286 3.107059 -2.433369 0.110853 0.082458 -0.006869
    83 6.677644 4.114117 0.449763 -0.008964 0.010245 -0.007166
    84 7.673524 1.768635 2.985535 -0.031931 0.006501 0.012462
    85 4.902687 0.655644 -8.954903 0.081942 0.003890 0.000160
    86 2.649670 8.412623 -3.003099 -1.828871 -1.111184 1.884926
    87 2.538502 8.321048 3.447679 1.536390 -1.079904 -1.522285
  time 32
    0 -91.807973 -1.146211 36.120167 1.582583 -0.012183 -0.256139
    1 3.806942 0.000000 0.000000 -1.253275 -0.488891 -1.417801
    2 19.263105 0.000000 0.000000 0.000000 0.000000 0.875849
    3 17.589100 0.000000 0.000000 -0.271437 0.293977 -1.554855
    4 6.240662 0.000000 0.000000 0.020475 -0.027733 -0.423563
    5 -3.806942 0.000000 0.000000 -0.631466 -0.268204 -2.313172
    6 19.263098 0.000000 0.000000 0.000000 0.000000 0.722885
    7 17.589096 0.000000 0.000000 0.498797 -0.324240 -1.579303
    8 6.240662 0.000000 0.000000 -0.112105 0.023869 -0.459360
    9 0.000000 4.246162 -0.018825 1.384727 -0.268916 1.595761
    10 4.195629 0.000000 0.000000 -0.158628 -0.029650 0.011533
    11 3.883152 0.000001 0.000000 -0.116954 -0.043315 0.137961
    12 5.989849 0.000002 0.000000 -0.084276 0.072663 0.526215
    13 5.620499 0.000002 0.000000 3.608296 -0.040622 0.145254
    14 4.684906 0.000002 0.000000 0.275484 0.059946 0.609046
    15 4.268658 1.531894 1.575000 -0.902517 -1.512481 -0.668124
    16 5.782729 -0.000008 0.000001 -1.608775 -0.902452 -1.075878
    17 11.452765 0.000001 -0.000004 -0.019300 -0.067096 -1.779672
    18 10.945532 -0.000006 -0.000031 0.022120 -0.280359 0.165021
    19 3.147137 0.005676 -1.551344 0.025532 -0.101228 -0.750906
    20 1.585899 0.000000 0.000000 -0.132564 -0.211448 -0.566006
    21 0.849079 0.000000 0.000000 -0.054473 -0.175380 -0.302889
    22 3.471083 0.213272 -0.574067 0.123399 0.009636 -0.786270
    23 1.897537 -0.000008 0.000000 -0.098476 -0.176680 -0.512087
    24 1.014450 0.000004 0.000000 0.002415 0.009757 -0.242679
    25 3.750084 0.114773 0.430058 0.174783 0.047052 -0.472912
    26 2.258194 0.000000 0.000000 -0.121557 -0.078219 -1.001729
    27 1.210388 0.000008 0.000000 0.001897 0.012019 -0.156562
    28 3.868299 -0.166634 1.490139 0.187546 0.033955 -0.039240
    29 1.786062 0.000000 0.000000 0.048663 0.060670 -0.676682
    30 1.044445 -0.000004 0.000000 0.001277 0.038558 -0.401844
    31 1.121477 -1.351563 1.030997 1.693867 -0.344560 -0.124114
    32 1.928114 0.000000 -0.000004 -0.000001 -0.188118 0.059543
    33 1.285139 0.000000 0.000008 0.000000 -0.040646 0.196333
    34 4.268658 1.531896 -1.575000 -1.082094 1.178184 -2.612273
    35 5.782726 0.000000 0.000000 0.918016 0.843624 -0.973233
    36 11.452768 -0.000001 0.000000 -0.007622 0.004482 -1.683191
    37 10.945511 -0.000005 0.000015 -1.008882 0.061276 -0.381972
    38 3.147156 0.000069 1.551353 -0.323007 -0.149789 -1.078840
    39 1.585901 -0.000008 0.000000 -0.128601 0.004972 -1.609316
    40 0.849083 0.000004 0.000000 0.054471 0.175377 -0.910371
    41 3.471104 0.211185 0.574834 -0.338321 -0.158810 -1.076422
    42 1.897535 0.000000 0.000000 0.047211 0.006507 -1.433956
    43 1.014454 0.000000 0.000000 -0.002415 -0.009753 -0.901516
    44 3.750103 0.116325 -0.429640 -0.351987 -0.189781 -0.975692
    45 2.258196 0.000008 0.000000 0.066382 -0.000253 -1.574727
    46 1.210384 0.000004 0.000000 -0.001897 -0.012019 -0.834495
    47 3.868322 -0.161243 -1.490732 -0.188176 -0.087701 -0.204766
    48 1.786062 -0.000008 0.000000 -0.051327 -0.064037 -0.676424
    49 1.044445 0.000004 -0.000001 -0.001277 -0.038560 -0.033101
    50 1.121500 -1.347832 -1.035882 -1.801951 0.200199 -0.546469
    51 1.928120 -0.000001 0.000000 0.000000 -0.225049 -0.494082
    52 1.285143 0.000000 0.000000 -0.000002 0.040642 -0.404246
    53 7.023272 -6.880002 4.339547 2.620672 -1.456011 -1.105365
    54 3.813803 -3.870654 0.998558 1.570796 -1.069638 0.199892
    55 0.000000 -0.000007 -0.000031 1.373047 0.113574 0.124314
    56 0.000000 -0.000007 -0.000034 1.373047 0.113574 0.124314
    57 2.980469 -1.569336 -0.888184 -1.501135 -0.273312 -1.578260
    58 2.000008 -3.000000 0.000000 -1.570796 0.000000 -1.326450
    59 3.175781 -1.395508 0.126343 1.500597 -0.354914 1.381041
    60 0.000004 0.000000 10.000004 0.000000 0.000000 0.000000
    61 0.018898 0.665158 9.395884 0.000000 0.000000 0.000000
    62 3.028212 -0.923409 -2.009451 1.574082 -0.012974 1.587244
    63 0.116951 4.311603 0.061861 0.000010 0.000000 0.000000
    64 0.000000 0.000000 0.000000 0.000000 0.000000 0.000000
    65 0.000000 1.000000 0.000008 0.000000 0.000000 0.000000
    66 0.000000 0.000000 0.000000 0.000000 0.000000 0.000000
    67 0.000000 0.000000 0.000000 0.000000 0.000000 0.000000
    68 0.000000 0.000000 0.000000 0.000000 0.000000 0.000000
    69 19.253853 0.000000 -0.000001 0.000000 0.000000 0.025253
    70 19.253841 0.000000 0.000000 0.000000 0.000000 0.025250
    71 5.884354 0.000000 0.000004 -0.126310 0.000000 0.000000
    72 11.768705 -0.000001 0.000000 -0.238428 0.000000 0.000000
    73 11.679201 0.000000 -0.000004 0.000000 0.000000 -0.161658
    74 5.837998 -0.735000 -0.525002 0.000000 0.000000 0.000000
    75 5.825531 2.661388 2.409388 -0.001945 -0.016320 -0.024506
    76 6.752561 4.039024 -0.341453 0.001435 0.018681 -0.019052
    77 7.652452 1.954227 -2.880674 0.034288 0.011731 0.007773
    78 11.768707 0.000001 0.000004 0.242666 0.000000 0.000000
    79 5.884352 0.000001 0.000000 0.128617 0.000000 0.000000
    80 11.679197 0.000000 0.000008 0.000000 0.000000 -0.161657
    81 5.837997 -0.641044 0.525002 -0.049483 0.000000 0.000000
    82 5.625286 3.107059 -2.433369 0.110853 0.082458 -0.006869
    83 6.677644 4.114117 0.449763 -0.008964 0.010245 -0.007166
    84 7.673524 1.768635 2.985535 -0.031931 0.006501 0.012462
    85 4.902687 0.655644 -8.954903 0.081942 0.003890 0.000160
    86 2.649670 8.412623 -3.003099 -1.828871 -1.111184 1.884926
    87 2.538502 8.321048 3.447679 1.536390 -1.079904 -1.522285
  time 33
    0 -94.930631 -0.969154 35.823283 1.565133 -0.020426 -0.216121
    1 3.806942 0.000000 0.000000 -1.221342 -0.448022 -1.350206
    2 19.263105 0.000000 0.000000 0.000000 0.000000 0.830869
    3 17.589100 0.000000 0.000000 -0.328606 0.335515 -1.529705
    4 6.240662 0.000000 0.000000 0.020475 -0.027733 -0.468243
    5 -3.806942 0.000000 0.000000 -0.623064 -0.172205 -2.329001
    6 19.263098 0.000000 0.000000 0.000000 0.000000 0.459660
    7 17.589096 0.000000 0.000000 0.629851 -0.256771 -1.564559
    8 6.240662 0.000000 0.000000 -0.112105 0.023857 -0.492982
    9 0.000000 4.246162 -0.018825 1.358615 -0.273818 1.602271
    10 4.195629 0.000000 0.000000 -0.165112 -0.032550 0.012639
    11 3.883152 0.000001 0.000000 -0.116403 -0.045591 0.137429
    12 5.989849 0.000002 0.000000 -0.078978 0.081483 0.523767
    13 5.620499 0.000002 0.000000 3.604672 -0.038092 0.140161
    14 4.684906 0.000002 0.000000 0.270669 0.061084 0.612068
    15 4.268658 1.531894 1.575000 -1.066455 -1.516174 -0.504054
    16 5.782729 -0.000008 0.000001 -1.569183 -0.899224 -1.106929
    17 11.452765 0.000001 -0.000004 -0.014288 -0.061597 -1.765470
    18 10.945532 -0.000006 -0.000031 0.030109 -0.285056 0.158461
    19 3.147137 0.005676 -1.551344 0.025532 -0.101228 -0.750906
    20 1.585899 0.000000 0.000000 -0.132564 -0.211448 -0.566006
    21 0.849079 0.000000 0.000000 -0.054473 -0.175380 -0.302889
    22 3.471083 0.213272 -0.574067 0.123399 0.009636 -0.786270
    23 1.897537 -0.000008 0.000000 -0.098476 -0.176680 -0.512087
    24 1.014450 0.000004 0.000000 0.002415 0.009757 -0.242679
    25 3.750084 0.114773 0.430058 0.174783 0.047052 -0.472912
    26 2.258194 0.000000 0.000000 -0.121557 -0.078219 -1.001729
    27 1.210388 0.000008 0.000000 0.001897 0.012019 -0.156562
    28 3.868299 -0.166634 1.490139 0.187546 0.033955 -0.039240
    29 1.786062 0.000000 0.000000 0.048663 0.060670 -0.676682
    30 1.044445 -0.000004 0.000000 0.001277 0.038558 -0.401844
    31 1.121477 -1.351563 1.030997 1.693867 -0.344560 -0.124114
    32 1.928114 0.000000 -0.000004 -0.000001 -0.188118 0.059543
    33 1.285139 0.000000 0.000008 0.000000 -0.040646 0.196333
    34 4.268658 1.531896 -1.575000 -1.084648 1.152443 -2.610876
    35 5.782726 0.000000 0.000000 0.930450 0.828779 -0.927969
    36 11.452768 -0.000001 0.000000 -0.004291 0.013938 -1.688357
    37 10.945511 -0.000005 0.000015 -0.999463 0.066623 -0.389009
    38 3.147156 0.000069 1.551353 -0.323007 -0.149789 -1.078840
    39 1.585901 -0.000008 0.000000 -0.128601 0.004972 -1.609316
    40 0.849083 0.000004 0.000000 0.054471 0.175377 -0.910371
    41 3.471104 0.211185 0.574834 -0.338321 -0.158810 -1.076422
    42 1.897535 0.000000 0.000000 0.047211 0.006507 -1.433956
    43 1.014454 0.000000 0.000000 -0.002415 -0.009753 -0.901516
    44 3.750103 0.116325 -0.429640 -0.351987 -0.189781 -0.975692
    45 2.258196 0.000008 0.000000 0.066382 -0.000253 -1.574727
    46 1.210384 0.000004 0.000000 -0.001897 -0.012019 -0.834495
    47 3.868322 -0.161243 -1.490732 -0.188176 -0.087701 -0.204766
    48 1.786062 -0.000008 0.000000 -0.051327 -0.064037 -0.676424
    49 1.044445 0.000004 -0.000001 -0.001277 -0.038560 -0.033101
    50 1.121500 -1.347832 -1.035882 -1.801951 0.200199 -0.546469
    51 1.928120 -0.000001 0.000000 0.000000 -0.225049 -0.494082
    52 1.285143 0.000000 0.000000 -0.000002 0.040642 -0.404246
    53 7.023272 -6.880002 4.339547 2.620672 -1.456011 -1.105365
    54 3.813803 -3.870654 0.998558 1.570796 -1.069638 0.199892
    55 0.000000 -0.000007 -0.000031 1.373047 0.113574 0.124314
    56 0.000000 -0.000007 -0.000034 1.373047 0.113574 0.124314
    57 2.980469 -1.569336 -0.888184 -1.501135 -0.273312 -1.578260
    58 2.000008 -3.000000 0.000000 -1.570796 0.000000 -1.326450
    59 3.175781 -1.395508 0.126343 1.500597 -0.354914 1.381041
    60 0.000004 0.000000 10.000004 0.000000 0.000000 0.000000
    61 0.018898 0.665158 9.395884 0.000000 0.000000 0.000000
    62 3.028212 -0.923409 -2.009451 1.574082 -0.012974 1.587244
    63 0.116951 4.311603 0.061861 0.000010 0.000000 0.000000
    64 0.000000 0.000000 0.000000 0.000000 0.000000 0.000000
    65 0.000000 1.000000 0.000008 0.000000 0.000000 0.000000
    66 0.000000 0.000000 0.000000 0.000000 0.000000 0.000000
    67 0.000000 0.000000 0.000000 0.000000 0.000000 0.000000
    68 0.000000 0.000000 0.000000 0.000000 0.000000 0.000000
    69 19.253853 0.000000 -0.000001 0.000000 0.000000 0.025253
    70 19.253841 0.000000 0.000000 0.000000 0.000000 0.025250
    71 5.884354 0.000000 0.000004 -0.126310 0.000000 0.000000
    72 11.768705 -0.000001 0.000000 -0.238428 0.000000 0.000000
    73 11.679201 0.000000 -0.000004 0.000000 0.000000 -0.161658
    74 5.837998 -0.735000 -0.525002 0.000000 0.000000 0.000000
    75 5.825531 2.661388 2.409388 -0.001945 -0.016320 -0.024506
    76 6.752561 4.039024 -0.341453 0.001435 0.018681 -0.019052
    77 7.652452 1.954227 -2.880674 0.034288 0.011731 0.007773
    78 11.768707 0.000001 0.000004 0.242666 0.000000 0.000000
    79 5.884352 0.000001 0.000000 0.128617 0.000000 0.000000
    80 11.679197 0.000000 0.000008 0.000000 0.000000 -0.161657
    81 5.837997 -0.641044 0.525002 -0.049483 0.000000 0.000000
    82 5.625286 3.107059 -2.433369 0.110853 0.082458 -0.006869
    83 6.677644 4.114117 0.449763 -0.008964 0.010245 -0.007166
    84 7.673524 1.768635 2.985535 -0.031931 0.006501 0.012462
    85 4.902687 0.655644 -8.954903 0.081942 0.003890 0.000160
    86 2.649670 8.412623 -3.003099 -1.828871 -1.111184 1.884926
    87 2.538502 8.321048 3.447679 1.536390 -1.079904 -1.522285
  time 34
    0 -98.338453 -0.764141 35.393582 1.555107 -0.028603 -0.180507
    1 3.806942 0.000000 0.000000 -1.184217 -0.412503 -1.276384
    2 19.263105 0.000000 0.000000 0.000000 0.000000 0.772088
    3 17.589100 0.000000 0.000000 -0.380387 0.377820 -1.477287
    4 6.240662 0.000000 0.000000 0.020475 -0.027721 -0.542256
    5 -3.806942 0.000000 0.000000 -0.625767 -0.112137 -2.332294
    6 19.263098 0.000000 0.000000 0.000000 0.000000 0.296067
    7 17.589096 0.000000 0.000000 0.715867 -0.117822 -1.545362
    8 6.240662 0.000000 0.000000 -0.112105 0.023857 -0.483838
    9 0.000000 4.246162 -0.018825 1.339250 -0.270382 1.606528
    10 4.195629 0.000000 0.000000 -0.173225 -0.034911 0.015710
    11 3.883152 0.000001 0.000000 -0.117873 -0.049518 0.141857
    12 5.989849 0.000002 0.000000 -0.074472 0.096871 0.523388
    13 5.620499 0.000002 0.000000 3.595572 -0.049185 0.127957
    14 4.684906 0.000002 0.000000 0.268459 0.065291 0.619911
    15 4.268658 1.531894 1.575000 -1.056970 -1.522654 -0.520710
    16 5.782729 -0.000008 0.000001 -1.531547 -0.896642 -1.158112
    17 11.452765 0.000001 -0.000004 -0.012894 -0.055452 -1.752410
    18 10.945532 -0.000006 -0.000031 0.050233 -0.272459 0.151484
    19 3.147137 0.005676 -1.551344 0.025532 -0.101228 -0.750906
    20 1.585899 0.000000 0.000000 -0.132564 -0.211448 -0.566006
    21 0.849079 0.000000 0.000000 -0.054473 -0.175380 -0.302889
    22 3.471083 0.213272 -0.574067 0.123399 0.009636 -0.786270
    23 1.897537 -0.000008 0.000000 -0.098476 -0.176680 -0.512087
    24 1.014450 0.000004 0.000000 0.002415 0.009757 -0.242679
    25 3.750084 0.114773 0.430058 0.174783 0.047052 -0.472912
    26 2.258194 0.000000 0.000000 -0.121557 -0.078219 -1.001729
    27 1.210388 0.000008 0.000000 0.001897 0.012019 -0.156562
    28 3.868299 -0.166634 1.490139 0.187546 0.033955 -0.039240
    29 1.786062 0.000000 0.000000 0.048663 0.060670 -0.676682
    30 1.044445 -0.000004 0.000000 0.001277 0.038558 -0.401844
    31 1.121477 -1.351563 1.030997 1.693867 -0.344560 -0.124114
    32 1.928114 0.000000 -0.000004 -0.000001 -0.188118 0.059543
    33 1.285139 0.000000 0.000008 0.000000 -0.040646 0.196333
    34 4.268658 1.531896 -1.575000 -1.020345 1.146294 -2.540942
    35 5.782726 0.000000 0.000000 0.916451 0.830495 -0.940873
    36 11.452768 -0.000001 0.000000 -0.000971 0.014789 -1.680577
    37 10.945511 -0.000005 0.000015 -0.995425 0.066872 -0.399802
    38 3.147156 0.000069 1.551353 -0.323007 -0.149789 -1.078840
    39 1.585901 -0.000008 0.000000 -0.128601 0.004972 -1.609316
    40 0.849083 0.000004 0.000000 0.054471 0.175377 -0.910371
    41 3.471104 0.211185 0.574834 -0.338321 -0.158810 -1.076422
    42 1.897535 0.000000 0.000000 0.047211 0.006507 -1.433956
    43 1.014454 0.000000 0.000000 -0.002415 -0.009753 -0.901516
    44 3.750103 0.116325 -0.429640 -0.351987 -0.189781 -0.975692
    45 2.258196 0.000008 0.000000 0.066382 -0.000253 -1.574727
    46 1.210384 0.000004 0.000000 -0.001897 -0.012019 -0.834495
    47 3.868322 -0.161243 -1.490732 -0.188176 -0.087701 -0.204766
    48 1.786062 -0.000008 0.000000 -0.051327 -0.064037 -0.676424
    49 1.044445 0.000004 -0.000001 -0.001277 -0.038560 -0.033101
    50 1.121500 -1.347832 -1.035882 -1.801951 0.200199 -0.546469
    51 1.928120 -0.000001 0.000000 0.000000 -0.225049 -0.494082
    52 1.285143 0.000000 0.000000 -0.000002 0.040642 -0.404246
    53 7.023272 -6.880002 4.339547 2.620672 -1.456011 -1.105365
    54 3.813803 -3.870654 0.998558 1.570796 -1.069638 0.199892
    55 0.000000 -0.000007 -0.000031 1.373047 0.113574 0.124314
    56 0.000000 -0.000007 -0.000034 1.373047 0.113574 0.124314
    57 2.980469 -1.569336 -0.888184 -1.501135 -0.273312 -1.578260
    58 2.000008 -3.000000 0.000000 -1.570796 0.000000 -1.326450
    59 3.175781 -1.395508 0.126343 1.500597 -0.354914 1.381041
    60 0.000004 0.000000 10.000004 0.000000 0.000000 0.000000
    61 0.018898 0.665158 9.395884 0.000000 0.000000 0.000000
    62 3.028212 -0.923409 -2.009451 1.574082 -0.012974 1.587244
    63 0.116951 4.311603 0.061861 0.000010 0.000000 0.000000
    64 0.000000 0.000000 0.000000 0.000000 0.000000 0.000000
    65 0.000000 1.000000 0.000008 0.000000 0.000000 0.000000
    66 0.000000 0.000000 0.000000 0.000000 0.000000 0.000000
    67 0.000000 0.000000 0.000000 0.000000 0.000000 0.000000
    68 0.000000 0.000000 0.000000 0.000000 0.000000 0.000000
    69 19.253853 0.000000 -0.000001 0.000000 0.000000 0.025253
    70 19.253841 0.000000 0.000000 0.000000 0.000000 0.025250
    71 5.884354 0.000000 0.000004 -0.126310 0.000000 0.000000
    72 11.768705 -0.000001 0.000000 -0.238428 0.000000 0.000000
    73 11.679201 0.000000 -0.000004 0.000000 0.000000 -0.161658
    74 5.837998 -0.735000 -0.525002 0.000000 0.000000 0.000000
    75 5.825531 2.661388 2.409388 -0.001945 -0.016320 -0.024506
    76 6.752561 4.039024 -0.341453 0.001435 0.018681 -0.019052
    77 7.652452 1.954227 -2.880674 0.034288 0.011731 0.007773
    78 11.768707 0.000001 0.000004 0.242666 0.000000 0.000000
    79 5.884352 0.000001 0.000000 0.128617 0.000000 0.000000
    80 11.679197 0.000000 0.000008 0.000000 0.000000 -0.161657
    81 5.837997 -0.641044 0.525002 -0.049483 0.000000 0.000000
    82 5.625286 3.107059 -2.433369 0.110853 0.082458 -0.006869
    83 6.677644 4.114117 0.449763 -0.008964 0.010245 -0.007166
    84 7.673524 1.768635 2.985535 -0.031931 0.006501 0.012462
    85 4.902687 0.655644 -8.954903 0.081942 0.003890 0.000160
    86 2.649670 8.412623 -3.003099 -1.828871 -1.111184 1.884926
    87 2.538502 8.321048 3.447679 1.536390 -1.079904 -1.522285
  time 35
    0 -101.855654 -0.577765 34.897474 1.550598 -0.037469 -0.154562
    1 3.806942 0.000000 0.000000 -1.142793 -0.384502 -1.206743
    2 19.263105 0.000000 0.000000 0.000000 0.000000 0.716237
    3 17.589100 0.000000 0.000000 -0.415373 0.425506 -1.384658
    4 6.240662 0.000000 0.000000 0.020475 -0.027709 -0.664562
    5 -3.806942 0.000000 0.000000 -0.641401 -0.100115 -2.335125
    6 19.263098 0.000000 0.000000 0.000000 0.000000 0.259085
    7 17.589096 0.000000 0.000000 0.737389 0.020165 -1.494995
    8 6.240662 0.000000 0.000000 -0.112105 0.023869 -0.480172
    9 0.000000 4.246162 -0.018825 1.329431 -0.263190 1.607929
    10 4.195629 0.000000 0.000000 -0.182154 -0.035834 0.017997
    11 3.883152 0.000001 0.000000 -0.121048 -0.052650 0.148426
    12 5.989849 0.000002 0.000000 -0.075479 0.104506 0.527528
    13 5.620499 0.000002 0.000000 3.588586 -0.059805 0.119154
    14 4.684906 0.000002 0.000000 0.267729 0.068275 0.628067
    15 4.268658 1.531894 1.575000 -0.960868 -1.524790 -0.627346
    16 5.782729 -0.000008 0.000001 -1.512221 -0.895889 -1.188491
    17 11.452765 0.000001 -0.000004 -0.010776 -0.051306 -1.746704
    18 10.945532 -0.000006 -0.000031 0.065791 -0.261755 0.155324
    19 3.147137 0.005676 -1.551344 0.025532 -0.101228 -0.750906
    20 1.585899 0.000000 0.000000 -0.132564 -0.211448 -0.566006
    21 0.849079 0.000000 0.000000 -0.054473 -0.175380 -0.302889
    22 3.471083 0.213272 -0.574067 0.123399 0.009636 -0.786270
    23 1.897537 -0.000008 0.000000 -0.098476 -0.176680 -0.512087
    24 1.014450 0.000004 0.000000 0.002415 0.009757 -0.242679
    25 3.750084 0.114773 0.430058 0.174783 0.047052 -0.472912
    26 2.258194 0.000000 0.000000 -0.121557 -0.078219 -1.001729
    27 1.210388 0.000008 0.000000 0.001897 0.012019 -0.156562
    28 3.868299 -0.166634 1.490139 0.187546 0.033955 -0.039240
    29 1.786062 0.000000 0.000000 0.048663 0.060670 -0.676682
    30 1.044445 -0.000004 0.000000 0.001277 0.038558 -0.401844
    31 1.121477 -1.351563 1.030997 1.693867 -0.344560 -0.124114
    32 1.928114 0.000000 -0.000004 -0.000001 -0.188118 0.059543
    33 1.285139 0.000000 0.000008 0.000000 -0.040646 0.196333
    34 4.268658 1.531896 -1.575000 -0.972591 1.150012 -2.499317
    35 5.782726 0.000000 0.000000 0.900538 0.827169 -0.969112
    36 11.452768 -0.000001 0.000000 0.003164 0.011302 -1.671303
    37 10.945511 -0.000005 0.000015 -0.991792 0.063724 -0.409882
    38 3.147156 0.000069 1.551353 -0.323007 -0.149789 -1.078840
    39 1.585901 -0.000008 0.000000 -0.128601 0.004972 -1.609316
    40 0.849083 0.000004 0.000000 0.054471 0.175377 -0.910371
    41 3.471104 0.211185 0.574834 -0.338321 -0.158810 -1.076422
    42 1.897535 0.000000 0.000000 0.047211 0.006507 -1.433956
    43 1.014454 0.000000 0.000000 -0.002415 -0.009753 -0.901516
    44 3.750103 0.116325 -0.429640 -0.351987 -0.189781 -0.975692
    45 2.258196 0.000008 0.000000 0.066382 -0.000241 -1.574727
    46 1.210384 0.000004 0.000000 -0.001897 -0.012019 -0.834495
    47 3.868322 -0.161243 -1.490732 -0.188176 -0.087701 -0.204766
    48 1.786062 -0.000008 0.000000 -0.051327 -0.064037 -0.676424
    49 1.044445 0.000004 -0.000001 -0.001277 -0.038560 -0.033101
    50 1.121500 -1.347832 -1.035882 -1.801951 0.200199 -0.546469
    51 1.928120 -0.000001 0.000000 0.000000 -0.225049 -0.494082
    52 1.285143 0.000000 0.000000 -0.000002 0.040642 -0.404246
    53 7.023272 -6.880002 4.339547 2.620672 -1.456011 -1.105365
    54 3.813803 -3.870654 0.998558 1.570796 -1.069638 0.199892
    55 0.000000 -0.000007 -0.000031 1.373047 0.113574 0.124314
    56 0.000000 -0.000007 -0.000034 1.373047 0.113574 0.124314
    57 2.980469 -1.569336 -0.888184 -1.501135 -0.273312 -1.578260
    58 2.000008 -3.000000 0.000000 -1.570796 0.000000 -1.326450
    59 3.175781 -1.395508 0.126343 1.500597 -0.354914 1.381041
    60 0.000004 0.000000 10.000004 0.000000 0.000000 0.000000
    61 0.018898 0.665158 9.395884 0.000000 0.000000 0.000000
    62 3.028212 -0.923409 -2.009451 1.574082 -0.012974 1.587244
    63 0.116951 4.311603 0.061861 0.000010 0.000000 0.000000
    64 0.000000 0.000000 0.000000 0.000000 0.000000 0.000000
    65 0.000000 1.000000 0.000008 0.000000 0.000000 0.000000
    66 0.000000 0.000000 0.000000 0.000000 0.000000 0.000000
    67 0.000000 0.000000 0.000000 0.000000 0.000000 0.000000
    68 0.000000 0.000000 0.000000 0.000000 0.000000 0.000000
    69 19.253853 0.000000 -0.000001 0.000000 0.000000 0.025253
    70 19.253841 0.000000 0.000000 0.000000 0.000000 0.025250
    71 5.884354 0.000000 0.000004 -0.126310 0.000000 0.000000
    72 11.768705 -0.000001 0.000000 -0.238428 0.000000 0.000000
    73 11.679201 0.000000 -0.000004 0.000000 0.000000 -0.161658
    74 5.837998 -0.735000 -0.525002 0.000000 0.000000 0.000000
    75 5.825531 2.661388 2.409388 -0.001945 -0.016320 -0.024506
    76 6.752561 4.039024 -0.341453 0.001435 0.018681 -0.019052
    77 7.652452 1.954227 -2.880674 0.034288 0.011731 0.007773
    78 11.768707 0.000001 0.000004 0.242666 0.000000 0.000000
    79 5.884352 0.000001 0.000000 0.128617 0.000000 0.000000
    80 11.679197 0.000000 0.000008 0.000000 0.000000 -0.161657
    81 5.837997 -0.641044 0.525002 -0.049483 0.000000 0.000000
    82 5.625286 3.107059 -2.433369 0.110853 0.082458 -0.006869
    83 6.677644 4.114117 0.449763 -0.008964 0.010245 -0.007166
    84 7.673524 1.768635 2.985535 -0.031931 0.006501 0.012462
    85 4.902687 0.655644 -8.954903 0.081942 0.003890 0.000160
    86 2.649670 8.412623 -3.003099 -1.828871 -1.111184 1.884926
    87 2.538502 8.321048 3.447679 1.536390 -1.079904 -1.522285
  time 36
    0 -105.372854 -0.437983 34.448241 1.551835 -0.037436 -0.148340
    1 3.806942 0.000000 0.000000 -1.109353 -0.384041 -1.147997
    2 19.263105 0.000000 0.000000 0.000000 0.000000 0.707840
    3 17.589100 0.000000 0.000000 -0.377282 0.514330 -1.229620
    4 6.240662 0.000000 0.000000 0.020463 -0.027709 -0.858425
    5 -3.806942 0.000000 0.000000 -0.691300 -0.153005 -2.336165
    6 19.263098 0.000000 0.000000 0.000000 0.000000 0.373965
    7 17.589096 0.000000 0.000000 0.638800 0.029993 -1.455116
    8 6.240662 0.000000 0.000000 -0.112105 0.023869 -0.468505
    9 0.000000 4.246162 -0.018825 1.333028 -0.257509 1.612265
    10 4.195629 0.000000 0.000000 -0.186097 -0.034647 0.017973
    11 3.883152 0.000001 0.000000 -0.122751 -0.054529 0.153271
    12 5.989849 0.000002 0.000000 -0.080213 0.099161 0.535883
    13 5.620499 0.000002 0.000000 3.586009 -0.059607 0.115241
    14 4.684906 0.000002 0.000000 0.266071 0.067209 0.631630
    15 4.268658 1.531894 1.575000 -1.051987 -1.511250 -0.540907
    16 5.782729 -0.000008 0.000001 -1.508778 -0.907795 -1.201668
    17 11.452765 0.000001 -0.000004 -0.010535 -0.050134 -1.734341
    18 10.945532 -0.000006 -0.000031 0.074441 -0.256585 0.162013
    19 3.147137 0.005676 -1.551344 0.025532 -0.101228 -0.750906
    20 1.585899 0.000000 0.000000 -0.132564 -0.211448 -0.566006
    21 0.849079 0.000000 0.000000 -0.054473 -0.175380 -0.302889
    22 3.471083 0.213272 -0.574067 0.123399 0.009636 -0.786270
    23 1.897537 -0.000008 0.000000 -0.098476 -0.176680 -0.512087
    24 1.014450 0.000004 0.000000 0.002415 0.009757 -0.242679
    25 3.750084 0.114773 0.430058 0.174783 0.047052 -0.472912
    26 2.258194 0.000000 0.000000 -0.121557 -0.078219 -1.001729
    27 1.210388 0.000008 0.000000 0.001897 0.012019 -0.156562
    28 3.868299 -0.166634 1.490139 0.187546 0.033955 -0.039240
    29 1.786062 0.000000 0.000000 0.048663 0.060670 -0.676682
    30 1.044445 -0.000004 0.000000 0.001277 0.038558 -0.401844
    31 1.121477 -1.351563 1.030997 1.693867 -0.344560 -0.124114
    32 1.928114 0.000000 -0.000004 -0.000001 -0.188118 0.059543
    33 1.285139 0.000000 0.000008 0.000000 -0.040646 0.196333
    34 4.268658 1.531896 -1.575000 -0.975617 1.151121 -2.515707
    35 5.782726 0.000000 0.000000 0.896364 0.820866 -0.983907
    36 11.452768 -0.000001 0.000000 0.006448 0.009456 -1.662526
    37 10.945511 -0.000005 0.000015 -0.981968 0.062375 -0.413116
    38 3.147156 0.000069 1.551353 -0.323007 -0.149789 -1.078840
    39 1.585901 -0.000008 0.000000 -0.128601 0.004972 -1.609316
    40 0.849083 0.000004 0.000000 0.054471 0.175377 -0.910371
    41 3.471104 0.211185 0.574834 -0.338333 -0.158810 -1.076422
    42 1.897535 0.000000 0.000000 0.047211 0.006519 -1.433956
    43 1.014454 0.000000 0.000000 -0.002415 -0.009753 -0.901516
    44 3.750103 0.116325 -0.429640 -0.351987 -0.189781 -0.975692
    45 2.258196 0.000008 0.000000 0.066382 -0.000241 -1.574727
    46 1.210384 0.000004 0.000000 -0.001897 -0.012019 -0.834495
    47 3.868322 -0.161243 -1.490732 -0.188176 -0.087701 -0.204766
    48 1.786062 -0.000008 0.000000 -0.051327 -0.064037 -0.676424
    49 1.044445 0.000004 -0.000001 -0.001277 -0.038560 -0.033101
    50 1.121500 -1.347832 -1.035882 -1.801951 0.200199 -0.546469
    51 1.928120 -0.000001 0.000000 0.000000 -0.225049 -0.494082
    52 1.285143 0.000000 0.000000 -0.000002 0.040642 -0.404246
    53 7.023272 -6.880002 4.339547 2.620672 -1.456011 -1.105365
    54 3.813803 -3.870654 0.998558 1.570796 -1.069638 0.199892
    55 0.000000 -0.000007 -0.000031 1.373047 0.113574 0.124314
    56 0.000000 -0.000007 -0.000034 1.373047 0.113574 0.124314
    57 2.980469 -1.569336 -0.888184 -1.501135 -0.273312 -1.578260
    58 2.000008 -3.000000 0.000000 -1.570796 0.000000 -1.326450
    59 3.175781 -1.395508 0.126343 1.500597 -0.354914 1.381041
    60 0.000004 0.000000 10.000004 0.000000 0.000000 0.000000
    61 0.018898 0.665158 9.395884 0.000000 0.000000 0.000000
    62 3.028212 -0.923409 -2.009451 1.574082 -0.012974 1.587244
    63 0.116951 4.311603 0.061861 0.000010 0.000000 0.000000
    64 0.000000 0.000000 0.000000 0.000000 0.000000 0.000000
    65 0.000000 1.000000 0.000008 0.000000 0.000000 0.000000
    66 0.000000 0.000000 0.000000 0.000000 0.000000 0.000000
    67 0.000000 0.000000 0.000000 0.000000 0.000000 0.000000
    68 0.000000 0.000000 0.000000 0.000000 0.000000 0.000000
    69 19.253853 0.000000 -0.000001 0.000000 0.000000 0.025253
    70 19.253841 0.000000 0.000000 0.000000 0.000000 0.025250
    71 5.884354 0.000000 0.000004 -0.126310 0.000000 0.000000
    72 11.768705 -0.000001 0.000000 -0.238428 0.000000 0.000000
    73 11.679201 0.000000 -0.000004 0.000000 0.000000 -0.161658
    74 5.837998 -0.735000 -0.525002 0.000000 0.000000 0.000000
    75 5.825531 2.661388 2.409388 -0.001945 -0.016320 -0.024506
    76 6.752561 4.039024 -0.341453 0.001435 0.018681 -0.019052
    77 7.652452 1.954227 -2.880674 0.034288 0.011731 0.007773
    78 11.768707 0.000001 0.000004 0.242666 0.000000 0.000000
    79 5.884352 0.000001 0.000000 0.128617 0.000000 0.000000
    80 11.679197 0.000000 0.000008 0.000000 0.000000 -0.161657
    81 5.837997 -0.641044 0.525002 -0.049483 0.000000 0.000000
    82 5.625286 3.107059 -2.433369 0.110853 0.082458 -0.006869
    83 6.677644 4.114117 0.449763 -0.008964 0.010245 -0.007166
    84 7.673524 1.768635 2.985535 -0.031931 0.006501 0.012462
    85 4.902687 0.655644 -8.954903 0.081942 0.003890 0.000160
    86 2.649670 8.412623 -3.003099 -1.828871 -1.111184 1.884926
    87 2.538502 8.321048 3.447679 1.536390 -1.079904 -1.522285
  time 37
    0 -108.808021 -0.307520 34.206046 1.556324 -0.029424 -0.164711
    1 3.806942 0.000000 0.000000 -1.103435 -0.426895 -1.120826
    2 19.263105 0.000000 0.000000 0.000000 0.000000 0.792268
    3 17.589100 0.000000 0.000000 -0.194177 0.622523 -0.930914
    4 6.240662 0.000000 0.000000 0.020463 -0.027685 -1.035670
    5 -3.806942 0.000000 0.000000 -0.766112 -0.240547 -2.327961
    6 19.263098 0.000000 0.000000 0.000000 0.000000 0.548184
    7 17.589096 0.000000 0.000000 0.464896 -0.055965 -1.372935
    8 6.240662 0.000000 0.000000 -0.112105 0.023869 -0.449348
    9 0.000000 4.246162 -0.018825 1.350313 -0.254417 1.617557
    10 4.195629 0.000000 0.000000 -0.184275 -0.031795 0.017550
    11 3.883152 0.000001 0.000000 -0.123217 -0.055140 0.155068
    12 5.989849 0.000002 0.000000 -0.084755 0.091155 0.542686
    13 5.620499 0.000002 0.000000 3.585203 -0.055371 0.115319
    14 4.684906 0.000002 0.000000 0.263467 0.066190 0.630024
    15 4.268658 1.531894 1.575000 -1.104015 -1.504263 -0.486249
    16 5.782729 -0.000008 0.000001 -1.521219 -0.923716 -1.198557
    17 11.452765 0.000001 -0.000004 -0.016137 -0.054221 -1.715765
    18 10.945532 -0.000006 -0.000031 0.079788 -0.249558 0.159709
    19 3.147137 0.005676 -1.551344 0.025532 -0.101228 -0.750906
    20 1.585899 0.000000 0.000000 -0.132564 -0.211448 -0.566006
    21 0.849079 0.000000 0.000000 -0.054473 -0.175380 -0.302889
    22 3.471083 0.213272 -0.574067 0.123399 0.009636 -0.786270
    23 1.897537 -0.000008 0.000000 -0.098476 -0.176680 -0.512087
    24 1.014450 0.000004 0.000000 0.002415 0.009757 -0.242679
    25 3.750084 0.114773 0.430058 0.174783 0.047052 -0.472912
    26 2.258194 0.000000 0.000000 -0.121557 -0.078219 -1.001729
    27 1.210388 0.000008 0.000000 0.001897 0.012019 -0.156562
    28 3.868299 -0.166634 1.490139 0.187546 0.033955 -0.039240
    29 1.786062 0.000000 0.000000 0.048663 0.060670 -0.676682
    30 1.044445 -0.000004 0.000000 0.001277 0.038558 -0.401844
    31 1.121477 -1.351563 1.030997 1.693867 -0.344560 -0.124114
    32 1.928114 0.000000 -0.000004 -0.000001 -0.188118 0.059543
    33 1.285139 0.000000 0.000008 0.000000 -0.040646 0.196333
    34 4.268658 1.531896 -1.575000 -0.998217 1.150119 -2.549044
    35 5.782726 0.000000 0.000000 0.895408 0.824543 -0.989649
    36 11.452768 -0.000001 0.000000 0.005081 0.010307 -1.651261
    37 10.945511 -0.000005 0.000015 -0.971068 0.057478 -0.406269
    38 3.147156 0.000069 1.551353 -0.323007 -0.149789 -1.078840
    39 1.585901 -0.000008 0.000000 -0.128601 0.004972 -1.609316
    40 0.849083 0.000004 0.000000 0.054471 0.175377 -0.910371
    41 3.471104 0.211185 0.574834 -0.338333 -0.158810 -1.076422
    42 1.897535 0.000000 0.000000 0.047211 0.006519 -1.433956
    43 1.014454 0.000000 0.000000 -0.002415 -0.009753 -0.901516
    44 3.750103 0.116325 -0.429640 -0.351987 -0.189781 -0.975692
    45 2.258196 0.000008 0.000000 0.066382 -0.000253 -1.574727
    46 1.210384 0.000004 0.000000 -0.001897 -0.012019 -0.834495
    47 3.868322 -0.161243 -1.490732 -0.188176 -0.087701 -0.204766
    48 1.786062 -0.000008 0.000000 -0.051327 -0.064037 -0.676424
    49 1.044445 0.000004 -0.000001 -0.001277 -0.038560 -0.033101
    50 1.121500 -1.347832 -1.035882 -1.801951 0.200199 -0.546469
    51 1.928120 -0.000001 0.000000 0.000000 -0.225049 -0.494082
    52 1.285143 0.000000 0.000000 -0.000002 0.040642 -0.404246
    53 7.023272 -6.880002 4.339547 2.620672 -1.456011 -1.105365
    54 3.813803 -3.870654 0.998558 1.570796 -1.069638 0.199892
    55 0.000000 -0.000007 -0.000031 1.373047 0.113574 0.124314
    56 0.000000 -0.000007 -0.000034 1.373047 0.113574 0.124314
    57 2.980469 -1.569336 -0.888184 -1.501135 -0.273312 -1.578260
    58 2.000008 -3.000000 0.000000 -1.570796 0.000000 -1.326450
    59 3.175781 -1.395508 0.126343 1.500597 -0.354914 1.381041
    60 0.000004 0.000000 10.000004 0.000000 0.000000 0.000000
    61 0.018898 0.665158 9.395884 0.000000 0.000000 0.000000
    62 3.028212 -0.923409 -2.009451 1.574082 -0.012974 1.587244
    63 0.116951 4.311603 0.061861 0.000010 0.000000 0.000000
    64 0.000000 0.000000 0.000000 0.000000 0.000000 0.000000
    65 0.000000 1.000000 0.000008 0.000000 0.000000 0.000000
    66 0.000000 0.000000 0.000000 0.000000 0.000000 0.000000
    67 0.000000 0.000000 0.000000 0.000000 0.000000 0.000000
    68 0.000000 0.000000 0.000000 0.000000 0.000000 0.000000
    69 19.253853 0.000000 -0.000001 0.000000 0.000000 0.025253
    70 19.253841 0.000000 0.000000 0.000000 0.000000 0.025250
    71 5.884354 0.000000 0.000004 -0.126310 0.000000 0.000000
    72 11.768705 -0.000001 0.000000 -0.238428 0.000000 0.000000
    73 11.679201 0.000000 -0.000004 0.000000 0.000000 -0.161658
    74 5.837998 -0.735000 -0.525002 0.000000 0.000000 0.000000
    75 5.825531 2.661388 2.409388 -0.001945 -0.016320 -0.024506
    76 6.752561 4.039024 -0.341453 0.001435 0.018681 -0.019052
    77 7.652452 1.954227 -2.880674 0.034288 0.011731 0.007773
    78 11.768707 0.000001 0.000004 0.242666 0.000000 0.000000
    79 5.884352 0.000001 0.000000 0.128617 0.000000 0.000000
    80 11.679197 0.000000 0.000008 0.000000 0.000000 -0.161657
    81 5.837997 -0.641044 0.525002 -0.049483 0.000000 0.000000
    82 5.625286 3.107059 -2.433369 0.110853 0.082458 -0.006869
    83 6.677644 4.114117 0.449763 -0.008964 0.010245 -0.007166
    84 7.673524 1.768635 2.985535 -0.031931 0.006501 0.012462
    85 4.902687 0.655644 -8.954903 0.081942 0.003890 0.000160
    86 2.649670 8.412623 -3.003099 -1.828871 -1.111184 1.884926
    87 2.538502 8.321048 3.447679 1.536390 -1.079904 -1.522285
  time 38
    0 -112.079121 -0.158419 34.190421 1.550451 -0.027289 -0.191996
    1 3.806942 0.000000 0.000000 -1.117727 -0.508588 -1.151600
    2 19.263105 0.000000 0.000000 0.000000 0.000000 0.944459
    3 17.589100 0.000000 0.000000 0.096589 0.675098 -0.459352
    4 6.240662 0.000000 0.000000 0.020487 -0.027685 -0.889897
    5 -3.806942 0.000000 0.000000 -0.857800 -0.311906 -2.296073
    6 19.263098 0.000000 0.000000 0.000000 0.000000 0.714674
    7 17.589096 0.000000 0.000000 0.445417 -0.069161 -1.327219
    8 6.240662 0.000000 0.000000 -0.112105 0.023869 -0.369293
    9 0.000000 4.246162 -0.018825 1.371234 -0.262479 1.618591
    10 4.195629 0.000000 0.000000 -0.179361 -0.031903 0.019974
    11 3.883152 0.000001 0.000000 -0.122886 -0.057478 0.152998
    12 5.989849 0.000002 0.000000 -0.088362 0.085055 0.545034
    13 5.620499 0.000002 0.000000 3.584619 -0.050419 0.116514
    14 4.684906 0.000002 0.000000 0.260309 0.065878 0.626618
    15 4.268658 1.531894 1.575000 -1.147993 -1.511866 -0.441068
    16 5.782729 -0.000008 0.000001 -1.549074 -0.929131 -1.167384
    17 11.452765 0.000001 -0.000004 -0.022651 -0.060816 -1.706826
    18 10.945532 -0.000006 -0.000031 0.071858 -0.246682 0.153052
    19 3.147137 0.005676 -1.551344 0.025532 -0.101228 -0.750906
    20 1.585899 0.000000 0.000000 -0.132564 -0.211448 -0.566006
    21 0.849079 0.000000 0.000000 -0.054473 -0.175380 -0.302889
    22 3.471083 0.213272 -0.574067 0.123399 0.009636 -0.786270
    23 1.897537 -0.000008 0.000000 -0.098476 -0.176680 -0.512087
    24 1.014450 0.000004 0.000000 0.002415 0.009757 -0.242679
    25 3.750084 0.114773 0.430058 0.174783 0.047052 -0.472912
    26 2.258194 0.000000 0.000000 -0.121557 -0.078219 -1.001729
    27 1.210388 0.000008 0.000000 0.001897 0.012019 -0.156562
    28 3.868299 -0.166634 1.490139 0.187546 0.033955 -0.039240
    29 1.786062 0.000000 0.000000 0.048663 0.060670 -0.676682
    30 1.044445 -0.000004 0.000000 0.001277 0.038558 -0.401844
    31 1.121477 -1.351563 1.030997 1.693867 -0.344560 -0.124114
    32 1.928114 0.000000 -0.000004 -0.000001 -0.188118 0.059543
    33 1.285139 0.000000 0.000008 0.000000 -0.040646 0.196333
    34 4.268658 1.531896 -1.575000 -1.018926 1.148046 -2.572604
    35 5.782726 0.000000 0.000000 0.894973 0.837567 -0.990933
    36 11.452768 -0.000001 0.000000 0.001318 0.011649 -1.643916
    37 10.945511 -0.000005 0.000015 -0.971539 0.051531 -0.395333
    38 3.147156 0.000069 1.551353 -0.323007 -0.149789 -1.078840
    39 1.585901 -0.000008 0.000000 -0.128601 0.004972 -1.609316
    40 0.849083 0.000004 0.000000 0.054471 0.175377 -0.910371
    41 3.471104 0.211185 0.574834 -0.338321 -0.158810 -1.076422
    42 1.897535 0.000000 0.000000 0.047211 0.006507 -1.433956
    43 1.014454 0.000000 0.000000 -0.002415 -0.009753 -0.901516
    44 3.750103 0.116325 -0.429640 -0.351987 -0.189781 -0.975692
    45 2.258196 0.000008 0.000000 0.066382 -0.000241 -1.574727
    46 1.210384 0.000004 0.000000 -0.001897 -0.012019 -0.834495
    47 3.868322 -0.161243 -1.490732 -0.188176 -0.087701 -0.204766
    48 1.786062 -0.000008 0.000000 -0.051327 -0.064037 -0.676424
    49 1.044445 0.000004 -0.000001 -0.001277 -0.038560 -0.033101
    50 1.121500 -1.347832 -1.035882 -1.801951 0.200199 -0.546469
    51 1.928120 -0.000001 0.000000 0.000000 -0.225049 -0.494082
    52 1.285143 0.000000 0.000000 -0.000002 0.040642 -0.404246
    53 7.023272 -6.880002 4.339547 2.620672 -1.456011 -1.105365
    54 3.813803 -3.870654 0.998558 1.570796 -1.069638 0.199892
    55 0.000000 -0.000007 -0.000031 1.373047 0.113574 0.124314
    56 0.000000 -0.000007 -0.000034 1.373047 0.113574 0.124314
    57 2.980469 -1.569336 -0.888184 -1.501135 -0.273312 -1.578260
    58 2.000008 -3.000000 0.000000 -1.570796 0.000000 -1.326450
    59 3.175781 -1.395508 0.126343 1.500597 -0.354914 1.381041
    60 0.000004 0.000000 10.000004 0.000000 0.000000 0.000000
    61 0.018898 0.665158 9.395884 0.000000 0.000000 0.000000
    62 3.028212 -0.923409 -2.009451 1.574082 -0.012974 1.587244
    63 0.116951 4.311603 0.061861 0.000010 0.000000 0.000000
    64 0.000000 0.000000 0.000000 0.000000 0.000000 0.000000
    65 0.000000 1.000000 0.000008 0.000000 0.000000 0.000000
    66 0.000000 0.000000 0.000000 0.000000 0.000000 0.000000
    67 0.000000 0.000000 0.000000 0.000000 0.000000 0.000000
    68 0.000000 0.000000 0.000000 0.000000 0.000000 0.000000
    69 19.253853 0.000000 -0.000001 0.000000 0.000000 0.025253
    70 19.253841 0.000000 0.000000 0.000000 0.000000 0.025250
    71 5.884354 0.000000 0.000004 -0.126310 0.000000 0.000000
    72 11.768705 -0.000001 0.000000 -0.238428 0.000000 0.000000
    73 11.679201 0.000000 -0.000004 0.000000 0.000000 -0.161658
    74 5.837998 -0.735000 -0.525002 0.000000 0.000000 0.000000
    75 5.825531 2.661388 2.409388 -0.001945 -0.016320 -0.024506
    76 6.752561 4.039024 -0.341453 0.001435 0.018681 -0.019052
    77 7.652452 1.954227 -2.880674 0.034288 0.011731 0.007773
    78 11.768707 0.000001 0.000004 0.242666 0.000000 0.000000
    79 5.884352 0.000001 0.000000 0.128617 0.000000 0.000000
    80 11.679197 0.000000 0.000008 0.000000 0.000000 -0.161657
    81 5.837997 -0.641044 0.525002 -0.049483 0.000000 0.000000
    82 5.625286 3.107059 -2.433369 0.110853 0.082458 -0.006869
    83 6.677644 4.114117 0.449763 -0.008964 0.010245 -0.007166
    84 7.673524 1.768635 2.985535 -0.031931 0.006501 0.012462
    85 4.902687 0.655644 -8.954903 0.081942 0.003890 0.000160
    86 2.649670 8.412623 -3.003099 -1.828871 -1.111184 1.884926
    87 2.538502 8.321048 3.447679 1.536390 -1.079904 -1.522285
  time 39
    0 -114.932238 0.000000 34.217765 1.536587 -0.029883 -0.214494
    1 3.806942 0.000000 0.000000 -1.139555 -0.611593 -1.205142
    2 19.263105 0.000000 0.000000 0.000000 0.000000 1.125878
    3 17.589100 0.000000 0.000000 0.230721 0.659448 -0.260116
    4 6.240662 0.000000 0.000000 0.020475 -0.027733 -0.447666
    5 -3.806942 0.000000 0.000000 -0.943424 -0.372249 -2.248297
    6 19.263098 0.000000 0.000000 0.000000 0.000000 0.872954
    7 17.589096 0.000000 0.000000 0.420831 -0.012642 -1.379516
    8 6.240662 0.000000 0.000000 -0.112105 0.023881 -0.367125
    9 0.000000 4.246162 -0.018825 1.386049 -0.277620 1.614858
    10 4.195629 0.000000 0.000000 -0.174963 -0.033353 0.024848
    11 3.883152 0.000001 0.000000 -0.122800 -0.059540 0.151244
    12 5.989849 0.000002 0.000000 -0.091299 0.079434 0.544327
    13 5.620499 0.000002 0.000000 3.587196 -0.040241 0.114620
    14 4.684906 0.000002 0.000000 0.257744 0.063254 0.628714
    15 4.268658 1.531894 1.575000 -1.159491 -1.512843 -0.435324
    16 5.782729 -0.000008 0.000001 -1.570122 -0.929704 -1.130660
    17 11.452765 0.000001 -0.000004 -0.022758 -0.064887 -1.712405
    18 10.945532 -0.000006 -0.000031 0.052155 -0.252908 0.161629
    19 3.147137 0.005676 -1.551344 0.025532 -0.101228 -0.750906
    20 1.585899 0.000000 0.000000 -0.132564 -0.211448 -0.566006
    21 0.849079 0.000000 0.000000 -0.054473 -0.175380 -0.302889
    22 3.471083 0.213272 -0.574067 0.123399 0.009636 -0.786270
    23 1.897537 -0.000008 0.000000 -0.098476 -0.176680 -0.512087
    24 1.014450 0.000004 0.000000 0.002415 0.009757 -0.242679
    25 3.750084 0.114773 0.430058 0.174783 0.047052 -0.472912
    26 2.258194 0.000000 0.000000 -0.121557 -0.078219 -1.001729
    27 1.210388 0.000008 0.000000 0.001897 0.012019 -0.156562
    28 3.868299 -0.166634 1.490139 0.187546 0.033955 -0.039240
    29 1.786062 0.000000 0.000000 0.048663 0.060670 -0.676682
    30 1.044445 -0.000004 0.000000 0.001277 0.038558 -0.401844
    31 1.121477 -1.351563 1.030997 1.693867 -0.344560 -0.124114
    32 1.928114 0.000000 -0.000004 -0.000001 -0.188118 0.059543
    33 1.285139 0.000000 0.000008 0.000000 -0.040646 0.196333
    34 4.268658 1.531896 -1.575000 -1.012118 1.148010 -2.559008
    35 5.782726 0.000000 0.000000 0.887669 0.859624 -1.002418
    36 11.452768 -0.000001 0.000000 0.000204 0.009911 -1.641862
    37 10.945511 -0.000005 0.000015 -0.973356 0.055079 -0.389912
    38 3.147156 0.000069 1.551353 -0.323007 -0.149789 -1.078840
    39 1.585901 -0.000008 0.000000 -0.128601 0.004972 -1.609316
    40 0.849083 0.000004 0.000000 0.054471 0.175377 -0.910371
    41 3.471104 0.211185 0.574834 -0.338321 -0.158810 -1.076422
    42 1.897535 0.000000 0.000000 0.047211 0.006507 -1.433956
    43 1.014454 0.000000 0.000000 -0.002415 -0.009753 -0.901516
    44 3.750103 0.116325 -0.429640 -0.351987 -0.189769 -0.975692
    45 2.258196 0.000008 0.000000 0.066382 -0.000241 -1.574727
    46 1.210384 0.000004 0.000000 -0.001897 -0.012019 -0.834495
    47 3.868322 -0.161243 -1.490732 -0.188176 -0.087701 -0.204766
    48 1.786062 -0.000008 0.000000 -0.051327 -0.064037 -0.676424
    49 1.044445 0.000004 -0.000001 -0.001277 -0.038560 -0.033101
    50 1.121500 -1.347832 -1.035882 -1.801951 0.200199 -0.546469
    51 1.928120 -0.000001 0.000000 0.000000 -0.225049 -0.494082
    52 1.285143 0.000000 0.000000 -0.000002 0.040642 -0.404246
    53 7.023272 -6.880002 4.339547 2.620672 -1.456011 -1.105365
    54 3.813803 -3.870654 0.998558 1.570796 -1.069638 0.199892
    55 0.000000 -0.000007 -0.000031 1.373047 0.113574 0.124314
    56 0.000000 -0.000007 -0.000034 1.373047 0.113574 0.124314
    57 2.980469 -1.569336 -0.888184 -1.501135 -0.273312 -1.578260
    58 2.000008 -3.000000 0.000000 -1.570796 0.000000 -1.326450
    59 3.175781 -1.395508 0.126343 1.500597 -0.354914 1.381041
    60 0.000004 0.000000 10.000004 0.000000 0.000000 0.000000
    61 0.018898 0.665158 9.395884 0.000000 0.000000 0.000000
    62 3.028212 -0.923409 -2.009451 1.574082 -0.012974 1.587244
    63 0.116951 4.311603 0.061861 0.000010 0.000000 0.000000
    64 0.000000 0.000000 0.000000 0.000000 0.000000 0.000000
    65 0.000000 1.000000 0.000008 0.000000 0.000000 0.000000
    66 0.000000 0.000000 0.000000 0.000000 0.000000 0.000000
    67 0.000000 0.000000 0.000000 0.000000 0.000000 0.000000
    68 0.000000 0.000000 0.000000 0.000000 0.000000 0.000000
    69 19.253853 0.000000 -0.000001 0.000000 0.000000 0.025253
    70 19.253841 0.000000 0.000000 0.000000 0.000000 0.025250
    71 5.884354 0.000000 0.000004 -0.126310 0.000000 0.000000
    72 11.768705 -0.000001 0.000000 -0.238428 0.000000 0.000000
    73 11.679201 0.000000 -0.000004 0.000000 0.000000 -0.161658
    74 5.837998 -0.735000 -0.525002 0.000000 0.000000 0.000000
    75 5.825531 2.661388 2.409388 -0.001945 -0.016320 -0.024506
    76 6.752561 4.039024 -0.341453 0.001435 0.018681 -0.019052
    77 7.652452 1.954227 -2.880674 0.034288 0.011731 0.007773
    78 11.768707 0.000001 0.000004 0.242666 0.000000 0.000000
    79 5.884352 0.000001 0.000000 0.128617 0.000000 0.000000
    80 11.679197 0.000000 0.000008 0.000000 0.000000 -0.161657
    81 5.837997 -0.641044 0.525002 -0.049483 0.000000 0.000000
    82 5.625286 3.107059 -2.433369 0.110853 0.082458 -0.006869
    83 6.677644 4.114117 0.449763 -0.008964 0.010245 -0.007166
    84 7.673524 1.768635 2.985535 -0.031931 0.006501 0.012462
    85 4.902687 0.655644 -8.954903 0.081942 0.003890 0.000160
    86 2.649670 8.412623 -3.003099 -1.828871 -1.111184 1.884926
    87 2.538502 8.321048 3.447679 1.536390 -1.079904 -1.522285
  time 40
    0 -117.390813 0.158420 34.522462 1.553891 -0.030376 -0.245800
    1 3.806942 0.000000 0.000000 -1.231335 -0.742968 -1.248990
    2 19.263105 0.000000 0.000000 0.000000 0.000000 1.328127
    3 17.589100 0.000000 0.000000 0.226200 0.607489 -0.422291
    4 6.240662 0.000000 0.000000 0.020475 -0.027733 -0.480179
    5 -3.806942 0.000000 0.000000 -0.994418 -0.426099 -2.173371
    6 19.263098 0.000000 0.000000 0.000000 0.000000 0.952094
    7 17.589096 0.000000 0.000000 0.390675 0.038287 -1.455809
    8 6.240662 0.000000 0.000000 -0.112105 0.023869 -0.372446
    9 0.000000 4.246162 -0.018825 1.406756 -0.269489 1.608493
    10 4.195629 0.000000 0.000000 -0.168623 -0.033904 0.023169
    11 3.883152 0.000001 0.000000 -0.121820 -0.060304 0.149533
    12 5.989849 0.000002 0.000000 -0.094403 0.074400 0.540528
    13 5.620499 0.000002 0.000000 3.592854 -0.026512 0.115365
    14 4.684906 0.000002 0.000000 0.255909 0.059850 0.630076
    15 4.268658 1.531894 1.575000 -1.196571 -1.514255 -0.402012
    16 5.782729 -0.000008 0.000001 -1.587258 -0.933147 -1.107051
    17 11.452765 0.000001 -0.000004 -0.025171 -0.069800 -1.715258
    18 10.945532 -0.000006 -0.000031 0.046208 -0.248830 0.166525
    19 3.147137 0.005676 -1.551344 0.025532 -0.101228 -0.750906
    20 1.585899 0.000000 0.000000 -0.132564 -0.211448 -0.566006
    21 0.849079 0.000000 0.000000 -0.054473 -0.175380 -0.302889
    22 3.471083 0.213272 -0.574067 0.123399 0.009636 -0.786270
    23 1.897537 -0.000008 0.000000 -0.098476 -0.176680 -0.512087
    24 1.014450 0.000004 0.000000 0.002415 0.009757 -0.242679
    25 3.750084 0.114773 0.430058 0.174783 0.047052 -0.472912
    26 2.258194 0.000000 0.000000 -0.121557 -0.078219 -1.001729
    27 1.210388 0.000008 0.000000 0.001897 0.012019 -0.156562
    28 3.868299 -0.166634 1.490139 0.187546 0.033955 -0.039240
    29 1.786062 0.000000 0.000000 0.048663 0.060670 -0.676682
    30 1.044445 -0.000004 0.000000 0.001277 0.038558 -0.401844
    31 1.121477 -1.351563 1.030997 1.693867 -0.344560 -0.124114
    32 1.928114 0.000000 -0.000004 -0.000001 -0.188118 0.059543
    33 1.285139 0.000000 0.000008 0.000000 -0.040646 0.196333
    34 4.268658 1.531896 -1.575000 -1.036704 1.142254 -2.579588
    35 5.782726 0.000000 0.000000 0.890017 0.877165 -0.986542
    36 11.452768 -0.000001 0.000000 0.001977 0.012224 -1.646219
    37 10.945511 -0.000005 0.000015 -0.975038 0.066323 -0.379832
    38 3.147156 0.000069 1.551353 -0.323007 -0.149789 -1.078840
    39 1.585901 -0.000008 0.000000 -0.128601 0.004972 -1.609316
    40 0.849083 0.000004 0.000000 0.054471 0.175377 -0.910371
    41 3.471104 0.211185 0.574834 -0.338321 -0.158810 -1.076422
    42 1.897535 0.000000 0.000000 0.047211 0.006507 -1.433956
    43 1.014454 0.000000 0.000000 -0.002415 -0.009753 -0.901516
    44 3.750103 0.116325 -0.429640 -0.351987 -0.189781 -0.975692
    45 2.258196 0.000008 0.000000 0.066382 -0.000241 -1.574727
    46 1.210384 0.000004 0.000000 -0.001897 -0.012019 -0.834495
    47 3.868322 -0.161243 -1.490732 -0.188176 -0.087701 -0.204766
    48 1.786062 -0.000008 0.000000 -0.051327 -0.064037 -0.676424
    49 1.044445 0.000004 -0.000001 -0.001277 -0.038560 -0.033101
    50 1.121500 -1.347832 -1.035882 -1.801951 0.200199 -0.546469
    51 1.928120 -0.000001 0.000000 0.000000 -0.225049 -0.494082
    52 1.285143 0.000000 0.000000 -0.000002 0.040642 -0.404246
    53 7.023272 -6.880002 4.339547 2.620672 -1.456011 -1.105365
    54 3.813803 -3.870654 0.998558 1.570796 -1.069638 0.199892
    55 0.000000 -0.000007 -0.000031 1.373047 0.113574 0.124314
    56 0.000000 -0.000007 -0.000034 1.373047 0.113574 0.124314
    57 2.980469 -1.569336 -0.888184 -1.501135 -0.273312 -1.578260
    58 2.000008 -3.000000 0.000000 -1.570796 0.000000 -1.326450
    59 3.175781 -1.395508 0.126343 1.500597 -0.354914 1.381041
    60 0.000004 0.000000 10.000004 0.000000 0.000000 0.000000
    61 0.018898 0.665158 9.395884 0.000000 0.000000 0.000000
    62 3.028212 -0.923409 -2.009451 1.574082 -0.012974 1.587244
    63 0.116951 4.311603 0.061861 0.000010 0.000000 0.000000
    64 0.000000 0.000000 0.000000 0.000000 0.000000 0.000000
    65 0.000000 1.000000 0.000008 0.000000 0.000000 0.000000
    66 0.000000 0.000000 0.000000 0.000000 0.000000 0.000000
    67 0.000000 0.000000 0.000000 0.000000 0.000000 0.000000
    68 0.000000 0.000000 0.000000 0.000000 0.000000 0.000000
    69 19.253853 0.000000 -0.000001 0.000000 0.000000 0.025253
    70 19.253841 0.000000 0.000000 0.000000 0.000000 0.025250
    71 5.884354 0.000000 0.000004 -0.126310 0.000000 0.000000
    72 11.768705 -0.000001 0.000000 -0.238428 0.000000 0.000000
    73 11.679201 0.000000 -0.000004 0.000000 0.000000 -0.161658
    74 5.837998 -0.735000 -0.525002 0.000000 0.000000 0.000000
    75 5.825531 2.661388 2.409388 -0.001945 -0.016320 -0.024506
    76 6.752561 4.039024 -0.341453 0.001435 0.018681 -0.019052
    77 7.652452 1.954227 -2.880674 0.034288 0.011731 0.007773
    78 11.768707 0.000001 0.000004 0.242666 0.000000 0.000000
    79 5.884352 0.000001 0.000000 0.128617 0.000000 0.000000
    80 11.679197 0.000000 0.000008 0.000000 0.000000 -0.161657
    81 5.837997 -0.641044 0.525002 -0.049483 0.000000 0.000000
    82 5.625286 3.107059 -2.433369 0.110853 0.082458 -0.006869
    83 6.677644 4.114117 0.449763 -0.008964 0.010245 -0.007166
    84 7.673524 1.768635 2.985535 -0.031931 0.006501 0.012462
    85 4.902687 0.655644 -8.954903 0.081942 0.003890 0.000160
    86 2.649670 8.412623 -3.003099 -1.828871 -1.111184 1.884926
    87 2.538502 8.321048 3.447679 1.536390 -1.079904 -1.522285
  time 41
    0 -119.810324 0.316839 34.920912 1.579458 -0.030048 -0.276627
    1 3.806942 0.000000 0.000000 -1.341984 -0.842052 -1.295951
    2 19.263105 0.000000 0.000000 0.000000 0.000000 1.461767
    3 17.589100 0.000000 0.000000 0.139814 0.479649 -0.668186
    4 6.240662 0.000000 0.000000 0.020475 -0.027733 -0.459428
    5 -3.806942 0.000000 0.000000 -1.055495 -0.472042 -2.082904
    6 19.263098 0.000000 0.000000 0.000000 0.000000 1.001289
    7 17.589096 0.000000 0.000000 0.379902 0.093637 -1.525522
    8 6.240662 0.000000 0.000000 -0.112105 0.023869 -0.381985
    9 0.000000 4.246162 -0.018825 1.427696 -0.253248 1.599704
    10 4.195629 0.000000 0.000000 -0.163374 -0.034432 0.017189
    11 3.883152 0.000001 0.000000 -0.122175 -0.059540 0.146816
    12 5.989849 0.000002 0.000000 -0.098717 0.070817 0.538332
    13 5.620499 0.000002 0.000000 3.597243 -0.016166 0.116639
    14 4.684906 0.000002 0.000000 0.255712 0.055488 0.628521
    15 4.268658 1.531894 1.575000 -1.221866 -1.516318 -0.373583
    16 5.782729 -0.000008 0.000001 -1.607680 -0.937844 -1.083565
    17 11.452765 0.000001 -0.000004 -0.028709 -0.075299 -1.716970
    18 10.945532 -0.000006 -0.000031 0.044887 -0.241184 0.165117
    19 3.147137 0.005676 -1.551344 0.025532 -0.101228 -0.750906
    20 1.585899 0.000000 0.000000 -0.132564 -0.211448 -0.566006
    21 0.849079 0.000000 0.000000 -0.054473 -0.175380 -0.302889
    22 3.471083 0.213272 -0.574067 0.123387 0.009636 -0.786270
    23 1.897537 -0.000008 0.000000 -0.098476 -0.176680 -0.512087
    24 1.014450 0.000004 0.000000 0.002415 0.009757 -0.242679
    25 3.750084 0.114773 0.430058 0.174783 0.047052 -0.472912
    26 2.258194 0.000000 0.000000 -0.121557 -0.078219 -1.001729
    27 1.210388 0.000008 0.000000 0.001897 0.012019 -0.156562
    28 3.868299 -0.166634 1.490139 0.187546 0.033955 -0.039240
    29 1.786062 0.000000 0.000000 0.048663 0.060670 -0.676682
    30 1.044445 -0.000004 0.000000 0.001277 0.038558 -0.401844
    31 1.121477 -1.351563 1.030997 1.693867 -0.344560 -0.124114
    32 1.928114 0.000000 -0.000004 -0.000001 -0.188118 0.059543
    33 1.285139 0.000000 0.000008 0.000000 -0.040646 0.196333
    34 4.268658 1.531896 -1.575000 -1.062804 1.139466 -2.601471
    35 5.782726 0.000000 0.000000 0.887669 0.891520 -0.973706
    36 11.452768 -0.000001 0.000000 0.006520 0.014729 -1.645845
    37 10.945511 -0.000005 0.000015 -0.983247 0.080715 -0.375125
    38 3.147156 0.000069 1.551353 -0.323007 -0.149789 -1.078840
    39 1.585901 -0.000008 0.000000 -0.128601 0.004972 -1.609316
    40 0.849083 0.000004 0.000000 0.054471 0.175377 -0.910371
    41 3.471104 0.211185 0.574834 -0.338333 -0.158810 -1.076422
    42 1.897535 0.000000 0.000000 0.047211 0.006507 -1.433956
    43 1.014454 0.000000 0.000000 -0.002415 -0.009753 -0.901516
    44 3.750103 0.116325 -0.429640 -0.351987 -0.189781 -0.975692
    45 2.258196 0.000008 0.000000 0.066382 -0.000253 -1.574727
    46 1.210384 0.000004 0.000000 -0.001897 -0.012019 -0.834495
    47 3.868322 -0.161243 -1.490732 -0.188176 -0.087701 -0.204766
    48 1.786062 -0.000008 0.000000 -0.051327 -0.064037 -0.676424
    49 1.044445 0.000004 -0.000001 -0.001277 -0.038560 -0.033101
    50 1.121500 -1.347832 -1.035882 -1.801951 0.200199 -0.546469
    51 1.928120 -0.000001 0.000000 0.000000 -0.225049 -0.494082
    52 1.285143 0.000000 0.000000 -0.000002 0.040642 -0.404246
    53 7.023272 -6.880002 4.339547 2.620672 -1.456011 -1.105365
    54 3.813803 -3.870654 0.998558 1.570796 -1.069638 0.199892
    55 0.000000 -0.000007 -0.000031 1.373047 0.113574 0.124314
    56 0.000000 -0.000007 -0.000034 1.373047 0.113574 0.124314
    57 2.980469 -1.569336 -0.888184 -1.501135 -0.273312 -1.578260
    58 2.000008 -3.000000 0.000000 -1.570796 0.000000 -1.326450
    59 3.175781 -1.395508 0.126343 1.500597 -0.354914 1.381041
    60 0.000004 0.000000 10.000004 0.000000 0.000000 0.000000
    61 0.018898 0.665158 9.395884 0.000000 0.000000 0.000000
    62 3.028212 -0.923409 -2.009451 1.574082 -0.012974 1.587244
    63 0.116951 4.311603 0.061861 0.000010 0.000000 0.000000
    64 0.000000 0.000000 0.000000 0.000000 0.000000 0.000000
    65 0.000000 1.000000 0.000008 0.000000 0.000000 0.000000
    66 0.000000 0.000000 0.000000 0.000000 0.000000 0.000000
    67 0.000000 0.000000 0.000000 0.000000 0.000000 0.000000
    68 0.000000 0.000000 0.000000 0.000000 0.000000 0.000000
    69 19.253853 0.000000 -0.000001 0.000000 0.000000 0.025253
    70 19.253841 0.000000 0.000000 0.000000 0.000000 0.025250
    71 5.884354 0.000000 0.000004 -0.126310 0.000000 0.000000
    72 11.768705 -0.000001 0.000000 -0.238428 0.000000 0.000000
    73 11.679201 0.000000 -0.000004 0.000000 0.000000 -0.161658
    74 5.837998 -0.735000 -0.525002 0.000000 0.000000 0.000000
    75 5.825531 2.661388 2.409388 -0.001945 -0.016320 -0.024506
    76 6.752561 4.039024 -0.341453 0.001435 0.018681 -0.019052
    77 7.652452 1.954227 -2.880674 0.034288 0.011731 0.007773
    78 11.768707 0.000001 0.000004 0.242666 0.000000 0.000000
    79 5.884352 0.000001 0.000000 0.128617 0.000000 0.000000
    80 11.679197 0.000000 0.000008 0.000000 0.000000 -0.161657
    81 5.837997 -0.641044 0.525002 -0.049483 0.000000 0.000000
    82 5.625286 3.107059 -2.433369 0.110853 0.082458 -0.006869
    83 6.677644 4.114117 0.449763 -0.008964 0.010245 -0.007166
    84 7.673524 1.768635 2.985535 -0.031931 0.006501 0.012462
    85 4.902687 0.655644 -8.954903 0.081942 0.003890 0.000160
    86 2.649670 8.412623 -3.003099 -1.828871 -1.111184 1.884926
    87 2.538502 8.321048 3.447679 1.536390 -1.079904 -1.522285
  time 42
    0 -122.120456 0.447302 35.307642 1.608151 -0.027289 -0.307071
    1 3.806942 0.000000 0.000000 -1.407916 -0.906032 -1.390629
    2 19.263105 0.000000 0.000000 0.000000 0.000000 1.508830
    3 17.589100 0.000000 0.000000 0.077511 0.343478 -0.902564
    4 6.240662 0.000000 0.000000 0.020475 -0.027721 -0.501362
    5 -3.806942 0.000000 0.000000 -1.120297 -0.507790 -1.983425
    6 19.263098 0.000000 0.000000 0.000000 0.000000 1.024610
    7 17.589096 0.000000 0.000000 0.364703 0.151004 -1.582915
    8 6.240662 0.000000 0.000000 -0.112105 0.023869 -0.397988
    9 0.000000 4.246162 -0.018825 1.450891 -0.234511 1.592172
    10 4.195629 0.000000 0.000000 -0.158089 -0.035223 0.007791
    11 3.883152 0.000001 0.000000 -0.122347 -0.057783 0.141699
    12 5.989849 0.000002 0.000000 -0.102001 0.069942 0.536186
    13 5.620499 0.000002 0.000000 3.600645 -0.002758 0.123983
    14 4.684906 0.000002 0.000000 0.252338 0.051293 0.620295
    15 4.268658 1.531894 1.575000 -1.322758 -1.517223 -0.262352
    16 5.782729 -0.000008 0.000001 -1.623955 -0.943044 -1.065813
    17 11.452765 0.000001 -0.000004 -0.032301 -0.079490 -1.714053
    18 10.945532 -0.000006 -0.000031 0.042424 -0.236124 0.157821
    19 3.147137 0.005676 -1.551344 0.025532 -0.101228 -0.750906
    20 1.585899 0.000000 0.000000 -0.132564 -0.211448 -0.566006
    21 0.849079 0.000000 0.000000 -0.054473 -0.175380 -0.302889
    22 3.471083 0.213272 -0.574067 0.123399 0.009636 -0.786270
    23 1.897537 -0.000008 0.000000 -0.098476 -0.176680 -0.512087
    24 1.014450 0.000004 0.000000 0.002415 0.009757 -0.242679
    25 3.750084 0.114773 0.430058 0.174783 0.047052 -0.472912
    26 2.258194 0.000000 0.000000 -0.121557 -0.078219 -1.001729
    27 1.210388 0.000008 0.000000 0.001897 0.012019 -0.156562
    28 3.868299 -0.166634 1.490139 0.187546 0.033955 -0.039240
    29 1.786062 0.000000 0.000000 0.048663 0.060670 -0.676682
    30 1.044445 -0.000004 0.000000 0.001277 0.038558 -0.401844
    31 1.121477 -1.351563 1.030997 1.693867 -0.344560 -0.124114
    32 1.928114 0.000000 -0.000004 -0.000001 -0.188118 0.059543
    33 1.285139 0.000000 0.000008 0.000000 -0.040646 0.196333
    34 4.268658 1.531896 -1.575000 -1.078596 1.131958 -2.607710
    35 5.782726 0.000000 0.000000 0.886278 0.906504 -0.955533
    36 11.452768 -0.000001 0.000000 0.010007 0.018696 -1.644289
    37 10.945511 -0.000005 0.000015 -0.990043 0.095407 -0.371559
    38 3.147156 0.000069 1.551353 -0.323007 -0.149789 -1.078840
    39 1.585901 -0.000008 0.000000 -0.128601 0.004972 -1.609316
    40 0.849083 0.000004 0.000000 0.054471 0.175377 -0.910371
    41 3.471104 0.211185 0.574834 -0.338321 -0.158810 -1.076422
    42 1.897535 0.000000 0.000000 0.047211 0.006507 -1.433956
    43 1.014454 0.000000 0.000000 -0.002415 -0.009753 -0.901516
    44 3.750103 0.116325 -0.429640 -0.351987 -0.189781 -0.975692
    45 2.258196 0.000008 0.000000 0.066382 -0.000241 -1.574727
    46 1.210384 0.000004 0.000000 -0.001897 -0.012019 -0.834495
    47 3.868322 -0.161243 -1.490732 -0.188176 -0.087701 -0.204766
    48 1.786062 -0.000008 0.000000 -0.051327 -0.064037 -0.676424
    49 1.044445 0.000004 -0.000001 -0.001277 -0.038560 -0.033101
    50 1.121500 -1.347832 -1.035882 -1.801951 0.200199 -0.546469
    51 1.928120 -0.000001 0.000000 0.000000 -0.225049 -0.494082
    52 1.285143 0.000000 0.000000 -0.000002 0.040642 -0.404246
    53 7.023272 -6.880002 4.339547 2.620672 -1.456011 -1.105365
    54 3.813803 -3.870654 0.998558 1.570796 -1.069638 0.199892
    55 0.000000 -0.000007 -0.000031 1.373047 0.113574 0.124314
    56 0.000000 -0.000007 -0.000034 1.373047 0.113574 0.124314
    57 2.980469 -1.569336 -0.888184 -1.501135 -0.273312 -1.578260
    58 2.000008 -3.000000 0.000000 -1.570796 0.000000 -1.326450
    59 3.175781 -1.395508 0.126343 1.500597 -0.354914 1.381041
    60 0.000004 0.000000 10.000004 0.000000 0.000000 0.000000
    61 0.018898 0.665158 9.395884 0.000000 0.000000 0.000000
    62 3.028212 -0.923409 -2.009451 1.574082 -0.012974 1.587244
    63 0.116951 4.311603 0.061861 0.000010 0.000000 0.000000
    64 0.000000 0.000000 0.000000 0.000000 0.000000 0.000000
    65 0.000000 1.000000 0.000008 0.000000 0.000000 0.000000
    66 0.000000 0.000000 0.000000 0.000000 0.000000 0.000000
    67 0.000000 0.000000 0.000000 0.000000 0.000000 0.000000
    68 0.000000 0.000000 0.000000 0.000000 0.000000 0.000000
    69 19.253853 0.000000 -0.000001 0.000000 0.000000 0.025253
    70 19.253841 0.000000 0.000000 0.000000 0.000000 0.025250
    71 5.884354 0.000000 0.000004 -0.126310 0.000000 0.000000
    72 11.768705 -0.000001 0.000000 -0.238428 0.000000 0.000000
    73 11.679201 0.000000 -0.000004 0.000000 0.000000 -0.161658
    74 5.837998 -0.735000 -0.525002 0.000000 0.000000 0.000000
    75 5.825531 2.661388 2.409388 -0.001945 -0.016320 -0.024506
    76 6.752561 4.039024 -0.341453 0.001435 0.018681 -0.019052
    77 7.652452 1.954227 -2.880674 0.034288 0.011731 0.007773
    78 11.768707 0.000001 0.000004 0.242666 0.000000 0.000000
    79 5.884352 0.000001 0.000000 0.128617 0.000000 0.000000
    80 11.679197 0.000000 0.000008 0.000000 0.000000 -0.161657
    81 5.837997 -0.641044 0.525002 -0.049483 0.000000 0.000000
    82 5.625286 3.107059 -2.433369 0.110853 0.082458 -0.006869
    83 6.677644 4.114117 0.449763 -0.008964 0.010245 -0.007166
    84 7.673524 1.768635 2.985535 -0.031931 0.006501 0.012462
    85 4.902687 0.655644 -8.954903 0.081942 0.003890 0.000160
    86 2.649670 8.412623 -3.003099 -1.828871 -1.111184 1.884926
    87 2.538502 8.321048 3.447679 1.536390 -1.079904 -1.522285
  time 43
    0 -124.383713 0.568446 35.600620 1.636173 -0.020393 -0.337515
    1 3.806942 0.000000 0.000000 -1.369730 -0.936477 -1.562242
    2 19.263105 0.000000 0.000000 0.000000 0.000000 1.463589
    3 17.589100 0.000000 0.000000 -0.003869 0.221418 -1.102834
    4 6.240662 0.000000 0.000000 0.020475 -0.027721 -0.500524
    5 -3.806942 0.000000 0.000000 -1.180862 -0.534075 -1.880307
    6 19.263098 0.000000 0.000000 0.000000 0.000000 1.033028
    7 17.589096 0.000000 0.000000 0.335545 0.204178 -1.631056
    8 6.240662 0.000000 0.000000 -0.112105 0.023869 -0.408670
    9 0.000000 4.246162 -0.018825 1.478481 -0.213942 1.588754
    10 4.195629 0.000000 0.000000 -0.154577 -0.036122 -0.002603
    11 3.883152 0.000001 0.000000 -0.123462 -0.055583 0.136408
    12 5.989849 0.000002 0.000000 -0.105896 0.071033 0.532917
    13 5.620499 0.000002 0.000000 3.603847 0.003626 0.135270
    14 4.684906 0.000002 0.000000 0.250680 0.049148 0.614496
    15 4.268658 1.531894 1.575000 -1.338759 -1.515305 -0.236315
    16 5.782729 -0.000008 0.000001 -1.627006 -0.945554 -1.060200
    17 11.452765 0.000001 -0.000004 -0.033936 -0.080737 -1.705938
    18 10.945532 -0.000006 -0.000031 0.035396 -0.237471 0.150236
    19 3.147137 0.005676 -1.551344 0.025532 -0.101228 -0.750906
    20 1.585899 0.000000 0.000000 -0.132564 -0.211448 -0.566006
    21 0.849079 0.000000 0.000000 -0.054473 -0.175380 -0.302889
    22 3.471083 0.213272 -0.574067 0.123399 0.009636 -0.786270
    23 1.897537 -0.000008 0.000000 -0.098476 -0.176680 -0.512087
    24 1.014450 0.000004 0.000000 0.002415 0.009757 -0.242679
    25 3.750084 0.114773 0.430058 0.174783 0.047052 -0.472912
    26 2.258194 0.000000 0.000000 -0.121557 -0.078219 -1.001729
    27 1.210388 0.000008 0.000000 0.001897 0.012019 -0.156562
    28 3.868299 -0.166634 1.490139 0.187546 0.033955 -0.039240
    29 1.786062 0.000000 0.000000 0.048663 0.060670 -0.676682
    30 1.044445 -0.000004 0.000000 0.001277 0.038558 -0.401844
    31 1.121477 -1.351563 1.030997 1.693867 -0.344560 -0.124114
    32 1.928114 0.000000 -0.000004 -0.000001 -0.188118 0.059543
    33 1.285139 0.000000 0.000008 0.000000 -0.040646 0.196333
    34 4.268658 1.531896 -1.575000 -1.070558 1.135175 -2.599609
    35 5.782726 0.000000 0.000000 0.878887 0.905174 -0.954587
    36 11.452768 -0.000001 0.000000 0.011469 0.018804 -1.641924
    37 10.945511 -0.000005 0.000015 -0.992061 0.106301 -0.369039
    38 3.147156 0.000069 1.551353 -0.323007 -0.149789 -1.078840
    39 1.585901 -0.000008 0.000000 -0.128601 0.004972 -1.609316
    40 0.849083 0.000004 0.000000 0.054471 0.175377 -0.910371
    41 3.471104 0.211185 0.574834 -0.338321 -0.158810 -1.076422
    42 1.897535 0.000000 0.000000 0.047211 0.006519 -1.433956
    43 1.014454 0.000000 0.000000 -0.002415 -0.009753 -0.901516
    44 3.750103 0.116325 -0.429640 -0.351987 -0.189781 -0.975692
    45 2.258196 0.000008 0.000000 0.066382 -0.000241 -1.574727
    46 1.210384 0.000004 0.000000 -0.001897 -0.012019 -0.834495
    47 3.868322 -0.161243 -1.490732 -0.188176 -0.087701 -0.204766
    48 1.786062 -0.000008 0.000000 -0.051327 -0.064037 -0.676424
    49 1.044445 0.000004 -0.000001 -0.001277 -0.038560 -0.033101
    50 1.121500 -1.347832 -1.035882 -1.801951 0.200199 -0.546469
    51 1.928120 -0.000001 0.000000 0.000000 -0.225049 -0.494082
    52 1.285143 0.000000 0.000000 -0.000002 0.040642 -0.404246
    53 7.023272 -6.880002 4.339547 2.620672 -1.456011 -1.105365
    54 3.813803 -3.870654 0.998558 1.570796 -1.069638 0.199892
    55 0.000000 -0.000007 -0.000031 1.373047 0.113574 0.124314
    56 0.000000 -0.000007 -0.000034 1.373047 0.113574 0.124314
    57 2.980469 -1.569336 -0.888184 -1.501135 -0.273312 -1.578260
    58 2.000008 -3.000000 0.000000 -1.570796 0.000000 -1.326450
    59 3.175781 -1.395508 0.126343 1.500597 -0.354914 1.381041
    60 0.000004 0.000000 10.000004 0.000000 0.000000 0.000000
    61 0.018898 0.665158 9.395884 0.000000 0.000000 0.000000
    62 3.028212 -0.923409 -2.009451 1.574082 -0.012974 1.587244
    63 0.116951 4.311603 0.061861 0.000010 0.000000 0.000000
    64 0.000000 0.000000 0.000000 0.000000 0.000000 0.000000
    65 0.000000 1.000000 0.000008 0.000000 0.000000 0.000000
    66 0.000000 0.000000 0.000000 0.000000 0.000000 0.000000
    67 0.000000 0.000000 0.000000 0.000000 0.000000 0.000000
    68 0.000000 0.000000 0.000000 0.000000 0.000000 0.000000
    69 19.253853 0.000000 -0.000001 0.000000 0.000000 0.025253
    70 19.253841 0.000000 0.000000 0.000000 0.000000 0.025250
    71 5.884354 0.000000 0.000004 -0.126310 0.000000 0.000000
    72 11.768705 -0.000001 0.000000 -0.238428 0.000000 0.000000
    73 11.679201 0.000000 -0.000004 0.000000 0.000000 -0.161658
    74 5.837998 -0.735000 -0.525002 0.000000 0.000000 0.000000
    75 5.825531 2.661388 2.409388 -0.001945 -0.016320 -0.024506
    76 6.752561 4.039024 -0.341453 0.001435 0.018681 -0.019052
    77 7.652452 1.954227 -2.880674 0.034288 0.011731 0.007773
    78 11.768707 0.000001 0.000004 0.242666 0.000000 0.000000
    79 5.884352 0.000001 0.000000 0.128617 0.000000 0.000000
    80 11.679197 0.000000 0.000008 0.000000 0.000000 -0.161657
    81 5.837997 -0.641044 0.525002 -0.049483 0.000000 0.000000
    82 5.625286 3.107059 -2.433369 0.110853 0.082458 -0.006869
    83 6.677644 4.114117 0.449763 -0.008964 0.010245 -0.007166
    84 7.673524 1.768635 2.985535 -0.031931 0.006501 0.012462
    85 4.902687 0.655644 -8.954903 0.081942 0.003890 0.000160
    86 2.649670 8.412623 -3.003099 -1.828871 -1.111184 1.884926
    87 2.538502 8.321048 3.447679 1.536390 -1.079904 -1.522285
  time 44
    0 -126.834474 0.642997 35.854534 1.659014 -0.016288 -0.363460
    1 3.806942 0.000000 0.000000 -1.241440 -0.924714 -1.780504
    2 19.263105 0.000000 0.000000 0.000000 0.000000 1.338217
    3 17.589100 0.000000 0.000000 -0.063298 0.105170 -1.248865
    4 6.240662 0.000000 0.000000 0.020475 -0.027733 -0.479167
    5 -3.806942 0.000000 0.000000 -1.232587 -0.542669 -1.779384
    6 19.263098 0.000000 0.000000 0.000000 0.000000 1.027922
    7 17.589096 0.000000 0.000000 0.289388 0.251670 -1.673705
    8 6.240662 0.000000 0.000000 -0.112105 0.023869 -0.410523
    9 0.000000 4.246162 -0.018825 1.504651 -0.195251 1.584392
    10 4.195629 0.000000 0.000000 -0.152660 -0.036229 -0.013083
    11 3.883152 0.000001 0.000000 -0.124602 -0.052665 0.131808
    12 5.989849 0.000002 0.000000 -0.109144 0.073741 0.530570
    13 5.620499 0.000002 0.000000 3.602961 -0.000488 0.142102
    14 4.684906 0.000002 0.000000 0.250818 0.049651 0.613099
    15 4.268658 1.531894 1.575000 -1.309728 -1.518490 -0.264553
    16 5.782729 -0.000008 0.000001 -1.607367 -0.936840 -1.088811
    17 11.452765 0.000001 -0.000004 -0.030505 -0.077658 -1.708728
    18 10.945532 -0.000006 -0.000031 0.048851 -0.232883 0.158845
    19 3.147137 0.005676 -1.551344 0.025532 -0.101228 -0.750906
    20 1.585899 0.000000 0.000000 -0.132564 -0.211448 -0.566006
    21 0.849079 0.000000 0.000000 -0.054473 -0.175380 -0.302889
    22 3.471083 0.213272 -0.574067 0.123399 0.009636 -0.786270
    23 1.897537 -0.000008 0.000000 -0.098476 -0.176680 -0.512087
    24 1.014450 0.000004 0.000000 0.002415 0.009757 -0.242679
    25 3.750084 0.114773 0.430058 0.174783 0.047052 -0.472912
    26 2.258194 0.000000 0.000000 -0.121557 -0.078219 -1.001729
    27 1.210388 0.000008 0.000000 0.001897 0.012019 -0.156562
    28 3.868299 -0.166634 1.490139 0.187546 0.033955 -0.039240
    29 1.786062 0.000000 0.000000 0.048663 0.060670 -0.676682
    30 1.044445 -0.000004 0.000000 0.001277 0.038558 -0.401844
    31 1.121477 -1.351563 1.030997 1.693867 -0.344560 -0.124114
    32 1.928114 0.000000 -0.000004 -0.000001 -0.188118 0.059543
    33 1.285139 0.000000 0.000008 0.000000 -0.040646 0.196333
    34 4.268658 1.531896 -1.575000 -1.036326 1.141325 -2.569624
    35 5.782726 0.000000 0.000000 0.865148 0.890014 -0.970666
    36 11.452768 -0.000001 0.000000 0.011481 0.014981 -1.640181
    37 10.945511 -0.000005 0.000015 -0.980959 0.107050 -0.374555
    38 3.147156 0.000069 1.551353 -0.323007 -0.149789 -1.078840
    39 1.585901 -0.000008 0.000000 -0.128601 0.004972 -1.609316
    40 0.849083 0.000004 0.000000 0.054471 0.175377 -0.910371
    41 3.471104 0.211185 0.574834 -0.338321 -0.158810 -1.076422
    42 1.897535 0.000000 0.000000 0.047211 0.006507 -1.433956
    43 1.014454 0.000000 0.000000 -0.002415 -0.009753 -0.901516
    44 3.750103 0.116325 -0.429640 -0.351987 -0.189781 -0.975692
    45 2.258196 0.000008 0.000000 0.066382 -0.000253 -1.574727
    46 1.210384 0.000004 0.000000 -0.001897 -0.012019 -0.834495
    47 3.868322 -0.161243 -1.490732 -0.188176 -0.087701 -0.204766
    48 1.786062 -0.000008 0.000000 -0.051327 -0.064037 -0.676424
    49 1.044445 0.000004 -0.000001 -0.001277 -0.038560 -0.033101
    50 1.121500 -1.347832 -1.035882 -1.801951 0.200199 -0.546469
    51 1.928120 -0.000001 0.000000 0.000000 -0.225049 -0.494082
    52 1.285143 0.000000 0.000000 -0.000002 0.040642 -0.404246
    53 7.023272 -6.880002 4.339547 2.620672 -1.456011 -1.105365
    54 3.813803 -3.870654 0.998558 1.570796 -1.069638 0.199892
    55 0.000000 -0.000007 -0.000031 1.373047 0.113574 0.124314
    56 0.000000 -0.000007 -0.000034 1.373047 0.113574 0.124314
    57 2.980469 -1.569336 -0.888184 -1.501135 -0.273312 -1.578260
    58 2.000008 -3.000000 0.000000 -1.570796 0.000000 -1.326450
    59 3.175781 -1.395508 0.126343 1.500597 -0.354914 1.381041
    60 0.000004 0.000000 10.000004 0.000000 0.000000 0.000000
    61 0.018898 0.665158 9.395884 0.000000 0.000000 0.000000
    62 3.028212 -0.923409 -2.009451 1.574082 -0.012974 1.587244
    63 0.116951 4.311603 0.061861 0.000010 0.000000 0.000000
    64 0.000000 0.000000 0.000000 0.000000 0.000000 0.000000
    65 0.000000 1.000000 0.000008 0.000000 0.000000 0.000000
    66 0.000000 0.000000 0.000000 0.000000 0.000000 0.000000
    67 0.000000 0.000000 0.000000 0.000000 0.000000 0.000000
    68 0.000000 0.000000 0.000000 0.000000 0.000000 0.000000
    69 19.253853 0.000000 -0.000001 0.000000 0.000000 0.025253
    70 19.253841 0.000000 0.000000 0.000000 0.000000 0.025250
    71 5.884354 0.000000 0.000004 -0.126310 0.000000 0.000000
    72 11.768705 -0.000001 0.000000 -0.238428 0.000000 0.000000
    73 11.679201 0.000000 -0.000004 0.000000 0.000000 -0.161658
    74 5.837998 -0.735000 -0.525002 0.000000 0.000000 0.000000
    75 5.825531 2.661388 2.409388 -0.001945 -0.016320 -0.024506
    76 6.752561 4.039024 -0.341453 0.001435 0.018681 -0.019052
    77 7.652452 1.954227 -2.880674 0.034288 0.011731 0.007773
    78 11.768707 0.000001 0.000004 0.242666 0.000000 0.000000
    79 5.884352 0.000001 0.000000 0.128617 0.000000 0.000000
    80 11.679197 0.000000 0.000008 0.000000 0.000000 -0.161657
    81 5.837997 -0.641044 0.525002 -0.049483 0.000000 0.000000
    82 5.625286 3.107059 -2.433369 0.110853 0.082458 -0.006869
    83 6.677644 4.114117 0.449763 -0.008964 0.010245 -0.007166
    84 7.673524 1.768635 2.985535 -0.031931 0.006501 0.012462
    85 4.902687 0.655644 -8.954903 0.081942 0.003890 0.000160
    86 2.649670 8.412623 -3.003099 -1.828871 -1.111184 1.884926
    87 2.538502 8.321048 3.447679 1.536390 -1.079904 -1.522285
  time 45
    0 -129.355551 0.670953 36.006882 1.674031 -0.012774 -0.386533
    1 3.806942 0.000000 0.000000 -1.090874 -0.865808 -1.976175
    2 19.263105 0.000000 0.000000 0.000000 0.000000 1.132388
    3 17.589100 0.000000 0.000000 -0.087319 -0.001209 -1.328254
    4 6.240662 0.000000 0.000000 0.020475 -0.027733 -0.464544
    5 -3.806942 0.000000 0.000000 -1.267144 -0.531652 -1.686953
    6 19.263098 0.000000 0.000000 0.000000 0.000000 1.010259
    7 17.589096 0.000000 0.000000 0.230025 0.284523 -1.707299
    8 6.240662 0.000000 0.000000 -0.112105 0.023869 -0.414859
    9 0.000000 4.246162 -0.018825 1.525202 -0.179927 1.581707
    10 4.195629 0.000000 0.000000 -0.151114 -0.032790 -0.023464
    11 3.883152 0.000001 0.000000 -0.124994 -0.046034 0.128660
    12 5.989849 0.000002 0.000000 -0.111529 0.071153 0.531314
    13 5.620499 0.000002 0.000000 3.595773 -0.014628 0.141760
    14 4.684906 0.000002 0.000000 0.251825 0.051976 0.615264
    15 4.268658 1.531894 1.575000 -1.208452 -1.522979 -0.373391
    16 5.782729 -0.000008 0.000001 -1.570905 -0.906719 -1.125719
    17 11.452765 0.000001 -0.000004 -0.019407 -0.068132 -1.731552
    18 10.945532 -0.000006 -0.000031 0.055579 -0.245662 0.167229
    19 3.147137 0.005676 -1.551344 0.025532 -0.101228 -0.750906
    20 1.585899 0.000000 0.000000 -0.132564 -0.211448 -0.566006
    21 0.849079 0.000000 0.000000 -0.054473 -0.175380 -0.302889
    22 3.471083 0.213272 -0.574067 0.123399 0.009636 -0.786270
    23 1.897537 -0.000008 0.000000 -0.098476 -0.176680 -0.512087
    24 1.014450 0.000004 0.000000 0.002415 0.009757 -0.242679
    25 3.750084 0.114773 0.430058 0.174783 0.047052 -0.472912
    26 2.258194 0.000000 0.000000 -0.121557 -0.078219 -1.001729
    27 1.210388 0.000008 0.000000 0.001897 0.012019 -0.156562
    28 3.868299 -0.166634 1.490139 0.187546 0.033955 -0.039240
    29 1.786062 0.000000 0.000000 0.048663 0.060670 -0.676682
    30 1.044445 -0.000004 0.000000 0.001277 0.038558 -0.401844
    31 1.121477 -1.351563 1.030997 1.693867 -0.344560 -0.124114
    32 1.928114 0.000000 -0.000004 -0.000001 -0.188118 0.059543
    33 1.285139 0.000000 0.000008 0.000000 -0.040646 0.196333
    34 4.268658 1.531896 -1.575000 -0.993962 1.141825 -2.540291
    35 5.782726 0.000000 0.000000 0.856801 0.855213 -0.978097
    36 11.452768 -0.000001 0.000000 0.008413 0.009025 -1.647775
    37 10.945511 -0.000005 0.000015 -0.974432 0.097506 -0.391054
    38 3.147156 0.000069 1.551353 -0.323007 -0.149789 -1.078840
    39 1.585901 -0.000008 0.000000 -0.128601 0.004972 -1.609316
    40 0.849083 0.000004 0.000000 0.054471 0.175377 -0.910371
    41 3.471104 0.211185 0.574834 -0.338321 -0.158810 -1.076422
    42 1.897535 0.000000 0.000000 0.047211 0.006507 -1.433956
    43 1.014454 0.000000 0.000000 -0.002415 -0.009753 -0.901516
    44 3.750103 0.116325 -0.429640 -0.351987 -0.189781 -0.975692
    45 2.258196 0.000008 0.000000 0.066382 -0.000241 -1.574727
    46 1.210384 0.000004 0.000000 -0.001897 -0.012019 -0.834495
    47 3.868322 -0.161243 -1.490732 -0.188176 -0.087701 -0.204766
    48 1.786062 -0.000008 0.000000 -0.051327 -0.064037 -0.676424
    49 1.044445 0.000004 -0.000001 -0.001277 -0.038560 -0.033101
    50 1.121500 -1.347832 -1.035882 -1.801951 0.200199 -0.546469
    51 1.928120 -0.000001 0.000000 0.000000 -0.225049 -0.494082
    52 1.285143 0.000000 0.000000 -0.000002 0.040642 -0.404246
    53 7.023272 -6.880002 4.339547 2.620672 -1.456011 -1.105365
    54 3.813803 -3.870654 0.998558 1.570796 -1.069638 0.199892
    55 0.000000 -0.000007 -0.000031 1.373047 0.113574 0.124314
    56 0.000000 -0.000007 -0.000034 1.373047 0.113574 0.124314
    57 2.980469 -1.569336 -0.888184 -1.501135 -0.273312 -1.578260
    58 2.000008 -3.000000 0.000000 -1.570796 0.000000 -1.326450
    59 3.175781 -1.395508 0.126343 1.500597 -0.354914 1.381041
    60 0.000004 0.000000 10.000004 0.000000 0.000000 0.000000
    61 0.018898 0.665158 9.395884 0.000000 0.000000 0.000000
    62 3.028212 -0.923409 -2.009451 1.574082 -0.012974 1.587244
    63 0.116951 4.311603 0.061861 0.000010 0.000000 0.000000
    64 0.000000 0.000000 0.000000 0.000000 0.000000 0.000000
    65 0.000000 1.000000 0.000008 0.000000 0.000000 0.000000
    66 0.000000 0.000000 0.000000 0.000000 0.000000 0.000000
    67 0.000000 0.000000 0.000000 0.000000 0.000000 0.000000
    68 0.000000 0.000000 0.000000 0.000000 0.000000 0.000000
    69 19.253853 0.000000 -0.000001 0.000000 0.000000 0.025253
    70 19.253841 0.000000 0.000000 0.000000 0.000000 0.025250
    71 5.884354 0.000000 0.000004 -0.126310 0.000000 0.000000
    72 11.768705 -0.000001 0.000000 -0.238428 0.000000 0.000000
    73 11.679201 0.000000 -0.000004 0.000000 0.000000 -0.161658
    74 5.837998 -0.735000 -0.525002 0.000000 0.000000 0.000000
    75 5.825531 2.661388 2.409388 -0.001945 -0.016320 -0.024506
    76 6.752561 4.039024 -0.341453 0.001435 0.018681 -0.019052
    77 7.652452 1.954227 -2.880674 0.034288 0.011731 0.007773
    78 11.768707 0.000001 0.000004 0.242666 0.000000 0.000000
    79 5.884352 0.000001 0.000000 0.128617 0.000000 0.000000
    80 11.679197 0.000000 0.000008 0.000000 0.000000 -0.161657
    81 5.837997 -0.641044 0.525002 -0.049483 0.000000 0.000000
    82 5.625286 3.107059 -2.433369 0.110853 0.082458 -0.006869
    83 6.677644 4.114117 0.449763 -0.008964 0.010245 -0.007166
    84 7.673524 1.768635 2.985535 -0.031931 0.006501 0.012462
    85 4.902687 0.655644 -8.954903 0.081942 0.003890 0.000160
    86 2.649670 8.412623 -3.003099 -1.828871 -1.111184 1.884926
    87 2.538502 8.321048 3.447679 1.536390 -1.079904 -1.522285
  time 46
    0 -131.997725 0.689591 36.010789 1.674010 -0.008275 -0.410563
    1 3.806942 0.000000 0.000000 -0.994684 -0.776734 -2.086417
    2 19.263105 0.000000 0.000000 0.000000 0.000000 0.872139
    3 17.589100 0.000000 0.000000 -0.039023 -0.082347 -1.355275
    4 6.240662 0.000000 0.000000 0.020475 -0.027733 -0.458561
    5 -3.806942 0.000000 0.000000 -1.291911 -0.497047 -1.596486
    6 19.263098 0.000000 0.000000 0.000000 0.000000 0.987972
    7 17.589096 0.000000 0.000000 0.164340 0.307777 -1.742972
    8 6.240662 0.000000 0.000000 -0.112105 0.023869 -0.421757
    9 0.000000 4.246162 -0.018825 1.545365 -0.175506 1.579860
    10 4.195629 0.000000 0.000000 -0.149004 -0.028631 -0.030476
    11 3.883152 0.000001 0.000000 -0.124455 -0.038792 0.127136
    12 5.989849 0.000002 0.000000 -0.113362 0.066299 0.535555
    13 5.620499 0.000002 0.000000 3.586894 -0.031800 0.140192
    14 4.684906 0.000002 0.000000 0.253304 0.055284 0.615404
    15 4.268658 1.531894 1.575000 -1.125573 -1.518563 -0.467105
    16 5.782729 -0.000008 0.000001 -1.534755 -0.864979 -1.163602
    17 11.452765 0.000001 -0.000004 -0.007023 -0.053169 -1.761032
    18 10.945532 -0.000006 -0.000031 0.053357 -0.273078 0.165245
    19 3.147137 0.005676 -1.551344 0.025532 -0.101228 -0.750906
    20 1.585899 0.000000 0.000000 -0.132564 -0.211448 -0.566006
    21 0.849079 0.000000 0.000000 -0.054473 -0.175380 -0.302889
    22 3.471083 0.213272 -0.574067 0.123399 0.009636 -0.786270
    23 1.897537 -0.000008 0.000000 -0.098476 -0.176680 -0.512087
    24 1.014450 0.000004 0.000000 0.002415 0.009757 -0.242679
    25 3.750084 0.114773 0.430058 0.174783 0.047052 -0.472912
    26 2.258194 0.000000 0.000000 -0.121557 -0.078219 -1.001729
    27 1.210388 0.000008 0.000000 0.001897 0.012019 -0.156562
    28 3.868299 -0.166634 1.490139 0.187546 0.033955 -0.039240
    29 1.786062 0.000000 0.000000 0.048663 0.060670 -0.676682
    30 1.044445 -0.000004 0.000000 0.001277 0.038558 -0.401844
    31 1.121477 -1.351563 1.030997 1.693867 -0.344560 -0.124114
    32 1.928114 0.000000 -0.000004 -0.000001 -0.188118 0.059543
    33 1.285139 0.000000 0.000008 0.000000 -0.040646 0.196333
    34 4.268658 1.531896 -1.575000 -0.983938 1.143362 -2.538149
    35 5.782726 0.000000 0.000000 0.872800 0.818766 -0.958303
    36 11.452768 -0.000001 0.000000 0.003188 0.004698 -1.663336
    37 10.945511 -0.000005 0.000015 -0.974163 0.084763 -0.409692
    38 3.147156 0.000069 1.551353 -0.323007 -0.149789 -1.078840
    39 1.585901 -0.000008 0.000000 -0.128601 0.004972 -1.609316
    40 0.849083 0.000004 0.000000 0.054471 0.175377 -0.910371
    41 3.471104 0.211185 0.574834 -0.338321 -0.158810 -1.076422
    42 1.897535 0.000000 0.000000 0.047211 0.006507 -1.433956
    43 1.014454 0.000000 0.000000 -0.002415 -0.009753 -0.901516
    44 3.750103 0.116325 -0.429640 -0.351987 -0.189781 -0.975692
    45 2.258196 0.000008 0.000000 0.066382 -0.000241 -1.574727
    46 1.210384 0.000004 0.000000 -0.001897 -0.012019 -0.834495
    47 3.868322 -0.161243 -1.490732 -0.188176 -0.087701 -0.204766
    48 1.786062 -0.000008 0.000000 -0.051327 -0.064037 -0.676424
    49 1.044445 0.000004 -0.000001 -0.001277 -0.038560 -0.033101
    50 1.121500 -1.347832 -1.035882 -1.801951 0.200199 -0.546469
    51 1.928120 -0.000001 0.000000 0.000000 -0.225049 -0.494082
    52 1.285143 0.000000 0.000000 -0.000002 0.040642 -0.404246
    53 7.023272 -6.880002 4.339547 2.620672 -1.456011 -1.105365
    54 3.813803 -3.870654 0.998558 1.570796 -1.069638 0.199892
    55 0.000000 -0.000007 -0.000031 1.373047 0.113574 0.124314
    56 0.000000 -0.000007 -0.000034 1.373047 0.113574 0.124314
    57 2.980469 -1.569336 -0.888184 -1.501135 -0.273312 -1.578260
    58 2.000008 -3.000000 0.000000 -1.570796 0.000000 -1.326450
    59 3.175781 -1.395508 0.126343 1.500597 -0.354914 1.381041
    60 0.000004 0.000000 10.000004 0.000000 0.000000 0.000000
    61 0.018898 0.665158 9.395884 0.000000 0.000000 0.000000
    62 3.028212 -0.923409 -2.009451 1.574082 -0.012974 1.587244
    63 0.116951 4.311603 0.061861 0.000010 0.000000 0.000000
    64 0.000000 0.000000 0.000000 0.000000 0.000000 0.000000
    65 0.000000 1.000000 0.000008 0.000000 0.000000 0.000000
    66 0.000000 0.000000 0.000000 0.000000 0.000000 0.000000
    67 0.000000 0.000000 0.000000 0.000000 0.000000 0.000000
    68 0.000000 0.000000 0.000000 0.000000 0.000000 0.000000
    69 19.253853 0.000000 -0.000001 0.000000 0.000000 0.025253
    70 19.253841 0.000000 0.000000 0.000000 0.000000 0.025250
    71 5.884354 0.000000 0.000004 -0.126310 0.000000 0.000000
    72 11.768705 -0.000001 0.000000 -0.238428 0.000000 0.000000
    73 11.679201 0.000000 -0.000004 0.000000 0.000000 -0.161658
    74 5.837998 -0.735000 -0.525002 0.000000 0.000000 0.000000
    75 5.825531 2.661388 2.409388 -0.001945 -0.016320 -0.024506
    76 6.752561 4.039024 -0.341453 0.001435 0.018681 -0.019052
    77 7.652452 1.954227 -2.880674 0.034288 0.011731 0.007773
    78 11.768707 0.000001 0.000004 0.242666 0.000000 0.000000
    79 5.884352 0.000001 0.000000 0.128617 0.000000 0.000000
    80 11.679197 0.000000 0.000008 0.000000 0.000000 -0.161657
    81 5.837997 -0.641044 0.525002 -0.049483 0.000000 0.000000
    82 5.625286 3.107059 -2.433369 0.110853 0.082458 -0.006869
    83 6.677644 4.114117 0.449763 -0.008964 0.010245 -0.007166
    84 7.673524 1.768635 2.985535 -0.031931 0.006501 0.012462
    85 4.902687 0.655644 -8.954903 0.081942 0.003890 0.000160
    86 2.649670 8.412623 -3.003099 -1.828871 -1.111184 1.884926
    87 2.538502 8.321048 3.447679 1.536390 -1.079904 -1.522285
  time 47
    0 -134.764903 0.717547 35.823283 1.668096 -0.000854 -0.432582
    1 3.806942 0.000000 0.000000 -0.951641 -0.680602 -2.123106
    2 19.263105 0.000000 0.000000 0.000000 0.000000 0.573940
    3 17.589100 0.000000 0.000000 0.037350 -0.126712 -1.339476
    4 6.240662 0.000000 0.000000 0.020475 -0.027721 -0.488039
    5 -3.806942 0.000000 0.000000 -1.309371 -0.450739 -1.505384
    6 19.263098 0.000000 0.000000 0.000000 0.000000 0.964927
    7 17.589096 0.000000 0.000000 0.094521 0.331282 -1.775775
    8 6.240662 0.000000 0.000000 -0.112105 0.023869 -0.434015
    9 0.000000 4.246162 -0.018825 1.563699 -0.177636 1.578210
    10 4.195629 0.000000 0.000000 -0.145637 -0.024976 -0.032241
    11 3.883152 0.000001 0.000000 -0.122861 -0.033215 0.127107
    12 5.989849 0.000002 0.000000 -0.111708 0.065304 0.537108
    13 5.620499 0.000002 0.000000 3.577694 -0.049215 0.140068
    14 4.684906 0.000002 0.000000 0.254488 0.058915 0.613465
    15 4.268658 1.531894 1.575000 -1.059844 -1.512807 -0.543013
    16 5.782729 -0.000008 0.000001 -1.503223 -0.842639 -1.205145
    17 11.452765 0.000001 -0.000004 -0.000885 -0.042352 -1.775234
    18 10.945532 -0.000006 -0.000031 0.069335 -0.284036 0.157437
    19 3.147137 0.005676 -1.551344 0.025532 -0.101228 -0.750906
    20 1.585899 0.000000 0.000000 -0.132564 -0.211448 -0.566006
    21 0.849079 0.000000 0.000000 -0.054473 -0.175380 -0.302889
    22 3.471083 0.213272 -0.574067 0.123399 0.009636 -0.786270
    23 1.897537 -0.000008 0.000000 -0.098476 -0.176680 -0.512087
    24 1.014450 0.000004 0.000000 0.002415 0.009757 -0.242679
    25 3.750084 0.114773 0.430058 0.174783 0.047052 -0.472912
    26 2.258194 0.000000 0.000000 -0.121557 -0.078219 -1.001729
    27 1.210388 0.000008 0.000000 0.001897 0.012019 -0.156562
    28 3.868299 -0.166634 1.490139 0.187546 0.033955 -0.039240
    29 1.786062 0.000000 0.000000 0.048663 0.060670 -0.676682
    30 1.044445 -0.000004 0.000000 0.001277 0.038558 -0.401844
    31 1.121477 -1.351563 1.030997 1.693867 -0.344560 -0.124114
    32 1.928114 0.000000 -0.000004 -0.000001 -0.188118 0.059543
    33 1.285139 0.000000 0.000008 0.000000 -0.040646 0.196333
    34 4.268658 1.531896 -1.575000 -0.948477 1.161918 -2.520083
    35 5.782726 0.000000 0.000000 0.877148 0.776752 -0.976881
    36 11.452768 -0.000001 0.000000 0.003260 -0.003380 -1.664082
    37 10.945511 -0.000005 0.000015 -0.983247 0.075118 -0.438173
    38 3.147156 0.000069 1.551353 -0.323007 -0.149789 -1.078840
    39 1.585901 -0.000008 0.000000 -0.128601 0.004972 -1.609316
    40 0.849083 0.000004 0.000000 0.054471 0.175377 -0.910371
    41 3.471104 0.211185 0.574834 -0.338321 -0.158810 -1.076422
    42 1.897535 0.000000 0.000000 0.047211 0.006507 -1.433956
    43 1.014454 0.000000 0.000000 -0.002415 -0.009753 -0.901516
    44 3.750103 0.116325 -0.429640 -0.351987 -0.189781 -0.975692
    45 2.258196 0.000008 0.000000 0.066382 -0.000253 -1.574727
    46 1.210384 0.000004 0.000000 -0.001897 -0.012019 -0.834495
    47 3.868322 -0.161243 -1.490732 -0.188176 -0.087701 -0.204766
    48 1.786062 -0.000008 0.000000 -0.051327 -0.064037 -0.676424
    49 1.044445 0.000004 -0.000001 -0.001277 -0.038560 -0.033101
    50 1.121500 -1.347832 -1.035882 -1.801951 0.200199 -0.546469
    51 1.928120 -0.000001 0.000000 0.000000 -0.225049 -0.494082
    52 1.285143 0.000000 0.000000 -0.000002 0.040642 -0.404246
    53 7.023272 -6.880002 4.339547 2.620672 -1.456011 -1.105365
    54 3.813803 -3.870654 0.998558 1.570796 -1.069638 0.199892
    55 0.000000 -0.000007 -0.000031 1.373047 0.113574 0.124314
    56 0.000000 -0.000007 -0.000034 1.373047 0.113574 0.124314
    57 2.980469 -1.569336 -0.888184 -1.501135 -0.273312 -1.578260
    58 2.000008 -3.000000 0.000000 -1.570796 0.000000 -1.326450
    59 3.175781 -1.395508 0.126343 1.500597 -0.354914 1.381041
    60 0.000004 0.000000 10.000004 0.000000 0.000000 0.000000
    61 0.018898 0.665158 9.395884 0.000000 0.000000 0.000000
    62 3.028212 -0.923409 -2.009451 1.574082 -0.012974 1.587244
    63 0.116951 4.311603 0.061861 0.000010 0.000000 0.000000
    64 0.000000 0.000000 0.000000 0.000000 0.000000 0.000000
    65 0.000000 1.000000 0.000008 0.000000 0.000000 0.000000
    66 0.000000 0.000000 0.000000 0.000000 0.000000 0.000000
    67 0.000000 0.000000 0.000000 0.000000 0.000000 0.000000
    68 0.000000 0.000000 0.000000 0.000000 0.000000 0.000000
    69 19.253853 0.000000 -0.000001 0.000000 0.000000 0.025253
    70 19.253841 0.000000 0.000000 0.000000 0.000000 0.025250
    71 5.884354 0.000000 0.000004 -0.126310 0.000000 0.000000
    72 11.768705 -0.000001 0.000000 -0.238428 0.000000 0.000000
    73 11.679201 0.000000 -0.000004 0.000000 0.000000 -0.161658
    74 5.837998 -0.735000 -0.525002 0.000000 0.000000 0.000000
    75 5.825531 2.661388 2.409388 -0.001945 -0.016320 -0.024506
    76 6.752561 4.039024 -0.341453 0.001435 0.018681 -0.019052
    77 7.652452 1.954227 -2.880674 0.034288 0.011731 0.007773
    78 11.768707 0.000001 0.000004 0.242666 0.000000 0.000000
    79 5.884352 0.000001 0.000000 0.128617 0.000000 0.000000
    80 11.679197 0.000000 0.000008 0.000000 0.000000 -0.161657
    81 5.837997 -0.641044 0.525002 -0.049483 0.000000 0.000000
    82 5.625286 3.107059 -2.433369 0.110853 0.082458 -0.006869
    83 6.677644 4.114117 0.449763 -0.008964 0.010245 -0.007166
    84 7.673524 1.768635 2.985535 -0.031931 0.006501 0.012462
    85 4.902687 0.655644 -8.954903 0.081942 0.003890 0.000160
    86 2.649670 8.412623 -3.003099 -1.828871 -1.111184 1.884926
    87 2.538502 8.321048 3.447679 1.536390 -1.079904 -1.522285
  time 48
    0 -137.645365 0.736185 35.526399 1.660713 0.005780 -0.450006
    1 3.806942 0.000000 0.000000 -0.959401 -0.556055 -2.087351
    2 19.263105 0.000000 0.000000 0.000000 0.000000 0.201143
    3 17.589100 0.000000 0.000000 0.082539 -0.141224 -1.278248
    4 6.240662 0.000000 0.000000 0.020475 -0.027721 -0.488589
    5 -3.806942 0.000000 0.000000 -1.306011 -0.394100 -1.423178
    6 19.263098 0.000000 0.000000 0.000000 0.000000 0.936707
    7 17.589096 0.000000 0.000000 0.025042 0.343997 -1.802295
    8 6.240662 0.000000 0.000000 -0.112105 0.023869 -0.461725
    9 0.000000 4.246162 -0.018825 1.576571 -0.180568 1.579074
    10 4.195629 0.000000 0.000000 -0.140447 -0.023490 -0.028897
    11 3.883152 0.000001 0.000000 -0.119295 -0.031718 0.128272
    12 5.989849 0.000002 0.000000 -0.106627 0.069259 0.538307
    13 5.620499 0.000002 0.000000 3.571956 -0.059561 0.138515
    14 4.684906 0.000002 0.000000 0.254705 0.061696 0.613937
    15 4.268658 1.531894 1.575000 -1.024680 -1.510707 -0.581207
    16 5.782729 -0.000008 0.000001 -1.487887 -0.832742 -1.218688
    17 11.452765 0.000001 -0.000004 0.004396 -0.034870 -1.786773
    18 10.945532 -0.000006 -0.000031 0.069636 -0.297799 0.152316
    19 3.147137 0.005676 -1.551344 0.025532 -0.101228 -0.750906
    20 1.585899 0.000000 0.000000 -0.132564 -0.211448 -0.566006
    21 0.849079 0.000000 0.000000 -0.054473 -0.175380 -0.302889
    22 3.471083 0.213272 -0.574067 0.123399 0.009636 -0.786270
    23 1.897537 -0.000008 0.000000 -0.098476 -0.176680 -0.512087
    24 1.014450 0.000004 0.000000 0.002415 0.009757 -0.242679
    25 3.750084 0.114773 0.430058 0.174783 0.047052 -0.472912
    26 2.258194 0.000000 0.000000 -0.121557 -0.078219 -1.001729
    27 1.210388 0.000008 0.000000 0.001897 0.012019 -0.156562
    28 3.868299 -0.166634 1.490139 0.187546 0.033955 -0.039240
    29 1.786062 0.000000 0.000000 0.048663 0.060670 -0.676682
    30 1.044445 -0.000004 0.000000 0.001277 0.038558 -0.401844
    31 1.121477 -1.351563 1.030997 1.693867 -0.344560 -0.124114
    32 1.928114 0.000000 -0.000004 -0.000001 -0.188118 0.059543
    33 1.285139 0.000000 0.000008 0.000000 -0.040646 0.196333
    34 4.268658 1.531896 -1.575000 -0.900628 1.171392 -2.470263
    35 5.782726 0.000000 0.000000 0.878626 0.765163 -1.001067
    36 11.452768 -0.000001 0.000000 0.002457 -0.009144 -1.659974
    37 10.945511 -0.000005 0.000015 -0.993609 0.064174 -0.461424
    38 3.147156 0.000069 1.551353 -0.323007 -0.149789 -1.078840
    39 1.585901 -0.000008 0.000000 -0.128601 0.004972 -1.609316
    40 0.849083 0.000004 0.000000 0.054471 0.175377 -0.910371
    41 3.471104 0.211185 0.574834 -0.338321 -0.158810 -1.076422
    42 1.897535 0.000000 0.000000 0.047211 0.006507 -1.433956
    43 1.014454 0.000000 0.000000 -0.002415 -0.009753 -0.901516
    44 3.750103 0.116325 -0.429640 -0.351987 -0.189781 -0.975692
    45 2.258196 0.000008 0.000000 0.066382 -0.000241 -1.574727
    46 1.210384 0.000004 0.000000 -0.001897 -0.012019 -0.834495
    47 3.868322 -0.161243 -1.490732 -0.188176 -0.087701 -0.204766
    48 1.786062 -0.000008 0.000000 -0.051327 -0.064037 -0.676424
    49 1.044445 0.000004 -0.000001 -0.001277 -0.038560 -0.033101
    50 1.121500 -1.347832 -1.035882 -1.801951 0.200199 -0.546469
    51 1.928120 -0.000001 0.000000 0.000000 -0.225049 -0.494082
    52 1.285143 0.000000 0.000000 -0.000002 0.040642 -0.404246
    53 7.023272 -6.880002 4.339547 2.620672 -1.456011 -1.105365
    54 3.813803 -3.870654 0.998558 1.570796 -1.069638 0.199892
    55 0.000000 -0.000007 -0.000031 1.373047 0.113574 0.124314
    56 0.000000 -0.000007 -0.000034 1.373047 0.113574 0.124314
    57 2.980469 -1.569336 -0.888184 -1.501135 -0.273312 -1.578260
    58 2.000008 -3.000000 0.000000 -1.570796 0.000000 -1.326450
    59 3.175781 -1.395508 0.126343 1.500597 -0.354914 1.381041
    60 0.000004 0.000000 10.000004 0.000000 0.000000 0.000000
    61 0.018898 0.665158 9.395884 0.000000 0.000000 0.000000
    62 3.028212 -0.923409 -2.009451 1.574082 -0.012974 1.587244
    63 0.116951 4.311603 0.061861 0.000010 0.000000 0.000000
    64 0.000000 0.000000 0.000000 0.000000 0.000000 0.000000
    65 0.000000 1.000000 0.000008 0.000000 0.000000 0.000000
    66 0.000000 0.000000 0.000000 0.000000 0.000000 0.000000
    67 0.000000 0.000000 0.000000 0.000000 0.000000 0.000000
    68 0.000000 0.000000 0.000000 0.000000 0.000000 0.000000
    69 19.253853 0.000000 -0.000001 0.000000 0.000000 0.025253
    70 19.253841 0.000000 0.000000 0.000000 0.000000 0.025250
    71 5.884354 0.000000 0.000004 -0.126310 0.000000 0.000000
    72 11.768705 -0.000001 0.000000 -0.238428 0.000000 0.000000
    73 11.679201 0.000000 -0.000004 0.000000 0.000000 -0.161658
    74 5.837998 -0.735000 -0.525002 0.000000 0.000000 0.000000
    75 5.825531 2.661388 2.409388 -0.001945 -0.016320 -0.024506
    76 6.752561 4.039024 -0.341453 0.001435 0.018681 -0.019052
    77 7.652452 1.954227 -2.880674 0.034288 0.011731 0.007773
    78 11.768707 0.000001 0.000004 0.242666 0.000000 0.000000
    79 5.884352 0.000001 0.000000 0.128617 0.000000 0.000000
    80 11.679197 0.000000 0.000008 0.000000 0.000000 -0.161657
    81 5.837997 -0.641044 0.525002 -0.049483 0.000000 0.000000
    82 5.625286 3.107059 -2.433369 0.110853 0.082458 -0.006869
    83 6.677644 4.114117 0.449763 -0.008964 0.010245 -0.007166
    84 7.673524 1.768635 2.985535 -0.031931 0.006501 0.012462
    85 4.902687 0.655644 -8.954903 0.081942 0.003890 0.000160
    86 2.649670 8.412623 -3.003099 -1.828871 -1.111184 1.884926
    87 2.538502 8.321048 3.447679 1.536390 -1.079904 -1.522285
  time 49
    0 -140.787554 0.736185 35.174826 1.646933 0.011691 -0.458718
    1 3.806942 0.000000 0.000000 -0.977991 -0.474315 -2.052887
    2 19.263105 0.000000 0.000000 0.000000 0.000000 0.000000
    3 17.589100 0.000000 0.000000 0.076265 -0.158841 -1.240990
    4 6.240662 0.000000 0.000000 0.024130 -0.027865 -0.486074
    5 -3.806942 0.000000 0.000000 -1.273792 -0.314421 -1.347154
    6 19.263098 0.000000 0.000000 0.000000 0.000000 0.889237
    7 17.589096 0.000000 0.000000 -0.039135 0.337697 -1.807935
    8 6.240662 0.000000 0.000000 -0.112105 0.023857 -0.510917
    9 0.000000 4.246162 -0.018825 1.581704 -0.187554 1.582047
    10 4.195629 0.000000 0.000000 -0.134994 -0.022735 -0.021525
    11 3.883152 0.000001 0.000000 -0.114920 -0.032085 0.133159
    12 5.989849 0.000002 0.000000 -0.099748 0.074868 0.539720
    13 5.620499 0.000002 0.000000 3.571311 -0.059424 0.141465
    14 4.684906 0.000002 0.000000 0.252357 0.065039 0.610723
    15 4.268658 1.531894 1.575000 -1.107176 -1.526238 -0.488355
    16 5.782729 -0.000008 0.000001 -1.499076 -0.837404 -1.183062
    17 11.452765 0.000001 -0.000004 0.011285 -0.033338 -1.801671
    18 10.945532 -0.000006 -0.000031 0.060805 -0.316767 0.155964
    19 3.147137 0.005676 -1.551344 0.025532 -0.101228 -0.750906
    20 1.585899 0.000000 0.000000 -0.132564 -0.211448 -0.566006
    21 0.849079 0.000000 0.000000 -0.054473 -0.175380 -0.302889
    22 3.471083 0.213272 -0.574067 0.123399 0.009636 -0.786270
    23 1.897537 -0.000008 0.000000 -0.098476 -0.176680 -0.512087
    24 1.014450 0.000004 0.000000 0.002415 0.009757 -0.242679
    25 3.750084 0.114773 0.430058 0.174783 0.047052 -0.472912
    26 2.258194 0.000000 0.000000 -0.121557 -0.078219 -1.001729
    27 1.210388 0.000008 0.000000 0.001897 0.012019 -0.156562
    28 3.868299 -0.166634 1.490139 0.187546 0.033955 -0.039240
    29 1.786062 0.000000 0.000000 0.048663 0.060670 -0.676682
    30 1.044445 -0.000004 0.000000 0.001277 0.038558 -0.401844
    31 1.121477 -1.351563 1.030997 1.693867 -0.344560 -0.124114
    32 1.928114 0.000000 -0.000004 -0.000001 -0.188118 0.059543
    33 1.285139 0.000000 0.000008 0.000000 -0.040646 0.196333
    34 4.268658 1.531896 -1.575000 -0.911125 1.167209 -2.473057
    35 5.782726 0.000000 0.000000 0.894973 0.763343 -0.987893
    36 11.452768 -0.000001 0.000000 0.003967 -0.007179 -1.660659
    37 10.945511 -0.000005 0.000015 -1.002827 0.055229 -0.479207
    38 3.147156 0.000069 1.551353 -0.323007 -0.149789 -1.078840
    39 1.585901 -0.000008 0.000000 -0.128601 0.004972 -1.609316
    40 0.849083 0.000004 0.000000 0.054471 0.175377 -0.910371
    41 3.471104 0.211185 0.574834 -0.338321 -0.158810 -1.076422
    42 1.897535 0.000000 0.000000 0.047211 0.006519 -1.433956
    43 1.014454 0.000000 0.000000 -0.002415 -0.009753 -0.901516
    44 3.750103 0.116325 -0.429640 -0.351987 -0.189781 -0.975692
    45 2.258196 0.000008 0.000000 0.066382 -0.000241 -1.574727
    46 1.210384 0.000004 0.000000 -0.001897 -0.012019 -0.834495
    47 3.868322 -0.161243 -1.490732 -0.188176 -0.087701 -0.204766
    48 1.786062 -0.000008 0.000000 -0.051327 -0.064037 -0.676424
    49 1.044445 0.000004 -0.000001 -0.001277 -0.038560 -0.033101
    50 1.121500 -1.347832 -1.035882 -1.801951 0.200199 -0.546469
    51 1.928120 -0.000001 0.000000 0.000000 -0.225049 -0.494082
    52 1.285143 0.000000 0.000000 -0.000002 0.040642 -0.404246
    53 7.023272 -6.880002 4.339547 2.620672 -1.456011 -1.105365
    54 3.813803 -3.870654 0.998558 1.570796 -1.069638 0.199892
    55 0.000000 -0.000007 -0.000031 1.373047 0.113574 0.124314
    56 0.000000 -0.000007 -0.000034 1.373047 0.113574 0.124314
    57 2.980469 -1.569336 -0.888184 -1.501135 -0.273312 -1.578260
    58 2.000008 -3.000000 0.000000 -1.570796 0.000000 -1.326450
    59 3.175781 -1.395508 0.126343 1.500597 -0.354914 1.381041
    60 0.000004 0.000000 10.000004 0.000000 0.000000 0.000000
    61 0.018898 0.665158 9.395884 0.000000 0.000000 0.000000
    62 3.028212 -0.923409 -2.009451 1.574082 -0.012974 1.587244
    63 0.116951 4.311603 0.061861 0.000010 0.000000 0.000000
    64 0.000000 0.000000 0.000000 0.000000 0.000000 0.000000
    65 0.000000 1.000000 0.000008 0.000000 0.000000 0.000000
    66 0.000000 0.000000 0.000000 0.000000 0.000000 0.000000
    67 0.000000 0.000000 0.000000 0.000000 0.000000 0.000000
    68 0.000000 0.000000 0.000000 0.000000 0.000000 0.000000
    69 19.253853 0.000000 -0.000001 0.000000 0.000000 0.025253
    70 19.253841 0.000000 0.000000 0.000000 0.000000 0.025250
    71 5.884354 0.000000 0.000004 -0.126310 0.000000 0.000000
    72 11.768705 -0.000001 0.000000 -0.238428 0.000000 0.000000
    73 11.679201 0.000000 -0.000004 0.000000 0.000000 -0.161658
    74 5.837998 -0.735000 -0.525002 0.000000 0.000000 0.000000
    75 5.825531 2.661388 2.409388 -0.001945 -0.016320 -0.024506
    76 6.752561 4.039024 -0.341453 0.001435 0.018681 -0.019052
    77 7.652452 1.954227 -2.880674 0.034288 0.011731 0.007773
    78 11.768707 0.000001 0.000004 0.242666 0.000000 0.000000
    79 5.884352 0.000001 0.000000 0.128617 0.000000 0.000000
    80 11.679197 0.000000 0.000008 0.000000 0.000000 -0.161657
    81 5.837997 -0.641044 0.525002 -0.049483 0.000000 0.000000
    82 5.625286 3.107059 -2.433369 0.110853 0.082458 -0.006869
    83 6.677644 4.114117 0.449763 -0.008964 0.010245 -0.007166
    84 7.673524 1.768635 2.985535 -0.031931 0.006501 0.012462
    85 4.902687 0.655644 -8.954903 0.081942 0.003890 0.000160
    86 2.649670 8.412623 -3.003099 -1.828871 -1.111184 1.884926
    87 2.538502 8.321048 3.447679 1.536390 -1.079904 -1.522285
  time 50
    0 -144.023496 0.577765 34.913099 1.647646 0.009983 -0.455463
    1 3.806942 0.000000 0.000000 -0.964370 -0.501623 -2.080058
    2 19.263105 0.000000 0.000000 0.000000 0.000000 0.121922
    3 17.589100 0.000000 0.000000 0.087018 -0.201270 -1.296262
    4 6.240662 0.000000 0.000000 0.020475 -0.027733 -0.405327
    5 -3.806942 0.000000 0.000000 -1.231638 -0.244616 -1.288114
    6 19.263098 0.000000 0.000000 0.000000 0.000000 0.844872
    7 17.589096 0.000000 0.000000 -0.066640 0.326654 -1.752224
    8 6.240662 0.000000 0.000000 -0.112105 0.023845 -0.640125
    9 0.000000 4.246162 -0.018825 1.577348 -0.192044 1.579467
    10 4.195629 0.000000 0.000000 -0.129865 -0.022339 -0.017658
    11 3.883152 0.000001 0.000000 -0.110998 -0.033552 0.136092
    12 5.989849 0.000002 0.000000 -0.092881 0.081615 0.543608
    13 5.620499 0.000002 0.000000 3.570828 -0.056788 0.148002
    14 4.684906 0.000002 0.000000 0.247700 0.070564 0.599405
    15 4.268658 1.531894 1.575000 -1.707644 -1.546076 0.113076
    16 5.782729 -0.000008 0.000001 -1.520358 -0.841061 -1.157379
    17 11.452765 0.000001 -0.000004 0.009409 -0.037214 -1.800086
    18 10.945532 -0.000006 -0.000031 0.070357 -0.311925 0.150620
    19 3.147137 0.005676 -1.551344 0.025532 -0.101228 -0.750906
    20 1.585899 0.000000 0.000000 -0.132564 -0.211448 -0.566006
    21 0.849079 0.000000 0.000000 -0.054473 -0.175380 -0.302889
    22 3.471083 0.213272 -0.574067 0.123387 0.009636 -0.786270
    23 1.897537 -0.000008 0.000000 -0.098476 -0.176680 -0.512087
    24 1.014450 0.000004 0.000000 0.002415 0.009757 -0.242679
    25 3.750084 0.114773 0.430058 0.174783 0.047052 -0.472912
    26 2.258194 0.000000 0.000000 -0.121557 -0.078219 -1.001729
    27 1.210388 0.000008 0.000000 0.001897 0.012019 -0.156562
    28 3.868299 -0.166634 1.490139 0.187546 0.033955 -0.039240
    29 1.786062 0.000000 0.000000 0.048663 0.060670 -0.676682
    30 1.044445 -0.000004 0.000000 0.001277 0.038558 -0.401844
    31 1.121477 -1.351563 1.030997 1.693867 -0.344560 -0.124114
    32 1.928114 0.000000 -0.000004 -0.000001 -0.188118 0.059543
    33 1.285139 0.000000 0.000008 0.000000 -0.040646 0.196333
    34 4.268658 1.531896 -1.575000 -0.988572 1.163169 -2.546157
    35 5.782726 0.000000 0.000000 0.933493 0.763098 -0.937495
    36 11.452768 -0.000001 0.000000 0.006603 0.001438 -1.667692
    37 10.945511 -0.000005 0.000015 -1.007806 0.052630 -0.476068
    38 3.147156 0.000069 1.551353 -0.323007 -0.149789 -1.078840
    39 1.585901 -0.000008 0.000000 -0.128613 0.004972 -1.609316
    40 0.849083 0.000004 0.000000 0.054471 0.175377 -0.910371
    41 3.471104 0.211185 0.574834 -0.338333 -0.158810 -1.076422
    42 1.897535 0.000000 0.000000 0.047211 0.006507 -1.433956
    43 1.014454 0.000000 0.000000 -0.002415 -0.009753 -0.901516
    44 3.750103 0.116325 -0.429640 -0.351987 -0.189781 -0.975692
    45 2.258196 0.000008 0.000000 0.066382 -0.000241 -1.574727
    46 1.210384 0.000004 0.000000 -0.001897 -0.012019 -0.834495
    47 3.868322 -0.161243 -1.490732 -0.188176 -0.087701 -0.204766
    48 1.786062 -0.000008 0.000000 -0.051327 -0.064037 -0.676424
    49 1.044445 0.000004 -0.000001 -0.001277 -0.038560 -0.033101
    50 1.121500 -1.347832 -1.035882 -1.801951 0.200199 -0.546469
    51 1.928120 -0.000001 0.000000 0.000000 -0.225049 -0.494082
    52 1.285143 0.000000 0.000000 -0.000002 0.040642 -0.404246
    53 7.023272 -6.880002 4.339547 2.620672 -1.456011 -1.105365
    54 3.813803 -3.870654 0.998558 1.570796 -1.069638 0.199892
    55 0.000000 -0.000007 -0.000031 1.373047 0.113574 0.124314
    56 0.000000 -0.000007 -0.000034 1.373047 0.113574 0.124314
    57 2.980469 -1.569336 -0.888184 -1.501135 -0.273312 -1.578260
    58 2.000008 -3.000000 0.000000 -1.570796 0.000000 -1.326450
    59 3.175781 -1.395508 0.126343 1.500597 -0.354914 1.381041
    60 0.000004 0.000000 10.000004 0.000000 0.000000 0.000000
    61 0.018898 0.665158 9.395884 0.000000 0.000000 0.000000
    62 3.028212 -0.923409 -2.009451 1.574082 -0.012974 1.587244
    63 0.116951 4.311603 0.061861 0.000010 0.000000 0.000000
    64 0.000000 0.000000 0.000000 0.000000 0.000000 0.000000
    65 0.000000 1.000000 0.000008 0.000000 0.000000 0.000000
    66 0.000000 0.000000 0.000000 0.000000 0.000000 0.000000
    67 0.000000 0.000000 0.000000 0.000000 0.000000 0.000000
    68 0.000000 0.000000 0.000000 0.000000 0.000000 0.000000
    69 19.253853 0.000000 -0.000001 0.000000 0.000000 0.025253
    70 19.253841 0.000000 0.000000 0.000000 0.000000 0.025250
    71 5.884354 0.000000 0.000004 -0.126310 0.000000 0.000000
    72 11.768705 -0.000001 0.000000 -0.238428 0.000000 0.000000
    73 11.679201 0.000000 -0.000004 0.000000 0.000000 -0.161658
    74 5.837998 -0.735000 -0.525002 0.000000 0.000000 0.000000
    75 5.825531 2.661388 2.409388 -0.001945 -0.016320 -0.024506
    76 6.752561 4.039024 -0.341453 0.001435 0.018681 -0.019052
    77 7.652452 1.954227 -2.880674 0.034288 0.011731 0.007773
    78 11.768707 0.000001 0.000004 0.242666 0.000000 0.000000
    79 5.884352 0.000001 0.000000 0.128617 0.000000 0.000000
    80 11.679197 0.000000 0.000008 0.000000 0.000000 -0.161657
    81 5.837997 -0.641044 0.525002 -0.049483 0.000000 0.000000
    82 5.625286 3.107059 -2.433369 0.110853 0.082458 -0.006869
    83 6.677644 4.114117 0.449763 -0.008964 0.010245 -0.007166
    84 7.673524 1.768635 2.985535 -0.031931 0.006501 0.012462
    85 4.902687 0.655644 -8.954903 0.081942 0.003890 0.000160
    86 2.649670 8.412623 -3.003099 -1.828871 -1.111184 1.884926
    87 2.538502 8.321048 3.447679 1.536390 -1.079904 -1.522285
  time 51
    0 -147.353191 0.326158 34.729500 1.654987 -0.000460 -0.445698
    1 3.806942 0.000000 0.000000 -0.904076 -0.590743 -2.154680
    2 19.263105 0.000000 0.000000 0.000000 0.000000 0.419145
    3 17.589100 0.000000 0.000000 0.040244 -0.230017 -1.245419
    4 6.240662 0.000000 0.000000 0.020475 -0.027733 -0.408333
    5 -3.806942 0.000000 0.000000 -1.217611 -0.209325 -1.252008
    6 19.263098 0.000000 0.000000 0.000000 0.000000 0.855291
    7 17.589096 0.000000 0.000000 -0.039354 0.356666 -1.583756
    8 6.240662 0.000000 0.000000 -0.112093 0.023833 -0.885100
    9 0.000000 4.246162 -0.018825 1.567860 -0.194335 1.570652
    10 4.195629 0.000000 0.000000 -0.127264 -0.024389 -0.014650
    11 3.883152 0.000001 0.000000 -0.109515 -0.036073 0.140534
    12 5.989849 0.000002 0.000000 -0.088338 0.089741 0.550840
    13 5.620499 0.000002 0.000000 3.569801 -0.058632 0.151014
    14 4.684906 0.000002 0.000000 0.245629 0.075802 0.591877
    15 4.268658 1.531894 1.575000 -2.147527 -1.542383 0.553405
    16 5.782729 -0.000008 0.000001 -1.546570 -0.853504 -1.151645
    17 11.452765 0.000001 -0.000004 0.001260 -0.041090 -1.786329
    18 10.945532 -0.000006 -0.000031 0.080689 -0.299364 0.140923
    19 3.147137 0.005676 -1.551344 0.025532 -0.101228 -0.750906
    20 1.585899 0.000000 0.000000 -0.132564 -0.211448 -0.566006
    21 0.849079 0.000000 0.000000 -0.054473 -0.175380 -0.302889
    22 3.471083 0.213272 -0.574067 0.123399 0.009636 -0.786270
    23 1.897537 -0.000008 0.000000 -0.098476 -0.176680 -0.512087
    24 1.014450 0.000004 0.000000 0.002415 0.009757 -0.242679
    25 3.750084 0.114773 0.430058 0.174783 0.047052 -0.472912
    26 2.258194 0.000000 0.000000 -0.121557 -0.078219 -1.001729
    27 1.210388 0.000008 0.000000 0.001897 0.012019 -0.156562
    28 3.868299 -0.166634 1.490139 0.187546 0.033955 -0.039240
    29 1.786062 0.000000 0.000000 0.048663 0.060670 -0.676682
    30 1.044445 -0.000004 0.000000 0.001277 0.038558 -0.401844
    31 1.121477 -1.351563 1.030997 1.693867 -0.344560 -0.124114
    32 1.928114 0.000000 -0.000004 -0.000001 -0.188118 0.059543
    33 1.285139 0.000000 0.000008 0.000000 -0.040646 0.196333
    34 4.268658 1.531896 -1.575000 -1.019399 1.177755 -2.584523
    35 5.782726 0.000000 0.000000 0.952275 0.767964 -0.930807
    36 11.452768 -0.000001 0.000000 0.006436 0.002541 -1.663149
    37 10.945511 -0.000005 0.000015 -1.007671 0.052331 -0.466511
    38 3.147156 0.000069 1.551353 -0.323007 -0.149789 -1.078840
    39 1.585901 -0.000008 0.000000 -0.128601 0.004972 -1.609316
    40 0.849083 0.000004 0.000000 0.054471 0.175377 -0.910371
    41 3.471104 0.211185 0.574834 -0.338321 -0.158810 -1.076422
    42 1.897535 0.000000 0.000000 0.047211 0.006507 -1.433956
    43 1.014454 0.000000 0.000000 -0.002415 -0.009753 -0.901516
    44 3.750103 0.116325 -0.429640 -0.351987 -0.189781 -0.975692
    45 2.258196 0.000008 0.000000 0.066382 -0.000241 -1.574727
    46 1.210384 0.000004 0.000000 -0.001897 -0.012019 -0.834495
    47 3.868322 -0.161243 -1.490732 -0.188176 -0.087701 -0.204766
    48 1.786062 -0.000008 0.000000 -0.051327 -0.064037 -0.676424
    49 1.044445 0.000004 -0.000001 -0.001277 -0.038560 -0.033101
    50 1.121500 -1.347832 -1.035882 -1.801951 0.200199 -0.546469
    51 1.928120 -0.000001 0.000000 0.000000 -0.225049 -0.494082
    52 1.285143 0.000000 0.000000 -0.000002 0.040642 -0.404246
    53 7.023272 -6.880002 4.339547 2.620672 -1.456011 -1.105365
    54 3.813803 -3.870654 0.998558 1.570796 -1.069638 0.199892
    55 0.000000 -0.000007 -0.000031 1.373047 0.113574 0.124314
    56 0.000000 -0.000007 -0.000034 1.373047 0.113574 0.124314
    57 2.980469 -1.569336 -0.888184 -1.501135 -0.273312 -1.578260
    58 2.000008 -3.000000 0.000000 -1.570796 0.000000 -1.326450
    59 3.175781 -1.395508 0.126343 1.500597 -0.354914 1.381041
    60 0.000004 0.000000 10.000004 0.000000 0.000000 0.000000
    61 0.018898 0.665158 9.395884 0.000000 0.000000 0.000000
    62 3.028212 -0.923409 -2.009451 1.574082 -0.012974 1.587244
    63 0.116951 4.311603 0.061861 0.000010 0.000000 0.000000
    64 0.000000 0.000000 0.000000 0.000000 0.000000 0.000000
    65 0.000000 1.000000 0.000008 0.000000 0.000000 0.000000
    66 0.000000 0.000000 0.000000 0.000000 0.000000 0.000000
    67 0.000000 0.000000 0.000000 0.000000 0.000000 0.000000
    68 0.000000 0.000000 0.000000 0.000000 0.000000 0.000000
    69 19.253853 0.000000 -0.000001 0.000000 0.000000 0.025253
    70 19.253841 0.000000 0.000000 0.000000 0.000000 0.025250
    71 5.884354 0.000000 0.000004 -0.126310 0.000000 0.000000
    72 11.768705 -0.000001 0.000000 -0.238428 0.000000 0.000000
    73 11.679201 0.000000 -0.000004 0.000000 0.000000 -0.161658
    74 5.837998 -0.735000 -0.525002 0.000000 0.000000 0.000000
    75 5.825531 2.661388 2.409388 -0.001945 -0.016320 -0.024506
    76 6.752561 4.039024 -0.341453 0.001435 0.018681 -0.019052
    77 7.652452 1.954227 -2.880674 0.034288 0.011731 0.007773
    78 11.768707 0.000001 0.000004 0.242666 0.000000 0.000000
    79 5.884352 0.000001 0.000000 0.128617 0.000000 0.000000
    80 11.679197 0.000000 0.000008 0.000000 0.000000 -0.161657
    81 5.837997 -0.641044 0.525002 -0.049483 0.000000 0.000000
    82 5.625286 3.107059 -2.433369 0.110853 0.082458 -0.006869
    83 6.677644 4.114117 0.449763 -0.008964 0.010245 -0.007166
    84 7.673524 1.768635 2.985535 -0.031931 0.006501 0.012462
    85 4.902687 0.655644 -8.954903 0.081942 0.003890 0.000160
    86 2.649670 8.412623 -3.003099 -1.828871 -1.111184 1.884926
    87 2.538502 8.321048 3.447679 1.536390 -1.079904 -1.522285
  time 52
    0 -150.733669 0.037275 34.639653 1.648862 -0.017733 -0.434114
    1 3.806942 0.000000 0.000000 -0.859582 -0.629215 -2.188166
    2 19.263105 0.000000 0.000000 0.000000 0.000000 0.619897
    3 17.589100 0.000000 0.000000 -0.027953 -0.210985 -1.208358
    4 6.240662 0.000000 0.000000 0.020475 -0.027733 -0.398767
    5 -3.806942 0.000000 0.000000 -1.237921 -0.197988 -1.242591
    6 19.263098 0.000000 0.000000 0.000000 0.000000 0.926082
    7 17.589096 0.000000 0.000000 0.080854 0.396667 -1.288528
    8 6.240662 0.000000 0.000000 -0.112093 0.023809 -1.080015
    9 0.000000 4.246162 -0.018825 1.557886 -0.206841 1.558837
    10 4.195629 0.000000 0.000000 -0.128655 -0.028679 -0.009789
    11 3.883152 0.000001 0.000000 -0.111304 -0.038074 0.147205
    12 5.989849 0.000002 0.000000 -0.087511 0.096596 0.559953
    13 5.620499 0.000002 0.000000 3.572358 -0.060841 0.143422
    14 4.684906 0.000002 0.000000 0.248904 0.078091 0.595353
    15 4.268658 1.531894 1.575000 -2.367995 -1.549732 0.765815
    16 5.782729 -0.000008 0.000001 -1.563158 -0.872796 -1.129989
    17 11.452765 0.000001 -0.000004 -0.003458 -0.048256 -1.767499
    18 10.945532 -0.000006 -0.000031 0.077986 -0.289388 0.140507
    19 3.147137 0.005676 -1.551344 0.025532 -0.101228 -0.750906
    20 1.585899 0.000000 0.000000 -0.132564 -0.211448 -0.566006
    21 0.849079 0.000000 0.000000 -0.054473 -0.175380 -0.302889
    22 3.471083 0.213272 -0.574067 0.123399 0.009636 -0.786270
    23 1.897537 -0.000008 0.000000 -0.098476 -0.176680 -0.512087
    24 1.014450 0.000004 0.000000 0.002415 0.009757 -0.242679
    25 3.750084 0.114773 0.430058 0.174783 0.047052 -0.472912
    26 2.258194 0.000000 0.000000 -0.121557 -0.078219 -1.001729
    27 1.210388 0.000008 0.000000 0.001897 0.012019 -0.156562
    28 3.868299 -0.166634 1.490139 0.187546 0.033955 -0.039240
    29 1.786062 0.000000 0.000000 0.048663 0.060670 -0.676682
    30 1.044445 -0.000004 0.000000 0.001277 0.038558 -0.401844
    31 1.121477 -1.351563 1.030997 1.693867 -0.344560 -0.124114
    32 1.928114 0.000000 -0.000004 -0.000001 -0.188118 0.059543
    33 1.285139 0.000000 0.000008 0.000000 -0.040646 0.196333
    34 4.268658 1.531896 -1.575000 -1.026681 1.196346 -2.618233
    35 5.782726 0.000000 0.000000 0.950449 0.763063 -0.944994
    36 11.452768 -0.000001 0.000000 0.008533 -0.000276 -1.656240
    37 10.945511 -0.000005 0.000015 -1.008210 0.057228 -0.457145
    38 3.147156 0.000069 1.551353 -0.323007 -0.149789 -1.078840
    39 1.585901 -0.000008 0.000000 -0.128601 0.004972 -1.609316
    40 0.849083 0.000004 0.000000 0.054471 0.175377 -0.910371
    41 3.471104 0.211185 0.574834 -0.338321 -0.158810 -1.076422
    42 1.897535 0.000000 0.000000 0.047211 0.006507 -1.433956
    43 1.014454 0.000000 0.000000 -0.002415 -0.009753 -0.901516
    44 3.750103 0.116325 -0.429640 -0.351987 -0.189781 -0.975692
    45 2.258196 0.000008 0.000000 0.066382 -0.000241 -1.574727
    46 1.210384 0.000004 0.000000 -0.001897 -0.012019 -0.834495
    47 3.868322 -0.161243 -1.490732 -0.188176 -0.087701 -0.204766
    48 1.786062 -0.000008 0.000000 -0.051327 -0.064037 -0.676424
    49 1.044445 0.000004 -0.000001 -0.001277 -0.038560 -0.033101
    50 1.121500 -1.347832 -1.035882 -1.801951 0.200199 -0.546469
    51 1.928120 -0.000001 0.000000 0.000000 -0.225049 -0.494082
    52 1.285143 0.000000 0.000000 -0.000002 0.040642 -0.404246
    53 7.023272 -6.880002 4.339547 2.620672 -1.456011 -1.105365
    54 3.813803 -3.870654 0.998558 1.570796 -1.069638 0.199892
    55 0.000000 -0.000007 -0.000031 1.373047 0.113574 0.124314
    56 0.000000 -0.000007 -0.000034 1.373047 0.113574 0.124314
    57 2.980469 -1.569336 -0.888184 -1.501135 -0.273312 -1.578260
    58 2.000008 -3.000000 0.000000 -1.570796 0.000000 -1.326450
    59 3.175781 -1.395508 0.126343 1.500597 -0.354914 1.381041
    60 0.000004 0.000000 10.000004 0.000000 0.000000 0.000000
    61 0.018898 0.665158 9.395884 0.000000 0.000000 0.000000
    62 3.028212 -0.923409 -2.009451 1.574082 -0.012974 1.587244
    63 0.116951 4.311603 0.061861 0.000010 0.000000 0.000000
    64 0.000000 0.000000 0.000000 0.000000 0.000000 0.000000
    65 0.000000 1.000000 0.000008 0.000000 0.000000 0.000000
    66 0.000000 0.000000 0.000000 0.000000 0.000000 0.000000
    67 0.000000 0.000000 0.000000 0.000000 0.000000 0.000000
    68 0.000000 0.000000 0.000000 0.000000 0.000000 0.000000
    69 19.253853 0.000000 -0.000001 0.000000 0.000000 0.025253
    70 19.253841 0.000000 0.000000 0.000000 0.000000 0.025250
    71 5.884354 0.000000 0.000004 -0.126310 0.000000 0.000000
    72 11.768705 -0.000001 0.000000 -0.238428 0.000000 0.000000
    73 11.679201 0.000000 -0.000004 0.000000 0.000000 -0.161658
    74 5.837998 -0.735000 -0.525002 0.000000 0.000000 0.000000
    75 5.825531 2.661388 2.409388 -0.001945 -0.016320 -0.024506
    76 6.752561 4.039024 -0.341453 0.001435 0.018681 -0.019052
    77 7.652452 1.954227 -2.880674 0.034288 0.011731 0.007773
    78 11.768707 0.000001 0.000004 0.242666 0.000000 0.000000
    79 5.884352 0.000001 0.000000 0.128617 0.000000 0.000000
    80 11.679197 0.000000 0.000008 0.000000 0.000000 -0.161657
    81 5.837997 -0.641044 0.525002 -0.049483 0.000000 0.000000
    82 5.625286 3.107059 -2.433369 0.110853 0.082458 -0.006869
    83 6.677644 4.114117 0.449763 -0.008964 0.010245 -0.007166
    84 7.673524 1.768635 2.985535 -0.031931 0.006501 0.012462
    85 4.902687 0.655644 -8.954903 0.081942 0.003890 0.000160
    86 2.649670 8.412623 -3.003099 -1.828871 -1.111184 1.884926
    87 2.538502 8.321048 3.447679 1.536390 -1.079904 -1.522285
  time 53
    0 -153.914922 -0.214332 34.729500 1.644122 -0.034448 -0.416307
    1 3.806942 0.000000 0.000000 -0.866058 -0.647159 -2.183097
    2 19.263105 0.000000 0.000000 0.000000 0.000000 0.766230
    3 17.589100 0.000000 0.000000 -0.040481 -0.197058 -1.230211
    4 6.240662 0.000000 0.000000 0.020475 -0.027745 -0.344232
    5 -3.806942 0.000000 0.000000 -1.292057 -0.248913 -1.270725
    6 19.263098 0.000000 0.000000 0.000000 0.000000 1.072080
    7 17.589096 0.000000 0.000000 0.290409 0.369588 -0.879256
    8 6.240662 0.000000 0.000000 -0.112093 0.023821 -0.960740
    9 0.000000 4.246162 -0.018825 1.542915 -0.219577 1.547900
    10 4.195629 0.000000 0.000000 -0.132490 -0.032107 -0.004890
    11 3.883152 0.000001 0.000000 -0.113461 -0.039419 0.152035
    12 5.989849 0.000002 0.000000 -0.087176 0.099580 0.566049
    13 5.620499 0.000002 0.000000 3.577009 -0.058297 0.131808
    14 4.684906 0.000002 0.000000 0.253818 0.075154 0.604034
    15 4.268658 1.531894 1.575000 -2.504722 -1.557479 0.887958
    16 5.782729 -0.000008 0.000001 -1.575130 -0.890295 -1.098999
    17 11.452765 0.000001 -0.000004 -0.003136 -0.055287 -1.757672
    18 10.945532 -0.000006 -0.000031 0.066452 -0.282871 0.158749
    19 3.147137 0.005676 -1.551344 0.025532 -0.101228 -0.750906
    20 1.585899 0.000000 0.000000 -0.132564 -0.211448 -0.566006
    21 0.849079 0.000000 0.000000 -0.054473 -0.175380 -0.302889
    22 3.471083 0.213272 -0.574067 0.123399 0.009636 -0.786270
    23 1.897537 -0.000008 0.000000 -0.098476 -0.176680 -0.512087
    24 1.014450 0.000004 0.000000 0.002415 0.009757 -0.242679
    25 3.750084 0.114773 0.430058 0.174783 0.047052 -0.472912
    26 2.258194 0.000000 0.000000 -0.121557 -0.078219 -1.001729
    27 1.210388 0.000008 0.000000 0.001897 0.012019 -0.156562
    28 3.868299 -0.166634 1.490139 0.187546 0.033955 -0.039240
    29 1.786062 0.000000 0.000000 0.048663 0.060670 -0.676682
    30 1.044445 -0.000004 0.000000 0.001277 0.038558 -0.401844
    31 1.121477 -1.351563 1.030997 1.693867 -0.344560 -0.124114
    32 1.928114 0.000000 -0.000004 -0.000001 -0.188118 0.059543
    33 1.285139 0.000000 0.000008 0.000000 -0.040646 0.196333
    34 4.268658 1.531896 -1.575000 -1.012780 1.198920 -2.620095
    35 5.782726 0.000000 0.000000 0.935841 0.775562 -0.965194
    36 11.452768 -0.000001 0.000000 0.010678 -0.002481 -1.650514
    37 10.945511 -0.000005 0.000015 -1.001145 0.063874 -0.447683
    38 3.147156 0.000069 1.551353 -0.323007 -0.149789 -1.078840
    39 1.585901 -0.000008 0.000000 -0.128601 0.004972 -1.609316
    40 0.849083 0.000004 0.000000 0.054471 0.175377 -0.910371
    41 3.471104 0.211185 0.574834 -0.338321 -0.158810 -1.076422
    42 1.897535 0.000000 0.000000 0.047211 0.006507 -1.433956
    43 1.014454 0.000000 0.000000 -0.002415 -0.009753 -0.901516
    44 3.750103 0.116325 -0.429640 -0.351987 -0.189781 -0.975692
    45 2.258196 0.000008 0.000000 0.066382 -0.000241 -1.574727
    46 1.210384 0.000004 0.000000 -0.001897 -0.012019 -0.834495
    47 3.868322 -0.161243 -1.490732 -0.188176 -0.087701 -0.204766
    48 1.786062 -0.000008 0.000000 -0.051327 -0.064037 -0.676424
    49 1.044445 0.000004 -0.000001 -0.001277 -0.038560 -0.033101
    50 1.121500 -1.347832 -1.035882 -1.801951 0.200199 -0.546469
    51 1.928120 -0.000001 0.000000 0.000000 -0.225049 -0.494082
    52 1.285143 0.000000 0.000000 -0.000002 0.040642 -0.404246
    53 7.023272 -6.880002 4.339547 2.620672 -1.456011 -1.105365
    54 3.813803 -3.870654 0.998558 1.570796 -1.069638 0.199892
    55 0.000000 -0.000007 -0.000031 1.373047 0.113574 0.124314
    56 0.000000 -0.000007 -0.000034 1.373047 0.113574 0.124314
    57 2.980469 -1.569336 -0.888184 -1.501135 -0.273312 -1.578260
    58 2.000008 -3.000000 0.000000 -1.570796 0.000000 -1.326450
    59 3.175781 -1.395508 0.126343 1.500597 -0.354914 1.381041
    60 0.000004 0.000000 10.000004 0.000000 0.000000 0.000000
    61 0.018898 0.665158 9.395884 0.000000 0.000000 0.000000
    62 3.028212 -0.923409 -2.009451 1.574082 -0.012974 1.587244
    63 0.116951 4.311603 0.061861 0.000010 0.000000 0.000000
    64 0.000000 0.000000 0.000000 0.000000 0.000000 0.000000
    65 0.000000 1.000000 0.000008 0.000000 0.000000 0.000000
    66 0.000000 0.000000 0.000000 0.000000 0.000000 0.000000
    67 0.000000 0.000000 0.000000 0.000000 0.000000 0.000000
    68 0.000000 0.000000 0.000000 0.000000 0.000000 0.000000
    69 19.253853 0.000000 -0.000001 0.000000 0.000000 0.025253
    70 19.253841 0.000000 0.000000 0.000000 0.000000 0.025250
    71 5.884354 0.000000 0.000004 -0.126310 0.000000 0.000000
    72 11.768705 -0.000001 0.000000 -0.238428 0.000000 0.000000
    73 11.679201 0.000000 -0.000004 0.000000 0.000000 -0.161658
    74 5.837998 -0.735000 -0.525002 0.000000 0.000000 0.000000
    75 5.825531 2.661388 2.409388 -0.001945 -0.016320 -0.024506
    76 6.752561 4.039024 -0.341453 0.001435 0.018681 -0.019052
    77 7.652452 1.954227 -2.880674 0.034288 0.011731 0.007773
    78 11.768707 0.000001 0.000004 0.242666 0.000000 0.000000
    79 5.884352 0.000001 0.000000 0.128617 0.000000 0.000000
    80 11.679197 0.000000 0.000008 0.000000 0.000000 -0.161657
    81 5.837997 -0.641044 0.525002 -0.049483 0.000000 0.000000
    82 5.625286 3.107059 -2.433369 0.110853 0.082458 -0.006869
    83 6.677644 4.114117 0.449763 -0.008964 0.010245 -0.007166
    84 7.673524 1.768635 2.985535 -0.031931 0.006501 0.012462
    85 4.902687 0.655644 -8.954903 0.081942 0.003890 0.000160
    86 2.649670 8.412623 -3.003099 -1.828871 -1.111184 1.884926
    87 2.538502 8.321048 3.447679 1.536390 -1.079904 -1.522285
  time 54
    0 -156.912575 -0.410027 34.913099 1.639319 -0.044694 -0.390171
    1 3.806942 0.000000 0.000000 -0.903406 -0.654216 -2.142762
    2 19.263105 0.000000 0.000000 0.000000 0.000000 0.869665
    3 17.589100 0.000000 0.000000 -0.015256 -0.150878 -1.294835
    4 6.240662 0.000000 0.000000 0.020475 -0.027745 -0.347700
    5 -3.806942 0.000000 0.000000 -1.343197 -0.330603 -1.310066
    6 19.263098 0.000000 0.000000 0.000000 0.000000 1.255820
    7 17.589096 0.000000 0.000000 0.325379 0.247340 -0.784854
    8 6.240662 0.000000 0.000000 -0.112105 0.023869 -0.460306
    9 0.000000 4.246162 -0.018825 1.520575 -0.231076 1.545975
    10 4.195629 0.000000 0.000000 -0.138626 -0.034300 0.000729
    11 3.883152 0.000001 0.000000 -0.115704 -0.041940 0.154867
    12 5.989849 0.000002 0.000000 -0.088422 0.096428 0.566200
    13 5.620499 0.000002 0.000000 3.584982 -0.050099 0.126793
    14 4.684906 0.000002 0.000000 0.259343 0.068910 0.608592
    15 4.268658 1.531894 1.575000 -1.610776 -1.552918 -0.015289
    16 5.782729 -0.000008 0.000001 -1.587101 -0.900300 -1.079051
    17 11.452765 0.000001 -0.000004 -0.001903 -0.057376 -1.759511
    18 10.945532 -0.000006 -0.000031 0.048191 -0.284036 0.179102
    19 3.147137 0.005676 -1.551344 0.025532 -0.101228 -0.750906
    20 1.585899 0.000000 0.000000 -0.132564 -0.211448 -0.566006
    21 0.849079 0.000000 0.000000 -0.054473 -0.175380 -0.302889
    22 3.471083 0.213272 -0.574067 0.123399 0.009636 -0.786270
    23 1.897537 -0.000008 0.000000 -0.098476 -0.176680 -0.512087
    24 1.014450 0.000004 0.000000 0.002415 0.009757 -0.242679
    25 3.750084 0.114773 0.430058 0.174783 0.047052 -0.472912
    26 2.258194 0.000000 0.000000 -0.121557 -0.078219 -1.001729
    27 1.210388 0.000008 0.000000 0.001897 0.012019 -0.156562
    28 3.868299 -0.166634 1.490139 0.187546 0.033955 -0.039240
    29 1.786062 0.000000 0.000000 0.048663 0.060670 -0.676682
    30 1.044445 -0.000004 0.000000 0.001277 0.038558 -0.401844
    31 1.121477 -1.351563 1.030997 1.693867 -0.344560 -0.124114
    32 1.928114 0.000000 -0.000004 -0.000001 -0.188118 0.059543
    33 1.285139 0.000000 0.000008 0.000000 -0.040646 0.196333
    34 4.268658 1.531896 -1.575000 -0.977130 1.197097 -2.586479
    35 5.782726 0.000000 0.000000 0.913755 0.797794 -0.997891
    36 11.452768 -0.000001 0.000000 0.008905 -0.006663 -1.647090
    37 10.945511 -0.000005 0.000015 -0.992599 0.068272 -0.438696
    38 3.147156 0.000069 1.551353 -0.323007 -0.149789 -1.078840
    39 1.585901 -0.000008 0.000000 -0.128601 0.004972 -1.609316
    40 0.849083 0.000004 0.000000 0.054471 0.175377 -0.910371
    41 3.471104 0.211185 0.574834 -0.338321 -0.158810 -1.076422
    42 1.897535 0.000000 0.000000 0.047211 0.006507 -1.433956
    43 1.014454 0.000000 0.000000 -0.002415 -0.009753 -0.901516
    44 3.750103 0.116325 -0.429640 -0.351987 -0.189781 -0.975692
    45 2.258196 0.000008 0.000000 0.066382 -0.000241 -1.574727
    46 1.210384 0.000004 0.000000 -0.001897 -0.012019 -0.834495
    47 3.868322 -0.161243 -1.490732 -0.188176 -0.087701 -0.204766
    48 1.786062 -0.000008 0.000000 -0.051327 -0.064037 -0.676424
    49 1.044445 0.000004 -0.000001 -0.001277 -0.038560 -0.033101
    50 1.121500 -1.347832 -1.035882 -1.801951 0.200199 -0.546469
    51 1.928120 -0.000001 0.000000 0.000000 -0.225049 -0.494082
    52 1.285143 0.000000 0.000000 -0.000002 0.040642 -0.404246
    53 7.023272 -6.880002 4.339547 2.620672 -1.456011 -1.105365
    54 3.813803 -3.870654 0.998558 1.570796 -1.069638 0.199892
    55 0.000000 -0.000007 -0.000031 1.373047 0.113574 0.124314
    56 0.000000 -0.000007 -0.000034 1.373047 0.113574 0.124314
    57 2.980469 -1.569336 -0.888184 -1.501135 -0.273312 -1.578260
    58 2.000008 -3.000000 0.000000 -1.570796 0.000000 -1.326450
    59 3.175781 -1.395508 0.126343 1.500597 -0.354914 1.381041
    60 0.000004 0.000000 10.000004 0.000000 0.000000 0.000000
    61 0.018898 0.665158 9.395884 0.000000 0.000000 0.000000
    62 3.028212 -0.923409 -2.009451 1.574082 -0.012974 1.587244
    63 0.116951 4.311603 0.061861 0.000010 0.000000 0.000000
    64 0.000000 0.000000 0.000000 0.000000 0.000000 0.000000
    65 0.000000 1.000000 0.000008 0.000000 0.000000 0.000000
    66 0.000000 0.000000 0.000000 0.000000 0.000000 0.000000
    67 0.000000 0.000000 0.000000 0.000000 0.000000 0.000000
    68 0.000000 0.000000 0.000000 0.000000 0.000000 0.000000
    69 19.253853 0.000000 -0.000001 0.000000 0.000000 0.025253
    70 19.253841 0.000000 0.000000 0.000000 0.000000 0.025250
    71 5.884354 0.000000 0.000004 -0.126310 0.000000 0.000000
    72 11.768705 -0.000001 0.000000 -0.238428 0.000000 0.000000
    73 11.679201 0.000000 -0.000004 0.000000 0.000000 -0.161658
    74 5.837998 -0.735000 -0.525002 0.000000 0.000000 0.000000
    75 5.825531 2.661388 2.409388 -0.001945 -0.016320 -0.024506
    76 6.752561 4.039024 -0.341453 0.001435 0.018681 -0.019052
    77 7.652452 1.954227 -2.880674 0.034288 0.011731 0.007773
    78 11.768707 0.000001 0.000004 0.242666 0.000000 0.000000
    79 5.884352 0.000001 0.000000 0.128617 0.000000 0.000000
    80 11.679197 0.000000 0.000008 0.000000 0.000000 -0.161657
    81 5.837997 -0.641044 0.525002 -0.049483 0.000000 0.000000
    82 5.625286 3.107059 -2.433369 0.110853 0.082458 -0.006869
    83 6.677644 4.114117 0.449763 -0.008964 0.010245 -0.007166
    84 7.673524 1.768635 2.985535 -0.031931 0.006501 0.012462
    85 4.902687 0.655644 -8.954903 0.081942 0.003890 0.000160
    86 2.649670 8.412623 -3.003099 -1.828871 -1.111184 1.884926
    87 2.538502 8.321048 3.447679 1.536390 -1.079904 -1.522285
  time 55
    0 -159.703191 -0.549809 35.112324 1.644080 -0.042625 -0.367194
    1 3.806942 0.000000 0.000000 -0.948459 -0.669208 -2.071787
    2 19.263105 0.000000 0.000000 0.000000 0.000000 0.945370
    3 17.589100 0.000000 0.000000 -0.040967 -0.076228 -1.381754
    4 6.240662 0.000000 0.000000 0.020475 -0.027745 -0.346602
    5 -3.806942 0.000000 0.000000 -1.355544 -0.439173 -1.378176
    6 19.263098 0.000000 0.000000 0.000000 0.000000 1.424242
    7 17.589096 0.000000 0.000000 0.258989 0.197671 -0.964653
    8 6.240662 0.000000 0.000000 -0.112105 0.023857 -0.523333
    9 0.000000 4.246162 -0.018825 1.499615 -0.233870 1.553349
    10 4.195629 0.000000 0.000000 -0.143180 -0.035103 0.003290
    11 3.883152 0.000001 0.000000 -0.117432 -0.044338 0.155571
    12 5.989849 0.000002 0.000000 -0.090016 0.092006 0.563474
    13 5.620499 0.000002 0.000000 3.593518 -0.041399 0.127243
    14 4.684906 0.000002 0.000000 0.264868 0.062319 0.609064
    15 4.268658 1.531894 1.575000 -1.336555 -1.539017 -0.287240
    16 5.782729 -0.000008 0.000001 -1.605802 -0.903492 -1.066606
    17 11.452765 0.000001 -0.000004 -0.005093 -0.057586 -1.766231
    18 10.945532 -0.000006 -0.000031 0.030109 -0.288333 0.180670
    19 3.147137 0.005676 -1.551344 0.025532 -0.101228 -0.750906
    20 1.585899 0.000000 0.000000 -0.132564 -0.211448 -0.566006
    21 0.849079 0.000000 0.000000 -0.054473 -0.175380 -0.302889
    22 3.471083 0.213272 -0.574067 0.123399 0.009636 -0.786270
    23 1.897537 -0.000008 0.000000 -0.098476 -0.176680 -0.512087
    24 1.014450 0.000004 0.000000 0.002415 0.009757 -0.242679
    25 3.750084 0.114773 0.430058 0.174783 0.047052 -0.472912
    26 2.258194 0.000000 0.000000 -0.121557 -0.078219 -1.001729
    27 1.210388 0.000008 0.000000 0.001897 0.012019 -0.156562
    28 3.868299 -0.166634 1.490139 0.187546 0.033955 -0.039240
    29 1.786062 0.000000 0.000000 0.048663 0.060670 -0.676682
    30 1.044445 -0.000004 0.000000 0.001277 0.038558 -0.401844
    31 1.121477 -1.351563 1.030997 1.693867 -0.344560 -0.124114
    32 1.928114 0.000000 -0.000004 -0.000001 -0.188118 0.059543
    33 1.285139 0.000000 0.000008 0.000000 -0.040646 0.196333
    34 4.268658 1.531896 -1.575000 -0.945735 1.199921 -2.550255
    35 5.782726 0.000000 0.000000 0.898364 0.818031 -1.024982
    36 11.452768 -0.000001 0.000000 0.002900 -0.011505 -1.647588
    37 10.945511 -0.000005 0.000015 -0.994954 0.071320 -0.428569
    38 3.147156 0.000069 1.551353 -0.323007 -0.149789 -1.078840
    39 1.585901 -0.000008 0.000000 -0.128601 0.004972 -1.609316
    40 0.849083 0.000004 0.000000 0.054471 0.175377 -0.910371
    41 3.471104 0.211185 0.574834 -0.338321 -0.158810 -1.076422
    42 1.897535 0.000000 0.000000 0.047211 0.006507 -1.433956
    43 1.014454 0.000000 0.000000 -0.002415 -0.009753 -0.901516
    44 3.750103 0.116325 -0.429640 -0.351987 -0.189781 -0.975692
    45 2.258196 0.000008 0.000000 0.066382 -0.000253 -1.574727
    46 1.210384 0.000004 0.000000 -0.001897 -0.012019 -0.834495
    47 3.868322 -0.161243 -1.490732 -0.188176 -0.087701 -0.204766
    48 1.786062 -0.000008 0.000000 -0.051327 -0.064037 -0.676424
    49 1.044445 0.000004 -0.000001 -0.001277 -0.038560 -0.033101
    50 1.121500 -1.347832 -1.035882 -1.801951 0.200199 -0.546469
    51 1.928120 -0.000001 0.000000 0.000000 -0.225049 -0.494082
    52 1.285143 0.000000 0.000000 -0.000002 0.040642 -0.404246
    53 7.023272 -6.880002 4.339547 2.620672 -1.456011 -1.105365
    54 3.813803 -3.870654 0.998558 1.570796 -1.069638 0.199892
    55 0.000000 -0.000007 -0.000031 1.373047 0.113574 0.124314
    56 0.000000 -0.000007 -0.000034 1.373047 0.113574 0.124314
    57 2.980469 -1.569336 -0.888184 -1.501135 -0.273312 -1.578260
    58 2.000008 -3.000000 0.000000 -1.570796 0.000000 -1.326450
    59 3.175781 -1.395508 0.126343 1.500597 -0.354914 1.381041
    60 0.000004 0.000000 10.000004 0.000000 0.000000 0.000000
    61 0.018898 0.665158 9.395884 0.000000 0.000000 0.000000
    62 3.028212 -0.923409 -2.009451 1.574082 -0.012974 1.587244
    63 0.116951 4.311603 0.061861 0.000010 0.000000 0.000000
    64 0.000000 0.000000 0.000000 0.000000 0.000000 0.000000
    65 0.000000 1.000000 0.000008 0.000000 0.000000 0.000000
    66 0.000000 0.000000 0.000000 0.000000 0.000000 0.000000
    67 0.000000 0.000000 0.000000 0.000000 0.000000 0.000000
    68 0.000000 0.000000 0.000000 0.000000 0.000000 0.000000
    69 19.253853 0.000000 -0.000001 0.000000 0.000000 0.025253
    70 19.253841 0.000000 0.000000 0.000000 0.000000 0.025250
    71 5.884354 0.000000 0.000004 -0.126310 0.000000 0.000000
    72 11.768705 -0.000001 0.000000 -0.238428 0.000000 0.000000
    73 11.679201 0.000000 -0.000004 0.000000 0.000000 -0.161658
    74 5.837998 -0.735000 -0.525002 0.000000 0.000000 0.000000
    75 5.825531 2.661388 2.409388 -0.001945 -0.016320 -0.024506
    76 6.752561 4.039024 -0.341453 0.001435 0.018681 -0.019052
    77 7.652452 1.954227 -2.880674 0.034288 0.011731 0.007773
    78 11.768707 0.000001 0.000004 0.242666 0.000000 0.000000
    79 5.884352 0.000001 0.000000 0.128617 0.000000 0.000000
    80 11.679197 0.000000 0.000008 0.000000 0.000000 -0.161657
    81 5.837997 -0.641044 0.525002 -0.049483 0.000000 0.000000
    82 5.625286 3.107059 -2.433369 0.110853 0.082458 -0.006869
    83 6.677644 4.114117 0.449763 -0.008964 0.010245 -0.007166
    84 7.673524 1.768635 2.985535 -0.031931 0.006501 0.012462
    85 4.902687 0.655644 -8.954903 0.081942 0.003890 0.000160
    86 2.649670 8.412623 -3.003099 -1.828871 -1.111184 1.884926
    87 2.538502 8.321048 3.447679 1.536390 -1.079904 -1.522285
  time 56
    0 -162.403961 -0.642997 35.272485 1.646094 -0.036451 -0.353025
    1 3.806942 0.000000 0.000000 -1.014167 -0.678664 -1.976575
    2 19.263105 0.000000 0.000000 0.000000 0.000000 0.998358
    3 17.589100 0.000000 0.000000 -0.057488 -0.005514 -1.457403
    4 6.240662 0.000000 0.000000 0.020475 -0.027745 -0.352526
    5 -3.806942 0.000000 0.000000 -1.306741 -0.536727 -1.517053
    6 19.263098 0.000000 0.000000 0.000000 0.000000 1.529739
    7 17.589096 0.000000 0.000000 0.272681 0.249723 -1.168844
    8 6.240662 0.000000 0.000000 -0.112105 0.023869 -0.457468
    9 0.000000 4.246162 -0.018825 1.483983 -0.237352 1.560671
    10 4.195629 0.000000 0.000000 -0.145145 -0.035702 0.003663
    11 3.883152 0.000001 0.000000 -0.118106 -0.046202 0.154665
    12 5.989849 0.000002 0.000000 -0.090556 0.089022 0.560155
    13 5.620499 0.000002 0.000000 3.601712 -0.033598 0.133112
    14 4.684906 0.000002 0.000000 0.269169 0.056590 0.605885
    15 4.268658 1.531894 1.575000 -1.326974 -1.529713 -0.286091
    16 5.782729 -0.000008 0.000001 -1.629979 -0.901842 -1.048244
    17 11.452765 0.000001 -0.000004 -0.008685 -0.058863 -1.774410
    18 10.945532 -0.000006 -0.000031 0.012869 -0.296888 0.180606
    19 3.147137 0.005676 -1.551344 0.025532 -0.101228 -0.750906
    20 1.585899 0.000000 0.000000 -0.132564 -0.211448 -0.566006
    21 0.849079 0.000000 0.000000 -0.054473 -0.175380 -0.302889
    22 3.471083 0.213272 -0.574067 0.123399 0.009636 -0.786270
    23 1.897537 -0.000008 0.000000 -0.098476 -0.176680 -0.512087
    24 1.014450 0.000004 0.000000 0.002415 0.009757 -0.242679
    25 3.750084 0.114773 0.430058 0.174783 0.047052 -0.472912
    26 2.258194 0.000000 0.000000 -0.121557 -0.078219 -1.001729
    27 1.210388 0.000008 0.000000 0.001897 0.012019 -0.156562
    28 3.868299 -0.166634 1.490139 0.187546 0.033955 -0.039240
    29 1.786062 0.000000 0.000000 0.048663 0.060670 -0.676682
    30 1.044445 -0.000004 0.000000 0.001277 0.038558 -0.401844
    31 1.121477 -1.351563 1.030997 1.693867 -0.344560 -0.124114
    32 1.928114 0.000000 -0.000004 -0.000001 -0.188118 0.059543
    33 1.285139 0.000000 0.000008 0.000000 -0.040646 0.196333
    34 4.268658 1.531896 -1.575000 -0.934293 1.210611 -2.531537
    35 5.782726 0.000000 0.000000 0.896625 0.830635 -1.035318
    36 11.452768 -0.000001 0.000000 -0.004051 -0.015029 -1.651821
    37 10.945511 -0.000005 0.000015 -0.995224 0.075068 -0.416777
    38 3.147156 0.000069 1.551353 -0.323007 -0.149789 -1.078840
    39 1.585901 -0.000008 0.000000 -0.128601 0.004972 -1.609316
    40 0.849083 0.000004 0.000000 0.054471 0.175377 -0.910371
    41 3.471104 0.211185 0.574834 -0.338321 -0.158810 -1.076422
    42 1.897535 0.000000 0.000000 0.047211 0.006507 -1.433956
    43 1.014454 0.000000 0.000000 -0.002415 -0.009753 -0.901516
    44 3.750103 0.116325 -0.429640 -0.351987 -0.189781 -0.975692
    45 2.258196 0.000008 0.000000 0.066382 -0.000241 -1.574727
    46 1.210384 0.000004 0.000000 -0.001897 -0.012019 -0.834495
    47 3.868322 -0.161243 -1.490732 -0.188176 -0.087701 -0.204766
    48 1.786062 -0.000008 0.000000 -0.051327 -0.064037 -0.676424
    49 1.044445 0.000004 -0.000001 -0.001277 -0.038560 -0.033101
    50 1.121500 -1.347832 -1.035882 -1.801951 0.200199 -0.546469
    51 1.928120 -0.000001 0.000000 0.000000 -0.225049 -0.494082
    52 1.285143 0.000000 0.000000 -0.000002 0.040642 -0.404246
    53 7.023272 -6.880002 4.339547 2.620672 -1.456011 -1.105365
    54 3.813803 -3.870654 0.998558 1.570796 -1.069638 0.199892
    55 0.000000 -0.000007 -0.000031 1.373047 0.113574 0.124314
    56 0.000000 -0.000007 -0.000034 1.373047 0.113574 0.124314
    57 2.980469 -1.569336 -0.888184 -1.501135 -0.273312 -1.578260
    58 2.000008 -3.000000 0.000000 -1.570796 0.000000 -1.326450
    59 3.175781 -1.395508 0.126343 1.500597 -0.354914 1.381041
    60 0.000004 0.000000 10.000004 0.000000 0.000000 0.000000
    61 0.018898 0.665158 9.395884 0.000000 0.000000 0.000000
    62 3.028212 -0.923409 -2.009451 1.574082 -0.012974 1.587244
    63 0.116951 4.311603 0.061861 0.000010 0.000000 0.000000
    64 0.000000 0.000000 0.000000 0.000000 0.000000 0.000000
    65 0.000000 1.000000 0.000008 0.000000 0.000000 0.000000
    66 0.000000 0.000000 0.000000 0.000000 0.000000 0.000000
    67 0.000000 0.000000 0.000000 0.000000 0.000000 0.000000
    68 0.000000 0.000000 0.000000 0.000000 0.000000 0.000000
    69 19.253853 0.000000 -0.000001 0.000000 0.000000 0.025253
    70 19.253841 0.000000 0.000000 0.000000 0.000000 0.025250
    71 5.884354 0.000000 0.000004 -0.126310 0.000000 0.000000
    72 11.768705 -0.000001 0.000000 -0.238428 0.000000 0.000000
    73 11.679201 0.000000 -0.000004 0.000000 0.000000 -0.161658
    74 5.837998 -0.735000 -0.525002 0.000000 0.000000 0.000000
    75 5.825531 2.661388 2.409388 -0.001945 -0.016320 -0.024506
    76 6.752561 4.039024 -0.341453 0.001435 0.018681 -0.019052
    77 7.652452 1.954227 -2.880674 0.034288 0.011731 0.007773
    78 11.768707 0.000001 0.000004 0.242666 0.000000 0.000000
    79 5.884352 0.000001 0.000000 0.128617 0.000000 0.000000
    80 11.679197 0.000000 0.000008 0.000000 0.000000 -0.161657
    81 5.837997 -0.641044 0.525002 -0.049483 0.000000 0.000000
    82 5.625286 3.107059 -2.433369 0.110853 0.082458 -0.006869
    83 6.677644 4.114117 0.449763 -0.008964 0.010245 -0.007166
    84 7.673524 1.768635 2.985535 -0.031931 0.006501 0.012462
    85 4.902687 0.655644 -8.954903 0.081942 0.003890 0.000160
    86 2.649670 8.412623 -3.003099 -1.828871 -1.111184 1.884926
    87 2.538502 8.321048 3.447679 1.536390 -1.079904 -1.522285
  time 57
    0 -165.100824 -0.698909 35.452178 1.641479 -0.028800 -0.342398
    1 3.806942 0.000000 0.000000 -1.089534 -0.671007 -1.864331
    2 19.263105 0.000000 0.000000 0.000000 0.000000 1.024851
    3 17.589100 0.000000 0.000000 -0.083030 0.063387 -1.516170
    4 6.240662 0.000000 0.000000 0.020475 -0.027745 -0.361745
    5 -3.806942 0.000000 0.000000 -1.138854 -0.582806 -1.752694
    6 19.263098 0.000000 0.000000 0.000000 0.000000 1.531947
    7 17.589096 0.000000 0.000000 0.205877 0.244430 -1.354431
    8 6.240662 0.000000 0.000000 -0.112105 0.023869 -0.461922
    9 0.000000 4.246162 -0.018825 1.469226 -0.243124 1.567810
    10 4.195629 0.000000 0.000000 -0.146332 -0.036385 0.003613
    11 3.883152 0.000001 0.000000 -0.118866 -0.047577 0.152135
    12 5.989849 0.000002 0.000000 -0.090196 0.089956 0.557050
    13 5.620499 0.000002 0.000000 3.607269 -0.032561 0.143888
    14 4.684906 0.000002 0.000000 0.273116 0.055056 0.599283
    15 4.268658 1.531894 1.575000 -1.332627 -1.534238 -0.273839
    16 5.782729 -0.000008 0.000001 -1.643751 -0.902846 -1.035128
    17 11.452765 0.000001 -0.000004 -0.012250 -0.064196 -1.775551
    18 10.945532 -0.000006 -0.000031 0.016233 -0.290699 0.182174
    19 3.147137 0.005676 -1.551344 0.025532 -0.101228 -0.750906
    20 1.585899 0.000000 0.000000 -0.132564 -0.211448 -0.566006
    21 0.849079 0.000000 0.000000 -0.054473 -0.175380 -0.302889
    22 3.471083 0.213272 -0.574067 0.123399 0.009636 -0.786270
    23 1.897537 -0.000008 0.000000 -0.098476 -0.176680 -0.512087
    24 1.014450 0.000004 0.000000 0.002415 0.009757 -0.242679
    25 3.750084 0.114773 0.430058 0.174783 0.047052 -0.472912
    26 2.258194 0.000000 0.000000 -0.121557 -0.078219 -1.001729
    27 1.210388 0.000008 0.000000 0.001897 0.012019 -0.156562
    28 3.868299 -0.166634 1.490139 0.187546 0.033955 -0.039240
    29 1.786062 0.000000 0.000000 0.048663 0.060670 -0.676682
    30 1.044445 -0.000004 0.000000 0.001277 0.038558 -0.401844
    31 1.121477 -1.351563 1.030997 1.693867 -0.344560 -0.124114
    32 1.928114 0.000000 -0.000004 -0.000001 -0.188118 0.059543
    33 1.285139 0.000000 0.000008 0.000000 -0.040646 0.196333
    34 4.268658 1.531896 -1.575000 -0.965971 1.222195 -2.559939
    35 5.782726 0.000000 0.000000 0.903755 0.830810 -1.025117
    36 11.452768 -0.000001 0.000000 -0.003859 -0.013902 -1.655431
    37 10.945511 -0.000005 0.000015 -0.995896 0.082964 -0.409027
    38 3.147156 0.000069 1.551353 -0.323007 -0.149789 -1.078840
    39 1.585901 -0.000008 0.000000 -0.128601 0.004972 -1.609316
    40 0.849083 0.000004 0.000000 0.054471 0.175377 -0.910371
    41 3.471104 0.211185 0.574834 -0.338333 -0.158810 -1.076422
    42 1.897535 0.000000 0.000000 0.047211 0.006507 -1.433956
    43 1.014454 0.000000 0.000000 -0.002415 -0.009753 -0.901516
    44 3.750103 0.116325 -0.429640 -0.351987 -0.189781 -0.975692
    45 2.258196 0.000008 0.000000 0.066382 -0.000253 -1.574727
    46 1.210384 0.000004 0.000000 -0.001897 -0.012019 -0.834495
    47 3.868322 -0.161243 -1.490732 -0.188176 -0.087701 -0.204766
    48 1.786062 -0.000008 0.000000 -0.051327 -0.064037 -0.676424
    49 1.044445 0.000004 -0.000001 -0.001277 -0.038560 -0.033101
    50 1.121500 -1.347832 -1.035882 -1.801951 0.200199 -0.546469
    51 1.928120 -0.000001 0.000000 0.000000 -0.225049 -0.494082
    52 1.285143 0.000000 0.000000 -0.000002 0.040642 -0.404246
    53 7.023272 -6.880002 4.339547 2.620672 -1.456011 -1.105365
    54 3.813803 -3.870654 0.998558 1.570796 -1.069638 0.199892
    55 0.000000 -0.000007 -0.000031 1.373047 0.113574 0.124314
    56 0.000000 -0.000007 -0.000034 1.373047 0.113574 0.124314
    57 2.980469 -1.569336 -0.888184 -1.501135 -0.273312 -1.578260
    58 2.000008 -3.000000 0.000000 -1.570796 0.000000 -1.326450
    59 3.175781 -1.395508 0.126343 1.500597 -0.354914 1.381041
    60 0.000004 0.000000 10.000004 0.000000 0.000000 0.000000
    61 0.018898 0.665158 9.395884 0.000000 0.000000 0.000000
    62 3.028212 -0.923409 -2.009451 1.574082 -0.012974 1.587244
    63 0.116951 4.311603 0.061861 0.000010 0.000000 0.000000
    64 0.000000 0.000000 0.000000 0.000000 0.000000 0.000000
    65 0.000000 1.000000 0.000008 0.000000 0.000000 0.000000
    66 0.000000 0.000000 0.000000 0.000000 0.000000 0.000000
    67 0.000000 0.000000 0.000000 0.000000 0.000000 0.000000
    68 0.000000 0.000000 0.000000 0.000000 0.000000 0.000000
    69 19.253853 0.000000 -0.000001 0.000000 0.000000 0.025253
    70 19.253841 0.000000 0.000000 0.000000 0.000000 0.025250
    71 5.884354 0.000000 0.000004 -0.126310 0.000000 0.000000
    72 11.768705 -0.000001 0.000000 -0.238428 0.000000 0.000000
    73 11.679201 0.000000 -0.000004 0.000000 0.000000 -0.161658
    74 5.837998 -0.735000 -0.525002 0.000000 0.000000 0.000000
    75 5.825531 2.661388 2.409388 -0.001945 -0.016320 -0.024506
    76 6.752561 4.039024 -0.341453 0.001435 0.018681 -0.019052
    77 7.652452 1.954227 -2.880674 0.034288 0.011731 0.007773
    78 11.768707 0.000001 0.000004 0.242666 0.000000 0.000000
    79 5.884352 0.000001 0.000000 0.128617 0.000000 0.000000
    80 11.679197 0.000000 0.000008 0.000000 0.000000 -0.161657
    81 5.837997 -0.641044 0.525002 -0.049483 0.000000 0.000000
    82 5.625286 3.107059 -2.433369 0.110853 0.082458 -0.006869
    83 6.677644 4.114117 0.449763 -0.008964 0.010245 -0.007166
    84 7.673524 1.768635 2.985535 -0.031931 0.006501 0.012462
    85 4.902687 0.655644 -8.954903 0.081942 0.003890 0.000160
    86 2.649670 8.412623 -3.003099 -1.828871 -1.111184 1.884926
    87 2.538502 8.321048 3.447679 1.536390 -1.079904 -1.522285
  time 58
    0 -167.836751 -0.689591 35.667028 1.632334 -0.017733 -0.333686
    1 3.806942 0.000000 0.000000 -1.163728 -0.647574 -1.741192
    2 19.263105 0.000000 0.000000 0.000000 0.000000 1.027129
    3 17.589100 0.000000 0.000000 -0.112058 0.128567 -1.557267
    4 6.240662 0.000000 0.000000 0.020475 -0.027733 -0.368595
    5 -3.806942 0.000000 0.000000 -0.927935 -0.552361 -2.006995
    6 19.263098 0.000000 0.000000 0.000000 0.000000 1.442458
    7 17.589096 0.000000 0.000000 0.143694 0.068826 -1.470504
    8 6.240662 0.000000 0.000000 -0.112105 0.023869 -0.451831
    9 0.000000 4.246162 -0.018825 1.456549 -0.249767 1.575852
    10 4.195629 0.000000 0.000000 -0.145829 -0.037188 0.004322
    11 3.883152 0.000001 0.000000 -0.118094 -0.049334 0.149462
    12 5.989849 0.000002 0.000000 -0.086145 0.097327 0.553591
    13 5.620499 0.000002 0.000000 3.607853 -0.035914 0.153328
    14 4.684906 0.000002 0.000000 0.274990 0.055991 0.592069
    15 4.268658 1.531894 1.575000 -1.530867 -1.543832 -0.072053
    16 5.782729 -0.000008 0.000001 -1.647741 -0.898937 -1.024513
    17 11.452765 0.000001 -0.000004 -0.013269 -0.068899 -1.775424
    18 10.945532 -0.000006 -0.000031 0.020919 -0.287131 0.184511
    19 3.147137 0.005676 -1.551344 0.025532 -0.101228 -0.750906
    20 1.585899 0.000000 0.000000 -0.132564 -0.211448 -0.566006
    21 0.849079 0.000000 0.000000 -0.054473 -0.175380 -0.302889
    22 3.471083 0.213272 -0.574067 0.123399 0.009636 -0.786270
    23 1.897537 -0.000008 0.000000 -0.098476 -0.176680 -0.512087
    24 1.014450 0.000004 0.000000 0.002415 0.009757 -0.242679
    25 3.750084 0.114773 0.430058 0.174783 0.047052 -0.472912
    26 2.258194 0.000000 0.000000 -0.121557 -0.078219 -1.001729
    27 1.210388 0.000008 0.000000 0.001897 0.012019 -0.156562
    28 3.868299 -0.166634 1.490139 0.187546 0.033955 -0.039240
    29 1.786062 0.000000 0.000000 0.048663 0.060670 -0.676682
    30 1.044445 -0.000004 0.000000 0.001277 0.038558 -0.401844
    31 1.121477 -1.351563 1.030997 1.693867 -0.344560 -0.124114
    32 1.928114 0.000000 -0.000004 -0.000001 -0.188118 0.059543
    33 1.285139 0.000000 0.000008 0.000000 -0.040646 0.196333
    34 4.268658 1.531896 -1.575000 -0.994435 1.227021 -2.584802
    35 5.782726 0.000000 0.000000 0.913233 0.825978 -1.006674
    36 11.452768 -0.000001 0.000000 -0.003200 -0.010918 -1.658979
    37 10.945511 -0.000005 0.000015 -0.994147 0.089410 -0.405556
    38 3.147156 0.000069 1.551353 -0.323007 -0.149789 -1.078840
    39 1.585901 -0.000008 0.000000 -0.128601 0.004972 -1.609316
    40 0.849083 0.000004 0.000000 0.054471 0.175377 -0.910371
    41 3.471104 0.211185 0.574834 -0.338321 -0.158810 -1.076422
    42 1.897535 0.000000 0.000000 0.047211 0.006519 -1.433956
    43 1.014454 0.000000 0.000000 -0.002415 -0.009753 -0.901516
    44 3.750103 0.116325 -0.429640 -0.351987 -0.189781 -0.975692
    45 2.258196 0.000008 0.000000 0.066382 -0.000241 -1.574727
    46 1.210384 0.000004 0.000000 -0.001897 -0.012019 -0.834495
    47 3.868322 -0.161243 -1.490732 -0.188176 -0.087701 -0.204766
    48 1.786062 -0.000008 0.000000 -0.051327 -0.064037 -0.676424
    49 1.044445 0.000004 -0.000001 -0.001277 -0.038560 -0.033101
    50 1.121500 -1.347832 -1.035882 -1.801951 0.200199 -0.546469
    51 1.928120 -0.000001 0.000000 0.000000 -0.225049 -0.494082
    52 1.285143 0.000000 0.000000 -0.000002 0.040642 -0.404246
    53 7.023272 -6.880002 4.339547 2.620672 -1.456011 -1.105365
    54 3.813803 -3.870654 0.998558 1.570796 -1.069638 0.199892
    55 0.000000 -0.000007 -0.000031 1.373047 0.113574 0.124314
    56 0.000000 -0.000007 -0.000034 1.373047 0.113574 0.124314
    57 2.980469 -1.569336 -0.888184 -1.501135 -0.273312 -1.578260
    58 2.000008 -3.000000 0.000000 -1.570796 0.000000 -1.326450
    59 3.175781 -1.395508 0.126343 1.500597 -0.354914 1.381041
    60 0.000004 0.000000 10.000004 0.000000 0.000000 0.000000
    61 0.018898 0.665158 9.395884 0.000000 0.000000 0.000000
    62 3.028212 -0.923409 -2.009451 1.574082 -0.012974 1.587244
    63 0.116951 4.311603 0.061861 0.000010 0.000000 0.000000
    64 0.000000 0.000000 0.000000 0.000000 0.000000 0.000000
    65 0.000000 1.000000 0.000008 0.000000 0.000000 0.000000
    66 0.000000 0.000000 0.000000 0.000000 0.000000 0.000000
    67 0.000000 0.000000 0.000000 0.000000 0.000000 0.000000
    68 0.000000 0.000000 0.000000 0.000000 0.000000 0.000000
    69 19.253853 0.000000 -0.000001 0.000000 0.000000 0.025253
    70 19.253841 0.000000 0.000000 0.000000 0.000000 0.025250
    71 5.884354 0.000000 0.000004 -0.126310 0.000000 0.000000
    72 11.768705 -0.000001 0.000000 -0.238428 0.000000 0.000000
    73 11.679201 0.000000 -0.000004 0.000000 0.000000 -0.161658
    74 5.837998 -0.735000 -0.525002 0.000000 0.000000 0.000000
    75 5.825531 2.661388 2.409388 -0.001945 -0.016320 -0.024506
    76 6.752561 4.039024 -0.341453 0.001435 0.018681 -0.019052
    77 7.652452 1.954227 -2.880674 0.034288 0.011731 0.007773
    78 11.768707 0.000001 0.000004 0.242666 0.000000 0.000000
    79 5.884352 0.000001 0.000000 0.128617 0.000000 0.000000
    80 11.679197 0.000000 0.000008 0.000000 0.000000 -0.161657
    81 5.837997 -0.641044 0.525002 -0.049483 0.000000 0.000000
    82 5.625286 3.107059 -2.433369 0.110853 0.082458 -0.006869
    83 6.677644 4.114117 0.449763 -0.008964 0.010245 -0.007166
    84 7.673524 1.768635 2.985535 -0.031931 0.006501 0.012462
    85 4.902687 0.655644 -8.954903 0.081942 0.003890 0.000160
    86 2.649670 8.412623 -3.003099 -1.828871 -1.111184 1.884926
    87 2.538502 8.321048 3.447679 1.536390 -1.079904 -1.522285
end
