// Created by Crowbar 0.74
version 1
nodes
  0 "ValveBiped.Bip01_Pelvis" -1
  1 "ValveBiped.Bip01_Spine" 0
  2 "ValveBiped.Bip01_Spine1" 1
  3 "ValveBiped.Bip01_Spine2" 2
  4 "ValveBiped.Bip01_Spine4" 3
  5 "BreastUpper2_L" 4
  6 "BreastUpper2_R" 4
  7 "BeAA1" 4
  8 "BeAA2_L" 4
  9 "BeAA3_L" 4
  10 "BeAA2_R" 4
  11 "BeAA3_R" 4
  12 "ValveBiped.Bip01_R_Clavicle" 4
  13 "ValveBiped.Bip01_R_UpperArm" 12
  14 "ValveBiped.Bip01_R_Forearm" 13
  15 "ValveBiped.Bip01_R_Hand" 14
  16 "ValveBiped.Bip01_R_Finger0" 15
  17 "ValveBiped.Bip01_R_Finger01" 16
  18 "ValveBiped.Bip01_R_Finger1" 15
  19 "ValveBiped.Bip01_R_Finger11" 18
  20 "ValveBiped.Bip01_R_Finger12" 19
  21 "ValveBiped.Bip01_R_Finger2" 15
  22 "ValveBiped.Bip01_R_Finger21" 21
  23 "ValveBiped.Bip01_R_Finger22" 22
  24 "ValveBiped.Bip01_R_Finger3" 15
  25 "ValveBiped.Bip01_R_Finger31" 24
  26 "ValveBiped.Bip01_R_Finger32" 25
  27 "ValveBiped.Bip01_R_Finger4" 15
  28 "ValveBiped.Bip01_R_Finger41" 27
  29 "ValveBiped.Bip01_R_Finger42" 28
  30 "ValveBiped.Bip01_L_Clavicle" 4
  31 "ValveBiped.Bip01_L_UpperArm" 30
  32 "ValveBiped.Bip01_L_Forearm" 31
  33 "ValveBiped.Bip01_L_Hand" 32
  34 "ValveBiped.Bip01_L_Finger0" 33
  35 "ValveBiped.Bip01_L_Finger01" 34
  36 "ValveBiped.Bip01_L_Finger1" 33
  37 "ValveBiped.Bip01_L_Finger11" 36
  38 "ValveBiped.Bip01_L_Finger12" 37
  39 "ValveBiped.Bip01_L_Finger2" 33
  40 "ValveBiped.Bip01_L_Finger21" 39
  41 "ValveBiped.Bip01_L_Finger22" 40
  42 "ValveBiped.Bip01_L_Finger3" 33
  43 "ValveBiped.Bip01_L_Finger31" 42
  44 "ValveBiped.Bip01_L_Finger32" 43
  45 "ValveBiped.Bip01_L_Finger4" 33
  46 "ValveBiped.Bip01_L_Finger41" 45
  47 "ValveBiped.Bip01_L_Finger42" 46
  48 "ValveBiped.Bip01_Neck1" 4
  49 "ValveBiped.Bip01_Head1" 48
  50 "Eye_R" 49
  51 "Eye_L" 49
  52 "Tongue" 49
  53 "TeethLower" 49
  54 "TeethUpper" 49
  55 "OutsideHair5A_R" 49
  56 "OutsideHair6_R" 49
  57 "OutsideHair4A_R" 49
  58 "OutsideHair4B_R" 57
  59 "OutsideHair3A_R" 49
  60 "OutsideHair3B_R" 59
  61 "OutsideHair2A_R" 49
  62 "OutsideHair2B_R" 61
  63 "LowerLe1_R" 49
  64 "LowerLe2_R" 63
  65 "LowerLe3_R" 64
  66 "LowerLe4_R" 65
  67 "FrontHair1_R" 49
  68 "OutsideHair5A_L" 49
  69 "OutsideHair6_L" 49
  70 "OutsideHair4A_L" 49
  71 "OutsideHair4B_L" 70
  72 "OutsideHair3A_L" 49
  73 "OutsideHair3B_L" 72
  74 "OutsideHair2A_L" 49
  75 "OutsideHair2B_L" 74
  76 "OutsideHair1A" 49
  77 "OutsideHair1B" 76
  78 "OutsideHair1C" 77
  79 "LowerLe1_L" 49
  80 "LowerLe2_L" 79
  81 "LowerLe3_L" 80
  82 "LowerLe4_L" 81
  83 "FrontHair1_L" 49
  84 "FrontHair2" 49
  85 "ValveBiped.Bip01_R_Thigh" 0
  86 "ValveBiped.Bip01_R_Calf" 85
  87 "ValveBiped.Bip01_R_Foot" 86
  88 "ValveBiped.Bip01_L_Thigh" 0
  89 "ValveBiped.Bip01_L_Calf" 88
  90 "ValveBiped.Bip01_L_Foot" 89
  91 "HairConnectionEye" 49
  92 "UpKicking1_R" 49
  93 "UpKicking2_R" 92
  94 "UpKicking1_L" 49
  95 "UpKicking2_L" 94
  96 "WingClothes" 2
  97 "WaistWingClothes1_R" 96
  98 "WaistWingClothes2_R" 97
  99 "WaistWingClothes3_R" 98
  100 "WaistWingClothes4_R" 99
  101 "WaistWingClothes5_R" 100
  102 "WaistWingClothes6_R" 101
  103 "WaistWingClothes7_R" 102
  104 "WaistWingClothes8_R" 103
  105 "WaistWingClothes9_R" 104
  106 "WaistWingClothes10_R" 105
  107 "WaistWingClothes11_R" 106
  108 "WaistWingClothes1_L" 96
  109 "WaistWingClothes2_L" 108
  110 "WaistWingClothes3_L" 109
  111 "WaistWingClothes4_L" 110
  112 "WaistWingClothes5_L" 111
  113 "WaistWingClothes6_L" 112
  114 "WaistWingClothes7_L" 113
  115 "WaistWingClothes8_L" 114
  116 "WaistWingClothes9_L" 115
  117 "WaistWingClothes10_L" 116
  118 "WaistWingClothes11_L" 117
  119 "ValveBiped.Exp_Jaw" 49
  120 "ValveBiped.Exp_Eyebrows" 49
  121 "ValveBiped.Exp_Eyelids_Upper" 49
  122 "ValveBiped.Exp_LipsUpper" 49
end
skeleton
  time 0
    0 0.000000 -0.492360 35.174164 1.570796 0.000000 0.000000
    1 0.000002 3.696480 -1.136777 1.570796 -0.018319 1.570797
    2 3.255432 0.302921 0.000000 0.000000 0.000000 -0.019837
    3 3.082455 0.000022 0.000000 0.000000 0.000000 -0.012635
    4 6.423965 0.000044 0.000000 0.000000 0.000000 0.155831
    5 -0.648911 4.497382 2.867939 1.570681 0.010771 2.989143
    6 -0.648911 4.497380 -2.867940 -1.570912 0.010771 -0.152451
    7 -4.043316 -1.713767 -0.000001 0.000000 1.570780 3.033295
    8 -4.209068 0.167570 4.656291 1.601124 0.163312 -1.702392
    9 -5.028244 4.782017 4.635705 1.551557 -0.007465 -1.688503
    10 -4.209072 0.167570 -4.656292 -1.540468 0.163312 1.439204
    11 -5.028248 4.782018 -4.635706 -1.590037 -0.007465 1.453084
    12 1.768345 0.346586 -0.819416 -1.408725 1.306630 2.986008
    13 3.420089 0.756577 1.219547 1.407216 -0.052113 -0.348790
    14 8.884674 0.000000 -0.000004 0.001482 -0.110434 -0.001744
    15 8.509779 0.000000 0.000000 -1.570797 0.040275 0.013368
    16 2.616555 -0.421555 -1.302933 1.538258 0.296788 -0.418071
    17 1.419880 0.000001 0.000004 0.036325 -0.005045 -0.043806
    18 4.438509 -0.068119 -0.750376 0.000000 0.000000 -0.015346
    19 0.663845 0.062096 -0.084954 0.000000 -0.000001 0.093269
    20 0.969561 -0.021038 0.000001 0.000000 0.000000 -0.021694
    21 4.455383 0.039261 -0.134980 0.000000 -0.000001 0.008811
    22 1.052469 0.057579 0.004971 0.000000 0.000002 0.054651
    23 0.969765 -0.007011 0.000001 0.000000 -0.000002 -0.007229
    24 4.217670 -0.008194 0.542873 0.000000 -0.000001 -0.001944
    25 0.983795 -0.013123 0.019439 0.000000 -0.000001 -0.013328
    26 0.919048 0.070984 0.000000 0.000000 0.000000 0.077088
    27 4.006802 -0.152481 1.137269 0.000000 0.000000 -0.038038
    28 1.082683 0.054264 0.036105 0.000000 -0.000001 0.050078
    29 0.829247 0.056049 0.000000 0.000000 0.000001 0.067484
    30 1.768349 0.346567 0.819440 1.347278 -1.307270 2.975333
    31 3.416723 0.842072 -1.171919 -1.340559 0.079187 -0.344510
    32 8.884674 0.000000 0.000000 -0.001483 0.110434 -0.001744
    33 8.509784 0.000000 0.000000 1.570797 -0.040091 0.013371
    34 2.616635 -0.421082 1.302942 -1.538258 -0.296791 -0.417888
    35 1.419891 0.000001 -0.000004 -0.029105 0.002456 -0.043676
    36 4.438519 -0.067307 0.750389 0.000000 -0.000003 -0.015162
    37 0.663845 0.062099 0.084954 0.000000 0.000000 0.093269
    38 0.969561 -0.021042 -0.000001 0.000000 0.000001 -0.021694
    39 4.455378 0.040077 0.134994 0.000000 -0.000002 0.008995
    40 1.052471 0.057575 -0.004971 0.000000 -0.000001 0.054652
    41 0.969763 -0.007004 -0.000001 0.000000 0.000002 -0.007229
    42 4.217680 -0.007423 -0.542860 0.000000 -0.000002 -0.001760
    43 0.983791 -0.013115 -0.019438 0.000000 0.000001 -0.013328
    44 0.919048 0.070984 0.000000 0.000000 0.000000 0.077088
    45 4.006838 -0.151752 -1.137257 0.000000 -0.000003 -0.037854
    46 1.082675 0.054268 -0.036105 0.000000 0.000001 0.050078
    47 0.829247 0.056046 0.000000 0.000000 -0.000001 0.067485
    48 2.707935 0.000007 0.000000 3.141593 0.000000 0.224126
    49 3.023521 0.594992 0.000000 0.000000 -0.000001 0.209705
    50 2.685654 -0.523826 0.930485 1.570791 -1.057047 1.726900
    51 2.685658 -0.523826 -0.930489 -1.570803 -1.057049 -1.414694
    52 0.200581 -1.131062 0.000000 0.000000 -1.570782 -2.985499
    53 0.339642 -1.646533 0.000000 0.000000 -1.570777 -2.985532
    54 0.631950 -1.600529 0.000000 0.000000 -1.570787 -2.985474
    55 3.417385 3.368795 2.323852 0.007851 0.175221 -2.973809
    56 2.940769 4.449759 1.086405 3.129343 0.084223 -3.033415
    57 4.476883 1.030538 3.864545 -3.136448 1.341252 -2.960716
    58 0.081324 0.487088 -2.822746 0.013715 -0.886476 0.043786
    59 4.438885 1.994720 3.926556 3.017901 1.265244 -3.110550
    60 -0.357891 1.239716 -2.634289 0.034165 -0.159277 -0.011890
    61 3.606319 3.578274 3.261864 2.990471 1.392509 3.132086
    62 -0.071815 1.105649 -2.386044 -0.009875 -0.273594 0.051566
    63 6.191956 -0.038257 3.550536 2.730608 1.448567 2.880539
    64 0.140751 0.362261 -2.375797 -0.039676 -0.515594 0.036530
    65 -0.448891 -0.690934 -1.389339 0.017450 0.019479 -0.081081
    66 -0.305315 -0.406434 -1.731853 -0.003009 -0.160533 0.034274
    67 7.526562 -1.705317 1.828083 -3.036729 1.292923 -2.891510
    68 3.417377 3.368793 -2.323858 -3.133741 0.175223 0.167783
    69 2.940773 4.449759 -1.086410 -0.012249 0.084224 0.108178
    70 4.476875 1.030536 -3.864552 0.005145 1.341254 0.180877
    71 -0.081326 0.487088 -2.822750 0.013716 0.886476 -0.043785
    72 4.438877 1.994720 -3.926564 -0.123692 1.265246 0.031041
    73 0.357897 1.239714 -2.634289 0.034165 0.159277 0.011890
    74 3.606308 3.578273 -3.261870 -0.151123 1.392511 -0.009508
    75 0.071815 1.105649 -2.386032 -0.009876 0.273594 -0.051566
    76 3.987167 4.611635 -0.000003 0.000000 1.570796 0.148948
    77 0.000000 1.048001 -2.093582 -0.013839 0.000000 0.000000
    78 0.000000 1.102415 -2.362724 0.003413 0.000000 0.000000
    79 6.191952 -0.038255 -3.550546 -0.410990 1.448569 -0.261059
    80 -0.140752 0.362261 -2.375797 -0.039676 0.515594 -0.036529
    81 0.448889 -0.690934 -1.389339 0.017450 -0.019479 0.081081
    82 0.305313 -0.406434 -1.731853 -0.033945 0.044421 0.014028
    83 7.526569 -1.705315 -1.828094 0.104865 1.292925 0.250085
    84 7.312023 -2.808115 0.083643 2.331033 1.549304 2.496884
    85 -3.084310 0.000004 0.000002 -1.570796 -0.014187 -1.521236
    86 15.611660 0.000000 0.000000 0.002555 0.049497 0.065776
    87 15.879448 0.000000 0.000000 0.000002 -0.000001 -1.086507
    88 3.084311 0.000004 0.000002 -1.570796 -0.014187 -1.620357
    89 15.611660 0.000000 0.000000 -0.002576 -0.049902 0.065777
    90 15.879447 0.000000 0.000000 -0.000349 0.000209 -1.083457
    91 7.331951 5.389594 -0.000006 0.000000 -1.570796 -1.432443
    92 6.849758 5.620837 0.546273 0.087533 0.421161 0.189504
    93 0.052246 1.011392 3.116848 -0.106369 0.149351 -0.014003
    94 6.849766 5.620838 -0.546284 -3.053358 0.438545 -2.950403
    95 0.002151 1.011392 3.117283 -0.106122 -0.131899 0.013970
    96 -5.434696 -4.764359 -0.000002 0.000000 -1.570697 3.103418
    97 -0.325001 2.656087 0.000004 0.129094 -0.187324 1.675433
    98 0.000001 5.967076 -0.000008 0.583028 -0.588433 -0.080225
    99 0.000004 4.506813 0.000005 1.338883 -0.751019 -1.333215
    100 0.000004 5.988791 0.000004 -0.049103 -0.480582 -0.235483
    101 -0.000006 9.535488 0.000008 -1.232434 1.252004 0.109690
    102 -0.000003 7.945229 -0.000015 -0.329362 -0.167215 -0.526037
    103 0.000000 6.310169 -0.000011 0.052775 -0.274514 -1.133257
    104 0.000000 4.818149 0.000008 0.057857 -0.027283 -0.287032
    105 -0.000008 4.725517 -0.000004 1.100623 -0.273077 2.147562
    106 0.000008 4.475430 0.000004 -0.636812 1.098433 0.142582
    107 0.000001 7.508235 0.000023 -0.583371 0.636234 -0.345964
    108 0.325001 2.656085 -0.000011 0.129093 0.187324 -1.675441
    109 0.000000 5.967082 -0.000008 0.583025 0.588433 0.080224
    110 -0.000004 4.506824 0.000004 1.338882 0.751021 1.333214
    111 -0.000004 5.988802 0.000002 -0.049103 0.480588 0.235484
    112 0.000008 9.535480 0.000000 -1.232428 -1.252007 -0.109693
    113 0.000003 7.945229 0.000000 -0.329362 0.167216 0.526040
    114 0.000003 6.310158 -0.000011 0.052772 0.274516 1.133254
    115 -0.000004 4.818168 0.000004 0.057855 0.027281 0.287029
    116 -0.000004 4.725527 -0.000015 1.100623 0.273081 -2.147561
    117 0.000000 4.475433 -0.000002 -0.636813 -1.098436 -0.142580
    118 -0.000005 7.508256 0.000015 -0.583369 -0.636232 0.345963
    119 1.548061 0.004415 0.000000 0.000000 1.570795 -1.724259
    120 3.806156 0.213600 0.000000 0.000000 1.570795 -3.010492
    121 3.561836 -3.655074 -0.015467 0.000000 1.570795 2.971113
    122 1.108356 -0.293481 0.000000 0.000000 1.570795 3.002910
end
triangles
tex
  49 -3.231204 -3.242761 59.952950 0.018131 0.184696 -0.982628 0.076719 0.438196 1 49 1.000000
  49 -3.224830 -3.311801 59.940777 0.018131 0.184696 -0.982628 0.077380 0.438384 1 49 1.000000
  49 -3.261445 -3.383164 59.928196 0.216606 0.679569 -0.700905 0.077914 0.438975 1 49 1.000000
tex
  49 -3.261445 -3.383164 59.928196 0.216606 0.679569 -0.700905 0.077914 0.438975 1 49 1.000000
  49 -3.177126 -3.429069 59.885376 0.197533 0.959149 -0.202518 0.078076 0.439125 1 49 1.000000
  49 -3.229100 -3.457735 59.861137 -0.396264 0.424405 -0.814159 0.078034 0.439115 1 49 1.000000
tex
  49 -3.295668 -3.411751 59.896709 -0.019874 0.355462 -0.934479 0.077786 0.439053 1 49 1.000000
  49 -3.261445 -3.383164 59.928196 0.216606 0.679569 -0.700905 0.077914 0.438975 1 49 1.000000
  49 -3.229100 -3.457735 59.861137 -0.396264 0.424405 -0.814159 0.078034 0.439115 1 49 1.000000
tex
  49 -3.313227 -3.330914 59.937408 0.223607 0.285887 -0.931809 0.077302 0.438932 1 49 1.000000
  49 -3.261445 -3.383164 59.928196 0.216606 0.679569 -0.700905 0.077914 0.438975 1 49 1.000000
  49 -3.295668 -3.411751 59.896709 -0.019874 0.355462 -0.934479 0.077786 0.439053 1 49 1.000000
tex
  49 -3.313227 -3.330914 59.937408 0.223607 0.285887 -0.931809 0.077302 0.438932 1 49 1.000000
  49 -3.231204 -3.242761 59.952950 0.018131 0.184696 -0.982628 0.076719 0.438196 1 49 1.000000
  49 -3.261445 -3.383164 59.928196 0.216606 0.679569 -0.700905 0.077914 0.438975 1 49 1.000000
tex
  49 -3.272629 -3.208241 59.959042 0.018131 0.184696 -0.982628 0.076281 0.438606 1 49 1.000000
  49 -3.231204 -3.242761 59.952950 0.018131 0.184696 -0.982628 0.076719 0.438196 1 49 1.000000
  49 -3.313227 -3.330914 59.937408 0.223607 0.285887 -0.931809 0.077302 0.438932 1 49 1.000000
tex
  49 -3.333238 -3.212791 59.958237 0.540658 0.167261 -0.824447 0.076283 0.439263 1 49 1.000000
  49 -3.272629 -3.208241 59.959042 0.018131 0.184696 -0.982628 0.076281 0.438606 1 49 1.000000
  49 -3.313227 -3.330914 59.937408 0.223607 0.285887 -0.931809 0.077302 0.438932 1 49 1.000000
tex
  49 -3.374346 -3.220794 59.935532 -0.018128 0.184638 -0.982639 0.076475 0.439142 1 49 1.000000
  49 -3.313227 -3.330914 59.937408 0.223607 0.285887 -0.931809 0.077302 0.438932 1 49 1.000000
  49 -3.351753 -3.349552 59.912823 -0.175446 0.126310 -0.976353 0.077325 0.439022 1 49 1.000000
tex
  49 -3.351753 -3.349552 59.912823 -0.175446 0.126310 -0.976353 0.077325 0.439022 1 49 1.000000
  49 -3.313227 -3.330914 59.937408 0.223607 0.285887 -0.931809 0.077302 0.438932 1 49 1.000000
  49 -3.295668 -3.411751 59.896709 -0.019874 0.355462 -0.934479 0.077786 0.439053 1 49 1.000000
tex
  49 -3.351753 -3.349552 59.912823 -0.175446 0.126310 -0.976353 0.077325 0.439022 1 49 1.000000
  49 -3.295668 -3.411751 59.896709 -0.019874 0.355462 -0.934479 0.077786 0.439053 1 49 1.000000
  49 -3.328585 -3.449364 59.912575 -0.667895 -0.414536 -0.618123 0.077745 0.439085 1 49 1.000000
tex
  49 -3.328585 -3.449364 59.912575 -0.667895 -0.414536 -0.618123 0.077745 0.439085 1 49 1.000000
  49 -3.295668 -3.411751 59.896709 -0.019874 0.355462 -0.934479 0.077786 0.439053 1 49 1.000000
  49 -3.229100 -3.457735 59.861137 -0.396264 0.424405 -0.814159 0.078034 0.439115 1 49 1.000000
tex
  49 -3.328585 -3.449364 59.912575 -0.667895 -0.414536 -0.618123 0.077745 0.439085 1 49 1.000000
  49 -3.229100 -3.457735 59.861137 -0.396264 0.424405 -0.814159 0.078034 0.439115 1 49 1.000000
  49 -3.233434 -3.518764 59.869591 -0.707683 -0.539605 -0.456083 0.078068 0.439127 1 49 1.000000
tex
  49 -3.229100 -3.457735 59.861137 -0.396264 0.424405 -0.814159 0.078034 0.439115 1 49 1.000000
  49 -3.177317 -3.476702 59.774921 -0.749634 0.497524 -0.436484 0.078239 0.439134 1 49 1.000000
  49 -3.233434 -3.518764 59.869591 -0.707683 -0.539605 -0.456083 0.078068 0.439127 1 49 1.000000
tex
  49 -3.229100 -3.457735 59.861137 -0.396264 0.424405 -0.814159 0.078034 0.439115 1 49 1.000000
  49 -3.177126 -3.429069 59.885376 0.197533 0.959149 -0.202518 0.078076 0.439125 1 49 1.000000
  49 -3.177317 -3.476702 59.774921 -0.749634 0.497524 -0.436484 0.078239 0.439134 1 49 1.000000
tex
  49 -3.177126 -3.429069 59.885376 0.197533 0.959149 -0.202518 0.078076 0.439125 1 49 1.000000
  49 -3.127097 -3.442628 59.774910 -0.044566 0.995144 -0.087757 0.078286 0.439165 1 49 1.000000
  49 -3.177317 -3.476702 59.774921 -0.749634 0.497524 -0.436484 0.078239 0.439134 1 49 1.000000
tex
  49 -3.127097 -3.442628 59.774910 -0.044566 0.995144 -0.087757 0.078286 0.439165 1 49 1.000000
  49 -3.177126 -3.429069 59.885376 0.197533 0.959149 -0.202518 0.078076 0.439125 1 49 1.000000
  49 -3.011774 -3.521001 59.858425 0.855415 0.496477 0.147563 0.078314 0.439136 1 49 1.000000
tex
  49 -2.986537 -3.510713 59.727970 0.861776 0.465386 0.201883 0.078447 0.439121 1 49 1.000000
  49 -3.127097 -3.442628 59.774910 -0.044566 0.995144 -0.087757 0.078286 0.439165 1 49 1.000000
  49 -3.011774 -3.521001 59.858425 0.855415 0.496477 0.147563 0.078314 0.439136 1 49 1.000000
tex
  49 -2.986537 -3.510713 59.727970 0.861776 0.465386 0.201883 0.078447 0.439121 1 49 1.000000
  49 -3.011774 -3.521001 59.858425 0.855415 0.496477 0.147563 0.078314 0.439136 1 49 1.000000
  49 -3.010340 -3.580731 59.845566 0.870378 -0.485226 0.083648 0.078329 0.439151 1 49 1.000000
tex
  49 -2.985261 -3.569385 59.711113 0.853627 -0.479485 0.203508 0.078473 0.439138 1 49 1.000000
  49 -2.986537 -3.510713 59.727970 0.861776 0.465386 0.201883 0.078447 0.439121 1 49 1.000000
  49 -3.010340 -3.580731 59.845566 0.870378 -0.485226 0.083648 0.078329 0.439151 1 49 1.000000
tex
  49 -3.035514 -3.603434 59.711540 0.046991 -0.997739 -0.048044 0.078448 0.439158 1 49 1.000000
  49 -2.985261 -3.569385 59.711113 0.853627 -0.479485 0.203508 0.078473 0.439138 1 49 1.000000
  49 -3.010340 -3.580731 59.845566 0.870378 -0.485226 0.083648 0.078329 0.439151 1 49 1.000000
tex
  49 -2.985261 -3.569385 59.711113 0.853627 -0.479485 0.203508 0.078473 0.439138 1 49 1.000000
  49 -3.035514 -3.603434 59.711540 0.046991 -0.997739 -0.048044 0.078448 0.439158 1 49 1.000000
  49 -2.982012 -3.599659 59.544792 0.076836 -0.996872 0.018506 0.078771 0.439143 1 49 1.000000
tex
  49 -3.035514 -3.603434 59.711540 0.046991 -0.997739 -0.048044 0.078448 0.439158 1 49 1.000000
  49 -3.107435 -3.542695 59.592052 -0.812753 -0.449669 -0.370445 0.078555 0.439077 1 49 1.000000
  49 -2.982012 -3.599659 59.544792 0.076836 -0.996872 0.018506 0.078771 0.439143 1 49 1.000000
tex
  49 -3.107435 -3.542695 59.592052 -0.812753 -0.449669 -0.370445 0.078555 0.439077 1 49 1.000000
  49 -2.978632 -3.558074 59.351349 -0.696944 -0.453699 -0.555361 0.079207 0.439062 1 49 1.000000
  49 -2.982012 -3.599659 59.544792 0.076836 -0.996872 0.018506 0.078771 0.439143 1 49 1.000000
tex
  49 -2.978632 -3.558074 59.351349 -0.696944 -0.453699 -0.555361 0.079207 0.439062 1 49 1.000000
  49 -3.107435 -3.542695 59.592052 -0.812753 -0.449669 -0.370445 0.078555 0.439077 1 49 1.000000
  49 -2.977359 -3.501107 59.362068 -0.712644 0.437947 -0.548033 0.079170 0.439128 1 49 1.000000
tex
  49 -2.978632 -3.558074 59.351349 -0.696944 -0.453699 -0.555361 0.079207 0.439062 1 49 1.000000
  49 -2.977359 -3.501107 59.362068 -0.712644 0.437947 -0.548033 0.079170 0.439128 1 49 1.000000
  49 -2.706339 -3.549819 59.133133 -0.435251 0.351861 -0.828704 0.080541 0.439103 1 49 1.000000
tex
  49 -3.010340 -3.580731 59.845566 0.870378 -0.485226 0.083648 0.078329 0.439151 1 49 1.000000
  49 -3.011774 -3.521001 59.858425 0.855415 0.496477 0.147563 0.078314 0.439136 1 49 1.000000
  49 -3.017987 -3.595932 59.953613 0.881391 -0.461694 -0.099944 0.078298 0.439168 1 49 1.000000
tex
  49 -3.010340 -3.580731 59.845566 0.870378 -0.485226 0.083648 0.078329 0.439151 1 49 1.000000
  49 -3.017987 -3.595932 59.953613 0.881391 -0.461694 -0.099944 0.078298 0.439168 1 49 1.000000
  49 -3.062026 -3.613117 59.842247 0.025357 -0.993805 -0.108205 0.078314 0.439163 1 49 1.000000
tex
  49 -3.035514 -3.603434 59.711540 0.046991 -0.997739 -0.048044 0.078448 0.439158 1 49 1.000000
  49 -3.010340 -3.580731 59.845566 0.870378 -0.485226 0.083648 0.078329 0.439151 1 49 1.000000
  49 -3.062026 -3.613117 59.842247 0.025357 -0.993805 -0.108205 0.078314 0.439163 1 49 1.000000
tex
  49 -3.177063 -3.534817 59.758591 -0.827739 -0.449203 -0.336251 0.078287 0.439110 1 49 1.000000
  49 -3.035514 -3.603434 59.711540 0.046991 -0.997739 -0.048044 0.078448 0.439158 1 49 1.000000
  49 -3.062026 -3.613117 59.842247 0.025357 -0.993805 -0.108205 0.078314 0.439163 1 49 1.000000
tex
  49 -3.035514 -3.603434 59.711540 0.046991 -0.997739 -0.048044 0.078448 0.439158 1 49 1.000000
  49 -3.177063 -3.534817 59.758591 -0.827739 -0.449203 -0.336251 0.078287 0.439110 1 49 1.000000
  49 -3.107435 -3.542695 59.592052 -0.812753 -0.449669 -0.370445 0.078555 0.439077 1 49 1.000000
tex
  49 -3.107435 -3.542695 59.592052 -0.812753 -0.449669 -0.370445 0.078555 0.439077 1 49 1.000000
  49 -3.177063 -3.534817 59.758591 -0.827739 -0.449203 -0.336251 0.078287 0.439110 1 49 1.000000
  49 -3.107818 -3.485178 59.609577 -0.791990 0.475933 -0.382413 0.078517 0.439137 1 49 1.000000
tex
  49 -3.107435 -3.542695 59.592052 -0.812753 -0.449669 -0.370445 0.078555 0.439077 1 49 1.000000
  49 -3.107818 -3.485178 59.609577 -0.791990 0.475933 -0.382413 0.078517 0.439137 1 49 1.000000
  49 -2.977359 -3.501107 59.362068 -0.712644 0.437947 -0.548033 0.079170 0.439128 1 49 1.000000
tex
  49 -3.107818 -3.485178 59.609577 -0.791990 0.475933 -0.382413 0.078517 0.439137 1 49 1.000000
  49 -3.061230 -3.449001 59.609383 -0.079325 0.992269 -0.095445 0.078557 0.439202 1 49 1.000000
  49 -2.977359 -3.501107 59.362068 -0.712644 0.437947 -0.548033 0.079170 0.439128 1 49 1.000000
tex
  49 -3.061230 -3.449001 59.609383 -0.079325 0.992269 -0.095445 0.078557 0.439202 1 49 1.000000
  49 -2.937973 -3.462692 59.370659 -0.035659 0.978000 -0.205534 0.079218 0.439201 1 49 1.000000
  49 -2.977359 -3.501107 59.362068 -0.712644 0.437947 -0.548033 0.079170 0.439128 1 49 1.000000
tex
  49 -2.937973 -3.462692 59.370659 -0.035659 0.978000 -0.205534 0.079218 0.439201 1 49 1.000000
  49 -3.061230 -3.449001 59.609383 -0.079325 0.992269 -0.095445 0.078557 0.439202 1 49 1.000000
  49 -2.936028 -3.505866 59.562107 0.827356 0.466454 0.312892 0.078775 0.439123 1 49 1.000000
tex
  49 -2.836351 -3.512022 59.365074 0.725128 0.455497 0.516442 0.079486 0.439125 1 49 1.000000
  49 -2.937973 -3.462692 59.370659 -0.035659 0.978000 -0.205534 0.079218 0.439201 1 49 1.000000
  49 -2.936028 -3.505866 59.562107 0.827356 0.466454 0.312892 0.078775 0.439123 1 49 1.000000
tex
  49 -2.836351 -3.512022 59.365074 0.725128 0.455497 0.516442 0.079486 0.439125 1 49 1.000000
  49 -2.936028 -3.505866 59.562107 0.827356 0.466454 0.312892 0.078775 0.439123 1 49 1.000000
  49 -2.935519 -3.563446 59.544586 0.812660 -0.456406 0.362323 0.078823 0.439128 1 49 1.000000
tex
  49 -2.837626 -3.568988 59.354340 0.610504 -0.398516 0.684449 0.079537 0.439111 1 49 1.000000
  49 -2.836351 -3.512022 59.365074 0.725128 0.455497 0.516442 0.079486 0.439125 1 49 1.000000
  49 -2.935519 -3.563446 59.544586 0.812660 -0.456406 0.362323 0.078823 0.439128 1 49 1.000000
tex
  49 -2.837626 -3.568988 59.354340 0.610504 -0.398516 0.684449 0.079537 0.439111 1 49 1.000000
  49 -2.935519 -3.563446 59.544586 0.812660 -0.456406 0.362323 0.078823 0.439128 1 49 1.000000
  49 -2.877012 -3.607436 59.345749 0.084254 -0.988888 0.122484 0.079467 0.439119 1 49 1.000000
tex
  49 -2.639706 -3.646759 59.176605 -0.006273 -0.953983 0.299795 0.080860 0.439099 1 49 1.000000
  49 -2.837626 -3.568988 59.354340 0.610504 -0.398516 0.684449 0.079537 0.439111 1 49 1.000000
  49 -2.877012 -3.607436 59.345749 0.084254 -0.988888 0.122484 0.079467 0.439119 1 49 1.000000
tex
  49 -2.709781 -3.606154 59.130932 -0.428293 -0.506389 -0.748422 0.080575 0.439036 1 49 1.000000
  49 -2.639706 -3.646759 59.176605 -0.006273 -0.953983 0.299795 0.080860 0.439099 1 49 1.000000
  49 -2.877012 -3.607436 59.345749 0.084254 -0.988888 0.122484 0.079467 0.439119 1 49 1.000000
tex
  49 -2.709781 -3.606154 59.130932 -0.428293 -0.506389 -0.748422 0.080575 0.439036 1 49 1.000000
  49 -2.252886 -3.700200 59.023121 -0.212999 -0.572818 -0.791525 0.083643 0.438979 1 49 1.000000
  49 -2.639706 -3.646759 59.176605 -0.006273 -0.953983 0.299795 0.080860 0.439099 1 49 1.000000
tex
  49 -2.247244 -3.645004 59.021511 -0.118688 0.259882 -0.958319 0.083613 0.439050 1 49 1.000000
  49 -2.252886 -3.700200 59.023121 -0.212999 -0.572818 -0.791525 0.083643 0.438979 1 49 1.000000
  49 -2.709781 -3.606154 59.130932 -0.428293 -0.506389 -0.748422 0.080575 0.439036 1 49 1.000000
tex
  49 -2.986537 -3.510713 59.727970 0.861776 0.465386 0.201883 0.078447 0.439121 1 49 1.000000
  49 -2.985261 -3.569385 59.711113 0.853627 -0.479485 0.203508 0.078473 0.439138 1 49 1.000000
  49 -2.936028 -3.505866 59.562107 0.827356 0.466454 0.312892 0.078775 0.439123 1 49 1.000000
tex
  49 -2.936028 -3.505866 59.562107 0.827356 0.466454 0.312892 0.078775 0.439123 1 49 1.000000
  49 -2.985261 -3.569385 59.711113 0.853627 -0.479485 0.203508 0.078473 0.439138 1 49 1.000000
  49 -2.935519 -3.563446 59.544586 0.812660 -0.456406 0.362323 0.078823 0.439128 1 49 1.000000
tex
  49 -2.935519 -3.563446 59.544586 0.812660 -0.456406 0.362323 0.078823 0.439128 1 49 1.000000
  49 -2.985261 -3.569385 59.711113 0.853627 -0.479485 0.203508 0.078473 0.439138 1 49 1.000000
  49 -2.982012 -3.599659 59.544792 0.076836 -0.996872 0.018506 0.078771 0.439143 1 49 1.000000
tex
  49 -2.877012 -3.607436 59.345749 0.084254 -0.988888 0.122484 0.079467 0.439119 1 49 1.000000
  49 -2.935519 -3.563446 59.544586 0.812660 -0.456406 0.362323 0.078823 0.439128 1 49 1.000000
  49 -2.982012 -3.599659 59.544792 0.076836 -0.996872 0.018506 0.078771 0.439143 1 49 1.000000
tex
  49 -2.978632 -3.558074 59.351349 -0.696944 -0.453699 -0.555361 0.079207 0.439062 1 49 1.000000
  49 -2.877012 -3.607436 59.345749 0.084254 -0.988888 0.122484 0.079467 0.439119 1 49 1.000000
  49 -2.982012 -3.599659 59.544792 0.076836 -0.996872 0.018506 0.078771 0.439143 1 49 1.000000
tex
  49 -2.978632 -3.558074 59.351349 -0.696944 -0.453699 -0.555361 0.079207 0.439062 1 49 1.000000
  49 -2.709781 -3.606154 59.130932 -0.428293 -0.506389 -0.748422 0.080575 0.439036 1 49 1.000000
  49 -2.877012 -3.607436 59.345749 0.084254 -0.988888 0.122484 0.079467 0.439119 1 49 1.000000
tex
  49 -2.709781 -3.606154 59.130932 -0.428293 -0.506389 -0.748422 0.080575 0.439036 1 49 1.000000
  49 -2.978632 -3.558074 59.351349 -0.696944 -0.453699 -0.555361 0.079207 0.439062 1 49 1.000000
  49 -2.706339 -3.549819 59.133133 -0.435251 0.351861 -0.828704 0.080541 0.439103 1 49 1.000000
tex
  49 -2.247244 -3.645004 59.021511 -0.118688 0.259882 -0.958319 0.083613 0.439050 1 49 1.000000
  49 -2.709781 -3.606154 59.130932 -0.428293 -0.506389 -0.748422 0.080575 0.439036 1 49 1.000000
  49 -2.706339 -3.549819 59.133133 -0.435251 0.351861 -0.828704 0.080541 0.439103 1 49 1.000000
tex
  49 -2.676576 -3.508738 59.152470 0.089955 0.946282 -0.310576 0.080601 0.439181 1 49 1.000000
  49 -2.247244 -3.645004 59.021511 -0.118688 0.259882 -0.958319 0.083613 0.439050 1 49 1.000000
  49 -2.706339 -3.549819 59.133133 -0.435251 0.351861 -0.828704 0.080541 0.439103 1 49 1.000000
tex
  49 -2.676576 -3.508738 59.152470 0.089955 0.946282 -0.310576 0.080601 0.439181 1 49 1.000000
  49 -2.228381 -3.600631 59.046215 0.146226 0.919453 -0.364999 0.083661 0.439128 1 49 1.000000
  49 -2.247244 -3.645004 59.021511 -0.118688 0.259882 -0.958319 0.083613 0.439050 1 49 1.000000
tex
  49 -2.228381 -3.600631 59.046215 0.146226 0.919453 -0.364999 0.083661 0.439128 1 49 1.000000
  49 -2.676576 -3.508738 59.152470 0.089955 0.946282 -0.310576 0.080601 0.439181 1 49 1.000000
  49 -2.606503 -3.549377 59.198154 0.448886 0.508275 0.734954 0.080891 0.439095 1 49 1.000000
tex
  49 -2.192978 -3.629482 59.116436 0.214237 0.585554 0.781812 0.083884 0.439007 1 49 1.000000
  49 -2.228381 -3.600631 59.046215 0.146226 0.919453 -0.364999 0.083661 0.439128 1 49 1.000000
  49 -2.606503 -3.549377 59.198154 0.448886 0.508275 0.734954 0.080891 0.439095 1 49 1.000000
tex
  49 -2.192978 -3.629482 59.116436 0.214237 0.585554 0.781812 0.083884 0.439007 1 49 1.000000
  49 -2.606503 -3.549377 59.198154 0.448886 0.508275 0.734954 0.080891 0.439095 1 49 1.000000
  49 -2.609943 -3.605710 59.195946 0.258362 -0.297999 0.918937 0.080934 0.439084 1 49 1.000000
tex
  49 -2.198618 -3.684648 59.118069 0.042824 -0.212779 0.976161 0.083916 0.439031 1 49 1.000000
  49 -2.192978 -3.629482 59.116436 0.214237 0.585554 0.781812 0.083884 0.439007 1 49 1.000000
  49 -2.609943 -3.605710 59.195946 0.258362 -0.297999 0.918937 0.080934 0.439084 1 49 1.000000
tex
  49 -2.217515 -3.729025 59.093376 -0.097612 -0.865584 0.491158 0.083864 0.439080 1 49 1.000000
  49 -2.198618 -3.684648 59.118069 0.042824 -0.212779 0.976161 0.083916 0.439031 1 49 1.000000
  49 -2.609943 -3.605710 59.195946 0.258362 -0.297999 0.918937 0.080934 0.439084 1 49 1.000000
tex
  49 -1.718874 -3.768629 59.094280 -0.011685 -0.277283 0.960717 0.087723 0.438970 1 49 1.000000
  49 -2.198618 -3.684648 59.118069 0.042824 -0.212779 0.976161 0.083916 0.439031 1 49 1.000000
  49 -2.217515 -3.729025 59.093376 -0.097612 -0.865584 0.491158 0.083864 0.439080 1 49 1.000000
tex
  49 -1.726586 -3.815922 59.068512 -0.109733 -0.832168 0.543558 0.087726 0.439011 1 49 1.000000
  49 -1.718874 -3.768629 59.094280 -0.011685 -0.277283 0.960717 0.087723 0.438970 1 49 1.000000
  49 -2.217515 -3.729025 59.093376 -0.097612 -0.865584 0.491158 0.083864 0.439080 1 49 1.000000
tex
  49 -1.307166 -3.819711 59.090004 -0.049694 -0.239333 0.969665 0.090490 0.438924 1 49 1.000000
  49 -1.718874 -3.768629 59.094280 -0.011685 -0.277283 0.960717 0.087723 0.438970 1 49 1.000000
  49 -1.726586 -3.815922 59.068512 -0.109733 -0.832168 0.543558 0.087726 0.439011 1 49 1.000000
tex
  49 -2.977359 -3.501107 59.362068 -0.712644 0.437947 -0.548033 0.079170 0.439128 1 49 1.000000
  49 -2.937973 -3.462692 59.370659 -0.035659 0.978000 -0.205534 0.079218 0.439201 1 49 1.000000
  49 -2.706339 -3.549819 59.133133 -0.435251 0.351861 -0.828704 0.080541 0.439103 1 49 1.000000
tex
  49 -2.937973 -3.462692 59.370659 -0.035659 0.978000 -0.205534 0.079218 0.439201 1 49 1.000000
  49 -2.676576 -3.508738 59.152470 0.089955 0.946282 -0.310576 0.080601 0.439181 1 49 1.000000
  49 -2.706339 -3.549819 59.133133 -0.435251 0.351861 -0.828704 0.080541 0.439103 1 49 1.000000
tex
  49 -2.676576 -3.508738 59.152470 0.089955 0.946282 -0.310576 0.080601 0.439181 1 49 1.000000
  49 -2.937973 -3.462692 59.370659 -0.035659 0.978000 -0.205534 0.079218 0.439201 1 49 1.000000
  49 -2.836351 -3.512022 59.365074 0.725128 0.455497 0.516442 0.079486 0.439125 1 49 1.000000
tex
  49 -2.606503 -3.549377 59.198154 0.448886 0.508275 0.734954 0.080891 0.439095 1 49 1.000000
  49 -2.676576 -3.508738 59.152470 0.089955 0.946282 -0.310576 0.080601 0.439181 1 49 1.000000
  49 -2.836351 -3.512022 59.365074 0.725128 0.455497 0.516442 0.079486 0.439125 1 49 1.000000
tex
  49 -2.606503 -3.549377 59.198154 0.448886 0.508275 0.734954 0.080891 0.439095 1 49 1.000000
  49 -2.836351 -3.512022 59.365074 0.725128 0.455497 0.516442 0.079486 0.439125 1 49 1.000000
  49 -2.837626 -3.568988 59.354340 0.610504 -0.398516 0.684449 0.079537 0.439111 1 49 1.000000
tex
  49 -2.609943 -3.605710 59.195946 0.258362 -0.297999 0.918937 0.080934 0.439084 1 49 1.000000
  49 -2.606503 -3.549377 59.198154 0.448886 0.508275 0.734954 0.080891 0.439095 1 49 1.000000
  49 -2.837626 -3.568988 59.354340 0.610504 -0.398516 0.684449 0.079537 0.439111 1 49 1.000000
tex
  49 -2.609943 -3.605710 59.195946 0.258362 -0.297999 0.918937 0.080934 0.439084 1 49 1.000000
  49 -2.837626 -3.568988 59.354340 0.610504 -0.398516 0.684449 0.079537 0.439111 1 49 1.000000
  49 -2.639706 -3.646759 59.176605 -0.006273 -0.953983 0.299795 0.080860 0.439099 1 49 1.000000
tex
  49 -2.217515 -3.729025 59.093376 -0.097612 -0.865584 0.491158 0.083864 0.439080 1 49 1.000000
  49 -2.609943 -3.605710 59.195946 0.258362 -0.297999 0.918937 0.080934 0.439084 1 49 1.000000
  49 -2.639706 -3.646759 59.176605 -0.006273 -0.953983 0.299795 0.080860 0.439099 1 49 1.000000
tex
  49 -2.252886 -3.700200 59.023121 -0.212999 -0.572818 -0.791525 0.083643 0.438979 1 49 1.000000
  49 -2.217515 -3.729025 59.093376 -0.097612 -0.865584 0.491158 0.083864 0.439080 1 49 1.000000
  49 -2.639706 -3.646759 59.176605 -0.006273 -0.953983 0.299795 0.080860 0.439099 1 49 1.000000
tex
  49 -2.252886 -3.700200 59.023121 -0.212999 -0.572818 -0.791525 0.083643 0.438979 1 49 1.000000
  49 -1.724865 -3.797439 58.993237 -0.138168 -0.784593 -0.604419 0.087732 0.438904 1 49 1.000000
  49 -2.217515 -3.729025 59.093376 -0.097612 -0.865584 0.491158 0.083864 0.439080 1 49 1.000000
tex
  49 -1.724865 -3.797439 58.993237 -0.138168 -0.784593 -0.604419 0.087732 0.438904 1 49 1.000000
  49 -2.252886 -3.700200 59.023121 -0.212999 -0.572818 -0.791525 0.083643 0.438979 1 49 1.000000
  49 -1.716516 -3.743199 58.990791 -0.003673 0.223295 -0.974744 0.087733 0.438978 1 49 1.000000
tex
  49 -1.263955 -3.854936 58.991024 -0.033126 -0.638793 -0.768665 0.090729 0.438857 1 49 1.000000
  49 -1.724865 -3.797439 58.993237 -0.138168 -0.784593 -0.604419 0.087732 0.438904 1 49 1.000000
  49 -1.716516 -3.743199 58.990791 -0.003673 0.223295 -0.974744 0.087733 0.438978 1 49 1.000000
tex
  49 -1.251687 -3.800897 58.988258 0.096681 0.198760 -0.975268 0.090765 0.438926 1 49 1.000000
  49 -1.263955 -3.854936 58.991024 -0.033126 -0.638793 -0.768665 0.090729 0.438857 1 49 1.000000
  49 -1.716516 -3.743199 58.990791 -0.003673 0.223295 -0.974744 0.087733 0.438978 1 49 1.000000
tex
  49 -1.263955 -3.854936 58.991024 -0.033126 -0.638793 -0.768665 0.090729 0.438857 1 49 1.000000
  49 -1.251687 -3.800897 58.988258 0.096681 0.198760 -0.975268 0.090765 0.438926 1 49 1.000000
  49 -0.928088 -3.885457 59.031075 0.120152 -0.665985 -0.736225 0.092208 0.438843 1 49 1.000000
tex
  49 -0.928088 -3.885457 59.031075 0.120152 -0.665985 -0.736225 0.092208 0.438843 1 49 1.000000
  49 -1.251687 -3.800897 58.988258 0.096681 0.198760 -0.975268 0.090765 0.438926 1 49 1.000000
  49 -0.911581 -3.831545 59.030128 0.378784 0.166169 -0.910445 0.092240 0.438899 1 49 1.000000
tex
  49 -0.736445 -3.911445 59.134598 0.350606 -0.715189 -0.604632 0.092709 0.438847 1 49 1.000000
  49 -0.928088 -3.885457 59.031075 0.120152 -0.665985 -0.736225 0.092208 0.438843 1 49 1.000000
  49 -0.911581 -3.831545 59.030128 0.378784 0.166169 -0.910445 0.092240 0.438899 1 49 1.000000
tex
  49 -0.736445 -3.911445 59.134598 0.350606 -0.715189 -0.604632 0.092709 0.438847 1 49 1.000000
  49 -0.911581 -3.831545 59.030128 0.378784 0.166169 -0.910445 0.092240 0.438899 1 49 1.000000
  49 -0.716306 -3.858364 59.139107 0.733002 0.109191 -0.671405 0.092731 0.438889 1 49 1.000000
tex
  49 -0.633008 -3.938582 59.284641 0.483959 -0.755572 -0.441468 0.093041 0.438845 1 49 1.000000
  49 -0.736445 -3.911445 59.134598 0.350606 -0.715189 -0.604632 0.092709 0.438847 1 49 1.000000
  49 -0.716306 -3.858364 59.139107 0.733002 0.109191 -0.671405 0.092731 0.438889 1 49 1.000000
tex
  49 -1.724865 -3.797439 58.993237 -0.138168 -0.784593 -0.604419 0.087732 0.438904 1 49 1.000000
  49 -1.726586 -3.815922 59.068512 -0.109733 -0.832168 0.543558 0.087726 0.439011 1 49 1.000000
  49 -2.217515 -3.729025 59.093376 -0.097612 -0.865584 0.491158 0.083864 0.439080 1 49 1.000000
tex
  49 -1.724865 -3.797439 58.993237 -0.138168 -0.784593 -0.604419 0.087732 0.438904 1 49 1.000000
  49 -1.304298 -3.868633 59.065033 -0.127648 -0.890647 0.436409 0.090532 0.438941 1 49 1.000000
  49 -1.726586 -3.815922 59.068512 -0.109733 -0.832168 0.543558 0.087726 0.439011 1 49 1.000000
tex
  49 -1.263955 -3.854936 58.991024 -0.033126 -0.638793 -0.768665 0.090729 0.438857 1 49 1.000000
  49 -1.304298 -3.868633 59.065033 -0.127648 -0.890647 0.436409 0.090532 0.438941 1 49 1.000000
  49 -1.724865 -3.797439 58.993237 -0.138168 -0.784593 -0.604419 0.087732 0.438904 1 49 1.000000
tex
  49 -1.304298 -3.868633 59.065033 -0.127648 -0.890647 0.436409 0.090532 0.438941 1 49 1.000000
  49 -1.263955 -3.854936 58.991024 -0.033126 -0.638793 -0.768665 0.090729 0.438857 1 49 1.000000
  49 -1.003546 -3.896010 59.090919 -0.226675 -0.887875 0.400371 0.092003 0.438893 1 49 1.000000
tex
  49 -1.263955 -3.854936 58.991024 -0.033126 -0.638793 -0.768665 0.090729 0.438857 1 49 1.000000
  49 -0.928088 -3.885457 59.031075 0.120152 -0.665985 -0.736225 0.092208 0.438843 1 49 1.000000
  49 -1.003546 -3.896010 59.090919 -0.226675 -0.887875 0.400371 0.092003 0.438893 1 49 1.000000
tex
  49 -0.928088 -3.885457 59.031075 0.120152 -0.665985 -0.736225 0.092208 0.438843 1 49 1.000000
  49 -0.838002 -3.916335 59.162140 -0.417718 -0.871553 0.256724 0.092575 0.438893 1 49 1.000000
  49 -1.003546 -3.896010 59.090919 -0.226675 -0.887875 0.400371 0.092003 0.438893 1 49 1.000000
tex
  49 -0.928088 -3.885457 59.031075 0.120152 -0.665985 -0.736225 0.092208 0.438843 1 49 1.000000
  49 -0.736445 -3.911445 59.134598 0.350606 -0.715189 -0.604632 0.092709 0.438847 1 49 1.000000
  49 -0.838002 -3.916335 59.162140 -0.417718 -0.871553 0.256724 0.092575 0.438893 1 49 1.000000
tex
  49 -0.736445 -3.911445 59.134598 0.350606 -0.715189 -0.604632 0.092709 0.438847 1 49 1.000000
  49 -0.748873 -3.938541 59.282028 -0.508594 -0.851832 0.125357 0.092913 0.438905 1 49 1.000000
  49 -0.838002 -3.916335 59.162140 -0.417718 -0.871553 0.256724 0.092575 0.438893 1 49 1.000000
tex
  49 -0.736445 -3.911445 59.134598 0.350606 -0.715189 -0.604632 0.092709 0.438847 1 49 1.000000
  49 -0.633008 -3.938582 59.284641 0.483959 -0.755572 -0.441468 0.093041 0.438845 1 49 1.000000
  49 -0.748873 -3.938541 59.282028 -0.508594 -0.851832 0.125357 0.092913 0.438905 1 49 1.000000
tex
  49 -0.633008 -3.938582 59.284641 0.483959 -0.755572 -0.441468 0.093041 0.438845 1 49 1.000000
  49 -0.675263 -3.966639 59.442841 -0.545333 -0.836465 0.054196 0.093290 0.438897 1 49 1.000000
  49 -0.748873 -3.938541 59.282028 -0.508594 -0.851832 0.125357 0.092913 0.438905 1 49 1.000000
tex
  49 -0.546747 -3.972499 59.456078 0.491495 -0.725380 -0.481930 0.093420 0.438818 1 49 1.000000
  49 -0.675263 -3.966639 59.442841 -0.545333 -0.836465 0.054196 0.093290 0.438897 1 49 1.000000
  49 -0.633008 -3.938582 59.284641 0.483959 -0.755572 -0.441468 0.093041 0.438845 1 49 1.000000
tex
  49 -0.546747 -3.972499 59.456078 0.491495 -0.725380 -0.481930 0.093420 0.438818 1 49 1.000000
  49 -0.620804 -3.995152 59.606209 -0.609114 -0.790803 -0.060081 0.093562 0.438886 1 49 1.000000
  49 -0.675263 -3.966639 59.442841 -0.545333 -0.836465 0.054196 0.093290 0.438897 1 49 1.000000
tex
  49 -0.546747 -3.972499 59.456078 0.491495 -0.725380 -0.481930 0.093420 0.438818 1 49 1.000000
  49 -0.433718 -4.028954 59.624664 0.049260 -0.821635 -0.567881 0.093810 0.438810 1 49 1.000000
  49 -0.620804 -3.995152 59.606209 -0.609114 -0.790803 -0.060081 0.093562 0.438886 1 49 1.000000
tex
  49 -0.433718 -4.028954 59.624664 0.049260 -0.821635 -0.567881 0.093810 0.438810 1 49 1.000000
  49 -0.611817 -4.018532 59.739891 -0.482340 -0.828659 -0.284028 0.093631 0.438871 1 49 1.000000
  49 -0.620804 -3.995152 59.606209 -0.609114 -0.790803 -0.060081 0.093562 0.438886 1 49 1.000000
tex
  49 -0.430245 -4.069778 59.751953 -0.254268 -0.941245 -0.222274 0.093931 0.438901 1 49 1.000000
  49 -0.611817 -4.018532 59.739891 -0.482340 -0.828659 -0.284028 0.093631 0.438871 1 49 1.000000
  49 -0.433718 -4.028954 59.624664 0.049260 -0.821635 -0.567881 0.093810 0.438810 1 49 1.000000
tex
  49 -0.430245 -4.069778 59.751953 -0.254268 -0.941245 -0.222274 0.093931 0.438901 1 49 1.000000
  49 -0.515742 -4.074960 59.887775 -0.006273 -0.953983 0.299795 0.093736 0.439001 1 49 1.000000
  49 -0.611817 -4.018532 59.739891 -0.482340 -0.828659 -0.284028 0.093631 0.438871 1 49 1.000000
tex
  49 -0.515742 -4.074960 59.887775 -0.006273 -0.953983 0.299795 0.093736 0.439001 1 49 1.000000
  49 -0.430245 -4.069778 59.751953 -0.254268 -0.941245 -0.222274 0.093931 0.438901 1 49 1.000000
  49 -0.239049 -4.130837 59.853626 -0.176239 -0.885810 0.429279 0.094584 0.438926 1 49 1.000000
tex
  49 -0.430245 -4.069778 59.751953 -0.254268 -0.941245 -0.222274 0.093931 0.438901 1 49 1.000000
  49 -0.232548 -4.135518 59.772625 -0.198129 -0.963051 -0.182423 0.094600 0.438882 1 49 1.000000
  49 -0.239049 -4.130837 59.853626 -0.176239 -0.885810 0.429279 0.094584 0.438926 1 49 1.000000
tex
  49 -1.304298 -3.868633 59.065033 -0.127648 -0.890647 0.436409 0.090532 0.438941 1 49 1.000000
  49 -1.307166 -3.819711 59.090004 -0.049694 -0.239333 0.969665 0.090490 0.438924 1 49 1.000000
  49 -1.726586 -3.815922 59.068512 -0.109733 -0.832168 0.543558 0.087726 0.439011 1 49 1.000000
tex
  49 -1.307166 -3.819711 59.090004 -0.049694 -0.239333 0.969665 0.090490 0.438924 1 49 1.000000
  49 -1.304298 -3.868633 59.065033 -0.127648 -0.890647 0.436409 0.090532 0.438941 1 49 1.000000
  49 -1.015337 -3.846048 59.112381 -0.194210 -0.187838 0.962808 0.091957 0.438899 1 49 1.000000
tex
  49 -1.015337 -3.846048 59.112381 -0.194210 -0.187838 0.962808 0.091957 0.438899 1 49 1.000000
  49 -1.304298 -3.868633 59.065033 -0.127648 -0.890647 0.436409 0.090532 0.438941 1 49 1.000000
  49 -1.003546 -3.896010 59.090919 -0.226675 -0.887875 0.400371 0.092003 0.438893 1 49 1.000000
tex
  49 -0.856070 -3.865111 59.177002 -0.547229 -0.144937 0.824338 0.092535 0.438891 1 49 1.000000
  49 -1.015337 -3.846048 59.112381 -0.194210 -0.187838 0.962808 0.091957 0.438899 1 49 1.000000
  49 -1.003546 -3.896010 59.090919 -0.226675 -0.887875 0.400371 0.092003 0.438893 1 49 1.000000
tex
  49 -0.838002 -3.916335 59.162140 -0.417718 -0.871553 0.256724 0.092575 0.438893 1 49 1.000000
  49 -0.856070 -3.865111 59.177002 -0.547229 -0.144937 0.824338 0.092535 0.438891 1 49 1.000000
  49 -1.003546 -3.896010 59.090919 -0.226675 -0.887875 0.400371 0.092003 0.438893 1 49 1.000000
tex
  49 -0.770128 -3.886294 59.290890 -0.837695 -0.080118 0.540229 0.092881 0.438886 1 49 1.000000
  49 -0.856070 -3.865111 59.177002 -0.547229 -0.144937 0.824338 0.092535 0.438891 1 49 1.000000
  49 -0.838002 -3.916335 59.162140 -0.417718 -0.871553 0.256724 0.092575 0.438893 1 49 1.000000
tex
  49 -0.748873 -3.938541 59.282028 -0.508594 -0.851832 0.125357 0.092913 0.438905 1 49 1.000000
  49 -0.770128 -3.886294 59.290890 -0.837695 -0.080118 0.540229 0.092881 0.438886 1 49 1.000000
  49 -0.838002 -3.916335 59.162140 -0.417718 -0.871553 0.256724 0.092575 0.438893 1 49 1.000000
tex
  49 -0.696740 -3.914310 59.449963 -0.912934 -0.066192 0.402702 0.093265 0.438880 1 49 1.000000
  49 -0.770128 -3.886294 59.290890 -0.837695 -0.080118 0.540229 0.092881 0.438886 1 49 1.000000
  49 -0.748873 -3.938541 59.282028 -0.508594 -0.851832 0.125357 0.092913 0.438905 1 49 1.000000
tex
  49 -0.675263 -3.966639 59.442841 -0.545333 -0.836465 0.054196 0.093290 0.438897 1 49 1.000000
  49 -0.696740 -3.914310 59.449963 -0.912934 -0.066192 0.402702 0.093265 0.438880 1 49 1.000000
  49 -0.748873 -3.938541 59.282028 -0.508594 -0.851832 0.125357 0.092913 0.438905 1 49 1.000000
tex
  49 -0.641198 -3.943213 59.614063 -0.971236 -0.021246 0.237168 0.093539 0.438875 1 49 1.000000
  49 -0.696740 -3.914310 59.449963 -0.912934 -0.066192 0.402702 0.093265 0.438880 1 49 1.000000
  49 -0.675263 -3.966639 59.442841 -0.545333 -0.836465 0.054196 0.093290 0.438897 1 49 1.000000
tex
  49 -0.620804 -3.995152 59.606209 -0.609114 -0.790803 -0.060081 0.093562 0.438886 1 49 1.000000
  49 -0.641198 -3.943213 59.614063 -0.971236 -0.021246 0.237168 0.093539 0.438875 1 49 1.000000
  49 -0.675263 -3.966639 59.442841 -0.545333 -0.836465 0.054196 0.093290 0.438897 1 49 1.000000
tex
  49 -0.631224 -3.966739 59.748222 -0.964190 0.074489 -0.254537 0.093594 0.438875 1 49 1.000000
  49 -0.641198 -3.943213 59.614063 -0.971236 -0.021246 0.237168 0.093539 0.438875 1 49 1.000000
  49 -0.620804 -3.995152 59.606209 -0.609114 -0.790803 -0.060081 0.093562 0.438886 1 49 1.000000
tex
  49 -0.611817 -4.018532 59.739891 -0.482340 -0.828659 -0.284028 0.093631 0.438871 1 49 1.000000
  49 -0.631224 -3.966739 59.748222 -0.964190 0.074489 -0.254537 0.093594 0.438875 1 49 1.000000
  49 -0.620804 -3.995152 59.606209 -0.609114 -0.790803 -0.060081 0.093562 0.438886 1 49 1.000000
tex
  49 -0.700341 -4.040501 59.867970 -0.491531 -0.675653 -0.549446 0.093375 0.438905 1 49 1.000000
  49 -0.631224 -3.966739 59.748222 -0.964190 0.074489 -0.254537 0.093594 0.438875 1 49 1.000000
  49 -0.611817 -4.018532 59.739891 -0.482340 -0.828659 -0.284028 0.093631 0.438871 1 49 1.000000
tex
  49 -0.515742 -4.074960 59.887775 -0.006273 -0.953983 0.299795 0.093736 0.439001 1 49 1.000000
  49 -0.700341 -4.040501 59.867970 -0.491531 -0.675653 -0.549446 0.093375 0.438905 1 49 1.000000
  49 -0.611817 -4.018532 59.739891 -0.482340 -0.828659 -0.284028 0.093631 0.438871 1 49 1.000000
tex
  49 -0.515742 -4.074960 59.887775 -0.006273 -0.953983 0.299795 0.093736 0.439001 1 49 1.000000
  49 -0.815632 -4.075593 60.052307 0.216092 -0.903885 0.369182 0.092718 0.438972 1 49 1.000000
  49 -0.700341 -4.040501 59.867970 -0.491531 -0.675653 -0.549446 0.093375 0.438905 1 49 1.000000
tex
  49 -0.794888 -4.024714 60.068748 0.439956 -0.187834 0.878156 0.092766 0.438897 1 49 1.000000
  49 -0.815632 -4.075593 60.052307 0.216092 -0.903885 0.369182 0.092718 0.438972 1 49 1.000000
  49 -0.515742 -4.074960 59.887775 -0.006273 -0.953983 0.299795 0.093736 0.439001 1 49 1.000000
tex
  49 -0.815632 -4.075593 60.052307 0.216092 -0.903885 0.369182 0.092718 0.438972 1 49 1.000000
  49 -0.794888 -4.024714 60.068748 0.439956 -0.187834 0.878156 0.092766 0.438897 1 49 1.000000
  49 -1.104083 -4.039492 60.216419 0.356082 -0.177440 0.917453 0.091281 0.438927 1 49 1.000000
tex
  49 -0.232548 -4.135518 59.772625 -0.198129 -0.963051 -0.182423 0.094600 0.438882 1 49 1.000000
  49 -0.430245 -4.069778 59.751953 -0.254268 -0.941245 -0.222274 0.093931 0.438901 1 49 1.000000
  49 -0.225920 -4.103491 59.697990 -0.059183 -0.673743 -0.736592 0.094561 0.438817 1 49 1.000000
tex
  49 -0.232548 -4.135518 59.772625 -0.198129 -0.963051 -0.182423 0.094600 0.438882 1 49 1.000000
  49 -0.225920 -4.103491 59.697990 -0.059183 -0.673743 -0.736592 0.094561 0.438817 1 49 1.000000
  49 0.000010 -4.144293 59.719269 -0.000010 -0.767595 -0.640935 0.095694 0.438812 1 49 1.000000
tex
  49 -0.225920 -4.103491 59.697990 -0.059183 -0.673743 -0.736592 0.094561 0.438817 1 49 1.000000
  49 0.000010 -4.091256 59.702187 0.000022 0.006266 -0.999980 0.095694 0.438841 1 49 1.000000
  49 0.000010 -4.144293 59.719269 -0.000010 -0.767595 -0.640935 0.095694 0.438812 1 49 1.000000
tex
  49 0.000010 -4.174645 59.784969 -0.000010 -0.984653 -0.174526 0.095694 0.438856 1 49 1.000000
  49 -0.232548 -4.135518 59.772625 -0.198129 -0.963051 -0.182423 0.094600 0.438882 1 49 1.000000
  49 0.000010 -4.144293 59.719269 -0.000010 -0.767595 -0.640935 0.095694 0.438812 1 49 1.000000
tex
  49 -0.430245 -4.069778 59.751953 -0.254268 -0.941245 -0.222274 0.093931 0.438901 1 49 1.000000
  49 -0.433718 -4.028954 59.624664 0.049260 -0.821635 -0.567881 0.093810 0.438810 1 49 1.000000
  49 -0.225920 -4.103491 59.697990 -0.059183 -0.673743 -0.736592 0.094561 0.438817 1 49 1.000000
tex
  49 -0.433718 -4.028954 59.624664 0.049260 -0.821635 -0.567881 0.093810 0.438810 1 49 1.000000
  49 -0.221300 -4.049873 59.682198 0.259204 0.165507 -0.951536 0.094531 0.438861 1 49 1.000000
  49 -0.225920 -4.103491 59.697990 -0.059183 -0.673743 -0.736592 0.094561 0.438817 1 49 1.000000
tex
  49 -0.225920 -4.103491 59.697990 -0.059183 -0.673743 -0.736592 0.094561 0.438817 1 49 1.000000
  49 -0.221300 -4.049873 59.682198 0.259204 0.165507 -0.951536 0.094531 0.438861 1 49 1.000000
  49 0.000010 -4.091256 59.702187 0.000022 0.006266 -0.999980 0.095694 0.438841 1 49 1.000000
tex
  49 -0.221300 -4.049873 59.682198 0.259204 0.165507 -0.951536 0.094531 0.438861 1 49 1.000000
  49 0.000010 -4.047312 59.736851 0.000023 0.881326 -0.472509 0.095695 0.438867 1 49 1.000000
  49 0.000010 -4.091256 59.702187 0.000022 0.006266 -0.999980 0.095694 0.438841 1 49 1.000000
tex
  49 0.222849 -4.000344 59.797134 -0.231193 0.963757 0.133126 0.096838 0.438795 1 49 1.000000
  49 0.000010 -4.041301 59.809196 0.000054 0.966236 0.257660 0.095694 0.438826 1 49 1.000000
  49 0.232058 -4.032324 59.871513 -0.193201 0.693304 0.694264 0.096844 0.438751 1 49 1.000000
tex
  49 0.000010 -4.041301 59.809196 0.000054 0.966236 0.257660 0.095694 0.438826 1 49 1.000000
  49 0.222849 -4.000344 59.797134 -0.231193 0.963757 0.133126 0.096838 0.438795 1 49 1.000000
  49 0.000010 -4.047312 59.736851 0.000023 0.881326 -0.472509 0.095695 0.438867 1 49 1.000000
tex
  49 -0.222829 -4.000344 59.797134 0.231130 0.963770 0.133138 0.094550 0.438836 1 49 1.000000
  49 0.000010 -4.041301 59.809196 0.000054 0.966236 0.257660 0.095694 0.438826 1 49 1.000000
  49 0.000010 -4.047312 59.736851 0.000023 0.881326 -0.472509 0.095695 0.438867 1 49 1.000000
tex
  49 -0.219037 -4.004965 59.715813 0.373006 0.835344 -0.403815 0.094519 0.438899 1 49 1.000000
  49 -0.222829 -4.000344 59.797134 0.231130 0.963770 0.133138 0.094550 0.438836 1 49 1.000000
  49 0.000010 -4.047312 59.736851 0.000023 0.881326 -0.472509 0.095695 0.438867 1 49 1.000000
tex
  49 -0.221300 -4.049873 59.682198 0.259204 0.165507 -0.951536 0.094531 0.438861 1 49 1.000000
  49 -0.219037 -4.004965 59.715813 0.373006 0.835344 -0.403815 0.094519 0.438899 1 49 1.000000
  49 0.000010 -4.047312 59.736851 0.000023 0.881326 -0.472509 0.095695 0.438867 1 49 1.000000
tex
  49 -0.406059 -3.973955 59.610039 0.635554 0.117884 -0.763003 0.093823 0.438867 1 49 1.000000
  49 -0.219037 -4.004965 59.715813 0.373006 0.835344 -0.403815 0.094519 0.438899 1 49 1.000000
  49 -0.221300 -4.049873 59.682198 0.259204 0.165507 -0.951536 0.094531 0.438861 1 49 1.000000
tex
  49 -0.433718 -4.028954 59.624664 0.049260 -0.821635 -0.567881 0.093810 0.438810 1 49 1.000000
  49 -0.406059 -3.973955 59.610039 0.635554 0.117884 -0.763003 0.093823 0.438867 1 49 1.000000
  49 -0.221300 -4.049873 59.682198 0.259204 0.165507 -0.951536 0.094531 0.438861 1 49 1.000000
tex
  49 -0.433718 -4.028954 59.624664 0.049260 -0.821635 -0.567881 0.093810 0.438810 1 49 1.000000
  49 -0.546747 -3.972499 59.456078 0.491495 -0.725380 -0.481930 0.093420 0.438818 1 49 1.000000
  49 -0.406059 -3.973955 59.610039 0.635554 0.117884 -0.763003 0.093823 0.438867 1 49 1.000000
tex
  49 -0.633008 -3.938582 59.284641 0.483959 -0.755572 -0.441468 0.093041 0.438845 1 49 1.000000
  49 -0.716306 -3.858364 59.139107 0.733002 0.109191 -0.671405 0.092731 0.438889 1 49 1.000000
  49 -0.609969 -3.886535 59.294464 0.874061 0.062009 -0.481842 0.093063 0.438883 1 49 1.000000
tex
  49 -0.546747 -3.972499 59.456078 0.491495 -0.725380 -0.481930 0.093420 0.438818 1 49 1.000000
  49 -0.633008 -3.938582 59.284641 0.483959 -0.755572 -0.441468 0.093041 0.438845 1 49 1.000000
  49 -0.609969 -3.886535 59.294464 0.874061 0.062009 -0.481842 0.093063 0.438883 1 49 1.000000
tex
  49 -0.522752 -3.920246 59.466743 0.848025 0.166042 -0.503272 0.093441 0.438876 1 49 1.000000
  49 -0.546747 -3.972499 59.456078 0.491495 -0.725380 -0.481930 0.093420 0.438818 1 49 1.000000
  49 -0.609969 -3.886535 59.294464 0.874061 0.062009 -0.481842 0.093063 0.438883 1 49 1.000000
tex
  49 -0.546747 -3.972499 59.456078 0.491495 -0.725380 -0.481930 0.093420 0.438818 1 49 1.000000
  49 -0.522752 -3.920246 59.466743 0.848025 0.166042 -0.503272 0.093441 0.438876 1 49 1.000000
  49 -0.406059 -3.973955 59.610039 0.635554 0.117884 -0.763003 0.093823 0.438867 1 49 1.000000
tex
  49 -0.522752 -3.920246 59.466743 0.848025 0.166042 -0.503272 0.093441 0.438876 1 49 1.000000
  49 -0.423744 -3.924025 59.643425 0.451043 0.876386 -0.168841 0.093791 0.438935 1 49 1.000000
  49 -0.406059 -3.973955 59.610039 0.635554 0.117884 -0.763003 0.093823 0.438867 1 49 1.000000
tex
  49 -0.423744 -3.924025 59.643425 0.451043 0.876386 -0.168841 0.093791 0.438935 1 49 1.000000
  49 -0.219037 -4.004965 59.715813 0.373006 0.835344 -0.403815 0.094519 0.438899 1 49 1.000000
  49 -0.406059 -3.973955 59.610039 0.635554 0.117884 -0.763003 0.093823 0.438867 1 49 1.000000
tex
  49 -0.423744 -3.924025 59.643425 0.451043 0.876386 -0.168841 0.093791 0.438935 1 49 1.000000
  49 -0.415842 -3.932444 59.776684 0.230678 0.950893 0.206371 0.093903 0.438844 1 49 1.000000
  49 -0.219037 -4.004965 59.715813 0.373006 0.835344 -0.403815 0.094519 0.438899 1 49 1.000000
tex
  49 -0.415842 -3.932444 59.776684 0.230678 0.950893 0.206371 0.093903 0.438844 1 49 1.000000
  49 -0.222829 -4.000344 59.797134 0.231130 0.963770 0.133138 0.094550 0.438836 1 49 1.000000
  49 -0.219037 -4.004965 59.715813 0.373006 0.835344 -0.403815 0.094519 0.438899 1 49 1.000000
tex
  49 -0.222829 -4.000344 59.797134 0.231130 0.963770 0.133138 0.094550 0.438836 1 49 1.000000
  49 -0.415842 -3.932444 59.776684 0.230678 0.950893 0.206371 0.093903 0.438844 1 49 1.000000
  49 -0.232039 -4.032325 59.871513 0.193304 0.693279 0.694261 0.094542 0.438794 1 49 1.000000
tex
  49 -0.222829 -4.000344 59.797134 0.231130 0.963770 0.133138 0.094550 0.438836 1 49 1.000000
  49 -0.232039 -4.032325 59.871513 0.193304 0.693279 0.694261 0.094542 0.438794 1 49 1.000000
  49 0.000010 -4.041301 59.809196 0.000054 0.966236 0.257660 0.095694 0.438826 1 49 1.000000
tex
  49 0.000010 -4.041301 59.809196 0.000054 0.966236 0.257660 0.095694 0.438826 1 49 1.000000
  49 -0.232039 -4.032325 59.871513 0.193304 0.693279 0.694261 0.094542 0.438794 1 49 1.000000
  49 0.000010 -4.071660 59.874931 0.000000 0.539173 0.842195 0.095693 0.438794 1 49 1.000000
tex
  49 0.000010 -4.041301 59.809196 0.000054 0.966236 0.257660 0.095694 0.438826 1 49 1.000000
  49 0.000010 -4.071660 59.874931 0.000000 0.539173 0.842195 0.095693 0.438794 1 49 1.000000
  49 0.232058 -4.032324 59.871513 -0.193201 0.693304 0.694264 0.096844 0.438751 1 49 1.000000
tex
  49 0.232058 -4.032324 59.871513 -0.193201 0.693304 0.694264 0.096844 0.438751 1 49 1.000000
  49 0.000010 -4.071660 59.874931 0.000000 0.539173 0.842195 0.095693 0.438794 1 49 1.000000
  49 0.233874 -4.086011 59.887516 -0.020495 -0.186105 0.982316 0.096807 0.438812 1 49 1.000000
tex
  49 0.232058 -4.032324 59.871513 -0.193201 0.693304 0.694264 0.096844 0.438751 1 49 1.000000
  49 0.233874 -4.086011 59.887516 -0.020495 -0.186105 0.982316 0.096807 0.438812 1 49 1.000000
  49 0.495685 -4.029766 59.927845 -0.252093 -0.086883 0.963795 0.097638 0.438800 1 49 1.000000
tex
  49 0.233874 -4.086011 59.887516 -0.020495 -0.186105 0.982316 0.096807 0.438812 1 49 1.000000
  49 0.515761 -4.074960 59.887772 -0.006273 -0.953983 0.299795 0.097657 0.438927 1 49 1.000000
  49 0.495685 -4.029766 59.927845 -0.252093 -0.086883 0.963795 0.097638 0.438800 1 49 1.000000
tex
  49 0.515761 -4.074960 59.887772 -0.006273 -0.953983 0.299795 0.097657 0.438927 1 49 1.000000
  49 0.794907 -4.024714 60.068745 -0.440052 -0.187887 0.878096 0.098623 0.438784 1 49 1.000000
  49 0.495685 -4.029766 59.927845 -0.252093 -0.086883 0.963795 0.097638 0.438800 1 49 1.000000
tex
  49 0.815652 -4.075592 60.052303 -0.216087 -0.903854 0.369261 0.098673 0.438857 1 49 1.000000
  49 0.794907 -4.024714 60.068745 -0.440052 -0.187887 0.878096 0.098623 0.438784 1 49 1.000000
  49 0.515761 -4.074960 59.887772 -0.006273 -0.953983 0.299795 0.097657 0.438927 1 49 1.000000
tex
  49 0.794907 -4.024714 60.068745 -0.440052 -0.187887 0.878096 0.098623 0.438784 1 49 1.000000
  49 0.815652 -4.075592 60.052303 -0.216087 -0.903854 0.369261 0.098673 0.438857 1 49 1.000000
  49 1.104103 -4.039490 60.216415 -0.356037 -0.177470 0.917465 0.100107 0.438755 1 49 1.000000
tex
  49 -1.708805 -3.695911 59.016598 0.143897 0.977621 -0.153460 0.087731 0.439054 1 49 1.000000
  49 -1.254555 -3.751973 59.013218 0.104492 0.905903 -0.410390 0.090729 0.438992 1 49 1.000000
  49 -1.716516 -3.743199 58.990791 -0.003673 0.223295 -0.974744 0.087733 0.438978 1 49 1.000000
tex
  49 -1.254555 -3.751973 59.013218 0.104492 0.905903 -0.410390 0.090729 0.438992 1 49 1.000000
  49 -1.251687 -3.800897 58.988258 0.096681 0.198760 -0.975268 0.090765 0.438926 1 49 1.000000
  49 -1.716516 -3.743199 58.990791 -0.003673 0.223295 -0.974744 0.087733 0.438978 1 49 1.000000
tex
  49 -1.254555 -3.751973 59.013218 0.104492 0.905903 -0.410390 0.090729 0.438992 1 49 1.000000
  49 -0.923371 -3.781583 59.051590 0.183329 0.900087 -0.395265 0.092206 0.438958 1 49 1.000000
  49 -1.251687 -3.800897 58.988258 0.096681 0.198760 -0.975268 0.090765 0.438926 1 49 1.000000
tex
  49 -1.251687 -3.800897 58.988258 0.096681 0.198760 -0.975268 0.090765 0.438926 1 49 1.000000
  49 -0.923371 -3.781583 59.051590 0.183329 0.900087 -0.395265 0.092206 0.438958 1 49 1.000000
  49 -0.911581 -3.831545 59.030128 0.378784 0.166169 -0.910445 0.092240 0.438899 1 49 1.000000
tex
  49 -0.923371 -3.781583 59.051590 0.183329 0.900087 -0.395265 0.092206 0.438958 1 49 1.000000
  49 -0.734279 -3.807135 59.153931 0.368966 0.879680 -0.300047 0.092709 0.438935 1 49 1.000000
  49 -0.911581 -3.831545 59.030128 0.378784 0.166169 -0.910445 0.092240 0.438899 1 49 1.000000
tex
  49 -0.911581 -3.831545 59.030128 0.378784 0.166169 -0.910445 0.092240 0.438899 1 49 1.000000
  49 -0.734279 -3.807135 59.153931 0.368966 0.879680 -0.300047 0.092709 0.438935 1 49 1.000000
  49 -0.716306 -3.858364 59.139107 0.733002 0.109191 -0.671405 0.092731 0.438889 1 49 1.000000
tex
  49 -0.734279 -3.807135 59.153931 0.368966 0.879680 -0.300047 0.092709 0.438935 1 49 1.000000
  49 -0.630587 -3.834448 59.303322 0.501655 0.850816 -0.156380 0.093043 0.438924 1 49 1.000000
  49 -0.716306 -3.858364 59.139107 0.733002 0.109191 -0.671405 0.092731 0.438889 1 49 1.000000
tex
  49 -0.716306 -3.858364 59.139107 0.733002 0.109191 -0.671405 0.092731 0.438889 1 49 1.000000
  49 -0.630587 -3.834448 59.303322 0.501655 0.850816 -0.156380 0.093043 0.438924 1 49 1.000000
  49 -0.609969 -3.886535 59.294464 0.874061 0.062009 -0.481842 0.093063 0.438883 1 49 1.000000
tex
  49 -0.630587 -3.834448 59.303322 0.501655 0.850816 -0.156380 0.093043 0.438924 1 49 1.000000
  49 -0.541171 -3.868930 59.474468 0.553150 0.823700 -0.124670 0.093415 0.438939 1 49 1.000000
  49 -0.609969 -3.886535 59.294464 0.874061 0.062009 -0.481842 0.093063 0.438883 1 49 1.000000
tex
  49 -0.541171 -3.868930 59.474468 0.553150 0.823700 -0.124670 0.093415 0.438939 1 49 1.000000
  49 -0.522752 -3.920246 59.466743 0.848025 0.166042 -0.503272 0.093441 0.438876 1 49 1.000000
  49 -0.609969 -3.886535 59.294464 0.874061 0.062009 -0.481842 0.093063 0.438883 1 49 1.000000
tex
  49 -0.541171 -3.868930 59.474468 0.553150 0.823700 -0.124670 0.093415 0.438939 1 49 1.000000
  49 -0.423744 -3.924025 59.643425 0.451043 0.876386 -0.168841 0.093791 0.438935 1 49 1.000000
  49 -0.522752 -3.920246 59.466743 0.848025 0.166042 -0.503272 0.093441 0.438876 1 49 1.000000
tex
  49 -0.423744 -3.924025 59.643425 0.451043 0.876386 -0.168841 0.093791 0.438935 1 49 1.000000
  49 -0.541171 -3.868930 59.474468 0.553150 0.823700 -0.124670 0.093415 0.438939 1 49 1.000000
  49 -0.617649 -3.891232 59.624626 -0.494217 0.835097 0.241585 0.093552 0.438865 1 49 1.000000
tex
  49 -0.607930 -3.914729 59.758427 -0.256748 0.961733 0.095659 0.093620 0.438879 1 49 1.000000
  49 -0.423744 -3.924025 59.643425 0.451043 0.876386 -0.168841 0.093791 0.438935 1 49 1.000000
  49 -0.617649 -3.891232 59.624626 -0.494217 0.835097 0.241585 0.093552 0.438865 1 49 1.000000
tex
  49 -0.415842 -3.932444 59.776684 0.230678 0.950893 0.206371 0.093903 0.438844 1 49 1.000000
  49 -0.423744 -3.924025 59.643425 0.451043 0.876386 -0.168841 0.093791 0.438935 1 49 1.000000
  49 -0.607930 -3.914729 59.758427 -0.256748 0.961733 0.095659 0.093620 0.438879 1 49 1.000000
tex
  49 -1.294897 -3.765671 59.087238 0.037541 0.636628 0.770257 0.090523 0.438909 1 49 1.000000
  49 -1.708805 -3.695911 59.016598 0.143897 0.977621 -0.153460 0.087731 0.439054 1 49 1.000000
  49 -1.710525 -3.714389 59.091850 0.089842 0.418132 0.903932 0.087721 0.438937 1 49 1.000000
tex
  49 -1.254555 -3.751973 59.013218 0.104492 0.905903 -0.410390 0.090729 0.438992 1 49 1.000000
  49 -1.708805 -3.695911 59.016598 0.143897 0.977621 -0.153460 0.087731 0.439054 1 49 1.000000
  49 -1.294897 -3.765671 59.087238 0.037541 0.636628 0.770257 0.090523 0.438909 1 49 1.000000
tex
  49 -1.254555 -3.751973 59.013218 0.104492 0.905903 -0.410390 0.090729 0.438992 1 49 1.000000
  49 -1.294897 -3.765671 59.087238 0.037541 0.636628 0.770257 0.090523 0.438909 1 49 1.000000
  49 -0.998830 -3.792135 59.111435 -0.140427 0.661642 0.736552 0.091996 0.438909 1 49 1.000000
tex
  49 -0.923371 -3.781583 59.051590 0.183329 0.900087 -0.395265 0.092206 0.438958 1 49 1.000000
  49 -1.254555 -3.751973 59.013218 0.104492 0.905903 -0.410390 0.090729 0.438992 1 49 1.000000
  49 -0.998830 -3.792135 59.111435 -0.140427 0.661642 0.736552 0.091996 0.438909 1 49 1.000000
tex
  49 -0.835995 -3.812029 59.181507 -0.388155 0.721004 0.574010 0.092572 0.438889 1 49 1.000000
  49 -0.923371 -3.781583 59.051590 0.183329 0.900087 -0.395265 0.092206 0.438958 1 49 1.000000
  49 -0.998830 -3.792135 59.111435 -0.140427 0.661642 0.736552 0.091996 0.438909 1 49 1.000000
tex
  49 -0.734279 -3.807135 59.153931 0.368966 0.879680 -0.300047 0.092709 0.438935 1 49 1.000000
  49 -0.923371 -3.781583 59.051590 0.183329 0.900087 -0.395265 0.092206 0.438958 1 49 1.000000
  49 -0.835995 -3.812029 59.181507 -0.388155 0.721004 0.574010 0.092572 0.438889 1 49 1.000000
tex
  49 -0.747694 -3.834115 59.300701 -0.502394 0.759717 0.412833 0.092911 0.438867 1 49 1.000000
  49 -0.734279 -3.807135 59.153931 0.368966 0.879680 -0.300047 0.092709 0.438935 1 49 1.000000
  49 -0.835995 -3.812029 59.181507 -0.388155 0.721004 0.574010 0.092572 0.438889 1 49 1.000000
tex
  49 -0.630587 -3.834448 59.303322 0.501655 0.850816 -0.156380 0.093043 0.438924 1 49 1.000000
  49 -0.734279 -3.807135 59.153931 0.368966 0.879680 -0.300047 0.092709 0.438935 1 49 1.000000
  49 -0.747694 -3.834115 59.300701 -0.502394 0.759717 0.412833 0.092911 0.438867 1 49 1.000000
tex
  49 -0.673319 -3.862431 59.461285 -0.515120 0.787200 0.339069 0.093287 0.438861 1 49 1.000000
  49 -0.630587 -3.834448 59.303322 0.501655 0.850816 -0.156380 0.093043 0.438924 1 49 1.000000
  49 -0.747694 -3.834115 59.300701 -0.502394 0.759717 0.412833 0.092911 0.438867 1 49 1.000000
tex
  49 -0.541171 -3.868930 59.474468 0.553150 0.823700 -0.124670 0.093415 0.438939 1 49 1.000000
  49 -0.630587 -3.834448 59.303322 0.501655 0.850816 -0.156380 0.093043 0.438924 1 49 1.000000
  49 -0.673319 -3.862431 59.461285 -0.515120 0.787200 0.339069 0.093287 0.438861 1 49 1.000000
tex
  49 -0.617649 -3.891232 59.624626 -0.494217 0.835097 0.241585 0.093552 0.438865 1 49 1.000000
  49 -0.541171 -3.868930 59.474468 0.553150 0.823700 -0.124670 0.093415 0.438939 1 49 1.000000
  49 -0.673319 -3.862431 59.461285 -0.515120 0.787200 0.339069 0.093287 0.438861 1 49 1.000000
tex
  49 -2.252886 -3.700200 59.023121 -0.212999 -0.572818 -0.791525 0.083643 0.438979 1 49 1.000000
  49 -2.247244 -3.645004 59.021511 -0.118688 0.259882 -0.958319 0.083613 0.439050 1 49 1.000000
  49 -1.716516 -3.743199 58.990791 -0.003673 0.223295 -0.974744 0.087733 0.438978 1 49 1.000000
tex
  49 -2.247244 -3.645004 59.021511 -0.118688 0.259882 -0.958319 0.083613 0.439050 1 49 1.000000
  49 -2.228381 -3.600631 59.046215 0.146226 0.919453 -0.364999 0.083661 0.439128 1 49 1.000000
  49 -1.716516 -3.743199 58.990791 -0.003673 0.223295 -0.974744 0.087733 0.438978 1 49 1.000000
tex
  49 -2.228381 -3.600631 59.046215 0.146226 0.919453 -0.364999 0.083661 0.439128 1 49 1.000000
  49 -1.708805 -3.695911 59.016598 0.143897 0.977621 -0.153460 0.087731 0.439054 1 49 1.000000
  49 -1.716516 -3.743199 58.990791 -0.003673 0.223295 -0.974744 0.087733 0.438978 1 49 1.000000
tex
  49 -1.708805 -3.695911 59.016598 0.143897 0.977621 -0.153460 0.087731 0.439054 1 49 1.000000
  49 -2.228381 -3.600631 59.046215 0.146226 0.919453 -0.364999 0.083661 0.439128 1 49 1.000000
  49 -2.192978 -3.629482 59.116436 0.214237 0.585554 0.781812 0.083884 0.439007 1 49 1.000000
tex
  49 -1.710525 -3.714389 59.091850 0.089842 0.418132 0.903932 0.087721 0.438937 1 49 1.000000
  49 -1.708805 -3.695911 59.016598 0.143897 0.977621 -0.153460 0.087731 0.439054 1 49 1.000000
  49 -2.192978 -3.629482 59.116436 0.214237 0.585554 0.781812 0.083884 0.439007 1 49 1.000000
tex
  49 -1.710525 -3.714389 59.091850 0.089842 0.418132 0.903932 0.087721 0.438937 1 49 1.000000
  49 -2.192978 -3.629482 59.116436 0.214237 0.585554 0.781812 0.083884 0.439007 1 49 1.000000
  49 -2.198618 -3.684648 59.118069 0.042824 -0.212779 0.976161 0.083916 0.439031 1 49 1.000000
tex
  49 -1.718874 -3.768629 59.094280 -0.011685 -0.277283 0.960717 0.087723 0.438970 1 49 1.000000
  49 -1.710525 -3.714389 59.091850 0.089842 0.418132 0.903932 0.087721 0.438937 1 49 1.000000
  49 -2.198618 -3.684648 59.118069 0.042824 -0.212779 0.976161 0.083916 0.439031 1 49 1.000000
tex
  49 -1.307166 -3.819711 59.090004 -0.049694 -0.239333 0.969665 0.090490 0.438924 1 49 1.000000
  49 -1.710525 -3.714389 59.091850 0.089842 0.418132 0.903932 0.087721 0.438937 1 49 1.000000
  49 -1.718874 -3.768629 59.094280 -0.011685 -0.277283 0.960717 0.087723 0.438970 1 49 1.000000
tex
  49 -1.307166 -3.819711 59.090004 -0.049694 -0.239333 0.969665 0.090490 0.438924 1 49 1.000000
  49 -1.294897 -3.765671 59.087238 0.037541 0.636628 0.770257 0.090523 0.438909 1 49 1.000000
  49 -1.710525 -3.714389 59.091850 0.089842 0.418132 0.903932 0.087721 0.438937 1 49 1.000000
tex
  49 -1.294897 -3.765671 59.087238 0.037541 0.636628 0.770257 0.090523 0.438909 1 49 1.000000
  49 -1.307166 -3.819711 59.090004 -0.049694 -0.239333 0.969665 0.090490 0.438924 1 49 1.000000
  49 -1.015337 -3.846048 59.112381 -0.194210 -0.187838 0.962808 0.091957 0.438899 1 49 1.000000
tex
  49 -0.998830 -3.792135 59.111435 -0.140427 0.661642 0.736552 0.091996 0.438909 1 49 1.000000
  49 -1.294897 -3.765671 59.087238 0.037541 0.636628 0.770257 0.090523 0.438909 1 49 1.000000
  49 -1.015337 -3.846048 59.112381 -0.194210 -0.187838 0.962808 0.091957 0.438899 1 49 1.000000
tex
  49 -0.856070 -3.865111 59.177002 -0.547229 -0.144937 0.824338 0.092535 0.438891 1 49 1.000000
  49 -0.998830 -3.792135 59.111435 -0.140427 0.661642 0.736552 0.091996 0.438909 1 49 1.000000
  49 -1.015337 -3.846048 59.112381 -0.194210 -0.187838 0.962808 0.091957 0.438899 1 49 1.000000
tex
  49 -0.835995 -3.812029 59.181507 -0.388155 0.721004 0.574010 0.092572 0.438889 1 49 1.000000
  49 -0.998830 -3.792135 59.111435 -0.140427 0.661642 0.736552 0.091996 0.438909 1 49 1.000000
  49 -0.856070 -3.865111 59.177002 -0.547229 -0.144937 0.824338 0.092535 0.438891 1 49 1.000000
tex
  49 -0.770128 -3.886294 59.290890 -0.837695 -0.080118 0.540229 0.092881 0.438886 1 49 1.000000
  49 -0.835995 -3.812029 59.181507 -0.388155 0.721004 0.574010 0.092572 0.438889 1 49 1.000000
  49 -0.856070 -3.865111 59.177002 -0.547229 -0.144937 0.824338 0.092535 0.438891 1 49 1.000000
tex
  49 -0.747694 -3.834115 59.300701 -0.502394 0.759717 0.412833 0.092911 0.438867 1 49 1.000000
  49 -0.835995 -3.812029 59.181507 -0.388155 0.721004 0.574010 0.092572 0.438889 1 49 1.000000
  49 -0.770128 -3.886294 59.290890 -0.837695 -0.080118 0.540229 0.092881 0.438886 1 49 1.000000
tex
  49 -0.696740 -3.914310 59.449963 -0.912934 -0.066192 0.402702 0.093265 0.438880 1 49 1.000000
  49 -0.747694 -3.834115 59.300701 -0.502394 0.759717 0.412833 0.092911 0.438867 1 49 1.000000
  49 -0.770128 -3.886294 59.290890 -0.837695 -0.080118 0.540229 0.092881 0.438886 1 49 1.000000
tex
  49 -0.696740 -3.914310 59.449963 -0.912934 -0.066192 0.402702 0.093265 0.438880 1 49 1.000000
  49 -0.673319 -3.862431 59.461285 -0.515120 0.787200 0.339069 0.093287 0.438861 1 49 1.000000
  49 -0.747694 -3.834115 59.300701 -0.502394 0.759717 0.412833 0.092911 0.438867 1 49 1.000000
tex
  49 -0.641198 -3.943213 59.614063 -0.971236 -0.021246 0.237168 0.093539 0.438875 1 49 1.000000
  49 -0.673319 -3.862431 59.461285 -0.515120 0.787200 0.339069 0.093287 0.438861 1 49 1.000000
  49 -0.696740 -3.914310 59.449963 -0.912934 -0.066192 0.402702 0.093265 0.438880 1 49 1.000000
tex
  49 -0.617649 -3.891232 59.624626 -0.494217 0.835097 0.241585 0.093552 0.438865 1 49 1.000000
  49 -0.673319 -3.862431 59.461285 -0.515120 0.787200 0.339069 0.093287 0.438861 1 49 1.000000
  49 -0.641198 -3.943213 59.614063 -0.971236 -0.021246 0.237168 0.093539 0.438875 1 49 1.000000
tex
  49 -0.631224 -3.966739 59.748222 -0.964190 0.074489 -0.254537 0.093594 0.438875 1 49 1.000000
  49 -0.617649 -3.891232 59.624626 -0.494217 0.835097 0.241585 0.093552 0.438865 1 49 1.000000
  49 -0.641198 -3.943213 59.614063 -0.971236 -0.021246 0.237168 0.093539 0.438875 1 49 1.000000
tex
  49 -0.631224 -3.966739 59.748222 -0.964190 0.074489 -0.254537 0.093594 0.438875 1 49 1.000000
  49 -0.607930 -3.914729 59.758427 -0.256748 0.961733 0.095659 0.093620 0.438879 1 49 1.000000
  49 -0.617649 -3.891232 59.624626 -0.494217 0.835097 0.241585 0.093552 0.438865 1 49 1.000000
tex
  49 -0.695976 -3.936648 59.886410 -0.382846 0.902076 -0.199217 0.093369 0.438860 1 49 1.000000
  49 -0.607930 -3.914729 59.758427 -0.256748 0.961733 0.095659 0.093620 0.438879 1 49 1.000000
  49 -0.631224 -3.966739 59.748222 -0.964190 0.074489 -0.254537 0.093594 0.438875 1 49 1.000000
tex
  49 -0.695976 -3.936648 59.886410 -0.382846 0.902076 -0.199217 0.093369 0.438860 1 49 1.000000
  49 -0.505003 -3.970075 59.906601 0.268466 0.729959 0.628558 0.093723 0.438748 1 49 1.000000
  49 -0.607930 -3.914729 59.758427 -0.256748 0.961733 0.095659 0.093620 0.438879 1 49 1.000000
tex
  49 -0.505003 -3.970075 59.906601 0.268466 0.729959 0.628558 0.093723 0.438748 1 49 1.000000
  49 -0.415842 -3.932444 59.776684 0.230678 0.950893 0.206371 0.093903 0.438844 1 49 1.000000
  49 -0.607930 -3.914729 59.758427 -0.256748 0.961733 0.095659 0.093620 0.438879 1 49 1.000000
tex
  49 -0.415842 -3.932444 59.776684 0.230678 0.950893 0.206371 0.093903 0.438844 1 49 1.000000
  49 -0.505003 -3.970075 59.906601 0.268466 0.729959 0.628558 0.093723 0.438748 1 49 1.000000
  49 -0.232039 -4.032325 59.871513 0.193304 0.693279 0.694261 0.094542 0.438794 1 49 1.000000
tex
  49 -0.232039 -4.032325 59.871513 0.193304 0.693279 0.694261 0.094542 0.438794 1 49 1.000000
  49 -0.505003 -3.970075 59.906601 0.268466 0.729959 0.628558 0.093723 0.438748 1 49 1.000000
  49 -0.495666 -4.029766 59.927849 0.252150 -0.086877 0.963780 0.093750 0.438873 1 49 1.000000
tex
  49 -0.233855 -4.086012 59.887520 0.017240 -0.162643 0.986534 0.094581 0.438854 1 49 1.000000
  49 -0.232039 -4.032325 59.871513 0.193304 0.693279 0.694261 0.094542 0.438794 1 49 1.000000
  49 -0.495666 -4.029766 59.927849 0.252150 -0.086877 0.963780 0.093750 0.438873 1 49 1.000000
tex
  49 -0.232039 -4.032325 59.871513 0.193304 0.693279 0.694261 0.094542 0.438794 1 49 1.000000
  49 -0.233855 -4.086012 59.887520 0.017240 -0.162643 0.986534 0.094581 0.438854 1 49 1.000000
  49 0.000010 -4.071660 59.874931 0.000000 0.539173 0.842195 0.095693 0.438794 1 49 1.000000
tex
  49 0.000010 -4.071660 59.874931 0.000000 0.539173 0.842195 0.095693 0.438794 1 49 1.000000
  49 -0.233855 -4.086012 59.887520 0.017240 -0.162643 0.986534 0.094581 0.438854 1 49 1.000000
  49 0.000010 -4.124722 59.891983 0.000001 -0.336909 0.941537 0.095694 0.438832 1 49 1.000000
tex
  49 0.000010 -4.071660 59.874931 0.000000 0.539173 0.842195 0.095693 0.438794 1 49 1.000000
  49 0.000010 -4.124722 59.891983 0.000001 -0.336909 0.941537 0.095694 0.438832 1 49 1.000000
  49 0.233874 -4.086011 59.887516 -0.020495 -0.186105 0.982316 0.096807 0.438812 1 49 1.000000
tex
  49 0.233874 -4.086011 59.887516 -0.020495 -0.186105 0.982316 0.096807 0.438812 1 49 1.000000
  49 0.000010 -4.124722 59.891983 0.000001 -0.336909 0.941537 0.095694 0.438832 1 49 1.000000
  49 0.239068 -4.130837 59.853626 0.176186 -0.885820 0.429281 0.096806 0.438883 1 49 1.000000
tex
  49 0.515761 -4.074960 59.887772 -0.006273 -0.953983 0.299795 0.097657 0.438927 1 49 1.000000
  49 0.233874 -4.086011 59.887516 -0.020495 -0.186105 0.982316 0.096807 0.438812 1 49 1.000000
  49 0.239068 -4.130837 59.853626 0.176186 -0.885820 0.429281 0.096806 0.438883 1 49 1.000000
tex
  49 0.430264 -4.069777 59.751953 0.254250 -0.941256 -0.222250 0.097458 0.438835 1 49 1.000000
  49 0.515761 -4.074960 59.887772 -0.006273 -0.953983 0.299795 0.097657 0.438927 1 49 1.000000
  49 0.239068 -4.130837 59.853626 0.176186 -0.885820 0.429281 0.096806 0.438883 1 49 1.000000
tex
  49 0.515761 -4.074960 59.887772 -0.006273 -0.953983 0.299795 0.097657 0.438927 1 49 1.000000
  49 0.430264 -4.069777 59.751953 0.254250 -0.941256 -0.222250 0.097458 0.438835 1 49 1.000000
  49 0.611837 -4.018532 59.739891 0.482447 -0.828788 -0.283470 0.097757 0.438795 1 49 1.000000
tex
  49 0.611837 -4.018532 59.739891 0.482447 -0.828788 -0.283470 0.097757 0.438795 1 49 1.000000
  49 0.430264 -4.069777 59.751953 0.254250 -0.941256 -0.222250 0.097458 0.438835 1 49 1.000000
  49 0.433738 -4.028954 59.624664 -0.049284 -0.821604 -0.567924 0.097575 0.438739 1 49 1.000000
tex
  49 0.611837 -4.018532 59.739891 0.482447 -0.828788 -0.283470 0.097757 0.438795 1 49 1.000000
  49 0.433738 -4.028954 59.624664 -0.049284 -0.821604 -0.567924 0.097575 0.438739 1 49 1.000000
  49 0.620823 -3.995152 59.606205 0.609075 -0.790835 -0.060058 0.097826 0.438806 1 49 1.000000
tex
  49 0.423764 -3.924026 59.643425 -0.451052 0.876368 -0.168914 0.097600 0.438862 1 49 1.000000
  49 0.415861 -3.932443 59.776680 -0.230679 0.950895 0.206365 0.097484 0.438775 1 49 1.000000
  49 0.607949 -3.914728 59.758423 0.256807 0.961681 0.096021 0.097768 0.438800 1 49 1.000000
tex
  49 0.415861 -3.932443 59.776680 -0.230679 0.950895 0.206365 0.097484 0.438775 1 49 1.000000
  49 0.423764 -3.924026 59.643425 -0.451052 0.876368 -0.168914 0.097600 0.438862 1 49 1.000000
  49 0.219057 -4.004965 59.715813 -0.372967 0.835475 -0.403581 0.096870 0.438854 1 49 1.000000
tex
  49 0.219057 -4.004965 59.715813 -0.372967 0.835475 -0.403581 0.096870 0.438854 1 49 1.000000
  49 0.423764 -3.924026 59.643425 -0.451052 0.876368 -0.168914 0.097600 0.438862 1 49 1.000000
  49 0.406078 -3.973955 59.610035 -0.635515 0.117927 -0.763030 0.097565 0.438797 1 49 1.000000
tex
  49 0.219057 -4.004965 59.715813 -0.372967 0.835475 -0.403581 0.096870 0.438854 1 49 1.000000
  49 0.406078 -3.973955 59.610035 -0.635515 0.117927 -0.763030 0.097565 0.438797 1 49 1.000000
  49 0.221319 -4.049873 59.682198 -0.250098 0.145507 -0.957224 0.096858 0.438816 1 49 1.000000
tex
  49 0.406078 -3.973955 59.610035 -0.635515 0.117927 -0.763030 0.097565 0.438797 1 49 1.000000
  49 0.433738 -4.028954 59.624664 -0.049284 -0.821604 -0.567924 0.097575 0.438739 1 49 1.000000
  49 0.221319 -4.049873 59.682198 -0.250098 0.145507 -0.957224 0.096858 0.438816 1 49 1.000000
tex
  49 0.221319 -4.049873 59.682198 -0.250098 0.145507 -0.957224 0.096858 0.438816 1 49 1.000000
  49 0.433738 -4.028954 59.624664 -0.049284 -0.821604 -0.567924 0.097575 0.438739 1 49 1.000000
  49 0.225940 -4.103491 59.697990 0.059270 -0.673744 -0.736584 0.096826 0.438774 1 49 1.000000
tex
  49 0.433738 -4.028954 59.624664 -0.049284 -0.821604 -0.567924 0.097575 0.438739 1 49 1.000000
  49 0.430264 -4.069777 59.751953 0.254250 -0.941256 -0.222250 0.097458 0.438835 1 49 1.000000
  49 0.225940 -4.103491 59.697990 0.059270 -0.673744 -0.736584 0.096826 0.438774 1 49 1.000000
tex
  49 0.430264 -4.069777 59.751953 0.254250 -0.941256 -0.222250 0.097458 0.438835 1 49 1.000000
  49 0.232568 -4.135517 59.772625 0.198081 -0.963063 -0.182411 0.096789 0.438840 1 49 1.000000
  49 0.225940 -4.103491 59.697990 0.059270 -0.673744 -0.736584 0.096826 0.438774 1 49 1.000000
tex
  49 0.232568 -4.135517 59.772625 0.198081 -0.963063 -0.182411 0.096789 0.438840 1 49 1.000000
  49 0.430264 -4.069777 59.751953 0.254250 -0.941256 -0.222250 0.097458 0.438835 1 49 1.000000
  49 0.239068 -4.130837 59.853626 0.176186 -0.885820 0.429281 0.096806 0.438883 1 49 1.000000
tex
  49 0.000010 -4.168623 59.857250 -0.006273 -0.953983 0.299795 0.095695 0.438871 1 49 1.000000
  49 0.232568 -4.135517 59.772625 0.198081 -0.963063 -0.182411 0.096789 0.438840 1 49 1.000000
  49 0.239068 -4.130837 59.853626 0.176186 -0.885820 0.429281 0.096806 0.438883 1 49 1.000000
tex
  49 0.000010 -4.124722 59.891983 0.000001 -0.336909 0.941537 0.095694 0.438832 1 49 1.000000
  49 0.000010 -4.168623 59.857250 -0.006273 -0.953983 0.299795 0.095695 0.438871 1 49 1.000000
  49 0.239068 -4.130837 59.853626 0.176186 -0.885820 0.429281 0.096806 0.438883 1 49 1.000000
tex
  49 0.000010 -4.124722 59.891983 0.000001 -0.336909 0.941537 0.095694 0.438832 1 49 1.000000
  49 -0.239049 -4.130837 59.853626 -0.176239 -0.885810 0.429279 0.094584 0.438926 1 49 1.000000
  49 0.000010 -4.168623 59.857250 -0.006273 -0.953983 0.299795 0.095695 0.438871 1 49 1.000000
tex
  49 -0.233855 -4.086012 59.887520 0.017240 -0.162643 0.986534 0.094581 0.438854 1 49 1.000000
  49 -0.239049 -4.130837 59.853626 -0.176239 -0.885810 0.429279 0.094584 0.438926 1 49 1.000000
  49 0.000010 -4.124722 59.891983 0.000001 -0.336909 0.941537 0.095694 0.438832 1 49 1.000000
tex
  49 -0.233855 -4.086012 59.887520 0.017240 -0.162643 0.986534 0.094581 0.438854 1 49 1.000000
  49 -0.515742 -4.074960 59.887775 -0.006273 -0.953983 0.299795 0.093736 0.439001 1 49 1.000000
  49 -0.239049 -4.130837 59.853626 -0.176239 -0.885810 0.429279 0.094584 0.438926 1 49 1.000000
tex
  49 -0.515742 -4.074960 59.887775 -0.006273 -0.953983 0.299795 0.093736 0.439001 1 49 1.000000
  49 -0.233855 -4.086012 59.887520 0.017240 -0.162643 0.986534 0.094581 0.438854 1 49 1.000000
  49 -0.495666 -4.029766 59.927849 0.252150 -0.086877 0.963780 0.093750 0.438873 1 49 1.000000
tex
  49 -0.794888 -4.024714 60.068748 0.439956 -0.187834 0.878156 0.092766 0.438897 1 49 1.000000
  49 -0.515742 -4.074960 59.887775 -0.006273 -0.953983 0.299795 0.093736 0.439001 1 49 1.000000
  49 -0.495666 -4.029766 59.927849 0.252150 -0.086877 0.963780 0.093750 0.438873 1 49 1.000000
tex
  49 -0.505003 -3.970075 59.906601 0.268466 0.729959 0.628558 0.093723 0.438748 1 49 1.000000
  49 -0.794888 -4.024714 60.068748 0.439956 -0.187834 0.878156 0.092766 0.438897 1 49 1.000000
  49 -0.495666 -4.029766 59.927849 0.252150 -0.086877 0.963780 0.093750 0.438873 1 49 1.000000
tex
  49 -0.505003 -3.970075 59.906601 0.268466 0.729959 0.628558 0.093723 0.438748 1 49 1.000000
  49 -0.806774 -3.972086 60.070141 0.314978 0.655947 0.685947 0.092729 0.438813 1 49 1.000000
  49 -0.794888 -4.024714 60.068748 0.439956 -0.187834 0.878156 0.092766 0.438897 1 49 1.000000
tex
  49 0.423764 -3.924026 59.643425 -0.451052 0.876368 -0.168914 0.097600 0.438862 1 49 1.000000
  49 0.522771 -3.920245 59.466740 -0.848043 0.166032 -0.503246 0.097947 0.438794 1 49 1.000000
  49 0.406078 -3.973955 59.610035 -0.635515 0.117927 -0.763030 0.097565 0.438797 1 49 1.000000
tex
  49 0.522771 -3.920245 59.466740 -0.848043 0.166032 -0.503246 0.097947 0.438794 1 49 1.000000
  49 0.546767 -3.972499 59.456074 -0.491478 -0.725376 -0.481953 0.097965 0.438733 1 49 1.000000
  49 0.406078 -3.973955 59.610035 -0.635515 0.117927 -0.763030 0.097565 0.438797 1 49 1.000000
tex
  49 0.546767 -3.972499 59.456074 -0.491478 -0.725376 -0.481953 0.097965 0.438733 1 49 1.000000
  49 0.433738 -4.028954 59.624664 -0.049284 -0.821604 -0.567924 0.097575 0.438739 1 49 1.000000
  49 0.406078 -3.973955 59.610035 -0.635515 0.117927 -0.763030 0.097565 0.438797 1 49 1.000000
tex
  49 -0.239049 -4.130837 59.853626 -0.176239 -0.885810 0.429279 0.094584 0.438926 1 49 1.000000
  49 -0.232548 -4.135518 59.772625 -0.198129 -0.963051 -0.182423 0.094600 0.438882 1 49 1.000000
  49 0.000010 -4.168623 59.857250 -0.006273 -0.953983 0.299795 0.095695 0.438871 1 49 1.000000
tex
  49 -0.232548 -4.135518 59.772625 -0.198129 -0.963051 -0.182423 0.094600 0.438882 1 49 1.000000
  49 0.000010 -4.174645 59.784969 -0.000010 -0.984653 -0.174526 0.095694 0.438856 1 49 1.000000
  49 0.000010 -4.168623 59.857250 -0.006273 -0.953983 0.299795 0.095695 0.438871 1 49 1.000000
tex
  49 0.000010 -4.174645 59.784969 -0.000010 -0.984653 -0.174526 0.095694 0.438856 1 49 1.000000
  49 0.232568 -4.135517 59.772625 0.198081 -0.963063 -0.182411 0.096789 0.438840 1 49 1.000000
  49 0.000010 -4.168623 59.857250 -0.006273 -0.953983 0.299795 0.095695 0.438871 1 49 1.000000
tex
  49 0.232568 -4.135517 59.772625 0.198081 -0.963063 -0.182411 0.096789 0.438840 1 49 1.000000
  49 0.000010 -4.174645 59.784969 -0.000010 -0.984653 -0.174526 0.095694 0.438856 1 49 1.000000
  49 0.000010 -4.144293 59.719269 -0.000010 -0.767595 -0.640935 0.095694 0.438812 1 49 1.000000
tex
  49 0.225940 -4.103491 59.697990 0.059270 -0.673744 -0.736584 0.096826 0.438774 1 49 1.000000
  49 0.232568 -4.135517 59.772625 0.198081 -0.963063 -0.182411 0.096789 0.438840 1 49 1.000000
  49 0.000010 -4.144293 59.719269 -0.000010 -0.767595 -0.640935 0.095694 0.438812 1 49 1.000000
tex
  49 0.000010 -4.091256 59.702187 0.000022 0.006266 -0.999980 0.095694 0.438841 1 49 1.000000
  49 0.225940 -4.103491 59.697990 0.059270 -0.673744 -0.736584 0.096826 0.438774 1 49 1.000000
  49 0.000010 -4.144293 59.719269 -0.000010 -0.767595 -0.640935 0.095694 0.438812 1 49 1.000000
tex
  49 0.000010 -4.091256 59.702187 0.000022 0.006266 -0.999980 0.095694 0.438841 1 49 1.000000
  49 0.221319 -4.049873 59.682198 -0.250098 0.145507 -0.957224 0.096858 0.438816 1 49 1.000000
  49 0.225940 -4.103491 59.697990 0.059270 -0.673744 -0.736584 0.096826 0.438774 1 49 1.000000
tex
  49 0.000010 -4.047312 59.736851 0.000023 0.881326 -0.472509 0.095695 0.438867 1 49 1.000000
  49 0.221319 -4.049873 59.682198 -0.250098 0.145507 -0.957224 0.096858 0.438816 1 49 1.000000
  49 0.000010 -4.091256 59.702187 0.000022 0.006266 -0.999980 0.095694 0.438841 1 49 1.000000
tex
  49 0.000010 -4.047312 59.736851 0.000023 0.881326 -0.472509 0.095695 0.438867 1 49 1.000000
  49 0.219057 -4.004965 59.715813 -0.372967 0.835475 -0.403581 0.096870 0.438854 1 49 1.000000
  49 0.221319 -4.049873 59.682198 -0.250098 0.145507 -0.957224 0.096858 0.438816 1 49 1.000000
tex
  49 0.222849 -4.000344 59.797134 -0.231193 0.963757 0.133126 0.096838 0.438795 1 49 1.000000
  49 0.219057 -4.004965 59.715813 -0.372967 0.835475 -0.403581 0.096870 0.438854 1 49 1.000000
  49 0.000010 -4.047312 59.736851 0.000023 0.881326 -0.472509 0.095695 0.438867 1 49 1.000000
tex
  49 0.222849 -4.000344 59.797134 -0.231193 0.963757 0.133126 0.096838 0.438795 1 49 1.000000
  49 0.415861 -3.932443 59.776680 -0.230679 0.950895 0.206365 0.097484 0.438775 1 49 1.000000
  49 0.219057 -4.004965 59.715813 -0.372967 0.835475 -0.403581 0.096870 0.438854 1 49 1.000000
tex
  49 0.415861 -3.932443 59.776680 -0.230679 0.950895 0.206365 0.097484 0.438775 1 49 1.000000
  49 0.222849 -4.000344 59.797134 -0.231193 0.963757 0.133126 0.096838 0.438795 1 49 1.000000
  49 0.232058 -4.032324 59.871513 -0.193201 0.693304 0.694264 0.096844 0.438751 1 49 1.000000
tex
  49 0.505022 -3.970075 59.906597 -0.268496 0.729914 0.628598 0.097661 0.438673 1 49 1.000000
  49 0.415861 -3.932443 59.776680 -0.230679 0.950895 0.206365 0.097484 0.438775 1 49 1.000000
  49 0.232058 -4.032324 59.871513 -0.193201 0.693304 0.694264 0.096844 0.438751 1 49 1.000000
tex
  49 0.505022 -3.970075 59.906597 -0.268496 0.729914 0.628598 0.097661 0.438673 1 49 1.000000
  49 0.232058 -4.032324 59.871513 -0.193201 0.693304 0.694264 0.096844 0.438751 1 49 1.000000
  49 0.495685 -4.029766 59.927845 -0.252093 -0.086883 0.963795 0.097638 0.438800 1 49 1.000000
tex
  49 0.794907 -4.024714 60.068745 -0.440052 -0.187887 0.878096 0.098623 0.438784 1 49 1.000000
  49 0.505022 -3.970075 59.906597 -0.268496 0.729914 0.628598 0.097661 0.438673 1 49 1.000000
  49 0.495685 -4.029766 59.927845 -0.252093 -0.086883 0.963795 0.097638 0.438800 1 49 1.000000
tex
  49 0.806793 -3.972086 60.070137 -0.315015 0.655972 0.685905 0.098656 0.438700 1 49 1.000000
  49 0.505022 -3.970075 59.906597 -0.268496 0.729914 0.628598 0.097661 0.438673 1 49 1.000000
  49 0.794907 -4.024714 60.068745 -0.440052 -0.187887 0.878096 0.098623 0.438784 1 49 1.000000
tex
  49 0.806793 -3.972086 60.070137 -0.315015 0.655972 0.685905 0.098656 0.438700 1 49 1.000000
  49 0.794907 -4.024714 60.068745 -0.440052 -0.187887 0.878096 0.098623 0.438784 1 49 1.000000
  49 1.104103 -4.039490 60.216415 -0.356037 -0.177470 0.917465 0.100107 0.438755 1 49 1.000000
tex
  49 1.113025 -3.985106 60.212799 -0.193201 0.693304 0.694264 0.100134 0.438691 1 49 1.000000
  49 0.806793 -3.972086 60.070137 -0.315015 0.655972 0.685905 0.098656 0.438700 1 49 1.000000
  49 1.104103 -4.039490 60.216415 -0.356037 -0.177470 0.917465 0.100107 0.438755 1 49 1.000000
tex
  49 2.345283 -3.830267 60.323227 0.045107 -0.098535 0.994111 0.108456 0.438593 1 49 1.000000
  49 2.352836 -3.881406 60.302757 0.204901 -0.805649 0.555828 0.108419 0.438673 1 49 1.000000
  49 2.847556 -3.741827 60.281715 0.331125 -0.749934 0.572674 0.112133 0.438609 1 49 1.000000
tex
  49 2.847556 -3.741827 60.281715 0.331125 -0.749934 0.572674 0.112133 0.438609 1 49 1.000000
  49 2.352836 -3.881406 60.302757 0.204901 -0.805649 0.555828 0.108419 0.438673 1 49 1.000000
  49 2.777227 -3.766192 60.211983 0.102555 -0.775269 -0.623250 0.111770 0.438534 1 49 1.000000
tex
  49 2.352836 -3.881406 60.302757 0.204901 -0.805649 0.555828 0.108419 0.438673 1 49 1.000000
  49 2.318134 -3.886147 60.225040 0.170868 -0.718465 -0.674249 0.108138 0.438562 1 49 1.000000
  49 2.777227 -3.766192 60.211983 0.102555 -0.775269 -0.623250 0.111770 0.438534 1 49 1.000000
tex
  49 2.318134 -3.886147 60.225040 0.170868 -0.718465 -0.674249 0.108138 0.438562 1 49 1.000000
  49 2.745680 -3.721918 60.205139 -0.129439 0.064719 -0.989473 0.111672 0.438549 1 49 1.000000
  49 2.777227 -3.766192 60.211983 0.102555 -0.775269 -0.623250 0.111770 0.438534 1 49 1.000000
tex
  49 2.318134 -3.886147 60.225040 0.170868 -0.718465 -0.674249 0.108138 0.438562 1 49 1.000000
  49 2.297580 -3.836793 60.216358 0.018312 0.121658 -0.992403 0.108072 0.438611 1 49 1.000000
  49 2.745680 -3.721918 60.205139 -0.129439 0.064719 -0.989473 0.111672 0.438549 1 49 1.000000
tex
  49 2.297580 -3.836793 60.216358 0.018312 0.121658 -0.992403 0.108072 0.438611 1 49 1.000000
  49 2.290028 -3.785648 60.236805 -0.203833 0.818235 -0.537534 0.108113 0.438639 1 49 1.000000
  49 2.745680 -3.721918 60.205139 -0.129439 0.064719 -0.989473 0.111672 0.438549 1 49 1.000000
tex
  49 2.290028 -3.785648 60.236805 -0.203833 0.818235 -0.537534 0.108113 0.438639 1 49 1.000000
  49 2.297580 -3.836793 60.216358 0.018312 0.121658 -0.992403 0.108072 0.438611 1 49 1.000000
  49 1.795022 -3.898599 60.221512 -0.110104 0.697417 -0.708157 0.103770 0.438724 1 49 1.000000
tex
  49 1.793492 -3.906813 60.298569 -0.193517 0.858436 0.475014 0.103767 0.438606 1 49 1.000000
  49 2.290028 -3.785648 60.236805 -0.203833 0.818235 -0.537534 0.108113 0.438639 1 49 1.000000
  49 1.795022 -3.898599 60.221512 -0.110104 0.697417 -0.708157 0.103770 0.438724 1 49 1.000000
tex
  49 1.793492 -3.906813 60.298569 -0.193517 0.858436 0.475014 0.103767 0.438606 1 49 1.000000
  49 1.795022 -3.898599 60.221512 -0.110104 0.697417 -0.708157 0.103770 0.438724 1 49 1.000000
  49 1.448415 -3.958445 60.203266 -0.026346 0.869295 -0.493591 0.101607 0.438747 1 49 1.000000
tex
  49 1.409698 -3.972226 60.277748 -0.146049 0.704812 0.694197 0.101447 0.438661 1 49 1.000000
  49 1.793492 -3.906813 60.298569 -0.193517 0.858436 0.475014 0.103767 0.438606 1 49 1.000000
  49 1.448415 -3.958445 60.203266 -0.026346 0.869295 -0.493591 0.101607 0.438747 1 49 1.000000
tex
  49 1.409698 -3.972226 60.277748 -0.146049 0.704812 0.694197 0.101447 0.438661 1 49 1.000000
  49 1.448415 -3.958445 60.203266 -0.026346 0.869295 -0.493591 0.101607 0.438747 1 49 1.000000
  49 1.184947 -3.972129 60.149471 0.151604 0.886345 -0.437503 0.100350 0.438774 1 49 1.000000
tex
  49 1.113025 -3.985106 60.212799 -0.193201 0.693304 0.694264 0.100134 0.438691 1 49 1.000000
  49 1.409698 -3.972226 60.277748 -0.146049 0.704812 0.694197 0.101447 0.438661 1 49 1.000000
  49 1.184947 -3.972129 60.149471 0.151604 0.886345 -0.437503 0.100350 0.438774 1 49 1.000000
tex
  49 1.113025 -3.985106 60.212799 -0.193201 0.693304 0.694264 0.100134 0.438691 1 49 1.000000
  49 1.184947 -3.972129 60.149471 0.151604 0.886345 -0.437503 0.100350 0.438774 1 49 1.000000
  49 0.913226 -3.959575 60.030563 0.279859 0.887824 -0.365305 0.098959 0.438790 1 49 1.000000
tex
  49 0.806793 -3.972086 60.070137 -0.315015 0.655972 0.685905 0.098656 0.438700 1 49 1.000000
  49 1.113025 -3.985106 60.212799 -0.193201 0.693304 0.694264 0.100134 0.438691 1 49 1.000000
  49 0.913226 -3.959575 60.030563 0.279859 0.887824 -0.365305 0.098959 0.438790 1 49 1.000000
tex
  49 0.806793 -3.972086 60.070137 -0.315015 0.655972 0.685905 0.098656 0.438700 1 49 1.000000
  49 0.913226 -3.959575 60.030563 0.279859 0.887824 -0.365305 0.098959 0.438790 1 49 1.000000
  49 0.695995 -3.936647 59.886406 0.382925 0.902078 -0.199057 0.098018 0.438771 1 49 1.000000
tex
  49 0.505022 -3.970075 59.906597 -0.268496 0.729914 0.628598 0.097661 0.438673 1 49 1.000000
  49 0.806793 -3.972086 60.070137 -0.315015 0.655972 0.685905 0.098656 0.438700 1 49 1.000000
  49 0.695995 -3.936647 59.886406 0.382925 0.902078 -0.199057 0.098018 0.438771 1 49 1.000000
tex
  49 0.505022 -3.970075 59.906597 -0.268496 0.729914 0.628598 0.097661 0.438673 1 49 1.000000
  49 0.695995 -3.936647 59.886406 0.382925 0.902078 -0.199057 0.098018 0.438771 1 49 1.000000
  49 0.607949 -3.914728 59.758423 0.256807 0.961681 0.096021 0.097768 0.438800 1 49 1.000000
tex
  49 0.415861 -3.932443 59.776680 -0.230679 0.950895 0.206365 0.097484 0.438775 1 49 1.000000
  49 0.505022 -3.970075 59.906597 -0.268496 0.729914 0.628598 0.097661 0.438673 1 49 1.000000
  49 0.607949 -3.914728 59.758423 0.256807 0.961681 0.096021 0.097768 0.438800 1 49 1.000000
tex
  49 0.695995 -3.936647 59.886406 0.382925 0.902078 -0.199057 0.098018 0.438771 1 49 1.000000
  49 0.913226 -3.959575 60.030563 0.279859 0.887824 -0.365305 0.098959 0.438790 1 49 1.000000
  49 0.718333 -3.988260 59.874485 0.653827 0.155531 -0.740486 0.098059 0.438797 1 49 1.000000
tex
  49 0.913226 -3.959575 60.030563 0.279859 0.887824 -0.365305 0.098959 0.438790 1 49 1.000000
  49 0.933492 -4.010204 60.014351 0.449646 0.170336 -0.876815 0.099015 0.438777 1 49 1.000000
  49 0.718333 -3.988260 59.874485 0.653827 0.155531 -0.740486 0.098059 0.438797 1 49 1.000000
tex
  49 0.913226 -3.959575 60.030563 0.279859 0.887824 -0.365305 0.098959 0.438790 1 49 1.000000
  49 1.184947 -3.972129 60.149471 0.151604 0.886345 -0.437503 0.100350 0.438774 1 49 1.000000
  49 0.933492 -4.010204 60.014351 0.449646 0.170336 -0.876815 0.099015 0.438777 1 49 1.000000
tex
  49 1.184947 -3.972129 60.149471 0.151604 0.886345 -0.437503 0.100350 0.438774 1 49 1.000000
  49 1.202155 -4.021829 60.129280 0.259204 0.165507 -0.951536 0.100398 0.438755 1 49 1.000000
  49 0.933492 -4.010204 60.014351 0.449646 0.170336 -0.876815 0.099015 0.438777 1 49 1.000000
tex
  49 1.184947 -3.972129 60.149471 0.151604 0.886345 -0.437503 0.100350 0.438774 1 49 1.000000
  49 1.448415 -3.958445 60.203266 -0.026346 0.869295 -0.493591 0.101607 0.438747 1 49 1.000000
  49 1.202155 -4.021829 60.129280 0.259204 0.165507 -0.951536 0.100398 0.438755 1 49 1.000000
tex
  49 1.448415 -3.958445 60.203266 -0.026346 0.869295 -0.493591 0.101607 0.438747 1 49 1.000000
  49 1.461894 -4.007819 60.182133 0.084249 0.139680 -0.986606 0.101633 0.438731 1 49 1.000000
  49 1.202155 -4.021829 60.129280 0.259204 0.165507 -0.951536 0.100398 0.438755 1 49 1.000000
tex
  49 1.448415 -3.958445 60.203266 -0.026346 0.869295 -0.493591 0.101607 0.438747 1 49 1.000000
  49 1.795022 -3.898599 60.221512 -0.110104 0.697417 -0.708157 0.103770 0.438724 1 49 1.000000
  49 1.461894 -4.007819 60.182133 0.084249 0.139680 -0.986606 0.101633 0.438731 1 49 1.000000
tex
  49 1.795022 -3.898599 60.221512 -0.110104 0.697417 -0.708157 0.103770 0.438724 1 49 1.000000
  49 1.805059 -3.948442 60.200855 0.018312 0.121658 -0.992403 0.103761 0.438691 1 49 1.000000
  49 1.461894 -4.007819 60.182133 0.084249 0.139680 -0.986606 0.101633 0.438731 1 49 1.000000
tex
  49 1.795022 -3.898599 60.221512 -0.110104 0.697417 -0.708157 0.103770 0.438724 1 49 1.000000
  49 2.297580 -3.836793 60.216358 0.018312 0.121658 -0.992403 0.108072 0.438611 1 49 1.000000
  49 1.805059 -3.948442 60.200855 0.018312 0.121658 -0.992403 0.103761 0.438691 1 49 1.000000
tex
  49 1.805059 -3.948442 60.200855 0.018312 0.121658 -0.992403 0.103761 0.438691 1 49 1.000000
  49 2.297580 -3.836793 60.216358 0.018312 0.121658 -0.992403 0.108072 0.438611 1 49 1.000000
  49 1.814524 -4.001379 60.209114 0.139663 -0.510943 -0.848193 0.103752 0.438651 1 49 1.000000
tex
  49 2.297580 -3.836793 60.216358 0.018312 0.121658 -0.992403 0.108072 0.438611 1 49 1.000000
  49 2.318134 -3.886147 60.225040 0.170868 -0.718465 -0.674249 0.108138 0.438562 1 49 1.000000
  49 1.814524 -4.001379 60.209114 0.139663 -0.510943 -0.848193 0.103752 0.438651 1 49 1.000000
tex
  49 2.318134 -3.886147 60.225040 0.170868 -0.718465 -0.674249 0.108138 0.438562 1 49 1.000000
  49 1.812994 -4.009602 60.286209 0.176483 -0.935629 0.305699 0.103754 0.438760 1 49 1.000000
  49 1.814524 -4.001379 60.209114 0.139663 -0.510943 -0.848193 0.103752 0.438651 1 49 1.000000
tex
  49 2.318134 -3.886147 60.225040 0.170868 -0.718465 -0.674249 0.108138 0.438562 1 49 1.000000
  49 2.352836 -3.881406 60.302757 0.204901 -0.805649 0.555828 0.108419 0.438673 1 49 1.000000
  49 1.812994 -4.009602 60.286209 0.176483 -0.935629 0.305699 0.103754 0.438760 1 49 1.000000
tex
  49 1.812994 -4.009602 60.286209 0.176483 -0.935629 0.305699 0.103754 0.438760 1 49 1.000000
  49 2.352836 -3.881406 60.302757 0.204901 -0.805649 0.555828 0.108419 0.438673 1 49 1.000000
  49 1.802956 -3.959753 60.306835 -0.018266 -0.123663 0.992156 0.103761 0.438683 1 49 1.000000
tex
  49 2.352836 -3.881406 60.302757 0.204901 -0.805649 0.555828 0.108419 0.438673 1 49 1.000000
  49 2.345283 -3.830267 60.323227 0.045107 -0.098535 0.994111 0.108456 0.438593 1 49 1.000000
  49 1.802956 -3.959753 60.306835 -0.018266 -0.123663 0.992156 0.103761 0.438683 1 49 1.000000
tex
  49 2.345283 -3.830267 60.323227 0.045107 -0.098535 0.994111 0.108456 0.438593 1 49 1.000000
  49 2.324698 -3.780908 60.314518 -0.193806 0.732283 0.652840 0.108394 0.438503 1 49 1.000000
  49 1.802956 -3.959753 60.306835 -0.018266 -0.123663 0.992156 0.103761 0.438683 1 49 1.000000
tex
  49 2.810623 -3.644300 60.294182 -0.174714 0.769127 0.614751 0.112087 0.438420 1 49 1.000000
  49 2.324698 -3.780908 60.314518 -0.193806 0.732283 0.652840 0.108394 0.438503 1 49 1.000000
  49 2.345283 -3.830267 60.323227 0.045107 -0.098535 0.994111 0.108456 0.438593 1 49 1.000000
tex
  49 2.324698 -3.780908 60.314518 -0.193806 0.732283 0.652840 0.108394 0.438503 1 49 1.000000
  49 2.810623 -3.644300 60.294182 -0.174714 0.769127 0.614751 0.112087 0.438420 1 49 1.000000
  49 2.740486 -3.668535 60.224449 -0.339810 0.757789 -0.557031 0.111717 0.438525 1 49 1.000000
tex
  49 0.631243 -3.966739 59.748219 0.964190 0.074441 -0.254548 0.097794 0.438796 1 49 1.000000
  49 0.718333 -3.988260 59.874485 0.653827 0.155531 -0.740486 0.098059 0.438797 1 49 1.000000
  49 0.700361 -4.040500 59.867966 0.491643 -0.675620 -0.549385 0.098014 0.438817 1 49 1.000000
tex
  49 0.718333 -3.988260 59.874485 0.653827 0.155531 -0.740486 0.098059 0.438797 1 49 1.000000
  49 0.918483 -4.063646 60.012630 0.330642 -0.676259 -0.658293 0.098965 0.438765 1 49 1.000000
  49 0.700361 -4.040500 59.867966 0.491643 -0.675620 -0.549385 0.098014 0.438817 1 49 1.000000
tex
  49 0.933492 -4.010204 60.014351 0.449646 0.170336 -0.876815 0.099015 0.438777 1 49 1.000000
  49 0.918483 -4.063646 60.012630 0.330642 -0.676259 -0.658293 0.098965 0.438765 1 49 1.000000
  49 0.718333 -3.988260 59.874485 0.653827 0.155531 -0.740486 0.098059 0.438797 1 49 1.000000
tex
  49 0.933492 -4.010204 60.014351 0.449646 0.170336 -0.876815 0.099015 0.438777 1 49 1.000000
  49 1.192595 -4.076343 60.132904 0.246341 -0.690249 -0.680347 0.100356 0.438726 1 49 1.000000
  49 0.918483 -4.063646 60.012630 0.330642 -0.676259 -0.658293 0.098965 0.438765 1 49 1.000000
tex
  49 0.933492 -4.010204 60.014351 0.449646 0.170336 -0.876815 0.099015 0.438777 1 49 1.000000
  49 1.202155 -4.021829 60.129280 0.259204 0.165507 -0.951536 0.100398 0.438755 1 49 1.000000
  49 1.192595 -4.076343 60.132904 0.246341 -0.690249 -0.680347 0.100356 0.438726 1 49 1.000000
tex
  49 0.815652 -4.075592 60.052303 -0.216087 -0.903854 0.369261 0.098673 0.438857 1 49 1.000000
  49 1.121916 -4.089072 60.196285 -0.127648 -0.890647 0.436409 0.100151 0.438812 1 49 1.000000
  49 1.104103 -4.039490 60.216415 -0.356037 -0.177470 0.917465 0.100107 0.438755 1 49 1.000000
tex
  49 1.121916 -4.089072 60.196285 -0.127648 -0.890647 0.436409 0.100151 0.438812 1 49 1.000000
  49 1.408743 -4.026749 60.284542 -0.149593 -0.155518 0.976440 0.101417 0.438730 1 49 1.000000
  49 1.104103 -4.039490 60.216415 -0.356037 -0.177470 0.917465 0.100107 0.438755 1 49 1.000000
tex
  49 1.422318 -4.076118 60.263386 0.035549 -0.868075 0.495159 0.101443 0.438795 1 49 1.000000
  49 1.408743 -4.026749 60.284542 -0.149593 -0.155518 0.976440 0.101417 0.438730 1 49 1.000000
  49 1.121916 -4.089072 60.196285 -0.127648 -0.890647 0.436409 0.100151 0.438812 1 49 1.000000
tex
  49 1.408743 -4.026749 60.284542 -0.149593 -0.155518 0.976440 0.101417 0.438730 1 49 1.000000
  49 1.422318 -4.076118 60.263386 0.035549 -0.868075 0.495159 0.101443 0.438795 1 49 1.000000
  49 1.802956 -3.959753 60.306835 -0.018266 -0.123663 0.992156 0.103761 0.438683 1 49 1.000000
tex
  49 1.422318 -4.076118 60.263386 0.035549 -0.868075 0.495159 0.101443 0.438795 1 49 1.000000
  49 1.812994 -4.009602 60.286209 0.176483 -0.935629 0.305699 0.103754 0.438760 1 49 1.000000
  49 1.802956 -3.959753 60.306835 -0.018266 -0.123663 0.992156 0.103761 0.438683 1 49 1.000000
tex
  49 1.812994 -4.009602 60.286209 0.176483 -0.935629 0.305699 0.103754 0.438760 1 49 1.000000
  49 1.422318 -4.076118 60.263386 0.035549 -0.868075 0.495159 0.101443 0.438795 1 49 1.000000
  49 1.460875 -4.062373 60.188919 0.193970 -0.697124 -0.690212 0.101596 0.438712 1 49 1.000000
tex
  49 1.814524 -4.001379 60.209114 0.139663 -0.510943 -0.848193 0.103752 0.438651 1 49 1.000000
  49 1.812994 -4.009602 60.286209 0.176483 -0.935629 0.305699 0.103754 0.438760 1 49 1.000000
  49 1.460875 -4.062373 60.188919 0.193970 -0.697124 -0.690212 0.101596 0.438712 1 49 1.000000
tex
  49 1.461894 -4.007819 60.182133 0.084249 0.139680 -0.986606 0.101633 0.438731 1 49 1.000000
  49 1.814524 -4.001379 60.209114 0.139663 -0.510943 -0.848193 0.103752 0.438651 1 49 1.000000
  49 1.460875 -4.062373 60.188919 0.193970 -0.697124 -0.690212 0.101596 0.438712 1 49 1.000000
tex
  49 1.461894 -4.007819 60.182133 0.084249 0.139680 -0.986606 0.101633 0.438731 1 49 1.000000
  49 1.805059 -3.948442 60.200855 0.018312 0.121658 -0.992403 0.103761 0.438691 1 49 1.000000
  49 1.814524 -4.001379 60.209114 0.139663 -0.510943 -0.848193 0.103752 0.438651 1 49 1.000000
tex
  49 0.716325 -3.858363 59.139103 -0.733008 0.109057 -0.671420 0.098657 0.438778 1 49 1.000000
  49 0.633028 -3.938581 59.284637 -0.483897 -0.755594 -0.441499 0.098346 0.438747 1 49 1.000000
  49 0.609989 -3.886534 59.294460 -0.874002 0.062023 -0.481947 0.098325 0.438784 1 49 1.000000
tex
  49 0.630606 -3.834447 59.303318 -0.501608 0.850843 -0.156385 0.098347 0.438825 1 49 1.000000
  49 0.716325 -3.858363 59.139103 -0.733008 0.109057 -0.671420 0.098657 0.438778 1 49 1.000000
  49 0.609989 -3.886534 59.294460 -0.874002 0.062023 -0.481947 0.098325 0.438784 1 49 1.000000
tex
  49 0.541190 -3.868929 59.474464 -0.553215 0.823662 -0.124638 0.097975 0.438853 1 49 1.000000
  49 0.630606 -3.834447 59.303318 -0.501608 0.850843 -0.156385 0.098347 0.438825 1 49 1.000000
  49 0.609989 -3.886534 59.294460 -0.874002 0.062023 -0.481947 0.098325 0.438784 1 49 1.000000
tex
  49 0.630606 -3.834447 59.303318 -0.501608 0.850843 -0.156385 0.098347 0.438825 1 49 1.000000
  49 0.541190 -3.868929 59.474464 -0.553215 0.823662 -0.124638 0.097975 0.438853 1 49 1.000000
  49 0.673338 -3.862430 59.461281 0.515120 0.787188 0.339097 0.098100 0.438771 1 49 1.000000
tex
  49 0.541190 -3.868929 59.474464 -0.553215 0.823662 -0.124638 0.097975 0.438853 1 49 1.000000
  49 0.617668 -3.891232 59.624622 0.494205 0.835127 0.241504 0.097836 0.438784 1 49 1.000000
  49 0.673338 -3.862430 59.461281 0.515120 0.787188 0.339097 0.098100 0.438771 1 49 1.000000
tex
  49 0.673338 -3.862430 59.461281 0.515120 0.787188 0.339097 0.098100 0.438771 1 49 1.000000
  49 0.617668 -3.891232 59.624622 0.494205 0.835127 0.241504 0.097836 0.438784 1 49 1.000000
  49 0.641217 -3.943213 59.614059 0.971241 -0.021357 0.237137 0.097848 0.438795 1 49 1.000000
tex
  49 0.617668 -3.891232 59.624622 0.494205 0.835127 0.241504 0.097836 0.438784 1 49 1.000000
  49 0.631243 -3.966739 59.748219 0.964190 0.074441 -0.254548 0.097794 0.438796 1 49 1.000000
  49 0.641217 -3.943213 59.614059 0.971241 -0.021357 0.237137 0.097848 0.438795 1 49 1.000000
tex
  49 0.641217 -3.943213 59.614059 0.971241 -0.021357 0.237137 0.097848 0.438795 1 49 1.000000
  49 0.631243 -3.966739 59.748219 0.964190 0.074441 -0.254548 0.097794 0.438796 1 49 1.000000
  49 0.620823 -3.995152 59.606205 0.609075 -0.790835 -0.060058 0.097826 0.438806 1 49 1.000000
tex
  49 0.631243 -3.966739 59.748219 0.964190 0.074441 -0.254548 0.097794 0.438796 1 49 1.000000
  49 0.611837 -4.018532 59.739891 0.482447 -0.828788 -0.283470 0.097757 0.438795 1 49 1.000000
  49 0.620823 -3.995152 59.606205 0.609075 -0.790835 -0.060058 0.097826 0.438806 1 49 1.000000
tex
  49 0.631243 -3.966739 59.748219 0.964190 0.074441 -0.254548 0.097794 0.438796 1 49 1.000000
  49 0.700361 -4.040500 59.867966 0.491643 -0.675620 -0.549385 0.098014 0.438817 1 49 1.000000
  49 0.611837 -4.018532 59.739891 0.482447 -0.828788 -0.283470 0.097757 0.438795 1 49 1.000000
tex
  49 0.700361 -4.040500 59.867966 0.491643 -0.675620 -0.549385 0.098014 0.438817 1 49 1.000000
  49 0.515761 -4.074960 59.887772 -0.006273 -0.953983 0.299795 0.097657 0.438927 1 49 1.000000
  49 0.611837 -4.018532 59.739891 0.482447 -0.828788 -0.283470 0.097757 0.438795 1 49 1.000000
tex
  49 0.815652 -4.075592 60.052303 -0.216087 -0.903854 0.369261 0.098673 0.438857 1 49 1.000000
  49 0.515761 -4.074960 59.887772 -0.006273 -0.953983 0.299795 0.097657 0.438927 1 49 1.000000
  49 0.700361 -4.040500 59.867966 0.491643 -0.675620 -0.549385 0.098014 0.438817 1 49 1.000000
tex
  49 0.918483 -4.063646 60.012630 0.330642 -0.676259 -0.658293 0.098965 0.438765 1 49 1.000000
  49 0.815652 -4.075592 60.052303 -0.216087 -0.903854 0.369261 0.098673 0.438857 1 49 1.000000
  49 0.700361 -4.040500 59.867966 0.491643 -0.675620 -0.549385 0.098014 0.438817 1 49 1.000000
tex
  49 1.121916 -4.089072 60.196285 -0.127648 -0.890647 0.436409 0.100151 0.438812 1 49 1.000000
  49 0.815652 -4.075592 60.052303 -0.216087 -0.903854 0.369261 0.098673 0.438857 1 49 1.000000
  49 0.918483 -4.063646 60.012630 0.330642 -0.676259 -0.658293 0.098965 0.438765 1 49 1.000000
tex
  49 1.192595 -4.076343 60.132904 0.246341 -0.690249 -0.680347 0.100356 0.438726 1 49 1.000000
  49 1.121916 -4.089072 60.196285 -0.127648 -0.890647 0.436409 0.100151 0.438812 1 49 1.000000
  49 0.918483 -4.063646 60.012630 0.330642 -0.676259 -0.658293 0.098965 0.438765 1 49 1.000000
tex
  49 1.422318 -4.076118 60.263386 0.035549 -0.868075 0.495159 0.101443 0.438795 1 49 1.000000
  49 1.121916 -4.089072 60.196285 -0.127648 -0.890647 0.436409 0.100151 0.438812 1 49 1.000000
  49 1.192595 -4.076343 60.132904 0.246341 -0.690249 -0.680347 0.100356 0.438726 1 49 1.000000
tex
  49 1.460875 -4.062373 60.188919 0.193970 -0.697124 -0.690212 0.101596 0.438712 1 49 1.000000
  49 1.422318 -4.076118 60.263386 0.035549 -0.868075 0.495159 0.101443 0.438795 1 49 1.000000
  49 1.192595 -4.076343 60.132904 0.246341 -0.690249 -0.680347 0.100356 0.438726 1 49 1.000000
tex
  49 1.202155 -4.021829 60.129280 0.259204 0.165507 -0.951536 0.100398 0.438755 1 49 1.000000
  49 1.460875 -4.062373 60.188919 0.193970 -0.697124 -0.690212 0.101596 0.438712 1 49 1.000000
  49 1.192595 -4.076343 60.132904 0.246341 -0.690249 -0.680347 0.100356 0.438726 1 49 1.000000
tex
  49 1.461894 -4.007819 60.182133 0.084249 0.139680 -0.986606 0.101633 0.438731 1 49 1.000000
  49 1.460875 -4.062373 60.188919 0.193970 -0.697124 -0.690212 0.101596 0.438712 1 49 1.000000
  49 1.202155 -4.021829 60.129280 0.259204 0.165507 -0.951536 0.100398 0.438755 1 49 1.000000
tex
  49 0.433738 -4.028954 59.624664 -0.049284 -0.821604 -0.567924 0.097575 0.438739 1 49 1.000000
  49 0.546767 -3.972499 59.456074 -0.491478 -0.725376 -0.481953 0.097965 0.438733 1 49 1.000000
  49 0.620823 -3.995152 59.606205 0.609075 -0.790835 -0.060058 0.097826 0.438806 1 49 1.000000
tex
  49 0.620823 -3.995152 59.606205 0.609075 -0.790835 -0.060058 0.097826 0.438806 1 49 1.000000
  49 0.546767 -3.972499 59.456074 -0.491478 -0.725376 -0.481953 0.097965 0.438733 1 49 1.000000
  49 0.675282 -3.966637 59.442837 0.545332 -0.836462 0.054258 0.098098 0.438808 1 49 1.000000
tex
  49 0.641217 -3.943213 59.614059 0.971241 -0.021357 0.237137 0.097848 0.438795 1 49 1.000000
  49 0.620823 -3.995152 59.606205 0.609075 -0.790835 -0.060058 0.097826 0.438806 1 49 1.000000
  49 0.675282 -3.966637 59.442837 0.545332 -0.836462 0.054258 0.098098 0.438808 1 49 1.000000
tex
  49 0.696760 -3.914309 59.449959 0.924324 -0.054228 0.377737 0.098123 0.438788 1 49 1.000000
  49 0.641217 -3.943213 59.614059 0.971241 -0.021357 0.237137 0.097848 0.438795 1 49 1.000000
  49 0.675282 -3.966637 59.442837 0.545332 -0.836462 0.054258 0.098098 0.438808 1 49 1.000000
tex
  49 0.673338 -3.862430 59.461281 0.515120 0.787188 0.339097 0.098100 0.438771 1 49 1.000000
  49 0.641217 -3.943213 59.614059 0.971241 -0.021357 0.237137 0.097848 0.438795 1 49 1.000000
  49 0.696760 -3.914309 59.449959 0.924324 -0.054228 0.377737 0.098123 0.438788 1 49 1.000000
tex
  49 0.673338 -3.862430 59.461281 0.515120 0.787188 0.339097 0.098100 0.438771 1 49 1.000000
  49 0.696760 -3.914309 59.449959 0.924324 -0.054228 0.377737 0.098123 0.438788 1 49 1.000000
  49 0.747714 -3.834114 59.300697 0.502374 0.759679 0.412927 0.098476 0.438764 1 49 1.000000
tex
  49 0.630606 -3.834447 59.303318 -0.501608 0.850843 -0.156385 0.098347 0.438825 1 49 1.000000
  49 0.673338 -3.862430 59.461281 0.515120 0.787188 0.339097 0.098100 0.438771 1 49 1.000000
  49 0.747714 -3.834114 59.300697 0.502374 0.759679 0.412927 0.098476 0.438764 1 49 1.000000
tex
  49 0.734298 -3.807134 59.153931 -0.368908 0.879671 -0.300142 0.098680 0.438823 1 49 1.000000
  49 0.630606 -3.834447 59.303318 -0.501608 0.850843 -0.156385 0.098347 0.438825 1 49 1.000000
  49 0.747714 -3.834114 59.300697 0.502374 0.759679 0.412927 0.098476 0.438764 1 49 1.000000
tex
  49 0.630606 -3.834447 59.303318 -0.501608 0.850843 -0.156385 0.098347 0.438825 1 49 1.000000
  49 0.734298 -3.807134 59.153931 -0.368908 0.879671 -0.300142 0.098680 0.438823 1 49 1.000000
  49 0.716325 -3.858363 59.139103 -0.733008 0.109057 -0.671420 0.098657 0.438778 1 49 1.000000
tex
  49 0.734298 -3.807134 59.153931 -0.368908 0.879671 -0.300142 0.098680 0.438823 1 49 1.000000
  49 0.911600 -3.831543 59.030125 -0.378739 0.165913 -0.910511 0.099148 0.438770 1 49 1.000000
  49 0.716325 -3.858363 59.139103 -0.733008 0.109057 -0.671420 0.098657 0.438778 1 49 1.000000
tex
  49 0.911600 -3.831543 59.030125 -0.378739 0.165913 -0.910511 0.099148 0.438770 1 49 1.000000
  49 0.736465 -3.911444 59.134594 -0.350677 -0.715248 -0.604521 0.098678 0.438735 1 49 1.000000
  49 0.716325 -3.858363 59.139103 -0.733008 0.109057 -0.671420 0.098657 0.438778 1 49 1.000000
tex
  49 0.736465 -3.911444 59.134594 -0.350677 -0.715248 -0.604521 0.098678 0.438735 1 49 1.000000
  49 0.633028 -3.938581 59.284637 -0.483897 -0.755594 -0.441499 0.098346 0.438747 1 49 1.000000
  49 0.716325 -3.858363 59.139103 -0.733008 0.109057 -0.671420 0.098657 0.438778 1 49 1.000000
tex
  49 0.633028 -3.938581 59.284637 -0.483897 -0.755594 -0.441499 0.098346 0.438747 1 49 1.000000
  49 0.736465 -3.911444 59.134594 -0.350677 -0.715248 -0.604521 0.098678 0.438735 1 49 1.000000
  49 0.748893 -3.938541 59.282024 0.508645 -0.851801 0.125361 0.098476 0.438801 1 49 1.000000
tex
  49 0.734298 -3.807134 59.153931 -0.368908 0.879671 -0.300142 0.098680 0.438823 1 49 1.000000
  49 0.923391 -3.781581 59.051586 -0.183322 0.900087 -0.395268 0.099184 0.438828 1 49 1.000000
  49 0.911600 -3.831543 59.030125 -0.378739 0.165913 -0.910511 0.099148 0.438770 1 49 1.000000
tex
  49 0.923391 -3.781581 59.051586 -0.183322 0.900087 -0.395268 0.099184 0.438828 1 49 1.000000
  49 0.734298 -3.807134 59.153931 -0.368908 0.879671 -0.300142 0.098680 0.438823 1 49 1.000000
  49 0.836014 -3.812027 59.181503 0.387923 0.720858 0.574351 0.098815 0.438773 1 49 1.000000
tex
  49 0.734298 -3.807134 59.153931 -0.368908 0.879671 -0.300142 0.098680 0.438823 1 49 1.000000
  49 0.747714 -3.834114 59.300697 0.502374 0.759679 0.412927 0.098476 0.438764 1 49 1.000000
  49 0.836014 -3.812027 59.181503 0.387923 0.720858 0.574351 0.098815 0.438773 1 49 1.000000
tex
  49 0.836014 -3.812027 59.181503 0.387923 0.720858 0.574351 0.098815 0.438773 1 49 1.000000
  49 0.747714 -3.834114 59.300697 0.502374 0.759679 0.412927 0.098476 0.438764 1 49 1.000000
  49 0.770147 -3.886293 59.290886 0.844310 -0.085688 0.528960 0.098506 0.438779 1 49 1.000000
tex
  49 0.747714 -3.834114 59.300697 0.502374 0.759679 0.412927 0.098476 0.438764 1 49 1.000000
  49 0.696760 -3.914309 59.449959 0.924324 -0.054228 0.377737 0.098123 0.438788 1 49 1.000000
  49 0.770147 -3.886293 59.290886 0.844310 -0.085688 0.528960 0.098506 0.438779 1 49 1.000000
tex
  49 0.770147 -3.886293 59.290886 0.844310 -0.085688 0.528960 0.098506 0.438779 1 49 1.000000
  49 0.696760 -3.914309 59.449959 0.924324 -0.054228 0.377737 0.098123 0.438788 1 49 1.000000
  49 0.748893 -3.938541 59.282024 0.508645 -0.851801 0.125361 0.098476 0.438801 1 49 1.000000
tex
  49 0.696760 -3.914309 59.449959 0.924324 -0.054228 0.377737 0.098123 0.438788 1 49 1.000000
  49 0.675282 -3.966637 59.442837 0.545332 -0.836462 0.054258 0.098098 0.438808 1 49 1.000000
  49 0.748893 -3.938541 59.282024 0.508645 -0.851801 0.125361 0.098476 0.438801 1 49 1.000000
tex
  49 0.675282 -3.966637 59.442837 0.545332 -0.836462 0.054258 0.098098 0.438808 1 49 1.000000
  49 0.633028 -3.938581 59.284637 -0.483897 -0.755594 -0.441499 0.098346 0.438747 1 49 1.000000
  49 0.748893 -3.938541 59.282024 0.508645 -0.851801 0.125361 0.098476 0.438801 1 49 1.000000
tex
  49 0.675282 -3.966637 59.442837 0.545332 -0.836462 0.054258 0.098098 0.438808 1 49 1.000000
  49 0.546767 -3.972499 59.456074 -0.491478 -0.725376 -0.481953 0.097965 0.438733 1 49 1.000000
  49 0.633028 -3.938581 59.284637 -0.483897 -0.755594 -0.441499 0.098346 0.438747 1 49 1.000000
tex
  49 0.633028 -3.938581 59.284637 -0.483897 -0.755594 -0.441499 0.098346 0.438747 1 49 1.000000
  49 0.546767 -3.972499 59.456074 -0.491478 -0.725376 -0.481953 0.097965 0.438733 1 49 1.000000
  49 0.609989 -3.886534 59.294460 -0.874002 0.062023 -0.481947 0.098325 0.438784 1 49 1.000000
tex
  49 0.546767 -3.972499 59.456074 -0.491478 -0.725376 -0.481953 0.097965 0.438733 1 49 1.000000
  49 0.522771 -3.920245 59.466740 -0.848043 0.166032 -0.503246 0.097947 0.438794 1 49 1.000000
  49 0.609989 -3.886534 59.294460 -0.874002 0.062023 -0.481947 0.098325 0.438784 1 49 1.000000
tex
  49 0.522771 -3.920245 59.466740 -0.848043 0.166032 -0.503246 0.097947 0.438794 1 49 1.000000
  49 0.541190 -3.868929 59.474464 -0.553215 0.823662 -0.124638 0.097975 0.438853 1 49 1.000000
  49 0.609989 -3.886534 59.294460 -0.874002 0.062023 -0.481947 0.098325 0.438784 1 49 1.000000
tex
  49 0.423764 -3.924026 59.643425 -0.451052 0.876368 -0.168914 0.097600 0.438862 1 49 1.000000
  49 0.541190 -3.868929 59.474464 -0.553215 0.823662 -0.124638 0.097975 0.438853 1 49 1.000000
  49 0.522771 -3.920245 59.466740 -0.848043 0.166032 -0.503246 0.097947 0.438794 1 49 1.000000
tex
  49 0.541190 -3.868929 59.474464 -0.553215 0.823662 -0.124638 0.097975 0.438853 1 49 1.000000
  49 0.423764 -3.924026 59.643425 -0.451052 0.876368 -0.168914 0.097600 0.438862 1 49 1.000000
  49 0.617668 -3.891232 59.624622 0.494205 0.835127 0.241504 0.097836 0.438784 1 49 1.000000
tex
  49 0.423764 -3.924026 59.643425 -0.451052 0.876368 -0.168914 0.097600 0.438862 1 49 1.000000
  49 0.607949 -3.914728 59.758423 0.256807 0.961681 0.096021 0.097768 0.438800 1 49 1.000000
  49 0.617668 -3.891232 59.624622 0.494205 0.835127 0.241504 0.097836 0.438784 1 49 1.000000
tex
  49 0.607949 -3.914728 59.758423 0.256807 0.961681 0.096021 0.097768 0.438800 1 49 1.000000
  49 0.631243 -3.966739 59.748219 0.964190 0.074441 -0.254548 0.097794 0.438796 1 49 1.000000
  49 0.617668 -3.891232 59.624622 0.494205 0.835127 0.241504 0.097836 0.438784 1 49 1.000000
tex
  49 0.607949 -3.914728 59.758423 0.256807 0.961681 0.096021 0.097768 0.438800 1 49 1.000000
  49 0.695995 -3.936647 59.886406 0.382925 0.902078 -0.199057 0.098018 0.438771 1 49 1.000000
  49 0.631243 -3.966739 59.748219 0.964190 0.074441 -0.254548 0.097794 0.438796 1 49 1.000000
tex
  49 0.695995 -3.936647 59.886406 0.382925 0.902078 -0.199057 0.098018 0.438771 1 49 1.000000
  49 0.718333 -3.988260 59.874485 0.653827 0.155531 -0.740486 0.098059 0.438797 1 49 1.000000
  49 0.631243 -3.966739 59.748219 0.964190 0.074441 -0.254548 0.097794 0.438796 1 49 1.000000
tex
  49 2.228398 -3.600628 59.046211 -0.146181 0.919422 -0.365095 0.107719 0.438696 1 49 1.000000
  49 2.192995 -3.629479 59.116432 -0.214200 0.585591 0.781793 0.107492 0.438583 1 49 1.000000
  49 2.606521 -3.549373 59.198151 -0.448806 0.508144 0.735093 0.110486 0.438562 1 49 1.000000
tex
  49 2.228398 -3.600628 59.046211 -0.146181 0.919422 -0.365095 0.107719 0.438696 1 49 1.000000
  49 1.708824 -3.695910 59.016594 -0.143569 0.977671 -0.153449 0.103659 0.438766 1 49 1.000000
  49 2.192995 -3.629479 59.116432 -0.214200 0.585591 0.781793 0.107492 0.438583 1 49 1.000000
tex
  49 1.708824 -3.695910 59.016594 -0.143569 0.977671 -0.153449 0.103659 0.438766 1 49 1.000000
  49 2.228398 -3.600628 59.046211 -0.146181 0.919422 -0.365095 0.107719 0.438696 1 49 1.000000
  49 1.716534 -3.743196 58.990788 -0.003673 0.223295 -0.974744 0.103654 0.438689 1 49 1.000000
tex
  49 1.254574 -3.751972 59.013214 -0.104388 0.905923 -0.410373 0.100661 0.438812 1 49 1.000000
  49 1.708824 -3.695910 59.016594 -0.143569 0.977671 -0.153449 0.103659 0.438766 1 49 1.000000
  49 1.716534 -3.743196 58.990788 -0.003673 0.223295 -0.974744 0.103654 0.438689 1 49 1.000000
tex
  49 1.251706 -3.800894 58.988255 -0.096631 0.198824 -0.975260 0.100623 0.438744 1 49 1.000000
  49 1.254574 -3.751972 59.013214 -0.104388 0.905923 -0.410373 0.100661 0.438812 1 49 1.000000
  49 1.716534 -3.743196 58.990788 -0.003673 0.223295 -0.974744 0.103654 0.438689 1 49 1.000000
tex
  49 0.923391 -3.781581 59.051586 -0.183322 0.900087 -0.395268 0.099184 0.438828 1 49 1.000000
  49 1.254574 -3.751972 59.013214 -0.104388 0.905923 -0.410373 0.100661 0.438812 1 49 1.000000
  49 1.251706 -3.800894 58.988255 -0.096631 0.198824 -0.975260 0.100623 0.438744 1 49 1.000000
tex
  49 0.923391 -3.781581 59.051586 -0.183322 0.900087 -0.395268 0.099184 0.438828 1 49 1.000000
  49 1.251706 -3.800894 58.988255 -0.096631 0.198824 -0.975260 0.100623 0.438744 1 49 1.000000
  49 0.911600 -3.831543 59.030125 -0.378739 0.165913 -0.910511 0.099148 0.438770 1 49 1.000000
tex
  49 1.251706 -3.800894 58.988255 -0.096631 0.198824 -0.975260 0.100623 0.438744 1 49 1.000000
  49 0.928107 -3.885455 59.031071 -0.120338 -0.666164 -0.736033 0.099177 0.438714 1 49 1.000000
  49 0.911600 -3.831543 59.030125 -0.378739 0.165913 -0.910511 0.099148 0.438770 1 49 1.000000
tex
  49 0.928107 -3.885455 59.031071 -0.120338 -0.666164 -0.736033 0.099177 0.438714 1 49 1.000000
  49 0.736465 -3.911444 59.134594 -0.350677 -0.715248 -0.604521 0.098678 0.438735 1 49 1.000000
  49 0.911600 -3.831543 59.030125 -0.378739 0.165913 -0.910511 0.099148 0.438770 1 49 1.000000
tex
  49 0.736465 -3.911444 59.134594 -0.350677 -0.715248 -0.604521 0.098678 0.438735 1 49 1.000000
  49 0.928107 -3.885455 59.031071 -0.120338 -0.666164 -0.736033 0.099177 0.438714 1 49 1.000000
  49 0.838022 -3.916334 59.162136 0.417812 -0.871526 0.256662 0.098812 0.438778 1 49 1.000000
tex
  49 0.748893 -3.938541 59.282024 0.508645 -0.851801 0.125361 0.098476 0.438801 1 49 1.000000
  49 0.736465 -3.911444 59.134594 -0.350677 -0.715248 -0.604521 0.098678 0.438735 1 49 1.000000
  49 0.838022 -3.916334 59.162136 0.417812 -0.871526 0.256662 0.098812 0.438778 1 49 1.000000
tex
  49 0.770147 -3.886293 59.290886 0.844310 -0.085688 0.528960 0.098506 0.438779 1 49 1.000000
  49 0.748893 -3.938541 59.282024 0.508645 -0.851801 0.125361 0.098476 0.438801 1 49 1.000000
  49 0.838022 -3.916334 59.162136 0.417812 -0.871526 0.256662 0.098812 0.438778 1 49 1.000000
tex
  49 0.856090 -3.865109 59.176998 0.547230 -0.144831 0.824357 0.098852 0.438774 1 49 1.000000
  49 0.770147 -3.886293 59.290886 0.844310 -0.085688 0.528960 0.098506 0.438779 1 49 1.000000
  49 0.838022 -3.916334 59.162136 0.417812 -0.871526 0.256662 0.098812 0.438778 1 49 1.000000
tex
  49 0.836014 -3.812027 59.181503 0.387923 0.720858 0.574351 0.098815 0.438773 1 49 1.000000
  49 0.770147 -3.886293 59.290886 0.844310 -0.085688 0.528960 0.098506 0.438779 1 49 1.000000
  49 0.856090 -3.865109 59.176998 0.547230 -0.144831 0.824357 0.098852 0.438774 1 49 1.000000
tex
  49 0.998849 -3.792133 59.111431 0.140401 0.661623 0.736574 0.099392 0.438771 1 49 1.000000
  49 0.836014 -3.812027 59.181503 0.387923 0.720858 0.574351 0.098815 0.438773 1 49 1.000000
  49 0.856090 -3.865109 59.176998 0.547230 -0.144831 0.824357 0.098852 0.438774 1 49 1.000000
tex
  49 0.923391 -3.781581 59.051586 -0.183322 0.900087 -0.395268 0.099184 0.438828 1 49 1.000000
  49 0.836014 -3.812027 59.181503 0.387923 0.720858 0.574351 0.098815 0.438773 1 49 1.000000
  49 0.998849 -3.792133 59.111431 0.140401 0.661623 0.736574 0.099392 0.438771 1 49 1.000000
tex
  49 1.254574 -3.751972 59.013214 -0.104388 0.905923 -0.410373 0.100661 0.438812 1 49 1.000000
  49 0.923391 -3.781581 59.051586 -0.183322 0.900087 -0.395268 0.099184 0.438828 1 49 1.000000
  49 0.998849 -3.792133 59.111431 0.140401 0.661623 0.736574 0.099392 0.438771 1 49 1.000000
tex
  49 1.294916 -3.765670 59.087234 -0.037430 0.636656 0.770239 0.100864 0.438721 1 49 1.000000
  49 1.254574 -3.751972 59.013214 -0.104388 0.905923 -0.410373 0.100661 0.438812 1 49 1.000000
  49 0.998849 -3.792133 59.111431 0.140401 0.661623 0.736574 0.099392 0.438771 1 49 1.000000
tex
  49 1.251706 -3.800894 58.988255 -0.096631 0.198824 -0.975260 0.100623 0.438744 1 49 1.000000
  49 1.263975 -3.854935 58.991020 0.033078 -0.638770 -0.768686 0.100656 0.438677 1 49 1.000000
  49 0.928107 -3.885455 59.031071 -0.120338 -0.666164 -0.736033 0.099177 0.438714 1 49 1.000000
tex
  49 0.928107 -3.885455 59.031071 -0.120338 -0.666164 -0.736033 0.099177 0.438714 1 49 1.000000
  49 1.263975 -3.854935 58.991020 0.033078 -0.638770 -0.768686 0.100656 0.438677 1 49 1.000000
  49 1.003566 -3.896008 59.090916 0.226543 -0.887896 0.400398 0.099384 0.438758 1 49 1.000000
tex
  49 0.838022 -3.916334 59.162136 0.417812 -0.871526 0.256662 0.098812 0.438778 1 49 1.000000
  49 0.928107 -3.885455 59.031071 -0.120338 -0.666164 -0.736033 0.099177 0.438714 1 49 1.000000
  49 1.003566 -3.896008 59.090916 0.226543 -0.887896 0.400398 0.099384 0.438758 1 49 1.000000
tex
  49 0.856090 -3.865109 59.176998 0.547230 -0.144831 0.824357 0.098852 0.438774 1 49 1.000000
  49 0.838022 -3.916334 59.162136 0.417812 -0.871526 0.256662 0.098812 0.438778 1 49 1.000000
  49 1.003566 -3.896008 59.090916 0.226543 -0.887896 0.400398 0.099384 0.438758 1 49 1.000000
tex
  49 1.015356 -3.846046 59.112377 0.194153 -0.187429 0.962899 0.099431 0.438760 1 49 1.000000
  49 0.856090 -3.865109 59.176998 0.547230 -0.144831 0.824357 0.098852 0.438774 1 49 1.000000
  49 1.003566 -3.896008 59.090916 0.226543 -0.887896 0.400398 0.099384 0.438758 1 49 1.000000
tex
  49 0.998849 -3.792133 59.111431 0.140401 0.661623 0.736574 0.099392 0.438771 1 49 1.000000
  49 0.856090 -3.865109 59.176998 0.547230 -0.144831 0.824357 0.098852 0.438774 1 49 1.000000
  49 1.015356 -3.846046 59.112377 0.194153 -0.187429 0.962899 0.099431 0.438760 1 49 1.000000
tex
  49 1.294916 -3.765670 59.087234 -0.037430 0.636656 0.770239 0.100864 0.438721 1 49 1.000000
  49 0.998849 -3.792133 59.111431 0.140401 0.661623 0.736574 0.099392 0.438771 1 49 1.000000
  49 1.015356 -3.846046 59.112377 0.194153 -0.187429 0.962899 0.099431 0.438760 1 49 1.000000
tex
  49 1.307185 -3.819710 59.090000 0.042824 -0.212779 0.976161 0.100897 0.438734 1 49 1.000000
  49 1.294916 -3.765670 59.087234 -0.037430 0.636656 0.770239 0.100864 0.438721 1 49 1.000000
  49 1.015356 -3.846046 59.112377 0.194153 -0.187429 0.962899 0.099431 0.438760 1 49 1.000000
tex
  49 1.294916 -3.765670 59.087234 -0.037430 0.636656 0.770239 0.100864 0.438721 1 49 1.000000
  49 1.307185 -3.819710 59.090000 0.042824 -0.212779 0.976161 0.100897 0.438734 1 49 1.000000
  49 1.710545 -3.714386 59.091846 -0.088317 0.418365 0.903975 0.103665 0.438647 1 49 1.000000
tex
  49 1.710545 -3.714386 59.091846 -0.088317 0.418365 0.903975 0.103665 0.438647 1 49 1.000000
  49 1.307185 -3.819710 59.090000 0.042824 -0.212779 0.976161 0.100897 0.438734 1 49 1.000000
  49 1.718894 -3.768627 59.094276 0.004538 -0.224466 0.974471 0.103665 0.438681 1 49 1.000000
tex
  49 1.710545 -3.714386 59.091846 -0.088317 0.418365 0.903975 0.103665 0.438647 1 49 1.000000
  49 1.718894 -3.768627 59.094276 0.004538 -0.224466 0.974471 0.103665 0.438681 1 49 1.000000
  49 2.198635 -3.684645 59.118065 -0.049694 -0.239333 0.969665 0.107461 0.438609 1 49 1.000000
tex
  49 2.198635 -3.684645 59.118065 -0.049694 -0.239333 0.969665 0.107461 0.438609 1 49 1.000000
  49 1.718894 -3.768627 59.094276 0.004538 -0.224466 0.974471 0.103665 0.438681 1 49 1.000000
  49 1.726605 -3.815919 59.068508 0.098242 -0.775695 0.623415 0.103663 0.438721 1 49 1.000000
tex
  49 2.198635 -3.684645 59.118065 -0.049694 -0.239333 0.969665 0.107461 0.438609 1 49 1.000000
  49 1.726605 -3.815919 59.068508 0.098242 -0.775695 0.623415 0.103663 0.438721 1 49 1.000000
  49 2.217532 -3.729023 59.093372 0.106272 -0.915004 0.389195 0.107514 0.438651 1 49 1.000000
tex
  49 1.726605 -3.815919 59.068508 0.098242 -0.775695 0.623415 0.103663 0.438721 1 49 1.000000
  49 1.724884 -3.797436 58.993233 0.138437 -0.784552 -0.604411 0.103653 0.438615 1 49 1.000000
  49 2.217532 -3.729023 59.093372 0.106272 -0.915004 0.389195 0.107514 0.438651 1 49 1.000000
tex
  49 1.724884 -3.797436 58.993233 0.138437 -0.784552 -0.604411 0.103653 0.438615 1 49 1.000000
  49 2.252903 -3.700197 59.023117 0.213118 -0.572820 -0.791491 0.107732 0.438542 1 49 1.000000
  49 2.217532 -3.729023 59.093372 0.106272 -0.915004 0.389195 0.107514 0.438651 1 49 1.000000
tex
  49 2.252903 -3.700197 59.023117 0.213118 -0.572820 -0.791491 0.107732 0.438542 1 49 1.000000
  49 1.724884 -3.797436 58.993233 0.138437 -0.784552 -0.604411 0.103653 0.438615 1 49 1.000000
  49 1.716534 -3.743196 58.990788 -0.003673 0.223295 -0.974744 0.103654 0.438689 1 49 1.000000
tex
  49 2.247262 -3.645001 59.021507 0.118837 0.259833 -0.958313 0.107764 0.438613 1 49 1.000000
  49 2.252903 -3.700197 59.023117 0.213118 -0.572820 -0.791491 0.107732 0.438542 1 49 1.000000
  49 1.716534 -3.743196 58.990788 -0.003673 0.223295 -0.974744 0.103654 0.438689 1 49 1.000000
tex
  49 2.228398 -3.600628 59.046211 -0.146181 0.919422 -0.365095 0.107719 0.438696 1 49 1.000000
  49 2.247262 -3.645001 59.021507 0.118837 0.259833 -0.958313 0.107764 0.438613 1 49 1.000000
  49 1.716534 -3.743196 58.990788 -0.003673 0.223295 -0.974744 0.103654 0.438689 1 49 1.000000
tex
  49 1.718894 -3.768627 59.094276 0.004538 -0.224466 0.974471 0.103665 0.438681 1 49 1.000000
  49 1.307185 -3.819710 59.090000 0.042824 -0.212779 0.976161 0.100897 0.438734 1 49 1.000000
  49 1.726605 -3.815919 59.068508 0.098242 -0.775695 0.623415 0.103663 0.438721 1 49 1.000000
tex
  49 1.307185 -3.819710 59.090000 0.042824 -0.212779 0.976161 0.100897 0.438734 1 49 1.000000
  49 1.304317 -3.868632 59.065029 0.125031 -0.898981 0.419762 0.100856 0.438753 1 49 1.000000
  49 1.726605 -3.815919 59.068508 0.098242 -0.775695 0.623415 0.103663 0.438721 1 49 1.000000
tex
  49 1.304317 -3.868632 59.065029 0.125031 -0.898981 0.419762 0.100856 0.438753 1 49 1.000000
  49 1.724884 -3.797436 58.993233 0.138437 -0.784552 -0.604411 0.103653 0.438615 1 49 1.000000
  49 1.726605 -3.815919 59.068508 0.098242 -0.775695 0.623415 0.103663 0.438721 1 49 1.000000
tex
  49 1.304317 -3.868632 59.065029 0.125031 -0.898981 0.419762 0.100856 0.438753 1 49 1.000000
  49 1.263975 -3.854935 58.991020 0.033078 -0.638770 -0.768686 0.100656 0.438677 1 49 1.000000
  49 1.724884 -3.797436 58.993233 0.138437 -0.784552 -0.604411 0.103653 0.438615 1 49 1.000000
tex
  49 1.724884 -3.797436 58.993233 0.138437 -0.784552 -0.604411 0.103653 0.438615 1 49 1.000000
  49 1.263975 -3.854935 58.991020 0.033078 -0.638770 -0.768686 0.100656 0.438677 1 49 1.000000
  49 1.716534 -3.743196 58.990788 -0.003673 0.223295 -0.974744 0.103654 0.438689 1 49 1.000000
tex
  49 1.263975 -3.854935 58.991020 0.033078 -0.638770 -0.768686 0.100656 0.438677 1 49 1.000000
  49 1.251706 -3.800894 58.988255 -0.096631 0.198824 -0.975260 0.100623 0.438744 1 49 1.000000
  49 1.716534 -3.743196 58.990788 -0.003673 0.223295 -0.974744 0.103654 0.438689 1 49 1.000000
tex
  49 1.263975 -3.854935 58.991020 0.033078 -0.638770 -0.768686 0.100656 0.438677 1 49 1.000000
  49 1.304317 -3.868632 59.065029 0.125031 -0.898981 0.419762 0.100856 0.438753 1 49 1.000000
  49 1.003566 -3.896008 59.090916 0.226543 -0.887896 0.400398 0.099384 0.438758 1 49 1.000000
tex
  49 1.304317 -3.868632 59.065029 0.125031 -0.898981 0.419762 0.100856 0.438753 1 49 1.000000
  49 1.015356 -3.846046 59.112377 0.194153 -0.187429 0.962899 0.099431 0.438760 1 49 1.000000
  49 1.003566 -3.896008 59.090916 0.226543 -0.887896 0.400398 0.099384 0.438758 1 49 1.000000
tex
  49 1.304317 -3.868632 59.065029 0.125031 -0.898981 0.419762 0.100856 0.438753 1 49 1.000000
  49 1.307185 -3.819710 59.090000 0.042824 -0.212779 0.976161 0.100897 0.438734 1 49 1.000000
  49 1.015356 -3.846046 59.112377 0.194153 -0.187429 0.962899 0.099431 0.438760 1 49 1.000000
tex
  49 1.708824 -3.695910 59.016594 -0.143569 0.977671 -0.153449 0.103659 0.438766 1 49 1.000000
  49 1.254574 -3.751972 59.013214 -0.104388 0.905923 -0.410373 0.100661 0.438812 1 49 1.000000
  49 1.294916 -3.765670 59.087234 -0.037430 0.636656 0.770239 0.100864 0.438721 1 49 1.000000
tex
  49 1.708824 -3.695910 59.016594 -0.143569 0.977671 -0.153449 0.103659 0.438766 1 49 1.000000
  49 1.294916 -3.765670 59.087234 -0.037430 0.636656 0.770239 0.100864 0.438721 1 49 1.000000
  49 1.710545 -3.714386 59.091846 -0.088317 0.418365 0.903975 0.103665 0.438647 1 49 1.000000
tex
  49 1.708824 -3.695910 59.016594 -0.143569 0.977671 -0.153449 0.103659 0.438766 1 49 1.000000
  49 1.710545 -3.714386 59.091846 -0.088317 0.418365 0.903975 0.103665 0.438647 1 49 1.000000
  49 2.192995 -3.629479 59.116432 -0.214200 0.585591 0.781793 0.107492 0.438583 1 49 1.000000
tex
  49 2.192995 -3.629479 59.116432 -0.214200 0.585591 0.781793 0.107492 0.438583 1 49 1.000000
  49 1.710545 -3.714386 59.091846 -0.088317 0.418365 0.903975 0.103665 0.438647 1 49 1.000000
  49 2.198635 -3.684645 59.118065 -0.049694 -0.239333 0.969665 0.107461 0.438609 1 49 1.000000
tex
  49 2.192995 -3.629479 59.116432 -0.214200 0.585591 0.781793 0.107492 0.438583 1 49 1.000000
  49 2.198635 -3.684645 59.118065 -0.049694 -0.239333 0.969665 0.107461 0.438609 1 49 1.000000
  49 2.609962 -3.605705 59.195942 -0.258391 -0.298052 0.918912 0.110443 0.438552 1 49 1.000000
tex
  49 2.198635 -3.684645 59.118065 -0.049694 -0.239333 0.969665 0.107461 0.438609 1 49 1.000000
  49 2.217532 -3.729023 59.093372 0.106272 -0.915004 0.389195 0.107514 0.438651 1 49 1.000000
  49 2.609962 -3.605705 59.195942 -0.258391 -0.298052 0.918912 0.110443 0.438552 1 49 1.000000
tex
  49 2.609962 -3.605705 59.195942 -0.258391 -0.298052 0.918912 0.110443 0.438552 1 49 1.000000
  49 2.217532 -3.729023 59.093372 0.106272 -0.915004 0.389195 0.107514 0.438651 1 49 1.000000
  49 2.639724 -3.646755 59.176601 -0.006273 -0.953983 0.299795 0.110517 0.438565 1 49 1.000000
tex
  49 2.217532 -3.729023 59.093372 0.106272 -0.915004 0.389195 0.107514 0.438651 1 49 1.000000
  49 2.252903 -3.700197 59.023117 0.213118 -0.572820 -0.791491 0.107732 0.438542 1 49 1.000000
  49 2.639724 -3.646755 59.176601 -0.006273 -0.953983 0.299795 0.110517 0.438565 1 49 1.000000
tex
  49 2.252903 -3.700197 59.023117 0.213118 -0.572820 -0.791491 0.107732 0.438542 1 49 1.000000
  49 2.709798 -3.606149 59.130928 0.428267 -0.506373 -0.748448 0.110800 0.438490 1 49 1.000000
  49 2.639724 -3.646755 59.176601 -0.006273 -0.953983 0.299795 0.110517 0.438565 1 49 1.000000
tex
  49 2.252903 -3.700197 59.023117 0.213118 -0.572820 -0.791491 0.107732 0.438542 1 49 1.000000
  49 2.247262 -3.645001 59.021507 0.118837 0.259833 -0.958313 0.107764 0.438613 1 49 1.000000
  49 2.709798 -3.606149 59.130928 0.428267 -0.506373 -0.748448 0.110800 0.438490 1 49 1.000000
tex
  49 2.709798 -3.606149 59.130928 0.428267 -0.506373 -0.748448 0.110800 0.438490 1 49 1.000000
  49 2.247262 -3.645001 59.021507 0.118837 0.259833 -0.958313 0.107764 0.438613 1 49 1.000000
  49 2.706356 -3.549815 59.133129 0.435273 0.351906 -0.828673 0.110836 0.438556 1 49 1.000000
tex
  49 2.247262 -3.645001 59.021507 0.118837 0.259833 -0.958313 0.107764 0.438613 1 49 1.000000
  49 2.676593 -3.508733 59.152466 -0.089640 0.946446 -0.310169 0.110779 0.438637 1 49 1.000000
  49 2.706356 -3.549815 59.133129 0.435273 0.351906 -0.828673 0.110836 0.438556 1 49 1.000000
tex
  49 2.676593 -3.508733 59.152466 -0.089640 0.946446 -0.310169 0.110779 0.438637 1 49 1.000000
  49 2.937990 -3.462687 59.370655 0.035373 0.977922 -0.205954 0.112161 0.438607 1 49 1.000000
  49 2.706356 -3.549815 59.133129 0.435273 0.351906 -0.828673 0.110836 0.438556 1 49 1.000000
tex
  49 2.937990 -3.462687 59.370655 0.035373 0.977922 -0.205954 0.112161 0.438607 1 49 1.000000
  49 2.676593 -3.508733 59.152466 -0.089640 0.946446 -0.310169 0.110779 0.438637 1 49 1.000000
  49 2.836370 -3.512017 59.365070 -0.725137 0.455514 0.516413 0.111891 0.438541 1 49 1.000000
tex
  49 2.937990 -3.462687 59.370655 0.035373 0.977922 -0.205954 0.112161 0.438607 1 49 1.000000
  49 2.836370 -3.512017 59.365070 -0.725137 0.455514 0.516413 0.111891 0.438541 1 49 1.000000
  49 2.936048 -3.505861 59.562103 -0.827396 0.466434 0.312818 0.112602 0.438512 1 49 1.000000
tex
  49 2.936048 -3.505861 59.562103 -0.827396 0.466434 0.312818 0.112602 0.438512 1 49 1.000000
  49 2.836370 -3.512017 59.365070 -0.725137 0.455514 0.516413 0.111891 0.438541 1 49 1.000000
  49 2.935538 -3.563441 59.544582 -0.812694 -0.456367 0.362296 0.112554 0.438521 1 49 1.000000
tex
  49 2.985281 -3.569379 59.711109 -0.853677 -0.479392 0.203515 0.112904 0.438517 1 49 1.000000
  49 2.936048 -3.505861 59.562103 -0.827396 0.466434 0.312818 0.112602 0.438512 1 49 1.000000
  49 2.935538 -3.563441 59.544582 -0.812694 -0.456367 0.362296 0.112554 0.438521 1 49 1.000000
tex
  49 2.985281 -3.569379 59.711109 -0.853677 -0.479392 0.203515 0.112904 0.438517 1 49 1.000000
  49 2.935538 -3.563441 59.544582 -0.812694 -0.456367 0.362296 0.112554 0.438521 1 49 1.000000
  49 2.982029 -3.599654 59.544788 -0.076966 -0.996863 0.018439 0.112607 0.438533 1 49 1.000000
tex
  49 3.177082 -3.534811 59.758587 0.827760 -0.449155 -0.336263 0.113085 0.438488 1 49 1.000000
  49 3.233453 -3.518758 59.869587 0.707677 -0.539534 -0.456175 0.113290 0.438501 1 49 1.000000
  49 3.062045 -3.613112 59.842243 -0.025311 -0.993812 -0.108149 0.113061 0.438525 1 49 1.000000
tex
  49 3.035533 -3.603429 59.711536 -0.047050 -0.997736 -0.048047 0.112930 0.438534 1 49 1.000000
  49 3.177082 -3.534811 59.758587 0.827760 -0.449155 -0.336263 0.113085 0.438488 1 49 1.000000
  49 3.062045 -3.613112 59.842243 -0.025311 -0.993812 -0.108149 0.113061 0.438525 1 49 1.000000
tex
  49 3.010359 -3.580727 59.845562 -0.870409 -0.485171 0.083648 0.113049 0.438512 1 49 1.000000
  49 3.035533 -3.603429 59.711536 -0.047050 -0.997736 -0.048047 0.112930 0.438534 1 49 1.000000
  49 3.062045 -3.613112 59.842243 -0.025311 -0.993812 -0.108149 0.113061 0.438525 1 49 1.000000
tex
  49 2.985281 -3.569379 59.711109 -0.853677 -0.479392 0.203515 0.112904 0.438517 1 49 1.000000
  49 3.035533 -3.603429 59.711536 -0.047050 -0.997736 -0.048047 0.112930 0.438534 1 49 1.000000
  49 3.010359 -3.580727 59.845562 -0.870409 -0.485171 0.083648 0.113049 0.438512 1 49 1.000000
tex
  49 2.986555 -3.510708 59.727966 -0.844464 0.487380 0.222130 0.112930 0.438498 1 49 1.000000
  49 2.985281 -3.569379 59.711109 -0.853677 -0.479392 0.203515 0.112904 0.438517 1 49 1.000000
  49 3.010359 -3.580727 59.845562 -0.870409 -0.485171 0.083648 0.113049 0.438512 1 49 1.000000
tex
  49 2.985281 -3.569379 59.711109 -0.853677 -0.479392 0.203515 0.112904 0.438517 1 49 1.000000
  49 2.986555 -3.510708 59.727966 -0.844464 0.487380 0.222130 0.112930 0.438498 1 49 1.000000
  49 2.936048 -3.505861 59.562103 -0.827396 0.466434 0.312818 0.112602 0.438512 1 49 1.000000
tex
  49 2.986555 -3.510708 59.727966 -0.844464 0.487380 0.222130 0.112930 0.438498 1 49 1.000000
  49 3.061248 -3.448997 59.609379 0.079203 0.992279 -0.095446 0.112822 0.438585 1 49 1.000000
  49 2.936048 -3.505861 59.562103 -0.827396 0.466434 0.312818 0.112602 0.438512 1 49 1.000000
tex
  49 3.061248 -3.448997 59.609379 0.079203 0.992279 -0.095446 0.112822 0.438585 1 49 1.000000
  49 2.937990 -3.462687 59.370655 0.035373 0.977922 -0.205954 0.112161 0.438607 1 49 1.000000
  49 2.936048 -3.505861 59.562103 -0.827396 0.466434 0.312818 0.112602 0.438512 1 49 1.000000
tex
  49 2.937990 -3.462687 59.370655 0.035373 0.977922 -0.205954 0.112161 0.438607 1 49 1.000000
  49 3.061248 -3.448997 59.609379 0.079203 0.992279 -0.095446 0.112822 0.438585 1 49 1.000000
  49 2.977376 -3.501102 59.362064 0.712602 0.437951 -0.548085 0.112207 0.438533 1 49 1.000000
tex
  49 2.937990 -3.462687 59.370655 0.035373 0.977922 -0.205954 0.112161 0.438607 1 49 1.000000
  49 2.977376 -3.501102 59.362064 0.712602 0.437951 -0.548085 0.112207 0.438533 1 49 1.000000
  49 2.706356 -3.549815 59.133129 0.435273 0.351906 -0.828673 0.110836 0.438556 1 49 1.000000
tex
  49 2.977376 -3.501102 59.362064 0.712602 0.437951 -0.548085 0.112207 0.438533 1 49 1.000000
  49 2.978652 -3.558069 59.351345 0.696955 -0.453706 -0.555341 0.112168 0.438468 1 49 1.000000
  49 2.706356 -3.549815 59.133129 0.435273 0.351906 -0.828673 0.110836 0.438556 1 49 1.000000
tex
  49 2.978652 -3.558069 59.351345 0.696955 -0.453706 -0.555341 0.112168 0.438468 1 49 1.000000
  49 2.709798 -3.606149 59.130928 0.428267 -0.506373 -0.748448 0.110800 0.438490 1 49 1.000000
  49 2.706356 -3.549815 59.133129 0.435273 0.351906 -0.828673 0.110836 0.438556 1 49 1.000000
tex
  49 2.709798 -3.606149 59.130928 0.428267 -0.506373 -0.748448 0.110800 0.438490 1 49 1.000000
  49 2.978652 -3.558069 59.351345 0.696955 -0.453706 -0.555341 0.112168 0.438468 1 49 1.000000
  49 2.877032 -3.607432 59.345745 -0.084414 -0.988920 0.122113 0.111909 0.438533 1 49 1.000000
tex
  49 2.639724 -3.646755 59.176601 -0.006273 -0.953983 0.299795 0.110517 0.438565 1 49 1.000000
  49 2.709798 -3.606149 59.130928 0.428267 -0.506373 -0.748448 0.110800 0.438490 1 49 1.000000
  49 2.877032 -3.607432 59.345745 -0.084414 -0.988920 0.122113 0.111909 0.438533 1 49 1.000000
tex
  49 2.837645 -3.568984 59.354336 -0.610414 -0.398645 0.684453 0.111839 0.438528 1 49 1.000000
  49 2.639724 -3.646755 59.176601 -0.006273 -0.953983 0.299795 0.110517 0.438565 1 49 1.000000
  49 2.877032 -3.607432 59.345745 -0.084414 -0.988920 0.122113 0.111909 0.438533 1 49 1.000000
tex
  49 2.837645 -3.568984 59.354336 -0.610414 -0.398645 0.684453 0.111839 0.438528 1 49 1.000000
  49 2.609962 -3.605705 59.195942 -0.258391 -0.298052 0.918912 0.110443 0.438552 1 49 1.000000
  49 2.639724 -3.646755 59.176601 -0.006273 -0.953983 0.299795 0.110517 0.438565 1 49 1.000000
tex
  49 2.606521 -3.549373 59.198151 -0.448806 0.508144 0.735093 0.110486 0.438562 1 49 1.000000
  49 2.609962 -3.605705 59.195942 -0.258391 -0.298052 0.918912 0.110443 0.438552 1 49 1.000000
  49 2.837645 -3.568984 59.354336 -0.610414 -0.398645 0.684453 0.111839 0.438528 1 49 1.000000
tex
  49 2.606521 -3.549373 59.198151 -0.448806 0.508144 0.735093 0.110486 0.438562 1 49 1.000000
  49 2.192995 -3.629479 59.116432 -0.214200 0.585591 0.781793 0.107492 0.438583 1 49 1.000000
  49 2.609962 -3.605705 59.195942 -0.258391 -0.298052 0.918912 0.110443 0.438552 1 49 1.000000
tex
  49 2.228398 -3.600628 59.046211 -0.146181 0.919422 -0.365095 0.107719 0.438696 1 49 1.000000
  49 2.676593 -3.508733 59.152466 -0.089640 0.946446 -0.310169 0.110779 0.438637 1 49 1.000000
  49 2.247262 -3.645001 59.021507 0.118837 0.259833 -0.958313 0.107764 0.438613 1 49 1.000000
tex
  49 2.676593 -3.508733 59.152466 -0.089640 0.946446 -0.310169 0.110779 0.438637 1 49 1.000000
  49 2.228398 -3.600628 59.046211 -0.146181 0.919422 -0.365095 0.107719 0.438696 1 49 1.000000
  49 2.606521 -3.549373 59.198151 -0.448806 0.508144 0.735093 0.110486 0.438562 1 49 1.000000
tex
  49 2.676593 -3.508733 59.152466 -0.089640 0.946446 -0.310169 0.110779 0.438637 1 49 1.000000
  49 2.606521 -3.549373 59.198151 -0.448806 0.508144 0.735093 0.110486 0.438562 1 49 1.000000
  49 2.836370 -3.512017 59.365070 -0.725137 0.455514 0.516413 0.111891 0.438541 1 49 1.000000
tex
  49 2.836370 -3.512017 59.365070 -0.725137 0.455514 0.516413 0.111891 0.438541 1 49 1.000000
  49 2.606521 -3.549373 59.198151 -0.448806 0.508144 0.735093 0.110486 0.438562 1 49 1.000000
  49 2.837645 -3.568984 59.354336 -0.610414 -0.398645 0.684453 0.111839 0.438528 1 49 1.000000
tex
  49 2.836370 -3.512017 59.365070 -0.725137 0.455514 0.516413 0.111891 0.438541 1 49 1.000000
  49 2.837645 -3.568984 59.354336 -0.610414 -0.398645 0.684453 0.111839 0.438528 1 49 1.000000
  49 2.935538 -3.563441 59.544582 -0.812694 -0.456367 0.362296 0.112554 0.438521 1 49 1.000000
tex
  49 2.935538 -3.563441 59.544582 -0.812694 -0.456367 0.362296 0.112554 0.438521 1 49 1.000000
  49 2.837645 -3.568984 59.354336 -0.610414 -0.398645 0.684453 0.111839 0.438528 1 49 1.000000
  49 2.877032 -3.607432 59.345745 -0.084414 -0.988920 0.122113 0.111909 0.438533 1 49 1.000000
tex
  49 2.935538 -3.563441 59.544582 -0.812694 -0.456367 0.362296 0.112554 0.438521 1 49 1.000000
  49 2.877032 -3.607432 59.345745 -0.084414 -0.988920 0.122113 0.111909 0.438533 1 49 1.000000
  49 2.982029 -3.599654 59.544788 -0.076966 -0.996863 0.018439 0.112607 0.438533 1 49 1.000000
tex
  49 2.877032 -3.607432 59.345745 -0.084414 -0.988920 0.122113 0.111909 0.438533 1 49 1.000000
  49 2.978652 -3.558069 59.351345 0.696955 -0.453706 -0.555341 0.112168 0.438468 1 49 1.000000
  49 2.982029 -3.599654 59.544788 -0.076966 -0.996863 0.018439 0.112607 0.438533 1 49 1.000000
tex
  49 2.978652 -3.558069 59.351345 0.696955 -0.453706 -0.555341 0.112168 0.438468 1 49 1.000000
  49 3.107455 -3.542690 59.592049 0.812759 -0.449676 -0.370424 0.112820 0.438460 1 49 1.000000
  49 2.982029 -3.599654 59.544788 -0.076966 -0.996863 0.018439 0.112607 0.438533 1 49 1.000000
tex
  49 3.107455 -3.542690 59.592049 0.812759 -0.449676 -0.370424 0.112820 0.438460 1 49 1.000000
  49 2.978652 -3.558069 59.351345 0.696955 -0.453706 -0.555341 0.112168 0.438468 1 49 1.000000
  49 2.977376 -3.501102 59.362064 0.712602 0.437951 -0.548085 0.112207 0.438533 1 49 1.000000
tex
  49 3.107836 -3.485173 59.609573 0.791959 0.475986 -0.382410 0.112860 0.438521 1 49 1.000000
  49 3.107455 -3.542690 59.592049 0.812759 -0.449676 -0.370424 0.112820 0.438460 1 49 1.000000
  49 2.977376 -3.501102 59.362064 0.712602 0.437951 -0.548085 0.112207 0.438533 1 49 1.000000
tex
  49 3.061248 -3.448997 59.609379 0.079203 0.992279 -0.095446 0.112822 0.438585 1 49 1.000000
  49 3.107836 -3.485173 59.609573 0.791959 0.475986 -0.382410 0.112860 0.438521 1 49 1.000000
  49 2.977376 -3.501102 59.362064 0.712602 0.437951 -0.548085 0.112207 0.438533 1 49 1.000000
tex
  49 3.061248 -3.448997 59.609379 0.079203 0.992279 -0.095446 0.112822 0.438585 1 49 1.000000
  49 3.127115 -3.442624 59.774906 0.044671 0.995139 -0.087769 0.113096 0.438546 1 49 1.000000
  49 3.107836 -3.485173 59.609573 0.791959 0.475986 -0.382410 0.112860 0.438521 1 49 1.000000
tex
  49 3.127115 -3.442624 59.774906 0.044671 0.995139 -0.087769 0.113096 0.438546 1 49 1.000000
  49 3.061248 -3.448997 59.609379 0.079203 0.992279 -0.095446 0.112822 0.438585 1 49 1.000000
  49 2.986555 -3.510708 59.727966 -0.844464 0.487380 0.222130 0.112930 0.438498 1 49 1.000000
tex
  49 3.127115 -3.442624 59.774906 0.044671 0.995139 -0.087769 0.113096 0.438546 1 49 1.000000
  49 2.986555 -3.510708 59.727966 -0.844464 0.487380 0.222130 0.112930 0.438498 1 49 1.000000
  49 3.011793 -3.520997 59.858421 -0.855420 0.496463 0.147581 0.113067 0.438498 1 49 1.000000
tex
  49 3.011793 -3.520997 59.858421 -0.855420 0.496463 0.147581 0.113067 0.438498 1 49 1.000000
  49 2.986555 -3.510708 59.727966 -0.844464 0.487380 0.222130 0.112930 0.438498 1 49 1.000000
  49 3.010359 -3.580727 59.845562 -0.870409 -0.485171 0.083648 0.113049 0.438512 1 49 1.000000
tex
  49 3.011793 -3.520997 59.858421 -0.855420 0.496463 0.147581 0.113067 0.438498 1 49 1.000000
  49 3.010359 -3.580727 59.845562 -0.870409 -0.485171 0.083648 0.113049 0.438512 1 49 1.000000
  49 3.018006 -3.595927 59.953609 -0.881391 -0.461693 -0.099945 0.113080 0.438510 1 49 1.000000
tex
  49 3.018006 -3.595927 59.953609 -0.881391 -0.461693 -0.099945 0.113080 0.438510 1 49 1.000000
  49 3.010359 -3.580727 59.845562 -0.870409 -0.485171 0.083648 0.113049 0.438512 1 49 1.000000
  49 3.062045 -3.613112 59.842243 -0.025311 -0.993812 -0.108149 0.113061 0.438525 1 49 1.000000
tex
  49 3.035533 -3.603429 59.711536 -0.047050 -0.997736 -0.048047 0.112930 0.438534 1 49 1.000000
  49 2.985281 -3.569379 59.711109 -0.853677 -0.479392 0.203515 0.112904 0.438517 1 49 1.000000
  49 2.982029 -3.599654 59.544788 -0.076966 -0.996863 0.018439 0.112607 0.438533 1 49 1.000000
tex
  49 3.107455 -3.542690 59.592049 0.812759 -0.449676 -0.370424 0.112820 0.438460 1 49 1.000000
  49 3.035533 -3.603429 59.711536 -0.047050 -0.997736 -0.048047 0.112930 0.438534 1 49 1.000000
  49 2.982029 -3.599654 59.544788 -0.076966 -0.996863 0.018439 0.112607 0.438533 1 49 1.000000
tex
  49 3.177082 -3.534811 59.758587 0.827760 -0.449155 -0.336263 0.113085 0.438488 1 49 1.000000
  49 3.035533 -3.603429 59.711536 -0.047050 -0.997736 -0.048047 0.112930 0.438534 1 49 1.000000
  49 3.107455 -3.542690 59.592049 0.812759 -0.449676 -0.370424 0.112820 0.438460 1 49 1.000000
tex
  49 3.177082 -3.534811 59.758587 0.827760 -0.449155 -0.336263 0.113085 0.438488 1 49 1.000000
  49 3.107455 -3.542690 59.592049 0.812759 -0.449676 -0.370424 0.112820 0.438460 1 49 1.000000
  49 3.107836 -3.485173 59.609573 0.791959 0.475986 -0.382410 0.112860 0.438521 1 49 1.000000
tex
  49 3.177336 -3.476697 59.774918 0.749718 0.497414 -0.436464 0.113138 0.438519 1 49 1.000000
  49 3.177082 -3.534811 59.758587 0.827760 -0.449155 -0.336263 0.113085 0.438488 1 49 1.000000
  49 3.107836 -3.485173 59.609573 0.791959 0.475986 -0.382410 0.112860 0.438521 1 49 1.000000
tex
  49 3.127115 -3.442624 59.774906 0.044671 0.995139 -0.087769 0.113096 0.438546 1 49 1.000000
  49 3.177336 -3.476697 59.774918 0.749718 0.497414 -0.436464 0.113138 0.438519 1 49 1.000000
  49 3.107836 -3.485173 59.609573 0.791959 0.475986 -0.382410 0.112860 0.438521 1 49 1.000000
tex
  49 3.127115 -3.442624 59.774906 0.044671 0.995139 -0.087769 0.113096 0.438546 1 49 1.000000
  49 3.177145 -3.429063 59.885372 -0.197639 0.959116 -0.202571 0.113324 0.438523 1 49 1.000000
  49 3.177336 -3.476697 59.774918 0.749718 0.497414 -0.436464 0.113138 0.438519 1 49 1.000000
tex
  49 3.177145 -3.429063 59.885372 -0.197639 0.959116 -0.202571 0.113324 0.438523 1 49 1.000000
  49 3.127115 -3.442624 59.774906 0.044671 0.995139 -0.087769 0.113096 0.438546 1 49 1.000000
  49 3.011793 -3.520997 59.858421 -0.855420 0.496463 0.147581 0.113067 0.438498 1 49 1.000000
tex
  49 3.177145 -3.429063 59.885372 -0.197639 0.959116 -0.202571 0.113324 0.438523 1 49 1.000000
  49 3.011793 -3.520997 59.858421 -0.855420 0.496463 0.147581 0.113067 0.438498 1 49 1.000000
  49 3.019313 -3.535888 59.964714 -0.772278 0.627485 0.099244 0.113105 0.438506 1 49 1.000000
tex
  49 3.019313 -3.535888 59.964714 -0.772278 0.627485 0.099244 0.113105 0.438506 1 49 1.000000
  49 3.011793 -3.520997 59.858421 -0.855420 0.496463 0.147581 0.113067 0.438498 1 49 1.000000
  49 3.018006 -3.595927 59.953609 -0.881391 -0.461693 -0.099945 0.113080 0.438510 1 49 1.000000
tex
  49 3.008893 -3.558439 60.062138 -0.841603 0.536979 -0.057942 0.113024 0.438515 1 49 1.000000
  49 3.019313 -3.535888 59.964714 -0.772278 0.627485 0.099244 0.113105 0.438506 1 49 1.000000
  49 3.018006 -3.595927 59.953609 -0.881391 -0.461693 -0.099945 0.113080 0.438510 1 49 1.000000
tex
  49 3.008893 -3.558439 60.062138 -0.841603 0.536979 -0.057942 0.113024 0.438515 1 49 1.000000
  49 3.018006 -3.595927 59.953609 -0.881391 -0.461693 -0.099945 0.113080 0.438510 1 49 1.000000
  49 3.008670 -3.617408 60.049740 -0.825210 -0.351665 -0.441996 0.112993 0.438511 1 49 1.000000
tex
  49 2.955231 -3.595845 60.158119 -0.668950 0.645838 -0.367966 0.112779 0.438492 1 49 1.000000
  49 3.008893 -3.558439 60.062138 -0.841603 0.536979 -0.057942 0.113024 0.438515 1 49 1.000000
  49 3.008670 -3.617408 60.049740 -0.825210 -0.351665 -0.441996 0.112993 0.438511 1 49 1.000000
tex
  49 2.955231 -3.595845 60.158119 -0.668950 0.645838 -0.367966 0.112779 0.438492 1 49 1.000000
  49 3.063288 -3.545434 60.205845 -0.100185 0.809144 0.579006 0.113013 0.438427 1 49 1.000000
  49 3.008893 -3.558439 60.062138 -0.841603 0.536979 -0.057942 0.113024 0.438515 1 49 1.000000
tex
  49 2.810623 -3.644300 60.294182 -0.174714 0.769127 0.614751 0.112087 0.438420 1 49 1.000000
  49 3.063288 -3.545434 60.205845 -0.100185 0.809144 0.579006 0.113013 0.438427 1 49 1.000000
  49 2.955231 -3.595845 60.158119 -0.668950 0.645838 -0.367966 0.112779 0.438492 1 49 1.000000
tex
  49 3.063288 -3.545434 60.205845 -0.100185 0.809144 0.579006 0.113013 0.438427 1 49 1.000000
  49 2.810623 -3.644300 60.294182 -0.174714 0.769127 0.614751 0.112087 0.438420 1 49 1.000000
  49 2.842266 -3.688506 60.301014 0.240736 -0.017101 0.970440 0.112171 0.438521 1 49 1.000000
tex
  49 2.810623 -3.644300 60.294182 -0.174714 0.769127 0.614751 0.112087 0.438420 1 49 1.000000
  49 2.345283 -3.830267 60.323227 0.045107 -0.098535 0.994111 0.108456 0.438593 1 49 1.000000
  49 2.842266 -3.688506 60.301014 0.240736 -0.017101 0.970440 0.112171 0.438521 1 49 1.000000
tex
  49 2.345283 -3.830267 60.323227 0.045107 -0.098535 0.994111 0.108456 0.438593 1 49 1.000000
  49 2.847556 -3.741827 60.281715 0.331125 -0.749934 0.572674 0.112133 0.438609 1 49 1.000000
  49 2.842266 -3.688506 60.301014 0.240736 -0.017101 0.970440 0.112171 0.438521 1 49 1.000000
tex
  49 2.810623 -3.644300 60.294182 -0.174714 0.769127 0.614751 0.112087 0.438420 1 49 1.000000
  49 2.955231 -3.595845 60.158119 -0.668950 0.645838 -0.367966 0.112779 0.438492 1 49 1.000000
  49 2.740486 -3.668535 60.224449 -0.339810 0.757789 -0.557031 0.111717 0.438525 1 49 1.000000
tex
  49 2.740486 -3.668535 60.224449 -0.339810 0.757789 -0.557031 0.111717 0.438525 1 49 1.000000
  49 2.955231 -3.595845 60.158119 -0.668950 0.645838 -0.367966 0.112779 0.438492 1 49 1.000000
  49 2.957525 -3.652244 60.142155 -0.477017 -0.102954 -0.872843 0.112743 0.438525 1 49 1.000000
tex
  49 2.957525 -3.652244 60.142155 -0.477017 -0.102954 -0.872843 0.112743 0.438525 1 49 1.000000
  49 2.955231 -3.595845 60.158119 -0.668950 0.645838 -0.367966 0.112779 0.438492 1 49 1.000000
  49 3.008670 -3.617408 60.049740 -0.825210 -0.351665 -0.441996 0.112993 0.438511 1 49 1.000000
tex
  49 2.999110 -3.690701 60.144081 -0.017328 -0.902805 -0.429700 0.112810 0.438533 1 49 1.000000
  49 2.957525 -3.652244 60.142155 -0.477017 -0.102954 -0.872843 0.112743 0.438525 1 49 1.000000
  49 3.008670 -3.617408 60.049740 -0.825210 -0.351665 -0.441996 0.112993 0.438511 1 49 1.000000
tex
  49 2.999110 -3.690701 60.144081 -0.017328 -0.902805 -0.429700 0.112810 0.438533 1 49 1.000000
  49 3.008670 -3.617408 60.049740 -0.825210 -0.351665 -0.441996 0.112993 0.438511 1 49 1.000000
  49 3.057489 -3.651227 60.046650 -0.028527 -0.961346 -0.273860 0.113027 0.438506 1 49 1.000000
tex
  49 3.108156 -3.639760 60.191921 0.586115 -0.667527 0.459214 0.113024 0.438577 1 49 1.000000
  49 2.999110 -3.690701 60.144081 -0.017328 -0.902805 -0.429700 0.112810 0.438533 1 49 1.000000
  49 3.057489 -3.651227 60.046650 -0.028527 -0.961346 -0.273860 0.113027 0.438506 1 49 1.000000
tex
  49 3.221216 -3.560795 60.072014 0.665652 -0.650167 0.366320 0.113278 0.438538 1 49 1.000000
  49 3.108156 -3.639760 60.191921 0.586115 -0.667527 0.459214 0.113024 0.438577 1 49 1.000000
  49 3.057489 -3.651227 60.046650 -0.028527 -0.961346 -0.273860 0.113027 0.438506 1 49 1.000000
tex
  49 3.104873 -3.584060 60.208179 0.524930 0.148900 0.838020 0.113057 0.438504 1 49 1.000000
  49 3.108156 -3.639760 60.191921 0.586115 -0.667527 0.459214 0.113024 0.438577 1 49 1.000000
  49 3.221216 -3.560795 60.072014 0.665652 -0.650167 0.366320 0.113278 0.438538 1 49 1.000000
tex
  49 3.213727 -3.509347 60.107624 0.374672 0.213065 0.902344 0.113314 0.438489 1 49 1.000000
  49 3.104873 -3.584060 60.208179 0.524930 0.148900 0.838020 0.113057 0.438504 1 49 1.000000
  49 3.221216 -3.560795 60.072014 0.665652 -0.650167 0.366320 0.113278 0.438538 1 49 1.000000
tex
  49 3.165928 -3.470672 60.087391 -0.225856 0.821853 0.523017 0.113303 0.438463 1 49 1.000000
  49 3.104873 -3.584060 60.208179 0.524930 0.148900 0.838020 0.113057 0.438504 1 49 1.000000
  49 3.213727 -3.509347 60.107624 0.374672 0.213065 0.902344 0.113314 0.438489 1 49 1.000000
tex
  49 3.260442 -3.405828 60.053623 -0.205502 0.430439 0.878915 0.113586 0.438463 1 49 1.000000
  49 3.165928 -3.470672 60.087391 -0.225856 0.821853 0.523017 0.113303 0.438463 1 49 1.000000
  49 3.213727 -3.509347 60.107624 0.374672 0.213065 0.902344 0.113314 0.438489 1 49 1.000000
tex
  49 3.165928 -3.470672 60.087391 -0.225856 0.821853 0.523017 0.113303 0.438463 1 49 1.000000
  49 3.260442 -3.405828 60.053623 -0.205502 0.430439 0.878915 0.113586 0.438463 1 49 1.000000
  49 3.172652 -3.430232 59.985767 -0.496760 0.856018 0.143049 0.113393 0.438499 1 49 1.000000
tex
  49 3.172652 -3.430232 59.985767 -0.496760 0.856018 0.143049 0.113393 0.438499 1 49 1.000000
  49 3.260442 -3.405828 60.053623 -0.205502 0.430439 0.878915 0.113586 0.438463 1 49 1.000000
  49 3.261462 -3.383159 59.928192 -0.249941 0.748887 -0.613756 0.113601 0.438523 1 49 1.000000
tex
  49 3.177145 -3.429063 59.885372 -0.197639 0.959116 -0.202571 0.113324 0.438523 1 49 1.000000
  49 3.172652 -3.430232 59.985767 -0.496760 0.856018 0.143049 0.113393 0.438499 1 49 1.000000
  49 3.261462 -3.383159 59.928192 -0.249941 0.748887 -0.613756 0.113601 0.438523 1 49 1.000000
tex
  49 3.177145 -3.429063 59.885372 -0.197639 0.959116 -0.202571 0.113324 0.438523 1 49 1.000000
  49 3.261462 -3.383159 59.928192 -0.249941 0.748887 -0.613756 0.113601 0.438523 1 49 1.000000
  49 3.229119 -3.457729 59.861134 0.396215 0.424489 -0.814139 0.113337 0.438521 1 49 1.000000
tex
  49 3.177145 -3.429063 59.885372 -0.197639 0.959116 -0.202571 0.113324 0.438523 1 49 1.000000
  49 3.229119 -3.457729 59.861134 0.396215 0.424489 -0.814139 0.113337 0.438521 1 49 1.000000
  49 3.177336 -3.476697 59.774918 0.749718 0.497414 -0.436464 0.113138 0.438519 1 49 1.000000
tex
  49 3.177336 -3.476697 59.774918 0.749718 0.497414 -0.436464 0.113138 0.438519 1 49 1.000000
  49 3.229119 -3.457729 59.861134 0.396215 0.424489 -0.814139 0.113337 0.438521 1 49 1.000000
  49 3.233453 -3.518758 59.869587 0.707677 -0.539534 -0.456175 0.113290 0.438501 1 49 1.000000
tex
  49 3.177082 -3.534811 59.758587 0.827760 -0.449155 -0.336263 0.113085 0.438488 1 49 1.000000
  49 3.177336 -3.476697 59.774918 0.749718 0.497414 -0.436464 0.113138 0.438519 1 49 1.000000
  49 3.233453 -3.518758 59.869587 0.707677 -0.539534 -0.456175 0.113290 0.438501 1 49 1.000000
tex
  49 3.229119 -3.457729 59.861134 0.396215 0.424489 -0.814139 0.113337 0.438521 1 49 1.000000
  49 3.328604 -3.449359 59.912571 0.667861 -0.414517 -0.618172 0.113536 0.438480 1 49 1.000000
  49 3.233453 -3.518758 59.869587 0.707677 -0.539534 -0.456175 0.113290 0.438501 1 49 1.000000
tex
  49 3.295686 -3.411746 59.896706 0.019774 0.355404 -0.934504 0.113566 0.438511 1 49 1.000000
  49 3.328604 -3.449359 59.912571 0.667861 -0.414517 -0.618172 0.113536 0.438480 1 49 1.000000
  49 3.229119 -3.457729 59.861134 0.396215 0.424489 -0.814139 0.113337 0.438521 1 49 1.000000
tex
  49 3.261462 -3.383159 59.928192 -0.249941 0.748887 -0.613756 0.113601 0.438523 1 49 1.000000
  49 3.295686 -3.411746 59.896706 0.019774 0.355404 -0.934504 0.113566 0.438511 1 49 1.000000
  49 3.229119 -3.457729 59.861134 0.396215 0.424489 -0.814139 0.113337 0.438521 1 49 1.000000
tex
  49 3.231221 -3.264892 60.078476 -0.020495 -0.186105 0.982316 0.113991 0.438420 1 49 1.000000
  49 3.224849 -3.333930 60.066299 -0.020495 -0.186105 0.982316 0.113799 0.438407 1 49 1.000000
  49 3.260442 -3.405828 60.053623 -0.205502 0.430439 0.878915 0.113586 0.438463 1 49 1.000000
tex
  49 3.333256 -3.234231 60.083885 -0.674942 -0.107742 0.729962 0.114259 0.438292 1 49 1.000000
  49 3.272648 -3.230371 60.084564 -0.020495 -0.186105 0.982316 0.114117 0.438383 1 49 1.000000
  49 3.313246 -3.353043 60.062935 -0.223189 -0.048572 0.973564 0.113798 0.438453 1 49 1.000000
tex
  49 3.272648 -3.230371 60.084564 -0.020495 -0.186105 0.982316 0.114117 0.438383 1 49 1.000000
  49 3.231221 -3.264892 60.078476 -0.020495 -0.186105 0.982316 0.113991 0.438420 1 49 1.000000
  49 3.313246 -3.353043 60.062935 -0.223189 -0.048572 0.973564 0.113798 0.438453 1 49 1.000000
tex
  49 3.313246 -3.353043 60.062935 -0.223189 -0.048572 0.973564 0.113798 0.438453 1 49 1.000000
  49 3.231221 -3.264892 60.078476 -0.020495 -0.186105 0.982316 0.113991 0.438420 1 49 1.000000
  49 3.260442 -3.405828 60.053623 -0.205502 0.430439 0.878915 0.113586 0.438463 1 49 1.000000
tex
  49 3.313246 -3.353043 60.062935 -0.223189 -0.048572 0.973564 0.113798 0.438453 1 49 1.000000
  49 3.260442 -3.405828 60.053623 -0.205502 0.430439 0.878915 0.113586 0.438463 1 49 1.000000
  49 3.294604 -3.443522 60.073807 0.148842 -0.050547 0.987568 0.113562 0.438495 1 49 1.000000
tex
  49 3.260442 -3.405828 60.053623 -0.205502 0.430439 0.878915 0.113586 0.438463 1 49 1.000000
  49 3.213727 -3.509347 60.107624 0.374672 0.213065 0.902344 0.113314 0.438489 1 49 1.000000
  49 3.294604 -3.443522 60.073807 0.148842 -0.050547 0.987568 0.113562 0.438495 1 49 1.000000
tex
  49 3.294604 -3.443522 60.073807 0.148842 -0.050547 0.987568 0.113562 0.438495 1 49 1.000000
  49 3.213727 -3.509347 60.107624 0.374672 0.213065 0.902344 0.113314 0.438489 1 49 1.000000
  49 3.221216 -3.560795 60.072014 0.665652 -0.650167 0.366320 0.113278 0.438538 1 49 1.000000
tex
  49 3.008670 -3.617408 60.049740 -0.825210 -0.351665 -0.441996 0.112993 0.438511 1 49 1.000000
  49 3.018006 -3.595927 59.953609 -0.881391 -0.461693 -0.099945 0.113080 0.438510 1 49 1.000000
  49 3.057489 -3.651227 60.046650 -0.028527 -0.961346 -0.273860 0.113027 0.438506 1 49 1.000000
tex
  49 3.018006 -3.595927 59.953609 -0.881391 -0.461693 -0.099945 0.113080 0.438510 1 49 1.000000
  49 3.069725 -3.627897 59.948650 0.148454 -0.972030 -0.181987 0.113097 0.438515 1 49 1.000000
  49 3.057489 -3.651227 60.046650 -0.028527 -0.961346 -0.273860 0.113027 0.438506 1 49 1.000000
tex
  49 3.069725 -3.627897 59.948650 0.148454 -0.972030 -0.181987 0.113097 0.438515 1 49 1.000000
  49 3.221216 -3.560795 60.072014 0.665652 -0.650167 0.366320 0.113278 0.438538 1 49 1.000000
  49 3.057489 -3.651227 60.046650 -0.028527 -0.961346 -0.273860 0.113027 0.438506 1 49 1.000000
tex
  49 3.249417 -3.544995 59.965534 0.586694 -0.797615 -0.140000 0.113349 0.438510 1 49 1.000000
  49 3.221216 -3.560795 60.072014 0.665652 -0.650167 0.366320 0.113278 0.438538 1 49 1.000000
  49 3.069725 -3.627897 59.948650 0.148454 -0.972030 -0.181987 0.113097 0.438515 1 49 1.000000
tex
  49 3.327489 -3.473383 60.045696 0.648139 -0.610367 0.455377 0.113540 0.438536 1 49 1.000000
  49 3.221216 -3.560795 60.072014 0.665652 -0.650167 0.366320 0.113278 0.438538 1 49 1.000000
  49 3.249417 -3.544995 59.965534 0.586694 -0.797615 -0.140000 0.113349 0.438510 1 49 1.000000
tex
  49 3.327489 -3.473383 60.045696 0.648139 -0.610367 0.455377 0.113540 0.438536 1 49 1.000000
  49 3.294604 -3.443522 60.073807 0.148842 -0.050547 0.987568 0.113562 0.438495 1 49 1.000000
  49 3.221216 -3.560795 60.072014 0.665652 -0.650167 0.366320 0.113278 0.438538 1 49 1.000000
tex
  49 3.294604 -3.443522 60.073807 0.148842 -0.050547 0.987568 0.113562 0.438495 1 49 1.000000
  49 3.327489 -3.473383 60.045696 0.648139 -0.610367 0.455377 0.113540 0.438536 1 49 1.000000
  49 3.351738 -3.378970 60.079685 0.194153 -0.187429 0.962899 0.113775 0.438492 1 49 1.000000
tex
  49 3.313246 -3.353043 60.062935 -0.223189 -0.048572 0.973564 0.113798 0.438453 1 49 1.000000
  49 3.294604 -3.443522 60.073807 0.148842 -0.050547 0.987568 0.113562 0.438495 1 49 1.000000
  49 3.351738 -3.378970 60.079685 0.194153 -0.187429 0.962899 0.113775 0.438492 1 49 1.000000
tex
  49 3.374363 -3.249269 60.102554 0.017240 -0.162643 0.986534 0.114200 0.438459 1 49 1.000000
  49 3.313246 -3.353043 60.062935 -0.223189 -0.048572 0.973564 0.113798 0.438453 1 49 1.000000
  49 3.351738 -3.378970 60.079685 0.194153 -0.187429 0.962899 0.113775 0.438492 1 49 1.000000
tex
  49 3.374363 -3.249269 60.102554 0.017240 -0.162643 0.986534 0.114200 0.438459 1 49 1.000000
  49 3.333256 -3.234231 60.083885 -0.674942 -0.107742 0.729962 0.114259 0.438292 1 49 1.000000
  49 3.313246 -3.353043 60.062935 -0.223189 -0.048572 0.973564 0.113798 0.438453 1 49 1.000000
tex
  49 3.380386 -2.751019 60.190418 -0.073647 -0.171810 0.982373 0.119927 0.438363 1 49 1.000000
  49 3.333256 -3.234231 60.083885 -0.674942 -0.107742 0.729962 0.114259 0.438292 1 49 1.000000
  49 3.374363 -3.249269 60.102554 0.017240 -0.162643 0.986534 0.114200 0.438459 1 49 1.000000
tex
  49 3.380386 -2.751019 60.190418 -0.073647 -0.171810 0.982373 0.119927 0.438363 1 49 1.000000
  49 3.337048 -2.744334 60.168098 -0.912934 -0.066192 0.402702 0.119962 0.437961 1 49 1.000000
  49 3.333256 -3.234231 60.083885 -0.674942 -0.107742 0.729962 0.114259 0.438292 1 49 1.000000
tex
  49 3.339023 -1.703636 60.350243 -0.837695 -0.080118 0.540229 0.143003 0.437431 1 49 1.000000
  49 3.337048 -2.744334 60.168098 -0.912934 -0.066192 0.402702 0.119962 0.437961 1 49 1.000000
  49 3.380386 -2.751019 60.190418 -0.073647 -0.171810 0.982373 0.119927 0.438363 1 49 1.000000
tex
  49 3.337048 -2.744334 60.168098 -0.912934 -0.066192 0.402702 0.119962 0.437961 1 49 1.000000
  49 3.339023 -1.703636 60.350243 -0.837695 -0.080118 0.540229 0.143003 0.437431 1 49 1.000000
  49 3.339023 -1.699560 60.226933 -0.832233 0.084129 -0.548005 0.142655 0.438444 1 49 1.000000
tex
  49 3.339023 -1.699560 60.226933 -0.832233 0.084129 -0.548005 0.142655 0.438444 1 49 1.000000
  49 3.339023 -1.703636 60.350243 -0.837695 -0.080118 0.540229 0.143003 0.437431 1 49 1.000000
  49 3.340934 -0.673757 60.405842 -0.832233 0.084129 -0.548005 0.164984 0.437819 1 49 1.000000
tex
  49 3.339023 -1.699560 60.226933 -0.832233 0.084129 -0.548005 0.142655 0.438444 1 49 1.000000
  49 3.340934 -0.673757 60.405842 -0.832233 0.084129 -0.548005 0.164984 0.437819 1 49 1.000000
  49 3.392047 -0.675828 60.383087 0.018131 0.184696 -0.982628 0.164908 0.437539 1 49 1.000000
tex
  49 3.340934 -0.673757 60.405842 -0.832233 0.084129 -0.548005 0.164984 0.437819 1 49 1.000000
  49 3.391952 -0.195018 60.452953 0.040851 -0.078494 -0.996077 0.170496 0.437510 1 49 1.000000
  49 3.392047 -0.675828 60.383087 0.018131 0.184696 -0.982628 0.164908 0.437539 1 49 1.000000
tex
  49 3.392047 -0.675828 60.383087 0.018131 0.184696 -0.982628 0.164908 0.437539 1 49 1.000000
  49 3.391952 -0.195018 60.452953 0.040851 -0.078494 -0.996077 0.170496 0.437510 1 49 1.000000
  49 3.443129 -0.672492 60.404900 0.823817 0.079795 -0.561211 0.165007 0.437242 1 49 1.000000
tex
  49 3.386312 -1.704810 60.373234 -0.020495 -0.186105 0.982316 0.143078 0.437939 1 49 1.000000
  49 3.339023 -1.703636 60.350243 -0.837695 -0.080118 0.540229 0.143003 0.437431 1 49 1.000000
  49 3.380386 -2.751019 60.190418 -0.073647 -0.171810 0.982373 0.119927 0.438363 1 49 1.000000
tex
  49 3.337048 -2.744334 60.168098 -0.912934 -0.066192 0.402702 0.119962 0.437961 1 49 1.000000
  49 3.339023 -1.699560 60.226933 -0.832233 0.084129 -0.548005 0.142655 0.438444 1 49 1.000000
  49 3.337048 -2.728364 60.045784 -0.853928 0.095669 -0.511522 0.119888 0.438788 1 49 1.000000
tex
  49 3.337048 -2.744334 60.168098 -0.912934 -0.066192 0.402702 0.119962 0.437961 1 49 1.000000
  49 3.337048 -2.728364 60.045784 -0.853928 0.095669 -0.511522 0.119888 0.438788 1 49 1.000000
  49 3.333256 -3.234231 60.083885 -0.674942 -0.107742 0.729962 0.114259 0.438292 1 49 1.000000
tex
  49 3.333256 -3.234231 60.083885 -0.674942 -0.107742 0.729962 0.114259 0.438292 1 49 1.000000
  49 3.337048 -2.728364 60.045784 -0.853928 0.095669 -0.511522 0.119888 0.438788 1 49 1.000000
  49 3.333256 -3.212787 59.958233 -0.451141 0.173014 -0.875521 0.114240 0.438655 1 49 1.000000
tex
  49 3.337048 -2.728364 60.045784 -0.853928 0.095669 -0.511522 0.119888 0.438788 1 49 1.000000
  49 3.380386 -2.729033 60.022240 -0.096631 0.198824 -0.975260 0.119801 0.438396 1 49 1.000000
  49 3.333256 -3.212787 59.958233 -0.451141 0.173014 -0.875521 0.114240 0.438655 1 49 1.000000
tex
  49 3.337048 -2.728364 60.045784 -0.853928 0.095669 -0.511522 0.119888 0.438788 1 49 1.000000
  49 3.386312 -1.699179 60.203667 0.018131 0.184696 -0.982628 0.142579 0.437961 1 49 1.000000
  49 3.380386 -2.729033 60.022240 -0.096631 0.198824 -0.975260 0.119801 0.438396 1 49 1.000000
tex
  49 3.337048 -2.728364 60.045784 -0.853928 0.095669 -0.511522 0.119888 0.438788 1 49 1.000000
  49 3.339023 -1.699560 60.226933 -0.832233 0.084129 -0.548005 0.142655 0.438444 1 49 1.000000
  49 3.386312 -1.699179 60.203667 0.018131 0.184696 -0.982628 0.142579 0.437961 1 49 1.000000
tex
  49 3.386312 -1.699179 60.203667 0.018131 0.184696 -0.982628 0.142579 0.437961 1 49 1.000000
  49 3.339023 -1.699560 60.226933 -0.832233 0.084129 -0.548005 0.142655 0.438444 1 49 1.000000
  49 3.392047 -0.675828 60.383087 0.018131 0.184696 -0.982628 0.164908 0.437539 1 49 1.000000
tex
  49 3.433633 -1.700318 60.226643 0.823817 0.079795 -0.561211 0.142634 0.437465 1 49 1.000000
  49 3.392047 -0.675828 60.383087 0.018131 0.184696 -0.982628 0.164908 0.437539 1 49 1.000000
  49 3.443129 -0.672492 60.404900 0.823817 0.079795 -0.561211 0.165007 0.437242 1 49 1.000000
tex
  49 3.433633 -1.700318 60.226643 0.823817 0.079795 -0.561211 0.142634 0.437465 1 49 1.000000
  49 3.386312 -1.699179 60.203667 0.018131 0.184696 -0.982628 0.142579 0.437961 1 49 1.000000
  49 3.392047 -0.675828 60.383087 0.018131 0.184696 -0.982628 0.164908 0.437539 1 49 1.000000
tex
  49 3.386312 -1.699179 60.203667 0.018131 0.184696 -0.982628 0.142579 0.437961 1 49 1.000000
  49 3.433633 -1.700318 60.226643 0.823817 0.079795 -0.561211 0.142634 0.437465 1 49 1.000000
  49 3.423724 -2.735708 60.044491 0.823817 0.079795 -0.561211 0.119774 0.437991 1 49 1.000000
tex
  49 3.380386 -2.729033 60.022240 -0.096631 0.198824 -0.975260 0.119801 0.438396 1 49 1.000000
  49 3.386312 -1.699179 60.203667 0.018131 0.184696 -0.982628 0.142579 0.437961 1 49 1.000000
  49 3.423724 -2.735708 60.044491 0.823817 0.079795 -0.561211 0.119774 0.437991 1 49 1.000000
tex
  49 3.380386 -2.729033 60.022240 -0.096631 0.198824 -0.975260 0.119801 0.438396 1 49 1.000000
  49 3.423724 -2.735708 60.044491 0.823817 0.079795 -0.561211 0.119774 0.437991 1 49 1.000000
  49 3.374363 -3.220788 59.935528 0.018131 0.184696 -0.982628 0.114187 0.438501 1 49 1.000000
tex
  49 3.333256 -3.212787 59.958233 -0.451141 0.173014 -0.875521 0.114240 0.438655 1 49 1.000000
  49 3.380386 -2.729033 60.022240 -0.096631 0.198824 -0.975260 0.119801 0.438396 1 49 1.000000
  49 3.374363 -3.220788 59.935528 0.018131 0.184696 -0.982628 0.114187 0.438501 1 49 1.000000
tex
  49 3.333256 -3.212787 59.958233 -0.451141 0.173014 -0.875521 0.114240 0.438655 1 49 1.000000
  49 3.374363 -3.220788 59.935528 0.018131 0.184696 -0.982628 0.114187 0.438501 1 49 1.000000
  49 3.313244 -3.330908 59.937405 -0.223384 0.285907 -0.931856 0.113814 0.438564 1 49 1.000000
tex
  49 3.313244 -3.330908 59.937405 -0.223384 0.285907 -0.931856 0.113814 0.438564 1 49 1.000000
  49 3.374363 -3.220788 59.935528 0.018131 0.184696 -0.982628 0.114187 0.438501 1 49 1.000000
  49 3.351771 -3.349547 59.912819 0.176197 0.126862 -0.976146 0.113781 0.438516 1 49 1.000000
tex
  49 3.374363 -3.220788 59.935528 0.018131 0.184696 -0.982628 0.114187 0.438501 1 49 1.000000
  49 3.415471 -3.236187 59.956245 0.853814 -0.014418 -0.520379 0.114180 0.438337 1 49 1.000000
  49 3.351771 -3.349547 59.912819 0.176197 0.126862 -0.976146 0.113781 0.438516 1 49 1.000000
tex
  49 3.351771 -3.349547 59.912819 0.176197 0.126862 -0.976146 0.113781 0.438516 1 49 1.000000
  49 3.415471 -3.236187 59.956245 0.853814 -0.014418 -0.520379 0.114180 0.438337 1 49 1.000000
  49 3.390264 -3.375841 59.931648 0.781353 -0.241879 -0.575310 0.113765 0.438475 1 49 1.000000
tex
  49 3.374363 -3.220788 59.935528 0.018131 0.184696 -0.982628 0.114187 0.438501 1 49 1.000000
  49 3.423724 -2.735708 60.044491 0.823817 0.079795 -0.561211 0.119774 0.437991 1 49 1.000000
  49 3.415471 -3.236187 59.956245 0.853814 -0.014418 -0.520379 0.114180 0.438337 1 49 1.000000
tex
  49 3.443129 -0.658001 60.523846 0.844310 -0.085688 0.528960 0.165548 0.437884 1 49 1.000000
  49 3.433601 -1.704398 60.349979 0.844310 -0.085688 0.528960 0.143012 0.438457 1 49 1.000000
  49 3.443129 -0.672492 60.404900 0.823817 0.079795 -0.561211 0.165007 0.437242 1 49 1.000000
tex
  49 3.433601 -1.704398 60.349979 0.844310 -0.085688 0.528960 0.143012 0.438457 1 49 1.000000
  49 3.433633 -1.700318 60.226643 0.823817 0.079795 -0.561211 0.142634 0.437465 1 49 1.000000
  49 3.443129 -0.672492 60.404900 0.823817 0.079795 -0.561211 0.165007 0.437242 1 49 1.000000
tex
  49 3.433601 -1.704398 60.349979 0.844310 -0.085688 0.528960 0.143012 0.438457 1 49 1.000000
  49 3.423723 -2.751709 60.166798 0.844310 -0.085688 0.528960 0.119876 0.438775 1 49 1.000000
  49 3.433633 -1.700318 60.226643 0.823817 0.079795 -0.561211 0.142634 0.437465 1 49 1.000000
tex
  49 3.433633 -1.700318 60.226643 0.823817 0.079795 -0.561211 0.142634 0.437465 1 49 1.000000
  49 3.423723 -2.751709 60.166798 0.844310 -0.085688 0.528960 0.119876 0.438775 1 49 1.000000
  49 3.423724 -2.735708 60.044491 0.823817 0.079795 -0.561211 0.119774 0.437991 1 49 1.000000
tex
  49 3.423724 -2.735708 60.044491 0.823817 0.079795 -0.561211 0.119774 0.437991 1 49 1.000000
  49 3.423723 -2.751709 60.166798 0.844310 -0.085688 0.528960 0.119876 0.438775 1 49 1.000000
  49 3.415471 -3.256893 60.077717 0.856966 -0.160994 0.489581 0.114193 0.438631 1 49 1.000000
tex
  49 3.423724 -2.735708 60.044491 0.823817 0.079795 -0.561211 0.119774 0.437991 1 49 1.000000
  49 3.415471 -3.256893 60.077717 0.856966 -0.160994 0.489581 0.114193 0.438631 1 49 1.000000
  49 3.415471 -3.236187 59.956245 0.853814 -0.014418 -0.520379 0.114180 0.438337 1 49 1.000000
tex
  49 3.415471 -3.236187 59.956245 0.853814 -0.014418 -0.520379 0.114180 0.438337 1 49 1.000000
  49 3.415471 -3.256893 60.077717 0.856966 -0.160994 0.489581 0.114193 0.438631 1 49 1.000000
  49 3.390265 -3.397233 60.052967 0.857035 -0.435844 0.274829 0.113764 0.438530 1 49 1.000000
tex
  49 3.415471 -3.236187 59.956245 0.853814 -0.014418 -0.520379 0.114180 0.438337 1 49 1.000000
  49 3.390265 -3.397233 60.052967 0.857035 -0.435844 0.274829 0.113764 0.438530 1 49 1.000000
  49 3.390264 -3.375841 59.931648 0.781353 -0.241879 -0.575310 0.113765 0.438475 1 49 1.000000
tex
  49 3.390264 -3.375841 59.931648 0.781353 -0.241879 -0.575310 0.113765 0.438475 1 49 1.000000
  49 3.390265 -3.397233 60.052967 0.857035 -0.435844 0.274829 0.113764 0.438530 1 49 1.000000
  49 3.328604 -3.449359 59.912571 0.667861 -0.414517 -0.618172 0.113536 0.438480 1 49 1.000000
tex
  49 3.351771 -3.349547 59.912819 0.176197 0.126862 -0.976146 0.113781 0.438516 1 49 1.000000
  49 3.390264 -3.375841 59.931648 0.781353 -0.241879 -0.575310 0.113765 0.438475 1 49 1.000000
  49 3.328604 -3.449359 59.912571 0.667861 -0.414517 -0.618172 0.113536 0.438480 1 49 1.000000
tex
  49 3.295686 -3.411746 59.896706 0.019774 0.355404 -0.934504 0.113566 0.438511 1 49 1.000000
  49 3.351771 -3.349547 59.912819 0.176197 0.126862 -0.976146 0.113781 0.438516 1 49 1.000000
  49 3.328604 -3.449359 59.912571 0.667861 -0.414517 -0.618172 0.113536 0.438480 1 49 1.000000
tex
  49 3.313244 -3.330908 59.937405 -0.223384 0.285907 -0.931856 0.113814 0.438564 1 49 1.000000
  49 3.351771 -3.349547 59.912819 0.176197 0.126862 -0.976146 0.113781 0.438516 1 49 1.000000
  49 3.295686 -3.411746 59.896706 0.019774 0.355404 -0.934504 0.113566 0.438511 1 49 1.000000
tex
  49 3.261462 -3.383159 59.928192 -0.249941 0.748887 -0.613756 0.113601 0.438523 1 49 1.000000
  49 3.313244 -3.330908 59.937405 -0.223384 0.285907 -0.931856 0.113814 0.438564 1 49 1.000000
  49 3.295686 -3.411746 59.896706 0.019774 0.355404 -0.934504 0.113566 0.438511 1 49 1.000000
tex
  49 3.224847 -3.311797 59.940773 0.018131 0.184696 -0.982628 0.113818 0.438482 1 49 1.000000
  49 3.313244 -3.330908 59.937405 -0.223384 0.285907 -0.931856 0.113814 0.438564 1 49 1.000000
  49 3.261462 -3.383159 59.928192 -0.249941 0.748887 -0.613756 0.113601 0.438523 1 49 1.000000
tex
  49 3.224847 -3.311797 59.940773 0.018131 0.184696 -0.982628 0.113818 0.438482 1 49 1.000000
  49 3.231221 -3.242757 59.952946 0.018131 0.184696 -0.982628 0.113997 0.438477 1 49 1.000000
  49 3.313244 -3.330908 59.937405 -0.223384 0.285907 -0.931856 0.113814 0.438564 1 49 1.000000
tex
  49 3.231221 -3.242757 59.952946 0.018131 0.184696 -0.982628 0.113997 0.438477 1 49 1.000000
  49 3.333256 -3.212787 59.958233 -0.451141 0.173014 -0.875521 0.114240 0.438655 1 49 1.000000
  49 3.313244 -3.330908 59.937405 -0.223384 0.285907 -0.931856 0.113814 0.438564 1 49 1.000000
tex
  49 3.231221 -3.242757 59.952946 0.018131 0.184696 -0.982628 0.113997 0.438477 1 49 1.000000
  49 3.272648 -3.208236 59.959038 0.018131 0.184696 -0.982628 0.114103 0.438556 1 49 1.000000
  49 3.333256 -3.212787 59.958233 -0.451141 0.173014 -0.875521 0.114240 0.438655 1 49 1.000000
tex
  49 3.018006 -3.595927 59.953609 -0.881391 -0.461693 -0.099945 0.113080 0.438510 1 49 1.000000
  49 3.062045 -3.613112 59.842243 -0.025311 -0.993812 -0.108149 0.113061 0.438525 1 49 1.000000
  49 3.069725 -3.627897 59.948650 0.148454 -0.972030 -0.181987 0.113097 0.438515 1 49 1.000000
tex
  49 3.062045 -3.613112 59.842243 -0.025311 -0.993812 -0.108149 0.113061 0.438525 1 49 1.000000
  49 3.233453 -3.518758 59.869587 0.707677 -0.539534 -0.456175 0.113290 0.438501 1 49 1.000000
  49 3.069725 -3.627897 59.948650 0.148454 -0.972030 -0.181987 0.113097 0.438515 1 49 1.000000
tex
  49 3.233453 -3.518758 59.869587 0.707677 -0.539534 -0.456175 0.113290 0.438501 1 49 1.000000
  49 3.249417 -3.544995 59.965534 0.586694 -0.797615 -0.140000 0.113349 0.438510 1 49 1.000000
  49 3.069725 -3.627897 59.948650 0.148454 -0.972030 -0.181987 0.113097 0.438515 1 49 1.000000
tex
  49 3.328604 -3.449359 59.912571 0.667861 -0.414517 -0.618172 0.113536 0.438480 1 49 1.000000
  49 3.249417 -3.544995 59.965534 0.586694 -0.797615 -0.140000 0.113349 0.438510 1 49 1.000000
  49 3.233453 -3.518758 59.869587 0.707677 -0.539534 -0.456175 0.113290 0.438501 1 49 1.000000
tex
  49 3.328604 -3.449359 59.912571 0.667861 -0.414517 -0.618172 0.113536 0.438480 1 49 1.000000
  49 3.327489 -3.473383 60.045696 0.648139 -0.610367 0.455377 0.113540 0.438536 1 49 1.000000
  49 3.249417 -3.544995 59.965534 0.586694 -0.797615 -0.140000 0.113349 0.438510 1 49 1.000000
tex
  49 3.390265 -3.397233 60.052967 0.857035 -0.435844 0.274829 0.113764 0.438530 1 49 1.000000
  49 3.327489 -3.473383 60.045696 0.648139 -0.610367 0.455377 0.113540 0.438536 1 49 1.000000
  49 3.328604 -3.449359 59.912571 0.667861 -0.414517 -0.618172 0.113536 0.438480 1 49 1.000000
tex
  49 3.327489 -3.473383 60.045696 0.648139 -0.610367 0.455377 0.113540 0.438536 1 49 1.000000
  49 3.390265 -3.397233 60.052967 0.857035 -0.435844 0.274829 0.113764 0.438530 1 49 1.000000
  49 3.351738 -3.378970 60.079685 0.194153 -0.187429 0.962899 0.113775 0.438492 1 49 1.000000
tex
  49 3.390265 -3.397233 60.052967 0.857035 -0.435844 0.274829 0.113764 0.438530 1 49 1.000000
  49 3.415471 -3.256893 60.077717 0.856966 -0.160994 0.489581 0.114193 0.438631 1 49 1.000000
  49 3.351738 -3.378970 60.079685 0.194153 -0.187429 0.962899 0.113775 0.438492 1 49 1.000000
tex
  49 3.415471 -3.256893 60.077717 0.856966 -0.160994 0.489581 0.114193 0.438631 1 49 1.000000
  49 3.374363 -3.249269 60.102554 0.017240 -0.162643 0.986534 0.114200 0.438459 1 49 1.000000
  49 3.351738 -3.378970 60.079685 0.194153 -0.187429 0.962899 0.113775 0.438492 1 49 1.000000
tex
  49 3.415471 -3.256893 60.077717 0.856966 -0.160994 0.489581 0.114193 0.438631 1 49 1.000000
  49 3.423723 -2.751709 60.166798 0.844310 -0.085688 0.528960 0.119876 0.438775 1 49 1.000000
  49 3.374363 -3.249269 60.102554 0.017240 -0.162643 0.986534 0.114200 0.438459 1 49 1.000000
tex
  49 3.423723 -2.751709 60.166798 0.844310 -0.085688 0.528960 0.119876 0.438775 1 49 1.000000
  49 3.380386 -2.751019 60.190418 -0.073647 -0.171810 0.982373 0.119927 0.438363 1 49 1.000000
  49 3.374363 -3.249269 60.102554 0.017240 -0.162643 0.986534 0.114200 0.438459 1 49 1.000000
tex
  49 3.423723 -2.751709 60.166798 0.844310 -0.085688 0.528960 0.119876 0.438775 1 49 1.000000
  49 3.433601 -1.704398 60.349979 0.844310 -0.085688 0.528960 0.143012 0.438457 1 49 1.000000
  49 3.380386 -2.751019 60.190418 -0.073647 -0.171810 0.982373 0.119927 0.438363 1 49 1.000000
tex
  49 3.433601 -1.704398 60.349979 0.844310 -0.085688 0.528960 0.143012 0.438457 1 49 1.000000
  49 3.386312 -1.704810 60.373234 -0.020495 -0.186105 0.982316 0.143078 0.437939 1 49 1.000000
  49 3.380386 -2.751019 60.190418 -0.073647 -0.171810 0.982373 0.119927 0.438363 1 49 1.000000
tex
  49 3.386312 -1.704810 60.373234 -0.020495 -0.186105 0.982316 0.143078 0.437939 1 49 1.000000
  49 3.433601 -1.704398 60.349979 0.844310 -0.085688 0.528960 0.143012 0.438457 1 49 1.000000
  49 3.443129 -0.658001 60.523846 0.844310 -0.085688 0.528960 0.165548 0.437884 1 49 1.000000
tex
  49 3.386312 -1.704810 60.373234 -0.020495 -0.186105 0.982316 0.143078 0.437939 1 49 1.000000
  49 3.443129 -0.658001 60.523846 0.844310 -0.085688 0.528960 0.165548 0.437884 1 49 1.000000
  49 3.392016 -0.655936 60.546638 -0.018266 -0.123663 0.992156 0.165624 0.437527 1 49 1.000000
tex
  49 3.443129 -0.658001 60.523846 0.844310 -0.085688 0.528960 0.165548 0.437884 1 49 1.000000
  49 3.444594 -0.149046 60.577045 0.787977 0.133590 0.601038 0.170770 0.437540 1 49 1.000000
  49 3.392016 -0.655936 60.546638 -0.018266 -0.123663 0.992156 0.165624 0.437527 1 49 1.000000
tex
  49 3.392016 -0.655936 60.546638 -0.018266 -0.123663 0.992156 0.165624 0.437527 1 49 1.000000
  49 3.444594 -0.149046 60.577045 0.787977 0.133590 0.601038 0.170770 0.437540 1 49 1.000000
  49 3.391952 -0.144065 60.598347 0.017907 0.151950 0.988226 0.170684 0.437443 1 49 1.000000
tex
  49 3.391952 -0.144065 60.598347 0.017907 0.151950 0.988226 0.170684 0.437443 1 49 1.000000
  49 3.444594 -0.149046 60.577045 0.787977 0.133590 0.601038 0.170770 0.437540 1 49 1.000000
  49 3.375190 0.038663 60.519230 0.000000 0.539173 0.842195 0.170642 0.437477 1 49 1.000000
tex
  49 3.389339 0.195583 60.325893 0.861776 0.465386 0.201883 0.170632 0.437490 1 49 1.000000
  49 3.389338 0.131010 60.235165 0.828405 -0.294001 -0.476768 0.170631 0.437494 1 49 1.000000
  49 3.348295 0.321920 60.167809 0.688740 0.724733 0.019967 0.170629 0.437492 1 49 1.000000
tex
  49 3.348295 0.321920 60.167809 0.688740 0.724733 0.019967 0.170629 0.437492 1 49 1.000000
  49 3.389338 0.131010 60.235165 0.828405 -0.294001 -0.476768 0.170631 0.437494 1 49 1.000000
  49 3.348294 0.263652 60.086475 0.682899 0.008444 -0.730464 0.170629 0.437492 1 49 1.000000
tex
  49 3.294919 0.317606 60.094475 -0.160079 0.792115 -0.589006 0.170629 0.437492 1 49 1.000000
  49 3.348295 0.321920 60.167809 0.688740 0.724733 0.019967 0.170629 0.437492 1 49 1.000000
  49 3.348294 0.263652 60.086475 0.682899 0.008444 -0.730464 0.170629 0.437492 1 49 1.000000
tex
  49 3.348295 0.321920 60.167809 0.688740 0.724733 0.019967 0.170629 0.437492 1 49 1.000000
  49 3.294919 0.317606 60.094475 -0.160079 0.792115 -0.589006 0.170629 0.437492 1 49 1.000000
  49 3.298775 0.336452 60.157887 -0.105580 0.974424 0.198368 0.170629 0.437492 1 49 1.000000
tex
  49 3.294919 0.317606 60.094475 -0.160079 0.792115 -0.589006 0.170629 0.437492 1 49 1.000000
  49 3.258050 0.310663 60.176052 -0.836450 0.519142 0.175622 0.170629 0.437492 1 49 1.000000
  49 3.298775 0.336452 60.157887 -0.105580 0.974424 0.198368 0.170629 0.437492 1 49 1.000000
tex
  49 3.258050 0.310663 60.176052 -0.836450 0.519142 0.175622 0.170629 0.437492 1 49 1.000000
  49 3.337269 0.203107 60.345798 -0.032336 0.762937 0.645664 0.170630 0.437490 1 49 1.000000
  49 3.298775 0.336452 60.157887 -0.105580 0.974424 0.198368 0.170629 0.437492 1 49 1.000000
tex
  49 3.258050 0.310663 60.176052 -0.836450 0.519142 0.175622 0.170629 0.437492 1 49 1.000000
  49 3.285646 0.184694 60.333878 -0.899986 0.223878 0.374037 0.170628 0.437492 1 49 1.000000
  49 3.337269 0.203107 60.345798 -0.032336 0.762937 0.645664 0.170630 0.437490 1 49 1.000000
tex
  49 3.285646 0.184694 60.333878 -0.899986 0.223878 0.374037 0.170628 0.437492 1 49 1.000000
  49 3.322484 0.024348 60.504436 -0.744945 0.339202 0.574456 0.170624 0.437474 1 49 1.000000
  49 3.337269 0.203107 60.345798 -0.032336 0.762937 0.645664 0.170630 0.437490 1 49 1.000000
tex
  49 3.337269 0.203107 60.345798 -0.032336 0.762937 0.645664 0.170630 0.437490 1 49 1.000000
  49 3.322484 0.024348 60.504436 -0.744945 0.339202 0.574456 0.170624 0.437474 1 49 1.000000
  49 3.375190 0.038663 60.519230 0.000000 0.539173 0.842195 0.170642 0.437477 1 49 1.000000
tex
  49 3.427865 0.031892 60.498905 0.732191 0.496756 0.465972 0.170658 0.437479 1 49 1.000000
  49 3.337269 0.203107 60.345798 -0.032336 0.762937 0.645664 0.170630 0.437490 1 49 1.000000
  49 3.375190 0.038663 60.519230 0.000000 0.539173 0.842195 0.170642 0.437477 1 49 1.000000
tex
  49 3.444594 -0.149046 60.577045 0.787977 0.133590 0.601038 0.170770 0.437540 1 49 1.000000
  49 3.427865 0.031892 60.498905 0.732191 0.496756 0.465972 0.170658 0.437479 1 49 1.000000
  49 3.375190 0.038663 60.519230 0.000000 0.539173 0.842195 0.170642 0.437477 1 49 1.000000
tex
  49 3.427865 0.031892 60.498905 0.732191 0.496756 0.465972 0.170658 0.437479 1 49 1.000000
  49 3.444594 -0.149046 60.577045 0.787977 0.133590 0.601038 0.170770 0.437540 1 49 1.000000
  49 3.427865 -0.024272 60.405262 0.872285 -0.145480 -0.466856 0.170654 0.437488 1 49 1.000000
tex
  49 3.427865 -0.024272 60.405262 0.872285 -0.145480 -0.466856 0.170654 0.437488 1 49 1.000000
  49 3.444594 -0.149046 60.577045 0.787977 0.133590 0.601038 0.170770 0.437540 1 49 1.000000
  49 3.444594 -0.186089 60.471313 0.892422 -0.026366 -0.450431 0.170810 0.437418 1 49 1.000000
tex
  49 3.444594 -0.149046 60.577045 0.787977 0.133590 0.601038 0.170770 0.437540 1 49 1.000000
  49 3.443129 -0.658001 60.523846 0.844310 -0.085688 0.528960 0.165548 0.437884 1 49 1.000000
  49 3.444594 -0.186089 60.471313 0.892422 -0.026366 -0.450431 0.170810 0.437418 1 49 1.000000
tex
  49 3.389338 0.131010 60.235165 0.828405 -0.294001 -0.476768 0.170631 0.437494 1 49 1.000000
  49 3.389339 0.195583 60.325893 0.861776 0.465386 0.201883 0.170632 0.437490 1 49 1.000000
  49 3.427865 -0.024272 60.405262 0.872285 -0.145480 -0.466856 0.170654 0.437488 1 49 1.000000
tex
  49 3.389339 0.195583 60.325893 0.861776 0.465386 0.201883 0.170632 0.437490 1 49 1.000000
  49 3.427865 0.031892 60.498905 0.732191 0.496756 0.465972 0.170658 0.437479 1 49 1.000000
  49 3.427865 -0.024272 60.405262 0.872285 -0.145480 -0.466856 0.170654 0.437488 1 49 1.000000
tex
  49 3.389339 0.195583 60.325893 0.861776 0.465386 0.201883 0.170632 0.437490 1 49 1.000000
  49 3.337269 0.203107 60.345798 -0.032336 0.762937 0.645664 0.170630 0.437490 1 49 1.000000
  49 3.427865 0.031892 60.498905 0.732191 0.496756 0.465972 0.170658 0.437479 1 49 1.000000
tex
  49 3.389339 0.195583 60.325893 0.861776 0.465386 0.201883 0.170632 0.437490 1 49 1.000000
  49 3.348295 0.321920 60.167809 0.688740 0.724733 0.019967 0.170629 0.437492 1 49 1.000000
  49 3.337269 0.203107 60.345798 -0.032336 0.762937 0.645664 0.170630 0.437490 1 49 1.000000
tex
  49 3.337269 0.203107 60.345798 -0.032336 0.762937 0.645664 0.170630 0.437490 1 49 1.000000
  49 3.348295 0.321920 60.167809 0.688740 0.724733 0.019967 0.170629 0.437492 1 49 1.000000
  49 3.298775 0.336452 60.157887 -0.105580 0.974424 0.198368 0.170629 0.437492 1 49 1.000000
tex
  49 3.339277 -0.152988 60.579956 -0.764460 0.055198 0.642304 0.170559 0.437355 1 49 1.000000
  49 3.391952 -0.144065 60.598347 0.017907 0.151950 0.988226 0.170684 0.437443 1 49 1.000000
  49 3.375190 0.038663 60.519230 0.000000 0.539173 0.842195 0.170642 0.437477 1 49 1.000000
tex
  49 3.322484 0.024348 60.504436 -0.744945 0.339202 0.574456 0.170624 0.437474 1 49 1.000000
  49 3.339277 -0.152988 60.579956 -0.764460 0.055198 0.642304 0.170559 0.437355 1 49 1.000000
  49 3.375190 0.038663 60.519230 0.000000 0.539173 0.842195 0.170642 0.437477 1 49 1.000000
tex
  49 3.339277 -0.152988 60.579956 -0.764460 0.055198 0.642304 0.170559 0.437355 1 49 1.000000
  49 3.322484 0.024348 60.504436 -0.744945 0.339202 0.574456 0.170624 0.437474 1 49 1.000000
  49 3.322484 -0.031822 60.410831 -0.922286 -0.307406 -0.234285 0.170597 0.437499 1 49 1.000000
tex
  49 3.322484 0.024348 60.504436 -0.744945 0.339202 0.574456 0.170624 0.437474 1 49 1.000000
  49 3.285646 0.184694 60.333878 -0.899986 0.223878 0.374037 0.170628 0.437492 1 49 1.000000
  49 3.322484 -0.031822 60.410831 -0.922286 -0.307406 -0.234285 0.170597 0.437499 1 49 1.000000
tex
  49 3.285646 0.184694 60.333878 -0.899986 0.223878 0.374037 0.170628 0.437492 1 49 1.000000
  49 3.285645 0.120123 60.243141 -0.798627 -0.518149 -0.306130 0.170628 0.437495 1 49 1.000000
  49 3.322484 -0.031822 60.410831 -0.922286 -0.307406 -0.234285 0.170597 0.437499 1 49 1.000000
tex
  49 3.285645 0.120123 60.243141 -0.798627 -0.518149 -0.306130 0.170628 0.437495 1 49 1.000000
  49 3.285646 0.184694 60.333878 -0.899986 0.223878 0.374037 0.170628 0.437492 1 49 1.000000
  49 3.258050 0.310663 60.176052 -0.836450 0.519142 0.175622 0.170629 0.437492 1 49 1.000000
tex
  49 3.285645 0.120123 60.243141 -0.798627 -0.518149 -0.306130 0.170628 0.437495 1 49 1.000000
  49 3.258050 0.310663 60.176052 -0.836450 0.519142 0.175622 0.170629 0.437492 1 49 1.000000
  49 3.258050 0.252400 60.094685 -0.787723 -0.197484 -0.583517 0.170629 0.437494 1 49 1.000000
tex
  49 3.258050 0.252400 60.094685 -0.787723 -0.197484 -0.583517 0.170629 0.437494 1 49 1.000000
  49 3.258050 0.310663 60.176052 -0.836450 0.519142 0.175622 0.170629 0.437492 1 49 1.000000
  49 3.294919 0.317606 60.094475 -0.160079 0.792115 -0.589006 0.170629 0.437492 1 49 1.000000
tex
  49 3.258050 0.252400 60.094685 -0.787723 -0.197484 -0.583517 0.170629 0.437494 1 49 1.000000
  49 3.294919 0.317606 60.094475 -0.160079 0.792115 -0.589006 0.170629 0.437492 1 49 1.000000
  49 3.298775 0.270346 60.065395 -0.071299 -0.177150 -0.981598 0.170629 0.437494 1 49 1.000000
tex
  49 3.298775 0.270346 60.065395 -0.071299 -0.177150 -0.981598 0.170629 0.437494 1 49 1.000000
  49 3.294919 0.317606 60.094475 -0.160079 0.792115 -0.589006 0.170629 0.437492 1 49 1.000000
  49 3.348294 0.263652 60.086475 0.682899 0.008444 -0.730464 0.170629 0.437492 1 49 1.000000
tex
  49 3.337268 0.114372 60.221073 0.025794 -0.725497 -0.687742 0.170629 0.437494 1 49 1.000000
  49 3.298775 0.270346 60.065395 -0.071299 -0.177150 -0.981598 0.170629 0.437494 1 49 1.000000
  49 3.348294 0.263652 60.086475 0.682899 0.008444 -0.730464 0.170629 0.437492 1 49 1.000000
tex
  49 3.389338 0.131010 60.235165 0.828405 -0.294001 -0.476768 0.170631 0.437494 1 49 1.000000
  49 3.337268 0.114372 60.221073 0.025794 -0.725497 -0.687742 0.170629 0.437494 1 49 1.000000
  49 3.348294 0.263652 60.086475 0.682899 0.008444 -0.730464 0.170629 0.437492 1 49 1.000000
tex
  49 3.337268 0.114372 60.221073 0.025794 -0.725497 -0.687742 0.170629 0.437494 1 49 1.000000
  49 3.389338 0.131010 60.235165 0.828405 -0.294001 -0.476768 0.170631 0.437494 1 49 1.000000
  49 3.375190 -0.038587 60.390476 -0.051021 -0.600078 -0.798313 0.170617 0.437494 1 49 1.000000
tex
  49 3.375190 -0.038587 60.390476 -0.051021 -0.600078 -0.798313 0.170617 0.437494 1 49 1.000000
  49 3.389338 0.131010 60.235165 0.828405 -0.294001 -0.476768 0.170631 0.437494 1 49 1.000000
  49 3.427865 -0.024272 60.405262 0.872285 -0.145480 -0.466856 0.170654 0.437488 1 49 1.000000
tex
  49 3.391952 -0.195018 60.452953 0.040851 -0.078494 -0.996077 0.170496 0.437510 1 49 1.000000
  49 3.375190 -0.038587 60.390476 -0.051021 -0.600078 -0.798313 0.170617 0.437494 1 49 1.000000
  49 3.427865 -0.024272 60.405262 0.872285 -0.145480 -0.466856 0.170654 0.437488 1 49 1.000000
tex
  49 3.391952 -0.195018 60.452953 0.040851 -0.078494 -0.996077 0.170496 0.437510 1 49 1.000000
  49 3.427865 -0.024272 60.405262 0.872285 -0.145480 -0.466856 0.170654 0.437488 1 49 1.000000
  49 3.444594 -0.186089 60.471313 0.892422 -0.026366 -0.450431 0.170810 0.437418 1 49 1.000000
tex
  49 3.391952 -0.195018 60.452953 0.040851 -0.078494 -0.996077 0.170496 0.437510 1 49 1.000000
  49 3.444594 -0.186089 60.471313 0.892422 -0.026366 -0.450431 0.170810 0.437418 1 49 1.000000
  49 3.443129 -0.672492 60.404900 0.823817 0.079795 -0.561211 0.165007 0.437242 1 49 1.000000
tex
  49 3.444594 -0.186089 60.471313 0.892422 -0.026366 -0.450431 0.170810 0.437418 1 49 1.000000
  49 3.443129 -0.658001 60.523846 0.844310 -0.085688 0.528960 0.165548 0.437884 1 49 1.000000
  49 3.443129 -0.672492 60.404900 0.823817 0.079795 -0.561211 0.165007 0.437242 1 49 1.000000
tex
  49 3.340934 -0.659267 60.524788 -0.837695 -0.080118 0.540229 0.165497 0.437172 1 49 1.000000
  49 3.339277 -0.152988 60.579956 -0.764460 0.055198 0.642304 0.170559 0.437355 1 49 1.000000
  49 3.339277 -0.190030 60.474213 -0.837082 -0.148126 -0.526643 0.170349 0.437551 1 49 1.000000
tex
  49 3.339277 -0.152988 60.579956 -0.764460 0.055198 0.642304 0.170559 0.437355 1 49 1.000000
  49 3.322484 -0.031822 60.410831 -0.922286 -0.307406 -0.234285 0.170597 0.437499 1 49 1.000000
  49 3.339277 -0.190030 60.474213 -0.837082 -0.148126 -0.526643 0.170349 0.437551 1 49 1.000000
tex
  49 3.337268 0.114372 60.221073 0.025794 -0.725497 -0.687742 0.170629 0.437494 1 49 1.000000
  49 3.258050 0.252400 60.094685 -0.787723 -0.197484 -0.583517 0.170629 0.437494 1 49 1.000000
  49 3.298775 0.270346 60.065395 -0.071299 -0.177150 -0.981598 0.170629 0.437494 1 49 1.000000
tex
  49 3.337268 0.114372 60.221073 0.025794 -0.725497 -0.687742 0.170629 0.437494 1 49 1.000000
  49 3.285645 0.120123 60.243141 -0.798627 -0.518149 -0.306130 0.170628 0.437495 1 49 1.000000
  49 3.258050 0.252400 60.094685 -0.787723 -0.197484 -0.583517 0.170629 0.437494 1 49 1.000000
tex
  49 3.285645 0.120123 60.243141 -0.798627 -0.518149 -0.306130 0.170628 0.437495 1 49 1.000000
  49 3.337268 0.114372 60.221073 0.025794 -0.725497 -0.687742 0.170629 0.437494 1 49 1.000000
  49 3.375190 -0.038587 60.390476 -0.051021 -0.600078 -0.798313 0.170617 0.437494 1 49 1.000000
tex
  49 3.322484 -0.031822 60.410831 -0.922286 -0.307406 -0.234285 0.170597 0.437499 1 49 1.000000
  49 3.285645 0.120123 60.243141 -0.798627 -0.518149 -0.306130 0.170628 0.437495 1 49 1.000000
  49 3.375190 -0.038587 60.390476 -0.051021 -0.600078 -0.798313 0.170617 0.437494 1 49 1.000000
tex
  49 3.339277 -0.190030 60.474213 -0.837082 -0.148126 -0.526643 0.170349 0.437551 1 49 1.000000
  49 3.322484 -0.031822 60.410831 -0.922286 -0.307406 -0.234285 0.170597 0.437499 1 49 1.000000
  49 3.375190 -0.038587 60.390476 -0.051021 -0.600078 -0.798313 0.170617 0.437494 1 49 1.000000
tex
  49 3.339277 -0.190030 60.474213 -0.837082 -0.148126 -0.526643 0.170349 0.437551 1 49 1.000000
  49 3.375190 -0.038587 60.390476 -0.051021 -0.600078 -0.798313 0.170617 0.437494 1 49 1.000000
  49 3.391952 -0.195018 60.452953 0.040851 -0.078494 -0.996077 0.170496 0.437510 1 49 1.000000
tex
  49 3.340934 -0.673757 60.405842 -0.832233 0.084129 -0.548005 0.164984 0.437819 1 49 1.000000
  49 3.339277 -0.190030 60.474213 -0.837082 -0.148126 -0.526643 0.170349 0.437551 1 49 1.000000
  49 3.391952 -0.195018 60.452953 0.040851 -0.078494 -0.996077 0.170496 0.437510 1 49 1.000000
tex
  49 3.340934 -0.659267 60.524788 -0.837695 -0.080118 0.540229 0.165497 0.437172 1 49 1.000000
  49 3.339277 -0.190030 60.474213 -0.837082 -0.148126 -0.526643 0.170349 0.437551 1 49 1.000000
  49 3.340934 -0.673757 60.405842 -0.832233 0.084129 -0.548005 0.164984 0.437819 1 49 1.000000
tex
  49 3.339023 -1.703636 60.350243 -0.837695 -0.080118 0.540229 0.143003 0.437431 1 49 1.000000
  49 3.340934 -0.659267 60.524788 -0.837695 -0.080118 0.540229 0.165497 0.437172 1 49 1.000000
  49 3.340934 -0.673757 60.405842 -0.832233 0.084129 -0.548005 0.164984 0.437819 1 49 1.000000
tex
  49 3.339023 -1.703636 60.350243 -0.837695 -0.080118 0.540229 0.143003 0.437431 1 49 1.000000
  49 3.386312 -1.704810 60.373234 -0.020495 -0.186105 0.982316 0.143078 0.437939 1 49 1.000000
  49 3.340934 -0.659267 60.524788 -0.837695 -0.080118 0.540229 0.165497 0.437172 1 49 1.000000
tex
  49 3.340934 -0.659267 60.524788 -0.837695 -0.080118 0.540229 0.165497 0.437172 1 49 1.000000
  49 3.386312 -1.704810 60.373234 -0.020495 -0.186105 0.982316 0.143078 0.437939 1 49 1.000000
  49 3.392016 -0.655936 60.546638 -0.018266 -0.123663 0.992156 0.165624 0.437527 1 49 1.000000
tex
  49 3.339277 -0.152988 60.579956 -0.764460 0.055198 0.642304 0.170559 0.437355 1 49 1.000000
  49 3.340934 -0.659267 60.524788 -0.837695 -0.080118 0.540229 0.165497 0.437172 1 49 1.000000
  49 3.392016 -0.655936 60.546638 -0.018266 -0.123663 0.992156 0.165624 0.437527 1 49 1.000000
tex
  49 3.339277 -0.152988 60.579956 -0.764460 0.055198 0.642304 0.170559 0.437355 1 49 1.000000
  49 3.392016 -0.655936 60.546638 -0.018266 -0.123663 0.992156 0.165624 0.437527 1 49 1.000000
  49 3.391952 -0.144065 60.598347 0.017907 0.151950 0.988226 0.170684 0.437443 1 49 1.000000
tex
  49 -3.444580 -0.149052 60.577049 -0.843863 0.075031 0.531287 0.019661 0.440393 1 49 1.000000
  49 -3.443114 -0.658005 60.523846 -0.837695 -0.080118 0.540229 0.024885 0.440538 1 49 1.000000
  49 -3.392001 -0.655941 60.546638 -0.018266 -0.123663 0.992156 0.024793 0.440189 1 49 1.000000
tex
  49 -3.444580 -0.149052 60.577049 -0.843863 0.075031 0.531287 0.019661 0.440393 1 49 1.000000
  49 -3.392001 -0.655941 60.546638 -0.018266 -0.123663 0.992156 0.024793 0.440189 1 49 1.000000
  49 -3.391937 -0.144071 60.598351 -0.096844 0.208516 0.973212 0.019743 0.440293 1 49 1.000000
tex
  49 -3.427850 0.031887 60.498909 -0.677406 0.488070 0.550371 0.019770 0.440327 1 49 1.000000
  49 -3.444580 -0.149052 60.577049 -0.843863 0.075031 0.531287 0.019661 0.440393 1 49 1.000000
  49 -3.391937 -0.144071 60.598351 -0.096844 0.208516 0.973212 0.019743 0.440293 1 49 1.000000
tex
  49 -3.427850 0.031887 60.498909 -0.677406 0.488070 0.550371 0.019770 0.440327 1 49 1.000000
  49 -3.391937 -0.144071 60.598351 -0.096844 0.208516 0.973212 0.019743 0.440293 1 49 1.000000
  49 -3.375175 0.038658 60.519234 0.078583 0.530528 0.844017 0.019786 0.440323 1 49 1.000000
tex
  49 -3.337255 0.203102 60.345802 0.032326 0.762934 0.645667 0.019799 0.440338 1 49 1.000000
  49 -3.427850 0.031887 60.498909 -0.677406 0.488070 0.550371 0.019770 0.440327 1 49 1.000000
  49 -3.375175 0.038658 60.519234 0.078583 0.530528 0.844017 0.019786 0.440323 1 49 1.000000
tex
  49 -3.322470 0.024343 60.504440 0.744923 0.339105 0.574541 0.019804 0.440320 1 49 1.000000
  49 -3.337255 0.203102 60.345802 0.032326 0.762934 0.645667 0.019799 0.440338 1 49 1.000000
  49 -3.375175 0.038658 60.519234 0.078583 0.530528 0.844017 0.019786 0.440323 1 49 1.000000
tex
  49 -3.339263 -0.152994 60.579960 0.764412 0.055211 0.642360 0.019866 0.440200 1 49 1.000000
  49 -3.322470 0.024343 60.504440 0.744923 0.339105 0.574541 0.019804 0.440320 1 49 1.000000
  49 -3.375175 0.038658 60.519234 0.078583 0.530528 0.844017 0.019786 0.440323 1 49 1.000000
tex
  49 -3.391937 -0.144071 60.598351 -0.096844 0.208516 0.973212 0.019743 0.440293 1 49 1.000000
  49 -3.339263 -0.152994 60.579960 0.764412 0.055211 0.642360 0.019866 0.440200 1 49 1.000000
  49 -3.375175 0.038658 60.519234 0.078583 0.530528 0.844017 0.019786 0.440323 1 49 1.000000
tex
  49 -3.392001 -0.655941 60.546638 -0.018266 -0.123663 0.992156 0.024793 0.440189 1 49 1.000000
  49 -3.339263 -0.152994 60.579960 0.764412 0.055211 0.642360 0.019866 0.440200 1 49 1.000000
  49 -3.391937 -0.144071 60.598351 -0.096844 0.208516 0.973212 0.019743 0.440293 1 49 1.000000
tex
  49 -3.348282 0.321915 60.167812 -0.575251 0.816238 0.053316 0.019799 0.440341 1 49 1.000000
  49 -3.337255 0.203102 60.345802 0.032326 0.762934 0.645667 0.019799 0.440338 1 49 1.000000
  49 -3.298762 0.336447 60.157890 0.105964 0.974376 0.198402 0.019800 0.440341 1 49 1.000000
tex
  49 -3.348282 0.321915 60.167812 -0.575251 0.816238 0.053316 0.019799 0.440341 1 49 1.000000
  49 -3.389325 0.195578 60.325897 -0.898869 0.414294 0.142810 0.019797 0.440337 1 49 1.000000
  49 -3.337255 0.203102 60.345802 0.032326 0.762934 0.645667 0.019799 0.440338 1 49 1.000000
tex
  49 -3.337255 0.203102 60.345802 0.032326 0.762934 0.645667 0.019799 0.440338 1 49 1.000000
  49 -3.389325 0.195578 60.325897 -0.898869 0.414294 0.142810 0.019797 0.440337 1 49 1.000000
  49 -3.427850 0.031887 60.498909 -0.677406 0.488070 0.550371 0.019770 0.440327 1 49 1.000000
tex
  49 -3.427850 0.031887 60.498909 -0.677406 0.488070 0.550371 0.019770 0.440327 1 49 1.000000
  49 -3.389325 0.195578 60.325897 -0.898869 0.414294 0.142810 0.019797 0.440337 1 49 1.000000
  49 -3.427850 -0.024277 60.405266 -0.872316 -0.145507 -0.466789 0.019775 0.440336 1 49 1.000000
tex
  49 -3.444580 -0.149052 60.577049 -0.843863 0.075031 0.531287 0.019661 0.440393 1 49 1.000000
  49 -3.427850 0.031887 60.498909 -0.677406 0.488070 0.550371 0.019770 0.440327 1 49 1.000000
  49 -3.427850 -0.024277 60.405266 -0.872316 -0.145507 -0.466789 0.019775 0.440336 1 49 1.000000
tex
  49 -3.444580 -0.149052 60.577049 -0.843863 0.075031 0.531287 0.019661 0.440393 1 49 1.000000
  49 -3.427850 -0.024277 60.405266 -0.872316 -0.145507 -0.466789 0.019775 0.440336 1 49 1.000000
  49 -3.444580 -0.186094 60.471317 -0.892367 -0.026505 -0.450531 0.019615 0.440274 1 49 1.000000
tex
  49 -3.443114 -0.658005 60.523846 -0.837695 -0.080118 0.540229 0.024885 0.440538 1 49 1.000000
  49 -3.444580 -0.149052 60.577049 -0.843863 0.075031 0.531287 0.019661 0.440393 1 49 1.000000
  49 -3.444580 -0.186094 60.471317 -0.892367 -0.026505 -0.450531 0.019615 0.440274 1 49 1.000000
tex
  49 -3.443114 -0.658005 60.523846 -0.837695 -0.080118 0.540229 0.024885 0.440538 1 49 1.000000
  49 -3.444580 -0.186094 60.471317 -0.892367 -0.026505 -0.450531 0.019615 0.440274 1 49 1.000000
  49 -3.443115 -0.672497 60.404900 -0.832233 0.084129 -0.548005 0.025404 0.439864 1 49 1.000000
tex
  49 -3.444580 -0.186094 60.471317 -0.892367 -0.026505 -0.450531 0.019615 0.440274 1 49 1.000000
  49 -3.391937 -0.195023 60.452957 -0.040665 -0.078469 -0.996087 0.019933 0.440353 1 49 1.000000
  49 -3.443115 -0.672497 60.404900 -0.832233 0.084129 -0.548005 0.025404 0.439864 1 49 1.000000
tex
  49 -3.391937 -0.195023 60.452957 -0.040665 -0.078469 -0.996087 0.019933 0.440353 1 49 1.000000
  49 -3.392033 -0.675833 60.383087 0.018131 0.184696 -0.982628 0.025511 0.440150 1 49 1.000000
  49 -3.443115 -0.672497 60.404900 -0.832233 0.084129 -0.548005 0.025404 0.439864 1 49 1.000000
tex
  49 -3.391937 -0.195023 60.452957 -0.040665 -0.078469 -0.996087 0.019933 0.440353 1 49 1.000000
  49 -3.340920 -0.673762 60.405842 0.733002 0.109191 -0.671405 0.025438 0.440427 1 49 1.000000
  49 -3.392033 -0.675833 60.383087 0.018131 0.184696 -0.982628 0.025511 0.440150 1 49 1.000000
tex
  49 -3.340920 -0.673762 60.405842 0.733002 0.109191 -0.671405 0.025438 0.440427 1 49 1.000000
  49 -3.339007 -1.699565 60.226936 0.888847 0.080998 -0.450987 0.048069 0.440223 1 49 1.000000
  49 -3.392033 -0.675833 60.383087 0.018131 0.184696 -0.982628 0.025511 0.440150 1 49 1.000000
tex
  49 -3.427850 -0.024277 60.405266 -0.872316 -0.145507 -0.466789 0.019775 0.440336 1 49 1.000000
  49 -3.391937 -0.195023 60.452957 -0.040665 -0.078469 -0.996087 0.019933 0.440353 1 49 1.000000
  49 -3.444580 -0.186094 60.471317 -0.892367 -0.026505 -0.450531 0.019615 0.440274 1 49 1.000000
tex
  49 -3.339007 -1.703641 60.350246 0.778825 -0.104654 0.618448 0.047679 0.439264 1 49 1.000000
  49 -3.339007 -1.699565 60.226936 0.888847 0.080998 -0.450987 0.048069 0.440223 1 49 1.000000
  49 -3.340920 -0.659272 60.524788 0.884950 -0.067998 0.460694 0.024905 0.439839 1 49 1.000000
tex
  49 -3.340920 -0.659272 60.524788 0.884950 -0.067998 0.460694 0.024905 0.439839 1 49 1.000000
  49 -3.339007 -1.699565 60.226936 0.888847 0.080998 -0.450987 0.048069 0.440223 1 49 1.000000
  49 -3.340920 -0.673762 60.405842 0.733002 0.109191 -0.671405 0.025438 0.440427 1 49 1.000000
tex
  49 -3.339263 -0.190035 60.474216 0.837089 -0.148167 -0.526620 0.020083 0.440388 1 49 1.000000
  49 -3.340920 -0.659272 60.524788 0.884950 -0.067998 0.460694 0.024905 0.439839 1 49 1.000000
  49 -3.340920 -0.673762 60.405842 0.733002 0.109191 -0.671405 0.025438 0.440427 1 49 1.000000
tex
  49 -3.339263 -0.190035 60.474216 0.837089 -0.148167 -0.526620 0.020083 0.440388 1 49 1.000000
  49 -3.340920 -0.673762 60.405842 0.733002 0.109191 -0.671405 0.025438 0.440427 1 49 1.000000
  49 -3.391937 -0.195023 60.452957 -0.040665 -0.078469 -0.996087 0.019933 0.440353 1 49 1.000000
tex
  49 -3.375175 -0.038592 60.390480 0.050733 -0.600259 -0.798195 0.019812 0.440342 1 49 1.000000
  49 -3.339263 -0.190035 60.474216 0.837089 -0.148167 -0.526620 0.020083 0.440388 1 49 1.000000
  49 -3.391937 -0.195023 60.452957 -0.040665 -0.078469 -0.996087 0.019933 0.440353 1 49 1.000000
tex
  49 -3.375175 -0.038592 60.390480 0.050733 -0.600259 -0.798195 0.019812 0.440342 1 49 1.000000
  49 -3.391937 -0.195023 60.452957 -0.040665 -0.078469 -0.996087 0.019933 0.440353 1 49 1.000000
  49 -3.427850 -0.024277 60.405266 -0.872316 -0.145507 -0.466789 0.019775 0.440336 1 49 1.000000
tex
  49 -3.389326 0.131005 60.235168 -0.747611 -0.389735 -0.537758 0.019798 0.440341 1 49 1.000000
  49 -3.375175 -0.038592 60.390480 0.050733 -0.600259 -0.798195 0.019812 0.440342 1 49 1.000000
  49 -3.427850 -0.024277 60.405266 -0.872316 -0.145507 -0.466789 0.019775 0.440336 1 49 1.000000
tex
  49 -3.389325 0.195578 60.325897 -0.898869 0.414294 0.142810 0.019797 0.440337 1 49 1.000000
  49 -3.389326 0.131005 60.235168 -0.747611 -0.389735 -0.537758 0.019798 0.440341 1 49 1.000000
  49 -3.427850 -0.024277 60.405266 -0.872316 -0.145507 -0.466789 0.019775 0.440336 1 49 1.000000
tex
  49 -3.389326 0.131005 60.235168 -0.747611 -0.389735 -0.537758 0.019798 0.440341 1 49 1.000000
  49 -3.389325 0.195578 60.325897 -0.898869 0.414294 0.142810 0.019797 0.440337 1 49 1.000000
  49 -3.348282 0.263647 60.086479 -0.776618 0.044173 -0.628421 0.019799 0.440341 1 49 1.000000
tex
  49 -3.389325 0.195578 60.325897 -0.898869 0.414294 0.142810 0.019797 0.440337 1 49 1.000000
  49 -3.348282 0.321915 60.167812 -0.575251 0.816238 0.053316 0.019799 0.440341 1 49 1.000000
  49 -3.348282 0.263647 60.086479 -0.776618 0.044173 -0.628421 0.019799 0.440341 1 49 1.000000
tex
  49 -3.348282 0.321915 60.167812 -0.575251 0.816238 0.053316 0.019799 0.440341 1 49 1.000000
  49 -3.294906 0.317601 60.094479 0.160197 0.792071 -0.589033 0.019800 0.440341 1 49 1.000000
  49 -3.348282 0.263647 60.086479 -0.776618 0.044173 -0.628421 0.019799 0.440341 1 49 1.000000
tex
  49 -3.294906 0.317601 60.094479 0.160197 0.792071 -0.589033 0.019800 0.440341 1 49 1.000000
  49 -3.348282 0.321915 60.167812 -0.575251 0.816238 0.053316 0.019799 0.440341 1 49 1.000000
  49 -3.298762 0.336447 60.157890 0.105964 0.974376 0.198402 0.019800 0.440341 1 49 1.000000
tex
  49 -3.258038 0.310658 60.176056 0.743737 0.641670 0.187387 0.019800 0.440341 1 49 1.000000
  49 -3.294906 0.317601 60.094479 0.160197 0.792071 -0.589033 0.019800 0.440341 1 49 1.000000
  49 -3.298762 0.336447 60.157890 0.105964 0.974376 0.198402 0.019800 0.440341 1 49 1.000000
tex
  49 -3.337255 0.203102 60.345802 0.032326 0.762934 0.645667 0.019799 0.440338 1 49 1.000000
  49 -3.258038 0.310658 60.176056 0.743737 0.641670 0.187387 0.019800 0.440341 1 49 1.000000
  49 -3.298762 0.336447 60.157890 0.105964 0.974376 0.198402 0.019800 0.440341 1 49 1.000000
tex
  49 -3.285632 0.184689 60.333881 0.932905 0.160883 0.322188 0.019801 0.440340 1 49 1.000000
  49 -3.258038 0.310658 60.176056 0.743737 0.641670 0.187387 0.019800 0.440341 1 49 1.000000
  49 -3.337255 0.203102 60.345802 0.032326 0.762934 0.645667 0.019799 0.440338 1 49 1.000000
tex
  49 -3.322470 0.024343 60.504440 0.744923 0.339105 0.574541 0.019804 0.440320 1 49 1.000000
  49 -3.285632 0.184689 60.333881 0.932905 0.160883 0.322188 0.019801 0.440340 1 49 1.000000
  49 -3.337255 0.203102 60.345802 0.032326 0.762934 0.645667 0.019799 0.440338 1 49 1.000000
tex
  49 -3.285632 0.184689 60.333881 0.932905 0.160883 0.322188 0.019801 0.440340 1 49 1.000000
  49 -3.322470 0.024343 60.504440 0.744923 0.339105 0.574541 0.019804 0.440320 1 49 1.000000
  49 -3.322471 -0.031827 60.410835 0.922267 -0.307265 -0.234545 0.019833 0.440346 1 49 1.000000
tex
  49 -3.322470 0.024343 60.504440 0.744923 0.339105 0.574541 0.019804 0.440320 1 49 1.000000
  49 -3.339263 -0.152994 60.579960 0.764412 0.055211 0.642360 0.019866 0.440200 1 49 1.000000
  49 -3.322471 -0.031827 60.410835 0.922267 -0.307265 -0.234545 0.019833 0.440346 1 49 1.000000
tex
  49 -3.389326 0.131005 60.235168 -0.747611 -0.389735 -0.537758 0.019798 0.440341 1 49 1.000000
  49 -3.337255 0.114367 60.221077 -0.025806 -0.725501 -0.687737 0.019800 0.440342 1 49 1.000000
  49 -3.375175 -0.038592 60.390480 0.050733 -0.600259 -0.798195 0.019812 0.440342 1 49 1.000000
tex
  49 -3.337255 0.114367 60.221077 -0.025806 -0.725501 -0.687737 0.019800 0.440342 1 49 1.000000
  49 -3.389326 0.131005 60.235168 -0.747611 -0.389735 -0.537758 0.019798 0.440341 1 49 1.000000
  49 -3.348282 0.263647 60.086479 -0.776618 0.044173 -0.628421 0.019799 0.440341 1 49 1.000000
tex
  49 -3.298762 0.270341 60.065399 0.071583 -0.177109 -0.981584 0.019800 0.440341 1 49 1.000000
  49 -3.337255 0.114367 60.221077 -0.025806 -0.725501 -0.687737 0.019800 0.440342 1 49 1.000000
  49 -3.348282 0.263647 60.086479 -0.776618 0.044173 -0.628421 0.019799 0.440341 1 49 1.000000
tex
  49 -3.294906 0.317601 60.094479 0.160197 0.792071 -0.589033 0.019800 0.440341 1 49 1.000000
  49 -3.298762 0.270341 60.065399 0.071583 -0.177109 -0.981584 0.019800 0.440341 1 49 1.000000
  49 -3.348282 0.263647 60.086479 -0.776618 0.044173 -0.628421 0.019799 0.440341 1 49 1.000000
tex
  49 -3.294906 0.317601 60.094479 0.160197 0.792071 -0.589033 0.019800 0.440341 1 49 1.000000
  49 -3.258038 0.252395 60.094688 0.866008 -0.188138 -0.463286 0.019800 0.440341 1 49 1.000000
  49 -3.298762 0.270341 60.065399 0.071583 -0.177109 -0.981584 0.019800 0.440341 1 49 1.000000
tex
  49 -3.258038 0.310658 60.176056 0.743737 0.641670 0.187387 0.019800 0.440341 1 49 1.000000
  49 -3.258038 0.252395 60.094688 0.866008 -0.188138 -0.463286 0.019800 0.440341 1 49 1.000000
  49 -3.294906 0.317601 60.094479 0.160197 0.792071 -0.589033 0.019800 0.440341 1 49 1.000000
tex
  49 -3.258038 0.310658 60.176056 0.743737 0.641670 0.187387 0.019800 0.440341 1 49 1.000000
  49 -3.285632 0.184689 60.333881 0.932905 0.160883 0.322188 0.019801 0.440340 1 49 1.000000
  49 -3.258038 0.252395 60.094688 0.866008 -0.188138 -0.463286 0.019800 0.440341 1 49 1.000000
tex
  49 -3.285632 0.184689 60.333881 0.932905 0.160883 0.322188 0.019801 0.440340 1 49 1.000000
  49 -3.285633 0.120118 60.243145 0.711895 -0.588298 -0.383551 0.019802 0.440344 1 49 1.000000
  49 -3.258038 0.252395 60.094688 0.866008 -0.188138 -0.463286 0.019800 0.440341 1 49 1.000000
tex
  49 -3.285633 0.120118 60.243145 0.711895 -0.588298 -0.383551 0.019802 0.440344 1 49 1.000000
  49 -3.285632 0.184689 60.333881 0.932905 0.160883 0.322188 0.019801 0.440340 1 49 1.000000
  49 -3.322471 -0.031827 60.410835 0.922267 -0.307265 -0.234545 0.019833 0.440346 1 49 1.000000
tex
  49 -3.285633 0.120118 60.243145 0.711895 -0.588298 -0.383551 0.019802 0.440344 1 49 1.000000
  49 -3.322471 -0.031827 60.410835 0.922267 -0.307265 -0.234545 0.019833 0.440346 1 49 1.000000
  49 -3.375175 -0.038592 60.390480 0.050733 -0.600259 -0.798195 0.019812 0.440342 1 49 1.000000
tex
  49 -3.322471 -0.031827 60.410835 0.922267 -0.307265 -0.234545 0.019833 0.440346 1 49 1.000000
  49 -3.339263 -0.190035 60.474216 0.837089 -0.148167 -0.526620 0.020083 0.440388 1 49 1.000000
  49 -3.375175 -0.038592 60.390480 0.050733 -0.600259 -0.798195 0.019812 0.440342 1 49 1.000000
tex
  49 -3.337255 0.114367 60.221077 -0.025806 -0.725501 -0.687737 0.019800 0.440342 1 49 1.000000
  49 -3.285633 0.120118 60.243145 0.711895 -0.588298 -0.383551 0.019802 0.440344 1 49 1.000000
  49 -3.375175 -0.038592 60.390480 0.050733 -0.600259 -0.798195 0.019812 0.440342 1 49 1.000000
tex
  49 -3.285633 0.120118 60.243145 0.711895 -0.588298 -0.383551 0.019802 0.440344 1 49 1.000000
  49 -3.337255 0.114367 60.221077 -0.025806 -0.725501 -0.687737 0.019800 0.440342 1 49 1.000000
  49 -3.258038 0.252395 60.094688 0.866008 -0.188138 -0.463286 0.019800 0.440341 1 49 1.000000
tex
  49 -3.258038 0.252395 60.094688 0.866008 -0.188138 -0.463286 0.019800 0.440341 1 49 1.000000
  49 -3.337255 0.114367 60.221077 -0.025806 -0.725501 -0.687737 0.019800 0.440342 1 49 1.000000
  49 -3.298762 0.270341 60.065399 0.071583 -0.177109 -0.981584 0.019800 0.440341 1 49 1.000000
tex
  49 -3.322471 -0.031827 60.410835 0.922267 -0.307265 -0.234545 0.019833 0.440346 1 49 1.000000
  49 -3.339263 -0.152994 60.579960 0.764412 0.055211 0.642360 0.019866 0.440200 1 49 1.000000
  49 -3.339263 -0.190035 60.474216 0.837089 -0.148167 -0.526620 0.020083 0.440388 1 49 1.000000
tex
  49 -3.339263 -0.152994 60.579960 0.764412 0.055211 0.642360 0.019866 0.440200 1 49 1.000000
  49 -3.340920 -0.659272 60.524788 0.884950 -0.067998 0.460694 0.024905 0.439839 1 49 1.000000
  49 -3.339263 -0.190035 60.474216 0.837089 -0.148167 -0.526620 0.020083 0.440388 1 49 1.000000
tex
  49 -3.340920 -0.659272 60.524788 0.884950 -0.067998 0.460694 0.024905 0.439839 1 49 1.000000
  49 -3.339263 -0.152994 60.579960 0.764412 0.055211 0.642360 0.019866 0.440200 1 49 1.000000
  49 -3.392001 -0.655941 60.546638 -0.018266 -0.123663 0.992156 0.024793 0.440189 1 49 1.000000
tex
  49 -3.386296 -1.704815 60.373238 -0.020495 -0.186105 0.982316 0.047621 0.439768 1 49 1.000000
  49 -3.340920 -0.659272 60.524788 0.884950 -0.067998 0.460694 0.024905 0.439839 1 49 1.000000
  49 -3.392001 -0.655941 60.546638 -0.018266 -0.123663 0.992156 0.024793 0.440189 1 49 1.000000
tex
  49 -3.443114 -0.658005 60.523846 -0.837695 -0.080118 0.540229 0.024885 0.440538 1 49 1.000000
  49 -3.386296 -1.704815 60.373238 -0.020495 -0.186105 0.982316 0.047621 0.439768 1 49 1.000000
  49 -3.392001 -0.655941 60.546638 -0.018266 -0.123663 0.992156 0.024793 0.440189 1 49 1.000000
tex
  49 -3.433585 -1.704403 60.349983 -0.837695 -0.080118 0.540229 0.047704 0.440278 1 49 1.000000
  49 -3.386296 -1.704815 60.373238 -0.020495 -0.186105 0.982316 0.047621 0.439768 1 49 1.000000
  49 -3.443114 -0.658005 60.523846 -0.837695 -0.080118 0.540229 0.024885 0.440538 1 49 1.000000
tex
  49 -3.433585 -1.704403 60.349983 -0.837695 -0.080118 0.540229 0.047704 0.440278 1 49 1.000000
  49 -3.443114 -0.658005 60.523846 -0.837695 -0.080118 0.540229 0.024885 0.440538 1 49 1.000000
  49 -3.443115 -0.672497 60.404900 -0.832233 0.084129 -0.548005 0.025404 0.439864 1 49 1.000000
tex
  49 -3.433617 -1.700323 60.226646 -0.832233 0.084129 -0.548005 0.048046 0.439258 1 49 1.000000
  49 -3.433585 -1.704403 60.349983 -0.837695 -0.080118 0.540229 0.047704 0.440278 1 49 1.000000
  49 -3.443115 -0.672497 60.404900 -0.832233 0.084129 -0.548005 0.025404 0.439864 1 49 1.000000
tex
  49 -3.392033 -0.675833 60.383087 0.018131 0.184696 -0.982628 0.025511 0.440150 1 49 1.000000
  49 -3.433617 -1.700323 60.226646 -0.832233 0.084129 -0.548005 0.048046 0.439258 1 49 1.000000
  49 -3.443115 -0.672497 60.404900 -0.832233 0.084129 -0.548005 0.025404 0.439864 1 49 1.000000
tex
  49 -3.386296 -1.699184 60.203671 0.018131 0.184696 -0.982628 0.048124 0.439746 1 49 1.000000
  49 -3.433617 -1.700323 60.226646 -0.832233 0.084129 -0.548005 0.048046 0.439258 1 49 1.000000
  49 -3.392033 -0.675833 60.383087 0.018131 0.184696 -0.982628 0.025511 0.440150 1 49 1.000000
tex
  49 -3.339007 -1.699565 60.226936 0.888847 0.080998 -0.450987 0.048069 0.440223 1 49 1.000000
  49 -3.386296 -1.699184 60.203671 0.018131 0.184696 -0.982628 0.048124 0.439746 1 49 1.000000
  49 -3.392033 -0.675833 60.383087 0.018131 0.184696 -0.982628 0.025511 0.440150 1 49 1.000000
tex
  49 -3.339007 -1.699565 60.226936 0.888847 0.080998 -0.450987 0.048069 0.440223 1 49 1.000000
  49 -3.337030 -2.728370 60.045784 0.853903 0.095679 -0.511561 0.070796 0.439709 1 49 1.000000
  49 -3.386296 -1.699184 60.203671 0.018131 0.184696 -0.982628 0.048124 0.439746 1 49 1.000000
tex
  49 -3.339007 -1.699565 60.226936 0.888847 0.080998 -0.450987 0.048069 0.440223 1 49 1.000000
  49 -3.337030 -2.744339 60.168098 0.924324 -0.054228 0.377737 0.070692 0.438899 1 49 1.000000
  49 -3.337030 -2.728370 60.045784 0.853903 0.095679 -0.511561 0.070796 0.439709 1 49 1.000000
tex
  49 -3.337030 -2.728370 60.045784 0.853903 0.095679 -0.511561 0.070796 0.439709 1 49 1.000000
  49 -3.337030 -2.744339 60.168098 0.924324 -0.054228 0.377737 0.070692 0.438899 1 49 1.000000
  49 -3.333238 -3.234236 60.083889 0.583692 -0.123717 0.802495 0.076273 0.439134 1 49 1.000000
tex
  49 -3.337030 -2.728370 60.045784 0.853903 0.095679 -0.511561 0.070796 0.439709 1 49 1.000000
  49 -3.333238 -3.234236 60.083889 0.583692 -0.123717 0.802495 0.076273 0.439134 1 49 1.000000
  49 -3.333238 -3.212791 59.958237 0.540658 0.167261 -0.824447 0.076283 0.439263 1 49 1.000000
tex
  49 -3.380368 -2.729040 60.022240 0.096681 0.198760 -0.975268 0.070865 0.439317 1 49 1.000000
  49 -3.337030 -2.728370 60.045784 0.853903 0.095679 -0.511561 0.070796 0.439709 1 49 1.000000
  49 -3.333238 -3.212791 59.958237 0.540658 0.167261 -0.824447 0.076283 0.439263 1 49 1.000000
tex
  49 -3.380368 -2.729040 60.022240 0.096681 0.198760 -0.975268 0.070865 0.439317 1 49 1.000000
  49 -3.333238 -3.212791 59.958237 0.540658 0.167261 -0.824447 0.076283 0.439263 1 49 1.000000
  49 -3.374346 -3.220794 59.935532 -0.018128 0.184638 -0.982639 0.076475 0.439142 1 49 1.000000
tex
  49 -3.374346 -3.220794 59.935532 -0.018128 0.184638 -0.982639 0.076475 0.439142 1 49 1.000000
  49 -3.333238 -3.212791 59.958237 0.540658 0.167261 -0.824447 0.076283 0.439263 1 49 1.000000
  49 -3.313227 -3.330914 59.937408 0.223607 0.285887 -0.931809 0.077302 0.438932 1 49 1.000000
tex
  49 -3.423706 -2.751714 60.166798 -0.898854 -0.087128 0.429500 0.070803 0.439703 1 49 1.000000
  49 -3.433585 -1.704403 60.349983 -0.837695 -0.080118 0.540229 0.047704 0.440278 1 49 1.000000
  49 -3.433617 -1.700323 60.226646 -0.832233 0.084129 -0.548005 0.048046 0.439258 1 49 1.000000
tex
  49 -3.415452 -3.256899 60.077721 -0.853875 -0.191281 0.484054 0.076565 0.439387 1 49 1.000000
  49 -3.423706 -2.751714 60.166798 -0.898854 -0.087128 0.429500 0.070803 0.439703 1 49 1.000000
  49 -3.415452 -3.236192 59.956245 -0.857044 0.015694 -0.515004 0.076562 0.439006 1 49 1.000000
tex
  49 -3.423706 -2.751714 60.166798 -0.898854 -0.087128 0.429500 0.070803 0.439703 1 49 1.000000
  49 -3.423706 -2.735713 60.044495 -0.733008 0.109057 -0.671420 0.070874 0.438914 1 49 1.000000
  49 -3.415452 -3.236192 59.956245 -0.857044 0.015694 -0.515004 0.076562 0.439006 1 49 1.000000
tex
  49 -3.423706 -2.751714 60.166798 -0.898854 -0.087128 0.429500 0.070803 0.439703 1 49 1.000000
  49 -3.433617 -1.700323 60.226646 -0.832233 0.084129 -0.548005 0.048046 0.439258 1 49 1.000000
  49 -3.423706 -2.735713 60.044495 -0.733008 0.109057 -0.671420 0.070874 0.438914 1 49 1.000000
tex
  49 -3.433617 -1.700323 60.226646 -0.832233 0.084129 -0.548005 0.048046 0.439258 1 49 1.000000
  49 -3.386296 -1.699184 60.203671 0.018131 0.184696 -0.982628 0.048124 0.439746 1 49 1.000000
  49 -3.423706 -2.735713 60.044495 -0.733008 0.109057 -0.671420 0.070874 0.438914 1 49 1.000000
tex
  49 -3.386296 -1.704815 60.373238 -0.020495 -0.186105 0.982316 0.047621 0.439768 1 49 1.000000
  49 -3.339007 -1.703641 60.350246 0.778825 -0.104654 0.618448 0.047679 0.439264 1 49 1.000000
  49 -3.340920 -0.659272 60.524788 0.884950 -0.067998 0.460694 0.024905 0.439839 1 49 1.000000
tex
  49 -3.339007 -1.703641 60.350246 0.778825 -0.104654 0.618448 0.047679 0.439264 1 49 1.000000
  49 -3.386296 -1.704815 60.373238 -0.020495 -0.186105 0.982316 0.047621 0.439768 1 49 1.000000
  49 -3.380369 -2.751024 60.190418 0.073592 -0.171796 0.982380 0.070738 0.439298 1 49 1.000000
tex
  49 -3.386296 -1.704815 60.373238 -0.020495 -0.186105 0.982316 0.047621 0.439768 1 49 1.000000
  49 -3.433585 -1.704403 60.349983 -0.837695 -0.080118 0.540229 0.047704 0.440278 1 49 1.000000
  49 -3.380369 -2.751024 60.190418 0.073592 -0.171796 0.982380 0.070738 0.439298 1 49 1.000000
tex
  49 -3.433585 -1.704403 60.349983 -0.837695 -0.080118 0.540229 0.047704 0.440278 1 49 1.000000
  49 -3.423706 -2.751714 60.166798 -0.898854 -0.087128 0.429500 0.070803 0.439703 1 49 1.000000
  49 -3.380369 -2.751024 60.190418 0.073592 -0.171796 0.982380 0.070738 0.439298 1 49 1.000000
tex
  49 -3.380369 -2.751024 60.190418 0.073592 -0.171796 0.982380 0.070738 0.439298 1 49 1.000000
  49 -3.423706 -2.751714 60.166798 -0.898854 -0.087128 0.429500 0.070803 0.439703 1 49 1.000000
  49 -3.374346 -3.249275 60.102558 -0.020495 -0.186105 0.982316 0.076470 0.439250 1 49 1.000000
tex
  49 -3.423706 -2.751714 60.166798 -0.898854 -0.087128 0.429500 0.070803 0.439703 1 49 1.000000
  49 -3.415452 -3.256899 60.077721 -0.853875 -0.191281 0.484054 0.076565 0.439387 1 49 1.000000
  49 -3.374346 -3.249275 60.102558 -0.020495 -0.186105 0.982316 0.076470 0.439250 1 49 1.000000
tex
  49 -3.374346 -3.249275 60.102558 -0.020495 -0.186105 0.982316 0.076470 0.439250 1 49 1.000000
  49 -3.415452 -3.256899 60.077721 -0.853875 -0.191281 0.484054 0.076565 0.439387 1 49 1.000000
  49 -3.351721 -3.378975 60.079689 -0.194210 -0.187838 0.962808 0.077329 0.439338 1 49 1.000000
tex
  49 -3.415452 -3.256899 60.077721 -0.853875 -0.191281 0.484054 0.076565 0.439387 1 49 1.000000
  49 -3.390246 -3.397239 60.052971 -0.804637 -0.486840 0.339920 0.077334 0.439295 1 49 1.000000
  49 -3.351721 -3.378975 60.079689 -0.194210 -0.187838 0.962808 0.077329 0.439338 1 49 1.000000
tex
  49 -3.390246 -3.397239 60.052971 -0.804637 -0.486840 0.339920 0.077334 0.439295 1 49 1.000000
  49 -3.415452 -3.256899 60.077721 -0.853875 -0.191281 0.484054 0.076565 0.439387 1 49 1.000000
  49 -3.390247 -3.375847 59.931652 -0.854471 -0.233218 -0.464207 0.077328 0.439070 1 49 1.000000
tex
  49 -3.415452 -3.256899 60.077721 -0.853875 -0.191281 0.484054 0.076565 0.439387 1 49 1.000000
  49 -3.415452 -3.236192 59.956245 -0.857044 0.015694 -0.515004 0.076562 0.439006 1 49 1.000000
  49 -3.390247 -3.375847 59.931652 -0.854471 -0.233218 -0.464207 0.077328 0.439070 1 49 1.000000
tex
  49 -3.386296 -1.699184 60.203671 0.018131 0.184696 -0.982628 0.048124 0.439746 1 49 1.000000
  49 -3.337030 -2.728370 60.045784 0.853903 0.095679 -0.511561 0.070796 0.439709 1 49 1.000000
  49 -3.380368 -2.729040 60.022240 0.096681 0.198760 -0.975268 0.070865 0.439317 1 49 1.000000
tex
  49 -3.386296 -1.699184 60.203671 0.018131 0.184696 -0.982628 0.048124 0.439746 1 49 1.000000
  49 -3.380368 -2.729040 60.022240 0.096681 0.198760 -0.975268 0.070865 0.439317 1 49 1.000000
  49 -3.423706 -2.735713 60.044495 -0.733008 0.109057 -0.671420 0.070874 0.438914 1 49 1.000000
tex
  49 -3.423706 -2.735713 60.044495 -0.733008 0.109057 -0.671420 0.070874 0.438914 1 49 1.000000
  49 -3.380368 -2.729040 60.022240 0.096681 0.198760 -0.975268 0.070865 0.439317 1 49 1.000000
  49 -3.374346 -3.220794 59.935532 -0.018128 0.184638 -0.982639 0.076475 0.439142 1 49 1.000000
tex
  49 -3.423706 -2.735713 60.044495 -0.733008 0.109057 -0.671420 0.070874 0.438914 1 49 1.000000
  49 -3.374346 -3.220794 59.935532 -0.018128 0.184638 -0.982639 0.076475 0.439142 1 49 1.000000
  49 -3.415452 -3.236192 59.956245 -0.857044 0.015694 -0.515004 0.076562 0.439006 1 49 1.000000
tex
  49 -3.415452 -3.236192 59.956245 -0.857044 0.015694 -0.515004 0.076562 0.439006 1 49 1.000000
  49 -3.374346 -3.220794 59.935532 -0.018128 0.184638 -0.982639 0.076475 0.439142 1 49 1.000000
  49 -3.351753 -3.349552 59.912823 -0.175446 0.126310 -0.976353 0.077325 0.439022 1 49 1.000000
tex
  49 -3.415452 -3.236192 59.956245 -0.857044 0.015694 -0.515004 0.076562 0.439006 1 49 1.000000
  49 -3.351753 -3.349552 59.912823 -0.175446 0.126310 -0.976353 0.077325 0.439022 1 49 1.000000
  49 -3.390247 -3.375847 59.931652 -0.854471 -0.233218 -0.464207 0.077328 0.439070 1 49 1.000000
tex
  49 -3.390247 -3.375847 59.931652 -0.854471 -0.233218 -0.464207 0.077328 0.439070 1 49 1.000000
  49 -3.351753 -3.349552 59.912823 -0.175446 0.126310 -0.976353 0.077325 0.439022 1 49 1.000000
  49 -3.328585 -3.449364 59.912575 -0.667895 -0.414536 -0.618123 0.077745 0.439085 1 49 1.000000
tex
  49 -3.390246 -3.397239 60.052971 -0.804637 -0.486840 0.339920 0.077334 0.439295 1 49 1.000000
  49 -3.390247 -3.375847 59.931652 -0.854471 -0.233218 -0.464207 0.077328 0.439070 1 49 1.000000
  49 -3.328585 -3.449364 59.912575 -0.667895 -0.414536 -0.618123 0.077745 0.439085 1 49 1.000000
tex
  49 -3.327470 -3.473388 60.045700 -0.648345 -0.610264 0.455221 0.077745 0.439273 1 49 1.000000
  49 -3.390246 -3.397239 60.052971 -0.804637 -0.486840 0.339920 0.077334 0.439295 1 49 1.000000
  49 -3.328585 -3.449364 59.912575 -0.667895 -0.414536 -0.618123 0.077745 0.439085 1 49 1.000000
tex
  49 -3.390246 -3.397239 60.052971 -0.804637 -0.486840 0.339920 0.077334 0.439295 1 49 1.000000
  49 -3.327470 -3.473388 60.045700 -0.648345 -0.610264 0.455221 0.077745 0.439273 1 49 1.000000
  49 -3.351721 -3.378975 60.079689 -0.194210 -0.187838 0.962808 0.077329 0.439338 1 49 1.000000
tex
  49 -3.327470 -3.473388 60.045700 -0.648345 -0.610264 0.455221 0.077745 0.439273 1 49 1.000000
  49 -3.294585 -3.443528 60.073811 -0.149025 -0.050513 0.987542 0.077786 0.439300 1 49 1.000000
  49 -3.351721 -3.378975 60.079689 -0.194210 -0.187838 0.962808 0.077329 0.439338 1 49 1.000000
tex
  49 -3.294585 -3.443528 60.073811 -0.149025 -0.050513 0.987542 0.077786 0.439300 1 49 1.000000
  49 -3.313226 -3.353049 60.062939 0.223542 -0.048578 0.973483 0.077307 0.439417 1 49 1.000000
  49 -3.351721 -3.378975 60.079689 -0.194210 -0.187838 0.962808 0.077329 0.439338 1 49 1.000000
tex
  49 -3.313226 -3.353049 60.062939 0.223542 -0.048578 0.973483 0.077307 0.439417 1 49 1.000000
  49 -3.374346 -3.249275 60.102558 -0.020495 -0.186105 0.982316 0.076470 0.439250 1 49 1.000000
  49 -3.351721 -3.378975 60.079689 -0.194210 -0.187838 0.962808 0.077329 0.439338 1 49 1.000000
tex
  49 -3.333238 -3.234236 60.083889 0.583692 -0.123717 0.802495 0.076273 0.439134 1 49 1.000000
  49 -3.374346 -3.249275 60.102558 -0.020495 -0.186105 0.982316 0.076470 0.439250 1 49 1.000000
  49 -3.313226 -3.353049 60.062939 0.223542 -0.048578 0.973483 0.077307 0.439417 1 49 1.000000
tex
  49 -3.333238 -3.234236 60.083889 0.583692 -0.123717 0.802495 0.076273 0.439134 1 49 1.000000
  49 -3.380369 -2.751024 60.190418 0.073592 -0.171796 0.982380 0.070738 0.439298 1 49 1.000000
  49 -3.374346 -3.249275 60.102558 -0.020495 -0.186105 0.982316 0.076470 0.439250 1 49 1.000000
tex
  49 -3.337030 -2.744339 60.168098 0.924324 -0.054228 0.377737 0.070692 0.438899 1 49 1.000000
  49 -3.380369 -2.751024 60.190418 0.073592 -0.171796 0.982380 0.070738 0.439298 1 49 1.000000
  49 -3.333238 -3.234236 60.083889 0.583692 -0.123717 0.802495 0.076273 0.439134 1 49 1.000000
tex
  49 -3.337030 -2.744339 60.168098 0.924324 -0.054228 0.377737 0.070692 0.438899 1 49 1.000000
  49 -3.339007 -1.703641 60.350246 0.778825 -0.104654 0.618448 0.047679 0.439264 1 49 1.000000
  49 -3.380369 -2.751024 60.190418 0.073592 -0.171796 0.982380 0.070738 0.439298 1 49 1.000000
tex
  49 -3.339007 -1.703641 60.350246 0.778825 -0.104654 0.618448 0.047679 0.439264 1 49 1.000000
  49 -3.337030 -2.744339 60.168098 0.924324 -0.054228 0.377737 0.070692 0.438899 1 49 1.000000
  49 -3.339007 -1.699565 60.226936 0.888847 0.080998 -0.450987 0.048069 0.440223 1 49 1.000000
tex
  49 -3.104854 -3.584066 60.208183 -0.524831 0.148879 0.838086 0.078317 0.439199 1 49 1.000000
  49 -3.213708 -3.509353 60.107628 -0.374261 0.212568 0.902631 0.078054 0.439221 1 49 1.000000
  49 -3.221197 -3.560800 60.072018 -0.665710 -0.650127 0.366284 0.078082 0.439241 1 49 1.000000
tex
  49 -3.213708 -3.509353 60.107628 -0.374261 0.212568 0.902631 0.078054 0.439221 1 49 1.000000
  49 -3.294585 -3.443528 60.073811 -0.149025 -0.050513 0.987542 0.077786 0.439300 1 49 1.000000
  49 -3.221197 -3.560800 60.072018 -0.665710 -0.650127 0.366284 0.078082 0.439241 1 49 1.000000
tex
  49 -3.213708 -3.509353 60.107628 -0.374261 0.212568 0.902631 0.078054 0.439221 1 49 1.000000
  49 -3.260424 -3.405833 60.053627 0.235806 0.528684 0.815407 0.077914 0.439364 1 49 1.000000
  49 -3.294585 -3.443528 60.073811 -0.149025 -0.050513 0.987542 0.077786 0.439300 1 49 1.000000
tex
  49 -3.260424 -3.405833 60.053627 0.235806 0.528684 0.815407 0.077914 0.439364 1 49 1.000000
  49 -3.313226 -3.353049 60.062939 0.223542 -0.048578 0.973483 0.077307 0.439417 1 49 1.000000
  49 -3.294585 -3.443528 60.073811 -0.149025 -0.050513 0.987542 0.077786 0.439300 1 49 1.000000
tex
  49 -3.224829 -3.333936 60.066303 -0.020495 -0.186105 0.982316 0.077416 0.440083 1 49 1.000000
  49 -3.313226 -3.353049 60.062939 0.223542 -0.048578 0.973483 0.077307 0.439417 1 49 1.000000
  49 -3.260424 -3.405833 60.053627 0.235806 0.528684 0.815407 0.077914 0.439364 1 49 1.000000
tex
  49 -3.224829 -3.333936 60.066303 -0.020495 -0.186105 0.982316 0.077416 0.440083 1 49 1.000000
  49 -3.231204 -3.264897 60.078480 -0.020495 -0.186105 0.982316 0.076617 0.440116 1 49 1.000000
  49 -3.313226 -3.353049 60.062939 0.223542 -0.048578 0.973483 0.077307 0.439417 1 49 1.000000
tex
  49 -3.231204 -3.264897 60.078480 -0.020495 -0.186105 0.982316 0.076617 0.440116 1 49 1.000000
  49 -3.333238 -3.234236 60.083889 0.583692 -0.123717 0.802495 0.076273 0.439134 1 49 1.000000
  49 -3.313226 -3.353049 60.062939 0.223542 -0.048578 0.973483 0.077307 0.439417 1 49 1.000000
tex
  49 -3.231204 -3.264897 60.078480 -0.020495 -0.186105 0.982316 0.076617 0.440116 1 49 1.000000
  49 -3.272629 -3.230376 60.084568 -0.020495 -0.186105 0.982316 0.076260 0.439725 1 49 1.000000
  49 -3.333238 -3.234236 60.083889 0.583692 -0.123717 0.802495 0.076273 0.439134 1 49 1.000000
tex
  49 -2.318114 -3.886150 60.225044 -0.170939 -0.718437 -0.674261 0.083241 0.439049 1 49 1.000000
  49 -2.352816 -3.881410 60.302761 -0.204880 -0.805662 0.555817 0.082964 0.439173 1 49 1.000000
  49 -2.777208 -3.766197 60.211987 -0.102570 -0.775263 -0.623255 0.079610 0.439167 1 49 1.000000
tex
  49 -2.352816 -3.881410 60.302761 -0.204880 -0.805662 0.555817 0.082964 0.439173 1 49 1.000000
  49 -2.847536 -3.741831 60.281719 -0.331094 -0.749927 0.572701 0.079250 0.439256 1 49 1.000000
  49 -2.777208 -3.766197 60.211987 -0.102570 -0.775263 -0.623255 0.079610 0.439167 1 49 1.000000
tex
  49 -2.847536 -3.741831 60.281719 -0.331094 -0.749927 0.572701 0.079250 0.439256 1 49 1.000000
  49 -2.999091 -3.690706 60.144085 -0.017328 -0.902805 -0.429700 0.078569 0.439206 1 49 1.000000
  49 -2.777208 -3.766197 60.211987 -0.102570 -0.775263 -0.623255 0.079610 0.439167 1 49 1.000000
tex
  49 -2.847536 -3.741831 60.281719 -0.331094 -0.749927 0.572701 0.079250 0.439256 1 49 1.000000
  49 -3.108137 -3.639765 60.191925 -0.586021 -0.667494 0.459380 0.078354 0.439265 1 49 1.000000
  49 -2.999091 -3.690706 60.144085 -0.017328 -0.902805 -0.429700 0.078569 0.439206 1 49 1.000000
tex
  49 -2.999091 -3.690706 60.144085 -0.017328 -0.902805 -0.429700 0.078569 0.439206 1 49 1.000000
  49 -3.108137 -3.639765 60.191925 -0.586021 -0.667494 0.459380 0.078354 0.439265 1 49 1.000000
  49 -3.057469 -3.651232 60.046654 0.028488 -0.961321 -0.273955 0.078346 0.439180 1 49 1.000000
tex
  49 -3.108137 -3.639765 60.191925 -0.586021 -0.667494 0.459380 0.078354 0.439265 1 49 1.000000
  49 -3.221197 -3.560800 60.072018 -0.665710 -0.650127 0.366284 0.078082 0.439241 1 49 1.000000
  49 -3.057469 -3.651232 60.046654 0.028488 -0.961321 -0.273955 0.078346 0.439180 1 49 1.000000
tex
  49 -3.221197 -3.560800 60.072018 -0.665710 -0.650127 0.366284 0.078082 0.439241 1 49 1.000000
  49 -3.069706 -3.627902 59.948654 -0.148503 -0.971994 -0.182139 0.078275 0.439173 1 49 1.000000
  49 -3.057469 -3.651232 60.046654 0.028488 -0.961321 -0.273955 0.078346 0.439180 1 49 1.000000
tex
  49 -3.221197 -3.560800 60.072018 -0.665710 -0.650127 0.366284 0.078082 0.439241 1 49 1.000000
  49 -3.249398 -3.544999 59.965538 -0.586653 -0.797649 -0.139975 0.077994 0.439178 1 49 1.000000
  49 -3.069706 -3.627902 59.948654 -0.148503 -0.971994 -0.182139 0.078275 0.439173 1 49 1.000000
tex
  49 -3.249398 -3.544999 59.965538 -0.586653 -0.797649 -0.139975 0.077994 0.439178 1 49 1.000000
  49 -3.233434 -3.518764 59.869591 -0.707683 -0.539605 -0.456083 0.078068 0.439127 1 49 1.000000
  49 -3.069706 -3.627902 59.948654 -0.148503 -0.971994 -0.182139 0.078275 0.439173 1 49 1.000000
tex
  49 -3.249398 -3.544999 59.965538 -0.586653 -0.797649 -0.139975 0.077994 0.439178 1 49 1.000000
  49 -3.328585 -3.449364 59.912575 -0.667895 -0.414536 -0.618123 0.077745 0.439085 1 49 1.000000
  49 -3.233434 -3.518764 59.869591 -0.707683 -0.539605 -0.456083 0.078068 0.439127 1 49 1.000000
tex
  49 -3.327470 -3.473388 60.045700 -0.648345 -0.610264 0.455221 0.077745 0.439273 1 49 1.000000
  49 -3.328585 -3.449364 59.912575 -0.667895 -0.414536 -0.618123 0.077745 0.439085 1 49 1.000000
  49 -3.249398 -3.544999 59.965538 -0.586653 -0.797649 -0.139975 0.077994 0.439178 1 49 1.000000
tex
  49 -3.221197 -3.560800 60.072018 -0.665710 -0.650127 0.366284 0.078082 0.439241 1 49 1.000000
  49 -3.327470 -3.473388 60.045700 -0.648345 -0.610264 0.455221 0.077745 0.439273 1 49 1.000000
  49 -3.249398 -3.544999 59.965538 -0.586653 -0.797649 -0.139975 0.077994 0.439178 1 49 1.000000
tex
  49 -3.294585 -3.443528 60.073811 -0.149025 -0.050513 0.987542 0.077786 0.439300 1 49 1.000000
  49 -3.327470 -3.473388 60.045700 -0.648345 -0.610264 0.455221 0.077745 0.439273 1 49 1.000000
  49 -3.221197 -3.560800 60.072018 -0.665710 -0.650127 0.366284 0.078082 0.439241 1 49 1.000000
tex
  49 -2.318114 -3.886150 60.225044 -0.170939 -0.718437 -0.674261 0.083241 0.439049 1 49 1.000000
  49 -2.297560 -3.836796 60.216362 0.018312 0.121658 -0.992403 0.083308 0.439095 1 49 1.000000
  49 -1.814504 -4.001382 60.209118 -0.138124 -0.511253 -0.848258 0.087634 0.438965 1 49 1.000000
tex
  49 -2.297560 -3.836796 60.216362 0.018312 0.121658 -0.992403 0.083308 0.439095 1 49 1.000000
  49 -2.318114 -3.886150 60.225044 -0.170939 -0.718437 -0.674261 0.083241 0.439049 1 49 1.000000
  49 -2.745661 -3.721921 60.205143 0.129427 0.064694 -0.989476 0.079708 0.439177 1 49 1.000000
tex
  49 -2.745661 -3.721921 60.205143 0.129427 0.064694 -0.989476 0.079708 0.439177 1 49 1.000000
  49 -2.318114 -3.886150 60.225044 -0.170939 -0.718437 -0.674261 0.083241 0.439049 1 49 1.000000
  49 -2.777208 -3.766197 60.211987 -0.102570 -0.775263 -0.623255 0.079610 0.439167 1 49 1.000000
tex
  49 -2.957506 -3.652249 60.142159 0.555418 -0.072714 -0.828386 0.078638 0.439194 1 49 1.000000
  49 -2.745661 -3.721921 60.205143 0.129427 0.064694 -0.989476 0.079708 0.439177 1 49 1.000000
  49 -2.777208 -3.766197 60.211987 -0.102570 -0.775263 -0.623255 0.079610 0.439167 1 49 1.000000
tex
  49 -2.999091 -3.690706 60.144085 -0.017328 -0.902805 -0.429700 0.078569 0.439206 1 49 1.000000
  49 -2.957506 -3.652249 60.142159 0.555418 -0.072714 -0.828386 0.078638 0.439194 1 49 1.000000
  49 -2.777208 -3.766197 60.211987 -0.102570 -0.775263 -0.623255 0.079610 0.439167 1 49 1.000000
tex
  49 -2.957506 -3.652249 60.142159 0.555418 -0.072714 -0.828386 0.078638 0.439194 1 49 1.000000
  49 -2.999091 -3.690706 60.144085 -0.017328 -0.902805 -0.429700 0.078569 0.439206 1 49 1.000000
  49 -3.008651 -3.617413 60.049744 0.789069 -0.442893 -0.425694 0.078382 0.439180 1 49 1.000000
tex
  49 -3.008651 -3.617413 60.049744 0.789069 -0.442893 -0.425694 0.078382 0.439180 1 49 1.000000
  49 -2.999091 -3.690706 60.144085 -0.017328 -0.902805 -0.429700 0.078569 0.439206 1 49 1.000000
  49 -3.057469 -3.651232 60.046654 0.028488 -0.961321 -0.273955 0.078346 0.439180 1 49 1.000000
tex
  49 -3.017987 -3.595932 59.953613 0.881391 -0.461694 -0.099944 0.078298 0.439168 1 49 1.000000
  49 -3.008651 -3.617413 60.049744 0.789069 -0.442893 -0.425694 0.078382 0.439180 1 49 1.000000
  49 -3.057469 -3.651232 60.046654 0.028488 -0.961321 -0.273955 0.078346 0.439180 1 49 1.000000
tex
  49 -3.069706 -3.627902 59.948654 -0.148503 -0.971994 -0.182139 0.078275 0.439173 1 49 1.000000
  49 -3.017987 -3.595932 59.953613 0.881391 -0.461694 -0.099944 0.078298 0.439168 1 49 1.000000
  49 -3.057469 -3.651232 60.046654 0.028488 -0.961321 -0.273955 0.078346 0.439180 1 49 1.000000
tex
  49 -3.062026 -3.613117 59.842247 0.025357 -0.993805 -0.108205 0.078314 0.439163 1 49 1.000000
  49 -3.017987 -3.595932 59.953613 0.881391 -0.461694 -0.099944 0.078298 0.439168 1 49 1.000000
  49 -3.069706 -3.627902 59.948654 -0.148503 -0.971994 -0.182139 0.078275 0.439173 1 49 1.000000
tex
  49 -3.233434 -3.518764 59.869591 -0.707683 -0.539605 -0.456083 0.078068 0.439127 1 49 1.000000
  49 -3.062026 -3.613117 59.842247 0.025357 -0.993805 -0.108205 0.078314 0.439163 1 49 1.000000
  49 -3.069706 -3.627902 59.948654 -0.148503 -0.971994 -0.182139 0.078275 0.439173 1 49 1.000000
tex
  49 -3.233434 -3.518764 59.869591 -0.707683 -0.539605 -0.456083 0.078068 0.439127 1 49 1.000000
  49 -3.177063 -3.534817 59.758591 -0.827739 -0.449203 -0.336251 0.078287 0.439110 1 49 1.000000
  49 -3.062026 -3.613117 59.842247 0.025357 -0.993805 -0.108205 0.078314 0.439163 1 49 1.000000
tex
  49 -3.177317 -3.476702 59.774921 -0.749634 0.497524 -0.436484 0.078239 0.439134 1 49 1.000000
  49 -3.177063 -3.534817 59.758591 -0.827739 -0.449203 -0.336251 0.078287 0.439110 1 49 1.000000
  49 -3.233434 -3.518764 59.869591 -0.707683 -0.539605 -0.456083 0.078068 0.439127 1 49 1.000000
tex
  49 -3.177063 -3.534817 59.758591 -0.827739 -0.449203 -0.336251 0.078287 0.439110 1 49 1.000000
  49 -3.177317 -3.476702 59.774921 -0.749634 0.497524 -0.436484 0.078239 0.439134 1 49 1.000000
  49 -3.107818 -3.485178 59.609577 -0.791990 0.475933 -0.382413 0.078517 0.439137 1 49 1.000000
tex
  49 -3.177317 -3.476702 59.774921 -0.749634 0.497524 -0.436484 0.078239 0.439134 1 49 1.000000
  49 -3.127097 -3.442628 59.774910 -0.044566 0.995144 -0.087757 0.078286 0.439165 1 49 1.000000
  49 -3.107818 -3.485178 59.609577 -0.791990 0.475933 -0.382413 0.078517 0.439137 1 49 1.000000
tex
  49 -3.127097 -3.442628 59.774910 -0.044566 0.995144 -0.087757 0.078286 0.439165 1 49 1.000000
  49 -3.061230 -3.449001 59.609383 -0.079325 0.992269 -0.095445 0.078557 0.439202 1 49 1.000000
  49 -3.107818 -3.485178 59.609577 -0.791990 0.475933 -0.382413 0.078517 0.439137 1 49 1.000000
tex
  49 -3.061230 -3.449001 59.609383 -0.079325 0.992269 -0.095445 0.078557 0.439202 1 49 1.000000
  49 -3.127097 -3.442628 59.774910 -0.044566 0.995144 -0.087757 0.078286 0.439165 1 49 1.000000
  49 -2.986537 -3.510713 59.727970 0.861776 0.465386 0.201883 0.078447 0.439121 1 49 1.000000
tex
  49 -3.061230 -3.449001 59.609383 -0.079325 0.992269 -0.095445 0.078557 0.439202 1 49 1.000000
  49 -2.986537 -3.510713 59.727970 0.861776 0.465386 0.201883 0.078447 0.439121 1 49 1.000000
  49 -2.936028 -3.505866 59.562107 0.827356 0.466454 0.312892 0.078775 0.439123 1 49 1.000000
tex
  49 -2.957506 -3.652249 60.142159 0.555418 -0.072714 -0.828386 0.078638 0.439194 1 49 1.000000
  49 -2.740466 -3.668540 60.224453 0.339804 0.757784 -0.557042 0.079663 0.439156 1 49 1.000000
  49 -2.745661 -3.721921 60.205143 0.129427 0.064694 -0.989476 0.079708 0.439177 1 49 1.000000
tex
  49 -2.955212 -3.595850 60.158123 0.581361 0.744453 -0.328342 0.078600 0.439171 1 49 1.000000
  49 -2.740466 -3.668540 60.224453 0.339804 0.757784 -0.557042 0.079663 0.439156 1 49 1.000000
  49 -2.957506 -3.652249 60.142159 0.555418 -0.072714 -0.828386 0.078638 0.439194 1 49 1.000000
tex
  49 -2.955212 -3.595850 60.158123 0.581361 0.744453 -0.328342 0.078600 0.439171 1 49 1.000000
  49 -2.957506 -3.652249 60.142159 0.555418 -0.072714 -0.828386 0.078638 0.439194 1 49 1.000000
  49 -3.008874 -3.558444 60.062141 0.870233 0.476415 -0.125395 0.078355 0.439199 1 49 1.000000
tex
  49 -3.008874 -3.558444 60.062141 0.870233 0.476415 -0.125395 0.078355 0.439199 1 49 1.000000
  49 -2.957506 -3.652249 60.142159 0.555418 -0.072714 -0.828386 0.078638 0.439194 1 49 1.000000
  49 -3.008651 -3.617413 60.049744 0.789069 -0.442893 -0.425694 0.078382 0.439180 1 49 1.000000
tex
  49 -3.017987 -3.595932 59.953613 0.881391 -0.461694 -0.099944 0.078298 0.439168 1 49 1.000000
  49 -3.008874 -3.558444 60.062141 0.870233 0.476415 -0.125395 0.078355 0.439199 1 49 1.000000
  49 -3.008651 -3.617413 60.049744 0.789069 -0.442893 -0.425694 0.078382 0.439180 1 49 1.000000
tex
  49 -3.019294 -3.535893 59.964718 0.772276 0.627542 0.098893 0.078279 0.439168 1 49 1.000000
  49 -3.008874 -3.558444 60.062141 0.870233 0.476415 -0.125395 0.078355 0.439199 1 49 1.000000
  49 -3.017987 -3.595932 59.953613 0.881391 -0.461694 -0.099944 0.078298 0.439168 1 49 1.000000
tex
  49 -3.172633 -3.430236 59.985771 0.496747 0.856027 0.143039 0.078034 0.439177 1 49 1.000000
  49 -3.165909 -3.470677 60.087395 0.225947 0.821841 0.522996 0.078084 0.439193 1 49 1.000000
  49 -3.019294 -3.535893 59.964718 0.772276 0.627542 0.098893 0.078279 0.439168 1 49 1.000000
tex
  49 -3.019294 -3.535893 59.964718 0.772276 0.627542 0.098893 0.078279 0.439168 1 49 1.000000
  49 -3.165909 -3.470677 60.087395 0.225947 0.821841 0.522996 0.078084 0.439193 1 49 1.000000
  49 -3.008874 -3.558444 60.062141 0.870233 0.476415 -0.125395 0.078355 0.439199 1 49 1.000000
tex
  49 -3.165909 -3.470677 60.087395 0.225947 0.821841 0.522996 0.078084 0.439193 1 49 1.000000
  49 -3.063269 -3.545439 60.205849 0.100166 0.809146 0.579007 0.078358 0.439119 1 49 1.000000
  49 -3.008874 -3.558444 60.062141 0.870233 0.476415 -0.125395 0.078355 0.439199 1 49 1.000000
tex
  49 -3.063269 -3.545439 60.205849 0.100166 0.809146 0.579007 0.078358 0.439119 1 49 1.000000
  49 -2.955212 -3.595850 60.158123 0.581361 0.744453 -0.328342 0.078600 0.439171 1 49 1.000000
  49 -3.008874 -3.558444 60.062141 0.870233 0.476415 -0.125395 0.078355 0.439199 1 49 1.000000
tex
  49 -3.063269 -3.545439 60.205849 0.100166 0.809146 0.579007 0.078358 0.439119 1 49 1.000000
  49 -2.810603 -3.644304 60.294186 0.181820 0.781904 0.596296 0.079288 0.439067 1 49 1.000000
  49 -2.955212 -3.595850 60.158123 0.581361 0.744453 -0.328342 0.078600 0.439171 1 49 1.000000
tex
  49 -2.955212 -3.595850 60.158123 0.581361 0.744453 -0.328342 0.078600 0.439171 1 49 1.000000
  49 -2.810603 -3.644304 60.294186 0.181820 0.781904 0.596296 0.079288 0.439067 1 49 1.000000
  49 -2.740466 -3.668540 60.224453 0.339804 0.757784 -0.557042 0.079663 0.439156 1 49 1.000000
tex
  49 -2.810603 -3.644304 60.294186 0.181820 0.781904 0.596296 0.079288 0.439067 1 49 1.000000
  49 -2.324679 -3.780911 60.314522 0.225947 0.821841 0.522996 0.082982 0.439001 1 49 1.000000
  49 -2.740466 -3.668540 60.224453 0.339804 0.757784 -0.557042 0.079663 0.439156 1 49 1.000000
tex
  49 -2.324679 -3.780911 60.314522 0.225947 0.821841 0.522996 0.082982 0.439001 1 49 1.000000
  49 -2.290009 -3.785652 60.236809 0.203841 0.818241 -0.537523 0.083269 0.439127 1 49 1.000000
  49 -2.740466 -3.668540 60.224453 0.339804 0.757784 -0.557042 0.079663 0.439156 1 49 1.000000
tex
  49 -2.740466 -3.668540 60.224453 0.339804 0.757784 -0.557042 0.079663 0.439156 1 49 1.000000
  49 -2.290009 -3.785652 60.236809 0.203841 0.818241 -0.537523 0.083269 0.439127 1 49 1.000000
  49 -2.745661 -3.721921 60.205143 0.129427 0.064694 -0.989476 0.079708 0.439177 1 49 1.000000
tex
  49 -2.290009 -3.785652 60.236809 0.203841 0.818241 -0.537523 0.083269 0.439127 1 49 1.000000
  49 -2.297560 -3.836796 60.216362 0.018312 0.121658 -0.992403 0.083308 0.439095 1 49 1.000000
  49 -2.745661 -3.721921 60.205143 0.129427 0.064694 -0.989476 0.079708 0.439177 1 49 1.000000
tex
  49 -2.297560 -3.836796 60.216362 0.018312 0.121658 -0.992403 0.083308 0.439095 1 49 1.000000
  49 -1.795002 -3.898602 60.221516 0.109157 0.697606 -0.708117 0.087619 0.439039 1 49 1.000000
  49 -1.805040 -3.948446 60.200859 -0.018447 0.121635 -0.992403 0.087627 0.439006 1 49 1.000000
tex
  49 -2.297560 -3.836796 60.216362 0.018312 0.121658 -0.992403 0.083308 0.439095 1 49 1.000000
  49 -2.290009 -3.785652 60.236809 0.203841 0.818241 -0.537523 0.083269 0.439127 1 49 1.000000
  49 -1.795002 -3.898602 60.221516 0.109157 0.697606 -0.708117 0.087619 0.439039 1 49 1.000000
tex
  49 -2.290009 -3.785652 60.236809 0.203841 0.818241 -0.537523 0.083269 0.439127 1 49 1.000000
  49 -1.793473 -3.906816 60.298573 0.181820 0.781904 0.596296 0.087617 0.438919 1 49 1.000000
  49 -1.795002 -3.898602 60.221516 0.109157 0.697606 -0.708117 0.087619 0.439039 1 49 1.000000
tex
  49 -2.324679 -3.780911 60.314522 0.225947 0.821841 0.522996 0.082982 0.439001 1 49 1.000000
  49 -1.793473 -3.906816 60.298573 0.181820 0.781904 0.596296 0.087617 0.438919 1 49 1.000000
  49 -2.290009 -3.785652 60.236809 0.203841 0.818241 -0.537523 0.083269 0.439127 1 49 1.000000
tex
  49 -1.793473 -3.906816 60.298573 0.181820 0.781904 0.596296 0.087617 0.438919 1 49 1.000000
  49 -2.324679 -3.780911 60.314522 0.225947 0.821841 0.522996 0.082982 0.439001 1 49 1.000000
  49 -2.345264 -3.830272 60.323231 -0.028916 -0.062523 0.997624 0.082924 0.439095 1 49 1.000000
tex
  49 -2.324679 -3.780911 60.314522 0.225947 0.821841 0.522996 0.082982 0.439001 1 49 1.000000
  49 -2.810603 -3.644304 60.294186 0.181820 0.781904 0.596296 0.079288 0.439067 1 49 1.000000
  49 -2.345264 -3.830272 60.323231 -0.028916 -0.062523 0.997624 0.082924 0.439095 1 49 1.000000
tex
  49 -2.345264 -3.830272 60.323231 -0.028916 -0.062523 0.997624 0.082924 0.439095 1 49 1.000000
  49 -2.810603 -3.644304 60.294186 0.181820 0.781904 0.596296 0.079288 0.439067 1 49 1.000000
  49 -2.842246 -3.688511 60.301018 -0.240663 -0.016987 0.970460 0.079209 0.439171 1 49 1.000000
tex
  49 -2.810603 -3.644304 60.294186 0.181820 0.781904 0.596296 0.079288 0.439067 1 49 1.000000
  49 -3.063269 -3.545439 60.205849 0.100166 0.809146 0.579007 0.078358 0.439119 1 49 1.000000
  49 -2.842246 -3.688511 60.301018 -0.240663 -0.016987 0.970460 0.079209 0.439171 1 49 1.000000
tex
  49 -2.842246 -3.688511 60.301018 -0.240663 -0.016987 0.970460 0.079209 0.439171 1 49 1.000000
  49 -3.063269 -3.545439 60.205849 0.100166 0.809146 0.579007 0.078358 0.439119 1 49 1.000000
  49 -3.104854 -3.584066 60.208183 -0.524831 0.148879 0.838086 0.078317 0.439199 1 49 1.000000
tex
  49 -3.063269 -3.545439 60.205849 0.100166 0.809146 0.579007 0.078358 0.439119 1 49 1.000000
  49 -3.165909 -3.470677 60.087395 0.225947 0.821841 0.522996 0.078084 0.439193 1 49 1.000000
  49 -3.104854 -3.584066 60.208183 -0.524831 0.148879 0.838086 0.078317 0.439199 1 49 1.000000
tex
  49 -3.104854 -3.584066 60.208183 -0.524831 0.148879 0.838086 0.078317 0.439199 1 49 1.000000
  49 -3.165909 -3.470677 60.087395 0.225947 0.821841 0.522996 0.078084 0.439193 1 49 1.000000
  49 -3.213708 -3.509353 60.107628 -0.374261 0.212568 0.902631 0.078054 0.439221 1 49 1.000000
tex
  49 -3.165909 -3.470677 60.087395 0.225947 0.821841 0.522996 0.078084 0.439193 1 49 1.000000
  49 -3.260424 -3.405833 60.053627 0.235806 0.528684 0.815407 0.077914 0.439364 1 49 1.000000
  49 -3.213708 -3.509353 60.107628 -0.374261 0.212568 0.902631 0.078054 0.439221 1 49 1.000000
tex
  49 -3.260424 -3.405833 60.053627 0.235806 0.528684 0.815407 0.077914 0.439364 1 49 1.000000
  49 -3.165909 -3.470677 60.087395 0.225947 0.821841 0.522996 0.078084 0.439193 1 49 1.000000
  49 -3.172633 -3.430236 59.985771 0.496747 0.856027 0.143039 0.078034 0.439177 1 49 1.000000
tex
  49 -3.260424 -3.405833 60.053627 0.235806 0.528684 0.815407 0.077914 0.439364 1 49 1.000000
  49 -3.172633 -3.430236 59.985771 0.496747 0.856027 0.143039 0.078034 0.439177 1 49 1.000000
  49 -3.261445 -3.383164 59.928196 0.216606 0.679569 -0.700905 0.077914 0.438975 1 49 1.000000
tex
  49 -3.172633 -3.430236 59.985771 0.496747 0.856027 0.143039 0.078034 0.439177 1 49 1.000000
  49 -3.177126 -3.429069 59.885376 0.197533 0.959149 -0.202518 0.078076 0.439125 1 49 1.000000
  49 -3.261445 -3.383164 59.928196 0.216606 0.679569 -0.700905 0.077914 0.438975 1 49 1.000000
tex
  49 -3.177126 -3.429069 59.885376 0.197533 0.959149 -0.202518 0.078076 0.439125 1 49 1.000000
  49 -3.172633 -3.430236 59.985771 0.496747 0.856027 0.143039 0.078034 0.439177 1 49 1.000000
  49 -3.019294 -3.535893 59.964718 0.772276 0.627542 0.098893 0.078279 0.439168 1 49 1.000000
tex
  49 -3.011774 -3.521001 59.858425 0.855415 0.496477 0.147563 0.078314 0.439136 1 49 1.000000
  49 -3.177126 -3.429069 59.885376 0.197533 0.959149 -0.202518 0.078076 0.439125 1 49 1.000000
  49 -3.019294 -3.535893 59.964718 0.772276 0.627542 0.098893 0.078279 0.439168 1 49 1.000000
tex
  49 -3.011774 -3.521001 59.858425 0.855415 0.496477 0.147563 0.078314 0.439136 1 49 1.000000
  49 -3.019294 -3.535893 59.964718 0.772276 0.627542 0.098893 0.078279 0.439168 1 49 1.000000
  49 -3.017987 -3.595932 59.953613 0.881391 -0.461694 -0.099944 0.078298 0.439168 1 49 1.000000
tex
  49 -1.793473 -3.906816 60.298573 0.181820 0.781904 0.596296 0.087617 0.438919 1 49 1.000000
  49 -2.345264 -3.830272 60.323231 -0.028916 -0.062523 0.997624 0.082924 0.439095 1 49 1.000000
  49 -1.802937 -3.959755 60.306839 0.017240 -0.162643 0.986534 0.087627 0.438998 1 49 1.000000
tex
  49 -0.806774 -3.972086 60.070141 0.314978 0.655947 0.685947 0.092729 0.438813 1 49 1.000000
  49 -0.505003 -3.970075 59.906601 0.268466 0.729959 0.628558 0.093723 0.438748 1 49 1.000000
  49 -0.695976 -3.936648 59.886410 -0.382846 0.902076 -0.199217 0.093369 0.438860 1 49 1.000000
tex
  49 -0.913206 -3.959577 60.030567 -0.279710 0.887800 -0.365477 0.092429 0.438914 1 49 1.000000
  49 -0.806774 -3.972086 60.070141 0.314978 0.655947 0.685947 0.092729 0.438813 1 49 1.000000
  49 -0.695976 -3.936648 59.886410 -0.382846 0.902076 -0.199217 0.093369 0.438860 1 49 1.000000
tex
  49 -0.913206 -3.959577 60.030567 -0.279710 0.887800 -0.365477 0.092429 0.438914 1 49 1.000000
  49 -0.695976 -3.936648 59.886410 -0.382846 0.902076 -0.199217 0.093369 0.438860 1 49 1.000000
  49 -0.718314 -3.988261 59.874489 -0.653769 0.156023 -0.740435 0.093329 0.438887 1 49 1.000000
tex
  49 -0.933473 -4.010206 60.014355 -0.451141 0.173014 -0.875521 0.092374 0.438905 1 49 1.000000
  49 -0.913206 -3.959577 60.030567 -0.279710 0.887800 -0.365477 0.092429 0.438914 1 49 1.000000
  49 -0.718314 -3.988261 59.874489 -0.653769 0.156023 -0.740435 0.093329 0.438887 1 49 1.000000
tex
  49 -0.918464 -4.063648 60.012634 -0.330742 -0.676253 -0.658249 0.092423 0.438891 1 49 1.000000
  49 -0.933473 -4.010206 60.014355 -0.451141 0.173014 -0.875521 0.092374 0.438905 1 49 1.000000
  49 -0.718314 -3.988261 59.874489 -0.653769 0.156023 -0.740435 0.093329 0.438887 1 49 1.000000
tex
  49 -1.192575 -4.076345 60.132908 -0.246266 -0.690231 -0.680392 0.091031 0.438908 1 49 1.000000
  49 -0.933473 -4.010206 60.014355 -0.451141 0.173014 -0.875521 0.092374 0.438905 1 49 1.000000
  49 -0.918464 -4.063648 60.012634 -0.330742 -0.676253 -0.658249 0.092423 0.438891 1 49 1.000000
tex
  49 -1.121897 -4.089074 60.196289 0.125031 -0.898981 0.419762 0.091239 0.438985 1 49 1.000000
  49 -1.192575 -4.076345 60.132908 -0.246266 -0.690231 -0.680392 0.091031 0.438908 1 49 1.000000
  49 -0.918464 -4.063648 60.012634 -0.330742 -0.676253 -0.658249 0.092423 0.438891 1 49 1.000000
tex
  49 -1.121897 -4.089074 60.196289 0.125031 -0.898981 0.419762 0.091239 0.438985 1 49 1.000000
  49 -1.422297 -4.076119 60.263390 -0.035588 -0.868036 0.495224 0.089947 0.439019 1 49 1.000000
  49 -1.192575 -4.076345 60.132908 -0.246266 -0.690231 -0.680392 0.091031 0.438908 1 49 1.000000
tex
  49 -1.408722 -4.026752 60.284546 0.149599 -0.155446 0.976451 0.089971 0.438953 1 49 1.000000
  49 -1.422297 -4.076119 60.263390 -0.035588 -0.868036 0.495224 0.089947 0.439019 1 49 1.000000
  49 -1.121897 -4.089074 60.196289 0.125031 -0.898981 0.419762 0.091239 0.438985 1 49 1.000000
tex
  49 -1.422297 -4.076119 60.263390 -0.035588 -0.868036 0.495224 0.089947 0.439019 1 49 1.000000
  49 -1.408722 -4.026752 60.284546 0.149599 -0.155446 0.976451 0.089971 0.438953 1 49 1.000000
  49 -1.802937 -3.959755 60.306839 0.017240 -0.162643 0.986534 0.087627 0.438998 1 49 1.000000
tex
  49 -1.408722 -4.026752 60.284546 0.149599 -0.155446 0.976451 0.089971 0.438953 1 49 1.000000
  49 -1.409678 -3.972228 60.277752 0.146040 0.704810 0.694201 0.089938 0.438886 1 49 1.000000
  49 -1.802937 -3.959755 60.306839 0.017240 -0.162643 0.986534 0.087627 0.438998 1 49 1.000000
tex
  49 -1.409678 -3.972228 60.277752 0.146040 0.704810 0.694201 0.089938 0.438886 1 49 1.000000
  49 -1.793473 -3.906816 60.298573 0.181820 0.781904 0.596296 0.087617 0.438919 1 49 1.000000
  49 -1.802937 -3.959755 60.306839 0.017240 -0.162643 0.986534 0.087627 0.438998 1 49 1.000000
tex
  49 -1.793473 -3.906816 60.298573 0.181820 0.781904 0.596296 0.087617 0.438919 1 49 1.000000
  49 -1.409678 -3.972228 60.277752 0.146040 0.704810 0.694201 0.089938 0.438886 1 49 1.000000
  49 -1.448396 -3.958447 60.203270 0.026303 0.869332 -0.493528 0.089782 0.438976 1 49 1.000000
tex
  49 -1.795002 -3.898602 60.221516 0.109157 0.697606 -0.708117 0.087619 0.439039 1 49 1.000000
  49 -1.793473 -3.906816 60.298573 0.181820 0.781904 0.596296 0.087617 0.438919 1 49 1.000000
  49 -1.448396 -3.958447 60.203270 0.026303 0.869332 -0.493528 0.089782 0.438976 1 49 1.000000
tex
  49 -1.795002 -3.898602 60.221516 0.109157 0.697606 -0.708117 0.087619 0.439039 1 49 1.000000
  49 -1.448396 -3.958447 60.203270 0.026303 0.869332 -0.493528 0.089782 0.438976 1 49 1.000000
  49 -1.461875 -4.007822 60.182137 -0.084203 0.139791 -0.986594 0.089755 0.438963 1 49 1.000000
tex
  49 -1.805040 -3.948446 60.200859 -0.018447 0.121635 -0.992403 0.087627 0.439006 1 49 1.000000
  49 -1.795002 -3.898602 60.221516 0.109157 0.697606 -0.708117 0.087619 0.439039 1 49 1.000000
  49 -1.461875 -4.007822 60.182137 -0.084203 0.139791 -0.986594 0.089755 0.438963 1 49 1.000000
tex
  49 -1.805040 -3.948446 60.200859 -0.018447 0.121635 -0.992403 0.087627 0.439006 1 49 1.000000
  49 -1.461875 -4.007822 60.182137 -0.084203 0.139791 -0.986594 0.089755 0.438963 1 49 1.000000
  49 -1.814504 -4.001382 60.209118 -0.138124 -0.511253 -0.848258 0.087634 0.438965 1 49 1.000000
tex
  49 -2.297560 -3.836796 60.216362 0.018312 0.121658 -0.992403 0.083308 0.439095 1 49 1.000000
  49 -1.805040 -3.948446 60.200859 -0.018447 0.121635 -0.992403 0.087627 0.439006 1 49 1.000000
  49 -1.814504 -4.001382 60.209118 -0.138124 -0.511253 -0.848258 0.087634 0.438965 1 49 1.000000
tex
  49 -0.718314 -3.988261 59.874489 -0.653769 0.156023 -0.740435 0.093329 0.438887 1 49 1.000000
  49 -0.695976 -3.936648 59.886410 -0.382846 0.902076 -0.199217 0.093369 0.438860 1 49 1.000000
  49 -0.631224 -3.966739 59.748222 -0.964190 0.074489 -0.254537 0.093594 0.438875 1 49 1.000000
tex
  49 -0.718314 -3.988261 59.874489 -0.653769 0.156023 -0.740435 0.093329 0.438887 1 49 1.000000
  49 -0.631224 -3.966739 59.748222 -0.964190 0.074489 -0.254537 0.093594 0.438875 1 49 1.000000
  49 -0.700341 -4.040501 59.867970 -0.491531 -0.675653 -0.549446 0.093375 0.438905 1 49 1.000000
tex
  49 -0.918464 -4.063648 60.012634 -0.330742 -0.676253 -0.658249 0.092423 0.438891 1 49 1.000000
  49 -0.718314 -3.988261 59.874489 -0.653769 0.156023 -0.740435 0.093329 0.438887 1 49 1.000000
  49 -0.700341 -4.040501 59.867970 -0.491531 -0.675653 -0.549446 0.093375 0.438905 1 49 1.000000
tex
  49 -0.815632 -4.075593 60.052307 0.216092 -0.903885 0.369182 0.092718 0.438972 1 49 1.000000
  49 -0.918464 -4.063648 60.012634 -0.330742 -0.676253 -0.658249 0.092423 0.438891 1 49 1.000000
  49 -0.700341 -4.040501 59.867970 -0.491531 -0.675653 -0.549446 0.093375 0.438905 1 49 1.000000
tex
  49 -0.815632 -4.075593 60.052307 0.216092 -0.903885 0.369182 0.092718 0.438972 1 49 1.000000
  49 -1.121897 -4.089074 60.196289 0.125031 -0.898981 0.419762 0.091239 0.438985 1 49 1.000000
  49 -0.918464 -4.063648 60.012634 -0.330742 -0.676253 -0.658249 0.092423 0.438891 1 49 1.000000
tex
  49 -1.121897 -4.089074 60.196289 0.125031 -0.898981 0.419762 0.091239 0.438985 1 49 1.000000
  49 -0.815632 -4.075593 60.052307 0.216092 -0.903885 0.369182 0.092718 0.438972 1 49 1.000000
  49 -1.104083 -4.039492 60.216419 0.356082 -0.177440 0.917453 0.091281 0.438927 1 49 1.000000
tex
  49 -1.408722 -4.026752 60.284546 0.149599 -0.155446 0.976451 0.089971 0.438953 1 49 1.000000
  49 -1.121897 -4.089074 60.196289 0.125031 -0.898981 0.419762 0.091239 0.438985 1 49 1.000000
  49 -1.104083 -4.039492 60.216419 0.356082 -0.177440 0.917453 0.091281 0.438927 1 49 1.000000
tex
  49 -1.113006 -3.985108 60.212803 0.193304 0.693279 0.694261 0.091252 0.438864 1 49 1.000000
  49 -1.408722 -4.026752 60.284546 0.149599 -0.155446 0.976451 0.089971 0.438953 1 49 1.000000
  49 -1.104083 -4.039492 60.216419 0.356082 -0.177440 0.917453 0.091281 0.438927 1 49 1.000000
tex
  49 -1.113006 -3.985108 60.212803 0.193304 0.693279 0.694261 0.091252 0.438864 1 49 1.000000
  49 -1.409678 -3.972228 60.277752 0.146040 0.704810 0.694201 0.089938 0.438886 1 49 1.000000
  49 -1.408722 -4.026752 60.284546 0.149599 -0.155446 0.976451 0.089971 0.438953 1 49 1.000000
tex
  49 -1.409678 -3.972228 60.277752 0.146040 0.704810 0.694201 0.089938 0.438886 1 49 1.000000
  49 -1.113006 -3.985108 60.212803 0.193304 0.693279 0.694261 0.091252 0.438864 1 49 1.000000
  49 -1.184928 -3.972130 60.149475 -0.151768 0.886394 -0.437347 0.091039 0.438956 1 49 1.000000
tex
  49 -1.448396 -3.958447 60.203270 0.026303 0.869332 -0.493528 0.089782 0.438976 1 49 1.000000
  49 -1.409678 -3.972228 60.277752 0.146040 0.704810 0.694201 0.089938 0.438886 1 49 1.000000
  49 -1.184928 -3.972130 60.149475 -0.151768 0.886394 -0.437347 0.091039 0.438956 1 49 1.000000
tex
  49 -1.448396 -3.958447 60.203270 0.026303 0.869332 -0.493528 0.089782 0.438976 1 49 1.000000
  49 -1.184928 -3.972130 60.149475 -0.151768 0.886394 -0.437347 0.091039 0.438956 1 49 1.000000
  49 -1.202135 -4.021831 60.129284 -0.250098 0.145507 -0.957224 0.090990 0.438936 1 49 1.000000
tex
  49 -1.461875 -4.007822 60.182137 -0.084203 0.139791 -0.986594 0.089755 0.438963 1 49 1.000000
  49 -1.448396 -3.958447 60.203270 0.026303 0.869332 -0.493528 0.089782 0.438976 1 49 1.000000
  49 -1.202135 -4.021831 60.129284 -0.250098 0.145507 -0.957224 0.090990 0.438936 1 49 1.000000
tex
  49 -1.460855 -4.062374 60.188923 -0.193670 -0.697081 -0.690340 0.089792 0.438941 1 49 1.000000
  49 -1.461875 -4.007822 60.182137 -0.084203 0.139791 -0.986594 0.089755 0.438963 1 49 1.000000
  49 -1.202135 -4.021831 60.129284 -0.250098 0.145507 -0.957224 0.090990 0.438936 1 49 1.000000
tex
  49 -1.814504 -4.001382 60.209118 -0.138124 -0.511253 -0.848258 0.087634 0.438965 1 49 1.000000
  49 -1.461875 -4.007822 60.182137 -0.084203 0.139791 -0.986594 0.089755 0.438963 1 49 1.000000
  49 -1.460855 -4.062374 60.188923 -0.193670 -0.697081 -0.690340 0.089792 0.438941 1 49 1.000000
tex
  49 -1.812974 -4.009604 60.286213 -0.175786 -0.935771 0.305666 0.087636 0.439075 1 49 1.000000
  49 -1.814504 -4.001382 60.209118 -0.138124 -0.511253 -0.848258 0.087634 0.438965 1 49 1.000000
  49 -1.460855 -4.062374 60.188923 -0.193670 -0.697081 -0.690340 0.089792 0.438941 1 49 1.000000
tex
  49 -1.812974 -4.009604 60.286213 -0.175786 -0.935771 0.305666 0.087636 0.439075 1 49 1.000000
  49 -2.318114 -3.886150 60.225044 -0.170939 -0.718437 -0.674261 0.083241 0.439049 1 49 1.000000
  49 -1.814504 -4.001382 60.209118 -0.138124 -0.511253 -0.848258 0.087634 0.438965 1 49 1.000000
tex
  49 -2.352816 -3.881410 60.302761 -0.204880 -0.805662 0.555817 0.082964 0.439173 1 49 1.000000
  49 -2.318114 -3.886150 60.225044 -0.170939 -0.718437 -0.674261 0.083241 0.439049 1 49 1.000000
  49 -1.812974 -4.009604 60.286213 -0.175786 -0.935771 0.305666 0.087636 0.439075 1 49 1.000000
tex
  49 -0.794888 -4.024714 60.068748 0.439956 -0.187834 0.878156 0.092766 0.438897 1 49 1.000000
  49 -0.806774 -3.972086 60.070141 0.314978 0.655947 0.685947 0.092729 0.438813 1 49 1.000000
  49 -1.104083 -4.039492 60.216419 0.356082 -0.177440 0.917453 0.091281 0.438927 1 49 1.000000
tex
  49 -0.806774 -3.972086 60.070141 0.314978 0.655947 0.685947 0.092729 0.438813 1 49 1.000000
  49 -1.113006 -3.985108 60.212803 0.193304 0.693279 0.694261 0.091252 0.438864 1 49 1.000000
  49 -1.104083 -4.039492 60.216419 0.356082 -0.177440 0.917453 0.091281 0.438927 1 49 1.000000
tex
  49 -1.113006 -3.985108 60.212803 0.193304 0.693279 0.694261 0.091252 0.438864 1 49 1.000000
  49 -0.806774 -3.972086 60.070141 0.314978 0.655947 0.685947 0.092729 0.438813 1 49 1.000000
  49 -0.913206 -3.959577 60.030567 -0.279710 0.887800 -0.365477 0.092429 0.438914 1 49 1.000000
tex
  49 -1.184928 -3.972130 60.149475 -0.151768 0.886394 -0.437347 0.091039 0.438956 1 49 1.000000
  49 -1.113006 -3.985108 60.212803 0.193304 0.693279 0.694261 0.091252 0.438864 1 49 1.000000
  49 -0.913206 -3.959577 60.030567 -0.279710 0.887800 -0.365477 0.092429 0.438914 1 49 1.000000
tex
  49 -1.184928 -3.972130 60.149475 -0.151768 0.886394 -0.437347 0.091039 0.438956 1 49 1.000000
  49 -0.913206 -3.959577 60.030567 -0.279710 0.887800 -0.365477 0.092429 0.438914 1 49 1.000000
  49 -0.933473 -4.010206 60.014355 -0.451141 0.173014 -0.875521 0.092374 0.438905 1 49 1.000000
tex
  49 -1.202135 -4.021831 60.129284 -0.250098 0.145507 -0.957224 0.090990 0.438936 1 49 1.000000
  49 -1.184928 -3.972130 60.149475 -0.151768 0.886394 -0.437347 0.091039 0.438956 1 49 1.000000
  49 -0.933473 -4.010206 60.014355 -0.451141 0.173014 -0.875521 0.092374 0.438905 1 49 1.000000
tex
  49 -1.202135 -4.021831 60.129284 -0.250098 0.145507 -0.957224 0.090990 0.438936 1 49 1.000000
  49 -0.933473 -4.010206 60.014355 -0.451141 0.173014 -0.875521 0.092374 0.438905 1 49 1.000000
  49 -1.192575 -4.076345 60.132908 -0.246266 -0.690231 -0.680392 0.091031 0.438908 1 49 1.000000
tex
  49 -1.460855 -4.062374 60.188923 -0.193670 -0.697081 -0.690340 0.089792 0.438941 1 49 1.000000
  49 -1.202135 -4.021831 60.129284 -0.250098 0.145507 -0.957224 0.090990 0.438936 1 49 1.000000
  49 -1.192575 -4.076345 60.132908 -0.246266 -0.690231 -0.680392 0.091031 0.438908 1 49 1.000000
tex
  49 -1.422297 -4.076119 60.263390 -0.035588 -0.868036 0.495224 0.089947 0.439019 1 49 1.000000
  49 -1.460855 -4.062374 60.188923 -0.193670 -0.697081 -0.690340 0.089792 0.438941 1 49 1.000000
  49 -1.192575 -4.076345 60.132908 -0.246266 -0.690231 -0.680392 0.091031 0.438908 1 49 1.000000
tex
  49 -1.422297 -4.076119 60.263390 -0.035588 -0.868036 0.495224 0.089947 0.439019 1 49 1.000000
  49 -1.812974 -4.009604 60.286213 -0.175786 -0.935771 0.305666 0.087636 0.439075 1 49 1.000000
  49 -1.460855 -4.062374 60.188923 -0.193670 -0.697081 -0.690340 0.089792 0.438941 1 49 1.000000
tex
  49 -1.812974 -4.009604 60.286213 -0.175786 -0.935771 0.305666 0.087636 0.439075 1 49 1.000000
  49 -1.422297 -4.076119 60.263390 -0.035588 -0.868036 0.495224 0.089947 0.439019 1 49 1.000000
  49 -1.802937 -3.959755 60.306839 0.017240 -0.162643 0.986534 0.087627 0.438998 1 49 1.000000
tex
  49 -2.352816 -3.881410 60.302761 -0.204880 -0.805662 0.555817 0.082964 0.439173 1 49 1.000000
  49 -1.812974 -4.009604 60.286213 -0.175786 -0.935771 0.305666 0.087636 0.439075 1 49 1.000000
  49 -1.802937 -3.959755 60.306839 0.017240 -0.162643 0.986534 0.087627 0.438998 1 49 1.000000
tex
  49 -2.345264 -3.830272 60.323231 -0.028916 -0.062523 0.997624 0.082924 0.439095 1 49 1.000000
  49 -2.352816 -3.881410 60.302761 -0.204880 -0.805662 0.555817 0.082964 0.439173 1 49 1.000000
  49 -1.802937 -3.959755 60.306839 0.017240 -0.162643 0.986534 0.087627 0.438998 1 49 1.000000
tex
  49 -2.352816 -3.881410 60.302761 -0.204880 -0.805662 0.555817 0.082964 0.439173 1 49 1.000000
  49 -2.345264 -3.830272 60.323231 -0.028916 -0.062523 0.997624 0.082924 0.439095 1 49 1.000000
  49 -2.847536 -3.741831 60.281719 -0.331094 -0.749927 0.572701 0.079250 0.439256 1 49 1.000000
tex
  49 -2.847536 -3.741831 60.281719 -0.331094 -0.749927 0.572701 0.079250 0.439256 1 49 1.000000
  49 -2.345264 -3.830272 60.323231 -0.028916 -0.062523 0.997624 0.082924 0.439095 1 49 1.000000
  49 -2.842246 -3.688511 60.301018 -0.240663 -0.016987 0.970460 0.079209 0.439171 1 49 1.000000
tex
  49 -3.108137 -3.639765 60.191925 -0.586021 -0.667494 0.459380 0.078354 0.439265 1 49 1.000000
  49 -2.847536 -3.741831 60.281719 -0.331094 -0.749927 0.572701 0.079250 0.439256 1 49 1.000000
  49 -2.842246 -3.688511 60.301018 -0.240663 -0.016987 0.970460 0.079209 0.439171 1 49 1.000000
tex
  49 -3.108137 -3.639765 60.191925 -0.586021 -0.667494 0.459380 0.078354 0.439265 1 49 1.000000
  49 -2.842246 -3.688511 60.301018 -0.240663 -0.016987 0.970460 0.079209 0.439171 1 49 1.000000
  49 -3.104854 -3.584066 60.208183 -0.524831 0.148879 0.838086 0.078317 0.439199 1 49 1.000000
tex
  49 -3.108137 -3.639765 60.191925 -0.586021 -0.667494 0.459380 0.078354 0.439265 1 49 1.000000
  49 -3.104854 -3.584066 60.208183 -0.524831 0.148879 0.838086 0.078317 0.439199 1 49 1.000000
  49 -3.221197 -3.560800 60.072018 -0.665710 -0.650127 0.366284 0.078082 0.439241 1 49 1.000000
tex
  49 3.261462 -3.383159 59.928192 -0.881391 -0.461693 -0.099945 0.021311 0.441351 1 49 1.000000
  49 3.260442 -3.405828 60.053623 -0.881391 -0.461693 -0.099945 0.021312 0.440543 1 49 1.000000
  49 3.224847 -3.311797 59.940773 -0.983579 -0.177736 -0.031340 0.021827 0.441351 1 49 1.000000
tex
  49 3.260442 -3.405828 60.053623 -0.881391 -0.461693 -0.099945 0.021312 0.440543 1 49 1.000000
  49 3.224849 -3.333930 60.066299 -0.983579 -0.177736 -0.031340 0.021827 0.440543 1 49 1.000000
  49 3.224847 -3.311797 59.940773 -0.983579 -0.177736 -0.031340 0.021827 0.441351 1 49 1.000000
tex
  49 3.224849 -3.333930 60.066299 -0.983579 -0.177736 -0.031340 0.021827 0.440543 1 49 1.000000
  49 3.231221 -3.264892 60.078476 -0.887179 0.454414 0.080129 0.022273 0.440543 1 49 1.000000
  49 3.224847 -3.311797 59.940773 -0.983579 -0.177736 -0.031340 0.021827 0.441351 1 49 1.000000
tex
  49 3.231221 -3.264892 60.078476 -0.887179 0.454414 0.080129 0.022273 0.440543 1 49 1.000000
  49 3.231221 -3.242757 59.952946 -0.887179 0.454414 0.080129 0.022273 0.441351 1 49 1.000000
  49 3.224847 -3.311797 59.940773 -0.983579 -0.177736 -0.031340 0.021827 0.441351 1 49 1.000000
tex
  49 3.231221 -3.264892 60.078476 -0.887179 0.454414 0.080129 0.022273 0.440543 1 49 1.000000
  49 3.272648 -3.208236 59.959038 -0.311293 0.936091 0.163798 0.022617 0.441351 1 49 1.000000
  49 3.231221 -3.242757 59.952946 -0.887179 0.454414 0.080129 0.022273 0.441351 1 49 1.000000
tex
  49 3.272648 -3.230371 60.084564 -0.311293 0.936091 0.163798 0.022617 0.440543 1 49 1.000000
  49 3.272648 -3.208236 59.959038 -0.311293 0.936091 0.163798 0.022617 0.441351 1 49 1.000000
  49 3.231221 -3.264892 60.078476 -0.887179 0.454414 0.080129 0.022273 0.440543 1 49 1.000000
tex
  49 3.272648 -3.230371 60.084564 -0.311293 0.936091 0.163798 0.022617 0.440543 1 49 1.000000
  49 3.333256 -3.234231 60.083885 0.071154 0.982856 0.170093 0.023001 0.440543 1 49 1.000000
  49 3.272648 -3.208236 59.959038 -0.311293 0.936091 0.163798 0.022617 0.441351 1 49 1.000000
tex
  49 3.333256 -3.234231 60.083885 0.071154 0.982856 0.170093 0.023001 0.440543 1 49 1.000000
  49 3.333256 -3.212787 59.958233 0.071154 0.982856 0.170093 0.023002 0.441351 1 49 1.000000
  49 3.272648 -3.208236 59.959038 -0.311293 0.936091 0.163798 0.022617 0.441351 1 49 1.000000
tex
  49 -3.260424 -3.405833 60.053627 0.881391 -0.461694 -0.099944 0.019616 0.441352 1 49 1.000000
  49 -3.261445 -3.383164 59.928196 0.881391 -0.461694 -0.099944 0.019615 0.440543 1 49 1.000000
  49 -3.224830 -3.311801 59.940777 0.961229 -0.271002 -0.050956 0.020131 0.440543 1 49 1.000000
tex
  49 -3.224829 -3.333936 60.066303 0.996075 -0.087165 -0.015376 0.020131 0.441351 1 49 1.000000
  49 -3.260424 -3.405833 60.053627 0.881391 -0.461694 -0.099944 0.019616 0.441352 1 49 1.000000
  49 -3.224830 -3.311801 59.940777 0.961229 -0.271002 -0.050956 0.020131 0.440543 1 49 1.000000
tex
  49 -3.231204 -3.242761 59.952950 0.887196 0.454383 0.080120 0.020577 0.440543 1 49 1.000000
  49 -3.224829 -3.333936 60.066303 0.996075 -0.087165 -0.015376 0.020131 0.441351 1 49 1.000000
  49 -3.224830 -3.311801 59.940777 0.961229 -0.271002 -0.050956 0.020131 0.440543 1 49 1.000000
tex
  49 -3.231204 -3.242761 59.952950 0.887196 0.454383 0.080120 0.020577 0.440543 1 49 1.000000
  49 -3.231204 -3.264897 60.078480 0.887196 0.454383 0.080120 0.020577 0.441351 1 49 1.000000
  49 -3.224829 -3.333936 60.066303 0.996075 -0.087165 -0.015376 0.020131 0.441351 1 49 1.000000
tex
  49 -3.272629 -3.230376 60.084568 0.436918 0.885836 0.156197 0.020921 0.441352 1 49 1.000000
  49 -3.231204 -3.264897 60.078480 0.887196 0.454383 0.080120 0.020577 0.441351 1 49 1.000000
  49 -3.231204 -3.242761 59.952950 0.887196 0.454383 0.080120 0.020577 0.440543 1 49 1.000000
tex
  49 -3.272629 -3.208241 59.959042 0.180837 0.968955 0.168595 0.020921 0.440543 1 49 1.000000
  49 -3.272629 -3.230376 60.084568 0.436918 0.885836 0.156197 0.020921 0.441352 1 49 1.000000
  49 -3.231204 -3.242761 59.952950 0.887196 0.454383 0.080120 0.020577 0.440543 1 49 1.000000
tex
  49 -3.272629 -3.230376 60.084568 0.436918 0.885836 0.156197 0.020921 0.441352 1 49 1.000000
  49 -3.272629 -3.208241 59.959042 0.180837 0.968955 0.168595 0.020921 0.440543 1 49 1.000000
  49 -3.333238 -3.234236 60.083889 -0.076035 0.982894 0.167745 0.021306 0.441351 1 49 1.000000
tex
  49 -3.272629 -3.208241 59.959042 0.180837 0.968955 0.168595 0.020921 0.440543 1 49 1.000000
  49 -3.333238 -3.212791 59.958237 -0.076035 0.982894 0.167745 0.021306 0.440543 1 49 1.000000
  49 -3.333238 -3.234236 60.083889 -0.076035 0.982894 0.167745 0.021306 0.441351 1 49 1.000000
tex
  49 2.297580 -3.836793 60.216358 0.237489 -0.959603 0.150867 0.321459 0.623566 1 49 1.000000
  49 2.370522 -3.853501 59.974754 0.262839 -0.964619 0.020649 0.325085 0.607860 1 49 1.000000
  49 2.745680 -3.721918 60.205139 0.291616 -0.953651 0.074226 0.350972 0.621391 1 49 1.000000
tex
  49 2.133311 -3.913719 59.985939 0.226825 -0.972057 0.060460 0.309625 0.609097 1 49 1.000000
  49 2.370522 -3.853501 59.974754 0.262839 -0.964619 0.020649 0.325085 0.607860 1 49 1.000000
  49 2.297580 -3.836793 60.216358 0.237489 -0.959603 0.150867 0.321459 0.623566 1 49 1.000000
tex
  49 2.133311 -3.913719 59.985939 0.226825 -0.972057 0.060460 0.309625 0.609097 1 49 1.000000
  49 2.297580 -3.836793 60.216358 0.237489 -0.959603 0.150867 0.321459 0.623566 1 49 1.000000
  49 1.805059 -3.948442 60.200855 0.183048 -0.970967 0.154002 0.289108 0.623566 1 49 1.000000
tex
  49 1.868855 -3.971723 59.979816 0.186670 -0.981660 0.038691 0.292474 0.609199 1 49 1.000000
  49 2.133311 -3.913719 59.985939 0.226825 -0.972057 0.060460 0.309625 0.609097 1 49 1.000000
  49 1.805059 -3.948442 60.200855 0.183048 -0.970967 0.154002 0.289108 0.623566 1 49 1.000000
tex
  49 1.874400 -3.944936 59.653206 0.148454 -0.972030 -0.181987 0.292589 0.588540 1 49 1.000000
  49 2.133311 -3.913719 59.985939 0.226825 -0.972057 0.060460 0.309625 0.609097 1 49 1.000000
  49 1.868855 -3.971723 59.979816 0.186670 -0.981660 0.038691 0.292474 0.609199 1 49 1.000000
tex
  49 2.133311 -3.913719 59.985939 0.226825 -0.972057 0.060460 0.309625 0.609097 1 49 1.000000
  49 1.874400 -3.944936 59.653206 0.148454 -0.972030 -0.181987 0.292589 0.588540 1 49 1.000000
  49 2.370522 -3.853501 59.974754 0.262839 -0.964619 0.020649 0.325085 0.607860 1 49 1.000000
tex
  49 1.874400 -3.944936 59.653206 0.148454 -0.972030 -0.181987 0.292589 0.588540 1 49 1.000000
  49 2.512548 -3.809878 59.940414 0.305475 -0.950531 -0.056360 0.334407 0.605290 1 49 1.000000
  49 2.370522 -3.853501 59.974754 0.262839 -0.964619 0.020649 0.325085 0.607860 1 49 1.000000
tex
  49 2.370522 -3.853501 59.974754 0.262839 -0.964619 0.020649 0.325085 0.607860 1 49 1.000000
  49 2.512548 -3.809878 59.940414 0.305475 -0.950531 -0.056360 0.334407 0.605290 1 49 1.000000
  49 2.745680 -3.721918 60.205139 0.291616 -0.953651 0.074226 0.350972 0.621391 1 49 1.000000
tex
  49 2.512548 -3.809878 59.940414 0.305475 -0.950531 -0.056360 0.334407 0.605290 1 49 1.000000
  49 2.957525 -3.652244 60.142155 0.358288 -0.932136 -0.052456 0.365050 0.616660 1 49 1.000000
  49 2.745680 -3.721918 60.205139 0.291616 -0.953651 0.074226 0.350972 0.621391 1 49 1.000000
tex
  49 2.512548 -3.809878 59.940414 0.305475 -0.950531 -0.056360 0.334407 0.605290 1 49 1.000000
  49 2.572807 -3.783289 59.889442 0.341781 -0.924993 -0.166054 0.338418 0.601839 1 49 1.000000
  49 2.957525 -3.652244 60.142155 0.358288 -0.932136 -0.052456 0.365050 0.616660 1 49 1.000000
tex
  49 2.957525 -3.652244 60.142155 0.358288 -0.932136 -0.052456 0.365050 0.616660 1 49 1.000000
  49 2.572807 -3.783289 59.889442 0.341781 -0.924993 -0.166054 0.338418 0.601839 1 49 1.000000
  49 3.008670 -3.617408 60.049740 0.399354 -0.901047 -0.169206 0.368625 0.610507 1 49 1.000000
tex
  49 2.572807 -3.783289 59.889442 0.341781 -0.924993 -0.166054 0.338418 0.601839 1 49 1.000000
  49 3.018006 -3.595927 59.953609 0.399354 -0.901047 -0.169206 0.369370 0.604217 1 49 1.000000
  49 3.008670 -3.617408 60.049740 0.399354 -0.901047 -0.169206 0.368625 0.610507 1 49 1.000000
tex
  49 2.572807 -3.783289 59.889442 0.341781 -0.924993 -0.166054 0.338418 0.601839 1 49 1.000000
  49 2.590429 -3.767341 59.829830 0.341781 -0.924993 -0.166054 0.339621 0.597948 1 49 1.000000
  49 3.018006 -3.595927 59.953609 0.399354 -0.901047 -0.169206 0.369370 0.604217 1 49 1.000000
tex
  49 2.590429 -3.767341 59.829830 0.341781 -0.924993 -0.166054 0.339621 0.597948 1 49 1.000000
  49 3.010359 -3.580727 59.845562 0.399354 -0.901047 -0.169206 0.368915 0.597240 1 49 1.000000
  49 3.018006 -3.595927 59.953609 0.399354 -0.901047 -0.169206 0.369370 0.604217 1 49 1.000000
tex
  49 2.590429 -3.767341 59.829830 0.341781 -0.924993 -0.166054 0.339621 0.597948 1 49 1.000000
  49 2.586446 -3.757340 59.760086 0.341781 -0.924993 -0.166054 0.339382 0.593470 1 49 1.000000
  49 3.010359 -3.580727 59.845562 0.399354 -0.901047 -0.169206 0.368915 0.597240 1 49 1.000000
tex
  49 2.586446 -3.757340 59.760086 0.341781 -0.924993 -0.166054 0.339382 0.593470 1 49 1.000000
  49 2.985281 -3.569379 59.711109 0.399354 -0.901047 -0.169206 0.367230 0.588615 1 49 1.000000
  49 3.010359 -3.580727 59.845562 0.399354 -0.901047 -0.169206 0.368915 0.597240 1 49 1.000000
tex
  49 2.586446 -3.757340 59.760086 0.341781 -0.924993 -0.166054 0.339382 0.593470 1 49 1.000000
  49 2.567804 -3.750954 59.675793 0.341781 -0.924993 -0.166054 0.338129 0.588114 1 49 1.000000
  49 2.985281 -3.569379 59.711109 0.399354 -0.901047 -0.169206 0.367230 0.588615 1 49 1.000000
tex
  49 2.985281 -3.569379 59.711109 0.399354 -0.901047 -0.169206 0.367230 0.588615 1 49 1.000000
  49 2.567804 -3.750954 59.675793 0.341781 -0.924993 -0.166054 0.338129 0.588114 1 49 1.000000
  49 2.935538 -3.563441 59.544582 0.399354 -0.901047 -0.169206 0.363820 0.578005 1 49 1.000000
tex
  49 2.567804 -3.750954 59.675793 0.341781 -0.924993 -0.166054 0.338129 0.588114 1 49 1.000000
  49 2.526729 -3.749827 59.577267 0.341781 -0.924993 -0.166054 0.335378 0.581919 1 49 1.000000
  49 2.935538 -3.563441 59.544582 0.399354 -0.901047 -0.169206 0.363820 0.578005 1 49 1.000000
tex
  49 2.526729 -3.749827 59.577267 0.341781 -0.924993 -0.166054 0.335378 0.581919 1 49 1.000000
  49 2.837645 -3.568984 59.354336 0.370600 -0.900432 -0.227767 0.357158 0.565994 1 49 1.000000
  49 2.935538 -3.563441 59.544582 0.399354 -0.901047 -0.169206 0.363820 0.578005 1 49 1.000000
tex
  49 2.526729 -3.749827 59.577267 0.341781 -0.924993 -0.166054 0.335378 0.581919 1 49 1.000000
  49 2.445343 -3.758114 59.472874 0.312660 -0.922899 -0.224724 0.329999 0.575452 1 49 1.000000
  49 2.837645 -3.568984 59.354336 0.370600 -0.900432 -0.227767 0.357158 0.565994 1 49 1.000000
tex
  49 2.512548 -3.809878 59.940414 0.305475 -0.950531 -0.056360 0.334407 0.605290 1 49 1.000000
  49 1.874400 -3.944936 59.653206 0.148454 -0.972030 -0.181987 0.292589 0.588540 1 49 1.000000
  49 2.572807 -3.783289 59.889442 0.341781 -0.924993 -0.166054 0.338418 0.601839 1 49 1.000000
tex
  49 1.874400 -3.944936 59.653206 0.148454 -0.972030 -0.181987 0.292589 0.588540 1 49 1.000000
  49 2.590429 -3.767341 59.829830 0.341781 -0.924993 -0.166054 0.339621 0.597948 1 49 1.000000
  49 2.572807 -3.783289 59.889442 0.341781 -0.924993 -0.166054 0.338418 0.601839 1 49 1.000000
tex
  49 1.874400 -3.944936 59.653206 0.148454 -0.972030 -0.181987 0.292589 0.588540 1 49 1.000000
  49 2.586446 -3.757340 59.760086 0.341781 -0.924993 -0.166054 0.339382 0.593470 1 49 1.000000
  49 2.590429 -3.767341 59.829830 0.341781 -0.924993 -0.166054 0.339621 0.597948 1 49 1.000000
tex
  49 1.874400 -3.944936 59.653206 0.148454 -0.972030 -0.181987 0.292589 0.588540 1 49 1.000000
  49 2.567804 -3.750954 59.675793 0.341781 -0.924993 -0.166054 0.338129 0.588114 1 49 1.000000
  49 2.586446 -3.757340 59.760086 0.341781 -0.924993 -0.166054 0.339382 0.593470 1 49 1.000000
tex
  49 2.567804 -3.750954 59.675793 0.341781 -0.924993 -0.166054 0.338129 0.588114 1 49 1.000000
  49 1.874400 -3.944936 59.653206 0.148454 -0.972030 -0.181987 0.292589 0.588540 1 49 1.000000
  49 2.526729 -3.749827 59.577267 0.341781 -0.924993 -0.166054 0.335378 0.581919 1 49 1.000000
tex
  49 1.874400 -3.944936 59.653206 0.148454 -0.972030 -0.181987 0.292589 0.588540 1 49 1.000000
  49 2.445343 -3.758114 59.472874 0.312660 -0.922899 -0.224724 0.329999 0.575452 1 49 1.000000
  49 2.526729 -3.749827 59.577267 0.341781 -0.924993 -0.166054 0.335378 0.581919 1 49 1.000000
tex
  49 1.874400 -3.944936 59.653206 0.148454 -0.972030 -0.181987 0.292589 0.588540 1 49 1.000000
  49 2.294712 -3.782124 59.385162 0.259221 -0.915450 -0.307823 0.320163 0.570185 1 49 1.000000
  49 2.445343 -3.758114 59.472874 0.312660 -0.922899 -0.224724 0.329999 0.575452 1 49 1.000000
tex
  49 1.874400 -3.944936 59.653206 0.148454 -0.972030 -0.181987 0.292589 0.588540 1 49 1.000000
  49 2.063747 -3.822920 59.332638 0.202114 -0.909030 -0.364438 0.305223 0.567271 1 49 1.000000
  49 2.294712 -3.782124 59.385162 0.259221 -0.915450 -0.307823 0.320163 0.570185 1 49 1.000000
tex
  49 1.874400 -3.944936 59.653206 0.148454 -0.972030 -0.181987 0.292589 0.588540 1 49 1.000000
  49 1.799068 -3.866620 59.310165 0.155437 -0.921559 -0.355764 0.288216 0.566267 1 49 1.000000
  49 2.063747 -3.822920 59.332638 0.202114 -0.909030 -0.364438 0.305223 0.567271 1 49 1.000000
tex
  49 1.874400 -3.944936 59.653206 0.148454 -0.972030 -0.181987 0.292589 0.588540 1 49 1.000000
  49 1.197024 -3.949090 59.434711 -0.000010 -0.984653 -0.174526 0.249813 0.574686 1 49 1.000000
  49 1.265313 -3.934848 59.367161 0.028488 -0.961321 -0.273955 0.254201 0.570329 1 49 1.000000
tex
  49 1.874400 -3.944936 59.653206 0.148454 -0.972030 -0.181987 0.292589 0.588540 1 49 1.000000
  49 1.150309 -3.965188 59.522884 -0.000010 -0.984653 -0.174526 0.246810 0.580343 1 49 1.000000
  49 1.197024 -3.949090 59.434711 -0.000010 -0.984653 -0.174526 0.249813 0.574686 1 49 1.000000
tex
  49 1.874400 -3.944936 59.653206 0.148454 -0.972030 -0.181987 0.292589 0.588540 1 49 1.000000
  49 1.124402 -3.981613 59.616222 -0.000010 -0.984653 -0.174526 0.245128 0.586345 1 49 1.000000
  49 1.150309 -3.965188 59.522884 -0.000010 -0.984653 -0.174526 0.246810 0.580343 1 49 1.000000
tex
  49 1.874400 -3.944936 59.653206 0.148454 -0.972030 -0.181987 0.292589 0.588540 1 49 1.000000
  49 1.131380 -3.996335 59.701546 -0.000010 -0.984653 -0.174526 0.245520 0.591861 1 49 1.000000
  49 1.124402 -3.981613 59.616222 -0.000010 -0.984653 -0.174526 0.245128 0.586345 1 49 1.000000
tex
  49 1.874400 -3.944936 59.653206 0.148454 -0.972030 -0.181987 0.292589 0.588540 1 49 1.000000
  49 1.190014 -4.009397 59.781681 -0.025311 -0.993812 -0.108149 0.249220 0.597044 1 49 1.000000
  49 1.131380 -3.996335 59.701546 -0.000010 -0.984653 -0.174526 0.245520 0.591861 1 49 1.000000
tex
  49 1.874400 -3.944936 59.653206 0.148454 -0.972030 -0.181987 0.292589 0.588540 1 49 1.000000
  49 1.308683 -4.019996 59.859772 -0.025311 -0.993812 -0.108149 0.256750 0.602080 1 49 1.000000
  49 1.190014 -4.009397 59.781681 -0.025311 -0.993812 -0.108149 0.249220 0.597044 1 49 1.000000
tex
  49 1.874400 -3.944936 59.653206 0.148454 -0.972030 -0.181987 0.292589 0.588540 1 49 1.000000
  49 1.466451 -4.022259 59.923443 0.046991 -0.997739 -0.048044 0.266752 0.606107 1 49 1.000000
  49 1.308683 -4.019996 59.859772 -0.025311 -0.993812 -0.108149 0.256750 0.602080 1 49 1.000000
tex
  49 1.874400 -3.944936 59.653206 0.148454 -0.972030 -0.181987 0.292589 0.588540 1 49 1.000000
  49 1.647259 -4.008331 59.961529 0.130344 -0.991094 0.027260 0.278243 0.608364 1 49 1.000000
  49 1.466451 -4.022259 59.923443 0.046991 -0.997739 -0.048044 0.266752 0.606107 1 49 1.000000
tex
  49 1.874400 -3.944936 59.653206 0.148454 -0.972030 -0.181987 0.292589 0.588540 1 49 1.000000
  49 1.868855 -3.971723 59.979816 0.186670 -0.981660 0.038691 0.292474 0.609199 1 49 1.000000
  49 1.647259 -4.008331 59.961529 0.130344 -0.991094 0.027260 0.278243 0.608364 1 49 1.000000
tex
  49 1.265313 -3.934848 59.367161 0.028488 -0.961321 -0.273955 0.254201 0.570329 1 49 1.000000
  49 1.197024 -3.949090 59.434711 -0.000010 -0.984653 -0.174526 0.249813 0.574686 1 49 1.000000
  49 0.856090 -3.865109 59.176998 -0.028527 -0.961346 -0.273860 0.228217 0.557225 1 49 1.000000
tex
  49 1.197024 -3.949090 59.434711 -0.000010 -0.984653 -0.174526 0.249813 0.574686 1 49 1.000000
  49 0.770147 -3.886293 59.290886 -0.071045 -0.973448 -0.217605 0.222627 0.564606 1 49 1.000000
  49 0.856090 -3.865109 59.176998 -0.028527 -0.961346 -0.273860 0.228217 0.557225 1 49 1.000000
tex
  49 1.197024 -3.949090 59.434711 -0.000010 -0.984653 -0.174526 0.249813 0.574686 1 49 1.000000
  49 1.150309 -3.965188 59.522884 -0.000010 -0.984653 -0.174526 0.246810 0.580343 1 49 1.000000
  49 0.770147 -3.886293 59.290886 -0.071045 -0.973448 -0.217605 0.222627 0.564606 1 49 1.000000
tex
  49 1.150309 -3.965188 59.522884 -0.000010 -0.984653 -0.174526 0.246810 0.580343 1 49 1.000000
  49 0.696760 -3.914309 59.449959 -0.071045 -0.973448 -0.217605 0.217835 0.574930 1 49 1.000000
  49 0.770147 -3.886293 59.290886 -0.071045 -0.973448 -0.217605 0.222627 0.564606 1 49 1.000000
tex
  49 1.150309 -3.965188 59.522884 -0.000010 -0.984653 -0.174526 0.246810 0.580343 1 49 1.000000
  49 1.124402 -3.981613 59.616222 -0.000010 -0.984653 -0.174526 0.245128 0.586345 1 49 1.000000
  49 0.696760 -3.914309 59.449959 -0.071045 -0.973448 -0.217605 0.217835 0.574930 1 49 1.000000
tex
  49 1.124402 -3.981613 59.616222 -0.000010 -0.984653 -0.174526 0.245128 0.586345 1 49 1.000000
  49 0.641217 -3.943213 59.614059 -0.076218 -0.980702 -0.180042 0.214191 0.585596 1 49 1.000000
  49 0.696760 -3.914309 59.449959 -0.071045 -0.973448 -0.217605 0.217835 0.574930 1 49 1.000000
tex
  49 1.124402 -3.981613 59.616222 -0.000010 -0.984653 -0.174526 0.245128 0.586345 1 49 1.000000
  49 1.131380 -3.996335 59.701546 -0.000010 -0.984653 -0.174526 0.245520 0.591861 1 49 1.000000
  49 0.641217 -3.943213 59.614059 -0.076218 -0.980702 -0.180042 0.214191 0.585596 1 49 1.000000
tex
  49 1.131380 -3.996335 59.701546 -0.000010 -0.984653 -0.174526 0.245520 0.591861 1 49 1.000000
  49 0.631243 -3.966739 59.748219 -0.076218 -0.980702 -0.180042 0.213508 0.594310 1 49 1.000000
  49 0.641217 -3.943213 59.614059 -0.076218 -0.980702 -0.180042 0.214191 0.585596 1 49 1.000000
tex
  49 1.131380 -3.996335 59.701546 -0.000010 -0.984653 -0.174526 0.245520 0.591861 1 49 1.000000
  49 0.718333 -3.988260 59.874485 -0.064814 -0.992847 -0.100265 0.219022 0.602553 1 49 1.000000
  49 0.631243 -3.966739 59.748219 -0.076218 -0.980702 -0.180042 0.213508 0.594310 1 49 1.000000
tex
  49 1.131380 -3.996335 59.701546 -0.000010 -0.984653 -0.174526 0.245520 0.591861 1 49 1.000000
  49 1.190014 -4.009397 59.781681 -0.025311 -0.993812 -0.108149 0.249220 0.597044 1 49 1.000000
  49 0.718333 -3.988260 59.874485 -0.064814 -0.992847 -0.100265 0.219022 0.602553 1 49 1.000000
tex
  49 1.190014 -4.009397 59.781681 -0.025311 -0.993812 -0.108149 0.249220 0.597044 1 49 1.000000
  49 0.933492 -4.010204 60.014351 -0.047050 -0.997736 -0.048047 0.232733 0.611736 1 49 1.000000
  49 0.718333 -3.988260 59.874485 -0.064814 -0.992847 -0.100265 0.219022 0.602553 1 49 1.000000
tex
  49 1.190014 -4.009397 59.781681 -0.025311 -0.993812 -0.108149 0.249220 0.597044 1 49 1.000000
  49 1.308683 -4.019996 59.859772 -0.025311 -0.993812 -0.108149 0.256750 0.602080 1 49 1.000000
  49 0.933492 -4.010204 60.014351 -0.047050 -0.997736 -0.048047 0.232733 0.611736 1 49 1.000000
tex
  49 1.308683 -4.019996 59.859772 -0.025311 -0.993812 -0.108149 0.256750 0.602080 1 49 1.000000
  49 1.202155 -4.021829 60.129280 -0.000536 -0.999964 0.008438 0.249953 0.619264 1 49 1.000000
  49 0.933492 -4.010204 60.014351 -0.047050 -0.997736 -0.048047 0.232733 0.611736 1 49 1.000000
tex
  49 1.308683 -4.019996 59.859772 -0.025311 -0.993812 -0.108149 0.256750 0.602080 1 49 1.000000
  49 1.466451 -4.022259 59.923443 0.046991 -0.997739 -0.048044 0.266752 0.606107 1 49 1.000000
  49 1.202155 -4.021829 60.129280 -0.000536 -0.999964 0.008438 0.249953 0.619264 1 49 1.000000
tex
  49 1.466451 -4.022259 59.923443 0.046991 -0.997739 -0.048044 0.266752 0.606107 1 49 1.000000
  49 1.461894 -4.007819 60.182133 0.089780 -0.992423 0.083878 0.266689 0.622629 1 49 1.000000
  49 1.202155 -4.021829 60.129280 -0.000536 -0.999964 0.008438 0.249953 0.619264 1 49 1.000000
tex
  49 1.466451 -4.022259 59.923443 0.046991 -0.997739 -0.048044 0.266752 0.606107 1 49 1.000000
  49 1.647259 -4.008331 59.961529 0.130344 -0.991094 0.027260 0.278243 0.608364 1 49 1.000000
  49 1.461894 -4.007819 60.182133 0.089780 -0.992423 0.083878 0.266689 0.622629 1 49 1.000000
tex
  49 1.647259 -4.008331 59.961529 0.130344 -0.991094 0.027260 0.278243 0.608364 1 49 1.000000
  49 1.805059 -3.948442 60.200855 0.183048 -0.970967 0.154002 0.289108 0.623566 1 49 1.000000
  49 1.461894 -4.007819 60.182133 0.089780 -0.992423 0.083878 0.266689 0.622629 1 49 1.000000
tex
  49 1.647259 -4.008331 59.961529 0.130344 -0.991094 0.027260 0.278243 0.608364 1 49 1.000000
  49 1.868855 -3.971723 59.979816 0.186670 -0.981660 0.038691 0.292474 0.609199 1 49 1.000000
  49 1.805059 -3.948442 60.200855 0.183048 -0.970967 0.154002 0.289108 0.623566 1 49 1.000000
tex
  49 2.445343 -3.758114 59.472874 0.312660 -0.922899 -0.224724 0.329999 0.575452 1 49 1.000000
  49 2.609962 -3.605705 59.195942 0.304291 -0.892094 -0.334029 0.342073 0.556233 1 49 1.000000
  49 2.837645 -3.568984 59.354336 0.370600 -0.900432 -0.227767 0.357158 0.565994 1 49 1.000000
tex
  49 2.445343 -3.758114 59.472874 0.312660 -0.922899 -0.224724 0.329999 0.575452 1 49 1.000000
  49 2.294712 -3.782124 59.385162 0.259221 -0.915450 -0.307823 0.320163 0.570185 1 49 1.000000
  49 2.609962 -3.605705 59.195942 0.304291 -0.892094 -0.334029 0.342073 0.556233 1 49 1.000000
tex
  49 2.294712 -3.782124 59.385162 0.259221 -0.915450 -0.307823 0.320163 0.570185 1 49 1.000000
  49 2.198635 -3.684645 59.118065 0.223316 -0.877551 -0.424305 0.315109 0.551719 1 49 1.000000
  49 2.609962 -3.605705 59.195942 0.304291 -0.892094 -0.334029 0.342073 0.556233 1 49 1.000000
tex
  49 2.294712 -3.782124 59.385162 0.259221 -0.915450 -0.307823 0.320163 0.570185 1 49 1.000000
  49 2.063747 -3.822920 59.332638 0.202114 -0.909030 -0.364438 0.305223 0.567271 1 49 1.000000
  49 2.198635 -3.684645 59.118065 0.223316 -0.877551 -0.424305 0.315109 0.551719 1 49 1.000000
tex
  49 2.063747 -3.822920 59.332638 0.202114 -0.909030 -0.364438 0.305223 0.567271 1 49 1.000000
  49 1.718894 -3.768627 59.094276 0.149208 -0.878211 -0.454403 0.283837 0.550890 1 49 1.000000
  49 2.198635 -3.684645 59.118065 0.223316 -0.877551 -0.424305 0.315109 0.551719 1 49 1.000000
tex
  49 2.063747 -3.822920 59.332638 0.202114 -0.909030 -0.364438 0.305223 0.567271 1 49 1.000000
  49 1.799068 -3.866620 59.310165 0.155437 -0.921559 -0.355764 0.288216 0.566267 1 49 1.000000
  49 1.718894 -3.768627 59.094276 0.149208 -0.878211 -0.454403 0.283837 0.550890 1 49 1.000000
tex
  49 1.799068 -3.866620 59.310165 0.155437 -0.921559 -0.355764 0.288216 0.566267 1 49 1.000000
  49 1.559978 -3.898933 59.307713 0.106363 -0.928253 -0.356417 0.272940 0.566360 1 49 1.000000
  49 1.718894 -3.768627 59.094276 0.149208 -0.878211 -0.454403 0.283837 0.550890 1 49 1.000000
tex
  49 1.874400 -3.944936 59.653206 0.148454 -0.972030 -0.181987 0.292589 0.588540 1 49 1.000000
  49 1.559978 -3.898933 59.307713 0.106363 -0.928253 -0.356417 0.272940 0.566360 1 49 1.000000
  49 1.799068 -3.866620 59.310165 0.155437 -0.921559 -0.355764 0.288216 0.566267 1 49 1.000000
tex
  49 1.559978 -3.898933 59.307713 0.106363 -0.928253 -0.356417 0.272940 0.566360 1 49 1.000000
  49 1.874400 -3.944936 59.653206 0.148454 -0.972030 -0.181987 0.292589 0.588540 1 49 1.000000
  49 1.379011 -3.919803 59.325325 0.055886 -0.949729 -0.308044 0.261427 0.567617 1 49 1.000000
tex
  49 1.874400 -3.944936 59.653206 0.148454 -0.972030 -0.181987 0.292589 0.588540 1 49 1.000000
  49 1.265313 -3.934848 59.367161 0.028488 -0.961321 -0.273955 0.254201 0.570329 1 49 1.000000
  49 1.379011 -3.919803 59.325325 0.055886 -0.949729 -0.308044 0.261427 0.567617 1 49 1.000000
tex
  49 1.379011 -3.919803 59.325325 0.055886 -0.949729 -0.308044 0.261427 0.567617 1 49 1.000000
  49 1.265313 -3.934848 59.367161 0.028488 -0.961321 -0.273955 0.254201 0.570329 1 49 1.000000
  49 1.015356 -3.846046 59.112377 0.013292 -0.936177 -0.351277 0.238444 0.552987 1 49 1.000000
tex
  49 1.265313 -3.934848 59.367161 0.028488 -0.961321 -0.273955 0.254201 0.570329 1 49 1.000000
  49 0.856090 -3.865109 59.176998 -0.028527 -0.961346 -0.273860 0.228217 0.557225 1 49 1.000000
  49 1.015356 -3.846046 59.112377 0.013292 -0.936177 -0.351277 0.238444 0.552987 1 49 1.000000
tex
  49 1.307185 -3.819710 59.090000 0.076812 -0.903263 -0.422156 0.257212 0.551246 1 49 1.000000
  49 1.379011 -3.919803 59.325325 0.055886 -0.949729 -0.308044 0.261427 0.567617 1 49 1.000000
  49 1.015356 -3.846046 59.112377 0.013292 -0.936177 -0.351277 0.238444 0.552987 1 49 1.000000
tex
  49 1.559978 -3.898933 59.307713 0.106363 -0.928253 -0.356417 0.272940 0.566360 1 49 1.000000
  49 1.379011 -3.919803 59.325325 0.055886 -0.949729 -0.308044 0.261427 0.567617 1 49 1.000000
  49 1.307185 -3.819710 59.090000 0.076812 -0.903263 -0.422156 0.257212 0.551246 1 49 1.000000
tex
  49 1.559978 -3.898933 59.307713 0.106363 -0.928253 -0.356417 0.272940 0.566360 1 49 1.000000
  49 1.307185 -3.819710 59.090000 0.076812 -0.903263 -0.422156 0.257212 0.551246 1 49 1.000000
  49 1.718894 -3.768627 59.094276 0.149208 -0.878211 -0.454403 0.283837 0.550890 1 49 1.000000
tex
  49 1.408743 -4.026749 60.284542 -0.149593 -0.155518 0.976440 0.101417 0.438730 1 49 1.000000
  49 1.113025 -3.985106 60.212799 -0.193201 0.693304 0.694264 0.100134 0.438691 1 49 1.000000
  49 1.104103 -4.039490 60.216415 -0.356037 -0.177470 0.917465 0.100107 0.438755 1 49 1.000000
tex
  49 1.409698 -3.972226 60.277748 -0.146049 0.704812 0.694197 0.101447 0.438661 1 49 1.000000
  49 1.113025 -3.985106 60.212799 -0.193201 0.693304 0.694264 0.100134 0.438691 1 49 1.000000
  49 1.408743 -4.026749 60.284542 -0.149593 -0.155518 0.976440 0.101417 0.438730 1 49 1.000000
tex
  49 1.409698 -3.972226 60.277748 -0.146049 0.704812 0.694197 0.101447 0.438661 1 49 1.000000
  49 1.408743 -4.026749 60.284542 -0.149593 -0.155518 0.976440 0.101417 0.438730 1 49 1.000000
  49 1.802956 -3.959753 60.306835 -0.018266 -0.123663 0.992156 0.103761 0.438683 1 49 1.000000
tex
  49 1.793492 -3.906813 60.298569 -0.193517 0.858436 0.475014 0.103767 0.438606 1 49 1.000000
  49 1.409698 -3.972226 60.277748 -0.146049 0.704812 0.694197 0.101447 0.438661 1 49 1.000000
  49 1.802956 -3.959753 60.306835 -0.018266 -0.123663 0.992156 0.103761 0.438683 1 49 1.000000
tex
  49 2.324698 -3.780908 60.314518 -0.193806 0.732283 0.652840 0.108394 0.438503 1 49 1.000000
  49 1.793492 -3.906813 60.298569 -0.193517 0.858436 0.475014 0.103767 0.438606 1 49 1.000000
  49 1.802956 -3.959753 60.306835 -0.018266 -0.123663 0.992156 0.103761 0.438683 1 49 1.000000
tex
  49 1.793492 -3.906813 60.298569 -0.193517 0.858436 0.475014 0.103767 0.438606 1 49 1.000000
  49 2.324698 -3.780908 60.314518 -0.193806 0.732283 0.652840 0.108394 0.438503 1 49 1.000000
  49 2.290028 -3.785648 60.236805 -0.203833 0.818235 -0.537534 0.108113 0.438639 1 49 1.000000
tex
  49 2.290028 -3.785648 60.236805 -0.203833 0.818235 -0.537534 0.108113 0.438639 1 49 1.000000
  49 2.324698 -3.780908 60.314518 -0.193806 0.732283 0.652840 0.108394 0.438503 1 49 1.000000
  49 2.740486 -3.668535 60.224449 -0.339810 0.757789 -0.557031 0.111717 0.438525 1 49 1.000000
tex
  49 2.290028 -3.785648 60.236805 -0.203833 0.818235 -0.537534 0.108113 0.438639 1 49 1.000000
  49 2.740486 -3.668535 60.224449 -0.339810 0.757789 -0.557031 0.111717 0.438525 1 49 1.000000
  49 2.745680 -3.721918 60.205139 -0.129439 0.064719 -0.989473 0.111672 0.438549 1 49 1.000000
tex
  49 2.740486 -3.668535 60.224449 -0.339810 0.757789 -0.557031 0.111717 0.438525 1 49 1.000000
  49 2.957525 -3.652244 60.142155 -0.477017 -0.102954 -0.872843 0.112743 0.438525 1 49 1.000000
  49 2.745680 -3.721918 60.205139 -0.129439 0.064719 -0.989473 0.111672 0.438549 1 49 1.000000
tex
  49 2.745680 -3.721918 60.205139 -0.129439 0.064719 -0.989473 0.111672 0.438549 1 49 1.000000
  49 2.957525 -3.652244 60.142155 -0.477017 -0.102954 -0.872843 0.112743 0.438525 1 49 1.000000
  49 2.777227 -3.766192 60.211983 0.102555 -0.775269 -0.623250 0.111770 0.438534 1 49 1.000000
tex
  49 2.957525 -3.652244 60.142155 -0.477017 -0.102954 -0.872843 0.112743 0.438525 1 49 1.000000
  49 2.999110 -3.690701 60.144081 -0.017328 -0.902805 -0.429700 0.112810 0.438533 1 49 1.000000
  49 2.777227 -3.766192 60.211983 0.102555 -0.775269 -0.623250 0.111770 0.438534 1 49 1.000000
tex
  49 2.999110 -3.690701 60.144081 -0.017328 -0.902805 -0.429700 0.112810 0.438533 1 49 1.000000
  49 2.847556 -3.741827 60.281715 0.331125 -0.749934 0.572674 0.112133 0.438609 1 49 1.000000
  49 2.777227 -3.766192 60.211983 0.102555 -0.775269 -0.623250 0.111770 0.438534 1 49 1.000000
tex
  49 3.108156 -3.639760 60.191921 0.586115 -0.667527 0.459214 0.113024 0.438577 1 49 1.000000
  49 2.847556 -3.741827 60.281715 0.331125 -0.749934 0.572674 0.112133 0.438609 1 49 1.000000
  49 2.999110 -3.690701 60.144081 -0.017328 -0.902805 -0.429700 0.112810 0.438533 1 49 1.000000
tex
  49 2.847556 -3.741827 60.281715 0.331125 -0.749934 0.572674 0.112133 0.438609 1 49 1.000000
  49 3.108156 -3.639760 60.191921 0.586115 -0.667527 0.459214 0.113024 0.438577 1 49 1.000000
  49 2.842266 -3.688506 60.301014 0.240736 -0.017101 0.970440 0.112171 0.438521 1 49 1.000000
tex
  49 2.842266 -3.688506 60.301014 0.240736 -0.017101 0.970440 0.112171 0.438521 1 49 1.000000
  49 3.108156 -3.639760 60.191921 0.586115 -0.667527 0.459214 0.113024 0.438577 1 49 1.000000
  49 3.104873 -3.584060 60.208179 0.524930 0.148900 0.838020 0.113057 0.438504 1 49 1.000000
tex
  49 3.063288 -3.545434 60.205845 -0.100185 0.809144 0.579006 0.113013 0.438427 1 49 1.000000
  49 2.842266 -3.688506 60.301014 0.240736 -0.017101 0.970440 0.112171 0.438521 1 49 1.000000
  49 3.104873 -3.584060 60.208179 0.524930 0.148900 0.838020 0.113057 0.438504 1 49 1.000000
tex
  49 3.165928 -3.470672 60.087391 -0.225856 0.821853 0.523017 0.113303 0.438463 1 49 1.000000
  49 3.063288 -3.545434 60.205845 -0.100185 0.809144 0.579006 0.113013 0.438427 1 49 1.000000
  49 3.104873 -3.584060 60.208179 0.524930 0.148900 0.838020 0.113057 0.438504 1 49 1.000000
tex
  49 3.063288 -3.545434 60.205845 -0.100185 0.809144 0.579006 0.113013 0.438427 1 49 1.000000
  49 3.165928 -3.470672 60.087391 -0.225856 0.821853 0.523017 0.113303 0.438463 1 49 1.000000
  49 3.008893 -3.558439 60.062138 -0.841603 0.536979 -0.057942 0.113024 0.438515 1 49 1.000000
tex
  49 3.165928 -3.470672 60.087391 -0.225856 0.821853 0.523017 0.113303 0.438463 1 49 1.000000
  49 3.019313 -3.535888 59.964714 -0.772278 0.627485 0.099244 0.113105 0.438506 1 49 1.000000
  49 3.008893 -3.558439 60.062138 -0.841603 0.536979 -0.057942 0.113024 0.438515 1 49 1.000000
tex
  49 3.165928 -3.470672 60.087391 -0.225856 0.821853 0.523017 0.113303 0.438463 1 49 1.000000
  49 3.172652 -3.430232 59.985767 -0.496760 0.856018 0.143049 0.113393 0.438499 1 49 1.000000
  49 3.019313 -3.535888 59.964714 -0.772278 0.627485 0.099244 0.113105 0.438506 1 49 1.000000
tex
  49 3.172652 -3.430232 59.985767 -0.496760 0.856018 0.143049 0.113393 0.438499 1 49 1.000000
  49 3.177145 -3.429063 59.885372 -0.197639 0.959116 -0.202571 0.113324 0.438523 1 49 1.000000
  49 3.019313 -3.535888 59.964714 -0.772278 0.627485 0.099244 0.113105 0.438506 1 49 1.000000
tex
  49 -1.307166 -3.819711 59.090004 -0.076809 -0.903261 -0.422160 0.331114 0.481073 1 49 1.000000
  49 -1.559958 -3.898936 59.307716 -0.106343 -0.928254 -0.356419 0.313718 0.494233 1 49 1.000000
  49 -1.718874 -3.768629 59.094280 -0.149210 -0.878210 -0.454404 0.304715 0.477590 1 49 1.000000
tex
  49 -1.378991 -3.919806 59.325329 -0.055839 -0.949718 -0.308086 0.325004 0.496835 1 49 1.000000
  49 -1.559958 -3.898936 59.307716 -0.106343 -0.928254 -0.356419 0.313718 0.494233 1 49 1.000000
  49 -1.307166 -3.819711 59.090004 -0.076809 -0.903261 -0.422160 0.331114 0.481073 1 49 1.000000
tex
  49 -1.378991 -3.919806 59.325329 -0.055839 -0.949718 -0.308086 0.325004 0.496835 1 49 1.000000
  49 -1.307166 -3.819711 59.090004 -0.076809 -0.903261 -0.422160 0.331114 0.481073 1 49 1.000000
  49 -1.015337 -3.846048 59.112381 0.013292 -0.936177 -0.351277 0.349548 0.485007 1 49 1.000000
tex
  49 -1.265293 -3.934851 59.367165 -0.028527 -0.961346 -0.273860 0.331861 0.500378 1 49 1.000000
  49 -1.378991 -3.919806 59.325329 -0.055839 -0.949718 -0.308086 0.325004 0.496835 1 49 1.000000
  49 -1.015337 -3.846048 59.112381 0.013292 -0.936177 -0.351277 0.349548 0.485007 1 49 1.000000
tex
  49 -0.856070 -3.865111 59.177002 0.028488 -0.961321 -0.273955 0.359205 0.490418 1 49 1.000000
  49 -1.265293 -3.934851 59.367165 -0.028527 -0.961346 -0.273860 0.331861 0.500378 1 49 1.000000
  49 -1.015337 -3.846048 59.112381 0.013292 -0.936177 -0.351277 0.349548 0.485007 1 49 1.000000
tex
  49 -1.197005 -3.949090 59.434715 -0.000010 -0.984653 -0.174526 0.335707 0.505220 1 49 1.000000
  49 -1.265293 -3.934851 59.367165 -0.028527 -0.961346 -0.273860 0.331861 0.500378 1 49 1.000000
  49 -0.856070 -3.865111 59.177002 0.028488 -0.961321 -0.273955 0.359205 0.490418 1 49 1.000000
tex
  49 -0.770128 -3.886294 59.290890 0.071048 -0.973448 -0.217605 0.363889 0.498405 1 49 1.000000
  49 -1.197005 -3.949090 59.434715 -0.000010 -0.984653 -0.174526 0.335707 0.505220 1 49 1.000000
  49 -0.856070 -3.865111 59.177002 0.028488 -0.961321 -0.273955 0.359205 0.490418 1 49 1.000000
tex
  49 -1.150289 -3.965189 59.522888 -0.000010 -0.984653 -0.174526 0.338024 0.511191 1 49 1.000000
  49 -1.197005 -3.949090 59.434715 -0.000010 -0.984653 -0.174526 0.335707 0.505220 1 49 1.000000
  49 -0.770128 -3.886294 59.290890 0.071048 -0.973448 -0.217605 0.363889 0.498405 1 49 1.000000
tex
  49 -0.696740 -3.914310 59.449963 0.071048 -0.973448 -0.217605 0.367434 0.509221 1 49 1.000000
  49 -1.150289 -3.965189 59.522888 -0.000010 -0.984653 -0.174526 0.338024 0.511191 1 49 1.000000
  49 -0.770128 -3.886294 59.290890 0.071048 -0.973448 -0.217605 0.363889 0.498405 1 49 1.000000
tex
  49 -1.124382 -3.981615 59.616226 -0.000010 -0.984653 -0.174526 0.338989 0.517349 1 49 1.000000
  49 -1.150289 -3.965189 59.522888 -0.000010 -0.984653 -0.174526 0.338024 0.511191 1 49 1.000000
  49 -0.696740 -3.914310 59.449963 0.071048 -0.973448 -0.217605 0.367434 0.509221 1 49 1.000000
tex
  49 -0.641198 -3.943213 59.614063 0.076178 -0.980705 -0.180039 0.369800 0.520241 1 49 1.000000
  49 -1.124382 -3.981615 59.616226 -0.000010 -0.984653 -0.174526 0.338989 0.517349 1 49 1.000000
  49 -0.696740 -3.914310 59.449963 0.071048 -0.973448 -0.217605 0.367434 0.509221 1 49 1.000000
tex
  49 -1.131361 -3.996338 59.701550 -0.000010 -0.984653 -0.174526 0.337951 0.522781 1 49 1.000000
  49 -1.124382 -3.981615 59.616226 -0.000010 -0.984653 -0.174526 0.338989 0.517349 1 49 1.000000
  49 -0.641198 -3.943213 59.614063 0.076178 -0.980705 -0.180039 0.369800 0.520241 1 49 1.000000
tex
  49 -0.631224 -3.966739 59.748222 0.076178 -0.980705 -0.180039 0.369454 0.528975 1 49 1.000000
  49 -1.131361 -3.996338 59.701550 -0.000010 -0.984653 -0.174526 0.337951 0.522781 1 49 1.000000
  49 -0.641198 -3.943213 59.614063 0.076178 -0.980705 -0.180039 0.369800 0.520241 1 49 1.000000
tex
  49 -0.718314 -3.988261 59.874489 0.064809 -0.992847 -0.100268 0.363009 0.536512 1 49 1.000000
  49 -1.131361 -3.996338 59.701550 -0.000010 -0.984653 -0.174526 0.337951 0.522781 1 49 1.000000
  49 -0.631224 -3.966739 59.748222 0.076178 -0.980705 -0.180039 0.369454 0.528975 1 49 1.000000
tex
  49 -1.189994 -4.009398 59.781685 0.025357 -0.993805 -0.108205 0.333667 0.527492 1 49 1.000000
  49 -1.131361 -3.996338 59.701550 -0.000010 -0.984653 -0.174526 0.337951 0.522781 1 49 1.000000
  49 -0.718314 -3.988261 59.874489 0.064809 -0.992847 -0.100268 0.363009 0.536512 1 49 1.000000
tex
  49 -0.933473 -4.010206 60.014355 0.046991 -0.997739 -0.048044 0.348313 0.544020 1 49 1.000000
  49 -1.189994 -4.009398 59.781685 0.025357 -0.993805 -0.108205 0.333667 0.527492 1 49 1.000000
  49 -0.718314 -3.988261 59.874489 0.064809 -0.992847 -0.100268 0.363009 0.536512 1 49 1.000000
tex
  49 -1.308663 -4.019998 59.859776 -0.025311 -0.993812 -0.108149 0.325598 0.531609 1 49 1.000000
  49 -1.189994 -4.009398 59.781685 0.025357 -0.993805 -0.108205 0.333667 0.527492 1 49 1.000000
  49 -0.933473 -4.010206 60.014355 0.046991 -0.997739 -0.048044 0.348313 0.544020 1 49 1.000000
tex
  49 -1.202135 -4.021831 60.129284 -0.000536 -0.999964 0.008438 0.330328 0.549472 1 49 1.000000
  49 -1.308663 -4.019998 59.859776 -0.025311 -0.993812 -0.108149 0.325598 0.531609 1 49 1.000000
  49 -0.933473 -4.010206 60.014355 0.046991 -0.997739 -0.048044 0.348313 0.544020 1 49 1.000000
tex
  49 -1.131361 -3.996338 59.701550 -0.000010 -0.984653 -0.174526 0.337951 0.522781 1 49 1.000000
  49 -1.874380 -3.944940 59.653210 -0.148503 -0.971994 -0.182139 0.291598 0.513950 1 49 1.000000
  49 -1.124382 -3.981615 59.616226 -0.000010 -0.984653 -0.174526 0.338989 0.517349 1 49 1.000000
tex
  49 -1.189994 -4.009398 59.781685 0.025357 -0.993805 -0.108205 0.333667 0.527492 1 49 1.000000
  49 -1.874380 -3.944940 59.653210 -0.148503 -0.971994 -0.182139 0.291598 0.513950 1 49 1.000000
  49 -1.131361 -3.996338 59.701550 -0.000010 -0.984653 -0.174526 0.337951 0.522781 1 49 1.000000
tex
  49 -1.308663 -4.019998 59.859776 -0.025311 -0.993812 -0.108149 0.325598 0.531609 1 49 1.000000
  49 -1.874380 -3.944940 59.653210 -0.148503 -0.971994 -0.182139 0.291598 0.513950 1 49 1.000000
  49 -1.189994 -4.009398 59.781685 0.025357 -0.993805 -0.108205 0.333667 0.527492 1 49 1.000000
tex
  49 -1.466432 -4.022261 59.923447 -0.047050 -0.997736 -0.048047 0.315191 0.534432 1 49 1.000000
  49 -1.874380 -3.944940 59.653210 -0.148503 -0.971994 -0.182139 0.291598 0.513950 1 49 1.000000
  49 -1.308663 -4.019998 59.859776 -0.025311 -0.993812 -0.108149 0.325598 0.531609 1 49 1.000000
tex
  49 -1.647239 -4.008334 59.961533 -0.130364 -0.991091 0.027257 0.303515 0.535322 1 49 1.000000
  49 -1.874380 -3.944940 59.653210 -0.148503 -0.971994 -0.182139 0.291598 0.513950 1 49 1.000000
  49 -1.466432 -4.022261 59.923447 -0.047050 -0.997736 -0.048047 0.315191 0.534432 1 49 1.000000
tex
  49 -1.868836 -3.971726 59.979820 -0.186711 -0.981651 0.038721 0.289284 0.534479 1 49 1.000000
  49 -1.874380 -3.944940 59.653210 -0.148503 -0.971994 -0.182139 0.291598 0.513950 1 49 1.000000
  49 -1.647239 -4.008334 59.961533 -0.130364 -0.991091 0.027257 0.303515 0.535322 1 49 1.000000
tex
  49 -1.874380 -3.944940 59.653210 -0.148503 -0.971994 -0.182139 0.291598 0.513950 1 49 1.000000
  49 -2.512529 -3.809882 59.940418 -0.305509 -0.950522 -0.056323 0.248102 0.525668 1 49 1.000000
  49 -2.572788 -3.783293 59.889446 -0.341778 -0.924992 -0.166066 0.244524 0.521771 1 49 1.000000
tex
  49 -2.590409 -3.767346 59.829834 -0.341778 -0.924992 -0.166066 0.243787 0.517765 1 49 1.000000
  49 -1.874380 -3.944940 59.653210 -0.148503 -0.971994 -0.182139 0.291598 0.513950 1 49 1.000000
  49 -2.572788 -3.783293 59.889446 -0.341778 -0.924992 -0.166066 0.244524 0.521771 1 49 1.000000
tex
  49 -2.586426 -3.757345 59.760090 -0.341778 -0.924992 -0.166066 0.244550 0.513346 1 49 1.000000
  49 -1.874380 -3.944940 59.653210 -0.148503 -0.971994 -0.182139 0.291598 0.513950 1 49 1.000000
  49 -2.590409 -3.767346 59.829834 -0.341778 -0.924992 -0.166066 0.243787 0.517765 1 49 1.000000
tex
  49 -2.567785 -3.750959 59.675797 -0.341778 -0.924992 -0.166066 0.246425 0.508174 1 49 1.000000
  49 -1.874380 -3.944940 59.653210 -0.148503 -0.971994 -0.182139 0.291598 0.513950 1 49 1.000000
  49 -2.586426 -3.757345 59.760090 -0.341778 -0.924992 -0.166066 0.244550 0.513346 1 49 1.000000
tex
  49 -1.874380 -3.944940 59.653210 -0.148503 -0.971994 -0.182139 0.291598 0.513950 1 49 1.000000
  49 -2.567785 -3.750959 59.675797 -0.341778 -0.924992 -0.166066 0.246425 0.508174 1 49 1.000000
  49 -2.526710 -3.749830 59.577271 -0.341778 -0.924992 -0.166066 0.249885 0.502346 1 49 1.000000
tex
  49 -2.445323 -3.758118 59.472878 -0.312652 -0.922914 -0.224672 0.255986 0.496556 1 49 1.000000
  49 -1.874380 -3.944940 59.653210 -0.148503 -0.971994 -0.182139 0.291598 0.513950 1 49 1.000000
  49 -2.526710 -3.749830 59.577271 -0.341778 -0.924992 -0.166066 0.249885 0.502346 1 49 1.000000
tex
  49 -2.294693 -3.782127 59.385166 -0.259211 -0.915453 -0.307823 0.266373 0.492482 1 49 1.000000
  49 -1.874380 -3.944940 59.653210 -0.148503 -0.971994 -0.182139 0.291598 0.513950 1 49 1.000000
  49 -2.445323 -3.758118 59.472878 -0.312652 -0.922914 -0.224672 0.255986 0.496556 1 49 1.000000
tex
  49 -2.063728 -3.822922 59.332642 -0.202104 -0.909032 -0.364436 0.281552 0.491344 1 49 1.000000
  49 -1.874380 -3.944940 59.653210 -0.148503 -0.971994 -0.182139 0.291598 0.513950 1 49 1.000000
  49 -2.294693 -3.782127 59.385166 -0.259211 -0.915453 -0.307823 0.266373 0.492482 1 49 1.000000
tex
  49 -1.799049 -3.866622 59.310169 -0.155401 -0.921578 -0.355731 0.298560 0.492345 1 49 1.000000
  49 -1.874380 -3.944940 59.653210 -0.148503 -0.971994 -0.182139 0.291598 0.513950 1 49 1.000000
  49 -2.063728 -3.822922 59.332642 -0.202104 -0.909032 -0.364436 0.281552 0.491344 1 49 1.000000
tex
  49 -1.466432 -4.022261 59.923447 -0.047050 -0.997736 -0.048047 0.315191 0.534432 1 49 1.000000
  49 -1.308663 -4.019998 59.859776 -0.025311 -0.993812 -0.108149 0.325598 0.531609 1 49 1.000000
  49 -1.202135 -4.021831 60.129284 -0.000536 -0.999964 0.008438 0.330328 0.549472 1 49 1.000000
tex
  49 -1.461875 -4.007822 60.182137 -0.089827 -0.992418 0.083888 0.313313 0.550847 1 49 1.000000
  49 -1.466432 -4.022261 59.923447 -0.047050 -0.997736 -0.048047 0.315191 0.534432 1 49 1.000000
  49 -1.202135 -4.021831 60.129284 -0.000536 -0.999964 0.008438 0.330328 0.549472 1 49 1.000000
tex
  49 -1.647239 -4.008334 59.961533 -0.130364 -0.991091 0.027257 0.303515 0.535322 1 49 1.000000
  49 -1.466432 -4.022261 59.923447 -0.047050 -0.997736 -0.048047 0.315191 0.534432 1 49 1.000000
  49 -1.461875 -4.007822 60.182137 -0.089827 -0.992418 0.083888 0.313313 0.550847 1 49 1.000000
tex
  49 -1.805040 -3.948446 60.200859 -0.183052 -0.970967 0.153994 0.290939 0.549143 1 49 1.000000
  49 -1.647239 -4.008334 59.961533 -0.130364 -0.991091 0.027257 0.303515 0.535322 1 49 1.000000
  49 -1.461875 -4.007822 60.182137 -0.089827 -0.992418 0.083888 0.313313 0.550847 1 49 1.000000
tex
  49 -1.868836 -3.971726 59.979820 -0.186711 -0.981651 0.038721 0.289284 0.534479 1 49 1.000000
  49 -1.647239 -4.008334 59.961533 -0.130364 -0.991091 0.027257 0.303515 0.535322 1 49 1.000000
  49 -1.805040 -3.948446 60.200859 -0.183052 -0.970967 0.153994 0.290939 0.549143 1 49 1.000000
tex
  49 -2.133292 -3.913722 59.985943 -0.226862 -0.972048 0.060464 0.272265 0.532362 1 49 1.000000
  49 -1.868836 -3.971726 59.979820 -0.186711 -0.981651 0.038721 0.289284 0.534479 1 49 1.000000
  49 -1.805040 -3.948446 60.200859 -0.183052 -0.970967 0.153994 0.290939 0.549143 1 49 1.000000
tex
  49 -2.133292 -3.913722 59.985943 -0.226862 -0.972048 0.060464 0.272265 0.532362 1 49 1.000000
  49 -1.874380 -3.944940 59.653210 -0.148503 -0.971994 -0.182139 0.291598 0.513950 1 49 1.000000
  49 -1.868836 -3.971726 59.979820 -0.186711 -0.981651 0.038721 0.289284 0.534479 1 49 1.000000
tex
  49 -1.874380 -3.944940 59.653210 -0.148503 -0.971994 -0.182139 0.291598 0.513950 1 49 1.000000
  49 -2.133292 -3.913722 59.985943 -0.226862 -0.972048 0.060464 0.272265 0.532362 1 49 1.000000
  49 -2.370502 -3.853504 59.974758 -0.262866 -0.964611 0.020646 0.257057 0.529317 1 49 1.000000
tex
  49 -2.512529 -3.809882 59.940418 -0.305509 -0.950522 -0.056323 0.248102 0.525668 1 49 1.000000
  49 -1.874380 -3.944940 59.653210 -0.148503 -0.971994 -0.182139 0.291598 0.513950 1 49 1.000000
  49 -2.370502 -3.853504 59.974758 -0.262866 -0.964611 0.020646 0.257057 0.529317 1 49 1.000000
tex
  49 -2.512529 -3.809882 59.940418 -0.305509 -0.950522 -0.056323 0.248102 0.525668 1 49 1.000000
  49 -2.370502 -3.853504 59.974758 -0.262866 -0.964611 0.020646 0.257057 0.529317 1 49 1.000000
  49 -2.745661 -3.721921 60.205143 -0.291544 -0.953672 0.074235 0.229759 0.539711 1 49 1.000000
tex
  49 -2.957506 -3.652249 60.142159 -0.358328 -0.932122 -0.052429 0.216335 0.533358 1 49 1.000000
  49 -2.512529 -3.809882 59.940418 -0.305509 -0.950522 -0.056323 0.248102 0.525668 1 49 1.000000
  49 -2.745661 -3.721921 60.205143 -0.291544 -0.953672 0.074235 0.229759 0.539711 1 49 1.000000
tex
  49 -2.572788 -3.783293 59.889446 -0.341778 -0.924992 -0.166066 0.244524 0.521771 1 49 1.000000
  49 -2.512529 -3.809882 59.940418 -0.305509 -0.950522 -0.056323 0.248102 0.525668 1 49 1.000000
  49 -2.957506 -3.652249 60.142159 -0.358328 -0.932122 -0.052429 0.216335 0.533358 1 49 1.000000
tex
  49 -2.572788 -3.783293 59.889446 -0.341778 -0.924992 -0.166066 0.244524 0.521771 1 49 1.000000
  49 -2.957506 -3.652249 60.142159 -0.358328 -0.932122 -0.052429 0.216335 0.533358 1 49 1.000000
  49 -3.008651 -3.617413 60.049744 -0.399392 -0.901028 -0.169219 0.213508 0.526828 1 49 1.000000
tex
  49 -3.017987 -3.595932 59.953613 -0.399392 -0.901028 -0.169219 0.213508 0.520494 1 49 1.000000
  49 -2.572788 -3.783293 59.889446 -0.341778 -0.924992 -0.166066 0.244524 0.521771 1 49 1.000000
  49 -3.008651 -3.617413 60.049744 -0.399392 -0.901028 -0.169219 0.213508 0.526828 1 49 1.000000
tex
  49 -2.590409 -3.767346 59.829834 -0.341778 -0.924992 -0.166066 0.243787 0.517765 1 49 1.000000
  49 -2.572788 -3.783293 59.889446 -0.341778 -0.924992 -0.166066 0.244524 0.521771 1 49 1.000000
  49 -3.017987 -3.595932 59.953613 -0.399392 -0.901028 -0.169219 0.213508 0.520494 1 49 1.000000
tex
  49 -3.010340 -3.580731 59.845566 -0.399392 -0.901028 -0.169219 0.214780 0.513619 1 49 1.000000
  49 -2.590409 -3.767346 59.829834 -0.341778 -0.924992 -0.166066 0.243787 0.517765 1 49 1.000000
  49 -3.017987 -3.595932 59.953613 -0.399392 -0.901028 -0.169219 0.213508 0.520494 1 49 1.000000
tex
  49 -2.586426 -3.757345 59.760090 -0.341778 -0.924992 -0.166066 0.244550 0.513346 1 49 1.000000
  49 -2.590409 -3.767346 59.829834 -0.341778 -0.924992 -0.166066 0.243787 0.517765 1 49 1.000000
  49 -3.010340 -3.580731 59.845566 -0.399392 -0.901028 -0.169219 0.214780 0.513619 1 49 1.000000
tex
  49 -2.985261 -3.569385 59.711113 -0.399392 -0.901028 -0.169219 0.217466 0.505252 1 49 1.000000
  49 -2.586426 -3.757345 59.760090 -0.341778 -0.924992 -0.166066 0.244550 0.513346 1 49 1.000000
  49 -3.010340 -3.580731 59.845566 -0.399392 -0.901028 -0.169219 0.214780 0.513619 1 49 1.000000
tex
  49 -2.370502 -3.853504 59.974758 -0.262866 -0.964611 0.020646 0.257057 0.529317 1 49 1.000000
  49 -2.297560 -3.836796 60.216362 -0.237486 -0.959604 0.150868 0.258812 0.545340 1 49 1.000000
  49 -2.745661 -3.721921 60.205143 -0.291544 -0.953672 0.074235 0.229759 0.539711 1 49 1.000000
tex
  49 -2.370502 -3.853504 59.974758 -0.262866 -0.964611 0.020646 0.257057 0.529317 1 49 1.000000
  49 -2.133292 -3.913722 59.985943 -0.226862 -0.972048 0.060464 0.272265 0.532362 1 49 1.000000
  49 -2.297560 -3.836796 60.216362 -0.237486 -0.959604 0.150868 0.258812 0.545340 1 49 1.000000
tex
  49 -2.297560 -3.836796 60.216362 -0.237486 -0.959604 0.150868 0.258812 0.545340 1 49 1.000000
  49 -2.133292 -3.913722 59.985943 -0.226862 -0.972048 0.060464 0.272265 0.532362 1 49 1.000000
  49 -1.805040 -3.948446 60.200859 -0.183052 -0.970967 0.153994 0.290939 0.549143 1 49 1.000000
tex
  49 -2.567785 -3.750959 59.675797 -0.341778 -0.924992 -0.166066 0.246425 0.508174 1 49 1.000000
  49 -2.586426 -3.757345 59.760090 -0.341778 -0.924992 -0.166066 0.244550 0.513346 1 49 1.000000
  49 -2.985261 -3.569385 59.711113 -0.399392 -0.901028 -0.169219 0.217466 0.505252 1 49 1.000000
tex
  49 -2.567785 -3.750959 59.675797 -0.341778 -0.924992 -0.166066 0.246425 0.508174 1 49 1.000000
  49 -2.985261 -3.569385 59.711113 -0.399392 -0.901028 -0.169219 0.217466 0.505252 1 49 1.000000
  49 -2.935519 -3.563446 59.544586 -0.399392 -0.901028 -0.169219 0.222100 0.495116 1 49 1.000000
tex
  49 -2.526710 -3.749830 59.577271 -0.341778 -0.924992 -0.166066 0.249885 0.502346 1 49 1.000000
  49 -2.567785 -3.750959 59.675797 -0.341778 -0.924992 -0.166066 0.246425 0.508174 1 49 1.000000
  49 -2.935519 -3.563446 59.544586 -0.399392 -0.901028 -0.169219 0.222100 0.495116 1 49 1.000000
tex
  49 -2.837626 -3.568988 59.354340 -0.370650 -0.900417 -0.227745 0.230127 0.483972 1 49 1.000000
  49 -2.526710 -3.749830 59.577271 -0.341778 -0.924992 -0.166066 0.249885 0.502346 1 49 1.000000
  49 -2.935519 -3.563446 59.544586 -0.399392 -0.901028 -0.169219 0.222100 0.495116 1 49 1.000000
tex
  49 -2.445323 -3.758118 59.472878 -0.312652 -0.922914 -0.224672 0.255986 0.496556 1 49 1.000000
  49 -2.526710 -3.749830 59.577271 -0.341778 -0.924992 -0.166066 0.249885 0.502346 1 49 1.000000
  49 -2.837626 -3.568988 59.354340 -0.370650 -0.900417 -0.227745 0.230127 0.483972 1 49 1.000000
tex
  49 -2.609943 -3.605710 59.195946 -0.304297 -0.892088 -0.334039 0.246255 0.476051 1 49 1.000000
  49 -2.445323 -3.758118 59.472878 -0.312652 -0.922914 -0.224672 0.255986 0.496556 1 49 1.000000
  49 -2.837626 -3.568988 59.354340 -0.370650 -0.900417 -0.227745 0.230127 0.483972 1 49 1.000000
tex
  49 -2.294693 -3.782127 59.385166 -0.259211 -0.915453 -0.307823 0.266373 0.492482 1 49 1.000000
  49 -2.445323 -3.758118 59.472878 -0.312652 -0.922914 -0.224672 0.255986 0.496556 1 49 1.000000
  49 -2.609943 -3.605710 59.195946 -0.304297 -0.892088 -0.334039 0.246255 0.476051 1 49 1.000000
tex
  49 -2.198618 -3.684648 59.118069 -0.223306 -0.877556 -0.424298 0.273562 0.474737 1 49 1.000000
  49 -2.294693 -3.782127 59.385166 -0.259211 -0.915453 -0.307823 0.266373 0.492482 1 49 1.000000
  49 -2.609943 -3.605710 59.195946 -0.304297 -0.892088 -0.334039 0.246255 0.476051 1 49 1.000000
tex
  49 -2.063728 -3.822922 59.332642 -0.202104 -0.909032 -0.364436 0.281552 0.491344 1 49 1.000000
  49 -2.294693 -3.782127 59.385166 -0.259211 -0.915453 -0.307823 0.266373 0.492482 1 49 1.000000
  49 -2.198618 -3.684648 59.118069 -0.223306 -0.877556 -0.424298 0.273562 0.474737 1 49 1.000000
tex
  49 -1.718874 -3.768629 59.094280 -0.149210 -0.878210 -0.454404 0.304715 0.477590 1 49 1.000000
  49 -2.063728 -3.822922 59.332642 -0.202104 -0.909032 -0.364436 0.281552 0.491344 1 49 1.000000
  49 -2.198618 -3.684648 59.118069 -0.223306 -0.877556 -0.424298 0.273562 0.474737 1 49 1.000000
tex
  49 -1.799049 -3.866622 59.310169 -0.155401 -0.921578 -0.355731 0.298560 0.492345 1 49 1.000000
  49 -2.063728 -3.822922 59.332642 -0.202104 -0.909032 -0.364436 0.281552 0.491344 1 49 1.000000
  49 -1.718874 -3.768629 59.094280 -0.149210 -0.878210 -0.454404 0.304715 0.477590 1 49 1.000000
tex
  49 -1.559958 -3.898936 59.307716 -0.106343 -0.928254 -0.356419 0.313718 0.494233 1 49 1.000000
  49 -1.799049 -3.866622 59.310169 -0.155401 -0.921578 -0.355731 0.298560 0.492345 1 49 1.000000
  49 -1.718874 -3.768629 59.094280 -0.149210 -0.878210 -0.454404 0.304715 0.477590 1 49 1.000000
tex
  49 -1.559958 -3.898936 59.307716 -0.106343 -0.928254 -0.356419 0.313718 0.494233 1 49 1.000000
  49 -1.874380 -3.944940 59.653210 -0.148503 -0.971994 -0.182139 0.291598 0.513950 1 49 1.000000
  49 -1.799049 -3.866622 59.310169 -0.155401 -0.921578 -0.355731 0.298560 0.492345 1 49 1.000000
tex
  49 -1.874380 -3.944940 59.653210 -0.148503 -0.971994 -0.182139 0.291598 0.513950 1 49 1.000000
  49 -1.559958 -3.898936 59.307716 -0.106343 -0.928254 -0.356419 0.313718 0.494233 1 49 1.000000
  49 -1.378991 -3.919806 59.325329 -0.055839 -0.949718 -0.308086 0.325004 0.496835 1 49 1.000000
tex
  49 -1.265293 -3.934851 59.367165 -0.028527 -0.961346 -0.273860 0.331861 0.500378 1 49 1.000000
  49 -1.874380 -3.944940 59.653210 -0.148503 -0.971994 -0.182139 0.291598 0.513950 1 49 1.000000
  49 -1.378991 -3.919806 59.325329 -0.055839 -0.949718 -0.308086 0.325004 0.496835 1 49 1.000000
tex
  49 -1.197005 -3.949090 59.434715 -0.000010 -0.984653 -0.174526 0.335707 0.505220 1 49 1.000000
  49 -1.874380 -3.944940 59.653210 -0.148503 -0.971994 -0.182139 0.291598 0.513950 1 49 1.000000
  49 -1.265293 -3.934851 59.367165 -0.028527 -0.961346 -0.273860 0.331861 0.500378 1 49 1.000000
tex
  49 -1.150289 -3.965189 59.522888 -0.000010 -0.984653 -0.174526 0.338024 0.511191 1 49 1.000000
  49 -1.874380 -3.944940 59.653210 -0.148503 -0.971994 -0.182139 0.291598 0.513950 1 49 1.000000
  49 -1.197005 -3.949090 59.434715 -0.000010 -0.984653 -0.174526 0.335707 0.505220 1 49 1.000000
tex
  49 -1.124382 -3.981615 59.616226 -0.000010 -0.984653 -0.174526 0.338989 0.517349 1 49 1.000000
  49 -1.874380 -3.944940 59.653210 -0.148503 -0.971994 -0.182139 0.291598 0.513950 1 49 1.000000
  49 -1.150289 -3.965189 59.522888 -0.000010 -0.984653 -0.174526 0.338024 0.511191 1 49 1.000000
end
