// Created by Crowbar 0.74
version 1
nodes
  0 "ValveBiped.Bip01_Pelvis" -1
  1 "ValveBiped.Bip01_Spine" 0
  2 "ValveBiped.Bip01_Spine1" 1
  3 "ValveBiped.Bip01_Spine2" 2
  4 "ValveBiped.Bip01_Spine4" 3
  5 "BreastUpper2_L" 4
  6 "BreastUpper2_R" 4
  7 "BeAA1" 4
  8 "BeAA2_L" 4
  9 "BeAA3_L" 4
  10 "BeAA2_R" 4
  11 "BeAA3_R" 4
  12 "ValveBiped.Bip01_R_Clavicle" 4
  13 "ValveBiped.Bip01_R_UpperArm" 12
  14 "ValveBiped.Bip01_R_Forearm" 13
  15 "ValveBiped.Bip01_R_Hand" 14
  16 "ValveBiped.Bip01_R_Finger0" 15
  17 "ValveBiped.Bip01_R_Finger01" 16
  18 "ValveBiped.Bip01_R_Finger1" 15
  19 "ValveBiped.Bip01_R_Finger11" 18
  20 "ValveBiped.Bip01_R_Finger12" 19
  21 "ValveBiped.Bip01_R_Finger2" 15
  22 "ValveBiped.Bip01_R_Finger21" 21
  23 "ValveBiped.Bip01_R_Finger22" 22
  24 "ValveBiped.Bip01_R_Finger3" 15
  25 "ValveBiped.Bip01_R_Finger31" 24
  26 "ValveBiped.Bip01_R_Finger32" 25
  27 "ValveBiped.Bip01_R_Finger4" 15
  28 "ValveBiped.Bip01_R_Finger41" 27
  29 "ValveBiped.Bip01_R_Finger42" 28
  30 "ValveBiped.Bip01_L_Clavicle" 4
  31 "ValveBiped.Bip01_L_UpperArm" 30
  32 "ValveBiped.Bip01_L_Forearm" 31
  33 "ValveBiped.Bip01_L_Hand" 32
  34 "ValveBiped.Bip01_L_Finger0" 33
  35 "ValveBiped.Bip01_L_Finger01" 34
  36 "ValveBiped.Bip01_L_Finger1" 33
  37 "ValveBiped.Bip01_L_Finger11" 36
  38 "ValveBiped.Bip01_L_Finger12" 37
  39 "ValveBiped.Bip01_L_Finger2" 33
  40 "ValveBiped.Bip01_L_Finger21" 39
  41 "ValveBiped.Bip01_L_Finger22" 40
  42 "ValveBiped.Bip01_L_Finger3" 33
  43 "ValveBiped.Bip01_L_Finger31" 42
  44 "ValveBiped.Bip01_L_Finger32" 43
  45 "ValveBiped.Bip01_L_Finger4" 33
  46 "ValveBiped.Bip01_L_Finger41" 45
  47 "ValveBiped.Bip01_L_Finger42" 46
  48 "ValveBiped.Bip01_Neck1" 4
  49 "ValveBiped.Bip01_Head1" 48
  50 "Eye_R" 49
  51 "Eye_L" 49
  52 "Tongue" 49
  53 "TeethLower" 49
  54 "TeethUpper" 49
  55 "OutsideHair5A_R" 49
  56 "OutsideHair6_R" 49
  57 "OutsideHair4A_R" 49
  58 "OutsideHair4B_R" 57
  59 "OutsideHair3A_R" 49
  60 "OutsideHair3B_R" 59
  61 "OutsideHair2A_R" 49
  62 "OutsideHair2B_R" 61
  63 "LowerLe1_R" 49
  64 "LowerLe2_R" 63
  65 "LowerLe3_R" 64
  66 "LowerLe4_R" 65
  67 "FrontHair1_R" 49
  68 "OutsideHair5A_L" 49
  69 "OutsideHair6_L" 49
  70 "OutsideHair4A_L" 49
  71 "OutsideHair4B_L" 70
  72 "OutsideHair3A_L" 49
  73 "OutsideHair3B_L" 72
  74 "OutsideHair2A_L" 49
  75 "OutsideHair2B_L" 74
  76 "OutsideHair1A" 49
  77 "OutsideHair1B" 76
  78 "OutsideHair1C" 77
  79 "LowerLe1_L" 49
  80 "LowerLe2_L" 79
  81 "LowerLe3_L" 80
  82 "LowerLe4_L" 81
  83 "FrontHair1_L" 49
  84 "FrontHair2" 49
  85 "ValveBiped.Bip01_R_Thigh" 0
  86 "ValveBiped.Bip01_R_Calf" 85
  87 "ValveBiped.Bip01_R_Foot" 86
  88 "ValveBiped.Bip01_L_Thigh" 0
  89 "ValveBiped.Bip01_L_Calf" 88
  90 "ValveBiped.Bip01_L_Foot" 89
  91 "HairConnectionEye" 49
  92 "UpKicking1_R" 49
  93 "UpKicking2_R" 92
  94 "UpKicking1_L" 49
  95 "UpKicking2_L" 94
  96 "WingClothes" 2
  97 "WaistWingClothes1_R" 96
  98 "WaistWingClothes2_R" 97
  99 "WaistWingClothes3_R" 98
  100 "WaistWingClothes4_R" 99
  101 "WaistWingClothes5_R" 100
  102 "WaistWingClothes6_R" 101
  103 "WaistWingClothes7_R" 102
  104 "WaistWingClothes8_R" 103
  105 "WaistWingClothes9_R" 104
  106 "WaistWingClothes10_R" 105
  107 "WaistWingClothes11_R" 106
  108 "WaistWingClothes1_L" 96
  109 "WaistWingClothes2_L" 108
  110 "WaistWingClothes3_L" 109
  111 "WaistWingClothes4_L" 110
  112 "WaistWingClothes5_L" 111
  113 "WaistWingClothes6_L" 112
  114 "WaistWingClothes7_L" 113
  115 "WaistWingClothes8_L" 114
  116 "WaistWingClothes9_L" 115
  117 "WaistWingClothes10_L" 116
  118 "WaistWingClothes11_L" 117
  119 "ValveBiped.Exp_Jaw" 49
  120 "ValveBiped.Exp_Eyebrows" 49
  121 "ValveBiped.Exp_Eyelids_Upper" 49
  122 "ValveBiped.Exp_LipsUpper" 49
end
skeleton
  time 0
    0 0.000000 -0.492360 35.174164 1.570796 0.000000 0.000000
    1 0.000002 3.696480 -1.136777 1.570796 -0.018319 1.570797
    2 3.255432 0.302921 0.000000 0.000000 0.000000 -0.019837
    3 3.082455 0.000022 0.000000 0.000000 0.000000 -0.012635
    4 6.423965 0.000044 0.000000 0.000000 0.000000 0.155831
    5 -0.648911 4.497382 2.867939 1.570681 0.010771 2.989143
    6 -0.648911 4.497380 -2.867940 -1.570912 0.010771 -0.152451
    7 -4.043316 -1.713767 -0.000001 0.000000 1.570780 3.033295
    8 -4.209068 0.167570 4.656291 1.601124 0.163312 -1.702392
    9 -5.028244 4.782017 4.635705 1.551557 -0.007465 -1.688503
    10 -4.209072 0.167570 -4.656292 -1.540468 0.163312 1.439204
    11 -5.028248 4.782018 -4.635706 -1.590037 -0.007465 1.453084
    12 1.768345 0.346586 -0.819416 -1.408725 1.306630 2.986008
    13 3.420089 0.756577 1.219547 1.407216 -0.052113 -0.348790
    14 8.884674 0.000000 -0.000004 0.001482 -0.110434 -0.001744
    15 8.509779 0.000000 0.000000 -1.570797 0.040275 0.013368
    16 2.616555 -0.421555 -1.302933 1.538258 0.296788 -0.418071
    17 1.419880 0.000001 0.000004 0.036325 -0.005045 -0.043806
    18 4.438509 -0.068119 -0.750376 0.000000 0.000000 -0.015346
    19 0.663845 0.062096 -0.084954 0.000000 -0.000001 0.093269
    20 0.969561 -0.021038 0.000001 0.000000 0.000000 -0.021694
    21 4.455383 0.039261 -0.134980 0.000000 -0.000001 0.008811
    22 1.052469 0.057579 0.004971 0.000000 0.000002 0.054651
    23 0.969765 -0.007011 0.000001 0.000000 -0.000002 -0.007229
    24 4.217670 -0.008194 0.542873 0.000000 -0.000001 -0.001944
    25 0.983795 -0.013123 0.019439 0.000000 -0.000001 -0.013328
    26 0.919048 0.070984 0.000000 0.000000 0.000000 0.077088
    27 4.006802 -0.152481 1.137269 0.000000 0.000000 -0.038038
    28 1.082683 0.054264 0.036105 0.000000 -0.000001 0.050078
    29 0.829247 0.056049 0.000000 0.000000 0.000001 0.067484
    30 1.768349 0.346567 0.819440 1.347278 -1.307270 2.975333
    31 3.416723 0.842072 -1.171919 -1.340559 0.079187 -0.344510
    32 8.884674 0.000000 0.000000 -0.001483 0.110434 -0.001744
    33 8.509784 0.000000 0.000000 1.570797 -0.040091 0.013371
    34 2.616635 -0.421082 1.302942 -1.538258 -0.296791 -0.417888
    35 1.419891 0.000001 -0.000004 -0.029105 0.002456 -0.043676
    36 4.438519 -0.067307 0.750389 0.000000 -0.000003 -0.015162
    37 0.663845 0.062099 0.084954 0.000000 0.000000 0.093269
    38 0.969561 -0.021042 -0.000001 0.000000 0.000001 -0.021694
    39 4.455378 0.040077 0.134994 0.000000 -0.000002 0.008995
    40 1.052471 0.057575 -0.004971 0.000000 -0.000001 0.054652
    41 0.969763 -0.007004 -0.000001 0.000000 0.000002 -0.007229
    42 4.217680 -0.007423 -0.542860 0.000000 -0.000002 -0.001760
    43 0.983791 -0.013115 -0.019438 0.000000 0.000001 -0.013328
    44 0.919048 0.070984 0.000000 0.000000 0.000000 0.077088
    45 4.006838 -0.151752 -1.137257 0.000000 -0.000003 -0.037854
    46 1.082675 0.054268 -0.036105 0.000000 0.000001 0.050078
    47 0.829247 0.056046 0.000000 0.000000 -0.000001 0.067485
    48 2.707935 0.000007 0.000000 3.141593 0.000000 0.224126
    49 3.023521 0.594992 0.000000 0.000000 -0.000001 0.209705
    50 2.685654 -0.523826 0.930485 1.570791 -1.057047 1.726900
    51 2.685658 -0.523826 -0.930489 -1.570803 -1.057049 -1.414694
    52 0.200581 -1.131062 0.000000 0.000000 -1.570782 -2.985499
    53 0.339642 -1.646533 0.000000 0.000000 -1.570777 -2.985532
    54 0.631950 -1.600529 0.000000 0.000000 -1.570787 -2.985474
    55 3.417385 3.368795 2.323852 0.007851 0.175221 -2.973809
    56 2.940769 4.449759 1.086405 3.129343 0.084223 -3.033415
    57 4.476883 1.030538 3.864545 -3.136448 1.341252 -2.960716
    58 0.081324 0.487088 -2.822746 0.013715 -0.886476 0.043786
    59 4.438885 1.994720 3.926556 3.017901 1.265244 -3.110550
    60 -0.357891 1.239716 -2.634289 0.034165 -0.159277 -0.011890
    61 3.606319 3.578274 3.261864 2.990471 1.392509 3.132086
    62 -0.071815 1.105649 -2.386044 -0.009875 -0.273594 0.051566
    63 6.191956 -0.038257 3.550536 2.730608 1.448567 2.880539
    64 0.140751 0.362261 -2.375797 -0.039676 -0.515594 0.036530
    65 -0.448891 -0.690934 -1.389339 0.017450 0.019479 -0.081081
    66 -0.305315 -0.406434 -1.731853 -0.003009 -0.160533 0.034274
    67 7.526562 -1.705317 1.828083 -3.036729 1.292923 -2.891510
    68 3.417377 3.368793 -2.323858 -3.133741 0.175223 0.167783
    69 2.940773 4.449759 -1.086410 -0.012249 0.084224 0.108178
    70 4.476875 1.030536 -3.864552 0.005145 1.341254 0.180877
    71 -0.081326 0.487088 -2.822750 0.013716 0.886476 -0.043785
    72 4.438877 1.994720 -3.926564 -0.123692 1.265246 0.031041
    73 0.357897 1.239714 -2.634289 0.034165 0.159277 0.011890
    74 3.606308 3.578273 -3.261870 -0.151123 1.392511 -0.009508
    75 0.071815 1.105649 -2.386032 -0.009876 0.273594 -0.051566
    76 3.987167 4.611635 -0.000003 0.000000 1.570796 0.148948
    77 0.000000 1.048001 -2.093582 -0.013839 0.000000 0.000000
    78 0.000000 1.102415 -2.362724 0.003413 0.000000 0.000000
    79 6.191952 -0.038255 -3.550546 -0.410990 1.448569 -0.261059
    80 -0.140752 0.362261 -2.375797 -0.039676 0.515594 -0.036529
    81 0.448889 -0.690934 -1.389339 0.017450 -0.019479 0.081081
    82 0.305313 -0.406434 -1.731853 -0.033945 0.044421 0.014028
    83 7.526569 -1.705315 -1.828094 0.104865 1.292925 0.250085
    84 7.312023 -2.808115 0.083643 2.331033 1.549304 2.496884
    85 -3.084310 0.000004 0.000002 -1.570796 -0.014187 -1.521236
    86 15.611660 0.000000 0.000000 0.002555 0.049497 0.065776
    87 15.879448 0.000000 0.000000 0.000002 -0.000001 -1.086507
    88 3.084311 0.000004 0.000002 -1.570796 -0.014187 -1.620357
    89 15.611660 0.000000 0.000000 -0.002576 -0.049902 0.065777
    90 15.879447 0.000000 0.000000 -0.000349 0.000209 -1.083457
    91 7.331951 5.389594 -0.000006 0.000000 -1.570796 -1.432443
    92 6.849758 5.620837 0.546273 0.087533 0.421161 0.189504
    93 0.052246 1.011392 3.116848 -0.106369 0.149351 -0.014003
    94 6.849766 5.620838 -0.546284 -3.053358 0.438545 -2.950403
    95 0.002151 1.011392 3.117283 -0.106122 -0.131899 0.013970
    96 -5.434696 -4.764359 -0.000002 0.000000 -1.570697 3.103418
    97 -0.325001 2.656087 0.000004 0.129094 -0.187324 1.675433
    98 0.000001 5.967076 -0.000008 0.583028 -0.588433 -0.080225
    99 0.000004 4.506813 0.000005 1.338883 -0.751019 -1.333215
    100 0.000004 5.988791 0.000004 -0.049103 -0.480582 -0.235483
    101 -0.000006 9.535488 0.000008 -1.232434 1.252004 0.109690
    102 -0.000003 7.945229 -0.000015 -0.329362 -0.167215 -0.526037
    103 0.000000 6.310169 -0.000011 0.052775 -0.274514 -1.133257
    104 0.000000 4.818149 0.000008 0.057857 -0.027283 -0.287032
    105 -0.000008 4.725517 -0.000004 1.100623 -0.273077 2.147562
    106 0.000008 4.475430 0.000004 -0.636812 1.098433 0.142582
    107 0.000001 7.508235 0.000023 -0.583371 0.636234 -0.345964
    108 0.325001 2.656085 -0.000011 0.129093 0.187324 -1.675441
    109 0.000000 5.967082 -0.000008 0.583025 0.588433 0.080224
    110 -0.000004 4.506824 0.000004 1.338882 0.751021 1.333214
    111 -0.000004 5.988802 0.000002 -0.049103 0.480588 0.235484
    112 0.000008 9.535480 0.000000 -1.232428 -1.252007 -0.109693
    113 0.000003 7.945229 0.000000 -0.329362 0.167216 0.526040
    114 0.000003 6.310158 -0.000011 0.052772 0.274516 1.133254
    115 -0.000004 4.818168 0.000004 0.057855 0.027281 0.287029
    116 -0.000004 4.725527 -0.000015 1.100623 0.273081 -2.147561
    117 0.000000 4.475433 -0.000002 -0.636813 -1.098436 -0.142580
    118 -0.000005 7.508256 0.000015 -0.583369 -0.636232 0.345963
    119 1.548061 0.004415 0.000000 0.000000 1.570795 -1.724259
    120 3.806156 0.213600 0.000000 0.000000 1.570795 -3.010492
    121 3.561836 -3.655074 -0.015467 0.000000 1.570795 2.971113
    122 1.108356 -0.293481 0.000000 0.000000 1.570795 3.002910
end
triangles
stick
  49 -7.662745 1.293949 66.122498 0.572426 0.715288 0.400863 0.740830 0.575590 1 49 1.000000
  49 -7.939597 1.433937 65.928627 0.004049 0.999729 0.022932 0.722500 0.648930 1 49 1.000000
  49 -7.880899 1.293949 66.261497 0.134454 0.632897 0.762472 0.704160 0.575590 1 49 1.000000
stick
  49 -7.939596 0.477957 65.928627 0.004051 -0.999729 0.022927 0.649150 0.355550 1 49 1.000000
  49 -8.133470 0.617943 66.205482 -0.366156 -0.652646 0.663312 0.667490 0.428890 1 49 1.000000
  49 -8.272469 0.617944 65.987328 -0.727956 -0.652626 0.210142 0.630810 0.428890 1 49 1.000000
stick
  49 -8.272469 0.617944 65.987328 -0.727956 -0.652626 0.210142 0.630810 0.428890 1 49 1.000000
  49 -8.133470 0.617943 66.205482 -0.366156 -0.652646 0.663312 0.667490 0.428890 1 49 1.000000
  49 -8.213772 0.955946 66.320198 -0.573560 -0.000004 0.819163 0.667490 0.502240 1 49 1.000000
stick
  49 -8.133470 0.617943 66.205482 -0.366156 -0.652646 0.663312 0.667490 0.428890 1 49 1.000000
  49 -7.856616 0.955947 66.399345 0.091433 -0.082268 0.992407 0.704160 0.502240 1 49 1.000000
  49 -8.213772 0.955946 66.320198 -0.573560 -0.000004 0.819163 0.667490 0.502240 1 49 1.000000
stick
  49 -8.213772 0.955946 66.320198 -0.573560 -0.000004 0.819163 0.667490 0.502240 1 49 1.000000
  49 -7.856616 0.955947 66.399345 0.091433 -0.082268 0.992407 0.704160 0.502240 1 49 1.000000
  49 -7.880899 1.293949 66.261497 0.134454 0.632897 0.762472 0.704160 0.575590 1 49 1.000000
stick
  49 -7.856616 0.955947 66.399345 0.091433 -0.082268 0.992407 0.704160 0.502240 1 49 1.000000
  49 -7.548027 0.955947 66.202797 0.815679 0.027561 0.577848 0.740830 0.502240 1 49 1.000000
  49 -7.880899 1.293949 66.261497 0.134454 0.632897 0.762472 0.704160 0.575590 1 49 1.000000
stick
  49 -7.548027 0.955947 66.202797 0.815679 0.027561 0.577848 0.740830 0.502240 1 49 1.000000
  49 -7.662745 1.293949 66.122498 0.572426 0.715288 0.400863 0.740830 0.575590 1 49 1.000000
  49 -7.880899 1.293949 66.261497 0.134454 0.632897 0.762472 0.704160 0.575590 1 49 1.000000
stick
  49 -8.272469 0.617944 65.987328 -0.727956 -0.652626 0.210142 0.630810 0.428890 1 49 1.000000
  49 -8.213772 0.955946 66.320198 -0.573560 -0.000004 0.819163 0.667490 0.502240 1 49 1.000000
  49 -8.410321 0.955947 66.011635 -0.984809 -0.000020 0.173641 0.630810 0.502240 1 49 1.000000
stick
  49 -8.410321 0.955947 66.011635 -0.984809 -0.000020 0.173641 0.630810 0.502240 1 49 1.000000
  49 -8.213772 0.955946 66.320198 -0.573560 -0.000004 0.819163 0.667490 0.502240 1 49 1.000000
  49 -8.133470 1.293949 66.205482 -0.498096 0.652639 0.570931 0.667490 0.575590 1 49 1.000000
stick
  49 -8.213772 0.955946 66.320198 -0.573560 -0.000004 0.819163 0.667490 0.502240 1 49 1.000000
  49 -7.880899 1.293949 66.261497 0.134454 0.632897 0.762472 0.704160 0.575590 1 49 1.000000
  49 -8.133470 1.293949 66.205482 -0.498096 0.652639 0.570931 0.667490 0.575590 1 49 1.000000
stick
  49 -7.880899 1.293949 66.261497 0.134454 0.632897 0.762472 0.704160 0.575590 1 49 1.000000
  49 -7.939597 1.433937 65.928627 0.004049 0.999729 0.022932 0.685820 0.648930 1 49 1.000000
  49 -8.133470 1.293949 66.205482 -0.498096 0.652639 0.570931 0.667490 0.575590 1 49 1.000000
stick
  49 -8.410321 0.955947 66.011635 -0.984809 -0.000020 0.173641 0.630810 0.502240 1 49 1.000000
  49 -8.133470 1.293949 66.205482 -0.498096 0.652639 0.570931 0.667490 0.575590 1 49 1.000000
  49 -8.272469 1.293950 65.987328 -0.755933 0.652616 0.051555 0.630810 0.575590 1 49 1.000000
stick
  49 -8.272469 1.293950 65.987328 -0.755933 0.652616 0.051555 0.630810 0.575590 1 49 1.000000
  49 -8.133470 1.293949 66.205482 -0.498096 0.652639 0.570931 0.667490 0.575590 1 49 1.000000
  49 -7.939597 1.433937 65.928627 0.004049 0.999729 0.022932 0.649150 0.648930 1 49 1.000000
stick
  49 -7.939596 0.477957 65.928627 0.004051 -0.999729 0.022927 0.759170 0.355550 1 49 1.000000
  49 -7.606724 0.617945 65.869934 0.778924 -0.611893 -0.137348 0.777510 0.428890 1 49 1.000000
  49 -7.662745 0.617944 66.122498 0.572428 -0.715288 0.400860 0.740830 0.428890 1 49 1.000000
stick
  49 -7.662745 0.617944 66.122498 0.572428 -0.715288 0.400860 0.740830 0.428890 1 49 1.000000
  49 -7.606724 0.617945 65.869934 0.778924 -0.611893 -0.137348 0.777510 0.428890 1 49 1.000000
  49 -7.548027 0.955947 66.202797 0.815679 0.027561 0.577848 0.740830 0.502240 1 49 1.000000
stick
  49 -7.880899 0.617944 66.261497 0.210087 -0.652625 0.727973 0.704160 0.428890 1 49 1.000000
  49 -7.662745 0.617944 66.122498 0.572428 -0.715288 0.400860 0.740830 0.428890 1 49 1.000000
  49 -7.548027 0.955947 66.202797 0.815679 0.027561 0.577848 0.740830 0.502240 1 49 1.000000
stick
  49 -7.880899 0.617944 66.261497 0.210087 -0.652625 0.727973 0.704160 0.428890 1 49 1.000000
  49 -7.548027 0.955947 66.202797 0.815679 0.027561 0.577848 0.740830 0.502240 1 49 1.000000
  49 -7.856616 0.955947 66.399345 0.091433 -0.082268 0.992407 0.704160 0.502240 1 49 1.000000
stick
  49 -8.133470 0.617943 66.205482 -0.366156 -0.652646 0.663312 0.667490 0.428890 1 49 1.000000
  49 -7.880899 0.617944 66.261497 0.210087 -0.652625 0.727973 0.704160 0.428890 1 49 1.000000
  49 -7.856616 0.955947 66.399345 0.091433 -0.082268 0.992407 0.704160 0.502240 1 49 1.000000
stick
  49 -7.939596 0.477957 65.928627 0.004051 -0.999729 0.022927 0.685820 0.355550 1 49 1.000000
  49 -7.880899 0.617944 66.261497 0.210087 -0.652625 0.727973 0.704160 0.428890 1 49 1.000000
  49 -8.133470 0.617943 66.205482 -0.366156 -0.652646 0.663312 0.667490 0.428890 1 49 1.000000
stick
  49 -7.939596 0.477957 65.928627 0.004051 -0.999729 0.022927 0.722500 0.355550 1 49 1.000000
  49 -7.662745 0.617944 66.122498 0.572428 -0.715288 0.400860 0.740830 0.428890 1 49 1.000000
  49 -7.880899 0.617944 66.261497 0.210087 -0.652625 0.727973 0.704160 0.428890 1 49 1.000000
stick
  49 -7.939596 0.477957 65.928627 0.004051 -0.999729 0.022927 0.795840 0.355550 1 49 1.000000
  49 -7.745756 0.617945 65.651779 0.366152 -0.652637 -0.663323 0.814180 0.428890 1 49 1.000000
  49 -7.606724 0.617945 65.869934 0.778924 -0.611893 -0.137348 0.777510 0.428890 1 49 1.000000
stick
  49 -7.939596 0.477957 65.928627 0.004051 -0.999729 0.022927 0.832520 0.355550 1 49 1.000000
  49 -7.998293 0.617945 65.595749 -0.210046 -0.652625 -0.727984 0.850860 0.428890 1 49 1.000000
  49 -7.745756 0.617945 65.651779 0.366152 -0.652637 -0.663323 0.814180 0.428890 1 49 1.000000
stick
  49 -7.939596 0.477957 65.928627 0.004051 -0.999729 0.022927 0.869190 0.355550 1 49 1.000000
  49 -8.216480 0.617944 65.734756 -0.663332 -0.652631 -0.366147 0.887530 0.428890 1 49 1.000000
  49 -7.998293 0.617945 65.595749 -0.210046 -0.652625 -0.727984 0.850860 0.428890 1 49 1.000000
stick
  49 -7.606724 1.293950 65.869934 0.755917 0.652633 -0.051572 0.777510 0.575590 1 49 1.000000
  49 -7.939597 1.433937 65.928627 0.004049 0.999729 0.022932 0.759170 0.648930 1 49 1.000000
  49 -7.662745 1.293949 66.122498 0.572426 0.715288 0.400863 0.740830 0.575590 1 49 1.000000
stick
  49 -7.548027 0.955947 66.202797 0.815679 0.027561 0.577848 0.740830 0.502240 1 49 1.000000
  49 -7.606724 1.293950 65.869934 0.755917 0.652633 -0.051572 0.777510 0.575590 1 49 1.000000
  49 -7.662745 1.293949 66.122498 0.572426 0.715288 0.400863 0.740830 0.575590 1 49 1.000000
stick
  49 -7.548027 0.955947 66.202797 0.815679 0.027561 0.577848 0.740830 0.502240 1 49 1.000000
  49 -7.468872 0.955948 65.845619 0.963816 0.082312 -0.253542 0.777510 0.502240 1 49 1.000000
  49 -7.606724 1.293950 65.869934 0.755917 0.652633 -0.051572 0.777510 0.575590 1 49 1.000000
stick
  49 -7.606724 0.617945 65.869934 0.778924 -0.611893 -0.137348 0.777510 0.428890 1 49 1.000000
  49 -7.468872 0.955948 65.845619 0.963816 0.082312 -0.253542 0.777510 0.502240 1 49 1.000000
  49 -7.548027 0.955947 66.202797 0.815679 0.027561 0.577848 0.740830 0.502240 1 49 1.000000
stick
  49 -7.606724 0.617945 65.869934 0.778924 -0.611893 -0.137348 0.777510 0.428890 1 49 1.000000
  49 -7.665422 0.955948 65.537056 0.568813 -0.027508 -0.822007 0.814180 0.502240 1 49 1.000000
  49 -7.468872 0.955948 65.845619 0.963816 0.082312 -0.253542 0.777510 0.502240 1 49 1.000000
stick
  49 -7.606724 0.617945 65.869934 0.778924 -0.611893 -0.137348 0.777510 0.428890 1 49 1.000000
  49 -7.745756 0.617945 65.651779 0.366152 -0.652637 -0.663323 0.814180 0.428890 1 49 1.000000
  49 -7.665422 0.955948 65.537056 0.568813 -0.027508 -0.822007 0.814180 0.502240 1 49 1.000000
stick
  49 -7.745756 0.617945 65.651779 0.366152 -0.652637 -0.663323 0.814180 0.428890 1 49 1.000000
  49 -8.022608 0.955948 65.457901 -0.173681 0.000002 -0.984802 0.850860 0.502240 1 49 1.000000
  49 -7.665422 0.955948 65.537056 0.568813 -0.027508 -0.822007 0.814180 0.502240 1 49 1.000000
stick
  49 -7.745756 0.617945 65.651779 0.366152 -0.652637 -0.663323 0.814180 0.428890 1 49 1.000000
  49 -7.998293 0.617945 65.595749 -0.210046 -0.652625 -0.727984 0.850860 0.428890 1 49 1.000000
  49 -8.022608 0.955948 65.457901 -0.173681 0.000002 -0.984802 0.850860 0.502240 1 49 1.000000
stick
  49 -7.998293 0.617945 65.595749 -0.210046 -0.652625 -0.727984 0.850860 0.428890 1 49 1.000000
  49 -8.331165 0.955947 65.654449 -0.819158 -0.000001 -0.573568 0.887530 0.502240 1 49 1.000000
  49 -8.022608 0.955948 65.457901 -0.173681 0.000002 -0.984802 0.850860 0.502240 1 49 1.000000
stick
  49 -7.998293 0.617945 65.595749 -0.210046 -0.652625 -0.727984 0.850860 0.428890 1 49 1.000000
  49 -8.216480 0.617944 65.734756 -0.663332 -0.652631 -0.366147 0.887530 0.428890 1 49 1.000000
  49 -8.331165 0.955947 65.654449 -0.819158 -0.000001 -0.573568 0.887530 0.502240 1 49 1.000000
stick
  49 -8.216480 0.617944 65.734756 -0.663332 -0.652631 -0.366147 0.887530 0.428890 1 49 1.000000
  49 -8.410321 0.955947 66.011635 -0.984809 -0.000020 0.173641 0.924200 0.502240 1 49 1.000000
  49 -8.331165 0.955947 65.654449 -0.819158 -0.000001 -0.573568 0.887530 0.502240 1 49 1.000000
stick
  49 -8.272469 0.617944 65.987328 -0.727956 -0.652626 0.210142 0.924200 0.428890 1 49 1.000000
  49 -8.410321 0.955947 66.011635 -0.984809 -0.000020 0.173641 0.924200 0.502240 1 49 1.000000
  49 -8.216480 0.617944 65.734756 -0.663332 -0.652631 -0.366147 0.887530 0.428890 1 49 1.000000
stick
  49 -7.939596 0.477957 65.928627 0.004051 -0.999729 0.022927 0.905870 0.355550 1 49 1.000000
  49 -8.272469 0.617944 65.987328 -0.727956 -0.652626 0.210142 0.924200 0.428890 1 49 1.000000
  49 -8.216480 0.617944 65.734756 -0.663332 -0.652631 -0.366147 0.887530 0.428890 1 49 1.000000
stick
  49 -8.410321 0.955947 66.011635 -0.984809 -0.000020 0.173641 0.924200 0.502240 1 49 1.000000
  49 -8.272469 1.293950 65.987328 -0.755933 0.652616 0.051555 0.924200 0.575590 1 49 1.000000
  49 -8.331165 0.955947 65.654449 -0.819158 -0.000001 -0.573568 0.887530 0.502240 1 49 1.000000
stick
  49 -8.331165 0.955947 65.654449 -0.819158 -0.000001 -0.573568 0.887530 0.502240 1 49 1.000000
  49 -8.272469 1.293950 65.987328 -0.755933 0.652616 0.051555 0.924200 0.575590 1 49 1.000000
  49 -8.216480 1.293950 65.734756 -0.570955 0.652643 -0.498064 0.887530 0.575590 1 49 1.000000
stick
  49 -8.022608 0.955948 65.457901 -0.173681 0.000002 -0.984802 0.850860 0.502240 1 49 1.000000
  49 -8.331165 0.955947 65.654449 -0.819158 -0.000001 -0.573568 0.887530 0.502240 1 49 1.000000
  49 -8.216480 1.293950 65.734756 -0.570955 0.652643 -0.498064 0.887530 0.575590 1 49 1.000000
stick
  49 -8.022608 0.955948 65.457901 -0.173681 0.000002 -0.984802 0.850860 0.502240 1 49 1.000000
  49 -8.216480 1.293950 65.734756 -0.570955 0.652643 -0.498064 0.887530 0.575590 1 49 1.000000
  49 -7.998293 1.293950 65.595749 -0.051515 0.652646 -0.755909 0.850860 0.575590 1 49 1.000000
stick
  49 -7.665422 0.955948 65.537056 0.568813 -0.027508 -0.822007 0.814180 0.502240 1 49 1.000000
  49 -8.022608 0.955948 65.457901 -0.173681 0.000002 -0.984802 0.850860 0.502240 1 49 1.000000
  49 -7.998293 1.293950 65.595749 -0.051515 0.652646 -0.755909 0.850860 0.575590 1 49 1.000000
stick
  49 -7.665422 0.955948 65.537056 0.568813 -0.027508 -0.822007 0.814180 0.502240 1 49 1.000000
  49 -7.998293 1.293950 65.595749 -0.051515 0.652646 -0.755909 0.850860 0.575590 1 49 1.000000
  49 -7.745756 1.293950 65.651779 0.498103 0.652636 -0.570928 0.814180 0.575590 1 49 1.000000
stick
  49 -7.468872 0.955948 65.845619 0.963816 0.082312 -0.253542 0.777510 0.502240 1 49 1.000000
  49 -7.665422 0.955948 65.537056 0.568813 -0.027508 -0.822007 0.814180 0.502240 1 49 1.000000
  49 -7.745756 1.293950 65.651779 0.498103 0.652636 -0.570928 0.814180 0.575590 1 49 1.000000
stick
  49 -7.468872 0.955948 65.845619 0.963816 0.082312 -0.253542 0.777510 0.502240 1 49 1.000000
  49 -7.745756 1.293950 65.651779 0.498103 0.652636 -0.570928 0.814180 0.575590 1 49 1.000000
  49 -7.606724 1.293950 65.869934 0.755917 0.652633 -0.051572 0.777510 0.575590 1 49 1.000000
stick
  49 -7.745756 1.293950 65.651779 0.498103 0.652636 -0.570928 0.814180 0.575590 1 49 1.000000
  49 -7.939597 1.433937 65.928627 0.004049 0.999729 0.022932 0.795840 0.648930 1 49 1.000000
  49 -7.606724 1.293950 65.869934 0.755917 0.652633 -0.051572 0.777510 0.575590 1 49 1.000000
stick
  49 -7.998293 1.293950 65.595749 -0.051515 0.652646 -0.755909 0.850860 0.575590 1 49 1.000000
  49 -7.939597 1.433937 65.928627 0.004049 0.999729 0.022932 0.832520 0.648930 1 49 1.000000
  49 -7.745756 1.293950 65.651779 0.498103 0.652636 -0.570928 0.814180 0.575590 1 49 1.000000
stick
  49 -8.272469 1.293950 65.987328 -0.755933 0.652616 0.051555 0.924200 0.575590 1 49 1.000000
  49 -7.939597 1.433937 65.928627 0.004049 0.999729 0.022932 0.905870 0.648930 1 49 1.000000
  49 -8.216480 1.293950 65.734756 -0.570955 0.652643 -0.498064 0.887530 0.575590 1 49 1.000000
stick
  49 -8.216480 1.293950 65.734756 -0.570955 0.652643 -0.498064 0.887530 0.575590 1 49 1.000000
  49 -7.939597 1.433937 65.928627 0.004049 0.999729 0.022932 0.869190 0.648930 1 49 1.000000
  49 -7.998293 1.293950 65.595749 -0.051515 0.652646 -0.755909 0.850860 0.575590 1 49 1.000000
stick
  49 -7.968949 5.586172 65.762207 -0.051515 0.652646 -0.755909 0.850860 0.428890 1 49 1.000000
  49 -7.842664 5.586171 65.790215 0.400988 0.715172 -0.572483 0.814180 0.428890 1 49 1.000000
  49 -7.802545 5.417187 65.732895 0.619952 0.058960 -0.782421 0.814180 0.502240 1 49 1.000000
stick
  49 -7.968949 5.586172 65.762207 -0.051515 0.652646 -0.755909 0.850860 0.428890 1 49 1.000000
  49 -7.939600 5.656181 65.928642 0.004049 0.999729 0.022932 0.832520 0.355550 1 49 1.000000
  49 -7.842664 5.586171 65.790215 0.400988 0.715172 -0.572483 0.814180 0.428890 1 49 1.000000
stick
  49 -7.939600 5.178191 65.928642 0.004051 -0.999729 0.022927 0.795840 0.648930 1 49 1.000000
  49 -7.842664 5.248202 65.790215 0.366152 -0.652637 -0.663323 0.814180 0.575590 1 49 1.000000
  49 -7.773196 5.248202 65.899292 0.778924 -0.611893 -0.137348 0.777510 0.575590 1 49 1.000000
stick
  49 -7.842664 5.248202 65.790215 0.366152 -0.652637 -0.663323 0.814180 0.575590 1 49 1.000000
  49 -7.802545 5.417187 65.732895 0.619952 0.058960 -0.782421 0.814180 0.502240 1 49 1.000000
  49 -7.773196 5.248202 65.899292 0.778924 -0.611893 -0.137348 0.777510 0.575590 1 49 1.000000
stick
  49 -7.981122 5.417187 65.693275 -0.173681 0.000002 -0.984802 0.850860 0.502240 1 49 1.000000
  49 -7.802545 5.417187 65.732895 0.619952 0.058960 -0.782421 0.814180 0.502240 1 49 1.000000
  49 -7.842664 5.248202 65.790215 0.366152 -0.652637 -0.663323 0.814180 0.575590 1 49 1.000000
stick
  49 -7.981122 5.417187 65.693275 -0.173681 0.000002 -0.984802 0.850860 0.502240 1 49 1.000000
  49 -7.968949 5.586172 65.762207 -0.051515 0.652646 -0.755909 0.850860 0.428890 1 49 1.000000
  49 -7.802545 5.417187 65.732895 0.619952 0.058960 -0.782421 0.814180 0.502240 1 49 1.000000
stick
  49 -8.078028 5.586172 65.831711 -0.570955 0.652643 -0.498064 0.887530 0.428890 1 49 1.000000
  49 -7.968949 5.586172 65.762207 -0.051515 0.652646 -0.755909 0.850860 0.428890 1 49 1.000000
  49 -7.981122 5.417187 65.693275 -0.173681 0.000002 -0.984802 0.850860 0.502240 1 49 1.000000
stick
  49 -8.078028 5.586172 65.831711 -0.570955 0.652643 -0.498064 0.887530 0.428890 1 49 1.000000
  49 -7.939600 5.656181 65.928642 0.004049 0.999729 0.022932 0.869190 0.355550 1 49 1.000000
  49 -7.968949 5.586172 65.762207 -0.051515 0.652646 -0.755909 0.850860 0.428890 1 49 1.000000
stick
  49 -7.939600 5.178191 65.928642 0.004051 -0.999729 0.022927 0.832520 0.648930 1 49 1.000000
  49 -7.968949 5.248202 65.762207 -0.210046 -0.652625 -0.727984 0.850860 0.575590 1 49 1.000000
  49 -7.842664 5.248202 65.790215 0.366152 -0.652637 -0.663323 0.814180 0.575590 1 49 1.000000
stick
  49 -7.968949 5.248202 65.762207 -0.210046 -0.652625 -0.727984 0.850860 0.575590 1 49 1.000000
  49 -7.981122 5.417187 65.693275 -0.173681 0.000002 -0.984802 0.850860 0.502240 1 49 1.000000
  49 -7.842664 5.248202 65.790215 0.366152 -0.652637 -0.663323 0.814180 0.575590 1 49 1.000000
stick
  49 -8.135386 5.417187 65.791557 -0.819158 -0.000001 -0.573568 0.887530 0.502240 1 49 1.000000
  49 -7.981122 5.417187 65.693275 -0.173681 0.000002 -0.984802 0.850860 0.502240 1 49 1.000000
  49 -7.968949 5.248202 65.762207 -0.210046 -0.652625 -0.727984 0.850860 0.575590 1 49 1.000000
stick
  49 -8.135386 5.417187 65.791557 -0.819158 -0.000001 -0.573568 0.887530 0.502240 1 49 1.000000
  49 -8.078028 5.586172 65.831711 -0.570955 0.652643 -0.498064 0.887530 0.428890 1 49 1.000000
  49 -7.981122 5.417187 65.693275 -0.173681 0.000002 -0.984802 0.850860 0.502240 1 49 1.000000
stick
  49 -8.106037 5.586172 65.957993 -0.755933 0.652616 0.051555 0.924200 0.428890 1 49 1.000000
  49 -8.078028 5.586172 65.831711 -0.570955 0.652643 -0.498064 0.887530 0.428890 1 49 1.000000
  49 -8.135386 5.417187 65.791557 -0.819158 -0.000001 -0.573568 0.887530 0.502240 1 49 1.000000
stick
  49 -8.106037 5.586172 65.957993 -0.755933 0.652616 0.051555 0.924200 0.428890 1 49 1.000000
  49 -7.939600 5.656181 65.928642 0.004049 0.999729 0.022932 0.905870 0.355550 1 49 1.000000
  49 -8.078028 5.586172 65.831711 -0.570955 0.652643 -0.498064 0.887530 0.428890 1 49 1.000000
stick
  49 -8.174962 5.417187 65.970131 -0.984809 -0.000020 0.173641 0.924200 0.502240 1 49 1.000000
  49 -8.106037 5.586172 65.957993 -0.755933 0.652616 0.051555 0.924200 0.428890 1 49 1.000000
  49 -8.135386 5.417187 65.791557 -0.819158 -0.000001 -0.573568 0.887530 0.502240 1 49 1.000000
stick
  49 -8.174962 5.417187 65.970131 -0.984809 -0.000020 0.173641 0.924200 0.502240 1 49 1.000000
  49 -8.135386 5.417187 65.791557 -0.819158 -0.000001 -0.573568 0.887530 0.502240 1 49 1.000000
  49 -8.078028 5.248202 65.831711 -0.663332 -0.652631 -0.366147 0.887530 0.575590 1 49 1.000000
stick
  49 -8.078028 5.248202 65.831711 -0.663332 -0.652631 -0.366147 0.887530 0.575590 1 49 1.000000
  49 -8.135386 5.417187 65.791557 -0.819158 -0.000001 -0.573568 0.887530 0.502240 1 49 1.000000
  49 -7.968949 5.248202 65.762207 -0.210046 -0.652625 -0.727984 0.850860 0.575590 1 49 1.000000
stick
  49 -7.939600 5.178191 65.928642 0.004051 -0.999729 0.022927 0.869190 0.648930 1 49 1.000000
  49 -8.078028 5.248202 65.831711 -0.663332 -0.652631 -0.366147 0.887530 0.575590 1 49 1.000000
  49 -7.968949 5.248202 65.762207 -0.210046 -0.652625 -0.727984 0.850860 0.575590 1 49 1.000000
stick
  49 -7.939600 5.178191 65.928642 0.004051 -0.999729 0.022927 0.905870 0.648930 1 49 1.000000
  49 -8.106037 5.248202 65.957993 -0.727956 -0.652626 0.210142 0.924200 0.575590 1 49 1.000000
  49 -8.078028 5.248202 65.831711 -0.663332 -0.652631 -0.366147 0.887530 0.575590 1 49 1.000000
stick
  49 -8.106037 5.248202 65.957993 -0.727956 -0.652626 0.210142 0.924200 0.575590 1 49 1.000000
  49 -8.174962 5.417187 65.970131 -0.984809 -0.000020 0.173641 0.924200 0.502240 1 49 1.000000
  49 -8.078028 5.248202 65.831711 -0.663332 -0.652631 -0.366147 0.887530 0.575590 1 49 1.000000
stick
  49 -7.939600 5.178191 65.928642 0.004051 -0.999729 0.022927 0.759170 0.648930 1 49 1.000000
  49 -7.773196 5.248202 65.899292 0.778924 -0.611893 -0.137348 0.777510 0.575590 1 49 1.000000
  49 -7.801174 5.248202 66.025574 0.572428 -0.715289 0.400859 0.740830 0.575590 1 49 1.000000
stick
  49 -7.939600 5.178191 65.928642 0.004051 -0.999729 0.022927 0.722500 0.648930 1 49 1.000000
  49 -7.801174 5.248202 66.025574 0.572428 -0.715289 0.400859 0.740830 0.575590 1 49 1.000000
  49 -7.910252 5.248201 66.095047 0.210087 -0.652625 0.727972 0.704160 0.575590 1 49 1.000000
stick
  49 -7.801174 5.248202 66.025574 0.572428 -0.715289 0.400859 0.740830 0.575590 1 49 1.000000
  49 -7.743847 5.417187 66.065735 0.850107 -0.058976 0.523297 0.740830 0.502240 1 49 1.000000
  49 -7.910252 5.248201 66.095047 0.210087 -0.652625 0.727972 0.704160 0.575590 1 49 1.000000
stick
  49 -7.773196 5.248202 65.899292 0.778924 -0.611893 -0.137348 0.777510 0.575590 1 49 1.000000
  49 -7.743847 5.417187 66.065735 0.850107 -0.058976 0.523297 0.740830 0.502240 1 49 1.000000
  49 -7.801174 5.248202 66.025574 0.572428 -0.715289 0.400859 0.740830 0.575590 1 49 1.000000
stick
  49 -7.704238 5.417187 65.887154 0.986273 0.000004 -0.165124 0.777510 0.502240 1 49 1.000000
  49 -7.743847 5.417187 66.065735 0.850107 -0.058976 0.523297 0.740830 0.502240 1 49 1.000000
  49 -7.773196 5.248202 65.899292 0.778924 -0.611893 -0.137348 0.777510 0.575590 1 49 1.000000
stick
  49 -7.802545 5.417187 65.732895 0.619952 0.058960 -0.782421 0.814180 0.502240 1 49 1.000000
  49 -7.704238 5.417187 65.887154 0.986273 0.000004 -0.165124 0.777510 0.502240 1 49 1.000000
  49 -7.773196 5.248202 65.899292 0.778924 -0.611893 -0.137348 0.777510 0.575590 1 49 1.000000
stick
  49 -7.802545 5.417187 65.732895 0.619952 0.058960 -0.782421 0.814180 0.502240 1 49 1.000000
  49 -7.773196 5.586171 65.899292 0.778966 0.611830 -0.137389 0.777510 0.428890 1 49 1.000000
  49 -7.704238 5.417187 65.887154 0.986273 0.000004 -0.165124 0.777510 0.502240 1 49 1.000000
stick
  49 -7.842664 5.586171 65.790215 0.400988 0.715172 -0.572483 0.814180 0.428890 1 49 1.000000
  49 -7.773196 5.586171 65.899292 0.778966 0.611830 -0.137389 0.777510 0.428890 1 49 1.000000
  49 -7.802545 5.417187 65.732895 0.619952 0.058960 -0.782421 0.814180 0.502240 1 49 1.000000
stick
  49 -7.842664 5.586171 65.790215 0.400988 0.715172 -0.572483 0.814180 0.428890 1 49 1.000000
  49 -7.939600 5.656181 65.928642 0.004049 0.999729 0.022932 0.795840 0.355550 1 49 1.000000
  49 -7.773196 5.586171 65.899292 0.778966 0.611830 -0.137389 0.777510 0.428890 1 49 1.000000
stick
  49 -7.773196 5.586171 65.899292 0.778966 0.611830 -0.137389 0.777510 0.428890 1 49 1.000000
  49 -7.939600 5.656181 65.928642 0.004049 0.999729 0.022932 0.759170 0.355550 1 49 1.000000
  49 -7.801175 5.586171 66.025574 0.570985 0.652622 0.498057 0.740830 0.428890 1 49 1.000000
stick
  49 -7.910252 5.586171 66.095047 0.051552 0.652610 0.755938 0.704160 0.428890 1 49 1.000000
  49 -7.939600 5.656181 65.928642 0.004049 0.999729 0.022932 0.685820 0.355550 1 49 1.000000
  49 -8.036537 5.586171 66.067070 -0.498096 0.652639 0.570931 0.667490 0.428890 1 49 1.000000
stick
  49 -7.910252 5.586171 66.095047 0.051552 0.652610 0.755938 0.704160 0.428890 1 49 1.000000
  49 -8.036537 5.586171 66.067070 -0.498096 0.652639 0.570931 0.667490 0.428890 1 49 1.000000
  49 -8.076688 5.417186 66.124397 -0.573560 -0.000004 0.819163 0.667490 0.502240 1 49 1.000000
stick
  49 -7.898111 5.417186 66.164001 0.174934 -0.000002 0.984580 0.704160 0.502240 1 49 1.000000
  49 -7.910252 5.586171 66.095047 0.051552 0.652610 0.755938 0.704160 0.428890 1 49 1.000000
  49 -8.076688 5.417186 66.124397 -0.573560 -0.000004 0.819163 0.667490 0.502240 1 49 1.000000
stick
  49 -7.801175 5.586171 66.025574 0.570985 0.652622 0.498057 0.740830 0.428890 1 49 1.000000
  49 -7.910252 5.586171 66.095047 0.051552 0.652610 0.755938 0.704160 0.428890 1 49 1.000000
  49 -7.898111 5.417186 66.164001 0.174934 -0.000002 0.984580 0.704160 0.502240 1 49 1.000000
stick
  49 -7.743847 5.417187 66.065735 0.850107 -0.058976 0.523297 0.740830 0.502240 1 49 1.000000
  49 -7.801175 5.586171 66.025574 0.570985 0.652622 0.498057 0.740830 0.428890 1 49 1.000000
  49 -7.898111 5.417186 66.164001 0.174934 -0.000002 0.984580 0.704160 0.502240 1 49 1.000000
stick
  49 -7.773196 5.586171 65.899292 0.778966 0.611830 -0.137389 0.777510 0.428890 1 49 1.000000
  49 -7.801175 5.586171 66.025574 0.570985 0.652622 0.498057 0.740830 0.428890 1 49 1.000000
  49 -7.743847 5.417187 66.065735 0.850107 -0.058976 0.523297 0.740830 0.502240 1 49 1.000000
stick
  49 -7.704238 5.417187 65.887154 0.986273 0.000004 -0.165124 0.777510 0.502240 1 49 1.000000
  49 -7.773196 5.586171 65.899292 0.778966 0.611830 -0.137389 0.777510 0.428890 1 49 1.000000
  49 -7.743847 5.417187 66.065735 0.850107 -0.058976 0.523297 0.740830 0.502240 1 49 1.000000
stick
  49 -7.801175 5.586171 66.025574 0.570985 0.652622 0.498057 0.740830 0.428890 1 49 1.000000
  49 -7.939600 5.656181 65.928642 0.004049 0.999729 0.022932 0.722500 0.355550 1 49 1.000000
  49 -7.910252 5.586171 66.095047 0.051552 0.652610 0.755938 0.704160 0.428890 1 49 1.000000
stick
  49 -7.743847 5.417187 66.065735 0.850107 -0.058976 0.523297 0.740830 0.502240 1 49 1.000000
  49 -7.898111 5.417186 66.164001 0.174934 -0.000002 0.984580 0.704160 0.502240 1 49 1.000000
  49 -7.910252 5.248201 66.095047 0.210087 -0.652625 0.727972 0.704160 0.575590 1 49 1.000000
stick
  49 -7.910252 5.248201 66.095047 0.210087 -0.652625 0.727972 0.704160 0.575590 1 49 1.000000
  49 -7.898111 5.417186 66.164001 0.174934 -0.000002 0.984580 0.704160 0.502240 1 49 1.000000
  49 -8.036537 5.248201 66.067070 -0.366156 -0.652646 0.663312 0.667490 0.575590 1 49 1.000000
stick
  49 -7.898111 5.417186 66.164001 0.174934 -0.000002 0.984580 0.704160 0.502240 1 49 1.000000
  49 -8.076688 5.417186 66.124397 -0.573560 -0.000004 0.819163 0.667490 0.502240 1 49 1.000000
  49 -8.036537 5.248201 66.067070 -0.366156 -0.652646 0.663312 0.667490 0.575590 1 49 1.000000
stick
  49 -8.036537 5.248201 66.067070 -0.366156 -0.652646 0.663312 0.667490 0.575590 1 49 1.000000
  49 -8.076688 5.417186 66.124397 -0.573560 -0.000004 0.819163 0.667490 0.502240 1 49 1.000000
  49 -8.106037 5.248202 65.957993 -0.727956 -0.652626 0.210142 0.630810 0.575590 1 49 1.000000
stick
  49 -8.076688 5.417186 66.124397 -0.573560 -0.000004 0.819163 0.667490 0.502240 1 49 1.000000
  49 -8.174962 5.417187 65.970131 -0.984809 -0.000020 0.173641 0.630810 0.502240 1 49 1.000000
  49 -8.106037 5.248202 65.957993 -0.727956 -0.652626 0.210142 0.630810 0.575590 1 49 1.000000
stick
  49 -8.076688 5.417186 66.124397 -0.573560 -0.000004 0.819163 0.667490 0.502240 1 49 1.000000
  49 -8.036537 5.586171 66.067070 -0.498096 0.652639 0.570931 0.667490 0.428890 1 49 1.000000
  49 -8.174962 5.417187 65.970131 -0.984809 -0.000020 0.173641 0.630810 0.502240 1 49 1.000000
stick
  49 -8.036537 5.586171 66.067070 -0.498096 0.652639 0.570931 0.667490 0.428890 1 49 1.000000
  49 -8.106037 5.586172 65.957993 -0.755933 0.652616 0.051555 0.630810 0.428890 1 49 1.000000
  49 -8.174962 5.417187 65.970131 -0.984809 -0.000020 0.173641 0.630810 0.502240 1 49 1.000000
stick
  49 -8.036537 5.586171 66.067070 -0.498096 0.652639 0.570931 0.667490 0.428890 1 49 1.000000
  49 -7.939600 5.656181 65.928642 0.004049 0.999729 0.022932 0.649150 0.355550 1 49 1.000000
  49 -8.106037 5.586172 65.957993 -0.755933 0.652616 0.051555 0.630810 0.428890 1 49 1.000000
stick
  49 -8.036537 5.248201 66.067070 -0.366156 -0.652646 0.663312 0.667490 0.575590 1 49 1.000000
  49 -8.106037 5.248202 65.957993 -0.727956 -0.652626 0.210142 0.630810 0.575590 1 49 1.000000
  49 -7.939600 5.178191 65.928642 0.004051 -0.999729 0.022927 0.649150 0.648930 1 49 1.000000
stick
  49 -7.939600 5.178191 65.928642 0.004051 -0.999729 0.022927 0.685820 0.648930 1 49 1.000000
  49 -7.910252 5.248201 66.095047 0.210087 -0.652625 0.727972 0.704160 0.575590 1 49 1.000000
  49 -8.036537 5.248201 66.067070 -0.366156 -0.652646 0.663312 0.667490 0.575590 1 49 1.000000
stick
  49 -7.910250 2.877562 66.095039 0.051552 0.652610 0.755938 0.704160 0.575590 1 49 1.000000
  49 -7.939599 2.947572 65.928635 0.004049 0.999729 0.022932 0.685820 0.648930 1 49 1.000000
  49 -8.036535 2.877562 66.067062 -0.498096 0.652638 0.570932 0.667490 0.575590 1 49 1.000000
stick
  49 -8.076686 2.708576 66.124390 -0.573560 -0.000004 0.819163 0.667490 0.502240 1 49 1.000000
  49 -7.910250 2.877562 66.095039 0.051552 0.652610 0.755938 0.704160 0.575590 1 49 1.000000
  49 -8.036535 2.877562 66.067062 -0.498096 0.652638 0.570932 0.667490 0.575590 1 49 1.000000
stick
  49 -8.076686 2.708576 66.124390 -0.573560 -0.000004 0.819163 0.667490 0.502240 1 49 1.000000
  49 -7.898108 2.708577 66.163994 0.174934 -0.000002 0.984580 0.704160 0.502240 1 49 1.000000
  49 -7.910250 2.877562 66.095039 0.051552 0.652610 0.755938 0.704160 0.575590 1 49 1.000000
stick
  49 -7.898108 2.708577 66.163994 0.174934 -0.000002 0.984580 0.704160 0.502240 1 49 1.000000
  49 -7.801172 2.877562 66.025566 0.570985 0.652622 0.498057 0.740830 0.575590 1 49 1.000000
  49 -7.910250 2.877562 66.095039 0.051552 0.652610 0.755938 0.704160 0.575590 1 49 1.000000
stick
  49 -7.898108 2.708577 66.163994 0.174934 -0.000002 0.984580 0.704160 0.502240 1 49 1.000000
  49 -7.743845 2.708577 66.065727 0.850107 -0.058976 0.523297 0.740830 0.502240 1 49 1.000000
  49 -7.801172 2.877562 66.025566 0.570985 0.652622 0.498057 0.740830 0.575590 1 49 1.000000
stick
  49 -7.743845 2.708577 66.065727 0.850107 -0.058976 0.523297 0.740830 0.502240 1 49 1.000000
  49 -7.773194 2.877563 65.899292 0.778966 0.611830 -0.137389 0.777510 0.575590 1 49 1.000000
  49 -7.801172 2.877562 66.025566 0.570985 0.652622 0.498057 0.740830 0.575590 1 49 1.000000
stick
  49 -7.743845 2.708577 66.065727 0.850107 -0.058976 0.523297 0.740830 0.502240 1 49 1.000000
  49 -7.704236 2.708577 65.887146 0.986273 0.000004 -0.165124 0.777510 0.502240 1 49 1.000000
  49 -7.773194 2.877563 65.899292 0.778966 0.611830 -0.137389 0.777510 0.575590 1 49 1.000000
stick
  49 -7.773194 2.877563 65.899292 0.778966 0.611830 -0.137389 0.777510 0.575590 1 49 1.000000
  49 -7.939599 2.947572 65.928635 0.004049 0.999729 0.022932 0.759170 0.648930 1 49 1.000000
  49 -7.801172 2.877562 66.025566 0.570985 0.652622 0.498057 0.740830 0.575590 1 49 1.000000
stick
  49 -7.801172 2.877562 66.025566 0.570985 0.652622 0.498057 0.740830 0.575590 1 49 1.000000
  49 -7.939599 2.947572 65.928635 0.004049 0.999729 0.022932 0.722500 0.648930 1 49 1.000000
  49 -7.910250 2.877562 66.095039 0.051552 0.652610 0.755938 0.704160 0.575590 1 49 1.000000
stick
  49 -7.773193 2.539592 65.899284 0.778924 -0.611893 -0.137348 0.777510 0.428890 1 49 1.000000
  49 -7.704236 2.708577 65.887146 0.986273 0.000004 -0.165124 0.777510 0.502240 1 49 1.000000
  49 -7.743845 2.708577 66.065727 0.850107 -0.058976 0.523297 0.740830 0.502240 1 49 1.000000
stick
  49 -7.773193 2.539592 65.899284 0.778924 -0.611893 -0.137348 0.777510 0.428890 1 49 1.000000
  49 -7.802542 2.708578 65.732887 0.619952 0.058960 -0.782422 0.814180 0.502240 1 49 1.000000
  49 -7.704236 2.708577 65.887146 0.986273 0.000004 -0.165124 0.777510 0.502240 1 49 1.000000
stick
  49 -7.704236 2.708577 65.887146 0.986273 0.000004 -0.165124 0.777510 0.502240 1 49 1.000000
  49 -7.802542 2.708578 65.732887 0.619952 0.058960 -0.782422 0.814180 0.502240 1 49 1.000000
  49 -7.773194 2.877563 65.899292 0.778966 0.611830 -0.137389 0.777510 0.575590 1 49 1.000000
stick
  49 -7.802542 2.708578 65.732887 0.619952 0.058960 -0.782422 0.814180 0.502240 1 49 1.000000
  49 -7.842662 2.877563 65.790207 0.400988 0.715172 -0.572483 0.814180 0.575590 1 49 1.000000
  49 -7.773194 2.877563 65.899292 0.778966 0.611830 -0.137389 0.777510 0.575590 1 49 1.000000
stick
  49 -7.842662 2.877563 65.790207 0.400988 0.715172 -0.572483 0.814180 0.575590 1 49 1.000000
  49 -7.939599 2.947572 65.928635 0.004049 0.999729 0.022932 0.795840 0.648930 1 49 1.000000
  49 -7.773194 2.877563 65.899292 0.778966 0.611830 -0.137389 0.777510 0.575590 1 49 1.000000
stick
  49 -7.802542 2.708578 65.732887 0.619952 0.058960 -0.782422 0.814180 0.502240 1 49 1.000000
  49 -7.968947 2.877563 65.762199 -0.051515 0.652646 -0.755909 0.850860 0.575590 1 49 1.000000
  49 -7.842662 2.877563 65.790207 0.400988 0.715172 -0.572483 0.814180 0.575590 1 49 1.000000
stick
  49 -7.968947 2.877563 65.762199 -0.051515 0.652646 -0.755909 0.850860 0.575590 1 49 1.000000
  49 -7.939599 2.947572 65.928635 0.004049 0.999729 0.022932 0.832520 0.648930 1 49 1.000000
  49 -7.842662 2.877563 65.790207 0.400988 0.715172 -0.572483 0.814180 0.575590 1 49 1.000000
stick
  49 -8.106035 2.877562 65.957985 -0.755933 0.652616 0.051555 0.630810 0.575590 1 49 1.000000
  49 -8.036535 2.877562 66.067062 -0.498096 0.652638 0.570932 0.667490 0.575590 1 49 1.000000
  49 -7.939599 2.947572 65.928635 0.004049 0.999729 0.022932 0.649150 0.648930 1 49 1.000000
stick
  49 -8.174960 2.708577 65.970123 -0.984809 -0.000020 0.173641 0.630810 0.502240 1 49 1.000000
  49 -8.036535 2.877562 66.067062 -0.498096 0.652638 0.570932 0.667490 0.575590 1 49 1.000000
  49 -8.106035 2.877562 65.957985 -0.755933 0.652616 0.051555 0.630810 0.575590 1 49 1.000000
stick
  49 -8.174960 2.708577 65.970123 -0.984809 -0.000020 0.173641 0.630810 0.502240 1 49 1.000000
  49 -8.076686 2.708576 66.124390 -0.573560 -0.000004 0.819163 0.667490 0.502240 1 49 1.000000
  49 -8.036535 2.877562 66.067062 -0.498096 0.652638 0.570932 0.667490 0.575590 1 49 1.000000
stick
  49 -8.106034 2.539592 65.957985 -0.727956 -0.652626 0.210142 0.630810 0.428890 1 49 1.000000
  49 -8.076686 2.708576 66.124390 -0.573560 -0.000004 0.819163 0.667490 0.502240 1 49 1.000000
  49 -8.174960 2.708577 65.970123 -0.984809 -0.000020 0.173641 0.630810 0.502240 1 49 1.000000
stick
  49 -8.106034 2.539592 65.957985 -0.727956 -0.652626 0.210142 0.630810 0.428890 1 49 1.000000
  49 -8.036534 2.539592 66.067062 -0.366156 -0.652646 0.663312 0.667490 0.428890 1 49 1.000000
  49 -8.076686 2.708576 66.124390 -0.573560 -0.000004 0.819163 0.667490 0.502240 1 49 1.000000
stick
  49 -8.036534 2.539592 66.067062 -0.366156 -0.652646 0.663312 0.667490 0.428890 1 49 1.000000
  49 -7.898108 2.708577 66.163994 0.174934 -0.000002 0.984580 0.704160 0.502240 1 49 1.000000
  49 -8.076686 2.708576 66.124390 -0.573560 -0.000004 0.819163 0.667490 0.502240 1 49 1.000000
stick
  49 -8.036534 2.539592 66.067062 -0.366156 -0.652646 0.663312 0.667490 0.428890 1 49 1.000000
  49 -7.910249 2.539592 66.095039 0.210087 -0.652625 0.727972 0.704160 0.428890 1 49 1.000000
  49 -7.898108 2.708577 66.163994 0.174934 -0.000002 0.984580 0.704160 0.502240 1 49 1.000000
stick
  49 -7.910249 2.539592 66.095039 0.210087 -0.652625 0.727972 0.704160 0.428890 1 49 1.000000
  49 -7.743845 2.708577 66.065727 0.850107 -0.058976 0.523297 0.740830 0.502240 1 49 1.000000
  49 -7.898108 2.708577 66.163994 0.174934 -0.000002 0.984580 0.704160 0.502240 1 49 1.000000
stick
  49 -7.910249 2.539592 66.095039 0.210087 -0.652625 0.727972 0.704160 0.428890 1 49 1.000000
  49 -7.801172 2.539592 66.025566 0.572428 -0.715288 0.400860 0.740830 0.428890 1 49 1.000000
  49 -7.743845 2.708577 66.065727 0.850107 -0.058976 0.523297 0.740830 0.502240 1 49 1.000000
stick
  49 -7.801172 2.539592 66.025566 0.572428 -0.715288 0.400860 0.740830 0.428890 1 49 1.000000
  49 -7.773193 2.539592 65.899284 0.778924 -0.611893 -0.137348 0.777510 0.428890 1 49 1.000000
  49 -7.743845 2.708577 66.065727 0.850107 -0.058976 0.523297 0.740830 0.502240 1 49 1.000000
stick
  49 -7.939598 2.469582 65.928635 0.004051 -0.999729 0.022927 0.759170 0.355550 1 49 1.000000
  49 -7.773193 2.539592 65.899284 0.778924 -0.611893 -0.137348 0.777510 0.428890 1 49 1.000000
  49 -7.801172 2.539592 66.025566 0.572428 -0.715288 0.400860 0.740830 0.428890 1 49 1.000000
stick
  49 -7.939598 2.469582 65.928635 0.004051 -0.999729 0.022927 0.722500 0.355550 1 49 1.000000
  49 -7.801172 2.539592 66.025566 0.572428 -0.715288 0.400860 0.740830 0.428890 1 49 1.000000
  49 -7.910249 2.539592 66.095039 0.210087 -0.652625 0.727972 0.704160 0.428890 1 49 1.000000
stick
  49 -7.939598 2.469582 65.928635 0.004051 -0.999729 0.022927 0.649150 0.355550 1 49 1.000000
  49 -8.036534 2.539592 66.067062 -0.366156 -0.652646 0.663312 0.667490 0.428890 1 49 1.000000
  49 -8.106034 2.539592 65.957985 -0.727956 -0.652626 0.210142 0.630810 0.428890 1 49 1.000000
stick
  49 -7.939598 2.469582 65.928635 0.004051 -0.999729 0.022927 0.685820 0.355550 1 49 1.000000
  49 -7.910249 2.539592 66.095039 0.210087 -0.652625 0.727972 0.704160 0.428890 1 49 1.000000
  49 -8.036534 2.539592 66.067062 -0.366156 -0.652646 0.663312 0.667490 0.428890 1 49 1.000000
stick
  49 -8.078026 2.877563 65.831703 -0.570955 0.652643 -0.498064 0.887530 0.575590 1 49 1.000000
  49 -7.939599 2.947572 65.928635 0.004049 0.999729 0.022932 0.869190 0.648930 1 49 1.000000
  49 -7.968947 2.877563 65.762199 -0.051515 0.652646 -0.755909 0.850860 0.575590 1 49 1.000000
stick
  49 -7.981119 2.708577 65.693268 -0.173681 0.000002 -0.984802 0.850860 0.502240 1 49 1.000000
  49 -8.078026 2.877563 65.831703 -0.570955 0.652643 -0.498064 0.887530 0.575590 1 49 1.000000
  49 -7.968947 2.877563 65.762199 -0.051515 0.652646 -0.755909 0.850860 0.575590 1 49 1.000000
stick
  49 -7.802542 2.708578 65.732887 0.619952 0.058960 -0.782422 0.814180 0.502240 1 49 1.000000
  49 -7.981119 2.708577 65.693268 -0.173681 0.000002 -0.984802 0.850860 0.502240 1 49 1.000000
  49 -7.968947 2.877563 65.762199 -0.051515 0.652646 -0.755909 0.850860 0.575590 1 49 1.000000
stick
  49 -7.842661 2.539592 65.790207 0.366152 -0.652637 -0.663323 0.814180 0.428890 1 49 1.000000
  49 -7.981119 2.708577 65.693268 -0.173681 0.000002 -0.984802 0.850860 0.502240 1 49 1.000000
  49 -7.802542 2.708578 65.732887 0.619952 0.058960 -0.782422 0.814180 0.502240 1 49 1.000000
stick
  49 -7.773193 2.539592 65.899284 0.778924 -0.611893 -0.137348 0.777510 0.428890 1 49 1.000000
  49 -7.842661 2.539592 65.790207 0.366152 -0.652637 -0.663323 0.814180 0.428890 1 49 1.000000
  49 -7.802542 2.708578 65.732887 0.619952 0.058960 -0.782422 0.814180 0.502240 1 49 1.000000
stick
  49 -7.939598 2.469582 65.928635 0.004051 -0.999729 0.022927 0.795840 0.355550 1 49 1.000000
  49 -7.842661 2.539592 65.790207 0.366152 -0.652637 -0.663323 0.814180 0.428890 1 49 1.000000
  49 -7.773193 2.539592 65.899284 0.778924 -0.611893 -0.137348 0.777510 0.428890 1 49 1.000000
stick
  49 -7.939598 2.469582 65.928635 0.004051 -0.999729 0.022927 0.832520 0.355550 1 49 1.000000
  49 -7.968946 2.539592 65.762199 -0.210046 -0.652625 -0.727984 0.850860 0.428890 1 49 1.000000
  49 -7.842661 2.539592 65.790207 0.366152 -0.652637 -0.663323 0.814180 0.428890 1 49 1.000000
stick
  49 -7.842661 2.539592 65.790207 0.366152 -0.652637 -0.663323 0.814180 0.428890 1 49 1.000000
  49 -7.968946 2.539592 65.762199 -0.210046 -0.652625 -0.727984 0.850860 0.428890 1 49 1.000000
  49 -7.981119 2.708577 65.693268 -0.173681 0.000002 -0.984802 0.850860 0.502240 1 49 1.000000
stick
  49 -7.968946 2.539592 65.762199 -0.210046 -0.652625 -0.727984 0.850860 0.428890 1 49 1.000000
  49 -8.135385 2.708577 65.791550 -0.819158 -0.000001 -0.573568 0.887530 0.502240 1 49 1.000000
  49 -7.981119 2.708577 65.693268 -0.173681 0.000002 -0.984802 0.850860 0.502240 1 49 1.000000
stick
  49 -7.981119 2.708577 65.693268 -0.173681 0.000002 -0.984802 0.850860 0.502240 1 49 1.000000
  49 -8.135385 2.708577 65.791550 -0.819158 -0.000001 -0.573568 0.887530 0.502240 1 49 1.000000
  49 -8.078026 2.877563 65.831703 -0.570955 0.652643 -0.498064 0.887530 0.575590 1 49 1.000000
stick
  49 -8.135385 2.708577 65.791550 -0.819158 -0.000001 -0.573568 0.887530 0.502240 1 49 1.000000
  49 -8.106035 2.877562 65.957985 -0.755933 0.652616 0.051555 0.924200 0.575590 1 49 1.000000
  49 -8.078026 2.877563 65.831703 -0.570955 0.652643 -0.498064 0.887530 0.575590 1 49 1.000000
stick
  49 -8.106035 2.877562 65.957985 -0.755933 0.652616 0.051555 0.924200 0.575590 1 49 1.000000
  49 -7.939599 2.947572 65.928635 0.004049 0.999729 0.022932 0.905870 0.648930 1 49 1.000000
  49 -8.078026 2.877563 65.831703 -0.570955 0.652643 -0.498064 0.887530 0.575590 1 49 1.000000
stick
  49 -7.939598 2.469582 65.928635 0.004051 -0.999729 0.022927 0.869190 0.355550 1 49 1.000000
  49 -8.078025 2.539592 65.831703 -0.663332 -0.652631 -0.366147 0.887530 0.428890 1 49 1.000000
  49 -7.968946 2.539592 65.762199 -0.210046 -0.652625 -0.727984 0.850860 0.428890 1 49 1.000000
stick
  49 -7.968946 2.539592 65.762199 -0.210046 -0.652625 -0.727984 0.850860 0.428890 1 49 1.000000
  49 -8.078025 2.539592 65.831703 -0.663332 -0.652631 -0.366147 0.887530 0.428890 1 49 1.000000
  49 -8.135385 2.708577 65.791550 -0.819158 -0.000001 -0.573568 0.887530 0.502240 1 49 1.000000
stick
  49 -8.078025 2.539592 65.831703 -0.663332 -0.652631 -0.366147 0.887530 0.428890 1 49 1.000000
  49 -8.174960 2.708577 65.970123 -0.984809 -0.000020 0.173641 0.924200 0.502240 1 49 1.000000
  49 -8.135385 2.708577 65.791550 -0.819158 -0.000001 -0.573568 0.887530 0.502240 1 49 1.000000
stick
  49 -8.174960 2.708577 65.970123 -0.984809 -0.000020 0.173641 0.924200 0.502240 1 49 1.000000
  49 -8.106035 2.877562 65.957985 -0.755933 0.652616 0.051555 0.924200 0.575590 1 49 1.000000
  49 -8.135385 2.708577 65.791550 -0.819158 -0.000001 -0.573568 0.887530 0.502240 1 49 1.000000
stick
  49 -7.939598 2.469582 65.928635 0.004051 -0.999729 0.022927 0.905870 0.355550 1 49 1.000000
  49 -8.106034 2.539592 65.957985 -0.727956 -0.652626 0.210142 0.924200 0.428890 1 49 1.000000
  49 -8.078025 2.539592 65.831703 -0.663332 -0.652631 -0.366147 0.887530 0.428890 1 49 1.000000
stick
  49 -8.106034 2.539592 65.957985 -0.727956 -0.652626 0.210142 0.924200 0.428890 1 49 1.000000
  49 -8.174960 2.708577 65.970123 -0.984809 -0.000020 0.173641 0.924200 0.502240 1 49 1.000000
  49 -8.078025 2.539592 65.831703 -0.663332 -0.652631 -0.366147 0.887530 0.428890 1 49 1.000000
stick
  49 -9.979146 3.664553 66.638237 -0.300368 0.951163 0.071188 0.680860 0.969310 1 49 1.000000
  49 -9.532384 3.791220 66.830864 -0.029334 0.998282 0.050708 0.746850 0.866380 1 49 1.000000
  49 -9.556413 3.792017 66.544388 0.137402 0.990497 -0.006003 0.677250 0.859470 1 49 1.000000
stick
  49 -8.653648 3.705150 67.521942 0.131100 0.990504 -0.041402 0.974850 0.698000 1 49 1.000000
  49 -8.824577 3.664552 67.473602 0.020530 0.851796 -0.523471 0.942960 0.729660 1 49 1.000000
  49 -8.862114 3.728315 67.566010 0.137402 0.990497 -0.006003 0.964210 0.749520 1 49 1.000000
stick
  49 -8.824577 3.664552 67.473602 0.020530 0.851796 -0.523471 0.942960 0.729660 1 49 1.000000
  49 -8.999904 3.664552 67.411499 0.262590 0.859506 -0.438516 0.913140 0.764570 1 49 1.000000
  49 -8.862114 3.728315 67.566010 0.137402 0.990497 -0.006003 0.964210 0.749520 1 49 1.000000
stick
  49 -8.862114 3.728315 67.566010 0.137402 0.990497 -0.006003 0.964210 0.749520 1 49 1.000000
  49 -8.999904 3.664552 67.411499 0.262590 0.859506 -0.438516 0.913140 0.764570 1 49 1.000000
  49 -9.094641 3.751641 67.520386 0.112678 0.990005 0.084817 0.934910 0.799500 1 49 1.000000
stick
  49 -8.999904 3.664552 67.411499 0.262590 0.859506 -0.438516 0.913140 0.764570 1 49 1.000000
  49 -9.136098 3.664552 67.242279 0.390183 0.887535 -0.245027 0.864290 0.785760 1 49 1.000000
  49 -9.094641 3.751641 67.520386 0.112678 0.990005 0.084817 0.934910 0.799500 1 49 1.000000
stick
  49 -9.136098 3.664552 67.242279 0.390183 0.887535 -0.245027 0.864290 0.785760 1 49 1.000000
  49 -9.306965 3.771845 67.353622 -0.030824 0.989156 0.143599 0.882400 0.838840 1 49 1.000000
  49 -9.094641 3.751641 67.520386 0.112678 0.990005 0.084817 0.934910 0.799500 1 49 1.000000
stick
  49 -9.306965 3.771845 67.353622 -0.030824 0.989156 0.143599 0.882400 0.838840 1 49 1.000000
  49 -9.136098 3.664552 67.242279 0.390183 0.887535 -0.245027 0.864290 0.785760 1 49 1.000000
  49 -9.460495 3.785643 67.106827 0.025417 0.998296 0.052522 0.815890 0.862140 1 49 1.000000
stick
  49 -9.136098 3.664552 67.242279 0.390183 0.887535 -0.245027 0.864290 0.785760 1 49 1.000000
  49 -9.204801 3.664552 67.000900 0.380107 0.923001 -0.059892 0.803090 0.789820 1 49 1.000000
  49 -9.460495 3.785643 67.106827 0.025417 0.998296 0.052522 0.815890 0.862140 1 49 1.000000
stick
  49 -9.460495 3.785643 67.106827 0.025417 0.998296 0.052522 0.815890 0.862140 1 49 1.000000
  49 -9.204801 3.664552 67.000900 0.380107 0.923001 -0.059892 0.803090 0.789820 1 49 1.000000
  49 -9.532384 3.791220 66.830864 -0.029334 0.998282 0.050708 0.746850 0.866380 1 49 1.000000
stick
  49 -9.204801 3.664552 67.000900 0.380107 0.923001 -0.059892 0.803090 0.789820 1 49 1.000000
  49 -9.192471 3.664554 66.731155 0.332488 0.942940 0.017756 0.738880 0.775160 1 49 1.000000
  49 -9.532384 3.791220 66.830864 -0.029334 0.998282 0.050708 0.746850 0.866380 1 49 1.000000
stick
  49 -9.532384 3.791220 66.830864 -0.029334 0.998282 0.050708 0.746850 0.866380 1 49 1.000000
  49 -9.192471 3.664554 66.731155 0.332488 0.942940 0.017756 0.738880 0.775160 1 49 1.000000
  49 -9.556413 3.792017 66.544388 0.137402 0.990497 -0.006003 0.677250 0.859470 1 49 1.000000
stick
  49 -9.192471 3.664554 66.731155 0.332488 0.942940 0.017756 0.738880 0.775160 1 49 1.000000
  49 -9.133647 3.664554 66.450539 0.289453 0.956563 0.034689 0.673870 0.749480 1 49 1.000000
  49 -9.556413 3.792017 66.544388 0.137402 0.990497 -0.006003 0.677250 0.859470 1 49 1.000000
stick
  49 -9.979146 3.664553 66.638237 -0.300368 0.951163 0.071188 0.680860 0.969310 1 49 1.000000
  49 -9.872332 3.664552 66.930580 -0.309022 0.940515 0.141198 0.755700 0.957430 1 49 1.000000
  49 -9.532384 3.791220 66.830864 -0.029334 0.998282 0.050708 0.746850 0.866380 1 49 1.000000
stick
  49 -9.872332 3.664552 66.930580 -0.309022 0.940515 0.141198 0.755700 0.957430 1 49 1.000000
  49 -9.716218 3.664552 67.212708 -0.332364 0.923230 0.192821 0.830640 0.934010 1 49 1.000000
  49 -9.532384 3.791220 66.830864 -0.029334 0.998282 0.050708 0.746850 0.866380 1 49 1.000000
stick
  49 -9.716218 3.664552 67.212708 -0.332364 0.923230 0.192821 0.830640 0.934010 1 49 1.000000
  49 -9.460495 3.785643 67.106827 0.025417 0.998296 0.052522 0.815890 0.862140 1 49 1.000000
  49 -9.532384 3.791220 66.830864 -0.029334 0.998282 0.050708 0.746850 0.866380 1 49 1.000000
stick
  49 -9.716218 3.664552 67.212708 -0.332364 0.923230 0.192821 0.830640 0.934010 1 49 1.000000
  49 -9.477830 3.664551 67.464966 -0.312140 0.887231 0.339691 0.903280 0.890770 1 49 1.000000
  49 -9.460495 3.785643 67.106827 0.025417 0.998296 0.052522 0.815890 0.862140 1 49 1.000000
stick
  49 -9.477830 3.664551 67.464966 -0.312140 0.887231 0.339691 0.903280 0.890770 1 49 1.000000
  49 -9.306965 3.771845 67.353622 -0.030824 0.989156 0.143599 0.882400 0.838840 1 49 1.000000
  49 -9.460495 3.785643 67.106827 0.025417 0.998296 0.052522 0.815890 0.862140 1 49 1.000000
stick
  49 -9.477830 3.664551 67.464966 -0.312140 0.887231 0.339691 0.903280 0.890770 1 49 1.000000
  49 -9.189409 3.664552 67.629234 -0.195310 0.845286 0.497339 0.959430 0.832420 1 49 1.000000
  49 -9.306965 3.771845 67.353622 -0.030824 0.989156 0.143599 0.882400 0.838840 1 49 1.000000
stick
  49 -9.306965 3.771845 67.353622 -0.030824 0.989156 0.143599 0.882400 0.838840 1 49 1.000000
  49 -9.189409 3.664552 67.629234 -0.195310 0.845286 0.497339 0.959430 0.832420 1 49 1.000000
  49 -9.094641 3.751641 67.520386 0.112678 0.990005 0.084817 0.934910 0.799500 1 49 1.000000
stick
  49 -9.189409 3.664552 67.629234 -0.195310 0.845286 0.497339 0.959430 0.832420 1 49 1.000000
  49 -8.899589 3.664552 67.658417 0.030408 0.807110 0.589617 0.987600 0.766840 1 49 1.000000
  49 -9.094641 3.751641 67.520386 0.112678 0.990005 0.084817 0.934910 0.799500 1 49 1.000000
stick
  49 -8.899589 3.664552 67.658417 0.030408 0.807110 0.589617 0.987600 0.766840 1 49 1.000000
  49 -8.862114 3.728315 67.566010 0.137402 0.990497 -0.006003 0.964210 0.749520 1 49 1.000000
  49 -9.094641 3.751641 67.520386 0.112678 0.990005 0.084817 0.934910 0.799500 1 49 1.000000
stick
  49 -8.899589 3.664552 67.658417 0.030408 0.807110 0.589617 0.987600 0.766840 1 49 1.000000
  49 -8.657567 3.664552 67.587769 0.252884 0.798137 0.546833 0.992680 0.704900 1 49 1.000000
  49 -8.862114 3.728315 67.566010 0.137402 0.990497 -0.006003 0.964210 0.749520 1 49 1.000000
stick
  49 -8.657567 3.664552 67.587769 0.252884 0.798137 0.546833 0.992680 0.704900 1 49 1.000000
  49 -8.653648 3.705150 67.521942 0.131100 0.990504 -0.041402 0.974850 0.698000 1 49 1.000000
  49 -8.862114 3.728315 67.566010 0.137402 0.990497 -0.006003 0.964210 0.749520 1 49 1.000000
stick
  49 -8.657567 3.664552 67.587769 0.252884 0.798137 0.546833 0.992680 0.704900 1 49 1.000000
  49 -8.496421 3.664553 67.467514 0.407521 0.801445 0.437736 0.982030 0.656360 1 49 1.000000
  49 -8.653648 3.705150 67.521942 0.131100 0.990504 -0.041402 0.974850 0.698000 1 49 1.000000
stick
  49 -8.496421 3.664553 67.467514 0.407521 0.801445 0.437736 0.982030 0.656360 1 49 1.000000
  49 -8.501743 3.684660 67.432747 0.045622 0.987536 -0.150635 0.972210 0.654380 1 49 1.000000
  49 -8.653648 3.705150 67.521942 0.131100 0.990504 -0.041402 0.974850 0.698000 1 49 1.000000
stick
  49 -8.496421 3.664553 67.467514 0.407521 0.801445 0.437736 0.982030 0.656360 1 49 1.000000
  49 -8.383804 3.664553 67.325302 0.131100 0.990504 -0.041402 0.962940 0.615730 1 49 1.000000
  49 -8.501743 3.684660 67.432747 0.045622 0.987536 -0.150635 0.972210 0.654380 1 49 1.000000
stick
  49 -8.383804 3.664553 67.325302 0.131100 0.990504 -0.041402 0.962940 0.615730 1 49 1.000000
  49 -8.507129 3.664553 67.397888 -0.228362 0.858191 -0.459739 0.962700 0.651160 1 49 1.000000
  49 -8.501743 3.684660 67.432747 0.045622 0.987536 -0.150635 0.972210 0.654380 1 49 1.000000
stick
  49 -8.507129 3.664553 67.397888 -0.228362 0.858191 -0.459739 0.962700 0.651160 1 49 1.000000
  49 -8.649727 3.664552 67.456078 -0.146716 0.849310 -0.507097 0.958040 0.688930 1 49 1.000000
  49 -8.501743 3.684660 67.432747 0.045622 0.987536 -0.150635 0.972210 0.654380 1 49 1.000000
stick
  49 -8.501743 3.684660 67.432747 0.045622 0.987536 -0.150635 0.972210 0.654380 1 49 1.000000
  49 -8.649727 3.664552 67.456078 -0.146716 0.849310 -0.507097 0.958040 0.688930 1 49 1.000000
  49 -8.653648 3.705150 67.521942 0.131100 0.990504 -0.041402 0.974850 0.698000 1 49 1.000000
stick
  49 -8.649727 3.664552 67.456078 -0.146716 0.849310 -0.507097 0.958040 0.688930 1 49 1.000000
  49 -8.824577 3.664552 67.473602 0.020530 0.851796 -0.523471 0.942960 0.729660 1 49 1.000000
  49 -8.653648 3.705150 67.521942 0.131100 0.990504 -0.041402 0.974850 0.698000 1 49 1.000000
stick
  49 -12.662392 3.664554 65.181580 -0.178327 -0.963425 -0.200026 0.279010 0.568870 1 49 1.000000
  49 -12.421260 3.664555 64.957428 -0.132730 -0.980813 -0.142785 0.367350 0.627150 1 49 1.000000
  49 -12.279264 3.614715 65.167778 0.394008 -0.754787 -0.524456 0.402110 0.551590 1 49 1.000000
stick
  49 -12.528679 3.529184 65.992310 -0.112552 -0.993455 -0.019476 0.281520 0.303940 1 49 1.000000
  49 -12.799126 3.580075 65.896332 -0.202456 -0.976563 -0.073055 0.201000 0.348620 1 49 1.000000
  49 -12.438468 3.529568 65.744171 -0.101322 -0.992886 -0.062530 0.322920 0.376450 1 49 1.000000
stick
  49 -12.799126 3.580075 65.896332 -0.202456 -0.976563 -0.073055 0.201000 0.348620 1 49 1.000000
  49 -12.660765 3.581286 65.598923 -0.205033 -0.968404 -0.141967 0.260000 0.434440 1 49 1.000000
  49 -12.438468 3.529568 65.744171 -0.101322 -0.992886 -0.062530 0.322920 0.376450 1 49 1.000000
stick
  49 -12.799126 3.580075 65.896332 -0.202456 -0.976563 -0.073055 0.201000 0.348620 1 49 1.000000
  49 -13.062469 3.664552 65.797737 -0.268646 -0.957586 -0.104206 0.120020 0.395160 1 49 1.000000
  49 -12.660765 3.581286 65.598923 -0.205033 -0.968404 -0.141967 0.260000 0.434440 1 49 1.000000
stick
  49 -13.062469 3.664552 65.797737 -0.268646 -0.957586 -0.104206 0.120020 0.395160 1 49 1.000000
  49 -12.887267 3.664554 65.456001 -0.248315 -0.954904 -0.162780 0.193250 0.494000 1 49 1.000000
  49 -12.660765 3.581286 65.598923 -0.205033 -0.968404 -0.141967 0.260000 0.434440 1 49 1.000000
stick
  49 -12.887267 3.664554 65.456001 -0.248315 -0.954904 -0.162780 0.193250 0.494000 1 49 1.000000
  49 -12.662392 3.664554 65.181580 -0.178327 -0.963425 -0.200026 0.279010 0.568870 1 49 1.000000
  49 -12.660765 3.581286 65.598923 -0.205033 -0.968404 -0.141967 0.260000 0.434440 1 49 1.000000
stick
  49 -12.662392 3.664554 65.181580 -0.178327 -0.963425 -0.200026 0.279010 0.568870 1 49 1.000000
  49 -12.472340 3.587533 65.355629 -0.111752 -0.971510 -0.208996 0.331840 0.500960 1 49 1.000000
  49 -12.660765 3.581286 65.598923 -0.205033 -0.968404 -0.141967 0.260000 0.434440 1 49 1.000000
stick
  49 -12.472340 3.587533 65.355629 -0.111752 -0.971510 -0.208996 0.331840 0.500960 1 49 1.000000
  49 -12.662392 3.664554 65.181580 -0.178327 -0.963425 -0.200026 0.279010 0.568870 1 49 1.000000
  49 -12.279264 3.614715 65.167778 0.394008 -0.754787 -0.524456 0.402110 0.551590 1 49 1.000000
stick
  49 -12.472340 3.587533 65.355629 -0.111752 -0.971510 -0.208996 0.331840 0.500960 1 49 1.000000
  49 -12.279264 3.614715 65.167778 0.394008 -0.754787 -0.524456 0.402110 0.551590 1 49 1.000000
  49 -12.146989 3.572780 65.373955 0.302717 -0.874683 -0.378540 0.433390 0.478150 1 49 1.000000
stick
  49 -12.146989 3.572780 65.373955 0.302717 -0.874683 -0.378540 0.433390 0.478150 1 49 1.000000
  49 -12.279264 3.614715 65.167778 0.394008 -0.754787 -0.524456 0.402110 0.551590 1 49 1.000000
  49 -12.109516 3.664555 65.318245 0.684487 -0.000001 -0.729025 0.459820 0.503030 1 49 1.000000
stick
  49 -11.963121 3.664554 65.445007 0.684487 -0.000001 -0.729025 0.497800 0.453140 1 49 1.000000
  49 -12.146989 3.572780 65.373955 0.302717 -0.874683 -0.378540 0.433390 0.478150 1 49 1.000000
  49 -12.109516 3.664555 65.318245 0.684487 -0.000001 -0.729025 0.459820 0.503030 1 49 1.000000
stick
  49 -11.963121 3.664554 65.445007 0.684487 -0.000001 -0.729025 0.497800 0.453140 1 49 1.000000
  49 -12.109516 3.664555 65.318245 0.684487 -0.000001 -0.729025 0.459820 0.503030 1 49 1.000000
  49 -12.146989 3.756328 65.373955 0.302719 0.874684 -0.378535 0.433390 0.478150 1 49 1.000000
stick
  49 -11.963121 3.664554 65.445007 0.684487 -0.000001 -0.729025 0.497800 0.453140 1 49 1.000000
  49 -12.146989 3.756328 65.373955 0.302719 0.874684 -0.378535 0.433390 0.478150 1 49 1.000000
  49 -12.045944 3.792304 65.602936 0.229896 0.936307 -0.265476 0.452980 0.399620 1 49 1.000000
stick
  49 -12.146989 3.756328 65.373955 0.302719 0.874684 -0.378535 0.433390 0.478150 1 49 1.000000
  49 -12.282677 3.794024 65.529144 -0.039873 0.992973 -0.111423 0.383020 0.435240 1 49 1.000000
  49 -12.045944 3.792304 65.602936 0.229896 0.936307 -0.265476 0.452980 0.399620 1 49 1.000000
stick
  49 -12.282677 3.794024 65.529144 -0.039873 0.992973 -0.111423 0.383020 0.435240 1 49 1.000000
  49 -11.716830 3.823882 66.594673 0.004049 0.999729 0.022932 0.502340 0.072210 1 49 1.000000
  49 -12.045944 3.792304 65.602936 0.229896 0.936307 -0.265476 0.452980 0.399620 1 49 1.000000
stick
  49 -11.716830 3.823882 66.594673 0.004049 0.999729 0.022932 0.502340 0.072210 1 49 1.000000
  49 -12.282677 3.794024 65.529144 -0.039873 0.992973 -0.111423 0.383020 0.435240 1 49 1.000000
  49 -12.438469 3.799537 65.744171 -0.095187 0.994986 -0.030690 0.322920 0.376450 1 49 1.000000
stick
  49 -12.528679 3.799918 65.992310 -0.095187 0.994986 -0.030690 0.281520 0.303940 1 49 1.000000
  49 -11.716830 3.823882 66.594673 0.004049 0.999729 0.022932 0.502340 0.072210 1 49 1.000000
  49 -12.438469 3.799537 65.744171 -0.095187 0.994986 -0.030690 0.322920 0.376450 1 49 1.000000
stick
  49 -12.799126 3.749028 65.896332 -0.202458 0.976562 -0.073052 0.201000 0.348620 1 49 1.000000
  49 -12.528679 3.799918 65.992310 -0.095187 0.994986 -0.030690 0.281520 0.303940 1 49 1.000000
  49 -12.438469 3.799537 65.744171 -0.095187 0.994986 -0.030690 0.322920 0.376450 1 49 1.000000
stick
  49 -12.528679 3.799918 65.992310 -0.095187 0.994986 -0.030690 0.281520 0.303940 1 49 1.000000
  49 -12.799126 3.749028 65.896332 -0.202458 0.976562 -0.073052 0.201000 0.348620 1 49 1.000000
  49 -12.594388 3.799982 66.240646 -0.095187 0.994986 -0.030690 0.247720 0.230160 1 49 1.000000
stick
  49 -13.172022 3.664551 66.166618 -0.274662 -0.960512 -0.044466 0.066820 0.284480 1 49 1.000000
  49 -13.062469 3.664552 65.797737 -0.268646 -0.957586 -0.104206 0.120020 0.395160 1 49 1.000000
  49 -12.884686 3.579916 66.211899 -0.221465 -0.974339 -0.040217 0.157810 0.254500 1 49 1.000000
stick
  49 -13.062469 3.664552 65.797737 -0.268646 -0.957586 -0.104206 0.120020 0.395160 1 49 1.000000
  49 -12.799126 3.580075 65.896332 -0.202456 -0.976563 -0.073055 0.201000 0.348620 1 49 1.000000
  49 -12.884686 3.579916 66.211899 -0.221465 -0.974339 -0.040217 0.157810 0.254500 1 49 1.000000
stick
  49 -12.884686 3.579916 66.211899 -0.221465 -0.974339 -0.040217 0.157810 0.254500 1 49 1.000000
  49 -12.799126 3.580075 65.896332 -0.202456 -0.976563 -0.073055 0.201000 0.348620 1 49 1.000000
  49 -12.594386 3.529121 66.240646 -0.112552 -0.993455 -0.019476 0.247720 0.230160 1 49 1.000000
stick
  49 -12.799126 3.580075 65.896332 -0.202456 -0.976563 -0.073055 0.201000 0.348620 1 49 1.000000
  49 -12.528679 3.529184 65.992310 -0.112552 -0.993455 -0.019476 0.281520 0.303940 1 49 1.000000
  49 -12.594386 3.529121 66.240646 -0.112552 -0.993455 -0.019476 0.247720 0.230160 1 49 1.000000
stick
  49 -11.716830 3.823882 66.594673 0.004049 0.999729 0.022932 0.502340 0.072210 1 49 1.000000
  49 -12.528679 3.799918 65.992310 -0.095187 0.994986 -0.030690 0.281520 0.303940 1 49 1.000000
  49 -12.594388 3.799982 66.240646 -0.095187 0.994986 -0.030690 0.247720 0.230160 1 49 1.000000
stick
  49 -11.716830 3.823882 66.594673 0.004049 0.999729 0.022932 0.502340 0.072210 1 49 1.000000
  49 -12.594388 3.799982 66.240646 -0.095187 0.994986 -0.030690 0.247720 0.230160 1 49 1.000000
  49 -12.593530 3.799981 66.494171 -0.108686 0.994074 0.001824 0.234260 0.151340 1 49 1.000000
stick
  49 -11.716830 3.823882 66.594673 0.004049 0.999729 0.022932 0.502340 0.072210 1 49 1.000000
  49 -12.593530 3.799981 66.494171 -0.108686 0.994074 0.001824 0.234260 0.151340 1 49 1.000000
  49 -12.562872 3.799980 66.743835 -0.108686 0.994074 0.001824 0.230000 0.072210 1 49 1.000000
stick
  49 -12.506310 3.799980 66.988953 -0.108686 0.994074 0.001824 0.234260 0.151340 1 49 1.000000
  49 -11.716830 3.823882 66.594673 0.004049 0.999729 0.022932 0.502340 0.072210 1 49 1.000000
  49 -12.562872 3.799980 66.743835 -0.108686 0.994074 0.001824 0.230000 0.072210 1 49 1.000000
stick
  49 -12.812065 3.749187 67.079193 -0.202852 0.976299 0.075446 0.133700 0.162070 1 49 1.000000
  49 -12.506310 3.799980 66.988953 -0.108686 0.994074 0.001824 0.234260 0.151340 1 49 1.000000
  49 -12.562872 3.799980 66.743835 -0.108686 0.994074 0.001824 0.230000 0.072210 1 49 1.000000
stick
  49 -12.812065 3.749187 67.079193 -0.202852 0.976299 0.075446 0.133700 0.162070 1 49 1.000000
  49 -12.683357 3.749186 67.353821 -0.194361 0.974337 0.113539 0.157810 0.254500 1 49 1.000000
  49 -12.506310 3.799980 66.988953 -0.108686 0.994074 0.001824 0.234260 0.151340 1 49 1.000000
stick
  49 -12.683357 3.749186 67.353821 -0.194361 0.974337 0.113539 0.157810 0.254500 1 49 1.000000
  49 -12.420401 3.799980 67.227470 -0.099096 0.993456 0.056797 0.247720 0.230160 1 49 1.000000
  49 -12.506310 3.799980 66.988953 -0.108686 0.994074 0.001824 0.234260 0.151340 1 49 1.000000
stick
  49 -12.683357 3.749186 67.353821 -0.194361 0.974337 0.113539 0.157810 0.254500 1 49 1.000000
  49 -12.494998 3.749025 67.621078 -0.165258 0.976563 0.137892 0.201000 0.348620 1 49 1.000000
  49 -12.420401 3.799980 67.227470 -0.099096 0.993456 0.056797 0.247720 0.230160 1 49 1.000000
stick
  49 -12.494998 3.749025 67.621078 -0.165258 0.976563 0.137892 0.201000 0.348620 1 49 1.000000
  49 -12.273690 3.799915 67.438393 -0.099096 0.993456 0.056797 0.281520 0.303940 1 49 1.000000
  49 -12.420401 3.799980 67.227470 -0.099096 0.993456 0.056797 0.247720 0.230160 1 49 1.000000
stick
  49 -12.273690 3.799915 67.438393 -0.099096 0.993456 0.056797 0.281520 0.303940 1 49 1.000000
  49 -12.494998 3.749025 67.621078 -0.165258 0.976563 0.137892 0.201000 0.348620 1 49 1.000000
  49 -12.104066 3.799534 67.640709 -0.073831 0.992886 0.093416 0.322920 0.376450 1 49 1.000000
stick
  49 -12.273690 3.799915 67.438393 -0.099096 0.993456 0.056797 0.281520 0.303940 1 49 1.000000
  49 -12.104066 3.799534 67.640709 -0.073831 0.992886 0.093416 0.322920 0.376450 1 49 1.000000
  49 -11.716830 3.823882 66.594673 0.004049 0.999729 0.022932 0.502340 0.072210 1 49 1.000000
stick
  49 -12.420401 3.799980 67.227470 -0.099096 0.993456 0.056797 0.247720 0.230160 1 49 1.000000
  49 -12.273690 3.799915 67.438393 -0.099096 0.993456 0.056797 0.281520 0.303940 1 49 1.000000
  49 -11.716830 3.823882 66.594673 0.004049 0.999729 0.022932 0.502340 0.072210 1 49 1.000000
stick
  49 -12.506310 3.799980 66.988953 -0.108686 0.994074 0.001824 0.234260 0.151340 1 49 1.000000
  49 -12.420401 3.799980 67.227470 -0.099096 0.993456 0.056797 0.247720 0.230160 1 49 1.000000
  49 -11.716830 3.823882 66.594673 0.004049 0.999729 0.022932 0.502340 0.072210 1 49 1.000000
stick
  49 -12.799126 3.749028 65.896332 -0.202458 0.976562 -0.073052 0.201000 0.348620 1 49 1.000000
  49 -12.884687 3.749187 66.211899 -0.221514 0.974328 -0.040207 0.157810 0.254500 1 49 1.000000
  49 -12.594388 3.799982 66.240646 -0.095187 0.994986 -0.030690 0.247720 0.230160 1 49 1.000000
stick
  49 -12.594388 3.799982 66.240646 -0.095187 0.994986 -0.030690 0.247720 0.230160 1 49 1.000000
  49 -12.884687 3.749187 66.211899 -0.221514 0.974328 -0.040207 0.157810 0.254500 1 49 1.000000
  49 -12.593530 3.799981 66.494171 -0.108686 0.994074 0.001824 0.234260 0.151340 1 49 1.000000
stick
  49 -12.884687 3.749187 66.211899 -0.221514 0.974328 -0.040207 0.157810 0.254500 1 49 1.000000
  49 -12.911742 3.749187 66.513954 -0.216425 0.976298 -0.001520 0.133700 0.162070 1 49 1.000000
  49 -12.593530 3.799981 66.494171 -0.108686 0.994074 0.001824 0.234260 0.151340 1 49 1.000000
stick
  49 -12.593530 3.799981 66.494171 -0.108686 0.994074 0.001824 0.234260 0.151340 1 49 1.000000
  49 -12.911742 3.749187 66.513954 -0.216425 0.976298 -0.001520 0.133700 0.162070 1 49 1.000000
  49 -12.562872 3.799980 66.743835 -0.108686 0.994074 0.001824 0.230000 0.072210 1 49 1.000000
stick
  49 -12.911742 3.749187 66.513954 -0.216425 0.976298 -0.001520 0.133700 0.162070 1 49 1.000000
  49 -12.885515 3.749187 66.800751 -0.230035 0.972337 0.040565 0.126150 0.072210 1 49 1.000000
  49 -12.562872 3.799980 66.743835 -0.108686 0.994074 0.001824 0.230000 0.072210 1 49 1.000000
stick
  49 -12.885515 3.749187 66.800751 -0.230035 0.972337 0.040565 0.126150 0.072210 1 49 1.000000
  49 -12.812065 3.749187 67.079193 -0.202852 0.976299 0.075446 0.133700 0.162070 1 49 1.000000
  49 -12.562872 3.799980 66.743835 -0.108686 0.994074 0.001824 0.230000 0.072210 1 49 1.000000
stick
  49 -13.092261 3.664550 67.176102 -0.259492 0.961771 0.087520 0.038420 0.176120 1 49 1.000000
  49 -12.812065 3.749187 67.079193 -0.202852 0.976299 0.075446 0.133700 0.162070 1 49 1.000000
  49 -12.885515 3.749187 66.800751 -0.230035 0.972337 0.040565 0.126150 0.072210 1 49 1.000000
stick
  49 -13.092261 3.664550 67.176102 -0.259492 0.961771 0.087520 0.038420 0.176120 1 49 1.000000
  49 -12.937871 3.664550 67.494637 -0.242884 0.960515 0.135717 0.066820 0.284480 1 49 1.000000
  49 -12.812065 3.749187 67.079193 -0.202852 0.976299 0.075446 0.133700 0.162070 1 49 1.000000
stick
  49 -12.812065 3.749187 67.079193 -0.202852 0.976299 0.075446 0.133700 0.162070 1 49 1.000000
  49 -12.937871 3.664550 67.494637 -0.242884 0.960515 0.135717 0.066820 0.284480 1 49 1.000000
  49 -12.683357 3.749186 67.353821 -0.194361 0.974337 0.113539 0.157810 0.254500 1 49 1.000000
stick
  49 -12.937871 3.664550 67.494637 -0.242884 0.960515 0.135717 0.066820 0.284480 1 49 1.000000
  49 -12.708753 3.664549 67.803795 -0.216709 0.957571 0.189987 0.120020 0.395160 1 49 1.000000
  49 -12.683357 3.749186 67.353821 -0.194361 0.974337 0.113539 0.157810 0.254500 1 49 1.000000
stick
  49 -12.708753 3.664549 67.803795 -0.216709 0.957571 0.189987 0.120020 0.395160 1 49 1.000000
  49 -12.494998 3.749025 67.621078 -0.165258 0.976563 0.137892 0.201000 0.348620 1 49 1.000000
  49 -12.683357 3.749186 67.353821 -0.194361 0.974337 0.113539 0.157810 0.254500 1 49 1.000000
stick
  49 -12.494998 3.749025 67.621078 -0.165258 0.976563 0.137892 0.201000 0.348620 1 49 1.000000
  49 -12.708753 3.664549 67.803795 -0.216709 0.957571 0.189987 0.120020 0.395160 1 49 1.000000
  49 -12.263267 3.747815 67.853226 -0.144113 0.968401 0.203546 0.260000 0.434440 1 49 1.000000
stick
  49 -12.494998 3.749025 67.621078 -0.165258 0.976563 0.137892 0.201000 0.348620 1 49 1.000000
  49 -12.263267 3.747815 67.853226 -0.144113 0.968401 0.203546 0.260000 0.434440 1 49 1.000000
  49 -12.104066 3.799534 67.640709 -0.073831 0.992886 0.093416 0.322920 0.376450 1 49 1.000000
stick
  49 -12.263267 3.747815 67.853226 -0.144113 0.968401 0.203546 0.260000 0.434440 1 49 1.000000
  49 -11.884129 3.794021 67.789459 0.007146 0.990734 0.135627 0.383020 0.435240 1 49 1.000000
  49 -12.104066 3.799534 67.640709 -0.073831 0.992886 0.093416 0.322920 0.376450 1 49 1.000000
stick
  49 -12.104066 3.799534 67.640709 -0.073831 0.992886 0.093416 0.322920 0.376450 1 49 1.000000
  49 -11.884129 3.794021 67.789459 0.007146 0.990734 0.135627 0.383020 0.435240 1 49 1.000000
  49 -11.716830 3.823882 66.594673 0.004049 0.999729 0.022932 0.502340 0.072210 1 49 1.000000
stick
  49 -11.884129 3.794021 67.789459 0.007146 0.990734 0.135627 0.383020 0.435240 1 49 1.000000
  49 -11.686911 3.792269 67.639145 0.306849 0.936306 0.170804 0.452980 0.399620 1 49 1.000000
  49 -11.716830 3.823882 66.594673 0.004049 0.999729 0.022932 0.502340 0.072210 1 49 1.000000
stick
  49 -11.686911 3.792269 67.639145 0.306849 0.936306 0.170804 0.452980 0.399620 1 49 1.000000
  49 -11.583248 3.793991 67.459969 0.306849 0.936306 0.170804 0.495420 0.349670 1 49 1.000000
  49 -11.716830 3.823882 66.594673 0.004049 0.999729 0.022932 0.502340 0.072210 1 49 1.000000
stick
  49 -11.686911 3.792269 67.639145 0.306849 0.936306 0.170804 0.452980 0.399620 1 49 1.000000
  49 -11.458747 3.664551 67.620636 0.462957 0.825082 0.323897 0.534090 0.414640 1 49 1.000000
  49 -11.583248 3.793991 67.459969 0.306849 0.936306 0.170804 0.495420 0.349670 1 49 1.000000
stick
  49 -12.708753 3.664549 67.803795 -0.216709 0.957571 0.189987 0.120020 0.395160 1 49 1.000000
  49 -12.427218 3.664548 68.064964 -0.177560 0.954894 0.238012 0.193250 0.494000 1 49 1.000000
  49 -12.263267 3.747815 67.853226 -0.144113 0.968401 0.203546 0.260000 0.434440 1 49 1.000000
stick
  49 -12.263267 3.747815 67.853226 -0.144113 0.968401 0.203546 0.260000 0.434440 1 49 1.000000
  49 -12.002986 3.741569 68.017395 -0.033527 0.971511 0.234611 0.331840 0.500960 1 49 1.000000
  49 -11.884129 3.794021 67.789459 0.007146 0.990734 0.135627 0.383020 0.435240 1 49 1.000000
stick
  49 -12.122037 3.664549 68.245941 -0.099216 0.963452 0.248830 0.279010 0.568870 1 49 1.000000
  49 -12.002986 3.741569 68.017395 -0.033527 0.971511 0.234611 0.331840 0.500960 1 49 1.000000
  49 -12.263267 3.747815 67.853226 -0.144113 0.968401 0.203546 0.260000 0.434440 1 49 1.000000
stick
  49 -12.427218 3.664548 68.064964 -0.177560 0.954894 0.238012 0.193250 0.494000 1 49 1.000000
  49 -12.122037 3.664549 68.245941 -0.099216 0.963452 0.248830 0.279010 0.568870 1 49 1.000000
  49 -12.263267 3.747815 67.853226 -0.144113 0.968401 0.203546 0.260000 0.434440 1 49 1.000000
stick
  49 -11.884129 3.794021 67.789459 0.007146 0.990734 0.135627 0.383020 0.435240 1 49 1.000000
  49 -11.703542 3.756325 67.888878 0.413934 0.874697 0.252117 0.433390 0.478150 1 49 1.000000
  49 -11.686911 3.792269 67.639145 0.306849 0.936306 0.170804 0.452980 0.399620 1 49 1.000000
stick
  49 -11.884129 3.794021 67.789459 0.007146 0.990734 0.135627 0.383020 0.435240 1 49 1.000000
  49 -12.002986 3.741569 68.017395 -0.033527 0.971511 0.234611 0.331840 0.500960 1 49 1.000000
  49 -11.703542 3.756325 67.888878 0.413934 0.874697 0.252117 0.433390 0.478150 1 49 1.000000
stick
  49 -12.002986 3.741569 68.017395 -0.033527 0.971511 0.234611 0.331840 0.500960 1 49 1.000000
  49 -11.757330 3.714388 68.127876 0.549618 0.754782 0.358084 0.402110 0.551590 1 49 1.000000
  49 -11.703542 3.756325 67.888878 0.413934 0.874697 0.252117 0.433390 0.478150 1 49 1.000000
stick
  49 -12.002986 3.741569 68.017395 -0.033527 0.971511 0.234611 0.331840 0.500960 1 49 1.000000
  49 -12.122037 3.664549 68.245941 -0.099216 0.963452 0.248830 0.279010 0.568870 1 49 1.000000
  49 -11.757330 3.714388 68.127876 0.549618 0.754782 0.358084 0.402110 0.551590 1 49 1.000000
stick
  49 -12.122037 3.664549 68.245941 -0.099216 0.963452 0.248830 0.279010 0.568870 1 49 1.000000
  49 -11.818833 3.664549 68.374107 -0.075899 0.980813 0.179567 0.367350 0.627150 1 49 1.000000
  49 -11.757330 3.714388 68.127876 0.549618 0.754782 0.358084 0.402110 0.551590 1 49 1.000000
stick
  49 -11.583248 3.793991 67.459969 0.306849 0.936306 0.170804 0.495420 0.349670 1 49 1.000000
  49 -11.488256 3.793991 67.295982 0.242755 0.948694 0.202607 0.534480 0.304020 1 49 1.000000
  49 -11.716830 3.823882 66.594673 0.004049 0.999729 0.022932 0.502340 0.072210 1 49 1.000000
stick
  49 -11.488256 3.793991 67.295982 0.242755 0.948694 0.202607 0.534480 0.304020 1 49 1.000000
  49 -11.349894 3.793991 67.146912 0.150037 0.966573 0.207905 0.586300 0.265280 1 49 1.000000
  49 -11.716830 3.823882 66.594673 0.004049 0.999729 0.022932 0.502340 0.072210 1 49 1.000000
stick
  49 -11.716830 3.823882 66.594673 0.004049 0.999729 0.022932 0.502340 0.072210 1 49 1.000000
  49 -11.349894 3.793991 67.146912 0.150037 0.966573 0.207905 0.586300 0.265280 1 49 1.000000
  49 -11.305123 3.823881 66.522087 0.004049 0.999729 0.022932 0.634860 0.072210 1 49 1.000000
stick
  49 -11.349894 3.793991 67.146912 0.150037 0.966573 0.207905 0.586300 0.265280 1 49 1.000000
  49 -11.127277 3.793991 67.021523 0.116093 0.961455 0.249254 0.662980 0.238300 1 49 1.000000
  49 -11.305123 3.823881 66.522087 0.004049 0.999729 0.022932 0.634860 0.072210 1 49 1.000000
stick
  49 -11.127277 3.793991 67.021523 0.116093 0.961455 0.249254 0.662980 0.238300 1 49 1.000000
  49 -11.011189 3.823882 66.470230 0.004049 0.999729 0.022932 0.729470 0.072210 1 49 1.000000
  49 -11.305123 3.823881 66.522087 0.004049 0.999729 0.022932 0.634860 0.072210 1 49 1.000000
stick
  49 -11.127277 3.793991 67.021523 0.116093 0.961455 0.249254 0.662980 0.238300 1 49 1.000000
  49 -10.883058 3.793991 66.928055 0.095802 0.954950 0.280878 0.744440 0.222300 1 49 1.000000
  49 -11.011189 3.823882 66.470230 0.004049 0.999729 0.022932 0.729470 0.072210 1 49 1.000000
stick
  49 -10.883058 3.793991 66.928055 0.095802 0.954950 0.280878 0.744440 0.222300 1 49 1.000000
  49 -10.778410 3.823882 66.429192 0.004049 0.999729 0.022932 0.804410 0.072210 1 49 1.000000
  49 -11.011189 3.823882 66.470230 0.004049 0.999729 0.022932 0.729470 0.072210 1 49 1.000000
stick
  49 -10.662194 3.794025 65.991417 0.120485 0.926725 -0.355900 0.864130 0.202080 1 49 1.000000
  49 -10.778410 3.823882 66.429192 0.004049 0.999729 0.022932 0.804410 0.072210 1 49 1.000000
  49 -10.597409 3.823882 66.397301 0.004049 0.999729 0.022932 0.862670 0.072210 1 49 1.000000
stick
  49 -10.662194 3.794025 65.991417 0.120485 0.926725 -0.355900 0.864130 0.202080 1 49 1.000000
  49 -10.835068 3.794025 65.983040 0.017563 0.930756 -0.365219 0.811240 0.214320 1 49 1.000000
  49 -10.778410 3.823882 66.429192 0.004049 0.999729 0.022932 0.804410 0.072210 1 49 1.000000
stick
  49 -10.778410 3.823882 66.429192 0.004049 0.999729 0.022932 0.804410 0.072210 1 49 1.000000
  49 -10.835068 3.794025 65.983040 0.017563 0.930756 -0.365219 0.811240 0.214320 1 49 1.000000
  49 -11.047389 3.794025 65.996201 -0.006053 0.954940 -0.296735 0.744440 0.222300 1 49 1.000000
stick
  49 -11.011189 3.823882 66.470230 0.004049 0.999729 0.022932 0.729470 0.072210 1 49 1.000000
  49 -10.778410 3.823882 66.429192 0.004049 0.999729 0.022932 0.804410 0.072210 1 49 1.000000
  49 -11.047389 3.794025 65.996201 -0.006053 0.954940 -0.296735 0.744440 0.222300 1 49 1.000000
stick
  49 -11.011189 3.823882 66.470230 0.004049 0.999729 0.022932 0.729470 0.072210 1 49 1.000000
  49 -11.047389 3.794025 65.996201 -0.006053 0.954940 -0.296735 0.744440 0.222300 1 49 1.000000
  49 -11.308819 3.794024 65.991928 0.023831 0.961453 -0.273932 0.662980 0.238300 1 49 1.000000
stick
  49 -11.305123 3.823881 66.522087 0.004049 0.999729 0.022932 0.634860 0.072210 1 49 1.000000
  49 -11.011189 3.823882 66.470230 0.004049 0.999729 0.022932 0.729470 0.072210 1 49 1.000000
  49 -11.308819 3.794024 65.991928 0.023831 0.961453 -0.273932 0.662980 0.238300 1 49 1.000000
stick
  49 -11.305123 3.823881 66.522087 0.004049 0.999729 0.022932 0.634860 0.072210 1 49 1.000000
  49 -11.308819 3.794024 65.991928 0.023831 0.961453 -0.273932 0.662980 0.238300 1 49 1.000000
  49 -11.560910 3.794024 65.950249 0.069875 0.966562 -0.246728 0.586300 0.265280 1 49 1.000000
stick
  49 -11.716830 3.823882 66.594673 0.004049 0.999729 0.022932 0.502340 0.072210 1 49 1.000000
  49 -11.305123 3.823881 66.522087 0.004049 0.999729 0.022932 0.634860 0.072210 1 49 1.000000
  49 -11.560910 3.794024 65.950249 0.069875 0.966562 -0.246728 0.586300 0.265280 1 49 1.000000
stick
  49 -11.716830 3.823882 66.594673 0.004049 0.999729 0.022932 0.502340 0.072210 1 49 1.000000
  49 -11.560910 3.794024 65.950249 0.069875 0.966562 -0.246728 0.586300 0.265280 1 49 1.000000
  49 -11.741911 3.794025 65.857483 0.158872 0.948670 -0.273469 0.534480 0.304020 1 49 1.000000
stick
  49 -11.887252 3.794024 65.735855 0.229896 0.936307 -0.265476 0.495420 0.349670 1 49 1.000000
  49 -11.716830 3.823882 66.594673 0.004049 0.999729 0.022932 0.502340 0.072210 1 49 1.000000
  49 -11.741911 3.794025 65.857483 0.158872 0.948670 -0.273469 0.534480 0.304020 1 49 1.000000
stick
  49 -12.045944 3.792304 65.602936 0.229896 0.936307 -0.265476 0.452980 0.399620 1 49 1.000000
  49 -11.716830 3.823882 66.594673 0.004049 0.999729 0.022932 0.502340 0.072210 1 49 1.000000
  49 -11.887252 3.794024 65.735855 0.229896 0.936307 -0.265476 0.495420 0.349670 1 49 1.000000
stick
  49 -10.395061 3.793991 66.689766 0.366910 0.879167 0.304042 0.908900 0.174980 1 49 1.000000
  49 -10.452038 3.823882 66.371643 0.028056 0.999594 -0.004894 0.909460 0.072210 1 49 1.000000
  49 -10.597409 3.823882 66.397301 0.004049 0.999729 0.022932 0.862670 0.072210 1 49 1.000000
stick
  49 -10.519466 3.793991 66.800812 0.234923 0.926729 0.293229 0.864130 0.202080 1 49 1.000000
  49 -10.395061 3.793991 66.689766 0.366910 0.879167 0.304042 0.908900 0.174980 1 49 1.000000
  49 -10.597409 3.823882 66.397301 0.004049 0.999729 0.022932 0.862670 0.072210 1 49 1.000000
stick
  49 -10.778410 3.823882 66.429192 0.004049 0.999729 0.022932 0.804410 0.072210 1 49 1.000000
  49 -10.519466 3.793991 66.800812 0.234923 0.926729 0.293229 0.864130 0.202080 1 49 1.000000
  49 -10.597409 3.823882 66.397301 0.004049 0.999729 0.022932 0.862670 0.072210 1 49 1.000000
stick
  49 -10.679051 3.793991 66.867828 0.141415 0.930759 0.337177 0.811240 0.214320 1 49 1.000000
  49 -10.519466 3.793991 66.800812 0.234923 0.926729 0.293229 0.864130 0.202080 1 49 1.000000
  49 -10.778410 3.823882 66.429192 0.004049 0.999729 0.022932 0.804410 0.072210 1 49 1.000000
stick
  49 -10.883058 3.793991 66.928055 0.095802 0.954950 0.280878 0.744440 0.222300 1 49 1.000000
  49 -10.679051 3.793991 66.867828 0.141415 0.930759 0.337177 0.811240 0.214320 1 49 1.000000
  49 -10.778410 3.823882 66.429192 0.004049 0.999729 0.022932 0.804410 0.072210 1 49 1.000000
stick
  49 -11.825206 3.664554 65.542328 0.324352 0.824993 -0.462798 0.534090 0.414640 1 49 1.000000
  49 -11.963121 3.664554 65.445007 0.684487 -0.000001 -0.729025 0.497800 0.453140 1 49 1.000000
  49 -12.045944 3.792304 65.602936 0.229896 0.936307 -0.265476 0.452980 0.399620 1 49 1.000000
stick
  49 -11.825206 3.664554 65.542328 0.324352 0.824993 -0.462798 0.534090 0.414640 1 49 1.000000
  49 -12.045944 3.792304 65.602936 0.229896 0.936307 -0.265476 0.452980 0.399620 1 49 1.000000
  49 -11.887252 3.794024 65.735855 0.229896 0.936307 -0.265476 0.495420 0.349670 1 49 1.000000
stick
  49 -11.686463 3.664554 65.623940 0.262590 0.859506 -0.438516 0.570990 0.381640 1 49 1.000000
  49 -11.825206 3.664554 65.542328 0.324352 0.824993 -0.462798 0.534090 0.414640 1 49 1.000000
  49 -11.887252 3.794024 65.735855 0.229896 0.936307 -0.265476 0.495420 0.349670 1 49 1.000000
stick
  49 -11.686463 3.664554 65.623940 0.262590 0.859506 -0.438516 0.570990 0.381640 1 49 1.000000
  49 -11.887252 3.794024 65.735855 0.229896 0.936307 -0.265476 0.495420 0.349670 1 49 1.000000
  49 -11.741911 3.794025 65.857483 0.158872 0.948670 -0.273469 0.534480 0.304020 1 49 1.000000
stick
  49 -11.513494 3.664554 65.692802 0.163038 0.888576 -0.428778 0.619430 0.351260 1 49 1.000000
  49 -11.686463 3.664554 65.623940 0.262590 0.859506 -0.438516 0.570990 0.381640 1 49 1.000000
  49 -11.741911 3.794025 65.857483 0.158872 0.948670 -0.273469 0.534480 0.304020 1 49 1.000000
stick
  49 -11.560910 3.794024 65.950249 0.069875 0.966562 -0.246728 0.586300 0.265280 1 49 1.000000
  49 -11.513494 3.664554 65.692802 0.163038 0.888576 -0.428778 0.619430 0.351260 1 49 1.000000
  49 -11.741911 3.794025 65.857483 0.158872 0.948670 -0.273469 0.534480 0.304020 1 49 1.000000
stick
  49 -11.284347 3.664553 65.747101 0.077696 0.888811 -0.451640 0.687000 0.322700 1 49 1.000000
  49 -11.513494 3.664554 65.692802 0.163038 0.888576 -0.428778 0.619430 0.351260 1 49 1.000000
  49 -11.560910 3.794024 65.950249 0.069875 0.966562 -0.246728 0.586300 0.265280 1 49 1.000000
stick
  49 -11.308819 3.794024 65.991928 0.023831 0.961453 -0.273932 0.662980 0.238300 1 49 1.000000
  49 -11.284347 3.664553 65.747101 0.077696 0.888811 -0.451640 0.687000 0.322700 1 49 1.000000
  49 -11.560910 3.794024 65.950249 0.069875 0.966562 -0.246728 0.586300 0.265280 1 49 1.000000
stick
  49 -11.047582 3.664554 65.775085 0.022035 0.870716 -0.491292 0.758940 0.301980 1 49 1.000000
  49 -11.284347 3.664553 65.747101 0.077696 0.888811 -0.451640 0.687000 0.322700 1 49 1.000000
  49 -11.308819 3.794024 65.991928 0.023831 0.961453 -0.273932 0.662980 0.238300 1 49 1.000000
stick
  49 -11.047389 3.794025 65.996201 -0.006053 0.954940 -0.296735 0.744440 0.222300 1 49 1.000000
  49 -11.047582 3.664554 65.775085 0.022035 0.870716 -0.491292 0.758940 0.301980 1 49 1.000000
  49 -11.308819 3.794024 65.991928 0.023831 0.961453 -0.273932 0.662980 0.238300 1 49 1.000000
stick
  49 -10.853454 3.664554 65.776321 0.020530 0.851796 -0.523471 0.819570 0.291190 1 49 1.000000
  49 -11.047582 3.664554 65.775085 0.022035 0.870716 -0.491292 0.758940 0.301980 1 49 1.000000
  49 -11.047389 3.794025 65.996201 -0.006053 0.954940 -0.296735 0.744440 0.222300 1 49 1.000000
stick
  49 -10.835068 3.794025 65.983040 0.017563 0.930756 -0.365219 0.811240 0.214320 1 49 1.000000
  49 -10.853454 3.664554 65.776321 0.020530 0.851796 -0.523471 0.819570 0.291190 1 49 1.000000
  49 -11.047389 3.794025 65.996201 -0.006053 0.954940 -0.296735 0.744440 0.222300 1 49 1.000000
stick
  49 -10.689662 3.664553 65.804207 0.164268 0.809514 -0.563652 0.870410 0.274170 1 49 1.000000
  49 -10.853454 3.664554 65.776321 0.020530 0.851796 -0.523471 0.819570 0.291190 1 49 1.000000
  49 -10.835068 3.794025 65.983040 0.017563 0.930756 -0.365219 0.811240 0.214320 1 49 1.000000
stick
  49 -10.689662 3.664553 65.804207 0.164268 0.809514 -0.563652 0.870410 0.274170 1 49 1.000000
  49 -10.835068 3.794025 65.983040 0.017563 0.930756 -0.365219 0.811240 0.214320 1 49 1.000000
  49 -10.662194 3.794025 65.991417 0.120485 0.926725 -0.355900 0.864130 0.202080 1 49 1.000000
stick
  49 -10.532466 3.664553 65.906654 0.531264 -0.029043 -0.846708 0.917850 0.236970 1 49 1.000000
  49 -10.689662 3.664553 65.804207 0.164268 0.809514 -0.563652 0.870410 0.274170 1 49 1.000000
  49 -10.662194 3.794025 65.991417 0.120485 0.926725 -0.355900 0.864130 0.202080 1 49 1.000000
stick
  49 -10.507294 3.794025 66.053268 0.240793 0.879171 -0.411190 0.908900 0.174980 1 49 1.000000
  49 -10.532466 3.664553 65.906654 0.531264 -0.029043 -0.846708 0.917850 0.236970 1 49 1.000000
  49 -10.662194 3.794025 65.991417 0.120485 0.926725 -0.355900 0.864130 0.202080 1 49 1.000000
stick
  49 -10.507294 3.794025 66.053268 0.240793 0.879171 -0.411190 0.908900 0.174980 1 49 1.000000
  49 -10.662194 3.794025 65.991417 0.120485 0.926725 -0.355900 0.864130 0.202080 1 49 1.000000
  49 -10.597409 3.823882 66.397301 0.004049 0.999729 0.022932 0.862670 0.072210 1 49 1.000000
stick
  49 -10.452038 3.823882 66.371643 0.028056 0.999594 -0.004894 0.909460 0.072210 1 49 1.000000
  49 -10.507294 3.794025 66.053268 0.240793 0.879171 -0.411190 0.908900 0.174980 1 49 1.000000
  49 -10.597409 3.823882 66.397301 0.004049 0.999729 0.022932 0.862670 0.072210 1 49 1.000000
stick
  49 -11.458747 3.664551 67.620636 0.462957 0.825082 0.323897 0.534090 0.414640 1 49 1.000000
  49 -11.356266 3.664551 67.496483 0.396626 0.859576 0.322205 0.570990 0.381640 1 49 1.000000
  49 -11.583248 3.793991 67.459969 0.306849 0.936306 0.170804 0.495420 0.349670 1 49 1.000000
stick
  49 -11.583248 3.793991 67.459969 0.306849 0.936306 0.170804 0.495420 0.349670 1 49 1.000000
  49 -11.356266 3.664551 67.496483 0.396626 0.859576 0.322205 0.570990 0.381640 1 49 1.000000
  49 -11.488256 3.793991 67.295982 0.242755 0.948694 0.202607 0.534480 0.304020 1 49 1.000000
stick
  49 -11.356266 3.664551 67.496483 0.396626 0.859576 0.322205 0.570990 0.381640 1 49 1.000000
  49 -11.217299 3.664552 67.372612 0.299839 0.888617 0.347068 0.619430 0.351260 1 49 1.000000
  49 -11.488256 3.793991 67.295982 0.242755 0.948694 0.202607 0.534480 0.304020 1 49 1.000000
stick
  49 -11.217299 3.664552 67.372612 0.299839 0.888617 0.347068 0.619430 0.351260 1 49 1.000000
  49 -11.349894 3.793991 67.146912 0.150037 0.966573 0.207905 0.586300 0.265280 1 49 1.000000
  49 -11.488256 3.793991 67.295982 0.242755 0.948694 0.202607 0.534480 0.304020 1 49 1.000000
stick
  49 -11.217299 3.664552 67.372612 0.299839 0.888617 0.347068 0.619430 0.351260 1 49 1.000000
  49 -11.020556 3.664551 67.243210 0.227420 0.888848 0.397779 0.687000 0.322700 1 49 1.000000
  49 -11.349894 3.793991 67.146912 0.150037 0.966573 0.207905 0.586300 0.265280 1 49 1.000000
stick
  49 -11.020556 3.664551 67.243210 0.227420 0.888848 0.397779 0.687000 0.322700 1 49 1.000000
  49 -11.127277 3.793991 67.021523 0.116093 0.961455 0.249254 0.662980 0.238300 1 49 1.000000
  49 -11.349894 3.793991 67.146912 0.150037 0.966573 0.207905 0.586300 0.265280 1 49 1.000000
stick
  49 -11.020556 3.664551 67.243210 0.227420 0.888848 0.397779 0.687000 0.322700 1 49 1.000000
  49 -10.807630 3.664551 67.135918 0.188719 0.870772 0.454027 0.758940 0.301980 1 49 1.000000
  49 -11.127277 3.793991 67.021523 0.116093 0.961455 0.249254 0.662980 0.238300 1 49 1.000000
stick
  49 -10.807630 3.664551 67.135918 0.188719 0.870772 0.454027 0.758940 0.301980 1 49 1.000000
  49 -10.883058 3.793991 66.928055 0.095802 0.954950 0.280878 0.744440 0.222300 1 49 1.000000
  49 -11.127277 3.793991 67.021523 0.116093 0.961455 0.249254 0.662980 0.238300 1 49 1.000000
stick
  49 -10.807630 3.664551 67.135918 0.188719 0.870772 0.454027 0.758940 0.301980 1 49 1.000000
  49 -10.625643 3.664551 67.068359 0.198248 0.851842 0.484832 0.819570 0.291190 1 49 1.000000
  49 -10.883058 3.793991 66.928055 0.095802 0.954950 0.280878 0.744440 0.222300 1 49 1.000000
stick
  49 -10.625643 3.664551 67.068359 0.198248 0.851842 0.484832 0.819570 0.291190 1 49 1.000000
  49 -10.679051 3.793991 66.867828 0.141415 0.930759 0.337177 0.811240 0.214320 1 49 1.000000
  49 -10.883058 3.793991 66.928055 0.095802 0.954950 0.280878 0.744440 0.222300 1 49 1.000000
stick
  49 -10.625643 3.664551 67.068359 0.198248 0.851842 0.484832 0.819570 0.291190 1 49 1.000000
  49 -10.481227 3.664552 66.986145 0.347055 0.809601 0.473391 0.870410 0.274170 1 49 1.000000
  49 -10.679051 3.793991 66.867828 0.141415 0.930759 0.337177 0.811240 0.214320 1 49 1.000000
stick
  49 -10.679051 3.793991 66.867828 0.141415 0.930759 0.337177 0.811240 0.214320 1 49 1.000000
  49 -10.481227 3.664552 66.986145 0.347055 0.809601 0.473391 0.870410 0.274170 1 49 1.000000
  49 -10.519466 3.793991 66.800812 0.234923 0.926729 0.293229 0.864130 0.202080 1 49 1.000000
stick
  49 -10.519466 3.793991 66.800812 0.234923 0.926729 0.293229 0.864130 0.202080 1 49 1.000000
  49 -10.481227 3.664552 66.986145 0.347055 0.809601 0.473391 0.870410 0.274170 1 49 1.000000
  49 -10.368580 3.664552 66.836128 0.788993 0.000006 0.614402 0.917850 0.236970 1 49 1.000000
stick
  49 -10.395061 3.793991 66.689766 0.366910 0.879167 0.304042 0.908900 0.174980 1 49 1.000000
  49 -10.519466 3.793991 66.800812 0.234923 0.926729 0.293229 0.864130 0.202080 1 49 1.000000
  49 -10.368580 3.664552 66.836128 0.788993 0.000006 0.614402 0.917850 0.236970 1 49 1.000000
stick
  49 -10.269287 3.664553 66.662994 0.833234 0.000030 0.552920 0.963740 0.192230 1 49 1.000000
  49 -10.395061 3.793991 66.689766 0.366910 0.879167 0.304042 0.908900 0.174980 1 49 1.000000
  49 -10.368580 3.664552 66.836128 0.788993 0.000006 0.614402 0.917850 0.236970 1 49 1.000000
stick
  49 -10.269287 3.664553 66.662994 0.833234 0.000030 0.552920 0.963740 0.192230 1 49 1.000000
  49 -10.289204 3.793992 66.550034 0.288918 0.920250 0.263943 0.950620 0.138250 1 49 1.000000
  49 -10.395061 3.793991 66.689766 0.366910 0.879167 0.304042 0.908900 0.174980 1 49 1.000000
stick
  49 -10.395061 3.793991 66.689766 0.366910 0.879167 0.304042 0.908900 0.174980 1 49 1.000000
  49 -10.289204 3.793992 66.550034 0.288918 0.920250 0.263943 0.950620 0.138250 1 49 1.000000
  49 -10.452038 3.823882 66.371643 0.028056 0.999594 -0.004894 0.909460 0.072210 1 49 1.000000
stick
  49 -10.289204 3.793992 66.550034 0.288918 0.920250 0.263943 0.950620 0.138250 1 49 1.000000
  49 -10.324637 3.823883 66.349182 0.004049 0.999729 0.022932 0.950470 0.072210 1 49 1.000000
  49 -10.452038 3.823882 66.371643 0.028056 0.999594 -0.004894 0.909460 0.072210 1 49 1.000000
stick
  49 -10.269287 3.664553 66.662994 0.833234 0.000030 0.552920 0.963740 0.192230 1 49 1.000000
  49 -10.368580 3.664552 66.836128 0.788993 0.000006 0.614402 0.917850 0.236970 1 49 1.000000
  49 -10.395061 3.535112 66.689766 0.366910 -0.879168 0.304041 0.908900 0.174980 1 49 1.000000
stick
  49 -10.289202 3.535113 66.550034 0.288912 -0.920253 0.263940 0.950620 0.138250 1 49 1.000000
  49 -10.269287 3.664553 66.662994 0.833234 0.000030 0.552920 0.963740 0.192230 1 49 1.000000
  49 -10.395061 3.535112 66.689766 0.366910 -0.879168 0.304041 0.908900 0.174980 1 49 1.000000
stick
  49 -10.289202 3.535113 66.550034 0.288912 -0.920253 0.263940 0.950620 0.138250 1 49 1.000000
  49 -10.395061 3.535112 66.689766 0.366910 -0.879168 0.304041 0.908900 0.174980 1 49 1.000000
  49 -10.452036 3.505222 66.371643 0.049157 -0.998753 -0.008679 0.909460 0.072210 1 49 1.000000
stick
  49 -10.324636 3.505222 66.349182 0.004051 -0.999729 0.022927 0.950470 0.072210 1 49 1.000000
  49 -10.289202 3.535113 66.550034 0.288912 -0.920253 0.263940 0.950620 0.138250 1 49 1.000000
  49 -10.452036 3.505222 66.371643 0.049157 -0.998753 -0.008679 0.909460 0.072210 1 49 1.000000
stick
  49 -10.360039 3.535081 66.148323 0.181159 -0.920285 -0.346781 0.950620 0.138250 1 49 1.000000
  49 -10.324636 3.505222 66.349182 0.004051 -0.999729 0.022927 0.950470 0.072210 1 49 1.000000
  49 -10.452036 3.505222 66.371643 0.049157 -0.998753 -0.008679 0.909460 0.072210 1 49 1.000000
stick
  49 -10.368580 3.664552 66.836128 0.788993 0.000006 0.614402 0.917850 0.236970 1 49 1.000000
  49 -10.481227 3.664552 66.986145 0.347039 -0.809609 0.473390 0.870410 0.274170 1 49 1.000000
  49 -10.519465 3.535112 66.800812 0.234920 -0.926731 0.293227 0.864130 0.202080 1 49 1.000000
stick
  49 -10.395061 3.535112 66.689766 0.366910 -0.879168 0.304041 0.908900 0.174980 1 49 1.000000
  49 -10.368580 3.664552 66.836128 0.788993 0.000006 0.614402 0.917850 0.236970 1 49 1.000000
  49 -10.519465 3.535112 66.800812 0.234920 -0.926731 0.293227 0.864130 0.202080 1 49 1.000000
stick
  49 -10.395061 3.535112 66.689766 0.366910 -0.879168 0.304041 0.908900 0.174980 1 49 1.000000
  49 -10.519465 3.535112 66.800812 0.234920 -0.926731 0.293227 0.864130 0.202080 1 49 1.000000
  49 -10.597408 3.505222 66.397293 0.004051 -0.999729 0.022927 0.862670 0.072210 1 49 1.000000
stick
  49 -10.452036 3.505222 66.371643 0.049157 -0.998753 -0.008679 0.909460 0.072210 1 49 1.000000
  49 -10.395061 3.535112 66.689766 0.366910 -0.879168 0.304041 0.908900 0.174980 1 49 1.000000
  49 -10.597408 3.505222 66.397293 0.004051 -0.999729 0.022927 0.862670 0.072210 1 49 1.000000
stick
  49 -10.507293 3.535082 66.053268 0.240796 -0.879170 -0.411190 0.908900 0.174980 1 49 1.000000
  49 -10.452036 3.505222 66.371643 0.049157 -0.998753 -0.008679 0.909460 0.072210 1 49 1.000000
  49 -10.597408 3.505222 66.397293 0.004051 -0.999729 0.022927 0.862670 0.072210 1 49 1.000000
stick
  49 -10.507293 3.535082 66.053268 0.240796 -0.879170 -0.411190 0.908900 0.174980 1 49 1.000000
  49 -10.360039 3.535081 66.148323 0.181159 -0.920285 -0.346781 0.950620 0.138250 1 49 1.000000
  49 -10.452036 3.505222 66.371643 0.049157 -0.998753 -0.008679 0.909460 0.072210 1 49 1.000000
stick
  49 -10.379956 3.664554 66.035362 0.593781 0.000010 -0.804627 0.963740 0.192230 1 49 1.000000
  49 -10.360039 3.535081 66.148323 0.181159 -0.920285 -0.346781 0.950620 0.138250 1 49 1.000000
  49 -10.507293 3.535082 66.053268 0.240796 -0.879170 -0.411190 0.908900 0.174980 1 49 1.000000
stick
  49 -10.324637 3.823883 66.349182 0.004049 0.999729 0.022932 0.950470 0.072210 1 49 1.000000
  49 -10.360040 3.794025 66.148323 0.181155 0.920289 -0.346772 0.950620 0.138250 1 49 1.000000
  49 -10.452038 3.823882 66.371643 0.028056 0.999594 -0.004894 0.909460 0.072210 1 49 1.000000
stick
  49 -10.360040 3.794025 66.148323 0.181155 0.920289 -0.346772 0.950620 0.138250 1 49 1.000000
  49 -10.507294 3.794025 66.053268 0.240793 0.879171 -0.411190 0.908900 0.174980 1 49 1.000000
  49 -10.452038 3.823882 66.371643 0.028056 0.999594 -0.004894 0.909460 0.072210 1 49 1.000000
stick
  49 -10.360040 3.794025 66.148323 0.181155 0.920289 -0.346772 0.950620 0.138250 1 49 1.000000
  49 -10.379956 3.664554 66.035362 0.593781 0.000010 -0.804627 0.963740 0.192230 1 49 1.000000
  49 -10.507294 3.794025 66.053268 0.240793 0.879171 -0.411190 0.908900 0.174980 1 49 1.000000
stick
  49 -10.379956 3.664554 66.035362 0.593781 0.000010 -0.804627 0.963740 0.192230 1 49 1.000000
  49 -10.532466 3.664553 65.906654 0.531264 -0.029043 -0.846708 0.917850 0.236970 1 49 1.000000
  49 -10.507294 3.794025 66.053268 0.240793 0.879171 -0.411190 0.908900 0.174980 1 49 1.000000
stick
  49 -10.379956 3.664554 66.035362 0.593781 0.000010 -0.804627 0.963740 0.192230 1 49 1.000000
  49 -10.507293 3.535082 66.053268 0.240796 -0.879170 -0.411190 0.908900 0.174980 1 49 1.000000
  49 -10.532466 3.664553 65.906654 0.531264 -0.029043 -0.846708 0.917850 0.236970 1 49 1.000000
stick
  49 -10.507293 3.535082 66.053268 0.240796 -0.879170 -0.411190 0.908900 0.174980 1 49 1.000000
  49 -10.662193 3.535081 65.991417 0.120473 -0.926705 -0.355954 0.864130 0.202080 1 49 1.000000
  49 -10.532466 3.664553 65.906654 0.531264 -0.029043 -0.846708 0.917850 0.236970 1 49 1.000000
stick
  49 -10.662193 3.535081 65.991417 0.120473 -0.926705 -0.355954 0.864130 0.202080 1 49 1.000000
  49 -10.507293 3.535082 66.053268 0.240796 -0.879170 -0.411190 0.908900 0.174980 1 49 1.000000
  49 -10.597408 3.505222 66.397293 0.004051 -0.999729 0.022927 0.862670 0.072210 1 49 1.000000
stick
  49 -10.778409 3.505222 66.429192 0.004051 -0.999729 0.022927 0.804410 0.072210 1 49 1.000000
  49 -10.662193 3.535081 65.991417 0.120473 -0.926705 -0.355954 0.864130 0.202080 1 49 1.000000
  49 -10.597408 3.505222 66.397293 0.004051 -0.999729 0.022927 0.862670 0.072210 1 49 1.000000
stick
  49 -10.519465 3.535112 66.800812 0.234920 -0.926731 0.293227 0.864130 0.202080 1 49 1.000000
  49 -10.778409 3.505222 66.429192 0.004051 -0.999729 0.022927 0.804410 0.072210 1 49 1.000000
  49 -10.597408 3.505222 66.397293 0.004051 -0.999729 0.022927 0.862670 0.072210 1 49 1.000000
stick
  49 -10.519465 3.535112 66.800812 0.234920 -0.926731 0.293227 0.864130 0.202080 1 49 1.000000
  49 -10.679050 3.535112 66.867828 0.141412 -0.930761 0.337175 0.811240 0.214320 1 49 1.000000
  49 -10.778409 3.505222 66.429192 0.004051 -0.999729 0.022927 0.804410 0.072210 1 49 1.000000
stick
  49 -10.481227 3.664552 66.986145 0.347039 -0.809609 0.473390 0.870410 0.274170 1 49 1.000000
  49 -10.679050 3.535112 66.867828 0.141412 -0.930761 0.337175 0.811240 0.214320 1 49 1.000000
  49 -10.519465 3.535112 66.800812 0.234920 -0.926731 0.293227 0.864130 0.202080 1 49 1.000000
stick
  49 -10.481227 3.664552 66.986145 0.347039 -0.809609 0.473390 0.870410 0.274170 1 49 1.000000
  49 -10.625643 3.664551 67.068359 0.198241 -0.851847 0.484827 0.819570 0.291190 1 49 1.000000
  49 -10.679050 3.535112 66.867828 0.141412 -0.930761 0.337175 0.811240 0.214320 1 49 1.000000
stick
  49 -10.679050 3.535112 66.867828 0.141412 -0.930761 0.337175 0.811240 0.214320 1 49 1.000000
  49 -10.625643 3.664551 67.068359 0.198241 -0.851847 0.484827 0.819570 0.291190 1 49 1.000000
  49 -10.883057 3.535112 66.928055 0.095801 -0.954951 0.280874 0.744440 0.222300 1 49 1.000000
stick
  49 -10.625643 3.664551 67.068359 0.198241 -0.851847 0.484827 0.819570 0.291190 1 49 1.000000
  49 -10.807630 3.664551 67.135918 0.188743 -0.870770 0.454022 0.758940 0.301980 1 49 1.000000
  49 -10.883057 3.535112 66.928055 0.095801 -0.954951 0.280874 0.744440 0.222300 1 49 1.000000
stick
  49 -10.883057 3.535112 66.928055 0.095801 -0.954951 0.280874 0.744440 0.222300 1 49 1.000000
  49 -10.807630 3.664551 67.135918 0.188743 -0.870770 0.454022 0.758940 0.301980 1 49 1.000000
  49 -11.127276 3.535112 67.021523 0.116094 -0.961455 0.249250 0.662980 0.238300 1 49 1.000000
stick
  49 -10.807630 3.664551 67.135918 0.188743 -0.870770 0.454022 0.758940 0.301980 1 49 1.000000
  49 -11.020556 3.664551 67.243210 0.227467 -0.888851 0.397746 0.687000 0.322700 1 49 1.000000
  49 -11.127276 3.535112 67.021523 0.116094 -0.961455 0.249250 0.662980 0.238300 1 49 1.000000
stick
  49 -11.127276 3.535112 67.021523 0.116094 -0.961455 0.249250 0.662980 0.238300 1 49 1.000000
  49 -11.020556 3.664551 67.243210 0.227467 -0.888851 0.397746 0.687000 0.322700 1 49 1.000000
  49 -11.349893 3.535111 67.146912 0.150046 -0.966562 0.207950 0.586300 0.265280 1 49 1.000000
stick
  49 -11.020556 3.664551 67.243210 0.227467 -0.888851 0.397746 0.687000 0.322700 1 49 1.000000
  49 -11.217299 3.664552 67.372612 0.299829 -0.888622 0.347064 0.619430 0.351260 1 49 1.000000
  49 -11.349893 3.535111 67.146912 0.150046 -0.966562 0.207950 0.586300 0.265280 1 49 1.000000
stick
  49 -11.305122 3.505223 66.522087 0.004051 -0.999729 0.022927 0.634860 0.072210 1 49 1.000000
  49 -11.127276 3.535112 67.021523 0.116094 -0.961455 0.249250 0.662980 0.238300 1 49 1.000000
  49 -11.349893 3.535111 67.146912 0.150046 -0.966562 0.207950 0.586300 0.265280 1 49 1.000000
stick
  49 -11.305122 3.505223 66.522087 0.004051 -0.999729 0.022927 0.634860 0.072210 1 49 1.000000
  49 -11.011189 3.505223 66.470230 0.004051 -0.999729 0.022927 0.729470 0.072210 1 49 1.000000
  49 -11.127276 3.535112 67.021523 0.116094 -0.961455 0.249250 0.662980 0.238300 1 49 1.000000
stick
  49 -11.011189 3.505223 66.470230 0.004051 -0.999729 0.022927 0.729470 0.072210 1 49 1.000000
  49 -10.883057 3.535112 66.928055 0.095801 -0.954951 0.280874 0.744440 0.222300 1 49 1.000000
  49 -11.127276 3.535112 67.021523 0.116094 -0.961455 0.249250 0.662980 0.238300 1 49 1.000000
stick
  49 -11.011189 3.505223 66.470230 0.004051 -0.999729 0.022927 0.729470 0.072210 1 49 1.000000
  49 -10.778409 3.505222 66.429192 0.004051 -0.999729 0.022927 0.804410 0.072210 1 49 1.000000
  49 -10.883057 3.535112 66.928055 0.095801 -0.954951 0.280874 0.744440 0.222300 1 49 1.000000
stick
  49 -10.778409 3.505222 66.429192 0.004051 -0.999729 0.022927 0.804410 0.072210 1 49 1.000000
  49 -10.679050 3.535112 66.867828 0.141412 -0.930761 0.337175 0.811240 0.214320 1 49 1.000000
  49 -10.883057 3.535112 66.928055 0.095801 -0.954951 0.280874 0.744440 0.222300 1 49 1.000000
stick
  49 -11.716830 3.505222 66.594673 0.004051 -0.999729 0.022927 0.502340 0.072210 1 49 1.000000
  49 -11.305122 3.505223 66.522087 0.004051 -0.999729 0.022927 0.634860 0.072210 1 49 1.000000
  49 -11.349893 3.535111 67.146912 0.150046 -0.966562 0.207950 0.586300 0.265280 1 49 1.000000
stick
  49 -11.716830 3.505222 66.594673 0.004051 -0.999729 0.022927 0.502340 0.072210 1 49 1.000000
  49 -11.349893 3.535111 67.146912 0.150046 -0.966562 0.207950 0.586300 0.265280 1 49 1.000000
  49 -11.488255 3.535111 67.295982 0.242760 -0.948694 0.202600 0.534480 0.304020 1 49 1.000000
stick
  49 -11.583247 3.535110 67.459969 0.306852 -0.936306 0.170801 0.495420 0.349670 1 49 1.000000
  49 -11.716830 3.505222 66.594673 0.004051 -0.999729 0.022927 0.502340 0.072210 1 49 1.000000
  49 -11.488255 3.535111 67.295982 0.242760 -0.948694 0.202600 0.534480 0.304020 1 49 1.000000
stick
  49 -11.686909 3.536831 67.639145 0.306852 -0.936306 0.170801 0.452980 0.399620 1 49 1.000000
  49 -11.716830 3.505222 66.594673 0.004051 -0.999729 0.022927 0.502340 0.072210 1 49 1.000000
  49 -11.583247 3.535110 67.459969 0.306852 -0.936306 0.170801 0.495420 0.349670 1 49 1.000000
stick
  49 -12.660765 3.581286 65.598923 -0.205033 -0.968404 -0.141967 0.260000 0.434440 1 49 1.000000
  49 -12.472340 3.587533 65.355629 -0.111752 -0.971510 -0.208996 0.331840 0.500960 1 49 1.000000
  49 -12.282675 3.535081 65.529144 -0.039860 -0.992972 -0.111430 0.383020 0.435240 1 49 1.000000
stick
  49 -12.660765 3.581286 65.598923 -0.205033 -0.968404 -0.141967 0.260000 0.434440 1 49 1.000000
  49 -12.282675 3.535081 65.529144 -0.039860 -0.992972 -0.111430 0.383020 0.435240 1 49 1.000000
  49 -12.438468 3.529568 65.744171 -0.101322 -0.992886 -0.062530 0.322920 0.376450 1 49 1.000000
stick
  49 -12.438468 3.529568 65.744171 -0.101322 -0.992886 -0.062530 0.322920 0.376450 1 49 1.000000
  49 -12.282675 3.535081 65.529144 -0.039860 -0.992972 -0.111430 0.383020 0.435240 1 49 1.000000
  49 -11.716830 3.505222 66.594673 0.004051 -0.999729 0.022927 0.502340 0.072210 1 49 1.000000
stick
  49 -12.282675 3.535081 65.529144 -0.039860 -0.992972 -0.111430 0.383020 0.435240 1 49 1.000000
  49 -12.045943 3.536802 65.602936 0.229893 -0.936306 -0.265480 0.452980 0.399620 1 49 1.000000
  49 -11.716830 3.505222 66.594673 0.004051 -0.999729 0.022927 0.502340 0.072210 1 49 1.000000
stick
  49 -12.045943 3.536802 65.602936 0.229893 -0.936306 -0.265480 0.452980 0.399620 1 49 1.000000
  49 -11.887251 3.535081 65.735855 0.229893 -0.936306 -0.265480 0.495420 0.349670 1 49 1.000000
  49 -11.716830 3.505222 66.594673 0.004051 -0.999729 0.022927 0.502340 0.072210 1 49 1.000000
stick
  49 -11.887251 3.535081 65.735855 0.229893 -0.936306 -0.265480 0.495420 0.349670 1 49 1.000000
  49 -11.741911 3.535081 65.857483 0.158866 -0.948670 -0.273473 0.534480 0.304020 1 49 1.000000
  49 -11.716830 3.505222 66.594673 0.004051 -0.999729 0.022927 0.502340 0.072210 1 49 1.000000
stick
  49 -11.741911 3.535081 65.857483 0.158866 -0.948670 -0.273473 0.534480 0.304020 1 49 1.000000
  49 -11.560909 3.535081 65.950249 0.069875 -0.966562 -0.246731 0.586300 0.265280 1 49 1.000000
  49 -11.716830 3.505222 66.594673 0.004051 -0.999729 0.022927 0.502340 0.072210 1 49 1.000000
stick
  49 -11.716830 3.505222 66.594673 0.004051 -0.999729 0.022927 0.502340 0.072210 1 49 1.000000
  49 -11.560909 3.535081 65.950249 0.069875 -0.966562 -0.246731 0.586300 0.265280 1 49 1.000000
  49 -11.305122 3.505223 66.522087 0.004051 -0.999729 0.022927 0.634860 0.072210 1 49 1.000000
stick
  49 -11.560909 3.535081 65.950249 0.069875 -0.966562 -0.246731 0.586300 0.265280 1 49 1.000000
  49 -11.308818 3.535081 65.991928 0.023832 -0.961453 -0.273936 0.662980 0.238300 1 49 1.000000
  49 -11.305122 3.505223 66.522087 0.004051 -0.999729 0.022927 0.634860 0.072210 1 49 1.000000
stick
  49 -11.308818 3.535081 65.991928 0.023832 -0.961453 -0.273936 0.662980 0.238300 1 49 1.000000
  49 -11.011189 3.505223 66.470230 0.004051 -0.999729 0.022927 0.729470 0.072210 1 49 1.000000
  49 -11.305122 3.505223 66.522087 0.004051 -0.999729 0.022927 0.634860 0.072210 1 49 1.000000
stick
  49 -11.308818 3.535081 65.991928 0.023832 -0.961453 -0.273936 0.662980 0.238300 1 49 1.000000
  49 -11.047389 3.535082 65.996201 -0.006050 -0.954939 -0.296739 0.744440 0.222300 1 49 1.000000
  49 -11.011189 3.505223 66.470230 0.004051 -0.999729 0.022927 0.729470 0.072210 1 49 1.000000
stick
  49 -11.047389 3.535082 65.996201 -0.006050 -0.954939 -0.296739 0.744440 0.222300 1 49 1.000000
  49 -10.778409 3.505222 66.429192 0.004051 -0.999729 0.022927 0.804410 0.072210 1 49 1.000000
  49 -11.011189 3.505223 66.470230 0.004051 -0.999729 0.022927 0.729470 0.072210 1 49 1.000000
stick
  49 -11.047389 3.535082 65.996201 -0.006050 -0.954939 -0.296739 0.744440 0.222300 1 49 1.000000
  49 -10.835067 3.535082 65.983040 0.017570 -0.930755 -0.365222 0.811240 0.214320 1 49 1.000000
  49 -10.778409 3.505222 66.429192 0.004051 -0.999729 0.022927 0.804410 0.072210 1 49 1.000000
stick
  49 -10.835067 3.535082 65.983040 0.017570 -0.930755 -0.365222 0.811240 0.214320 1 49 1.000000
  49 -10.662193 3.535081 65.991417 0.120473 -0.926705 -0.355954 0.864130 0.202080 1 49 1.000000
  49 -10.778409 3.505222 66.429192 0.004051 -0.999729 0.022927 0.804410 0.072210 1 49 1.000000
stick
  49 -10.662193 3.535081 65.991417 0.120473 -0.926705 -0.355954 0.864130 0.202080 1 49 1.000000
  49 -10.689662 3.664553 65.804207 0.164270 -0.809512 -0.563654 0.870410 0.274170 1 49 1.000000
  49 -10.532466 3.664553 65.906654 0.531264 -0.029043 -0.846708 0.917850 0.236970 1 49 1.000000
stick
  49 -10.835067 3.535082 65.983040 0.017570 -0.930755 -0.365222 0.811240 0.214320 1 49 1.000000
  49 -10.689662 3.664553 65.804207 0.164270 -0.809512 -0.563654 0.870410 0.274170 1 49 1.000000
  49 -10.662193 3.535081 65.991417 0.120473 -0.926705 -0.355954 0.864130 0.202080 1 49 1.000000
stick
  49 -10.853454 3.664554 65.776321 0.020532 -0.851796 -0.523471 0.819570 0.291190 1 49 1.000000
  49 -10.689662 3.664553 65.804207 0.164270 -0.809512 -0.563654 0.870410 0.274170 1 49 1.000000
  49 -10.835067 3.535082 65.983040 0.017570 -0.930755 -0.365222 0.811240 0.214320 1 49 1.000000
stick
  49 -10.853454 3.664554 65.776321 0.020532 -0.851796 -0.523471 0.819570 0.291190 1 49 1.000000
  49 -10.835067 3.535082 65.983040 0.017570 -0.930755 -0.365222 0.811240 0.214320 1 49 1.000000
  49 -11.047389 3.535082 65.996201 -0.006050 -0.954939 -0.296739 0.744440 0.222300 1 49 1.000000
stick
  49 -11.047582 3.664554 65.775085 0.022039 -0.870715 -0.491294 0.758940 0.301980 1 49 1.000000
  49 -10.853454 3.664554 65.776321 0.020532 -0.851796 -0.523471 0.819570 0.291190 1 49 1.000000
  49 -11.047389 3.535082 65.996201 -0.006050 -0.954939 -0.296739 0.744440 0.222300 1 49 1.000000
stick
  49 -11.047582 3.664554 65.775085 0.022039 -0.870715 -0.491294 0.758940 0.301980 1 49 1.000000
  49 -11.047389 3.535082 65.996201 -0.006050 -0.954939 -0.296739 0.744440 0.222300 1 49 1.000000
  49 -11.308818 3.535081 65.991928 0.023832 -0.961453 -0.273936 0.662980 0.238300 1 49 1.000000
stick
  49 -11.284347 3.664553 65.747101 0.077698 -0.888809 -0.451643 0.687000 0.322700 1 49 1.000000
  49 -11.047582 3.664554 65.775085 0.022039 -0.870715 -0.491294 0.758940 0.301980 1 49 1.000000
  49 -11.308818 3.535081 65.991928 0.023832 -0.961453 -0.273936 0.662980 0.238300 1 49 1.000000
stick
  49 -11.284347 3.664553 65.747101 0.077698 -0.888809 -0.451643 0.687000 0.322700 1 49 1.000000
  49 -11.308818 3.535081 65.991928 0.023832 -0.961453 -0.273936 0.662980 0.238300 1 49 1.000000
  49 -11.560909 3.535081 65.950249 0.069875 -0.966562 -0.246731 0.586300 0.265280 1 49 1.000000
stick
  49 -11.513494 3.664554 65.692802 0.163040 -0.888575 -0.428780 0.619430 0.351260 1 49 1.000000
  49 -11.284347 3.664553 65.747101 0.077698 -0.888809 -0.451643 0.687000 0.322700 1 49 1.000000
  49 -11.560909 3.535081 65.950249 0.069875 -0.966562 -0.246731 0.586300 0.265280 1 49 1.000000
stick
  49 -11.513494 3.664554 65.692802 0.163040 -0.888575 -0.428780 0.619430 0.351260 1 49 1.000000
  49 -11.560909 3.535081 65.950249 0.069875 -0.966562 -0.246731 0.586300 0.265280 1 49 1.000000
  49 -11.741911 3.535081 65.857483 0.158866 -0.948670 -0.273473 0.534480 0.304020 1 49 1.000000
stick
  49 -11.686463 3.664554 65.623940 0.262600 -0.859502 -0.438518 0.570990 0.381640 1 49 1.000000
  49 -11.513494 3.664554 65.692802 0.163040 -0.888575 -0.428780 0.619430 0.351260 1 49 1.000000
  49 -11.741911 3.535081 65.857483 0.158866 -0.948670 -0.273473 0.534480 0.304020 1 49 1.000000
stick
  49 -11.887251 3.535081 65.735855 0.229893 -0.936306 -0.265480 0.495420 0.349670 1 49 1.000000
  49 -11.686463 3.664554 65.623940 0.262600 -0.859502 -0.438518 0.570990 0.381640 1 49 1.000000
  49 -11.741911 3.535081 65.857483 0.158866 -0.948670 -0.273473 0.534480 0.304020 1 49 1.000000
stick
  49 -11.825206 3.664554 65.542328 0.324370 -0.824984 -0.462802 0.534090 0.414640 1 49 1.000000
  49 -11.686463 3.664554 65.623940 0.262600 -0.859502 -0.438518 0.570990 0.381640 1 49 1.000000
  49 -11.887251 3.535081 65.735855 0.229893 -0.936306 -0.265480 0.495420 0.349670 1 49 1.000000
stick
  49 -12.045943 3.536802 65.602936 0.229893 -0.936306 -0.265480 0.452980 0.399620 1 49 1.000000
  49 -11.825206 3.664554 65.542328 0.324370 -0.824984 -0.462802 0.534090 0.414640 1 49 1.000000
  49 -11.887251 3.535081 65.735855 0.229893 -0.936306 -0.265480 0.495420 0.349670 1 49 1.000000
stick
  49 -11.825206 3.664554 65.542328 0.324370 -0.824984 -0.462802 0.534090 0.414640 1 49 1.000000
  49 -12.045943 3.536802 65.602936 0.229893 -0.936306 -0.265480 0.452980 0.399620 1 49 1.000000
  49 -11.963121 3.664554 65.445007 0.684487 -0.000001 -0.729025 0.497800 0.453140 1 49 1.000000
stick
  49 -12.045943 3.536802 65.602936 0.229893 -0.936306 -0.265480 0.452980 0.399620 1 49 1.000000
  49 -12.146989 3.572780 65.373955 0.302717 -0.874683 -0.378540 0.433390 0.478150 1 49 1.000000
  49 -11.963121 3.664554 65.445007 0.684487 -0.000001 -0.729025 0.497800 0.453140 1 49 1.000000
stick
  49 -12.282675 3.535081 65.529144 -0.039860 -0.992972 -0.111430 0.383020 0.435240 1 49 1.000000
  49 -12.146989 3.572780 65.373955 0.302717 -0.874683 -0.378540 0.433390 0.478150 1 49 1.000000
  49 -12.045943 3.536802 65.602936 0.229893 -0.936306 -0.265480 0.452980 0.399620 1 49 1.000000
stick
  49 -12.282675 3.535081 65.529144 -0.039860 -0.992972 -0.111430 0.383020 0.435240 1 49 1.000000
  49 -12.472340 3.587533 65.355629 -0.111752 -0.971510 -0.208996 0.331840 0.500960 1 49 1.000000
  49 -12.146989 3.572780 65.373955 0.302717 -0.874683 -0.378540 0.433390 0.478150 1 49 1.000000
stick
  49 -10.355991 3.664553 66.354721 -0.984809 -0.000020 0.173641 0.022420 0.430760 1 49 1.000000
  49 -10.362653 3.445475 66.133438 -0.939773 -0.281849 -0.193358 0.067540 0.385640 1 49 1.000000
  49 -10.324636 3.345894 66.349182 -0.893229 -0.439139 0.096432 0.088050 0.430760 1 49 1.000000
stick
  49 -10.355991 3.664553 66.354721 -0.984809 -0.000020 0.173641 0.022420 0.430760 1 49 1.000000
  49 -10.379956 3.664554 66.035362 -0.959055 0.060054 -0.276778 0.022420 0.365130 1 49 1.000000
  49 -10.362653 3.445475 66.133438 -0.939773 -0.281849 -0.193358 0.067540 0.385640 1 49 1.000000
stick
  49 -10.355991 3.664553 66.354721 -0.984809 -0.000020 0.173641 0.022420 0.430760 1 49 1.000000
  49 -10.362686 3.883632 66.133438 -0.927300 0.353619 -0.122751 0.067540 0.385640 1 49 1.000000
  49 -10.379956 3.664554 66.035362 -0.959055 0.060054 -0.276778 0.022420 0.365130 1 49 1.000000
stick
  49 -10.324637 3.983213 66.349182 -0.872334 0.439173 0.214851 0.088050 0.430760 1 49 1.000000
  49 -10.362686 3.883632 66.133438 -0.927300 0.353619 -0.122751 0.067540 0.385640 1 49 1.000000
  49 -10.355991 3.664553 66.354721 -0.984809 -0.000020 0.173641 0.022420 0.430760 1 49 1.000000
stick
  49 -10.286590 3.883632 66.564949 -0.816976 0.281852 0.503100 0.067540 0.475890 1 49 1.000000
  49 -10.324637 3.983213 66.349182 -0.872334 0.439173 0.214851 0.088050 0.430760 1 49 1.000000
  49 -10.355991 3.664553 66.354721 -0.984809 -0.000020 0.173641 0.022420 0.430760 1 49 1.000000
stick
  49 -10.286590 3.883632 66.564949 -0.816976 0.281852 0.503100 0.067540 0.475890 1 49 1.000000
  49 -10.355991 3.664553 66.354721 -0.984809 -0.000020 0.173641 0.022420 0.430760 1 49 1.000000
  49 -10.269287 3.664553 66.662994 -0.806584 -0.060116 0.588055 0.022420 0.496400 1 49 1.000000
stick
  49 -10.355991 3.664553 66.354721 -0.984809 -0.000020 0.173641 0.022420 0.430760 1 49 1.000000
  49 -10.286589 3.445474 66.564941 -0.829376 -0.353633 0.432526 0.067540 0.475890 1 49 1.000000
  49 -10.269287 3.664553 66.662994 -0.806584 -0.060116 0.588055 0.022420 0.496400 1 49 1.000000
stick
  49 -10.286589 3.445474 66.564941 -0.829376 -0.353633 0.432526 0.067540 0.475890 1 49 1.000000
  49 -10.355991 3.664553 66.354721 -0.984809 -0.000020 0.173641 0.022420 0.430760 1 49 1.000000
  49 -10.324636 3.345894 66.349182 -0.893229 -0.439139 0.096432 0.088050 0.430760 1 49 1.000000
stick
  49 -7.939601 5.895176 65.928642 0.004051 -0.999729 0.022927 0.869190 0.648930 1 49 1.000000
  49 -8.216485 6.035165 65.734772 -0.663332 -0.652631 -0.366147 0.887530 0.575590 1 49 1.000000
  49 -7.998298 6.035166 65.595764 -0.137317 -0.611847 -0.778966 0.850860 0.575590 1 49 1.000000
stick
  49 -8.216485 6.035165 65.734772 -0.663332 -0.652631 -0.366147 0.887530 0.575590 1 49 1.000000
  49 -8.331171 6.373167 65.654465 -0.819158 -0.000001 -0.573568 0.887530 0.502240 1 49 1.000000
  49 -7.998298 6.035166 65.595764 -0.137317 -0.611847 -0.778966 0.850860 0.575590 1 49 1.000000
stick
  49 -8.331171 6.373167 65.654465 -0.819158 -0.000001 -0.573568 0.887530 0.502240 1 49 1.000000
  49 -8.022614 6.373168 65.457916 -0.253509 0.082250 -0.963830 0.850860 0.502240 1 49 1.000000
  49 -7.998298 6.035166 65.595764 -0.137317 -0.611847 -0.778966 0.850860 0.575590 1 49 1.000000
stick
  49 -8.022614 6.373168 65.457916 -0.253509 0.082250 -0.963830 0.850860 0.502240 1 49 1.000000
  49 -7.665427 6.373166 65.537071 0.531264 -0.029043 -0.846708 0.814180 0.502240 1 49 1.000000
  49 -7.998298 6.035166 65.595764 -0.137317 -0.611847 -0.778966 0.850860 0.575590 1 49 1.000000
stick
  49 -7.939601 5.895176 65.928642 0.004051 -0.999729 0.022927 0.905870 0.648930 1 49 1.000000
  49 -8.272472 6.035165 65.987343 -0.727956 -0.652626 0.210142 0.924200 0.575590 1 49 1.000000
  49 -8.216485 6.035165 65.734772 -0.663332 -0.652631 -0.366147 0.887530 0.575590 1 49 1.000000
stick
  49 -8.272472 6.035165 65.987343 -0.727956 -0.652626 0.210142 0.924200 0.575590 1 49 1.000000
  49 -8.410326 6.373166 66.011650 -0.984809 -0.000020 0.173641 0.924200 0.502240 1 49 1.000000
  49 -8.216485 6.035165 65.734772 -0.663332 -0.652631 -0.366147 0.887530 0.575590 1 49 1.000000
stick
  49 -8.410326 6.373166 66.011650 -0.984809 -0.000020 0.173641 0.924200 0.502240 1 49 1.000000
  49 -8.331171 6.373167 65.654465 -0.819158 -0.000001 -0.573568 0.887530 0.502240 1 49 1.000000
  49 -8.216485 6.035165 65.734772 -0.663332 -0.652631 -0.366147 0.887530 0.575590 1 49 1.000000
stick
  49 -8.410326 6.373166 66.011650 -0.984809 -0.000020 0.173641 0.924200 0.502240 1 49 1.000000
  49 -8.272473 6.711170 65.987343 -0.755933 0.652616 0.051555 0.924200 0.428890 1 49 1.000000
  49 -8.331171 6.373167 65.654465 -0.819158 -0.000001 -0.573568 0.887530 0.502240 1 49 1.000000
stick
  49 -8.272473 6.711170 65.987343 -0.755933 0.652616 0.051555 0.924200 0.428890 1 49 1.000000
  49 -8.216486 6.711170 65.734772 -0.570955 0.652643 -0.498064 0.887530 0.428890 1 49 1.000000
  49 -8.331171 6.373167 65.654465 -0.819158 -0.000001 -0.573568 0.887530 0.502240 1 49 1.000000
stick
  49 -8.331171 6.373167 65.654465 -0.819158 -0.000001 -0.573568 0.887530 0.502240 1 49 1.000000
  49 -8.216486 6.711170 65.734772 -0.570955 0.652643 -0.498064 0.887530 0.428890 1 49 1.000000
  49 -8.022614 6.373168 65.457916 -0.253509 0.082250 -0.963830 0.850860 0.502240 1 49 1.000000
stick
  49 -8.216486 6.711170 65.734772 -0.570955 0.652643 -0.498064 0.887530 0.428890 1 49 1.000000
  49 -7.998299 6.711170 65.595764 -0.051515 0.652646 -0.755909 0.850860 0.428890 1 49 1.000000
  49 -8.022614 6.373168 65.457916 -0.253509 0.082250 -0.963830 0.850860 0.502240 1 49 1.000000
stick
  49 -8.022614 6.373168 65.457916 -0.253509 0.082250 -0.963830 0.850860 0.502240 1 49 1.000000
  49 -7.998299 6.711170 65.595764 -0.051515 0.652646 -0.755909 0.850860 0.428890 1 49 1.000000
  49 -7.665427 6.373166 65.537071 0.531264 -0.029043 -0.846708 0.814180 0.502240 1 49 1.000000
stick
  49 -7.998299 6.711170 65.595764 -0.051515 0.652646 -0.755909 0.850860 0.428890 1 49 1.000000
  49 -7.745760 6.711170 65.651794 0.498103 0.652636 -0.570928 0.814180 0.428890 1 49 1.000000
  49 -7.665427 6.373166 65.537071 0.531264 -0.029043 -0.846708 0.814180 0.502240 1 49 1.000000
stick
  49 -7.665427 6.373166 65.537071 0.531264 -0.029043 -0.846708 0.814180 0.502240 1 49 1.000000
  49 -7.745760 6.711170 65.651794 0.498103 0.652636 -0.570928 0.814180 0.428890 1 49 1.000000
  49 -7.468877 6.373166 65.845634 0.986273 0.000004 -0.165124 0.777510 0.502240 1 49 1.000000
stick
  49 -7.745760 6.711170 65.651794 0.498103 0.652636 -0.570928 0.814180 0.428890 1 49 1.000000
  49 -7.606730 6.711170 65.869949 0.755917 0.652633 -0.051572 0.777510 0.428890 1 49 1.000000
  49 -7.468877 6.373166 65.845634 0.986273 0.000004 -0.165124 0.777510 0.502240 1 49 1.000000
stick
  49 -8.272473 6.711170 65.987343 -0.755933 0.652616 0.051555 0.924200 0.428890 1 49 1.000000
  49 -7.939602 6.851157 65.928642 0.004049 0.999729 0.022932 0.905870 0.355550 1 49 1.000000
  49 -8.216486 6.711170 65.734772 -0.570955 0.652643 -0.498064 0.887530 0.428890 1 49 1.000000
stick
  49 -7.745760 6.711170 65.651794 0.498103 0.652636 -0.570928 0.814180 0.428890 1 49 1.000000
  49 -7.939602 6.851157 65.928642 0.004049 0.999729 0.022932 0.795840 0.355550 1 49 1.000000
  49 -7.606730 6.711170 65.869949 0.755917 0.652633 -0.051572 0.777510 0.428890 1 49 1.000000
stick
  49 -8.216486 6.711170 65.734772 -0.570955 0.652643 -0.498064 0.887530 0.428890 1 49 1.000000
  49 -7.939602 6.851157 65.928642 0.004049 0.999729 0.022932 0.869190 0.355550 1 49 1.000000
  49 -7.998299 6.711170 65.595764 -0.051515 0.652646 -0.755909 0.850860 0.428890 1 49 1.000000
stick
  49 -7.998299 6.711170 65.595764 -0.051515 0.652646 -0.755909 0.850860 0.428890 1 49 1.000000
  49 -7.939602 6.851157 65.928642 0.004049 0.999729 0.022932 0.832520 0.355550 1 49 1.000000
  49 -7.745760 6.711170 65.651794 0.498103 0.652636 -0.570928 0.814180 0.428890 1 49 1.000000
stick
  49 -7.665427 6.373166 65.537071 0.531264 -0.029043 -0.846708 0.814180 0.502240 1 49 1.000000
  49 -7.468877 6.373166 65.845634 0.986273 0.000004 -0.165124 0.777510 0.502240 1 49 1.000000
  49 -7.606729 6.035165 65.869949 0.727947 -0.652651 -0.210096 0.777510 0.575590 1 49 1.000000
stick
  49 -7.745760 6.035166 65.651794 0.400866 -0.715259 -0.572461 0.814180 0.575590 1 49 1.000000
  49 -7.665427 6.373166 65.537071 0.531264 -0.029043 -0.846708 0.814180 0.502240 1 49 1.000000
  49 -7.606729 6.035165 65.869949 0.727947 -0.652651 -0.210096 0.777510 0.575590 1 49 1.000000
stick
  49 -7.998298 6.035166 65.595764 -0.137317 -0.611847 -0.778966 0.850860 0.575590 1 49 1.000000
  49 -7.665427 6.373166 65.537071 0.531264 -0.029043 -0.846708 0.814180 0.502240 1 49 1.000000
  49 -7.745760 6.035166 65.651794 0.400866 -0.715259 -0.572461 0.814180 0.575590 1 49 1.000000
stick
  49 -7.939601 5.895176 65.928642 0.004051 -0.999729 0.022927 0.832520 0.648930 1 49 1.000000
  49 -7.998298 6.035166 65.595764 -0.137317 -0.611847 -0.778966 0.850860 0.575590 1 49 1.000000
  49 -7.745760 6.035166 65.651794 0.400866 -0.715259 -0.572461 0.814180 0.575590 1 49 1.000000
stick
  49 -7.939601 5.895176 65.928642 0.004051 -0.999729 0.022927 0.795840 0.648930 1 49 1.000000
  49 -7.745760 6.035166 65.651794 0.400866 -0.715259 -0.572461 0.814180 0.575590 1 49 1.000000
  49 -7.606729 6.035165 65.869949 0.727947 -0.652651 -0.210096 0.777510 0.575590 1 49 1.000000
stick
  49 -7.939601 5.895176 65.928642 0.004051 -0.999729 0.022927 0.759170 0.648930 1 49 1.000000
  49 -7.606729 6.035165 65.869949 0.727947 -0.652651 -0.210096 0.777510 0.575590 1 49 1.000000
  49 -7.662749 6.035165 66.122513 0.663317 -0.652627 0.366182 0.740830 0.575590 1 49 1.000000
stick
  49 -7.606729 6.035165 65.869949 0.727947 -0.652651 -0.210096 0.777510 0.575590 1 49 1.000000
  49 -7.468877 6.373166 65.845634 0.986273 0.000004 -0.165124 0.777510 0.502240 1 49 1.000000
  49 -7.662749 6.035165 66.122513 0.663317 -0.652627 0.366182 0.740830 0.575590 1 49 1.000000
stick
  49 -7.468877 6.373166 65.845634 0.986273 0.000004 -0.165124 0.777510 0.502240 1 49 1.000000
  49 -7.548064 6.373166 66.202812 0.815679 0.027561 0.577848 0.740830 0.502240 1 49 1.000000
  49 -7.662749 6.035165 66.122513 0.663317 -0.652627 0.366182 0.740830 0.575590 1 49 1.000000
stick
  49 -7.468877 6.373166 65.845634 0.986273 0.000004 -0.165124 0.777510 0.502240 1 49 1.000000
  49 -7.606730 6.711170 65.869949 0.755917 0.652633 -0.051572 0.777510 0.428890 1 49 1.000000
  49 -7.548064 6.373166 66.202812 0.815679 0.027561 0.577848 0.740830 0.502240 1 49 1.000000
stick
  49 -7.606730 6.711170 65.869949 0.755917 0.652633 -0.051572 0.777510 0.428890 1 49 1.000000
  49 -7.662749 6.711170 66.122513 0.570985 0.652622 0.498057 0.740830 0.428890 1 49 1.000000
  49 -7.548064 6.373166 66.202812 0.815679 0.027561 0.577848 0.740830 0.502240 1 49 1.000000
stick
  49 -7.606730 6.711170 65.869949 0.755917 0.652633 -0.051572 0.777510 0.428890 1 49 1.000000
  49 -7.939602 6.851157 65.928642 0.004049 0.999729 0.022932 0.759170 0.355550 1 49 1.000000
  49 -7.662749 6.711170 66.122513 0.570985 0.652622 0.498057 0.740830 0.428890 1 49 1.000000
stick
  49 -7.939601 5.895176 65.928642 0.004051 -0.999729 0.022927 0.722500 0.648930 1 49 1.000000
  49 -7.662749 6.035165 66.122513 0.663317 -0.652627 0.366182 0.740830 0.575590 1 49 1.000000
  49 -7.880904 6.035165 66.261513 0.210087 -0.652625 0.727972 0.704160 0.575590 1 49 1.000000
stick
  49 -7.662749 6.035165 66.122513 0.663317 -0.652627 0.366182 0.740830 0.575590 1 49 1.000000
  49 -7.548064 6.373166 66.202812 0.815679 0.027561 0.577848 0.740830 0.502240 1 49 1.000000
  49 -7.880904 6.035165 66.261513 0.210087 -0.652625 0.727972 0.704160 0.575590 1 49 1.000000
stick
  49 -7.548064 6.373166 66.202812 0.815679 0.027561 0.577848 0.740830 0.502240 1 49 1.000000
  49 -7.856622 6.373166 66.399361 0.174934 -0.000002 0.984580 0.704160 0.502240 1 49 1.000000
  49 -7.880904 6.035165 66.261513 0.210087 -0.652625 0.727972 0.704160 0.575590 1 49 1.000000
stick
  49 -7.548064 6.373166 66.202812 0.815679 0.027561 0.577848 0.740830 0.502240 1 49 1.000000
  49 -7.662749 6.711170 66.122513 0.570985 0.652622 0.498057 0.740830 0.428890 1 49 1.000000
  49 -7.856622 6.373166 66.399361 0.174934 -0.000002 0.984580 0.704160 0.502240 1 49 1.000000
stick
  49 -7.662749 6.711170 66.122513 0.570985 0.652622 0.498057 0.740830 0.428890 1 49 1.000000
  49 -7.880905 6.711169 66.261513 0.051552 0.652610 0.755938 0.704160 0.428890 1 49 1.000000
  49 -7.856622 6.373166 66.399361 0.174934 -0.000002 0.984580 0.704160 0.502240 1 49 1.000000
stick
  49 -7.662749 6.711170 66.122513 0.570985 0.652622 0.498057 0.740830 0.428890 1 49 1.000000
  49 -7.939602 6.851157 65.928642 0.004049 0.999729 0.022932 0.722500 0.355550 1 49 1.000000
  49 -7.880905 6.711169 66.261513 0.051552 0.652610 0.755938 0.704160 0.428890 1 49 1.000000
stick
  49 -7.939601 5.895176 65.928642 0.004051 -0.999729 0.022927 0.685820 0.648930 1 49 1.000000
  49 -7.880904 6.035165 66.261513 0.210087 -0.652625 0.727972 0.704160 0.575590 1 49 1.000000
  49 -8.133474 6.035164 66.205498 -0.366156 -0.652646 0.663312 0.667490 0.575590 1 49 1.000000
stick
  49 -7.880904 6.035165 66.261513 0.210087 -0.652625 0.727972 0.704160 0.575590 1 49 1.000000
  49 -7.856622 6.373166 66.399361 0.174934 -0.000002 0.984580 0.704160 0.502240 1 49 1.000000
  49 -8.133474 6.035164 66.205498 -0.366156 -0.652646 0.663312 0.667490 0.575590 1 49 1.000000
stick
  49 -7.856622 6.373166 66.399361 0.174934 -0.000002 0.984580 0.704160 0.502240 1 49 1.000000
  49 -8.213778 6.373166 66.320213 -0.573560 -0.000004 0.819163 0.667490 0.502240 1 49 1.000000
  49 -8.133474 6.035164 66.205498 -0.366156 -0.652646 0.663312 0.667490 0.575590 1 49 1.000000
stick
  49 -7.856622 6.373166 66.399361 0.174934 -0.000002 0.984580 0.704160 0.502240 1 49 1.000000
  49 -7.880905 6.711169 66.261513 0.051552 0.652610 0.755938 0.704160 0.428890 1 49 1.000000
  49 -8.213778 6.373166 66.320213 -0.573560 -0.000004 0.819163 0.667490 0.502240 1 49 1.000000
stick
  49 -7.880905 6.711169 66.261513 0.051552 0.652610 0.755938 0.704160 0.428890 1 49 1.000000
  49 -8.133475 6.711169 66.205498 -0.498096 0.652639 0.570931 0.667490 0.428890 1 49 1.000000
  49 -8.213778 6.373166 66.320213 -0.573560 -0.000004 0.819163 0.667490 0.502240 1 49 1.000000
stick
  49 -7.880905 6.711169 66.261513 0.051552 0.652610 0.755938 0.704160 0.428890 1 49 1.000000
  49 -7.939602 6.851157 65.928642 0.004049 0.999729 0.022932 0.685820 0.355550 1 49 1.000000
  49 -8.133475 6.711169 66.205498 -0.498096 0.652639 0.570931 0.667490 0.428890 1 49 1.000000
stick
  49 -8.133475 6.711169 66.205498 -0.498096 0.652639 0.570931 0.667490 0.428890 1 49 1.000000
  49 -7.939602 6.851157 65.928642 0.004049 0.999729 0.022932 0.649150 0.355550 1 49 1.000000
  49 -8.272473 6.711170 65.987343 -0.755933 0.652616 0.051555 0.630810 0.428890 1 49 1.000000
stick
  49 -8.133475 6.711169 66.205498 -0.498096 0.652639 0.570931 0.667490 0.428890 1 49 1.000000
  49 -8.272473 6.711170 65.987343 -0.755933 0.652616 0.051555 0.630810 0.428890 1 49 1.000000
  49 -8.410326 6.373166 66.011650 -0.984809 -0.000020 0.173641 0.630810 0.502240 1 49 1.000000
stick
  49 -8.213778 6.373166 66.320213 -0.573560 -0.000004 0.819163 0.667490 0.502240 1 49 1.000000
  49 -8.133475 6.711169 66.205498 -0.498096 0.652639 0.570931 0.667490 0.428890 1 49 1.000000
  49 -8.410326 6.373166 66.011650 -0.984809 -0.000020 0.173641 0.630810 0.502240 1 49 1.000000
stick
  49 -8.213778 6.373166 66.320213 -0.573560 -0.000004 0.819163 0.667490 0.502240 1 49 1.000000
  49 -8.410326 6.373166 66.011650 -0.984809 -0.000020 0.173641 0.630810 0.502240 1 49 1.000000
  49 -8.272472 6.035165 65.987343 -0.727956 -0.652626 0.210142 0.630810 0.575590 1 49 1.000000
stick
  49 -8.133474 6.035164 66.205498 -0.366156 -0.652646 0.663312 0.667490 0.575590 1 49 1.000000
  49 -8.213778 6.373166 66.320213 -0.573560 -0.000004 0.819163 0.667490 0.502240 1 49 1.000000
  49 -8.272472 6.035165 65.987343 -0.727956 -0.652626 0.210142 0.630810 0.575590 1 49 1.000000
stick
  49 -8.133474 6.035164 66.205498 -0.366156 -0.652646 0.663312 0.667490 0.575590 1 49 1.000000
  49 -8.272472 6.035165 65.987343 -0.727956 -0.652626 0.210142 0.630810 0.575590 1 49 1.000000
  49 -7.939601 5.895176 65.928642 0.004051 -0.999729 0.022927 0.649150 0.648930 1 49 1.000000
stick
  49 -7.939598 4.381541 65.928642 0.004051 -0.999729 0.022927 0.869190 0.648930 1 49 1.000000
  49 -8.078026 4.451552 65.831711 -0.663332 -0.652631 -0.366147 0.887530 0.575590 1 49 1.000000
  49 -7.968948 4.451552 65.762207 -0.210046 -0.652625 -0.727984 0.850860 0.575590 1 49 1.000000
stick
  49 -8.078026 4.451552 65.831711 -0.663332 -0.652631 -0.366147 0.887530 0.575590 1 49 1.000000
  49 -8.135385 4.620538 65.791557 -0.819158 -0.000001 -0.573568 0.887530 0.502240 1 49 1.000000
  49 -7.968948 4.451552 65.762207 -0.210046 -0.652625 -0.727984 0.850860 0.575590 1 49 1.000000
stick
  49 -8.135385 4.620538 65.791557 -0.819158 -0.000001 -0.573568 0.887530 0.502240 1 49 1.000000
  49 -7.981121 4.620538 65.693275 -0.173681 0.000002 -0.984802 0.850860 0.502240 1 49 1.000000
  49 -7.968948 4.451552 65.762207 -0.210046 -0.652625 -0.727984 0.850860 0.575590 1 49 1.000000
stick
  49 -7.968948 4.451552 65.762207 -0.210046 -0.652625 -0.727984 0.850860 0.575590 1 49 1.000000
  49 -7.981121 4.620538 65.693275 -0.173681 0.000002 -0.984802 0.850860 0.502240 1 49 1.000000
  49 -7.842663 4.451552 65.790215 0.366152 -0.652637 -0.663323 0.814180 0.575590 1 49 1.000000
stick
  49 -7.981121 4.620538 65.693275 -0.173681 0.000002 -0.984802 0.850860 0.502240 1 49 1.000000
  49 -7.802544 4.620538 65.732895 0.619952 0.058960 -0.782421 0.814180 0.502240 1 49 1.000000
  49 -7.842663 4.451552 65.790215 0.366152 -0.652637 -0.663323 0.814180 0.575590 1 49 1.000000
stick
  49 -7.939598 4.381541 65.928642 0.004051 -0.999729 0.022927 0.832520 0.648930 1 49 1.000000
  49 -7.968948 4.451552 65.762207 -0.210046 -0.652625 -0.727984 0.850860 0.575590 1 49 1.000000
  49 -7.842663 4.451552 65.790215 0.366152 -0.652637 -0.663323 0.814180 0.575590 1 49 1.000000
stick
  49 -7.939598 4.381541 65.928642 0.004051 -0.999729 0.022927 0.905870 0.648930 1 49 1.000000
  49 -8.106035 4.451551 65.957993 -0.727956 -0.652626 0.210142 0.924200 0.575590 1 49 1.000000
  49 -8.078026 4.451552 65.831711 -0.663332 -0.652631 -0.366147 0.887530 0.575590 1 49 1.000000
stick
  49 -8.106035 4.451551 65.957993 -0.727956 -0.652626 0.210142 0.924200 0.575590 1 49 1.000000
  49 -8.174960 4.620537 65.970131 -0.984809 -0.000020 0.173641 0.924200 0.502240 1 49 1.000000
  49 -8.078026 4.451552 65.831711 -0.663332 -0.652631 -0.366147 0.887530 0.575590 1 49 1.000000
stick
  49 -8.174960 4.620537 65.970131 -0.984809 -0.000020 0.173641 0.924200 0.502240 1 49 1.000000
  49 -8.135385 4.620538 65.791557 -0.819158 -0.000001 -0.573568 0.887530 0.502240 1 49 1.000000
  49 -8.078026 4.451552 65.831711 -0.663332 -0.652631 -0.366147 0.887530 0.575590 1 49 1.000000
stick
  49 -8.174960 4.620537 65.970131 -0.984809 -0.000020 0.173641 0.924200 0.502240 1 49 1.000000
  49 -8.106035 4.789522 65.957993 -0.755933 0.652616 0.051555 0.924200 0.428890 1 49 1.000000
  49 -8.135385 4.620538 65.791557 -0.819158 -0.000001 -0.573568 0.887530 0.502240 1 49 1.000000
stick
  49 -8.106035 4.789522 65.957993 -0.755933 0.652616 0.051555 0.924200 0.428890 1 49 1.000000
  49 -8.078026 4.789523 65.831711 -0.570955 0.652643 -0.498064 0.887530 0.428890 1 49 1.000000
  49 -8.135385 4.620538 65.791557 -0.819158 -0.000001 -0.573568 0.887530 0.502240 1 49 1.000000
stick
  49 -8.135385 4.620538 65.791557 -0.819158 -0.000001 -0.573568 0.887530 0.502240 1 49 1.000000
  49 -8.078026 4.789523 65.831711 -0.570955 0.652643 -0.498064 0.887530 0.428890 1 49 1.000000
  49 -7.981121 4.620538 65.693275 -0.173681 0.000002 -0.984802 0.850860 0.502240 1 49 1.000000
stick
  49 -8.078026 4.789523 65.831711 -0.570955 0.652643 -0.498064 0.887530 0.428890 1 49 1.000000
  49 -7.968949 4.789523 65.762207 -0.051515 0.652646 -0.755909 0.850860 0.428890 1 49 1.000000
  49 -7.981121 4.620538 65.693275 -0.173681 0.000002 -0.984802 0.850860 0.502240 1 49 1.000000
stick
  49 -7.981121 4.620538 65.693275 -0.173681 0.000002 -0.984802 0.850860 0.502240 1 49 1.000000
  49 -7.968949 4.789523 65.762207 -0.051515 0.652646 -0.755909 0.850860 0.428890 1 49 1.000000
  49 -7.802544 4.620538 65.732895 0.619952 0.058960 -0.782421 0.814180 0.502240 1 49 1.000000
stick
  49 -7.968949 4.789523 65.762207 -0.051515 0.652646 -0.755909 0.850860 0.428890 1 49 1.000000
  49 -7.842664 4.789523 65.790215 0.400988 0.715172 -0.572483 0.814180 0.428890 1 49 1.000000
  49 -7.802544 4.620538 65.732895 0.619952 0.058960 -0.782421 0.814180 0.502240 1 49 1.000000
stick
  49 -7.842664 4.789523 65.790215 0.400988 0.715172 -0.572483 0.814180 0.428890 1 49 1.000000
  49 -7.773196 4.789523 65.899292 0.778966 0.611830 -0.137389 0.777510 0.428890 1 49 1.000000
  49 -7.802544 4.620538 65.732895 0.619952 0.058960 -0.782421 0.814180 0.502240 1 49 1.000000
stick
  49 -7.842664 4.789523 65.790215 0.400988 0.715172 -0.572483 0.814180 0.428890 1 49 1.000000
  49 -7.939599 4.859531 65.928642 0.004049 0.999729 0.022932 0.795840 0.355550 1 49 1.000000
  49 -7.773196 4.789523 65.899292 0.778966 0.611830 -0.137389 0.777510 0.428890 1 49 1.000000
stick
  49 -8.106035 4.789522 65.957993 -0.755933 0.652616 0.051555 0.924200 0.428890 1 49 1.000000
  49 -7.939599 4.859531 65.928642 0.004049 0.999729 0.022932 0.905870 0.355550 1 49 1.000000
  49 -8.078026 4.789523 65.831711 -0.570955 0.652643 -0.498064 0.887530 0.428890 1 49 1.000000
stick
  49 -7.968949 4.789523 65.762207 -0.051515 0.652646 -0.755909 0.850860 0.428890 1 49 1.000000
  49 -7.939599 4.859531 65.928642 0.004049 0.999729 0.022932 0.832520 0.355550 1 49 1.000000
  49 -7.842664 4.789523 65.790215 0.400988 0.715172 -0.572483 0.814180 0.428890 1 49 1.000000
stick
  49 -8.078026 4.789523 65.831711 -0.570955 0.652643 -0.498064 0.887530 0.428890 1 49 1.000000
  49 -7.939599 4.859531 65.928642 0.004049 0.999729 0.022932 0.869190 0.355550 1 49 1.000000
  49 -7.968949 4.789523 65.762207 -0.051515 0.652646 -0.755909 0.850860 0.428890 1 49 1.000000
stick
  49 -7.773196 4.789523 65.899292 0.778966 0.611830 -0.137389 0.777510 0.428890 1 49 1.000000
  49 -7.939599 4.859531 65.928642 0.004049 0.999729 0.022932 0.759170 0.355550 1 49 1.000000
  49 -7.801173 4.789522 66.025574 0.570985 0.652622 0.498057 0.740830 0.428890 1 49 1.000000
stick
  49 -7.801173 4.789522 66.025574 0.570985 0.652622 0.498057 0.740830 0.428890 1 49 1.000000
  49 -7.939599 4.859531 65.928642 0.004049 0.999729 0.022932 0.722500 0.355550 1 49 1.000000
  49 -7.910251 4.789522 66.095047 0.051552 0.652610 0.755938 0.704160 0.428890 1 49 1.000000
stick
  49 -7.910251 4.789522 66.095047 0.051552 0.652610 0.755938 0.704160 0.428890 1 49 1.000000
  49 -7.939599 4.859531 65.928642 0.004049 0.999729 0.022932 0.685820 0.355550 1 49 1.000000
  49 -8.036535 4.789522 66.067070 -0.498096 0.652639 0.570931 0.667490 0.428890 1 49 1.000000
stick
  49 -7.939598 4.381541 65.928642 0.004051 -0.999729 0.022927 0.795840 0.648930 1 49 1.000000
  49 -7.842663 4.451552 65.790215 0.366152 -0.652637 -0.663323 0.814180 0.575590 1 49 1.000000
  49 -7.773195 4.451552 65.899292 0.778924 -0.611893 -0.137348 0.777510 0.575590 1 49 1.000000
stick
  49 -7.842663 4.451552 65.790215 0.366152 -0.652637 -0.663323 0.814180 0.575590 1 49 1.000000
  49 -7.802544 4.620538 65.732895 0.619952 0.058960 -0.782421 0.814180 0.502240 1 49 1.000000
  49 -7.773195 4.451552 65.899292 0.778924 -0.611893 -0.137348 0.777510 0.575590 1 49 1.000000
stick
  49 -7.802544 4.620538 65.732895 0.619952 0.058960 -0.782421 0.814180 0.502240 1 49 1.000000
  49 -7.704237 4.620538 65.887154 0.986273 0.000004 -0.165124 0.777510 0.502240 1 49 1.000000
  49 -7.773195 4.451552 65.899292 0.778924 -0.611893 -0.137348 0.777510 0.575590 1 49 1.000000
stick
  49 -7.802544 4.620538 65.732895 0.619952 0.058960 -0.782421 0.814180 0.502240 1 49 1.000000
  49 -7.773196 4.789523 65.899292 0.778966 0.611830 -0.137389 0.777510 0.428890 1 49 1.000000
  49 -7.704237 4.620538 65.887154 0.986273 0.000004 -0.165124 0.777510 0.502240 1 49 1.000000
stick
  49 -7.704237 4.620538 65.887154 0.986273 0.000004 -0.165124 0.777510 0.502240 1 49 1.000000
  49 -7.773196 4.789523 65.899292 0.778966 0.611830 -0.137389 0.777510 0.428890 1 49 1.000000
  49 -7.743846 4.620537 66.065735 0.850107 -0.058976 0.523297 0.740830 0.502240 1 49 1.000000
stick
  49 -7.773196 4.789523 65.899292 0.778966 0.611830 -0.137389 0.777510 0.428890 1 49 1.000000
  49 -7.801173 4.789522 66.025574 0.570985 0.652622 0.498057 0.740830 0.428890 1 49 1.000000
  49 -7.743846 4.620537 66.065735 0.850107 -0.058976 0.523297 0.740830 0.502240 1 49 1.000000
stick
  49 -7.743846 4.620537 66.065735 0.850107 -0.058976 0.523297 0.740830 0.502240 1 49 1.000000
  49 -7.801173 4.789522 66.025574 0.570985 0.652622 0.498057 0.740830 0.428890 1 49 1.000000
  49 -7.898110 4.620537 66.164001 0.174934 -0.000002 0.984580 0.704160 0.502240 1 49 1.000000
stick
  49 -7.801173 4.789522 66.025574 0.570985 0.652622 0.498057 0.740830 0.428890 1 49 1.000000
  49 -7.910251 4.789522 66.095047 0.051552 0.652610 0.755938 0.704160 0.428890 1 49 1.000000
  49 -7.898110 4.620537 66.164001 0.174934 -0.000002 0.984580 0.704160 0.502240 1 49 1.000000
stick
  49 -7.898110 4.620537 66.164001 0.174934 -0.000002 0.984580 0.704160 0.502240 1 49 1.000000
  49 -7.910251 4.789522 66.095047 0.051552 0.652610 0.755938 0.704160 0.428890 1 49 1.000000
  49 -8.076686 4.620537 66.124397 -0.573560 -0.000004 0.819163 0.667490 0.502240 1 49 1.000000
stick
  49 -7.910251 4.789522 66.095047 0.051552 0.652610 0.755938 0.704160 0.428890 1 49 1.000000
  49 -8.036535 4.789522 66.067070 -0.498096 0.652639 0.570931 0.667490 0.428890 1 49 1.000000
  49 -8.076686 4.620537 66.124397 -0.573560 -0.000004 0.819163 0.667490 0.502240 1 49 1.000000
stick
  49 -8.076686 4.620537 66.124397 -0.573560 -0.000004 0.819163 0.667490 0.502240 1 49 1.000000
  49 -8.036535 4.789522 66.067070 -0.498096 0.652639 0.570931 0.667490 0.428890 1 49 1.000000
  49 -8.174960 4.620537 65.970131 -0.984809 -0.000020 0.173641 0.630810 0.502240 1 49 1.000000
stick
  49 -8.036535 4.789522 66.067070 -0.498096 0.652639 0.570931 0.667490 0.428890 1 49 1.000000
  49 -8.106035 4.789522 65.957993 -0.755933 0.652616 0.051555 0.630810 0.428890 1 49 1.000000
  49 -8.174960 4.620537 65.970131 -0.984809 -0.000020 0.173641 0.630810 0.502240 1 49 1.000000
stick
  49 -8.036535 4.789522 66.067070 -0.498096 0.652639 0.570931 0.667490 0.428890 1 49 1.000000
  49 -7.939599 4.859531 65.928642 0.004049 0.999729 0.022932 0.649150 0.355550 1 49 1.000000
  49 -8.106035 4.789522 65.957993 -0.755933 0.652616 0.051555 0.630810 0.428890 1 49 1.000000
stick
  49 -7.704237 4.620538 65.887154 0.986273 0.000004 -0.165124 0.777510 0.502240 1 49 1.000000
  49 -7.743846 4.620537 66.065735 0.850107 -0.058976 0.523297 0.740830 0.502240 1 49 1.000000
  49 -7.773195 4.451552 65.899292 0.778924 -0.611893 -0.137348 0.777510 0.575590 1 49 1.000000
stick
  49 -8.076686 4.620537 66.124397 -0.573560 -0.000004 0.819163 0.667490 0.502240 1 49 1.000000
  49 -8.174960 4.620537 65.970131 -0.984809 -0.000020 0.173641 0.630810 0.502240 1 49 1.000000
  49 -8.106035 4.451551 65.957993 -0.727956 -0.652626 0.210142 0.630810 0.575590 1 49 1.000000
stick
  49 -8.036535 4.451551 66.067070 -0.366156 -0.652646 0.663312 0.667490 0.575590 1 49 1.000000
  49 -8.076686 4.620537 66.124397 -0.573560 -0.000004 0.819163 0.667490 0.502240 1 49 1.000000
  49 -8.106035 4.451551 65.957993 -0.727956 -0.652626 0.210142 0.630810 0.575590 1 49 1.000000
stick
  49 -7.898110 4.620537 66.164001 0.174934 -0.000002 0.984580 0.704160 0.502240 1 49 1.000000
  49 -8.076686 4.620537 66.124397 -0.573560 -0.000004 0.819163 0.667490 0.502240 1 49 1.000000
  49 -8.036535 4.451551 66.067070 -0.366156 -0.652646 0.663312 0.667490 0.575590 1 49 1.000000
stick
  49 -7.910250 4.451552 66.095047 0.210087 -0.652625 0.727972 0.704160 0.575590 1 49 1.000000
  49 -7.898110 4.620537 66.164001 0.174934 -0.000002 0.984580 0.704160 0.502240 1 49 1.000000
  49 -8.036535 4.451551 66.067070 -0.366156 -0.652646 0.663312 0.667490 0.575590 1 49 1.000000
stick
  49 -7.743846 4.620537 66.065735 0.850107 -0.058976 0.523297 0.740830 0.502240 1 49 1.000000
  49 -7.898110 4.620537 66.164001 0.174934 -0.000002 0.984580 0.704160 0.502240 1 49 1.000000
  49 -7.910250 4.451552 66.095047 0.210087 -0.652625 0.727972 0.704160 0.575590 1 49 1.000000
stick
  49 -7.801172 4.451551 66.025574 0.572428 -0.715288 0.400860 0.740830 0.575590 1 49 1.000000
  49 -7.743846 4.620537 66.065735 0.850107 -0.058976 0.523297 0.740830 0.502240 1 49 1.000000
  49 -7.910250 4.451552 66.095047 0.210087 -0.652625 0.727972 0.704160 0.575590 1 49 1.000000
stick
  49 -7.773195 4.451552 65.899292 0.778924 -0.611893 -0.137348 0.777510 0.575590 1 49 1.000000
  49 -7.743846 4.620537 66.065735 0.850107 -0.058976 0.523297 0.740830 0.502240 1 49 1.000000
  49 -7.801172 4.451551 66.025574 0.572428 -0.715288 0.400860 0.740830 0.575590 1 49 1.000000
stick
  49 -7.939598 4.381541 65.928642 0.004051 -0.999729 0.022927 0.759170 0.648930 1 49 1.000000
  49 -7.773195 4.451552 65.899292 0.778924 -0.611893 -0.137348 0.777510 0.575590 1 49 1.000000
  49 -7.801172 4.451551 66.025574 0.572428 -0.715288 0.400860 0.740830 0.575590 1 49 1.000000
stick
  49 -7.939598 4.381541 65.928642 0.004051 -0.999729 0.022927 0.722500 0.648930 1 49 1.000000
  49 -7.801172 4.451551 66.025574 0.572428 -0.715288 0.400860 0.740830 0.575590 1 49 1.000000
  49 -7.910250 4.451552 66.095047 0.210087 -0.652625 0.727972 0.704160 0.575590 1 49 1.000000
stick
  49 -8.036535 4.451551 66.067070 -0.366156 -0.652646 0.663312 0.667490 0.575590 1 49 1.000000
  49 -8.106035 4.451551 65.957993 -0.727956 -0.652626 0.210142 0.630810 0.575590 1 49 1.000000
  49 -7.939598 4.381541 65.928642 0.004051 -0.999729 0.022927 0.649150 0.648930 1 49 1.000000
stick
  49 -7.939598 4.381541 65.928642 0.004051 -0.999729 0.022927 0.685820 0.648930 1 49 1.000000
  49 -7.910250 4.451552 66.095047 0.210087 -0.652625 0.727972 0.704160 0.575590 1 49 1.000000
  49 -8.036535 4.451551 66.067070 -0.366156 -0.652646 0.663312 0.667490 0.575590 1 49 1.000000
stick
  49 -8.102527 3.810597 66.105652 0.582637 0.684719 0.437829 0.196600 0.675430 1 49 1.000000
  49 -8.136019 3.860085 66.161804 0.714808 0.530594 0.455544 0.179700 0.678150 1 49 1.000000
  49 -8.090988 3.664556 66.171066 0.709791 0.071228 0.700802 0.201570 0.712450 1 49 1.000000
stick
  49 -8.288081 3.326935 65.990074 0.209134 -0.972927 -0.098365 0.155000 0.635400 1 49 1.000000
  49 -8.562703 3.419538 65.789711 -0.123467 -0.703011 -0.700379 0.112920 0.588890 1 49 1.000000
  49 -8.328361 3.432443 65.761497 0.102215 -0.596161 -0.796332 0.155490 0.590220 1 49 1.000000
stick
  49 -8.203924 3.469026 65.776703 0.560647 -0.548216 -0.620591 0.179760 0.592270 1 49 1.000000
  49 -8.288081 3.326935 65.990074 0.209134 -0.972927 -0.098365 0.155000 0.635400 1 49 1.000000
  49 -8.328361 3.432443 65.761497 0.102215 -0.596161 -0.796332 0.155490 0.590220 1 49 1.000000
stick
  49 -8.203924 3.469026 65.776703 0.560647 -0.548216 -0.620591 0.179760 0.592270 1 49 1.000000
  49 -8.169986 3.380151 65.969269 0.664998 -0.741670 -0.087767 0.178380 0.635140 1 49 1.000000
  49 -8.288081 3.326935 65.990074 0.209134 -0.972927 -0.098365 0.155000 0.635400 1 49 1.000000
stick
  49 -8.169986 3.380151 65.969269 0.664998 -0.741670 -0.087767 0.178380 0.635140 1 49 1.000000
  49 -8.247770 3.432443 66.218643 0.356791 -0.683197 0.637136 0.155490 0.680610 1 49 1.000000
  49 -8.288081 3.326935 65.990074 0.209134 -0.972927 -0.098365 0.155000 0.635400 1 49 1.000000
stick
  49 -8.136018 3.469026 66.161797 0.776387 -0.473397 0.416076 0.179700 0.678150 1 49 1.000000
  49 -8.247770 3.432443 66.218643 0.356791 -0.683197 0.637136 0.155490 0.680610 1 49 1.000000
  49 -8.169986 3.380151 65.969269 0.664998 -0.741670 -0.087767 0.178380 0.635140 1 49 1.000000
stick
  49 -8.136018 3.469026 66.161797 0.776387 -0.473397 0.416076 0.179700 0.678150 1 49 1.000000
  49 -8.229447 3.664555 66.322571 0.432807 0.064993 0.899140 0.158750 0.728670 1 49 1.000000
  49 -8.247770 3.432443 66.218643 0.356791 -0.683197 0.637136 0.155490 0.680610 1 49 1.000000
stick
  49 -8.136018 3.469026 66.161797 0.776387 -0.473397 0.416076 0.179700 0.678150 1 49 1.000000
  49 -8.120593 3.664556 66.249367 0.788993 0.000006 0.614402 0.185090 0.721450 1 49 1.000000
  49 -8.229447 3.664555 66.322571 0.432807 0.064993 0.899140 0.158750 0.728670 1 49 1.000000
stick
  49 -8.120593 3.664556 66.249367 0.788993 0.000006 0.614402 0.185090 0.721450 1 49 1.000000
  49 -8.136019 3.860085 66.161804 0.714808 0.530594 0.455544 0.179700 0.678150 1 49 1.000000
  49 -8.229447 3.664555 66.322571 0.432807 0.064993 0.899140 0.158750 0.728670 1 49 1.000000
stick
  49 -8.136019 3.860085 66.161804 0.714808 0.530594 0.455544 0.179700 0.678150 1 49 1.000000
  49 -8.247771 3.896667 66.218643 0.314997 0.742870 0.590695 0.155490 0.680610 1 49 1.000000
  49 -8.229447 3.664555 66.322571 0.432807 0.064993 0.899140 0.158750 0.728670 1 49 1.000000
stick
  49 -8.247771 3.896667 66.218643 0.314997 0.742870 0.590695 0.155490 0.680610 1 49 1.000000
  49 -8.136019 3.860085 66.161804 0.714808 0.530594 0.455544 0.179700 0.678150 1 49 1.000000
  49 -8.288083 4.002175 65.990082 0.289453 0.956563 0.034689 0.155000 0.635400 1 49 1.000000
stick
  49 -8.136019 3.860085 66.161804 0.714808 0.530594 0.455544 0.179700 0.678150 1 49 1.000000
  49 -8.169985 3.948959 65.969269 0.654897 0.741686 -0.144955 0.178380 0.635140 1 49 1.000000
  49 -8.288083 4.002175 65.990082 0.289453 0.956563 0.034689 0.155000 0.635400 1 49 1.000000
stick
  49 -8.136019 3.860085 66.161804 0.714808 0.530594 0.455544 0.179700 0.678150 1 49 1.000000
  49 -8.102527 3.810597 66.105652 0.582637 0.684719 0.437829 0.196600 0.675430 1 49 1.000000
  49 -8.169985 3.948959 65.969269 0.654897 0.741686 -0.144955 0.178380 0.635140 1 49 1.000000
stick
  49 -8.102527 3.810597 66.105652 0.582637 0.684719 0.437829 0.196600 0.675430 1 49 1.000000
  49 -8.127892 3.877007 65.961838 0.584855 0.795556 -0.158227 0.195400 0.634420 1 49 1.000000
  49 -8.169985 3.948959 65.969269 0.654897 0.741686 -0.144955 0.178380 0.635140 1 49 1.000000
stick
  49 -8.090988 3.664556 66.171066 0.709791 0.071228 0.700802 0.201570 0.712450 1 49 1.000000
  49 -8.136019 3.860085 66.161804 0.714808 0.530594 0.455544 0.179700 0.678150 1 49 1.000000
  49 -8.120593 3.664556 66.249367 0.788993 0.000006 0.614402 0.185090 0.721450 1 49 1.000000
stick
  49 -8.090988 3.664556 66.171066 0.709791 0.071228 0.700802 0.201570 0.712450 1 49 1.000000
  49 -8.120593 3.664556 66.249367 0.788993 0.000006 0.614402 0.185090 0.721450 1 49 1.000000
  49 -8.136018 3.469026 66.161797 0.776387 -0.473397 0.416076 0.179700 0.678150 1 49 1.000000
stick
  49 -8.102525 3.518514 66.105652 0.515455 -0.586565 0.624698 0.196600 0.675430 1 49 1.000000
  49 -8.090988 3.664556 66.171066 0.709791 0.071228 0.700802 0.201570 0.712450 1 49 1.000000
  49 -8.136018 3.469026 66.161797 0.776387 -0.473397 0.416076 0.179700 0.678150 1 49 1.000000
stick
  49 -8.102525 3.518514 66.105652 0.515455 -0.586565 0.624698 0.196600 0.675430 1 49 1.000000
  49 -8.136018 3.469026 66.161797 0.776387 -0.473397 0.416076 0.179700 0.678150 1 49 1.000000
  49 -8.127892 3.452104 65.961838 0.439474 -0.897477 -0.037375 0.195400 0.634420 1 49 1.000000
stick
  49 -8.127892 3.452104 65.961838 0.439474 -0.897477 -0.037375 0.195400 0.634420 1 49 1.000000
  49 -8.136018 3.469026 66.161797 0.776387 -0.473397 0.416076 0.179700 0.678150 1 49 1.000000
  49 -8.169986 3.380151 65.969269 0.664998 -0.741670 -0.087767 0.178380 0.635140 1 49 1.000000
stick
  49 -8.153256 3.518514 65.818039 0.382786 -0.589305 -0.711473 0.196460 0.593660 1 49 1.000000
  49 -8.127892 3.452104 65.961838 0.439474 -0.897477 -0.037375 0.195400 0.634420 1 49 1.000000
  49 -8.169986 3.380151 65.969269 0.664998 -0.741670 -0.087767 0.178380 0.635140 1 49 1.000000
stick
  49 -8.153256 3.518514 65.818039 0.382786 -0.589305 -0.711473 0.196460 0.593660 1 49 1.000000
  49 -8.169986 3.380151 65.969269 0.664998 -0.741670 -0.087767 0.178380 0.635140 1 49 1.000000
  49 -8.203924 3.469026 65.776703 0.560647 -0.548216 -0.620591 0.179760 0.592270 1 49 1.000000
stick
  49 -8.164792 3.664556 65.752609 0.354112 0.038230 -0.934421 0.201480 0.558460 1 49 1.000000
  49 -8.153256 3.518514 65.818039 0.382786 -0.589305 -0.711473 0.196460 0.593660 1 49 1.000000
  49 -8.203924 3.469026 65.776703 0.560647 -0.548216 -0.620591 0.179760 0.592270 1 49 1.000000
stick
  49 -8.164792 3.664556 65.752609 0.354112 0.038230 -0.934421 0.201480 0.558460 1 49 1.000000
  49 -8.203924 3.469026 65.776703 0.560647 -0.548216 -0.620591 0.179760 0.592270 1 49 1.000000
  49 -8.219379 3.664556 65.689163 0.531264 -0.029043 -0.846708 0.185250 0.549480 1 49 1.000000
stick
  49 -8.153258 3.810598 65.818039 0.390588 0.634250 -0.667209 0.196460 0.593660 1 49 1.000000
  49 -8.164792 3.664556 65.752609 0.354112 0.038230 -0.934421 0.201480 0.558460 1 49 1.000000
  49 -8.219379 3.664556 65.689163 0.531264 -0.029043 -0.846708 0.185250 0.549480 1 49 1.000000
stick
  49 -8.203925 3.860086 65.776703 0.554684 0.513861 -0.654425 0.179760 0.592270 1 49 1.000000
  49 -8.153258 3.810598 65.818039 0.390588 0.634250 -0.667209 0.196460 0.593660 1 49 1.000000
  49 -8.219379 3.664556 65.689163 0.531264 -0.029043 -0.846708 0.185250 0.549480 1 49 1.000000
stick
  49 -8.127892 3.877007 65.961838 0.584855 0.795556 -0.158227 0.195400 0.634420 1 49 1.000000
  49 -8.153258 3.810598 65.818039 0.390588 0.634250 -0.667209 0.196460 0.593660 1 49 1.000000
  49 -8.203925 3.860086 65.776703 0.554684 0.513861 -0.654425 0.179760 0.592270 1 49 1.000000
stick
  49 -8.169985 3.948959 65.969269 0.654897 0.741686 -0.144955 0.178380 0.635140 1 49 1.000000
  49 -8.127892 3.877007 65.961838 0.584855 0.795556 -0.158227 0.195400 0.634420 1 49 1.000000
  49 -8.203925 3.860086 65.776703 0.554684 0.513861 -0.654425 0.179760 0.592270 1 49 1.000000
stick
  49 -8.169985 3.948959 65.969269 0.654897 0.741686 -0.144955 0.178380 0.635140 1 49 1.000000
  49 -8.203925 3.860086 65.776703 0.554684 0.513861 -0.654425 0.179760 0.592270 1 49 1.000000
  49 -8.328361 3.896668 65.761505 0.131811 0.766479 -0.628598 0.155490 0.590220 1 49 1.000000
stick
  49 -8.288083 4.002175 65.990082 0.289453 0.956563 0.034689 0.155000 0.635400 1 49 1.000000
  49 -8.169985 3.948959 65.969269 0.654897 0.741686 -0.144955 0.178380 0.635140 1 49 1.000000
  49 -8.328361 3.896668 65.761505 0.131811 0.766479 -0.628598 0.155490 0.590220 1 49 1.000000
stick
  49 -8.520163 4.020944 66.030991 0.028056 0.999594 -0.004894 0.112910 0.635400 1 49 1.000000
  49 -8.288083 4.002175 65.990082 0.289453 0.956563 0.034689 0.155000 0.635400 1 49 1.000000
  49 -8.328361 3.896668 65.761505 0.131811 0.766479 -0.628598 0.155490 0.590220 1 49 1.000000
stick
  49 -8.520163 4.020944 66.030991 0.028056 0.999594 -0.004894 0.112910 0.635400 1 49 1.000000
  49 -8.247771 3.896667 66.218643 0.314997 0.742870 0.590695 0.155490 0.680610 1 49 1.000000
  49 -8.288083 4.002175 65.990082 0.289453 0.956563 0.034689 0.155000 0.635400 1 49 1.000000
stick
  49 -8.477621 3.909573 66.272316 0.122822 0.707139 0.696325 0.112900 0.681910 1 49 1.000000
  49 -8.247771 3.896667 66.218643 0.314997 0.742870 0.590695 0.155490 0.680610 1 49 1.000000
  49 -8.520163 4.020944 66.030991 0.028056 0.999594 -0.004894 0.112910 0.635400 1 49 1.000000
stick
  49 -8.203925 3.860086 65.776703 0.554684 0.513861 -0.654425 0.179760 0.592270 1 49 1.000000
  49 -8.219379 3.664556 65.689163 0.531264 -0.029043 -0.846708 0.185250 0.549480 1 49 1.000000
  49 -8.346684 3.664557 65.657578 0.074375 0.145267 -0.986593 0.158800 0.542180 1 49 1.000000
stick
  49 -8.328361 3.896668 65.761505 0.131811 0.766479 -0.628598 0.155490 0.590220 1 49 1.000000
  49 -8.203925 3.860086 65.776703 0.554684 0.513861 -0.654425 0.179760 0.592270 1 49 1.000000
  49 -8.346684 3.664557 65.657578 0.074375 0.145267 -0.986593 0.158800 0.542180 1 49 1.000000
stick
  49 -8.562705 3.909573 65.789711 -0.123466 0.703013 -0.700378 0.112920 0.588890 1 49 1.000000
  49 -8.328361 3.896668 65.761505 0.131811 0.766479 -0.628598 0.155490 0.590220 1 49 1.000000
  49 -8.346684 3.664557 65.657578 0.074375 0.145267 -0.986593 0.158800 0.542180 1 49 1.000000
stick
  49 -8.562705 3.909573 65.789711 -0.123466 0.703013 -0.700378 0.112920 0.588890 1 49 1.000000
  49 -8.520163 4.020944 66.030991 0.028056 0.999594 -0.004894 0.112910 0.635400 1 49 1.000000
  49 -8.328361 3.896668 65.761505 0.131811 0.766479 -0.628598 0.155490 0.590220 1 49 1.000000
stick
  49 -8.477620 3.419537 66.272308 0.122795 -0.707137 0.696332 0.112900 0.681910 1 49 1.000000
  49 -8.458277 3.664555 66.382019 0.174934 -0.000002 0.984580 0.112860 0.731890 1 49 1.000000
  49 -8.693641 3.664554 66.404434 -0.040792 -0.091027 0.995012 0.066910 0.728580 1 49 1.000000
stick
  49 -8.458277 3.664555 66.382019 0.174934 -0.000002 0.984580 0.112860 0.731890 1 49 1.000000
  49 -8.711963 3.896666 66.300522 -0.134447 0.643124 0.753867 0.070260 0.680590 1 49 1.000000
  49 -8.693641 3.664554 66.404434 -0.040792 -0.091027 0.995012 0.066910 0.728580 1 49 1.000000
stick
  49 -8.477621 3.909573 66.272316 0.122822 0.707139 0.696325 0.112900 0.681910 1 49 1.000000
  49 -8.711963 3.896666 66.300522 -0.134447 0.643124 0.753867 0.070260 0.680590 1 49 1.000000
  49 -8.458277 3.664555 66.382019 0.174934 -0.000002 0.984580 0.112860 0.731890 1 49 1.000000
stick
  49 -8.711963 3.896666 66.300522 -0.134447 0.643124 0.753867 0.070260 0.680590 1 49 1.000000
  49 -8.477621 3.909573 66.272316 0.122822 0.707139 0.696325 0.112900 0.681910 1 49 1.000000
  49 -8.752274 4.002174 66.071945 -0.249974 0.968144 -0.014492 0.070810 0.635400 1 49 1.000000
stick
  49 -8.477621 3.909573 66.272316 0.122822 0.707139 0.696325 0.112900 0.681910 1 49 1.000000
  49 -8.520163 4.020944 66.030991 0.028056 0.999594 -0.004894 0.112910 0.635400 1 49 1.000000
  49 -8.752274 4.002174 66.071945 -0.249974 0.968144 -0.014492 0.070810 0.635400 1 49 1.000000
stick
  49 -8.520163 4.020944 66.030991 0.028056 0.999594 -0.004894 0.112910 0.635400 1 49 1.000000
  49 -8.562705 3.909573 65.789711 -0.123466 0.703013 -0.700378 0.112920 0.588890 1 49 1.000000
  49 -8.752274 4.002174 66.071945 -0.249974 0.968144 -0.014492 0.070810 0.635400 1 49 1.000000
stick
  49 -8.562705 3.909573 65.789711 -0.123466 0.703013 -0.700378 0.112920 0.588890 1 49 1.000000
  49 -8.792585 3.896666 65.843369 -0.368407 0.596156 -0.713355 0.070270 0.590190 1 49 1.000000
  49 -8.752274 4.002174 66.071945 -0.249974 0.968144 -0.014492 0.070810 0.635400 1 49 1.000000
stick
  49 -8.792585 3.896666 65.843369 -0.368407 0.596156 -0.713355 0.070270 0.590190 1 49 1.000000
  49 -8.562705 3.909573 65.789711 -0.123466 0.703013 -0.700378 0.112920 0.588890 1 49 1.000000
  49 -8.582047 3.664556 65.680023 -0.173681 0.000002 -0.984802 0.112910 0.538920 1 49 1.000000
stick
  49 -8.582047 3.664556 65.680023 -0.173681 0.000002 -0.984802 0.112910 0.538920 1 49 1.000000
  49 -8.562705 3.909573 65.789711 -0.123466 0.703013 -0.700378 0.112920 0.588890 1 49 1.000000
  49 -8.346684 3.664557 65.657578 0.074375 0.145267 -0.986593 0.158800 0.542180 1 49 1.000000
stick
  49 -8.328361 3.432443 65.761497 0.102215 -0.596161 -0.796332 0.155490 0.590220 1 49 1.000000
  49 -8.582047 3.664556 65.680023 -0.173681 0.000002 -0.984802 0.112910 0.538920 1 49 1.000000
  49 -8.346684 3.664557 65.657578 0.074375 0.145267 -0.986593 0.158800 0.542180 1 49 1.000000
stick
  49 -8.219379 3.664556 65.689163 0.531264 -0.029043 -0.846708 0.185250 0.549480 1 49 1.000000
  49 -8.328361 3.432443 65.761497 0.102215 -0.596161 -0.796332 0.155490 0.590220 1 49 1.000000
  49 -8.346684 3.664557 65.657578 0.074375 0.145267 -0.986593 0.158800 0.542180 1 49 1.000000
stick
  49 -8.219379 3.664556 65.689163 0.531264 -0.029043 -0.846708 0.185250 0.549480 1 49 1.000000
  49 -8.203924 3.469026 65.776703 0.560647 -0.548216 -0.620591 0.179760 0.592270 1 49 1.000000
  49 -8.328361 3.432443 65.761497 0.102215 -0.596161 -0.796332 0.155490 0.590220 1 49 1.000000
stick
  49 -8.870368 3.380150 66.092743 -0.665111 -0.741568 0.087769 0.047430 0.635660 1 49 1.000000
  49 -8.904306 3.469026 65.900177 -0.745085 -0.513783 -0.425294 0.046070 0.592680 1 49 1.000000
  49 -8.792583 3.432443 65.843338 -0.338836 -0.766475 -0.545624 0.070270 0.590190 1 49 1.000000
stick
  49 -8.870368 3.380150 66.092743 -0.665111 -0.741568 0.087769 0.047430 0.635660 1 49 1.000000
  49 -8.792583 3.432443 65.843338 -0.338836 -0.766475 -0.545624 0.070270 0.590190 1 49 1.000000
  49 -8.752273 3.326934 66.071938 -0.260120 -0.956569 0.131577 0.070810 0.635400 1 49 1.000000
stick
  49 -8.792583 3.432443 65.843338 -0.338836 -0.766475 -0.545624 0.070270 0.590190 1 49 1.000000
  49 -8.520162 3.308165 66.030991 -0.030706 -0.999527 0.001497 0.112910 0.635400 1 49 1.000000
  49 -8.752273 3.326934 66.071938 -0.260120 -0.956569 0.131577 0.070810 0.635400 1 49 1.000000
stick
  49 -8.520162 3.308165 66.030991 -0.030706 -0.999527 0.001497 0.112910 0.635400 1 49 1.000000
  49 -8.711962 3.432442 66.300522 -0.118361 -0.689467 0.714581 0.070260 0.680590 1 49 1.000000
  49 -8.752273 3.326934 66.071938 -0.260120 -0.956569 0.131577 0.070810 0.635400 1 49 1.000000
stick
  49 -8.477620 3.419537 66.272308 0.122795 -0.707137 0.696332 0.112900 0.681910 1 49 1.000000
  49 -8.711962 3.432442 66.300522 -0.118361 -0.689467 0.714581 0.070260 0.680590 1 49 1.000000
  49 -8.520162 3.308165 66.030991 -0.030706 -0.999527 0.001497 0.112910 0.635400 1 49 1.000000
stick
  49 -8.711962 3.432442 66.300522 -0.118361 -0.689467 0.714581 0.070260 0.680590 1 49 1.000000
  49 -8.477620 3.419537 66.272308 0.122795 -0.707137 0.696332 0.112900 0.681910 1 49 1.000000
  49 -8.693641 3.664554 66.404434 -0.040792 -0.091027 0.995012 0.066910 0.728580 1 49 1.000000
stick
  49 -8.820975 3.664554 66.372887 -0.491922 0.035838 0.869901 0.040490 0.721270 1 49 1.000000
  49 -8.711962 3.432442 66.300522 -0.118361 -0.689467 0.714581 0.070260 0.680590 1 49 1.000000
  49 -8.693641 3.664554 66.404434 -0.040792 -0.091027 0.995012 0.066910 0.728580 1 49 1.000000
stick
  49 -8.711963 3.896666 66.300522 -0.134447 0.643124 0.753867 0.070260 0.680590 1 49 1.000000
  49 -8.820975 3.664554 66.372887 -0.491922 0.035838 0.869901 0.040490 0.721270 1 49 1.000000
  49 -8.693641 3.664554 66.404434 -0.040792 -0.091027 0.995012 0.066910 0.728580 1 49 1.000000
stick
  49 -8.711963 3.896666 66.300522 -0.134447 0.643124 0.753867 0.070260 0.680590 1 49 1.000000
  49 -8.836400 3.860084 66.285309 -0.613106 0.529599 0.586196 0.046010 0.678510 1 49 1.000000
  49 -8.820975 3.664554 66.372887 -0.491922 0.035838 0.869901 0.040490 0.721270 1 49 1.000000
stick
  49 -8.836400 3.860084 66.285309 -0.613106 0.529599 0.586196 0.046010 0.678510 1 49 1.000000
  49 -8.711963 3.896666 66.300522 -0.134447 0.643124 0.753867 0.070260 0.680590 1 49 1.000000
  49 -8.870368 3.948958 66.092743 -0.655002 0.741587 0.144988 0.047430 0.635660 1 49 1.000000
stick
  49 -8.870368 3.948958 66.092743 -0.655002 0.741587 0.144988 0.047430 0.635660 1 49 1.000000
  49 -8.711963 3.896666 66.300522 -0.134447 0.643124 0.753867 0.070260 0.680590 1 49 1.000000
  49 -8.752274 4.002174 66.071945 -0.249974 0.968144 -0.014492 0.070810 0.635400 1 49 1.000000
stick
  49 -8.904307 3.860085 65.900177 -0.739051 0.548176 -0.391544 0.046070 0.592680 1 49 1.000000
  49 -8.870368 3.948958 66.092743 -0.655002 0.741587 0.144988 0.047430 0.635660 1 49 1.000000
  49 -8.752274 4.002174 66.071945 -0.249974 0.968144 -0.014492 0.070810 0.635400 1 49 1.000000
stick
  49 -8.792585 3.896666 65.843369 -0.368407 0.596156 -0.713355 0.070270 0.590190 1 49 1.000000
  49 -8.904307 3.860085 65.900177 -0.739051 0.548176 -0.391544 0.046070 0.592680 1 49 1.000000
  49 -8.752274 4.002174 66.071945 -0.249974 0.968144 -0.014492 0.070810 0.635400 1 49 1.000000
stick
  49 -8.904307 3.860085 65.900177 -0.739051 0.548176 -0.391544 0.046070 0.592680 1 49 1.000000
  49 -8.792585 3.896666 65.843369 -0.368407 0.596156 -0.713355 0.070270 0.590190 1 49 1.000000
  49 -8.919730 3.664555 65.812683 -0.788717 0.029034 -0.614070 0.040650 0.549420 1 49 1.000000
stick
  49 -8.919730 3.664555 65.812683 -0.788717 0.029034 -0.614070 0.040650 0.549420 1 49 1.000000
  49 -8.792585 3.896666 65.843369 -0.368407 0.596156 -0.713355 0.070270 0.590190 1 49 1.000000
  49 -8.810906 3.664555 65.739449 -0.407355 -0.145227 -0.901649 0.066960 0.542190 1 49 1.000000
stick
  49 -8.792585 3.896666 65.843369 -0.368407 0.596156 -0.713355 0.070270 0.590190 1 49 1.000000
  49 -8.582047 3.664556 65.680023 -0.173681 0.000002 -0.984802 0.112910 0.538920 1 49 1.000000
  49 -8.810906 3.664555 65.739449 -0.407355 -0.145227 -0.901649 0.066960 0.542190 1 49 1.000000
stick
  49 -8.582047 3.664556 65.680023 -0.173681 0.000002 -0.984802 0.112910 0.538920 1 49 1.000000
  49 -8.562703 3.419538 65.789711 -0.123467 -0.703011 -0.700379 0.112920 0.588890 1 49 1.000000
  49 -8.810906 3.664555 65.739449 -0.407355 -0.145227 -0.901649 0.066960 0.542190 1 49 1.000000
stick
  49 -8.562703 3.419538 65.789711 -0.123467 -0.703011 -0.700379 0.112920 0.588890 1 49 1.000000
  49 -8.582047 3.664556 65.680023 -0.173681 0.000002 -0.984802 0.112910 0.538920 1 49 1.000000
  49 -8.328361 3.432443 65.761497 0.102215 -0.596161 -0.796332 0.155490 0.590220 1 49 1.000000
stick
  49 -8.836399 3.469025 66.285309 -0.560651 -0.548247 0.620560 0.046010 0.678510 1 49 1.000000
  49 -8.870368 3.380150 66.092743 -0.665111 -0.741568 0.087769 0.047430 0.635660 1 49 1.000000
  49 -8.752273 3.326934 66.071938 -0.260120 -0.956569 0.131577 0.070810 0.635400 1 49 1.000000
stick
  49 -8.711962 3.432442 66.300522 -0.118361 -0.689467 0.714581 0.070260 0.680590 1 49 1.000000
  49 -8.836399 3.469025 66.285309 -0.560651 -0.548247 0.620560 0.046010 0.678510 1 49 1.000000
  49 -8.752273 3.326934 66.071938 -0.260120 -0.956569 0.131577 0.070810 0.635400 1 49 1.000000
stick
  49 -8.820975 3.664554 66.372887 -0.491922 0.035838 0.869901 0.040490 0.721270 1 49 1.000000
  49 -8.836399 3.469025 66.285309 -0.560651 -0.548247 0.620560 0.046010 0.678510 1 49 1.000000
  49 -8.711962 3.432442 66.300522 -0.118361 -0.689467 0.714581 0.070260 0.680590 1 49 1.000000
stick
  49 -8.247771 3.896667 66.218643 0.314997 0.742870 0.590695 0.155490 0.680610 1 49 1.000000
  49 -8.477621 3.909573 66.272316 0.122822 0.707139 0.696325 0.112900 0.681910 1 49 1.000000
  49 -8.229447 3.664555 66.322571 0.432807 0.064993 0.899140 0.158750 0.728670 1 49 1.000000
stick
  49 -8.477621 3.909573 66.272316 0.122822 0.707139 0.696325 0.112900 0.681910 1 49 1.000000
  49 -8.458277 3.664555 66.382019 0.174934 -0.000002 0.984580 0.112860 0.731890 1 49 1.000000
  49 -8.229447 3.664555 66.322571 0.432807 0.064993 0.899140 0.158750 0.728670 1 49 1.000000
stick
  49 -8.229447 3.664555 66.322571 0.432807 0.064993 0.899140 0.158750 0.728670 1 49 1.000000
  49 -8.458277 3.664555 66.382019 0.174934 -0.000002 0.984580 0.112860 0.731890 1 49 1.000000
  49 -8.247770 3.432443 66.218643 0.356791 -0.683197 0.637136 0.155490 0.680610 1 49 1.000000
stick
  49 -8.458277 3.664555 66.382019 0.174934 -0.000002 0.984580 0.112860 0.731890 1 49 1.000000
  49 -8.477620 3.419537 66.272308 0.122795 -0.707137 0.696332 0.112900 0.681910 1 49 1.000000
  49 -8.247770 3.432443 66.218643 0.356791 -0.683197 0.637136 0.155490 0.680610 1 49 1.000000
stick
  49 -8.247770 3.432443 66.218643 0.356791 -0.683197 0.637136 0.155490 0.680610 1 49 1.000000
  49 -8.477620 3.419537 66.272308 0.122795 -0.707137 0.696332 0.112900 0.681910 1 49 1.000000
  49 -8.288081 3.326935 65.990074 0.209134 -0.972927 -0.098365 0.155000 0.635400 1 49 1.000000
stick
  49 -8.477620 3.419537 66.272308 0.122795 -0.707137 0.696332 0.112900 0.681910 1 49 1.000000
  49 -8.520162 3.308165 66.030991 -0.030706 -0.999527 0.001497 0.112910 0.635400 1 49 1.000000
  49 -8.288081 3.326935 65.990074 0.209134 -0.972927 -0.098365 0.155000 0.635400 1 49 1.000000
stick
  49 -8.520162 3.308165 66.030991 -0.030706 -0.999527 0.001497 0.112910 0.635400 1 49 1.000000
  49 -8.562703 3.419538 65.789711 -0.123467 -0.703011 -0.700379 0.112920 0.588890 1 49 1.000000
  49 -8.288081 3.326935 65.990074 0.209134 -0.972927 -0.098365 0.155000 0.635400 1 49 1.000000
stick
  49 -8.562703 3.419538 65.789711 -0.123467 -0.703011 -0.700379 0.112920 0.588890 1 49 1.000000
  49 -8.520162 3.308165 66.030991 -0.030706 -0.999527 0.001497 0.112910 0.635400 1 49 1.000000
  49 -8.792583 3.432443 65.843338 -0.338836 -0.766475 -0.545624 0.070270 0.590190 1 49 1.000000
stick
  49 -8.810906 3.664555 65.739449 -0.407355 -0.145227 -0.901649 0.066960 0.542190 1 49 1.000000
  49 -8.562703 3.419538 65.789711 -0.123467 -0.703011 -0.700379 0.112920 0.588890 1 49 1.000000
  49 -8.792583 3.432443 65.843338 -0.338836 -0.766475 -0.545624 0.070270 0.590190 1 49 1.000000
stick
  49 -8.904306 3.469026 65.900177 -0.745085 -0.513783 -0.425294 0.046070 0.592680 1 49 1.000000
  49 -8.810906 3.664555 65.739449 -0.407355 -0.145227 -0.901649 0.066960 0.542190 1 49 1.000000
  49 -8.792583 3.432443 65.843338 -0.338836 -0.766475 -0.545624 0.070270 0.590190 1 49 1.000000
stick
  49 -8.904306 3.469026 65.900177 -0.745085 -0.513783 -0.425294 0.046070 0.592680 1 49 1.000000
  49 -8.919730 3.664555 65.812683 -0.788717 0.029034 -0.614070 0.040650 0.549420 1 49 1.000000
  49 -8.810906 3.664555 65.739449 -0.407355 -0.145227 -0.901649 0.066960 0.542190 1 49 1.000000
stick
  49 -8.937798 3.518513 65.956360 -0.910515 -0.321806 -0.259621 0.029190 0.595400 1 49 1.000000
  49 -8.919730 3.664555 65.812683 -0.788717 0.029034 -0.614070 0.040650 0.549420 1 49 1.000000
  49 -8.904306 3.469026 65.900177 -0.745085 -0.513783 -0.425294 0.046070 0.592680 1 49 1.000000
stick
  49 -8.937798 3.518513 65.956360 -0.910515 -0.321806 -0.259621 0.029190 0.595400 1 49 1.000000
  49 -8.949334 3.664555 65.890945 -0.932601 0.077070 -0.352583 0.024200 0.558420 1 49 1.000000
  49 -8.919730 3.664555 65.812683 -0.788717 0.029034 -0.614070 0.040650 0.549420 1 49 1.000000
stick
  49 -8.949334 3.664555 65.890945 -0.932601 0.077070 -0.352583 0.024200 0.558420 1 49 1.000000
  49 -8.904307 3.860085 65.900177 -0.739051 0.548176 -0.391544 0.046070 0.592680 1 49 1.000000
  49 -8.919730 3.664555 65.812683 -0.788717 0.029034 -0.614070 0.040650 0.549420 1 49 1.000000
stick
  49 -8.937799 3.810596 65.956360 -0.894658 0.413593 -0.168903 0.029190 0.595400 1 49 1.000000
  49 -8.904307 3.860085 65.900177 -0.739051 0.548176 -0.391544 0.046070 0.592680 1 49 1.000000
  49 -8.949334 3.664555 65.890945 -0.932601 0.077070 -0.352583 0.024200 0.558420 1 49 1.000000
stick
  49 -8.904307 3.860085 65.900177 -0.739051 0.548176 -0.391544 0.046070 0.592680 1 49 1.000000
  49 -8.937799 3.810596 65.956360 -0.894658 0.413593 -0.168903 0.029190 0.595400 1 49 1.000000
  49 -8.870368 3.948958 66.092743 -0.655002 0.741587 0.144988 0.047430 0.635660 1 49 1.000000
stick
  49 -8.937799 3.810596 65.956360 -0.894658 0.413593 -0.168903 0.029190 0.595400 1 49 1.000000
  49 -8.912432 3.877006 66.100174 -0.830913 0.508971 0.224792 0.030410 0.636380 1 49 1.000000
  49 -8.870368 3.948958 66.092743 -0.655002 0.741587 0.144988 0.047430 0.635660 1 49 1.000000
stick
  49 -8.912432 3.877006 66.100174 -0.830913 0.508971 0.224792 0.030410 0.636380 1 49 1.000000
  49 -8.836400 3.860084 66.285309 -0.613106 0.529599 0.586196 0.046010 0.678510 1 49 1.000000
  49 -8.870368 3.948958 66.092743 -0.655002 0.741587 0.144988 0.047430 0.635660 1 49 1.000000
stick
  49 -8.887067 3.810596 66.244019 -0.766926 0.321803 0.555219 0.029330 0.677120 1 49 1.000000
  49 -8.836400 3.860084 66.285309 -0.613106 0.529599 0.586196 0.046010 0.678510 1 49 1.000000
  49 -8.912432 3.877006 66.100174 -0.830913 0.508971 0.224792 0.030410 0.636380 1 49 1.000000
stick
  49 -8.836400 3.860084 66.285309 -0.613106 0.529599 0.586196 0.046010 0.678510 1 49 1.000000
  49 -8.887067 3.810596 66.244019 -0.766926 0.321803 0.555219 0.029330 0.677120 1 49 1.000000
  49 -8.820975 3.664554 66.372887 -0.491922 0.035838 0.869901 0.040490 0.721270 1 49 1.000000
stick
  49 -8.887067 3.810596 66.244019 -0.766926 0.321803 0.555219 0.029330 0.677120 1 49 1.000000
  49 -8.875563 3.664554 66.309402 -0.755969 -0.077147 0.650045 0.024280 0.712280 1 49 1.000000
  49 -8.820975 3.664554 66.372887 -0.491922 0.035838 0.869901 0.040490 0.721270 1 49 1.000000
stick
  49 -8.875563 3.664554 66.309402 -0.755969 -0.077147 0.650045 0.024280 0.712280 1 49 1.000000
  49 -8.836399 3.469025 66.285309 -0.560651 -0.548247 0.620560 0.046010 0.678510 1 49 1.000000
  49 -8.820975 3.664554 66.372887 -0.491922 0.035838 0.869901 0.040490 0.721270 1 49 1.000000
stick
  49 -8.875563 3.664554 66.309402 -0.755969 -0.077147 0.650045 0.024280 0.712280 1 49 1.000000
  49 -8.887065 3.518511 66.244019 -0.782867 -0.413721 0.464708 0.029330 0.677120 1 49 1.000000
  49 -8.836399 3.469025 66.285309 -0.560651 -0.548247 0.620560 0.046010 0.678510 1 49 1.000000
stick
  49 -8.836399 3.469025 66.285309 -0.560651 -0.548247 0.620560 0.046010 0.678510 1 49 1.000000
  49 -8.887065 3.518511 66.244019 -0.782867 -0.413721 0.464708 0.029330 0.677120 1 49 1.000000
  49 -8.870368 3.380150 66.092743 -0.665111 -0.741568 0.087769 0.047430 0.635660 1 49 1.000000
stick
  49 -8.887065 3.518511 66.244019 -0.782867 -0.413721 0.464708 0.029330 0.677120 1 49 1.000000
  49 -8.912431 3.452104 66.100174 -0.857733 -0.508899 0.072907 0.030410 0.636380 1 49 1.000000
  49 -8.870368 3.380150 66.092743 -0.665111 -0.741568 0.087769 0.047430 0.635660 1 49 1.000000
stick
  49 -8.912431 3.452104 66.100174 -0.857733 -0.508899 0.072907 0.030410 0.636380 1 49 1.000000
  49 -8.904306 3.469026 65.900177 -0.745085 -0.513783 -0.425294 0.046070 0.592680 1 49 1.000000
  49 -8.870368 3.380150 66.092743 -0.665111 -0.741568 0.087769 0.047430 0.635660 1 49 1.000000
stick
  49 -8.912431 3.452104 66.100174 -0.857733 -0.508899 0.072907 0.030410 0.636380 1 49 1.000000
  49 -8.937798 3.518513 65.956360 -0.910515 -0.321806 -0.259621 0.029190 0.595400 1 49 1.000000
  49 -8.904306 3.469026 65.900177 -0.745085 -0.513783 -0.425294 0.046070 0.592680 1 49 1.000000
stick
  49 -8.018050 1.293950 65.942459 0.174934 -0.000002 0.984580 0.670580 0.673990 1 49 1.000000
  49 -7.861143 1.293949 65.914795 0.174934 -0.000002 0.984580 0.670580 0.692990 1 49 1.000000
  49 -8.018051 1.911927 65.942459 0.174934 -0.000002 0.984580 0.596880 0.673990 1 49 1.000000
stick
  49 -7.861143 1.293949 65.914795 0.174934 -0.000002 0.984580 0.670580 0.692990 1 49 1.000000
  49 -7.861143 1.911927 65.914795 0.174934 -0.000002 0.984580 0.596880 0.692990 1 49 1.000000
  49 -8.018051 1.911927 65.942459 0.174934 -0.000002 0.984580 0.596880 0.673990 1 49 1.000000
stick
  49 -7.861143 1.911927 65.914795 0.174934 -0.000002 0.984580 0.596880 0.692990 1 49 1.000000
  49 -8.018048 3.664556 65.942474 0.174934 -0.000002 0.984580 0.387870 0.673990 1 49 1.000000
  49 -8.018051 1.911927 65.942459 0.174934 -0.000002 0.984580 0.596880 0.673990 1 49 1.000000
stick
  49 -7.861141 3.664557 65.914810 0.174934 -0.000002 0.984580 0.387870 0.692990 1 49 1.000000
  49 -8.018048 3.664556 65.942474 0.174934 -0.000002 0.984580 0.387870 0.673990 1 49 1.000000
  49 -7.861143 1.911927 65.914795 0.174934 -0.000002 0.984580 0.596880 0.692990 1 49 1.000000
stick
  49 -7.861141 3.664557 65.914810 0.174934 -0.000002 0.984580 0.387870 0.692990 1 49 1.000000
  49 -8.018054 5.417186 65.942474 0.174934 -0.000002 0.984580 0.596880 0.673990 1 49 1.000000
  49 -8.018048 3.664556 65.942474 0.174934 -0.000002 0.984580 0.387870 0.673990 1 49 1.000000
stick
  49 -7.861146 5.417187 65.914810 0.174934 -0.000002 0.984580 0.596880 0.692990 1 49 1.000000
  49 -8.018054 5.417186 65.942474 0.174934 -0.000002 0.984580 0.596880 0.673990 1 49 1.000000
  49 -7.861141 3.664557 65.914810 0.174934 -0.000002 0.984580 0.387870 0.692990 1 49 1.000000
stick
  49 -7.861146 5.417187 65.914810 0.174934 -0.000002 0.984580 0.596880 0.692990 1 49 1.000000
  49 -8.018054 6.035165 65.942474 0.174934 -0.000002 0.984580 0.670580 0.673990 1 49 1.000000
  49 -8.018054 5.417186 65.942474 0.174934 -0.000002 0.984580 0.596880 0.673990 1 49 1.000000
stick
  49 -7.861146 5.417187 65.914810 0.174934 -0.000002 0.984580 0.596880 0.692990 1 49 1.000000
  49 -7.861147 6.035165 65.914810 0.174934 -0.000002 0.984580 0.670580 0.692990 1 49 1.000000
  49 -8.018054 6.035165 65.942474 0.174934 -0.000002 0.984580 0.670580 0.673990 1 49 1.000000
stick
  49 9.707279 3.386161 62.531048 -0.283551 -0.741504 -0.608087 0.119680 0.826490 1 49 1.000000
  49 9.383044 3.445495 62.651722 -0.532751 -0.594422 -0.602362 0.066980 0.837600 1 49 1.000000
  49 9.365773 3.664574 62.553635 -0.536980 0.055933 -0.841739 0.055770 0.800930 1 49 1.000000
stick
  49 9.383044 3.445495 62.651722 -0.532751 -0.594422 -0.602362 0.066980 0.837600 1 49 1.000000
  49 9.707279 3.386161 62.531048 -0.283551 -0.741504 -0.608087 0.119680 0.826490 1 49 1.000000
  49 9.421092 3.345913 62.867447 -0.393364 -0.916742 0.069636 0.072130 0.874370 1 49 1.000000
stick
  49 9.283016 3.810616 63.040108 -0.153887 0.673237 0.723236 0.039090 0.906140 1 49 1.000000
  49 9.294553 3.664573 63.105526 -0.113664 -0.010633 0.993462 0.032990 0.934870 1 49 1.000000
  49 9.459138 3.883652 63.083218 -0.271317 0.656348 0.703984 0.070870 0.911630 1 49 1.000000
stick
  49 9.283016 3.810616 63.040108 -0.153887 0.673237 0.723236 0.039090 0.906140 1 49 1.000000
  49 9.459138 3.883652 63.083218 -0.271317 0.656348 0.703984 0.070870 0.911630 1 49 1.000000
  49 9.421091 3.983234 62.867451 -0.394908 0.916642 0.061770 0.072130 0.874370 1 49 1.000000
stick
  49 9.257652 3.877023 62.896294 -0.249974 0.968144 -0.014492 0.040270 0.875400 1 49 1.000000
  49 9.283016 3.810616 63.040108 -0.153887 0.673237 0.723236 0.039090 0.906140 1 49 1.000000
  49 9.421091 3.983234 62.867451 -0.394908 0.916642 0.061770 0.072130 0.874370 1 49 1.000000
stick
  49 9.383043 3.883653 62.651722 -0.516864 0.685806 -0.512369 0.066980 0.837600 1 49 1.000000
  49 9.257652 3.877023 62.896294 -0.249974 0.968144 -0.014492 0.040270 0.875400 1 49 1.000000
  49 9.421091 3.983234 62.867451 -0.394908 0.916642 0.061770 0.072130 0.874370 1 49 1.000000
stick
  49 9.232285 3.810616 62.752449 -0.402737 0.590312 -0.699525 0.036010 0.845380 1 49 1.000000
  49 9.257652 3.877023 62.896294 -0.249974 0.968144 -0.014492 0.040270 0.875400 1 49 1.000000
  49 9.383043 3.883653 62.651722 -0.516864 0.685806 -0.512369 0.066980 0.837600 1 49 1.000000
stick
  49 9.232285 3.810616 62.752449 -0.402737 0.590312 -0.699525 0.036010 0.845380 1 49 1.000000
  49 9.383043 3.883653 62.651722 -0.516864 0.685806 -0.512369 0.066980 0.837600 1 49 1.000000
  49 9.365773 3.664574 62.553635 -0.536980 0.055933 -0.841739 0.055770 0.800930 1 49 1.000000
stick
  49 9.220752 3.664574 62.687057 -0.441932 -0.143814 -0.885445 0.026830 0.819110 1 49 1.000000
  49 9.232285 3.810616 62.752449 -0.402737 0.590312 -0.699525 0.036010 0.845380 1 49 1.000000
  49 9.365773 3.664574 62.553635 -0.536980 0.055933 -0.841739 0.055770 0.800930 1 49 1.000000
stick
  49 9.383044 3.445495 62.651722 -0.532751 -0.594422 -0.602362 0.066980 0.837600 1 49 1.000000
  49 9.220752 3.664574 62.687057 -0.441932 -0.143814 -0.885445 0.026830 0.819110 1 49 1.000000
  49 9.365773 3.664574 62.553635 -0.536980 0.055933 -0.841739 0.055770 0.800930 1 49 1.000000
stick
  49 9.232287 3.518532 62.752449 -0.373505 -0.758855 -0.533510 0.036010 0.845380 1 49 1.000000
  49 9.220752 3.664574 62.687057 -0.441932 -0.143814 -0.885445 0.026830 0.819110 1 49 1.000000
  49 9.383044 3.445495 62.651722 -0.532751 -0.594422 -0.602362 0.066980 0.837600 1 49 1.000000
stick
  49 9.232287 3.518532 62.752449 -0.373505 -0.758855 -0.533510 0.036010 0.845380 1 49 1.000000
  49 9.383044 3.445495 62.651722 -0.532751 -0.594422 -0.602362 0.066980 0.837600 1 49 1.000000
  49 9.421092 3.345913 62.867447 -0.393364 -0.916742 0.069636 0.072130 0.874370 1 49 1.000000
stick
  49 9.257651 3.452122 62.896294 -0.280062 -0.958708 0.049428 0.040270 0.875400 1 49 1.000000
  49 9.232287 3.518532 62.752449 -0.373505 -0.758855 -0.533510 0.036010 0.845380 1 49 1.000000
  49 9.421092 3.345913 62.867447 -0.393364 -0.916742 0.069636 0.072130 0.874370 1 49 1.000000
stick
  49 9.283017 3.518531 63.040108 -0.201196 -0.708758 0.676152 0.039090 0.906140 1 49 1.000000
  49 9.257651 3.452122 62.896294 -0.280062 -0.958708 0.049428 0.040270 0.875400 1 49 1.000000
  49 9.421092 3.345913 62.867447 -0.393364 -0.916742 0.069636 0.072130 0.874370 1 49 1.000000
stick
  49 9.459139 3.445494 63.083218 -0.230552 -0.606268 0.761107 0.070870 0.911630 1 49 1.000000
  49 9.283017 3.518531 63.040108 -0.201196 -0.708758 0.676152 0.039090 0.906140 1 49 1.000000
  49 9.421092 3.345913 62.867447 -0.393364 -0.916742 0.069636 0.072130 0.874370 1 49 1.000000
stick
  49 9.476442 3.664574 63.181305 -0.233702 0.008346 0.972273 0.064250 0.949700 1 49 1.000000
  49 9.283017 3.518531 63.040108 -0.201196 -0.708758 0.676152 0.039090 0.906140 1 49 1.000000
  49 9.459139 3.445494 63.083218 -0.230552 -0.606268 0.761107 0.070870 0.911630 1 49 1.000000
stick
  49 9.826522 3.664573 63.207180 0.042321 -0.063387 0.997091 0.119260 0.963380 1 49 1.000000
  49 9.476442 3.664574 63.181305 -0.233702 0.008346 0.972273 0.064250 0.949700 1 49 1.000000
  49 9.459139 3.445494 63.083218 -0.230552 -0.606268 0.761107 0.070870 0.911630 1 49 1.000000
stick
  49 9.804503 3.942987 63.082455 -0.028743 0.644791 0.763818 0.123550 0.916580 1 49 1.000000
  49 9.476442 3.664574 63.181305 -0.233702 0.008346 0.972273 0.064250 0.949700 1 49 1.000000
  49 9.826522 3.664573 63.207180 0.042321 -0.063387 0.997091 0.119260 0.963380 1 49 1.000000
stick
  49 10.223317 3.956689 63.020378 0.107992 0.676254 0.728710 0.187310 0.918120 1 49 1.000000
  49 9.804503 3.942987 63.082455 -0.028743 0.644791 0.763818 0.123550 0.916580 1 49 1.000000
  49 9.826522 3.664573 63.207180 0.042321 -0.063387 0.997091 0.119260 0.963380 1 49 1.000000
stick
  49 9.756002 4.069527 62.807327 -0.117925 0.978625 0.168486 0.124060 0.871710 1 49 1.000000
  49 9.804503 3.942987 63.082455 -0.028743 0.644791 0.763818 0.123550 0.916580 1 49 1.000000
  49 10.223317 3.956689 63.020378 0.107992 0.676254 0.728710 0.187310 0.918120 1 49 1.000000
stick
  49 10.223317 3.956689 63.020378 0.107992 0.676254 0.728710 0.187310 0.918120 1 49 1.000000
  49 9.826522 3.664573 63.207180 0.042321 -0.063387 0.997091 0.119260 0.963380 1 49 1.000000
  49 10.246740 3.664574 63.153294 0.174934 -0.000002 0.984580 0.186150 0.968140 1 49 1.000000
stick
  49 9.707279 3.386161 62.531048 -0.283551 -0.741504 -0.608087 0.119680 0.826490 1 49 1.000000
  49 9.685102 3.664575 62.405212 -0.372226 0.000004 -0.928142 0.108820 0.780150 1 49 1.000000
  49 10.113413 3.372459 62.397114 -0.283551 -0.741504 -0.608087 0.184620 0.812680 1 49 1.000000
stick
  49 9.707279 3.386161 62.531048 -0.283551 -0.741504 -0.608087 0.119680 0.826490 1 49 1.000000
  49 9.365773 3.664574 62.553635 -0.536980 0.055933 -0.841739 0.055770 0.800930 1 49 1.000000
  49 9.685102 3.664575 62.405212 -0.372226 0.000004 -0.928142 0.108820 0.780150 1 49 1.000000
stick
  49 9.365773 3.664574 62.553635 -0.536980 0.055933 -0.841739 0.055770 0.800930 1 49 1.000000
  49 9.707279 3.942988 62.531048 -0.283545 0.741508 -0.608086 0.119680 0.826490 1 49 1.000000
  49 9.685102 3.664575 62.405212 -0.372226 0.000004 -0.928142 0.108820 0.780150 1 49 1.000000
stick
  49 9.383043 3.883653 62.651722 -0.516864 0.685806 -0.512369 0.066980 0.837600 1 49 1.000000
  49 9.707279 3.942988 62.531048 -0.283545 0.741508 -0.608086 0.119680 0.826490 1 49 1.000000
  49 9.365773 3.664574 62.553635 -0.536980 0.055933 -0.841739 0.055770 0.800930 1 49 1.000000
stick
  49 9.707279 3.942988 62.531048 -0.283545 0.741508 -0.608086 0.119680 0.826490 1 49 1.000000
  49 9.383043 3.883653 62.651722 -0.516864 0.685806 -0.512369 0.066980 0.837600 1 49 1.000000
  49 9.421091 3.983234 62.867451 -0.394908 0.916642 0.061770 0.072130 0.874370 1 49 1.000000
stick
  49 9.707279 3.942988 62.531048 -0.283545 0.741508 -0.608086 0.119680 0.826490 1 49 1.000000
  49 9.421091 3.983234 62.867451 -0.394908 0.916642 0.061770 0.072130 0.874370 1 49 1.000000
  49 9.756002 4.069527 62.807327 -0.117925 0.978625 0.168486 0.124060 0.871710 1 49 1.000000
stick
  49 9.421091 3.983234 62.867451 -0.394908 0.916642 0.061770 0.072130 0.874370 1 49 1.000000
  49 9.459138 3.883652 63.083218 -0.271317 0.656348 0.703984 0.070870 0.911630 1 49 1.000000
  49 9.756002 4.069527 62.807327 -0.117925 0.978625 0.168486 0.124060 0.871710 1 49 1.000000
stick
  49 9.459138 3.883652 63.083218 -0.271317 0.656348 0.703984 0.070870 0.911630 1 49 1.000000
  49 9.804503 3.942987 63.082455 -0.028743 0.644791 0.763818 0.123550 0.916580 1 49 1.000000
  49 9.756002 4.069527 62.807327 -0.117925 0.978625 0.168486 0.124060 0.871710 1 49 1.000000
stick
  49 9.804503 3.942987 63.082455 -0.028743 0.644791 0.763818 0.123550 0.916580 1 49 1.000000
  49 9.459138 3.883652 63.083218 -0.271317 0.656348 0.703984 0.070870 0.911630 1 49 1.000000
  49 9.476442 3.664574 63.181305 -0.233702 0.008346 0.972273 0.064250 0.949700 1 49 1.000000
stick
  49 9.459138 3.883652 63.083218 -0.271317 0.656348 0.703984 0.070870 0.911630 1 49 1.000000
  49 9.294553 3.664573 63.105526 -0.113664 -0.010633 0.993462 0.032990 0.934870 1 49 1.000000
  49 9.476442 3.664574 63.181305 -0.233702 0.008346 0.972273 0.064250 0.949700 1 49 1.000000
stick
  49 9.294553 3.664573 63.105526 -0.113664 -0.010633 0.993462 0.032990 0.934870 1 49 1.000000
  49 9.283017 3.518531 63.040108 -0.201196 -0.708758 0.676152 0.039090 0.906140 1 49 1.000000
  49 9.476442 3.664574 63.181305 -0.233702 0.008346 0.972273 0.064250 0.949700 1 49 1.000000
stick
  49 9.756002 4.069527 62.807327 -0.117925 0.978625 0.168486 0.124060 0.871710 1 49 1.000000
  49 10.223317 3.956689 63.020378 0.107992 0.676254 0.728710 0.187310 0.918120 1 49 1.000000
  49 10.169877 4.089444 62.717430 -0.030704 0.999527 0.001500 0.186970 0.867040 1 49 1.000000
stick
  49 9.707279 3.942988 62.531048 -0.283545 0.741508 -0.608086 0.119680 0.826490 1 49 1.000000
  49 9.756002 4.069527 62.807327 -0.117925 0.978625 0.168486 0.124060 0.871710 1 49 1.000000
  49 10.169877 4.089444 62.717430 -0.030704 0.999527 0.001500 0.186970 0.867040 1 49 1.000000
stick
  49 10.113412 3.956690 62.397114 -0.283545 0.741508 -0.608086 0.184620 0.812680 1 49 1.000000
  49 9.707279 3.942988 62.531048 -0.283545 0.741508 -0.608086 0.119680 0.826490 1 49 1.000000
  49 10.169877 4.089444 62.717430 -0.030704 0.999527 0.001500 0.186970 0.867040 1 49 1.000000
stick
  49 9.707279 3.942988 62.531048 -0.283545 0.741508 -0.608086 0.119680 0.826490 1 49 1.000000
  49 10.113412 3.956690 62.397114 -0.283545 0.741508 -0.608086 0.184620 0.812680 1 49 1.000000
  49 9.685102 3.664575 62.405212 -0.372226 0.000004 -0.928142 0.108820 0.780150 1 49 1.000000
stick
  49 9.685102 3.664575 62.405212 -0.372226 0.000004 -0.928142 0.108820 0.780150 1 49 1.000000
  49 10.113412 3.956690 62.397114 -0.283545 0.741508 -0.608086 0.184620 0.812680 1 49 1.000000
  49 10.086901 3.664575 62.246704 -0.522288 0.000002 -0.852769 0.174680 0.760880 1 49 1.000000
stick
  49 10.113413 3.372459 62.397114 -0.283551 -0.741504 -0.608087 0.184620 0.812680 1 49 1.000000
  49 9.685102 3.664575 62.405212 -0.372226 0.000004 -0.928142 0.108820 0.780150 1 49 1.000000
  49 10.086901 3.664575 62.246704 -0.522288 0.000002 -0.852769 0.174680 0.760880 1 49 1.000000
stick
  49 10.349539 3.372459 62.226181 -0.369945 -0.708740 -0.600690 0.225840 0.793840 1 49 1.000000
  49 10.113413 3.372459 62.397114 -0.283551 -0.741504 -0.608087 0.184620 0.812680 1 49 1.000000
  49 10.086901 3.664575 62.246704 -0.522288 0.000002 -0.852769 0.174680 0.760880 1 49 1.000000
stick
  49 10.113413 3.372459 62.397114 -0.283551 -0.741504 -0.608087 0.184620 0.812680 1 49 1.000000
  49 10.349539 3.372459 62.226181 -0.369945 -0.708740 -0.600690 0.225840 0.793840 1 49 1.000000
  49 10.657557 3.239706 62.577538 -0.039860 -0.992972 -0.111430 0.264620 0.857910 1 49 1.000000
stick
  49 10.349539 3.372459 62.226181 -0.369945 -0.708740 -0.600690 0.225840 0.793840 1 49 1.000000
  49 10.578240 3.372460 62.127747 -0.123467 -0.703011 -0.700379 0.262360 0.784830 1 49 1.000000
  49 10.657557 3.239706 62.577538 -0.039860 -0.992972 -0.111430 0.264620 0.857910 1 49 1.000000
stick
  49 10.578240 3.372460 62.127747 -0.123467 -0.703011 -0.700379 0.262360 0.784830 1 49 1.000000
  49 10.822431 3.372460 62.136353 0.055084 -0.766620 -0.639734 0.299820 0.789550 1 49 1.000000
  49 10.657557 3.239706 62.577538 -0.039860 -0.992972 -0.111430 0.264620 0.857910 1 49 1.000000
stick
  49 10.578240 3.372460 62.127747 -0.123467 -0.703011 -0.700379 0.262360 0.784830 1 49 1.000000
  49 10.794548 3.664575 61.978134 0.087102 0.000003 -0.996199 0.299100 0.735950 1 49 1.000000
  49 10.822431 3.372460 62.136353 0.055084 -0.766620 -0.639734 0.299820 0.789550 1 49 1.000000
stick
  49 10.822431 3.372460 62.136353 0.055084 -0.766620 -0.639734 0.299820 0.789550 1 49 1.000000
  49 10.794548 3.664575 61.978134 0.087102 0.000003 -0.996199 0.299100 0.735950 1 49 1.000000
  49 11.042210 3.664575 62.006371 -0.173681 0.000002 -0.984802 0.339270 0.741760 1 49 1.000000
stick
  49 10.794548 3.664575 61.978134 0.087102 0.000003 -0.996199 0.299100 0.735950 1 49 1.000000
  49 10.822431 3.956691 62.136353 0.055046 0.766594 -0.639768 0.299820 0.789550 1 49 1.000000
  49 11.042210 3.664575 62.006371 -0.173681 0.000002 -0.984802 0.339270 0.741760 1 49 1.000000
stick
  49 10.822431 3.956691 62.136353 0.055046 0.766594 -0.639768 0.299820 0.789550 1 49 1.000000
  49 11.072163 3.956691 62.176376 -0.110476 0.771528 -0.626530 0.340130 0.798780 1 49 1.000000
  49 11.042210 3.664575 62.006371 -0.173681 0.000002 -0.984802 0.339270 0.741760 1 49 1.000000
stick
  49 11.072163 3.956691 62.176376 -0.110476 0.771528 -0.626530 0.340130 0.798780 1 49 1.000000
  49 10.822431 3.956691 62.136353 0.055046 0.766594 -0.639768 0.299820 0.789550 1 49 1.000000
  49 11.134429 4.089445 62.529419 0.004049 0.999729 0.022932 0.339830 0.861000 1 49 1.000000
stick
  49 11.293153 3.956692 62.053345 -0.270578 0.766615 -0.582314 0.380370 0.788030 1 49 1.000000
  49 11.072163 3.956691 62.176376 -0.110476 0.771528 -0.626530 0.340130 0.798780 1 49 1.000000
  49 11.134429 4.089445 62.529419 0.004049 0.999729 0.022932 0.339830 0.861000 1 49 1.000000
stick
  49 11.599004 4.089445 62.411549 -0.013768 0.996851 -0.078092 0.417040 0.855800 1 49 1.000000
  49 11.293153 3.956692 62.053345 -0.270578 0.766615 -0.582314 0.380370 0.788030 1 49 1.000000
  49 11.134429 4.089445 62.529419 0.004049 0.999729 0.022932 0.339830 0.861000 1 49 1.000000
stick
  49 11.293153 3.956692 62.053345 -0.270578 0.766615 -0.582314 0.380370 0.788030 1 49 1.000000
  49 11.599004 4.089445 62.411549 -0.013768 0.996851 -0.078092 0.417040 0.855800 1 49 1.000000
  49 11.519688 3.956692 61.961761 -0.123466 0.703013 -0.700378 0.418230 0.782710 1 49 1.000000
stick
  49 11.488334 3.664577 61.783913 -0.173681 0.000002 -0.984802 0.420830 0.728800 1 49 1.000000
  49 11.735998 3.664576 61.812149 0.087102 0.000003 -0.996199 0.460920 0.738110 1 49 1.000000
  49 11.519689 3.372461 61.961758 -0.123467 -0.703011 -0.700379 0.418230 0.782710 1 49 1.000000
stick
  49 11.519688 3.956692 61.961761 -0.123466 0.703013 -0.700378 0.418230 0.782710 1 49 1.000000
  49 11.735998 3.664576 61.812149 0.087102 0.000003 -0.996199 0.460920 0.738110 1 49 1.000000
  49 11.488334 3.664577 61.783913 -0.173681 0.000002 -0.984802 0.420830 0.728800 1 49 1.000000
stick
  49 11.265272 3.664576 61.895126 -0.422579 0.000001 -0.906326 0.379650 0.734320 1 49 1.000000
  49 11.519688 3.956692 61.961761 -0.123466 0.703013 -0.700378 0.418230 0.782710 1 49 1.000000
  49 11.488334 3.664577 61.783913 -0.173681 0.000002 -0.984802 0.420830 0.728800 1 49 1.000000
stick
  49 11.293153 3.956692 62.053345 -0.270578 0.766615 -0.582314 0.380370 0.788030 1 49 1.000000
  49 11.519688 3.956692 61.961761 -0.123466 0.703013 -0.700378 0.418230 0.782710 1 49 1.000000
  49 11.265272 3.664576 61.895126 -0.422579 0.000001 -0.906326 0.379650 0.734320 1 49 1.000000
stick
  49 11.293153 3.956692 62.053345 -0.270578 0.766615 -0.582314 0.380370 0.788030 1 49 1.000000
  49 11.265272 3.664576 61.895126 -0.422579 0.000001 -0.906326 0.379650 0.734320 1 49 1.000000
  49 11.042210 3.664575 62.006371 -0.173681 0.000002 -0.984802 0.339270 0.741760 1 49 1.000000
stick
  49 11.072163 3.956691 62.176376 -0.110476 0.771528 -0.626530 0.340130 0.798780 1 49 1.000000
  49 11.293153 3.956692 62.053345 -0.270578 0.766615 -0.582314 0.380370 0.788030 1 49 1.000000
  49 11.042210 3.664575 62.006371 -0.173681 0.000002 -0.984802 0.339270 0.741760 1 49 1.000000
stick
  49 10.657557 3.239706 62.577538 -0.039860 -0.992972 -0.111430 0.264620 0.857910 1 49 1.000000
  49 10.822431 3.372460 62.136353 0.055084 -0.766620 -0.639734 0.299820 0.789550 1 49 1.000000
  49 11.134430 3.239707 62.529419 0.004051 -0.999729 0.022927 0.339830 0.861000 1 49 1.000000
stick
  49 10.822431 3.372460 62.136353 0.055084 -0.766620 -0.639734 0.299820 0.789550 1 49 1.000000
  49 11.072163 3.372460 62.176373 -0.110497 -0.771527 -0.626527 0.340130 0.798780 1 49 1.000000
  49 11.134430 3.239707 62.529419 0.004051 -0.999729 0.022927 0.339830 0.861000 1 49 1.000000
stick
  49 10.822431 3.372460 62.136353 0.055084 -0.766620 -0.639734 0.299820 0.789550 1 49 1.000000
  49 11.042210 3.664575 62.006371 -0.173681 0.000002 -0.984802 0.339270 0.741760 1 49 1.000000
  49 11.072163 3.372460 62.176373 -0.110497 -0.771527 -0.626527 0.340130 0.798780 1 49 1.000000
stick
  49 11.042210 3.664575 62.006371 -0.173681 0.000002 -0.984802 0.339270 0.741760 1 49 1.000000
  49 11.293155 3.372461 62.053345 -0.270580 -0.766612 -0.582316 0.380370 0.788030 1 49 1.000000
  49 11.072163 3.372460 62.176373 -0.110497 -0.771527 -0.626527 0.340130 0.798780 1 49 1.000000
stick
  49 11.265272 3.664576 61.895126 -0.422579 0.000001 -0.906326 0.379650 0.734320 1 49 1.000000
  49 11.293155 3.372461 62.053345 -0.270580 -0.766612 -0.582316 0.380370 0.788030 1 49 1.000000
  49 11.042210 3.664575 62.006371 -0.173681 0.000002 -0.984802 0.339270 0.741760 1 49 1.000000
stick
  49 11.293155 3.372461 62.053345 -0.270580 -0.766612 -0.582316 0.380370 0.788030 1 49 1.000000
  49 11.265272 3.664576 61.895126 -0.422579 0.000001 -0.906326 0.379650 0.734320 1 49 1.000000
  49 11.519689 3.372461 61.961758 -0.123467 -0.703011 -0.700379 0.418230 0.782710 1 49 1.000000
stick
  49 11.265272 3.664576 61.895126 -0.422579 0.000001 -0.906326 0.379650 0.734320 1 49 1.000000
  49 11.488334 3.664577 61.783913 -0.173681 0.000002 -0.984802 0.420830 0.728800 1 49 1.000000
  49 11.519689 3.372461 61.961758 -0.123467 -0.703011 -0.700379 0.418230 0.782710 1 49 1.000000
stick
  49 11.599006 3.239707 62.411545 -0.013750 -0.996851 -0.078097 0.417040 0.855800 1 49 1.000000
  49 11.293155 3.372461 62.053345 -0.270580 -0.766612 -0.582316 0.380370 0.788030 1 49 1.000000
  49 11.519689 3.372461 61.961758 -0.123467 -0.703011 -0.700379 0.418230 0.782710 1 49 1.000000
stick
  49 11.293155 3.372461 62.053345 -0.270580 -0.766612 -0.582316 0.380370 0.788030 1 49 1.000000
  49 11.599006 3.239707 62.411545 -0.013750 -0.996851 -0.078097 0.417040 0.855800 1 49 1.000000
  49 11.134430 3.239707 62.529419 0.004051 -0.999729 0.022927 0.339830 0.861000 1 49 1.000000
stick
  49 11.072163 3.372460 62.176373 -0.110497 -0.771527 -0.626527 0.340130 0.798780 1 49 1.000000
  49 11.293155 3.372461 62.053345 -0.270580 -0.766612 -0.582316 0.380370 0.788030 1 49 1.000000
  49 11.134430 3.239707 62.529419 0.004051 -0.999729 0.022927 0.339830 0.861000 1 49 1.000000
stick
  49 10.246740 3.664574 63.153294 0.174934 -0.000002 0.984580 0.186150 0.968140 1 49 1.000000
  49 9.826522 3.664573 63.207180 0.042321 -0.063387 0.997091 0.119260 0.963380 1 49 1.000000
  49 10.223318 3.372458 63.020378 0.107988 -0.676257 0.728708 0.187310 0.918120 1 49 1.000000
stick
  49 9.826522 3.664573 63.207180 0.042321 -0.063387 0.997091 0.119260 0.963380 1 49 1.000000
  49 9.804504 3.386160 63.082451 -0.046496 -0.748106 0.661948 0.123550 0.916580 1 49 1.000000
  49 10.223318 3.372458 63.020378 0.107988 -0.676257 0.728708 0.187310 0.918120 1 49 1.000000
stick
  49 9.826522 3.664573 63.207180 0.042321 -0.063387 0.997091 0.119260 0.963380 1 49 1.000000
  49 9.459139 3.445494 63.083218 -0.230552 -0.606268 0.761107 0.070870 0.911630 1 49 1.000000
  49 9.804504 3.386160 63.082451 -0.046496 -0.748106 0.661948 0.123550 0.916580 1 49 1.000000
stick
  49 9.804504 3.386160 63.082451 -0.046496 -0.748106 0.661948 0.123550 0.916580 1 49 1.000000
  49 9.459139 3.445494 63.083218 -0.230552 -0.606268 0.761107 0.070870 0.911630 1 49 1.000000
  49 9.421092 3.345913 62.867447 -0.393364 -0.916742 0.069636 0.072130 0.874370 1 49 1.000000
stick
  49 9.804504 3.386160 63.082451 -0.046496 -0.748106 0.661948 0.123550 0.916580 1 49 1.000000
  49 9.421092 3.345913 62.867447 -0.393364 -0.916742 0.069636 0.072130 0.874370 1 49 1.000000
  49 9.756004 3.259622 62.807327 -0.109335 -0.988109 0.108106 0.124060 0.871710 1 49 1.000000
stick
  49 9.421092 3.345913 62.867447 -0.393364 -0.916742 0.069636 0.072130 0.874370 1 49 1.000000
  49 9.707279 3.386161 62.531048 -0.283551 -0.741504 -0.608087 0.119680 0.826490 1 49 1.000000
  49 9.756004 3.259622 62.807327 -0.109335 -0.988109 0.108106 0.124060 0.871710 1 49 1.000000
stick
  49 9.756004 3.259622 62.807327 -0.109335 -0.988109 0.108106 0.124060 0.871710 1 49 1.000000
  49 9.707279 3.386161 62.531048 -0.283551 -0.741504 -0.608087 0.119680 0.826490 1 49 1.000000
  49 10.169878 3.239706 62.717430 -0.030706 -0.999527 0.001497 0.186970 0.867040 1 49 1.000000
stick
  49 9.707279 3.386161 62.531048 -0.283551 -0.741504 -0.608087 0.119680 0.826490 1 49 1.000000
  49 10.113413 3.372459 62.397114 -0.283551 -0.741504 -0.608087 0.184620 0.812680 1 49 1.000000
  49 10.169878 3.239706 62.717430 -0.030706 -0.999527 0.001497 0.186970 0.867040 1 49 1.000000
stick
  49 10.169878 3.239706 62.717430 -0.030706 -0.999527 0.001497 0.186970 0.867040 1 49 1.000000
  49 10.113413 3.372459 62.397114 -0.283551 -0.741504 -0.608087 0.184620 0.812680 1 49 1.000000
  49 10.657557 3.239706 62.577538 -0.039860 -0.992972 -0.111430 0.264620 0.857910 1 49 1.000000
stick
  49 10.719026 3.372459 62.926247 0.103760 -0.813639 0.572036 0.265630 0.917180 1 49 1.000000
  49 10.169878 3.239706 62.717430 -0.030706 -0.999527 0.001497 0.186970 0.867040 1 49 1.000000
  49 10.657557 3.239706 62.577538 -0.039860 -0.992972 -0.111430 0.264620 0.857910 1 49 1.000000
stick
  49 10.719026 3.372459 62.926247 0.103760 -0.813639 0.572036 0.265630 0.917180 1 49 1.000000
  49 10.657557 3.239706 62.577538 -0.039860 -0.992972 -0.111430 0.264620 0.857910 1 49 1.000000
  49 11.134430 3.239707 62.529419 0.004051 -0.999729 0.022927 0.339830 0.861000 1 49 1.000000
stick
  49 10.719026 3.372459 62.926247 0.103760 -0.813639 0.572036 0.265630 0.917180 1 49 1.000000
  49 11.134430 3.239707 62.529419 0.004051 -0.999729 0.022927 0.339830 0.861000 1 49 1.000000
  49 11.190516 3.372460 62.847599 0.134458 -0.632901 0.762468 0.341220 0.916570 1 49 1.000000
stick
  49 11.134430 3.239707 62.529419 0.004051 -0.999729 0.022927 0.339830 0.861000 1 49 1.000000
  49 11.660476 3.372460 62.760220 0.103760 -0.813639 0.572036 0.417550 0.914830 1 49 1.000000
  49 11.190516 3.372460 62.847599 0.134458 -0.632901 0.762468 0.341220 0.916570 1 49 1.000000
stick
  49 11.599006 3.239707 62.411545 -0.013750 -0.996851 -0.078097 0.417040 0.855800 1 49 1.000000
  49 11.660476 3.372460 62.760220 0.103760 -0.813639 0.572036 0.417550 0.914830 1 49 1.000000
  49 11.134430 3.239707 62.529419 0.004051 -0.999729 0.022927 0.339830 0.861000 1 49 1.000000
stick
  49 11.660476 3.372460 62.760220 0.103760 -0.813639 0.572036 0.417550 0.914830 1 49 1.000000
  49 11.599006 3.239707 62.411545 -0.013750 -0.996851 -0.078097 0.417040 0.855800 1 49 1.000000
  49 12.075880 3.239707 62.363392 0.004051 -0.999729 0.022927 0.491110 0.861000 1 49 1.000000
stick
  49 11.599006 3.239707 62.411545 -0.013750 -0.996851 -0.078097 0.417040 0.855800 1 49 1.000000
  49 11.763878 3.372461 61.970360 0.055084 -0.766620 -0.639734 0.455230 0.790750 1 49 1.000000
  49 12.075880 3.239707 62.363392 0.004051 -0.999729 0.022927 0.491110 0.861000 1 49 1.000000
stick
  49 11.763878 3.372461 61.970360 0.055084 -0.766620 -0.639734 0.455230 0.790750 1 49 1.000000
  49 11.599006 3.239707 62.411545 -0.013750 -0.996851 -0.078097 0.417040 0.855800 1 49 1.000000
  49 11.519689 3.372461 61.961758 -0.123467 -0.703011 -0.700379 0.418230 0.782710 1 49 1.000000
stick
  49 11.735998 3.664576 61.812149 0.087102 0.000003 -0.996199 0.460920 0.738110 1 49 1.000000
  49 11.763878 3.372461 61.970360 0.055084 -0.766620 -0.639734 0.455230 0.790750 1 49 1.000000
  49 11.519689 3.372461 61.961758 -0.123467 -0.703011 -0.700379 0.418230 0.782710 1 49 1.000000
stick
  49 9.804504 3.386160 63.082451 -0.046496 -0.748106 0.661948 0.123550 0.916580 1 49 1.000000
  49 9.756004 3.259622 62.807327 -0.109335 -0.988109 0.108106 0.124060 0.871710 1 49 1.000000
  49 10.223318 3.372458 63.020378 0.107988 -0.676257 0.728708 0.187310 0.918120 1 49 1.000000
stick
  49 10.223318 3.372458 63.020378 0.107988 -0.676257 0.728708 0.187310 0.918120 1 49 1.000000
  49 9.756004 3.259622 62.807327 -0.109335 -0.988109 0.108106 0.124060 0.871710 1 49 1.000000
  49 10.169878 3.239706 62.717430 -0.030706 -0.999527 0.001497 0.186970 0.867040 1 49 1.000000
stick
  49 10.719026 3.372459 62.926247 0.103760 -0.813639 0.572036 0.265630 0.917180 1 49 1.000000
  49 10.223318 3.372458 63.020378 0.107988 -0.676257 0.728708 0.187310 0.918120 1 49 1.000000
  49 10.169878 3.239706 62.717430 -0.030706 -0.999527 0.001497 0.186970 0.867040 1 49 1.000000
stick
  49 10.719026 3.372459 62.926247 0.103760 -0.813639 0.572036 0.265630 0.917180 1 49 1.000000
  49 10.743626 3.664574 63.065689 0.174934 -0.000002 0.984580 0.265850 0.968530 1 49 1.000000
  49 10.223318 3.372458 63.020378 0.107988 -0.676257 0.728708 0.187310 0.918120 1 49 1.000000
stick
  49 10.743626 3.664574 63.065689 0.174934 -0.000002 0.984580 0.265850 0.968530 1 49 1.000000
  49 10.719026 3.372459 62.926247 0.103760 -0.813639 0.572036 0.265630 0.917180 1 49 1.000000
  49 11.190516 3.372460 62.847599 0.134458 -0.632901 0.762468 0.341220 0.916570 1 49 1.000000
stick
  49 13.054484 3.900258 62.465332 0.741672 0.534025 0.405882 0.616480 0.895410 1 49 1.000000
  49 12.837796 3.956692 62.555458 0.302350 0.674030 0.673994 0.589560 0.903200 1 49 1.000000
  49 13.072488 3.664577 62.567432 0.700722 0.000000 0.713434 0.636960 0.922130 1 49 1.000000
stick
  49 13.180387 3.664577 62.204609 0.986273 0.000004 -0.165124 0.657840 0.869270 1 49 1.000000
  49 13.054484 3.900258 62.465332 0.741672 0.534025 0.405882 0.616480 0.895410 1 49 1.000000
  49 13.072488 3.664577 62.567432 0.700722 0.000000 0.713434 0.636960 0.922130 1 49 1.000000
stick
  49 13.054485 3.428895 62.465332 0.741673 -0.534023 0.405883 0.616480 0.895410 1 49 1.000000
  49 13.180387 3.664577 62.204609 0.986273 0.000004 -0.165124 0.657840 0.869270 1 49 1.000000
  49 13.072488 3.664577 62.567432 0.700722 0.000000 0.713434 0.636960 0.922130 1 49 1.000000
stick
  49 13.012644 3.326001 62.227997 0.616069 -0.787399 -0.021513 0.611160 0.866920 1 49 1.000000
  49 13.180387 3.664577 62.204609 0.986273 0.000004 -0.165124 0.657840 0.869270 1 49 1.000000
  49 13.054485 3.428895 62.465332 0.741673 -0.534023 0.405883 0.616480 0.895410 1 49 1.000000
stick
  49 12.837797 3.372462 62.555454 0.302350 -0.674031 0.673993 0.589560 0.903200 1 49 1.000000
  49 13.012644 3.326001 62.227997 0.616069 -0.787399 -0.021513 0.611160 0.866920 1 49 1.000000
  49 13.054485 3.428895 62.465332 0.741673 -0.534023 0.405883 0.616480 0.895410 1 49 1.000000
stick
  49 12.837797 3.372462 62.555454 0.302350 -0.674031 0.673993 0.589560 0.903200 1 49 1.000000
  49 12.779673 3.239707 62.225834 0.201876 -0.979370 -0.008990 0.584870 0.861580 1 49 1.000000
  49 13.012644 3.326001 62.227997 0.616069 -0.787399 -0.021513 0.611160 0.866920 1 49 1.000000
stick
  49 12.779673 3.239707 62.225834 0.201876 -0.979370 -0.008990 0.584870 0.861580 1 49 1.000000
  49 12.837797 3.372462 62.555454 0.302350 -0.674031 0.673993 0.589560 0.903200 1 49 1.000000
  49 12.601954 3.372461 62.594231 0.103760 -0.813639 0.572036 0.559700 0.908140 1 49 1.000000
stick
  49 12.540455 3.239707 62.245552 -0.013750 -0.996851 -0.078097 0.557330 0.857770 1 49 1.000000
  49 12.779673 3.239707 62.225834 0.201876 -0.979370 -0.008990 0.584870 0.861580 1 49 1.000000
  49 12.601954 3.372461 62.594231 0.103760 -0.813639 0.572036 0.559700 0.908140 1 49 1.000000
stick
  49 12.540455 3.239707 62.245552 -0.013750 -0.996851 -0.078097 0.557330 0.857770 1 49 1.000000
  49 12.601954 3.372461 62.594231 0.103760 -0.813639 0.572036 0.559700 0.908140 1 49 1.000000
  49 12.075880 3.239707 62.363392 0.004051 -0.999729 0.022927 0.491110 0.861000 1 49 1.000000
stick
  49 12.075880 3.239707 62.363392 0.004051 -0.999729 0.022927 0.491110 0.861000 1 49 1.000000
  49 12.601954 3.372461 62.594231 0.103760 -0.813639 0.572036 0.559700 0.908140 1 49 1.000000
  49 12.131995 3.372460 62.681580 0.134458 -0.632901 0.762468 0.491510 0.913010 1 49 1.000000
stick
  49 11.660476 3.372460 62.760220 0.103760 -0.813639 0.572036 0.417550 0.914830 1 49 1.000000
  49 12.075880 3.239707 62.363392 0.004051 -0.999729 0.022927 0.491110 0.861000 1 49 1.000000
  49 12.131995 3.372460 62.681580 0.134458 -0.632901 0.762468 0.491510 0.913010 1 49 1.000000
stick
  49 11.685075 3.664574 62.899704 0.174934 -0.000002 0.984580 0.419210 0.966070 1 49 1.000000
  49 11.660476 3.372460 62.760220 0.103760 -0.813639 0.572036 0.417550 0.914830 1 49 1.000000
  49 12.131995 3.372460 62.681580 0.134458 -0.632901 0.762468 0.491510 0.913010 1 49 1.000000
stick
  49 11.660476 3.372460 62.760220 0.103760 -0.813639 0.572036 0.417550 0.914830 1 49 1.000000
  49 11.685075 3.664574 62.899704 0.174934 -0.000002 0.984580 0.419210 0.966070 1 49 1.000000
  49 11.190516 3.372460 62.847599 0.134458 -0.632901 0.762468 0.341220 0.916570 1 49 1.000000
stick
  49 11.190516 3.372460 62.847599 0.134458 -0.632901 0.762468 0.341220 0.916570 1 49 1.000000
  49 11.685075 3.664574 62.899704 0.174934 -0.000002 0.984580 0.419210 0.966070 1 49 1.000000
  49 11.214352 3.664574 62.982681 0.174934 -0.000002 0.984580 0.342200 0.968020 1 49 1.000000
stick
  49 10.743626 3.664574 63.065689 0.174934 -0.000002 0.984580 0.265850 0.968530 1 49 1.000000
  49 11.190516 3.372460 62.847599 0.134458 -0.632901 0.762468 0.341220 0.916570 1 49 1.000000
  49 11.214352 3.664574 62.982681 0.174934 -0.000002 0.984580 0.342200 0.968020 1 49 1.000000
stick
  49 11.190515 3.956690 62.847603 0.134454 0.632897 0.762472 0.341220 0.916570 1 49 1.000000
  49 10.743626 3.664574 63.065689 0.174934 -0.000002 0.984580 0.265850 0.968530 1 49 1.000000
  49 11.214352 3.664574 62.982681 0.174934 -0.000002 0.984580 0.342200 0.968020 1 49 1.000000
stick
  49 11.190515 3.956690 62.847603 0.134454 0.632897 0.762472 0.341220 0.916570 1 49 1.000000
  49 10.719024 3.956690 62.926250 0.103750 0.813637 0.572041 0.265630 0.917180 1 49 1.000000
  49 10.743626 3.664574 63.065689 0.174934 -0.000002 0.984580 0.265850 0.968530 1 49 1.000000
stick
  49 11.134429 4.089445 62.529419 0.004049 0.999729 0.022932 0.339830 0.861000 1 49 1.000000
  49 10.719024 3.956690 62.926250 0.103750 0.813637 0.572041 0.265630 0.917180 1 49 1.000000
  49 11.190515 3.956690 62.847603 0.134454 0.632897 0.762472 0.341220 0.916570 1 49 1.000000
stick
  49 12.837797 3.372462 62.555454 0.302350 -0.674031 0.673993 0.589560 0.903200 1 49 1.000000
  49 13.054485 3.428895 62.465332 0.741673 -0.534023 0.405883 0.616480 0.895410 1 49 1.000000
  49 13.072488 3.664577 62.567432 0.700722 0.000000 0.713434 0.636960 0.922130 1 49 1.000000
stick
  49 11.685075 3.664574 62.899704 0.174934 -0.000002 0.984580 0.419210 0.966070 1 49 1.000000
  49 11.190515 3.956690 62.847603 0.134454 0.632897 0.762472 0.341220 0.916570 1 49 1.000000
  49 11.214352 3.664574 62.982681 0.174934 -0.000002 0.984580 0.342200 0.968020 1 49 1.000000
stick
  49 11.685075 3.664574 62.899704 0.174934 -0.000002 0.984580 0.419210 0.966070 1 49 1.000000
  49 12.131995 3.372460 62.681580 0.134458 -0.632901 0.762468 0.491510 0.913010 1 49 1.000000
  49 12.155800 3.664576 62.816685 0.174934 -0.000002 0.984580 0.494540 0.961980 1 49 1.000000
stick
  49 12.707561 3.372462 61.816891 0.303185 -0.720953 -0.623141 0.591020 0.811460 1 49 1.000000
  49 12.779673 3.239707 62.225834 0.201876 -0.979370 -0.008990 0.584870 0.861580 1 49 1.000000
  49 12.540455 3.239707 62.245552 -0.013750 -0.996851 -0.078097 0.557330 0.857770 1 49 1.000000
stick
  49 12.707561 3.372462 61.816891 0.303185 -0.720953 -0.623141 0.591020 0.811460 1 49 1.000000
  49 12.969721 3.428896 61.984669 0.631876 -0.570178 -0.525004 0.618500 0.837650 1 49 1.000000
  49 12.779673 3.239707 62.225834 0.201876 -0.979370 -0.008990 0.584870 0.861580 1 49 1.000000
stick
  49 12.779673 3.239707 62.225834 0.201876 -0.979370 -0.008990 0.584870 0.861580 1 49 1.000000
  49 12.969721 3.428896 61.984669 0.631876 -0.570178 -0.525004 0.618500 0.837650 1 49 1.000000
  49 13.012644 3.326001 62.227997 0.616069 -0.787399 -0.021513 0.611160 0.866920 1 49 1.000000
stick
  49 12.969721 3.428896 61.984669 0.631876 -0.570178 -0.525004 0.618500 0.837650 1 49 1.000000
  49 13.180387 3.664577 62.204609 0.986273 0.000004 -0.165124 0.657840 0.869270 1 49 1.000000
  49 13.012644 3.326001 62.227997 0.616069 -0.787399 -0.021513 0.611160 0.866920 1 49 1.000000
stick
  49 12.950664 3.664577 61.876575 0.684487 -0.000001 -0.729025 0.641170 0.812870 1 49 1.000000
  49 13.180387 3.664577 62.204609 0.986273 0.000004 -0.165124 0.657840 0.869270 1 49 1.000000
  49 12.969721 3.428896 61.984669 0.631876 -0.570178 -0.525004 0.618500 0.837650 1 49 1.000000
stick
  49 12.969720 3.900259 61.984673 0.631875 0.570182 -0.525001 0.618500 0.837650 1 49 1.000000
  49 13.180387 3.664577 62.204609 0.986273 0.000004 -0.165124 0.657840 0.869270 1 49 1.000000
  49 12.950664 3.664577 61.876575 0.684487 -0.000001 -0.729025 0.641170 0.812870 1 49 1.000000
stick
  49 12.969720 3.900259 61.984673 0.631875 0.570182 -0.525001 0.618500 0.837650 1 49 1.000000
  49 13.012643 4.003153 62.227997 0.616085 0.787386 -0.021508 0.611160 0.866920 1 49 1.000000
  49 13.180387 3.664577 62.204609 0.986273 0.000004 -0.165124 0.657840 0.869270 1 49 1.000000
stick
  49 13.012643 4.003153 62.227997 0.616085 0.787386 -0.021508 0.611160 0.866920 1 49 1.000000
  49 13.054484 3.900258 62.465332 0.741672 0.534025 0.405882 0.616480 0.895410 1 49 1.000000
  49 13.180387 3.664577 62.204609 0.986273 0.000004 -0.165124 0.657840 0.869270 1 49 1.000000
stick
  49 12.707561 3.372462 61.816891 0.303185 -0.720953 -0.623141 0.591020 0.811460 1 49 1.000000
  49 12.950664 3.664577 61.876575 0.684487 -0.000001 -0.729025 0.641170 0.812870 1 49 1.000000
  49 12.969721 3.428896 61.984669 0.631876 -0.570178 -0.525004 0.618500 0.837650 1 49 1.000000
stick
  49 11.599004 4.089445 62.411549 -0.013768 0.996851 -0.078092 0.417040 0.855800 1 49 1.000000
  49 11.763877 3.956692 61.970364 0.055046 0.766594 -0.639768 0.455230 0.790750 1 49 1.000000
  49 11.519688 3.956692 61.961761 -0.123466 0.703013 -0.700378 0.418230 0.782710 1 49 1.000000
stick
  49 11.519688 3.956692 61.961761 -0.123466 0.703013 -0.700378 0.418230 0.782710 1 49 1.000000
  49 11.763877 3.956692 61.970364 0.055046 0.766594 -0.639768 0.455230 0.790750 1 49 1.000000
  49 11.735998 3.664576 61.812149 0.087102 0.000003 -0.996199 0.460920 0.738110 1 49 1.000000
stick
  49 11.735998 3.664576 61.812149 0.087102 0.000003 -0.996199 0.460920 0.738110 1 49 1.000000
  49 11.763877 3.956692 61.970364 0.055046 0.766594 -0.639768 0.455230 0.790750 1 49 1.000000
  49 11.983658 3.664577 61.840378 -0.173681 0.000002 -0.984802 0.499930 0.749450 1 49 1.000000
stick
  49 11.763878 3.372461 61.970360 0.055084 -0.766620 -0.639734 0.455230 0.790750 1 49 1.000000
  49 11.735998 3.664576 61.812149 0.087102 0.000003 -0.996199 0.460920 0.738110 1 49 1.000000
  49 11.983658 3.664577 61.840378 -0.173681 0.000002 -0.984802 0.499930 0.749450 1 49 1.000000
stick
  49 11.763878 3.372461 61.970360 0.055084 -0.766620 -0.639734 0.455230 0.790750 1 49 1.000000
  49 11.983658 3.664577 61.840378 -0.173681 0.000002 -0.984802 0.499930 0.749450 1 49 1.000000
  49 12.013613 3.372461 62.010353 -0.110497 -0.771527 -0.626527 0.493690 0.804070 1 49 1.000000
stick
  49 11.763878 3.372461 61.970360 0.055084 -0.766620 -0.639734 0.455230 0.790750 1 49 1.000000
  49 12.013613 3.372461 62.010353 -0.110497 -0.771527 -0.626527 0.493690 0.804070 1 49 1.000000
  49 12.075880 3.239707 62.363392 0.004051 -0.999729 0.022927 0.491110 0.861000 1 49 1.000000
stick
  49 12.013613 3.372461 62.010353 -0.110497 -0.771527 -0.626527 0.493690 0.804070 1 49 1.000000
  49 12.234605 3.372462 61.887318 -0.270580 -0.766612 -0.582316 0.530760 0.798070 1 49 1.000000
  49 12.075880 3.239707 62.363392 0.004051 -0.999729 0.022927 0.491110 0.861000 1 49 1.000000
stick
  49 12.234605 3.372462 61.887318 -0.270580 -0.766612 -0.582316 0.530760 0.798070 1 49 1.000000
  49 12.540455 3.239707 62.245552 -0.013750 -0.996851 -0.078097 0.557330 0.857770 1 49 1.000000
  49 12.075880 3.239707 62.363392 0.004051 -0.999729 0.022927 0.491110 0.861000 1 49 1.000000
stick
  49 12.234605 3.372462 61.887318 -0.270580 -0.766612 -0.582316 0.530760 0.798070 1 49 1.000000
  49 12.461140 3.372462 61.795734 -0.123467 -0.703011 -0.700379 0.563560 0.798490 1 49 1.000000
  49 12.540455 3.239707 62.245552 -0.013750 -0.996851 -0.078097 0.557330 0.857770 1 49 1.000000
stick
  49 12.461140 3.372462 61.795734 -0.123467 -0.703011 -0.700379 0.563560 0.798490 1 49 1.000000
  49 12.707561 3.372462 61.816891 0.303185 -0.720953 -0.623141 0.591020 0.811460 1 49 1.000000
  49 12.540455 3.239707 62.245552 -0.013750 -0.996851 -0.078097 0.557330 0.857770 1 49 1.000000
stick
  49 12.680538 3.664577 61.663586 0.312429 0.000007 -0.949941 0.611000 0.773580 1 49 1.000000
  49 12.707561 3.372462 61.816891 0.303185 -0.720953 -0.623141 0.591020 0.811460 1 49 1.000000
  49 12.461140 3.372462 61.795734 -0.123467 -0.703011 -0.700379 0.563560 0.798490 1 49 1.000000
stick
  49 12.707561 3.372462 61.816891 0.303185 -0.720953 -0.623141 0.591020 0.811460 1 49 1.000000
  49 12.680538 3.664577 61.663586 0.312429 0.000007 -0.949941 0.611000 0.773580 1 49 1.000000
  49 12.950664 3.664577 61.876575 0.684487 -0.000001 -0.729025 0.641170 0.812870 1 49 1.000000
stick
  49 12.680538 3.664577 61.663586 0.312429 0.000007 -0.949941 0.611000 0.773580 1 49 1.000000
  49 12.707559 3.956693 61.816895 0.303181 0.720957 -0.623139 0.591020 0.811460 1 49 1.000000
  49 12.950664 3.664577 61.876575 0.684487 -0.000001 -0.729025 0.641170 0.812870 1 49 1.000000
stick
  49 12.707559 3.956693 61.816895 0.303181 0.720957 -0.623139 0.591020 0.811460 1 49 1.000000
  49 12.969720 3.900259 61.984673 0.631875 0.570182 -0.525001 0.618500 0.837650 1 49 1.000000
  49 12.950664 3.664577 61.876575 0.684487 -0.000001 -0.729025 0.641170 0.812870 1 49 1.000000
stick
  49 12.969720 3.900259 61.984673 0.631875 0.570182 -0.525001 0.618500 0.837650 1 49 1.000000
  49 12.707559 3.956693 61.816895 0.303181 0.720957 -0.623139 0.591020 0.811460 1 49 1.000000
  49 12.779672 4.089447 62.225838 0.201878 0.979369 -0.008989 0.584870 0.861580 1 49 1.000000
stick
  49 12.969720 3.900259 61.984673 0.631875 0.570182 -0.525001 0.618500 0.837650 1 49 1.000000
  49 12.779672 4.089447 62.225838 0.201878 0.979369 -0.008989 0.584870 0.861580 1 49 1.000000
  49 13.012643 4.003153 62.227997 0.616085 0.787386 -0.021508 0.611160 0.866920 1 49 1.000000
stick
  49 12.779672 4.089447 62.225838 0.201878 0.979369 -0.008989 0.584870 0.861580 1 49 1.000000
  49 12.837796 3.956692 62.555458 0.302350 0.674030 0.673994 0.589560 0.903200 1 49 1.000000
  49 13.012643 4.003153 62.227997 0.616085 0.787386 -0.021508 0.611160 0.866920 1 49 1.000000
stick
  49 13.012643 4.003153 62.227997 0.616085 0.787386 -0.021508 0.611160 0.866920 1 49 1.000000
  49 12.837796 3.956692 62.555458 0.302350 0.674030 0.673994 0.589560 0.903200 1 49 1.000000
  49 13.054484 3.900258 62.465332 0.741672 0.534025 0.405882 0.616480 0.895410 1 49 1.000000
stick
  49 12.234603 3.956693 61.887321 -0.270578 0.766615 -0.582314 0.530760 0.798070 1 49 1.000000
  49 12.461139 3.956693 61.795738 -0.123466 0.703013 -0.700378 0.563560 0.798490 1 49 1.000000
  49 12.206721 3.664577 61.729141 -0.422579 0.000001 -0.906326 0.539370 0.749540 1 49 1.000000
stick
  49 12.206721 3.664577 61.729141 -0.422579 0.000001 -0.906326 0.539370 0.749540 1 49 1.000000
  49 12.461139 3.956693 61.795738 -0.123466 0.703013 -0.700378 0.563560 0.798490 1 49 1.000000
  49 12.429784 3.664577 61.617893 -0.173681 0.000002 -0.984802 0.578000 0.753700 1 49 1.000000
stick
  49 12.461139 3.956693 61.795738 -0.123466 0.703013 -0.700378 0.563560 0.798490 1 49 1.000000
  49 12.680538 3.664577 61.663586 0.312429 0.000007 -0.949941 0.611000 0.773580 1 49 1.000000
  49 12.429784 3.664577 61.617893 -0.173681 0.000002 -0.984802 0.578000 0.753700 1 49 1.000000
stick
  49 12.429784 3.664577 61.617893 -0.173681 0.000002 -0.984802 0.578000 0.753700 1 49 1.000000
  49 12.680538 3.664577 61.663586 0.312429 0.000007 -0.949941 0.611000 0.773580 1 49 1.000000
  49 12.461140 3.372462 61.795734 -0.123467 -0.703011 -0.700379 0.563560 0.798490 1 49 1.000000
stick
  49 12.206721 3.664577 61.729141 -0.422579 0.000001 -0.906326 0.539370 0.749540 1 49 1.000000
  49 12.429784 3.664577 61.617893 -0.173681 0.000002 -0.984802 0.578000 0.753700 1 49 1.000000
  49 12.461140 3.372462 61.795734 -0.123467 -0.703011 -0.700379 0.563560 0.798490 1 49 1.000000
stick
  49 12.234605 3.372462 61.887318 -0.270580 -0.766612 -0.582316 0.530760 0.798070 1 49 1.000000
  49 12.206721 3.664577 61.729141 -0.422579 0.000001 -0.906326 0.539370 0.749540 1 49 1.000000
  49 12.461140 3.372462 61.795734 -0.123467 -0.703011 -0.700379 0.563560 0.798490 1 49 1.000000
stick
  49 12.206721 3.664577 61.729141 -0.422579 0.000001 -0.906326 0.539370 0.749540 1 49 1.000000
  49 12.234605 3.372462 61.887318 -0.270580 -0.766612 -0.582316 0.530760 0.798070 1 49 1.000000
  49 11.983658 3.664577 61.840378 -0.173681 0.000002 -0.984802 0.499930 0.749450 1 49 1.000000
stick
  49 11.983658 3.664577 61.840378 -0.173681 0.000002 -0.984802 0.499930 0.749450 1 49 1.000000
  49 12.234605 3.372462 61.887318 -0.270580 -0.766612 -0.582316 0.530760 0.798070 1 49 1.000000
  49 12.013613 3.372461 62.010353 -0.110497 -0.771527 -0.626527 0.493690 0.804070 1 49 1.000000
stick
  49 12.461139 3.956693 61.795738 -0.123466 0.703013 -0.700378 0.563560 0.798490 1 49 1.000000
  49 12.707559 3.956693 61.816895 0.303181 0.720957 -0.623139 0.591020 0.811460 1 49 1.000000
  49 12.680538 3.664577 61.663586 0.312429 0.000007 -0.949941 0.611000 0.773580 1 49 1.000000
stick
  49 12.707559 3.956693 61.816895 0.303181 0.720957 -0.623139 0.591020 0.811460 1 49 1.000000
  49 12.461139 3.956693 61.795738 -0.123466 0.703013 -0.700378 0.563560 0.798490 1 49 1.000000
  49 12.540453 4.089447 62.245552 -0.013768 0.996851 -0.078092 0.557330 0.857770 1 49 1.000000
stick
  49 12.779672 4.089447 62.225838 0.201878 0.979369 -0.008989 0.584870 0.861580 1 49 1.000000
  49 12.707559 3.956693 61.816895 0.303181 0.720957 -0.623139 0.591020 0.811460 1 49 1.000000
  49 12.540453 4.089447 62.245552 -0.013768 0.996851 -0.078092 0.557330 0.857770 1 49 1.000000
stick
  49 12.779672 4.089447 62.225838 0.201878 0.979369 -0.008989 0.584870 0.861580 1 49 1.000000
  49 12.540453 4.089447 62.245552 -0.013768 0.996851 -0.078092 0.557330 0.857770 1 49 1.000000
  49 12.601954 3.956692 62.594231 0.103750 0.813637 0.572041 0.559700 0.908140 1 49 1.000000
stick
  49 12.837796 3.956692 62.555458 0.302350 0.674030 0.673994 0.589560 0.903200 1 49 1.000000
  49 12.779672 4.089447 62.225838 0.201878 0.979369 -0.008989 0.584870 0.861580 1 49 1.000000
  49 12.601954 3.956692 62.594231 0.103750 0.813637 0.572041 0.559700 0.908140 1 49 1.000000
stick
  49 12.837796 3.956692 62.555458 0.302350 0.674030 0.673994 0.589560 0.903200 1 49 1.000000
  49 12.601954 3.956692 62.594231 0.103750 0.813637 0.572041 0.559700 0.908140 1 49 1.000000
  49 12.626524 3.664576 62.733677 0.174934 -0.000002 0.984580 0.566410 0.954750 1 49 1.000000
stick
  49 12.601954 3.956692 62.594231 0.103750 0.813637 0.572041 0.559700 0.908140 1 49 1.000000
  49 12.131963 3.956691 62.681583 0.134454 0.632897 0.762472 0.491510 0.913010 1 49 1.000000
  49 12.626524 3.664576 62.733677 0.174934 -0.000002 0.984580 0.566410 0.954750 1 49 1.000000
stick
  49 12.861887 3.664576 62.692219 0.348241 -0.000002 0.937405 0.604340 0.945040 1 49 1.000000
  49 12.837796 3.956692 62.555458 0.302350 0.674030 0.673994 0.589560 0.903200 1 49 1.000000
  49 12.626524 3.664576 62.733677 0.174934 -0.000002 0.984580 0.566410 0.954750 1 49 1.000000
stick
  49 12.461139 3.956693 61.795738 -0.123466 0.703013 -0.700378 0.563560 0.798490 1 49 1.000000
  49 12.234603 3.956693 61.887321 -0.270578 0.766615 -0.582314 0.530760 0.798070 1 49 1.000000
  49 12.540453 4.089447 62.245552 -0.013768 0.996851 -0.078092 0.557330 0.857770 1 49 1.000000
stick
  49 12.540453 4.089447 62.245552 -0.013768 0.996851 -0.078092 0.557330 0.857770 1 49 1.000000
  49 12.234603 3.956693 61.887321 -0.270578 0.766615 -0.582314 0.530760 0.798070 1 49 1.000000
  49 12.075878 4.089446 62.363396 0.004049 0.999729 0.022932 0.491110 0.861000 1 49 1.000000
stick
  49 12.601954 3.956692 62.594231 0.103750 0.813637 0.572041 0.559700 0.908140 1 49 1.000000
  49 12.540453 4.089447 62.245552 -0.013768 0.996851 -0.078092 0.557330 0.857770 1 49 1.000000
  49 12.075878 4.089446 62.363396 0.004049 0.999729 0.022932 0.491110 0.861000 1 49 1.000000
stick
  49 12.601954 3.956692 62.594231 0.103750 0.813637 0.572041 0.559700 0.908140 1 49 1.000000
  49 12.075878 4.089446 62.363396 0.004049 0.999729 0.022932 0.491110 0.861000 1 49 1.000000
  49 12.131963 3.956691 62.681583 0.134454 0.632897 0.762472 0.491510 0.913010 1 49 1.000000
stick
  49 12.075878 4.089446 62.363396 0.004049 0.999729 0.022932 0.491110 0.861000 1 49 1.000000
  49 11.660475 3.956691 62.760223 0.103750 0.813637 0.572041 0.417550 0.914830 1 49 1.000000
  49 12.131963 3.956691 62.681583 0.134454 0.632897 0.762472 0.491510 0.913010 1 49 1.000000
stick
  49 12.234603 3.956693 61.887321 -0.270578 0.766615 -0.582314 0.530760 0.798070 1 49 1.000000
  49 12.013612 3.956692 62.010357 -0.110476 0.771528 -0.626530 0.493690 0.804070 1 49 1.000000
  49 12.075878 4.089446 62.363396 0.004049 0.999729 0.022932 0.491110 0.861000 1 49 1.000000
stick
  49 12.837796 3.956692 62.555458 0.302350 0.674030 0.673994 0.589560 0.903200 1 49 1.000000
  49 12.861887 3.664576 62.692219 0.348241 -0.000002 0.937405 0.604340 0.945040 1 49 1.000000
  49 13.072488 3.664577 62.567432 0.700722 0.000000 0.713434 0.636960 0.922130 1 49 1.000000
stick
  49 12.861887 3.664576 62.692219 0.348241 -0.000002 0.937405 0.604340 0.945040 1 49 1.000000
  49 12.837797 3.372462 62.555454 0.302350 -0.674031 0.673993 0.589560 0.903200 1 49 1.000000
  49 13.072488 3.664577 62.567432 0.700722 0.000000 0.713434 0.636960 0.922130 1 49 1.000000
stick
  49 12.837797 3.372462 62.555454 0.302350 -0.674031 0.673993 0.589560 0.903200 1 49 1.000000
  49 12.861887 3.664576 62.692219 0.348241 -0.000002 0.937405 0.604340 0.945040 1 49 1.000000
  49 12.626524 3.664576 62.733677 0.174934 -0.000002 0.984580 0.566410 0.954750 1 49 1.000000
stick
  49 12.601954 3.372461 62.594231 0.103760 -0.813639 0.572036 0.559700 0.908140 1 49 1.000000
  49 12.837797 3.372462 62.555454 0.302350 -0.674031 0.673993 0.589560 0.903200 1 49 1.000000
  49 12.626524 3.664576 62.733677 0.174934 -0.000002 0.984580 0.566410 0.954750 1 49 1.000000
stick
  49 12.601954 3.372461 62.594231 0.103760 -0.813639 0.572036 0.559700 0.908140 1 49 1.000000
  49 12.626524 3.664576 62.733677 0.174934 -0.000002 0.984580 0.566410 0.954750 1 49 1.000000
  49 12.131995 3.372460 62.681580 0.134458 -0.632901 0.762468 0.491510 0.913010 1 49 1.000000
stick
  49 12.131995 3.372460 62.681580 0.134458 -0.632901 0.762468 0.491510 0.913010 1 49 1.000000
  49 12.626524 3.664576 62.733677 0.174934 -0.000002 0.984580 0.566410 0.954750 1 49 1.000000
  49 12.155800 3.664576 62.816685 0.174934 -0.000002 0.984580 0.494540 0.961980 1 49 1.000000
stick
  49 12.626524 3.664576 62.733677 0.174934 -0.000002 0.984580 0.566410 0.954750 1 49 1.000000
  49 12.131963 3.956691 62.681583 0.134454 0.632897 0.762472 0.491510 0.913010 1 49 1.000000
  49 12.155800 3.664576 62.816685 0.174934 -0.000002 0.984580 0.494540 0.961980 1 49 1.000000
stick
  49 12.131963 3.956691 62.681583 0.134454 0.632897 0.762472 0.491510 0.913010 1 49 1.000000
  49 11.685075 3.664574 62.899704 0.174934 -0.000002 0.984580 0.419210 0.966070 1 49 1.000000
  49 12.155800 3.664576 62.816685 0.174934 -0.000002 0.984580 0.494540 0.961980 1 49 1.000000
stick
  49 12.131963 3.956691 62.681583 0.134454 0.632897 0.762472 0.491510 0.913010 1 49 1.000000
  49 11.660475 3.956691 62.760223 0.103750 0.813637 0.572041 0.417550 0.914830 1 49 1.000000
  49 11.685075 3.664574 62.899704 0.174934 -0.000002 0.984580 0.419210 0.966070 1 49 1.000000
stick
  49 11.660475 3.956691 62.760223 0.103750 0.813637 0.572041 0.417550 0.914830 1 49 1.000000
  49 11.190515 3.956690 62.847603 0.134454 0.632897 0.762472 0.341220 0.916570 1 49 1.000000
  49 11.685075 3.664574 62.899704 0.174934 -0.000002 0.984580 0.419210 0.966070 1 49 1.000000
stick
  49 11.660475 3.956691 62.760223 0.103750 0.813637 0.572041 0.417550 0.914830 1 49 1.000000
  49 11.134429 4.089445 62.529419 0.004049 0.999729 0.022932 0.339830 0.861000 1 49 1.000000
  49 11.190515 3.956690 62.847603 0.134454 0.632897 0.762472 0.341220 0.916570 1 49 1.000000
stick
  49 11.660475 3.956691 62.760223 0.103750 0.813637 0.572041 0.417550 0.914830 1 49 1.000000
  49 11.599004 4.089445 62.411549 -0.013768 0.996851 -0.078092 0.417040 0.855800 1 49 1.000000
  49 11.134429 4.089445 62.529419 0.004049 0.999729 0.022932 0.339830 0.861000 1 49 1.000000
stick
  49 11.599004 4.089445 62.411549 -0.013768 0.996851 -0.078092 0.417040 0.855800 1 49 1.000000
  49 11.660475 3.956691 62.760223 0.103750 0.813637 0.572041 0.417550 0.914830 1 49 1.000000
  49 12.075878 4.089446 62.363396 0.004049 0.999729 0.022932 0.491110 0.861000 1 49 1.000000
stick
  49 11.763877 3.956692 61.970364 0.055046 0.766594 -0.639768 0.455230 0.790750 1 49 1.000000
  49 11.599004 4.089445 62.411549 -0.013768 0.996851 -0.078092 0.417040 0.855800 1 49 1.000000
  49 12.075878 4.089446 62.363396 0.004049 0.999729 0.022932 0.491110 0.861000 1 49 1.000000
stick
  49 12.013612 3.956692 62.010357 -0.110476 0.771528 -0.626530 0.493690 0.804070 1 49 1.000000
  49 11.763877 3.956692 61.970364 0.055046 0.766594 -0.639768 0.455230 0.790750 1 49 1.000000
  49 12.075878 4.089446 62.363396 0.004049 0.999729 0.022932 0.491110 0.861000 1 49 1.000000
stick
  49 11.763877 3.956692 61.970364 0.055046 0.766594 -0.639768 0.455230 0.790750 1 49 1.000000
  49 12.013612 3.956692 62.010357 -0.110476 0.771528 -0.626530 0.493690 0.804070 1 49 1.000000
  49 11.983658 3.664577 61.840378 -0.173681 0.000002 -0.984802 0.499930 0.749450 1 49 1.000000
stick
  49 12.013612 3.956692 62.010357 -0.110476 0.771528 -0.626530 0.493690 0.804070 1 49 1.000000
  49 12.234603 3.956693 61.887321 -0.270578 0.766615 -0.582314 0.530760 0.798070 1 49 1.000000
  49 11.983658 3.664577 61.840378 -0.173681 0.000002 -0.984802 0.499930 0.749450 1 49 1.000000
stick
  49 12.234603 3.956693 61.887321 -0.270578 0.766615 -0.582314 0.530760 0.798070 1 49 1.000000
  49 12.206721 3.664577 61.729141 -0.422579 0.000001 -0.906326 0.539370 0.749540 1 49 1.000000
  49 11.983658 3.664577 61.840378 -0.173681 0.000002 -0.984802 0.499930 0.749450 1 49 1.000000
stick
  49 10.657555 4.089444 62.577538 -0.039873 0.992973 -0.111423 0.264620 0.857910 1 49 1.000000
  49 10.719024 3.956690 62.926250 0.103750 0.813637 0.572041 0.265630 0.917180 1 49 1.000000
  49 11.134429 4.089445 62.529419 0.004049 0.999729 0.022932 0.339830 0.861000 1 49 1.000000
stick
  49 10.822431 3.956691 62.136353 0.055046 0.766594 -0.639768 0.299820 0.789550 1 49 1.000000
  49 10.657555 4.089444 62.577538 -0.039873 0.992973 -0.111423 0.264620 0.857910 1 49 1.000000
  49 11.134429 4.089445 62.529419 0.004049 0.999729 0.022932 0.339830 0.861000 1 49 1.000000
stick
  49 10.822431 3.956691 62.136353 0.055046 0.766594 -0.639768 0.299820 0.789550 1 49 1.000000
  49 10.578239 3.956691 62.127750 -0.123466 0.703013 -0.700378 0.262360 0.784830 1 49 1.000000
  49 10.657555 4.089444 62.577538 -0.039873 0.992973 -0.111423 0.264620 0.857910 1 49 1.000000
stick
  49 10.578239 3.956691 62.127750 -0.123466 0.703013 -0.700378 0.262360 0.784830 1 49 1.000000
  49 10.822431 3.956691 62.136353 0.055046 0.766594 -0.639768 0.299820 0.789550 1 49 1.000000
  49 10.794548 3.664575 61.978134 0.087102 0.000003 -0.996199 0.299100 0.735950 1 49 1.000000
stick
  49 10.546883 3.664577 61.949905 -0.173681 0.000002 -0.984802 0.258690 0.731500 1 49 1.000000
  49 10.578239 3.956691 62.127750 -0.123466 0.703013 -0.700378 0.262360 0.784830 1 49 1.000000
  49 10.794548 3.664575 61.978134 0.087102 0.000003 -0.996199 0.299100 0.735950 1 49 1.000000
stick
  49 10.578240 3.372460 62.127747 -0.123467 -0.703011 -0.700379 0.262360 0.784830 1 49 1.000000
  49 10.546883 3.664577 61.949905 -0.173681 0.000002 -0.984802 0.258690 0.731500 1 49 1.000000
  49 10.794548 3.664575 61.978134 0.087102 0.000003 -0.996199 0.299100 0.735950 1 49 1.000000
stick
  49 10.322070 3.664575 62.070450 -0.522288 0.000002 -0.852769 0.218310 0.742520 1 49 1.000000
  49 10.546883 3.664577 61.949905 -0.173681 0.000002 -0.984802 0.258690 0.731500 1 49 1.000000
  49 10.578240 3.372460 62.127747 -0.123467 -0.703011 -0.700379 0.262360 0.784830 1 49 1.000000
stick
  49 10.349539 3.372459 62.226181 -0.369945 -0.708740 -0.600690 0.225840 0.793840 1 49 1.000000
  49 10.322070 3.664575 62.070450 -0.522288 0.000002 -0.852769 0.218310 0.742520 1 49 1.000000
  49 10.578240 3.372460 62.127747 -0.123467 -0.703011 -0.700379 0.262360 0.784830 1 49 1.000000
stick
  49 10.322070 3.664575 62.070450 -0.522288 0.000002 -0.852769 0.218310 0.742520 1 49 1.000000
  49 10.349539 3.372459 62.226181 -0.369945 -0.708740 -0.600690 0.225840 0.793840 1 49 1.000000
  49 10.086901 3.664575 62.246704 -0.522288 0.000002 -0.852769 0.174680 0.760880 1 49 1.000000
stick
  49 10.349538 3.956691 62.226185 -0.369946 0.708742 -0.600687 0.225840 0.793840 1 49 1.000000
  49 10.322070 3.664575 62.070450 -0.522288 0.000002 -0.852769 0.218310 0.742520 1 49 1.000000
  49 10.086901 3.664575 62.246704 -0.522288 0.000002 -0.852769 0.174680 0.760880 1 49 1.000000
stick
  49 10.113412 3.956690 62.397114 -0.283545 0.741508 -0.608086 0.184620 0.812680 1 49 1.000000
  49 10.349538 3.956691 62.226185 -0.369946 0.708742 -0.600687 0.225840 0.793840 1 49 1.000000
  49 10.086901 3.664575 62.246704 -0.522288 0.000002 -0.852769 0.174680 0.760880 1 49 1.000000
stick
  49 10.349538 3.956691 62.226185 -0.369946 0.708742 -0.600687 0.225840 0.793840 1 49 1.000000
  49 10.113412 3.956690 62.397114 -0.283545 0.741508 -0.608086 0.184620 0.812680 1 49 1.000000
  49 10.657555 4.089444 62.577538 -0.039873 0.992973 -0.111423 0.264620 0.857910 1 49 1.000000
stick
  49 10.113412 3.956690 62.397114 -0.283545 0.741508 -0.608086 0.184620 0.812680 1 49 1.000000
  49 10.169877 4.089444 62.717430 -0.030704 0.999527 0.001500 0.186970 0.867040 1 49 1.000000
  49 10.657555 4.089444 62.577538 -0.039873 0.992973 -0.111423 0.264620 0.857910 1 49 1.000000
stick
  49 10.169877 4.089444 62.717430 -0.030704 0.999527 0.001500 0.186970 0.867040 1 49 1.000000
  49 10.719024 3.956690 62.926250 0.103750 0.813637 0.572041 0.265630 0.917180 1 49 1.000000
  49 10.657555 4.089444 62.577538 -0.039873 0.992973 -0.111423 0.264620 0.857910 1 49 1.000000
stick
  49 10.223317 3.956689 63.020378 0.107992 0.676254 0.728710 0.187310 0.918120 1 49 1.000000
  49 10.719024 3.956690 62.926250 0.103750 0.813637 0.572041 0.265630 0.917180 1 49 1.000000
  49 10.169877 4.089444 62.717430 -0.030704 0.999527 0.001500 0.186970 0.867040 1 49 1.000000
stick
  49 10.719024 3.956690 62.926250 0.103750 0.813637 0.572041 0.265630 0.917180 1 49 1.000000
  49 10.223317 3.956689 63.020378 0.107992 0.676254 0.728710 0.187310 0.918120 1 49 1.000000
  49 10.743626 3.664574 63.065689 0.174934 -0.000002 0.984580 0.265850 0.968530 1 49 1.000000
stick
  49 10.743626 3.664574 63.065689 0.174934 -0.000002 0.984580 0.265850 0.968530 1 49 1.000000
  49 10.223317 3.956689 63.020378 0.107992 0.676254 0.728710 0.187310 0.918120 1 49 1.000000
  49 10.246740 3.664574 63.153294 0.174934 -0.000002 0.984580 0.186150 0.968140 1 49 1.000000
stick
  49 10.743626 3.664574 63.065689 0.174934 -0.000002 0.984580 0.265850 0.968530 1 49 1.000000
  49 10.246740 3.664574 63.153294 0.174934 -0.000002 0.984580 0.186150 0.968140 1 49 1.000000
  49 10.223318 3.372458 63.020378 0.107988 -0.676257 0.728708 0.187310 0.918120 1 49 1.000000
stick
  49 10.322070 3.664575 62.070450 -0.522288 0.000002 -0.852769 0.218310 0.742520 1 49 1.000000
  49 10.578239 3.956691 62.127750 -0.123466 0.703013 -0.700378 0.262360 0.784830 1 49 1.000000
  49 10.546883 3.664577 61.949905 -0.173681 0.000002 -0.984802 0.258690 0.731500 1 49 1.000000
stick
  49 10.349538 3.956691 62.226185 -0.369946 0.708742 -0.600687 0.225840 0.793840 1 49 1.000000
  49 10.578239 3.956691 62.127750 -0.123466 0.703013 -0.700378 0.262360 0.784830 1 49 1.000000
  49 10.322070 3.664575 62.070450 -0.522288 0.000002 -0.852769 0.218310 0.742520 1 49 1.000000
stick
  49 10.578239 3.956691 62.127750 -0.123466 0.703013 -0.700378 0.262360 0.784830 1 49 1.000000
  49 10.349538 3.956691 62.226185 -0.369946 0.708742 -0.600687 0.225840 0.793840 1 49 1.000000
  49 10.657555 4.089444 62.577538 -0.039873 0.992973 -0.111423 0.264620 0.857910 1 49 1.000000
stick
  49 -7.801171 1.742941 66.025558 0.572428 -0.715288 0.400860 0.740830 0.428890 1 49 1.000000
  49 -7.773193 1.742941 65.899277 0.778924 -0.611893 -0.137348 0.777510 0.428890 1 49 1.000000
  49 -7.743844 1.911927 66.065720 0.850107 -0.058976 0.523297 0.740830 0.502240 1 49 1.000000
stick
  49 -7.939597 1.672932 65.928627 0.004051 -0.999729 0.022927 0.759170 0.355550 1 49 1.000000
  49 -7.773193 1.742941 65.899277 0.778924 -0.611893 -0.137348 0.777510 0.428890 1 49 1.000000
  49 -7.801171 1.742941 66.025558 0.572428 -0.715288 0.400860 0.740830 0.428890 1 49 1.000000
stick
  49 -7.939597 1.672932 65.928627 0.004051 -0.999729 0.022927 0.795840 0.355550 1 49 1.000000
  49 -7.842661 1.742942 65.790199 0.366152 -0.652637 -0.663323 0.814180 0.428890 1 49 1.000000
  49 -7.773193 1.742941 65.899277 0.778924 -0.611893 -0.137348 0.777510 0.428890 1 49 1.000000
stick
  49 -7.939597 1.672932 65.928627 0.004051 -0.999729 0.022927 0.832520 0.355550 1 49 1.000000
  49 -7.968946 1.742941 65.762192 -0.210046 -0.652625 -0.727984 0.850860 0.428890 1 49 1.000000
  49 -7.842661 1.742942 65.790199 0.366152 -0.652637 -0.663323 0.814180 0.428890 1 49 1.000000
stick
  49 -7.939597 1.672932 65.928627 0.004051 -0.999729 0.022927 0.869190 0.355550 1 49 1.000000
  49 -8.078025 1.742941 65.831696 -0.663332 -0.652631 -0.366147 0.887530 0.428890 1 49 1.000000
  49 -7.968946 1.742941 65.762192 -0.210046 -0.652625 -0.727984 0.850860 0.428890 1 49 1.000000
stick
  49 -7.773193 2.080913 65.899277 0.778966 0.611830 -0.137389 0.777510 0.575590 1 49 1.000000
  49 -7.939597 2.150922 65.928627 0.004049 0.999729 0.022932 0.759170 0.648930 1 49 1.000000
  49 -7.801171 2.080913 66.025558 0.570985 0.652622 0.498057 0.740830 0.575590 1 49 1.000000
stick
  49 -7.743844 1.911927 66.065720 0.850107 -0.058976 0.523297 0.740830 0.502240 1 49 1.000000
  49 -7.773193 2.080913 65.899277 0.778966 0.611830 -0.137389 0.777510 0.575590 1 49 1.000000
  49 -7.801171 2.080913 66.025558 0.570985 0.652622 0.498057 0.740830 0.575590 1 49 1.000000
stick
  49 -7.743844 1.911927 66.065720 0.850107 -0.058976 0.523297 0.740830 0.502240 1 49 1.000000
  49 -7.704235 1.911927 65.887138 0.986273 0.000004 -0.165124 0.777510 0.502240 1 49 1.000000
  49 -7.773193 2.080913 65.899277 0.778966 0.611830 -0.137389 0.777510 0.575590 1 49 1.000000
stick
  49 -7.773193 1.742941 65.899277 0.778924 -0.611893 -0.137348 0.777510 0.428890 1 49 1.000000
  49 -7.704235 1.911927 65.887138 0.986273 0.000004 -0.165124 0.777510 0.502240 1 49 1.000000
  49 -7.743844 1.911927 66.065720 0.850107 -0.058976 0.523297 0.740830 0.502240 1 49 1.000000
stick
  49 -7.773193 1.742941 65.899277 0.778924 -0.611893 -0.137348 0.777510 0.428890 1 49 1.000000
  49 -7.802541 1.911928 65.732880 0.619952 0.058960 -0.782422 0.814180 0.502240 1 49 1.000000
  49 -7.704235 1.911927 65.887138 0.986273 0.000004 -0.165124 0.777510 0.502240 1 49 1.000000
stick
  49 -7.773193 1.742941 65.899277 0.778924 -0.611893 -0.137348 0.777510 0.428890 1 49 1.000000
  49 -7.842661 1.742942 65.790199 0.366152 -0.652637 -0.663323 0.814180 0.428890 1 49 1.000000
  49 -7.802541 1.911928 65.732880 0.619952 0.058960 -0.782422 0.814180 0.502240 1 49 1.000000
stick
  49 -7.842661 1.742942 65.790199 0.366152 -0.652637 -0.663323 0.814180 0.428890 1 49 1.000000
  49 -7.981118 1.911928 65.693260 -0.173681 0.000002 -0.984802 0.850860 0.502240 1 49 1.000000
  49 -7.802541 1.911928 65.732880 0.619952 0.058960 -0.782422 0.814180 0.502240 1 49 1.000000
stick
  49 -7.842661 1.742942 65.790199 0.366152 -0.652637 -0.663323 0.814180 0.428890 1 49 1.000000
  49 -7.968946 1.742941 65.762192 -0.210046 -0.652625 -0.727984 0.850860 0.428890 1 49 1.000000
  49 -7.981118 1.911928 65.693260 -0.173681 0.000002 -0.984802 0.850860 0.502240 1 49 1.000000
stick
  49 -7.968946 1.742941 65.762192 -0.210046 -0.652625 -0.727984 0.850860 0.428890 1 49 1.000000
  49 -8.135384 1.911927 65.791542 -0.819158 -0.000001 -0.573568 0.887530 0.502240 1 49 1.000000
  49 -7.981118 1.911928 65.693260 -0.173681 0.000002 -0.984802 0.850860 0.502240 1 49 1.000000
stick
  49 -7.968946 1.742941 65.762192 -0.210046 -0.652625 -0.727984 0.850860 0.428890 1 49 1.000000
  49 -8.078025 1.742941 65.831696 -0.663332 -0.652631 -0.366147 0.887530 0.428890 1 49 1.000000
  49 -8.135384 1.911927 65.791542 -0.819158 -0.000001 -0.573568 0.887530 0.502240 1 49 1.000000
stick
  49 -8.078025 1.742941 65.831696 -0.663332 -0.652631 -0.366147 0.887530 0.428890 1 49 1.000000
  49 -8.174959 1.911927 65.970116 -0.984809 -0.000020 0.173641 0.924200 0.502240 1 49 1.000000
  49 -8.135384 1.911927 65.791542 -0.819158 -0.000001 -0.573568 0.887530 0.502240 1 49 1.000000
stick
  49 -8.106034 1.742941 65.957977 -0.727956 -0.652626 0.210142 0.924200 0.428890 1 49 1.000000
  49 -8.174959 1.911927 65.970116 -0.984809 -0.000020 0.173641 0.924200 0.502240 1 49 1.000000
  49 -8.078025 1.742941 65.831696 -0.663332 -0.652631 -0.366147 0.887530 0.428890 1 49 1.000000
stick
  49 -7.939597 1.672932 65.928627 0.004051 -0.999729 0.022927 0.905870 0.355550 1 49 1.000000
  49 -8.106034 1.742941 65.957977 -0.727956 -0.652626 0.210142 0.924200 0.428890 1 49 1.000000
  49 -8.078025 1.742941 65.831696 -0.663332 -0.652631 -0.366147 0.887530 0.428890 1 49 1.000000
stick
  49 -7.704235 1.911927 65.887138 0.986273 0.000004 -0.165124 0.777510 0.502240 1 49 1.000000
  49 -7.802541 1.911928 65.732880 0.619952 0.058960 -0.782422 0.814180 0.502240 1 49 1.000000
  49 -7.773193 2.080913 65.899277 0.778966 0.611830 -0.137389 0.777510 0.575590 1 49 1.000000
stick
  49 -7.842661 2.080913 65.790199 0.400988 0.715172 -0.572483 0.814180 0.575590 1 49 1.000000
  49 -7.939597 2.150922 65.928627 0.004049 0.999729 0.022932 0.795840 0.648930 1 49 1.000000
  49 -7.773193 2.080913 65.899277 0.778966 0.611830 -0.137389 0.777510 0.575590 1 49 1.000000
stick
  49 -7.802541 1.911928 65.732880 0.619952 0.058960 -0.782422 0.814180 0.502240 1 49 1.000000
  49 -7.842661 2.080913 65.790199 0.400988 0.715172 -0.572483 0.814180 0.575590 1 49 1.000000
  49 -7.773193 2.080913 65.899277 0.778966 0.611830 -0.137389 0.777510 0.575590 1 49 1.000000
stick
  49 -7.802541 1.911928 65.732880 0.619952 0.058960 -0.782422 0.814180 0.502240 1 49 1.000000
  49 -7.968946 2.080913 65.762192 -0.051515 0.652646 -0.755909 0.850860 0.575590 1 49 1.000000
  49 -7.842661 2.080913 65.790199 0.400988 0.715172 -0.572483 0.814180 0.575590 1 49 1.000000
stick
  49 -7.802541 1.911928 65.732880 0.619952 0.058960 -0.782422 0.814180 0.502240 1 49 1.000000
  49 -7.981118 1.911928 65.693260 -0.173681 0.000002 -0.984802 0.850860 0.502240 1 49 1.000000
  49 -7.968946 2.080913 65.762192 -0.051515 0.652646 -0.755909 0.850860 0.575590 1 49 1.000000
stick
  49 -7.981118 1.911928 65.693260 -0.173681 0.000002 -0.984802 0.850860 0.502240 1 49 1.000000
  49 -8.078025 2.080913 65.831696 -0.570955 0.652643 -0.498064 0.887530 0.575590 1 49 1.000000
  49 -7.968946 2.080913 65.762192 -0.051515 0.652646 -0.755909 0.850860 0.575590 1 49 1.000000
stick
  49 -7.981118 1.911928 65.693260 -0.173681 0.000002 -0.984802 0.850860 0.502240 1 49 1.000000
  49 -8.135384 1.911927 65.791542 -0.819158 -0.000001 -0.573568 0.887530 0.502240 1 49 1.000000
  49 -8.078025 2.080913 65.831696 -0.570955 0.652643 -0.498064 0.887530 0.575590 1 49 1.000000
stick
  49 -8.135384 1.911927 65.791542 -0.819158 -0.000001 -0.573568 0.887530 0.502240 1 49 1.000000
  49 -8.106034 2.080913 65.957977 -0.755933 0.652616 0.051555 0.924200 0.575590 1 49 1.000000
  49 -8.078025 2.080913 65.831696 -0.570955 0.652643 -0.498064 0.887530 0.575590 1 49 1.000000
stick
  49 -8.174959 1.911927 65.970116 -0.984809 -0.000020 0.173641 0.924200 0.502240 1 49 1.000000
  49 -8.106034 2.080913 65.957977 -0.755933 0.652616 0.051555 0.924200 0.575590 1 49 1.000000
  49 -8.135384 1.911927 65.791542 -0.819158 -0.000001 -0.573568 0.887530 0.502240 1 49 1.000000
stick
  49 -7.968946 2.080913 65.762192 -0.051515 0.652646 -0.755909 0.850860 0.575590 1 49 1.000000
  49 -7.939597 2.150922 65.928627 0.004049 0.999729 0.022932 0.832520 0.648930 1 49 1.000000
  49 -7.842661 2.080913 65.790199 0.400988 0.715172 -0.572483 0.814180 0.575590 1 49 1.000000
stick
  49 -8.106034 2.080913 65.957977 -0.755933 0.652616 0.051555 0.924200 0.575590 1 49 1.000000
  49 -7.939597 2.150922 65.928627 0.004049 0.999729 0.022932 0.905870 0.648930 1 49 1.000000
  49 -8.078025 2.080913 65.831696 -0.570955 0.652643 -0.498064 0.887530 0.575590 1 49 1.000000
stick
  49 -8.078025 2.080913 65.831696 -0.570955 0.652643 -0.498064 0.887530 0.575590 1 49 1.000000
  49 -7.939597 2.150922 65.928627 0.004049 0.999729 0.022932 0.869190 0.648930 1 49 1.000000
  49 -7.968946 2.080913 65.762192 -0.051515 0.652646 -0.755909 0.850860 0.575590 1 49 1.000000
stick
  49 -7.939597 1.672932 65.928627 0.004051 -0.999729 0.022927 0.722500 0.355550 1 49 1.000000
  49 -7.801171 1.742941 66.025558 0.572428 -0.715288 0.400860 0.740830 0.428890 1 49 1.000000
  49 -7.910249 1.742941 66.095032 0.210087 -0.652625 0.727973 0.704160 0.428890 1 49 1.000000
stick
  49 -7.910249 1.742941 66.095032 0.210087 -0.652625 0.727973 0.704160 0.428890 1 49 1.000000
  49 -7.801171 1.742941 66.025558 0.572428 -0.715288 0.400860 0.740830 0.428890 1 49 1.000000
  49 -7.743844 1.911927 66.065720 0.850107 -0.058976 0.523297 0.740830 0.502240 1 49 1.000000
stick
  49 -7.910249 1.742941 66.095032 0.210087 -0.652625 0.727973 0.704160 0.428890 1 49 1.000000
  49 -7.743844 1.911927 66.065720 0.850107 -0.058976 0.523297 0.740830 0.502240 1 49 1.000000
  49 -7.898108 1.911926 66.163986 0.174934 -0.000002 0.984580 0.704160 0.502240 1 49 1.000000
stick
  49 -7.898108 1.911926 66.163986 0.174934 -0.000002 0.984580 0.704160 0.502240 1 49 1.000000
  49 -7.743844 1.911927 66.065720 0.850107 -0.058976 0.523297 0.740830 0.502240 1 49 1.000000
  49 -7.801171 2.080913 66.025558 0.570985 0.652622 0.498057 0.740830 0.575590 1 49 1.000000
stick
  49 -7.898108 1.911926 66.163986 0.174934 -0.000002 0.984580 0.704160 0.502240 1 49 1.000000
  49 -7.801171 2.080913 66.025558 0.570985 0.652622 0.498057 0.740830 0.575590 1 49 1.000000
  49 -7.910249 2.080912 66.095032 0.051552 0.652610 0.755938 0.704160 0.575590 1 49 1.000000
stick
  49 -7.801171 2.080913 66.025558 0.570985 0.652622 0.498057 0.740830 0.575590 1 49 1.000000
  49 -7.939597 2.150922 65.928627 0.004049 0.999729 0.022932 0.722500 0.648930 1 49 1.000000
  49 -7.910249 2.080912 66.095032 0.051552 0.652610 0.755938 0.704160 0.575590 1 49 1.000000
stick
  49 -7.910249 2.080912 66.095032 0.051552 0.652610 0.755938 0.704160 0.575590 1 49 1.000000
  49 -7.939597 2.150922 65.928627 0.004049 0.999729 0.022932 0.685820 0.648930 1 49 1.000000
  49 -8.036534 2.080912 66.067055 -0.498096 0.652639 0.570931 0.667490 0.575590 1 49 1.000000
stick
  49 -8.076685 1.911927 66.124382 -0.573560 -0.000004 0.819163 0.667490 0.502240 1 49 1.000000
  49 -7.910249 2.080912 66.095032 0.051552 0.652610 0.755938 0.704160 0.575590 1 49 1.000000
  49 -8.036534 2.080912 66.067055 -0.498096 0.652639 0.570931 0.667490 0.575590 1 49 1.000000
stick
  49 -8.076685 1.911927 66.124382 -0.573560 -0.000004 0.819163 0.667490 0.502240 1 49 1.000000
  49 -7.898108 1.911926 66.163986 0.174934 -0.000002 0.984580 0.704160 0.502240 1 49 1.000000
  49 -7.910249 2.080912 66.095032 0.051552 0.652610 0.755938 0.704160 0.575590 1 49 1.000000
stick
  49 -8.036534 1.742941 66.067055 -0.366156 -0.652646 0.663312 0.667490 0.428890 1 49 1.000000
  49 -7.898108 1.911926 66.163986 0.174934 -0.000002 0.984580 0.704160 0.502240 1 49 1.000000
  49 -8.076685 1.911927 66.124382 -0.573560 -0.000004 0.819163 0.667490 0.502240 1 49 1.000000
stick
  49 -8.036534 1.742941 66.067055 -0.366156 -0.652646 0.663312 0.667490 0.428890 1 49 1.000000
  49 -7.910249 1.742941 66.095032 0.210087 -0.652625 0.727973 0.704160 0.428890 1 49 1.000000
  49 -7.898108 1.911926 66.163986 0.174934 -0.000002 0.984580 0.704160 0.502240 1 49 1.000000
stick
  49 -7.939597 1.672932 65.928627 0.004051 -0.999729 0.022927 0.685820 0.355550 1 49 1.000000
  49 -7.910249 1.742941 66.095032 0.210087 -0.652625 0.727973 0.704160 0.428890 1 49 1.000000
  49 -8.036534 1.742941 66.067055 -0.366156 -0.652646 0.663312 0.667490 0.428890 1 49 1.000000
stick
  49 -7.939597 1.672932 65.928627 0.004051 -0.999729 0.022927 0.649150 0.355550 1 49 1.000000
  49 -8.036534 1.742941 66.067055 -0.366156 -0.652646 0.663312 0.667490 0.428890 1 49 1.000000
  49 -8.106034 1.742941 65.957977 -0.727956 -0.652626 0.210142 0.630810 0.428890 1 49 1.000000
stick
  49 -8.106034 1.742941 65.957977 -0.727956 -0.652626 0.210142 0.630810 0.428890 1 49 1.000000
  49 -8.036534 1.742941 66.067055 -0.366156 -0.652646 0.663312 0.667490 0.428890 1 49 1.000000
  49 -8.076685 1.911927 66.124382 -0.573560 -0.000004 0.819163 0.667490 0.502240 1 49 1.000000
stick
  49 -8.106034 1.742941 65.957977 -0.727956 -0.652626 0.210142 0.630810 0.428890 1 49 1.000000
  49 -8.076685 1.911927 66.124382 -0.573560 -0.000004 0.819163 0.667490 0.502240 1 49 1.000000
  49 -8.174959 1.911927 65.970116 -0.984809 -0.000020 0.173641 0.630810 0.502240 1 49 1.000000
stick
  49 -8.174959 1.911927 65.970116 -0.984809 -0.000020 0.173641 0.630810 0.502240 1 49 1.000000
  49 -8.076685 1.911927 66.124382 -0.573560 -0.000004 0.819163 0.667490 0.502240 1 49 1.000000
  49 -8.036534 2.080912 66.067055 -0.498096 0.652639 0.570931 0.667490 0.575590 1 49 1.000000
stick
  49 -8.174959 1.911927 65.970116 -0.984809 -0.000020 0.173641 0.630810 0.502240 1 49 1.000000
  49 -8.036534 2.080912 66.067055 -0.498096 0.652639 0.570931 0.667490 0.575590 1 49 1.000000
  49 -8.106034 2.080913 65.957977 -0.755933 0.652616 0.051555 0.630810 0.575590 1 49 1.000000
stick
  49 -8.106034 2.080913 65.957977 -0.755933 0.652616 0.051555 0.630810 0.575590 1 49 1.000000
  49 -8.036534 2.080912 66.067055 -0.498096 0.652639 0.570931 0.667490 0.575590 1 49 1.000000
  49 -7.939597 2.150922 65.928627 0.004049 0.999729 0.022932 0.649150 0.648930 1 49 1.000000
stick
  49 -8.102525 3.518514 66.105652 0.515455 -0.586565 0.624698 0.023940 0.043760 1 49 1.000000
  49 -8.127892 3.452104 65.961838 0.439474 -0.897477 -0.037375 0.023940 0.035010 1 49 1.000000
  49 9.283017 3.518531 63.040108 -0.201196 -0.708758 0.676152 0.986800 0.043760 1 49 1.000000
stick
  49 9.283017 3.518531 63.040108 -0.201196 -0.708758 0.676152 0.986800 0.043760 1 49 1.000000
  49 -8.127892 3.452104 65.961838 0.439474 -0.897477 -0.037375 0.023940 0.035010 1 49 1.000000
  49 9.257651 3.452122 62.896294 -0.280062 -0.958708 0.049428 0.986800 0.035010 1 49 1.000000
stick
  49 -8.127892 3.452104 65.961838 0.439474 -0.897477 -0.037375 0.023940 0.035010 1 49 1.000000
  49 9.232287 3.518532 62.752449 -0.373505 -0.758855 -0.533510 0.986800 0.026260 1 49 1.000000
  49 9.257651 3.452122 62.896294 -0.280062 -0.958708 0.049428 0.986800 0.035010 1 49 1.000000
stick
  49 -8.127892 3.452104 65.961838 0.439474 -0.897477 -0.037375 0.023940 0.035010 1 49 1.000000
  49 -8.153256 3.518514 65.818039 0.382786 -0.589305 -0.711473 0.023940 0.026260 1 49 1.000000
  49 9.232287 3.518532 62.752449 -0.373505 -0.758855 -0.533510 0.986800 0.026260 1 49 1.000000
stick
  49 -8.153256 3.518514 65.818039 0.382786 -0.589305 -0.711473 0.023940 0.026260 1 49 1.000000
  49 9.220752 3.664574 62.687057 -0.441932 -0.143814 -0.885445 0.986800 0.017510 1 49 1.000000
  49 9.232287 3.518532 62.752449 -0.373505 -0.758855 -0.533510 0.986800 0.026260 1 49 1.000000
stick
  49 -8.153256 3.518514 65.818039 0.382786 -0.589305 -0.711473 0.023940 0.026260 1 49 1.000000
  49 -8.164792 3.664556 65.752609 0.354112 0.038230 -0.934421 0.023940 0.017510 1 49 1.000000
  49 9.220752 3.664574 62.687057 -0.441932 -0.143814 -0.885445 0.986800 0.017510 1 49 1.000000
stick
  49 -8.164792 3.664556 65.752609 0.354112 0.038230 -0.934421 0.023940 0.017510 1 49 1.000000
  49 9.232285 3.810616 62.752449 -0.402737 0.590312 -0.699525 0.986800 0.026260 1 49 1.000000
  49 9.220752 3.664574 62.687057 -0.441932 -0.143814 -0.885445 0.986800 0.017510 1 49 1.000000
stick
  49 -8.164792 3.664556 65.752609 0.354112 0.038230 -0.934421 0.023940 0.017510 1 49 1.000000
  49 -8.153258 3.810598 65.818039 0.390588 0.634250 -0.667209 0.023940 0.026260 1 49 1.000000
  49 9.232285 3.810616 62.752449 -0.402737 0.590312 -0.699525 0.986800 0.026260 1 49 1.000000
stick
  49 9.232285 3.810616 62.752449 -0.402737 0.590312 -0.699525 0.986800 0.026260 1 49 1.000000
  49 -8.153258 3.810598 65.818039 0.390588 0.634250 -0.667209 0.023940 0.026260 1 49 1.000000
  49 9.257652 3.877023 62.896294 -0.249974 0.968144 -0.014492 0.986800 0.035010 1 49 1.000000
stick
  49 -8.153258 3.810598 65.818039 0.390588 0.634250 -0.667209 0.023940 0.026260 1 49 1.000000
  49 -8.127892 3.877007 65.961838 0.584855 0.795556 -0.158227 0.023940 0.035010 1 49 1.000000
  49 9.257652 3.877023 62.896294 -0.249974 0.968144 -0.014492 0.986800 0.035010 1 49 1.000000
stick
  49 -8.127892 3.877007 65.961838 0.584855 0.795556 -0.158227 0.023940 0.035010 1 49 1.000000
  49 -8.102527 3.810597 66.105652 0.582637 0.684719 0.437829 0.023940 0.043760 1 49 1.000000
  49 9.257652 3.877023 62.896294 -0.249974 0.968144 -0.014492 0.986800 0.035010 1 49 1.000000
stick
  49 -8.102527 3.810597 66.105652 0.582637 0.684719 0.437829 0.023940 0.043760 1 49 1.000000
  49 9.283016 3.810616 63.040108 -0.153887 0.673237 0.723236 0.986800 0.043760 1 49 1.000000
  49 9.257652 3.877023 62.896294 -0.249974 0.968144 -0.014492 0.986800 0.035010 1 49 1.000000
stick
  49 -8.102527 3.810597 66.105652 0.582637 0.684719 0.437829 0.023940 0.043760 1 49 1.000000
  49 -8.090988 3.664556 66.171066 0.709791 0.071228 0.700802 0.023940 0.052510 1 49 1.000000
  49 9.283016 3.810616 63.040108 -0.153887 0.673237 0.723236 0.986800 0.043760 1 49 1.000000
stick
  49 9.283016 3.810616 63.040108 -0.153887 0.673237 0.723236 0.986800 0.043760 1 49 1.000000
  49 -8.090988 3.664556 66.171066 0.709791 0.071228 0.700802 0.023940 0.052510 1 49 1.000000
  49 9.294553 3.664573 63.105526 -0.113664 -0.010633 0.993462 0.986800 0.052510 1 49 1.000000
stick
  49 -8.090988 3.664556 66.171066 0.709791 0.071228 0.700802 0.023940 0.052510 1 49 1.000000
  49 -8.102525 3.518514 66.105652 0.515455 -0.586565 0.624698 0.023940 0.043760 1 49 1.000000
  49 9.294553 3.664573 63.105526 -0.113664 -0.010633 0.993462 0.986800 0.052510 1 49 1.000000
stick
  49 9.294553 3.664573 63.105526 -0.113664 -0.010633 0.993462 0.986800 0.052510 1 49 1.000000
  49 -8.102525 3.518514 66.105652 0.515455 -0.586565 0.624698 0.023940 0.043760 1 49 1.000000
  49 9.283017 3.518531 63.040108 -0.201196 -0.708758 0.676152 0.986800 0.043760 1 49 1.000000
stick
  49 -9.129313 3.664557 64.736206 0.035604 -0.849274 0.526751 0.958040 0.688930 1 49 1.000000
  49 -9.299635 3.664557 64.779510 0.198241 -0.851847 0.484827 0.942960 0.729660 1 49 1.000000
  49 -9.155538 3.623960 64.675674 0.131108 -0.990503 -0.041409 0.974850 0.698000 1 49 1.000000
stick
  49 -9.155538 3.623960 64.675674 0.131108 -0.990503 -0.041409 0.974850 0.698000 1 49 1.000000
  49 -9.299635 3.664557 64.779510 0.198241 -0.851847 0.484827 0.942960 0.729660 1 49 1.000000
  49 -9.366490 3.600792 64.705528 0.131108 -0.990503 -0.041409 0.964210 0.749520 1 49 1.000000
stick
  49 -9.299635 3.664557 64.779510 0.198241 -0.851847 0.484827 0.942960 0.729660 1 49 1.000000
  49 -9.443129 3.664557 64.897873 0.396623 -0.859581 0.322195 0.913140 0.764570 1 49 1.000000
  49 -9.366490 3.600792 64.705528 0.131108 -0.990503 -0.041409 0.964210 0.749520 1 49 1.000000
stick
  49 -9.366490 3.600792 64.705528 0.131108 -0.990503 -0.041409 0.964210 0.749520 1 49 1.000000
  49 -9.443129 3.664557 64.897873 0.396623 -0.859581 0.322195 0.913140 0.764570 1 49 1.000000
  49 -9.569382 3.577466 64.827927 0.076838 -0.990004 -0.118267 0.934910 0.799500 1 49 1.000000
stick
  49 -9.443129 3.664557 64.897873 0.396623 -0.859581 0.322195 0.913140 0.764570 1 49 1.000000
  49 -9.513234 3.664555 65.103439 0.450439 -0.887545 0.096795 0.864290 0.785760 1 49 1.000000
  49 -9.569382 3.577466 64.827927 0.076838 -0.990004 -0.118267 0.934910 0.799500 1 49 1.000000
stick
  49 -9.513234 3.664555 65.103439 0.450439 -0.887545 0.096795 0.864290 0.785760 1 49 1.000000
  49 -9.711887 3.557262 65.057236 -0.078095 -0.989156 -0.124387 0.882400 0.838840 1 49 1.000000
  49 -9.569382 3.577466 64.827927 0.076838 -0.990004 -0.118267 0.934910 0.799500 1 49 1.000000
stick
  49 -9.711887 3.557262 65.057236 -0.078095 -0.989156 -0.124387 0.882400 0.838840 1 49 1.000000
  49 -9.513234 3.664555 65.103439 0.450439 -0.887545 0.096795 0.864290 0.785760 1 49 1.000000
  49 -9.771730 3.543465 65.341705 -0.013750 -0.996851 -0.078097 0.815890 0.862140 1 49 1.000000
stick
  49 -9.513234 3.664555 65.103439 0.450439 -0.887545 0.096795 0.864290 0.785760 1 49 1.000000
  49 -9.495227 3.664555 65.353783 0.380134 -0.922993 -0.059856 0.803090 0.789820 1 49 1.000000
  49 -9.771730 3.543465 65.341705 -0.013750 -0.996851 -0.078097 0.815890 0.862140 1 49 1.000000
stick
  49 -9.771730 3.543465 65.341705 -0.013750 -0.996851 -0.078097 0.815890 0.862140 1 49 1.000000
  49 -9.495227 3.664555 65.353783 0.380134 -0.922993 -0.059856 0.803090 0.789820 1 49 1.000000
  49 -9.744900 3.537888 65.625595 -0.044888 -0.998284 -0.037608 0.746850 0.866380 1 49 1.000000
stick
  49 -9.495227 3.664555 65.353783 0.380134 -0.922993 -0.059856 0.803090 0.789820 1 49 1.000000
  49 -9.391411 3.664556 65.603035 0.314518 -0.939084 -0.138561 0.738880 0.775160 1 49 1.000000
  49 -9.744900 3.537888 65.625595 -0.044888 -0.998284 -0.037608 0.746850 0.866380 1 49 1.000000
stick
  49 -9.744900 3.537888 65.625595 -0.044888 -0.998284 -0.037608 0.746850 0.866380 1 49 1.000000
  49 -9.391411 3.664556 65.603035 0.314518 -0.939084 -0.138561 0.738880 0.775160 1 49 1.000000
  49 -9.669503 3.537090 65.903023 0.131108 -0.990503 -0.041409 0.677250 0.859470 1 49 1.000000
stick
  49 -9.391411 3.664556 65.603035 0.314518 -0.939084 -0.138561 0.738880 0.775160 1 49 1.000000
  49 -9.240109 3.664555 65.846619 0.261173 -0.951564 -0.162220 0.673870 0.749480 1 49 1.000000
  49 -9.669503 3.537090 65.903023 0.131108 -0.990503 -0.041409 0.677250 0.859470 1 49 1.000000
stick
  49 -10.098835 3.664554 65.959396 -0.280062 -0.958708 0.049428 0.680860 0.969310 1 49 1.000000
  49 -9.744900 3.537888 65.625595 -0.044888 -0.998284 -0.037608 0.746850 0.866380 1 49 1.000000
  49 -9.669503 3.537090 65.903023 0.131108 -0.990503 -0.041409 0.677250 0.859470 1 49 1.000000
stick
  49 -10.098835 3.664554 65.959396 -0.280062 -0.958708 0.049428 0.680860 0.969310 1 49 1.000000
  49 -10.098453 3.664554 65.648186 -0.338680 -0.940515 -0.026981 0.755700 0.957430 1 49 1.000000
  49 -9.744900 3.537888 65.625595 -0.044888 -0.998284 -0.037608 0.746850 0.866380 1 49 1.000000
stick
  49 -10.098453 3.664554 65.648186 -0.338680 -0.940515 -0.026981 0.755700 0.957430 1 49 1.000000
  49 -10.048263 3.664555 65.329659 -0.378266 -0.923231 -0.067519 0.830640 0.934010 1 49 1.000000
  49 -9.744900 3.537888 65.625595 -0.044888 -0.998284 -0.037608 0.746850 0.866380 1 49 1.000000
stick
  49 -10.048263 3.664555 65.329659 -0.378266 -0.923231 -0.067519 0.830640 0.934010 1 49 1.000000
  49 -9.771730 3.543465 65.341705 -0.013750 -0.996851 -0.078097 0.815890 0.862140 1 49 1.000000
  49 -9.744900 3.537888 65.625595 -0.044888 -0.998284 -0.037608 0.746850 0.866380 1 49 1.000000
stick
  49 -10.048263 3.664555 65.329659 -0.378266 -0.923231 -0.067519 0.830640 0.934010 1 49 1.000000
  49 -9.910507 3.664555 65.011093 -0.409537 -0.887213 -0.212442 0.903280 0.890770 1 49 1.000000
  49 -9.771730 3.543465 65.341705 -0.013750 -0.996851 -0.078097 0.815890 0.862140 1 49 1.000000
stick
  49 -9.910507 3.664555 65.011093 -0.409537 -0.887213 -0.212442 0.903280 0.890770 1 49 1.000000
  49 -9.711887 3.557262 65.057236 -0.078095 -0.989156 -0.124387 0.882400 0.838840 1 49 1.000000
  49 -9.771730 3.543465 65.341705 -0.013750 -0.996851 -0.078097 0.815890 0.862140 1 49 1.000000
stick
  49 -9.910507 3.664555 65.011093 -0.409537 -0.887213 -0.212442 0.903280 0.890770 1 49 1.000000
  49 -9.695666 3.664556 64.758049 -0.353637 -0.845272 -0.400569 0.959430 0.832420 1 49 1.000000
  49 -9.711887 3.557262 65.057236 -0.078095 -0.989156 -0.124387 0.882400 0.838840 1 49 1.000000
stick
  49 -9.711887 3.557262 65.057236 -0.078095 -0.989156 -0.124387 0.882400 0.838840 1 49 1.000000
  49 -9.695666 3.664556 64.758049 -0.353637 -0.845272 -0.400569 0.959430 0.832420 1 49 1.000000
  49 -9.569382 3.577466 64.827927 0.076838 -0.990004 -0.118267 0.934910 0.799500 1 49 1.000000
stick
  49 -9.695666 3.664556 64.758049 -0.353637 -0.845272 -0.400569 0.959430 0.832420 1 49 1.000000
  49 -9.433314 3.664557 64.631508 -0.173052 -0.807122 -0.564453 0.987600 0.766840 1 49 1.000000
  49 -9.569382 3.577466 64.827927 0.076838 -0.990004 -0.118267 0.934910 0.799500 1 49 1.000000
stick
  49 -9.433314 3.664557 64.631508 -0.173052 -0.807122 -0.564453 0.987600 0.766840 1 49 1.000000
  49 -9.366490 3.600792 64.705528 0.131108 -0.990503 -0.041409 0.964210 0.749520 1 49 1.000000
  49 -9.569382 3.577466 64.827927 0.076838 -0.990004 -0.118267 0.934910 0.799500 1 49 1.000000
stick
  49 -9.433314 3.664557 64.631508 -0.173052 -0.807122 -0.564453 0.987600 0.766840 1 49 1.000000
  49 -9.181733 3.664557 64.615128 0.050638 -0.798198 -0.600263 0.992680 0.704900 1 49 1.000000
  49 -9.366490 3.600792 64.705528 0.131108 -0.990503 -0.041409 0.964210 0.749520 1 49 1.000000
stick
  49 -9.181733 3.664557 64.615128 0.050638 -0.798198 -0.600263 0.992680 0.704900 1 49 1.000000
  49 -9.155538 3.623960 64.675674 0.131108 -0.990503 -0.041409 0.974850 0.698000 1 49 1.000000
  49 -9.366490 3.600792 64.705528 0.131108 -0.990503 -0.041409 0.964210 0.749520 1 49 1.000000
stick
  49 -9.181733 3.664557 64.615128 0.050638 -0.798198 -0.600263 0.992680 0.704900 1 49 1.000000
  49 -8.989165 3.664557 64.673027 0.233166 -0.801461 -0.550721 0.982030 0.656360 1 49 1.000000
  49 -9.155538 3.623960 64.675674 0.131108 -0.990503 -0.041409 0.974850 0.698000 1 49 1.000000
stick
  49 -8.989165 3.664557 64.673027 0.233166 -0.801461 -0.550721 0.982030 0.656360 1 49 1.000000
  49 -8.982283 3.644449 64.707504 0.094391 -0.987540 0.125918 0.972210 0.654380 1 49 1.000000
  49 -9.155538 3.623960 64.675674 0.131108 -0.990503 -0.041409 0.974850 0.698000 1 49 1.000000
stick
  49 -8.989165 3.664557 64.673027 0.233166 -0.801461 -0.550721 0.982030 0.656360 1 49 1.000000
  49 -8.834711 3.664557 64.768143 0.137404 -0.990497 -0.006006 0.962940 0.615730 1 49 1.000000
  49 -8.982283 3.644449 64.707504 0.094391 -0.987540 0.125918 0.972210 0.654380 1 49 1.000000
stick
  49 -8.834711 3.664557 64.768143 0.137404 -0.990497 -0.006006 0.962940 0.615730 1 49 1.000000
  49 -8.975431 3.664557 64.742111 -0.057309 -0.858244 0.510032 0.962700 0.651160 1 49 1.000000
  49 -8.982283 3.644449 64.707504 0.094391 -0.987540 0.125918 0.972210 0.654380 1 49 1.000000
stick
  49 -8.975431 3.664557 64.742111 -0.057309 -0.858244 0.510032 0.962700 0.651160 1 49 1.000000
  49 -9.129313 3.664557 64.736206 0.035604 -0.849274 0.526751 0.958040 0.688930 1 49 1.000000
  49 -8.982283 3.644449 64.707504 0.094391 -0.987540 0.125918 0.972210 0.654380 1 49 1.000000
stick
  49 -8.982283 3.644449 64.707504 0.094391 -0.987540 0.125918 0.972210 0.654380 1 49 1.000000
  49 -9.129313 3.664557 64.736206 0.035604 -0.849274 0.526751 0.958040 0.688930 1 49 1.000000
  49 -9.155538 3.623960 64.675674 0.131108 -0.990503 -0.041409 0.974850 0.698000 1 49 1.000000
stick
  49 -12.708753 3.664549 67.803795 -0.216797 -0.957586 0.189811 0.120020 0.395160 1 49 1.000000
  49 -12.263267 3.581283 67.853226 -0.144110 -0.968402 0.203541 0.260000 0.434440 1 49 1.000000
  49 -12.427218 3.664548 68.064964 -0.177947 -0.954896 0.237716 0.193250 0.494000 1 49 1.000000
stick
  49 -12.263267 3.581283 67.853226 -0.144110 -0.968402 0.203541 0.260000 0.434440 1 49 1.000000
  49 -12.122037 3.664549 68.245941 -0.099198 -0.963444 0.248869 0.279010 0.568870 1 49 1.000000
  49 -12.427218 3.664548 68.064964 -0.177947 -0.954896 0.237716 0.193250 0.494000 1 49 1.000000
stick
  49 -12.263267 3.581283 67.853226 -0.144110 -0.968402 0.203541 0.260000 0.434440 1 49 1.000000
  49 -12.002986 3.587529 68.017395 -0.033525 -0.971512 0.234608 0.331840 0.500960 1 49 1.000000
  49 -12.122037 3.664549 68.245941 -0.099198 -0.963444 0.248869 0.279010 0.568870 1 49 1.000000
stick
  49 -12.002986 3.587529 68.017395 -0.033525 -0.971512 0.234608 0.331840 0.500960 1 49 1.000000
  49 -12.263267 3.581283 67.853226 -0.144110 -0.968402 0.203541 0.260000 0.434440 1 49 1.000000
  49 -11.884127 3.535078 67.789459 0.007146 -0.990734 0.135625 0.383020 0.435240 1 49 1.000000
stick
  49 -12.812065 3.579915 67.079193 -0.202845 -0.976300 0.075444 0.133700 0.162070 1 49 1.000000
  49 -12.885515 3.579915 66.800751 -0.230031 -0.972338 0.040559 0.126150 0.072210 1 49 1.000000
  49 -12.562872 3.529119 66.743835 -0.102753 -0.994075 0.035451 0.230000 0.072210 1 49 1.000000
stick
  49 -12.885515 3.579915 66.800751 -0.230031 -0.972338 0.040559 0.126150 0.072210 1 49 1.000000
  49 -12.911742 3.579915 66.513954 -0.216423 -0.976298 -0.001524 0.133700 0.162070 1 49 1.000000
  49 -12.562872 3.529119 66.743835 -0.102753 -0.994075 0.035451 0.230000 0.072210 1 49 1.000000
stick
  49 -12.911742 3.579915 66.513954 -0.216423 -0.976298 -0.001524 0.133700 0.162070 1 49 1.000000
  49 -12.593529 3.529120 66.494171 -0.102753 -0.994075 0.035451 0.234260 0.151340 1 49 1.000000
  49 -12.562872 3.529119 66.743835 -0.102753 -0.994075 0.035451 0.230000 0.072210 1 49 1.000000
stick
  49 -12.593529 3.529120 66.494171 -0.102753 -0.994075 0.035451 0.234260 0.151340 1 49 1.000000
  49 -11.716830 3.505222 66.594673 0.004051 -0.999729 0.022927 0.502340 0.072210 1 49 1.000000
  49 -12.562872 3.529119 66.743835 -0.102753 -0.994075 0.035451 0.230000 0.072210 1 49 1.000000
stick
  49 -11.716830 3.505222 66.594673 0.004051 -0.999729 0.022927 0.502340 0.072210 1 49 1.000000
  49 -12.506277 3.529119 66.988953 -0.102753 -0.994075 0.035451 0.234260 0.151340 1 49 1.000000
  49 -12.562872 3.529119 66.743835 -0.102753 -0.994075 0.035451 0.230000 0.072210 1 49 1.000000
stick
  49 -11.716830 3.505222 66.594673 0.004051 -0.999729 0.022927 0.502340 0.072210 1 49 1.000000
  49 -12.420399 3.529119 67.227470 -0.078957 -0.994985 0.061401 0.247720 0.230160 1 49 1.000000
  49 -12.506277 3.529119 66.988953 -0.102753 -0.994075 0.035451 0.234260 0.151340 1 49 1.000000
stick
  49 -12.420399 3.529119 67.227470 -0.078957 -0.994985 0.061401 0.247720 0.230160 1 49 1.000000
  49 -12.683357 3.579914 67.353821 -0.172348 -0.980619 0.093181 0.157810 0.254500 1 49 1.000000
  49 -12.506277 3.529119 66.988953 -0.102753 -0.994075 0.035451 0.234260 0.151340 1 49 1.000000
stick
  49 -12.494998 3.580072 67.621078 -0.165260 -0.976563 0.137890 0.201000 0.348620 1 49 1.000000
  49 -12.683357 3.579914 67.353821 -0.172348 -0.980619 0.093181 0.157810 0.254500 1 49 1.000000
  49 -12.420399 3.529119 67.227470 -0.078957 -0.994985 0.061401 0.247720 0.230160 1 49 1.000000
stick
  49 -12.273720 3.529182 67.438393 -0.078957 -0.994985 0.061401 0.281520 0.303940 1 49 1.000000
  49 -12.494998 3.580072 67.621078 -0.165260 -0.976563 0.137890 0.201000 0.348620 1 49 1.000000
  49 -12.420399 3.529119 67.227470 -0.078957 -0.994985 0.061401 0.247720 0.230160 1 49 1.000000
stick
  49 -12.494998 3.580072 67.621078 -0.165260 -0.976563 0.137890 0.201000 0.348620 1 49 1.000000
  49 -12.273720 3.529182 67.438393 -0.078957 -0.994985 0.061401 0.281520 0.303940 1 49 1.000000
  49 -12.104064 3.529565 67.640709 -0.078957 -0.994985 0.061401 0.322920 0.376450 1 49 1.000000
stick
  49 -12.273720 3.529182 67.438393 -0.078957 -0.994985 0.061401 0.281520 0.303940 1 49 1.000000
  49 -11.716830 3.505222 66.594673 0.004051 -0.999729 0.022927 0.502340 0.072210 1 49 1.000000
  49 -12.104064 3.529565 67.640709 -0.078957 -0.994985 0.061401 0.322920 0.376450 1 49 1.000000
stick
  49 -11.716830 3.505222 66.594673 0.004051 -0.999729 0.022927 0.502340 0.072210 1 49 1.000000
  49 -11.884127 3.535078 67.789459 0.007146 -0.990734 0.135625 0.383020 0.435240 1 49 1.000000
  49 -12.104064 3.529565 67.640709 -0.078957 -0.994985 0.061401 0.322920 0.376450 1 49 1.000000
stick
  49 -11.884127 3.535078 67.789459 0.007146 -0.990734 0.135625 0.383020 0.435240 1 49 1.000000
  49 -11.716830 3.505222 66.594673 0.004051 -0.999729 0.022927 0.502340 0.072210 1 49 1.000000
  49 -11.686909 3.536831 67.639145 0.306852 -0.936306 0.170801 0.452980 0.399620 1 49 1.000000
stick
  49 -11.703541 3.572776 67.888878 0.413934 -0.874698 0.252116 0.433390 0.478150 1 49 1.000000
  49 -11.884127 3.535078 67.789459 0.007146 -0.990734 0.135625 0.383020 0.435240 1 49 1.000000
  49 -11.686909 3.536831 67.639145 0.306852 -0.936306 0.170801 0.452980 0.399620 1 49 1.000000
stick
  49 -12.002986 3.587529 68.017395 -0.033525 -0.971512 0.234608 0.331840 0.500960 1 49 1.000000
  49 -11.884127 3.535078 67.789459 0.007146 -0.990734 0.135625 0.383020 0.435240 1 49 1.000000
  49 -11.703541 3.572776 67.888878 0.413934 -0.874698 0.252116 0.433390 0.478150 1 49 1.000000
stick
  49 -11.757330 3.614711 68.127876 0.549619 -0.754783 0.358081 0.402110 0.551590 1 49 1.000000
  49 -12.002986 3.587529 68.017395 -0.033525 -0.971512 0.234608 0.331840 0.500960 1 49 1.000000
  49 -11.703541 3.572776 67.888878 0.413934 -0.874698 0.252116 0.433390 0.478150 1 49 1.000000
stick
  49 -12.002986 3.587529 68.017395 -0.033525 -0.971512 0.234608 0.331840 0.500960 1 49 1.000000
  49 -11.757330 3.614711 68.127876 0.549619 -0.754783 0.358081 0.402110 0.551590 1 49 1.000000
  49 -12.122037 3.664549 68.245941 -0.099198 -0.963444 0.248869 0.279010 0.568870 1 49 1.000000
stick
  49 -11.757330 3.614711 68.127876 0.549619 -0.754783 0.358081 0.402110 0.551590 1 49 1.000000
  49 -11.818833 3.664549 68.374107 -0.075897 -0.980815 0.179559 0.367350 0.627150 1 49 1.000000
  49 -12.122037 3.664549 68.245941 -0.099198 -0.963444 0.248869 0.279010 0.568870 1 49 1.000000
stick
  49 -11.716830 3.505222 66.594673 0.004051 -0.999729 0.022927 0.502340 0.072210 1 49 1.000000
  49 -12.273720 3.529182 67.438393 -0.078957 -0.994985 0.061401 0.281520 0.303940 1 49 1.000000
  49 -12.420399 3.529119 67.227470 -0.078957 -0.994985 0.061401 0.247720 0.230160 1 49 1.000000
stick
  49 -12.506277 3.529119 66.988953 -0.102753 -0.994075 0.035451 0.234260 0.151340 1 49 1.000000
  49 -12.812065 3.579915 67.079193 -0.202845 -0.976300 0.075444 0.133700 0.162070 1 49 1.000000
  49 -12.562872 3.529119 66.743835 -0.102753 -0.994075 0.035451 0.230000 0.072210 1 49 1.000000
stick
  49 -12.683357 3.579914 67.353821 -0.172348 -0.980619 0.093181 0.157810 0.254500 1 49 1.000000
  49 -12.812065 3.579915 67.079193 -0.202845 -0.976300 0.075444 0.133700 0.162070 1 49 1.000000
  49 -12.506277 3.529119 66.988953 -0.102753 -0.994075 0.035451 0.234260 0.151340 1 49 1.000000
stick
  49 -11.884127 3.535078 67.789459 0.007146 -0.990734 0.135625 0.383020 0.435240 1 49 1.000000
  49 -12.263267 3.581283 67.853226 -0.144110 -0.968402 0.203541 0.260000 0.434440 1 49 1.000000
  49 -12.104064 3.529565 67.640709 -0.078957 -0.994985 0.061401 0.322920 0.376450 1 49 1.000000
stick
  49 -12.263267 3.581283 67.853226 -0.144110 -0.968402 0.203541 0.260000 0.434440 1 49 1.000000
  49 -12.494998 3.580072 67.621078 -0.165260 -0.976563 0.137890 0.201000 0.348620 1 49 1.000000
  49 -12.104064 3.529565 67.640709 -0.078957 -0.994985 0.061401 0.322920 0.376450 1 49 1.000000
stick
  49 -12.494998 3.580072 67.621078 -0.165260 -0.976563 0.137890 0.201000 0.348620 1 49 1.000000
  49 -12.263267 3.581283 67.853226 -0.144110 -0.968402 0.203541 0.260000 0.434440 1 49 1.000000
  49 -12.708753 3.664549 67.803795 -0.216797 -0.957586 0.189811 0.120020 0.395160 1 49 1.000000
stick
  49 -12.683357 3.579914 67.353821 -0.172348 -0.980619 0.093181 0.157810 0.254500 1 49 1.000000
  49 -12.494998 3.580072 67.621078 -0.165260 -0.976563 0.137890 0.201000 0.348620 1 49 1.000000
  49 -12.708753 3.664549 67.803795 -0.216797 -0.957586 0.189811 0.120020 0.395160 1 49 1.000000
stick
  49 -12.683357 3.579914 67.353821 -0.172348 -0.980619 0.093181 0.157810 0.254500 1 49 1.000000
  49 -12.708753 3.664549 67.803795 -0.216797 -0.957586 0.189811 0.120020 0.395160 1 49 1.000000
  49 -12.937871 3.664550 67.494637 -0.260120 -0.956569 0.131577 0.066820 0.284480 1 49 1.000000
stick
  49 -12.812065 3.579915 67.079193 -0.202845 -0.976300 0.075444 0.133700 0.162070 1 49 1.000000
  49 -12.683357 3.579914 67.353821 -0.172348 -0.980619 0.093181 0.157810 0.254500 1 49 1.000000
  49 -12.937871 3.664550 67.494637 -0.260120 -0.956569 0.131577 0.066820 0.284480 1 49 1.000000
stick
  49 -12.812065 3.579915 67.079193 -0.202845 -0.976300 0.075444 0.133700 0.162070 1 49 1.000000
  49 -12.937871 3.664550 67.494637 -0.260120 -0.956569 0.131577 0.066820 0.284480 1 49 1.000000
  49 -13.092261 3.664550 67.176102 -0.259492 -0.961772 0.087516 0.038420 0.176120 1 49 1.000000
stick
  49 -12.885515 3.579915 66.800751 -0.230031 -0.972338 0.040559 0.126150 0.072210 1 49 1.000000
  49 -12.812065 3.579915 67.079193 -0.202845 -0.976300 0.075444 0.133700 0.162070 1 49 1.000000
  49 -13.092261 3.664550 67.176102 -0.259492 -0.961772 0.087516 0.038420 0.176120 1 49 1.000000
stick
  49 -12.885515 3.579915 66.800751 -0.230031 -0.972338 0.040559 0.126150 0.072210 1 49 1.000000
  49 -13.092261 3.664550 67.176102 -0.259492 -0.961772 0.087516 0.038420 0.176120 1 49 1.000000
  49 -13.180371 3.664551 66.852722 -0.280062 -0.958708 0.049428 0.031230 0.072210 1 49 1.000000
stick
  49 -13.208158 3.664551 66.518738 -0.273792 -0.961767 0.006461 0.038420 0.176120 1 49 1.000000
  49 -12.885515 3.579915 66.800751 -0.230031 -0.972338 0.040559 0.126150 0.072210 1 49 1.000000
  49 -13.180371 3.664551 66.852722 -0.280062 -0.958708 0.049428 0.031230 0.072210 1 49 1.000000
stick
  49 -13.208158 3.664551 66.518738 -0.273792 -0.961767 0.006461 0.038420 0.176120 1 49 1.000000
  49 -12.911742 3.579915 66.513954 -0.216423 -0.976298 -0.001524 0.133700 0.162070 1 49 1.000000
  49 -12.885515 3.579915 66.800751 -0.230031 -0.972338 0.040559 0.126150 0.072210 1 49 1.000000
stick
  49 -13.208158 3.664551 66.518738 -0.273792 -0.961767 0.006461 0.038420 0.176120 1 49 1.000000
  49 -13.172022 3.664551 66.166618 -0.274662 -0.960512 -0.044466 0.066820 0.284480 1 49 1.000000
  49 -12.911742 3.579915 66.513954 -0.216423 -0.976298 -0.001524 0.133700 0.162070 1 49 1.000000
stick
  49 -12.911742 3.579915 66.513954 -0.216423 -0.976298 -0.001524 0.133700 0.162070 1 49 1.000000
  49 -13.172022 3.664551 66.166618 -0.274662 -0.960512 -0.044466 0.066820 0.284480 1 49 1.000000
  49 -12.884686 3.579916 66.211899 -0.221465 -0.974339 -0.040217 0.157810 0.254500 1 49 1.000000
stick
  49 -12.911742 3.579915 66.513954 -0.216423 -0.976298 -0.001524 0.133700 0.162070 1 49 1.000000
  49 -12.884686 3.579916 66.211899 -0.221465 -0.974339 -0.040217 0.157810 0.254500 1 49 1.000000
  49 -12.593529 3.529120 66.494171 -0.102753 -0.994075 0.035451 0.234260 0.151340 1 49 1.000000
stick
  49 -12.884686 3.579916 66.211899 -0.221465 -0.974339 -0.040217 0.157810 0.254500 1 49 1.000000
  49 -12.594386 3.529121 66.240646 -0.112552 -0.993455 -0.019476 0.247720 0.230160 1 49 1.000000
  49 -12.593529 3.529120 66.494171 -0.102753 -0.994075 0.035451 0.234260 0.151340 1 49 1.000000
stick
  49 -12.593529 3.529120 66.494171 -0.102753 -0.994075 0.035451 0.234260 0.151340 1 49 1.000000
  49 -12.594386 3.529121 66.240646 -0.112552 -0.993455 -0.019476 0.247720 0.230160 1 49 1.000000
  49 -11.716830 3.505222 66.594673 0.004051 -0.999729 0.022927 0.502340 0.072210 1 49 1.000000
stick
  49 -12.594386 3.529121 66.240646 -0.112552 -0.993455 -0.019476 0.247720 0.230160 1 49 1.000000
  49 -12.528679 3.529184 65.992310 -0.112552 -0.993455 -0.019476 0.281520 0.303940 1 49 1.000000
  49 -11.716830 3.505222 66.594673 0.004051 -0.999729 0.022927 0.502340 0.072210 1 49 1.000000
stick
  49 -12.528679 3.529184 65.992310 -0.112552 -0.993455 -0.019476 0.281520 0.303940 1 49 1.000000
  49 -12.438468 3.529568 65.744171 -0.101322 -0.992886 -0.062530 0.322920 0.376450 1 49 1.000000
  49 -11.716830 3.505222 66.594673 0.004051 -0.999729 0.022927 0.502340 0.072210 1 49 1.000000
stick
  49 -11.349893 3.535111 67.146912 0.150046 -0.966562 0.207950 0.586300 0.265280 1 49 1.000000
  49 -11.217299 3.664552 67.372612 0.299829 -0.888622 0.347064 0.619430 0.351260 1 49 1.000000
  49 -11.488255 3.535111 67.295982 0.242760 -0.948694 0.202600 0.534480 0.304020 1 49 1.000000
stick
  49 -11.217299 3.664552 67.372612 0.299829 -0.888622 0.347064 0.619430 0.351260 1 49 1.000000
  49 -11.356266 3.664551 67.496483 0.396623 -0.859581 0.322195 0.570990 0.381640 1 49 1.000000
  49 -11.488255 3.535111 67.295982 0.242760 -0.948694 0.202600 0.534480 0.304020 1 49 1.000000
stick
  49 -11.356266 3.664551 67.496483 0.396623 -0.859581 0.322195 0.570990 0.381640 1 49 1.000000
  49 -11.583247 3.535110 67.459969 0.306852 -0.936306 0.170801 0.495420 0.349670 1 49 1.000000
  49 -11.488255 3.535111 67.295982 0.242760 -0.948694 0.202600 0.534480 0.304020 1 49 1.000000
stick
  49 -11.356266 3.664551 67.496483 0.396623 -0.859581 0.322195 0.570990 0.381640 1 49 1.000000
  49 -11.458747 3.664551 67.620636 0.462959 -0.825084 0.323891 0.534090 0.414640 1 49 1.000000
  49 -11.583247 3.535110 67.459969 0.306852 -0.936306 0.170801 0.495420 0.349670 1 49 1.000000
stick
  49 -11.458747 3.664551 67.620636 0.462959 -0.825084 0.323891 0.534090 0.414640 1 49 1.000000
  49 -11.686909 3.536831 67.639145 0.306852 -0.936306 0.170801 0.452980 0.399620 1 49 1.000000
  49 -11.583247 3.535110 67.459969 0.306852 -0.936306 0.170801 0.495420 0.349670 1 49 1.000000
stick
  49 -11.458747 3.664551 67.620636 0.462959 -0.825084 0.323891 0.534090 0.414640 1 49 1.000000
  49 -11.555079 3.664551 67.759247 0.899618 -0.000005 0.436678 0.497800 0.453140 1 49 1.000000
  49 -11.686909 3.536831 67.639145 0.306852 -0.936306 0.170801 0.452980 0.399620 1 49 1.000000
stick
  49 -11.555079 3.664551 67.759247 0.899618 -0.000005 0.436678 0.497800 0.453140 1 49 1.000000
  49 -11.703541 3.572776 67.888878 0.413934 -0.874698 0.252116 0.433390 0.478150 1 49 1.000000
  49 -11.686909 3.536831 67.639145 0.306852 -0.936306 0.170801 0.452980 0.399620 1 49 1.000000
stick
  49 -11.555079 3.664551 67.759247 0.899618 -0.000005 0.436678 0.497800 0.453140 1 49 1.000000
  49 -11.649273 3.664550 67.928429 0.899618 -0.000005 0.436678 0.459820 0.503030 1 49 1.000000
  49 -11.703541 3.572776 67.888878 0.413934 -0.874698 0.252116 0.433390 0.478150 1 49 1.000000
stick
  49 -11.649273 3.664550 67.928429 0.899618 -0.000005 0.436678 0.459820 0.503030 1 49 1.000000
  49 -11.757330 3.614711 68.127876 0.549619 -0.754783 0.358081 0.402110 0.551590 1 49 1.000000
  49 -11.703541 3.572776 67.888878 0.413934 -0.874698 0.252116 0.433390 0.478150 1 49 1.000000
stick
  49 -11.757329 3.664550 68.127876 0.932097 0.000000 0.362210 0.415040 0.561180 1 49 1.000000
  49 -11.757330 3.614711 68.127876 0.549619 -0.754783 0.358081 0.402110 0.551590 1 49 1.000000
  49 -11.649273 3.664550 67.928429 0.899618 -0.000005 0.436678 0.459820 0.503030 1 49 1.000000
stick
  49 -11.818833 3.664549 68.374107 0.970195 0.000000 0.242326 0.367350 0.627150 1 49 1.000000
  49 -11.757330 3.614711 68.127876 0.549619 -0.754783 0.358081 0.402110 0.551590 1 49 1.000000
  49 -11.757329 3.664550 68.127876 0.932097 0.000000 0.362210 0.415040 0.561180 1 49 1.000000
stick
  49 -11.757330 3.714388 68.127876 0.549618 0.754782 0.358084 0.402110 0.551590 1 49 1.000000
  49 -11.818833 3.664549 68.374107 0.970195 0.000000 0.242326 0.367350 0.627150 1 49 1.000000
  49 -11.757329 3.664550 68.127876 0.932097 0.000000 0.362210 0.415040 0.561180 1 49 1.000000
stick
  49 -11.757330 3.714388 68.127876 0.549618 0.754782 0.358084 0.402110 0.551590 1 49 1.000000
  49 -11.757329 3.664550 68.127876 0.932097 0.000000 0.362210 0.415040 0.561180 1 49 1.000000
  49 -11.649273 3.664550 67.928429 0.899618 -0.000005 0.436678 0.459820 0.503030 1 49 1.000000
stick
  49 -11.703542 3.756325 67.888878 0.413934 0.874697 0.252117 0.433390 0.478150 1 49 1.000000
  49 -11.757330 3.714388 68.127876 0.549618 0.754782 0.358084 0.402110 0.551590 1 49 1.000000
  49 -11.649273 3.664550 67.928429 0.899618 -0.000005 0.436678 0.459820 0.503030 1 49 1.000000
stick
  49 -11.555079 3.664551 67.759247 0.899618 -0.000005 0.436678 0.497800 0.453140 1 49 1.000000
  49 -11.703542 3.756325 67.888878 0.413934 0.874697 0.252117 0.433390 0.478150 1 49 1.000000
  49 -11.649273 3.664550 67.928429 0.899618 -0.000005 0.436678 0.459820 0.503030 1 49 1.000000
stick
  49 -11.686911 3.792269 67.639145 0.306849 0.936306 0.170804 0.452980 0.399620 1 49 1.000000
  49 -11.703542 3.756325 67.888878 0.413934 0.874697 0.252117 0.433390 0.478150 1 49 1.000000
  49 -11.555079 3.664551 67.759247 0.899618 -0.000005 0.436678 0.497800 0.453140 1 49 1.000000
stick
  49 -11.458747 3.664551 67.620636 0.462957 0.825082 0.323897 0.534090 0.414640 1 49 1.000000
  49 -11.686911 3.792269 67.639145 0.306849 0.936306 0.170804 0.452980 0.399620 1 49 1.000000
  49 -11.555079 3.664551 67.759247 0.899618 -0.000005 0.436678 0.497800 0.453140 1 49 1.000000
stick
  49 -8.496421 3.664553 67.467514 0.407528 -0.801416 0.437782 0.982030 0.656360 1 49 1.000000
  49 -8.657567 3.664552 67.587769 0.252872 -0.798146 0.546826 0.992680 0.704900 1 49 1.000000
  49 -8.653648 3.623955 67.521942 0.131108 -0.990503 -0.041409 0.974850 0.698000 1 49 1.000000
stick
  49 -8.501743 3.644446 67.432747 0.045639 -0.987534 -0.150646 0.972210 0.654380 1 49 1.000000
  49 -8.496421 3.664553 67.467514 0.407528 -0.801416 0.437782 0.982030 0.656360 1 49 1.000000
  49 -8.653648 3.623955 67.521942 0.131108 -0.990503 -0.041409 0.974850 0.698000 1 49 1.000000
stick
  49 -8.496421 3.664553 67.467514 0.407528 -0.801416 0.437782 0.982030 0.656360 1 49 1.000000
  49 -8.501743 3.644446 67.432747 0.045639 -0.987534 -0.150646 0.972210 0.654380 1 49 1.000000
  49 -8.383804 3.664553 67.325302 0.131108 -0.990503 -0.041409 0.962940 0.615730 1 49 1.000000
stick
  49 -8.501743 3.644446 67.432747 0.045639 -0.987534 -0.150646 0.972210 0.654380 1 49 1.000000
  49 -8.507129 3.664553 67.397888 -0.228361 -0.858187 -0.459746 0.962700 0.651160 1 49 1.000000
  49 -8.383804 3.664553 67.325302 0.131108 -0.990503 -0.041409 0.962940 0.615730 1 49 1.000000
stick
  49 -8.507129 3.664553 67.397888 -0.228361 -0.858187 -0.459746 0.962700 0.651160 1 49 1.000000
  49 -8.501743 3.644446 67.432747 0.045639 -0.987534 -0.150646 0.972210 0.654380 1 49 1.000000
  49 -8.649727 3.664552 67.456078 -0.146701 -0.849291 -0.507132 0.958040 0.688930 1 49 1.000000
stick
  49 -8.501743 3.644446 67.432747 0.045639 -0.987534 -0.150646 0.972210 0.654380 1 49 1.000000
  49 -8.653648 3.623955 67.521942 0.131108 -0.990503 -0.041409 0.974850 0.698000 1 49 1.000000
  49 -8.649727 3.664552 67.456078 -0.146701 -0.849291 -0.507132 0.958040 0.688930 1 49 1.000000
stick
  49 -8.649727 3.664552 67.456078 -0.146701 -0.849291 -0.507132 0.958040 0.688930 1 49 1.000000
  49 -8.653648 3.623955 67.521942 0.131108 -0.990503 -0.041409 0.974850 0.698000 1 49 1.000000
  49 -8.824577 3.664552 67.473602 0.020532 -0.851796 -0.523471 0.942960 0.729660 1 49 1.000000
stick
  49 -8.653648 3.623955 67.521942 0.131108 -0.990503 -0.041409 0.974850 0.698000 1 49 1.000000
  49 -8.862114 3.600788 67.566010 0.137404 -0.990497 -0.006006 0.964210 0.749520 1 49 1.000000
  49 -8.824577 3.664552 67.473602 0.020532 -0.851796 -0.523471 0.942960 0.729660 1 49 1.000000
stick
  49 -8.824577 3.664552 67.473602 0.020532 -0.851796 -0.523471 0.942960 0.729660 1 49 1.000000
  49 -8.862114 3.600788 67.566010 0.137404 -0.990497 -0.006006 0.964210 0.749520 1 49 1.000000
  49 -8.999904 3.664552 67.411499 0.262600 -0.859502 -0.438518 0.913140 0.764570 1 49 1.000000
stick
  49 -8.862114 3.600788 67.566010 0.137404 -0.990497 -0.006006 0.964210 0.749520 1 49 1.000000
  49 -9.094641 3.577463 67.520386 0.112687 -0.990004 0.084818 0.934910 0.799500 1 49 1.000000
  49 -8.999904 3.664552 67.411499 0.262600 -0.859502 -0.438518 0.913140 0.764570 1 49 1.000000
stick
  49 -9.094641 3.577463 67.520386 0.112687 -0.990004 0.084818 0.934910 0.799500 1 49 1.000000
  49 -9.136098 3.664552 67.242279 0.390179 -0.887536 -0.245030 0.864290 0.785760 1 49 1.000000
  49 -8.999904 3.664552 67.411499 0.262600 -0.859502 -0.438518 0.913140 0.764570 1 49 1.000000
stick
  49 -9.094641 3.577463 67.520386 0.112687 -0.990004 0.084818 0.934910 0.799500 1 49 1.000000
  49 -9.306964 3.557260 67.353622 -0.030831 -0.989156 0.143593 0.882400 0.838840 1 49 1.000000
  49 -9.136098 3.664552 67.242279 0.390179 -0.887536 -0.245030 0.864290 0.785760 1 49 1.000000
stick
  49 -9.136098 3.664552 67.242279 0.390179 -0.887536 -0.245030 0.864290 0.785760 1 49 1.000000
  49 -9.306964 3.557260 67.353622 -0.030831 -0.989156 0.143593 0.882400 0.838840 1 49 1.000000
  49 -9.460493 3.543461 67.106827 0.025423 -0.998296 0.052523 0.815890 0.862140 1 49 1.000000
stick
  49 -9.306964 3.557260 67.353622 -0.030831 -0.989156 0.143593 0.882400 0.838840 1 49 1.000000
  49 -9.477830 3.664551 67.464966 -0.312142 -0.887232 0.339686 0.903280 0.890770 1 49 1.000000
  49 -9.460493 3.543461 67.106827 0.025423 -0.998296 0.052523 0.815890 0.862140 1 49 1.000000
stick
  49 -9.460493 3.543461 67.106827 0.025423 -0.998296 0.052523 0.815890 0.862140 1 49 1.000000
  49 -9.477830 3.664551 67.464966 -0.312142 -0.887232 0.339686 0.903280 0.890770 1 49 1.000000
  49 -9.716218 3.664552 67.212708 -0.332361 -0.923232 0.192817 0.830640 0.934010 1 49 1.000000
stick
  49 -9.532383 3.537886 66.830864 -0.029329 -0.998283 0.050701 0.746850 0.866380 1 49 1.000000
  49 -9.460493 3.543461 67.106827 0.025423 -0.998296 0.052523 0.815890 0.862140 1 49 1.000000
  49 -9.716218 3.664552 67.212708 -0.332361 -0.923232 0.192817 0.830640 0.934010 1 49 1.000000
stick
  49 -9.532383 3.537886 66.830864 -0.029329 -0.998283 0.050701 0.746850 0.866380 1 49 1.000000
  49 -9.716218 3.664552 67.212708 -0.332361 -0.923232 0.192817 0.830640 0.934010 1 49 1.000000
  49 -9.872332 3.664552 66.930580 -0.309020 -0.940516 0.141195 0.755700 0.957430 1 49 1.000000
stick
  49 -9.532383 3.537886 66.830864 -0.029329 -0.998283 0.050701 0.746850 0.866380 1 49 1.000000
  49 -9.872332 3.664552 66.930580 -0.309020 -0.940516 0.141195 0.755700 0.957430 1 49 1.000000
  49 -9.979146 3.664553 66.638237 -0.280062 -0.958708 0.049428 0.680860 0.969310 1 49 1.000000
stick
  49 -9.556412 3.537089 66.544388 0.137404 -0.990497 -0.006006 0.677250 0.859470 1 49 1.000000
  49 -9.532383 3.537886 66.830864 -0.029329 -0.998283 0.050701 0.746850 0.866380 1 49 1.000000
  49 -9.979146 3.664553 66.638237 -0.280062 -0.958708 0.049428 0.680860 0.969310 1 49 1.000000
stick
  49 -9.192471 3.664554 66.731155 0.332492 -0.942939 0.017754 0.738880 0.775160 1 49 1.000000
  49 -9.532383 3.537886 66.830864 -0.029329 -0.998283 0.050701 0.746850 0.866380 1 49 1.000000
  49 -9.556412 3.537089 66.544388 0.137404 -0.990497 -0.006006 0.677250 0.859470 1 49 1.000000
stick
  49 -9.133647 3.664554 66.450539 0.300915 -0.951563 0.063074 0.673870 0.749480 1 49 1.000000
  49 -9.192471 3.664554 66.731155 0.332492 -0.942939 0.017754 0.738880 0.775160 1 49 1.000000
  49 -9.556412 3.537089 66.544388 0.137404 -0.990497 -0.006006 0.677250 0.859470 1 49 1.000000
stick
  49 -9.192471 3.664554 66.731155 0.332492 -0.942939 0.017754 0.738880 0.775160 1 49 1.000000
  49 -9.204801 3.664552 67.000900 0.380134 -0.922993 -0.059856 0.803090 0.789820 1 49 1.000000
  49 -9.532383 3.537886 66.830864 -0.029329 -0.998283 0.050701 0.746850 0.866380 1 49 1.000000
stick
  49 -9.204801 3.664552 67.000900 0.380134 -0.922993 -0.059856 0.803090 0.789820 1 49 1.000000
  49 -9.460493 3.543461 67.106827 0.025423 -0.998296 0.052523 0.815890 0.862140 1 49 1.000000
  49 -9.532383 3.537886 66.830864 -0.029329 -0.998283 0.050701 0.746850 0.866380 1 49 1.000000
stick
  49 -9.204801 3.664552 67.000900 0.380134 -0.922993 -0.059856 0.803090 0.789820 1 49 1.000000
  49 -9.136098 3.664552 67.242279 0.390179 -0.887536 -0.245030 0.864290 0.785760 1 49 1.000000
  49 -9.460493 3.543461 67.106827 0.025423 -0.998296 0.052523 0.815890 0.862140 1 49 1.000000
stick
  49 -8.653648 3.623955 67.521942 0.131108 -0.990503 -0.041409 0.974850 0.698000 1 49 1.000000
  49 -8.657567 3.664552 67.587769 0.252872 -0.798146 0.546826 0.992680 0.704900 1 49 1.000000
  49 -8.862114 3.600788 67.566010 0.137404 -0.990497 -0.006006 0.964210 0.749520 1 49 1.000000
stick
  49 -8.657567 3.664552 67.587769 0.252872 -0.798146 0.546826 0.992680 0.704900 1 49 1.000000
  49 -8.899589 3.664552 67.658417 0.030349 -0.807108 0.589624 0.987600 0.766840 1 49 1.000000
  49 -8.862114 3.600788 67.566010 0.137404 -0.990497 -0.006006 0.964210 0.749520 1 49 1.000000
stick
  49 -8.862114 3.600788 67.566010 0.137404 -0.990497 -0.006006 0.964210 0.749520 1 49 1.000000
  49 -8.899589 3.664552 67.658417 0.030349 -0.807108 0.589624 0.987600 0.766840 1 49 1.000000
  49 -9.094641 3.577463 67.520386 0.112687 -0.990004 0.084818 0.934910 0.799500 1 49 1.000000
stick
  49 -8.899589 3.664552 67.658417 0.030349 -0.807108 0.589624 0.987600 0.766840 1 49 1.000000
  49 -9.189409 3.664552 67.629234 -0.195300 -0.845289 0.497338 0.959430 0.832420 1 49 1.000000
  49 -9.094641 3.577463 67.520386 0.112687 -0.990004 0.084818 0.934910 0.799500 1 49 1.000000
stick
  49 -9.189409 3.664552 67.629234 -0.195300 -0.845289 0.497338 0.959430 0.832420 1 49 1.000000
  49 -9.306964 3.557260 67.353622 -0.030831 -0.989156 0.143593 0.882400 0.838840 1 49 1.000000
  49 -9.094641 3.577463 67.520386 0.112687 -0.990004 0.084818 0.934910 0.799500 1 49 1.000000
stick
  49 -9.189409 3.664552 67.629234 -0.195300 -0.845289 0.497338 0.959430 0.832420 1 49 1.000000
  49 -9.477830 3.664551 67.464966 -0.312142 -0.887232 0.339686 0.903280 0.890770 1 49 1.000000
  49 -9.306964 3.557260 67.353622 -0.030831 -0.989156 0.143593 0.882400 0.838840 1 49 1.000000
stick
  49 -9.695666 3.664556 64.758049 -0.353638 0.845274 -0.400564 0.959430 0.832420 1 49 1.000000
  49 -9.711887 3.771848 65.057236 -0.078101 0.989156 -0.124380 0.882400 0.838840 1 49 1.000000
  49 -9.569382 3.751646 64.827927 0.076881 0.990005 -0.118229 0.934910 0.799500 1 49 1.000000
stick
  49 -9.695666 3.664556 64.758049 -0.353638 0.845274 -0.400564 0.959430 0.832420 1 49 1.000000
  49 -9.910507 3.664555 65.011093 -0.409541 0.887212 -0.212440 0.903280 0.890770 1 49 1.000000
  49 -9.711887 3.771848 65.057236 -0.078101 0.989156 -0.124380 0.882400 0.838840 1 49 1.000000
stick
  49 -9.433314 3.664557 64.631508 -0.173101 0.807117 -0.564445 0.987600 0.766840 1 49 1.000000
  49 -9.695666 3.664556 64.758049 -0.353638 0.845274 -0.400564 0.959430 0.832420 1 49 1.000000
  49 -9.569382 3.751646 64.827927 0.076881 0.990005 -0.118229 0.934910 0.799500 1 49 1.000000
stick
  49 -9.366490 3.728321 64.705528 0.131100 0.990504 -0.041402 0.964210 0.749520 1 49 1.000000
  49 -9.433314 3.664557 64.631508 -0.173101 0.807117 -0.564445 0.987600 0.766840 1 49 1.000000
  49 -9.569382 3.751646 64.827927 0.076881 0.990005 -0.118229 0.934910 0.799500 1 49 1.000000
stick
  49 -9.181733 3.664557 64.615128 0.050688 0.798218 -0.600232 0.992680 0.704900 1 49 1.000000
  49 -9.433314 3.664557 64.631508 -0.173101 0.807117 -0.564445 0.987600 0.766840 1 49 1.000000
  49 -9.366490 3.728321 64.705528 0.131100 0.990504 -0.041402 0.964210 0.749520 1 49 1.000000
stick
  49 -9.155538 3.705155 64.675674 0.131100 0.990504 -0.041402 0.974850 0.698000 1 49 1.000000
  49 -9.181733 3.664557 64.615128 0.050688 0.798218 -0.600232 0.992680 0.704900 1 49 1.000000
  49 -9.366490 3.728321 64.705528 0.131100 0.990504 -0.041402 0.964210 0.749520 1 49 1.000000
stick
  49 -8.989165 3.664557 64.673027 0.233130 0.801479 -0.550710 0.982030 0.656360 1 49 1.000000
  49 -9.181733 3.664557 64.615128 0.050688 0.798218 -0.600232 0.992680 0.704900 1 49 1.000000
  49 -9.155538 3.705155 64.675674 0.131100 0.990504 -0.041402 0.974850 0.698000 1 49 1.000000
stick
  49 -8.982283 3.684664 64.707504 0.094355 0.987543 0.125918 0.972210 0.654380 1 49 1.000000
  49 -8.989165 3.664557 64.673027 0.233130 0.801479 -0.550710 0.982030 0.656360 1 49 1.000000
  49 -9.155538 3.705155 64.675674 0.131100 0.990504 -0.041402 0.974850 0.698000 1 49 1.000000
stick
  49 -8.989165 3.664557 64.673027 0.233130 0.801479 -0.550710 0.982030 0.656360 1 49 1.000000
  49 -8.982283 3.684664 64.707504 0.094355 0.987543 0.125918 0.972210 0.654380 1 49 1.000000
  49 -8.834711 3.664557 64.768143 0.137402 0.990497 -0.006003 0.962940 0.615730 1 49 1.000000
stick
  49 -8.982283 3.684664 64.707504 0.094355 0.987543 0.125918 0.972210 0.654380 1 49 1.000000
  49 -8.975431 3.664557 64.742111 -0.057310 0.858244 0.510033 0.962700 0.651160 1 49 1.000000
  49 -8.834711 3.664557 64.768143 0.137402 0.990497 -0.006003 0.962940 0.615730 1 49 1.000000
stick
  49 -8.975431 3.664557 64.742111 -0.057310 0.858244 0.510033 0.962700 0.651160 1 49 1.000000
  49 -8.982283 3.684664 64.707504 0.094355 0.987543 0.125918 0.972210 0.654380 1 49 1.000000
  49 -9.129313 3.664557 64.736206 0.035597 0.849269 0.526758 0.958040 0.688930 1 49 1.000000
stick
  49 -8.982283 3.684664 64.707504 0.094355 0.987543 0.125918 0.972210 0.654380 1 49 1.000000
  49 -9.155538 3.705155 64.675674 0.131100 0.990504 -0.041402 0.974850 0.698000 1 49 1.000000
  49 -9.129313 3.664557 64.736206 0.035597 0.849269 0.526758 0.958040 0.688930 1 49 1.000000
stick
  49 -9.129313 3.664557 64.736206 0.035597 0.849269 0.526758 0.958040 0.688930 1 49 1.000000
  49 -9.155538 3.705155 64.675674 0.131100 0.990504 -0.041402 0.974850 0.698000 1 49 1.000000
  49 -9.299635 3.664557 64.779510 0.198248 0.851842 0.484832 0.942960 0.729660 1 49 1.000000
stick
  49 -9.155538 3.705155 64.675674 0.131100 0.990504 -0.041402 0.974850 0.698000 1 49 1.000000
  49 -9.366490 3.728321 64.705528 0.131100 0.990504 -0.041402 0.964210 0.749520 1 49 1.000000
  49 -9.299635 3.664557 64.779510 0.198248 0.851842 0.484832 0.942960 0.729660 1 49 1.000000
stick
  49 -9.299635 3.664557 64.779510 0.198248 0.851842 0.484832 0.942960 0.729660 1 49 1.000000
  49 -9.366490 3.728321 64.705528 0.131100 0.990504 -0.041402 0.964210 0.749520 1 49 1.000000
  49 -9.443129 3.664557 64.897873 0.396626 0.859576 0.322205 0.913140 0.764570 1 49 1.000000
stick
  49 -9.366490 3.728321 64.705528 0.131100 0.990504 -0.041402 0.964210 0.749520 1 49 1.000000
  49 -9.569382 3.751646 64.827927 0.076881 0.990005 -0.118229 0.934910 0.799500 1 49 1.000000
  49 -9.443129 3.664557 64.897873 0.396626 0.859576 0.322205 0.913140 0.764570 1 49 1.000000
stick
  49 -9.569382 3.751646 64.827927 0.076881 0.990005 -0.118229 0.934910 0.799500 1 49 1.000000
  49 -9.513234 3.664555 65.103439 0.450437 0.887545 0.096800 0.864290 0.785760 1 49 1.000000
  49 -9.443129 3.664557 64.897873 0.396626 0.859576 0.322205 0.913140 0.764570 1 49 1.000000
stick
  49 -9.569382 3.751646 64.827927 0.076881 0.990005 -0.118229 0.934910 0.799500 1 49 1.000000
  49 -9.711887 3.771848 65.057236 -0.078101 0.989156 -0.124380 0.882400 0.838840 1 49 1.000000
  49 -9.513234 3.664555 65.103439 0.450437 0.887545 0.096800 0.864290 0.785760 1 49 1.000000
stick
  49 -9.513234 3.664555 65.103439 0.450437 0.887545 0.096800 0.864290 0.785760 1 49 1.000000
  49 -9.711887 3.771848 65.057236 -0.078101 0.989156 -0.124380 0.882400 0.838840 1 49 1.000000
  49 -9.771731 3.785646 65.341705 -0.013768 0.996851 -0.078092 0.815890 0.862140 1 49 1.000000
stick
  49 -9.711887 3.771848 65.057236 -0.078101 0.989156 -0.124380 0.882400 0.838840 1 49 1.000000
  49 -9.910507 3.664555 65.011093 -0.409541 0.887212 -0.212440 0.903280 0.890770 1 49 1.000000
  49 -9.771731 3.785646 65.341705 -0.013768 0.996851 -0.078092 0.815890 0.862140 1 49 1.000000
stick
  49 -9.391411 3.664556 65.603035 0.306398 0.942934 -0.130365 0.738880 0.775160 1 49 1.000000
  49 -9.495227 3.664555 65.353783 0.380107 0.923001 -0.059892 0.803090 0.789820 1 49 1.000000
  49 -9.744901 3.791223 65.625595 -0.044887 0.998284 -0.037603 0.746850 0.866380 1 49 1.000000
stick
  49 -9.495227 3.664555 65.353783 0.380107 0.923001 -0.059892 0.803090 0.789820 1 49 1.000000
  49 -9.771731 3.785646 65.341705 -0.013768 0.996851 -0.078092 0.815890 0.862140 1 49 1.000000
  49 -9.744901 3.791223 65.625595 -0.044887 0.998284 -0.037603 0.746850 0.866380 1 49 1.000000
stick
  49 -9.495227 3.664555 65.353783 0.380107 0.923001 -0.059892 0.803090 0.789820 1 49 1.000000
  49 -9.513234 3.664555 65.103439 0.450437 0.887545 0.096800 0.864290 0.785760 1 49 1.000000
  49 -9.771731 3.785646 65.341705 -0.013768 0.996851 -0.078092 0.815890 0.862140 1 49 1.000000
stick
  49 -9.771731 3.785646 65.341705 -0.013768 0.996851 -0.078092 0.815890 0.862140 1 49 1.000000
  49 -9.910507 3.664555 65.011093 -0.409541 0.887212 -0.212440 0.903280 0.890770 1 49 1.000000
  49 -10.048263 3.664555 65.329659 -0.378259 0.923234 -0.067517 0.830640 0.934010 1 49 1.000000
stick
  49 -9.744901 3.791223 65.625595 -0.044887 0.998284 -0.037603 0.746850 0.866380 1 49 1.000000
  49 -9.771731 3.785646 65.341705 -0.013768 0.996851 -0.078092 0.815890 0.862140 1 49 1.000000
  49 -10.048263 3.664555 65.329659 -0.378259 0.923234 -0.067517 0.830640 0.934010 1 49 1.000000
stick
  49 -9.744901 3.791223 65.625595 -0.044887 0.998284 -0.037603 0.746850 0.866380 1 49 1.000000
  49 -10.048263 3.664555 65.329659 -0.378259 0.923234 -0.067517 0.830640 0.934010 1 49 1.000000
  49 -10.098453 3.664554 65.648186 -0.338684 0.940513 -0.026978 0.755700 0.957430 1 49 1.000000
stick
  49 -9.744901 3.791223 65.625595 -0.044887 0.998284 -0.037603 0.746850 0.866380 1 49 1.000000
  49 -10.098453 3.664554 65.648186 -0.338684 0.940513 -0.026978 0.755700 0.957430 1 49 1.000000
  49 -10.098835 3.664554 65.959396 -0.306595 0.951165 0.035836 0.680860 0.969310 1 49 1.000000
stick
  49 -9.669505 3.792018 65.903023 0.131100 0.990504 -0.041402 0.677250 0.859470 1 49 1.000000
  49 -9.744901 3.791223 65.625595 -0.044887 0.998284 -0.037603 0.746850 0.866380 1 49 1.000000
  49 -10.098835 3.664554 65.959396 -0.306595 0.951165 0.035836 0.680860 0.969310 1 49 1.000000
stick
  49 -9.391411 3.664556 65.603035 0.306398 0.942934 -0.130365 0.738880 0.775160 1 49 1.000000
  49 -9.744901 3.791223 65.625595 -0.044887 0.998284 -0.037603 0.746850 0.866380 1 49 1.000000
  49 -9.669505 3.792018 65.903023 0.131100 0.990504 -0.041402 0.677250 0.859470 1 49 1.000000
stick
  49 -9.240109 3.664555 65.846619 0.261171 0.951565 -0.162217 0.673870 0.749480 1 49 1.000000
  49 -9.391411 3.664556 65.603035 0.306398 0.942934 -0.130365 0.738880 0.775160 1 49 1.000000
  49 -9.669505 3.792018 65.903023 0.131100 0.990504 -0.041402 0.677250 0.859470 1 49 1.000000
stick
  49 -9.682093 3.298542 65.864227 -0.123467 -0.703011 -0.700379 0.112920 0.588890 1 49 1.000000
  49 -9.710993 3.664554 65.700386 -0.173681 0.000002 -0.984802 0.112910 0.538920 1 49 1.000000
  49 -9.301294 3.664556 65.672470 0.127415 -0.007457 -0.991821 0.158800 0.542180 1 49 1.000000
stick
  49 -9.710993 3.664554 65.700386 -0.173681 0.000002 -0.984802 0.112910 0.538920 1 49 1.000000
  49 -9.274782 4.000551 65.822884 0.167533 0.672311 -0.721062 0.155490 0.590220 1 49 1.000000
  49 -9.301294 3.664556 65.672470 0.127415 -0.007457 -0.991821 0.158800 0.542180 1 49 1.000000
stick
  49 -9.274782 4.000551 65.822884 0.167533 0.672311 -0.721062 0.155490 0.590220 1 49 1.000000
  49 -9.046270 3.919834 65.864555 0.591102 0.493271 -0.638186 0.179760 0.592270 1 49 1.000000
  49 -9.301294 3.664556 65.672470 0.127415 -0.007457 -0.991821 0.158800 0.542180 1 49 1.000000
stick
  49 -9.001944 4.035856 66.115952 0.687422 0.710773 -0.149173 0.178380 0.635140 1 49 1.000000
  49 -9.046270 3.919834 65.864555 0.591102 0.493271 -0.638186 0.179760 0.592270 1 49 1.000000
  49 -9.274782 4.000551 65.822884 0.167533 0.672311 -0.721062 0.155490 0.590220 1 49 1.000000
stick
  49 -9.960154 4.012722 66.638458 -0.092110 0.773450 0.627129 0.070260 0.680590 1 49 1.000000
  49 -9.554978 4.030565 66.585152 0.122822 0.707139 0.696325 0.112900 0.681910 1 49 1.000000
  49 -9.618519 4.196939 66.224678 0.004049 0.999729 0.022932 0.112910 0.635400 1 49 1.000000
stick
  49 -9.554978 4.030565 66.585152 0.122822 0.707139 0.696325 0.112900 0.681910 1 49 1.000000
  49 -9.960154 4.012722 66.638458 -0.092110 0.773450 0.627129 0.070260 0.680590 1 49 1.000000
  49 -9.932652 3.664552 66.794312 -0.033133 0.146666 0.988631 0.066910 0.728580 1 49 1.000000
stick
  49 -9.526075 3.664553 66.749001 0.174934 -0.000002 0.984580 0.112860 0.731890 1 49 1.000000
  49 -9.554978 4.030565 66.585152 0.122822 0.707139 0.696325 0.112900 0.681910 1 49 1.000000
  49 -9.932652 3.664552 66.794312 -0.033133 0.146666 0.988631 0.066910 0.728580 1 49 1.000000
stick
  49 -9.960153 3.316385 66.638458 -0.062241 -0.601604 0.796366 0.070260 0.680590 1 49 1.000000
  49 -9.526075 3.664553 66.749001 0.174934 -0.000002 0.984580 0.112860 0.731890 1 49 1.000000
  49 -9.932652 3.664552 66.794312 -0.033133 0.146666 0.988631 0.066910 0.728580 1 49 1.000000
stick
  49 -9.554977 3.298541 66.585152 0.122795 -0.707137 0.696332 0.112900 0.681910 1 49 1.000000
  49 -9.526075 3.664553 66.749001 0.174934 -0.000002 0.984580 0.112860 0.731890 1 49 1.000000
  49 -9.960153 3.316385 66.638458 -0.062241 -0.601604 0.796366 0.070260 0.680590 1 49 1.000000
stick
  49 -9.554977 3.298541 66.585152 0.122795 -0.707137 0.696332 0.112900 0.681910 1 49 1.000000
  49 -9.960153 3.316385 66.638458 -0.062241 -0.601604 0.796366 0.070260 0.680590 1 49 1.000000
  49 -10.020602 3.158107 66.295570 -0.172348 -0.980619 0.093181 0.070810 0.635400 1 49 1.000000
stick
  49 -9.618518 3.132169 66.224670 0.049157 -0.998753 -0.008679 0.112910 0.635400 1 49 1.000000
  49 -9.554977 3.298541 66.585152 0.122795 -0.707137 0.696332 0.112900 0.681910 1 49 1.000000
  49 -10.020602 3.158107 66.295570 -0.172348 -0.980619 0.093181 0.070810 0.635400 1 49 1.000000
stick
  49 -9.682093 3.298542 65.864227 -0.123467 -0.703011 -0.700379 0.112920 0.588890 1 49 1.000000
  49 -9.618518 3.132169 66.224670 0.049157 -0.998753 -0.008679 0.112910 0.635400 1 49 1.000000
  49 -10.020602 3.158107 66.295570 -0.172348 -0.980619 0.093181 0.070810 0.635400 1 49 1.000000
stick
  49 -9.618518 3.132169 66.224670 0.049157 -0.998753 -0.008679 0.112910 0.635400 1 49 1.000000
  49 -9.682093 3.298542 65.864227 -0.123467 -0.703011 -0.700379 0.112920 0.588890 1 49 1.000000
  49 -9.274781 3.328559 65.822876 0.169027 -0.681029 -0.712481 0.155490 0.590220 1 49 1.000000
stick
  49 -9.274781 3.328559 65.822876 0.169027 -0.681029 -0.712481 0.155490 0.590220 1 49 1.000000
  49 -9.682093 3.298542 65.864227 -0.123467 -0.703011 -0.700379 0.112920 0.588890 1 49 1.000000
  49 -9.301294 3.664556 65.672470 0.127415 -0.007457 -0.991821 0.158800 0.542180 1 49 1.000000
stick
  49 -9.066409 3.664555 65.750290 0.568814 -0.027508 -0.822006 0.185250 0.549480 1 49 1.000000
  49 -9.274781 3.328559 65.822876 0.169027 -0.681029 -0.712481 0.155490 0.590220 1 49 1.000000
  49 -9.301294 3.664556 65.672470 0.127415 -0.007457 -0.991821 0.158800 0.542180 1 49 1.000000
stick
  49 -9.046270 3.919834 65.864555 0.591102 0.493271 -0.638186 0.179760 0.592270 1 49 1.000000
  49 -9.066409 3.664555 65.750290 0.568814 -0.027508 -0.822006 0.185250 0.549480 1 49 1.000000
  49 -9.301294 3.664556 65.672470 0.127415 -0.007457 -0.991821 0.158800 0.542180 1 49 1.000000
stick
  49 -9.046270 3.919834 65.864555 0.591102 0.493271 -0.638186 0.179760 0.592270 1 49 1.000000
  49 -8.937799 3.810596 65.956360 0.777193 0.313119 -0.545828 0.196460 0.593660 1 49 1.000000
  49 -9.066409 3.664555 65.750290 0.568814 -0.027508 -0.822006 0.185250 0.549480 1 49 1.000000
stick
  49 -8.912432 3.877006 66.100174 0.839387 0.495147 -0.224183 0.195400 0.634420 1 49 1.000000
  49 -8.937799 3.810596 65.956360 0.777193 0.313119 -0.545828 0.196460 0.593660 1 49 1.000000
  49 -9.046270 3.919834 65.864555 0.591102 0.493271 -0.638186 0.179760 0.592270 1 49 1.000000
stick
  49 -9.001944 4.035856 66.115952 0.687422 0.710773 -0.149173 0.178380 0.635140 1 49 1.000000
  49 -8.912432 3.877006 66.100174 0.839387 0.495147 -0.224183 0.195400 0.634420 1 49 1.000000
  49 -9.046270 3.919834 65.864555 0.591102 0.493271 -0.638186 0.179760 0.592270 1 49 1.000000
stick
  49 -8.887067 3.810596 66.244019 0.901446 0.402605 0.159074 0.196600 0.675430 1 49 1.000000
  49 -8.912432 3.877006 66.100174 0.839387 0.495147 -0.224183 0.195400 0.634420 1 49 1.000000
  49 -9.001944 4.035856 66.115952 0.687422 0.710773 -0.149173 0.178380 0.635140 1 49 1.000000
stick
  49 -8.957619 3.919833 66.367371 0.768059 0.525859 0.365454 0.179700 0.678150 1 49 1.000000
  49 -8.887067 3.810596 66.244019 0.901446 0.402605 0.159074 0.196600 0.675430 1 49 1.000000
  49 -9.001944 4.035856 66.115952 0.687422 0.710773 -0.149173 0.178380 0.635140 1 49 1.000000
stick
  49 -8.875563 3.664554 66.309402 0.938420 0.075056 0.337246 0.201570 0.712450 1 49 1.000000
  49 -8.887067 3.810596 66.244019 0.901446 0.402605 0.159074 0.196600 0.675430 1 49 1.000000
  49 -8.957619 3.919833 66.367371 0.768059 0.525859 0.365454 0.179700 0.678150 1 49 1.000000
stick
  49 -9.066409 3.664555 65.750290 0.568814 -0.027508 -0.822006 0.185250 0.549480 1 49 1.000000
  49 -9.046269 3.409276 65.864548 0.596773 -0.525852 -0.606088 0.179760 0.592270 1 49 1.000000
  49 -9.274781 3.328559 65.822876 0.169027 -0.681029 -0.712481 0.155490 0.590220 1 49 1.000000
stick
  49 -9.046269 3.409276 65.864548 0.596773 -0.525852 -0.606088 0.179760 0.592270 1 49 1.000000
  49 -9.216433 3.175826 66.153763 0.314518 -0.939084 -0.138561 0.155000 0.635400 1 49 1.000000
  49 -9.274781 3.328559 65.822876 0.169027 -0.681029 -0.712481 0.155490 0.590220 1 49 1.000000
stick
  49 -9.216433 3.175826 66.153763 0.314518 -0.939084 -0.138561 0.155000 0.635400 1 49 1.000000
  49 -9.618518 3.132169 66.224670 0.049157 -0.998753 -0.008679 0.112910 0.635400 1 49 1.000000
  49 -9.274781 3.328559 65.822876 0.169027 -0.681029 -0.712481 0.155490 0.590220 1 49 1.000000
stick
  49 -9.158088 3.328558 66.484665 0.385817 -0.755887 0.528943 0.155490 0.680610 1 49 1.000000
  49 -9.618518 3.132169 66.224670 0.049157 -0.998753 -0.008679 0.112910 0.635400 1 49 1.000000
  49 -9.216433 3.175826 66.153763 0.314518 -0.939084 -0.138561 0.155000 0.635400 1 49 1.000000
stick
  49 -9.158088 3.328558 66.484665 0.385817 -0.755887 0.528943 0.155490 0.680610 1 49 1.000000
  49 -9.554977 3.298541 66.585152 0.122795 -0.707137 0.696332 0.112900 0.681910 1 49 1.000000
  49 -9.618518 3.132169 66.224670 0.049157 -0.998753 -0.008679 0.112910 0.635400 1 49 1.000000
stick
  49 -9.131574 3.664554 66.635078 0.454234 -0.143152 0.879306 0.158750 0.728670 1 49 1.000000
  49 -9.554977 3.298541 66.585152 0.122795 -0.707137 0.696332 0.112900 0.681910 1 49 1.000000
  49 -9.158088 3.328558 66.484665 0.385817 -0.755887 0.528943 0.155490 0.680610 1 49 1.000000
stick
  49 -9.526075 3.664553 66.749001 0.174934 -0.000002 0.984580 0.112860 0.731890 1 49 1.000000
  49 -9.554977 3.298541 66.585152 0.122795 -0.707137 0.696332 0.112900 0.681910 1 49 1.000000
  49 -9.131574 3.664554 66.635078 0.454234 -0.143152 0.879306 0.158750 0.728670 1 49 1.000000
stick
  49 -9.158089 4.000549 66.484673 0.415015 0.587911 0.694351 0.155490 0.680610 1 49 1.000000
  49 -9.526075 3.664553 66.749001 0.174934 -0.000002 0.984580 0.112860 0.731890 1 49 1.000000
  49 -9.131574 3.664554 66.635078 0.454234 -0.143152 0.879306 0.158750 0.728670 1 49 1.000000
stick
  49 -9.158089 4.000549 66.484673 0.415015 0.587911 0.694351 0.155490 0.680610 1 49 1.000000
  49 -9.554978 4.030565 66.585152 0.122822 0.707139 0.696325 0.112900 0.681910 1 49 1.000000
  49 -9.526075 3.664553 66.749001 0.174934 -0.000002 0.984580 0.112860 0.731890 1 49 1.000000
stick
  49 -9.554978 4.030565 66.585152 0.122822 0.707139 0.696325 0.112900 0.681910 1 49 1.000000
  49 -9.158089 4.000549 66.484673 0.415015 0.587911 0.694351 0.155490 0.680610 1 49 1.000000
  49 -9.216434 4.153283 66.153770 0.289453 0.956563 0.034689 0.155000 0.635400 1 49 1.000000
stick
  49 -9.618519 4.196939 66.224678 0.004049 0.999729 0.022932 0.112910 0.635400 1 49 1.000000
  49 -9.554978 4.030565 66.585152 0.122822 0.707139 0.696325 0.112900 0.681910 1 49 1.000000
  49 -9.216434 4.153283 66.153770 0.289453 0.956563 0.034689 0.155000 0.635400 1 49 1.000000
stick
  49 -9.682093 4.030567 65.864235 -0.123466 0.703013 -0.700378 0.112920 0.588890 1 49 1.000000
  49 -9.618519 4.196939 66.224678 0.004049 0.999729 0.022932 0.112910 0.635400 1 49 1.000000
  49 -9.216434 4.153283 66.153770 0.289453 0.956563 0.034689 0.155000 0.635400 1 49 1.000000
stick
  49 -9.618519 4.196939 66.224678 0.004049 0.999729 0.022932 0.112910 0.635400 1 49 1.000000
  49 -9.682093 4.030567 65.864235 -0.123466 0.703013 -0.700378 0.112920 0.588890 1 49 1.000000
  49 -10.081054 4.012722 65.952698 -0.317864 0.694890 -0.645051 0.070270 0.590190 1 49 1.000000
stick
  49 -10.081054 4.012722 65.952698 -0.317864 0.694890 -0.645051 0.070270 0.590190 1 49 1.000000
  49 -9.682093 4.030567 65.864235 -0.123466 0.703013 -0.700378 0.112920 0.588890 1 49 1.000000
  49 -10.108555 3.664555 65.796814 -0.372226 0.000004 -0.928142 0.066960 0.542190 1 49 1.000000
stick
  49 -10.309214 3.664554 65.913246 -0.711185 0.020478 -0.702707 0.040650 0.549420 1 49 1.000000
  49 -10.081054 4.012722 65.952698 -0.317864 0.694890 -0.645051 0.070270 0.590190 1 49 1.000000
  49 -10.108555 3.664555 65.796814 -0.372226 0.000004 -0.928142 0.066960 0.542190 1 49 1.000000
stick
  49 -10.286046 3.371259 66.044540 -0.662077 -0.570023 -0.486546 0.046070 0.592680 1 49 1.000000
  49 -10.309214 3.664554 65.913246 -0.711185 0.020478 -0.702707 0.040650 0.549420 1 49 1.000000
  49 -10.108555 3.664555 65.796814 -0.372226 0.000004 -0.928142 0.066960 0.542190 1 49 1.000000
stick
  49 -10.286046 3.371259 66.044540 -0.662077 -0.570023 -0.486546 0.046070 0.592680 1 49 1.000000
  49 -10.108555 3.664555 65.796814 -0.372226 0.000004 -0.928142 0.066960 0.542190 1 49 1.000000
  49 -10.081053 3.316386 65.952698 -0.318682 -0.690447 -0.649403 0.070270 0.590190 1 49 1.000000
stick
  49 -10.235125 3.237931 66.333405 -0.573067 -0.815570 0.080244 0.047430 0.635660 1 49 1.000000
  49 -10.286046 3.371259 66.044540 -0.662077 -0.570023 -0.486546 0.046070 0.592680 1 49 1.000000
  49 -10.081053 3.316386 65.952698 -0.318682 -0.690447 -0.649403 0.070270 0.590190 1 49 1.000000
stick
  49 -10.081053 3.316386 65.952698 -0.318682 -0.690447 -0.649403 0.070270 0.590190 1 49 1.000000
  49 -9.682093 3.298542 65.864227 -0.123467 -0.703011 -0.700379 0.112920 0.588890 1 49 1.000000
  49 -10.020602 3.158107 66.295570 -0.172348 -0.980619 0.093181 0.070810 0.635400 1 49 1.000000
stick
  49 -9.710993 3.664554 65.700386 -0.173681 0.000002 -0.984802 0.112910 0.538920 1 49 1.000000
  49 -9.682093 3.298542 65.864227 -0.123467 -0.703011 -0.700379 0.112920 0.588890 1 49 1.000000
  49 -10.081053 3.316386 65.952698 -0.318682 -0.690447 -0.649403 0.070270 0.590190 1 49 1.000000
stick
  49 -10.108555 3.664555 65.796814 -0.372226 0.000004 -0.928142 0.066960 0.542190 1 49 1.000000
  49 -9.710993 3.664554 65.700386 -0.173681 0.000002 -0.984802 0.112910 0.538920 1 49 1.000000
  49 -10.081053 3.316386 65.952698 -0.318682 -0.690447 -0.649403 0.070270 0.590190 1 49 1.000000
stick
  49 -9.682093 4.030567 65.864235 -0.123466 0.703013 -0.700378 0.112920 0.588890 1 49 1.000000
  49 -9.710993 3.664554 65.700386 -0.173681 0.000002 -0.984802 0.112910 0.538920 1 49 1.000000
  49 -10.108555 3.664555 65.796814 -0.372226 0.000004 -0.928142 0.066960 0.542190 1 49 1.000000
stick
  49 -9.682093 4.030567 65.864235 -0.123466 0.703013 -0.700378 0.112920 0.588890 1 49 1.000000
  49 -9.274782 4.000551 65.822884 0.167533 0.672311 -0.721062 0.155490 0.590220 1 49 1.000000
  49 -9.710993 3.664554 65.700386 -0.173681 0.000002 -0.984802 0.112910 0.538920 1 49 1.000000
stick
  49 -9.682093 4.030567 65.864235 -0.123466 0.703013 -0.700378 0.112920 0.588890 1 49 1.000000
  49 -9.216434 4.153283 66.153770 0.289453 0.956563 0.034689 0.155000 0.635400 1 49 1.000000
  49 -9.274782 4.000551 65.822884 0.167533 0.672311 -0.721062 0.155490 0.590220 1 49 1.000000
stick
  49 -9.216434 4.153283 66.153770 0.289453 0.956563 0.034689 0.155000 0.635400 1 49 1.000000
  49 -9.001944 4.035856 66.115952 0.687422 0.710773 -0.149173 0.178380 0.635140 1 49 1.000000
  49 -9.274782 4.000551 65.822884 0.167533 0.672311 -0.721062 0.155490 0.590220 1 49 1.000000
stick
  49 -8.957619 3.919833 66.367371 0.768059 0.525859 0.365454 0.179700 0.678150 1 49 1.000000
  49 -9.001944 4.035856 66.115952 0.687422 0.710773 -0.149173 0.178380 0.635140 1 49 1.000000
  49 -9.216434 4.153283 66.153770 0.289453 0.956563 0.034689 0.155000 0.635400 1 49 1.000000
stick
  49 -9.158089 4.000549 66.484673 0.415015 0.587911 0.694351 0.155490 0.680610 1 49 1.000000
  49 -8.957619 3.919833 66.367371 0.768059 0.525859 0.365454 0.179700 0.678150 1 49 1.000000
  49 -9.216434 4.153283 66.153770 0.289453 0.956563 0.034689 0.155000 0.635400 1 49 1.000000
stick
  49 -8.957619 3.919833 66.367371 0.768059 0.525859 0.365454 0.179700 0.678150 1 49 1.000000
  49 -9.158089 4.000549 66.484673 0.415015 0.587911 0.694351 0.155490 0.680610 1 49 1.000000
  49 -8.937447 3.664554 66.481644 0.815679 0.027561 0.577848 0.185090 0.721450 1 49 1.000000
stick
  49 -8.937447 3.664554 66.481644 0.815679 0.027561 0.577848 0.185090 0.721450 1 49 1.000000
  49 -9.158089 4.000549 66.484673 0.415015 0.587911 0.694351 0.155490 0.680610 1 49 1.000000
  49 -9.131574 3.664554 66.635078 0.454234 -0.143152 0.879306 0.158750 0.728670 1 49 1.000000
stick
  49 -8.957618 3.409276 66.367363 0.776387 -0.473397 0.416076 0.179700 0.678150 1 49 1.000000
  49 -8.937447 3.664554 66.481644 0.815679 0.027561 0.577848 0.185090 0.721450 1 49 1.000000
  49 -9.131574 3.664554 66.635078 0.454234 -0.143152 0.879306 0.158750 0.728670 1 49 1.000000
stick
  49 -8.957618 3.409276 66.367363 0.776387 -0.473397 0.416076 0.179700 0.678150 1 49 1.000000
  49 -9.131574 3.664554 66.635078 0.454234 -0.143152 0.879306 0.158750 0.728670 1 49 1.000000
  49 -9.158088 3.328558 66.484665 0.385817 -0.755887 0.528943 0.155490 0.680610 1 49 1.000000
stick
  49 -8.957618 3.409276 66.367363 0.776387 -0.473397 0.416076 0.179700 0.678150 1 49 1.000000
  49 -9.158088 3.328558 66.484665 0.385817 -0.755887 0.528943 0.155490 0.680610 1 49 1.000000
  49 -9.001944 3.293252 66.115944 0.697004 -0.710753 -0.094954 0.178380 0.635140 1 49 1.000000
stick
  49 -9.001944 3.293252 66.115944 0.697004 -0.710753 -0.094954 0.178380 0.635140 1 49 1.000000
  49 -9.158088 3.328558 66.484665 0.385817 -0.755887 0.528943 0.155490 0.680610 1 49 1.000000
  49 -9.216433 3.175826 66.153763 0.314518 -0.939084 -0.138561 0.155000 0.635400 1 49 1.000000
stick
  49 -9.046269 3.409276 65.864548 0.596773 -0.525852 -0.606088 0.179760 0.592270 1 49 1.000000
  49 -9.001944 3.293252 66.115944 0.697004 -0.710753 -0.094954 0.178380 0.635140 1 49 1.000000
  49 -9.216433 3.175826 66.153763 0.314518 -0.939084 -0.138561 0.155000 0.635400 1 49 1.000000
stick
  49 -8.875563 3.664554 66.309402 0.938420 0.075056 0.337246 0.201570 0.712450 1 49 1.000000
  49 -8.957619 3.919833 66.367371 0.768059 0.525859 0.365454 0.179700 0.678150 1 49 1.000000
  49 -8.937447 3.664554 66.481644 0.815679 0.027561 0.577848 0.185090 0.721450 1 49 1.000000
stick
  49 -8.887065 3.518511 66.244019 0.917015 -0.313101 0.247084 0.196600 0.675430 1 49 1.000000
  49 -8.875563 3.664554 66.309402 0.938420 0.075056 0.337246 0.201570 0.712450 1 49 1.000000
  49 -8.937447 3.664554 66.481644 0.815679 0.027561 0.577848 0.185090 0.721450 1 49 1.000000
stick
  49 -8.887065 3.518511 66.244019 0.917015 -0.313101 0.247084 0.196600 0.675430 1 49 1.000000
  49 -8.937447 3.664554 66.481644 0.815679 0.027561 0.577848 0.185090 0.721450 1 49 1.000000
  49 -8.957618 3.409276 66.367363 0.776387 -0.473397 0.416076 0.179700 0.678150 1 49 1.000000
stick
  49 -8.912431 3.452104 66.100174 0.865405 -0.495206 -0.076453 0.195400 0.634420 1 49 1.000000
  49 -8.887065 3.518511 66.244019 0.917015 -0.313101 0.247084 0.196600 0.675430 1 49 1.000000
  49 -8.957618 3.409276 66.367363 0.776387 -0.473397 0.416076 0.179700 0.678150 1 49 1.000000
stick
  49 -8.912431 3.452104 66.100174 0.865405 -0.495206 -0.076453 0.195400 0.634420 1 49 1.000000
  49 -8.957618 3.409276 66.367363 0.776387 -0.473397 0.416076 0.179700 0.678150 1 49 1.000000
  49 -9.001944 3.293252 66.115944 0.697004 -0.710753 -0.094954 0.178380 0.635140 1 49 1.000000
stick
  49 -8.937798 3.518513 65.956360 0.792701 -0.402629 -0.457728 0.196460 0.593660 1 49 1.000000
  49 -8.912431 3.452104 66.100174 0.865405 -0.495206 -0.076453 0.195400 0.634420 1 49 1.000000
  49 -9.001944 3.293252 66.115944 0.697004 -0.710753 -0.094954 0.178380 0.635140 1 49 1.000000
stick
  49 -8.937798 3.518513 65.956360 0.792701 -0.402629 -0.457728 0.196460 0.593660 1 49 1.000000
  49 -9.001944 3.293252 66.115944 0.697004 -0.710753 -0.094954 0.178380 0.635140 1 49 1.000000
  49 -9.046269 3.409276 65.864548 0.596773 -0.525852 -0.606088 0.179760 0.592270 1 49 1.000000
stick
  49 -8.949334 3.664555 65.890945 0.766462 -0.074989 -0.637897 0.201480 0.558460 1 49 1.000000
  49 -8.937798 3.518513 65.956360 0.792701 -0.402629 -0.457728 0.196460 0.593660 1 49 1.000000
  49 -9.046269 3.409276 65.864548 0.596773 -0.525852 -0.606088 0.179760 0.592270 1 49 1.000000
stick
  49 -8.949334 3.664555 65.890945 0.766462 -0.074989 -0.637897 0.201480 0.558460 1 49 1.000000
  49 -9.046269 3.409276 65.864548 0.596773 -0.525852 -0.606088 0.179760 0.592270 1 49 1.000000
  49 -9.066409 3.664555 65.750290 0.568814 -0.027508 -0.822006 0.185250 0.549480 1 49 1.000000
stick
  49 -8.937799 3.810596 65.956360 0.777193 0.313119 -0.545828 0.196460 0.593660 1 49 1.000000
  49 -8.949334 3.664555 65.890945 0.766462 -0.074989 -0.637897 0.201480 0.558460 1 49 1.000000
  49 -9.066409 3.664555 65.750290 0.568814 -0.027508 -0.822006 0.185250 0.549480 1 49 1.000000
stick
  49 -10.362686 3.883632 66.133438 -0.927300 0.353619 -0.122751 0.029190 0.595400 1 49 1.000000
  49 -10.324637 3.983213 66.349182 -0.872334 0.439173 0.214851 0.030410 0.636380 1 49 1.000000
  49 -10.235126 4.091176 66.333405 -0.565960 0.815566 0.120589 0.047430 0.635660 1 49 1.000000
stick
  49 -10.324637 3.983213 66.349182 -0.872334 0.439173 0.214851 0.030410 0.636380 1 49 1.000000
  49 -10.184204 3.957848 66.622238 -0.455665 0.570081 0.683649 0.046010 0.678510 1 49 1.000000
  49 -10.235126 4.091176 66.333405 -0.565960 0.815566 0.120589 0.047430 0.635660 1 49 1.000000
stick
  49 -10.324637 3.983213 66.349182 -0.872334 0.439173 0.214851 0.030410 0.636380 1 49 1.000000
  49 -10.286590 3.883632 66.564949 -0.816976 0.281852 0.503100 0.029330 0.677120 1 49 1.000000
  49 -10.184204 3.957848 66.622238 -0.455665 0.570081 0.683649 0.046010 0.678510 1 49 1.000000
stick
  49 -10.184204 3.957848 66.622238 -0.455665 0.570081 0.683649 0.046010 0.678510 1 49 1.000000
  49 -10.286590 3.883632 66.564949 -0.816976 0.281852 0.503100 0.029330 0.677120 1 49 1.000000
  49 -10.161037 3.664553 66.753586 -0.427920 -0.020488 0.903584 0.040490 0.721270 1 49 1.000000
stick
  49 -10.286590 3.883632 66.564949 -0.816976 0.281852 0.503100 0.029330 0.677120 1 49 1.000000
  49 -10.269287 3.664553 66.662994 -0.806584 -0.060116 0.588055 0.024280 0.712280 1 49 1.000000
  49 -10.161037 3.664553 66.753586 -0.427920 -0.020488 0.903584 0.040490 0.721270 1 49 1.000000
stick
  49 -10.269287 3.664553 66.662994 -0.806584 -0.060116 0.588055 0.024280 0.712280 1 49 1.000000
  49 -10.184204 3.371258 66.622238 -0.459924 -0.594147 0.659893 0.046010 0.678510 1 49 1.000000
  49 -10.161037 3.664553 66.753586 -0.427920 -0.020488 0.903584 0.040490 0.721270 1 49 1.000000
stick
  49 -10.269287 3.664553 66.662994 -0.806584 -0.060116 0.588055 0.024280 0.712280 1 49 1.000000
  49 -10.286589 3.445474 66.564941 -0.829376 -0.353633 0.432526 0.029330 0.677120 1 49 1.000000
  49 -10.184204 3.371258 66.622238 -0.459924 -0.594147 0.659893 0.046010 0.678510 1 49 1.000000
stick
  49 -10.184204 3.371258 66.622238 -0.459924 -0.594147 0.659893 0.046010 0.678510 1 49 1.000000
  49 -10.286589 3.445474 66.564941 -0.829376 -0.353633 0.432526 0.029330 0.677120 1 49 1.000000
  49 -10.235125 3.237931 66.333405 -0.573067 -0.815570 0.080244 0.047430 0.635660 1 49 1.000000
stick
  49 -10.286589 3.445474 66.564941 -0.829376 -0.353633 0.432526 0.029330 0.677120 1 49 1.000000
  49 -10.324636 3.345894 66.349182 -0.893229 -0.439139 0.096432 0.030410 0.636380 1 49 1.000000
  49 -10.235125 3.237931 66.333405 -0.573067 -0.815570 0.080244 0.047430 0.635660 1 49 1.000000
stick
  49 -10.324636 3.345894 66.349182 -0.893229 -0.439139 0.096432 0.030410 0.636380 1 49 1.000000
  49 -10.286046 3.371259 66.044540 -0.662077 -0.570023 -0.486546 0.046070 0.592680 1 49 1.000000
  49 -10.235125 3.237931 66.333405 -0.573067 -0.815570 0.080244 0.047430 0.635660 1 49 1.000000
stick
  49 -10.324636 3.345894 66.349182 -0.893229 -0.439139 0.096432 0.030410 0.636380 1 49 1.000000
  49 -10.362653 3.445475 66.133438 -0.939773 -0.281849 -0.193358 0.029190 0.595400 1 49 1.000000
  49 -10.286046 3.371259 66.044540 -0.662077 -0.570023 -0.486546 0.046070 0.592680 1 49 1.000000
stick
  49 -10.362653 3.445475 66.133438 -0.939773 -0.281849 -0.193358 0.029190 0.595400 1 49 1.000000
  49 -10.309214 3.664554 65.913246 -0.711185 0.020478 -0.702707 0.040650 0.549420 1 49 1.000000
  49 -10.286046 3.371259 66.044540 -0.662077 -0.570023 -0.486546 0.046070 0.592680 1 49 1.000000
stick
  49 -10.362653 3.445475 66.133438 -0.939773 -0.281849 -0.193358 0.029190 0.595400 1 49 1.000000
  49 -10.379956 3.664554 66.035362 -0.959055 0.060054 -0.276778 0.024200 0.558420 1 49 1.000000
  49 -10.309214 3.664554 65.913246 -0.711185 0.020478 -0.702707 0.040650 0.549420 1 49 1.000000
stick
  49 -10.379956 3.664554 66.035362 -0.959055 0.060054 -0.276778 0.024200 0.558420 1 49 1.000000
  49 -10.286047 3.957849 66.044540 -0.657833 0.594162 -0.462847 0.046070 0.592680 1 49 1.000000
  49 -10.309214 3.664554 65.913246 -0.711185 0.020478 -0.702707 0.040650 0.549420 1 49 1.000000
stick
  49 -10.286047 3.957849 66.044540 -0.657833 0.594162 -0.462847 0.046070 0.592680 1 49 1.000000
  49 -10.081054 4.012722 65.952698 -0.317864 0.694890 -0.645051 0.070270 0.590190 1 49 1.000000
  49 -10.309214 3.664554 65.913246 -0.711185 0.020478 -0.702707 0.040650 0.549420 1 49 1.000000
stick
  49 -10.081054 4.012722 65.952698 -0.317864 0.694890 -0.645051 0.070270 0.590190 1 49 1.000000
  49 -10.286047 3.957849 66.044540 -0.657833 0.594162 -0.462847 0.046070 0.592680 1 49 1.000000
  49 -10.020604 4.171000 66.295578 -0.249974 0.968144 -0.014492 0.070810 0.635400 1 49 1.000000
stick
  49 -9.618519 4.196939 66.224678 0.004049 0.999729 0.022932 0.112910 0.635400 1 49 1.000000
  49 -10.081054 4.012722 65.952698 -0.317864 0.694890 -0.645051 0.070270 0.590190 1 49 1.000000
  49 -10.020604 4.171000 66.295578 -0.249974 0.968144 -0.014492 0.070810 0.635400 1 49 1.000000
stick
  49 -9.960154 4.012722 66.638458 -0.092110 0.773450 0.627129 0.070260 0.680590 1 49 1.000000
  49 -9.618519 4.196939 66.224678 0.004049 0.999729 0.022932 0.112910 0.635400 1 49 1.000000
  49 -10.020604 4.171000 66.295578 -0.249974 0.968144 -0.014492 0.070810 0.635400 1 49 1.000000
stick
  49 -10.235125 3.237931 66.333405 -0.573067 -0.815570 0.080244 0.047430 0.635660 1 49 1.000000
  49 -10.081053 3.316386 65.952698 -0.318682 -0.690447 -0.649403 0.070270 0.590190 1 49 1.000000
  49 -10.020602 3.158107 66.295570 -0.172348 -0.980619 0.093181 0.070810 0.635400 1 49 1.000000
stick
  49 -10.184204 3.371258 66.622238 -0.459924 -0.594147 0.659893 0.046010 0.678510 1 49 1.000000
  49 -10.235125 3.237931 66.333405 -0.573067 -0.815570 0.080244 0.047430 0.635660 1 49 1.000000
  49 -10.020602 3.158107 66.295570 -0.172348 -0.980619 0.093181 0.070810 0.635400 1 49 1.000000
stick
  49 -9.960153 3.316385 66.638458 -0.062241 -0.601604 0.796366 0.070260 0.680590 1 49 1.000000
  49 -10.184204 3.371258 66.622238 -0.459924 -0.594147 0.659893 0.046010 0.678510 1 49 1.000000
  49 -10.020602 3.158107 66.295570 -0.172348 -0.980619 0.093181 0.070810 0.635400 1 49 1.000000
stick
  49 -10.161037 3.664553 66.753586 -0.427920 -0.020488 0.903584 0.040490 0.721270 1 49 1.000000
  49 -10.184204 3.371258 66.622238 -0.459924 -0.594147 0.659893 0.046010 0.678510 1 49 1.000000
  49 -9.960153 3.316385 66.638458 -0.062241 -0.601604 0.796366 0.070260 0.680590 1 49 1.000000
stick
  49 -10.161037 3.664553 66.753586 -0.427920 -0.020488 0.903584 0.040490 0.721270 1 49 1.000000
  49 -9.960153 3.316385 66.638458 -0.062241 -0.601604 0.796366 0.070260 0.680590 1 49 1.000000
  49 -9.932652 3.664552 66.794312 -0.033133 0.146666 0.988631 0.066910 0.728580 1 49 1.000000
stick
  49 -10.184204 3.957848 66.622238 -0.455665 0.570081 0.683649 0.046010 0.678510 1 49 1.000000
  49 -10.161037 3.664553 66.753586 -0.427920 -0.020488 0.903584 0.040490 0.721270 1 49 1.000000
  49 -9.932652 3.664552 66.794312 -0.033133 0.146666 0.988631 0.066910 0.728580 1 49 1.000000
stick
  49 -9.960154 4.012722 66.638458 -0.092110 0.773450 0.627129 0.070260 0.680590 1 49 1.000000
  49 -10.184204 3.957848 66.622238 -0.455665 0.570081 0.683649 0.046010 0.678510 1 49 1.000000
  49 -9.932652 3.664552 66.794312 -0.033133 0.146666 0.988631 0.066910 0.728580 1 49 1.000000
stick
  49 -10.184204 3.957848 66.622238 -0.455665 0.570081 0.683649 0.046010 0.678510 1 49 1.000000
  49 -9.960154 4.012722 66.638458 -0.092110 0.773450 0.627129 0.070260 0.680590 1 49 1.000000
  49 -10.235126 4.091176 66.333405 -0.565960 0.815566 0.120589 0.047430 0.635660 1 49 1.000000
stick
  49 -10.235126 4.091176 66.333405 -0.565960 0.815566 0.120589 0.047430 0.635660 1 49 1.000000
  49 -9.960154 4.012722 66.638458 -0.092110 0.773450 0.627129 0.070260 0.680590 1 49 1.000000
  49 -10.020604 4.171000 66.295578 -0.249974 0.968144 -0.014492 0.070810 0.635400 1 49 1.000000
stick
  49 -10.286047 3.957849 66.044540 -0.657833 0.594162 -0.462847 0.046070 0.592680 1 49 1.000000
  49 -10.235126 4.091176 66.333405 -0.565960 0.815566 0.120589 0.047430 0.635660 1 49 1.000000
  49 -10.020604 4.171000 66.295578 -0.249974 0.968144 -0.014492 0.070810 0.635400 1 49 1.000000
stick
  49 -10.286047 3.957849 66.044540 -0.657833 0.594162 -0.462847 0.046070 0.592680 1 49 1.000000
  49 -10.362686 3.883632 66.133438 -0.927300 0.353619 -0.122751 0.029190 0.595400 1 49 1.000000
  49 -10.235126 4.091176 66.333405 -0.565960 0.815566 0.120589 0.047430 0.635660 1 49 1.000000
stick
  49 -10.379956 3.664554 66.035362 -0.959055 0.060054 -0.276778 0.024200 0.558420 1 49 1.000000
  49 -10.362686 3.883632 66.133438 -0.927300 0.353619 -0.122751 0.029190 0.595400 1 49 1.000000
  49 -10.286047 3.957849 66.044540 -0.657833 0.594162 -0.462847 0.046070 0.592680 1 49 1.000000
stick
  49 -13.180371 3.664551 66.852722 -0.267898 0.962289 0.047231 0.031230 0.072210 1 49 1.000000
  49 -13.092261 3.664550 67.176102 -0.259492 0.961771 0.087520 0.038420 0.176120 1 49 1.000000
  49 -12.885515 3.749187 66.800751 -0.230035 0.972337 0.040565 0.126150 0.072210 1 49 1.000000
stick
  49 -13.180371 3.664551 66.852722 -0.267898 0.962289 0.047231 0.031230 0.072210 1 49 1.000000
  49 -12.885515 3.749187 66.800751 -0.230035 0.972337 0.040565 0.126150 0.072210 1 49 1.000000
  49 -13.208158 3.664551 66.518738 -0.249974 0.968144 -0.014492 0.038420 0.176120 1 49 1.000000
stick
  49 -12.885515 3.749187 66.800751 -0.230035 0.972337 0.040565 0.126150 0.072210 1 49 1.000000
  49 -12.911742 3.749187 66.513954 -0.216425 0.976298 -0.001520 0.133700 0.162070 1 49 1.000000
  49 -13.208158 3.664551 66.518738 -0.249974 0.968144 -0.014492 0.038420 0.176120 1 49 1.000000
stick
  49 -12.911742 3.749187 66.513954 -0.216425 0.976298 -0.001520 0.133700 0.162070 1 49 1.000000
  49 -13.172022 3.664551 66.166618 -0.274664 0.960512 -0.044463 0.066820 0.284480 1 49 1.000000
  49 -13.208158 3.664551 66.518738 -0.249974 0.968144 -0.014492 0.038420 0.176120 1 49 1.000000
stick
  49 -12.911742 3.749187 66.513954 -0.216425 0.976298 -0.001520 0.133700 0.162070 1 49 1.000000
  49 -12.884687 3.749187 66.211899 -0.221514 0.974328 -0.040207 0.157810 0.254500 1 49 1.000000
  49 -13.172022 3.664551 66.166618 -0.274664 0.960512 -0.044463 0.066820 0.284480 1 49 1.000000
stick
  49 -12.884687 3.749187 66.211899 -0.221514 0.974328 -0.040207 0.157810 0.254500 1 49 1.000000
  49 -13.062469 3.664552 65.797737 -0.268645 0.957586 -0.104202 0.120020 0.395160 1 49 1.000000
  49 -13.172022 3.664551 66.166618 -0.274664 0.960512 -0.044463 0.066820 0.284480 1 49 1.000000
stick
  49 -12.884687 3.749187 66.211899 -0.221514 0.974328 -0.040207 0.157810 0.254500 1 49 1.000000
  49 -12.799126 3.749028 65.896332 -0.202458 0.976562 -0.073052 0.201000 0.348620 1 49 1.000000
  49 -13.062469 3.664552 65.797737 -0.268645 0.957586 -0.104202 0.120020 0.395160 1 49 1.000000
stick
  49 -12.799126 3.749028 65.896332 -0.202458 0.976562 -0.073052 0.201000 0.348620 1 49 1.000000
  49 -12.660765 3.747819 65.598923 -0.205033 0.968405 -0.141963 0.260000 0.434440 1 49 1.000000
  49 -13.062469 3.664552 65.797737 -0.268645 0.957586 -0.104202 0.120020 0.395160 1 49 1.000000
stick
  49 -12.660765 3.747819 65.598923 -0.205033 0.968405 -0.141963 0.260000 0.434440 1 49 1.000000
  49 -12.799126 3.749028 65.896332 -0.202458 0.976562 -0.073052 0.201000 0.348620 1 49 1.000000
  49 -12.438469 3.799537 65.744171 -0.095187 0.994986 -0.030690 0.322920 0.376450 1 49 1.000000
stick
  49 -12.282677 3.794024 65.529144 -0.039873 0.992973 -0.111423 0.383020 0.435240 1 49 1.000000
  49 -12.660765 3.747819 65.598923 -0.205033 0.968405 -0.141963 0.260000 0.434440 1 49 1.000000
  49 -12.438469 3.799537 65.744171 -0.095187 0.994986 -0.030690 0.322920 0.376450 1 49 1.000000
stick
  49 -12.472341 3.741573 65.355629 -0.111752 0.971512 -0.208987 0.331840 0.500960 1 49 1.000000
  49 -12.660765 3.747819 65.598923 -0.205033 0.968405 -0.141963 0.260000 0.434440 1 49 1.000000
  49 -12.282677 3.794024 65.529144 -0.039873 0.992973 -0.111423 0.383020 0.435240 1 49 1.000000
stick
  49 -12.472341 3.741573 65.355629 -0.111752 0.971512 -0.208987 0.331840 0.500960 1 49 1.000000
  49 -12.282677 3.794024 65.529144 -0.039873 0.992973 -0.111423 0.383020 0.435240 1 49 1.000000
  49 -12.146989 3.756328 65.373955 0.302719 0.874684 -0.378535 0.433390 0.478150 1 49 1.000000
stick
  49 -12.279264 3.714392 65.167778 0.394006 0.754787 -0.524457 0.402110 0.551590 1 49 1.000000
  49 -12.472341 3.741573 65.355629 -0.111752 0.971512 -0.208987 0.331840 0.500960 1 49 1.000000
  49 -12.146989 3.756328 65.373955 0.302719 0.874684 -0.378535 0.433390 0.478150 1 49 1.000000
stick
  49 -12.109516 3.664555 65.318245 0.684487 -0.000001 -0.729025 0.459820 0.503030 1 49 1.000000
  49 -12.279264 3.714392 65.167778 0.394006 0.754787 -0.524457 0.402110 0.551590 1 49 1.000000
  49 -12.146989 3.756328 65.373955 0.302719 0.874684 -0.378535 0.433390 0.478150 1 49 1.000000
stick
  49 -12.279265 3.664554 65.167778 0.752031 0.000002 -0.659127 0.415040 0.561180 1 49 1.000000
  49 -12.279264 3.714392 65.167778 0.394006 0.754787 -0.524457 0.402110 0.551590 1 49 1.000000
  49 -12.109516 3.664555 65.318245 0.684487 -0.000001 -0.729025 0.459820 0.503030 1 49 1.000000
stick
  49 -12.279264 3.614715 65.167778 0.394008 -0.754787 -0.524456 0.402110 0.551590 1 49 1.000000
  49 -12.279265 3.664554 65.167778 0.752031 0.000002 -0.659127 0.415040 0.561180 1 49 1.000000
  49 -12.109516 3.664555 65.318245 0.684487 -0.000001 -0.729025 0.459820 0.503030 1 49 1.000000
stick
  49 -12.279264 3.614715 65.167778 0.394008 -0.754787 -0.524456 0.402110 0.551590 1 49 1.000000
  49 -12.421260 3.664555 64.957428 0.828838 0.000002 -0.559488 0.367350 0.627150 1 49 1.000000
  49 -12.279265 3.664554 65.167778 0.752031 0.000002 -0.659127 0.415040 0.561180 1 49 1.000000
stick
  49 -12.421260 3.664555 64.957428 0.828838 0.000002 -0.559488 0.367350 0.627150 1 49 1.000000
  49 -12.279264 3.714392 65.167778 0.394006 0.754787 -0.524457 0.402110 0.551590 1 49 1.000000
  49 -12.279265 3.664554 65.167778 0.752031 0.000002 -0.659127 0.415040 0.561180 1 49 1.000000
stick
  49 -13.062469 3.664552 65.797737 -0.268645 0.957586 -0.104202 0.120020 0.395160 1 49 1.000000
  49 -12.660765 3.747819 65.598923 -0.205033 0.968405 -0.141963 0.260000 0.434440 1 49 1.000000
  49 -12.887267 3.664554 65.456001 -0.248500 0.954905 -0.162491 0.193250 0.494000 1 49 1.000000
stick
  49 -12.660765 3.747819 65.598923 -0.205033 0.968405 -0.141963 0.260000 0.434440 1 49 1.000000
  49 -12.662392 3.664554 65.181580 -0.178324 0.963456 -0.199881 0.279010 0.568870 1 49 1.000000
  49 -12.887267 3.664554 65.456001 -0.248500 0.954905 -0.162491 0.193250 0.494000 1 49 1.000000
stick
  49 -12.660765 3.747819 65.598923 -0.205033 0.968405 -0.141963 0.260000 0.434440 1 49 1.000000
  49 -12.472341 3.741573 65.355629 -0.111752 0.971512 -0.208987 0.331840 0.500960 1 49 1.000000
  49 -12.662392 3.664554 65.181580 -0.178324 0.963456 -0.199881 0.279010 0.568870 1 49 1.000000
stick
  49 -12.472341 3.741573 65.355629 -0.111752 0.971512 -0.208987 0.331840 0.500960 1 49 1.000000
  49 -12.279264 3.714392 65.167778 0.394006 0.754787 -0.524457 0.402110 0.551590 1 49 1.000000
  49 -12.662392 3.664554 65.181580 -0.178324 0.963456 -0.199881 0.279010 0.568870 1 49 1.000000
stick
  49 -12.279264 3.714392 65.167778 0.394006 0.754787 -0.524457 0.402110 0.551590 1 49 1.000000
  49 -12.421260 3.664555 64.957428 -0.132732 0.980813 -0.142785 0.367350 0.627150 1 49 1.000000
  49 -12.662392 3.664554 65.181580 -0.178324 0.963456 -0.199881 0.279010 0.568870 1 49 1.000000
end
