version 1
nodes
0 "ValveBiped.Bip01_Pelvis" -1
1 "ValveBiped.Bip01_Spine" 0
2 "ValveBiped.Bip01_Spine1" 1
3 "ValveBiped.Bip01_Spine2" 2
4 "ValveBiped.Bip01_Spine4" 3
5 "ValveBiped.Bip01_Neck1" 4
6 "ValveBiped.Bip01_Head1" 5
7 "ValveBiped.forward" 6
8 "j_hair_r_01" 6
9 "j_hair_r_02" 8
10 "j_hair_r_03" 9
11 "j_hair_l_01" 6
12 "j_hair_l_02" 11
13 "j_hair_l_03" 12
14 "j_hair_f_01" 6
15 "j_hair_f_02" 14
16 "j_hair_b_01" 6
17 "j_hair_b_02" 16
18 "j_hair_b_03" 17
19 "j_hair_b_04" 18
20 "j_hair_bl_01" 16
21 "j_hair_bl_02" 20
22 "j_hair_br_01" 16
23 "j_hair_br_02" 22
24 "ValveBiped.Bip01_L_Clavicle" 4
25 "ValveBiped.Bip01_L_UpperArm" 24
26 "ValveBiped.Bip01_L_Forearm" 25
27 "ValveBiped.Bip01_L_Wrist" 26
28 "ValveBiped.Bip01_L_Hand" 26
29 "ValveBiped.Anim_Attachment_LH" 28
30 "ValveBiped.Bip01_L_Finger3" 28
31 "ValveBiped.Bip01_L_Finger31" 30
32 "ValveBiped.Bip01_L_Finger32" 31
33 "ValveBiped.Bip01_L_Finger2" 28
34 "ValveBiped.Bip01_L_Finger21" 33
35 "ValveBiped.Bip01_L_Finger22" 34
36 "ValveBiped.Bip01_L_Finger1" 28
37 "ValveBiped.Bip01_L_Finger11" 36
38 "ValveBiped.Bip01_L_Finger12" 37
39 "ValveBiped.Bip01_L_Finger4" 28
40 "ValveBiped.Bip01_L_Finger41" 39
41 "ValveBiped.Bip01_L_Finger42" 40
42 "ValveBiped.Bip01_L_Finger0" 28
43 "ValveBiped.Bip01_L_Finger01" 42
44 "ValveBiped.Bip01_L_Finger02" 43
45 "ValveBiped.Bip01_L_Elbow" 25
46 "ValveBiped.Bip01_L_Shoulder" 25
47 "ValveBiped.Bip01_L_Trapezius" 24
48 "ValveBiped.Bip01_R_Clavicle" 4
49 "ValveBiped.Bip01_R_UpperArm" 48
50 "ValveBiped.Bip01_R_Forearm" 49
51 "ValveBiped.Bip01_R_Hand" 50
52 "ValveBiped.Anim_Attachment_RH" 51
53 "ValveBiped.Bip01_R_Finger2" 51
54 "ValveBiped.Bip01_R_Finger21" 53
55 "ValveBiped.Bip01_R_Finger22" 54
56 "ValveBiped.Bip01_R_Finger1" 51
57 "ValveBiped.Bip01_R_Finger11" 56
58 "ValveBiped.Bip01_R_Finger12" 57
59 "ValveBiped.Bip01_R_Finger3" 51
60 "ValveBiped.Bip01_R_Finger31" 59
61 "ValveBiped.Bip01_R_Finger32" 60
62 "ValveBiped.Bip01_R_Finger4" 51
63 "ValveBiped.Bip01_R_Finger41" 62
64 "ValveBiped.Bip01_R_Finger42" 63
65 "ValveBiped.Bip01_R_Finger0" 51
66 "ValveBiped.Bip01_R_Finger01" 65
67 "ValveBiped.Bip01_R_Finger02" 66
68 "ValveBiped.Bip01_R_Wrist" 50
69 "ValveBiped.Bip01_R_Shoulder" 49
70 "ValveBiped.Bip01_R_Trapezius" 48
71 "p_bowknot_01" 4
72 "p_bowknot_02" 2
73 "ValveBiped.Bip01_L_Thigh" 0
74 "ValveBiped.Bip01_L_Calf" 73
75 "ValveBiped.Bip01_L_Foot" 74
76 "ValveBiped.Bip01_L_Toe0" 75
77 "ValveBiped.Bip01_L_Ankle" 74
78 "p_skirt_e_helper" 73
79 "p_skirt_e_01" 78
80 "p_skirt_e_02" 79
81 "p_skirt_se_helper" 73
82 "p_skirt_se_01" 81
83 "p_skirt_se_02" 82
84 "ValveBiped.Bip01_R_Thigh" 0
85 "ValveBiped.Bip01_R_Calf" 84
86 "ValveBiped.Bip01_R_Foot" 85
87 "ValveBiped.Bip01_R_Toe0" 86
88 "ValveBiped.Bip01_R_Ankle" 85
89 "p_skirt_w_helper" 84
90 "p_skirt_w_01" 89
91 "p_skirt_w_02" 90
92 "p_skirt_sw_helper" 84
93 "p_skirt_sw_01" 92
94 "p_skirt_sw_02" 93
95 "p_skirt_n_helper" 0
96 "p_skirt_n_01" 95
97 "p_skirt_n_02" 96
98 "p_skirt_nw_helper" 0
99 "p_skirt_nw_01" 98
100 "p_skirt_nw_02" 99
101 "p_skirt_ne_helper" 0
102 "p_skirt_ne_01" 101
103 "p_skirt_ne_02" 102
104 "root" -1
end
skeleton
time 0
0  0.005735 -0.710612 35.671192  1.570796 -0.000000 0.000000
1  0.000004 3.939247 -1.580135  1.570796 -0.027982 1.570796
2  3.588203 -0.000018 0.000000  0.000000 0.000000 -0.112613
3  3.382976 -0.000020 0.000000  0.000000 -0.000000 -0.012644
4  7.050211 0.000021 -0.000001  0.000000 0.000000 0.155823
5  2.971944 -0.000021 0.000000  3.141590 -0.000000 0.227029
6  3.226831 -0.000028 0.000000  -0.000000 -0.000000 0.110986
7  0.000001 0.000001 0.000000  -1.570795 0.000000 -1.323624
8  4.439456 -1.917293 3.679858  -0.000001 3.029286 0.072046
9  4.703284 0.000027 -0.000005  -0.000335 0.105293 -0.572816
10  5.480249 -0.000022 0.000006  0.000000 -0.000000 0.166862
11  4.674913 -2.010223 -3.449564  -0.000005 -0.093378 -3.059263
12  5.115871 0.000021 -0.000064  0.000401 0.126510 0.557915
13  5.213441 0.000090 -0.000010  -0.000001 -0.000011 -0.158237
14  7.148785 -3.165122 0.000008  -0.000002 0.000003 -2.462165
15  2.826143 -0.000058 0.000001  0.000000 -0.000000 -0.707615
16  2.002640 4.890165 0.000036  -0.000003 -0.000001 3.044799
17  5.923582 -0.000050 0.000001  -0.000000 -0.000000 0.173252
18  5.653115 0.000074 0.000000  -0.000000 -0.000001 0.094648
19  6.246217 0.000092 -0.000003  -0.000000 0.000000 -0.064078
20  8.798079 1.402199 -4.517011  -0.000000 0.000014 0.150788
21  7.837481 -0.000081 0.000100  -0.000003 -0.000020 0.299012
22  8.809435 1.405302 4.524814  0.000005 0.000005 0.154602
23  7.681227 -0.000004 0.000029  -0.000005 -0.000010 0.278245
24  1.892323 0.848527 0.797221  -1.503226 -1.807456 -0.241490
25  4.660079 0.000003 -0.000008  -1.433351 0.086977 -0.426649
26  9.017754 0.000078 -0.000000  0.000701 0.008712 -0.040946
27  9.086883 0.000076 0.000000  -0.057546 0.000000 0.000005
28  9.086883 0.000076 0.000000  1.505416 -0.038605 0.036312
29  2.211568 -1.415164 0.000001  1.570801 0.000003 1.569942
30  3.056111 0.221117 -0.602437  0.068894 -0.004809 -0.258013
31  1.445402 -0.000012 0.000010  0.042611 0.057689 0.125582
32  0.793350 0.000011 0.000003  0.249854 -0.099398 -0.203728
33  3.114341 0.126092 0.058994  0.142337 -0.026312 -0.171483
34  1.684238 -0.000012 -0.000008  -0.036122 0.039227 0.053680
35  0.881784 0.000008 -0.000007  -0.001249 -0.005664 -0.098986
36  3.127104 -0.014262 0.656631  0.302883 -0.149215 -0.102523
37  1.346234 -0.000023 0.000010  -0.020778 0.084725 -0.150780
38  0.790055 0.000005 -0.000001  0.022996 0.020242 0.074290
39  3.147800 -0.110987 -1.428879  0.214224 -0.096995 -0.106195
40  1.007397 -0.000002 -0.000011  -0.409247 0.077802 -0.086154
41  0.561952 -0.000013 0.000000  0.194179 -0.012836 -0.056706
42  1.172193 -0.371779 0.695803  -0.074753 -0.766358 -0.527888
43  1.151197 0.000004 -0.000004  -0.169041 0.043724 0.104420
44  0.909060 0.000001 0.000000  -0.319714 0.108347 -0.014844
45  9.017762 0.000079 -0.000023  -0.000007 -0.000001 -0.100050
46  1.216093 0.000011 -0.000001  -0.157241 0.000000 0.000008
47  3.994337 0.000020 -0.000006  -0.000001 0.000001 -0.000005
48  1.892323 0.848534 -0.797174  1.431457 1.807463 -0.241520
49  4.660079 0.000021 0.000032  1.498788 -0.056960 -0.431354
50  9.010713 0.000057 0.000001  -0.000723 -0.008667 -0.041731
51  9.079781 0.000076 0.000018  -1.501985 0.039100 0.029842
52  2.230808 -1.427516 0.000005  -1.570792 -0.000005 -1.570769
53  3.080541 0.081705 -0.057914  -0.093260 0.021087 -0.119199
54  1.774382 -0.000056 -0.000021  0.084532 0.001885 -0.292357
55  0.911786 0.000004 0.000003  -0.007848 -0.008330 0.252469
56  3.090347 -0.067160 -0.659402  -0.299484 0.127597 -0.118574
57  1.423206 0.000013 0.000011  0.001271 -0.064998 -0.155375
58  0.821629 -0.000027 -0.000001  0.041270 -0.100693 0.112505
59  3.025166 0.184669 0.764044  -0.175261 0.052496 -0.179096
60  1.509720 -0.000029 -0.000017  -0.004432 -0.045734 -0.074537
61  0.818398 -0.000016 0.000004  -0.081632 0.016462 -0.018062
62  2.898111 0.049760 1.316754  -0.144883 -0.001360 -0.248828
63  1.037358 0.000000 0.000005  -0.275139 0.134556 0.055074
64  0.580746 -0.000022 0.000012  -0.005641 -0.131244 -0.068390
65  1.158321 -0.442907 -0.732246  1.804309 0.719472 -0.503166
66  1.161231 0.000006 0.000011  0.227043 0.055397 0.089631
67  0.916970 0.000004 -0.000012  0.020420 0.073844 -0.178596
68  9.079781 0.000076 0.000010  0.065190 -0.000001 0.000014
69  1.215143 0.000008 0.000004  0.000002 0.000000 0.000002
70  3.994340 0.000022 0.000027  -0.000001 -0.000005 0.000008
71  2.452636 4.138936 0.000845  -3.141592 -0.000000 1.165708
72  1.609285 -0.975741 0.000843  0.000001 3.141593 1.042227
73  3.725333 -0.000004 -0.000003  -1.570796 0.031092 -1.611082
74  15.193455 -0.000134 -0.000000  0.000001 -0.017306 0.051645
75  17.025633 0.052294 0.003149  0.008989 -0.076839 -1.230080
76  5.913434 0.000006 0.000005  -0.011146 0.000934 -0.500517
77  15.867345 -0.000002 0.000001  -0.000000 -0.000000 -0.000000
78  -0.044471 0.742046 3.222854  -1.570799 -0.134134 -0.031099
79  6.531513 0.000041 0.000047  0.000003 -0.000007 -0.124821
80  4.937208 -0.000002 -0.000000  -0.000000 -0.000003 -0.035450
81  -0.459117 -3.221062 1.004061  -3.139299 -0.203287 -0.042432
82  6.550061 -0.000058 -0.002532  0.000019 0.000375 0.047576
83  5.690497 -0.000010 -0.000058  0.000002 0.000023 0.100848
84  -3.725332 0.000007 0.000006  -1.571278 0.031097 -1.528219
85  15.193434 0.000043 0.000000  0.000000 0.017924 0.051650
86  17.025576 0.052402 -0.003061  -0.013288 0.048301 -1.233151
87  5.913438 0.000014 0.000006  -0.078651 -0.006185 -0.498940
88  15.867304 0.000113 -0.000002  -0.000001 0.000000 -0.000023
89  0.265637 0.733834 -2.956548  -1.570306 0.159703 -0.031020
90  6.547432 0.000025 -0.000004  -0.000001 0.000004 0.131585
91  4.972831 0.000030 0.000019  -0.000000 -0.000003 0.035691
92  -0.643183 -2.929194 -1.114204  -3.136176 0.209357 -0.086322
93  6.324715 0.000011 -0.000111  -0.000006 0.000035 0.001372
94  6.095510 0.000010 0.000099  -0.000002 -0.000033 0.100192
95  0.000850 0.159143 -5.185493  1.570797 0.025313 -1.570797
96  6.049822 0.000008 0.000001  0.000000 -0.000000 -0.093178
97  6.476078 0.000006 -0.000001  -0.000000 0.000000 -0.035049
98  -4.416689 0.011899 -4.249946  1.568943 -0.031838 -1.672843
99  5.955617 -0.000036 0.000344  0.000005 -0.000054 -0.099923
100  6.432491 0.000028 0.000028  0.000001 -0.000025 -0.008491
101  3.827445 -0.150500 -4.392723  1.582029 0.010750 -1.423310
102  5.646537 0.000049 0.003509  0.000016 -0.000615 -0.029018
103  6.151293 0.000011 0.000033  -0.000001 0.000048 0.001415
104  0.000000 0.000000 0.000000  0.000000 -0.000000 0.000000
end
triangles
  phy
0  -4.168288 3.076281 38.206539  -0.799786 0.586041 0.129992  0.000000 0.000000 1 0 1.000000
0  -2.953217 1.275331 41.966591  -0.476374 0.390373 0.787830  0.000000 0.000000 1 0 1.000000
0  -1.559232 4.747580 38.206539  -0.301622 0.919669 0.251460  0.000000 0.000000 1 0 1.000000
  phy
0  -1.559232 4.747580 38.206539  -0.301622 0.919669 0.251460  0.000000 0.000000 1 0 1.000000
0  -2.953217 1.275331 41.966591  -0.476374 0.390373 0.787830  0.000000 0.000000 1 0 1.000000
0  -1.099181 2.462984 41.966591  -0.105094 0.367944 0.923890  0.000000 0.000000 1 0 1.000000
  phy
0  -2.953217 1.275331 41.966591  -0.476374 0.390373 0.787830  0.000000 0.000000 1 0 1.000000
0  -4.168288 3.076281 38.206539  -0.799786 0.586041 0.129992  0.000000 0.000000 1 0 1.000000
0  -5.164858 0.372058 38.206539  -0.984375 0.056526 0.166766  0.000000 0.000000 1 0 1.000000
  phy
0  -2.953217 1.275331 41.966591  -0.476374 0.390373 0.787830  0.000000 0.000000 1 0 1.000000
0  -5.164858 0.372058 38.206539  -0.984375 0.056526 0.166766  0.000000 0.000000 1 0 1.000000
0  -3.689253 -0.721922 41.966591  -0.660992 -0.098338 0.743922  0.000000 0.000000 1 0 1.000000
  phy
0  -4.168288 3.076281 38.206539  -0.799786 0.586041 0.129992  0.000000 0.000000 1 0 1.000000
0  -4.504845 0.440431 34.446480  -0.703058 -0.000002 -0.711132  0.000000 0.000000 1 0 1.000000
0  -5.164858 0.372058 38.206539  -0.984375 0.056526 0.166766  0.000000 0.000000 1 0 1.000000
  phy
0  -4.504845 0.440431 34.446480  -0.703058 -0.000002 -0.711132  0.000000 0.000000 1 0 1.000000
0  -4.168288 3.076281 38.206539  -0.799786 0.586041 0.129992  0.000000 0.000000 1 0 1.000000
0  -3.634354 2.718767 34.446480  -0.651551 0.700244 -0.291786  0.000000 0.000000 1 0 1.000000
  phy
0  -4.168288 3.076281 38.206539  -0.799786 0.586041 0.129992  0.000000 0.000000 1 0 1.000000
0  -1.559232 4.747580 38.206539  -0.301622 0.919669 0.251460  0.000000 0.000000 1 0 1.000000
0  -3.634354 2.718767 34.446480  -0.651551 0.700244 -0.291786  0.000000 0.000000 1 0 1.000000
  phy
0  1.205692 -3.906829 41.966591  0.060671 -0.212398 0.975298  0.000000 0.000000 1 0 1.000000
0  -2.953217 -2.719176 41.966591  -0.604251 -0.646835 0.465280  0.000000 0.000000 1 0 1.000000
0  -1.099181 -3.906829 41.966591  -0.157268 -0.977477 0.140733  0.000000 0.000000 1 0 1.000000
  phy
0  1.205692 -3.906829 41.966591  0.060671 -0.212398 0.975298  0.000000 0.000000 1 0 1.000000
0  -3.689253 -0.721922 41.966591  -0.660992 -0.098338 0.743922  0.000000 0.000000 1 0 1.000000
0  -2.953217 -2.719176 41.966591  -0.604251 -0.646835 0.465280  0.000000 0.000000 1 0 1.000000
  phy
0  1.205692 -3.906829 41.966591  0.060671 -0.212398 0.975298  0.000000 0.000000 1 0 1.000000
0  -2.953217 1.275331 41.966591  -0.476374 0.390373 0.787830  0.000000 0.000000 1 0 1.000000
0  -3.689253 -0.721922 41.966591  -0.660992 -0.098338 0.743922  0.000000 0.000000 1 0 1.000000
  phy
0  1.205692 -3.906829 41.966591  0.060671 -0.212398 0.975298  0.000000 0.000000 1 0 1.000000
0  -1.099181 2.462984 41.966591  -0.105094 0.367944 0.923890  0.000000 0.000000 1 0 1.000000
0  -2.953217 1.275331 41.966591  -0.476374 0.390373 0.787830  0.000000 0.000000 1 0 1.000000
  phy
0  1.205692 -3.906829 41.966591  0.060671 -0.212398 0.975298  0.000000 0.000000 1 0 1.000000
0  1.205689 2.462984 41.966591  0.076200 0.473704 0.877381  0.000000 0.000000 1 0 1.000000
0  -1.099181 2.462984 41.966591  -0.105094 0.367944 0.923890  0.000000 0.000000 1 0 1.000000
  phy
0  1.205692 -3.906829 41.966591  0.060671 -0.212398 0.975298  0.000000 0.000000 1 0 1.000000
0  3.795763 -0.721926 41.966591  0.628444 -0.093462 0.772220  0.000000 0.000000 1 0 1.000000
0  1.205689 2.462984 41.966591  0.076200 0.473704 0.877381  0.000000 0.000000 1 0 1.000000
  phy
0  1.205692 -3.906829 41.966591  0.060671 -0.212398 0.975298  0.000000 0.000000 1 0 1.000000
0  3.059729 -2.719175 41.966591  0.662026 -0.708812 0.243531  0.000000 0.000000 1 0 1.000000
0  3.795763 -0.721926 41.966591  0.628444 -0.093462 0.772220  0.000000 0.000000 1 0 1.000000
  phy
0  3.795763 -0.721926 41.966591  0.628444 -0.093462 0.772220  0.000000 0.000000 1 0 1.000000
0  3.059724 1.275332 41.966591  0.654249 0.536097 0.533440  0.000000 0.000000 1 0 1.000000
0  1.205689 2.462984 41.966591  0.076200 0.473704 0.877381  0.000000 0.000000 1 0 1.000000
  phy
0  -1.559232 4.747580 38.206539  -0.301622 0.919669 0.251460  0.000000 0.000000 1 0 1.000000
0  -1.099181 2.462984 41.966591  -0.105094 0.367944 0.923890  0.000000 0.000000 1 0 1.000000
0  1.205689 2.462984 41.966591  0.076200 0.473704 0.877381  0.000000 0.000000 1 0 1.000000
  phy
0  -1.559232 4.747580 38.206539  -0.301622 0.919669 0.251460  0.000000 0.000000 1 0 1.000000
0  1.205689 2.462984 41.966591  0.076200 0.473704 0.877381  0.000000 0.000000 1 0 1.000000
0  1.665741 4.747580 38.206539  0.300155 0.941055 0.155960  0.000000 0.000000 1 0 1.000000
  phy
0  3.059729 -2.719175 41.966591  0.662026 -0.708812 0.243531  0.000000 0.000000 1 0 1.000000
0  1.665733 -4.003469 38.206539  0.272164 -0.958992 -0.079131  0.000000 0.000000 1 0 1.000000
0  4.274795 -2.332166 38.206543  0.828083 -0.560568 0.006446  0.000000 0.000000 1 0 1.000000
  phy
0  3.059729 -2.719175 41.966591  0.662026 -0.708812 0.243531  0.000000 0.000000 1 0 1.000000
0  1.205692 -3.906829 41.966591  0.060671 -0.212398 0.975298  0.000000 0.000000 1 0 1.000000
0  1.665733 -4.003469 38.206539  0.272164 -0.958992 -0.079131  0.000000 0.000000 1 0 1.000000
  phy
0  -1.099181 -3.906829 41.966591  -0.157268 -0.977477 0.140733  0.000000 0.000000 1 0 1.000000
0  1.665733 -4.003469 38.206539  0.272164 -0.958992 -0.079131  0.000000 0.000000 1 0 1.000000
0  1.205692 -3.906829 41.966591  0.060671 -0.212398 0.975298  0.000000 0.000000 1 0 1.000000
  phy
0  -1.099181 -3.906829 41.966591  -0.157268 -0.977477 0.140733  0.000000 0.000000 1 0 1.000000
0  -1.559229 -4.003467 38.206539  -0.350841 -0.933666 -0.071962  0.000000 0.000000 1 0 1.000000
0  1.665733 -4.003469 38.206539  0.272164 -0.958992 -0.079131  0.000000 0.000000 1 0 1.000000
  phy
0  -3.689253 -0.721922 41.966591  -0.660992 -0.098338 0.743922  0.000000 0.000000 1 0 1.000000
0  -5.164858 0.372058 38.206539  -0.984375 0.056526 0.166766  0.000000 0.000000 1 0 1.000000
0  -4.168286 -2.332166 38.206535  -0.828084 -0.560567 0.006456  0.000000 0.000000 1 0 1.000000
  phy
0  -3.689253 -0.721922 41.966591  -0.660992 -0.098338 0.743922  0.000000 0.000000 1 0 1.000000
0  -4.168286 -2.332166 38.206535  -0.828084 -0.560567 0.006456  0.000000 0.000000 1 0 1.000000
0  -2.953217 -2.719176 41.966591  -0.604251 -0.646835 0.465280  0.000000 0.000000 1 0 1.000000
  phy
0  -1.559232 4.747580 38.206539  -0.301622 0.919669 0.251460  0.000000 0.000000 1 0 1.000000
0  1.665741 4.747580 38.206539  0.300155 0.941055 0.155960  0.000000 0.000000 1 0 1.000000
0  -1.355274 4.126895 34.446480  -0.085305 0.503699 -0.859657  0.000000 0.000000 1 0 1.000000
  phy
0  -1.355274 4.126895 34.446480  -0.085305 0.503699 -0.859657  0.000000 0.000000 1 0 1.000000
0  1.665741 4.747580 38.206539  0.300155 0.941055 0.155960  0.000000 0.000000 1 0 1.000000
0  1.461786 4.126896 34.446480  0.081576 0.295197 -0.951947  0.000000 0.000000 1 0 1.000000
  phy
0  -1.559232 4.747580 38.206539  -0.301622 0.919669 0.251460  0.000000 0.000000 1 0 1.000000
0  -1.355274 4.126895 34.446480  -0.085305 0.503699 -0.859657  0.000000 0.000000 1 0 1.000000
0  -3.634354 2.718767 34.446480  -0.651551 0.700244 -0.291786  0.000000 0.000000 1 0 1.000000
  phy
0  -1.099181 -3.906829 41.966591  -0.157268 -0.977477 0.140733  0.000000 0.000000 1 0 1.000000
0  -2.953217 -2.719176 41.966591  -0.604251 -0.646835 0.465280  0.000000 0.000000 1 0 1.000000
0  -1.559229 -4.003467 38.206539  -0.350841 -0.933666 -0.071962  0.000000 0.000000 1 0 1.000000
  phy
0  -2.953217 -2.719176 41.966591  -0.604251 -0.646835 0.465280  0.000000 0.000000 1 0 1.000000
0  -4.168286 -2.332166 38.206535  -0.828084 -0.560567 0.006456  0.000000 0.000000 1 0 1.000000
0  -1.559229 -4.003467 38.206539  -0.350841 -0.933666 -0.071962  0.000000 0.000000 1 0 1.000000
  phy
0  3.059724 1.275332 41.966591  0.654249 0.536097 0.533440  0.000000 0.000000 1 0 1.000000
0  5.271368 0.372056 38.206535  0.984375 0.056534 0.166761  0.000000 0.000000 1 0 1.000000
0  4.274795 3.076279 38.206539  0.799786 0.586042 0.129992  0.000000 0.000000 1 0 1.000000
  phy
0  3.059724 1.275332 41.966591  0.654249 0.536097 0.533440  0.000000 0.000000 1 0 1.000000
0  3.795763 -0.721926 41.966591  0.628444 -0.093462 0.772220  0.000000 0.000000 1 0 1.000000
0  5.271368 0.372056 38.206535  0.984375 0.056534 0.166761  0.000000 0.000000 1 0 1.000000
  phy
0  3.059724 1.275332 41.966591  0.654249 0.536097 0.533440  0.000000 0.000000 1 0 1.000000
0  4.274795 3.076279 38.206539  0.799786 0.586042 0.129992  0.000000 0.000000 1 0 1.000000
0  1.665741 4.747580 38.206539  0.300155 0.941055 0.155960  0.000000 0.000000 1 0 1.000000
  phy
0  3.059724 1.275332 41.966591  0.654249 0.536097 0.533440  0.000000 0.000000 1 0 1.000000
0  1.665741 4.747580 38.206539  0.300155 0.941055 0.155960  0.000000 0.000000 1 0 1.000000
0  1.205689 2.462984 41.966591  0.076200 0.473704 0.877381  0.000000 0.000000 1 0 1.000000
  phy
0  4.611355 0.440431 34.446480  0.961483 0.000037 -0.274864  0.000000 0.000000 1 0 1.000000
0  3.740797 -1.837929 34.446480  0.562550 -0.604550 -0.563965  0.000000 0.000000 1 0 1.000000
0  3.740853 2.718767 34.446480  0.430985 0.463135 -0.774441  0.000000 0.000000 1 0 1.000000
  phy
0  3.740853 2.718767 34.446480  0.430985 0.463135 -0.774441  0.000000 0.000000 1 0 1.000000
0  3.740797 -1.837929 34.446480  0.562550 -0.604550 -0.563965  0.000000 0.000000 1 0 1.000000
0  1.461785 -3.246034 34.446480  0.094948 -0.343695 -0.934269  0.000000 0.000000 1 0 1.000000
  phy
0  3.740853 2.718767 34.446480  0.430985 0.463135 -0.774441  0.000000 0.000000 1 0 1.000000
0  1.461785 -3.246034 34.446480  0.094948 -0.343695 -0.934269  0.000000 0.000000 1 0 1.000000
0  1.461786 4.126896 34.446480  0.081576 0.295197 -0.951947  0.000000 0.000000 1 0 1.000000
  phy
0  1.461786 4.126896 34.446480  0.081576 0.295197 -0.951947  0.000000 0.000000 1 0 1.000000
0  1.461785 -3.246034 34.446480  0.094948 -0.343695 -0.934269  0.000000 0.000000 1 0 1.000000
0  -1.355273 -3.246034 34.446480  -0.064216 -0.383111 -0.921467  0.000000 0.000000 1 0 1.000000
  phy
0  1.461786 4.126896 34.446480  0.081576 0.295197 -0.951947  0.000000 0.000000 1 0 1.000000
0  -1.355273 -3.246034 34.446480  -0.064216 -0.383111 -0.921467  0.000000 0.000000 1 0 1.000000
0  -1.355274 4.126895 34.446480  -0.085305 0.503699 -0.859657  0.000000 0.000000 1 0 1.000000
  phy
0  -1.355274 4.126895 34.446480  -0.085305 0.503699 -0.859657  0.000000 0.000000 1 0 1.000000
0  -1.355273 -3.246034 34.446480  -0.064216 -0.383111 -0.921467  0.000000 0.000000 1 0 1.000000
0  -4.504845 0.440431 34.446480  -0.703058 -0.000002 -0.711132  0.000000 0.000000 1 0 1.000000
  phy
0  -1.355274 4.126895 34.446480  -0.085305 0.503699 -0.859657  0.000000 0.000000 1 0 1.000000
0  -4.504845 0.440431 34.446480  -0.703058 -0.000002 -0.711132  0.000000 0.000000 1 0 1.000000
0  -3.634354 2.718767 34.446480  -0.651551 0.700244 -0.291786  0.000000 0.000000 1 0 1.000000
  phy
0  -4.504845 0.440431 34.446480  -0.703058 -0.000002 -0.711132  0.000000 0.000000 1 0 1.000000
0  -1.355273 -3.246034 34.446480  -0.064216 -0.383111 -0.921467  0.000000 0.000000 1 0 1.000000
0  -3.634335 -1.837929 34.446480  -0.646530 -0.694904 -0.314814  0.000000 0.000000 1 0 1.000000
  phy
0  4.274795 -2.332166 38.206543  0.828083 -0.560568 0.006446  0.000000 0.000000 1 0 1.000000
0  1.665733 -4.003469 38.206539  0.272164 -0.958992 -0.079131  0.000000 0.000000 1 0 1.000000
0  3.740797 -1.837929 34.446480  0.562550 -0.604550 -0.563965  0.000000 0.000000 1 0 1.000000
  phy
0  3.740797 -1.837929 34.446480  0.562550 -0.604550 -0.563965  0.000000 0.000000 1 0 1.000000
0  1.665733 -4.003469 38.206539  0.272164 -0.958992 -0.079131  0.000000 0.000000 1 0 1.000000
0  1.461785 -3.246034 34.446480  0.094948 -0.343695 -0.934269  0.000000 0.000000 1 0 1.000000
  phy
0  3.740797 -1.837929 34.446480  0.562550 -0.604550 -0.563965  0.000000 0.000000 1 0 1.000000
0  4.611355 0.440431 34.446480  0.961483 0.000037 -0.274864  0.000000 0.000000 1 0 1.000000
0  4.274795 -2.332166 38.206543  0.828083 -0.560568 0.006446  0.000000 0.000000 1 0 1.000000
  phy
0  -1.559229 -4.003467 38.206539  -0.350841 -0.933666 -0.071962  0.000000 0.000000 1 0 1.000000
0  -4.168286 -2.332166 38.206535  -0.828084 -0.560567 0.006456  0.000000 0.000000 1 0 1.000000
0  -3.634335 -1.837929 34.446480  -0.646530 -0.694904 -0.314814  0.000000 0.000000 1 0 1.000000
  phy
0  -3.634335 -1.837929 34.446480  -0.646530 -0.694904 -0.314814  0.000000 0.000000 1 0 1.000000
0  -1.355273 -3.246034 34.446480  -0.064216 -0.383111 -0.921467  0.000000 0.000000 1 0 1.000000
0  -1.559229 -4.003467 38.206539  -0.350841 -0.933666 -0.071962  0.000000 0.000000 1 0 1.000000
  phy
0  -4.504845 0.440431 34.446480  -0.703058 -0.000002 -0.711132  0.000000 0.000000 1 0 1.000000
0  -3.634335 -1.837929 34.446480  -0.646530 -0.694904 -0.314814  0.000000 0.000000 1 0 1.000000
0  -4.168286 -2.332166 38.206535  -0.828084 -0.560567 0.006456  0.000000 0.000000 1 0 1.000000
  phy
0  3.740853 2.718767 34.446480  0.430985 0.463135 -0.774441  0.000000 0.000000 1 0 1.000000
0  1.665741 4.747580 38.206539  0.300155 0.941055 0.155960  0.000000 0.000000 1 0 1.000000
0  4.274795 3.076279 38.206539  0.799786 0.586042 0.129992  0.000000 0.000000 1 0 1.000000
  phy
0  1.665741 4.747580 38.206539  0.300155 0.941055 0.155960  0.000000 0.000000 1 0 1.000000
0  3.740853 2.718767 34.446480  0.430985 0.463135 -0.774441  0.000000 0.000000 1 0 1.000000
0  1.461786 4.126896 34.446480  0.081576 0.295197 -0.951947  0.000000 0.000000 1 0 1.000000
  phy
0  3.740853 2.718767 34.446480  0.430985 0.463135 -0.774441  0.000000 0.000000 1 0 1.000000
0  4.274795 3.076279 38.206539  0.799786 0.586042 0.129992  0.000000 0.000000 1 0 1.000000
0  4.611355 0.440431 34.446480  0.961483 0.000037 -0.274864  0.000000 0.000000 1 0 1.000000
  phy
0  3.795763 -0.721926 41.966591  0.628444 -0.093462 0.772220  0.000000 0.000000 1 0 1.000000
0  4.274795 -2.332166 38.206543  0.828083 -0.560568 0.006446  0.000000 0.000000 1 0 1.000000
0  5.271368 0.372056 38.206535  0.984375 0.056534 0.166761  0.000000 0.000000 1 0 1.000000
  phy
0  3.795763 -0.721926 41.966591  0.628444 -0.093462 0.772220  0.000000 0.000000 1 0 1.000000
0  3.059729 -2.719175 41.966591  0.662026 -0.708812 0.243531  0.000000 0.000000 1 0 1.000000
0  4.274795 -2.332166 38.206543  0.828083 -0.560568 0.006446  0.000000 0.000000 1 0 1.000000
  phy
0  4.611355 0.440431 34.446480  0.961483 0.000037 -0.274864  0.000000 0.000000 1 0 1.000000
0  5.271368 0.372056 38.206535  0.984375 0.056534 0.166761  0.000000 0.000000 1 0 1.000000
0  4.274795 -2.332166 38.206543  0.828083 -0.560568 0.006446  0.000000 0.000000 1 0 1.000000
  phy
0  -4.504845 0.440431 34.446480  -0.703058 -0.000002 -0.711132  0.000000 0.000000 1 0 1.000000
0  -4.168286 -2.332166 38.206535  -0.828084 -0.560567 0.006456  0.000000 0.000000 1 0 1.000000
0  -5.164858 0.372058 38.206539  -0.984375 0.056526 0.166766  0.000000 0.000000 1 0 1.000000
  phy
0  4.274795 3.076279 38.206539  0.799786 0.586042 0.129992  0.000000 0.000000 1 0 1.000000
0  5.271368 0.372056 38.206535  0.984375 0.056534 0.166761  0.000000 0.000000 1 0 1.000000
0  4.611355 0.440431 34.446480  0.961483 0.000037 -0.274864  0.000000 0.000000 1 0 1.000000
  phy
0  -1.559229 -4.003467 38.206539  -0.350841 -0.933666 -0.071962  0.000000 0.000000 1 0 1.000000
0  -1.355273 -3.246034 34.446480  -0.064216 -0.383111 -0.921467  0.000000 0.000000 1 0 1.000000
0  1.665733 -4.003469 38.206539  0.272164 -0.958992 -0.079131  0.000000 0.000000 1 0 1.000000
  phy
0  -1.355273 -3.246034 34.446480  -0.064216 -0.383111 -0.921467  0.000000 0.000000 1 0 1.000000
0  1.461785 -3.246034 34.446480  0.094948 -0.343695 -0.934269  0.000000 0.000000 1 0 1.000000
0  1.665733 -4.003469 38.206539  0.272164 -0.958992 -0.079131  0.000000 0.000000 1 0 1.000000
  phy
0  -2.707618 -2.214870 21.086859  0.220540 -0.650911 -0.726414  0.000000 0.000000 1 84 1.000000
0  -3.672564 -2.214066 21.086847  0.391793 0.493360 -0.776592  0.000000 0.000000 1 84 1.000000
0  -1.627134 -0.247651 21.046186  0.279635 -0.925851 -0.254174  0.000000 0.000000 1 84 1.000000
  phy
0  -3.672564 -2.214066 21.086847  0.391793 0.493360 -0.776592  0.000000 0.000000 1 84 1.000000
0  -1.924304 0.968960 21.021034  0.337339 -0.727661 0.597254  0.000000 0.000000 1 84 1.000000
0  -1.627134 -0.247651 21.046186  0.279635 -0.925851 -0.254174  0.000000 0.000000 1 84 1.000000
  phy
0  -3.672564 -2.214066 21.086847  0.391793 0.493360 -0.776592  0.000000 0.000000 1 84 1.000000
0  -4.749766 -0.245050 21.046162  0.334133 0.942376 -0.016830  0.000000 0.000000 1 84 1.000000
0  -1.924304 0.968960 21.021034  0.337339 -0.727661 0.597254  0.000000 0.000000 1 84 1.000000
  phy
0  -4.749766 -0.245050 21.046162  0.334133 0.942376 -0.016830  0.000000 0.000000 1 84 1.000000
0  -3.669286 1.722166 21.005489  0.252626 0.343054 0.904707  0.000000 0.000000 1 84 1.000000
0  -1.924304 0.968960 21.021034  0.337339 -0.727661 0.597254  0.000000 0.000000 1 84 1.000000
  phy
0  -3.672564 -2.214066 21.086847  0.391793 0.493360 -0.776592  0.000000 0.000000 1 84 1.000000
0  -2.707618 -2.214870 21.086859  0.220540 -0.650911 -0.726414  0.000000 0.000000 1 84 1.000000
0  -2.694349 -3.498708 28.637587  0.029365 -0.258959 -0.965442  0.000000 0.000000 1 84 1.000000
  phy
0  -3.672564 -2.214066 21.086847  0.391793 0.493360 -0.776592  0.000000 0.000000 1 84 1.000000
0  -2.694349 -3.498708 28.637587  0.029365 -0.258959 -0.965442  0.000000 0.000000 1 84 1.000000
0  -4.282172 -3.497385 28.637583  0.016610 0.364655 -0.930995  0.000000 0.000000 1 84 1.000000
  phy
0  -5.565815 -2.380056 28.614489  0.019618 0.844951 -0.534483  0.000000 0.000000 1 84 1.000000
0  -3.672564 -2.214066 21.086847  0.391793 0.493360 -0.776592  0.000000 0.000000 1 84 1.000000
0  -4.282172 -3.497385 28.637583  0.016610 0.364655 -0.930995  0.000000 0.000000 1 84 1.000000
  phy
0  -3.672564 -2.214066 21.086847  0.391793 0.493360 -0.776592  0.000000 0.000000 1 84 1.000000
0  -5.565815 -2.380056 28.614489  0.019618 0.844951 -0.534483  0.000000 0.000000 1 84 1.000000
0  -4.749766 -0.245050 21.046162  0.334133 0.942376 -0.016830  0.000000 0.000000 1 84 1.000000
  phy
0  -4.089387 -3.015258 35.797821  -0.288020 0.388572 -0.875246  0.000000 0.000000 1 84 1.000000
0  -2.608557 -3.016491 35.797832  -0.126429 -0.532009 -0.837247  0.000000 0.000000 1 84 1.000000
0  -1.409400 -1.648416 35.769547  -0.367235 -0.872295 -0.322863  0.000000 0.000000 1 84 1.000000
  phy
0  -4.089387 -3.015258 35.797821  -0.288020 0.388572 -0.875246  0.000000 0.000000 1 84 1.000000
0  -1.409400 -1.648416 35.769547  -0.367235 -0.872295 -0.322863  0.000000 0.000000 1 84 1.000000
0  -5.286264 -1.645185 35.769520  -0.599714 0.750584 -0.277428  0.000000 0.000000 1 84 1.000000
  phy
0  -5.286264 -1.645185 35.769520  -0.599714 0.750584 -0.277428  0.000000 0.000000 1 84 1.000000
0  -1.409400 -1.648416 35.769547  -0.367235 -0.872295 -0.322863  0.000000 0.000000 1 84 1.000000
0  -0.949952 0.566414 35.723770  -0.653900 -0.755835 0.033586  0.000000 0.000000 1 84 1.000000
  phy
0  -5.286264 -1.645185 35.769520  -0.599714 0.750584 -0.277428  0.000000 0.000000 1 84 1.000000
0  -0.949952 0.566414 35.723770  -0.653900 -0.755835 0.033586  0.000000 0.000000 1 84 1.000000
0  -5.742020 0.570406 35.723732  -0.729545 0.682870 0.038106  0.000000 0.000000 1 84 1.000000
  phy
0  -5.742020 0.570406 35.723732  -0.729545 0.682870 0.038106  0.000000 0.000000 1 84 1.000000
0  -0.949952 0.566414 35.723770  -0.653900 -0.755835 0.033586  0.000000 0.000000 1 84 1.000000
0  -1.405710 2.782009 35.677982  -0.237483 -0.873635 0.424693  0.000000 0.000000 1 84 1.000000
  phy
0  -5.742020 0.570406 35.723732  -0.729545 0.682870 0.038106  0.000000 0.000000 1 84 1.000000
0  -1.405710 2.782009 35.677982  -0.237483 -0.873635 0.424693  0.000000 0.000000 1 84 1.000000
0  -5.282573 2.785237 35.677952  -0.351003 0.861120 0.367789  0.000000 0.000000 1 84 1.000000
  phy
0  -5.282573 2.785237 35.677952  -0.351003 0.861120 0.367789  0.000000 0.000000 1 84 1.000000
0  -1.405710 2.782009 35.677982  -0.237483 -0.873635 0.424693  0.000000 0.000000 1 84 1.000000
0  -2.602587 4.152082 35.649677  0.104295 -0.430269 0.896655  0.000000 0.000000 1 84 1.000000
  phy
0  -5.282573 2.785237 35.677952  -0.351003 0.861120 0.367789  0.000000 0.000000 1 84 1.000000
0  -2.602587 4.152082 35.649677  0.104295 -0.430269 0.896655  0.000000 0.000000 1 84 1.000000
0  -4.083415 4.153313 35.649666  0.122538 0.540936 0.832089  0.000000 0.000000 1 84 1.000000
  phy
0  -5.562805 1.232236 28.539827  0.111129 0.842728 0.526745  0.000000 0.000000 1 84 1.000000
0  -4.083415 4.153313 35.649666  0.122538 0.540936 0.832089  0.000000 0.000000 1 84 1.000000
0  -3.669286 1.722166 21.005489  0.252626 0.343054 0.904707  0.000000 0.000000 1 84 1.000000
  phy
0  -4.083415 4.153313 35.649666  0.122538 0.540936 0.832089  0.000000 0.000000 1 84 1.000000
0  -5.562805 1.232236 28.539827  0.111129 0.842728 0.526745  0.000000 0.000000 1 84 1.000000
0  -5.282573 2.785237 35.677952  -0.351003 0.861120 0.367789  0.000000 0.000000 1 84 1.000000
  phy
0  -2.602587 4.152082 35.649677  0.104295 -0.430269 0.896655  0.000000 0.000000 1 84 1.000000
0  -3.669286 1.722166 21.005489  0.252626 0.343054 0.904707  0.000000 0.000000 1 84 1.000000
0  -4.083415 4.153313 35.649666  0.122538 0.540936 0.832089  0.000000 0.000000 1 84 1.000000
  phy
0  -5.286264 -1.645185 35.769520  -0.599714 0.750584 -0.277428  0.000000 0.000000 1 84 1.000000
0  -5.742020 0.570406 35.723732  -0.729545 0.682870 0.038106  0.000000 0.000000 1 84 1.000000
0  -6.054975 -0.573500 28.577160  -0.010488 0.999945 0.000987  0.000000 0.000000 1 84 1.000000
  phy
0  -6.054975 -0.573500 28.577160  -0.010488 0.999945 0.000987  0.000000 0.000000 1 84 1.000000
0  -5.742020 0.570406 35.723732  -0.729545 0.682870 0.038106  0.000000 0.000000 1 84 1.000000
0  -5.282573 2.785237 35.677952  -0.351003 0.861120 0.367789  0.000000 0.000000 1 84 1.000000
  phy
0  -4.282172 -3.497385 28.637583  0.016610 0.364655 -0.930995  0.000000 0.000000 1 84 1.000000
0  -2.694349 -3.498708 28.637587  0.029365 -0.258959 -0.965442  0.000000 0.000000 1 84 1.000000
0  -4.089387 -3.015258 35.797821  -0.288020 0.388572 -0.875246  0.000000 0.000000 1 84 1.000000
  phy
0  -4.089387 -3.015258 35.797821  -0.288020 0.388572 -0.875246  0.000000 0.000000 1 84 1.000000
0  -2.694349 -3.498708 28.637587  0.029365 -0.258959 -0.965442  0.000000 0.000000 1 84 1.000000
0  -2.608557 -3.016491 35.797832  -0.126429 -0.532009 -0.837247  0.000000 0.000000 1 84 1.000000
  phy
0  -2.608557 -3.016491 35.797832  -0.126429 -0.532009 -0.837247  0.000000 0.000000 1 84 1.000000
0  -2.694349 -3.498708 28.637587  0.029365 -0.258959 -0.965442  0.000000 0.000000 1 84 1.000000
0  -1.408845 -2.383521 28.614523  0.070005 -0.839621 -0.538643  0.000000 0.000000 1 84 1.000000
  phy
0  -2.694349 -3.498708 28.637587  0.029365 -0.258959 -0.965442  0.000000 0.000000 1 84 1.000000
0  -2.707618 -2.214870 21.086859  0.220540 -0.650911 -0.726414  0.000000 0.000000 1 84 1.000000
0  -1.408845 -2.383521 28.614523  0.070005 -0.839621 -0.538643  0.000000 0.000000 1 84 1.000000
  phy
0  -1.627134 -0.247651 21.046186  0.279635 -0.925851 -0.254174  0.000000 0.000000 1 84 1.000000
0  -1.924304 0.968960 21.021034  0.337339 -0.727661 0.597254  0.000000 0.000000 1 84 1.000000
0  -0.916678 -0.577793 28.577143  0.080491 -0.996569 0.019278  0.000000 0.000000 1 84 1.000000
  phy
0  -1.627134 -0.247651 21.046186  0.279635 -0.925851 -0.254174  0.000000 0.000000 1 84 1.000000
0  -1.408845 -2.383521 28.614523  0.070005 -0.839621 -0.538643  0.000000 0.000000 1 84 1.000000
0  -2.707618 -2.214870 21.086859  0.220540 -0.650911 -0.726414  0.000000 0.000000 1 84 1.000000
  phy
0  -0.916678 -0.577793 28.577143  0.080491 -0.996569 0.019278  0.000000 0.000000 1 84 1.000000
0  -1.408845 -2.383521 28.614523  0.070005 -0.839621 -0.538643  0.000000 0.000000 1 84 1.000000
0  -1.627134 -0.247651 21.046186  0.279635 -0.925851 -0.254174  0.000000 0.000000 1 84 1.000000
  phy
0  -5.565815 -2.380056 28.614489  0.019618 0.844951 -0.534483  0.000000 0.000000 1 84 1.000000
0  -4.282172 -3.497385 28.637583  0.016610 0.364655 -0.930995  0.000000 0.000000 1 84 1.000000
0  -4.089387 -3.015258 35.797821  -0.288020 0.388572 -0.875246  0.000000 0.000000 1 84 1.000000
  phy
0  -5.286264 -1.645185 35.769520  -0.599714 0.750584 -0.277428  0.000000 0.000000 1 84 1.000000
0  -5.565815 -2.380056 28.614489  0.019618 0.844951 -0.534483  0.000000 0.000000 1 84 1.000000
0  -4.089387 -3.015258 35.797821  -0.288020 0.388572 -0.875246  0.000000 0.000000 1 84 1.000000
  phy
0  -5.565815 -2.380056 28.614489  0.019618 0.844951 -0.534483  0.000000 0.000000 1 84 1.000000
0  -5.286264 -1.645185 35.769520  -0.599714 0.750584 -0.277428  0.000000 0.000000 1 84 1.000000
0  -6.054975 -0.573500 28.577160  -0.010488 0.999945 0.000987  0.000000 0.000000 1 84 1.000000
  phy
0  -5.565815 -2.380056 28.614489  0.019618 0.844951 -0.534483  0.000000 0.000000 1 84 1.000000
0  -6.054975 -0.573500 28.577160  -0.010488 0.999945 0.000987  0.000000 0.000000 1 84 1.000000
0  -4.749766 -0.245050 21.046162  0.334133 0.942376 -0.016830  0.000000 0.000000 1 84 1.000000
  phy
0  -1.405839 1.228772 28.539833  0.118519 -0.952313 0.281163  0.000000 0.000000 1 84 1.000000
0  -1.405710 2.782009 35.677982  -0.237483 -0.873635 0.424693  0.000000 0.000000 1 84 1.000000
0  -0.916678 -0.577793 28.577143  0.080491 -0.996569 0.019278  0.000000 0.000000 1 84 1.000000
  phy
0  -0.916678 -0.577793 28.577143  0.080491 -0.996569 0.019278  0.000000 0.000000 1 84 1.000000
0  -1.924304 0.968960 21.021034  0.337339 -0.727661 0.597254  0.000000 0.000000 1 84 1.000000
0  -1.405839 1.228772 28.539833  0.118519 -0.952313 0.281163  0.000000 0.000000 1 84 1.000000
  phy
0  -1.405839 1.228772 28.539833  0.118519 -0.952313 0.281163  0.000000 0.000000 1 84 1.000000
0  -1.924304 0.968960 21.021034  0.337339 -0.727661 0.597254  0.000000 0.000000 1 84 1.000000
0  -1.405710 2.782009 35.677982  -0.237483 -0.873635 0.424693  0.000000 0.000000 1 84 1.000000
  phy
0  -2.608557 -3.016491 35.797832  -0.126429 -0.532009 -0.837247  0.000000 0.000000 1 84 1.000000
0  -1.408845 -2.383521 28.614523  0.070005 -0.839621 -0.538643  0.000000 0.000000 1 84 1.000000
0  -1.409400 -1.648416 35.769547  -0.367235 -0.872295 -0.322863  0.000000 0.000000 1 84 1.000000
  phy
0  -6.054975 -0.573500 28.577160  -0.010488 0.999945 0.000987  0.000000 0.000000 1 84 1.000000
0  -5.562805 1.232236 28.539827  0.111129 0.842728 0.526745  0.000000 0.000000 1 84 1.000000
0  -4.749766 -0.245050 21.046162  0.334133 0.942376 -0.016830  0.000000 0.000000 1 84 1.000000
  phy
0  -5.562805 1.232236 28.539827  0.111129 0.842728 0.526745  0.000000 0.000000 1 84 1.000000
0  -6.054975 -0.573500 28.577160  -0.010488 0.999945 0.000987  0.000000 0.000000 1 84 1.000000
0  -5.282573 2.785237 35.677952  -0.351003 0.861120 0.367789  0.000000 0.000000 1 84 1.000000
  phy
0  -5.562805 1.232236 28.539827  0.111129 0.842728 0.526745  0.000000 0.000000 1 84 1.000000
0  -3.669286 1.722166 21.005489  0.252626 0.343054 0.904707  0.000000 0.000000 1 84 1.000000
0  -4.749766 -0.245050 21.046162  0.334133 0.942376 -0.016830  0.000000 0.000000 1 84 1.000000
  phy
0  -1.405710 2.782009 35.677982  -0.237483 -0.873635 0.424693  0.000000 0.000000 1 84 1.000000
0  -1.924304 0.968960 21.021034  0.337339 -0.727661 0.597254  0.000000 0.000000 1 84 1.000000
0  -2.602587 4.152082 35.649677  0.104295 -0.430269 0.896655  0.000000 0.000000 1 84 1.000000
  phy
0  -2.602587 4.152082 35.649677  0.104295 -0.430269 0.896655  0.000000 0.000000 1 84 1.000000
0  -1.924304 0.968960 21.021034  0.337339 -0.727661 0.597254  0.000000 0.000000 1 84 1.000000
0  -3.669286 1.722166 21.005489  0.252626 0.343054 0.904707  0.000000 0.000000 1 84 1.000000
  phy
0  -1.409400 -1.648416 35.769547  -0.367235 -0.872295 -0.322863  0.000000 0.000000 1 84 1.000000
0  -1.408845 -2.383521 28.614523  0.070005 -0.839621 -0.538643  0.000000 0.000000 1 84 1.000000
0  -0.916678 -0.577793 28.577143  0.080491 -0.996569 0.019278  0.000000 0.000000 1 84 1.000000
  phy
0  -0.916678 -0.577793 28.577143  0.080491 -0.996569 0.019278  0.000000 0.000000 1 84 1.000000
0  -0.949952 0.566414 35.723770  -0.653900 -0.755835 0.033586  0.000000 0.000000 1 84 1.000000
0  -1.409400 -1.648416 35.769547  -0.367235 -0.872295 -0.322863  0.000000 0.000000 1 84 1.000000
  phy
0  -1.405710 2.782009 35.677982  -0.237483 -0.873635 0.424693  0.000000 0.000000 1 84 1.000000
0  -0.949952 0.566414 35.723770  -0.653900 -0.755835 0.033586  0.000000 0.000000 1 84 1.000000
0  -0.916678 -0.577793 28.577143  0.080491 -0.996569 0.019278  0.000000 0.000000 1 84 1.000000
  phy
0  -3.225846 -0.790260 4.908129  0.074510 0.008041 -0.997188  0.000000 0.000000 1 85 1.000000
0  -3.911288 -0.038950 4.904772  0.220554 0.883456 -0.413354  0.000000 0.000000 1 85 1.000000
0  -1.695620 -0.037514 4.865200  0.161776 -0.805360 -0.570284  0.000000 0.000000 1 85 1.000000
  phy
0  -3.911288 -0.038950 4.904772  0.220554 0.883456 -0.413354  0.000000 0.000000 1 85 1.000000
0  -1.698095 2.395205 4.814775  0.377008 -0.828825 0.413417  0.000000 0.000000 1 85 1.000000
0  -1.695620 -0.037514 4.865200  0.161776 -0.805360 -0.570284  0.000000 0.000000 1 85 1.000000
  phy
0  -3.911288 -0.038950 4.904772  0.220554 0.883456 -0.413354  0.000000 0.000000 1 85 1.000000
0  -3.913762 2.393773 4.854350  0.278761 0.941547 0.189161  0.000000 0.000000 1 85 1.000000
0  -1.698095 2.395205 4.814775  0.377008 -0.828825 0.413417  0.000000 0.000000 1 85 1.000000
  phy
0  -3.913762 2.393773 4.854350  0.278761 0.941547 0.189161  0.000000 0.000000 1 85 1.000000
0  -3.229852 3.145966 4.826538  0.238008 0.206880 0.948975  0.000000 0.000000 1 85 1.000000
0  -1.698095 2.395205 4.814775  0.377008 -0.828825 0.413417  0.000000 0.000000 1 85 1.000000
  phy
0  -3.225846 -0.790260 4.908129  0.074510 0.008041 -0.997188  0.000000 0.000000 1 85 1.000000
0  -2.600426 -2.511456 20.460850  -0.072849 -0.505806 -0.859566  0.000000 0.000000 1 85 1.000000
0  -3.718233 -2.512178 20.480808  -0.041862 0.693859 -0.718894  0.000000 0.000000 1 85 1.000000
  phy
0  -2.600426 -2.511456 20.460850  -0.072849 -0.505806 -0.859566  0.000000 0.000000 1 85 1.000000
0  -3.225846 -0.790260 4.908129  0.074510 0.008041 -0.997188  0.000000 0.000000 1 85 1.000000
0  -1.695620 -0.037514 4.865200  0.161776 -0.805360 -0.570284  0.000000 0.000000 1 85 1.000000
  phy
0  -3.911288 -0.038950 4.904772  0.220554 0.883456 -0.413354  0.000000 0.000000 1 85 1.000000
0  -3.225846 -0.790260 4.908129  0.074510 0.008041 -0.997188  0.000000 0.000000 1 85 1.000000
0  -3.718233 -2.512178 20.480808  -0.041862 0.693859 -0.718894  0.000000 0.000000 1 85 1.000000
  phy
0  -3.639667 3.921059 13.503834  0.055597 0.309227 0.949362  0.000000 0.000000 1 85 1.000000
0  -2.606077 3.045568 20.345667  -0.093019 -0.411451 0.906673  0.000000 0.000000 1 85 1.000000
0  -2.259173 3.921952 13.479190  0.114286 -0.385171 0.915741  0.000000 0.000000 1 85 1.000000
  phy
0  -3.639667 3.921059 13.503834  0.055597 0.309227 0.949362  0.000000 0.000000 1 85 1.000000
0  -3.723884 3.044845 20.365627  -0.303708 0.673405 0.674008  0.000000 0.000000 1 85 1.000000
0  -2.606077 3.045568 20.345667  -0.093019 -0.411451 0.906673  0.000000 0.000000 1 85 1.000000
  phy
0  -4.970804 0.265525 20.445534  -0.468606 0.882057 0.048820  0.000000 0.000000 1 85 1.000000
0  -3.718233 -2.512178 20.480808  -0.041862 0.693859 -0.718894  0.000000 0.000000 1 85 1.000000
0  -2.600426 -2.511456 20.460850  -0.072849 -0.505806 -0.859566  0.000000 0.000000 1 85 1.000000
  phy
0  -4.970804 0.265525 20.445534  -0.468606 0.882057 0.048820  0.000000 0.000000 1 85 1.000000
0  -2.600426 -2.511456 20.460850  -0.072849 -0.505806 -0.859566  0.000000 0.000000 1 85 1.000000
0  -1.697182 -1.449574 20.422705  -0.406110 -0.900974 -0.152710  0.000000 0.000000 1 85 1.000000
  phy
0  -4.970804 0.265525 20.445534  -0.468606 0.882057 0.048820  0.000000 0.000000 1 85 1.000000
0  -1.697182 -1.449574 20.422705  -0.406110 -0.900974 -0.152710  0.000000 0.000000 1 85 1.000000
0  -1.700675 1.984855 20.351519  -0.470644 -0.851557 0.230966  0.000000 0.000000 1 85 1.000000
  phy
0  -4.970804 0.265525 20.445534  -0.468606 0.882057 0.048820  0.000000 0.000000 1 85 1.000000
0  -1.700675 1.984855 20.351519  -0.470644 -0.851557 0.230966  0.000000 0.000000 1 85 1.000000
0  -3.723884 3.044845 20.365627  -0.303708 0.673405 0.674008  0.000000 0.000000 1 85 1.000000
  phy
0  -3.723884 3.044845 20.365627  -0.303708 0.673405 0.674008  0.000000 0.000000 1 85 1.000000
0  -1.700675 1.984855 20.351519  -0.470644 -0.851557 0.230966  0.000000 0.000000 1 85 1.000000
0  -2.606077 3.045568 20.345667  -0.093019 -0.411451 0.906673  0.000000 0.000000 1 85 1.000000
  phy
0  -2.606077 3.045568 20.345667  -0.093019 -0.411451 0.906673  0.000000 0.000000 1 85 1.000000
0  -1.700675 1.984855 20.351519  -0.470644 -0.851557 0.230966  0.000000 0.000000 1 85 1.000000
0  -1.141331 2.943501 13.479536  0.033153 -0.842538 0.537615  0.000000 0.000000 1 85 1.000000
  phy
0  -1.141331 2.943501 13.479536  0.033153 -0.842538 0.537615  0.000000 0.000000 1 85 1.000000
0  -2.259173 3.921952 13.479190  0.114286 -0.385171 0.915741  0.000000 0.000000 1 85 1.000000
0  -2.606077 3.045568 20.345667  -0.093019 -0.411451 0.906673  0.000000 0.000000 1 85 1.000000
  phy
0  -1.698095 2.395205 4.814775  0.377008 -0.828825 0.413417  0.000000 0.000000 1 85 1.000000
0  -2.259173 3.921952 13.479190  0.114286 -0.385171 0.915741  0.000000 0.000000 1 85 1.000000
0  -1.141331 2.943501 13.479536  0.033153 -0.842538 0.537615  0.000000 0.000000 1 85 1.000000
  phy
0  -1.141331 2.943501 13.479536  0.033153 -0.842538 0.537615  0.000000 0.000000 1 85 1.000000
0  -0.713126 1.359440 13.504755  0.018426 -0.999828 -0.002326  0.000000 0.000000 1 85 1.000000
0  -1.698095 2.395205 4.814775  0.377008 -0.828825 0.413417  0.000000 0.000000 1 85 1.000000
  phy
0  -1.700675 1.984855 20.351519  -0.470644 -0.851557 0.230966  0.000000 0.000000 1 85 1.000000
0  -0.713126 1.359440 13.504755  0.018426 -0.999828 -0.002326  0.000000 0.000000 1 85 1.000000
0  -1.141331 2.943501 13.479536  0.033153 -0.842538 0.537615  0.000000 0.000000 1 85 1.000000
  phy
0  -4.752292 -0.227509 13.609747  -0.005220 0.901167 -0.433441  0.000000 0.000000 1 85 1.000000
0  -4.970804 0.265525 20.445534  -0.468606 0.882057 0.048820  0.000000 0.000000 1 85 1.000000
0  -5.180499 1.356552 13.584528  0.051468 0.998662 -0.004986  0.000000 0.000000 1 85 1.000000
  phy
0  -4.970804 0.265525 20.445534  -0.468606 0.882057 0.048820  0.000000 0.000000 1 85 1.000000
0  -4.752292 -0.227509 13.609747  -0.005220 0.901167 -0.433441  0.000000 0.000000 1 85 1.000000
0  -3.718233 -2.512178 20.480808  -0.041862 0.693859 -0.718894  0.000000 0.000000 1 85 1.000000
  phy
0  -3.911288 -0.038950 4.904772  0.220554 0.883456 -0.413354  0.000000 0.000000 1 85 1.000000
0  -4.752292 -0.227509 13.609747  -0.005220 0.901167 -0.433441  0.000000 0.000000 1 85 1.000000
0  -5.180499 1.356552 13.584528  0.051468 0.998662 -0.004986  0.000000 0.000000 1 85 1.000000
  phy
0  -4.752292 -0.227509 13.609747  -0.005220 0.901167 -0.433441  0.000000 0.000000 1 85 1.000000
0  -3.911288 -0.038950 4.904772  0.220554 0.883456 -0.413354  0.000000 0.000000 1 85 1.000000
0  -3.718233 -2.512178 20.480808  -0.041862 0.693859 -0.718894  0.000000 0.000000 1 85 1.000000
  phy
0  -4.755512 2.941162 13.544071  0.012961 0.860684 0.508975  0.000000 0.000000 1 85 1.000000
0  -3.913762 2.393773 4.854350  0.278761 0.941547 0.189161  0.000000 0.000000 1 85 1.000000
0  -5.180499 1.356552 13.584528  0.051468 0.998662 -0.004986  0.000000 0.000000 1 85 1.000000
  phy
0  -3.913762 2.393773 4.854350  0.278761 0.941547 0.189161  0.000000 0.000000 1 85 1.000000
0  -4.755512 2.941162 13.544071  0.012961 0.860684 0.508975  0.000000 0.000000 1 85 1.000000
0  -3.229852 3.145966 4.826538  0.238008 0.206880 0.948975  0.000000 0.000000 1 85 1.000000
  phy
0  -3.913762 2.393773 4.854350  0.278761 0.941547 0.189161  0.000000 0.000000 1 85 1.000000
0  -3.911288 -0.038950 4.904772  0.220554 0.883456 -0.413354  0.000000 0.000000 1 85 1.000000
0  -5.180499 1.356552 13.584528  0.051468 0.998662 -0.004986  0.000000 0.000000 1 85 1.000000
  phy
0  -4.755512 2.941162 13.544071  0.012961 0.860684 0.508975  0.000000 0.000000 1 85 1.000000
0  -3.723884 3.044845 20.365627  -0.303708 0.673405 0.674008  0.000000 0.000000 1 85 1.000000
0  -3.639667 3.921059 13.503834  0.055597 0.309227 0.949362  0.000000 0.000000 1 85 1.000000
  phy
0  -3.639667 3.921059 13.503834  0.055597 0.309227 0.949362  0.000000 0.000000 1 85 1.000000
0  -3.229852 3.145966 4.826538  0.238008 0.206880 0.948975  0.000000 0.000000 1 85 1.000000
0  -4.755512 2.941162 13.544071  0.012961 0.860684 0.508975  0.000000 0.000000 1 85 1.000000
  phy
0  -2.259173 3.921952 13.479190  0.114286 -0.385171 0.915741  0.000000 0.000000 1 85 1.000000
0  -3.229852 3.145966 4.826538  0.238008 0.206880 0.948975  0.000000 0.000000 1 85 1.000000
0  -3.639667 3.921059 13.503834  0.055597 0.309227 0.949362  0.000000 0.000000 1 85 1.000000
  phy
0  -2.600426 -2.511456 20.460850  -0.072849 -0.505806 -0.859566  0.000000 0.000000 1 85 1.000000
0  -1.695620 -0.037514 4.865200  0.161776 -0.805360 -0.570284  0.000000 0.000000 1 85 1.000000
0  -1.138118 -0.225176 13.545198  0.025068 -0.860874 -0.508201  0.000000 0.000000 1 85 1.000000
  phy
0  -1.138118 -0.225176 13.545198  0.025068 -0.860874 -0.508201  0.000000 0.000000 1 85 1.000000
0  -1.697182 -1.449574 20.422705  -0.406110 -0.900974 -0.152710  0.000000 0.000000 1 85 1.000000
0  -2.600426 -2.511456 20.460850  -0.072849 -0.505806 -0.859566  0.000000 0.000000 1 85 1.000000
  phy
0  -1.138118 -0.225176 13.545198  0.025068 -0.860874 -0.508201  0.000000 0.000000 1 85 1.000000
0  -0.713126 1.359440 13.504755  0.018426 -0.999828 -0.002326  0.000000 0.000000 1 85 1.000000
0  -1.697182 -1.449574 20.422705  -0.406110 -0.900974 -0.152710  0.000000 0.000000 1 85 1.000000
  phy
0  -1.695620 -0.037514 4.865200  0.161776 -0.805360 -0.570284  0.000000 0.000000 1 85 1.000000
0  -0.713126 1.359440 13.504755  0.018426 -0.999828 -0.002326  0.000000 0.000000 1 85 1.000000
0  -1.138118 -0.225176 13.545198  0.025068 -0.860874 -0.508201  0.000000 0.000000 1 85 1.000000
  phy
0  -1.697182 -1.449574 20.422705  -0.406110 -0.900974 -0.152710  0.000000 0.000000 1 85 1.000000
0  -0.713126 1.359440 13.504755  0.018426 -0.999828 -0.002326  0.000000 0.000000 1 85 1.000000
0  -1.700675 1.984855 20.351519  -0.470644 -0.851557 0.230966  0.000000 0.000000 1 85 1.000000
  phy
0  -4.970804 0.265525 20.445534  -0.468606 0.882057 0.048820  0.000000 0.000000 1 85 1.000000
0  -4.755512 2.941162 13.544071  0.012961 0.860684 0.508975  0.000000 0.000000 1 85 1.000000
0  -5.180499 1.356552 13.584528  0.051468 0.998662 -0.004986  0.000000 0.000000 1 85 1.000000
  phy
0  -4.755512 2.941162 13.544071  0.012961 0.860684 0.508975  0.000000 0.000000 1 85 1.000000
0  -4.970804 0.265525 20.445534  -0.468606 0.882057 0.048820  0.000000 0.000000 1 85 1.000000
0  -3.723884 3.044845 20.365627  -0.303708 0.673405 0.674008  0.000000 0.000000 1 85 1.000000
  phy
0  -1.698095 2.395205 4.814775  0.377008 -0.828825 0.413417  0.000000 0.000000 1 85 1.000000
0  -3.229852 3.145966 4.826538  0.238008 0.206880 0.948975  0.000000 0.000000 1 85 1.000000
0  -2.259173 3.921952 13.479190  0.114286 -0.385171 0.915741  0.000000 0.000000 1 85 1.000000
  phy
0  -1.698095 2.395205 4.814775  0.377008 -0.828825 0.413417  0.000000 0.000000 1 85 1.000000
0  -0.713126 1.359440 13.504755  0.018426 -0.999828 -0.002326  0.000000 0.000000 1 85 1.000000
0  -1.695620 -0.037514 4.865200  0.161776 -0.805360 -0.570284  0.000000 0.000000 1 85 1.000000
  phy
0  2.614952 -2.214969 21.086824  0.276328 0.347893 -0.895887  0.000000 0.000000 1 73 1.000000
0  1.534468 -0.247750 21.046158  0.346380 0.903651 -0.251865  0.000000 0.000000 1 73 1.000000
0  4.359932 -1.461760 21.071276  0.397972 -0.790008 -0.466375  0.000000 0.000000 1 73 1.000000
  phy
0  1.534468 -0.247750 21.046158  0.346380 0.903651 -0.251865  0.000000 0.000000 1 73 1.000000
0  1.831640 0.968864 21.021013  0.310722 0.734469 0.603330  0.000000 0.000000 1 73 1.000000
0  4.359932 -1.461760 21.071276  0.397972 -0.790008 -0.466375  0.000000 0.000000 1 73 1.000000
  phy
0  1.831640 0.968864 21.021013  0.310722 0.734469 0.603330  0.000000 0.000000 1 73 1.000000
0  4.357911 0.970969 21.020994  0.247836 -0.858550 0.448852  0.000000 0.000000 1 73 1.000000
0  4.359932 -1.461760 21.071276  0.397972 -0.790008 -0.466375  0.000000 0.000000 1 73 1.000000
  phy
0  1.831640 0.968864 21.021013  0.310722 0.734469 0.603330  0.000000 0.000000 1 73 1.000000
0  3.576620 1.722071 21.005463  0.242787 -0.007701 0.970049  0.000000 0.000000 1 73 1.000000
0  4.357911 0.970969 21.020994  0.247836 -0.858550 0.448852  0.000000 0.000000 1 73 1.000000
  phy
0  2.509919 4.151997 35.649673  0.175851 0.424594 0.888142  0.000000 0.000000 1 73 1.000000
0  3.990741 4.153231 35.649658  0.052136 -0.558988 0.827535  0.000000 0.000000 1 73 1.000000
0  3.576620 1.722071 21.005463  0.242787 -0.007701 0.970049  0.000000 0.000000 1 73 1.000000
  phy
0  3.576620 1.722071 21.005463  0.242787 -0.007701 0.970049  0.000000 0.000000 1 73 1.000000
0  1.831640 0.968864 21.021013  0.310722 0.734469 0.603330  0.000000 0.000000 1 73 1.000000
0  2.509919 4.151997 35.649673  0.175851 0.424594 0.888142  0.000000 0.000000 1 73 1.000000
  phy
0  3.576620 1.722071 21.005463  0.242787 -0.007701 0.970049  0.000000 0.000000 1 73 1.000000
0  3.990741 4.153231 35.649658  0.052136 -0.558988 0.827535  0.000000 0.000000 1 73 1.000000
0  4.357911 0.970969 21.020994  0.247836 -0.858550 0.448852  0.000000 0.000000 1 73 1.000000
  phy
0  2.509919 4.151997 35.649673  0.175851 0.424594 0.888142  0.000000 0.000000 1 73 1.000000
0  1.313044 2.781925 35.677979  -0.266705 0.866099 0.422777  0.000000 0.000000 1 73 1.000000
0  3.990741 4.153231 35.649658  0.052136 -0.558988 0.827535  0.000000 0.000000 1 73 1.000000
  phy
0  3.990741 4.153231 35.649658  0.052136 -0.558988 0.827535  0.000000 0.000000 1 73 1.000000
0  1.313044 2.781925 35.677979  -0.266705 0.866099 0.422777  0.000000 0.000000 1 73 1.000000
0  5.189909 2.785150 35.677929  -0.307762 -0.876492 0.370196  0.000000 0.000000 1 73 1.000000
  phy
0  5.189909 2.785150 35.677929  -0.307762 -0.876492 0.370196  0.000000 0.000000 1 73 1.000000
0  1.313044 2.781925 35.677979  -0.266705 0.866099 0.422777  0.000000 0.000000 1 73 1.000000
0  5.649358 0.570316 35.723698  -0.728052 -0.684485 0.037700  0.000000 0.000000 1 73 1.000000
  phy
0  5.649358 0.570316 35.723698  -0.728052 -0.684485 0.037700  0.000000 0.000000 1 73 1.000000
0  1.313044 2.781925 35.677979  -0.266705 0.866099 0.422777  0.000000 0.000000 1 73 1.000000
0  0.857287 0.566328 35.723759  -0.655642 0.754310 0.033913  0.000000 0.000000 1 73 1.000000
  phy
0  5.649358 0.570316 35.723698  -0.728052 -0.684485 0.037700  0.000000 0.000000 1 73 1.000000
0  0.857287 0.566328 35.723759  -0.655642 0.754310 0.033913  0.000000 0.000000 1 73 1.000000
0  5.193603 -1.645260 35.769478  -0.597964 -0.751784 -0.277957  0.000000 0.000000 1 73 1.000000
  phy
0  5.193603 -1.645260 35.769478  -0.597964 -0.751784 -0.277957  0.000000 0.000000 1 73 1.000000
0  0.857287 0.566328 35.723759  -0.655642 0.754310 0.033913  0.000000 0.000000 1 73 1.000000
0  1.316733 -1.648502 35.769527  -0.369177 0.871667 -0.322344  0.000000 0.000000 1 73 1.000000
  phy
0  5.193603 -1.645260 35.769478  -0.597964 -0.751784 -0.277957  0.000000 0.000000 1 73 1.000000
0  1.316733 -1.648502 35.769527  -0.369177 0.871667 -0.322344  0.000000 0.000000 1 73 1.000000
0  3.996727 -3.015347 35.797783  -0.286989 -0.388639 -0.875555  0.000000 0.000000 1 73 1.000000
  phy
0  3.996727 -3.015347 35.797783  -0.286989 -0.388639 -0.875555  0.000000 0.000000 1 73 1.000000
0  1.316733 -1.648502 35.769527  -0.369177 0.871667 -0.322344  0.000000 0.000000 1 73 1.000000
0  2.515893 -3.016578 35.797802  -0.127700 0.532224 -0.836917  0.000000 0.000000 1 73 1.000000
  phy
0  5.473151 -2.380150 28.614477  -0.020208 -0.836009 -0.548343  0.000000 0.000000 1 73 1.000000
0  5.962311 -0.573595 28.577139  0.022605 -0.999744 -0.001261  0.000000 0.000000 1 73 1.000000
0  5.193603 -1.645260 35.769478  -0.597964 -0.751784 -0.277957  0.000000 0.000000 1 73 1.000000
  phy
0  5.193603 -1.645260 35.769478  -0.597964 -0.751784 -0.277957  0.000000 0.000000 1 73 1.000000
0  5.962311 -0.573595 28.577139  0.022605 -0.999744 -0.001261  0.000000 0.000000 1 73 1.000000
0  5.649358 0.570316 35.723698  -0.728052 -0.684485 0.037700  0.000000 0.000000 1 73 1.000000
  phy
0  5.193603 -1.645260 35.769478  -0.597964 -0.751784 -0.277957  0.000000 0.000000 1 73 1.000000
0  3.996727 -3.015347 35.797783  -0.286989 -0.388639 -0.875555  0.000000 0.000000 1 73 1.000000
0  5.473151 -2.380150 28.614477  -0.020208 -0.836009 -0.548343  0.000000 0.000000 1 73 1.000000
  phy
0  5.470144 1.232143 28.539837  0.094528 -0.849842 0.518491  0.000000 0.000000 1 73 1.000000
0  5.962311 -0.573595 28.577139  0.022605 -0.999744 -0.001261  0.000000 0.000000 1 73 1.000000
0  4.357911 0.970969 21.020994  0.247836 -0.858550 0.448852  0.000000 0.000000 1 73 1.000000
  phy
0  5.470144 1.232143 28.539837  0.094528 -0.849842 0.518491  0.000000 0.000000 1 73 1.000000
0  5.189909 2.785150 35.677929  -0.307762 -0.876492 0.370196  0.000000 0.000000 1 73 1.000000
0  5.962311 -0.573595 28.577139  0.022605 -0.999744 -0.001261  0.000000 0.000000 1 73 1.000000
  phy
0  3.990741 4.153231 35.649658  0.052136 -0.558988 0.827535  0.000000 0.000000 1 73 1.000000
0  5.189909 2.785150 35.677929  -0.307762 -0.876492 0.370196  0.000000 0.000000 1 73 1.000000
0  5.470144 1.232143 28.539837  0.094528 -0.849842 0.518491  0.000000 0.000000 1 73 1.000000
  phy
0  4.357911 0.970969 21.020994  0.247836 -0.858550 0.448852  0.000000 0.000000 1 73 1.000000
0  3.990741 4.153231 35.649658  0.052136 -0.558988 0.827535  0.000000 0.000000 1 73 1.000000
0  5.470144 1.232143 28.539837  0.094528 -0.849842 0.518491  0.000000 0.000000 1 73 1.000000
  phy
0  1.313044 2.781925 35.677979  -0.266705 0.866099 0.422777  0.000000 0.000000 1 73 1.000000
0  1.313174 1.228683 28.539837  0.116402 0.952443 0.281607  0.000000 0.000000 1 73 1.000000
0  0.823994 -0.577846 28.577156  0.078170 0.996742 0.019880  0.000000 0.000000 1 73 1.000000
  phy
0  1.313174 1.228683 28.539837  0.116402 0.952443 0.281607  0.000000 0.000000 1 73 1.000000
0  1.313044 2.781925 35.677979  -0.266705 0.866099 0.422777  0.000000 0.000000 1 73 1.000000
0  1.831640 0.968864 21.021013  0.310722 0.734469 0.603330  0.000000 0.000000 1 73 1.000000
  phy
0  0.823994 -0.577846 28.577156  0.078170 0.996742 0.019880  0.000000 0.000000 1 73 1.000000
0  1.313174 1.228683 28.539837  0.116402 0.952443 0.281607  0.000000 0.000000 1 73 1.000000
0  1.831640 0.968864 21.021013  0.310722 0.734469 0.603330  0.000000 0.000000 1 73 1.000000
  phy
0  1.313044 2.781925 35.677979  -0.266705 0.866099 0.422777  0.000000 0.000000 1 73 1.000000
0  2.509919 4.151997 35.649673  0.175851 0.424594 0.888142  0.000000 0.000000 1 73 1.000000
0  1.831640 0.968864 21.021013  0.310722 0.734469 0.603330  0.000000 0.000000 1 73 1.000000
  phy
0  2.601685 -3.498802 28.637575  0.012853 0.294032 -0.955709  0.000000 0.000000 1 73 1.000000
0  4.189503 -3.497480 28.637579  0.061113 -0.372257 -0.926116  0.000000 0.000000 1 73 1.000000
0  3.996727 -3.015347 35.797783  -0.286989 -0.388639 -0.875555  0.000000 0.000000 1 73 1.000000
  phy
0  2.601685 -3.498802 28.637575  0.012853 0.294032 -0.955709  0.000000 0.000000 1 73 1.000000
0  3.996727 -3.015347 35.797783  -0.286989 -0.388639 -0.875555  0.000000 0.000000 1 73 1.000000
0  2.515893 -3.016578 35.797802  -0.127700 0.532224 -0.836917  0.000000 0.000000 1 73 1.000000
  phy
0  2.601685 -3.498802 28.637575  0.012853 0.294032 -0.955709  0.000000 0.000000 1 73 1.000000
0  2.515893 -3.016578 35.797802  -0.127700 0.532224 -0.836917  0.000000 0.000000 1 73 1.000000
0  1.316179 -2.383614 28.614508  0.068085 0.840078 -0.538175  0.000000 0.000000 1 73 1.000000
  phy
0  2.601685 -3.498802 28.637575  0.012853 0.294032 -0.955709  0.000000 0.000000 1 73 1.000000
0  2.614952 -2.214969 21.086824  0.276328 0.347893 -0.895887  0.000000 0.000000 1 73 1.000000
0  4.189503 -3.497480 28.637579  0.061113 -0.372257 -0.926116  0.000000 0.000000 1 73 1.000000
  phy
0  2.614952 -2.214969 21.086824  0.276328 0.347893 -0.895887  0.000000 0.000000 1 73 1.000000
0  2.601685 -3.498802 28.637575  0.012853 0.294032 -0.955709  0.000000 0.000000 1 73 1.000000
0  1.316179 -2.383614 28.614508  0.068085 0.840078 -0.538175  0.000000 0.000000 1 73 1.000000
  phy
0  1.534468 -0.247750 21.046158  0.346380 0.903651 -0.251865  0.000000 0.000000 1 73 1.000000
0  0.823994 -0.577846 28.577156  0.078170 0.996742 0.019880  0.000000 0.000000 1 73 1.000000
0  1.831640 0.968864 21.021013  0.310722 0.734469 0.603330  0.000000 0.000000 1 73 1.000000
  phy
0  1.534468 -0.247750 21.046158  0.346380 0.903651 -0.251865  0.000000 0.000000 1 73 1.000000
0  2.614952 -2.214969 21.086824  0.276328 0.347893 -0.895887  0.000000 0.000000 1 73 1.000000
0  1.316179 -2.383614 28.614508  0.068085 0.840078 -0.538175  0.000000 0.000000 1 73 1.000000
  phy
0  0.823994 -0.577846 28.577156  0.078170 0.996742 0.019880  0.000000 0.000000 1 73 1.000000
0  1.534468 -0.247750 21.046158  0.346380 0.903651 -0.251865  0.000000 0.000000 1 73 1.000000
0  1.316179 -2.383614 28.614508  0.068085 0.840078 -0.538175  0.000000 0.000000 1 73 1.000000
  phy
0  4.189503 -3.497480 28.637579  0.061113 -0.372257 -0.926116  0.000000 0.000000 1 73 1.000000
0  5.473151 -2.380150 28.614477  -0.020208 -0.836009 -0.548343  0.000000 0.000000 1 73 1.000000
0  3.996727 -3.015347 35.797783  -0.286989 -0.388639 -0.875555  0.000000 0.000000 1 73 1.000000
  phy
0  5.473151 -2.380150 28.614477  -0.020208 -0.836009 -0.548343  0.000000 0.000000 1 73 1.000000
0  4.189503 -3.497480 28.637579  0.061113 -0.372257 -0.926116  0.000000 0.000000 1 73 1.000000
0  4.359932 -1.461760 21.071276  0.397972 -0.790008 -0.466375  0.000000 0.000000 1 73 1.000000
  phy
0  5.473151 -2.380150 28.614477  -0.020208 -0.836009 -0.548343  0.000000 0.000000 1 73 1.000000
0  4.359932 -1.461760 21.071276  0.397972 -0.790008 -0.466375  0.000000 0.000000 1 73 1.000000
0  5.962311 -0.573595 28.577139  0.022605 -0.999744 -0.001261  0.000000 0.000000 1 73 1.000000
  phy
0  2.515893 -3.016578 35.797802  -0.127700 0.532224 -0.836917  0.000000 0.000000 1 73 1.000000
0  1.316733 -1.648502 35.769527  -0.369177 0.871667 -0.322344  0.000000 0.000000 1 73 1.000000
0  1.316179 -2.383614 28.614508  0.068085 0.840078 -0.538175  0.000000 0.000000 1 73 1.000000
  phy
0  5.962311 -0.573595 28.577139  0.022605 -0.999744 -0.001261  0.000000 0.000000 1 73 1.000000
0  4.359932 -1.461760 21.071276  0.397972 -0.790008 -0.466375  0.000000 0.000000 1 73 1.000000
0  4.357911 0.970969 21.020994  0.247836 -0.858550 0.448852  0.000000 0.000000 1 73 1.000000
  phy
0  5.962311 -0.573595 28.577139  0.022605 -0.999744 -0.001261  0.000000 0.000000 1 73 1.000000
0  5.189909 2.785150 35.677929  -0.307762 -0.876492 0.370196  0.000000 0.000000 1 73 1.000000
0  5.649358 0.570316 35.723698  -0.728052 -0.684485 0.037700  0.000000 0.000000 1 73 1.000000
  phy
0  1.313044 2.781925 35.677979  -0.266705 0.866099 0.422777  0.000000 0.000000 1 73 1.000000
0  0.823994 -0.577846 28.577156  0.078170 0.996742 0.019880  0.000000 0.000000 1 73 1.000000
0  0.857287 0.566328 35.723759  -0.655642 0.754310 0.033913  0.000000 0.000000 1 73 1.000000
  phy
0  4.189503 -3.497480 28.637579  0.061113 -0.372257 -0.926116  0.000000 0.000000 1 73 1.000000
0  2.614952 -2.214969 21.086824  0.276328 0.347893 -0.895887  0.000000 0.000000 1 73 1.000000
0  4.359932 -1.461760 21.071276  0.397972 -0.790008 -0.466375  0.000000 0.000000 1 73 1.000000
  phy
0  1.316733 -1.648502 35.769527  -0.369177 0.871667 -0.322344  0.000000 0.000000 1 73 1.000000
0  0.823994 -0.577846 28.577156  0.078170 0.996742 0.019880  0.000000 0.000000 1 73 1.000000
0  1.316179 -2.383614 28.614508  0.068085 0.840078 -0.538175  0.000000 0.000000 1 73 1.000000
  phy
0  0.823994 -0.577846 28.577156  0.078170 0.996742 0.019880  0.000000 0.000000 1 73 1.000000
0  1.316733 -1.648502 35.769527  -0.369177 0.871667 -0.322344  0.000000 0.000000 1 73 1.000000
0  0.857287 0.566328 35.723759  -0.655642 0.754310 0.033913  0.000000 0.000000 1 73 1.000000
  phy
0  2.521904 3.146393 4.814273  0.191922 0.541365 0.818590  0.000000 0.000000 1 74 1.000000
0  2.402835 3.921818 13.482125  0.089152 0.313655 0.945343  0.000000 0.000000 1 74 1.000000
0  3.368216 3.145890 4.828865  0.272647 -0.561430 0.781319  0.000000 0.000000 1 74 1.000000
  phy
0  2.402835 3.921818 13.482125  0.089152 0.313655 0.945343  0.000000 0.000000 1 74 1.000000
0  3.783341 3.920993 13.505930  0.056396 -0.309663 0.949172  0.000000 0.000000 1 74 1.000000
0  3.368216 3.145890 4.828865  0.272647 -0.561430 0.781319  0.000000 0.000000 1 74 1.000000
  phy
0  4.049872 -0.038993 4.906694  0.066500 -0.767769 -0.637267  0.000000 0.000000 1 74 1.000000
0  2.503057 -0.789823 4.895619  0.099784 0.249678 -0.963174  0.000000 0.000000 1 74 1.000000
0  4.312556 1.177214 4.885985  0.414283 -0.895458 0.162864  0.000000 0.000000 1 74 1.000000
  phy
0  2.503057 -0.789823 4.895619  0.099784 0.249678 -0.963174  0.000000 0.000000 1 74 1.000000
0  1.834176 -0.037673 4.868488  0.286877 0.925755 -0.246332  0.000000 0.000000 1 74 1.000000
0  4.312556 1.177214 4.885985  0.414283 -0.895458 0.162864  0.000000 0.000000 1 74 1.000000
  phy
0  1.834176 -0.037673 4.868488  0.286877 0.925755 -0.246332  0.000000 0.000000 1 74 1.000000
0  1.836494 2.395050 4.818050  0.365223 0.913528 0.179102  0.000000 0.000000 1 74 1.000000
0  4.312556 1.177214 4.885985  0.414283 -0.895458 0.162864  0.000000 0.000000 1 74 1.000000
  phy
0  1.836494 2.395050 4.818050  0.365223 0.913528 0.179102  0.000000 0.000000 1 74 1.000000
0  3.368216 3.145890 4.828865  0.272647 -0.561430 0.781319  0.000000 0.000000 1 74 1.000000
0  4.312556 1.177214 4.885985  0.414283 -0.895458 0.162864  0.000000 0.000000 1 74 1.000000
  phy
0  1.836494 2.395050 4.818050  0.365223 0.913528 0.179102  0.000000 0.000000 1 74 1.000000
0  2.521904 3.146393 4.814273  0.191922 0.541365 0.818590  0.000000 0.000000 1 74 1.000000
0  3.368216 3.145890 4.828865  0.272647 -0.561430 0.781319  0.000000 0.000000 1 74 1.000000
  phy
0  3.368216 3.145890 4.828865  0.272647 -0.561430 0.781319  0.000000 0.000000 1 74 1.000000
0  3.783341 3.920993 13.505930  0.056396 -0.309663 0.949172  0.000000 0.000000 1 74 1.000000
0  4.899265 2.941152 13.545474  0.066311 -0.858540 0.508441  0.000000 0.000000 1 74 1.000000
  phy
0  4.899265 2.941152 13.545474  0.066311 -0.858540 0.508441  0.000000 0.000000 1 74 1.000000
0  4.312556 1.177214 4.885985  0.414283 -0.895458 0.162864  0.000000 0.000000 1 74 1.000000
0  3.368216 3.145890 4.828865  0.272647 -0.561430 0.781319  0.000000 0.000000 1 74 1.000000
  phy
0  2.402835 3.921818 13.482125  0.089152 0.313655 0.945343  0.000000 0.000000 1 74 1.000000
0  2.521904 3.146393 4.814273  0.191922 0.541365 0.818590  0.000000 0.000000 1 74 1.000000
0  1.285040 2.943305 13.483165  0.046415 0.829708 0.556264  0.000000 0.000000 1 74 1.000000
  phy
0  1.836494 2.395050 4.818050  0.365223 0.913528 0.179102  0.000000 0.000000 1 74 1.000000
0  1.285040 2.943305 13.483165  0.046415 0.829708 0.556264  0.000000 0.000000 1 74 1.000000
0  2.521904 3.146393 4.814273  0.191922 0.541365 0.818590  0.000000 0.000000 1 74 1.000000
  phy
0  2.754009 3.045446 20.348398  -0.179141 0.405540 0.896352  0.000000 0.000000 1 74 1.000000
0  1.285040 2.943305 13.483165  0.046415 0.829708 0.556264  0.000000 0.000000 1 74 1.000000
0  1.848662 1.984685 20.354801  -0.526312 0.818678 0.229699  0.000000 0.000000 1 74 1.000000
  phy
0  2.754009 3.045446 20.348398  -0.179141 0.405540 0.896352  0.000000 0.000000 1 74 1.000000
0  2.402835 3.921818 13.482125  0.089152 0.313655 0.945343  0.000000 0.000000 1 74 1.000000
0  1.285040 2.943305 13.483165  0.046415 0.829708 0.556264  0.000000 0.000000 1 74 1.000000
  phy
0  1.285040 2.943305 13.483165  0.046415 0.829708 0.556264  0.000000 0.000000 1 74 1.000000
0  1.836494 2.395050 4.818050  0.365223 0.913528 0.179102  0.000000 0.000000 1 74 1.000000
0  0.856931 1.359225 13.508652  0.016099 0.999767 -0.014404  0.000000 0.000000 1 74 1.000000
  phy
0  1.848662 1.984685 20.354801  -0.526312 0.818678 0.229699  0.000000 0.000000 1 74 1.000000
0  1.285040 2.943305 13.483165  0.046415 0.829708 0.556264  0.000000 0.000000 1 74 1.000000
0  0.856931 1.359225 13.508652  0.016099 0.999767 -0.014404  0.000000 0.000000 1 74 1.000000
  phy
0  3.871830 3.044778 20.367678  -0.099259 -0.530582 0.841802  0.000000 0.000000 1 74 1.000000
0  2.754009 3.045446 20.348398  -0.179141 0.405540 0.896352  0.000000 0.000000 1 74 1.000000
0  4.775151 1.982944 20.405251  -0.390200 -0.889024 0.239543  0.000000 0.000000 1 74 1.000000
  phy
0  4.775151 1.982944 20.405251  -0.390200 -0.889024 0.239543  0.000000 0.000000 1 74 1.000000
0  2.754009 3.045446 20.348398  -0.179141 0.405540 0.896352  0.000000 0.000000 1 74 1.000000
0  1.848662 1.984685 20.354801  -0.526312 0.818678 0.229699  0.000000 0.000000 1 74 1.000000
  phy
0  4.775151 1.982944 20.405251  -0.390200 -0.889024 0.239543  0.000000 0.000000 1 74 1.000000
0  1.848662 1.984685 20.354801  -0.526312 0.818678 0.229699  0.000000 0.000000 1 74 1.000000
0  4.771879 -1.451485 20.476440  -0.367196 -0.875063 -0.315327  0.000000 0.000000 1 74 1.000000
  phy
0  4.771879 -1.451485 20.476440  -0.367196 -0.875063 -0.315327  0.000000 0.000000 1 74 1.000000
0  1.848662 1.984685 20.354801  -0.526312 0.818678 0.229699  0.000000 0.000000 1 74 1.000000
0  1.845391 -1.449746 20.425991  -0.374013 0.913728 -0.158791  0.000000 0.000000 1 74 1.000000
  phy
0  4.771879 -1.451485 20.476440  -0.367196 -0.875063 -0.315327  0.000000 0.000000 1 74 1.000000
0  1.845391 -1.449746 20.425991  -0.374013 0.913728 -0.158791  0.000000 0.000000 1 74 1.000000
0  3.866536 -2.512244 20.482849  -0.030108 -0.454408 -0.890285  0.000000 0.000000 1 74 1.000000
  phy
0  3.866536 -2.512244 20.482849  -0.030108 -0.454408 -0.890285  0.000000 0.000000 1 74 1.000000
0  1.845391 -1.449746 20.425991  -0.374013 0.913728 -0.158791  0.000000 0.000000 1 74 1.000000
0  2.748645 -2.511503 20.463575  0.003867 0.565428 -0.824789  0.000000 0.000000 1 74 1.000000
  phy
0  3.871830 3.044778 20.367678  -0.099259 -0.530582 0.841802  0.000000 0.000000 1 74 1.000000
0  3.783341 3.920993 13.505930  0.056396 -0.309663 0.949172  0.000000 0.000000 1 74 1.000000
0  2.754009 3.045446 20.348398  -0.179141 0.405540 0.896352  0.000000 0.000000 1 74 1.000000
  phy
0  3.783341 3.920993 13.505930  0.056396 -0.309663 0.949172  0.000000 0.000000 1 74 1.000000
0  2.402835 3.921818 13.482125  0.089152 0.313655 0.945343  0.000000 0.000000 1 74 1.000000
0  2.754009 3.045446 20.348398  -0.179141 0.405540 0.896352  0.000000 0.000000 1 74 1.000000
  phy
0  4.049872 -0.038993 4.906694  0.066500 -0.767769 -0.637267  0.000000 0.000000 1 74 1.000000
0  4.896246 -0.227517 13.611153  0.024608 -0.927974 -0.371832  0.000000 0.000000 1 74 1.000000
0  4.771879 -1.451485 20.476440  -0.367196 -0.875063 -0.315327  0.000000 0.000000 1 74 1.000000
  phy
0  4.771879 -1.451485 20.476440  -0.367196 -0.875063 -0.315327  0.000000 0.000000 1 74 1.000000
0  3.866536 -2.512244 20.482849  -0.030108 -0.454408 -0.890285  0.000000 0.000000 1 74 1.000000
0  4.049872 -0.038993 4.906694  0.066500 -0.767769 -0.637267  0.000000 0.000000 1 74 1.000000
  phy
0  4.312556 1.177214 4.885985  0.414283 -0.895458 0.162864  0.000000 0.000000 1 74 1.000000
0  5.324357 1.356564 13.585647  0.000170 -0.999625 -0.027396  0.000000 0.000000 1 74 1.000000
0  4.049872 -0.038993 4.906694  0.066500 -0.767769 -0.637267  0.000000 0.000000 1 74 1.000000
  phy
0  4.049872 -0.038993 4.906694  0.066500 -0.767769 -0.637267  0.000000 0.000000 1 74 1.000000
0  5.324357 1.356564 13.585647  0.000170 -0.999625 -0.027396  0.000000 0.000000 1 74 1.000000
0  4.896246 -0.227517 13.611153  0.024608 -0.927974 -0.371832  0.000000 0.000000 1 74 1.000000
  phy
0  2.503057 -0.789823 4.895619  0.099784 0.249678 -0.963174  0.000000 0.000000 1 74 1.000000
0  4.049872 -0.038993 4.906694  0.066500 -0.767769 -0.637267  0.000000 0.000000 1 74 1.000000
0  3.866536 -2.512244 20.482849  -0.030108 -0.454408 -0.890285  0.000000 0.000000 1 74 1.000000
  phy
0  3.783341 3.920993 13.505930  0.056396 -0.309663 0.949172  0.000000 0.000000 1 74 1.000000
0  3.871830 3.044778 20.367678  -0.099259 -0.530582 0.841802  0.000000 0.000000 1 74 1.000000
0  4.899265 2.941152 13.545474  0.066311 -0.858540 0.508441  0.000000 0.000000 1 74 1.000000
  phy
0  4.899265 2.941152 13.545474  0.066311 -0.858540 0.508441  0.000000 0.000000 1 74 1.000000
0  3.871830 3.044778 20.367678  -0.099259 -0.530582 0.841802  0.000000 0.000000 1 74 1.000000
0  4.775151 1.982944 20.405251  -0.390200 -0.889024 0.239543  0.000000 0.000000 1 74 1.000000
  phy
0  4.775151 1.982944 20.405251  -0.390200 -0.889024 0.239543  0.000000 0.000000 1 74 1.000000
0  5.324357 1.356564 13.585647  0.000170 -0.999625 -0.027396  0.000000 0.000000 1 74 1.000000
0  4.899265 2.941152 13.545474  0.066311 -0.858540 0.508441  0.000000 0.000000 1 74 1.000000
  phy
0  4.899265 2.941152 13.545474  0.066311 -0.858540 0.508441  0.000000 0.000000 1 74 1.000000
0  5.324357 1.356564 13.585647  0.000170 -0.999625 -0.027396  0.000000 0.000000 1 74 1.000000
0  4.312556 1.177214 4.885985  0.414283 -0.895458 0.162864  0.000000 0.000000 1 74 1.000000
  phy
0  4.771879 -1.451485 20.476440  -0.367196 -0.875063 -0.315327  0.000000 0.000000 1 74 1.000000
0  5.324357 1.356564 13.585647  0.000170 -0.999625 -0.027396  0.000000 0.000000 1 74 1.000000
0  4.775151 1.982944 20.405251  -0.390200 -0.889024 0.239543  0.000000 0.000000 1 74 1.000000
  phy
0  4.896246 -0.227517 13.611153  0.024608 -0.927974 -0.371832  0.000000 0.000000 1 74 1.000000
0  5.324357 1.356564 13.585647  0.000170 -0.999625 -0.027396  0.000000 0.000000 1 74 1.000000
0  4.771879 -1.451485 20.476440  -0.367196 -0.875063 -0.315327  0.000000 0.000000 1 74 1.000000
  phy
0  1.282022 -0.225364 13.548841  0.023178 0.838948 -0.543718  0.000000 0.000000 1 74 1.000000
0  1.834176 -0.037673 4.868488  0.286877 0.925755 -0.246332  0.000000 0.000000 1 74 1.000000
0  2.503057 -0.789823 4.895619  0.099784 0.249678 -0.963174  0.000000 0.000000 1 74 1.000000
  phy
0  1.282022 -0.225364 13.548841  0.023178 0.838948 -0.543718  0.000000 0.000000 1 74 1.000000
0  2.503057 -0.789823 4.895619  0.099784 0.249678 -0.963174  0.000000 0.000000 1 74 1.000000
0  2.748645 -2.511503 20.463575  0.003867 0.565428 -0.824789  0.000000 0.000000 1 74 1.000000
  phy
0  1.282022 -0.225364 13.548841  0.023178 0.838948 -0.543718  0.000000 0.000000 1 74 1.000000
0  2.748645 -2.511503 20.463575  0.003867 0.565428 -0.824789  0.000000 0.000000 1 74 1.000000
0  1.845391 -1.449746 20.425991  -0.374013 0.913728 -0.158791  0.000000 0.000000 1 74 1.000000
  phy
0  2.748645 -2.511503 20.463575  0.003867 0.565428 -0.824789  0.000000 0.000000 1 74 1.000000
0  2.503057 -0.789823 4.895619  0.099784 0.249678 -0.963174  0.000000 0.000000 1 74 1.000000
0  3.866536 -2.512244 20.482849  -0.030108 -0.454408 -0.890285  0.000000 0.000000 1 74 1.000000
  phy
0  1.834176 -0.037673 4.868488  0.286877 0.925755 -0.246332  0.000000 0.000000 1 74 1.000000
0  1.282022 -0.225364 13.548841  0.023178 0.838948 -0.543718  0.000000 0.000000 1 74 1.000000
0  0.856931 1.359225 13.508652  0.016099 0.999767 -0.014404  0.000000 0.000000 1 74 1.000000
  phy
0  1.836494 2.395050 4.818050  0.365223 0.913528 0.179102  0.000000 0.000000 1 74 1.000000
0  1.834176 -0.037673 4.868488  0.286877 0.925755 -0.246332  0.000000 0.000000 1 74 1.000000
0  0.856931 1.359225 13.508652  0.016099 0.999767 -0.014404  0.000000 0.000000 1 74 1.000000
  phy
0  1.282022 -0.225364 13.548841  0.023178 0.838948 -0.543718  0.000000 0.000000 1 74 1.000000
0  1.845391 -1.449746 20.425991  -0.374013 0.913728 -0.158791  0.000000 0.000000 1 74 1.000000
0  0.856931 1.359225 13.508652  0.016099 0.999767 -0.014404  0.000000 0.000000 1 74 1.000000
  phy
0  1.845391 -1.449746 20.425991  -0.374013 0.913728 -0.158791  0.000000 0.000000 1 74 1.000000
0  1.848662 1.984685 20.354801  -0.526312 0.818678 0.229699  0.000000 0.000000 1 74 1.000000
0  0.856931 1.359225 13.508652  0.016099 0.999767 -0.014404  0.000000 0.000000 1 74 1.000000
  phy
0  1.535757 2.898050 5.258363  -0.527597 0.549756 -0.647619  0.000000 0.000000 1 75 1.000000
0  4.257565 2.930240 5.320666  -0.452977 -0.842887 -0.290437  0.000000 0.000000 1 75 1.000000
0  1.649638 3.545996 1.406785  -0.332111 0.920364 0.206477  0.000000 0.000000 1 75 1.000000
  phy
0  1.649638 3.545996 1.406785  -0.332111 0.920364 0.206477  0.000000 0.000000 1 75 1.000000
0  4.257565 2.930240 5.320666  -0.452977 -0.842887 -0.290437  0.000000 0.000000 1 75 1.000000
0  4.997464 3.585589 1.483423  -0.225075 -0.969511 0.096904  0.000000 0.000000 1 75 1.000000
  phy
0  4.257565 2.930240 5.320666  -0.452977 -0.842887 -0.290437  0.000000 0.000000 1 75 1.000000
0  1.535757 2.898050 5.258363  -0.527597 0.549756 -0.647619  0.000000 0.000000 1 75 1.000000
0  4.333531 -2.097036 4.599423  -0.064178 -0.147677 -0.986951  0.000000 0.000000 1 75 1.000000
  phy
0  4.333531 -2.097036 4.599423  -0.064178 -0.147677 -0.986951  0.000000 0.000000 1 75 1.000000
0  1.535757 2.898050 5.258363  -0.527597 0.549756 -0.647619  0.000000 0.000000 1 75 1.000000
0  1.611721 -2.129223 4.537120  -0.072305 0.888047 -0.454032  0.000000 0.000000 1 75 1.000000
  phy
0  4.257565 2.930240 5.320666  -0.452977 -0.842887 -0.290437  0.000000 0.000000 1 75 1.000000
0  5.117940 -6.985190 1.681727  0.169562 -0.911648 -0.374361  0.000000 0.000000 1 75 1.000000
0  4.997464 3.585589 1.483423  -0.225075 -0.969511 0.096904  0.000000 0.000000 1 75 1.000000
  phy
0  4.333531 -2.097036 4.599423  -0.064178 -0.147677 -0.986951  0.000000 0.000000 1 75 1.000000
0  5.117940 -6.985190 1.681727  0.169562 -0.911648 -0.374361  0.000000 0.000000 1 75 1.000000
0  4.257565 2.930240 5.320666  -0.452977 -0.842887 -0.290437  0.000000 0.000000 1 75 1.000000
  phy
0  4.906163 -6.095086 0.380305  0.453455 -0.370334 0.810698  0.000000 0.000000 1 75 1.000000
0  5.117940 -6.985190 1.681727  0.169562 -0.911648 -0.374361  0.000000 0.000000 1 75 1.000000
0  2.020110 -6.129220 0.314242  0.485107 0.538981 0.688600  0.000000 0.000000 1 75 1.000000
  phy
0  5.117940 -6.985190 1.681727  0.169562 -0.911648 -0.374361  0.000000 0.000000 1 75 1.000000
0  1.770115 -7.024785 1.605093  0.147050 0.834902 -0.530391  0.000000 0.000000 1 75 1.000000
0  2.020110 -6.129220 0.314242  0.485107 0.538981 0.688600  0.000000 0.000000 1 75 1.000000
  phy
0  2.020110 -6.129220 0.314242  0.485107 0.538981 0.688600  0.000000 0.000000 1 75 1.000000
0  1.914440 2.791637 0.321507  0.292027 0.151204 0.944382  0.000000 0.000000 1 75 1.000000
0  4.906163 -6.095086 0.380305  0.453455 -0.370334 0.810698  0.000000 0.000000 1 75 1.000000
  phy
0  1.914440 2.791637 0.321507  0.292027 0.151204 0.944382  0.000000 0.000000 1 75 1.000000
0  4.800496 2.825771 0.387570  0.313419 -0.317446 0.894984  0.000000 0.000000 1 75 1.000000
0  4.906163 -6.095086 0.380305  0.453455 -0.370334 0.810698  0.000000 0.000000 1 75 1.000000
  phy
0  1.649638 3.545996 1.406785  -0.332111 0.920364 0.206477  0.000000 0.000000 1 75 1.000000
0  2.020110 -6.129220 0.314242  0.485107 0.538981 0.688600  0.000000 0.000000 1 75 1.000000
0  1.770115 -7.024785 1.605093  0.147050 0.834902 -0.530391  0.000000 0.000000 1 75 1.000000
  phy
0  2.020110 -6.129220 0.314242  0.485107 0.538981 0.688600  0.000000 0.000000 1 75 1.000000
0  1.649638 3.545996 1.406785  -0.332111 0.920364 0.206477  0.000000 0.000000 1 75 1.000000
0  1.914440 2.791637 0.321507  0.292027 0.151204 0.944382  0.000000 0.000000 1 75 1.000000
  phy
0  4.997464 3.585589 1.483423  -0.225075 -0.969511 0.096904  0.000000 0.000000 1 75 1.000000
0  1.914440 2.791637 0.321507  0.292027 0.151204 0.944382  0.000000 0.000000 1 75 1.000000
0  1.649638 3.545996 1.406785  -0.332111 0.920364 0.206477  0.000000 0.000000 1 75 1.000000
  phy
0  4.997464 3.585589 1.483423  -0.225075 -0.969511 0.096904  0.000000 0.000000 1 75 1.000000
0  4.800496 2.825771 0.387570  0.313419 -0.317446 0.894984  0.000000 0.000000 1 75 1.000000
0  1.914440 2.791637 0.321507  0.292027 0.151204 0.944382  0.000000 0.000000 1 75 1.000000
  phy
0  4.906163 -6.095086 0.380305  0.453455 -0.370334 0.810698  0.000000 0.000000 1 75 1.000000
0  4.800496 2.825771 0.387570  0.313419 -0.317446 0.894984  0.000000 0.000000 1 75 1.000000
0  4.997464 3.585589 1.483423  -0.225075 -0.969511 0.096904  0.000000 0.000000 1 75 1.000000
  phy
0  4.997464 3.585589 1.483423  -0.225075 -0.969511 0.096904  0.000000 0.000000 1 75 1.000000
0  5.117940 -6.985190 1.681727  0.169562 -0.911648 -0.374361  0.000000 0.000000 1 75 1.000000
0  4.906163 -6.095086 0.380305  0.453455 -0.370334 0.810698  0.000000 0.000000 1 75 1.000000
  phy
0  1.611721 -2.129223 4.537120  -0.072305 0.888047 -0.454032  0.000000 0.000000 1 75 1.000000
0  1.770115 -7.024785 1.605093  0.147050 0.834902 -0.530391  0.000000 0.000000 1 75 1.000000
0  4.333531 -2.097036 4.599423  -0.064178 -0.147677 -0.986951  0.000000 0.000000 1 75 1.000000
  phy
0  4.333531 -2.097036 4.599423  -0.064178 -0.147677 -0.986951  0.000000 0.000000 1 75 1.000000
0  1.770115 -7.024785 1.605093  0.147050 0.834902 -0.530391  0.000000 0.000000 1 75 1.000000
0  5.117940 -6.985190 1.681727  0.169562 -0.911648 -0.374361  0.000000 0.000000 1 75 1.000000
  phy
0  1.611721 -2.129223 4.537120  -0.072305 0.888047 -0.454032  0.000000 0.000000 1 75 1.000000
0  1.649638 3.545996 1.406785  -0.332111 0.920364 0.206477  0.000000 0.000000 1 75 1.000000
0  1.770115 -7.024785 1.605093  0.147050 0.834902 -0.530391  0.000000 0.000000 1 75 1.000000
  phy
0  1.649638 3.545996 1.406785  -0.332111 0.920364 0.206477  0.000000 0.000000 1 75 1.000000
0  1.611721 -2.129223 4.537120  -0.072305 0.888047 -0.454032  0.000000 0.000000 1 75 1.000000
0  1.535757 2.898050 5.258363  -0.527597 0.549756 -0.647619  0.000000 0.000000 1 75 1.000000
  phy
0  -2.420400 3.607570 57.037071  0.270020 0.620317 -0.736408  0.000000 0.000000 1 3 1.000000
0  -3.004353 2.280262 57.037071  0.550519 0.833093 0.053711  0.000000 0.000000 1 3 1.000000
0  -0.891597 4.427890 57.037071  0.773913 0.092657 -0.626477  0.000000 0.000000 1 3 1.000000
  phy
0  -3.004353 2.280262 57.037071  0.550519 0.833093 0.053711  0.000000 0.000000 1 3 1.000000
0  -2.420390 0.952970 57.037071  0.751470 0.379425 0.539749  0.000000 0.000000 1 3 1.000000
0  -0.891597 4.427890 57.037071  0.773913 0.092657 -0.626477  0.000000 0.000000 1 3 1.000000
  phy
0  -2.420390 0.952970 57.037071  0.751470 0.379425 0.539749  0.000000 0.000000 1 3 1.000000
0  -0.891592 0.132643 57.037071  0.843452 0.059605 0.533887  0.000000 0.000000 1 3 1.000000
0  -0.891597 4.427890 57.037071  0.773913 0.092657 -0.626477  0.000000 0.000000 1 3 1.000000
  phy
0  -0.891592 0.132643 57.037071  0.843452 0.059605 0.533887  0.000000 0.000000 1 3 1.000000
0  0.998104 4.427890 57.037067  0.930508 -0.105537 -0.350738  0.000000 0.000000 1 3 1.000000
0  -0.891597 4.427890 57.037071  0.773913 0.092657 -0.626477  0.000000 0.000000 1 3 1.000000
  phy
0  -0.891592 0.132643 57.037071  0.843452 0.059605 0.533887  0.000000 0.000000 1 3 1.000000
0  0.998107 0.132642 57.037067  0.886293 -0.087936 0.454701  0.000000 0.000000 1 3 1.000000
0  0.998104 4.427890 57.037067  0.930508 -0.105537 -0.350738  0.000000 0.000000 1 3 1.000000
  phy
0  0.998107 0.132642 57.037067  0.886293 -0.087936 0.454701  0.000000 0.000000 1 3 1.000000
0  2.526912 3.607570 57.037064  0.661684 -0.504127 -0.555004  0.000000 0.000000 1 3 1.000000
0  0.998104 4.427890 57.037067  0.930508 -0.105537 -0.350738  0.000000 0.000000 1 3 1.000000
  phy
0  0.998107 0.132642 57.037067  0.886293 -0.087936 0.454701  0.000000 0.000000 1 3 1.000000
0  2.526917 0.952967 57.037067  0.676167 -0.431848 0.596913  0.000000 0.000000 1 3 1.000000
0  2.526912 3.607570 57.037064  0.661684 -0.504127 -0.555004  0.000000 0.000000 1 3 1.000000
  phy
0  2.526917 0.952967 57.037067  0.676167 -0.431848 0.596913  0.000000 0.000000 1 3 1.000000
0  3.110861 2.280251 57.037067  0.443529 -0.895210 0.043366  0.000000 0.000000 1 3 1.000000
0  2.526912 3.607570 57.037064  0.661684 -0.504127 -0.555004  0.000000 0.000000 1 3 1.000000
  phy
0  2.526917 0.952967 57.037067  0.676167 -0.431848 0.596913  0.000000 0.000000 1 3 1.000000
0  1.436160 -2.843509 53.648758  0.561790 -0.201536 0.802356  0.000000 0.000000 1 3 1.000000
0  3.673787 -1.435428 53.648762  0.470164 -0.636325 0.611585  0.000000 0.000000 1 3 1.000000
  phy
0  2.526917 0.952967 57.037067  0.676167 -0.431848 0.596913  0.000000 0.000000 1 3 1.000000
0  0.998107 0.132642 57.037067  0.886293 -0.087936 0.454701  0.000000 0.000000 1 3 1.000000
0  1.436160 -2.843509 53.648758  0.561790 -0.201536 0.802356  0.000000 0.000000 1 3 1.000000
  phy
0  3.673787 -1.435428 53.648762  0.470164 -0.636325 0.611585  0.000000 0.000000 1 3 1.000000
0  3.110861 2.280251 57.037067  0.443529 -0.895210 0.043366  0.000000 0.000000 1 3 1.000000
0  2.526917 0.952967 57.037067  0.676167 -0.431848 0.596913  0.000000 0.000000 1 3 1.000000
  phy
0  1.589685 -5.544581 50.141762  0.005557 -0.285283 0.958427  0.000000 0.000000 1 3 1.000000
0  4.075663 -3.756321 50.141766  -0.039291 -0.843998 0.534905  0.000000 0.000000 1 3 1.000000
0  3.673787 -1.435428 53.648762  0.470164 -0.636325 0.611585  0.000000 0.000000 1 3 1.000000
  phy
0  1.436160 -2.843509 53.648758  0.561790 -0.201536 0.802356  0.000000 0.000000 1 3 1.000000
0  1.589685 -5.544581 50.141762  0.005557 -0.285283 0.958427  0.000000 0.000000 1 3 1.000000
0  3.673787 -1.435428 53.648762  0.470164 -0.636325 0.611585  0.000000 0.000000 1 3 1.000000
  phy
0  3.673787 -1.435428 53.648762  0.470164 -0.636325 0.611585  0.000000 0.000000 1 3 1.000000
0  4.528481 0.842932 53.648754  0.228843 -0.973208 0.022299  0.000000 0.000000 1 3 1.000000
0  3.110861 2.280251 57.037067  0.443529 -0.895210 0.043366  0.000000 0.000000 1 3 1.000000
  phy
0  3.673787 -1.435428 53.648762  0.470164 -0.636325 0.611585  0.000000 0.000000 1 3 1.000000
0  4.075663 -3.756321 50.141766  -0.039291 -0.843998 0.534905  0.000000 0.000000 1 3 1.000000
0  4.528481 0.842932 53.648754  0.228843 -0.973208 0.022299  0.000000 0.000000 1 3 1.000000
  phy
0  -3.567288 3.121288 53.648766  0.072147 0.748887 -0.658759  0.000000 0.000000 1 3 1.000000
0  -4.421969 0.842931 53.648758  0.228830 0.973209 0.022377  0.000000 0.000000 1 3 1.000000
0  -3.004353 2.280262 57.037071  0.550519 0.833093 0.053711  0.000000 0.000000 1 3 1.000000
  phy
0  -2.420400 3.607570 57.037071  0.270020 0.620317 -0.736408  0.000000 0.000000 1 3 1.000000
0  -3.567288 3.121288 53.648766  0.072147 0.748887 -0.658759  0.000000 0.000000 1 3 1.000000
0  -3.004353 2.280262 57.037071  0.550519 0.833093 0.053711  0.000000 0.000000 1 3 1.000000
  phy
0  -3.567288 3.121288 53.648766  0.072147 0.748887 -0.658759  0.000000 0.000000 1 3 1.000000
0  -1.483169 3.819026 50.141750  -0.165319 0.276960 -0.946553  0.000000 0.000000 1 3 1.000000
0  -3.969155 2.030740 50.141785  -0.128838 0.830065 -0.542581  0.000000 0.000000 1 3 1.000000
  phy
0  -3.567288 3.121288 53.648766  0.072147 0.748887 -0.658759  0.000000 0.000000 1 3 1.000000
0  -1.329667 4.529399 53.648754  0.044308 0.299941 -0.952928  0.000000 0.000000 1 3 1.000000
0  -1.483169 3.819026 50.141750  -0.165319 0.276960 -0.946553  0.000000 0.000000 1 3 1.000000
  phy
0  -4.421969 0.842931 53.648758  0.228830 0.973209 0.022377  0.000000 0.000000 1 3 1.000000
0  -3.567288 3.121288 53.648766  0.072147 0.748887 -0.658759  0.000000 0.000000 1 3 1.000000
0  -3.969155 2.030740 50.141785  -0.128838 0.830065 -0.542581  0.000000 0.000000 1 3 1.000000
  phy
0  -1.329667 4.529399 53.648754  0.044308 0.299941 -0.952928  0.000000 0.000000 1 3 1.000000
0  -3.567288 3.121288 53.648766  0.072147 0.748887 -0.658759  0.000000 0.000000 1 3 1.000000
0  -2.420400 3.607570 57.037071  0.270020 0.620317 -0.736408  0.000000 0.000000 1 3 1.000000
  phy
0  4.075671 2.030729 50.141769  -0.129016 -0.830057 -0.542549  0.000000 0.000000 1 3 1.000000
0  5.025230 -0.862787 50.141747  -0.089764 -0.995925 -0.008683  0.000000 0.000000 1 3 1.000000
0  3.594799 -1.001672 43.349655  -0.332582 -0.942517 -0.032412  0.000000 0.000000 1 3 1.000000
  phy
0  4.075671 2.030729 50.141769  -0.129016 -0.830057 -0.542549  0.000000 0.000000 1 3 1.000000
0  3.594799 -1.001672 43.349655  -0.332582 -0.942517 -0.032412  0.000000 0.000000 1 3 1.000000
0  2.918426 0.680606 43.349655  -0.462316 -0.573950 -0.675903  0.000000 0.000000 1 3 1.000000
  phy
0  4.075671 2.030729 50.141769  -0.129016 -0.830057 -0.542549  0.000000 0.000000 1 3 1.000000
0  3.673788 3.121289 53.648754  0.072227 -0.748879 -0.658759  0.000000 0.000000 1 3 1.000000
0  4.528481 0.842932 53.648754  0.228843 -0.973208 0.022299  0.000000 0.000000 1 3 1.000000
  phy
0  4.528481 0.842932 53.648754  0.228843 -0.973208 0.022299  0.000000 0.000000 1 3 1.000000
0  5.025230 -0.862787 50.141747  -0.089764 -0.995925 -0.008683  0.000000 0.000000 1 3 1.000000
0  4.075671 2.030729 50.141769  -0.129016 -0.830057 -0.542549  0.000000 0.000000 1 3 1.000000
  phy
0  1.589681 3.819023 50.141743  -0.163563 -0.355018 -0.920440  0.000000 0.000000 1 3 1.000000
0  4.075671 2.030729 50.141769  -0.129016 -0.830057 -0.542549  0.000000 0.000000 1 3 1.000000
0  2.918426 0.680606 43.349655  -0.462316 -0.573950 -0.675903  0.000000 0.000000 1 3 1.000000
  phy
0  4.075671 2.030729 50.141769  -0.129016 -0.830057 -0.542549  0.000000 0.000000 1 3 1.000000
0  1.589681 3.819023 50.141743  -0.163563 -0.355018 -0.920440  0.000000 0.000000 1 3 1.000000
0  3.673788 3.121289 53.648754  0.072227 -0.748879 -0.658759  0.000000 0.000000 1 3 1.000000
  phy
0  4.528481 0.842932 53.648754  0.228843 -0.973208 0.022299  0.000000 0.000000 1 3 1.000000
0  3.673788 3.121289 53.648754  0.072227 -0.748879 -0.658759  0.000000 0.000000 1 3 1.000000
0  3.110861 2.280251 57.037067  0.443529 -0.895210 0.043366  0.000000 0.000000 1 3 1.000000
  phy
0  3.110861 2.280251 57.037067  0.443529 -0.895210 0.043366  0.000000 0.000000 1 3 1.000000
0  3.673788 3.121289 53.648754  0.072227 -0.748879 -0.658759  0.000000 0.000000 1 3 1.000000
0  2.526912 3.607570 57.037064  0.661684 -0.504127 -0.555004  0.000000 0.000000 1 3 1.000000
  phy
0  -0.891592 0.132643 57.037071  0.843452 0.059605 0.533887  0.000000 0.000000 1 3 1.000000
0  1.436160 -2.843509 53.648758  0.561790 -0.201536 0.802356  0.000000 0.000000 1 3 1.000000
0  0.998107 0.132642 57.037067  0.886293 -0.087936 0.454701  0.000000 0.000000 1 3 1.000000
  phy
0  -0.891592 0.132643 57.037071  0.843452 0.059605 0.533887  0.000000 0.000000 1 3 1.000000
0  -1.329672 -2.843548 53.648750  0.553501 0.186619 0.811671  0.000000 0.000000 1 3 1.000000
0  1.436160 -2.843509 53.648758  0.561790 -0.201536 0.802356  0.000000 0.000000 1 3 1.000000
  phy
0  -1.329672 -2.843548 53.648750  0.553501 0.186619 0.811671  0.000000 0.000000 1 3 1.000000
0  1.589685 -5.544581 50.141762  0.005557 -0.285283 0.958427  0.000000 0.000000 1 3 1.000000
0  1.436160 -2.843509 53.648758  0.561790 -0.201536 0.802356  0.000000 0.000000 1 3 1.000000
  phy
0  -1.329672 -2.843548 53.648750  0.553501 0.186619 0.811671  0.000000 0.000000 1 3 1.000000
0  -1.483168 -5.544605 50.141750  -0.005771 0.365518 0.930786  0.000000 0.000000 1 3 1.000000
0  1.589685 -5.544581 50.141762  0.005557 -0.285283 0.958427  0.000000 0.000000 1 3 1.000000
  phy
0  -0.891592 0.132643 57.037071  0.843452 0.059605 0.533887  0.000000 0.000000 1 3 1.000000
0  -2.420390 0.952970 57.037071  0.751470 0.379425 0.539749  0.000000 0.000000 1 3 1.000000
0  -1.329672 -2.843548 53.648750  0.553501 0.186619 0.811671  0.000000 0.000000 1 3 1.000000
  phy
0  -1.329667 4.529399 53.648754  0.044308 0.299941 -0.952928  0.000000 0.000000 1 3 1.000000
0  1.436176 4.529398 53.648754  0.026432 -0.213976 -0.976481  0.000000 0.000000 1 3 1.000000
0  -1.483169 3.819026 50.141750  -0.165319 0.276960 -0.946553  0.000000 0.000000 1 3 1.000000
  phy
0  -1.483169 3.819026 50.141750  -0.165319 0.276960 -0.946553  0.000000 0.000000 1 3 1.000000
0  1.436176 4.529398 53.648754  0.026432 -0.213976 -0.976481  0.000000 0.000000 1 3 1.000000
0  1.589681 3.819023 50.141743  -0.163563 -0.355018 -0.920440  0.000000 0.000000 1 3 1.000000
  phy
0  0.998104 4.427890 57.037067  0.930508 -0.105537 -0.350738  0.000000 0.000000 1 3 1.000000
0  1.436176 4.529398 53.648754  0.026432 -0.213976 -0.976481  0.000000 0.000000 1 3 1.000000
0  -0.891597 4.427890 57.037071  0.773913 0.092657 -0.626477  0.000000 0.000000 1 3 1.000000
  phy
0  -0.891597 4.427890 57.037071  0.773913 0.092657 -0.626477  0.000000 0.000000 1 3 1.000000
0  1.436176 4.529398 53.648754  0.026432 -0.213976 -0.976481  0.000000 0.000000 1 3 1.000000
0  -1.329667 4.529399 53.648754  0.044308 0.299941 -0.952928  0.000000 0.000000 1 3 1.000000
  phy
0  -1.329667 4.529399 53.648754  0.044308 0.299941 -0.952928  0.000000 0.000000 1 3 1.000000
0  -2.420400 3.607570 57.037071  0.270020 0.620317 -0.736408  0.000000 0.000000 1 3 1.000000
0  -0.891597 4.427890 57.037071  0.773913 0.092657 -0.626477  0.000000 0.000000 1 3 1.000000
  phy
0  -1.041143 1.720314 43.349655  -0.732885 0.154391 -0.662604  0.000000 0.000000 1 3 1.000000
0  -1.483169 3.819026 50.141750  -0.165319 0.276960 -0.946553  0.000000 0.000000 1 3 1.000000
0  1.147648 1.720313 43.349655  -0.638938 -0.102957 -0.762338  0.000000 0.000000 1 3 1.000000
  phy
0  1.147648 1.720313 43.349655  -0.638938 -0.102957 -0.762338  0.000000 0.000000 1 3 1.000000
0  -1.483169 3.819026 50.141750  -0.165319 0.276960 -0.946553  0.000000 0.000000 1 3 1.000000
0  1.589681 3.819023 50.141743  -0.163563 -0.355018 -0.920440  0.000000 0.000000 1 3 1.000000
  phy
0  2.918426 -2.683951 43.349655  -0.349859 -0.647183 0.677313  0.000000 0.000000 1 3 1.000000
0  1.147655 -3.723657 43.349655  -0.855142 -0.151394 0.495794  0.000000 0.000000 1 3 1.000000
0  3.594799 -1.001672 43.349655  -0.332582 -0.942517 -0.032412  0.000000 0.000000 1 3 1.000000
  phy
0  3.594799 -1.001672 43.349655  -0.332582 -0.942517 -0.032412  0.000000 0.000000 1 3 1.000000
0  1.147655 -3.723657 43.349655  -0.855142 -0.151394 0.495794  0.000000 0.000000 1 3 1.000000
0  2.918426 0.680606 43.349655  -0.462316 -0.573950 -0.675903  0.000000 0.000000 1 3 1.000000
  phy
0  2.918426 0.680606 43.349655  -0.462316 -0.573950 -0.675903  0.000000 0.000000 1 3 1.000000
0  1.147655 -3.723657 43.349655  -0.855142 -0.151394 0.495794  0.000000 0.000000 1 3 1.000000
0  1.147648 1.720313 43.349655  -0.638938 -0.102957 -0.762338  0.000000 0.000000 1 3 1.000000
  phy
0  1.147648 1.720313 43.349655  -0.638938 -0.102957 -0.762338  0.000000 0.000000 1 3 1.000000
0  1.147655 -3.723657 43.349655  -0.855142 -0.151394 0.495794  0.000000 0.000000 1 3 1.000000
0  -1.041141 -3.723657 43.349655  -0.761220 0.105202 0.639904  0.000000 0.000000 1 3 1.000000
  phy
0  1.147648 1.720313 43.349655  -0.638938 -0.102957 -0.762338  0.000000 0.000000 1 3 1.000000
0  -1.041141 -3.723657 43.349655  -0.761220 0.105202 0.639904  0.000000 0.000000 1 3 1.000000
0  -1.041143 1.720314 43.349655  -0.732885 0.154391 -0.662604  0.000000 0.000000 1 3 1.000000
  phy
0  -1.041143 1.720314 43.349655  -0.732885 0.154391 -0.662604  0.000000 0.000000 1 3 1.000000
0  -1.041141 -3.723657 43.349655  -0.761220 0.105202 0.639904  0.000000 0.000000 1 3 1.000000
0  -2.811914 -2.683952 43.349659  -0.595680 0.568813 0.567113  0.000000 0.000000 1 3 1.000000
  phy
0  -1.041143 1.720314 43.349655  -0.732885 0.154391 -0.662604  0.000000 0.000000 1 3 1.000000
0  -2.811914 -2.683952 43.349659  -0.595680 0.568813 0.567113  0.000000 0.000000 1 3 1.000000
0  -2.811917 0.680607 43.349659  -0.347667 0.613901 -0.708698  0.000000 0.000000 1 3 1.000000
  phy
0  -2.811917 0.680607 43.349659  -0.347667 0.613901 -0.708698  0.000000 0.000000 1 3 1.000000
0  -2.811914 -2.683952 43.349659  -0.595680 0.568813 0.567113  0.000000 0.000000 1 3 1.000000
0  -3.488291 -1.001673 43.349659  -0.249320 0.968115 -0.024338  0.000000 0.000000 1 3 1.000000
  phy
0  -1.483169 3.819026 50.141750  -0.165319 0.276960 -0.946553  0.000000 0.000000 1 3 1.000000
0  -1.041143 1.720314 43.349655  -0.732885 0.154391 -0.662604  0.000000 0.000000 1 3 1.000000
0  -2.811917 0.680607 43.349659  -0.347667 0.613901 -0.708698  0.000000 0.000000 1 3 1.000000
  phy
0  -3.567276 -1.435424 53.648766  0.470056 0.636367 0.611625  0.000000 0.000000 1 3 1.000000
0  -4.421969 0.842931 53.648758  0.228830 0.973209 0.022377  0.000000 0.000000 1 3 1.000000
0  -3.969160 -3.756290 50.141750  -0.039195 0.843970 0.534957  0.000000 0.000000 1 3 1.000000
  phy
0  -3.969160 -3.756290 50.141750  -0.039195 0.843970 0.534957  0.000000 0.000000 1 3 1.000000
0  -4.421969 0.842931 53.648758  0.228830 0.973209 0.022377  0.000000 0.000000 1 3 1.000000
0  -4.918718 -0.862789 50.141747  -0.089751 0.995926 -0.008760  0.000000 0.000000 1 3 1.000000
  phy
0  -4.421969 0.842931 53.648758  0.228830 0.973209 0.022377  0.000000 0.000000 1 3 1.000000
0  -3.969155 2.030740 50.141785  -0.128838 0.830065 -0.542581  0.000000 0.000000 1 3 1.000000
0  -4.918718 -0.862789 50.141747  -0.089751 0.995926 -0.008760  0.000000 0.000000 1 3 1.000000
  phy
0  -4.421969 0.842931 53.648758  0.228830 0.973209 0.022377  0.000000 0.000000 1 3 1.000000
0  -3.567276 -1.435424 53.648766  0.470056 0.636367 0.611625  0.000000 0.000000 1 3 1.000000
0  -3.004353 2.280262 57.037071  0.550519 0.833093 0.053711  0.000000 0.000000 1 3 1.000000
  phy
0  3.594799 -1.001672 43.349655  -0.332582 -0.942517 -0.032412  0.000000 0.000000 1 3 1.000000
0  4.075663 -3.756321 50.141766  -0.039291 -0.843998 0.534905  0.000000 0.000000 1 3 1.000000
0  2.918426 -2.683951 43.349655  -0.349859 -0.647183 0.677313  0.000000 0.000000 1 3 1.000000
  phy
0  2.918426 -2.683951 43.349655  -0.349859 -0.647183 0.677313  0.000000 0.000000 1 3 1.000000
0  4.075663 -3.756321 50.141766  -0.039291 -0.843998 0.534905  0.000000 0.000000 1 3 1.000000
0  1.589685 -5.544581 50.141762  0.005557 -0.285283 0.958427  0.000000 0.000000 1 3 1.000000
  phy
0  2.918426 -2.683951 43.349655  -0.349859 -0.647183 0.677313  0.000000 0.000000 1 3 1.000000
0  1.589685 -5.544581 50.141762  0.005557 -0.285283 0.958427  0.000000 0.000000 1 3 1.000000
0  1.147655 -3.723657 43.349655  -0.855142 -0.151394 0.495794  0.000000 0.000000 1 3 1.000000
  phy
0  1.589681 3.819023 50.141743  -0.163563 -0.355018 -0.920440  0.000000 0.000000 1 3 1.000000
0  1.436176 4.529398 53.648754  0.026432 -0.213976 -0.976481  0.000000 0.000000 1 3 1.000000
0  3.673788 3.121289 53.648754  0.072227 -0.748879 -0.658759  0.000000 0.000000 1 3 1.000000
  phy
0  1.589681 3.819023 50.141743  -0.163563 -0.355018 -0.920440  0.000000 0.000000 1 3 1.000000
0  2.918426 0.680606 43.349655  -0.462316 -0.573950 -0.675903  0.000000 0.000000 1 3 1.000000
0  1.147648 1.720313 43.349655  -0.638938 -0.102957 -0.762338  0.000000 0.000000 1 3 1.000000
  phy
0  -2.811917 0.680607 43.349659  -0.347667 0.613901 -0.708698  0.000000 0.000000 1 3 1.000000
0  -3.488291 -1.001673 43.349659  -0.249320 0.968115 -0.024338  0.000000 0.000000 1 3 1.000000
0  -3.969155 2.030740 50.141785  -0.128838 0.830065 -0.542581  0.000000 0.000000 1 3 1.000000
  phy
0  -3.969155 2.030740 50.141785  -0.128838 0.830065 -0.542581  0.000000 0.000000 1 3 1.000000
0  -3.488291 -1.001673 43.349659  -0.249320 0.968115 -0.024338  0.000000 0.000000 1 3 1.000000
0  -4.918718 -0.862789 50.141747  -0.089751 0.995926 -0.008760  0.000000 0.000000 1 3 1.000000
  phy
0  -3.969160 -3.756290 50.141750  -0.039195 0.843970 0.534957  0.000000 0.000000 1 3 1.000000
0  -3.488291 -1.001673 43.349659  -0.249320 0.968115 -0.024338  0.000000 0.000000 1 3 1.000000
0  -2.811914 -2.683952 43.349659  -0.595680 0.568813 0.567113  0.000000 0.000000 1 3 1.000000
  phy
0  -3.488291 -1.001673 43.349659  -0.249320 0.968115 -0.024338  0.000000 0.000000 1 3 1.000000
0  -3.969160 -3.756290 50.141750  -0.039195 0.843970 0.534957  0.000000 0.000000 1 3 1.000000
0  -4.918718 -0.862789 50.141747  -0.089751 0.995926 -0.008760  0.000000 0.000000 1 3 1.000000
  phy
0  -1.483169 3.819026 50.141750  -0.165319 0.276960 -0.946553  0.000000 0.000000 1 3 1.000000
0  -2.811917 0.680607 43.349659  -0.347667 0.613901 -0.708698  0.000000 0.000000 1 3 1.000000
0  -3.969155 2.030740 50.141785  -0.128838 0.830065 -0.542581  0.000000 0.000000 1 3 1.000000
  phy
0  -3.567276 -1.435424 53.648766  0.470056 0.636367 0.611625  0.000000 0.000000 1 3 1.000000
0  -1.483168 -5.544605 50.141750  -0.005771 0.365518 0.930786  0.000000 0.000000 1 3 1.000000
0  -1.329672 -2.843548 53.648750  0.553501 0.186619 0.811671  0.000000 0.000000 1 3 1.000000
  phy
0  -3.969160 -3.756290 50.141750  -0.039195 0.843970 0.534957  0.000000 0.000000 1 3 1.000000
0  -1.483168 -5.544605 50.141750  -0.005771 0.365518 0.930786  0.000000 0.000000 1 3 1.000000
0  -3.567276 -1.435424 53.648766  0.470056 0.636367 0.611625  0.000000 0.000000 1 3 1.000000
  phy
0  -1.329672 -2.843548 53.648750  0.553501 0.186619 0.811671  0.000000 0.000000 1 3 1.000000
0  -2.420390 0.952970 57.037071  0.751470 0.379425 0.539749  0.000000 0.000000 1 3 1.000000
0  -3.567276 -1.435424 53.648766  0.470056 0.636367 0.611625  0.000000 0.000000 1 3 1.000000
  phy
0  -3.004353 2.280262 57.037071  0.550519 0.833093 0.053711  0.000000 0.000000 1 3 1.000000
0  -3.567276 -1.435424 53.648766  0.470056 0.636367 0.611625  0.000000 0.000000 1 3 1.000000
0  -2.420390 0.952970 57.037071  0.751470 0.379425 0.539749  0.000000 0.000000 1 3 1.000000
  phy
0  0.998104 4.427890 57.037067  0.930508 -0.105537 -0.350738  0.000000 0.000000 1 3 1.000000
0  2.526912 3.607570 57.037064  0.661684 -0.504127 -0.555004  0.000000 0.000000 1 3 1.000000
0  1.436176 4.529398 53.648754  0.026432 -0.213976 -0.976481  0.000000 0.000000 1 3 1.000000
  phy
0  4.075663 -3.756321 50.141766  -0.039291 -0.843998 0.534905  0.000000 0.000000 1 3 1.000000
0  5.025230 -0.862787 50.141747  -0.089764 -0.995925 -0.008683  0.000000 0.000000 1 3 1.000000
0  4.528481 0.842932 53.648754  0.228843 -0.973208 0.022299  0.000000 0.000000 1 3 1.000000
  phy
0  1.589685 -5.544581 50.141762  0.005557 -0.285283 0.958427  0.000000 0.000000 1 3 1.000000
0  -1.041141 -3.723657 43.349655  -0.761220 0.105202 0.639904  0.000000 0.000000 1 3 1.000000
0  1.147655 -3.723657 43.349655  -0.855142 -0.151394 0.495794  0.000000 0.000000 1 3 1.000000
  phy
0  1.589685 -5.544581 50.141762  0.005557 -0.285283 0.958427  0.000000 0.000000 1 3 1.000000
0  -1.483168 -5.544605 50.141750  -0.005771 0.365518 0.930786  0.000000 0.000000 1 3 1.000000
0  -1.041141 -3.723657 43.349655  -0.761220 0.105202 0.639904  0.000000 0.000000 1 3 1.000000
  phy
0  1.436176 4.529398 53.648754  0.026432 -0.213976 -0.976481  0.000000 0.000000 1 3 1.000000
0  2.526912 3.607570 57.037064  0.661684 -0.504127 -0.555004  0.000000 0.000000 1 3 1.000000
0  3.673788 3.121289 53.648754  0.072227 -0.748879 -0.658759  0.000000 0.000000 1 3 1.000000
  phy
0  -2.811914 -2.683952 43.349659  -0.595680 0.568813 0.567113  0.000000 0.000000 1 3 1.000000
0  -1.483168 -5.544605 50.141750  -0.005771 0.365518 0.930786  0.000000 0.000000 1 3 1.000000
0  -3.969160 -3.756290 50.141750  -0.039195 0.843970 0.534957  0.000000 0.000000 1 3 1.000000
  phy
0  3.594799 -1.001672 43.349655  -0.332582 -0.942517 -0.032412  0.000000 0.000000 1 3 1.000000
0  5.025230 -0.862787 50.141747  -0.089764 -0.995925 -0.008683  0.000000 0.000000 1 3 1.000000
0  4.075663 -3.756321 50.141766  -0.039291 -0.843998 0.534905  0.000000 0.000000 1 3 1.000000
  phy
0  -2.811914 -2.683952 43.349659  -0.595680 0.568813 0.567113  0.000000 0.000000 1 3 1.000000
0  -1.041141 -3.723657 43.349655  -0.761220 0.105202 0.639904  0.000000 0.000000 1 3 1.000000
0  -1.483168 -5.544605 50.141750  -0.005771 0.365518 0.930786  0.000000 0.000000 1 3 1.000000
  phy
0  -8.758413 1.904687 50.342411  -0.037527 -0.959951 0.277642  0.000000 0.000000 1 49 1.000000
0  -12.600947 1.671979 47.405827  0.104343 -0.987984 0.114019  0.000000 0.000000 1 49 1.000000
0  -9.181518 2.781669 50.797970  0.016991 -0.693211 0.720534  0.000000 0.000000 1 49 1.000000
  phy
0  -12.600947 1.671979 47.405827  0.104343 -0.987984 0.114019  0.000000 0.000000 1 49 1.000000
0  -12.976536 2.447853 47.807964  0.606831 -0.282341 0.742994  0.000000 0.000000 1 49 1.000000
0  -9.181518 2.781669 50.797970  0.016991 -0.693211 0.720534  0.000000 0.000000 1 49 1.000000
  phy
0  -8.758413 1.904687 50.342411  -0.037527 -0.959951 0.277642  0.000000 0.000000 1 49 1.000000
0  -8.656481 0.783474 50.344536  0.002022 -0.962541 -0.271128  0.000000 0.000000 1 49 1.000000
0  -12.600947 1.671979 47.405827  0.104343 -0.987984 0.114019  0.000000 0.000000 1 49 1.000000
  phy
0  -5.761502 1.051384 52.922813  -0.448361 -0.866828 -0.218130  0.000000 0.000000 1 49 1.000000
0  -8.656481 0.783474 50.344536  0.002022 -0.962541 -0.271128  0.000000 0.000000 1 49 1.000000
0  -8.758413 1.904687 50.342411  -0.037527 -0.959951 0.277642  0.000000 0.000000 1 49 1.000000
  phy
0  -9.181518 2.781669 50.797970  0.016991 -0.693211 0.720534  0.000000 0.000000 1 49 1.000000
0  -6.207549 2.663802 53.318512  -0.452185 -0.658111 0.602012  0.000000 0.000000 1 49 1.000000
0  -8.758413 1.904687 50.342411  -0.037527 -0.959951 0.277642  0.000000 0.000000 1 49 1.000000
  phy
0  -8.758413 1.904687 50.342411  -0.037527 -0.959951 0.277642  0.000000 0.000000 1 49 1.000000
0  -6.207549 2.663802 53.318512  -0.452185 -0.658111 0.602012  0.000000 0.000000 1 49 1.000000
0  -5.761502 1.051384 52.922813  -0.448361 -0.866828 -0.218130  0.000000 0.000000 1 49 1.000000
  phy
0  -6.713645 2.901246 53.963272  -0.167274 0.321511 0.932014  0.000000 0.000000 1 49 1.000000
0  -9.764145 3.079440 51.537228  0.051591 -0.040847 0.997833  0.000000 0.000000 1 49 1.000000
0  -10.283769 2.684267 52.277813  -0.006395 0.633967 0.773333  0.000000 0.000000 1 49 1.000000
  phy
0  -10.283769 2.684267 52.277813  -0.006395 0.633967 0.773333  0.000000 0.000000 1 49 1.000000
0  -7.399269 1.819768 55.009315  -0.238919 0.868997 0.433315  0.000000 0.000000 1 49 1.000000
0  -6.713645 2.901246 53.963272  -0.167274 0.321511 0.932014  0.000000 0.000000 1 49 1.000000
  phy
0  -10.283769 2.684267 52.277813  -0.006395 0.633967 0.773333  0.000000 0.000000 1 49 1.000000
0  -10.541916 1.747078 52.736832  0.054527 0.962305 0.266452  0.000000 0.000000 1 49 1.000000
0  -7.399269 1.819768 55.009315  -0.238919 0.868997 0.433315  0.000000 0.000000 1 49 1.000000
  phy
0  -10.541916 1.747078 52.736832  0.054527 0.962305 0.266452  0.000000 0.000000 1 49 1.000000
0  -10.283769 2.684267 52.277813  -0.006395 0.633967 0.773333  0.000000 0.000000 1 49 1.000000
0  -13.951381 2.361819 49.119354  0.353237 0.618748 0.701694  0.000000 0.000000 1 49 1.000000
  phy
0  -9.764145 3.079440 51.537228  0.051591 -0.040847 0.997833  0.000000 0.000000 1 49 1.000000
0  -13.951381 2.361819 49.119354  0.353237 0.618748 0.701694  0.000000 0.000000 1 49 1.000000
0  -10.283769 2.684267 52.277813  -0.006395 0.633967 0.773333  0.000000 0.000000 1 49 1.000000
  phy
0  -6.713645 2.901246 53.963272  -0.167274 0.321511 0.932014  0.000000 0.000000 1 49 1.000000
0  -7.399269 1.819768 55.009315  -0.238919 0.868997 0.433315  0.000000 0.000000 1 49 1.000000
0  -6.207549 2.663802 53.318512  -0.452185 -0.658111 0.602012  0.000000 0.000000 1 49 1.000000
  phy
0  -6.207549 2.663802 53.318512  -0.452185 -0.658111 0.602012  0.000000 0.000000 1 49 1.000000
0  -7.399269 1.819768 55.009315  -0.238919 0.868997 0.433315  0.000000 0.000000 1 49 1.000000
0  -7.316907 0.913937 55.011040  -0.638779 0.658237 -0.398354  0.000000 0.000000 1 49 1.000000
  phy
0  -6.207549 2.663802 53.318512  -0.452185 -0.658111 0.602012  0.000000 0.000000 1 49 1.000000
0  -7.316907 0.913937 55.011040  -0.638779 0.658237 -0.398354  0.000000 0.000000 1 49 1.000000
0  -5.761502 1.051384 52.922813  -0.448361 -0.866828 -0.218130  0.000000 0.000000 1 49 1.000000
  phy
0  -5.761502 1.051384 52.922813  -0.448361 -0.866828 -0.218130  0.000000 0.000000 1 49 1.000000
0  -7.316907 0.913937 55.011040  -0.638779 0.658237 -0.398354  0.000000 0.000000 1 49 1.000000
0  -6.447123 -0.030094 53.968853  -0.333774 -0.006502 -0.942631  0.000000 0.000000 1 49 1.000000
  phy
0  -6.713645 2.901246 53.963272  -0.167274 0.321511 0.932014  0.000000 0.000000 1 49 1.000000
0  -6.207549 2.663802 53.318512  -0.452185 -0.658111 0.602012  0.000000 0.000000 1 49 1.000000
0  -9.764145 3.079440 51.537228  0.051591 -0.040847 0.997833  0.000000 0.000000 1 49 1.000000
  phy
0  -9.434249 -0.548883 51.544140  -0.014695 0.001763 -0.999891  0.000000 0.000000 1 49 1.000000
0  -8.914625 -0.153706 50.803558  -0.088408 -0.636328 -0.766336  0.000000 0.000000 1 49 1.000000
0  -6.447123 -0.030094 53.968853  -0.333774 -0.006502 -0.942631  0.000000 0.000000 1 49 1.000000
  phy
0  -8.914625 -0.153706 50.803558  -0.088408 -0.636328 -0.766336  0.000000 0.000000 1 49 1.000000
0  -5.761502 1.051384 52.922813  -0.448361 -0.866828 -0.218130  0.000000 0.000000 1 49 1.000000
0  -6.447123 -0.030094 53.968853  -0.333774 -0.006502 -0.942631  0.000000 0.000000 1 49 1.000000
  phy
0  -8.914625 -0.153706 50.803558  -0.088408 -0.636328 -0.766336  0.000000 0.000000 1 49 1.000000
0  -8.656481 0.783474 50.344536  0.002022 -0.962541 -0.271128  0.000000 0.000000 1 49 1.000000
0  -5.761502 1.051384 52.922813  -0.448361 -0.866828 -0.218130  0.000000 0.000000 1 49 1.000000
  phy
0  -8.914625 -0.153706 50.803558  -0.088408 -0.636328 -0.766336  0.000000 0.000000 1 49 1.000000
0  -12.739303 -0.149621 47.814117  0.276788 -0.602578 -0.748524  0.000000 0.000000 1 49 1.000000
0  -8.656481 0.783474 50.344536  0.002022 -0.962541 -0.271128  0.000000 0.000000 1 49 1.000000
  phy
0  -8.914625 -0.153706 50.803558  -0.088408 -0.636328 -0.766336  0.000000 0.000000 1 49 1.000000
0  -9.434249 -0.548883 51.544140  -0.014695 0.001763 -0.999891  0.000000 0.000000 1 49 1.000000
0  -12.739303 -0.149621 47.814117  0.276788 -0.602578 -0.748524  0.000000 0.000000 1 49 1.000000
  phy
0  -8.656481 0.783474 50.344536  0.002022 -0.962541 -0.271128  0.000000 0.000000 1 49 1.000000
0  -12.739303 -0.149621 47.814117  0.276788 -0.602578 -0.748524  0.000000 0.000000 1 49 1.000000
0  -12.600947 1.671979 47.405827  0.104343 -0.987984 0.114019  0.000000 0.000000 1 49 1.000000
  phy
0  -12.739303 -0.149621 47.814117  0.276788 -0.602578 -0.748524  0.000000 0.000000 1 49 1.000000
0  -12.976536 2.447853 47.807964  0.606831 -0.282341 0.742994  0.000000 0.000000 1 49 1.000000
0  -12.600947 1.671979 47.405827  0.104343 -0.987984 0.114019  0.000000 0.000000 1 49 1.000000
  phy
0  -10.016880 -0.251109 52.283401  -0.071667 0.636250 -0.768147  0.000000 0.000000 1 49 1.000000
0  -10.439971 0.625872 52.738964  0.000417 0.959070 -0.283169  0.000000 0.000000 1 49 1.000000
0  -13.716636 -0.235751 49.123478  0.454421 0.434582 -0.777586  0.000000 0.000000 1 49 1.000000
  phy
0  -13.716636 -0.235751 49.123478  0.454421 0.434582 -0.777586  0.000000 0.000000 1 49 1.000000
0  -10.439971 0.625872 52.738964  0.000417 0.959070 -0.283169  0.000000 0.000000 1 49 1.000000
0  -14.089760 0.540215 49.527626  0.156482 0.987615 -0.011372  0.000000 0.000000 1 49 1.000000
  phy
0  -10.016880 -0.251109 52.283401  -0.071667 0.636250 -0.768147  0.000000 0.000000 1 49 1.000000
0  -9.434249 -0.548883 51.544140  -0.014695 0.001763 -0.999891  0.000000 0.000000 1 49 1.000000
0  -6.447123 -0.030094 53.968853  -0.333774 -0.006502 -0.942631  0.000000 0.000000 1 49 1.000000
  phy
0  -7.316907 0.913937 55.011040  -0.638779 0.658237 -0.398354  0.000000 0.000000 1 49 1.000000
0  -10.016880 -0.251109 52.283401  -0.071667 0.636250 -0.768147  0.000000 0.000000 1 49 1.000000
0  -6.447123 -0.030094 53.968853  -0.333774 -0.006502 -0.942631  0.000000 0.000000 1 49 1.000000
  phy
0  -10.016880 -0.251109 52.283401  -0.071667 0.636250 -0.768147  0.000000 0.000000 1 49 1.000000
0  -7.316907 0.913937 55.011040  -0.638779 0.658237 -0.398354  0.000000 0.000000 1 49 1.000000
0  -10.439971 0.625872 52.738964  0.000417 0.959070 -0.283169  0.000000 0.000000 1 49 1.000000
  phy
0  -10.016880 -0.251109 52.283401  -0.071667 0.636250 -0.768147  0.000000 0.000000 1 49 1.000000
0  -13.716636 -0.235751 49.123478  0.454421 0.434582 -0.777586  0.000000 0.000000 1 49 1.000000
0  -9.434249 -0.548883 51.544140  -0.014695 0.001763 -0.999891  0.000000 0.000000 1 49 1.000000
  phy
0  -10.541916 1.747078 52.736832  0.054527 0.962305 0.266452  0.000000 0.000000 1 49 1.000000
0  -10.439971 0.625872 52.738964  0.000417 0.959070 -0.283169  0.000000 0.000000 1 49 1.000000
0  -7.399269 1.819768 55.009315  -0.238919 0.868997 0.433315  0.000000 0.000000 1 49 1.000000
  phy
0  -7.399269 1.819768 55.009315  -0.238919 0.868997 0.433315  0.000000 0.000000 1 49 1.000000
0  -10.439971 0.625872 52.738964  0.000417 0.959070 -0.283169  0.000000 0.000000 1 49 1.000000
0  -7.316907 0.913937 55.011040  -0.638779 0.658237 -0.398354  0.000000 0.000000 1 49 1.000000
  phy
0  -10.541916 1.747078 52.736832  0.054527 0.962305 0.266452  0.000000 0.000000 1 49 1.000000
0  -13.951381 2.361819 49.119354  0.353237 0.618748 0.701694  0.000000 0.000000 1 49 1.000000
0  -14.089760 0.540215 49.527626  0.156482 0.987615 -0.011372  0.000000 0.000000 1 49 1.000000
  phy
0  -10.439971 0.625872 52.738964  0.000417 0.959070 -0.283169  0.000000 0.000000 1 49 1.000000
0  -10.541916 1.747078 52.736832  0.054527 0.962305 0.266452  0.000000 0.000000 1 49 1.000000
0  -14.089760 0.540215 49.527626  0.156482 0.987615 -0.011372  0.000000 0.000000 1 49 1.000000
  phy
0  -9.181518 2.781669 50.797970  0.016991 -0.693211 0.720534  0.000000 0.000000 1 49 1.000000
0  -12.976536 2.447853 47.807964  0.606831 -0.282341 0.742994  0.000000 0.000000 1 49 1.000000
0  -9.764145 3.079440 51.537228  0.051591 -0.040847 0.997833  0.000000 0.000000 1 49 1.000000
  phy
0  -9.764145 3.079440 51.537228  0.051591 -0.040847 0.997833  0.000000 0.000000 1 49 1.000000
0  -12.976536 2.447853 47.807964  0.606831 -0.282341 0.742994  0.000000 0.000000 1 49 1.000000
0  -13.951381 2.361819 49.119354  0.353237 0.618748 0.701694  0.000000 0.000000 1 49 1.000000
  phy
0  -9.764145 3.079440 51.537228  0.051591 -0.040847 0.997833  0.000000 0.000000 1 49 1.000000
0  -6.207549 2.663802 53.318512  -0.452185 -0.658111 0.602012  0.000000 0.000000 1 49 1.000000
0  -9.181518 2.781669 50.797970  0.016991 -0.693211 0.720534  0.000000 0.000000 1 49 1.000000
  phy
0  -9.434249 -0.548883 51.544140  -0.014695 0.001763 -0.999891  0.000000 0.000000 1 49 1.000000
0  -13.716636 -0.235751 49.123478  0.454421 0.434582 -0.777586  0.000000 0.000000 1 49 1.000000
0  -12.739303 -0.149621 47.814117  0.276788 -0.602578 -0.748524  0.000000 0.000000 1 49 1.000000
  phy
0  -13.716636 -0.235751 49.123478  0.454421 0.434582 -0.777586  0.000000 0.000000 1 49 1.000000
0  -14.089760 0.540215 49.527626  0.156482 0.987615 -0.011372  0.000000 0.000000 1 49 1.000000
0  -13.951381 2.361819 49.119354  0.353237 0.618748 0.701694  0.000000 0.000000 1 49 1.000000
  phy
0  -13.951381 2.361819 49.119354  0.353237 0.618748 0.701694  0.000000 0.000000 1 49 1.000000
0  -12.976536 2.447853 47.807964  0.606831 -0.282341 0.742994  0.000000 0.000000 1 49 1.000000
0  -13.716636 -0.235751 49.123478  0.454421 0.434582 -0.777586  0.000000 0.000000 1 49 1.000000
  phy
0  -13.716636 -0.235751 49.123478  0.454421 0.434582 -0.777586  0.000000 0.000000 1 49 1.000000
0  -12.976536 2.447853 47.807964  0.606831 -0.282341 0.742994  0.000000 0.000000 1 49 1.000000
0  -12.739303 -0.149621 47.814117  0.276788 -0.602578 -0.748524  0.000000 0.000000 1 49 1.000000
  phy
0  -14.472242 -0.237926 46.245827  0.066929 -0.621164 -0.780817  0.000000 0.000000 1 50 1.000000
0  -12.865278 -0.174944 47.669422  -0.807793 -0.195103 -0.556242  0.000000 0.000000 1 50 1.000000
0  -15.016557 -0.599025 46.969307  0.040472 0.000766 -0.999180  0.000000 0.000000 1 50 1.000000
  phy
0  -14.472242 -0.237926 46.245827  0.066929 -0.621164 -0.780817  0.000000 0.000000 1 50 1.000000
0  -15.016557 -0.599025 46.969307  0.040472 0.000766 -0.999180  0.000000 0.000000 1 50 1.000000
0  -21.334364 -0.129828 41.756821  0.260884 -0.103382 -0.959819  0.000000 0.000000 1 50 1.000000
  phy
0  -14.472242 -0.237926 46.245827  0.066929 -0.621164 -0.780817  0.000000 0.000000 1 50 1.000000
0  -21.334364 -0.129828 41.756821  0.260884 -0.103382 -0.959819  0.000000 0.000000 1 50 1.000000
0  -14.162067 0.605519 45.821819  0.109718 -0.955128 -0.275122  0.000000 0.000000 1 50 1.000000
  phy
0  -14.162067 0.605519 45.821819  0.109718 -0.955128 -0.275122  0.000000 0.000000 1 50 1.000000
0  -12.567007 0.604849 47.262264  -0.250717 -0.958495 -0.135751  0.000000 0.000000 1 50 1.000000
0  -14.472242 -0.237926 46.245827  0.066929 -0.621164 -0.780817  0.000000 0.000000 1 50 1.000000
  phy
0  -14.472242 -0.237926 46.245827  0.066929 -0.621164 -0.780817  0.000000 0.000000 1 50 1.000000
0  -12.567007 0.604849 47.262264  -0.250717 -0.958495 -0.135751  0.000000 0.000000 1 50 1.000000
0  -12.865278 -0.174944 47.669422  -0.807793 -0.195103 -0.556242  0.000000 0.000000 1 50 1.000000
  phy
0  -12.967873 2.250892 47.759815  -0.612808 -0.486532 0.622699  0.000000 0.000000 1 50 1.000000
0  -14.583365 2.389589 46.343731  0.032393 -0.599516 0.799707  0.000000 0.000000 1 50 1.000000
0  -15.153914 2.648763 47.090317  0.003265 0.000350 0.999995  0.000000 0.000000 1 50 1.000000
  phy
0  -15.698230 2.287663 47.813797  0.083045 0.547181 0.832885  0.000000 0.000000 1 50 1.000000
0  -14.035694 2.153273 49.167805  -0.849971 0.152011 0.504422  0.000000 0.000000 1 50 1.000000
0  -15.153914 2.648763 47.090317  0.003265 0.000350 0.999995  0.000000 0.000000 1 50 1.000000
  phy
0  -15.153914 2.648763 47.090317  0.003265 0.000350 0.999995  0.000000 0.000000 1 50 1.000000
0  -14.035694 2.153273 49.167805  -0.849971 0.152011 0.504422  0.000000 0.000000 1 50 1.000000
0  -12.967873 2.250892 47.759815  -0.612808 -0.486532 0.622699  0.000000 0.000000 1 50 1.000000
  phy
0  -15.153914 2.648763 47.090317  0.003265 0.000350 0.999995  0.000000 0.000000 1 50 1.000000
0  -21.142033 1.587125 41.471893  0.217916 -0.674837 0.705058  0.000000 0.000000 1 50 1.000000
0  -15.698230 2.287663 47.813797  0.083045 0.547181 0.832885  0.000000 0.000000 1 50 1.000000
  phy
0  -14.583365 2.389589 46.343731  0.032393 -0.599516 0.799707  0.000000 0.000000 1 50 1.000000
0  -21.142033 1.587125 41.471893  0.217916 -0.674837 0.705058  0.000000 0.000000 1 50 1.000000
0  -15.153914 2.648763 47.090317  0.003265 0.000350 0.999995  0.000000 0.000000 1 50 1.000000
  phy
0  -15.587113 -0.339851 47.715893  0.101426 0.600735 -0.792988  0.000000 0.000000 1 50 1.000000
0  -15.016557 -0.599025 46.969307  0.040472 0.000766 -0.999180  0.000000 0.000000 1 50 1.000000
0  -13.933106 -0.272570 49.077423  -0.540920 0.481467 -0.689634  0.000000 0.000000 1 50 1.000000
  phy
0  -15.016557 -0.599025 46.969307  0.040472 0.000766 -0.999180  0.000000 0.000000 1 50 1.000000
0  -15.587113 -0.339851 47.715893  0.101426 0.600735 -0.792988  0.000000 0.000000 1 50 1.000000
0  -21.334364 -0.129828 41.756821  0.260884 -0.103382 -0.959819  0.000000 0.000000 1 50 1.000000
  phy
0  -15.965960 0.440602 48.200413  0.098170 0.926458 -0.363371  0.000000 0.000000 1 50 1.000000
0  -15.587113 -0.339851 47.715893  0.101426 0.600735 -0.792988  0.000000 0.000000 1 50 1.000000
0  -13.933106 -0.272570 49.077423  -0.540920 0.481467 -0.689634  0.000000 0.000000 1 50 1.000000
  phy
0  -15.587113 -0.339851 47.715893  0.101426 0.600735 -0.792988  0.000000 0.000000 1 50 1.000000
0  -15.965960 0.440602 48.200413  0.098170 0.926458 -0.363371  0.000000 0.000000 1 50 1.000000
0  -21.334364 -0.129828 41.756821  0.260884 -0.103382 -0.959819  0.000000 0.000000 1 50 1.000000
  phy
0  -14.204516 1.609141 45.859203  0.012614 -0.953450 0.301286  0.000000 0.000000 1 50 1.000000
0  -14.583365 2.389589 46.343731  0.032393 -0.599516 0.799707  0.000000 0.000000 1 50 1.000000
0  -12.967873 2.250892 47.759815  -0.612808 -0.486532 0.622699  0.000000 0.000000 1 50 1.000000
  phy
0  -12.967873 2.250892 47.759815  -0.612808 -0.486532 0.622699  0.000000 0.000000 1 50 1.000000
0  -12.567007 0.604849 47.262264  -0.250717 -0.958495 -0.135751  0.000000 0.000000 1 50 1.000000
0  -14.204516 1.609141 45.859203  0.012614 -0.953450 0.301286  0.000000 0.000000 1 50 1.000000
  phy
0  -14.204516 1.609141 45.859203  0.012614 -0.953450 0.301286  0.000000 0.000000 1 50 1.000000
0  -12.567007 0.604849 47.262264  -0.250717 -0.958495 -0.135751  0.000000 0.000000 1 50 1.000000
0  -14.162067 0.605519 45.821819  0.109718 -0.955128 -0.275122  0.000000 0.000000 1 50 1.000000
  phy
0  -14.162067 0.605519 45.821819  0.109718 -0.955128 -0.275122  0.000000 0.000000 1 50 1.000000
0  -21.142033 1.587125 41.471893  0.217916 -0.674837 0.705058  0.000000 0.000000 1 50 1.000000
0  -14.204516 1.609141 45.859203  0.012614 -0.953450 0.301286  0.000000 0.000000 1 50 1.000000
  phy
0  -14.204516 1.609141 45.859203  0.012614 -0.953450 0.301286  0.000000 0.000000 1 50 1.000000
0  -21.142033 1.587125 41.471893  0.217916 -0.674837 0.705058  0.000000 0.000000 1 50 1.000000
0  -14.583365 2.389589 46.343731  0.032393 -0.599516 0.799707  0.000000 0.000000 1 50 1.000000
  phy
0  -12.567007 0.604849 47.262264  -0.250717 -0.958495 -0.135751  0.000000 0.000000 1 50 1.000000
0  -12.967873 2.250892 47.759815  -0.612808 -0.486532 0.622699  0.000000 0.000000 1 50 1.000000
0  -12.865278 -0.174944 47.669422  -0.807793 -0.195103 -0.556242  0.000000 0.000000 1 50 1.000000
  phy
0  -12.865278 -0.174944 47.669422  -0.807793 -0.195103 -0.556242  0.000000 0.000000 1 50 1.000000
0  -12.967873 2.250892 47.759815  -0.612808 -0.486532 0.622699  0.000000 0.000000 1 50 1.000000
0  -14.035694 2.153273 49.167805  -0.849971 0.152011 0.504422  0.000000 0.000000 1 50 1.000000
  phy
0  -12.865278 -0.174944 47.669422  -0.807793 -0.195103 -0.556242  0.000000 0.000000 1 50 1.000000
0  -14.035694 2.153273 49.167805  -0.849971 0.152011 0.504422  0.000000 0.000000 1 50 1.000000
0  -13.933106 -0.272570 49.077423  -0.540920 0.481467 -0.689634  0.000000 0.000000 1 50 1.000000
  phy
0  -13.933106 -0.272570 49.077423  -0.540920 0.481467 -0.689634  0.000000 0.000000 1 50 1.000000
0  -14.035694 2.153273 49.167805  -0.849971 0.152011 0.504422  0.000000 0.000000 1 50 1.000000
0  -14.333974 1.373484 49.574974  -0.210926 0.969449 0.125218  0.000000 0.000000 1 50 1.000000
  phy
0  -15.016557 -0.599025 46.969307  0.040472 0.000766 -0.999180  0.000000 0.000000 1 50 1.000000
0  -12.865278 -0.174944 47.669422  -0.807793 -0.195103 -0.556242  0.000000 0.000000 1 50 1.000000
0  -13.933106 -0.272570 49.077423  -0.540920 0.481467 -0.689634  0.000000 0.000000 1 50 1.000000
  phy
0  -15.698230 2.287663 47.813797  0.083045 0.547181 0.832885  0.000000 0.000000 1 50 1.000000
0  -21.813196 1.056071 42.365559  0.211932 0.937994 0.274322  0.000000 0.000000 1 50 1.000000
0  -16.008404 1.444220 48.237816  0.085459 0.949927 0.300558  0.000000 0.000000 1 50 1.000000
  phy
0  -15.698230 2.287663 47.813797  0.083045 0.547181 0.832885  0.000000 0.000000 1 50 1.000000
0  -21.142033 1.587125 41.471893  0.217916 -0.674837 0.705058  0.000000 0.000000 1 50 1.000000
0  -21.813196 1.056071 42.365559  0.211932 0.937994 0.274322  0.000000 0.000000 1 50 1.000000
  phy
0  -21.813196 1.056071 42.365559  0.211932 0.937994 0.274322  0.000000 0.000000 1 50 1.000000
0  -15.965960 0.440602 48.200413  0.098170 0.926458 -0.363371  0.000000 0.000000 1 50 1.000000
0  -16.008404 1.444220 48.237816  0.085459 0.949927 0.300558  0.000000 0.000000 1 50 1.000000
  phy
0  -15.965960 0.440602 48.200413  0.098170 0.926458 -0.363371  0.000000 0.000000 1 50 1.000000
0  -21.813196 1.056071 42.365559  0.211932 0.937994 0.274322  0.000000 0.000000 1 50 1.000000
0  -21.334364 -0.129828 41.756821  0.260884 -0.103382 -0.959819  0.000000 0.000000 1 50 1.000000
  phy
0  -21.142033 1.587125 41.471893  0.217916 -0.674837 0.705058  0.000000 0.000000 1 50 1.000000
0  -21.334364 -0.129828 41.756821  0.260884 -0.103382 -0.959819  0.000000 0.000000 1 50 1.000000
0  -21.813196 1.056071 42.365559  0.211932 0.937994 0.274322  0.000000 0.000000 1 50 1.000000
  phy
0  -14.333974 1.373484 49.574974  -0.210926 0.969449 0.125218  0.000000 0.000000 1 50 1.000000
0  -15.698230 2.287663 47.813797  0.083045 0.547181 0.832885  0.000000 0.000000 1 50 1.000000
0  -16.008404 1.444220 48.237816  0.085459 0.949927 0.300558  0.000000 0.000000 1 50 1.000000
  phy
0  -15.698230 2.287663 47.813797  0.083045 0.547181 0.832885  0.000000 0.000000 1 50 1.000000
0  -14.333974 1.373484 49.574974  -0.210926 0.969449 0.125218  0.000000 0.000000 1 50 1.000000
0  -14.035694 2.153273 49.167805  -0.849971 0.152011 0.504422  0.000000 0.000000 1 50 1.000000
  phy
0  -15.965960 0.440602 48.200413  0.098170 0.926458 -0.363371  0.000000 0.000000 1 50 1.000000
0  -14.333974 1.373484 49.574974  -0.210926 0.969449 0.125218  0.000000 0.000000 1 50 1.000000
0  -16.008404 1.444220 48.237816  0.085459 0.949927 0.300558  0.000000 0.000000 1 50 1.000000
  phy
0  -14.333974 1.373484 49.574974  -0.210926 0.969449 0.125218  0.000000 0.000000 1 50 1.000000
0  -15.965960 0.440602 48.200413  0.098170 0.926458 -0.363371  0.000000 0.000000 1 50 1.000000
0  -13.933106 -0.272570 49.077423  -0.540920 0.481467 -0.689634  0.000000 0.000000 1 50 1.000000
  phy
0  -14.162067 0.605519 45.821819  0.109718 -0.955128 -0.275122  0.000000 0.000000 1 50 1.000000
0  -21.334364 -0.129828 41.756821  0.260884 -0.103382 -0.959819  0.000000 0.000000 1 50 1.000000
0  -21.142033 1.587125 41.471893  0.217916 -0.674837 0.705058  0.000000 0.000000 1 50 1.000000
  phy
0  10.159967 1.783226 52.989765  0.015835 -0.961688 0.273690  0.000000 0.000000 1 25 1.000000
0  13.625595 2.393093 49.425201  0.343660 -0.623340 0.702385  0.000000 0.000000 1 25 1.000000
0  9.909011 2.719748 52.525455  0.032219 -0.643419 0.764836  0.000000 0.000000 1 25 1.000000
  phy
0  10.159967 1.783226 52.989765  0.015835 -0.961688 0.273690  0.000000 0.000000 1 25 1.000000
0  13.758387 0.571810 49.837467  0.117491 -0.984642 -0.129139  0.000000 0.000000 1 25 1.000000
0  13.625595 2.393093 49.425201  0.343660 -0.623340 0.702385  0.000000 0.000000 1 25 1.000000
  phy
0  10.058041 0.662008 52.991875  -0.004371 -0.962883 -0.269884  0.000000 0.000000 1 25 1.000000
0  13.758387 0.571810 49.837467  0.117491 -0.984642 -0.129139  0.000000 0.000000 1 25 1.000000
0  10.159967 1.783226 52.989765  0.015835 -0.961688 0.273690  0.000000 0.000000 1 25 1.000000
  phy
0  10.159967 1.783226 52.989765  0.015835 -0.961688 0.273690  0.000000 0.000000 1 25 1.000000
0  6.937334 0.908782 55.294910  -0.152580 -0.982078 -0.110640  0.000000 0.000000 1 25 1.000000
0  10.058041 0.662008 52.991875  -0.004371 -0.962883 -0.269884  0.000000 0.000000 1 25 1.000000
  phy
0  9.909011 2.719748 52.525455  0.032219 -0.643419 0.764836  0.000000 0.000000 1 25 1.000000
0  6.783221 2.717485 54.853123  -0.358042 -0.560715 0.746595  0.000000 0.000000 1 25 1.000000
0  10.159967 1.783226 52.989765  0.015835 -0.961688 0.273690  0.000000 0.000000 1 25 1.000000
  phy
0  10.159967 1.783226 52.989765  0.015835 -0.961688 0.273690  0.000000 0.000000 1 25 1.000000
0  6.783221 2.717485 54.853123  -0.358042 -0.560715 0.746595  0.000000 0.000000 1 25 1.000000
0  6.937334 0.908782 55.294910  -0.152580 -0.982078 -0.110640  0.000000 0.000000 1 25 1.000000
  phy
0  10.058041 0.662008 52.991875  -0.004371 -0.962883 -0.269884  0.000000 0.000000 1 25 1.000000
0  6.937334 0.908782 55.294910  -0.152580 -0.982078 -0.110640  0.000000 0.000000 1 25 1.000000
0  9.642148 -0.215633 52.530972  -0.026020 -0.715694 -0.697929  0.000000 0.000000 1 25 1.000000
  phy
0  9.642148 -0.215633 52.530972  -0.026020 -0.715694 -0.697929  0.000000 0.000000 1 25 1.000000
0  13.758387 0.571810 49.837467  0.117491 -0.984642 -0.129139  0.000000 0.000000 1 25 1.000000
0  10.058041 0.662008 52.991875  -0.004371 -0.962883 -0.269884  0.000000 0.000000 1 25 1.000000
  phy
0  13.625595 2.393093 49.425201  0.343660 -0.623340 0.702385  0.000000 0.000000 1 25 1.000000
0  9.401021 3.113862 51.776276  0.039043 0.001575 0.999236  0.000000 0.000000 1 25 1.000000
0  9.909011 2.719748 52.525455  0.032219 -0.643419 0.764836  0.000000 0.000000 1 25 1.000000
  phy
0  9.401021 3.113862 51.776276  0.039043 0.001575 0.999236  0.000000 0.000000 1 25 1.000000
0  6.783221 2.717485 54.853123  -0.358042 -0.560715 0.746595  0.000000 0.000000 1 25 1.000000
0  9.909011 2.719748 52.525455  0.032219 -0.643419 0.764836  0.000000 0.000000 1 25 1.000000
  phy
0  13.390795 -0.204489 49.429356  0.572968 -0.296931 -0.763897  0.000000 0.000000 1 25 1.000000
0  13.758387 0.571810 49.837467  0.117491 -0.984642 -0.129139  0.000000 0.000000 1 25 1.000000
0  9.642148 -0.215633 52.530972  -0.026020 -0.715694 -0.697929  0.000000 0.000000 1 25 1.000000
  phy
0  6.937334 0.908782 55.294910  -0.152580 -0.982078 -0.110640  0.000000 0.000000 1 25 1.000000
0  6.548933 0.140288 54.857967  -0.747785 -0.214965 -0.628178  0.000000 0.000000 1 25 1.000000
0  9.642148 -0.215633 52.530972  -0.026020 -0.715694 -0.697929  0.000000 0.000000 1 25 1.000000
  phy
0  13.390795 -0.204489 49.429356  0.572968 -0.296931 -0.763897  0.000000 0.000000 1 25 1.000000
0  9.642148 -0.215633 52.530972  -0.026020 -0.715694 -0.697929  0.000000 0.000000 1 25 1.000000
0  9.071173 -0.514467 51.783092  -0.042506 -0.001482 -0.999095  0.000000 0.000000 1 25 1.000000
  phy
0  9.071173 -0.514467 51.783092  -0.042506 -0.001482 -0.999095  0.000000 0.000000 1 25 1.000000
0  9.642148 -0.215633 52.530972  -0.026020 -0.715694 -0.697929  0.000000 0.000000 1 25 1.000000
0  6.548933 0.140288 54.857967  -0.747785 -0.214965 -0.628178  0.000000 0.000000 1 25 1.000000
  phy
0  13.758387 0.571810 49.837467  0.117491 -0.984642 -0.129139  0.000000 0.000000 1 25 1.000000
0  13.390795 -0.204489 49.429356  0.572968 -0.296931 -0.763897  0.000000 0.000000 1 25 1.000000
0  13.625595 2.393093 49.425201  0.343660 -0.623340 0.702385  0.000000 0.000000 1 25 1.000000
  phy
0  13.390795 -0.204489 49.429356  0.572968 -0.296931 -0.763897  0.000000 0.000000 1 25 1.000000
0  12.670320 2.477444 48.099789  0.449712 0.581540 0.677917  0.000000 0.000000 1 25 1.000000
0  13.625595 2.393093 49.425201  0.343660 -0.623340 0.702385  0.000000 0.000000 1 25 1.000000
  phy
0  13.390795 -0.204489 49.429356  0.572968 -0.296931 -0.763897  0.000000 0.000000 1 25 1.000000
0  12.212789 0.708531 47.692970  0.351950 0.935648 -0.026354  0.000000 0.000000 1 25 1.000000
0  12.670320 2.477444 48.099789  0.449712 0.581540 0.677917  0.000000 0.000000 1 25 1.000000
  phy
0  13.390795 -0.204489 49.429356  0.572968 -0.296931 -0.763897  0.000000 0.000000 1 25 1.000000
0  12.435213 -0.120112 48.103516  0.099514 0.481920 -0.870546  0.000000 0.000000 1 25 1.000000
0  12.212789 0.708531 47.692970  0.351950 0.935648 -0.026354  0.000000 0.000000 1 25 1.000000
  phy
0  13.625595 2.393093 49.425201  0.343660 -0.623340 0.702385  0.000000 0.000000 1 25 1.000000
0  12.670320 2.477444 48.099789  0.449712 0.581540 0.677917  0.000000 0.000000 1 25 1.000000
0  9.401021 3.113862 51.776276  0.039043 0.001575 0.999236  0.000000 0.000000 1 25 1.000000
  phy
0  8.830041 2.815027 51.028412  0.036883 0.644879 0.763394  0.000000 0.000000 1 25 1.000000
0  8.414148 1.937387 50.567501  0.022842 0.961770 0.272903  0.000000 0.000000 1 25 1.000000
0  5.760606 2.807787 53.434296  -0.455945 0.553345 0.697083  0.000000 0.000000 1 25 1.000000
  phy
0  8.414148 1.937387 50.567501  0.022842 0.961770 0.272903  0.000000 0.000000 1 25 1.000000
0  8.830041 2.815027 51.028412  0.036883 0.644879 0.763394  0.000000 0.000000 1 25 1.000000
0  12.670320 2.477444 48.099789  0.449712 0.581540 0.677917  0.000000 0.000000 1 25 1.000000
  phy
0  8.830041 2.815027 51.028412  0.036883 0.644879 0.763394  0.000000 0.000000 1 25 1.000000
0  5.760606 2.807787 53.434296  -0.455945 0.553345 0.697083  0.000000 0.000000 1 25 1.000000
0  9.401021 3.113862 51.776276  0.039043 0.001575 0.999236  0.000000 0.000000 1 25 1.000000
  phy
0  9.401021 3.113862 51.776276  0.039043 0.001575 0.999236  0.000000 0.000000 1 25 1.000000
0  12.670320 2.477444 48.099789  0.449712 0.581540 0.677917  0.000000 0.000000 1 25 1.000000
0  8.830041 2.815027 51.028412  0.036883 0.644879 0.763394  0.000000 0.000000 1 25 1.000000
  phy
0  12.212789 0.708531 47.692970  0.351950 0.935648 -0.026354  0.000000 0.000000 1 25 1.000000
0  8.414148 1.937387 50.567501  0.022842 0.961770 0.272903  0.000000 0.000000 1 25 1.000000
0  12.670320 2.477444 48.099789  0.449712 0.581540 0.677917  0.000000 0.000000 1 25 1.000000
  phy
0  8.312220 0.816170 50.569607  0.005121 0.945476 -0.325653  0.000000 0.000000 1 25 1.000000
0  8.414148 1.937387 50.567501  0.022842 0.961770 0.272903  0.000000 0.000000 1 25 1.000000
0  12.212789 0.708531 47.692970  0.351950 0.935648 -0.026354  0.000000 0.000000 1 25 1.000000
  phy
0  8.414148 1.937387 50.567501  0.022842 0.961770 0.272903  0.000000 0.000000 1 25 1.000000
0  8.312220 0.816170 50.569607  0.005121 0.945476 -0.325653  0.000000 0.000000 1 25 1.000000
0  5.282718 1.054889 52.999195  -0.348615 0.933144 -0.087807  0.000000 0.000000 1 25 1.000000
  phy
0  5.760606 2.807787 53.434296  -0.455945 0.553345 0.697083  0.000000 0.000000 1 25 1.000000
0  8.414148 1.937387 50.567501  0.022842 0.961770 0.272903  0.000000 0.000000 1 25 1.000000
0  5.282718 1.054889 52.999195  -0.348615 0.933144 -0.087807  0.000000 0.000000 1 25 1.000000
  phy
0  13.390795 -0.204489 49.429356  0.572968 -0.296931 -0.763897  0.000000 0.000000 1 25 1.000000
0  9.071173 -0.514467 51.783092  -0.042506 -0.001482 -0.999095  0.000000 0.000000 1 25 1.000000
0  12.435213 -0.120112 48.103516  0.099514 0.481920 -0.870546  0.000000 0.000000 1 25 1.000000
  phy
0  8.563177 -0.120354 51.033924  -0.028548 0.680417 -0.732268  0.000000 0.000000 1 25 1.000000
0  8.312220 0.816170 50.569607  0.005121 0.945476 -0.325653  0.000000 0.000000 1 25 1.000000
0  12.435213 -0.120112 48.103516  0.099514 0.481920 -0.870546  0.000000 0.000000 1 25 1.000000
  phy
0  12.435213 -0.120112 48.103516  0.099514 0.481920 -0.870546  0.000000 0.000000 1 25 1.000000
0  8.312220 0.816170 50.569607  0.005121 0.945476 -0.325653  0.000000 0.000000 1 25 1.000000
0  12.212789 0.708531 47.692970  0.351950 0.935648 -0.026354  0.000000 0.000000 1 25 1.000000
  phy
0  8.312220 0.816170 50.569607  0.005121 0.945476 -0.325653  0.000000 0.000000 1 25 1.000000
0  8.563177 -0.120354 51.033924  -0.028548 0.680417 -0.732268  0.000000 0.000000 1 25 1.000000
0  5.282718 1.054889 52.999195  -0.348615 0.933144 -0.087807  0.000000 0.000000 1 25 1.000000
  phy
0  8.563177 -0.120354 51.033924  -0.028548 0.680417 -0.732268  0.000000 0.000000 1 25 1.000000
0  5.526330 0.230589 53.439129  -0.234069 0.337494 -0.911762  0.000000 0.000000 1 25 1.000000
0  5.282718 1.054889 52.999195  -0.348615 0.933144 -0.087807  0.000000 0.000000 1 25 1.000000
  phy
0  8.563177 -0.120354 51.033924  -0.028548 0.680417 -0.732268  0.000000 0.000000 1 25 1.000000
0  9.071173 -0.514467 51.783092  -0.042506 -0.001482 -0.999095  0.000000 0.000000 1 25 1.000000
0  5.526330 0.230589 53.439129  -0.234069 0.337494 -0.911762  0.000000 0.000000 1 25 1.000000
  phy
0  9.071173 -0.514467 51.783092  -0.042506 -0.001482 -0.999095  0.000000 0.000000 1 25 1.000000
0  8.563177 -0.120354 51.033924  -0.028548 0.680417 -0.732268  0.000000 0.000000 1 25 1.000000
0  12.435213 -0.120112 48.103516  0.099514 0.481920 -0.870546  0.000000 0.000000 1 25 1.000000
  phy
0  6.937334 0.908782 55.294910  -0.152580 -0.982078 -0.110640  0.000000 0.000000 1 25 1.000000
0  6.783221 2.717485 54.853123  -0.358042 -0.560715 0.746595  0.000000 0.000000 1 25 1.000000
0  6.548933 0.140288 54.857967  -0.747785 -0.214965 -0.628178  0.000000 0.000000 1 25 1.000000
  phy
0  6.548933 0.140288 54.857967  -0.747785 -0.214965 -0.628178  0.000000 0.000000 1 25 1.000000
0  6.783221 2.717485 54.853123  -0.358042 -0.560715 0.746595  0.000000 0.000000 1 25 1.000000
0  5.760606 2.807787 53.434296  -0.455945 0.553345 0.697083  0.000000 0.000000 1 25 1.000000
  phy
0  6.548933 0.140288 54.857967  -0.747785 -0.214965 -0.628178  0.000000 0.000000 1 25 1.000000
0  5.760606 2.807787 53.434296  -0.455945 0.553345 0.697083  0.000000 0.000000 1 25 1.000000
0  5.282718 1.054889 52.999195  -0.348615 0.933144 -0.087807  0.000000 0.000000 1 25 1.000000
  phy
0  6.548933 0.140288 54.857967  -0.747785 -0.214965 -0.628178  0.000000 0.000000 1 25 1.000000
0  5.282718 1.054889 52.999195  -0.348615 0.933144 -0.087807  0.000000 0.000000 1 25 1.000000
0  5.526330 0.230589 53.439129  -0.234069 0.337494 -0.911762  0.000000 0.000000 1 25 1.000000
  phy
0  5.760606 2.807787 53.434296  -0.455945 0.553345 0.697083  0.000000 0.000000 1 25 1.000000
0  6.783221 2.717485 54.853123  -0.358042 -0.560715 0.746595  0.000000 0.000000 1 25 1.000000
0  9.401021 3.113862 51.776276  0.039043 0.001575 0.999236  0.000000 0.000000 1 25 1.000000
  phy
0  5.526330 0.230589 53.439129  -0.234069 0.337494 -0.911762  0.000000 0.000000 1 25 1.000000
0  9.071173 -0.514467 51.783092  -0.042506 -0.001482 -0.999095  0.000000 0.000000 1 25 1.000000
0  6.548933 0.140288 54.857967  -0.747785 -0.214965 -0.628178  0.000000 0.000000 1 25 1.000000
  phy
0  20.651106 0.066806 41.919861  0.254803 0.518611 -0.816160  0.000000 0.000000 1 26 1.000000
0  13.667222 0.606351 46.216888  0.042885 0.952839 -0.300432  0.000000 0.000000 1 26 1.000000
0  13.709679 1.609972 46.254284  0.094030 0.977674 0.187913  0.000000 0.000000 1 26 1.000000
  phy
0  20.651106 0.066806 41.919861  0.254803 0.518611 -0.816160  0.000000 0.000000 1 26 1.000000
0  13.709679 1.609972 46.254284  0.094030 0.977674 0.187913  0.000000 0.000000 1 26 1.000000
0  20.715151 1.580910 41.976280  0.195916 0.444881 0.873898  0.000000 0.000000 1 26 1.000000
  phy
0  13.970199 -0.236998 46.646267  0.073528 0.598722 -0.797575  0.000000 0.000000 1 26 1.000000
0  13.667222 0.606351 46.216888  0.042885 0.952839 -0.300432  0.000000 0.000000 1 26 1.000000
0  20.651106 0.066806 41.919861  0.254803 0.518611 -0.816160  0.000000 0.000000 1 26 1.000000
  phy
0  13.667222 0.606351 46.216888  0.042885 0.952839 -0.300432  0.000000 0.000000 1 26 1.000000
0  13.970199 -0.236998 46.646267  0.073528 0.598722 -0.797575  0.000000 0.000000 1 26 1.000000
0  12.341153 -0.172109 48.044437  -0.647605 0.460269 -0.607256  0.000000 0.000000 1 26 1.000000
  phy
0  13.667222 0.606351 46.216888  0.042885 0.952839 -0.300432  0.000000 0.000000 1 26 1.000000
0  12.341153 -0.172109 48.044437  -0.647605 0.460269 -0.607256  0.000000 0.000000 1 26 1.000000
0  12.088979 1.534168 47.666668  -0.416458 0.870662 0.261747  0.000000 0.000000 1 26 1.000000
  phy
0  13.709679 1.609972 46.254284  0.094030 0.977674 0.187913  0.000000 0.000000 1 26 1.000000
0  13.667222 0.606351 46.216888  0.042885 0.952839 -0.300432  0.000000 0.000000 1 26 1.000000
0  12.088979 1.534168 47.666668  -0.416458 0.870662 0.261747  0.000000 0.000000 1 26 1.000000
  phy
0  15.172980 2.288910 48.231606  0.049494 -0.535944 0.842802  0.000000 0.000000 1 26 1.000000
0  14.640289 2.649852 47.499458  0.052532 -0.003063 0.998615  0.000000 0.000000 1 26 1.000000
0  12.978662 2.491395 48.857834  -0.797823 0.032267 0.602027  0.000000 0.000000 1 26 1.000000
  phy
0  12.978662 2.491395 48.857834  -0.797823 0.032267 0.602027  0.000000 0.000000 1 26 1.000000
0  13.780698 1.376704 49.971798  -0.406681 -0.871634 0.273616  0.000000 0.000000 1 26 1.000000
0  15.172980 2.288910 48.231606  0.049494 -0.535944 0.842802  0.000000 0.000000 1 26 1.000000
  phy
0  15.172980 2.288910 48.231606  0.049494 -0.535944 0.842802  0.000000 0.000000 1 26 1.000000
0  13.780698 1.376704 49.971798  -0.406681 -0.871634 0.273616  0.000000 0.000000 1 26 1.000000
0  15.475955 1.445562 48.660988  0.070848 -0.951330 0.299920  0.000000 0.000000 1 26 1.000000
  phy
0  15.475955 1.445562 48.660988  0.070848 -0.951330 0.299920  0.000000 0.000000 1 26 1.000000
0  21.371891 1.050052 42.880699  0.222151 -0.974990 0.006638  0.000000 0.000000 1 26 1.000000
0  15.172980 2.288910 48.231606  0.049494 -0.535944 0.842802  0.000000 0.000000 1 26 1.000000
  phy
0  21.371891 1.050052 42.880699  0.222151 -0.974990 0.006638  0.000000 0.000000 1 26 1.000000
0  20.715151 1.580910 41.976280  0.195916 0.444881 0.873898  0.000000 0.000000 1 26 1.000000
0  15.172980 2.288910 48.231606  0.049494 -0.535944 0.842802  0.000000 0.000000 1 26 1.000000
  phy
0  15.172980 2.288910 48.231606  0.049494 -0.535944 0.842802  0.000000 0.000000 1 26 1.000000
0  20.715151 1.580910 41.976280  0.195916 0.444881 0.873898  0.000000 0.000000 1 26 1.000000
0  14.640289 2.649852 47.499458  0.052532 -0.003063 0.998615  0.000000 0.000000 1 26 1.000000
  phy
0  15.475955 1.445562 48.660988  0.070848 -0.951330 0.299920  0.000000 0.000000 1 26 1.000000
0  15.433498 0.441940 48.623589  0.060621 -0.952625 -0.298044  0.000000 0.000000 1 26 1.000000
0  21.371891 1.050052 42.880699  0.222151 -0.974990 0.006638  0.000000 0.000000 1 26 1.000000
  phy
0  15.475955 1.445562 48.660988  0.070848 -0.951330 0.299920  0.000000 0.000000 1 26 1.000000
0  13.780698 1.376704 49.971798  -0.406681 -0.871634 0.273616  0.000000 0.000000 1 26 1.000000
0  15.433498 0.441940 48.623589  0.060621 -0.952625 -0.298044  0.000000 0.000000 1 26 1.000000
  phy
0  13.780698 1.376704 49.971798  -0.406681 -0.871634 0.273616  0.000000 0.000000 1 26 1.000000
0  12.978662 2.491395 48.857834  -0.797823 0.032267 0.602027  0.000000 0.000000 1 26 1.000000
0  13.386689 -0.269436 49.469086  -0.655979 -0.420091 -0.627068  0.000000 0.000000 1 26 1.000000
  phy
0  13.386689 -0.269436 49.469086  -0.655979 -0.420091 -0.627068  0.000000 0.000000 1 26 1.000000
0  12.978662 2.491395 48.857834  -0.797823 0.032267 0.602027  0.000000 0.000000 1 26 1.000000
0  12.341153 -0.172109 48.044437  -0.647605 0.460269 -0.607256  0.000000 0.000000 1 26 1.000000
  phy
0  12.341153 -0.172109 48.044437  -0.647605 0.460269 -0.607256  0.000000 0.000000 1 26 1.000000
0  12.978662 2.491395 48.857834  -0.797823 0.032267 0.602027  0.000000 0.000000 1 26 1.000000
0  12.088979 1.534168 47.666668  -0.416458 0.870662 0.261747  0.000000 0.000000 1 26 1.000000
  phy
0  15.061816 -0.338609 48.133698  0.135718 -0.630390 -0.764323  0.000000 0.000000 1 26 1.000000
0  15.433498 0.441940 48.623589  0.060621 -0.952625 -0.298044  0.000000 0.000000 1 26 1.000000
0  13.386689 -0.269436 49.469086  -0.655979 -0.420091 -0.627068  0.000000 0.000000 1 26 1.000000
  phy
0  15.433498 0.441940 48.623589  0.060621 -0.952625 -0.298044  0.000000 0.000000 1 26 1.000000
0  13.780698 1.376704 49.971798  -0.406681 -0.871634 0.273616  0.000000 0.000000 1 26 1.000000
0  13.386689 -0.269436 49.469086  -0.655979 -0.420091 -0.627068  0.000000 0.000000 1 26 1.000000
  phy
0  15.061816 -0.338609 48.133698  0.135718 -0.630390 -0.764323  0.000000 0.000000 1 26 1.000000
0  13.386689 -0.269436 49.469086  -0.655979 -0.420091 -0.627068  0.000000 0.000000 1 26 1.000000
0  14.502881 -0.597940 47.378426  0.054094 -0.001336 -0.998535  0.000000 0.000000 1 26 1.000000
  phy
0  13.386689 -0.269436 49.469086  -0.655979 -0.420091 -0.627068  0.000000 0.000000 1 26 1.000000
0  12.341153 -0.172109 48.044437  -0.647605 0.460269 -0.607256  0.000000 0.000000 1 26 1.000000
0  14.502881 -0.597940 47.378426  0.054094 -0.001336 -0.998535  0.000000 0.000000 1 26 1.000000
  phy
0  12.978662 2.491395 48.857834  -0.797823 0.032267 0.602027  0.000000 0.000000 1 26 1.000000
0  14.640289 2.649852 47.499458  0.052532 -0.003063 0.998615  0.000000 0.000000 1 26 1.000000
0  14.081358 2.390522 46.744183  -0.002526 0.598572 0.801065  0.000000 0.000000 1 26 1.000000
  phy
0  14.081358 2.390522 46.744183  -0.002526 0.598572 0.801065  0.000000 0.000000 1 26 1.000000
0  12.088979 1.534168 47.666668  -0.416458 0.870662 0.261747  0.000000 0.000000 1 26 1.000000
0  12.978662 2.491395 48.857834  -0.797823 0.032267 0.602027  0.000000 0.000000 1 26 1.000000
  phy
0  14.081358 2.390522 46.744183  -0.002526 0.598572 0.801065  0.000000 0.000000 1 26 1.000000
0  13.709679 1.609972 46.254284  0.094030 0.977674 0.187913  0.000000 0.000000 1 26 1.000000
0  12.088979 1.534168 47.666668  -0.416458 0.870662 0.261747  0.000000 0.000000 1 26 1.000000
  phy
0  13.709679 1.609972 46.254284  0.094030 0.977674 0.187913  0.000000 0.000000 1 26 1.000000
0  14.081358 2.390522 46.744183  -0.002526 0.598572 0.801065  0.000000 0.000000 1 26 1.000000
0  20.715151 1.580910 41.976280  0.195916 0.444881 0.873898  0.000000 0.000000 1 26 1.000000
  phy
0  14.640289 2.649852 47.499458  0.052532 -0.003063 0.998615  0.000000 0.000000 1 26 1.000000
0  20.715151 1.580910 41.976280  0.195916 0.444881 0.873898  0.000000 0.000000 1 26 1.000000
0  14.081358 2.390522 46.744183  -0.002526 0.598572 0.801065  0.000000 0.000000 1 26 1.000000
  phy
0  12.341153 -0.172109 48.044437  -0.647605 0.460269 -0.607256  0.000000 0.000000 1 26 1.000000
0  13.970199 -0.236998 46.646267  0.073528 0.598722 -0.797575  0.000000 0.000000 1 26 1.000000
0  14.502881 -0.597940 47.378426  0.054094 -0.001336 -0.998535  0.000000 0.000000 1 26 1.000000
  phy
0  14.502881 -0.597940 47.378426  0.054094 -0.001336 -0.998535  0.000000 0.000000 1 26 1.000000
0  13.970199 -0.236998 46.646267  0.073528 0.598722 -0.797575  0.000000 0.000000 1 26 1.000000
0  20.651106 0.066806 41.919861  0.254803 0.518611 -0.816160  0.000000 0.000000 1 26 1.000000
  phy
0  21.371891 1.050052 42.880699  0.222151 -0.974990 0.006638  0.000000 0.000000 1 26 1.000000
0  15.433498 0.441940 48.623589  0.060621 -0.952625 -0.298044  0.000000 0.000000 1 26 1.000000
0  15.061816 -0.338609 48.133698  0.135718 -0.630390 -0.764323  0.000000 0.000000 1 26 1.000000
  phy
0  21.371891 1.050052 42.880699  0.222151 -0.974990 0.006638  0.000000 0.000000 1 26 1.000000
0  15.061816 -0.338609 48.133698  0.135718 -0.630390 -0.764323  0.000000 0.000000 1 26 1.000000
0  20.651106 0.066806 41.919861  0.254803 0.518611 -0.816160  0.000000 0.000000 1 26 1.000000
  phy
0  21.371891 1.050052 42.880699  0.222151 -0.974990 0.006638  0.000000 0.000000 1 26 1.000000
0  20.651106 0.066806 41.919861  0.254803 0.518611 -0.816160  0.000000 0.000000 1 26 1.000000
0  20.715151 1.580910 41.976280  0.195916 0.444881 0.873898  0.000000 0.000000 1 26 1.000000
  phy
0  15.061816 -0.338609 48.133698  0.135718 -0.630390 -0.764323  0.000000 0.000000 1 26 1.000000
0  14.502881 -0.597940 47.378426  0.054094 -0.001336 -0.998535  0.000000 0.000000 1 26 1.000000
0  20.651106 0.066806 41.919861  0.254803 0.518611 -0.816160  0.000000 0.000000 1 26 1.000000
  phy
0  19.754602 1.668313 43.395386  -0.547737 0.826604 0.129265  0.000000 0.000000 1 28 1.000000
0  19.664553 -0.460151 43.316071  -0.822111 -0.553071 0.135076  0.000000 0.000000 1 28 1.000000
0  20.316566 1.629638 43.795105  -0.419568 0.173881 0.890914  0.000000 0.000000 1 28 1.000000
  phy
0  20.316566 1.629638 43.795105  -0.419568 0.173881 0.890914  0.000000 0.000000 1 28 1.000000
0  19.664553 -0.460151 43.316071  -0.822111 -0.553071 0.135076  0.000000 0.000000 1 28 1.000000
0  20.226522 -0.498819 43.715794  -0.232643 -0.477865 0.847067  0.000000 0.000000 1 28 1.000000
  phy
0  19.664553 -0.460151 43.316071  -0.822111 -0.553071 0.135076  0.000000 0.000000 1 28 1.000000
0  19.754602 1.668313 43.395386  -0.547737 0.826604 0.129265  0.000000 0.000000 1 28 1.000000
0  19.243464 -0.422470 42.782970  -0.543817 -0.071715 -0.836134  0.000000 0.000000 1 28 1.000000
  phy
0  19.243464 -0.422470 42.782970  -0.543817 -0.071715 -0.836134  0.000000 0.000000 1 28 1.000000
0  19.754602 1.668313 43.395386  -0.547737 0.826604 0.129265  0.000000 0.000000 1 28 1.000000
0  19.333513 1.705992 42.862286  -0.618690 0.296697 -0.727457  0.000000 0.000000 1 28 1.000000
  phy
0  19.754602 1.668313 43.395386  -0.547737 0.826604 0.129265  0.000000 0.000000 1 28 1.000000
0  22.374189 2.224391 42.265850  0.124103 0.419523 0.899221  0.000000 0.000000 1 28 1.000000
0  20.659643 2.362773 40.498989  -0.141158 0.483511 -0.863881  0.000000 0.000000 1 28 1.000000
  phy
0  19.333513 1.705992 42.862286  -0.618690 0.296697 -0.727457  0.000000 0.000000 1 28 1.000000
0  19.754602 1.668313 43.395386  -0.547737 0.826604 0.129265  0.000000 0.000000 1 28 1.000000
0  20.659643 2.362773 40.498989  -0.141158 0.483511 -0.863881  0.000000 0.000000 1 28 1.000000
  phy
0  22.374189 2.224391 42.265850  0.124103 0.419523 0.899221  0.000000 0.000000 1 28 1.000000
0  19.754602 1.668313 43.395386  -0.547737 0.826604 0.129265  0.000000 0.000000 1 28 1.000000
0  20.316566 1.629638 43.795105  -0.419568 0.173881 0.890914  0.000000 0.000000 1 28 1.000000
  phy
0  23.915779 1.978398 38.987541  0.452367 0.440526 -0.775436  0.000000 0.000000 1 28 1.000000
0  23.976700 -1.232425 39.867130  0.453337 -0.374052 0.809055  0.000000 0.000000 1 28 1.000000
0  23.781851 -1.187010 38.869583  0.622650 -0.253006 -0.740469  0.000000 0.000000 1 28 1.000000
  phy
0  23.915779 1.978398 38.987541  0.452367 0.440526 -0.775436  0.000000 0.000000 1 28 1.000000
0  24.110628 1.932978 39.985073  0.478516 0.124002 0.869279  0.000000 0.000000 1 28 1.000000
0  23.976700 -1.232425 39.867130  0.453337 -0.374052 0.809055  0.000000 0.000000 1 28 1.000000
  phy
0  24.110628 1.932978 39.985073  0.478516 0.124002 0.869279  0.000000 0.000000 1 28 1.000000
0  22.374189 2.224391 42.265850  0.124103 0.419523 0.899221  0.000000 0.000000 1 28 1.000000
0  23.976700 -1.232425 39.867130  0.453337 -0.374052 0.809055  0.000000 0.000000 1 28 1.000000
  phy
0  22.374189 2.224391 42.265850  0.124103 0.419523 0.899221  0.000000 0.000000 1 28 1.000000
0  22.217472 -1.479142 42.127880  0.071915 -0.518498 0.852049  0.000000 0.000000 1 28 1.000000
0  23.976700 -1.232425 39.867130  0.453337 -0.374052 0.809055  0.000000 0.000000 1 28 1.000000
  phy
0  22.374189 2.224391 42.265850  0.124103 0.419523 0.899221  0.000000 0.000000 1 28 1.000000
0  24.110628 1.932978 39.985073  0.478516 0.124002 0.869279  0.000000 0.000000 1 28 1.000000
0  23.915779 1.978398 38.987541  0.452367 0.440526 -0.775436  0.000000 0.000000 1 28 1.000000
  phy
0  20.970043 -2.263043 39.955185  -0.055740 -0.473206 -0.879187  0.000000 0.000000 1 28 1.000000
0  20.226522 -0.498819 43.715794  -0.232643 -0.477865 0.847067  0.000000 0.000000 1 28 1.000000
0  19.664553 -0.460151 43.316071  -0.822111 -0.553071 0.135076  0.000000 0.000000 1 28 1.000000
  phy
0  19.664553 -0.460151 43.316071  -0.822111 -0.553071 0.135076  0.000000 0.000000 1 28 1.000000
0  19.243464 -0.422470 42.782970  -0.543817 -0.071715 -0.836134  0.000000 0.000000 1 28 1.000000
0  20.970043 -2.263043 39.955185  -0.055740 -0.473206 -0.879187  0.000000 0.000000 1 28 1.000000
  phy
0  22.374189 2.224391 42.265850  0.124103 0.419523 0.899221  0.000000 0.000000 1 28 1.000000
0  20.226522 -0.498819 43.715794  -0.232643 -0.477865 0.847067  0.000000 0.000000 1 28 1.000000
0  22.217472 -1.479142 42.127880  0.071915 -0.518498 0.852049  0.000000 0.000000 1 28 1.000000
  phy
0  22.374189 2.224391 42.265850  0.124103 0.419523 0.899221  0.000000 0.000000 1 28 1.000000
0  20.316566 1.629638 43.795105  -0.419568 0.173881 0.890914  0.000000 0.000000 1 28 1.000000
0  20.226522 -0.498819 43.715794  -0.232643 -0.477865 0.847067  0.000000 0.000000 1 28 1.000000
  phy
0  20.659643 2.362773 40.498989  -0.141158 0.483511 -0.863881  0.000000 0.000000 1 28 1.000000
0  22.374189 2.224391 42.265850  0.124103 0.419523 0.899221  0.000000 0.000000 1 28 1.000000
0  23.915779 1.978398 38.987541  0.452367 0.440526 -0.775436  0.000000 0.000000 1 28 1.000000
  phy
0  19.333513 1.705992 42.862286  -0.618690 0.296697 -0.727457  0.000000 0.000000 1 28 1.000000
0  20.659643 2.362773 40.498989  -0.141158 0.483511 -0.863881  0.000000 0.000000 1 28 1.000000
0  19.243464 -0.422470 42.782970  -0.543817 -0.071715 -0.836134  0.000000 0.000000 1 28 1.000000
  phy
0  23.976700 -1.232425 39.867130  0.453337 -0.374052 0.809055  0.000000 0.000000 1 28 1.000000
0  22.217472 -1.479142 42.127880  0.071915 -0.518498 0.852049  0.000000 0.000000 1 28 1.000000
0  20.970043 -2.263043 39.955185  -0.055740 -0.473206 -0.879187  0.000000 0.000000 1 28 1.000000
  phy
0  20.970043 -2.263043 39.955185  -0.055740 -0.473206 -0.879187  0.000000 0.000000 1 28 1.000000
0  23.781851 -1.187010 38.869583  0.622650 -0.253006 -0.740469  0.000000 0.000000 1 28 1.000000
0  23.976700 -1.232425 39.867130  0.453337 -0.374052 0.809055  0.000000 0.000000 1 28 1.000000
  phy
0  20.970043 -2.263043 39.955185  -0.055740 -0.473206 -0.879187  0.000000 0.000000 1 28 1.000000
0  22.217472 -1.479142 42.127880  0.071915 -0.518498 0.852049  0.000000 0.000000 1 28 1.000000
0  20.226522 -0.498819 43.715794  -0.232643 -0.477865 0.847067  0.000000 0.000000 1 28 1.000000
  phy
0  20.659643 2.362773 40.498989  -0.141158 0.483511 -0.863881  0.000000 0.000000 1 28 1.000000
0  20.970043 -2.263043 39.955185  -0.055740 -0.473206 -0.879187  0.000000 0.000000 1 28 1.000000
0  19.243464 -0.422470 42.782970  -0.543817 -0.071715 -0.836134  0.000000 0.000000 1 28 1.000000
  phy
0  20.970043 -2.263043 39.955185  -0.055740 -0.473206 -0.879187  0.000000 0.000000 1 28 1.000000
0  20.659643 2.362773 40.498989  -0.141158 0.483511 -0.863881  0.000000 0.000000 1 28 1.000000
0  23.915779 1.978398 38.987541  0.452367 0.440526 -0.775436  0.000000 0.000000 1 28 1.000000
  phy
0  23.781851 -1.187010 38.869583  0.622650 -0.253006 -0.740469  0.000000 0.000000 1 28 1.000000
0  20.970043 -2.263043 39.955185  -0.055740 -0.473206 -0.879187  0.000000 0.000000 1 28 1.000000
0  23.915779 1.978398 38.987541  0.452367 0.440526 -0.775436  0.000000 0.000000 1 28 1.000000
  phy
0  -1.368970 0.658956 66.851196  0.877742 -0.454020 0.153084  0.000000 0.000000 1 6 1.000000
0  -1.267807 1.284510 66.852325  0.824384 -0.494450 0.275517  0.000000 0.000000 1 6 1.000000
0  -2.495598 0.660617 65.925270  0.652867 -0.748848 0.113976  0.000000 0.000000 1 6 1.000000
  phy
0  -1.267807 1.284510 66.852325  0.824384 -0.494450 0.275517  0.000000 0.000000 1 6 1.000000
0  -2.308675 1.816462 65.927353  0.570519 -0.752156 0.329803  0.000000 0.000000 1 6 1.000000
0  -2.495598 0.660617 65.925270  0.652867 -0.748848 0.113976  0.000000 0.000000 1 6 1.000000
  phy
0  -2.495598 0.660617 65.925270  0.652867 -0.748848 0.113976  0.000000 0.000000 1 6 1.000000
0  -1.267810 0.033405 66.850067  0.869023 -0.494370 0.019939  0.000000 0.000000 1 6 1.000000
0  -1.368970 0.658956 66.851196  0.877742 -0.454020 0.153084  0.000000 0.000000 1 6 1.000000
  phy
0  -2.495598 0.660617 65.925270  0.652867 -0.748848 0.113976  0.000000 0.000000 1 6 1.000000
0  -2.308680 -0.495222 65.923187  0.648452 -0.752192 -0.117120  0.000000 0.000000 1 6 1.000000
0  -1.267810 0.033405 66.850067  0.869023 -0.494370 0.019939  0.000000 0.000000 1 6 1.000000
  phy
0  -1.368970 0.658956 66.851196  0.877742 -0.454020 0.153084  0.000000 0.000000 1 6 1.000000
0  -0.039998 0.658370 67.176361  0.985114 -0.000097 0.171904  0.000000 0.000000 1 6 1.000000
0  -1.267807 1.284510 66.852325  0.824384 -0.494450 0.275517  0.000000 0.000000 1 6 1.000000
  phy
0  -1.267810 0.033405 66.850067  0.869023 -0.494370 0.019939  0.000000 0.000000 1 6 1.000000
0  -0.039998 0.658370 67.176361  0.985114 -0.000097 0.171904  0.000000 0.000000 1 6 1.000000
0  -1.368970 0.658956 66.851196  0.877742 -0.454020 0.153084  0.000000 0.000000 1 6 1.000000
  phy
0  1.187816 1.284475 66.852325  0.857898 0.421583 0.293733  0.000000 0.000000 1 6 1.000000
0  2.228680 1.816479 65.927345  0.585860 0.743580 0.322270  0.000000 0.000000 1 6 1.000000
0  0.899704 1.814827 66.853287  0.811870 0.401782 0.423601  0.000000 0.000000 1 6 1.000000
  phy
0  2.228680 1.816479 65.927345  0.585860 0.743580 0.322270  0.000000 0.000000 1 6 1.000000
0  1.696368 2.796356 65.929123  0.527919 0.601229 0.599855  0.000000 0.000000 1 6 1.000000
0  0.899704 1.814827 66.853287  0.811870 0.401782 0.423601  0.000000 0.000000 1 6 1.000000
  phy
0  1.288955 0.658954 66.851219  0.837455 0.515823 0.180544  0.000000 0.000000 1 6 1.000000
0  2.228680 1.816479 65.927345  0.585860 0.743580 0.322270  0.000000 0.000000 1 6 1.000000
0  1.187816 1.284475 66.852325  0.857898 0.421583 0.293733  0.000000 0.000000 1 6 1.000000
  phy
0  1.288955 0.658954 66.851219  0.837455 0.515823 0.180544  0.000000 0.000000 1 6 1.000000
0  2.415596 0.660615 65.925270  0.641055 0.760992 0.099701  0.000000 0.000000 1 6 1.000000
0  2.228680 1.816479 65.927345  0.585860 0.743580 0.322270  0.000000 0.000000 1 6 1.000000
  phy
0  1.187816 1.284475 66.852325  0.857898 0.421583 0.293733  0.000000 0.000000 1 6 1.000000
0  -0.039998 0.658370 67.176361  0.985114 -0.000097 0.171904  0.000000 0.000000 1 6 1.000000
0  1.288955 0.658954 66.851219  0.837455 0.515823 0.180544  0.000000 0.000000 1 6 1.000000
  phy
0  0.899704 1.814827 66.853287  0.811870 0.401782 0.423601  0.000000 0.000000 1 6 1.000000
0  -0.039998 0.658370 67.176361  0.985114 -0.000097 0.171904  0.000000 0.000000 1 6 1.000000
0  1.187816 1.284475 66.852325  0.857898 0.421583 0.293733  0.000000 0.000000 1 6 1.000000
  phy
0  -2.495598 0.660617 65.925270  0.652867 -0.748848 0.113976  0.000000 0.000000 1 6 1.000000
0  -3.248391 0.663122 64.539505  0.358257 -0.931524 0.062577  0.000000 0.000000 1 6 1.000000
0  -2.308680 -0.495222 65.923187  0.648452 -0.752192 -0.117120  0.000000 0.000000 1 6 1.000000
  phy
0  -3.248391 0.663122 64.539505  0.358257 -0.931524 0.062577  0.000000 0.000000 1 6 1.000000
0  -3.004164 -0.847072 64.536797  0.362117 -0.902871 -0.231721  0.000000 0.000000 1 6 1.000000
0  -2.308680 -0.495222 65.923187  0.648452 -0.752192 -0.117120  0.000000 0.000000 1 6 1.000000
  phy
0  -2.308675 1.816462 65.927353  0.570519 -0.752156 0.329803  0.000000 0.000000 1 6 1.000000
0  -3.248391 0.663122 64.539505  0.358257 -0.931524 0.062577  0.000000 0.000000 1 6 1.000000
0  -2.495598 0.660617 65.925270  0.652867 -0.748848 0.113976  0.000000 0.000000 1 6 1.000000
  phy
0  -2.308675 1.816462 65.927353  0.570519 -0.752156 0.329803  0.000000 0.000000 1 6 1.000000
0  -3.004164 2.173311 64.542229  0.262367 -0.902813 0.340723  0.000000 0.000000 1 6 1.000000
0  -3.248391 0.663122 64.539505  0.358257 -0.931524 0.062577  0.000000 0.000000 1 6 1.000000
  phy
0  -0.979693 1.814843 66.853287  0.791256 -0.396635 0.465397  0.000000 0.000000 1 6 1.000000
0  -2.308675 1.816462 65.927353  0.570519 -0.752156 0.329803  0.000000 0.000000 1 6 1.000000
0  -1.267807 1.284510 66.852325  0.824384 -0.494450 0.275517  0.000000 0.000000 1 6 1.000000
  phy
0  -0.979693 1.814843 66.853287  0.791256 -0.396635 0.465397  0.000000 0.000000 1 6 1.000000
0  -1.776367 2.796375 65.929100  0.510753 -0.617208 0.598487  0.000000 0.000000 1 6 1.000000
0  -2.308675 1.816462 65.927353  0.570519 -0.752156 0.329803  0.000000 0.000000 1 6 1.000000
  phy
0  -1.267807 1.284510 66.852325  0.824384 -0.494450 0.275517  0.000000 0.000000 1 6 1.000000
0  -0.039998 0.658370 67.176361  0.985114 -0.000097 0.171904  0.000000 0.000000 1 6 1.000000
0  -0.979693 1.814843 66.853287  0.791256 -0.396635 0.465397  0.000000 0.000000 1 6 1.000000
  phy
0  2.228675 3.453583 64.544540  0.204957 0.763953 0.611856  0.000000 0.000000 1 6 1.000000
0  2.415588 3.686450 62.910324  -0.080154 0.751791 0.654511  0.000000 0.000000 1 6 1.000000
0  1.187805 4.309039 64.546082  0.214193 0.482518 0.849293  0.000000 0.000000 1 6 1.000000
  phy
0  2.415588 3.686450 62.910324  -0.080154 0.751791 0.654511  0.000000 0.000000 1 6 1.000000
0  1.288958 4.612387 62.911983  -0.153056 0.453997 0.877759  0.000000 0.000000 1 6 1.000000
0  1.187805 4.309039 64.546082  0.214193 0.482518 0.849293  0.000000 0.000000 1 6 1.000000
  phy
0  2.228675 3.453583 64.544540  0.204957 0.763953 0.611856  0.000000 0.000000 1 6 1.000000
0  2.924167 2.173314 64.542229  0.293341 0.878495 0.377090  0.000000 0.000000 1 6 1.000000
0  3.168387 2.300682 62.907845  -0.036193 0.939771 0.339883  0.000000 0.000000 1 6 1.000000
  phy
0  2.228675 3.453583 64.544540  0.204957 0.763953 0.611856  0.000000 0.000000 1 6 1.000000
0  3.168387 2.300682 62.907845  -0.036193 0.939771 0.339883  0.000000 0.000000 1 6 1.000000
0  2.415588 3.686450 62.910324  -0.080154 0.751791 0.654511  0.000000 0.000000 1 6 1.000000
  phy
0  2.228675 3.453583 64.544540  0.204957 0.763953 0.611856  0.000000 0.000000 1 6 1.000000
0  1.696368 2.796356 65.929123  0.527919 0.601229 0.599855  0.000000 0.000000 1 6 1.000000
0  2.924167 2.173314 64.542229  0.293341 0.878495 0.377090  0.000000 0.000000 1 6 1.000000
  phy
0  2.924167 2.173314 64.542229  0.293341 0.878495 0.377090  0.000000 0.000000 1 6 1.000000
0  1.696368 2.796356 65.929123  0.527919 0.601229 0.599855  0.000000 0.000000 1 6 1.000000
0  2.228680 1.816479 65.927345  0.585860 0.743580 0.322270  0.000000 0.000000 1 6 1.000000
  phy
0  2.228675 3.453583 64.544540  0.204957 0.763953 0.611856  0.000000 0.000000 1 6 1.000000
0  1.187805 4.309039 64.546082  0.214193 0.482518 0.849293  0.000000 0.000000 1 6 1.000000
0  1.696368 2.796356 65.929123  0.527919 0.601229 0.599855  0.000000 0.000000 1 6 1.000000
  phy
0  1.187805 4.309039 64.546082  0.214193 0.482518 0.849293  0.000000 0.000000 1 6 1.000000
0  0.899718 3.451105 65.930290  0.532673 0.296820 0.792564  0.000000 0.000000 1 6 1.000000
0  1.696368 2.796356 65.929123  0.527919 0.601229 0.599855  0.000000 0.000000 1 6 1.000000
  phy
0  2.228680 1.816479 65.927345  0.585860 0.743580 0.322270  0.000000 0.000000 1 6 1.000000
0  2.415596 0.660615 65.925270  0.641055 0.760992 0.099701  0.000000 0.000000 1 6 1.000000
0  3.168389 0.663123 64.539505  0.320475 0.943567 0.083533  0.000000 0.000000 1 6 1.000000
  phy
0  2.228680 1.816479 65.927345  0.585860 0.743580 0.322270  0.000000 0.000000 1 6 1.000000
0  3.168389 0.663123 64.539505  0.320475 0.943567 0.083533  0.000000 0.000000 1 6 1.000000
0  2.924167 2.173314 64.542229  0.293341 0.878495 0.377090  0.000000 0.000000 1 6 1.000000
  phy
0  0.899722 3.461970 59.889538  -0.744584 0.350358 0.568194  0.000000 0.000000 1 6 1.000000
0  -0.040005 4.615322 61.277374  -0.581355 -0.000087 0.813650  0.000000 0.000000 1 6 1.000000
0  1.187816 4.314921 61.276833  -0.477325 0.383744 0.790507  0.000000 0.000000 1 6 1.000000
  phy
0  0.899722 3.461970 59.889538  -0.744584 0.350358 0.568194  0.000000 0.000000 1 6 1.000000
0  -0.040001 3.691886 59.889954  -0.847510 0.000067 0.530779  0.000000 0.000000 1 6 1.000000
0  -0.040005 4.615322 61.277374  -0.581355 -0.000087 0.813650  0.000000 0.000000 1 6 1.000000
  phy
0  0.899722 3.461970 59.889538  -0.744584 0.350358 0.568194  0.000000 0.000000 1 6 1.000000
0  1.187816 4.314921 61.276833  -0.477325 0.383744 0.790507  0.000000 0.000000 1 6 1.000000
0  2.228672 3.459476 61.275295  -0.413723 0.725231 0.550339  0.000000 0.000000 1 6 1.000000
  phy
0  0.899722 3.461970 59.889538  -0.744584 0.350358 0.568194  0.000000 0.000000 1 6 1.000000
0  2.228672 3.459476 61.275295  -0.413723 0.725231 0.550339  0.000000 0.000000 1 6 1.000000
0  1.696336 2.807245 59.888344  -0.712895 0.611355 0.343547  0.000000 0.000000 1 6 1.000000
  phy
0  0.899722 3.461970 59.889538  -0.744584 0.350358 0.568194  0.000000 0.000000 1 6 1.000000
0  1.696336 2.807245 59.888344  -0.712895 0.611355 0.343547  0.000000 0.000000 1 6 1.000000
0  0.468570 2.183367 58.961296  -0.951947 0.156184 0.263445  0.000000 0.000000 1 6 1.000000
  phy
0  0.468570 2.183367 58.961296  -0.951947 0.156184 0.263445  0.000000 0.000000 1 6 1.000000
0  1.696336 2.807245 59.888344  -0.712895 0.611355 0.343547  0.000000 0.000000 1 6 1.000000
0  0.899717 1.829024 58.960655  -0.906321 0.422205 0.018034  0.000000 0.000000 1 6 1.000000
  phy
0  0.899722 3.461970 59.889538  -0.744584 0.350358 0.568194  0.000000 0.000000 1 6 1.000000
0  0.468570 2.183367 58.961296  -0.951947 0.156184 0.263445  0.000000 0.000000 1 6 1.000000
0  -0.040001 3.691886 59.889954  -0.847510 0.000067 0.530779  0.000000 0.000000 1 6 1.000000
  phy
0  0.468577 -0.851250 66.848473  0.951964 0.156294 -0.263317  0.000000 0.000000 1 6 1.000000
0  1.696361 -1.475136 65.921410  0.712909 0.611311 -0.343599  0.000000 0.000000 1 6 1.000000
0  0.899711 -0.496915 66.849121  0.907296 0.401883 -0.123705  0.000000 0.000000 1 6 1.000000
  phy
0  0.468577 -0.851250 66.848473  0.951964 0.156294 -0.263317  0.000000 0.000000 1 6 1.000000
0  0.899719 -2.129855 65.920242  0.744638 0.350379 -0.568110  0.000000 0.000000 1 6 1.000000
0  1.696361 -1.475136 65.921410  0.712909 0.611311 -0.343599  0.000000 0.000000 1 6 1.000000
  phy
0  2.228656 -0.495274 65.923187  0.648472 0.752183 -0.117069  0.000000 0.000000 1 6 1.000000
0  1.696361 -1.475136 65.921410  0.712909 0.611311 -0.343599  0.000000 0.000000 1 6 1.000000
0  2.924161 -0.847074 64.536789  0.362303 0.902840 -0.231551  0.000000 0.000000 1 6 1.000000
  phy
0  2.924161 -0.847074 64.536789  0.362303 0.902840 -0.231551  0.000000 0.000000 1 6 1.000000
0  1.696361 -1.475136 65.921410  0.712909 0.611311 -0.343599  0.000000 0.000000 1 6 1.000000
0  2.228677 -2.127346 64.534477  0.403497 0.716570 -0.568963  0.000000 0.000000 1 6 1.000000
  phy
0  1.696361 -1.475136 65.921410  0.712909 0.611311 -0.343599  0.000000 0.000000 1 6 1.000000
0  2.228656 -0.495274 65.923187  0.648472 0.752183 -0.117069  0.000000 0.000000 1 6 1.000000
0  0.899711 -0.496915 66.849121  0.907296 0.401883 -0.123705  0.000000 0.000000 1 6 1.000000
  phy
0  2.228656 -0.495274 65.923187  0.648472 0.752183 -0.117069  0.000000 0.000000 1 6 1.000000
0  1.187805 0.033393 66.850075  0.868996 0.494412 0.020084  0.000000 0.000000 1 6 1.000000
0  0.899711 -0.496915 66.849121  0.907296 0.401883 -0.123705  0.000000 0.000000 1 6 1.000000
  phy
0  1.696361 -1.475136 65.921410  0.712909 0.611311 -0.343599  0.000000 0.000000 1 6 1.000000
0  0.899719 -2.129855 65.920242  0.744638 0.350379 -0.568110  0.000000 0.000000 1 6 1.000000
0  2.228677 -2.127346 64.534477  0.403497 0.716570 -0.568963  0.000000 0.000000 1 6 1.000000
  phy
0  0.899719 -2.129855 65.920242  0.744638 0.350379 -0.568110  0.000000 0.000000 1 6 1.000000
0  1.187799 -2.982806 64.532936  0.476541 0.376350 -0.794525  0.000000 0.000000 1 6 1.000000
0  2.228677 -2.127346 64.534477  0.403497 0.716570 -0.568963  0.000000 0.000000 1 6 1.000000
  phy
0  -1.776367 2.796375 65.929100  0.510753 -0.617208 0.598487  0.000000 0.000000 1 6 1.000000
0  -3.004164 2.173311 64.542229  0.262367 -0.902813 0.340723  0.000000 0.000000 1 6 1.000000
0  -2.308675 1.816462 65.927353  0.570519 -0.752156 0.329803  0.000000 0.000000 1 6 1.000000
  phy
0  -1.776367 2.796375 65.929100  0.510753 -0.617208 0.598487  0.000000 0.000000 1 6 1.000000
0  -2.308678 3.453588 64.544525  0.205009 -0.763963 0.611827  0.000000 0.000000 1 6 1.000000
0  -3.004164 2.173311 64.542229  0.262367 -0.902813 0.340723  0.000000 0.000000 1 6 1.000000
  phy
0  -0.979715 -0.496901 66.849121  0.907338 -0.401774 -0.123751  0.000000 0.000000 1 6 1.000000
0  -1.776365 -1.475137 65.921417  0.712796 -0.611398 -0.343678  0.000000 0.000000 1 6 1.000000
0  -0.548570 -0.851237 66.848495  0.951940 -0.156205 -0.263459  0.000000 0.000000 1 6 1.000000
  phy
0  -1.776365 -1.475137 65.921417  0.712796 -0.611398 -0.343678  0.000000 0.000000 1 6 1.000000
0  -0.979718 -2.129856 65.920242  0.744587 -0.350354 -0.568192  0.000000 0.000000 1 6 1.000000
0  -0.548570 -0.851237 66.848495  0.951940 -0.156205 -0.263459  0.000000 0.000000 1 6 1.000000
  phy
0  -1.267810 0.033405 66.850067  0.869023 -0.494370 0.019939  0.000000 0.000000 1 6 1.000000
0  -2.308680 -0.495222 65.923187  0.648452 -0.752192 -0.117120  0.000000 0.000000 1 6 1.000000
0  -0.979715 -0.496901 66.849121  0.907338 -0.401774 -0.123751  0.000000 0.000000 1 6 1.000000
  phy
0  -2.308680 -0.495222 65.923187  0.648452 -0.752192 -0.117120  0.000000 0.000000 1 6 1.000000
0  -1.776365 -1.475137 65.921417  0.712796 -0.611398 -0.343678  0.000000 0.000000 1 6 1.000000
0  -0.979715 -0.496901 66.849121  0.907338 -0.401774 -0.123751  0.000000 0.000000 1 6 1.000000
  phy
0  -0.979715 -0.496901 66.849121  0.907338 -0.401774 -0.123751  0.000000 0.000000 1 6 1.000000
0  -0.039998 0.658370 67.176361  0.985114 -0.000097 0.171904  0.000000 0.000000 1 6 1.000000
0  -1.267810 0.033405 66.850067  0.869023 -0.494370 0.019939  0.000000 0.000000 1 6 1.000000
  phy
0  -0.548570 -0.851237 66.848495  0.951940 -0.156205 -0.263459  0.000000 0.000000 1 6 1.000000
0  -0.039998 0.658370 67.176361  0.985114 -0.000097 0.171904  0.000000 0.000000 1 6 1.000000
0  -0.979715 -0.496901 66.849121  0.907338 -0.401774 -0.123751  0.000000 0.000000 1 6 1.000000
  phy
0  1.187805 0.033393 66.850075  0.868996 0.494412 0.020084  0.000000 0.000000 1 6 1.000000
0  2.415596 0.660615 65.925270  0.641055 0.760992 0.099701  0.000000 0.000000 1 6 1.000000
0  1.288955 0.658954 66.851219  0.837455 0.515823 0.180544  0.000000 0.000000 1 6 1.000000
  phy
0  1.187805 0.033393 66.850075  0.868996 0.494412 0.020084  0.000000 0.000000 1 6 1.000000
0  2.228656 -0.495274 65.923187  0.648472 0.752183 -0.117069  0.000000 0.000000 1 6 1.000000
0  2.415596 0.660615 65.925270  0.641055 0.760992 0.099701  0.000000 0.000000 1 6 1.000000
  phy
0  1.288955 0.658954 66.851219  0.837455 0.515823 0.180544  0.000000 0.000000 1 6 1.000000
0  -0.039998 0.658370 67.176361  0.985114 -0.000097 0.171904  0.000000 0.000000 1 6 1.000000
0  1.187805 0.033393 66.850075  0.868996 0.494412 0.020084  0.000000 0.000000 1 6 1.000000
  phy
0  1.187805 0.033393 66.850075  0.868996 0.494412 0.020084  0.000000 0.000000 1 6 1.000000
0  -0.039998 0.658370 67.176361  0.985114 -0.000097 0.171904  0.000000 0.000000 1 6 1.000000
0  0.899711 -0.496915 66.849121  0.907296 0.401883 -0.123705  0.000000 0.000000 1 6 1.000000
  phy
0  0.899718 3.451105 65.930290  0.532673 0.296820 0.792564  0.000000 0.000000 1 6 1.000000
0  0.468571 2.169159 66.853935  0.806506 0.156163 0.570229  0.000000 0.000000 1 6 1.000000
0  1.696368 2.796356 65.929123  0.527919 0.601229 0.599855  0.000000 0.000000 1 6 1.000000
  phy
0  0.468571 2.169159 66.853935  0.806506 0.156163 0.570229  0.000000 0.000000 1 6 1.000000
0  0.899704 1.814827 66.853287  0.811870 0.401782 0.423601  0.000000 0.000000 1 6 1.000000
0  1.696368 2.796356 65.929123  0.527919 0.601229 0.599855  0.000000 0.000000 1 6 1.000000
  phy
0  0.468571 2.169159 66.853935  0.806506 0.156163 0.570229  0.000000 0.000000 1 6 1.000000
0  -0.039998 0.658370 67.176361  0.985114 -0.000097 0.171904  0.000000 0.000000 1 6 1.000000
0  0.899704 1.814827 66.853287  0.811870 0.401782 0.423601  0.000000 0.000000 1 6 1.000000
  phy
0  -0.548596 2.169145 66.853928  0.821796 -0.100485 0.560852  0.000000 0.000000 1 6 1.000000
0  -0.039998 0.658370 67.176361  0.985114 -0.000097 0.171904  0.000000 0.000000 1 6 1.000000
0  0.468571 2.169159 66.853935  0.806506 0.156163 0.570229  0.000000 0.000000 1 6 1.000000
  phy
0  -0.039986 3.681006 65.930717  0.617670 -0.000023 0.786438  0.000000 0.000000 1 6 1.000000
0  -0.548596 2.169145 66.853928  0.821796 -0.100485 0.560852  0.000000 0.000000 1 6 1.000000
0  0.468571 2.169159 66.853935  0.806506 0.156163 0.570229  0.000000 0.000000 1 6 1.000000
  phy
0  0.468571 2.169159 66.853935  0.806506 0.156163 0.570229  0.000000 0.000000 1 6 1.000000
0  0.899718 3.451105 65.930290  0.532673 0.296820 0.792564  0.000000 0.000000 1 6 1.000000
0  -0.039986 3.681006 65.930717  0.617670 -0.000023 0.786438  0.000000 0.000000 1 6 1.000000
  phy
0  -0.979713 3.451109 65.930283  0.552121 -0.305432 0.775806  0.000000 0.000000 1 6 1.000000
0  -1.267803 4.309044 64.546082  0.214223 -0.482560 0.849261  0.000000 0.000000 1 6 1.000000
0  -1.776367 2.796375 65.929100  0.510753 -0.617208 0.598487  0.000000 0.000000 1 6 1.000000
  phy
0  -1.267803 4.309044 64.546082  0.214223 -0.482560 0.849261  0.000000 0.000000 1 6 1.000000
0  -2.308678 3.453588 64.544525  0.205009 -0.763963 0.611827  0.000000 0.000000 1 6 1.000000
0  -1.776367 2.796375 65.929100  0.510753 -0.617208 0.598487  0.000000 0.000000 1 6 1.000000
  phy
0  -0.979713 3.451109 65.930283  0.552121 -0.305432 0.775806  0.000000 0.000000 1 6 1.000000
0  -0.979693 1.814843 66.853287  0.791256 -0.396635 0.465397  0.000000 0.000000 1 6 1.000000
0  -0.548596 2.169145 66.853928  0.821796 -0.100485 0.560852  0.000000 0.000000 1 6 1.000000
  phy
0  -0.979713 3.451109 65.930283  0.552121 -0.305432 0.775806  0.000000 0.000000 1 6 1.000000
0  -1.776367 2.796375 65.929100  0.510753 -0.617208 0.598487  0.000000 0.000000 1 6 1.000000
0  -0.979693 1.814843 66.853287  0.791256 -0.396635 0.465397  0.000000 0.000000 1 6 1.000000
  phy
0  -0.039986 3.681006 65.930717  0.617670 -0.000023 0.786438  0.000000 0.000000 1 6 1.000000
0  -0.040002 4.609442 64.546608  0.202114 0.000087 0.979362  0.000000 0.000000 1 6 1.000000
0  -0.979713 3.451109 65.930283  0.552121 -0.305432 0.775806  0.000000 0.000000 1 6 1.000000
  phy
0  -0.040002 4.609442 64.546608  0.202114 0.000087 0.979362  0.000000 0.000000 1 6 1.000000
0  -1.267803 4.309044 64.546082  0.214223 -0.482560 0.849261  0.000000 0.000000 1 6 1.000000
0  -0.979713 3.451109 65.930283  0.552121 -0.305432 0.775806  0.000000 0.000000 1 6 1.000000
  phy
0  -0.979713 3.451109 65.930283  0.552121 -0.305432 0.775806  0.000000 0.000000 1 6 1.000000
0  -0.548596 2.169145 66.853928  0.821796 -0.100485 0.560852  0.000000 0.000000 1 6 1.000000
0  -0.039986 3.681006 65.930717  0.617670 -0.000023 0.786438  0.000000 0.000000 1 6 1.000000
  phy
0  1.288958 4.612387 62.911983  -0.153056 0.453997 0.877759  0.000000 0.000000 1 6 1.000000
0  -0.040002 4.609442 64.546608  0.202114 0.000087 0.979362  0.000000 0.000000 1 6 1.000000
0  1.187805 4.309039 64.546082  0.214193 0.482518 0.849293  0.000000 0.000000 1 6 1.000000
  phy
0  1.288958 4.612387 62.911983  -0.153056 0.453997 0.877759  0.000000 0.000000 1 6 1.000000
0  -0.040007 4.937530 62.912579  -0.233300 0.000014 0.972405  0.000000 0.000000 1 6 1.000000
0  -0.040002 4.609442 64.546608  0.202114 0.000087 0.979362  0.000000 0.000000 1 6 1.000000
  phy
0  -0.039986 3.681006 65.930717  0.617670 -0.000023 0.786438  0.000000 0.000000 1 6 1.000000
0  0.899718 3.451105 65.930290  0.532673 0.296820 0.792564  0.000000 0.000000 1 6 1.000000
0  -0.040002 4.609442 64.546608  0.202114 0.000087 0.979362  0.000000 0.000000 1 6 1.000000
  phy
0  0.899718 3.451105 65.930290  0.532673 0.296820 0.792564  0.000000 0.000000 1 6 1.000000
0  1.187805 4.309039 64.546082  0.214193 0.482518 0.849293  0.000000 0.000000 1 6 1.000000
0  -0.040002 4.609442 64.546608  0.202114 0.000087 0.979362  0.000000 0.000000 1 6 1.000000
  phy
0  2.228672 3.459476 61.275295  -0.413723 0.725231 0.550339  0.000000 0.000000 1 6 1.000000
0  1.288958 4.612387 62.911983  -0.153056 0.453997 0.877759  0.000000 0.000000 1 6 1.000000
0  2.415588 3.686450 62.910324  -0.080154 0.751791 0.654511  0.000000 0.000000 1 6 1.000000
  phy
0  2.228672 3.459476 61.275295  -0.413723 0.725231 0.550339  0.000000 0.000000 1 6 1.000000
0  1.187816 4.314921 61.276833  -0.477325 0.383744 0.790507  0.000000 0.000000 1 6 1.000000
0  1.288958 4.612387 62.911983  -0.153056 0.453997 0.877759  0.000000 0.000000 1 6 1.000000
  phy
0  2.228672 3.459476 61.275295  -0.413723 0.725231 0.550339  0.000000 0.000000 1 6 1.000000
0  2.415588 3.686450 62.910324  -0.080154 0.751791 0.654511  0.000000 0.000000 1 6 1.000000
0  3.168387 2.300682 62.907845  -0.036193 0.939771 0.339883  0.000000 0.000000 1 6 1.000000
  phy
0  2.228672 3.459476 61.275295  -0.413723 0.725231 0.550339  0.000000 0.000000 1 6 1.000000
0  3.168387 2.300682 62.907845  -0.036193 0.939771 0.339883  0.000000 0.000000 1 6 1.000000
0  2.924159 2.179199 61.272972  -0.362181 0.902885 0.231566  0.000000 0.000000 1 6 1.000000
  phy
0  2.228672 3.459476 61.275295  -0.413723 0.725231 0.550339  0.000000 0.000000 1 6 1.000000
0  2.924159 2.179199 61.272972  -0.362181 0.902885 0.231566  0.000000 0.000000 1 6 1.000000
0  1.696336 2.807245 59.888344  -0.712895 0.611355 0.343547  0.000000 0.000000 1 6 1.000000
  phy
0  1.696336 2.807245 59.888344  -0.712895 0.611355 0.343547  0.000000 0.000000 1 6 1.000000
0  2.924159 2.179199 61.272972  -0.362181 0.902885 0.231566  0.000000 0.000000 1 6 1.000000
0  2.228670 1.827327 59.886581  -0.728579 0.682838 0.053902  0.000000 0.000000 1 6 1.000000
  phy
0  1.696336 2.807245 59.888344  -0.712895 0.611355 0.343547  0.000000 0.000000 1 6 1.000000
0  2.228670 1.827327 59.886581  -0.728579 0.682838 0.053902  0.000000 0.000000 1 6 1.000000
0  0.899717 1.829024 58.960655  -0.906321 0.422205 0.018034  0.000000 0.000000 1 6 1.000000
  phy
0  3.168386 0.669013 61.270267  -0.378263 0.920204 -0.100704  0.000000 0.000000 1 6 1.000000
0  2.924159 2.179199 61.272972  -0.362181 0.902885 0.231566  0.000000 0.000000 1 6 1.000000
0  3.432732 0.666063 62.904888  -0.017907 0.999513 -0.025562  0.000000 0.000000 1 6 1.000000
  phy
0  3.432732 0.666063 62.904888  -0.017907 0.999513 -0.025562  0.000000 0.000000 1 6 1.000000
0  2.924159 2.179199 61.272972  -0.362181 0.902885 0.231566  0.000000 0.000000 1 6 1.000000
0  3.168387 2.300682 62.907845  -0.036193 0.939771 0.339883  0.000000 0.000000 1 6 1.000000
  phy
0  3.168386 0.669013 61.270267  -0.378263 0.920204 -0.100704  0.000000 0.000000 1 6 1.000000
0  2.415592 0.671508 59.884518  -0.553725 0.826837 -0.098636  0.000000 0.000000 1 6 1.000000
0  2.228670 1.827327 59.886581  -0.728579 0.682838 0.053902  0.000000 0.000000 1 6 1.000000
  phy
0  3.168386 0.669013 61.270267  -0.378263 0.920204 -0.100704  0.000000 0.000000 1 6 1.000000
0  2.228670 1.827327 59.886581  -0.728579 0.682838 0.053902  0.000000 0.000000 1 6 1.000000
0  2.924159 2.179199 61.272972  -0.362181 0.902885 0.231566  0.000000 0.000000 1 6 1.000000
  phy
0  2.228670 1.827327 59.886581  -0.728579 0.682838 0.053902  0.000000 0.000000 1 6 1.000000
0  2.415592 0.671508 59.884518  -0.553725 0.826837 -0.098636  0.000000 0.000000 1 6 1.000000
0  1.200258 -2.863342 58.383301  -0.835978 0.532341 -0.133243  0.000000 0.000000 1 6 1.000000
  phy
0  2.415592 0.671508 59.884518  -0.553725 0.826837 -0.098636  0.000000 0.000000 1 6 1.000000
0  3.168386 0.669013 61.270267  -0.378263 0.920204 -0.100704  0.000000 0.000000 1 6 1.000000
0  1.200258 -2.863342 58.383301  -0.835978 0.532341 -0.133243  0.000000 0.000000 1 6 1.000000
  phy
0  2.415596 0.660615 65.925270  0.641055 0.760992 0.099701  0.000000 0.000000 1 6 1.000000
0  2.228656 -0.495274 65.923187  0.648472 0.752183 -0.117069  0.000000 0.000000 1 6 1.000000
0  3.168389 0.663123 64.539505  0.320475 0.943567 0.083533  0.000000 0.000000 1 6 1.000000
  phy
0  3.168389 0.663123 64.539505  0.320475 0.943567 0.083533  0.000000 0.000000 1 6 1.000000
0  2.228656 -0.495274 65.923187  0.648472 0.752183 -0.117069  0.000000 0.000000 1 6 1.000000
0  2.924161 -0.847074 64.536789  0.362303 0.902840 -0.231551  0.000000 0.000000 1 6 1.000000
  phy
0  2.228677 -2.127346 64.534477  0.403497 0.716570 -0.568963  0.000000 0.000000 1 6 1.000000
0  2.415593 -2.354313 62.899445  0.145455 0.824993 -0.546104  0.000000 0.000000 1 6 1.000000
0  3.168386 -0.968551 62.901936  0.051511 0.926603 -0.372495  0.000000 0.000000 1 6 1.000000
  phy
0  2.228677 -2.127346 64.534477  0.403497 0.716570 -0.568963  0.000000 0.000000 1 6 1.000000
0  3.168386 -0.968551 62.901936  0.051511 0.926603 -0.372495  0.000000 0.000000 1 6 1.000000
0  2.924161 -0.847074 64.536789  0.362303 0.902840 -0.231551  0.000000 0.000000 1 6 1.000000
  phy
0  2.924161 -0.847074 64.536789  0.362303 0.902840 -0.231551  0.000000 0.000000 1 6 1.000000
0  3.168386 -0.968551 62.901936  0.051511 0.926603 -0.372495  0.000000 0.000000 1 6 1.000000
0  3.432732 0.666063 62.904888  -0.017907 0.999513 -0.025562  0.000000 0.000000 1 6 1.000000
  phy
0  2.924161 -0.847074 64.536789  0.362303 0.902840 -0.231551  0.000000 0.000000 1 6 1.000000
0  3.432732 0.666063 62.904888  -0.017907 0.999513 -0.025562  0.000000 0.000000 1 6 1.000000
0  3.168389 0.663123 64.539505  0.320475 0.943567 0.083533  0.000000 0.000000 1 6 1.000000
  phy
0  2.924162 -0.841182 61.267551  -0.187955 0.917734 -0.349910  0.000000 0.000000 1 6 1.000000
0  3.168386 0.669013 61.270267  -0.378263 0.920204 -0.100704  0.000000 0.000000 1 6 1.000000
0  3.432732 0.666063 62.904888  -0.017907 0.999513 -0.025562  0.000000 0.000000 1 6 1.000000
  phy
0  2.924162 -0.841182 61.267551  -0.187955 0.917734 -0.349910  0.000000 0.000000 1 6 1.000000
0  3.432732 0.666063 62.904888  -0.017907 0.999513 -0.025562  0.000000 0.000000 1 6 1.000000
0  3.168386 -0.968551 62.901936  0.051511 0.926603 -0.372495  0.000000 0.000000 1 6 1.000000
  phy
0  3.168386 0.669013 61.270267  -0.378263 0.920204 -0.100704  0.000000 0.000000 1 6 1.000000
0  2.924162 -0.841182 61.267551  -0.187955 0.917734 -0.349910  0.000000 0.000000 1 6 1.000000
0  1.200258 -2.863342 58.383301  -0.835978 0.532341 -0.133243  0.000000 0.000000 1 6 1.000000
  phy
0  0.899710 -3.518035 58.382072  -0.278227 0.580176 -0.765497  0.000000 0.000000 1 6 1.000000
0  2.924162 -0.841182 61.267551  -0.187955 0.917734 -0.349910  0.000000 0.000000 1 6 1.000000
0  1.718665 -3.179008 60.994301  -0.090491 0.870625 -0.483552  0.000000 0.000000 1 6 1.000000
  phy
0  2.924162 -0.841182 61.267551  -0.187955 0.917734 -0.349910  0.000000 0.000000 1 6 1.000000
0  0.899710 -3.518035 58.382072  -0.278227 0.580176 -0.765497  0.000000 0.000000 1 6 1.000000
0  1.200258 -2.863342 58.383301  -0.835978 0.532341 -0.133243  0.000000 0.000000 1 6 1.000000
  phy
0  2.924162 -0.841182 61.267551  -0.187955 0.917734 -0.349910  0.000000 0.000000 1 6 1.000000
0  3.168386 -0.968551 62.901936  0.051511 0.926603 -0.372495  0.000000 0.000000 1 6 1.000000
0  1.718665 -3.179008 60.994301  -0.090491 0.870625 -0.483552  0.000000 0.000000 1 6 1.000000
  phy
0  3.168386 -0.968551 62.901936  0.051511 0.926603 -0.372495  0.000000 0.000000 1 6 1.000000
0  2.415593 -2.354313 62.899445  0.145455 0.824993 -0.546104  0.000000 0.000000 1 6 1.000000
0  1.718665 -3.179008 60.994301  -0.090491 0.870625 -0.483552  0.000000 0.000000 1 6 1.000000
  phy
0  2.415593 -2.354313 62.899445  0.145455 0.824993 -0.546104  0.000000 0.000000 1 6 1.000000
0  1.187796 -4.034452 60.992805  0.222135 0.566555 -0.793519  0.000000 0.000000 1 6 1.000000
0  1.718665 -3.179008 60.994301  -0.090491 0.870625 -0.483552  0.000000 0.000000 1 6 1.000000
  phy
0  1.187796 -4.034452 60.992805  0.222135 0.566555 -0.793519  0.000000 0.000000 1 6 1.000000
0  2.415593 -2.354313 62.899445  0.145455 0.824993 -0.546104  0.000000 0.000000 1 6 1.000000
0  2.228677 -2.127346 64.534477  0.403497 0.716570 -0.568963  0.000000 0.000000 1 6 1.000000
  phy
0  1.187799 -2.982806 64.532936  0.476541 0.376350 -0.794525  0.000000 0.000000 1 6 1.000000
0  0.899719 -2.129855 65.920242  0.744638 0.350379 -0.568110  0.000000 0.000000 1 6 1.000000
0  -0.039998 -3.283201 64.532387  0.560985 -0.000012 -0.827826  0.000000 0.000000 1 6 1.000000
  phy
0  -0.039998 -3.283201 64.532387  0.560985 -0.000012 -0.827826  0.000000 0.000000 1 6 1.000000
0  0.899719 -2.129855 65.920242  0.744638 0.350379 -0.568110  0.000000 0.000000 1 6 1.000000
0  -0.040003 -2.359765 65.919838  0.847508 -0.000059 -0.530783  0.000000 0.000000 1 6 1.000000
  phy
0  0.468577 -0.851250 66.848473  0.951964 0.156294 -0.263317  0.000000 0.000000 1 6 1.000000
0  -0.040003 -2.359765 65.919838  0.847508 -0.000059 -0.530783  0.000000 0.000000 1 6 1.000000
0  0.899719 -2.129855 65.920242  0.744638 0.350379 -0.568110  0.000000 0.000000 1 6 1.000000
  phy
0  -3.004162 -0.841183 61.267548  -0.188028 -0.917719 -0.349911  0.000000 0.000000 1 6 1.000000
0  -3.512735 0.666065 62.904888  0.000002 -1.000000 -0.000027  0.000000 0.000000 1 6 1.000000
0  -3.248385 0.669009 61.270271  -0.378217 -0.920206 -0.100855  0.000000 0.000000 1 6 1.000000
  phy
0  -3.004162 -0.841183 61.267548  -0.188028 -0.917719 -0.349911  0.000000 0.000000 1 6 1.000000
0  -3.248387 -0.968556 62.901932  0.051518 -0.926590 -0.372527  0.000000 0.000000 1 6 1.000000
0  -3.512735 0.666065 62.904888  0.000002 -1.000000 -0.000027  0.000000 0.000000 1 6 1.000000
  phy
0  -2.495591 0.671506 59.884518  -0.553789 -0.826784 -0.098728  0.000000 0.000000 1 6 1.000000
0  -3.248385 0.669009 61.270271  -0.378217 -0.920206 -0.100855  0.000000 0.000000 1 6 1.000000
0  -2.308672 1.827358 59.886597  -0.728549 -0.682879 0.053785  0.000000 0.000000 1 6 1.000000
  phy
0  -3.248385 0.669009 61.270271  -0.378217 -0.920206 -0.100855  0.000000 0.000000 1 6 1.000000
0  -3.004161 2.179197 61.272980  -0.362309 -0.902832 0.231577  0.000000 0.000000 1 6 1.000000
0  -2.308672 1.827358 59.886597  -0.728549 -0.682879 0.053785  0.000000 0.000000 1 6 1.000000
  phy
0  -3.248385 0.669009 61.270271  -0.378217 -0.920206 -0.100855  0.000000 0.000000 1 6 1.000000
0  -3.512735 0.666065 62.904888  0.000002 -1.000000 -0.000027  0.000000 0.000000 1 6 1.000000
0  -3.004161 2.179197 61.272980  -0.362309 -0.902832 0.231577  0.000000 0.000000 1 6 1.000000
  phy
0  -3.512735 0.666065 62.904888  0.000002 -1.000000 -0.000027  0.000000 0.000000 1 6 1.000000
0  -3.248387 2.300685 62.907822  -0.063623 -0.929026 0.364504  0.000000 0.000000 1 6 1.000000
0  -3.004161 2.179197 61.272980  -0.362309 -0.902832 0.231577  0.000000 0.000000 1 6 1.000000
  phy
0  -2.495591 0.671506 59.884518  -0.553789 -0.826784 -0.098728  0.000000 0.000000 1 6 1.000000
0  -1.280264 -2.863323 58.383305  -0.845583 -0.516437 -0.135210  0.000000 0.000000 1 6 1.000000
0  -3.248385 0.669009 61.270271  -0.378217 -0.920206 -0.100855  0.000000 0.000000 1 6 1.000000
  phy
0  -3.248385 0.669009 61.270271  -0.378217 -0.920206 -0.100855  0.000000 0.000000 1 6 1.000000
0  -1.280264 -2.863323 58.383305  -0.845583 -0.516437 -0.135210  0.000000 0.000000 1 6 1.000000
0  -3.004162 -0.841183 61.267548  -0.188028 -0.917719 -0.349911  0.000000 0.000000 1 6 1.000000
  phy
0  -1.776357 2.807229 59.888344  -0.712910 -0.611307 0.343603  0.000000 0.000000 1 6 1.000000
0  -2.308671 3.459477 61.275295  -0.413739 -0.725185 0.550387  0.000000 0.000000 1 6 1.000000
0  -0.979722 3.461964 59.889530  -0.744645 -0.350392 0.568092  0.000000 0.000000 1 6 1.000000
  phy
0  -0.979722 3.461964 59.889530  -0.744645 -0.350392 0.568092  0.000000 0.000000 1 6 1.000000
0  -2.308671 3.459477 61.275295  -0.413739 -0.725185 0.550387  0.000000 0.000000 1 6 1.000000
0  -1.267814 4.314922 61.276833  -0.477245 -0.383774 0.790541  0.000000 0.000000 1 6 1.000000
  phy
0  -3.004161 2.179197 61.272980  -0.362309 -0.902832 0.231577  0.000000 0.000000 1 6 1.000000
0  -3.248387 2.300685 62.907822  -0.063623 -0.929026 0.364504  0.000000 0.000000 1 6 1.000000
0  -2.308671 3.459477 61.275295  -0.413739 -0.725185 0.550387  0.000000 0.000000 1 6 1.000000
  phy
0  -3.248387 2.300685 62.907822  -0.063623 -0.929026 0.364504  0.000000 0.000000 1 6 1.000000
0  -2.495596 3.686446 62.910328  -0.080236 -0.751815 0.654474  0.000000 0.000000 1 6 1.000000
0  -2.308671 3.459477 61.275295  -0.413739 -0.725185 0.550387  0.000000 0.000000 1 6 1.000000
  phy
0  -2.308671 3.459477 61.275295  -0.413739 -0.725185 0.550387  0.000000 0.000000 1 6 1.000000
0  -1.776357 2.807229 59.888344  -0.712910 -0.611307 0.343603  0.000000 0.000000 1 6 1.000000
0  -3.004161 2.179197 61.272980  -0.362309 -0.902832 0.231577  0.000000 0.000000 1 6 1.000000
  phy
0  -1.776357 2.807229 59.888344  -0.712910 -0.611307 0.343603  0.000000 0.000000 1 6 1.000000
0  -2.308672 1.827358 59.886597  -0.728549 -0.682879 0.053785  0.000000 0.000000 1 6 1.000000
0  -3.004161 2.179197 61.272980  -0.362309 -0.902832 0.231577  0.000000 0.000000 1 6 1.000000
  phy
0  -2.308671 3.459477 61.275295  -0.413739 -0.725185 0.550387  0.000000 0.000000 1 6 1.000000
0  -1.368960 4.612388 62.911980  -0.153073 -0.453969 0.877770  0.000000 0.000000 1 6 1.000000
0  -1.267814 4.314922 61.276833  -0.477245 -0.383774 0.790541  0.000000 0.000000 1 6 1.000000
  phy
0  -2.308671 3.459477 61.275295  -0.413739 -0.725185 0.550387  0.000000 0.000000 1 6 1.000000
0  -2.495596 3.686446 62.910328  -0.080236 -0.751815 0.654474  0.000000 0.000000 1 6 1.000000
0  -1.368960 4.612388 62.911980  -0.153073 -0.453969 0.877770  0.000000 0.000000 1 6 1.000000
  phy
0  -0.979718 -2.129856 65.920242  0.744587 -0.350354 -0.568192  0.000000 0.000000 1 6 1.000000
0  -2.308676 -2.127346 64.534485  0.403375 -0.716644 -0.568956  0.000000 0.000000 1 6 1.000000
0  -1.267797 -2.982801 64.532936  0.476559 -0.376447 -0.794468  0.000000 0.000000 1 6 1.000000
  phy
0  -0.979718 -2.129856 65.920242  0.744587 -0.350354 -0.568192  0.000000 0.000000 1 6 1.000000
0  -1.776365 -1.475137 65.921417  0.712796 -0.611398 -0.343678  0.000000 0.000000 1 6 1.000000
0  -2.308676 -2.127346 64.534485  0.403375 -0.716644 -0.568956  0.000000 0.000000 1 6 1.000000
  phy
0  -0.040003 -2.359765 65.919838  0.847508 -0.000059 -0.530783  0.000000 0.000000 1 6 1.000000
0  -0.979718 -2.129856 65.920242  0.744587 -0.350354 -0.568192  0.000000 0.000000 1 6 1.000000
0  -0.039998 -3.283201 64.532387  0.560985 -0.000012 -0.827826  0.000000 0.000000 1 6 1.000000
  phy
0  -0.039998 -3.283201 64.532387  0.560985 -0.000012 -0.827826  0.000000 0.000000 1 6 1.000000
0  -0.979718 -2.129856 65.920242  0.744587 -0.350354 -0.568192  0.000000 0.000000 1 6 1.000000
0  -1.267797 -2.982801 64.532936  0.476559 -0.376447 -0.794468  0.000000 0.000000 1 6 1.000000
  phy
0  -0.979718 -2.129856 65.920242  0.744587 -0.350354 -0.568192  0.000000 0.000000 1 6 1.000000
0  -0.040003 -2.359765 65.919838  0.847508 -0.000059 -0.530783  0.000000 0.000000 1 6 1.000000
0  -0.548570 -0.851237 66.848495  0.951940 -0.156205 -0.263459  0.000000 0.000000 1 6 1.000000
  phy
0  1.187816 4.314921 61.276833  -0.477325 0.383744 0.790507  0.000000 0.000000 1 6 1.000000
0  -0.040007 4.937530 62.912579  -0.233300 0.000014 0.972405  0.000000 0.000000 1 6 1.000000
0  1.288958 4.612387 62.911983  -0.153056 0.453997 0.877759  0.000000 0.000000 1 6 1.000000
  phy
0  1.187816 4.314921 61.276833  -0.477325 0.383744 0.790507  0.000000 0.000000 1 6 1.000000
0  -0.040005 4.615322 61.277374  -0.581355 -0.000087 0.813650  0.000000 0.000000 1 6 1.000000
0  -0.040007 4.937530 62.912579  -0.233300 0.000014 0.972405  0.000000 0.000000 1 6 1.000000
  phy
0  3.168387 2.300682 62.907845  -0.036193 0.939771 0.339883  0.000000 0.000000 1 6 1.000000
0  2.924167 2.173314 64.542229  0.293341 0.878495 0.377090  0.000000 0.000000 1 6 1.000000
0  3.168389 0.663123 64.539505  0.320475 0.943567 0.083533  0.000000 0.000000 1 6 1.000000
  phy
0  3.168387 2.300682 62.907845  -0.036193 0.939771 0.339883  0.000000 0.000000 1 6 1.000000
0  3.168389 0.663123 64.539505  0.320475 0.943567 0.083533  0.000000 0.000000 1 6 1.000000
0  3.432732 0.666063 62.904888  -0.017907 0.999513 -0.025562  0.000000 0.000000 1 6 1.000000
  phy
0  0.899717 1.829024 58.960655  -0.906321 0.422205 0.018034  0.000000 0.000000 1 6 1.000000
0  2.228670 1.827327 59.886581  -0.728579 0.682838 0.053902  0.000000 0.000000 1 6 1.000000
0  1.200258 -2.863342 58.383301  -0.835978 0.532341 -0.133243  0.000000 0.000000 1 6 1.000000
  phy
0  0.468570 2.183367 58.961296  -0.951947 0.156184 0.263445  0.000000 0.000000 1 6 1.000000
0  -0.548569 2.183365 58.961296  -0.951967 -0.156258 0.263331  0.000000 0.000000 1 6 1.000000
0  -0.040001 3.691886 59.889954  -0.847510 0.000067 0.530779  0.000000 0.000000 1 6 1.000000
  phy
0  0.468570 2.183367 58.961296  -0.951947 0.156184 0.263445  0.000000 0.000000 1 6 1.000000
0  0.899717 1.829024 58.960655  -0.906321 0.422205 0.018034  0.000000 0.000000 1 6 1.000000
0  -0.040000 0.673755 58.633430  -0.998330 -0.000094 -0.057764  0.000000 0.000000 1 6 1.000000
  phy
0  -0.548569 2.183365 58.961296  -0.951967 -0.156258 0.263331  0.000000 0.000000 1 6 1.000000
0  0.468570 2.183367 58.961296  -0.951947 0.156184 0.263445  0.000000 0.000000 1 6 1.000000
0  -0.040000 0.673755 58.633430  -0.998330 -0.000094 -0.057764  0.000000 0.000000 1 6 1.000000
  phy
0  -1.267814 4.314922 61.276833  -0.477245 -0.383774 0.790541  0.000000 0.000000 1 6 1.000000
0  -0.040007 4.937530 62.912579  -0.233300 0.000014 0.972405  0.000000 0.000000 1 6 1.000000
0  -0.040005 4.615322 61.277374  -0.581355 -0.000087 0.813650  0.000000 0.000000 1 6 1.000000
  phy
0  -1.267814 4.314922 61.276833  -0.477245 -0.383774 0.790541  0.000000 0.000000 1 6 1.000000
0  -1.368960 4.612388 62.911980  -0.153073 -0.453969 0.877770  0.000000 0.000000 1 6 1.000000
0  -0.040007 4.937530 62.912579  -0.233300 0.000014 0.972405  0.000000 0.000000 1 6 1.000000
  phy
0  -0.979722 3.461964 59.889530  -0.744645 -0.350392 0.568092  0.000000 0.000000 1 6 1.000000
0  -0.040005 4.615322 61.277374  -0.581355 -0.000087 0.813650  0.000000 0.000000 1 6 1.000000
0  -0.040001 3.691886 59.889954  -0.847510 0.000067 0.530779  0.000000 0.000000 1 6 1.000000
  phy
0  -0.979722 3.461964 59.889530  -0.744645 -0.350392 0.568092  0.000000 0.000000 1 6 1.000000
0  -1.267814 4.314922 61.276833  -0.477245 -0.383774 0.790541  0.000000 0.000000 1 6 1.000000
0  -0.040005 4.615322 61.277374  -0.581355 -0.000087 0.813650  0.000000 0.000000 1 6 1.000000
  phy
0  1.187796 -4.034452 60.992805  0.222135 0.566555 -0.793519  0.000000 0.000000 1 6 1.000000
0  1.187799 -2.982806 64.532936  0.476541 0.376350 -0.794525  0.000000 0.000000 1 6 1.000000
0  -0.040003 -4.334847 60.992256  0.248114 -0.000047 -0.968731  0.000000 0.000000 1 6 1.000000
  phy
0  -0.040003 -4.334847 60.992256  0.248114 -0.000047 -0.968731  0.000000 0.000000 1 6 1.000000
0  1.187799 -2.982806 64.532936  0.476541 0.376350 -0.794525  0.000000 0.000000 1 6 1.000000
0  -0.039998 -3.283201 64.532387  0.560985 -0.000012 -0.827826  0.000000 0.000000 1 6 1.000000
  phy
0  1.187796 -4.034452 60.992805  0.222135 0.566555 -0.793519  0.000000 0.000000 1 6 1.000000
0  0.899710 -3.518035 58.382072  -0.278227 0.580176 -0.765497  0.000000 0.000000 1 6 1.000000
0  1.718665 -3.179008 60.994301  -0.090491 0.870625 -0.483552  0.000000 0.000000 1 6 1.000000
  phy
0  0.899710 -3.518035 58.382072  -0.278227 0.580176 -0.765497  0.000000 0.000000 1 6 1.000000
0  1.187796 -4.034452 60.992805  0.222135 0.566555 -0.793519  0.000000 0.000000 1 6 1.000000
0  -0.040003 -4.334847 60.992256  0.248114 -0.000047 -0.968731  0.000000 0.000000 1 6 1.000000
  phy
0  1.187799 -2.982806 64.532936  0.476541 0.376350 -0.794525  0.000000 0.000000 1 6 1.000000
0  1.187796 -4.034452 60.992805  0.222135 0.566555 -0.793519  0.000000 0.000000 1 6 1.000000
0  2.228677 -2.127346 64.534477  0.403497 0.716570 -0.568963  0.000000 0.000000 1 6 1.000000
  phy
0  0.899710 -3.518035 58.382072  -0.278227 0.580176 -0.765497  0.000000 0.000000 1 6 1.000000
0  -0.979713 -3.518062 58.382114  -0.199555 -0.599167 -0.775356  0.000000 0.000000 1 6 1.000000
0  -1.280264 -2.863323 58.383305  -0.845583 -0.516437 -0.135210  0.000000 0.000000 1 6 1.000000
  phy
0  1.200258 -2.863342 58.383301  -0.835978 0.532341 -0.133243  0.000000 0.000000 1 6 1.000000
0  0.899710 -3.518035 58.382072  -0.278227 0.580176 -0.765497  0.000000 0.000000 1 6 1.000000
0  -1.280264 -2.863323 58.383305  -0.845583 -0.516437 -0.135210  0.000000 0.000000 1 6 1.000000
  phy
0  -0.979713 -3.518062 58.382114  -0.199555 -0.599167 -0.775356  0.000000 0.000000 1 6 1.000000
0  0.899710 -3.518035 58.382072  -0.278227 0.580176 -0.765497  0.000000 0.000000 1 6 1.000000
0  -0.040003 -4.334847 60.992256  0.248114 -0.000047 -0.968731  0.000000 0.000000 1 6 1.000000
  phy
0  -0.040003 -4.334847 60.992256  0.248114 -0.000047 -0.968731  0.000000 0.000000 1 6 1.000000
0  -0.039998 -3.283201 64.532387  0.560985 -0.000012 -0.827826  0.000000 0.000000 1 6 1.000000
0  -1.267797 -2.982801 64.532936  0.476559 -0.376447 -0.794468  0.000000 0.000000 1 6 1.000000
  phy
0  -0.040003 -4.334847 60.992256  0.248114 -0.000047 -0.968731  0.000000 0.000000 1 6 1.000000
0  -1.267797 -2.982801 64.532936  0.476559 -0.376447 -0.794468  0.000000 0.000000 1 6 1.000000
0  -1.267798 -4.034451 60.992794  0.222025 -0.566572 -0.793537  0.000000 0.000000 1 6 1.000000
  phy
0  -2.308678 3.453588 64.544525  0.205009 -0.763963 0.611827  0.000000 0.000000 1 6 1.000000
0  -1.267803 4.309044 64.546082  0.214223 -0.482560 0.849261  0.000000 0.000000 1 6 1.000000
0  -2.495596 3.686446 62.910328  -0.080236 -0.751815 0.654474  0.000000 0.000000 1 6 1.000000
  phy
0  -1.267803 4.309044 64.546082  0.214223 -0.482560 0.849261  0.000000 0.000000 1 6 1.000000
0  -1.368960 4.612388 62.911980  -0.153073 -0.453969 0.877770  0.000000 0.000000 1 6 1.000000
0  -2.495596 3.686446 62.910328  -0.080236 -0.751815 0.654474  0.000000 0.000000 1 6 1.000000
  phy
0  -1.368960 4.612388 62.911980  -0.153073 -0.453969 0.877770  0.000000 0.000000 1 6 1.000000
0  -0.040002 4.609442 64.546608  0.202114 0.000087 0.979362  0.000000 0.000000 1 6 1.000000
0  -0.040007 4.937530 62.912579  -0.233300 0.000014 0.972405  0.000000 0.000000 1 6 1.000000
  phy
0  -1.368960 4.612388 62.911980  -0.153073 -0.453969 0.877770  0.000000 0.000000 1 6 1.000000
0  -1.267803 4.309044 64.546082  0.214223 -0.482560 0.849261  0.000000 0.000000 1 6 1.000000
0  -0.040002 4.609442 64.546608  0.202114 0.000087 0.979362  0.000000 0.000000 1 6 1.000000
  phy
0  -0.979714 1.829027 58.960659  -0.906334 -0.422177 0.018047  0.000000 0.000000 1 6 1.000000
0  -1.776357 2.807229 59.888344  -0.712910 -0.611307 0.343603  0.000000 0.000000 1 6 1.000000
0  -0.548569 2.183365 58.961296  -0.951967 -0.156258 0.263331  0.000000 0.000000 1 6 1.000000
  phy
0  -0.548569 2.183365 58.961296  -0.951967 -0.156258 0.263331  0.000000 0.000000 1 6 1.000000
0  -1.776357 2.807229 59.888344  -0.712910 -0.611307 0.343603  0.000000 0.000000 1 6 1.000000
0  -0.979722 3.461964 59.889530  -0.744645 -0.350392 0.568092  0.000000 0.000000 1 6 1.000000
  phy
0  -0.548569 2.183365 58.961296  -0.951967 -0.156258 0.263331  0.000000 0.000000 1 6 1.000000
0  -0.979722 3.461964 59.889530  -0.744645 -0.350392 0.568092  0.000000 0.000000 1 6 1.000000
0  -0.040001 3.691886 59.889954  -0.847510 0.000067 0.530779  0.000000 0.000000 1 6 1.000000
  phy
0  -3.004164 2.173311 64.542229  0.262367 -0.902813 0.340723  0.000000 0.000000 1 6 1.000000
0  -3.512735 0.666065 62.904888  0.000002 -1.000000 -0.000027  0.000000 0.000000 1 6 1.000000
0  -3.248391 0.663122 64.539505  0.358257 -0.931524 0.062577  0.000000 0.000000 1 6 1.000000
  phy
0  -3.004164 2.173311 64.542229  0.262367 -0.902813 0.340723  0.000000 0.000000 1 6 1.000000
0  -3.248387 2.300685 62.907822  -0.063623 -0.929026 0.364504  0.000000 0.000000 1 6 1.000000
0  -3.512735 0.666065 62.904888  0.000002 -1.000000 -0.000027  0.000000 0.000000 1 6 1.000000
  phy
0  -3.512735 0.666065 62.904888  0.000002 -1.000000 -0.000027  0.000000 0.000000 1 6 1.000000
0  -3.004164 -0.847072 64.536797  0.362117 -0.902871 -0.231721  0.000000 0.000000 1 6 1.000000
0  -3.248391 0.663122 64.539505  0.358257 -0.931524 0.062577  0.000000 0.000000 1 6 1.000000
  phy
0  -3.512735 0.666065 62.904888  0.000002 -1.000000 -0.000027  0.000000 0.000000 1 6 1.000000
0  -3.248387 -0.968556 62.901932  0.051518 -0.926590 -0.372527  0.000000 0.000000 1 6 1.000000
0  -3.004164 -0.847072 64.536797  0.362117 -0.902871 -0.231721  0.000000 0.000000 1 6 1.000000
  phy
0  -2.308678 3.453588 64.544525  0.205009 -0.763963 0.611827  0.000000 0.000000 1 6 1.000000
0  -3.248387 2.300685 62.907822  -0.063623 -0.929026 0.364504  0.000000 0.000000 1 6 1.000000
0  -3.004164 2.173311 64.542229  0.262367 -0.902813 0.340723  0.000000 0.000000 1 6 1.000000
  phy
0  -2.308678 3.453588 64.544525  0.205009 -0.763963 0.611827  0.000000 0.000000 1 6 1.000000
0  -2.495596 3.686446 62.910328  -0.080236 -0.751815 0.654474  0.000000 0.000000 1 6 1.000000
0  -3.248387 2.300685 62.907822  -0.063623 -0.929026 0.364504  0.000000 0.000000 1 6 1.000000
  phy
0  -2.308680 -0.495222 65.923187  0.648452 -0.752192 -0.117120  0.000000 0.000000 1 6 1.000000
0  -3.004164 -0.847072 64.536797  0.362117 -0.902871 -0.231721  0.000000 0.000000 1 6 1.000000
0  -1.776365 -1.475137 65.921417  0.712796 -0.611398 -0.343678  0.000000 0.000000 1 6 1.000000
  phy
0  -3.004164 -0.847072 64.536797  0.362117 -0.902871 -0.231721  0.000000 0.000000 1 6 1.000000
0  -2.308676 -2.127346 64.534485  0.403375 -0.716644 -0.568956  0.000000 0.000000 1 6 1.000000
0  -1.776365 -1.475137 65.921417  0.712796 -0.611398 -0.343678  0.000000 0.000000 1 6 1.000000
  phy
0  -0.548570 -0.851237 66.848495  0.951940 -0.156205 -0.263459  0.000000 0.000000 1 6 1.000000
0  -0.040003 -2.359765 65.919838  0.847508 -0.000059 -0.530783  0.000000 0.000000 1 6 1.000000
0  0.468577 -0.851250 66.848473  0.951964 0.156294 -0.263317  0.000000 0.000000 1 6 1.000000
  phy
0  0.468577 -0.851250 66.848473  0.951964 0.156294 -0.263317  0.000000 0.000000 1 6 1.000000
0  -0.039998 0.658370 67.176361  0.985114 -0.000097 0.171904  0.000000 0.000000 1 6 1.000000
0  -0.548570 -0.851237 66.848495  0.951940 -0.156205 -0.263459  0.000000 0.000000 1 6 1.000000
  phy
0  0.899711 -0.496915 66.849121  0.907296 0.401883 -0.123705  0.000000 0.000000 1 6 1.000000
0  -0.039998 0.658370 67.176361  0.985114 -0.000097 0.171904  0.000000 0.000000 1 6 1.000000
0  0.468577 -0.851250 66.848473  0.951964 0.156294 -0.263317  0.000000 0.000000 1 6 1.000000
  phy
0  -0.979693 1.814843 66.853287  0.791256 -0.396635 0.465397  0.000000 0.000000 1 6 1.000000
0  -0.039998 0.658370 67.176361  0.985114 -0.000097 0.171904  0.000000 0.000000 1 6 1.000000
0  -0.548596 2.169145 66.853928  0.821796 -0.100485 0.560852  0.000000 0.000000 1 6 1.000000
  phy
0  -2.495591 0.671506 59.884518  -0.553789 -0.826784 -0.098728  0.000000 0.000000 1 6 1.000000
0  -2.308672 1.827358 59.886597  -0.728549 -0.682879 0.053785  0.000000 0.000000 1 6 1.000000
0  -1.280264 -2.863323 58.383305  -0.845583 -0.516437 -0.135210  0.000000 0.000000 1 6 1.000000
  phy
0  0.899717 1.829024 58.960655  -0.906321 0.422205 0.018034  0.000000 0.000000 1 6 1.000000
0  1.200258 -2.863342 58.383301  -0.835978 0.532341 -0.133243  0.000000 0.000000 1 6 1.000000
0  -0.040000 0.673755 58.633430  -0.998330 -0.000094 -0.057764  0.000000 0.000000 1 6 1.000000
  phy
0  -0.979714 1.829027 58.960659  -0.906334 -0.422177 0.018047  0.000000 0.000000 1 6 1.000000
0  -0.548569 2.183365 58.961296  -0.951967 -0.156258 0.263331  0.000000 0.000000 1 6 1.000000
0  -0.040000 0.673755 58.633430  -0.998330 -0.000094 -0.057764  0.000000 0.000000 1 6 1.000000
  phy
0  -1.280264 -2.863323 58.383305  -0.845583 -0.516437 -0.135210  0.000000 0.000000 1 6 1.000000
0  -0.979714 1.829027 58.960659  -0.906334 -0.422177 0.018047  0.000000 0.000000 1 6 1.000000
0  -0.040000 0.673755 58.633430  -0.998330 -0.000094 -0.057764  0.000000 0.000000 1 6 1.000000
  phy
0  -2.308672 1.827358 59.886597  -0.728549 -0.682879 0.053785  0.000000 0.000000 1 6 1.000000
0  -0.979714 1.829027 58.960659  -0.906334 -0.422177 0.018047  0.000000 0.000000 1 6 1.000000
0  -1.280264 -2.863323 58.383305  -0.845583 -0.516437 -0.135210  0.000000 0.000000 1 6 1.000000
  phy
0  -0.979714 1.829027 58.960659  -0.906334 -0.422177 0.018047  0.000000 0.000000 1 6 1.000000
0  -2.308672 1.827358 59.886597  -0.728549 -0.682879 0.053785  0.000000 0.000000 1 6 1.000000
0  -1.776357 2.807229 59.888344  -0.712910 -0.611307 0.343603  0.000000 0.000000 1 6 1.000000
  phy
0  -0.979713 -3.518062 58.382114  -0.199555 -0.599167 -0.775356  0.000000 0.000000 1 6 1.000000
0  -1.798663 -3.179004 60.994350  -0.090464 -0.870704 -0.483415  0.000000 0.000000 1 6 1.000000
0  -3.004162 -0.841183 61.267548  -0.188028 -0.917719 -0.349911  0.000000 0.000000 1 6 1.000000
  phy
0  -3.004162 -0.841183 61.267548  -0.188028 -0.917719 -0.349911  0.000000 0.000000 1 6 1.000000
0  -1.280264 -2.863323 58.383305  -0.845583 -0.516437 -0.135210  0.000000 0.000000 1 6 1.000000
0  -0.979713 -3.518062 58.382114  -0.199555 -0.599167 -0.775356  0.000000 0.000000 1 6 1.000000
  phy
0  -0.979713 -3.518062 58.382114  -0.199555 -0.599167 -0.775356  0.000000 0.000000 1 6 1.000000
0  -1.267798 -4.034451 60.992794  0.222025 -0.566572 -0.793537  0.000000 0.000000 1 6 1.000000
0  -1.798663 -3.179004 60.994350  -0.090464 -0.870704 -0.483415  0.000000 0.000000 1 6 1.000000
  phy
0  -1.267798 -4.034451 60.992794  0.222025 -0.566572 -0.793537  0.000000 0.000000 1 6 1.000000
0  -0.979713 -3.518062 58.382114  -0.199555 -0.599167 -0.775356  0.000000 0.000000 1 6 1.000000
0  -0.040003 -4.334847 60.992256  0.248114 -0.000047 -0.968731  0.000000 0.000000 1 6 1.000000
  phy
0  -2.495588 -2.354327 62.899452  0.145421 -0.825035 -0.546050  0.000000 0.000000 1 6 1.000000
0  -2.308676 -2.127346 64.534485  0.403375 -0.716644 -0.568956  0.000000 0.000000 1 6 1.000000
0  -3.248387 -0.968556 62.901932  0.051518 -0.926590 -0.372527  0.000000 0.000000 1 6 1.000000
  phy
0  -2.308676 -2.127346 64.534485  0.403375 -0.716644 -0.568956  0.000000 0.000000 1 6 1.000000
0  -3.004164 -0.847072 64.536797  0.362117 -0.902871 -0.231721  0.000000 0.000000 1 6 1.000000
0  -3.248387 -0.968556 62.901932  0.051518 -0.926590 -0.372527  0.000000 0.000000 1 6 1.000000
  phy
0  -1.798663 -3.179004 60.994350  -0.090464 -0.870704 -0.483415  0.000000 0.000000 1 6 1.000000
0  -3.248387 -0.968556 62.901932  0.051518 -0.926590 -0.372527  0.000000 0.000000 1 6 1.000000
0  -3.004162 -0.841183 61.267548  -0.188028 -0.917719 -0.349911  0.000000 0.000000 1 6 1.000000
  phy
0  -1.798663 -3.179004 60.994350  -0.090464 -0.870704 -0.483415  0.000000 0.000000 1 6 1.000000
0  -1.267798 -4.034451 60.992794  0.222025 -0.566572 -0.793537  0.000000 0.000000 1 6 1.000000
0  -2.495588 -2.354327 62.899452  0.145421 -0.825035 -0.546050  0.000000 0.000000 1 6 1.000000
  phy
0  -2.495588 -2.354327 62.899452  0.145421 -0.825035 -0.546050  0.000000 0.000000 1 6 1.000000
0  -3.248387 -0.968556 62.901932  0.051518 -0.926590 -0.372527  0.000000 0.000000 1 6 1.000000
0  -1.798663 -3.179004 60.994350  -0.090464 -0.870704 -0.483415  0.000000 0.000000 1 6 1.000000
  phy
0  -1.267798 -4.034451 60.992794  0.222025 -0.566572 -0.793537  0.000000 0.000000 1 6 1.000000
0  -2.308676 -2.127346 64.534485  0.403375 -0.716644 -0.568956  0.000000 0.000000 1 6 1.000000
0  -2.495588 -2.354327 62.899452  0.145421 -0.825035 -0.546050  0.000000 0.000000 1 6 1.000000
  phy
0  -1.267798 -4.034451 60.992794  0.222025 -0.566572 -0.793537  0.000000 0.000000 1 6 1.000000
0  -1.267797 -2.982801 64.532936  0.476559 -0.376447 -0.794468  0.000000 0.000000 1 6 1.000000
0  -2.308676 -2.127346 64.534485  0.403375 -0.716644 -0.568956  0.000000 0.000000 1 6 1.000000
  phy
0  1.200258 -2.863342 58.383301  -0.835978 0.532341 -0.133243  0.000000 0.000000 1 6 1.000000
0  -1.280264 -2.863323 58.383305  -0.845583 -0.516437 -0.135210  0.000000 0.000000 1 6 1.000000
0  -0.040000 0.673755 58.633430  -0.998330 -0.000094 -0.057764  0.000000 0.000000 1 6 1.000000
  phy
0  -19.367002 -0.414275 42.555141  -0.556816 0.065638 -0.828039  0.000000 0.000000 1 51 1.000000
0  -19.474155 1.713390 42.634445  -0.630744 -0.301526 -0.715013  0.000000 0.000000 1 51 1.000000
0  -19.903250 1.672161 43.160828  -0.547263 -0.824298 0.145042  0.000000 0.000000 1 51 1.000000
  phy
0  -19.367002 -0.414275 42.555141  -0.556816 0.065638 -0.828039  0.000000 0.000000 1 51 1.000000
0  -19.903250 1.672161 43.160828  -0.547263 -0.824298 0.145042  0.000000 0.000000 1 51 1.000000
0  -19.796099 -0.455509 43.081528  -0.818805 0.555894 0.143318  0.000000 0.000000 1 51 1.000000
  phy
0  -19.796099 -0.455509 43.081528  -0.818805 0.555894 0.143318  0.000000 0.000000 1 51 1.000000
0  -19.903250 1.672161 43.160828  -0.547263 -0.824298 0.145042  0.000000 0.000000 1 51 1.000000
0  -20.471109 1.628990 43.551662  -0.165217 -0.032357 0.985726  0.000000 0.000000 1 51 1.000000
  phy
0  -19.796099 -0.455509 43.081528  -0.818805 0.555894 0.143318  0.000000 0.000000 1 51 1.000000
0  -20.471109 1.628990 43.551662  -0.165217 -0.032357 0.985726  0.000000 0.000000 1 51 1.000000
0  -20.363960 -0.498675 43.472363  -0.366898 0.709824 0.601279  0.000000 0.000000 1 51 1.000000
  phy
0  -19.903250 1.672161 43.160828  -0.547263 -0.824298 0.145042  0.000000 0.000000 1 51 1.000000
0  -20.767944 2.362121 40.251083  -0.155783 -0.490576 -0.857361  0.000000 0.000000 1 51 1.000000
0  -22.508886 2.209590 41.990753  0.150884 -0.478818 0.864851  0.000000 0.000000 1 51 1.000000
  phy
0  -19.474155 1.713390 42.634445  -0.630744 -0.301526 -0.715013  0.000000 0.000000 1 51 1.000000
0  -20.767944 2.362121 40.251083  -0.155783 -0.490576 -0.857361  0.000000 0.000000 1 51 1.000000
0  -19.903250 1.672161 43.160828  -0.547263 -0.824298 0.145042  0.000000 0.000000 1 51 1.000000
  phy
0  -22.508886 2.209590 41.990753  0.150884 -0.478818 0.864851  0.000000 0.000000 1 51 1.000000
0  -20.471109 1.628990 43.551662  -0.165217 -0.032357 0.985726  0.000000 0.000000 1 51 1.000000
0  -19.903250 1.672161 43.160828  -0.547263 -0.824298 0.145042  0.000000 0.000000 1 51 1.000000
  phy
0  -23.837660 -1.209538 38.570549  0.611329 0.245306 -0.752398  0.000000 0.000000 1 51 1.000000
0  -24.047768 -1.257187 39.564884  0.466856 0.380131 0.798464  0.000000 0.000000 1 51 1.000000
0  -23.997026 1.954685 38.688496  0.439200 -0.448067 -0.778678  0.000000 0.000000 1 51 1.000000
  phy
0  -24.047768 -1.257187 39.564884  0.466856 0.380131 0.798464  0.000000 0.000000 1 51 1.000000
0  -24.207134 1.907038 39.682842  0.492009 -0.117688 0.862599  0.000000 0.000000 1 51 1.000000
0  -23.997026 1.954685 38.688496  0.439200 -0.448067 -0.778678  0.000000 0.000000 1 51 1.000000
  phy
0  -24.047768 -1.257187 39.564884  0.466856 0.380131 0.798464  0.000000 0.000000 1 51 1.000000
0  -22.508886 2.209590 41.990753  0.150884 -0.478818 0.864851  0.000000 0.000000 1 51 1.000000
0  -24.207134 1.907038 39.682842  0.492009 -0.117688 0.862599  0.000000 0.000000 1 51 1.000000
  phy
0  -24.047768 -1.257187 39.564884  0.466856 0.380131 0.798464  0.000000 0.000000 1 51 1.000000
0  -22.322363 -1.492563 41.852833  0.078751 0.458250 0.885328  0.000000 0.000000 1 51 1.000000
0  -22.508886 2.209590 41.990753  0.150884 -0.478818 0.864851  0.000000 0.000000 1 51 1.000000
  phy
0  -22.508886 2.209590 41.990753  0.150884 -0.478818 0.864851  0.000000 0.000000 1 51 1.000000
0  -23.997026 1.954685 38.688496  0.439200 -0.448067 -0.778678  0.000000 0.000000 1 51 1.000000
0  -24.207134 1.907038 39.682842  0.492009 -0.117688 0.862599  0.000000 0.000000 1 51 1.000000
  phy
0  -21.035259 -2.265447 39.699398  -0.068732 0.465777 -0.882229  0.000000 0.000000 1 51 1.000000
0  -19.796099 -0.455509 43.081528  -0.818805 0.555894 0.143318  0.000000 0.000000 1 51 1.000000
0  -20.363960 -0.498675 43.472363  -0.366898 0.709824 0.601279  0.000000 0.000000 1 51 1.000000
  phy
0  -19.796099 -0.455509 43.081528  -0.818805 0.555894 0.143318  0.000000 0.000000 1 51 1.000000
0  -21.035259 -2.265447 39.699398  -0.068732 0.465777 -0.882229  0.000000 0.000000 1 51 1.000000
0  -19.367002 -0.414275 42.555141  -0.556816 0.065638 -0.828039  0.000000 0.000000 1 51 1.000000
  phy
0  -20.363960 -0.498675 43.472363  -0.366898 0.709824 0.601279  0.000000 0.000000 1 51 1.000000
0  -20.471109 1.628990 43.551662  -0.165217 -0.032357 0.985726  0.000000 0.000000 1 51 1.000000
0  -22.322363 -1.492563 41.852833  0.078751 0.458250 0.885328  0.000000 0.000000 1 51 1.000000
  phy
0  -20.471109 1.628990 43.551662  -0.165217 -0.032357 0.985726  0.000000 0.000000 1 51 1.000000
0  -22.508886 2.209590 41.990753  0.150884 -0.478818 0.864851  0.000000 0.000000 1 51 1.000000
0  -22.322363 -1.492563 41.852833  0.078751 0.458250 0.885328  0.000000 0.000000 1 51 1.000000
  phy
0  -20.767944 2.362121 40.251083  -0.155783 -0.490576 -0.857361  0.000000 0.000000 1 51 1.000000
0  -23.997026 1.954685 38.688496  0.439200 -0.448067 -0.778678  0.000000 0.000000 1 51 1.000000
0  -22.508886 2.209590 41.990753  0.150884 -0.478818 0.864851  0.000000 0.000000 1 51 1.000000
  phy
0  -20.767944 2.362121 40.251083  -0.155783 -0.490576 -0.857361  0.000000 0.000000 1 51 1.000000
0  -19.474155 1.713390 42.634445  -0.630744 -0.301526 -0.715013  0.000000 0.000000 1 51 1.000000
0  -19.367002 -0.414275 42.555141  -0.556816 0.065638 -0.828039  0.000000 0.000000 1 51 1.000000
  phy
0  -24.047768 -1.257187 39.564884  0.466856 0.380131 0.798464  0.000000 0.000000 1 51 1.000000
0  -21.035259 -2.265447 39.699398  -0.068732 0.465777 -0.882229  0.000000 0.000000 1 51 1.000000
0  -22.322363 -1.492563 41.852833  0.078751 0.458250 0.885328  0.000000 0.000000 1 51 1.000000
  phy
0  -21.035259 -2.265447 39.699398  -0.068732 0.465777 -0.882229  0.000000 0.000000 1 51 1.000000
0  -24.047768 -1.257187 39.564884  0.466856 0.380131 0.798464  0.000000 0.000000 1 51 1.000000
0  -23.837660 -1.209538 38.570549  0.611329 0.245306 -0.752398  0.000000 0.000000 1 51 1.000000
  phy
0  -21.035259 -2.265447 39.699398  -0.068732 0.465777 -0.882229  0.000000 0.000000 1 51 1.000000
0  -20.363960 -0.498675 43.472363  -0.366898 0.709824 0.601279  0.000000 0.000000 1 51 1.000000
0  -22.322363 -1.492563 41.852833  0.078751 0.458250 0.885328  0.000000 0.000000 1 51 1.000000
  phy
0  -21.035259 -2.265447 39.699398  -0.068732 0.465777 -0.882229  0.000000 0.000000 1 51 1.000000
0  -20.767944 2.362121 40.251083  -0.155783 -0.490576 -0.857361  0.000000 0.000000 1 51 1.000000
0  -19.367002 -0.414275 42.555141  -0.556816 0.065638 -0.828039  0.000000 0.000000 1 51 1.000000
  phy
0  -20.767944 2.362121 40.251083  -0.155783 -0.490576 -0.857361  0.000000 0.000000 1 51 1.000000
0  -21.035259 -2.265447 39.699398  -0.068732 0.465777 -0.882229  0.000000 0.000000 1 51 1.000000
0  -23.997026 1.954685 38.688496  0.439200 -0.448067 -0.778678  0.000000 0.000000 1 51 1.000000
  phy
0  -21.035259 -2.265447 39.699398  -0.068732 0.465777 -0.882229  0.000000 0.000000 1 51 1.000000
0  -23.837660 -1.209538 38.570549  0.611329 0.245306 -0.752398  0.000000 0.000000 1 51 1.000000
0  -23.997026 1.954685 38.688496  0.439200 -0.448067 -0.778678  0.000000 0.000000 1 51 1.000000
  phy
0  -4.900787 2.761215 0.397574  0.311286 0.324154 0.893323  0.000000 0.000000 1 86 1.000000
0  -5.125250 3.514823 1.492434  -0.357688 0.925848 0.121924  0.000000 0.000000 1 86 1.000000
0  -2.014943 2.819638 0.339977  0.289474 -0.144130 0.946272  0.000000 0.000000 1 86 1.000000
  phy
0  -5.125250 3.514823 1.492434  -0.357688 0.925848 0.121924  0.000000 0.000000 1 86 1.000000
0  -1.777666 3.582587 1.425623  -0.213070 -0.959056 0.186583  0.000000 0.000000 1 86 1.000000
0  -2.014943 2.819638 0.339977  0.289474 -0.144130 0.946272  0.000000 0.000000 1 86 1.000000
  phy
0  -4.720263 -6.158447 0.394809  0.451792 0.376090 0.808975  0.000000 0.000000 1 86 1.000000
0  -2.014943 2.819638 0.339977  0.289474 -0.144130 0.946272  0.000000 0.000000 1 86 1.000000
0  -1.834416 -6.100019 0.337212  0.481648 -0.551198 0.681319  0.000000 0.000000 1 86 1.000000
  phy
0  -4.720263 -6.158447 0.394809  0.451792 0.376090 0.808975  0.000000 0.000000 1 86 1.000000
0  -4.900787 2.761215 0.397574  0.311286 0.324154 0.893323  0.000000 0.000000 1 86 1.000000
0  -2.014943 2.819638 0.339977  0.289474 -0.144130 0.946272  0.000000 0.000000 1 86 1.000000
  phy
0  -4.900787 2.761215 0.397574  0.311286 0.324154 0.893323  0.000000 0.000000 1 86 1.000000
0  -4.720263 -6.158447 0.394809  0.451792 0.376090 0.808975  0.000000 0.000000 1 86 1.000000
0  -5.125250 3.514823 1.492434  -0.357688 0.925848 0.121924  0.000000 0.000000 1 86 1.000000
  phy
0  -1.834416 -6.100019 0.337212  0.481648 -0.551198 0.681319  0.000000 0.000000 1 86 1.000000
0  -4.907210 -7.054306 1.696086  0.172354 0.905605 -0.387523  0.000000 0.000000 1 86 1.000000
0  -4.720263 -6.158447 0.394809  0.451792 0.376090 0.808975  0.000000 0.000000 1 86 1.000000
  phy
0  -5.125250 3.514823 1.492434  -0.357688 0.925848 0.121924  0.000000 0.000000 1 86 1.000000
0  -4.720263 -6.158447 0.394809  0.451792 0.376090 0.808975  0.000000 0.000000 1 86 1.000000
0  -4.907210 -7.054306 1.696086  0.172354 0.905605 -0.387523  0.000000 0.000000 1 86 1.000000
  phy
0  -5.125250 3.514823 1.492434  -0.357688 0.925848 0.121924  0.000000 0.000000 1 86 1.000000
0  -4.376009 2.885247 5.332183  -0.266726 0.887694 -0.375310  0.000000 0.000000 1 86 1.000000
0  -1.654401 2.940344 5.277865  -0.753257 -0.457375 -0.472665  0.000000 0.000000 1 86 1.000000
  phy
0  -5.125250 3.514823 1.492434  -0.357688 0.925848 0.121924  0.000000 0.000000 1 86 1.000000
0  -1.654401 2.940344 5.277865  -0.753257 -0.457375 -0.472665  0.000000 0.000000 1 86 1.000000
0  -1.777666 3.582587 1.425623  -0.213070 -0.959056 0.186583  0.000000 0.000000 1 86 1.000000
  phy
0  -1.654401 2.940344 5.277865  -0.753257 -0.457375 -0.472665  0.000000 0.000000 1 86 1.000000
0  -4.376009 2.885247 5.332183  -0.266726 0.887694 -0.375310  0.000000 0.000000 1 86 1.000000
0  -4.288575 -2.142198 4.613431  -0.062847 0.141401 -0.987955  0.000000 0.000000 1 86 1.000000
  phy
0  -1.654401 2.940344 5.277865  -0.753257 -0.457375 -0.472665  0.000000 0.000000 1 86 1.000000
0  -4.288575 -2.142198 4.613431  -0.062847 0.141401 -0.987955  0.000000 0.000000 1 86 1.000000
0  -1.566963 -2.087104 4.559113  -0.074509 -0.890473 -0.448895  0.000000 0.000000 1 86 1.000000
  phy
0  -4.376009 2.885247 5.332183  -0.266726 0.887694 -0.375310  0.000000 0.000000 1 86 1.000000
0  -5.125250 3.514823 1.492434  -0.357688 0.925848 0.121924  0.000000 0.000000 1 86 1.000000
0  -4.907210 -7.054306 1.696086  0.172354 0.905605 -0.387523  0.000000 0.000000 1 86 1.000000
  phy
0  -4.288575 -2.142198 4.613431  -0.062847 0.141401 -0.987955  0.000000 0.000000 1 86 1.000000
0  -4.376009 2.885247 5.332183  -0.266726 0.887694 -0.375310  0.000000 0.000000 1 86 1.000000
0  -4.907210 -7.054306 1.696086  0.172354 0.905605 -0.387523  0.000000 0.000000 1 86 1.000000
  phy
0  -4.288575 -2.142198 4.613431  -0.062847 0.141401 -0.987955  0.000000 0.000000 1 86 1.000000
0  -4.907210 -7.054306 1.696086  0.172354 0.905605 -0.387523  0.000000 0.000000 1 86 1.000000
0  -1.545730 -6.851437 1.709615  0.147813 -0.839038 -0.523610  0.000000 0.000000 1 86 1.000000
  phy
0  -4.288575 -2.142198 4.613431  -0.062847 0.141401 -0.987955  0.000000 0.000000 1 86 1.000000
0  -1.545730 -6.851437 1.709615  0.147813 -0.839038 -0.523610  0.000000 0.000000 1 86 1.000000
0  -1.566963 -2.087104 4.559113  -0.074509 -0.890473 -0.448895  0.000000 0.000000 1 86 1.000000
  phy
0  -1.777666 3.582587 1.425623  -0.213070 -0.959056 0.186583  0.000000 0.000000 1 86 1.000000
0  -1.566963 -2.087104 4.559113  -0.074509 -0.890473 -0.448895  0.000000 0.000000 1 86 1.000000
0  -1.545730 -6.851437 1.709615  0.147813 -0.839038 -0.523610  0.000000 0.000000 1 86 1.000000
  phy
0  -1.777666 3.582587 1.425623  -0.213070 -0.959056 0.186583  0.000000 0.000000 1 86 1.000000
0  -1.654401 2.940344 5.277865  -0.753257 -0.457375 -0.472665  0.000000 0.000000 1 86 1.000000
0  -1.566963 -2.087104 4.559113  -0.074509 -0.890473 -0.448895  0.000000 0.000000 1 86 1.000000
  phy
0  -1.834416 -6.100019 0.337212  0.481648 -0.551198 0.681319  0.000000 0.000000 1 86 1.000000
0  -2.014943 2.819638 0.339977  0.289474 -0.144130 0.946272  0.000000 0.000000 1 86 1.000000
0  -1.777666 3.582587 1.425623  -0.213070 -0.959056 0.186583  0.000000 0.000000 1 86 1.000000
  phy
0  -1.777666 3.582587 1.425623  -0.213070 -0.959056 0.186583  0.000000 0.000000 1 86 1.000000
0  -1.545730 -6.851437 1.709615  0.147813 -0.839038 -0.523610  0.000000 0.000000 1 86 1.000000
0  -1.834416 -6.100019 0.337212  0.481648 -0.551198 0.681319  0.000000 0.000000 1 86 1.000000
  phy
0  -1.545730 -6.851437 1.709615  0.147813 -0.839038 -0.523610  0.000000 0.000000 1 86 1.000000
0  -4.907210 -7.054306 1.696086  0.172354 0.905605 -0.387523  0.000000 0.000000 1 86 1.000000
0  -1.834416 -6.100019 0.337212  0.481648 -0.551198 0.681319  0.000000 0.000000 1 86 1.000000
end
