// Created by Crowbar 0.74
version 1
nodes
  0 "bip_pelvis" -1
  1 "bip_spine_0" 0
  2 "bip_spine_1" 1
  3 "bip_spine_2" 2
  4 "bip_spine_3" 3
  5 "bip_collar_R" 4
  6 "bip_upperArm_R" 5
  7 "bip_lowerArm_R" 6
  8 "bip_hand_R" 7
  9 "bip_hip_L" 0
  10 "bip_knee_L" 9
  11 "bip_foot_L" 10
  12 "bip_hip_R" 0
  13 "bip_knee_R" 12
  14 "bip_foot_R" 13
  15 "bip_neck" 4
  16 "bip_head" 15
  17 "bip_collar_L" 4
  18 "bip_upperArm_L" 17
  19 "bip_lowerArm_L" 18
  20 "bip_hand_L" 19
  21 "bip_thumb_0_R" 8
  22 "bip_thumb_1_R" 21
  23 "bip_thumb_2_R" 22
  24 "bip_index_0_R" 8
  25 "bip_index_1_R" 24
  26 "bip_index_2_R" 25
  27 "bip_middle_0_R" 8
  28 "bip_middle_1_R" 27
  29 "bip_middle_2_R" 28
  30 "bip_ring_0_R" 8
  31 "bip_ring_1_R" 30
  32 "bip_ring_2_R" 31
  33 "bip_pinky_0_R" 8
  34 "bip_pinky_1_R" 33
  35 "bip_pinky_2_R" 34
  36 "bip_toe_L" 11
  37 "bip_toe_R" 14
end
skeleton
  time 0
    0 -6.707031 5.488281 28.625000 -1.161061 0.106732 -0.372992
    1 0.000000 -5.355259 0.000000 0.252802 0.060503 -0.016562
    2 0.000000 -7.488277 -0.000001 0.108433 0.058592 0.004037
    3 0.000000 -5.597980 0.000000 0.071830 0.028829 0.051250
    4 0.000000 -6.565113 -0.000001 0.442432 0.063806 0.037138
    5 -1.549380 -5.102886 -4.074768 1.482310 -1.256597 0.199490
    6 -0.000053 11.987244 0.000028 -0.742053 0.099831 3.079551
    7 20.109314 0.000000 -0.000002 1.570575 -1.120537 -3.141239
    8 19.941738 0.000001 -0.000004 -0.483696 -0.685741 -0.975631
    9 6.938272 1.999413 -1.014580 1.388312 0.521640 0.814785
    10 20.710249 -0.000001 0.000000 -3.141593 1.229792 -3.141593
    11 18.105982 0.000001 0.000000 -2.079744 0.010434 1.849024
    12 -6.938270 1.999409 -1.014579 -0.387638 1.069547 -0.419627
    13 20.710224 0.000000 0.000000 0.000000 0.000000 1.882687
    14 18.106007 0.000000 -0.000001 2.532628 -1.133550 0.963495
    15 0.000000 -6.555973 0.000000 0.127805 -0.217960 0.044084
    16 0.000000 -3.252140 0.000004 -0.965870 -0.151707 0.163384
    17 1.548545 -4.925743 -4.285366 -3.051862 -0.102869 -1.666770
    18 1.190170 -10.472042 -0.306138 1.353248 -0.238019 -0.934260
    19 0.000008 0.000000 15.020973 -0.201994 -0.066154 0.008339
    20 0.000004 -0.000001 8.039619 0.000000 0.000000 0.318947
    21 2.899849 -0.471046 -4.331210 -0.449452 -0.559880 -0.709305
    22 -0.000025 2.543312 0.000026 0.221028 0.000000 0.000000
    23 0.000059 2.315285 -0.000040 0.100872 0.000000 0.000000
    24 1.551407 3.956631 -3.900798 2.695900 -1.367576 -3.120852
    25 0.000000 2.741436 -0.000004 -0.256296 0.000000 0.000000
    26 0.000010 2.668510 0.000050 -0.190586 0.000000 0.000000
    27 1.401100 3.639805 -1.202109 2.031148 -1.355830 -2.447084
    28 0.000003 2.810951 0.000004 -0.256296 0.000000 0.000000
    29 -0.000005 2.736202 -0.000031 -0.190586 0.000000 0.000000
    30 1.335663 3.182098 1.418086 0.980184 -1.251585 -1.415249
    31 -0.000003 2.663269 0.000046 -0.256296 0.000000 0.000000
    32 0.000001 2.592527 -0.000031 -0.190586 0.000000 0.000000
    33 1.344765 1.881123 3.809589 1.120332 -1.203080 -1.477339
    34 0.000011 2.315664 -0.000084 -0.256296 0.000000 0.000000
    35 -0.000006 2.254017 0.000076 -0.190586 0.000000 0.000000
    36 0.000004 -4.648438 0.000000 -0.690448 0.003293 0.003745
    37 0.000015 4.648438 -0.000010 -0.691421 0.003336 0.003859
  time 1
    0 -4.136994 5.277344 28.765625 -1.166399 0.119319 -0.340009
    1 0.000000 -5.355259 0.000000 0.251026 0.077935 -0.030920
    2 0.000000 -7.488277 -0.000001 0.109603 0.063007 -0.004004
    3 0.000000 -5.597980 0.000000 0.075452 0.030401 0.045988
    4 0.000000 -6.565113 -0.000001 0.443989 0.064806 0.029281
    5 -1.549380 -5.102886 -4.074768 1.475277 -1.250229 0.227389
    6 -0.000053 11.987244 0.000028 -0.735473 0.127080 3.119213
    7 20.109314 0.000000 -0.000002 1.570610 -1.123457 -3.141297
    8 19.941738 0.000001 -0.000004 -0.481033 -0.685573 -0.978492
    9 6.938272 1.999413 -1.014580 1.362364 0.500924 0.928746
    10 20.710249 -0.000001 0.000000 -3.141593 1.270884 -3.141593
    11 18.105982 0.000001 0.000000 -2.079810 0.029396 1.964452
    12 -6.938270 1.999409 -1.014579 -0.084035 0.941356 -0.207977
    13 20.710224 0.000000 0.000000 0.000000 0.000000 1.744214
    14 18.106007 0.000000 -0.000001 2.259233 -1.279030 0.986978
    15 0.000000 -6.555973 0.000000 0.142928 -0.213810 0.051851
    16 0.000000 -3.252140 0.000004 -0.958862 -0.147454 0.161567
    17 1.548545 -4.925743 -4.285366 -3.053261 -0.119908 -1.666064
    18 1.190170 -10.472042 -0.306138 1.353248 -0.238019 -0.934260
    19 0.000008 0.000000 15.020973 -0.201994 -0.066154 0.008339
    20 0.000004 -0.000001 8.039619 0.000000 0.000000 0.318947
    21 2.899849 -0.471046 -4.331210 -0.449452 -0.559880 -0.709305
    22 -0.000025 2.543312 0.000026 0.221028 0.000000 0.000000
    23 0.000059 2.315285 -0.000040 0.100872 0.000000 0.000000
    24 1.551407 3.956631 -3.900798 2.695900 -1.367576 -3.120852
    25 0.000000 2.741436 -0.000004 -0.256296 0.000000 0.000000
    26 0.000010 2.668510 0.000050 -0.190586 0.000000 0.000000
    27 1.401100 3.639805 -1.202109 2.031148 -1.355830 -2.447084
    28 0.000003 2.810951 0.000004 -0.256296 0.000000 0.000000
    29 -0.000005 2.736202 -0.000031 -0.190586 0.000000 0.000000
    30 1.335663 3.182098 1.418086 0.980184 -1.251585 -1.415249
    31 -0.000003 2.663269 0.000046 -0.256296 0.000000 0.000000
    32 0.000001 2.592527 -0.000031 -0.190586 0.000000 0.000000
    33 1.344765 1.881123 3.809589 1.120332 -1.203080 -1.477339
    34 0.000011 2.315664 -0.000084 -0.256296 0.000000 0.000000
    35 -0.000006 2.254017 0.000076 -0.190586 0.000000 0.000000
    36 0.000004 -4.648438 0.000000 -0.698886 0.003648 0.004128
    37 0.000015 4.648438 -0.000010 -0.696613 0.003544 0.004038
  time 2
    0 -1.477113 5.023438 28.796875 -1.175738 0.124359 -0.299484
    1 0.000000 -5.355259 0.000000 0.252972 0.101615 -0.041902
    2 0.000000 -7.488277 -0.000001 0.108848 0.068407 -0.009972
    3 0.000000 -5.597980 0.000000 0.080675 0.031423 0.038903
    4 0.000000 -6.565113 -0.000001 0.448165 0.064369 0.014550
    5 -1.549380 -5.102886 -4.074768 1.466732 -1.242317 0.226220
    6 -0.000053 11.987244 0.000028 -0.759624 0.121498 3.113461
    7 20.109314 0.000000 -0.000002 1.570679 -1.124105 -3.141406
    8 19.941738 0.000001 -0.000004 -0.485266 -0.672359 -0.972784
    9 6.938272 1.999413 -1.014580 1.379997 0.500373 1.059617
    10 20.710249 -0.000001 0.000000 3.141593 1.327693 3.141593
    11 18.105982 0.000001 0.000000 -2.068066 0.059715 2.051574
    12 -6.938270 1.999409 -1.014579 0.061303 0.797008 -0.126971
    13 20.710224 0.000000 0.000000 0.000000 0.000000 1.610160
    14 18.106007 0.000000 -0.000001 2.133512 -1.454856 0.897179
    15 0.000000 -6.555973 0.000000 0.149923 -0.213761 0.049762
    16 0.000000 -3.252140 0.000004 -0.955215 -0.142429 0.160178
    17 1.548545 -4.925743 -4.285366 -3.054780 -0.124057 -1.662913
    18 1.190170 -10.472042 -0.306138 1.353248 -0.238019 -0.934260
    19 0.000008 0.000000 15.020973 -0.201994 -0.066154 0.008339
    20 0.000004 -0.000001 8.039619 0.000000 0.000000 0.318947
    21 2.899849 -0.471046 -4.331210 -0.449452 -0.559880 -0.709305
    22 -0.000025 2.543312 0.000026 0.221028 0.000000 0.000000
    23 0.000059 2.315285 -0.000040 0.100872 0.000000 0.000000
    24 1.551407 3.956631 -3.900798 2.695900 -1.367576 -3.120852
    25 0.000000 2.741436 -0.000004 -0.256296 0.000000 0.000000
    26 0.000010 2.668510 0.000050 -0.190586 0.000000 0.000000
    27 1.401100 3.639805 -1.202109 2.031148 -1.355830 -2.447084
    28 0.000003 2.810951 0.000004 -0.256296 0.000000 0.000000
    29 -0.000005 2.736202 -0.000031 -0.190586 0.000000 0.000000
    30 1.335663 3.182098 1.418086 0.980184 -1.251585 -1.415249
    31 -0.000003 2.663269 0.000046 -0.256296 0.000000 0.000000
    32 0.000001 2.592527 -0.000031 -0.190586 0.000000 0.000000
    33 1.344765 1.881123 3.809589 1.120332 -1.203080 -1.477339
    34 0.000011 2.315664 -0.000084 -0.256296 0.000000 0.000000
    35 -0.000006 2.254017 0.000076 -0.190586 0.000000 0.000000
    36 0.000004 -4.648438 0.000000 -0.744940 0.005641 0.006053
    37 0.000015 4.648438 -0.000010 -0.688568 0.003191 0.003654
  time 3
    0 1.327299 4.722656 28.671875 -1.201205 0.115343 -0.247731
    1 0.000000 -5.355259 0.000000 0.260627 0.136428 -0.049851
    2 0.000000 -7.488277 -0.000001 0.115259 0.077301 -0.009610
    3 0.000000 -5.597980 0.000000 0.089422 0.033066 0.033989
    4 0.000000 -6.565113 -0.000001 0.455118 0.063749 -0.002533
    5 -1.549380 -5.102886 -4.074768 1.451677 -1.241788 0.237285
    6 -0.000053 11.987244 0.000028 -0.779049 0.110030 3.078486
    7 20.109314 0.000000 -0.000002 1.570698 -1.123781 -3.141436
    8 19.941738 0.000001 -0.000004 -0.509320 -0.649712 -0.959321
    9 6.938272 1.999413 -1.014580 1.471677 0.522924 1.214669
    10 20.710249 -0.000001 0.000000 3.141593 1.398801 3.141593
    11 18.105982 0.000001 0.000000 -2.024536 0.113105 2.079235
    12 -6.938270 1.999409 -1.014579 0.146991 0.709830 -0.101792
    13 20.710224 0.000000 0.000000 0.000000 0.000000 1.514065
    14 18.106007 0.000000 -0.000001 -2.668999 -1.566123 -0.739427
    15 0.000000 -6.555973 0.000000 0.152533 -0.214927 0.044720
    16 0.000000 -3.252140 0.000004 -0.957844 -0.137946 0.159369
    17 1.548545 -4.925743 -4.285366 -3.059104 -0.119932 -1.679740
    18 1.190170 -10.472042 -0.306138 1.353248 -0.238019 -0.934260
    19 0.000008 0.000000 15.020973 -0.201994 -0.066154 0.008339
    20 0.000004 -0.000001 8.039619 0.000000 0.000000 0.318947
    21 2.899849 -0.471046 -4.331210 -0.449452 -0.559880 -0.709305
    22 -0.000025 2.543312 0.000026 0.221028 0.000000 0.000000
    23 0.000059 2.315285 -0.000040 0.100872 0.000000 0.000000
    24 1.551407 3.956631 -3.900798 2.695900 -1.367576 -3.120852
    25 0.000000 2.741436 -0.000004 -0.256296 0.000000 0.000000
    26 0.000010 2.668510 0.000050 -0.190586 0.000000 0.000000
    27 1.401100 3.639805 -1.202109 2.031148 -1.355830 -2.447084
    28 0.000003 2.810951 0.000004 -0.256296 0.000000 0.000000
    29 -0.000005 2.736202 -0.000031 -0.190586 0.000000 0.000000
    30 1.335663 3.182098 1.418086 0.980184 -1.251585 -1.415249
    31 -0.000003 2.663269 0.000046 -0.256296 0.000000 0.000000
    32 0.000001 2.592527 -0.000031 -0.190586 0.000000 0.000000
    33 1.344765 1.881123 3.809589 1.120332 -1.203080 -1.477339
    34 0.000011 2.315664 -0.000084 -0.256296 0.000000 0.000000
    35 -0.000006 2.254017 0.000076 -0.190586 0.000000 0.000000
    36 0.000004 -4.648438 0.000000 -0.812621 0.008732 0.008868
    37 0.000015 4.648438 -0.000010 -0.683448 0.002984 0.003473
  time 4
    0 4.412962 4.480469 28.484375 -1.222334 0.094545 -0.216756
    1 0.000000 -5.355259 0.000000 0.258756 0.160070 -0.049409
    2 0.000000 -7.488277 -0.000001 0.124786 0.085149 -0.003859
    3 0.000000 -5.597980 0.000000 0.098695 0.033745 0.035772
    4 0.000000 -6.565113 -0.000001 0.461439 0.062627 -0.017276
    5 -1.549380 -5.102886 -4.074768 1.438532 -1.242721 0.253223
    6 -0.000053 11.987244 0.000028 -0.786146 0.114146 3.070153
    7 20.109314 0.000000 -0.000002 1.570720 -1.128228 -3.141391
    8 19.941738 0.000001 -0.000004 -0.526117 -0.647048 -0.958914
    9 6.938272 1.999413 -1.014580 1.592076 0.562250 1.392894
    10 20.710249 -0.000001 0.000000 3.141593 1.489672 3.141593
    11 18.105982 0.000001 0.000000 -1.938662 0.181647 2.055718
    12 -6.938270 1.999409 -1.014579 0.193854 0.685020 -0.085439
    13 20.710224 0.000000 0.000000 0.000000 0.000000 1.480077
    14 18.106007 0.000000 -0.000001 -1.483030 -1.556436 -2.018340
    15 0.000000 -6.555973 0.000000 0.140891 -0.215125 0.042988
    16 0.000000 -3.252140 0.000004 -0.960261 -0.135719 0.159847
    17 1.548545 -4.925743 -4.285366 -3.060138 -0.118789 -1.683351
    18 1.190170 -10.472042 -0.306138 1.353248 -0.238019 -0.934260
    19 0.000008 0.000000 15.020973 -0.201994 -0.066154 0.008339
    20 0.000004 -0.000001 8.039619 0.000000 0.000000 0.318947
    21 2.899849 -0.471046 -4.331210 -0.449452 -0.559880 -0.709305
    22 -0.000025 2.543312 0.000026 0.221028 0.000000 0.000000
    23 0.000059 2.315285 -0.000040 0.100872 0.000000 0.000000
    24 1.551407 3.956631 -3.900798 2.695900 -1.367576 -3.120852
    25 0.000000 2.741436 -0.000004 -0.256296 0.000000 0.000000
    26 0.000010 2.668510 0.000050 -0.190586 0.000000 0.000000
    27 1.401100 3.639805 -1.202109 2.031148 -1.355830 -2.447084
    28 0.000003 2.810951 0.000004 -0.256296 0.000000 0.000000
    29 -0.000005 2.736202 -0.000031 -0.190586 0.000000 0.000000
    30 1.335663 3.182098 1.418086 0.980184 -1.251585 -1.415249
    31 -0.000003 2.663269 0.000046 -0.256296 0.000000 0.000000
    32 0.000001 2.592527 -0.000031 -0.190586 0.000000 0.000000
    33 1.344765 1.881123 3.809589 1.120332 -1.203080 -1.477339
    34 0.000011 2.315664 -0.000084 -0.256296 0.000000 0.000000
    35 -0.000006 2.254017 0.000076 -0.190586 0.000000 0.000000
    36 0.000004 -4.648438 0.000000 -0.892921 0.012628 0.011820
    37 0.000015 4.648438 -0.000010 -0.683966 0.002985 0.003472
  time 5
    0 7.639249 4.269531 28.203125 -1.231565 0.069852 -0.201290
    1 0.000000 -5.355259 0.000000 0.252578 0.171358 -0.045262
    2 0.000000 -7.488277 -0.000001 0.129244 0.093180 0.001013
    3 0.000000 -5.597980 0.000000 0.104235 0.034510 0.040435
    4 0.000000 -6.565113 -0.000001 0.467120 0.061314 -0.025080
    5 -1.549380 -5.102886 -4.074768 1.438425 -1.244096 0.245570
    6 -0.000053 11.987244 0.000028 -0.796511 0.116290 3.072392
    7 20.109314 0.000000 -0.000002 1.570608 -1.133464 -3.141297
    8 19.941738 0.000001 -0.000004 -0.531693 -0.647002 -0.966156
    9 6.938272 1.999413 -1.014580 1.716694 0.600050 1.572480
    10 20.710249 -0.000001 0.000000 0.000000 1.558622 0.000000
    11 18.105982 0.000001 0.000000 -1.789454 0.237063 2.014889
    12 -6.938270 1.999409 -1.014579 0.224592 0.702301 -0.019689
    13 20.710224 0.000000 0.000000 0.000000 0.000000 1.477434
    14 18.106007 0.000000 -0.000001 1.925329 -1.559804 0.835733
    15 0.000000 -6.555973 0.000000 0.125139 -0.214312 0.045945
    16 0.000000 -3.252140 0.000004 -0.964641 -0.135515 0.161601
    17 1.548545 -4.925743 -4.285366 -3.061056 -0.122168 -1.675209
    18 1.190170 -10.472042 -0.306138 1.353248 -0.238019 -0.934260
    19 0.000008 0.000000 15.020973 -0.201994 -0.066154 0.008339
    20 0.000004 -0.000001 8.039619 0.000000 0.000000 0.318947
    21 2.899849 -0.471046 -4.331210 -0.449452 -0.559880 -0.709305
    22 -0.000025 2.543312 0.000026 0.221028 0.000000 0.000000
    23 0.000059 2.315285 -0.000040 0.100872 0.000000 0.000000
    24 1.551407 3.956631 -3.900798 2.695900 -1.367576 -3.120852
    25 0.000000 2.741436 -0.000004 -0.256296 0.000000 0.000000
    26 0.000010 2.668510 0.000050 -0.190586 0.000000 0.000000
    27 1.401100 3.639805 -1.202109 2.031148 -1.355830 -2.447084
    28 0.000003 2.810951 0.000004 -0.256296 0.000000 0.000000
    29 -0.000005 2.736202 -0.000031 -0.190586 0.000000 0.000000
    30 1.335663 3.182098 1.418086 0.980184 -1.251585 -1.415249
    31 -0.000003 2.663269 0.000046 -0.256296 0.000000 0.000000
    32 0.000001 2.592527 -0.000031 -0.190586 0.000000 0.000000
    33 1.344765 1.881123 3.809589 1.120332 -1.203080 -1.477339
    34 0.000011 2.315664 -0.000084 -0.256296 0.000000 0.000000
    35 -0.000006 2.254017 0.000076 -0.190586 0.000000 0.000000
    36 0.000004 -4.648438 0.000000 -1.020662 0.019325 0.015903
    37 0.000015 4.648438 -0.000010 -0.684161 0.002986 0.003472
  time 6
    0 10.705380 4.082031 27.875000 -1.233188 0.050767 -0.193211
    1 0.000000 -5.355259 0.000000 0.254660 0.176219 -0.044105
    2 0.000000 -7.488277 -0.000001 0.124462 0.100219 0.002821
    3 0.000000 -5.597980 0.000000 0.102917 0.036363 0.042953
    4 0.000000 -6.565113 -0.000001 0.472927 0.060166 -0.021929
    5 -1.549380 -5.102886 -4.074768 1.450584 -1.252367 0.225555
    6 -0.000053 11.987244 0.000028 -0.799907 0.114732 3.075561
    7 20.109314 0.000000 -0.000002 1.570661 -1.136997 -3.141381
    8 19.941738 0.000001 -0.000004 -0.534426 -0.634404 -0.967397
    9 6.938272 1.999413 -1.014580 1.833787 0.632152 1.708470
    10 20.710249 -0.000001 0.000000 0.000000 1.507191 0.000000
    11 18.105982 0.000001 0.000000 -1.535158 0.276842 1.978176
    12 -6.938270 1.999409 -1.014579 0.243948 0.734707 0.051492
    13 20.710224 0.000000 0.000000 0.000000 0.000000 1.504682
    14 18.106007 0.000000 -0.000001 2.940113 -1.470725 -0.008954
    15 0.000000 -6.555973 0.000000 0.117022 -0.213147 0.051917
    16 0.000000 -3.252140 0.000004 -0.974658 -0.137311 0.163943
    17 1.548545 -4.925743 -4.285366 -3.058275 -0.129463 -1.672853
    18 1.190170 -10.472042 -0.306138 1.353248 -0.238019 -0.934260
    19 0.000008 0.000000 15.020973 -0.201994 -0.066154 0.008339
    20 0.000004 -0.000001 8.039619 0.000000 0.000000 0.318947
    21 2.899849 -0.471046 -4.331210 -0.449452 -0.559880 -0.709305
    22 -0.000025 2.543312 0.000026 0.221028 0.000000 0.000000
    23 0.000059 2.315285 -0.000040 0.100872 0.000000 0.000000
    24 1.551407 3.956631 -3.900798 2.695900 -1.367576 -3.120852
    25 0.000000 2.741436 -0.000004 -0.256296 0.000000 0.000000
    26 0.000010 2.668510 0.000050 -0.190586 0.000000 0.000000
    27 1.401100 3.639805 -1.202109 2.031148 -1.355830 -2.447084
    28 0.000003 2.810951 0.000004 -0.256296 0.000000 0.000000
    29 -0.000005 2.736202 -0.000031 -0.190586 0.000000 0.000000
    30 1.335663 3.182098 1.418086 0.980184 -1.251585 -1.415249
    31 -0.000003 2.663269 0.000046 -0.256296 0.000000 0.000000
    32 0.000001 2.592527 -0.000031 -0.190586 0.000000 0.000000
    33 1.344765 1.881123 3.809589 1.120332 -1.203080 -1.477339
    34 0.000011 2.315664 -0.000084 -0.256296 0.000000 0.000000
    35 -0.000006 2.254017 0.000076 -0.190586 0.000000 0.000000
    36 0.000004 -4.648438 0.000000 -1.214662 0.030295 0.020276
    37 0.000015 4.648438 -0.000010 -0.683837 0.002985 0.003473
  time 7
    0 13.564480 3.933594 27.609375 -1.219719 0.040426 -0.194214
    1 0.000000 -5.355259 0.000000 0.258250 0.172709 -0.043753
    2 0.000000 -7.488277 -0.000001 0.112300 0.103694 0.000569
    3 0.000000 -5.597980 0.000000 0.095218 0.038583 0.040711
    4 0.000000 -6.565113 -0.000001 0.478151 0.059179 -0.012597
    5 -1.549380 -5.102886 -4.074768 1.457990 -1.261901 0.213541
    6 -0.000053 11.987244 0.000028 -0.795063 0.108553 3.072434
    7 20.109314 0.000000 -0.000002 1.570659 -1.139559 -3.141378
    8 19.941738 0.000001 -0.000004 -0.510394 -0.633191 -0.984206
    9 6.938272 1.999413 -1.014580 1.925706 0.659360 1.775077
    10 20.710249 -0.000001 0.000000 0.000000 1.516670 0.000000
    11 18.105982 0.000001 0.000000 -1.210116 0.227660 1.808226
    12 -6.938270 1.999409 -1.014579 0.162768 0.725168 0.034237
    13 20.710224 0.000000 0.000000 0.000000 0.000000 1.577153
    14 18.106007 0.000000 -0.000001 -2.661999 -1.371133 -0.452549
    15 0.000000 -6.555973 0.000000 0.109489 -0.213775 0.052064
    16 0.000000 -3.252140 0.000004 -0.984965 -0.140294 0.165463
    17 1.548545 -4.925743 -4.285366 -3.053786 -0.126284 -1.671444
    18 1.190170 -10.472042 -0.306138 1.353248 -0.238019 -0.934260
    19 0.000008 0.000000 15.020973 -0.201994 -0.066154 0.008339
    20 0.000004 -0.000001 8.039619 0.000000 0.000000 0.318947
    21 2.899849 -0.471046 -4.331210 -0.449452 -0.559880 -0.709305
    22 -0.000025 2.543312 0.000026 0.221028 0.000000 0.000000
    23 0.000059 2.315285 -0.000040 0.100872 0.000000 0.000000
    24 1.551407 3.956631 -3.900798 2.695900 -1.367576 -3.120852
    25 0.000000 2.741436 -0.000004 -0.256296 0.000000 0.000000
    26 0.000010 2.668510 0.000050 -0.190586 0.000000 0.000000
    27 1.401100 3.639805 -1.202109 2.031148 -1.355830 -2.447084
    28 0.000003 2.810951 0.000004 -0.256296 0.000000 0.000000
    29 -0.000005 2.736202 -0.000031 -0.190586 0.000000 0.000000
    30 1.335663 3.182098 1.418086 0.980184 -1.251585 -1.415249
    31 -0.000003 2.663269 0.000046 -0.256296 0.000000 0.000000
    32 0.000001 2.592527 -0.000031 -0.190586 0.000000 0.000000
    33 1.344765 1.881123 3.809589 1.120332 -1.203080 -1.477339
    34 0.000011 2.315664 -0.000084 -0.256296 0.000000 0.000000
    35 -0.000006 2.254017 0.000076 -0.190586 0.000000 0.000000
    36 0.000004 -4.648438 0.000000 -1.226730 0.031038 0.020552
    37 0.000015 4.648438 -0.000010 -0.775960 0.007049 0.007405
  time 8
    0 16.310298 3.861328 27.437500 -1.203034 0.033019 -0.204590
    1 0.000000 -5.355259 0.000000 0.260808 0.166445 -0.042000
    2 0.000000 -7.488277 -0.000001 0.101216 0.103055 -0.001874
    3 0.000000 -5.597980 0.000000 0.086981 0.039940 0.037059
    4 0.000000 -6.565113 -0.000001 0.482018 0.058036 -0.000319
    5 -1.549380 -5.102886 -4.074768 1.464162 -1.266325 0.202128
    6 -0.000053 11.987244 0.000028 -0.789576 0.097734 3.070013
    7 20.109314 0.000000 -0.000002 1.570624 -1.139159 -3.141244
    8 19.941738 0.000001 -0.000004 -0.496755 -0.645944 -0.996980
    9 6.938272 1.999413 -1.014580 1.971182 0.676776 1.760251
    10 20.710249 -0.000001 0.000000 -3.141593 1.542322 -3.141593
    11 18.105982 0.000001 0.000000 -0.952598 0.146487 1.571429
    12 -6.938270 1.999409 -1.014579 0.096690 0.762176 0.025603
    13 20.710224 0.000000 0.000000 0.000000 0.000000 1.645538
    14 18.106007 0.000000 -0.000001 -2.455549 -1.353766 -0.547571
    15 0.000000 -6.555973 0.000000 0.097632 -0.213489 0.052596
    16 0.000000 -3.252140 0.000004 -0.994532 -0.142952 0.166622
    17 1.548545 -4.925743 -4.285366 -3.048018 -0.114469 -1.664041
    18 1.190170 -10.472042 -0.306138 1.353248 -0.238019 -0.934260
    19 0.000008 0.000000 15.020973 -0.201994 -0.066154 0.008339
    20 0.000004 -0.000001 8.039619 0.000000 0.000000 0.318947
    21 2.899849 -0.471046 -4.331210 -0.449452 -0.559880 -0.709305
    22 -0.000025 2.543312 0.000026 0.221028 0.000000 0.000000
    23 0.000059 2.315285 -0.000040 0.100872 0.000000 0.000000
    24 1.551407 3.956631 -3.900798 2.695900 -1.367576 -3.120852
    25 0.000000 2.741436 -0.000004 -0.256296 0.000000 0.000000
    26 0.000010 2.668510 0.000050 -0.190586 0.000000 0.000000
    27 1.401100 3.639805 -1.202109 2.031148 -1.355830 -2.447084
    28 0.000003 2.810951 0.000004 -0.256296 0.000000 0.000000
    29 -0.000005 2.736202 -0.000031 -0.190586 0.000000 0.000000
    30 1.335663 3.182098 1.418086 0.980184 -1.251585 -1.415249
    31 -0.000003 2.663269 0.000046 -0.256296 0.000000 0.000000
    32 0.000001 2.592527 -0.000031 -0.190586 0.000000 0.000000
    33 1.344765 1.881123 3.809589 1.120332 -1.203080 -1.477339
    34 0.000011 2.315664 -0.000084 -0.256296 0.000000 0.000000
    35 -0.000006 2.254017 0.000076 -0.190586 0.000000 0.000000
    36 0.000004 -4.648438 0.000000 -0.734468 0.005206 0.005714
    37 0.000015 4.648438 -0.000010 -0.767595 0.006665 0.007051
  time 9
    0 18.868617 3.832031 27.468750 -1.183664 0.028057 -0.220465
    1 0.000000 -5.355259 0.000000 0.259809 0.157599 -0.036056
    2 0.000000 -7.488277 -0.000001 0.094885 0.099750 -0.003581
    3 0.000000 -5.597980 0.000000 0.080693 0.040291 0.034132
    4 0.000000 -6.565113 -0.000001 0.482437 0.058146 0.005379
    5 -1.549380 -5.102886 -4.074768 1.476800 -1.266703 0.183852
    6 -0.000053 11.987244 0.000028 -0.787740 0.080182 3.065635
    7 20.109314 0.000000 -0.000002 1.570613 -1.136916 -3.141226
    8 19.941738 0.000001 -0.000004 -0.496896 -0.654158 -0.994122
    9 6.938272 1.999413 -1.014580 1.978803 0.721805 1.695102
    10 20.710249 -0.000001 0.000000 3.141593 1.398137 3.141593
    11 18.105982 0.000001 0.000000 -1.049129 -0.007609 1.571520
    12 -6.938270 1.999409 -1.014579 0.071706 0.854079 0.024187
    13 20.710224 0.000000 0.000000 0.000000 0.000000 1.711882
    14 18.106007 0.000000 -0.000001 -2.873868 -1.343482 -0.143379
    15 0.000000 -6.555973 0.000000 0.086110 -0.213292 0.053455
    16 0.000000 -3.252140 0.000004 -1.001842 -0.143856 0.167976
    17 1.548545 -4.925743 -4.285366 -3.052828 -0.108723 -1.657856
    18 1.190170 -10.472042 -0.306138 1.353248 -0.238019 -0.934260
    19 0.000008 0.000000 15.020973 -0.201994 -0.066154 0.008339
    20 0.000004 -0.000001 8.039619 0.000000 0.000000 0.318947
    21 2.899849 -0.471046 -4.331210 -0.449452 -0.559880 -0.709305
    22 -0.000025 2.543312 0.000026 0.221028 0.000000 0.000000
    23 0.000059 2.315285 -0.000040 0.100872 0.000000 0.000000
    24 1.551407 3.956631 -3.900798 2.695900 -1.367576 -3.120852
    25 0.000000 2.741436 -0.000004 -0.256296 0.000000 0.000000
    26 0.000010 2.668510 0.000050 -0.190586 0.000000 0.000000
    27 1.401100 3.639805 -1.202109 2.031148 -1.355830 -2.447084
    28 0.000003 2.810951 0.000004 -0.256296 0.000000 0.000000
    29 -0.000005 2.736202 -0.000031 -0.190586 0.000000 0.000000
    30 1.335663 3.182098 1.418086 0.980184 -1.251585 -1.415249
    31 -0.000003 2.663269 0.000046 -0.256296 0.000000 0.000000
    32 0.000001 2.592527 -0.000031 -0.190586 0.000000 0.000000
    33 1.344765 1.881123 3.809589 1.120332 -1.203080 -1.477339
    34 0.000011 2.315664 -0.000084 -0.256296 0.000000 0.000000
    35 -0.000006 2.254017 0.000076 -0.190586 0.000000 0.000000
    36 0.000004 -4.648438 0.000000 -0.696093 0.003543 0.004039
    37 0.000015 4.648438 -0.000010 -0.818139 0.008966 0.009019
  time 10
    0 21.313654 3.785156 27.578125 -1.172802 0.030532 -0.238701
    1 0.000000 -5.355259 0.000000 0.260117 0.145442 -0.025259
    2 0.000000 -7.488277 -0.000001 0.093988 0.094033 -0.004383
    3 0.000000 -5.597980 0.000000 0.079470 0.039234 0.031987
    4 0.000000 -6.565113 -0.000001 0.482640 0.060513 -0.003213
    5 -1.549380 -5.102886 -4.074768 1.500781 -1.264676 0.155879
    6 -0.000053 11.987244 0.000028 -0.792483 0.056267 3.058925
    7 20.109314 0.000000 -0.000002 1.570718 -1.134670 -3.141390
    8 19.941738 0.000001 -0.000004 -0.483130 -0.652480 -0.994476
    9 6.938272 1.999413 -1.014580 1.927505 0.763575 1.555802
    10 20.710249 -0.000001 0.000000 3.141593 1.224810 3.141593
    11 18.105982 0.000001 0.000000 -1.290697 0.033472 1.545428
    12 -6.938270 1.999409 -1.014579 0.064691 0.958686 0.027302
    13 20.710224 0.000000 0.000000 0.000000 0.000000 1.760424
    14 18.106007 0.000000 -0.000001 2.981682 -1.301934 0.248308
    15 0.000000 -6.555973 0.000000 0.079474 -0.215961 0.051724
    16 0.000000 -3.252140 0.000004 -1.004282 -0.141659 0.170260
    17 1.548545 -4.925743 -4.285366 -3.058021 -0.103052 -1.651989
    18 1.190170 -10.472042 -0.306138 1.353248 -0.238019 -0.934260
    19 0.000008 0.000000 15.020973 -0.201994 -0.066154 0.008339
    20 0.000004 -0.000001 8.039619 0.000000 0.000000 0.318947
    21 2.899849 -0.471046 -4.331210 -0.449452 -0.559880 -0.709305
    22 -0.000025 2.543312 0.000026 0.221028 0.000000 0.000000
    23 0.000059 2.315285 -0.000040 0.100872 0.000000 0.000000
    24 1.551407 3.956631 -3.900798 2.695900 -1.367576 -3.120852
    25 0.000000 2.741436 -0.000004 -0.256296 0.000000 0.000000
    26 0.000010 2.668510 0.000050 -0.190586 0.000000 0.000000
    27 1.401100 3.639805 -1.202109 2.031148 -1.355830 -2.447084
    28 0.000003 2.810951 0.000004 -0.256296 0.000000 0.000000
    29 -0.000005 2.736202 -0.000031 -0.190586 0.000000 0.000000
    30 1.335663 3.182098 1.418086 0.980184 -1.251585 -1.415249
    31 -0.000003 2.663269 0.000046 -0.256296 0.000000 0.000000
    32 0.000001 2.592527 -0.000031 -0.190586 0.000000 0.000000
    33 1.344765 1.881123 3.809589 1.120332 -1.203080 -1.477339
    34 0.000011 2.315664 -0.000084 -0.256296 0.000000 0.000000
    35 -0.000006 2.254017 0.000076 -0.190586 0.000000 0.000000
    36 0.000004 -4.648438 0.000000 -0.688308 0.003190 0.003655
    37 0.000015 4.648438 -0.000010 -0.820533 0.009130 0.009208
  time 11
    0 23.746973 3.736328 27.687500 -1.170134 0.036710 -0.260939
    1 0.000000 -5.355259 0.000000 0.258312 0.128165 -0.011825
    2 0.000000 -7.488277 -0.000001 0.098948 0.086753 -0.001452
    3 0.000000 -5.597980 0.000000 0.083024 0.036683 0.034763
    4 0.000000 -6.565113 -0.000001 0.481826 0.065022 -0.024392
    5 -1.549380 -5.102886 -4.074768 1.477140 -1.262935 0.180654
    6 -0.000053 11.987244 0.000028 -0.807688 0.053337 3.043590
    7 20.109314 0.000000 -0.000002 1.570641 -1.124753 -3.141347
    8 19.941738 0.000001 -0.000004 -0.489391 -0.634411 -0.982797
    9 6.938272 1.999413 -1.014580 1.816976 0.786060 1.342901
    10 20.710249 -0.000001 0.000000 -3.141593 1.074813 -3.141593
    11 18.105982 0.000001 0.000000 -1.603076 0.215027 1.508693
    12 -6.938270 1.999409 -1.014579 0.050367 1.055184 0.030907
    13 20.710224 0.000000 0.000000 0.000000 0.000000 1.796072
    14 18.106007 0.000000 -0.000001 2.673228 -1.239610 0.527592
    15 0.000000 -6.555973 0.000000 0.080742 -0.220083 0.046638
    16 0.000000 -3.252140 0.000004 -1.003297 -0.137784 0.171912
    17 1.548545 -4.925743 -4.285366 -3.070643 -0.103403 -1.636144
    18 1.190170 -10.472042 -0.306138 1.353248 -0.238019 -0.934260
    19 0.000008 0.000000 15.020973 -0.201994 -0.066154 0.008339
    20 0.000004 -0.000001 8.039619 0.000000 0.000000 0.318947
    21 2.899849 -0.471046 -4.331210 -0.449452 -0.559880 -0.709305
    22 -0.000025 2.543312 0.000026 0.221028 0.000000 0.000000
    23 0.000059 2.315285 -0.000040 0.100872 0.000000 0.000000
    24 1.551407 3.956631 -3.900798 2.695900 -1.367576 -3.120852
    25 0.000000 2.741436 -0.000004 -0.256296 0.000000 0.000000
    26 0.000010 2.668510 0.000050 -0.190586 0.000000 0.000000
    27 1.401100 3.639805 -1.202109 2.031148 -1.355830 -2.447084
    28 0.000003 2.810951 0.000004 -0.256296 0.000000 0.000000
    29 -0.000005 2.736202 -0.000031 -0.190586 0.000000 0.000000
    30 1.335663 3.182098 1.418086 0.980184 -1.251585 -1.415249
    31 -0.000003 2.663269 0.000046 -0.256296 0.000000 0.000000
    32 0.000001 2.592527 -0.000031 -0.190586 0.000000 0.000000
    33 1.344765 1.881123 3.809589 1.120332 -1.203080 -1.477339
    34 0.000011 2.315664 -0.000084 -0.256296 0.000000 0.000000
    35 -0.000006 2.254017 0.000076 -0.190586 0.000000 0.000000
    36 0.000004 -4.648438 0.000000 -0.688568 0.003191 0.003654
    37 0.000015 4.648438 -0.000010 -0.803065 0.008283 0.008419
  time 12
    0 26.242791 3.753906 27.734375 -1.175711 0.045778 -0.292946
    1 0.000000 -5.355259 0.000000 0.254792 0.100628 -0.001270
    2 0.000000 -7.488277 -0.000001 0.103304 0.079911 0.002176
    3 0.000000 -5.597980 0.000000 0.088729 0.034287 0.038431
    4 0.000000 -6.565113 -0.000001 0.484441 0.068966 -0.037060
    5 -1.549380 -5.102886 -4.074768 1.475520 -1.258937 0.194766
    6 -0.000053 11.987244 0.000028 -0.813556 0.053161 3.024313
    7 20.109314 0.000000 -0.000002 1.570667 -1.112716 -3.141385
    8 19.941738 0.000001 -0.000004 -0.500963 -0.608441 -0.969626
    9 6.938272 1.999413 -1.014580 1.694297 0.722093 1.085717
    10 20.710249 -0.000001 0.000000 3.141593 0.990747 3.141593
    11 18.105982 0.000001 0.000000 -1.853045 0.237469 1.492848
    12 -6.938270 1.999409 -1.014579 0.011819 1.129581 0.027432
    13 20.710224 0.000000 0.000000 0.000000 0.000000 1.822741
    14 18.106007 0.000000 -0.000001 2.461694 -1.188012 0.734224
    15 0.000000 -6.555973 0.000000 0.094551 -0.222802 0.040329
    16 0.000000 -3.252140 0.000004 -1.006472 -0.135025 0.170890
    17 1.548545 -4.925743 -4.285366 -3.080263 -0.102830 -1.639727
    18 1.190170 -10.472042 -0.306138 1.353248 -0.238019 -0.934260
    19 0.000008 0.000000 15.020973 -0.201994 -0.066154 0.008339
    20 0.000004 -0.000001 8.039619 0.000000 0.000000 0.318947
    21 2.899849 -0.471046 -4.331210 -0.449452 -0.559880 -0.709305
    22 -0.000025 2.543312 0.000026 0.221028 0.000000 0.000000
    23 0.000059 2.315285 -0.000040 0.100872 0.000000 0.000000
    24 1.551407 3.956631 -3.900798 2.695900 -1.367576 -3.120852
    25 0.000000 2.741436 -0.000004 -0.256296 0.000000 0.000000
    26 0.000010 2.668510 0.000050 -0.190586 0.000000 0.000000
    27 1.401100 3.639805 -1.202109 2.031148 -1.355830 -2.447084
    28 0.000003 2.810951 0.000004 -0.256296 0.000000 0.000000
    29 -0.000005 2.736202 -0.000031 -0.190586 0.000000 0.000000
    30 1.335663 3.182098 1.418086 0.980184 -1.251585 -1.415249
    31 -0.000003 2.663269 0.000046 -0.256296 0.000000 0.000000
    32 0.000001 2.592527 -0.000031 -0.190586 0.000000 0.000000
    33 1.344765 1.881123 3.809589 1.120332 -1.203080 -1.477339
    34 0.000011 2.315664 -0.000084 -0.256296 0.000000 0.000000
    35 -0.000006 2.254017 0.000076 -0.190586 0.000000 0.000000
    36 0.000004 -4.648438 0.000000 -0.689994 0.003292 0.003746
    37 0.000015 4.648438 -0.000010 -0.785132 0.007439 0.007754
  time 13
    0 28.765953 3.855469 27.843750 -1.183526 0.045630 -0.328159
    1 0.000000 -5.355259 0.000000 0.251619 0.075695 0.009209
    2 0.000000 -7.488277 -0.000001 0.102364 0.073828 0.008676
    3 0.000000 -5.597980 0.000000 0.093719 0.031472 0.040466
    4 0.000000 -6.565113 -0.000001 0.488179 0.069804 -0.042280
    5 -1.549380 -5.102886 -4.074768 1.534073 -1.251956 0.173256
    6 -0.000053 11.987244 0.000028 -0.793315 0.053974 3.010132
    7 20.109314 0.000000 -0.000002 1.570714 -1.100478 -3.141377
    8 19.941738 0.000001 -0.000004 -0.521378 -0.581021 -0.951980
    9 6.938272 1.999413 -1.014580 1.638911 0.582300 0.859273
    10 20.710249 -0.000001 0.000000 3.141593 0.999443 3.141593
    11 18.105982 0.000001 0.000000 -2.024977 0.021081 1.512809
    12 -6.938270 1.999409 -1.014579 -0.053274 1.188523 0.024421
    13 20.710224 0.000000 0.000000 0.000000 0.000000 1.835144
    14 18.106007 0.000000 -0.000001 2.308953 -1.148593 0.899361
    15 0.000000 -6.555973 0.000000 0.109004 -0.221216 0.038318
    16 0.000000 -3.252140 0.000004 -1.010957 -0.131081 0.167807
    17 1.548545 -4.925743 -4.285366 -3.083460 -0.108279 -1.665605
    18 1.190170 -10.472042 -0.306138 1.353248 -0.238019 -0.934260
    19 0.000008 0.000000 15.020973 -0.201994 -0.066154 0.008339
    20 0.000004 -0.000001 8.039619 0.000000 0.000000 0.318947
    21 2.899849 -0.471046 -4.331210 -0.449452 -0.559880 -0.709305
    22 -0.000025 2.543312 0.000026 0.221028 0.000000 0.000000
    23 0.000059 2.315285 -0.000040 0.100872 0.000000 0.000000
    24 1.551407 3.956631 -3.900798 2.695900 -1.367576 -3.120852
    25 0.000000 2.741436 -0.000004 -0.256296 0.000000 0.000000
    26 0.000010 2.668510 0.000050 -0.190586 0.000000 0.000000
    27 1.401100 3.639805 -1.202109 2.031148 -1.355830 -2.447084
    28 0.000003 2.810951 0.000004 -0.256296 0.000000 0.000000
    29 -0.000005 2.736202 -0.000031 -0.190586 0.000000 0.000000
    30 1.335663 3.182098 1.418086 0.980184 -1.251585 -1.415249
    31 -0.000003 2.663269 0.000046 -0.256296 0.000000 0.000000
    32 0.000001 2.592527 -0.000031 -0.190586 0.000000 0.000000
    33 1.344765 1.881123 3.809589 1.120332 -1.203080 -1.477339
    34 0.000011 2.315664 -0.000084 -0.256296 0.000000 0.000000
    35 -0.000006 2.254017 0.000076 -0.190586 0.000000 0.000000
    36 0.000004 -4.648438 0.000000 -0.687919 0.003189 0.003655
    37 0.000015 4.648438 -0.000010 -0.756681 0.006174 0.006610
  time 14
    0 31.328178 3.984375 27.968750 -1.189957 0.040801 -0.360211
    1 0.000000 -5.355259 0.000000 0.249508 0.057645 0.020154
    2 0.000000 -7.488277 -0.000001 0.098796 0.068236 0.014381
    3 0.000000 -5.597980 0.000000 0.094840 0.027276 0.039551
    4 0.000000 -6.565113 -0.000001 0.488252 0.063879 -0.044757
    5 -1.549380 -5.102886 -4.074768 1.589409 -1.233795 0.136522
    6 -0.000053 11.987244 0.000028 -0.779469 0.048328 3.012279
    7 20.109314 0.000000 -0.000002 1.570763 -1.097917 -3.141539
    8 19.941738 0.000001 -0.000004 -0.519461 -0.567788 -0.950472
    9 6.938272 1.999413 -1.014580 1.646454 0.415651 0.665320
    10 20.710249 -0.000001 0.000000 -3.141593 1.065115 -3.141593
    11 18.105982 0.000001 0.000000 -2.138354 -0.226931 1.557130
    12 -6.938270 1.999409 -1.014579 -0.157048 1.225920 0.010275
    13 20.710224 0.000000 0.000000 0.000000 0.000000 1.834341
    14 18.106007 0.000000 -0.000001 2.156892 -1.125006 1.082972
    15 0.000000 -6.555973 0.000000 0.113993 -0.213160 0.044486
    16 0.000000 -3.252140 0.000004 -1.013271 -0.125524 0.163002
    17 1.548545 -4.925743 -4.285366 -3.081237 -0.121014 -1.686982
    18 1.190170 -10.472042 -0.306138 1.353248 -0.238019 -0.934260
    19 0.000008 0.000000 15.020973 -0.201994 -0.066154 0.008339
    20 0.000004 -0.000001 8.039619 0.000000 0.000000 0.318947
    21 2.899849 -0.471046 -4.331210 -0.449452 -0.559880 -0.709305
    22 -0.000025 2.543312 0.000026 0.221028 0.000000 0.000000
    23 0.000059 2.315285 -0.000040 0.100872 0.000000 0.000000
    24 1.551407 3.956631 -3.900798 2.695900 -1.367576 -3.120852
    25 0.000000 2.741436 -0.000004 -0.256296 0.000000 0.000000
    26 0.000010 2.668510 0.000050 -0.190586 0.000000 0.000000
    27 1.401100 3.639805 -1.202109 2.031148 -1.355830 -2.447084
    28 0.000003 2.810951 0.000004 -0.256296 0.000000 0.000000
    29 -0.000005 2.736202 -0.000031 -0.190586 0.000000 0.000000
    30 1.335663 3.182098 1.418086 0.980184 -1.251585 -1.415249
    31 -0.000003 2.663269 0.000046 -0.256296 0.000000 0.000000
    32 0.000001 2.592527 -0.000031 -0.190586 0.000000 0.000000
    33 1.344765 1.881123 3.809589 1.120332 -1.203080 -1.477339
    34 0.000011 2.315664 -0.000084 -0.256296 0.000000 0.000000
    35 -0.000006 2.254017 0.000076 -0.190586 0.000000 0.000000
    36 0.000004 -4.648438 0.000000 -0.688244 0.003190 0.003655
    37 0.000015 4.648438 -0.000010 -0.717429 0.004472 0.004972
  time 15
    0 33.952903 4.187500 28.078125 -1.179073 0.037554 -0.391599
    1 0.000000 -5.355259 0.000000 0.242036 0.042353 0.030489
    2 0.000000 -7.488277 -0.000001 0.088546 0.062633 0.016590
    3 0.000000 -5.597980 0.000000 0.090628 0.023727 0.036028
    4 0.000000 -6.565113 -0.000001 0.484212 0.056590 -0.044520
    5 -1.549380 -5.102886 -4.074768 1.577638 -1.210902 0.138260
    6 -0.000053 11.987244 0.000028 -0.784804 0.050404 3.038721
    7 20.109314 0.000000 -0.000002 1.570581 -1.110343 -3.141164
    8 19.941738 0.000001 -0.000004 -0.497658 -0.574034 -0.958310
    9 6.938272 1.999413 -1.014580 1.666276 0.284789 0.515761
    10 20.710249 -0.000001 0.000000 -3.141593 1.169345 -3.141593
    11 18.105982 0.000001 0.000000 -2.205388 -0.381428 1.473247
    12 -6.938270 1.999409 -1.014579 -0.336675 1.246200 -0.063148
    13 20.710224 0.000000 0.000000 0.000000 0.000000 1.815585
    14 18.106007 0.000000 -0.000001 2.008190 -1.101133 1.288274
    15 0.000000 -6.555973 0.000000 0.107918 -0.200382 0.063859
    16 0.000000 -3.252140 0.000004 -1.012667 -0.120403 0.160219
    17 1.548545 -4.925743 -4.285366 -3.074410 -0.130904 -1.697054
    18 1.190170 -10.472042 -0.306138 1.353248 -0.238019 -0.934260
    19 0.000008 0.000000 15.020973 -0.201994 -0.066154 0.008339
    20 0.000004 -0.000001 8.039619 0.000000 0.000000 0.318947
    21 2.899849 -0.471046 -4.331210 -0.449452 -0.559880 -0.709305
    22 -0.000025 2.543312 0.000026 0.221028 0.000000 0.000000
    23 0.000059 2.315285 -0.000040 0.100872 0.000000 0.000000
    24 1.551407 3.956631 -3.900798 2.695900 -1.367576 -3.120852
    25 0.000000 2.741436 -0.000004 -0.256296 0.000000 0.000000
    26 0.000010 2.668510 0.000050 -0.190586 0.000000 0.000000
    27 1.401100 3.639805 -1.202109 2.031148 -1.355830 -2.447084
    28 0.000003 2.810951 0.000004 -0.256296 0.000000 0.000000
    29 -0.000005 2.736202 -0.000031 -0.190586 0.000000 0.000000
    30 1.335663 3.182098 1.418086 0.980184 -1.251585 -1.415249
    31 -0.000003 2.663269 0.000046 -0.256296 0.000000 0.000000
    32 0.000001 2.592527 -0.000031 -0.190586 0.000000 0.000000
    33 1.344765 1.881123 3.809589 1.120332 -1.203080 -1.477339
    34 0.000011 2.315664 -0.000084 -0.256296 0.000000 0.000000
    35 -0.000006 2.254017 0.000076 -0.190586 0.000000 0.000000
    36 0.000004 -4.648438 0.000000 -0.689086 0.003192 0.003653
    37 0.000015 4.648438 -0.000010 -0.685651 0.003087 0.003564
  time 16
    0 36.757315 4.476563 28.140625 -1.164802 0.035566 -0.431415
    1 0.000000 -5.355259 0.000000 0.231648 0.023983 0.040032
    2 0.000000 -7.488277 -0.000001 0.082385 0.056659 0.023236
    3 0.000000 -5.597980 0.000000 0.085078 0.021209 0.035728
    4 0.000000 -6.565113 -0.000001 0.479433 0.052544 -0.044484
    5 -1.549380 -5.102886 -4.074768 1.557665 -1.199458 0.140827
    6 -0.000053 11.987244 0.000028 -0.791795 0.051280 3.070745
    7 20.109314 0.000000 -0.000002 1.570708 -1.130487 -3.141373
    8 19.941738 0.000001 -0.000004 -0.475625 -0.592825 -0.971697
    9 6.938272 1.999413 -1.014580 1.689623 0.173465 0.405437
    10 20.710249 -0.000001 0.000000 -3.141593 1.271295 -3.141593
    11 18.105982 0.000001 0.000000 -2.104838 -0.445118 1.276903
    12 -6.938270 1.999409 -1.014579 -0.531620 1.256581 -0.141074
    13 20.710224 0.000000 0.000000 0.000000 0.000000 1.776021
    14 18.106007 0.000000 -0.000001 1.861246 -1.071310 1.501511
    15 0.000000 -6.555973 0.000000 0.098319 -0.191701 0.085361
    16 0.000000 -3.252140 0.000004 -1.009531 -0.118048 0.162217
    17 1.548545 -4.925743 -4.285366 -3.069408 -0.133289 -1.699136
    18 1.190170 -10.472042 -0.306138 1.353248 -0.238019 -0.934260
    19 0.000008 0.000000 15.020973 -0.201994 -0.066154 0.008339
    20 0.000004 -0.000001 8.039619 0.000000 0.000000 0.318947
    21 2.899849 -0.471046 -4.331210 -0.449452 -0.559880 -0.709305
    22 -0.000025 2.543312 0.000026 0.221028 0.000000 0.000000
    23 0.000059 2.315285 -0.000040 0.100872 0.000000 0.000000
    24 1.551407 3.956631 -3.900798 2.695900 -1.367576 -3.120852
    25 0.000000 2.741436 -0.000004 -0.256296 0.000000 0.000000
    26 0.000010 2.668510 0.000050 -0.190586 0.000000 0.000000
    27 1.401100 3.639805 -1.202109 2.031148 -1.355830 -2.447084
    28 0.000003 2.810951 0.000004 -0.256296 0.000000 0.000000
    29 -0.000005 2.736202 -0.000031 -0.190586 0.000000 0.000000
    30 1.335663 3.182098 1.418086 0.980184 -1.251585 -1.415249
    31 -0.000003 2.663269 0.000046 -0.256296 0.000000 0.000000
    32 0.000001 2.592527 -0.000031 -0.190586 0.000000 0.000000
    33 1.344765 1.881123 3.809589 1.120332 -1.203080 -1.477339
    34 0.000011 2.315664 -0.000084 -0.256296 0.000000 0.000000
    35 -0.000006 2.254017 0.000076 -0.190586 0.000000 0.000000
    36 0.000004 -4.648438 0.000000 -0.687660 0.003189 0.003656
    37 0.000015 4.648438 -0.000010 -0.694471 0.003441 0.003948
  time 17
    0 39.753134 4.804688 28.078125 -1.170204 0.033718 -0.473254
    1 0.000000 -5.355259 0.000000 0.229399 0.005201 0.049264
    2 0.000000 -7.488277 -0.000001 0.088891 0.049590 0.035087
    3 0.000000 -5.597980 0.000000 0.085011 0.018121 0.040850
    4 0.000000 -6.565113 -0.000001 0.478171 0.051308 -0.048834
    5 -1.549380 -5.102886 -4.074768 1.564972 -1.204788 0.127748
    6 -0.000053 11.987244 0.000028 -0.791504 0.044896 3.079875
    7 20.109314 0.000000 -0.000002 1.570615 -1.142037 -3.141231
    8 19.941738 0.000001 -0.000004 -0.471495 -0.613615 -0.983407
    9 6.938272 1.999413 -1.014580 1.740823 0.087888 0.362053
    10 20.710249 -0.000001 0.000000 3.141593 1.345325 3.141593
    11 18.105982 0.000001 0.000000 -2.079273 -0.469144 1.162555
    12 -6.938270 1.999409 -1.014579 -0.644588 1.270480 -0.133043
    13 20.710224 0.000000 0.000000 0.000000 0.000000 1.716917
    14 18.106007 0.000000 -0.000001 1.716153 -1.039677 1.713029
    15 0.000000 -6.555973 0.000000 0.093277 -0.191157 0.097413
    16 0.000000 -3.252140 0.000004 -1.006215 -0.116872 0.167229
    17 1.548545 -4.925743 -4.285366 -3.077802 -0.120130 -1.677331
    18 1.190170 -10.472042 -0.306138 1.353248 -0.238019 -0.934260
    19 0.000008 0.000000 15.020973 -0.201994 -0.066154 0.008339
    20 0.000004 -0.000001 8.039619 0.000000 0.000000 0.318947
    21 2.899849 -0.471046 -4.331210 -0.449452 -0.559880 -0.709305
    22 -0.000025 2.543312 0.000026 0.221028 0.000000 0.000000
    23 0.000059 2.315285 -0.000040 0.100872 0.000000 0.000000
    24 1.551407 3.956631 -3.900798 2.695900 -1.367576 -3.120852
    25 0.000000 2.741436 -0.000004 -0.256296 0.000000 0.000000
    26 0.000010 2.668510 0.000050 -0.190586 0.000000 0.000000
    27 1.401100 3.639805 -1.202109 2.031148 -1.355830 -2.447084
    28 0.000003 2.810951 0.000004 -0.256296 0.000000 0.000000
    29 -0.000005 2.736202 -0.000031 -0.190586 0.000000 0.000000
    30 1.335663 3.182098 1.418086 0.980184 -1.251585 -1.415249
    31 -0.000003 2.663269 0.000046 -0.256296 0.000000 0.000000
    32 0.000001 2.592527 -0.000031 -0.190586 0.000000 0.000000
    33 1.344765 1.881123 3.809589 1.120332 -1.203080 -1.477339
    34 0.000011 2.315664 -0.000084 -0.256296 0.000000 0.000000
    35 -0.000006 2.254017 0.000076 -0.190586 0.000000 0.000000
    36 0.000004 -4.648438 0.000000 -0.694341 0.003441 0.003948
    37 0.000015 4.648438 -0.000010 -0.734795 0.005207 0.005713
  time 18
    0 42.834890 5.140625 27.875000 -1.184937 0.037840 -0.498419
    1 0.000000 -5.355259 0.000000 0.233843 -0.006507 0.055905
    2 0.000000 -7.488277 -0.000001 0.096470 0.042967 0.040583
    3 0.000000 -5.597980 0.000000 0.093429 0.015204 0.046054
    4 0.000000 -6.565113 -0.000001 0.486952 0.053265 -0.054597
    5 -1.549380 -5.102886 -4.074768 1.586941 -1.215152 0.127398
    6 -0.000053 11.987244 0.000028 -0.775100 0.040559 3.077271
    7 20.109314 0.000000 -0.000002 1.570634 -1.129842 -3.141255
    8 19.941738 0.000001 -0.000004 -0.496437 -0.622777 -0.964662
    9 6.938272 1.999413 -1.014580 1.783950 0.057307 0.375229
    10 20.710249 -0.000001 0.000000 -3.141593 1.380593 -3.141593
    11 18.105982 0.000001 0.000000 -2.083093 -0.470638 1.141686
    12 -6.938270 1.999409 -1.014579 -0.704326 1.297221 -0.083395
    13 20.710224 0.000000 0.000000 0.000000 0.000000 1.652371
    14 18.106007 0.000000 -0.000001 1.599843 -1.010335 1.908159
    15 0.000000 -6.555973 0.000000 0.086707 -0.195863 0.104118
    16 0.000000 -3.252140 0.000004 -1.011594 -0.117083 0.174904
    17 1.548545 -4.925743 -4.285366 -3.084708 -0.103914 -1.643030
    18 1.190170 -10.472042 -0.306138 1.353248 -0.238019 -0.934260
    19 0.000008 0.000000 15.020973 -0.201994 -0.066154 0.008339
    20 0.000004 -0.000001 8.039619 0.000000 0.000000 0.318947
    21 2.899849 -0.471046 -4.331210 -0.449452 -0.559880 -0.709305
    22 -0.000025 2.543312 0.000026 0.221028 0.000000 0.000000
    23 0.000059 2.315285 -0.000040 0.100872 0.000000 0.000000
    24 1.551407 3.956631 -3.900798 2.695900 -1.367576 -3.120852
    25 0.000000 2.741436 -0.000004 -0.256296 0.000000 0.000000
    26 0.000010 2.668510 0.000050 -0.190586 0.000000 0.000000
    27 1.401100 3.639805 -1.202109 2.031148 -1.355830 -2.447084
    28 0.000003 2.810951 0.000004 -0.256296 0.000000 0.000000
    29 -0.000005 2.736202 -0.000031 -0.190586 0.000000 0.000000
    30 1.335663 3.182098 1.418086 0.980184 -1.251585 -1.415249
    31 -0.000003 2.663269 0.000046 -0.256296 0.000000 0.000000
    32 0.000001 2.592527 -0.000031 -0.190586 0.000000 0.000000
    33 1.344765 1.881123 3.809589 1.120332 -1.203080 -1.477339
    34 0.000011 2.315664 -0.000084 -0.256296 0.000000 0.000000
    35 -0.000006 2.254017 0.000076 -0.190586 0.000000 0.000000
    36 0.000004 -4.648438 0.000000 -0.689346 0.003233 0.003768
    37 0.000015 4.648438 -0.000010 -0.803927 0.008334 0.008528
  time 19
    0 46.065083 5.519531 27.593750 -1.190354 0.038460 -0.509002
    1 0.000000 -5.355259 0.000000 0.231505 -0.010844 0.058352
    2 0.000000 -7.488277 -0.000001 0.092628 0.038644 0.036505
    3 0.000000 -5.597980 0.000000 0.096505 0.014476 0.043233
    4 0.000000 -6.565113 -0.000001 0.486926 0.055542 -0.059699
    5 -1.549380 -5.102886 -4.074768 1.583575 -1.213963 0.129271
    6 -0.000053 11.987244 0.000028 -0.793563 0.038460 3.069982
    7 20.109314 0.000000 -0.000002 1.570736 -1.123133 -3.141496
    8 19.941738 0.000001 -0.000004 -0.508713 -0.614482 -0.955114
    9 6.938272 1.999413 -1.014580 1.780533 0.095644 0.436060
    10 20.710249 -0.000001 0.000000 -3.141593 1.385188 -3.141593
    11 18.105982 0.000001 0.000000 -2.065649 -0.402861 1.179952
    12 -6.938270 1.999409 -1.014579 -0.805917 1.329219 -0.074327
    13 20.710224 0.000000 0.000000 0.000000 0.000000 1.581834
    14 18.106007 0.000000 -0.000001 1.558669 -0.969854 2.095134
    15 0.000000 -6.555973 0.000000 0.085807 -0.194051 0.123582
    16 0.000000 -3.252140 0.000004 -1.004780 -0.109688 0.181682
    17 1.548545 -4.925743 -4.285366 -3.090468 -0.097036 -1.617544
    18 1.190170 -10.472042 -0.306138 1.353248 -0.238019 -0.934260
    19 0.000008 0.000000 15.020973 -0.201994 -0.066154 0.008339
    20 0.000004 -0.000001 8.039619 0.000000 0.000000 0.318947
    21 2.899849 -0.471046 -4.331210 -0.449452 -0.559880 -0.709305
    22 -0.000025 2.543312 0.000026 0.221028 0.000000 0.000000
    23 0.000059 2.315285 -0.000040 0.100872 0.000000 0.000000
    24 1.551407 3.956631 -3.900798 2.695900 -1.367576 -3.120852
    25 0.000000 2.741436 -0.000004 -0.256296 0.000000 0.000000
    26 0.000010 2.668510 0.000050 -0.190586 0.000000 0.000000
    27 1.401100 3.639805 -1.202109 2.031148 -1.355830 -2.447084
    28 0.000003 2.810951 0.000004 -0.256296 0.000000 0.000000
    29 -0.000005 2.736202 -0.000031 -0.190586 0.000000 0.000000
    30 1.335663 3.182098 1.418086 0.980184 -1.251585 -1.415249
    31 -0.000003 2.663269 0.000046 -0.256296 0.000000 0.000000
    32 0.000001 2.592527 -0.000031 -0.190586 0.000000 0.000000
    33 1.344765 1.881123 3.809589 1.120332 -1.203080 -1.477339
    34 0.000011 2.315664 -0.000084 -0.256296 0.000000 0.000000
    35 -0.000006 2.254017 0.000076 -0.190586 0.000000 0.000000
    36 0.000004 -4.648438 0.000000 -0.702525 0.003797 0.004329
    37 0.000015 4.648438 -0.000010 -0.926956 0.014410 0.012996
  time 20
    0 49.295277 5.964844 27.359375 -1.183542 0.036994 -0.504935
    1 0.000000 -5.355259 0.000000 0.225046 -0.006764 0.058211
    2 0.000000 -7.488277 -0.000001 0.084486 0.037514 0.027493
    3 0.000000 -5.597980 0.000000 0.097407 0.015317 0.039370
    4 0.000000 -6.565113 -0.000001 0.483092 0.058266 -0.062381
    5 -1.549380 -5.102886 -4.074768 1.585453 -1.207958 0.128586
    6 -0.000053 11.987244 0.000028 -0.799846 0.035076 3.074005
    7 20.109314 0.000000 -0.000002 1.570612 -1.128228 -3.141221
    8 19.941738 0.000001 -0.000004 -0.504074 -0.614115 -0.958683
    9 6.938272 1.999413 -1.014580 1.762880 0.159318 0.448086
    10 20.710249 -0.000001 0.000000 -3.141593 1.321240 -3.141593
    11 18.105982 0.000001 0.000000 -2.007562 -0.340104 1.241920
    12 -6.938270 1.999409 -1.014579 -0.945427 1.342242 -0.097796
    13 20.710224 0.000000 0.000000 0.000000 0.000000 1.517595
    14 18.106007 0.000000 -0.000001 1.684720 -0.929665 2.229146
    15 0.000000 -6.555973 0.000000 0.089347 -0.191364 0.143410
    16 0.000000 -3.252140 0.000004 -1.001392 -0.101332 0.187753
    17 1.548545 -4.925743 -4.285366 -3.089768 -0.097377 -1.617976
    18 1.190170 -10.472042 -0.306138 1.353248 -0.238019 -0.934260
    19 0.000008 0.000000 15.020973 -0.201994 -0.066154 0.008339
    20 0.000004 -0.000001 8.039619 0.000000 0.000000 0.318947
    21 2.899849 -0.471046 -4.331210 -0.449452 -0.559880 -0.709305
    22 -0.000025 2.543312 0.000026 0.221028 0.000000 0.000000
    23 0.000059 2.315285 -0.000040 0.100872 0.000000 0.000000
    24 1.551407 3.956631 -3.900798 2.695900 -1.367576 -3.120852
    25 0.000000 2.741436 -0.000004 -0.256296 0.000000 0.000000
    26 0.000010 2.668510 0.000050 -0.190586 0.000000 0.000000
    27 1.401100 3.639805 -1.202109 2.031148 -1.355830 -2.447084
    28 0.000003 2.810951 0.000004 -0.256296 0.000000 0.000000
    29 -0.000005 2.736202 -0.000031 -0.190586 0.000000 0.000000
    30 1.335663 3.182098 1.418086 0.980184 -1.251585 -1.415249
    31 -0.000003 2.663269 0.000046 -0.256296 0.000000 0.000000
    32 0.000001 2.592527 -0.000031 -0.190586 0.000000 0.000000
    33 1.344765 1.881123 3.809589 1.120332 -1.203080 -1.477339
    34 0.000011 2.315664 -0.000084 -0.256296 0.000000 0.000000
    35 -0.000006 2.254017 0.000076 -0.190586 0.000000 0.000000
    36 0.000004 -4.648438 0.000000 -0.695899 0.003543 0.004039
    37 0.000015 4.648438 -0.000010 -1.125623 0.025222 0.018587
  time 21
    0 52.439533 6.308594 27.265625 -1.185985 0.036994 -0.492961
    1 0.000000 -5.355259 0.000000 0.224314 -0.002017 0.054444
    2 0.000000 -7.488277 -0.000001 0.086169 0.039953 0.021398
    3 0.000000 -5.597980 0.000000 0.101476 0.018030 0.037343
    4 0.000000 -6.565113 -0.000001 0.484806 0.063536 -0.061801
    5 -1.549380 -5.102886 -4.074768 1.611613 -1.200787 0.119808
    6 -0.000053 11.987244 0.000028 -0.775082 0.026844 3.099449
    7 20.109314 0.000000 -0.000002 1.570624 -1.139159 -3.141244
    8 19.941738 0.000001 -0.000004 -0.493854 -0.632705 -0.970578
    9 6.938272 1.999413 -1.014580 1.747796 0.236825 0.483342
    10 20.710249 -0.000001 0.000000 3.141593 1.260046 3.141593
    11 18.105982 0.000001 0.000000 -2.019758 -0.317994 1.318019
    12 -6.938270 1.999409 -1.014579 -1.002975 1.330891 -0.085407
    13 20.710224 0.000000 0.000000 0.000000 0.000000 1.497171
    14 18.106007 0.000000 -0.000001 2.053717 -0.952314 2.266980
    15 0.000000 -6.555973 0.000000 0.084031 -0.192444 0.156056
    16 0.000000 -3.252140 0.000004 -1.013591 -0.097667 0.195221
    17 1.548545 -4.925743 -4.285366 -3.085999 -0.101717 -1.643459
    18 1.190170 -10.472042 -0.306138 1.353248 -0.238019 -0.934260
    19 0.000008 0.000000 15.020973 -0.201994 -0.066154 0.008339
    20 0.000004 -0.000001 8.039619 0.000000 0.000000 0.318947
    21 2.899849 -0.471046 -4.331210 -0.449452 -0.559880 -0.709305
    22 -0.000025 2.543312 0.000026 0.221028 0.000000 0.000000
    23 0.000059 2.315285 -0.000040 0.100872 0.000000 0.000000
    24 1.551407 3.956631 -3.900798 2.695900 -1.367576 -3.120852
    25 0.000000 2.741436 -0.000004 -0.256296 0.000000 0.000000
    26 0.000010 2.668510 0.000050 -0.190586 0.000000 0.000000
    27 1.401100 3.639805 -1.202109 2.031148 -1.355830 -2.447084
    28 0.000003 2.810951 0.000004 -0.256296 0.000000 0.000000
    29 -0.000005 2.736202 -0.000031 -0.190586 0.000000 0.000000
    30 1.335663 3.182098 1.418086 0.980184 -1.251585 -1.415249
    31 -0.000003 2.663269 0.000046 -0.256296 0.000000 0.000000
    32 0.000001 2.592527 -0.000031 -0.190586 0.000000 0.000000
    33 1.344765 1.881123 3.809589 1.120332 -1.203080 -1.477339
    34 0.000011 2.315664 -0.000084 -0.256296 0.000000 0.000000
    35 -0.000006 2.254017 0.000076 -0.190586 0.000000 0.000000
    36 0.000004 -4.648438 0.000000 -0.710655 0.004113 0.004593
    37 0.000015 4.648438 -0.000010 -1.294983 0.035100 0.021519
  time 22
    0 55.368945 6.605469 27.421875 -1.180398 0.036226 -0.480266
    1 0.000000 -5.355259 0.000000 0.232071 0.003242 0.052861
    2 0.000000 -7.488277 -0.000001 0.085208 0.043052 0.017723
    3 0.000000 -5.597980 0.000000 0.098565 0.021240 0.034050
    4 0.000000 -6.565113 -0.000001 0.488656 0.067625 -0.057921
    5 -1.549380 -5.102886 -4.074768 1.626741 -1.195832 0.116119
    6 -0.000053 11.987244 0.000028 -0.752742 0.016592 3.115152
    7 20.109314 0.000000 -0.000002 1.570649 -1.147137 -3.141285
    8 19.941738 0.000001 -0.000004 -0.492278 -0.652483 -0.978303
    9 6.938272 1.999413 -1.014580 1.722319 0.331465 0.535846
    10 20.710249 -0.000001 0.000000 -3.141593 1.227462 -3.141593
    11 18.105982 0.000001 0.000000 -1.976099 -0.248788 1.371763
    12 -6.938270 1.999409 -1.014579 -1.108914 1.287339 -0.201287
    13 20.710224 0.000000 0.000000 0.000000 0.000000 1.536351
    14 18.106007 0.000000 -0.000001 2.538722 -1.000241 2.225515
    15 0.000000 -6.555973 0.000000 0.068306 -0.193439 0.162057
    16 0.000000 -3.252140 0.000004 -1.030053 -0.097699 0.200887
    17 1.548545 -4.925743 -4.285366 -3.071474 -0.095086 -1.654354
    18 1.190170 -10.472042 -0.306138 1.353248 -0.238019 -0.934260
    19 0.000008 0.000000 15.020973 -0.201994 -0.066154 0.008339
    20 0.000004 -0.000001 8.039619 0.000000 0.000000 0.318947
    21 2.899849 -0.471046 -4.331210 -0.449452 -0.559880 -0.709305
    22 -0.000025 2.543312 0.000026 0.221028 0.000000 0.000000
    23 0.000059 2.315285 -0.000040 0.100872 0.000000 0.000000
    24 1.551407 3.956631 -3.900798 2.695900 -1.367576 -3.120852
    25 0.000000 2.741436 -0.000004 -0.256296 0.000000 0.000000
    26 0.000010 2.668510 0.000050 -0.190586 0.000000 0.000000
    27 1.401100 3.639805 -1.202109 2.031148 -1.355830 -2.447084
    28 0.000003 2.810951 0.000004 -0.256296 0.000000 0.000000
    29 -0.000005 2.736202 -0.000031 -0.190586 0.000000 0.000000
    30 1.335663 3.182098 1.418086 0.980184 -1.251585 -1.415249
    31 -0.000003 2.663269 0.000046 -0.256296 0.000000 0.000000
    32 0.000001 2.592527 -0.000031 -0.190586 0.000000 0.000000
    33 1.344765 1.881123 3.809589 1.120332 -1.203080 -1.477339
    34 0.000011 2.315664 -0.000084 -0.256296 0.000000 0.000000
    35 -0.000006 2.254017 0.000076 -0.190586 0.000000 0.000000
    36 0.000004 -4.648438 0.000000 -0.776751 0.007052 0.007403
    37 0.000015 4.648438 -0.000010 -0.848234 0.010416 0.010164
  time 23
    0 58.153826 6.835938 27.750000 -1.170590 0.044599 -0.470719
    1 0.000000 -5.355259 0.000000 0.243282 0.005037 0.047844
    2 0.000000 -7.488277 -0.000001 0.085002 0.044271 0.013493
    3 0.000000 -5.597980 0.000000 0.090494 0.023228 0.030871
    4 0.000000 -6.565113 -0.000001 0.489684 0.068389 -0.049768
    5 -1.549380 -5.102886 -4.074768 1.603785 -1.190023 0.126921
    6 -0.000053 11.987244 0.000028 -0.751148 0.023530 -3.126845
    7 20.109314 0.000000 -0.000002 1.570657 -1.148489 -3.141378
    8 19.941738 0.000001 -0.000004 -0.488886 -0.669249 -0.981340
    9 6.938272 1.999413 -1.014580 1.694397 0.426000 0.594576
    10 20.710249 -0.000001 0.000000 -3.141593 1.213938 -3.141593
    11 18.105982 0.000001 0.000000 -2.013840 -0.163779 1.419244
    12 -6.938270 1.999409 -1.014579 -1.228986 1.214384 -0.389694
    13 20.710224 0.000000 0.000000 0.000000 0.000000 1.653271
    14 18.106007 0.000000 -0.000001 2.725140 -0.782354 2.085020
    15 0.000000 -6.555973 0.000000 0.053278 -0.194540 0.159271
    16 0.000000 -3.252140 0.000004 -1.041017 -0.101230 0.202251
    17 1.548545 -4.925743 -4.285366 -3.056763 -0.091178 -1.649365
    18 1.190170 -10.472042 -0.306138 1.353248 -0.238019 -0.934260
    19 0.000008 0.000000 15.020973 -0.201994 -0.066154 0.008339
    20 0.000004 -0.000001 8.039619 0.000000 0.000000 0.318947
    21 2.899849 -0.471046 -4.331210 -0.449452 -0.559880 -0.709305
    22 -0.000025 2.543312 0.000026 0.221028 0.000000 0.000000
    23 0.000059 2.315285 -0.000040 0.100872 0.000000 0.000000
    24 1.551407 3.956631 -3.900798 2.695900 -1.367576 -3.120852
    25 0.000000 2.741436 -0.000004 -0.256296 0.000000 0.000000
    26 0.000010 2.668510 0.000050 -0.190586 0.000000 0.000000
    27 1.401100 3.639805 -1.202109 2.031148 -1.355830 -2.447084
    28 0.000003 2.810951 0.000004 -0.256296 0.000000 0.000000
    29 -0.000005 2.736202 -0.000031 -0.190586 0.000000 0.000000
    30 1.335663 3.182098 1.418086 0.980184 -1.251585 -1.415249
    31 -0.000003 2.663269 0.000046 -0.256296 0.000000 0.000000
    32 0.000001 2.592527 -0.000031 -0.190586 0.000000 0.000000
    33 1.344765 1.881123 3.809589 1.120332 -1.203080 -1.477339
    34 0.000011 2.315664 -0.000084 -0.256296 0.000000 0.000000
    35 -0.000006 2.254017 0.000076 -0.190586 0.000000 0.000000
    36 0.000004 -4.648438 0.000000 -0.803993 0.008334 0.008527
    37 0.000015 4.648438 -0.000010 -0.704930 0.003901 0.004418
  time 24
    0 60.837145 7.003906 28.078125 -1.159375 0.053454 -0.463622
    1 0.000000 -5.355259 0.000000 0.247980 0.007361 0.042623
    2 0.000000 -7.488277 -0.000001 0.085913 0.044828 0.010360
    3 0.000000 -5.597980 0.000000 0.084030 0.023475 0.031657
    4 0.000000 -6.565113 -0.000001 0.489083 0.065526 -0.036644
    5 -1.549380 -5.102886 -4.074768 1.583720 -1.195376 0.129879
    6 -0.000053 11.987244 0.000028 -0.753957 0.023501 -3.132475
    7 20.109314 0.000000 -0.000002 1.570627 -1.143075 -3.141329
    8 19.941738 0.000001 -0.000004 -0.490146 -0.671225 -0.983936
    9 6.938272 1.999413 -1.014580 1.649584 0.494107 0.656201
    10 20.710249 -0.000001 0.000000 -3.141593 1.209866 -3.141593
    11 18.105982 0.000001 0.000000 -2.068024 -0.072580 1.488754
    12 -6.938270 1.999409 -1.014579 -1.286918 1.131745 -0.581872
    13 20.710224 0.000000 0.000000 0.000000 0.000000 1.809646
    14 18.106007 0.000000 -0.000001 2.696951 -0.814055 1.905863
    15 0.000000 -6.555973 0.000000 0.045142 -0.197202 0.145241
    16 0.000000 -3.252140 0.000004 -1.042872 -0.108980 0.199022
    17 1.548545 -4.925743 -4.285366 -3.060691 -0.102762 -1.644607
    18 1.190170 -10.472042 -0.306138 1.353248 -0.238019 -0.934260
    19 0.000008 0.000000 15.020973 -0.201994 -0.066154 0.008339
    20 0.000004 -0.000001 8.039619 0.000000 0.000000 0.318947
    21 2.899849 -0.471046 -4.331210 -0.449452 -0.559880 -0.709305
    22 -0.000025 2.543312 0.000026 0.221028 0.000000 0.000000
    23 0.000059 2.315285 -0.000040 0.100872 0.000000 0.000000
    24 1.551407 3.956631 -3.900798 2.695900 -1.367576 -3.120852
    25 0.000000 2.741436 -0.000004 -0.256296 0.000000 0.000000
    26 0.000010 2.668510 0.000050 -0.190586 0.000000 0.000000
    27 1.401100 3.639805 -1.202109 2.031148 -1.355830 -2.447084
    28 0.000003 2.810951 0.000004 -0.256296 0.000000 0.000000
    29 -0.000005 2.736202 -0.000031 -0.190586 0.000000 0.000000
    30 1.335663 3.182098 1.418086 0.980184 -1.251585 -1.415249
    31 -0.000003 2.663269 0.000046 -0.256296 0.000000 0.000000
    32 0.000001 2.592527 -0.000031 -0.190586 0.000000 0.000000
    33 1.344765 1.881123 3.809589 1.120332 -1.203080 -1.477339
    34 0.000011 2.315664 -0.000084 -0.256296 0.000000 0.000000
    35 -0.000006 2.254017 0.000076 -0.190586 0.000000 0.000000
    36 0.000004 -4.648438 0.000000 -0.792998 0.007826 0.008104
    37 0.000015 4.648438 -0.000010 -0.690254 0.003292 0.003746
  time 25
    0 63.446245 7.144531 28.343750 -1.145488 0.061218 -0.454600
    1 0.000000 -5.355259 0.000000 0.247241 0.013306 0.034991
    2 0.000000 -7.488277 -0.000001 0.084436 0.045956 0.006952
    3 0.000000 -5.597980 0.000000 0.080163 0.023522 0.035032
    4 0.000000 -6.565113 -0.000001 0.487481 0.062309 -0.020620
    5 -1.549380 -5.102886 -4.074768 1.573149 -1.205746 0.139283
    6 -0.000053 11.987244 0.000028 -0.749618 0.024294 3.113806
    7 20.109314 0.000000 -0.000002 1.570583 -1.130809 -3.141176
    8 19.941738 0.000001 -0.000004 -0.501817 -0.658904 -0.976551
    9 6.938272 1.999413 -1.014580 1.582420 0.524473 0.723914
    10 20.710249 -0.000001 0.000000 -3.141593 1.218638 -3.141593
    11 18.105982 0.000001 0.000000 -2.102479 -0.037672 1.577343
    12 -6.938270 1.999409 -1.014579 -1.244131 1.088664 -0.745710
    13 20.710224 0.000000 0.000000 0.000000 0.000000 1.943475
    14 18.106007 0.000000 -0.000001 2.776627 -1.043191 1.501216
    15 0.000000 -6.555973 0.000000 0.043980 -0.204040 0.120894
    16 0.000000 -3.252140 0.000004 -1.040370 -0.118884 0.194150
    17 1.548545 -4.925743 -4.285366 -3.067339 -0.104423 -1.649081
    18 1.190170 -10.472042 -0.306138 1.353248 -0.238019 -0.934260
    19 0.000008 0.000000 15.020973 -0.201994 -0.066154 0.008339
    20 0.000004 -0.000001 8.039619 0.000000 0.000000 0.318947
    21 2.899849 -0.471046 -4.331210 -0.449452 -0.559880 -0.709305
    22 -0.000025 2.543312 0.000026 0.221028 0.000000 0.000000
    23 0.000059 2.315285 -0.000040 0.100872 0.000000 0.000000
    24 1.551407 3.956631 -3.900798 2.695900 -1.367576 -3.120852
    25 0.000000 2.741436 -0.000004 -0.256296 0.000000 0.000000
    26 0.000010 2.668510 0.000050 -0.190586 0.000000 0.000000
    27 1.401100 3.639805 -1.202109 2.031148 -1.355830 -2.447084
    28 0.000003 2.810951 0.000004 -0.256296 0.000000 0.000000
    29 -0.000005 2.736202 -0.000031 -0.190586 0.000000 0.000000
    30 1.335663 3.182098 1.418086 0.980184 -1.251585 -1.415249
    31 -0.000003 2.663269 0.000046 -0.256296 0.000000 0.000000
    32 0.000001 2.592527 -0.000031 -0.190586 0.000000 0.000000
    33 1.344765 1.881123 3.809589 1.120332 -1.203080 -1.477339
    34 0.000011 2.315664 -0.000084 -0.256296 0.000000 0.000000
    35 -0.000006 2.254017 0.000076 -0.190586 0.000000 0.000000
    36 0.000004 -4.648438 0.000000 -0.770360 0.006777 0.007132
    37 0.000015 4.648438 -0.000010 -0.686169 0.003088 0.003564
  time 26
    0 66.082688 7.207031 28.500000 -1.143516 0.069237 -0.440060
    1 0.000000 -5.355259 0.000000 0.250887 0.024735 0.020961
    2 0.000000 -7.488277 -0.000001 0.088041 0.048522 0.003971
    3 0.000000 -5.597980 0.000000 0.078339 0.024105 0.039676
    4 0.000000 -6.565113 -0.000001 0.485613 0.059601 -0.002469
    5 -1.549380 -5.102886 -4.074768 1.557802 -1.212814 0.144470
    6 -0.000053 11.987244 0.000028 -0.757076 0.031545 3.100811
    7 20.109314 0.000000 -0.000002 1.570697 -1.116225 -3.141351
    8 19.941738 0.000001 -0.000004 -0.518003 -0.644855 -0.962209
    9 6.938272 1.999413 -1.014580 1.514239 0.517343 0.804313
    10 20.710249 -0.000001 0.000000 -3.141593 1.230427 -3.141593
    11 18.105982 0.000001 0.000000 -2.114018 -0.024140 1.694311
    12 -6.938270 1.999409 -1.014579 -1.044369 1.109915 -0.775763
    13 20.710224 0.000000 0.000000 0.000000 0.000000 1.998722
    14 18.106007 0.000000 -0.000001 2.859008 -1.116016 1.042393
    15 0.000000 -6.555973 0.000000 0.039469 -0.210125 0.100609
    16 0.000000 -3.252140 0.000004 -1.039863 -0.129287 0.190777
    17 1.548545 -4.925743 -4.285366 -3.066175 -0.100448 -1.648639
    18 1.190170 -10.472042 -0.306138 1.353248 -0.238019 -0.934260
    19 0.000008 0.000000 15.020973 -0.201994 -0.066154 0.008339
    20 0.000004 -0.000001 8.039619 0.000000 0.000000 0.318947
    21 2.899849 -0.471046 -4.331210 -0.449452 -0.559880 -0.709305
    22 -0.000025 2.543312 0.000026 0.221028 0.000000 0.000000
    23 0.000059 2.315285 -0.000040 0.100872 0.000000 0.000000
    24 1.551407 3.956631 -3.900798 2.695900 -1.367576 -3.120852
    25 0.000000 2.741436 -0.000004 -0.256296 0.000000 0.000000
    26 0.000010 2.668510 0.000050 -0.190586 0.000000 0.000000
    27 1.401100 3.639805 -1.202109 2.031148 -1.355830 -2.447084
    28 0.000003 2.810951 0.000004 -0.256296 0.000000 0.000000
    29 -0.000005 2.736202 -0.000031 -0.190586 0.000000 0.000000
    30 1.335663 3.182098 1.418086 0.980184 -1.251585 -1.415249
    31 -0.000003 2.663269 0.000046 -0.256296 0.000000 0.000000
    32 0.000001 2.592527 -0.000031 -0.190586 0.000000 0.000000
    33 1.344765 1.881123 3.809589 1.120332 -1.203080 -1.477339
    34 0.000011 2.315664 -0.000084 -0.256296 0.000000 0.000000
    35 -0.000006 2.254017 0.000076 -0.190586 0.000000 0.000000
    36 0.000004 -4.648438 0.000000 -0.739767 0.005423 0.005884
    37 0.000015 4.648438 -0.000010 -0.704865 0.003901 0.004418
  time 27
    0 68.789444 7.160156 28.656250 -1.153792 0.078687 -0.415732
    1 0.000000 -5.355259 0.000000 0.259718 0.044500 0.003350
    2 0.000000 -7.488277 -0.000001 0.098125 0.052566 0.001115
    3 0.000000 -5.597980 0.000000 0.077757 0.025791 0.043767
    4 0.000000 -6.565113 -0.000001 0.483165 0.058710 0.014596
    5 -1.549380 -5.102886 -4.074768 1.540945 -1.221107 0.141332
    6 -0.000053 11.987244 0.000028 -0.772679 0.031670 3.090144
    7 20.109314 0.000000 -0.000002 1.570764 -1.106407 -3.141458
    8 19.941738 0.000001 -0.000004 -0.525911 -0.638156 -0.953249
    9 6.938272 1.999413 -1.014580 1.459316 0.488471 0.901132
    10 20.710249 -0.000001 0.000000 -3.141593 1.251005 -3.141593
    11 18.105982 0.000001 0.000000 -2.107266 -0.010184 1.823265
    12 -6.938270 1.999409 -1.014579 -0.641500 1.130470 -0.562005
    13 20.710224 0.000000 0.000000 0.000000 0.000000 1.954125
    14 18.106007 0.000000 -0.000001 2.623372 -1.163754 1.013860
    15 0.000000 -6.555973 0.000000 0.034536 -0.216484 0.085926
    16 0.000000 -3.252140 0.000004 -1.041226 -0.139315 0.190380
    17 1.548545 -4.925743 -4.285366 -3.062312 -0.103301 -1.648006
    18 1.190170 -10.472042 -0.306138 1.353248 -0.238019 -0.934260
    19 0.000008 0.000000 15.020973 -0.201994 -0.066154 0.008339
    20 0.000004 -0.000001 8.039619 0.000000 0.000000 0.318947
    21 2.899849 -0.471046 -4.331210 -0.449452 -0.559880 -0.709305
    22 -0.000025 2.543312 0.000026 0.221028 0.000000 0.000000
    23 0.000059 2.315285 -0.000040 0.100872 0.000000 0.000000
    24 1.551407 3.956631 -3.900798 2.695900 -1.367576 -3.120852
    25 0.000000 2.741436 -0.000004 -0.256296 0.000000 0.000000
    26 0.000010 2.668510 0.000050 -0.190586 0.000000 0.000000
    27 1.401100 3.639805 -1.202109 2.031148 -1.355830 -2.447084
    28 0.000003 2.810951 0.000004 -0.256296 0.000000 0.000000
    29 -0.000005 2.736202 -0.000031 -0.190586 0.000000 0.000000
    30 1.335663 3.182098 1.418086 0.980184 -1.251585 -1.415249
    31 -0.000003 2.663269 0.000046 -0.256296 0.000000 0.000000
    32 0.000001 2.592527 -0.000031 -0.190586 0.000000 0.000000
    33 1.344765 1.881123 3.809589 1.120332 -1.203080 -1.477339
    34 0.000011 2.315664 -0.000084 -0.256296 0.000000 0.000000
    35 -0.000006 2.254017 0.000076 -0.190586 0.000000 0.000000
    36 0.000004 -4.648438 0.000000 -0.697912 0.003588 0.004150
    37 0.000015 4.648438 -0.000010 -0.684938 0.003044 0.003450
  time 28
    0 71.543075 7.003906 28.718750 -1.160990 0.096791 -0.385852
    1 0.000000 -5.355259 0.000000 0.266510 0.064530 -0.016855
    2 0.000000 -7.488277 -0.000001 0.106807 0.056486 -0.003461
    3 0.000000 -5.597980 0.000000 0.078908 0.027309 0.044943
    4 0.000000 -6.565113 -0.000001 0.479785 0.058514 0.023117
    5 -1.549380 -5.102886 -4.074768 1.525481 -1.230413 0.151444
    6 -0.000053 11.987244 0.000028 -0.777640 0.037992 3.087764
    7 20.109314 0.000000 -0.000002 1.570660 -1.102458 -3.141288
    8 19.941738 0.000001 -0.000004 -0.529350 -0.635185 -0.948951
    9 6.938272 1.999413 -1.014580 1.410335 0.452254 0.999359
    10 20.710249 -0.000001 0.000000 3.141593 1.278576 3.141593
    11 18.105982 0.000001 0.000000 -2.100140 0.001543 1.950471
    12 -6.938270 1.999409 -1.014579 -0.209297 1.050143 -0.264955
    13 20.710224 0.000000 0.000000 0.000000 0.000000 1.832736
    14 18.106007 0.000000 -0.000001 2.324878 -1.191491 1.039494
    15 0.000000 -6.555973 0.000000 0.034359 -0.222025 0.078253
    16 0.000000 -3.252140 0.000004 -1.040380 -0.144718 0.191843
    17 1.548545 -4.925743 -4.285366 -3.057753 -0.103198 -1.644392
    18 1.190170 -10.472042 -0.306138 1.353248 -0.238019 -0.934260
    19 0.000008 0.000000 15.020973 -0.201994 -0.066154 0.008339
    20 0.000004 -0.000001 8.039619 0.000000 0.000000 0.318947
    21 2.899849 -0.471046 -4.331210 -0.449452 -0.559880 -0.709305
    22 -0.000025 2.543312 0.000026 0.221028 0.000000 0.000000
    23 0.000059 2.315285 -0.000040 0.100872 0.000000 0.000000
    24 1.551407 3.956631 -3.900798 2.695900 -1.367576 -3.120852
    25 0.000000 2.741436 -0.000004 -0.256296 0.000000 0.000000
    26 0.000010 2.668510 0.000050 -0.190586 0.000000 0.000000
    27 1.401100 3.639805 -1.202109 2.031148 -1.355830 -2.447084
    28 0.000003 2.810951 0.000004 -0.256296 0.000000 0.000000
    29 -0.000005 2.736202 -0.000031 -0.190586 0.000000 0.000000
    30 1.335663 3.182098 1.418086 0.980184 -1.251585 -1.415249
    31 -0.000003 2.663269 0.000046 -0.256296 0.000000 0.000000
    32 0.000001 2.592527 -0.000031 -0.190586 0.000000 0.000000
    33 1.344765 1.881123 3.809589 1.120332 -1.203080 -1.477339
    34 0.000011 2.315664 -0.000084 -0.256296 0.000000 0.000000
    35 -0.000006 2.254017 0.000076 -0.190586 0.000000 0.000000
    36 0.000004 -4.648438 0.000000 -0.693757 0.003439 0.003949
    37 0.000015 4.648438 -0.000010 -0.688179 0.003190 0.003655
  time 29
    0 74.413894 6.667969 28.750000 -1.172336 0.099236 -0.347655
    1 0.000000 -5.355259 0.000000 0.271598 0.092015 -0.026641
    2 0.000000 -7.488277 -0.000001 0.120661 0.063998 -0.002495
    3 0.000000 -5.597980 0.000000 0.082539 0.029258 0.047644
    4 0.000000 -6.565113 -0.000001 0.475613 0.061230 0.011202
    5 -1.549380 -5.102886 -4.074768 1.542162 -1.230694 0.161167
    6 -0.000053 11.987244 0.000028 -0.758921 0.042208 3.095133
    7 20.109314 0.000000 -0.000002 1.570622 -1.104845 -3.141310
    8 19.941738 0.000001 -0.000004 -0.529897 -0.636538 -0.948698
    9 6.938272 1.999413 -1.014580 1.394526 0.412645 1.129844
    10 20.710249 -0.000001 0.000000 3.141593 1.326008 3.141593
    11 18.105982 0.000001 0.000000 -2.083459 0.004331 2.066087
    12 -6.938270 1.999409 -1.014579 0.037174 0.896319 -0.096791
    13 20.710224 0.000000 0.000000 0.000000 0.000000 1.691516
    14 18.106007 0.000000 -0.000001 2.148107 -1.353743 0.963104
    15 0.000000 -6.555973 0.000000 0.043068 -0.224917 0.085725
    16 0.000000 -3.252140 0.000004 -1.037574 -0.140596 0.197011
    17 1.548545 -4.925743 -4.285366 -3.052054 -0.100938 -1.635155
    18 1.190170 -10.472042 -0.306138 1.353248 -0.238019 -0.934260
    19 0.000008 0.000000 15.020973 -0.201994 -0.066154 0.008339
    20 0.000004 -0.000001 8.039619 0.000000 0.000000 0.318947
    21 2.899849 -0.471046 -4.331210 -0.449452 -0.559880 -0.709305
    22 -0.000025 2.543312 0.000026 0.221028 0.000000 0.000000
    23 0.000059 2.315285 -0.000040 0.100872 0.000000 0.000000
    24 1.551407 3.956631 -3.900798 2.695900 -1.367576 -3.120852
    25 0.000000 2.741436 -0.000004 -0.256296 0.000000 0.000000
    26 0.000010 2.668510 0.000050 -0.190586 0.000000 0.000000
    27 1.401100 3.639805 -1.202109 2.031148 -1.355830 -2.447084
    28 0.000003 2.810951 0.000004 -0.256296 0.000000 0.000000
    29 -0.000005 2.736202 -0.000031 -0.190586 0.000000 0.000000
    30 1.335663 3.182098 1.418086 0.980184 -1.251585 -1.415249
    31 -0.000003 2.663269 0.000046 -0.256296 0.000000 0.000000
    32 0.000001 2.592527 -0.000031 -0.190586 0.000000 0.000000
    33 1.344765 1.881123 3.809589 1.120332 -1.203080 -1.477339
    34 0.000011 2.315664 -0.000084 -0.256296 0.000000 0.000000
    35 -0.000006 2.254017 0.000076 -0.190586 0.000000 0.000000
    36 0.000004 -4.648438 0.000000 -0.753005 0.006015 0.006417
    37 0.000015 4.648438 -0.000010 -0.697587 0.003546 0.004036
  time 30
    0 77.382369 6.269531 28.531250 -1.183787 0.089268 -0.294182
    1 0.000000 -5.355259 0.000000 0.271351 0.129876 -0.035956
    2 0.000000 -7.488277 -0.000001 0.132347 0.077582 0.001838
    3 0.000000 -5.597980 0.000000 0.090820 0.032677 0.051597
    4 0.000000 -6.565113 -0.000001 0.474520 0.067645 -0.018445
    5 -1.549380 -5.102886 -4.074768 1.587530 -1.221161 0.142788
    6 -0.000053 11.987244 0.000028 -0.746717 0.026928 3.107069
    7 20.109314 0.000000 -0.000002 1.570734 -1.111735 -3.141493
    8 19.941738 0.000001 -0.000004 -0.522164 -0.641350 -0.953053
    9 6.938272 1.999413 -1.014580 1.417465 0.393035 1.269830
    10 20.710249 -0.000001 0.000000 3.141593 1.378771 3.141593
    11 18.105982 0.000001 0.000000 -2.046210 0.024706 2.145507
    12 -6.938270 1.999409 -1.014579 0.129797 0.761597 -0.055117
    13 20.710224 0.000000 0.000000 0.000000 0.000000 1.558021
    14 18.106007 0.000000 -0.000001 2.140494 -1.535962 0.769272
    15 0.000000 -6.555973 0.000000 0.051880 -0.219381 0.115858
    16 0.000000 -3.252140 0.000004 -1.033139 -0.127400 0.204393
    17 1.548545 -4.925743 -4.285366 -3.038113 -0.077150 -1.599749
    18 1.190170 -10.472042 -0.306138 1.353248 -0.238019 -0.934260
    19 0.000008 0.000000 15.020973 -0.201994 -0.066154 0.008339
    20 0.000004 -0.000001 8.039619 0.000000 0.000000 0.318947
    21 2.899849 -0.471046 -4.331210 -0.449452 -0.559880 -0.709305
    22 -0.000025 2.543312 0.000026 0.221028 0.000000 0.000000
    23 0.000059 2.315285 -0.000040 0.100872 0.000000 0.000000
    24 1.551407 3.956631 -3.900798 2.695900 -1.367576 -3.120852
    25 0.000000 2.741436 -0.000004 -0.256296 0.000000 0.000000
    26 0.000010 2.668510 0.000050 -0.190586 0.000000 0.000000
    27 1.401100 3.639805 -1.202109 2.031148 -1.355830 -2.447084
    28 0.000003 2.810951 0.000004 -0.256296 0.000000 0.000000
    29 -0.000005 2.736202 -0.000031 -0.190586 0.000000 0.000000
    30 1.335663 3.182098 1.418086 0.980184 -1.251585 -1.415249
    31 -0.000003 2.663269 0.000046 -0.256296 0.000000 0.000000
    32 0.000001 2.592527 -0.000031 -0.190586 0.000000 0.000000
    33 1.344765 1.881123 3.809589 1.120332 -1.203080 -1.477339
    34 0.000011 2.315664 -0.000084 -0.256296 0.000000 0.000000
    35 -0.000006 2.254017 0.000076 -0.190586 0.000000 0.000000
    36 0.000004 -4.648438 0.000000 -0.839338 0.010004 0.009839
    37 0.000015 4.648438 -0.000010 -0.689151 0.003192 0.003653
  time 31
    0 80.612562 5.855469 27.968750 -1.196759 0.067354 -0.236028
    1 0.000000 -5.355259 0.000000 0.261623 0.173373 -0.043261
    2 0.000000 -7.488277 -0.000001 0.140847 0.094467 0.006669
    3 0.000000 -5.597980 0.000000 0.104790 0.037132 0.053302
    4 0.000000 -6.565113 -0.000001 0.477890 0.073709 -0.041763
    5 -1.549380 -5.102886 -4.074768 1.626718 -1.211701 0.119801
    6 -0.000053 11.987244 0.000028 -0.746100 0.007318 3.115574
    7 20.109314 0.000000 -0.000002 1.570570 -1.117284 -3.141231
    8 19.941738 0.000001 -0.000004 -0.516155 -0.641451 -0.954584
    9 6.938272 1.999413 -1.014580 1.493279 0.401242 1.428155
    10 20.710249 -0.000001 0.000000 3.141593 1.443160 3.141593
    11 18.105982 0.000001 0.000000 -1.979378 0.070895 2.170512
    12 -6.938270 1.999409 -1.014579 0.131841 0.693371 -0.086218
    13 20.710224 0.000000 0.000000 0.000000 0.000000 1.502175
    14 18.106007 0.000000 -0.000001 -0.948051 -1.509871 -2.526774
    15 0.000000 -6.555973 0.000000 0.059724 -0.206740 0.147182
    16 0.000000 -3.252140 0.000004 -1.028179 -0.115311 0.206199
    17 1.548545 -4.925743 -4.285366 -3.038290 -0.074683 -1.587633
    18 1.190170 -10.472042 -0.306138 1.353248 -0.238019 -0.934260
    19 0.000008 0.000000 15.020973 -0.201994 -0.066154 0.008339
    20 0.000004 -0.000001 8.039619 0.000000 0.000000 0.318947
    21 2.899849 -0.471046 -4.331210 -0.449452 -0.559880 -0.709305
    22 -0.000025 2.543312 0.000026 0.221028 0.000000 0.000000
    23 0.000059 2.315285 -0.000040 0.100872 0.000000 0.000000
    24 1.551407 3.956631 -3.900798 2.695900 -1.367576 -3.120852
    25 0.000000 2.741436 -0.000004 -0.256296 0.000000 0.000000
    26 0.000010 2.668510 0.000050 -0.190586 0.000000 0.000000
    27 1.401100 3.639805 -1.202109 2.031148 -1.355830 -2.447084
    28 0.000003 2.810951 0.000004 -0.256296 0.000000 0.000000
    29 -0.000005 2.736202 -0.000031 -0.190586 0.000000 0.000000
    30 1.335663 3.182098 1.418086 0.980184 -1.251585 -1.415249
    31 -0.000003 2.663269 0.000046 -0.256296 0.000000 0.000000
    32 0.000001 2.592527 -0.000031 -0.190586 0.000000 0.000000
    33 1.344765 1.881123 3.809589 1.120332 -1.203080 -1.477339
    34 0.000011 2.315664 -0.000084 -0.256296 0.000000 0.000000
    35 -0.000006 2.254017 0.000076 -0.190586 0.000000 0.000000
    36 0.000004 -4.648438 0.000000 -0.940418 0.015101 0.013413
    37 0.000015 4.648438 -0.000010 -0.685068 0.003086 0.003565
  time 32
    0 83.987287 5.453125 27.250000 -1.205890 0.046627 -0.195617
    1 0.000000 -5.355259 0.000000 0.249453 0.199838 -0.045595
    2 0.000000 -7.488277 -0.000001 0.141435 0.108372 0.006704
    3 0.000000 -5.597980 0.000000 0.117664 0.041202 0.052334
    4 0.000000 -6.565113 -0.000001 0.483525 0.076806 -0.047242
    5 -1.549380 -5.102886 -4.074768 1.631067 -1.210328 0.123625
    6 -0.000053 11.987244 0.000028 -0.749036 0.005197 3.113601
    7 20.109314 0.000000 -0.000002 1.570741 -1.114676 -3.141505
    8 19.941738 0.000001 -0.000004 -0.524947 -0.627316 -0.944562
    9 6.938272 1.999413 -1.014580 1.575062 0.411551 1.576455
    10 20.710249 -0.000001 0.000000 3.141593 1.506702 3.141593
    11 18.105982 0.000001 0.000000 -1.852383 0.113893 2.171139
    12 -6.938270 1.999409 -1.014579 0.118294 0.683948 -0.082380
    13 20.710224 0.000000 0.000000 0.000000 0.000000 1.500839
    14 18.106007 0.000000 -0.000001 -1.938869 -1.535739 -1.559879
    15 0.000000 -6.555973 0.000000 0.068680 -0.198592 0.152156
    16 0.000000 -3.252140 0.000004 -1.021256 -0.111076 0.200342
    17 1.548545 -4.925743 -4.285366 -3.031094 -0.084012 -1.613908
    18 1.190170 -10.472042 -0.306138 1.353248 -0.238019 -0.934260
    19 0.000008 0.000000 15.020973 -0.201994 -0.066154 0.008339
    20 0.000004 -0.000001 8.039619 0.000000 0.000000 0.318947
    21 2.899849 -0.471046 -4.331210 -0.449452 -0.559880 -0.709305
    22 -0.000025 2.543312 0.000026 0.221028 0.000000 0.000000
    23 0.000059 2.315285 -0.000040 0.100872 0.000000 0.000000
    24 1.551407 3.956631 -3.900798 2.695900 -1.367576 -3.120852
    25 0.000000 2.741436 -0.000004 -0.256296 0.000000 0.000000
    26 0.000010 2.668510 0.000050 -0.190586 0.000000 0.000000
    27 1.401100 3.639805 -1.202109 2.031148 -1.355830 -2.447084
    28 0.000003 2.810951 0.000004 -0.256296 0.000000 0.000000
    29 -0.000005 2.736202 -0.000031 -0.190586 0.000000 0.000000
    30 1.335663 3.182098 1.418086 0.980184 -1.251585 -1.415249
    31 -0.000003 2.663269 0.000046 -0.256296 0.000000 0.000000
    32 0.000001 2.592527 -0.000031 -0.190586 0.000000 0.000000
    33 1.344765 1.881123 3.809589 1.120332 -1.203080 -1.477339
    34 0.000011 2.315664 -0.000084 -0.256296 0.000000 0.000000
    35 -0.000006 2.254017 0.000076 -0.190586 0.000000 0.000000
    36 0.000004 -4.648438 0.000000 -1.091814 0.023263 0.017721
    37 0.000015 4.648438 -0.000010 -0.691097 0.003294 0.003744
  time 33
    0 86.924512 5.171875 26.718750 -1.196773 0.031651 -0.203809
    1 0.000000 -5.355259 0.000000 0.248022 0.192176 -0.042592
    2 0.000000 -7.488277 -0.000001 0.125897 0.111128 0.005664
    3 0.000000 -5.597980 0.000000 0.112672 0.042321 0.052043
    4 0.000000 -6.565113 -0.000001 0.490940 0.076409 -0.040170
    5 -1.549380 -5.102886 -4.074768 1.594426 -1.217565 0.136303
    6 -0.000053 11.987244 0.000028 -0.771751 0.005827 3.098034
    7 20.109314 0.000000 -0.000002 1.570586 -1.112389 -3.141255
    8 19.941738 0.000001 -0.000004 -0.538108 -0.612317 -0.931313
    9 6.938272 1.999413 -1.014580 1.598846 0.413813 1.667724
    10 20.710249 -0.000001 0.000000 3.141593 1.535391 3.141593
    11 18.105982 0.000001 0.000000 -1.649137 0.116406 2.156134
    12 -6.938270 1.999409 -1.014579 0.086446 0.686188 -0.072934
    13 20.710224 0.000000 0.000000 0.000000 0.000000 1.564378
    14 18.106007 0.000000 -0.000001 -2.243186 -1.398759 -1.029148
    15 0.000000 -6.555973 0.000000 0.069061 -0.203897 0.126616
    16 0.000000 -3.252140 0.000004 -1.010393 -0.112895 0.193151
    17 1.548545 -4.925743 -4.285366 -3.050881 -0.117286 -1.636247
    18 1.190170 -10.472042 -0.306138 1.353248 -0.238019 -0.934260
    19 0.000008 0.000000 15.020973 -0.201994 -0.066154 0.008339
    20 0.000004 -0.000001 8.039619 0.000000 0.000000 0.318947
    21 2.899849 -0.471046 -4.331210 -0.449452 -0.559880 -0.709305
    22 -0.000025 2.543312 0.000026 0.221028 0.000000 0.000000
    23 0.000059 2.315285 -0.000040 0.100872 0.000000 0.000000
    24 1.551407 3.956631 -3.900798 2.695900 -1.367576 -3.120852
    25 0.000000 2.741436 -0.000004 -0.256296 0.000000 0.000000
    26 0.000010 2.668510 0.000050 -0.190586 0.000000 0.000000
    27 1.401100 3.639805 -1.202109 2.031148 -1.355830 -2.447084
    28 0.000003 2.810951 0.000004 -0.256296 0.000000 0.000000
    29 -0.000005 2.736202 -0.000031 -0.190586 0.000000 0.000000
    30 1.335663 3.182098 1.418086 0.980184 -1.251585 -1.415249
    31 -0.000003 2.663269 0.000046 -0.256296 0.000000 0.000000
    32 0.000001 2.592527 -0.000031 -0.190586 0.000000 0.000000
    33 1.344765 1.881123 3.809589 1.120332 -1.203080 -1.477339
    34 0.000011 2.315664 -0.000084 -0.256296 0.000000 0.000000
    35 -0.000006 2.254017 0.000076 -0.190586 0.000000 0.000000
    36 0.000004 -4.648438 0.000000 -1.271282 0.033724 0.021241
    37 0.000015 4.648438 -0.000010 -0.722255 0.004627 0.005168
  time 34
    0 89.762127 4.914063 26.359375 -1.185565 0.017095 -0.218014
    1 0.000000 -5.355259 0.000000 0.242585 0.182483 -0.038087
    2 0.000000 -7.488277 -0.000001 0.117878 0.110557 0.008000
    3 0.000000 -5.597980 0.000000 0.107574 0.041573 0.054700
    4 0.000000 -6.565113 -0.000001 0.493943 0.074471 -0.035643
    5 -1.549380 -5.102886 -4.074768 1.566150 -1.222917 0.119915
    6 -0.000053 11.987244 0.000028 -0.793782 -0.006590 3.102185
    7 20.109314 0.000000 -0.000002 1.570603 -1.127340 -3.141286
    8 19.941738 0.000001 -0.000004 -0.525963 -0.627076 -0.936745
    9 6.938272 1.999413 -1.014580 1.634350 0.415435 1.719948
    10 20.710249 -0.000001 0.000000 3.141593 1.544247 3.141593
    11 18.105982 0.000001 0.000000 -1.351199 0.040560 2.087745
    12 -6.938270 1.999409 -1.014579 0.018536 0.697138 -0.085775
    13 20.710224 0.000000 0.000000 0.000000 0.000000 1.647334
    14 18.106007 0.000000 -0.000001 -1.987359 -1.359453 -1.094639
    15 0.000000 -6.555973 0.000000 0.073706 -0.208284 0.106945
    16 0.000000 -3.252140 0.000004 -1.006720 -0.114792 0.188069
    17 1.548545 -4.925743 -4.285366 -3.051016 -0.139147 -1.647588
    18 1.190170 -10.472042 -0.306138 1.353248 -0.238019 -0.934260
    19 0.000008 0.000000 15.020973 -0.201994 -0.066154 0.008339
    20 0.000004 -0.000001 8.039619 0.000000 0.000000 0.318947
    21 2.899849 -0.471046 -4.331210 -0.449452 -0.559880 -0.709305
    22 -0.000025 2.543312 0.000026 0.221028 0.000000 0.000000
    23 0.000059 2.315285 -0.000040 0.100872 0.000000 0.000000
    24 1.551407 3.956631 -3.900798 2.695900 -1.367576 -3.120852
    25 0.000000 2.741436 -0.000004 -0.256296 0.000000 0.000000
    26 0.000010 2.668510 0.000050 -0.190586 0.000000 0.000000
    27 1.401100 3.639805 -1.202109 2.031148 -1.355830 -2.447084
    28 0.000003 2.810951 0.000004 -0.256296 0.000000 0.000000
    29 -0.000005 2.736202 -0.000031 -0.190586 0.000000 0.000000
    30 1.335663 3.182098 1.418086 0.980184 -1.251585 -1.415249
    31 -0.000003 2.663269 0.000046 -0.256296 0.000000 0.000000
    32 0.000001 2.592527 -0.000031 -0.190586 0.000000 0.000000
    33 1.344765 1.881123 3.809589 1.120332 -1.203080 -1.477339
    34 0.000011 2.315664 -0.000084 -0.256296 0.000000 0.000000
    35 -0.000006 2.254017 0.000076 -0.190586 0.000000 0.000000
    36 0.000004 -4.648438 0.000000 -1.380062 0.040225 0.022365
    37 0.000015 4.648438 -0.000010 -0.743892 0.005581 0.006078
  time 35
    0 92.375133 4.664063 26.078125 -1.186317 0.007890 -0.230705
    1 0.000000 -5.355259 0.000000 0.245628 0.176778 -0.032704
    2 0.000000 -7.488277 -0.000001 0.118790 0.107207 0.012872
    3 0.000000 -5.597980 0.000000 0.104445 0.039189 0.057440
    4 0.000000 -6.565113 -0.000001 0.492137 0.070973 -0.035949
    5 -1.549380 -5.102886 -4.074768 1.543150 -1.228734 0.136194
    6 -0.000053 11.987244 0.000028 -0.792803 0.004868 3.103265
    7 20.109314 0.000000 -0.000002 1.570639 -1.134027 -3.141266
    8 19.941738 0.000001 -0.000004 -0.534424 -0.635189 -0.935257
    9 6.938272 1.999413 -1.014580 1.669607 0.396261 1.707611
    10 20.710249 -0.000001 0.000000 3.141593 1.498565 3.141593
    11 18.105982 0.000001 0.000000 -1.009908 -0.047201 1.843441
    12 -6.938270 1.999409 -1.014579 -0.010457 0.750245 -0.082198
    13 20.710224 0.000000 0.000000 0.000000 0.000000 1.725530
    14 18.106007 0.000000 -0.000001 -1.991245 -1.361003 -1.030129
    15 0.000000 -6.555973 0.000000 0.077696 -0.206522 0.103642
    16 0.000000 -3.252140 0.000004 -1.006568 -0.115360 0.184733
    17 1.548545 -4.925743 -4.285366 -3.052552 -0.142823 -1.648389
    18 1.190170 -10.472042 -0.306138 1.353248 -0.238019 -0.934260
    19 0.000008 0.000000 15.020973 -0.201994 -0.066154 0.008339
    20 0.000004 -0.000001 8.039619 0.000000 0.000000 0.318947
    21 2.899849 -0.471046 -4.331210 -0.449452 -0.559880 -0.709305
    22 -0.000025 2.543312 0.000026 0.221028 0.000000 0.000000
    23 0.000059 2.315285 -0.000040 0.100872 0.000000 0.000000
    24 1.551407 3.956631 -3.900798 2.695900 -1.367576 -3.120852
    25 0.000000 2.741436 -0.000004 -0.256296 0.000000 0.000000
    26 0.000010 2.668510 0.000050 -0.190586 0.000000 0.000000
    27 1.401100 3.639805 -1.202109 2.031148 -1.355830 -2.447084
    28 0.000003 2.810951 0.000004 -0.256296 0.000000 0.000000
    29 -0.000005 2.736202 -0.000031 -0.190586 0.000000 0.000000
    30 1.335663 3.182098 1.418086 0.980184 -1.251585 -1.415249
    31 -0.000003 2.663269 0.000046 -0.256296 0.000000 0.000000
    32 0.000001 2.592527 -0.000031 -0.190586 0.000000 0.000000
    33 1.344765 1.881123 3.809589 1.120332 -1.203080 -1.477339
    34 0.000011 2.315664 -0.000084 -0.256296 0.000000 0.000000
    35 -0.000006 2.254017 0.000076 -0.190586 0.000000 0.000000
    36 0.000004 -4.648438 0.000000 -0.993490 0.017868 0.015031
    37 0.000015 4.648438 -0.000010 -0.761215 0.006393 0.006777
  time 36
    0 94.755717 4.421875 25.921875 -1.173947 0.011698 -0.248136
    1 0.000000 -5.355259 0.000000 0.245685 0.163922 -0.029084
    2 0.000000 -7.488277 -0.000001 0.114169 0.101090 0.009822
    3 0.000000 -5.597980 0.000000 0.100494 0.036204 0.056960
    4 0.000000 -6.565113 -0.000001 0.488842 0.066321 -0.033808
    5 -1.549380 -5.102886 -4.074768 1.527196 -1.233260 0.182155
    6 -0.000053 11.987244 0.000028 -0.768496 0.037046 3.102435
    7 20.109314 0.000000 -0.000002 1.570566 -1.131131 -3.141150
    8 19.941738 0.000001 -0.000004 -0.553926 -0.636755 -0.935454
    9 6.938272 1.999413 -1.014580 1.696310 0.422112 1.638367
    10 20.710249 -0.000001 0.000000 -3.141593 1.383275 -3.141593
    11 18.105982 0.000001 0.000000 -1.031468 -0.174089 1.796207
    12 -6.938270 1.999409 -1.014579 -0.023977 0.841129 -0.097543
    13 20.710224 0.000000 0.000000 0.000000 0.000000 1.794701
    14 18.106007 0.000000 -0.000001 -2.554552 -1.356289 -0.479439
    15 0.000000 -6.555973 0.000000 0.077964 -0.203337 0.104952
    16 0.000000 -3.252140 0.000004 -1.006670 -0.115867 0.182509
    17 1.548545 -4.925743 -4.285366 -3.057992 -0.132668 -1.644507
    18 1.190170 -10.472042 -0.306138 1.353248 -0.238019 -0.934260
    19 0.000008 0.000000 15.020973 -0.201994 -0.066154 0.008339
    20 0.000004 -0.000001 8.039619 0.000000 0.000000 0.318947
    21 2.899849 -0.471046 -4.331210 -0.449452 -0.559880 -0.709305
    22 -0.000025 2.543312 0.000026 0.221028 0.000000 0.000000
    23 0.000059 2.315285 -0.000040 0.100872 0.000000 0.000000
    24 1.551407 3.956631 -3.900798 2.695900 -1.367576 -3.120852
    25 0.000000 2.741436 -0.000004 -0.256296 0.000000 0.000000
    26 0.000010 2.668510 0.000050 -0.190586 0.000000 0.000000
    27 1.401100 3.639805 -1.202109 2.031148 -1.355830 -2.447084
    28 0.000003 2.810951 0.000004 -0.256296 0.000000 0.000000
    29 -0.000005 2.736202 -0.000031 -0.190586 0.000000 0.000000
    30 1.335663 3.182098 1.418086 0.980184 -1.251585 -1.415249
    31 -0.000003 2.663269 0.000046 -0.256296 0.000000 0.000000
    32 0.000001 2.592527 -0.000031 -0.190586 0.000000 0.000000
    33 1.344765 1.881123 3.809589 1.120332 -1.203080 -1.477339
    34 0.000011 2.315664 -0.000084 -0.256296 0.000000 0.000000
    35 -0.000006 2.254017 0.000076 -0.190586 0.000000 0.000000
    36 0.000004 -4.648438 0.000000 -0.688308 0.003190 0.003655
    37 0.000015 4.648438 -0.000010 -0.748479 0.005798 0.006247
  time 37
    0 96.942942 4.257813 26.078125 -1.151261 0.019031 -0.268350
    1 0.000000 -5.355259 0.000000 0.245422 0.149718 -0.026029
    2 0.000000 -7.488277 -0.000001 0.104530 0.092774 0.006570
    3 0.000000 -5.597980 0.000000 0.092824 0.033346 0.053253
    4 0.000000 -6.565113 -0.000001 0.484603 0.061668 -0.029165
    5 -1.549380 -5.102886 -4.074768 1.508622 -1.236593 0.216620
    6 -0.000053 11.987244 0.000028 -0.756535 0.058691 3.092850
    7 20.109314 0.000000 -0.000002 1.570730 -1.125076 -3.141487
    8 19.941738 0.000001 -0.000004 -0.558269 -0.641723 -0.942496
    9 6.938272 1.999413 -1.014580 1.708495 0.485401 1.534395
    10 20.710249 -0.000001 0.000000 -3.141593 1.250067 -3.141593
    11 18.105982 0.000001 0.000000 -1.310822 -0.269752 1.849069
    12 -6.938270 1.999409 -1.014579 -0.052085 0.948833 -0.126856
    13 20.710224 0.000000 0.000000 0.000000 0.000000 1.836551
    14 18.106007 0.000000 -0.000001 -3.116403 -1.331633 0.047052
    15 0.000000 -6.555973 0.000000 0.077097 -0.201621 0.103374
    16 0.000000 -3.252140 0.000004 -1.006364 -0.117563 0.180341
    17 1.548545 -4.925743 -4.285366 -3.061977 -0.120659 -1.634638
    18 1.190170 -10.472042 -0.306138 1.353248 -0.238019 -0.934260
    19 0.000008 0.000000 15.020973 -0.201994 -0.066154 0.008339
    20 0.000004 -0.000001 8.039619 0.000000 0.000000 0.318947
    21 2.899849 -0.471046 -4.331210 -0.449452 -0.559880 -0.709305
    22 -0.000025 2.543312 0.000026 0.221028 0.000000 0.000000
    23 0.000059 2.315285 -0.000040 0.100872 0.000000 0.000000
    24 1.551407 3.956631 -3.900798 2.695900 -1.367576 -3.120852
    25 0.000000 2.741436 -0.000004 -0.256296 0.000000 0.000000
    26 0.000010 2.668510 0.000050 -0.190586 0.000000 0.000000
    27 1.401100 3.639805 -1.202109 2.031148 -1.355830 -2.447084
    28 0.000003 2.810951 0.000004 -0.256296 0.000000 0.000000
    29 -0.000005 2.736202 -0.000031 -0.190586 0.000000 0.000000
    30 1.335663 3.182098 1.418086 0.980184 -1.251585 -1.415249
    31 -0.000003 2.663269 0.000046 -0.256296 0.000000 0.000000
    32 0.000001 2.592527 -0.000031 -0.190586 0.000000 0.000000
    33 1.344765 1.881123 3.809589 1.120332 -1.203080 -1.477339
    34 0.000011 2.315664 -0.000084 -0.256296 0.000000 0.000000
    35 -0.000006 2.254017 0.000076 -0.190586 0.000000 0.000000
    36 0.000004 -4.648438 0.000000 -0.716843 0.004370 0.004881
    37 0.000015 4.648438 -0.000010 -0.761938 0.006396 0.006775
  time 38
    0 99.118448 4.085938 26.312500 -1.140858 0.036124 -0.290632
    1 0.000000 -5.355259 0.000000 0.246700 0.130108 -0.022800
    2 0.000000 -7.488277 -0.000001 0.102243 0.083128 0.001442
    3 0.000000 -5.597980 0.000000 0.088701 0.030333 0.049133
    4 0.000000 -6.565113 -0.000001 0.480899 0.057691 -0.025083
    5 -1.549380 -5.102886 -4.074768 1.498819 -1.238846 0.214986
    6 -0.000053 11.987244 0.000028 -0.758655 0.059208 3.087936
    7 20.109314 0.000000 -0.000002 1.570685 -1.124996 -3.141336
    8 19.941738 0.000001 -0.000004 -0.547738 -0.648877 -0.949903
    9 6.938272 1.999413 -1.014580 1.674803 0.566440 1.369180
    10 20.710249 -0.000001 0.000000 -3.141593 1.115148 -3.141593
    11 18.105982 0.000001 0.000000 -1.596244 -0.056610 1.768834
    12 -6.938270 1.999409 -1.014579 -0.077422 1.043866 -0.149272
    13 20.710224 0.000000 0.000000 0.000000 0.000000 1.858420
    14 18.106007 0.000000 -0.000001 2.771803 -1.279695 0.419129
    15 0.000000 -6.555973 0.000000 0.077181 -0.199375 0.101104
    16 0.000000 -3.252140 0.000004 -1.005946 -0.120343 0.177225
    17 1.548545 -4.925743 -4.285366 -3.057734 -0.116398 -1.638739
    18 1.190170 -10.472042 -0.306138 1.353248 -0.238019 -0.934260
    19 0.000008 0.000000 15.020973 -0.201994 -0.066154 0.008339
    20 0.000004 -0.000001 8.039619 0.000000 0.000000 0.318947
    21 2.899849 -0.471046 -4.331210 -0.449452 -0.559880 -0.709305
    22 -0.000025 2.543312 0.000026 0.221028 0.000000 0.000000
    23 0.000059 2.315285 -0.000040 0.100872 0.000000 0.000000
    24 1.551407 3.956631 -3.900798 2.695900 -1.367576 -3.120852
    25 0.000000 2.741436 -0.000004 -0.256296 0.000000 0.000000
    26 0.000010 2.668510 0.000050 -0.190586 0.000000 0.000000
    27 1.401100 3.639805 -1.202109 2.031148 -1.355830 -2.447084
    28 0.000003 2.810951 0.000004 -0.256296 0.000000 0.000000
    29 -0.000005 2.736202 -0.000031 -0.190586 0.000000 0.000000
    30 1.335663 3.182098 1.418086 0.980184 -1.251585 -1.415249
    31 -0.000003 2.663269 0.000046 -0.256296 0.000000 0.000000
    32 0.000001 2.592527 -0.000031 -0.190586 0.000000 0.000000
    33 1.344765 1.881123 3.809589 1.120332 -1.203080 -1.477339
    34 0.000011 2.315664 -0.000084 -0.256296 0.000000 0.000000
    35 -0.000006 2.254017 0.000076 -0.190586 0.000000 0.000000
    36 0.000004 -4.648438 0.000000 -0.709874 0.004111 0.004595
    37 0.000015 4.648438 -0.000010 -0.736299 0.005211 0.005709
  time 39
    0 101.407235 3.937500 26.515625 -1.144220 0.054326 -0.320457
    1 0.000000 -5.355259 0.000000 0.244987 0.104041 -0.015014
    2 0.000000 -7.488277 -0.000001 0.109047 0.073746 -0.002457
    3 0.000000 -5.597980 0.000000 0.089628 0.026904 0.047404
    4 0.000000 -6.565113 -0.000001 0.478653 0.054330 -0.022565
    5 -1.549380 -5.102886 -4.074768 1.498834 -1.240510 0.201273
    6 -0.000053 11.987244 0.000028 -0.761399 0.054887 3.085789
    7 20.109314 0.000000 -0.000002 1.570568 -1.126047 -3.141230
    8 19.941738 0.000001 -0.000004 -0.537078 -0.651705 -0.950344
    9 6.938272 1.999413 -1.014580 1.593959 0.607869 1.143589
    10 20.710249 -0.000001 0.000000 -3.141593 1.016254 -3.141593
    11 18.105982 0.000001 0.000000 -1.866690 0.164848 1.648359
    12 -6.938270 1.999409 -1.014579 -0.114555 1.119391 -0.167167
    13 20.710224 0.000000 0.000000 0.000000 0.000000 1.873179
    14 18.106007 0.000000 -0.000001 2.496155 -1.225301 0.693573
    15 0.000000 -6.555973 0.000000 0.078330 -0.198303 0.094881
    16 0.000000 -3.252140 0.000004 -1.007215 -0.123769 0.173534
    17 1.548545 -4.925743 -4.285366 -3.057356 -0.121118 -1.650488
    18 1.190170 -10.472042 -0.306138 1.353248 -0.238019 -0.934260
    19 0.000008 0.000000 15.020973 -0.201994 -0.066154 0.008339
    20 0.000004 -0.000001 8.039619 0.000000 0.000000 0.318947
    21 2.899849 -0.471046 -4.331210 -0.449452 -0.559880 -0.709305
    22 -0.000025 2.543312 0.000026 0.221028 0.000000 0.000000
    23 0.000059 2.315285 -0.000040 0.100872 0.000000 0.000000
    24 1.551407 3.956631 -3.900798 2.695900 -1.367576 -3.120852
    25 0.000000 2.741436 -0.000004 -0.256296 0.000000 0.000000
    26 0.000010 2.668510 0.000050 -0.190586 0.000000 0.000000
    27 1.401100 3.639805 -1.202109 2.031148 -1.355830 -2.447084
    28 0.000003 2.810951 0.000004 -0.256296 0.000000 0.000000
    29 -0.000005 2.736202 -0.000031 -0.190586 0.000000 0.000000
    30 1.335663 3.182098 1.418086 0.980184 -1.251585 -1.415249
    31 -0.000003 2.663269 0.000046 -0.256296 0.000000 0.000000
    32 0.000001 2.592527 -0.000031 -0.190586 0.000000 0.000000
    33 1.344765 1.881123 3.809589 1.120332 -1.203080 -1.477339
    34 0.000011 2.315664 -0.000084 -0.256296 0.000000 0.000000
    35 -0.000006 2.254017 0.000076 -0.190586 0.000000 0.000000
    36 0.000004 -4.648438 0.000000 -0.688957 0.003191 0.003654
    37 0.000015 4.648438 -0.000010 -0.719124 0.004476 0.004968
  time 40
    0 103.719460 3.880859 26.703125 -1.151094 0.063357 -0.353914
    1 0.000000 -5.355259 0.000000 0.245660 0.079506 -0.003720
    2 0.000000 -7.488277 -0.000001 0.115191 0.065157 0.000455
    3 0.000000 -5.597980 0.000000 0.090233 0.023342 0.048840
    4 0.000000 -6.565113 -0.000001 0.477448 0.052030 -0.023531
    5 -1.549380 -5.102886 -4.074768 1.498756 -1.239756 0.196727
    6 -0.000053 11.987244 0.000028 -0.765673 0.055005 3.072826
    7 20.109314 0.000000 -0.000002 1.570703 -1.121105 -3.141363
    8 19.941738 0.000001 -0.000004 -0.533024 -0.647397 -0.946751
    9 6.938272 1.999413 -1.014580 1.532163 0.557730 0.903688
    10 20.710249 -0.000001 0.000000 -3.141593 0.985857 -3.141593
    11 18.105982 0.000001 0.000000 -2.020748 0.089673 1.588496
    12 -6.938270 1.999409 -1.014579 -0.190077 1.171282 -0.195317
    13 20.710224 0.000000 0.000000 0.000000 0.000000 1.882065
    14 18.106007 0.000000 -0.000001 2.303136 -1.182091 0.908002
    15 0.000000 -6.555973 0.000000 0.077907 -0.202596 0.078181
    16 0.000000 -3.252140 0.000004 -1.009177 -0.126797 0.170259
    17 1.548545 -4.925743 -4.285366 -3.059801 -0.118312 -1.649305
    18 1.190170 -10.472042 -0.306138 1.353248 -0.238019 -0.934260
    19 0.000008 0.000000 15.020973 -0.201994 -0.066154 0.008339
    20 0.000004 -0.000001 8.039619 0.000000 0.000000 0.318947
    21 2.899849 -0.471046 -4.331210 -0.449452 -0.559880 -0.709305
    22 -0.000025 2.543312 0.000026 0.221028 0.000000 0.000000
    23 0.000059 2.315285 -0.000040 0.100872 0.000000 0.000000
    24 1.551407 3.956631 -3.900798 2.695900 -1.367576 -3.120852
    25 0.000000 2.741436 -0.000004 -0.256296 0.000000 0.000000
    26 0.000010 2.668510 0.000050 -0.190586 0.000000 0.000000
    27 1.401100 3.639805 -1.202109 2.031148 -1.355830 -2.447084
    28 0.000003 2.810951 0.000004 -0.256296 0.000000 0.000000
    29 -0.000005 2.736202 -0.000031 -0.190586 0.000000 0.000000
    30 1.335663 3.182098 1.418086 0.980184 -1.251585 -1.415249
    31 -0.000003 2.663269 0.000046 -0.256296 0.000000 0.000000
    32 0.000001 2.592527 -0.000031 -0.190586 0.000000 0.000000
    33 1.344765 1.881123 3.809589 1.120332 -1.203080 -1.477339
    34 0.000011 2.315664 -0.000084 -0.256296 0.000000 0.000000
    35 -0.000006 2.254017 0.000076 -0.190586 0.000000 0.000000
    36 0.000004 -4.648438 0.000000 -0.687336 0.003188 0.003656
    37 0.000015 4.648438 -0.000010 -0.700120 0.003692 0.004240
  time 41
    0 106.101998 3.929688 26.843750 -1.164845 0.060653 -0.395813
    1 0.000000 -5.355259 0.000000 0.252579 0.054309 0.012806
    2 0.000000 -7.488277 -0.000001 0.119610 0.057310 0.012119
    3 0.000000 -5.597980 0.000000 0.090243 0.019695 0.052464
    4 0.000000 -6.565113 -0.000001 0.477966 0.050570 -0.026011
    5 -1.549380 -5.102886 -4.074768 1.485230 -1.236682 0.201269
    6 -0.000053 11.987244 0.000028 -0.781648 0.057095 3.055330
    7 20.109314 0.000000 -0.000002 1.570592 -1.111653 -3.141181
    8 19.941738 0.000001 -0.000004 -0.530324 -0.634278 -0.938990
    9 6.938272 1.999413 -1.014580 1.526902 0.442444 0.694206
    10 20.710249 -0.000001 0.000000 -3.141593 1.016129 -3.141593
    11 18.105982 0.000001 0.000000 -2.106481 -0.143734 1.585073
    12 -6.938270 1.999409 -1.014579 -0.285551 1.204524 -0.213244
    13 20.710224 0.000000 0.000000 0.000000 0.000000 1.881443
    14 18.106007 0.000000 -0.000001 2.154198 -1.144829 1.088493
    15 0.000000 -6.555973 0.000000 0.075550 -0.207894 0.058695
    16 0.000000 -3.252140 0.000004 -1.011955 -0.127898 0.166982
    17 1.548545 -4.925743 -4.285366 -3.066181 -0.119620 -1.636069
    18 1.190170 -10.472042 -0.306138 1.353248 -0.238019 -0.934260
    19 0.000008 0.000000 15.020973 -0.201994 -0.066154 0.008339
    20 0.000004 -0.000001 8.039619 0.000000 0.000000 0.318947
    21 2.899849 -0.471046 -4.331210 -0.449452 -0.559880 -0.709305
    22 -0.000025 2.543312 0.000026 0.221028 0.000000 0.000000
    23 0.000059 2.315285 -0.000040 0.100872 0.000000 0.000000
    24 1.551407 3.956631 -3.900798 2.695900 -1.367576 -3.120852
    25 0.000000 2.741436 -0.000004 -0.256296 0.000000 0.000000
    26 0.000010 2.668510 0.000050 -0.190586 0.000000 0.000000
    27 1.401100 3.639805 -1.202109 2.031148 -1.355830 -2.447084
    28 0.000003 2.810951 0.000004 -0.256296 0.000000 0.000000
    29 -0.000005 2.736202 -0.000031 -0.190586 0.000000 0.000000
    30 1.335663 3.182098 1.418086 0.980184 -1.251585 -1.415249
    31 -0.000003 2.663269 0.000046 -0.256296 0.000000 0.000000
    32 0.000001 2.592527 -0.000031 -0.190586 0.000000 0.000000
    33 1.344765 1.881123 3.809589 1.120332 -1.203080 -1.477339
    34 0.000011 2.315664 -0.000084 -0.256296 0.000000 0.000000
    35 -0.000006 2.254017 0.000076 -0.190586 0.000000 0.000000
    36 0.000004 -4.648438 0.000000 -0.689929 0.003292 0.003746
    37 0.000015 4.648438 -0.000010 -0.686105 0.003088 0.003564
  time 42
    0 108.484535 4.042969 27.015625 -1.159342 0.055257 -0.431486
    1 0.000000 -5.355259 0.000000 0.248759 0.036237 0.027540
    2 0.000000 -7.488277 -0.000001 0.113539 0.050669 0.022939
    3 0.000000 -5.597980 0.000000 0.089087 0.016606 0.055246
    4 0.000000 -6.565113 -0.000001 0.479071 0.049243 -0.027693
    5 -1.549380 -5.102886 -4.074768 1.461346 -1.234720 0.215088
    6 -0.000053 11.987244 0.000028 -0.805187 0.066146 3.039395
    7 20.109314 0.000000 -0.000002 1.570634 -1.102787 -3.141247
    8 19.941738 0.000001 -0.000004 -0.545079 -0.610910 -0.920416
    9 6.938272 1.999413 -1.014580 1.564501 0.333870 0.518319
    10 20.710249 -0.000001 0.000000 -3.141593 1.092095 -3.141593
    11 18.105982 0.000001 0.000000 -2.183387 -0.325185 1.507586
    12 -6.938270 1.999409 -1.014579 -0.437158 1.224443 -0.270825
    13 20.710224 0.000000 0.000000 0.000000 0.000000 1.864552
    14 18.106007 0.000000 -0.000001 2.019843 -1.118796 1.255214
    15 0.000000 -6.555973 0.000000 0.079472 -0.210159 0.045303
    16 0.000000 -3.252140 0.000004 -1.009954 -0.127106 0.162965
    17 1.548545 -4.925743 -4.285366 -3.072750 -0.122087 -1.628184
    18 1.190170 -10.472042 -0.306138 1.353248 -0.238019 -0.934260
    19 0.000008 0.000000 15.020973 -0.201994 -0.066154 0.008339
    20 0.000004 -0.000001 8.039619 0.000000 0.000000 0.318947
    21 2.899849 -0.471046 -4.331210 -0.449452 -0.559880 -0.709305
    22 -0.000025 2.543312 0.000026 0.221028 0.000000 0.000000
    23 0.000059 2.315285 -0.000040 0.100872 0.000000 0.000000
    24 1.551407 3.956631 -3.900798 2.695900 -1.367576 -3.120852
    25 0.000000 2.741436 -0.000004 -0.256296 0.000000 0.000000
    26 0.000010 2.668510 0.000050 -0.190586 0.000000 0.000000
    27 1.401100 3.639805 -1.202109 2.031148 -1.355830 -2.447084
    28 0.000003 2.810951 0.000004 -0.256296 0.000000 0.000000
    29 -0.000005 2.736202 -0.000031 -0.190586 0.000000 0.000000
    30 1.335663 3.182098 1.418086 0.980184 -1.251585 -1.415249
    31 -0.000003 2.663269 0.000046 -0.256296 0.000000 0.000000
    32 0.000001 2.592527 -0.000031 -0.190586 0.000000 0.000000
    33 1.344765 1.881123 3.809589 1.120332 -1.203080 -1.477339
    34 0.000011 2.315664 -0.000084 -0.256296 0.000000 0.000000
    35 -0.000006 2.254017 0.000076 -0.190586 0.000000 0.000000
    36 0.000004 -4.648438 0.000000 -0.687271 0.003188 0.003656
    37 0.000015 4.648438 -0.000010 -0.684614 0.003044 0.003451
  time 43
    0 110.992072 4.191406 27.203125 -1.150864 0.048658 -0.469998
    1 0.000000 -5.355259 0.000000 0.237462 0.017155 0.039668
    2 0.000000 -7.488277 -0.000001 0.107749 0.044083 0.032826
    3 0.000000 -5.597980 0.000000 0.088306 0.014125 0.057940
    4 0.000000 -6.565113 -0.000001 0.476401 0.048623 -0.026392
    5 -1.549380 -5.102886 -4.074768 1.450964 -1.238467 0.214984
    6 -0.000053 11.987244 0.000028 -0.826297 0.073374 3.025138
    7 20.109314 0.000000 -0.000002 1.570641 -1.100148 -3.141257
    8 19.941738 0.000001 -0.000004 -0.564677 -0.594249 -0.904976
    9 6.938272 1.999413 -1.014580 1.617789 0.236125 0.388869
    10 20.710249 -0.000001 0.000000 3.141593 1.185503 3.141593
    11 18.105982 0.000001 0.000000 -2.080716 -0.379685 1.296265
    12 -6.938270 1.999409 -1.014579 -0.595242 1.235249 -0.322038
    13 20.710224 0.000000 0.000000 0.000000 0.000000 1.831132
    14 18.106007 0.000000 -0.000001 1.889876 -1.098799 1.428772
    15 0.000000 -6.555973 0.000000 0.097691 -0.210038 0.037996
    16 0.000000 -3.252140 0.000004 -0.996354 -0.125579 0.158155
    17 1.548545 -4.925743 -4.285366 -3.081377 -0.116488 -1.630845
    18 1.190170 -10.472042 -0.306138 1.353248 -0.238019 -0.934260
    19 0.000008 0.000000 15.020973 -0.201994 -0.066154 0.008339
    20 0.000004 -0.000001 8.039619 0.000000 0.000000 0.318947
    21 2.899849 -0.471046 -4.331210 -0.449452 -0.559880 -0.709305
    22 -0.000025 2.543312 0.000026 0.221028 0.000000 0.000000
    23 0.000059 2.315285 -0.000040 0.100872 0.000000 0.000000
    24 1.551407 3.956631 -3.900798 2.695900 -1.367576 -3.120852
    25 0.000000 2.741436 -0.000004 -0.256296 0.000000 0.000000
    26 0.000010 2.668510 0.000050 -0.190586 0.000000 0.000000
    27 1.401100 3.639805 -1.202109 2.031148 -1.355830 -2.447084
    28 0.000003 2.810951 0.000004 -0.256296 0.000000 0.000000
    29 -0.000005 2.736202 -0.000031 -0.190586 0.000000 0.000000
    30 1.335663 3.182098 1.418086 0.980184 -1.251585 -1.415249
    31 -0.000003 2.663269 0.000046 -0.256296 0.000000 0.000000
    32 0.000001 2.592527 -0.000031 -0.190586 0.000000 0.000000
    33 1.344765 1.881123 3.809589 1.120332 -1.203080 -1.477339
    34 0.000011 2.315664 -0.000084 -0.256296 0.000000 0.000000
    35 -0.000006 2.254017 0.000076 -0.190586 0.000000 0.000000
    36 0.000004 -4.648438 0.000000 -0.689151 0.003192 0.003653
    37 0.000015 4.648438 -0.000010 -0.697652 0.003546 0.004036
  time 44
    0 113.655859 4.371094 27.312500 -1.153444 0.042394 -0.509570
    1 0.000000 -5.355259 0.000000 0.228827 -0.002936 0.047465
    2 0.000000 -7.488277 -0.000001 0.105837 0.038508 0.042879
    3 0.000000 -5.597980 0.000000 0.086481 0.011832 0.059903
    4 0.000000 -6.565113 -0.000001 0.467992 0.046677 -0.023644
    5 -1.549380 -5.102886 -4.074768 1.493334 -1.239788 0.166008
    6 -0.000053 11.987244 0.000028 -0.833051 0.072944 3.032100
    7 20.109314 0.000000 -0.000002 1.570659 -1.108459 -3.141371
    8 19.941738 0.000001 -0.000004 -0.558999 -0.600199 -0.911756
    9 6.938272 1.999413 -1.014580 1.692318 0.147258 0.328736
    10 20.710249 -0.000001 0.000000 -3.141593 1.271192 -3.141593
    11 18.105982 0.000001 0.000000 -2.037507 -0.420430 1.128950
    12 -6.938270 1.999409 -1.014579 -0.721347 1.245644 -0.337449
    13 20.710224 0.000000 0.000000 0.000000 0.000000 1.785723
    14 18.106007 0.000000 -0.000001 1.769483 -1.076335 1.611655
    15 0.000000 -6.555973 0.000000 0.128402 -0.207343 0.038649
    16 0.000000 -3.252140 0.000004 -0.969912 -0.123654 0.152845
    17 1.548545 -4.925743 -4.285366 -3.086897 -0.103480 -1.633429
    18 1.190170 -10.472042 -0.306138 1.353248 -0.238019 -0.934260
    19 0.000008 0.000000 15.020973 -0.201994 -0.066154 0.008339
    20 0.000004 -0.000001 8.039619 0.000000 0.000000 0.318947
    21 2.899849 -0.471046 -4.331210 -0.449452 -0.559880 -0.709305
    22 -0.000025 2.543312 0.000026 0.221028 0.000000 0.000000
    23 0.000059 2.315285 -0.000040 0.100872 0.000000 0.000000
    24 1.551407 3.956631 -3.900798 2.695900 -1.367576 -3.120852
    25 0.000000 2.741436 -0.000004 -0.256296 0.000000 0.000000
    26 0.000010 2.668510 0.000050 -0.190586 0.000000 0.000000
    27 1.401100 3.639805 -1.202109 2.031148 -1.355830 -2.447084
    28 0.000003 2.810951 0.000004 -0.256296 0.000000 0.000000
    29 -0.000005 2.736202 -0.000031 -0.190586 0.000000 0.000000
    30 1.335663 3.182098 1.418086 0.980184 -1.251585 -1.415249
    31 -0.000003 2.663269 0.000046 -0.256296 0.000000 0.000000
    32 0.000001 2.592527 -0.000031 -0.190586 0.000000 0.000000
    33 1.344765 1.881123 3.809589 1.120332 -1.203080 -1.477339
    34 0.000011 2.315664 -0.000084 -0.256296 0.000000 0.000000
    35 -0.000006 2.254017 0.000076 -0.190586 0.000000 0.000000
    36 0.000004 -4.648438 0.000000 -0.691940 0.003337 0.003858
    37 0.000015 4.648438 -0.000010 -0.727737 0.004842 0.005340
  time 45
    0 116.487615 4.542969 27.343750 -1.158227 0.039152 -0.542547
    1 0.000000 -5.355259 0.000000 0.224968 -0.021079 0.055491
    2 0.000000 -7.488277 -0.000001 0.104473 0.032640 0.049268
    3 0.000000 -5.597980 0.000000 0.081335 0.010025 0.056982
    4 0.000000 -6.565113 -0.000001 0.456628 0.043939 -0.021880
    5 -1.549380 -5.102886 -4.074768 1.529291 -1.233323 0.121729
    6 -0.000053 11.987244 0.000028 -0.837812 0.074265 3.051493
    7 20.109314 0.000000 -0.000002 1.570718 -1.119155 -3.141386
    8 19.941738 0.000001 -0.000004 -0.535877 -0.622473 -0.930513
    9 6.938272 1.999413 -1.014580 1.740174 0.095528 0.314148
    10 20.710249 -0.000001 0.000000 3.141593 1.321340 3.141593
    11 18.105982 0.000001 0.000000 -2.040942 -0.400814 1.106534
    12 -6.938270 1.999409 -1.014579 -0.843305 1.256963 -0.348989
    13 20.710224 0.000000 0.000000 0.000000 0.000000 1.733431
    14 18.106007 0.000000 -0.000001 1.681909 -1.050305 1.790311
    15 0.000000 -6.555973 0.000000 0.145957 -0.200505 0.053576
    16 0.000000 -3.252140 0.000004 -0.943089 -0.121796 0.150555
    17 1.548545 -4.925743 -4.285366 -3.082455 -0.103891 -1.631599
    18 1.190170 -10.472042 -0.306138 1.353248 -0.238019 -0.934260
    19 0.000008 0.000000 15.020973 -0.201994 -0.066154 0.008339
    20 0.000004 -0.000001 8.039619 0.000000 0.000000 0.318947
    21 2.899849 -0.471046 -4.331210 -0.449452 -0.559880 -0.709305
    22 -0.000025 2.543312 0.000026 0.221028 0.000000 0.000000
    23 0.000059 2.315285 -0.000040 0.100872 0.000000 0.000000
    24 1.551407 3.956631 -3.900798 2.695900 -1.367576 -3.120852
    25 0.000000 2.741436 -0.000004 -0.256296 0.000000 0.000000
    26 0.000010 2.668510 0.000050 -0.190586 0.000000 0.000000
    27 1.401100 3.639805 -1.202109 2.031148 -1.355830 -2.447084
    28 0.000003 2.810951 0.000004 -0.256296 0.000000 0.000000
    29 -0.000005 2.736202 -0.000031 -0.190586 0.000000 0.000000
    30 1.335663 3.182098 1.418086 0.980184 -1.251585 -1.415249
    31 -0.000003 2.663269 0.000046 -0.256296 0.000000 0.000000
    32 0.000001 2.592527 -0.000031 -0.190586 0.000000 0.000000
    33 1.344765 1.881123 3.809589 1.120332 -1.203080 -1.477339
    34 0.000011 2.315664 -0.000084 -0.256296 0.000000 0.000000
    35 -0.000006 2.254017 0.000076 -0.190586 0.000000 0.000000
    36 0.000004 -4.648438 0.000000 -0.694341 0.003441 0.003948
    37 0.000015 4.648438 -0.000010 -0.788766 0.007659 0.007919
  time 46
    0 119.393590 4.796875 27.312500 -1.154685 0.040137 -0.559894
    1 0.000000 -5.355259 0.000000 0.223431 -0.028353 0.060465
    2 0.000000 -7.488277 -0.000001 0.098162 0.027356 0.049140
    3 0.000000 -5.597980 0.000000 0.074904 0.008176 0.052473
    4 0.000000 -6.565113 -0.000001 0.445935 0.040434 -0.018499
    5 -1.549380 -5.102886 -4.074768 1.531654 -1.223449 0.125037
    6 -0.000053 11.987244 0.000028 -0.826354 0.079963 3.062709
    7 20.109314 0.000000 -0.000002 1.570577 -1.128874 -3.141166
    8 19.941738 0.000001 -0.000004 -0.522822 -0.631973 -0.946830
    9 6.938272 1.999413 -1.014580 1.725212 0.111762 0.344495
    10 20.710249 -0.000001 0.000000 -3.141593 1.341009 -3.141593
    11 18.105982 0.000001 0.000000 -2.029004 -0.419762 1.129729
    12 -6.938270 1.999409 -1.014579 -0.977324 1.266957 -0.371058
    13 20.710224 0.000000 0.000000 0.000000 0.000000 1.668654
    14 18.106007 0.000000 -0.000001 1.613203 -1.014740 1.981832
    15 0.000000 -6.555973 0.000000 0.145053 -0.198084 0.065897
    16 0.000000 -3.252140 0.000004 -0.936121 -0.122265 0.153121
    17 1.548545 -4.925743 -4.285366 -3.085941 -0.103830 -1.637642
    18 1.190170 -10.472042 -0.306138 1.353248 -0.238019 -0.934260
    19 0.000008 0.000000 15.020973 -0.201994 -0.066154 0.008339
    20 0.000004 -0.000001 8.039619 0.000000 0.000000 0.318947
    21 2.899849 -0.471046 -4.331210 -0.449452 -0.559880 -0.709305
    22 -0.000025 2.543312 0.000026 0.221028 0.000000 0.000000
    23 0.000059 2.315285 -0.000040 0.100872 0.000000 0.000000
    24 1.551407 3.956631 -3.900798 2.695900 -1.367576 -3.120852
    25 0.000000 2.741436 -0.000004 -0.256296 0.000000 0.000000
    26 0.000010 2.668510 0.000050 -0.190586 0.000000 0.000000
    27 1.401100 3.639805 -1.202109 2.031148 -1.355830 -2.447084
    28 0.000003 2.810951 0.000004 -0.256296 0.000000 0.000000
    29 -0.000005 2.736202 -0.000031 -0.190586 0.000000 0.000000
    30 1.335663 3.182098 1.418086 0.980184 -1.251585 -1.415249
    31 -0.000003 2.663269 0.000046 -0.256296 0.000000 0.000000
    32 0.000001 2.592527 -0.000031 -0.190586 0.000000 0.000000
    33 1.344765 1.881123 3.809589 1.120332 -1.203080 -1.477339
    34 0.000011 2.315664 -0.000084 -0.256296 0.000000 0.000000
    35 -0.000006 2.254017 0.000076 -0.190586 0.000000 0.000000
    36 0.000004 -4.648438 0.000000 -0.709223 0.004110 0.004596
    37 0.000015 4.648438 -0.000010 -0.875368 0.011778 0.011201
  time 47
    0 122.451909 5.074219 27.281250 -1.142625 0.042456 -0.561624
    1 0.000000 -5.355259 0.000000 0.216295 -0.026057 0.061774
    2 0.000000 -7.488277 -0.000001 0.092517 0.024231 0.044265
    3 0.000000 -5.597980 0.000000 0.072050 0.006940 0.049848
    4 0.000000 -6.565113 -0.000001 0.440456 0.037952 -0.013899
    5 -1.549380 -5.102886 -4.074768 1.532471 -1.227151 0.123322
    6 -0.000053 11.987244 0.000028 -0.809434 0.075636 3.071953
    7 20.109314 0.000000 -0.000002 1.570658 -1.135954 -3.141295
    8 19.941738 0.000001 -0.000004 -0.504076 -0.648037 -0.962460
    9 6.938272 1.999413 -1.014580 1.679084 0.164154 0.371454
    10 20.710249 -0.000001 0.000000 -3.141593 1.327197 -3.141593
    11 18.105982 0.000001 0.000000 -1.951996 -0.348850 1.196940
    12 -6.938270 1.999409 -1.014579 -1.120069 1.271764 -0.396504
    13 20.710224 0.000000 0.000000 0.000000 0.000000 1.599972
    14 18.106007 0.000000 -0.000001 1.627707 -0.976885 2.178146
    15 0.000000 -6.555973 0.000000 0.129443 -0.200290 0.075767
    16 0.000000 -3.252140 0.000004 -0.946306 -0.122330 0.160773
    17 1.548545 -4.925743 -4.285366 -3.089422 -0.103105 -1.638822
    18 1.190170 -10.472042 -0.306138 1.353248 -0.238019 -0.934260
    19 0.000008 0.000000 15.020973 -0.201994 -0.066154 0.008339
    20 0.000004 -0.000001 8.039619 0.000000 0.000000 0.318947
    21 2.899849 -0.471046 -4.331210 -0.449452 -0.559880 -0.709305
    22 -0.000025 2.543312 0.000026 0.221028 0.000000 0.000000
    23 0.000059 2.315285 -0.000040 0.100872 0.000000 0.000000
    24 1.551407 3.956631 -3.900798 2.695900 -1.367576 -3.120852
    25 0.000000 2.741436 -0.000004 -0.256296 0.000000 0.000000
    26 0.000010 2.668510 0.000050 -0.190586 0.000000 0.000000
    27 1.401100 3.639805 -1.202109 2.031148 -1.355830 -2.447084
    28 0.000003 2.810951 0.000004 -0.256296 0.000000 0.000000
    29 -0.000005 2.736202 -0.000031 -0.190586 0.000000 0.000000
    30 1.335663 3.182098 1.418086 0.980184 -1.251585 -1.415249
    31 -0.000003 2.663269 0.000046 -0.256296 0.000000 0.000000
    32 0.000001 2.592527 -0.000031 -0.190586 0.000000 0.000000
    33 1.344765 1.881123 3.809589 1.120332 -1.203080 -1.477339
    34 0.000011 2.315664 -0.000084 -0.256296 0.000000 0.000000
    35 -0.000006 2.254017 0.000076 -0.190586 0.000000 0.000000
    36 0.000004 -4.648438 0.000000 -0.689411 0.003233 0.003768
    37 0.000015 4.648438 -0.000010 -1.031308 0.019923 0.016211
  time 48
    0 125.404759 5.332031 27.328125 -1.125682 0.048253 -0.551396
    1 0.000000 -5.355259 0.000000 0.215961 -0.022191 0.064160
    2 0.000000 -7.488277 -0.000001 0.082089 0.023571 0.037502
    3 0.000000 -5.597980 0.000000 0.069415 0.007241 0.046548
    4 0.000000 -6.565113 -0.000001 0.440895 0.038074 -0.013864
    5 -1.549380 -5.102886 -4.074768 1.531198 -1.226892 0.132237
    6 -0.000053 11.987244 0.000028 -0.785711 0.075007 3.086958
    7 20.109314 0.000000 -0.000002 1.570632 -1.140199 -3.141336
    8 19.941738 0.000001 -0.000004 -0.491951 -0.672962 -0.973430
    9 6.938272 1.999413 -1.014580 1.628851 0.225219 0.374457
    10 20.710249 -0.000001 0.000000 3.141593 1.274786 3.141593
    11 18.105982 0.000001 0.000000 -1.890097 -0.310553 1.256162
    12 -6.938270 1.999409 -1.014579 -1.240712 1.258415 -0.431469
    13 20.710224 0.000000 0.000000 0.000000 0.000000 1.561799
    14 18.106007 0.000000 -0.000001 1.902027 -0.976505 2.212374
    15 0.000000 -6.555973 0.000000 0.113113 -0.202854 0.083263
    16 0.000000 -3.252140 0.000004 -0.963169 -0.121604 0.168065
    17 1.548545 -4.925743 -4.285366 -3.083078 -0.109566 -1.638015
    18 1.190170 -10.472042 -0.306138 1.353248 -0.238019 -0.934260
    19 0.000008 0.000000 15.020973 -0.201994 -0.066154 0.008339
    20 0.000004 -0.000001 8.039619 0.000000 0.000000 0.318947
    21 2.899849 -0.471046 -4.331210 -0.449452 -0.559880 -0.709305
    22 -0.000025 2.543312 0.000026 0.221028 0.000000 0.000000
    23 0.000059 2.315285 -0.000040 0.100872 0.000000 0.000000
    24 1.551407 3.956631 -3.900798 2.695900 -1.367576 -3.120852
    25 0.000000 2.741436 -0.000004 -0.256296 0.000000 0.000000
    26 0.000010 2.668510 0.000050 -0.190586 0.000000 0.000000
    27 1.401100 3.639805 -1.202109 2.031148 -1.355830 -2.447084
    28 0.000003 2.810951 0.000004 -0.256296 0.000000 0.000000
    29 -0.000005 2.736202 -0.000031 -0.190586 0.000000 0.000000
    30 1.335663 3.182098 1.418086 0.980184 -1.251585 -1.415249
    31 -0.000003 2.663269 0.000046 -0.256296 0.000000 0.000000
    32 0.000001 2.592527 -0.000031 -0.190586 0.000000 0.000000
    33 1.344765 1.881123 3.809589 1.120332 -1.203080 -1.477339
    34 0.000011 2.315664 -0.000084 -0.256296 0.000000 0.000000
    35 -0.000006 2.254017 0.000076 -0.190586 0.000000 0.000000
    36 0.000004 -4.648438 0.000000 -0.719972 0.004521 0.005081
    37 0.000015 4.648438 -0.000010 -1.214810 0.030366 0.020374
  time 49
    0 128.248233 5.523438 27.421875 -1.115719 0.054898 -0.536590
    1 0.000000 -5.355259 0.000000 0.215290 -0.018144 0.063864
    2 0.000000 -7.488277 -0.000001 0.077956 0.024232 0.033444
    3 0.000000 -5.597980 0.000000 0.070101 0.008061 0.045358
    4 0.000000 -6.565113 -0.000001 0.444610 0.040160 -0.015706
    5 -1.549380 -5.102886 -4.074768 1.527167 -1.223298 0.151198
    6 -0.000053 11.987244 0.000028 -0.760203 0.084938 3.114718
    7 20.109314 0.000000 -0.000002 1.570668 -1.140759 -3.141312
    8 19.941738 0.000001 -0.000004 -0.492080 -0.690562 -0.979066
    9 6.938272 1.999413 -1.014580 1.581467 0.298611 0.397065
    10 20.710249 -0.000001 0.000000 -3.141593 1.231695 -3.141593
    11 18.105982 0.000001 0.000000 -1.894959 -0.262262 1.325781
    12 -6.938270 1.999409 -1.014579 -1.283349 1.210953 -0.457978
    13 20.710224 0.000000 0.000000 0.000000 0.000000 1.575595
    14 18.106007 0.000000 -0.000001 2.413702 -1.051804 2.177679
    15 0.000000 -6.555973 0.000000 0.106171 -0.201399 0.089315
    16 0.000000 -3.252140 0.000004 -0.975784 -0.121389 0.170523
    17 1.548545 -4.925743 -4.285366 -3.079602 -0.118673 -1.640586
    18 1.190170 -10.472042 -0.306138 1.353248 -0.238019 -0.934260
    19 0.000008 0.000000 15.020973 -0.201994 -0.066154 0.008339
    20 0.000004 -0.000001 8.039619 0.000000 0.000000 0.318947
    21 2.899849 -0.471046 -4.331210 -0.449452 -0.559880 -0.709305
    22 -0.000025 2.543312 0.000026 0.221028 0.000000 0.000000
    23 0.000059 2.315285 -0.000040 0.100872 0.000000 0.000000
    24 1.551407 3.956631 -3.900798 2.695900 -1.367576 -3.120852
    25 0.000000 2.741436 -0.000004 -0.256296 0.000000 0.000000
    26 0.000010 2.668510 0.000050 -0.190586 0.000000 0.000000
    27 1.401100 3.639805 -1.202109 2.031148 -1.355830 -2.447084
    28 0.000003 2.810951 0.000004 -0.256296 0.000000 0.000000
    29 -0.000005 2.736202 -0.000031 -0.190586 0.000000 0.000000
    30 1.335663 3.182098 1.418086 0.980184 -1.251585 -1.415249
    31 -0.000003 2.663269 0.000046 -0.256296 0.000000 0.000000
    32 0.000001 2.592527 -0.000031 -0.190586 0.000000 0.000000
    33 1.344765 1.881123 3.809589 1.120332 -1.203080 -1.477339
    34 0.000011 2.315664 -0.000084 -0.256296 0.000000 0.000000
    35 -0.000006 2.254017 0.000076 -0.190586 0.000000 0.000000
    36 0.000004 -4.648438 0.000000 -0.748873 0.005799 0.006246
    37 0.000015 4.648438 -0.000010 -1.151056 0.026648 0.019092
  time 50
    0 130.904208 5.613281 27.671875 -1.114496 0.060177 -0.516749
    1 0.000000 -5.355259 0.000000 0.220589 -0.011887 0.061823
    2 0.000000 -7.488277 -0.000001 0.078693 0.026648 0.030739
    3 0.000000 -5.597980 0.000000 0.068984 0.010260 0.044330
    4 0.000000 -6.565113 -0.000001 0.446969 0.043485 -0.016160
    5 -1.549380 -5.102886 -4.074768 1.533956 -1.225921 0.157983
    6 -0.000053 11.987244 0.000028 -0.743649 0.078371 3.095128
    7 20.109314 0.000000 -0.000002 1.570735 -1.132097 -3.141415
    8 19.941738 0.000001 -0.000004 -0.496726 -0.697830 -0.976221
    9 6.938272 1.999413 -1.014580 1.546002 0.382348 0.432949
    10 20.710249 -0.000001 0.000000 -3.141593 1.205028 -3.141593
    11 18.105982 0.000001 0.000000 -1.916288 -0.177978 1.416830
    12 -6.938270 1.999409 -1.014579 -1.317248 1.143633 -0.528548
    13 20.710224 0.000000 0.000000 0.000000 0.000000 1.664116
    14 18.106007 0.000000 -0.000001 2.797171 -0.927952 2.023799
    15 0.000000 -6.555973 0.000000 0.105140 -0.200714 0.090065
    16 0.000000 -3.252140 0.000004 -0.983580 -0.122767 0.170566
    17 1.548545 -4.925743 -4.285366 -3.078583 -0.123940 -1.652687
    18 1.190170 -10.472042 -0.306138 1.353248 -0.238019 -0.934260
    19 0.000008 0.000000 15.020973 -0.201994 -0.066154 0.008339
    20 0.000004 -0.000001 8.039619 0.000000 0.000000 0.318947
    21 2.899849 -0.471046 -4.331210 -0.449452 -0.559880 -0.709305
    22 -0.000025 2.543312 0.000026 0.221028 0.000000 0.000000
    23 0.000059 2.315285 -0.000040 0.100872 0.000000 0.000000
    24 1.551407 3.956631 -3.900798 2.695900 -1.367576 -3.120852
    25 0.000000 2.741436 -0.000004 -0.256296 0.000000 0.000000
    26 0.000010 2.668510 0.000050 -0.190586 0.000000 0.000000
    27 1.401100 3.639805 -1.202109 2.031148 -1.355830 -2.447084
    28 0.000003 2.810951 0.000004 -0.256296 0.000000 0.000000
    29 -0.000005 2.736202 -0.000031 -0.190586 0.000000 0.000000
    30 1.335663 3.182098 1.418086 0.980184 -1.251585 -1.415249
    31 -0.000003 2.663269 0.000046 -0.256296 0.000000 0.000000
    32 0.000001 2.592527 -0.000031 -0.190586 0.000000 0.000000
    33 1.344765 1.881123 3.809589 1.120332 -1.203080 -1.477339
    34 0.000011 2.315664 -0.000084 -0.256296 0.000000 0.000000
    35 -0.000006 2.254017 0.000076 -0.190586 0.000000 0.000000
    36 0.000004 -4.648438 0.000000 -0.779323 0.007164 0.007483
    37 0.000015 4.648438 -0.000010 -0.695639 0.003500 0.003925
  time 51
    0 133.427370 5.667969 27.953125 -1.117947 0.070145 -0.492916
    1 0.000000 -5.355259 0.000000 0.227974 -0.005246 0.050641
    2 0.000000 -7.488277 -0.000001 0.082119 0.031735 0.026109
    3 0.000000 -5.597980 0.000000 0.067047 0.013378 0.045523
    4 0.000000 -6.565113 -0.000001 0.447160 0.046938 -0.009862
    5 -1.549380 -5.102886 -4.074768 1.542902 -1.232406 0.151276
    6 -0.000053 11.987244 0.000028 -0.738490 0.076320 3.086316
    7 20.109314 0.000000 -0.000002 1.570677 -1.119806 -3.141322
    8 19.941738 0.000001 -0.000004 -0.505004 -0.693693 -0.963848
    9 6.938272 1.999413 -1.014580 1.526208 0.470482 0.476056
    10 20.710249 -0.000001 0.000000 -3.141593 1.187904 -3.141593
    11 18.105982 0.000001 0.000000 -1.972782 -0.106978 1.458924
    12 -6.938270 1.999409 -1.014579 -1.338260 1.068627 -0.647547
    13 20.710224 0.000000 0.000000 0.000000 0.000000 1.803336
    14 18.106007 0.000000 -0.000001 2.745420 -0.749191 1.905068
    15 0.000000 -6.555973 0.000000 0.106483 -0.201913 0.084092
    16 0.000000 -3.252140 0.000004 -0.987112 -0.127069 0.168967
    17 1.548545 -4.925743 -4.285366 -3.075442 -0.122395 -1.665042
    18 1.190170 -10.472042 -0.306138 1.353248 -0.238019 -0.934260
    19 0.000008 0.000000 15.020973 -0.201994 -0.066154 0.008339
    20 0.000004 -0.000001 8.039619 0.000000 0.000000 0.318947
    21 2.899849 -0.471046 -4.331210 -0.449452 -0.559880 -0.709305
    22 -0.000025 2.543312 0.000026 0.221028 0.000000 0.000000
    23 0.000059 2.315285 -0.000040 0.100872 0.000000 0.000000
    24 1.551407 3.956631 -3.900798 2.695900 -1.367576 -3.120852
    25 0.000000 2.741436 -0.000004 -0.256296 0.000000 0.000000
    26 0.000010 2.668510 0.000050 -0.190586 0.000000 0.000000
    27 1.401100 3.639805 -1.202109 2.031148 -1.355830 -2.447084
    28 0.000003 2.810951 0.000004 -0.256296 0.000000 0.000000
    29 -0.000005 2.736202 -0.000031 -0.190586 0.000000 0.000000
    30 1.335663 3.182098 1.418086 0.980184 -1.251585 -1.415249
    31 -0.000003 2.663269 0.000046 -0.256296 0.000000 0.000000
    32 0.000001 2.592527 -0.000031 -0.190586 0.000000 0.000000
    33 1.344765 1.881123 3.809589 1.120332 -1.203080 -1.477339
    34 0.000011 2.315664 -0.000084 -0.256296 0.000000 0.000000
    35 -0.000006 2.254017 0.000076 -0.190586 0.000000 0.000000
    36 0.000004 -4.648438 0.000000 -0.774905 0.006999 0.007296
    37 0.000015 4.648438 -0.000010 -0.689929 0.003292 0.003746
  time 52
    0 135.868501 5.703125 28.140625 -1.121025 0.077972 -0.467569
    1 0.000000 -5.355259 0.000000 0.234922 0.004637 0.037793
    2 0.000000 -7.488277 -0.000001 0.083907 0.039103 0.021805
    3 0.000000 -5.597980 0.000000 0.065893 0.017970 0.047865
    4 0.000000 -6.565113 -0.000001 0.446910 0.052408 0.002145
    5 -1.549380 -5.102886 -4.074768 1.542237 -1.243352 0.145314
    6 -0.000053 11.987244 0.000028 -0.737857 0.077610 3.090998
    7 20.109314 0.000000 -0.000002 1.570707 -1.112961 -3.141368
    8 19.941738 0.000001 -0.000004 -0.503702 -0.691189 -0.957037
    9 6.938272 1.999413 -1.014580 1.501916 0.535567 0.534464
    10 20.710249 -0.000001 0.000000 3.141593 1.180687 3.141593
    11 18.105982 0.000001 0.000000 -2.024074 -0.057625 1.509305
    12 -6.938270 1.999409 -1.014579 -1.292664 1.028820 -0.780706
    13 20.710224 0.000000 0.000000 0.000000 0.000000 1.936996
    14 18.106007 0.000000 -0.000001 2.793879 -0.943809 1.564942
    15 0.000000 -6.555973 0.000000 0.108908 -0.206642 0.073649
    16 0.000000 -3.252140 0.000004 -0.986202 -0.134576 0.168345
    17 1.548545 -4.925743 -4.285366 -3.065005 -0.115777 -1.669671
    18 1.190170 -10.472042 -0.306138 1.353248 -0.238019 -0.934260
    19 0.000008 0.000000 15.020973 -0.201994 -0.066154 0.008339
    20 0.000004 -0.000001 8.039619 0.000000 0.000000 0.318947
    21 2.899849 -0.471046 -4.331210 -0.449452 -0.559880 -0.709305
    22 -0.000025 2.543312 0.000026 0.221028 0.000000 0.000000
    23 0.000059 2.315285 -0.000040 0.100872 0.000000 0.000000
    24 1.551407 3.956631 -3.900798 2.695900 -1.367576 -3.120852
    25 0.000000 2.741436 -0.000004 -0.256296 0.000000 0.000000
    26 0.000010 2.668510 0.000050 -0.190586 0.000000 0.000000
    27 1.401100 3.639805 -1.202109 2.031148 -1.355830 -2.447084
    28 0.000003 2.810951 0.000004 -0.256296 0.000000 0.000000
    29 -0.000005 2.736202 -0.000031 -0.190586 0.000000 0.000000
    30 1.335663 3.182098 1.418086 0.980184 -1.251585 -1.415249
    31 -0.000003 2.663269 0.000046 -0.256296 0.000000 0.000000
    32 0.000001 2.592527 -0.000031 -0.190586 0.000000 0.000000
    33 1.344765 1.881123 3.809589 1.120332 -1.203080 -1.477339
    34 0.000011 2.315664 -0.000084 -0.256296 0.000000 0.000000
    35 -0.000006 2.254017 0.000076 -0.190586 0.000000 0.000000
    36 0.000004 -4.648438 0.000000 -0.771677 0.006828 0.007240
    37 0.000015 4.648438 -0.000010 -0.692005 0.003337 0.003858
  time 53
    0 138.368226 5.691406 28.296875 -1.131477 0.082311 -0.437726
    1 0.000000 -5.355259 0.000000 0.243378 0.021928 0.023344
    2 0.000000 -7.488277 -0.000001 0.089800 0.046616 0.019207
    3 0.000000 -5.597980 0.000000 0.066095 0.022592 0.050221
    4 0.000000 -6.565113 -0.000001 0.445581 0.057867 0.016995
    5 -1.549380 -5.102886 -4.074768 1.532101 -1.253860 0.139270
    6 -0.000053 11.987244 0.000028 -0.744650 0.072775 3.081800
    7 20.109314 0.000000 -0.000002 1.570622 -1.113369 -3.141313
    8 19.941738 0.000001 -0.000004 -0.488654 -0.692021 -0.965023
    9 6.938272 1.999413 -1.014580 1.466346 0.559316 0.616639
    10 20.710249 -0.000001 0.000000 -3.141593 1.185721 -3.141593
    11 18.105982 0.000001 0.000000 -2.053727 -0.024166 1.603699
    12 -6.938270 1.999409 -1.014579 -1.132896 1.055024 -0.831862
    13 20.710224 0.000000 0.000000 0.000000 0.000000 2.001659
    14 18.106007 0.000000 -0.000001 2.940607 -1.081028 1.086627
    15 0.000000 -6.555973 0.000000 0.112962 -0.215282 0.053830
    16 0.000000 -3.252140 0.000004 -0.980222 -0.143834 0.166964
    17 1.548545 -4.925743 -4.285366 -3.058688 -0.107274 -1.666079
    18 1.190170 -10.472042 -0.306138 1.353248 -0.238019 -0.934260
    19 0.000008 0.000000 15.020973 -0.201994 -0.066154 0.008339
    20 0.000004 -0.000001 8.039619 0.000000 0.000000 0.318947
    21 2.899849 -0.471046 -4.331210 -0.449452 -0.559880 -0.709305
    22 -0.000025 2.543312 0.000026 0.221028 0.000000 0.000000
    23 0.000059 2.315285 -0.000040 0.100872 0.000000 0.000000
    24 1.551407 3.956631 -3.900798 2.695900 -1.367576 -3.120852
    25 0.000000 2.741436 -0.000004 -0.256296 0.000000 0.000000
    26 0.000010 2.668510 0.000050 -0.190586 0.000000 0.000000
    27 1.401100 3.639805 -1.202109 2.031148 -1.355830 -2.447084
    28 0.000003 2.810951 0.000004 -0.256296 0.000000 0.000000
    29 -0.000005 2.736202 -0.000031 -0.190586 0.000000 0.000000
    30 1.335663 3.182098 1.418086 0.980184 -1.251585 -1.415249
    31 -0.000003 2.663269 0.000046 -0.256296 0.000000 0.000000
    32 0.000001 2.592527 -0.000031 -0.190586 0.000000 0.000000
    33 1.344765 1.881123 3.809589 1.120332 -1.203080 -1.477339
    34 0.000011 2.315664 -0.000084 -0.256296 0.000000 0.000000
    35 -0.000006 2.254017 0.000076 -0.190586 0.000000 0.000000
    36 0.000004 -4.648438 0.000000 -0.749922 0.005847 0.006357
    37 0.000015 4.648438 -0.000010 -0.704345 0.003900 0.004419
  time 54
    0 140.907013 5.621094 28.468750 -1.146434 0.092285 -0.406618
    1 0.000000 -5.355259 0.000000 0.250721 0.040759 0.003660
    2 0.000000 -7.488277 -0.000001 0.098867 0.053213 0.012781
    3 0.000000 -5.597980 0.000000 0.067675 0.026425 0.051348
    4 0.000000 -6.565113 -0.000001 0.443434 0.061272 0.033596
    5 -1.549380 -5.102886 -4.074768 1.506625 -1.258455 0.154523
    6 -0.000053 11.987244 0.000028 -0.751101 0.084603 3.090242
    7 20.109314 0.000000 -0.000002 1.570633 -1.117202 -3.141250
    8 19.941738 0.000001 -0.000004 -0.483482 -0.687925 -0.970955
    9 6.938272 1.999413 -1.014580 1.425338 0.548132 0.711398
    10 20.710249 -0.000001 0.000000 -3.141593 1.202548 -3.141593
    11 18.105982 0.000001 0.000000 -2.071022 -0.004368 1.722050
    12 -6.938270 1.999409 -1.014579 -0.809857 1.103684 -0.701737
    13 20.710224 0.000000 0.000000 0.000000 0.000000 1.977011
    14 18.106007 0.000000 -0.000001 2.835894 -1.103810 0.904325
    15 0.000000 -6.555973 0.000000 0.117990 -0.220954 0.038329
    16 0.000000 -3.252140 0.000004 -0.972403 -0.151215 0.164729
    17 1.548545 -4.925743 -4.285366 -3.054722 -0.097745 -1.660364
    18 1.190170 -10.472042 -0.306138 1.353248 -0.238019 -0.934260
    19 0.000008 0.000000 15.020973 -0.201994 -0.066154 0.008339
    20 0.000004 -0.000001 8.039619 0.000000 0.000000 0.318947
    21 2.899849 -0.471046 -4.331210 -0.449452 -0.559880 -0.709305
    22 -0.000025 2.543312 0.000026 0.221028 0.000000 0.000000
    23 0.000059 2.315285 -0.000040 0.100872 0.000000 0.000000
    24 1.551407 3.956631 -3.900798 2.695900 -1.367576 -3.120852
    25 0.000000 2.741436 -0.000004 -0.256296 0.000000 0.000000
    26 0.000010 2.668510 0.000050 -0.190586 0.000000 0.000000
    27 1.401100 3.639805 -1.202109 2.031148 -1.355830 -2.447084
    28 0.000003 2.810951 0.000004 -0.256296 0.000000 0.000000
    29 -0.000005 2.736202 -0.000031 -0.190586 0.000000 0.000000
    30 1.335663 3.182098 1.418086 0.980184 -1.251585 -1.415249
    31 -0.000003 2.663269 0.000046 -0.256296 0.000000 0.000000
    32 0.000001 2.592527 -0.000031 -0.190586 0.000000 0.000000
    33 1.344765 1.881123 3.809589 1.120332 -1.203080 -1.477339
    34 0.000011 2.315664 -0.000084 -0.256296 0.000000 0.000000
    35 -0.000006 2.254017 0.000076 -0.190586 0.000000 0.000000
    36 0.000004 -4.648438 0.000000 -0.720428 0.004579 0.005058
    37 0.000015 4.648438 -0.000010 -0.701290 0.003752 0.004217
  time 55
    0 143.453613 5.488281 28.625000 -1.161061 0.106732 -0.372992
    1 0.000000 -5.355259 0.000000 0.252802 0.060503 -0.016562
    2 0.000000 -7.488277 -0.000001 0.108433 0.058592 0.004037
    3 0.000000 -5.597980 0.000000 0.071830 0.028829 0.051250
    4 0.000000 -6.565113 -0.000001 0.442432 0.063806 0.037138
    5 -1.549380 -5.102886 -4.074768 1.482310 -1.256597 0.199490
    6 -0.000053 11.987244 0.000028 -0.742053 0.099831 3.079551
    7 20.109314 0.000000 -0.000002 1.570575 -1.120537 -3.141239
    8 19.941738 0.000001 -0.000004 -0.483696 -0.685741 -0.975631
    9 6.938272 1.999413 -1.014580 1.388312 0.521640 0.814785
    10 20.710249 -0.000001 0.000000 -3.141593 1.229792 -3.141593
    11 18.105982 0.000001 0.000000 -2.079744 0.010434 1.849024
    12 -6.938270 1.999409 -1.014579 -0.387638 1.069547 -0.419627
    13 20.710224 0.000000 0.000000 0.000000 0.000000 1.882687
    14 18.106007 0.000000 -0.000001 2.532628 -1.133550 0.963495
    15 0.000000 -6.555973 0.000000 0.127805 -0.217960 0.044084
    16 0.000000 -3.252140 0.000004 -0.965870 -0.151707 0.163384
    17 1.548545 -4.925743 -4.285366 -3.051862 -0.102869 -1.666770
    18 1.190170 -10.472042 -0.306138 1.353248 -0.238019 -0.934260
    19 0.000008 0.000000 15.020973 -0.201994 -0.066154 0.008339
    20 0.000004 -0.000001 8.039619 0.000000 0.000000 0.318947
    21 2.899849 -0.471046 -4.331210 -0.449452 -0.559880 -0.709305
    22 -0.000025 2.543312 0.000026 0.221028 0.000000 0.000000
    23 0.000059 2.315285 -0.000040 0.100872 0.000000 0.000000
    24 1.551407 3.956631 -3.900798 2.695900 -1.367576 -3.120852
    25 0.000000 2.741436 -0.000004 -0.256296 0.000000 0.000000
    26 0.000010 2.668510 0.000050 -0.190586 0.000000 0.000000
    27 1.401100 3.639805 -1.202109 2.031148 -1.355830 -2.447084
    28 0.000003 2.810951 0.000004 -0.256296 0.000000 0.000000
    29 -0.000005 2.736202 -0.000031 -0.190586 0.000000 0.000000
    30 1.335663 3.182098 1.418086 0.980184 -1.251585 -1.415249
    31 -0.000003 2.663269 0.000046 -0.256296 0.000000 0.000000
    32 0.000001 2.592527 -0.000031 -0.190586 0.000000 0.000000
    33 1.344765 1.881123 3.809589 1.120332 -1.203080 -1.477339
    34 0.000011 2.315664 -0.000084 -0.256296 0.000000 0.000000
    35 -0.000006 2.254017 0.000076 -0.190586 0.000000 0.000000
    36 0.000004 -4.648438 0.000000 -0.690448 0.003293 0.003745
    37 0.000015 4.648438 -0.000010 -0.691421 0.003336 0.003859
end
