// Created by Crowbar 0.74
version 1
nodes
  0 "ValveBiped.ValveBiped" -1
  1 "ValveBiped.Bip01" 0
  2 "ValveBiped.Camera" 0
  3 "ValveBiped.weapon_bone" 1
  4 "ValveBiped.attach_muzzle" 3
  5 "ValveBiped.attach_shell_eject" 3
  6 "ValveBiped.attach_camera" 2
  7 "ValveBiped.Bip01_Spine" 1
  8 "ValveBiped.Bip01_Spine1" 7
  9 "ValveBiped.Bip01_Spine2" 8
  10 "ValveBiped.Bip01_Spine4" 9
  11 "ValveBiped.Bip01_L_Clavicle" 10
  12 "ValveBiped.Bip01_L_UpperArm" 11
  13 "ValveBiped.Bip01_L_Forearm" 12
  14 "ValveBiped.Bip01_L_Hand" 13
  15 "ValveBiped.Bip01_L_Finger4" 14
  16 "ValveBiped.Bip01_L_Finger41" 15
  17 "ValveBiped.Bip01_L_Finger42" 16
  18 "ValveBiped.Bip01_L_Finger3" 14
  19 "ValveBiped.Bip01_L_Finger31" 18
  20 "ValveBiped.Bip01_L_Finger32" 19
  21 "ValveBiped.Bip01_L_Finger2" 14
  22 "ValveBiped.Bip01_L_Finger21" 21
  23 "ValveBiped.Bip01_L_Finger22" 22
  24 "ValveBiped.Bip01_L_Finger1" 14
  25 "ValveBiped.Bip01_L_Finger11" 24
  26 "ValveBiped.Bip01_L_Finger12" 25
  27 "ValveBiped.Bip01_L_Finger0" 14
  28 "ValveBiped.Bip01_L_Finger01" 27
  29 "ValveBiped.Bip01_L_Finger02" 28
  30 "ValveBiped.Bip01_R_Clavicle" 10
  31 "ValveBiped.Bip01_R_UpperArm" 30
  32 "ValveBiped.Bip01_R_Forearm" 31
  33 "ValveBiped.Bip01_R_Hand" 32
  34 "ValveBiped.Bip01_R_Finger4" 33
  35 "ValveBiped.Bip01_R_Finger41" 34
  36 "ValveBiped.Bip01_R_Finger42" 35
  37 "ValveBiped.Bip01_R_Finger3" 33
  38 "ValveBiped.Bip01_R_Finger31" 37
  39 "ValveBiped.Bip01_R_Finger32" 38
  40 "ValveBiped.Bip01_R_Finger2" 33
  41 "ValveBiped.Bip01_R_Finger21" 40
  42 "ValveBiped.Bip01_R_Finger22" 41
  43 "ValveBiped.Bip01_R_Finger1" 33
  44 "ValveBiped.Bip01_R_Finger11" 43
  45 "ValveBiped.Bip01_R_Finger12" 44
  46 "ValveBiped.Bip01_R_Finger0" 33
  47 "ValveBiped.Bip01_R_Finger01" 46
  48 "ValveBiped.Bip01_R_Finger02" 47
  49 "ValveBiped.weapon_charger_slide" 3
  50 "ValveBiped.weapon_stock_hammer" 3
  51 "ValveBiped.weapon_bolt" 3
  52 "ValveBiped.weapon_safety" 3
  53 "ValveBiped.weapon_trigger" 3
  54 "ValveBiped.weapon_clip_realease" 3
  55 "ValveBiped.weapon_clip" 3
  56 "ValveBiped.weapon_clip_bullets" 55
  57 "ValveBiped.Bip01_R_Forearm_driven" 32
  58 "ValveBiped.Bip01_R_Driven_ulna" 32
  59 "ValveBiped.Bip01_R_thumbroot" 33
  60 "ValveBiped.Bip01_L_Forearm_driven" 13
  61 "ValveBiped.Bip01_L_Driven_ulna" 13
  62 "ValveBiped.Bip01_L_thumbroot" 14
  63 "ValveBiped.hlp_wrist01_L" 14
  64 "ValveBiped.hlp_ulna02_L" 13
  65 "ValveBiped.hlp_ulna01_L" 13
  66 "ValveBiped.hlp_wrist01_R" 33
  67 "ValveBiped.hlp_ulna01_R" 32
end
skeleton
  time 0
    0 -1.000000 0.000000 -55.000000 1.570788 0.000007 -0.000007
    1 0.000000 38.312500 -0.516602 1.570789 0.004440 1.570789
    2 0.285165 54.416785 -3.105564 0.000000 0.000000 0.000000
    3 1.367882 5.874209 9.453413 1.359199 -0.657536 -2.968279
    4 0.000000 0.099715 8.360889 0.000000 -1.570796 0.000000
    5 0.113285 23.754495 8.439047 0.000000 -1.570748 4.712197
    6 0.000000 0.000000 0.000000 -1.570792 -1.570789 0.000000
    7 4.042969 0.000000 0.000000 0.000000 0.000000 -0.078758
    8 3.995838 0.000000 0.000000 0.106423 -0.037524 0.106327
    9 3.698238 0.000000 0.000000 0.092221 -0.060486 0.192858
    10 5.700886 0.000000 0.000000 0.080632 -0.099243 0.393238
    11 4.065395 1.458945 1.500000 1.274351 -0.972498 -3.016248
    12 5.507359 0.000004 0.000001 -1.774344 -0.019056 0.198851
    13 10.907391 0.000000 0.000004 0.000000 0.000024 -1.554668
    14 10.424316 -0.000007 -0.000031 -0.392711 -0.145325 -0.183765
    15 2.997272 0.005413 -1.477472 0.048725 0.112741 -0.654683
    16 1.510380 -0.000002 0.000000 0.102007 -0.018587 -1.050084
    17 0.808647 0.000001 0.000000 0.074513 -0.167910 -1.025859
    18 3.305794 0.203110 -0.546729 0.146321 0.120103 -0.673356
    19 1.807177 0.000000 0.000000 0.012053 -0.101773 -1.183172
    20 0.966141 -0.000001 0.000000 -0.003499 -0.006390 -0.767940
    21 3.571516 0.109303 0.409580 0.093171 0.176196 -0.995117
    22 2.150654 0.000000 0.000000 -0.009599 -0.067735 -1.184706
    23 1.152744 0.000001 0.000000 -0.025265 0.000085 -1.098543
    24 3.684093 -0.158703 1.419181 0.009585 0.296870 -0.902273
    25 1.701010 0.000000 0.000000 0.004252 0.081918 -1.300947
    26 0.994709 0.000002 0.000000 -0.014890 0.035612 -0.462859
    27 1.068075 -1.287205 0.981903 2.068194 -0.124080 -0.600797
    28 1.836302 0.000003 -0.000002 -0.003686 0.139062 -0.385174
    29 1.223946 -0.000001 0.000000 0.029852 -0.027586 -0.628670
    30 -8.610777 -0.709088 -0.460906 -1.763510 1.041138 -3.256630
    31 5.507362 -0.000008 -0.000001 1.902605 1.336159 0.835694
    32 10.907394 0.000001 -0.000008 0.000000 -0.000012 -1.374645
    33 10.424301 -0.000005 0.000015 -0.723926 0.283986 0.940156
    34 2.997293 0.000065 1.477481 0.008104 0.172894 -0.291131
    35 1.510380 -0.000002 0.000000 -0.000330 -0.020183 -1.183530
    36 0.808651 0.000000 0.000000 -0.153484 0.046618 -1.271586
    37 3.305807 0.201134 0.547461 -0.175834 0.028629 -0.707503
    38 1.807178 -0.000002 0.000000 -0.005538 0.102335 -1.119262
    39 0.966137 -0.000001 0.000000 0.007781 -0.006361 -1.370831
    40 3.571524 0.110785 -0.409182 -0.280349 0.005236 -0.808430
    41 2.150660 0.000002 0.000000 -0.019153 0.065693 -1.609223
    42 1.152756 0.000000 0.000000 0.008505 -0.008700 -1.087255
    43 3.684111 -0.153564 -1.419746 -0.068354 0.064613 -0.408614
    44 1.701017 0.000004 0.000000 -0.007931 -0.081642 -1.256212
    45 0.994705 0.000000 0.000000 0.038449 -0.003161 -1.554984
    46 1.068094 -1.283655 -0.986553 -1.690053 0.345004 -0.122821
    47 1.836308 -0.000001 0.000002 -0.773162 0.588847 -0.414621
    48 1.223946 -0.000001 0.000002 -0.039633 0.008995 -1.152004
    49 0.000000 1.945634 -1.740829 0.000000 0.000000 0.000000
    50 0.000000 1.092286 -2.833118 0.000000 0.000000 0.000000
    51 0.000000 1.945635 0.000000 0.000000 0.000000 0.000000
    52 0.000000 1.228824 1.706703 0.000000 0.000000 0.000000
    53 0.000004 -0.000004 0.000000 0.000000 0.000000 0.000000
    54 0.000000 -0.000002 3.037922 0.000000 0.000000 0.000000
    55 0.000000 -0.000002 3.857136 0.000000 0.000000 0.000000
    56 0.000000 -0.876005 0.000000 0.000000 0.000000 0.000000
    57 3.201996 0.000000 -0.000004 -1.361357 -0.104720 0.122173
    58 6.694000 0.000000 -0.000004 -1.361357 -0.104982 0.122278
    59 0.109995 -0.821001 -0.907000 -1.824288 0.360672 -0.305712
    60 3.257999 -0.031000 0.000000 1.361357 0.104720 0.122173
    61 6.867996 0.000000 0.000000 1.361357 0.104720 0.122173
    62 0.084999 -0.691999 1.011000 -1.333798 0.454466 1.954245
    63 0.000002 0.000000 0.000000 0.785351 0.000000 0.000000
    64 9.179489 0.000000 0.000004 -0.785350 0.000000 0.000000
    65 6.694332 0.000001 0.000000 0.392675 0.000000 0.000000
    66 -0.000002 0.000000 0.000000 -0.260559 0.000000 0.000000
    67 6.694324 0.000000 0.000000 0.260577 0.000000 0.000000
  time 1
    0 -1.000000 0.000000 -55.000000 1.570788 0.000007 -0.000007
    1 0.000000 38.312500 -0.516602 1.570789 0.004440 1.570789
    2 0.285165 54.416785 -3.105564 -0.005237 0.026798 -0.001426
    3 5.278158 6.538292 8.406507 1.239209 -0.533108 -3.060322
    4 0.000000 0.099715 8.360889 0.000000 -1.570796 0.000000
    5 0.113285 23.754495 8.439047 0.000000 -1.570748 4.712197
    6 0.000000 0.000000 0.000000 -1.570792 -1.570789 0.000000
    7 4.042969 0.000000 0.000000 0.000000 0.000000 -0.078758
    8 3.995838 0.000000 0.000000 0.106423 -0.037524 0.106327
    9 3.698238 0.000000 0.000000 0.092221 -0.060486 0.192858
    10 5.700886 0.000000 0.000000 0.080632 -0.099243 0.393238
    11 4.065395 1.458945 1.500000 1.274351 -0.972498 -3.016248
    12 5.507359 0.000004 0.000001 -1.864177 0.203624 0.187328
    13 10.907391 0.000000 0.000004 0.000000 0.000036 -1.770694
    14 10.424316 -0.000007 -0.000031 -0.648416 -0.190006 -0.115600
    15 2.997272 0.005413 -1.477472 0.048725 0.112741 -0.654683
    16 1.510380 -0.000002 0.000000 0.102007 -0.018587 -1.050084
    17 0.808647 0.000001 0.000000 0.074513 -0.167910 -1.025859
    18 3.305794 0.203110 -0.546729 0.146321 0.120103 -0.673356
    19 1.807177 0.000000 0.000000 0.012053 -0.101773 -1.183172
    20 0.966141 -0.000001 0.000000 -0.003499 -0.006390 -0.767940
    21 3.571516 0.109303 0.409580 0.093171 0.176196 -0.995117
    22 2.150654 0.000000 0.000000 -0.009599 -0.067735 -1.184690
    23 1.152744 0.000001 0.000000 -0.025265 0.000085 -1.098543
    24 3.684093 -0.158703 1.419181 0.009585 0.296870 -0.902273
    25 1.701010 0.000000 0.000000 0.004252 0.081918 -1.300928
    26 0.994709 0.000002 0.000000 -0.014878 0.035612 -0.462859
    27 1.068075 -1.287205 0.981903 2.068194 -0.124080 -0.600797
    28 1.836302 0.000003 -0.000002 -0.003686 0.139062 -0.385174
    29 1.223946 -0.000001 0.000000 0.029852 -0.027586 -0.628670
    30 -8.610777 -0.709088 -0.460906 -1.763510 1.041138 -3.256630
    31 5.507362 -0.000008 -0.000001 2.274282 1.052828 1.091209
    32 10.907394 0.000001 -0.000008 0.000000 -0.000012 -1.630455
    33 10.424301 -0.000005 0.000015 -0.959762 0.219895 0.938699
    34 2.997293 0.000065 1.477481 0.008104 0.172894 -0.291131
    35 1.510380 -0.000002 0.000000 -0.000330 -0.020183 -1.183530
    36 0.808651 0.000000 0.000000 -0.153484 0.046618 -1.271586
    37 3.305807 0.201134 0.547461 -0.175834 0.028629 -0.707503
    38 1.807178 -0.000002 0.000000 -0.005538 0.102335 -1.119262
    39 0.966137 -0.000001 0.000000 0.007781 -0.006361 -1.370831
    40 3.571524 0.110785 -0.409182 -0.280349 0.005236 -0.808430
    41 2.150660 0.000002 0.000000 -0.019153 0.065693 -1.609223
    42 1.152756 0.000000 0.000000 0.008505 -0.008700 -1.087255
    43 3.684111 -0.153564 -1.419746 -0.068354 0.064613 -0.408614
    44 1.701017 0.000004 0.000000 -0.007931 -0.081642 -1.256212
    45 0.994705 0.000000 0.000000 0.038449 -0.003161 -1.554984
    46 1.068094 -1.283655 -0.986553 -1.690053 0.345004 -0.122821
    47 1.836308 -0.000001 0.000002 -0.773162 0.588847 -0.414597
    48 1.223946 -0.000001 0.000002 -0.039633 0.008983 -1.152004
    49 0.000000 1.945634 -1.740829 0.000000 0.000000 0.000000
    50 0.000000 1.092286 -2.833118 0.000000 0.000000 0.000000
    51 0.000000 1.945635 0.000000 0.000000 0.000000 0.000000
    52 0.000000 1.228824 1.706703 0.000000 0.000000 0.000000
    53 0.000004 -0.000004 0.000000 0.000000 0.000000 0.000000
    54 0.000000 -0.000002 3.037922 0.000000 0.000000 0.000000
    55 0.000000 -0.000002 3.857136 0.000000 0.000000 0.000000
    56 0.000000 -0.876005 0.000000 0.000000 0.000000 0.000000
    57 3.201996 0.000000 -0.000004 -1.361357 -0.104720 0.122173
    58 6.694000 0.000000 -0.000004 -1.361357 -0.104982 0.122278
    59 0.109995 -0.821001 -0.907000 -1.824288 0.360672 -0.305712
    60 3.257999 -0.031000 0.000000 1.361357 0.104720 0.122173
    61 6.867996 0.000000 0.000000 1.361357 0.104720 0.122173
    62 0.084999 -0.691999 1.011000 -1.333798 0.454466 1.954245
    63 0.000002 0.000000 0.000000 0.785351 0.000000 0.000000
    64 9.179489 0.000000 0.000004 -0.785374 0.000000 0.000000
    65 6.694332 0.000001 0.000000 0.392675 0.000000 0.000000
    66 -0.000002 0.000000 0.000000 -0.122624 0.000000 0.000000
    67 6.694324 0.000000 0.000000 0.122650 0.000000 0.000000
  time 2
    0 -1.000000 0.000000 -55.000000 1.570788 0.000007 -0.000007
    1 0.000000 38.312500 -0.516602 1.570789 0.004440 1.570789
    2 0.285165 54.416785 -3.105564 -0.011277 0.059180 -0.003080
    3 9.196246 7.202375 7.367412 1.093754 -0.403914 -3.138538
    4 0.000000 0.099715 8.360889 0.000000 -1.570796 0.000000
    5 0.117191 23.754495 8.442954 0.000000 -1.570700 4.712197
    6 0.000000 0.000000 0.000000 -1.570792 -1.570789 0.000000
    7 4.042969 0.000000 0.000000 0.000000 0.000000 -0.078758
    8 3.995838 0.000000 0.000000 0.106423 -0.037524 0.106327
    9 3.698238 0.000000 0.000000 0.092221 -0.060486 0.192858
    10 5.700886 0.000000 0.000000 0.080632 -0.099243 0.393238
    11 4.065395 1.458945 1.500000 1.274351 -0.972498 -3.016248
    12 5.507359 0.000004 0.000001 -1.965451 0.422237 0.127304
    13 10.907391 0.000000 0.000004 0.000000 0.000024 -1.978231
    14 10.424316 -0.000007 -0.000031 -0.905252 -0.206166 -0.009086
    15 2.997272 0.005413 -1.477472 0.048725 0.112741 -0.654683
    16 1.510380 -0.000002 0.000000 0.102007 -0.018587 -1.050084
    17 0.808647 0.000001 0.000000 0.074513 -0.167910 -1.025859
    18 3.305794 0.203110 -0.546729 0.146321 0.120103 -0.673356
    19 1.807177 0.000000 0.000000 0.012053 -0.101773 -1.183172
    20 0.966141 -0.000001 0.000000 -0.003499 -0.006390 -0.767940
    21 3.571516 0.109303 0.409580 0.093171 0.176196 -0.995117
    22 2.150654 0.000000 0.000000 -0.009599 -0.067735 -1.184690
    23 1.152744 0.000001 0.000000 -0.025265 0.000085 -1.098543
    24 3.684093 -0.158703 1.419181 0.009585 0.296870 -0.902273
    25 1.701010 0.000000 0.000000 0.004252 0.081918 -1.300928
    26 0.994709 0.000002 0.000000 -0.014878 0.035612 -0.462859
    27 1.068075 -1.287205 0.981903 2.068194 -0.124080 -0.600797
    28 1.836302 0.000003 -0.000002 -0.003686 0.139062 -0.385174
    29 1.223946 -0.000001 0.000000 0.029852 -0.027586 -0.628670
    30 -8.610777 -0.709088 -0.460906 -1.763510 1.041138 -3.256630
    31 5.507362 -0.000008 -0.000001 2.553255 0.792549 1.178512
    32 10.907394 0.000001 -0.000008 0.000000 -0.000012 -1.690540
    33 10.424301 -0.000005 0.000015 -1.185460 0.079201 0.719432
    34 2.997293 0.000065 1.477481 0.008104 0.172894 -0.291131
    35 1.510380 -0.000002 0.000000 -0.000330 -0.020183 -1.183530
    36 0.808651 0.000000 0.000000 -0.153484 0.046618 -1.271552
    37 3.305807 0.201134 0.547461 -0.175834 0.028629 -0.707503
    38 1.807178 -0.000002 0.000000 -0.005538 0.102335 -1.119262
    39 0.966137 -0.000001 0.000000 0.007781 -0.006361 -1.370831
    40 3.571524 0.110785 -0.409182 -0.280349 0.005236 -0.808430
    41 2.150660 0.000002 0.000000 -0.019153 0.065693 -1.609223
    42 1.152756 0.000000 0.000000 0.008505 -0.008700 -1.087255
    43 3.684111 -0.153564 -1.419746 -0.068354 0.064613 -0.408614
    44 1.701017 0.000004 0.000000 -0.007931 -0.081642 -1.256212
    45 0.994705 0.000000 0.000000 0.038449 -0.003161 -1.554984
    46 1.068094 -1.283655 -0.986553 -1.690053 0.345004 -0.122821
    47 1.836308 -0.000001 0.000002 -0.773162 0.588847 -0.414609
    48 1.223946 -0.000001 0.000002 -0.039633 0.008983 -1.152004
    49 0.000000 1.945634 -1.740829 0.000000 0.000000 0.000000
    50 0.000000 1.092286 -2.833118 0.000000 0.000000 0.000000
    51 0.000000 1.945635 0.000000 0.000000 0.000000 0.000000
    52 0.000000 1.228824 1.706703 0.000000 0.000000 0.000000
    53 0.000004 -0.000004 0.000000 0.000000 0.000000 0.000000
    54 0.000000 -0.000002 3.037922 0.000000 0.000000 0.000000
    55 0.000000 -0.000002 3.857136 0.000000 0.000000 0.000000
    56 0.000000 -0.876005 0.000000 0.000000 0.000000 0.000000
    57 3.201996 0.000000 -0.000004 -1.361357 -0.104720 0.122173
    58 6.694000 0.000000 -0.000004 -1.361357 -0.104982 0.122278
    59 0.109995 -0.821001 -0.907000 -1.824288 0.360672 -0.305712
    60 3.257999 -0.031000 0.000000 1.361357 0.104720 0.122173
    61 6.867996 0.000000 0.000000 1.361357 0.104720 0.122173
    62 0.084999 -0.691999 1.011000 -1.333798 0.454466 1.954245
    63 0.000002 0.000000 0.000000 0.785351 0.000000 0.000000
    64 9.179489 0.000000 0.000004 -0.785350 0.000000 0.000000
    65 6.694332 0.000001 0.000000 0.392675 0.000000 0.000000
    66 -0.000002 0.000000 0.000000 -0.066993 0.000000 0.000000
    67 6.694324 0.000000 0.000000 0.066997 0.000000 0.000000
  time 3
    0 -1.000000 0.000000 -55.000000 1.570788 0.000007 -0.000007
    1 0.000000 38.312500 -0.516602 1.570789 0.004440 1.570789
    2 0.285165 54.416785 -3.105564 -0.017306 0.091371 -0.004734
    3 13.086990 7.854739 6.328318 0.928594 -0.273571 -3.208197
    4 0.000000 0.099715 8.360889 0.000000 -1.570796 0.000000
    5 0.117191 23.754495 8.442954 0.000000 -1.570700 4.712197
    6 0.000000 0.000000 0.000000 -1.570792 -1.570789 0.000000
    7 4.042969 0.000000 0.000000 0.000000 0.000000 -0.078758
    8 3.995838 0.000000 0.000000 0.106423 -0.037524 0.106327
    9 3.698238 0.000000 0.000000 0.092221 -0.060486 0.192858
    10 5.700886 0.000000 0.000000 0.080632 -0.099243 0.393238
    11 4.065395 1.458945 1.500000 1.274351 -0.972498 -3.016248
    12 5.507359 0.000004 0.000001 -2.123307 0.648634 -0.007394
    13 10.907391 0.000000 0.000004 0.000000 0.000048 -2.208141
    14 10.424316 -0.000007 -0.000031 -1.155478 -0.162255 0.125779
    15 2.997272 0.005413 -1.477472 0.048725 0.112741 -0.654683
    16 1.510380 -0.000002 0.000000 0.102007 -0.018587 -1.050084
    17 0.808647 0.000001 0.000000 0.074513 -0.167910 -1.025859
    18 3.305794 0.203110 -0.546729 0.146321 0.120103 -0.673356
    19 1.807177 0.000000 0.000000 0.012053 -0.101773 -1.183172
    20 0.966141 -0.000001 0.000000 -0.003499 -0.006390 -0.767940
    21 3.571516 0.109303 0.409580 0.093171 0.176196 -0.995117
    22 2.150654 0.000000 0.000000 -0.009599 -0.067735 -1.184690
    23 1.152744 0.000001 0.000000 -0.025265 0.000085 -1.098543
    24 3.684093 -0.158703 1.419181 0.009597 0.296870 -0.902273
    25 1.701010 0.000000 0.000000 0.004252 0.081918 -1.300928
    26 0.994709 0.000002 0.000000 -0.014878 0.035612 -0.462859
    27 1.068075 -1.287205 0.981903 2.068194 -0.124080 -0.600797
    28 1.836302 0.000003 -0.000002 -0.003686 0.139062 -0.385174
    29 1.223946 -0.000001 0.000000 0.029852 -0.027586 -0.628670
    30 -8.610777 -0.709088 -0.460906 -1.763510 1.041138 -3.256630
    31 5.507362 -0.000008 -0.000001 2.838357 0.591213 1.276978
    32 10.907394 0.000001 -0.000008 0.000000 0.000000 -1.522246
    33 10.424301 -0.000005 0.000015 -1.308306 -0.114212 0.321230
    34 2.997293 0.000065 1.477481 0.008104 0.172894 -0.291131
    35 1.510380 -0.000002 0.000000 -0.000330 -0.020183 -1.183530
    36 0.808651 0.000000 0.000000 -0.153484 0.046618 -1.271552
    37 3.305807 0.201134 0.547461 -0.175834 0.028629 -0.707503
    38 1.807178 -0.000002 0.000000 -0.005538 0.102335 -1.119262
    39 0.966137 -0.000001 0.000000 0.007781 -0.006361 -1.370831
    40 3.571524 0.110785 -0.409182 -0.280349 0.005236 -0.808430
    41 2.150660 0.000002 0.000000 -0.019153 0.065693 -1.609223
    42 1.152756 0.000000 0.000000 0.008505 -0.008700 -1.087255
    43 3.684111 -0.153564 -1.419746 -0.068354 0.064613 -0.408614
    44 1.701017 0.000004 0.000000 -0.007919 -0.081642 -1.256212
    45 0.994705 0.000000 0.000000 0.038449 -0.003161 -1.554984
    46 1.068094 -1.283655 -0.986553 -1.690053 0.345004 -0.122821
    47 1.836308 -0.000001 0.000002 -0.773162 0.588847 -0.414609
    48 1.223946 -0.000001 0.000002 -0.039633 0.008971 -1.152004
    49 0.000000 1.945634 -1.740829 0.000000 0.000000 0.000000
    50 0.000000 1.092286 -2.833118 0.000000 0.000000 0.000000
    51 0.000000 1.945635 0.000000 0.000000 0.000000 0.000000
    52 0.000000 1.228824 1.706703 0.000000 0.000000 0.000000
    53 0.000004 -0.000004 0.000000 0.000000 0.000000 0.000000
    54 0.000000 -0.000002 3.037922 0.000000 0.000000 0.000000
    55 0.000000 -0.000002 3.857136 0.000000 0.000000 0.000000
    56 0.000000 -0.876005 0.000000 0.000000 0.000000 0.000000
    57 3.201996 0.000000 -0.000004 -1.361357 -0.104720 0.122173
    58 6.694000 0.000000 -0.000004 -1.361357 -0.104982 0.122278
    59 0.109995 -0.821001 -0.907000 -1.824288 0.360672 -0.305712
    60 3.257999 -0.031000 0.000000 1.361357 0.104720 0.122173
    61 6.867996 0.000000 0.000000 1.361357 0.104720 0.122173
    62 0.084999 -0.691999 1.011000 -1.333798 0.454466 1.954245
    63 0.000002 0.000000 0.000000 0.785351 0.000000 0.000000
    64 9.179489 0.000000 0.000004 -0.785350 0.000000 0.000000
    65 6.694332 0.000001 0.000000 0.392675 0.000000 0.000000
    66 -0.000002 0.000000 0.000000 -0.043106 0.000000 0.000000
    67 6.694324 0.000000 0.000000 0.043111 0.000000 0.000000
  time 4
    0 -1.000000 0.000000 -55.000000 1.570788 0.000007 -0.000007
    1 0.000000 38.312500 -0.516602 1.570789 0.004440 1.570789
    2 0.285165 54.416785 -3.105564 -0.022543 0.118168 -0.006160
    3 12.813544 7.893802 6.937712 0.768174 -0.170158 -3.310612
    4 0.000000 0.099715 8.360889 0.000000 -1.570796 0.000000
    5 0.113285 23.754495 8.439047 0.000000 -1.570700 4.712197
    6 0.000000 0.000000 0.000000 -1.570792 -1.570789 0.000000
    7 4.042969 0.000000 0.000000 0.000000 0.000000 -0.078758
    8 3.995838 0.000000 0.000000 0.106423 -0.037524 0.106327
    9 3.698238 0.000000 0.000000 0.092221 -0.060486 0.192858
    10 5.700886 0.000000 0.000000 0.080632 -0.099243 0.393238
    11 4.065395 1.458945 1.500000 1.274351 -0.972498 -3.016248
    12 5.507359 0.000004 0.000001 -1.704444 0.731858 0.041554
    13 10.907391 0.000000 0.000004 0.000000 0.000048 -2.138010
    14 10.424316 -0.000007 -0.000031 -1.256891 -0.560968 0.095359
    15 2.997272 0.005413 -1.477472 0.048725 0.112741 -0.654683
    16 1.510380 -0.000002 0.000000 0.102007 -0.018587 -1.050084
    17 0.808647 0.000001 0.000000 0.074513 -0.167910 -1.025859
    18 3.305794 0.203110 -0.546729 0.146321 0.120103 -0.673356
    19 1.807177 0.000000 0.000000 0.012053 -0.101773 -1.183172
    20 0.966141 -0.000001 0.000000 -0.003499 -0.006390 -0.767940
    21 3.571516 0.109303 0.409580 0.093171 0.176196 -0.995117
    22 2.150654 0.000000 0.000000 -0.009599 -0.067735 -1.184690
    23 1.152744 0.000001 0.000000 -0.025265 0.000085 -1.098543
    24 3.684093 -0.158703 1.419181 0.009597 0.296870 -0.902273
    25 1.701010 0.000000 0.000000 0.004252 0.081918 -1.300928
    26 0.994709 0.000002 0.000000 -0.014890 0.035612 -0.462859
    27 1.068075 -1.287205 0.981903 2.068194 -0.124080 -0.600797
    28 1.836302 0.000003 -0.000002 -0.003686 0.139062 -0.385174
    29 1.223946 -0.000001 0.000000 0.029852 -0.027586 -0.628670
    30 -8.610777 -0.709088 -0.460906 -1.763510 1.041138 -3.256630
    31 5.507362 -0.000008 -0.000001 2.950214 0.641771 1.390519
    32 10.907394 0.000001 -0.000008 0.000000 -0.000012 -1.330853
    33 10.424301 -0.000005 0.000015 -1.514715 -0.096287 0.015851
    34 2.997293 0.000065 1.477481 0.008104 0.172894 -0.291131
    35 1.510380 -0.000002 0.000000 -0.000330 -0.020183 -1.183530
    36 0.808651 0.000000 0.000000 -0.153484 0.046618 -1.271552
    37 3.305807 0.201134 0.547461 -0.175834 0.028641 -0.707503
    38 1.807178 -0.000002 0.000000 -0.005538 0.102335 -1.119262
    39 0.966137 -0.000001 0.000000 0.007781 -0.006361 -1.370831
    40 3.571524 0.110785 -0.409182 -0.280349 0.005236 -0.808430
    41 2.150660 0.000002 0.000000 -0.019153 0.065693 -1.609223
    42 1.152756 0.000000 0.000000 0.008505 -0.008700 -1.087255
    43 3.684111 -0.153564 -1.419746 -0.068354 0.064613 -0.408614
    44 1.701017 0.000004 0.000000 -0.007931 -0.081642 -1.256212
    45 0.994705 0.000000 0.000000 0.038449 -0.003161 -1.554984
    46 1.068094 -1.283655 -0.986553 -1.690053 0.345004 -0.122821
    47 1.836308 -0.000001 0.000002 -0.773162 0.588847 -0.414597
    48 1.223946 -0.000001 0.000002 -0.039633 0.008983 -1.152004
    49 0.000000 1.945634 -1.740829 0.000000 0.000000 0.000000
    50 0.000000 1.092286 -2.833118 0.000000 0.000000 0.000000
    51 0.000000 1.945635 0.000000 0.000000 0.000000 0.000000
    52 0.000000 1.228824 1.706703 0.000000 0.000000 0.000000
    53 0.000004 -0.000004 0.000000 0.000000 0.000000 0.000000
    54 0.000000 -0.000002 3.037922 0.000000 0.000000 0.000000
    55 0.000000 -0.000002 3.857136 0.000000 0.000000 0.000000
    56 0.000000 -0.876005 0.000000 0.000000 0.000000 0.000000
    57 3.201996 0.000000 -0.000004 -1.361357 -0.104720 0.122173
    58 6.694000 0.000000 -0.000004 -1.361357 -0.104982 0.122278
    59 0.109995 -0.821001 -0.907000 -1.824288 0.360672 -0.305712
    60 3.257999 -0.031000 0.000000 1.361357 0.104720 0.122173
    61 6.867996 0.000000 0.000000 1.361357 0.104720 0.122173
    62 0.084999 -0.691999 1.011000 -1.333798 0.454466 1.954245
    63 0.000002 0.000000 0.000000 0.785351 0.000000 0.000000
    64 9.179489 0.000000 0.000004 -0.785374 0.000000 0.000000
    65 6.694332 0.000001 0.000000 0.392675 0.000000 0.000000
    66 -0.000002 0.000000 0.000000 0.073437 0.000000 0.000000
    67 6.694324 0.000000 0.000000 -0.073425 0.000000 0.000000
  time 5
    0 -1.000000 0.000000 -55.000000 1.570788 0.000007 -0.000007
    1 0.000000 38.312500 -0.516602 1.570789 0.004440 1.570789
    2 0.285165 54.416785 -3.105564 -0.026270 0.133988 -0.007191
    3 12.547911 7.928960 7.535386 0.588051 -0.068123 -3.411298
    4 0.000000 0.099715 8.360889 0.000000 -1.570796 0.000000
    5 0.117191 23.754495 8.442954 0.000000 -1.570748 4.712197
    6 0.000000 0.000000 0.000000 -1.570792 -1.570789 0.000000
    7 4.042969 0.000000 0.000000 0.000000 0.000000 -0.078758
    8 3.995838 0.000000 0.000000 0.106423 -0.037524 0.106327
    9 3.698238 0.000000 0.000000 0.092221 -0.060486 0.192858
    10 5.700886 0.000000 0.000000 0.080632 -0.099243 0.393238
    11 4.065395 1.458945 1.500000 1.274351 -0.972498 -3.016248
    12 5.507359 0.000004 0.000001 -1.273961 0.671250 0.119801
    13 10.907391 0.000000 0.000004 0.000000 0.000036 -2.043761
    14 10.424316 -0.000007 -0.000031 -1.476936 -0.920915 0.203510
    15 2.997272 0.005413 -1.477472 0.048725 0.112741 -0.654683
    16 1.510380 -0.000002 0.000000 0.102007 -0.018587 -1.050084
    17 0.808647 0.000001 0.000000 0.074513 -0.167910 -1.025859
    18 3.305794 0.203110 -0.546729 0.146321 0.120103 -0.673356
    19 1.807177 0.000000 0.000000 0.012053 -0.101773 -1.183172
    20 0.966141 -0.000001 0.000000 -0.003499 -0.006390 -0.767940
    21 3.571516 0.109303 0.409580 0.093171 0.176196 -0.995117
    22 2.150654 0.000000 0.000000 -0.009599 -0.067735 -1.184690
    23 1.152744 0.000001 0.000000 -0.025265 0.000085 -1.098543
    24 3.684093 -0.158703 1.419181 0.009585 0.296870 -0.902273
    25 1.701010 0.000000 0.000000 0.004252 0.081918 -1.300928
    26 0.994709 0.000002 0.000000 -0.014890 0.035612 -0.462859
    27 1.068075 -1.287205 0.981903 2.068194 -0.124080 -0.600797
    28 1.836302 0.000003 -0.000002 -0.003686 0.139062 -0.385174
    29 1.223946 -0.000001 0.000000 0.029852 -0.027586 -0.628670
    30 -8.610777 -0.709088 -0.460906 -1.763510 1.041138 -3.256630
    31 5.507362 -0.000008 -0.000001 3.092430 0.652736 1.584493
    32 10.907394 0.000001 -0.000008 0.000000 -0.000012 -1.079649
    33 10.424301 -0.000005 0.000015 -1.626438 -0.178894 -0.289339
    34 2.997293 0.000065 1.477481 0.008104 0.172894 -0.291131
    35 1.510380 -0.000002 0.000000 -0.000342 -0.020183 -1.183530
    36 0.808651 0.000000 0.000000 -0.153484 0.046618 -1.271552
    37 3.305807 0.201134 0.547461 -0.175834 0.028641 -0.707503
    38 1.807178 -0.000002 0.000000 -0.005538 0.102335 -1.119262
    39 0.966137 -0.000001 0.000000 0.007781 -0.006361 -1.370831
    40 3.571524 0.110785 -0.409182 -0.280349 0.005236 -0.808430
    41 2.150660 0.000002 0.000000 -0.019153 0.065693 -1.609223
    42 1.152756 0.000000 0.000000 0.008505 -0.008700 -1.087255
    43 3.684111 -0.153564 -1.419746 -0.068354 0.064613 -0.408614
    44 1.701017 0.000004 0.000000 -0.007931 -0.081642 -1.256212
    45 0.994705 0.000000 0.000000 0.038449 -0.003161 -1.554984
    46 1.068094 -1.283655 -0.986553 -1.690053 0.345004 -0.122821
    47 1.836308 -0.000001 0.000002 -0.773162 0.588847 -0.414597
    48 1.223946 -0.000001 0.000002 -0.039633 0.008983 -1.151963
    49 0.000000 1.945634 -1.740829 0.000000 0.000000 0.000000
    50 0.000000 1.092286 -2.833118 0.000000 0.000000 0.000000
    51 0.000000 1.945635 0.000000 0.000000 0.000000 0.000000
    52 0.000000 1.228824 1.706703 0.000000 0.000000 0.000000
    53 0.000004 -0.000004 0.000000 0.000000 0.000000 0.000000
    54 0.000000 -0.000002 3.037922 0.000000 0.000000 0.000000
    55 0.000000 -0.000002 3.857136 0.000000 0.000000 0.000000
    56 0.000000 -0.876005 0.000000 0.000000 0.000000 0.000000
    57 3.201996 0.000000 -0.000004 -1.361357 -0.104720 0.122173
    58 6.694000 0.000000 -0.000004 -1.361357 -0.104982 0.122278
    59 0.109995 -0.821001 -0.907000 -1.824288 0.360672 -0.305712
    60 3.257999 -0.031000 0.000000 1.361357 0.104720 0.122173
    61 6.867996 0.000000 0.000000 1.361357 0.104720 0.122173
    62 0.084999 -0.691999 1.011000 -1.333798 0.454466 1.954245
    63 0.000002 0.000000 0.000000 0.002349 0.000000 0.000000
    64 9.179489 0.000000 0.000004 -0.002349 0.000000 0.000000
    65 6.694332 0.000001 0.000000 0.001162 0.000000 0.000000
    66 -0.000002 0.000000 0.000000 0.150274 0.000000 0.000000
    67 6.694324 0.000000 0.000000 -0.150284 0.000000 0.000000
  time 6
    0 -1.000000 0.000000 -55.000000 1.570788 0.000007 -0.000007
    1 0.000000 38.312500 -0.516602 1.570789 0.004440 1.570789
    2 0.285165 54.416785 -3.105564 -0.027672 0.133317 -0.007562
    3 13.211993 12.702543 3.269631 0.920415 0.082029 -3.354949
    4 0.000000 0.099715 8.360889 0.000000 -1.570796 0.000000
    5 0.113285 23.754495 8.442954 0.000000 -1.570748 4.712197
    6 0.000000 0.000000 0.000000 -1.570792 -1.570789 0.000000
    7 4.042969 0.000000 0.000000 0.000000 0.000000 -0.078758
    8 3.995838 0.000000 0.000000 0.106423 -0.037524 0.106327
    9 3.698238 0.000000 0.000000 0.092221 -0.060486 0.192858
    10 5.700886 0.000000 0.000000 0.080632 -0.099243 0.393238
    11 4.065395 1.458945 1.500000 1.274351 -0.972498 -3.016248
    12 5.507359 0.000004 0.000001 -1.474990 0.006659 0.015383
    13 10.907391 0.000000 0.000004 0.000000 0.000036 -2.220834
    14 10.424316 -0.000007 -0.000031 -1.219404 -0.564286 0.681442
    15 2.997272 0.005413 -1.477472 0.048725 0.112741 -0.654683
    16 1.510380 -0.000002 0.000000 0.102007 -0.018587 -1.050084
    17 0.808647 0.000001 0.000000 0.074513 -0.167910 -1.025859
    18 3.305794 0.203110 -0.546729 0.146321 0.120103 -0.673356
    19 1.807177 0.000000 0.000000 0.012053 -0.101773 -1.183172
    20 0.966141 -0.000001 0.000000 -0.003499 -0.006390 -0.767940
    21 3.571516 0.109303 0.409580 0.093171 0.176196 -0.995117
    22 2.150654 0.000000 0.000000 -0.009599 -0.067735 -1.184690
    23 1.152744 0.000001 0.000000 -0.025265 0.000085 -1.098543
    24 3.684093 -0.158703 1.419181 0.009597 0.296870 -0.902273
    25 1.701010 0.000000 0.000000 0.004252 0.081930 -1.300928
    26 0.994709 0.000002 0.000000 -0.014890 0.035612 -0.462859
    27 1.068075 -1.287205 0.981903 2.068194 -0.124080 -0.600797
    28 1.836302 0.000003 -0.000002 -0.003686 0.139062 -0.385174
    29 1.223946 -0.000001 0.000000 0.029852 -0.027586 -0.628670
    30 -8.610777 -0.709088 -0.460906 -1.763510 1.041138 -3.256630
    31 5.507362 -0.000008 -0.000001 2.998673 0.536537 1.348060
    32 10.907394 0.000001 -0.000008 0.000000 0.000000 -0.915823
    33 10.424301 -0.000005 0.000015 -1.645516 -0.348548 -0.315615
    34 2.997293 0.000065 1.477481 0.008104 0.172894 -0.291131
    35 1.510380 -0.000002 0.000000 -0.000330 -0.020183 -1.183530
    36 0.808651 0.000000 0.000000 -0.153484 0.046618 -1.271552
    37 3.305807 0.201134 0.547461 -0.175834 0.028629 -0.707503
    38 1.807178 -0.000002 0.000000 -0.005538 0.102335 -1.119262
    39 0.966137 -0.000001 0.000000 0.007781 -0.006361 -1.370831
    40 3.571524 0.110785 -0.409182 -0.280349 0.005236 -0.808430
    41 2.150660 0.000002 0.000000 -0.019153 0.065693 -1.609223
    42 1.152756 0.000000 0.000000 0.008505 -0.008700 -1.087255
    43 3.684111 -0.153564 -1.419746 -0.068354 0.064613 -0.408614
    44 1.701017 0.000004 0.000000 -0.007931 -0.081642 -1.256212
    45 0.994705 0.000000 0.000000 0.038449 -0.003161 -1.554984
    46 1.068094 -1.283655 -0.986553 -1.690053 0.345004 -0.122821
    47 1.836308 -0.000001 0.000002 -0.773162 0.588847 -0.414597
    48 1.223946 -0.000001 0.000002 -0.039633 0.008983 -1.152004
    49 0.000000 1.945634 -1.740829 0.000000 0.000000 0.000000
    50 0.000000 1.092286 -2.833118 0.000000 0.000000 0.000000
    51 0.000000 1.945635 0.000000 0.000000 0.000000 0.000000
    52 0.000000 1.228824 1.706703 0.000000 0.000000 0.000000
    53 0.000004 -0.000004 0.000000 0.000000 0.000000 0.000000
    54 0.000000 -0.000002 3.037922 0.000000 0.000000 0.000000
    55 0.000000 -0.000002 3.857136 0.000000 0.000000 0.000000
    56 0.000000 -0.876005 0.000000 0.000000 0.000000 0.000000
    57 3.201996 0.000000 -0.000004 -1.361357 -0.104720 0.122173
    58 6.694000 0.000000 -0.000004 -1.361357 -0.104982 0.122278
    59 0.109995 -0.821001 -0.907000 -1.824288 0.360672 -0.305712
    60 3.257999 -0.031000 0.000000 1.361357 0.104720 0.122173
    61 6.867996 0.000000 0.000000 1.361357 0.104720 0.122173
    62 0.084999 -0.691999 1.011000 -1.333798 0.454466 1.954245
    63 0.000002 0.000000 0.000000 0.785351 0.000000 0.000000
    64 9.179489 0.000000 0.000004 -0.785350 0.000000 0.000000
    65 6.694332 0.000001 0.000000 0.392675 0.000000 0.000000
    66 -0.000002 0.000000 0.000000 0.179337 0.000000 0.000000
    67 6.694324 0.000000 0.000000 -0.179318 0.000000 0.000000
  time 7
    0 -1.000000 0.000000 -55.000000 1.570788 0.000007 -0.000007
    1 0.000000 38.312500 -0.516602 1.570789 0.004440 1.570789
    2 0.285165 54.416785 -3.105564 -0.022375 0.103655 -0.005405
    3 13.872170 17.409718 -0.992218 1.270252 0.236143 -3.302402
    4 0.000000 0.099715 8.360889 0.000000 -1.570796 0.000000
    5 0.113285 23.754495 8.439047 0.000000 -1.570748 4.712197
    6 0.000000 0.000000 0.000000 -1.570792 -1.570789 0.000000
    7 4.042969 0.000000 0.000000 0.000000 0.000000 -0.078758
    8 3.995838 0.000000 0.000000 0.106423 -0.037524 0.106327
    9 3.698238 0.000000 0.000000 0.092221 -0.060486 0.192858
    10 5.700886 0.000000 0.000000 0.080632 -0.099243 0.393238
    11 4.065395 1.458945 1.500000 1.274351 -0.972498 -3.016248
    12 5.507359 0.000004 0.000001 -1.228106 -0.968405 -0.329670
    13 10.907391 0.000000 0.000004 0.000000 0.000036 -1.704212
    14 10.424316 -0.000007 -0.000031 -1.003708 -0.395951 0.823201
    15 2.997272 0.005413 -1.477472 0.048725 0.112741 -0.654683
    16 1.510380 -0.000002 0.000000 0.102007 -0.018587 -1.050084
    17 0.808647 0.000001 0.000000 0.074513 -0.167910 -1.025859
    18 3.305794 0.203110 -0.546729 0.146321 0.120103 -0.673356
    19 1.807177 0.000000 0.000000 0.012053 -0.101773 -1.183172
    20 0.966141 -0.000001 0.000000 -0.003499 -0.006390 -0.767940
    21 3.571516 0.109303 0.409580 0.093171 0.176196 -0.995117
    22 2.150654 0.000000 0.000000 -0.009599 -0.067735 -1.184690
    23 1.152744 0.000001 0.000000 -0.025265 0.000085 -1.098543
    24 3.684093 -0.158703 1.419181 0.009597 0.296870 -0.902273
    25 1.701010 0.000000 0.000000 0.004252 0.081930 -1.300928
    26 0.994709 0.000002 0.000000 -0.014890 0.035612 -0.462859
    27 1.068075 -1.287205 0.981903 2.068194 -0.124080 -0.600797
    28 1.836302 0.000003 -0.000002 -0.003686 0.139062 -0.385174
    29 1.223946 -0.000001 0.000000 0.029852 -0.027586 -0.628670
    30 -8.610777 -0.709088 -0.460906 -1.763510 1.041138 -3.256630
    31 5.507362 -0.000008 -0.000001 3.135047 0.465097 1.556156
    32 10.907394 0.000001 -0.000008 0.000000 0.000000 -0.149906
    33 10.424301 -0.000005 0.000015 -1.826863 -0.486283 -0.524182
    34 2.997293 0.000065 1.477481 0.008104 0.172894 -0.291131
    35 1.510380 -0.000002 0.000000 -0.000330 -0.020183 -1.183530
    36 0.808651 0.000000 0.000000 -0.153484 0.046618 -1.271586
    37 3.305807 0.201134 0.547461 -0.175834 0.028641 -0.707503
    38 1.807178 -0.000002 0.000000 -0.005538 0.102335 -1.119262
    39 0.966137 -0.000001 0.000000 0.007781 -0.006361 -1.370831
    40 3.571524 0.110785 -0.409182 -0.280349 0.005236 -0.808430
    41 2.150660 0.000002 0.000000 -0.019153 0.065693 -1.609223
    42 1.152756 0.000000 0.000000 0.008505 -0.008700 -1.087255
    43 3.684111 -0.153564 -1.419746 -0.068354 0.064613 -0.408614
    44 1.701017 0.000004 0.000000 -0.007931 -0.081642 -1.256212
    45 0.994705 0.000000 0.000000 0.038449 -0.003161 -1.554984
    46 1.068094 -1.283655 -0.986553 -1.690053 0.345004 -0.122821
    47 1.836308 -0.000001 0.000002 -0.773162 0.588847 -0.414597
    48 1.223946 -0.000001 0.000002 -0.039633 0.008983 -1.152004
    49 0.000000 1.945634 -1.740829 0.000000 0.000000 0.000000
    50 0.000000 1.092286 -2.833118 0.000000 0.000000 0.000000
    51 0.000000 1.945635 0.000000 0.000000 0.000000 0.000000
    52 0.000000 1.228824 1.706703 0.000000 0.000000 0.000000
    53 0.000004 -0.000004 0.000000 0.000000 0.000000 0.000000
    54 0.000000 -0.000002 3.037922 0.000000 0.000000 0.000000
    55 0.000000 -0.000002 3.857136 0.000000 0.000000 0.000000
    56 0.000000 -0.876005 0.000000 0.000000 0.000000 0.000000
    57 3.201996 0.000000 -0.000004 -1.361357 -0.104720 0.122173
    58 6.694000 0.000000 -0.000004 -1.361357 -0.104982 0.122278
    59 0.109995 -0.821001 -0.907000 -1.824288 0.360672 -0.305712
    60 3.257999 -0.031000 0.000000 1.361357 0.104720 0.122173
    61 6.867996 0.000000 0.000000 1.361357 0.104720 0.122173
    62 0.084999 -0.691999 1.011000 -1.333798 0.454466 1.954245
    63 0.000002 0.000000 0.000000 0.785375 0.000000 0.000000
    64 9.179489 0.000000 0.000004 -0.785398 0.000000 0.000000
    65 6.694332 0.000001 0.000000 0.392675 0.000000 0.000000
    66 -0.000002 0.000000 0.000000 0.319316 0.000000 0.000000
    67 6.694324 0.000000 0.000000 -0.319342 0.000000 0.000000
  time 8
    0 -1.000000 0.000000 -55.000000 1.570788 0.000007 -0.000007
    1 0.000000 38.312500 -0.516602 1.570789 0.004440 1.570789
    2 0.285165 54.416785 -3.105564 -0.009384 0.046980 -0.000036
    3 10.266591 17.898014 -6.675985 2.207769 0.247053 -3.504552
    4 0.000000 0.099715 8.360889 0.000000 -1.570796 0.000000
    5 0.117191 23.754495 8.442954 0.000000 -1.570748 4.712197
    6 0.000000 0.000000 0.000000 -1.570792 -1.570789 0.000000
    7 4.042969 0.000000 0.000000 0.000000 0.000000 -0.078758
    8 3.995838 0.000000 0.000000 0.106423 -0.037524 0.106327
    9 3.698238 0.000000 0.000000 0.092221 -0.060486 0.192858
    10 5.700886 0.000000 0.000000 0.080632 -0.099243 0.393238
    11 -1.930881 6.072367 3.980544 1.274351 -0.972498 -3.016248
    12 5.507359 0.000004 0.000001 -1.224709 -0.465034 -2.768171
    13 10.907391 0.000000 0.000004 0.000000 0.000000 -0.085643
    14 10.424316 -0.000007 -0.000031 1.844797 0.254590 0.085707
    15 2.997272 0.005413 -1.477472 0.048725 0.112741 -0.654696
    16 1.510380 -0.000002 0.000000 0.102007 -0.018587 -1.050084
    17 0.808647 0.000001 0.000000 0.074513 -0.167910 -1.025859
    18 3.305794 0.203110 -0.546729 0.146321 0.120103 -0.673356
    19 1.807177 0.000000 0.000000 0.012053 -0.101773 -1.183172
    20 0.966141 -0.000001 0.000000 -0.003499 -0.006390 -0.767940
    21 3.571516 0.109303 0.409580 0.093171 0.176196 -0.995117
    22 2.150654 0.000000 0.000000 -0.009599 -0.067735 -1.184690
    23 1.152744 0.000001 0.000000 -0.025265 0.000085 -1.098543
    24 3.684093 -0.158703 1.419181 0.009597 0.296870 -0.902315
    25 1.701010 0.000000 0.000000 0.004252 0.081918 -1.300928
    26 0.994709 0.000002 0.000000 -0.014878 0.035612 -0.462859
    27 1.068075 -1.287205 0.981903 2.068194 -0.124080 -0.600826
    28 1.836302 0.000003 -0.000002 -0.003686 0.139062 -0.385174
    29 1.223946 -0.000001 0.000000 0.029852 -0.027586 -0.628670
    30 -8.610777 -0.709088 -0.460906 -1.763510 1.041138 -3.256630
    31 5.507362 -0.000008 -0.000001 2.521747 0.358740 0.568920
    32 10.907394 0.000001 -0.000008 0.000000 -0.000012 -1.495091
    33 10.424301 -0.000005 0.000015 -1.946611 0.392043 0.741973
    34 2.997293 0.000065 1.477481 0.008104 0.172894 -0.291131
    35 1.510380 -0.000002 0.000000 -0.000330 -0.020183 -1.183530
    36 0.808651 0.000000 0.000000 -0.153484 0.046618 -1.271552
    37 3.305807 0.201134 0.547461 -0.175834 0.028641 -0.707503
    38 1.807178 -0.000002 0.000000 -0.005538 0.102335 -1.119262
    39 0.966137 -0.000001 0.000000 0.007781 -0.006361 -1.370831
    40 3.571524 0.110785 -0.409182 -0.280349 0.005236 -0.808430
    41 2.150660 0.000002 0.000000 -0.019153 0.065693 -1.609223
    42 1.152756 0.000000 0.000000 0.008505 -0.008700 -1.087255
    43 3.684111 -0.153564 -1.419746 -0.068354 0.064613 -0.408614
    44 1.701017 0.000004 0.000000 -0.007931 -0.081642 -1.256212
    45 0.994705 0.000000 0.000000 0.038449 -0.003161 -1.554984
    46 1.068094 -1.283655 -0.986553 -1.690053 0.345004 -0.122821
    47 1.836308 -0.000001 0.000002 -0.773162 0.588847 -0.414597
    48 1.223946 -0.000001 0.000002 -0.039633 0.008983 -1.152004
    49 0.000000 1.945634 -1.740829 0.000000 0.000000 0.000000
    50 0.000000 1.092286 -2.833118 0.000000 0.000000 0.000000
    51 0.000000 1.945635 0.000000 0.000000 0.000000 0.000000
    52 0.000000 1.228824 1.706703 0.000000 0.000000 0.000000
    53 0.000004 -0.000004 0.000000 0.000000 0.000000 0.000000
    54 0.000000 -0.000002 3.037922 0.000000 0.000000 0.000000
    55 0.000000 -0.000002 3.857136 0.000000 0.000000 0.000000
    56 0.000000 -0.876005 0.000000 0.000000 0.000000 0.000000
    57 3.201996 0.000000 -0.000004 -1.361357 -0.104720 0.122173
    58 6.694000 0.000000 -0.000004 -1.361357 -0.104982 0.122278
    59 0.109995 -0.821001 -0.907000 -1.824288 0.360672 -0.305712
    60 3.257999 -0.031000 0.000000 1.361357 0.104720 0.122173
    61 6.867996 0.000000 0.000000 1.361357 0.104720 0.122173
    62 0.084999 -0.691999 1.011000 -1.333798 0.454466 1.954245
    63 0.000002 0.000000 0.000000 -0.237935 0.000000 0.000000
    64 9.179489 0.000000 0.000004 0.237959 0.000000 0.000000
    65 6.694332 0.000001 0.000000 -0.119594 0.000000 0.000000
    66 -0.000002 0.000000 0.000000 0.321492 0.000000 0.000000
    67 6.694324 0.000000 0.000000 -0.321465 0.000000 0.000000
  time 9
    0 -1.000000 0.000000 -55.000000 1.570788 0.000007 -0.000007
    1 0.000000 38.312500 -0.516602 1.570789 0.004440 1.570789
    2 0.285165 54.416785 -3.105564 0.006735 -0.019619 0.006783
    3 10.547850 17.409718 -9.258095 2.776208 -0.068123 -3.322712
    4 0.000000 0.099715 8.360889 0.000000 -1.570796 0.000000
    5 0.113285 23.754495 8.442954 0.000000 -1.570748 4.712197
    6 0.000000 0.000000 0.000000 -1.570792 -1.570789 0.000000
    7 4.042969 0.000000 0.000000 0.000000 0.000000 -0.078758
    8 3.995838 0.000000 0.000000 0.106423 -0.037524 0.106327
    9 3.698238 0.000000 0.000000 0.092221 -0.060486 0.192858
    10 5.700886 0.000000 0.000000 0.080632 -0.099243 0.393238
    11 -1.657436 6.025491 6.621250 1.274351 -0.972498 -3.016248
    12 5.507359 0.000004 0.000001 -1.201826 -0.222565 -2.645978
    13 10.907391 0.000000 0.000004 0.000000 0.000000 -0.000042
    14 10.424316 -0.000007 -0.000031 2.021269 -0.203617 0.116817
    15 2.997272 0.005413 -1.477472 0.048725 0.112741 -0.654683
    16 1.510380 -0.000002 0.000000 0.102007 -0.018587 -1.050084
    17 0.808647 0.000001 0.000000 0.074513 -0.167910 -1.025859
    18 3.305794 0.203110 -0.546729 0.146321 0.120103 -0.673356
    19 1.807177 0.000000 0.000000 0.012053 -0.101773 -1.183172
    20 0.966141 -0.000001 0.000000 -0.003499 -0.006390 -0.767940
    21 3.571516 0.109303 0.409580 0.093171 0.176196 -0.995117
    22 2.150654 0.000000 0.000000 -0.009599 -0.067735 -1.184690
    23 1.152744 0.000001 0.000000 -0.025265 0.000085 -1.098543
    24 3.684093 -0.158703 1.419181 0.009597 0.296870 -0.902273
    25 1.701010 0.000000 0.000000 0.004252 0.081918 -1.300928
    26 0.994709 0.000002 0.000000 -0.014890 0.035612 -0.462859
    27 1.068075 -1.287205 0.981903 2.068194 -0.124080 -0.600797
    28 1.836302 0.000003 -0.000002 -0.003686 0.139062 -0.385174
    29 1.223946 -0.000001 0.000000 0.029852 -0.027586 -0.628670
    30 -8.610777 -0.709088 -0.460906 -1.763510 1.041138 -3.256630
    31 5.507362 -0.000008 -0.000001 2.539847 0.332244 0.546021
    32 10.907394 0.000001 -0.000008 0.000000 -0.000012 -1.662354
    33 10.424301 -0.000005 0.000015 -1.590957 0.222559 1.520521
    34 2.997293 0.000065 1.477481 0.008104 0.172894 -0.291131
    35 1.510380 -0.000002 0.000000 -0.000342 -0.020183 -1.183530
    36 0.808651 0.000000 0.000000 -0.153484 0.046618 -1.271586
    37 3.305807 0.201134 0.547461 -0.175834 0.028641 -0.707503
    38 1.807178 -0.000002 0.000000 -0.005538 0.102335 -1.119262
    39 0.966137 -0.000001 0.000000 0.007781 -0.006361 -1.370831
    40 3.571524 0.110785 -0.409182 -0.280349 0.005236 -0.808430
    41 2.150660 0.000002 0.000000 -0.019153 0.065693 -1.609223
    42 1.152756 0.000000 0.000000 0.008505 -0.008700 -1.087255
    43 3.684111 -0.153564 -1.419746 -0.068354 0.064613 -0.408614
    44 1.701017 0.000004 0.000000 -0.007931 -0.081642 -1.256212
    45 0.994705 0.000000 0.000000 0.038449 -0.003161 -1.554984
    46 1.068094 -1.283655 -0.986553 -1.690053 0.345004 -0.122821
    47 1.836308 -0.000001 0.000002 -0.773162 0.588847 -0.414597
    48 1.223946 -0.000001 0.000002 -0.039633 0.008983 -1.152004
    49 0.000000 1.945634 -1.740829 0.000000 0.000000 0.000000
    50 0.000000 1.092286 -2.833118 0.000000 0.000000 0.000000
    51 0.000000 1.945635 0.000000 0.000000 0.000000 0.000000
    52 0.000000 1.228824 1.706703 0.000000 0.000000 0.000000
    53 0.000004 -0.000004 0.000000 0.000000 0.000000 0.000000
    54 0.000000 -0.000002 3.037922 0.000000 0.000000 0.000000
    55 0.000000 -0.000002 3.857136 0.000000 0.000000 0.000000
    56 0.000000 -0.876005 0.000000 0.000000 0.000000 0.000000
    57 3.201996 0.000000 -0.000004 -1.361357 -0.104720 0.122173
    58 6.694000 0.000000 -0.000004 -1.361357 -0.104982 0.122278
    59 0.109995 -0.821001 -0.907000 -1.824288 0.360672 -0.305712
    60 3.257999 -0.031000 0.000000 1.361357 0.104720 0.122173
    61 6.867996 0.000000 0.000000 1.361357 0.104720 0.122173
    62 0.084999 -0.691999 1.011000 -1.333798 0.454466 1.954245
    63 0.000002 0.000000 0.000000 -0.323287 0.000000 0.000000
    64 9.179489 0.000000 0.000004 0.323286 0.000000 0.000000
    65 6.694332 0.000001 0.000000 -0.161984 0.000000 0.000000
    66 -0.000002 0.000000 0.000000 -0.000003 0.000000 0.000000
    67 6.694324 0.000000 0.000000 0.000037 0.000000 0.000000
  time 10
    0 -1.000000 0.000000 -55.000000 1.570788 0.000007 -0.000007
    1 0.000000 38.312500 -0.516602 1.570789 0.004440 1.570789
    2 0.285165 54.416785 -3.105564 0.021728 -0.080237 0.013483
    3 9.086868 15.968267 -11.097995 -2.975199 -0.191231 -3.312254
    4 0.000000 0.099715 8.360889 0.000000 -1.570796 0.000000
    5 0.113285 23.754495 8.442954 0.000000 -1.570748 4.712197
    6 0.000000 0.000000 0.000000 -1.570792 -1.570789 0.000000
    7 4.042969 0.000000 0.000000 0.000000 0.000000 -0.078758
    8 3.995838 0.000000 0.000000 0.106423 -0.037524 0.106327
    9 3.698238 0.000000 0.000000 0.092221 -0.060486 0.192858
    10 5.700886 0.000000 0.000000 0.080632 -0.099243 0.393238
    11 -1.255080 5.361408 7.242363 1.274351 -0.972498 -3.016248
    12 5.507359 0.000004 0.000001 -1.076507 -0.189686 -2.532896
    13 10.907391 0.000000 0.000004 0.000000 0.000000 -0.000042
    14 10.424316 -0.000007 -0.000031 1.916464 -0.352281 0.540372
    15 2.997272 0.005413 -1.477472 0.048725 0.112741 -0.654683
    16 1.510380 -0.000002 0.000000 0.102007 -0.018587 -1.050084
    17 0.808647 0.000001 0.000000 0.074513 -0.167910 -1.025859
    18 3.305794 0.203110 -0.546729 0.146321 0.120103 -0.673356
    19 1.807177 0.000000 0.000000 0.012053 -0.101773 -1.183172
    20 0.966141 -0.000001 0.000000 -0.003499 -0.006390 -0.767940
    21 3.571516 0.109303 0.409580 0.093171 0.176196 -0.995117
    22 2.150654 0.000000 0.000000 -0.009599 -0.067735 -1.184690
    23 1.152744 0.000001 0.000000 -0.025265 0.000085 -1.098543
    24 3.684093 -0.158703 1.419181 0.009597 0.296870 -0.902273
    25 1.701010 0.000000 0.000000 0.004252 0.081930 -1.300928
    26 0.994709 0.000002 0.000000 -0.014890 0.035612 -0.462859
    27 1.068075 -1.287205 0.981903 2.068194 -0.124080 -0.600797
    28 1.836302 0.000003 -0.000002 -0.003686 0.139062 -0.385174
    29 1.223946 -0.000001 0.000000 0.029852 -0.027586 -0.628670
    30 -8.610777 -0.709088 -0.460906 -1.763510 1.041138 -3.256630
    31 5.507362 -0.000008 -0.000001 2.487366 0.378574 0.572355
    32 10.907394 0.000001 -0.000008 0.000000 0.000000 -1.737701
    33 10.424301 -0.000005 0.000015 -1.388772 0.128960 2.198966
    34 2.997293 0.000065 1.477481 0.008104 0.172894 -0.291131
    35 1.510380 -0.000002 0.000000 -0.000342 -0.020183 -1.183530
    36 0.808651 0.000000 0.000000 -0.153484 0.046618 -1.271552
    37 3.305807 0.201134 0.547461 -0.175834 0.028641 -0.707503
    38 1.807178 -0.000002 0.000000 -0.005538 0.102335 -1.119262
    39 0.966137 -0.000001 0.000000 0.007781 -0.006361 -1.370831
    40 3.571524 0.110785 -0.409182 -0.280349 0.005236 -0.808430
    41 2.150660 0.000002 0.000000 -0.019153 0.065693 -1.609223
    42 1.152756 0.000000 0.000000 0.008505 -0.008700 -1.087255
    43 3.684111 -0.153564 -1.419746 -0.068354 0.064613 -0.408614
    44 1.701017 0.000004 0.000000 -0.007919 -0.081642 -1.256212
    45 0.994705 0.000000 0.000000 0.038449 -0.003161 -1.554984
    46 1.068094 -1.283655 -0.986553 -1.690053 0.345004 -0.122821
    47 1.836308 -0.000001 0.000002 -0.773162 0.588847 -0.414597
    48 1.223946 -0.000001 0.000002 -0.039633 0.008983 -1.152004
    49 0.000000 1.945634 -1.740829 0.000000 0.000000 0.000000
    50 0.000000 1.092286 -2.833118 0.000000 0.000000 0.000000
    51 0.000000 1.945635 0.000000 0.000000 0.000000 0.000000
    52 0.000000 1.228824 1.706703 0.000000 0.000000 0.000000
    53 0.000004 -0.000004 0.000000 0.000000 0.000000 0.000000
    54 0.000000 -0.000002 3.037922 0.000000 0.000000 0.000000
    55 0.000000 -0.000002 3.857136 0.000000 0.000000 0.000000
    56 0.000000 -0.876005 0.000000 0.000000 0.000000 0.000000
    57 3.201996 0.000000 -0.000004 -1.361357 -0.104720 0.122173
    58 6.694000 0.000000 -0.000004 -1.361357 -0.104982 0.122278
    59 0.109995 -0.821001 -0.907000 -1.824288 0.360672 -0.305712
    60 3.257999 -0.031000 0.000000 1.361357 0.104720 0.122173
    61 6.867996 0.000000 0.000000 1.361357 0.104720 0.122173
    62 0.084999 -0.691999 1.011000 -1.333798 0.454466 1.954245
    63 0.000002 0.000000 0.000000 -0.292224 0.000000 0.000000
    64 9.179489 0.000000 0.000004 0.292223 0.000000 0.000000
    65 6.694332 0.000001 0.000000 -0.146584 0.000000 0.000000
    66 -0.000002 0.000000 0.000000 -0.000003 0.000000 0.000000
    67 6.694324 0.000000 0.000000 0.000037 0.000000 0.000000
  time 11
    0 -1.000000 0.000000 -55.000000 1.570788 0.000007 -0.000007
    1 0.000000 38.312500 -0.516602 1.570789 0.004440 1.570789
    2 0.285165 54.416785 -3.105564 0.031148 -0.118216 0.018277
    3 6.309439 10.421223 -21.406903 -2.830208 -0.279830 -3.302229
    4 0.000000 0.099715 8.360889 0.000000 -1.570796 0.000000
    5 0.113285 23.754495 8.442954 0.000000 -1.570748 4.712197
    6 0.000000 0.000000 0.000000 -1.570792 -1.570789 0.000000
    7 4.042969 0.000000 0.000000 0.000000 0.000000 -0.078758
    8 3.995838 0.000000 0.000000 0.106423 -0.037524 0.106327
    9 3.698238 0.000000 0.000000 0.092221 -0.060486 0.192858
    10 5.700886 0.000000 0.000000 0.080632 -0.099243 0.393238
    11 -4.036414 5.552820 2.625034 1.274351 -0.972498 -3.016248
    12 5.507359 0.000004 0.000001 -1.115658 0.066724 -2.363898
    13 10.907391 0.000000 0.000004 0.000000 0.000000 -0.003136
    14 10.424316 -0.000007 -0.000031 1.926466 -0.457658 0.350612
    15 2.997272 0.005413 -1.477472 0.048725 0.112741 -0.654683
    16 1.510380 -0.000002 0.000000 0.102007 -0.018587 -1.050098
    17 0.808647 0.000001 0.000000 0.074513 -0.167910 -1.025859
    18 3.305794 0.203110 -0.546729 0.146321 0.120103 -0.673356
    19 1.807177 0.000000 0.000000 0.012053 -0.101773 -1.183172
    20 0.966141 -0.000001 0.000000 -0.003499 -0.006390 -0.767940
    21 3.571516 0.109303 0.409580 0.093171 0.176196 -0.995117
    22 2.150654 0.000000 0.000000 -0.009599 -0.067735 -1.184690
    23 1.152744 0.000001 0.000000 -0.025265 0.000085 -1.098543
    24 3.684093 -0.158703 1.419181 0.009597 0.296870 -0.902273
    25 1.701010 0.000000 0.000000 0.004252 0.081930 -1.300928
    26 0.994709 0.000002 0.000000 -0.014890 0.035612 -0.462859
    27 1.068075 -1.287205 0.981903 2.068194 -0.124080 -0.600797
    28 1.836302 0.000003 -0.000002 -0.003686 0.139062 -0.385174
    29 1.223946 -0.000001 0.000000 0.029852 -0.027586 -0.628670
    30 -8.610777 -0.709088 -0.460906 -1.763510 1.041138 -3.256630
    31 5.507362 -0.000008 -0.000001 2.586390 -0.124244 -0.138947
    32 10.907394 0.000001 -0.000008 0.000000 0.000000 -1.790568
    33 10.424301 -0.000005 0.000015 -1.552449 0.065503 1.519952
    34 2.997293 0.000065 1.477481 0.008104 0.172894 -0.291131
    35 1.510380 -0.000002 0.000000 -0.000342 -0.020183 -1.183530
    36 0.808651 0.000000 0.000000 -0.153484 0.046618 -1.271552
    37 3.305807 0.201134 0.547461 -0.175834 0.028641 -0.707515
    38 1.807178 -0.000002 0.000000 -0.005538 0.102335 -1.119262
    39 0.966137 -0.000001 0.000000 0.007781 -0.006361 -1.370831
    40 3.571524 0.110785 -0.409182 -0.280349 0.005236 -0.808430
    41 2.150660 0.000002 0.000000 -0.019153 0.065693 -1.609223
    42 1.152756 0.000000 0.000000 0.008505 -0.008700 -1.087255
    43 3.684111 -0.153564 -1.419746 -0.068354 0.064613 -0.408614
    44 1.701017 0.000004 0.000000 -0.007931 -0.081642 -1.256212
    45 0.994705 0.000000 0.000000 0.038449 -0.003161 -1.554984
    46 1.068094 -1.283655 -0.986553 -1.690053 0.345004 -0.122821
    47 1.836308 -0.000001 0.000002 -0.773162 0.588847 -0.414597
    48 1.223946 -0.000001 0.000002 -0.039633 0.008995 -1.152004
    49 0.000000 1.945634 -1.740829 0.000000 0.000000 0.000000
    50 0.000000 1.092286 -2.833118 0.000000 0.000000 0.000000
    51 0.000000 1.945635 0.000000 0.000000 0.000000 0.000000
    52 0.000000 1.228824 1.706703 0.000000 0.000000 0.000000
    53 0.000004 -0.000004 0.000000 0.000000 0.000000 0.000000
    54 0.000000 -0.000002 3.037922 0.000000 0.000000 0.000000
    55 0.000000 -0.000002 3.857136 0.000000 0.000000 0.000000
    56 0.000000 -0.876005 0.000000 0.000000 0.000000 0.000000
    57 3.201996 0.000000 -0.000004 -1.361357 -0.104720 0.122173
    58 6.694000 0.000000 -0.000004 -1.361357 -0.104982 0.122278
    59 0.109995 -0.821001 -0.907000 -1.824288 0.360672 -0.305712
    60 3.257999 -0.031000 0.000000 1.361357 0.104720 0.122173
    61 6.867996 0.000000 0.000000 1.361357 0.104720 0.122173
    62 0.084999 -0.691999 1.011000 -1.333798 0.454466 1.954245
    63 0.000002 0.000000 0.000000 -0.292056 0.000000 0.000000
    64 9.179489 0.000000 0.000004 0.292055 0.000000 0.000000
    65 6.694332 0.000001 0.000000 -0.146488 0.000000 0.000000
    66 -0.000002 0.000000 0.000000 -0.000003 0.000000 0.000000
    67 6.694324 0.000000 0.000000 0.000037 0.000000 0.000000
  time 12
    0 -1.000000 0.000000 -55.000000 1.570788 0.000007 -0.000007
    1 0.000000 38.312500 -0.516602 1.570789 0.004440 1.570789
    2 0.285165 54.416785 -3.105564 0.035474 -0.135761 0.021608
    3 5.094558 8.960241 -21.879574 -2.790893 -0.389674 -3.308711
    4 0.000000 0.099715 8.360889 0.000000 -1.570796 0.000000
    5 0.117191 23.754495 8.442954 0.000000 -1.570748 4.712197
    6 0.000000 0.000000 0.000000 -1.570792 -1.570789 0.000000
    7 4.042969 0.000000 0.000000 0.000000 0.000000 -0.078758
    8 3.995838 0.000000 0.000000 0.106423 -0.037524 0.106327
    9 3.698238 0.000000 0.000000 0.092221 -0.060486 0.192858
    10 5.700886 0.000000 0.000000 0.080632 -0.099243 0.393238
    11 -7.622461 5.935644 -3.625157 1.274351 -0.972498 -3.016248
    12 5.507359 0.000004 0.000001 -1.204597 0.550113 -2.242688
    13 10.907391 0.000000 0.000004 0.000000 0.000012 -1.030271
    14 10.424316 -0.000007 -0.000031 2.059624 -0.667355 0.814325
    15 2.997272 0.005413 -1.477472 0.048725 0.112741 -0.654683
    16 1.510380 -0.000002 0.000000 0.102007 -0.018587 -1.050084
    17 0.808647 0.000001 0.000000 0.074513 -0.167910 -1.025859
    18 3.305794 0.203110 -0.546729 0.146321 0.120103 -0.673356
    19 1.807177 0.000000 0.000000 0.012053 -0.101773 -1.183172
    20 0.966141 -0.000001 0.000000 -0.003499 -0.006390 -0.767940
    21 3.571516 0.109303 0.409580 0.093171 0.176196 -0.995117
    22 2.150654 0.000000 0.000000 -0.009599 -0.067735 -1.184690
    23 1.152744 0.000001 0.000000 -0.025265 0.000085 -1.098543
    24 3.684093 -0.158703 1.419181 0.009585 0.296870 -0.902273
    25 1.701010 0.000000 0.000000 0.004252 0.081918 -1.300928
    26 0.994709 0.000002 0.000000 -0.014890 0.035612 -0.462859
    27 1.068075 -1.287205 0.981903 2.068194 -0.124080 -0.600797
    28 1.836302 0.000003 -0.000002 -0.003686 0.139062 -0.385174
    29 1.223946 -0.000001 0.000000 0.029852 -0.027586 -0.628670
    30 -8.610777 -0.709088 -0.460906 -1.763510 1.041138 -3.256630
    31 5.507362 -0.000008 -0.000001 2.563215 -0.220421 -0.244187
    32 10.907394 0.000001 -0.000008 0.000000 -0.000012 -1.827211
    33 10.424301 -0.000005 0.000015 -1.493173 -0.052869 1.460877
    34 2.997293 0.000065 1.477481 0.008104 0.172894 -0.291131
    35 1.510380 -0.000002 0.000000 -0.000330 -0.020183 -1.183530
    36 0.808651 0.000000 0.000000 -0.153484 0.046618 -1.271586
    37 3.305807 0.201134 0.547461 -0.175834 0.028629 -0.707503
    38 1.807178 -0.000002 0.000000 -0.005538 0.102335 -1.119262
    39 0.966137 -0.000001 0.000000 0.007781 -0.006361 -1.370831
    40 3.571524 0.110785 -0.409182 -0.280349 0.005236 -0.808430
    41 2.150660 0.000002 0.000000 -0.019153 0.065693 -1.609223
    42 1.152756 0.000000 0.000000 0.008505 -0.008700 -1.087255
    43 3.684111 -0.153564 -1.419746 -0.068354 0.064613 -0.408614
    44 1.701017 0.000004 0.000000 -0.007931 -0.081642 -1.256212
    45 0.994705 0.000000 0.000000 0.038449 -0.003161 -1.554984
    46 1.068094 -1.283655 -0.986553 -1.690053 0.345004 -0.122821
    47 1.836308 -0.000001 0.000002 -0.773162 0.588847 -0.414597
    48 1.223946 -0.000001 0.000002 -0.039633 0.008995 -1.152004
    49 0.000000 1.945634 -1.740829 0.000000 0.000000 0.000000
    50 0.000000 1.092286 -2.833118 0.000000 0.000000 0.000000
    51 0.000000 1.945635 0.000000 0.000000 0.000000 0.000000
    52 0.000000 1.228824 1.706703 0.000000 0.000000 0.000000
    53 0.000004 -0.000004 0.000000 0.000000 0.000000 0.000000
    54 0.000000 -0.000002 3.037922 0.000000 0.000000 0.000000
    55 0.000000 -0.000002 3.857136 0.000000 0.000000 0.000000
    56 0.000000 -0.876005 0.000000 0.000000 0.000000 0.000000
    57 3.201996 0.000000 -0.000004 -1.361357 -0.104720 0.122173
    58 6.694000 0.000000 -0.000004 -1.361357 -0.104982 0.122278
    59 0.109995 -0.821001 -0.907000 -1.824288 0.360672 -0.305712
    60 3.257999 -0.031000 0.000000 1.361357 0.104720 0.122173
    61 6.867996 0.000000 0.000000 1.361357 0.104720 0.122173
    62 0.084999 -0.691999 1.011000 -1.333798 0.454466 1.954245
    63 0.000002 0.000000 0.000000 -0.475103 0.000000 0.000000
    64 9.179489 0.000000 0.000004 0.475126 0.000000 0.000000
    65 6.694332 0.000001 0.000000 -0.237163 0.000000 0.000000
    66 -0.000002 0.000000 0.000000 -0.000003 0.000000 0.000000
    67 6.694324 0.000000 0.000000 0.000037 0.000000 0.000000
  time 13
    0 -1.000000 0.000000 -55.000000 1.570788 0.000007 -0.000007
    1 0.000000 38.312500 -0.516602 1.570789 0.004440 1.570789
    2 0.285165 54.416785 -3.105564 0.038459 -0.147099 0.024952
    3 4.133591 7.749267 -21.641285 -2.745165 -0.500895 -3.318045
    4 0.000000 0.099715 8.360889 0.000000 -1.570796 0.000000
    5 0.117191 23.754495 8.439047 0.000000 -1.570748 4.712197
    6 0.000000 0.000000 0.000000 -1.570792 -1.570789 0.000000
    7 4.042969 0.000000 0.000000 0.000000 0.000000 -0.078758
    8 3.995838 0.000000 0.000000 0.106423 -0.037524 0.106327
    9 3.698238 0.000000 0.000000 0.092221 -0.060486 0.192858
    10 5.700886 0.000000 0.000000 0.080632 -0.099243 0.393238
    11 -9.481893 6.502068 -6.722907 1.274351 -0.972498 -3.016248
    12 5.507359 0.000004 0.000001 -1.278162 0.897415 -2.245992
    13 10.907391 0.000000 0.000004 0.000000 0.000036 -1.645664
    14 10.424316 -0.000007 -0.000031 2.220006 -0.858920 0.977198
    15 2.997272 0.005413 -1.477472 0.048725 0.112741 -0.654683
    16 1.510380 -0.000002 0.000000 0.102007 -0.018587 -1.050084
    17 0.808647 0.000001 0.000000 0.074513 -0.167910 -1.025859
    18 3.305794 0.203110 -0.546729 0.146321 0.120103 -0.673356
    19 1.807177 0.000000 0.000000 0.012053 -0.101773 -1.183191
    20 0.966141 -0.000001 0.000000 -0.003499 -0.006390 -0.767940
    21 3.571516 0.109303 0.409580 0.093171 0.176196 -0.995117
    22 2.150654 0.000000 0.000000 -0.009599 -0.067735 -1.184690
    23 1.152744 0.000001 0.000000 -0.025265 0.000085 -1.098543
    24 3.684093 -0.158703 1.419181 0.009597 0.296870 -0.902273
    25 1.701010 0.000000 0.000000 0.004252 0.081930 -1.300947
    26 0.994709 0.000002 0.000000 -0.014890 0.035612 -0.462859
    27 1.068075 -1.287205 0.981903 2.068194 -0.124080 -0.600797
    28 1.836302 0.000003 -0.000002 -0.003686 0.139062 -0.385174
    29 1.223946 -0.000001 0.000000 0.029852 -0.027586 -0.628670
    30 -8.610777 -0.709088 -0.460906 -1.763510 1.041138 -3.256630
    31 5.507362 -0.000008 -0.000001 2.492250 -0.340101 -0.296950
    32 10.907394 0.000001 -0.000008 0.000000 0.000000 -1.897264
    33 10.424301 -0.000005 0.000015 -1.381732 -0.194367 1.445807
    34 2.997293 0.000065 1.477481 0.008104 0.172894 -0.291131
    35 1.510380 -0.000002 0.000000 -0.000330 -0.020183 -1.183530
    36 0.808651 0.000000 0.000000 -0.153484 0.046618 -1.271586
    37 3.305807 0.201134 0.547461 -0.175834 0.028629 -0.707503
    38 1.807178 -0.000002 0.000000 -0.005538 0.102335 -1.119262
    39 0.966137 -0.000001 0.000000 0.007781 -0.006361 -1.370831
    40 3.571524 0.110785 -0.409182 -0.280349 0.005236 -0.808430
    41 2.150660 0.000002 0.000000 -0.019153 0.065693 -1.609223
    42 1.152756 0.000000 0.000000 0.008505 -0.008700 -1.087255
    43 3.684111 -0.153564 -1.419746 -0.068354 0.064613 -0.408614
    44 1.701017 0.000004 0.000000 -0.007931 -0.081642 -1.256212
    45 0.994705 0.000000 0.000000 0.038449 -0.003161 -1.554984
    46 1.068094 -1.283655 -0.986553 -1.690053 0.345004 -0.122821
    47 1.836308 -0.000001 0.000002 -0.773162 0.588847 -0.414609
    48 1.223946 -0.000001 0.000002 -0.039633 0.008983 -1.152004
    49 0.000000 1.945634 -1.740829 0.000000 0.000000 0.000000
    50 0.000000 1.092286 -2.833118 0.000000 0.000000 0.000000
    51 0.000000 1.945635 0.000000 0.000000 0.000000 0.000000
    52 0.000000 1.228824 1.706703 0.000000 0.000000 0.000000
    53 0.000004 -0.000004 0.000000 0.000000 0.000000 0.000000
    54 0.000000 -0.000002 3.037922 0.000000 0.000000 0.000000
    55 0.000000 -0.000002 3.857136 0.000000 0.000000 0.000000
    56 0.000000 -0.876005 0.000000 0.000000 0.000000 0.000000
    57 3.201996 0.000000 -0.000004 -1.361357 -0.104720 0.122173
    58 6.694000 0.000000 -0.000004 -1.361357 -0.104982 0.122278
    59 0.109995 -0.821001 -0.907000 -1.824288 0.360672 -0.305712
    60 3.257999 -0.031000 0.000000 1.361357 0.104720 0.122173
    61 6.867996 0.000000 0.000000 1.361357 0.104720 0.122173
    62 0.084999 -0.691999 1.011000 -1.333798 0.454466 1.954245
    63 0.000002 0.000000 0.000000 -0.785351 0.000000 0.000000
    64 9.179489 0.000000 0.000004 0.785350 0.000000 0.000000
    65 6.694332 0.000001 0.000000 -0.392675 0.000000 0.000000
    66 -0.000002 0.000000 0.000000 -0.000003 0.000000 0.000000
    67 6.694324 0.000000 0.000000 0.000037 0.000000 0.000000
  time 14
    0 -1.000000 0.000000 -55.000000 1.570788 0.000007 -0.000007
    1 0.000000 38.312500 -0.516602 1.570789 0.004440 1.570789
    2 0.285165 54.416785 -3.105564 0.040232 -0.153175 0.028092
    3 3.235126 6.760955 -20.879543 -2.693954 -0.612979 -3.331181
    4 0.000000 0.099715 8.360889 0.000000 -1.570796 0.000000
    5 0.117191 23.754495 8.442954 0.000000 -1.570748 4.712197
    6 0.000000 0.000000 0.000000 -1.570792 -1.570789 0.000000
    7 4.042969 0.000000 0.000000 0.000000 0.000000 -0.078758
    8 3.995838 0.000000 0.000000 0.106076 -0.037320 0.106183
    9 3.698238 0.000000 0.000000 0.091910 -0.060271 0.193073
    10 5.700886 0.000000 0.000000 0.080369 -0.098903 0.393610
    11 -7.743559 7.568507 -2.922010 1.274351 -0.972498 -3.016248
    12 5.507359 0.000004 0.000001 -1.148731 0.773566 -2.116922
    13 10.907391 0.000000 0.000004 0.000000 0.000024 -1.217658
    14 10.424316 -0.000007 -0.000031 2.072323 -0.890711 0.732975
    15 2.997272 0.005413 -1.477472 0.048725 0.112741 -0.654683
    16 1.510380 -0.000002 0.000000 0.102007 -0.018587 -1.050084
    17 0.808647 0.000001 0.000000 0.074513 -0.167910 -1.025859
    18 3.305794 0.203110 -0.546729 0.146321 0.120103 -0.673356
    19 1.807177 0.000000 0.000000 0.012053 -0.101773 -1.183172
    20 0.966141 -0.000001 0.000000 -0.003499 -0.006390 -0.767940
    21 3.571516 0.109303 0.409580 0.093171 0.176196 -0.995117
    22 2.150654 0.000000 0.000000 -0.009599 -0.067735 -1.184690
    23 1.152744 0.000001 0.000000 -0.025265 0.000085 -1.098543
    24 3.684093 -0.158703 1.419181 0.009597 0.296870 -0.902273
    25 1.701010 0.000000 0.000000 0.004252 0.081930 -1.300928
    26 0.994709 0.000002 0.000000 -0.014890 0.035612 -0.462859
    27 1.068075 -1.287205 0.981903 2.068194 -0.124080 -0.600797
    28 1.836302 0.000003 -0.000002 -0.003686 0.139062 -0.385174
    29 1.223946 -0.000001 0.000000 0.029852 -0.027586 -0.628670
    30 -8.563900 -0.709088 -0.460906 -1.763510 1.041138 -3.256630
    31 5.507362 -0.000008 -0.000001 2.260874 -0.532531 -0.215754
    32 10.907394 0.000001 -0.000008 0.000000 -0.000024 -1.983886
    33 10.424301 -0.000005 0.000015 -1.103587 -0.382538 1.390721
    34 2.997293 0.000065 1.477481 0.008104 0.172894 -0.291131
    35 1.510380 -0.000002 0.000000 -0.000342 -0.020183 -1.183530
    36 0.808651 0.000000 0.000000 -0.153484 0.046618 -1.271586
    37 3.305807 0.201134 0.547461 -0.175834 0.028641 -0.707503
    38 1.807178 -0.000002 0.000000 -0.005538 0.102335 -1.119262
    39 0.966137 -0.000001 0.000000 0.007781 -0.006361 -1.370831
    40 3.571524 0.110785 -0.409182 -0.280349 0.005236 -0.808430
    41 2.150660 0.000002 0.000000 -0.019153 0.065693 -1.609223
    42 1.152756 0.000000 0.000000 0.008505 -0.008700 -1.087255
    43 3.684111 -0.153564 -1.419746 -0.068354 0.064613 -0.408614
    44 1.701017 0.000004 0.000000 -0.007931 -0.081642 -1.256212
    45 0.994705 0.000000 0.000000 0.038449 -0.003161 -1.554984
    46 1.068094 -1.283655 -0.986553 -1.690053 0.345004 -0.122821
    47 1.836308 -0.000001 0.000002 -0.773162 0.588847 -0.414597
    48 1.223946 -0.000001 0.000002 -0.039633 0.008983 -1.152045
    49 0.000000 1.945634 -1.740829 0.000000 0.000000 0.000000
    50 0.000000 1.092286 -2.833118 0.000000 0.000000 0.000000
    51 0.000000 1.945635 0.000000 0.000000 0.000000 0.000000
    52 0.000000 1.228824 1.706703 0.000000 0.000000 0.000000
    53 0.000004 -0.000004 0.000000 0.000000 0.000000 0.000000
    54 0.000000 -0.000002 3.037922 0.000000 0.000000 0.000000
    55 0.000000 -0.000002 3.857136 0.000000 0.000000 0.000000
    56 0.000000 -0.876005 0.000000 0.000000 0.000000 0.000000
    57 3.201996 0.000000 -0.000004 -1.361357 -0.104720 0.122173
    58 6.694000 0.000000 -0.000004 -1.361357 -0.104982 0.122278
    59 0.109995 -0.821001 -0.907000 -1.824288 0.360672 -0.305712
    60 3.257999 -0.031000 0.000000 1.361357 0.104720 0.122173
    61 6.867996 0.000000 0.000000 1.361357 0.104720 0.122173
    62 0.084999 -0.691999 1.011000 -1.333798 0.454466 1.954245
    63 0.000002 0.000000 0.000000 -0.571648 0.000000 0.000000
    64 9.179489 0.000000 0.000004 0.571671 0.000000 0.000000
    65 6.694332 0.000001 0.000000 -0.285149 0.000000 0.000000
    66 -0.000002 0.000000 0.000000 -0.156862 0.000000 0.000000
    67 6.694324 0.000000 0.000000 0.156860 0.000000 0.000000
  time 15
    0 -1.000000 0.000000 -55.000000 1.570788 0.000007 -0.000007
    1 0.000000 38.312500 -0.516602 1.570789 0.004440 1.570789
    2 0.285165 54.416785 -3.105564 0.041047 -0.155045 0.030860
    3 2.250721 5.952337 -19.797479 -2.638467 -0.724545 -3.349158
    4 0.000000 0.099715 8.360889 0.000000 -1.570796 0.000000
    5 0.117191 23.754495 8.442954 0.000000 -1.570748 4.712197
    6 0.000000 0.000000 0.000000 -1.570792 -1.570789 0.000000
    7 4.042969 0.000000 0.000000 0.000000 0.000000 -0.078758
    8 3.995838 0.000000 0.000000 0.105021 -0.036793 0.105752
    9 3.698238 0.000000 0.000000 0.090987 -0.059671 0.193745
    10 5.700886 0.000000 0.000000 0.079578 -0.097932 0.394604
    11 -4.290328 8.810732 4.007889 1.274351 -0.972498 -3.016248
    12 5.507359 0.000004 0.000001 -1.158206 0.268646 -2.249744
    13 10.907391 0.000000 0.000004 0.000000 0.000000 -0.000042
    14 10.424316 -0.000007 -0.000031 1.929249 -0.921300 0.127761
    15 2.997272 0.005413 -1.477472 0.048725 0.112741 -0.654670
    16 1.510380 -0.000002 0.000000 0.102007 -0.018587 -1.050084
    17 0.808647 0.000001 0.000000 0.074513 -0.167910 -1.025859
    18 3.305794 0.203110 -0.546729 0.146321 0.120103 -0.673356
    19 1.807177 0.000000 0.000000 0.012053 -0.101773 -1.183172
    20 0.966141 -0.000001 0.000000 -0.003499 -0.006390 -0.767940
    21 3.571516 0.109303 0.409580 0.093171 0.176196 -0.995117
    22 2.150654 0.000000 0.000000 -0.009599 -0.067735 -1.184690
    23 1.152744 0.000001 0.000000 -0.025265 0.000085 -1.098543
    24 3.684093 -0.158703 1.419181 0.009585 0.296870 -0.902273
    25 1.701010 0.000000 0.000000 0.004252 0.081918 -1.300928
    26 0.994709 0.000002 0.000000 -0.014890 0.035612 -0.462859
    27 1.068075 -1.287205 0.981903 2.068194 -0.124080 -0.600797
    28 1.836302 0.000003 -0.000002 -0.003686 0.139062 -0.385174
    29 1.223946 -0.000001 0.000000 0.029852 -0.027586 -0.628670
    30 -8.438896 -0.685650 -0.472625 -1.763510 1.041138 -3.256630
    31 5.507362 -0.000008 -0.000001 1.754930 -0.692216 0.127064
    32 10.907394 0.000001 -0.000008 0.000000 -0.000012 -2.059578
    33 10.424301 -0.000005 0.000015 -0.588690 -0.539678 1.181838
    34 2.997293 0.000065 1.477481 0.008104 0.172894 -0.291131
    35 1.510380 -0.000002 0.000000 -0.000342 -0.020183 -1.183530
    36 0.808651 0.000000 0.000000 -0.153484 0.046618 -1.271586
    37 3.305807 0.201134 0.547461 -0.175834 0.028641 -0.707503
    38 1.807178 -0.000002 0.000000 -0.005538 0.102335 -1.119262
    39 0.966137 -0.000001 0.000000 0.007781 -0.006361 -1.370831
    40 3.571524 0.110785 -0.409182 -0.280349 0.005236 -0.808430
    41 2.150660 0.000002 0.000000 -0.019153 0.065693 -1.609223
    42 1.152756 0.000000 0.000000 0.008505 -0.008700 -1.087255
    43 3.684111 -0.153564 -1.419746 -0.068354 0.064613 -0.408614
    44 1.701017 0.000004 0.000000 -0.007931 -0.081642 -1.256212
    45 0.994705 0.000000 0.000000 0.038449 -0.003161 -1.554984
    46 1.068094 -1.283655 -0.986553 -1.690053 0.345004 -0.122821
    47 1.836308 -0.000001 0.000002 -0.773162 0.588847 -0.414597
    48 1.223946 -0.000001 0.000002 -0.039621 0.008995 -1.152004
    49 0.000000 1.945634 -1.740829 0.000000 0.000000 0.000000
    50 0.000000 1.092286 -2.833118 0.000000 0.000000 0.000000
    51 0.000000 1.945635 0.000000 0.000000 0.000000 0.000000
    52 0.000000 1.228824 1.706703 0.000000 0.000000 0.000000
    53 0.000004 -0.000004 0.000000 0.000000 0.000000 0.000000
    54 0.000000 -0.000002 3.037922 0.000000 0.000000 0.000000
    55 0.000000 -0.000002 3.857136 0.000000 0.000000 0.000000
    56 0.000000 -0.876005 0.000000 0.000000 0.000000 0.000000
    57 3.201996 0.000000 -0.000004 -1.361357 -0.104720 0.122173
    58 6.694000 0.000000 -0.000004 -1.361357 -0.104982 0.122278
    59 0.109995 -0.821001 -0.907000 -1.824288 0.360672 -0.305712
    60 3.257999 -0.031000 0.000000 1.361357 0.104720 0.122173
    61 6.867996 0.000000 0.000000 1.361357 0.104720 0.122173
    62 0.084999 -0.691999 1.011000 -1.333798 0.454466 1.954245
    63 0.000002 0.000000 0.000000 -0.215477 0.000000 0.000000
    64 9.179489 0.000000 0.000004 0.215476 0.000000 0.000000
    65 6.694332 0.000001 0.000000 -0.108437 0.000000 0.000000
    66 -0.000002 0.000000 0.000000 -0.737720 0.000000 0.000000
    67 6.694324 0.000000 0.000000 0.737761 0.000000 0.000000
  time 16
    0 -1.000000 0.000000 -55.000000 1.570788 0.000007 -0.000007
    1 0.000000 38.312500 -0.516602 1.570789 0.004440 1.570789
    2 0.285165 54.416785 -3.105564 0.041107 -0.153690 0.033149
    3 0.988964 5.299973 -18.586505 -2.577961 -0.836054 -3.374049
    4 0.000000 0.099715 8.360889 0.000000 -1.570796 0.000000
    5 0.117191 23.754495 8.439047 0.000000 -1.570700 4.712197
    6 0.000000 0.000000 0.000000 -1.570792 -1.570789 0.000000
    7 4.042969 0.000000 0.000000 0.000000 0.000000 -0.078758
    8 3.995838 0.000000 0.000000 0.103307 -0.035918 0.105057
    9 3.698238 0.000000 0.000000 0.089525 -0.058713 0.194799
    10 5.700886 0.000000 0.000000 0.078271 -0.096329 0.396234
    11 -2.094949 9.299028 7.937696 1.274351 -0.972498 -3.016248
    12 5.507359 0.000004 0.000001 -1.103770 0.269692 -2.186772
    13 10.907391 0.000000 0.000004 0.000000 0.000000 -0.000042
    14 10.424316 -0.000007 -0.000031 1.832447 -0.973580 0.172400
    15 2.997272 0.005413 -1.477472 0.048725 0.112741 -0.654670
    16 1.510380 -0.000002 0.000000 0.102007 -0.018587 -1.050084
    17 0.808647 0.000001 0.000000 0.074513 -0.167910 -1.025859
    18 3.305794 0.203110 -0.546729 0.146321 0.120103 -0.673356
    19 1.807177 0.000000 0.000000 0.012053 -0.101773 -1.183172
    20 0.966141 -0.000001 0.000000 -0.003499 -0.006390 -0.767940
    21 3.571516 0.109303 0.409580 0.093171 0.176196 -0.995117
    22 2.150654 0.000000 0.000000 -0.009599 -0.067735 -1.184690
    23 1.152744 0.000001 0.000000 -0.025265 0.000085 -1.098543
    24 3.684093 -0.158703 1.419181 0.009597 0.296870 -0.902273
    25 1.701010 0.000000 0.000000 0.004252 0.081930 -1.300928
    26 0.994709 0.000002 0.000000 -0.014890 0.035612 -0.462859
    27 1.068075 -1.287205 0.981903 2.068194 -0.124080 -0.600797
    28 1.836302 0.000003 -0.000002 -0.003686 0.139062 -0.385174
    29 1.223946 -0.000001 0.000000 0.029852 -0.027586 -0.628670
    30 -8.239671 -0.646586 -0.488250 -1.763510 1.041138 -3.256630
    31 5.507362 -0.000008 -0.000001 1.295817 -0.622309 0.448414
    32 10.907394 0.000001 -0.000008 0.000000 -0.000024 -2.097801
    33 10.424301 -0.000005 0.000015 -0.118286 -0.544751 0.958454
    34 2.997293 0.000065 1.477481 0.008104 0.172894 -0.291131
    35 1.510380 -0.000002 0.000000 -0.000342 -0.020183 -1.183530
    36 0.808651 0.000000 0.000000 -0.153484 0.046618 -1.271586
    37 3.305807 0.201134 0.547461 -0.175834 0.028641 -0.707503
    38 1.807178 -0.000002 0.000000 -0.005538 0.102335 -1.119262
    39 0.966137 -0.000001 0.000000 0.007781 -0.006361 -1.370831
    40 3.571524 0.110785 -0.409182 -0.280349 0.005236 -0.808430
    41 2.150660 0.000002 0.000000 -0.019153 0.065693 -1.609223
    42 1.152756 0.000000 0.000000 0.008505 -0.008700 -1.087255
    43 3.684111 -0.153564 -1.419746 -0.068354 0.064613 -0.408614
    44 1.701017 0.000004 0.000000 -0.007931 -0.081642 -1.256212
    45 0.994705 0.000000 0.000000 0.038449 -0.003161 -1.554984
    46 1.068094 -1.283655 -0.986553 -1.690053 0.345004 -0.122821
    47 1.836308 -0.000001 0.000002 -0.773162 0.588847 -0.414597
    48 1.223946 -0.000001 0.000002 -0.039633 0.008983 -1.152004
    49 0.000000 1.945634 -1.740829 0.000000 0.000000 0.000000
    50 0.000000 1.092286 -2.833118 0.000000 0.000000 0.000000
    51 0.000000 1.945635 0.000000 0.000000 0.000000 0.000000
    52 0.000000 1.228824 1.706703 0.000000 0.000000 0.000000
    53 0.000004 -0.000004 0.000000 0.000000 0.000000 0.000000
    54 0.000000 -0.000002 3.037922 0.000000 0.000000 0.000000
    55 0.000000 -0.000002 3.857136 0.000000 0.000000 0.000000
    56 0.000000 -0.876005 0.000000 0.000000 0.000000 0.000000
    57 3.201996 0.000000 -0.000004 -1.361357 -0.104720 0.122173
    58 6.694000 0.000000 -0.000004 -1.361357 -0.104982 0.122278
    59 0.109995 -0.821001 -0.907000 -1.824288 0.360672 -0.305712
    60 3.257999 -0.031000 0.000000 1.361357 0.104720 0.122173
    61 6.867996 0.000000 0.000000 1.361357 0.104720 0.122173
    62 0.084999 -0.691999 1.011000 -1.333798 0.454466 1.954245
    63 0.000002 0.000000 0.000000 -0.120777 0.000000 0.000000
    64 9.179489 0.000000 0.000004 0.120801 0.000000 0.000000
    65 6.694332 0.000001 0.000000 -0.061086 0.000000 0.000000
    66 -0.000002 0.000000 0.000000 -0.785362 0.000000 0.000000
    67 6.694324 0.000000 0.000000 0.785373 0.000000 0.000000
  time 17
    0 -1.000000 0.000000 -55.000000 1.570788 0.000007 -0.000007
    1 0.000000 38.312500 -0.516602 1.570789 0.004440 1.570789
    2 0.285165 54.416785 -3.105564 0.040604 -0.150179 0.034755
    3 -0.725932 4.753081 -17.449751 -2.511042 -0.946817 -3.409483
    4 0.000000 0.099715 8.360889 0.000000 -1.570796 0.000000
    5 0.117191 23.754495 8.439047 0.000000 -1.570748 4.712197
    6 0.000000 0.000000 0.000000 -1.570792 -1.570789 0.000000
    7 4.042969 0.000000 0.000000 0.000000 0.000000 -0.078758
    8 3.995838 0.000000 0.000000 0.100994 -0.034731 0.104134
    9 3.698238 0.000000 0.000000 0.087511 -0.057394 0.196213
    10 5.700886 0.000000 0.000000 0.076534 -0.094180 0.398439
    11 -1.551964 9.072459 8.222861 1.274351 -0.972498 -3.016248
    12 5.507359 0.000004 0.000001 -1.057021 0.240104 -2.127462
    13 10.907391 0.000000 0.000004 0.000000 0.000000 -0.000042
    14 10.424316 -0.000007 -0.000031 1.733470 -1.010421 0.244702
    15 2.997272 0.005413 -1.477472 0.048725 0.112741 -0.654670
    16 1.510380 -0.000002 0.000000 0.102007 -0.018587 -1.050084
    17 0.808647 0.000001 0.000000 0.074513 -0.167910 -1.025859
    18 3.305794 0.203110 -0.546729 0.146321 0.120103 -0.673356
    19 1.807177 0.000000 0.000000 0.012053 -0.101773 -1.183172
    20 0.966141 -0.000001 0.000000 -0.003499 -0.006390 -0.767940
    21 3.571516 0.109303 0.409580 0.093171 0.176196 -0.995117
    22 2.150654 0.000000 0.000000 -0.009599 -0.067735 -1.184690
    23 1.152744 0.000001 0.000000 -0.025265 0.000085 -1.098543
    24 3.684093 -0.158703 1.419181 0.009597 0.296870 -0.902273
    25 1.701010 0.000000 0.000000 0.004252 0.081930 -1.300928
    26 0.994709 0.000002 0.000000 -0.014890 0.035612 -0.462859
    27 1.068075 -1.287205 0.981903 2.068194 -0.124080 -0.600797
    28 1.836302 0.000003 -0.000002 -0.003686 0.139062 -0.385174
    29 1.223946 -0.000001 0.000000 0.029852 -0.027586 -0.628670
    30 -7.958413 -0.603616 -0.511689 -1.763510 1.041138 -3.256630
    31 5.507362 -0.000008 -0.000001 1.087712 -0.438262 0.521977
    32 10.907394 0.000001 -0.000008 0.000000 -0.000024 -2.061640
    33 10.424301 -0.000005 0.000015 0.150848 -0.482056 0.837265
    34 2.997293 0.000065 1.477481 0.008104 0.172894 -0.291131
    35 1.510380 -0.000002 0.000000 -0.000342 -0.020183 -1.183530
    36 0.808651 0.000000 0.000000 -0.153484 0.046618 -1.271586
    37 3.305807 0.201134 0.547461 -0.175834 0.028641 -0.707503
    38 1.807178 -0.000002 0.000000 -0.005538 0.102335 -1.119262
    39 0.966137 -0.000001 0.000000 0.007781 -0.006361 -1.370831
    40 3.571524 0.110785 -0.409182 -0.280349 0.005236 -0.808430
    41 2.150660 0.000002 0.000000 -0.019153 0.065693 -1.609223
    42 1.152756 0.000000 0.000000 0.008505 -0.008700 -1.087255
    43 3.684111 -0.153564 -1.419746 -0.068354 0.064613 -0.408614
    44 1.701017 0.000004 0.000000 -0.007931 -0.081642 -1.256212
    45 0.994705 0.000000 0.000000 0.038449 -0.003161 -1.554984
    46 1.068094 -1.283655 -0.986553 -1.690053 0.345004 -0.122821
    47 1.836308 -0.000001 0.000002 -0.773162 0.588847 -0.414597
    48 1.223946 -0.000001 0.000002 -0.039633 0.008983 -1.151963
    49 0.000000 1.945634 -1.740829 0.000000 0.000000 0.000000
    50 0.000000 1.092286 -2.833118 0.000000 0.000000 0.000000
    51 0.000000 1.945635 0.000000 0.000000 0.000000 0.000000
    52 0.000000 1.228824 1.706703 0.000000 0.000000 0.000000
    53 0.000004 -0.000004 0.000000 0.000000 0.000000 0.000000
    54 0.000000 -0.000002 3.037922 0.000000 0.000000 0.000000
    55 0.000000 -0.000002 3.857136 0.000000 0.000000 0.000000
    56 0.000000 -0.876005 0.000000 0.000000 0.000000 0.000000
    57 3.201996 0.000000 -0.000004 -1.361357 -0.104720 0.122173
    58 6.694000 0.000000 -0.000004 -1.361357 -0.104982 0.122278
    59 0.109995 -0.821001 -0.907000 -1.824288 0.360672 -0.305712
    60 3.257999 -0.031000 0.000000 1.361357 0.104720 0.122173
    61 6.867996 0.000000 0.000000 1.361357 0.104720 0.122173
    62 0.084999 -0.691999 1.011000 -1.333798 0.454466 1.954245
    63 0.000002 0.000000 0.000000 -0.013830 0.000000 0.000000
    64 9.179489 0.000000 0.000004 0.013830 0.000000 0.000000
    65 6.694332 0.000001 0.000000 -0.007047 0.000000 0.000000
    66 -0.000002 0.000000 0.000000 -0.785362 0.000000 0.000000
    67 6.694324 0.000000 0.000000 0.785373 0.000000 0.000000
  time 18
    0 -1.000000 0.000000 -55.000000 1.570788 0.000007 -0.000007
    1 0.000000 38.312500 -0.516602 1.570789 0.004440 1.570789
    2 0.285165 54.416785 -3.105564 0.039753 -0.145529 0.035534
    3 -3.311948 4.370257 -16.328623 -2.433992 -1.055110 -3.461080
    4 0.000000 0.099715 8.360889 0.000000 -1.570796 0.000000
    5 0.117191 23.754495 8.442954 0.000000 -1.570700 4.712293
    6 0.000000 0.000000 0.000000 -1.570792 -1.570789 0.000000
    7 4.042969 0.000000 0.000000 0.000000 0.000000 -0.078758
    8 3.995838 0.000000 0.000000 0.098166 -0.033305 0.102983
    9 3.698238 0.000000 0.000000 0.085055 -0.055776 0.197939
    10 5.700886 0.000000 0.000000 0.074364 -0.091521 0.401184
    11 -1.059761 8.818545 8.386929 1.274351 -0.972498 -3.016248
    12 5.507359 0.000004 0.000001 -1.000529 0.184764 -2.046357
    13 10.907391 0.000000 0.000004 0.000000 0.000000 -0.000042
    14 10.424316 -0.000007 -0.000031 1.633014 -1.006718 0.323553
    15 2.997272 0.005413 -1.477472 0.048725 0.112741 -0.654683
    16 1.510380 -0.000002 0.000000 0.102007 -0.018587 -1.050084
    17 0.808647 0.000001 0.000000 0.074513 -0.167910 -1.025859
    18 3.305794 0.203110 -0.546729 0.146321 0.120103 -0.673356
    19 1.807177 0.000000 0.000000 0.012053 -0.101773 -1.183172
    20 0.966141 -0.000001 0.000000 -0.003499 -0.006390 -0.767940
    21 3.571516 0.109303 0.409580 0.093171 0.176196 -0.995117
    22 2.150654 0.000000 0.000000 -0.009599 -0.067735 -1.184690
    23 1.152744 0.000001 0.000000 -0.025265 0.000085 -1.098543
    24 3.684093 -0.158703 1.419181 0.009597 0.296870 -0.902273
    25 1.701010 0.000000 0.000000 0.004252 0.081930 -1.300928
    26 0.994709 0.000002 0.000000 -0.014890 0.035612 -0.462859
    27 1.068075 -1.287205 0.981903 2.068194 -0.124080 -0.600797
    28 1.836302 0.000003 -0.000002 -0.003686 0.139062 -0.385174
    29 1.223946 -0.000001 0.000000 0.029852 -0.027586 -0.628670
    30 -7.622465 -0.541114 -0.539033 -1.763510 1.041138 -3.256630
    31 5.507362 -0.000008 -0.000001 1.005351 -0.196321 0.428568
    32 10.907394 0.000001 -0.000008 0.000000 0.000000 -1.903245
    33 10.424301 -0.000005 0.000015 0.291716 -0.413526 0.762361
    34 2.997293 0.000065 1.477481 0.008104 0.172894 -0.291131
    35 1.510380 -0.000002 0.000000 -0.000330 -0.020183 -1.183530
    36 0.808651 0.000000 0.000000 -0.153484 0.046618 -1.271586
    37 3.305807 0.201134 0.547461 -0.175822 0.028641 -0.707503
    38 1.807178 -0.000002 0.000000 -0.005538 0.102335 -1.119262
    39 0.966137 -0.000001 0.000000 0.007781 -0.006361 -1.370831
    40 3.571524 0.110785 -0.409182 -0.280349 0.005236 -0.808430
    41 2.150660 0.000002 0.000000 -0.019153 0.065693 -1.609223
    42 1.152756 0.000000 0.000000 0.008505 -0.008700 -1.087255
    43 3.684111 -0.153564 -1.419746 -0.068354 0.064613 -0.408614
    44 1.701017 0.000004 0.000000 -0.007931 -0.081642 -1.256212
    45 0.994705 0.000000 0.000000 0.038449 -0.003161 -1.554984
    46 1.068094 -1.283655 -0.986553 -1.690053 0.345004 -0.122821
    47 1.836308 -0.000001 0.000002 -0.773162 0.588847 -0.414597
    48 1.223946 -0.000001 0.000002 -0.039621 0.008983 -1.152004
    49 0.000000 1.945634 -1.740829 0.000000 0.000000 0.000000
    50 0.000000 1.092286 -2.833118 0.000000 0.000000 0.000000
    51 0.000000 1.945635 0.000000 0.000000 0.000000 0.000000
    52 0.000000 1.228824 1.706703 0.000000 0.000000 0.000000
    53 0.000004 -0.000004 0.000000 0.000000 0.000000 0.000000
    54 0.000000 -0.000002 3.037922 0.000000 0.000000 0.000000
    55 0.000000 -0.000002 3.857136 0.000000 0.000000 0.000000
    56 0.000000 -0.876005 0.000000 0.000000 0.000000 0.000000
    57 3.201996 0.000000 -0.000004 -1.361357 -0.104720 0.122173
    58 6.694000 0.000000 -0.000004 -1.361357 -0.104982 0.122278
    59 0.109995 -0.821001 -0.907000 -1.824288 0.360672 -0.305712
    60 3.257999 -0.031000 0.000000 1.361357 0.104720 0.122173
    61 6.867996 0.000000 0.000000 1.361357 0.104720 0.122173
    62 0.084999 -0.691999 1.011000 -1.333798 0.454466 1.954245
    63 0.000002 0.000000 0.000000 0.000000 0.000000 0.000000
    64 9.179489 0.000000 0.000004 0.000000 0.000000 0.000000
    65 6.694332 0.000001 0.000000 0.000000 0.000000 0.000000
    66 -0.000002 0.000000 0.000000 -0.785362 0.000000 0.000000
    67 6.694324 0.000000 0.000000 0.785373 0.000000 0.000000
  time 19
    0 -1.000000 0.000000 -55.000000 1.570788 0.000007 -0.000007
    1 0.000000 38.312500 -0.516602 1.570789 0.004440 1.570789
    2 0.285165 54.416785 -3.105564 0.038734 -0.140735 0.035331
    3 -6.718302 4.159313 -15.043428 -2.336309 -1.160475 -3.541110
    4 0.000000 0.099715 8.360889 0.000000 -1.570796 0.000000
    5 0.117191 23.754495 8.439047 0.000000 -1.570748 4.712293
    6 0.000000 0.000000 0.000000 -1.570792 -1.570789 0.000000
    7 4.042969 0.000000 0.000000 0.000000 0.000000 -0.078758
    8 3.995838 0.000000 0.000000 0.094786 -0.031651 0.101665
    9 3.698238 0.000000 0.000000 0.082130 -0.053883 0.199953
    10 5.700886 0.000000 0.000000 0.071824 -0.088401 0.404408
    11 -0.614435 8.537286 8.449431 1.274351 -0.972498 -3.016248
    12 5.507359 0.000004 0.000001 -0.939121 0.103592 -1.947745
    13 10.907391 0.000000 0.000004 0.000000 0.000000 -0.000042
    14 10.424316 -0.000007 -0.000031 1.547518 -0.966221 0.390942
    15 2.997272 0.005413 -1.477472 0.048725 0.112741 -0.654670
    16 1.510380 -0.000002 0.000000 0.102007 -0.018587 -1.050084
    17 0.808647 0.000001 0.000000 0.074513 -0.167910 -1.025859
    18 3.305794 0.203110 -0.546729 0.146321 0.120103 -0.673356
    19 1.807177 0.000000 0.000000 0.012053 -0.101773 -1.183172
    20 0.966141 -0.000001 0.000000 -0.003499 -0.006390 -0.767940
    21 3.571516 0.109303 0.409580 0.093171 0.176196 -0.995117
    22 2.150654 0.000000 0.000000 -0.009599 -0.067735 -1.184690
    23 1.152744 0.000001 0.000000 -0.025265 0.000085 -1.098543
    24 3.684093 -0.158703 1.419181 0.009585 0.296870 -0.902273
    25 1.701010 0.000000 0.000000 0.004252 0.081930 -1.300947
    26 0.994709 0.000002 0.000000 -0.014890 0.035612 -0.462859
    27 1.068075 -1.287205 0.981903 2.068194 -0.124080 -0.600797
    28 1.836302 0.000003 -0.000002 -0.003686 0.139062 -0.385174
    29 1.223946 -0.000001 0.000000 0.029852 -0.027586 -0.628670
    30 -7.220109 -0.478612 -0.570284 -1.763510 1.041138 -3.256630
    31 5.507362 -0.000008 -0.000001 0.963405 0.081621 0.237361
    32 10.907394 0.000001 -0.000008 0.000000 -0.000012 -1.582263
    33 10.424301 -0.000005 0.000015 0.351906 -0.364697 0.642691
    34 2.997293 0.000065 1.477481 0.008104 0.172894 -0.291131
    35 1.510380 -0.000002 0.000000 -0.000330 -0.020183 -1.183530
    36 0.808651 0.000000 0.000000 -0.153484 0.046618 -1.271586
    37 3.305807 0.201134 0.547461 -0.175834 0.028629 -0.707503
    38 1.807178 -0.000002 0.000000 -0.005538 0.102335 -1.119262
    39 0.966137 -0.000001 0.000000 0.007781 -0.006361 -1.370831
    40 3.571524 0.110785 -0.409182 -0.280349 0.005236 -0.808430
    41 2.150660 0.000002 0.000000 -0.019153 0.065693 -1.609223
    42 1.152756 0.000000 0.000000 0.008505 -0.008700 -1.087255
    43 3.684111 -0.153564 -1.419746 -0.068354 0.064613 -0.408614
    44 1.701017 0.000004 0.000000 -0.007931 -0.081642 -1.256212
    45 0.994705 0.000000 0.000000 0.038449 -0.003161 -1.554984
    46 1.068094 -1.283655 -0.986553 -1.690053 0.345004 -0.122821
    47 1.836308 -0.000001 0.000002 -0.773162 0.588847 -0.414609
    48 1.223946 -0.000001 0.000002 -0.039633 0.008983 -1.152004
    49 0.000000 1.945634 -1.740829 0.000000 0.000000 0.000000
    50 0.000000 1.092286 -2.833118 0.000000 0.000000 0.000000
    51 0.000000 1.945635 0.000000 0.000000 0.000000 0.000000
    52 0.000000 1.228824 1.706703 0.000000 0.000000 0.000000
    53 0.000004 -0.000004 0.000000 0.000000 0.000000 0.000000
    54 0.000000 -0.000002 3.037922 0.000000 0.000000 0.000000
    55 0.000000 -0.000002 3.857136 0.000000 0.000000 0.000000
    56 0.000000 -0.876005 0.000000 0.000000 0.000000 0.000000
    57 3.201996 0.000000 -0.000004 -1.361357 -0.104720 0.122173
    58 6.694000 0.000000 -0.000004 -1.361357 -0.104982 0.122278
    59 0.109995 -0.821001 -0.907000 -1.824288 0.360672 -0.305712
    60 3.257999 -0.031000 0.000000 1.361357 0.104720 0.122173
    61 6.867996 0.000000 0.000000 1.361357 0.104720 0.122173
    62 0.084999 -0.691999 1.011000 -1.333798 0.454466 1.954245
    63 0.000002 0.000000 0.000000 0.000000 0.000000 0.000000
    64 9.179489 0.000000 0.000004 0.000000 0.000000 0.000000
    65 6.694332 0.000001 0.000000 0.000000 0.000000 0.000000
    66 -0.000002 0.000000 0.000000 -0.785362 0.000000 0.000000
    67 6.694324 0.000000 0.000000 0.785373 0.000000 0.000000
  time 20
    0 -1.000000 0.000000 -55.000000 1.570788 0.000007 -0.000007
    1 0.000000 38.312500 -0.516602 1.570789 0.004440 1.570789
    2 0.285165 54.416785 -3.105564 0.037452 -0.135126 0.034108
    3 -10.409821 4.104624 -13.625416 -2.194106 -1.260328 -3.675330
    4 0.000000 0.099715 8.360889 0.000000 -1.570796 0.000000
    5 0.117191 23.754495 8.439047 0.000000 -1.570748 4.712197
    6 0.000000 0.000000 0.000000 -1.570792 -1.570789 0.000000
    7 4.042969 0.000000 0.000000 0.000000 0.000000 -0.078758
    8 3.995838 0.000000 0.000000 0.090951 -0.029806 0.100191
    9 3.698238 0.000000 0.000000 0.078811 -0.051690 0.202206
    10 5.700886 0.000000 0.000000 0.068899 -0.084807 0.408087
    11 -0.204266 8.236496 8.414273 1.274351 -0.972498 -3.016248
    12 5.507359 0.000004 0.000001 -0.883612 0.013010 -1.848954
    13 10.907391 0.000000 0.000004 0.000000 0.000000 -0.000042
    14 10.424316 -0.000007 -0.000031 1.479591 -0.914326 0.438081
    15 2.997272 0.005413 -1.477472 0.048725 0.112741 -0.654683
    16 1.510380 -0.000002 0.000000 0.102007 -0.018587 -1.050084
    17 0.808647 0.000001 0.000000 0.074513 -0.167910 -1.025859
    18 3.305794 0.203110 -0.546729 0.146321 0.120103 -0.673356
    19 1.807177 0.000000 0.000000 0.012053 -0.101773 -1.183172
    20 0.966141 -0.000001 0.000000 -0.003499 -0.006390 -0.767940
    21 3.571516 0.109303 0.409580 0.093171 0.176196 -0.995117
    22 2.150654 0.000000 0.000000 -0.009599 -0.067735 -1.184690
    23 1.152744 0.000001 0.000000 -0.025265 0.000085 -1.098543
    24 3.684093 -0.158703 1.419181 0.009597 0.296870 -0.902273
    25 1.701010 0.000000 0.000000 0.004252 0.081930 -1.300928
    26 0.994709 0.000002 0.000000 -0.014890 0.035612 -0.462859
    27 1.068075 -1.287205 0.981903 2.068194 -0.124080 -0.600797
    28 1.836302 0.000003 -0.000002 -0.003686 0.139062 -0.385174
    29 1.223946 -0.000001 0.000000 0.029852 -0.027586 -0.628670
    30 -6.766970 -0.396578 -0.613254 -1.763510 1.041138 -3.256630
    31 5.507362 -0.000008 -0.000001 0.890717 0.387593 -0.022734
    32 10.907394 0.000001 -0.000008 0.000000 -0.000012 -1.055587
    33 10.424301 -0.000005 0.000015 0.372463 -0.329524 0.392715
    34 2.997293 0.000065 1.477481 0.008104 0.172894 -0.291131
    35 1.510380 -0.000002 0.000000 -0.000330 -0.020183 -1.183530
    36 0.808651 0.000000 0.000000 -0.153484 0.046618 -1.271586
    37 3.305807 0.201134 0.547461 -0.175834 0.028629 -0.707503
    38 1.807178 -0.000002 0.000000 -0.005538 0.102335 -1.119262
    39 0.966137 -0.000001 0.000000 0.007781 -0.006361 -1.370831
    40 3.571524 0.110785 -0.409182 -0.280349 0.005236 -0.808430
    41 2.150660 0.000002 0.000000 -0.019153 0.065693 -1.609223
    42 1.152756 0.000000 0.000000 0.008505 -0.008700 -1.087255
    43 3.684111 -0.153564 -1.419746 -0.068354 0.064613 -0.408614
    44 1.701017 0.000004 0.000000 -0.007919 -0.081642 -1.256212
    45 0.994705 0.000000 0.000000 0.038449 -0.003161 -1.554984
    46 1.068094 -1.283655 -0.986553 -1.690053 0.345004 -0.122821
    47 1.836308 -0.000001 0.000002 -0.773162 0.588847 -0.414609
    48 1.223946 -0.000001 0.000002 -0.039633 0.008995 -1.152004
    49 0.000000 1.945634 -1.740829 0.000000 0.000000 0.000000
    50 0.000000 1.092286 -2.833118 0.000000 0.000000 0.000000
    51 0.000000 1.945635 0.000000 0.000000 0.000000 0.000000
    52 0.000000 1.228824 1.706703 0.000000 0.000000 0.000000
    53 0.000004 -0.000004 0.000000 0.000000 0.000000 0.000000
    54 0.000000 -0.000002 3.037922 0.000000 0.000000 0.000000
    55 0.000000 -0.000002 3.857136 0.000000 0.000000 0.000000
    56 0.000000 -0.876005 0.000000 0.000000 0.000000 0.000000
    57 3.201996 0.000000 -0.000004 -1.361357 -0.104720 0.122173
    58 6.694000 0.000000 -0.000004 -1.361357 -0.104982 0.122278
    59 0.109995 -0.821001 -0.907000 -1.824288 0.360672 -0.305712
    60 3.257999 -0.031000 0.000000 1.361357 0.104720 0.122173
    61 6.867996 0.000000 0.000000 1.361357 0.104720 0.122173
    62 0.084999 -0.691999 1.011000 -1.333798 0.454466 1.954245
    63 0.000002 0.000000 0.000000 0.000000 0.000000 0.000000
    64 9.179489 0.000000 0.000004 0.000000 0.000000 0.000000
    65 6.694332 0.000001 0.000000 0.000000 0.000000 0.000000
    66 -0.000002 0.000000 0.000000 -0.785362 0.000000 0.000000
    67 6.694324 0.000000 0.000000 0.785373 0.000000 0.000000
  time 21
    0 -1.000000 0.000000 -55.000000 1.570788 0.000007 -0.000007
    1 0.000000 38.312500 -0.516602 1.570789 0.004440 1.570789
    2 0.285165 54.416785 -3.105564 0.035666 -0.127624 0.032131
    3 -13.812269 4.167126 -12.137089 -1.951711 -1.347434 -3.921471
    4 0.000000 0.099715 8.360889 0.000000 -1.570796 0.000000
    5 0.113285 23.754495 8.439047 0.000000 -1.570748 4.712197
    6 0.000000 0.000000 0.000000 -1.570792 -1.570789 0.000000
    7 4.042969 0.000000 0.000000 0.000000 0.000000 -0.078758
    8 3.995838 0.000000 0.000000 0.086720 -0.027780 0.098597
    9 3.698238 0.000000 0.000000 0.075143 -0.049293 0.204639
    10 5.700886 0.000000 0.000000 0.065712 -0.080861 0.412138
    11 0.162933 7.904454 8.289270 1.274351 -0.972498 -3.016248
    12 5.507359 0.000004 0.000001 -0.839187 -0.071492 -1.763205
    13 10.907391 0.000000 0.000004 0.000000 0.000000 -0.000042
    14 10.424316 -0.000007 -0.000031 1.422796 -0.872964 0.467381
    15 2.997272 0.005413 -1.477472 0.048725 0.112741 -0.654670
    16 1.510380 -0.000002 0.000000 0.102007 -0.018587 -1.050084
    17 0.808647 0.000001 0.000000 0.074513 -0.167910 -1.025859
    18 3.305794 0.203110 -0.546729 0.146321 0.120103 -0.673356
    19 1.807177 0.000000 0.000000 0.012053 -0.101773 -1.183172
    20 0.966141 -0.000001 0.000000 -0.003499 -0.006390 -0.767940
    21 3.571516 0.109303 0.409580 0.093171 0.176196 -0.995117
    22 2.150654 0.000000 0.000000 -0.009599 -0.067735 -1.184690
    23 1.152744 0.000001 0.000000 -0.025265 0.000085 -1.098543
    24 3.684093 -0.158703 1.419181 0.009597 0.296870 -0.902273
    25 1.701010 0.000000 0.000000 0.004252 0.081930 -1.300928
    26 0.994709 0.000002 0.000000 -0.014890 0.035612 -0.462859
    27 1.068075 -1.287205 0.981903 2.068194 -0.124080 -0.600797
    28 1.836302 0.000003 -0.000002 -0.003686 0.139062 -0.385174
    29 1.223946 -0.000001 0.000000 0.029852 -0.027586 -0.628670
    30 -6.263049 -0.306732 -0.648412 -1.763510 1.041138 -3.256630
    31 5.507362 -0.000008 -0.000001 0.582726 0.801905 -0.579849
    32 10.907394 0.000001 -0.000008 0.000000 0.000000 -0.000036
    33 10.424301 -0.000005 0.000015 0.372815 -0.300607 -0.159095
    34 2.997293 0.000065 1.477481 0.008104 0.172894 -0.291131
    35 1.510380 -0.000002 0.000000 -0.000342 -0.020183 -1.183530
    36 0.808651 0.000000 0.000000 -0.153484 0.046618 -1.271586
    37 3.305807 0.201134 0.547461 -0.175834 0.028629 -0.707503
    38 1.807178 -0.000002 0.000000 -0.005538 0.102335 -1.119262
    39 0.966137 -0.000001 0.000000 0.007781 -0.006361 -1.370831
    40 3.571524 0.110785 -0.409182 -0.280349 0.005236 -0.808430
    41 2.150660 0.000002 0.000000 -0.019153 0.065693 -1.609223
    42 1.152756 0.000000 0.000000 0.008505 -0.008700 -1.087255
    43 3.684111 -0.153564 -1.419746 -0.068354 0.064613 -0.408614
    44 1.701017 0.000004 0.000000 -0.007931 -0.081642 -1.256212
    45 0.994705 0.000000 0.000000 0.038449 -0.003161 -1.554984
    46 1.068094 -1.283655 -0.986553 -1.690053 0.345004 -0.122821
    47 1.836308 -0.000001 0.000002 -0.773185 0.588847 -0.414609
    48 1.223946 -0.000001 0.000002 -0.039621 0.008995 -1.152004
    49 0.000000 1.945634 -1.740829 0.000000 0.000000 0.000000
    50 0.000000 1.092286 -2.833118 0.000000 0.000000 0.000000
    51 0.000000 1.945635 0.000000 0.000000 0.000000 0.000000
    52 0.000000 1.228824 1.706703 0.000000 0.000000 0.000000
    53 0.000004 -0.000004 0.000000 0.000000 0.000000 0.000000
    54 0.000000 -0.000002 3.037922 0.000000 0.000000 0.000000
    55 0.000000 -0.000002 3.857136 0.000000 0.000000 0.000000
    56 0.000000 -0.876005 0.000000 0.000000 0.000000 0.000000
    57 3.201996 0.000000 -0.000004 -1.361357 -0.104720 0.122173
    58 6.694000 0.000000 -0.000004 -1.361357 -0.104982 0.122278
    59 0.109995 -0.821001 -0.907000 -1.824288 0.360672 -0.305712
    60 3.257999 -0.031000 0.000000 1.361357 0.104720 0.122173
    61 6.867996 0.000000 0.000000 1.361357 0.104720 0.122173
    62 0.084999 -0.691999 1.011000 -1.333798 0.454466 1.954245
    63 0.000002 0.000000 0.000000 0.000000 0.000000 0.000000
    64 9.179489 0.000000 0.000004 0.000000 0.000000 0.000000
    65 6.694332 0.000001 0.000000 0.000000 0.000000 0.000000
    66 -0.000002 0.000000 0.000000 -0.785362 0.000000 0.000000
    67 6.694324 0.000000 0.000000 0.785373 0.000000 0.000000
  time 22
    0 -1.000000 0.000000 -55.000000 1.570788 0.000007 -0.000007
    1 0.000000 38.312500 -0.516602 1.570789 0.004440 1.570789
    2 0.285165 54.416785 -3.105564 0.033509 -0.118528 0.029482
    3 -16.406098 4.307755 -10.597980 -1.498056 -1.405542 -4.392579
    4 0.000000 0.099715 8.360889 0.000000 -1.570796 0.000000
    5 0.117191 23.754495 8.442954 0.000000 -1.570748 4.712197
    6 0.000000 0.000000 0.000000 -1.570792 -1.570789 0.000000
    7 4.042969 0.000000 0.000000 0.000000 0.000000 -0.078758
    8 3.995838 0.000000 0.000000 0.082106 -0.025635 0.096895
    9 3.698238 0.000000 0.000000 0.071153 -0.046668 0.207215
    10 5.700886 0.000000 0.000000 0.062200 -0.076563 0.416536
    11 0.498880 7.556788 8.086138 1.274351 -0.972498 -3.016293
    12 5.507359 0.000004 0.000001 -0.805131 -0.141471 -1.696838
    13 10.907391 0.000000 0.000004 0.000000 0.000000 -0.000042
    14 10.424316 -0.000007 -0.000031 1.370699 -0.855313 0.483840
    15 2.997272 0.005413 -1.477472 0.048725 0.112741 -0.654683
    16 1.510380 -0.000002 0.000000 0.102007 -0.018587 -1.050084
    17 0.808647 0.000001 0.000000 0.074513 -0.167910 -1.025859
    18 3.305794 0.203110 -0.546729 0.146321 0.120103 -0.673356
    19 1.807177 0.000000 0.000000 0.012053 -0.101773 -1.183172
    20 0.966141 -0.000001 0.000000 -0.003499 -0.006390 -0.767940
    21 3.571516 0.109303 0.409580 0.093171 0.176196 -0.995117
    22 2.150654 0.000000 0.000000 -0.009599 -0.067735 -1.184690
    23 1.152744 0.000001 0.000000 -0.025265 0.000085 -1.098543
    24 3.684093 -0.158703 1.419181 0.009597 0.296870 -0.902273
    25 1.701010 0.000000 0.000000 0.004252 0.081930 -1.300928
    26 0.994709 0.000002 0.000000 -0.014890 0.035612 -0.462859
    27 1.068075 -1.287205 0.981903 2.068194 -0.124080 -0.600797
    28 1.836302 0.000003 -0.000002 -0.003686 0.139062 -0.385174
    29 1.223946 -0.000001 0.000000 0.029852 -0.027586 -0.628670
    30 -5.712251 -0.212979 -0.699194 -1.763510 1.041138 -3.256630
    31 5.507362 -0.000008 -0.000001 0.549877 0.840489 -0.661713
    32 10.907394 0.000001 -0.000008 0.000000 0.000000 -0.000036
    33 10.424301 -0.000005 0.000015 0.361551 -0.274227 -0.193983
    34 2.997293 0.000065 1.477481 0.008104 0.172894 -0.291131
    35 1.510380 -0.000002 0.000000 -0.000330 -0.020183 -1.183530
    36 0.808651 0.000000 0.000000 -0.153484 0.046618 -1.271586
    37 3.305807 0.201134 0.547461 -0.175834 0.028641 -0.707503
    38 1.807178 -0.000002 0.000000 -0.005538 0.102335 -1.119262
    39 0.966137 -0.000001 0.000000 0.007781 -0.006361 -1.370831
    40 3.571524 0.110785 -0.409182 -0.280349 0.005236 -0.808430
    41 2.150660 0.000002 0.000000 -0.019153 0.065693 -1.609223
    42 1.152756 0.000000 0.000000 0.008505 -0.008700 -1.087255
    43 3.684111 -0.153564 -1.419746 -0.068354 0.064613 -0.408614
    44 1.701017 0.000004 0.000000 -0.007931 -0.081642 -1.256212
    45 0.994705 0.000000 0.000000 0.038449 -0.003161 -1.554984
    46 1.068094 -1.283655 -0.986553 -1.690053 0.345004 -0.122821
    47 1.836308 -0.000001 0.000002 -0.773162 0.588847 -0.414609
    48 1.223946 -0.000001 0.000002 -0.039621 0.008995 -1.151963
    49 0.000000 1.945634 -1.740829 0.000000 0.000000 0.000000
    50 0.000000 1.092286 -2.833118 0.000000 0.000000 0.000000
    51 0.000000 1.945635 0.000000 0.000000 0.000000 0.000000
    52 0.000000 1.228824 1.706703 0.000000 0.000000 0.000000
    53 0.000004 -0.000004 0.000000 0.000000 0.000000 0.000000
    54 0.000000 -0.000002 3.037922 0.000000 0.000000 0.000000
    55 0.000000 -0.000002 3.857136 0.000000 0.000000 0.000000
    56 0.000000 -0.876005 0.000000 0.000000 0.000000 0.000000
    57 3.201996 0.000000 -0.000004 -1.361357 -0.104720 0.122173
    58 6.694000 0.000000 -0.000004 -1.361357 -0.104982 0.122278
    59 0.109995 -0.821001 -0.907000 -1.824288 0.360672 -0.305712
    60 3.257999 -0.031000 0.000000 1.361357 0.104720 0.122173
    61 6.867996 0.000000 0.000000 1.361357 0.104720 0.122173
    62 0.084999 -0.691999 1.011000 -1.333798 0.454466 1.954245
    63 0.000002 0.000000 0.000000 0.000000 0.000000 0.000000
    64 9.179489 0.000000 0.000004 0.000000 0.000000 0.000000
    65 6.694332 0.000001 0.000000 0.000000 0.000000 0.000000
    66 -0.000002 0.000000 0.000000 -0.785362 0.000000 0.000000
    67 6.694324 0.000000 0.000000 0.785373 0.000000 0.000000
  time 23
    0 -1.000000 0.000000 -55.000000 1.570788 0.000007 -0.000007
    1 0.000000 38.312500 -0.516602 1.570789 0.004440 1.570789
    2 0.285165 54.416785 -3.105564 0.030992 -0.108173 0.026366
    3 -17.644417 4.491355 -9.054964 -0.886676 -1.404853 1.246199
    4 0.000000 0.099715 8.360889 0.000000 -1.570796 0.000000
    5 0.117191 23.754495 8.442954 0.000000 -1.570700 4.712197
    6 0.000000 0.000000 0.000000 -1.570792 -1.570789 0.000000
    7 4.042969 0.000000 0.000000 0.000000 0.000000 -0.078758
    8 3.995838 0.000000 0.000000 0.077169 -0.023406 0.095122
    9 3.698238 0.000000 0.000000 0.066850 -0.043852 0.209960
    10 5.700886 0.000000 0.000000 0.058461 -0.071937 0.421282
    11 0.807483 7.189589 7.812693 1.274351 -0.972498 -3.016248
    12 5.507359 0.000004 0.000001 -0.778226 -0.192784 -1.653696
    13 10.907391 0.000000 0.000004 0.000000 0.000000 -0.000042
    14 10.424316 -0.000007 -0.000031 1.321036 -0.868539 0.490648
    15 2.997272 0.005413 -1.477472 0.048725 0.112741 -0.654670
    16 1.510380 -0.000002 0.000000 0.102007 -0.018587 -1.050084
    17 0.808647 0.000001 0.000000 0.074513 -0.167910 -1.025859
    18 3.305794 0.203110 -0.546729 0.146321 0.120103 -0.673356
    19 1.807177 0.000000 0.000000 0.012053 -0.101773 -1.183172
    20 0.966141 -0.000001 0.000000 -0.003499 -0.006390 -0.767940
    21 3.571516 0.109303 0.409580 0.093171 0.176196 -0.995117
    22 2.150654 0.000000 0.000000 -0.009599 -0.067735 -1.184690
    23 1.152744 0.000001 0.000000 -0.025265 0.000085 -1.098543
    24 3.684093 -0.158703 1.419181 0.009597 0.296870 -0.902273
    25 1.701010 0.000000 0.000000 0.004252 0.081930 -1.300947
    26 0.994709 0.000002 0.000000 -0.014890 0.035612 -0.462859
    27 1.068075 -1.287205 0.981903 2.068194 -0.124080 -0.600797
    28 1.836302 0.000003 -0.000002 -0.003686 0.139062 -0.385174
    29 1.223946 -0.000001 0.000000 0.029852 -0.027586 -0.628670
    30 -5.122389 -0.111413 -0.749977 -1.763510 1.041138 -3.256630
    31 5.507362 -0.000008 -0.000001 0.543844 0.877201 -0.713999
    32 10.907394 0.000001 -0.000008 0.000000 0.000000 -0.000036
    33 10.424301 -0.000005 0.000015 0.343529 -0.249876 -0.243307
    34 2.997293 0.000065 1.477481 0.008104 0.172894 -0.291131
    35 1.510380 -0.000002 0.000000 -0.000342 -0.020183 -1.183530
    36 0.808651 0.000000 0.000000 -0.153484 0.046618 -1.271586
    37 3.305807 0.201134 0.547461 -0.175834 0.028641 -0.707503
    38 1.807178 -0.000002 0.000000 -0.005538 0.102335 -1.119262
    39 0.966137 -0.000001 0.000000 0.007781 -0.006361 -1.370831
    40 3.571524 0.110785 -0.409182 -0.280349 0.005236 -0.808430
    41 2.150660 0.000002 0.000000 -0.019153 0.065693 -1.609223
    42 1.152756 0.000000 0.000000 0.008505 -0.008700 -1.087255
    43 3.684111 -0.153564 -1.419746 -0.068354 0.064613 -0.408614
    44 1.701017 0.000004 0.000000 -0.007931 -0.081642 -1.256212
    45 0.994705 0.000000 0.000000 0.038449 -0.003161 -1.554984
    46 1.068094 -1.283655 -0.986553 -1.690053 0.345004 -0.122821
    47 1.836308 -0.000001 0.000002 -0.773162 0.588847 -0.414597
    48 1.223946 -0.000001 0.000002 -0.039633 0.008983 -1.152004
    49 0.000000 1.945634 -1.740829 0.000000 0.000000 0.000000
    50 0.000000 1.092286 -2.833118 0.000000 0.000000 0.000000
    51 0.000000 1.945635 0.000000 0.000000 0.000000 0.000000
    52 0.000000 1.228824 1.706703 0.000000 0.000000 0.000000
    53 0.000004 -0.000004 0.000000 0.000000 0.000000 0.000000
    54 0.000000 -0.000002 3.037922 0.000000 0.000000 0.000000
    55 0.000000 -0.000002 3.857136 0.000000 0.000000 0.000000
    56 0.000000 -0.876005 0.000000 0.000000 0.000000 0.000000
    57 3.201996 0.000000 -0.000004 -1.361357 -0.104720 0.122173
    58 6.694000 0.000000 -0.000004 -1.361357 -0.104982 0.122278
    59 0.109995 -0.821001 -0.907000 -1.824288 0.360672 -0.305712
    60 3.257999 -0.031000 0.000000 1.361357 0.104720 0.122173
    61 6.867996 0.000000 0.000000 1.361357 0.104720 0.122173
    62 0.084999 -0.691999 1.011000 -1.333798 0.454466 1.954245
    63 0.000002 0.000000 0.000000 0.000000 0.000000 0.000000
    64 9.179489 0.000000 0.000004 0.000000 0.000000 0.000000
    65 6.694332 0.000001 0.000000 0.000000 0.000000 0.000000
    66 -0.000002 0.000000 0.000000 -0.785362 0.000000 0.000000
    67 6.694324 0.000000 0.000000 0.785373 0.000000 0.000000
  time 24
    0 -1.000000 0.000000 -55.000000 1.570788 0.000007 -0.000007
    1 0.000000 38.312500 -0.516602 1.570789 0.004440 1.570789
    2 0.285165 54.416785 -3.105564 0.028296 -0.097039 0.022939
    3 -17.589728 4.729643 -7.508042 -0.470571 -1.357367 0.768004
    4 0.000000 0.099715 8.360889 0.000000 -1.570796 0.000000
    5 0.117191 23.754495 8.442954 0.000000 -1.570748 4.712197
    6 0.000000 0.000000 0.000000 -1.570792 -1.570789 0.000000
    7 4.042969 0.000000 0.000000 0.000000 0.000000 -0.078758
    8 3.995838 0.000000 0.000000 0.071955 -0.021105 0.093288
    9 3.698238 0.000000 0.000000 0.062356 -0.040891 0.212728
    10 5.700886 0.000000 0.000000 0.054530 -0.067105 0.426268
    11 1.088742 6.810671 7.476745 1.274351 -0.972498 -3.016248
    12 5.507359 0.000004 0.000001 -0.754539 -0.229923 -1.626452
    13 10.907391 0.000000 0.000004 0.000000 0.000000 -0.000042
    14 10.424316 -0.000007 -0.000031 1.281202 -0.905717 0.467381
    15 2.997272 0.005413 -1.477472 0.048725 0.112741 -0.654670
    16 1.510380 -0.000002 0.000000 0.102007 -0.018587 -1.050084
    17 0.808647 0.000001 0.000000 0.074513 -0.167910 -1.025859
    18 3.305794 0.203110 -0.546729 0.146321 0.120103 -0.673356
    19 1.807177 0.000000 0.000000 0.012053 -0.101773 -1.183172
    20 0.966141 -0.000001 0.000000 -0.003499 -0.006390 -0.767940
    21 3.571516 0.109303 0.409580 0.093171 0.176196 -0.995117
    22 2.150654 0.000000 0.000000 -0.009599 -0.067735 -1.184690
    23 1.152744 0.000001 0.000000 -0.025265 0.000085 -1.098543
    24 3.684093 -0.158703 1.419181 0.009597 0.296870 -0.902273
    25 1.701010 0.000000 0.000000 0.004252 0.081930 -1.300947
    26 0.994709 0.000002 0.000000 -0.014890 0.035612 -0.462859
    27 1.068075 -1.287205 0.981903 2.068194 -0.124080 -0.600797
    28 1.836302 0.000003 -0.000002 -0.003686 0.139062 -0.385174
    29 1.223946 -0.000001 0.000000 0.029852 -0.027586 -0.628670
    30 -4.505183 -0.009848 -0.796854 -1.763510 1.041138 -3.256630
    31 5.507362 -0.000008 -0.000001 0.552750 0.918067 -0.750829
    32 10.907394 0.000001 -0.000008 0.000000 0.000000 -0.000036
    33 10.424301 -0.000005 0.000015 0.312765 -0.214364 -0.292568
    34 2.997293 0.000065 1.477481 0.008104 0.172894 -0.291131
    35 1.510380 -0.000002 0.000000 -0.000330 -0.020183 -1.183530
    36 0.808651 0.000000 0.000000 -0.153484 0.046618 -1.271586
    37 3.305807 0.201134 0.547461 -0.175822 0.028641 -0.707503
    38 1.807178 -0.000002 0.000000 -0.005538 0.102335 -1.119262
    39 0.966137 -0.000001 0.000000 0.007781 -0.006361 -1.370831
    40 3.571524 0.110785 -0.409182 -0.280349 0.005236 -0.808430
    41 2.150660 0.000002 0.000000 -0.019153 0.065693 -1.609223
    42 1.152756 0.000000 0.000000 0.008505 -0.008700 -1.087255
    43 3.684111 -0.153564 -1.419746 -0.068354 0.064613 -0.408614
    44 1.701017 0.000004 0.000000 -0.007931 -0.081642 -1.256212
    45 0.994705 0.000000 0.000000 0.038449 -0.003161 -1.554984
    46 1.068094 -1.283655 -0.986553 -1.690053 0.345004 -0.122821
    47 1.836308 -0.000001 0.000002 -0.773162 0.588847 -0.414609
    48 1.223946 -0.000001 0.000002 -0.039633 0.008983 -1.152004
    49 0.000000 1.945634 -1.740829 0.000000 0.000000 0.000000
    50 0.000000 1.092286 -2.833118 0.000000 0.000000 0.000000
    51 0.000000 1.945635 0.000000 0.000000 0.000000 0.000000
    52 0.000000 1.228824 1.706703 0.000000 0.000000 0.000000
    53 0.000004 -0.000004 0.000000 0.000000 0.000000 0.000000
    54 0.000000 -0.000002 3.037922 0.000000 0.000000 0.000000
    55 0.000000 -0.000002 3.857136 0.000000 0.000000 0.000000
    56 0.000000 -0.876005 0.000000 0.000000 0.000000 0.000000
    57 3.201996 0.000000 -0.000004 -1.361357 -0.104720 0.122173
    58 6.694000 0.000000 -0.000004 -1.361357 -0.104982 0.122278
    59 0.109995 -0.821001 -0.907000 -1.824288 0.360672 -0.305712
    60 3.257999 -0.031000 0.000000 1.361357 0.104720 0.122173
    61 6.867996 0.000000 0.000000 1.361357 0.104720 0.122173
    62 0.084999 -0.691999 1.011000 -1.333798 0.454466 1.954245
    63 0.000002 0.000000 0.000000 0.000000 0.000000 0.000000
    64 9.179489 0.000000 0.000004 0.000000 0.000000 0.000000
    65 6.694332 0.000001 0.000000 0.000000 0.000000 0.000000
    66 -0.000002 0.000000 0.000000 -0.785362 0.000000 0.000000
    67 6.694324 0.000000 0.000000 0.785373 0.000000 0.000000
  time 25
    0 -1.000000 0.000000 -55.000000 1.570788 0.000007 -0.000007
    1 0.000000 38.312500 -0.516602 1.570789 0.004440 1.570789
    2 0.285165 54.416785 -3.105564 0.025407 -0.085390 0.019307
    3 -16.788922 5.046059 -5.914243 -0.256430 -1.292196 0.453586
    4 0.000000 0.099715 8.360889 0.000000 -1.570796 0.000000
    5 0.113285 23.754495 8.439047 0.000000 -1.570748 4.712197
    6 0.000000 0.000000 0.000000 -1.570792 -1.570789 0.000000
    7 4.042969 0.000000 0.000000 0.000000 0.000000 -0.078758
    8 3.995838 0.000000 0.000000 0.066514 -0.018756 0.091418
    9 3.698238 0.000000 0.000000 0.057646 -0.037799 0.215568
    10 5.700886 0.000000 0.000000 0.050395 -0.062030 0.431481
    11 1.346562 6.416128 7.086108 1.274351 -0.972498 -3.016248
    12 5.507359 0.000004 0.000001 -0.731388 -0.262376 -1.602871
    13 10.907391 0.000000 0.000004 0.000000 0.000000 -0.000042
    14 10.424316 -0.000007 -0.000031 1.262676 -0.957035 0.394907
    15 2.997272 0.005413 -1.477472 0.048725 0.112741 -0.654683
    16 1.510380 -0.000002 0.000000 0.102007 -0.018587 -1.050084
    17 0.808647 0.000001 0.000000 0.074513 -0.167910 -1.025859
    18 3.305794 0.203110 -0.546729 0.146321 0.120103 -0.673356
    19 1.807177 0.000000 0.000000 0.012053 -0.101773 -1.183172
    20 0.966141 -0.000001 0.000000 -0.003499 -0.006390 -0.767940
    21 3.571516 0.109303 0.409580 0.093171 0.176196 -0.995117
    22 2.150654 0.000000 0.000000 -0.009599 -0.067735 -1.184690
    23 1.152744 0.000001 0.000000 -0.025265 0.000085 -1.098543
    24 3.684093 -0.158703 1.419181 0.009597 0.296870 -0.902273
    25 1.701010 0.000000 0.000000 0.004252 0.081930 -1.300928
    26 0.994709 0.000002 0.000000 -0.014890 0.035612 -0.462859
    27 1.068075 -1.287205 0.981903 2.068194 -0.124080 -0.600797
    28 1.836302 0.000003 -0.000002 -0.003686 0.139062 -0.385174
    29 1.223946 -0.000001 0.000000 0.029852 -0.027586 -0.628670
    30 -3.856725 0.103437 -0.847636 -1.763510 1.041138 -3.256630
    31 5.507362 -0.000008 -0.000001 0.563572 0.966081 -0.786704
    32 10.907394 0.000001 -0.000008 0.000000 0.000000 -0.000036
    33 10.424301 -0.000005 0.000015 0.265457 -0.157587 -0.337460
    34 2.997293 0.000065 1.477481 0.008104 0.172894 -0.291131
    35 1.510380 -0.000002 0.000000 -0.000342 -0.020183 -1.183530
    36 0.808651 0.000000 0.000000 -0.153484 0.046618 -1.271586
    37 3.305807 0.201134 0.547461 -0.175834 0.028629 -0.707503
    38 1.807178 -0.000002 0.000000 -0.005538 0.102335 -1.119262
    39 0.966137 -0.000001 0.000000 0.007781 -0.006361 -1.370831
    40 3.571524 0.110785 -0.409182 -0.280349 0.005236 -0.808430
    41 2.150660 0.000002 0.000000 -0.019153 0.065693 -1.609223
    42 1.152756 0.000000 0.000000 0.008505 -0.008700 -1.087255
    43 3.684111 -0.153564 -1.419746 -0.068354 0.064613 -0.408614
    44 1.701017 0.000004 0.000000 -0.007931 -0.081642 -1.256212
    45 0.994705 0.000000 0.000000 0.038449 -0.003161 -1.554984
    46 1.068094 -1.283655 -0.986553 -1.690053 0.345004 -0.122821
    47 1.836308 -0.000001 0.000002 -0.773162 0.588847 -0.414597
    48 1.223946 -0.000001 0.000002 -0.039621 0.008983 -1.152004
    49 0.000000 1.945634 -1.740829 0.000000 0.000000 0.000000
    50 0.000000 1.092286 -2.833118 0.000000 0.000000 0.000000
    51 0.000000 1.945635 0.000000 0.000000 0.000000 0.000000
    52 0.000000 1.228824 1.706703 0.000000 0.000000 0.000000
    53 0.000004 -0.000004 0.000000 0.000000 0.000000 0.000000
    54 0.000000 -0.000002 3.037922 0.000000 0.000000 0.000000
    55 0.000000 -0.000002 3.857136 0.000000 0.000000 0.000000
    56 0.000000 -0.876005 0.000000 0.000000 0.000000 0.000000
    57 3.201996 0.000000 -0.000004 -1.361357 -0.104720 0.122173
    58 6.694000 0.000000 -0.000004 -1.361357 -0.104982 0.122278
    59 0.109995 -0.821001 -0.907000 -1.824288 0.360672 -0.305712
    60 3.257999 -0.031000 0.000000 1.361357 0.104720 0.122173
    61 6.867996 0.000000 0.000000 1.361357 0.104720 0.122173
    62 0.084999 -0.691999 1.011000 -1.333798 0.454466 1.954245
    63 0.000002 0.000000 0.000000 0.000000 0.000000 0.000000
    64 9.179489 0.000000 0.000004 0.000000 0.000000 0.000000
    65 6.694332 0.000001 0.000000 0.000000 0.000000 0.000000
    66 -0.000002 0.000000 0.000000 -0.785362 0.000000 0.000000
    67 6.694324 0.000000 0.000000 0.785373 0.000000 0.000000
  time 26
    0 -1.000000 0.000000 -55.000000 1.570788 0.000007 -0.000007
    1 0.000000 38.312500 -0.516602 1.570789 0.004440 1.570789
    2 0.285165 54.416785 -3.105564 0.022471 -0.073585 0.015640
    3 -15.406067 5.417164 -4.297006 -0.168785 -1.216402 0.233718
    4 0.000000 0.099715 8.360889 0.000000 -1.570796 0.000000
    5 0.117191 23.754495 8.442954 0.000000 -1.570748 4.712197
    6 0.000000 0.000000 0.000000 -1.570792 -1.570789 0.000000
    7 4.042969 0.000000 0.000000 0.000000 0.000000 -0.078758
    8 3.995838 0.000000 0.000000 0.060882 -0.016419 0.089561
    9 3.698238 0.000000 0.000000 0.052732 -0.034600 0.218421
    10 5.700886 0.000000 0.000000 0.046129 -0.056761 0.436886
    11 1.588757 6.009865 6.652501 1.274351 -0.972498 -3.016248
    12 5.507359 0.000004 0.000001 -0.708058 -0.293977 -1.580094
    13 10.907391 0.000000 0.000004 0.000000 0.000000 -0.000042
    14 10.424316 -0.000007 -0.000031 1.275462 -1.021483 0.275208
    15 2.997272 0.005413 -1.477472 0.048725 0.112741 -0.654683
    16 1.510380 -0.000002 0.000000 0.102007 -0.018587 -1.050084
    17 0.808647 0.000001 0.000000 0.074513 -0.167910 -1.025859
    18 3.305794 0.203110 -0.546729 0.146321 0.120103 -0.673356
    19 1.807177 0.000000 0.000000 0.012053 -0.101773 -1.183172
    20 0.966141 -0.000001 0.000000 -0.003499 -0.006390 -0.767940
    21 3.571516 0.109303 0.409580 0.093171 0.176196 -0.995117
    22 2.150654 0.000000 0.000000 -0.009599 -0.067735 -1.184690
    23 1.152744 0.000001 0.000000 -0.025265 0.000085 -1.098543
    24 3.684093 -0.158703 1.419181 0.009585 0.296870 -0.902273
    25 1.701010 0.000000 0.000000 0.004252 0.081918 -1.300928
    26 0.994709 0.000002 0.000000 -0.014890 0.035612 -0.462859
    27 1.068075 -1.287205 0.981903 2.068194 -0.124080 -0.600797
    28 1.836302 0.000003 -0.000002 -0.003686 0.139062 -0.385174
    29 1.223946 -0.000001 0.000000 0.029852 -0.027586 -0.628670
    30 -3.184830 0.216722 -0.906232 -1.763510 1.041138 -3.256630
    31 5.507362 -0.000008 -0.000001 0.570755 1.022515 -0.826682
    32 10.907394 0.000001 -0.000008 0.000000 0.000000 -0.000036
    33 10.424301 -0.000005 0.000015 0.209983 -0.085718 -0.384568
    34 2.997293 0.000065 1.477481 0.008104 0.172894 -0.291131
    35 1.510380 -0.000002 0.000000 -0.000342 -0.020183 -1.183530
    36 0.808651 0.000000 0.000000 -0.153484 0.046618 -1.271586
    37 3.305807 0.201134 0.547461 -0.175834 0.028641 -0.707503
    38 1.807178 -0.000002 0.000000 -0.005538 0.102335 -1.119262
    39 0.966137 -0.000001 0.000000 0.007781 -0.006361 -1.370831
    40 3.571524 0.110785 -0.409182 -0.280349 0.005236 -0.808430
    41 2.150660 0.000002 0.000000 -0.019153 0.065693 -1.609223
    42 1.152756 0.000000 0.000000 0.008505 -0.008700 -1.087255
    43 3.684111 -0.153564 -1.419746 -0.068354 0.064613 -0.408614
    44 1.701017 0.000004 0.000000 -0.007931 -0.081642 -1.256212
    45 0.994705 0.000000 0.000000 0.038449 -0.003161 -1.554984
    46 1.068094 -1.283655 -0.986553 -1.690053 0.345004 -0.122821
    47 1.836308 -0.000001 0.000002 -0.773162 0.588847 -0.414597
    48 1.223946 -0.000001 0.000002 -0.039633 0.008983 -1.152004
    49 0.000000 1.945634 -1.740829 0.000000 0.000000 0.000000
    50 0.000000 1.092286 -2.833118 0.000000 0.000000 0.000000
    51 0.000000 1.945635 0.000000 0.000000 0.000000 0.000000
    52 0.000000 1.228824 1.706703 0.000000 0.000000 0.000000
    53 0.000004 -0.000004 0.000000 0.000000 0.000000 0.000000
    54 0.000000 -0.000002 3.037922 0.000000 0.000000 0.000000
    55 0.000000 -0.000002 3.857136 0.000000 0.000000 0.000000
    56 0.000000 -0.876005 0.000000 0.000000 0.000000 0.000000
    57 3.201996 0.000000 -0.000004 -1.361357 -0.104720 0.122173
    58 6.694000 0.000000 -0.000004 -1.361357 -0.104982 0.122278
    59 0.109995 -0.821001 -0.907000 -1.824288 0.360672 -0.305712
    60 3.257999 -0.031000 0.000000 1.361357 0.104720 0.122173
    61 6.867996 0.000000 0.000000 1.361357 0.104720 0.122173
    62 0.084999 -0.691999 1.011000 -1.333798 0.454466 1.954245
    63 0.000002 0.000000 0.000000 0.000000 0.000000 0.000000
    64 9.179489 0.000000 0.000004 0.000000 0.000000 0.000000
    65 6.694332 0.000001 0.000000 0.000000 0.000000 0.000000
    66 -0.000002 0.000000 0.000000 -0.785362 0.000000 0.000000
    67 6.694324 0.000000 0.000000 0.785373 0.000000 0.000000
  time 27
    0 -1.000000 0.000000 -55.000000 1.570788 0.000007 -0.000007
    1 0.000000 38.312500 -0.516602 1.570789 0.004440 1.570789
    2 0.285165 54.416785 -3.105564 0.019583 -0.062104 0.012092
    3 -13.636482 5.827333 -2.660237 -0.164230 -1.133488 0.073312
    4 0.000000 0.099715 8.360889 0.000000 -1.570796 0.000000
    5 0.117191 23.754495 8.442954 0.000000 -1.570748 4.712197
    6 0.000000 0.000000 0.000000 -1.570792 -1.570789 0.000000
    7 4.042969 0.000000 0.000000 0.000000 0.000000 -0.078758
    8 3.995838 0.000000 0.000000 0.055117 -0.014118 0.087727
    9 3.698238 0.000000 0.000000 0.047771 -0.031328 0.221189
    10 5.700886 0.000000 0.000000 0.041754 -0.051394 0.442387
    11 1.811420 5.595790 6.183737 1.274351 -0.972498 -3.016293
    12 5.507359 0.000004 0.000001 -0.684639 -0.327980 -1.555441
    13 10.907391 0.000000 0.000004 0.000000 0.000000 -0.000042
    14 10.424316 -0.000007 -0.000031 1.334343 -1.093194 0.106217
    15 2.997272 0.005413 -1.477472 0.048725 0.112741 -0.654683
    16 1.510380 -0.000002 0.000000 0.102007 -0.018587 -1.050084
    17 0.808647 0.000001 0.000000 0.074513 -0.167910 -1.025859
    18 3.305794 0.203110 -0.546729 0.146321 0.120103 -0.673356
    19 1.807177 0.000000 0.000000 0.012053 -0.101773 -1.183172
    20 0.966141 -0.000001 0.000000 -0.003499 -0.006390 -0.767940
    21 3.571516 0.109303 0.409580 0.093171 0.176196 -0.995117
    22 2.150654 0.000000 0.000000 -0.009599 -0.067735 -1.184690
    23 1.152744 0.000001 0.000000 -0.025265 0.000085 -1.098543
    24 3.684093 -0.158703 1.419181 0.009597 0.296870 -0.902273
    25 1.701010 0.000000 0.000000 0.004252 0.081930 -1.300928
    26 0.994709 0.000002 0.000000 -0.014890 0.035612 -0.462859
    27 1.068075 -1.287205 0.981903 2.068194 -0.124080 -0.600797
    28 1.836302 0.000003 -0.000002 -0.003686 0.139062 -0.385174
    29 1.223946 -0.000001 0.000000 0.029852 -0.027586 -0.628670
    30 -2.497309 0.337819 -0.960921 -1.763510 1.041138 -3.256630
    31 5.507362 -0.000008 -0.000001 0.566828 1.086247 -0.876583
    32 10.907394 0.000001 -0.000008 0.000000 0.000000 -0.000036
    33 10.424301 -0.000005 0.000015 0.153875 -0.005055 -0.438261
    34 2.997293 0.000065 1.477481 0.008104 0.172894 -0.291131
    35 1.510380 -0.000002 0.000000 -0.000342 -0.020183 -1.183530
    36 0.808651 0.000000 0.000000 -0.153484 0.046618 -1.271586
    37 3.305807 0.201134 0.547461 -0.175822 0.028641 -0.707503
    38 1.807178 -0.000002 0.000000 -0.005538 0.102335 -1.119262
    39 0.966137 -0.000001 0.000000 0.007781 -0.006361 -1.370831
    40 3.571524 0.110785 -0.409182 -0.280349 0.005236 -0.808430
    41 2.150660 0.000002 0.000000 -0.019153 0.065693 -1.609223
    42 1.152756 0.000000 0.000000 0.008505 -0.008700 -1.087255
    43 3.684111 -0.153564 -1.419746 -0.068354 0.064613 -0.408614
    44 1.701017 0.000004 0.000000 -0.007931 -0.081642 -1.256212
    45 0.994705 0.000000 0.000000 0.038449 -0.003161 -1.554984
    46 1.068094 -1.283655 -0.986553 -1.690053 0.345004 -0.122821
    47 1.836308 -0.000001 0.000002 -0.773162 0.588847 -0.414597
    48 1.223946 -0.000001 0.000002 -0.039621 0.008995 -1.152004
    49 0.000000 1.945634 -1.740829 0.000000 0.000000 0.000000
    50 0.000000 1.092286 -2.833118 0.000000 0.000000 0.000000
    51 0.000000 1.945635 0.000000 0.000000 0.000000 0.000000
    52 0.000000 1.228824 1.706703 0.000000 0.000000 0.000000
    53 0.000004 -0.000004 0.000000 0.000000 0.000000 0.000000
    54 0.000000 -0.000002 3.037922 0.000000 0.000000 0.000000
    55 0.000000 -0.000002 3.857136 0.000000 0.000000 0.000000
    56 0.000000 -0.876005 0.000000 0.000000 0.000000 0.000000
    57 3.201996 0.000000 -0.000004 -1.361357 -0.104720 0.122173
    58 6.694000 0.000000 -0.000004 -1.361357 -0.104982 0.122278
    59 0.109995 -0.821001 -0.907000 -1.824288 0.360672 -0.305712
    60 3.257999 -0.031000 0.000000 1.361357 0.104720 0.122173
    61 6.867996 0.000000 0.000000 1.361357 0.104720 0.122173
    62 0.084999 -0.691999 1.011000 -1.333798 0.454466 1.954245
    63 0.000002 0.000000 0.000000 0.000000 0.000000 0.000000
    64 9.179489 0.000000 0.000004 0.000000 0.000000 0.000000
    65 6.694332 0.000001 0.000000 0.000000 0.000000 0.000000
    66 -0.000002 0.000000 0.000000 -0.785362 0.000000 0.000000
    67 6.694324 0.000000 0.000000 0.785373 0.000000 0.000000
  time 28
    0 -1.000000 0.000000 -55.000000 1.570788 0.000007 -0.000007
    1 0.000000 38.312500 -0.516602 1.570789 0.004440 1.570789
    2 0.285165 54.416785 -3.105564 0.016778 -0.051186 0.008833
    3 -11.632515 6.260940 -1.003937 -0.216464 -1.044373 -0.047598
    4 0.000000 0.099715 8.360889 0.000000 -1.570796 0.000000
    5 0.113285 23.754495 8.442954 0.000000 -1.570748 4.712197
    6 0.000000 0.000000 0.000000 -1.570792 -1.570789 0.000000
    7 4.042969 0.000000 0.000000 0.000000 0.000000 -0.078758
    8 3.995838 0.000000 0.000000 0.049269 -0.011865 0.085941
    9 3.698238 0.000000 0.000000 0.042677 -0.027984 0.223922
    10 5.700886 0.000000 0.000000 0.037320 -0.045943 0.448008
    11 2.026271 5.173902 5.687628 1.274351 -0.972498 -3.016248
    12 5.507359 0.000004 0.000001 -0.661577 -0.368062 -1.525250
    13 10.907391 0.000000 0.000004 0.000000 0.000000 -0.000042
    14 10.424316 -0.000007 -0.000031 1.457586 -1.161971 -0.122580
    15 2.997272 0.005413 -1.477472 0.048725 0.112741 -0.654683
    16 1.510380 -0.000002 0.000000 0.102007 -0.018587 -1.050084
    17 0.808647 0.000001 0.000000 0.074513 -0.167910 -1.025859
    18 3.305794 0.203110 -0.546729 0.146321 0.120103 -0.673356
    19 1.807177 0.000000 0.000000 0.012053 -0.101773 -1.183172
    20 0.966141 -0.000001 0.000000 -0.003499 -0.006390 -0.767940
    21 3.571516 0.109303 0.409580 0.093171 0.176196 -0.995117
    22 2.150654 0.000000 0.000000 -0.009599 -0.067735 -1.184690
    23 1.152744 0.000001 0.000000 -0.025265 0.000085 -1.098543
    24 3.684093 -0.158703 1.419181 0.009597 0.296870 -0.902273
    25 1.701010 0.000000 0.000000 0.004252 0.081930 -1.300928
    26 0.994709 0.000002 0.000000 -0.014890 0.035612 -0.462859
    27 1.068075 -1.287205 0.981903 2.068194 -0.124080 -0.600797
    28 1.836302 0.000003 -0.000002 -0.003686 0.139062 -0.385174
    29 1.223946 -0.000001 0.000000 0.029852 -0.027586 -0.628670
    30 -1.801975 0.455010 -1.019517 -1.763510 1.041138 -3.256630
    31 5.507362 -0.000008 -0.000001 0.541162 1.155143 -0.945757
    32 10.907394 0.000001 -0.000008 0.000000 0.000000 -0.000036
    33 10.424301 -0.000005 0.000015 0.101780 0.080807 -0.500818
    34 2.997293 0.000065 1.477481 0.008104 0.172894 -0.291131
    35 1.510380 -0.000002 0.000000 -0.000342 -0.020183 -1.183530
    36 0.808651 0.000000 0.000000 -0.153484 0.046618 -1.271586
    37 3.305807 0.201134 0.547461 -0.175834 0.028641 -0.707503
    38 1.807178 -0.000002 0.000000 -0.005538 0.102335 -1.119262
    39 0.966137 -0.000001 0.000000 0.007781 -0.006361 -1.370831
    40 3.571524 0.110785 -0.409182 -0.280349 0.005236 -0.808430
    41 2.150660 0.000002 0.000000 -0.019153 0.065693 -1.609223
    42 1.152756 0.000000 0.000000 0.008505 -0.008700 -1.087255
    43 3.684111 -0.153564 -1.419746 -0.068354 0.064613 -0.408614
    44 1.701017 0.000004 0.000000 -0.007931 -0.081642 -1.256212
    45 0.994705 0.000000 0.000000 0.038449 -0.003161 -1.554984
    46 1.068094 -1.283655 -0.986553 -1.690053 0.345004 -0.122821
    47 1.836308 -0.000001 0.000002 -0.773162 0.588847 -0.414597
    48 1.223946 -0.000001 0.000002 -0.039633 0.008995 -1.152004
    49 0.000000 1.945634 -1.740829 0.000000 0.000000 0.000000
    50 0.000000 1.092286 -2.833118 0.000000 0.000000 0.000000
    51 0.000000 1.945635 0.000000 0.000000 0.000000 0.000000
    52 0.000000 1.228824 1.706703 0.000000 0.000000 0.000000
    53 0.000004 -0.000004 0.000000 0.000000 0.000000 0.000000
    54 0.000000 -0.000002 3.037922 0.000000 0.000000 0.000000
    55 0.000000 -0.000002 3.857136 0.000000 0.000000 0.000000
    56 0.000000 -0.876005 0.000000 0.000000 0.000000 0.000000
    57 3.201996 0.000000 -0.000004 -1.361357 -0.104720 0.122173
    58 6.694000 0.000000 -0.000004 -1.361357 -0.104982 0.122278
    59 0.109995 -0.821001 -0.907000 -1.824288 0.360672 -0.305712
    60 3.257999 -0.031000 0.000000 1.361357 0.104720 0.122173
    61 6.867996 0.000000 0.000000 1.361357 0.104720 0.122173
    62 0.084999 -0.691999 1.011000 -1.333798 0.454466 1.954245
    63 0.000002 0.000000 0.000000 0.000000 0.000000 0.000000
    64 9.179489 0.000000 0.000004 0.000000 0.000000 0.000000
    65 6.694332 0.000001 0.000000 0.000000 0.000000 0.000000
    66 -0.000002 0.000000 0.000000 -0.785362 0.000000 0.000000
    67 6.694324 0.000000 0.000000 0.785373 0.000000 0.000000
  time 29
    0 -1.000000 0.000000 -55.000000 1.570788 0.000007 -0.000007
    1 0.000000 38.312500 -0.516602 1.570789 0.004440 1.570789
    2 0.285165 54.416785 -3.105564 0.014178 -0.041227 0.005944
    3 -9.566045 6.702360 0.644551 -0.307641 -0.950779 -0.138519
    4 0.000000 0.099715 8.360889 0.000000 -1.570796 0.000000
    5 0.113285 23.754495 8.442954 0.000000 -1.570748 4.712197
    6 0.000000 0.000000 0.000000 -1.570792 -1.570789 0.000000
    7 4.042969 0.000000 0.000000 0.000000 0.000000 -0.078758
    8 3.995838 0.000000 0.000000 0.043336 -0.009720 0.084240
    9 3.698238 0.000000 0.000000 0.037560 -0.024616 0.226510
    10 5.700886 0.000000 0.000000 0.032838 -0.040406 0.453664
    11 2.237215 4.748108 5.175893 1.274351 -0.972498 -3.016248
    12 5.507359 0.000004 0.000001 -0.640393 -0.417361 -1.485144
    13 10.907391 0.000000 0.000004 0.000000 0.000000 -0.000042
    14 10.424316 -0.000007 -0.000031 1.652670 -1.213096 -0.412131
    15 2.997272 0.005413 -1.477472 0.048725 0.112741 -0.654683
    16 1.510380 -0.000002 0.000000 0.102007 -0.018587 -1.050084
    17 0.808647 0.000001 0.000000 0.074513 -0.167910 -1.025859
    18 3.305794 0.203110 -0.546729 0.146321 0.120103 -0.673356
    19 1.807177 0.000000 0.000000 0.012053 -0.101773 -1.183172
    20 0.966141 -0.000001 0.000000 -0.003499 -0.006390 -0.767940
    21 3.571516 0.109303 0.409580 0.093171 0.176196 -0.995117
    22 2.150654 0.000000 0.000000 -0.009599 -0.067735 -1.184690
    23 1.152744 0.000001 0.000000 -0.025265 0.000085 -1.098543
    24 3.684093 -0.158703 1.419181 0.009597 0.296870 -0.902273
    25 1.701010 0.000000 0.000000 0.004252 0.081930 -1.300928
    26 0.994709 0.000002 0.000000 -0.014890 0.035612 -0.462859
    27 1.068075 -1.287205 0.981903 2.068194 -0.124080 -0.600797
    28 1.836302 0.000003 -0.000002 -0.003686 0.139062 -0.385174
    29 1.223946 -0.000001 0.000000 0.029852 -0.027586 -0.628670
    30 -1.094922 0.580014 -1.078112 -1.763510 1.041138 -3.256630
    31 5.507362 -0.000008 -0.000001 0.480637 1.223028 -1.045558
    32 10.907394 0.000001 -0.000008 0.000000 0.000000 -0.001343
    33 10.424301 -0.000005 0.000015 0.056936 0.169460 -0.571227
    34 2.997293 0.000065 1.477481 0.008104 0.172894 -0.291131
    35 1.510380 -0.000002 0.000000 -0.000330 -0.020183 -1.183530
    36 0.808651 0.000000 0.000000 -0.153484 0.046618 -1.271552
    37 3.305807 0.201134 0.547461 -0.175834 0.028629 -0.707503
    38 1.807178 -0.000002 0.000000 -0.005538 0.102335 -1.119262
    39 0.966137 -0.000001 0.000000 0.007781 -0.006361 -1.370831
    40 3.571524 0.110785 -0.409182 -0.280349 0.005236 -0.808430
    41 2.150660 0.000002 0.000000 -0.019153 0.065693 -1.609223
    42 1.152756 0.000000 0.000000 0.008505 -0.008700 -1.087255
    43 3.684111 -0.153564 -1.419746 -0.068354 0.064613 -0.408614
    44 1.701017 0.000004 0.000000 -0.007931 -0.081642 -1.256212
    45 0.994705 0.000000 0.000000 0.038449 -0.003161 -1.554984
    46 1.068094 -1.283655 -0.986553 -1.690053 0.345004 -0.122821
    47 1.836308 -0.000001 0.000002 -0.773162 0.588847 -0.414597
    48 1.223946 -0.000001 0.000002 -0.039633 0.008983 -1.152004
    49 0.000000 1.945634 -1.740829 0.000000 0.000000 0.000000
    50 0.000000 1.092286 -2.833118 0.000000 0.000000 0.000000
    51 0.000000 1.945635 0.000000 0.000000 0.000000 0.000000
    52 0.000000 1.228824 1.706703 0.000000 0.000000 0.000000
    53 0.000004 -0.000004 0.000000 0.000000 0.000000 0.000000
    54 0.000000 -0.000002 3.037922 0.000000 0.000000 0.000000
    55 0.000000 -0.000002 3.857136 0.000000 0.000000 0.000000
    56 0.000000 -0.876005 0.000000 0.000000 0.000000 0.000000
    57 3.201996 0.000000 -0.000004 -1.361357 -0.104720 0.122173
    58 6.694000 0.000000 -0.000004 -1.361357 -0.104982 0.122278
    59 0.109995 -0.821001 -0.907000 -1.824288 0.360672 -0.305712
    60 3.257999 -0.031000 0.000000 1.361357 0.104720 0.122173
    61 6.867996 0.000000 0.000000 1.361357 0.104720 0.122173
    62 0.084999 -0.691999 1.011000 -1.333798 0.454466 1.954245
    63 0.000002 0.000000 0.000000 0.000000 0.000000 0.000000
    64 9.179489 0.000000 0.000004 0.000000 0.000000 0.000000
    65 6.694332 0.000001 0.000000 0.000000 0.000000 0.000000
    66 -0.000002 0.000000 0.000000 -0.785335 0.000000 0.000000
    67 6.694324 0.000000 0.000000 0.785347 0.000000 0.000000
  time 30
    0 -1.000000 0.000000 -55.000000 1.570788 0.000007 -0.000007
    1 0.000000 38.312500 -0.516602 1.570789 0.004440 1.570789
    2 0.285165 54.416785 -3.105564 0.011865 -0.032634 0.003655
    3 -7.624580 7.128154 2.293039 -0.421961 -0.855175 -0.204807
    4 0.000000 0.099715 8.360889 0.000000 -1.570796 0.000000
    5 0.113285 23.754495 8.442954 0.000000 -1.570748 4.712197
    6 0.000000 0.000000 0.000000 -1.570792 -1.570789 0.000000
    7 4.042969 0.000000 0.000000 0.000000 0.000000 -0.078758
    8 3.995838 0.000000 0.000000 0.037452 -0.007694 0.082646
    9 3.698238 0.000000 0.000000 0.032442 -0.021285 0.228943
    10 5.700886 0.000000 0.000000 0.028380 -0.034931 0.459309
    11 2.440346 4.322314 4.656346 1.274351 -0.972498 -3.016293
    12 5.507359 0.000004 0.000001 -0.624661 -0.476807 -1.430211
    13 10.907391 0.000000 0.000004 0.000000 0.000000 -0.000042
    14 10.424316 -0.000007 -0.000031 1.883588 -1.234595 -0.723399
    15 2.997272 0.005413 -1.477472 0.048725 0.112741 -0.654683
    16 1.510380 -0.000002 0.000000 0.102007 -0.018587 -1.050084
    17 0.808647 0.000001 0.000000 0.074513 -0.167910 -1.025859
    18 3.305794 0.203110 -0.546729 0.146321 0.120103 -0.673356
    19 1.807177 0.000000 0.000000 0.012053 -0.101773 -1.183172
    20 0.966141 -0.000001 0.000000 -0.003499 -0.006390 -0.767940
    21 3.571516 0.109303 0.409580 0.093171 0.176196 -0.995117
    22 2.150654 0.000000 0.000000 -0.009599 -0.067735 -1.184690
    23 1.152744 0.000001 0.000000 -0.025265 0.000085 -1.098543
    24 3.684093 -0.158703 1.419181 0.009597 0.296870 -0.902273
    25 1.701010 0.000000 0.000000 0.004252 0.081930 -1.300928
    26 0.994709 0.000002 0.000000 -0.014890 0.035612 -0.462859
    27 1.068075 -1.287205 0.981903 2.068194 -0.124080 -0.600797
    28 1.836302 0.000003 -0.000002 -0.003686 0.139062 -0.385174
    29 1.223946 -0.000001 0.000000 0.029852 -0.027586 -0.628670
    30 -0.395682 0.697205 -1.132801 -1.763510 1.041138 -3.256630
    31 5.507362 -0.000008 -0.000001 0.851069 1.154057 -0.680509
    32 10.907394 0.000001 -0.000008 0.000000 0.000000 -0.438852
    33 10.424301 -0.000005 0.000015 0.020399 0.259466 -0.425724
    34 2.997293 0.000065 1.477481 0.008104 0.172894 -0.291131
    35 1.510380 -0.000002 0.000000 -0.000342 -0.020183 -1.183530
    36 0.808651 0.000000 0.000000 -0.153484 0.046618 -1.271586
    37 3.305807 0.201134 0.547461 -0.175834 0.028641 -0.707503
    38 1.807178 -0.000002 0.000000 -0.005538 0.102335 -1.119262
    39 0.966137 -0.000001 0.000000 0.007781 -0.006361 -1.370831
    40 3.571524 0.110785 -0.409182 -0.280349 0.005236 -0.808430
    41 2.150660 0.000002 0.000000 -0.019153 0.065693 -1.609223
    42 1.152756 0.000000 0.000000 0.008505 -0.008700 -1.087255
    43 3.684111 -0.153564 -1.419746 -0.068354 0.064613 -0.408614
    44 1.701017 0.000004 0.000000 -0.007931 -0.081642 -1.256212
    45 0.994705 0.000000 0.000000 0.038449 -0.003161 -1.554984
    46 1.068094 -1.283655 -0.986553 -1.690053 0.345004 -0.122821
    47 1.836308 -0.000001 0.000002 -0.773162 0.588847 -0.414597
    48 1.223946 -0.000001 0.000002 -0.039633 0.008971 -1.152004
    49 0.000000 1.945634 -1.740829 0.000000 0.000000 0.000000
    50 0.000000 1.092286 -2.833118 0.000000 0.000000 0.000000
    51 0.000000 1.945635 0.000000 0.000000 0.000000 0.000000
    52 0.000000 1.228824 1.706703 0.000000 0.000000 0.000000
    53 0.000004 -0.000004 0.000000 0.000000 0.000000 0.000000
    54 0.000000 -0.000002 3.037922 0.000000 0.000000 0.000000
    55 0.000000 -0.000002 3.857136 0.000000 0.000000 0.000000
    56 0.000000 -0.876005 0.000000 0.000000 0.000000 0.000000
    57 3.201996 0.000000 -0.000004 -1.361357 -0.104720 0.122173
    58 6.694000 0.000000 -0.000004 -1.361357 -0.104982 0.122278
    59 0.109995 -0.821001 -0.907000 -1.824288 0.360672 -0.305712
    60 3.257999 -0.031000 0.000000 1.361357 0.104720 0.122173
    61 6.867996 0.000000 0.000000 1.361357 0.104720 0.122173
    62 0.084999 -0.691999 1.011000 -1.333798 0.454466 1.954245
    63 0.000002 0.000000 0.000000 0.000000 0.000000 0.000000
    64 9.179489 0.000000 0.000004 0.000000 0.000000 0.000000
    65 6.694332 0.000001 0.000000 0.000000 0.000000 0.000000
    66 -0.000002 0.000000 0.000000 -0.774904 0.000000 0.000000
    67 6.694324 0.000000 0.000000 0.774943 0.000000 0.000000
  time 31
    0 -1.000000 0.000000 -55.000000 1.570788 0.000007 -0.000007
    1 0.000000 38.312500 -0.516602 1.570789 0.004440 1.570789
    2 0.285165 54.416785 -3.105564 0.009624 -0.025096 0.002013
    3 -5.964373 7.526604 3.925901 -0.547434 -0.758136 -0.250267
    4 0.000000 0.099715 8.360889 0.000000 -1.570796 0.000000
    5 0.117191 23.754495 8.439047 0.000000 -1.570700 4.712197
    6 0.000000 0.000000 0.000000 -1.570792 -1.570789 0.000000
    7 4.042969 0.000000 0.000000 0.000000 0.000000 -0.078758
    8 3.995838 0.000000 0.000000 0.031579 -0.005848 0.081172
    9 3.698238 0.000000 0.000000 0.027373 -0.017953 0.231184
    10 5.700886 0.000000 0.000000 0.023921 -0.029467 0.464930
    11 2.643477 3.892613 4.132893 1.274351 -0.972498 -3.016248
    12 5.507359 0.000004 0.000001 -0.740505 -0.341650 -1.077745
    13 10.907391 0.000000 0.000004 0.000000 0.000012 -0.658354
    14 10.424316 -0.000007 -0.000031 2.082499 -1.228583 -0.652304
    15 2.997272 0.005413 -1.477472 0.048725 0.112741 -0.654683
    16 1.510380 -0.000002 0.000000 0.102007 -0.018587 -1.050084
    17 0.808647 0.000001 0.000000 0.074513 -0.167910 -1.025859
    18 3.305794 0.203110 -0.546729 0.146321 0.120103 -0.673356
    19 1.807177 0.000000 0.000000 0.012053 -0.101773 -1.183172
    20 0.966141 -0.000001 0.000000 -0.003499 -0.006390 -0.767940
    21 3.571516 0.109303 0.409580 0.093171 0.176196 -0.995117
    22 2.150654 0.000000 0.000000 -0.009599 -0.067735 -1.184690
    23 1.152744 0.000001 0.000000 -0.025265 0.000085 -1.098543
    24 3.684093 -0.158703 1.419181 0.009597 0.296870 -0.902273
    25 1.701010 0.000000 0.000000 0.004252 0.081918 -1.300928
    26 0.994709 0.000002 0.000000 -0.014890 0.035612 -0.462859
    27 1.068075 -1.287205 0.981903 2.068194 -0.124080 -0.600797
    28 1.836302 0.000003 -0.000002 -0.003686 0.139062 -0.385174
    29 1.223946 -0.000001 0.000000 0.029852 -0.027586 -0.628670
    30 0.303558 0.814396 -1.191397 -1.763510 1.041138 -3.256630
    31 5.507362 -0.000008 -0.000001 1.060131 1.043285 -0.478139
    32 10.907394 0.000001 -0.000008 0.000000 0.000000 -0.849069
    33 10.424301 -0.000005 0.000015 -0.010858 0.350824 -0.303585
    34 2.997293 0.000065 1.477481 0.008104 0.172894 -0.291131
    35 1.510380 -0.000002 0.000000 -0.000342 -0.020183 -1.183530
    36 0.808651 0.000000 0.000000 -0.153484 0.046618 -1.271586
    37 3.305807 0.201134 0.547461 -0.175834 0.028641 -0.707503
    38 1.807178 -0.000002 0.000000 -0.005538 0.102335 -1.119262
    39 0.966137 -0.000001 0.000000 0.007781 -0.006361 -1.370831
    40 3.571524 0.110785 -0.409182 -0.280349 0.005236 -0.808430
    41 2.150660 0.000002 0.000000 -0.019153 0.065693 -1.609223
    42 1.152756 0.000000 0.000000 0.008505 -0.008700 -1.087255
    43 3.684111 -0.153564 -1.419746 -0.068354 0.064613 -0.408614
    44 1.701017 0.000004 0.000000 -0.007931 -0.081642 -1.256212
    45 0.994705 0.000000 0.000000 0.038449 -0.003161 -1.554984
    46 1.068094 -1.283655 -0.986553 -1.690053 0.345004 -0.122821
    47 1.836308 -0.000001 0.000002 -0.773162 0.588847 -0.414597
    48 1.223946 -0.000001 0.000002 -0.039621 0.008995 -1.151963
    49 0.000000 1.945634 -1.740829 0.000000 0.000000 0.000000
    50 0.000000 1.092286 -2.833118 0.000000 0.000000 0.000000
    51 0.000000 1.945635 0.000000 0.000000 0.000000 0.000000
    52 0.000000 1.228824 1.706703 0.000000 0.000000 0.000000
    53 0.000004 -0.000004 0.000000 0.000000 0.000000 0.000000
    54 0.000000 -0.000002 3.037922 0.000000 0.000000 0.000000
    55 0.000000 -0.000002 3.857136 0.000000 0.000000 0.000000
    56 0.000000 -0.876005 0.000000 0.000000 0.000000 0.000000
    57 3.201996 0.000000 -0.000004 -1.361357 -0.104720 0.122173
    58 6.694000 0.000000 -0.000004 -1.361357 -0.104982 0.122278
    59 0.109995 -0.821001 -0.907000 -1.824288 0.360672 -0.305712
    60 3.257999 -0.031000 0.000000 1.361357 0.104720 0.122173
    61 6.867996 0.000000 0.000000 1.361357 0.104720 0.122173
    62 0.084999 -0.691999 1.011000 -1.333798 0.454466 1.954245
    63 0.000002 0.000000 0.000000 0.000000 0.000000 0.000000
    64 9.179489 0.000000 0.000004 0.000000 0.000000 0.000000
    65 6.694332 0.000001 0.000000 0.000000 0.000000 0.000000
    66 -0.000002 0.000000 0.000000 -0.751973 0.000000 0.000000
    67 6.694324 0.000000 0.000000 0.751986 0.000000 0.000000
  time 32
    0 -1.000000 0.000000 -55.000000 1.570788 0.000007 -0.000007
    1 0.000000 38.312500 -0.516602 1.570789 0.004440 1.570789
    2 0.285165 54.416785 -3.105564 0.007311 -0.018181 0.000935
    3 -5.976092 7.796143 4.390759 -0.623648 -0.788511 -0.231772
    4 0.000000 0.099715 8.360889 0.000000 -1.570796 0.000000
    5 0.113285 23.754495 8.439047 0.000000 -1.570748 4.712197
    6 0.000000 0.000000 0.000000 -1.570792 -1.570789 0.000000
    7 4.042969 0.000000 0.000000 0.000000 0.000000 -0.078758
    8 3.995838 0.000000 0.000000 0.025815 -0.004195 0.079841
    9 3.698238 0.000000 0.000000 0.022351 -0.014657 0.233210
    10 5.700886 0.000000 0.000000 0.019559 -0.024052 0.470467
    11 2.850515 3.466819 3.617252 1.274351 -0.972498 -3.016248
    12 5.507359 0.000004 0.000001 -0.736036 -0.423054 -1.060327
    13 10.907391 0.000000 0.000004 0.000000 0.000000 -0.555776
    14 10.424316 -0.000007 -0.000031 1.933859 -1.165482 -0.618437
    15 2.997272 0.005413 -1.477472 0.048725 0.112741 -0.654683
    16 1.510380 -0.000002 0.000000 0.102007 -0.018587 -1.050084
    17 0.808647 0.000001 0.000000 0.074513 -0.167910 -1.025859
    18 3.305794 0.203110 -0.546729 0.146321 0.120103 -0.673356
    19 1.807177 0.000000 0.000000 0.012053 -0.101773 -1.183172
    20 0.966141 -0.000001 0.000000 -0.003499 -0.006390 -0.767940
    21 3.571516 0.109303 0.409580 0.093171 0.176196 -0.995117
    22 2.150654 0.000000 0.000000 -0.009599 -0.067735 -1.184690
    23 1.152744 0.000001 0.000000 -0.025265 0.000085 -1.098543
    24 3.684093 -0.158703 1.419181 0.009597 0.296870 -0.902273
    25 1.701010 0.000000 0.000000 0.004252 0.081930 -1.300928
    26 0.994709 0.000002 0.000000 -0.014890 0.035612 -0.462859
    27 1.068075 -1.287205 0.981903 2.068194 -0.124080 -0.600797
    28 1.836302 0.000003 -0.000002 -0.003686 0.139062 -0.385174
    29 1.223946 -0.000001 0.000000 0.029852 -0.027586 -0.628670
    30 0.994985 0.931587 -1.249992 -1.763510 1.041138 -3.256630
    31 5.507362 -0.000008 -0.000001 1.105717 1.023376 -0.453904
    32 10.907394 0.000001 -0.000008 0.000000 0.000000 -0.918505
    33 10.424301 -0.000005 0.000015 -0.048099 0.368242 -0.262935
    34 2.997293 0.000065 1.477481 0.008104 0.172894 -0.291131
    35 1.510380 -0.000002 0.000000 -0.000342 -0.020183 -1.183530
    36 0.808651 0.000000 0.000000 -0.153484 0.046618 -1.271586
    37 3.305807 0.201134 0.547461 -0.175834 0.028641 -0.707503
    38 1.807178 -0.000002 0.000000 -0.005538 0.102335 -1.119262
    39 0.966137 -0.000001 0.000000 0.007781 -0.006361 -1.370831
    40 3.571524 0.110785 -0.409182 -0.280349 0.005236 -0.808430
    41 2.150660 0.000002 0.000000 -0.019153 0.065693 -1.609223
    42 1.152756 0.000000 0.000000 0.008505 -0.008700 -1.087255
    43 3.684111 -0.153564 -1.419746 -0.068354 0.064613 -0.408614
    44 1.701017 0.000004 0.000000 -0.007931 -0.081642 -1.256212
    45 0.994705 0.000000 0.000000 0.038449 -0.003161 -1.554984
    46 1.068094 -1.283655 -0.986553 -1.690053 0.345004 -0.122821
    47 1.836308 -0.000001 0.000002 -0.773162 0.588847 -0.414597
    48 1.223946 -0.000001 0.000002 -0.039633 0.008983 -1.152004
    49 0.000000 1.945634 -1.740829 0.000000 0.000000 0.000000
    50 0.000000 1.092286 -2.833118 0.000000 0.000000 0.000000
    51 0.000000 1.945635 0.000000 0.000000 0.000000 0.000000
    52 0.000000 1.228824 1.706703 0.000000 0.000000 0.000000
    53 0.000004 -0.000004 0.000000 0.000000 0.000000 0.000000
    54 0.000000 -0.000002 3.037922 0.000000 0.000000 0.000000
    55 0.000000 -0.000002 3.857136 0.000000 0.000000 0.000000
    56 0.000000 -0.876005 0.000000 0.000000 0.000000 0.000000
    57 3.201996 0.000000 -0.000004 -1.361357 -0.104720 0.122173
    58 6.694000 0.000000 -0.000004 -1.361357 -0.104982 0.122278
    59 0.109995 -0.821001 -0.907000 -1.824288 0.360672 -0.305712
    60 3.257999 -0.031000 0.000000 1.361357 0.104720 0.122173
    61 6.867996 0.000000 0.000000 1.361357 0.104720 0.122173
    62 0.084999 -0.691999 1.011000 -1.333798 0.454466 1.954245
    63 0.000002 0.000000 0.000000 0.000000 0.000000 0.000000
    64 9.179489 0.000000 0.000004 0.000000 0.000000 0.000000
    65 6.694332 0.000001 0.000000 0.000000 0.000000 0.000000
    66 -0.000002 0.000000 0.000000 -0.723414 0.000000 0.000000
    67 6.694324 0.000000 0.000000 0.723430 0.000000 0.000000
  time 33
    0 -1.000000 0.000000 -55.000000 1.570788 0.000007 -0.000007
    1 0.000000 38.312500 -0.516602 1.570789 0.004440 1.570789
    2 0.285165 54.416785 -3.105564 0.005069 -0.012128 0.000300
    3 -5.995624 8.073495 4.855617 -0.700883 -0.818598 -0.212413
    4 0.000000 0.099715 8.360889 0.000000 -1.570796 0.000000
    5 0.113285 23.754495 8.442954 0.000000 -1.570700 4.712197
    6 0.000000 0.000000 0.000000 -1.570792 -1.570789 0.000000
    7 4.042969 0.000000 0.000000 0.000000 0.000000 -0.078758
    8 3.995838 0.000000 0.000000 0.020182 -0.002756 0.078727
    9 3.698238 0.000000 0.000000 0.017498 -0.011469 0.234936
    10 5.700886 0.000000 0.000000 0.015292 -0.018819 0.475848
    11 3.065365 3.048838 3.125049 1.274351 -0.972498 -3.016248
    12 5.507359 0.000004 0.000001 -0.718337 -0.518748 -1.070867
    13 10.907391 0.000000 0.000004 0.000000 0.000000 -0.391237
    14 10.424316 -0.000007 -0.000031 1.830272 -1.103294 -0.667557
    15 2.997272 0.005413 -1.477472 0.048725 0.112741 -0.654670
    16 1.510380 -0.000002 0.000000 0.102007 -0.018587 -1.050084
    17 0.808647 0.000001 0.000000 0.074513 -0.167910 -1.025859
    18 3.305794 0.203110 -0.546729 0.146321 0.120103 -0.673356
    19 1.807177 0.000000 0.000000 0.012053 -0.101773 -1.183172
    20 0.966141 -0.000001 0.000000 -0.003499 -0.006390 -0.767940
    21 3.571516 0.109303 0.409580 0.093171 0.176196 -0.995117
    22 2.150654 0.000000 0.000000 -0.009599 -0.067735 -1.184690
    23 1.152744 0.000001 0.000000 -0.025265 0.000085 -1.098543
    24 3.684093 -0.158703 1.419181 0.009585 0.296870 -0.902273
    25 1.701010 0.000000 0.000000 0.004252 0.081930 -1.300947
    26 0.994709 0.000002 0.000000 -0.014890 0.035612 -0.462859
    27 1.068075 -1.287205 0.981903 2.068194 -0.124080 -0.600797
    28 1.836302 0.000003 -0.000002 -0.003686 0.139062 -0.385174
    29 1.223946 -0.000001 0.000000 0.029852 -0.027586 -0.628670
    30 1.662974 1.048778 -1.308588 -1.763510 1.041138 -3.256630
    31 5.507362 -0.000008 -0.000001 1.144120 0.994148 -0.433868
    32 10.907394 0.000001 -0.000008 0.000000 0.000000 -1.005127
    33 10.424301 -0.000005 0.000015 -0.091042 0.390564 -0.216967
    34 2.997293 0.000065 1.477481 0.008104 0.172894 -0.291131
    35 1.510380 -0.000002 0.000000 -0.000342 -0.020183 -1.183530
    36 0.808651 0.000000 0.000000 -0.153484 0.046618 -1.271586
    37 3.305807 0.201134 0.547461 -0.175834 0.028641 -0.707503
    38 1.807178 -0.000002 0.000000 -0.005538 0.102335 -1.119262
    39 0.966137 -0.000001 0.000000 0.007781 -0.006361 -1.370831
    40 3.571524 0.110785 -0.409182 -0.280349 0.005236 -0.808430
    41 2.150660 0.000002 0.000000 -0.019153 0.065693 -1.609223
    42 1.152756 0.000000 0.000000 0.008505 -0.008700 -1.087255
    43 3.684111 -0.153564 -1.419746 -0.068354 0.064613 -0.408614
    44 1.701017 0.000004 0.000000 -0.007931 -0.081642 -1.256212
    45 0.994705 0.000000 0.000000 0.038449 -0.003161 -1.554984
    46 1.068094 -1.283655 -0.986553 -1.690053 0.345004 -0.122821
    47 1.836308 -0.000001 0.000002 -0.773162 0.588847 -0.414597
    48 1.223946 -0.000001 0.000002 -0.039633 0.008983 -1.152004
    49 0.000000 1.945634 -1.740829 0.000000 0.000000 0.000000
    50 0.000000 1.092286 -2.833118 0.000000 0.000000 0.000000
    51 0.000000 1.945635 0.000000 0.000000 0.000000 0.000000
    52 0.000000 1.228824 1.706703 0.000000 0.000000 0.000000
    53 0.000004 -0.000004 0.000000 0.000000 0.000000 0.000000
    54 0.000000 -0.000002 3.037922 0.000000 0.000000 0.000000
    55 0.000000 -0.000002 3.857136 0.000000 0.000000 0.000000
    56 0.000000 -0.876005 0.000000 0.000000 0.000000 0.000000
    57 3.201996 0.000000 -0.000004 -1.361357 -0.104720 0.122173
    58 6.694000 0.000000 -0.000004 -1.361357 -0.104982 0.122278
    59 0.109995 -0.821001 -0.907000 -1.824288 0.360672 -0.305712
    60 3.257999 -0.031000 0.000000 1.361357 0.104720 0.122173
    61 6.867996 0.000000 0.000000 1.361357 0.104720 0.122173
    62 0.084999 -0.691999 1.011000 -1.333798 0.454466 1.954245
    63 0.000002 0.000000 0.000000 0.000000 0.000000 0.000000
    64 9.179489 0.000000 0.000004 0.000000 0.000000 0.000000
    65 6.694332 0.000001 0.000000 0.000000 0.000000 0.000000
    66 -0.000002 0.000000 0.000000 -0.693528 0.000000 0.000000
    67 6.694324 0.000000 0.000000 0.693546 0.000000 0.000000
  time 34
    0 -1.000000 0.000000 -55.000000 1.570788 0.000007 -0.000007
    1 0.000000 38.312500 -0.516602 1.570789 0.004440 1.570789
    2 0.285165 54.416785 -3.105564 0.003068 -0.007107 0.000000
    3 -6.011249 8.350847 5.320475 -0.780164 -0.848744 -0.191930
    4 0.000000 0.099715 8.360889 0.000000 -1.570796 0.000000
    5 0.117191 23.754495 8.442954 0.000000 -1.570748 4.712293
    6 0.000000 0.000000 0.000000 -1.570792 -1.570789 0.000000
    7 4.042969 0.000000 0.000000 0.000000 0.000000 -0.078758
    8 3.995838 0.000000 0.000000 0.014741 -0.001606 0.077792
    9 3.698238 0.000000 0.000000 0.012788 -0.008377 0.236338
    10 5.700886 0.000000 0.000000 0.011182 -0.013744 0.481049
    11 3.291934 2.638669 2.656285 1.274351 -0.972479 -3.016248
    12 5.507359 0.000004 0.000001 -0.629220 -0.676405 -1.196544
    13 10.907391 0.000000 0.000004 0.000000 0.000000 -0.000042
    14 10.424316 -0.000007 -0.000031 1.755561 -1.044233 -0.866796
    15 2.997272 0.005413 -1.477472 0.048725 0.112741 -0.654670
    16 1.510380 -0.000002 0.000000 0.102007 -0.018587 -1.050084
    17 0.808647 0.000001 0.000000 0.074513 -0.167910 -1.025859
    18 3.305794 0.203110 -0.546729 0.146321 0.120103 -0.673356
    19 1.807177 0.000000 0.000000 0.012053 -0.101761 -1.183172
    20 0.966141 -0.000001 0.000000 -0.003499 -0.006390 -0.767940
    21 3.571516 0.109303 0.409580 0.093171 0.176196 -0.995117
    22 2.150654 0.000000 0.000000 -0.009599 -0.067735 -1.184690
    23 1.152744 0.000001 0.000000 -0.025265 0.000085 -1.098543
    24 3.684093 -0.158703 1.419181 0.009597 0.296870 -0.902273
    25 1.701010 0.000000 0.000000 0.004252 0.081930 -1.300928
    26 0.994709 0.000002 0.000000 -0.014890 0.035612 -0.462859
    27 1.068075 -1.287205 0.981903 2.068194 -0.124080 -0.600797
    28 1.836302 0.000003 -0.000002 -0.003686 0.139062 -0.385174
    29 1.223946 -0.000001 0.000000 0.029852 -0.027586 -0.628670
    30 2.307525 1.162063 -1.355464 -1.763510 1.041138 -3.256630
    31 5.507362 -0.000008 -0.000001 1.171605 0.957586 -0.421750
    32 10.907394 0.000001 -0.000008 0.000000 0.000000 -1.104948
    33 10.424301 -0.000005 0.000015 -0.140814 0.418508 -0.168086
    34 2.997293 0.000065 1.477481 0.008104 0.172894 -0.291131
    35 1.510380 -0.000002 0.000000 -0.000342 -0.020183 -1.183530
    36 0.808651 0.000000 0.000000 -0.153484 0.046618 -1.271586
    37 3.305807 0.201134 0.547461 -0.175834 0.028641 -0.707503
    38 1.807178 -0.000002 0.000000 -0.005538 0.102335 -1.119262
    39 0.966137 -0.000001 0.000000 0.007781 -0.006361 -1.370831
    40 3.571524 0.110785 -0.409182 -0.280349 0.005236 -0.808430
    41 2.150660 0.000002 0.000000 -0.019153 0.065693 -1.609223
    42 1.152756 0.000000 0.000000 0.008505 -0.008700 -1.087255
    43 3.684111 -0.153564 -1.419746 -0.068354 0.064613 -0.408614
    44 1.701017 0.000004 0.000000 -0.007931 -0.081642 -1.256212
    45 0.994705 0.000000 0.000000 0.038449 -0.003161 -1.554984
    46 1.068094 -1.283655 -0.986553 -1.690053 0.345004 -0.122821
    47 1.836308 -0.000001 0.000002 -0.773162 0.588847 -0.414609
    48 1.223946 -0.000001 0.000002 -0.039621 0.008971 -1.152004
    49 0.000000 1.945634 -1.740829 0.000000 0.000000 0.000000
    50 0.000000 1.092286 -2.833118 0.000000 0.000000 0.000000
    51 0.000000 1.945635 0.000000 0.000000 0.000000 0.000000
    52 0.000000 1.228824 1.706703 0.000000 0.000000 0.000000
    53 0.000004 -0.000004 0.000000 0.000000 0.000000 0.000000
    54 0.000000 -0.000002 3.037922 0.000000 0.000000 0.000000
    55 0.000000 -0.000002 3.857136 0.000000 0.000000 0.000000
    56 0.000000 -0.876005 0.000000 0.000000 0.000000 0.000000
    57 3.201996 0.000000 -0.000004 -1.361357 -0.104720 0.122173
    58 6.694000 0.000000 -0.000004 -1.361357 -0.104982 0.122278
    59 0.109995 -0.821001 -0.907000 -1.824288 0.360672 -0.305712
    60 3.257999 -0.031000 0.000000 1.361357 0.104720 0.122173
    61 6.867996 0.000000 0.000000 1.361357 0.104720 0.122173
    62 0.084999 -0.691999 1.011000 -1.333798 0.454466 1.954245
    63 0.000002 0.000000 0.000000 0.000000 0.000000 0.000000
    64 9.179489 0.000000 0.000004 0.000000 0.000000 0.000000
    65 6.694332 0.000001 0.000000 0.000000 0.000000 0.000000
    66 -0.000002 0.000000 0.000000 -0.661732 0.000000 0.000000
    67 6.694324 0.000000 0.000000 0.661778 0.000000 0.000000
  time 35
    0 -1.000000 0.000000 -55.000000 1.570788 0.000007 -0.000007
    1 0.000000 38.312500 -0.516602 1.570789 0.004440 1.570789
    2 0.285165 54.416785 -3.105564 0.001450 -0.003272 -0.000072
    3 -6.026875 8.624293 5.789239 -0.861489 -0.878889 -0.170150
    4 0.000000 0.099715 8.360889 0.000000 -1.570796 0.000000
    5 0.117191 23.754495 8.439047 0.000000 -1.570748 4.712197
    6 0.000000 0.000000 0.000000 -1.570792 -1.570789 0.000000
    7 4.042969 0.000000 0.000000 0.000000 0.000000 -0.078758
    8 3.995838 0.000000 0.000000 0.009528 -0.000719 0.077097
    9 3.698238 0.000000 0.000000 0.008245 -0.005405 0.237392
    10 5.700886 0.000000 0.000000 0.007215 -0.008875 0.486071
    11 3.530223 2.228500 2.222678 1.274351 -0.972498 -3.016248
    12 5.507359 0.000004 0.000001 -0.643700 -0.709787 -1.143486
    13 10.907391 0.000000 0.000004 0.000000 0.000000 -0.000042
    14 10.424316 -0.000007 -0.000031 1.700941 -0.989740 -0.890063
    15 2.997272 0.005413 -1.477472 0.048725 0.112741 -0.654683
    16 1.510380 -0.000002 0.000000 0.102007 -0.018587 -1.050084
    17 0.808647 0.000001 0.000000 0.074513 -0.167910 -1.025859
    18 3.305794 0.203110 -0.546729 0.146321 0.120103 -0.673356
    19 1.807177 0.000000 0.000000 0.012053 -0.101773 -1.183172
    20 0.966141 -0.000001 0.000000 -0.003499 -0.006390 -0.767940
    21 3.571516 0.109303 0.409580 0.093171 0.176196 -0.995117
    22 2.150654 0.000000 0.000000 -0.009599 -0.067735 -1.184690
    23 1.152744 0.000001 0.000000 -0.025265 0.000085 -1.098543
    24 3.684093 -0.158703 1.419181 0.009597 0.296870 -0.902273
    25 1.701010 0.000000 0.000000 0.004252 0.081930 -1.300928
    26 0.994709 0.000002 0.000000 -0.014890 0.035612 -0.462859
    27 1.068075 -1.287205 0.981903 2.068194 -0.124080 -0.600797
    28 1.836302 0.000003 -0.000002 -0.003686 0.139062 -0.385174
    29 1.223946 -0.000001 0.000000 0.029852 -0.027586 -0.628670
    30 2.932544 1.267535 -1.414060 -1.763510 1.041138 -3.256630
    31 5.507362 -0.000008 -0.000001 1.185587 0.916009 -0.420128
    32 10.907394 0.000001 -0.000008 0.000000 -0.000012 -1.213363
    33 10.424301 -0.000005 0.000015 -0.198963 0.452794 -0.119712
    34 2.997293 0.000065 1.477481 0.008104 0.172894 -0.291131
    35 1.510380 -0.000002 0.000000 -0.000342 -0.020183 -1.183530
    36 0.808651 0.000000 0.000000 -0.153484 0.046618 -1.271586
    37 3.305807 0.201134 0.547461 -0.175834 0.028641 -0.707503
    38 1.807178 -0.000002 0.000000 -0.005538 0.102335 -1.119262
    39 0.966137 -0.000001 0.000000 0.007781 -0.006361 -1.370831
    40 3.571524 0.110785 -0.409182 -0.280349 0.005236 -0.808430
    41 2.150660 0.000002 0.000000 -0.019153 0.065693 -1.609223
    42 1.152756 0.000000 0.000000 0.008505 -0.008700 -1.087255
    43 3.684111 -0.153564 -1.419746 -0.068354 0.064613 -0.408614
    44 1.701017 0.000004 0.000000 -0.007931 -0.081642 -1.256212
    45 0.994705 0.000000 0.000000 0.038449 -0.003161 -1.554984
    46 1.068094 -1.283655 -0.986553 -1.690053 0.345004 -0.122821
    47 1.836308 -0.000001 0.000002 -0.773162 0.588847 -0.414609
    48 1.223946 -0.000001 0.000002 -0.039633 0.008995 -1.152004
    49 0.000000 1.945634 -1.740829 0.000000 0.000000 0.000000
    50 0.000000 1.092286 -2.833118 0.000000 0.000000 0.000000
    51 0.000000 1.945635 0.000000 0.000000 0.000000 0.000000
    52 0.000000 1.228824 1.706703 0.000000 0.000000 0.000000
    53 0.000004 -0.000004 0.000000 0.000000 0.000000 0.000000
    54 0.000000 -0.000002 3.037922 0.000000 0.000000 0.000000
    55 0.000000 -0.000002 3.857136 0.000000 0.000000 0.000000
    56 0.000000 -0.876005 0.000000 0.000000 0.000000 0.000000
    57 3.201996 0.000000 -0.000004 -1.361357 -0.104720 0.122173
    58 6.694000 0.000000 -0.000004 -1.361357 -0.104982 0.122278
    59 0.109995 -0.821001 -0.907000 -1.824288 0.360672 -0.305712
    60 3.257999 -0.031000 0.000000 1.361357 0.104720 0.122173
    61 6.867996 0.000000 0.000000 1.361357 0.104720 0.122173
    62 0.084999 -0.691999 1.011000 -1.333798 0.454466 1.954245
    63 0.000002 0.000000 0.000000 0.000000 0.000000 0.000000
    64 9.179489 0.000000 0.000004 0.000000 0.000000 0.000000
    65 6.694332 0.000001 0.000000 0.000000 0.000000 0.000000
    66 -0.000002 0.000000 0.000000 -0.627149 0.000000 0.000000
    67 6.694324 0.000000 0.000000 0.627170 0.000000 0.000000
  time 36
    0 -1.000000 0.000000 -55.000000 1.570788 0.000007 -0.000007
    1 0.000000 38.312500 -0.516602 1.570789 0.004440 1.570789
    2 0.285165 54.416785 -3.105564 0.000384 -0.000851 -0.000036
    3 -6.042500 8.901646 6.250191 -0.944301 -0.908633 -0.146988
    4 0.000000 0.099715 8.360889 0.000000 -1.570796 0.000000
    5 0.117191 23.754495 8.442954 0.000000 -1.570748 4.712197
    6 0.000000 0.000000 0.000000 -1.570792 -1.570789 0.000000
    7 4.042969 0.000000 0.000000 0.000000 0.000000 -0.078758
    8 3.995838 0.000000 0.000000 0.004590 -0.000180 0.076653
    9 3.698238 0.000000 0.000000 0.003991 -0.002613 0.238064
    10 5.700886 0.000000 0.000000 0.003488 -0.004286 0.490781
    11 3.791950 1.833957 1.835948 1.274351 -0.972498 -3.016293
    12 5.507359 0.000004 0.000001 -0.662739 -0.737554 -1.092394
    13 10.907391 0.000000 0.000004 0.000000 0.000000 -0.000042
    14 10.424316 -0.000007 -0.000031 1.661890 -0.940586 -0.930911
    15 2.997272 0.005413 -1.477472 0.048725 0.112741 -0.654683
    16 1.510380 -0.000002 0.000000 0.102007 -0.018587 -1.050084
    17 0.808647 0.000001 0.000000 0.074513 -0.167910 -1.025859
    18 3.305794 0.203110 -0.546729 0.146321 0.120103 -0.673356
    19 1.807177 0.000000 0.000000 0.012053 -0.101773 -1.183172
    20 0.966141 -0.000001 0.000000 -0.003499 -0.006390 -0.767940
    21 3.571516 0.109303 0.409580 0.093171 0.176196 -0.995117
    22 2.150654 0.000000 0.000000 -0.009599 -0.067735 -1.184690
    23 1.152744 0.000001 0.000000 -0.025265 0.000085 -1.098543
    24 3.684093 -0.158703 1.419181 0.009597 0.296870 -0.902273
    25 1.701010 0.000000 0.000000 0.004252 0.081930 -1.300928
    26 0.994709 0.000002 0.000000 -0.014890 0.035612 -0.462859
    27 1.068075 -1.287205 0.981903 2.068194 -0.124080 -0.600797
    28 1.836302 0.000003 -0.000002 -0.003686 0.139062 -0.385174
    29 1.223946 -0.000001 0.000000 0.029852 -0.027586 -0.628670
    30 3.522406 1.365194 -1.457030 -1.763510 1.041138 -3.256630
    31 5.507362 -0.000008 -0.000001 1.184247 0.871774 -0.429860
    32 10.907394 0.000001 -0.000008 0.000000 0.000000 -1.324940
    33 10.424301 -0.000005 0.000015 -0.267250 0.493590 -0.075833
    34 2.997293 0.000065 1.477481 0.008104 0.172894 -0.291131
    35 1.510380 -0.000002 0.000000 -0.000342 -0.020183 -1.183553
    36 0.808651 0.000000 0.000000 -0.153484 0.046618 -1.271552
    37 3.305807 0.201134 0.547461 -0.175834 0.028641 -0.707503
    38 1.807178 -0.000002 0.000000 -0.005538 0.102335 -1.119262
    39 0.966137 -0.000001 0.000000 0.007781 -0.006361 -1.370831
    40 3.571524 0.110785 -0.409182 -0.280349 0.005236 -0.808430
    41 2.150660 0.000002 0.000000 -0.019153 0.065693 -1.609223
    42 1.152756 0.000000 0.000000 0.008505 -0.008700 -1.087255
    43 3.684111 -0.153564 -1.419746 -0.068354 0.064613 -0.408614
    44 1.701017 0.000004 0.000000 -0.007931 -0.081642 -1.256212
    45 0.994705 0.000000 0.000000 0.038449 -0.003161 -1.554984
    46 1.068094 -1.283655 -0.986553 -1.690053 0.345004 -0.122821
    47 1.836308 -0.000001 0.000002 -0.773162 0.588847 -0.414597
    48 1.223946 -0.000001 0.000002 -0.039621 0.008995 -1.152004
    49 0.000000 1.945634 -1.740829 0.000000 0.000000 0.000000
    50 0.000000 1.092286 -2.833118 0.000000 0.000000 0.000000
    51 0.000000 1.945635 0.000000 0.000000 0.000000 0.000000
    52 0.000000 1.228824 1.706703 0.000000 0.000000 0.000000
    53 0.000004 -0.000004 0.000000 0.000000 0.000000 0.000000
    54 0.000000 -0.000002 3.037922 0.000000 0.000000 0.000000
    55 0.000000 -0.000002 3.857136 0.000000 0.000000 0.000000
    56 0.000000 -0.876005 0.000000 0.000000 0.000000 0.000000
    57 3.201996 0.000000 -0.000004 -1.361357 -0.104720 0.122173
    58 6.694000 0.000000 -0.000004 -1.361357 -0.104982 0.122278
    59 0.109995 -0.821001 -0.907000 -1.824288 0.360672 -0.305712
    60 3.257999 -0.031000 0.000000 1.361357 0.104720 0.122173
    61 6.867996 0.000000 0.000000 1.361357 0.104720 0.122173
    62 0.084999 -0.691999 1.011000 -1.333798 0.454466 1.954245
    63 0.000002 0.000000 0.000000 0.000000 0.000000 0.000000
    64 9.179489 0.000000 0.000004 0.000000 0.000000 0.000000
    65 6.694332 0.000001 0.000000 0.000000 0.000000 0.000000
    66 -0.000002 0.000000 0.000000 -0.588664 0.000000 0.000000
    67 6.694324 0.000000 0.000000 0.588688 0.000000 0.000000
  time 37
    0 -1.000000 0.000000 -55.000000 1.570788 0.000007 -0.000007
    1 0.000000 38.312500 -0.516602 1.570789 0.004440 1.570789
    2 0.285165 54.416785 -3.105564 0.000000 0.000000 0.000000
    3 -6.058126 9.178998 6.715049 -1.029902 -0.938318 -0.122098
    4 0.000000 0.099715 8.360889 0.000000 -1.570796 0.000000
    5 0.117191 23.754495 8.442954 0.000000 -1.570748 4.712293
    6 0.000000 0.000000 0.000000 -1.570792 -1.570789 0.000000
    7 4.042969 0.000000 0.000000 0.000000 0.000000 -0.078758
    8 3.995838 0.000000 0.000000 0.000000 0.000000 0.076510
    9 3.698238 0.000000 0.000000 0.000000 0.000000 0.238279
    10 5.700886 0.000000 0.000000 0.000000 0.000000 0.495179
    11 4.065395 1.458945 1.500000 1.274351 -0.972498 -3.016248
    12 5.507359 0.000004 0.000001 -0.684996 -0.760171 -1.043802
    13 10.907391 0.000000 0.000004 0.000000 0.000000 -0.000042
    14 10.424316 -0.000007 -0.000031 1.634927 -0.896098 -0.984943
    15 2.997272 0.005413 -1.477472 0.048725 0.112741 -0.654670
    16 1.510380 -0.000002 0.000000 0.102007 -0.018587 -1.050084
    17 0.808647 0.000001 0.000000 0.074513 -0.167910 -1.025859
    18 3.305794 0.203110 -0.546729 0.146321 0.120103 -0.673356
    19 1.807177 0.000000 0.000000 0.012053 -0.101761 -1.183172
    20 0.966141 -0.000001 0.000000 -0.003499 -0.006390 -0.767940
    21 3.571516 0.109303 0.409580 0.093171 0.176196 -0.995117
    22 2.150654 0.000000 0.000000 -0.009599 -0.067735 -1.184690
    23 1.152744 0.000001 0.000000 -0.025265 0.000085 -1.098543
    24 3.684093 -0.158703 1.419181 0.009597 0.296882 -0.902273
    25 1.701010 0.000000 0.000000 0.004252 0.081930 -1.300928
    26 0.994709 0.000002 0.000000 -0.014902 0.035612 -0.462859
    27 1.068075 -1.287205 0.981903 2.068194 -0.124080 -0.600797
    28 1.836302 0.000003 -0.000002 -0.003686 0.139062 -0.385174
    29 1.223946 -0.000001 0.000000 0.029852 -0.027586 -0.628670
    30 4.065392 1.458947 -1.500000 -1.763510 1.041138 -3.256630
    31 5.507362 -0.000008 -0.000001 1.166338 0.826006 -0.451614
    32 10.907394 0.000001 -0.000008 0.000000 0.000000 -1.436312
    33 10.424301 -0.000005 0.000015 -0.349405 0.541574 -0.040882
    34 2.997293 0.000065 1.477481 0.008104 0.172894 -0.291131
    35 1.510380 -0.000002 0.000000 -0.000330 -0.020183 -1.183530
    36 0.808651 0.000000 0.000000 -0.153484 0.046618 -1.271586
    37 3.305807 0.201134 0.547461 -0.175834 0.028641 -0.707503
    38 1.807178 -0.000002 0.000000 -0.005538 0.102335 -1.119262
    39 0.966137 -0.000001 0.000000 0.007781 -0.006361 -1.370831
    40 3.571524 0.110785 -0.409182 -0.280349 0.005236 -0.808430
    41 2.150660 0.000002 0.000000 -0.019153 0.065693 -1.609223
    42 1.152756 0.000000 0.000000 0.008505 -0.008700 -1.087255
    43 3.684111 -0.153564 -1.419746 -0.068354 0.064613 -0.408614
    44 1.701017 0.000004 0.000000 -0.007931 -0.081642 -1.256212
    45 0.994705 0.000000 0.000000 0.038449 -0.003161 -1.554984
    46 1.068094 -1.283655 -0.986553 -1.690053 0.345004 -0.122821
    47 1.836308 -0.000001 0.000002 -0.773162 0.588847 -0.414609
    48 1.223946 -0.000001 0.000002 -0.039633 0.008995 -1.152004
    49 0.000000 1.945634 -1.740829 0.000000 0.000000 0.000000
    50 0.000000 1.092286 -2.833118 0.000000 0.000000 0.000000
    51 0.000000 1.945635 0.000000 0.000000 0.000000 0.000000
    52 0.000000 1.228824 1.706703 0.000000 0.000000 0.000000
    53 0.000004 -0.000004 0.000000 0.000000 0.000000 0.000000
    54 0.000000 -0.000002 3.037922 0.000000 0.000000 0.000000
    55 0.000000 -0.000002 3.857136 0.000000 0.000000 0.000000
    56 0.000000 -0.876005 0.000000 0.000000 0.000000 0.000000
    57 3.201996 0.000000 -0.000004 -1.361357 -0.104720 0.122173
    58 6.694000 0.000000 -0.000004 -1.361357 -0.104982 0.122278
    59 0.109995 -0.821001 -0.907000 -1.824288 0.360672 -0.305712
    60 3.257999 -0.031000 0.000000 1.361357 0.104720 0.122173
    61 6.867996 0.000000 0.000000 1.361357 0.104720 0.122173
    62 0.084999 -0.691999 1.011000 -1.333798 0.454466 1.954245
    63 0.000002 0.000000 0.000000 0.000000 0.000000 0.000000
    64 9.179489 0.000000 0.000004 0.000000 0.000000 0.000000
    65 6.694332 0.000001 0.000000 0.000000 0.000000 0.000000
    66 -0.000002 0.000000 0.000000 -0.544180 0.000000 0.000000
    67 6.694324 0.000000 0.000000 0.544181 0.000000 0.000000
end
