// Created by Crowbar 0.74
version 1
nodes
  0 "static_prop" -1
end
skeleton
  time 0
    0 0.000000 0.000000 0.000000 0.000000 0.000000 0.000000
end
triangles
bollards
  0 2.432760 384.000000 -0.182636 0.999131 -0.000005 0.041678 0.328204 0.008193 1 0 1.000000
  0 2.107797 385.213837 -0.196192 0.865272 0.500001 0.036094 0.343487 0.008195 1 0 1.000000
  0 0.838061 384.000000 38.046913 0.999131 -0.000005 0.041678 0.328181 0.938819 1 0 1.000000
bollards
  0 0.838061 384.000000 38.046913 0.999131 -0.000005 0.041678 0.328181 0.938819 1 0 1.000000
  0 2.107797 385.213837 -0.196192 0.865272 0.500001 0.036094 0.343487 0.008195 1 0 1.000000
  0 0.513097 385.213837 38.033360 0.865272 0.500001 0.036094 0.343456 0.938820 1 0 1.000000
bollards
  0 2.107797 385.213837 -0.196192 0.865272 0.500001 0.036094 0.343487 0.008195 1 0 1.000000
  0 1.219983 386.102417 -0.233226 0.499567 0.866024 0.020839 0.358770 0.008198 1 0 1.000000
  0 0.513097 385.213837 38.033360 0.865272 0.500001 0.036094 0.343456 0.938820 1 0 1.000000
bollards
  0 0.513097 385.213837 38.033360 0.865272 0.500001 0.036094 0.343456 0.938820 1 0 1.000000
  0 1.219983 386.102417 -0.233226 0.499567 0.866024 0.020839 0.358770 0.008198 1 0 1.000000
  0 -0.374716 386.102417 37.996326 0.499567 0.866024 0.020839 0.358730 0.938823 1 0 1.000000
bollards
  0 1.219983 386.102417 -0.233226 0.499567 0.866024 0.020839 0.358770 0.008198 1 0 1.000000
  0 0.007206 386.427673 -0.283815 0.000000 1.000000 0.000000 0.374053 0.008201 1 0 1.000000
  0 -0.374716 386.102417 37.996326 0.499567 0.866024 0.020839 0.358730 0.938823 1 0 1.000000
bollards
  0 -0.374716 386.102417 37.996326 0.499567 0.866024 0.020839 0.358730 0.938823 1 0 1.000000
  0 0.007206 386.427673 -0.283815 0.000000 1.000000 0.000000 0.374053 0.008201 1 0 1.000000
  0 -1.587493 386.427673 37.945736 0.000000 1.000000 0.000000 0.374010 0.938860 1 0 1.000000
bollards
  0 0.007206 386.427673 -0.283815 0.000000 1.000000 0.000000 0.190660 0.008200 1 0 1.000000
  0 -1.205571 386.102417 -0.334405 -0.499567 0.866024 -0.020839 0.205942 0.008197 1 0 1.000000
  0 -1.587493 386.427673 37.945736 0.000000 1.000000 0.000000 0.190700 0.938859 1 0 1.000000
bollards
  0 -1.587493 386.427673 37.945736 0.000000 1.000000 0.000000 0.190700 0.938859 1 0 1.000000
  0 -1.205571 386.102417 -0.334405 -0.499567 0.866024 -0.020839 0.205942 0.008197 1 0 1.000000
  0 -2.800270 386.102417 37.895145 -0.499567 0.866024 -0.020839 0.205980 0.938822 1 0 1.000000
bollards
  0 -1.205571 386.102417 -0.334405 -0.499567 0.866024 -0.020839 0.205942 0.008197 1 0 1.000000
  0 -2.093385 385.213837 -0.371439 -0.865274 0.499999 -0.036093 0.221225 0.008194 1 0 1.000000
  0 -2.800270 386.102417 37.895145 -0.499567 0.866024 -0.020839 0.205980 0.938822 1 0 1.000000
bollards
  0 -2.800270 386.102417 37.895145 -0.499567 0.866024 -0.020839 0.205980 0.938822 1 0 1.000000
  0 -2.093385 385.213837 -0.371439 -0.865274 0.499999 -0.036093 0.221225 0.008194 1 0 1.000000
  0 -3.688085 385.213837 37.858112 -0.865274 0.499999 -0.036093 0.221254 0.938819 1 0 1.000000
bollards
  0 -2.093385 385.213837 -0.371439 -0.865274 0.499999 -0.036093 0.221225 0.008194 1 0 1.000000
  0 -2.418348 384.000000 -0.384994 -0.999131 -0.000008 -0.041677 0.236508 0.008193 1 0 1.000000
  0 -3.688085 385.213837 37.858112 -0.865274 0.499999 -0.036093 0.221254 0.938819 1 0 1.000000
bollards
  0 -3.688085 385.213837 37.858112 -0.865274 0.499999 -0.036093 0.221254 0.938819 1 0 1.000000
  0 -2.418348 384.000000 -0.384994 -0.999131 -0.000008 -0.041677 0.236508 0.008193 1 0 1.000000
  0 -4.013048 384.000000 37.844555 -0.999131 -0.000008 -0.041677 0.236529 0.938818 1 0 1.000000
bollards
  0 -2.418348 384.000000 -0.384994 -0.999131 -0.000008 -0.041677 0.236508 0.008193 1 0 1.000000
  0 -2.093385 382.786163 -0.371439 -0.865266 -0.500012 -0.036095 0.251791 0.008190 1 0 1.000000
  0 -4.013048 384.000000 37.844555 -0.999131 -0.000008 -0.041677 0.236529 0.938818 1 0 1.000000
bollards
  0 -4.013048 384.000000 37.844555 -0.999131 -0.000008 -0.041677 0.236529 0.938818 1 0 1.000000
  0 -2.093385 382.786163 -0.371439 -0.865266 -0.500012 -0.036095 0.251791 0.008190 1 0 1.000000
  0 -3.688085 382.786163 37.858112 -0.865266 -0.500012 -0.036095 0.251804 0.938819 1 0 1.000000
bollards
  0 -2.093385 382.786163 -0.371439 -0.865266 -0.500012 -0.036095 0.251791 0.008190 1 0 1.000000
  0 -1.205571 381.897583 -0.334405 -0.499570 -0.866023 -0.020839 0.267073 0.008188 1 0 1.000000
  0 -3.688085 382.786163 37.858112 -0.865266 -0.500012 -0.036095 0.251804 0.938819 1 0 1.000000
bollards
  0 -3.688085 382.786163 37.858112 -0.865266 -0.500012 -0.036095 0.251804 0.938819 1 0 1.000000
  0 -1.205571 381.897583 -0.334405 -0.499570 -0.866023 -0.020839 0.267073 0.008188 1 0 1.000000
  0 -2.800271 381.897583 37.895145 -0.499570 -0.866023 -0.020839 0.267080 0.938820 1 0 1.000000
bollards
  0 -1.205571 381.897583 -0.334405 -0.499570 -0.866023 -0.020839 0.267073 0.008188 1 0 1.000000
  0 0.007206 381.572327 -0.283815 -0.000020 -1.000000 0.000000 0.282356 0.008186 1 0 1.000000
  0 -2.800271 381.897583 37.895145 -0.499570 -0.866023 -0.020839 0.267080 0.938820 1 0 1.000000
bollards
  0 -2.800271 381.897583 37.895145 -0.499570 -0.866023 -0.020839 0.267080 0.938820 1 0 1.000000
  0 0.007206 381.572327 -0.283815 -0.000020 -1.000000 0.000000 0.282356 0.008186 1 0 1.000000
  0 -1.587494 381.572327 37.945736 -0.000020 -1.000000 0.000000 0.282355 0.938822 1 0 1.000000
bollards
  0 0.007206 381.572327 -0.283815 -0.000020 -1.000000 0.000000 0.282356 0.008186 1 0 1.000000
  0 1.219983 381.897583 -0.233226 0.499565 -0.866026 0.020839 0.297639 0.008188 1 0 1.000000
  0 -1.587494 381.572327 37.945736 -0.000020 -1.000000 0.000000 0.282355 0.938822 1 0 1.000000
bollards
  0 -1.587494 381.572327 37.945736 -0.000020 -1.000000 0.000000 0.282355 0.938822 1 0 1.000000
  0 1.219983 381.897583 -0.233226 0.499565 -0.866026 0.020839 0.297639 0.008188 1 0 1.000000
  0 -0.374717 381.897583 37.996326 0.499565 -0.866026 0.020839 0.297630 0.938820 1 0 1.000000
bollards
  0 1.219983 381.897583 -0.233226 0.499565 -0.866026 0.020839 0.297639 0.008188 1 0 1.000000
  0 2.107798 382.786163 -0.196191 0.865273 -0.499999 0.036094 0.312922 0.008191 1 0 1.000000
  0 -0.374717 381.897583 37.996326 0.499565 -0.866026 0.020839 0.297630 0.938820 1 0 1.000000
bollards
  0 -0.374717 381.897583 37.996326 0.499565 -0.866026 0.020839 0.297630 0.938820 1 0 1.000000
  0 2.107798 382.786163 -0.196191 0.865273 -0.499999 0.036094 0.312922 0.008191 1 0 1.000000
  0 0.513098 382.786163 38.033360 0.865273 -0.499999 0.036094 0.312906 0.938819 1 0 1.000000
bollards
  0 2.107798 382.786163 -0.196191 0.865273 -0.499999 0.036094 0.312922 0.008191 1 0 1.000000
  0 2.432760 384.000000 -0.182636 0.999131 -0.000005 0.041678 0.328204 0.008193 1 0 1.000000
  0 0.513098 382.786163 38.033360 0.865273 -0.499999 0.036094 0.312906 0.938819 1 0 1.000000
bollards
  0 0.513098 382.786163 38.033360 0.865273 -0.499999 0.036094 0.312906 0.938819 1 0 1.000000
  0 2.432760 384.000000 -0.182636 0.999131 -0.000005 0.041678 0.328204 0.008193 1 0 1.000000
  0 0.838061 384.000000 38.046913 0.999131 -0.000005 0.041678 0.328181 0.938819 1 0 1.000000
bollards
  0 -1.668934 -0.000002 38.454426 -0.281679 0.001036 0.959508 0.976429 0.847043 1 0 1.000000
  0 -1.445340 -0.834469 38.429440 -0.231391 -0.151912 0.960927 0.985447 0.857311 1 0 1.000000
  0 -0.066220 0.185806 38.576923 0.013709 0.019023 0.999725 0.969290 0.883041 1 0 1.000000
bollards
  0 0.834467 -1.445342 38.439781 0.147044 -0.216755 0.965088 0.985430 0.914073 1 0 1.000000
  0 1.445340 -0.834469 38.374767 0.237495 -0.110140 0.965124 0.976476 0.924835 1 0 1.000000
  0 -0.066220 0.185806 38.576923 0.013709 0.019023 0.999725 0.969290 0.883041 1 0 1.000000
bollards
  0 1.445340 -0.834469 38.374767 0.237495 -0.110140 0.965124 0.976476 0.924835 1 0 1.000000
  0 1.668934 -0.000002 38.374767 0.242728 -0.005932 0.970076 0.965992 0.924831 1 0 1.000000
  0 -0.066220 0.185806 38.576923 0.013709 0.019023 0.999725 0.969290 0.883041 1 0 1.000000
bollards
  0 0.000000 2.160618 38.176243 0.015541 0.333705 0.942549 0.945438 0.871886 1 0 1.000000
  0 0.071407 1.486675 38.387665 0.019504 0.238666 0.970906 0.953581 0.878034 1 0 1.000000
  0 1.080310 1.871150 38.176243 0.168821 0.288170 0.942580 0.945421 0.899520 1 0 1.000000
bollards
  0 1.080310 1.871150 38.176243 0.168821 0.288170 0.942580 0.945421 0.899520 1 0 1.000000
  0 0.071407 1.486675 38.387665 0.019504 0.238666 0.970906 0.953581 0.878034 1 0 1.000000
  0 0.905874 1.263080 38.387665 0.109667 0.209650 0.971607 0.953595 0.899014 1 0 1.000000
bollards
  0 0.905874 1.263080 38.387665 0.109667 0.209650 0.971607 0.953595 0.899014 1 0 1.000000
  0 0.071407 1.486675 38.387665 0.019504 0.238666 0.970906 0.953581 0.878034 1 0 1.000000
  0 -0.066220 0.185806 38.576923 0.013709 0.019023 0.999725 0.969290 0.883041 1 0 1.000000
bollards
  0 1.305922 0.830330 38.414501 0.200098 0.124678 0.971811 0.957461 0.911031 1 0 1.000000
  0 0.905874 1.263080 38.387665 0.109667 0.209650 0.971607 0.953595 0.899014 1 0 1.000000
  0 -0.066220 0.185806 38.576923 0.013709 0.019023 0.999725 0.969290 0.883041 1 0 1.000000
bollards
  0 1.668934 -0.000002 38.374767 0.242728 -0.005932 0.970076 0.965992 0.924831 1 0 1.000000
  0 1.305922 0.830330 38.414501 0.200098 0.124678 0.971811 0.957461 0.911031 1 0 1.000000
  0 -0.066220 0.185806 38.576923 0.013709 0.019023 0.999725 0.969290 0.883041 1 0 1.000000
bollards
  0 1.668934 -0.000002 38.374767 0.242728 -0.005932 0.970076 0.965992 0.924831 1 0 1.000000
  0 1.871152 1.080308 38.176243 0.308061 0.186455 0.932916 0.952331 0.923551 1 0 1.000000
  0 1.305922 0.830330 38.414501 0.200098 0.124678 0.971811 0.957461 0.911031 1 0 1.000000
bollards
  0 2.160620 -0.000002 38.176243 0.367637 0.001742 0.929968 0.964295 0.937393 1 0 1.000000
  0 1.871152 1.080308 38.176243 0.308061 0.186455 0.932916 0.952331 0.923551 1 0 1.000000
  0 1.668934 -0.000002 38.374767 0.242728 -0.005932 0.970076 0.965992 0.924831 1 0 1.000000
bollards
  0 1.445340 -0.834469 38.374767 0.237495 -0.110140 0.965124 0.976476 0.924835 1 0 1.000000
  0 2.160620 -0.000002 38.176243 0.367637 0.001742 0.929968 0.964295 0.937393 1 0 1.000000
  0 1.668934 -0.000002 38.374767 0.242728 -0.005932 0.970076 0.965992 0.924831 1 0 1.000000
bollards
  0 1.871152 -1.080312 38.176243 0.352954 -0.195003 0.915094 0.978142 0.937436 1 0 1.000000
  0 2.160620 -0.000002 38.176243 0.367637 0.001742 0.929968 0.964295 0.937393 1 0 1.000000
  0 1.445340 -0.834469 38.374767 0.237495 -0.110140 0.965124 0.976476 0.924835 1 0 1.000000
bollards
  0 1.871152 -1.080312 38.176243 0.352954 -0.195003 0.915094 0.978142 0.937436 1 0 1.000000
  0 1.445340 -0.834469 38.374767 0.237495 -0.110140 0.965124 0.976476 0.924835 1 0 1.000000
  0 1.080310 -1.871154 38.176243 0.225697 -0.378125 0.897821 0.990210 0.923691 1 0 1.000000
bollards
  0 1.080310 -1.871154 38.176243 0.225697 -0.378125 0.897821 0.990210 0.923691 1 0 1.000000
  0 1.445340 -0.834469 38.374767 0.237495 -0.110140 0.965124 0.976476 0.924835 1 0 1.000000
  0 0.834467 -1.445342 38.439781 0.147044 -0.216755 0.965088 0.985430 0.914073 1 0 1.000000
bollards
  0 0.000000 -1.668936 38.425926 -0.010876 -0.271313 0.962430 0.990649 0.896158 1 0 1.000000
  0 1.080310 -1.871154 38.176243 0.225697 -0.378125 0.897821 0.990210 0.923691 1 0 1.000000
  0 0.834467 -1.445342 38.439781 0.147044 -0.216755 0.965088 0.985430 0.914073 1 0 1.000000
bollards
  0 0.000000 -1.668936 38.425926 -0.010876 -0.271313 0.962430 0.990649 0.896158 1 0 1.000000
  0 0.834467 -1.445342 38.439781 0.147044 -0.216755 0.965088 0.985430 0.914073 1 0 1.000000
  0 -0.066220 0.185806 38.576923 0.013709 0.019023 0.999725 0.969290 0.883041 1 0 1.000000
bollards
  0 -0.834467 -1.445341 38.410461 -0.135091 -0.236457 0.962205 0.990698 0.875326 1 0 1.000000
  0 0.000000 -1.668936 38.425926 -0.010876 -0.271313 0.962430 0.990649 0.896158 1 0 1.000000
  0 -0.066220 0.185806 38.576923 0.013709 0.019023 0.999725 0.969290 0.883041 1 0 1.000000
bollards
  0 -1.445340 -0.834469 38.429440 -0.231391 -0.151912 0.960927 0.985447 0.857311 1 0 1.000000
  0 -0.834467 -1.445341 38.410461 -0.135091 -0.236457 0.962205 0.990698 0.875326 1 0 1.000000
  0 -0.066220 0.185806 38.576923 0.013709 0.019023 0.999725 0.969290 0.883041 1 0 1.000000
bollards
  0 -1.871152 -1.080312 38.176243 -0.395739 -0.234678 0.887872 0.990247 0.847769 1 0 1.000000
  0 -0.834467 -1.445341 38.410461 -0.135091 -0.236457 0.962205 0.990698 0.875326 1 0 1.000000
  0 -1.445340 -0.834469 38.429440 -0.231391 -0.151912 0.960927 0.985447 0.857311 1 0 1.000000
bollards
  0 -1.871152 -1.080312 38.176243 -0.395739 -0.234678 0.887872 0.990247 0.847769 1 0 1.000000
  0 -1.445340 -0.834469 38.429440 -0.231391 -0.151912 0.960927 0.985447 0.857311 1 0 1.000000
  0 -2.160620 -0.000002 38.176243 -0.476057 -0.000922 0.879414 0.978210 0.833740 1 0 1.000000
bollards
  0 -2.160620 -0.000002 38.176243 -0.476057 -0.000922 0.879414 0.978210 0.833740 1 0 1.000000
  0 -1.445340 -0.834469 38.429440 -0.231391 -0.151912 0.960927 0.985447 0.857311 1 0 1.000000
  0 -1.668934 -0.000002 38.454426 -0.281679 0.001036 0.959508 0.976429 0.847043 1 0 1.000000
bollards
  0 1.871152 1.080308 38.176243 0.308061 0.186455 0.932916 0.952331 0.923551 1 0 1.000000
  0 0.905874 1.263080 38.387665 0.109667 0.209650 0.971607 0.953595 0.899014 1 0 1.000000
  0 1.305922 0.830330 38.414501 0.200098 0.124678 0.971811 0.957461 0.911031 1 0 1.000000
bollards
  0 1.080310 1.871150 38.176243 0.168821 0.288170 0.942580 0.945421 0.899520 1 0 1.000000
  0 0.905874 1.263080 38.387665 0.109667 0.209650 0.971607 0.953595 0.899014 1 0 1.000000
  0 1.871152 1.080308 38.176243 0.308061 0.186455 0.932916 0.952331 0.923551 1 0 1.000000
bollards
  0 -1.080310 -1.871154 38.176243 -0.221849 -0.385099 0.895813 0.997150 0.871897 1 0 1.000000
  0 -0.834467 -1.445341 38.410461 -0.135091 -0.236457 0.962205 0.990698 0.875326 1 0 1.000000
  0 -1.871152 -1.080312 38.176243 -0.395739 -0.234678 0.887872 0.990247 0.847769 1 0 1.000000
bollards
  0 -1.080310 -1.871154 38.176243 -0.221849 -0.385099 0.895813 0.997150 0.871897 1 0 1.000000
  0 0.000000 -2.160622 38.176243 -0.003580 -0.452045 0.891988 0.997153 0.899651 1 0 1.000000
  0 -0.834467 -1.445341 38.410461 -0.135091 -0.236457 0.962205 0.990698 0.875326 1 0 1.000000
bollards
  0 -0.834467 -1.445341 38.410461 -0.135091 -0.236457 0.962205 0.990698 0.875326 1 0 1.000000
  0 0.000000 -2.160622 38.176243 -0.003580 -0.452045 0.891988 0.997153 0.899651 1 0 1.000000
  0 0.000000 -1.668936 38.425926 -0.010876 -0.271313 0.962430 0.990649 0.896158 1 0 1.000000
bollards
  0 0.000000 -2.160622 38.176243 -0.003580 -0.452045 0.891988 0.997153 0.899651 1 0 1.000000
  0 1.080310 -1.871154 38.176243 0.225697 -0.378125 0.897821 0.990210 0.923691 1 0 1.000000
  0 0.000000 -1.668936 38.425926 -0.010876 -0.271313 0.962430 0.990649 0.896158 1 0 1.000000
bollards
  0 -1.466072 0.835117 38.425415 -0.235129 0.159264 0.958827 0.966124 0.846395 1 0 1.000000
  0 -2.160620 -0.000002 38.176243 -0.476057 -0.000922 0.879414 0.978210 0.833740 1 0 1.000000
  0 -1.668934 -0.000002 38.454426 -0.281679 0.001036 0.959508 0.976429 0.847043 1 0 1.000000
bollards
  0 -1.466072 0.835117 38.425415 -0.235129 0.159264 0.958827 0.966124 0.846395 1 0 1.000000
  0 -1.668934 -0.000002 38.454426 -0.281679 0.001036 0.959508 0.976429 0.847043 1 0 1.000000
  0 -0.066220 0.185806 38.576923 0.013709 0.019023 0.999725 0.969290 0.883041 1 0 1.000000
bollards
  0 -0.796570 1.474304 38.397362 -0.102761 0.237396 0.965962 0.956540 0.857848 1 0 1.000000
  0 -1.466072 0.835117 38.425415 -0.235129 0.159264 0.958827 0.966124 0.846395 1 0 1.000000
  0 -0.066220 0.185806 38.576923 0.013709 0.019023 0.999725 0.969290 0.883041 1 0 1.000000
bollards
  0 0.071407 1.486675 38.387665 0.019504 0.238666 0.970906 0.953581 0.878034 1 0 1.000000
  0 -0.796570 1.474304 38.397362 -0.102761 0.237396 0.965962 0.956540 0.857848 1 0 1.000000
  0 -0.066220 0.185806 38.576923 0.013709 0.019023 0.999725 0.969290 0.883041 1 0 1.000000
bollards
  0 0.000000 2.160618 38.176243 0.015541 0.333705 0.942549 0.945438 0.871886 1 0 1.000000
  0 -0.796570 1.474304 38.397362 -0.102761 0.237396 0.965962 0.956540 0.857848 1 0 1.000000
  0 0.071407 1.486675 38.387665 0.019504 0.238666 0.970906 0.953581 0.878034 1 0 1.000000
bollards
  0 -1.080310 1.871150 38.176243 -0.179220 0.346816 0.920651 0.952308 0.847825 1 0 1.000000
  0 -0.796570 1.474304 38.397362 -0.102761 0.237396 0.965962 0.956540 0.857848 1 0 1.000000
  0 0.000000 2.160618 38.176243 0.015541 0.333705 0.942549 0.945438 0.871886 1 0 1.000000
bollards
  0 -1.080310 1.871150 38.176243 -0.179220 0.346816 0.920651 0.952308 0.847825 1 0 1.000000
  0 -1.466072 0.835117 38.425415 -0.235129 0.159264 0.958827 0.966124 0.846395 1 0 1.000000
  0 -0.796570 1.474304 38.397362 -0.102761 0.237396 0.965962 0.956540 0.857848 1 0 1.000000
bollards
  0 -1.871152 1.080308 38.176243 -0.392767 0.233728 0.889441 0.964296 0.833831 1 0 1.000000
  0 -1.466072 0.835117 38.425415 -0.235129 0.159264 0.958827 0.966124 0.846395 1 0 1.000000
  0 -1.080310 1.871150 38.176243 -0.179220 0.346816 0.920651 0.952308 0.847825 1 0 1.000000
bollards
  0 -1.871152 1.080308 38.176243 -0.392767 0.233728 0.889441 0.964296 0.833831 1 0 1.000000
  0 -2.160620 -0.000002 38.176243 -0.476057 -0.000922 0.879414 0.978210 0.833740 1 0 1.000000
  0 -1.466072 0.835117 38.425415 -0.235129 0.159264 0.958827 0.966124 0.846395 1 0 1.000000
bollards
  0 2.427664 -0.000002 38.106251 0.707102 -0.000004 0.707112 0.894090 0.938819 1 0 1.000000
  0 2.041802 1.178833 38.176243 0.612371 0.353541 0.707115 0.909360 0.941220 1 0 1.000000
  0 2.357671 -0.000002 38.176243 0.707102 -0.000004 0.707112 0.894094 0.941220 1 0 1.000000
bollards
  0 2.102418 1.213829 38.106251 0.612371 0.353541 0.707115 0.909365 0.938820 1 0 1.000000
  0 2.041802 1.178833 38.176243 0.612371 0.353541 0.707115 0.909360 0.941220 1 0 1.000000
  0 2.427664 -0.000002 38.106251 0.707102 -0.000004 0.707112 0.894090 0.938819 1 0 1.000000
bollards
  0 2.041802 1.178833 38.176243 0.612371 0.353541 0.707115 0.909360 0.941220 1 0 1.000000
  0 2.102418 1.213829 38.106251 0.612371 0.353541 0.707115 0.909365 0.938820 1 0 1.000000
  0 1.178835 2.041800 38.176243 0.353554 0.612366 0.707112 0.924609 0.941207 1 0 1.000000
bollards
  0 1.178835 2.041800 38.176243 0.353554 0.612366 0.707112 0.924609 0.941207 1 0 1.000000
  0 2.102418 1.213829 38.106251 0.612371 0.353541 0.707115 0.909365 0.938820 1 0 1.000000
  0 1.213832 2.102416 38.106251 0.353554 0.612366 0.707112 0.924639 0.938823 1 0 1.000000
bollards
  0 1.178835 2.041800 38.176243 0.353554 0.612366 0.707112 0.924609 0.941207 1 0 1.000000
  0 1.213832 2.102416 38.106251 0.353554 0.612366 0.707112 0.924639 0.938823 1 0 1.000000
  0 0.000000 2.357668 38.176243 0.000000 0.707113 0.707101 0.939697 0.941260 1 0 1.000000
bollards
  0 0.000000 2.357668 38.176243 0.000000 0.707113 0.707101 0.939697 0.941260 1 0 1.000000
  0 1.213832 2.102416 38.106251 0.353554 0.612366 0.707112 0.924639 0.938823 1 0 1.000000
  0 0.000000 2.427661 38.106251 0.000000 0.707113 0.707101 0.939919 0.938860 1 0 1.000000
bollards
  0 0.000000 2.357668 38.176243 0.000000 0.707113 0.707101 0.756822 0.941259 1 0 1.000000
  0 0.000000 2.427661 38.106251 0.000000 0.707113 0.707101 0.756610 0.938859 1 0 1.000000
  0 -1.178835 2.041800 38.176243 -0.353549 0.612377 0.707105 0.771922 0.941205 1 0 1.000000
bollards
  0 -1.178835 2.041800 38.176243 -0.353549 0.612377 0.707105 0.771922 0.941205 1 0 1.000000
  0 0.000000 2.427661 38.106251 0.000000 0.707113 0.707101 0.756610 0.938859 1 0 1.000000
  0 -1.213831 2.102416 38.106251 -0.353549 0.612377 0.707105 0.771890 0.938822 1 0 1.000000
bollards
  0 -1.178835 2.041800 38.176243 -0.353549 0.612377 0.707105 0.771922 0.941205 1 0 1.000000
  0 -1.213831 2.102416 38.106251 -0.353549 0.612377 0.707105 0.771890 0.938822 1 0 1.000000
  0 -2.041802 1.178833 38.176243 -0.612368 0.353553 0.707110 0.787157 0.941219 1 0 1.000000
bollards
  0 -2.041802 1.178833 38.176243 -0.612368 0.353553 0.707110 0.787157 0.941219 1 0 1.000000
  0 -1.213831 2.102416 38.106251 -0.353549 0.612377 0.707105 0.771890 0.938822 1 0 1.000000
  0 -2.102418 1.213830 38.106251 -0.612368 0.353553 0.707110 0.787163 0.938819 1 0 1.000000
bollards
  0 -2.041802 1.178833 38.176243 -0.612368 0.353553 0.707110 0.787157 0.941219 1 0 1.000000
  0 -2.102418 1.213830 38.106251 -0.612368 0.353553 0.707110 0.787163 0.938819 1 0 1.000000
  0 -2.357670 -0.000002 38.176243 -0.707103 -0.000004 0.707111 0.802437 0.941219 1 0 1.000000
bollards
  0 -2.357670 -0.000002 38.176243 -0.707103 -0.000004 0.707111 0.802437 0.941219 1 0 1.000000
  0 -2.102418 1.213830 38.106251 -0.612368 0.353553 0.707110 0.787163 0.938819 1 0 1.000000
  0 -2.427663 -0.000002 38.106251 -0.707103 -0.000004 0.707111 0.802439 0.938818 1 0 1.000000
bollards
  0 -2.357670 -0.000002 38.176243 -0.707103 -0.000004 0.707111 0.802437 0.941219 1 0 1.000000
  0 -2.427663 -0.000002 38.106251 -0.707103 -0.000004 0.707111 0.802439 0.938818 1 0 1.000000
  0 -2.041802 -1.178837 38.176243 -0.612370 -0.353544 0.707113 0.817723 0.941219 1 0 1.000000
bollards
  0 -2.041802 -1.178837 38.176243 -0.612370 -0.353544 0.707113 0.817723 0.941219 1 0 1.000000
  0 -2.427663 -0.000002 38.106251 -0.707103 -0.000004 0.707111 0.802439 0.938818 1 0 1.000000
  0 -2.102418 -1.213834 38.106251 -0.612370 -0.353544 0.707113 0.817714 0.938819 1 0 1.000000
bollards
  0 -2.041802 -1.178837 38.176243 -0.612370 -0.353544 0.707113 0.817723 0.941219 1 0 1.000000
  0 -2.102418 -1.213834 38.106251 -0.612370 -0.353544 0.707113 0.817714 0.938819 1 0 1.000000
  0 -1.178835 -2.041804 38.176243 -0.353554 -0.612366 0.707112 0.832993 0.941220 1 0 1.000000
bollards
  0 -1.178835 -2.041804 38.176243 -0.353554 -0.612366 0.707112 0.832993 0.941220 1 0 1.000000
  0 -2.102418 -1.213834 38.106251 -0.612370 -0.353544 0.707113 0.817714 0.938819 1 0 1.000000
  0 -1.213832 -2.102420 38.106251 -0.353554 -0.612366 0.707112 0.832989 0.938820 1 0 1.000000
bollards
  0 -1.178835 -2.041804 38.176243 -0.353554 -0.612366 0.707112 0.832993 0.941220 1 0 1.000000
  0 -1.213832 -2.102420 38.106251 -0.353554 -0.612366 0.707112 0.832989 0.938820 1 0 1.000000
  0 0.000000 -2.357672 38.176243 0.000000 -0.707113 0.707101 0.848263 0.941224 1 0 1.000000
bollards
  0 0.000000 -2.357672 38.176243 0.000000 -0.707113 0.707101 0.848263 0.941224 1 0 1.000000
  0 -1.213832 -2.102420 38.106251 -0.353554 -0.612366 0.707112 0.832989 0.938820 1 0 1.000000
  0 0.000000 -2.427665 38.106251 0.000000 -0.707113 0.707101 0.848264 0.938822 1 0 1.000000
bollards
  0 0.000000 -2.357672 38.176243 0.000000 -0.707113 0.707101 0.848263 0.941224 1 0 1.000000
  0 0.000000 -2.427665 38.106251 0.000000 -0.707113 0.707101 0.848264 0.938822 1 0 1.000000
  0 1.178835 -2.041805 38.176243 0.353553 -0.612366 0.707112 0.863540 0.941220 1 0 1.000000
bollards
  0 1.178835 -2.041805 38.176243 0.353553 -0.612366 0.707112 0.863540 0.941220 1 0 1.000000
  0 0.000000 -2.427665 38.106251 0.000000 -0.707113 0.707101 0.848264 0.938822 1 0 1.000000
  0 1.213832 -2.102420 38.106251 0.353553 -0.612366 0.707112 0.863539 0.938820 1 0 1.000000
bollards
  0 1.178835 -2.041805 38.176243 0.353553 -0.612366 0.707112 0.863540 0.941220 1 0 1.000000
  0 1.213832 -2.102420 38.106251 0.353553 -0.612366 0.707112 0.863539 0.938820 1 0 1.000000
  0 2.041803 -1.178837 38.176243 0.612370 -0.353544 0.707114 0.878823 0.941220 1 0 1.000000
bollards
  0 2.041803 -1.178837 38.176243 0.612370 -0.353544 0.707114 0.878823 0.941220 1 0 1.000000
  0 1.213832 -2.102420 38.106251 0.353553 -0.612366 0.707112 0.863539 0.938820 1 0 1.000000
  0 2.102418 -1.213834 38.106251 0.612370 -0.353544 0.707114 0.878815 0.938819 1 0 1.000000
bollards
  0 2.041803 -1.178837 38.176243 0.612370 -0.353544 0.707114 0.878823 0.941220 1 0 1.000000
  0 2.102418 -1.213834 38.106251 0.612370 -0.353544 0.707114 0.878815 0.938819 1 0 1.000000
  0 2.357671 -0.000002 38.176243 0.707102 -0.000004 0.707112 0.894094 0.941220 1 0 1.000000
bollards
  0 2.357671 -0.000002 38.176243 0.707102 -0.000004 0.707112 0.894094 0.941220 1 0 1.000000
  0 2.102418 -1.213834 38.106251 0.612370 -0.353544 0.707114 0.878815 0.938819 1 0 1.000000
  0 2.427664 -0.000002 38.106251 0.707102 -0.000004 0.707112 0.894090 0.938819 1 0 1.000000
bollards
  0 0.572744 126.122810 38.063225 -0.180750 -0.387633 0.903919 0.996135 0.739154 1 0 1.000000
  0 0.825594 126.549957 38.287334 -0.092206 -0.238503 0.966754 0.989683 0.742583 1 0 1.000000
  0 -0.222541 126.908409 38.098263 -0.355806 -0.238356 0.903653 0.989231 0.715026 1 0 1.000000
bollards
  0 0.572744 126.122810 38.063225 -0.180750 -0.387633 0.903919 0.996135 0.739154 1 0 1.000000
  0 1.653937 125.840500 38.016537 0.037590 -0.453132 0.890651 0.996138 0.766909 1 0 1.000000
  0 0.825594 126.549957 38.287334 -0.092206 -0.238503 0.966754 0.989683 0.742583 1 0 1.000000
bollards
  0 0.825594 126.549957 38.287334 -0.092206 -0.238503 0.966754 0.989683 0.742583 1 0 1.000000
  0 1.653937 125.840500 38.016537 0.037590 -0.453132 0.890651 0.996138 0.766909 1 0 1.000000
  0 1.661407 126.331871 38.266724 0.032132 -0.272537 0.961609 0.989634 0.763416 1 0 1.000000
bollards
  0 1.653937 125.840500 38.016537 0.037590 -0.453132 0.890651 0.996138 0.766909 1 0 1.000000
  0 2.731334 126.137100 37.970711 0.266415 -0.377704 0.886771 0.989195 0.790948 1 0 1.000000
  0 1.661407 126.331871 38.266724 0.032132 -0.272537 0.961609 0.989634 0.763416 1 0 1.000000
bollards
  0 1.625605 130.161636 38.022961 0.053704 0.332667 0.941514 0.944422 0.739144 1 0 1.000000
  0 1.710417 129.487930 38.230129 0.059500 0.237620 0.969534 0.952566 0.745292 1 0 1.000000
  0 2.706798 129.879318 37.976276 0.207140 0.288144 0.934915 0.944405 0.766778 1 0 1.000000
bollards
  0 2.706798 129.879318 37.976276 0.207140 0.288144 0.934915 0.944405 0.766778 1 0 1.000000
  0 1.710417 129.487930 38.230129 0.059500 0.237620 0.969534 0.952566 0.745292 1 0 1.000000
  0 2.545567 129.269852 38.194069 0.149799 0.209197 0.966332 0.952579 0.766271 1 0 1.000000
bollards
  0 2.545567 129.269852 38.194069 0.149799 0.209197 0.966332 0.952579 0.766271 1 0 1.000000
  0 1.710417 129.487930 38.230129 0.059500 0.237620 0.969534 0.952566 0.745292 1 0 1.000000
  0 1.589554 128.185944 38.423172 0.056386 0.017908 0.998248 0.968274 0.750298 1 0 1.000000
bollards
  0 2.949226 128.839737 38.203106 0.240711 0.124824 0.962537 0.956445 0.778289 1 0 1.000000
  0 2.545567 129.269852 38.194069 0.149799 0.209197 0.966332 0.952579 0.766271 1 0 1.000000
  0 1.589554 128.185944 38.423172 0.056386 0.017908 0.998248 0.968274 0.750298 1 0 1.000000
bollards
  0 3.315640 128.011871 38.146633 0.284083 -0.005495 0.958784 0.964977 0.792089 1 0 1.000000
  0 2.949226 128.839737 38.203106 0.240711 0.124824 0.962537 0.956445 0.778289 1 0 1.000000
  0 1.589554 128.185944 38.423172 0.056386 0.017908 0.998248 0.968274 0.750298 1 0 1.000000
bollards
  0 3.315640 128.011871 38.146633 0.284083 -0.005495 0.958784 0.964977 0.792089 1 0 1.000000
  0 3.502082 129.093735 37.941238 0.346502 0.187362 0.919147 0.951315 0.790809 1 0 1.000000
  0 2.949226 128.839737 38.203106 0.240711 0.124824 0.962537 0.956445 0.778289 1 0 1.000000
bollards
  0 3.798362 128.015366 37.927238 0.407106 0.003053 0.913376 0.963279 0.804651 1 0 1.000000
  0 3.502082 129.093735 37.941238 0.346502 0.187362 0.919147 0.951315 0.790809 1 0 1.000000
  0 3.315640 128.011871 38.146633 0.284083 -0.005495 0.958784 0.964977 0.792089 1 0 1.000000
bollards
  0 3.097727 127.175941 38.154964 0.279326 -0.109729 0.953906 0.975461 0.792093 1 0 1.000000
  0 3.798362 128.015366 37.927238 0.407106 0.003053 0.913376 0.963279 0.804651 1 0 1.000000
  0 3.315640 128.011871 38.146633 0.284083 -0.005495 0.958784 0.964977 0.792089 1 0 1.000000
bollards
  0 3.516249 126.933159 37.938026 0.393090 -0.193769 0.898851 0.977127 0.804694 1 0 1.000000
  0 3.798362 128.015366 37.927238 0.407106 0.003053 0.913376 0.963279 0.804651 1 0 1.000000
  0 3.097727 127.175941 38.154964 0.279326 -0.109729 0.953906 0.975461 0.792093 1 0 1.000000
bollards
  0 3.516249 126.933159 37.938026 0.393090 -0.193769 0.898851 0.977127 0.804694 1 0 1.000000
  0 3.097727 127.175941 38.154964 0.279326 -0.109729 0.953906 0.975461 0.792093 1 0 1.000000
  0 2.731334 126.137100 37.970711 0.266415 -0.377704 0.886771 0.989195 0.790948 1 0 1.000000
bollards
  0 2.731334 126.137100 37.970711 0.266415 -0.377704 0.886771 0.989195 0.790948 1 0 1.000000
  0 3.097727 127.175941 38.154964 0.279326 -0.109729 0.953906 0.975461 0.792093 1 0 1.000000
  0 2.494218 126.560966 38.245167 0.189658 -0.216937 0.957584 0.984415 0.781330 1 0 1.000000
bollards
  0 1.661407 126.331871 38.266724 0.032132 -0.272537 0.961609 0.989634 0.763416 1 0 1.000000
  0 2.731334 126.137100 37.970711 0.266415 -0.377704 0.886771 0.989195 0.790948 1 0 1.000000
  0 2.494218 126.560966 38.245167 0.189658 -0.216937 0.957584 0.984415 0.781330 1 0 1.000000
bollards
  0 1.661407 126.331871 38.266724 0.032132 -0.272537 0.961609 0.989634 0.763416 1 0 1.000000
  0 2.494218 126.560966 38.245167 0.189658 -0.216937 0.957584 0.984415 0.781330 1 0 1.000000
  0 1.589554 128.185944 38.423172 0.056386 0.017908 0.998248 0.968274 0.750298 1 0 1.000000
bollards
  0 0.825594 126.549957 38.287334 -0.092206 -0.238503 0.966754 0.989683 0.742583 1 0 1.000000
  0 1.661407 126.331871 38.266724 0.032132 -0.272537 0.961609 0.989634 0.763416 1 0 1.000000
  0 1.589554 128.185944 38.423172 0.056386 0.017908 0.998248 0.968274 0.750298 1 0 1.000000
bollards
  0 0.212103 127.156754 38.333359 -0.189025 -0.154594 0.969727 0.984432 0.724568 1 0 1.000000
  0 0.825594 126.549957 38.287334 -0.092206 -0.238503 0.966754 0.989683 0.742583 1 0 1.000000
  0 1.589554 128.185944 38.423172 0.056386 0.017908 0.998248 0.968274 0.750298 1 0 1.000000
bollards
  0 -0.222541 126.908409 38.098263 -0.355806 -0.238356 0.903653 0.989231 0.715026 1 0 1.000000
  0 0.825594 126.549957 38.287334 -0.092206 -0.238503 0.966754 0.989683 0.742583 1 0 1.000000
  0 0.212103 127.156754 38.333359 -0.189025 -0.154594 0.969727 0.984432 0.724568 1 0 1.000000
bollards
  0 -0.222541 126.908409 38.098263 -0.355806 -0.238356 0.903653 0.989231 0.715026 1 0 1.000000
  0 0.212103 127.156754 38.333359 -0.189025 -0.154594 0.969727 0.984432 0.724568 1 0 1.000000
  0 -0.518821 127.986778 38.112263 -0.437940 -0.005133 0.898989 0.977194 0.700998 1 0 1.000000
bollards
  0 -0.518821 127.986778 38.112263 -0.437940 -0.005133 0.898989 0.977194 0.700998 1 0 1.000000
  0 0.212103 127.156754 38.333359 -0.189025 -0.154594 0.969727 0.984432 0.724568 1 0 1.000000
  0 -0.015683 127.989693 38.369137 -0.240328 -0.001984 0.970690 0.975413 0.714300 1 0 1.000000
bollards
  0 -0.015683 127.989693 38.369137 -0.240328 -0.001984 0.970690 0.975413 0.714300 1 0 1.000000
  0 0.212103 127.156754 38.333359 -0.189025 -0.154594 0.969727 0.984432 0.724568 1 0 1.000000
  0 1.589554 128.185944 38.423172 0.056386 0.017908 0.998248 0.968274 0.750298 1 0 1.000000
bollards
  0 3.502082 129.093735 37.941238 0.346502 0.187362 0.919147 0.951315 0.790809 1 0 1.000000
  0 2.545567 129.269852 38.194069 0.149799 0.209197 0.966332 0.952579 0.766271 1 0 1.000000
  0 2.949226 128.839737 38.203106 0.240711 0.124824 0.962537 0.956445 0.778289 1 0 1.000000
bollards
  0 2.706798 129.879318 37.976276 0.207140 0.288144 0.934915 0.944405 0.766778 1 0 1.000000
  0 2.545567 129.269852 38.194069 0.149799 0.209197 0.966332 0.952579 0.766271 1 0 1.000000
  0 3.502082 129.093735 37.941238 0.346502 0.187362 0.919147 0.951315 0.790809 1 0 1.000000
bollards
  0 2.494218 126.560966 38.245167 0.189658 -0.216937 0.957584 0.984415 0.781330 1 0 1.000000
  0 3.097727 127.175941 38.154964 0.279326 -0.109729 0.953906 0.975461 0.792093 1 0 1.000000
  0 1.589554 128.185944 38.423172 0.056386 0.017908 0.998248 0.968274 0.750298 1 0 1.000000
bollards
  0 3.097727 127.175941 38.154964 0.279326 -0.109729 0.953906 0.975461 0.792093 1 0 1.000000
  0 3.315640 128.011871 38.146633 0.284083 -0.005495 0.958784 0.964977 0.792089 1 0 1.000000
  0 1.589554 128.185944 38.423172 0.056386 0.017908 0.998248 0.968274 0.750298 1 0 1.000000
bollards
  0 0.180271 128.826172 38.332706 -0.194887 0.156549 0.968252 0.965108 0.713652 1 0 1.000000
  0 -0.518821 127.986778 38.112263 -0.437940 -0.005133 0.898989 0.977194 0.700998 1 0 1.000000
  0 -0.015683 127.989693 38.369137 -0.240328 -0.001984 0.970690 0.975413 0.714300 1 0 1.000000
bollards
  0 0.180271 128.826172 38.332706 -0.194887 0.156549 0.968252 0.965108 0.713652 1 0 1.000000
  0 -0.015683 127.989693 38.369137 -0.240328 -0.001984 0.970690 0.975413 0.714300 1 0 1.000000
  0 1.589554 128.185944 38.423172 0.056386 0.017908 0.998248 0.968274 0.750298 1 0 1.000000
bollards
  0 0.843752 129.469803 38.276966 -0.062852 0.235545 0.969829 0.955524 0.725106 1 0 1.000000
  0 0.180271 128.826172 38.332706 -0.194887 0.156549 0.968252 0.965108 0.713652 1 0 1.000000
  0 1.589554 128.185944 38.423172 0.056386 0.017908 0.998248 0.968274 0.750298 1 0 1.000000
bollards
  0 1.710417 129.487930 38.230129 0.059500 0.237620 0.969534 0.952566 0.745292 1 0 1.000000
  0 0.843752 129.469803 38.276966 -0.062852 0.235545 0.969829 0.955524 0.725106 1 0 1.000000
  0 1.589554 128.185944 38.423172 0.056386 0.017908 0.998248 0.968274 0.750298 1 0 1.000000
bollards
  0 1.625605 130.161636 38.022961 0.053704 0.332667 0.941514 0.944422 0.739144 1 0 1.000000
  0 0.843752 129.469803 38.276966 -0.062852 0.235545 0.969829 0.955524 0.725106 1 0 1.000000
  0 1.710417 129.487930 38.230129 0.059500 0.237620 0.969534 0.952566 0.745292 1 0 1.000000
bollards
  0 0.548207 129.865036 38.068787 -0.141896 0.344514 0.927995 0.951293 0.715082 1 0 1.000000
  0 0.843752 129.469803 38.276966 -0.062852 0.235545 0.969829 0.955524 0.725106 1 0 1.000000
  0 1.625605 130.161636 38.022961 0.053704 0.332667 0.941514 0.944422 0.739144 1 0 1.000000
bollards
  0 0.548207 129.865036 38.068787 -0.141896 0.344514 0.927995 0.951293 0.715082 1 0 1.000000
  0 0.180271 128.826172 38.332706 -0.194887 0.156549 0.968252 0.965108 0.713652 1 0 1.000000
  0 0.843752 129.469803 38.276966 -0.062852 0.235545 0.969829 0.955524 0.725106 1 0 1.000000
bollards
  0 -0.236707 129.068985 38.101475 -0.355833 0.230053 0.905792 0.963281 0.701088 1 0 1.000000
  0 0.180271 128.826172 38.332706 -0.194887 0.156549 0.968252 0.965108 0.713652 1 0 1.000000
  0 0.548207 129.865036 38.068787 -0.141896 0.344514 0.927995 0.951293 0.715082 1 0 1.000000
bollards
  0 -0.236707 129.068985 38.101475 -0.355833 0.230053 0.905792 0.963281 0.701088 1 0 1.000000
  0 -0.518821 127.986778 38.112263 -0.437940 -0.005133 0.898989 0.977194 0.700998 1 0 1.000000
  0 0.180271 128.826172 38.332706 -0.194887 0.156549 0.968252 0.965108 0.713652 1 0 1.000000
bollards
  0 0.536975 258.674377 38.109200 -0.227815 0.066616 0.971423 0.975987 0.558822 1 0 1.000000
  0 0.767884 257.841797 38.130043 -0.175872 -0.085500 0.980693 0.985006 0.569090 1 0 1.000000
  0 2.141909 258.879456 38.127983 0.069142 0.089432 0.993590 0.968848 0.594819 1 0 1.000000
bollards
  0 3.051232 257.248993 38.054680 0.202889 -0.147270 0.968064 0.984989 0.625851 1 0 1.000000
  0 3.650865 257.857971 37.912846 0.292044 -0.040294 0.955556 0.976034 0.636614 1 0 1.000000
  0 2.141909 258.879456 38.127983 0.069142 0.089432 0.993590 0.968848 0.594819 1 0 1.000000
bollards
  0 3.650865 257.857971 37.912846 0.292044 -0.040294 0.955556 0.976034 0.636614 1 0 1.000000
  0 3.865034 258.691895 37.841938 0.296411 0.064041 0.952911 0.965551 0.636610 1 0 1.000000
  0 2.141909 258.879456 38.127983 0.069142 0.089432 0.993590 0.968848 0.594819 1 0 1.000000
bollards
  0 2.164261 260.821594 37.587181 0.064362 0.399317 0.914551 0.944996 0.583665 1 0 1.000000
  0 2.254645 260.164703 37.840832 0.070935 0.306538 0.949212 0.953139 0.589813 1 0 1.000000
  0 3.245975 260.540314 37.546593 0.217905 0.354960 0.909132 0.944979 0.611299 1 0 1.000000
bollards
  0 3.245975 260.540314 37.546593 0.217905 0.354960 0.909132 0.944979 0.611299 1 0 1.000000
  0 2.254645 260.164703 37.840832 0.070935 0.306538 0.949212 0.953139 0.589813 1 0 1.000000
  0 3.090198 259.947449 37.809475 0.161316 0.278267 0.946860 0.953153 0.610793 1 0 1.000000
bollards
  0 3.090198 259.947449 37.809475 0.161316 0.278267 0.946860 0.953153 0.610793 1 0 1.000000
  0 2.254645 260.164703 37.840832 0.070935 0.306538 0.949212 0.953139 0.589813 1 0 1.000000
  0 2.141909 258.879456 38.127983 0.069142 0.089432 0.993590 0.968848 0.594819 1 0 1.000000
bollards
  0 3.495796 259.520447 37.843922 0.252528 0.194148 0.947911 0.957019 0.622810 1 0 1.000000
  0 3.090198 259.947449 37.809475 0.161316 0.278267 0.946860 0.953153 0.610793 1 0 1.000000
  0 2.141909 258.879456 38.127983 0.069142 0.089432 0.993590 0.968848 0.594819 1 0 1.000000
bollards
  0 3.865034 258.691895 37.841938 0.296411 0.064041 0.952911 0.965551 0.636610 1 0 1.000000
  0 3.495796 259.520447 37.843922 0.252528 0.194148 0.947911 0.957019 0.622810 1 0 1.000000
  0 2.141909 258.879456 38.127983 0.069142 0.089432 0.993590 0.968848 0.594819 1 0 1.000000
bollards
  0 3.865034 258.691895 37.841938 0.296411 0.064041 0.952911 0.965551 0.636610 1 0 1.000000
  0 4.044136 259.756958 37.557335 0.357482 0.253782 0.898778 0.951889 0.635330 1 0 1.000000
  0 3.495796 259.520447 37.843922 0.252528 0.194148 0.947911 0.957019 0.622810 1 0 1.000000
bollards
  0 4.344874 258.681335 37.616535 0.418799 0.069739 0.905397 0.963853 0.649172 1 0 1.000000
  0 4.044136 259.756958 37.557335 0.357482 0.253782 0.898778 0.951889 0.635330 1 0 1.000000
  0 3.865034 258.691895 37.841938 0.296411 0.064041 0.952911 0.965551 0.636610 1 0 1.000000
bollards
  0 3.650865 257.857971 37.912846 0.292044 -0.040294 0.955556 0.976034 0.636614 1 0 1.000000
  0 4.344874 258.681335 37.616535 0.418799 0.069739 0.905397 0.963853 0.649172 1 0 1.000000
  0 3.865034 258.691895 37.841938 0.296411 0.064041 0.952911 0.965551 0.636610 1 0 1.000000
bollards
  0 4.067608 257.601746 37.708328 0.405450 -0.127666 0.905158 0.977700 0.649215 1 0 1.000000
  0 4.344874 258.681335 37.616535 0.418799 0.069739 0.905397 0.963853 0.649172 1 0 1.000000
  0 3.650865 257.857971 37.912846 0.292044 -0.040294 0.955556 0.976034 0.636614 1 0 1.000000
bollards
  0 4.067608 257.601746 37.708328 0.405450 -0.127666 0.905158 0.977700 0.649215 1 0 1.000000
  0 3.650865 257.857971 37.912846 0.292044 -0.040294 0.955556 0.976034 0.636614 1 0 1.000000
  0 3.286633 256.807404 37.808121 0.279419 -0.312426 0.907918 0.989768 0.635469 1 0 1.000000
bollards
  0 3.286633 256.807404 37.808121 0.279419 -0.312426 0.907918 0.989768 0.635469 1 0 1.000000
  0 3.650865 257.857971 37.912846 0.292044 -0.040294 0.955556 0.976034 0.636614 1 0 1.000000
  0 3.051232 257.248993 38.054680 0.202889 -0.147270 0.968064 0.984989 0.625851 1 0 1.000000
bollards
  0 2.219766 257.019196 38.103485 0.045672 -0.202970 0.978119 0.990207 0.607937 1 0 1.000000
  0 3.286633 256.807404 37.808121 0.279419 -0.312426 0.907918 0.989768 0.635469 1 0 1.000000
  0 3.051232 257.248993 38.054680 0.202889 -0.147270 0.968064 0.984989 0.625851 1 0 1.000000
bollards
  0 2.219766 257.019196 38.103485 0.045672 -0.202970 0.978119 0.990207 0.607937 1 0 1.000000
  0 3.051232 257.248993 38.054680 0.202889 -0.147270 0.968064 0.984989 0.625851 1 0 1.000000
  0 2.141909 258.879456 38.127983 0.069142 0.089432 0.993590 0.968848 0.594819 1 0 1.000000
bollards
  0 1.383352 257.235352 38.119438 -0.078732 -0.169079 0.982453 0.990257 0.587105 1 0 1.000000
  0 2.219766 257.019196 38.103485 0.045672 -0.202970 0.978119 0.990207 0.607937 1 0 1.000000
  0 2.141909 258.879456 38.127983 0.069142 0.089432 0.993590 0.968848 0.594819 1 0 1.000000
bollards
  0 0.767884 257.841797 38.130043 -0.175872 -0.085500 0.980693 0.985006 0.569090 1 0 1.000000
  0 1.383352 257.235352 38.119438 -0.078732 -0.169079 0.982453 0.990257 0.587105 1 0 1.000000
  0 2.141909 258.879456 38.127983 0.069142 0.089432 0.993590 0.968848 0.594819 1 0 1.000000
bollards
  0 0.331331 257.575806 37.919022 -0.343128 -0.174341 0.922967 0.989805 0.559548 1 0 1.000000
  0 1.383352 257.235352 38.119438 -0.078732 -0.169079 0.982453 0.990257 0.587105 1 0 1.000000
  0 0.767884 257.841797 38.130043 -0.175872 -0.085500 0.980693 0.985006 0.569090 1 0 1.000000
bollards
  0 0.331331 257.575806 37.919022 -0.343128 -0.174341 0.922967 0.989805 0.559548 1 0 1.000000
  0 0.767884 257.841797 38.130043 -0.175872 -0.085500 0.980693 0.985006 0.569090 1 0 1.000000
  0 0.030593 258.651398 37.859821 -0.426318 0.057681 0.902732 0.977768 0.545519 1 0 1.000000
bollards
  0 0.030593 258.651398 37.859821 -0.426318 0.057681 0.902732 0.977768 0.545519 1 0 1.000000
  0 0.767884 257.841797 38.130043 -0.175872 -0.085500 0.980693 0.985006 0.569090 1 0 1.000000
  0 0.536975 258.674377 38.109200 -0.227815 0.066616 0.971423 0.975987 0.558822 1 0 1.000000
bollards
  0 4.044136 259.756958 37.557335 0.357482 0.253782 0.898778 0.951889 0.635330 1 0 1.000000
  0 3.090198 259.947449 37.809475 0.161316 0.278267 0.946860 0.953153 0.610793 1 0 1.000000
  0 3.495796 259.520447 37.843922 0.252528 0.194148 0.947911 0.957019 0.622810 1 0 1.000000
bollards
  0 3.245975 260.540314 37.546593 0.217905 0.354960 0.909132 0.944979 0.611299 1 0 1.000000
  0 3.090198 259.947449 37.809475 0.161316 0.278267 0.946860 0.953153 0.610793 1 0 1.000000
  0 4.044136 259.756958 37.557335 0.357482 0.253782 0.898778 0.951889 0.635330 1 0 1.000000
bollards
  0 1.129491 256.792419 37.929764 -0.167431 -0.322624 0.931601 0.996708 0.583676 1 0 1.000000
  0 1.383352 257.235352 38.119438 -0.078732 -0.169079 0.982453 0.990257 0.587105 1 0 1.000000
  0 0.331331 257.575806 37.919022 -0.343128 -0.174341 0.922967 0.989805 0.559548 1 0 1.000000
bollards
  0 1.129491 256.792419 37.929764 -0.167431 -0.322624 0.931601 0.996708 0.583676 1 0 1.000000
  0 2.211207 256.511169 37.889172 0.050999 -0.388156 0.920181 0.996711 0.611430 1 0 1.000000
  0 1.383352 257.235352 38.119438 -0.078732 -0.169079 0.982453 0.990257 0.587105 1 0 1.000000
bollards
  0 1.383352 257.235352 38.119438 -0.078732 -0.169079 0.982453 0.990257 0.587105 1 0 1.000000
  0 2.211207 256.511169 37.889172 0.050999 -0.388156 0.920181 0.996711 0.611430 1 0 1.000000
  0 2.219766 257.019196 38.103485 0.045672 -0.202970 0.978119 0.990207 0.607937 1 0 1.000000
bollards
  0 2.211207 256.511169 37.889172 0.050999 -0.388156 0.920181 0.996711 0.611430 1 0 1.000000
  0 3.286633 256.807404 37.808121 0.279419 -0.312426 0.907918 0.989768 0.635469 1 0 1.000000
  0 2.219766 257.019196 38.103485 0.045672 -0.202970 0.978119 0.990207 0.607937 1 0 1.000000
bollards
  0 0.728822 259.506775 38.010521 -0.183092 0.224721 0.957067 0.965682 0.558174 1 0 1.000000
  0 0.030593 258.651398 37.859821 -0.426318 0.057681 0.902732 0.977768 0.545519 1 0 1.000000
  0 0.536975 258.674377 38.109200 -0.227815 0.066616 0.971423 0.975987 0.558822 1 0 1.000000
bollards
  0 0.728822 259.506775 38.010521 -0.183092 0.224721 0.957067 0.965682 0.558174 1 0 1.000000
  0 0.536975 258.674377 38.109200 -0.227815 0.066616 0.971423 0.975987 0.558822 1 0 1.000000
  0 2.141909 258.879456 38.127983 0.069142 0.089432 0.993590 0.968848 0.594819 1 0 1.000000
bollards
  0 1.388740 260.147034 37.900219 -0.051397 0.304075 0.951261 0.956098 0.569627 1 0 1.000000
  0 0.728822 259.506775 38.010521 -0.183092 0.224721 0.957067 0.965682 0.558174 1 0 1.000000
  0 2.141909 258.879456 38.127983 0.069142 0.089432 0.993590 0.968848 0.594819 1 0 1.000000
bollards
  0 2.254645 260.164703 37.840832 0.070935 0.306538 0.949212 0.953139 0.589813 1 0 1.000000
  0 1.388740 260.147034 37.900219 -0.051397 0.304075 0.951261 0.956098 0.569627 1 0 1.000000
  0 2.141909 258.879456 38.127983 0.069142 0.089432 0.993590 0.968848 0.594819 1 0 1.000000
bollards
  0 2.164261 260.821594 37.587181 0.064362 0.399317 0.914551 0.944996 0.583665 1 0 1.000000
  0 1.388740 260.147034 37.900219 -0.051397 0.304075 0.951261 0.956098 0.569627 1 0 1.000000
  0 2.254645 260.164703 37.840832 0.070935 0.306538 0.949212 0.953139 0.589813 1 0 1.000000
bollards
  0 1.088835 260.525360 37.668232 -0.131442 0.409506 0.902789 0.951867 0.559604 1 0 1.000000
  0 1.388740 260.147034 37.900219 -0.051397 0.304075 0.951261 0.956098 0.569627 1 0 1.000000
  0 2.164261 260.821594 37.587181 0.064362 0.399317 0.914551 0.944996 0.583665 1 0 1.000000
bollards
  0 1.088835 260.525360 37.668232 -0.131442 0.409506 0.902789 0.951867 0.559604 1 0 1.000000
  0 0.728822 259.506775 38.010521 -0.183092 0.224721 0.957067 0.965682 0.558174 1 0 1.000000
  0 1.388740 260.147034 37.900219 -0.051397 0.304075 0.951261 0.956098 0.569627 1 0 1.000000
bollards
  0 0.307858 259.731018 37.768024 -0.345143 0.293028 0.891634 0.963855 0.545609 1 0 1.000000
  0 0.728822 259.506775 38.010521 -0.183092 0.224721 0.957067 0.965682 0.558174 1 0 1.000000
  0 1.088835 260.525360 37.668232 -0.131442 0.409506 0.902789 0.951867 0.559604 1 0 1.000000
bollards
  0 0.307858 259.731018 37.768024 -0.345143 0.293028 0.891634 0.963855 0.545609 1 0 1.000000
  0 0.030593 258.651398 37.859821 -0.426318 0.057681 0.902732 0.977768 0.545519 1 0 1.000000
  0 0.728822 259.506775 38.010521 -0.183092 0.224721 0.957067 0.965682 0.558174 1 0 1.000000
bollards
  0 4.062157 128.017212 37.845875 0.736719 0.003827 0.676188 0.704281 0.938819 1 0 1.000000
  0 3.671926 129.193375 37.934078 0.639740 0.356721 0.680795 0.719551 0.941220 1 0 1.000000
  0 3.995228 128.016663 37.918800 0.736719 0.003827 0.676188 0.704285 0.941220 1 0 1.000000
bollards
  0 3.729258 129.228867 37.861607 0.639740 0.356721 0.680795 0.719556 0.938820 1 0 1.000000
  0 3.671926 129.193375 37.934078 0.639740 0.356721 0.680795 0.719551 0.941220 1 0 1.000000
  0 4.062157 128.017212 37.845875 0.736719 0.003827 0.676188 0.704281 0.938819 1 0 1.000000
bollards
  0 3.671926 129.193375 37.934078 0.639740 0.356721 0.680795 0.719551 0.941220 1 0 1.000000
  0 3.729258 129.228867 37.861607 0.639740 0.356721 0.680795 0.719556 0.938820 1 0 1.000000
  0 2.804112 130.050613 37.972309 0.379472 0.613811 0.692269 0.734800 0.941207 1 0 1.000000
bollards
  0 2.804112 130.050613 37.972309 0.379472 0.613811 0.692269 0.734800 0.941207 1 0 1.000000
  0 3.729258 129.228867 37.861607 0.639740 0.356721 0.680795 0.719556 0.938820 1 0 1.000000
  0 2.835681 130.111557 37.900974 0.379472 0.613811 0.692269 0.734830 0.938823 1 0 1.000000
bollards
  0 2.804112 130.050613 37.972309 0.379472 0.613811 0.692269 0.734800 0.941207 1 0 1.000000
  0 2.835681 130.111557 37.900974 0.379472 0.613811 0.692269 0.734830 0.938823 1 0 1.000000
  0 1.624313 130.358688 38.023254 0.025636 0.706253 0.707495 0.749889 0.941260 1 0 1.000000
bollards
  0 1.624313 130.358688 38.023254 0.025636 0.706253 0.707495 0.749889 0.941260 1 0 1.000000
  0 2.835681 130.111557 37.900974 0.379472 0.613811 0.692269 0.734830 0.938823 1 0 1.000000
  0 1.620856 130.428757 37.953430 0.025636 0.706253 0.707495 0.750110 0.938860 1 0 1.000000
bollards
  0 1.624313 130.358688 38.023254 0.025636 0.706253 0.707495 0.567013 0.941259 1 0 1.000000
  0 1.620856 130.428757 37.953430 0.025636 0.706253 0.707495 0.566801 0.938859 1 0 1.000000
  0 0.448656 130.035034 38.073261 -0.326972 0.609199 0.722472 0.582113 0.941205 1 0 1.000000
bollards
  0 0.448656 130.035034 38.073261 -0.326972 0.609199 0.722472 0.582113 0.941205 1 0 1.000000
  0 1.620856 130.428757 37.953430 0.025636 0.706253 0.707495 0.566801 0.938859 1 0 1.000000
  0 0.410297 130.095490 38.004921 -0.326972 0.609199 0.722472 0.582081 0.938822 1 0 1.000000
bollards
  0 0.448656 130.035034 38.073261 -0.326972 0.609199 0.722472 0.582113 0.941205 1 0 1.000000
  0 0.410297 130.095490 38.004921 -0.326972 0.609199 0.722472 0.582081 0.938822 1 0 1.000000
  0 -0.407843 129.166367 38.108929 -0.583847 0.348652 0.733188 0.597348 0.941219 1 0 1.000000
bollards
  0 -0.407843 129.166367 38.108929 -0.583847 0.348652 0.733188 0.597348 0.941219 1 0 1.000000
  0 0.410297 130.095490 38.004921 -0.326972 0.609199 0.722472 0.582081 0.938822 1 0 1.000000
  0 -0.471629 129.201050 38.041645 -0.583847 0.348652 0.733188 0.597355 0.938819 1 0 1.000000
bollards
  0 -0.407843 129.166367 38.108929 -0.583847 0.348652 0.733188 0.597348 0.941219 1 0 1.000000
  0 -0.471629 129.201050 38.041645 -0.583847 0.348652 0.733188 0.597355 0.938819 1 0 1.000000
  0 -0.715686 127.985474 38.120701 -0.676171 -0.005530 0.736724 0.612628 0.941219 1 0 1.000000
bollards
  0 -0.715686 127.985474 38.120701 -0.676171 -0.005530 0.736724 0.612628 0.941219 1 0 1.000000
  0 -0.471629 129.201050 38.041645 -0.583847 0.348652 0.733188 0.597355 0.938819 1 0 1.000000
  0 -0.788611 127.985092 38.053768 -0.676171 -0.005530 0.736724 0.612630 0.938818 1 0 1.000000
bollards
  0 -0.715686 127.985474 38.120701 -0.676171 -0.005530 0.736724 0.612628 0.941219 1 0 1.000000
  0 -0.788611 127.985092 38.053768 -0.676171 -0.005530 0.736724 0.612630 0.938818 1 0 1.000000
  0 -0.392385 126.808754 38.105423 -0.579203 -0.358451 0.732145 0.627914 0.941219 1 0 1.000000
bollards
  0 -0.392385 126.808754 38.105423 -0.579203 -0.358451 0.732145 0.627914 0.941219 1 0 1.000000
  0 -0.788611 127.985092 38.053768 -0.676171 -0.005530 0.736724 0.612630 0.938818 1 0 1.000000
  0 -0.455712 126.773445 38.038036 -0.579203 -0.358451 0.732145 0.627905 0.938819 1 0 1.000000
bollards
  0 -0.392385 126.808754 38.105423 -0.579203 -0.358451 0.732145 0.627914 0.941219 1 0 1.000000
  0 -0.455712 126.773445 38.038036 -0.579203 -0.358451 0.732145 0.627905 0.938819 1 0 1.000000
  0 0.475429 125.951515 38.067188 -0.318929 -0.615554 0.720678 0.643185 0.941220 1 0 1.000000
bollards
  0 0.475429 125.951515 38.067188 -0.318929 -0.615554 0.720678 0.643185 0.941220 1 0 1.000000
  0 -0.455712 126.773445 38.038036 -0.579203 -0.358451 0.732145 0.627905 0.938819 1 0 1.000000
  0 0.437866 125.890755 37.998669 -0.318929 -0.615554 0.720678 0.643180 0.938820 1 0 1.000000
bollards
  0 0.475429 125.951515 38.067188 -0.318929 -0.615554 0.720678 0.643185 0.941220 1 0 1.000000
  0 0.437866 125.890755 37.998669 -0.318929 -0.615554 0.720678 0.643180 0.938820 1 0 1.000000
  0 1.655230 125.643448 38.016243 0.034914 -0.707962 0.705387 0.658454 0.941224 1 0 1.000000
bollards
  0 1.655230 125.643448 38.016243 0.034914 -0.707962 0.705387 0.658454 0.941224 1 0 1.000000
  0 0.437866 125.890755 37.998669 -0.318929 -0.615554 0.720678 0.643180 0.938820 1 0 1.000000
  0 1.652691 125.573547 37.946213 0.034914 -0.707962 0.705387 0.658455 0.938822 1 0 1.000000
bollards
  0 1.655230 125.643448 38.016243 0.034914 -0.707962 0.705387 0.658454 0.941224 1 0 1.000000
  0 1.652691 125.573547 37.946213 0.034914 -0.707962 0.705387 0.658455 0.938822 1 0 1.000000
  0 2.830887 125.967110 37.966240 0.387522 -0.610878 0.690402 0.673731 0.941220 1 0 1.000000
bollards
  0 2.830887 125.967110 37.966240 0.387522 -0.610878 0.690402 0.673731 0.941220 1 0 1.000000
  0 1.652691 125.573547 37.946213 0.034914 -0.707962 0.705387 0.658455 0.938822 1 0 1.000000
  0 2.863250 125.906807 37.894722 0.387522 -0.610878 0.690402 0.673731 0.938820 1 0 1.000000
bollards
  0 2.830887 125.967110 37.966240 0.387522 -0.610878 0.690402 0.673731 0.941220 1 0 1.000000
  0 2.863250 125.906807 37.894722 0.387522 -0.610878 0.690402 0.673731 0.938820 1 0 1.000000
  0 3.687386 126.835762 37.930573 0.644399 -0.350333 0.679718 0.689014 0.941220 1 0 1.000000
bollards
  0 3.687386 126.835762 37.930573 0.644399 -0.350333 0.679718 0.689014 0.941220 1 0 1.000000
  0 2.863250 125.906807 37.894722 0.387522 -0.610878 0.690402 0.673731 0.938820 1 0 1.000000
  0 3.745177 126.801254 37.857998 0.644399 -0.350333 0.679718 0.689006 0.938819 1 0 1.000000
bollards
  0 3.687386 126.835762 37.930573 0.644399 -0.350333 0.679718 0.689014 0.941220 1 0 1.000000
  0 3.745177 126.801254 37.857998 0.644399 -0.350333 0.679718 0.689006 0.938819 1 0 1.000000
  0 3.995228 128.016663 37.918800 0.736719 0.003827 0.676188 0.704285 0.941220 1 0 1.000000
bollards
  0 3.995228 128.016663 37.918800 0.736719 0.003827 0.676188 0.704285 0.941220 1 0 1.000000
  0 3.745177 126.801254 37.857998 0.644399 -0.350333 0.679718 0.689006 0.938819 1 0 1.000000
  0 4.062157 128.017212 37.845875 0.736719 0.003827 0.676188 0.704281 0.938819 1 0 1.000000
bollards
  0 4.607592 258.678253 37.531792 0.745338 0.054675 0.664441 0.515608 0.938819 1 0 1.000000
  0 4.213440 259.856415 37.540840 0.646941 0.406690 0.645035 0.530877 0.941220 1 0 1.000000
  0 4.541607 258.682709 37.605442 0.745338 0.054675 0.664441 0.515612 0.941220 1 0 1.000000
bollards
  0 4.269681 259.886810 37.465275 0.646941 0.406690 0.645035 0.530883 0.938820 1 0 1.000000
  0 4.213440 259.856415 37.540840 0.646941 0.406690 0.645035 0.530877 0.941220 1 0 1.000000
  0 4.607592 258.678253 37.531792 0.745338 0.054675 0.664441 0.515608 0.938819 1 0 1.000000
bollards
  0 4.213440 259.856415 37.540840 0.646941 0.406690 0.645035 0.530877 0.941220 1 0 1.000000
  0 4.269681 259.886810 37.465275 0.646941 0.406690 0.645035 0.530883 0.938820 1 0 1.000000
  0 3.342489 260.711243 37.529118 0.385723 0.663075 0.641521 0.546127 0.941207 1 0 1.000000
bollards
  0 3.342489 260.711243 37.529118 0.385723 0.663075 0.641521 0.546127 0.941207 1 0 1.000000
  0 4.269681 259.886810 37.465275 0.646941 0.406690 0.645035 0.530883 0.938820 1 0 1.000000
  0 3.372874 260.766998 37.453201 0.385723 0.663075 0.641521 0.546157 0.938823 1 0 1.000000
bollards
  0 3.342489 260.711243 37.529118 0.385723 0.663075 0.641521 0.546127 0.941207 1 0 1.000000
  0 3.372874 260.766998 37.453201 0.385723 0.663075 0.641521 0.546157 0.938823 1 0 1.000000
  0 2.162120 261.018127 37.573414 0.031701 0.755075 0.654872 0.561215 0.941260 1 0 1.000000
bollards
  0 2.162120 261.018127 37.573414 0.031701 0.755075 0.654872 0.561215 0.941260 1 0 1.000000
  0 3.372874 260.766998 37.453201 0.385723 0.663075 0.641521 0.546157 0.938823 1 0 1.000000
  0 2.157463 261.083038 37.498810 0.031701 0.755075 0.654872 0.561437 0.938860 1 0 1.000000
bollards
  0 2.162120 261.018127 37.573414 0.031701 0.755075 0.654872 0.378340 0.941259 1 0 1.000000
  0 2.157463 261.083038 37.498810 0.031701 0.755075 0.654872 0.378127 0.938859 1 0 1.000000
  0 0.988615 260.694885 37.661854 -0.320231 0.658125 0.681413 0.393440 0.941205 1 0 1.000000
bollards
  0 0.988615 260.694885 37.661854 -0.320231 0.658125 0.681413 0.393440 0.941205 1 0 1.000000
  0 2.157463 261.083038 37.498810 0.031701 0.755075 0.654872 0.378127 0.938859 1 0 1.000000
  0 0.949119 260.750183 37.589878 -0.320231 0.658125 0.681413 0.393407 0.938822 1 0 1.000000
bollards
  0 0.988615 260.694885 37.661854 -0.320231 0.658125 0.681413 0.393440 0.941205 1 0 1.000000
  0 0.949119 260.750183 37.589878 -0.320231 0.658125 0.681413 0.393407 0.938822 1 0 1.000000
  0 0.136413 259.828094 37.770748 -0.575826 0.398200 0.714046 0.408675 0.941219 1 0 1.000000
bollards
  0 0.136413 259.828094 37.770748 -0.575826 0.398200 0.714046 0.408675 0.941219 1 0 1.000000
  0 0.949119 260.750183 37.589878 -0.320231 0.658125 0.681413 0.393407 0.938822 1 0 1.000000
  0 0.071617 259.857666 37.702003 -0.575826 0.398200 0.714046 0.408681 0.938819 1 0 1.000000
bollards
  0 0.136413 259.828094 37.770748 -0.575826 0.398200 0.714046 0.408675 0.941219 1 0 1.000000
  0 0.071617 259.857666 37.702003 -0.575826 0.398200 0.714046 0.408681 0.938819 1 0 1.000000
  0 -0.166140 258.650024 37.870914 -0.666589 0.044874 0.744074 0.423954 0.941219 1 0 1.000000
bollards
  0 -0.166140 258.650024 37.870914 -0.666589 0.044874 0.744074 0.423954 0.941219 1 0 1.000000
  0 0.071617 259.857666 37.702003 -0.575826 0.398200 0.714046 0.408681 0.938819 1 0 1.000000
  0 -0.239917 258.644623 37.805145 -0.666589 0.044874 0.744074 0.423956 0.938818 1 0 1.000000
bollards
  0 -0.166140 258.650024 37.870914 -0.666589 0.044874 0.744074 0.423954 0.941219 1 0 1.000000
  0 -0.239917 258.644623 37.805145 -0.666589 0.044874 0.744074 0.423956 0.938818 1 0 1.000000
  0 0.162026 257.476349 37.935513 -0.568179 -0.307105 0.763452 0.439241 0.941219 1 0 1.000000
bollards
  0 0.162026 257.476349 37.935513 -0.568179 -0.307105 0.763452 0.439241 0.941219 1 0 1.000000
  0 -0.239917 258.644623 37.805145 -0.666589 0.044874 0.744074 0.423956 0.938818 1 0 1.000000
  0 0.097991 257.436096 37.871662 -0.568179 -0.307105 0.763452 0.439231 0.938819 1 0 1.000000
bollards
  0 0.162026 257.476349 37.935513 -0.568179 -0.307105 0.763452 0.439241 0.941219 1 0 1.000000
  0 0.097991 257.436096 37.871662 -0.568179 -0.307105 0.763452 0.439231 0.938819 1 0 1.000000
  0 1.032979 256.621521 37.947235 -0.306970 -0.563489 0.766974 0.454511 0.941220 1 0 1.000000
bollards
  0 1.032979 256.621521 37.947235 -0.306970 -0.563489 0.766974 0.454511 0.941220 1 0 1.000000
  0 0.097991 257.436096 37.871662 -0.568179 -0.307105 0.763452 0.439231 0.938819 1 0 1.000000
  0 0.994800 256.555878 37.883732 -0.306970 -0.563489 0.766974 0.454507 0.938820 1 0 1.000000
bollards
  0 1.032979 256.621521 37.947235 -0.306970 -0.563489 0.766974 0.454511 0.941220 1 0 1.000000
  0 0.994800 256.555878 37.883732 -0.306970 -0.563489 0.766974 0.454507 0.938820 1 0 1.000000
  0 2.213347 256.314606 37.902943 0.047053 -0.655568 0.753669 0.469780 0.941224 1 0 1.000000
bollards
  0 2.213347 256.314606 37.902943 0.047053 -0.655568 0.753669 0.469780 0.941224 1 0 1.000000
  0 0.994800 256.555878 37.883732 -0.306970 -0.563489 0.766974 0.454507 0.938820 1 0 1.000000
  0 2.210211 256.239868 37.838123 0.047053 -0.655568 0.753669 0.469782 0.938822 1 0 1.000000
bollards
  0 2.213347 256.314606 37.902943 0.047053 -0.655568 0.753669 0.469780 0.941224 1 0 1.000000
  0 2.210211 256.239868 37.838123 0.047053 -0.655568 0.753669 0.469782 0.938822 1 0 1.000000
  0 3.386853 256.637848 37.814499 0.398974 -0.558616 0.727164 0.485058 0.941220 1 0 1.000000
bollards
  0 3.386853 256.637848 37.814499 0.398974 -0.558616 0.727164 0.485058 0.941220 1 0 1.000000
  0 2.210211 256.239868 37.838123 0.047053 -0.655568 0.753669 0.469782 0.938822 1 0 1.000000
  0 3.418555 256.572693 37.747055 0.398974 -0.558616 0.727164 0.485057 0.938820 1 0 1.000000
bollards
  0 3.386853 256.637848 37.814499 0.398974 -0.558616 0.727164 0.485058 0.941220 1 0 1.000000
  0 3.418555 256.572693 37.747055 0.398974 -0.558616 0.727164 0.485057 0.938820 1 0 1.000000
  0 4.239056 257.504639 37.705605 0.654564 -0.298649 0.694517 0.500341 0.941220 1 0 1.000000
bollards
  0 4.239056 257.504639 37.705605 0.654564 -0.298649 0.694517 0.500341 0.941220 1 0 1.000000
  0 3.418555 256.572693 37.747055 0.398974 -0.558616 0.727164 0.485057 0.938820 1 0 1.000000
  0 4.296057 257.465210 37.634930 0.654564 -0.298649 0.694517 0.500333 0.938819 1 0 1.000000
bollards
  0 4.239056 257.504639 37.705605 0.654564 -0.298649 0.694517 0.500341 0.941220 1 0 1.000000
  0 4.296057 257.465210 37.634930 0.654564 -0.298649 0.694517 0.500333 0.938819 1 0 1.000000
  0 4.541607 258.682709 37.605442 0.745338 0.054675 0.664441 0.515612 0.941220 1 0 1.000000
bollards
  0 4.541607 258.682709 37.605442 0.745338 0.054675 0.664441 0.515612 0.941220 1 0 1.000000
  0 4.296057 257.465210 37.634930 0.654564 -0.298649 0.694517 0.500333 0.938819 1 0 1.000000
  0 4.607592 258.678253 37.531792 0.745338 0.054675 0.664441 0.515608 0.938819 1 0 1.000000
bollards
  0 -3.623088 510.128815 37.826431 -0.280780 -0.385101 0.879124 0.997622 0.327926 1 0 1.000000
  0 -3.393320 510.554626 38.076439 -0.198612 -0.236458 0.951126 0.991170 0.331355 1 0 1.000000
  0 -4.412189 510.919647 37.773983 -0.453750 -0.234678 0.859672 0.990719 0.303798 1 0 1.000000
bollards
  0 -3.623088 510.128815 37.826431 -0.280780 -0.385101 0.879124 0.997622 0.327926 1 0 1.000000
  0 -2.545157 509.839355 37.898075 -0.062739 -0.452051 0.889783 0.997625 0.355680 1 0 1.000000
  0 -3.393320 510.554626 38.076439 -0.198612 -0.236458 0.951126 0.991170 0.331355 1 0 1.000000
bollards
  0 -3.393320 510.554626 38.076439 -0.198612 -0.236458 0.951126 0.991170 0.331355 1 0 1.000000
  0 -2.545157 509.839355 37.898075 -0.062739 -0.452051 0.889783 0.997625 0.355680 1 0 1.000000
  0 -2.561715 510.331024 38.147209 -0.074685 -0.271316 0.959588 0.991121 0.352187 1 0 1.000000
bollards
  0 -2.545157 509.839355 37.898075 -0.062739 -0.452051 0.889783 0.997625 0.355680 1 0 1.000000
  0 -1.467225 510.128815 37.969719 0.165644 -0.378127 0.910814 0.990682 0.379720 1 0 1.000000
  0 -2.561715 510.331024 38.147209 -0.074685 -0.271316 0.959588 0.991121 0.352187 1 0 1.000000
bollards
  0 -2.545157 514.160583 37.898075 -0.046992 0.333714 0.941502 0.945910 0.327916 1 0 1.000000
  0 -2.487928 513.486633 38.113766 -0.044919 0.238673 0.970060 0.954053 0.334064 1 0 1.000000
  0 -1.467225 513.871094 37.969719 0.105939 0.288180 0.951698 0.945893 0.355549 1 0 1.000000
bollards
  0 -1.467225 513.871094 37.969719 0.105939 0.288180 0.951698 0.945893 0.355549 1 0 1.000000
  0 -2.487928 513.486633 38.113766 -0.044919 0.238673 0.970060 0.954053 0.334064 1 0 1.000000
  0 -1.655298 513.263062 38.169106 0.044986 0.209660 0.976739 0.954067 0.355043 1 0 1.000000
bollards
  0 -1.655298 513.263062 38.169106 0.044986 0.209660 0.976739 0.954067 0.355043 1 0 1.000000
  0 -2.487928 513.486633 38.113766 -0.044919 0.238673 0.970060 0.954053 0.334064 1 0 1.000000
  0 -2.637805 512.185791 38.293480 -0.052621 0.019024 0.998433 0.969762 0.339070 1 0 1.000000
bollards
  0 -1.257911 512.830322 38.222416 0.135211 0.124682 0.982941 0.957933 0.367060 1 0 1.000000
  0 -1.655298 513.263062 38.169106 0.044986 0.209660 0.976739 0.954067 0.355043 1 0 1.000000
  0 -2.637805 512.185791 38.293480 -0.052621 0.019024 0.998433 0.969762 0.339070 1 0 1.000000
bollards
  0 -0.893062 511.999969 38.206841 0.177865 -0.005937 0.984037 0.966464 0.380860 1 0 1.000000
  0 -1.257911 512.830322 38.222416 0.135211 0.124682 0.982941 0.957933 0.367060 1 0 1.000000
  0 -2.637805 512.185791 38.293480 -0.052621 0.019024 0.998433 0.969762 0.339070 1 0 1.000000
bollards
  0 -0.893062 511.999969 38.206841 0.177865 -0.005937 0.984037 0.966464 0.380860 1 0 1.000000
  0 -0.678124 513.080261 38.022163 0.245521 0.186462 0.951289 0.952803 0.379580 1 0 1.000000
  0 -1.257911 512.830322 38.222416 0.135211 0.124682 0.982941 0.957933 0.367060 1 0 1.000000
bollards
  0 -0.389293 511.999969 38.041363 0.305164 0.001739 0.952298 0.964767 0.393422 1 0 1.000000
  0 -0.678124 513.080261 38.022163 0.245521 0.186462 0.951289 0.952803 0.379580 1 0 1.000000
  0 -0.893062 511.999969 38.206841 0.177865 -0.005937 0.984037 0.966464 0.380860 1 0 1.000000
bollards
  0 -1.116165 511.165497 38.192013 0.172965 -0.110142 0.978750 0.976948 0.380865 1 0 1.000000
  0 -0.389293 511.999969 38.041363 0.305164 0.001739 0.952298 0.964767 0.393422 1 0 1.000000
  0 -0.893062 511.999969 38.206841 0.177865 -0.005937 0.984037 0.966464 0.380860 1 0 1.000000
bollards
  0 -0.678124 510.919647 38.022163 0.291482 -0.195005 0.936489 0.978614 0.393465 1 0 1.000000
  0 -0.389293 511.999969 38.041363 0.305164 0.001739 0.952298 0.964767 0.393422 1 0 1.000000
  0 -1.116165 511.165497 38.192013 0.172965 -0.110142 0.978750 0.976948 0.380865 1 0 1.000000
bollards
  0 -0.678124 510.919647 38.022163 0.291482 -0.195005 0.936489 0.978614 0.393465 1 0 1.000000
  0 -1.116165 511.165497 38.192013 0.172965 -0.110142 0.978750 0.976948 0.380865 1 0 1.000000
  0 -1.467225 510.128815 37.969719 0.165644 -0.378127 0.910814 0.990682 0.379720 1 0 1.000000
bollards
  0 -1.467225 510.128815 37.969719 0.165644 -0.378127 0.910814 0.990682 0.379720 1 0 1.000000
  0 -1.116165 511.165497 38.192013 0.172965 -0.110142 0.978750 0.976948 0.380865 1 0 1.000000
  0 -1.730004 510.554626 38.216373 0.082711 -0.216755 0.972716 0.985903 0.370102 1 0 1.000000
bollards
  0 -2.561715 510.331024 38.147209 -0.074685 -0.271316 0.959588 0.991121 0.352187 1 0 1.000000
  0 -1.467225 510.128815 37.969719 0.165644 -0.378127 0.910814 0.990682 0.379720 1 0 1.000000
  0 -1.730004 510.554626 38.216373 0.082711 -0.216755 0.972716 0.985903 0.370102 1 0 1.000000
bollards
  0 -2.561715 510.331024 38.147209 -0.074685 -0.271316 0.959588 0.991121 0.352187 1 0 1.000000
  0 -1.730004 510.554626 38.216373 0.082711 -0.216755 0.972716 0.985903 0.370102 1 0 1.000000
  0 -2.637805 512.185791 38.293480 -0.052621 0.019024 0.998433 0.969762 0.339070 1 0 1.000000
bollards
  0 -3.393320 510.554626 38.076439 -0.198612 -0.236458 0.951126 0.991170 0.331355 1 0 1.000000
  0 -2.561715 510.331024 38.147209 -0.074685 -0.271316 0.959588 0.991121 0.352187 1 0 1.000000
  0 -2.637805 512.185791 38.293480 -0.052621 0.019024 0.998433 0.969762 0.339070 1 0 1.000000
bollards
  0 -4.004107 511.165497 38.054863 -0.294610 -0.151909 0.943466 0.985920 0.313340 1 0 1.000000
  0 -3.393320 510.554626 38.076439 -0.198612 -0.236458 0.951126 0.991170 0.331355 1 0 1.000000
  0 -2.637805 512.185791 38.293480 -0.052621 0.019024 0.998433 0.969762 0.339070 1 0 1.000000
bollards
  0 -4.412189 510.919647 37.773983 -0.453750 -0.234678 0.859672 0.990719 0.303798 1 0 1.000000
  0 -3.393320 510.554626 38.076439 -0.198612 -0.236458 0.951126 0.991170 0.331355 1 0 1.000000
  0 -4.004107 511.165497 38.054863 -0.294610 -0.151909 0.943466 0.985920 0.313340 1 0 1.000000
bollards
  0 -4.412189 510.919647 37.773983 -0.453750 -0.234678 0.859672 0.990719 0.303798 1 0 1.000000
  0 -4.004107 511.165497 38.054863 -0.294610 -0.151909 0.943466 0.985920 0.313340 1 0 1.000000
  0 -4.701020 511.999969 37.754787 -0.533325 -0.000923 0.845910 0.978682 0.289769 1 0 1.000000
bollards
  0 -4.701020 511.999969 37.754787 -0.533325 -0.000923 0.845910 0.978682 0.289769 1 0 1.000000
  0 -4.004107 511.165497 38.054863 -0.294610 -0.151909 0.943466 0.985920 0.313340 1 0 1.000000
  0 -4.228866 511.999969 38.064964 -0.344687 0.001034 0.938717 0.976901 0.303072 1 0 1.000000
bollards
  0 -4.228866 511.999969 38.064964 -0.344687 0.001034 0.938717 0.976901 0.303072 1 0 1.000000
  0 -4.004107 511.165497 38.054863 -0.294610 -0.151909 0.943466 0.985920 0.313340 1 0 1.000000
  0 -2.637805 512.185791 38.293480 -0.052621 0.019024 0.998433 0.969762 0.339070 1 0 1.000000
bollards
  0 -0.678124 513.080261 38.022163 0.245521 0.186462 0.951289 0.952803 0.379580 1 0 1.000000
  0 -1.655298 513.263062 38.169106 0.044986 0.209660 0.976739 0.954067 0.355043 1 0 1.000000
  0 -1.257911 512.830322 38.222416 0.135211 0.124682 0.982941 0.957933 0.367060 1 0 1.000000
bollards
  0 -1.467225 513.871094 37.969719 0.105939 0.288180 0.951698 0.945893 0.355549 1 0 1.000000
  0 -1.655298 513.263062 38.169106 0.044986 0.209660 0.976739 0.954067 0.355043 1 0 1.000000
  0 -0.678124 513.080261 38.022163 0.245521 0.186462 0.951289 0.952803 0.379580 1 0 1.000000
bollards
  0 -1.730004 510.554626 38.216373 0.082711 -0.216755 0.972716 0.985903 0.370102 1 0 1.000000
  0 -1.116165 511.165497 38.192013 0.172965 -0.110142 0.978750 0.976948 0.380865 1 0 1.000000
  0 -2.637805 512.185791 38.293480 -0.052621 0.019024 0.998433 0.969762 0.339070 1 0 1.000000
bollards
  0 -1.116165 511.165497 38.192013 0.172965 -0.110142 0.978750 0.976948 0.380865 1 0 1.000000
  0 -0.893062 511.999969 38.206841 0.177865 -0.005937 0.984037 0.966464 0.380860 1 0 1.000000
  0 -2.637805 512.185791 38.293480 -0.052621 0.019024 0.998433 0.969762 0.339070 1 0 1.000000
bollards
  0 -4.024527 512.835083 38.049473 -0.298212 0.159265 0.941119 0.966596 0.302424 1 0 1.000000
  0 -4.701020 511.999969 37.754787 -0.533325 -0.000923 0.845910 0.978682 0.289769 1 0 1.000000
  0 -4.228866 511.999969 38.064964 -0.344687 0.001034 0.938717 0.976901 0.303072 1 0 1.000000
bollards
  0 -4.024527 512.835083 38.049473 -0.298212 0.159265 0.941119 0.966596 0.302424 1 0 1.000000
  0 -4.228866 511.999969 38.064964 -0.344687 0.001034 0.938717 0.976901 0.303072 1 0 1.000000
  0 -2.637805 512.185791 38.293480 -0.052621 0.019024 0.998433 0.969762 0.339070 1 0 1.000000
bollards
  0 -3.354637 513.474304 38.065880 -0.166600 0.237403 0.957018 0.957012 0.313878 1 0 1.000000
  0 -4.024527 512.835083 38.049473 -0.298212 0.159265 0.941119 0.966596 0.302424 1 0 1.000000
  0 -2.637805 512.185791 38.293480 -0.052621 0.019024 0.998433 0.969762 0.339070 1 0 1.000000
bollards
  0 -2.487928 513.486633 38.113766 -0.044919 0.238673 0.970060 0.954053 0.334064 1 0 1.000000
  0 -3.354637 513.474304 38.065880 -0.166600 0.237403 0.957018 0.957012 0.313878 1 0 1.000000
  0 -2.637805 512.185791 38.293480 -0.052621 0.019024 0.998433 0.969762 0.339070 1 0 1.000000
bollards
  0 -2.545157 514.160583 37.898075 -0.046992 0.333714 0.941502 0.945910 0.327916 1 0 1.000000
  0 -3.354637 513.474304 38.065880 -0.166600 0.237403 0.957018 0.957012 0.313878 1 0 1.000000
  0 -2.487928 513.486633 38.113766 -0.044919 0.238673 0.970060 0.954053 0.334064 1 0 1.000000
bollards
  0 -3.623088 513.871094 37.826431 -0.239898 0.346830 0.906729 0.952780 0.303854 1 0 1.000000
  0 -3.354637 513.474304 38.065880 -0.166600 0.237403 0.957018 0.957012 0.313878 1 0 1.000000
  0 -2.545157 514.160583 37.898075 -0.046992 0.333714 0.941502 0.945910 0.327916 1 0 1.000000
bollards
  0 -3.623088 513.871094 37.826431 -0.239898 0.346830 0.906729 0.952780 0.303854 1 0 1.000000
  0 -4.024527 512.835083 38.049473 -0.298212 0.159265 0.941119 0.966596 0.302424 1 0 1.000000
  0 -3.354637 513.474304 38.065880 -0.166600 0.237403 0.957018 0.957012 0.313878 1 0 1.000000
bollards
  0 -4.412189 513.080261 37.773983 -0.450909 0.233735 0.861423 0.964768 0.289860 1 0 1.000000
  0 -4.024527 512.835083 38.049473 -0.298212 0.159265 0.941119 0.966596 0.302424 1 0 1.000000
  0 -3.623088 513.871094 37.826431 -0.239898 0.346830 0.906729 0.952780 0.303854 1 0 1.000000
bollards
  0 -4.412189 513.080261 37.773983 -0.450909 0.233735 0.861423 0.964768 0.289860 1 0 1.000000
  0 -4.701020 511.999969 37.754787 -0.533325 -0.000923 0.845910 0.978682 0.289769 1 0 1.000000
  0 -4.024527 512.835083 38.049473 -0.298212 0.159265 0.941119 0.966596 0.302424 1 0 1.000000
bollards
  0 2.427664 0.000000 -0.156547 1.000000 0.000000 0.000000 0.894113 0.008193 1 0 1.000000
  0 2.102418 1.213831 -0.156547 0.866025 0.500000 0.000000 0.909397 0.008195 1 0 1.000000
  0 2.427664 -0.000002 38.106251 1.000000 0.000000 0.000000 0.894090 0.938819 1 0 1.000000
bollards
  0 2.427664 -0.000002 38.106251 1.000000 0.000000 0.000000 0.894090 0.938819 1 0 1.000000
  0 2.102418 1.213831 -0.156547 0.866025 0.500000 0.000000 0.909397 0.008195 1 0 1.000000
  0 2.102418 1.213829 38.106251 0.866025 0.500000 0.000000 0.909365 0.938820 1 0 1.000000
bollards
  0 2.102418 1.213831 -0.156547 0.866025 0.500000 0.000000 0.909397 0.008195 1 0 1.000000
  0 1.213832 2.102418 -0.156547 0.500000 0.866025 0.000000 0.924679 0.008198 1 0 1.000000
  0 2.102418 1.213829 38.106251 0.866025 0.500000 0.000000 0.909365 0.938820 1 0 1.000000
bollards
  0 2.102418 1.213829 38.106251 0.866025 0.500000 0.000000 0.909365 0.938820 1 0 1.000000
  0 1.213832 2.102418 -0.156547 0.500000 0.866025 0.000000 0.924679 0.008198 1 0 1.000000
  0 1.213832 2.102416 38.106251 0.500000 0.866025 0.000000 0.924639 0.938823 1 0 1.000000
bollards
  0 1.213832 2.102418 -0.156547 0.500000 0.866025 0.000000 0.924679 0.008198 1 0 1.000000
  0 0.000000 2.427663 -0.156547 0.000000 1.000000 0.000000 0.939962 0.008201 1 0 1.000000
  0 1.213832 2.102416 38.106251 0.500000 0.866025 0.000000 0.924639 0.938823 1 0 1.000000
bollards
  0 1.213832 2.102416 38.106251 0.500000 0.866025 0.000000 0.924639 0.938823 1 0 1.000000
  0 0.000000 2.427663 -0.156547 0.000000 1.000000 0.000000 0.939962 0.008201 1 0 1.000000
  0 0.000000 2.427661 38.106251 0.000000 1.000000 0.000000 0.939919 0.938860 1 0 1.000000
bollards
  0 0.000000 2.427663 -0.156547 0.000000 1.000000 0.000000 0.756569 0.008200 1 0 1.000000
  0 -1.213831 2.102418 -0.156547 -0.500000 0.866025 0.000000 0.771852 0.008197 1 0 1.000000
  0 0.000000 2.427661 38.106251 0.000000 1.000000 0.000000 0.756610 0.938859 1 0 1.000000
bollards
  0 0.000000 2.427661 38.106251 0.000000 1.000000 0.000000 0.756610 0.938859 1 0 1.000000
  0 -1.213831 2.102418 -0.156547 -0.500000 0.866025 0.000000 0.771852 0.008197 1 0 1.000000
  0 -1.213831 2.102416 38.106251 -0.500000 0.866025 0.000000 0.771890 0.938822 1 0 1.000000
bollards
  0 -1.213831 2.102418 -0.156547 -0.500000 0.866025 0.000000 0.771852 0.008197 1 0 1.000000
  0 -2.102418 1.213832 -0.156547 -0.866025 0.500000 0.000000 0.787134 0.008194 1 0 1.000000
  0 -1.213831 2.102416 38.106251 -0.500000 0.866025 0.000000 0.771890 0.938822 1 0 1.000000
bollards
  0 -1.213831 2.102416 38.106251 -0.500000 0.866025 0.000000 0.771890 0.938822 1 0 1.000000
  0 -2.102418 1.213832 -0.156547 -0.866025 0.500000 0.000000 0.787134 0.008194 1 0 1.000000
  0 -2.102418 1.213830 38.106251 -0.866025 0.500000 0.000000 0.787163 0.938819 1 0 1.000000
bollards
  0 -2.102418 1.213832 -0.156547 -0.866025 0.500000 0.000000 0.787134 0.008194 1 0 1.000000
  0 -2.427663 0.000000 -0.156547 -1.000000 0.000000 0.000000 0.802417 0.008193 1 0 1.000000
  0 -2.102418 1.213830 38.106251 -0.866025 0.500000 0.000000 0.787163 0.938819 1 0 1.000000
bollards
  0 -2.102418 1.213830 38.106251 -0.866025 0.500000 0.000000 0.787163 0.938819 1 0 1.000000
  0 -2.427663 0.000000 -0.156547 -1.000000 0.000000 0.000000 0.802417 0.008193 1 0 1.000000
  0 -2.427663 -0.000002 38.106251 -1.000000 0.000000 0.000000 0.802439 0.938818 1 0 1.000000
bollards
  0 -2.427663 0.000000 -0.156547 -1.000000 0.000000 0.000000 0.802417 0.008193 1 0 1.000000
  0 -2.102418 -1.213832 -0.156547 -0.866025 -0.500000 0.000000 0.817700 0.008190 1 0 1.000000
  0 -2.427663 -0.000002 38.106251 -1.000000 0.000000 0.000000 0.802439 0.938818 1 0 1.000000
bollards
  0 -2.427663 -0.000002 38.106251 -1.000000 0.000000 0.000000 0.802439 0.938818 1 0 1.000000
  0 -2.102418 -1.213832 -0.156547 -0.866025 -0.500000 0.000000 0.817700 0.008190 1 0 1.000000
  0 -2.102418 -1.213834 38.106251 -0.866025 -0.500000 0.000000 0.817714 0.938819 1 0 1.000000
bollards
  0 -2.102418 -1.213832 -0.156547 -0.866025 -0.500000 0.000000 0.817700 0.008190 1 0 1.000000
  0 -1.213832 -2.102418 -0.156547 -0.500000 -0.866025 0.000000 0.832983 0.008188 1 0 1.000000
  0 -2.102418 -1.213834 38.106251 -0.866025 -0.500000 0.000000 0.817714 0.938819 1 0 1.000000
bollards
  0 -2.102418 -1.213834 38.106251 -0.866025 -0.500000 0.000000 0.817714 0.938819 1 0 1.000000
  0 -1.213832 -2.102418 -0.156547 -0.500000 -0.866025 0.000000 0.832983 0.008188 1 0 1.000000
  0 -1.213832 -2.102420 38.106251 -0.500000 -0.866025 0.000000 0.832989 0.938820 1 0 1.000000
bollards
  0 -1.213832 -2.102418 -0.156547 -0.500000 -0.866025 0.000000 0.832983 0.008188 1 0 1.000000
  0 0.000000 -2.427663 -0.156547 0.000000 -1.000000 0.000000 0.848265 0.008186 1 0 1.000000
  0 -1.213832 -2.102420 38.106251 -0.500000 -0.866025 0.000000 0.832989 0.938820 1 0 1.000000
bollards
  0 -1.213832 -2.102420 38.106251 -0.500000 -0.866025 0.000000 0.832989 0.938820 1 0 1.000000
  0 0.000000 -2.427663 -0.156547 0.000000 -1.000000 0.000000 0.848265 0.008186 1 0 1.000000
  0 0.000000 -2.427665 38.106251 0.000000 -1.000000 0.000000 0.848264 0.938822 1 0 1.000000
bollards
  0 0.000000 -2.427663 -0.156547 0.000000 -1.000000 0.000000 0.848265 0.008186 1 0 1.000000
  0 1.213832 -2.102418 -0.156547 0.500000 -0.866025 0.000000 0.863548 0.008188 1 0 1.000000
  0 0.000000 -2.427665 38.106251 0.000000 -1.000000 0.000000 0.848264 0.938822 1 0 1.000000
bollards
  0 0.000000 -2.427665 38.106251 0.000000 -1.000000 0.000000 0.848264 0.938822 1 0 1.000000
  0 1.213832 -2.102418 -0.156547 0.500000 -0.866025 0.000000 0.863548 0.008188 1 0 1.000000
  0 1.213832 -2.102420 38.106251 0.500000 -0.866025 0.000000 0.863539 0.938820 1 0 1.000000
bollards
  0 1.213832 -2.102418 -0.156547 0.500000 -0.866025 0.000000 0.863548 0.008188 1 0 1.000000
  0 2.102418 -1.213832 -0.156547 0.866025 -0.500000 0.000000 0.878831 0.008191 1 0 1.000000
  0 1.213832 -2.102420 38.106251 0.500000 -0.866025 0.000000 0.863539 0.938820 1 0 1.000000
bollards
  0 1.213832 -2.102420 38.106251 0.500000 -0.866025 0.000000 0.863539 0.938820 1 0 1.000000
  0 2.102418 -1.213832 -0.156547 0.866025 -0.500000 0.000000 0.878831 0.008191 1 0 1.000000
  0 2.102418 -1.213834 38.106251 0.866025 -0.500000 0.000000 0.878815 0.938819 1 0 1.000000
bollards
  0 2.102418 -1.213832 -0.156547 0.866025 -0.500000 0.000000 0.878831 0.008191 1 0 1.000000
  0 2.427664 0.000000 -0.156547 1.000000 0.000000 0.000000 0.894113 0.008193 1 0 1.000000
  0 2.102418 -1.213834 38.106251 0.866025 -0.500000 0.000000 0.878815 0.938819 1 0 1.000000
bollards
  0 2.102418 -1.213834 38.106251 0.866025 -0.500000 0.000000 0.878815 0.938819 1 0 1.000000
  0 2.427664 0.000000 -0.156547 1.000000 0.000000 0.000000 0.894113 0.008193 1 0 1.000000
  0 2.427664 -0.000002 38.106251 1.000000 0.000000 0.000000 0.894090 0.938819 1 0 1.000000
bollards
  0 2.423496 128.063309 -0.381787 0.999061 0.006613 -0.042818 0.704305 0.008193 1 0 1.000000
  0 2.090597 129.274963 -0.366056 0.861933 0.505718 -0.036338 0.719588 0.008195 1 0 1.000000
  0 4.062157 128.017212 37.845875 0.999061 0.006613 -0.042818 0.704281 0.938819 1 0 1.000000
bollards
  0 4.062157 128.017212 37.845875 0.999061 0.006613 -0.042818 0.704281 0.938819 1 0 1.000000
  0 2.090597 129.274963 -0.366056 0.861933 0.505718 -0.036338 0.719588 0.008195 1 0 1.000000
  0 3.729258 129.228867 37.861607 0.861933 0.505718 -0.036338 0.719556 0.938820 1 0 1.000000
bollards
  0 2.090597 129.274963 -0.366056 0.861933 0.505718 -0.036338 0.719588 0.008195 1 0 1.000000
  0 1.197020 130.157639 -0.326688 0.493853 0.869312 -0.020121 0.734870 0.008198 1 0 1.000000
  0 3.729258 129.228867 37.861607 0.861933 0.505718 -0.036338 0.719556 0.938820 1 0 1.000000
bollards
  0 3.729258 129.228867 37.861607 0.861933 0.505718 -0.036338 0.719556 0.938820 1 0 1.000000
  0 1.197020 130.157639 -0.326688 0.493853 0.869312 -0.020121 0.734870 0.008198 1 0 1.000000
  0 2.835681 130.111557 37.900974 0.493853 0.869312 -0.020121 0.734830 0.938823 1 0 1.000000
bollards
  0 1.197020 130.157639 -0.326688 0.493853 0.869312 -0.020121 0.734870 0.008198 1 0 1.000000
  0 -0.017804 130.474854 -0.274231 -0.006565 0.999977 0.001487 0.750153 0.008201 1 0 1.000000
  0 2.835681 130.111557 37.900974 0.493853 0.869312 -0.020121 0.734830 0.938823 1 0 1.000000
bollards
  0 2.835681 130.111557 37.900974 0.493853 0.869312 -0.020121 0.734830 0.938823 1 0 1.000000
  0 -0.017804 130.474854 -0.274231 -0.006565 0.999977 0.001487 0.750153 0.008201 1 0 1.000000
  0 1.620856 130.428757 37.953430 -0.006565 0.999977 0.001487 0.750110 0.938860 1 0 1.000000
bollards
  0 -0.017804 130.474854 -0.274231 -0.006565 0.999977 0.001487 0.566760 0.008200 1 0 1.000000
  0 -1.228364 130.141586 -0.222741 -0.505219 0.862692 0.022696 0.582043 0.008197 1 0 1.000000
  0 1.620856 130.428757 37.953430 -0.006565 0.999977 0.001487 0.566801 0.938859 1 0 1.000000
bollards
  0 1.620856 130.428757 37.953430 -0.006565 0.999977 0.001487 0.566801 0.938859 1 0 1.000000
  0 -1.228364 130.141586 -0.222741 -0.505219 0.862692 0.022696 0.582043 0.008197 1 0 1.000000
  0 0.410297 130.095490 38.004921 -0.505219 0.862692 0.022696 0.582081 0.938822 1 0 1.000000
bollards
  0 -1.228364 130.141586 -0.222741 -0.505219 0.862692 0.022696 0.582043 0.008197 1 0 1.000000
  0 -2.110290 129.247147 -0.186015 -0.868490 0.494261 0.037825 0.597326 0.008194 1 0 1.000000
  0 0.410297 130.095490 38.004921 -0.505219 0.862692 0.022696 0.582081 0.938822 1 0 1.000000
bollards
  0 0.410297 130.095490 38.004921 -0.505219 0.862692 0.022696 0.582081 0.938822 1 0 1.000000
  0 -2.110290 129.247147 -0.186015 -0.868490 0.494261 0.037825 0.597326 0.008194 1 0 1.000000
  0 -0.471629 129.201050 38.041645 -0.868490 0.494261 0.037825 0.597355 0.938819 1 0 1.000000
bollards
  0 -2.110290 129.247147 -0.186015 -0.868490 0.494261 0.037825 0.597326 0.008194 1 0 1.000000
  0 -2.427270 128.031189 -0.173894 -0.999061 -0.006613 0.042818 0.612608 0.008193 1 0 1.000000
  0 -0.471629 129.201050 38.041645 -0.868490 0.494261 0.037825 0.597355 0.938819 1 0 1.000000
bollards
  0 -0.471629 129.201050 38.041645 -0.868490 0.494261 0.037825 0.597355 0.938819 1 0 1.000000
  0 -2.427270 128.031189 -0.173894 -0.999061 -0.006613 0.042818 0.612608 0.008193 1 0 1.000000
  0 -0.788611 127.985092 38.053768 -0.999061 -0.006613 0.042818 0.612630 0.938818 1 0 1.000000
bollards
  0 -2.427270 128.031189 -0.173894 -0.999061 -0.006613 0.042818 0.612608 0.008193 1 0 1.000000
  0 -2.094373 126.819534 -0.189625 -0.861933 -0.505719 0.036338 0.627891 0.008190 1 0 1.000000
  0 -0.788611 127.985092 38.053768 -0.999061 -0.006613 0.042818 0.612630 0.938818 1 0 1.000000
bollards
  0 -0.788611 127.985092 38.053768 -0.999061 -0.006613 0.042818 0.612630 0.938818 1 0 1.000000
  0 -2.094373 126.819534 -0.189625 -0.861933 -0.505719 0.036338 0.627891 0.008190 1 0 1.000000
  0 -0.455712 126.773445 38.038036 -0.861933 -0.505719 0.036338 0.627905 0.938819 1 0 1.000000
bollards
  0 -2.094373 126.819534 -0.189625 -0.861933 -0.505719 0.036338 0.627891 0.008190 1 0 1.000000
  0 -1.200794 125.936852 -0.228994 -0.493857 -0.869310 0.020121 0.643174 0.008188 1 0 1.000000
  0 -0.455712 126.773445 38.038036 -0.861933 -0.505719 0.036338 0.627905 0.938819 1 0 1.000000
bollards
  0 -0.455712 126.773445 38.038036 -0.861933 -0.505719 0.036338 0.627905 0.938819 1 0 1.000000
  0 -1.200794 125.936852 -0.228994 -0.493857 -0.869310 0.020121 0.643174 0.008188 1 0 1.000000
  0 0.437866 125.890755 37.998669 -0.493857 -0.869310 0.020121 0.643180 0.938820 1 0 1.000000
bollards
  0 -1.200794 125.936852 -0.228994 -0.493857 -0.869310 0.020121 0.643174 0.008188 1 0 1.000000
  0 0.014030 125.619637 -0.281451 0.006555 -0.999977 -0.001487 0.658456 0.008186 1 0 1.000000
  0 0.437866 125.890755 37.998669 -0.493857 -0.869310 0.020121 0.643180 0.938820 1 0 1.000000
bollards
  0 0.437866 125.890755 37.998669 -0.493857 -0.869310 0.020121 0.643180 0.938820 1 0 1.000000
  0 0.014030 125.619637 -0.281451 0.006555 -0.999977 -0.001487 0.658456 0.008186 1 0 1.000000
  0 1.652691 125.573547 37.946213 0.006555 -0.999977 -0.001487 0.658455 0.938822 1 0 1.000000
bollards
  0 0.014030 125.619637 -0.281451 0.006555 -0.999977 -0.001487 0.658456 0.008186 1 0 1.000000
  0 1.224589 125.952904 -0.332940 0.505212 -0.862697 -0.022696 0.673739 0.008188 1 0 1.000000
  0 1.652691 125.573547 37.946213 0.006555 -0.999977 -0.001487 0.658455 0.938822 1 0 1.000000
bollards
  0 1.652691 125.573547 37.946213 0.006555 -0.999977 -0.001487 0.658455 0.938822 1 0 1.000000
  0 1.224589 125.952904 -0.332940 0.505212 -0.862697 -0.022696 0.673739 0.008188 1 0 1.000000
  0 2.863250 125.906807 37.894722 0.505212 -0.862697 -0.022696 0.673731 0.938820 1 0 1.000000
bollards
  0 1.224589 125.952904 -0.332940 0.505212 -0.862697 -0.022696 0.673739 0.008188 1 0 1.000000
  0 2.106515 126.847351 -0.369666 0.868489 -0.494263 -0.037825 0.689022 0.008191 1 0 1.000000
  0 2.863250 125.906807 37.894722 0.505212 -0.862697 -0.022696 0.673731 0.938820 1 0 1.000000
bollards
  0 2.863250 125.906807 37.894722 0.505212 -0.862697 -0.022696 0.673731 0.938820 1 0 1.000000
  0 2.106515 126.847351 -0.369666 0.868489 -0.494263 -0.037825 0.689022 0.008191 1 0 1.000000
  0 3.745177 126.801254 37.857998 0.868489 -0.494263 -0.037825 0.689006 0.938819 1 0 1.000000
bollards
  0 2.106515 126.847351 -0.369666 0.868489 -0.494263 -0.037825 0.689022 0.008191 1 0 1.000000
  0 2.423496 128.063309 -0.381787 0.999061 0.006613 -0.042818 0.704305 0.008193 1 0 1.000000
  0 3.745177 126.801254 37.857998 0.868489 -0.494263 -0.037825 0.689006 0.938819 1 0 1.000000
bollards
  0 3.745177 126.801254 37.857998 0.868489 -0.494263 -0.037825 0.689006 0.938819 1 0 1.000000
  0 2.423496 128.063309 -0.381787 0.999061 0.006613 -0.042818 0.704305 0.008193 1 0 1.000000
  0 4.062157 128.017212 37.845875 0.999061 0.006613 -0.042818 0.704281 0.938819 1 0 1.000000
bollards
  0 2.477319 255.985184 -0.576620 0.998390 0.006925 -0.056299 0.515631 0.008193 1 0 1.000000
  0 2.139410 257.193726 -0.643137 0.859196 0.504754 -0.083700 0.530914 0.008195 1 0 1.000000
  0 4.607592 258.678253 37.531792 0.998390 0.006925 -0.056299 0.515608 0.938819 1 0 1.000000
bollards
  0 4.607592 258.678253 37.531792 0.998390 0.006925 -0.056299 0.515608 0.938819 1 0 1.000000
  0 2.139410 257.193726 -0.643137 0.859196 0.504754 -0.083700 0.530914 0.008195 1 0 1.000000
  0 4.269681 259.886810 37.465275 0.859196 0.504754 -0.083700 0.530883 0.938820 1 0 1.000000
bollards
  0 2.139410 257.193726 -0.643137 0.859196 0.504754 -0.083700 0.530914 0.008195 1 0 1.000000
  0 1.242601 258.073944 -0.655208 0.489783 0.867323 -0.088672 0.546197 0.008198 1 0 1.000000
  0 4.269681 259.886810 37.465275 0.859196 0.504754 -0.083700 0.530883 0.938820 1 0 1.000000
bollards
  0 4.269681 259.886810 37.465275 0.859196 0.504754 -0.083700 0.530883 0.938820 1 0 1.000000
  0 1.242601 258.073944 -0.655208 0.489783 0.867323 -0.088672 0.546197 0.008198 1 0 1.000000
  0 3.372874 260.766998 37.453201 0.489783 0.867323 -0.088672 0.546157 0.938823 1 0 1.000000
bollards
  0 1.242601 258.073944 -0.655208 0.489783 0.867323 -0.088672 0.546197 0.008198 1 0 1.000000
  0 0.027191 258.389954 -0.609599 -0.010870 0.997496 -0.069884 0.561480 0.008201 1 0 1.000000
  0 3.372874 260.766998 37.453201 0.489783 0.867323 -0.088672 0.546157 0.938823 1 0 1.000000
bollards
  0 3.372874 260.766998 37.453201 0.489783 0.867323 -0.088672 0.546157 0.938823 1 0 1.000000
  0 0.027191 258.389954 -0.609599 -0.010870 0.997496 -0.069884 0.561480 0.008201 1 0 1.000000
  0 2.157463 261.083038 37.498810 -0.010870 0.997496 -0.069884 0.561437 0.938860 1 0 1.000000
bollards
  0 0.027191 258.389954 -0.609599 -0.010870 0.997496 -0.069884 0.378087 0.008200 1 0 1.000000
  0 -1.181153 258.057098 -0.518531 -0.508621 0.860382 -0.032371 0.393370 0.008197 1 0 1.000000
  0 2.157463 261.083038 37.498810 -0.010870 0.997496 -0.069884 0.378127 0.938859 1 0 1.000000
bollards
  0 2.157463 261.083038 37.498810 -0.010870 0.997496 -0.069884 0.378127 0.938859 1 0 1.000000
  0 -1.181153 258.057098 -0.518531 -0.508621 0.860382 -0.032371 0.393370 0.008197 1 0 1.000000
  0 0.949119 260.750183 37.589878 -0.508621 0.860382 -0.032371 0.393407 0.938822 1 0 1.000000
bollards
  0 -1.181153 258.057098 -0.518531 -0.508621 0.860382 -0.032371 0.393370 0.008197 1 0 1.000000
  0 -2.058655 257.164581 -0.406405 -0.870064 0.492745 0.013816 0.408652 0.008194 1 0 1.000000
  0 0.949119 260.750183 37.589878 -0.508621 0.860382 -0.032371 0.393407 0.938822 1 0 1.000000
bollards
  0 0.949119 260.750183 37.589878 -0.508621 0.860382 -0.032371 0.393407 0.938822 1 0 1.000000
  0 -2.058655 257.164581 -0.406405 -0.870064 0.492745 0.013816 0.408652 0.008194 1 0 1.000000
  0 0.071617 259.857666 37.702003 -0.870064 0.492745 0.013816 0.408681 0.938819 1 0 1.000000
bollards
  0 -2.058655 257.164581 -0.406405 -0.870064 0.492745 0.013816 0.408652 0.008194 1 0 1.000000
  0 -2.370190 255.951538 -0.303265 -0.998390 -0.006922 0.056300 0.423935 0.008193 1 0 1.000000
  0 0.071617 259.857666 37.702003 -0.870064 0.492745 0.013816 0.408681 0.938819 1 0 1.000000
bollards
  0 0.071617 259.857666 37.702003 -0.870064 0.492745 0.013816 0.408681 0.938819 1 0 1.000000
  0 -2.370190 255.951538 -0.303265 -0.998390 -0.006922 0.056300 0.423935 0.008193 1 0 1.000000
  0 -0.239917 258.644623 37.805145 -0.998390 -0.006922 0.056300 0.423956 0.938818 1 0 1.000000
bollards
  0 -2.370190 255.951538 -0.303265 -0.998390 -0.006922 0.056300 0.423935 0.008193 1 0 1.000000
  0 -2.032281 254.743011 -0.236748 -0.859198 -0.504750 0.083699 0.439218 0.008190 1 0 1.000000
  0 -0.239917 258.644623 37.805145 -0.998390 -0.006922 0.056300 0.423956 0.938818 1 0 1.000000
bollards
  0 -0.239917 258.644623 37.805145 -0.998390 -0.006922 0.056300 0.423956 0.938818 1 0 1.000000
  0 -2.032281 254.743011 -0.236748 -0.859198 -0.504750 0.083699 0.439218 0.008190 1 0 1.000000
  0 0.097991 257.436096 37.871662 -0.859198 -0.504750 0.083699 0.439231 0.938819 1 0 1.000000
bollards
  0 -2.032281 254.743011 -0.236748 -0.859198 -0.504750 0.083699 0.439218 0.008190 1 0 1.000000
  0 -1.135472 253.862808 -0.224677 -0.489781 -0.867324 0.088672 0.454500 0.008188 1 0 1.000000
  0 0.097991 257.436096 37.871662 -0.859198 -0.504750 0.083699 0.439231 0.938819 1 0 1.000000
bollards
  0 0.097991 257.436096 37.871662 -0.859198 -0.504750 0.083699 0.439231 0.938819 1 0 1.000000
  0 -1.135472 253.862808 -0.224677 -0.489781 -0.867324 0.088672 0.454500 0.008188 1 0 1.000000
  0 0.994800 256.555878 37.883732 -0.489781 -0.867324 0.088672 0.454507 0.938820 1 0 1.000000
bollards
  0 -1.135472 253.862808 -0.224677 -0.489781 -0.867324 0.088672 0.454500 0.008188 1 0 1.000000
  0 0.079938 253.546783 -0.270286 0.010870 -0.997496 0.069885 0.469783 0.008186 1 0 1.000000
  0 0.994800 256.555878 37.883732 -0.489781 -0.867324 0.088672 0.454507 0.938820 1 0 1.000000
bollards
  0 0.994800 256.555878 37.883732 -0.489781 -0.867324 0.088672 0.454507 0.938820 1 0 1.000000
  0 0.079938 253.546783 -0.270286 0.010870 -0.997496 0.069885 0.469783 0.008186 1 0 1.000000
  0 2.210211 256.239868 37.838123 0.010870 -0.997496 0.069885 0.469782 0.938822 1 0 1.000000
bollards
  0 0.079938 253.546783 -0.270286 0.010870 -0.997496 0.069885 0.469783 0.008186 1 0 1.000000
  0 1.288282 253.879623 -0.361355 0.508601 -0.860394 0.032372 0.485066 0.008188 1 0 1.000000
  0 2.210211 256.239868 37.838123 0.010870 -0.997496 0.069885 0.469782 0.938822 1 0 1.000000
bollards
  0 2.210211 256.239868 37.838123 0.010870 -0.997496 0.069885 0.469782 0.938822 1 0 1.000000
  0 1.288282 253.879623 -0.361355 0.508601 -0.860394 0.032372 0.485066 0.008188 1 0 1.000000
  0 3.418555 256.572693 37.747055 0.508601 -0.860394 0.032372 0.485057 0.938820 1 0 1.000000
bollards
  0 1.288282 253.879623 -0.361355 0.508601 -0.860394 0.032372 0.485066 0.008188 1 0 1.000000
  0 2.165785 254.772141 -0.473481 0.870059 -0.492753 -0.013815 0.500349 0.008191 1 0 1.000000
  0 3.418555 256.572693 37.747055 0.508601 -0.860394 0.032372 0.485057 0.938820 1 0 1.000000
bollards
  0 3.418555 256.572693 37.747055 0.508601 -0.860394 0.032372 0.485057 0.938820 1 0 1.000000
  0 2.165785 254.772141 -0.473481 0.870059 -0.492753 -0.013815 0.500349 0.008191 1 0 1.000000
  0 4.296057 257.465210 37.634930 0.870059 -0.492753 -0.013815 0.500333 0.938819 1 0 1.000000
bollards
  0 2.165785 254.772141 -0.473481 0.870059 -0.492753 -0.013815 0.500349 0.008191 1 0 1.000000
  0 2.477319 255.985184 -0.576620 0.998390 0.006925 -0.056299 0.515631 0.008193 1 0 1.000000
  0 4.296057 257.465210 37.634930 0.870059 -0.492753 -0.013815 0.500333 0.938819 1 0 1.000000
bollards
  0 4.296057 257.465210 37.634930 0.870059 -0.492753 -0.013815 0.500333 0.938819 1 0 1.000000
  0 2.477319 255.985184 -0.576620 0.998390 0.006925 -0.056299 0.515631 0.008193 1 0 1.000000
  0 4.607592 258.678253 37.531792 0.998390 0.006925 -0.056299 0.515608 0.938819 1 0 1.000000
bollards
  0 -3.459937 382.919678 37.937683 -0.432401 -0.234675 0.870607 0.989742 0.424291 1 0 1.000000
  0 -3.045047 383.165527 38.208405 -0.271239 -0.151910 0.950449 0.984942 0.433833 1 0 1.000000
  0 -3.749153 384.000000 37.925617 -0.512290 -0.000923 0.858812 0.977705 0.410262 1 0 1.000000
bollards
  0 -3.459937 382.919678 37.937683 -0.432401 -0.234675 0.870607 0.989742 0.424291 1 0 1.000000
  0 -2.433915 382.554657 38.214905 -0.175079 -0.236456 0.955738 0.990194 0.451848 1 0 1.000000
  0 -3.045047 383.165527 38.208405 -0.271239 -0.151910 0.950449 0.984942 0.433833 1 0 1.000000
bollards
  0 -2.669782 382.128845 37.970642 -0.259002 -0.385095 0.885788 0.996646 0.448419 1 0 1.000000
  0 -2.433915 382.554657 38.214905 -0.175079 -0.236456 0.955738 0.990194 0.451848 1 0 1.000000
  0 -3.459937 382.919678 37.937683 -0.432401 -0.234675 0.870607 0.989742 0.424291 1 0 1.000000
bollards
  0 -2.669782 382.128845 37.970642 -0.259002 -0.385095 0.885788 0.996646 0.448419 1 0 1.000000
  0 -1.590411 381.839386 38.015667 -0.040766 -0.452046 0.891063 0.996649 0.476173 1 0 1.000000
  0 -2.433915 382.554657 38.214905 -0.175079 -0.236456 0.955738 0.990194 0.451848 1 0 1.000000
bollards
  0 0.068800 384.000000 38.283577 0.202088 -0.005932 0.979349 0.965487 0.501353 1 0 1.000000
  0 -0.295554 384.830322 38.308147 0.159425 0.124671 0.979306 0.956956 0.487553 1 0 1.000000
  0 -1.673273 384.185822 38.413239 -0.027967 0.019022 0.999428 0.968785 0.459563 1 0 1.000000
bollards
  0 -0.295554 384.830322 38.308147 0.159425 0.124671 0.979306 0.956956 0.487553 1 0 1.000000
  0 -0.694135 385.263092 38.264660 0.069074 0.209649 0.975334 0.953090 0.475536 1 0 1.000000
  0 -1.673273 384.185822 38.413239 -0.027967 0.019022 0.999428 0.968785 0.459563 1 0 1.000000
bollards
  0 -0.694135 385.263092 38.264660 0.069074 0.209649 0.975334 0.953090 0.475536 1 0 1.000000
  0 -1.527878 385.486664 38.229881 -0.020978 0.238669 0.970874 0.953076 0.454556 1 0 1.000000
  0 -1.673273 384.185822 38.413239 -0.027967 0.019022 0.999428 0.968785 0.459563 1 0 1.000000
bollards
  0 -0.511039 385.871155 38.060692 0.129386 0.288169 0.948798 0.944916 0.476042 1 0 1.000000
  0 -1.527878 385.486664 38.229881 -0.020978 0.238669 0.970874 0.953076 0.454556 1 0 1.000000
  0 -0.694135 385.263092 38.264660 0.069074 0.209649 0.975334 0.953090 0.475536 1 0 1.000000
bollards
  0 -1.590411 386.160614 38.015667 -0.023761 0.333702 0.942379 0.944933 0.448408 1 0 1.000000
  0 -1.527878 385.486664 38.229881 -0.020978 0.238669 0.970874 0.953076 0.454556 1 0 1.000000
  0 -0.511039 385.871155 38.060692 0.129386 0.288169 0.948798 0.944916 0.476042 1 0 1.000000
bollards
  0 -1.590411 386.160614 38.015667 -0.023761 0.333702 0.942379 0.944933 0.448408 1 0 1.000000
  0 -2.395504 385.474304 38.203396 -0.142924 0.237394 0.960842 0.956035 0.434370 1 0 1.000000
  0 -1.527878 385.486664 38.229881 -0.020978 0.238669 0.970874 0.953076 0.454556 1 0 1.000000
bollards
  0 -2.669782 385.871155 37.970642 -0.217431 0.346814 0.912384 0.951803 0.424347 1 0 1.000000
  0 -2.395504 385.474304 38.203396 -0.142924 0.237394 0.960842 0.956035 0.434370 1 0 1.000000
  0 -1.590411 386.160614 38.015667 -0.023761 0.333702 0.942379 0.944933 0.448408 1 0 1.000000
bollards
  0 -2.669782 385.871155 37.970642 -0.217431 0.346814 0.912384 0.951803 0.424347 1 0 1.000000
  0 -3.065594 384.835114 38.203522 -0.274886 0.159263 0.948195 0.965619 0.422917 1 0 1.000000
  0 -2.395504 385.474304 38.203396 -0.142924 0.237394 0.960842 0.956035 0.434370 1 0 1.000000
bollards
  0 -3.459937 385.080322 37.937683 -0.429493 0.233731 0.872299 0.963791 0.410353 1 0 1.000000
  0 -3.065594 384.835114 38.203522 -0.274886 0.159263 0.948195 0.965619 0.422917 1 0 1.000000
  0 -2.669782 385.871155 37.970642 -0.217431 0.346814 0.912384 0.951803 0.424347 1 0 1.000000
bollards
  0 -3.459937 385.080322 37.937683 -0.429493 0.233731 0.872299 0.963791 0.410353 1 0 1.000000
  0 -3.749153 384.000000 37.925617 -0.512290 -0.000923 0.858812 0.977705 0.410262 1 0 1.000000
  0 -3.065594 384.835114 38.203522 -0.274886 0.159263 0.948195 0.965619 0.422917 1 0 1.000000
bollards
  0 -3.065594 384.835114 38.203522 -0.274886 0.159263 0.948195 0.965619 0.422917 1 0 1.000000
  0 -3.749153 384.000000 37.925617 -0.512290 -0.000923 0.858812 0.977705 0.410262 1 0 1.000000
  0 -3.269489 384.000000 38.224052 -0.321421 0.001036 0.946936 0.975924 0.423565 1 0 1.000000
bollards
  0 -3.749153 384.000000 37.925617 -0.512290 -0.000923 0.858812 0.977705 0.410262 1 0 1.000000
  0 -3.045047 383.165527 38.208405 -0.271239 -0.151910 0.950449 0.984942 0.433833 1 0 1.000000
  0 -3.269489 384.000000 38.224052 -0.321421 0.001036 0.946936 0.975924 0.423565 1 0 1.000000
bollards
  0 -3.269489 384.000000 38.224052 -0.321421 0.001036 0.946936 0.975924 0.423565 1 0 1.000000
  0 -3.045047 383.165527 38.208405 -0.271239 -0.151910 0.950449 0.984942 0.433833 1 0 1.000000
  0 -1.673273 384.185822 38.413239 -0.027967 0.019022 0.999428 0.968785 0.459563 1 0 1.000000
bollards
  0 -3.045047 383.165527 38.208405 -0.271239 -0.151910 0.950449 0.984942 0.433833 1 0 1.000000
  0 -2.433915 382.554657 38.214905 -0.175079 -0.236456 0.955738 0.990194 0.451848 1 0 1.000000
  0 -1.673273 384.185822 38.413239 -0.027967 0.019022 0.999428 0.968785 0.459563 1 0 1.000000
bollards
  0 -2.433915 382.554657 38.214905 -0.175079 -0.236456 0.955738 0.990194 0.451848 1 0 1.000000
  0 -1.600817 382.331055 38.265133 -0.050984 -0.271313 0.961140 0.990144 0.472680 1 0 1.000000
  0 -1.673273 384.185822 38.413239 -0.027967 0.019022 0.999428 0.968785 0.459563 1 0 1.000000
bollards
  0 -2.433915 382.554657 38.214905 -0.175079 -0.236456 0.955738 0.990194 0.451848 1 0 1.000000
  0 -1.590411 381.839386 38.015667 -0.040766 -0.452046 0.891063 0.996649 0.476173 1 0 1.000000
  0 -1.600817 382.331055 38.265133 -0.050984 -0.271313 0.961140 0.990144 0.472680 1 0 1.000000
bollards
  0 -1.590411 381.839386 38.015667 -0.040766 -0.452046 0.891063 0.996649 0.476173 1 0 1.000000
  0 -0.511039 382.128845 38.060692 0.188083 -0.378127 0.906446 0.989705 0.500212 1 0 1.000000
  0 -1.600817 382.331055 38.265133 -0.050984 -0.271313 0.961140 0.990144 0.472680 1 0 1.000000
bollards
  0 -1.600817 382.331055 38.265133 -0.050984 -0.271313 0.961140 0.990144 0.472680 1 0 1.000000
  0 -0.511039 382.128845 38.060692 0.188083 -0.378127 0.906446 0.989705 0.500212 1 0 1.000000
  0 -0.767652 382.554657 38.313755 0.106694 -0.216757 0.970378 0.984926 0.490595 1 0 1.000000
bollards
  0 -3.065594 384.835114 38.203522 -0.274886 0.159263 0.948195 0.965619 0.422917 1 0 1.000000
  0 -3.269489 384.000000 38.224052 -0.321421 0.001036 0.946936 0.975924 0.423565 1 0 1.000000
  0 -1.673273 384.185822 38.413239 -0.027967 0.019022 0.999428 0.968785 0.459563 1 0 1.000000
bollards
  0 -2.395504 385.474304 38.203396 -0.142924 0.237394 0.960842 0.956035 0.434370 1 0 1.000000
  0 -3.065594 384.835114 38.203522 -0.274886 0.159263 0.948195 0.965619 0.422917 1 0 1.000000
  0 -1.673273 384.185822 38.413239 -0.027967 0.019022 0.999428 0.968785 0.459563 1 0 1.000000
bollards
  0 -1.527878 385.486664 38.229881 -0.020978 0.238669 0.970874 0.953076 0.454556 1 0 1.000000
  0 -2.395504 385.474304 38.203396 -0.142924 0.237394 0.960842 0.956035 0.434370 1 0 1.000000
  0 -1.673273 384.185822 38.413239 -0.027967 0.019022 0.999428 0.968785 0.459563 1 0 1.000000
bollards
  0 -1.600817 382.331055 38.265133 -0.050984 -0.271313 0.961140 0.990144 0.472680 1 0 1.000000
  0 -0.767652 382.554657 38.313755 0.106694 -0.216757 0.970378 0.984926 0.490595 1 0 1.000000
  0 -1.673273 384.185822 38.413239 -0.027967 0.019022 0.999428 0.968785 0.459563 1 0 1.000000
bollards
  0 -0.511039 382.128845 38.060692 0.188083 -0.378127 0.906446 0.989705 0.500212 1 0 1.000000
  0 -0.154601 383.165527 38.274258 0.197072 -0.110141 0.974182 0.975971 0.501357 1 0 1.000000
  0 -0.767652 382.554657 38.313755 0.106694 -0.216757 0.970378 0.984926 0.490595 1 0 1.000000
bollards
  0 -0.767652 382.554657 38.313755 0.106694 -0.216757 0.970378 0.984926 0.490595 1 0 1.000000
  0 -0.154601 383.165527 38.274258 0.197072 -0.110141 0.974182 0.975971 0.501357 1 0 1.000000
  0 -1.673273 384.185822 38.413239 -0.027967 0.019022 0.999428 0.968785 0.459563 1 0 1.000000
bollards
  0 -0.154601 383.165527 38.274258 0.197072 -0.110141 0.974182 0.975971 0.501357 1 0 1.000000
  0 0.068800 384.000000 38.283577 0.202088 -0.005932 0.979349 0.965487 0.501353 1 0 1.000000
  0 -1.673273 384.185822 38.413239 -0.027967 0.019022 0.999428 0.968785 0.459563 1 0 1.000000
bollards
  0 -0.154601 383.165527 38.274258 0.197072 -0.110141 0.974182 0.975971 0.501357 1 0 1.000000
  0 0.568332 384.000000 38.105717 0.328563 0.001744 0.944480 0.963790 0.513915 1 0 1.000000
  0 0.068800 384.000000 38.283577 0.202088 -0.005932 0.979349 0.965487 0.501353 1 0 1.000000
bollards
  0 0.568332 384.000000 38.105717 0.328563 0.001744 0.944480 0.963790 0.513915 1 0 1.000000
  0 0.279115 385.080322 38.093651 0.268919 0.186452 0.944943 0.951826 0.500073 1 0 1.000000
  0 0.068800 384.000000 38.283577 0.202088 -0.005932 0.979349 0.965487 0.501353 1 0 1.000000
bollards
  0 0.068800 384.000000 38.283577 0.202088 -0.005932 0.979349 0.965487 0.501353 1 0 1.000000
  0 0.279115 385.080322 38.093651 0.268919 0.186452 0.944943 0.951826 0.500073 1 0 1.000000
  0 -0.295554 384.830322 38.308147 0.159425 0.124671 0.979306 0.956956 0.487553 1 0 1.000000
bollards
  0 0.279115 385.080322 38.093651 0.268919 0.186452 0.944943 0.951826 0.500073 1 0 1.000000
  0 -0.694135 385.263092 38.264660 0.069074 0.209649 0.975334 0.953090 0.475536 1 0 1.000000
  0 -0.295554 384.830322 38.308147 0.159425 0.124671 0.979306 0.956956 0.487553 1 0 1.000000
bollards
  0 -0.511039 385.871155 38.060692 0.129386 0.288169 0.948798 0.944916 0.476042 1 0 1.000000
  0 -0.694135 385.263092 38.264660 0.069074 0.209649 0.975334 0.953090 0.475536 1 0 1.000000
  0 0.279115 385.080322 38.093651 0.268919 0.186452 0.944943 0.951826 0.500073 1 0 1.000000
bollards
  0 0.279116 382.919678 38.093651 0.314521 -0.195003 0.929005 0.977637 0.513958 1 0 1.000000
  0 -0.154601 383.165527 38.274258 0.197072 -0.110141 0.974182 0.975971 0.501357 1 0 1.000000
  0 -0.511039 382.128845 38.060692 0.188083 -0.378127 0.906446 0.989705 0.500212 1 0 1.000000
bollards
  0 0.279116 382.919678 38.093651 0.314521 -0.195003 0.929005 0.977637 0.513958 1 0 1.000000
  0 0.568332 384.000000 38.105717 0.328563 0.001744 0.944480 0.963790 0.513915 1 0 1.000000
  0 -0.154601 383.165527 38.274258 0.197072 -0.110141 0.974182 0.975971 0.501357 1 0 1.000000
bollards
  0 2.357671 -0.000002 38.176243 0.000000 0.000001 1.000000 0.894094 0.941220 1 0 1.000000
  0 2.041802 1.178833 38.176243 0.000000 -0.000003 1.000000 0.909360 0.941220 1 0 1.000000
  0 2.160620 -0.000002 38.176243 0.000000 0.000001 1.000000 0.894096 0.945944 1 0 1.000000
bollards
  0 2.160620 -0.000002 38.176243 0.000000 0.000001 1.000000 0.894096 0.945944 1 0 1.000000
  0 2.041802 1.178833 38.176243 0.000000 -0.000003 1.000000 0.909360 0.941220 1 0 1.000000
  0 1.871152 1.080308 38.176243 0.000000 -0.000003 1.000000 0.909357 0.945930 1 0 1.000000
bollards
  0 2.041802 1.178833 38.176243 0.000000 -0.000003 1.000000 0.909360 0.941220 1 0 1.000000
  0 1.178835 2.041800 38.176243 0.000000 -0.000006 1.000000 0.924609 0.941207 1 0 1.000000
  0 1.871152 1.080308 38.176243 0.000000 -0.000003 1.000000 0.909357 0.945930 1 0 1.000000
bollards
  0 1.871152 1.080308 38.176243 0.000000 -0.000003 1.000000 0.909357 0.945930 1 0 1.000000
  0 1.178835 2.041800 38.176243 0.000000 -0.000006 1.000000 0.924609 0.941207 1 0 1.000000
  0 1.080310 1.871150 38.176243 0.000000 -0.000006 1.000000 0.924595 0.945917 1 0 1.000000
bollards
  0 1.178835 2.041800 38.176243 0.000000 -0.000006 1.000000 0.924609 0.941207 1 0 1.000000
  0 0.000000 2.357668 38.176243 0.000000 -0.000011 1.000000 0.939697 0.941260 1 0 1.000000
  0 1.080310 1.871150 38.176243 0.000000 -0.000006 1.000000 0.924595 0.945917 1 0 1.000000
bollards
  0 1.080310 1.871150 38.176243 0.000000 -0.000006 1.000000 0.924595 0.945917 1 0 1.000000
  0 0.000000 2.357668 38.176243 0.000000 -0.000011 1.000000 0.939697 0.941260 1 0 1.000000
  0 0.000000 2.160618 38.176243 0.000000 -0.000011 1.000000 0.939073 0.945970 1 0 1.000000
bollards
  0 0.000000 2.357668 38.176243 0.000000 -0.000011 1.000000 0.756822 0.941259 1 0 1.000000
  0 -1.178835 2.041800 38.176243 0.000000 -0.000011 1.000000 0.771922 0.941205 1 0 1.000000
  0 0.000000 2.160618 38.176243 0.000000 -0.000011 1.000000 0.757437 0.945970 1 0 1.000000
bollards
  0 0.000000 2.160618 38.176243 0.000000 -0.000011 1.000000 0.757437 0.945970 1 0 1.000000
  0 -1.178835 2.041800 38.176243 0.000000 -0.000011 1.000000 0.771922 0.941205 1 0 1.000000
  0 -1.080310 1.871150 38.176243 0.000000 -0.000011 1.000000 0.771938 0.945925 1 0 1.000000
bollards
  0 -1.178835 2.041800 38.176243 0.000000 -0.000011 1.000000 0.771922 0.941205 1 0 1.000000
  0 -2.041802 1.178833 38.176243 0.000000 -0.000005 1.000000 0.787157 0.941219 1 0 1.000000
  0 -1.080310 1.871150 38.176243 0.000000 -0.000011 1.000000 0.771938 0.945925 1 0 1.000000
bollards
  0 -1.080310 1.871150 38.176243 0.000000 -0.000011 1.000000 0.771938 0.945925 1 0 1.000000
  0 -2.041802 1.178833 38.176243 0.000000 -0.000005 1.000000 0.787157 0.941219 1 0 1.000000
  0 -1.871152 1.080308 38.176243 0.000000 -0.000005 1.000000 0.787152 0.945949 1 0 1.000000
bollards
  0 -2.041802 1.178833 38.176243 0.000000 -0.000005 1.000000 0.787157 0.941219 1 0 1.000000
  0 -2.357670 -0.000002 38.176243 0.000000 -0.000001 1.000000 0.802437 0.941219 1 0 1.000000
  0 -1.871152 1.080308 38.176243 0.000000 -0.000005 1.000000 0.787152 0.945949 1 0 1.000000
bollards
  0 -1.871152 1.080308 38.176243 0.000000 -0.000005 1.000000 0.787152 0.945949 1 0 1.000000
  0 -2.357670 -0.000002 38.176243 0.000000 -0.000001 1.000000 0.802437 0.941219 1 0 1.000000
  0 -2.160620 -0.000002 38.176243 0.000000 -0.000001 1.000000 0.802435 0.945967 1 0 1.000000
bollards
  0 -2.357670 -0.000002 38.176243 0.000000 -0.000001 1.000000 0.802437 0.941219 1 0 1.000000
  0 -2.041802 -1.178837 38.176243 0.000000 0.000003 1.000000 0.817723 0.941219 1 0 1.000000
  0 -2.160620 -0.000002 38.176243 0.000000 -0.000001 1.000000 0.802435 0.945967 1 0 1.000000
bollards
  0 -2.160620 -0.000002 38.176243 0.000000 -0.000001 1.000000 0.802435 0.945967 1 0 1.000000
  0 -2.041802 -1.178837 38.176243 0.000000 0.000003 1.000000 0.817723 0.941219 1 0 1.000000
  0 -1.871152 -1.080312 38.176243 0.000000 0.000003 1.000000 0.817728 0.945956 1 0 1.000000
bollards
  0 -2.041802 -1.178837 38.176243 0.000000 0.000003 1.000000 0.817723 0.941219 1 0 1.000000
  0 -1.178835 -2.041804 38.176243 0.000000 -0.000002 1.000000 0.832993 0.941220 1 0 1.000000
  0 -1.871152 -1.080312 38.176243 0.000000 0.000003 1.000000 0.817728 0.945956 1 0 1.000000
bollards
  0 -1.871152 -1.080312 38.176243 0.000000 0.000003 1.000000 0.817728 0.945956 1 0 1.000000
  0 -1.178835 -2.041804 38.176243 0.000000 -0.000002 1.000000 0.832993 0.941220 1 0 1.000000
  0 -1.080310 -1.871154 38.176243 0.000000 -0.000002 1.000000 0.832996 0.945951 1 0 1.000000
bollards
  0 -1.178835 -2.041804 38.176243 0.000000 -0.000002 1.000000 0.832993 0.941220 1 0 1.000000
  0 0.000000 -2.357672 38.176243 0.000000 0.000011 1.000000 0.848263 0.941224 1 0 1.000000
  0 -1.080310 -1.871154 38.176243 0.000000 -0.000002 1.000000 0.832996 0.945951 1 0 1.000000
bollards
  0 -1.080310 -1.871154 38.176243 0.000000 -0.000002 1.000000 0.832996 0.945951 1 0 1.000000
  0 0.000000 -2.357672 38.176243 0.000000 0.000011 1.000000 0.848263 0.941224 1 0 1.000000
  0 0.000000 -2.160622 38.176243 0.000000 0.000011 1.000000 0.848261 0.945948 1 0 1.000000
bollards
  0 0.000000 -2.357672 38.176243 0.000000 0.000011 1.000000 0.848263 0.941224 1 0 1.000000
  0 1.178835 -2.041805 38.176243 0.000000 0.000012 1.000000 0.863540 0.941220 1 0 1.000000
  0 0.000000 -2.160622 38.176243 0.000000 0.000011 1.000000 0.848261 0.945948 1 0 1.000000
bollards
  0 0.000000 -2.160622 38.176243 0.000000 0.000011 1.000000 0.848261 0.945948 1 0 1.000000
  0 1.178835 -2.041805 38.176243 0.000000 0.000012 1.000000 0.863540 0.941220 1 0 1.000000
  0 1.080310 -1.871154 38.176243 0.000000 0.000012 1.000000 0.863540 0.945942 1 0 1.000000
bollards
  0 1.178835 -2.041805 38.176243 0.000000 0.000012 1.000000 0.863540 0.941220 1 0 1.000000
  0 2.041803 -1.178837 38.176243 0.000000 -0.000004 1.000000 0.878823 0.941220 1 0 1.000000
  0 1.080310 -1.871154 38.176243 0.000000 0.000012 1.000000 0.863540 0.945942 1 0 1.000000
bollards
  0 1.080310 -1.871154 38.176243 0.000000 0.000012 1.000000 0.863540 0.945942 1 0 1.000000
  0 2.041803 -1.178837 38.176243 0.000000 -0.000004 1.000000 0.878823 0.941220 1 0 1.000000
  0 1.871152 -1.080312 38.176243 0.000000 -0.000004 1.000000 0.878828 0.945943 1 0 1.000000
bollards
  0 2.041803 -1.178837 38.176243 0.000000 -0.000004 1.000000 0.878823 0.941220 1 0 1.000000
  0 2.357671 -0.000002 38.176243 0.000000 0.000001 1.000000 0.894094 0.941220 1 0 1.000000
  0 1.871152 -1.080312 38.176243 0.000000 -0.000004 1.000000 0.878828 0.945943 1 0 1.000000
bollards
  0 1.871152 -1.080312 38.176243 0.000000 -0.000004 1.000000 0.878828 0.945943 1 0 1.000000
  0 2.357671 -0.000002 38.176243 0.000000 0.000001 1.000000 0.894094 0.941220 1 0 1.000000
  0 2.160620 -0.000002 38.176243 0.000000 0.000001 1.000000 0.894096 0.945944 1 0 1.000000
bollards
  0 3.995228 128.016663 37.918800 0.042829 -0.001205 0.999082 0.704285 0.941220 1 0 1.000000
  0 3.671926 129.193375 37.934078 0.042829 -0.001199 0.999082 0.719551 0.941220 1 0 1.000000
  0 3.798362 128.015366 37.927238 0.042829 -0.001205 0.999082 0.704287 0.945944 1 0 1.000000
bollards
  0 3.798362 128.015366 37.927238 0.042829 -0.001205 0.999082 0.704287 0.945944 1 0 1.000000
  0 3.671926 129.193375 37.934078 0.042829 -0.001199 0.999082 0.719551 0.941220 1 0 1.000000
  0 3.502082 129.093735 37.941238 0.042829 -0.001199 0.999082 0.719548 0.945930 1 0 1.000000
bollards
  0 3.671926 129.193375 37.934078 0.042829 -0.001199 0.999082 0.719551 0.941220 1 0 1.000000
  0 2.804112 130.050613 37.972309 0.042829 -0.001202 0.999082 0.734800 0.941207 1 0 1.000000
  0 3.502082 129.093735 37.941238 0.042829 -0.001199 0.999082 0.719548 0.945930 1 0 1.000000
bollards
  0 3.502082 129.093735 37.941238 0.042829 -0.001199 0.999082 0.719548 0.945930 1 0 1.000000
  0 2.804112 130.050613 37.972309 0.042829 -0.001202 0.999082 0.734800 0.941207 1 0 1.000000
  0 2.706798 129.879318 37.976276 0.042829 -0.001202 0.999082 0.734786 0.945917 1 0 1.000000
bollards
  0 2.804112 130.050613 37.972309 0.042829 -0.001202 0.999082 0.734800 0.941207 1 0 1.000000
  0 1.624313 130.358688 38.023254 0.042829 -0.001214 0.999082 0.749889 0.941260 1 0 1.000000
  0 2.706798 129.879318 37.976276 0.042829 -0.001202 0.999082 0.734786 0.945917 1 0 1.000000
bollards
  0 2.706798 129.879318 37.976276 0.042829 -0.001202 0.999082 0.734786 0.945917 1 0 1.000000
  0 1.624313 130.358688 38.023254 0.042829 -0.001214 0.999082 0.749889 0.941260 1 0 1.000000
  0 1.625605 130.161636 38.022961 0.042829 -0.001214 0.999082 0.749264 0.945970 1 0 1.000000
bollards
  0 1.624313 130.358688 38.023254 0.042829 -0.001214 0.999082 0.567013 0.941259 1 0 1.000000
  0 0.448656 130.035034 38.073261 0.042832 -0.001210 0.999081 0.582113 0.941205 1 0 1.000000
  0 1.625605 130.161636 38.022961 0.042829 -0.001214 0.999082 0.567628 0.945970 1 0 1.000000
bollards
  0 1.625605 130.161636 38.022961 0.042829 -0.001214 0.999082 0.567628 0.945970 1 0 1.000000
  0 0.448656 130.035034 38.073261 0.042832 -0.001210 0.999081 0.582113 0.941205 1 0 1.000000
  0 0.548207 129.865036 38.068787 0.042832 -0.001210 0.999081 0.582129 0.945925 1 0 1.000000
bollards
  0 0.448656 130.035034 38.073261 0.042832 -0.001210 0.999081 0.582113 0.941205 1 0 1.000000
  0 -0.407843 129.166367 38.108929 0.042832 -0.001205 0.999081 0.597348 0.941219 1 0 1.000000
  0 0.548207 129.865036 38.068787 0.042832 -0.001210 0.999081 0.582129 0.945925 1 0 1.000000
bollards
  0 0.548207 129.865036 38.068787 0.042832 -0.001210 0.999081 0.582129 0.945925 1 0 1.000000
  0 -0.407843 129.166367 38.108929 0.042832 -0.001205 0.999081 0.597348 0.941219 1 0 1.000000
  0 -0.236707 129.068985 38.101475 0.042832 -0.001205 0.999081 0.597344 0.945949 1 0 1.000000
bollards
  0 -0.407843 129.166367 38.108929 0.042832 -0.001205 0.999081 0.597348 0.941219 1 0 1.000000
  0 -0.715686 127.985474 38.120701 0.042829 -0.001206 0.999082 0.612628 0.941219 1 0 1.000000
  0 -0.236707 129.068985 38.101475 0.042832 -0.001205 0.999081 0.597344 0.945949 1 0 1.000000
bollards
  0 -0.236707 129.068985 38.101475 0.042832 -0.001205 0.999081 0.597344 0.945949 1 0 1.000000
  0 -0.715686 127.985474 38.120701 0.042829 -0.001206 0.999082 0.612628 0.941219 1 0 1.000000
  0 -0.518821 127.986778 38.112263 0.042829 -0.001206 0.999082 0.612626 0.945967 1 0 1.000000
bollards
  0 -0.715686 127.985474 38.120701 0.042829 -0.001206 0.999082 0.612628 0.941219 1 0 1.000000
  0 -0.392385 126.808754 38.105423 0.042826 -0.001211 0.999082 0.627914 0.941219 1 0 1.000000
  0 -0.518821 127.986778 38.112263 0.042829 -0.001206 0.999082 0.612626 0.945967 1 0 1.000000
bollards
  0 -0.518821 127.986778 38.112263 0.042829 -0.001206 0.999082 0.612626 0.945967 1 0 1.000000
  0 -0.392385 126.808754 38.105423 0.042826 -0.001211 0.999082 0.627914 0.941219 1 0 1.000000
  0 -0.222541 126.908409 38.098263 0.042826 -0.001211 0.999082 0.627919 0.945956 1 0 1.000000
bollards
  0 -0.392385 126.808754 38.105423 0.042826 -0.001211 0.999082 0.627914 0.941219 1 0 1.000000
  0 0.475429 125.951515 38.067188 0.042825 -0.001216 0.999082 0.643185 0.941220 1 0 1.000000
  0 -0.222541 126.908409 38.098263 0.042826 -0.001211 0.999082 0.627919 0.945956 1 0 1.000000
bollards
  0 -0.222541 126.908409 38.098263 0.042826 -0.001211 0.999082 0.627919 0.945956 1 0 1.000000
  0 0.475429 125.951515 38.067188 0.042825 -0.001216 0.999082 0.643185 0.941220 1 0 1.000000
  0 0.572744 126.122810 38.063225 0.042825 -0.001216 0.999082 0.643187 0.945951 1 0 1.000000
bollards
  0 0.475429 125.951515 38.067188 0.042825 -0.001216 0.999082 0.643185 0.941220 1 0 1.000000
  0 1.655230 125.643448 38.016243 0.042826 -0.001210 0.999082 0.658454 0.941224 1 0 1.000000
  0 0.572744 126.122810 38.063225 0.042825 -0.001216 0.999082 0.643187 0.945951 1 0 1.000000
bollards
  0 0.572744 126.122810 38.063225 0.042825 -0.001216 0.999082 0.643187 0.945951 1 0 1.000000
  0 1.655230 125.643448 38.016243 0.042826 -0.001210 0.999082 0.658454 0.941224 1 0 1.000000
  0 1.653937 125.840500 38.016537 0.042826 -0.001210 0.999082 0.658452 0.945948 1 0 1.000000
bollards
  0 1.655230 125.643448 38.016243 0.042826 -0.001210 0.999082 0.658454 0.941224 1 0 1.000000
  0 2.830887 125.967110 37.966240 0.042826 -0.001202 0.999082 0.673731 0.941220 1 0 1.000000
  0 1.653937 125.840500 38.016537 0.042826 -0.001210 0.999082 0.658452 0.945948 1 0 1.000000
bollards
  0 1.653937 125.840500 38.016537 0.042826 -0.001210 0.999082 0.658452 0.945948 1 0 1.000000
  0 2.830887 125.967110 37.966240 0.042826 -0.001202 0.999082 0.673731 0.941220 1 0 1.000000
  0 2.731334 126.137100 37.970711 0.042826 -0.001202 0.999082 0.673731 0.945942 1 0 1.000000
bollards
  0 2.830887 125.967110 37.966240 0.042826 -0.001202 0.999082 0.673731 0.941220 1 0 1.000000
  0 3.687386 126.835762 37.930573 0.042828 -0.001201 0.999082 0.689014 0.941220 1 0 1.000000
  0 2.731334 126.137100 37.970711 0.042826 -0.001202 0.999082 0.673731 0.945942 1 0 1.000000
bollards
  0 2.731334 126.137100 37.970711 0.042826 -0.001202 0.999082 0.673731 0.945942 1 0 1.000000
  0 3.687386 126.835762 37.930573 0.042828 -0.001201 0.999082 0.689014 0.941220 1 0 1.000000
  0 3.516249 126.933159 37.938026 0.042828 -0.001201 0.999082 0.689019 0.945943 1 0 1.000000
bollards
  0 3.687386 126.835762 37.930573 0.042828 -0.001201 0.999082 0.689014 0.941220 1 0 1.000000
  0 3.995228 128.016663 37.918800 0.042829 -0.001205 0.999082 0.704285 0.941220 1 0 1.000000
  0 3.516249 126.933159 37.938026 0.042828 -0.001201 0.999082 0.689019 0.945943 1 0 1.000000
bollards
  0 3.516249 126.933159 37.938026 0.042828 -0.001201 0.999082 0.689019 0.945943 1 0 1.000000
  0 3.995228 128.016663 37.918800 0.042829 -0.001205 0.999082 0.704285 0.941220 1 0 1.000000
  0 3.798362 128.015366 37.927238 0.042829 -0.001205 0.999082 0.704287 0.945944 1 0 1.000000
bollards
  0 4.541607 258.682709 37.605442 0.055672 0.070380 0.995965 0.515612 0.941220 1 0 1.000000
  0 4.213440 259.856415 37.540840 0.055678 0.070390 0.995964 0.530877 0.941220 1 0 1.000000
  0 4.344874 258.681335 37.616535 0.055672 0.070380 0.995965 0.515614 0.945944 1 0 1.000000
bollards
  0 4.344874 258.681335 37.616535 0.055672 0.070380 0.995965 0.515614 0.945944 1 0 1.000000
  0 4.213440 259.856415 37.540840 0.055678 0.070390 0.995964 0.530877 0.941220 1 0 1.000000
  0 4.044136 259.756958 37.557335 0.055678 0.070390 0.995964 0.530874 0.945930 1 0 1.000000
bollards
  0 4.213440 259.856415 37.540840 0.055678 0.070390 0.995964 0.530877 0.941220 1 0 1.000000
  0 3.342489 260.711243 37.529118 0.055674 0.070395 0.995964 0.546127 0.941207 1 0 1.000000
  0 4.044136 259.756958 37.557335 0.055678 0.070390 0.995964 0.530874 0.945930 1 0 1.000000
bollards
  0 4.044136 259.756958 37.557335 0.055678 0.070390 0.995964 0.530874 0.945930 1 0 1.000000
  0 3.342489 260.711243 37.529118 0.055674 0.070395 0.995964 0.546127 0.941207 1 0 1.000000
  0 3.245975 260.540314 37.546593 0.055674 0.070395 0.995964 0.546113 0.945917 1 0 1.000000
bollards
  0 3.342489 260.711243 37.529118 0.055674 0.070395 0.995964 0.546127 0.941207 1 0 1.000000
  0 2.162120 261.018127 37.573414 0.055672 0.070372 0.995966 0.561215 0.941260 1 0 1.000000
  0 3.245975 260.540314 37.546593 0.055674 0.070395 0.995964 0.546113 0.945917 1 0 1.000000
bollards
  0 3.245975 260.540314 37.546593 0.055674 0.070395 0.995964 0.546113 0.945917 1 0 1.000000
  0 2.162120 261.018127 37.573414 0.055672 0.070372 0.995966 0.561215 0.941260 1 0 1.000000
  0 2.164261 260.821594 37.587181 0.055672 0.070372 0.995966 0.560591 0.945970 1 0 1.000000
bollards
  0 2.162120 261.018127 37.573414 0.055672 0.070372 0.995966 0.378340 0.941259 1 0 1.000000
  0 0.988615 260.694885 37.661854 0.055676 0.070365 0.995966 0.393440 0.941205 1 0 1.000000
  0 2.164261 260.821594 37.587181 0.055672 0.070372 0.995966 0.378955 0.945970 1 0 1.000000
bollards
  0 2.164261 260.821594 37.587181 0.055672 0.070372 0.995966 0.378955 0.945970 1 0 1.000000
  0 0.988615 260.694885 37.661854 0.055676 0.070365 0.995966 0.393440 0.941205 1 0 1.000000
  0 1.088835 260.525360 37.668232 0.055676 0.070365 0.995966 0.393456 0.945925 1 0 1.000000
bollards
  0 0.988615 260.694885 37.661854 0.055676 0.070365 0.995966 0.393440 0.941205 1 0 1.000000
  0 0.136413 259.828094 37.770748 0.055672 0.070383 0.995965 0.408675 0.941219 1 0 1.000000
  0 1.088835 260.525360 37.668232 0.055676 0.070365 0.995966 0.393456 0.945925 1 0 1.000000
bollards
  0 1.088835 260.525360 37.668232 0.055676 0.070365 0.995966 0.393456 0.945925 1 0 1.000000
  0 0.136413 259.828094 37.770748 0.055672 0.070383 0.995965 0.408675 0.941219 1 0 1.000000
  0 0.307858 259.731018 37.768024 0.055672 0.070383 0.995965 0.408670 0.945949 1 0 1.000000
bollards
  0 0.136413 259.828094 37.770748 0.055672 0.070383 0.995965 0.408675 0.941219 1 0 1.000000
  0 -0.166140 258.650024 37.870914 0.055667 0.070381 0.995966 0.423954 0.941219 1 0 1.000000
  0 0.307858 259.731018 37.768024 0.055672 0.070383 0.995965 0.408670 0.945949 1 0 1.000000
bollards
  0 0.307858 259.731018 37.768024 0.055672 0.070383 0.995965 0.408670 0.945949 1 0 1.000000
  0 -0.166140 258.650024 37.870914 0.055667 0.070381 0.995966 0.423954 0.941219 1 0 1.000000
  0 0.030593 258.651398 37.859821 0.055667 0.070381 0.995966 0.423953 0.945967 1 0 1.000000
bollards
  0 -0.166140 258.650024 37.870914 0.055667 0.070381 0.995966 0.423954 0.941219 1 0 1.000000
  0 0.162026 257.476349 37.935513 0.055668 0.070370 0.995966 0.439241 0.941219 1 0 1.000000
  0 0.030593 258.651398 37.859821 0.055667 0.070381 0.995966 0.423953 0.945967 1 0 1.000000
bollards
  0 0.030593 258.651398 37.859821 0.055667 0.070381 0.995966 0.423953 0.945967 1 0 1.000000
  0 0.162026 257.476349 37.935513 0.055668 0.070370 0.995966 0.439241 0.941219 1 0 1.000000
  0 0.331331 257.575806 37.919022 0.055668 0.070370 0.995966 0.439245 0.945956 1 0 1.000000
bollards
  0 0.162026 257.476349 37.935513 0.055668 0.070370 0.995966 0.439241 0.941219 1 0 1.000000
  0 1.032979 256.621521 37.947235 0.055671 0.070377 0.995966 0.454511 0.941220 1 0 1.000000
  0 0.331331 257.575806 37.919022 0.055668 0.070370 0.995966 0.439245 0.945956 1 0 1.000000
bollards
  0 0.331331 257.575806 37.919022 0.055668 0.070370 0.995966 0.439245 0.945956 1 0 1.000000
  0 1.032979 256.621521 37.947235 0.055671 0.070377 0.995966 0.454511 0.941220 1 0 1.000000
  0 1.129491 256.792419 37.929764 0.055671 0.070377 0.995966 0.454513 0.945951 1 0 1.000000
bollards
  0 1.032979 256.621521 37.947235 0.055671 0.070377 0.995966 0.454511 0.941220 1 0 1.000000
  0 2.213347 256.314606 37.902943 0.055676 0.070393 0.995964 0.469780 0.941224 1 0 1.000000
  0 1.129491 256.792419 37.929764 0.055671 0.070377 0.995966 0.454513 0.945951 1 0 1.000000
bollards
  0 1.129491 256.792419 37.929764 0.055671 0.070377 0.995966 0.454513 0.945951 1 0 1.000000
  0 2.213347 256.314606 37.902943 0.055676 0.070393 0.995964 0.469780 0.941224 1 0 1.000000
  0 2.211207 256.511169 37.889172 0.055676 0.070393 0.995964 0.469779 0.945948 1 0 1.000000
bollards
  0 2.213347 256.314606 37.902943 0.055676 0.070393 0.995964 0.469780 0.941224 1 0 1.000000
  0 3.386853 256.637848 37.814499 0.055686 0.070387 0.995964 0.485058 0.941220 1 0 1.000000
  0 2.211207 256.511169 37.889172 0.055676 0.070393 0.995964 0.469779 0.945948 1 0 1.000000
bollards
  0 2.211207 256.511169 37.889172 0.055676 0.070393 0.995964 0.469779 0.945948 1 0 1.000000
  0 3.386853 256.637848 37.814499 0.055686 0.070387 0.995964 0.485058 0.941220 1 0 1.000000
  0 3.286633 256.807404 37.808121 0.055686 0.070387 0.995964 0.485058 0.945942 1 0 1.000000
bollards
  0 3.386853 256.637848 37.814499 0.055686 0.070387 0.995964 0.485058 0.941220 1 0 1.000000
  0 4.239056 257.504639 37.705605 0.055679 0.070378 0.995965 0.500341 0.941220 1 0 1.000000
  0 3.286633 256.807404 37.808121 0.055686 0.070387 0.995964 0.485058 0.945942 1 0 1.000000
bollards
  0 3.286633 256.807404 37.808121 0.055686 0.070387 0.995964 0.485058 0.945942 1 0 1.000000
  0 4.239056 257.504639 37.705605 0.055679 0.070378 0.995965 0.500341 0.941220 1 0 1.000000
  0 4.067608 257.601746 37.708328 0.055679 0.070378 0.995965 0.500345 0.945943 1 0 1.000000
bollards
  0 4.239056 257.504639 37.705605 0.055679 0.070378 0.995965 0.500341 0.941220 1 0 1.000000
  0 4.541607 258.682709 37.605442 0.055672 0.070380 0.995965 0.515612 0.941220 1 0 1.000000
  0 4.067608 257.601746 37.708328 0.055679 0.070378 0.995965 0.500345 0.945943 1 0 1.000000
bollards
  0 4.067608 257.601746 37.708328 0.055679 0.070378 0.995965 0.500345 0.945943 1 0 1.000000
  0 4.541607 258.682709 37.605442 0.055672 0.070380 0.995965 0.515612 0.941220 1 0 1.000000
  0 4.344874 258.681335 37.616535 0.055672 0.070380 0.995965 0.515614 0.945944 1 0 1.000000
bollards
  0 -0.192676 511.999969 38.054428 -0.066318 0.000002 0.997798 0.140344 0.941220 1 0 1.000000
  0 -0.507850 513.178833 38.033482 -0.066319 -0.000001 0.997798 0.155609 0.941220 1 0 1.000000
  0 -0.389293 511.999969 38.041363 -0.066318 0.000002 0.997798 0.140346 0.945944 1 0 1.000000
bollards
  0 -0.389293 511.999969 38.041363 -0.066318 0.000002 0.997798 0.140346 0.945944 1 0 1.000000
  0 -0.507850 513.178833 38.033482 -0.066319 -0.000001 0.997798 0.155609 0.941220 1 0 1.000000
  0 -0.678124 513.080261 38.022163 -0.066319 -0.000001 0.997798 0.155606 0.945930 1 0 1.000000
bollards
  0 -0.507850 513.178833 38.033482 -0.066319 -0.000001 0.997798 0.155609 0.941220 1 0 1.000000
  0 -1.368916 514.041748 37.976254 -0.066314 -0.000006 0.997799 0.170859 0.941207 1 0 1.000000
  0 -0.678124 513.080261 38.022163 -0.066319 -0.000001 0.997798 0.155606 0.945930 1 0 1.000000
bollards
  0 -0.678124 513.080261 38.022163 -0.066319 -0.000001 0.997798 0.155606 0.945930 1 0 1.000000
  0 -1.368916 514.041748 37.976254 -0.066314 -0.000006 0.997799 0.170859 0.941207 1 0 1.000000
  0 -1.467225 513.871094 37.969719 -0.066314 -0.000006 0.997799 0.170845 0.945917 1 0 1.000000
bollards
  0 -1.368916 514.041748 37.976254 -0.066314 -0.000006 0.997799 0.170859 0.941207 1 0 1.000000
  0 -2.545157 514.357666 37.898075 -0.066316 -0.000010 0.997799 0.185947 0.941260 1 0 1.000000
  0 -1.467225 513.871094 37.969719 -0.066314 -0.000006 0.997799 0.170845 0.945917 1 0 1.000000
bollards
  0 -1.467225 513.871094 37.969719 -0.066314 -0.000006 0.997799 0.170845 0.945917 1 0 1.000000
  0 -2.545157 514.357666 37.898075 -0.066316 -0.000010 0.997799 0.185947 0.941260 1 0 1.000000
  0 -2.545157 514.160583 37.898075 -0.066316 -0.000010 0.997799 0.185323 0.945970 1 0 1.000000
bollards
  0 -2.545157 514.357666 37.898075 -0.066316 -0.000010 0.997799 0.003072 0.941259 1 0 1.000000
  0 -3.721397 514.041748 37.819897 -0.066314 -0.000003 0.997799 0.018172 0.941205 1 0 1.000000
  0 -2.545157 514.160583 37.898075 -0.066316 -0.000010 0.997799 0.003687 0.945970 1 0 1.000000
bollards
  0 -2.545157 514.160583 37.898075 -0.066316 -0.000010 0.997799 0.003687 0.945970 1 0 1.000000
  0 -3.721397 514.041748 37.819897 -0.066314 -0.000003 0.997799 0.018172 0.941205 1 0 1.000000
  0 -3.623088 513.871094 37.826431 -0.066314 -0.000003 0.997799 0.018188 0.945925 1 0 1.000000
bollards
  0 -3.721397 514.041748 37.819897 -0.066314 -0.000003 0.997799 0.018172 0.941205 1 0 1.000000
  0 -4.582464 513.178833 37.762669 -0.066312 0.000003 0.997799 0.033407 0.941219 1 0 1.000000
  0 -3.623088 513.871094 37.826431 -0.066314 -0.000003 0.997799 0.018188 0.945925 1 0 1.000000
bollards
  0 -3.623088 513.871094 37.826431 -0.066314 -0.000003 0.997799 0.018188 0.945925 1 0 1.000000
  0 -4.582464 513.178833 37.762669 -0.066312 0.000003 0.997799 0.033407 0.941219 1 0 1.000000
  0 -4.412189 513.080261 37.773983 -0.066312 0.000003 0.997799 0.033402 0.945949 1 0 1.000000
bollards
  0 -4.582464 513.178833 37.762669 -0.066312 0.000003 0.997799 0.033407 0.941219 1 0 1.000000
  0 -4.897636 511.999969 37.741718 -0.066313 0.000001 0.997799 0.048687 0.941219 1 0 1.000000
  0 -4.412189 513.080261 37.773983 -0.066312 0.000003 0.997799 0.033402 0.945949 1 0 1.000000
bollards
  0 -4.412189 513.080261 37.773983 -0.066312 0.000003 0.997799 0.033402 0.945949 1 0 1.000000
  0 -4.897636 511.999969 37.741718 -0.066313 0.000001 0.997799 0.048687 0.941219 1 0 1.000000
  0 -4.701020 511.999969 37.754787 -0.066313 0.000001 0.997799 0.048685 0.945967 1 0 1.000000
bollards
  0 -4.897636 511.999969 37.741718 -0.066313 0.000001 0.997799 0.048687 0.941219 1 0 1.000000
  0 -4.582464 510.821136 37.762669 -0.066311 0.000004 0.997799 0.063973 0.941219 1 0 1.000000
  0 -4.701020 511.999969 37.754787 -0.066313 0.000001 0.997799 0.048685 0.945967 1 0 1.000000
bollards
  0 -4.701020 511.999969 37.754787 -0.066313 0.000001 0.997799 0.048685 0.945967 1 0 1.000000
  0 -4.582464 510.821136 37.762669 -0.066311 0.000004 0.997799 0.063973 0.941219 1 0 1.000000
  0 -4.412189 510.919647 37.773983 -0.066311 0.000004 0.997799 0.063977 0.945956 1 0 1.000000
bollards
  0 -4.582464 510.821136 37.762669 -0.066311 0.000004 0.997799 0.063973 0.941219 1 0 1.000000
  0 -3.721397 509.958160 37.819897 -0.066314 0.000011 0.997799 0.079243 0.941220 1 0 1.000000
  0 -4.412189 510.919647 37.773983 -0.066311 0.000004 0.997799 0.063977 0.945956 1 0 1.000000
bollards
  0 -4.412189 510.919647 37.773983 -0.066311 0.000004 0.997799 0.063977 0.945956 1 0 1.000000
  0 -3.721397 509.958160 37.819897 -0.066314 0.000011 0.997799 0.079243 0.941220 1 0 1.000000
  0 -3.623088 510.128815 37.826431 -0.066314 0.000011 0.997799 0.079246 0.945951 1 0 1.000000
bollards
  0 -3.721397 509.958160 37.819897 -0.066314 0.000011 0.997799 0.079243 0.941220 1 0 1.000000
  0 -2.545157 509.642303 37.898075 -0.066312 0.000001 0.997799 0.094513 0.941224 1 0 1.000000
  0 -3.623088 510.128815 37.826431 -0.066314 0.000011 0.997799 0.079246 0.945951 1 0 1.000000
bollards
  0 -3.623088 510.128815 37.826431 -0.066314 0.000011 0.997799 0.079246 0.945951 1 0 1.000000
  0 -2.545157 509.642303 37.898075 -0.066312 0.000001 0.997799 0.094513 0.941224 1 0 1.000000
  0 -2.545157 509.839355 37.898075 -0.066312 0.000001 0.997799 0.094511 0.945948 1 0 1.000000
bollards
  0 -2.545157 509.642303 37.898075 -0.066312 0.000001 0.997799 0.094513 0.941224 1 0 1.000000
  0 -1.368917 509.958160 37.976254 -0.066313 -0.000007 0.997799 0.109790 0.941220 1 0 1.000000
  0 -2.545157 509.839355 37.898075 -0.066312 0.000001 0.997799 0.094511 0.945948 1 0 1.000000
bollards
  0 -2.545157 509.839355 37.898075 -0.066312 0.000001 0.997799 0.094511 0.945948 1 0 1.000000
  0 -1.368917 509.958160 37.976254 -0.066313 -0.000007 0.997799 0.109790 0.941220 1 0 1.000000
  0 -1.467225 510.128815 37.969719 -0.066313 -0.000007 0.997799 0.109790 0.945942 1 0 1.000000
bollards
  0 -1.368917 509.958160 37.976254 -0.066313 -0.000007 0.997799 0.109790 0.941220 1 0 1.000000
  0 -0.507849 510.821136 38.033482 -0.066317 0.000000 0.997799 0.125073 0.941220 1 0 1.000000
  0 -1.467225 510.128815 37.969719 -0.066313 -0.000007 0.997799 0.109790 0.945942 1 0 1.000000
bollards
  0 -1.467225 510.128815 37.969719 -0.066313 -0.000007 0.997799 0.109790 0.945942 1 0 1.000000
  0 -0.507849 510.821136 38.033482 -0.066317 0.000000 0.997799 0.125073 0.941220 1 0 1.000000
  0 -0.678124 510.919647 38.022163 -0.066317 0.000000 0.997799 0.125078 0.945943 1 0 1.000000
bollards
  0 -0.507849 510.821136 38.033482 -0.066317 0.000000 0.997799 0.125073 0.941220 1 0 1.000000
  0 -0.192676 511.999969 38.054428 -0.066318 0.000002 0.997798 0.140344 0.941220 1 0 1.000000
  0 -0.678124 510.919647 38.022163 -0.066317 0.000000 0.997799 0.125078 0.945943 1 0 1.000000
bollards
  0 -0.678124 510.919647 38.022163 -0.066317 0.000000 0.997799 0.125078 0.945943 1 0 1.000000
  0 -0.192676 511.999969 38.054428 -0.066318 0.000002 0.997798 0.140344 0.941220 1 0 1.000000
  0 -0.389293 511.999969 38.041363 -0.066318 0.000002 0.997798 0.140346 0.945944 1 0 1.000000
bollards
  0 2.419304 511.999969 -0.189332 0.997799 0.000000 0.066316 0.140363 0.008193 1 0 1.000000
  0 2.094774 513.213806 -0.210901 0.864124 0.499992 0.057432 0.155646 0.008195 1 0 1.000000
  0 -0.118196 511.999969 37.989235 0.997799 0.000000 0.066316 0.140340 0.938819 1 0 1.000000
bollards
  0 -0.118196 511.999969 37.989235 0.997799 0.000000 0.066316 0.140340 0.938819 1 0 1.000000
  0 2.094774 513.213806 -0.210901 0.864124 0.499992 0.057432 0.155646 0.008195 1 0 1.000000
  0 -0.442726 513.213806 37.967663 0.864124 0.499992 0.057432 0.155615 0.938820 1 0 1.000000
bollards
  0 2.094774 513.213806 -0.210901 0.864124 0.499992 0.057432 0.155646 0.008195 1 0 1.000000
  0 1.208143 514.102417 -0.269830 0.498876 0.866039 0.033158 0.170929 0.008198 1 0 1.000000
  0 -0.442726 513.213806 37.967663 0.864124 0.499992 0.057432 0.155615 0.938820 1 0 1.000000
bollards
  0 -0.442726 513.213806 37.967663 0.864124 0.499992 0.057432 0.155615 0.938820 1 0 1.000000
  0 1.208143 514.102417 -0.269830 0.498876 0.866039 0.033158 0.170929 0.008198 1 0 1.000000
  0 -1.329355 514.102417 37.908733 0.498876 0.866039 0.033158 0.170889 0.938823 1 0 1.000000
bollards
  0 1.208143 514.102417 -0.269830 0.498876 0.866039 0.033158 0.170929 0.008198 1 0 1.000000
  0 -0.003015 514.427612 -0.350329 -0.000020 1.000000 0.000000 0.186212 0.008201 1 0 1.000000
  0 -1.329355 514.102417 37.908733 0.498876 0.866039 0.033158 0.170889 0.938823 1 0 1.000000
bollards
  0 -1.329355 514.102417 37.908733 0.498876 0.866039 0.033158 0.170889 0.938823 1 0 1.000000
  0 -0.003015 514.427612 -0.350329 -0.000020 1.000000 0.000000 0.186212 0.008201 1 0 1.000000
  0 -2.540515 514.427612 37.828236 -0.000020 1.000000 0.000000 0.186169 0.938860 1 0 1.000000
bollards
  0 -0.003015 514.427612 -0.350329 -0.000020 1.000000 0.000000 0.002819 0.008200 1 0 1.000000
  0 -1.214176 514.102417 -0.430827 -0.498905 0.866022 -0.033158 0.018102 0.008197 1 0 1.000000
  0 -2.540515 514.427612 37.828236 -0.000020 1.000000 0.000000 0.002860 0.938859 1 0 1.000000
bollards
  0 -2.540515 514.427612 37.828236 -0.000020 1.000000 0.000000 0.002860 0.938859 1 0 1.000000
  0 -1.214176 514.102417 -0.430827 -0.498905 0.866022 -0.033158 0.018102 0.008197 1 0 1.000000
  0 -3.751674 514.102417 37.747738 -0.498905 0.866022 -0.033158 0.018139 0.938822 1 0 1.000000
bollards
  0 -1.214176 514.102417 -0.430827 -0.498905 0.866022 -0.033158 0.018102 0.008197 1 0 1.000000
  0 -2.100806 513.213806 -0.489756 -0.864128 0.499984 -0.057433 0.033384 0.008194 1 0 1.000000
  0 -3.751674 514.102417 37.747738 -0.498905 0.866022 -0.033158 0.018139 0.938822 1 0 1.000000
bollards
  0 -3.751674 514.102417 37.747738 -0.498905 0.866022 -0.033158 0.018139 0.938822 1 0 1.000000
  0 -2.100806 513.213806 -0.489756 -0.864128 0.499984 -0.057433 0.033384 0.008194 1 0 1.000000
  0 -4.638304 513.213806 37.688808 -0.864128 0.499984 -0.057433 0.033413 0.938819 1 0 1.000000
bollards
  0 -2.100806 513.213806 -0.489756 -0.864128 0.499984 -0.057433 0.033384 0.008194 1 0 1.000000
  0 -2.425335 511.999969 -0.511326 -0.997798 0.000000 -0.066319 0.048667 0.008193 1 0 1.000000
  0 -4.638304 513.213806 37.688808 -0.864128 0.499984 -0.057433 0.033413 0.938819 1 0 1.000000
bollards
  0 -4.638304 513.213806 37.688808 -0.864128 0.499984 -0.057433 0.033413 0.938819 1 0 1.000000
  0 -2.425335 511.999969 -0.511326 -0.997798 0.000000 -0.066319 0.048667 0.008193 1 0 1.000000
  0 -4.962834 511.999969 37.667240 -0.997798 0.000000 -0.066319 0.048689 0.938818 1 0 1.000000
bollards
  0 -2.425335 511.999969 -0.511326 -0.997798 0.000000 -0.066319 0.048667 0.008193 1 0 1.000000
  0 -2.100806 510.786133 -0.489756 -0.864107 -0.500021 -0.057435 0.063950 0.008190 1 0 1.000000
  0 -4.962834 511.999969 37.667240 -0.997798 0.000000 -0.066319 0.048689 0.938818 1 0 1.000000
bollards
  0 -4.962834 511.999969 37.667240 -0.997798 0.000000 -0.066319 0.048689 0.938818 1 0 1.000000
  0 -2.100806 510.786133 -0.489756 -0.864107 -0.500021 -0.057435 0.063950 0.008190 1 0 1.000000
  0 -4.638304 510.786133 37.688808 -0.864107 -0.500021 -0.057435 0.063964 0.938819 1 0 1.000000
bollards
  0 -2.100806 510.786133 -0.489756 -0.864107 -0.500021 -0.057435 0.063950 0.008190 1 0 1.000000
  0 -1.214175 509.897552 -0.430827 -0.498902 -0.866024 -0.033160 0.079233 0.008188 1 0 1.000000
  0 -4.638304 510.786133 37.688808 -0.864107 -0.500021 -0.057435 0.063964 0.938819 1 0 1.000000
bollards
  0 -4.638304 510.786133 37.688808 -0.864107 -0.500021 -0.057435 0.063964 0.938819 1 0 1.000000
  0 -1.214175 509.897552 -0.430827 -0.498902 -0.866024 -0.033160 0.079233 0.008188 1 0 1.000000
  0 -3.751674 509.897552 37.747738 -0.498902 -0.866024 -0.033160 0.079239 0.938820 1 0 1.000000
bollards
  0 -1.214175 509.897552 -0.430827 -0.498902 -0.866024 -0.033160 0.079233 0.008188 1 0 1.000000
  0 -0.003016 509.572296 -0.350329 -0.000020 -1.000000 0.000000 0.094515 0.008186 1 0 1.000000
  0 -3.751674 509.897552 37.747738 -0.498902 -0.866024 -0.033160 0.079239 0.938820 1 0 1.000000
bollards
  0 -3.751674 509.897552 37.747738 -0.498902 -0.866024 -0.033160 0.079239 0.938820 1 0 1.000000
  0 -0.003016 509.572296 -0.350329 -0.000020 -1.000000 0.000000 0.094515 0.008186 1 0 1.000000
  0 -2.540515 509.572296 37.828236 -0.000020 -1.000000 0.000000 0.094514 0.938822 1 0 1.000000
bollards
  0 -0.003016 509.572296 -0.350329 -0.000020 -1.000000 0.000000 0.094515 0.008186 1 0 1.000000
  0 1.208144 509.897552 -0.269830 0.498897 -0.866027 0.033159 0.109798 0.008188 1 0 1.000000
  0 -2.540515 509.572296 37.828236 -0.000020 -1.000000 0.000000 0.094514 0.938822 1 0 1.000000
bollards
  0 -2.540515 509.572296 37.828236 -0.000020 -1.000000 0.000000 0.094514 0.938822 1 0 1.000000
  0 1.208144 509.897552 -0.269830 0.498897 -0.866027 0.033159 0.109798 0.008188 1 0 1.000000
  0 -1.329355 509.897552 37.908733 0.498897 -0.866027 0.033159 0.109789 0.938820 1 0 1.000000
bollards
  0 1.208144 509.897552 -0.269830 0.498897 -0.866027 0.033159 0.109798 0.008188 1 0 1.000000
  0 2.094774 510.786133 -0.210901 0.864117 -0.500004 0.057432 0.125081 0.008191 1 0 1.000000
  0 -1.329355 509.897552 37.908733 0.498897 -0.866027 0.033159 0.109789 0.938820 1 0 1.000000
bollards
  0 -1.329355 509.897552 37.908733 0.498897 -0.866027 0.033159 0.109789 0.938820 1 0 1.000000
  0 2.094774 510.786133 -0.210901 0.864117 -0.500004 0.057432 0.125081 0.008191 1 0 1.000000
  0 -0.442725 510.786133 37.967663 0.864117 -0.500004 0.057432 0.125065 0.938819 1 0 1.000000
bollards
  0 2.094774 510.786133 -0.210901 0.864117 -0.500004 0.057432 0.125081 0.008191 1 0 1.000000
  0 2.419304 511.999969 -0.189332 0.997799 0.000000 0.066316 0.140363 0.008193 1 0 1.000000
  0 -0.442725 510.786133 37.967663 0.864117 -0.500004 0.057432 0.125065 0.938819 1 0 1.000000
bollards
  0 -0.442725 510.786133 37.967663 0.864117 -0.500004 0.057432 0.125065 0.938819 1 0 1.000000
  0 2.419304 511.999969 -0.189332 0.997799 0.000000 0.066316 0.140363 0.008193 1 0 1.000000
  0 -0.118196 511.999969 37.989235 0.997799 0.000000 0.066316 0.140340 0.938819 1 0 1.000000
bollards
  0 0.765211 384.000000 38.113930 -0.041686 -0.000002 0.999131 0.328185 0.941220 1 0 1.000000
  0 0.449617 385.178833 38.100765 -0.041682 0.000019 0.999131 0.343450 0.941220 1 0 1.000000
  0 0.568332 384.000000 38.105717 -0.041686 -0.000002 0.999131 0.328187 0.945944 1 0 1.000000
bollards
  0 0.568332 384.000000 38.105717 -0.041686 -0.000002 0.999131 0.328187 0.945944 1 0 1.000000
  0 0.449617 385.178833 38.100765 -0.041682 0.000019 0.999131 0.343450 0.941220 1 0 1.000000
  0 0.279115 385.080322 38.093651 -0.041682 0.000019 0.999131 0.343447 0.945930 1 0 1.000000
bollards
  0 0.449617 385.178833 38.100765 -0.041682 0.000019 0.999131 0.343450 0.941220 1 0 1.000000
  0 -0.412600 386.041809 38.064796 -0.041677 0.000013 0.999131 0.358700 0.941207 1 0 1.000000
  0 0.279115 385.080322 38.093651 -0.041682 0.000019 0.999131 0.343447 0.945930 1 0 1.000000
bollards
  0 0.279115 385.080322 38.093651 -0.041682 0.000019 0.999131 0.343447 0.945930 1 0 1.000000
  0 -0.412600 386.041809 38.064796 -0.041677 0.000013 0.999131 0.358700 0.941207 1 0 1.000000
  0 -0.511039 385.871155 38.060692 -0.041677 0.000013 0.999131 0.358686 0.945917 1 0 1.000000
bollards
  0 -0.412600 386.041809 38.064796 -0.041677 0.000013 0.999131 0.358700 0.941207 1 0 1.000000
  0 -1.590411 386.357666 38.015667 -0.041678 -0.000004 0.999131 0.373788 0.941260 1 0 1.000000
  0 -0.511039 385.871155 38.060692 -0.041677 0.000013 0.999131 0.358686 0.945917 1 0 1.000000
bollards
  0 -0.511039 385.871155 38.060692 -0.041677 0.000013 0.999131 0.358686 0.945917 1 0 1.000000
  0 -1.590411 386.357666 38.015667 -0.041678 -0.000004 0.999131 0.373788 0.941260 1 0 1.000000
  0 -1.590411 386.160614 38.015667 -0.041678 -0.000004 0.999131 0.373164 0.945970 1 0 1.000000
bollards
  0 -1.590411 386.357666 38.015667 -0.041678 -0.000004 0.999131 0.190913 0.941259 1 0 1.000000
  0 -2.768221 386.041809 37.966537 -0.041678 -0.000004 0.999131 0.206013 0.941205 1 0 1.000000
  0 -1.590411 386.160614 38.015667 -0.041678 -0.000004 0.999131 0.191528 0.945970 1 0 1.000000
bollards
  0 -1.590411 386.160614 38.015667 -0.041678 -0.000004 0.999131 0.191528 0.945970 1 0 1.000000
  0 -2.768221 386.041809 37.966537 -0.041678 -0.000004 0.999131 0.206013 0.941205 1 0 1.000000
  0 -2.669782 385.871155 37.970642 -0.041678 -0.000004 0.999131 0.206029 0.945925 1 0 1.000000
bollards
  0 -2.768221 386.041809 37.966537 -0.041678 -0.000004 0.999131 0.206013 0.941205 1 0 1.000000
  0 -3.630439 385.178833 37.930569 -0.041681 -0.000007 0.999131 0.221248 0.941219 1 0 1.000000
  0 -2.669782 385.871155 37.970642 -0.041678 -0.000004 0.999131 0.206029 0.945925 1 0 1.000000
bollards
  0 -2.669782 385.871155 37.970642 -0.041678 -0.000004 0.999131 0.206029 0.945925 1 0 1.000000
  0 -3.630439 385.178833 37.930569 -0.041681 -0.000007 0.999131 0.221248 0.941219 1 0 1.000000
  0 -3.459937 385.080322 37.937683 -0.041681 -0.000007 0.999131 0.221243 0.945949 1 0 1.000000
bollards
  0 -3.630439 385.178833 37.930569 -0.041681 -0.000007 0.999131 0.221248 0.941219 1 0 1.000000
  0 -3.946033 384.000000 37.917404 -0.041686 0.000000 0.999131 0.236527 0.941219 1 0 1.000000
  0 -3.459937 385.080322 37.937683 -0.041681 -0.000007 0.999131 0.221243 0.945949 1 0 1.000000
bollards
  0 -3.459937 385.080322 37.937683 -0.041681 -0.000007 0.999131 0.221243 0.945949 1 0 1.000000
  0 -3.946033 384.000000 37.917404 -0.041686 0.000000 0.999131 0.236527 0.941219 1 0 1.000000
  0 -3.749153 384.000000 37.925617 -0.041686 0.000000 0.999131 0.236526 0.945967 1 0 1.000000
bollards
  0 -3.946033 384.000000 37.917404 -0.041686 0.000000 0.999131 0.236527 0.941219 1 0 1.000000
  0 -3.630439 382.821167 37.930569 -0.041682 0.000007 0.999131 0.251814 0.941219 1 0 1.000000
  0 -3.749153 384.000000 37.925617 -0.041686 0.000000 0.999131 0.236526 0.945967 1 0 1.000000
bollards
  0 -3.749153 384.000000 37.925617 -0.041686 0.000000 0.999131 0.236526 0.945967 1 0 1.000000
  0 -3.630439 382.821167 37.930569 -0.041682 0.000007 0.999131 0.251814 0.941219 1 0 1.000000
  0 -3.459937 382.919678 37.937683 -0.041682 0.000007 0.999131 0.251818 0.945956 1 0 1.000000
bollards
  0 -3.630439 382.821167 37.930569 -0.041682 0.000007 0.999131 0.251814 0.941219 1 0 1.000000
  0 -2.768222 381.958191 37.966537 -0.041677 0.000005 0.999131 0.267084 0.941220 1 0 1.000000
  0 -3.459937 382.919678 37.937683 -0.041682 0.000007 0.999131 0.251818 0.945956 1 0 1.000000
bollards
  0 -3.459937 382.919678 37.937683 -0.041682 0.000007 0.999131 0.251818 0.945956 1 0 1.000000
  0 -2.768222 381.958191 37.966537 -0.041677 0.000005 0.999131 0.267084 0.941220 1 0 1.000000
  0 -2.669782 382.128845 37.970642 -0.041677 0.000005 0.999131 0.267086 0.945951 1 0 1.000000
bollards
  0 -2.768222 381.958191 37.966537 -0.041677 0.000005 0.999131 0.267084 0.941220 1 0 1.000000
  0 -1.590411 381.642334 38.015667 -0.041678 0.000001 0.999131 0.282354 0.941224 1 0 1.000000
  0 -2.669782 382.128845 37.970642 -0.041677 0.000005 0.999131 0.267086 0.945951 1 0 1.000000
bollards
  0 -2.669782 382.128845 37.970642 -0.041677 0.000005 0.999131 0.267086 0.945951 1 0 1.000000
  0 -1.590411 381.642334 38.015667 -0.041678 0.000001 0.999131 0.282354 0.941224 1 0 1.000000
  0 -1.590411 381.839386 38.015667 -0.041678 0.000001 0.999131 0.282352 0.945948 1 0 1.000000
bollards
  0 -1.590411 381.642334 38.015667 -0.041678 0.000001 0.999131 0.282354 0.941224 1 0 1.000000
  0 -0.412600 381.958191 38.064796 -0.041678 -0.000002 0.999131 0.297631 0.941220 1 0 1.000000
  0 -1.590411 381.839386 38.015667 -0.041678 0.000001 0.999131 0.282352 0.945948 1 0 1.000000
bollards
  0 -1.590411 381.839386 38.015667 -0.041678 0.000001 0.999131 0.282352 0.945948 1 0 1.000000
  0 -0.412600 381.958191 38.064796 -0.041678 -0.000002 0.999131 0.297631 0.941220 1 0 1.000000
  0 -0.511039 382.128845 38.060692 -0.041678 -0.000002 0.999131 0.297631 0.945942 1 0 1.000000
bollards
  0 -0.412600 381.958191 38.064796 -0.041678 -0.000002 0.999131 0.297631 0.941220 1 0 1.000000
  0 0.449618 382.821167 38.100765 -0.041681 -0.000006 0.999131 0.312914 0.941220 1 0 1.000000
  0 -0.511039 382.128845 38.060692 -0.041678 -0.000002 0.999131 0.297631 0.945942 1 0 1.000000
bollards
  0 -0.511039 382.128845 38.060692 -0.041678 -0.000002 0.999131 0.297631 0.945942 1 0 1.000000
  0 0.449618 382.821167 38.100765 -0.041681 -0.000006 0.999131 0.312914 0.941220 1 0 1.000000
  0 0.279116 382.919678 38.093651 -0.041681 -0.000006 0.999131 0.312918 0.945943 1 0 1.000000
bollards
  0 0.449618 382.821167 38.100765 -0.041681 -0.000006 0.999131 0.312914 0.941220 1 0 1.000000
  0 0.765211 384.000000 38.113930 -0.041686 -0.000002 0.999131 0.328185 0.941220 1 0 1.000000
  0 0.279116 382.919678 38.093651 -0.041681 -0.000006 0.999131 0.312918 0.945943 1 0 1.000000
bollards
  0 0.279116 382.919678 38.093651 -0.041681 -0.000006 0.999131 0.312918 0.945943 1 0 1.000000
  0 0.765211 384.000000 38.113930 -0.041686 -0.000002 0.999131 0.328185 0.941220 1 0 1.000000
  0 0.568332 384.000000 38.105717 -0.041686 -0.000002 0.999131 0.328187 0.945944 1 0 1.000000
bollards
  0 -1.590411 386.357666 38.015667 -0.029488 0.707088 0.706510 0.190913 0.941259 1 0 1.000000
  0 -1.587493 386.427673 37.945736 -0.029488 0.707088 0.706510 0.190700 0.938859 1 0 1.000000
  0 -2.768221 386.041809 37.966537 -0.382721 0.612366 0.691760 0.206013 0.941205 1 0 1.000000
bollards
  0 -2.768221 386.041809 37.966537 -0.382721 0.612366 0.691760 0.206013 0.941205 1 0 1.000000
  0 -1.587493 386.427673 37.945736 -0.029488 0.707088 0.706510 0.190700 0.938859 1 0 1.000000
  0 -2.800270 386.102417 37.895145 -0.382721 0.612366 0.691760 0.205980 0.938822 1 0 1.000000
bollards
  0 -2.768221 386.041809 37.966537 -0.382721 0.612366 0.691760 0.206013 0.941205 1 0 1.000000
  0 -2.800270 386.102417 37.895145 -0.382721 0.612366 0.691760 0.205980 0.938822 1 0 1.000000
  0 -3.630439 385.178833 37.930569 -0.641302 0.353556 0.680978 0.221248 0.941219 1 0 1.000000
bollards
  0 -3.630439 385.178833 37.930569 -0.641302 0.353556 0.680978 0.221248 0.941219 1 0 1.000000
  0 -2.800270 386.102417 37.895145 -0.382721 0.612366 0.691760 0.205980 0.938822 1 0 1.000000
  0 -3.688085 385.213837 37.858112 -0.641302 0.353556 0.680978 0.221254 0.938819 1 0 1.000000
bollards
  0 -3.630439 385.178833 37.930569 -0.641302 0.353556 0.680978 0.221248 0.941219 1 0 1.000000
  0 -3.688085 385.213837 37.858112 -0.641302 0.353556 0.680978 0.221254 0.938819 1 0 1.000000
  0 -3.946033 384.000000 37.917404 -0.735952 0.000001 0.677034 0.236527 0.941219 1 0 1.000000
bollards
  0 -3.946033 384.000000 37.917404 -0.735952 0.000001 0.677034 0.236527 0.941219 1 0 1.000000
  0 -3.688085 385.213837 37.858112 -0.641302 0.353556 0.680978 0.221254 0.938819 1 0 1.000000
  0 -4.013048 384.000000 37.844555 -0.735952 0.000001 0.677034 0.236529 0.938818 1 0 1.000000
bollards
  0 -3.946033 384.000000 37.917404 -0.735952 0.000001 0.677034 0.236527 0.941219 1 0 1.000000
  0 -4.013048 384.000000 37.844555 -0.735952 0.000001 0.677034 0.236529 0.938818 1 0 1.000000
  0 -3.630439 382.821167 37.930569 -0.641300 -0.353569 0.680972 0.251814 0.941219 1 0 1.000000
bollards
  0 -3.630439 382.821167 37.930569 -0.641300 -0.353569 0.680972 0.251814 0.941219 1 0 1.000000
  0 -4.013048 384.000000 37.844555 -0.735952 0.000001 0.677034 0.236529 0.938818 1 0 1.000000
  0 -3.688085 382.786163 37.858112 -0.641300 -0.353569 0.680972 0.251804 0.938819 1 0 1.000000
bollards
  0 -3.630439 382.821167 37.930569 -0.641300 -0.353569 0.680972 0.251814 0.941219 1 0 1.000000
  0 -3.688085 382.786163 37.858112 -0.641300 -0.353569 0.680972 0.251804 0.938819 1 0 1.000000
  0 -2.768222 381.958191 37.966537 -0.382706 -0.612380 0.691757 0.267084 0.941220 1 0 1.000000
bollards
  0 -2.768222 381.958191 37.966537 -0.382706 -0.612380 0.691757 0.267084 0.941220 1 0 1.000000
  0 -3.688085 382.786163 37.858112 -0.641300 -0.353569 0.680972 0.251804 0.938819 1 0 1.000000
  0 -2.800271 381.897583 37.895145 -0.382706 -0.612380 0.691757 0.267080 0.938820 1 0 1.000000
bollards
  0 -2.768222 381.958191 37.966537 -0.382706 -0.612380 0.691757 0.267084 0.941220 1 0 1.000000
  0 -2.800271 381.897583 37.895145 -0.382706 -0.612380 0.691757 0.267080 0.938820 1 0 1.000000
  0 -1.590411 381.642334 38.015667 -0.029471 -0.707080 0.706519 0.282354 0.941224 1 0 1.000000
bollards
  0 -1.590411 381.642334 38.015667 -0.029471 -0.707080 0.706519 0.282354 0.941224 1 0 1.000000
  0 -2.800271 381.897583 37.895145 -0.382706 -0.612380 0.691757 0.267080 0.938820 1 0 1.000000
  0 -1.587494 381.572327 37.945736 -0.029471 -0.707080 0.706519 0.282355 0.938822 1 0 1.000000
bollards
  0 -1.590411 381.642334 38.015667 -0.029471 -0.707080 0.706519 0.282354 0.941224 1 0 1.000000
  0 -1.587494 381.572327 37.945736 -0.029471 -0.707080 0.706519 0.282355 0.938822 1 0 1.000000
  0 -0.412600 381.958191 38.064796 0.323769 -0.612342 0.721257 0.297631 0.941220 1 0 1.000000
bollards
  0 -0.412600 381.958191 38.064796 0.323769 -0.612342 0.721257 0.297631 0.941220 1 0 1.000000
  0 -1.587494 381.572327 37.945736 -0.029471 -0.707080 0.706519 0.282355 0.938822 1 0 1.000000
  0 -0.374717 381.897583 37.996326 0.323769 -0.612342 0.721257 0.297630 0.938820 1 0 1.000000
bollards
  0 -0.412600 381.958191 38.064796 0.323769 -0.612342 0.721257 0.297631 0.941220 1 0 1.000000
  0 -0.374717 381.897583 37.996326 0.323769 -0.612342 0.721257 0.297630 0.938820 1 0 1.000000
  0 0.449618 382.821167 38.100765 0.582367 -0.353541 0.732023 0.312914 0.941220 1 0 1.000000
bollards
  0 0.449618 382.821167 38.100765 0.582367 -0.353541 0.732023 0.312914 0.941220 1 0 1.000000
  0 -0.374717 381.897583 37.996326 0.323769 -0.612342 0.721257 0.297630 0.938820 1 0 1.000000
  0 0.513098 382.786163 38.033360 0.582367 -0.353541 0.732023 0.312906 0.938819 1 0 1.000000
bollards
  0 0.449618 382.821167 38.100765 0.582367 -0.353541 0.732023 0.312914 0.941220 1 0 1.000000
  0 0.513098 382.786163 38.033360 0.582367 -0.353541 0.732023 0.312906 0.938819 1 0 1.000000
  0 0.765211 384.000000 38.113930 0.677024 -0.000004 0.735961 0.328185 0.941220 1 0 1.000000
bollards
  0 0.765211 384.000000 38.113930 0.677024 -0.000004 0.735961 0.328185 0.941220 1 0 1.000000
  0 0.513098 382.786163 38.033360 0.582367 -0.353541 0.732023 0.312906 0.938819 1 0 1.000000
  0 0.838061 384.000000 38.046913 0.677024 -0.000004 0.735961 0.328181 0.938819 1 0 1.000000
bollards
  0 0.838061 384.000000 38.046913 0.677024 -0.000004 0.735961 0.328181 0.938819 1 0 1.000000
  0 0.449617 385.178833 38.100765 0.582368 0.353526 0.732029 0.343450 0.941220 1 0 1.000000
  0 0.765211 384.000000 38.113930 0.677024 -0.000004 0.735961 0.328185 0.941220 1 0 1.000000
bollards
  0 0.513097 385.213837 38.033360 0.582368 0.353526 0.732029 0.343456 0.938820 1 0 1.000000
  0 0.449617 385.178833 38.100765 0.582368 0.353526 0.732029 0.343450 0.941220 1 0 1.000000
  0 0.838061 384.000000 38.046913 0.677024 -0.000004 0.735961 0.328181 0.938819 1 0 1.000000
bollards
  0 0.449617 385.178833 38.100765 0.582368 0.353526 0.732029 0.343450 0.941220 1 0 1.000000
  0 0.513097 385.213837 38.033360 0.582368 0.353526 0.732029 0.343456 0.938820 1 0 1.000000
  0 -0.412600 386.041809 38.064796 0.323762 0.612342 0.721260 0.358700 0.941207 1 0 1.000000
bollards
  0 -0.412600 386.041809 38.064796 0.323762 0.612342 0.721260 0.358700 0.941207 1 0 1.000000
  0 0.513097 385.213837 38.033360 0.582368 0.353526 0.732029 0.343456 0.938820 1 0 1.000000
  0 -0.374716 386.102417 37.996326 0.323762 0.612342 0.721260 0.358730 0.938823 1 0 1.000000
bollards
  0 -0.412600 386.041809 38.064796 0.323762 0.612342 0.721260 0.358700 0.941207 1 0 1.000000
  0 -0.374716 386.102417 37.996326 0.323762 0.612342 0.721260 0.358730 0.938823 1 0 1.000000
  0 -1.590411 386.357666 38.015667 -0.029488 0.707088 0.706510 0.373788 0.941260 1 0 1.000000
bollards
  0 -1.590411 386.357666 38.015667 -0.029488 0.707088 0.706510 0.373788 0.941260 1 0 1.000000
  0 -0.374716 386.102417 37.996326 0.323762 0.612342 0.721260 0.358730 0.938823 1 0 1.000000
  0 -1.587493 386.427673 37.945736 -0.029488 0.707088 0.706510 0.374010 0.938860 1 0 1.000000
bollards
  0 -2.545157 514.357666 37.898075 -0.046872 0.707106 0.705553 0.003072 0.941259 1 0 1.000000
  0 -2.540515 514.427612 37.828236 -0.046872 0.707106 0.705553 0.002860 0.938859 1 0 1.000000
  0 -3.721397 514.041748 37.819897 -0.399633 0.612344 0.682150 0.018172 0.941205 1 0 1.000000
bollards
  0 -3.721397 514.041748 37.819897 -0.399633 0.612344 0.682150 0.018172 0.941205 1 0 1.000000
  0 -2.540515 514.427612 37.828236 -0.046872 0.707106 0.705553 0.002860 0.938859 1 0 1.000000
  0 -3.751674 514.102417 37.747738 -0.399633 0.612344 0.682150 0.018139 0.938822 1 0 1.000000
bollards
  0 -3.721397 514.041748 37.819897 -0.399633 0.612344 0.682150 0.018172 0.941205 1 0 1.000000
  0 -3.751674 514.102417 37.747738 -0.399633 0.612344 0.682150 0.018139 0.938822 1 0 1.000000
  0 -4.582464 513.178833 37.762669 -0.657909 0.353521 0.664965 0.033407 0.941219 1 0 1.000000
bollards
  0 -4.582464 513.178833 37.762669 -0.657909 0.353521 0.664965 0.033407 0.941219 1 0 1.000000
  0 -3.751674 514.102417 37.747738 -0.399633 0.612344 0.682150 0.018139 0.938822 1 0 1.000000
  0 -4.638304 513.213806 37.688808 -0.657909 0.353521 0.664965 0.033413 0.938819 1 0 1.000000
bollards
  0 -4.582464 513.178833 37.762669 -0.657909 0.353521 0.664965 0.033407 0.941219 1 0 1.000000
  0 -4.638304 513.213806 37.688808 -0.657909 0.353521 0.664965 0.033413 0.938819 1 0 1.000000
  0 -4.897636 511.999969 37.741718 -0.752441 0.000001 0.658660 0.048687 0.941219 1 0 1.000000
bollards
  0 -4.897636 511.999969 37.741718 -0.752441 0.000001 0.658660 0.048687 0.941219 1 0 1.000000
  0 -4.638304 513.213806 37.688808 -0.657909 0.353521 0.664965 0.033413 0.938819 1 0 1.000000
  0 -4.962834 511.999969 37.667240 -0.752441 0.000001 0.658660 0.048689 0.938818 1 0 1.000000
bollards
  0 -4.897636 511.999969 37.741718 -0.752441 0.000001 0.658660 0.048687 0.941219 1 0 1.000000
  0 -4.962834 511.999969 37.667240 -0.752441 0.000001 0.658660 0.048689 0.938818 1 0 1.000000
  0 -4.582464 510.821136 37.762669 -0.657912 -0.353552 0.664946 0.063973 0.941219 1 0 1.000000
bollards
  0 -4.582464 510.821136 37.762669 -0.657912 -0.353552 0.664946 0.063973 0.941219 1 0 1.000000
  0 -4.962834 511.999969 37.667240 -0.752441 0.000001 0.658660 0.048689 0.938818 1 0 1.000000
  0 -4.638304 510.786133 37.688808 -0.657912 -0.353552 0.664946 0.063964 0.938819 1 0 1.000000
bollards
  0 -4.582464 510.821136 37.762669 -0.657912 -0.353552 0.664946 0.063973 0.941219 1 0 1.000000
  0 -4.638304 510.786133 37.688808 -0.657912 -0.353552 0.664946 0.063964 0.938819 1 0 1.000000
  0 -3.721397 509.958160 37.819897 -0.399677 -0.612366 0.682104 0.079243 0.941220 1 0 1.000000
bollards
  0 -3.721397 509.958160 37.819897 -0.399677 -0.612366 0.682104 0.079243 0.941220 1 0 1.000000
  0 -4.638304 510.786133 37.688808 -0.657912 -0.353552 0.664946 0.063964 0.938819 1 0 1.000000
  0 -3.751674 509.897552 37.747738 -0.399677 -0.612366 0.682104 0.079239 0.938820 1 0 1.000000
bollards
  0 -3.721397 509.958160 37.819897 -0.399677 -0.612366 0.682104 0.079243 0.941220 1 0 1.000000
  0 -3.751674 509.897552 37.747738 -0.399677 -0.612366 0.682104 0.079239 0.938820 1 0 1.000000
  0 -2.545157 509.642303 37.898075 -0.046903 -0.707104 0.705552 0.094513 0.941224 1 0 1.000000
bollards
  0 -2.545157 509.642303 37.898075 -0.046903 -0.707104 0.705552 0.094513 0.941224 1 0 1.000000
  0 -3.751674 509.897552 37.747738 -0.399677 -0.612366 0.682104 0.079239 0.938820 1 0 1.000000
  0 -2.540515 509.572296 37.828236 -0.046903 -0.707104 0.705552 0.094514 0.938822 1 0 1.000000
bollards
  0 -2.545157 509.642303 37.898075 -0.046903 -0.707104 0.705552 0.094513 0.941224 1 0 1.000000
  0 -2.540515 509.572296 37.828236 -0.046903 -0.707104 0.705552 0.094514 0.938822 1 0 1.000000
  0 -1.368917 509.958160 37.976254 0.305887 -0.612376 0.728992 0.109790 0.941220 1 0 1.000000
bollards
  0 -1.368917 509.958160 37.976254 0.305887 -0.612376 0.728992 0.109790 0.941220 1 0 1.000000
  0 -2.540515 509.572296 37.828236 -0.046903 -0.707104 0.705552 0.094514 0.938822 1 0 1.000000
  0 -1.329355 509.897552 37.908733 0.305887 -0.612376 0.728992 0.109789 0.938820 1 0 1.000000
bollards
  0 -1.368917 509.958160 37.976254 0.305887 -0.612376 0.728992 0.109790 0.941220 1 0 1.000000
  0 -1.329355 509.897552 37.908733 0.305887 -0.612376 0.728992 0.109789 0.938820 1 0 1.000000
  0 -0.507849 510.821136 38.033482 0.564129 -0.353546 0.746166 0.125073 0.941220 1 0 1.000000
bollards
  0 -0.507849 510.821136 38.033482 0.564129 -0.353546 0.746166 0.125073 0.941220 1 0 1.000000
  0 -1.329355 509.897552 37.908733 0.305887 -0.612376 0.728992 0.109789 0.938820 1 0 1.000000
  0 -0.442725 510.786133 37.967663 0.564129 -0.353546 0.746166 0.125065 0.938819 1 0 1.000000
bollards
  0 -0.507849 510.821136 38.033482 0.564129 -0.353546 0.746166 0.125073 0.941220 1 0 1.000000
  0 -0.442725 510.786133 37.967663 0.564129 -0.353546 0.746166 0.125065 0.938819 1 0 1.000000
  0 -0.192676 511.999969 38.054428 0.658658 0.000003 0.752443 0.140344 0.941220 1 0 1.000000
bollards
  0 -0.192676 511.999969 38.054428 0.658658 0.000003 0.752443 0.140344 0.941220 1 0 1.000000
  0 -0.442725 510.786133 37.967663 0.564129 -0.353546 0.746166 0.125065 0.938819 1 0 1.000000
  0 -0.118196 511.999969 37.989235 0.658658 0.000003 0.752443 0.140340 0.938819 1 0 1.000000
bollards
  0 -0.118196 511.999969 37.989235 0.658658 0.000003 0.752443 0.140340 0.938819 1 0 1.000000
  0 -0.507850 513.178833 38.033482 0.564118 0.353547 0.746174 0.155609 0.941220 1 0 1.000000
  0 -0.192676 511.999969 38.054428 0.658658 0.000003 0.752443 0.140344 0.941220 1 0 1.000000
bollards
  0 -0.442726 513.213806 37.967663 0.564118 0.353547 0.746174 0.155615 0.938820 1 0 1.000000
  0 -0.507850 513.178833 38.033482 0.564118 0.353547 0.746174 0.155609 0.941220 1 0 1.000000
  0 -0.118196 511.999969 37.989235 0.658658 0.000003 0.752443 0.140340 0.938819 1 0 1.000000
bollards
  0 -0.507850 513.178833 38.033482 0.564118 0.353547 0.746174 0.155609 0.941220 1 0 1.000000
  0 -0.442726 513.213806 37.967663 0.564118 0.353547 0.746174 0.155615 0.938820 1 0 1.000000
  0 -1.368916 514.041748 37.976254 0.305851 0.612369 0.729013 0.170859 0.941207 1 0 1.000000
bollards
  0 -1.368916 514.041748 37.976254 0.305851 0.612369 0.729013 0.170859 0.941207 1 0 1.000000
  0 -0.442726 513.213806 37.967663 0.564118 0.353547 0.746174 0.155615 0.938820 1 0 1.000000
  0 -1.329355 514.102417 37.908733 0.305851 0.612369 0.729013 0.170889 0.938823 1 0 1.000000
bollards
  0 -1.368916 514.041748 37.976254 0.305851 0.612369 0.729013 0.170859 0.941207 1 0 1.000000
  0 -1.329355 514.102417 37.908733 0.305851 0.612369 0.729013 0.170889 0.938823 1 0 1.000000
  0 -2.545157 514.357666 37.898075 -0.046872 0.707106 0.705553 0.185947 0.941260 1 0 1.000000
bollards
  0 -2.545157 514.357666 37.898075 -0.046872 0.707106 0.705553 0.185947 0.941260 1 0 1.000000
  0 -1.329355 514.102417 37.908733 0.305851 0.612369 0.729013 0.170889 0.938823 1 0 1.000000
  0 -2.540515 514.427612 37.828236 -0.046872 0.707106 0.705553 0.186169 0.938860 1 0 1.000000
end
