version 1
nodes
0 "root" -1
end
skeleton
time 0
0 0 0 0 0 0 0
end
triangles
stocking
0  0.911285 -1.455279 18.640974  -0.884746 0.144907 -0.442974  0.488230 0.016110 0
0  0.965071 -1.444973 18.594290  -0.884748 0.144897 -0.442975  0.494770 0.016110 0
0  1.397979 -2.500558 18.326313  -0.750045 -0.393386 -0.531677  0.494770 0.084040 0
stocking
0  4.824867 -1.958211 19.214195  0.973731 -0.046156 -0.222975  0.488230 0.361260 0
0  4.297333 -2.966318 18.775988  0.769054 -0.494693 -0.404765  0.488230 0.294000 0
0  4.269462 -2.913870 18.735849  0.769044 -0.494699 -0.404778  0.494770 0.294490 0
stocking
0  3.600098 -3.366499 18.448961  0.438669 -0.713236 -0.546684  0.494770 0.244520 0
0  4.269462 -2.913870 18.735849  0.769044 -0.494699 -0.404778  0.494770 0.294490 0
0  4.297333 -2.966318 18.775988  0.769054 -0.494693 -0.404765  0.488230 0.294000 0
stocking
0  4.297333 -2.966318 18.775988  0.769054 -0.494693 -0.404765  0.488230 0.294000 0
0  3.612227 -3.426234 18.481396  0.438656 -0.713229 -0.546705  0.488230 0.244570 0
0  3.600098 -3.366499 18.448961  0.438669 -0.713236 -0.546684  0.494770 0.244520 0
stocking
0  2.708665 -3.497588 18.275122  -0.063007 -0.793398 -0.605433  0.494770 0.189420 0
0  3.600098 -3.366499 18.448961  0.438669 -0.713236 -0.546684  0.494770 0.244520 0
0  3.612227 -3.426234 18.481396  0.438656 -0.713229 -0.546705  0.488230 0.244570 0
stocking
0  3.612227 -3.426234 18.481396  0.438656 -0.713229 -0.546705  0.488230 0.244570 0
0  2.699215 -3.558165 18.309095  -0.063008 -0.793396 -0.605436  0.488230 0.189880 0
0  2.708665 -3.497588 18.275122  -0.063007 -0.793398 -0.605433  0.494770 0.189420 0
stocking
0  2.058572 -3.186932 18.276737  -0.489012 -0.656880 -0.573913  0.494770 0.145390 0
0  2.708665 -3.497588 18.275122  -0.063007 -0.793398 -0.605433  0.494770 0.189420 0
0  2.699215 -3.558165 18.309095  -0.063008 -0.793396 -0.605436  0.488230 0.189880 0
stocking
0  2.699215 -3.558165 18.309095  -0.063008 -0.793396 -0.605436  0.488230 0.189880 0
0  2.032335 -3.240575 18.313232  -0.489023 -0.656905 -0.573875  0.488230 0.146200 0
0  2.058572 -3.186932 18.276737  -0.489012 -0.656880 -0.573913  0.494770 0.145390 0
stocking
0  1.397979 -2.500558 18.326313  -0.750045 -0.393386 -0.531677  0.494770 0.084040 0
0  2.058572 -3.186932 18.276737  -0.489012 -0.656880 -0.573913  0.494770 0.145390 0
0  2.032335 -3.240575 18.313232  -0.489023 -0.656905 -0.573875  0.488230 0.146200 0
stocking
0  2.032335 -3.240575 18.313232  -0.489023 -0.656905 -0.573875  0.488230 0.146200 0
0  1.353247 -2.537647 18.366922  -0.750046 -0.393394 -0.531670  0.488230 0.085610 0
0  1.397979 -2.500558 18.326313  -0.750045 -0.393386 -0.531677  0.494770 0.084040 0
stocking
0  1.397979 -2.500558 18.326313  -0.750045 -0.393386 -0.531677  0.494770 0.084040 0
0  1.353247 -2.537647 18.366922  -0.750046 -0.393394 -0.531670  0.488230 0.085610 0
0  0.911285 -1.455279 18.640974  -0.884746 0.144907 -0.442974  0.488230 0.016110 0
stocking
0  0.847896 -1.606523 19.312956  -0.989053 -0.079749 0.124154  0.449275 0.016110 0
0  0.911285 -1.455279 18.640974  -0.884746 0.144907 -0.442974  0.488230 0.016110 0
0  1.353247 -2.537647 18.366922  -0.750046 -0.393394 -0.531670  0.488230 0.085610 0
stocking
0  1.353247 -2.537647 18.366922  -0.750046 -0.393394 -0.531670  0.488230 0.085610 0
0  1.271646 -2.690118 19.045612  -0.833236 -0.552392 0.024106  0.449275 0.085270 0
0  0.847896 -1.606523 19.312956  -0.989053 -0.079749 0.124154  0.449275 0.016110 0
stocking
0  0.847896 -1.606523 19.312956  -0.989053 -0.079749 0.124154  0.449275 0.016110 0
0  1.271646 -2.690118 19.045612  -0.833236 -0.552392 0.024106  0.449275 0.085270 0
0  1.299110 -2.685295 19.148626  -0.352251 -0.396225 0.847894  0.442855 0.085450 0
stocking
0  1.299110 -2.685295 19.148626  -0.352251 -0.396225 0.847894  0.442855 0.085450 0
0  1.271646 -2.690118 19.045612  -0.833236 -0.552392 0.024106  0.449275 0.085270 0
0  1.968319 -3.385506 18.964184  -0.572342 -0.819985 0.006991  0.449275 0.147110 0
stocking
0  1.968319 -3.385506 18.964184  -0.572342 -0.819985 0.006991  0.449275 0.147110 0
0  1.981011 -3.362535 19.065445  -0.260046 -0.472963 0.841833  0.442855 0.147080 0
0  1.299110 -2.685295 19.148626  -0.352251 -0.396225 0.847894  0.442855 0.085450 0
stocking
0  1.981011 -3.362535 19.065445  -0.260046 -0.472963 0.841833  0.442855 0.147080 0
0  1.968319 -3.385506 18.964184  -0.572342 -0.819985 0.006991  0.449275 0.147110 0
0  2.638827 -3.694251 18.935966  -0.154710 -0.987524 0.029341  0.449275 0.191590 0
stocking
0  2.638827 -3.694251 18.935966  -0.154710 -0.987524 0.029341  0.449275 0.191590 0
0  2.635497 -3.662475 19.034653  -0.113599 -0.520836 0.846064  0.442855 0.191610 0
0  1.981011 -3.362535 19.065445  -0.260046 -0.472963 0.841833  0.442855 0.147080 0
stocking
0  2.635497 -3.662475 19.034653  -0.113599 -0.520836 0.846064  0.442855 0.191610 0
0  2.638827 -3.694251 18.935966  -0.154710 -0.987524 0.029341  0.449275 0.191590 0
0  3.542804 -3.586287 19.050739  0.319143 -0.945308 0.067380  0.449275 0.246560 0
stocking
0  1.299110 -2.685295 19.148626  -0.352251 -0.396225 0.847894  0.442855 0.085450 0
0  0.888270 -1.628223 19.408482  -0.395779 -0.334706 0.855179  0.442855 0.016110 0
0  0.847896 -1.606523 19.312956  -0.989053 -0.079749 0.124154  0.449275 0.016110 0
stocking
0  0.888270 -1.628223 19.408482  -0.395779 -0.334706 0.855179  0.442855 0.016110 0
0  1.299110 -2.685295 19.148626  -0.352251 -0.396225 0.847894  0.442855 0.085450 0
0  1.549517 -2.454113 19.078655  0.277117 -0.006290 0.960816  0.417690 0.083040 0
stocking
0  1.549517 -2.454113 19.078655  0.277117 -0.006290 0.960816  0.417690 0.083040 0
0  1.299110 -2.685295 19.148626  -0.352251 -0.396225 0.847894  0.442855 0.085450 0
0  1.981011 -3.362535 19.065445  -0.260046 -0.472963 0.841833  0.442855 0.147080 0
stocking
0  1.981011 -3.362535 19.065445  -0.260046 -0.472963 0.841833  0.442855 0.147080 0
0  2.110253 -3.007940 19.007101  0.155188 0.104555 0.982336  0.415690 0.141660 0
0  1.549517 -2.454113 19.078655  0.277117 -0.006290 0.960816  0.417690 0.083040 0
stocking
0  2.110253 -3.007940 19.007101  0.155188 0.104555 0.982336  0.415690 0.141660 0
0  1.981011 -3.362535 19.065445  -0.260046 -0.472963 0.841833  0.442855 0.147080 0
0  2.635497 -3.662475 19.034653  -0.113599 -0.520836 0.846064  0.442855 0.191610 0
stocking
0  1.549517 -2.454113 19.078655  0.277117 -0.006290 0.960816  0.417690 0.083040 0
0  1.215221 -1.588075 19.290688  0.355858 -0.318431 0.878616  0.415570 0.016110 0
0  0.888270 -1.628223 19.408482  -0.395779 -0.334706 0.855179  0.442855 0.016110 0
stocking
0  2.653315 0.135685 20.667896  -0.045864 0.859145 0.509673  0.449275 0.546040 0
0  2.702825 0.385944 19.858438  0.035397 0.999086 -0.023971  0.488230 0.549360 0
0  1.623475 0.154267 19.574268  -0.502485 0.852248 -0.145540  0.488230 0.608510 0
stocking
0  2.702825 0.385944 19.858438  0.035397 0.999086 -0.023971  0.488230 0.549360 0
0  2.653315 0.135685 20.667896  -0.045864 0.859145 0.509673  0.449275 0.546040 0
0  3.871052 -0.133863 20.564333  0.537742 0.684577 0.492126  0.449275 0.486020 0
stocking
0  3.871052 -0.133863 20.564333  0.537742 0.684577 0.492126  0.449275 0.486020 0
0  3.905249 0.046603 19.859999  0.563876 0.822175 -0.077925  0.488230 0.485480 0
0  2.702825 0.385944 19.858438  0.035397 0.999086 -0.023971  0.488230 0.549360 0
stocking
0  3.905249 0.046603 19.859999  0.563876 0.822175 -0.077925  0.488230 0.485480 0
0  3.871052 -0.133863 20.564333  0.537742 0.684577 0.492126  0.449275 0.486020 0
0  4.466264 -0.916681 20.309038  0.868461 0.253391 0.426109  0.449275 0.435170 0
stocking
0  4.466264 -0.916681 20.309038  0.868461 0.253391 0.426109  0.449275 0.435170 0
0  4.557086 -0.786013 19.626783  0.884615 0.450978 -0.118638  0.488230 0.429330 0
0  3.905249 0.046603 19.859999  0.563876 0.822175 -0.077925  0.488230 0.485480 0
stocking
0  4.824867 -1.958211 19.214195  0.973731 -0.046156 -0.222975  0.488230 0.361260 0
0  4.557086 -0.786013 19.626783  0.884615 0.450978 -0.118638  0.488230 0.429330 0
0  4.466264 -0.916681 20.309038  0.868461 0.253391 0.426109  0.449275 0.435170 0
stocking
0  4.466264 -0.916681 20.309038  0.868461 0.253391 0.426109  0.449275 0.435170 0
0  4.685085 -2.054210 19.892971  0.904346 -0.241716 0.351755  0.449275 0.368800 0
0  4.824867 -1.958211 19.214195  0.973731 -0.046156 -0.222975  0.488230 0.361260 0
stocking
0  4.297333 -2.966318 18.775988  0.769054 -0.494693 -0.404765  0.488230 0.294000 0
0  4.824867 -1.958211 19.214195  0.973731 -0.046156 -0.222975  0.488230 0.361260 0
0  4.685085 -2.054210 19.892971  0.904346 -0.241716 0.351755  0.449275 0.368800 0
stocking
0  4.685085 -2.054210 19.892971  0.904346 -0.241716 0.351755  0.449275 0.368800 0
0  4.216648 -3.166555 19.349823  0.685616 -0.703230 0.188144  0.449275 0.295120 0
0  4.297333 -2.966318 18.775988  0.769054 -0.494693 -0.404765  0.488230 0.294000 0
stocking
0  3.612227 -3.426234 18.481396  0.438656 -0.713229 -0.546705  0.488230 0.244570 0
0  4.297333 -2.966318 18.775988  0.769054 -0.494693 -0.404765  0.488230 0.294000 0
0  4.216648 -3.166555 19.349823  0.685616 -0.703230 0.188144  0.449275 0.295120 0
stocking
0  4.216648 -3.166555 19.349823  0.685616 -0.703230 0.188144  0.449275 0.295120 0
0  3.542804 -3.586287 19.050739  0.319143 -0.945308 0.067380  0.449275 0.246560 0
0  3.612227 -3.426234 18.481396  0.438656 -0.713229 -0.546705  0.488230 0.244570 0
stocking
0  2.699215 -3.558165 18.309095  -0.063008 -0.793396 -0.605436  0.488230 0.189880 0
0  3.612227 -3.426234 18.481396  0.438656 -0.713229 -0.546705  0.488230 0.244570 0
0  3.542804 -3.586287 19.050739  0.319143 -0.945308 0.067380  0.449275 0.246560 0
stocking
0  3.542804 -3.586287 19.050739  0.319143 -0.945308 0.067380  0.449275 0.246560 0
0  2.638827 -3.694251 18.935966  -0.154710 -0.987524 0.029341  0.449275 0.191590 0
0  2.699215 -3.558165 18.309095  -0.063008 -0.793396 -0.605436  0.488230 0.189880 0
stocking
0  2.032335 -3.240575 18.313232  -0.489023 -0.656905 -0.573875  0.488230 0.146200 0
0  2.699215 -3.558165 18.309095  -0.063008 -0.793396 -0.605436  0.488230 0.189880 0
0  2.638827 -3.694251 18.935966  -0.154710 -0.987524 0.029341  0.449275 0.191590 0
stocking
0  2.638827 -3.694251 18.935966  -0.154710 -0.987524 0.029341  0.449275 0.191590 0
0  1.968319 -3.385506 18.964184  -0.572342 -0.819985 0.006991  0.449275 0.147110 0
0  2.032335 -3.240575 18.313232  -0.489023 -0.656905 -0.573875  0.488230 0.146200 0
stocking
0  1.353247 -2.537647 18.366922  -0.750046 -0.393394 -0.531670  0.488230 0.085610 0
0  2.032335 -3.240575 18.313232  -0.489023 -0.656905 -0.573875  0.488230 0.146200 0
0  1.968319 -3.385506 18.964184  -0.572342 -0.819985 0.006991  0.449275 0.147110 0
stocking
0  1.968319 -3.385506 18.964184  -0.572342 -0.819985 0.006991  0.449275 0.147110 0
0  1.271646 -2.690118 19.045612  -0.833236 -0.552392 0.024106  0.449275 0.085270 0
0  1.353247 -2.537647 18.366922  -0.750046 -0.393394 -0.531670  0.488230 0.085610 0
stocking
0  3.542804 -3.586287 19.050739  0.319143 -0.945308 0.067380  0.449275 0.246560 0
0  3.515983 -3.560421 19.138788  -0.031680 -0.541831 0.839891  0.442855 0.247250 0
0  2.635497 -3.662475 19.034653  -0.113599 -0.520836 0.846064  0.442855 0.191610 0
stocking
0  3.515983 -3.560421 19.138788  -0.031680 -0.541831 0.839891  0.442855 0.247250 0
0  3.542804 -3.586287 19.050739  0.319143 -0.945308 0.067380  0.449275 0.246560 0
0  4.216648 -3.166555 19.349823  0.685616 -0.703230 0.188144  0.449275 0.295120 0
stocking
0  4.216648 -3.166555 19.349823  0.685616 -0.703230 0.188144  0.449275 0.295120 0
0  4.171701 -3.156482 19.431116  0.028449 -0.516359 0.855899  0.442855 0.295900 0
0  3.515983 -3.560421 19.138788  -0.031680 -0.541831 0.839891  0.442855 0.247250 0
stocking
0  4.171701 -3.156482 19.431116  0.028449 -0.516359 0.855899  0.442855 0.295900 0
0  4.216648 -3.166555 19.349823  0.685616 -0.703230 0.188144  0.449275 0.295120 0
0  4.685085 -2.054210 19.892971  0.904346 -0.241716 0.351755  0.449275 0.368800 0
stocking
0  4.685085 -2.054210 19.892971  0.904346 -0.241716 0.351755  0.449275 0.368800 0
0  4.620582 -2.057385 19.975130  0.133772 -0.375881 0.916961  0.442855 0.369920 0
0  4.171701 -3.156482 19.431116  0.028449 -0.516359 0.855899  0.442855 0.295900 0
stocking
0  4.620582 -2.057385 19.975130  0.133772 -0.375881 0.916961  0.442855 0.369920 0
0  4.685085 -2.054210 19.892971  0.904346 -0.241716 0.351755  0.449275 0.368800 0
0  4.466264 -0.916681 20.309038  0.868461 0.253391 0.426109  0.449275 0.435170 0
stocking
0  4.466264 -0.916681 20.309038  0.868461 0.253391 0.426109  0.449275 0.435170 0
0  4.413795 -0.952579 20.381420  0.166889 -0.252688 0.953046  0.442855 0.435770 0
0  4.620582 -2.057385 19.975130  0.133772 -0.375881 0.916961  0.442855 0.369920 0
stocking
0  3.840927 -0.195798 20.633427  0.131605 -0.133525 0.982269  0.442855 0.486300 0
0  4.413795 -0.952579 20.381420  0.166889 -0.252688 0.953046  0.442855 0.435770 0
0  4.466264 -0.916681 20.309038  0.868461 0.253391 0.426109  0.449275 0.435170 0
stocking
0  4.466264 -0.916681 20.309038  0.868461 0.253391 0.426109  0.449275 0.435170 0
0  3.871052 -0.133863 20.564333  0.537742 0.684577 0.492126  0.449275 0.486020 0
0  3.840927 -0.195798 20.633427  0.131605 -0.133525 0.982269  0.442855 0.486300 0
stocking
0  2.651103 0.057638 20.748707  -0.142587 -0.088406 0.985826  0.442855 0.545500 0
0  3.840927 -0.195798 20.633427  0.131605 -0.133525 0.982269  0.442855 0.486300 0
0  3.871052 -0.133863 20.564333  0.537742 0.684577 0.492126  0.449275 0.486020 0
stocking
0  3.871052 -0.133863 20.564333  0.537742 0.684577 0.492126  0.449275 0.486020 0
0  2.653315 0.135685 20.667896  -0.045864 0.859145 0.509673  0.449275 0.546040 0
0  2.651103 0.057638 20.748707  -0.142587 -0.088406 0.985826  0.442855 0.545500 0
stocking
0  1.624770 -0.113254 20.346193  -0.434392 -0.206770 0.876669  0.442855 0.599420 0
0  2.651103 0.057638 20.748707  -0.142587 -0.088406 0.985826  0.442855 0.545500 0
0  2.653315 0.135685 20.667896  -0.045864 0.859145 0.509673  0.449275 0.546040 0
stocking
0  2.653315 0.135685 20.667896  -0.045864 0.859145 0.509673  0.449275 0.546040 0
0  1.597753 -0.046419 20.270916  -0.643663 0.649350 0.405021  0.449275 0.600990 0
0  1.624770 -0.113254 20.346193  -0.434392 -0.206770 0.876669  0.442855 0.599420 0
stocking
0  1.213168 -0.656327 19.921682  -0.440271 -0.310082 0.842621  0.442855 0.642590 0
0  1.624770 -0.113254 20.346193  -0.434392 -0.206770 0.876669  0.442855 0.599420 0
0  1.597753 -0.046419 20.270916  -0.643663 0.649350 0.405021  0.449275 0.600990 0
stocking
0  1.597753 -0.046419 20.270916  -0.643663 0.649350 0.405021  0.449275 0.600990 0
0  1.182702 -0.613244 19.836628  -0.920374 0.313220 0.234106  0.449275 0.644460 0
0  1.213168 -0.656327 19.921682  -0.440271 -0.310082 0.842621  0.442855 0.642590 0
stocking
0  1.258335 -0.484697 19.146769  -0.779279 0.542137 -0.314342  0.488230 0.655850 0
0  1.182702 -0.613244 19.836628  -0.920374 0.313220 0.234106  0.449275 0.644460 0
0  1.597753 -0.046419 20.270916  -0.643663 0.649350 0.405021  0.449275 0.600990 0
stocking
0  1.597753 -0.046419 20.270916  -0.643663 0.649350 0.405021  0.449275 0.600990 0
0  1.623475 0.154267 19.574268  -0.502485 0.852248 -0.145540  0.488230 0.608510 0
0  1.258335 -0.484697 19.146769  -0.779279 0.542137 -0.314342  0.488230 0.655850 0
stocking
0  1.623475 0.154267 19.574268  -0.502485 0.852248 -0.145540  0.488230 0.608510 0
0  1.597753 -0.046419 20.270916  -0.643663 0.649350 0.405021  0.449275 0.600990 0
0  2.653315 0.135685 20.667896  -0.045864 0.859145 0.509673  0.449275 0.546040 0
stocking
0  2.635497 -3.662475 19.034653  -0.113599 -0.520836 0.846064  0.442855 0.191610 0
0  2.646815 -3.252543 18.978912  -0.010412 0.137354 0.990467  0.417380 0.190620 0
0  2.110253 -3.007940 19.007101  0.155188 0.104555 0.982336  0.415690 0.141660 0
stocking
0  2.646815 -3.252543 18.978912  -0.010412 0.137354 0.990467  0.417380 0.190620 0
0  2.635497 -3.662475 19.034653  -0.113599 -0.520836 0.846064  0.442855 0.191610 0
0  3.515983 -3.560421 19.138788  -0.031680 -0.541831 0.839891  0.442855 0.247250 0
stocking
0  3.515983 -3.560421 19.138788  -0.031680 -0.541831 0.839891  0.442855 0.247250 0
0  3.366942 -3.171898 19.057140  -0.278564 0.087760 0.956400  0.419180 0.246520 0
0  2.646815 -3.252543 18.978912  -0.010412 0.137354 0.990467  0.417380 0.190620 0
stocking
0  3.366942 -3.171898 19.057140  -0.278564 0.087760 0.956400  0.419180 0.246520 0
0  3.515983 -3.560421 19.138788  -0.031680 -0.541831 0.839891  0.442855 0.247250 0
0  4.171701 -3.156482 19.431116  0.028449 -0.516359 0.855899  0.442855 0.295900 0
stocking
0  4.171701 -3.156482 19.431116  0.028449 -0.516359 0.855899  0.442855 0.295900 0
0  3.902681 -2.845960 19.297150  -0.500725 -0.072557 0.862560  0.422410 0.298800 0
0  3.366942 -3.171898 19.057140  -0.278564 0.087760 0.956400  0.419180 0.246520 0
stocking
0  3.902681 -2.845960 19.297150  -0.500725 -0.072557 0.862560  0.422410 0.298800 0
0  4.171701 -3.156482 19.431116  0.028449 -0.516359 0.855899  0.442855 0.295900 0
0  4.620582 -2.057385 19.975130  0.133772 -0.375881 0.916961  0.442855 0.369920 0
stocking
0  4.620582 -2.057385 19.975130  0.133772 -0.375881 0.916961  0.442855 0.369920 0
0  4.263102 -1.932818 19.755690  -0.577512 -0.274353 0.768902  0.421750 0.369310 0
0  3.902681 -2.845960 19.297150  -0.500725 -0.072557 0.862560  0.422410 0.298800 0
stocking
0  4.263102 -1.932818 19.755690  -0.577512 -0.274353 0.768902  0.421750 0.369310 0
0  4.620582 -2.057385 19.975130  0.133772 -0.375881 0.916961  0.442855 0.369920 0
0  4.413795 -0.952579 20.381420  0.166889 -0.252688 0.953046  0.442855 0.435770 0
stocking
0  4.413795 -0.952579 20.381420  0.166889 -0.252688 0.953046  0.442855 0.435770 0
0  4.099741 -1.032095 20.088919  -0.527783 -0.480128 0.700658  0.420380 0.432520 0
0  4.263102 -1.932818 19.755690  -0.577512 -0.274353 0.768902  0.421750 0.369310 0
stocking
0  3.637452 -0.418316 20.298069  -0.292170 -0.698836 0.652890  0.422450 0.486190 0
0  4.099741 -1.032095 20.088919  -0.527783 -0.480128 0.700658  0.420380 0.432520 0
0  4.413795 -0.952579 20.381420  0.166889 -0.252688 0.953046  0.442855 0.435770 0
stocking
0  4.413795 -0.952579 20.381420  0.166889 -0.252688 0.953046  0.442855 0.435770 0
0  3.840927 -0.195798 20.633427  0.131605 -0.133525 0.982269  0.442855 0.486300 0
0  3.637452 -0.418316 20.298069  -0.292170 -0.698836 0.652890  0.422450 0.486190 0
stocking
0  2.660936 -0.219307 20.405439  -0.107951 -0.786176 0.608501  0.420540 0.545900 0
0  3.637452 -0.418316 20.298069  -0.292170 -0.698836 0.652890  0.422450 0.486190 0
0  3.840927 -0.195798 20.633427  0.131605 -0.133525 0.982269  0.442855 0.486300 0
stocking
0  3.840927 -0.195798 20.633427  0.131605 -0.133525 0.982269  0.442855 0.486300 0
0  2.651103 0.057638 20.748707  -0.142587 -0.088406 0.985826  0.442855 0.545500 0
0  2.660936 -0.219307 20.405439  -0.107951 -0.786176 0.608501  0.420540 0.545900 0
stocking
0  1.823153 -0.353190 20.061838  0.035138 -0.749792 0.660740  0.423460 0.602090 0
0  2.660936 -0.219307 20.405439  -0.107951 -0.786176 0.608501  0.420540 0.545900 0
0  2.651103 0.057638 20.748707  -0.142587 -0.088406 0.985826  0.442855 0.545500 0
stocking
0  2.651103 0.057638 20.748707  -0.142587 -0.088406 0.985826  0.442855 0.545500 0
0  1.624770 -0.113254 20.346193  -0.434392 -0.206770 0.876669  0.442855 0.599420 0
0  1.823153 -0.353190 20.061838  0.035138 -0.749792 0.660740  0.423460 0.602090 0
stocking
0  1.479851 -0.789164 19.713272  0.266803 -0.614189 0.742690  0.422540 0.646800 0
0  1.823153 -0.353190 20.061838  0.035138 -0.749792 0.660740  0.423460 0.602090 0
0  1.624770 -0.113254 20.346193  -0.434392 -0.206770 0.876669  0.442855 0.599420 0
stocking
0  1.624770 -0.113254 20.346193  -0.434392 -0.206770 0.876669  0.442855 0.599420 0
0  1.213168 -0.656327 19.921682  -0.440271 -0.310082 0.842621  0.442855 0.642590 0
0  1.479851 -0.789164 19.713272  0.266803 -0.614189 0.742690  0.422540 0.646800 0
stocking
0  1.215221 -1.588075 19.290688  0.355858 -0.318431 0.878616  0.420200 0.719990 0
0  1.479851 -0.789164 19.713272  0.266803 -0.614189 0.742690  0.422540 0.646800 0
0  1.213168 -0.656327 19.921682  -0.440271 -0.310082 0.842621  0.442855 0.642590 0
stocking
0  1.213168 -0.656327 19.921682  -0.440271 -0.310082 0.842621  0.442855 0.642590 0
0  0.888270 -1.628223 19.408482  -0.395779 -0.334706 0.855179  0.442855 0.719990 0
0  1.215221 -1.588075 19.290688  0.355858 -0.318431 0.878616  0.420200 0.719990 0
stocking
0  0.888270 -1.628223 19.408482  -0.395779 -0.334706 0.855179  0.442855 0.719990 0
0  1.213168 -0.656327 19.921682  -0.440271 -0.310082 0.842621  0.442855 0.642590 0
0  1.182702 -0.613244 19.836628  -0.920374 0.313220 0.234106  0.449275 0.644460 0
stocking
0  1.182702 -0.613244 19.836628  -0.920374 0.313220 0.234106  0.449275 0.644460 0
0  0.847896 -1.606523 19.312956  -0.989053 -0.079749 0.124154  0.449275 0.719990 0
0  0.888270 -1.628223 19.408482  -0.395779 -0.334706 0.855179  0.442855 0.719990 0
stocking
0  0.911285 -1.455279 18.640974  -0.884746 0.144907 -0.442974  0.488230 0.719990 0
0  0.847896 -1.606523 19.312956  -0.989053 -0.079749 0.124154  0.449275 0.719990 0
0  1.182702 -0.613244 19.836628  -0.920374 0.313220 0.234106  0.449275 0.644460 0
stocking
0  1.182702 -0.613244 19.836628  -0.920374 0.313220 0.234106  0.449275 0.644460 0
0  1.258335 -0.484697 19.146769  -0.779279 0.542137 -0.314342  0.488230 0.655850 0
0  0.911285 -1.455279 18.640974  -0.884746 0.144907 -0.442974  0.488230 0.719990 0
stocking
0  0.965071 -1.444973 18.594290  -0.884748 0.144897 -0.442975  0.494770 0.719990 0
0  0.911285 -1.455279 18.640974  -0.884746 0.144907 -0.442974  0.488230 0.719990 0
0  1.258335 -0.484697 19.146769  -0.779279 0.542137 -0.314342  0.488230 0.655850 0
stocking
0  1.258335 -0.484697 19.146769  -0.779279 0.542137 -0.314342  0.488230 0.655850 0
0  1.304805 -0.500576 19.085831  -0.779273 0.542132 -0.314367  0.494770 0.657420 0
0  0.965071 -1.444973 18.594290  -0.884748 0.144897 -0.442975  0.494770 0.719990 0
stocking
0  1.304805 -0.500576 19.085831  -0.779273 0.542132 -0.314367  0.494770 0.657420 0
0  1.258335 -0.484697 19.146769  -0.779279 0.542137 -0.314342  0.488230 0.655850 0
0  1.623475 0.154267 19.574268  -0.502485 0.852248 -0.145540  0.488230 0.608510 0
stocking
0  1.623475 0.154267 19.574268  -0.502485 0.852248 -0.145540  0.488230 0.608510 0
0  1.655933 0.129902 19.502119  -0.510296 0.841137 -0.179127  0.494770 0.609790 0
0  1.304805 -0.500576 19.085831  -0.779273 0.542132 -0.314367  0.494770 0.657420 0
stocking
0  1.655933 0.129902 19.502119  -0.510296 0.841137 -0.179127  0.494770 0.609790 0
0  1.623475 0.154267 19.574268  -0.502485 0.852248 -0.145540  0.488230 0.608510 0
0  2.702825 0.385944 19.858438  0.035397 0.999086 -0.023971  0.488230 0.549360 0
stocking
0  2.702825 0.385944 19.858438  0.035397 0.999086 -0.023971  0.488230 0.549360 0
0  2.711092 0.360858 19.767950  0.035401 0.999085 -0.023995  0.494770 0.549570 0
0  1.655933 0.129902 19.502119  -0.510296 0.841137 -0.179127  0.494770 0.609790 0
stocking
0  2.711092 0.360858 19.767950  0.035401 0.999085 -0.023995  0.494770 0.549570 0
0  2.702825 0.385944 19.858438  0.035397 0.999086 -0.023971  0.488230 0.549360 0
0  3.905249 0.046603 19.859999  0.563876 0.822175 -0.077925  0.488230 0.485480 0
stocking
0  3.905249 0.046603 19.859999  0.563876 0.822175 -0.077925  0.488230 0.485480 0
0  3.882362 0.022858 19.780041  0.563876 0.822175 -0.077922  0.494770 0.485400 0
0  2.711092 0.360858 19.767950  0.035401 0.999085 -0.023995  0.494770 0.549570 0
stocking
0  3.882362 0.022858 19.780041  0.563876 0.822175 -0.077922  0.494770 0.485400 0
0  3.905249 0.046603 19.859999  0.563876 0.822175 -0.077925  0.488230 0.485480 0
0  4.557086 -0.786013 19.626783  0.884615 0.450978 -0.118638  0.488230 0.429330 0
stocking
0  4.557086 -0.786013 19.626783  0.884615 0.450978 -0.118638  0.488230 0.429330 0
0  4.523836 -0.794258 19.554789  0.884619 0.450966 -0.118654  0.494770 0.428740 0
0  3.882362 0.022858 19.780041  0.563876 0.822175 -0.077922  0.494770 0.485400 0
stocking
0  4.789944 -1.941072 19.152714  0.973722 -0.046131 -0.223020  0.494770 0.361000 0
0  4.523836 -0.794258 19.554789  0.884619 0.450966 -0.118654  0.494770 0.428740 0
0  4.557086 -0.786013 19.626783  0.884615 0.450978 -0.118638  0.488230 0.429330 0
stocking
0  4.557086 -0.786013 19.626783  0.884615 0.450978 -0.118638  0.488230 0.429330 0
0  4.824867 -1.958211 19.214195  0.973731 -0.046156 -0.222975  0.488230 0.361260 0
0  4.789944 -1.941072 19.152714  0.973722 -0.046131 -0.223020  0.494770 0.361000 0
stocking
0  4.269462 -2.913870 18.735849  0.769044 -0.494699 -0.404778  0.494770 0.294490 0
0  4.789944 -1.941072 19.152714  0.973722 -0.046131 -0.223020  0.494770 0.361000 0
0  4.824867 -1.958211 19.214195  0.973731 -0.046156 -0.222975  0.488230 0.361260 0
stocking
0  1.874182 -0.762794 2.168463  -0.999009 -0.044494 -0.001405  0.069110 0.395980 0
0  1.986222 -1.223417 2.168442  -0.976736 -0.214319 -0.007351  0.078170 0.384650 0
0  1.994063 -1.215250 2.752321  -0.967972 -0.227008 0.107226  0.094020 0.399010 0
stocking
0  1.994063 -1.215250 2.752321  -0.967972 -0.227008 0.107226  0.094020 0.399010 0
0  1.933626 -0.783551 2.748763  -0.994614 -0.036232 0.097114  0.084310 0.407840 0
0  1.874182 -0.762794 2.168463  -0.999009 -0.044494 -0.001405  0.069110 0.395980 0
stocking
0  1.986222 -1.223417 2.168442  -0.976736 -0.214319 -0.007351  0.078170 0.384650 0
0  1.874182 -0.762794 2.168463  -0.999009 -0.044494 -0.001405  0.069110 0.395980 0
0  1.942812 -0.749394 1.737287  -0.992649 -0.075042 -0.094959  0.056430 0.386940 0
stocking
0  1.942812 -0.749394 1.737287  -0.992649 -0.075042 -0.094959  0.056430 0.386940 0
0  1.874182 -0.762794 2.168463  -0.999009 -0.044494 -0.001405  0.069110 0.395980 0
0  1.961192 -0.217886 2.199005  -0.978257 0.189429 0.084437  0.060560 0.409720 0
stocking
0  2.004369 -0.269428 2.778282  -0.985639 0.155598 0.065619  0.075980 0.418470 0
0  1.961192 -0.217886 2.199005  -0.978257 0.189429 0.084437  0.060560 0.409720 0
0  1.874182 -0.762794 2.168463  -0.999009 -0.044494 -0.001405  0.069110 0.395980 0
stocking
0  1.874182 -0.762794 2.168463  -0.999009 -0.044494 -0.001405  0.069110 0.395980 0
0  1.933626 -0.783551 2.748763  -0.994614 -0.036232 0.097114  0.084310 0.407840 0
0  2.004369 -0.269428 2.778282  -0.985639 0.155598 0.065619  0.075980 0.418470 0
stocking
0  2.028086 -0.325910 3.382219  -0.995650 0.086253 -0.035232  0.086710 0.427370 0
0  2.004369 -0.269428 2.778282  -0.985639 0.155598 0.065619  0.075980 0.418470 0
0  1.933626 -0.783551 2.748763  -0.994614 -0.036232 0.097114  0.084310 0.407840 0
stocking
0  1.933626 -0.783551 2.748763  -0.994614 -0.036232 0.097114  0.084310 0.407840 0
0  2.005498 -0.792420 3.332078  -0.996648 -0.077156 0.027195  0.096170 0.421530 0
0  2.028086 -0.325910 3.382219  -0.995650 0.086253 -0.035232  0.086710 0.427370 0
stocking
0  1.967271 -0.429138 4.019652  -0.996056 0.061006 -0.064426  0.088940 0.441370 0
0  2.028086 -0.325910 3.382219  -0.995650 0.086253 -0.035232  0.086710 0.427370 0
0  2.005498 -0.792420 3.332078  -0.996648 -0.077156 0.027195  0.096170 0.421530 0
stocking
0  2.038515 -1.010422 3.955410  -0.952922 -0.302792 -0.016000  0.109430 0.438670 0
0  1.967271 -0.429138 4.019652  -0.996056 0.061006 -0.064426  0.088940 0.441370 0
0  2.005498 -0.792420 3.332078  -0.996648 -0.077156 0.027195  0.096170 0.421530 0
stocking
0  1.785879 -0.449688 6.628071  -0.994523 0.038717 -0.097084  0.082220 0.532360 0
0  1.967271 -0.429138 4.019652  -0.996056 0.061006 -0.064426  0.088940 0.441370 0
0  2.038515 -1.010422 3.955410  -0.952922 -0.302792 -0.016000  0.109430 0.438670 0
stocking
0  2.038515 -1.010422 3.955410  -0.952922 -0.302792 -0.016000  0.109430 0.438670 0
0  1.863231 -1.100686 6.628181  -0.929127 -0.363488 -0.067816  0.104690 0.535370 0
0  1.785879 -0.449688 6.628071  -0.994523 0.038717 -0.097084  0.082220 0.532360 0
stocking
0  1.785879 -0.449688 6.628071  -0.994523 0.038717 -0.097084  0.082220 0.532360 0
0  1.863231 -1.100686 6.628181  -0.929127 -0.363488 -0.067816  0.104690 0.535370 0
0  1.712285 -1.199204 8.933323  -0.897777 -0.432714 -0.082186  0.090780 0.611930 0
stocking
0  2.268958 -1.838770 8.979806  -0.599812 -0.794293 -0.096561  0.118300 0.618650 0
0  1.712285 -1.199204 8.933323  -0.897777 -0.432714 -0.082186  0.090780 0.611930 0
0  1.863231 -1.100686 6.628181  -0.929127 -0.363488 -0.067816  0.104690 0.535370 0
stocking
0  1.712285 -1.199204 8.933323  -0.897777 -0.432714 -0.082186  0.090780 0.611930 0
0  2.268958 -1.838770 8.979806  -0.599812 -0.794293 -0.096561  0.118300 0.618650 0
0  2.253103 -2.177304 11.494878  -0.557288 -0.822417 -0.114283  0.108310 0.701230 0
stocking
0  2.253103 -2.177304 11.494878  -0.557288 -0.822417 -0.114283  0.108310 0.701230 0
0  2.268958 -1.838770 8.979806  -0.599812 -0.794293 -0.096561  0.118300 0.618650 0
0  2.788785 -2.093338 9.029244  -0.057628 -0.989140 -0.135205  0.137300 0.623450 0
stocking
0  2.729943 -1.833973 6.628268  -0.077245 -0.994799 -0.066391  0.146340 0.539840 0
0  2.788785 -2.093338 9.029244  -0.057628 -0.989140 -0.135205  0.137300 0.623450 0
0  2.268958 -1.838770 8.979806  -0.599812 -0.794293 -0.096561  0.118300 0.618650 0
stocking
0  3.448469 -1.953516 9.183897  0.470079 -0.869336 -0.152578  0.159340 0.630660 0
0  2.788785 -2.093338 9.029244  -0.057628 -0.989140 -0.135205  0.137300 0.623450 0
0  2.729943 -1.833973 6.628268  -0.077245 -0.994799 -0.066391  0.146340 0.539840 0
stocking
0  2.729943 -1.833973 6.628268  -0.077245 -0.994799 -0.066391  0.146340 0.539840 0
0  3.275100 -1.693805 6.627406  0.516469 -0.852294 -0.082795  0.166770 0.541410 0
0  3.448469 -1.953516 9.183897  0.470079 -0.869336 -0.152578  0.159340 0.630660 0
stocking
0  3.448469 -1.953516 9.183897  0.470079 -0.869336 -0.152578  0.159340 0.630660 0
0  3.275100 -1.693805 6.627406  0.516469 -0.852294 -0.082795  0.166770 0.541410 0
0  3.727100 -1.250165 6.626088  0.857458 -0.503147 -0.107751  0.189840 0.542700 0
stocking
0  2.100349 -1.211478 3.304992  -0.931739 -0.336055 0.137584  0.107590 0.415340 0
0  2.038515 -1.010422 3.955410  -0.952922 -0.302792 -0.016000  0.109430 0.438670 0
0  2.005498 -0.792420 3.332078  -0.996648 -0.077156 0.027195  0.096170 0.421530 0
stocking
0  1.961192 -0.217886 2.199005  -0.978257 0.189429 0.084437  0.060560 0.409720 0
0  1.927783 -0.183481 1.776974  -0.994354 0.105929 -0.006287  0.047300 0.401730 0
0  1.942812 -0.749394 1.737287  -0.992649 -0.075042 -0.094959  0.056430 0.386940 0
stocking
0  1.712285 -1.199204 8.933323  -0.897777 -0.432714 -0.082186  0.090780 0.611930 0
0  1.621844 -0.510464 8.979891  -0.996058 0.060996 -0.064411  0.068110 0.608290 0
0  1.785879 -0.449688 6.628071  -0.994523 0.038717 -0.097084  0.082220 0.532360 0
stocking
0  1.621844 -0.510464 8.979891  -0.996058 0.060996 -0.064411  0.068110 0.608290 0
0  1.712285 -1.199204 8.933323  -0.897777 -0.432714 -0.082186  0.090780 0.611930 0
0  1.584946 -1.483320 11.457815  -0.897794 -0.432674 -0.082214  0.078070 0.694470 0
stocking
0  2.253103 -2.177304 11.494878  -0.557288 -0.822417 -0.114283  0.108310 0.701230 0
0  1.584946 -1.483320 11.457815  -0.897794 -0.432674 -0.082214  0.078070 0.694470 0
0  1.712285 -1.199204 8.933323  -0.897777 -0.432714 -0.082186  0.090780 0.611930 0
stocking
0  1.584946 -1.483320 11.457815  -0.897794 -0.432674 -0.082214  0.078070 0.694470 0
0  1.486626 -0.650154 11.507507  -0.996057 0.060994 -0.064426  0.051190 0.689920 0
0  1.621844 -0.510464 8.979891  -0.996058 0.060996 -0.064411  0.068110 0.608290 0
stocking
0  1.348870 -0.796037 14.107109  -0.995654 0.086204 -0.035254  0.036800 0.773800 0
0  1.486626 -0.650154 11.507507  -0.996057 0.060994 -0.064426  0.051190 0.689920 0
0  1.584946 -1.483320 11.457815  -0.897794 -0.432674 -0.082214  0.078070 0.694470 0
stocking
0  2.410261 -1.933597 3.012258  -0.709324 -0.590415 0.385058  0.125180 0.390280 0
0  2.112325 -1.596293 2.784992  -0.897982 -0.386518 0.210317  0.105020 0.390630 0
0  2.141726 -1.811290 2.497553  -0.915706 -0.349561 0.198216  0.101250 0.375880 0
stocking
0  2.100349 -1.211478 3.304992  -0.931739 -0.336055 0.137584  0.107590 0.415340 0
0  2.112325 -1.596293 2.784992  -0.897982 -0.386518 0.210317  0.105020 0.390630 0
0  2.410261 -1.933597 3.012258  -0.709324 -0.590415 0.385058  0.125180 0.390280 0
stocking
0  2.410261 -1.933597 3.012258  -0.709324 -0.590415 0.385058  0.125180 0.390280 0
0  2.391316 -1.726326 3.325705  -0.718777 -0.641021 0.269168  0.128470 0.409130 0
0  2.100349 -1.211478 3.304992  -0.931739 -0.336055 0.137584  0.107590 0.415340 0
stocking
0  2.038515 -1.010422 3.955410  -0.952922 -0.302792 -0.016000  0.109430 0.438670 0
0  2.100349 -1.211478 3.304992  -0.931739 -0.336055 0.137584  0.107590 0.415340 0
0  2.391316 -1.726326 3.325705  -0.718777 -0.641021 0.269168  0.128470 0.409130 0
stocking
0  2.391316 -1.726326 3.325705  -0.718777 -0.641021 0.269168  0.128470 0.409130 0
0  2.340397 -1.560213 3.926730  -0.695327 -0.716108 0.060909  0.132450 0.437270 0
0  2.038515 -1.010422 3.955410  -0.952922 -0.302792 -0.016000  0.109430 0.438670 0
stocking
0  2.100349 -1.211478 3.304992  -0.931739 -0.336055 0.137584  0.107590 0.415340 0
0  2.005498 -0.792420 3.332078  -0.996648 -0.077156 0.027195  0.096170 0.421530 0
0  1.933626 -0.783551 2.748763  -0.994614 -0.036232 0.097114  0.084310 0.407840 0
stocking
0  1.933626 -0.783551 2.748763  -0.994614 -0.036232 0.097114  0.084310 0.407840 0
0  1.994063 -1.215250 2.752321  -0.967972 -0.227008 0.107226  0.094020 0.399010 0
0  2.100349 -1.211478 3.304992  -0.931739 -0.336055 0.137584  0.107590 0.415340 0
stocking
0  2.100349 -1.211478 3.304992  -0.931739 -0.336055 0.137584  0.107590 0.415340 0
0  1.994063 -1.215250 2.752321  -0.967972 -0.227008 0.107226  0.094020 0.399010 0
0  2.112325 -1.596293 2.784992  -0.897982 -0.386518 0.210317  0.105020 0.390630 0
stocking
0  2.112325 -1.596293 2.784992  -0.897982 -0.386518 0.210317  0.105020 0.390630 0
0  1.994063 -1.215250 2.752321  -0.967972 -0.227008 0.107226  0.094020 0.399010 0
0  1.986222 -1.223417 2.168442  -0.976736 -0.214319 -0.007351  0.078170 0.384650 0
stocking
0  1.986222 -1.223417 2.168442  -0.976736 -0.214319 -0.007351  0.078170 0.384650 0
0  2.141726 -1.811290 2.497553  -0.915706 -0.349561 0.198216  0.101250 0.375880 0
0  2.112325 -1.596293 2.784992  -0.897982 -0.386518 0.210317  0.105020 0.390630 0
stocking
0  2.170473 -2.094504 2.310573  -0.921087 -0.260138 0.289702  0.100530 0.361760 0
0  2.141726 -1.811290 2.497553  -0.915706 -0.349561 0.198216  0.101250 0.375880 0
0  1.986222 -1.223417 2.168442  -0.976736 -0.214319 -0.007351  0.078170 0.384650 0
stocking
0  2.433456 -2.114240 2.785323  -0.718292 -0.519201 0.463127  0.121990 0.375230 0
0  2.141726 -1.811290 2.497553  -0.915706 -0.349561 0.198216  0.101250 0.375880 0
0  2.170473 -2.094504 2.310573  -0.921087 -0.260138 0.289702  0.100530 0.361760 0
stocking
0  2.141726 -1.811290 2.497553  -0.915706 -0.349561 0.198216  0.101250 0.375880 0
0  2.433456 -2.114240 2.785323  -0.718292 -0.519201 0.463127  0.121990 0.375230 0
0  2.410261 -1.933597 3.012258  -0.709324 -0.590415 0.385058  0.125180 0.390280 0
stocking
0  2.788240 -2.156135 3.158072  0.022945 -0.805779 0.591771  0.144490 0.388040 0
0  2.410261 -1.933597 3.012258  -0.709324 -0.590415 0.385058  0.125180 0.390280 0
0  2.433456 -2.114240 2.785323  -0.718292 -0.519201 0.463127  0.121990 0.375230 0
stocking
0  2.391316 -1.726326 3.325705  -0.718777 -0.641021 0.269168  0.128470 0.409130 0
0  2.410261 -1.933597 3.012258  -0.709324 -0.590415 0.385058  0.125180 0.390280 0
0  2.788240 -2.156135 3.158072  0.022945 -0.805779 0.591771  0.144490 0.388040 0
stocking
0  2.788240 -2.156135 3.158072  0.022945 -0.805779 0.591771  0.144490 0.388040 0
0  2.773214 -1.992286 3.405100  -0.000218 -0.915372 0.402608  0.147360 0.406240 0
0  2.391316 -1.726326 3.325705  -0.718777 -0.641021 0.269168  0.128470 0.409130 0
stocking
0  2.391316 -1.726326 3.325705  -0.718777 -0.641021 0.269168  0.128470 0.409130 0
0  2.773214 -1.992286 3.405100  -0.000218 -0.915372 0.402608  0.147360 0.406240 0
0  2.766544 -1.786236 3.905361  -0.042275 -0.991710 0.121340  0.151340 0.436190 0
stocking
0  2.766544 -1.786236 3.905361  -0.042275 -0.991710 0.121340  0.151340 0.436190 0
0  2.340397 -1.560213 3.926730  -0.695327 -0.716108 0.060909  0.132450 0.437270 0
0  2.391316 -1.726326 3.325705  -0.718777 -0.641021 0.269168  0.128470 0.409130 0
stocking
0  2.264119 -1.634583 6.628584  -0.635307 -0.769893 -0.060408  0.128110 0.538050 0
0  2.340397 -1.560213 3.926730  -0.695327 -0.716108 0.060909  0.132450 0.437270 0
0  2.766544 -1.786236 3.905361  -0.042275 -0.991710 0.121340  0.151340 0.436190 0
stocking
0  2.038515 -1.010422 3.955410  -0.952922 -0.302792 -0.016000  0.109430 0.438670 0
0  2.340397 -1.560213 3.926730  -0.695327 -0.716108 0.060909  0.132450 0.437270 0
0  2.264119 -1.634583 6.628584  -0.635307 -0.769893 -0.060408  0.128110 0.538050 0
stocking
0  2.264119 -1.634583 6.628584  -0.635307 -0.769893 -0.060408  0.128110 0.538050 0
0  1.863231 -1.100686 6.628181  -0.929127 -0.363488 -0.067816  0.104690 0.535370 0
0  2.038515 -1.010422 3.955410  -0.952922 -0.302792 -0.016000  0.109430 0.438670 0
stocking
0  1.863231 -1.100686 6.628181  -0.929127 -0.363488 -0.067816  0.104690 0.535370 0
0  2.264119 -1.634583 6.628584  -0.635307 -0.769893 -0.060408  0.128110 0.538050 0
0  2.268958 -1.838770 8.979806  -0.599812 -0.794293 -0.096561  0.118300 0.618650 0
stocking
0  2.268958 -1.838770 8.979806  -0.599812 -0.794293 -0.096561  0.118300 0.618650 0
0  2.264119 -1.634583 6.628584  -0.635307 -0.769893 -0.060408  0.128110 0.538050 0
0  2.729943 -1.833973 6.628268  -0.077245 -0.994799 -0.066391  0.146340 0.539840 0
stocking
0  2.766544 -1.786236 3.905361  -0.042275 -0.991710 0.121340  0.151340 0.436190 0
0  2.729943 -1.833973 6.628268  -0.077245 -0.994799 -0.066391  0.146340 0.539840 0
0  2.264119 -1.634583 6.628584  -0.635307 -0.769893 -0.060408  0.128110 0.538050 0
stocking
0  3.275100 -1.693805 6.627406  0.516469 -0.852294 -0.082795  0.166770 0.541410 0
0  2.729943 -1.833973 6.628268  -0.077245 -0.994799 -0.066391  0.146340 0.539840 0
0  2.766544 -1.786236 3.905361  -0.042275 -0.991710 0.121340  0.151340 0.436190 0
stocking
0  2.805223 -2.321600 2.978848  0.021199 -0.698999 0.714809  0.141790 0.372950 0
0  2.433456 -2.114240 2.785323  -0.718292 -0.519201 0.463127  0.121990 0.375230 0
0  2.450445 -2.329258 2.613018  -0.717303 -0.405746 0.566434  0.119810 0.361340 0
stocking
0  2.433456 -2.114240 2.785323  -0.718292 -0.519201 0.463127  0.121990 0.375230 0
0  2.805223 -2.321600 2.978848  0.021199 -0.698999 0.714809  0.141790 0.372950 0
0  2.788240 -2.156135 3.158072  0.022945 -0.805779 0.591771  0.144490 0.388040 0
stocking
0  3.158050 -1.906544 2.993881  0.711666 -0.562095 0.421404  0.164360 0.385290 0
0  2.788240 -2.156135 3.158072  0.022945 -0.805779 0.591771  0.144490 0.388040 0
0  2.805223 -2.321600 2.978848  0.021199 -0.698999 0.714809  0.141790 0.372950 0
stocking
0  2.773214 -1.992286 3.405100  -0.000218 -0.915372 0.402608  0.147360 0.406240 0
0  2.788240 -2.156135 3.158072  0.022945 -0.805779 0.591771  0.144490 0.388040 0
0  3.158050 -1.906544 2.993881  0.711666 -0.562095 0.421404  0.164360 0.385290 0
stocking
0  3.158050 -1.906544 2.993881  0.711666 -0.562095 0.421404  0.164360 0.385290 0
0  3.173404 -1.710734 3.315689  0.701869 -0.665986 0.252671  0.168770 0.405460 0
0  2.773214 -1.992286 3.405100  -0.000218 -0.915372 0.402608  0.147360 0.406240 0
stocking
0  2.766544 -1.786236 3.905361  -0.042275 -0.991710 0.121340  0.151340 0.436190 0
0  2.773214 -1.992286 3.405100  -0.000218 -0.915372 0.402608  0.147360 0.406240 0
0  3.173404 -1.710734 3.315689  0.701869 -0.665986 0.252671  0.168770 0.405460 0
stocking
0  3.173404 -1.710734 3.315689  0.701869 -0.665986 0.252671  0.168770 0.405460 0
0  3.218195 -1.600651 3.926857  0.625869 -0.778876 0.040500  0.170930 0.437590 0
0  2.766544 -1.786236 3.905361  -0.042275 -0.991710 0.121340  0.151340 0.436190 0
stocking
0  2.766544 -1.786236 3.905361  -0.042275 -0.991710 0.121340  0.151340 0.436190 0
0  3.218195 -1.600651 3.926857  0.625869 -0.778876 0.040500  0.170930 0.437590 0
0  3.275100 -1.693805 6.627406  0.516469 -0.852294 -0.082795  0.166770 0.541410 0
stocking
0  3.275100 -1.693805 6.627406  0.516469 -0.852294 -0.082795  0.166770 0.541410 0
0  3.218195 -1.600651 3.926857  0.625869 -0.778876 0.040500  0.170930 0.437590 0
0  3.525944 -1.165877 3.955720  0.902570 -0.428118 -0.045643  0.192180 0.439830 0
stocking
0  3.525944 -1.165877 3.955720  0.902570 -0.428118 -0.045643  0.192180 0.439830 0
0  3.727100 -1.250165 6.626088  0.857458 -0.503147 -0.107751  0.189840 0.542700 0
0  3.275100 -1.693805 6.627406  0.516469 -0.852294 -0.082795  0.166770 0.541410 0
stocking
0  3.902368 -0.636834 6.625231  0.991218 -0.045639 -0.124112  0.212870 0.543010 0
0  3.727100 -1.250165 6.626088  0.857458 -0.503147 -0.107751  0.189840 0.542700 0
0  3.525944 -1.165877 3.955720  0.902570 -0.428118 -0.045643  0.192180 0.439830 0
stocking
0  3.525944 -1.165877 3.955720  0.902570 -0.428118 -0.045643  0.192180 0.439830 0
0  3.674968 -0.514623 4.013199  0.998121 0.061237 -0.002070  0.218260 0.443300 0
0  3.902368 -0.636834 6.625231  0.991218 -0.045639 -0.124112  0.212870 0.543010 0
stocking
0  3.749814 0.158016 6.626197  0.881409 0.466861 -0.071826  0.241690 0.542320 0
0  3.902368 -0.636834 6.625231  0.991218 -0.045639 -0.124112  0.212870 0.543010 0
0  3.674968 -0.514623 4.013199  0.998121 0.061237 -0.002070  0.218260 0.443300 0
stocking
0  3.674968 -0.514623 4.013199  0.998121 0.061237 -0.002070  0.218260 0.443300 0
0  3.419190 0.274228 4.056934  0.843678 0.535961 -0.030876  0.249810 0.445590 0
0  3.749814 0.158016 6.626197  0.881409 0.466861 -0.071826  0.241690 0.542320 0
stocking
0  3.314112 0.601988 6.628486  0.563897 0.822163 -0.077898  0.263770 0.540720 0
0  3.749814 0.158016 6.626197  0.881409 0.466861 -0.071826  0.241690 0.542320 0
0  3.419190 0.274228 4.056934  0.843678 0.535961 -0.030876  0.249810 0.445590 0
stocking
0  3.419190 0.274228 4.056934  0.843678 0.535961 -0.030876  0.249810 0.445590 0
0  3.050563 0.656206 4.062567  0.612186 0.790714 0.000115  0.269590 0.445900 0
0  3.314112 0.601988 6.628486  0.563897 0.822163 -0.077898  0.263770 0.540720 0
stocking
0  3.314112 0.601988 6.628486  0.563897 0.822163 -0.077898  0.263770 0.540720 0
0  3.050563 0.656206 4.062567  0.612186 0.790714 0.000115  0.269590 0.445900 0
0  2.736065 0.844951 4.068894  0.051325 0.998248 0.029459  0.282960 0.446270 0
stocking
0  2.720287 0.901198 3.455786  0.001483 0.971855 0.235577  0.287810 0.423020 0
0  2.736065 0.844951 4.068894  0.051325 0.998248 0.029459  0.282960 0.446270 0
0  3.050563 0.656206 4.062567  0.612186 0.790714 0.000115  0.269590 0.445900 0
stocking
0  3.478529 -1.211478 3.304990  0.930603 -0.350568 0.105262  0.193310 0.409030 0
0  3.608829 -0.714112 3.337382  0.970961 -0.239077 0.008789  0.213430 0.412900 0
0  3.674968 -0.514623 4.013199  0.998121 0.061237 -0.002070  0.218260 0.443300 0
stocking
0  3.674968 -0.514623 4.013199  0.998121 0.061237 -0.002070  0.218260 0.443300 0
0  3.525944 -1.165877 3.955720  0.902570 -0.428118 -0.045643  0.192180 0.439830 0
0  3.478529 -1.211478 3.304990  0.930603 -0.350568 0.105262  0.193310 0.409030 0
stocking
0  3.525944 -1.165877 3.955720  0.902570 -0.428118 -0.045643  0.192180 0.439830 0
0  3.218195 -1.600651 3.926857  0.625869 -0.778876 0.040500  0.170930 0.437590 0
0  3.173404 -1.710734 3.315689  0.701869 -0.665986 0.252671  0.168770 0.405460 0
stocking
0  3.173404 -1.710734 3.315689  0.701869 -0.665986 0.252671  0.168770 0.405460 0
0  3.478529 -1.211478 3.304990  0.930603 -0.350568 0.105262  0.193310 0.409030 0
0  3.525944 -1.165877 3.955720  0.902570 -0.428118 -0.045643  0.192180 0.439830 0
stocking
0  3.478529 -1.211478 3.304990  0.930603 -0.350568 0.105262  0.193310 0.409030 0
0  3.173404 -1.710734 3.315689  0.701869 -0.665986 0.252671  0.168770 0.405460 0
0  3.158050 -1.906544 2.993881  0.711666 -0.562095 0.421404  0.164360 0.385290 0
stocking
0  3.158050 -1.906544 2.993881  0.711666 -0.562095 0.421404  0.164360 0.385290 0
0  3.482123 -1.574659 2.778316  0.899175 -0.361412 0.246708  0.185710 0.379150 0
0  3.478529 -1.211478 3.304990  0.930603 -0.350568 0.105262  0.193310 0.409030 0
stocking
0  3.554294 -1.215394 2.755041  0.974985 -0.193991 0.108495  0.199340 0.383340 0
0  3.478529 -1.211478 3.304990  0.930603 -0.350568 0.105262  0.193310 0.409030 0
0  3.482123 -1.574659 2.778316  0.899175 -0.361412 0.246708  0.185710 0.379150 0
stocking
0  3.608829 -0.714112 3.337382  0.970961 -0.239077 0.008789  0.213430 0.412900 0
0  3.478529 -1.211478 3.304990  0.930603 -0.350568 0.105262  0.193310 0.409030 0
0  3.554294 -1.215394 2.755041  0.974985 -0.193991 0.108495  0.199340 0.383340 0
stocking
0  3.554294 -1.215394 2.755041  0.974985 -0.193991 0.108495  0.199340 0.383340 0
0  3.646418 -0.695305 2.754347  0.984696 -0.151145 0.086766  0.219060 0.388220 0
0  3.608829 -0.714112 3.337382  0.970961 -0.239077 0.008789  0.213430 0.412900 0
stocking
0  2.190072 0.600473 2.283142  -0.925266 0.356408 0.129829  0.321520 0.396820 0
0  2.219914 0.480239 2.842293  -0.913421 0.396309 0.092742  0.316540 0.411310 0
0  2.447402 0.910394 2.857892  -0.736178 0.650245 0.187680  0.303260 0.406000 0
stocking
0  2.448145 0.741132 3.455101  -0.695666 0.710204 0.107977  0.298880 0.425050 0
0  2.447402 0.910394 2.857892  -0.736178 0.650245 0.187680  0.303260 0.406000 0
0  2.219914 0.480239 2.842293  -0.913421 0.396309 0.092742  0.316540 0.411310 0
stocking
0  2.728127 1.140833 2.854864  0.007772 0.960429 0.278417  0.293280 0.401780 0
0  2.447402 0.910394 2.857892  -0.736178 0.650245 0.187680  0.303260 0.406000 0
0  2.448145 0.741132 3.455101  -0.695666 0.710204 0.107977  0.298880 0.425050 0
stocking
0  2.448145 0.741132 3.455101  -0.695666 0.710204 0.107977  0.298880 0.425050 0
0  2.720287 0.901198 3.455786  0.001483 0.971855 0.235577  0.287810 0.423020 0
0  2.728127 1.140833 2.854864  0.007772 0.960429 0.278417  0.293280 0.401780 0
stocking
0  2.728127 1.140833 2.854864  0.007772 0.960429 0.278417  0.293280 0.401780 0
0  2.720287 0.901198 3.455786  0.001483 0.971855 0.235577  0.287810 0.423020 0
0  2.997538 0.725184 3.449843  0.639765 0.755276 0.142335  0.275600 0.422460 0
stocking
0  3.050563 0.656206 4.062567  0.612186 0.790714 0.000115  0.269590 0.445900 0
0  2.997538 0.725184 3.449843  0.639765 0.755276 0.142335  0.275600 0.422460 0
0  2.720287 0.901198 3.455786  0.001483 0.971855 0.235577  0.287810 0.423020 0
stocking
0  3.311540 0.406581 3.428524  0.795598 0.598181 0.095939  0.258730 0.420900 0
0  2.997538 0.725184 3.449843  0.639765 0.755276 0.142335  0.275600 0.422460 0
0  3.050563 0.656206 4.062567  0.612186 0.790714 0.000115  0.269590 0.445900 0
stocking
0  3.050563 0.656206 4.062567  0.612186 0.790714 0.000115  0.269590 0.445900 0
0  3.419190 0.274228 4.056934  0.843678 0.535961 -0.030876  0.249810 0.445590 0
0  3.311540 0.406581 3.428524  0.795598 0.598181 0.095939  0.258730 0.420900 0
stocking
0  3.311540 0.406581 3.428524  0.795598 0.598181 0.095939  0.258730 0.420900 0
0  3.419190 0.274228 4.056934  0.843678 0.535961 -0.030876  0.249810 0.445590 0
0  3.674968 -0.514623 4.013199  0.998121 0.061237 -0.002070  0.218260 0.443300 0
stocking
0  2.409714 0.676897 4.063603  -0.611555 0.791188 -0.004664  0.296170 0.446240 0
0  2.736065 0.844951 4.068894  0.051325 0.998248 0.029459  0.282960 0.446270 0
0  2.720287 0.901198 3.455786  0.001483 0.971855 0.235577  0.287810 0.423020 0
stocking
0  2.720287 0.901198 3.455786  0.001483 0.971855 0.235577  0.287810 0.423020 0
0  2.448145 0.741132 3.455101  -0.695666 0.710204 0.107977  0.298880 0.425050 0
0  2.409714 0.676897 4.063603  -0.611555 0.791188 -0.004664  0.296170 0.446240 0
stocking
0  2.409714 0.676897 4.063603  -0.611555 0.791188 -0.004664  0.296170 0.446240 0
0  2.448145 0.741132 3.455101  -0.695666 0.710204 0.107977  0.298880 0.425050 0
0  2.215648 0.376410 3.431339  -0.891612 0.452799 -0.000953  0.312840 0.426890 0
stocking
0  2.219914 0.480239 2.842293  -0.913421 0.396309 0.092742  0.316540 0.411310 0
0  2.215648 0.376410 3.431339  -0.891612 0.452799 -0.000953  0.312840 0.426890 0
0  2.448145 0.741132 3.455101  -0.695666 0.710204 0.107977  0.298880 0.425050 0
stocking
0  2.215648 0.376410 3.431339  -0.891612 0.452799 -0.000953  0.312840 0.426890 0
0  2.219914 0.480239 2.842293  -0.913421 0.396309 0.092742  0.316540 0.411310 0
0  2.074742 0.066567 2.807509  -0.965200 0.257250 0.047035  0.327970 0.414990 0
stocking
0  2.074742 0.066567 2.807509  -0.965200 0.257250 0.047035  0.327970 0.414990 0
0  2.219914 0.480239 2.842293  -0.913421 0.396309 0.092742  0.316540 0.411310 0
0  2.190072 0.600473 2.283142  -0.925266 0.356408 0.129829  0.321520 0.396820 0
stocking
0  2.190072 0.600473 2.283142  -0.925266 0.356408 0.129829  0.321520 0.396820 0
0  2.078605 0.143063 2.232972  -0.961397 0.254255 0.105219  0.333510 0.403150 0
0  2.074742 0.066567 2.807509  -0.965200 0.257250 0.047035  0.327970 0.414990 0
stocking
0  2.018575 0.198640 1.811388  -0.978250 0.189455 0.084460  0.339340 0.393590 0
0  2.078605 0.143063 2.232972  -0.961397 0.254255 0.105219  0.333510 0.403150 0
0  2.190072 0.600473 2.283142  -0.925266 0.356408 0.129829  0.321520 0.396820 0
stocking
0  2.447402 0.910394 2.857892  -0.736178 0.650245 0.187680  0.303260 0.406000 0
0  2.728127 1.140833 2.854864  0.007772 0.960429 0.278417  0.293280 0.401780 0
0  2.712737 1.239323 2.318075  0.021496 0.987463 0.156381  0.298630 0.386160 0
stocking
0  2.712737 1.239323 2.318075  0.021496 0.987463 0.156381  0.298630 0.386160 0
0  2.728127 1.140833 2.854864  0.007772 0.960429 0.278417  0.293280 0.401780 0
0  3.004894 0.914789 2.859052  0.651900 0.727587 0.213643  0.282150 0.401010 0
stocking
0  2.997538 0.725184 3.449843  0.639765 0.755276 0.142335  0.275600 0.422460 0
0  3.004894 0.914789 2.859052  0.651900 0.727587 0.213643  0.282150 0.401010 0
0  2.728127 1.140833 2.854864  0.007772 0.960429 0.278417  0.293280 0.401780 0
stocking
0  3.313713 0.555948 2.850280  0.770847 0.607785 0.190769  0.266350 0.398940 0
0  3.004894 0.914789 2.859052  0.651900 0.727587 0.213643  0.282150 0.401010 0
0  2.997538 0.725184 3.449843  0.639765 0.755276 0.142335  0.275600 0.422460 0
stocking
0  2.997538 0.725184 3.449843  0.639765 0.755276 0.142335  0.275600 0.422460 0
0  3.311540 0.406581 3.428524  0.795598 0.598181 0.095939  0.258730 0.420900 0
0  3.313713 0.555948 2.850280  0.770847 0.607785 0.190769  0.266350 0.398940 0
stocking
0  3.313713 0.555948 2.850280  0.770847 0.607785 0.190769  0.266350 0.398940 0
0  3.311540 0.406581 3.428524  0.795598 0.598181 0.095939  0.258730 0.420900 0
0  3.483767 0.160935 3.418426  0.891209 0.442066 0.101611  0.248190 0.419550 0
stocking
0  3.674968 -0.514623 4.013199  0.998121 0.061237 -0.002070  0.218260 0.443300 0
0  3.483767 0.160935 3.418426  0.891209 0.442066 0.101611  0.248190 0.419550 0
0  3.311540 0.406581 3.428524  0.795598 0.598181 0.095939  0.258730 0.420900 0
stocking
0  3.674968 -0.514623 4.013199  0.998121 0.061237 -0.002070  0.218260 0.443300 0
0  3.730348 -0.326763 3.378737  0.996177 0.077858 0.039629  0.228040 0.416090 0
0  3.483767 0.160935 3.418426  0.891209 0.442066 0.101611  0.248190 0.419550 0
stocking
0  3.730348 -0.326763 3.378737  0.996177 0.077858 0.039629  0.228040 0.416090 0
0  3.674968 -0.514623 4.013199  0.998121 0.061237 -0.002070  0.218260 0.443300 0
0  3.608829 -0.714112 3.337382  0.970961 -0.239077 0.008789  0.213430 0.412900 0
stocking
0  3.708489 -0.269489 2.778371  0.996176 0.077861 0.039628  0.234260 0.391950 0
0  3.730348 -0.326763 3.378737  0.996177 0.077858 0.039629  0.228040 0.416090 0
0  3.608829 -0.714112 3.337382  0.970961 -0.239077 0.008789  0.213430 0.412900 0
stocking
0  3.708489 -0.269489 2.778371  0.996176 0.077861 0.039628  0.234260 0.391950 0
0  3.608829 -0.714112 3.337382  0.970961 -0.239077 0.008789  0.213430 0.412900 0
0  3.646418 -0.695305 2.754347  0.984696 -0.151145 0.086766  0.219060 0.388220 0
stocking
0  3.708489 -0.269489 2.778371  0.996176 0.077861 0.039628  0.234260 0.391950 0
0  3.646418 -0.695305 2.754347  0.984696 -0.151145 0.086766  0.219060 0.388220 0
0  3.708488 -0.696177 2.173885  0.986108 -0.090984 0.138971  0.224630 0.365490 0
stocking
0  3.708488 -0.696177 2.173885  0.986108 -0.090984 0.138971  0.224630 0.365490 0
0  3.646418 -0.695305 2.754347  0.984696 -0.151145 0.086766  0.219060 0.388220 0
0  3.554294 -1.215394 2.755041  0.974985 -0.193991 0.108495  0.199340 0.383340 0
stocking
0  3.554294 -1.215394 2.755041  0.974985 -0.193991 0.108495  0.199340 0.383340 0
0  3.647750 -1.221525 2.164806  0.970836 -0.159920 0.178614  0.206830 0.359520 0
0  3.708488 -0.696177 2.173885  0.986108 -0.090984 0.138971  0.224630 0.365490 0
stocking
0  3.647750 -1.221525 2.164806  0.970836 -0.159920 0.178614  0.206830 0.359520 0
0  3.554294 -1.215394 2.755041  0.974985 -0.193991 0.108495  0.199340 0.383340 0
0  3.482123 -1.574659 2.778316  0.899175 -0.361412 0.246708  0.185710 0.379150 0
stocking
0  3.482123 -1.574659 2.778316  0.899175 -0.361412 0.246708  0.185710 0.379150 0
0  3.445536 -1.819461 2.509168  0.892494 -0.315578 0.322282  0.180580 0.363100 0
0  3.647750 -1.221525 2.164806  0.970836 -0.159920 0.178614  0.206830 0.359520 0
stocking
0  3.445536 -1.819461 2.509168  0.892494 -0.315578 0.322282  0.180580 0.363100 0
0  3.482123 -1.574659 2.778316  0.899175 -0.361412 0.246708  0.185710 0.379150 0
0  3.158050 -1.906544 2.993881  0.711666 -0.562095 0.421404  0.164360 0.385290 0
stocking
0  3.158050 -1.906544 2.993881  0.711666 -0.562095 0.421404  0.164360 0.385290 0
0  3.143348 -2.124619 2.779584  0.717130 -0.473775 0.511138  0.160180 0.368990 0
0  3.445536 -1.819461 2.509168  0.892494 -0.315578 0.322282  0.180580 0.363100 0
stocking
0  3.483767 0.160935 3.418426  0.891209 0.442066 0.101611  0.248190 0.419550 0
0  3.536352 0.241247 2.830036  0.888833 0.423981 0.173831  0.253360 0.396520 0
0  3.313713 0.555948 2.850280  0.770847 0.607785 0.190769  0.266350 0.398940 0
stocking
0  3.004894 0.914789 2.859052  0.651900 0.727587 0.213643  0.282150 0.401010 0
0  3.032281 1.022764 2.314156  0.639763 0.755267 0.142389  0.287320 0.383160 0
0  2.712737 1.239323 2.318075  0.021496 0.987463 0.156381  0.298630 0.386160 0
stocking
0  3.397304 0.664691 2.287138  0.770848 0.607775 0.190795  0.271370 0.378740 0
0  3.032281 1.022764 2.314156  0.639763 0.755267 0.142389  0.287320 0.383160 0
0  3.004894 0.914789 2.859052  0.651900 0.727587 0.213643  0.282150 0.401010 0
stocking
0  3.004894 0.914789 2.859052  0.651900 0.727587 0.213643  0.282150 0.401010 0
0  3.313713 0.555948 2.850280  0.770847 0.607785 0.190769  0.266350 0.398940 0
0  3.397304 0.664691 2.287138  0.770848 0.607775 0.190795  0.271370 0.378740 0
stocking
0  3.635649 0.292599 2.249906  0.916488 0.363211 0.167711  0.257390 0.374740 0
0  3.397304 0.664691 2.287138  0.770848 0.607775 0.190795  0.271370 0.378740 0
0  3.313713 0.555948 2.850280  0.770847 0.607785 0.190769  0.266350 0.398940 0
stocking
0  3.313713 0.555948 2.850280  0.770847 0.607785 0.190769  0.266350 0.398940 0
0  3.536352 0.241247 2.830036  0.888833 0.423981 0.173831  0.253360 0.396520 0
0  3.635649 0.292599 2.249906  0.916488 0.363211 0.167711  0.257390 0.374740 0
stocking
0  3.635649 0.292599 2.249906  0.916488 0.363211 0.167711  0.257390 0.374740 0
0  3.536352 0.241247 2.830036  0.888833 0.423981 0.173831  0.253360 0.396520 0
0  3.708489 -0.269489 2.778371  0.996176 0.077861 0.039628  0.234260 0.391950 0
stocking
0  3.483767 0.160935 3.418426  0.891209 0.442066 0.101611  0.248190 0.419550 0
0  3.708489 -0.269489 2.778371  0.996176 0.077861 0.039628  0.234260 0.391950 0
0  3.536352 0.241247 2.830036  0.888833 0.423981 0.173831  0.253360 0.396520 0
stocking
0  3.730348 -0.326763 3.378737  0.996177 0.077858 0.039629  0.228040 0.416090 0
0  3.708489 -0.269489 2.778371  0.996176 0.077861 0.039628  0.234260 0.391950 0
0  3.483767 0.160935 3.418426  0.891209 0.442066 0.101611  0.248190 0.419550 0
stocking
0  3.708488 -0.696177 2.173885  0.986108 -0.090984 0.138971  0.224630 0.365490 0
0  3.727121 -0.217264 2.201821  0.989991 0.068714 0.123271  0.240270 0.370110 0
0  3.708489 -0.269489 2.778371  0.996176 0.077861 0.039628  0.234260 0.391950 0
stocking
0  3.708489 -0.269489 2.778371  0.996176 0.077861 0.039628  0.234260 0.391950 0
0  3.727121 -0.217264 2.201821  0.989991 0.068714 0.123271  0.240270 0.370110 0
0  3.635649 0.292599 2.249906  0.916488 0.363211 0.167711  0.257390 0.374740 0
stocking
0  3.647750 -1.221525 2.164806  0.970836 -0.159920 0.178614  0.206830 0.359520 0
0  3.731380 -1.299400 1.753350  0.956874 -0.085089 0.277764  0.210750 0.344150 0
0  3.794409 -0.701912 1.735317  0.983597 -0.035110 0.176927  0.228660 0.349350 0
stocking
0  3.794409 -0.701912 1.735317  0.983597 -0.035110 0.176927  0.228660 0.349350 0
0  3.708488 -0.696177 2.173885  0.986108 -0.090984 0.138971  0.224630 0.365490 0
0  3.647750 -1.221525 2.164806  0.970836 -0.159920 0.178614  0.206830 0.359520 0
stocking
0  3.708488 -0.696177 2.173885  0.986108 -0.090984 0.138971  0.224630 0.365490 0
0  3.794409 -0.701912 1.735317  0.983597 -0.035110 0.176927  0.228660 0.349350 0
0  3.782175 -0.184494 1.772048  0.989991 0.068708 0.123278  0.244350 0.354280 0
stocking
0  3.782175 -0.184494 1.772048  0.989991 0.068708 0.123278  0.244350 0.354280 0
0  3.727121 -0.217264 2.201821  0.989991 0.068714 0.123271  0.240270 0.370110 0
0  3.708488 -0.696177 2.173885  0.986108 -0.090984 0.138971  0.224630 0.365490 0
stocking
0  3.727121 -0.217264 2.201821  0.989991 0.068714 0.123271  0.240270 0.370110 0
0  3.782175 -0.184494 1.772048  0.989991 0.068708 0.123278  0.244350 0.354280 0
0  3.701960 0.325170 1.822936  0.935846 0.331124 0.120621  0.260520 0.359100 0
stocking
0  3.701960 0.325170 1.822936  0.935846 0.331124 0.120621  0.260520 0.359100 0
0  3.635649 0.292599 2.249906  0.916488 0.363211 0.167711  0.257390 0.374740 0
0  3.727121 -0.217264 2.201821  0.989991 0.068714 0.123271  0.240270 0.370110 0
stocking
0  3.472691 0.704430 1.855959  0.783369 0.608067 0.128794  0.274180 0.363260 0
0  3.397304 0.664691 2.287138  0.770848 0.607775 0.190795  0.271370 0.378740 0
0  3.635649 0.292599 2.249906  0.916488 0.363211 0.167711  0.257390 0.374740 0
stocking
0  3.397304 0.664691 2.287138  0.770848 0.607775 0.190795  0.271370 0.378740 0
0  3.472691 0.704430 1.855959  0.783369 0.608067 0.128794  0.274180 0.363260 0
0  3.101382 1.064913 1.881269  0.601772 0.792774 0.096845  0.290110 0.368650 0
stocking
0  3.101382 1.064913 1.881269  0.601772 0.792774 0.096845  0.290110 0.368650 0
0  3.032281 1.022764 2.314156  0.639763 0.755267 0.142389  0.287320 0.383160 0
0  3.397304 0.664691 2.287138  0.770848 0.607775 0.190795  0.271370 0.378740 0
stocking
0  3.032281 1.022764 2.314156  0.639763 0.755267 0.142389  0.287320 0.383160 0
0  3.101382 1.064913 1.881269  0.601772 0.792774 0.096845  0.290110 0.368650 0
0  2.706188 1.274973 1.883149  -0.004914 0.998965 0.045223  0.303140 0.373730 0
stocking
0  2.706188 1.274973 1.883149  -0.004914 0.998965 0.045223  0.303140 0.373730 0
0  2.712737 1.239323 2.318075  0.021496 0.987463 0.156381  0.298630 0.386160 0
0  3.032281 1.022764 2.314156  0.639763 0.755267 0.142389  0.287320 0.383160 0
stocking
0  3.855028 -0.755059 1.328684  0.998771 0.020622 0.045067  0.230490 0.335240 0
0  3.794409 -0.701912 1.735317  0.983597 -0.035110 0.176927  0.228660 0.349350 0
0  3.731380 -1.299400 1.753350  0.956874 -0.085089 0.277764  0.210750 0.344150 0
stocking
0  3.731380 -1.299400 1.753350  0.956874 -0.085089 0.277764  0.210750 0.344150 0
0  3.855849 -1.443937 1.335211  0.989429 -0.013589 0.144380  0.212630 0.329130 0
0  3.855028 -0.755059 1.328684  0.998771 0.020622 0.045067  0.230490 0.335240 0
stocking
0  3.855849 -1.443937 1.335211  0.989429 -0.013589 0.144380  0.212630 0.329130 0
0  3.731380 -1.299400 1.753350  0.956874 -0.085089 0.277764  0.210750 0.344150 0
0  3.718313 -2.141483 1.745262  0.920884 -0.049592 0.386670  0.186900 0.329140 0
stocking
0  3.718313 -2.141483 1.745262  0.920884 -0.049592 0.386670  0.186900 0.329140 0
0  3.845396 -1.920166 1.336641  0.977105 -0.002071 0.212748  0.200080 0.321970 0
0  3.855849 -1.443937 1.335211  0.989429 -0.013589 0.144380  0.212630 0.329130 0
stocking
0  3.864672 -2.619266 1.305888  0.967489 0.044883 0.248897  0.186560 0.308230 0
0  3.845396 -1.920166 1.336641  0.977105 -0.002071 0.212748  0.200080 0.321970 0
0  3.718313 -2.141483 1.745262  0.920884 -0.049592 0.386670  0.186900 0.329140 0
stocking
0  3.840495 -3.745718 1.502077  0.765249 -0.019986 0.643424  0.165790 0.281540 0
0  3.999267 -3.725731 1.219302  0.932356 0.100914 0.347173  0.174920 0.278120 0
0  3.930993 -3.203650 1.259886  0.953229 0.082335 0.290817  0.179250 0.293240 0
stocking
0  3.718313 -2.141483 1.745262  0.920884 -0.049592 0.386670  0.186900 0.329140 0
0  3.735626 -2.683441 1.678608  0.887178 -0.032081 0.460310  0.176700 0.314840 0
0  3.864672 -2.619266 1.305888  0.967489 0.044883 0.248897  0.186560 0.308230 0
stocking
0  3.864672 -2.619266 1.305888  0.967489 0.044883 0.248897  0.186560 0.308230 0
0  3.735626 -2.683441 1.678608  0.887178 -0.032081 0.460310  0.176700 0.314840 0
0  3.782344 -3.227338 1.591150  0.834680 -0.017661 0.550453  0.169920 0.298370 0
stocking
0  3.782344 -3.227338 1.591150  0.834680 -0.017661 0.550453  0.169920 0.298370 0
0  3.930993 -3.203650 1.259886  0.953229 0.082335 0.290817  0.179250 0.293240 0
0  3.864672 -2.619266 1.305888  0.967489 0.044883 0.248897  0.186560 0.308230 0
stocking
0  3.930993 -3.203650 1.259886  0.953229 0.082335 0.290817  0.179250 0.293240 0
0  3.782344 -3.227338 1.591150  0.834680 -0.017661 0.550453  0.169920 0.298370 0
0  3.840495 -3.745718 1.502077  0.765249 -0.019986 0.643424  0.165790 0.281540 0
stocking
0  3.840495 -3.745718 1.502077  0.765249 -0.019986 0.643424  0.165790 0.281540 0
0  3.782344 -3.227338 1.591150  0.834680 -0.017661 0.550453  0.169920 0.298370 0
0  3.565713 -3.298905 1.821560  0.703527 -0.143422 0.696046  0.160360 0.301700 0
stocking
0  3.565713 -3.298905 1.821560  0.703527 -0.143422 0.696046  0.160360 0.301700 0
0  3.626224 -3.778761 1.672237  0.614272 -0.141907 0.776230  0.157640 0.284070 0
0  3.840495 -3.745718 1.502077  0.765249 -0.019986 0.643424  0.165790 0.281540 0
stocking
0  3.565713 -3.298905 1.821560  0.703527 -0.143422 0.696046  0.160360 0.301700 0
0  3.782344 -3.227338 1.591150  0.834680 -0.017661 0.550453  0.169920 0.298370 0
0  3.735626 -2.683441 1.678608  0.887178 -0.032081 0.460310  0.176700 0.314840 0
stocking
0  2.513053 -3.375531 2.111490  -0.550765 -0.335902 0.764086  0.116140 0.310700 0
0  2.526938 -3.836267 1.963448  -0.407704 -0.277629 0.869885  0.115120 0.291250 0
0  2.902731 -3.919784 2.025747  0.052764 -0.358992 0.931848  0.129190 0.288360 0
stocking
0  2.902731 -3.919784 2.025747  0.052764 -0.358992 0.931848  0.129190 0.288360 0
0  2.866318 -3.483496 2.257236  0.005130 -0.434530 0.900643  0.130820 0.308020 0
0  2.513053 -3.375531 2.111490  -0.550765 -0.335902 0.764086  0.116140 0.310700 0
stocking
0  2.513053 -3.375531 2.111490  -0.550765 -0.335902 0.764086  0.116140 0.310700 0
0  2.866318 -3.483496 2.257236  0.005130 -0.434530 0.900643  0.130820 0.308020 0
0  2.838550 -3.129698 2.462592  0.005122 -0.434539 0.900638  0.133020 0.325120 0
stocking
0  3.189084 -2.997674 2.298843  0.620962 -0.283871 0.730633  0.148120 0.323400 0
0  2.838550 -3.129698 2.462592  0.005122 -0.434539 0.900638  0.133020 0.325120 0
0  2.866318 -3.483496 2.257236  0.005130 -0.434530 0.900643  0.130820 0.308020 0
stocking
0  2.810781 -2.771127 2.670544  0.004994 -0.472194 0.881480  0.135780 0.343430 0
0  2.838550 -3.129698 2.462592  0.005122 -0.434539 0.900638  0.133020 0.325120 0
0  3.189084 -2.997674 2.298843  0.620962 -0.283871 0.730633  0.148120 0.323400 0
stocking
0  3.189084 -2.997674 2.298843  0.620962 -0.283871 0.730633  0.148120 0.323400 0
0  3.142694 -2.630808 2.461780  0.667964 -0.300865 0.680665  0.151860 0.340330 0
0  2.810781 -2.771127 2.670544  0.004994 -0.472194 0.881480  0.135780 0.343430 0
stocking
0  2.807844 -2.517322 2.824069  0.014270 -0.566083 0.824224  0.138730 0.358480 0
0  2.810781 -2.771127 2.670544  0.004994 -0.472194 0.881480  0.135780 0.343430 0
0  3.142694 -2.630808 2.461780  0.667964 -0.300865 0.680665  0.151860 0.340330 0
stocking
0  3.142694 -2.630808 2.461780  0.667964 -0.300865 0.680665  0.151860 0.340330 0
0  3.143023 -2.334735 2.610634  0.702910 -0.377503 0.602834  0.156810 0.355280 0
0  2.807844 -2.517322 2.824069  0.014270 -0.566083 0.824224  0.138730 0.358480 0
stocking
0  2.807844 -2.517322 2.824069  0.014270 -0.566083 0.824224  0.138730 0.358480 0
0  3.143023 -2.334735 2.610634  0.702910 -0.377503 0.602834  0.156810 0.355280 0
0  3.143348 -2.124619 2.779584  0.717130 -0.473775 0.511138  0.160180 0.368990 0
stocking
0  3.445536 -1.819461 2.509168  0.892494 -0.315578 0.322282  0.180580 0.363100 0
0  3.143348 -2.124619 2.779584  0.717130 -0.473775 0.511138  0.160180 0.368990 0
0  3.143023 -2.334735 2.610634  0.702910 -0.377503 0.602834  0.156810 0.355280 0
stocking
0  3.143023 -2.334735 2.610634  0.702910 -0.377503 0.602834  0.156810 0.355280 0
0  3.460887 -2.094860 2.309513  0.863178 -0.226931 0.451027  0.175950 0.349150 0
0  3.445536 -1.819461 2.509168  0.892494 -0.315578 0.322282  0.180580 0.363100 0
stocking
0  3.647750 -1.221525 2.164806  0.970836 -0.159920 0.178614  0.206830 0.359520 0
0  3.445536 -1.819461 2.509168  0.892494 -0.315578 0.322282  0.180580 0.363100 0
0  3.460887 -2.094860 2.309513  0.863178 -0.226931 0.451027  0.175950 0.349150 0
stocking
0  2.866318 -3.483496 2.257236  0.005130 -0.434530 0.900643  0.130820 0.308020 0
0  2.902731 -3.919784 2.025747  0.052764 -0.358992 0.931848  0.129190 0.288360 0
0  3.295769 -3.853169 1.903781  0.477507 -0.266213 0.837327  0.144090 0.286890 0
stocking
0  3.295769 -3.853169 1.903781  0.477507 -0.266213 0.837327  0.144090 0.286890 0
0  3.235472 -3.407510 2.099627  0.553965 -0.291428 0.779867  0.145510 0.305450 0
0  2.866318 -3.483496 2.257236  0.005130 -0.434530 0.900643  0.130820 0.308020 0
stocking
0  2.866318 -3.483496 2.257236  0.005130 -0.434530 0.900643  0.130820 0.308020 0
0  3.235472 -3.407510 2.099627  0.553965 -0.291428 0.779867  0.145510 0.305450 0
0  3.189084 -2.997674 2.298843  0.620962 -0.283871 0.730633  0.148120 0.323400 0
stocking
0  3.507834 -2.824049 1.991964  0.771074 -0.146851 0.619580  0.164490 0.319420 0
0  3.189084 -2.997674 2.298843  0.620962 -0.283871 0.730633  0.148120 0.323400 0
0  3.235472 -3.407510 2.099627  0.553965 -0.291428 0.779867  0.145510 0.305450 0
stocking
0  3.142694 -2.630808 2.461780  0.667964 -0.300865 0.680665  0.151860 0.340330 0
0  3.189084 -2.997674 2.298843  0.620962 -0.283871 0.730633  0.148120 0.323400 0
0  3.507834 -2.824049 1.991964  0.771074 -0.146851 0.619580  0.164490 0.319420 0
stocking
0  3.507834 -2.824049 1.991964  0.771074 -0.146851 0.619580  0.164490 0.319420 0
0  3.476243 -2.431456 2.154196  0.814109 -0.154899 0.559672  0.169720 0.335020 0
0  3.142694 -2.630808 2.461780  0.667964 -0.300865 0.680665  0.151860 0.340330 0
stocking
0  3.143023 -2.334735 2.610634  0.702910 -0.377503 0.602834  0.156810 0.355280 0
0  3.142694 -2.630808 2.461780  0.667964 -0.300865 0.680665  0.151860 0.340330 0
0  3.476243 -2.431456 2.154196  0.814109 -0.154899 0.559672  0.169720 0.335020 0
stocking
0  3.476243 -2.431456 2.154196  0.814109 -0.154899 0.559672  0.169720 0.335020 0
0  3.460887 -2.094860 2.309513  0.863178 -0.226931 0.451027  0.175950 0.349150 0
0  3.143023 -2.334735 2.610634  0.702910 -0.377503 0.602834  0.156810 0.355280 0
stocking
0  3.235472 -3.407510 2.099627  0.553965 -0.291428 0.779867  0.145510 0.305450 0
0  3.295769 -3.853169 1.903781  0.477507 -0.266213 0.837327  0.144090 0.286890 0
0  3.626224 -3.778761 1.672237  0.614272 -0.141907 0.776230  0.157640 0.284070 0
stocking
0  3.626224 -3.778761 1.672237  0.614272 -0.141907 0.776230  0.157640 0.284070 0
0  3.565713 -3.298905 1.821560  0.703527 -0.143422 0.696046  0.160360 0.301700 0
0  3.235472 -3.407510 2.099627  0.553965 -0.291428 0.779867  0.145510 0.305450 0
stocking
0  3.235472 -3.407510 2.099627  0.553965 -0.291428 0.779867  0.145510 0.305450 0
0  3.565713 -3.298905 1.821560  0.703527 -0.143422 0.696046  0.160360 0.301700 0
0  3.507834 -2.824049 1.991964  0.771074 -0.146851 0.619580  0.164490 0.319420 0
stocking
0  3.735626 -2.683441 1.678608  0.887178 -0.032081 0.460310  0.176700 0.314840 0
0  3.507834 -2.824049 1.991964  0.771074 -0.146851 0.619580  0.164490 0.319420 0
0  3.565713 -3.298905 1.821560  0.703527 -0.143422 0.696046  0.160360 0.301700 0
stocking
0  3.476243 -2.431456 2.154196  0.814109 -0.154899 0.559672  0.169720 0.335020 0
0  3.507834 -2.824049 1.991964  0.771074 -0.146851 0.619580  0.164490 0.319420 0
0  3.735626 -2.683441 1.678608  0.887178 -0.032081 0.460310  0.176700 0.314840 0
stocking
0  3.735626 -2.683441 1.678608  0.887178 -0.032081 0.460310  0.176700 0.314840 0
0  3.718313 -2.141483 1.745262  0.920884 -0.049592 0.386670  0.186900 0.329140 0
0  3.476243 -2.431456 2.154196  0.814109 -0.154899 0.559672  0.169720 0.335020 0
stocking
0  3.460887 -2.094860 2.309513  0.863178 -0.226931 0.451027  0.175950 0.349150 0
0  3.476243 -2.431456 2.154196  0.814109 -0.154899 0.559672  0.169720 0.335020 0
0  3.718313 -2.141483 1.745262  0.920884 -0.049592 0.386670  0.186900 0.329140 0
stocking
0  3.718313 -2.141483 1.745262  0.920884 -0.049592 0.386670  0.186900 0.329140 0
0  3.731380 -1.299400 1.753350  0.956874 -0.085089 0.277764  0.210750 0.344150 0
0  3.460887 -2.094860 2.309513  0.863178 -0.226931 0.451027  0.175950 0.349150 0
stocking
0  3.460887 -2.094860 2.309513  0.863178 -0.226931 0.451027  0.175950 0.349150 0
0  3.731380 -1.299400 1.753350  0.956874 -0.085089 0.277764  0.210750 0.344150 0
0  3.647750 -1.221525 2.164806  0.970836 -0.159920 0.178614  0.206830 0.359520 0
stocking
0  1.839476 0.389510 18.457294  -0.634496 0.767676 0.089933  0.328600 0.902700 0
0  1.655933 0.129902 19.502119  -0.510296 0.841137 -0.179127  0.327360 0.932750 0
0  2.711092 0.360858 19.767950  0.035401 0.999085 -0.023995  0.298320 0.932150 0
stocking
0  1.304805 -0.500576 19.085831  -0.779273 0.542132 -0.314367  0.350470 0.930230 0
0  1.655933 0.129902 19.502119  -0.510296 0.841137 -0.179127  0.327360 0.932750 0
0  1.839476 0.389510 18.457294  -0.634496 0.767676 0.089933  0.328600 0.902700 0
stocking
0  1.839476 0.389510 18.457294  -0.634496 0.767676 0.089933  0.328600 0.902700 0
0  1.447365 -0.301745 18.004648  -0.898528 0.437773 -0.031666  0.354260 0.896290 0
0  1.304805 -0.500576 19.085831  -0.779273 0.542132 -0.314367  0.350470 0.930230 0
stocking
0  0.965071 -1.444973 18.594290  -0.884748 0.144897 -0.442975  0.385440 0.927100 0
0  1.304805 -0.500576 19.085831  -0.779273 0.542132 -0.314367  0.350470 0.930230 0
0  1.447365 -0.301745 18.004648  -0.898528 0.437773 -0.031666  0.354260 0.896290 0
stocking
0  1.447365 -0.301745 18.004648  -0.898528 0.437773 -0.031666  0.354260 0.896290 0
0  1.097029 -1.232138 17.575890  -0.994519 0.038704 -0.097133  0.388130 0.890910 0
0  0.965071 -1.444973 18.594290  -0.884748 0.144897 -0.442975  0.385440 0.927100 0
stocking
0  3.859731 0.301946 18.826393  0.570360 0.791569 0.219334  0.271530 0.905320 0
0  3.882362 0.022858 19.780041  0.563876 0.822175 -0.077922  0.267420 0.930370 0
0  4.523836 -0.794258 19.554789  0.884619 0.450966 -0.118654  0.240220 0.926950 0
stocking
0  2.711092 0.360858 19.767950  0.035401 0.999085 -0.023995  0.298320 0.932150 0
0  3.882362 0.022858 19.780041  0.563876 0.822175 -0.077922  0.267420 0.930370 0
0  3.859731 0.301946 18.826393  0.570360 0.791569 0.219334  0.271530 0.905320 0
stocking
0  3.859731 0.301946 18.826393  0.570360 0.791569 0.219334  0.271530 0.905320 0
0  2.827240 0.682877 18.785780  0.001463 0.971855 0.235574  0.299770 0.905370 0
0  2.711092 0.360858 19.767950  0.035401 0.999085 -0.023995  0.298320 0.932150 0
stocking
0  2.711092 0.360858 19.767950  0.035401 0.999085 -0.023995  0.298320 0.932150 0
0  2.827240 0.682877 18.785780  0.001463 0.971855 0.235574  0.299770 0.905370 0
0  1.839476 0.389510 18.457294  -0.634496 0.767676 0.089933  0.328600 0.902700 0
stocking
0  2.038071 0.639917 17.172689  -0.630660 0.775650 0.025219  0.328310 0.865200 0
0  1.839476 0.389510 18.457294  -0.634496 0.767676 0.089933  0.328600 0.902700 0
0  2.827240 0.682877 18.785780  0.001463 0.971855 0.235574  0.299770 0.905370 0
stocking
0  1.447365 -0.301745 18.004648  -0.898528 0.437773 -0.031666  0.354260 0.896290 0
0  1.839476 0.389510 18.457294  -0.634496 0.767676 0.089933  0.328600 0.902700 0
0  2.038071 0.639917 17.172689  -0.630660 0.775650 0.025219  0.328310 0.865200 0
stocking
0  2.038071 0.639917 17.172689  -0.630660 0.775650 0.025219  0.328310 0.865200 0
0  1.553178 -0.119810 16.709373  -0.898567 0.437688 -0.031719  0.356490 0.855920 0
0  1.447365 -0.301745 18.004648  -0.898528 0.437773 -0.031666  0.354260 0.896290 0
stocking
0  1.097029 -1.232138 17.575890  -0.994519 0.038704 -0.097133  0.388130 0.890910 0
0  1.447365 -0.301745 18.004648  -0.898528 0.437773 -0.031666  0.354260 0.896290 0
0  1.553178 -0.119810 16.709373  -0.898567 0.437688 -0.031719  0.356490 0.855920 0
stocking
0  1.553178 -0.119810 16.709373  -0.898567 0.437688 -0.031719  0.356490 0.855920 0
0  1.240036 -1.024161 16.379974  -0.996058 0.060992 -0.064410  0.387520 0.849600 0
0  1.097029 -1.232138 17.575890  -0.994519 0.038704 -0.097133  0.388130 0.890910 0
stocking
0  1.297231 -0.885613 15.270115  -0.995654 0.086195 -0.035255  0.386930 0.812410 0
0  1.240036 -1.024161 16.379974  -0.996058 0.060992 -0.064410  0.387520 0.849600 0
0  1.553178 -0.119810 16.709373  -0.898567 0.437688 -0.031719  0.356490 0.855920 0
stocking
0  1.553178 -0.119810 16.709373  -0.898567 0.437688 -0.031719  0.356490 0.855920 0
0  1.648920 -0.013253 15.556990  -0.898555 0.437714 -0.031709  0.356690 0.819600 0
0  1.297231 -0.885613 15.270115  -0.995654 0.086195 -0.035255  0.386930 0.812410 0
stocking
0  1.297231 -0.885613 15.270115  -0.995654 0.086195 -0.035255  0.386930 0.812410 0
0  1.648920 -0.013253 15.556990  -0.898555 0.437714 -0.031709  0.356690 0.819600 0
0  1.683595 0.034241 14.378757  -0.891627 0.452769 -0.000949  0.356570 0.782490 0
stocking
0  1.683595 0.034241 14.378757  -0.891627 0.452769 -0.000949  0.356570 0.782490 0
0  1.348870 -0.796037 14.107109  -0.995654 0.086204 -0.035254  0.384570 0.773800 0
0  1.297231 -0.885613 15.270115  -0.995654 0.086195 -0.035255  0.386930 0.812410 0
stocking
0  1.486626 -0.650154 11.507507  -0.996057 0.060994 -0.064426  0.375940 0.689920 0
0  1.348870 -0.796037 14.107109  -0.995654 0.086204 -0.035254  0.384570 0.773800 0
0  1.683595 0.034241 14.378757  -0.891627 0.452769 -0.000949  0.356570 0.782490 0
stocking
0  2.152748 -3.001438 17.309780  -0.560974 -0.806242 -0.187833  0.102110 0.886330 0
0  2.226494 -2.818313 16.194164  -0.550379 -0.821316 -0.150078  0.101350 0.850620 0
0  2.903353 -3.110399 16.208271  -0.084841 -0.983267 -0.161208  0.124180 0.851370 0
stocking
0  2.903353 -3.110399 16.208271  -0.084841 -0.983267 -0.161208  0.124180 0.851370 0
0  2.802110 -3.298098 17.310902  -0.109007 -0.974268 -0.197279  0.123970 0.885680 0
0  2.152748 -3.001438 17.309780  -0.560974 -0.806242 -0.187833  0.102110 0.886330 0
stocking
0  3.697693 -3.159443 17.509516  0.402207 -0.903553 -0.147719  0.151240 0.888070 0
0  2.802110 -3.298098 17.310902  -0.109007 -0.974268 -0.197279  0.123970 0.885680 0
0  2.903353 -3.110399 16.208271  -0.084841 -0.983267 -0.161208  0.124180 0.851370 0
stocking
0  2.802110 -3.298098 17.310902  -0.109007 -0.974268 -0.197279  0.123970 0.885680 0
0  3.697693 -3.159443 17.509516  0.402207 -0.903553 -0.147719  0.151240 0.888070 0
0  3.600098 -3.366499 18.448961  0.438669 -0.713236 -0.546684  0.151780 0.915950 0
stocking
0  3.600098 -3.366499 18.448961  0.438669 -0.713236 -0.546684  0.151780 0.915950 0
0  3.697693 -3.159443 17.509516  0.402207 -0.903553 -0.147719  0.151240 0.888070 0
0  4.392122 -2.673806 17.821093  0.719116 -0.693546 -0.043184  0.176520 0.891930 0
stocking
0  4.392122 -2.673806 17.821093  0.719116 -0.693546 -0.043184  0.176520 0.891930 0
0  4.269462 -2.913870 18.735849  0.769044 -0.494699 -0.404778  0.175790 0.918410 0
0  3.600098 -3.366499 18.448961  0.438669 -0.713236 -0.546684  0.151780 0.915950 0
stocking
0  4.269462 -2.913870 18.735849  0.769044 -0.494699 -0.404778  0.175790 0.918410 0
0  4.392122 -2.673806 17.821093  0.719116 -0.693546 -0.043184  0.176520 0.891930 0
0  4.964893 -1.821024 18.242022  0.974986 -0.194000 0.108475  0.206320 0.896650 0
stocking
0  4.964893 -1.821024 18.242022  0.974986 -0.194000 0.108475  0.206320 0.896650 0
0  4.789944 -1.941072 19.152714  0.973722 -0.046131 -0.223020  0.207760 0.921490 0
0  4.269462 -2.913870 18.735849  0.769044 -0.494699 -0.404778  0.175790 0.918410 0
stocking
0  4.789944 -1.941072 19.152714  0.973722 -0.046131 -0.223020  0.207760 0.921490 0
0  4.964893 -1.821024 18.242022  0.974986 -0.194000 0.108475  0.206320 0.896650 0
0  4.638566 -0.617322 18.631271  0.888744 0.424110 0.173969  0.240180 0.902340 0
stocking
0  4.638566 -0.617322 18.631271  0.888744 0.424110 0.173969  0.240180 0.902340 0
0  4.523836 -0.794258 19.554789  0.884619 0.450966 -0.118654  0.240220 0.926950 0
0  4.789944 -1.941072 19.152714  0.973722 -0.046131 -0.223020  0.207760 0.921490 0
stocking
0  4.523836 -0.794258 19.554789  0.884619 0.450966 -0.118654  0.240220 0.926950 0
0  4.638566 -0.617322 18.631271  0.888744 0.424110 0.173969  0.240180 0.902340 0
0  3.859731 0.301946 18.826393  0.570360 0.791569 0.219334  0.271530 0.905320 0
stocking
0  3.855366 0.521672 17.677525  0.586362 0.795545 0.152606  0.274450 0.875200 0
0  3.859731 0.301946 18.826393  0.570360 0.791569 0.219334  0.271530 0.905320 0
0  4.638566 -0.617322 18.631271  0.888744 0.424110 0.173969  0.240180 0.902340 0
stocking
0  2.827240 0.682877 18.785780  0.001463 0.971855 0.235574  0.299770 0.905370 0
0  3.859731 0.301946 18.826393  0.570360 0.791569 0.219334  0.271530 0.905320 0
0  3.855366 0.521672 17.677525  0.586362 0.795545 0.152606  0.274450 0.875200 0
stocking
0  3.855366 0.521672 17.677525  0.586362 0.795545 0.152606  0.274450 0.875200 0
0  2.941327 0.937209 17.722492  0.021400 0.987474 0.156323  0.300570 0.876490 0
0  2.827240 0.682877 18.785780  0.001463 0.971855 0.235574  0.299770 0.905370 0
stocking
0  2.827240 0.682877 18.785780  0.001463 0.971855 0.235574  0.299770 0.905370 0
0  2.941327 0.937209 17.722492  0.021400 0.987474 0.156323  0.300570 0.876490 0
0  2.038071 0.639917 17.172689  -0.630660 0.775650 0.025219  0.328310 0.865200 0
stocking
0  2.165365 0.773123 16.031845  -0.630658 0.775651 0.025207  0.327710 0.831950 0
0  2.038071 0.639917 17.172689  -0.630660 0.775650 0.025219  0.328310 0.865200 0
0  2.941327 0.937209 17.722492  0.021400 0.987474 0.156323  0.300570 0.876490 0
stocking
0  1.553178 -0.119810 16.709373  -0.898567 0.437688 -0.031719  0.356490 0.855920 0
0  2.038071 0.639917 17.172689  -0.630660 0.775650 0.025219  0.328310 0.865200 0
0  2.165365 0.773123 16.031845  -0.630658 0.775651 0.025207  0.327710 0.831950 0
stocking
0  2.165365 0.773123 16.031845  -0.630658 0.775651 0.025207  0.327710 0.831950 0
0  1.648920 -0.013253 15.556990  -0.898555 0.437714 -0.031709  0.356690 0.819600 0
0  1.553178 -0.119810 16.709373  -0.898567 0.437688 -0.031719  0.356490 0.855920 0
stocking
0  2.217674 0.843342 14.853826  -0.611550 0.791192 -0.004662  0.327670 0.796900 0
0  1.683595 0.034241 14.378757  -0.891627 0.452769 -0.000949  0.356570 0.782490 0
0  1.648920 -0.013253 15.556990  -0.898555 0.437714 -0.031709  0.356690 0.819600 0
stocking
0  1.648920 -0.013253 15.556990  -0.898555 0.437714 -0.031709  0.356690 0.819600 0
0  2.165365 0.773123 16.031845  -0.630658 0.775651 0.025207  0.327710 0.831950 0
0  2.217674 0.843342 14.853826  -0.611550 0.791192 -0.004662  0.327670 0.796900 0
stocking
0  2.217674 0.843342 14.853826  -0.611550 0.791192 -0.004662  0.327670 0.796900 0
0  2.165365 0.773123 16.031845  -0.630658 0.775651 0.025207  0.327710 0.831950 0
0  3.030336 1.089180 16.508570  0.036677 0.994797 0.095043  0.301090 0.843730 0
stocking
0  2.941327 0.937209 17.722492  0.021400 0.987474 0.156323  0.300570 0.876490 0
0  3.030336 1.089180 16.508570  0.036677 0.994797 0.095043  0.301090 0.843730 0
0  2.165365 0.773123 16.031845  -0.630658 0.775651 0.025207  0.327710 0.831950 0
stocking
0  3.904869 0.663620 16.432211  0.601807 0.792751 0.096820  0.274890 0.842210 0
0  3.030336 1.089180 16.508570  0.036677 0.994797 0.095043  0.301090 0.843730 0
0  2.941327 0.937209 17.722492  0.021400 0.987474 0.156323  0.300570 0.876490 0
stocking
0  2.941327 0.937209 17.722492  0.021400 0.987474 0.156323  0.300570 0.876490 0
0  3.855366 0.521672 17.677525  0.586362 0.795545 0.152606  0.274450 0.875200 0
0  3.904869 0.663620 16.432211  0.601807 0.792751 0.096820  0.274890 0.842210 0
stocking
0  3.904869 0.663620 16.432211  0.601807 0.792751 0.096820  0.274890 0.842210 0
0  3.855366 0.521672 17.677525  0.586362 0.795545 0.152606  0.274450 0.875200 0
0  4.754064 -0.433237 17.518581  0.873996 0.469797 0.124184  0.240190 0.873040 0
stocking
0  4.638566 -0.617322 18.631271  0.888744 0.424110 0.173969  0.240180 0.902340 0
0  4.754064 -0.433237 17.518581  0.873996 0.469797 0.124184  0.240190 0.873040 0
0  3.855366 0.521672 17.677525  0.586362 0.795545 0.152606  0.274450 0.875200 0
stocking
0  4.754064 -0.433237 17.518581  0.873996 0.469797 0.124184  0.240190 0.873040 0
0  4.638566 -0.617322 18.631271  0.888744 0.424110 0.173969  0.240180 0.902340 0
0  4.964893 -1.821024 18.242022  0.974986 -0.194000 0.108475  0.206320 0.896650 0
stocking
0  4.964893 -1.821024 18.242022  0.974986 -0.194000 0.108475  0.206320 0.896650 0
0  5.147063 -1.686267 17.145039  0.978974 -0.196900 0.053286  0.205130 0.867370 0
0  4.754064 -0.433237 17.518581  0.873996 0.469797 0.124184  0.240190 0.873040 0
stocking
0  5.147063 -1.686267 17.145039  0.978974 -0.196900 0.053286  0.205130 0.867370 0
0  4.964893 -1.821024 18.242022  0.974986 -0.194000 0.108475  0.206320 0.896650 0
0  4.392122 -2.673806 17.821093  0.719116 -0.693546 -0.043184  0.176520 0.891930 0
stocking
0  4.392122 -2.673806 17.821093  0.719116 -0.693546 -0.043184  0.176520 0.891930 0
0  4.511748 -2.479908 16.740808  0.689919 -0.720801 -0.066770  0.176530 0.861250 0
0  5.147063 -1.686267 17.145039  0.978974 -0.196900 0.053286  0.205130 0.867370 0
stocking
0  4.511748 -2.479908 16.740808  0.689919 -0.720801 -0.066770  0.176530 0.861250 0
0  4.392122 -2.673806 17.821093  0.719116 -0.693546 -0.043184  0.176520 0.891930 0
0  3.697693 -3.159443 17.509516  0.402207 -0.903553 -0.147719  0.151240 0.888070 0
stocking
0  1.683595 0.034241 14.378757  -0.891627 0.452769 -0.000949  0.356570 0.782490 0
0  1.691629 0.178664 11.729146  -0.898568 0.437688 -0.031702  0.349200 0.699560 0
0  1.486626 -0.650154 11.507507  -0.996057 0.060994 -0.064426  0.375940 0.689920 0
stocking
0  2.196275 0.885157 12.025689  -0.583612 0.812032 0.000226  0.323020 0.711640 0
0  1.691629 0.178664 11.729146  -0.898568 0.437688 -0.031702  0.349200 0.699560 0
0  1.683595 0.034241 14.378757  -0.891627 0.452769 -0.000949  0.356570 0.782490 0
stocking
0  1.683595 0.034241 14.378757  -0.891627 0.452769 -0.000949  0.356570 0.782490 0
0  2.217674 0.843342 14.853826  -0.611550 0.791192 -0.004662  0.327670 0.796900 0
0  2.196275 0.885157 12.025689  -0.583612 0.812032 0.000226  0.323020 0.711640 0
stocking
0  2.196275 0.885157 12.025689  -0.583612 0.812032 0.000226  0.323020 0.711640 0
0  2.217674 0.843342 14.853826  -0.611550 0.791192 -0.004662  0.327670 0.796900 0
0  3.099736 1.181160 15.328857  0.051334 0.998248 0.029437  0.300910 0.811470 0
stocking
0  3.030336 1.089180 16.508570  0.036677 0.994797 0.095043  0.301090 0.843730 0
0  3.099736 1.181160 15.328857  0.051334 0.998248 0.029437  0.300910 0.811470 0
0  2.217674 0.843342 14.853826  -0.611550 0.791192 -0.004662  0.327670 0.796900 0
stocking
0  3.927044 0.769521 15.310310  0.612181 0.790717 0.000120  0.275220 0.812100 0
0  3.099736 1.181160 15.328857  0.051334 0.998248 0.029437  0.300910 0.811470 0
0  3.030336 1.089180 16.508570  0.036677 0.994797 0.095043  0.301090 0.843730 0
stocking
0  3.030336 1.089180 16.508570  0.036677 0.994797 0.095043  0.301090 0.843730 0
0  3.904869 0.663620 16.432211  0.601807 0.792751 0.096820  0.274890 0.842210 0
0  3.927044 0.769521 15.310310  0.612181 0.790717 0.000120  0.275220 0.812100 0
stocking
0  3.927044 0.769521 15.310310  0.612181 0.790717 0.000120  0.275220 0.812100 0
0  3.904869 0.663620 16.432211  0.601807 0.792751 0.096820  0.274890 0.842210 0
0  4.798560 -0.307653 16.260044  0.869284 0.490747 0.059276  0.239420 0.840110 0
stocking
0  4.754064 -0.433237 17.518581  0.873996 0.469797 0.124184  0.240190 0.873040 0
0  4.798560 -0.307653 16.260044  0.869284 0.490747 0.059276  0.239420 0.840110 0
0  3.904869 0.663620 16.432211  0.601807 0.792751 0.096820  0.274890 0.842210 0
stocking
0  5.200835 -1.536873 15.965923  0.982765 -0.182524 -0.029300  0.204530 0.836270 0
0  4.798560 -0.307653 16.260044  0.869284 0.490747 0.059276  0.239420 0.840110 0
0  4.754064 -0.433237 17.518581  0.873996 0.469797 0.124184  0.240190 0.873040 0
stocking
0  4.754064 -0.433237 17.518581  0.873996 0.469797 0.124184  0.240190 0.873040 0
0  5.147063 -1.686267 17.145039  0.978974 -0.196900 0.053286  0.205130 0.867370 0
0  5.200835 -1.536873 15.965923  0.982765 -0.182524 -0.029300  0.204530 0.836270 0
stocking
0  4.548690 -2.283280 15.612015  0.684622 -0.721149 -0.106006  0.176800 0.829570 0
0  5.200835 -1.536873 15.965923  0.982765 -0.182524 -0.029300  0.204530 0.836270 0
0  5.147063 -1.686267 17.145039  0.978974 -0.196900 0.053286  0.205130 0.867370 0
stocking
0  5.147063 -1.686267 17.145039  0.978974 -0.196900 0.053286  0.205130 0.867370 0
0  4.511748 -2.479908 16.740808  0.689919 -0.720801 -0.066770  0.176530 0.861250 0
0  4.548690 -2.283280 15.612015  0.684622 -0.721149 -0.106006  0.176800 0.829570 0
stocking
0  4.548690 -2.283280 15.612015  0.684622 -0.721149 -0.106006  0.176800 0.829570 0
0  4.511748 -2.479908 16.740808  0.689919 -0.720801 -0.066770  0.176530 0.861250 0
0  3.779107 -2.937253 16.456852  0.402224 -0.903547 -0.147710  0.151250 0.856660 0
stocking
0  3.697693 -3.159443 17.509516  0.402207 -0.903553 -0.147719  0.151240 0.888070 0
0  3.779107 -2.937253 16.456852  0.402224 -0.903547 -0.147710  0.151250 0.856660 0
0  4.511748 -2.479908 16.740808  0.689919 -0.720801 -0.066770  0.176530 0.861250 0
stocking
0  2.903353 -3.110399 16.208271  -0.084841 -0.983267 -0.161208  0.124180 0.851370 0
0  3.779107 -2.937253 16.456852  0.402224 -0.903547 -0.147710  0.151250 0.856660 0
0  3.697693 -3.159443 17.509516  0.402207 -0.903553 -0.147719  0.151240 0.888070 0
stocking
0  3.779107 -2.937253 16.456852  0.402224 -0.903547 -0.147710  0.151250 0.856660 0
0  2.903353 -3.110399 16.208271  -0.084841 -0.983267 -0.161208  0.124180 0.851370 0
0  2.970503 -2.970200 15.083114  -0.084816 -0.983274 -0.161180  0.125320 0.816610 0
stocking
0  2.970503 -2.970200 15.083114  -0.084816 -0.983274 -0.161180  0.125320 0.816610 0
0  2.903353 -3.110399 16.208271  -0.084841 -0.983267 -0.161208  0.124180 0.851370 0
0  2.226494 -2.818313 16.194164  -0.550379 -0.821316 -0.150078  0.101350 0.850620 0
stocking
0  5.148555 -1.377022 14.863369  0.982556 -0.162087 -0.091170  0.204450 0.806790 0
0  5.200835 -1.536873 15.965923  0.982765 -0.182524 -0.029300  0.204530 0.836270 0
0  4.548690 -2.283280 15.612015  0.684622 -0.721149 -0.106006  0.176800 0.829570 0
stocking
0  5.200835 -1.536873 15.965923  0.982765 -0.182524 -0.029300  0.204530 0.836270 0
0  5.148555 -1.377022 14.863369  0.982556 -0.162087 -0.091170  0.204450 0.806790 0
0  4.792937 -0.244222 15.168192  0.874156 0.485627 -0.004168  0.238010 0.811250 0
stocking
0  4.792937 -0.244222 15.168192  0.874156 0.485627 -0.004168  0.238010 0.811250 0
0  4.798560 -0.307653 16.260044  0.869284 0.490747 0.059276  0.239420 0.840110 0
0  5.200835 -1.536873 15.965923  0.982765 -0.182524 -0.029300  0.204530 0.836270 0
stocking
0  4.798560 -0.307653 16.260044  0.869284 0.490747 0.059276  0.239420 0.840110 0
0  4.792937 -0.244222 15.168192  0.874156 0.485627 -0.004168  0.238010 0.811250 0
0  3.927044 0.769521 15.310310  0.612181 0.790717 0.000120  0.275220 0.812100 0
stocking
0  3.099736 1.181160 15.328857  0.051334 0.998248 0.029437  0.300910 0.811470 0
0  3.927044 0.769521 15.310310  0.612181 0.790717 0.000120  0.275220 0.812100 0
0  3.837096 0.796456 12.360720  0.587290 0.808394 -0.039871  0.271020 0.726980 0
stocking
0  3.837096 0.796456 12.360720  0.587290 0.808394 -0.039871  0.271020 0.726980 0
0  3.927044 0.769521 15.310310  0.612181 0.790717 0.000120  0.275220 0.812100 0
0  4.792937 -0.244222 15.168192  0.874156 0.485627 -0.004168  0.238010 0.811250 0
stocking
0  4.792937 -0.244222 15.168192  0.874156 0.485627 -0.004168  0.238010 0.811250 0
0  4.588829 -0.023741 12.343690  0.881412 0.466860 -0.071798  0.238200 0.729770 0
0  3.837096 0.796456 12.360720  0.587290 0.808394 -0.039871  0.271020 0.726980 0
stocking
0  4.818439 -1.039888 12.183224  0.979550 -0.143504 -0.141027  0.206990 0.728230 0
0  4.588829 -0.023741 12.343690  0.881412 0.466860 -0.071798  0.238200 0.729770 0
0  4.792937 -0.244222 15.168192  0.874156 0.485627 -0.004168  0.238010 0.811250 0
stocking
0  4.792937 -0.244222 15.168192  0.874156 0.485627 -0.004168  0.238010 0.811250 0
0  5.148555 -1.377022 14.863369  0.982556 -0.162087 -0.091170  0.204450 0.806790 0
0  4.818439 -1.039888 12.183224  0.979550 -0.143504 -0.141027  0.206990 0.728230 0
stocking
0  4.379692 -1.731813 11.946101  0.756432 -0.634483 -0.158878  0.182340 0.721270 0
0  4.818439 -1.039888 12.183224  0.979550 -0.143504 -0.141027  0.206990 0.728230 0
0  5.148555 -1.377022 14.863369  0.982556 -0.162087 -0.091170  0.204450 0.806790 0
stocking
0  5.148555 -1.377022 14.863369  0.982556 -0.162087 -0.091170  0.204450 0.806790 0
0  4.522312 -2.118644 14.488049  0.710812 -0.690502 -0.133990  0.176940 0.797030 0
0  4.379692 -1.731813 11.946101  0.756432 -0.634483 -0.158878  0.182340 0.721270 0
stocking
0  4.548690 -2.283280 15.612015  0.684622 -0.721149 -0.106006  0.176800 0.829570 0
0  4.522312 -2.118644 14.488049  0.710812 -0.690502 -0.133990  0.176940 0.797030 0
0  5.148555 -1.377022 14.863369  0.982556 -0.162087 -0.091170  0.204450 0.806790 0
stocking
0  4.522312 -2.118644 14.488049  0.710812 -0.690502 -0.133990  0.176940 0.797030 0
0  4.548690 -2.283280 15.612015  0.684622 -0.721149 -0.106006  0.176800 0.829570 0
0  3.836097 -2.745011 15.325903  0.430844 -0.893914 -0.123659  0.152120 0.823040 0
stocking
0  3.779107 -2.937253 16.456852  0.402224 -0.903547 -0.147710  0.151250 0.856660 0
0  3.836097 -2.745011 15.325903  0.430844 -0.893914 -0.123659  0.152120 0.823040 0
0  4.548690 -2.283280 15.612015  0.684622 -0.721149 -0.106006  0.176800 0.829570 0
stocking
0  2.970503 -2.970200 15.083114  -0.084816 -0.983274 -0.161180  0.125320 0.816610 0
0  3.836097 -2.745011 15.325903  0.430844 -0.893914 -0.123659  0.152120 0.823040 0
0  3.779107 -2.937253 16.456852  0.402224 -0.903547 -0.147710  0.151250 0.856660 0
stocking
0  3.836097 -2.745011 15.325903  0.430844 -0.893914 -0.123659  0.152120 0.823040 0
0  2.970503 -2.970200 15.083114  -0.084816 -0.983274 -0.161180  0.125320 0.816610 0
0  3.005737 -2.828121 13.962685  -0.057635 -0.989140 -0.135203  0.127190 0.781890 0
stocking
0  3.005737 -2.828121 13.962685  -0.057635 -0.989140 -0.135203  0.127190 0.781890 0
0  2.970503 -2.970200 15.083114  -0.084816 -0.983274 -0.161180  0.125320 0.816610 0
0  2.263570 -2.664432 15.071608  -0.550382 -0.821312 -0.150089  0.101710 0.814910 0
stocking
0  4.379692 -1.731813 11.946101  0.756432 -0.634483 -0.158878  0.182340 0.721270 0
0  4.522312 -2.118644 14.488049  0.710812 -0.690502 -0.133990  0.176940 0.797030 0
0  3.833256 -2.589047 14.203844  0.430860 -0.893905 -0.123666  0.152840 0.789410 0
stocking
0  3.836097 -2.745011 15.325903  0.430844 -0.893914 -0.123659  0.152120 0.823040 0
0  3.833256 -2.589047 14.203844  0.430860 -0.893905 -0.123666  0.152840 0.789410 0
0  4.522312 -2.118644 14.488049  0.710812 -0.690502 -0.133990  0.176940 0.797030 0
stocking
0  3.005737 -2.828121 13.962685  -0.057635 -0.989140 -0.135203  0.127190 0.781890 0
0  3.833256 -2.589047 14.203844  0.430860 -0.893905 -0.123666  0.152840 0.789410 0
0  3.836097 -2.745011 15.325903  0.430844 -0.893914 -0.123659  0.152120 0.823040 0
stocking
0  2.226494 -2.818313 16.194164  -0.550379 -0.821316 -0.150078  0.101350 0.850620 0
0  2.263570 -2.664432 15.071608  -0.550382 -0.821312 -0.150089  0.101710 0.814910 0
0  2.970503 -2.970200 15.083114  -0.084816 -0.983274 -0.161180  0.125320 0.816610 0
stocking
0  1.532143 -1.978678 15.109327  -0.870957 -0.483764 -0.086059  0.069900 0.812810 0
0  2.263570 -2.664432 15.071608  -0.550382 -0.821312 -0.150089  0.101710 0.814910 0
0  2.226494 -2.818313 16.194164  -0.550379 -0.821316 -0.150078  0.101350 0.850620 0
stocking
0  2.263570 -2.664432 15.071608  -0.550382 -0.821312 -0.150089  0.101710 0.814910 0
0  1.532143 -1.978678 15.109327  -0.870957 -0.483764 -0.086059  0.069900 0.812810 0
0  1.525297 -1.793639 13.957170  -0.871022 -0.483652 -0.086025  0.070200 0.775110 0
stocking
0  1.525297 -1.793639 13.957170  -0.871022 -0.483652 -0.086025  0.070200 0.775110 0
0  2.276761 -2.500497 13.930143  -0.557283 -0.822420 -0.114285  0.102810 0.778670 0
0  2.263570 -2.664432 15.071608  -0.550382 -0.821312 -0.150089  0.101710 0.814910 0
stocking
0  2.263570 -2.664432 15.071608  -0.550382 -0.821312 -0.150089  0.101710 0.814910 0
0  2.276761 -2.500497 13.930143  -0.557283 -0.822420 -0.114285  0.102810 0.778670 0
0  3.005737 -2.828121 13.962685  -0.057635 -0.989140 -0.135203  0.127190 0.781890 0
stocking
0  2.892506 -2.490543 11.534723  -0.084827 -0.983271 -0.161188  0.130330 0.706000 0
0  3.005737 -2.828121 13.962685  -0.057635 -0.989140 -0.135203  0.127190 0.781890 0
0  2.276761 -2.500497 13.930143  -0.557283 -0.822420 -0.114285  0.102810 0.778670 0
stocking
0  3.833256 -2.589047 14.203844  0.430860 -0.893905 -0.123666  0.152840 0.789410 0
0  3.005737 -2.828121 13.962685  -0.057635 -0.989140 -0.135203  0.127190 0.781890 0
0  2.892506 -2.490543 11.534723  -0.084827 -0.983271 -0.161188  0.130330 0.706000 0
stocking
0  2.892506 -2.490543 11.534723  -0.084827 -0.983271 -0.161188  0.130330 0.706000 0
0  3.700957 -2.265762 11.715805  0.470075 -0.869340 -0.152570  0.156110 0.713380 0
0  3.833256 -2.589047 14.203844  0.430860 -0.893905 -0.123666  0.152840 0.789410 0
stocking
0  3.833256 -2.589047 14.203844  0.430860 -0.893905 -0.123666  0.152840 0.789410 0
0  3.700957 -2.265762 11.715805  0.470075 -0.869340 -0.152570  0.156110 0.713380 0
0  4.379692 -1.731813 11.946101  0.756432 -0.634483 -0.158878  0.182340 0.721270 0
stocking
0  4.040120 -1.466995 9.379155  0.802898 -0.575338 -0.156016  0.184530 0.638560 0
0  4.379692 -1.731813 11.946101  0.756432 -0.634483 -0.158878  0.182340 0.721270 0
0  3.700957 -2.265762 11.715805  0.470075 -0.869340 -0.152570  0.156110 0.713380 0
stocking
0  4.818439 -1.039888 12.183224  0.979550 -0.143504 -0.141027  0.206990 0.728230 0
0  4.379692 -1.731813 11.946101  0.756432 -0.634483 -0.158878  0.182340 0.721270 0
0  4.040120 -1.466995 9.379155  0.802898 -0.575338 -0.156016  0.184530 0.638560 0
stocking
0  4.040120 -1.466995 9.379155  0.802898 -0.575338 -0.156016  0.184530 0.638560 0
0  4.368964 -0.823497 9.611927  0.979551 -0.143506 -0.141019  0.208130 0.646450 0
0  4.818439 -1.039888 12.183224  0.979550 -0.143504 -0.141027  0.206990 0.728230 0
stocking
0  4.588829 -0.023741 12.343690  0.881412 0.466860 -0.071798  0.238200 0.729770 0
0  4.818439 -1.039888 12.183224  0.979550 -0.143504 -0.141027  0.206990 0.728230 0
0  4.368964 -0.823497 9.611927  0.979551 -0.143506 -0.141019  0.208130 0.646450 0
stocking
0  4.368964 -0.823497 9.611927  0.979551 -0.143506 -0.141019  0.208130 0.646450 0
0  4.282253 0.081568 9.766930  0.884611 0.450978 -0.118668  0.237880 0.649910 0
0  4.588829 -0.023741 12.343690  0.881412 0.466860 -0.071798  0.238200 0.729770 0
stocking
0  4.588829 -0.023741 12.343690  0.881412 0.466860 -0.071798  0.238200 0.729770 0
0  4.282253 0.081568 9.766930  0.884611 0.450978 -0.118668  0.237880 0.649910 0
0  3.660072 0.705736 9.771038  0.563876 0.822175 -0.077923  0.266150 0.647060 0
stocking
0  3.660072 0.705736 9.771038  0.563876 0.822175 -0.077923  0.266150 0.647060 0
0  3.837096 0.796456 12.360720  0.587290 0.808394 -0.039871  0.271020 0.726980 0
0  4.588829 -0.023741 12.343690  0.881412 0.466860 -0.071798  0.238200 0.729770 0
stocking
0  3.045607 1.169991 12.320566  0.072110 0.997038 -0.026731  0.296820 0.723280 0
0  3.837096 0.796456 12.360720  0.587290 0.808394 -0.039871  0.271020 0.726980 0
0  3.660072 0.705736 9.771038  0.563876 0.822175 -0.077923  0.266150 0.647060 0
stocking
0  3.837096 0.796456 12.360720  0.587290 0.808394 -0.039871  0.271020 0.726980 0
0  3.045607 1.169991 12.320566  0.072110 0.997038 -0.026731  0.296820 0.723280 0
0  3.099736 1.181160 15.328857  0.051334 0.998248 0.029437  0.300910 0.811470 0
stocking
0  4.282253 0.081568 9.766930  0.884611 0.450978 -0.118668  0.237880 0.649910 0
0  4.368964 -0.823497 9.611927  0.979551 -0.143506 -0.141019  0.208130 0.646450 0
0  3.902368 -0.636834 6.625231  0.991218 -0.045639 -0.124112  0.212870 0.543010 0
stocking
0  3.727100 -1.250165 6.626088  0.857458 -0.503147 -0.107751  0.189840 0.542700 0
0  3.902368 -0.636834 6.625231  0.991218 -0.045639 -0.124112  0.212870 0.543010 0
0  4.368964 -0.823497 9.611927  0.979551 -0.143506 -0.141019  0.208130 0.646450 0
stocking
0  4.368964 -0.823497 9.611927  0.979551 -0.143506 -0.141019  0.208130 0.646450 0
0  4.040120 -1.466995 9.379155  0.802898 -0.575338 -0.156016  0.184530 0.638560 0
0  3.727100 -1.250165 6.626088  0.857458 -0.503147 -0.107751  0.189840 0.542700 0
stocking
0  3.727100 -1.250165 6.626088  0.857458 -0.503147 -0.107751  0.189840 0.542700 0
0  4.040120 -1.466995 9.379155  0.802898 -0.575338 -0.156016  0.184530 0.638560 0
0  3.448469 -1.953516 9.183897  0.470079 -0.869336 -0.152578  0.159340 0.630660 0
stocking
0  3.700957 -2.265762 11.715805  0.470075 -0.869340 -0.152570  0.156110 0.713380 0
0  3.448469 -1.953516 9.183897  0.470079 -0.869336 -0.152578  0.159340 0.630660 0
0  4.040120 -1.466995 9.379155  0.802898 -0.575338 -0.156016  0.184530 0.638560 0
stocking
0  2.788785 -2.093338 9.029244  -0.057628 -0.989140 -0.135205  0.137300 0.623450 0
0  3.448469 -1.953516 9.183897  0.470079 -0.869336 -0.152578  0.159340 0.630660 0
0  3.700957 -2.265762 11.715805  0.470075 -0.869340 -0.152570  0.156110 0.713380 0
stocking
0  3.700957 -2.265762 11.715805  0.470075 -0.869340 -0.152570  0.156110 0.713380 0
0  2.892506 -2.490543 11.534723  -0.084827 -0.983271 -0.161188  0.130330 0.706000 0
0  2.788785 -2.093338 9.029244  -0.057628 -0.989140 -0.135205  0.137300 0.623450 0
stocking
0  2.788785 -2.093338 9.029244  -0.057628 -0.989140 -0.135205  0.137300 0.623450 0
0  2.892506 -2.490543 11.534723  -0.084827 -0.983271 -0.161188  0.130330 0.706000 0
0  2.253103 -2.177304 11.494878  -0.557288 -0.822417 -0.114283  0.108310 0.701230 0
stocking
0  2.276761 -2.500497 13.930143  -0.557283 -0.822420 -0.114285  0.102810 0.778670 0
0  2.253103 -2.177304 11.494878  -0.557288 -0.822417 -0.114283  0.108310 0.701230 0
0  2.892506 -2.490543 11.534723  -0.084827 -0.983271 -0.161188  0.130330 0.706000 0
stocking
0  1.584946 -1.483320 11.457815  -0.897794 -0.432674 -0.082214  0.078070 0.694470 0
0  2.253103 -2.177304 11.494878  -0.557288 -0.822417 -0.114283  0.108310 0.701230 0
0  2.276761 -2.500497 13.930143  -0.557283 -0.822420 -0.114285  0.102810 0.778670 0
stocking
0  2.276761 -2.500497 13.930143  -0.557283 -0.822420 -0.114285  0.102810 0.778670 0
0  1.525297 -1.793639 13.957170  -0.871022 -0.483652 -0.086025  0.070200 0.775110 0
0  1.584946 -1.483320 11.457815  -0.897794 -0.432674 -0.082214  0.078070 0.694470 0
stocking
0  1.584946 -1.483320 11.457815  -0.897794 -0.432674 -0.082214  0.078070 0.694470 0
0  1.525297 -1.793639 13.957170  -0.871022 -0.483652 -0.086025  0.070200 0.775110 0
0  1.348870 -0.796037 14.107109  -0.995654 0.086204 -0.035254  0.036800 0.773800 0
stocking
0  1.348870 -0.796037 14.107109  -0.995654 0.086204 -0.035254  0.036800 0.773800 0
0  1.525297 -1.793639 13.957170  -0.871022 -0.483652 -0.086025  0.070200 0.775110 0
0  1.532143 -1.978678 15.109327  -0.870957 -0.483764 -0.086059  0.069900 0.812810 0
stocking
0  1.532143 -1.978678 15.109327  -0.870957 -0.483764 -0.086059  0.069900 0.812810 0
0  1.297231 -0.885613 15.270115  -0.995654 0.086195 -0.035255  0.032880 0.812410 0
0  1.348870 -0.796037 14.107109  -0.995654 0.086204 -0.035254  0.036800 0.773800 0
stocking
0  1.240036 -1.024161 16.379974  -0.996058 0.060992 -0.064410  0.031640 0.849600 0
0  1.297231 -0.885613 15.270115  -0.995654 0.086195 -0.035255  0.032880 0.812410 0
0  1.532143 -1.978678 15.109327  -0.870957 -0.483764 -0.086059  0.069900 0.812810 0
stocking
0  1.532143 -1.978678 15.109327  -0.870957 -0.483764 -0.086059  0.069900 0.812810 0
0  1.522551 -2.145877 16.229147  -0.860952 -0.494735 -0.118313  0.070220 0.849630 0
0  1.240036 -1.024161 16.379974  -0.996058 0.060992 -0.064410  0.031640 0.849600 0
stocking
0  2.226494 -2.818313 16.194164  -0.550379 -0.821316 -0.150078  0.101350 0.850620 0
0  1.522551 -2.145877 16.229147  -0.860952 -0.494735 -0.118313  0.070220 0.849630 0
0  1.532143 -1.978678 15.109327  -0.870957 -0.483764 -0.086059  0.069900 0.812810 0
stocking
0  1.522551 -2.145877 16.229147  -0.860952 -0.494735 -0.118313  0.070220 0.849630 0
0  2.226494 -2.818313 16.194164  -0.550379 -0.821316 -0.150078  0.101350 0.850620 0
0  2.152748 -3.001438 17.309780  -0.560974 -0.806242 -0.187833  0.102110 0.886330 0
stocking
0  1.397979 -2.500558 18.326313  -0.750045 -0.393386 -0.531677  0.074160 0.919420 0
0  0.965071 -1.444973 18.594290  -0.884748 0.144897 -0.442975  0.035520 0.927100 0
0  1.097029 -1.232138 17.575890  -0.994519 0.038704 -0.097133  0.032710 0.890910 0
stocking
0  1.097029 -1.232138 17.575890  -0.994519 0.038704 -0.097133  0.032710 0.890910 0
0  1.466399 -2.326459 17.356335  -0.847930 -0.505515 -0.159595  0.071500 0.887060 0
0  1.397979 -2.500558 18.326313  -0.750045 -0.393386 -0.531677  0.074160 0.919420 0
stocking
0  1.466399 -2.326459 17.356335  -0.847930 -0.505515 -0.159595  0.071500 0.887060 0
0  1.097029 -1.232138 17.575890  -0.994519 0.038704 -0.097133  0.032710 0.890910 0
0  1.240036 -1.024161 16.379974  -0.996058 0.060992 -0.064410  0.031640 0.849600 0
stocking
0  1.240036 -1.024161 16.379974  -0.996058 0.060992 -0.064410  0.031640 0.849600 0
0  1.522551 -2.145877 16.229147  -0.860952 -0.494735 -0.118313  0.070220 0.849630 0
0  1.466399 -2.326459 17.356335  -0.847930 -0.505515 -0.159595  0.071500 0.887060 0
stocking
0  2.152748 -3.001438 17.309780  -0.560974 -0.806242 -0.187833  0.102110 0.886330 0
0  1.466399 -2.326459 17.356335  -0.847930 -0.505515 -0.159595  0.071500 0.887060 0
0  1.522551 -2.145877 16.229147  -0.860952 -0.494735 -0.118313  0.070220 0.849630 0
stocking
0  1.466399 -2.326459 17.356335  -0.847930 -0.505515 -0.159595  0.071500 0.887060 0
0  2.152748 -3.001438 17.309780  -0.560974 -0.806242 -0.187833  0.102110 0.886330 0
0  2.058572 -3.186932 18.276737  -0.489012 -0.656880 -0.573913  0.103880 0.917040 0
stocking
0  2.058572 -3.186932 18.276737  -0.489012 -0.656880 -0.573913  0.103880 0.917040 0
0  2.152748 -3.001438 17.309780  -0.560974 -0.806242 -0.187833  0.102110 0.886330 0
0  2.802110 -3.298098 17.310902  -0.109007 -0.974268 -0.197279  0.123970 0.885680 0
stocking
0  2.802110 -3.298098 17.310902  -0.109007 -0.974268 -0.197279  0.123970 0.885680 0
0  2.708665 -3.497588 18.275122  -0.063007 -0.793398 -0.605433  0.125210 0.915280 0
0  2.058572 -3.186932 18.276737  -0.489012 -0.656880 -0.573913  0.103880 0.917040 0
stocking
0  3.600098 -3.366499 18.448961  0.438669 -0.713236 -0.546684  0.151780 0.915950 0
0  2.708665 -3.497588 18.275122  -0.063007 -0.793398 -0.605433  0.125210 0.915280 0
0  2.802110 -3.298098 17.310902  -0.109007 -0.974268 -0.197279  0.123970 0.885680 0
stocking
0  2.058572 -3.186932 18.276737  -0.489012 -0.656880 -0.573913  0.103880 0.917040 0
0  1.397979 -2.500558 18.326313  -0.750045 -0.393386 -0.531677  0.074160 0.919420 0
0  1.466399 -2.326459 17.356335  -0.847930 -0.505515 -0.159595  0.071500 0.887060 0
stocking
0  2.066983 -2.144379 1.724450  -0.994611 -0.036245 0.097133  0.082260 0.347870 0
0  2.030978 -1.291116 1.754138  -0.990906 -0.133550 -0.016406  0.067210 0.373600 0
0  2.055621 -1.443885 1.343108  -0.955512 -0.069806 -0.286572  0.058060 0.361010 0
stocking
0  2.055621 -1.443885 1.343108  -0.955512 -0.069806 -0.286572  0.058060 0.361010 0
0  2.068027 -1.923834 1.323721  -0.946646 0.003120 -0.322260  0.066030 0.347270 0
0  2.066983 -2.144379 1.724450  -0.994611 -0.036245 0.097133  0.082260 0.347870 0
stocking
0  2.059519 -2.685617 1.672343  -0.975374 -0.053380 0.214001  0.087150 0.329390 0
0  2.066983 -2.144379 1.724450  -0.994611 -0.036245 0.097133  0.082260 0.347870 0
0  2.068027 -1.923834 1.323721  -0.946646 0.003120 -0.322260  0.066030 0.347270 0
stocking
0  2.068027 -1.923834 1.323721  -0.946646 0.003120 -0.322260  0.066030 0.347270 0
0  2.073910 -2.622514 1.298030  -0.966932 0.051508 -0.249778  0.074170 0.326320 0
0  2.059519 -2.685617 1.672343  -0.975374 -0.053380 0.214001  0.087150 0.329390 0
stocking
0  2.059519 -2.685617 1.672343  -0.975374 -0.053380 0.214001  0.087150 0.329390 0
0  2.073910 -2.622514 1.298030  -0.966932 0.051508 -0.249778  0.074170 0.326320 0
0  2.022797 -3.209223 1.269108  -0.985661 0.130214 -0.107320  0.078430 0.306300 0
stocking
0  2.061956 -3.729765 1.559245  -0.851709 0.009453 0.523929  0.092140 0.290140 0
0  2.074957 -3.215766 1.622392  -0.933715 -0.028408 0.356887  0.090850 0.310010 0
0  2.022797 -3.209223 1.269108  -0.985661 0.130214 -0.107320  0.078430 0.306300 0
stocking
0  2.022797 -3.209223 1.269108  -0.985661 0.130214 -0.107320  0.078430 0.306300 0
0  2.074957 -3.215766 1.622392  -0.933715 -0.028408 0.356887  0.090850 0.310010 0
0  2.059519 -2.685617 1.672343  -0.975374 -0.053380 0.214001  0.087150 0.329390 0
stocking
0  2.237051 -2.814478 2.033277  -0.843540 -0.201861 0.497687  0.102530 0.330770 0
0  2.059519 -2.685617 1.672343  -0.975374 -0.053380 0.214001  0.087150 0.329390 0
0  2.074957 -3.215766 1.622392  -0.933715 -0.028408 0.356887  0.090850 0.310010 0
stocking
0  2.066983 -2.144379 1.724450  -0.994611 -0.036245 0.097133  0.082260 0.347870 0
0  2.059519 -2.685617 1.672343  -0.975374 -0.053380 0.214001  0.087150 0.329390 0
0  2.237051 -2.814478 2.033277  -0.843540 -0.201861 0.497687  0.102530 0.330770 0
stocking
0  2.237051 -2.814478 2.033277  -0.843540 -0.201861 0.497687  0.102530 0.330770 0
0  2.202783 -2.438442 2.162814  -0.894464 -0.203083 0.398361  0.101590 0.346550 0
0  2.066983 -2.144379 1.724450  -0.994611 -0.036245 0.097133  0.082260 0.347870 0
stocking
0  2.066983 -2.144379 1.724450  -0.994611 -0.036245 0.097133  0.082260 0.347870 0
0  2.202783 -2.438442 2.162814  -0.894464 -0.203083 0.398361  0.101590 0.346550 0
0  2.170473 -2.094504 2.310573  -0.921087 -0.260138 0.289702  0.100530 0.361760 0
stocking
0  2.170473 -2.094504 2.310573  -0.921087 -0.260138 0.289702  0.100530 0.361760 0
0  2.030978 -1.291116 1.754138  -0.990906 -0.133550 -0.016406  0.067210 0.373600 0
0  2.066983 -2.144379 1.724450  -0.994611 -0.036245 0.097133  0.082260 0.347870 0
stocking
0  1.986222 -1.223417 2.168442  -0.976736 -0.214319 -0.007351  0.078170 0.384650 0
0  2.030978 -1.291116 1.754138  -0.990906 -0.133550 -0.016406  0.067210 0.373600 0
0  2.170473 -2.094504 2.310573  -0.921087 -0.260138 0.289702  0.100530 0.361760 0
stocking
0  1.942812 -0.749394 1.737287  -0.992649 -0.075042 -0.094959  0.056430 0.386940 0
0  2.030978 -1.291116 1.754138  -0.990906 -0.133550 -0.016406  0.067210 0.373600 0
0  1.986222 -1.223417 2.168442  -0.976736 -0.214319 -0.007351  0.078170 0.384650 0
stocking
0  2.074957 -3.215766 1.622392  -0.933715 -0.028408 0.356887  0.090850 0.310010 0
0  2.061956 -3.729765 1.559245  -0.851709 0.009453 0.523929  0.092140 0.290140 0
0  2.269408 -3.771267 1.804544  -0.664495 -0.140110 0.734041  0.103820 0.291600 0
stocking
0  2.269408 -3.771267 1.804544  -0.664495 -0.140110 0.734041  0.103820 0.291600 0
0  2.256559 -3.290166 1.897799  -0.764320 -0.181395 0.618798  0.103270 0.311000 0
0  2.074957 -3.215766 1.622392  -0.933715 -0.028408 0.356887  0.090850 0.310010 0
stocking
0  2.074957 -3.215766 1.622392  -0.933715 -0.028408 0.356887  0.090850 0.310010 0
0  2.256559 -3.290166 1.897799  -0.764320 -0.181395 0.618798  0.103270 0.311000 0
0  2.237051 -2.814478 2.033277  -0.843540 -0.201861 0.497687  0.102530 0.330770 0
stocking
0  2.487314 -2.994719 2.295969  -0.648819 -0.358806 0.671038  0.117690 0.328450 0
0  2.237051 -2.814478 2.033277  -0.843540 -0.201861 0.497687  0.102530 0.330770 0
0  2.256559 -3.290166 1.897799  -0.764320 -0.181395 0.618798  0.103270 0.311000 0
stocking
0  2.202783 -2.438442 2.162814  -0.894464 -0.203083 0.398361  0.101590 0.346550 0
0  2.237051 -2.814478 2.033277  -0.843540 -0.201861 0.497687  0.102530 0.330770 0
0  2.487314 -2.994719 2.295969  -0.648819 -0.358806 0.671038  0.117690 0.328450 0
stocking
0  2.487314 -2.994719 2.295969  -0.648819 -0.358806 0.671038  0.117690 0.328450 0
0  2.465101 -2.627968 2.463130  -0.697450 -0.352489 0.623951  0.118800 0.345850 0
0  2.202783 -2.438442 2.162814  -0.894464 -0.203083 0.398361  0.101590 0.346550 0
stocking
0  2.170473 -2.094504 2.310573  -0.921087 -0.260138 0.289702  0.100530 0.361760 0
0  2.202783 -2.438442 2.162814  -0.894464 -0.203083 0.398361  0.101590 0.346550 0
0  2.465101 -2.627968 2.463130  -0.697450 -0.352489 0.623951  0.118800 0.345850 0
stocking
0  2.465101 -2.627968 2.463130  -0.697450 -0.352489 0.623951  0.118800 0.345850 0
0  2.450445 -2.329258 2.613018  -0.717303 -0.405746 0.566434  0.119810 0.361340 0
0  2.170473 -2.094504 2.310573  -0.921087 -0.260138 0.289702  0.100530 0.361760 0
stocking
0  2.170473 -2.094504 2.310573  -0.921087 -0.260138 0.289702  0.100530 0.361760 0
0  2.450445 -2.329258 2.613018  -0.717303 -0.405746 0.566434  0.119810 0.361340 0
0  2.433456 -2.114240 2.785323  -0.718292 -0.519201 0.463127  0.121990 0.375230 0
stocking
0  2.805223 -2.321600 2.978848  0.021199 -0.698999 0.714809  0.141790 0.372950 0
0  3.143348 -2.124619 2.779584  0.717130 -0.473775 0.511138  0.160180 0.368990 0
0  3.158050 -1.906544 2.993881  0.711666 -0.562095 0.421404  0.164360 0.385290 0
stocking
0  3.143348 -2.124619 2.779584  0.717130 -0.473775 0.511138  0.160180 0.368990 0
0  2.805223 -2.321600 2.978848  0.021199 -0.698999 0.714809  0.141790 0.372950 0
0  2.807844 -2.517322 2.824069  0.014270 -0.566083 0.824224  0.138730 0.358480 0
stocking
0  2.450445 -2.329258 2.613018  -0.717303 -0.405746 0.566434  0.119810 0.361340 0
0  2.807844 -2.517322 2.824069  0.014270 -0.566083 0.824224  0.138730 0.358480 0
0  2.805223 -2.321600 2.978848  0.021199 -0.698999 0.714809  0.141790 0.372950 0
stocking
0  2.810781 -2.771127 2.670544  0.004994 -0.472194 0.881480  0.135780 0.343430 0
0  2.807844 -2.517322 2.824069  0.014270 -0.566083 0.824224  0.138730 0.358480 0
0  2.450445 -2.329258 2.613018  -0.717303 -0.405746 0.566434  0.119810 0.361340 0
stocking
0  2.450445 -2.329258 2.613018  -0.717303 -0.405746 0.566434  0.119810 0.361340 0
0  2.465101 -2.627968 2.463130  -0.697450 -0.352489 0.623951  0.118800 0.345850 0
0  2.810781 -2.771127 2.670544  0.004994 -0.472194 0.881480  0.135780 0.343430 0
stocking
0  2.838550 -3.129698 2.462592  0.005122 -0.434539 0.900638  0.133020 0.325120 0
0  2.810781 -2.771127 2.670544  0.004994 -0.472194 0.881480  0.135780 0.343430 0
0  2.465101 -2.627968 2.463130  -0.697450 -0.352489 0.623951  0.118800 0.345850 0
stocking
0  2.465101 -2.627968 2.463130  -0.697450 -0.352489 0.623951  0.118800 0.345850 0
0  2.487314 -2.994719 2.295969  -0.648819 -0.358806 0.671038  0.117690 0.328450 0
0  2.838550 -3.129698 2.462592  0.005122 -0.434539 0.900638  0.133020 0.325120 0
stocking
0  2.838550 -3.129698 2.462592  0.005122 -0.434539 0.900638  0.133020 0.325120 0
0  2.487314 -2.994719 2.295969  -0.648819 -0.358806 0.671038  0.117690 0.328450 0
0  2.513053 -3.375531 2.111490  -0.550765 -0.335902 0.764086  0.116140 0.310700 0
stocking
0  2.256559 -3.290166 1.897799  -0.764320 -0.181395 0.618798  0.103270 0.311000 0
0  2.513053 -3.375531 2.111490  -0.550765 -0.335902 0.764086  0.116140 0.310700 0
0  2.487314 -2.994719 2.295969  -0.648819 -0.358806 0.671038  0.117690 0.328450 0
stocking
0  2.526938 -3.836267 1.963448  -0.407704 -0.277629 0.869885  0.115120 0.291250 0
0  2.513053 -3.375531 2.111490  -0.550765 -0.335902 0.764086  0.116140 0.310700 0
0  2.256559 -3.290166 1.897799  -0.764320 -0.181395 0.618798  0.103270 0.311000 0
stocking
0  2.256559 -3.290166 1.897799  -0.764320 -0.181395 0.618798  0.103270 0.311000 0
0  2.269408 -3.771267 1.804544  -0.664495 -0.140110 0.734041  0.103820 0.291600 0
0  2.526938 -3.836267 1.963448  -0.407704 -0.277629 0.869885  0.115120 0.291250 0
stocking
0  1.938604 0.314865 6.628565  -0.898565 0.437695 -0.031704  0.320770 0.535320 0
0  1.750619 0.269102 9.160940  -0.898567 0.437690 -0.031712  0.336580 0.618030 0
0  2.198847 0.876168 9.505722  -0.523524 0.851283 -0.035216  0.313830 0.632660 0
stocking
0  3.099736 1.181160 15.328857  0.051334 0.998248 0.029437  0.300910 0.811470 0
0  3.045607 1.169991 12.320566  0.072110 0.997038 -0.026731  0.296820 0.723280 0
0  2.196275 0.885157 12.025689  -0.583612 0.812032 0.000226  0.323020 0.711640 0
stocking
0  2.198847 0.876168 9.505722  -0.523524 0.851283 -0.035216  0.313830 0.632660 0
0  2.196275 0.885157 12.025689  -0.583612 0.812032 0.000226  0.323020 0.711640 0
0  3.045607 1.169991 12.320566  0.072110 0.997038 -0.026731  0.296820 0.723280 0
stocking
0  1.691629 0.178664 11.729146  -0.898568 0.437688 -0.031702  0.349200 0.699560 0
0  2.196275 0.885157 12.025689  -0.583612 0.812032 0.000226  0.323020 0.711640 0
0  2.198847 0.876168 9.505722  -0.523524 0.851283 -0.035216  0.313830 0.632660 0
stocking
0  2.198847 0.876168 9.505722  -0.523524 0.851283 -0.035216  0.313830 0.632660 0
0  1.750619 0.269102 9.160940  -0.898567 0.437690 -0.031712  0.336580 0.618030 0
0  1.691629 0.178664 11.729146  -0.898568 0.437688 -0.031702  0.349200 0.699560 0
stocking
0  1.486626 -0.650154 11.507507  -0.996057 0.060994 -0.064426  0.375940 0.689920 0
0  1.691629 0.178664 11.729146  -0.898568 0.437688 -0.031702  0.349200 0.699560 0
0  1.750619 0.269102 9.160940  -0.898567 0.437690 -0.031712  0.336580 0.618030 0
stocking
0  1.750619 0.269102 9.160940  -0.898567 0.437690 -0.031712  0.336580 0.618030 0
0  1.621844 -0.510464 8.979891  -0.996058 0.060996 -0.064411  0.361240 0.608290 0
0  1.486626 -0.650154 11.507507  -0.996057 0.060994 -0.064426  0.375940 0.689920 0
stocking
0  1.621844 -0.510464 8.979891  -0.996058 0.060996 -0.064411  0.361240 0.608290 0
0  1.750619 0.269102 9.160940  -0.898567 0.437690 -0.031712  0.336580 0.618030 0
0  1.938604 0.314865 6.628565  -0.898565 0.437695 -0.031704  0.320770 0.535320 0
stocking
0  1.938604 0.314865 6.628565  -0.898565 0.437695 -0.031704  0.320770 0.535320 0
0  1.785879 -0.449688 6.628071  -0.994523 0.038717 -0.097084  0.347540 0.532360 0
0  1.621844 -0.510464 8.979891  -0.996058 0.060996 -0.064411  0.361240 0.608290 0
stocking
0  1.967271 -0.429138 4.019652  -0.996056 0.061006 -0.064426  0.338240 0.441370 0
0  1.785879 -0.449688 6.628071  -0.994523 0.038717 -0.097084  0.347540 0.532360 0
0  1.938604 0.314865 6.628565  -0.898565 0.437695 -0.031704  0.320770 0.535320 0
stocking
0  1.938604 0.314865 6.628565  -0.898565 0.437695 -0.031704  0.320770 0.535320 0
0  2.140559 0.359569 4.055441  -0.898556 0.437711 -0.031732  0.310730 0.445860 0
0  1.967271 -0.429138 4.019652  -0.996056 0.061006 -0.064426  0.338240 0.441370 0
stocking
0  1.967271 -0.429138 4.019652  -0.996056 0.061006 -0.064426  0.338240 0.441370 0
0  2.140559 0.359569 4.055441  -0.898556 0.437711 -0.031732  0.310730 0.445860 0
0  2.052540 -0.016466 3.390752  -0.970845 0.238520 -0.023819  0.325340 0.426580 0
stocking
0  2.028086 -0.325910 3.382219  -0.995650 0.086253 -0.035232  0.335540 0.427370 0
0  1.967271 -0.429138 4.019652  -0.996056 0.061006 -0.064426  0.338240 0.441370 0
0  2.052540 -0.016466 3.390752  -0.970845 0.238520 -0.023819  0.325340 0.426580 0
stocking
0  3.045607 1.169991 12.320566  0.072110 0.997038 -0.026731  0.296820 0.723280 0
0  2.939612 0.982245 9.717911  0.105621 0.992781 -0.056831  0.290740 0.642510 0
0  2.198847 0.876168 9.505722  -0.523524 0.851283 -0.035216  0.313830 0.632660 0
stocking
0  3.660072 0.705736 9.771038  0.563876 0.822175 -0.077923  0.266150 0.647060 0
0  2.939612 0.982245 9.717911  0.105621 0.992781 -0.056831  0.290740 0.642510 0
0  3.045607 1.169991 12.320566  0.072110 0.997038 -0.026731  0.296820 0.723280 0
stocking
0  2.812773 0.830428 6.629687  0.105622 0.992781 -0.056834  0.283210 0.539090 0
0  2.939612 0.982245 9.717911  0.105621 0.992781 -0.056831  0.290740 0.642510 0
0  3.660072 0.705736 9.771038  0.563876 0.822175 -0.077923  0.266150 0.647060 0
stocking
0  2.198847 0.876168 9.505722  -0.523524 0.851283 -0.035216  0.313830 0.632660 0
0  2.939612 0.982245 9.717911  0.105621 0.992781 -0.056831  0.290740 0.642510 0
0  2.812773 0.830428 6.629687  0.105622 0.992781 -0.056834  0.283210 0.539090 0
stocking
0  2.812773 0.830428 6.629687  0.105622 0.992781 -0.056834  0.283210 0.539090 0
0  2.304214 0.732818 6.629505  -0.523522 0.851284 -0.035218  0.301480 0.537390 0
0  2.198847 0.876168 9.505722  -0.523524 0.851283 -0.035216  0.313830 0.632660 0
stocking
0  2.198847 0.876168 9.505722  -0.523524 0.851283 -0.035216  0.313830 0.632660 0
0  2.304214 0.732818 6.629505  -0.523522 0.851284 -0.035218  0.301480 0.537390 0
0  1.938604 0.314865 6.628565  -0.898565 0.437695 -0.031704  0.320770 0.535320 0
stocking
0  2.140559 0.359569 4.055441  -0.898556 0.437711 -0.031732  0.310730 0.445860 0
0  1.938604 0.314865 6.628565  -0.898565 0.437695 -0.031704  0.320770 0.535320 0
0  2.304214 0.732818 6.629505  -0.523522 0.851284 -0.035218  0.301480 0.537390 0
stocking
0  2.078605 0.143063 2.232972  -0.961397 0.254255 0.105219  0.333510 0.403150 0
0  2.018575 0.198640 1.811388  -0.978250 0.189455 0.084460  0.339340 0.393590 0
0  1.927783 -0.183481 1.776974  -0.994354 0.105929 -0.006287  0.349220 0.401730 0
stocking
0  1.927783 -0.183481 1.776974  -0.994354 0.105929 -0.006287  0.349220 0.401730 0
0  1.961192 -0.217886 2.199005  -0.978257 0.189429 0.084437  0.342130 0.409720 0
0  2.078605 0.143063 2.232972  -0.961397 0.254255 0.105219  0.333510 0.403150 0
stocking
0  2.074742 0.066567 2.807509  -0.965200 0.257250 0.047035  0.327970 0.414990 0
0  2.078605 0.143063 2.232972  -0.961397 0.254255 0.105219  0.333510 0.403150 0
0  1.961192 -0.217886 2.199005  -0.978257 0.189429 0.084437  0.342130 0.409720 0
stocking
0  1.961192 -0.217886 2.199005  -0.978257 0.189429 0.084437  0.342130 0.409720 0
0  2.004369 -0.269428 2.778282  -0.985639 0.155598 0.065619  0.336450 0.417430 0
0  2.074742 0.066567 2.807509  -0.965200 0.257250 0.047035  0.327970 0.414990 0
stocking
0  2.074742 0.066567 2.807509  -0.965200 0.257250 0.047035  0.327970 0.414990 0
0  2.004369 -0.269428 2.778282  -0.985639 0.155598 0.065619  0.336450 0.417430 0
0  2.028086 -0.325910 3.382219  -0.995650 0.086253 -0.035232  0.335540 0.427370 0
stocking
0  2.028086 -0.325910 3.382219  -0.995650 0.086253 -0.035232  0.335540 0.427370 0
0  2.052540 -0.016466 3.390752  -0.970845 0.238520 -0.023819  0.325340 0.426580 0
0  2.074742 0.066567 2.807509  -0.965200 0.257250 0.047035  0.327970 0.414990 0
stocking
0  2.074742 0.066567 2.807509  -0.965200 0.257250 0.047035  0.327970 0.414990 0
0  2.052540 -0.016466 3.390752  -0.970845 0.238520 -0.023819  0.325340 0.426580 0
0  2.215648 0.376410 3.431339  -0.891612 0.452799 -0.000953  0.312840 0.426890 0
stocking
0  2.140559 0.359569 4.055441  -0.898556 0.437711 -0.031732  0.310730 0.445860 0
0  2.215648 0.376410 3.431339  -0.891612 0.452799 -0.000953  0.312840 0.426890 0
0  2.052540 -0.016466 3.390752  -0.970845 0.238520 -0.023819  0.325340 0.426580 0
stocking
0  2.215648 0.376410 3.431339  -0.891612 0.452799 -0.000953  0.312840 0.426890 0
0  2.140559 0.359569 4.055441  -0.898556 0.437711 -0.031732  0.310730 0.445860 0
0  2.409714 0.676897 4.063603  -0.611555 0.791188 -0.004664  0.296170 0.446240 0
stocking
0  2.304214 0.732818 6.629505  -0.523522 0.851284 -0.035218  0.301480 0.537390 0
0  2.409714 0.676897 4.063603  -0.611555 0.791188 -0.004664  0.296170 0.446240 0
0  2.140559 0.359569 4.055441  -0.898556 0.437711 -0.031732  0.310730 0.445860 0
stocking
0  2.736065 0.844951 4.068894  0.051325 0.998248 0.029459  0.282960 0.446270 0
0  2.409714 0.676897 4.063603  -0.611555 0.791188 -0.004664  0.296170 0.446240 0
0  2.304214 0.732818 6.629505  -0.523522 0.851284 -0.035218  0.301480 0.537390 0
stocking
0  2.304214 0.732818 6.629505  -0.523522 0.851284 -0.035218  0.301480 0.537390 0
0  2.812773 0.830428 6.629687  0.105622 0.992781 -0.056834  0.283210 0.539090 0
0  2.736065 0.844951 4.068894  0.051325 0.998248 0.029459  0.282960 0.446270 0
stocking
0  2.736065 0.844951 4.068894  0.051325 0.998248 0.029459  0.282960 0.446270 0
0  2.812773 0.830428 6.629687  0.105622 0.992781 -0.056834  0.283210 0.539090 0
0  3.314112 0.601988 6.628486  0.563897 0.822163 -0.077898  0.263770 0.540720 0
stocking
0  3.660072 0.705736 9.771038  0.563876 0.822175 -0.077923  0.266150 0.647060 0
0  3.314112 0.601988 6.628486  0.563897 0.822163 -0.077898  0.263770 0.540720 0
0  2.812773 0.830428 6.629687  0.105622 0.992781 -0.056834  0.283210 0.539090 0
stocking
0  3.749814 0.158016 6.626197  0.881409 0.466861 -0.071826  0.241690 0.542320 0
0  3.314112 0.601988 6.628486  0.563897 0.822163 -0.077898  0.263770 0.540720 0
0  3.660072 0.705736 9.771038  0.563876 0.822175 -0.077923  0.266150 0.647060 0
stocking
0  3.660072 0.705736 9.771038  0.563876 0.822175 -0.077923  0.266150 0.647060 0
0  4.282253 0.081568 9.766930  0.884611 0.450978 -0.118668  0.237880 0.649910 0
0  3.749814 0.158016 6.626197  0.881409 0.466861 -0.071826  0.241690 0.542320 0
stocking
0  3.902368 -0.636834 6.625231  0.991218 -0.045639 -0.124112  0.212870 0.543010 0
0  3.749814 0.158016 6.626197  0.881409 0.466861 -0.071826  0.241690 0.542320 0
0  4.282253 0.081568 9.766930  0.884611 0.450978 -0.118668  0.237880 0.649910 0
stocking
0  2.190072 0.600473 2.283142  -0.925266 0.356408 0.129829  0.321520 0.396820 0
0  2.142823 0.661110 1.853969  -0.925249 0.356480 0.129756  0.326850 0.385600 0
0  2.018575 0.198640 1.811388  -0.978250 0.189455 0.084460  0.339340 0.393590 0
stocking
0  2.142823 0.661110 1.853969  -0.925249 0.356480 0.129756  0.326850 0.385600 0
0  2.190072 0.600473 2.283142  -0.925266 0.356408 0.129829  0.321520 0.396820 0
0  2.421252 1.055767 2.311232  -0.733999 0.661379 0.154350  0.307980 0.390100 0
stocking
0  2.447402 0.910394 2.857892  -0.736178 0.650245 0.187680  0.303260 0.406000 0
0  2.421252 1.055767 2.311232  -0.733999 0.661379 0.154350  0.307980 0.390100 0
0  2.190072 0.600473 2.283142  -0.925266 0.356408 0.129829  0.321520 0.396820 0
stocking
0  2.712737 1.239323 2.318075  0.021496 0.987463 0.156381  0.298630 0.386160 0
0  2.421252 1.055767 2.311232  -0.733999 0.661379 0.154350  0.307980 0.390100 0
0  2.447402 0.910394 2.857892  -0.736178 0.650245 0.187680  0.303260 0.406000 0
end
